,Cluster_id,Confidence
AAACCTGAGATGTTAG,10,0.5806406277821518
AAACCTGCATCGATTG,10,0.5134435337479838
AAACCTGGTAGGGTAC,10,0.7512290249633442
AAACCTGGTGCCTTGG,9,0.9310057379084028
AAACCTGGTTGGAGGT,10,0.6129305200678712
AAACCTGTCGAGAGCA,9,0.8821487296781446
AAACGGGAGAAAGTGG,9,0.911016212782128
AAACGGGAGGAGCGTT,0,0.9448946297061082
AAACGGGAGTGTACTC,9,0.934777871434253
AAACGGGCATGCAATC,9,0.9358747636896098
AAAGATGAGAAACGAG,9,0.999999666004529
AAAGATGAGATATACG,10,0.6875332341998868
AAAGATGAGTTTGCGT,9,0.9999999988412166
AAAGATGCAAGCGCTC,9,0.9002819676564563
AAAGATGCACTACAGT,9,0.9999998978157048
AAAGATGCATTCACTT,9,0.9798422005368154
AAAGATGGTAAGTAGT,9,0.9708662133654103
AAAGATGGTCCAGTTA,9,0.9336799993617371
AAAGATGGTTCCATGA,9,0.9309433844065486
AAAGATGGTTCCGGCA,9,0.9999999954105646
AAAGATGGTTGGGACA,9,0.9338282525885011
AAAGATGTCGGCCGAT,9,0.9999999998081089
AAAGATGTCGTCTGAA,9,0.9321099243126705
AAAGATGTCTAACTGG,9,0.926473471922102
AAAGCAAAGACGACGT,9,0.9360147369091212
AAAGCAAAGCAGCGTA,9,0.998538723870511
AAAGCAAAGGGTGTTG,9,0.9312879653144212
AAAGCAAAGTCATGCT,9,0.9077028671983023
AAAGCAACATAGGATA,9,0.917772557029024
AAAGCAAGTTACGTCA,9,0.928365990101439
AAAGCAAGTTTAAGCC,9,0.932561513995137
AAAGCAAGTTTGACTG,9,0.9358523509983095
AAAGCAATCTCTAGGA,9,0.9344981442570983
AAAGTAGAGTACGTAA,9,0.8620955408090216
AAAGTAGAGTGAAGTT,9,0.9354472856080985
AAAGTAGCAATGAATG,9,0.9243330723820259
AAAGTAGGTATTAGCC,9,0.9354472852443251
AAAGTAGGTCATGCAT,9,0.9141391538919904
AAAGTAGGTGTTCGAT,9,0.9170109187212244
AAAGTAGTCCGTCAAA,10,0.6285948617724718
AAAGTAGTCGGAGCAA,9,0.896177026136508
AAATGCCAGAAACGAG,9,0.9221011601780236
AAATGCCAGACTACAA,9,0.9336187035286244
AAATGCCAGCTAACAA,9,0.9122266907210521
AAATGCCAGTGTCCAT,9,0.9999976098306376
AAATGCCCAACACCTA,9,0.9105976916657037
AAATGCCCACAAGCCC,9,0.900281967221321
AAATGCCCAGATGGCA,9,0.9118466875510458
AAATGCCGTCTAAAGA,9,0.8589924799967602
AAATGCCGTTAGAACA,10,0.6550436570271203
AAATGCCGTTCATGGT,9,0.9972852641767628
AAATGCCTCAAGGTAA,9,0.8452738859794017
AAATGCCTCAGGCGAA,10,0.7396366242584851
AACACGTAGAAGGTTT,10,0.6090256838092757
AACACGTAGATCCTGT,9,0.9932946695252854
AACACGTAGGTAGCCA,9,0.9999920781157126
AACACGTCATAAGACA,9,0.933586325362836
AACACGTTCAACCATG,9,0.9338276089003706
AACACGTTCACGGTTA,9,0.9325481486961342
AACCATGAGAATGTGT,10,0.7943634135203591
AACCATGAGAGTCTGG,9,0.9336187033924623
AACCATGCAGGTGCCT,9,0.9897955554419291
AACCATGCAGTATAAG,9,0.9999999955350801
AACCATGCAGTGAGTG,9,0.9351834076874863
AACCATGGTACAAGTA,9,0.8516687953062748
AACCATGGTACCCAAT,9,0.9281975893733924
AACCATGGTCAATACC,9,0.976712796246302
AACCATGGTGTGAATA,10,0.7943625413554182
AACCATGTCACTCTTA,10,0.5476376675722268
AACCATGTCGAGGTAG,9,0.9334016500726773
AACCATGTCGCAGGCT,9,0.9336185529289631
AACCATGTCGCGTAGC,9,0.9315109172689822
AACCATGTCTTCGGTC,9,0.9289335223385812
AACCGCGAGGGCACTA,10,0.7943628072721054
AACCGCGAGTTTGCGT,10,0.4857955689767511
AACCGCGCAGCGAACA,9,0.9295038419542723
AACCGCGCATATACGC,9,0.9325615077158669
AACCGCGCATCCCATC,9,0.9105979979891041
AACCGCGGTCGGGTCT,9,0.8272828045589941
AACCGCGTCAGAGGTG,9,0.9358523482437221
AACCGCGTCCCAGGTG,9,0.9235027258974567
AACCGCGTCCTAGTGA,9,0.928933520932899
AACCGCGTCGACGGAA,9,0.9999990076629038
AACCGCGTCTGTACGA,9,0.9332633175481422
AACGTTGAGATCCTGT,0,0.9886651535904066
AACGTTGAGCCTATGT,9,0.9170109155785692
AACGTTGAGTGTCCAT,9,0.9344981366687503
AACGTTGCAAACCTAC,9,0.9999889392674634
AACGTTGCAAGGGTCA,9,0.9360147746984756
AACGTTGCAAGTTCTG,9,0.9156757356352593
AACGTTGCAGGGATTG,9,0.9156756397757548
AACGTTGGTGTAAGTA,10,0.5010187177019353
AACGTTGGTTATGTGC,9,0.9309445286952975
AACGTTGTCGTTGCCT,9,0.9999999804718525
AACTCAGAGCGTCAAG,10,0.7301552910241693
AACTCAGCAACACCCG,9,0.9999993977912149
AACTCAGCAAGGCTCC,9,0.9235027258052964
AACTCAGCACCAGGTC,10,0.5553158660758747
AACTCAGCAGGATTGG,9,0.9358523513818
AACTCAGCATCGATGT,9,0.8961770248179234
AACTCAGCATGGATGG,9,0.8709292941694708
AACTCAGGTCAGAGGT,9,0.9041203936168645
AACTCAGTCAAACCGT,9,0.9998963714000965
AACTCAGTCCACGTTC,9,0.934780470951013
AACTCCCAGGCTAGCA,9,0.9355548977884467
AACTCCCAGTCAATAG,9,0.9998684998813497
AACTCCCCAAACTGTC,10,0.5037047081265589
AACTCCCCAAGTACCT,9,0.9999999999047743
AACTCCCCAATGACCT,9,0.9338282530343981
AACTCCCCACATTAGC,9,0.9354313249805821
AACTCCCCACTGTCGG,9,0.9360123069368458
AACTCCCCAGGCTCAC,9,0.9002819674222835
AACTCCCGTCTAGCCG,9,0.919936222367325
AACTCCCGTGACTACT,9,0.8594397363528146
AACTCCCGTGTCGCTG,9,0.926474849478117
AACTCCCGTTCCACTC,9,0.9170109171335598
AACTCCCGTTTGGGCC,9,0.9360147751194549
AACTCCCTCACGCATA,10,0.5969483304464687
AACTCCCTCCTAGTGA,9,0.9156757313885033
AACTCCCTCTACCAGA,9,0.928933521599668
AACTCCCTCTCATTCA,10,0.5189779585195364
AACTCCCTCTTAGAGC,9,0.9325615132702123
AACTCTTAGACGCACA,9,0.9356263450958799
AACTCTTAGAGTCGGT,10,0.7012344712721742
AACTCTTAGCGCTTAT,10,0.5552790598068171
AACTCTTAGCGGCTTC,9,0.9999999913608544
AACTCTTAGCTAGGCA,9,0.9281975869135014
AACTCTTAGTGTCCAT,9,0.9999999995199667
AACTCTTCACGTCTCT,9,0.9351834020574122
AACTCTTCAGACTCGC,9,0.8589925120236969
AACTCTTGTCAATACC,10,0.7187734210700105
AACTCTTTCAAGAAGT,0,0.9448946297061082
AACTCTTTCCTTCAAT,9,0.9264748462967634
AACTCTTTCGCGTTTC,9,0.934498144296416
AACTCTTTCGTAGATC,9,0.9198979358196941
AACTGGTAGAGCAATT,9,0.9994718064859263
AACTGGTAGAGCCTAG,9,0.913905273238637
AACTGGTAGCTATGCT,9,0.9997626025393349
AACTGGTCAAGTAATG,9,0.9126775765302778
AACTGGTCACACATGT,9,0.9263637141685126
AACTGGTCAGATGAGC,9,0.9110393460809914
AACTGGTGTACCTACA,9,0.9294520979861319
AACTGGTGTGCAACGA,9,0.9059994627123534
AACTGGTGTTAAAGAC,9,0.9999999995982913
AACTGGTTCACTTATC,9,0.933828248181963
AACTTTCAGTACATGA,10,0.6734009484303468
AACTTTCAGTAGCGGT,9,0.9264748555306671
AACTTTCAGTCCAGGA,9,0.999999995299292
AACTTTCCAGTACACT,9,0.9999999982356816
AACTTTCCATGTCGAT,10,0.5384420248556671
AACTTTCGTGGTCCGT,10,0.7002535007797995
AACTTTCGTGGTTTCA,9,0.9347804643323436
AACTTTCGTGTGAATA,9,0.8761902679408808
AACTTTCGTTAGATGA,9,0.902097535639821
AACTTTCGTTGAACTC,9,0.85739585658128
AACTTTCTCTGCGGCA,9,0.9290838856776616
AAGACCTAGCATGGCA,9,0.9999999991339177
AAGACCTAGTCCGTAT,9,0.932561510286075
AAGACCTAGTGGCACA,9,0.8712497264283248
AAGACCTCAAGACGTG,9,0.9347759537575293
AAGACCTCAAGAGTCG,9,0.9235027258810627
AAGACCTCAGTTCCCT,9,0.9336186425812201
AAGACCTCATCACAAC,9,0.999999999824184
AAGACCTGTGTGTGCC,10,0.5553187080112627
AAGACCTGTTGCGTTA,9,0.9292762702306072
AAGCCGCAGAGCTTCT,9,0.9999999957636152
AAGCCGCAGCACGCCT,10,0.5016782222698312
AAGCCGCAGCGATATA,9,0.9199362453712606
AAGCCGCAGCGGATCA,10,0.6390633874902166
AAGCCGCAGCGTTTAC,9,0.9999999239055016
AAGCCGCAGGTTACCT,9,0.9281975874230992
AAGCCGCCACCCAGTG,9,0.9347803438100276
AAGCCGCGTGTAAGTA,9,0.9041203834661471
AAGCCGCTCCAATGGT,0,0.9434188848013179
AAGCCGCTCCCGACTT,9,0.9999999785532732
AAGGAGCAGGCTCAGA,10,0.7272949355234357
AAGGAGCCACTCGACG,9,0.9014039083207045
AAGGAGCGTAGCACGA,9,0.9241946083336324
AAGGAGCGTGCACCAC,10,0.5488047669973507
AAGGAGCGTGGCTCCA,9,0.999998502088851
AAGGAGCGTTGTTTGG,9,0.9196625443960039
AAGGAGCTCAACGAAA,9,0.93478046958089
AAGGAGCTCCAGGGCT,9,0.9330259178713693
AAGGAGCTCTCAAGTG,10,0.5607381522652014
AAGGCAGAGACTTTCG,9,0.8917937707935021
AAGGCAGAGAGCCCAA,9,0.9988880651128224
AAGGCAGAGCGATTCT,9,0.9999999894532197
AAGGCAGAGGGTGTGT,9,0.8739135363556895
AAGGCAGAGTTAACGA,10,0.6872921634071681
AAGGCAGCACACTGCG,9,0.9325480600605689
AAGGCAGCAGTAAGAT,10,0.5030397901613418
AAGGCAGGTAAATGAC,9,0.8130496153973683
AAGGCAGGTAGTAGTA,9,0.9821218557646522
AAGGCAGGTATCGCAT,9,0.9198819384938404
AAGGCAGGTCCGCTGA,10,0.5031607009977237
AAGGCAGGTGCAGGTA,9,0.9351834019632493
AAGGCAGTCAACACGT,10,0.5527951474632687
AAGGCAGTCTCGATGA,9,0.9309445282334762
AAGGCAGTCTGCGTAA,9,0.9999999991961128
AAGGCAGTCTGGTGTA,9,0.999905027986435
AAGGCAGTCTGTCAAG,9,0.9289335219289229
AAGGCAGTCTTCTGGC,9,0.9999999999027571
AAGGTTCAGTATCTCG,0,0.9886651535904066
AAGGTTCAGTGAAGTT,9,0.9281975894015981
AAGGTTCAGTTAGCGG,9,0.9344684026660063
AAGGTTCCAATGGAAT,9,0.999999977316654
AAGGTTCCACCGCTAG,9,0.9341126403122574
AAGGTTCGTCTAGTCA,9,0.9351834086884779
AAGGTTCTCCGTAGGC,9,0.9968437681352921
AAGGTTCTCGCCATAA,9,0.9156713107989508
AAGGTTCTCTTCCTTC,9,0.9221010799208716
AAGTCTGAGAGGACGG,9,0.9235027261905222
AAGTCTGAGAGGTACC,9,0.932561513673962
AAGTCTGAGGAGTACC,9,0.9264748512742997
AAGTCTGCACGCATCG,9,0.9077028456266314
AAGTCTGCACGGCGTT,9,0.9290835382357484
AAGTCTGCATTATCTC,9,0.911574798577441
AAGTCTGGTCAAACTC,9,0.9999999968558222
AAGTCTGGTGTGAATA,9,0.869799976686832
AAGTCTGTCGAGAGCA,9,0.901279323340021
AATCCAGAGAATGTTG,9,0.8949795586187832
AATCCAGAGTGGACGT,9,0.9344981442116874
AATCCAGAGTTAGGTA,10,0.7843442461047583
AATCCAGTCAACGAAA,9,0.9002819676663794
AATCCAGTCCATTCTA,9,0.9243330344187206
AATCCAGTCCTAGGGC,9,0.9220763115983074
AATCGGTAGATGAGAG,9,0.9855128239767402
AATCGGTAGCGCCTCA,9,0.930993398325588
AATCGGTAGGCGCTCT,9,0.9354472854243046
AATCGGTAGTGCGATG,9,0.9075947753081426
AATCGGTCAAAGTCAA,9,0.9156757355628394
AATCGGTCAACTGCGC,9,0.9997290028879153
AATCGGTCACACCGAC,9,0.8841163895215479
AATCGGTCATCCGCGA,9,0.9263637145892989
AATCGGTCATCTATGG,9,0.9999999981049428
AATCGGTGTCGCGTGT,9,0.9289335223471821
AATCGGTGTGTAAGTA,9,0.9309445287498255
ACACCAACAAGGACAC,9,0.9360147751601184
ACACCAACAAGTTCTG,9,0.9558902183328494
ACACCAACATCTACGA,9,0.9336187029152071
ACACCAAGTCCATGAT,9,0.9141391529071414
ACACCAAGTCTGGTCG,9,0.9833349024735479
ACACCAAGTGTGACCC,9,0.9170109191618446
ACACCAAGTTACCAGT,9,0.9347804596559323
ACACCAAGTTCATGGT,9,0.9344981442058989
ACACCAATCGCGGATC,10,0.5410685671155607
ACACCAATCTCTGCTG,9,0.9281975777496476
ACACCCTAGACAATAC,9,0.9347804707057128
ACACCCTAGCTAGTTC,9,0.9196625436357087
ACACCCTAGTATTGGA,9,0.999997155757786
ACACCCTCAAGTTAAG,9,0.9351212503018644
ACACCCTCACAGGAGT,9,0.9336187029703599
ACACCCTCACTTGGAT,9,0.8594537443380474
ACACCCTCAGCTTAAC,9,0.9351834082882308
ACACCCTCAGTTCATG,0,0.9885336583799726
ACACCCTGTGTGACGA,9,0.9284645950152051
ACACCCTTCCAAACTG,10,0.5018024372476904
ACACCCTTCCTTGACC,9,0.9986353765463235
ACACCCTTCGCATGAT,9,0.9911293943625491
ACACCCTTCGTACGGC,9,0.9298382020737632
ACACCCTTCGTTTGCC,9,0.9999987292687762
ACACCGGAGACAAGCC,9,0.9360146738715718
ACACCGGAGCGATGAC,10,0.6061275874511499
ACACCGGAGCGTAGTG,9,0.9338282525596204
ACACCGGAGGAGTCTG,9,0.8452738704046946
ACACCGGGTATTACCG,9,0.9986353761199781
ACACCGGTCCGCTGTT,9,0.9358523517380827
ACACCGGTCCTATTCA,9,0.9986353673436015
ACACCGGTCGTACCGG,9,0.928933520925569
ACACCGGTCTTGTACT,9,0.9105979976708704
ACACTGAAGATATGGT,9,0.9297929116134718
ACACTGAAGATGTGGC,9,0.9999999996318955
ACACTGAAGTAGCGGT,9,0.9105979984474633
ACACTGACACAGTCGC,9,0.926474852908042
ACACTGACACCGCTAG,9,0.9360147751703417
ACACTGACAGCTCGCA,9,0.9351834083096082
ACACTGACAGTATCTG,10,0.2826541292562589
ACACTGACAGTGGAGT,9,0.9308967866494623
ACACTGAGTACCTACA,9,0.9351183561807237
ACACTGAGTATGAAAC,9,0.9325615140259712
ACACTGAGTCCGAAGA,9,0.9494188079138615
ACACTGAGTGAGGGTT,9,0.9077006756880307
ACACTGAGTGTCGCTG,9,0.9351834086492041
ACACTGATCACTTATC,9,0.8912640617128376
ACACTGATCCCTCTTT,10,0.7181608101219484
ACACTGATCCTTGGTC,10,0.6059145652061737
ACACTGATCGATAGAA,9,0.8679081950462374
ACACTGATCTGTCAAG,9,0.8821496034263148
ACACTGATCTGTCCGT,9,0.9289335206336847
ACACTGATCTTCGAGA,10,0.7164164294807731
ACAGCCGAGAGTTGGC,9,0.9354472308089457
ACAGCCGAGGATGGAA,9,0.9235027105653133
ACAGCCGAGTGCTGCC,9,0.9359498437023496
ACAGCCGCAGCGAACA,9,0.9298381924013543
ACAGCCGCAGTTCCCT,9,0.9281765354189292
ACAGCCGCATCTACGA,9,0.9344887665843207
ACAGCCGCATGCCTTC,9,0.9999999928214648
ACAGCCGGTAGAGGAA,9,0.9999993647542355
ACAGCCGTCTTGTTTG,9,0.9107120566835315
ACAGCTAAGACCACGA,9,0.882149603659032
ACAGCTAAGCAGATCG,9,0.8766077507701543
ACAGCTACAGTCGTGC,9,0.9156753378128042
ACAGCTACATCCGCGA,9,0.9999999960514984
ACAGCTAGTCCAGTTA,9,0.9156757351361836
ACAGCTAGTCCGTTAA,9,0.9999999980373538
ACAGCTATCAACGAAA,9,0.8917914298062811
ACAGCTATCCGTTGTC,9,0.9265709120130327
ACAGCTATCTGGTATG,9,0.9347798808337155
ACATACGAGTGAATTG,9,0.9199358888578584
ACATACGCAATGGAGC,9,0.9351831251602054
ACATACGCACTTCGAA,9,0.9170109190963599
ACATACGCAGTAACGG,9,0.9344981046729514
ACATACGCAGTAGAGC,9,0.9344981300435762
ACATACGCATCCCACT,9,0.9354472852981061
ACATACGGTATAGGGC,9,0.9356696206263748
ACATACGGTTCCACAA,9,0.9235027260100771
ACATCAGAGGAGCGAG,9,0.9325481570660614
ACATCAGAGTGGAGAA,5,0.9857427041565817
ACATCAGCAATCCAAC,9,0.8452738851204649
ACATCAGCAGCTATTG,0,0.9886702132738383
ACATCAGCAGTTCATG,9,0.9352920360993203
ACATCAGGTAGGGTAC,9,0.9347804674770253
ACATCAGGTCATACTG,9,0.8143279579079677
ACATCAGTCAAACCGT,10,0.6129311103194763
ACATCAGTCCTTAATC,9,0.8589925137693152
ACATCAGTCCTTGACC,9,0.9928931813298787
ACATCAGTCTCGTATT,9,0.9999999994929755
ACATCAGTCTCGTTTA,9,0.9937471836444616
ACATCAGTCTGAGGGA,9,0.9141391533758249
ACATGGTCACCGGAAA,9,0.9041203424556262
ACATGGTGTATCACCA,9,0.932548107566549
ACATGGTGTCTAGAGG,9,0.9281975418415611
ACATGGTGTGCAGACA,9,0.9312879748691321
ACCAGTAAGACAGAGA,9,0.9344981442249501
ACCAGTAAGCTGCCCA,9,0.9999636912771463
ACCAGTAAGGCAATTA,10,0.5641541193083018
ACCAGTAAGTGTGAAT,0,0.9869725651529134
ACCAGTACACCCATTC,9,0.935949843979004
ACCAGTACACGAAATA,9,0.9235027259850694
ACCAGTACACTGAAGG,9,0.9281975909520945
ACCAGTAGTAAGAGGA,9,0.9243330700082022
ACCAGTAGTTACGTCA,9,0.8299903382521643
ACCAGTATCCCTGACT,9,0.9356696200278237
ACCAGTATCGCAGGCT,9,0.9344981394731711
ACCAGTATCGCGCCAA,9,0.9298382037432881
ACCAGTATCTGGTTCC,9,0.9312353401170965
ACCCACTAGCCTCGTG,9,0.924332052783917
ACCCACTAGGGTTTCT,9,0.9260672831035057
ACCCACTCAACGATGG,10,0.6129311099622828
ACCCACTCACCAGTTA,9,0.9997775489367475
ACCCACTCACCCATGG,9,0.9170109179735116
ACCCACTCATCTATGG,9,0.9044546180749959
ACCCACTCATTCCTGC,9,0.8589923977504105
ACCCACTGTAAGTGTA,0,0.9885336583799726
ACCCACTGTAATTGGA,9,0.9999874855843777
ACCCACTGTGACTCAT,9,0.933828228140998
ACCCACTGTGATGCCC,9,0.9347804677467156
ACCCACTTCTCCAACC,9,0.9347804215565672
ACCGTAAAGAGGGCTT,9,0.9995381366727744
ACCGTAAAGGATGGTC,9,0.9190897200143201
ACCGTAAAGGTAGCTG,9,0.9999999654212941
ACCGTAACAAGACACG,9,0.9002819639699131
ACCGTAACACCGGAAA,9,0.9999999998988371
ACCGTAAGTATATCCG,9,0.9312879762585237
ACCGTAAGTCCATGAT,9,0.9990295149058397
ACCGTAAGTCTGATTG,10,0.6285948366430735
ACCGTAAGTTGAGTTC,9,0.9097665048292366
ACCGTAATCACTGGGC,10,0.6734001777558504
ACCGTAATCACTTACT,9,0.9325615140172572
ACCGTAATCAGGCCCA,9,0.9133070075072699
ACCGTAATCATAAAGG,9,0.922060926481931
ACCTTTAAGAGCAATT,10,0.5668840289619326
ACCTTTAAGCTGCAAG,9,0.9999661679567374
ACCTTTACAATTGCTG,9,0.932561514208989
ACCTTTACACATTAGC,9,0.9351834078330026
ACCTTTACATCACCCT,9,0.9264745518000251
ACCTTTACATTAGCCA,9,0.9289335170684011
ACCTTTAGTACGAAAT,9,0.9359498446440747
ACCTTTAGTCCTAGCG,9,0.906301134829387
ACCTTTAGTCGCATAT,9,0.9358523514345113
ACCTTTAGTGCTCTTC,9,0.9999824996896342
ACCTTTAGTGGTTTCA,9,0.931287948449334
ACCTTTAGTTGGAGGT,9,0.9347804707751461
ACCTTTATCGTTGACA,9,0.8805043567176051
ACGAGCCAGAAACCAT,9,0.9999866851728432
ACGAGCCAGACTAGGC,9,0.9336187023724486
ACGAGCCAGCGATCCC,9,0.9325615093771066
ACGAGCCGTACCGCTG,9,0.9968821638296836
ACGAGCCGTCATACTG,9,0.9151209612872903
ACGAGCCGTCATGCCG,9,0.996160658580401
ACGAGCCGTCCGTTAA,9,0.8926891916601118
ACGAGCCTCCCTCAGT,9,0.8527337476651451
ACGAGCCTCTTTACAC,9,0.9360147751111246
ACGAGGAAGACGACGT,9,0.9295061131061979
ACGAGGACAATGGATA,9,0.9221011604001568
ACGAGGACAGCTCCGA,9,0.9325481563271909
ACGAGGACAGGTGGAT,9,0.924333072308159
ACGAGGAGTAGCTGCC,9,0.9999971366404431
ACGAGGAGTCAATGTC,9,0.9221011230812445
ACGAGGAGTGTTCTTT,9,0.9243330704998005
ACGAGGATCACCTTAT,9,0.9338282528743999
ACGAGGATCACTATTC,9,0.9309445283726642
ACGAGGATCACTTACT,9,0.931287975504376
ACGAGGATCGGTTCGG,9,0.9325481557875605
ACGAGGATCTCTGAGA,9,0.93518340836098
ACGATACAGACAGGCT,9,0.9945617961640439
ACGATACAGCCACCTG,10,0.6385632275487816
ACGATACAGGTGCTTT,9,0.9243330720305334
ACGATACAGTGGACGT,9,0.9264748536008649
ACGATACCACACCGCA,9,0.9141391539158541
ACGATACCAGGCAGTA,9,0.9243330722436253
ACGATACGTAGAAAGG,9,0.8871226560648839
ACGATACGTCTCTCTG,9,0.9338282514958748
ACGATACGTTCTGTTT,9,0.9336121662527295
ACGATACTCAATCTCT,10,0.7515137873400415
ACGATACTCACATAGC,9,0.8871226662137885
ACGATACTCGATAGAA,9,0.999999999154672
ACGATACTCGTCTGAA,5,0.9450451021537234
ACGATACTCTAGCACA,9,0.9999999672586541
ACGATGTAGAATAGGG,10,0.2826541292562589
ACGATGTAGGACTGGT,9,0.9354472850012548
ACGATGTAGGAGTAGA,9,0.8573506614088701
ACGATGTAGTGTCTCA,9,0.915675735601791
ACGATGTCACGACGAA,9,0.9170108933822443
ACGATGTGTAGCCTCG,9,0.9325615136811247
ACGATGTGTCACTTCC,9,0.9045503163830048
ACGATGTGTCCTAGCG,10,0.5474147660765444
ACGATGTGTCGACTAT,9,0.994561932346999
ACGATGTGTTCCCGAG,9,0.8217336856996001
ACGATGTTCAGGCAAG,9,0.8652972872599886
ACGATGTTCATCGGAT,0,0.9885164389905662
ACGATGTTCGGAGCAA,9,0.9002819387525731
ACGATGTTCTACTCAT,9,0.9287872141517541
ACGCAGCAGCACAGGT,9,0.9220944075375754
ACGCAGCAGGATCGCA,10,0.7881823070467109
ACGCAGCAGTGTGGCA,10,0.5552788477188381
ACGCAGCCAGGCAGTA,9,0.9221011313166574
ACGCAGCCAGTATGCT,9,0.9958842865320878
ACGCAGCGTCATATCG,9,0.9356696190114229
ACGCAGCTCCCAAGAT,10,0.7159423362038478
ACGCAGCTCTACTTAC,9,0.9280344101758983
ACGCAGCTCTGATACG,9,0.9243330719752726
ACGCAGCTCTTGACGA,9,0.926363714717427
ACGCCAGAGCAACGGT,9,0.8917944589006093
ACGCCAGAGCTGATAA,9,0.9281975891175348
ACGCCAGAGGTCGGAT,9,0.9281975910113156
ACGCCAGCATCCCATC,10,0.7437954660357258
ACGCCAGCATTGGGCC,9,0.9325168154713412
ACGCCAGGTAAAGTCA,9,0.9358519889405634
ACGCCAGGTCGGGTCT,9,0.904120391183222
ACGCCAGTCTGCTGCT,9,0.9344981432151989
ACGCCGAAGACTAGAT,9,0.9999987381666257
ACGCCGAAGCCACGCT,9,0.9336187018356109
ACGCCGAAGGCTAGGT,9,0.933654901743197
ACGCCGACAAGCCTAT,9,0.9999998838596565
ACGCCGACAGATGGCA,10,0.4690415622552704
ACGCCGACAGCAGTTT,10,0.48251961916244934
ACGCCGACAGCTGTGC,9,0.8988089689104728
ACGCCGAGTTCCAACA,9,0.9354443563785342
ACGCCGATCAACGGGA,9,0.8986494752252546
ACGCCGATCAGGCCCA,10,0.7301437337398755
ACGCCGATCAGTTAGC,9,0.9134770948631039
ACGCCGATCGAGCCCA,9,0.9041203926827258
ACGCCGATCTGGTTCC,9,0.9359498360640762
ACGGAGAAGGACAGAA,9,0.8551865456418616
ACGGAGACACGCATCG,10,0.6150825714455078
ACGGAGAGTGATGATA,9,0.9221011602653745
ACGGAGAGTTGCGCAC,9,0.9359498444433446
ACGGAGAGTTTCCACC,10,0.5629869305906282
ACGGAGATCCACGACG,10,0.7211646732073361
ACGGAGATCCTAGTGA,9,0.9243330709485058
ACGGAGATCGTCCAGG,9,0.9220341208404381
ACGGAGATCTGAGTGT,9,0.9999531710609173
ACGGCCAAGATGTGGC,9,0.9635583898921981
ACGGCCAAGCATCATC,9,0.8217336863349459
ACGGCCACACGAAATA,10,0.5969483223836537
ACGGCCACACTTCGAA,0,0.9885214979129223
ACGGCCAGTGTGAATA,9,0.9558897125338739
ACGGCCAGTGTGACCC,9,0.8272828050132152
ACGGCCAGTGTTTGGT,9,0.9958780356340169
ACGGCCATCCCTCTTT,9,0.9263637136952185
ACGGCCATCGATGAGG,9,0.9290089361277151
ACGGCCATCTTAGCCC,9,0.9072191595211132
ACGGGCTAGGTGCTTT,9,0.9922881456505677
ACGGGCTAGTATCTCG,9,0.8768132976200332
ACGGGCTCAAGTACCT,9,0.9196624485198879
ACGGGCTCACCATGTA,9,0.9356687033176788
ACGGGCTCACCCATTC,9,0.8917944599815166
ACGGGCTGTCTAAAGA,9,0.9264744518796058
ACGGGCTGTCTCCACT,9,0.9999984814054433
ACGGGCTTCCGAGCCA,9,0.9323890854550827
ACGGGCTTCGCGCCAA,9,0.9874078006230241
ACGGGCTTCGCTTGTC,9,0.93256151428558
ACGGGCTTCTCACATT,10,0.5033033383480656
ACGGGCTTCTGTGCAA,9,0.8523223012556553
ACGGGTCAGCGAGAAA,9,0.9999996706680983
ACGGGTCAGCTACCGC,10,0.5381100121212119
ACGGGTCAGGCAAAGA,9,0.9229938321283804
ACGGGTCAGGCGCTCT,10,0.63906346835204
ACGGGTCAGTACGCCC,9,0.9358517461728558
ACGGGTCCATCCTTGC,9,0.9965238532885304
ACGGGTCCATGAACCT,10,0.555125677552281
ACGGGTCCATTCTTAC,9,0.9076121642979995
ACGGGTCGTATAGGTA,9,0.9354472854326272
ACGGGTCGTTGTCTTT,9,0.935949844530536
ACGGGTCTCCAAATGC,9,0.9263637150629817
ACGGGTCTCCCTTGTG,9,0.9999999995538329
ACGTCAAAGCTGATAA,9,0.8821496037447809
ACGTCAAAGGAATTAC,9,0.9264748517943157
ACGTCAAAGTTGCAGG,9,0.9354472833207257
ACGTCAACACATCTTT,9,0.9340845075573004
ACGTCAACATTTCAGG,9,0.9356696197835526
ACGTCAAGTGGTAACG,9,0.9358523501331403
ACGTCAAGTTTAGGAA,9,0.9999999995463752
ACGTCAATCGCGGATC,9,0.9615630875664222
ACTATCTAGCATGGCA,9,0.9312879759600018
ACTATCTAGCTCCTTC,10,0.6551274343854563
ACTATCTAGTACACCT,9,0.9298380994616144
ACTATCTCATCTCCCA,9,0.9999999807506869
ACTATCTGTACCGTAT,9,0.8272771612150083
ACTATCTGTAGCGATG,10,0.29432452973001977
ACTATCTTCGTCCAGG,9,0.8202823792191589
ACTGAACAGAGAACAG,9,0.8378344014768266
ACTGAACAGAGGTTGC,9,0.9325481561035365
ACTGAACAGCTCCTTC,9,0.9264748556528114
ACTGAACCAGCTCGCA,9,0.9356696198021567
ACTGAACCAGTTCATG,10,0.5552789139865881
ACTGAACGTCTACCTC,10,0.7572561005814693
ACTGAACGTTCCTCCA,9,0.9360147744852975
ACTGAACTCGGTTCGG,9,0.8297810629484024
ACTGAGTAGAGGTTGC,9,0.9264729377196342
ACTGAGTAGAGTACAT,9,0.8962913514757619
ACTGAGTAGCTGCCCA,9,0.9351834057614882
ACTGAGTAGGGTGTGT,0,0.9174399224399132
ACTGAGTAGTTTGCGT,9,0.93475665920104
ACTGAGTCAAACGTGG,0,0.9885164389905662
ACTGAGTCACAGACAG,9,0.9045503180909281
ACTGAGTCACCGCTAG,9,0.9243330609213666
ACTGAGTCACTGTGTA,9,0.86294247384252
ACTGAGTCAGGCAGTA,9,0.9281975907313214
ACTGAGTCAGGTGGAT,9,0.8635148643148705
ACTGAGTCATCGACGC,10,0.708342984239332
ACTGAGTGTAAAGTCA,10,0.7155637877941281
ACTGAGTGTTGGGACA,9,0.9289260931411192
ACTGAGTTCAAGGTAA,9,0.9999999990522033
ACTGAGTTCCTCTAGC,9,0.9288833781747818
ACTGAGTTCTACTCAT,9,0.9234896534758326
ACTGATGAGAAACCGC,10,0.5140329083938584
ACTGATGAGATGCGAC,10,0.580678067517106
ACTGATGCAGCATACT,9,0.8961769394194031
ACTGATGGTGACGGTA,9,0.9354472815582852
ACTGATGGTTGATTGC,9,0.9325480318353724
ACTGATGTCAGTGCAT,9,0.9588206452579148
ACTGATGTCCGCAGTG,9,0.9325481467924497
ACTGATGTCCTTTCGG,9,0.9325614904339348
ACTGATGTCTCAACTT,9,0.9641252851822639
ACTGCTCAGATGGGTC,9,0.8074294257955633
ACTGCTCAGCACAGGT,10,0.7012344713812638
ACTGCTCAGTACGCGA,9,0.9263621687578755
ACTGCTCAGTATTGGA,9,0.8961770261145571
ACTGCTCGTAAGGATT,9,0.9337989657102553
ACTGCTCGTCGCGTGT,9,0.9347804677469118
ACTGCTCTCACTATTC,9,0.8727320729860862
ACTGCTCTCCAGGGCT,9,0.9360133784277828
ACTGCTCTCTCCTATA,10,0.5364909238338553
ACTGCTCTCTTGACGA,9,0.928933522305936
ACTGTCCCAGTACACT,9,0.936014775034251
ACTGTCCCAGTATCTG,9,0.8948273515476998
ACTGTCCCATGGGACA,9,0.9999468032442274
ACTGTCCGTCTTGTCC,9,0.9155315216242016
ACTGTCCGTGCGAAAC,9,0.9134770949685928
ACTGTCCGTGGTCCGT,9,0.9359498448350178
ACTGTCCTCGAGAACG,9,0.8130495715659394
ACTGTCCTCGTTTATC,9,0.9176800034923164
ACTGTCCTCTCGCATC,9,0.9338282531132587
ACTGTCCTCTGCTGTC,9,0.9221011577851901
ACTGTCCTCTGCTTGC,9,0.8272782813340369
ACTTACTAGATCCCGC,9,0.9344981419304401
ACTTACTAGCGTTTAC,0,0.931929101414046
ACTTACTAGGCGCTCT,9,0.9961606568398581
ACTTACTCAACGCACC,10,0.7629193674528014
ACTTACTCAATCGGTT,0,0.9447689560968786
ACTTACTCACAGAGGT,9,0.8533784768711229
ACTTACTCAGGAACGT,9,0.9170109180421026
ACTTACTCATCCGGGT,0,0.9599386569814093
ACTTACTGTACTTAGC,9,0.9347804707487456
ACTTACTGTTCGTCTC,9,0.9338282531358003
ACTTACTTCCAATGGT,9,0.9325481548165322
ACTTACTTCCCTAACC,9,0.9999999994421066
ACTTACTTCTAACTCT,9,0.9359483064148025
ACTTGTTAGTCTTGCA,9,0.9199352636582001
ACTTGTTCAATCCAAC,9,0.932561510002507
ACTTGTTCATACTCTT,9,0.9336187023675391
ACTTGTTCATATGCTG,9,0.9973779755779184
ACTTGTTCATCGGAAG,9,0.8871225679572187
ACTTGTTGTAACGTTC,9,0.852251186757119
ACTTGTTGTGGTCTCG,9,0.9321682642468866
ACTTGTTGTGTTCTTT,9,0.9955202779175041
ACTTGTTGTTACAGAA,9,0.9354472853626767
ACTTGTTGTTCGGGCT,9,0.9353872659930982
ACTTTCAAGTTGTCGT,9,0.8875500091067866
ACTTTCACAACGCACC,9,0.9999993136633241
ACTTTCACACAAGACG,10,0.5307307309660417
ACTTTCAGTACAGACG,9,0.9263637131743915
ACTTTCAGTCGACTAT,9,0.9999999952892551
ACTTTCAGTGTATGGG,10,0.7513737092716138
ACTTTCAGTTCGTGAT,9,0.9289335216985437
ACTTTCAGTTGATTGC,9,0.9264713782349712
ACTTTCATCAGTCAGT,9,0.9358523504646673
ACTTTCATCGGACAAG,9,0.9309445286840914
AGAATAGAGTACGCGA,9,0.917010340291678
AGAATAGCAATGTTGC,9,0.9802437339304025
AGAATAGGTAGCGTAG,9,0.9257791515263031
AGAATAGGTATAGGGC,10,0.6734006887125541
AGAATAGGTGTTGGGA,9,0.923502725837674
AGAATAGGTTGTTTGG,9,0.9999994348671116
AGAATAGGTTTCGCTC,10,0.5025216990060142
AGACGTTAGCTTATCG,0,0.9434188848013179
AGACGTTAGGCTAGAC,10,0.7943633476026141
AGACGTTAGGTGCACA,9,0.9358522167294814
AGACGTTAGTCGTTTG,9,0.9325481557243891
AGACGTTCAAAGTGCG,9,0.9354472736316318
AGACGTTCACCTCGTT,9,0.9264748540870065
AGACGTTCAGGCGATA,9,0.9298382033388141
AGACGTTCATCGGACC,9,0.9325471048782771
AGACGTTGTAAAGGAG,9,0.9351834011364346
AGACGTTGTACCGCTG,9,0.9999999988198602
AGACGTTGTCGCGGTT,9,0.999999999621162
AGACGTTGTGTGTGCC,9,0.9277712368421882
AGACGTTTCCTTTCGG,9,0.9156744947044513
AGACGTTTCGTCCAGG,9,0.8705679175825405
AGAGCGAAGAGCAATT,9,0.9354472855702585
AGAGCGAAGATATACG,9,0.9312879676691961
AGAGCGAAGCAGGCTA,10,0.7769341527418192
AGAGCGAAGCGCTTAT,9,0.9347273902439102
AGAGCGAAGGAATTAC,9,0.928933521977903
AGAGCGAAGGAGCGAG,9,0.9347804666185859
AGAGCGAAGGAGTCTG,9,0.9342562838964577
AGAGCGACAGTACACT,9,0.9347804709587876
AGAGCGACAGTCGATT,9,0.9999999968770521
AGAGCGACATCTACGA,9,0.9999999999260549
AGAGCGAGTAGCGCTC,9,0.9102628405208117
AGAGCGAGTCGCGTGT,9,0.999999999780269
AGAGCGAGTGGACGAT,9,0.9178629958507917
AGAGCGAGTGGCGAAT,9,0.9354472848483479
AGAGCTTCATGAAGTA,9,0.9999999998926405
AGAGCTTGTAAACACA,9,0.9360131410298119
AGAGCTTGTCTAGCGC,9,0.9141391539269438
AGAGCTTTCACATAGC,9,0.9220777320283556
AGAGTGGAGAGCCTAG,9,0.9289234499986398
AGAGTGGAGGCATTGG,9,0.9356695659839537
AGAGTGGCAACGATCT,9,0.9344981155529283
AGAGTGGGTGTCTGAT,9,0.9264748495946068
AGAGTGGGTTGTGGAG,9,0.999999997705304
AGAGTGGTCAACGAAA,10,0.7548881146758423
AGAGTGGTCACTTATC,9,0.9325481481714982
AGAGTGGTCCGCATAA,9,0.9356695693625052
AGATCTGAGCTAGTCT,10,0.7301555605674571
AGATCTGCACGGATAG,9,0.9359498448511586
AGATCTGGTAACGCGA,9,0.88759323250045
AGATCTGTCATTTGGG,9,0.8308811674028583
AGATCTGTCCCAAGAT,9,0.9045503187121767
AGATCTGTCTACGAGT,9,0.8523223588129505
AGATCTGTCTTCTGGC,9,0.9002816639749899
AGATTGCAGCACACAG,10,0.775660663855448
AGATTGCAGGCTCATT,9,0.9999999996557578
AGATTGCAGGGCACTA,9,0.9141391533931339
AGATTGCCAAAGTGCG,9,0.8039292243024337
AGATTGCCAGACTCGC,9,0.8917944500367814
AGATTGCCATCCGCGA,9,0.9159022118240601
AGATTGCGTAAACCTC,9,0.9358523516283574
AGATTGCGTGAGGGTT,9,0.917010820379013
AGATTGCTCATACGGT,9,0.9298382028804875
AGCAGCCAGCGCCTCA,9,0.8821496021593696
AGCAGCCAGGCTAGCA,9,0.905243964619192
AGCAGCCAGGGTCTCC,10,0.6285946875718696
AGCAGCCCAGCGTTCG,9,0.9360145218278793
AGCAGCCCATTGCGGC,9,0.9281975842913622
AGCAGCCGTCAAGCGA,9,0.9356649680668779
AGCAGCCGTCTTGTCC,9,0.9312879631143136
AGCAGCCGTTCGTGAT,9,0.9351834087046731
AGCATACCATGTCCTC,9,0.9358523515489612
AGCCTAAAGCCGCCTA,9,0.9325615143405053
AGCCTAAAGTGAACGC,9,0.9281975846308105
AGCCTAACAGGATCGA,10,0.4891505621556843
AGCCTAACAGTCACTA,9,0.9356696206592455
AGCCTAAGTTGGAGGT,10,0.7701174932448256
AGCCTAAGTTTGGCGC,9,0.9194881325918618
AGCCTAATCACTCCTG,9,0.8468242880771766
AGCCTAATCCCATTAT,9,0.9999999980055726
AGCGGTCAGCTAGTGG,9,0.9033474638881638
AGCGGTCAGGCTAGGT,7,0.9298069094701048
AGCGGTCCAAGTCTAC,9,0.9354461993804409
AGCGGTCCAATAGCGG,9,0.9336187034051586
AGCGGTCCAATGGACG,9,0.9360147752239945
AGCGGTCCAATGGTCT,9,0.9312879563807736
AGCGGTCGTTCGTTGA,9,0.9199362461865842
AGCGGTCGTTTGACTG,9,0.9077641306122098
AGCGGTCTCCCTAACC,9,0.9013810190778322
AGCGTATAGTAAGTAC,9,0.8960425705831008
AGCGTATCACCTCGTT,10,0.5806780741968939
AGCGTATCAGATGGCA,9,0.9278909687269838
AGCGTATCATCCGCGA,9,0.8039292248441092
AGCGTATCATGCTGGC,9,0.8871226662790904
AGCGTATGTGGACGAT,9,0.999506103670463
AGCGTATGTTACGGAG,9,0.9338282437867088
AGCGTATGTTGGTGGA,9,0.8821496007782432
AGCGTATTCACCATAG,9,0.9289335219538222
AGCGTATTCCAAGCCG,9,0.9264748539187406
AGCGTATTCGAACGGA,9,0.9983238943782827
AGCGTATTCGCCAAAT,9,0.9336187033494042
AGCGTATTCGCGCCAA,9,0.8652972899909036
AGCGTCGAGAAACCAT,9,0.9999995934269287
AGCGTCGAGACTAGAT,9,0.9999999999999708
AGCGTCGAGACTTTCG,9,0.9993831549051577
AGCGTCGAGTCTTGCA,10,0.6284593165700167
AGCGTCGCAACGATGG,9,0.9999997123585571
AGCGTCGCACTACAGT,9,0.9999969179617529
AGCGTCGCATCGGGTC,9,0.9264747439817829
AGCGTCGGTGAGGGTT,9,0.9999999288613456
AGCGTCGGTGGTACAG,9,0.9360147744913985
AGCGTCGGTGTTCTTT,9,0.999550811545123
AGCGTCGGTTAGTGGG,9,0.9999955115815102
AGCGTCGTCAAGGCTT,9,0.9999772659331775
AGCGTCGTCAATCACG,9,0.9992848594651732
AGCGTCGTCGGCGGTT,10,0.547414675051376
AGCGTCGTCTGCGTAA,9,0.9921252473889162
AGCTCCTAGAGAACAG,10,0.5723668563939265
AGCTCCTAGCCCGAAA,9,0.934780264381693
AGCTCCTCAAGACGTG,9,0.9189629402113335
AGCTCCTCACCGCTAG,9,0.9917281716089945
AGCTCCTCAGGGTTAG,9,0.9351834034996641
AGCTCCTGTACATCCA,9,0.9281975906696939
AGCTCCTGTAGAAAGG,9,0.9999999993262532
AGCTCCTGTCGAAAGC,9,0.8871226670269535
AGCTCCTGTCGACTGC,9,0.8914648296453318
AGCTCCTTCGCGCCAA,0,0.9885164389905662
AGCTCCTTCGTTGCCT,10,0.6279873498595727
AGCTCTCAGGATGGAA,9,0.9338282531206876
AGCTCTCAGGCGACAT,9,0.9041203946717083
AGCTCTCAGTATCGAA,9,0.8217273071142466
AGCTCTCCATATACCG,9,0.9999999999596515
AGCTCTCGTCTGCGGT,9,0.9029426600074048
AGCTCTCTCACTCCTG,9,0.8712497168593377
AGCTCTCTCCTATGTT,10,0.7396370906730744
AGCTCTCTCGCCAGCA,9,0.9999999985226543
AGCTCTCTCGGCATCG,0,0.9885164389905662
AGCTTGAAGATCCCAT,10,0.6285948574124784
AGCTTGAAGCTGTCTA,9,0.9336187032899823
AGCTTGAAGGCTAGAC,9,0.9243330392028571
AGCTTGAAGGGTGTGT,10,0.7629231975935854
AGCTTGAAGTACGTAA,5,0.9888225964002773
AGCTTGAAGTGTCCAT,9,0.9243330720946423
AGCTTGAAGTTACGGG,10,0.7943634125271583
AGCTTGAAGTTCGCGC,9,0.9999999987314946
AGCTTGACATAAGACA,9,0.8283363307167355
AGCTTGACATGACGGA,10,0.5893295248911855
AGCTTGAGTGACGGTA,9,0.9289617842003602
AGCTTGAGTTAAAGTG,10,0.4917382787054803
AGCTTGATCAACACGT,9,0.9105979968603443
AGCTTGATCCAAAGTC,9,0.9110393472821082
AGCTTGATCGTTTATC,9,0.8712497270192164
AGGCCACAGATGAGAG,9,0.9970904507376687
AGGCCACAGCTCTCGG,9,0.9170109086611417
AGGCCACAGGGTCGAT,10,0.5468208814014653
AGGCCACCAACACGCC,9,0.932561513253202
AGGCCACGTGATGCCC,9,0.9243330719792895
AGGCCACGTTACAGAA,10,0.6588536812978711
AGGCCACTCGAACGGA,9,0.935183406884195
AGGCCACTCGCGGATC,9,0.9240729440674177
AGGCCACTCGTCTGCT,9,0.9325481568919833
AGGCCACTCTCACATT,10,0.6285948524583701
AGGCCGTAGCACACAG,9,0.9312879676396687
AGGCCGTAGCCAGAAC,9,0.8990704098569638
AGGCCGTAGCTACCGC,10,0.7727289978648108
AGGCCGTAGGACCACA,9,0.9336187025725813
AGGCCGTAGGGTCTCC,9,0.9041203883089564
AGGCCGTCAAAGTCAA,10,0.5209039379672908
AGGCCGTCACACTGCG,9,0.9999998110218395
AGGCCGTCACCGAAAG,9,0.9221011601752696
AGGCCGTCATCGGGTC,9,0.9999999888683339
AGGCCGTCATGATCCA,10,0.5209039385259243
AGGCCGTCATGGTCAT,9,0.9192534668084049
AGGCCGTGTAATCACC,9,0.9344976090547856
AGGCCGTGTTCAGTAC,9,0.9289335125761821
AGGCCGTTCAACTCTT,9,0.914139153720754
AGGCCGTTCAGCTCGG,9,0.9281975911725384
AGGCCGTTCAGTGTTG,10,0.7919147213691409
AGGCCGTTCTTGTATC,9,0.9263637138075097
AGGGAGTAGTTTGCGT,9,0.9999999989238936
AGGGAGTCAATCAGAA,9,0.935852351692983
AGGGAGTCATGAAGTA,9,0.9347804593345376
AGGGAGTCATTTCACT,9,0.9281975895649085
AGGGAGTCATTTCAGG,9,0.9045503188746254
AGGGAGTGTGTAAGTA,9,0.9999999997234742
AGGGAGTTCACCCTCA,9,0.884691142450863
AGGGAGTTCTGACCTC,9,0.9359498446936908
AGGGATGAGAATGTTG,9,0.8871157872946567
AGGGATGAGCCAGTAG,9,0.9151009485727393
AGGGATGAGCGTAATA,9,0.926474855235867
AGGGATGAGTACCGGA,9,0.891794451420283
AGGGATGCAAAGCAAT,9,0.9358523509101042
AGGGATGCAAGCCGTC,9,0.9999625585592704
AGGGATGGTAGAAAGG,9,0.9298382026126731
AGGGATGTCCCACTTG,9,0.9358523513713832
AGGGATGTCGATCCCT,9,0.935669620621872
AGGGTGAAGACACGAC,10,0.6875332374282771
AGGGTGAAGACAGGCT,9,0.9999999999813842
AGGGTGAAGCCACGTC,9,0.9298382021195502
AGGGTGAAGCGCCTTG,9,0.9045503188416796
AGGGTGAAGTGCCATT,9,0.9235027261437744
AGGGTGAAGTGGGATC,9,0.9336171385660231
AGGGTGACACACGCTG,9,0.9358523514617386
AGGGTGACATTAGCCA,10,0.5304972912027223
AGGGTGAGTCCAGTGC,9,0.9779548343263532
AGGGTGATCAGCGACC,9,0.9325615136462916
AGGGTGATCATGTAGC,9,0.9156757337886593
AGGGTGATCCAAGTAC,9,0.8523213636557802
AGGGTGATCCCTCAGT,9,0.9235027261843403
AGGGTGATCTCTAAGG,9,0.9141391522054204
AGGTCATAGCGTAATA,9,0.933618703479755
AGGTCATAGTATTGGA,9,0.9358523511932525
AGGTCATCACCACGTG,10,0.7944198554151692
AGGTCATCACGGCCAT,9,0.9235027235946319
AGGTCATCAGACAAAT,9,0.8449689635558143
AGGTCATGTACCGGCT,9,0.9999991551762042
AGGTCATGTCGCGGTT,9,0.9141391268480938
AGGTCATGTGCACCAC,9,0.9002819562382471
AGGTCATGTGCTCTTC,10,0.5641546343453977
AGGTCATTCAATAAGG,9,0.9325067919518785
AGGTCATTCATAACCG,9,0.8035829968735871
AGGTCATTCTACGAGT,9,0.9354472803147748
AGGTCATTCTGACCTC,9,0.9213725844261733
AGGTCCGAGACAATAC,9,0.9038460669920919
AGGTCCGAGCCCAATT,10,0.5640546663253173
AGGTCCGAGGCTAGCA,9,0.9156757355456331
AGGTCCGAGGGCACTA,9,0.9355875240101321
AGGTCCGCAAGGTTTC,9,0.9360147674186898
AGGTCCGCACATCCGG,9,0.928133247730715
AGGTCCGCAGGAATGC,9,0.9344977530378711
AGGTCCGCATCGTCGG,9,0.9358447926486242
AGGTCCGGTTCACGGC,9,0.8299914000849149
AGGTCCGTCAGGTTCA,9,0.9170109160571364
AGTAGTCAGAGGTACC,9,0.9235027240947699
AGTAGTCCAAACGTGG,9,0.8832515265935755
AGTAGTCCAATCTGCA,9,0.9999997488419342
AGTAGTCCAATGGAAT,9,0.9999999989707025
AGTAGTCCAGACTCGC,5,0.9690808986159916
AGTAGTCGTCAGATAA,10,0.7843443864656038
AGTAGTCGTGCATCTA,10,0.7144916966689411
AGTAGTCGTGTCAATC,9,0.9358523457096642
AGTAGTCTCAACCAAC,9,0.8245603507599906
AGTAGTCTCACTTACT,9,0.9999999991122684
AGTAGTCTCCATGCTC,9,0.9999999821864872
AGTAGTCTCCCAGGTG,9,0.9356696200073675
AGTAGTCTCCTGTACC,9,0.9289187077615032
AGTCTTTAGAAAGTGG,9,0.9156757355469419
AGTCTTTAGACGCAAC,9,0.9358523491245876
AGTCTTTAGGGAGTAA,9,0.9812223175600713
AGTCTTTAGTGGGCTA,9,0.932561514340798
AGTCTTTAGTGTCTCA,9,0.9355950131844443
AGTCTTTCAATTGCTG,9,0.9999999990599961
AGTCTTTCACGGCGTT,10,0.5474147758111315
AGTCTTTCATGTCGAT,9,0.9263637150228227
AGTCTTTGTCATGCAT,9,0.9338282525998151
AGTCTTTGTCTCAACA,0,0.9886702132738383
AGTCTTTTCAACGAAA,9,0.9999999913608116
AGTCTTTTCCACGAAT,9,0.9281975903201871
AGTCTTTTCCTTTACA,9,0.9235027260788005
AGTGAGGAGATGAGAG,9,0.9351834079877197
AGTGAGGGTGCAACGA,9,0.9359498438295296
AGTGAGGGTTCACGGC,9,0.9360097858310763
AGTGAGGTCAAAGTAG,9,0.9347795921336992
AGTGAGGTCGGTTCGG,9,0.9763606647905035
AGTGGGAAGACTGTAA,9,0.8835811852823263
AGTGGGACATGCCTAA,9,0.9358523363834481
AGTGGGAGTAAATACG,9,0.9338282530882552
AGTGGGAGTAATCGTC,9,0.8912225570649386
AGTGGGAGTACCGCTG,9,0.9338282523802518
AGTGGGAGTTTGCATG,9,0.8375249884276648
AGTGGGATCGCCTGTT,9,0.9289335208955934
AGTGGGATCGTACGGC,9,0.9999997974206709
AGTGGGATCTGCTTGC,9,0.9199362460566376
AGTGTCAAGCGATATA,9,0.9045503190038725
AGTGTCACAATGGACG,9,0.9360145226577472
AGTGTCACAATGGATA,9,0.9264748454025855
AGTGTCACAGATGGGT,9,0.9156757303871538
AGTGTCAGTGTTTGGT,10,0.6962705179978376
AGTGTCAGTTATCACG,9,0.9347804692718512
AGTGTCATCACGCGGT,9,0.999999999809787
AGTGTCATCCTTTACA,10,0.5031607009977237
AGTGTCATCGTGGGAA,9,0.8279863321965428
AGTTGGTAGAAACCGC,9,0.9235027239918051
AGTTGGTAGTCTCAAC,9,0.9999999879100613
AGTTGGTCAGATCTGT,9,0.928837621064217
AGTTGGTGTAAGCACG,9,0.8523223582127039
AGTTGGTGTCGTGGCT,9,0.9999999999973738
AGTTGGTGTTACCGAT,9,0.9999993734170772
AGTTGGTTCACAAACC,9,0.9060072411692783
AGTTGGTTCGTCTGAA,9,0.9855137844121125
ATAACGCAGCGATCCC,9,0.9998940756402868
ATAACGCCACAGATTC,9,0.9197468348973494
ATAACGCCACGGATAG,0,0.9885164389905662
ATAACGCCATCACGAT,9,0.9263637144306973
ATAACGCCATCTCGCT,10,0.5306536143786493
ATAACGCGTCGCGTGT,9,0.9999993366561087
ATAACGCGTTCAGCGC,9,0.8988695373881148
ATAACGCTCAATCACG,9,0.9196625121741203
ATAACGCTCGTCACGG,9,0.9347804692776269
ATAAGAGAGGCTACGA,9,0.9999942510790798
ATAAGAGCAGATAATG,9,0.93478046922515
ATAAGAGCATGCCTAA,9,0.9041166757838178
ATAAGAGCATGTAAGA,10,0.5348412631235383
ATAAGAGTCATAAAGG,9,0.935183407607434
ATAAGAGTCGTCGTTC,9,0.9264748544946896
ATAGACCAGCCGTCGT,9,0.9338282531192446
ATAGACCAGCGTGAGT,9,0.9816771849206314
ATAGACCCAAGCCGCT,9,0.9344981417705571
ATAGACCGTCCCGACA,9,0.9281975903699042
ATAGACCGTCCGTCAG,9,0.9289335086984887
ATAGACCGTCGCGAAA,9,0.9338282519955579
ATAGACCGTGACCAAG,9,0.9309445263581693
ATAGACCTCCAACCAA,9,0.9170087194384601
ATAGACCTCTATCGCC,9,0.9995102103211282
ATCACGAAGACTACAA,9,0.9263637087035828
ATCACGAAGATACACA,9,0.9983239903041539
ATCACGAAGGAATCGC,9,0.9338282529421854
ATCACGAAGGATATAC,9,0.891794437361841
ATCACGAAGGTGCACA,9,0.9243330635227205
ATCACGACAAAGTCAA,9,0.9356681612307632
ATCACGACAAGTAATG,9,0.9325481568898351
ATCACGACAAGTACCT,9,0.8821496029316805
ATCACGACAGGGTACA,9,0.9821267517755217
ATCACGACAGTAACGG,9,0.9325481558881832
ATCACGACATGTCCTC,9,0.9164768745312171
ATCACGATCACGCATA,9,0.9312879685219482
ATCACGATCAGCGACC,9,0.9356483029792896
ATCACGATCTACGAGT,9,0.8768627985013274
ATCATCTAGAGGTAGA,9,0.9999999902396518
ATCATCTAGATCCCAT,9,0.8452738863123476
ATCATCTAGTGATCGG,9,0.8168064532714636
ATCATCTCATTACGAC,10,0.5553187080112627
ATCATCTGTACTCTCC,9,0.9141391165274524
ATCATCTGTGAAAGAG,9,0.9354472855412937
ATCATCTGTGCAACGA,9,0.911039346624578
ATCATCTGTTGGTAAA,9,0.9360147741356574
ATCATCTTCAAAGTAG,9,0.9105979905437519
ATCATCTTCACGACTA,9,0.9351799125767473
ATCATCTTCGATGAGG,9,0.9281975778096737
ATCATGGAGAGAACAG,9,0.9358523351227697
ATCATGGAGCTAGTCT,9,0.999996373965888
ATCATGGAGGGTATCG,9,0.9358523513861722
ATCATGGAGTGTTTGC,9,0.9999999987396617
ATCATGGCAAGGTGTG,9,0.9351834071557295
ATCATGGCACCCAGTG,9,0.9122644067762864
ATCATGGCATACGCCG,10,0.6389922005824122
ATCATGGGTATTCTCT,10,0.5806780769128227
ATCATGGGTTCCGGCA,9,0.9301047814113835
ATCATGGTCGATAGAA,9,0.9196625449695378
ATCATGGTCGGAGGTA,0,0.9869725651529134
ATCATGGTCGTTTAGG,9,0.9235026958562335
ATCCACCCAAGCTGAG,9,0.9994012501597661
ATCCACCCAATGGAGC,10,0.7423026270249192
ATCCACCCAGCTGTGC,10,0.6733986224285261
ATCCACCGTCTTGATG,10,0.3888795888445609
ATCCACCGTGCAACGA,9,0.9359780969960562
ATCCACCGTGCGCTTG,9,0.9281974473359591
ATCCACCGTTATCGGT,9,0.9199362397408485
ATCCACCTCAGAGCTT,5,0.9422268827507244
ATCCACCTCCTGCTTG,9,0.9358523516673288
ATCCACCTCGAATCCA,10,0.5806780177271618
ATCCACCTCTCTGTCG,9,0.8917941541955168
ATCCGAAAGAAGGACA,9,0.9358523500475765
ATCCGAAAGATCGATA,9,0.9325615135664217
ATCCGAAAGCAGGTCA,9,0.911038982345035
ATCCGAAAGCGTGTCC,10,0.5018024372476904
ATCCGAAAGGAGTTGC,9,0.9993084346977241
ATCCGAACAATCAGAA,10,0.7013094344800758
ATCCGAACACGGCCAT,9,0.9189973469628888
ATCCGAACAGTAACGG,9,0.8039264747804628
ATCCGAAGTCCCTACT,9,0.9196625290089906
ATCCGAAGTCTAGTCA,9,0.9325609261250521
ATCCGAAGTGACTACT,9,0.9196625444358607
ATCCGAAGTGCACGAA,9,0.934780469651023
ATCCGAAGTGCTCTTC,9,0.9359498422362738
ATCCGAAGTTCCACTC,10,0.6285948613110297
ATCCGAAGTTTCGCTC,9,0.9336187018244313
ATCCGAATCAGTACGT,9,0.8768628591489662
ATCCGAATCCAAATGC,9,0.8927440398277511
ATCCGAATCCACGAAT,10,0.5208902817533041
ATCCGAATCCGTACAA,0,0.9447689560968786
ATCCGAATCCTCATTA,9,0.8878645280664426
ATCCGAATCTTGTCAT,9,0.8589925149929496
ATCGAGTAGAGTTGGC,9,0.92983819878738
ATCGAGTAGCAGCCTC,9,0.9196625145351041
ATCGAGTAGCTAGCCC,9,0.9999999994447993
ATCGAGTAGTAGTGCG,10,0.7144908093238905
ATCGAGTCAAATACAG,9,0.9338282525778471
ATCGAGTCATCCTTGC,9,0.9298382035681854
ATCGAGTGTTATCGGT,9,0.935669620167165
ATCGAGTTCACTCTTA,9,0.8523223550805725
ATCGAGTTCTTACCTA,9,0.8961770106388177
ATCTACTAGAATAGGG,9,0.9289335223494756
ATCTACTAGACTAGGC,9,0.9999999997044293
ATCTACTAGAGGGCTT,9,0.9023628027429552
ATCTACTAGCCTCGTG,9,0.9999999999946207
ATCTACTAGGAATGGA,9,0.8634594184554806
ATCTACTAGGGTTTCT,9,0.9338282514513642
ATCTACTCATCCGTGG,9,0.8438219537725233
ATCTACTCATTCCTCG,9,0.9800690035978841
ATCTACTCATTCTCAT,10,0.622718132649878
ATCTACTGTATCGCAT,9,0.914911045782328
ATCTACTGTCAGATAA,9,0.9325615143034782
ATCTACTTCAGTACGT,9,0.9298382022555309
ATCTACTTCATACGGT,9,0.9999999996604124
ATCTACTTCCGTCAAA,9,0.890399486598196
ATCTACTTCTGTCTAT,9,0.9179482152514854
ATCTGCCAGACTAGGC,9,0.9360147749837309
ATCTGCCAGAGGTTGC,9,0.9253594994898003
ATCTGCCAGAGTGACC,9,0.9243330716759997
ATCTGCCAGGGTTCCC,0,0.9447524990502053
ATCTGCCCACCATCCT,10,0.6390634677830266
ATCTGCCCACTAAGTC,9,0.9979401033101919
ATCTGCCCAGCCAATT,9,0.9041203947436274
ATCTGCCCAGCTCCGA,9,0.8961770246320077
ATCTGCCCAGCTTCGG,10,0.28221267750285267
ATCTGCCGTAAACACA,9,0.9152730460171987
ATCTGCCGTCTCATCC,9,0.9999999972984039
ATCTGCCTCAAACCGT,9,0.9235027248753019
ATCTGCCTCAGTTCGA,9,0.9120497248024592
ATGAGGGAGCAACGGT,9,0.9106111635227367
ATGAGGGGTAATCACC,9,0.9358523513747837
ATGAGGGGTAGCAAAT,10,0.5552790597147306
ATGAGGGGTAGCGTCC,9,0.924333071547187
ATGAGGGGTCCCTACT,9,0.9338282451634277
ATGAGGGGTCCTGCTT,9,0.9309440774623147
ATGAGGGGTCGTTGTA,9,0.9094969941845745
ATGAGGGGTCTCCATC,9,0.9243330720924067
ATGAGGGGTGCACCAC,10,0.7825071693839444
ATGAGGGGTTAAAGTG,9,0.9156757354373772
ATGAGGGGTTAAGATG,9,0.9999998635077779
ATGAGGGGTTGCGCAC,9,0.904550319015354
ATGAGGGTCAGGCCCA,9,0.9243330688540795
ATGCGATAGATCACGG,9,0.9325472770672956
ATGCGATAGGAGTTGC,9,0.934780467444533
ATGCGATAGTGACTCT,9,0.9331983247232306
ATGCGATCAAGTAGTA,9,0.9308700674269265
ATGCGATGTTGTGGAG,9,0.9347804706776969
ATGCGATTCAGCTCTC,9,0.9221011586991849
ATGCGATTCCACTGGG,9,0.8550659027524588
ATGCGATTCTACCAGA,9,0.9110393458817146
ATGGGAGAGAGGGATA,9,0.9034443550991369
ATGGGAGAGATGGGTC,9,0.9358523513603854
ATGGGAGAGTCAATAG,9,0.9336187031254461
ATGGGAGAGTCTCAAC,9,0.9263637132160565
ATGGGAGAGTGAACGC,10,0.7159423363498814
ATGGGAGCACATTCGA,9,0.9999999986154507
ATGGGAGCAGTCGATT,9,0.9264720773263139
ATGGGAGCATGCTAGT,9,0.9999999997861914
ATGGGAGGTAGCAAAT,10,0.5304974676352724
ATGGGAGGTGTCTGAT,9,0.9325480796373264
ATGTGTGAGAAGATTC,9,0.9196625452785986
ATGTGTGAGCTGAACG,9,0.9347804706415711
ATGTGTGCAATGTAAG,9,0.9808312597036096
ATGTGTGCACAGGTTT,9,0.9156756029767733
ATGTGTGCACGCCAGT,10,0.5209039386826267
ATGTGTGCATAGAAAC,9,0.911039344173467
ATGTGTGCATGGTCTA,9,0.9041110260047899
ATGTGTGTCAGGCAAG,9,0.9999999986631469
ATGTGTGTCCACGACG,9,0.8657547030837381
ATGTGTGTCCCTAACC,9,0.9105951470979601
ATGTGTGTCTATCGCC,9,0.8917944607979862
ATTACTCAGGAGTTGC,9,0.9931744939408191
ATTACTCCACCTGGTG,5,0.8322413758284295
ATTACTCCACGCATCG,9,0.9235027206556999
ATTACTCCACTTAAGC,9,0.9325615134887437
ATTACTCGTAAATGAC,9,0.9999998085823252
ATTACTCGTAGCGATG,0,0.9857168548133771
ATTACTCGTATTACCG,9,0.9014071591673464
ATTACTCGTTCCACTC,9,0.9235027261405353
ATTACTCTCACAACGT,9,0.9360147749473132
ATTACTCTCATGCTCC,9,0.9170109190248499
ATTACTCTCCAGAAGG,9,0.9360147752233035
ATTACTCTCCAGTAGT,9,0.9999718117648827
ATTACTCTCGGAAATA,9,0.9235027261846318
ATTACTCTCGGTTAAC,9,0.999990796176347
ATTACTCTCTCGCTTG,9,0.9071543467942833
ATTATCCAGTAGGCCA,10,0.6925847978674766
ATTATCCAGTTACGGG,9,0.934780467387171
ATTATCCCAGCGTAAG,9,0.9360147653114517
ATTATCCCAGGAACGT,9,0.935447285467943
ATTATCCGTCCGTTAA,9,0.9105979983551946
ATTATCCGTCTCTTAT,9,0.8130496037198711
ATTATCCGTGTCCTCT,9,0.9999999998695264
ATTATCCTCAACGCTA,0,0.9857168548133771
ATTATCCTCGCAGGCT,9,0.9999999971912714
ATTCTACAGAGTGAGA,9,0.9110393473185806
ATTCTACAGATGTGGC,9,0.9336186625015254
ATTCTACAGCCACTAT,9,0.9359498368079118
ATTCTACAGTGCAAGC,9,0.9999992858140476
ATTCTACAGTGGCACA,9,0.9264748554352815
ATTCTACAGTTGAGAT,9,0.9338282462023648
ATTCTACAGTTGTAGA,9,0.923502726189848
ATTCTACCAAGCGATG,9,0.9999999249508094
ATTCTACCAAGGACAC,9,0.8727329279127436
ATTCTACCACATTCGA,9,0.8967192284137081
ATTCTACCAGATAATG,10,0.7900874757933385
ATTCTACGTCATATGC,10,0.5641546345292097
ATTCTACGTTAGGGTG,10,0.7396370908316068
ATTCTACTCATCTGCC,9,0.999999999074148
ATTCTACTCCAAAGTC,10,0.5881239724099802
ATTCTACTCTTACCTA,9,0.9099742281678923
ATTGGACAGCTTCGCG,9,0.9305742901396235
ATTGGACCAAAGTCAA,9,0.934780470037661
ATTGGACCACCGGAAA,10,0.6551274327521079
ATTGGACCAGGATCGA,9,0.999982923728838
ATTGGACGTCCAGTTA,9,0.935156137230516
ATTGGACGTTCACGGC,9,0.9336799992644401
ATTGGACTCCACGACG,9,0.9999999992982478
ATTGGACTCGGCGCAT,10,0.49220149296336957
ATTGGACTCTTGAGGT,9,0.9317393892033837
ATTGGACTCTTTAGTC,9,0.9999999998749279
ATTGGTGAGGATTCGG,9,0.9351834082954279
ATTGGTGAGTCGTACT,9,0.9199362459992966
ATTGGTGCAGCCAATT,9,0.9325615140150456
ATTGGTGCAGGGTTAG,9,0.9305211254268732
ATTGGTGGTACTTCTT,9,0.9289335222581483
ATTGGTGGTAGGGTAC,9,0.9360147672115144
ATTGGTGGTTCCCTTG,9,0.9235027259161774
ATTGGTGGTTCCGTCT,9,0.9283503238341213
ATTTCTGAGAAGGTGA,9,0.9359475906958096
ATTTCTGAGCTCAACT,9,0.9343296402910768
ATTTCTGAGCTGCAAG,9,0.9338282501540259
ATTTCTGCACTTGGAT,10,0.5301508396664243
ATTTCTGCAGTTCCCT,9,0.9117065726103158
ATTTCTGGTAGCTGCC,9,0.9235027249968929
ATTTCTGGTCGAACAG,9,0.9999999676786443
ATTTCTGTCACTTCAT,9,0.9344981435349574
ATTTCTGTCAGCACAT,9,0.9999999991234301
ATTTCTGTCATTGCCC,9,0.9359497448501701
ATTTCTGTCGCTTGTC,10,0.5969483302464315
ATTTCTGTCGGTGTCG,9,0.9325615130927428
CAACCAAAGAACAACT,9,0.9325480936893573
CAACCAAAGAAGGGTA,9,0.9340887108745429
CAACCAAAGGCATGTG,9,0.9999999997415916
CAACCAAAGTCTCGGC,10,0.753494511890594
CAACCAACAACGATGG,9,0.8824595805305372
CAACCAACATGAAGTA,9,0.9328279443810655
CAACCAAGTCGCTTTC,9,0.9347415421187663
CAACCAATCACGCATA,9,0.9199362457165947
CAACCAATCTCTGTCG,9,0.8805043579209281
CAACCTCAGGCAAAGA,10,0.7944196615810132
CAACCTCAGGCTCATT,9,0.9110186370081029
CAACCTCAGTCTCCTC,9,0.9002819638227867
CAACCTCCAGGTCCAC,9,0.9325481557036073
CAACCTCGTAGATTAG,9,0.9013687816885633
CAACCTCGTGCAACGA,10,0.6708764897117073
CAACCTCTCCCTAATT,9,0.9344981430076589
CAACCTCTCCTAGTGA,9,0.9156757349833359
CAACCTCTCTCTGAGA,9,0.935848579147481
CAACTAGAGAGGGATA,0,0.8245834227357923
CAACTAGAGGCACATG,9,0.8258498534740474
CAACTAGAGGTGTTAA,9,0.9999999996379391
CAACTAGCAAATACAG,9,0.871249725398412
CAACTAGCAAGCTGTT,9,0.9325615143335202
CAACTAGCAGTCCTTC,9,0.9041203932637176
CAACTAGCAGTGGAGT,5,0.9450499386031807
CAACTAGCATTGGTAC,10,0.628594861218328
CAACTAGGTCACAAGG,9,0.9156757356180931
CAACTAGGTCCGAATT,9,0.9309445267332243
CAACTAGTCACATGCA,9,0.9999999953301586
CAACTAGTCCGCGCAA,10,0.5723667620205919
CAAGAAAAGACAGACC,9,0.9263637146643543
CAAGAAAAGAGGTTGC,9,0.9358523501314346
CAAGAAAAGGTGCACA,9,0.999991347358742
CAAGAAACAAGGTGTG,9,0.8470826106091238
CAAGAAACACCACCAG,9,0.9354472855755811
CAAGAAACAGCTGGCT,10,0.5553187080112627
CAAGAAACATATGAGA,9,0.9011314742760776
CAAGAAACATGTCGAT,9,0.9833352775797495
CAAGAAAGTTCCAACA,9,0.9263637147753989
CAAGAAATCACGAAGG,10,0.7839085753852334
CAAGAAATCCAGTAGT,9,0.9999999687872144
CAAGAAATCTTGTCAT,9,0.9297739030638964
CAAGATCAGAAGGGTA,9,0.8299915572131007
CAAGATCAGACCTAGG,9,0.9358410212738455
CAAGATCAGGCCATAG,9,0.9141391537022797
CAAGATCAGTATTGGA,10,0.7396370906167216
CAAGATCAGTCGCCGT,9,0.9358523492276214
CAAGATCAGTGTCCCG,9,0.9999999748277071
CAAGATCCAAAGAATC,9,0.9999970611029793
CAAGATCCAAGGACAC,9,0.9359035914400828
CAAGATCCATCTACGA,9,0.9243330648066326
CAAGATCGTATATGGA,9,0.9153808194194184
CAAGATCGTCCGAAGA,9,0.8039292237108757
CAAGATCGTCCTGCTT,10,0.5806780013376772
CAAGATCGTGCGGTAA,9,0.9324012854515115
CAAGATCTCAAGGTAA,9,0.9337548565994545
CAAGATCTCTCCAGGG,9,0.9351834087599898
CAAGATCTCTTCGAGA,0,0.9885336583799726
CAAGATCTCTTGGGTA,10,0.5306601423052613
CAAGGCCAGACAATAC,0,0.9447573340022101
CAAGGCCAGAGCTATA,0,0.9447573340022101
CAAGGCCAGGCGCTCT,9,0.9325615141878645
CAAGGCCAGTGTCCAT,9,0.9351834086121886
CAAGGCCCAATGAAAC,10,0.7944198487915184
CAAGGCCCACACATGT,9,0.9270669189706003
CAAGGCCCACAGTCGC,0,0.9886702132738383
CAAGGCCCAGACAGGT,9,0.9999981915912877
CAAGGCCGTAAACCTC,9,0.9281975894096711
CAAGGCCGTGTTCTTT,9,0.9156757356259706
CAAGGCCGTTAAAGAC,10,0.5552323356950288
CAAGGCCTCCTGCCAT,5,0.9435691222397152
CAAGGCCTCCTGTACC,10,0.794363413512325
CAAGGCCTCTGCGTAA,9,0.9312879656325984
CAAGGCCTCTTGGGTA,9,0.9336187032639669
CAAGTTGAGAGGTTAT,9,0.9351834086056915
CAAGTTGAGCAGACTG,9,0.9357457732736864
CAAGTTGAGCCTATGT,0,0.9448994653854939
CAAGTTGCAATAGCGG,9,0.9338282526057772
CAAGTTGCAATGAAAC,9,0.9045503189636325
CAAGTTGCACATGTGT,10,0.5641543093199574
CAAGTTGGTCATGCAT,9,0.9325481570741846
CAAGTTGGTCGCGGTT,9,0.8961770214001586
CAAGTTGGTTCCGTCT,9,0.9264748558162644
CAAGTTGTCCAACCAA,9,0.9309445287380265
CAAGTTGTCCTCGCAT,9,0.9221011594135295
CAAGTTGTCGTGGTCG,9,0.9339478433394536
CAAGTTGTCTCTGCTG,9,0.8523222955646419
CACAAACAGGTACTCT,9,0.9312879758755437
CACAAACAGGTCATCT,10,0.5552351772029341
CACAAACAGTGACATA,9,0.8814465986646578
CACAAACCAAGTTGTC,9,0.9999999126461542
CACAAACCATACGCTA,9,0.9262383886923995
CACAAACCATACTACG,9,0.9420506431628475
CACAAACCATTCACTT,9,0.9998932979248686
CACAAACGTCCAGTGC,9,0.9196625448825028
CACAAACGTCCGCTGA,9,0.9347804674284045
CACAAACGTGATGTCT,9,0.9359498446918865
CACAAACTCAGTTGAC,9,0.9999999986061826
CACAAACTCCAACCAA,9,0.9360147749235598
CACAAACTCCTCATTA,9,0.9360147738220268
CACAAACTCGGCGCTA,9,0.9999999996845783
CACACAAAGATCGATA,9,0.9344006482369512
CACACAAAGCTAAGAT,9,0.9358523516287954
CACACAAAGCTACCGC,9,0.935949844553307
CACACAAAGGCACATG,9,0.9999385515671714
CACACAACAAGCTGAG,10,0.5381101086039377
CACACAACAGCGTCCA,9,0.8917944605916797
CACACAACATATACGC,10,0.7943634132264898
CACACAAGTAGAAGGA,5,0.9449029488638178
CACACAAGTCAGGACA,9,0.9325481552490755
CACACAATCATAAAGG,9,0.9157568705337937
CACACAATCATAGCAC,9,0.9196625348994129
CACACAATCCAATGGT,9,0.919936246083788
CACACAATCGTACCGG,9,0.9141391522626986
CACACCTAGCTTATCG,10,0.6875324329344834
CACACCTAGGTCATCT,9,0.9235869130101083
CACACCTAGTACATGA,9,0.9999974455502663
CACACCTCAAACCTAC,9,0.936014773436172
CACACCTCAAGGTTTC,9,0.9235027259964141
CACACCTGTACAGACG,9,0.9344981436704621
CACACCTGTCTTCGTC,9,0.9350091917929356
CACACCTGTGAACCTT,9,0.9338282514967022
CACACCTGTGTTTGGT,9,0.904120393774669
CACACCTTCACAAACC,10,0.5037045094637521
CACACCTTCGGCGCTA,9,0.9997919382509857
CACACCTTCTCAAACG,9,0.9359498425324836
CACACTCGTACTCTCC,9,0.9351834076508719
CACACTCGTCATCGGC,9,0.935669619417344
CACACTCGTTAAGATG,9,0.9195093635701025
CACACTCGTTGGTAAA,9,0.9345806969791861
CACACTCTCAGGCAAG,9,0.865297288714767
CACACTCTCTCAAACG,9,0.9263636991330532
CACACTCTCTCCGGTT,9,0.9344970866039457
CACACTCTCTTGAGGT,9,0.9325615139940034
CACACTCTCTTGTTTG,9,0.9296008595518971
CACAGGCAGCTGCAAG,9,0.9325615141107081
CACAGGCAGTCATCCA,10,0.7733632162710664
CACAGGCAGTGTACGG,10,0.7396370878565526
CACAGGCCACCATCCT,9,0.9999999997470003
CACAGGCCAGATTGCT,9,0.900281962647472
CACAGGCCAGCATGAG,9,0.9325449142162346
CACAGGCGTGTGGCTC,9,0.9336173103367782
CACAGGCGTTCGGGCT,9,0.9958835987316771
CACAGGCTCTAACTCT,9,0.9199362458963488
CACAGTAAGACGCAAC,9,0.9354472845000218
CACAGTACAAGCCGCT,9,0.9235027254856215
CACAGTACAGACTCGC,9,0.919141488352784
CACAGTACATTCCTCG,10,0.6439109509349832
CACAGTAGTGGCTCCA,9,0.999999268639254
CACAGTAGTTTACTCT,9,0.9344880114126839
CACAGTATCAACGCTA,9,0.9241962879154303
CACAGTATCCTATGTT,9,0.929837617519596
CACAGTATCCTGCAGG,9,0.9360046255695429
CACAGTATCCTTGGTC,10,0.5306508986709598
CACAGTATCTGCGACG,10,0.6661080313047777
CACATAGAGACCCACC,9,0.9251728129516595
CACATAGAGGATGGAA,9,0.9235027251375568
CACATAGCACTAGTAC,9,0.9298382037357288
CACATAGCAGACGCTC,9,0.9077028667928512
CACATAGGTCAGGACA,9,0.9337206922774821
CACATAGTCAGCCTAA,9,0.9221011505906791
CACATAGTCATAGCAC,9,0.9344981431784771
CACATAGTCGCGTAGC,9,0.9289335158840016
CACATAGTCTAACCGA,9,0.917010737721628
CACATTTAGAGTACAT,9,0.935949844733936
CACATTTAGATGTTAG,9,0.9990246966428384
CACATTTCAATTCCTT,9,0.9198958658183561
CACATTTCACAGATTC,9,0.9141391516464525
CACATTTGTAAGGGCT,10,0.6529261353902074
CACATTTGTGACTCAT,10,0.5036966710689644
CACATTTTCGTATCAG,10,0.5134435323107225
CACCACTAGAGATGAG,9,0.9325615138878798
CACCACTAGGGTCGAT,9,0.8583756907798477
CACCACTAGGTTCCTA,9,0.9371144929722379
CACCACTAGTGGAGAA,9,0.9999999982723532
CACCACTAGTTACCCA,9,0.9141369709399894
CACCACTCACACCGAC,9,0.9281818424876976
CACCACTCATCCAACA,9,0.9360147635987003
CACCACTTCGCCGTGA,9,0.9243330710821765
CACCACTTCGTAGGTT,10,0.7195672707578045
CACCACTTCTGCGACG,10,0.5304974668807798
CACCAGGAGAACAACT,9,0.9351834082534831
CACCAGGAGGAACTGC,9,0.9325470928717993
CACCAGGAGGGAAACA,9,0.8821495813860343
CACCAGGAGTAATCCC,9,0.9221011416128114
CACCAGGCAAGCCGTC,10,0.770117461223659
CACCAGGCAAGTCTAC,9,0.9170109181486836
CACCAGGCAGCTGGCT,9,0.9321377333294498
CACCAGGGTGTAATGA,10,0.5304974670505294
CACCAGGTCAACACTG,9,0.9298382037979225
CACCAGGTCATTGCGA,9,0.9999999976346671
CACCAGGTCTCACATT,9,0.9312879710684081
CACCTTGAGACAGAGA,9,0.9298365802277722
CACCTTGAGTCCCACG,10,0.5969477233839862
CACCTTGCACCCATTC,9,0.9354472803303171
CACCTTGGTAAGGGCT,9,0.8712497241939023
CACCTTGGTAGCGTGA,9,0.9199362439958685
CACCTTGGTCTAGCCG,9,0.9999999926067261
CACCTTGGTCTCCACT,9,0.9641282459173071
CACCTTGGTGTTCGAT,9,0.9264748555725442
CACCTTGGTTCGGCAC,9,0.9420506333637246
CACCTTGTCTCTAGGA,9,0.9354472079444784
CACTCCAAGCTCTCGG,9,0.9991527986846634
CACTCCAAGGTACTCT,10,0.6779336575923592
CACTCCACAGGGATTG,9,0.8805043526548397
CACTCCACATTTCAGG,9,0.9359498448183634
CACTCCACATTTGCTT,0,0.9447524990502053
CACTCCAGTTGGTGGA,9,0.923853095494278
CACTCCATCAGTTTGG,9,0.9221011601516729
CACTCCATCCGAACGC,9,0.9358523517174402
CAGAATCAGTGTACGG,9,0.9041203930928897
CAGAATCCACTCTGTC,10,0.5552420075238645
CAGAATCCATGTAGTC,0,0.9886702132738383
CAGAATCGTACTTCTT,9,0.9338282531018758
CAGAATCGTCCGAAGA,9,0.9263637125022381
CAGAATCTCAACTCTT,9,0.9325615111512198
CAGAGAGAGAGGACGG,9,0.9336186979642715
CAGAGAGAGATGCGAC,9,0.9325615074743164
CAGAGAGAGCAAATCA,9,0.93128797642563
CAGAGAGCAAGGACAC,9,0.926474855555269
CAGAGAGCAAGGCTCC,9,0.9325481564062533
CAGAGAGCACGGCTAC,9,0.9298347279417976
CAGAGAGGTCACAAGG,9,0.9264748559572312
CAGAGAGGTCGGATCC,9,0.9071525850907325
CAGAGAGGTGCTTCTC,9,0.9196625433062466
CAGAGAGGTGGTGTAG,9,0.9999999996290023
CAGAGAGGTGTGCCTG,9,0.8452738861824985
CAGAGAGTCAGTGTTG,9,0.9995377942709949
CAGAGAGTCGAGCCCA,9,0.8392752613947831
CAGAGAGTCTGGTGTA,0,0.9886702132738383
CAGATCAAGAAGGACA,9,0.9999999987664487
CAGATCAAGGTGATAT,9,0.9289314973980635
CAGATCACACTTCGAA,9,0.858992514357099
CAGATCACATGTAGTC,9,0.9964182549451224
CAGATCATCGTTACAG,9,0.9263637136244529
CAGCAGCAGACTCGGA,9,0.9358523514569891
CAGCAGCAGCGGATCA,9,0.9325481570665064
CAGCAGCAGCTAAACA,9,0.8589925151205291
CAGCAGCAGGCAGTCA,10,0.5536598583943347
CAGCAGCAGTACGCCC,10,0.6785152857026006
CAGCAGCAGTTGTAGA,10,0.7943536347414458
CAGCAGCCAAAGGCGT,7,0.9897267527134839
CAGCAGCCACTGTCGG,9,0.8646404373106674
CAGCAGCCAGCGTTCG,10,0.7884224568878433
CAGCAGCCAGTAACGG,5,0.9979847844594083
CAGCATAAGAACTGTA,10,0.5267851289247883
CAGCATAAGCAGCCTC,9,0.9230728715086247
CAGCATAAGCGGCTTC,9,0.9235027259785459
CAGCATAAGCTACCGC,9,0.9999999973356499
CAGCATAAGGAGTCTG,9,0.9270939527269703
CAGCATAAGTGCCATT,9,0.9289332935292502
CAGCATACACCGAATT,9,0.8917944599142021
CAGCATACAGACGCTC,9,0.9338280680847538
CAGCATAGTGTGTGCC,9,0.8579410002188125
CAGCATATCAGTTCGA,10,0.7007899415132026
CAGCATATCCAACCAA,9,0.9281975909708862
CAGCATATCCATGAGT,10,0.7825071668891561
CAGCCGAAGGGCTTGA,9,0.9983192833902944
CAGCCGACAGGTGCCT,9,0.9932940962929534
CAGCCGAGTCATATCG,9,0.9351834070175268
CAGCCGAGTTTCCACC,9,0.8171273634196521
CAGCCGAGTTTGTGTG,9,0.9351834087524526
CAGCCGATCAAGATCC,9,0.9263636220371161
CAGCCGATCCGTACAA,10,0.5134435337300066
CAGCGACAGACACGAC,7,0.9284782188830689
CAGCGACAGATGCCAG,9,0.9336187034854643
CAGCGACAGCAATCTC,9,0.9340707378802294
CAGCGACAGTCATGCT,9,0.9999050410823863
CAGCGACAGTTGTAGA,9,0.8996451649750746
CAGCGACAGTTTAGGA,10,0.5551584882527913
CAGCGACCACAAGTAA,9,0.8217336858419299
CAGCGACCACATGGGA,9,0.9243330723476376
CAGCGACCAGGCTGAA,9,0.9307525365073626
CAGCGACGTCGGCATC,10,0.6129311098067277
CAGCGACGTCTGCCAG,9,0.9243330685763812
CAGCGACGTTACGACT,9,0.934735909502191
CAGCGACTCAAGGTAA,9,0.9356695978992957
CAGCGACTCACCATAG,9,0.9325481540847625
CAGCGACTCAGGCGAA,10,0.7345055604795161
CAGCGACTCTCGATGA,9,0.9195922512771932
CAGCTAAAGCTAGTTC,10,0.49898806218031727
CAGCTAAAGGCATGGT,10,0.5336993811224715
CAGCTAAAGTGTCCCG,9,0.8452738862440585
CAGCTAAGTCAAGCGA,9,0.9999999997039587
CAGCTAAGTCTCCATC,9,0.927735856785311
CAGCTAAGTGTTAAGA,9,0.9347801002929969
CAGCTAATCAACACAC,0,0.9372224048758895
CAGCTAATCAGCACAT,9,0.9110393462453037
CAGCTAATCTGGGCCA,9,0.9110393461485553
CAGCTGGAGCTAACTC,9,0.9045469348474676
CAGCTGGCACCATCCT,9,0.8589923507810932
CAGCTGGCACCTCGTT,9,0.9532581405727152
CAGCTGGCATTTCACT,9,0.935669565239614
CAGCTGGGTAAATGTG,9,0.9347804705993094
CAGCTGGGTAACGCGA,9,0.9325541294435443
CAGCTGGGTTGTCGCG,9,0.9996464721141989
CAGCTGGTCCAAAGTC,9,0.9199322748032378
CAGGTGCAGACCTTTG,9,0.9641285845835773
CAGGTGCAGAGGTTGC,9,0.9344301094539685
CAGGTGCAGCAGCCTC,9,0.999817621497156
CAGGTGCAGCCACGTC,9,0.8039292247797312
CAGGTGCAGGAGTTGC,9,0.9728242380982353
CAGGTGCCAACTGGCC,9,0.9808312589051655
CAGGTGCCAGTAAGCG,9,0.9199362458946262
CAGGTGCGTCTAAAGA,9,0.9360147750071572
CAGGTGCGTGCACGAA,9,0.9999866850533147
CAGGTGCTCCGCGTTT,9,0.9358523496188086
CAGGTGCTCCTCAATT,0,0.9447573340022101
CAGGTGCTCTGTGCAA,9,0.8821158893881521
CAGGTGCTCTTAGCCC,9,0.9267520543040267
CAGTAACAGATCCTGT,9,0.9999968679547763
CAGTAACAGGCCCTCA,10,0.5969483293076892
CAGTAACAGTAGCGGT,9,0.9298335809168228
CAGTAACCAATAGCGG,10,0.5893304130190575
CAGTAACCACAGCCCA,9,0.9288858830195558
CAGTAACCAGTCTTCC,9,0.9289335207486188
CAGTAACTCAGTGTTG,9,0.9196625447780004
CAGTAACTCATTGCCC,9,0.9243330700594355
CAGTAACTCGGAGCAA,9,0.9298382036791165
CAGTAACTCGTGGGAA,9,0.9338282530764408
CAGTAACTCTACTATC,9,0.8917927747086248
CAGTAACTCTCGCTTG,9,0.9999999069659753
CAGTAACTCTGATACG,10,0.5553158660758747
CAGTCCTAGAATGTTG,9,0.9199362459462822
CAGTCCTAGAGTGACC,9,0.9309445277606377
CAGTCCTAGCACAGGT,9,0.9041203944673744
CAGTCCTCAAACTGTC,9,0.8871226669710469
CAGTCCTGTAAGAGAG,10,0.7952356769720718
CAGTCCTGTCTCCATC,10,0.5969476024782073
CAGTCCTGTGTCTGAT,9,0.9351834039728567
CAGTCCTTCGCCAAAT,10,0.5304974649191293
CAGTCCTTCTTTAGTC,9,0.9995983133396713
CATATGGAGATCGGGT,10,0.6898211068054099
CATATGGAGGGTGTGT,9,0.852322357238583
CATATGGAGTACGCGA,9,0.935852348104063
CATATGGAGTAGGTGC,9,0.9999971430728406
CATATGGGTACTCGCG,9,0.9289335210130337
CATATGGGTCGTTGTA,9,0.9999999978713903
CATATTCAGAGCAATT,9,0.9312827431893532
CATATTCAGCACCGTC,9,0.9281975902914199
CATATTCAGCCAGAAC,9,0.9354472050843408
CATATTCAGCGTGTCC,9,0.9098657343051131
CATATTCCACCCTATC,9,0.9351834086914086
CATATTCCAGGACCCT,9,0.9354472854292909
CATATTCCAGGATTGG,9,0.9060509952255923
CATATTCCAGTAAGAT,9,0.9235027255933254
CATATTCGTCAAACTC,9,0.9049422239270379
CATATTCGTCCCTACT,9,0.9243330667341161
CATATTCGTGTTAAGA,9,0.9264748560634265
CATATTCGTTTGGCGC,9,0.9351833699197286
CATATTCTCATCTGCC,10,0.5474147538959756
CATATTCTCATTGCCC,9,0.9993535835393149
CATATTCTCGATAGAA,9,0.9336186987141013
CATATTCTCGTCGTTC,9,0.9999999999947724
CATATTCTCTACCAGA,9,0.9264748515323973
CATATTCTCTTGCCGT,9,0.9997098086387158
CATCAAGAGCTGTTCA,9,0.9354373913647615
CATCAAGAGGGCACTA,10,0.5209030816644827
CATCAAGAGTCCCACG,0,0.9448994653854939
CATCAAGAGTGCTGCC,9,0.9002819669308999
CATCAAGCAGATTGCT,9,0.9351700387450517
CATCAAGCATCGATTG,9,0.8247735476457811
CATCAAGCATTGCGGC,9,0.9351834085430245
CATCAAGGTACCGTTA,10,0.48412856525084136
CATCAAGGTCTCTCGT,9,0.8522395785935604
CATCAAGTCACAAACC,9,0.9358523483629737
CATCAAGTCCTTGCCA,0,0.9857168548133771
CATCAAGTCTCGATGA,10,0.7903210253323998
CATCAAGTCTTCCTTC,9,0.9347804708295075
CATCAGAAGAGTGAGA,9,0.8986640413007249
CATCAGAAGATTACCC,0,0.9448994653854939
CATCAGAAGCGTTCCG,9,0.926363714862558
CATCAGAAGGCATTGG,9,0.9248562648842757
CATCAGAAGGTTACCT,9,0.9243330702768046
CATCAGAAGTAGGCCA,9,0.9004009478568704
CATCAGACAGTCAGCC,9,0.9336187035543649
CATCAGACAGTTCATG,9,0.9359498382465354
CATCAGAGTAGCTAAA,9,0.9358522987490371
CATCAGAGTAGGCTGA,9,0.9105979932183158
CATCAGAGTAGGGTAC,10,0.6285948322285674
CATCAGAGTATTCGTG,9,0.9221011584329445
CATCAGAGTCCGAAGA,9,0.852054343264937
CATCAGATCAACCATG,9,0.9338282292551671
CATCAGATCATAGCAC,9,0.9325481561498704
CATCCACCATAACCTG,9,0.8378343270157829
CATCCACCATTTGCTT,9,0.9243330722096076
CATCCACGTCATTAGC,9,0.8128300093499459
CATCCACGTTGGAGGT,9,0.9359246232242661
CATCCACTCAGTCAGT,9,0.9347804696501708
CATCCACTCCAAATGC,9,0.9346628916938138
CATCCACTCGATCCCT,9,0.9344981419220478
CATCGAAAGAAACGCC,9,0.9354472852714888
CATCGAAAGCGCTTAT,10,0.6548307131857791
CATCGAAGTAAACGCG,9,0.9999986779063927
CATCGAAGTGGAAAGA,9,0.9360106211159971
CATCGAATCACCATAG,9,0.9359498446465829
CATCGAATCTCGTATT,9,0.934498143085919
CATCGAATCTGCGGCA,10,0.727294759721278
CATCGAATCTTACCGC,9,0.9063704499671714
CATCGGGAGATCGGGT,9,0.9336185575461967
CATCGGGAGTGGAGTC,9,0.9356696169526701
CATCGGGCAAGACGTG,9,0.8652972868256454
CATCGGGCAATAGAGT,10,0.7272942617786601
CATCGGGCACACGCTG,9,0.8647562048057119
CATCGGGCAGCCTGTG,9,0.888893502827044
CATCGGGCAGCGATCC,9,0.9041203944529432
CATCGGGCAGCTGTTA,9,0.914139142550908
CATCGGGGTAACGTTC,10,0.6390632782123363
CATCGGGGTAGGACAC,9,0.9999995071064741
CATCGGGGTTTGCATG,9,0.9359498448221829
CATCGGGTCGTTACAG,9,0.9999999948350791
CATGACAAGAGGTACC,9,0.9999999986162224
CATGACAAGCTAAGAT,10,0.555279059712105
CATGACACAACGATCT,9,0.9291580530633664
CATGACACAATAGAGT,10,0.687533237518993
CATGACACAATCTGCA,9,0.9336186808249476
CATGACAGTAGAGCTG,8,0.8850814164540018
CATGACAGTCATGCAT,10,0.7572562316163512
CATGACAGTGCACCAC,9,0.8452738859240253
CATGACAGTTTAGGAA,9,0.9347804673166484
CATGACATCCCAACGG,9,0.9243330708915866
CATGACATCGCCAGCA,9,0.9243330715490828
CATGACATCGTTGACA,9,0.9999999939688805
CATGCCTCAAGAGTCG,9,0.9041203927076403
CATGCCTCACAACGTT,9,0.915661258261946
CATGCCTCATCACAAC,10,0.5037046497012598
CATGCCTGTACAGCAG,10,0.7839438901366184
CATGCCTTCACCAGGC,9,0.9243330723963312
CATGCCTTCAGTCAGT,9,0.9298382026924991
CATGCCTTCTAAGCCA,9,0.9763090131716501
CATGGCGAGCTGCGAA,10,0.5607983330626608
CATGGCGAGGCAATTA,9,0.9999394471740957
CATGGCGAGGCGATAC,9,0.9615630572987027
CATGGCGAGTGACTCT,9,0.9235027259992974
CATGGCGCAATACGCT,10,0.6781303085120589
CATGGCGCACATGTGT,9,0.8873463904211494
CATGGCGCACTCTGTC,9,0.9312599257816795
CATGGCGGTATAGGGC,9,0.9962327328525278
CATGGCGGTCAGTGGA,9,0.8958374202427077
CATGGCGGTCGTCTTC,9,0.9127073151803345
CATGGCGGTGGTCCGT,9,0.8745591585545717
CATGGCGGTGTCTGAT,9,0.9005319014562827
CATGGCGTCCTTTCGG,10,0.7629230712608961
CATGGCGTCTCTAAGG,9,0.9105979982289354
CATTATCAGGCGATAC,9,0.9356696207238929
CATTATCCAACACGCC,9,0.9312879762708444
CATTATCCACATTAGC,9,0.9970907873349368
CATTATCGTCAATGTC,9,0.9344981437123279
CATTATCGTCTCCATC,9,0.9141391516489381
CATTATCGTGATGTCT,9,0.9199230825221582
CATTATCGTGGCTCCA,9,0.9298382034044521
CATTATCGTTAAAGTG,9,0.9024075421529028
CATTATCGTTACGTCA,9,0.9095397815390258
CATTATCGTTCCGGCA,10,0.5304974673912602
CATTATCGTTGGTAAA,9,0.9243330715002599
CATTATCTCCTTGGTC,9,0.8039291501917722
CATTCGCAGCAGCCTC,9,0.9289295122840718
CATTCGCAGTCAATAG,9,0.9359498377167308
CATTCGCCACGAAAGC,9,0.9999999985295466
CATTCGCCAGTACACT,9,0.9109423108004869
CATTCGCGTTGATTGC,10,0.7602851661122232
CATTCGCTCAGCGACC,0,0.9886702132738383
CATTCGCTCTGAGGGA,9,0.9354472853692349
CCAATCCAGAAACGAG,9,0.9263637142930468
CCAATCCAGCTAGTTC,9,0.9999999817635769
CCAATCCAGCTGCCCA,9,0.9332310624063966
CCAATCCAGGGTCTCC,9,0.9289335217551116
CCAATCCCACGTCAGC,10,0.5553158660758747
CCAATCCCAGGATTGG,9,0.928933520935716
CCAATCCGTCAATACC,9,0.9298382033204146
CCAATCCGTGTTTGGT,9,0.999999980014463
CCAATCCTCACAACGT,9,0.9312869130342719
CCAATCCTCCAAAGTC,9,0.8523123251377889
CCAATCCTCTTGCCGT,9,0.9358491658607075
CCACCTAAGGATGGTC,9,0.9343133723817164
CCACCTAAGGCATTGG,9,0.9325615131023716
CCACCTAAGTAGCCGA,9,0.9085808033617551
CCACCTAAGTGTTAGA,10,0.5306536143786493
CCACCTACAGATCGGA,9,0.9359482866003204
CCACCTACATCCGCGA,9,0.9235027258176092
CCACCTAGTTATCGGT,10,0.5552780968691814
CCACCTATCAGGCCCA,9,0.8173828231760748
CCACCTATCAGTCCCT,9,0.8130496187880145
CCACCTATCTTTACAC,10,0.7272949317668371
CCACGGAAGACTGTAA,9,0.9359498448733679
CCACGGAAGCTGTTCA,9,0.8884758274058718
CCACGGACAAGACGTG,10,0.5381101098927595
CCACGGACACCGAAAG,9,0.9041203833282891
CCACGGACACCTCGTT,10,0.7159423369395478
CCACGGACATTATCTC,9,0.9351834086811983
CCACGGAGTCGCTTTC,9,0.9231177244779586
CCACGGATCACTTATC,10,0.6588538004077538
CCACGGATCCTAGAAC,9,0.9159827987619701
CCACGGATCGGAAATA,9,0.8768628562800452
CCACGGATCGTAGGAG,9,0.9141391531897695
CCACGGATCTCTAAGG,9,0.8217336847554532
CCACTACAGACGCTTT,9,0.9338225411876384
CCACTACAGCCGATTT,9,0.8139314117306707
CCACTACAGGCGACAT,9,0.8452738859670351
CCACTACAGGCGTACA,9,0.9264748558504887
CCACTACAGTTGCAGG,9,0.920631797559722
CCACTACCAAAGAATC,9,0.9325610240646838
CCACTACCACCGGAAA,10,0.6875332330852303
CCACTACCAGTCAGCC,9,0.928197532258238
CCACTACCATGGGAAC,9,0.9325481490276273
CCACTACTCGCCGTGA,10,0.5882812646366495
CCACTACTCGTACGGC,10,0.7301264480253115
CCACTACTCTCCGGTT,9,0.9359498428375608
CCACTACTCTGCAAGT,9,0.9335255463716378
CCAGCGAAGAAGGACA,9,0.9968803949045489
CCAGCGAAGGCAATTA,9,0.9221011379806701
CCAGCGAAGGTGCACA,9,0.9242374939786274
CCAGCGACAATGGATA,9,0.9093459104939359
CCAGCGACACAGCGTC,9,0.9999999901901507
CCAGCGACACGGACAA,9,0.935636086677448
CCAGCGACACTCGACG,9,0.8378344014749198
CCAGCGACATAGAAAC,9,0.9336186845833739
CCAGCGACATGGATGG,9,0.9156650140263204
CCAGCGAGTAAGTTCC,9,0.9999999999953824
CCAGCGAGTACAGCAG,9,0.9170109176391146
CCAGCGAGTACAGTGG,7,0.9297907130491623
CCAGCGAGTGAAATCA,9,0.935176408531765
CCAGCGAGTTGTCGCG,9,0.9359498438820486
CCAGCGATCACAGTAC,9,0.9298382008957232
CCAGCGATCACCTCGT,9,0.9181376435727924
CCAGCGATCACTTATC,9,0.8423306923927276
CCAGCGATCGAATCCA,9,0.9999967223338315
CCATGTCAGCTGCGAA,9,0.9199340419746542
CCATGTCAGTGTTTGC,9,0.9140241690440764
CCATGTCAGTTTGCGT,9,0.9281975789160545
CCATGTCCACAGACAG,9,0.8768628586939865
CCATGTCCACCACCAG,9,0.9360147732591338
CCATGTCCACCGATAT,9,0.9034368298535308
CCATGTCCACGTAAGG,9,0.9289319759482405
CCATGTCGTACCGAGA,10,0.5134435337786001
CCATGTCGTCAGGACA,9,0.8217336863644888
CCATGTCGTGAGGGTT,10,0.6551272613177191
CCATGTCGTTCCGGCA,9,0.934498144146871
CCATGTCTCAAGATCC,9,0.9356683392408726
CCATGTCTCAGCATGT,9,0.8948273508147662
CCATGTCTCCATTCTA,10,0.5806780762148529
CCATGTCTCGATGAGG,9,0.9289335181992742
CCATTCGAGACAGACC,9,0.9325481569596774
CCATTCGAGACCGGAT,9,0.8707480539410413
CCATTCGAGCAACGGT,10,0.5719188946450475
CCATTCGAGGTAGCCA,9,0.9336707051202886
CCATTCGAGTGAACGC,9,0.923502722321665
CCATTCGCAACACCTA,9,0.935419265148355
CCATTCGCACATTTCT,9,0.9359498430333254
CCATTCGGTAAGAGGA,9,0.9077028344319917
CCATTCGGTAATAGCA,10,0.7572561844378987
CCATTCGGTCAGCTAT,9,0.9110393336741669
CCATTCGGTGAACCTT,9,0.9356696205153061
CCATTCGTCATGTAGC,9,0.9324561507787907
CCATTCGTCGTATCAG,10,0.7843443844220798
CCATTCGTCTTGCAAG,10,0.5010187177019353
CCCAATCAGAATAGGG,10,0.7843443873951661
CCCAATCCAACACCTA,9,0.8985303881894817
CCCAATCCAAGAGGCT,9,0.9359498448140439
CCCAATCCACAGACTT,9,0.9344939939816503
CCCAATCCACGGTAGA,9,0.9999995445352841
CCCAATCCACTGAAGG,9,0.9261777899369715
CCCAATCCAGGGATTG,9,0.8764930720823253
CCCAATCCATGCATGT,9,0.9506880483355425
CCCAATCGTAAATACG,10,0.7010412751238319
CCCAATCGTCTTCTCG,0,0.9447524990502053
CCCAATCTCCCAGGTG,9,0.928188277719279
CCCAATCTCTAACTTC,9,0.9344813181576413
CCCAATCTCTACTATC,9,0.9988091094067197
CCCAGTTAGAAACCGC,9,0.9356696172048621
CCCAGTTAGATCCCGC,10,0.6579536801014447
CCCAGTTAGTAATCCC,9,0.8645371125833288
CCCAGTTCAAGCCGTC,10,0.5304974676374842
CCCAGTTCACCCAGTG,9,0.9336187025461228
CCCAGTTCATTCTTAC,10,0.7738656127861145
CCCAGTTGTAGAGCTG,9,0.9289335034297519
CCCAGTTGTAGGAGTC,9,0.9356696204778308
CCCAGTTGTTTGGGCC,9,0.9347804685596713
CCCAGTTTCTGTCAAG,10,0.5474147407310805
CCCATACAGAAGCCCA,9,0.9264748371183601
CCCATACAGCTTATCG,9,0.9325615100319825
CCCATACCAACACCCG,9,0.8216762100812377
CCCATACCACCAGTTA,9,0.9344981439286767
CCCATACCATCACGAT,9,0.9298382029235901
CCCATACGTTAAGATG,9,0.9234992773903368
CCCATACTCCACTGGG,9,0.9325481567185814
CCCATACTCCTAGTGA,9,0.9821267520156117
CCCATACTCGCCCTTA,9,0.8946990580546409
CCCATACTCTTACCTA,9,0.8299915917542114
CCCTCCTAGAGTTGGC,9,0.9359498448530942
CCCTCCTAGCAAATCA,9,0.9335407610618653
CCCTCCTAGGCTCATT,10,0.5472312621724829
CCCTCCTAGGTAGCCA,9,0.804802776395777
CCCTCCTAGTCCTCCT,9,0.9280012483075512
CCCTCCTCACCTGGTG,9,0.9347804705653617
CCCTCCTCAGAGCCAA,9,0.93254815683649
CCCTCCTCAGGGATTG,9,0.9344981442592724
CCCTCCTCATAACCTG,9,0.904120383450868
CCCTCCTCATGGAATA,9,0.9999992031157247
CCCTCCTCATTCCTGC,9,0.9344981419391726
CCCTCCTGTGCAGTAG,9,0.9347804701062172
CCCTCCTTCCGCAGTG,10,0.6977794708434584
CCCTCCTTCGCGCCAA,9,0.9999999999365004
CCCTCCTTCTAGAGTC,10,0.5306536143786493
CCGGGATAGACACTAA,9,0.999850197496608
CCGGGATAGCCCAATT,9,0.9309445283686713
CCGGGATAGGAGTTGC,9,0.900281967332447
CCGGGATAGGCCGAAT,9,0.9240638596700026
CCGGGATAGTATTGGA,10,0.538110109668014
CCGGGATAGTCGAGTG,9,0.9235027256020822
CCGGGATGTCAGCTAT,9,0.9243330676929525
CCGGGATGTTCAGGCC,9,0.9338276637596891
CCGGGATGTTCCCGAG,9,0.929838203694659
CCGGGATGTTTACTCT,10,0.5474143887285732
CCGGGATTCACATACG,9,0.9344981440235726
CCGGGATTCACGATGT,9,0.9847243605291488
CCGGTAGAGACAGGCT,9,0.8334471573756402
CCGGTAGAGCTAGTCT,10,0.7396370905741113
CCGGTAGAGTATGACA,9,0.8378343977173075
CCGGTAGAGTGGTAGC,10,0.7811585131332367
CCGGTAGCAAACGTGG,9,0.9351834069644375
CCGGTAGCAGATCTGT,10,0.71412287491307
CCGGTAGCATCGACGC,9,0.9030121638780253
CCGGTAGGTCTCCCTA,10,0.5310666074232537
CCGGTAGTCATGTCTT,9,0.9045503184964494
CCGGTAGTCGCGCCAA,10,0.7012489916643245
CCGTACTAGCTCTCGG,9,0.999999997425463
CCGTACTAGTGTTGAA,9,0.9351834058222763
CCGTACTCACAGACTT,9,0.9186580824754929
CCGTACTCAGGGCATA,9,0.9360147745416991
CCGTACTGTCATTAGC,10,0.7515094682625636
CCGTACTGTCGGATCC,9,0.9998918342168599
CCGTACTGTTAAGTAG,9,0.9357853018704781
CCGTACTGTTACGTCA,0,0.9447689560968786
CCGTACTTCACGCGGT,9,0.8508583415839915
CCGTACTTCAGTTAGC,9,0.9160997112418011
CCGTACTTCGAACGGA,9,0.9999663916099181
CCGTACTTCTCAAACG,9,0.9171955718694528
CCGTGGAAGATCCCGC,9,0.9351834080470699
CCGTGGACAACGATCT,9,0.8917944587511926
CCGTGGACAGCAGTTT,9,0.8452738013142977
CCGTGGACAGCGAACA,9,0.9351834087732213
CCGTGGAGTACGACCC,9,0.9217177196762232
CCGTGGAGTCCTCCAT,9,0.9359498438296301
CCGTGGAGTGAAGGCT,9,0.9221011586550437
CCGTGGATCACATGCA,9,0.9196625401530345
CCGTGGATCTCTAAGG,9,0.8651169830433161
CCGTTCAAGGACATTA,9,0.8272828047601225
CCGTTCAAGGTGTTAA,9,0.9360147710329517
CCGTTCAAGTGAACAT,9,0.9344981442296835
CCGTTCACAATGACCT,9,0.907702866444997
CCGTTCAGTCACAAGG,9,0.9999999893372193
CCGTTCAGTGACTCAT,9,0.9077028660725495
CCGTTCAGTTAAGACA,9,0.8498737637885998
CCGTTCATCGTGGACC,9,0.9009109944317565
CCGTTCATCGTTACAG,0,0.9857218994083247
CCTAAAGAGACAGGCT,9,0.8589925149457593
CCTAAAGAGCTGTCTA,9,0.9980771048192046
CCTAAAGAGGATGGAA,9,0.9999999999970857
CCTAAAGAGTCGCCGT,9,0.9041203942647774
CCTAAAGAGTTATCGC,9,0.9347804707051389
CCTAAAGCAAACTGTC,9,0.9992601041940762
CCTAAAGCAAATCCGT,9,0.9141391502336667
CCTAAAGCATCCGGGT,9,0.865297283772048
CCTAAAGCATTAGCCA,9,0.9999999984628931
CCTAAAGGTAAGCACG,10,0.5553187080112627
CCTAAAGGTACAGACG,9,0.9338282524701901
CCTAAAGGTCGGCATC,9,0.9105953859713682
CCTAAAGGTCTCCATC,9,0.9309432680688104
CCTAAAGTCAACACCA,9,0.8299915925612188
CCTAAAGTCAAGGCTT,9,0.9996088342015629
CCTACACAGACTTGAA,9,0.9234428577011773
CCTACACAGAGGACGG,9,0.9354472849051121
CCTACACAGCGTGTCC,9,0.8378343990408192
CCTACACAGTGAATTG,9,0.9281975904744212
CCTACACCACCCTATC,9,0.9298382038438819
CCTACACCAGATCTGT,9,0.9999999989031157
CCTACACCATAGTAAG,9,0.9338282525748572
CCTACACGTACTTAGC,9,0.9351768604790619
CCTACACGTATCGCAT,9,0.9351830409231758
CCTACACGTCACACGC,9,0.9312879676371421
CCTACACGTCCGTTAA,10,0.7953214329468777
CCTACACGTGGGTATG,10,0.5723668008880406
CCTACACGTTCAGACT,9,0.9999999914597767
CCTACACTCATACGGT,9,0.935949844829657
CCTACCAAGGGAGTAA,9,0.8571444602318967
CCTACCAAGTGCGATG,9,0.900152954055131
CCTACCACAGCGATCC,9,0.9999936292535859
CCTACCATCACCATAG,9,0.8727329250154444
CCTACCATCCTACAGA,9,0.9298382010455052
CCTAGCTAGCACCGTC,10,0.7851828009947641
CCTAGCTAGCCATCGC,9,0.9992601060558173
CCTAGCTAGCGTTTAC,9,0.9045490920069413
CCTAGCTAGGTGCAAC,9,0.9999999952818215
CCTAGCTAGTTACGGG,9,0.9351834081555057
CCTAGCTAGTTGAGTA,9,0.9356696205362504
CCTAGCTCAAACAACA,9,0.8712497097962386
CCTAGCTCACACGCTG,9,0.9281975892543158
CCTAGCTCATACCATG,9,0.9196622716025646
CCTAGCTGTCGCCATG,9,0.8830857167223609
CCTAGCTTCAACGGGA,9,0.9855137971929168
CCTAGCTTCGGCATCG,9,0.9289335220702455
CCTATTAAGTCCGGTC,10,0.5492515464339919
CCTATTACACAGACTT,9,0.9999999329279711
CCTATTACATCCGTGG,9,0.8405465580977103
CCTATTACATCTGGTA,9,0.8650813351310589
CCTATTAGTAGCTTGT,9,0.9041203941774973
CCTATTATCACTCTTA,9,0.9338282530988339
CCTCAGTAGCGTGTCC,9,0.9085253813233993
CCTCAGTCAAGGCTCC,9,0.9999999979419593
CCTCAGTCAGACAAAT,9,0.9193388651459649
CCTCAGTCAGGTCTCG,9,0.9344981432959991
CCTCAGTCAGTACACT,9,0.8335450401384967
CCTCAGTGTTGACGTT,10,0.7396361061288699
CCTCTGAAGGAGCGTT,9,0.9344871560523823
CCTCTGAAGTGTTAGA,9,0.9360101211755019
CCTCTGACAATGAAAC,9,0.9002819674933055
CCTCTGACACATAACC,0,0.9885214979129223
CCTCTGACACGGATAG,9,0.9229013605495504
CCTCTGACAGTATCTG,9,0.9928091323229384
CCTCTGACATCAGTCA,9,0.9199360378766754
CCTCTGACATCCTTGC,9,0.9312879762787702
CCTCTGACATGCTAGT,9,0.9221011605474905
CCTCTGACATTGAGCT,9,0.8936329799324769
CCTCTGAGTGACCAAG,9,0.9336187004979243
CCTCTGAGTTAGGGTG,9,0.9325481568800932
CCTCTGATCAGTGCAT,9,0.932548156720925
CCTCTGATCCCATTAT,10,0.7864059372640598
CCTCTGATCTGTCTCG,9,0.9264740899287143
CCTTACGAGCCCAACC,9,0.9779548286424397
CCTTACGAGTAAGTAC,0,0.9885214979129223
CCTTACGAGTGGGCTA,10,0.5613012631621759
CCTTACGAGTTTGCGT,9,0.9347017960026748
CCTTACGCAAGCGCTC,9,0.9354472853347652
CCTTACGCAGCTTCGG,9,0.9077028663979094
CCTTACGCAGGCTCAC,9,0.9347804704379233
CCTTACGGTATATGAG,9,0.9340298926622967
CCTTACGGTTTGTTGG,9,0.9221011502773048
CCTTACGTCAAGAAGT,9,0.9360147737287198
CCTTACGTCACTTATC,9,0.9358519879312803
CCTTACGTCAGGCGAA,10,0.5553187080112627
CCTTCCCAGAGGGATA,9,0.9170108966636435
CCTTCCCAGCCACTAT,10,0.7515137873983441
CCTTCCCAGGATGGTC,9,0.9356696203322252
CCTTCCCCAATGGAGC,9,0.9050753910431861
CCTTCCCGTCGCGAAA,9,0.9354472855533685
CCTTCCCGTTTAGCTG,9,0.9358523517813478
CCTTCCCTCACAACGT,9,0.9105979930528575
CCTTCCCTCCTAGTGA,9,0.9118896366178862
CCTTCCCTCTAACGGT,10,0.6285948477257067
CCTTCGAAGAACAACT,9,0.9999999987714404
CCTTCGAAGAGAACAG,9,0.9170109181909575
CCTTCGAAGAGCTGGT,9,0.9309445280770776
CCTTCGAAGGAGTACC,9,0.9347804704732476
CCTTCGACATACGCTA,9,0.8885615137619952
CCTTCGACATTCGACA,10,0.7272949354540527
CCTTCGAGTAACGTTC,5,0.9450499386031807
CCTTCGAGTACCGGCT,9,0.999999995143006
CCTTCGAGTAGCGCAA,9,0.9322703801780867
CCTTCGAGTATAGGTA,9,0.8451448152254329
CCTTCGAGTGCTAGCC,9,0.9243330705769535
CCTTCGATCCTCGCAT,9,0.9354472805927004
CCTTCGATCGCATGAT,9,0.9224039526248842
CCTTCGATCGCTTAGA,9,0.935669620748585
CCTTTCTAGAATGTGT,9,0.935447284939024
CCTTTCTAGCACCGCT,9,0.9808312597144959
CCTTTCTAGGCAATTA,9,0.8652972391936627
CCTTTCTCAGGACCCT,10,0.6551274088355445
CCTTTCTGTAAGTGGC,9,0.8766705702098359
CCTTTCTGTGAGCGAT,9,0.9298364450266062
CCTTTCTGTGTAAGTA,9,0.999999999194835
CCTTTCTTCCTTGCCA,9,0.9289335216577366
CCTTTCTTCTTCAACT,9,0.9156757345133136
CGAACATAGAAGGCCT,9,0.9325552247846497
CGAACATAGCCGATTT,9,0.9035036685381638
CGAACATAGGCTCATT,9,0.9264748557679772
CGAACATAGTTCGCGC,10,0.7396370908670209
CGAACATCAACGCACC,9,0.935949842010976
CGAACATCAACTTGAC,9,0.9351693363962311
CGAACATCAGCCTTTC,9,0.9263637148470818
CGAACATCAGCTGCTG,10,0.701231901643113
CGAACATCATGCCCGA,9,0.9344973050541074
CGAACATGTCATATCG,9,0.9999999830000907
CGAACATGTCGATTGT,9,0.9999999886198859
CGAACATGTGCACTTA,9,0.999999549104971
CGAACATTCAGAGGTG,9,0.934764993099325
CGAATGTAGAGTACAT,9,0.9105873353897003
CGAATGTAGCTGTCTA,9,0.9264748539947557
CGAATGTAGTTAAGTG,9,0.9105956477285756
CGAATGTCATTACCTT,9,0.9719858748527864
CGAATGTGTTTAAGCC,9,0.9354457272473674
CGAATGTTCCTCTAGC,9,0.9047338781557951
CGACCTTCAGGACGTA,9,0.9128743741567019
CGACCTTCAGGTTTCA,9,0.9264748560641961
CGACCTTCATACGCCG,9,0.999999930423565
CGACCTTTCACCGGGT,9,0.8957461506897954
CGACCTTTCCACGACG,9,0.9999999996723902
CGACTTCAGTTTGCGT,9,0.9359278437849965
CGACTTCCAGCTGTGC,9,0.812900859100672
CGACTTCCATTAGGCT,9,0.8111777500753852
CGACTTCGTCAGAATA,9,0.999999995389405
CGACTTCGTCTTGATG,9,0.88214955766981
CGACTTCGTTACGTCA,9,0.9347804707832374
CGACTTCGTTCCTCCA,9,0.9298382035305953
CGACTTCTCATACGGT,9,0.930944513607287
CGACTTCTCTTGAGGT,9,0.9156757355154592
CGAGAAGAGAAGAAGC,10,0.7013034763279643
CGAGAAGAGCTGCGAA,9,0.9264735851515958
CGAGAAGCAATGGTCT,9,0.9351444639494217
CGAGAAGCAGCTGTTA,9,0.935949789454108
CGAGAAGCATCCGGGT,9,0.8808059950760327
CGAGAAGGTGATAAAC,9,0.9360147733681288
CGAGAAGGTGATGTGG,9,0.829111783090811
CGAGAAGGTGCACTTA,9,0.9347804706295396
CGAGAAGGTGTGAATA,9,0.8521243234411384
CGAGAAGTCTTCCTTC,10,0.5033059140993732
CGAGCACAGCGTCAAG,0,0.9447689560968786
CGAGCACAGCTGCAAG,9,0.9334885192271982
CGAGCACCAAGTAGTA,9,0.93601477328858
CGAGCACCACACGCTG,10,0.6768751416609338
CGAGCACCATTTCACT,9,0.9347804701232904
CGAGCACGTAAGTGGC,9,0.9999999974236171
CGAGCACGTAGCTTGT,10,0.7272949355106244
CGAGCACGTCTGCGGT,9,0.935669592434456
CGAGCACTCACGCGGT,10,0.7470715325401531
CGAGCCAAGTCTCAAC,9,0.919651211236784
CGAGCCACAATGCCAT,9,0.9358523516395576
CGAGCCACATTCTCAT,9,0.9360147745757216
CGAGCCACATTTCACT,9,0.9281808782500058
CGAGCCAGTGGGTATG,10,0.513443533630909
CGATCGGAGACATAAC,9,0.9809105693181326
CGATCGGAGCTAGCCC,9,0.8451943458163672
CGATCGGAGGTGTGGT,10,0.5893171241542645
CGATCGGAGTGTTGAA,9,0.9999997257352449
CGATCGGCAAGCTGAG,9,0.9312879696573735
CGATCGGCACAACTGT,9,0.9100210338542647
CGATCGGCACCAGATT,9,0.9170109170226312
CGATCGGCATTGGCGC,9,0.9069701319694391
CGATCGGGTCCTCCAT,10,0.7159423373140844
CGATCGGGTCGACTGC,9,0.9358523510048187
CGATCGGGTCGTTGTA,9,0.9077028643381853
CGATCGGGTTATGCGT,9,0.9344981437685838
CGATCGGTCAAGCCTA,9,0.9999999996692029
CGATCGGTCACTTATC,9,0.9336187019012264
CGATCGGTCCCGGATG,9,0.9298381857917773
CGATCGGTCGCTAGCG,9,0.9281975855195115
CGATCGGTCTGTCCGT,9,0.9351832964600347
CGATGGCAGATCCCAT,9,0.8217323358417719
CGATGGCAGCCAACAG,9,0.999999975185862
CGATGGCAGCCTCGTG,9,0.9997463890588046
CGATGGCAGCGTAATA,9,0.9999960744558349
CGATGGCAGGTAAACT,10,0.5641546332753586
CGATGGCAGTACGTTC,9,0.9045451515757361
CGATGGCCAAACGCGA,9,0.9999999991174231
CGATGGCGTCTCCACT,9,0.9354472843098078
CGATGGCTCAACACCA,9,0.9134770932488033
CGATGTAAGACTAGAT,9,0.8217307113780875
CGATGTAAGTCAAGGC,9,0.9281665733407881
CGATGTACACAAGTAA,9,0.9325371926603676
CGATGTACACGGTAAG,9,0.9243330722355927
CGATGTACACTGTTAG,9,0.8917944582414127
CGATGTACATGATCCA,9,0.9309445281417762
CGATGTACATTCTCAT,9,0.9105965923697438
CGATGTAGTGAGGGAG,9,0.9347672364899986
CGATTGAAGACCGGAT,9,0.816584121316914
CGATTGACAAGACGTG,9,0.9325615140425276
CGATTGACAATCAGAA,9,0.9344981399339458
CGATTGAGTATATGAG,0,0.9885214979129223
CGCCAAGAGTGGGTTG,9,0.8819484051769704
CGCCAAGCACTGAAGG,9,0.9246853190331585
CGCCAAGCATACTACG,9,0.9221011605404801
CGCCAAGGTGTGGTTT,9,0.8324326114700314
CGCCAAGGTTTAAGCC,9,0.9312879752246278
CGCCAAGGTTTCGCTC,9,0.9336187010809672
CGCCAAGTCAGGTTCA,9,0.9977423462121814
CGCCAAGTCCACTCCA,9,0.9105939476036601
CGCCAAGTCCGTCAAA,9,0.9221011595945925
CGCCAAGTCGTAGATC,9,0.9287951329973549
CGCCAAGTCTCTAGGA,9,0.9354472776544132
CGCGGTAAGAGGTAGA,9,0.891794452386179
CGCGGTACAAGCCCAC,9,0.9281975632348933
CGCGGTACAGTAAGAT,9,0.9354472853810526
CGCGGTAGTATCAGTC,9,0.9356696130824157
CGCGGTAGTCATTAGC,9,0.9156757352255442
CGCGGTAGTGAGTGAC,9,0.9347387015118892
CGCGGTATCACATGCA,9,0.9281975894211539
CGCGGTATCCGAAGAG,9,0.9045502419854067
CGCGGTATCGTAGATC,9,0.9312879755164193
CGCGGTATCTACCAGA,9,0.9312879754109381
CGCGTTTAGAGCTTCT,9,0.9312879759305396
CGCGTTTAGGGTCGAT,9,0.9999999282145423
CGCGTTTAGTGGAGAA,9,0.9141391535936744
CGCGTTTCAAGAAAGG,9,0.9002819668546028
CGCGTTTGTAACGACG,9,0.9263637145789402
CGCGTTTGTCATTAGC,10,0.7738651435395802
CGCGTTTGTGACTCAT,9,0.9999999995562118
CGCGTTTTCATGCTCC,10,0.5209039386961524
CGCGTTTTCGCCATAA,10,0.7943634130580371
CGCGTTTTCGGCGCAT,10,0.7305169553961713
CGCGTTTTCGGTGTCG,9,0.9856031129796605
CGCGTTTTCTCCGGTT,10,0.6859141733324086
CGCTATCAGAAGGTTT,9,0.9309080486656185
CGCTATCAGGGTCGAT,9,0.9235027248007213
CGCTATCCAACTTGAC,9,0.9324155902468819
CGCTATCCAGATGAGC,9,0.8217336854941427
CGCTATCTCAGAGCTT,9,0.9235027125054606
CGCTATCTCAGCCTAA,9,0.9060848910434999
CGCTATCTCCTAGAAC,9,0.932510994170328
CGCTGGAAGCTACCTA,10,0.520903911409791
CGCTGGACACTGAAGG,9,0.9263637129089884
CGCTGGACATGATCCA,9,0.9346871974149462
CGCTGGAGTGGCAAAC,9,0.9110393300900642
CGCTGGAGTTGAGTTC,10,0.7301553077175411
CGCTGGAGTTGTGGCC,9,0.915675735395574
CGCTGGATCAAACCAC,9,0.8432805331865665
CGCTGGATCAGAGCTT,9,0.9221011586345605
CGCTGGATCGCGATCG,9,0.9208179196193399
CGCTGGATCGCTTGTC,9,0.9359498444307403
CGCTGGATCTGATTCT,9,0.9344981442586722
CGCTGGATCTTCCTTC,9,0.933828253050867
CGCTTCAAGCCACTAT,10,0.5552790597223359
CGCTTCAAGTGCGTGA,9,0.9999999991098616
CGCTTCAAGTTGTAGA,9,0.9235027254729661
CGCTTCACAACGATGG,9,0.9298382036123718
CGCTTCACACAGGCCT,9,0.9310197923766758
CGCTTCACATGAGCGA,9,0.9336183902664776
CGCTTCAGTAATAGCA,9,0.9351834085941285
CGCTTCATCAGAGCTT,9,0.9338282529658694
CGGACACAGGAGTTGC,9,0.9026242700702716
CGGACACAGGTGATTA,9,0.9281975868578295
CGGACACCAAACGTGG,9,0.9325481549209106
CGGACACCAAGCTGTT,9,0.9945619344198183
CGGACACCACCAGTTA,10,0.5552790589361448
CGGACACCACGAGAGT,10,0.5291507466429344
CGGACACCAGTAGAGC,9,0.9289335207846128
CGGACACCATTATCTC,9,0.9999999958308345
CGGACACGTATAAACG,9,0.9999992899833555
CGGACACGTTAAGATG,9,0.9999999836192682
CGGACACGTTTAGGAA,9,0.9336186917778816
CGGACACTCGCCAAAT,9,0.9999999978169339
CGGACACTCTGTCCGT,9,0.9288352439330905
CGGACGTAGGGTGTTG,9,0.9101544327234509
CGGACGTAGTGGTAGC,9,0.9221011605352143
CGGACGTAGTGTCCAT,9,0.8727329225997084
CGGACGTCACAGAGGT,9,0.935949838273587
CGGACGTGTACGAAAT,9,0.9358523512293133
CGGACGTGTAGAGCTG,9,0.999913774614162
CGGACGTGTTCGCTAA,9,0.9221011580568016
CGGACGTGTTGATTCG,9,0.9344981439062079
CGGACTGAGAAACCAT,9,0.951426880614904
CGGACTGAGACTACAA,9,0.8917944585888111
CGGACTGAGACTAGGC,9,0.8299915923187651
CGGACTGAGGCGATAC,9,0.9298382034270702
CGGACTGAGTTCCACA,9,0.8712497234729882
CGGACTGCAAGAAGAG,10,0.639721975129316
CGGACTGCACAGACTT,9,0.9156757278424801
CGGACTGCAGTTCATG,0,0.9447524990502053
CGGACTGGTAAACCTC,9,0.924194608322901
CGGACTGGTAGGGACT,9,0.9347780220086623
CGGACTGGTCGTTGTA,9,0.8956309321965672
CGGACTGTCAGGCCCA,9,0.9997919612840734
CGGACTGTCCTTTCTC,9,0.9999963896302837
CGGAGCTAGAGGTTAT,9,0.80585294481214
CGGAGCTAGCTAGGCA,10,0.5552790596888048
CGGAGCTAGGCACATG,9,0.9170109160555794
CGGAGCTAGTCCCACG,9,0.9289005615304567
CGGAGCTAGTGCTGCC,9,0.9264720328811501
CGGAGCTCACAACTGT,9,0.9221011320686994
CGGAGCTCAGGTCCAC,9,0.8058529460760293
CGGAGCTTCACCACCT,9,0.8839446681638667
CGGAGCTTCACTTACT,9,0.9045437018348282
CGGAGCTTCTTGACGA,9,0.9263637042880767
CGGAGTCAGAGGGCTT,0,0.9886651535904066
CGGAGTCAGGACTGGT,9,0.914336487305902
CGGAGTCAGGTGATTA,9,0.9999999985330542
CGGAGTCAGTGCGATG,10,0.5698542224056482
CGGAGTCCAGCCAGAA,5,0.9888225964002773
CGGAGTCCATATGCTG,10,0.6285391426235226
CGGAGTCGTAGAGCTG,9,0.9347804700183825
CGGAGTCGTCCATGAT,9,0.9243330709063895
CGGAGTCGTCCGAATT,9,0.9235027254444635
CGGAGTCTCGGGAGTA,9,0.9356670188546142
CGGAGTCTCTCCCTGA,9,0.9312877734479242
CGGCTAGAGAGATGAG,9,0.928197528879207
CGGCTAGCAGCAGTTT,9,0.935949842658913
CGGCTAGGTCTCAACA,9,0.9999997282349873
CGGCTAGGTGTTCTTT,9,0.9984350999342898
CGGCTAGTCACGCGGT,9,0.9234662526616081
CGGCTAGTCGCGTTTC,5,0.8957372583552742
CGGCTAGTCGGAGCAA,9,0.8899444817128588
CGGCTAGTCGGCATCG,9,0.9263637149997856
CGGCTAGTCGGTCCGA,9,0.9359498404808274
CGGGTCAAGAATCTCC,9,0.9105979633158997
CGGGTCAAGCGTAGTG,9,0.9156757304478264
CGGGTCAAGGAGTCTG,9,0.9156757342828118
CGGGTCAAGTACCGGA,9,0.9351834043838693
CGGGTCACATTAACCG,9,0.9336799323381502
CGGGTCAGTGCGCTTG,9,0.9325615139058674
CGGGTCATCACAACGT,0,0.917444617614572
CGGGTCATCGGCGCTA,9,0.9199362324549644
CGGGTCATCTTTAGGG,10,0.686279918399338
CGGTTAACAAGTTAAG,9,0.9358523505961441
CGGTTAACAGATTGCT,9,0.9325403102419163
CGGTTAACAGTTTACG,9,0.9349911796284027
CGGTTAAGTTTCCACC,10,0.736954795071944
CGGTTAATCCTCATTA,9,0.9354472852576144
CGGTTAATCTCGAGTA,9,0.9999999985430916
CGGTTAATCTTGTATC,9,0.9263637082678244
CGTAGCGAGACAATAC,9,0.9354472847266191
CGTAGCGAGTCTCAAC,9,0.8452737681319834
CGTAGCGCAAGGTTTC,9,0.9219790113668593
CGTAGCGCACGTTGGC,9,0.9309445284381206
CGTAGCGGTCGAATCT,9,0.9338282527646184
CGTAGCGGTGGTAACG,9,0.9076187371260779
CGTAGCGGTTCGTGAT,9,0.9338282496227195
CGTAGCGTCCAAACAC,9,0.9110393426118479
CGTAGCGTCTGTCTAT,9,0.9998591329480533
CGTAGGCAGACTAAGT,9,0.9999998421064029
CGTAGGCAGGGCTTCC,9,0.9351743143153164
CGTAGGCCAAGAGGCT,9,0.952760296271465
CGTAGGCCACCTTGTC,10,0.520903938604795
CGTAGGCGTCGCATAT,9,0.9999999993261636
CGTAGGCGTGTGAAAT,9,0.9999999796089213
CGTAGGCTCACGGTTA,9,0.9356696142827423
CGTAGGCTCAGCCTAA,9,0.9358523516833842
CGTAGGCTCCCACTTG,9,0.9360147662639211
CGTAGGCTCCTCAATT,9,0.9264978711388636
CGTAGGCTCTATCGCC,9,0.9351834073603243
CGTCACTAGCCAGGAT,9,0.9355068404650543
CGTCACTAGGCAGGTT,10,0.6541513358303208
CGTCACTAGGGATCTG,9,0.9999999587948867
CGTCACTGTCGCGGTT,9,0.9336186919511217
CGTCACTTCGGAAATA,10,0.6449389252779646
CGTCAGGAGCTAAACA,9,0.9356696109261663
CGTCAGGCAATAGAGT,9,0.9045043406230735
CGTCAGGGTTCAACCA,9,0.926363714713048
CGTCAGGTCATGCTCC,9,0.9358523501397146
CGTCAGGTCCTACAGA,9,0.9814124097348692
CGTCAGGTCTTACCGC,9,0.8639130661644817
CGTCCATAGCCAGAAC,10,0.5552351772029341
CGTCCATAGCGTTGCC,0,0.9885214979129223
CGTCCATAGGTGATAT,10,0.5969483303299712
CGTCCATCAATCACAC,9,0.9344981367216199
CGTCCATCACCAGGTC,9,0.8871226670033615
CGTCCATCACTTAACG,9,0.9360147748698621
CGTCCATCAGTACACT,9,0.9325481567395711
CGTCCATCATATGGTC,10,0.7843440689011812
CGTCCATCATCCGCGA,0,0.9855857517348663
CGTCCATGTTGGACCC,9,0.9235027260317579
CGTCCATTCTGAGTGT,9,0.9156757356209895
CGTCTACAGACGCACA,9,0.9110393469551673
CGTCTACAGATATACG,9,0.9360147751561901
CGTCTACAGATATGGT,10,0.6129309193039839
CGTCTACAGTTCGCAT,9,0.9336186967958148
CGTCTACCAAACGTGG,9,0.9999999999364855
CGTCTACCACATCCGG,9,0.9999999986005935
CGTCTACCACCCAGTG,9,0.9347804709602213
CGTCTACCACTTGGAT,9,0.9999708386785352
CGTCTACCAGACGCTC,10,0.7439317431389271
CGTCTACCAGTGGAGT,9,0.9289335122540532
CGTCTACCATTTCACT,9,0.9156743177966569
CGTCTACGTCAAACTC,0,0.9885336583799726
CGTCTACGTCATCCCT,10,0.6285948615677869
CGTCTACGTCGGCATC,9,0.9243330723998952
CGTCTACGTCTTTCAT,9,0.9338282516959329
CGTCTACGTGGTACAG,9,0.9309445146870728
CGTCTACTCCACGCAG,9,0.9105979982259909
CGTCTACTCGCCATAA,9,0.9297144078483731
CGTCTACTCTTAACCT,10,0.6227181527006148
CGTGAGCAGAATAGGG,9,0.9344981443140662
CGTGAGCAGCTAAACA,9,0.9110393462123277
CGTGAGCAGTACACCT,9,0.9309445272276762
CGTGAGCCAGTTCATG,9,0.93478047073641
CGTGAGCCATTACCTT,9,0.9235027198372693
CGTGAGCCATTGGCGC,9,0.919936245777626
CGTGAGCGTCTCTCTG,9,0.9999999130970044
CGTGAGCGTGCAACGA,9,0.9280429847781705
CGTGAGCTCATTGCCC,9,0.870493154483673
CGTGAGCTCTACCAGA,9,0.8909477302371464
CGTGTAAAGAAGGGTA,7,0.9257094035897511
CGTGTAAAGATATGCA,7,0.9874720681317503
CGTGTAAAGCCCAACC,9,0.9590593439073816
CGTGTAAAGTTCGCGC,9,0.8019871164694026
CGTGTAACAGGTCTCG,10,0.5305614848977062
CGTGTAACAGTATAAG,10,0.40647626987622126
CGTGTAACATGCCACG,10,0.6890990747003165
CGTGTAAGTAACGACG,10,0.7609263287337611
CGTGTAAGTAAGGGCT,9,0.9284200361141173
CGTGTAAGTACTCTCC,10,0.4711922123386907
CGTGTAAGTATCTGCA,10,0.6728120298083686
CGTGTAAGTGCAGACA,10,0.4356393521630057
CGTGTAAGTGCGAAAC,10,0.5500131640060744
CGTGTAAGTGTGCGTC,1,0.884487692346362
CGTGTAATCACTTATC,10,0.7601409942400921
CGTGTAATCGGTTCGG,10,0.39391226081520575
CGTGTCTAGCACACAG,9,0.9234072574795511
CGTGTCTCATGCATGT,9,0.9264747297976124
CGTGTCTGTACAGACG,9,0.9999999989523334
CGTGTCTGTACCGCTG,9,0.9324002622836645
CGTGTCTGTCTCACCT,9,0.919662545019566
CGTGTCTGTCTGCGGT,9,0.9999999989499065
CGTGTCTGTGCCTGTG,9,0.9748279497000946
CGTGTCTGTTCCACGG,9,0.9325615135117169
CGTGTCTGTTGTCTTT,9,0.9999997484444877
CGTGTCTTCAATCACG,9,0.8917944545030603
CGTGTCTTCACCCTCA,9,0.9999999995612986
CGTGTCTTCCTTCAAT,9,0.999999709972978
CGTGTCTTCGGAAACG,9,0.8526580522846383
CGTGTCTTCGGACAAG,9,0.991873787616891
CGTGTCTTCGGCCGAT,10,0.6606388871250222
CGTGTCTTCGTAGGTT,9,0.9325614957087125
CGTGTCTTCTGTCCGT,9,0.9999999996476427
CGTTAGAAGACCGGAT,9,0.9999266688930346
CGTTAGAAGTGGGATC,9,0.9137475199587095
CGTTAGAAGTTTGCGT,9,0.8768626289591616
CGTTAGACAACGATGG,9,0.9110393471620044
CGTTAGACAAGCCTAT,9,0.9347804708897831
CGTTAGACACCAACCG,9,0.91567573558592
CGTTAGAGTTGGTTTG,9,0.9358523513743251
CGTTAGATCAGTTGAC,9,0.9356696055576612
CGTTCTGAGATAGGAG,9,0.9105979983499097
CGTTCTGCACGGTTTA,9,0.9325481569414915
CGTTCTGGTAGGGTAC,9,0.9336186976796691
CGTTCTGGTTAAGGGC,9,0.918579320712183
CGTTCTGGTTACGCGC,9,0.8871226664203042
CGTTCTGTCACCGTAA,9,0.935180230346379
CGTTCTGTCCAAGTAC,9,0.9358523506017378
CGTTCTGTCCTTTACA,9,0.9356696205062618
CGTTCTGTCGGCGCTA,9,0.9999999999566983
CGTTCTGTCTGAGGGA,9,0.9284493137939909
CGTTGGGAGGGATCTG,9,0.9998768515991944
CGTTGGGAGTCCGGTC,10,0.6285948606290259
CGTTGGGAGTTGAGAT,9,0.9323654234947537
CGTTGGGCAAGTCATC,9,0.999999993249559
CGTTGGGCACAGCGTC,9,0.9336750708940461
CGTTGGGCATTGGGCC,9,0.9999998877581235
CGTTGGGGTGCAGGTA,10,0.7037914686527643
CGTTGGGTCGTGACAT,9,0.9347802356927195
CGTTGGGTCTTGGGTA,9,0.9999999999947037
CTAACTTAGAGAACAG,9,0.9999999977189252
CTAACTTAGATGTCGG,9,0.9220235494614288
CTAACTTAGATGTGGC,9,0.9354472617835375
CTAACTTAGCAGCCTC,10,0.539108984539912
CTAACTTAGGTAGCTG,9,0.9312879757820376
CTAACTTAGGTGCACA,10,0.5381099930409257
CTAACTTAGTCATCCA,9,0.9356696180917103
CTAACTTCACCGCTAG,9,0.9325479055014355
CTAACTTCAGGCAGTA,9,0.9312879764449111
CTAACTTGTATATCCG,9,0.947710373394242
CTAACTTTCAGTTCGA,9,0.9961561220934253
CTAACTTTCATTTGGG,9,0.9999999818921788
CTAAGACAGACCTAGG,9,0.915273639852246
CTAAGACAGGGTGTGT,9,0.910597998353988
CTAAGACAGTGCAAGC,9,0.9325481555924818
CTAAGACAGTGCTGCC,9,0.8481771781099622
CTAAGACCAAATCCGT,9,0.9325481562772686
CTAAGACCATAAGACA,9,0.9156757269486427
CTAAGACGTACAGTTC,9,0.9360138955255323
CTAAGACGTTCATGGT,9,0.904550318930618
CTAAGACTCACTATTC,9,0.9999999997961794
CTAAGACTCCAAATGC,10,0.580678037926667
CTAAGACTCCACGTGG,9,0.9351826870072629
CTAAGACTCGGTCCGA,0,0.9420768590270595
CTAATGGAGCTCTCGG,9,0.9932969251295874
CTAATGGAGTTTAGGA,9,0.9196105654249992
CTAATGGCAATGGAGC,9,0.9999997484959336
CTAATGGCACCCTATC,9,0.9263637126703242
CTAATGGCACTGTGTA,10,0.7843443878368082
CTAATGGCAGAGTGTG,9,0.9199215445696474
CTAATGGTCAACGGGA,9,0.9309441224071032
CTAATGGTCGAGAACG,9,0.9325615106536236
CTACACCAGAAGGCCT,9,0.9999999832873196
CTACACCAGTGGAGAA,9,0.9156348224870408
CTACACCCATGCTGGC,0,0.9855857517348663
CTACACCGTAAGTTCC,9,0.9151795911375445
CTACACCGTAGGCTGA,9,0.9295157278474496
CTACACCGTGACTCAT,0,0.9584394161799328
CTACACCTCAGATAAG,10,0.7738658466930676
CTACACCTCCGAAGAG,9,0.9351426118026603
CTACATTAGACGACGT,9,0.9999998941983095
CTACATTAGTTGTAGA,9,0.9325615133848634
CTACATTAGTTGTCGT,9,0.9359498368974734
CTACATTCACCATGTA,9,0.9344981408846176
CTACATTCACGTTGGC,9,0.8881650487289076
CTACATTCAGAAGCAC,9,0.9358519285369613
CTACATTCAGATAATG,9,0.8341245250843815
CTACATTCAGCTATTG,9,0.9141391417235829
CTACATTGTAGCGCTC,10,0.784343884127473
CTACATTGTGTTAAGA,10,0.3812867568717894
CTACATTTCATGTCCC,9,0.9235027259531318
CTACCCAAGATGTTAG,9,0.933618703509813
CTACCCAAGTACGCGA,10,0.6708762616337034
CTACCCAAGTGGTCCC,9,0.9289335076980404
CTACCCACAAGAGGCT,9,0.9999608090650735
CTACCCACAATAGCGG,10,0.5304974668664519
CTACCCACACTTCGAA,9,0.9358523508717226
CTACCCACAGTCCTTC,9,0.8890274298438149
CTACCCACATCGTCGG,9,0.9940126687701469
CTACCCAGTAGGCTGA,9,0.926363715012118
CTACCCAGTCATGCCG,10,0.6734009836971572
CTACCCAGTTATCGGT,9,0.9014071577235415
CTACCCATCAGCTCTC,9,0.9264748536013674
CTACCCATCATAACCG,9,0.932447586744365
CTACCCATCTGTCCGT,0,0.9886651535904066
CTACGTCAGGATGTAT,10,0.5018823482119166
CTACGTCAGGCAATTA,9,0.9264748558072872
CTACGTCAGTAGGCCA,9,0.9995680505055655
CTACGTCCACTTACGA,9,0.9325615126754245
CTACGTCCAGGGATTG,9,0.9999999973455932
CTACGTCCAGTAAGAT,9,0.9420506421316287
CTACGTCCATACAGCT,9,0.9420500432809534
CTACGTCGTACTTAGC,9,0.9156757345175042
CTACGTCGTCGACTAT,9,0.9289335215479755
CTACGTCGTTGGTTTG,9,0.9156757351553285
CTACGTCTCAATAAGG,9,0.9360147744422379
CTACGTCTCACAACGT,9,0.9351834063576534
CTACGTCTCGGTCCGA,9,0.9999999998716473
CTACGTCTCGTAGATC,9,0.9041203947111792
CTACGTCTCTTACCGC,9,0.9351834087438108
CTACGTCTCTTCAACT,9,0.9358523508504536
CTAGAGTAGAAACCGC,9,0.9338279163026781
CTAGAGTAGTGGTAGC,10,0.6090097602652271
CTAGAGTCAATGGTCT,9,0.9998176216920948
CTAGAGTCACTTACGA,9,0.9312725524224301
CTAGAGTCATACGCCG,9,0.9243330724824054
CTAGAGTCATCACGTA,10,0.5304974674469978
CTAGAGTGTACCCAAT,9,0.918831365559369
CTAGAGTGTGGTCCGT,9,0.9999999899883999
CTAGAGTTCCTTCAAT,9,0.9105979984337976
CTAGAGTTCGTTTGCC,9,0.9263611384862261
CTAGCCTAGCCAGGAT,9,0.9273382942561709
CTAGCCTAGGGCTTGA,10,0.7701174928229353
CTAGCCTAGTCCATAC,9,0.9354471182292444
CTAGCCTAGTCGTACT,9,0.9358523516769625
CTAGCCTAGTCTCCTC,10,0.7396370908527078
CTAGCCTGTTCACCTC,9,0.9941435217270564
CTAGCCTTCACTCCTG,9,0.9156728623504794
CTAGCCTTCAGGCCCA,9,0.9641285873371014
CTAGCCTTCATGCAAC,10,0.6551269132569859
CTAGCCTTCATGCATG,10,0.6708764908144561
CTAGCCTTCTCAAACG,9,0.9558902254961226
CTAGTGAAGATGTTAG,7,0.9283385575768315
CTAGTGAAGGAGTACC,10,0.7938970376985695
CTAGTGAAGGGTATCG,9,0.88214960374045
CTAGTGACAATAGCGG,9,0.9199362451717482
CTAGTGACAATCAGAA,9,0.9984351003167121
CTAGTGACAGCCTTGG,0,0.9857218994083247
CTAGTGAGTGATGCCC,9,0.9999999796266019
CTAGTGAGTTAAAGTG,9,0.9356696196379691
CTAGTGAGTTCCCGAG,9,0.8985874473074986
CTAGTGATCAGCGACC,9,0.9359498441349675
CTAGTGATCGAATGGG,9,0.9999999994005578
CTAGTGATCTCTTATG,0,0.9886651535904066
CTCACACAGAGAACAG,9,0.846443924762469
CTCACACCAATCAGAA,9,0.918997347724896
CTCACACCACGGTTTA,9,0.9336186912419785
CTCACACCAGATCTGT,9,0.9127235066885009
CTCACACGTACAGTTC,9,0.9999999874192551
CTCACACGTAGTGAAT,9,0.9218875669917399
CTCACACGTTGTACAC,9,0.9356696188141663
CTCACACGTTGTTTGG,9,0.8372866111351479
CTCACACTCGCGATCG,9,0.9289335210637807
CTCACACTCGGTCTAA,9,0.8452738860078716
CTCACACTCTTCGGTC,9,0.9354472853194287
CTCACACTCTTGTCAT,9,0.9347804706646261
CTCAGAAAGACTACAA,9,0.9263637137660241
CTCAGAAAGATGTAAC,9,0.8589921184330068
CTCAGAAAGCTTCGCG,10,0.589329281299509
CTCAGAAAGTCGCCGT,9,0.8805043577663692
CTCAGAACACGGCCAT,9,0.9998241935865435
CTCAGAACACGTAAGG,10,0.7672728860040939
CTCAGAACATATACCG,10,0.7689241844634377
CTCAGAACATTCTCAT,9,0.9281975893176073
CTCAGAAGTACCCAAT,9,0.8783689954145731
CTCAGAAGTATAATGG,9,0.9687703701751561
CTCAGAAGTCAGTGGA,10,0.7515137879232561
CTCAGAAGTTAAGATG,9,0.8168064542528205
CTCAGAAGTTCAACCA,9,0.9141391528426266
CTCAGAAGTTCAGTAC,9,0.9193686671296715
CTCAGAAGTTGGGACA,9,0.9325481564491532
CTCAGAATCCCGGATG,9,0.9999890331166719
CTCAGAATCGTCTGAA,9,0.9808312594075004
CTCAGAATCTTAGAGC,9,0.9335816261554751
CTCATTAAGAACAATC,9,0.9105979983801634
CTCATTAAGTCTCGGC,9,0.935949844872273
CTCATTACACCGAAAG,9,0.9263637150008397
CTCATTACAGGACCCT,9,0.928933521636538
CTCATTACAGGTCGTC,9,0.9360147749009968
CTCATTACATCGGACC,9,0.9306268180877623
CTCATTACATTCCTCG,9,0.926363712174729
CTCATTAGTAAACGCG,10,0.6004324645303477
CTCATTAGTAAGTTCC,9,0.9298382025565789
CTCATTAGTGCAACTT,9,0.9358523501783367
CTCATTAGTGCCTGGT,9,0.9325481569811753
CTCATTAGTGTAAGTA,9,0.9281975891345294
CTCATTATCGAGAGCA,9,0.9344023193387285
CTCATTATCGCGTTTC,9,0.9999999990578944
CTCCTAGAGAGGTTGC,10,0.7012344686316885
CTCCTAGAGATCTGAA,9,0.9354443502047215
CTCCTAGAGGACACCA,10,0.5723668854440955
CTCCTAGAGTCACGCC,9,0.9999680139028513
CTCCTAGCAATCTACG,9,0.9588206170924278
CTCCTAGCACCAACCG,9,0.929837368534494
CTCCTAGCACCTGGTG,9,0.9763606611769357
CTCCTAGCATATGAGA,9,0.9874082113369717
CTCCTAGTCACGAAGG,9,0.8958523169020786
CTCCTAGTCGCGCCAA,9,0.9239692533373536
CTCCTAGTCGTTACAG,9,0.8961770259717405
CTCCTAGTCTTCGAGA,9,0.9999969129259848
CTCGAAAAGCCTATGT,9,0.8643373075742576
CTCGAAAAGCTCTCGG,9,0.9105979807797703
CTCGAAAAGGTGATAT,9,0.9998596570910022
CTCGAAAAGGTGTGGT,9,0.915675734801167
CTCGAAAAGTGGAGAA,9,0.935447283840289
CTCGAAAAGTTACGGG,9,0.8681887714319168
CTCGAAAGTGTTGAGG,9,0.9170109191499843
CTCGAAATCAATCACG,9,0.9312721754228744
CTCGAAATCACCAGGC,9,0.9360147750448204
CTCGAAATCGACCAGC,10,0.7738658440200893
CTCGAGGCACAGAGGT,9,0.8523223588542851
CTCGAGGGTAAGGGCT,9,0.9358523495768649
CTCGAGGGTACCGTAT,9,0.8727329279212842
CTCGAGGGTCCGCTGA,9,0.999395727806156
CTCGAGGGTGACAAAT,9,0.9325475687122223
CTCGAGGGTTAAGGGC,9,0.9999999978663721
CTCGAGGTCAAGCCTA,9,0.9338282508142898
CTCGAGGTCGCCGTGA,9,0.935183406449848
CTCGAGGTCTTTAGTC,9,0.9351834083537243
CTCGGAGAGTAACCCT,9,0.9989612932546902
CTCGGAGCAACGATGG,0,0.9886702132738383
CTCGGAGCACGACTCG,9,0.9331859934483424
CTCGGAGCACTGCCAG,9,0.9045498800179669
CTCGGAGCAGGGATTG,9,0.9196625451763606
CTCGGAGTCAACGGGA,9,0.9359491525812887
CTCGGAGTCAAGATCC,9,0.9999999999779364
CTCGGAGTCTAGCACA,9,0.9149828841852865
CTCGGAGTCTGATACG,9,0.9321150760724058
CTCGGGACAATGGAGC,9,0.9199362450634917
CTCGGGAGTCTAAACC,9,0.9289335218156782
CTCGGGATCACATAGC,9,0.8917944530892695
CTCGTACAGCCTATGT,9,0.928197588644978
CTCGTACAGTGGAGTC,9,0.9321692413472716
CTCGTACCAATGTTGC,9,0.8217336733596033
CTCGTACCAGTTCCCT,9,0.9045503187987107
CTCGTACCATTAACCG,9,0.9999999906754526
CTCGTACGTACAGTTC,9,0.9347804709601618
CTCGTACGTATGAATG,9,0.8864386701890362
CTCGTACGTGCACTTA,9,0.9325475360467457
CTCGTACGTGGTCCGT,9,0.999999998560036
CTCGTACTCACCTCGT,9,0.8839696773943871
CTCGTACTCAGTTGAC,9,0.8652972887895193
CTCGTACTCGACGGAA,9,0.9325481570393435
CTCGTACTCTCCTATA,9,0.9077026387149733
CTCGTCAGTCAGAAGC,10,0.7159423372147163
CTCGTCAGTCTGATCA,9,0.9264748544212955
CTCGTCATCCGCATCT,9,0.9156757353796585
CTCGTCATCGCATGAT,9,0.8432426696514276
CTCGTCATCGGTGTTA,9,0.930207245833677
CTCTAATAGCGCTCCA,9,0.8589925150642319
CTCTAATAGGAATGGA,9,0.9999999980141613
CTCTAATAGGCATTGG,9,0.9344979168117064
CTCTAATCAACACGCC,9,0.9347801625182713
CTCTAATCAATAGCAA,9,0.9309445166170076
CTCTAATCAGACGCCT,9,0.9338282495922261
CTCTAATGTACCTACA,9,0.9289335188375061
CTCTAATGTACTCAAC,9,0.9999999913923194
CTCTAATGTATGCTTG,9,0.9156757355864402
CTCTAATGTCACCTAA,9,0.9347804702244374
CTCTAATGTCCCGACA,9,0.8871226672846072
CTCTAATTCCGTCAAA,9,0.9999997616274232
CTCTAATTCTGGCGAC,9,0.91993624562381
CTCTAATTCTTGCATT,9,0.9999999965642357
CTCTACGAGATGAGAG,9,0.9998986786202552
CTCTACGAGCGTGAAC,9,0.9338282503193989
CTCTACGAGTGCCAGA,10,0.6859341313358961
CTCTACGAGTGGGATC,9,0.914136202876459
CTCTACGGTCCGTCAG,9,0.9291886798389201
CTCTACGGTGGTCCGT,9,0.9156757345763811
CTCTACGTCAGCGATT,9,0.9243330709972004
CTCTACGTCCGTTGTC,10,0.7629231532865662
CTCTGGTCAACGATCT,9,0.8206367289552478
CTCTGGTCAACTGGCC,9,0.9253949877982188
CTCTGGTCAGACGCAA,9,0.9170109182103362
CTCTGGTCAGTCGTGC,9,0.9974665636610281
CTCTGGTCATCCCACT,9,0.841795182563768
CTCTGGTCATGCAACT,9,0.934780466566381
CTCTGGTGTAAATGAC,0,0.9857168548133771
CTCTGGTGTAACGACG,9,0.9241946079173685
CTCTGGTGTATATCCG,9,0.9999989341310163
CTCTGGTGTCACAAGG,9,0.9359498448219166
CTCTGGTGTTAAGACA,9,0.9347719469606194
CTCTGGTTCAACTCTT,9,0.9336744477807777
CTCTGGTTCCTAGAAC,9,0.9199362450428628
CTCTGGTTCGGATGTT,9,0.9130449680924998
CTGAAACCAGATCCAT,9,0.8447447504726383
CTGAAACCAGGAACGT,9,0.9258339131066089
CTGAAACCATGTTGAC,9,0.8878645486447703
CTGAAACGTAAGGGCT,9,0.930944527391054
CTGAAACTCAATAAGG,9,0.899269452125898
CTGAAACTCACAGGCC,10,0.7936310373765619
CTGAAACTCTCAAGTG,9,0.8757174054982225
CTGAAGTAGCGCTTAT,9,0.9344977392808259
CTGAAGTAGGCTATCT,9,0.9999999951055608
CTGAAGTAGTTATCGC,9,0.8768293474286035
CTGAAGTGTAATAGCA,9,0.9746530203791388
CTGAAGTGTGCAGTAG,9,0.9196623868170004
CTGAAGTTCAACGCTA,9,0.9289334363203351
CTGAAGTTCCACGACG,9,0.8983231332606338
CTGAAGTTCGTACGGC,0,0.9886702132738383
CTGAAGTTCTGCTGTC,9,0.9211486806263963
CTGATAGAGTCCGGTC,10,0.7642772276104632
CTGATAGAGTGCAAGC,9,0.9041203862933014
CTGATAGCATAGGATA,9,0.9351834081188815
CTGATAGGTACCATCA,9,0.932378801275732
CTGATAGGTCAGAAGC,10,0.6183457469301934
CTGATAGGTGTGTGCC,9,0.9312879762995309
CTGATCCAGCTAACAA,9,0.9105973856744844
CTGATCCAGCTGAAAT,9,0.8385011821569303
CTGATCCAGTGGGTTG,0,0.9447689560968786
CTGATCCAGTGTACCT,9,0.9999999903624359
CTGATCCAGTTAACGA,9,0.9243330716027601
CTGATCCCAACTGGCC,9,0.9999999986026694
CTGATCCCAAGTTCTG,9,0.8821496022428165
CTGATCCCAGGTGCCT,9,0.8963764102845565
CTGATCCGTGAAAGAG,9,0.9240048248817341
CTGATCCGTTCCCGAG,9,0.9999999918828519
CTGATCCTCACCTCGT,9,0.9999962587084299
CTGATCCTCAGTGCAT,9,0.9999996220512485
CTGATCCTCATAAAGG,9,0.8462860037348693
CTGCCTACACACCGAC,9,0.8217336863463839
CTGCCTACACATGGGA,9,0.9358523506820856
CTGCCTACACTTGGAT,10,0.6875323662422301
CTGCCTAGTAGAGGAA,9,0.9093303651784828
CTGCCTAGTCGCGGTT,9,0.9384884163766286
CTGCCTAGTCTCTTTA,10,0.5723638348317659
CTGCCTAGTTACGACT,10,0.6130421916404839
CTGCCTAGTTCCACGG,9,0.9999999996053206
CTGCCTAGTTGGTTTG,0,0.9446268443447475
CTGCCTATCACCAGGC,9,0.9999941990981919
CTGCGGAAGCCGGTAA,9,0.9338280227423384
CTGCGGAAGCTAAGAT,9,0.9344526251173997
CTGCGGACAAGAAAGG,10,0.7144916832922489
CTGCGGAGTTGTGGAG,10,0.553662691854786
CTGCGGATCCTGTAGA,9,0.8858612513585632
CTGCGGATCTCCGGTT,9,0.9999766574118607
CTGCTGTAGGCGACAT,9,0.8210401662273852
CTGCTGTCAAACGTGG,9,0.9999999999922189
CTGCTGTCAGTCAGCC,9,0.9999999999214702
CTGCTGTCATCCTTGC,10,0.5552790593070716
CTGCTGTCATGATCCA,9,0.926474854041392
CTGCTGTGTAGCAAAT,10,0.6275050424926415
CTGCTGTGTATAGGTA,9,0.9235027261228715
CTGCTGTGTTAAAGTG,9,0.9194910517946009
CTGCTGTGTTTAGGAA,9,0.9347804709256473
CTGCTGTTCTGCTGTC,9,0.9324684598557553
CTGCTGTTCTGTCAAG,9,0.9999617414360892
CTGGTCTAGAAGGGTA,0,0.9886702132738383
CTGGTCTAGCTAACTC,9,0.9339230871676241
CTGGTCTAGGGAGTAA,9,0.9999659281457625
CTGGTCTCACCAGTTA,10,0.7646353221956113
CTGGTCTCACCTATCC,9,0.8041076556615867
CTGGTCTCAGGAATCG,9,0.9325416269922601
CTGGTCTCATACGCCG,9,0.9347800634738288
CTGGTCTGTCAACTGT,9,0.9360147748400198
CTGGTCTGTCCTAGCG,9,0.9267653586180651
CTGGTCTTCACAGGCC,10,0.46271758348203057
CTGGTCTTCGAACGGA,9,0.9999999972857266
CTGTGCTAGCTCTCGG,10,0.784344387125949
CTGTGCTAGGATGCGT,9,0.9264510749448891
CTGTGCTAGTAAGTAC,9,0.9999999986479271
CTGTGCTAGTATGACA,9,0.9309443689590344
CTGTGCTAGTGCCAGA,9,0.9922881548211174
CTGTGCTAGTTAACGA,9,0.9264748532778475
CTGTGCTCACACATGT,9,0.9999999997607517
CTGTGCTCATCCAACA,9,0.9359291891696015
CTGTGCTGTAGCGATG,9,0.9129379700261552
CTGTGCTTCTAGAGTC,9,0.9357283804743916
CTGTGCTTCTGTTGAG,9,0.9360147742652505
CTGTTTAAGCAGATCG,10,0.6551274348499486
CTGTTTAAGCCCTAAT,10,0.5134435325569121
CTGTTTAAGTGACTCT,9,0.9235003091984062
CTGTTTACACGGTAAG,9,0.9263637136267491
CTGTTTACATGGTCTA,10,0.7870706074261157
CTGTTTAGTGAGCGAT,10,0.5893303992892932
CTGTTTATCTACCTGC,9,0.8452738861256638
CTGTTTATCTTGCCGT,9,0.9060617662354954
CTTAACTAGGCACATG,9,0.9999998446729389
CTTAACTAGTTGCAGG,9,0.93544727895804
CTTAACTCAGTCGTGC,9,0.8961770144955336
CTTAACTGTAAGTGTA,9,0.9999999914353179
CTTAACTGTATATCCG,9,0.9351834087669156
CTTAACTGTTCAGACT,9,0.9105979971915387
CTTAACTTCAGGCCCA,9,0.9990046060613048
CTTACCGAGGAACTGC,9,0.9136405136685817
CTTACCGAGGCAAAGA,9,0.9993084592225974
CTTACCGAGGCTCTTA,9,0.9999999998179788
CTTACCGCAACTGCGC,10,0.6439103664446577
CTTACCGCAAGCTGAG,9,0.9999999998751118
CTTACCGCAGCTGCAC,9,0.9076114275334864
CTTACCGCATTGGGCC,9,0.9359498443588613
CTTACCGGTAGCGATG,10,0.7012343411447752
CTTACCGTCCAACCAA,9,0.9105979865014662
CTTACCGTCCGCATCT,9,0.9999999999884829
CTTACCGTCCGGCACA,10,0.6588538024939262
CTTACCGTCGTTTGCC,9,0.9999999999818499
CTTACCGTCTCGCTTG,10,0.55425136015967
CTTAGGAAGCGTCAAG,9,0.9199358473444449
CTTAGGAAGCTGCCCA,0,0.9885336583799726
CTTAGGAAGGCATTGG,9,0.9354472733962231
CTTAGGAAGTCAAGCG,9,0.9325609761215331
CTTAGGAAGTCATCCA,9,0.9974665559247508
CTTAGGACAGATGGGT,9,0.9999385525750804
CTTAGGACATTGAGCT,9,0.9221011606178179
CTTAGGAGTCTCTCTG,10,0.7685475908829156
CTTAGGAGTTAGATGA,9,0.9358513063888841
CTTAGGAGTTTGACTG,9,0.9289300500064384
CTTAGGATCACGGTTA,9,0.8673287891046343
CTTAGGATCACTCCTG,9,0.9864941316430743
CTTAGGATCCTGCAGG,9,0.9044834209553427
CTTCTCTAGCGCTTAT,9,0.9379975056631163
CTTCTCTAGGGTATCG,9,0.9107116672864456
CTTCTCTCAAGGACTG,9,0.9999999837391227
CTTCTCTGTACACCGC,9,0.9235027257089333
CTTCTCTGTCTTGCGG,9,0.8961769719691852
CTTCTCTGTTTGACTG,9,0.9336186883648643
CTTCTCTTCCCAAGAT,9,0.9052122644304418
CTTCTCTTCTAACTGG,9,0.8523223576352295
CTTCTCTTCTGTCTAT,9,0.9359498444815099
CTTGGCTAGCCACGTC,9,0.8917944592297492
CTTGGCTAGGACATTA,9,0.9289335185917921
CTTGGCTCATGCAACT,9,0.8216115286460232
CTTGGCTGTACGACCC,9,0.845273885713137
CTTGGCTGTCTGCGGT,9,0.9264748536475731
CTTGGCTGTCTTGCGG,9,0.8816196350806083
CTTGGCTGTGCGCTTG,9,0.933494403304447
CTTGGCTGTTAGGGTG,9,0.9235027258813783
CTTGGCTGTTATCGGT,9,0.9999999977906615
CTTGGCTTCCTTAATC,9,0.904069072074927
CTTGGCTTCGTGTAGT,10,0.5298221233394927
CTTTGCGAGATCCCGC,9,0.9312879572410554
CTTTGCGAGGGCTTCC,10,0.47504580291857806
CTTTGCGCAAATACAG,9,0.9359498357463092
CTTTGCGCACGGACAA,9,0.9358523513012952
CTTTGCGCAGTCCTTC,9,0.9163440681617222
CTTTGCGCATAGTAAG,9,0.919936125686959
CTTTGCGGTCACACGC,10,0.7515137543704333
CTTTGCGGTCGCGAAA,9,0.9359498447774203
CTTTGCGGTGCTGTAT,9,0.9105927969674124
CTTTGCGTCAACGGCC,9,0.9999999966375198
CTTTGCGTCACTTCAT,9,0.9174681209503749
CTTTGCGTCATCTGCC,9,0.9351830708190746
CTTTGCGTCGTTTATC,9,0.9999984431427531
CTTTGCGTCTCTGTCG,9,0.8299915924777408
GAAACTCAGATAGGAG,9,0.9999999988334735
GAAACTCAGATGGCGT,9,0.999999993247387
GAAACTCAGCTGCGAA,9,0.8232451574474913
GAAACTCAGTAGGTGC,9,0.9999955857731357
GAAACTCCACTTAAGC,9,0.9999739044308102
GAAACTCCATTAGGCT,9,0.8452738722951679
GAAACTCGTCCTAGCG,0,0.9886651535904066
GAAACTCGTCGACTAT,9,0.9999807975405
GAAACTCGTGAAATCA,9,0.9289319922356741
GAAACTCGTGACCAAG,9,0.9234621708815423
GAAACTCGTGTGGCTC,9,0.9999999705008785
GAAACTCTCTGGCGTG,9,0.9298381800633676
GAAACTCTCTTGCCGT,9,0.9336187035834979
GAAATGAAGACCGGAT,9,0.9344981443277333
GAAATGAAGAGCTTCT,9,0.9999999889061058
GAAATGAAGATGGCGT,9,0.9148515789641358
GAAATGAAGCTCAACT,9,0.9221011549926204
GAAATGAAGTAATCCC,10,0.7701174896381828
GAAATGAAGTATCTCG,9,0.9354415628771632
GAAATGAAGTGGAGTC,9,0.9221003292456627
GAAATGACAGCTTCGG,10,0.7943634080297648
GAAATGACATGGTAGG,9,0.979783762528792
GAAATGACATTTGCTT,9,0.9821267484164256
GAAATGAGTTACGTCA,9,0.934780464510675
GAAATGATCCAAGTAC,0,0.9886702132738383
GAACATCAGATATACG,9,0.9999999995424119
GAACATCAGTATTGGA,9,0.933828243358588
GAACATCAGTCGCCGT,9,0.9999999998652417
GAACATCCAAGCCCAC,9,0.9289335199324367
GAACATCCAGATGGCA,9,0.9105975498062526
GAACATCGTCTAAACC,9,0.935669615402061
GAACATCTCCAGATCA,9,0.9199362437569384
GAACATCTCCGCATAA,9,0.999974527931134
GAACATCTCCTTGGTC,9,0.9999999989925461
GAACATCTCTGATTCT,9,0.9360147752583367
GAACATCTCTTCAACT,9,0.9325475689223925
GAACCTAAGACACTAA,9,0.9045503190109494
GAACCTAAGAGTACCG,9,0.9289335188368916
GAACCTAAGGCAATTA,9,0.999999999913957
GAACCTACAAGGACTG,9,0.9999999998019418
GAACCTAGTTATGTGC,0,0.9886651535904066
GAACGGAAGGAGCGAG,10,0.5037047240398114
GAACGGAAGGTGTGGT,10,0.6390634683728793
GAACGGACAATAACGA,9,0.93518340871611
GAACGGACATTGAGCT,9,0.8878645490479027
GAACGGAGTAAGTGTA,9,0.8737316612698312
GAACGGAGTTACGTCA,9,0.9263636781996812
GAACGGAGTTCCCTTG,9,0.90455021631049
GAACGGATCCAAAGTC,9,0.9336187035121799
GAAGCAGAGACCACGA,9,0.9945619355371019
GAAGCAGAGAGCTGCA,9,0.9289334587212846
GAAGCAGAGATGTTAG,9,0.9360095146957662
GAAGCAGAGCTCAACT,9,0.9347772908517968
GAAGCAGAGGGAGTAA,9,0.9999512769185578
GAAGCAGAGTGTACCT,9,0.9562337375953311
GAAGCAGCACCAGCAC,10,0.7758645861374549
GAAGCAGCAGCTTAAC,9,0.904549076795668
GAAGCAGCAGTAACGG,9,0.9999999715418623
GAAGCAGCATTAACCG,9,0.8917893594960743
GAAGCAGGTGACGCCT,9,0.9354472755470475
GAAGCAGGTTGCGTTA,9,0.9309445223320478
GAAGCAGTCCTTCAAT,9,0.9325615137911735
GAAGCAGTCGACCAGC,9,0.9999965382514608
GAATAAGAGATGGGTC,9,0.9263792026876287
GAATAAGAGGTGCTTT,9,0.9312879612364621
GAATAAGAGTATCTCG,10,0.6734009838620921
GAATAAGCAAGAGGCT,9,0.999999999998737
GAATAAGCAGACACTT,10,0.789560498339321
GAATAAGCAGGTTTCA,5,0.9450499386031807
GAATAAGGTAACGTTC,9,0.9999999931814915
GAATAAGGTAGGCTGA,9,0.9298382019636544
GAATAAGGTCCGAATT,9,0.9999956672593144
GAATAAGGTCGGCACT,9,0.9199362461109376
GAATAAGGTGCAGGTA,9,0.9507599437028024
GAATAAGTCAGAGACG,9,0.9156757356173202
GAATGAAAGGAACTGC,9,0.8426614652134867
GAATGAAAGTACATGA,9,0.9045491768832737
GAATGAAAGTATGACA,9,0.9347804549993293
GAATGAAAGTCAAGGC,9,0.9196625449872379
GAATGAACAAACAACA,9,0.9105978533787573
GAATGAACAATAGCGG,9,0.9289335129965428
GAATGAACATTATCTC,9,0.9199362461833233
GAATGAAGTACCGAGA,9,0.9999999997793705
GAATGAAGTAGGGTAC,9,0.9381724329394053
GAATGAAGTCAGGACA,9,0.9358523513426887
GAATGAAGTCCGAATT,9,0.9999998993199808
GAATGAAGTGGACGAT,9,0.9320047340609326
GAATGAAGTTAGTGGG,9,0.9999999999161763
GAATGAATCTATCCTA,10,0.7738658300960507
GAATGAATCTCACATT,9,0.8523223587634692
GAATGAATCTGCTGTC,9,0.9999999993902955
GACACGCAGAAGCCCA,9,0.9354472779214797
GACACGCAGAGCTGCA,9,0.882149461851707
GACACGCAGGGCACTA,9,0.9002819309255732
GACACGCAGTGTGAAT,9,0.9045503189970515
GACACGCCAAGCCATT,9,0.999999999877763
GACACGCCACATGTGT,9,0.9264748557091296
GACACGCCAGTGACAG,9,0.9264748557799758
GACACGCGTATGGTTC,9,0.9264748552652496
GACACGCGTGAGCGAT,9,0.803877481288415
GACACGCTCCCAAGAT,9,0.9360147593835221
GACACGCTCCTATTCA,9,0.9077028297999681
GACAGAGAGCCTATGT,9,0.9128001196318057
GACAGAGAGCTGTCTA,9,0.9360147696662461
GACAGAGCACTTAACG,9,0.9810617539039088
GACAGAGCAGCTATTG,9,0.9351832050705242
GACAGAGCAGTCAGCC,9,0.9338282519728408
GACAGAGCATAGGATA,9,0.93478047098276
GACAGAGCATTACCTT,9,0.9360147752409361
GACAGAGGTCTAGAGG,9,0.882134635639978
GACAGAGGTGTGAAAT,9,0.9999999929232831
GACAGAGGTTGGAGGT,9,0.9045497470080774
GACAGAGTCACCTCGT,9,0.8878645477590082
GACAGAGTCATATCGG,9,0.9289335071758938
GACAGAGTCCACGCAG,9,0.9354472853487585
GACAGAGTCCGCGTTT,9,0.9356696193065027
GACAGAGTCGGCGCTA,9,0.8959168420869466
GACAGAGTCTTCGAGA,9,0.9230981088965885
GACCAATAGGTGATAT,10,0.7013100379965513
GACCAATCAAGGGTCA,9,0.9998811754846886
GACCAATCAATCAGAA,9,0.9338282531057005
GACCAATCAATGAATG,9,0.9999999998390541
GACCAATCATGCAACT,9,0.999999996883047
GACCAATCATGCTGGC,9,0.8961770167675934
GACCAATCATTGGTAC,9,0.9928091331551891
GACCAATGTAGGCATG,9,0.9045503181926012
GACCAATGTATAGGTA,9,0.9999955297064108
GACCAATTCGCAAACT,9,0.910584291178152
GACCAATTCTACCTGC,9,0.9989499990668719
GACCTGGAGCTAAGAT,9,0.8699453143235429
GACCTGGAGTCCAGGA,9,0.8961770241958786
GACCTGGAGTGTGAAT,9,0.9264543812432927
GACCTGGCAATGAATG,9,0.92647485606412
GACCTGGCACATAACC,9,0.8341360328785016
GACCTGGCATGTTCCC,10,0.62311271511157
GACCTGGGTGTCGCTG,9,0.9360147751600503
GACCTGGGTTTAAGCC,9,0.9110392011797929
GACCTGGTCAGGTTCA,9,0.9199362460500117
GACCTGGTCCCAGGTG,9,0.8217336852840254
GACGCGTGTCCGAACC,9,0.9208114070128747
GACGCGTGTTAGAACA,9,0.9999999982042526
GACGCGTTCCAGTAGT,9,0.9281975891354632
GACGCGTTCCGCGTTT,10,0.6551274340532114
GACGCGTTCGGCTACG,9,0.8820854712612518
GACGGCTAGGCTACGA,10,0.6085999695578879
GACGGCTAGGGTGTTG,9,0.9999999999881096
GACGGCTAGTCTCCTC,0,0.9885214979129223
GACGGCTCACCTTGTC,9,0.9289301593230362
GACGGCTCACTCGACG,9,0.9289334979035025
GACGGCTGTATGGTTC,9,0.9996905332549751
GACGGCTGTGGTCCGT,9,0.999999944717364
GACGGCTGTTAAGGGC,9,0.9347804699562173
GACGGCTGTTGTCTTT,10,0.7144916957958006
GACGGCTTCCGCATCT,9,0.9018199423773829
GACGGCTTCGACAGCC,10,0.5828936022614433
GACGGCTTCGATAGAA,9,0.9045494205538771
GACGGCTTCTGATACG,9,0.999999938891039
GACGGCTTCTTCATGT,9,0.9359498063781662
GACGTGCAGCCATCGC,9,0.9961149137984557
GACGTGCAGGCGACAT,9,0.9199362341130779
GACGTGCAGGGCTTCC,9,0.93544714883974
GACGTGCAGTAGCGGT,10,0.6734009793167134
GACGTGCCAGGTGCCT,9,0.9281975896135539
GACGTGCCAGTTTACG,10,0.5037047243020761
GACGTGCGTCGAACAG,0,0.9447689560968786
GACGTGCGTGCCTGTG,9,0.8142637478718142
GACGTGCTCGCGTAGC,9,0.9997104164821714
GACGTTAAGATCCCGC,9,0.9999999972175435
GACGTTAAGCAGCGTA,10,0.628594861543189
GACGTTAAGCTCCCAG,9,0.9347804689935462
GACGTTAAGGGATCTG,9,0.999938439559546
GACGTTAGTACGCACC,9,0.9264748504910564
GACGTTAGTATCAGTC,9,0.9156752465293528
GACGTTAGTTATGTGC,9,0.8652972621195425
GACGTTAGTTGTACAC,9,0.9325615143422847
GACGTTATCGTAGGAG,9,0.9751558266693333
GACGTTATCTGCGACG,9,0.9325614520114968
GACGTTATCTGCGGCA,9,0.8468244592969515
GACTAACAGCGACGTA,9,0.9996359581606563
GACTAACAGCTTCGCG,10,0.7629230904999041
GACTAACAGGGTTTCT,10,0.5743850692543904
GACTAACAGTCAAGGC,9,0.932561513418613
GACTAACAGTCTCGGC,9,0.900281950079147
GACTAACCACATCTTT,9,0.9075896961091722
GACTAACGTATGCTTG,9,0.904550318756357
GACTAACGTCGCGTGT,9,0.928197590731583
GACTAACGTGGCCCTA,9,0.9999999996915802
GACTAACGTTCACCTC,9,0.9115148595333549
GACTAACGTTGGTTTG,9,0.9309445287513614
GACTAACTCACAACGT,9,0.9993084597570602
GACTAACTCATACGGT,0,0.9886651535904066
GACTAACTCCTATGTT,9,0.9105979964006646
GACTAACTCTTGTTTG,9,0.9156757118956221
GACTACAAGACGCACA,9,0.9338282501393965
GACTACAAGAGTACCG,9,0.9998335186879541
GACTACAAGCAACGGT,9,0.9199362425841034
GACTACAAGCCACCTG,9,0.9045503188063965
GACTACAAGGAGCGTT,9,0.9360147738048866
GACTACAAGTTGTCGT,9,0.910597998472854
GACTACACAATAAGCA,10,0.6734009827089169
GACTACACACGTCTCT,9,0.9999999998738396
GACTACACATGTCGAT,10,0.7515137767981976
GACTACAGTAGGACAC,9,0.917914945611587
GACTACAGTATAGGGC,9,0.9264748555032896
GACTACAGTCTAGTCA,9,0.9306139319997513
GACTACAGTGTATGGG,9,0.9999998641279509
GACTACATCCTATGTT,9,0.9347804698246622
GACTACATCGTTACAG,9,0.9358523495018176
GACTACATCTCGCTTG,10,0.5306508986709598
GACTGCGAGGGAAACA,9,0.9999999991396014
GACTGCGCAATTCCTT,9,0.915675656718942
GACTGCGCACGCCAGT,9,0.9141391487590278
GACTGCGGTGATGTCT,9,0.9839595244943431
GACTGCGGTTCCATGA,9,0.9999999812878506
GACTGCGTCACAGTAC,9,0.9355137645807804
GACTGCGTCAGAGACG,9,0.9358522508513268
GAGCAGAAGATAGTCA,9,0.8542588935172716
GAGCAGAAGCAATCTC,9,0.9077028653248169
GAGCAGAAGTCAATAG,9,0.9999999867682848
GAGCAGAAGTGCCATT,10,0.6390634654556265
GAGCAGAAGTTTAGGA,9,0.8712495968764408
GAGCAGACACGGTAGA,9,0.9896152408371869
GAGCAGACAGTCTTCC,9,0.9354472850434332
GAGCAGACATGCATGT,9,0.9110391182572029
GAGCAGAGTACCAGTT,10,0.7012344711795298
GAGCAGAGTCCTCTTG,9,0.99999999930601
GAGCAGAGTGATAAGT,10,0.5017356961302932
GAGCAGAGTGTGCCTG,9,0.9105134277924372
GAGCAGAGTTTGGGCC,9,0.9359498418570322
GAGCAGATCGTGACAT,9,0.9356681126667463
GAGCAGATCTACGAGT,9,0.9358523487619319
GAGGTGAAGAAGCCCA,9,0.9338282531239671
GAGGTGAAGAGCTATA,9,0.8995208905095188
GAGGTGACAAGCTGGA,9,0.9338282531200949
GAGGTGACAATTCCTT,10,0.5181827238520242
GAGGTGACAGCTCGCA,9,0.9281975911033592
GAGGTGACAGGTCGTC,9,0.9060329187216829
GAGGTGACATTATCTC,9,0.9325615021864744
GAGGTGAGTAGAGTGC,9,0.9999999980847757
GAGGTGAGTGAACCTT,10,0.7870422494364718
GAGGTGATCACCTTAT,10,0.7944178383876116
GAGGTGATCCCTCTTT,9,0.9911615294960991
GAGTCCGAGGATGGTC,9,0.9999999650164225
GAGTCCGCACCCATGG,9,0.9289255835072174
GAGTCCGCACCTATCC,9,0.9243330724732273
GAGTCCGCAGTCGTGC,9,0.9999999912493226
GAGTCCGCATAGAAAC,9,0.9999158334265309
GAGTCCGCATCCGGGT,9,0.9999999999046333
GAGTCCGCATTCCTCG,9,0.9999997541584753
GAGTCCGGTAGCGTCC,9,0.9980479651838694
GAGTCCGGTCATATCG,9,0.9351834085424476
GAGTCCGGTCCAGTAT,9,0.9737210974482987
GAGTCCGTCACATAGC,9,0.9999999998589374
GAGTCCGTCCGCGGTA,9,0.9919241231784589
GATCAGTAGTACGTAA,9,0.9999531832257614
GATCAGTCAGGATCGA,9,0.923502726002401
GATCAGTGTCCAAGTT,9,0.8053785752300806
GATCAGTGTCGCCATG,9,0.9344981408717098
GATCAGTGTGGCCCTA,9,0.9045503042941528
GATCAGTGTGTCAATC,9,0.9999999999134342
GATCAGTTCATCGATG,9,0.8948273528764791
GATCAGTTCGGATGTT,9,0.9999999999853098
GATCAGTTCGGCGCTA,9,0.9141391481493139
GATCGATAGAGGACGG,9,0.8961992027791301
GATCGATAGCAAATCA,9,0.9999999952788418
GATCGATAGCAATATG,9,0.9999874743350554
GATCGATAGGATGTAT,9,0.9999999987173492
GATCGATAGGCCGAAT,10,0.6554117880681617
GATCGATCAAAGTCAA,9,0.9264748177587104
GATCGATCACAACGTT,9,0.9285603783982542
GATCGATCAGGCTCAC,9,0.9289335209851236
GATCGATGTACTCTCC,9,0.9052677408565762
GATCGATGTTCCACTC,9,0.9624471968577782
GATCGATTCGCTAGCG,9,0.9196625452346984
GATCGATTCGTTACAG,9,0.9221011586026315
GATCGATTCTGCGACG,10,0.555279058159739
GATCGCGAGTACGATA,10,0.6129311095588352
GATCGCGCAAGGTGTG,9,0.9999970697778178
GATCGCGGTACCCAAT,9,0.9344981318262902
GATCGCGGTATGAAAC,10,0.6538311845125289
GATCGCGGTGGGTATG,9,0.9999999854589023
GATCGCGGTGTATGGG,9,0.9354472553985567
GATCGCGTCACGCGGT,9,0.933828244676309
GATCGCGTCCTGCAGG,9,0.9999990962940992
GATCGCGTCGTCCAGG,9,0.9996666451209294
GATCGCGTCTGCGGCA,9,0.9999999996606361
GATCGCGTCTTGGGTA,9,0.9999999788306216
GATCGTAAGACCACGA,9,0.9199362460877106
GATCGTAAGCTGCCCA,9,0.9999999872468757
GATCGTACACCCTATC,9,0.923502721812631
GATCGTACAGATGAGC,9,0.9999999999492453
GATCGTACAGTGAGTG,9,0.9079327466600511
GATCGTAGTAATCGTC,9,0.9077028670287091
GATCGTATCTTTAGGG,9,0.8712497235272857
GATCTAGAGAAACGCC,9,0.9999999676331046
GATCTAGAGAAGCCCA,9,0.9959913952875449
GATCTAGAGGATGCGT,9,0.911039346132426
GATCTAGAGGTAAACT,9,0.9997577134529271
GATCTAGAGTACACCT,9,0.9999999970758403
GATCTAGAGTATTGGA,10,0.7272949351308519
GATCTAGAGTGGACGT,9,0.9999999884753392
GATCTAGGTCATACTG,9,0.9309445287594501
GATCTAGGTCGACTAT,10,0.5552420075238645
GATCTAGTCACGGTTA,9,0.9235026404289698
GATCTAGTCCTGCAGG,9,0.9289335198003323
GATCTAGTCGACGGAA,9,0.9999999929836121
GATGAAAAGAGAACAG,0,0.9885214979129223
GATGAAAAGCGATATA,9,0.9347803702119657
GATGAAAAGGATGGAA,9,0.9999999899315467
GATGAAAAGGGCATGT,9,0.9999999965585238
GATGAAACAATTCCTT,10,0.7159423352287017
GATGAAACACGTGAGA,0,0.9883849635595867
GATGAAACAGTGAGTG,9,0.9999999477937969
GATGAAAGTACGACCC,9,0.9615630882027102
GATGAAAGTGAGGGAG,9,0.974225686315458
GATGAAAGTGAGGGTT,9,0.9999999726639879
GATGAAATCACCGGGT,9,0.9999999927499625
GATGAGGAGCAGCCTC,10,0.3750277499943399
GATGAGGAGGCAAAGA,9,0.9105979958266867
GATGAGGAGGCTAGCA,9,0.9999999894411273
GATGAGGAGGTTCCTA,9,0.9235027137673875
GATGAGGGTAATTGGA,9,0.9999999934258433
GATGAGGTCGAGGTAG,9,0.9999999992679158
GATGAGGTCGTAGATC,9,0.9999999911123981
GATGCTACAGTATCTG,10,0.5552323356950288
GATGCTAGTACGCTGC,10,0.4594588631920343
GATGCTAGTGAGGGAG,9,0.9999999999890058
GATGCTAGTTTGACAC,10,0.5723668822747698
GATGCTATCACAATGC,9,0.8299915924824801
GATGCTATCCTATGTT,9,0.9949282240440148
GATGCTATCTACTTAC,9,0.9999999987693834
GATTCAGAGAAGAAGC,9,0.9221011606338849
GATTCAGAGCACCGCT,9,0.9309445284570115
GATTCAGAGGAATTAC,9,0.9999999997680875
GATTCAGAGTCCATAC,9,0.8878645490452359
GATTCAGAGTTCGCAT,10,0.751513784529275
GATTCAGCATCCGCGA,9,0.8039291831306905
GATTCAGGTAACGCGA,9,0.9999985516765174
GATTCAGTCATAAAGG,9,0.9110393373372623
GATTCAGTCGCATGGC,10,0.5304974605301709
GCAAACTAGGGCTCTC,9,0.9999999957414692
GCAAACTCACGGACAA,9,0.904549879693871
GCAAACTGTTACGTCA,9,0.9999998355399717
GCAAACTGTTAGGGTG,9,0.9359498406275313
GCAAACTTCACATAGC,9,0.9045502895185996
GCAAACTTCCAAACTG,9,0.9289335188087982
GCAAACTTCGCACTCT,9,0.8871226540567142
GCAAACTTCGCTTGTC,9,0.9604105715068116
GCAATCAAGACAGAGA,10,0.7975037822114254
GCAATCAAGGATGTAT,9,0.9170109117695833
GCAATCAAGTATCTCG,9,0.9999999991356816
GCAATCACAATAGCAA,9,0.919936245900904
GCAATCACACAGACTT,9,0.9336125337879015
GCAATCACACAGAGGT,9,0.9347804708580569
GCAATCACACGGCGTT,9,0.9999999998400217
GCAATCACAGGATCGA,9,0.9309444986616415
GCAATCACAGTATGCT,9,0.9351834078427647
GCAATCACATATACGC,9,0.9264748551504803
GCAATCACATCGGAAG,9,0.9999999988611327
GCAATCACATGCGCAC,9,0.9999866862294355
GCAATCAGTACCATCA,9,0.9045503190188267
GCAATCATCAACCATG,9,0.9235027203388465
GCAATCATCAATACCG,9,0.9325614953374853
GCAATCATCATTGCCC,10,0.5893303935408035
GCAATCATCCTCAACC,9,0.8026876049722161
GCAATCATCGTTACAG,9,0.9895309157748235
GCAATCATCTAGAGTC,10,0.6708764914817612
GCAATCATCTCGATGA,9,0.9841870710817505
GCACATAAGGCAATTA,9,0.9235027226892678
GCACATAAGTAGGTGC,9,0.9002819634785353
GCACATACACCGTTGG,9,0.9989959395458075
GCACATACACCTTGTC,9,0.9347792048074535
GCACATACATGTAGTC,9,0.9999581386581645
GCACATAGTCGCCATG,9,0.8516066427011211
GCACATAGTGTGGTTT,9,0.8961769820372095
GCACATAGTTCAGTAC,9,0.8712497259527957
GCACATAGTTGAGTTC,9,0.999999996038178
GCACATATCACTCTTA,9,0.9999998728624433
GCACATATCTGCAAGT,9,0.9149641154288636
GCACATATCTTGGGTA,10,0.5304974657439948
GCACTCTAGACATAAC,9,0.9999999999649818
GCACTCTAGCCCAACC,9,0.936014775230368
GCACTCTGTACAGCAG,10,0.6588532454929474
GCACTCTGTAGGGTAC,9,0.9141216768618226
GCACTCTGTCGAACAG,9,0.9919421100297955
GCACTCTGTCGAGTTT,9,0.9347804407627056
GCACTCTGTCTAGTCA,5,0.9857427041565817
GCACTCTGTCTCACCT,9,0.9325481546859681
GCACTCTGTGCGAAAC,9,0.9999999998714337
GCACTCTGTGTTGAGG,9,0.9999997992002906
GCACTCTGTTCCCTTG,10,0.2826966523687409
GCACTCTGTTTGCATG,9,0.9309445269182302
GCACTCTTCTGGTGTA,10,0.6487819012269194
GCAGCCAAGCAGATCG,9,0.9336186605080005
GCAGCCAAGGGAGTAA,10,0.6734009837372421
GCAGCCAAGGGTCGAT,9,0.9281975906207366
GCAGCCAAGTTACGGG,9,0.9235027255102479
GCAGCCACAACACCTA,9,0.9309445251042099
GCAGCCACATGGGAAC,9,0.9972844488679398
GCAGCCACATTCTCAT,10,0.7272948718885595
GCAGCCAGTAATCACC,9,0.9999999997217115
GCAGCCAGTCTAGTCA,9,0.9344981378308594
GCAGCCAGTTGCTCCT,9,0.9907217821159818
GCAGCCATCCTGCTTG,10,0.3754808944030362
GCAGCCATCTCGGACG,9,0.9199362226698603
GCAGTTAAGACAGGCT,9,0.9336799966426815
GCAGTTAAGATGTGGC,9,0.9134770836294547
GCAGTTACAACGATCT,9,0.9983239946491544
GCAGTTACACAGCGTC,9,0.9999996526155296
GCAGTTACAGACACTT,9,0.9199362398228198
GCAGTTACAGGCTCAC,10,0.5304974663510261
GCAGTTACATGGTTGT,9,0.9999999938361879
GCAGTTAGTGTGACCC,9,0.9298381000097539
GCATACAAGCCCAGCT,9,0.9199360148199538
GCATACAAGCGTCTAT,9,0.9999995158867251
GCATACAAGCTACCGC,9,0.9999997455314736
GCATACAAGCTGCGAA,9,0.9999999999998836
GCATACAAGCTGTTCA,9,0.846824448823763
GCATACAAGGAATTAC,9,0.999999999742681
GCATACACAGTCAGCC,9,0.9235026949575146
GCATACAGTGCTCTTC,9,0.9999993691660768
GCATACATCGGCTACG,9,0.9622947816220294
GCATGATAGACTAAGT,9,0.9999841210037202
GCATGATAGCTAGTGG,9,0.8597433805368562
GCATGATAGTGGGTTG,9,0.9354469931503449
GCATGATCAAACGCGA,9,0.9999999914922463
GCATGATCAAAGCAAT,9,0.9199362427040606
GCATGATCAAAGTGCG,9,0.9999999995289798
GCATGATCAAGTTAAG,9,0.9999990497573448
GCATGATGTAAGAGAG,9,0.9360147709594445
GCATGATGTGATGTCT,10,0.5860589814078062
GCATGATGTGCACGAA,9,0.9999999996116343
GCATGATGTGCTTCTC,9,0.9999998906066065
GCATGATGTTTACTCT,9,0.9998907748225632
GCATGATTCACGCGGT,9,0.858082027248157
GCATGATTCAGCTTAG,9,0.8288145479799343
GCATGATTCCGCGGTA,9,0.9235027235552101
GCATGCGCACGAGGTA,9,0.9313650327267067
GCATGCGCAGGTTTCA,5,0.9886910802495124
GCATGCGGTACATGTC,10,0.7439317617189047
GCATGCGGTAGGAGTC,9,0.9331906327101194
GCATGCGGTCTTGCGG,9,0.9325615118566047
GCATGCGGTGGCTCCA,9,0.8795456478549685
GCATGCGGTGGTGTAG,9,0.9156169856961115
GCATGCGGTTAAGAAC,9,0.9999999903331369
GCATGCGTCCGAATGT,9,0.9358523509302301
GCATGCGTCGATAGAA,9,0.876285771225814
GCATGTAAGCGATTCT,10,0.5381101087717162
GCATGTAAGGAGCGAG,9,0.9105979984366726
GCATGTAAGGGAAACA,9,0.9045502958311527
GCATGTAAGTAGTGCG,9,0.9312879533418973
GCATGTAAGTCCCACG,10,0.5552790598643759
GCATGTACAAGTAGTA,9,0.9999999922132052
GCATGTACATACGCCG,9,0.9309444903676947
GCATGTAGTAGTGAAT,9,0.9999820035924392
GCATGTAGTCTCTTTA,9,0.9999991810692549
GCATGTAGTGACTCAT,9,0.9105979978861328
GCATGTAGTGCAGTAG,9,0.9105979902825276
GCATGTATCACGCATA,9,0.9325615140722578
GCATGTATCCACGTGG,9,0.9999988426074146
GCATGTATCTATGTGG,9,0.9199362461506754
GCCAAATAGAAGGGTA,9,0.999905038933777
GCCAAATAGCTCCTCT,9,0.9263636770355098
GCCAAATAGGAATCGC,9,0.9999998053189242
GCCAAATCAATCACAC,9,0.9999999987085527
GCCAAATGTAAGGGAA,9,0.9325481547964638
GCCAAATTCAAACCGT,9,0.9108858874217174
GCCAAATTCAGGATCT,9,0.8811684101217988
GCCAAATTCAGTTAGC,0,0.9886702132738383
GCCAAATTCCTATGTT,9,0.9999999738225083
GCCAAATTCGTTTGCC,9,0.9344981441558355
GCCAAATTCTCTAGGA,9,0.9156756008937045
GCCTCTAAGACTAGAT,9,0.9999999894790853
GCCTCTAAGCTAGCCC,9,0.8917944609063743
GCCTCTAAGGCATGTG,9,0.8917944608996125
GCCTCTACAACTTGAC,9,0.9298381948700615
GCCTCTACAGCCAATT,10,0.5641546345322491
GCCTCTACATCAGTCA,9,0.9354472221874562
GCCTCTACATTGAGCT,9,0.9336799943916849
GCCTCTAGTAAGGGAA,9,0.9999999996737493
GCCTCTAGTACATCCA,9,0.9336187032411531
GCCTCTAGTACTCTCC,9,0.9999999999926691
GCCTCTAGTAGCGTCC,9,0.999999941607962
GCCTCTAGTGTTCGAT,0,0.9885336583799726
GCCTCTAGTGTTTGGT,9,0.9351834087823929
GCCTCTATCAGCTCGG,9,0.9306919331870012
GCCTCTATCATCATTC,9,0.9325481416521743
GCCTCTATCTGTCCGT,9,0.9325614655886243
GCGACCAAGACTTTCG,10,0.7756991885480665
GCGACCAAGCACACAG,9,0.9290838856453816
GCGACCACAATCGAAA,9,0.9999999999511683
GCGACCACAGTACACT,9,0.9111964021535671
GCGACCAGTAGAAGGA,9,0.8917943777891268
GCGACCAGTCAGTGGA,9,0.9999999991908091
GCGACCAGTCTTTCAT,9,0.9105979982872658
GCGACCATCATGGTCA,9,0.9347804493412345
GCGACCATCGGCGGTT,9,0.9235027260949513
GCGACCATCGTCCGTT,9,0.9325615136319565
GCGAGAAAGGTAGCTG,9,0.9243330659639332
GCGAGAACACCTGGTG,9,0.9105979888863424
GCGAGAACAGCTCGCA,10,0.5381101099549479
GCGAGAAGTAATTGGA,9,0.9979301762471738
GCGAGAAGTCCCTTGT,9,0.9105975916244876
GCGAGAAGTGCTTCTC,9,0.9347798810319086
GCGAGAATCAGAGACG,9,0.932547843776169
GCGCAACAGAAGCCCA,9,0.9325596871331762
GCGCAACAGAGAGCTC,9,0.9221011605493511
GCGCAACAGATGCCAG,9,0.9199362380672585
GCGCAACAGTCAAGGC,9,0.9999999986183362
GCGCAACAGTGCAAGC,10,0.6227181525793014
GCGCAACCAACACGCC,9,0.9999999989727143
GCGCAACCAAGGTGTG,9,0.999997407213762
GCGCAACCATCCCATC,10,0.5641546335990734
GCGCAACGTAAAGGAG,9,0.9077006975931954
GCGCAACGTAGCACGA,9,0.9156697178143892
GCGCAACGTAGCTTGT,9,0.999999999890698
GCGCAACGTGCAGGTA,9,0.999995167130805
GCGCAACGTTAAGATG,9,0.9156757292208684
GCGCAACTCATCGGAT,9,0.9999999996450666
GCGCAACTCCCAAGTA,10,0.6725273328544243
GCGCAGTAGTGGGTTG,9,0.9999999892705792
GCGCAGTCACAAGCCC,10,0.7012344470478028
GCGCAGTCACGAGAGT,9,0.9999999933178821
GCGCAGTCATTGGTAC,9,0.934780470286483
GCGCAGTGTACCTACA,9,0.9983184720750504
GCGCAGTGTATATCCG,9,0.9999966088499181
GCGCAGTGTCACTTCC,9,0.9980771060378807
GCGCAGTGTCCAGTTA,9,0.9199362426269235
GCGCAGTGTGCTTCTC,9,0.9999999961922772
GCGCAGTGTTGACGTT,9,0.9999999894535382
GCGCAGTTCGCAAGCC,9,0.8378343946137109
GCGCAGTTCTGCCAGG,9,0.9156756980245292
GCGCCAAAGAAGCCCA,9,0.9999848071654935
GCGCCAAAGCCAGTTT,9,0.9332802153919153
GCGCCAAAGCTACCGC,9,0.9953309689725358
GCGCCAAAGGGATGGG,9,0.9354472851149007
GCGCCAACAATCAGAA,9,0.914139150532101
GCGCCAACACCGGAAA,9,0.9110393376877951
GCGCCAACAGACAAGC,9,0.8452738849874507
GCGCCAAGTCCCTTGT,10,0.5306536143786493
GCGCCAAGTCTAAACC,9,0.9999995524008435
GCGCCAAGTCTCATCC,10,0.7596783408908113
GCGCCAAGTGACAAAT,9,0.9105958884712738
GCGCCAATCATCACCC,9,0.9156755561394397
GCGCCAATCCGCAAGC,9,0.9289335213141893
GCGCCAATCCGTACAA,9,0.9992228454681598
GCGCCAATCGGAAATA,9,0.9999999538072853
GCGCCAATCTACCAGA,9,0.9022971708219288
GCGCCAATCTTATCTG,9,0.9045503190236752
GCGCCAATCTTGTACT,9,0.933618584697594
GCGCGATGTAGGCATG,9,0.8874150115522078
GCGCGATGTGGCTCCA,9,0.9356696143156281
GCGCGATGTTGGTTTG,9,0.896177002077583
GCGCGATTCCCTCTTT,9,0.9999999869561425
GCGGGTTAGAGTTGGC,9,0.9904859203583752
GCGGGTTAGGACAGCT,9,0.813049584392375
GCGGGTTAGGCAATTA,9,0.9354472826716442
GCGGGTTCACACGCTG,9,0.9999929712192531
GCGGGTTCACGCTTTC,9,0.9235027207016764
GCGGGTTCAGGGTACA,9,0.9193812768841978
GCGGGTTGTACCCAAT,9,0.9045502657668851
GCGGGTTGTCCGTTAA,9,0.9199361667661334
GCGGGTTGTCTCTTAT,9,0.9952696011387061
GCGGGTTGTGTTGAGG,9,0.9077028604394435
GCGGGTTGTTGCGTTA,9,0.910597979862699
GCGGGTTTCACTGGGC,9,0.8130496044202006
GCGGGTTTCCACGTTC,9,0.9999998834575661
GCGGGTTTCGTAGGTT,9,0.9163864583521546
GCGGGTTTCTGCAAGT,9,0.928933518828202
GCTCCTAAGAGTCTGG,9,0.9999999986995324
GCTCCTAAGCGTAGTG,9,0.99999999895308
GCTCCTAAGGCGCTCT,9,0.936014768745514
GCTCCTAAGGTGATAT,10,0.5641191846852777
GCTCCTACAGCCTTGG,9,0.9309445276735948
GCTCCTAGTCGCGGTT,9,0.9196623394134625
GCTCCTAGTCTGATCA,9,0.9999971335184977
GCTCCTAGTCTGCAAT,9,0.9999999957543376
GCTCCTATCGCCAAAT,9,0.9281975712675331
GCTCCTATCTACCTGC,10,0.6346235155260943
GCTCTGTAGGGCTCTC,9,0.9338282271981873
GCTCTGTAGGTGCTAG,9,0.9999866713271572
GCTCTGTCATGCCTTC,9,0.9156746252722845
GCTCTGTGTCTCATCC,9,0.9999999628140434
GCTCTGTTCAGAGACG,9,0.9999999999383777
GCTCTGTTCTCTAGGA,0,0.9885214979129223
GCTGCAGAGAGAGCTC,9,0.9354461509515091
GCTGCAGAGGTAGCTG,9,0.9309445286040318
GCTGCAGCACACAGAG,9,0.8391407391807066
GCTGCAGGTCCTAGCG,10,0.6390633915260545
GCTGCGAAGATTACCC,9,0.9045502984397286
GCTGCGAAGCACGCCT,9,0.9045503127860254
GCTGCGAAGGAGTAGA,9,0.9999999996885138
GCTGCGAAGTACACCT,9,0.852322331606323
GCTGCGACACGTCAGC,9,0.999999988663268
GCTGCGAGTTCCCGAG,9,0.9110393473691931
GCTGCGATCCTACAGA,9,0.8213698363577002
GCTGCGATCTCCGGTT,9,0.9344981440757504
GCTGCTTAGCGTTTAC,9,0.91567375812318
GCTGCTTAGTTAGGTA,9,0.9347804709263564
GCTGCTTCAACCGCCA,9,0.99798981241319
GCTGCTTCAGGGTACA,9,0.9156757339072568
GCTGCTTGTCACTTCC,9,0.9999999980981532
GCTGCTTGTGCCTGCA,9,0.9002808251940072
GCTGCTTGTGTAATGA,9,0.9105979905657575
GCTGCTTTCACGCGGT,9,0.82999157798403
GCTGCTTTCAGAGCTT,0,0.9446268443447475
GCTGCTTTCATTGCCC,9,0.9999997452436342
GCTGCTTTCCCGGATG,9,0.9105979981512109
GCTGCTTTCTAACTCT,9,0.9999999836827809
GCTGCTTTCTGCCCTA,9,0.8961770242103093
GCTGGGTCAAACAACA,9,0.9999999998953173
GCTGGGTCAAGTTAAG,10,0.7667303613851094
GCTGGGTCACGTCTCT,10,0.612931110289735
GCTGGGTGTGACGCCT,0,0.9432769761263476
GCTGGGTGTGCAACTT,9,0.9999999985195079
GCTGGGTGTTGAGGTG,9,0.9105760795664861
GCTGGGTTCCAAATGC,9,0.8995295616043448
GCTGGGTTCCGTAGTA,9,0.999997839272642
GCTTCCAAGCCGCCTA,9,0.9972785038246823
GCTTCCAAGCTACCGC,10,0.7917093990022999
GCTTCCACAAACTGCT,9,0.9999999996295909
GCTTCCACAGACTCGC,9,0.8986003499222637
GCTTCCACATAGACTC,0,0.9448946297061082
GCTTCCAGTAAACGCG,9,0.9130414873896153
GCTTCCAGTCAAGCGA,9,0.9999999867069278
GCTTCCAGTCTCATCC,9,0.8205999502110931
GCTTCCAGTGCATCTA,9,0.8217336830197179
GCTTCCATCCTTTACA,10,0.7738658456321426
GCTTGAAAGACAAGCC,9,0.9289230852654143
GCTTGAAAGCATCATC,9,0.9235027187318501
GCTTGAAAGCCACGCT,9,0.999999770003752
GCTTGAAAGTCACGCC,9,0.9199362437455593
GCTTGAAAGTTCCACA,9,0.9141391520581024
GCTTGAACACCAGGTC,9,0.9359498446915911
GCTTGAACAGACTCGC,10,0.5307334470822883
GCTTGAAGTCTGCCAG,9,0.923498433824954
GCTTGAAGTTCGTTGA,10,0.7334450735696736
GCTTGAAGTTTGGCGC,9,0.9998986787768138
GCTTGAATCCCTCTTT,9,0.9196624971154883
GCTTGAATCCTTTACA,9,0.8523223547633486
GCTTGAATCGGCGGTT,10,0.6588538007175373
GCTTGAATCTTTAGGG,9,0.9999999343588926
GCTTGAATCTTTCCTC,9,0.9997248767645875
GGAAAGCAGAGACTAT,9,0.9199330372302225
GGAAAGCAGCCTCGTG,9,0.9356696206675854
GGAAAGCAGTCCCACG,9,0.9999999998193563
GGAAAGCAGTGAAGTT,10,0.6862799185053974
GGAAAGCCACACCGAC,9,0.9289335214806187
GGAAAGCCACCAGGTC,9,0.930620635797828
GGAAAGCCACTTACGA,9,0.9347804677761786
GGAAAGCGTAAGGGCT,9,0.9110393417777007
GGAAAGCGTCCGAACC,9,0.9141391460409857
GGAAAGCGTCTTCGTC,9,0.9141390860991333
GGAAAGCTCACCAGGC,9,0.9999999930966094
GGAAAGCTCCGCAAGC,9,0.9999999914612937
GGAAAGCTCGCGTTTC,9,0.9999993957159956
GGAAAGCTCTTTCCTC,10,0.5942487155468719
GGAACTTAGGAGTCTG,9,0.9999999969017119
GGAACTTCACCCATTC,9,0.9325615142239175
GGAACTTCAGCTGCTG,9,0.9045502342842557
GGAACTTCATACTACG,9,0.9288807358800524
GGAACTTGTCGCATCG,9,0.9999999984665602
GGAACTTGTGAAGGCT,9,0.9105979956494534
GGAACTTGTTGAGGTG,9,0.9999999997064583
GGAACTTTCACTCTTA,9,0.9999999999947239
GGAACTTTCAGAAATG,9,0.9105972331003239
GGAACTTTCAGCAACT,9,0.9306019912225112
GGAACTTTCCGATATG,10,0.679867106412921
GGAATAAAGCCATCGC,9,0.9999990109545055
GGAATAAAGCGTTCCG,9,0.9325481789181199
GGAATAAAGTCATGCT,9,0.9999260335537258
GGAATAAAGTCTCCTC,9,0.999999893755261
GGAATAACAATAACGA,9,0.9705294534223745
GGAATAACAGGGAGAG,9,0.9999909351282851
GGAATAAGTACCAGTT,9,0.9999999868397231
GGAATAAGTATATGGA,9,0.8712496687282354
GGAATAAGTCACTGGC,9,0.9235023356812124
GGAATAAGTCAGCTAT,9,0.9289335217413948
GGAATAAGTCGTCTTC,9,0.8627791342852753
GGAATAATCAACTCTT,9,0.9999999962912285
GGAATAATCAGATAAG,9,0.9999982492897244
GGAATAATCTGTCAAG,9,0.8961768728631435
GGACAAGAGAATCTCC,9,0.8734159874969826
GGACAAGAGTTGCAGG,9,0.9234952346761083
GGACAAGCACTTACGA,9,0.9235027261527499
GGACAAGCATAGACTC,9,0.9999999999398776
GGACAAGGTCTAGTCA,9,0.9999999984264928
GGACAAGGTGGGTATG,9,0.9999999962236712
GGACAAGGTGGTAACG,9,0.9175681326144315
GGACAAGGTGTGAAAT,10,0.6688437045842265
GGACAAGGTTACGACT,9,0.9325615143311337
GGACAAGTCATCTGTT,9,0.9325615136540393
GGACAAGTCTTAACCT,9,0.9347797798085368
GGACAGAAGAACAATC,9,0.9360147709379742
GGACAGAAGAGTGAGA,9,0.917010919190168
GGACAGAAGATCCCGC,9,0.9999999892588771
GGACAGAAGCGCCTCA,9,0.9264748559880505
GGACAGAAGCTCAACT,9,0.9105979984445949
GGACAGACAATAGAGT,9,0.9045503185617042
GGACAGACACTTAACG,9,0.9358523517731201
GGACAGACATCACAAC,9,0.9325600112727004
GGACAGAGTACAGACG,9,0.8737444994054718
GGACAGAGTAGGACAC,9,0.9338282499047793
GGACAGAGTATAGGTA,9,0.9321551809030458
GGACAGAGTCTCTCGT,9,0.9358523507348976
GGACAGAGTGCCTGGT,10,0.7515137889724092
GGACAGAGTTTGTGTG,9,0.9281975903627722
GGACAGATCGTCCAGG,9,0.8299915187973113
GGACAGATCGTTTATC,9,0.9347804705465036
GGACATTAGCCACTAT,9,0.9289335211670656
GGACATTAGTACATGA,9,0.9907220974560672
GGACATTAGTTAGCGG,9,0.9850553090008027
GGACATTCACGACGAA,9,0.9041203936585464
GGACATTCAGGTCCAC,9,0.9305516935574898
GGACATTGTAGAAGGA,9,0.999995292469694
GGACATTGTAGGGTAC,9,0.9999999995234256
GGACATTGTCGCGTGT,0,0.9883849635595867
GGACATTGTGCGCTTG,9,0.9264748076884213
GGACATTGTGTTAAGA,9,0.9322118482600226
GGACATTGTTATCGGT,9,0.933828252145798
GGACATTTCCACGTGG,9,0.9105979981210286
GGACATTTCGGAAATA,9,0.8378343208614426
GGACGTCAGAAGATTC,10,0.6390634349813684
GGACGTCAGCCGTCGT,9,0.9999999953454973
GGACGTCAGTACGTAA,9,0.9105979950447
GGACGTCCAAAGTGCG,9,0.9763599772884363
GGACGTCCAAGCGTAG,9,0.9999999894891513
GGACGTCCACTATCTT,9,0.8821495894484683
GGACGTCCACTCTGTC,9,0.9031528922757944
GGACGTCGTACAGACG,9,0.9999999905002843
GGACGTCGTTCATGGT,10,0.5806780764917885
GGACGTCTCAGGCAAG,9,0.9324228723834265
GGACGTCTCGTAGATC,9,0.8132978253045932
GGACGTCTCGTCTGAA,9,0.9999999998700222
GGACGTCTCTGGTGTA,9,0.8961770206350061
GGAGCAAAGAGTCGGT,9,0.9045503004863535
GGAGCAAAGTAGCGGT,9,0.9358523506721882
GGAGCAAAGTGAACGC,9,0.9338282530432022
GGAGCAAAGTGGGCTA,9,0.9289335218553607
GGAGCAACACACTGCG,9,0.9325615004772976
GGAGCAACAGTATAAG,9,0.9999975956735776
GGAGCAAGTCAACTGT,9,0.8755273119003919
GGAGCAAGTCCAACTA,9,0.9298382031886745
GGAGCAATCGAACGGA,9,0.9264747582790618
GGATGTTAGAATTGTG,9,0.9999999999769373
GGATGTTAGCTAACTC,9,0.9999996710281677
GGATGTTAGGCTCTTA,9,0.9999999888407055
GGATGTTCAAGCCCAC,9,0.9999995833168316
GGATGTTGTATATCCG,9,0.9967334007303145
GGATGTTGTATTCGTG,9,0.9338282486697893
GGATGTTGTCCAACTA,9,0.9999990911829879
GGATGTTTCGCGGATC,9,0.9999999907414912
GGATTACAGACAGAGA,9,0.9356696207204953
GGATTACAGAGACTAT,9,0.9045503165002121
GGATTACAGCCCAATT,9,0.9999986177357091
GGATTACAGTGCCAGA,9,0.9325615128468236
GGATTACCAAGCGCTC,9,0.8652471654400515
GGATTACCACTTGGAT,9,0.999999998164505
GGATTACCAGACACTT,9,0.9358588680382824
GGATTACCATCCCATC,9,0.9241132754280083
GGATTACCATCTACGA,10,0.5290776604681142
GGATTACGTAGGACAC,9,0.9999998010286575
GGATTACGTGTGTGCC,9,0.9999999256175899
GGATTACTCAAAGACA,9,0.9999999982180365
GGATTACTCATGTAGC,9,0.9309445255908986
GGCAATTAGACCACGA,9,0.9325614712788256
GGCAATTAGAGTCGGT,9,0.9105979984637046
GGCAATTAGATGCCAG,9,0.8917944606328997
GGCAATTAGTACACCT,9,0.9999746018956384
GGCAATTAGTACGCCC,9,0.9999997119330012
GGCAATTAGTTGAGTA,9,0.9338247597624445
GGCAATTCAATAGCAA,9,0.8534585308208764
GGCAATTCACCCATGG,9,0.9338282506831185
GGCAATTCAGCATGAG,9,0.9999521899558264
GGCAATTCATAGTAAG,9,0.9358523489990034
GGCAATTCATGTCCTC,9,0.8054039030126889
GGCAATTCATTAACCG,9,0.8878645473849767
GGCAATTGTACCGTTA,9,0.9558902267117151
GGCAATTGTCACACGC,9,0.8917944498045283
GGCAATTGTCAGGACA,9,0.9263373099357943
GGCAATTGTGCGCTTG,9,0.999997365004396
GGCAATTGTTCGTGAT,9,0.9999999999997318
GGCAATTGTTGAGTTC,9,0.9156757327231004
GGCAATTTCATTGCGA,9,0.9325481562569203
GGCAATTTCCAGTAGT,0,0.9886702132738383
GGCAATTTCCCTCAGT,9,0.9105979974661778
GGCCGATAGTATTGGA,9,0.923496259253424
GGCCGATCAAGCCATT,10,0.7255414779577939
GGCCGATCAGCCTATA,9,0.9336187033945127
GGCCGATCAGCGTCCA,9,0.8452738861882103
GGCCGATCAGGGATTG,9,0.8452738511352579
GGCCGATCATGGTTGT,9,0.9141391529694527
GGCCGATGTACCGCTG,10,0.5306508986709598
GGCCGATGTCGCATAT,9,0.895996465257975
GGCCGATGTGACTACT,10,0.747295854032804
GGCCGATGTTACCAGT,9,0.9396680889611004
GGCCGATGTTTGGGCC,9,0.9105979984072916
GGCCGATTCTTCCTTC,9,0.9998741760716426
GGCCGATTCTTGTATC,9,0.930944527109974
GGCGACTAGACACTAA,9,0.8821327355670439
GGCGACTAGACAGACC,9,0.9351834079295555
GGCGACTAGTGAACAT,9,0.928933520366709
GGCGACTCAAAGGCGT,9,0.9999999937140893
GGCGACTCAAGCTGTT,9,0.999887847746232
GGCGACTCAAGTACCT,9,0.934498083629358
GGCGACTCATACCATG,9,0.8777012544089394
GGCGACTGTATGGTTC,10,0.701310033124857
GGCGACTGTTGAACTC,9,0.9999999999967392
GGCGACTTCCACGTGG,9,0.8559046781554944
GGCGTGTAGCTGTCTA,10,0.5298024465133288
GGCGTGTAGTGATCGG,10,0.6842429739489042
GGCGTGTCAACAACCT,9,0.904550135989591
GGCGTGTCACTTAACG,9,0.9170109185654808
GGCGTGTCATTTCAGG,9,0.999999929131487
GGCGTGTGTACCGAGA,9,0.99999996469202
GGCGTGTGTCAGGACA,9,0.9235025916902647
GGCGTGTGTTACCAGT,9,0.9141391438398695
GGCGTGTGTTGGTAAA,9,0.9999999834950959
GGCGTGTGTTTGTTGG,9,0.9351833834925299
GGCGTGTTCCACTCCA,9,0.9200149470115219
GGCGTGTTCCTTAATC,9,0.9151113591239562
GGCTCGAAGAGCTATA,9,0.999999830809521
GGCTCGAAGTCCAGGA,9,0.9999999795458692
GGCTCGACAATGGAAT,9,0.9083862160623466
GGCTCGACATTATCTC,9,0.8948273528361411
GGCTCGAGTAATCGTC,9,0.933828252330235
GGCTCGAGTCTGATTG,9,0.9264742712056744
GGCTCGATCACCGGGT,9,0.8522559580296691
GGCTCGATCACTTATC,9,0.9323108444198814
GGCTCGATCCACGACG,9,0.9354472832054788
GGCTCGATCTCGTTTA,9,0.9999999477164911
GGCTGGTAGTACTTGC,9,0.9999999994829112
GGCTGGTAGTGACTCT,10,0.784344387802226
GGCTGGTCACATCTTT,10,0.5553187080112627
GGCTGGTGTAGCGTAG,9,0.8727329251433985
GGCTGGTGTTCCGGCA,9,0.9999999999963859
GGCTGGTGTTCGTTGA,9,0.9360147741139435
GGCTGGTTCACGACTA,9,0.924333071039677
GGCTGGTTCCGCAAGC,9,0.9999999869429883
GGCTGGTTCCGCTGTT,9,0.9338282227629768
GGCTGGTTCGTACGGC,9,0.999999997776304
GGGAATGAGAATAGGG,10,0.6129311103404176
GGGAATGAGCTATGCT,9,0.9344981430178174
GGGAATGAGTGGTAGC,9,0.8768628590199151
GGGAATGAGTGTGAAT,9,0.9998986794254097
GGGAATGCAATTCCTT,0,0.9448946297061082
GGGAATGCAGTTTACG,9,0.9354470290772329
GGGAATGCATCCGTGG,9,0.9045502958353
GGGAATGCATGGTTGT,10,0.7843443874418802
GGGAATGCATTAACCG,9,0.9078001513218703
GGGAATGCATTTCACT,9,0.919936246171201
GGGAATGTCCCTTGCA,9,0.9354472852721304
GGGACCTAGACCACGA,9,0.8217335568370437
GGGACCTAGACGCTTT,9,0.9336187033645688
GGGACCTAGCAATCTC,9,0.9999999977001351
GGGACCTAGGAGTACC,0,0.9885336583799726
GGGACCTCACGGTAAG,9,0.9065394668616693
GGGACCTCATGCTAGT,9,0.9264748517967916
GGGACCTCATGGAATA,9,0.9325614952465721
GGGACCTTCACTCCTG,10,0.6839127691559682
GGGACCTTCGGAAACG,9,0.9045503184675048
GGGACCTTCTTTACAC,9,0.8842122042181662
GGGAGATAGATGGCGT,9,0.999999999997135
GGGAGATAGTCAAGGC,9,0.9999943587253829
GGGAGATCACCAGATT,9,0.9199362453924509
GGGAGATCAGTATGCT,9,0.9338282517435207
GGGAGATCATCCGTGG,9,0.8217336850579627
GGGAGATGTAAGAGAG,9,0.9264748546694793
GGGAGATGTACCATCA,9,0.9045503110104454
GGGAGATGTGTGACCC,9,0.9999999216667077
GGGAGATGTGTGCGTC,9,0.9999999952585683
GGGAGATGTTGAGTTC,9,0.930771485505915
GGGAGATTCAGAAATG,9,0.8299911577356268
GGGAGATTCCGTTGTC,9,0.9199362418874302
GGGAGATTCTCCTATA,10,0.7301555650462965
GGGAGATTCTTGACGA,9,0.9356695840311995
GGGATGAAGATCTGAA,9,0.9999797369201229
GGGATGAAGCGGATCA,9,0.9315499312354033
GGGATGACACCAGTTA,9,0.9105979582651668
GGGATGAGTCCGAATT,9,0.9999999837387641
GGGATGAGTCTGCGGT,9,0.9999430967637782
GGGATGAGTTCACCTC,9,0.9156757325353893
GGGATGATCACCCTCA,9,0.9229196253812268
GGGATGATCACGATGT,9,0.9105979930781926
GGGATGATCGTGTAGT,9,0.9999955517349706
GGGATGATCTGTACGA,9,0.9241946077718217
GGGCACTAGGTAGCCA,9,0.9791840455251114
GGGCACTAGTCCTCCT,9,0.9999999973772976
GGGCACTCACTGTCGG,9,0.9356696184189365
GGGCACTCAGGGTATG,10,0.5552351772029341
GGGCACTCAGTTTACG,9,0.9325614976455164
GGGCACTCATCCCACT,9,0.8355571585919704
GGGCACTCATTACCTT,9,0.8617308223489922
GGGCACTGTCGTGGCT,9,0.9287662062557163
GGGCACTGTCTAGAGG,9,0.9998040607727376
GGGCACTTCCACGACG,9,0.934780470364232
GGGCACTTCTAACTCT,9,0.9300848719379896
GGGCACTTCTCACATT,9,0.8805043552035013
GGGCATCAGAATCTCC,10,0.7515137824114275
GGGCATCAGCCACCTG,9,0.9999999943724944
GGGCATCAGCGGCTTC,9,0.9344981436804849
GGGCATCAGCTAAACA,9,0.9170109190392187
GGGCATCAGTCATCCA,9,0.9999999978819542
GGGCATCCACATTAGC,9,0.900274766661645
GGGCATCCAGTATGCT,9,0.9235027248538163
GGGCATCCATCCCACT,9,0.9243330723947081
GGGCATCCATCGATGT,9,0.8917944197023416
GGGCATCGTAGAGCTG,9,0.9189973135568479
GGGCATCGTCAGAATA,10,0.4903053059418269
GGGCATCGTGCATCTA,9,0.9999999555851742
GGGCATCGTTCGAATC,9,0.9999999872249605
GGGCATCTCAAGGCTT,9,0.9999999987772646
GGGCATCTCAGCGATT,9,0.9999999873246505
GGGCATCTCTGTTTGT,9,0.9338282521526147
GGGTCTGAGCACGCCT,9,0.9321551314395249
GGGTCTGAGGAGTCTG,10,0.655127430602601
GGGTCTGAGTCATCCA,9,0.9763606598022142
GGGTCTGCAATACGCT,9,0.9196625433506626
GGGTCTGCAGGAATCG,9,0.9990156421831745
GGGTCTGGTATGAAAC,9,0.9997120293789428
GGGTCTGGTCATCCCT,9,0.926474846236902
GGGTCTGGTCGCATCG,9,0.9309445206757438
GGGTCTGTCACTTATC,9,0.9312879740597994
GGGTCTGTCAGCTGGC,9,0.9312879761203205
GGGTCTGTCATGCTCC,10,0.6285948597068762
GGGTCTGTCCAGAAGG,9,0.9325595948947493
GGGTCTGTCCTACAGA,9,0.9278600360731686
GGGTCTGTCTCGAGTA,9,0.99999999967938
GGGTCTGTCTGTTTGT,9,0.999999996676837
GGGTTGCAGAGTACCG,9,0.9344976527104676
GGGTTGCAGCTCAACT,9,0.999999999936996
GGGTTGCCACGCTTTC,9,0.9999999990037594
GGGTTGCGTATCACCA,9,0.9105979930403811
GGGTTGCGTCAAGCGA,9,0.9105134245668494
GGGTTGCGTGCAGGTA,9,0.9999999993665835
GGGTTGCGTTCCTCCA,9,0.9999999985364032
GGTATTGAGATGTTAG,9,0.9999999953430537
GGTATTGAGGACTGGT,9,0.9999969055647359
GGTATTGCAGGGAGAG,9,0.8768628589587102
GGTATTGCAGTCAGCC,9,0.9855137928125275
GGTATTGGTAGAGTGC,9,0.803816135457215
GGTATTGGTCACAAGG,9,0.999999991154642
GGTATTGGTCAGAATA,9,0.9999999999994336
GGTATTGGTGGTCTCG,9,0.9811666693001438
GGTATTGTCACCGGGT,10,0.7738657938777791
GGTGAAGAGATCTGAA,10,0.6581684103931967
GGTGAAGAGATGGCGT,9,0.9999999943666552
GGTGAAGAGCATCATC,9,0.9999999999639925
GGTGAAGAGCGAAGGG,9,0.999999983718296
GGTGAAGAGTTAAGTG,9,0.935852349097762
GGTGAAGCAAGGACTG,9,0.865297107658187
GGTGAAGCACATCCGG,9,0.9156757356118425
GGTGAAGCAGTCCTTC,10,0.7776838414505414
GGTGAAGCATCCCATC,9,0.9105979949886152
GGTGAAGGTAATAGCA,9,0.935836856322153
GGTGCGTAGCCCAATT,10,0.7419470955161857
GGTGCGTAGCCTATGT,9,0.9999988796269221
GGTGCGTCAATCTGCA,9,0.9999984455854151
GGTGCGTCACGCATCG,9,0.9281975904481262
GGTGCGTCAGCTGCAC,9,0.9156757285464834
GGTGCGTCATGGTAGG,9,0.9999998069221051
GGTGCGTGTAGCTCCG,9,0.9999527810121434
GGTGCGTGTGTATGGG,9,0.9963356841791369
GGTGCGTTCAGTGTTG,9,0.999999986811233
GGTGCGTTCCAAACAC,9,0.9040878672194004
GGTGCGTTCGGCATCG,10,0.7222164534004081
GGTGTTAAGATCTGCT,9,0.9045503190135075
GGTGTTAAGGTCGGAT,9,0.9312879761429083
GGTGTTAGTACTTGAC,9,0.9999999736200403
GGTGTTAGTCTCAACA,9,0.9241946049309447
GGTGTTAGTGATAAGT,9,0.9999999888645742
GTAACGTAGCATCATC,10,0.5878865325495259
GTAACGTAGTGAATTG,10,0.596948330376566
GTAACGTAGTTGTCGT,9,0.9999999574900269
GTAACGTCAATGGAGC,9,0.9999999618642248
GTAACGTCACCTCGTT,10,0.606127648088166
GTAACGTCACGTCAGC,10,0.5101364362501287
GTAACGTCAGGTGCCT,9,0.999595951947208
GTAACGTCAGTGGGAT,9,0.9101376422466154
GTAACGTGTAAAGGAG,9,0.9338282529008702
GTAACGTTCTGGCGTG,9,0.9708661552503873
GTAACGTTCTTCAACT,10,0.7272949333489656
GTAACTGAGAGTTGGC,9,0.9999983092669462
GTAACTGAGATGTAAC,9,0.9359498448798393
GTAACTGAGCAGACTG,9,0.9958842816305532
GTAACTGAGGAGTTTA,9,0.92954065293733
GTAACTGAGGATATAC,9,0.9999999655448243
GTAACTGCAAGTCTAC,9,0.9999999836033119
GTAACTGGTAAGTGGC,9,0.9999936219838342
GTAACTGGTCGGGTCT,10,0.5552351772029341
GTAACTGGTTCTGGTA,9,0.9156757355595555
GTAACTGGTTGCCTCT,9,0.9999999565142905
GTAACTGTCCTAGTGA,9,0.999999873849766
GTAACTGTCCTTGGTC,10,0.548259659675972
GTACGTAAGACAGGCT,10,0.7006224389106931
GTACGTAAGGGAACGG,10,0.6875332255015044
GTACGTAAGGTTCCTA,9,0.9289944093391156
GTACGTAAGTGGTAAT,9,0.9298381646207307
GTACGTACACGAAACG,9,0.9264745372585974
GTACGTACATCTGGTA,9,0.9999998533489852
GTACGTATCAACCATG,10,0.5304974646503788
GTACGTATCATGCATG,9,0.8712497243978982
GTACGTATCTGCGACG,9,0.8378343981673997
GTACTCCAGAACAACT,9,0.9325615135328048
GTACTCCAGAGGACGG,9,0.9337454805822635
GTACTCCAGATCCCGC,9,0.9999999996624142
GTACTCCAGGACAGAA,10,0.5299018309517805
GTACTCCAGGTGTGGT,9,0.9999999997539377
GTACTCCCATCTGGTA,9,0.9999999813763637
GTACTCCGTTTAGCTG,9,0.9999998880331351
GTACTCCGTTTCCACC,9,0.9235027234277311
GTACTCCTCAGAGACG,10,0.6439106940242929
GTACTCCTCATCTGCC,9,0.9999995515839675
GTACTCCTCCCAGGTG,9,0.9794427603549536
GTACTCCTCTGGAGCC,9,0.999999999998146
GTACTTTAGAATGTGT,9,0.9999999999997502
GTACTTTAGAGGTAGA,9,0.9041203759623497
GTACTTTGTCAGGACA,9,0.9999999806650346
GTACTTTGTCGAACAG,9,0.9358523510809491
GTACTTTGTCTGATCA,10,0.6461687238423414
GTACTTTGTGAAGGCT,9,0.9347804699077975
GTACTTTTCAGCACAT,9,0.9999999796500754
GTAGGCCAGAATTGTG,9,0.9997448552145177
GTAGGCCAGTACGTTC,9,0.999999736186123
GTAGGCCCAAACGCGA,9,0.9170109127920749
GTAGGCCCACATGGGA,9,0.9999999999125113
GTAGGCCCAGTTCATG,9,0.9199362063565094
GTAGGCCCATACCATG,9,0.9999999966114426
GTAGGCCCATCCCACT,9,0.9999984457569834
GTAGGCCCATCGGACC,9,0.9354468002144021
GTAGGCCGTGGGTCAA,9,0.9325615134123851
GTAGGCCGTGTTCGAT,9,0.9325481539919536
GTAGGCCGTTCTGTTT,9,0.9281975531029966
GTAGGCCTCACAAACC,9,0.99999980785283
GTAGGCCTCACCGTAA,9,0.9999999929453455
GTAGGCCTCAGAGCTT,9,0.9999999740915442
GTAGGCCTCATGTCTT,9,0.9999999969020054
GTAGGCCTCGCTTAGA,9,0.99999987707612
GTAGGCCTCTGTACGA,9,0.9999999914963944
GTAGGCCTCTTACCGC,9,0.9343427282705254
GTAGTCAAGCCACCTG,9,0.9999999890552244
GTAGTCACAAACGCGA,9,0.9999865689564049
GTAGTCACAATGTAAG,9,0.9993249525913128
GTAGTCACACATCCAA,9,0.9999941791854483
GTAGTCACACGGTAGA,9,0.9998047936589294
GTAGTCACAGACAAAT,9,0.9999999230933999
GTAGTCACAGGACGTA,9,0.9999786756322308
GTAGTCACATAGTAAG,9,0.9999984117860077
GTAGTCAGTAAGGGCT,9,0.9999999979262055
GTAGTCAGTGGTTTCA,9,0.9999988668410045
GTAGTCATCAACGGGA,9,0.9907205638484895
GTAGTCATCCCAAGAT,9,0.9999993918527439
GTAGTCATCGGAAACG,9,0.9999891887089519
GTAGTCATCTTGTCAT,9,0.9621683685107534
GTATCTTAGAGTGAGA,9,0.9999997425051153
GTATCTTAGCGACGTA,9,0.999999915660557
GTATCTTAGGACCACA,10,0.7515137850057144
GTATCTTCAAATCCGT,9,0.9999999923654369
GTATCTTCACACGCTG,9,0.9999999911686825
GTATCTTGTACTCAAC,9,0.9156686017799015
GTATCTTGTAGGCATG,9,0.8452738860806055
GTATCTTGTTCCCGAG,9,0.9999998010377558
GTATCTTGTTGAGTTC,9,0.9334179316891055
GTATCTTTCACGAAGG,9,0.9999980717152251
GTATCTTTCCACTCCA,0,0.9447689560968786
GTATCTTTCCGCGGTA,9,0.9999999990067749
GTATCTTTCCGTAGGC,9,0.9347712697379547
GTATCTTTCCTAGGGC,9,0.9999999974372812
GTATCTTTCTCGTTTA,9,0.9999997474247967
GTATTCTAGAGGACGG,9,0.9999997483566629
GTATTCTAGTGAACGC,9,0.9999999999962857
GTATTCTCAATAAGCA,10,0.42713939982631643
GTATTCTCAGATGGCA,9,0.935447281371147
GTATTCTCAGTCCTTC,9,0.9999999477309802
GTATTCTCATCAGTCA,9,0.9999944951650136
GTATTCTGTAGGCTGA,9,0.999960476916569
GTATTCTGTATTCGTG,9,0.9999999632112676
GTATTCTGTGTCAATC,9,0.9999988785202503
GTATTCTGTTCCAACA,9,0.9999995530389886
GTATTCTGTTTGTTTC,9,0.9999999998877792
GTATTCTTCAACCAAC,9,0.9999974451182887
GTATTCTTCAGTTTGG,9,0.9999999994785387
GTATTCTTCCTTCAAT,9,0.9312879602630096
GTATTCTTCGAGGTAG,9,0.9999998840699195
GTCAAGTAGATGGCGT,9,0.9999999331184141
GTCAAGTAGGTGCACA,10,0.7272949353927618
GTCAAGTCAATCACAC,9,0.9291671957951445
GTCAAGTCAATCAGAA,9,0.9999993769915008
GTCAAGTCACGGATAG,9,0.8961770186026007
GTCAAGTCAGGAATGC,9,0.9999995883234457
GTCAAGTCAGGATTGG,9,0.9999997694148409
GTCAAGTCATGTCGAT,9,0.9234996875089918
GTCAAGTGTAGCTCCG,9,0.9999992433205781
GTCAAGTGTTACCAGT,10,0.5544485687771636
GTCAAGTTCGCGCCAA,9,0.9386315108679987
GTCAAGTTCTTTACAC,10,0.670876491344916
GTCACAAAGAGTAATC,9,0.9999999193103358
GTCACAAAGCGATTCT,9,0.9999999834885492
GTCACAAAGTCGCCGT,9,0.9999999587143289
GTCACAACACATTAGC,10,0.5743471555384398
GTCACAACACCGGAAA,9,0.9999950134092606
GTCACAAGTATGAAAC,9,0.9794427203134308
GTCACAATCCCATTAT,9,0.9999999965390317
GTCACAATCCTCAACC,9,0.9045502944854452
GTCACAATCGGACAAG,9,0.9347804648180543
GTCACAATCTCTTATG,9,0.9999999586528242
GTCACAATCTTTCCTC,9,0.9002819673683181
GTCACGGAGCCGGTAA,9,0.9999714882814627
GTCACGGCACAGCCCA,9,0.9105979984004726
GTCACGGCATCGGTTA,9,0.91993610076485
GTCACGGCATCTACGA,9,0.9999993641036016
GTCACGGGTAGCAAAT,9,0.999999986123489
GTCACGGGTCATATCG,9,0.8083880477130743
GTCACGGGTCCGAATT,9,0.9999999139373307
GTCACGGTCGGCGCAT,9,0.9999993822840602
GTCATTTAGCTGATAA,0,0.9886702132738383
GTCATTTAGGACAGAA,9,0.9999999221868795
GTCATTTCAAACGTGG,9,0.9999989006304869
GTCATTTCAATAGCAA,9,0.930944527307537
GTCATTTCACAGGCCT,9,0.9991189400080466
GTCATTTCACGAAATA,9,0.9999999477537598
GTCATTTCACTCAGGC,9,0.9999996476253579
GTCATTTCAGCGTAAG,9,0.9779548344196825
GTCATTTCATCGATGT,9,0.9999999932109312
GTCATTTGTAGCACGA,9,0.999998839639972
GTCATTTGTCATTAGC,9,0.8589924870671114
GTCATTTGTTTCGCTC,9,0.90422909352583
GTCATTTTCAACGCTA,9,0.9243330105421043
GTCATTTTCCCTTGTG,9,0.9846133753835066
GTCATTTTCGAGAGCA,9,0.9766612931250428
GTCATTTTCGTAGGAG,9,0.9999999315574333
GTCCTCACAGATGAGC,9,0.9998982793439868
GTCCTCAGTAATAGCA,10,0.5474147015358721
GTCCTCAGTATATGAG,9,0.9325481566106398
GTCCTCAGTTGATTCG,9,0.9999999996943887
GTCCTCATCCCGACTT,9,0.9999999987341053
GTCCTCATCTGTCAAG,9,0.9979400635415071
GTCCTCATCTTACCGC,10,0.5553158660758747
GTCGGGTAGGCAGTCA,9,0.8441773352556944
GTCGGGTAGGCTCAGA,9,0.8190991566792496
GTCGGGTCAAGAGTCG,9,0.8821496001891056
GTCGGGTCACCAGGTC,9,0.9955875095705804
GTCGGGTCACCGAAAG,9,0.9999995356315984
GTCGGGTCAGTGAGTG,9,0.9999999050860612
GTCGGGTGTATCAGTC,9,0.9793059997767359
GTCGGGTTCATATCGG,9,0.9999735302415025
GTCGGGTTCCGATATG,9,0.999999663980072
GTCGGGTTCGACCAGC,9,0.9999993793959697
GTCGTAAAGGTTACCT,0,0.9174399224399132
GTCGTAAAGTGAATTG,9,0.9999998882596027
GTCGTAACAGTCGATT,9,0.900281423388727
GTCGTAAGTCCGAATT,9,0.9999830311274259
GTCGTAAGTGTTCGAT,9,0.9986353751503949
GTCGTAATCACGCGGT,9,0.9475012107346008
GTCGTAATCAGTCAGT,9,0.9999999883250279
GTCGTAATCATGCATG,9,0.9686863225564423
GTCGTAATCATTATCC,9,0.9999884805163525
GTCGTAATCCGTTGTC,10,0.7354664057662293
GTCGTAATCCTTTCGG,9,0.9999998480597675
GTCGTAATCGTTTGCC,9,0.8801306049329797
GTCGTAATCTACCTGC,9,0.9999984335692269
GTCTCGTCAAGCGAGT,9,0.9999999684033228
GTCTCGTGTCAGAGGT,0,0.9447689560968786
GTCTCGTGTGAAATCA,9,0.9999999997952492
GTCTCGTGTGGCTCCA,0,0.9886651535904066
GTCTCGTGTGTGGCTC,9,0.9999999256498722
GTCTCGTGTTATGTGC,9,0.9999999945797188
GTCTCGTGTTCCCGAG,10,0.4908680804391922
GTCTCGTGTTCGCGAC,9,0.9999999081516494
GTCTCGTTCCAAGTAC,9,0.999999990184881
GTCTTCGAGCCAGAAC,9,0.903582240991291
GTCTTCGAGGCTCTTA,9,0.9999991638704856
GTCTTCGCAATAGCAA,0,0.9448994653854939
GTCTTCGCACATTTCT,9,0.9241946074502884
GTCTTCGCATTGGTAC,9,0.8760489401769339
GTCTTCGGTTTGTTTC,9,0.9999999915433151
GTCTTCGTCAAACAAG,9,0.9312879682595431
GTCTTCGTCATTGCCC,9,0.9105973785726661
GTCTTCGTCCTGCAGG,10,0.5209039379399703
GTGAAGGAGAGCTGCA,9,0.9215001473336452
GTGAAGGCAGCGAACA,9,0.9098017129911304
GTGAAGGGTACATGTC,9,0.9999995081392977
GTGAAGGTCATGTCCC,9,0.9002819665574466
GTGAAGGTCCATTCTA,9,0.999999947750541
GTGAAGGTCTCGTATT,9,0.9999999405494415
GTGCAGCAGACGACGT,9,0.876862857302245
GTGCAGCAGATCTGAA,9,0.9199362457125836
GTGCAGCAGCCGATTT,9,0.9999998419172287
GTGCAGCAGGCATTGG,9,0.8917928502069866
GTGCAGCAGGCGACAT,9,0.9999999890244389
GTGCAGCAGTGGGTTG,9,0.999997747519959
GTGCAGCCACTTACGA,9,0.9999998660947811
GTGCAGCGTGCGATAG,9,0.9999955294175924
GTGCAGCTCAAGCCTA,9,0.935852350907777
GTGCAGCTCCATGCTC,10,0.6856787267559317
GTGCAGCTCCTGTAGA,9,0.8917943612845449
GTGCAGCTCGGATGTT,9,0.8712497269950696
GTGCAGCTCTCTAAGG,9,0.9336186411017383
GTGCATAAGCAGGTCA,9,0.9999993311990424
GTGCATAAGCCACGCT,10,0.5381100628894834
GTGCATAAGCTAGGCA,9,0.9325614339887492
GTGCATAAGGCATTGG,9,0.93361870259191
GTGCATACAATCTACG,9,0.9443970761481633
GTGCATACATCCTTGC,9,0.9999997639893569
GTGCATACATCGGTTA,9,0.9999999946404825
GTGCATAGTCTTCGTC,9,0.9999998856274148
GTGCATAGTTACCGAT,9,0.919936241973116
GTGCATAGTTAGATGA,9,0.9045502991959594
GTGCATATCCCTTGTG,9,0.8871226671574313
GTGCGGTAGCTAAACA,9,0.9999997908690162
GTGCGGTAGGTAGCTG,9,0.8821496037225776
GTGCGGTCAAACTGCT,9,0.9999999576674032
GTGCGGTCACCGGAAA,9,0.97884779942525
GTGCGGTCAGTTTACG,9,0.9999998668799384
GTGCGGTCATTACCTT,9,0.9999945398062573
GTGCGGTGTTGATTGC,9,0.9999979677952346
GTGCGGTTCAATCACG,9,0.9281975842910468
GTGCGGTTCTAAGCCA,10,0.6875332366027888
GTGCGGTTCTTTCCTC,10,0.7144916966084297
GTGCTTCAGAAGGTTT,9,0.9289335188463572
GTGCTTCAGCCACGTC,9,0.8378343576135278
GTGCTTCAGCGTGAAC,10,0.7379235052574462
GTGCTTCGTATAATGG,9,0.9289335223494506
GTGCTTCGTTCACGGC,9,0.9999998542231157
GTGCTTCTCAAGGTAA,9,0.9999999999745626
GTGCTTCTCAGAGACG,9,0.9999999868106423
GTGCTTCTCCGGCACA,9,0.9156756644392664
GTGCTTCTCCTACAGA,9,0.9264747246504546
GTGGGTCAGACCTTTG,10,0.5209039387009201
GTGGGTCAGAGAACAG,9,0.9999998790166787
GTGGGTCAGATCCCGC,9,0.9762227296729825
GTGGGTCAGGTGCTAG,9,0.9358523326893861
GTGGGTCCAGGGTTAG,9,0.9999990102473093
GTGGGTCGTAAGTGTA,9,0.9999999974431859
GTGGGTCGTCTAAAGA,9,0.9971231087976509
GTGGGTCGTCTCCCTA,9,0.9864941304536831
GTGGGTCTCAAACAAG,9,0.9999999999942183
GTGGGTCTCCAGGGCT,10,0.5033860644890703
GTGGGTCTCGATAGAA,9,0.9999999743494844
GTGGGTCTCGGAAATA,9,0.9884385568315128
GTGTGCGAGACATAAC,9,0.8855269435917662
GTGTGCGAGGGTCGAT,9,0.9141675630381844
GTGTGCGAGTCAAGGC,9,0.9999988676594906
GTGTGCGCAATCTGCA,9,0.9999999536801122
GTGTGCGCAGTCGATT,9,0.9077028654615449
GTGTGCGCATCTCCCA,9,0.9999999045940204
GTGTGCGGTCTACCTC,9,0.9999999983801889
GTGTGCGGTCTCACCT,9,0.999999979489831
GTGTGCGTCCTGTACC,10,0.6819611381563928
GTGTGCGTCGTCACGG,9,0.9999688022953077
GTGTTAGAGCGTGTCC,9,0.9994918721166945
GTGTTAGAGCGTTCCG,9,0.9999999999389858
GTGTTAGAGCTGAAAT,9,0.930915895206684
GTGTTAGAGGATGTAT,9,0.9999999995199595
GTGTTAGCACACAGAG,9,0.9993535919636639
GTGTTAGCACATGACT,10,0.5482603685383394
GTGTTAGCACCATCCT,9,0.9358523517399512
GTGTTAGCATCAGTCA,9,0.9105979865850253
GTGTTAGCATCTATGG,9,0.9999999891565262
GTGTTAGCATGTCCTC,9,0.9298382038111769
GTGTTAGGTCACTTCC,9,0.8335893995549316
GTGTTAGGTTAGTGGG,9,0.9196625441314634
GTGTTAGTCCCAACGG,9,0.9999992516727977
GTGTTAGTCTTACCGC,9,0.9999998248973158
GTTAAGCAGACAGGCT,9,0.9999941049279748
GTTAAGCAGACCACGA,9,0.9993535963012431
GTTAAGCAGCTCCCAG,9,0.999346582664463
GTTAAGCAGCTTCGCG,9,0.9999834640981501
GTTAAGCCATCTCCCA,9,0.876862857288354
GTTAAGCCATTGGTAC,9,0.9999988555458806
GTTAAGCGTACAGTTC,9,0.9999998559451905
GTTAAGCGTACTTCTT,9,0.8657813059515166
GTTAAGCGTTTGTGTG,9,0.9998967575474719
GTTAAGCTCTCACATT,9,0.9999999604386041
GTTACAGAGCCCAATT,9,0.9263577161126353
GTTACAGAGTAACCCT,0,0.9886651535904066
GTTACAGCAAAGGAAG,9,0.9999994312964927
GTTACAGGTGTTTGTG,9,0.9999999747677016
GTTACAGTCAATAAGG,9,0.9999988180420434
GTTACAGTCGAGGTAG,9,0.9999999714093523
GTTACAGTCTACTTAC,9,0.9999998822465056
GTTACAGTCTGCGTAA,9,0.9356695128117684
GTTACAGTCTTGCATT,9,0.9999999552187404
GTTCATTCATCCCACT,9,0.9923264841785282
GTTCATTGTCAAAGCG,9,0.9999993968952424
GTTCATTTCAAGGCTT,9,0.9999173134474378
GTTCATTTCACGGTTA,10,0.5969483036159888
GTTCATTTCGTCTGAA,10,0.7144916942842507
GTTCGGGAGACTACAA,9,0.9264747067412425
GTTCGGGAGAGAACAG,9,0.9999998116506773
GTTCGGGAGAGTCGGT,9,0.8710663120262278
GTTCGGGCAACACGCC,9,0.9999999545540043
GTTCGGGCACCAGCAC,9,0.999999992960706
GTTCGGGCACGTCAGC,9,0.9999999998809374
GTTCGGGCAGACGCAA,9,0.9999997468863724
GTTCGGGCATGGGACA,9,0.9999968156898823
GTTCGGGGTAAAGGAG,9,0.9199356917317382
GTTCGGGGTACAGCAG,9,0.9325615131618876
GTTCGGGGTTACCGAT,9,0.9999998559500587
GTTCGGGGTTCCACAA,9,0.9999956397509882
GTTCGGGTCCCAAGAT,9,0.9999996256225522
GTTCTCGAGACGCAAC,9,0.9999996534868374
GTTCTCGAGAGATGAG,9,0.9297942934407231
GTTCTCGCACGTCTCT,9,0.9992176257240226
GTTCTCGCATTTCAGG,9,0.9700696538194896
GTTCTCGGTGTCCTCT,9,0.9999997357096923
GTTCTCGTCCCTTGCA,10,0.6314405433767832
GTTCTCGTCCGAGCCA,9,0.9999998728719791
GTTCTCGTCGGTCTAA,9,0.999998879550409
GTTTCTAAGACGCACA,9,0.9999999998828892
GTTTCTAAGAGCCCAA,9,0.9999986126947388
GTTTCTAAGAGTCGGT,9,0.9907205210980542
GTTTCTAAGCTATGCT,10,0.7619317612931401
GTTTCTAAGTTTGCGT,9,0.9360102990971197
GTTTCTACAGATCTGT,9,0.9999999957279886
GTTTCTACAGGATTGG,9,0.9999998050972227
GTTTCTACAGGGTTAG,9,0.9999995886879647
GTTTCTAGTTTGACTG,9,0.9999998794625785
GTTTCTATCATGTCCC,9,0.9999999874953701
GTTTCTATCCCAAGTA,9,0.9999991528651976
GTTTCTATCGCGTAGC,9,0.9998959585156184
GTTTCTATCGTTGCCT,9,0.9999987250626426
TAAACCGAGGCATGGT,9,0.9309426669865963
TAAACCGAGGCTATCT,9,0.935447206557823
TAAACCGAGTTAACGA,9,0.9358523497058268
TAAACCGCAAAGGTGC,10,0.7939514461152276
TAAACCGCATCGATGT,9,0.9289335222464996
TAAACCGGTCATCCCT,9,0.9351834087343356
TAAACCGGTGATGATA,9,0.9282663648664217
TAAACCGTCATCATTC,9,0.9319808512482604
TAAACCGTCCAGGGCT,10,0.5033033383480656
TAAACCGTCGCTTAGA,9,0.8922714029367202
TAAACCGTCGGACAAG,9,0.9156757356221238
TAAACCGTCGTTACGA,9,0.9999999999701228
TAAACCGTCTAACTGG,9,0.9997447663208014
TAAGAGAAGATGTCGG,9,0.8452738785644137
TAAGAGAAGCCCGAAA,9,0.9999999954007391
TAAGAGAAGTGGGATC,9,0.9041688551955673
TAAGAGACAGTGAGTG,9,0.9997021927810918
TAAGAGAGTAGCGTAG,9,0.9384711196622297
TAAGAGAGTCAACATC,9,0.8496146649673427
TAAGAGATCAACGCTA,9,0.8611294859474573
TAAGAGATCCTGTACC,9,0.9136747461207982
TAAGAGATCGCAGGCT,9,0.8838089201470353
TAAGAGATCTTATCTG,9,0.9999999954043306
TAAGCGTCAAGTCTAC,9,0.9999999022082875
TAAGCGTCACTGAAGG,9,0.9309445193402959
TAAGCGTCAGTATGCT,9,0.9999999262213416
TAAGCGTGTAGCGTCC,9,0.936309950879907
TAAGCGTGTCTCAACA,9,0.8943034031528081
TAAGCGTGTTCGGCAC,9,0.9235027242552041
TAAGCGTTCGTAGGTT,9,0.999999999591143
TAAGCGTTCTGGAGCC,9,0.9325615136515161
TAAGCGTTCTTCGGTC,9,0.9077028667147009
TAAGTGCAGTTTAGGA,9,0.9309445286010277
TAAGTGCCAAACTGTC,9,0.9105979979760442
TAAGTGCCAAGGTTTC,9,0.9298382032755662
TAAGTGCCAGAGCCAA,9,0.9354466944361054
TAAGTGCGTATAGGGC,9,0.9235027251259638
TAAGTGCTCGTCGTTC,9,0.9199362459374995
TAAGTGCTCTGCTGTC,9,0.9325481144093699
TAAGTGCTCTTGACGA,9,0.9354472409854273
TACACGAAGACTCGGA,9,0.828408256759122
TACACGAAGGGTCTCC,9,0.8559046776389533
TACACGACACGTTGGC,9,0.8039292224463143
TACACGACAGTCGTGC,9,0.9156757345540407
TACACGACAGTGGAGT,9,0.8652972891487795
TACACGAGTCGCGGTT,9,0.9199362460088397
TACACGAGTCTCTCTG,9,0.8652972868845634
TACACGAGTCTGCCAG,10,0.530497467621558
TACACGAGTGCGAAAC,9,0.8452738720765173
TACACGAGTGCTTCTC,7,0.9846925530274475
TACACGAGTTAAAGTG,9,0.9999999930862926
TACACGAGTTCCATGA,9,0.9358523493008152
TACAGTGAGGAACTGC,9,0.8760236945603261
TACAGTGAGGCCCTCA,9,0.9833806430489039
TACAGTGAGGGTTTCT,9,0.9351834082631497
TACAGTGAGTATTGGA,10,0.4886144413084352
TACAGTGCATATGGTC,9,0.9298382032208279
TACAGTGCATCCTTGC,9,0.9999999990321272
TACAGTGCATCTACGA,9,0.93594984452335
TACAGTGGTCGATTGT,9,0.8392230235050364
TACAGTGGTCTAGTGT,9,0.8523219506317392
TACAGTGTCAACGGCC,9,0.9356696185457077
TACAGTGTCCTAAGTG,9,0.9045503180818799
TACAGTGTCGCCTGAG,9,0.9196625447436416
TACCTATAGATGCGAC,9,0.8637707212307175
TACCTATAGGCTATCT,0,0.9886702132738383
TACCTATCAACACCTA,10,0.5033860644890703
TACCTATCAGCCAATT,9,0.9992083028228829
TACCTATCATTGGCGC,9,0.9999955717730389
TACCTATGTCAAACTC,9,0.9312879761669068
TACCTATGTCTAAAGA,9,0.8878645486174798
TACCTATGTTAAAGAC,9,0.9235025909601515
TACCTATTCCGAGCCA,9,0.9360147752391484
TACCTATTCCGTTGTC,9,0.9358523515983178
TACCTATTCCTGCCAT,9,0.9999999991929053
TACCTTAAGCGTGTCC,10,0.7515137180111076
TACCTTAAGCTGAAAT,9,0.9325614697388847
TACCTTAAGGACCACA,9,0.8235533647926653
TACCTTAAGGTCGGAT,9,0.9199362458510534
TACCTTAAGTTCGATC,9,0.9105967331667489
TACCTTAGTAAGGATT,9,0.8523222499288607
TACCTTAGTATCGCAT,10,0.6439109507412645
TACCTTAGTCCGTGAC,9,0.9999999953657974
TACCTTAGTCGCGAAA,9,0.932548157066035
TACCTTAGTGATGTCT,9,0.9289335222983472
TACCTTATCACCGGGT,10,0.7439317616593054
TACGGATAGCCAACAG,9,0.9999999997101561
TACGGATAGGCTCTTA,10,0.5209039383550671
TACGGATCAAGACGTG,9,0.9358519802751626
TACGGATCAGGTCCAC,9,0.9092825458930174
TACGGATCATTCCTCG,10,0.6551274295609795
TACGGATGTATCTGCA,10,0.4848771152413115
TACGGATGTTGTCTTT,9,0.9968821649934575
TACGGATTCATCGATG,9,0.9264748485480034
TACGGGCAGTACCGGA,9,0.9105979931501509
TACGGGCCATCACGAT,9,0.9156757157752087
TACGGGCGTATTACCG,9,0.885724583537758
TACGGGCGTCTCTTAT,9,0.8217336842982875
TACGGGCTCACTTCAT,9,0.9344973747705083
TACGGGCTCAGCCTAA,9,0.919936149870547
TACGGTAAGGTAAACT,0,0.9447573340022101
TACGGTAAGTCGAGTG,9,0.9338282515441886
TACGGTACACCATGTA,9,0.9002818915262831
TACGGTACACCGATAT,9,0.9325606006583317
TACGGTAGTACCGCTG,9,0.9336186643076888
TACTCATAGAGTGAGA,9,0.9281975911382074
TACTCATAGCCACGCT,9,0.9338282528273587
TACTCATAGCCGCCTA,10,0.7627723389874769
TACTCATCAAATCCGT,9,0.8452738775519181
TACTCATCAAGCCATT,9,0.8851452199845348
TACTCATCATCCGTGG,9,0.8961770205263907
TACTCATGTCAGATAA,9,0.9900243964333899
TACTCATGTGACAAAT,9,0.9999999985802167
TACTCATTCAGCTGGC,9,0.9199362459597914
TACTCATTCTTACCTA,9,0.9220257487914577
TACTCGCAGACCCACC,9,0.9338282501626958
TACTCGCAGGGTTTCT,9,0.9358316880082425
TACTCGCCACCGATAT,9,0.9360147752210102
TACTCGCCATACTACG,9,0.9235027261801144
TACTCGCCATGAACCT,9,0.9999999987974417
TACTCGCGTACAAGTA,9,0.9077026190897358
TACTCGCGTAGGCATG,9,0.9309445287596358
TACTCGCGTCGTTGTA,10,0.5558234637541768
TACTCGCGTCTCAACA,9,0.9344981440038418
TACTCGCTCAGCTCGG,10,0.5037044737494458
TACTCGCTCCGTCATC,9,0.9999560280750686
TACTCGCTCTGGAGCC,9,0.9347804703854956
TACTCGCTCTGGCGAC,9,0.8168064522707713
TACTTACAGACTCGGA,9,0.8217336460952658
TACTTACAGATCGGGT,9,0.9359498364887283
TACTTACCAAGCGATG,10,0.5166896476993004
TACTTACCAAGCGTAG,9,0.8523177726325976
TACTTACGTCTCATCC,9,0.9351834082626357
TACTTACGTGGCTCCA,10,0.5307334470822883
TACTTACGTTATCACG,9,0.9351008557528018
TACTTACGTTCAGGCC,9,0.9243330724206056
TACTTACTCAGAAATG,9,0.9156845786664158
TACTTACTCCAAATGC,9,0.9360147740277925
TACTTACTCCAACCAA,10,0.547414775684434
TACTTACTCCTCAATT,9,0.9289335218862564
TACTTGTAGAAGGCCT,9,0.9999962553971727
TACTTGTAGGTAAACT,9,0.9076916086864991
TACTTGTAGGTGATAT,9,0.887122665911206
TACTTGTAGTCGTTTG,9,0.9199362461900366
TACTTGTGTCACTTCC,9,0.9344981413812652
TACTTGTGTGGGTCAA,9,0.933581830808251
TACTTGTTCTCACATT,9,0.999997778746948
TAGACCAAGACCTTTG,9,0.9358517442634529
TAGACCAAGCGTGAAC,9,0.9999999997105378
TAGACCAAGCTATGCT,9,0.9359498445699423
TAGACCAAGTACATGA,10,0.7515137886177519
TAGACCACACCAGCAC,9,0.9356495415563346
TAGACCACACCAGGTC,9,0.8805043579657098
TAGACCACACTACAGT,9,0.9196625210938971
TAGACCACATCCTAGA,9,0.9002819669433199
TAGACCAGTAAAGTCA,9,0.9045503172051816
TAGACCAGTCACTTCC,9,0.9971754187123034
TAGACCAGTTCCTCCA,9,0.9239040702585856
TAGACCATCAAACCAC,9,0.9999999999648035
TAGACCATCACTATTC,9,0.9235027252923783
TAGACCATCACTTCAT,9,0.9281975846124592
TAGAGCTAGCAATCTC,9,0.8372866115034437
TAGAGCTAGCGTGAAC,9,0.9999999992767189
TAGAGCTAGTAACCCT,9,0.935852349531362
TAGAGCTAGTGAATTG,9,0.9358523512525415
TAGAGCTAGTTAGGTA,9,0.913476965109185
TAGAGCTCAAACAACA,9,0.9303779171926297
TAGAGCTCACGGCGTT,9,0.929838019611061
TAGAGCTCAGGAATCG,9,0.932561509413168
TAGAGCTCAGGTCCAC,10,0.612931109816571
TAGAGCTCATTTGCCC,9,0.9289335211132482
TAGAGCTGTCGCGTGT,9,0.9999977901686251
TAGAGCTGTGTGAAAT,9,0.9999882341784508
TAGCCGGAGAGACTAT,9,0.8523223585684838
TAGCCGGAGCACCGCT,9,0.9351834044831159
TAGCCGGCAAAGTGCG,9,0.9165137164334476
TAGCCGGCAGCTGTGC,9,0.935852312475948
TAGCCGGGTGCCTTGG,9,0.8790146793507075
TAGCCGGGTTCCTCCA,9,0.9221011605836559
TAGCCGGTCGCATGAT,9,0.8254379567983601
TAGGCATAGACTAGGC,9,0.9999998543751734
TAGGCATAGAGGTACC,9,0.8577847033662103
TAGGCATAGCTTCGCG,9,0.9356696200394204
TAGGCATAGGCAAAGA,10,0.7515134113824296
TAGGCATAGTAACCCT,10,0.7541344185959477
TAGGCATAGTGAATTG,10,0.5201520303086866
TAGGCATCAAGCGCTC,9,0.9199362460454487
TAGGCATCAGACAAAT,9,0.8523209393913213
TAGGCATCAGCTGCAC,9,0.9358523512467759
TAGGCATCATAGGATA,9,0.9235027248097545
TAGGCATGTAAGGGAA,9,0.9336186946982916
TAGGCATGTAAGTGTA,10,0.6061276469217469
TAGGCATTCATTTGGG,9,0.869307425095526
TAGGCATTCGCATGAT,9,0.8871226656987524
TAGTGGTAGAGGTTAT,9,0.9999999968976043
TAGTGGTAGGGCACTA,9,0.9999999996918996
TAGTGGTAGTCCCACG,9,0.9153687737163904
TAGTGGTCAAGCGTAG,9,0.9141391061983432
TAGTGGTCACACCGAC,9,0.9354472849966555
TAGTGGTCACAGACAG,9,0.9347804698075479
TAGTGGTCACTTCGAA,10,0.7002883854983536
TAGTGGTCAGCCTTGG,9,0.9999965193936327
TAGTGGTCAGTCGATT,9,0.9354472820947497
TAGTGGTCATTGGTAC,9,0.9041203946569247
TAGTGGTGTCTAACGT,9,0.9999996579637915
TAGTGGTGTGACGCCT,10,0.5552790581492382
TAGTGGTGTTACTGAC,9,0.9999994397624345
TAGTGGTTCACTTACT,9,0.9050340876018929
TAGTGGTTCATCTGCC,9,0.9076967517446138
TAGTGGTTCGGTTAAC,9,0.9325615143214213
TAGTGGTTCTACCAGA,9,0.9339425773642885
TAGTTGGCAATGTAAG,9,0.973157766125756
TAGTTGGGTGCCTGCA,9,0.919936181402063
TAGTTGGGTGTAAGTA,9,0.9264748477745236
TAGTTGGGTTGTACAC,9,0.9170109186023793
TAGTTGGTCAAACAAG,9,0.9013999125827843
TATCAGGAGCCATCGC,9,0.9347804685906325
TATCAGGAGCTAGGCA,9,0.999999999980942
TATCAGGAGGAGTAGA,9,0.9359498445643055
TATCAGGAGGCGACAT,9,0.8549408495903624
TATCAGGAGTAGATGT,9,0.85518240081071
TATCAGGCAATGGTCT,9,0.9360147751684127
TATCAGGCACAGGCCT,9,0.9999560744816127
TATCAGGCAGCTGTTA,10,0.5032408282625451
TATCAGGCATATACCG,9,0.9325615143301085
TATCAGGCATGTCGAT,9,0.9343490666463806
TATCAGGGTAGCGATG,9,0.9309445273406639
TATCAGGGTATCTGCA,9,0.8712484323481339
TATCAGGGTCCTCCAT,10,0.7843443876781928
TATCAGGGTGTGGCTC,9,0.9993083651637608
TATCAGGTCAGCCTAA,9,0.9351834071215209
TATCAGGTCCTTTACA,9,0.9360147752646669
TATCAGGTCGCCATAA,10,0.5552351772029341
TATCAGGTCTTTAGGG,9,0.9141391531632869
TATCTCACAGCGTCCA,9,0.9999999972694846
TATCTCACAGTCAGCC,9,0.8977114866384053
TATCTCACAGTGGAGT,9,0.8712171008352031
TATCTCAGTAGATTAG,9,0.8871226672284223
TATCTCAGTATATGGA,0,0.9448946297061082
TATCTCAGTCCGTTAA,9,0.9358523488780723
TATCTCATCATCGATG,9,0.8452738421623441
TATCTCATCTAGAGTC,9,0.9199362432025316
TATCTCATCTATCCCG,9,0.910597997115459
TATGCCCAGCTGCGAA,9,0.9319291285165852
TATGCCCAGGGCTTCC,9,0.9358523517561708
TATGCCCAGTACCGGA,9,0.9336181106081738
TATGCCCAGTTCGATC,9,0.928933418397151
TATGCCCCAAGACACG,9,0.9999999959056646
TATGCCCCATTACGAC,9,0.9263637136567089
TATGCCCGTCAACTGT,10,0.7943634031410222
TATGCCCGTCCGAACC,9,0.8917943568571289
TATGCCCTCACCTCGT,9,0.999999985626465
TATGCCCTCATGCAAC,9,0.9338272574548647
TATGCCCTCTTAACCT,9,0.9071080488211006
TATTACCAGGGATACC,9,0.9325612875145602
TATTACCCAGCGTCCA,9,0.9999970023955291
TATTACCCAGGTGGAT,9,0.9999989303667803
TATTACCGTCAACTGT,9,0.9336187035142889
TATTACCGTTACGTCA,9,0.8452027437294393
TATTACCGTTCATGGT,9,0.9156754248593898
TATTACCTCACCAGGC,9,0.9999999964775376
TATTACCTCCGGCACA,9,0.9002819642238843
TCAACGAAGAACTCGG,9,0.9263637147754321
TCAACGAAGGTCATCT,9,0.8911696070438735
TCAACGAAGTGTGAAT,9,0.9288390930578778
TCAACGAAGTTCCACA,9,0.8276141976515878
TCAACGACAACGCACC,0,0.9886702132738383
TCAACGACAATAGCGG,9,0.9221011595333778
TCAACGACAGTAAGCG,9,0.9039856036878043
TCAACGAGTCAGAATA,9,0.9105975611428835
TCAACGAGTCTCATCC,9,0.9156757356260844
TCAACGAGTGGTGTAG,9,0.9998241970520974
TCAACGAGTTTCGCTC,9,0.9358523516331189
TCAACGATCACCGGGT,9,0.9360147747887141
TCAACGATCGCAAGCC,9,0.8871226672458704
TCAACGATCTACTTAC,9,0.9358523517810837
TCAATCTCACTAGTAC,10,0.6418416075204029
TCAATCTGTTATCCGA,9,0.9999999999484182
TCAATCTGTTCAGTAC,10,0.6166356438073064
TCAATCTGTTTGCATG,9,0.9344981439153522
TCAATCTTCCCACTTG,9,0.9281975890582589
TCAATCTTCGAGAACG,9,0.9156757356192565
TCAATCTTCTCGAGTA,9,0.9312879760080789
TCAATCTTCTCTTGAT,9,0.9999999997773122
TCACAAGAGAAGGGTA,9,0.9077028668762084
TCACAAGAGACTTTCG,9,0.8053703060153684
TCACAAGAGATGGGTC,0,0.9448946297061082
TCACAAGAGGTCGGAT,10,0.596919861805522
TCACAAGCAATCTACG,9,0.8712497267477811
TCACAAGCACGGCCAT,9,0.9105979968335887
TCACAAGCACGGCGTT,9,0.9298381993922626
TCACAAGCATGGAATA,9,0.9356696203400351
TCACAAGCATGTCTCC,9,0.9325170634160221
TCACAAGGTACAGTGG,9,0.8589924718392303
TCACAAGGTCTTCGTC,9,0.926363710768394
TCACAAGTCATTGCGA,10,0.6061271535836016
TCACAAGTCCGCATCT,10,0.5291480386264192
TCACGAAAGAGATGAG,9,0.9309445284459933
TCACGAAAGCCACTAT,9,0.9999432863522675
TCACGAACAAAGGAAG,5,0.9858738281129772
TCACGAACATTCCTGC,9,0.9359498448747127
TCACGAATCACCTTAT,9,0.9325481570307911
TCACGAATCCAAACTG,9,0.9006082546894721
TCAGATGAGTCAAGGC,9,0.9359498436712805
TCAGATGCAAATCCGT,9,0.9999937886771527
TCAGATGCAAGCCGTC,9,0.999999974009972
TCAGATGCAATGCCAT,9,0.8657992992764708
TCAGATGCACTAAGTC,9,0.935949844786455
TCAGATGCAGACTCGC,9,0.9999999979351583
TCAGATGCAGATCTGT,9,0.930944528052056
TCAGATGGTTCATGGT,9,0.8805043575197917
TCAGATGTCGGTCTAA,9,0.9045503190027635
TCAGATGTCGTAGATC,7,0.9817611252692848
TCAGATGTCTGGGCCA,9,0.9054262284689706
TCAGATGTCTGTCTAT,9,0.9344981436560782
TCAGATGTCTGTCTCG,10,0.7610835250686785
TCAGCAAAGAACAACT,9,0.9325481541593386
TCAGCAAAGCCTATGT,9,0.9999617118227591
TCAGCAAAGGAACTGC,9,0.9359471649636585
TCAGCAAAGGTGGGTT,0,0.9886651535904066
TCAGCAAAGTTCGCGC,10,0.7572562308422955
TCAGCAACATCGGAAG,10,0.5474147367137737
TCAGCAAGTTACGACT,9,0.9999999996441336
TCAGCAATCGGACAAG,10,0.6588538027137963
TCAGCAATCTCAAGTG,9,0.9141339307995393
TCAGCAATCTGAAAGA,9,0.9196625450160385
TCAGCAATCTGTCAAG,9,0.9999999894461107
TCAGCTCAGACCTAGG,9,0.8189516557017963
TCAGCTCAGACGCAAC,9,0.9904859204606872
TCAGCTCAGCGACGTA,9,0.9199362460319168
TCAGCTCAGTACCGGA,9,0.9221847478501165
TCAGCTCCACATCTTT,9,0.9196625451872035
TCAGCTCGTAAGTTCC,9,0.8768628591367522
TCAGCTCGTAGCTTGT,9,0.930944528677191
TCAGCTCGTCTGCGGT,9,0.8299915925374686
TCAGCTCTCTGCTGCT,9,0.9999999994202279
TCAGCTCTCTTCCTTC,9,0.9999930179909342
TCAGGATAGCACACAG,9,0.9358325529037409
TCAGGATAGTCCAGGA,9,0.9002819582458941
TCAGGATAGTGCAAGC,9,0.8045643901948359
TCAGGATCAGTTCCCT,10,0.7943634129109775
TCAGGATGTATTCGTG,9,0.9344981438030009
TCAGGATGTGTTAAGA,9,0.9344981426649305
TCAGGATGTTAGAACA,9,0.9289329017980934
TCAGGATGTTGGGACA,9,0.9354472790644741
TCAGGATGTTTCCACC,9,0.8734340062588853
TCAGGATTCACAGGCC,9,0.934771088860193
TCAGGATTCTTGAGAC,9,0.928197587447955
TCAGGTAAGACTGGGT,9,0.935949843552154
TCAGGTAAGATATACG,9,0.9998596814537912
TCAGGTAAGCCACGTC,9,0.9354371424115705
TCAGGTAAGCCCGAAA,10,0.7301555656515557
TCAGGTATCTTGCATT,9,0.8299915771075447
TCATTACAGCTACCTA,9,0.9999999901169433
TCATTACAGGATCGCA,9,0.8039292248352595
TCATTACCATAGACTC,9,0.9105979973258003
TCATTACGTTCGGCAC,10,0.5806511353302775
TCATTACTCATGTCCC,9,0.9281975895562379
TCATTACTCGCCTGAG,9,0.9235027164333229
TCATTACTCTACTATC,9,0.9999998883765936
TCATTACTCTTAACCT,10,0.5022337120183568
TCATTACTCTTAGCCC,9,0.9999999997998238
TCATTTGAGTGTGAAT,9,0.9222281937046598
TCATTTGCAAAGCGGT,9,0.9999998930263454
TCATTTGCAAATTGCC,9,0.9325479873076018
TCATTTGCACAACTGT,9,0.9264716854931497
TCATTTGCAGGAATGC,9,0.9727174079103417
TCATTTGCAGTCCTTC,9,0.9356696207647156
TCATTTGGTCTGCAAT,9,0.9982044563820958
TCCACACAGATAGGAG,9,0.9325505942228233
TCCACACAGCGATAGC,9,0.9999999994564351
TCCACACCAACGATCT,9,0.9312879714604361
TCCACACCAATTGCTG,9,0.9110393350938003
TCCACACCACACAGAG,9,0.9243330721051304
TCCACACCAGGCGATA,9,0.9475953077422284
TCCACACCATGTAGTC,9,0.9198682101967474
TCCACACGTAAAGGAG,10,0.7629232005486279
TCCACACGTGAAATCA,9,0.9338282501139467
TCCACACGTTATCACG,9,0.8039274031892767
TCCACACGTTTGCATG,9,0.803929225026577
TCCACACTCACCATAG,10,0.5134435330466206
TCCCGATAGGAGTTGC,9,0.937997074793376
TCCCGATAGGAGTTTA,9,0.9356696204660149
TCCCGATAGTCGCCGT,10,0.7515137888743133
TCCCGATAGTCGTACT,9,0.9351811754798977
TCCCGATCACGGACAA,9,0.9999940046559316
TCCCGATCAGGCTCAC,9,0.9999981913880435
TCCCGATGTCCAAGTT,0,0.9886702132738383
TCCCGATGTCCTCTTG,9,0.9199362448461118
TCCCGATGTTGTTTGG,9,0.9235027257601257
TCCCGATTCCACGACG,9,0.9855137973033692
TCCCGATTCGTTTGCC,9,0.9258498898184824
TCGAGGCAGCACCGCT,9,0.9325615139990879
TCGAGGCAGGCGTACA,10,0.5681930557261051
TCGAGGCAGGTGCAAC,0,0.9886702132738383
TCGAGGCAGTGTTTGC,9,0.9354472854407009
TCGAGGCCAAGCGAGT,0,0.9434188848013179
TCGAGGCCAATCTACG,9,0.9347804709672434
TCGAGGCCAGGGTTAG,10,0.5134429378257874
TCGAGGCGTCGAGATG,9,0.9264748555852245
TCGAGGCGTCGCGTGT,9,0.9170103970034523
TCGAGGCTCACTTCAT,9,0.9105979967988805
TCGAGGCTCCGTCATC,9,0.9999999999998832
TCGAGGCTCGAGCCCA,9,0.9997358430517408
TCGAGGCTCTTCATGT,9,0.9354323305447146
TCGCGAGAGCACCGCT,9,0.9264748554765599
TCGCGAGAGCAGCCTC,9,0.9308667858931597
TCGCGAGAGCGTTGCC,9,0.9420506430486904
TCGCGAGCAGTATCTG,9,0.9141391387816528
TCGCGAGGTCGAATCT,9,0.9325615128269535
TCGCGAGTCTGTACGA,9,0.9312879752089404
TCGCGTTAGCCGTCGT,9,0.9999999092343395
TCGCGTTAGCTGTTCA,9,0.9338282504262072
TCGCGTTAGGAGTTGC,9,0.9049580087094178
TCGCGTTCAAAGGAAG,9,0.972824239448186
TCGCGTTCAATGACCT,9,0.9276966603724638
TCGCGTTCACAGCCCA,9,0.9289335219227952
TCGCGTTCATAGTAAG,9,0.9289333852858273
TCGCGTTGTAGCAAAT,9,0.9358523517700817
TCGCGTTGTAGCTTGT,10,0.4668637655330158
TCGCGTTGTGTGTGCC,9,0.9999992951088235
TCGCGTTTCCCTTGTG,10,0.5304974398933381
TCGGGACAGGAGTACC,9,0.9999999992643708
TCGGGACAGTCAAGCG,9,0.9170044974358597
TCGGGACCACACATGT,9,0.9351833779343071
TCGGGACCAGCCAATT,9,0.8652971893721932
TCGGGACGTAAGTGTA,9,0.8372866115060111
TCGGGACGTCCAAGTT,9,0.9279757048555772
TCGGGACGTCCGAACC,9,0.930882921281037
TCGGGACGTCGAAAGC,10,0.6733663643082939
TCGGGACTCATCATTC,9,0.9105979949607401
TCGGGACTCCATGAGT,9,0.891794402486579
TCGGGACTCTAACTTC,9,0.9309445235139043
TCGGGACTCTCGTTTA,9,0.9221011605413261
TCGGGACTCTGTTTGT,9,0.934498143781527
TCGGTAAAGATCCCAT,9,0.9354472853076023
TCGGTAAAGTCTCGGC,9,0.9312879764331156
TCGGTAACACGTAAGG,9,0.8961770247450813
TCGGTAACATACTCTT,9,0.9356696207355196
TCGGTAACATGAGCGA,9,0.9999858316611618
TCGGTAACATGGTCTA,9,0.9347804708240327
TCGGTAACATTTCACT,5,0.9980826684088667
TCGGTAAGTCGCTTCT,9,0.9347804701433131
TCGGTAAGTGTAACGG,0,0.9885164389905662
TCGGTAATCACGACTA,9,0.9325481567651155
TCGGTAATCCCGGATG,9,0.9221010353016313
TCGGTAATCCGAGCCA,9,0.8452738755279438
TCGGTAATCGGCGCTA,10,0.5207680663852668
TCGGTAATCGTCTGAA,9,0.9045503151884292
TCGGTAATCTAGAGTC,10,0.7010857727139315
TCGTACCAGATAGGAG,9,0.9338272142838139
TCGTACCAGTAATCCC,9,0.9359498439141745
TCGTACCCATTACCTT,9,0.8961770256094503
TCGTACCGTAGAGGAA,9,0.9999999997367326
TCGTACCGTATAGTAG,9,0.9104110646258555
TCGTACCGTGTGAATA,9,0.9360147512734546
TCGTACCGTTCTGTTT,9,0.926474828909359
TCGTACCTCAATACCG,10,0.7843443686362683
TCGTACCTCAATCACG,9,0.9999999999330954
TCGTACCTCAGCATGT,9,0.9264748550123084
TCGTACCTCGCCTGAG,9,0.9999999964002035
TCGTACCTCGGTGTTA,9,0.928933185745933
TCGTACCTCGTTACGA,10,0.7629201342031043
TCGTAGAAGCTACCTA,9,0.9999990795072502
TCGTAGAAGGCTAGGT,9,0.9359498441848737
TCGTAGAAGTCAATAG,9,0.9312879759878683
TCGTAGAAGTGAACGC,9,0.8821496032297818
TCGTAGAAGTGACATA,9,0.933828251771517
TCGTAGACAAGGACTG,9,0.9999718116404505
TCGTAGACACAAGACG,9,0.935446652942668
TCGTAGACAGACGCAA,9,0.9264612529782846
TCGTAGACAGTTTACG,9,0.8522937055268737
TCGTAGACATGGAATA,9,0.9087546966820323
TCGTAGAGTACCATCA,10,0.555279059858139
TCGTAGATCAGGCGAA,9,0.9199267134022934
TCGTAGATCCATGAAC,9,0.9494188181268427
TCGTAGATCCCAGGTG,10,0.6875326180528899
TCGTAGATCTAACTGG,9,0.9077028668988478
TCGTAGATCTATGTGG,9,0.9243330720590691
TCGTAGATCTTGTCAT,9,0.9356696205183965
TCTATTGAGAAGGTGA,9,0.9325615131048989
TCTATTGAGAGTACCG,9,0.9356695968415732
TCTATTGAGCAAATCA,9,0.8971795269657389
TCTATTGAGGCGACAT,9,0.9101104543813838
TCTATTGAGTCAAGCG,9,0.9338277739303494
TCTATTGCAACGATGG,9,0.9309445049369622
TCTATTGCACCAGATT,9,0.8712497210176188
TCTATTGCACTATCTT,9,0.803929224845103
TCTATTGGTACACCGC,9,0.9999999975626519
TCTATTGGTCCTCTTG,9,0.9045503189243117
TCTATTGGTCGAGATG,9,0.9338282515336845
TCTATTGTCAAACAAG,9,0.9999999414893653
TCTATTGTCAGAGGTG,9,0.9999999943816503
TCTATTGTCGAACTGT,9,0.9999999994734388
TCTATTGTCTGGCGAC,10,0.6281474422253385
TCTCATAAGAACTGTA,9,0.9199362460293263
TCTCATAAGAAGGTTT,9,0.8326194499000216
TCTCATAAGACCTAGG,9,0.9170109179760644
TCTCATAAGCTGCGAA,9,0.9358523502594628
TCTCATAAGTGCGATG,9,0.9999999987555505
TCTCATAGTGCCTGTG,9,0.9998983398858386
TCTCATAGTTCAGGCC,9,0.933828253098371
TCTCATATCCGGCACA,9,0.9141369608976105
TCTCTAAAGATACACA,9,0.9041203944031831
TCTCTAAGTTGCTCCT,9,0.9077028647741777
TCTGAGAAGCTAACTC,9,0.9312874861021485
TCTGAGAAGGATGGTC,9,0.9177856703905081
TCTGAGAAGGGCTTCC,9,0.9999999865156295
TCTGAGAAGTGTTTGC,9,0.9336186912197664
TCTGAGACAGTAAGAT,10,0.6226846448544173
TCTGAGACAGTATCTG,9,0.9338282530975918
TCTGAGAGTGCAACGA,10,0.5134435336806261
TCTGAGATCCTCCTAG,9,0.9338282506616327
TCTGAGATCGGTTAAC,9,0.9221011589217243
TCTGAGATCTACTCAT,9,0.9338282517615071
TCTGAGATCTTCGGTC,9,0.9309445285721255
TCTGGAAAGACTACAA,9,0.8074503303492638
TCTGGAAAGAGACTAT,7,0.9299305928208813
TCTGGAAAGTGAAGAG,9,0.9156747127601546
TCTGGAAAGTGAAGTT,10,0.5893273452973351
TCTGGAACACAACGCC,9,0.9014071579906465
TCTGGAACAGTACACT,10,0.5012877482997748
TCTGGAAGTAGCGTCC,9,0.9999999999132633
TCTGGAAGTCCCTTGT,9,0.9077028664788929
TCTGGAAGTGACGCCT,9,0.9264748551033739
TCTGGAAGTGGTTTCA,9,0.9359498448787923
TCTGGAATCCTGCAGG,9,0.9338282507918677
TCTTCGGAGACGCAAC,9,0.8816319013826938
TCTTCGGAGAGACGAA,9,0.935852351697391
TCTTCGGAGATCACGG,9,0.9325615140388062
TCTTCGGAGCCAGTTT,9,0.9243329133008279
TCTTCGGAGCGATAGC,9,0.9999999995204357
TCTTCGGAGTCCAGGA,9,0.9354472856114635
TCTTCGGAGTCCATAC,9,0.9325475691218834
TCTTCGGCAACAACCT,9,0.8821496025304397
TCTTCGGCAATCACAC,9,0.9045419233936827
TCTTCGGCAGGTCGTC,10,0.7515137692241434
TCTTCGGCATGCCCGA,9,0.8712497269597881
TCTTCGGGTCAAAGCG,10,0.6872183859024783
TCTTCGGGTCGAAAGC,9,0.8712497243438287
TCTTCGGGTCTAGTGT,9,0.9336072107270901
TCTTCGGGTGCCTTGG,10,0.7943634134967811
TCTTCGGGTTCGAATC,9,0.9360126996750013
TCTTCGGTCCAATGGT,9,0.970866210816001
TCTTCGGTCCCTCAGT,9,0.9358523506392127
TCTTTCCCACTGTTAG,9,0.9356696189637163
TCTTTCCCAGATCGGA,9,0.904519293647539
TCTTTCCGTGATAAAC,9,0.9045503183365863
TCTTTCCTCAAACCGT,10,0.6875332376065058
TCTTTCCTCACCTTAT,10,0.649399279560214
TCTTTCCTCAGAGACG,9,0.9999997500901407
TCTTTCCTCCGTCATC,9,0.877862341926658
TCTTTCCTCTCGTTTA,9,0.9338282519431941
TCTTTCCTCTCTTGAT,9,0.9999755959169752
TCTTTCCTCTTCGGTC,9,0.9359999757132637
TCTTTCCTCTTTAGGG,9,0.9999999990427678
TGAAAGAAGCATGGCA,9,0.9264747809899312
TGAAAGAAGCTCAACT,9,0.9999932250741923
TGAAAGAAGTAGCGGT,9,0.9344981427507286
TGAAAGAAGTGGTAGC,5,0.9948712632439253
TGAAAGACATGTTGAC,9,0.9220950668545572
TGAAAGAGTGCAACTT,9,0.9325615141508573
TGAAAGAGTTCGTGAT,10,0.7051342651873205
TGAAAGATCATAAAGG,5,0.9888276568894526
TGAAAGATCCCAAGAT,9,0.9338282529501108
TGAAAGATCGGTCTAA,9,0.9325481564126783
TGACAACAGAGGTAGA,9,0.9999999983928023
TGACAACAGCTAGTCT,9,0.8768628584603616
TGACAACAGGGTGTTG,9,0.9988880929874719
TGACAACAGTGCGATG,9,0.9289335193849777
TGACAACAGTTACCCA,9,0.9359485724882779
TGACAACCACTCAGGC,9,0.9356696187829403
TGACAACCATCGATGT,9,0.9351655476742426
TGACAACGTGCGGTAA,9,0.9356108755345027
TGACAACGTTCGTGAT,9,0.8821496034680071
TGACGGCAGTGCAAGC,9,0.9358523381110548
TGACGGCAGTGTACTC,10,0.6610723869877607
TGACGGCGTCACACGC,9,0.9358668850275623
TGACGGCGTCAGCTAT,9,0.9994122208393774
TGACGGCGTCCGTTAA,10,0.5474147756939329
TGACGGCGTGGCTCCA,9,0.9196625448438742
TGACGGCGTTATTCTC,9,0.9336179339040983
TGACGGCGTTTGACAC,9,0.9281975903689784
TGACGGCTCGCCGTGA,9,0.9359498448812742
TGACGGCTCTCCAGGG,9,0.8447903700178562
TGACGGCTCTCGTTTA,9,0.9354472811870717
TGACGGCTCTTGACGA,9,0.8039292246308742
TGACGGCTCTTTAGTC,9,0.9002819676430789
TGACTAGAGCACGCCT,9,0.9312879763611215
TGACTAGCAAGCGATG,9,0.8768627394298791
TGACTAGCAAGTCTGT,9,0.928933521445692
TGACTAGCACCTTGTC,10,0.5134432126106127
TGACTAGGTGCGATAG,9,0.8522731526977023
TGACTAGTCCCTTGCA,9,0.864322899055711
TGACTAGTCGTAGGAG,9,0.9195158309026253
TGACTAGTCTGACCTC,9,0.9999990883379039
TGACTAGTCTTGTACT,10,0.5096043303536106
TGACTTTAGGTGTGGT,9,0.928197589903086
TGACTTTAGTTGTCGT,9,0.9267570037676032
TGACTTTCAAACCTAC,10,0.41578729974479434
TGACTTTCATACTACG,9,0.9479463487188003
TGACTTTCATAGACTC,9,0.9356696205382943
TGACTTTCATTATCTC,9,0.8130494739825923
TGACTTTGTCGACTAT,9,0.876862715481946
TGACTTTGTCTCTCTG,10,0.5290776604681142
TGACTTTGTGAGGCTA,10,0.7933969952971632
TGACTTTGTGCGGTAA,9,0.9999834429028728
TGACTTTTCACCACCT,9,0.9149459811749536
TGACTTTTCATCTGCC,9,0.9999999974042166
TGACTTTTCATTCACT,9,0.9999999996706471
TGAGAGGAGATATGCA,9,0.8917944596659981
TGAGAGGAGCCGATTT,9,0.9999779075160142
TGAGAGGAGGTCGGAT,9,0.9309445283754356
TGAGAGGAGTAGCGGT,9,0.9289335222832864
TGAGAGGAGTCTTGCA,9,0.9989612938268168
TGAGAGGCACGTTGGC,10,0.6129078285141508
TGAGAGGCAGGTCCAC,9,0.8871224726551369
TGAGAGGGTAGGCATG,9,0.9358523516912017
TGAGAGGGTCTCCACT,9,0.9281975300094448
TGAGAGGGTTCGTGAT,9,0.9999999779756679
TGAGAGGTCAGGTTCA,9,0.8039292236101875
TGAGAGGTCCACGTTC,9,0.9289335107783616
TGAGAGGTCTGTTGAG,9,0.9354472851492236
TGAGCATAGAAGATTC,9,0.9999999997007211
TGAGCATCAATTCCTT,9,0.9341645579517985
TGAGCATCAGCATGAG,9,0.9999999255420795
TGAGCATCATCCTTGC,9,0.9354472773635711
TGAGCATGTGAACCTT,9,0.9235027261216657
TGAGCATGTGCAACTT,9,0.9221011518536412
TGAGCATTCACGAAGG,9,0.9999999951634004
TGAGCCGCAATACGCT,9,0.8709625804061155
TGAGCCGCAGTGGGAT,0,0.9885214979129223
TGAGCCGCATAGTAAG,9,0.9278467504846603
TGAGCCGGTACCAGTT,10,0.44734154803857756
TGAGCCGGTCCGTCAG,5,0.9977998094321884
TGAGCCGGTCTTTCAT,9,0.919936245779517
TGAGCCGGTTCCCGAG,9,0.9156748117948904
TGAGCCGTCAATAAGG,9,0.9999999996836206
TGAGCCGTCGCGCCAA,9,0.8521559868667542
TGAGGGAAGAGATGAG,9,0.9298382006746714
TGAGGGAAGTACGATA,9,0.9188210248555791
TGAGGGAAGTGTACCT,9,0.9325332456523809
TGAGGGACAAGTAGTA,9,0.9999113574567187
TGAGGGACAGCCACCA,9,0.9325481561382121
TGAGGGACATCAGTCA,9,0.9325481513900761
TGAGGGAGTACCGTTA,9,0.935183408101629
TGAGGGAGTGCATCTA,9,0.9338282526365084
TGAGGGAGTTCGGGCT,9,0.9999999950004488
TGAGGGAGTTTGGCGC,9,0.9110393432100555
TGAGGGATCACTGGGC,9,0.9356696205259105
TGAGGGATCGCAGGCT,9,0.9170109184197847
TGATTTCAGAGACTTA,9,0.9041054247172867
TGATTTCAGCCAGTAG,9,0.9122405977452424
TGATTTCAGCCCAGCT,9,0.9356696205292948
TGATTTCAGCGTAGTG,9,0.8768628588616694
TGATTTCAGGGCACTA,9,0.9289335177532355
TGATTTCAGTGTACTC,10,0.751513788615176
TGATTTCCAAACCTAC,10,0.5806780758133595
TGATTTCCAGCTTCGG,9,0.9354466951021466
TGATTTCCATCGGTTA,9,0.9243330715433071
TGATTTCGTAACGACG,9,0.8712497261249476
TGATTTCGTCCGTTAA,9,0.9156757356340927
TGATTTCGTGACAAAT,9,0.9289335218664311
TGATTTCGTGATAAGT,9,0.9235027248483457
TGATTTCGTGGCCCTA,0,0.9448994653854939
TGATTTCTCAACGGGA,9,0.9041195172728654
TGATTTCTCATGTCCC,9,0.9347755549485516
TGATTTCTCGTGTAGT,9,0.8173900514843648
TGCACCTAGAAAGTGG,9,0.934498143902521
TGCACCTAGATCCGAG,9,0.9281975899410573
TGCACCTCACAGGTTT,9,0.9358523477908031
TGCACCTCACCTGGTG,9,0.8058529300457109
TGCACCTGTCAACTGT,9,0.9999999927171098
TGCACCTGTGCAACGA,9,0.9041203923602648
TGCACCTGTTCCCTTG,9,0.9263618325288872
TGCACCTGTTCGTGAT,9,0.9999999986392301
TGCACCTGTTGATTCG,9,0.8752776552951367
TGCACCTTCAGGATCT,5,0.9979308490461282
TGCACCTTCTTACCTA,9,0.9156757354216092
TGCCAAAGTAGCTAAA,9,0.8085988083934896
TGCCAAATCTCTTGAT,9,0.9281975899666174
TGCCAAATCTTAGAGC,9,0.9344981431235154
TGCCCATAGGCGTACA,7,0.9905593581342362
TGCCCATCACATCCGG,10,0.5536598583943347
TGCCCATCACATCTTT,9,0.8712497270221894
TGCCCATCACCAGGCT,9,0.9996464698927479
TGCCCATCAGCCTTGG,9,0.9999999987737354
TGCCCATGTAATAGCA,9,0.8452738812083238
TGCCCATGTCAGAATA,9,0.8378343993746508
TGCCCATGTTGCCTCT,10,0.639063467018641
TGCCCATTCCACTGGG,9,0.985364326097275
TGCCCATTCGCAGGCT,9,0.9356696207483889
TGCCCATTCTCTTGAT,0,0.9871210474889586
TGCCCATTCTTTAGGG,9,0.9325481569631016
TGCCCTAAGTTAACGA,9,0.9779548337990436
TGCCCTACAGCGTCCA,0,0.9598109824747828
TGCCCTACATCGATGT,9,0.9359498447257911
TGCCCTACATCTCGCT,9,0.8534853319447544
TGCCCTACATGGGACA,9,0.923486091701034
TGCCCTATCACAACGT,9,0.9234966797650523
TGCCCTATCAGGTAAA,9,0.9999309061083635
TGCGCAGAGCAGCCTC,9,0.9970907873120006
TGCGCAGAGGCAAAGA,10,0.7088932741634645
TGCGCAGAGTGGAGAA,9,0.9359498267521196
TGCGCAGCACATTCGA,9,0.8873816431173726
TGCGCAGCAGCCTTTC,10,0.6061276432616064
TGCGGGTAGAGGGATA,10,0.6285948614934824
TGCGGGTAGATCCCGC,9,0.9264695642232001
TGCGGGTCAAGGCTCC,10,0.751513780005992
TGCGGGTCAGCTGCAC,9,0.9999999974786705
TGCGGGTGTACGACCC,9,0.8652972884067687
TGCGGGTGTTTAGCTG,9,0.9874082106053554
TGCGGGTTCTGACCTC,9,0.9356696207427665
TGCGTGGAGACTGTAA,10,0.5305803206280962
TGCGTGGAGGATTCGG,10,0.6439107321631764
TGCGTGGAGGCGATAC,9,0.9125892903897399
TGCGTGGAGGCTAGGT,9,0.8997569923879639
TGCGTGGCACAGCGTC,9,0.9289334613796079
TGCGTGGCACCATGTA,9,0.9298601629270117
TGCGTGGCATTGGCGC,10,0.7272949351868419
TGCGTGGGTCCTCCAT,9,0.9336187021796344
TGCGTGGGTCTGGTCG,9,0.8130496202512534
TGCGTGGGTGTGGCTC,9,0.9359490767055655
TGCGTGGTCAGGCCCA,10,0.5923779501407006
TGCTACCAGCTATGCT,9,0.9338282531299614
TGCTACCCAAGCCATT,9,0.9235025999689238
TGCTACCCACAAGTAA,9,0.9309445266170568
TGCTACCCACAGACTT,9,0.999999999539781
TGCTACCCATCCGCGA,9,0.9344981400000401
TGCTACCGTACAGCAG,9,0.9077028598697305
TGCTACCGTAGAAGGA,9,0.9999999999998418
TGCTACCGTGGCAAAC,9,0.9289335186922202
TGCTACCGTGGTCCGT,9,0.9999999998056512
TGCTACCGTTGGAGGT,0,0.9885214979129223
TGCTACCTCCGCGCAA,10,0.5893304177945091
TGCTACCTCCTAGAAC,9,0.9335086609724272
TGCTGCTAGCAGATCG,9,0.9193744152832205
TGCTGCTAGCTGCCCA,9,0.9045503131694062
TGCTGCTAGGATCGCA,9,0.9244947398782193
TGCTGCTAGGGCACTA,9,0.9199021897554441
TGCTGCTAGTATTGGA,9,0.9359498432335952
TGCTGCTAGTGTCCCG,9,0.9325481554899705
TGCTGCTCACGTCAGC,9,0.9264748539015885
TGCTGCTGTATGCTTG,9,0.923502726098687
TGCTGCTGTCCGCTGA,9,0.930944528728277
TGCTGCTGTCTGCAAT,9,0.9077028672504126
TGGACGCAGAAGGTTT,9,0.9124479056667532
TGGACGCAGCTAAGAT,9,0.9264748554742731
TGGACGCAGCTCTCGG,9,0.9199362458297587
TGGACGCAGTTGCAGG,10,0.39871516245285055
TGGACGCCAGACGCCT,9,0.9999999127153756
TGGACGCGTATGAATG,9,0.9354450354239986
TGGACGCGTTGGTAAA,9,0.9309445282112414
TGGACGCTCCAAACTG,9,0.9354472733589703
TGGACGCTCCAGTATG,9,0.9999999253837055
TGGCCAGAGACCGGAT,9,0.9289335209870933
TGGCCAGAGCAGGCTA,9,0.9999999924976609
TGGCCAGAGGCCCTTG,10,0.4376966559950553
TGGCCAGAGTGAACAT,9,0.9356696150056865
TGGCCAGCAAGACACG,9,0.9961606533010209
TGGCCAGCATCGTCGG,9,0.9558902267289422
TGGCCAGGTCGAGTTT,9,0.9198692703585208
TGGCCAGGTGTGGTTT,9,0.910597998341477
TGGCCAGTCACAACGT,9,0.9325481471988801
TGGCGCAAGCGCTTAT,9,0.9163025680443139
TGGCGCAAGTACGTTC,9,0.9234978027253535
TGGCGCACAACAACCT,0,0.8955946368260184
TGGCGCACAAGGGTCA,9,0.9312879760476975
TGGCGCACACCAGCAC,10,0.5441369929183506
TGGCGCACACTAGTAC,10,0.6075295826389819
TGGCGCACATGGTAGG,9,0.9328294280340094
TGGCGCAGTGAAATCA,9,0.9077607571009364
TGGCGCATCACCCTCA,9,0.9999999996598217
TGGCGCATCAGCGATT,9,0.935465611456532
TGGCGCATCAGCTCGG,9,0.8951486516623056
TGGCTGGAGTCCGTAT,9,0.8915293157900898
TGGCTGGCAATGACCT,9,0.9327387208225851
TGGCTGGGTATCGCAT,9,0.9324061346811381
TGGCTGGGTCTGCAAT,9,0.9999988966193017
TGGCTGGTCCCGACTT,9,0.9358523437204961
TGGCTGGTCTCGTTTA,9,0.9281975910752457
TGGGAAGAGGAACTGC,9,0.91966254414172
TGGGAAGAGGAATTAC,9,0.8058529459368616
TGGGAAGAGTACGTTC,9,0.9336187033637683
TGGGAAGAGTAGGTGC,9,0.9494188173782414
TGGGAAGAGTCCGTAT,9,0.9347633635330542
TGGGAAGCACAGCCCA,10,0.7486149849803653
TGGGAAGCAGAAGCAC,9,0.9235026721473094
TGGGAAGCAGCCAGAA,9,0.8871226639643106
TGGGAAGCATATACCG,9,0.9354448358334553
TGGGAAGCATGCTAGT,0,0.9886702132738383
TGGGAAGGTAATCGTC,9,0.9999999991282928
TGGGAAGGTAGAGTGC,9,0.9338282525361826
TGGGAAGTCCTGCCAT,9,0.9243330676707828
TGGGAAGTCTGATTCT,10,0.7738649484857713
TGGGAAGTCTGCTGTC,9,0.999804065963352
TGGGAAGTCTTCTGGC,10,0.6439105739438553
TGGGCGTAGCTCTCGG,9,0.935662137651293
TGGGCGTAGGCTCTTA,9,0.934572466178192
TGGGCGTAGTTGCAGG,10,0.7186593719103127
TGGGCGTCACGGTGTC,9,0.9312879551237221
TGGGCGTCACTACAGT,9,0.8765433106343409
TGGGCGTCAGTTCCCT,9,0.8852979542330695
TGGGCGTCATTTCACT,9,0.9199362289064699
TGGGCGTGTAGCGTAG,9,0.9198782575842771
TGGGCGTGTATATGGA,9,0.9999999138406417
TGGGCGTGTTGGTTTG,9,0.9344981408260515
TGGTTAGAGGACAGCT,9,0.9357870162057652
TGGTTAGAGGGCTTGA,9,0.9187984972912321
TGGTTAGCATTTCACT,9,0.9235027240103989
TGGTTAGGTGTGGCTC,9,0.9968821652134608
TGGTTAGTCCACTCCA,10,0.6588538019118179
TGGTTAGTCCTATTCA,9,0.8958734633181564
TGGTTAGTCGGTCCGA,9,0.9153684864279982
TGGTTAGTCTACTCAT,9,0.9356685524454765
TGGTTAGTCTCCTATA,9,0.9243330718924168
TGGTTCCAGAGAACAG,9,0.9156757332628708
TGGTTCCAGGATCGCA,9,0.9189973477177885
TGGTTCCAGGTGACCA,9,0.9999999962156062
TGGTTCCGTGCCTTGG,9,0.9309445286056598
TGGTTCCGTGCTAGCC,10,0.6820639842460292
TGGTTCCTCAGGTAAA,10,0.794419855668781
TGGTTCCTCGATCCCT,10,0.5641546341814633
TGTATTCAGGGCTTCC,9,0.9999999993390704
TGTATTCAGTGAACGC,10,0.58067807546674
TGTATTCAGTGAAGAG,9,0.9354472836156618
TGTATTCCACGAAGCA,9,0.9325481549253603
TGTATTCCATACCATG,9,0.9358523516338844
TGTATTCGTCCATGAT,10,0.6734009816944703
TGTATTCTCACTTATC,10,0.6164423951057936
TGTATTCTCCACGCAG,9,0.9289335186556736
TGTATTCTCGGTTAAC,9,0.8917935863544976
TGTATTCTCTCTGAGA,9,0.9999750713049335
TGTCCCAAGACGCACA,10,0.5806559779794268
TGTCCCAAGAGTAAGG,9,0.999999780043626
TGTCCCAAGGGTCTCC,9,0.9199362457335539
TGTCCCACAGTCCTTC,9,0.9156757349391289
TGTCCCAGTCCGTCAG,10,0.7013100366195699
TGTCCCAGTGTGCCTG,9,0.9360142945077188
TGTCCCAGTTACGACT,9,0.8961770251636129
TGTCCCATCACAGGCC,9,0.8039292248347383
TGTCCCATCCCAGGTG,9,0.8961770221873708
TGTCCCATCTCCGGTT,10,0.7396370857980044
TGTGGTAAGACATAAC,9,0.8713891987151281
TGTGGTAAGAGCTGGT,9,0.9243330346432848
TGTGGTAAGCCACGTC,9,0.8376788498439497
TGTGGTAAGGCGACAT,9,0.9289335207774808
TGTGGTAAGGTGTTAA,10,0.6587499829963827
TGTGGTAAGTGACTCT,9,0.8940456611978037
TGTGGTACAAGTCTGT,9,0.9077028657849343
TGTGGTAGTACCGAGA,9,0.9358523516658748
TGTGGTAGTGTTCTTT,9,0.9315933162954414
TGTGGTATCACATGCA,9,0.9312600841773331
TGTGGTATCCAAACAC,9,0.9999999999068624
TGTGGTATCCGTAGTA,9,0.9131185808631536
TGTGGTATCGGACAAG,9,0.9358523509876918
TGTGGTATCGTACCGG,9,0.9264748553135771
TGTGGTATCTGTCTCG,9,0.8517878671783621
TGTGTTTAGGTGTGGT,10,0.6108461141827595
TGTGTTTCAAACTGTC,9,0.9118405698917869
TGTGTTTCAATCGAAA,9,0.9347804095285318
TGTGTTTCAGATCCAT,9,0.9999958244451209
TGTGTTTGTAAGGATT,9,0.9170109127625182
TGTGTTTGTAGCGTAG,10,0.589330417805774
TGTGTTTGTCCAGTGC,9,0.9889189232374369
TGTGTTTTCTTTCCTC,9,0.928237114017427
TGTTCCGAGAAGGTTT,9,0.9325481552006288
TGTTCCGAGAGTAATC,9,0.9999999989234175
TGTTCCGAGAGTGAGA,10,0.5299018309517805
TGTTCCGAGCGTGAGT,9,0.9235027239818357
TGTTCCGAGGGTGTTG,9,0.9997819463198283
TGTTCCGCACTAGTAC,9,0.9338282525218193
TGTTCCGCACTGTCGG,9,0.9360147730696287
TGTTCCGCAGACAAGC,9,0.9289335175064893
TGTTCCGCATCCAACA,10,0.7144916963257729
TGTTCCGGTAAACACA,9,0.928933522346692
TGTTCCGGTAGCTGCC,9,0.9281949403277393
TGTTCCGGTCGATTGT,9,0.9999657036181354
TGTTCCGTCGGTGTTA,9,0.8830130301434775
TGTTCCGTCGTTGACA,9,0.9309445277086243
TGTTCCGTCTAAGCCA,9,0.9235027261970429
TTAACTCAGCTTATCG,10,0.5552351772029341
TTAACTCCAAAGGTGC,9,0.9243330672847866
TTAACTCCAACGCACC,10,0.5806780769450688
TTAACTCCAAGGTTTC,9,0.9257510501759477
TTAACTCCATTAGGCT,9,0.999168050746109
TTAACTCGTGATAAAC,9,0.9338282420887066
TTAACTCGTGGTTTCA,10,0.7944198189230919
TTAACTCTCCAGAAGG,9,0.9264748549688172
TTAACTCTCGGCGCAT,9,0.8977772524335565
TTAACTCTCGGCTACG,9,0.9999983429889885
TTAGGACAGATATGCA,9,0.9999999990219511
TTAGGACAGATCTGCT,9,0.922101156838975
TTAGGACCAAACCTAC,9,0.9999968168009521
TTAGGACCAAGTTGTC,9,0.9325615112520138
TTAGGACCACCATCCT,10,0.7943628633588873
TTAGGACCATGCAATC,9,0.8712480799900502
TTAGGACGTAAGTGGC,9,0.9338282506859544
TTAGGACTCAGTCAGT,9,0.999999778273645
TTAGGCAAGATAGTCA,9,0.9325615142979782
TTAGGCAAGGGAGTAA,9,0.8372866114486162
TTAGGCAAGTTGTAGA,10,0.7737939015265277
TTAGGCACAGACGTAG,9,0.981776561702466
TTAGGCACAGGCTCAC,9,0.9999999999897806
TTAGGCAGTACCGCTG,9,0.8751371321169815
TTAGGCAGTTTAGCTG,9,0.9872918115239038
TTAGGCATCATTATCC,10,0.6192666332415507
TTAGGCATCTGCCAGG,9,0.9999998024322314
TTAGTTCAGACGCTTT,9,0.999998959731847
TTAGTTCAGATGTCGG,9,0.8961714438999526
TTAGTTCAGCTCCCAG,9,0.9105979368170978
TTAGTTCAGGTGTGGT,9,0.9325615133545998
TTAGTTCAGTGACATA,9,0.9041203946758695
TTAGTTCCACCTGGTG,9,0.9999874846714247
TTAGTTCCACTGCCAG,9,0.8039290067604186
TTAGTTCGTAATCACC,9,0.9359463460296001
TTAGTTCGTCCGTTAA,9,0.9347798449350908
TTAGTTCGTTCAGTAC,9,0.9105979949449448
TTAGTTCTCACAGGCC,9,0.9999994534472103
TTAGTTCTCAGAGGTG,9,0.9264748365698503
TTAGTTCTCCAAATGC,0,0.9885214979129223
TTAGTTCTCGCAAGCC,9,0.9105979921686205
TTAGTTCTCGTAGGAG,9,0.9351834085251715
TTAGTTCTCTTGCATT,9,0.9360147752088713
TTATGCTAGAGGTTGC,10,0.5206986961514662
TTATGCTAGGAACTGC,9,0.8701568162042065
TTATGCTAGGCAGTCA,9,0.9999999984378299
TTATGCTAGGCATTGG,9,0.9999177601743495
TTATGCTCAAACAACA,9,0.9999999976937484
TTATGCTCACTCGACG,10,0.6285948360118112
TTATGCTCATCCGCGA,0,0.9448946297061082
TTATGCTTCCGTCAAA,9,0.9833807473063139
TTATGCTTCTTATCTG,9,0.9370664285163735
TTATGCTTCTTCTGGC,10,0.6439109347161884
TTCCCAGAGGTCGGAT,9,0.9243330707023519
TTCCCAGGTAGCTTGT,10,0.5552351772029341
TTCCCAGGTCACCCAG,9,0.9615630873269865
TTCCCAGGTCTGCAAT,9,0.9105979681306919
TTCCCAGTCACCTCGT,9,0.9196625452774451
TTCCCAGTCCCTTGTG,9,0.9156737396069579
TTCCCAGTCGGAAATA,9,0.9999999660749391
TTCCCAGTCGTAGGTT,10,0.5589334149932771
TTCCCAGTCTTGAGGT,9,0.9999999591792321
TTCGAAGAGATAGTCA,9,0.999868552653655
TTCGAAGCAATCCAAC,9,0.9156746116817699
TTCGAAGGTATTCTCT,9,0.9339874564387914
TTCGAAGGTCCTCTTG,9,0.9264748552119071
TTCGAAGTCACAAACC,9,0.9356345885231974
TTCGGTCAGATGTGTA,9,0.999966381194105
TTCGGTCAGCGCCTTG,9,0.9156755305887836
TTCGGTCCAGATGAGC,10,0.5419081940283867
TTCGGTCCAGTGACAG,9,0.9356687006297087
TTCGGTCGTAAGGGAA,10,0.6734009835045043
TTCGGTCGTAGCTTGT,9,0.999999963460272
TTCTACAAGAACTGTA,9,0.9344769010947489
TTCTACAAGCGCCTCA,9,0.9199362398294665
TTCTACAAGTCTTGCA,9,0.9289335223486421
TTCTACACAAAGTCAA,9,0.9999999995826139
TTCTACACAATAACGA,9,0.9325615105969582
TTCTACACAGATCTGT,9,0.999999995780865
TTCTACAGTAAATGAC,9,0.9105979967585356
TTCTACAGTAACGTTC,10,0.7536056014333431
TTCTACAGTACATCCA,9,0.9882604361778425
TTCTACAGTCCGTTAA,9,0.9359498444616745
TTCTACAGTCTTTCAT,9,0.9110393436966355
TTCTACAGTGTTCGAT,10,0.5391834564302131
TTCTACAGTTTGGCGC,9,0.9262963348643025
TTCTACATCTTTACAC,9,0.9996220920054012
TTCTCAAAGAGGGATA,9,0.9999999982808042
TTCTCAAAGCACCGCT,9,0.928933513222967
TTCTCAAAGCTAGTTC,9,0.9900332849743353
TTCTCAAAGGACAGCT,9,0.8626603821786771
TTCTCAAAGTCCGTAT,9,0.9425139964664416
TTCTCAAAGTTCGCGC,9,0.9999999948372041
TTCTCAACAGCTTAAC,10,0.6862799182111775
TTCTCAACATAGGATA,9,0.9156756167040282
TTCTCAACATCCCACT,10,0.5307334470822883
TTCTCAACATCCTTGC,0,0.9886702132738383
TTCTCAAGTGTATGGG,9,0.9312879339230803
TTCTCAATCGTAGGAG,9,0.9325615056105475
TTCTCCTAGCTACCGC,9,0.8449712653459289
TTCTCCTAGCTAGGCA,9,0.9999998797569283
TTCTCCTAGGGCATGT,9,0.9347804693376951
TTCTCCTAGTCCAGGA,9,0.9999999751830707
TTCTCCTAGTCCGGTC,10,0.6083167529643423
TTCTCCTAGTGGCACA,10,0.6708764899830245
TTCTCCTCACGTGAGA,9,0.9999999927324903
TTCTCCTCACTGCCAG,9,0.9999999477108269
TTCTCCTGTGTTGAGG,9,0.9289335223396669
TTCTCCTGTTCCTCCA,9,0.9289335217416482
TTCTCCTGTTGATTGC,9,0.9221011606626298
TTCTCCTGTTTGGCGC,9,0.9999999834771862
TTCTCCTTCATCACCC,9,0.9999999038634674
TTCTTAGAGAAGGTGA,9,0.9289335203558808
TTCTTAGAGCACACAG,9,0.926474855842079
TTCTTAGAGCTAGTTC,9,0.8871190482584717
TTCTTAGCAAACGCGA,9,0.933828251599552
TTCTTAGCAAGGCTCC,9,0.9156757313734045
TTCTTAGCACGGATAG,9,0.9156757121475086
TTCTTAGCATGGTCTA,9,0.9235026445805549
TTCTTAGGTACTCGCG,9,0.9999999795452641
TTCTTAGTCACCTCGT,10,0.5037047243734526
TTCTTAGTCACTTCAT,9,0.9325481569483101
TTCTTAGTCAGAAATG,9,0.999999967630467
TTCTTAGTCAGCGATT,10,0.7012344664094274
TTCTTAGTCATGTAGC,9,0.9156756961360947
TTCTTAGTCCTCATTA,9,0.9338282468456296
TTGAACGAGCGTCTAT,9,0.9999998881079043
TTGAACGAGGCAATTA,9,0.9221011511037163
TTGAACGAGTTCCACA,9,0.9999999955836049
TTGAACGCAAAGCAAT,9,0.9105979959383773
TTGAACGCAACTGCTA,9,0.99972775742367
TTGAACGGTATAGGGC,9,0.9309445279611162
TTGAACGGTCTTCTCG,9,0.934498144333726
TTGAACGGTGGGTATG,9,0.9874082103121176
TTGAACGTCCCAACGG,9,0.9360147750586217
TTGAACGTCCGTTGTC,9,0.9360147752491539
TTGAACGTCCTGTACC,9,0.993774696266626
TTGAACGTCGGATGGA,9,0.9997701214534022
TTGAACGTCTGATTCT,9,0.974653014918146
TTGACTTAGCGTAGTG,9,0.9999956831461818
TTGACTTAGTCTTGCA,9,0.9999999961226936
TTGACTTCAGGGTACA,9,0.934780418141216
TTGACTTCATGCTGGC,10,0.49788191202341153
TTGACTTGTCGCGTGT,9,0.9988880920854953
TTGACTTGTGTGAATA,9,0.9325615134769786
TTGACTTTCATGCATG,10,0.5969483293929518
TTGACTTTCGCCGTGA,9,0.9264748534604029
TTGACTTTCTGAGGGA,9,0.9003045684829998
TTGCCGTAGGACCACA,0,0.9599386569814093
TTGCCGTAGGCTCAGA,9,0.9002819643558928
TTGCCGTAGGCTCTTA,9,0.9999999989450898
TTGCCGTAGGGATGGG,9,0.9997016686940177
TTGCCGTAGTCGTACT,9,0.9067816851545707
TTGCCGTAGTGTACCT,9,0.9289335222918909
TTGCCGTCACCTATCC,9,0.9325481569585896
TTGCCGTCAGCTGCAC,9,0.9999996956409333
TTGCCGTGTATTACCG,9,0.9994373859273286
TTGCCGTGTCCGTCAG,9,0.9999999964319524
TTGCCGTGTCGAACAG,9,0.9325615114496706
TTGCCGTGTGACTCAT,9,0.9325382929222067
TTGCCGTGTTATGTGC,9,0.9235027225400015
TTGCCGTTCCATTCTA,9,0.9945170574762431
TTGCCGTTCGCCAGCA,9,0.9045503190200431
TTGCCGTTCGTTTAGG,9,0.9336140468507904
TTGCCGTTCTAGCACA,9,0.9999999985054233
TTGCGTCAGTTATCGC,9,0.9197122893005468
TTGCGTCCAACGATGG,9,0.9105979970864536
TTGCGTCCAATGGAAT,9,0.9999998077667153
TTGCGTCCACCTGGTG,9,0.9045502964391796
TTGCGTCCAGCGTTCG,9,0.9348827727111159
TTGCGTCGTCACAAGG,9,0.9999978296979126
TTGCGTCGTCTAACGT,7,0.9797239870518765
TTGCGTCTCTGTCAAG,0,0.9886651535904066
TTGGAACAGGTAAACT,9,0.8449763654583664
TTGGAACAGTCCAGGA,9,0.9105977933196552
TTGGAACCAAGCGAGT,9,0.9999999988355013
TTGGAACCAATCCAAC,9,0.9199067486641794
TTGGAACCACATGACT,9,0.8296140126988695
TTGGAACCATCCCACT,9,0.9312879761347769
TTGGAACCATGCATGT,9,0.9309445287029615
TTGGAACGTACTCAAC,9,0.9045503157275578
TTGGAACGTGGCAAAC,9,0.9156757355610919
TTGGAACGTTCCATGA,9,0.9077028662947119
TTGGAACGTTTGCATG,10,0.5552420075238645
TTGGAACTCCGAGCCA,9,0.9687703727824705
TTGGCAAAGACAGACC,9,0.9325615141548901
TTGGCAAAGTCGCCGT,10,0.7629230968238462
TTGGCAAAGTGTTGAA,9,0.8891648033326994
TTGGCAAGTTCATGGT,9,0.8871226386446448
TTGGCAATCACAAACC,9,0.9999999997375824
TTGGCAATCATGTCCC,9,0.9999999905088175
TTGTAGGCAAACGTGG,9,0.8917944321733191
TTGTAGGCAGCTCGCA,7,0.9299305928208813
TTGTAGGGTGATGTGG,9,0.9196625443509342
TTGTAGGTCACCCGAG,9,0.9999980025787701
TTGTAGGTCCAAGCCG,9,0.9199362301048952
TTTACTGAGGTCATCT,9,0.9338260120235728
TTTACTGAGTGACATA,5,0.9886789178459338
TTTACTGCAAGCGTAG,9,0.9199351789374066
TTTACTGCAATCAGAA,9,0.8378214840530845
TTTACTGCACAAGACG,9,0.9999999994435742
TTTACTGCACACATGT,9,0.803929209060445
TTTACTGCATCGGAAG,9,0.9999999999084019
TTTACTGCATGCCTTC,9,0.8058529446665351
TTTACTGCATGTCTCC,9,0.9325615142845408
TTTACTGGTAGATTAG,9,0.9105979984531588
TTTACTGGTGGGTATG,9,0.919908532849432
TTTACTGTCGCCTGTT,9,0.904538267457538
TTTATGCAGAAGGTTT,9,0.9354472548240258
TTTATGCAGCTGTTCA,9,0.9999999956233089
TTTATGCAGTGGAGTC,9,0.9199346357761732
TTTATGCCAATCTGCA,9,0.9999988704318027
TTTATGCCAATGTTGC,9,0.9103171287443151
TTTATGCCAGTGGGAT,9,0.9999992429082366
TTTATGCGTAGCACGA,10,0.7538715907922838
TTTATGCTCAACGAAA,0,0.9886651535904066
TTTCCTCAGAGGTTGC,9,0.9199362447046234
TTTCCTCAGCCGTCGT,10,0.7522675234550745
TTTCCTCAGCTCCTTC,9,0.999353596356085
TTTCCTCAGGCTAGAC,9,0.9337970479768991
TTTCCTCAGTAGGCCA,9,0.8299912285705391
TTTCCTCAGTGGTAAT,9,0.9999999996191326
TTTCCTCCAATCAGAA,9,0.9347687688135424
TTTCCTCCATCGGAAG,9,0.9999999952117551
TTTCCTCGTCGCCATG,9,0.970866213695189
TTTCCTCGTGACGGTA,9,0.919369960562949
TTTCCTCGTTCTCATT,9,0.9298382038414874
TTTCCTCTCAGTTGAC,9,0.9235027181753072
TTTCCTCTCCCTAACC,9,0.9234681480351119
TTTCCTCTCCGCATCT,9,0.9070881557261045
TTTCCTCTCCGTAGTA,10,0.5272666840988909
TTTGCGCAGCAGATCG,9,0.9154136418467479
TTTGCGCAGCGATATA,9,0.9324502346612787
TTTGCGCCAACAACCT,9,0.9999999950668318
TTTGCGCGTAAAGGAG,9,0.999999990855413
TTTGCGCGTATAAACG,9,0.9289335212562381
TTTGCGCGTCACTGGC,9,0.999999993246738
TTTGCGCGTCGAACAG,9,0.999969709481251
TTTGCGCGTTGTGGAG,9,0.9119018497524004
TTTGCGCTCGCAGGCT,5,0.9888225964002773
TTTGCGCTCGTCCAGG,9,0.9360147751449879
TTTGCGCTCTTAACCT,9,0.9182355774845149
TTTGGTTAGTGAACGC,9,0.8217336155977117
TTTGGTTCAACGCACC,0,0.9885164389905662
TTTGGTTGTCTGCGGT,9,0.9289335143995393
TTTGGTTTCGGTGTTA,9,0.9999997690892127
TTTGGTTTCTCCCTGA,9,0.935852351699585
TTTGGTTTCTTGCCGT,9,0.9325615103502937
TTTGTCAAGCCCGAAA,9,0.9999908168325943
TTTGTCAAGCGTGAGT,9,0.9999968968700137
TTTGTCAAGGACGAAA,9,0.9999993389503312
TTTGTCAAGGCCATAG,9,0.934498143540195
TTTGTCAAGGTGTTAA,0,0.9448946297061082
TTTGTCACAAAGGTGC,9,0.9344981403496654
TTTGTCACAGTCTTCC,9,0.9999998350037617
TTTGTCACATGACATC,9,0.9999982297540606
TTTGTCAGTTCGTTGA,9,0.9848544033645731
TTTGTCATCATGCATG,9,0.9999991798777834
TTTGTCATCCCTCAGT,9,0.9999998323870842
TTTGTCATCCTGTACC,9,0.9110379369004106
TTTGTCATCTGTCTAT,9,0.9263521220818235
