cell_barcode,assignment,prior_neg,prior_singlet,prior_doublet,n_noise
AAACCTGAGATGTTAG,2,0.05,0.6,0.35,5
AAACCTGCATCGATTG,4,0.05,0.6,0.35,5
AAACCTGGTAGGGTAC,2,0.05,0.6,0.35,5
AAACCTGGTGCCTTGG,2,0.05,0.6,0.35,5
AAACCTGGTTGGAGGT,1000,0.05,0.6,0.35,5
AAACCTGTCGAGAGCA,1,0.05,0.6,0.35,5
AAACGGGAGAAAGTGG,2,0.05,0.6,0.35,5
AAACGGGAGGAGCGTT,1,0.05,0.6,0.35,5
AAACGGGAGTGTACTC,7,0.05,0.6,0.35,5
AAACGGGCATGCAATC,7,0.05,0.6,0.35,5
AAAGATGAGAAACGAG,1,0.05,0.6,0.35,5
AAAGATGAGATATACG,6,0.05,0.6,0.35,5
AAAGATGAGTTTGCGT,4,0.05,0.6,0.35,5
AAAGATGCAAGCGCTC,5,0.05,0.6,0.35,5
AAAGATGCACTACAGT,8,0.05,0.6,0.35,5
AAAGATGCATTCACTT,8,0.05,0.6,0.35,5
AAAGATGGTAAGTAGT,4,0.05,0.6,0.35,5
AAAGATGGTCCAGTTA,1000,0.05,0.6,0.35,5
AAAGATGGTTCCATGA,8,0.05,0.6,0.35,5
AAAGATGGTTCCGGCA,4,0.05,0.6,0.35,5
AAAGATGGTTGGGACA,1,0.05,0.6,0.35,5
AAAGATGTCGGCCGAT,4,0.05,0.6,0.35,5
AAAGATGTCGTCTGAA,7,0.05,0.6,0.35,5
AAAGATGTCTAACTGG,8,0.05,0.6,0.35,5
AAAGCAAAGACGACGT,1,0.05,0.6,0.35,5
AAAGCAAAGCAGCGTA,4,0.05,0.6,0.35,5
AAAGCAAAGGGTGTTG,3,0.05,0.6,0.35,5
AAAGCAAAGTCATGCT,4,0.05,0.6,0.35,5
AAAGCAACATAGGATA,8,0.05,0.6,0.35,5
AAAGCAAGTTACGTCA,8,0.05,0.6,0.35,5
AAAGCAAGTTTAAGCC,3,0.05,0.6,0.35,5
AAAGCAAGTTTGACTG,3,0.05,0.6,0.35,5
AAAGCAATCTCTAGGA,1000,0.05,0.6,0.35,5
AAAGTAGAGTACGTAA,7,0.05,0.6,0.35,5
AAAGTAGAGTGAAGTT,5,0.05,0.6,0.35,5
AAAGTAGCAATGAATG,3,0.05,0.6,0.35,5
AAAGTAGGTATTAGCC,3,0.05,0.6,0.35,5
AAAGTAGGTCATGCAT,4,0.05,0.6,0.35,5
AAAGTAGGTGTTCGAT,4,0.05,0.6,0.35,5
AAAGTAGTCCGTCAAA,0,0.05,0.6,0.35,5
AAAGTAGTCGGAGCAA,4,0.05,0.6,0.35,5
AAATGCCAGAAACGAG,1000,0.05,0.6,0.35,5
AAATGCCAGACTACAA,4,0.05,0.6,0.35,5
AAATGCCAGCTAACAA,2,0.05,0.6,0.35,5
AAATGCCAGTGTCCAT,8,0.05,0.6,0.35,5
AAATGCCCAACACCTA,2,0.05,0.6,0.35,5
AAATGCCCACAAGCCC,6,0.05,0.6,0.35,5
AAATGCCCAGATGGCA,8,0.05,0.6,0.35,5
AAATGCCGTCTAAAGA,1,0.05,0.6,0.35,5
AAATGCCGTTAGAACA,7,0.05,0.6,0.35,5
AAATGCCGTTCATGGT,4,0.05,0.6,0.35,5
AAATGCCTCAAGGTAA,6,0.05,0.6,0.35,5
AAATGCCTCAGGCGAA,1,0.05,0.6,0.35,5
AACACGTAGAAGGTTT,1000,0.05,0.6,0.35,5
AACACGTAGATCCTGT,4,0.05,0.6,0.35,5
AACACGTAGGTAGCCA,8,0.05,0.6,0.35,5
AACACGTCATAAGACA,1000,0.05,0.6,0.35,5
AACACGTTCAACCATG,7,0.05,0.6,0.35,5
AACACGTTCACGGTTA,2,0.05,0.6,0.35,5
AACCATGAGAATGTGT,4,0.05,0.6,0.35,5
AACCATGAGAGTCTGG,1000,0.05,0.6,0.35,5
AACCATGCAGGTGCCT,6,0.05,0.6,0.35,5
AACCATGCAGTATAAG,6,0.05,0.6,0.35,5
AACCATGCAGTGAGTG,5,0.05,0.6,0.35,5
AACCATGGTACAAGTA,2,0.05,0.6,0.35,5
AACCATGGTACCCAAT,5,0.05,0.6,0.35,5
AACCATGGTCAATACC,1000,0.05,0.6,0.35,5
AACCATGGTGTGAATA,1,0.05,0.6,0.35,5
AACCATGTCACTCTTA,8,0.05,0.6,0.35,5
AACCATGTCGAGGTAG,2,0.05,0.6,0.35,5
AACCATGTCGCAGGCT,7,0.05,0.6,0.35,5
AACCATGTCGCGTAGC,7,0.05,0.6,0.35,5
AACCATGTCTTCGGTC,5,0.05,0.6,0.35,5
AACCGCGAGGGCACTA,1,0.05,0.6,0.35,5
AACCGCGAGTTTGCGT,1000,0.05,0.6,0.35,5
AACCGCGCAGCGAACA,7,0.05,0.6,0.35,5
AACCGCGCATATACGC,1,0.05,0.6,0.35,5
AACCGCGCATCCCATC,5,0.05,0.6,0.35,5
AACCGCGGTCGGGTCT,6,0.05,0.6,0.35,5
AACCGCGTCAGAGGTG,3,0.05,0.6,0.35,5
AACCGCGTCCCAGGTG,5,0.05,0.6,0.35,5
AACCGCGTCCTAGTGA,3,0.05,0.6,0.35,5
AACCGCGTCGACGGAA,8,0.05,0.6,0.35,5
AACCGCGTCTGTACGA,2,0.05,0.6,0.35,5
AACGTTGAGATCCTGT,1,0.05,0.6,0.35,5
AACGTTGAGCCTATGT,6,0.05,0.6,0.35,5
AACGTTGAGTGTCCAT,1000,0.05,0.6,0.35,5
AACGTTGCAAACCTAC,4,0.05,0.6,0.35,5
AACGTTGCAAGGGTCA,3,0.05,0.6,0.35,5
AACGTTGCAAGTTCTG,5,0.05,0.6,0.35,5
AACGTTGCAGGGATTG,7,0.05,0.6,0.35,5
AACGTTGGTGTAAGTA,1,0.05,0.6,0.35,5
AACGTTGGTTATGTGC,5,0.05,0.6,0.35,5
AACGTTGTCGTTGCCT,1,0.05,0.6,0.35,5
AACTCAGAGCGTCAAG,4,0.05,0.6,0.35,5
AACTCAGCAACACCCG,1,0.05,0.6,0.35,5
AACTCAGCAAGGCTCC,3,0.05,0.6,0.35,5
AACTCAGCACCAGGTC,1,0.05,0.6,0.35,5
AACTCAGCAGGATTGG,3,0.05,0.6,0.35,5
AACTCAGCATCGATGT,3,0.05,0.6,0.35,5
AACTCAGCATGGATGG,2,0.05,0.6,0.35,5
AACTCAGGTCAGAGGT,3,0.05,0.6,0.35,5
AACTCAGTCAAACCGT,7,0.05,0.6,0.35,5
AACTCAGTCCACGTTC,5,0.05,0.6,0.35,5
AACTCCCAGGCTAGCA,7,0.05,0.6,0.35,5
AACTCCCAGTCAATAG,4,0.05,0.6,0.35,5
AACTCCCCAAACTGTC,6,0.05,0.6,0.35,5
AACTCCCCAAGTACCT,5,0.05,0.6,0.35,5
AACTCCCCAATGACCT,4,0.05,0.6,0.35,5
AACTCCCCACATTAGC,1000,0.05,0.6,0.35,5
AACTCCCCACTGTCGG,8,0.05,0.6,0.35,5
AACTCCCCAGGCTCAC,7,0.05,0.6,0.35,5
AACTCCCGTCTAGCCG,0,0.05,0.6,0.35,5
AACTCCCGTGACTACT,7,0.05,0.6,0.35,5
AACTCCCGTGTCGCTG,8,0.05,0.6,0.35,5
AACTCCCGTTCCACTC,3,0.05,0.6,0.35,5
AACTCCCGTTTGGGCC,5,0.05,0.6,0.35,5
AACTCCCTCACGCATA,4,0.05,0.6,0.35,5
AACTCCCTCCTAGTGA,0,0.05,0.6,0.35,5
AACTCCCTCTACCAGA,3,0.05,0.6,0.35,5
AACTCCCTCTCATTCA,1000,0.05,0.6,0.35,5
AACTCCCTCTTAGAGC,1000,0.05,0.6,0.35,5
AACTCTTAGACGCACA,7,0.05,0.6,0.35,5
AACTCTTAGAGTCGGT,0,0.05,0.6,0.35,5
AACTCTTAGCGCTTAT,4,0.05,0.6,0.35,5
AACTCTTAGCGGCTTC,1,0.05,0.6,0.35,5
AACTCTTAGCTAGGCA,3,0.05,0.6,0.35,5
AACTCTTAGTGTCCAT,6,0.05,0.6,0.35,5
AACTCTTCACGTCTCT,1,0.05,0.6,0.35,5
AACTCTTCAGACTCGC,1000,0.05,0.6,0.35,5
AACTCTTGTCAATACC,7,0.05,0.6,0.35,5
AACTCTTTCAAGAAGT,1,0.05,0.6,0.35,5
AACTCTTTCCTTCAAT,3,0.05,0.6,0.35,5
AACTCTTTCGCGTTTC,5,0.05,0.6,0.35,5
AACTCTTTCGTAGATC,7,0.05,0.6,0.35,5
AACTGGTAGAGCAATT,6,0.05,0.6,0.35,5
AACTGGTAGAGCCTAG,1000,0.05,0.6,0.35,5
AACTGGTAGCTATGCT,4,0.05,0.6,0.35,5
AACTGGTCAAGTAATG,8,0.05,0.6,0.35,5
AACTGGTCACACATGT,7,0.05,0.6,0.35,5
AACTGGTCAGATGAGC,1000,0.05,0.6,0.35,5
AACTGGTGTACCTACA,1000,0.05,0.6,0.35,5
AACTGGTGTGCAACGA,7,0.05,0.6,0.35,5
AACTGGTGTTAAAGAC,4,0.05,0.6,0.35,5
AACTGGTTCACTTATC,1,0.05,0.6,0.35,5
AACTTTCAGTACATGA,6,0.05,0.6,0.35,5
AACTTTCAGTAGCGGT,1,0.05,0.6,0.35,5
AACTTTCAGTCCAGGA,6,0.05,0.6,0.35,5
AACTTTCCAGTACACT,6,0.05,0.6,0.35,5
AACTTTCCATGTCGAT,7,0.05,0.6,0.35,5
AACTTTCGTGGTCCGT,7,0.05,0.6,0.35,5
AACTTTCGTGGTTTCA,3,0.05,0.6,0.35,5
AACTTTCGTGTGAATA,1000,0.05,0.6,0.35,5
AACTTTCGTTAGATGA,7,0.05,0.6,0.35,5
AACTTTCGTTGAACTC,8,0.05,0.6,0.35,5
AACTTTCTCTGCGGCA,4,0.05,0.6,0.35,5
AAGACCTAGCATGGCA,5,0.05,0.6,0.35,5
AAGACCTAGTCCGTAT,1000,0.05,0.6,0.35,5
AAGACCTAGTGGCACA,6,0.05,0.6,0.35,5
AAGACCTCAAGACGTG,8,0.05,0.6,0.35,5
AAGACCTCAAGAGTCG,5,0.05,0.6,0.35,5
AAGACCTCAGTTCCCT,2,0.05,0.6,0.35,5
AAGACCTCATCACAAC,6,0.05,0.6,0.35,5
AAGACCTGTGTGTGCC,1,0.05,0.6,0.35,5
AAGACCTGTTGCGTTA,8,0.05,0.6,0.35,5
AAGCCGCAGAGCTTCT,6,0.05,0.6,0.35,5
AAGCCGCAGCACGCCT,7,0.05,0.6,0.35,5
AAGCCGCAGCGATATA,1,0.05,0.6,0.35,5
AAGCCGCAGCGGATCA,5,0.05,0.6,0.35,5
AAGCCGCAGCGTTTAC,4,0.05,0.6,0.35,5
AAGCCGCAGGTTACCT,4,0.05,0.6,0.35,5
AAGCCGCCACCCAGTG,2,0.05,0.6,0.35,5
AAGCCGCGTGTAAGTA,4,0.05,0.6,0.35,5
AAGCCGCTCCAATGGT,1,0.05,0.6,0.35,5
AAGCCGCTCCCGACTT,4,0.05,0.6,0.35,5
AAGGAGCAGGCTCAGA,1000,0.05,0.6,0.35,5
AAGGAGCCACTCGACG,8,0.05,0.6,0.35,5
AAGGAGCGTAGCACGA,4,0.05,0.6,0.35,5
AAGGAGCGTGCACCAC,7,0.05,0.6,0.35,5
AAGGAGCGTGGCTCCA,8,0.05,0.6,0.35,5
AAGGAGCGTTGTTTGG,5,0.05,0.6,0.35,5
AAGGAGCTCAACGAAA,3,0.05,0.6,0.35,5
AAGGAGCTCCAGGGCT,2,0.05,0.6,0.35,5
AAGGAGCTCTCAAGTG,7,0.05,0.6,0.35,5
AAGGCAGAGACTTTCG,2,0.05,0.6,0.35,5
AAGGCAGAGAGCCCAA,1000,0.05,0.6,0.35,5
AAGGCAGAGCGATTCT,3,0.05,0.6,0.35,5
AAGGCAGAGGGTGTGT,7,0.05,0.6,0.35,5
AAGGCAGAGTTAACGA,7,0.05,0.6,0.35,5
AAGGCAGCACACTGCG,7,0.05,0.6,0.35,5
AAGGCAGCAGTAAGAT,1,0.05,0.6,0.35,5
AAGGCAGGTAAATGAC,3,0.05,0.6,0.35,5
AAGGCAGGTAGTAGTA,1000,0.05,0.6,0.35,5
AAGGCAGGTATCGCAT,8,0.05,0.6,0.35,5
AAGGCAGGTCCGCTGA,0,0.05,0.6,0.35,5
AAGGCAGGTGCAGGTA,3,0.05,0.6,0.35,5
AAGGCAGTCAACACGT,0,0.05,0.6,0.35,5
AAGGCAGTCTCGATGA,8,0.05,0.6,0.35,5
AAGGCAGTCTGCGTAA,5,0.05,0.6,0.35,5
AAGGCAGTCTGGTGTA,4,0.05,0.6,0.35,5
AAGGCAGTCTGTCAAG,3,0.05,0.6,0.35,5
AAGGCAGTCTTCTGGC,1000,0.05,0.6,0.35,5
AAGGTTCAGTATCTCG,1,0.05,0.6,0.35,5
AAGGTTCAGTGAAGTT,1000,0.05,0.6,0.35,5
AAGGTTCAGTTAGCGG,7,0.05,0.6,0.35,5
AAGGTTCCAATGGAAT,2,0.05,0.6,0.35,5
AAGGTTCCACCGCTAG,2,0.05,0.6,0.35,5
AAGGTTCGTCTAGTCA,3,0.05,0.6,0.35,5
AAGGTTCTCCGTAGGC,1000,0.05,0.6,0.35,5
AAGGTTCTCGCCATAA,8,0.05,0.6,0.35,5
AAGGTTCTCTTCCTTC,1000,0.05,0.6,0.35,5
AAGTCTGAGAGGACGG,5,0.05,0.6,0.35,5
AAGTCTGAGAGGTACC,5,0.05,0.6,0.35,5
AAGTCTGAGGAGTACC,8,0.05,0.6,0.35,5
AAGTCTGCACGCATCG,2,0.05,0.6,0.35,5
AAGTCTGCACGGCGTT,4,0.05,0.6,0.35,5
AAGTCTGCATTATCTC,8,0.05,0.6,0.35,5
AAGTCTGGTCAAACTC,6,0.05,0.6,0.35,5
AAGTCTGGTGTGAATA,2,0.05,0.6,0.35,5
AAGTCTGTCGAGAGCA,2,0.05,0.6,0.35,5
AATCCAGAGAATGTTG,8,0.05,0.6,0.35,5
AATCCAGAGTGGACGT,4,0.05,0.6,0.35,5
AATCCAGAGTTAGGTA,3,0.05,0.6,0.35,5
AATCCAGTCAACGAAA,1000,0.05,0.6,0.35,5
AATCCAGTCCATTCTA,3,0.05,0.6,0.35,5
AATCCAGTCCTAGGGC,1000,0.05,0.6,0.35,5
AATCGGTAGATGAGAG,6,0.05,0.6,0.35,5
AATCGGTAGCGCCTCA,7,0.05,0.6,0.35,5
AATCGGTAGGCGCTCT,5,0.05,0.6,0.35,5
AATCGGTAGTGCGATG,7,0.05,0.6,0.35,5
AATCGGTCAAAGTCAA,5,0.05,0.6,0.35,5
AATCGGTCAACTGCGC,4,0.05,0.6,0.35,5
AATCGGTCACACCGAC,1000,0.05,0.6,0.35,5
AATCGGTCATCCGCGA,5,0.05,0.6,0.35,5
AATCGGTCATCTATGG,4,0.05,0.6,0.35,5
AATCGGTGTCGCGTGT,5,0.05,0.6,0.35,5
AATCGGTGTGTAAGTA,5,0.05,0.6,0.35,5
ACACCAACAAGGACAC,4,0.05,0.6,0.35,5
ACACCAACAAGTTCTG,6,0.05,0.6,0.35,5
ACACCAACATCTACGA,3,0.05,0.6,0.35,5
ACACCAAGTCCATGAT,3,0.05,0.6,0.35,5
ACACCAAGTCTGGTCG,4,0.05,0.6,0.35,5
ACACCAAGTGTGACCC,4,0.05,0.6,0.35,5
ACACCAAGTTACCAGT,1,0.05,0.6,0.35,5
ACACCAAGTTCATGGT,4,0.05,0.6,0.35,5
ACACCAATCGCGGATC,1000,0.05,0.6,0.35,5
ACACCAATCTCTGCTG,1,0.05,0.6,0.35,5
ACACCCTAGACAATAC,4,0.05,0.6,0.35,5
ACACCCTAGCTAGTTC,5,0.05,0.6,0.35,5
ACACCCTAGTATTGGA,4,0.05,0.6,0.35,5
ACACCCTCAAGTTAAG,7,0.05,0.6,0.35,5
ACACCCTCACAGGAGT,4,0.05,0.6,0.35,5
ACACCCTCACTTGGAT,7,0.05,0.6,0.35,5
ACACCCTCAGCTTAAC,3,0.05,0.6,0.35,5
ACACCCTCAGTTCATG,1,0.05,0.6,0.35,5
ACACCCTGTGTGACGA,8,0.05,0.6,0.35,5
ACACCCTTCCAAACTG,1,0.05,0.6,0.35,5
ACACCCTTCCTTGACC,1000,0.05,0.6,0.35,5
ACACCCTTCGCATGAT,6,0.05,0.6,0.35,5
ACACCCTTCGTACGGC,3,0.05,0.6,0.35,5
ACACCCTTCGTTTGCC,4,0.05,0.6,0.35,5
ACACCGGAGACAAGCC,2,0.05,0.6,0.35,5
ACACCGGAGCGATGAC,4,0.05,0.6,0.35,5
ACACCGGAGCGTAGTG,1000,0.05,0.6,0.35,5
ACACCGGAGGAGTCTG,3,0.05,0.6,0.35,5
ACACCGGGTATTACCG,4,0.05,0.6,0.35,5
ACACCGGTCCGCTGTT,5,0.05,0.6,0.35,5
ACACCGGTCCTATTCA,1000,0.05,0.6,0.35,5
ACACCGGTCGTACCGG,8,0.05,0.6,0.35,5
ACACCGGTCTTGTACT,1,0.05,0.6,0.35,5
ACACTGAAGATATGGT,7,0.05,0.6,0.35,5
ACACTGAAGATGTGGC,1,0.05,0.6,0.35,5
ACACTGAAGTAGCGGT,5,0.05,0.6,0.35,5
ACACTGACACAGTCGC,8,0.05,0.6,0.35,5
ACACTGACACCGCTAG,4,0.05,0.6,0.35,5
ACACTGACAGCTCGCA,1,0.05,0.6,0.35,5
ACACTGACAGTATCTG,1,0.05,0.6,0.35,5
ACACTGACAGTGGAGT,7,0.05,0.6,0.35,5
ACACTGAGTACCTACA,1000,0.05,0.6,0.35,5
ACACTGAGTATGAAAC,1,0.05,0.6,0.35,5
ACACTGAGTCCGAAGA,1000,0.05,0.6,0.35,5
ACACTGAGTGAGGGTT,1000,0.05,0.6,0.35,5
ACACTGAGTGTCGCTG,5,0.05,0.6,0.35,5
ACACTGATCACTTATC,8,0.05,0.6,0.35,5
ACACTGATCCCTCTTT,1000,0.05,0.6,0.35,5
ACACTGATCCTTGGTC,2,0.05,0.6,0.35,5
ACACTGATCGATAGAA,7,0.05,0.6,0.35,5
ACACTGATCTGTCAAG,1000,0.05,0.6,0.35,5
ACACTGATCTGTCCGT,3,0.05,0.6,0.35,5
ACACTGATCTTCGAGA,7,0.05,0.6,0.35,5
ACAGCCGAGAGTTGGC,3,0.05,0.6,0.35,5
ACAGCCGAGGATGGAA,1,0.05,0.6,0.35,5
ACAGCCGAGTGCTGCC,1,0.05,0.6,0.35,5
ACAGCCGCAGCGAACA,8,0.05,0.6,0.35,5
ACAGCCGCAGTTCCCT,8,0.05,0.6,0.35,5
ACAGCCGCATCTACGA,8,0.05,0.6,0.35,5
ACAGCCGCATGCCTTC,0,0.05,0.6,0.35,5
ACAGCCGGTAGAGGAA,6,0.05,0.6,0.35,5
ACAGCCGTCTTGTTTG,2,0.05,0.6,0.35,5
ACAGCTAAGACCACGA,4,0.05,0.6,0.35,5
ACAGCTAAGCAGATCG,8,0.05,0.6,0.35,5
ACAGCTACAGTCGTGC,8,0.05,0.6,0.35,5
ACAGCTACATCCGCGA,6,0.05,0.6,0.35,5
ACAGCTAGTCCAGTTA,1,0.05,0.6,0.35,5
ACAGCTAGTCCGTTAA,4,0.05,0.6,0.35,5
ACAGCTATCAACGAAA,2,0.05,0.6,0.35,5
ACAGCTATCCGTTGTC,2,0.05,0.6,0.35,5
ACAGCTATCTGGTATG,2,0.05,0.6,0.35,5
ACATACGAGTGAATTG,8,0.05,0.6,0.35,5
ACATACGCAATGGAGC,7,0.05,0.6,0.35,5
ACATACGCACTTCGAA,8,0.05,0.6,0.35,5
ACATACGCAGTAACGG,4,0.05,0.6,0.35,5
ACATACGCAGTAGAGC,2,0.05,0.6,0.35,5
ACATACGCATCCCACT,3,0.05,0.6,0.35,5
ACATACGGTATAGGGC,1000,0.05,0.6,0.35,5
ACATACGGTTCCACAA,1,0.05,0.6,0.35,5
ACATCAGAGGAGCGAG,5,0.05,0.6,0.35,5
ACATCAGAGTGGAGAA,1,0.05,0.6,0.35,5
ACATCAGCAATCCAAC,3,0.05,0.6,0.35,5
ACATCAGCAGCTATTG,1,0.05,0.6,0.35,5
ACATCAGCAGTTCATG,1000,0.05,0.6,0.35,5
ACATCAGGTAGGGTAC,1,0.05,0.6,0.35,5
ACATCAGGTCATACTG,7,0.05,0.6,0.35,5
ACATCAGTCAAACCGT,4,0.05,0.6,0.35,5
ACATCAGTCCTTAATC,4,0.05,0.6,0.35,5
ACATCAGTCCTTGACC,8,0.05,0.6,0.35,5
ACATCAGTCTCGTATT,4,0.05,0.6,0.35,5
ACATCAGTCTCGTTTA,4,0.05,0.6,0.35,5
ACATCAGTCTGAGGGA,1,0.05,0.6,0.35,5
ACATGGTCACCGGAAA,7,0.05,0.6,0.35,5
ACATGGTGTATCACCA,1,0.05,0.6,0.35,5
ACATGGTGTCTAGAGG,6,0.05,0.6,0.35,5
ACATGGTGTGCAGACA,3,0.05,0.6,0.35,5
ACCAGTAAGACAGAGA,5,0.05,0.6,0.35,5
ACCAGTAAGCTGCCCA,6,0.05,0.6,0.35,5
ACCAGTAAGGCAATTA,3,0.05,0.6,0.35,5
ACCAGTAAGTGTGAAT,1,0.05,0.6,0.35,5
ACCAGTACACCCATTC,5,0.05,0.6,0.35,5
ACCAGTACACGAAATA,3,0.05,0.6,0.35,5
ACCAGTACACTGAAGG,4,0.05,0.6,0.35,5
ACCAGTAGTAAGAGGA,3,0.05,0.6,0.35,5
ACCAGTAGTTACGTCA,8,0.05,0.6,0.35,5
ACCAGTATCCCTGACT,3,0.05,0.6,0.35,5
ACCAGTATCGCAGGCT,1,0.05,0.6,0.35,5
ACCAGTATCGCGCCAA,3,0.05,0.6,0.35,5
ACCAGTATCTGGTTCC,1000,0.05,0.6,0.35,5
ACCCACTAGCCTCGTG,8,0.05,0.6,0.35,5
ACCCACTAGGGTTTCT,2,0.05,0.6,0.35,5
ACCCACTCAACGATGG,6,0.05,0.6,0.35,5
ACCCACTCACCAGTTA,4,0.05,0.6,0.35,5
ACCCACTCACCCATGG,1,0.05,0.6,0.35,5
ACCCACTCATCTATGG,8,0.05,0.6,0.35,5
ACCCACTCATTCCTGC,2,0.05,0.6,0.35,5
ACCCACTGTAAGTGTA,1,0.05,0.6,0.35,5
ACCCACTGTAATTGGA,7,0.05,0.6,0.35,5
ACCCACTGTGACTCAT,1,0.05,0.6,0.35,5
ACCCACTGTGATGCCC,3,0.05,0.6,0.35,5
ACCCACTTCTCCAACC,2,0.05,0.6,0.35,5
ACCGTAAAGAGGGCTT,4,0.05,0.6,0.35,5
ACCGTAAAGGATGGTC,7,0.05,0.6,0.35,5
ACCGTAAAGGTAGCTG,4,0.05,0.6,0.35,5
ACCGTAACAAGACACG,7,0.05,0.6,0.35,5
ACCGTAACACCGGAAA,5,0.05,0.6,0.35,5
ACCGTAAGTATATCCG,3,0.05,0.6,0.35,5
ACCGTAAGTCCATGAT,1000,0.05,0.6,0.35,5
ACCGTAAGTCTGATTG,4,0.05,0.6,0.35,5
ACCGTAAGTTGAGTTC,7,0.05,0.6,0.35,5
ACCGTAATCACTGGGC,1,0.05,0.6,0.35,5
ACCGTAATCACTTACT,5,0.05,0.6,0.35,5
ACCGTAATCAGGCCCA,8,0.05,0.6,0.35,5
ACCGTAATCATAAAGG,2,0.05,0.6,0.35,5
ACCTTTAAGAGCAATT,2,0.05,0.6,0.35,5
ACCTTTAAGCTGCAAG,3,0.05,0.6,0.35,5
ACCTTTACAATTGCTG,5,0.05,0.6,0.35,5
ACCTTTACACATTAGC,3,0.05,0.6,0.35,5
ACCTTTACATCACCCT,7,0.05,0.6,0.35,5
ACCTTTACATTAGCCA,3,0.05,0.6,0.35,5
ACCTTTAGTACGAAAT,5,0.05,0.6,0.35,5
ACCTTTAGTCCTAGCG,1000,0.05,0.6,0.35,5
ACCTTTAGTCGCATAT,5,0.05,0.6,0.35,5
ACCTTTAGTGCTCTTC,2,0.05,0.6,0.35,5
ACCTTTAGTGGTTTCA,2,0.05,0.6,0.35,5
ACCTTTAGTTGGAGGT,4,0.05,0.6,0.35,5
ACCTTTATCGTTGACA,6,0.05,0.6,0.35,5
ACGAGCCAGAAACCAT,4,0.05,0.6,0.35,5
ACGAGCCAGACTAGGC,1000,0.05,0.6,0.35,5
ACGAGCCAGCGATCCC,1,0.05,0.6,0.35,5
ACGAGCCGTACCGCTG,4,0.05,0.6,0.35,5
ACGAGCCGTCATACTG,8,0.05,0.6,0.35,5
ACGAGCCGTCATGCCG,4,0.05,0.6,0.35,5
ACGAGCCGTCCGTTAA,8,0.05,0.6,0.35,5
ACGAGCCTCCCTCAGT,2,0.05,0.6,0.35,5
ACGAGCCTCTTTACAC,5,0.05,0.6,0.35,5
ACGAGGAAGACGACGT,1000,0.05,0.6,0.35,5
ACGAGGACAATGGATA,4,0.05,0.6,0.35,5
ACGAGGACAGCTCCGA,3,0.05,0.6,0.35,5
ACGAGGACAGGTGGAT,1,0.05,0.6,0.35,5
ACGAGGAGTAGCTGCC,8,0.05,0.6,0.35,5
ACGAGGAGTCAATGTC,2,0.05,0.6,0.35,5
ACGAGGAGTGTTCTTT,3,0.05,0.6,0.35,5
ACGAGGATCACCTTAT,1,0.05,0.6,0.35,5
ACGAGGATCACTATTC,3,0.05,0.6,0.35,5
ACGAGGATCACTTACT,5,0.05,0.6,0.35,5
ACGAGGATCGGTTCGG,0,0.05,0.6,0.35,5
ACGAGGATCTCTGAGA,5,0.05,0.6,0.35,5
ACGATACAGACAGGCT,6,0.05,0.6,0.35,5
ACGATACAGCCACCTG,2,0.05,0.6,0.35,5
ACGATACAGGTGCTTT,3,0.05,0.6,0.35,5
ACGATACAGTGGACGT,1,0.05,0.6,0.35,5
ACGATACCACACCGCA,3,0.05,0.6,0.35,5
ACGATACCAGGCAGTA,3,0.05,0.6,0.35,5
ACGATACGTAGAAAGG,1,0.05,0.6,0.35,5
ACGATACGTCTCTCTG,3,0.05,0.6,0.35,5
ACGATACGTTCTGTTT,1,0.05,0.6,0.35,5
ACGATACTCAATCTCT,4,0.05,0.6,0.35,5
ACGATACTCACATAGC,1,0.05,0.6,0.35,5
ACGATACTCGATAGAA,6,0.05,0.6,0.35,5
ACGATACTCGTCTGAA,0,0.05,0.6,0.35,5
ACGATACTCTAGCACA,3,0.05,0.6,0.35,5
ACGATGTAGAATAGGG,1,0.05,0.6,0.35,5
ACGATGTAGGACTGGT,3,0.05,0.6,0.35,5
ACGATGTAGGAGTAGA,2,0.05,0.6,0.35,5
ACGATGTAGTGTCTCA,5,0.05,0.6,0.35,5
ACGATGTCACGACGAA,1,0.05,0.6,0.35,5
ACGATGTGTAGCCTCG,5,0.05,0.6,0.35,5
ACGATGTGTCACTTCC,3,0.05,0.6,0.35,5
ACGATGTGTCCTAGCG,1000,0.05,0.6,0.35,5
ACGATGTGTCGACTAT,4,0.05,0.6,0.35,5
ACGATGTGTTCCCGAG,6,0.05,0.6,0.35,5
ACGATGTTCAGGCAAG,6,0.05,0.6,0.35,5
ACGATGTTCATCGGAT,1,0.05,0.6,0.35,5
ACGATGTTCGGAGCAA,2,0.05,0.6,0.35,5
ACGATGTTCTACTCAT,8,0.05,0.6,0.35,5
ACGCAGCAGCACAGGT,8,0.05,0.6,0.35,5
ACGCAGCAGGATCGCA,7,0.05,0.6,0.35,5
ACGCAGCAGTGTGGCA,1,0.05,0.6,0.35,5
ACGCAGCCAGGCAGTA,3,0.05,0.6,0.35,5
ACGCAGCCAGTATGCT,6,0.05,0.6,0.35,5
ACGCAGCGTCATATCG,1,0.05,0.6,0.35,5
ACGCAGCTCCCAAGAT,1000,0.05,0.6,0.35,5
ACGCAGCTCTACTTAC,8,0.05,0.6,0.35,5
ACGCAGCTCTGATACG,5,0.05,0.6,0.35,5
ACGCAGCTCTTGACGA,1,0.05,0.6,0.35,5
ACGCCAGAGCAACGGT,4,0.05,0.6,0.35,5
ACGCCAGAGCTGATAA,1,0.05,0.6,0.35,5
ACGCCAGAGGTCGGAT,5,0.05,0.6,0.35,5
ACGCCAGCATCCCATC,8,0.05,0.6,0.35,5
ACGCCAGCATTGGGCC,7,0.05,0.6,0.35,5
ACGCCAGGTAAAGTCA,8,0.05,0.6,0.35,5
ACGCCAGGTCGGGTCT,6,0.05,0.6,0.35,5
ACGCCAGTCTGCTGCT,1,0.05,0.6,0.35,5
ACGCCGAAGACTAGAT,7,0.05,0.6,0.35,5
ACGCCGAAGCCACGCT,5,0.05,0.6,0.35,5
ACGCCGAAGGCTAGGT,8,0.05,0.6,0.35,5
ACGCCGACAAGCCTAT,4,0.05,0.6,0.35,5
ACGCCGACAGATGGCA,7,0.05,0.6,0.35,5
ACGCCGACAGCAGTTT,7,0.05,0.6,0.35,5
ACGCCGACAGCTGTGC,2,0.05,0.6,0.35,5
ACGCCGAGTTCCAACA,8,0.05,0.6,0.35,5
ACGCCGATCAACGGGA,2,0.05,0.6,0.35,5
ACGCCGATCAGGCCCA,7,0.05,0.6,0.35,5
ACGCCGATCAGTTAGC,1000,0.05,0.6,0.35,5
ACGCCGATCGAGCCCA,3,0.05,0.6,0.35,5
ACGCCGATCTGGTTCC,5,0.05,0.6,0.35,5
ACGGAGAAGGACAGAA,2,0.05,0.6,0.35,5
ACGGAGACACGCATCG,7,0.05,0.6,0.35,5
ACGGAGAGTGATGATA,6,0.05,0.6,0.35,5
ACGGAGAGTTGCGCAC,4,0.05,0.6,0.35,5
ACGGAGAGTTTCCACC,7,0.05,0.6,0.35,5
ACGGAGATCCACGACG,1000,0.05,0.6,0.35,5
ACGGAGATCCTAGTGA,5,0.05,0.6,0.35,5
ACGGAGATCGTCCAGG,2,0.05,0.6,0.35,5
ACGGAGATCTGAGTGT,1000,0.05,0.6,0.35,5
ACGGCCAAGATGTGGC,8,0.05,0.6,0.35,5
ACGGCCAAGCATCATC,4,0.05,0.6,0.35,5
ACGGCCACACGAAATA,1000,0.05,0.6,0.35,5
ACGGCCACACTTCGAA,1,0.05,0.6,0.35,5
ACGGCCAGTGTGAATA,6,0.05,0.6,0.35,5
ACGGCCAGTGTGACCC,4,0.05,0.6,0.35,5
ACGGCCAGTGTTTGGT,6,0.05,0.6,0.35,5
ACGGCCATCCCTCTTT,5,0.05,0.6,0.35,5
ACGGCCATCGATGAGG,2,0.05,0.6,0.35,5
ACGGCCATCTTAGCCC,8,0.05,0.6,0.35,5
ACGGGCTAGGTGCTTT,4,0.05,0.6,0.35,5
ACGGGCTAGTATCTCG,2,0.05,0.6,0.35,5
ACGGGCTCAAGTACCT,3,0.05,0.6,0.35,5
ACGGGCTCACCATGTA,7,0.05,0.6,0.35,5
ACGGGCTCACCCATTC,1000,0.05,0.6,0.35,5
ACGGGCTGTCTAAAGA,7,0.05,0.6,0.35,5
ACGGGCTGTCTCCACT,1000,0.05,0.6,0.35,5
ACGGGCTTCCGAGCCA,7,0.05,0.6,0.35,5
ACGGGCTTCGCGCCAA,4,0.05,0.6,0.35,5
ACGGGCTTCGCTTGTC,5,0.05,0.6,0.35,5
ACGGGCTTCTCACATT,1,0.05,0.6,0.35,5
ACGGGCTTCTGTGCAA,1000,0.05,0.6,0.35,5
ACGGGTCAGCGAGAAA,1000,0.05,0.6,0.35,5
ACGGGTCAGCTACCGC,3,0.05,0.6,0.35,5
ACGGGTCAGGCAAAGA,8,0.05,0.6,0.35,5
ACGGGTCAGGCGCTCT,4,0.05,0.6,0.35,5
ACGGGTCAGTACGCCC,2,0.05,0.6,0.35,5
ACGGGTCCATCCTTGC,8,0.05,0.6,0.35,5
ACGGGTCCATGAACCT,7,0.05,0.6,0.35,5
ACGGGTCCATTCTTAC,5,0.05,0.6,0.35,5
ACGGGTCGTATAGGTA,5,0.05,0.6,0.35,5
ACGGGTCGTTGTCTTT,7,0.05,0.6,0.35,5
ACGGGTCTCCAAATGC,4,0.05,0.6,0.35,5
ACGGGTCTCCCTTGTG,4,0.05,0.6,0.35,5
ACGTCAAAGCTGATAA,4,0.05,0.6,0.35,5
ACGTCAAAGGAATTAC,3,0.05,0.6,0.35,5
ACGTCAAAGTTGCAGG,3,0.05,0.6,0.35,5
ACGTCAACACATCTTT,8,0.05,0.6,0.35,5
ACGTCAACATTTCAGG,3,0.05,0.6,0.35,5
ACGTCAAGTGGTAACG,3,0.05,0.6,0.35,5
ACGTCAAGTTTAGGAA,1000,0.05,0.6,0.35,5
ACGTCAATCGCGGATC,4,0.05,0.6,0.35,5
ACTATCTAGCATGGCA,5,0.05,0.6,0.35,5
ACTATCTAGCTCCTTC,6,0.05,0.6,0.35,5
ACTATCTAGTACACCT,1,0.05,0.6,0.35,5
ACTATCTCATCTCCCA,6,0.05,0.6,0.35,5
ACTATCTGTACCGTAT,2,0.05,0.6,0.35,5
ACTATCTGTAGCGATG,1000,0.05,0.6,0.35,5
ACTATCTTCGTCCAGG,8,0.05,0.6,0.35,5
ACTGAACAGAGAACAG,4,0.05,0.6,0.35,5
ACTGAACAGAGGTTGC,3,0.05,0.6,0.35,5
ACTGAACAGCTCCTTC,3,0.05,0.6,0.35,5
ACTGAACCAGCTCGCA,5,0.05,0.6,0.35,5
ACTGAACCAGTTCATG,4,0.05,0.6,0.35,5
ACTGAACGTCTACCTC,6,0.05,0.6,0.35,5
ACTGAACGTTCCTCCA,1,0.05,0.6,0.35,5
ACTGAACTCGGTTCGG,7,0.05,0.6,0.35,5
ACTGAGTAGAGGTTGC,7,0.05,0.6,0.35,5
ACTGAGTAGAGTACAT,7,0.05,0.6,0.35,5
ACTGAGTAGCTGCCCA,3,0.05,0.6,0.35,5
ACTGAGTAGGGTGTGT,1,0.05,0.6,0.35,5
ACTGAGTAGTTTGCGT,7,0.05,0.6,0.35,5
ACTGAGTCAAACGTGG,1,0.05,0.6,0.35,5
ACTGAGTCACAGACAG,5,0.05,0.6,0.35,5
ACTGAGTCACCGCTAG,1,0.05,0.6,0.35,5
ACTGAGTCACTGTGTA,1000,0.05,0.6,0.35,5
ACTGAGTCAGGCAGTA,5,0.05,0.6,0.35,5
ACTGAGTCAGGTGGAT,7,0.05,0.6,0.35,5
ACTGAGTCATCGACGC,7,0.05,0.6,0.35,5
ACTGAGTGTAAAGTCA,8,0.05,0.6,0.35,5
ACTGAGTGTTGGGACA,7,0.05,0.6,0.35,5
ACTGAGTTCAAGGTAA,1,0.05,0.6,0.35,5
ACTGAGTTCCTCTAGC,7,0.05,0.6,0.35,5
ACTGAGTTCTACTCAT,7,0.05,0.6,0.35,5
ACTGATGAGAAACCGC,7,0.05,0.6,0.35,5
ACTGATGAGATGCGAC,6,0.05,0.6,0.35,5
ACTGATGCAGCATACT,1,0.05,0.6,0.35,5
ACTGATGGTGACGGTA,3,0.05,0.6,0.35,5
ACTGATGGTTGATTGC,8,0.05,0.6,0.35,5
ACTGATGTCAGTGCAT,1000,0.05,0.6,0.35,5
ACTGATGTCCGCAGTG,3,0.05,0.6,0.35,5
ACTGATGTCCTTTCGG,2,0.05,0.6,0.35,5
ACTGATGTCTCAACTT,1000,0.05,0.6,0.35,5
ACTGCTCAGATGGGTC,7,0.05,0.6,0.35,5
ACTGCTCAGCACAGGT,6,0.05,0.6,0.35,5
ACTGCTCAGTACGCGA,2,0.05,0.6,0.35,5
ACTGCTCAGTATTGGA,4,0.05,0.6,0.35,5
ACTGCTCGTAAGGATT,7,0.05,0.6,0.35,5
ACTGCTCGTCGCGTGT,1,0.05,0.6,0.35,5
ACTGCTCTCACTATTC,6,0.05,0.6,0.35,5
ACTGCTCTCCAGGGCT,8,0.05,0.6,0.35,5
ACTGCTCTCTCCTATA,1000,0.05,0.6,0.35,5
ACTGCTCTCTTGACGA,5,0.05,0.6,0.35,5
ACTGTCCCAGTACACT,5,0.05,0.6,0.35,5
ACTGTCCCAGTATCTG,6,0.05,0.6,0.35,5
ACTGTCCCATGGGACA,4,0.05,0.6,0.35,5
ACTGTCCGTCTTGTCC,8,0.05,0.6,0.35,5
ACTGTCCGTGCGAAAC,4,0.05,0.6,0.35,5
ACTGTCCGTGGTCCGT,4,0.05,0.6,0.35,5
ACTGTCCTCGAGAACG,5,0.05,0.6,0.35,5
ACTGTCCTCGTTTATC,8,0.05,0.6,0.35,5
ACTGTCCTCTCGCATC,1,0.05,0.6,0.35,5
ACTGTCCTCTGCTGTC,1,0.05,0.6,0.35,5
ACTGTCCTCTGCTTGC,1000,0.05,0.6,0.35,5
ACTTACTAGATCCCGC,1,0.05,0.6,0.35,5
ACTTACTAGCGTTTAC,1,0.05,0.6,0.35,5
ACTTACTAGGCGCTCT,4,0.05,0.6,0.35,5
ACTTACTCAACGCACC,8,0.05,0.6,0.35,5
ACTTACTCAATCGGTT,1,0.05,0.6,0.35,5
ACTTACTCACAGAGGT,7,0.05,0.6,0.35,5
ACTTACTCAGGAACGT,3,0.05,0.6,0.35,5
ACTTACTCATCCGGGT,1,0.05,0.6,0.35,5
ACTTACTGTACTTAGC,1,0.05,0.6,0.35,5
ACTTACTGTTCGTCTC,5,0.05,0.6,0.35,5
ACTTACTTCCAATGGT,2,0.05,0.6,0.35,5
ACTTACTTCCCTAACC,5,0.05,0.6,0.35,5
ACTTACTTCTAACTCT,8,0.05,0.6,0.35,5
ACTTGTTAGTCTTGCA,7,0.05,0.6,0.35,5
ACTTGTTCAATCCAAC,3,0.05,0.6,0.35,5
ACTTGTTCATACTCTT,1,0.05,0.6,0.35,5
ACTTGTTCATATGCTG,8,0.05,0.6,0.35,5
ACTTGTTCATCGGAAG,1000,0.05,0.6,0.35,5
ACTTGTTGTAACGTTC,8,0.05,0.6,0.35,5
ACTTGTTGTGGTCTCG,2,0.05,0.6,0.35,5
ACTTGTTGTGTTCTTT,8,0.05,0.6,0.35,5
ACTTGTTGTTACAGAA,3,0.05,0.6,0.35,5
ACTTGTTGTTCGGGCT,2,0.05,0.6,0.35,5
ACTTTCAAGTTGTCGT,7,0.05,0.6,0.35,5
ACTTTCACAACGCACC,8,0.05,0.6,0.35,5
ACTTTCACACAAGACG,1,0.05,0.6,0.35,5
ACTTTCAGTACAGACG,3,0.05,0.6,0.35,5
ACTTTCAGTCGACTAT,6,0.05,0.6,0.35,5
ACTTTCAGTGTATGGG,2,0.05,0.6,0.35,5
ACTTTCAGTTCGTGAT,3,0.05,0.6,0.35,5
ACTTTCAGTTGATTGC,7,0.05,0.6,0.35,5
ACTTTCATCAGTCAGT,3,0.05,0.6,0.35,5
ACTTTCATCGGACAAG,5,0.05,0.6,0.35,5
AGAATAGAGTACGCGA,2,0.05,0.6,0.35,5
AGAATAGCAATGTTGC,8,0.05,0.6,0.35,5
AGAATAGGTAGCGTAG,7,0.05,0.6,0.35,5
AGAATAGGTATAGGGC,5,0.05,0.6,0.35,5
AGAATAGGTGTTGGGA,3,0.05,0.6,0.35,5
AGAATAGGTTGTTTGG,4,0.05,0.6,0.35,5
AGAATAGGTTTCGCTC,1,0.05,0.6,0.35,5
AGACGTTAGCTTATCG,1,0.05,0.6,0.35,5
AGACGTTAGGCTAGAC,5,0.05,0.6,0.35,5
AGACGTTAGGTGCACA,7,0.05,0.6,0.35,5
AGACGTTAGTCGTTTG,4,0.05,0.6,0.35,5
AGACGTTCAAAGTGCG,4,0.05,0.6,0.35,5
AGACGTTCACCTCGTT,0,0.05,0.6,0.35,5
AGACGTTCAGGCGATA,2,0.05,0.6,0.35,5
AGACGTTCATCGGACC,8,0.05,0.6,0.35,5
AGACGTTGTAAAGGAG,1,0.05,0.6,0.35,5
AGACGTTGTACCGCTG,6,0.05,0.6,0.35,5
AGACGTTGTCGCGGTT,5,0.05,0.6,0.35,5
AGACGTTGTGTGTGCC,8,0.05,0.6,0.35,5
AGACGTTTCCTTTCGG,8,0.05,0.6,0.35,5
AGACGTTTCGTCCAGG,2,0.05,0.6,0.35,5
AGAGCGAAGAGCAATT,5,0.05,0.6,0.35,5
AGAGCGAAGATATACG,1,0.05,0.6,0.35,5
AGAGCGAAGCAGGCTA,7,0.05,0.6,0.35,5
AGAGCGAAGCGCTTAT,7,0.05,0.6,0.35,5
AGAGCGAAGGAATTAC,3,0.05,0.6,0.35,5
AGAGCGAAGGAGCGAG,1,0.05,0.6,0.35,5
AGAGCGAAGGAGTCTG,2,0.05,0.6,0.35,5
AGAGCGACAGTACACT,5,0.05,0.6,0.35,5
AGAGCGACAGTCGATT,3,0.05,0.6,0.35,5
AGAGCGACATCTACGA,4,0.05,0.6,0.35,5
AGAGCGAGTAGCGCTC,1000,0.05,0.6,0.35,5
AGAGCGAGTCGCGTGT,5,0.05,0.6,0.35,5
AGAGCGAGTGGACGAT,7,0.05,0.6,0.35,5
AGAGCGAGTGGCGAAT,5,0.05,0.6,0.35,5
AGAGCTTCATGAAGTA,4,0.05,0.6,0.35,5
AGAGCTTGTAAACACA,1000,0.05,0.6,0.35,5
AGAGCTTGTCTAGCGC,4,0.05,0.6,0.35,5
AGAGCTTTCACATAGC,2,0.05,0.6,0.35,5
AGAGTGGAGAGCCTAG,8,0.05,0.6,0.35,5
AGAGTGGAGGCATTGG,1000,0.05,0.6,0.35,5
AGAGTGGCAACGATCT,2,0.05,0.6,0.35,5
AGAGTGGGTGTCTGAT,1,0.05,0.6,0.35,5
AGAGTGGGTTGTGGAG,4,0.05,0.6,0.35,5
AGAGTGGTCAACGAAA,2,0.05,0.6,0.35,5
AGAGTGGTCACTTATC,2,0.05,0.6,0.35,5
AGAGTGGTCCGCATAA,2,0.05,0.6,0.35,5
AGATCTGAGCTAGTCT,6,0.05,0.6,0.35,5
AGATCTGCACGGATAG,5,0.05,0.6,0.35,5
AGATCTGGTAACGCGA,1000,0.05,0.6,0.35,5
AGATCTGTCATTTGGG,8,0.05,0.6,0.35,5
AGATCTGTCCCAAGAT,4,0.05,0.6,0.35,5
AGATCTGTCTACGAGT,4,0.05,0.6,0.35,5
AGATCTGTCTTCTGGC,2,0.05,0.6,0.35,5
AGATTGCAGCACACAG,8,0.05,0.6,0.35,5
AGATTGCAGGCTCATT,6,0.05,0.6,0.35,5
AGATTGCAGGGCACTA,3,0.05,0.6,0.35,5
AGATTGCCAAAGTGCG,6,0.05,0.6,0.35,5
AGATTGCCAGACTCGC,3,0.05,0.6,0.35,5
AGATTGCCATCCGCGA,8,0.05,0.6,0.35,5
AGATTGCGTAAACCTC,5,0.05,0.6,0.35,5
AGATTGCGTGAGGGTT,2,0.05,0.6,0.35,5
AGATTGCTCATACGGT,1,0.05,0.6,0.35,5
AGCAGCCAGCGCCTCA,1,0.05,0.6,0.35,5
AGCAGCCAGGCTAGCA,8,0.05,0.6,0.35,5
AGCAGCCAGGGTCTCC,7,0.05,0.6,0.35,5
AGCAGCCCAGCGTTCG,2,0.05,0.6,0.35,5
AGCAGCCCATTGCGGC,1,0.05,0.6,0.35,5
AGCAGCCGTCAAGCGA,7,0.05,0.6,0.35,5
AGCAGCCGTCTTGTCC,5,0.05,0.6,0.35,5
AGCAGCCGTTCGTGAT,5,0.05,0.6,0.35,5
AGCATACCATGTCCTC,1000,0.05,0.6,0.35,5
AGCCTAAAGCCGCCTA,5,0.05,0.6,0.35,5
AGCCTAAAGTGAACGC,6,0.05,0.6,0.35,5
AGCCTAACAGGATCGA,7,0.05,0.6,0.35,5
AGCCTAACAGTCACTA,5,0.05,0.6,0.35,5
AGCCTAAGTTGGAGGT,4,0.05,0.6,0.35,5
AGCCTAAGTTTGGCGC,8,0.05,0.6,0.35,5
AGCCTAATCACTCCTG,3,0.05,0.6,0.35,5
AGCCTAATCCCATTAT,6,0.05,0.6,0.35,5
AGCGGTCAGCTAGTGG,8,0.05,0.6,0.35,5
AGCGGTCAGGCTAGGT,0,0.05,0.6,0.35,5
AGCGGTCCAAGTCTAC,7,0.05,0.6,0.35,5
AGCGGTCCAATAGCGG,3,0.05,0.6,0.35,5
AGCGGTCCAATGGACG,4,0.05,0.6,0.35,5
AGCGGTCCAATGGTCT,3,0.05,0.6,0.35,5
AGCGGTCGTTCGTTGA,5,0.05,0.6,0.35,5
AGCGGTCGTTTGACTG,8,0.05,0.6,0.35,5
AGCGGTCTCCCTAACC,5,0.05,0.6,0.35,5
AGCGTATAGTAAGTAC,8,0.05,0.6,0.35,5
AGCGTATCACCTCGTT,6,0.05,0.6,0.35,5
AGCGTATCAGATGGCA,7,0.05,0.6,0.35,5
AGCGTATCATCCGCGA,4,0.05,0.6,0.35,5
AGCGTATCATGCTGGC,8,0.05,0.6,0.35,5
AGCGTATGTGGACGAT,6,0.05,0.6,0.35,5
AGCGTATGTTACGGAG,2,0.05,0.6,0.35,5
AGCGTATGTTGGTGGA,6,0.05,0.6,0.35,5
AGCGTATTCACCATAG,3,0.05,0.6,0.35,5
AGCGTATTCCAAGCCG,5,0.05,0.6,0.35,5
AGCGTATTCGAACGGA,1000,0.05,0.6,0.35,5
AGCGTATTCGCCAAAT,1,0.05,0.6,0.35,5
AGCGTATTCGCGCCAA,4,0.05,0.6,0.35,5
AGCGTCGAGAAACCAT,6,0.05,0.6,0.35,5
AGCGTCGAGACTAGAT,1000,0.05,0.6,0.35,5
AGCGTCGAGACTTTCG,8,0.05,0.6,0.35,5
AGCGTCGAGTCTTGCA,7,0.05,0.6,0.35,5
AGCGTCGCAACGATGG,8,0.05,0.6,0.35,5
AGCGTCGCACTACAGT,5,0.05,0.6,0.35,5
AGCGTCGCATCGGGTC,6,0.05,0.6,0.35,5
AGCGTCGGTGAGGGTT,3,0.05,0.6,0.35,5
AGCGTCGGTGGTACAG,3,0.05,0.6,0.35,5
AGCGTCGGTGTTCTTT,7,0.05,0.6,0.35,5
AGCGTCGGTTAGTGGG,2,0.05,0.6,0.35,5
AGCGTCGTCAAGGCTT,4,0.05,0.6,0.35,5
AGCGTCGTCAATCACG,5,0.05,0.6,0.35,5
AGCGTCGTCGGCGGTT,4,0.05,0.6,0.35,5
AGCGTCGTCTGCGTAA,3,0.05,0.6,0.35,5
AGCTCCTAGAGAACAG,4,0.05,0.6,0.35,5
AGCTCCTAGCCCGAAA,7,0.05,0.6,0.35,5
AGCTCCTCAAGACGTG,2,0.05,0.6,0.35,5
AGCTCCTCACCGCTAG,1000,0.05,0.6,0.35,5
AGCTCCTCAGGGTTAG,1,0.05,0.6,0.35,5
AGCTCCTGTACATCCA,5,0.05,0.6,0.35,5
AGCTCCTGTAGAAAGG,1000,0.05,0.6,0.35,5
AGCTCCTGTCGAAAGC,6,0.05,0.6,0.35,5
AGCTCCTGTCGACTGC,2,0.05,0.6,0.35,5
AGCTCCTTCGCGCCAA,1,0.05,0.6,0.35,5
AGCTCCTTCGTTGCCT,2,0.05,0.6,0.35,5
AGCTCTCAGGATGGAA,5,0.05,0.6,0.35,5
AGCTCTCAGGCGACAT,4,0.05,0.6,0.35,5
AGCTCTCAGTATCGAA,2,0.05,0.6,0.35,5
AGCTCTCCATATACCG,5,0.05,0.6,0.35,5
AGCTCTCGTCTGCGGT,2,0.05,0.6,0.35,5
AGCTCTCTCACTCCTG,1,0.05,0.6,0.35,5
AGCTCTCTCCTATGTT,4,0.05,0.6,0.35,5
AGCTCTCTCGCCAGCA,3,0.05,0.6,0.35,5
AGCTCTCTCGGCATCG,1,0.05,0.6,0.35,5
AGCTTGAAGATCCCAT,6,0.05,0.6,0.35,5
AGCTTGAAGCTGTCTA,3,0.05,0.6,0.35,5
AGCTTGAAGGCTAGAC,8,0.05,0.6,0.35,5
AGCTTGAAGGGTGTGT,6,0.05,0.6,0.35,5
AGCTTGAAGTACGTAA,1,0.05,0.6,0.35,5
AGCTTGAAGTGTCCAT,5,0.05,0.6,0.35,5
AGCTTGAAGTTACGGG,6,0.05,0.6,0.35,5
AGCTTGAAGTTCGCGC,6,0.05,0.6,0.35,5
AGCTTGACATAAGACA,7,0.05,0.6,0.35,5
AGCTTGACATGACGGA,3,0.05,0.6,0.35,5
AGCTTGAGTGACGGTA,2,0.05,0.6,0.35,5
AGCTTGAGTTAAAGTG,1000,0.05,0.6,0.35,5
AGCTTGATCAACACGT,0,0.05,0.6,0.35,5
AGCTTGATCCAAAGTC,3,0.05,0.6,0.35,5
AGCTTGATCGTTTATC,4,0.05,0.6,0.35,5
AGGCCACAGATGAGAG,1000,0.05,0.6,0.35,5
AGGCCACAGCTCTCGG,3,0.05,0.6,0.35,5
AGGCCACAGGGTCGAT,7,0.05,0.6,0.35,5
AGGCCACCAACACGCC,4,0.05,0.6,0.35,5
AGGCCACGTGATGCCC,5,0.05,0.6,0.35,5
AGGCCACGTTACAGAA,1,0.05,0.6,0.35,5
AGGCCACTCGAACGGA,1,0.05,0.6,0.35,5
AGGCCACTCGCGGATC,7,0.05,0.6,0.35,5
AGGCCACTCGTCTGCT,1,0.05,0.6,0.35,5
AGGCCACTCTCACATT,1,0.05,0.6,0.35,5
AGGCCGTAGCACACAG,1,0.05,0.6,0.35,5
AGGCCGTAGCCAGAAC,7,0.05,0.6,0.35,5
AGGCCGTAGCTACCGC,7,0.05,0.6,0.35,5
AGGCCGTAGGACCACA,3,0.05,0.6,0.35,5
AGGCCGTAGGGTCTCC,3,0.05,0.6,0.35,5
AGGCCGTCAAAGTCAA,4,0.05,0.6,0.35,5
AGGCCGTCACACTGCG,4,0.05,0.6,0.35,5
AGGCCGTCACCGAAAG,6,0.05,0.6,0.35,5
AGGCCGTCATCGGGTC,4,0.05,0.6,0.35,5
AGGCCGTCATGATCCA,4,0.05,0.6,0.35,5
AGGCCGTCATGGTCAT,8,0.05,0.6,0.35,5
AGGCCGTGTAATCACC,4,0.05,0.6,0.35,5
AGGCCGTGTTCAGTAC,3,0.05,0.6,0.35,5
AGGCCGTTCAACTCTT,1,0.05,0.6,0.35,5
AGGCCGTTCAGCTCGG,4,0.05,0.6,0.35,5
AGGCCGTTCAGTGTTG,1000,0.05,0.6,0.35,5
AGGCCGTTCTTGTATC,6,0.05,0.6,0.35,5
AGGGAGTAGTTTGCGT,6,0.05,0.6,0.35,5
AGGGAGTCAATCAGAA,4,0.05,0.6,0.35,5
AGGGAGTCATGAAGTA,5,0.05,0.6,0.35,5
AGGGAGTCATTTCACT,1,0.05,0.6,0.35,5
AGGGAGTCATTTCAGG,5,0.05,0.6,0.35,5
AGGGAGTGTGTAAGTA,6,0.05,0.6,0.35,5
AGGGAGTTCACCCTCA,7,0.05,0.6,0.35,5
AGGGAGTTCTGACCTC,6,0.05,0.6,0.35,5
AGGGATGAGAATGTTG,1000,0.05,0.6,0.35,5
AGGGATGAGCCAGTAG,8,0.05,0.6,0.35,5
AGGGATGAGCGTAATA,3,0.05,0.6,0.35,5
AGGGATGAGTACCGGA,6,0.05,0.6,0.35,5
AGGGATGCAAAGCAAT,3,0.05,0.6,0.35,5
AGGGATGCAAGCCGTC,7,0.05,0.6,0.35,5
AGGGATGGTAGAAAGG,3,0.05,0.6,0.35,5
AGGGATGTCCCACTTG,3,0.05,0.6,0.35,5
AGGGATGTCGATCCCT,3,0.05,0.6,0.35,5
AGGGTGAAGACACGAC,4,0.05,0.6,0.35,5
AGGGTGAAGACAGGCT,5,0.05,0.6,0.35,5
AGGGTGAAGCCACGTC,1,0.05,0.6,0.35,5
AGGGTGAAGCGCCTTG,5,0.05,0.6,0.35,5
AGGGTGAAGTGCCATT,5,0.05,0.6,0.35,5
AGGGTGAAGTGGGATC,2,0.05,0.6,0.35,5
AGGGTGACACACGCTG,1,0.05,0.6,0.35,5
AGGGTGACATTAGCCA,1000,0.05,0.6,0.35,5
AGGGTGAGTCCAGTGC,1000,0.05,0.6,0.35,5
AGGGTGATCAGCGACC,1,0.05,0.6,0.35,5
AGGGTGATCATGTAGC,1,0.05,0.6,0.35,5
AGGGTGATCCAAGTAC,7,0.05,0.6,0.35,5
AGGGTGATCCCTCAGT,5,0.05,0.6,0.35,5
AGGGTGATCTCTAAGG,1,0.05,0.6,0.35,5
AGGTCATAGCGTAATA,1,0.05,0.6,0.35,5
AGGTCATAGTATTGGA,3,0.05,0.6,0.35,5
AGGTCATCACCACGTG,6,0.05,0.6,0.35,5
AGGTCATCACGGCCAT,1000,0.05,0.6,0.35,5
AGGTCATCAGACAAAT,1000,0.05,0.6,0.35,5
AGGTCATGTACCGGCT,1000,0.05,0.6,0.35,5
AGGTCATGTCGCGGTT,7,0.05,0.6,0.35,5
AGGTCATGTGCACCAC,1000,0.05,0.6,0.35,5
AGGTCATGTGCTCTTC,6,0.05,0.6,0.35,5
AGGTCATTCAATAAGG,7,0.05,0.6,0.35,5
AGGTCATTCATAACCG,2,0.05,0.6,0.35,5
AGGTCATTCTACGAGT,5,0.05,0.6,0.35,5
AGGTCATTCTGACCTC,1000,0.05,0.6,0.35,5
AGGTCCGAGACAATAC,8,0.05,0.6,0.35,5
AGGTCCGAGCCCAATT,1000,0.05,0.6,0.35,5
AGGTCCGAGGCTAGCA,4,0.05,0.6,0.35,5
AGGTCCGAGGGCACTA,8,0.05,0.6,0.35,5
AGGTCCGCAAGGTTTC,1,0.05,0.6,0.35,5
AGGTCCGCACATCCGG,1000,0.05,0.6,0.35,5
AGGTCCGCAGGAATGC,2,0.05,0.6,0.35,5
AGGTCCGCATCGTCGG,7,0.05,0.6,0.35,5
AGGTCCGGTTCACGGC,1,0.05,0.6,0.35,5
AGGTCCGTCAGGTTCA,3,0.05,0.6,0.35,5
AGTAGTCAGAGGTACC,1,0.05,0.6,0.35,5
AGTAGTCCAAACGTGG,7,0.05,0.6,0.35,5
AGTAGTCCAATCTGCA,1,0.05,0.6,0.35,5
AGTAGTCCAATGGAAT,5,0.05,0.6,0.35,5
AGTAGTCCAGACTCGC,0,0.05,0.6,0.35,5
AGTAGTCGTCAGATAA,6,0.05,0.6,0.35,5
AGTAGTCGTGCATCTA,4,0.05,0.6,0.35,5
AGTAGTCGTGTCAATC,3,0.05,0.6,0.35,5
AGTAGTCTCAACCAAC,1000,0.05,0.6,0.35,5
AGTAGTCTCACTTACT,6,0.05,0.6,0.35,5
AGTAGTCTCCATGCTC,1,0.05,0.6,0.35,5
AGTAGTCTCCCAGGTG,5,0.05,0.6,0.35,5
AGTAGTCTCCTGTACC,1000,0.05,0.6,0.35,5
AGTCTTTAGAAAGTGG,1000,0.05,0.6,0.35,5
AGTCTTTAGACGCAAC,3,0.05,0.6,0.35,5
AGTCTTTAGGGAGTAA,1000,0.05,0.6,0.35,5
AGTCTTTAGTGGGCTA,5,0.05,0.6,0.35,5
AGTCTTTAGTGTCTCA,7,0.05,0.6,0.35,5
AGTCTTTCAATTGCTG,6,0.05,0.6,0.35,5
AGTCTTTCACGGCGTT,4,0.05,0.6,0.35,5
AGTCTTTCATGTCGAT,4,0.05,0.6,0.35,5
AGTCTTTGTCATGCAT,5,0.05,0.6,0.35,5
AGTCTTTGTCTCAACA,1,0.05,0.6,0.35,5
AGTCTTTTCAACGAAA,7,0.05,0.6,0.35,5
AGTCTTTTCCACGAAT,3,0.05,0.6,0.35,5
AGTCTTTTCCTTTACA,5,0.05,0.6,0.35,5
AGTGAGGAGATGAGAG,3,0.05,0.6,0.35,5
AGTGAGGGTGCAACGA,1,0.05,0.6,0.35,5
AGTGAGGGTTCACGGC,7,0.05,0.6,0.35,5
AGTGAGGTCAAAGTAG,2,0.05,0.6,0.35,5
AGTGAGGTCGGTTCGG,4,0.05,0.6,0.35,5
AGTGGGAAGACTGTAA,7,0.05,0.6,0.35,5
AGTGGGACATGCCTAA,0,0.05,0.6,0.35,5
AGTGGGAGTAAATACG,5,0.05,0.6,0.35,5
AGTGGGAGTAATCGTC,2,0.05,0.6,0.35,5
AGTGGGAGTACCGCTG,4,0.05,0.6,0.35,5
AGTGGGAGTTTGCATG,7,0.05,0.6,0.35,5
AGTGGGATCGCCTGTT,3,0.05,0.6,0.35,5
AGTGGGATCGTACGGC,6,0.05,0.6,0.35,5
AGTGGGATCTGCTTGC,4,0.05,0.6,0.35,5
AGTGTCAAGCGATATA,5,0.05,0.6,0.35,5
AGTGTCACAATGGACG,2,0.05,0.6,0.35,5
AGTGTCACAATGGATA,7,0.05,0.6,0.35,5
AGTGTCACAGATGGGT,3,0.05,0.6,0.35,5
AGTGTCAGTGTTTGGT,7,0.05,0.6,0.35,5
AGTGTCAGTTATCACG,1000,0.05,0.6,0.35,5
AGTGTCATCACGCGGT,3,0.05,0.6,0.35,5
AGTGTCATCCTTTACA,1,0.05,0.6,0.35,5
AGTGTCATCGTGGGAA,8,0.05,0.6,0.35,5
AGTTGGTAGAAACCGC,3,0.05,0.6,0.35,5
AGTTGGTAGTCTCAAC,1,0.05,0.6,0.35,5
AGTTGGTCAGATCTGT,5,0.05,0.6,0.35,5
AGTTGGTGTAAGCACG,6,0.05,0.6,0.35,5
AGTTGGTGTCGTGGCT,1000,0.05,0.6,0.35,5
AGTTGGTGTTACCGAT,1000,0.05,0.6,0.35,5
AGTTGGTTCACAAACC,7,0.05,0.6,0.35,5
AGTTGGTTCGTCTGAA,6,0.05,0.6,0.35,5
ATAACGCAGCGATCCC,7,0.05,0.6,0.35,5
ATAACGCCACAGATTC,8,0.05,0.6,0.35,5
ATAACGCCACGGATAG,1,0.05,0.6,0.35,5
ATAACGCCATCACGAT,6,0.05,0.6,0.35,5
ATAACGCCATCTCGCT,1,0.05,0.6,0.35,5
ATAACGCGTCGCGTGT,1,0.05,0.6,0.35,5
ATAACGCGTTCAGCGC,2,0.05,0.6,0.35,5
ATAACGCTCAATCACG,1000,0.05,0.6,0.35,5
ATAACGCTCGTCACGG,1,0.05,0.6,0.35,5
ATAAGAGAGGCTACGA,1000,0.05,0.6,0.35,5
ATAAGAGCAGATAATG,1,0.05,0.6,0.35,5
ATAAGAGCATGCCTAA,8,0.05,0.6,0.35,5
ATAAGAGCATGTAAGA,8,0.05,0.6,0.35,5
ATAAGAGTCATAAAGG,3,0.05,0.6,0.35,5
ATAAGAGTCGTCGTTC,4,0.05,0.6,0.35,5
ATAGACCAGCCGTCGT,5,0.05,0.6,0.35,5
ATAGACCAGCGTGAGT,8,0.05,0.6,0.35,5
ATAGACCCAAGCCGCT,1000,0.05,0.6,0.35,5
ATAGACCGTCCCGACA,6,0.05,0.6,0.35,5
ATAGACCGTCCGTCAG,8,0.05,0.6,0.35,5
ATAGACCGTCGCGAAA,3,0.05,0.6,0.35,5
ATAGACCGTGACCAAG,3,0.05,0.6,0.35,5
ATAGACCTCCAACCAA,1000,0.05,0.6,0.35,5
ATAGACCTCTATCGCC,7,0.05,0.6,0.35,5
ATCACGAAGACTACAA,3,0.05,0.6,0.35,5
ATCACGAAGATACACA,1000,0.05,0.6,0.35,5
ATCACGAAGGAATCGC,1,0.05,0.6,0.35,5
ATCACGAAGGATATAC,3,0.05,0.6,0.35,5
ATCACGAAGGTGCACA,1,0.05,0.6,0.35,5
ATCACGACAAAGTCAA,7,0.05,0.6,0.35,5
ATCACGACAAGTAATG,5,0.05,0.6,0.35,5
ATCACGACAAGTACCT,1000,0.05,0.6,0.35,5
ATCACGACAGGGTACA,4,0.05,0.6,0.35,5
ATCACGACAGTAACGG,3,0.05,0.6,0.35,5
ATCACGACATGTCCTC,2,0.05,0.6,0.35,5
ATCACGATCACGCATA,1,0.05,0.6,0.35,5
ATCACGATCAGCGACC,8,0.05,0.6,0.35,5
ATCACGATCTACGAGT,1000,0.05,0.6,0.35,5
ATCATCTAGAGGTAGA,6,0.05,0.6,0.35,5
ATCATCTAGATCCCAT,5,0.05,0.6,0.35,5
ATCATCTAGTGATCGG,1000,0.05,0.6,0.35,5
ATCATCTCATTACGAC,1,0.05,0.6,0.35,5
ATCATCTGTACTCTCC,6,0.05,0.6,0.35,5
ATCATCTGTGAAAGAG,5,0.05,0.6,0.35,5
ATCATCTGTGCAACGA,6,0.05,0.6,0.35,5
ATCATCTGTTGGTAAA,1,0.05,0.6,0.35,5
ATCATCTTCAAAGTAG,1,0.05,0.6,0.35,5
ATCATCTTCACGACTA,7,0.05,0.6,0.35,5
ATCATCTTCGATGAGG,3,0.05,0.6,0.35,5
ATCATGGAGAGAACAG,1,0.05,0.6,0.35,5
ATCATGGAGCTAGTCT,4,0.05,0.6,0.35,5
ATCATGGAGGGTATCG,1,0.05,0.6,0.35,5
ATCATGGAGTGTTTGC,2,0.05,0.6,0.35,5
ATCATGGCAAGGTGTG,1,0.05,0.6,0.35,5
ATCATGGCACCCAGTG,8,0.05,0.6,0.35,5
ATCATGGCATACGCCG,7,0.05,0.6,0.35,5
ATCATGGGTATTCTCT,4,0.05,0.6,0.35,5
ATCATGGGTTCCGGCA,7,0.05,0.6,0.35,5
ATCATGGTCGATAGAA,1,0.05,0.6,0.35,5
ATCATGGTCGGAGGTA,1,0.05,0.6,0.35,5
ATCATGGTCGTTTAGG,8,0.05,0.6,0.35,5
ATCCACCCAAGCTGAG,5,0.05,0.6,0.35,5
ATCCACCCAATGGAGC,1000,0.05,0.6,0.35,5
ATCCACCCAGCTGTGC,1,0.05,0.6,0.35,5
ATCCACCGTCTTGATG,7,0.05,0.6,0.35,5
ATCCACCGTGCAACGA,8,0.05,0.6,0.35,5
ATCCACCGTGCGCTTG,1000,0.05,0.6,0.35,5
ATCCACCGTTATCGGT,5,0.05,0.6,0.35,5
ATCCACCTCAGAGCTT,1,0.05,0.6,0.35,5
ATCCACCTCCTGCTTG,5,0.05,0.6,0.35,5
ATCCACCTCGAATCCA,1000,0.05,0.6,0.35,5
ATCCACCTCTCTGTCG,2,0.05,0.6,0.35,5
ATCCGAAAGAAGGACA,1000,0.05,0.6,0.35,5
ATCCGAAAGATCGATA,5,0.05,0.6,0.35,5
ATCCGAAAGCAGGTCA,3,0.05,0.6,0.35,5
ATCCGAAAGCGTGTCC,1,0.05,0.6,0.35,5
ATCCGAAAGGAGTTGC,4,0.05,0.6,0.35,5
ATCCGAACAATCAGAA,1,0.05,0.6,0.35,5
ATCCGAACACGGCCAT,1000,0.05,0.6,0.35,5
ATCCGAACAGTAACGG,1000,0.05,0.6,0.35,5
ATCCGAAGTCCCTACT,2,0.05,0.6,0.35,5
ATCCGAAGTCTAGTCA,7,0.05,0.6,0.35,5
ATCCGAAGTGACTACT,1,0.05,0.6,0.35,5
ATCCGAAGTGCACGAA,8,0.05,0.6,0.35,5
ATCCGAAGTGCTCTTC,1000,0.05,0.6,0.35,5
ATCCGAAGTTCCACTC,4,0.05,0.6,0.35,5
ATCCGAAGTTTCGCTC,3,0.05,0.6,0.35,5
ATCCGAATCAGTACGT,4,0.05,0.6,0.35,5
ATCCGAATCCAAATGC,7,0.05,0.6,0.35,5
ATCCGAATCCACGAAT,2,0.05,0.6,0.35,5
ATCCGAATCCGTACAA,1,0.05,0.6,0.35,5
ATCCGAATCCTCATTA,1000,0.05,0.6,0.35,5
ATCCGAATCTTGTCAT,4,0.05,0.6,0.35,5
ATCGAGTAGAGTTGGC,2,0.05,0.6,0.35,5
ATCGAGTAGCAGCCTC,6,0.05,0.6,0.35,5
ATCGAGTAGCTAGCCC,5,0.05,0.6,0.35,5
ATCGAGTAGTAGTGCG,1,0.05,0.6,0.35,5
ATCGAGTCAAATACAG,3,0.05,0.6,0.35,5
ATCGAGTCATCCTTGC,1000,0.05,0.6,0.35,5
ATCGAGTGTTATCGGT,4,0.05,0.6,0.35,5
ATCGAGTTCACTCTTA,6,0.05,0.6,0.35,5
ATCGAGTTCTTACCTA,7,0.05,0.6,0.35,5
ATCTACTAGAATAGGG,5,0.05,0.6,0.35,5
ATCTACTAGACTAGGC,5,0.05,0.6,0.35,5
ATCTACTAGAGGGCTT,1000,0.05,0.6,0.35,5
ATCTACTAGCCTCGTG,5,0.05,0.6,0.35,5
ATCTACTAGGAATGGA,7,0.05,0.6,0.35,5
ATCTACTAGGGTTTCT,1,0.05,0.6,0.35,5
ATCTACTCATCCGTGG,8,0.05,0.6,0.35,5
ATCTACTCATTCCTCG,1000,0.05,0.6,0.35,5
ATCTACTCATTCTCAT,6,0.05,0.6,0.35,5
ATCTACTGTATCGCAT,8,0.05,0.6,0.35,5
ATCTACTGTCAGATAA,5,0.05,0.6,0.35,5
ATCTACTTCAGTACGT,1000,0.05,0.6,0.35,5
ATCTACTTCATACGGT,6,0.05,0.6,0.35,5
ATCTACTTCCGTCAAA,7,0.05,0.6,0.35,5
ATCTACTTCTGTCTAT,7,0.05,0.6,0.35,5
ATCTGCCAGACTAGGC,5,0.05,0.6,0.35,5
ATCTGCCAGAGGTTGC,8,0.05,0.6,0.35,5
ATCTGCCAGAGTGACC,1,0.05,0.6,0.35,5
ATCTGCCAGGGTTCCC,1,0.05,0.6,0.35,5
ATCTGCCCACCATCCT,1000,0.05,0.6,0.35,5
ATCTGCCCACTAAGTC,4,0.05,0.6,0.35,5
ATCTGCCCAGCCAATT,5,0.05,0.6,0.35,5
ATCTGCCCAGCTCCGA,5,0.05,0.6,0.35,5
ATCTGCCCAGCTTCGG,1,0.05,0.6,0.35,5
ATCTGCCGTAAACACA,8,0.05,0.6,0.35,5
ATCTGCCGTCTCATCC,1000,0.05,0.6,0.35,5
ATCTGCCTCAAACCGT,3,0.05,0.6,0.35,5
ATCTGCCTCAGTTCGA,7,0.05,0.6,0.35,5
ATGAGGGAGCAACGGT,8,0.05,0.6,0.35,5
ATGAGGGGTAATCACC,3,0.05,0.6,0.35,5
ATGAGGGGTAGCAAAT,4,0.05,0.6,0.35,5
ATGAGGGGTAGCGTCC,3,0.05,0.6,0.35,5
ATGAGGGGTCCCTACT,0,0.05,0.6,0.35,5
ATGAGGGGTCCTGCTT,8,0.05,0.6,0.35,5
ATGAGGGGTCGTTGTA,7,0.05,0.6,0.35,5
ATGAGGGGTCTCCATC,1,0.05,0.6,0.35,5
ATGAGGGGTGCACCAC,1000,0.05,0.6,0.35,5
ATGAGGGGTTAAAGTG,1,0.05,0.6,0.35,5
ATGAGGGGTTAAGATG,8,0.05,0.6,0.35,5
ATGAGGGGTTGCGCAC,5,0.05,0.6,0.35,5
ATGAGGGTCAGGCCCA,3,0.05,0.6,0.35,5
ATGCGATAGATCACGG,2,0.05,0.6,0.35,5
ATGCGATAGGAGTTGC,5,0.05,0.6,0.35,5
ATGCGATAGTGACTCT,8,0.05,0.6,0.35,5
ATGCGATCAAGTAGTA,8,0.05,0.6,0.35,5
ATGCGATGTTGTGGAG,1,0.05,0.6,0.35,5
ATGCGATTCAGCTCTC,1000,0.05,0.6,0.35,5
ATGCGATTCCACTGGG,7,0.05,0.6,0.35,5
ATGCGATTCTACCAGA,3,0.05,0.6,0.35,5
ATGGGAGAGAGGGATA,2,0.05,0.6,0.35,5
ATGGGAGAGATGGGTC,5,0.05,0.6,0.35,5
ATGGGAGAGTCAATAG,8,0.05,0.6,0.35,5
ATGGGAGAGTCTCAAC,5,0.05,0.6,0.35,5
ATGGGAGAGTGAACGC,6,0.05,0.6,0.35,5
ATGGGAGCACATTCGA,5,0.05,0.6,0.35,5
ATGGGAGCAGTCGATT,7,0.05,0.6,0.35,5
ATGGGAGCATGCTAGT,4,0.05,0.6,0.35,5
ATGGGAGGTAGCAAAT,6,0.05,0.6,0.35,5
ATGGGAGGTGTCTGAT,1000,0.05,0.6,0.35,5
ATGTGTGAGAAGATTC,4,0.05,0.6,0.35,5
ATGTGTGAGCTGAACG,5,0.05,0.6,0.35,5
ATGTGTGCAATGTAAG,1000,0.05,0.6,0.35,5
ATGTGTGCACAGGTTT,7,0.05,0.6,0.35,5
ATGTGTGCACGCCAGT,4,0.05,0.6,0.35,5
ATGTGTGCATAGAAAC,3,0.05,0.6,0.35,5
ATGTGTGCATGGTCTA,1000,0.05,0.6,0.35,5
ATGTGTGTCAGGCAAG,1,0.05,0.6,0.35,5
ATGTGTGTCCACGACG,7,0.05,0.6,0.35,5
ATGTGTGTCCCTAACC,8,0.05,0.6,0.35,5
ATGTGTGTCTATCGCC,6,0.05,0.6,0.35,5
ATTACTCAGGAGTTGC,8,0.05,0.6,0.35,5
ATTACTCCACCTGGTG,1,0.05,0.6,0.35,5
ATTACTCCACGCATCG,2,0.05,0.6,0.35,5
ATTACTCCACTTAAGC,3,0.05,0.6,0.35,5
ATTACTCGTAAATGAC,3,0.05,0.6,0.35,5
ATTACTCGTAGCGATG,0,0.05,0.6,0.35,5
ATTACTCGTATTACCG,4,0.05,0.6,0.35,5
ATTACTCGTTCCACTC,1000,0.05,0.6,0.35,5
ATTACTCTCACAACGT,3,0.05,0.6,0.35,5
ATTACTCTCATGCTCC,4,0.05,0.6,0.35,5
ATTACTCTCCAGAAGG,5,0.05,0.6,0.35,5
ATTACTCTCCAGTAGT,4,0.05,0.6,0.35,5
ATTACTCTCGGAAATA,4,0.05,0.6,0.35,5
ATTACTCTCGGTTAAC,1000,0.05,0.6,0.35,5
ATTACTCTCTCGCTTG,1000,0.05,0.6,0.35,5
ATTATCCAGTAGGCCA,1000,0.05,0.6,0.35,5
ATTATCCAGTTACGGG,1000,0.05,0.6,0.35,5
ATTATCCCAGCGTAAG,1,0.05,0.6,0.35,5
ATTATCCCAGGAACGT,5,0.05,0.6,0.35,5
ATTATCCGTCCGTTAA,5,0.05,0.6,0.35,5
ATTATCCGTCTCTTAT,3,0.05,0.6,0.35,5
ATTATCCGTGTCCTCT,5,0.05,0.6,0.35,5
ATTATCCTCAACGCTA,1,0.05,0.6,0.35,5
ATTATCCTCGCAGGCT,3,0.05,0.6,0.35,5
ATTCTACAGAGTGAGA,4,0.05,0.6,0.35,5
ATTCTACAGATGTGGC,2,0.05,0.6,0.35,5
ATTCTACAGCCACTAT,1,0.05,0.6,0.35,5
ATTCTACAGTGCAAGC,6,0.05,0.6,0.35,5
ATTCTACAGTGGCACA,3,0.05,0.6,0.35,5
ATTCTACAGTTGAGAT,8,0.05,0.6,0.35,5
ATTCTACAGTTGTAGA,5,0.05,0.6,0.35,5
ATTCTACCAAGCGATG,1000,0.05,0.6,0.35,5
ATTCTACCAAGGACAC,4,0.05,0.6,0.35,5
ATTCTACCACATTCGA,1000,0.05,0.6,0.35,5
ATTCTACCAGATAATG,7,0.05,0.6,0.35,5
ATTCTACGTCATATGC,1000,0.05,0.6,0.35,5
ATTCTACGTTAGGGTG,4,0.05,0.6,0.35,5
ATTCTACTCATCTGCC,8,0.05,0.6,0.35,5
ATTCTACTCCAAAGTC,7,0.05,0.6,0.35,5
ATTCTACTCTTACCTA,2,0.05,0.6,0.35,5
ATTGGACAGCTTCGCG,7,0.05,0.6,0.35,5
ATTGGACCAAAGTCAA,3,0.05,0.6,0.35,5
ATTGGACCACCGGAAA,4,0.05,0.6,0.35,5
ATTGGACCAGGATCGA,6,0.05,0.6,0.35,5
ATTGGACGTCCAGTTA,2,0.05,0.6,0.35,5
ATTGGACGTTCACGGC,6,0.05,0.6,0.35,5
ATTGGACTCCACGACG,6,0.05,0.6,0.35,5
ATTGGACTCGGCGCAT,7,0.05,0.6,0.35,5
ATTGGACTCTTGAGGT,8,0.05,0.6,0.35,5
ATTGGACTCTTTAGTC,5,0.05,0.6,0.35,5
ATTGGTGAGGATTCGG,6,0.05,0.6,0.35,5
ATTGGTGAGTCGTACT,3,0.05,0.6,0.35,5
ATTGGTGCAGCCAATT,1,0.05,0.6,0.35,5
ATTGGTGCAGGGTTAG,7,0.05,0.6,0.35,5
ATTGGTGGTACTTCTT,5,0.05,0.6,0.35,5
ATTGGTGGTAGGGTAC,1,0.05,0.6,0.35,5
ATTGGTGGTTCCCTTG,1,0.05,0.6,0.35,5
ATTGGTGGTTCCGTCT,1000,0.05,0.6,0.35,5
ATTTCTGAGAAGGTGA,7,0.05,0.6,0.35,5
ATTTCTGAGCTCAACT,7,0.05,0.6,0.35,5
ATTTCTGAGCTGCAAG,7,0.05,0.6,0.35,5
ATTTCTGCACTTGGAT,2,0.05,0.6,0.35,5
ATTTCTGCAGTTCCCT,8,0.05,0.6,0.35,5
ATTTCTGGTAGCTGCC,3,0.05,0.6,0.35,5
ATTTCTGGTCGAACAG,6,0.05,0.6,0.35,5
ATTTCTGTCACTTCAT,2,0.05,0.6,0.35,5
ATTTCTGTCAGCACAT,3,0.05,0.6,0.35,5
ATTTCTGTCATTGCCC,8,0.05,0.6,0.35,5
ATTTCTGTCGCTTGTC,4,0.05,0.6,0.35,5
ATTTCTGTCGGTGTCG,1,0.05,0.6,0.35,5
CAACCAAAGAACAACT,1,0.05,0.6,0.35,5
CAACCAAAGAAGGGTA,7,0.05,0.6,0.35,5
CAACCAAAGGCATGTG,4,0.05,0.6,0.35,5
CAACCAAAGTCTCGGC,1000,0.05,0.6,0.35,5
CAACCAACAACGATGG,8,0.05,0.6,0.35,5
CAACCAACATGAAGTA,8,0.05,0.6,0.35,5
CAACCAAGTCGCTTTC,7,0.05,0.6,0.35,5
CAACCAATCACGCATA,3,0.05,0.6,0.35,5
CAACCAATCTCTGTCG,4,0.05,0.6,0.35,5
CAACCTCAGGCAAAGA,6,0.05,0.6,0.35,5
CAACCTCAGGCTCATT,7,0.05,0.6,0.35,5
CAACCTCAGTCTCCTC,3,0.05,0.6,0.35,5
CAACCTCCAGGTCCAC,3,0.05,0.6,0.35,5
CAACCTCGTAGATTAG,1000,0.05,0.6,0.35,5
CAACCTCGTGCAACGA,6,0.05,0.6,0.35,5
CAACCTCTCCCTAATT,1,0.05,0.6,0.35,5
CAACCTCTCCTAGTGA,1,0.05,0.6,0.35,5
CAACCTCTCTCTGAGA,2,0.05,0.6,0.35,5
CAACTAGAGAGGGATA,1,0.05,0.6,0.35,5
CAACTAGAGGCACATG,8,0.05,0.6,0.35,5
CAACTAGAGGTGTTAA,3,0.05,0.6,0.35,5
CAACTAGCAAATACAG,6,0.05,0.6,0.35,5
CAACTAGCAAGCTGTT,5,0.05,0.6,0.35,5
CAACTAGCAGTCCTTC,1000,0.05,0.6,0.35,5
CAACTAGCAGTGGAGT,1,0.05,0.6,0.35,5
CAACTAGCATTGGTAC,4,0.05,0.6,0.35,5
CAACTAGGTCACAAGG,5,0.05,0.6,0.35,5
CAACTAGGTCCGAATT,0,0.05,0.6,0.35,5
CAACTAGTCACATGCA,8,0.05,0.6,0.35,5
CAACTAGTCCGCGCAA,1000,0.05,0.6,0.35,5
CAAGAAAAGACAGACC,3,0.05,0.6,0.35,5
CAAGAAAAGAGGTTGC,3,0.05,0.6,0.35,5
CAAGAAAAGGTGCACA,1000,0.05,0.6,0.35,5
CAAGAAACAAGGTGTG,1000,0.05,0.6,0.35,5
CAAGAAACACCACCAG,1000,0.05,0.6,0.35,5
CAAGAAACAGCTGGCT,1,0.05,0.6,0.35,5
CAAGAAACATATGAGA,8,0.05,0.6,0.35,5
CAAGAAACATGTCGAT,4,0.05,0.6,0.35,5
CAAGAAAGTTCCAACA,5,0.05,0.6,0.35,5
CAAGAAATCACGAAGG,2,0.05,0.6,0.35,5
CAAGAAATCCAGTAGT,5,0.05,0.6,0.35,5
CAAGAAATCTTGTCAT,8,0.05,0.6,0.35,5
CAAGATCAGAAGGGTA,2,0.05,0.6,0.35,5
CAAGATCAGACCTAGG,8,0.05,0.6,0.35,5
CAAGATCAGGCCATAG,7,0.05,0.6,0.35,5
CAAGATCAGTATTGGA,6,0.05,0.6,0.35,5
CAAGATCAGTCGCCGT,5,0.05,0.6,0.35,5
CAAGATCAGTGTCCCG,4,0.05,0.6,0.35,5
CAAGATCCAAAGAATC,4,0.05,0.6,0.35,5
CAAGATCCAAGGACAC,8,0.05,0.6,0.35,5
CAAGATCCATCTACGA,1,0.05,0.6,0.35,5
CAAGATCGTATATGGA,7,0.05,0.6,0.35,5
CAAGATCGTCCGAAGA,6,0.05,0.6,0.35,5
CAAGATCGTCCTGCTT,0,0.05,0.6,0.35,5
CAAGATCGTGCGGTAA,8,0.05,0.6,0.35,5
CAAGATCTCAAGGTAA,8,0.05,0.6,0.35,5
CAAGATCTCTCCAGGG,5,0.05,0.6,0.35,5
CAAGATCTCTTCGAGA,1,0.05,0.6,0.35,5
CAAGATCTCTTGGGTA,1,0.05,0.6,0.35,5
CAAGGCCAGACAATAC,1,0.05,0.6,0.35,5
CAAGGCCAGAGCTATA,1,0.05,0.6,0.35,5
CAAGGCCAGGCGCTCT,4,0.05,0.6,0.35,5
CAAGGCCAGTGTCCAT,1000,0.05,0.6,0.35,5
CAAGGCCCAATGAAAC,6,0.05,0.6,0.35,5
CAAGGCCCACACATGT,7,0.05,0.6,0.35,5
CAAGGCCCACAGTCGC,1,0.05,0.6,0.35,5
CAAGGCCCAGACAGGT,4,0.05,0.6,0.35,5
CAAGGCCGTAAACCTC,1,0.05,0.6,0.35,5
CAAGGCCGTGTTCTTT,5,0.05,0.6,0.35,5
CAAGGCCGTTAAAGAC,1,0.05,0.6,0.35,5
CAAGGCCTCCTGCCAT,1,0.05,0.6,0.35,5
CAAGGCCTCCTGTACC,4,0.05,0.6,0.35,5
CAAGGCCTCTGCGTAA,3,0.05,0.6,0.35,5
CAAGGCCTCTTGGGTA,4,0.05,0.6,0.35,5
CAAGTTGAGAGGTTAT,1000,0.05,0.6,0.35,5
CAAGTTGAGCAGACTG,8,0.05,0.6,0.35,5
CAAGTTGAGCCTATGT,0,0.05,0.6,0.35,5
CAAGTTGCAATAGCGG,1000,0.05,0.6,0.35,5
CAAGTTGCAATGAAAC,5,0.05,0.6,0.35,5
CAAGTTGCACATGTGT,1,0.05,0.6,0.35,5
CAAGTTGGTCATGCAT,5,0.05,0.6,0.35,5
CAAGTTGGTCGCGGTT,3,0.05,0.6,0.35,5
CAAGTTGGTTCCGTCT,1,0.05,0.6,0.35,5
CAAGTTGTCCAACCAA,5,0.05,0.6,0.35,5
CAAGTTGTCCTCGCAT,6,0.05,0.6,0.35,5
CAAGTTGTCGTGGTCG,1000,0.05,0.6,0.35,5
CAAGTTGTCTCTGCTG,5,0.05,0.6,0.35,5
CACAAACAGGTACTCT,3,0.05,0.6,0.35,5
CACAAACAGGTCATCT,1,0.05,0.6,0.35,5
CACAAACAGTGACATA,7,0.05,0.6,0.35,5
CACAAACCAAGTTGTC,4,0.05,0.6,0.35,5
CACAAACCATACGCTA,8,0.05,0.6,0.35,5
CACAAACCATACTACG,6,0.05,0.6,0.35,5
CACAAACCATTCACTT,4,0.05,0.6,0.35,5
CACAAACGTCCAGTGC,7,0.05,0.6,0.35,5
CACAAACGTCCGCTGA,3,0.05,0.6,0.35,5
CACAAACGTGATGTCT,1000,0.05,0.6,0.35,5
CACAAACTCAGTTGAC,4,0.05,0.6,0.35,5
CACAAACTCCAACCAA,8,0.05,0.6,0.35,5
CACAAACTCCTCATTA,1,0.05,0.6,0.35,5
CACAAACTCGGCGCTA,4,0.05,0.6,0.35,5
CACACAAAGATCGATA,1000,0.05,0.6,0.35,5
CACACAAAGCTAAGAT,3,0.05,0.6,0.35,5
CACACAAAGCTACCGC,5,0.05,0.6,0.35,5
CACACAAAGGCACATG,8,0.05,0.6,0.35,5
CACACAACAAGCTGAG,6,0.05,0.6,0.35,5
CACACAACAGCGTCCA,5,0.05,0.6,0.35,5
CACACAACATATACGC,6,0.05,0.6,0.35,5
CACACAAGTAGAAGGA,1,0.05,0.6,0.35,5
CACACAAGTCAGGACA,5,0.05,0.6,0.35,5
CACACAATCATAAAGG,1000,0.05,0.6,0.35,5
CACACAATCATAGCAC,1,0.05,0.6,0.35,5
CACACAATCCAATGGT,0,0.05,0.6,0.35,5
CACACAATCGTACCGG,4,0.05,0.6,0.35,5
CACACCTAGCTTATCG,5,0.05,0.6,0.35,5
CACACCTAGGTCATCT,0,0.05,0.6,0.35,5
CACACCTAGTACATGA,3,0.05,0.6,0.35,5
CACACCTCAAACCTAC,1,0.05,0.6,0.35,5
CACACCTCAAGGTTTC,3,0.05,0.6,0.35,5
CACACCTGTACAGACG,1,0.05,0.6,0.35,5
CACACCTGTCTTCGTC,8,0.05,0.6,0.35,5
CACACCTGTGAACCTT,1,0.05,0.6,0.35,5
CACACCTGTGTTTGGT,3,0.05,0.6,0.35,5
CACACCTTCACAAACC,1,0.05,0.6,0.35,5
CACACCTTCGGCGCTA,4,0.05,0.6,0.35,5
CACACCTTCTCAAACG,3,0.05,0.6,0.35,5
CACACTCGTACTCTCC,3,0.05,0.6,0.35,5
CACACTCGTCATCGGC,1000,0.05,0.6,0.35,5
CACACTCGTTAAGATG,2,0.05,0.6,0.35,5
CACACTCGTTGGTAAA,8,0.05,0.6,0.35,5
CACACTCTCAGGCAAG,3,0.05,0.6,0.35,5
CACACTCTCTCAAACG,1,0.05,0.6,0.35,5
CACACTCTCTCCGGTT,8,0.05,0.6,0.35,5
CACACTCTCTTGAGGT,1000,0.05,0.6,0.35,5
CACACTCTCTTGTTTG,8,0.05,0.6,0.35,5
CACAGGCAGCTGCAAG,0,0.05,0.6,0.35,5
CACAGGCAGTCATCCA,2,0.05,0.6,0.35,5
CACAGGCAGTGTACGG,6,0.05,0.6,0.35,5
CACAGGCCACCATCCT,4,0.05,0.6,0.35,5
CACAGGCCAGATTGCT,4,0.05,0.6,0.35,5
CACAGGCCAGCATGAG,7,0.05,0.6,0.35,5
CACAGGCGTGTGGCTC,8,0.05,0.6,0.35,5
CACAGGCGTTCGGGCT,1000,0.05,0.6,0.35,5
CACAGGCTCTAACTCT,5,0.05,0.6,0.35,5
CACAGTAAGACGCAAC,8,0.05,0.6,0.35,5
CACAGTACAAGCCGCT,5,0.05,0.6,0.35,5
CACAGTACAGACTCGC,7,0.05,0.6,0.35,5
CACAGTACATTCCTCG,1000,0.05,0.6,0.35,5
CACAGTAGTGGCTCCA,6,0.05,0.6,0.35,5
CACAGTAGTTTACTCT,8,0.05,0.6,0.35,5
CACAGTATCAACGCTA,7,0.05,0.6,0.35,5
CACAGTATCCTATGTT,2,0.05,0.6,0.35,5
CACAGTATCCTGCAGG,8,0.05,0.6,0.35,5
CACAGTATCCTTGGTC,1,0.05,0.6,0.35,5
CACAGTATCTGCGACG,7,0.05,0.6,0.35,5
CACATAGAGACCCACC,8,0.05,0.6,0.35,5
CACATAGAGGATGGAA,1,0.05,0.6,0.35,5
CACATAGCACTAGTAC,0,0.05,0.6,0.35,5
CACATAGCAGACGCTC,5,0.05,0.6,0.35,5
CACATAGGTCAGGACA,7,0.05,0.6,0.35,5
CACATAGTCAGCCTAA,1000,0.05,0.6,0.35,5
CACATAGTCATAGCAC,3,0.05,0.6,0.35,5
CACATAGTCGCGTAGC,1,0.05,0.6,0.35,5
CACATAGTCTAACCGA,7,0.05,0.6,0.35,5
CACATTTAGAGTACAT,1000,0.05,0.6,0.35,5
CACATTTAGATGTTAG,1000,0.05,0.6,0.35,5
CACATTTCAATTCCTT,7,0.05,0.6,0.35,5
CACATTTCACAGATTC,6,0.05,0.6,0.35,5
CACATTTGTAAGGGCT,1000,0.05,0.6,0.35,5
CACATTTGTGACTCAT,7,0.05,0.6,0.35,5
CACATTTTCGTATCAG,6,0.05,0.6,0.35,5
CACCACTAGAGATGAG,5,0.05,0.6,0.35,5
CACCACTAGGGTCGAT,2,0.05,0.6,0.35,5
CACCACTAGGTTCCTA,5,0.05,0.6,0.35,5
CACCACTAGTGGAGAA,1,0.05,0.6,0.35,5
CACCACTAGTTACCCA,1000,0.05,0.6,0.35,5
CACCACTCACACCGAC,7,0.05,0.6,0.35,5
CACCACTCATCCAACA,1,0.05,0.6,0.35,5
CACCACTTCGCCGTGA,1,0.05,0.6,0.35,5
CACCACTTCGTAGGTT,2,0.05,0.6,0.35,5
CACCACTTCTGCGACG,4,0.05,0.6,0.35,5
CACCAGGAGAACAACT,1,0.05,0.6,0.35,5
CACCAGGAGGAACTGC,2,0.05,0.6,0.35,5
CACCAGGAGGGAAACA,1,0.05,0.6,0.35,5
CACCAGGAGTAATCCC,3,0.05,0.6,0.35,5
CACCAGGCAAGCCGTC,3,0.05,0.6,0.35,5
CACCAGGCAAGTCTAC,3,0.05,0.6,0.35,5
CACCAGGCAGCTGGCT,8,0.05,0.6,0.35,5
CACCAGGGTGTAATGA,6,0.05,0.6,0.35,5
CACCAGGTCAACACTG,5,0.05,0.6,0.35,5
CACCAGGTCATTGCGA,1000,0.05,0.6,0.35,5
CACCAGGTCTCACATT,5,0.05,0.6,0.35,5
CACCTTGAGACAGAGA,7,0.05,0.6,0.35,5
CACCTTGAGTCCCACG,3,0.05,0.6,0.35,5
CACCTTGCACCCATTC,0,0.05,0.6,0.35,5
CACCTTGGTAAGGGCT,3,0.05,0.6,0.35,5
CACCTTGGTAGCGTGA,5,0.05,0.6,0.35,5
CACCTTGGTCTAGCCG,6,0.05,0.6,0.35,5
CACCTTGGTCTCCACT,6,0.05,0.6,0.35,5
CACCTTGGTGTTCGAT,1,0.05,0.6,0.35,5
CACCTTGGTTCGGCAC,1000,0.05,0.6,0.35,5
CACCTTGTCTCTAGGA,1,0.05,0.6,0.35,5
CACTCCAAGCTCTCGG,6,0.05,0.6,0.35,5
CACTCCAAGGTACTCT,2,0.05,0.6,0.35,5
CACTCCACAGGGATTG,6,0.05,0.6,0.35,5
CACTCCACATTTCAGG,1000,0.05,0.6,0.35,5
CACTCCACATTTGCTT,1,0.05,0.6,0.35,5
CACTCCAGTTGGTGGA,8,0.05,0.6,0.35,5
CACTCCATCAGTTTGG,1000,0.05,0.6,0.35,5
CACTCCATCCGAACGC,5,0.05,0.6,0.35,5
CAGAATCAGTGTACGG,1,0.05,0.6,0.35,5
CAGAATCCACTCTGTC,1,0.05,0.6,0.35,5
CAGAATCCATGTAGTC,1,0.05,0.6,0.35,5
CAGAATCGTACTTCTT,5,0.05,0.6,0.35,5
CAGAATCGTCCGAAGA,1,0.05,0.6,0.35,5
CAGAATCTCAACTCTT,3,0.05,0.6,0.35,5
CAGAGAGAGAGGACGG,3,0.05,0.6,0.35,5
CAGAGAGAGATGCGAC,2,0.05,0.6,0.35,5
CAGAGAGAGCAAATCA,4,0.05,0.6,0.35,5
CAGAGAGCAAGGACAC,5,0.05,0.6,0.35,5
CAGAGAGCAAGGCTCC,1,0.05,0.6,0.35,5
CAGAGAGCACGGCTAC,7,0.05,0.6,0.35,5
CAGAGAGGTCACAAGG,1,0.05,0.6,0.35,5
CAGAGAGGTCGGATCC,7,0.05,0.6,0.35,5
CAGAGAGGTGCTTCTC,1000,0.05,0.6,0.35,5
CAGAGAGGTGGTGTAG,5,0.05,0.6,0.35,5
CAGAGAGGTGTGCCTG,6,0.05,0.6,0.35,5
CAGAGAGTCAGTGTTG,1000,0.05,0.6,0.35,5
CAGAGAGTCGAGCCCA,7,0.05,0.6,0.35,5
CAGAGAGTCTGGTGTA,1,0.05,0.6,0.35,5
CAGATCAAGAAGGACA,4,0.05,0.6,0.35,5
CAGATCAAGGTGATAT,8,0.05,0.6,0.35,5
CAGATCACACTTCGAA,1000,0.05,0.6,0.35,5
CAGATCACATGTAGTC,4,0.05,0.6,0.35,5
CAGATCATCGTTACAG,1,0.05,0.6,0.35,5
CAGCAGCAGACTCGGA,3,0.05,0.6,0.35,5
CAGCAGCAGCGGATCA,5,0.05,0.6,0.35,5
CAGCAGCAGCTAAACA,4,0.05,0.6,0.35,5
CAGCAGCAGGCAGTCA,1,0.05,0.6,0.35,5
CAGCAGCAGTACGCCC,2,0.05,0.6,0.35,5
CAGCAGCAGTTGTAGA,2,0.05,0.6,0.35,5
CAGCAGCCAAAGGCGT,1,0.05,0.6,0.35,5
CAGCAGCCACTGTCGG,8,0.05,0.6,0.35,5
CAGCAGCCAGCGTTCG,2,0.05,0.6,0.35,5
CAGCAGCCAGTAACGG,0,0.05,0.6,0.35,5
CAGCATAAGAACTGTA,7,0.05,0.6,0.35,5
CAGCATAAGCAGCCTC,7,0.05,0.6,0.35,5
CAGCATAAGCGGCTTC,5,0.05,0.6,0.35,5
CAGCATAAGCTACCGC,2,0.05,0.6,0.35,5
CAGCATAAGGAGTCTG,8,0.05,0.6,0.35,5
CAGCATAAGTGCCATT,8,0.05,0.6,0.35,5
CAGCATACACCGAATT,5,0.05,0.6,0.35,5
CAGCATACAGACGCTC,7,0.05,0.6,0.35,5
CAGCATAGTGTGTGCC,2,0.05,0.6,0.35,5
CAGCATATCAGTTCGA,2,0.05,0.6,0.35,5
CAGCATATCCAACCAA,5,0.05,0.6,0.35,5
CAGCATATCCATGAGT,6,0.05,0.6,0.35,5
CAGCCGAAGGGCTTGA,1000,0.05,0.6,0.35,5
CAGCCGACAGGTGCCT,6,0.05,0.6,0.35,5
CAGCCGAGTCATATCG,3,0.05,0.6,0.35,5
CAGCCGAGTTTCCACC,1000,0.05,0.6,0.35,5
CAGCCGAGTTTGTGTG,5,0.05,0.6,0.35,5
CAGCCGATCAAGATCC,2,0.05,0.6,0.35,5
CAGCCGATCCGTACAA,4,0.05,0.6,0.35,5
CAGCGACAGACACGAC,1,0.05,0.6,0.35,5
CAGCGACAGATGCCAG,3,0.05,0.6,0.35,5
CAGCGACAGCAATCTC,8,0.05,0.6,0.35,5
CAGCGACAGTCATGCT,4,0.05,0.6,0.35,5
CAGCGACAGTTGTAGA,8,0.05,0.6,0.35,5
CAGCGACAGTTTAGGA,1,0.05,0.6,0.35,5
CAGCGACCACAAGTAA,6,0.05,0.6,0.35,5
CAGCGACCACATGGGA,5,0.05,0.6,0.35,5
CAGCGACCAGGCTGAA,7,0.05,0.6,0.35,5
CAGCGACGTCGGCATC,6,0.05,0.6,0.35,5
CAGCGACGTCTGCCAG,5,0.05,0.6,0.35,5
CAGCGACGTTACGACT,8,0.05,0.6,0.35,5
CAGCGACTCAAGGTAA,1,0.05,0.6,0.35,5
CAGCGACTCACCATAG,5,0.05,0.6,0.35,5
CAGCGACTCAGGCGAA,7,0.05,0.6,0.35,5
CAGCGACTCTCGATGA,7,0.05,0.6,0.35,5
CAGCTAAAGCTAGTTC,2,0.05,0.6,0.35,5
CAGCTAAAGGCATGGT,8,0.05,0.6,0.35,5
CAGCTAAAGTGTCCCG,4,0.05,0.6,0.35,5
CAGCTAAGTCAAGCGA,5,0.05,0.6,0.35,5
CAGCTAAGTCTCCATC,8,0.05,0.6,0.35,5
CAGCTAAGTGTTAAGA,7,0.05,0.6,0.35,5
CAGCTAATCAACACAC,1,0.05,0.6,0.35,5
CAGCTAATCAGCACAT,3,0.05,0.6,0.35,5
CAGCTAATCTGGGCCA,6,0.05,0.6,0.35,5
CAGCTGGAGCTAACTC,7,0.05,0.6,0.35,5
CAGCTGGCACCATCCT,5,0.05,0.6,0.35,5
CAGCTGGCACCTCGTT,8,0.05,0.6,0.35,5
CAGCTGGCATTTCACT,1,0.05,0.6,0.35,5
CAGCTGGGTAAATGTG,5,0.05,0.6,0.35,5
CAGCTGGGTAACGCGA,8,0.05,0.6,0.35,5
CAGCTGGGTTGTCGCG,4,0.05,0.6,0.35,5
CAGCTGGTCCAAAGTC,7,0.05,0.6,0.35,5
CAGGTGCAGACCTTTG,6,0.05,0.6,0.35,5
CAGGTGCAGAGGTTGC,7,0.05,0.6,0.35,5
CAGGTGCAGCAGCCTC,4,0.05,0.6,0.35,5
CAGGTGCAGCCACGTC,6,0.05,0.6,0.35,5
CAGGTGCAGGAGTTGC,4,0.05,0.6,0.35,5
CAGGTGCCAACTGGCC,4,0.05,0.6,0.35,5
CAGGTGCCAGTAAGCG,5,0.05,0.6,0.35,5
CAGGTGCGTCTAAAGA,3,0.05,0.6,0.35,5
CAGGTGCGTGCACGAA,7,0.05,0.6,0.35,5
CAGGTGCTCCGCGTTT,5,0.05,0.6,0.35,5
CAGGTGCTCCTCAATT,1,0.05,0.6,0.35,5
CAGGTGCTCTGTGCAA,2,0.05,0.6,0.35,5
CAGGTGCTCTTAGCCC,7,0.05,0.6,0.35,5
CAGTAACAGATCCTGT,8,0.05,0.6,0.35,5
CAGTAACAGGCCCTCA,6,0.05,0.6,0.35,5
CAGTAACAGTAGCGGT,7,0.05,0.6,0.35,5
CAGTAACCAATAGCGG,6,0.05,0.6,0.35,5
CAGTAACCACAGCCCA,7,0.05,0.6,0.35,5
CAGTAACCAGTCTTCC,5,0.05,0.6,0.35,5
CAGTAACTCAGTGTTG,1000,0.05,0.6,0.35,5
CAGTAACTCATTGCCC,1,0.05,0.6,0.35,5
CAGTAACTCGGAGCAA,4,0.05,0.6,0.35,5
CAGTAACTCGTGGGAA,5,0.05,0.6,0.35,5
CAGTAACTCTACTATC,7,0.05,0.6,0.35,5
CAGTAACTCTCGCTTG,2,0.05,0.6,0.35,5
CAGTAACTCTGATACG,1,0.05,0.6,0.35,5
CAGTCCTAGAATGTTG,1,0.05,0.6,0.35,5
CAGTCCTAGAGTGACC,3,0.05,0.6,0.35,5
CAGTCCTAGCACAGGT,1,0.05,0.6,0.35,5
CAGTCCTCAAACTGTC,6,0.05,0.6,0.35,5
CAGTCCTGTAAGAGAG,8,0.05,0.6,0.35,5
CAGTCCTGTCTCCATC,1,0.05,0.6,0.35,5
CAGTCCTGTGTCTGAT,5,0.05,0.6,0.35,5
CAGTCCTTCGCCAAAT,6,0.05,0.6,0.35,5
CAGTCCTTCTTTAGTC,8,0.05,0.6,0.35,5
CATATGGAGATCGGGT,1000,0.05,0.6,0.35,5
CATATGGAGGGTGTGT,6,0.05,0.6,0.35,5
CATATGGAGTACGCGA,3,0.05,0.6,0.35,5
CATATGGAGTAGGTGC,2,0.05,0.6,0.35,5
CATATGGGTACTCGCG,1,0.05,0.6,0.35,5
CATATGGGTCGTTGTA,5,0.05,0.6,0.35,5
CATATTCAGAGCAATT,2,0.05,0.6,0.35,5
CATATTCAGCACCGTC,5,0.05,0.6,0.35,5
CATATTCAGCCAGAAC,2,0.05,0.6,0.35,5
CATATTCAGCGTGTCC,7,0.05,0.6,0.35,5
CATATTCCACCCTATC,5,0.05,0.6,0.35,5
CATATTCCAGGACCCT,4,0.05,0.6,0.35,5
CATATTCCAGGATTGG,8,0.05,0.6,0.35,5
CATATTCCAGTAAGAT,3,0.05,0.6,0.35,5
CATATTCGTCAAACTC,8,0.05,0.6,0.35,5
CATATTCGTCCCTACT,1,0.05,0.6,0.35,5
CATATTCGTGTTAAGA,5,0.05,0.6,0.35,5
CATATTCGTTTGGCGC,7,0.05,0.6,0.35,5
CATATTCTCATCTGCC,1000,0.05,0.6,0.35,5
CATATTCTCATTGCCC,4,0.05,0.6,0.35,5
CATATTCTCGATAGAA,1,0.05,0.6,0.35,5
CATATTCTCGTCGTTC,5,0.05,0.6,0.35,5
CATATTCTCTACCAGA,3,0.05,0.6,0.35,5
CATATTCTCTTGCCGT,4,0.05,0.6,0.35,5
CATCAAGAGCTGTTCA,2,0.05,0.6,0.35,5
CATCAAGAGGGCACTA,1000,0.05,0.6,0.35,5
CATCAAGAGTCCCACG,0,0.05,0.6,0.35,5
CATCAAGAGTGCTGCC,4,0.05,0.6,0.35,5
CATCAAGCAGATTGCT,2,0.05,0.6,0.35,5
CATCAAGCATCGATTG,8,0.05,0.6,0.35,5
CATCAAGCATTGCGGC,5,0.05,0.6,0.35,5
CATCAAGGTACCGTTA,7,0.05,0.6,0.35,5
CATCAAGGTCTCTCGT,7,0.05,0.6,0.35,5
CATCAAGTCACAAACC,1000,0.05,0.6,0.35,5
CATCAAGTCCTTGCCA,1,0.05,0.6,0.35,5
CATCAAGTCTCGATGA,1000,0.05,0.6,0.35,5
CATCAAGTCTTCCTTC,5,0.05,0.6,0.35,5
CATCAGAAGAGTGAGA,7,0.05,0.6,0.35,5
CATCAGAAGATTACCC,1,0.05,0.6,0.35,5
CATCAGAAGCGTTCCG,1,0.05,0.6,0.35,5
CATCAGAAGGCATTGG,2,0.05,0.6,0.35,5
CATCAGAAGGTTACCT,3,0.05,0.6,0.35,5
CATCAGAAGTAGGCCA,1000,0.05,0.6,0.35,5
CATCAGACAGTCAGCC,4,0.05,0.6,0.35,5
CATCAGACAGTTCATG,1,0.05,0.6,0.35,5
CATCAGAGTAGCTAAA,2,0.05,0.6,0.35,5
CATCAGAGTAGGCTGA,0,0.05,0.6,0.35,5
CATCAGAGTAGGGTAC,2,0.05,0.6,0.35,5
CATCAGAGTATTCGTG,3,0.05,0.6,0.35,5
CATCAGAGTCCGAAGA,2,0.05,0.6,0.35,5
CATCAGATCAACCATG,3,0.05,0.6,0.35,5
CATCAGATCATAGCAC,4,0.05,0.6,0.35,5
CATCCACCATAACCTG,1,0.05,0.6,0.35,5
CATCCACCATTTGCTT,1000,0.05,0.6,0.35,5
CATCCACGTCATTAGC,8,0.05,0.6,0.35,5
CATCCACGTTGGAGGT,7,0.05,0.6,0.35,5
CATCCACTCAGTCAGT,1,0.05,0.6,0.35,5
CATCCACTCCAAATGC,8,0.05,0.6,0.35,5
CATCCACTCGATCCCT,3,0.05,0.6,0.35,5
CATCGAAAGAAACGCC,5,0.05,0.6,0.35,5
CATCGAAAGCGCTTAT,8,0.05,0.6,0.35,5
CATCGAAGTAAACGCG,1000,0.05,0.6,0.35,5
CATCGAAGTGGAAAGA,8,0.05,0.6,0.35,5
CATCGAATCACCATAG,5,0.05,0.6,0.35,5
CATCGAATCTCGTATT,1,0.05,0.6,0.35,5
CATCGAATCTGCGGCA,8,0.05,0.6,0.35,5
CATCGAATCTTACCGC,7,0.05,0.6,0.35,5
CATCGGGAGATCGGGT,1000,0.05,0.6,0.35,5
CATCGGGAGTGGAGTC,8,0.05,0.6,0.35,5
CATCGGGCAAGACGTG,1000,0.05,0.6,0.35,5
CATCGGGCAATAGAGT,5,0.05,0.6,0.35,5
CATCGGGCACACGCTG,7,0.05,0.6,0.35,5
CATCGGGCAGCCTGTG,7,0.05,0.6,0.35,5
CATCGGGCAGCGATCC,3,0.05,0.6,0.35,5
CATCGGGCAGCTGTTA,8,0.05,0.6,0.35,5
CATCGGGGTAACGTTC,1000,0.05,0.6,0.35,5
CATCGGGGTAGGACAC,7,0.05,0.6,0.35,5
CATCGGGGTTTGCATG,4,0.05,0.6,0.35,5
CATCGGGTCGTTACAG,4,0.05,0.6,0.35,5
CATGACAAGAGGTACC,4,0.05,0.6,0.35,5
CATGACAAGCTAAGAT,4,0.05,0.6,0.35,5
CATGACACAACGATCT,8,0.05,0.6,0.35,5
CATGACACAATAGAGT,4,0.05,0.6,0.35,5
CATGACACAATCTGCA,1,0.05,0.6,0.35,5
CATGACAGTAGAGCTG,1,0.05,0.6,0.35,5
CATGACAGTCATGCAT,4,0.05,0.6,0.35,5
CATGACAGTGCACCAC,6,0.05,0.6,0.35,5
CATGACAGTTTAGGAA,5,0.05,0.6,0.35,5
CATGACATCCCAACGG,2,0.05,0.6,0.35,5
CATGACATCGCCAGCA,1,0.05,0.6,0.35,5
CATGACATCGTTGACA,6,0.05,0.6,0.35,5
CATGCCTCAAGAGTCG,4,0.05,0.6,0.35,5
CATGCCTCACAACGTT,8,0.05,0.6,0.35,5
CATGCCTCATCACAAC,3,0.05,0.6,0.35,5
CATGCCTGTACAGCAG,2,0.05,0.6,0.35,5
CATGCCTTCACCAGGC,1000,0.05,0.6,0.35,5
CATGCCTTCAGTCAGT,1,0.05,0.6,0.35,5
CATGCCTTCTAAGCCA,7,0.05,0.6,0.35,5
CATGGCGAGCTGCGAA,7,0.05,0.6,0.35,5
CATGGCGAGGCAATTA,4,0.05,0.6,0.35,5
CATGGCGAGGCGATAC,1000,0.05,0.6,0.35,5
CATGGCGAGTGACTCT,3,0.05,0.6,0.35,5
CATGGCGCAATACGCT,7,0.05,0.6,0.35,5
CATGGCGCACATGTGT,1000,0.05,0.6,0.35,5
CATGGCGCACTCTGTC,7,0.05,0.6,0.35,5
CATGGCGGTATAGGGC,4,0.05,0.6,0.35,5
CATGGCGGTCAGTGGA,2,0.05,0.6,0.35,5
CATGGCGGTCGTCTTC,1000,0.05,0.6,0.35,5
CATGGCGGTGGTCCGT,7,0.05,0.6,0.35,5
CATGGCGGTGTCTGAT,2,0.05,0.6,0.35,5
CATGGCGTCCTTTCGG,1,0.05,0.6,0.35,5
CATGGCGTCTCTAAGG,1000,0.05,0.6,0.35,5
CATTATCAGGCGATAC,5,0.05,0.6,0.35,5
CATTATCCAACACGCC,1000,0.05,0.6,0.35,5
CATTATCCACATTAGC,4,0.05,0.6,0.35,5
CATTATCGTCAATGTC,5,0.05,0.6,0.35,5
CATTATCGTCTCCATC,1000,0.05,0.6,0.35,5
CATTATCGTGATGTCT,2,0.05,0.6,0.35,5
CATTATCGTGGCTCCA,5,0.05,0.6,0.35,5
CATTATCGTTAAAGTG,2,0.05,0.6,0.35,5
CATTATCGTTACGTCA,8,0.05,0.6,0.35,5
CATTATCGTTCCGGCA,6,0.05,0.6,0.35,5
CATTATCGTTGGTAAA,1,0.05,0.6,0.35,5
CATTATCTCCTTGGTC,1,0.05,0.6,0.35,5
CATTCGCAGCAGCCTC,1000,0.05,0.6,0.35,5
CATTCGCAGTCAATAG,1,0.05,0.6,0.35,5
CATTCGCCACGAAAGC,4,0.05,0.6,0.35,5
CATTCGCCAGTACACT,1000,0.05,0.6,0.35,5
CATTCGCGTTGATTGC,7,0.05,0.6,0.35,5
CATTCGCTCAGCGACC,0,0.05,0.6,0.35,5
CATTCGCTCTGAGGGA,3,0.05,0.6,0.35,5
CCAATCCAGAAACGAG,1,0.05,0.6,0.35,5
CCAATCCAGCTAGTTC,4,0.05,0.6,0.35,5
CCAATCCAGCTGCCCA,7,0.05,0.6,0.35,5
CCAATCCAGGGTCTCC,4,0.05,0.6,0.35,5
CCAATCCCACGTCAGC,1,0.05,0.6,0.35,5
CCAATCCCAGGATTGG,1,0.05,0.6,0.35,5
CCAATCCGTCAATACC,3,0.05,0.6,0.35,5
CCAATCCGTGTTTGGT,4,0.05,0.6,0.35,5
CCAATCCTCACAACGT,2,0.05,0.6,0.35,5
CCAATCCTCCAAAGTC,7,0.05,0.6,0.35,5
CCAATCCTCTTGCCGT,2,0.05,0.6,0.35,5
CCACCTAAGGATGGTC,7,0.05,0.6,0.35,5
CCACCTAAGGCATTGG,3,0.05,0.6,0.35,5
CCACCTAAGTAGCCGA,1000,0.05,0.6,0.35,5
CCACCTAAGTGTTAGA,1,0.05,0.6,0.35,5
CCACCTACAGATCGGA,1000,0.05,0.6,0.35,5
CCACCTACATCCGCGA,5,0.05,0.6,0.35,5
CCACCTAGTTATCGGT,3,0.05,0.6,0.35,5
CCACCTATCAGGCCCA,7,0.05,0.6,0.35,5
CCACCTATCAGTCCCT,4,0.05,0.6,0.35,5
CCACCTATCTTTACAC,6,0.05,0.6,0.35,5
CCACGGAAGACTGTAA,5,0.05,0.6,0.35,5
CCACGGAAGCTGTTCA,8,0.05,0.6,0.35,5
CCACGGACAAGACGTG,6,0.05,0.6,0.35,5
CCACGGACACCGAAAG,4,0.05,0.6,0.35,5
CCACGGACACCTCGTT,6,0.05,0.6,0.35,5
CCACGGACATTATCTC,5,0.05,0.6,0.35,5
CCACGGAGTCGCTTTC,2,0.05,0.6,0.35,5
CCACGGATCACTTATC,6,0.05,0.6,0.35,5
CCACGGATCCTAGAAC,7,0.05,0.6,0.35,5
CCACGGATCGGAAATA,3,0.05,0.6,0.35,5
CCACGGATCGTAGGAG,3,0.05,0.6,0.35,5
CCACGGATCTCTAAGG,4,0.05,0.6,0.35,5
CCACTACAGACGCTTT,7,0.05,0.6,0.35,5
CCACTACAGCCGATTT,7,0.05,0.6,0.35,5
CCACTACAGGCGACAT,1000,0.05,0.6,0.35,5
CCACTACAGGCGTACA,4,0.05,0.6,0.35,5
CCACTACAGTTGCAGG,8,0.05,0.6,0.35,5
CCACTACCAAAGAATC,7,0.05,0.6,0.35,5
CCACTACCACCGGAAA,1000,0.05,0.6,0.35,5
CCACTACCAGTCAGCC,8,0.05,0.6,0.35,5
CCACTACCATGGGAAC,2,0.05,0.6,0.35,5
CCACTACTCGCCGTGA,2,0.05,0.6,0.35,5
CCACTACTCGTACGGC,2,0.05,0.6,0.35,5
CCACTACTCTCCGGTT,1,0.05,0.6,0.35,5
CCACTACTCTGCAAGT,8,0.05,0.6,0.35,5
CCAGCGAAGAAGGACA,6,0.05,0.6,0.35,5
CCAGCGAAGGCAATTA,3,0.05,0.6,0.35,5
CCAGCGAAGGTGCACA,8,0.05,0.6,0.35,5
CCAGCGACAATGGATA,7,0.05,0.6,0.35,5
CCAGCGACACAGCGTC,3,0.05,0.6,0.35,5
CCAGCGACACGGACAA,1000,0.05,0.6,0.35,5
CCAGCGACACTCGACG,6,0.05,0.6,0.35,5
CCAGCGACATAGAAAC,3,0.05,0.6,0.35,5
CCAGCGACATGGATGG,8,0.05,0.6,0.35,5
CCAGCGAGTAAGTTCC,5,0.05,0.6,0.35,5
CCAGCGAGTACAGCAG,5,0.05,0.6,0.35,5
CCAGCGAGTACAGTGG,1,0.05,0.6,0.35,5
CCAGCGAGTGAAATCA,7,0.05,0.6,0.35,5
CCAGCGAGTTGTCGCG,3,0.05,0.6,0.35,5
CCAGCGATCACAGTAC,1,0.05,0.6,0.35,5
CCAGCGATCACCTCGT,2,0.05,0.6,0.35,5
CCAGCGATCACTTATC,1000,0.05,0.6,0.35,5
CCAGCGATCGAATCCA,4,0.05,0.6,0.35,5
CCATGTCAGCTGCGAA,2,0.05,0.6,0.35,5
CCATGTCAGTGTTTGC,8,0.05,0.6,0.35,5
CCATGTCAGTTTGCGT,1000,0.05,0.6,0.35,5
CCATGTCCACAGACAG,7,0.05,0.6,0.35,5
CCATGTCCACCACCAG,8,0.05,0.6,0.35,5
CCATGTCCACCGATAT,1000,0.05,0.6,0.35,5
CCATGTCCACGTAAGG,2,0.05,0.6,0.35,5
CCATGTCGTACCGAGA,4,0.05,0.6,0.35,5
CCATGTCGTCAGGACA,4,0.05,0.6,0.35,5
CCATGTCGTGAGGGTT,1000,0.05,0.6,0.35,5
CCATGTCGTTCCGGCA,4,0.05,0.6,0.35,5
CCATGTCTCAAGATCC,7,0.05,0.6,0.35,5
CCATGTCTCAGCATGT,6,0.05,0.6,0.35,5
CCATGTCTCCATTCTA,6,0.05,0.6,0.35,5
CCATGTCTCGATGAGG,2,0.05,0.6,0.35,5
CCATTCGAGACAGACC,1000,0.05,0.6,0.35,5
CCATTCGAGACCGGAT,7,0.05,0.6,0.35,5
CCATTCGAGCAACGGT,2,0.05,0.6,0.35,5
CCATTCGAGGTAGCCA,2,0.05,0.6,0.35,5
CCATTCGAGTGAACGC,3,0.05,0.6,0.35,5
CCATTCGCAACACCTA,8,0.05,0.6,0.35,5
CCATTCGCACATTTCT,3,0.05,0.6,0.35,5
CCATTCGGTAAGAGGA,1,0.05,0.6,0.35,5
CCATTCGGTAATAGCA,3,0.05,0.6,0.35,5
CCATTCGGTCAGCTAT,7,0.05,0.6,0.35,5
CCATTCGGTGAACCTT,5,0.05,0.6,0.35,5
CCATTCGTCATGTAGC,6,0.05,0.6,0.35,5
CCATTCGTCGTATCAG,1000,0.05,0.6,0.35,5
CCATTCGTCTTGCAAG,1,0.05,0.6,0.35,5
CCCAATCAGAATAGGG,4,0.05,0.6,0.35,5
CCCAATCCAACACCTA,1000,0.05,0.6,0.35,5
CCCAATCCAAGAGGCT,3,0.05,0.6,0.35,5
CCCAATCCACAGACTT,8,0.05,0.6,0.35,5
CCCAATCCACGGTAGA,3,0.05,0.6,0.35,5
CCCAATCCACTGAAGG,2,0.05,0.6,0.35,5
CCCAATCCAGGGATTG,8,0.05,0.6,0.35,5
CCCAATCCATGCATGT,8,0.05,0.6,0.35,5
CCCAATCGTAAATACG,7,0.05,0.6,0.35,5
CCCAATCGTCTTCTCG,1,0.05,0.6,0.35,5
CCCAATCTCCCAGGTG,8,0.05,0.6,0.35,5
CCCAATCTCTAACTTC,1000,0.05,0.6,0.35,5
CCCAATCTCTACTATC,4,0.05,0.6,0.35,5
CCCAGTTAGAAACCGC,2,0.05,0.6,0.35,5
CCCAGTTAGATCCCGC,1000,0.05,0.6,0.35,5
CCCAGTTAGTAATCCC,6,0.05,0.6,0.35,5
CCCAGTTCAAGCCGTC,6,0.05,0.6,0.35,5
CCCAGTTCACCCAGTG,3,0.05,0.6,0.35,5
CCCAGTTCATTCTTAC,1,0.05,0.6,0.35,5
CCCAGTTGTAGAGCTG,3,0.05,0.6,0.35,5
CCCAGTTGTAGGAGTC,5,0.05,0.6,0.35,5
CCCAGTTGTTTGGGCC,3,0.05,0.6,0.35,5
CCCAGTTTCTGTCAAG,5,0.05,0.6,0.35,5
CCCATACAGAAGCCCA,3,0.05,0.6,0.35,5
CCCATACAGCTTATCG,0,0.05,0.6,0.35,5
CCCATACCAACACCCG,1000,0.05,0.6,0.35,5
CCCATACCACCAGTTA,5,0.05,0.6,0.35,5
CCCATACCATCACGAT,1000,0.05,0.6,0.35,5
CCCATACGTTAAGATG,1000,0.05,0.6,0.35,5
CCCATACTCCACTGGG,1,0.05,0.6,0.35,5
CCCATACTCCTAGTGA,4,0.05,0.6,0.35,5
CCCATACTCGCCCTTA,2,0.05,0.6,0.35,5
CCCATACTCTTACCTA,4,0.05,0.6,0.35,5
CCCTCCTAGAGTTGGC,4,0.05,0.6,0.35,5
CCCTCCTAGCAAATCA,8,0.05,0.6,0.35,5
CCCTCCTAGGCTCATT,1000,0.05,0.6,0.35,5
CCCTCCTAGGTAGCCA,8,0.05,0.6,0.35,5
CCCTCCTAGTCCTCCT,3,0.05,0.6,0.35,5
CCCTCCTCACCTGGTG,3,0.05,0.6,0.35,5
CCCTCCTCAGAGCCAA,1,0.05,0.6,0.35,5
CCCTCCTCAGGGATTG,5,0.05,0.6,0.35,5
CCCTCCTCATAACCTG,6,0.05,0.6,0.35,5
CCCTCCTCATGGAATA,4,0.05,0.6,0.35,5
CCCTCCTCATTCCTGC,3,0.05,0.6,0.35,5
CCCTCCTGTGCAGTAG,1,0.05,0.6,0.35,5
CCCTCCTTCCGCAGTG,1000,0.05,0.6,0.35,5
CCCTCCTTCGCGCCAA,5,0.05,0.6,0.35,5
CCCTCCTTCTAGAGTC,1,0.05,0.6,0.35,5
CCGGGATAGACACTAA,4,0.05,0.6,0.35,5
CCGGGATAGCCCAATT,5,0.05,0.6,0.35,5
CCGGGATAGGAGTTGC,4,0.05,0.6,0.35,5
CCGGGATAGGCCGAAT,8,0.05,0.6,0.35,5
CCGGGATAGTATTGGA,6,0.05,0.6,0.35,5
CCGGGATAGTCGAGTG,3,0.05,0.6,0.35,5
CCGGGATGTCAGCTAT,5,0.05,0.6,0.35,5
CCGGGATGTTCAGGCC,2,0.05,0.6,0.35,5
CCGGGATGTTCCCGAG,5,0.05,0.6,0.35,5
CCGGGATGTTTACTCT,6,0.05,0.6,0.35,5
CCGGGATTCACATACG,5,0.05,0.6,0.35,5
CCGGGATTCACGATGT,8,0.05,0.6,0.35,5
CCGGTAGAGACAGGCT,7,0.05,0.6,0.35,5
CCGGTAGAGCTAGTCT,4,0.05,0.6,0.35,5
CCGGTAGAGTATGACA,6,0.05,0.6,0.35,5
CCGGTAGAGTGGTAGC,7,0.05,0.6,0.35,5
CCGGTAGCAAACGTGG,5,0.05,0.6,0.35,5
CCGGTAGCAGATCTGT,2,0.05,0.6,0.35,5
CCGGTAGCATCGACGC,8,0.05,0.6,0.35,5
CCGGTAGGTCTCCCTA,8,0.05,0.6,0.35,5
CCGGTAGTCATGTCTT,5,0.05,0.6,0.35,5
CCGGTAGTCGCGCCAA,7,0.05,0.6,0.35,5
CCGTACTAGCTCTCGG,6,0.05,0.6,0.35,5
CCGTACTAGTGTTGAA,1,0.05,0.6,0.35,5
CCGTACTCACAGACTT,8,0.05,0.6,0.35,5
CCGTACTCAGGGCATA,1,0.05,0.6,0.35,5
CCGTACTGTCATTAGC,1000,0.05,0.6,0.35,5
CCGTACTGTCGGATCC,1000,0.05,0.6,0.35,5
CCGTACTGTTAAGTAG,8,0.05,0.6,0.35,5
CCGTACTGTTACGTCA,1,0.05,0.6,0.35,5
CCGTACTTCACGCGGT,8,0.05,0.6,0.35,5
CCGTACTTCAGTTAGC,8,0.05,0.6,0.35,5
CCGTACTTCGAACGGA,1000,0.05,0.6,0.35,5
CCGTACTTCTCAAACG,7,0.05,0.6,0.35,5
CCGTGGAAGATCCCGC,5,0.05,0.6,0.35,5
CCGTGGACAACGATCT,6,0.05,0.6,0.35,5
CCGTGGACAGCAGTTT,1000,0.05,0.6,0.35,5
CCGTGGACAGCGAACA,5,0.05,0.6,0.35,5
CCGTGGAGTACGACCC,8,0.05,0.6,0.35,5
CCGTGGAGTCCTCCAT,3,0.05,0.6,0.35,5
CCGTGGAGTGAAGGCT,1000,0.05,0.6,0.35,5
CCGTGGATCACATGCA,2,0.05,0.6,0.35,5
CCGTGGATCTCTAAGG,1000,0.05,0.6,0.35,5
CCGTTCAAGGACATTA,6,0.05,0.6,0.35,5
CCGTTCAAGGTGTTAA,1,0.05,0.6,0.35,5
CCGTTCAAGTGAACAT,4,0.05,0.6,0.35,5
CCGTTCACAATGACCT,1,0.05,0.6,0.35,5
CCGTTCAGTCACAAGG,6,0.05,0.6,0.35,5
CCGTTCAGTGACTCAT,6,0.05,0.6,0.35,5
CCGTTCAGTTAAGACA,2,0.05,0.6,0.35,5
CCGTTCATCGTGGACC,7,0.05,0.6,0.35,5
CCGTTCATCGTTACAG,1,0.05,0.6,0.35,5
CCTAAAGAGACAGGCT,4,0.05,0.6,0.35,5
CCTAAAGAGCTGTCTA,4,0.05,0.6,0.35,5
CCTAAAGAGGATGGAA,5,0.05,0.6,0.35,5
CCTAAAGAGTCGCCGT,1000,0.05,0.6,0.35,5
CCTAAAGAGTTATCGC,3,0.05,0.6,0.35,5
CCTAAAGCAAACTGTC,6,0.05,0.6,0.35,5
CCTAAAGCAAATCCGT,1,0.05,0.6,0.35,5
CCTAAAGCATCCGGGT,1000,0.05,0.6,0.35,5
CCTAAAGCATTAGCCA,6,0.05,0.6,0.35,5
CCTAAAGGTAAGCACG,1,0.05,0.6,0.35,5
CCTAAAGGTACAGACG,1,0.05,0.6,0.35,5
CCTAAAGGTCGGCATC,8,0.05,0.6,0.35,5
CCTAAAGGTCTCCATC,8,0.05,0.6,0.35,5
CCTAAAGTCAACACCA,4,0.05,0.6,0.35,5
CCTAAAGTCAAGGCTT,7,0.05,0.6,0.35,5
CCTACACAGACTTGAA,8,0.05,0.6,0.35,5
CCTACACAGAGGACGG,3,0.05,0.6,0.35,5
CCTACACAGCGTGTCC,4,0.05,0.6,0.35,5
CCTACACAGTGAATTG,1,0.05,0.6,0.35,5
CCTACACCACCCTATC,5,0.05,0.6,0.35,5
CCTACACCAGATCTGT,4,0.05,0.6,0.35,5
CCTACACCATAGTAAG,1,0.05,0.6,0.35,5
CCTACACGTACTTAGC,7,0.05,0.6,0.35,5
CCTACACGTATCGCAT,8,0.05,0.6,0.35,5
CCTACACGTCACACGC,5,0.05,0.6,0.35,5
CCTACACGTCCGTTAA,7,0.05,0.6,0.35,5
CCTACACGTGGGTATG,1000,0.05,0.6,0.35,5
CCTACACGTTCAGACT,1,0.05,0.6,0.35,5
CCTACACTCATACGGT,5,0.05,0.6,0.35,5
CCTACCAAGGGAGTAA,7,0.05,0.6,0.35,5
CCTACCAAGTGCGATG,2,0.05,0.6,0.35,5
CCTACCACAGCGATCC,4,0.05,0.6,0.35,5
CCTACCATCACCATAG,4,0.05,0.6,0.35,5
CCTACCATCCTACAGA,5,0.05,0.6,0.35,5
CCTAGCTAGCACCGTC,7,0.05,0.6,0.35,5
CCTAGCTAGCCATCGC,6,0.05,0.6,0.35,5
CCTAGCTAGCGTTTAC,8,0.05,0.6,0.35,5
CCTAGCTAGGTGCAAC,6,0.05,0.6,0.35,5
CCTAGCTAGTTACGGG,1,0.05,0.6,0.35,5
CCTAGCTAGTTGAGTA,5,0.05,0.6,0.35,5
CCTAGCTCAAACAACA,3,0.05,0.6,0.35,5
CCTAGCTCACACGCTG,1,0.05,0.6,0.35,5
CCTAGCTCATACCATG,2,0.05,0.6,0.35,5
CCTAGCTGTCGCCATG,8,0.05,0.6,0.35,5
CCTAGCTTCAACGGGA,6,0.05,0.6,0.35,5
CCTAGCTTCGGCATCG,5,0.05,0.6,0.35,5
CCTATTAAGTCCGGTC,1,0.05,0.6,0.35,5
CCTATTACACAGACTT,0,0.05,0.6,0.35,5
CCTATTACATCCGTGG,8,0.05,0.6,0.35,5
CCTATTACATCTGGTA,8,0.05,0.6,0.35,5
CCTATTAGTAGCTTGT,1000,0.05,0.6,0.35,5
CCTATTATCACTCTTA,5,0.05,0.6,0.35,5
CCTCAGTAGCGTGTCC,1000,0.05,0.6,0.35,5
CCTCAGTCAAGGCTCC,1,0.05,0.6,0.35,5
CCTCAGTCAGACAAAT,1000,0.05,0.6,0.35,5
CCTCAGTCAGGTCTCG,1,0.05,0.6,0.35,5
CCTCAGTCAGTACACT,2,0.05,0.6,0.35,5
CCTCAGTGTTGACGTT,1000,0.05,0.6,0.35,5
CCTCTGAAGGAGCGTT,7,0.05,0.6,0.35,5
CCTCTGAAGTGTTAGA,7,0.05,0.6,0.35,5
CCTCTGACAATGAAAC,6,0.05,0.6,0.35,5
CCTCTGACACATAACC,1,0.05,0.6,0.35,5
CCTCTGACACGGATAG,2,0.05,0.6,0.35,5
CCTCTGACAGTATCTG,4,0.05,0.6,0.35,5
CCTCTGACATCAGTCA,8,0.05,0.6,0.35,5
CCTCTGACATCCTTGC,4,0.05,0.6,0.35,5
CCTCTGACATGCTAGT,6,0.05,0.6,0.35,5
CCTCTGACATTGAGCT,8,0.05,0.6,0.35,5
CCTCTGAGTGACCAAG,1,0.05,0.6,0.35,5
CCTCTGAGTTAGGGTG,5,0.05,0.6,0.35,5
CCTCTGATCAGTGCAT,7,0.05,0.6,0.35,5
CCTCTGATCCCATTAT,2,0.05,0.6,0.35,5
CCTCTGATCTGTCTCG,0,0.05,0.6,0.35,5
CCTTACGAGCCCAACC,1000,0.05,0.6,0.35,5
CCTTACGAGTAAGTAC,1,0.05,0.6,0.35,5
CCTTACGAGTGGGCTA,2,0.05,0.6,0.35,5
CCTTACGAGTTTGCGT,7,0.05,0.6,0.35,5
CCTTACGCAAGCGCTC,5,0.05,0.6,0.35,5
CCTTACGCAGCTTCGG,3,0.05,0.6,0.35,5
CCTTACGCAGGCTCAC,1,0.05,0.6,0.35,5
CCTTACGGTATATGAG,7,0.05,0.6,0.35,5
CCTTACGGTTTGTTGG,3,0.05,0.6,0.35,5
CCTTACGTCAAGAAGT,3,0.05,0.6,0.35,5
CCTTACGTCACTTATC,8,0.05,0.6,0.35,5
CCTTACGTCAGGCGAA,1,0.05,0.6,0.35,5
CCTTCCCAGAGGGATA,1,0.05,0.6,0.35,5
CCTTCCCAGCCACTAT,4,0.05,0.6,0.35,5
CCTTCCCAGGATGGTC,3,0.05,0.6,0.35,5
CCTTCCCCAATGGAGC,7,0.05,0.6,0.35,5
CCTTCCCGTCGCGAAA,4,0.05,0.6,0.35,5
CCTTCCCGTTTAGCTG,5,0.05,0.6,0.35,5
CCTTCCCTCACAACGT,1,0.05,0.6,0.35,5
CCTTCCCTCCTAGTGA,2,0.05,0.6,0.35,5
CCTTCCCTCTAACGGT,1000,0.05,0.6,0.35,5
CCTTCGAAGAACAACT,3,0.05,0.6,0.35,5
CCTTCGAAGAGAACAG,1,0.05,0.6,0.35,5
CCTTCGAAGAGCTGGT,3,0.05,0.6,0.35,5
CCTTCGAAGGAGTACC,5,0.05,0.6,0.35,5
CCTTCGACATACGCTA,8,0.05,0.6,0.35,5
CCTTCGACATTCGACA,4,0.05,0.6,0.35,5
CCTTCGAGTAACGTTC,1,0.05,0.6,0.35,5
CCTTCGAGTACCGGCT,4,0.05,0.6,0.35,5
CCTTCGAGTAGCGCAA,7,0.05,0.6,0.35,5
CCTTCGAGTATAGGTA,1000,0.05,0.6,0.35,5
CCTTCGAGTGCTAGCC,3,0.05,0.6,0.35,5
CCTTCGATCCTCGCAT,2,0.05,0.6,0.35,5
CCTTCGATCGCATGAT,8,0.05,0.6,0.35,5
CCTTCGATCGCTTAGA,4,0.05,0.6,0.35,5
CCTTTCTAGAATGTGT,3,0.05,0.6,0.35,5
CCTTTCTAGCACCGCT,4,0.05,0.6,0.35,5
CCTTTCTAGGCAATTA,3,0.05,0.6,0.35,5
CCTTTCTCAGGACCCT,6,0.05,0.6,0.35,5
CCTTTCTGTAAGTGGC,7,0.05,0.6,0.35,5
CCTTTCTGTGAGCGAT,7,0.05,0.6,0.35,5
CCTTTCTGTGTAAGTA,4,0.05,0.6,0.35,5
CCTTTCTTCCTTGCCA,3,0.05,0.6,0.35,5
CCTTTCTTCTTCAACT,5,0.05,0.6,0.35,5
CGAACATAGAAGGCCT,8,0.05,0.6,0.35,5
CGAACATAGCCGATTT,7,0.05,0.6,0.35,5
CGAACATAGGCTCATT,3,0.05,0.6,0.35,5
CGAACATAGTTCGCGC,4,0.05,0.6,0.35,5
CGAACATCAACGCACC,3,0.05,0.6,0.35,5
CGAACATCAACTTGAC,7,0.05,0.6,0.35,5
CGAACATCAGCCTTTC,5,0.05,0.6,0.35,5
CGAACATCAGCTGCTG,8,0.05,0.6,0.35,5
CGAACATCATGCCCGA,7,0.05,0.6,0.35,5
CGAACATGTCATATCG,8,0.05,0.6,0.35,5
CGAACATGTCGATTGT,1000,0.05,0.6,0.35,5
CGAACATGTGCACTTA,7,0.05,0.6,0.35,5
CGAACATTCAGAGGTG,2,0.05,0.6,0.35,5
CGAATGTAGAGTACAT,8,0.05,0.6,0.35,5
CGAATGTAGCTGTCTA,3,0.05,0.6,0.35,5
CGAATGTAGTTAAGTG,7,0.05,0.6,0.35,5
CGAATGTCATTACCTT,8,0.05,0.6,0.35,5
CGAATGTGTTTAAGCC,2,0.05,0.6,0.35,5
CGAATGTTCCTCTAGC,7,0.05,0.6,0.35,5
CGACCTTCAGGACGTA,8,0.05,0.6,0.35,5
CGACCTTCAGGTTTCA,5,0.05,0.6,0.35,5
CGACCTTCATACGCCG,6,0.05,0.6,0.35,5
CGACCTTTCACCGGGT,8,0.05,0.6,0.35,5
CGACCTTTCCACGACG,1,0.05,0.6,0.35,5
CGACTTCAGTTTGCGT,2,0.05,0.6,0.35,5
CGACTTCCAGCTGTGC,1000,0.05,0.6,0.35,5
CGACTTCCATTAGGCT,8,0.05,0.6,0.35,5
CGACTTCGTCAGAATA,4,0.05,0.6,0.35,5
CGACTTCGTCTTGATG,1,0.05,0.6,0.35,5
CGACTTCGTTACGTCA,3,0.05,0.6,0.35,5
CGACTTCGTTCCTCCA,3,0.05,0.6,0.35,5
CGACTTCTCATACGGT,3,0.05,0.6,0.35,5
CGACTTCTCTTGAGGT,4,0.05,0.6,0.35,5
CGAGAAGAGAAGAAGC,8,0.05,0.6,0.35,5
CGAGAAGAGCTGCGAA,7,0.05,0.6,0.35,5
CGAGAAGCAATGGTCT,7,0.05,0.6,0.35,5
CGAGAAGCAGCTGTTA,7,0.05,0.6,0.35,5
CGAGAAGCATCCGGGT,8,0.05,0.6,0.35,5
CGAGAAGGTGATAAAC,5,0.05,0.6,0.35,5
CGAGAAGGTGATGTGG,7,0.05,0.6,0.35,5
CGAGAAGGTGCACTTA,1,0.05,0.6,0.35,5
CGAGAAGGTGTGAATA,1000,0.05,0.6,0.35,5
CGAGAAGTCTTCCTTC,1,0.05,0.6,0.35,5
CGAGCACAGCGTCAAG,1,0.05,0.6,0.35,5
CGAGCACAGCTGCAAG,8,0.05,0.6,0.35,5
CGAGCACCAAGTAGTA,1000,0.05,0.6,0.35,5
CGAGCACCACACGCTG,7,0.05,0.6,0.35,5
CGAGCACCATTTCACT,1,0.05,0.6,0.35,5
CGAGCACGTAAGTGGC,6,0.05,0.6,0.35,5
CGAGCACGTAGCTTGT,6,0.05,0.6,0.35,5
CGAGCACGTCTGCGGT,2,0.05,0.6,0.35,5
CGAGCACTCACGCGGT,1,0.05,0.6,0.35,5
CGAGCCAAGTCTCAAC,2,0.05,0.6,0.35,5
CGAGCCACAATGCCAT,1000,0.05,0.6,0.35,5
CGAGCCACATTCTCAT,3,0.05,0.6,0.35,5
CGAGCCACATTTCACT,7,0.05,0.6,0.35,5
CGAGCCAGTGGGTATG,6,0.05,0.6,0.35,5
CGATCGGAGACATAAC,8,0.05,0.6,0.35,5
CGATCGGAGCTAGCCC,8,0.05,0.6,0.35,5
CGATCGGAGGTGTGGT,2,0.05,0.6,0.35,5
CGATCGGAGTGTTGAA,2,0.05,0.6,0.35,5
CGATCGGCAAGCTGAG,2,0.05,0.6,0.35,5
CGATCGGCACAACTGT,2,0.05,0.6,0.35,5
CGATCGGCACCAGATT,3,0.05,0.6,0.35,5
CGATCGGCATTGGCGC,1000,0.05,0.6,0.35,5
CGATCGGGTCCTCCAT,4,0.05,0.6,0.35,5
CGATCGGGTCGACTGC,5,0.05,0.6,0.35,5
CGATCGGGTCGTTGTA,3,0.05,0.6,0.35,5
CGATCGGGTTATGCGT,1,0.05,0.6,0.35,5
CGATCGGTCAAGCCTA,4,0.05,0.6,0.35,5
CGATCGGTCACTTATC,3,0.05,0.6,0.35,5
CGATCGGTCCCGGATG,1,0.05,0.6,0.35,5
CGATCGGTCGCTAGCG,3,0.05,0.6,0.35,5
CGATCGGTCTGTCCGT,8,0.05,0.6,0.35,5
CGATGGCAGATCCCAT,7,0.05,0.6,0.35,5
CGATGGCAGCCAACAG,1000,0.05,0.6,0.35,5
CGATGGCAGCCTCGTG,7,0.05,0.6,0.35,5
CGATGGCAGCGTAATA,4,0.05,0.6,0.35,5
CGATGGCAGGTAAACT,6,0.05,0.6,0.35,5
CGATGGCAGTACGTTC,7,0.05,0.6,0.35,5
CGATGGCCAAACGCGA,1,0.05,0.6,0.35,5
CGATGGCGTCTCCACT,1,0.05,0.6,0.35,5
CGATGGCTCAACACCA,6,0.05,0.6,0.35,5
CGATGTAAGACTAGAT,8,0.05,0.6,0.35,5
CGATGTAAGTCAAGGC,1000,0.05,0.6,0.35,5
CGATGTACACAAGTAA,7,0.05,0.6,0.35,5
CGATGTACACGGTAAG,5,0.05,0.6,0.35,5
CGATGTACACTGTTAG,5,0.05,0.6,0.35,5
CGATGTACATGATCCA,5,0.05,0.6,0.35,5
CGATGTACATTCTCAT,8,0.05,0.6,0.35,5
CGATGTAGTGAGGGAG,7,0.05,0.6,0.35,5
CGATTGAAGACCGGAT,8,0.05,0.6,0.35,5
CGATTGACAAGACGTG,5,0.05,0.6,0.35,5
CGATTGACAATCAGAA,1,0.05,0.6,0.35,5
CGATTGAGTATATGAG,1,0.05,0.6,0.35,5
CGCCAAGAGTGGGTTG,7,0.05,0.6,0.35,5
CGCCAAGCACTGAAGG,2,0.05,0.6,0.35,5
CGCCAAGCATACTACG,3,0.05,0.6,0.35,5
CGCCAAGGTGTGGTTT,8,0.05,0.6,0.35,5
CGCCAAGGTTTAAGCC,1,0.05,0.6,0.35,5
CGCCAAGGTTTCGCTC,3,0.05,0.6,0.35,5
CGCCAAGTCAGGTTCA,7,0.05,0.6,0.35,5
CGCCAAGTCCACTCCA,8,0.05,0.6,0.35,5
CGCCAAGTCCGTCAAA,4,0.05,0.6,0.35,5
CGCCAAGTCGTAGATC,1000,0.05,0.6,0.35,5
CGCCAAGTCTCTAGGA,1,0.05,0.6,0.35,5
CGCGGTAAGAGGTAGA,4,0.05,0.6,0.35,5
CGCGGTACAAGCCCAC,2,0.05,0.6,0.35,5
CGCGGTACAGTAAGAT,1,0.05,0.6,0.35,5
CGCGGTAGTATCAGTC,7,0.05,0.6,0.35,5
CGCGGTAGTCATTAGC,1,0.05,0.6,0.35,5
CGCGGTAGTGAGTGAC,8,0.05,0.6,0.35,5
CGCGGTATCACATGCA,1,0.05,0.6,0.35,5
CGCGGTATCCGAAGAG,2,0.05,0.6,0.35,5
CGCGGTATCGTAGATC,5,0.05,0.6,0.35,5
CGCGGTATCTACCAGA,3,0.05,0.6,0.35,5
CGCGTTTAGAGCTTCT,4,0.05,0.6,0.35,5
CGCGTTTAGGGTCGAT,8,0.05,0.6,0.35,5
CGCGTTTAGTGGAGAA,6,0.05,0.6,0.35,5
CGCGTTTCAAGAAAGG,7,0.05,0.6,0.35,5
CGCGTTTGTAACGACG,3,0.05,0.6,0.35,5
CGCGTTTGTCATTAGC,1000,0.05,0.6,0.35,5
CGCGTTTGTGACTCAT,6,0.05,0.6,0.35,5
CGCGTTTTCATGCTCC,4,0.05,0.6,0.35,5
CGCGTTTTCGCCATAA,4,0.05,0.6,0.35,5
CGCGTTTTCGGCGCAT,8,0.05,0.6,0.35,5
CGCGTTTTCGGTGTCG,8,0.05,0.6,0.35,5
CGCGTTTTCTCCGGTT,1000,0.05,0.6,0.35,5
CGCTATCAGAAGGTTT,8,0.05,0.6,0.35,5
CGCTATCAGGGTCGAT,3,0.05,0.6,0.35,5
CGCTATCCAACTTGAC,7,0.05,0.6,0.35,5
CGCTATCCAGATGAGC,1000,0.05,0.6,0.35,5
CGCTATCTCAGAGCTT,7,0.05,0.6,0.35,5
CGCTATCTCAGCCTAA,8,0.05,0.6,0.35,5
CGCTATCTCCTAGAAC,8,0.05,0.6,0.35,5
CGCTGGAAGCTACCTA,6,0.05,0.6,0.35,5
CGCTGGACACTGAAGG,1,0.05,0.6,0.35,5
CGCTGGACATGATCCA,8,0.05,0.6,0.35,5
CGCTGGAGTGGCAAAC,4,0.05,0.6,0.35,5
CGCTGGAGTTGAGTTC,4,0.05,0.6,0.35,5
CGCTGGAGTTGTGGCC,4,0.05,0.6,0.35,5
CGCTGGATCAAACCAC,7,0.05,0.6,0.35,5
CGCTGGATCAGAGCTT,3,0.05,0.6,0.35,5
CGCTGGATCGCGATCG,8,0.05,0.6,0.35,5
CGCTGGATCGCTTGTC,1,0.05,0.6,0.35,5
CGCTGGATCTGATTCT,3,0.05,0.6,0.35,5
CGCTGGATCTTCCTTC,5,0.05,0.6,0.35,5
CGCTTCAAGCCACTAT,4,0.05,0.6,0.35,5
CGCTTCAAGTGCGTGA,3,0.05,0.6,0.35,5
CGCTTCAAGTTGTAGA,3,0.05,0.6,0.35,5
CGCTTCACAACGATGG,5,0.05,0.6,0.35,5
CGCTTCACACAGGCCT,2,0.05,0.6,0.35,5
CGCTTCACATGAGCGA,2,0.05,0.6,0.35,5
CGCTTCAGTAATAGCA,5,0.05,0.6,0.35,5
CGCTTCATCAGAGCTT,1,0.05,0.6,0.35,5
CGGACACAGGAGTTGC,1000,0.05,0.6,0.35,5
CGGACACAGGTGATTA,8,0.05,0.6,0.35,5
CGGACACCAAACGTGG,3,0.05,0.6,0.35,5
CGGACACCAAGCTGTT,1000,0.05,0.6,0.35,5
CGGACACCACCAGTTA,4,0.05,0.6,0.35,5
CGGACACCACGAGAGT,1,0.05,0.6,0.35,5
CGGACACCAGTAGAGC,5,0.05,0.6,0.35,5
CGGACACCATTATCTC,6,0.05,0.6,0.35,5
CGGACACGTATAAACG,4,0.05,0.6,0.35,5
CGGACACGTTAAGATG,0,0.05,0.6,0.35,5
CGGACACGTTTAGGAA,3,0.05,0.6,0.35,5
CGGACACTCGCCAAAT,6,0.05,0.6,0.35,5
CGGACACTCTGTCCGT,8,0.05,0.6,0.35,5
CGGACGTAGGGTGTTG,8,0.05,0.6,0.35,5
CGGACGTAGTGGTAGC,4,0.05,0.6,0.35,5
CGGACGTAGTGTCCAT,6,0.05,0.6,0.35,5
CGGACGTCACAGAGGT,1000,0.05,0.6,0.35,5
CGGACGTGTACGAAAT,1,0.05,0.6,0.35,5
CGGACGTGTAGAGCTG,0,0.05,0.6,0.35,5
CGGACGTGTTCGCTAA,1000,0.05,0.6,0.35,5
CGGACGTGTTGATTCG,3,0.05,0.6,0.35,5
CGGACTGAGAAACCAT,7,0.05,0.6,0.35,5
CGGACTGAGACTACAA,6,0.05,0.6,0.35,5
CGGACTGAGACTAGGC,4,0.05,0.6,0.35,5
CGGACTGAGGCGATAC,3,0.05,0.6,0.35,5
CGGACTGAGTTCCACA,5,0.05,0.6,0.35,5
CGGACTGCAAGAAGAG,8,0.05,0.6,0.35,5
CGGACTGCACAGACTT,3,0.05,0.6,0.35,5
CGGACTGCAGTTCATG,1,0.05,0.6,0.35,5
CGGACTGGTAAACCTC,1000,0.05,0.6,0.35,5
CGGACTGGTAGGGACT,8,0.05,0.6,0.35,5
CGGACTGGTCGTTGTA,7,0.05,0.6,0.35,5
CGGACTGTCAGGCCCA,4,0.05,0.6,0.35,5
CGGACTGTCCTTTCTC,7,0.05,0.6,0.35,5
CGGAGCTAGAGGTTAT,4,0.05,0.6,0.35,5
CGGAGCTAGCTAGGCA,1000,0.05,0.6,0.35,5
CGGAGCTAGGCACATG,2,0.05,0.6,0.35,5
CGGAGCTAGTCCCACG,7,0.05,0.6,0.35,5
CGGAGCTAGTGCTGCC,8,0.05,0.6,0.35,5
CGGAGCTCACAACTGT,3,0.05,0.6,0.35,5
CGGAGCTCAGGTCCAC,4,0.05,0.6,0.35,5
CGGAGCTTCACCACCT,7,0.05,0.6,0.35,5
CGGAGCTTCACTTACT,8,0.05,0.6,0.35,5
CGGAGCTTCTTGACGA,6,0.05,0.6,0.35,5
CGGAGTCAGAGGGCTT,1,0.05,0.6,0.35,5
CGGAGTCAGGACTGGT,8,0.05,0.6,0.35,5
CGGAGTCAGGTGATTA,8,0.05,0.6,0.35,5
CGGAGTCAGTGCGATG,1000,0.05,0.6,0.35,5
CGGAGTCCAGCCAGAA,1,0.05,0.6,0.35,5
CGGAGTCCATATGCTG,8,0.05,0.6,0.35,5
CGGAGTCGTAGAGCTG,1,0.05,0.6,0.35,5
CGGAGTCGTCCATGAT,3,0.05,0.6,0.35,5
CGGAGTCGTCCGAATT,3,0.05,0.6,0.35,5
CGGAGTCTCGGGAGTA,7,0.05,0.6,0.35,5
CGGAGTCTCTCCCTGA,1000,0.05,0.6,0.35,5
CGGCTAGAGAGATGAG,3,0.05,0.6,0.35,5
CGGCTAGCAGCAGTTT,1,0.05,0.6,0.35,5
CGGCTAGGTCTCAACA,2,0.05,0.6,0.35,5
CGGCTAGGTGTTCTTT,6,0.05,0.6,0.35,5
CGGCTAGTCACGCGGT,7,0.05,0.6,0.35,5
CGGCTAGTCGCGTTTC,1,0.05,0.6,0.35,5
CGGCTAGTCGGAGCAA,8,0.05,0.6,0.35,5
CGGCTAGTCGGCATCG,5,0.05,0.6,0.35,5
CGGCTAGTCGGTCCGA,7,0.05,0.6,0.35,5
CGGGTCAAGAATCTCC,1,0.05,0.6,0.35,5
CGGGTCAAGCGTAGTG,1,0.05,0.6,0.35,5
CGGGTCAAGGAGTCTG,5,0.05,0.6,0.35,5
CGGGTCAAGTACCGGA,1,0.05,0.6,0.35,5
CGGGTCACATTAACCG,6,0.05,0.6,0.35,5
CGGGTCAGTGCGCTTG,3,0.05,0.6,0.35,5
CGGGTCATCACAACGT,1,0.05,0.6,0.35,5
CGGGTCATCGGCGCTA,1,0.05,0.6,0.35,5
CGGGTCATCTTTAGGG,6,0.05,0.6,0.35,5
CGGTTAACAAGTTAAG,3,0.05,0.6,0.35,5
CGGTTAACAGATTGCT,7,0.05,0.6,0.35,5
CGGTTAACAGTTTACG,7,0.05,0.6,0.35,5
CGGTTAAGTTTCCACC,2,0.05,0.6,0.35,5
CGGTTAATCCTCATTA,5,0.05,0.6,0.35,5
CGGTTAATCTCGAGTA,6,0.05,0.6,0.35,5
CGGTTAATCTTGTATC,2,0.05,0.6,0.35,5
CGTAGCGAGACAATAC,1,0.05,0.6,0.35,5
CGTAGCGAGTCTCAAC,2,0.05,0.6,0.35,5
CGTAGCGCAAGGTTTC,2,0.05,0.6,0.35,5
CGTAGCGCACGTTGGC,5,0.05,0.6,0.35,5
CGTAGCGGTCGAATCT,3,0.05,0.6,0.35,5
CGTAGCGGTGGTAACG,1000,0.05,0.6,0.35,5
CGTAGCGGTTCGTGAT,1,0.05,0.6,0.35,5
CGTAGCGTCCAAACAC,2,0.05,0.6,0.35,5
CGTAGCGTCTGTCTAT,0,0.05,0.6,0.35,5
CGTAGGCAGACTAAGT,3,0.05,0.6,0.35,5
CGTAGGCAGGGCTTCC,7,0.05,0.6,0.35,5
CGTAGGCCAAGAGGCT,6,0.05,0.6,0.35,5
CGTAGGCCACCTTGTC,4,0.05,0.6,0.35,5
CGTAGGCGTCGCATAT,5,0.05,0.6,0.35,5
CGTAGGCGTGTGAAAT,1,0.05,0.6,0.35,5
CGTAGGCTCACGGTTA,3,0.05,0.6,0.35,5
CGTAGGCTCAGCCTAA,5,0.05,0.6,0.35,5
CGTAGGCTCCCACTTG,3,0.05,0.6,0.35,5
CGTAGGCTCCTCAATT,8,0.05,0.6,0.35,5
CGTAGGCTCTATCGCC,8,0.05,0.6,0.35,5
CGTCACTAGCCAGGAT,7,0.05,0.6,0.35,5
CGTCACTAGGCAGGTT,2,0.05,0.6,0.35,5
CGTCACTAGGGATCTG,8,0.05,0.6,0.35,5
CGTCACTGTCGCGGTT,5,0.05,0.6,0.35,5
CGTCACTTCGGAAATA,7,0.05,0.6,0.35,5
CGTCAGGAGCTAAACA,1,0.05,0.6,0.35,5
CGTCAGGCAATAGAGT,8,0.05,0.6,0.35,5
CGTCAGGGTTCAACCA,4,0.05,0.6,0.35,5
CGTCAGGTCATGCTCC,1000,0.05,0.6,0.35,5
CGTCAGGTCCTACAGA,8,0.05,0.6,0.35,5
CGTCAGGTCTTACCGC,2,0.05,0.6,0.35,5
CGTCCATAGCCAGAAC,0,0.05,0.6,0.35,5
CGTCCATAGCGTTGCC,1,0.05,0.6,0.35,5
CGTCCATAGGTGATAT,4,0.05,0.6,0.35,5
CGTCCATCAATCACAC,1,0.05,0.6,0.35,5
CGTCCATCACCAGGTC,1,0.05,0.6,0.35,5
CGTCCATCACTTAACG,3,0.05,0.6,0.35,5
CGTCCATCAGTACACT,1,0.05,0.6,0.35,5
CGTCCATCATATGGTC,3,0.05,0.6,0.35,5
CGTCCATCATCCGCGA,1,0.05,0.6,0.35,5
CGTCCATGTTGGACCC,5,0.05,0.6,0.35,5
CGTCCATTCTGAGTGT,5,0.05,0.6,0.35,5
CGTCTACAGACGCACA,5,0.05,0.6,0.35,5
CGTCTACAGATATACG,4,0.05,0.6,0.35,5
CGTCTACAGATATGGT,2,0.05,0.6,0.35,5
CGTCTACAGTTCGCAT,2,0.05,0.6,0.35,5
CGTCTACCAAACGTGG,6,0.05,0.6,0.35,5
CGTCTACCACATCCGG,6,0.05,0.6,0.35,5
CGTCTACCACCCAGTG,5,0.05,0.6,0.35,5
CGTCTACCACTTGGAT,2,0.05,0.6,0.35,5
CGTCTACCAGACGCTC,4,0.05,0.6,0.35,5
CGTCTACCAGTGGAGT,3,0.05,0.6,0.35,5
CGTCTACCATTTCACT,3,0.05,0.6,0.35,5
CGTCTACGTCAAACTC,1,0.05,0.6,0.35,5
CGTCTACGTCATCCCT,1000,0.05,0.6,0.35,5
CGTCTACGTCGGCATC,7,0.05,0.6,0.35,5
CGTCTACGTCTTTCAT,1,0.05,0.6,0.35,5
CGTCTACGTGGTACAG,1000,0.05,0.6,0.35,5
CGTCTACTCCACGCAG,1000,0.05,0.6,0.35,5
CGTCTACTCGCCATAA,8,0.05,0.6,0.35,5
CGTCTACTCTTAACCT,4,0.05,0.6,0.35,5
CGTGAGCAGAATAGGG,5,0.05,0.6,0.35,5
CGTGAGCAGCTAAACA,6,0.05,0.6,0.35,5
CGTGAGCAGTACACCT,5,0.05,0.6,0.35,5
CGTGAGCCAGTTCATG,3,0.05,0.6,0.35,5
CGTGAGCCATTACCTT,1000,0.05,0.6,0.35,5
CGTGAGCCATTGGCGC,1,0.05,0.6,0.35,5
CGTGAGCGTCTCTCTG,2,0.05,0.6,0.35,5
CGTGAGCGTGCAACGA,2,0.05,0.6,0.35,5
CGTGAGCTCATTGCCC,7,0.05,0.6,0.35,5
CGTGAGCTCTACCAGA,8,0.05,0.6,0.35,5
CGTGTAAAGAAGGGTA,2,0.05,0.6,0.35,5
CGTGTAAAGATATGCA,3,0.05,0.6,0.35,5
CGTGTAAAGCCCAACC,3,0.05,0.6,0.35,5
CGTGTAAAGTTCGCGC,7,0.05,0.6,0.35,5
CGTGTAACAGGTCTCG,5,0.05,0.6,0.35,5
CGTGTAACAGTATAAG,1000,0.05,0.6,0.35,5
CGTGTAACATGCCACG,7,0.05,0.6,0.35,5
CGTGTAAGTAACGACG,1000,0.05,0.6,0.35,5
CGTGTAAGTAAGGGCT,5,0.05,0.6,0.35,5
CGTGTAAGTACTCTCC,4,0.05,0.6,0.35,5
CGTGTAAGTATCTGCA,3,0.05,0.6,0.35,5
CGTGTAAGTGCAGACA,4,0.05,0.6,0.35,5
CGTGTAAGTGCGAAAC,4,0.05,0.6,0.35,5
CGTGTAAGTGTGCGTC,7,0.05,0.6,0.35,5
CGTGTAATCACTTATC,1,0.05,0.6,0.35,5
CGTGTAATCGGTTCGG,1000,0.05,0.6,0.35,5
CGTGTCTAGCACACAG,3,0.05,0.6,0.35,5
CGTGTCTCATGCATGT,2,0.05,0.6,0.35,5
CGTGTCTGTACAGACG,3,0.05,0.6,0.35,5
CGTGTCTGTACCGCTG,7,0.05,0.6,0.35,5
CGTGTCTGTCTCACCT,4,0.05,0.6,0.35,5
CGTGTCTGTCTGCGGT,5,0.05,0.6,0.35,5
CGTGTCTGTGCCTGTG,8,0.05,0.6,0.35,5
CGTGTCTGTTCCACGG,1,0.05,0.6,0.35,5
CGTGTCTGTTGTCTTT,5,0.05,0.6,0.35,5
CGTGTCTTCAATCACG,6,0.05,0.6,0.35,5
CGTGTCTTCACCCTCA,5,0.05,0.6,0.35,5
CGTGTCTTCCTTCAAT,0,0.05,0.6,0.35,5
CGTGTCTTCGGAAACG,8,0.05,0.6,0.35,5
CGTGTCTTCGGACAAG,1000,0.05,0.6,0.35,5
CGTGTCTTCGGCCGAT,8,0.05,0.6,0.35,5
CGTGTCTTCGTAGGTT,1,0.05,0.6,0.35,5
CGTGTCTTCTGTCCGT,5,0.05,0.6,0.35,5
CGTTAGAAGACCGGAT,4,0.05,0.6,0.35,5
CGTTAGAAGTGGGATC,2,0.05,0.6,0.35,5
CGTTAGAAGTTTGCGT,1,0.05,0.6,0.35,5
CGTTAGACAACGATGG,3,0.05,0.6,0.35,5
CGTTAGACAAGCCTAT,5,0.05,0.6,0.35,5
CGTTAGACACCAACCG,1000,0.05,0.6,0.35,5
CGTTAGAGTTGGTTTG,1,0.05,0.6,0.35,5
CGTTAGATCAGTTGAC,5,0.05,0.6,0.35,5
CGTTCTGAGATAGGAG,1000,0.05,0.6,0.35,5
CGTTCTGCACGGTTTA,5,0.05,0.6,0.35,5
CGTTCTGGTAGGGTAC,1,0.05,0.6,0.35,5
CGTTCTGGTTAAGGGC,1000,0.05,0.6,0.35,5
CGTTCTGGTTACGCGC,6,0.05,0.6,0.35,5
CGTTCTGTCACCGTAA,2,0.05,0.6,0.35,5
CGTTCTGTCCAAGTAC,3,0.05,0.6,0.35,5
CGTTCTGTCCTTTACA,3,0.05,0.6,0.35,5
CGTTCTGTCGGCGCTA,5,0.05,0.6,0.35,5
CGTTCTGTCTGAGGGA,2,0.05,0.6,0.35,5
CGTTGGGAGGGATCTG,4,0.05,0.6,0.35,5
CGTTGGGAGTCCGGTC,1000,0.05,0.6,0.35,5
CGTTGGGAGTTGAGAT,8,0.05,0.6,0.35,5
CGTTGGGCAAGTCATC,3,0.05,0.6,0.35,5
CGTTGGGCACAGCGTC,2,0.05,0.6,0.35,5
CGTTGGGCATTGGGCC,8,0.05,0.6,0.35,5
CGTTGGGGTGCAGGTA,7,0.05,0.6,0.35,5
CGTTGGGTCGTGACAT,1,0.05,0.6,0.35,5
CGTTGGGTCTTGGGTA,5,0.05,0.6,0.35,5
CTAACTTAGAGAACAG,7,0.05,0.6,0.35,5
CTAACTTAGATGTCGG,7,0.05,0.6,0.35,5
CTAACTTAGATGTGGC,1,0.05,0.6,0.35,5
CTAACTTAGCAGCCTC,1,0.05,0.6,0.35,5
CTAACTTAGGTAGCTG,3,0.05,0.6,0.35,5
CTAACTTAGGTGCACA,4,0.05,0.6,0.35,5
CTAACTTAGTCATCCA,3,0.05,0.6,0.35,5
CTAACTTCACCGCTAG,2,0.05,0.6,0.35,5
CTAACTTCAGGCAGTA,4,0.05,0.6,0.35,5
CTAACTTGTATATCCG,1000,0.05,0.6,0.35,5
CTAACTTTCAGTTCGA,1000,0.05,0.6,0.35,5
CTAACTTTCATTTGGG,8,0.05,0.6,0.35,5
CTAAGACAGACCTAGG,2,0.05,0.6,0.35,5
CTAAGACAGGGTGTGT,7,0.05,0.6,0.35,5
CTAAGACAGTGCAAGC,3,0.05,0.6,0.35,5
CTAAGACAGTGCTGCC,1000,0.05,0.6,0.35,5
CTAAGACCAAATCCGT,3,0.05,0.6,0.35,5
CTAAGACCATAAGACA,8,0.05,0.6,0.35,5
CTAAGACGTACAGTTC,1000,0.05,0.6,0.35,5
CTAAGACGTTCATGGT,5,0.05,0.6,0.35,5
CTAAGACTCACTATTC,4,0.05,0.6,0.35,5
CTAAGACTCCAAATGC,1,0.05,0.6,0.35,5
CTAAGACTCCACGTGG,2,0.05,0.6,0.35,5
CTAAGACTCGGTCCGA,1,0.05,0.6,0.35,5
CTAATGGAGCTCTCGG,3,0.05,0.6,0.35,5
CTAATGGAGTTTAGGA,2,0.05,0.6,0.35,5
CTAATGGCAATGGAGC,0,0.05,0.6,0.35,5
CTAATGGCACCCTATC,1,0.05,0.6,0.35,5
CTAATGGCACTGTGTA,4,0.05,0.6,0.35,5
CTAATGGCAGAGTGTG,7,0.05,0.6,0.35,5
CTAATGGTCAACGGGA,7,0.05,0.6,0.35,5
CTAATGGTCGAGAACG,1,0.05,0.6,0.35,5
CTACACCAGAAGGCCT,4,0.05,0.6,0.35,5
CTACACCAGTGGAGAA,8,0.05,0.6,0.35,5
CTACACCCATGCTGGC,1,0.05,0.6,0.35,5
CTACACCGTAAGTTCC,1000,0.05,0.6,0.35,5
CTACACCGTAGGCTGA,1000,0.05,0.6,0.35,5
CTACACCGTGACTCAT,1,0.05,0.6,0.35,5
CTACACCTCAGATAAG,4,0.05,0.6,0.35,5
CTACACCTCCGAAGAG,2,0.05,0.6,0.35,5
CTACATTAGACGACGT,7,0.05,0.6,0.35,5
CTACATTAGTTGTAGA,3,0.05,0.6,0.35,5
CTACATTAGTTGTCGT,3,0.05,0.6,0.35,5
CTACATTCACCATGTA,7,0.05,0.6,0.35,5
CTACATTCACGTTGGC,7,0.05,0.6,0.35,5
CTACATTCAGAAGCAC,7,0.05,0.6,0.35,5
CTACATTCAGATAATG,8,0.05,0.6,0.35,5
CTACATTCAGCTATTG,1000,0.05,0.6,0.35,5
CTACATTGTAGCGCTC,3,0.05,0.6,0.35,5
CTACATTGTGTTAAGA,1000,0.05,0.6,0.35,5
CTACATTTCATGTCCC,3,0.05,0.6,0.35,5
CTACCCAAGATGTTAG,4,0.05,0.6,0.35,5
CTACCCAAGTACGCGA,6,0.05,0.6,0.35,5
CTACCCAAGTGGTCCC,8,0.05,0.6,0.35,5
CTACCCACAAGAGGCT,8,0.05,0.6,0.35,5
CTACCCACAATAGCGG,6,0.05,0.6,0.35,5
CTACCCACACTTCGAA,1,0.05,0.6,0.35,5
CTACCCACAGTCCTTC,2,0.05,0.6,0.35,5
CTACCCACATCGTCGG,7,0.05,0.6,0.35,5
CTACCCAGTAGGCTGA,4,0.05,0.6,0.35,5
CTACCCAGTCATGCCG,4,0.05,0.6,0.35,5
CTACCCAGTTATCGGT,6,0.05,0.6,0.35,5
CTACCCATCAGCTCTC,3,0.05,0.6,0.35,5
CTACCCATCATAACCG,7,0.05,0.6,0.35,5
CTACCCATCTGTCCGT,1,0.05,0.6,0.35,5
CTACGTCAGGATGTAT,1,0.05,0.6,0.35,5
CTACGTCAGGCAATTA,3,0.05,0.6,0.35,5
CTACGTCAGTAGGCCA,4,0.05,0.6,0.35,5
CTACGTCCACTTACGA,3,0.05,0.6,0.35,5
CTACGTCCAGGGATTG,4,0.05,0.6,0.35,5
CTACGTCCAGTAAGAT,1000,0.05,0.6,0.35,5
CTACGTCCATACAGCT,6,0.05,0.6,0.35,5
CTACGTCGTACTTAGC,5,0.05,0.6,0.35,5
CTACGTCGTCGACTAT,3,0.05,0.6,0.35,5
CTACGTCGTTGGTTTG,8,0.05,0.6,0.35,5
CTACGTCTCAATAAGG,1,0.05,0.6,0.35,5
CTACGTCTCACAACGT,5,0.05,0.6,0.35,5
CTACGTCTCGGTCCGA,3,0.05,0.6,0.35,5
CTACGTCTCGTAGATC,4,0.05,0.6,0.35,5
CTACGTCTCTTACCGC,5,0.05,0.6,0.35,5
CTACGTCTCTTCAACT,5,0.05,0.6,0.35,5
CTAGAGTAGAAACCGC,7,0.05,0.6,0.35,5
CTAGAGTAGTGGTAGC,7,0.05,0.6,0.35,5
CTAGAGTCAATGGTCT,4,0.05,0.6,0.35,5
CTAGAGTCACTTACGA,2,0.05,0.6,0.35,5
CTAGAGTCATACGCCG,4,0.05,0.6,0.35,5
CTAGAGTCATCACGTA,6,0.05,0.6,0.35,5
CTAGAGTGTACCCAAT,8,0.05,0.6,0.35,5
CTAGAGTGTGGTCCGT,4,0.05,0.6,0.35,5
CTAGAGTTCCTTCAAT,5,0.05,0.6,0.35,5
CTAGAGTTCGTTTGCC,7,0.05,0.6,0.35,5
CTAGCCTAGCCAGGAT,7,0.05,0.6,0.35,5
CTAGCCTAGGGCTTGA,4,0.05,0.6,0.35,5
CTAGCCTAGTCCATAC,7,0.05,0.6,0.35,5
CTAGCCTAGTCGTACT,5,0.05,0.6,0.35,5
CTAGCCTAGTCTCCTC,4,0.05,0.6,0.35,5
CTAGCCTGTTCACCTC,8,0.05,0.6,0.35,5
CTAGCCTTCACTCCTG,8,0.05,0.6,0.35,5
CTAGCCTTCAGGCCCA,1000,0.05,0.6,0.35,5
CTAGCCTTCATGCAAC,1,0.05,0.6,0.35,5
CTAGCCTTCATGCATG,6,0.05,0.6,0.35,5
CTAGCCTTCTCAAACG,4,0.05,0.6,0.35,5
CTAGTGAAGATGTTAG,1,0.05,0.6,0.35,5
CTAGTGAAGGAGTACC,2,0.05,0.6,0.35,5
CTAGTGAAGGGTATCG,4,0.05,0.6,0.35,5
CTAGTGACAATAGCGG,3,0.05,0.6,0.35,5
CTAGTGACAATCAGAA,4,0.05,0.6,0.35,5
CTAGTGACAGCCTTGG,1,0.05,0.6,0.35,5
CTAGTGAGTGATGCCC,3,0.05,0.6,0.35,5
CTAGTGAGTTAAAGTG,3,0.05,0.6,0.35,5
CTAGTGAGTTCCCGAG,2,0.05,0.6,0.35,5
CTAGTGATCAGCGACC,4,0.05,0.6,0.35,5
CTAGTGATCGAATGGG,0,0.05,0.6,0.35,5
CTAGTGATCTCTTATG,1,0.05,0.6,0.35,5
CTCACACAGAGAACAG,2,0.05,0.6,0.35,5
CTCACACCAATCAGAA,4,0.05,0.6,0.35,5
CTCACACCACGGTTTA,2,0.05,0.6,0.35,5
CTCACACCAGATCTGT,7,0.05,0.6,0.35,5
CTCACACGTACAGTTC,4,0.05,0.6,0.35,5
CTCACACGTAGTGAAT,7,0.05,0.6,0.35,5
CTCACACGTTGTACAC,5,0.05,0.6,0.35,5
CTCACACGTTGTTTGG,6,0.05,0.6,0.35,5
CTCACACTCGCGATCG,3,0.05,0.6,0.35,5
CTCACACTCGGTCTAA,6,0.05,0.6,0.35,5
CTCACACTCTTCGGTC,5,0.05,0.6,0.35,5
CTCACACTCTTGTCAT,3,0.05,0.6,0.35,5
CTCAGAAAGACTACAA,4,0.05,0.6,0.35,5
CTCAGAAAGATGTAAC,2,0.05,0.6,0.35,5
CTCAGAAAGCTTCGCG,2,0.05,0.6,0.35,5
CTCAGAAAGTCGCCGT,4,0.05,0.6,0.35,5
CTCAGAACACGGCCAT,8,0.05,0.6,0.35,5
CTCAGAACACGTAAGG,8,0.05,0.6,0.35,5
CTCAGAACATATACCG,7,0.05,0.6,0.35,5
CTCAGAACATTCTCAT,3,0.05,0.6,0.35,5
CTCAGAAGTACCCAAT,7,0.05,0.6,0.35,5
CTCAGAAGTATAATGG,4,0.05,0.6,0.35,5
CTCAGAAGTCAGTGGA,6,0.05,0.6,0.35,5
CTCAGAAGTTAAGATG,4,0.05,0.6,0.35,5
CTCAGAAGTTCAACCA,4,0.05,0.6,0.35,5
CTCAGAAGTTCAGTAC,8,0.05,0.6,0.35,5
CTCAGAAGTTGGGACA,1,0.05,0.6,0.35,5
CTCAGAATCCCGGATG,4,0.05,0.6,0.35,5
CTCAGAATCGTCTGAA,4,0.05,0.6,0.35,5
CTCAGAATCTTAGAGC,1000,0.05,0.6,0.35,5
CTCATTAAGAACAATC,5,0.05,0.6,0.35,5
CTCATTAAGTCTCGGC,5,0.05,0.6,0.35,5
CTCATTACACCGAAAG,5,0.05,0.6,0.35,5
CTCATTACAGGACCCT,3,0.05,0.6,0.35,5
CTCATTACAGGTCGTC,3,0.05,0.6,0.35,5
CTCATTACATCGGACC,2,0.05,0.6,0.35,5
CTCATTACATTCCTCG,1,0.05,0.6,0.35,5
CTCATTAGTAAACGCG,7,0.05,0.6,0.35,5
CTCATTAGTAAGTTCC,1,0.05,0.6,0.35,5
CTCATTAGTGCAACTT,1,0.05,0.6,0.35,5
CTCATTAGTGCCTGGT,5,0.05,0.6,0.35,5
CTCATTAGTGTAAGTA,6,0.05,0.6,0.35,5
CTCATTATCGAGAGCA,2,0.05,0.6,0.35,5
CTCATTATCGCGTTTC,5,0.05,0.6,0.35,5
CTCCTAGAGAGGTTGC,4,0.05,0.6,0.35,5
CTCCTAGAGATCTGAA,8,0.05,0.6,0.35,5
CTCCTAGAGGACACCA,6,0.05,0.6,0.35,5
CTCCTAGAGTCACGCC,4,0.05,0.6,0.35,5
CTCCTAGCAATCTACG,6,0.05,0.6,0.35,5
CTCCTAGCACCAACCG,7,0.05,0.6,0.35,5
CTCCTAGCACCTGGTG,1000,0.05,0.6,0.35,5
CTCCTAGCATATGAGA,1000,0.05,0.6,0.35,5
CTCCTAGTCACGAAGG,7,0.05,0.6,0.35,5
CTCCTAGTCGCGCCAA,1000,0.05,0.6,0.35,5
CTCCTAGTCGTTACAG,1000,0.05,0.6,0.35,5
CTCCTAGTCTTCGAGA,4,0.05,0.6,0.35,5
CTCGAAAAGCCTATGT,2,0.05,0.6,0.35,5
CTCGAAAAGCTCTCGG,5,0.05,0.6,0.35,5
CTCGAAAAGGTGATAT,4,0.05,0.6,0.35,5
CTCGAAAAGGTGTGGT,2,0.05,0.6,0.35,5
CTCGAAAAGTGGAGAA,2,0.05,0.6,0.35,5
CTCGAAAAGTTACGGG,7,0.05,0.6,0.35,5
CTCGAAAGTGTTGAGG,7,0.05,0.6,0.35,5
CTCGAAATCAATCACG,7,0.05,0.6,0.35,5
CTCGAAATCACCAGGC,5,0.05,0.6,0.35,5
CTCGAAATCGACCAGC,1000,0.05,0.6,0.35,5
CTCGAGGCACAGAGGT,5,0.05,0.6,0.35,5
CTCGAGGGTAAGGGCT,3,0.05,0.6,0.35,5
CTCGAGGGTACCGTAT,4,0.05,0.6,0.35,5
CTCGAGGGTCCGCTGA,4,0.05,0.6,0.35,5
CTCGAGGGTGACAAAT,2,0.05,0.6,0.35,5
CTCGAGGGTTAAGGGC,3,0.05,0.6,0.35,5
CTCGAGGTCAAGCCTA,1,0.05,0.6,0.35,5
CTCGAGGTCGCCGTGA,2,0.05,0.6,0.35,5
CTCGAGGTCTTTAGTC,4,0.05,0.6,0.35,5
CTCGGAGAGTAACCCT,4,0.05,0.6,0.35,5
CTCGGAGCAACGATGG,1,0.05,0.6,0.35,5
CTCGGAGCACGACTCG,8,0.05,0.6,0.35,5
CTCGGAGCACTGCCAG,8,0.05,0.6,0.35,5
CTCGGAGCAGGGATTG,5,0.05,0.6,0.35,5
CTCGGAGTCAACGGGA,8,0.05,0.6,0.35,5
CTCGGAGTCAAGATCC,5,0.05,0.6,0.35,5
CTCGGAGTCTAGCACA,8,0.05,0.6,0.35,5
CTCGGAGTCTGATACG,1000,0.05,0.6,0.35,5
CTCGGGACAATGGAGC,0,0.05,0.6,0.35,5
CTCGGGAGTCTAAACC,3,0.05,0.6,0.35,5
CTCGGGATCACATAGC,3,0.05,0.6,0.35,5
CTCGTACAGCCTATGT,5,0.05,0.6,0.35,5
CTCGTACAGTGGAGTC,7,0.05,0.6,0.35,5
CTCGTACCAATGTTGC,4,0.05,0.6,0.35,5
CTCGTACCAGTTCCCT,5,0.05,0.6,0.35,5
CTCGTACCATTAACCG,4,0.05,0.6,0.35,5
CTCGTACGTACAGTTC,5,0.05,0.6,0.35,5
CTCGTACGTATGAATG,2,0.05,0.6,0.35,5
CTCGTACGTGCACTTA,8,0.05,0.6,0.35,5
CTCGTACGTGGTCCGT,4,0.05,0.6,0.35,5
CTCGTACTCACCTCGT,8,0.05,0.6,0.35,5
CTCGTACTCAGTTGAC,1000,0.05,0.6,0.35,5
CTCGTACTCGACGGAA,5,0.05,0.6,0.35,5
CTCGTACTCTCCTATA,6,0.05,0.6,0.35,5
CTCGTCAGTCAGAAGC,4,0.05,0.6,0.35,5
CTCGTCAGTCTGATCA,1,0.05,0.6,0.35,5
CTCGTCATCCGCATCT,5,0.05,0.6,0.35,5
CTCGTCATCGCATGAT,2,0.05,0.6,0.35,5
CTCGTCATCGGTGTTA,2,0.05,0.6,0.35,5
CTCTAATAGCGCTCCA,4,0.05,0.6,0.35,5
CTCTAATAGGAATGGA,4,0.05,0.6,0.35,5
CTCTAATAGGCATTGG,7,0.05,0.6,0.35,5
CTCTAATCAACACGCC,1000,0.05,0.6,0.35,5
CTCTAATCAATAGCAA,5,0.05,0.6,0.35,5
CTCTAATCAGACGCCT,1000,0.05,0.6,0.35,5
CTCTAATGTACCTACA,3,0.05,0.6,0.35,5
CTCTAATGTACTCAAC,6,0.05,0.6,0.35,5
CTCTAATGTATGCTTG,1000,0.05,0.6,0.35,5
CTCTAATGTCACCTAA,3,0.05,0.6,0.35,5
CTCTAATGTCCCGACA,4,0.05,0.6,0.35,5
CTCTAATTCCGTCAAA,8,0.05,0.6,0.35,5
CTCTAATTCTGGCGAC,3,0.05,0.6,0.35,5
CTCTAATTCTTGCATT,0,0.05,0.6,0.35,5
CTCTACGAGATGAGAG,4,0.05,0.6,0.35,5
CTCTACGAGCGTGAAC,1,0.05,0.6,0.35,5
CTCTACGAGTGCCAGA,2,0.05,0.6,0.35,5
CTCTACGAGTGGGATC,7,0.05,0.6,0.35,5
CTCTACGGTCCGTCAG,2,0.05,0.6,0.35,5
CTCTACGGTGGTCCGT,5,0.05,0.6,0.35,5
CTCTACGTCAGCGATT,3,0.05,0.6,0.35,5
CTCTACGTCCGTTGTC,1,0.05,0.6,0.35,5
CTCTGGTCAACGATCT,1000,0.05,0.6,0.35,5
CTCTGGTCAACTGGCC,8,0.05,0.6,0.35,5
CTCTGGTCAGACGCAA,3,0.05,0.6,0.35,5
CTCTGGTCAGTCGTGC,6,0.05,0.6,0.35,5
CTCTGGTCATCCCACT,7,0.05,0.6,0.35,5
CTCTGGTCATGCAACT,1000,0.05,0.6,0.35,5
CTCTGGTGTAAATGAC,1,0.05,0.6,0.35,5
CTCTGGTGTAACGACG,6,0.05,0.6,0.35,5
CTCTGGTGTATATCCG,4,0.05,0.6,0.35,5
CTCTGGTGTCACAAGG,5,0.05,0.6,0.35,5
CTCTGGTGTTAAGACA,7,0.05,0.6,0.35,5
CTCTGGTTCAACTCTT,7,0.05,0.6,0.35,5
CTCTGGTTCCTAGAAC,1,0.05,0.6,0.35,5
CTCTGGTTCGGATGTT,8,0.05,0.6,0.35,5
CTGAAACCAGATCCAT,2,0.05,0.6,0.35,5
CTGAAACCAGGAACGT,8,0.05,0.6,0.35,5
CTGAAACCATGTTGAC,1000,0.05,0.6,0.35,5
CTGAAACGTAAGGGCT,3,0.05,0.6,0.35,5
CTGAAACTCAATAAGG,2,0.05,0.6,0.35,5
CTGAAACTCACAGGCC,7,0.05,0.6,0.35,5
CTGAAACTCTCAAGTG,2,0.05,0.6,0.35,5
CTGAAGTAGCGCTTAT,8,0.05,0.6,0.35,5
CTGAAGTAGGCTATCT,6,0.05,0.6,0.35,5
CTGAAGTAGTTATCGC,2,0.05,0.6,0.35,5
CTGAAGTGTAATAGCA,4,0.05,0.6,0.35,5
CTGAAGTGTGCAGTAG,2,0.05,0.6,0.35,5
CTGAAGTTCAACGCTA,8,0.05,0.6,0.35,5
CTGAAGTTCCACGACG,7,0.05,0.6,0.35,5
CTGAAGTTCGTACGGC,1,0.05,0.6,0.35,5
CTGAAGTTCTGCTGTC,2,0.05,0.6,0.35,5
CTGATAGAGTCCGGTC,7,0.05,0.6,0.35,5
CTGATAGAGTGCAAGC,3,0.05,0.6,0.35,5
CTGATAGCATAGGATA,4,0.05,0.6,0.35,5
CTGATAGGTACCATCA,7,0.05,0.6,0.35,5
CTGATAGGTCAGAAGC,7,0.05,0.6,0.35,5
CTGATAGGTGTGTGCC,4,0.05,0.6,0.35,5
CTGATCCAGCTAACAA,1000,0.05,0.6,0.35,5
CTGATCCAGCTGAAAT,2,0.05,0.6,0.35,5
CTGATCCAGTGGGTTG,0,0.05,0.6,0.35,5
CTGATCCAGTGTACCT,6,0.05,0.6,0.35,5
CTGATCCAGTTAACGA,1,0.05,0.6,0.35,5
CTGATCCCAACTGGCC,4,0.05,0.6,0.35,5
CTGATCCCAAGTTCTG,6,0.05,0.6,0.35,5
CTGATCCCAGGTGCCT,8,0.05,0.6,0.35,5
CTGATCCGTGAAAGAG,2,0.05,0.6,0.35,5
CTGATCCGTTCCCGAG,4,0.05,0.6,0.35,5
CTGATCCTCACCTCGT,8,0.05,0.6,0.35,5
CTGATCCTCAGTGCAT,1000,0.05,0.6,0.35,5
CTGATCCTCATAAAGG,8,0.05,0.6,0.35,5
CTGCCTACACACCGAC,1000,0.05,0.6,0.35,5
CTGCCTACACATGGGA,5,0.05,0.6,0.35,5
CTGCCTACACTTGGAT,1,0.05,0.6,0.35,5
CTGCCTAGTAGAGGAA,7,0.05,0.6,0.35,5
CTGCCTAGTCGCGGTT,6,0.05,0.6,0.35,5
CTGCCTAGTCTCTTTA,1000,0.05,0.6,0.35,5
CTGCCTAGTTACGACT,7,0.05,0.6,0.35,5
CTGCCTAGTTCCACGG,3,0.05,0.6,0.35,5
CTGCCTAGTTGGTTTG,1,0.05,0.6,0.35,5
CTGCCTATCACCAGGC,7,0.05,0.6,0.35,5
CTGCGGAAGCCGGTAA,8,0.05,0.6,0.35,5
CTGCGGAAGCTAAGAT,7,0.05,0.6,0.35,5
CTGCGGACAAGAAAGG,4,0.05,0.6,0.35,5
CTGCGGAGTTGTGGAG,1,0.05,0.6,0.35,5
CTGCGGATCCTGTAGA,2,0.05,0.6,0.35,5
CTGCGGATCTCCGGTT,4,0.05,0.6,0.35,5
CTGCTGTAGGCGACAT,0,0.05,0.6,0.35,5
CTGCTGTCAAACGTGG,5,0.05,0.6,0.35,5
CTGCTGTCAGTCAGCC,4,0.05,0.6,0.35,5
CTGCTGTCATCCTTGC,6,0.05,0.6,0.35,5
CTGCTGTCATGATCCA,2,0.05,0.6,0.35,5
CTGCTGTGTAGCAAAT,7,0.05,0.6,0.35,5
CTGCTGTGTATAGGTA,4,0.05,0.6,0.35,5
CTGCTGTGTTAAAGTG,1000,0.05,0.6,0.35,5
CTGCTGTGTTTAGGAA,4,0.05,0.6,0.35,5
CTGCTGTTCTGCTGTC,8,0.05,0.6,0.35,5
CTGCTGTTCTGTCAAG,2,0.05,0.6,0.35,5
CTGGTCTAGAAGGGTA,1,0.05,0.6,0.35,5
CTGGTCTAGCTAACTC,8,0.05,0.6,0.35,5
CTGGTCTAGGGAGTAA,6,0.05,0.6,0.35,5
CTGGTCTCACCAGTTA,1000,0.05,0.6,0.35,5
CTGGTCTCACCTATCC,7,0.05,0.6,0.35,5
CTGGTCTCAGGAATCG,7,0.05,0.6,0.35,5
CTGGTCTCATACGCCG,7,0.05,0.6,0.35,5
CTGGTCTGTCAACTGT,1,0.05,0.6,0.35,5
CTGGTCTGTCCTAGCG,2,0.05,0.6,0.35,5
CTGGTCTTCACAGGCC,2,0.05,0.6,0.35,5
CTGGTCTTCGAACGGA,6,0.05,0.6,0.35,5
CTGTGCTAGCTCTCGG,6,0.05,0.6,0.35,5
CTGTGCTAGGATGCGT,8,0.05,0.6,0.35,5
CTGTGCTAGTAAGTAC,6,0.05,0.6,0.35,5
CTGTGCTAGTATGACA,2,0.05,0.6,0.35,5
CTGTGCTAGTGCCAGA,6,0.05,0.6,0.35,5
CTGTGCTAGTTAACGA,3,0.05,0.6,0.35,5
CTGTGCTCACACATGT,4,0.05,0.6,0.35,5
CTGTGCTCATCCAACA,2,0.05,0.6,0.35,5
CTGTGCTGTAGCGATG,1000,0.05,0.6,0.35,5
CTGTGCTTCTAGAGTC,2,0.05,0.6,0.35,5
CTGTGCTTCTGTTGAG,1,0.05,0.6,0.35,5
CTGTTTAAGCAGATCG,6,0.05,0.6,0.35,5
CTGTTTAAGCCCTAAT,6,0.05,0.6,0.35,5
CTGTTTAAGTGACTCT,8,0.05,0.6,0.35,5
CTGTTTACACGGTAAG,3,0.05,0.6,0.35,5
CTGTTTACATGGTCTA,7,0.05,0.6,0.35,5
CTGTTTAGTGAGCGAT,4,0.05,0.6,0.35,5
CTGTTTATCTACCTGC,6,0.05,0.6,0.35,5
CTGTTTATCTTGCCGT,8,0.05,0.6,0.35,5
CTTAACTAGGCACATG,1000,0.05,0.6,0.35,5
CTTAACTAGTTGCAGG,2,0.05,0.6,0.35,5
CTTAACTCAGTCGTGC,5,0.05,0.6,0.35,5
CTTAACTGTAAGTGTA,3,0.05,0.6,0.35,5
CTTAACTGTATATCCG,5,0.05,0.6,0.35,5
CTTAACTGTTCAGACT,4,0.05,0.6,0.35,5
CTTAACTTCAGGCCCA,3,0.05,0.6,0.35,5
CTTACCGAGGAACTGC,8,0.05,0.6,0.35,5
CTTACCGAGGCAAAGA,6,0.05,0.6,0.35,5
CTTACCGAGGCTCTTA,6,0.05,0.6,0.35,5
CTTACCGCAACTGCGC,5,0.05,0.6,0.35,5
CTTACCGCAAGCTGAG,5,0.05,0.6,0.35,5
CTTACCGCAGCTGCAC,8,0.05,0.6,0.35,5
CTTACCGCATTGGGCC,8,0.05,0.6,0.35,5
CTTACCGGTAGCGATG,1000,0.05,0.6,0.35,5
CTTACCGTCCAACCAA,1,0.05,0.6,0.35,5
CTTACCGTCCGCATCT,5,0.05,0.6,0.35,5
CTTACCGTCCGGCACA,6,0.05,0.6,0.35,5
CTTACCGTCGTTTGCC,5,0.05,0.6,0.35,5
CTTACCGTCTCGCTTG,7,0.05,0.6,0.35,5
CTTAGGAAGCGTCAAG,8,0.05,0.6,0.35,5
CTTAGGAAGCTGCCCA,1,0.05,0.6,0.35,5
CTTAGGAAGGCATTGG,1,0.05,0.6,0.35,5
CTTAGGAAGTCAAGCG,7,0.05,0.6,0.35,5
CTTAGGAAGTCATCCA,4,0.05,0.6,0.35,5
CTTAGGACAGATGGGT,8,0.05,0.6,0.35,5
CTTAGGACATTGAGCT,5,0.05,0.6,0.35,5
CTTAGGAGTCTCTCTG,8,0.05,0.6,0.35,5
CTTAGGAGTTAGATGA,1000,0.05,0.6,0.35,5
CTTAGGAGTTTGACTG,7,0.05,0.6,0.35,5
CTTAGGATCACGGTTA,7,0.05,0.6,0.35,5
CTTAGGATCACTCCTG,1000,0.05,0.6,0.35,5
CTTAGGATCCTGCAGG,8,0.05,0.6,0.35,5
CTTCTCTAGCGCTTAT,1000,0.05,0.6,0.35,5
CTTCTCTAGGGTATCG,7,0.05,0.6,0.35,5
CTTCTCTCAAGGACTG,6,0.05,0.6,0.35,5
CTTCTCTGTACACCGC,1,0.05,0.6,0.35,5
CTTCTCTGTCTTGCGG,3,0.05,0.6,0.35,5
CTTCTCTGTTTGACTG,3,0.05,0.6,0.35,5
CTTCTCTTCCCAAGAT,1000,0.05,0.6,0.35,5
CTTCTCTTCTAACTGG,6,0.05,0.6,0.35,5
CTTCTCTTCTGTCTAT,1,0.05,0.6,0.35,5
CTTGGCTAGCCACGTC,3,0.05,0.6,0.35,5
CTTGGCTAGGACATTA,1000,0.05,0.6,0.35,5
CTTGGCTCATGCAACT,1000,0.05,0.6,0.35,5
CTTGGCTGTACGACCC,4,0.05,0.6,0.35,5
CTTGGCTGTCTGCGGT,1,0.05,0.6,0.35,5
CTTGGCTGTCTTGCGG,7,0.05,0.6,0.35,5
CTTGGCTGTGCGCTTG,8,0.05,0.6,0.35,5
CTTGGCTGTTAGGGTG,5,0.05,0.6,0.35,5
CTTGGCTGTTATCGGT,6,0.05,0.6,0.35,5
CTTGGCTTCCTTAATC,1000,0.05,0.6,0.35,5
CTTGGCTTCGTGTAGT,4,0.05,0.6,0.35,5
CTTTGCGAGATCCCGC,1,0.05,0.6,0.35,5
CTTTGCGAGGGCTTCC,2,0.05,0.6,0.35,5
CTTTGCGCAAATACAG,3,0.05,0.6,0.35,5
CTTTGCGCACGGACAA,3,0.05,0.6,0.35,5
CTTTGCGCAGTCCTTC,2,0.05,0.6,0.35,5
CTTTGCGCATAGTAAG,7,0.05,0.6,0.35,5
CTTTGCGGTCACACGC,1000,0.05,0.6,0.35,5
CTTTGCGGTCGCGAAA,1,0.05,0.6,0.35,5
CTTTGCGGTGCTGTAT,7,0.05,0.6,0.35,5
CTTTGCGTCAACGGCC,1000,0.05,0.6,0.35,5
CTTTGCGTCACTTCAT,7,0.05,0.6,0.35,5
CTTTGCGTCATCTGCC,7,0.05,0.6,0.35,5
CTTTGCGTCGTTTATC,2,0.05,0.6,0.35,5
CTTTGCGTCTCTGTCG,4,0.05,0.6,0.35,5
GAAACTCAGATAGGAG,1000,0.05,0.6,0.35,5
GAAACTCAGATGGCGT,1,0.05,0.6,0.35,5
GAAACTCAGCTGCGAA,7,0.05,0.6,0.35,5
GAAACTCAGTAGGTGC,7,0.05,0.6,0.35,5
GAAACTCCACTTAAGC,8,0.05,0.6,0.35,5
GAAACTCCATTAGGCT,5,0.05,0.6,0.35,5
GAAACTCGTCCTAGCG,1,0.05,0.6,0.35,5
GAAACTCGTCGACTAT,2,0.05,0.6,0.35,5
GAAACTCGTGAAATCA,8,0.05,0.6,0.35,5
GAAACTCGTGACCAAG,7,0.05,0.6,0.35,5
GAAACTCGTGTGGCTC,1000,0.05,0.6,0.35,5
GAAACTCTCTGGCGTG,6,0.05,0.6,0.35,5
GAAACTCTCTTGCCGT,5,0.05,0.6,0.35,5
GAAATGAAGACCGGAT,4,0.05,0.6,0.35,5
GAAATGAAGAGCTTCT,1,0.05,0.6,0.35,5
GAAATGAAGATGGCGT,7,0.05,0.6,0.35,5
GAAATGAAGCTCAACT,5,0.05,0.6,0.35,5
GAAATGAAGTAATCCC,6,0.05,0.6,0.35,5
GAAATGAAGTATCTCG,1000,0.05,0.6,0.35,5
GAAATGAAGTGGAGTC,1000,0.05,0.6,0.35,5
GAAATGACAGCTTCGG,6,0.05,0.6,0.35,5
GAAATGACATGGTAGG,8,0.05,0.6,0.35,5
GAAATGACATTTGCTT,6,0.05,0.6,0.35,5
GAAATGAGTTACGTCA,3,0.05,0.6,0.35,5
GAAATGATCCAAGTAC,0,0.05,0.6,0.35,5
GAACATCAGATATACG,4,0.05,0.6,0.35,5
GAACATCAGTATTGGA,1000,0.05,0.6,0.35,5
GAACATCAGTCGCCGT,4,0.05,0.6,0.35,5
GAACATCCAAGCCCAC,1000,0.05,0.6,0.35,5
GAACATCCAGATGGCA,7,0.05,0.6,0.35,5
GAACATCGTCTAAACC,6,0.05,0.6,0.35,5
GAACATCTCCAGATCA,3,0.05,0.6,0.35,5
GAACATCTCCGCATAA,4,0.05,0.6,0.35,5
GAACATCTCCTTGGTC,6,0.05,0.6,0.35,5
GAACATCTCTGATTCT,4,0.05,0.6,0.35,5
GAACATCTCTTCAACT,1000,0.05,0.6,0.35,5
GAACCTAAGACACTAA,5,0.05,0.6,0.35,5
GAACCTAAGAGTACCG,3,0.05,0.6,0.35,5
GAACCTAAGGCAATTA,4,0.05,0.6,0.35,5
GAACCTACAAGGACTG,4,0.05,0.6,0.35,5
GAACCTAGTTATGTGC,0,0.05,0.6,0.35,5
GAACGGAAGGAGCGAG,4,0.05,0.6,0.35,5
GAACGGAAGGTGTGGT,4,0.05,0.6,0.35,5
GAACGGACAATAACGA,7,0.05,0.6,0.35,5
GAACGGACATTGAGCT,1000,0.05,0.6,0.35,5
GAACGGAGTAAGTGTA,1000,0.05,0.6,0.35,5
GAACGGAGTTACGTCA,1000,0.05,0.6,0.35,5
GAACGGAGTTCCCTTG,8,0.05,0.6,0.35,5
GAACGGATCCAAAGTC,4,0.05,0.6,0.35,5
GAAGCAGAGACCACGA,4,0.05,0.6,0.35,5
GAAGCAGAGAGCTGCA,7,0.05,0.6,0.35,5
GAAGCAGAGATGTTAG,2,0.05,0.6,0.35,5
GAAGCAGAGCTCAACT,2,0.05,0.6,0.35,5
GAAGCAGAGGGAGTAA,7,0.05,0.6,0.35,5
GAAGCAGAGTGTACCT,0,0.05,0.6,0.35,5
GAAGCAGCACCAGCAC,8,0.05,0.6,0.35,5
GAAGCAGCAGCTTAAC,7,0.05,0.6,0.35,5
GAAGCAGCAGTAACGG,6,0.05,0.6,0.35,5
GAAGCAGCATTAACCG,8,0.05,0.6,0.35,5
GAAGCAGGTGACGCCT,1,0.05,0.6,0.35,5
GAAGCAGGTTGCGTTA,1,0.05,0.6,0.35,5
GAAGCAGTCCTTCAAT,1,0.05,0.6,0.35,5
GAAGCAGTCGACCAGC,8,0.05,0.6,0.35,5
GAATAAGAGATGGGTC,3,0.05,0.6,0.35,5
GAATAAGAGGTGCTTT,1000,0.05,0.6,0.35,5
GAATAAGAGTATCTCG,4,0.05,0.6,0.35,5
GAATAAGCAAGAGGCT,5,0.05,0.6,0.35,5
GAATAAGCAGACACTT,1000,0.05,0.6,0.35,5
GAATAAGCAGGTTTCA,1,0.05,0.6,0.35,5
GAATAAGGTAACGTTC,1,0.05,0.6,0.35,5
GAATAAGGTAGGCTGA,3,0.05,0.6,0.35,5
GAATAAGGTCCGAATT,7,0.05,0.6,0.35,5
GAATAAGGTCGGCACT,5,0.05,0.6,0.35,5
GAATAAGGTGCAGGTA,2,0.05,0.6,0.35,5
GAATAAGTCAGAGACG,5,0.05,0.6,0.35,5
GAATGAAAGGAACTGC,1000,0.05,0.6,0.35,5
GAATGAAAGTACATGA,7,0.05,0.6,0.35,5
GAATGAAAGTATGACA,6,0.05,0.6,0.35,5
GAATGAAAGTCAAGGC,1000,0.05,0.6,0.35,5
GAATGAACAAACAACA,8,0.05,0.6,0.35,5
GAATGAACAATAGCGG,7,0.05,0.6,0.35,5
GAATGAACATTATCTC,5,0.05,0.6,0.35,5
GAATGAAGTACCGAGA,5,0.05,0.6,0.35,5
GAATGAAGTAGGGTAC,8,0.05,0.6,0.35,5
GAATGAAGTCAGGACA,1000,0.05,0.6,0.35,5
GAATGAAGTCCGAATT,7,0.05,0.6,0.35,5
GAATGAAGTGGACGAT,8,0.05,0.6,0.35,5
GAATGAAGTTAGTGGG,4,0.05,0.6,0.35,5
GAATGAATCTATCCTA,6,0.05,0.6,0.35,5
GAATGAATCTCACATT,4,0.05,0.6,0.35,5
GAATGAATCTGCTGTC,5,0.05,0.6,0.35,5
GACACGCAGAAGCCCA,2,0.05,0.6,0.35,5
GACACGCAGAGCTGCA,1000,0.05,0.6,0.35,5
GACACGCAGGGCACTA,1,0.05,0.6,0.35,5
GACACGCAGTGTGAAT,5,0.05,0.6,0.35,5
GACACGCCAAGCCATT,6,0.05,0.6,0.35,5
GACACGCCACATGTGT,3,0.05,0.6,0.35,5
GACACGCCAGTGACAG,1000,0.05,0.6,0.35,5
GACACGCGTATGGTTC,3,0.05,0.6,0.35,5
GACACGCGTGAGCGAT,2,0.05,0.6,0.35,5
GACACGCTCCCAAGAT,7,0.05,0.6,0.35,5
GACACGCTCCTATTCA,6,0.05,0.6,0.35,5
GACAGAGAGCCTATGT,8,0.05,0.6,0.35,5
GACAGAGAGCTGTCTA,1,0.05,0.6,0.35,5
GACAGAGCACTTAACG,8,0.05,0.6,0.35,5
GACAGAGCAGCTATTG,1000,0.05,0.6,0.35,5
GACAGAGCAGTCAGCC,4,0.05,0.6,0.35,5
GACAGAGCATAGGATA,5,0.05,0.6,0.35,5
GACAGAGCATTACCTT,5,0.05,0.6,0.35,5
GACAGAGGTCTAGAGG,7,0.05,0.6,0.35,5
GACAGAGGTGTGAAAT,5,0.05,0.6,0.35,5
GACAGAGGTTGGAGGT,7,0.05,0.6,0.35,5
GACAGAGTCACCTCGT,6,0.05,0.6,0.35,5
GACAGAGTCATATCGG,3,0.05,0.6,0.35,5
GACAGAGTCCACGCAG,3,0.05,0.6,0.35,5
GACAGAGTCCGCGTTT,1,0.05,0.6,0.35,5
GACAGAGTCGGCGCTA,1000,0.05,0.6,0.35,5
GACAGAGTCTTCGAGA,1000,0.05,0.6,0.35,5
GACCAATAGGTGATAT,4,0.05,0.6,0.35,5
GACCAATCAAGGGTCA,8,0.05,0.6,0.35,5
GACCAATCAATCAGAA,1000,0.05,0.6,0.35,5
GACCAATCAATGAATG,5,0.05,0.6,0.35,5
GACCAATCATGCAACT,3,0.05,0.6,0.35,5
GACCAATCATGCTGGC,5,0.05,0.6,0.35,5
GACCAATCATTGGTAC,1000,0.05,0.6,0.35,5
GACCAATGTAGGCATG,1000,0.05,0.6,0.35,5
GACCAATGTATAGGTA,8,0.05,0.6,0.35,5
GACCAATTCGCAAACT,1000,0.05,0.6,0.35,5
GACCAATTCTACCTGC,7,0.05,0.6,0.35,5
GACCTGGAGCTAAGAT,1000,0.05,0.6,0.35,5
GACCTGGAGTCCAGGA,6,0.05,0.6,0.35,5
GACCTGGAGTGTGAAT,2,0.05,0.6,0.35,5
GACCTGGCAATGAATG,5,0.05,0.6,0.35,5
GACCTGGCACATAACC,2,0.05,0.6,0.35,5
GACCTGGCATGTTCCC,2,0.05,0.6,0.35,5
GACCTGGGTGTCGCTG,4,0.05,0.6,0.35,5
GACCTGGGTTTAAGCC,4,0.05,0.6,0.35,5
GACCTGGTCAGGTTCA,5,0.05,0.6,0.35,5
GACCTGGTCCCAGGTG,1000,0.05,0.6,0.35,5
GACGCGTGTCCGAACC,7,0.05,0.6,0.35,5
GACGCGTGTTAGAACA,3,0.05,0.6,0.35,5
GACGCGTTCCAGTAGT,1,0.05,0.6,0.35,5
GACGCGTTCCGCGTTT,4,0.05,0.6,0.35,5
GACGCGTTCGGCTACG,1000,0.05,0.6,0.35,5
GACGGCTAGGCTACGA,8,0.05,0.6,0.35,5
GACGGCTAGGGTGTTG,4,0.05,0.6,0.35,5
GACGGCTAGTCTCCTC,1,0.05,0.6,0.35,5
GACGGCTCACCTTGTC,7,0.05,0.6,0.35,5
GACGGCTCACTCGACG,1000,0.05,0.6,0.35,5
GACGGCTGTATGGTTC,4,0.05,0.6,0.35,5
GACGGCTGTGGTCCGT,3,0.05,0.6,0.35,5
GACGGCTGTTAAGGGC,3,0.05,0.6,0.35,5
GACGGCTGTTGTCTTT,6,0.05,0.6,0.35,5
GACGGCTTCCGCATCT,2,0.05,0.6,0.35,5
GACGGCTTCGACAGCC,8,0.05,0.6,0.35,5
GACGGCTTCGATAGAA,2,0.05,0.6,0.35,5
GACGGCTTCTGATACG,7,0.05,0.6,0.35,5
GACGGCTTCTTCATGT,1000,0.05,0.6,0.35,5
GACGTGCAGCCATCGC,3,0.05,0.6,0.35,5
GACGTGCAGGCGACAT,1000,0.05,0.6,0.35,5
GACGTGCAGGGCTTCC,7,0.05,0.6,0.35,5
GACGTGCAGTAGCGGT,6,0.05,0.6,0.35,5
GACGTGCCAGGTGCCT,1,0.05,0.6,0.35,5
GACGTGCCAGTTTACG,1000,0.05,0.6,0.35,5
GACGTGCGTCGAACAG,1,0.05,0.6,0.35,5
GACGTGCGTGCCTGTG,8,0.05,0.6,0.35,5
GACGTGCTCGCGTAGC,6,0.05,0.6,0.35,5
GACGTTAAGATCCCGC,3,0.05,0.6,0.35,5
GACGTTAAGCAGCGTA,4,0.05,0.6,0.35,5
GACGTTAAGCTCCCAG,3,0.05,0.6,0.35,5
GACGTTAAGGGATCTG,4,0.05,0.6,0.35,5
GACGTTAGTACGCACC,2,0.05,0.6,0.35,5
GACGTTAGTATCAGTC,7,0.05,0.6,0.35,5
GACGTTAGTTATGTGC,6,0.05,0.6,0.35,5
GACGTTAGTTGTACAC,5,0.05,0.6,0.35,5
GACGTTATCGTAGGAG,8,0.05,0.6,0.35,5
GACGTTATCTGCGACG,2,0.05,0.6,0.35,5
GACGTTATCTGCGGCA,4,0.05,0.6,0.35,5
GACTAACAGCGACGTA,8,0.05,0.6,0.35,5
GACTAACAGCTTCGCG,1,0.05,0.6,0.35,5
GACTAACAGGGTTTCT,1000,0.05,0.6,0.35,5
GACTAACAGTCAAGGC,4,0.05,0.6,0.35,5
GACTAACAGTCTCGGC,3,0.05,0.6,0.35,5
GACTAACCACATCTTT,2,0.05,0.6,0.35,5
GACTAACGTATGCTTG,1,0.05,0.6,0.35,5
GACTAACGTCGCGTGT,6,0.05,0.6,0.35,5
GACTAACGTGGCCCTA,6,0.05,0.6,0.35,5
GACTAACGTTCACCTC,8,0.05,0.6,0.35,5
GACTAACGTTGGTTTG,5,0.05,0.6,0.35,5
GACTAACTCACAACGT,4,0.05,0.6,0.35,5
GACTAACTCATACGGT,1,0.05,0.6,0.35,5
GACTAACTCCTATGTT,3,0.05,0.6,0.35,5
GACTAACTCTTGTTTG,3,0.05,0.6,0.35,5
GACTACAAGACGCACA,2,0.05,0.6,0.35,5
GACTACAAGAGTACCG,8,0.05,0.6,0.35,5
GACTACAAGCAACGGT,3,0.05,0.6,0.35,5
GACTACAAGCCACCTG,8,0.05,0.6,0.35,5
GACTACAAGGAGCGTT,4,0.05,0.6,0.35,5
GACTACAAGTTGTCGT,5,0.05,0.6,0.35,5
GACTACACAATAAGCA,1000,0.05,0.6,0.35,5
GACTACACACGTCTCT,5,0.05,0.6,0.35,5
GACTACACATGTCGAT,6,0.05,0.6,0.35,5
GACTACAGTAGGACAC,7,0.05,0.6,0.35,5
GACTACAGTATAGGGC,5,0.05,0.6,0.35,5
GACTACAGTCTAGTCA,2,0.05,0.6,0.35,5
GACTACAGTGTATGGG,8,0.05,0.6,0.35,5
GACTACATCCTATGTT,6,0.05,0.6,0.35,5
GACTACATCGTTACAG,1,0.05,0.6,0.35,5
GACTACATCTCGCTTG,1,0.05,0.6,0.35,5
GACTGCGAGGGAAACA,6,0.05,0.6,0.35,5
GACTGCGCAATTCCTT,7,0.05,0.6,0.35,5
GACTGCGCACGCCAGT,1,0.05,0.6,0.35,5
GACTGCGGTGATGTCT,2,0.05,0.6,0.35,5
GACTGCGGTTCCATGA,7,0.05,0.6,0.35,5
GACTGCGTCACAGTAC,2,0.05,0.6,0.35,5
GACTGCGTCAGAGACG,2,0.05,0.6,0.35,5
GAGCAGAAGATAGTCA,8,0.05,0.6,0.35,5
GAGCAGAAGCAATCTC,5,0.05,0.6,0.35,5
GAGCAGAAGTCAATAG,1,0.05,0.6,0.35,5
GAGCAGAAGTGCCATT,6,0.05,0.6,0.35,5
GAGCAGAAGTTTAGGA,3,0.05,0.6,0.35,5
GAGCAGACACGGTAGA,7,0.05,0.6,0.35,5
GAGCAGACAGTCTTCC,1,0.05,0.6,0.35,5
GAGCAGACATGCATGT,6,0.05,0.6,0.35,5
GAGCAGAGTACCAGTT,4,0.05,0.6,0.35,5
GAGCAGAGTCCTCTTG,3,0.05,0.6,0.35,5
GAGCAGAGTGATAAGT,0,0.05,0.6,0.35,5
GAGCAGAGTGTGCCTG,2,0.05,0.6,0.35,5
GAGCAGAGTTTGGGCC,3,0.05,0.6,0.35,5
GAGCAGATCGTGACAT,7,0.05,0.6,0.35,5
GAGCAGATCTACGAGT,3,0.05,0.6,0.35,5
GAGGTGAAGAAGCCCA,4,0.05,0.6,0.35,5
GAGGTGAAGAGCTATA,8,0.05,0.6,0.35,5
GAGGTGACAAGCTGGA,5,0.05,0.6,0.35,5
GAGGTGACAATTCCTT,1000,0.05,0.6,0.35,5
GAGGTGACAGCTCGCA,5,0.05,0.6,0.35,5
GAGGTGACAGGTCGTC,7,0.05,0.6,0.35,5
GAGGTGACATTATCTC,1000,0.05,0.6,0.35,5
GAGGTGAGTAGAGTGC,6,0.05,0.6,0.35,5
GAGGTGAGTGAACCTT,1000,0.05,0.6,0.35,5
GAGGTGATCACCTTAT,8,0.05,0.6,0.35,5
GAGGTGATCCCTCTTT,1000,0.05,0.6,0.35,5
GAGTCCGAGGATGGTC,7,0.05,0.6,0.35,5
GAGTCCGCACCCATGG,7,0.05,0.6,0.35,5
GAGTCCGCACCTATCC,4,0.05,0.6,0.35,5
GAGTCCGCAGTCGTGC,3,0.05,0.6,0.35,5
GAGTCCGCATAGAAAC,7,0.05,0.6,0.35,5
GAGTCCGCATCCGGGT,1000,0.05,0.6,0.35,5
GAGTCCGCATTCCTCG,7,0.05,0.6,0.35,5
GAGTCCGGTAGCGTCC,7,0.05,0.6,0.35,5
GAGTCCGGTCATATCG,3,0.05,0.6,0.35,5
GAGTCCGGTCCAGTAT,7,0.05,0.6,0.35,5
GAGTCCGTCACATAGC,1000,0.05,0.6,0.35,5
GAGTCCGTCCGCGGTA,8,0.05,0.6,0.35,5
GATCAGTAGTACGTAA,4,0.05,0.6,0.35,5
GATCAGTCAGGATCGA,3,0.05,0.6,0.35,5
GATCAGTGTCCAAGTT,7,0.05,0.6,0.35,5
GATCAGTGTCGCCATG,2,0.05,0.6,0.35,5
GATCAGTGTGGCCCTA,3,0.05,0.6,0.35,5
GATCAGTGTGTCAATC,5,0.05,0.6,0.35,5
GATCAGTTCATCGATG,4,0.05,0.6,0.35,5
GATCAGTTCGGATGTT,5,0.05,0.6,0.35,5
GATCAGTTCGGCGCTA,4,0.05,0.6,0.35,5
GATCGATAGAGGACGG,2,0.05,0.6,0.35,5
GATCGATAGCAAATCA,3,0.05,0.6,0.35,5
GATCGATAGCAATATG,7,0.05,0.6,0.35,5
GATCGATAGGATGTAT,1,0.05,0.6,0.35,5
GATCGATAGGCCGAAT,1000,0.05,0.6,0.35,5
GATCGATCAAAGTCAA,8,0.05,0.6,0.35,5
GATCGATCACAACGTT,8,0.05,0.6,0.35,5
GATCGATCAGGCTCAC,1,0.05,0.6,0.35,5
GATCGATGTACTCTCC,8,0.05,0.6,0.35,5
GATCGATGTTCCACTC,7,0.05,0.6,0.35,5
GATCGATTCGCTAGCG,4,0.05,0.6,0.35,5
GATCGATTCGTTACAG,3,0.05,0.6,0.35,5
GATCGATTCTGCGACG,6,0.05,0.6,0.35,5
GATCGCGAGTACGATA,4,0.05,0.6,0.35,5
GATCGCGCAAGGTGTG,8,0.05,0.6,0.35,5
GATCGCGGTACCCAAT,6,0.05,0.6,0.35,5
GATCGCGGTATGAAAC,7,0.05,0.6,0.35,5
GATCGCGGTGGGTATG,1,0.05,0.6,0.35,5
GATCGCGGTGTATGGG,6,0.05,0.6,0.35,5
GATCGCGTCACGCGGT,3,0.05,0.6,0.35,5
GATCGCGTCCTGCAGG,1000,0.05,0.6,0.35,5
GATCGCGTCGTCCAGG,6,0.05,0.6,0.35,5
GATCGCGTCTGCGGCA,5,0.05,0.6,0.35,5
GATCGCGTCTTGGGTA,7,0.05,0.6,0.35,5
GATCGTAAGACCACGA,4,0.05,0.6,0.35,5
GATCGTAAGCTGCCCA,3,0.05,0.6,0.35,5
GATCGTACACCCTATC,1,0.05,0.6,0.35,5
GATCGTACAGATGAGC,6,0.05,0.6,0.35,5
GATCGTACAGTGAGTG,8,0.05,0.6,0.35,5
GATCGTAGTAATCGTC,5,0.05,0.6,0.35,5
GATCGTATCTTTAGGG,4,0.05,0.6,0.35,5
GATCTAGAGAAACGCC,2,0.05,0.6,0.35,5
GATCTAGAGAAGCCCA,7,0.05,0.6,0.35,5
GATCTAGAGGATGCGT,1000,0.05,0.6,0.35,5
GATCTAGAGGTAAACT,8,0.05,0.6,0.35,5
GATCTAGAGTACACCT,3,0.05,0.6,0.35,5
GATCTAGAGTATTGGA,4,0.05,0.6,0.35,5
GATCTAGAGTGGACGT,3,0.05,0.6,0.35,5
GATCTAGGTCATACTG,5,0.05,0.6,0.35,5
GATCTAGGTCGACTAT,1,0.05,0.6,0.35,5
GATCTAGTCACGGTTA,7,0.05,0.6,0.35,5
GATCTAGTCCTGCAGG,1,0.05,0.6,0.35,5
GATCTAGTCGACGGAA,3,0.05,0.6,0.35,5
GATGAAAAGAGAACAG,1,0.05,0.6,0.35,5
GATGAAAAGCGATATA,2,0.05,0.6,0.35,5
GATGAAAAGGATGGAA,1000,0.05,0.6,0.35,5
GATGAAAAGGGCATGT,2,0.05,0.6,0.35,5
GATGAAACAATTCCTT,4,0.05,0.6,0.35,5
GATGAAACACGTGAGA,1,0.05,0.6,0.35,5
GATGAAACAGTGAGTG,6,0.05,0.6,0.35,5
GATGAAAGTACGACCC,4,0.05,0.6,0.35,5
GATGAAAGTGAGGGAG,2,0.05,0.6,0.35,5
GATGAAAGTGAGGGTT,8,0.05,0.6,0.35,5
GATGAAATCACCGGGT,3,0.05,0.6,0.35,5
GATGAGGAGCAGCCTC,7,0.05,0.6,0.35,5
GATGAGGAGGCAAAGA,1,0.05,0.6,0.35,5
GATGAGGAGGCTAGCA,3,0.05,0.6,0.35,5
GATGAGGAGGTTCCTA,3,0.05,0.6,0.35,5
GATGAGGGTAATTGGA,1,0.05,0.6,0.35,5
GATGAGGTCGAGGTAG,3,0.05,0.6,0.35,5
GATGAGGTCGTAGATC,1,0.05,0.6,0.35,5
GATGCTACAGTATCTG,1,0.05,0.6,0.35,5
GATGCTAGTACGCTGC,7,0.05,0.6,0.35,5
GATGCTAGTGAGGGAG,1000,0.05,0.6,0.35,5
GATGCTAGTTTGACAC,1000,0.05,0.6,0.35,5
GATGCTATCACAATGC,4,0.05,0.6,0.35,5
GATGCTATCCTATGTT,1000,0.05,0.6,0.35,5
GATGCTATCTACTTAC,6,0.05,0.6,0.35,5
GATTCAGAGAAGAAGC,5,0.05,0.6,0.35,5
GATTCAGAGCACCGCT,5,0.05,0.6,0.35,5
GATTCAGAGGAATTAC,5,0.05,0.6,0.35,5
GATTCAGAGTCCATAC,4,0.05,0.6,0.35,5
GATTCAGAGTTCGCAT,4,0.05,0.6,0.35,5
GATTCAGCATCCGCGA,5,0.05,0.6,0.35,5
GATTCAGGTAACGCGA,6,0.05,0.6,0.35,5
GATTCAGTCATAAAGG,1000,0.05,0.6,0.35,5
GATTCAGTCGCATGGC,1000,0.05,0.6,0.35,5
GCAAACTAGGGCTCTC,4,0.05,0.6,0.35,5
GCAAACTCACGGACAA,7,0.05,0.6,0.35,5
GCAAACTGTTACGTCA,1000,0.05,0.6,0.35,5
GCAAACTGTTAGGGTG,1000,0.05,0.6,0.35,5
GCAAACTTCACATAGC,1000,0.05,0.6,0.35,5
GCAAACTTCCAAACTG,1,0.05,0.6,0.35,5
GCAAACTTCGCACTCT,8,0.05,0.6,0.35,5
GCAAACTTCGCTTGTC,8,0.05,0.6,0.35,5
GCAATCAAGACAGAGA,8,0.05,0.6,0.35,5
GCAATCAAGGATGTAT,6,0.05,0.6,0.35,5
GCAATCAAGTATCTCG,6,0.05,0.6,0.35,5
GCAATCACAATAGCAA,4,0.05,0.6,0.35,5
GCAATCACACAGACTT,2,0.05,0.6,0.35,5
GCAATCACACAGAGGT,1,0.05,0.6,0.35,5
GCAATCACACGGCGTT,6,0.05,0.6,0.35,5
GCAATCACAGGATCGA,3,0.05,0.6,0.35,5
GCAATCACAGTATGCT,4,0.05,0.6,0.35,5
GCAATCACATATACGC,1000,0.05,0.6,0.35,5
GCAATCACATCGGAAG,4,0.05,0.6,0.35,5
GCAATCACATGCGCAC,7,0.05,0.6,0.35,5
GCAATCAGTACCATCA,5,0.05,0.6,0.35,5
GCAATCATCAACCATG,1,0.05,0.6,0.35,5
GCAATCATCAATACCG,1,0.05,0.6,0.35,5
GCAATCATCATTGCCC,6,0.05,0.6,0.35,5
GCAATCATCCTCAACC,8,0.05,0.6,0.35,5
GCAATCATCGTTACAG,8,0.05,0.6,0.35,5
GCAATCATCTAGAGTC,4,0.05,0.6,0.35,5
GCAATCATCTCGATGA,3,0.05,0.6,0.35,5
GCACATAAGGCAATTA,3,0.05,0.6,0.35,5
GCACATAAGTAGGTGC,6,0.05,0.6,0.35,5
GCACATACACCGTTGG,8,0.05,0.6,0.35,5
GCACATACACCTTGTC,8,0.05,0.6,0.35,5
GCACATACATGTAGTC,8,0.05,0.6,0.35,5
GCACATAGTCGCCATG,7,0.05,0.6,0.35,5
GCACATAGTGTGGTTT,1,0.05,0.6,0.35,5
GCACATAGTTCAGTAC,4,0.05,0.6,0.35,5
GCACATAGTTGAGTTC,2,0.05,0.6,0.35,5
GCACATATCACTCTTA,1,0.05,0.6,0.35,5
GCACATATCTGCAAGT,7,0.05,0.6,0.35,5
GCACATATCTTGGGTA,6,0.05,0.6,0.35,5
GCACTCTAGACATAAC,1000,0.05,0.6,0.35,5
GCACTCTAGCCCAACC,5,0.05,0.6,0.35,5
GCACTCTGTACAGCAG,3,0.05,0.6,0.35,5
GCACTCTGTAGGGTAC,7,0.05,0.6,0.35,5
GCACTCTGTCGAACAG,8,0.05,0.6,0.35,5
GCACTCTGTCGAGTTT,1,0.05,0.6,0.35,5
GCACTCTGTCTAGTCA,1,0.05,0.6,0.35,5
GCACTCTGTCTCACCT,6,0.05,0.6,0.35,5
GCACTCTGTGCGAAAC,6,0.05,0.6,0.35,5
GCACTCTGTGTTGAGG,8,0.05,0.6,0.35,5
GCACTCTGTTCCCTTG,1,0.05,0.6,0.35,5
GCACTCTGTTTGCATG,2,0.05,0.6,0.35,5
GCACTCTTCTGGTGTA,8,0.05,0.6,0.35,5
GCAGCCAAGCAGATCG,7,0.05,0.6,0.35,5
GCAGCCAAGGGAGTAA,4,0.05,0.6,0.35,5
GCAGCCAAGGGTCGAT,4,0.05,0.6,0.35,5
GCAGCCAAGTTACGGG,1,0.05,0.6,0.35,5
GCAGCCACAACACCTA,1,0.05,0.6,0.35,5
GCAGCCACATGGGAAC,6,0.05,0.6,0.35,5
GCAGCCACATTCTCAT,1000,0.05,0.6,0.35,5
GCAGCCAGTAATCACC,6,0.05,0.6,0.35,5
GCAGCCAGTCTAGTCA,4,0.05,0.6,0.35,5
GCAGCCAGTTGCTCCT,8,0.05,0.6,0.35,5
GCAGCCATCCTGCTTG,1000,0.05,0.6,0.35,5
GCAGCCATCTCGGACG,3,0.05,0.6,0.35,5
GCAGTTAAGACAGGCT,6,0.05,0.6,0.35,5
GCAGTTAAGATGTGGC,4,0.05,0.6,0.35,5
GCAGTTACAACGATCT,4,0.05,0.6,0.35,5
GCAGTTACACAGCGTC,7,0.05,0.6,0.35,5
GCAGTTACAGACACTT,1,0.05,0.6,0.35,5
GCAGTTACAGGCTCAC,6,0.05,0.6,0.35,5
GCAGTTACATGGTTGT,0,0.05,0.6,0.35,5
GCAGTTAGTGTGACCC,6,0.05,0.6,0.35,5
GCATACAAGCCCAGCT,3,0.05,0.6,0.35,5
GCATACAAGCGTCTAT,8,0.05,0.6,0.35,5
GCATACAAGCTACCGC,3,0.05,0.6,0.35,5
GCATACAAGCTGCGAA,5,0.05,0.6,0.35,5
GCATACAAGCTGTTCA,6,0.05,0.6,0.35,5
GCATACAAGGAATTAC,5,0.05,0.6,0.35,5
GCATACACAGTCAGCC,7,0.05,0.6,0.35,5
GCATACAGTGCTCTTC,2,0.05,0.6,0.35,5
GCATACATCGGCTACG,8,0.05,0.6,0.35,5
GCATGATAGACTAAGT,8,0.05,0.6,0.35,5
GCATGATAGCTAGTGG,8,0.05,0.6,0.35,5
GCATGATAGTGGGTTG,7,0.05,0.6,0.35,5
GCATGATCAAACGCGA,5,0.05,0.6,0.35,5
GCATGATCAAAGCAAT,7,0.05,0.6,0.35,5
GCATGATCAAAGTGCG,1000,0.05,0.6,0.35,5
GCATGATCAAGTTAAG,7,0.05,0.6,0.35,5
GCATGATGTAAGAGAG,1000,0.05,0.6,0.35,5
GCATGATGTGATGTCT,8,0.05,0.6,0.35,5
GCATGATGTGCACGAA,1,0.05,0.6,0.35,5
GCATGATGTGCTTCTC,1000,0.05,0.6,0.35,5
GCATGATGTTTACTCT,4,0.05,0.6,0.35,5
GCATGATTCACGCGGT,8,0.05,0.6,0.35,5
GCATGATTCAGCTTAG,7,0.05,0.6,0.35,5
GCATGATTCCGCGGTA,3,0.05,0.6,0.35,5
GCATGCGCACGAGGTA,2,0.05,0.6,0.35,5
GCATGCGCAGGTTTCA,1,0.05,0.6,0.35,5
GCATGCGGTACATGTC,4,0.05,0.6,0.35,5
GCATGCGGTAGGAGTC,1000,0.05,0.6,0.35,5
GCATGCGGTCTTGCGG,3,0.05,0.6,0.35,5
GCATGCGGTGGCTCCA,1000,0.05,0.6,0.35,5
GCATGCGGTGGTGTAG,2,0.05,0.6,0.35,5
GCATGCGGTTAAGAAC,1000,0.05,0.6,0.35,5
GCATGCGTCCGAATGT,3,0.05,0.6,0.35,5
GCATGCGTCGATAGAA,1000,0.05,0.6,0.35,5
GCATGTAAGCGATTCT,6,0.05,0.6,0.35,5
GCATGTAAGGAGCGAG,5,0.05,0.6,0.35,5
GCATGTAAGGGAAACA,1000,0.05,0.6,0.35,5
GCATGTAAGTAGTGCG,1000,0.05,0.6,0.35,5
GCATGTAAGTCCCACG,4,0.05,0.6,0.35,5
GCATGTACAAGTAGTA,4,0.05,0.6,0.35,5
GCATGTACATACGCCG,2,0.05,0.6,0.35,5
GCATGTAGTAGTGAAT,8,0.05,0.6,0.35,5
GCATGTAGTCTCTTTA,0,0.05,0.6,0.35,5
GCATGTAGTGACTCAT,3,0.05,0.6,0.35,5
GCATGTAGTGCAGTAG,7,0.05,0.6,0.35,5
GCATGTATCACGCATA,1,0.05,0.6,0.35,5
GCATGTATCCACGTGG,1000,0.05,0.6,0.35,5
GCATGTATCTATGTGG,5,0.05,0.6,0.35,5
GCCAAATAGAAGGGTA,6,0.05,0.6,0.35,5
GCCAAATAGCTCCTCT,6,0.05,0.6,0.35,5
GCCAAATAGGAATCGC,8,0.05,0.6,0.35,5
GCCAAATCAATCACAC,6,0.05,0.6,0.35,5
GCCAAATGTAAGGGAA,6,0.05,0.6,0.35,5
GCCAAATTCAAACCGT,7,0.05,0.6,0.35,5
GCCAAATTCAGGATCT,8,0.05,0.6,0.35,5
GCCAAATTCAGTTAGC,1,0.05,0.6,0.35,5
GCCAAATTCCTATGTT,1,0.05,0.6,0.35,5
GCCAAATTCGTTTGCC,1000,0.05,0.6,0.35,5
GCCAAATTCTCTAGGA,7,0.05,0.6,0.35,5
GCCTCTAAGACTAGAT,1,0.05,0.6,0.35,5
GCCTCTAAGCTAGCCC,4,0.05,0.6,0.35,5
GCCTCTAAGGCATGTG,4,0.05,0.6,0.35,5
GCCTCTACAACTTGAC,5,0.05,0.6,0.35,5
GCCTCTACAGCCAATT,4,0.05,0.6,0.35,5
GCCTCTACATCAGTCA,7,0.05,0.6,0.35,5
GCCTCTACATTGAGCT,6,0.05,0.6,0.35,5
GCCTCTAGTAAGGGAA,5,0.05,0.6,0.35,5
GCCTCTAGTACATCCA,1,0.05,0.6,0.35,5
GCCTCTAGTACTCTCC,5,0.05,0.6,0.35,5
GCCTCTAGTAGCGTCC,2,0.05,0.6,0.35,5
GCCTCTAGTGTTCGAT,1,0.05,0.6,0.35,5
GCCTCTAGTGTTTGGT,1000,0.05,0.6,0.35,5
GCCTCTATCAGCTCGG,1000,0.05,0.6,0.35,5
GCCTCTATCATCATTC,3,0.05,0.6,0.35,5
GCCTCTATCTGTCCGT,6,0.05,0.6,0.35,5
GCGACCAAGACTTTCG,7,0.05,0.6,0.35,5
GCGACCAAGCACACAG,1000,0.05,0.6,0.35,5
GCGACCACAATCGAAA,4,0.05,0.6,0.35,5
GCGACCACAGTACACT,1000,0.05,0.6,0.35,5
GCGACCAGTAGAAGGA,3,0.05,0.6,0.35,5
GCGACCAGTCAGTGGA,6,0.05,0.6,0.35,5
GCGACCAGTCTTTCAT,4,0.05,0.6,0.35,5
GCGACCATCATGGTCA,2,0.05,0.6,0.35,5
GCGACCATCGGCGGTT,1,0.05,0.6,0.35,5
GCGACCATCGTCCGTT,3,0.05,0.6,0.35,5
GCGAGAAAGGTAGCTG,6,0.05,0.6,0.35,5
GCGAGAACACCTGGTG,5,0.05,0.6,0.35,5
GCGAGAACAGCTCGCA,4,0.05,0.6,0.35,5
GCGAGAAGTAATTGGA,7,0.05,0.6,0.35,5
GCGAGAAGTCCCTTGT,1000,0.05,0.6,0.35,5
GCGAGAAGTGCTTCTC,7,0.05,0.6,0.35,5
GCGAGAATCAGAGACG,2,0.05,0.6,0.35,5
GCGCAACAGAAGCCCA,7,0.05,0.6,0.35,5
GCGCAACAGAGAGCTC,7,0.05,0.6,0.35,5
GCGCAACAGATGCCAG,3,0.05,0.6,0.35,5
GCGCAACAGTCAAGGC,5,0.05,0.6,0.35,5
GCGCAACAGTGCAAGC,6,0.05,0.6,0.35,5
GCGCAACCAACACGCC,5,0.05,0.6,0.35,5
GCGCAACCAAGGTGTG,6,0.05,0.6,0.35,5
GCGCAACCATCCCATC,6,0.05,0.6,0.35,5
GCGCAACGTAAAGGAG,8,0.05,0.6,0.35,5
GCGCAACGTAGCACGA,7,0.05,0.6,0.35,5
GCGCAACGTAGCTTGT,5,0.05,0.6,0.35,5
GCGCAACGTGCAGGTA,8,0.05,0.6,0.35,5
GCGCAACGTTAAGATG,1,0.05,0.6,0.35,5
GCGCAACTCATCGGAT,5,0.05,0.6,0.35,5
GCGCAACTCCCAAGTA,2,0.05,0.6,0.35,5
GCGCAGTAGTGGGTTG,0,0.05,0.6,0.35,5
GCGCAGTCACAAGCCC,5,0.05,0.6,0.35,5
GCGCAGTCACGAGAGT,3,0.05,0.6,0.35,5
GCGCAGTCATTGGTAC,1,0.05,0.6,0.35,5
GCGCAGTGTACCTACA,7,0.05,0.6,0.35,5
GCGCAGTGTATATCCG,8,0.05,0.6,0.35,5
GCGCAGTGTCACTTCC,4,0.05,0.6,0.35,5
GCGCAGTGTCCAGTTA,3,0.05,0.6,0.35,5
GCGCAGTGTGCTTCTC,1,0.05,0.6,0.35,5
GCGCAGTGTTGACGTT,6,0.05,0.6,0.35,5
GCGCAGTTCGCAAGCC,6,0.05,0.6,0.35,5
GCGCAGTTCTGCCAGG,1,0.05,0.6,0.35,5
GCGCCAAAGAAGCCCA,8,0.05,0.6,0.35,5
GCGCCAAAGCCAGTTT,2,0.05,0.6,0.35,5
GCGCCAAAGCTACCGC,2,0.05,0.6,0.35,5
GCGCCAAAGGGATGGG,3,0.05,0.6,0.35,5
GCGCCAACAATCAGAA,6,0.05,0.6,0.35,5
GCGCCAACACCGGAAA,6,0.05,0.6,0.35,5
GCGCCAACAGACAAGC,4,0.05,0.6,0.35,5
GCGCCAAGTCCCTTGT,1,0.05,0.6,0.35,5
GCGCCAAGTCTAAACC,1000,0.05,0.6,0.35,5
GCGCCAAGTCTCATCC,1000,0.05,0.6,0.35,5
GCGCCAAGTGACAAAT,8,0.05,0.6,0.35,5
GCGCCAATCATCACCC,1,0.05,0.6,0.35,5
GCGCCAATCCGCAAGC,5,0.05,0.6,0.35,5
GCGCCAATCCGTACAA,7,0.05,0.6,0.35,5
GCGCCAATCGGAAATA,1000,0.05,0.6,0.35,5
GCGCCAATCTACCAGA,2,0.05,0.6,0.35,5
GCGCCAATCTTATCTG,5,0.05,0.6,0.35,5
GCGCCAATCTTGTACT,2,0.05,0.6,0.35,5
GCGCGATGTAGGCATG,7,0.05,0.6,0.35,5
GCGCGATGTGGCTCCA,6,0.05,0.6,0.35,5
GCGCGATGTTGGTTTG,4,0.05,0.6,0.35,5
GCGCGATTCCCTCTTT,5,0.05,0.6,0.35,5
GCGGGTTAGAGTTGGC,4,0.05,0.6,0.35,5
GCGGGTTAGGACAGCT,1,0.05,0.6,0.35,5
GCGGGTTAGGCAATTA,3,0.05,0.6,0.35,5
GCGGGTTCACACGCTG,7,0.05,0.6,0.35,5
GCGGGTTCACGCTTTC,1000,0.05,0.6,0.35,5
GCGGGTTCAGGGTACA,2,0.05,0.6,0.35,5
GCGGGTTGTACCCAAT,7,0.05,0.6,0.35,5
GCGGGTTGTCCGTTAA,3,0.05,0.6,0.35,5
GCGGGTTGTCTCTTAT,4,0.05,0.6,0.35,5
GCGGGTTGTGTTGAGG,1,0.05,0.6,0.35,5
GCGGGTTGTTGCGTTA,1,0.05,0.6,0.35,5
GCGGGTTTCACTGGGC,3,0.05,0.6,0.35,5
GCGGGTTTCCACGTTC,1000,0.05,0.6,0.35,5
GCGGGTTTCGTAGGTT,1000,0.05,0.6,0.35,5
GCGGGTTTCTGCAAGT,7,0.05,0.6,0.35,5
GCTCCTAAGAGTCTGG,4,0.05,0.6,0.35,5
GCTCCTAAGCGTAGTG,5,0.05,0.6,0.35,5
GCTCCTAAGGCGCTCT,1,0.05,0.6,0.35,5
GCTCCTAAGGTGATAT,1000,0.05,0.6,0.35,5
GCTCCTACAGCCTTGG,3,0.05,0.6,0.35,5
GCTCCTAGTCGCGGTT,1000,0.05,0.6,0.35,5
GCTCCTAGTCTGATCA,8,0.05,0.6,0.35,5
GCTCCTAGTCTGCAAT,1,0.05,0.6,0.35,5
GCTCCTATCGCCAAAT,3,0.05,0.6,0.35,5
GCTCCTATCTACCTGC,2,0.05,0.6,0.35,5
GCTCTGTAGGGCTCTC,7,0.05,0.6,0.35,5
GCTCTGTAGGTGCTAG,7,0.05,0.6,0.35,5
GCTCTGTCATGCCTTC,1000,0.05,0.6,0.35,5
GCTCTGTGTCTCATCC,7,0.05,0.6,0.35,5
GCTCTGTTCAGAGACG,5,0.05,0.6,0.35,5
GCTCTGTTCTCTAGGA,0,0.05,0.6,0.35,5
GCTGCAGAGAGAGCTC,1000,0.05,0.6,0.35,5
GCTGCAGAGGTAGCTG,4,0.05,0.6,0.35,5
GCTGCAGCACACAGAG,1000,0.05,0.6,0.35,5
GCTGCAGGTCCTAGCG,6,0.05,0.6,0.35,5
GCTGCGAAGATTACCC,1,0.05,0.6,0.35,5
GCTGCGAAGCACGCCT,5,0.05,0.6,0.35,5
GCTGCGAAGGAGTAGA,1000,0.05,0.6,0.35,5
GCTGCGAAGTACACCT,7,0.05,0.6,0.35,5
GCTGCGACACGTCAGC,1,0.05,0.6,0.35,5
GCTGCGAGTTCCCGAG,4,0.05,0.6,0.35,5
GCTGCGATCCTACAGA,7,0.05,0.6,0.35,5
GCTGCGATCTCCGGTT,1000,0.05,0.6,0.35,5
GCTGCTTAGCGTTTAC,1,0.05,0.6,0.35,5
GCTGCTTAGTTAGGTA,4,0.05,0.6,0.35,5
GCTGCTTCAACCGCCA,7,0.05,0.6,0.35,5
GCTGCTTCAGGGTACA,1000,0.05,0.6,0.35,5
GCTGCTTGTCACTTCC,1,0.05,0.6,0.35,5
GCTGCTTGTGCCTGCA,1000,0.05,0.6,0.35,5
GCTGCTTGTGTAATGA,3,0.05,0.6,0.35,5
GCTGCTTTCACGCGGT,6,0.05,0.6,0.35,5
GCTGCTTTCAGAGCTT,1,0.05,0.6,0.35,5
GCTGCTTTCATTGCCC,2,0.05,0.6,0.35,5
GCTGCTTTCCCGGATG,5,0.05,0.6,0.35,5
GCTGCTTTCTAACTCT,5,0.05,0.6,0.35,5
GCTGCTTTCTGCCCTA,4,0.05,0.6,0.35,5
GCTGGGTCAAACAACA,4,0.05,0.6,0.35,5
GCTGGGTCAAGTTAAG,8,0.05,0.6,0.35,5
GCTGGGTCACGTCTCT,4,0.05,0.6,0.35,5
GCTGGGTGTGACGCCT,1,0.05,0.6,0.35,5
GCTGGGTGTGCAACTT,1,0.05,0.6,0.35,5
GCTGGGTGTTGAGGTG,7,0.05,0.6,0.35,5
GCTGGGTTCCAAATGC,2,0.05,0.6,0.35,5
GCTGGGTTCCGTAGTA,3,0.05,0.6,0.35,5
GCTTCCAAGCCGCCTA,8,0.05,0.6,0.35,5
GCTTCCAAGCTACCGC,7,0.05,0.6,0.35,5
GCTTCCACAAACTGCT,5,0.05,0.6,0.35,5
GCTTCCACAGACTCGC,7,0.05,0.6,0.35,5
GCTTCCACATAGACTC,1,0.05,0.6,0.35,5
GCTTCCAGTAAACGCG,2,0.05,0.6,0.35,5
GCTTCCAGTCAAGCGA,1,0.05,0.6,0.35,5
GCTTCCAGTCTCATCC,2,0.05,0.6,0.35,5
GCTTCCAGTGCATCTA,5,0.05,0.6,0.35,5
GCTTCCATCCTTTACA,4,0.05,0.6,0.35,5
GCTTGAAAGACAAGCC,8,0.05,0.6,0.35,5
GCTTGAAAGCATCATC,1000,0.05,0.6,0.35,5
GCTTGAAAGCCACGCT,8,0.05,0.6,0.35,5
GCTTGAAAGTCACGCC,2,0.05,0.6,0.35,5
GCTTGAAAGTTCCACA,6,0.05,0.6,0.35,5
GCTTGAACACCAGGTC,3,0.05,0.6,0.35,5
GCTTGAACAGACTCGC,1,0.05,0.6,0.35,5
GCTTGAAGTCTGCCAG,4,0.05,0.6,0.35,5
GCTTGAAGTTCGTTGA,7,0.05,0.6,0.35,5
GCTTGAAGTTTGGCGC,6,0.05,0.6,0.35,5
GCTTGAATCCCTCTTT,4,0.05,0.6,0.35,5
GCTTGAATCCTTTACA,3,0.05,0.6,0.35,5
GCTTGAATCGGCGGTT,6,0.05,0.6,0.35,5
GCTTGAATCTTTAGGG,8,0.05,0.6,0.35,5
GCTTGAATCTTTCCTC,7,0.05,0.6,0.35,5
GGAAAGCAGAGACTAT,1000,0.05,0.6,0.35,5
GGAAAGCAGCCTCGTG,4,0.05,0.6,0.35,5
GGAAAGCAGTCCCACG,4,0.05,0.6,0.35,5
GGAAAGCAGTGAAGTT,6,0.05,0.6,0.35,5
GGAAAGCCACACCGAC,4,0.05,0.6,0.35,5
GGAAAGCCACCAGGTC,2,0.05,0.6,0.35,5
GGAAAGCCACTTACGA,0,0.05,0.6,0.35,5
GGAAAGCGTAAGGGCT,6,0.05,0.6,0.35,5
GGAAAGCGTCCGAACC,1000,0.05,0.6,0.35,5
GGAAAGCGTCTTCGTC,7,0.05,0.6,0.35,5
GGAAAGCTCACCAGGC,6,0.05,0.6,0.35,5
GGAAAGCTCCGCAAGC,6,0.05,0.6,0.35,5
GGAAAGCTCGCGTTTC,1,0.05,0.6,0.35,5
GGAAAGCTCTTTCCTC,8,0.05,0.6,0.35,5
GGAACTTAGGAGTCTG,1000,0.05,0.6,0.35,5
GGAACTTCACCCATTC,8,0.05,0.6,0.35,5
GGAACTTCAGCTGCTG,7,0.05,0.6,0.35,5
GGAACTTCATACTACG,7,0.05,0.6,0.35,5
GGAACTTGTCGCATCG,3,0.05,0.6,0.35,5
GGAACTTGTGAAGGCT,3,0.05,0.6,0.35,5
GGAACTTGTTGAGGTG,1000,0.05,0.6,0.35,5
GGAACTTTCACTCTTA,5,0.05,0.6,0.35,5
GGAACTTTCAGAAATG,8,0.05,0.6,0.35,5
GGAACTTTCAGCAACT,2,0.05,0.6,0.35,5
GGAACTTTCCGATATG,7,0.05,0.6,0.35,5
GGAATAAAGCCATCGC,7,0.05,0.6,0.35,5
GGAATAAAGCGTTCCG,2,0.05,0.6,0.35,5
GGAATAAAGTCATGCT,8,0.05,0.6,0.35,5
GGAATAAAGTCTCCTC,8,0.05,0.6,0.35,5
GGAATAACAATAACGA,8,0.05,0.6,0.35,5
GGAATAACAGGGAGAG,2,0.05,0.6,0.35,5
GGAATAAGTACCAGTT,3,0.05,0.6,0.35,5
GGAATAAGTATATGGA,6,0.05,0.6,0.35,5
GGAATAAGTCACTGGC,2,0.05,0.6,0.35,5
GGAATAAGTCAGCTAT,1000,0.05,0.6,0.35,5
GGAATAAGTCGTCTTC,2,0.05,0.6,0.35,5
GGAATAATCAACTCTT,3,0.05,0.6,0.35,5
GGAATAATCAGATAAG,8,0.05,0.6,0.35,5
GGAATAATCTGTCAAG,1000,0.05,0.6,0.35,5
GGACAAGAGAATCTCC,1000,0.05,0.6,0.35,5
GGACAAGAGTTGCAGG,8,0.05,0.6,0.35,5
GGACAAGCACTTACGA,3,0.05,0.6,0.35,5
GGACAAGCATAGACTC,6,0.05,0.6,0.35,5
GGACAAGGTCTAGTCA,1,0.05,0.6,0.35,5
GGACAAGGTGGGTATG,1000,0.05,0.6,0.35,5
GGACAAGGTGGTAACG,2,0.05,0.6,0.35,5
GGACAAGGTGTGAAAT,8,0.05,0.6,0.35,5
GGACAAGGTTACGACT,5,0.05,0.6,0.35,5
GGACAAGTCATCTGTT,1,0.05,0.6,0.35,5
GGACAAGTCTTAACCT,1000,0.05,0.6,0.35,5
GGACAGAAGAACAATC,6,0.05,0.6,0.35,5
GGACAGAAGAGTGAGA,1000,0.05,0.6,0.35,5
GGACAGAAGATCCCGC,2,0.05,0.6,0.35,5
GGACAGAAGCGCCTCA,4,0.05,0.6,0.35,5
GGACAGAAGCTCAACT,5,0.05,0.6,0.35,5
GGACAGACAATAGAGT,4,0.05,0.6,0.35,5
GGACAGACACTTAACG,1000,0.05,0.6,0.35,5
GGACAGACATCACAAC,7,0.05,0.6,0.35,5
GGACAGAGTACAGACG,8,0.05,0.6,0.35,5
GGACAGAGTAGGACAC,1000,0.05,0.6,0.35,5
GGACAGAGTATAGGTA,2,0.05,0.6,0.35,5
GGACAGAGTCTCTCGT,2,0.05,0.6,0.35,5
GGACAGAGTGCCTGGT,4,0.05,0.6,0.35,5
GGACAGAGTTTGTGTG,3,0.05,0.6,0.35,5
GGACAGATCGTCCAGG,3,0.05,0.6,0.35,5
GGACAGATCGTTTATC,1,0.05,0.6,0.35,5
GGACATTAGCCACTAT,1,0.05,0.6,0.35,5
GGACATTAGTACATGA,5,0.05,0.6,0.35,5
GGACATTAGTTAGCGG,8,0.05,0.6,0.35,5
GGACATTCACGACGAA,1000,0.05,0.6,0.35,5
GGACATTCAGGTCCAC,7,0.05,0.6,0.35,5
GGACATTGTAGAAGGA,4,0.05,0.6,0.35,5
GGACATTGTAGGGTAC,5,0.05,0.6,0.35,5
GGACATTGTCGCGTGT,1,0.05,0.6,0.35,5
GGACATTGTGCGCTTG,3,0.05,0.6,0.35,5
GGACATTGTGTTAAGA,2,0.05,0.6,0.35,5
GGACATTGTTATCGGT,3,0.05,0.6,0.35,5
GGACATTTCCACGTGG,1000,0.05,0.6,0.35,5
GGACATTTCGGAAATA,2,0.05,0.6,0.35,5
GGACGTCAGAAGATTC,1000,0.05,0.6,0.35,5
GGACGTCAGCCGTCGT,5,0.05,0.6,0.35,5
GGACGTCAGTACGTAA,1000,0.05,0.6,0.35,5
GGACGTCCAAAGTGCG,1000,0.05,0.6,0.35,5
GGACGTCCAAGCGTAG,1000,0.05,0.6,0.35,5
GGACGTCCACTATCTT,6,0.05,0.6,0.35,5
GGACGTCCACTCTGTC,7,0.05,0.6,0.35,5
GGACGTCGTACAGACG,1000,0.05,0.6,0.35,5
GGACGTCGTTCATGGT,4,0.05,0.6,0.35,5
GGACGTCTCAGGCAAG,2,0.05,0.6,0.35,5
GGACGTCTCGTAGATC,7,0.05,0.6,0.35,5
GGACGTCTCGTCTGAA,1,0.05,0.6,0.35,5
GGACGTCTCTGGTGTA,6,0.05,0.6,0.35,5
GGAGCAAAGAGTCGGT,1,0.05,0.6,0.35,5
GGAGCAAAGTAGCGGT,1,0.05,0.6,0.35,5
GGAGCAAAGTGAACGC,4,0.05,0.6,0.35,5
GGAGCAAAGTGGGCTA,3,0.05,0.6,0.35,5
GGAGCAACACACTGCG,2,0.05,0.6,0.35,5
GGAGCAACAGTATAAG,7,0.05,0.6,0.35,5
GGAGCAAGTCAACTGT,8,0.05,0.6,0.35,5
GGAGCAAGTCCAACTA,1000,0.05,0.6,0.35,5
GGAGCAATCGAACGGA,8,0.05,0.6,0.35,5
GGATGTTAGAATTGTG,5,0.05,0.6,0.35,5
GGATGTTAGCTAACTC,7,0.05,0.6,0.35,5
GGATGTTAGGCTCTTA,1,0.05,0.6,0.35,5
GGATGTTCAAGCCCAC,2,0.05,0.6,0.35,5
GGATGTTGTATATCCG,1000,0.05,0.6,0.35,5
GGATGTTGTATTCGTG,3,0.05,0.6,0.35,5
GGATGTTGTCCAACTA,7,0.05,0.6,0.35,5
GGATGTTTCGCGGATC,3,0.05,0.6,0.35,5
GGATTACAGACAGAGA,5,0.05,0.6,0.35,5
GGATTACAGAGACTAT,1,0.05,0.6,0.35,5
GGATTACAGCCCAATT,7,0.05,0.6,0.35,5
GGATTACAGTGCCAGA,3,0.05,0.6,0.35,5
GGATTACCAAGCGCTC,8,0.05,0.6,0.35,5
GGATTACCACTTGGAT,1,0.05,0.6,0.35,5
GGATTACCAGACACTT,2,0.05,0.6,0.35,5
GGATTACCATCCCATC,8,0.05,0.6,0.35,5
GGATTACCATCTACGA,1,0.05,0.6,0.35,5
GGATTACGTAGGACAC,7,0.05,0.6,0.35,5
GGATTACGTGTGTGCC,8,0.05,0.6,0.35,5
GGATTACTCAAAGACA,1000,0.05,0.6,0.35,5
GGATTACTCATGTAGC,3,0.05,0.6,0.35,5
GGCAATTAGACCACGA,4,0.05,0.6,0.35,5
GGCAATTAGAGTCGGT,5,0.05,0.6,0.35,5
GGCAATTAGATGCCAG,4,0.05,0.6,0.35,5
GGCAATTAGTACACCT,2,0.05,0.6,0.35,5
GGCAATTAGTACGCCC,8,0.05,0.6,0.35,5
GGCAATTAGTTGAGTA,7,0.05,0.6,0.35,5
GGCAATTCAATAGCAA,8,0.05,0.6,0.35,5
GGCAATTCACCCATGG,1000,0.05,0.6,0.35,5
GGCAATTCAGCATGAG,8,0.05,0.6,0.35,5
GGCAATTCATAGTAAG,1,0.05,0.6,0.35,5
GGCAATTCATGTCCTC,2,0.05,0.6,0.35,5
GGCAATTCATTAACCG,4,0.05,0.6,0.35,5
GGCAATTGTACCGTTA,6,0.05,0.6,0.35,5
GGCAATTGTCACACGC,4,0.05,0.6,0.35,5
GGCAATTGTCAGGACA,1000,0.05,0.6,0.35,5
GGCAATTGTGCGCTTG,8,0.05,0.6,0.35,5
GGCAATTGTTCGTGAT,5,0.05,0.6,0.35,5
GGCAATTGTTGAGTTC,3,0.05,0.6,0.35,5
GGCAATTTCATTGCGA,1,0.05,0.6,0.35,5
GGCAATTTCCAGTAGT,0,0.05,0.6,0.35,5
GGCAATTTCCCTCAGT,1,0.05,0.6,0.35,5
GGCCGATAGTATTGGA,7,0.05,0.6,0.35,5
GGCCGATCAAGCCATT,8,0.05,0.6,0.35,5
GGCCGATCAGCCTATA,5,0.05,0.6,0.35,5
GGCCGATCAGCGTCCA,4,0.05,0.6,0.35,5
GGCCGATCAGGGATTG,5,0.05,0.6,0.35,5
GGCCGATCATGGTTGT,4,0.05,0.6,0.35,5
GGCCGATGTACCGCTG,1,0.05,0.6,0.35,5
GGCCGATGTCGCATAT,2,0.05,0.6,0.35,5
GGCCGATGTGACTACT,7,0.05,0.6,0.35,5
GGCCGATGTTACCAGT,8,0.05,0.6,0.35,5
GGCCGATGTTTGGGCC,5,0.05,0.6,0.35,5
GGCCGATTCTTCCTTC,8,0.05,0.6,0.35,5
GGCCGATTCTTGTATC,3,0.05,0.6,0.35,5
GGCGACTAGACACTAA,7,0.05,0.6,0.35,5
GGCGACTAGACAGACC,1000,0.05,0.6,0.35,5
GGCGACTAGTGAACAT,3,0.05,0.6,0.35,5
GGCGACTCAAAGGCGT,8,0.05,0.6,0.35,5
GGCGACTCAAGCTGTT,8,0.05,0.6,0.35,5
GGCGACTCAAGTACCT,8,0.05,0.6,0.35,5
GGCGACTCATACCATG,8,0.05,0.6,0.35,5
GGCGACTGTATGGTTC,6,0.05,0.6,0.35,5
GGCGACTGTTGAACTC,5,0.05,0.6,0.35,5
GGCGACTTCCACGTGG,4,0.05,0.6,0.35,5
GGCGTGTAGCTGTCTA,4,0.05,0.6,0.35,5
GGCGTGTAGTGATCGG,7,0.05,0.6,0.35,5
GGCGTGTCAACAACCT,2,0.05,0.6,0.35,5
GGCGTGTCACTTAACG,4,0.05,0.6,0.35,5
GGCGTGTCATTTCAGG,2,0.05,0.6,0.35,5
GGCGTGTGTACCGAGA,3,0.05,0.6,0.35,5
GGCGTGTGTCAGGACA,6,0.05,0.6,0.35,5
GGCGTGTGTTACCAGT,1000,0.05,0.6,0.35,5
GGCGTGTGTTGGTAAA,3,0.05,0.6,0.35,5
GGCGTGTGTTTGTTGG,4,0.05,0.6,0.35,5
GGCGTGTTCCACTCCA,8,0.05,0.6,0.35,5
GGCGTGTTCCTTAATC,8,0.05,0.6,0.35,5
GGCTCGAAGAGCTATA,8,0.05,0.6,0.35,5
GGCTCGAAGTCCAGGA,1,0.05,0.6,0.35,5
GGCTCGACAATGGAAT,1000,0.05,0.6,0.35,5
GGCTCGACATTATCTC,4,0.05,0.6,0.35,5
GGCTCGAGTAATCGTC,0,0.05,0.6,0.35,5
GGCTCGAGTCTGATTG,1000,0.05,0.6,0.35,5
GGCTCGATCACCGGGT,7,0.05,0.6,0.35,5
GGCTCGATCACTTATC,8,0.05,0.6,0.35,5
GGCTCGATCCACGACG,3,0.05,0.6,0.35,5
GGCTCGATCTCGTTTA,1,0.05,0.6,0.35,5
GGCTGGTAGTACTTGC,5,0.05,0.6,0.35,5
GGCTGGTAGTGACTCT,4,0.05,0.6,0.35,5
GGCTGGTCACATCTTT,1,0.05,0.6,0.35,5
GGCTGGTGTAGCGTAG,4,0.05,0.6,0.35,5
GGCTGGTGTTCCGGCA,5,0.05,0.6,0.35,5
GGCTGGTGTTCGTTGA,6,0.05,0.6,0.35,5
GGCTGGTTCACGACTA,4,0.05,0.6,0.35,5
GGCTGGTTCCGCAAGC,3,0.05,0.6,0.35,5
GGCTGGTTCCGCTGTT,2,0.05,0.6,0.35,5
GGCTGGTTCGTACGGC,3,0.05,0.6,0.35,5
GGGAATGAGAATAGGG,4,0.05,0.6,0.35,5
GGGAATGAGCTATGCT,1000,0.05,0.6,0.35,5
GGGAATGAGTGGTAGC,4,0.05,0.6,0.35,5
GGGAATGAGTGTGAAT,1000,0.05,0.6,0.35,5
GGGAATGCAATTCCTT,1,0.05,0.6,0.35,5
GGGAATGCAGTTTACG,2,0.05,0.6,0.35,5
GGGAATGCATCCGTGG,3,0.05,0.6,0.35,5
GGGAATGCATGGTTGT,6,0.05,0.6,0.35,5
GGGAATGCATTAACCG,8,0.05,0.6,0.35,5
GGGAATGCATTTCACT,5,0.05,0.6,0.35,5
GGGAATGTCCCTTGCA,5,0.05,0.6,0.35,5
GGGACCTAGACCACGA,1,0.05,0.6,0.35,5
GGGACCTAGACGCTTT,4,0.05,0.6,0.35,5
GGGACCTAGCAATCTC,3,0.05,0.6,0.35,5
GGGACCTAGGAGTACC,1,0.05,0.6,0.35,5
GGGACCTCACGGTAAG,8,0.05,0.6,0.35,5
GGGACCTCATGCTAGT,6,0.05,0.6,0.35,5
GGGACCTCATGGAATA,1000,0.05,0.6,0.35,5
GGGACCTTCACTCCTG,8,0.05,0.6,0.35,5
GGGACCTTCGGAAACG,6,0.05,0.6,0.35,5
GGGACCTTCTTTACAC,8,0.05,0.6,0.35,5
GGGAGATAGATGGCGT,5,0.05,0.6,0.35,5
GGGAGATAGTCAAGGC,4,0.05,0.6,0.35,5
GGGAGATCACCAGATT,3,0.05,0.6,0.35,5
GGGAGATCAGTATGCT,3,0.05,0.6,0.35,5
GGGAGATCATCCGTGG,6,0.05,0.6,0.35,5
GGGAGATGTAAGAGAG,1,0.05,0.6,0.35,5
GGGAGATGTACCATCA,8,0.05,0.6,0.35,5
GGGAGATGTGTGACCC,8,0.05,0.6,0.35,5
GGGAGATGTGTGCGTC,1,0.05,0.6,0.35,5
GGGAGATGTTGAGTTC,2,0.05,0.6,0.35,5
GGGAGATTCAGAAATG,1000,0.05,0.6,0.35,5
GGGAGATTCCGTTGTC,3,0.05,0.6,0.35,5
GGGAGATTCTCCTATA,6,0.05,0.6,0.35,5
GGGAGATTCTTGACGA,2,0.05,0.6,0.35,5
GGGATGAAGATCTGAA,7,0.05,0.6,0.35,5
GGGATGAAGCGGATCA,7,0.05,0.6,0.35,5
GGGATGACACCAGTTA,5,0.05,0.6,0.35,5
GGGATGAGTCCGAATT,5,0.05,0.6,0.35,5
GGGATGAGTCTGCGGT,6,0.05,0.6,0.35,5
GGGATGAGTTCACCTC,3,0.05,0.6,0.35,5
GGGATGATCACCCTCA,7,0.05,0.6,0.35,5
GGGATGATCACGATGT,2,0.05,0.6,0.35,5
GGGATGATCGTGTAGT,1000,0.05,0.6,0.35,5
GGGATGATCTGTACGA,6,0.05,0.6,0.35,5
GGGCACTAGGTAGCCA,8,0.05,0.6,0.35,5
GGGCACTAGTCCTCCT,3,0.05,0.6,0.35,5
GGGCACTCACTGTCGG,1000,0.05,0.6,0.35,5
GGGCACTCAGGGTATG,1,0.05,0.6,0.35,5
GGGCACTCAGTTTACG,7,0.05,0.6,0.35,5
GGGCACTCATCCCACT,8,0.05,0.6,0.35,5
GGGCACTCATTACCTT,7,0.05,0.6,0.35,5
GGGCACTGTCGTGGCT,1000,0.05,0.6,0.35,5
GGGCACTGTCTAGAGG,1000,0.05,0.6,0.35,5
GGGCACTTCCACGACG,1,0.05,0.6,0.35,5
GGGCACTTCTAACTCT,1000,0.05,0.6,0.35,5
GGGCACTTCTCACATT,1000,0.05,0.6,0.35,5
GGGCATCAGAATCTCC,4,0.05,0.6,0.35,5
GGGCATCAGCCACCTG,5,0.05,0.6,0.35,5
GGGCATCAGCGGCTTC,4,0.05,0.6,0.35,5
GGGCATCAGCTAAACA,4,0.05,0.6,0.35,5
GGGCATCAGTCATCCA,5,0.05,0.6,0.35,5
GGGCATCCACATTAGC,7,0.05,0.6,0.35,5
GGGCATCCAGTATGCT,3,0.05,0.6,0.35,5
GGGCATCCATCCCACT,4,0.05,0.6,0.35,5
GGGCATCCATCGATGT,2,0.05,0.6,0.35,5
GGGCATCGTAGAGCTG,4,0.05,0.6,0.35,5
GGGCATCGTCAGAATA,7,0.05,0.6,0.35,5
GGGCATCGTGCATCTA,7,0.05,0.6,0.35,5
GGGCATCGTTCGAATC,4,0.05,0.6,0.35,5
GGGCATCTCAAGGCTT,5,0.05,0.6,0.35,5
GGGCATCTCAGCGATT,8,0.05,0.6,0.35,5
GGGCATCTCTGTTTGT,1,0.05,0.6,0.35,5
GGGTCTGAGCACGCCT,2,0.05,0.6,0.35,5
GGGTCTGAGGAGTCTG,6,0.05,0.6,0.35,5
GGGTCTGAGTCATCCA,4,0.05,0.6,0.35,5
GGGTCTGCAATACGCT,6,0.05,0.6,0.35,5
GGGTCTGCAGGAATCG,8,0.05,0.6,0.35,5
GGGTCTGGTATGAAAC,2,0.05,0.6,0.35,5
GGGTCTGGTCATCCCT,2,0.05,0.6,0.35,5
GGGTCTGGTCGCATCG,6,0.05,0.6,0.35,5
GGGTCTGTCACTTATC,4,0.05,0.6,0.35,5
GGGTCTGTCAGCTGGC,4,0.05,0.6,0.35,5
GGGTCTGTCATGCTCC,4,0.05,0.6,0.35,5
GGGTCTGTCCAGAAGG,7,0.05,0.6,0.35,5
GGGTCTGTCCTACAGA,1000,0.05,0.6,0.35,5
GGGTCTGTCTCGAGTA,5,0.05,0.6,0.35,5
GGGTCTGTCTGTTTGT,6,0.05,0.6,0.35,5
GGGTTGCAGAGTACCG,2,0.05,0.6,0.35,5
GGGTTGCAGCTCAACT,5,0.05,0.6,0.35,5
GGGTTGCCACGCTTTC,5,0.05,0.6,0.35,5
GGGTTGCGTATCACCA,7,0.05,0.6,0.35,5
GGGTTGCGTCAAGCGA,2,0.05,0.6,0.35,5
GGGTTGCGTGCAGGTA,4,0.05,0.6,0.35,5
GGGTTGCGTTCCTCCA,1,0.05,0.6,0.35,5
GGTATTGAGATGTTAG,1,0.05,0.6,0.35,5
GGTATTGAGGACTGGT,1,0.05,0.6,0.35,5
GGTATTGCAGGGAGAG,1000,0.05,0.6,0.35,5
GGTATTGCAGTCAGCC,4,0.05,0.6,0.35,5
GGTATTGGTAGAGTGC,1000,0.05,0.6,0.35,5
GGTATTGGTCACAAGG,4,0.05,0.6,0.35,5
GGTATTGGTCAGAATA,5,0.05,0.6,0.35,5
GGTATTGGTGGTCTCG,8,0.05,0.6,0.35,5
GGTATTGTCACCGGGT,5,0.05,0.6,0.35,5
GGTGAAGAGATCTGAA,2,0.05,0.6,0.35,5
GGTGAAGAGATGGCGT,1,0.05,0.6,0.35,5
GGTGAAGAGCATCATC,4,0.05,0.6,0.35,5
GGTGAAGAGCGAAGGG,3,0.05,0.6,0.35,5
GGTGAAGAGTTAAGTG,3,0.05,0.6,0.35,5
GGTGAAGCAAGGACTG,2,0.05,0.6,0.35,5
GGTGAAGCACATCCGG,5,0.05,0.6,0.35,5
GGTGAAGCAGTCCTTC,7,0.05,0.6,0.35,5
GGTGAAGCATCCCATC,3,0.05,0.6,0.35,5
GGTGAAGGTAATAGCA,2,0.05,0.6,0.35,5
GGTGCGTAGCCCAATT,7,0.05,0.6,0.35,5
GGTGCGTAGCCTATGT,1,0.05,0.6,0.35,5
GGTGCGTCAATCTGCA,1,0.05,0.6,0.35,5
GGTGCGTCACGCATCG,6,0.05,0.6,0.35,5
GGTGCGTCAGCTGCAC,2,0.05,0.6,0.35,5
GGTGCGTCATGGTAGG,1,0.05,0.6,0.35,5
GGTGCGTGTAGCTCCG,6,0.05,0.6,0.35,5
GGTGCGTGTGTATGGG,2,0.05,0.6,0.35,5
GGTGCGTTCAGTGTTG,1,0.05,0.6,0.35,5
GGTGCGTTCCAAACAC,1000,0.05,0.6,0.35,5
GGTGCGTTCGGCATCG,7,0.05,0.6,0.35,5
GGTGTTAAGATCTGCT,5,0.05,0.6,0.35,5
GGTGTTAAGGTCGGAT,1000,0.05,0.6,0.35,5
GGTGTTAGTACTTGAC,2,0.05,0.6,0.35,5
GGTGTTAGTCTCAACA,6,0.05,0.6,0.35,5
GGTGTTAGTGATAAGT,3,0.05,0.6,0.35,5
GTAACGTAGCATCATC,7,0.05,0.6,0.35,5
GTAACGTAGTGAATTG,4,0.05,0.6,0.35,5
GTAACGTAGTTGTCGT,3,0.05,0.6,0.35,5
GTAACGTCAATGGAGC,7,0.05,0.6,0.35,5
GTAACGTCACCTCGTT,1000,0.05,0.6,0.35,5
GTAACGTCACGTCAGC,7,0.05,0.6,0.35,5
GTAACGTCAGGTGCCT,6,0.05,0.6,0.35,5
GTAACGTCAGTGGGAT,2,0.05,0.6,0.35,5
GTAACGTGTAAAGGAG,4,0.05,0.6,0.35,5
GTAACGTTCTGGCGTG,6,0.05,0.6,0.35,5
GTAACGTTCTTCAACT,4,0.05,0.6,0.35,5
GTAACTGAGAGTTGGC,1,0.05,0.6,0.35,5
GTAACTGAGATGTAAC,5,0.05,0.6,0.35,5
GTAACTGAGCAGACTG,6,0.05,0.6,0.35,5
GTAACTGAGGAGTTTA,1000,0.05,0.6,0.35,5
GTAACTGAGGATATAC,3,0.05,0.6,0.35,5
GTAACTGCAAGTCTAC,1,0.05,0.6,0.35,5
GTAACTGGTAAGTGGC,8,0.05,0.6,0.35,5
GTAACTGGTCGGGTCT,1,0.05,0.6,0.35,5
GTAACTGGTTCTGGTA,5,0.05,0.6,0.35,5
GTAACTGGTTGCCTCT,8,0.05,0.6,0.35,5
GTAACTGTCCTAGTGA,3,0.05,0.6,0.35,5
GTAACTGTCCTTGGTC,7,0.05,0.6,0.35,5
GTACGTAAGACAGGCT,8,0.05,0.6,0.35,5
GTACGTAAGGGAACGG,4,0.05,0.6,0.35,5
GTACGTAAGGTTCCTA,7,0.05,0.6,0.35,5
GTACGTAAGTGGTAAT,4,0.05,0.6,0.35,5
GTACGTACACGAAACG,2,0.05,0.6,0.35,5
GTACGTACATCTGGTA,1000,0.05,0.6,0.35,5
GTACGTATCAACCATG,6,0.05,0.6,0.35,5
GTACGTATCATGCATG,4,0.05,0.6,0.35,5
GTACGTATCTGCGACG,4,0.05,0.6,0.35,5
GTACTCCAGAACAACT,4,0.05,0.6,0.35,5
GTACTCCAGAGGACGG,1000,0.05,0.6,0.35,5
GTACTCCAGATCCCGC,5,0.05,0.6,0.35,5
GTACTCCAGGACAGAA,1,0.05,0.6,0.35,5
GTACTCCAGGTGTGGT,5,0.05,0.6,0.35,5
GTACTCCCATCTGGTA,5,0.05,0.6,0.35,5
GTACTCCGTTTAGCTG,0,0.05,0.6,0.35,5
GTACTCCGTTTCCACC,3,0.05,0.6,0.35,5
GTACTCCTCAGAGACG,1,0.05,0.6,0.35,5
GTACTCCTCATCTGCC,6,0.05,0.6,0.35,5
GTACTCCTCCCAGGTG,1000,0.05,0.6,0.35,5
GTACTCCTCTGGAGCC,5,0.05,0.6,0.35,5
GTACTTTAGAATGTGT,5,0.05,0.6,0.35,5
GTACTTTAGAGGTAGA,6,0.05,0.6,0.35,5
GTACTTTGTCAGGACA,3,0.05,0.6,0.35,5
GTACTTTGTCGAACAG,1,0.05,0.6,0.35,5
GTACTTTGTCTGATCA,7,0.05,0.6,0.35,5
GTACTTTGTGAAGGCT,1,0.05,0.6,0.35,5
GTACTTTTCAGCACAT,5,0.05,0.6,0.35,5
GTAGGCCAGAATTGTG,7,0.05,0.6,0.35,5
GTAGGCCAGTACGTTC,8,0.05,0.6,0.35,5
GTAGGCCCAAACGCGA,8,0.05,0.6,0.35,5
GTAGGCCCACATGGGA,1000,0.05,0.6,0.35,5
GTAGGCCCAGTTCATG,2,0.05,0.6,0.35,5
GTAGGCCCATACCATG,4,0.05,0.6,0.35,5
GTAGGCCCATCCCACT,3,0.05,0.6,0.35,5
GTAGGCCCATCGGACC,1000,0.05,0.6,0.35,5
GTAGGCCGTGGGTCAA,5,0.05,0.6,0.35,5
GTAGGCCGTGTTCGAT,5,0.05,0.6,0.35,5
GTAGGCCGTTCTGTTT,6,0.05,0.6,0.35,5
GTAGGCCTCACAAACC,1000,0.05,0.6,0.35,5
GTAGGCCTCACCGTAA,1,0.05,0.6,0.35,5
GTAGGCCTCAGAGCTT,1000,0.05,0.6,0.35,5
GTAGGCCTCATGTCTT,5,0.05,0.6,0.35,5
GTAGGCCTCGCTTAGA,1,0.05,0.6,0.35,5
GTAGGCCTCTGTACGA,5,0.05,0.6,0.35,5
GTAGGCCTCTTACCGC,7,0.05,0.6,0.35,5
GTAGTCAAGCCACCTG,5,0.05,0.6,0.35,5
GTAGTCACAAACGCGA,1,0.05,0.6,0.35,5
GTAGTCACAATGTAAG,1000,0.05,0.6,0.35,5
GTAGTCACACATCCAA,8,0.05,0.6,0.35,5
GTAGTCACACGGTAGA,7,0.05,0.6,0.35,5
GTAGTCACAGACAAAT,7,0.05,0.6,0.35,5
GTAGTCACAGGACGTA,7,0.05,0.6,0.35,5
GTAGTCACATAGTAAG,1,0.05,0.6,0.35,5
GTAGTCAGTAAGGGCT,1000,0.05,0.6,0.35,5
GTAGTCAGTGGTTTCA,1,0.05,0.6,0.35,5
GTAGTCATCAACGGGA,5,0.05,0.6,0.35,5
GTAGTCATCCCAAGAT,1,0.05,0.6,0.35,5
GTAGTCATCGGAAACG,8,0.05,0.6,0.35,5
GTAGTCATCTTGTCAT,3,0.05,0.6,0.35,5
GTATCTTAGAGTGAGA,1,0.05,0.6,0.35,5
GTATCTTAGCGACGTA,1,0.05,0.6,0.35,5
GTATCTTAGGACCACA,6,0.05,0.6,0.35,5
GTATCTTCAAATCCGT,2,0.05,0.6,0.35,5
GTATCTTCACACGCTG,1,0.05,0.6,0.35,5
GTATCTTGTACTCAAC,2,0.05,0.6,0.35,5
GTATCTTGTAGGCATG,4,0.05,0.6,0.35,5
GTATCTTGTTCCCGAG,7,0.05,0.6,0.35,5
GTATCTTGTTGAGTTC,7,0.05,0.6,0.35,5
GTATCTTTCACGAAGG,7,0.05,0.6,0.35,5
GTATCTTTCCACTCCA,1,0.05,0.6,0.35,5
GTATCTTTCCGCGGTA,5,0.05,0.6,0.35,5
GTATCTTTCCGTAGGC,7,0.05,0.6,0.35,5
GTATCTTTCCTAGGGC,5,0.05,0.6,0.35,5
GTATCTTTCTCGTTTA,3,0.05,0.6,0.35,5
GTATTCTAGAGGACGG,2,0.05,0.6,0.35,5
GTATTCTAGTGAACGC,5,0.05,0.6,0.35,5
GTATTCTCAATAAGCA,6,0.05,0.6,0.35,5
GTATTCTCAGATGGCA,3,0.05,0.6,0.35,5
GTATTCTCAGTCCTTC,8,0.05,0.6,0.35,5
GTATTCTCATCAGTCA,8,0.05,0.6,0.35,5
GTATTCTGTAGGCTGA,1000,0.05,0.6,0.35,5
GTATTCTGTATTCGTG,7,0.05,0.6,0.35,5
GTATTCTGTGTCAATC,8,0.05,0.6,0.35,5
GTATTCTGTTCCAACA,1,0.05,0.6,0.35,5
GTATTCTGTTTGTTTC,5,0.05,0.6,0.35,5
GTATTCTTCAACCAAC,5,0.05,0.6,0.35,5
GTATTCTTCAGTTTGG,5,0.05,0.6,0.35,5
GTATTCTTCCTTCAAT,8,0.05,0.6,0.35,5
GTATTCTTCGAGGTAG,2,0.05,0.6,0.35,5
GTCAAGTAGATGGCGT,6,0.05,0.6,0.35,5
GTCAAGTAGGTGCACA,4,0.05,0.6,0.35,5
GTCAAGTCAATCACAC,2,0.05,0.6,0.35,5
GTCAAGTCAATCAGAA,7,0.05,0.6,0.35,5
GTCAAGTCACGGATAG,3,0.05,0.6,0.35,5
GTCAAGTCAGGAATGC,8,0.05,0.6,0.35,5
GTCAAGTCAGGATTGG,3,0.05,0.6,0.35,5
GTCAAGTCATGTCGAT,8,0.05,0.6,0.35,5
GTCAAGTGTAGCTCCG,4,0.05,0.6,0.35,5
GTCAAGTGTTACCAGT,1,0.05,0.6,0.35,5
GTCAAGTTCGCGCCAA,6,0.05,0.6,0.35,5
GTCAAGTTCTTTACAC,4,0.05,0.6,0.35,5
GTCACAAAGAGTAATC,8,0.05,0.6,0.35,5
GTCACAAAGCGATTCT,8,0.05,0.6,0.35,5
GTCACAAAGTCGCCGT,1,0.05,0.6,0.35,5
GTCACAACACATTAGC,7,0.05,0.6,0.35,5
GTCACAACACCGGAAA,7,0.05,0.6,0.35,5
GTCACAAGTATGAAAC,1000,0.05,0.6,0.35,5
GTCACAATCCCATTAT,4,0.05,0.6,0.35,5
GTCACAATCCTCAACC,3,0.05,0.6,0.35,5
GTCACAATCGGACAAG,2,0.05,0.6,0.35,5
GTCACAATCTCTTATG,1,0.05,0.6,0.35,5
GTCACAATCTTTCCTC,1000,0.05,0.6,0.35,5
GTCACGGAGCCGGTAA,7,0.05,0.6,0.35,5
GTCACGGCACAGCCCA,1000,0.05,0.6,0.35,5
GTCACGGCATCGGTTA,1,0.05,0.6,0.35,5
GTCACGGCATCTACGA,2,0.05,0.6,0.35,5
GTCACGGGTAGCAAAT,3,0.05,0.6,0.35,5
GTCACGGGTCATATCG,2,0.05,0.6,0.35,5
GTCACGGGTCCGAATT,5,0.05,0.6,0.35,5
GTCACGGTCGGCGCAT,7,0.05,0.6,0.35,5
GTCATTTAGCTGATAA,1,0.05,0.6,0.35,5
GTCATTTAGGACAGAA,8,0.05,0.6,0.35,5
GTCATTTCAAACGTGG,6,0.05,0.6,0.35,5
GTCATTTCAATAGCAA,4,0.05,0.6,0.35,5
GTCATTTCACAGGCCT,7,0.05,0.6,0.35,5
GTCATTTCACGAAATA,1,0.05,0.6,0.35,5
GTCATTTCACTCAGGC,8,0.05,0.6,0.35,5
GTCATTTCAGCGTAAG,4,0.05,0.6,0.35,5
GTCATTTCATCGATGT,3,0.05,0.6,0.35,5
GTCATTTGTAGCACGA,8,0.05,0.6,0.35,5
GTCATTTGTCATTAGC,6,0.05,0.6,0.35,5
GTCATTTGTTTCGCTC,2,0.05,0.6,0.35,5
GTCATTTTCAACGCTA,6,0.05,0.6,0.35,5
GTCATTTTCCCTTGTG,1000,0.05,0.6,0.35,5
GTCATTTTCGAGAGCA,2,0.05,0.6,0.35,5
GTCATTTTCGTAGGAG,1,0.05,0.6,0.35,5
GTCCTCACAGATGAGC,7,0.05,0.6,0.35,5
GTCCTCAGTAATAGCA,1000,0.05,0.6,0.35,5
GTCCTCAGTATATGAG,5,0.05,0.6,0.35,5
GTCCTCAGTTGATTCG,1000,0.05,0.6,0.35,5
GTCCTCATCCCGACTT,4,0.05,0.6,0.35,5
GTCCTCATCTGTCAAG,4,0.05,0.6,0.35,5
GTCCTCATCTTACCGC,1,0.05,0.6,0.35,5
GTCGGGTAGGCAGTCA,5,0.05,0.6,0.35,5
GTCGGGTAGGCTCAGA,1000,0.05,0.6,0.35,5
GTCGGGTCAAGAGTCG,4,0.05,0.6,0.35,5
GTCGGGTCACCAGGTC,1000,0.05,0.6,0.35,5
GTCGGGTCACCGAAAG,0,0.05,0.6,0.35,5
GTCGGGTCAGTGAGTG,1,0.05,0.6,0.35,5
GTCGGGTGTATCAGTC,7,0.05,0.6,0.35,5
GTCGGGTTCATATCGG,6,0.05,0.6,0.35,5
GTCGGGTTCCGATATG,1000,0.05,0.6,0.35,5
GTCGGGTTCGACCAGC,8,0.05,0.6,0.35,5
GTCGTAAAGGTTACCT,1,0.05,0.6,0.35,5
GTCGTAAAGTGAATTG,6,0.05,0.6,0.35,5
GTCGTAACAGTCGATT,6,0.05,0.6,0.35,5
GTCGTAAGTCCGAATT,1,0.05,0.6,0.35,5
GTCGTAAGTGTTCGAT,4,0.05,0.6,0.35,5
GTCGTAATCACGCGGT,2,0.05,0.6,0.35,5
GTCGTAATCAGTCAGT,1,0.05,0.6,0.35,5
GTCGTAATCATGCATG,7,0.05,0.6,0.35,5
GTCGTAATCATTATCC,7,0.05,0.6,0.35,5
GTCGTAATCCGTTGTC,7,0.05,0.6,0.35,5
GTCGTAATCCTTTCGG,7,0.05,0.6,0.35,5
GTCGTAATCGTTTGCC,8,0.05,0.6,0.35,5
GTCGTAATCTACCTGC,2,0.05,0.6,0.35,5
GTCTCGTCAAGCGAGT,7,0.05,0.6,0.35,5
GTCTCGTGTCAGAGGT,1,0.05,0.6,0.35,5
GTCTCGTGTGAAATCA,4,0.05,0.6,0.35,5
GTCTCGTGTGGCTCCA,1,0.05,0.6,0.35,5
GTCTCGTGTGTGGCTC,7,0.05,0.6,0.35,5
GTCTCGTGTTATGTGC,3,0.05,0.6,0.35,5
GTCTCGTGTTCCCGAG,1000,0.05,0.6,0.35,5
GTCTCGTGTTCGCGAC,7,0.05,0.6,0.35,5
GTCTCGTTCCAAGTAC,1000,0.05,0.6,0.35,5
GTCTTCGAGCCAGAAC,2,0.05,0.6,0.35,5
GTCTTCGAGGCTCTTA,3,0.05,0.6,0.35,5
GTCTTCGCAATAGCAA,1,0.05,0.6,0.35,5
GTCTTCGCACATTTCT,1000,0.05,0.6,0.35,5
GTCTTCGCATTGGTAC,7,0.05,0.6,0.35,5
GTCTTCGGTTTGTTTC,3,0.05,0.6,0.35,5
GTCTTCGTCAAACAAG,1000,0.05,0.6,0.35,5
GTCTTCGTCATTGCCC,2,0.05,0.6,0.35,5
GTCTTCGTCCTGCAGG,6,0.05,0.6,0.35,5
GTGAAGGAGAGCTGCA,1000,0.05,0.6,0.35,5
GTGAAGGCAGCGAACA,7,0.05,0.6,0.35,5
GTGAAGGGTACATGTC,7,0.05,0.6,0.35,5
GTGAAGGTCATGTCCC,4,0.05,0.6,0.35,5
GTGAAGGTCCATTCTA,3,0.05,0.6,0.35,5
GTGAAGGTCTCGTATT,1000,0.05,0.6,0.35,5
GTGCAGCAGACGACGT,6,0.05,0.6,0.35,5
GTGCAGCAGATCTGAA,5,0.05,0.6,0.35,5
GTGCAGCAGCCGATTT,3,0.05,0.6,0.35,5
GTGCAGCAGGCATTGG,8,0.05,0.6,0.35,5
GTGCAGCAGGCGACAT,2,0.05,0.6,0.35,5
GTGCAGCAGTGGGTTG,8,0.05,0.6,0.35,5
GTGCAGCCACTTACGA,7,0.05,0.6,0.35,5
GTGCAGCGTGCGATAG,8,0.05,0.6,0.35,5
GTGCAGCTCAAGCCTA,1000,0.05,0.6,0.35,5
GTGCAGCTCCATGCTC,1000,0.05,0.6,0.35,5
GTGCAGCTCCTGTAGA,6,0.05,0.6,0.35,5
GTGCAGCTCGGATGTT,4,0.05,0.6,0.35,5
GTGCAGCTCTCTAAGG,6,0.05,0.6,0.35,5
GTGCATAAGCAGGTCA,3,0.05,0.6,0.35,5
GTGCATAAGCCACGCT,6,0.05,0.6,0.35,5
GTGCATAAGCTAGGCA,6,0.05,0.6,0.35,5
GTGCATAAGGCATTGG,6,0.05,0.6,0.35,5
GTGCATACAATCTACG,1000,0.05,0.6,0.35,5
GTGCATACATCCTTGC,2,0.05,0.6,0.35,5
GTGCATACATCGGTTA,8,0.05,0.6,0.35,5
GTGCATAGTCTTCGTC,7,0.05,0.6,0.35,5
GTGCATAGTTACCGAT,4,0.05,0.6,0.35,5
GTGCATAGTTAGATGA,3,0.05,0.6,0.35,5
GTGCATATCCCTTGTG,4,0.05,0.6,0.35,5
GTGCGGTAGCTAAACA,8,0.05,0.6,0.35,5
GTGCGGTAGGTAGCTG,4,0.05,0.6,0.35,5
GTGCGGTCAAACTGCT,5,0.05,0.6,0.35,5
GTGCGGTCACCGGAAA,2,0.05,0.6,0.35,5
GTGCGGTCAGTTTACG,1,0.05,0.6,0.35,5
GTGCGGTCATTACCTT,1000,0.05,0.6,0.35,5
GTGCGGTGTTGATTGC,7,0.05,0.6,0.35,5
GTGCGGTTCAATCACG,1000,0.05,0.6,0.35,5
GTGCGGTTCTAAGCCA,4,0.05,0.6,0.35,5
GTGCGGTTCTTTCCTC,4,0.05,0.6,0.35,5
GTGCTTCAGAAGGTTT,3,0.05,0.6,0.35,5
GTGCTTCAGCCACGTC,6,0.05,0.6,0.35,5
GTGCTTCAGCGTGAAC,7,0.05,0.6,0.35,5
GTGCTTCGTATAATGG,5,0.05,0.6,0.35,5
GTGCTTCGTTCACGGC,6,0.05,0.6,0.35,5
GTGCTTCTCAAGGTAA,5,0.05,0.6,0.35,5
GTGCTTCTCAGAGACG,1,0.05,0.6,0.35,5
GTGCTTCTCCGGCACA,5,0.05,0.6,0.35,5
GTGCTTCTCCTACAGA,4,0.05,0.6,0.35,5
GTGGGTCAGACCTTTG,4,0.05,0.6,0.35,5
GTGGGTCAGAGAACAG,4,0.05,0.6,0.35,5
GTGGGTCAGATCCCGC,1000,0.05,0.6,0.35,5
GTGGGTCAGGTGCTAG,1000,0.05,0.6,0.35,5
GTGGGTCCAGGGTTAG,6,0.05,0.6,0.35,5
GTGGGTCGTAAGTGTA,5,0.05,0.6,0.35,5
GTGGGTCGTCTAAAGA,2,0.05,0.6,0.35,5
GTGGGTCGTCTCCCTA,4,0.05,0.6,0.35,5
GTGGGTCTCAAACAAG,5,0.05,0.6,0.35,5
GTGGGTCTCCAGGGCT,1,0.05,0.6,0.35,5
GTGGGTCTCGATAGAA,1000,0.05,0.6,0.35,5
GTGGGTCTCGGAAATA,3,0.05,0.6,0.35,5
GTGTGCGAGACATAAC,1000,0.05,0.6,0.35,5
GTGTGCGAGGGTCGAT,7,0.05,0.6,0.35,5
GTGTGCGAGTCAAGGC,7,0.05,0.6,0.35,5
GTGTGCGCAATCTGCA,8,0.05,0.6,0.35,5
GTGTGCGCAGTCGATT,1,0.05,0.6,0.35,5
GTGTGCGCATCTCCCA,7,0.05,0.6,0.35,5
GTGTGCGGTCTACCTC,5,0.05,0.6,0.35,5
GTGTGCGGTCTCACCT,1,0.05,0.6,0.35,5
GTGTGCGTCCTGTACC,8,0.05,0.6,0.35,5
GTGTGCGTCGTCACGG,5,0.05,0.6,0.35,5
GTGTTAGAGCGTGTCC,7,0.05,0.6,0.35,5
GTGTTAGAGCGTTCCG,5,0.05,0.6,0.35,5
GTGTTAGAGCTGAAAT,6,0.05,0.6,0.35,5
GTGTTAGAGGATGTAT,4,0.05,0.6,0.35,5
GTGTTAGCACACAGAG,6,0.05,0.6,0.35,5
GTGTTAGCACATGACT,7,0.05,0.6,0.35,5
GTGTTAGCACCATCCT,4,0.05,0.6,0.35,5
GTGTTAGCATCAGTCA,5,0.05,0.6,0.35,5
GTGTTAGCATCTATGG,1,0.05,0.6,0.35,5
GTGTTAGCATGTCCTC,1000,0.05,0.6,0.35,5
GTGTTAGGTCACTTCC,2,0.05,0.6,0.35,5
GTGTTAGGTTAGTGGG,6,0.05,0.6,0.35,5
GTGTTAGTCCCAACGG,1000,0.05,0.6,0.35,5
GTGTTAGTCTTACCGC,1,0.05,0.6,0.35,5
GTTAAGCAGACAGGCT,1,0.05,0.6,0.35,5
GTTAAGCAGACCACGA,4,0.05,0.6,0.35,5
GTTAAGCAGCTCCCAG,7,0.05,0.6,0.35,5
GTTAAGCAGCTTCGCG,7,0.05,0.6,0.35,5
GTTAAGCCATCTCCCA,4,0.05,0.6,0.35,5
GTTAAGCCATTGGTAC,2,0.05,0.6,0.35,5
GTTAAGCGTACAGTTC,1,0.05,0.6,0.35,5
GTTAAGCGTACTTCTT,1000,0.05,0.6,0.35,5
GTTAAGCGTTTGTGTG,5,0.05,0.6,0.35,5
GTTAAGCTCTCACATT,5,0.05,0.6,0.35,5
GTTACAGAGCCCAATT,1000,0.05,0.6,0.35,5
GTTACAGAGTAACCCT,1,0.05,0.6,0.35,5
GTTACAGCAAAGGAAG,8,0.05,0.6,0.35,5
GTTACAGGTGTTTGTG,1000,0.05,0.6,0.35,5
GTTACAGTCAATAAGG,3,0.05,0.6,0.35,5
GTTACAGTCGAGGTAG,3,0.05,0.6,0.35,5
GTTACAGTCTACTTAC,1,0.05,0.6,0.35,5
GTTACAGTCTGCGTAA,6,0.05,0.6,0.35,5
GTTACAGTCTTGCATT,1,0.05,0.6,0.35,5
GTTCATTCATCCCACT,2,0.05,0.6,0.35,5
GTTCATTGTCAAAGCG,8,0.05,0.6,0.35,5
GTTCATTTCAAGGCTT,1000,0.05,0.6,0.35,5
GTTCATTTCACGGTTA,4,0.05,0.6,0.35,5
GTTCATTTCGTCTGAA,4,0.05,0.6,0.35,5
GTTCGGGAGACTACAA,4,0.05,0.6,0.35,5
GTTCGGGAGAGAACAG,2,0.05,0.6,0.35,5
GTTCGGGAGAGTCGGT,5,0.05,0.6,0.35,5
GTTCGGGCAACACGCC,2,0.05,0.6,0.35,5
GTTCGGGCACCAGCAC,3,0.05,0.6,0.35,5
GTTCGGGCACGTCAGC,5,0.05,0.6,0.35,5
GTTCGGGCAGACGCAA,8,0.05,0.6,0.35,5
GTTCGGGCATGGGACA,3,0.05,0.6,0.35,5
GTTCGGGGTAAAGGAG,6,0.05,0.6,0.35,5
GTTCGGGGTACAGCAG,1000,0.05,0.6,0.35,5
GTTCGGGGTTACCGAT,3,0.05,0.6,0.35,5
GTTCGGGGTTCCACAA,7,0.05,0.6,0.35,5
GTTCGGGTCCCAAGAT,2,0.05,0.6,0.35,5
GTTCTCGAGACGCAAC,1,0.05,0.6,0.35,5
GTTCTCGAGAGATGAG,2,0.05,0.6,0.35,5
GTTCTCGCACGTCTCT,2,0.05,0.6,0.35,5
GTTCTCGCATTTCAGG,7,0.05,0.6,0.35,5
GTTCTCGGTGTCCTCT,7,0.05,0.6,0.35,5
GTTCTCGTCCCTTGCA,8,0.05,0.6,0.35,5
GTTCTCGTCCGAGCCA,3,0.05,0.6,0.35,5
GTTCTCGTCGGTCTAA,1000,0.05,0.6,0.35,5
GTTTCTAAGACGCACA,1000,0.05,0.6,0.35,5
GTTTCTAAGAGCCCAA,3,0.05,0.6,0.35,5
GTTTCTAAGAGTCGGT,2,0.05,0.6,0.35,5
GTTTCTAAGCTATGCT,8,0.05,0.6,0.35,5
GTTTCTAAGTTTGCGT,1000,0.05,0.6,0.35,5
GTTTCTACAGATCTGT,4,0.05,0.6,0.35,5
GTTTCTACAGGATTGG,3,0.05,0.6,0.35,5
GTTTCTACAGGGTTAG,7,0.05,0.6,0.35,5
GTTTCTAGTTTGACTG,7,0.05,0.6,0.35,5
GTTTCTATCATGTCCC,4,0.05,0.6,0.35,5
GTTTCTATCCCAAGTA,8,0.05,0.6,0.35,5
GTTTCTATCGCGTAGC,7,0.05,0.6,0.35,5
GTTTCTATCGTTGCCT,2,0.05,0.6,0.35,5
TAAACCGAGGCATGGT,2,0.05,0.6,0.35,5
TAAACCGAGGCTATCT,2,0.05,0.6,0.35,5
TAAACCGAGTTAACGA,3,0.05,0.6,0.35,5
TAAACCGCAAAGGTGC,1000,0.05,0.6,0.35,5
TAAACCGCATCGATGT,3,0.05,0.6,0.35,5
TAAACCGGTCATCCCT,5,0.05,0.6,0.35,5
TAAACCGGTGATGATA,2,0.05,0.6,0.35,5
TAAACCGTCATCATTC,7,0.05,0.6,0.35,5
TAAACCGTCCAGGGCT,1,0.05,0.6,0.35,5
TAAACCGTCGCTTAGA,8,0.05,0.6,0.35,5
TAAACCGTCGGACAAG,5,0.05,0.6,0.35,5
TAAACCGTCGTTACGA,4,0.05,0.6,0.35,5
TAAACCGTCTAACTGG,8,0.05,0.6,0.35,5
TAAGAGAAGATGTCGG,1,0.05,0.6,0.35,5
TAAGAGAAGCCCGAAA,6,0.05,0.6,0.35,5
TAAGAGAAGTGGGATC,8,0.05,0.6,0.35,5
TAAGAGACAGTGAGTG,8,0.05,0.6,0.35,5
TAAGAGAGTAGCGTAG,8,0.05,0.6,0.35,5
TAAGAGAGTCAACATC,1000,0.05,0.6,0.35,5
TAAGAGATCAACGCTA,8,0.05,0.6,0.35,5
TAAGAGATCCTGTACC,7,0.05,0.6,0.35,5
TAAGAGATCGCAGGCT,8,0.05,0.6,0.35,5
TAAGAGATCTTATCTG,6,0.05,0.6,0.35,5
TAAGCGTCAAGTCTAC,8,0.05,0.6,0.35,5
TAAGCGTCACTGAAGG,3,0.05,0.6,0.35,5
TAAGCGTCAGTATGCT,8,0.05,0.6,0.35,5
TAAGCGTGTAGCGTCC,8,0.05,0.6,0.35,5
TAAGCGTGTCTCAACA,2,0.05,0.6,0.35,5
TAAGCGTGTTCGGCAC,8,0.05,0.6,0.35,5
TAAGCGTTCGTAGGTT,1000,0.05,0.6,0.35,5
TAAGCGTTCTGGAGCC,1,0.05,0.6,0.35,5
TAAGCGTTCTTCGGTC,3,0.05,0.6,0.35,5
TAAGTGCAGTTTAGGA,5,0.05,0.6,0.35,5
TAAGTGCCAAACTGTC,1,0.05,0.6,0.35,5
TAAGTGCCAAGGTTTC,4,0.05,0.6,0.35,5
TAAGTGCCAGAGCCAA,7,0.05,0.6,0.35,5
TAAGTGCGTATAGGGC,3,0.05,0.6,0.35,5
TAAGTGCTCGTCGTTC,3,0.05,0.6,0.35,5
TAAGTGCTCTGCTGTC,6,0.05,0.6,0.35,5
TAAGTGCTCTTGACGA,1000,0.05,0.6,0.35,5
TACACGAAGACTCGGA,2,0.05,0.6,0.35,5
TACACGAAGGGTCTCC,6,0.05,0.6,0.35,5
TACACGACACGTTGGC,6,0.05,0.6,0.35,5
TACACGACAGTCGTGC,1,0.05,0.6,0.35,5
TACACGACAGTGGAGT,4,0.05,0.6,0.35,5
TACACGAGTCGCGGTT,5,0.05,0.6,0.35,5
TACACGAGTCTCTCTG,6,0.05,0.6,0.35,5
TACACGAGTCTGCCAG,6,0.05,0.6,0.35,5
TACACGAGTGCGAAAC,3,0.05,0.6,0.35,5
TACACGAGTGCTTCTC,1,0.05,0.6,0.35,5
TACACGAGTTAAAGTG,6,0.05,0.6,0.35,5
TACACGAGTTCCATGA,4,0.05,0.6,0.35,5
TACAGTGAGGAACTGC,7,0.05,0.6,0.35,5
TACAGTGAGGCCCTCA,8,0.05,0.6,0.35,5
TACAGTGAGGGTTTCT,1,0.05,0.6,0.35,5
TACAGTGAGTATTGGA,0,0.05,0.6,0.35,5
TACAGTGCATATGGTC,1000,0.05,0.6,0.35,5
TACAGTGCATCCTTGC,4,0.05,0.6,0.35,5
TACAGTGCATCTACGA,1000,0.05,0.6,0.35,5
TACAGTGGTCGATTGT,7,0.05,0.6,0.35,5
TACAGTGGTCTAGTGT,0,0.05,0.6,0.35,5
TACAGTGTCAACGGCC,3,0.05,0.6,0.35,5
TACAGTGTCCTAAGTG,5,0.05,0.6,0.35,5
TACAGTGTCGCCTGAG,5,0.05,0.6,0.35,5
TACCTATAGATGCGAC,7,0.05,0.6,0.35,5
TACCTATAGGCTATCT,1,0.05,0.6,0.35,5
TACCTATCAACACCTA,0,0.05,0.6,0.35,5
TACCTATCAGCCAATT,4,0.05,0.6,0.35,5
TACCTATCATTGGCGC,4,0.05,0.6,0.35,5
TACCTATGTCAAACTC,4,0.05,0.6,0.35,5
TACCTATGTCTAAAGA,1000,0.05,0.6,0.35,5
TACCTATGTTAAAGAC,2,0.05,0.6,0.35,5
TACCTATTCCGAGCCA,1000,0.05,0.6,0.35,5
TACCTATTCCGTTGTC,5,0.05,0.6,0.35,5
TACCTATTCCTGCCAT,1000,0.05,0.6,0.35,5
TACCTTAAGCGTGTCC,5,0.05,0.6,0.35,5
TACCTTAAGCTGAAAT,8,0.05,0.6,0.35,5
TACCTTAAGGACCACA,7,0.05,0.6,0.35,5
TACCTTAAGGTCGGAT,5,0.05,0.6,0.35,5
TACCTTAAGTTCGATC,7,0.05,0.6,0.35,5
TACCTTAGTAAGGATT,1,0.05,0.6,0.35,5
TACCTTAGTATCGCAT,6,0.05,0.6,0.35,5
TACCTTAGTCCGTGAC,3,0.05,0.6,0.35,5
TACCTTAGTCGCGAAA,4,0.05,0.6,0.35,5
TACCTTAGTGATGTCT,5,0.05,0.6,0.35,5
TACCTTATCACCGGGT,4,0.05,0.6,0.35,5
TACGGATAGCCAACAG,1,0.05,0.6,0.35,5
TACGGATAGGCTCTTA,6,0.05,0.6,0.35,5
TACGGATCAAGACGTG,7,0.05,0.6,0.35,5
TACGGATCAGGTCCAC,2,0.05,0.6,0.35,5
TACGGATCATTCCTCG,6,0.05,0.6,0.35,5
TACGGATGTATCTGCA,8,0.05,0.6,0.35,5
TACGGATGTTGTCTTT,1000,0.05,0.6,0.35,5
TACGGATTCATCGATG,5,0.05,0.6,0.35,5
TACGGGCAGTACCGGA,3,0.05,0.6,0.35,5
TACGGGCCATCACGAT,8,0.05,0.6,0.35,5
TACGGGCGTATTACCG,2,0.05,0.6,0.35,5
TACGGGCGTCTCTTAT,6,0.05,0.6,0.35,5
TACGGGCTCACTTCAT,1000,0.05,0.6,0.35,5
TACGGGCTCAGCCTAA,7,0.05,0.6,0.35,5
TACGGTAAGGTAAACT,1,0.05,0.6,0.35,5
TACGGTAAGTCGAGTG,2,0.05,0.6,0.35,5
TACGGTACACCATGTA,1000,0.05,0.6,0.35,5
TACGGTACACCGATAT,7,0.05,0.6,0.35,5
TACGGTAGTACCGCTG,2,0.05,0.6,0.35,5
TACTCATAGAGTGAGA,4,0.05,0.6,0.35,5
TACTCATAGCCACGCT,3,0.05,0.6,0.35,5
TACTCATAGCCGCCTA,1000,0.05,0.6,0.35,5
TACTCATCAAATCCGT,1,0.05,0.6,0.35,5
TACTCATCAAGCCATT,8,0.05,0.6,0.35,5
TACTCATCATCCGTGG,1,0.05,0.6,0.35,5
TACTCATGTCAGATAA,8,0.05,0.6,0.35,5
TACTCATGTGACAAAT,4,0.05,0.6,0.35,5
TACTCATTCAGCTGGC,5,0.05,0.6,0.35,5
TACTCATTCTTACCTA,8,0.05,0.6,0.35,5
TACTCGCAGACCCACC,0,0.05,0.6,0.35,5
TACTCGCAGGGTTTCT,2,0.05,0.6,0.35,5
TACTCGCCACCGATAT,5,0.05,0.6,0.35,5
TACTCGCCATACTACG,1,0.05,0.6,0.35,5
TACTCGCCATGAACCT,1000,0.05,0.6,0.35,5
TACTCGCGTACAAGTA,1000,0.05,0.6,0.35,5
TACTCGCGTAGGCATG,5,0.05,0.6,0.35,5
TACTCGCGTCGTTGTA,6,0.05,0.6,0.35,5
TACTCGCGTCTCAACA,4,0.05,0.6,0.35,5
TACTCGCTCAGCTCGG,4,0.05,0.6,0.35,5
TACTCGCTCCGTCATC,6,0.05,0.6,0.35,5
TACTCGCTCTGGAGCC,3,0.05,0.6,0.35,5
TACTCGCTCTGGCGAC,6,0.05,0.6,0.35,5
TACTTACAGACTCGGA,5,0.05,0.6,0.35,5
TACTTACAGATCGGGT,8,0.05,0.6,0.35,5
TACTTACCAAGCGATG,7,0.05,0.6,0.35,5
TACTTACCAAGCGTAG,7,0.05,0.6,0.35,5
TACTTACGTCTCATCC,1,0.05,0.6,0.35,5
TACTTACGTGGCTCCA,1,0.05,0.6,0.35,5
TACTTACGTTATCACG,7,0.05,0.6,0.35,5
TACTTACGTTCAGGCC,4,0.05,0.6,0.35,5
TACTTACTCAGAAATG,8,0.05,0.6,0.35,5
TACTTACTCCAAATGC,1,0.05,0.6,0.35,5
TACTTACTCCAACCAA,6,0.05,0.6,0.35,5
TACTTACTCCTCAATT,4,0.05,0.6,0.35,5
TACTTGTAGAAGGCCT,8,0.05,0.6,0.35,5
TACTTGTAGGTAAACT,2,0.05,0.6,0.35,5
TACTTGTAGGTGATAT,3,0.05,0.6,0.35,5
TACTTGTAGTCGTTTG,5,0.05,0.6,0.35,5
TACTTGTGTCACTTCC,7,0.05,0.6,0.35,5
TACTTGTGTGGGTCAA,1000,0.05,0.6,0.35,5
TACTTGTTCTCACATT,7,0.05,0.6,0.35,5
TAGACCAAGACCTTTG,2,0.05,0.6,0.35,5
TAGACCAAGCGTGAAC,4,0.05,0.6,0.35,5
TAGACCAAGCTATGCT,3,0.05,0.6,0.35,5
TAGACCAAGTACATGA,4,0.05,0.6,0.35,5
TAGACCACACCAGCAC,7,0.05,0.6,0.35,5
TAGACCACACCAGGTC,4,0.05,0.6,0.35,5
TAGACCACACTACAGT,1000,0.05,0.6,0.35,5
TAGACCACATCCTAGA,4,0.05,0.6,0.35,5
TAGACCAGTAAAGTCA,2,0.05,0.6,0.35,5
TAGACCAGTCACTTCC,8,0.05,0.6,0.35,5
TAGACCAGTTCCTCCA,1000,0.05,0.6,0.35,5
TAGACCATCAAACCAC,5,0.05,0.6,0.35,5
TAGACCATCACTATTC,3,0.05,0.6,0.35,5
TAGACCATCACTTCAT,1,0.05,0.6,0.35,5
TAGAGCTAGCAATCTC,4,0.05,0.6,0.35,5
TAGAGCTAGCGTGAAC,5,0.05,0.6,0.35,5
TAGAGCTAGTAACCCT,2,0.05,0.6,0.35,5
TAGAGCTAGTGAATTG,1,0.05,0.6,0.35,5
TAGAGCTAGTTAGGTA,1000,0.05,0.6,0.35,5
TAGAGCTCAAACAACA,7,0.05,0.6,0.35,5
TAGAGCTCACGGCGTT,8,0.05,0.6,0.35,5
TAGAGCTCAGGAATCG,3,0.05,0.6,0.35,5
TAGAGCTCAGGTCCAC,6,0.05,0.6,0.35,5
TAGAGCTCATTTGCCC,7,0.05,0.6,0.35,5
TAGAGCTGTCGCGTGT,8,0.05,0.6,0.35,5
TAGAGCTGTGTGAAAT,4,0.05,0.6,0.35,5
TAGCCGGAGAGACTAT,6,0.05,0.6,0.35,5
TAGCCGGAGCACCGCT,4,0.05,0.6,0.35,5
TAGCCGGCAAAGTGCG,7,0.05,0.6,0.35,5
TAGCCGGCAGCTGTGC,5,0.05,0.6,0.35,5
TAGCCGGGTGCCTTGG,7,0.05,0.6,0.35,5
TAGCCGGGTTCCTCCA,4,0.05,0.6,0.35,5
TAGCCGGTCGCATGAT,7,0.05,0.6,0.35,5
TAGGCATAGACTAGGC,8,0.05,0.6,0.35,5
TAGGCATAGAGGTACC,2,0.05,0.6,0.35,5
TAGGCATAGCTTCGCG,3,0.05,0.6,0.35,5
TAGGCATAGGCAAAGA,3,0.05,0.6,0.35,5
TAGGCATAGTAACCCT,2,0.05,0.6,0.35,5
TAGGCATAGTGAATTG,1000,0.05,0.6,0.35,5
TAGGCATCAAGCGCTC,5,0.05,0.6,0.35,5
TAGGCATCAGACAAAT,1000,0.05,0.6,0.35,5
TAGGCATCAGCTGCAC,1,0.05,0.6,0.35,5
TAGGCATCATAGGATA,1,0.05,0.6,0.35,5
TAGGCATGTAAGGGAA,3,0.05,0.6,0.35,5
TAGGCATGTAAGTGTA,6,0.05,0.6,0.35,5
TAGGCATTCATTTGGG,2,0.05,0.6,0.35,5
TAGGCATTCGCATGAT,1000,0.05,0.6,0.35,5
TAGTGGTAGAGGTTAT,5,0.05,0.6,0.35,5
TAGTGGTAGGGCACTA,3,0.05,0.6,0.35,5
TAGTGGTAGTCCCACG,7,0.05,0.6,0.35,5
TAGTGGTCAAGCGTAG,6,0.05,0.6,0.35,5
TAGTGGTCACACCGAC,5,0.05,0.6,0.35,5
TAGTGGTCACAGACAG,1,0.05,0.6,0.35,5
TAGTGGTCACTTCGAA,8,0.05,0.6,0.35,5
TAGTGGTCAGCCTTGG,1000,0.05,0.6,0.35,5
TAGTGGTCAGTCGATT,3,0.05,0.6,0.35,5
TAGTGGTCATTGGTAC,1000,0.05,0.6,0.35,5
TAGTGGTGTCTAACGT,7,0.05,0.6,0.35,5
TAGTGGTGTGACGCCT,6,0.05,0.6,0.35,5
TAGTGGTGTTACTGAC,1000,0.05,0.6,0.35,5
TAGTGGTTCACTTACT,2,0.05,0.6,0.35,5
TAGTGGTTCATCTGCC,1000,0.05,0.6,0.35,5
TAGTGGTTCGGTTAAC,4,0.05,0.6,0.35,5
TAGTGGTTCTACCAGA,2,0.05,0.6,0.35,5
TAGTTGGCAATGTAAG,1000,0.05,0.6,0.35,5
TAGTTGGGTGCCTGCA,6,0.05,0.6,0.35,5
TAGTTGGGTGTAAGTA,3,0.05,0.6,0.35,5
TAGTTGGGTTGTACAC,3,0.05,0.6,0.35,5
TAGTTGGTCAAACAAG,8,0.05,0.6,0.35,5
TATCAGGAGCCATCGC,1,0.05,0.6,0.35,5
TATCAGGAGCTAGGCA,4,0.05,0.6,0.35,5
TATCAGGAGGAGTAGA,3,0.05,0.6,0.35,5
TATCAGGAGGCGACAT,1000,0.05,0.6,0.35,5
TATCAGGAGTAGATGT,7,0.05,0.6,0.35,5
TATCAGGCAATGGTCT,5,0.05,0.6,0.35,5
TATCAGGCACAGGCCT,4,0.05,0.6,0.35,5
TATCAGGCAGCTGTTA,1,0.05,0.6,0.35,5
TATCAGGCATATACCG,5,0.05,0.6,0.35,5
TATCAGGCATGTCGAT,7,0.05,0.6,0.35,5
TATCAGGGTAGCGATG,1,0.05,0.6,0.35,5
TATCAGGGTATCTGCA,7,0.05,0.6,0.35,5
TATCAGGGTCCTCCAT,4,0.05,0.6,0.35,5
TATCAGGGTGTGGCTC,4,0.05,0.6,0.35,5
TATCAGGTCAGCCTAA,3,0.05,0.6,0.35,5
TATCAGGTCCTTTACA,5,0.05,0.6,0.35,5
TATCAGGTCGCCATAA,1,0.05,0.6,0.35,5
TATCAGGTCTTTAGGG,6,0.05,0.6,0.35,5
TATCTCACAGCGTCCA,3,0.05,0.6,0.35,5
TATCTCACAGTCAGCC,2,0.05,0.6,0.35,5
TATCTCACAGTGGAGT,1000,0.05,0.6,0.35,5
TATCTCAGTAGATTAG,4,0.05,0.6,0.35,5
TATCTCAGTATATGGA,1,0.05,0.6,0.35,5
TATCTCAGTCCGTTAA,3,0.05,0.6,0.35,5
TATCTCATCATCGATG,6,0.05,0.6,0.35,5
TATCTCATCTAGAGTC,1,0.05,0.6,0.35,5
TATCTCATCTATCCCG,1,0.05,0.6,0.35,5
TATGCCCAGCTGCGAA,2,0.05,0.6,0.35,5
TATGCCCAGGGCTTCC,3,0.05,0.6,0.35,5
TATGCCCAGTACCGGA,7,0.05,0.6,0.35,5
TATGCCCAGTTCGATC,1,0.05,0.6,0.35,5
TATGCCCCAAGACACG,6,0.05,0.6,0.35,5
TATGCCCCATTACGAC,1,0.05,0.6,0.35,5
TATGCCCGTCAACTGT,2,0.05,0.6,0.35,5
TATGCCCGTCCGAACC,8,0.05,0.6,0.35,5
TATGCCCTCACCTCGT,8,0.05,0.6,0.35,5
TATGCCCTCATGCAAC,7,0.05,0.6,0.35,5
TATGCCCTCTTAACCT,2,0.05,0.6,0.35,5
TATTACCAGGGATACC,7,0.05,0.6,0.35,5
TATTACCCAGCGTCCA,7,0.05,0.6,0.35,5
TATTACCCAGGTGGAT,7,0.05,0.6,0.35,5
TATTACCGTCAACTGT,4,0.05,0.6,0.35,5
TATTACCGTTACGTCA,7,0.05,0.6,0.35,5
TATTACCGTTCATGGT,2,0.05,0.6,0.35,5
TATTACCTCACCAGGC,6,0.05,0.6,0.35,5
TATTACCTCCGGCACA,6,0.05,0.6,0.35,5
TCAACGAAGAACTCGG,3,0.05,0.6,0.35,5
TCAACGAAGGTCATCT,1000,0.05,0.6,0.35,5
TCAACGAAGTGTGAAT,7,0.05,0.6,0.35,5
TCAACGAAGTTCCACA,2,0.05,0.6,0.35,5
TCAACGACAACGCACC,1,0.05,0.6,0.35,5
TCAACGACAATAGCGG,3,0.05,0.6,0.35,5
TCAACGACAGTAAGCG,8,0.05,0.6,0.35,5
TCAACGAGTCAGAATA,7,0.05,0.6,0.35,5
TCAACGAGTCTCATCC,5,0.05,0.6,0.35,5
TCAACGAGTGGTGTAG,8,0.05,0.6,0.35,5
TCAACGAGTTTCGCTC,5,0.05,0.6,0.35,5
TCAACGATCACCGGGT,1,0.05,0.6,0.35,5
TCAACGATCGCAAGCC,5,0.05,0.6,0.35,5
TCAACGATCTACTTAC,5,0.05,0.6,0.35,5
TCAATCTCACTAGTAC,7,0.05,0.6,0.35,5
TCAATCTGTTATCCGA,4,0.05,0.6,0.35,5
TCAATCTGTTCAGTAC,1000,0.05,0.6,0.35,5
TCAATCTGTTTGCATG,4,0.05,0.6,0.35,5
TCAATCTTCCCACTTG,3,0.05,0.6,0.35,5
TCAATCTTCGAGAACG,5,0.05,0.6,0.35,5
TCAATCTTCTCGAGTA,7,0.05,0.6,0.35,5
TCAATCTTCTCTTGAT,4,0.05,0.6,0.35,5
TCACAAGAGAAGGGTA,4,0.05,0.6,0.35,5
TCACAAGAGACTTTCG,8,0.05,0.6,0.35,5
TCACAAGAGATGGGTC,1,0.05,0.6,0.35,5
TCACAAGAGGTCGGAT,8,0.05,0.6,0.35,5
TCACAAGCAATCTACG,7,0.05,0.6,0.35,5
TCACAAGCACGGCCAT,1,0.05,0.6,0.35,5
TCACAAGCACGGCGTT,1,0.05,0.6,0.35,5
TCACAAGCATGGAATA,1,0.05,0.6,0.35,5
TCACAAGCATGTCTCC,1000,0.05,0.6,0.35,5
TCACAAGGTACAGTGG,3,0.05,0.6,0.35,5
TCACAAGGTCTTCGTC,1,0.05,0.6,0.35,5
TCACAAGTCATTGCGA,1000,0.05,0.6,0.35,5
TCACAAGTCCGCATCT,1,0.05,0.6,0.35,5
TCACGAAAGAGATGAG,1,0.05,0.6,0.35,5
TCACGAAAGCCACTAT,4,0.05,0.6,0.35,5
TCACGAACAAAGGAAG,1,0.05,0.6,0.35,5
TCACGAACATTCCTGC,5,0.05,0.6,0.35,5
TCACGAATCACCTTAT,5,0.05,0.6,0.35,5
TCACGAATCCAAACTG,7,0.05,0.6,0.35,5
TCAGATGAGTCAAGGC,3,0.05,0.6,0.35,5
TCAGATGCAAATCCGT,8,0.05,0.6,0.35,5
TCAGATGCAAGCCGTC,8,0.05,0.6,0.35,5
TCAGATGCAATGCCAT,2,0.05,0.6,0.35,5
TCAGATGCACTAAGTC,5,0.05,0.6,0.35,5
TCAGATGCAGACTCGC,7,0.05,0.6,0.35,5
TCAGATGCAGATCTGT,0,0.05,0.6,0.35,5
TCAGATGGTTCATGGT,1000,0.05,0.6,0.35,5
TCAGATGTCGGTCTAA,1000,0.05,0.6,0.35,5
TCAGATGTCGTAGATC,1,0.05,0.6,0.35,5
TCAGATGTCTGGGCCA,2,0.05,0.6,0.35,5
TCAGATGTCTGTCTAT,5,0.05,0.6,0.35,5
TCAGATGTCTGTCTCG,7,0.05,0.6,0.35,5
TCAGCAAAGAACAACT,1,0.05,0.6,0.35,5
TCAGCAAAGCCTATGT,6,0.05,0.6,0.35,5
TCAGCAAAGGAACTGC,8,0.05,0.6,0.35,5
TCAGCAAAGGTGGGTT,1,0.05,0.6,0.35,5
TCAGCAAAGTTCGCGC,4,0.05,0.6,0.35,5
TCAGCAACATCGGAAG,3,0.05,0.6,0.35,5
TCAGCAAGTTACGACT,5,0.05,0.6,0.35,5
TCAGCAATCGGACAAG,4,0.05,0.6,0.35,5
TCAGCAATCTCAAGTG,7,0.05,0.6,0.35,5
TCAGCAATCTGAAAGA,4,0.05,0.6,0.35,5
TCAGCAATCTGTCAAG,1,0.05,0.6,0.35,5
TCAGCTCAGACCTAGG,8,0.05,0.6,0.35,5
TCAGCTCAGACGCAAC,4,0.05,0.6,0.35,5
TCAGCTCAGCGACGTA,3,0.05,0.6,0.35,5
TCAGCTCAGTACCGGA,1000,0.05,0.6,0.35,5
TCAGCTCCACATCTTT,4,0.05,0.6,0.35,5
TCAGCTCGTAAGTTCC,4,0.05,0.6,0.35,5
TCAGCTCGTAGCTTGT,5,0.05,0.6,0.35,5
TCAGCTCGTCTGCGGT,7,0.05,0.6,0.35,5
TCAGCTCTCTGCTGCT,1000,0.05,0.6,0.35,5
TCAGCTCTCTTCCTTC,4,0.05,0.6,0.35,5
TCAGGATAGCACACAG,8,0.05,0.6,0.35,5
TCAGGATAGTCCAGGA,6,0.05,0.6,0.35,5
TCAGGATAGTGCAAGC,8,0.05,0.6,0.35,5
TCAGGATCAGTTCCCT,6,0.05,0.6,0.35,5
TCAGGATGTATTCGTG,1000,0.05,0.6,0.35,5
TCAGGATGTGTTAAGA,3,0.05,0.6,0.35,5
TCAGGATGTTAGAACA,8,0.05,0.6,0.35,5
TCAGGATGTTGGGACA,1,0.05,0.6,0.35,5
TCAGGATGTTTCCACC,2,0.05,0.6,0.35,5
TCAGGATTCACAGGCC,8,0.05,0.6,0.35,5
TCAGGATTCTTGAGAC,3,0.05,0.6,0.35,5
TCAGGTAAGACTGGGT,3,0.05,0.6,0.35,5
TCAGGTAAGATATACG,6,0.05,0.6,0.35,5
TCAGGTAAGCCACGTC,8,0.05,0.6,0.35,5
TCAGGTAAGCCCGAAA,1000,0.05,0.6,0.35,5
TCAGGTATCTTGCATT,3,0.05,0.6,0.35,5
TCATTACAGCTACCTA,5,0.05,0.6,0.35,5
TCATTACAGGATCGCA,4,0.05,0.6,0.35,5
TCATTACCATAGACTC,1,0.05,0.6,0.35,5
TCATTACGTTCGGCAC,2,0.05,0.6,0.35,5
TCATTACTCATGTCCC,1,0.05,0.6,0.35,5
TCATTACTCGCCTGAG,1,0.05,0.6,0.35,5
TCATTACTCTACTATC,0,0.05,0.6,0.35,5
TCATTACTCTTAACCT,2,0.05,0.6,0.35,5
TCATTACTCTTAGCCC,5,0.05,0.6,0.35,5
TCATTTGAGTGTGAAT,8,0.05,0.6,0.35,5
TCATTTGCAAAGCGGT,4,0.05,0.6,0.35,5
TCATTTGCAAATTGCC,8,0.05,0.6,0.35,5
TCATTTGCACAACTGT,8,0.05,0.6,0.35,5
TCATTTGCAGGAATGC,7,0.05,0.6,0.35,5
TCATTTGCAGTCCTTC,5,0.05,0.6,0.35,5
TCATTTGGTCTGCAAT,1000,0.05,0.6,0.35,5
TCCACACAGATAGGAG,1000,0.05,0.6,0.35,5
TCCACACAGCGATAGC,8,0.05,0.6,0.35,5
TCCACACCAACGATCT,2,0.05,0.6,0.35,5
TCCACACCAATTGCTG,3,0.05,0.6,0.35,5
TCCACACCACACAGAG,1000,0.05,0.6,0.35,5
TCCACACCAGGCGATA,1000,0.05,0.6,0.35,5
TCCACACCATGTAGTC,8,0.05,0.6,0.35,5
TCCACACGTAAAGGAG,1000,0.05,0.6,0.35,5
TCCACACGTGAAATCA,1,0.05,0.6,0.35,5
TCCACACGTTATCACG,2,0.05,0.6,0.35,5
TCCACACGTTTGCATG,4,0.05,0.6,0.35,5
TCCACACTCACCATAG,6,0.05,0.6,0.35,5
TCCCGATAGGAGTTGC,6,0.05,0.6,0.35,5
TCCCGATAGGAGTTTA,1,0.05,0.6,0.35,5
TCCCGATAGTCGCCGT,4,0.05,0.6,0.35,5
TCCCGATAGTCGTACT,8,0.05,0.6,0.35,5
TCCCGATCACGGACAA,4,0.05,0.6,0.35,5
TCCCGATCAGGCTCAC,4,0.05,0.6,0.35,5
TCCCGATGTCCAAGTT,1,0.05,0.6,0.35,5
TCCCGATGTCCTCTTG,5,0.05,0.6,0.35,5
TCCCGATGTTGTTTGG,3,0.05,0.6,0.35,5
TCCCGATTCCACGACG,6,0.05,0.6,0.35,5
TCCCGATTCGTTTGCC,8,0.05,0.6,0.35,5
TCGAGGCAGCACCGCT,1,0.05,0.6,0.35,5
TCGAGGCAGGCGTACA,6,0.05,0.6,0.35,5
TCGAGGCAGGTGCAAC,1,0.05,0.6,0.35,5
TCGAGGCAGTGTTTGC,5,0.05,0.6,0.35,5
TCGAGGCCAAGCGAGT,1,0.05,0.6,0.35,5
TCGAGGCCAATCTACG,3,0.05,0.6,0.35,5
TCGAGGCCAGGGTTAG,3,0.05,0.6,0.35,5
TCGAGGCGTCGAGATG,3,0.05,0.6,0.35,5
TCGAGGCGTCGCGTGT,4,0.05,0.6,0.35,5
TCGAGGCTCACTTCAT,1000,0.05,0.6,0.35,5
TCGAGGCTCCGTCATC,5,0.05,0.6,0.35,5
TCGAGGCTCGAGCCCA,7,0.05,0.6,0.35,5
TCGAGGCTCTTCATGT,7,0.05,0.6,0.35,5
TCGCGAGAGCACCGCT,3,0.05,0.6,0.35,5
TCGCGAGAGCAGCCTC,8,0.05,0.6,0.35,5
TCGCGAGAGCGTTGCC,6,0.05,0.6,0.35,5
TCGCGAGCAGTATCTG,1000,0.05,0.6,0.35,5
TCGCGAGGTCGAATCT,1,0.05,0.6,0.35,5
TCGCGAGTCTGTACGA,3,0.05,0.6,0.35,5
TCGCGTTAGCCGTCGT,7,0.05,0.6,0.35,5
TCGCGTTAGCTGTTCA,1000,0.05,0.6,0.35,5
TCGCGTTAGGAGTTGC,7,0.05,0.6,0.35,5
TCGCGTTCAAAGGAAG,4,0.05,0.6,0.35,5
TCGCGTTCAATGACCT,2,0.05,0.6,0.35,5
TCGCGTTCACAGCCCA,1000,0.05,0.6,0.35,5
TCGCGTTCATAGTAAG,3,0.05,0.6,0.35,5
TCGCGTTGTAGCAAAT,5,0.05,0.6,0.35,5
TCGCGTTGTAGCTTGT,2,0.05,0.6,0.35,5
TCGCGTTGTGTGTGCC,8,0.05,0.6,0.35,5
TCGCGTTTCCCTTGTG,4,0.05,0.6,0.35,5
TCGGGACAGGAGTACC,4,0.05,0.6,0.35,5
TCGGGACAGTCAAGCG,7,0.05,0.6,0.35,5
TCGGGACCACACATGT,2,0.05,0.6,0.35,5
TCGGGACCAGCCAATT,1000,0.05,0.6,0.35,5
TCGGGACGTAAGTGTA,4,0.05,0.6,0.35,5
TCGGGACGTCCAAGTT,1000,0.05,0.6,0.35,5
TCGGGACGTCCGAACC,7,0.05,0.6,0.35,5
TCGGGACGTCGAAAGC,1000,0.05,0.6,0.35,5
TCGGGACTCATCATTC,1000,0.05,0.6,0.35,5
TCGGGACTCCATGAGT,2,0.05,0.6,0.35,5
TCGGGACTCTAACTTC,0,0.05,0.6,0.35,5
TCGGGACTCTCGTTTA,6,0.05,0.6,0.35,5
TCGGGACTCTGTTTGT,3,0.05,0.6,0.35,5
TCGGTAAAGATCCCAT,5,0.05,0.6,0.35,5
TCGGTAAAGTCTCGGC,4,0.05,0.6,0.35,5
TCGGTAACACGTAAGG,6,0.05,0.6,0.35,5
TCGGTAACATACTCTT,4,0.05,0.6,0.35,5
TCGGTAACATGAGCGA,6,0.05,0.6,0.35,5
TCGGTAACATGGTCTA,1,0.05,0.6,0.35,5
TCGGTAACATTTCACT,1,0.05,0.6,0.35,5
TCGGTAAGTCGCTTCT,3,0.05,0.6,0.35,5
TCGGTAAGTGTAACGG,1,0.05,0.6,0.35,5
TCGGTAATCACGACTA,3,0.05,0.6,0.35,5
TCGGTAATCCCGGATG,2,0.05,0.6,0.35,5
TCGGTAATCCGAGCCA,1,0.05,0.6,0.35,5
TCGGTAATCGGCGCTA,1,0.05,0.6,0.35,5
TCGGTAATCGTCTGAA,3,0.05,0.6,0.35,5
TCGGTAATCTAGAGTC,2,0.05,0.6,0.35,5
TCGTACCAGATAGGAG,8,0.05,0.6,0.35,5
TCGTACCAGTAATCCC,3,0.05,0.6,0.35,5
TCGTACCCATTACCTT,3,0.05,0.6,0.35,5
TCGTACCGTAGAGGAA,4,0.05,0.6,0.35,5
TCGTACCGTATAGTAG,7,0.05,0.6,0.35,5
TCGTACCGTGTGAATA,1,0.05,0.6,0.35,5
TCGTACCGTTCTGTTT,7,0.05,0.6,0.35,5
TCGTACCTCAATACCG,4,0.05,0.6,0.35,5
TCGTACCTCAATCACG,5,0.05,0.6,0.35,5
TCGTACCTCAGCATGT,3,0.05,0.6,0.35,5
TCGTACCTCGCCTGAG,8,0.05,0.6,0.35,5
TCGTACCTCGGTGTTA,8,0.05,0.6,0.35,5
TCGTACCTCGTTACGA,1000,0.05,0.6,0.35,5
TCGTAGAAGCTACCTA,7,0.05,0.6,0.35,5
TCGTAGAAGGCTAGGT,3,0.05,0.6,0.35,5
TCGTAGAAGTCAATAG,1,0.05,0.6,0.35,5
TCGTAGAAGTGAACGC,2,0.05,0.6,0.35,5
TCGTAGAAGTGACATA,5,0.05,0.6,0.35,5
TCGTAGACAAGGACTG,4,0.05,0.6,0.35,5
TCGTAGACACAAGACG,8,0.05,0.6,0.35,5
TCGTAGACAGACGCAA,8,0.05,0.6,0.35,5
TCGTAGACAGTTTACG,7,0.05,0.6,0.35,5
TCGTAGACATGGAATA,8,0.05,0.6,0.35,5
TCGTAGAGTACCATCA,4,0.05,0.6,0.35,5
TCGTAGATCAGGCGAA,7,0.05,0.6,0.35,5
TCGTAGATCCATGAAC,4,0.05,0.6,0.35,5
TCGTAGATCCCAGGTG,1,0.05,0.6,0.35,5
TCGTAGATCTAACTGG,3,0.05,0.6,0.35,5
TCGTAGATCTATGTGG,1,0.05,0.6,0.35,5
TCGTAGATCTTGTCAT,3,0.05,0.6,0.35,5
TCTATTGAGAAGGTGA,3,0.05,0.6,0.35,5
TCTATTGAGAGTACCG,5,0.05,0.6,0.35,5
TCTATTGAGCAAATCA,7,0.05,0.6,0.35,5
TCTATTGAGGCGACAT,8,0.05,0.6,0.35,5
TCTATTGAGTCAAGCG,2,0.05,0.6,0.35,5
TCTATTGCAACGATGG,5,0.05,0.6,0.35,5
TCTATTGCACCAGATT,1000,0.05,0.6,0.35,5
TCTATTGCACTATCTT,4,0.05,0.6,0.35,5
TCTATTGGTACACCGC,4,0.05,0.6,0.35,5
TCTATTGGTCCTCTTG,5,0.05,0.6,0.35,5
TCTATTGGTCGAGATG,1,0.05,0.6,0.35,5
TCTATTGTCAAACAAG,3,0.05,0.6,0.35,5
TCTATTGTCAGAGGTG,5,0.05,0.6,0.35,5
TCTATTGTCGAACTGT,1000,0.05,0.6,0.35,5
TCTATTGTCTGGCGAC,2,0.05,0.6,0.35,5
TCTCATAAGAACTGTA,5,0.05,0.6,0.35,5
TCTCATAAGAAGGTTT,8,0.05,0.6,0.35,5
TCTCATAAGACCTAGG,3,0.05,0.6,0.35,5
TCTCATAAGCTGCGAA,8,0.05,0.6,0.35,5
TCTCATAAGTGCGATG,1,0.05,0.6,0.35,5
TCTCATAGTGCCTGTG,7,0.05,0.6,0.35,5
TCTCATAGTTCAGGCC,5,0.05,0.6,0.35,5
TCTCATATCCGGCACA,2,0.05,0.6,0.35,5
TCTCTAAAGATACACA,6,0.05,0.6,0.35,5
TCTCTAAGTTGCTCCT,3,0.05,0.6,0.35,5
TCTGAGAAGCTAACTC,7,0.05,0.6,0.35,5
TCTGAGAAGGATGGTC,7,0.05,0.6,0.35,5
TCTGAGAAGGGCTTCC,1,0.05,0.6,0.35,5
TCTGAGAAGTGTTTGC,1,0.05,0.6,0.35,5
TCTGAGACAGTAAGAT,1000,0.05,0.6,0.35,5
TCTGAGACAGTATCTG,5,0.05,0.6,0.35,5
TCTGAGAGTGCAACGA,4,0.05,0.6,0.35,5
TCTGAGATCCTCCTAG,3,0.05,0.6,0.35,5
TCTGAGATCGGTTAAC,3,0.05,0.6,0.35,5
TCTGAGATCTACTCAT,3,0.05,0.6,0.35,5
TCTGAGATCTTCGGTC,5,0.05,0.6,0.35,5
TCTGGAAAGACTACAA,8,0.05,0.6,0.35,5
TCTGGAAAGAGACTAT,1,0.05,0.6,0.35,5
TCTGGAAAGTGAAGAG,8,0.05,0.6,0.35,5
TCTGGAAAGTGAAGTT,7,0.05,0.6,0.35,5
TCTGGAACACAACGCC,4,0.05,0.6,0.35,5
TCTGGAACAGTACACT,1000,0.05,0.6,0.35,5
TCTGGAAGTAGCGTCC,5,0.05,0.6,0.35,5
TCTGGAAGTCCCTTGT,3,0.05,0.6,0.35,5
TCTGGAAGTGACGCCT,1,0.05,0.6,0.35,5
TCTGGAAGTGGTTTCA,5,0.05,0.6,0.35,5
TCTGGAATCCTGCAGG,1,0.05,0.6,0.35,5
TCTTCGGAGACGCAAC,2,0.05,0.6,0.35,5
TCTTCGGAGAGACGAA,4,0.05,0.6,0.35,5
TCTTCGGAGATCACGG,1,0.05,0.6,0.35,5
TCTTCGGAGCCAGTTT,2,0.05,0.6,0.35,5
TCTTCGGAGCGATAGC,6,0.05,0.6,0.35,5
TCTTCGGAGTCCAGGA,5,0.05,0.6,0.35,5
TCTTCGGAGTCCATAC,2,0.05,0.6,0.35,5
TCTTCGGCAACAACCT,6,0.05,0.6,0.35,5
TCTTCGGCAATCACAC,1000,0.05,0.6,0.35,5
TCTTCGGCAGGTCGTC,1000,0.05,0.6,0.35,5
TCTTCGGCATGCCCGA,4,0.05,0.6,0.35,5
TCTTCGGGTCAAAGCG,8,0.05,0.6,0.35,5
TCTTCGGGTCGAAAGC,6,0.05,0.6,0.35,5
TCTTCGGGTCTAGTGT,2,0.05,0.6,0.35,5
TCTTCGGGTGCCTTGG,1000,0.05,0.6,0.35,5
TCTTCGGGTTCGAATC,7,0.05,0.6,0.35,5
TCTTCGGTCCAATGGT,6,0.05,0.6,0.35,5
TCTTCGGTCCCTCAGT,1,0.05,0.6,0.35,5
TCTTTCCCACTGTTAG,5,0.05,0.6,0.35,5
TCTTTCCCAGATCGGA,8,0.05,0.6,0.35,5
TCTTTCCGTGATAAAC,1,0.05,0.6,0.35,5
TCTTTCCTCAAACCGT,6,0.05,0.6,0.35,5
TCTTTCCTCACCTTAT,7,0.05,0.6,0.35,5
TCTTTCCTCAGAGACG,8,0.05,0.6,0.35,5
TCTTTCCTCCGTCATC,2,0.05,0.6,0.35,5
TCTTTCCTCTCGTTTA,3,0.05,0.6,0.35,5
TCTTTCCTCTCTTGAT,8,0.05,0.6,0.35,5
TCTTTCCTCTTCGGTC,8,0.05,0.6,0.35,5
TCTTTCCTCTTTAGGG,4,0.05,0.6,0.35,5
TGAAAGAAGCATGGCA,8,0.05,0.6,0.35,5
TGAAAGAAGCTCAACT,1000,0.05,0.6,0.35,5
TGAAAGAAGTAGCGGT,3,0.05,0.6,0.35,5
TGAAAGAAGTGGTAGC,1,0.05,0.6,0.35,5
TGAAAGACATGTTGAC,2,0.05,0.6,0.35,5
TGAAAGAGTGCAACTT,1,0.05,0.6,0.35,5
TGAAAGAGTTCGTGAT,8,0.05,0.6,0.35,5
TGAAAGATCATAAAGG,1,0.05,0.6,0.35,5
TGAAAGATCCCAAGAT,5,0.05,0.6,0.35,5
TGAAAGATCGGTCTAA,1,0.05,0.6,0.35,5
TGACAACAGAGGTAGA,6,0.05,0.6,0.35,5
TGACAACAGCTAGTCT,4,0.05,0.6,0.35,5
TGACAACAGGGTGTTG,4,0.05,0.6,0.35,5
TGACAACAGTGCGATG,3,0.05,0.6,0.35,5
TGACAACAGTTACCCA,8,0.05,0.6,0.35,5
TGACAACCACTCAGGC,3,0.05,0.6,0.35,5
TGACAACCATCGATGT,7,0.05,0.6,0.35,5
TGACAACGTGCGGTAA,7,0.05,0.6,0.35,5
TGACAACGTTCGTGAT,6,0.05,0.6,0.35,5
TGACGGCAGTGCAAGC,8,0.05,0.6,0.35,5
TGACGGCAGTGTACTC,8,0.05,0.6,0.35,5
TGACGGCGTCACACGC,8,0.05,0.6,0.35,5
TGACGGCGTCAGCTAT,8,0.05,0.6,0.35,5
TGACGGCGTCCGTTAA,4,0.05,0.6,0.35,5
TGACGGCGTGGCTCCA,5,0.05,0.6,0.35,5
TGACGGCGTTATTCTC,7,0.05,0.6,0.35,5
TGACGGCGTTTGACAC,6,0.05,0.6,0.35,5
TGACGGCTCGCCGTGA,5,0.05,0.6,0.35,5
TGACGGCTCTCCAGGG,2,0.05,0.6,0.35,5
TGACGGCTCTCGTTTA,3,0.05,0.6,0.35,5
TGACGGCTCTTGACGA,3,0.05,0.6,0.35,5
TGACGGCTCTTTAGTC,3,0.05,0.6,0.35,5
TGACTAGAGCACGCCT,4,0.05,0.6,0.35,5
TGACTAGCAAGCGATG,3,0.05,0.6,0.35,5
TGACTAGCAAGTCTGT,3,0.05,0.6,0.35,5
TGACTAGCACCTTGTC,1,0.05,0.6,0.35,5
TGACTAGGTGCGATAG,8,0.05,0.6,0.35,5
TGACTAGTCCCTTGCA,2,0.05,0.6,0.35,5
TGACTAGTCGTAGGAG,7,0.05,0.6,0.35,5
TGACTAGTCTGACCTC,8,0.05,0.6,0.35,5
TGACTAGTCTTGTACT,7,0.05,0.6,0.35,5
TGACTTTAGGTGTGGT,4,0.05,0.6,0.35,5
TGACTTTAGTTGTCGT,8,0.05,0.6,0.35,5
TGACTTTCAAACCTAC,1000,0.05,0.6,0.35,5
TGACTTTCATACTACG,8,0.05,0.6,0.35,5
TGACTTTCATAGACTC,3,0.05,0.6,0.35,5
TGACTTTCATTATCTC,7,0.05,0.6,0.35,5
TGACTTTGTCGACTAT,2,0.05,0.6,0.35,5
TGACTTTGTCTCTCTG,1,0.05,0.6,0.35,5
TGACTTTGTGAGGCTA,8,0.05,0.6,0.35,5
TGACTTTGTGCGGTAA,2,0.05,0.6,0.35,5
TGACTTTTCACCACCT,2,0.05,0.6,0.35,5
TGACTTTTCATCTGCC,4,0.05,0.6,0.35,5
TGACTTTTCATTCACT,1,0.05,0.6,0.35,5
TGAGAGGAGATATGCA,4,0.05,0.6,0.35,5
TGAGAGGAGCCGATTT,1000,0.05,0.6,0.35,5
TGAGAGGAGGTCGGAT,1,0.05,0.6,0.35,5
TGAGAGGAGTAGCGGT,5,0.05,0.6,0.35,5
TGAGAGGAGTCTTGCA,4,0.05,0.6,0.35,5
TGAGAGGCACGTTGGC,7,0.05,0.6,0.35,5
TGAGAGGCAGGTCCAC,2,0.05,0.6,0.35,5
TGAGAGGGTAGGCATG,5,0.05,0.6,0.35,5
TGAGAGGGTCTCCACT,2,0.05,0.6,0.35,5
TGAGAGGGTTCGTGAT,4,0.05,0.6,0.35,5
TGAGAGGTCAGGTTCA,1000,0.05,0.6,0.35,5
TGAGAGGTCCACGTTC,5,0.05,0.6,0.35,5
TGAGAGGTCTGTTGAG,8,0.05,0.6,0.35,5
TGAGCATAGAAGATTC,6,0.05,0.6,0.35,5
TGAGCATCAATTCCTT,2,0.05,0.6,0.35,5
TGAGCATCAGCATGAG,8,0.05,0.6,0.35,5
TGAGCATCATCCTTGC,3,0.05,0.6,0.35,5
TGAGCATGTGAACCTT,5,0.05,0.6,0.35,5
TGAGCATGTGCAACTT,1,0.05,0.6,0.35,5
TGAGCATTCACGAAGG,4,0.05,0.6,0.35,5
TGAGCCGCAATACGCT,8,0.05,0.6,0.35,5
TGAGCCGCAGTGGGAT,1,0.05,0.6,0.35,5
TGAGCCGCATAGTAAG,7,0.05,0.6,0.35,5
TGAGCCGGTACCAGTT,1,0.05,0.6,0.35,5
TGAGCCGGTCCGTCAG,1,0.05,0.6,0.35,5
TGAGCCGGTCTTTCAT,3,0.05,0.6,0.35,5
TGAGCCGGTTCCCGAG,8,0.05,0.6,0.35,5
TGAGCCGTCAATAAGG,5,0.05,0.6,0.35,5
TGAGCCGTCGCGCCAA,2,0.05,0.6,0.35,5
TGAGGGAAGAGATGAG,1,0.05,0.6,0.35,5
TGAGGGAAGTACGATA,7,0.05,0.6,0.35,5
TGAGGGAAGTGTACCT,1000,0.05,0.6,0.35,5
TGAGGGACAAGTAGTA,8,0.05,0.6,0.35,5
TGAGGGACAGCCACCA,3,0.05,0.6,0.35,5
TGAGGGACATCAGTCA,3,0.05,0.6,0.35,5
TGAGGGAGTACCGTTA,3,0.05,0.6,0.35,5
TGAGGGAGTGCATCTA,1,0.05,0.6,0.35,5
TGAGGGAGTTCGGGCT,3,0.05,0.6,0.35,5
TGAGGGAGTTTGGCGC,1,0.05,0.6,0.35,5
TGAGGGATCACTGGGC,3,0.05,0.6,0.35,5
TGAGGGATCGCAGGCT,3,0.05,0.6,0.35,5
TGATTTCAGAGACTTA,2,0.05,0.6,0.35,5
TGATTTCAGCCAGTAG,8,0.05,0.6,0.35,5
TGATTTCAGCCCAGCT,5,0.05,0.6,0.35,5
TGATTTCAGCGTAGTG,4,0.05,0.6,0.35,5
TGATTTCAGGGCACTA,1000,0.05,0.6,0.35,5
TGATTTCAGTGTACTC,6,0.05,0.6,0.35,5
TGATTTCCAAACCTAC,6,0.05,0.6,0.35,5
TGATTTCCAGCTTCGG,2,0.05,0.6,0.35,5
TGATTTCCATCGGTTA,1000,0.05,0.6,0.35,5
TGATTTCGTAACGACG,4,0.05,0.6,0.35,5
TGATTTCGTCCGTTAA,5,0.05,0.6,0.35,5
TGATTTCGTGACAAAT,3,0.05,0.6,0.35,5
TGATTTCGTGATAAGT,3,0.05,0.6,0.35,5
TGATTTCGTGGCCCTA,1,0.05,0.6,0.35,5
TGATTTCTCAACGGGA,3,0.05,0.6,0.35,5
TGATTTCTCATGTCCC,8,0.05,0.6,0.35,5
TGATTTCTCGTGTAGT,2,0.05,0.6,0.35,5
TGCACCTAGAAAGTGG,5,0.05,0.6,0.35,5
TGCACCTAGATCCGAG,5,0.05,0.6,0.35,5
TGCACCTCACAGGTTT,3,0.05,0.6,0.35,5
TGCACCTCACCTGGTG,1000,0.05,0.6,0.35,5
TGCACCTGTCAACTGT,6,0.05,0.6,0.35,5
TGCACCTGTGCAACGA,6,0.05,0.6,0.35,5
TGCACCTGTTCCCTTG,2,0.05,0.6,0.35,5
TGCACCTGTTCGTGAT,0,0.05,0.6,0.35,5
TGCACCTGTTGATTCG,8,0.05,0.6,0.35,5
TGCACCTTCAGGATCT,1,0.05,0.6,0.35,5
TGCACCTTCTTACCTA,1,0.05,0.6,0.35,5
TGCCAAAGTAGCTAAA,1000,0.05,0.6,0.35,5
TGCCAAATCTCTTGAT,1,0.05,0.6,0.35,5
TGCCAAATCTTAGAGC,1,0.05,0.6,0.35,5
TGCCCATAGGCGTACA,0,0.05,0.6,0.35,5
TGCCCATCACATCCGG,1,0.05,0.6,0.35,5
TGCCCATCACATCTTT,4,0.05,0.6,0.35,5
TGCCCATCACCAGGCT,4,0.05,0.6,0.35,5
TGCCCATCAGCCTTGG,6,0.05,0.6,0.35,5
TGCCCATGTAATAGCA,5,0.05,0.6,0.35,5
TGCCCATGTCAGAATA,1,0.05,0.6,0.35,5
TGCCCATGTTGCCTCT,6,0.05,0.6,0.35,5
TGCCCATTCCACTGGG,1000,0.05,0.6,0.35,5
TGCCCATTCGCAGGCT,5,0.05,0.6,0.35,5
TGCCCATTCTCTTGAT,1,0.05,0.6,0.35,5
TGCCCATTCTTTAGGG,3,0.05,0.6,0.35,5
TGCCCTAAGTTAACGA,4,0.05,0.6,0.35,5
TGCCCTACAGCGTCCA,1,0.05,0.6,0.35,5
TGCCCTACATCGATGT,3,0.05,0.6,0.35,5
TGCCCTACATCTCGCT,1,0.05,0.6,0.35,5
TGCCCTACATGGGACA,7,0.05,0.6,0.35,5
TGCCCTATCACAACGT,7,0.05,0.6,0.35,5
TGCCCTATCAGGTAAA,4,0.05,0.6,0.35,5
TGCGCAGAGCAGCCTC,4,0.05,0.6,0.35,5
TGCGCAGAGGCAAAGA,7,0.05,0.6,0.35,5
TGCGCAGAGTGGAGAA,1000,0.05,0.6,0.35,5
TGCGCAGCACATTCGA,8,0.05,0.6,0.35,5
TGCGCAGCAGCCTTTC,1000,0.05,0.6,0.35,5
TGCGGGTAGAGGGATA,6,0.05,0.6,0.35,5
TGCGGGTAGATCCCGC,7,0.05,0.6,0.35,5
TGCGGGTCAAGGCTCC,6,0.05,0.6,0.35,5
TGCGGGTCAGCTGCAC,7,0.05,0.6,0.35,5
TGCGGGTGTACGACCC,6,0.05,0.6,0.35,5
TGCGGGTGTTTAGCTG,4,0.05,0.6,0.35,5
TGCGGGTTCTGACCTC,5,0.05,0.6,0.35,5
TGCGTGGAGACTGTAA,1,0.05,0.6,0.35,5
TGCGTGGAGGATTCGG,3,0.05,0.6,0.35,5
TGCGTGGAGGCGATAC,2,0.05,0.6,0.35,5
TGCGTGGAGGCTAGGT,8,0.05,0.6,0.35,5
TGCGTGGCACAGCGTC,8,0.05,0.6,0.35,5
TGCGTGGCACCATGTA,2,0.05,0.6,0.35,5
TGCGTGGCATTGGCGC,4,0.05,0.6,0.35,5
TGCGTGGGTCCTCCAT,2,0.05,0.6,0.35,5
TGCGTGGGTCTGGTCG,0,0.05,0.6,0.35,5
TGCGTGGGTGTGGCTC,8,0.05,0.6,0.35,5
TGCGTGGTCAGGCCCA,8,0.05,0.6,0.35,5
TGCTACCAGCTATGCT,5,0.05,0.6,0.35,5
TGCTACCCAAGCCATT,2,0.05,0.6,0.35,5
TGCTACCCACAAGTAA,0,0.05,0.6,0.35,5
TGCTACCCACAGACTT,4,0.05,0.6,0.35,5
TGCTACCCATCCGCGA,3,0.05,0.6,0.35,5
TGCTACCGTACAGCAG,1000,0.05,0.6,0.35,5
TGCTACCGTAGAAGGA,5,0.05,0.6,0.35,5
TGCTACCGTGGCAAAC,5,0.05,0.6,0.35,5
TGCTACCGTGGTCCGT,1000,0.05,0.6,0.35,5
TGCTACCGTTGGAGGT,1,0.05,0.6,0.35,5
TGCTACCTCCGCGCAA,4,0.05,0.6,0.35,5
TGCTACCTCCTAGAAC,2,0.05,0.6,0.35,5
TGCTGCTAGCAGATCG,8,0.05,0.6,0.35,5
TGCTGCTAGCTGCCCA,8,0.05,0.6,0.35,5
TGCTGCTAGGATCGCA,8,0.05,0.6,0.35,5
TGCTGCTAGGGCACTA,7,0.05,0.6,0.35,5
TGCTGCTAGTATTGGA,3,0.05,0.6,0.35,5
TGCTGCTAGTGTCCCG,3,0.05,0.6,0.35,5
TGCTGCTCACGTCAGC,1,0.05,0.6,0.35,5
TGCTGCTGTATGCTTG,5,0.05,0.6,0.35,5
TGCTGCTGTCCGCTGA,4,0.05,0.6,0.35,5
TGCTGCTGTCTGCAAT,4,0.05,0.6,0.35,5
TGGACGCAGAAGGTTT,8,0.05,0.6,0.35,5
TGGACGCAGCTAAGAT,3,0.05,0.6,0.35,5
TGGACGCAGCTCTCGG,1,0.05,0.6,0.35,5
TGGACGCAGTTGCAGG,1000,0.05,0.6,0.35,5
TGGACGCCAGACGCCT,0,0.05,0.6,0.35,5
TGGACGCGTATGAATG,1000,0.05,0.6,0.35,5
TGGACGCGTTGGTAAA,1,0.05,0.6,0.35,5
TGGACGCTCCAAACTG,6,0.05,0.6,0.35,5
TGGACGCTCCAGTATG,6,0.05,0.6,0.35,5
TGGCCAGAGACCGGAT,1,0.05,0.6,0.35,5
TGGCCAGAGCAGGCTA,6,0.05,0.6,0.35,5
TGGCCAGAGGCCCTTG,1000,0.05,0.6,0.35,5
TGGCCAGAGTGAACAT,1000,0.05,0.6,0.35,5
TGGCCAGCAAGACACG,4,0.05,0.6,0.35,5
TGGCCAGCATCGTCGG,6,0.05,0.6,0.35,5
TGGCCAGGTCGAGTTT,7,0.05,0.6,0.35,5
TGGCCAGGTGTGGTTT,0,0.05,0.6,0.35,5
TGGCCAGTCACAACGT,1,0.05,0.6,0.35,5
TGGCGCAAGCGCTTAT,8,0.05,0.6,0.35,5
TGGCGCAAGTACGTTC,7,0.05,0.6,0.35,5
TGGCGCACAACAACCT,1,0.05,0.6,0.35,5
TGGCGCACAAGGGTCA,1,0.05,0.6,0.35,5
TGGCGCACACCAGCAC,7,0.05,0.6,0.35,5
TGGCGCACACTAGTAC,8,0.05,0.6,0.35,5
TGGCGCACATGGTAGG,7,0.05,0.6,0.35,5
TGGCGCAGTGAAATCA,7,0.05,0.6,0.35,5
TGGCGCATCACCCTCA,4,0.05,0.6,0.35,5
TGGCGCATCAGCGATT,8,0.05,0.6,0.35,5
TGGCGCATCAGCTCGG,7,0.05,0.6,0.35,5
TGGCTGGAGTCCGTAT,8,0.05,0.6,0.35,5
TGGCTGGCAATGACCT,2,0.05,0.6,0.35,5
TGGCTGGGTATCGCAT,7,0.05,0.6,0.35,5
TGGCTGGGTCTGCAAT,6,0.05,0.6,0.35,5
TGGCTGGTCCCGACTT,3,0.05,0.6,0.35,5
TGGCTGGTCTCGTTTA,4,0.05,0.6,0.35,5
TGGGAAGAGGAACTGC,6,0.05,0.6,0.35,5
TGGGAAGAGGAATTAC,1000,0.05,0.6,0.35,5
TGGGAAGAGTACGTTC,3,0.05,0.6,0.35,5
TGGGAAGAGTAGGTGC,6,0.05,0.6,0.35,5
TGGGAAGAGTCCGTAT,8,0.05,0.6,0.35,5
TGGGAAGCACAGCCCA,8,0.05,0.6,0.35,5
TGGGAAGCAGAAGCAC,7,0.05,0.6,0.35,5
TGGGAAGCAGCCAGAA,4,0.05,0.6,0.35,5
TGGGAAGCATATACCG,1000,0.05,0.6,0.35,5
TGGGAAGCATGCTAGT,1,0.05,0.6,0.35,5
TGGGAAGGTAATCGTC,6,0.05,0.6,0.35,5
TGGGAAGGTAGAGTGC,1,0.05,0.6,0.35,5
TGGGAAGTCCTGCCAT,8,0.05,0.6,0.35,5
TGGGAAGTCTGATTCT,1,0.05,0.6,0.35,5
TGGGAAGTCTGCTGTC,8,0.05,0.6,0.35,5
TGGGAAGTCTTCTGGC,5,0.05,0.6,0.35,5
TGGGCGTAGCTCTCGG,7,0.05,0.6,0.35,5
TGGGCGTAGGCTCTTA,1000,0.05,0.6,0.35,5
TGGGCGTAGTTGCAGG,8,0.05,0.6,0.35,5
TGGGCGTCACGGTGTC,2,0.05,0.6,0.35,5
TGGGCGTCACTACAGT,8,0.05,0.6,0.35,5
TGGGCGTCAGTTCCCT,8,0.05,0.6,0.35,5
TGGGCGTCATTTCACT,0,0.05,0.6,0.35,5
TGGGCGTGTAGCGTAG,7,0.05,0.6,0.35,5
TGGGCGTGTATATGGA,3,0.05,0.6,0.35,5
TGGGCGTGTTGGTTTG,8,0.05,0.6,0.35,5
TGGTTAGAGGACAGCT,7,0.05,0.6,0.35,5
TGGTTAGAGGGCTTGA,2,0.05,0.6,0.35,5
TGGTTAGCATTTCACT,3,0.05,0.6,0.35,5
TGGTTAGGTGTGGCTC,4,0.05,0.6,0.35,5
TGGTTAGTCCACTCCA,6,0.05,0.6,0.35,5
TGGTTAGTCCTATTCA,2,0.05,0.6,0.35,5
TGGTTAGTCGGTCCGA,7,0.05,0.6,0.35,5
TGGTTAGTCTACTCAT,2,0.05,0.6,0.35,5
TGGTTAGTCTCCTATA,3,0.05,0.6,0.35,5
TGGTTCCAGAGAACAG,3,0.05,0.6,0.35,5
TGGTTCCAGGATCGCA,4,0.05,0.6,0.35,5
TGGTTCCAGGTGACCA,4,0.05,0.6,0.35,5
TGGTTCCGTGCCTTGG,1,0.05,0.6,0.35,5
TGGTTCCGTGCTAGCC,7,0.05,0.6,0.35,5
TGGTTCCTCAGGTAAA,1000,0.05,0.6,0.35,5
TGGTTCCTCGATCCCT,6,0.05,0.6,0.35,5
TGTATTCAGGGCTTCC,6,0.05,0.6,0.35,5
TGTATTCAGTGAACGC,6,0.05,0.6,0.35,5
TGTATTCAGTGAAGAG,1,0.05,0.6,0.35,5
TGTATTCCACGAAGCA,5,0.05,0.6,0.35,5
TGTATTCCATACCATG,5,0.05,0.6,0.35,5
TGTATTCGTCCATGAT,2,0.05,0.6,0.35,5
TGTATTCTCACTTATC,7,0.05,0.6,0.35,5
TGTATTCTCCACGCAG,3,0.05,0.6,0.35,5
TGTATTCTCGGTTAAC,7,0.05,0.6,0.35,5
TGTATTCTCTCTGAGA,2,0.05,0.6,0.35,5
TGTCCCAAGACGCACA,8,0.05,0.6,0.35,5
TGTCCCAAGAGTAAGG,8,0.05,0.6,0.35,5
TGTCCCAAGGGTCTCC,5,0.05,0.6,0.35,5
TGTCCCACAGTCCTTC,3,0.05,0.6,0.35,5
TGTCCCAGTCCGTCAG,6,0.05,0.6,0.35,5
TGTCCCAGTGTGCCTG,2,0.05,0.6,0.35,5
TGTCCCAGTTACGACT,6,0.05,0.6,0.35,5
TGTCCCATCACAGGCC,4,0.05,0.6,0.35,5
TGTCCCATCCCAGGTG,4,0.05,0.6,0.35,5
TGTCCCATCTCCGGTT,6,0.05,0.6,0.35,5
TGTGGTAAGACATAAC,2,0.05,0.6,0.35,5
TGTGGTAAGAGCTGGT,2,0.05,0.6,0.35,5
TGTGGTAAGCCACGTC,8,0.05,0.6,0.35,5
TGTGGTAAGGCGACAT,1000,0.05,0.6,0.35,5
TGTGGTAAGGTGTTAA,8,0.05,0.6,0.35,5
TGTGGTAAGTGACTCT,7,0.05,0.6,0.35,5
TGTGGTACAAGTCTGT,3,0.05,0.6,0.35,5
TGTGGTAGTACCGAGA,3,0.05,0.6,0.35,5
TGTGGTAGTGTTCTTT,2,0.05,0.6,0.35,5
TGTGGTATCACATGCA,8,0.05,0.6,0.35,5
TGTGGTATCCAAACAC,1000,0.05,0.6,0.35,5
TGTGGTATCCGTAGTA,7,0.05,0.6,0.35,5
TGTGGTATCGGACAAG,3,0.05,0.6,0.35,5
TGTGGTATCGTACCGG,5,0.05,0.6,0.35,5
TGTGGTATCTGTCTCG,7,0.05,0.6,0.35,5
TGTGTTTAGGTGTGGT,1000,0.05,0.6,0.35,5
TGTGTTTCAAACTGTC,8,0.05,0.6,0.35,5
TGTGTTTCAATCGAAA,2,0.05,0.6,0.35,5
TGTGTTTCAGATCCAT,1000,0.05,0.6,0.35,5
TGTGTTTGTAAGGATT,1000,0.05,0.6,0.35,5
TGTGTTTGTAGCGTAG,4,0.05,0.6,0.35,5
TGTGTTTGTCCAGTGC,7,0.05,0.6,0.35,5
TGTGTTTTCTTTCCTC,7,0.05,0.6,0.35,5
TGTTCCGAGAAGGTTT,3,0.05,0.6,0.35,5
TGTTCCGAGAGTAATC,3,0.05,0.6,0.35,5
TGTTCCGAGAGTGAGA,1,0.05,0.6,0.35,5
TGTTCCGAGCGTGAGT,1,0.05,0.6,0.35,5
TGTTCCGAGGGTGTTG,8,0.05,0.6,0.35,5
TGTTCCGCACTAGTAC,3,0.05,0.6,0.35,5
TGTTCCGCACTGTCGG,1,0.05,0.6,0.35,5
TGTTCCGCAGACAAGC,3,0.05,0.6,0.35,5
TGTTCCGCATCCAACA,6,0.05,0.6,0.35,5
TGTTCCGGTAAACACA,5,0.05,0.6,0.35,5
TGTTCCGGTAGCTGCC,2,0.05,0.6,0.35,5
TGTTCCGGTCGATTGT,8,0.05,0.6,0.35,5
TGTTCCGTCGGTGTTA,7,0.05,0.6,0.35,5
TGTTCCGTCGTTGACA,1,0.05,0.6,0.35,5
TGTTCCGTCTAAGCCA,5,0.05,0.6,0.35,5
TTAACTCAGCTTATCG,1,0.05,0.6,0.35,5
TTAACTCCAAAGGTGC,6,0.05,0.6,0.35,5
TTAACTCCAACGCACC,1000,0.05,0.6,0.35,5
TTAACTCCAAGGTTTC,2,0.05,0.6,0.35,5
TTAACTCCATTAGGCT,7,0.05,0.6,0.35,5
TTAACTCGTGATAAAC,2,0.05,0.6,0.35,5
TTAACTCGTGGTTTCA,4,0.05,0.6,0.35,5
TTAACTCTCCAGAAGG,1,0.05,0.6,0.35,5
TTAACTCTCGGCGCAT,8,0.05,0.6,0.35,5
TTAACTCTCGGCTACG,8,0.05,0.6,0.35,5
TTAGGACAGATATGCA,6,0.05,0.6,0.35,5
TTAGGACAGATCTGCT,1000,0.05,0.6,0.35,5
TTAGGACCAAACCTAC,8,0.05,0.6,0.35,5
TTAGGACCAAGTTGTC,0,0.05,0.6,0.35,5
TTAGGACCACCATCCT,2,0.05,0.6,0.35,5
TTAGGACCATGCAATC,7,0.05,0.6,0.35,5
TTAGGACGTAAGTGGC,1,0.05,0.6,0.35,5
TTAGGACTCAGTCAGT,8,0.05,0.6,0.35,5
TTAGGCAAGATAGTCA,5,0.05,0.6,0.35,5
TTAGGCAAGGGAGTAA,4,0.05,0.6,0.35,5
TTAGGCAAGTTGTAGA,2,0.05,0.6,0.35,5
TTAGGCACAGACGTAG,8,0.05,0.6,0.35,5
TTAGGCACAGGCTCAC,5,0.05,0.6,0.35,5
TTAGGCAGTACCGCTG,1000,0.05,0.6,0.35,5
TTAGGCAGTTTAGCTG,8,0.05,0.6,0.35,5
TTAGGCATCATTATCC,7,0.05,0.6,0.35,5
TTAGGCATCTGCCAGG,8,0.05,0.6,0.35,5
TTAGTTCAGACGCTTT,1,0.05,0.6,0.35,5
TTAGTTCAGATGTCGG,1000,0.05,0.6,0.35,5
TTAGTTCAGCTCCCAG,0,0.05,0.6,0.35,5
TTAGTTCAGGTGTGGT,1,0.05,0.6,0.35,5
TTAGTTCAGTGACATA,4,0.05,0.6,0.35,5
TTAGTTCCACCTGGTG,1000,0.05,0.6,0.35,5
TTAGTTCCACTGCCAG,1000,0.05,0.6,0.35,5
TTAGTTCGTAATCACC,8,0.05,0.6,0.35,5
TTAGTTCGTCCGTTAA,1000,0.05,0.6,0.35,5
TTAGTTCGTTCAGTAC,1,0.05,0.6,0.35,5
TTAGTTCTCACAGGCC,8,0.05,0.6,0.35,5
TTAGTTCTCAGAGGTG,3,0.05,0.6,0.35,5
TTAGTTCTCCAAATGC,1,0.05,0.6,0.35,5
TTAGTTCTCGCAAGCC,3,0.05,0.6,0.35,5
TTAGTTCTCGTAGGAG,3,0.05,0.6,0.35,5
TTAGTTCTCTTGCATT,5,0.05,0.6,0.35,5
TTATGCTAGAGGTTGC,7,0.05,0.6,0.35,5
TTATGCTAGGAACTGC,8,0.05,0.6,0.35,5
TTATGCTAGGCAGTCA,4,0.05,0.6,0.35,5
TTATGCTAGGCATTGG,2,0.05,0.6,0.35,5
TTATGCTCAAACAACA,3,0.05,0.6,0.35,5
TTATGCTCACTCGACG,6,0.05,0.6,0.35,5
TTATGCTCATCCGCGA,0,0.05,0.6,0.35,5
TTATGCTTCCGTCAAA,8,0.05,0.6,0.35,5
TTATGCTTCTTATCTG,7,0.05,0.6,0.35,5
TTATGCTTCTTCTGGC,6,0.05,0.6,0.35,5
TTCCCAGAGGTCGGAT,7,0.05,0.6,0.35,5
TTCCCAGGTAGCTTGT,0,0.05,0.6,0.35,5
TTCCCAGGTCACCCAG,6,0.05,0.6,0.35,5
TTCCCAGGTCTGCAAT,8,0.05,0.6,0.35,5
TTCCCAGTCACCTCGT,4,0.05,0.6,0.35,5
TTCCCAGTCCCTTGTG,8,0.05,0.6,0.35,5
TTCCCAGTCGGAAATA,8,0.05,0.6,0.35,5
TTCCCAGTCGTAGGTT,2,0.05,0.6,0.35,5
TTCCCAGTCTTGAGGT,6,0.05,0.6,0.35,5
TTCGAAGAGATAGTCA,4,0.05,0.6,0.35,5
TTCGAAGCAATCCAAC,8,0.05,0.6,0.35,5
TTCGAAGGTATTCTCT,7,0.05,0.6,0.35,5
TTCGAAGGTCCTCTTG,2,0.05,0.6,0.35,5
TTCGAAGTCACAAACC,7,0.05,0.6,0.35,5
TTCGGTCAGATGTGTA,1000,0.05,0.6,0.35,5
TTCGGTCAGCGCCTTG,7,0.05,0.6,0.35,5
TTCGGTCCAGATGAGC,7,0.05,0.6,0.35,5
TTCGGTCCAGTGACAG,7,0.05,0.6,0.35,5
TTCGGTCGTAAGGGAA,6,0.05,0.6,0.35,5
TTCGGTCGTAGCTTGT,3,0.05,0.6,0.35,5
TTCTACAAGAACTGTA,7,0.05,0.6,0.35,5
TTCTACAAGCGCCTCA,0,0.05,0.6,0.35,5
TTCTACAAGTCTTGCA,5,0.05,0.6,0.35,5
TTCTACACAAAGTCAA,6,0.05,0.6,0.35,5
TTCTACACAATAACGA,3,0.05,0.6,0.35,5
TTCTACACAGATCTGT,0,0.05,0.6,0.35,5
TTCTACAGTAAATGAC,1,0.05,0.6,0.35,5
TTCTACAGTAACGTTC,7,0.05,0.6,0.35,5
TTCTACAGTACATCCA,4,0.05,0.6,0.35,5
TTCTACAGTCCGTTAA,1,0.05,0.6,0.35,5
TTCTACAGTCTTTCAT,6,0.05,0.6,0.35,5
TTCTACAGTGTTCGAT,1,0.05,0.6,0.35,5
TTCTACAGTTTGGCGC,1000,0.05,0.6,0.35,5
TTCTACATCTTTACAC,4,0.05,0.6,0.35,5
TTCTCAAAGAGGGATA,5,0.05,0.6,0.35,5
TTCTCAAAGCACCGCT,8,0.05,0.6,0.35,5
TTCTCAAAGCTAGTTC,1,0.05,0.6,0.35,5
TTCTCAAAGGACAGCT,8,0.05,0.6,0.35,5
TTCTCAAAGTCCGTAT,8,0.05,0.6,0.35,5
TTCTCAAAGTTCGCGC,8,0.05,0.6,0.35,5
TTCTCAACAGCTTAAC,6,0.05,0.6,0.35,5
TTCTCAACATAGGATA,7,0.05,0.6,0.35,5
TTCTCAACATCCCACT,1,0.05,0.6,0.35,5
TTCTCAACATCCTTGC,1,0.05,0.6,0.35,5
TTCTCAAGTGTATGGG,4,0.05,0.6,0.35,5
TTCTCAATCGTAGGAG,1000,0.05,0.6,0.35,5
TTCTCCTAGCTACCGC,1000,0.05,0.6,0.35,5
TTCTCCTAGCTAGGCA,5,0.05,0.6,0.35,5
TTCTCCTAGGGCATGT,3,0.05,0.6,0.35,5
TTCTCCTAGTCCAGGA,4,0.05,0.6,0.35,5
TTCTCCTAGTCCGGTC,8,0.05,0.6,0.35,5
TTCTCCTAGTGGCACA,6,0.05,0.6,0.35,5
TTCTCCTCACGTGAGA,4,0.05,0.6,0.35,5
TTCTCCTCACTGCCAG,3,0.05,0.6,0.35,5
TTCTCCTGTGTTGAGG,1000,0.05,0.6,0.35,5
TTCTCCTGTTCCTCCA,3,0.05,0.6,0.35,5
TTCTCCTGTTGATTGC,5,0.05,0.6,0.35,5
TTCTCCTGTTTGGCGC,1,0.05,0.6,0.35,5
TTCTCCTTCATCACCC,7,0.05,0.6,0.35,5
TTCTTAGAGAAGGTGA,1,0.05,0.6,0.35,5
TTCTTAGAGCACACAG,3,0.05,0.6,0.35,5
TTCTTAGAGCTAGTTC,8,0.05,0.6,0.35,5
TTCTTAGCAAACGCGA,5,0.05,0.6,0.35,5
TTCTTAGCAAGGCTCC,2,0.05,0.6,0.35,5
TTCTTAGCACGGATAG,3,0.05,0.6,0.35,5
TTCTTAGCATGGTCTA,8,0.05,0.6,0.35,5
TTCTTAGGTACTCGCG,1000,0.05,0.6,0.35,5
TTCTTAGTCACCTCGT,4,0.05,0.6,0.35,5
TTCTTAGTCACTTCAT,5,0.05,0.6,0.35,5
TTCTTAGTCAGAAATG,1,0.05,0.6,0.35,5
TTCTTAGTCAGCGATT,5,0.05,0.6,0.35,5
TTCTTAGTCATGTAGC,1,0.05,0.6,0.35,5
TTCTTAGTCCTCATTA,7,0.05,0.6,0.35,5
TTGAACGAGCGTCTAT,2,0.05,0.6,0.35,5
TTGAACGAGGCAATTA,2,0.05,0.6,0.35,5
TTGAACGAGTTCCACA,5,0.05,0.6,0.35,5
TTGAACGCAAAGCAAT,3,0.05,0.6,0.35,5
TTGAACGCAACTGCTA,4,0.05,0.6,0.35,5
TTGAACGGTATAGGGC,1,0.05,0.6,0.35,5
TTGAACGGTCTTCTCG,5,0.05,0.6,0.35,5
TTGAACGGTGGGTATG,6,0.05,0.6,0.35,5
TTGAACGTCCCAACGG,4,0.05,0.6,0.35,5
TTGAACGTCCGTTGTC,3,0.05,0.6,0.35,5
TTGAACGTCCTGTACC,1,0.05,0.6,0.35,5
TTGAACGTCGGATGGA,8,0.05,0.6,0.35,5
TTGAACGTCTGATTCT,6,0.05,0.6,0.35,5
TTGACTTAGCGTAGTG,7,0.05,0.6,0.35,5
TTGACTTAGTCTTGCA,2,0.05,0.6,0.35,5
TTGACTTCAGGGTACA,7,0.05,0.6,0.35,5
TTGACTTCATGCTGGC,1,0.05,0.6,0.35,5
TTGACTTGTCGCGTGT,1000,0.05,0.6,0.35,5
TTGACTTGTGTGAATA,3,0.05,0.6,0.35,5
TTGACTTTCATGCATG,4,0.05,0.6,0.35,5
TTGACTTTCGCCGTGA,3,0.05,0.6,0.35,5
TTGACTTTCTGAGGGA,8,0.05,0.6,0.35,5
TTGCCGTAGGACCACA,1,0.05,0.6,0.35,5
TTGCCGTAGGCTCAGA,3,0.05,0.6,0.35,5
TTGCCGTAGGCTCTTA,6,0.05,0.6,0.35,5
TTGCCGTAGGGATGGG,1000,0.05,0.6,0.35,5
TTGCCGTAGTCGTACT,1000,0.05,0.6,0.35,5
TTGCCGTAGTGTACCT,5,0.05,0.6,0.35,5
TTGCCGTCACCTATCC,5,0.05,0.6,0.35,5
TTGCCGTCAGCTGCAC,8,0.05,0.6,0.35,5
TTGCCGTGTATTACCG,1,0.05,0.6,0.35,5
TTGCCGTGTCCGTCAG,1,0.05,0.6,0.35,5
TTGCCGTGTCGAACAG,3,0.05,0.6,0.35,5
TTGCCGTGTGACTCAT,2,0.05,0.6,0.35,5
TTGCCGTGTTATGTGC,1,0.05,0.6,0.35,5
TTGCCGTTCCATTCTA,8,0.05,0.6,0.35,5
TTGCCGTTCGCCAGCA,5,0.05,0.6,0.35,5
TTGCCGTTCGTTTAGG,7,0.05,0.6,0.35,5
TTGCCGTTCTAGCACA,6,0.05,0.6,0.35,5
TTGCGTCAGTTATCGC,7,0.05,0.6,0.35,5
TTGCGTCCAACGATGG,3,0.05,0.6,0.35,5
TTGCGTCCAATGGAAT,3,0.05,0.6,0.35,5
TTGCGTCCACCTGGTG,8,0.05,0.6,0.35,5
TTGCGTCCAGCGTTCG,1000,0.05,0.6,0.35,5
TTGCGTCGTCACAAGG,8,0.05,0.6,0.35,5
TTGCGTCGTCTAACGT,6,0.05,0.6,0.35,5
TTGCGTCTCTGTCAAG,0,0.05,0.6,0.35,5
TTGGAACAGGTAAACT,2,0.05,0.6,0.35,5
TTGGAACAGTCCAGGA,8,0.05,0.6,0.35,5
TTGGAACCAAGCGAGT,4,0.05,0.6,0.35,5
TTGGAACCAATCCAAC,8,0.05,0.6,0.35,5
TTGGAACCACATGACT,7,0.05,0.6,0.35,5
TTGGAACCATCCCACT,4,0.05,0.6,0.35,5
TTGGAACCATGCATGT,5,0.05,0.6,0.35,5
TTGGAACGTACTCAAC,8,0.05,0.6,0.35,5
TTGGAACGTGGCAAAC,5,0.05,0.6,0.35,5
TTGGAACGTTCCATGA,6,0.05,0.6,0.35,5
TTGGAACGTTTGCATG,1,0.05,0.6,0.35,5
TTGGAACTCCGAGCCA,6,0.05,0.6,0.35,5
TTGGCAAAGACAGACC,5,0.05,0.6,0.35,5
TTGGCAAAGTCGCCGT,3,0.05,0.6,0.35,5
TTGGCAAAGTGTTGAA,2,0.05,0.6,0.35,5
TTGGCAAGTTCATGGT,6,0.05,0.6,0.35,5
TTGGCAATCACAAACC,6,0.05,0.6,0.35,5
TTGGCAATCATGTCCC,7,0.05,0.6,0.35,5
TTGTAGGCAAACGTGG,6,0.05,0.6,0.35,5
TTGTAGGCAGCTCGCA,1,0.05,0.6,0.35,5
TTGTAGGGTGATGTGG,4,0.05,0.6,0.35,5
TTGTAGGTCACCCGAG,8,0.05,0.6,0.35,5
TTGTAGGTCCAAGCCG,2,0.05,0.6,0.35,5
TTTACTGAGGTCATCT,2,0.05,0.6,0.35,5
TTTACTGAGTGACATA,1,0.05,0.6,0.35,5
TTTACTGCAAGCGTAG,7,0.05,0.6,0.35,5
TTTACTGCAATCAGAA,8,0.05,0.6,0.35,5
TTTACTGCACAAGACG,5,0.05,0.6,0.35,5
TTTACTGCACACATGT,5,0.05,0.6,0.35,5
TTTACTGCATCGGAAG,4,0.05,0.6,0.35,5
TTTACTGCATGCCTTC,1000,0.05,0.6,0.35,5
TTTACTGCATGTCTCC,5,0.05,0.6,0.35,5
TTTACTGGTAGATTAG,4,0.05,0.6,0.35,5
TTTACTGGTGGGTATG,7,0.05,0.6,0.35,5
TTTACTGTCGCCTGTT,7,0.05,0.6,0.35,5
TTTATGCAGAAGGTTT,7,0.05,0.6,0.35,5
TTTATGCAGCTGTTCA,4,0.05,0.6,0.35,5
TTTATGCAGTGGAGTC,7,0.05,0.6,0.35,5
TTTATGCCAATCTGCA,1,0.05,0.6,0.35,5
TTTATGCCAATGTTGC,8,0.05,0.6,0.35,5
TTTATGCCAGTGGGAT,7,0.05,0.6,0.35,5
TTTATGCGTAGCACGA,2,0.05,0.6,0.35,5
TTTATGCTCAACGAAA,1,0.05,0.6,0.35,5
TTTCCTCAGAGGTTGC,3,0.05,0.6,0.35,5
TTTCCTCAGCCGTCGT,2,0.05,0.6,0.35,5
TTTCCTCAGCTCCTTC,6,0.05,0.6,0.35,5
TTTCCTCAGGCTAGAC,2,0.05,0.6,0.35,5
TTTCCTCAGTAGGCCA,1000,0.05,0.6,0.35,5
TTTCCTCAGTGGTAAT,5,0.05,0.6,0.35,5
TTTCCTCCAATCAGAA,7,0.05,0.6,0.35,5
TTTCCTCCATCGGAAG,3,0.05,0.6,0.35,5
TTTCCTCGTCGCCATG,4,0.05,0.6,0.35,5
TTTCCTCGTGACGGTA,8,0.05,0.6,0.35,5
TTTCCTCGTTCTCATT,5,0.05,0.6,0.35,5
TTTCCTCTCAGTTGAC,8,0.05,0.6,0.35,5
TTTCCTCTCCCTAACC,7,0.05,0.6,0.35,5
TTTCCTCTCCGCATCT,2,0.05,0.6,0.35,5
TTTCCTCTCCGTAGTA,1000,0.05,0.6,0.35,5
TTTGCGCAGCAGATCG,7,0.05,0.6,0.35,5
TTTGCGCAGCGATATA,1000,0.05,0.6,0.35,5
TTTGCGCCAACAACCT,3,0.05,0.6,0.35,5
TTTGCGCGTAAAGGAG,1,0.05,0.6,0.35,5
TTTGCGCGTATAAACG,3,0.05,0.6,0.35,5
TTTGCGCGTCACTGGC,1,0.05,0.6,0.35,5
TTTGCGCGTCGAACAG,2,0.05,0.6,0.35,5
TTTGCGCGTTGTGGAG,6,0.05,0.6,0.35,5
TTTGCGCTCGCAGGCT,1,0.05,0.6,0.35,5
TTTGCGCTCGTCCAGG,1,0.05,0.6,0.35,5
TTTGCGCTCTTAACCT,7,0.05,0.6,0.35,5
TTTGGTTAGTGAACGC,6,0.05,0.6,0.35,5
TTTGGTTCAACGCACC,1,0.05,0.6,0.35,5
TTTGGTTGTCTGCGGT,3,0.05,0.6,0.35,5
TTTGGTTTCGGTGTTA,1,0.05,0.6,0.35,5
TTTGGTTTCTCCCTGA,4,0.05,0.6,0.35,5
TTTGGTTTCTTGCCGT,4,0.05,0.6,0.35,5
TTTGTCAAGCCCGAAA,3,0.05,0.6,0.35,5
TTTGTCAAGCGTGAGT,2,0.05,0.6,0.35,5
TTTGTCAAGGACGAAA,5,0.05,0.6,0.35,5
TTTGTCAAGGCCATAG,0,0.05,0.6,0.35,5
TTTGTCAAGGTGTTAA,1,0.05,0.6,0.35,5
TTTGTCACAAAGGTGC,4,0.05,0.6,0.35,5
TTTGTCACAGTCTTCC,3,0.05,0.6,0.35,5
TTTGTCACATGACATC,1000,0.05,0.6,0.35,5
TTTGTCAGTTCGTTGA,1,0.05,0.6,0.35,5
TTTGTCATCATGCATG,3,0.05,0.6,0.35,5
TTTGTCATCCCTCAGT,4,0.05,0.6,0.35,5
TTTGTCATCCTGTACC,6,0.05,0.6,0.35,5
TTTGTCATCTGTCTAT,7,0.05,0.6,0.35,5
