cell_barcode,label,probability,classification
ATAGACCGTCGACTTA,13,0.5285339671763217,negative
AGTACCAGTCCTTGTC,13,0.2801345424864881,negative
TCGGTCTCAGCGAACA,13,0.2606754719091179,negative
TCTTGCGCAGGCACTC,13,0.7803094745232342,negative
GTGTTAGAGTCACGAG,10,0.9103433393328724,singlet
CACAGATTCAGACCTA,13,0.7001986557616087,negative
TCGCTTGTCGGACGTC,7,0.880492269930698,singlet
CAAGGGACAATGAACA,13,0.7419880198527182,negative
AGCATCACAGCTCGGT,11,0.8818387431641712,singlet
GAGCTGCAGGCATTTC,4,0.8190981225259428,singlet
TACGGGCAGTCCCGGT,13,0.485595851435984,negative
CGTTGGGCACTACTTT,12,0.9164123452756274,doublet
ACTTAGGTCAGTCTTT,13,0.7578375972802878,negative
GAAGCCCTCGCTCTCA,13,0.7892056703586194,negative
TAGGGTTGTCATCAGT,13,0.7969982718336315,negative
ACTTTGTGTGGTAATA,7,0.9723204819881688,singlet
CCCAACTAGAGGATGA,8,0.8956189919961681,singlet
GAGTTACTCATGTCTT,10,0.8279068790481844,singlet
TTTCATGAGGCTTAGG,5,0.9272901065358012,singlet
TTCATGTTCGACGACC,13,0.6567769783015932,negative
AGATGCTGTCAAGGCA,0,0.8854629520841315,negative
CGTCAAATCATCACAG,13,0.6691903581095923,negative
CTCAACCCACGCCAGT,3,0.8010014134264465,singlet
AGCGTCGTCATTCCTA,13,0.4768639411934859,negative
GCAGCCAGTTGACGGA,13,0.6663318182621344,negative
CTCCAACGTAAGATAC,13,0.7903220095093276,negative
TTCGCTGCACGAGGAT,10,0.901558793121371,singlet
GTCCCATCAACCGTAT,4,0.8857496714333053,singlet
TGTGGCGTCTGAGAGG,10,0.9014535974674877,singlet
GAGAGGTCATGGACAG,4,0.9531975009051822,singlet
CTGAGCGAGAGGTATT,13,0.757932323702333,negative
CAAAGAATCACTTTGT,9,0.8914617008503861,singlet
CGTGTCTGTTCCTTGC,13,0.7293384936750132,negative
CACATGATCGCCTATC,13,0.3669961076547167,negative
AAAGTGAAGCTAAACA,8,1.0,singlet
CAATGACAGCAACTCT,8,0.8220015308885777,singlet
GCTTCACAGGAGAGGC,8,0.8425983772004166,singlet
CATGCAATCGACGATT,9,0.874079657241906,singlet
CTCGAGGGTCAAAGCG,8,0.8860655133189275,singlet
GCCGATGCAAGGATGC,9,0.900934062660916,singlet
TACGTCCTCTTTGATC,7,0.8881848984289159,singlet
TCTCACGGTAACAGTA,13,0.1978070850535444,negative
CTTACCGCACGCCAGT,3,0.8836533749604514,singlet
CTTCAATCAGTCTACA,10,0.8578064707768625,singlet
CCACACTGTTATTCCT,2,0.9999999320432008,singlet
GATGCTAAGATTAGTG,13,0.2601278657498571,negative
GTGTAACCAGCTGGTC,9,0.8801219770474719,singlet
CTGCCTACAACCACGC,1,0.8531336224636077,singlet
CAGCACGTCATCGCCT,12,0.8560786391485616,doublet
CAATACGCATGACTCA,8,0.9133273955845266,singlet
GACACGCGTGCTCGTG,13,0.6836910036658866,negative
GGGTCTGGTGCCTATA,10,0.8514506001524025,singlet
TACACCCAGATTCGCT,2,0.9003056556596424,singlet
TCTATCAGTGGCTAGA,12,0.938163030424416,doublet
GTTTGGATCGACATAC,13,0.2741641396074575,negative
GTGAGGACATGGGCAA,13,0.5003716393731977,negative
CACAGATGTCTCAGAT,6,0.8533162373500337,singlet
TGCAGGCTCAGAGCAG,13,0.7994165295874136,negative
CACTTCGAGCGATTCT,13,0.7781095750224944,negative
GAAGCCCCACATCATG,13,0.7095276107044253,negative
TGAGTCAAGCGAAACC,9,0.8025615491716138,singlet
CCTCAACCAAAGGGCT,7,0.8191068950051934,singlet
TCACGGGTCCATCAGA,13,0.6438405069691557,negative
ACCTACCAGAACCCGA,10,0.8549101033761459,singlet
TCTACATCATGACGGA,13,0.7919488215442926,negative
TCTCTGGCAAAGTGTA,1,0.8466280286305014,singlet
TGCTCCAGTCGGTGTC,0,0.8232736532028765,negative
CACTGGGGTGACGTCC,7,0.847841928781462,singlet
CCGTTCAGTCTTCATT,10,0.8903061637609238,singlet
CTCTCGAGTGACCGTC,13,0.7385905879101962,negative
AAGATAGAGGTAATCA,13,0.2270966696113615,negative
CTATCTAGTAAGGAGA,12,0.925756893070943,doublet
ATCGGCGTCTTGAACG,3,0.908667372302472,singlet
GCGTGCAGTCGTACTA,13,0.6830507006767546,negative
CTAACTTTCGAGCCTG,11,0.8206764958960636,singlet
TACCCGTTCTCAGGCG,4,0.8733604478442258,singlet
GTAATGCAGACCAGAC,13,0.5464603019466908,negative
CATGCTCGTTTGGAGG,8,0.905577353806277,singlet
TGAGGAGAGCATCCCG,13,0.1482540845302539,negative
TGCAGTAGTAGGATAT,10,0.901781188359968,singlet
GTATTTCCACGCAGTC,13,0.2143559244005834,negative
ATTTACCTCGCTAATG,0,0.8766304086088474,negative
TTCTAGTCACCAACAT,9,0.8436106997720293,singlet
TTCTAACCAGACGGAT,12,0.8691577517859602,doublet
CTTCGGTCATCCTAAG,13,0.3180125831450016,negative
AACCACACACAGCATT,10,0.888726527428881,singlet
GTATTTCTCGAGTGAG,9,0.8801654574893771,singlet
GGGTGTCCAATGGCCC,5,0.841174940962182,singlet
AACACACGTGGCAGAT,13,0.6831125232072878,negative
CGTGTCTTCGTAGGGA,13,0.7240641116651949,negative
TCCACCAGTATGAAGT,8,0.9002132144891574,singlet
AACACACCATGGTACT,7,0.9060713991530228,singlet
TCCACCATCCTGCCAT,10,0.8049051514535654,singlet
CTGTACCGTCATACCA,13,0.6861043118286055,negative
AAGTTCGCATCCCACT,7,0.9099418455474324,singlet
AGGACGATCTCATTAC,13,0.7939646588886913,negative
CAGGTATTCTTTCCAA,13,0.4645904142478199,negative
GTATTGGTCGACACCG,13,0.5936878446229003,negative
CGAATTGCATCGTGGC,11,0.8595782652124162,singlet
CCCTGATTCGCCTATC,12,0.9255608789590406,doublet
AGTCATGAGGTGCGAT,13,0.7878210380038712,negative
GTCCTCAGTATAATGG,1,0.9194037601978038,singlet
GAAGGGTGTTAAAGTG,5,0.8639182650334358,singlet
TTCACCGTCCAAATGC,9,0.8980774172236683,singlet
TAATCTCAGGAGAATG,13,0.706610307072292,negative
ATTTCTGCACACCGAC,0,0.9385544058816476,negative
TCACAAGTCAACTCTT,10,0.8649035999007665,singlet
CATCGGGGTTGACGGA,13,0.7936059196791395,negative
TTCTTGACATAGCTGT,13,0.7835158509751712,negative
TTCTTCCGTCCCGGTA,10,0.9019699099453544,singlet
GAGGCCTAGGGATCAC,4,0.8820634726576696,singlet
TGACCCTCACTGGACC,2,0.8626840763919219,singlet
GCTTTCGAGAGATGCC,7,0.9076406492622122,singlet
ATGTCCCTCTGCGGGT,4,0.894615812696364,singlet
CCTTTGGAGGCTTCCG,13,0.7961272779585064,negative
TGCTTCGTCGTAGAGG,5,0.981453998179213,singlet
AAGCCATGTTCCACAA,3,0.9048783347322414,singlet
TAGACTGTCATCTATC,12,0.9181141546531656,doublet
TTTACCAGTACTAACC,13,0.6039468088512995,negative
CTGCCTAAGACATCAA,13,0.2958415695020124,negative
CAGTGCGTCACCGCTT,13,0.645706678897674,negative
ACACCAAGTCGCAACC,5,0.8687220732333555,singlet
GTGATGTCACCCTAGG,2,0.8985411173166644,singlet
GCGGAAAAGCAACAGC,13,0.4925786948842727,negative
ATGCCTCAGATGTTGA,8,0.8057940439316276,singlet
GGGCCATAGCTGGAGT,8,0.9999999999999608,singlet
AGGTAGGAGGGCTTCC,5,0.9048814386356294,singlet
TTGAACGAGCTCGCAC,2,0.8346849321639699,singlet
CTGGCAGAGGACGCAT,3,0.8838687206707918,singlet
GTAGGAGTCCGTGCGA,13,0.705735894302797,negative
ATTCCATTCGCGCCAA,10,0.9075218514348352,singlet
TCAGTGATCAAACTGC,11,0.8733527492452002,singlet
CCCGAAGAGTGTCATC,13,0.6922897877814782,negative
GATGCTAAGAGAGCAA,6,0.9817856275056852,singlet
AACCACACAGGAGGTT,13,0.1275398544123955,negative
GAGGGATCATAGTCGT,9,0.9033410651503488,singlet
GTAAGTCGTCGAATGG,5,0.8766992851951964,singlet
TCGCTCAGTCACATTG,13,0.6930731984098533,negative
ATCCACCCAAAGGATT,13,0.3722546252124269,negative
GATCACAGTACACTCA,13,0.2100763342070046,negative
TCTTGCGAGGCACTCC,3,0.8217214916847889,singlet
AGAACCTAGAAGGCTC,3,0.9124148723481328,singlet
TCGGGCAGTCAATCTG,13,0.6808774702979405,negative
TCCTGCAGTGACTGAG,13,0.7266013236036032,negative
TAGACCACACACCTAA,9,0.9035074702012692,singlet
TTACCGCGTTTGTTCT,7,0.8905149039957946,singlet
CTACTATAGCAAGTGC,13,0.6392468707162748,negative
AACCCAAAGCACGATG,13,0.7719583212564309,negative
TCGGATAGTAGAGATT,8,0.8498870390361011,singlet
AAAGGTATCTCCATAT,7,0.9286693748191605,singlet
AACCCAACAGTCGAGA,1,0.9214327512790184,singlet
GTCTGTCGTAATTAGG,13,0.6247414704521984,negative
GAAGCCCAGCGTTGTT,3,0.8413624042391395,singlet
CTCCTTTCAACAACAA,13,0.7167243830067459,negative
TCATCCGGTGGCTTGC,10,0.8511654245653147,singlet
GTCATTTGTCTGTCCT,13,0.693279884266216,negative
TCCATCGCACTATCGA,0,0.9803446973264784,negative
GATAGCTTCTCGACCT,13,0.791131126049469,negative
CGAAGGACAAGAATGT,13,0.3864501460369791,negative
ACCATTTTCATGGATC,13,0.7059351388743238,negative
CACCAAAAGAACCCGA,13,0.6687751118783748,negative
CCTCTCCAGTAAGAGG,9,0.9007583800848712,singlet
GCCATTCAGCTCTATG,5,0.8759695189201113,singlet
TAAGTCGTCAAACGTC,9,0.8737370591416768,singlet
CAGCAGCAGGGCAATC,13,0.6830084816226798,negative
AAGGAATGTTGCAACT,13,0.7065821067763174,negative
GATCATGCAAACTCGT,13,0.7045833388656538,negative
AAGTACCGTTTGAAAG,13,0.707361484977316,negative
TACTGCCCAGGTTACT,11,0.8898577250311179,singlet
CCACCATCACTGTGAT,9,0.8258272728262567,singlet
GATCAGTAGGATGTTA,9,0.8149670017169687,singlet
GTCTACCAGGCCTAAG,13,0.4598311030402814,negative
AGTAGTCTCCATTGGA,11,0.8558867024348962,singlet
AAAGGGCGTGGGACAT,13,0.7761107529558732,negative
CCAAGCGGTGGGTATG,8,0.8244364033554641,singlet
CTGCTCAAGTTAGTGA,13,0.4845171987849614,negative
AGAGCCCTCTTCTTCC,3,0.8924623338115246,singlet
ACTGATGCATCTTCGC,12,0.8815519685629998,doublet
GTGAGTTTCTTACTGT,7,0.9564744474890108,singlet
TGGGCTGTCTTCTGTA,7,0.814920938859212,singlet
TATTGCTCATGTCAGT,2,0.8882119580705448,singlet
CAGCAATCATGGCTAT,13,0.7788806676365282,negative
TACGTCCTCGCTGTCT,7,0.8768973078491025,singlet
GGGTGAACATCCGTTC,5,0.8908698610043173,singlet
GTAATGCTCCACCCTA,3,0.904002721928119,singlet
GCACGTGGTCACTTCC,5,0.9039736686728111,singlet
ATGTCTTCAGCTCGGT,8,0.865639840549411,singlet
GCAACCGAGAGTACCG,13,0.7226353843759835,negative
ACAGGGAAGGGCGAGA,12,0.8936780421257784,doublet
GTAGGTTTCGAGATAA,11,0.8424074323210639,singlet
TTCGATTGTCGCGTCA,7,0.8422226429799693,singlet
TGATGGTCAGTTAGAA,4,0.8894294094195604,singlet
GTTGTGATCTAACACG,1,0.8897153166196885,singlet
TATCGCCGTTCCGCTT,13,0.6818049957296216,negative
AGTACTGGTACGGGAT,1,0.8603200596381002,singlet
TACGGGCAGCTTCTAG,12,0.8572995301884507,doublet
ATCGGCGTCACAAGGG,4,0.946809916368175,singlet
CGGAACCGTCGCATGC,10,0.836628134977099,singlet
GGGCTCACAGGCGTTC,2,0.8989185106574057,singlet
GGCTTTCGTCCAGCCA,13,0.5970006383503318,negative
CCGATGGGTACACGCC,4,0.8045107242571503,singlet
CTACCTGCAGGCGAAT,3,0.8214745645066368,singlet
GTTACGAGTGTTGACT,0,0.8747171902358849,negative
CTGGCAGAGGGAGGCA,9,0.8937089413812546,singlet
TGAACGTTCCAAGCAT,13,0.7167638044893367,negative
TGAGGTTTCAGCTTGA,6,0.9069162118292178,singlet
CCTCTCCTCTGTGCAA,13,0.7448984439104132,negative
GCTTTCGAGCAACAAT,8,0.9743454275924064,singlet
CTACCCAAGCAGTAAT,9,0.819101561475203,singlet
CTTGAGAGTCGAGTGA,0,0.8601807652533632,negative
AGTGTTGAGGCAATGC,13,0.7148957762019036,negative
TTGTGTTAGGAGAGGC,10,0.9052775370285764,singlet
GTCTGTCCAGTCAGTT,13,0.4610132759042536,negative
TCCATCGGTTCATCTT,1,0.9236742068293536,singlet
TCATGTTTCGGTAACT,13,0.1351034756030107,negative
GACCAATTCTGTCCCA,13,0.4436220474008013,negative
GGAATGGAGAAATCCA,10,0.835444560543805,singlet
TGAGTCACAGAACCGA,3,0.9269615084913404,singlet
GCAGCCAGTTGAGAGC,12,0.8185865218042766,doublet
ATTCCATCATCGGCCA,11,0.8790775466110015,singlet
GTAGGTTGTAGGACCA,5,0.9010285932702328,singlet
TTAGGGTTCCTAAACG,13,0.4935520357894937,negative
GTTAGACGTGGCCCAT,13,0.7937546271082899,negative
TCATCATCAAAGGGTC,13,0.6351867253513849,negative
ATCGTAGGTAGCGTTT,12,0.8628731027863478,doublet
GCGTGCATCGGTCGGT,10,0.8907330781761393,singlet
TTTCACATCCACTTCG,3,0.906057964513778,singlet
GCGTTTCCAGCGTATT,7,0.9103866068465156,singlet
GACAGCCGTAGTGGCA,2,0.8427913136658678,singlet
ACTACGAGTTATCTTC,9,0.8968235556217654,singlet
TCTCTGGCAGTTGGTT,7,0.9193968650034684,singlet
GGGACTCAGTGTAGTA,13,0.6351933462778712,negative
ATCAGGTGTTAGGACG,2,0.8591139243501601,singlet
GTCATCCTCTCAGTCC,5,0.8772303738221281,singlet
ATCGTCCTCGCTCATC,1,0.9998440958445244,singlet
ACACAGTAGCCAGACA,2,0.8643319357563227,singlet
CGCATAATCCTAGCCT,7,0.9096034356137236,singlet
CAAGAGGAGTTGAAGT,5,0.8935191650405115,singlet
AGGAAATCAGGTCCGT,13,0.7256700724201661,negative
TAACGACTCCAATCTT,13,0.7200034097304576,negative
TTGTTCATCAAGTTGC,1,0.8703870746511847,singlet
TACAGGTAGCGACTAG,3,0.8495541573743117,singlet
GCAACCGGTATGAAAC,13,0.1667030198685559,negative
CATGCAACACGCTGCA,13,0.7580660096695988,negative
ATGAAAGTCTAGTGTG,1,0.8702859575271321,singlet
ACCAACACACGGTGCT,13,0.7673525977822653,negative
TCAAGTGGTTCGTGCG,13,0.5601752133378622,negative
CGTGCTTCATAGCTGT,7,0.8538827879198485,singlet
TCACACCTCGAGAGAC,10,0.8582497042160654,singlet
TCCAGAAAGTCCCAAT,13,0.3921661185366251,negative
CCGATCTTCTCGTGAA,7,0.9179412073067128,singlet
AATCACGAGTCTAACC,0,0.8905250066812797,negative
TTGTTGTCAGCATACT,13,0.5687001684993553,negative
TGCACGGCAAGAATAC,4,0.9568131327768444,singlet
ATTCAGGGTCCTCCAT,2,0.8884031851293407,singlet
GGCACGTAGGATTTAG,12,0.8543924591459872,doublet
GTGTGATAGCGTACAG,13,0.4327697762131121,negative
CATTCCGGTCCACTTC,5,0.9565019746830844,singlet
GGTCACGAGCGATGCA,12,0.8572089881587867,doublet
TTAGGGTAGGAGAGTA,11,0.8377548580767891,singlet
AAACGAATCAAGCTTG,5,0.9801985619964796,singlet
GACCCAGCAACACGAG,13,0.6897485665785854,negative
GAGCTGCCAAATGCTC,3,0.9270515807919928,singlet
ATGATCGGTCGACGCT,13,0.6410038932238191,negative
TTAGGCACAACAGCCC,13,0.4542254445477992,negative
TGGATCATCCGGTTCT,5,0.99986053546206,singlet
AGATCGTGTCAGTCTA,7,0.9702451148822128,singlet
TGTTGGAAGCGCAATG,13,0.7182471499236187,negative
GGGACAATCTGAGCAT,13,0.2708336110312695,negative
CTGTGGGAGGTGGTTG,5,0.904275043514012,singlet
TGTAACGAGGCGTTGA,13,0.7483008737069212,negative
TGTGGCGGTCATGACT,12,0.8550573308661911,doublet
GATTGGTCAACCGTAT,7,0.9085971362666968,singlet
GACAGCCCAGCACACC,3,0.8865523924364669,singlet
GGGTTTATCGCTTACC,0,0.8889784629732332,negative
ACTGCAAGTCCATAGT,13,0.3658777486062188,negative
GTGTGATAGCTCCACG,13,0.3740944809217337,negative
GTATTTCTCGGCTGGT,5,0.8479030117085363,singlet
CCGCAAGGTTAAAGTG,3,0.8425182471013641,singlet
GGAGCAAGTTACCTGA,13,0.7439740190030526,negative
TCAGGGCCACATACGT,13,0.4343822292936077,negative
CGGGCATCATTCTCCG,5,0.906439747742604,singlet
TGTAACGCACAGTCGC,10,0.862366325053959,singlet
GAAGGACTCAACCTCC,7,0.8654613376768222,singlet
CATGCCTTCGCCGAGT,7,0.8314137247946815,singlet
TTTACGTAGCACCCAC,7,0.905972704885008,singlet
TGTCCCATCAGAGTGG,13,0.7933506531564569,negative
GCCAGGTCAGCTACAT,8,0.8593666269636738,singlet
ACAACCAAGGTACATA,8,0.9999999999999662,singlet
TGGGATTCAAACACCT,11,0.8827884536130925,singlet
CATTCATAGAACCCGA,10,0.8554734735474838,singlet
CTCCAACCAACGGTAG,12,0.8201488903457165,doublet
ACTATTCTCAGTCACA,13,0.7251724671653696,negative
AGTCATGGTTGTTGAC,10,0.8825012524598556,singlet
AGGTGTTTCAGCTCTC,4,0.8796421032287176,singlet
ACGGTCGGTAGGTTTC,13,0.7807577837880042,negative
AATGGCTTCATCGCTC,13,0.529532101847172,negative
CTGCAGGGTTGGATCT,13,0.5755518294099705,negative
GGGTAGATCCGTAATG,0,0.8461327525588787,negative
GTGCGTGTCGGCCTTT,7,0.8927464763817806,singlet
AGCTCAAGTTGCAACT,13,0.7900022428495004,negative
TAGTGCAAGAGATCGC,2,0.981978179011941,singlet
GTATTTCCACGATAGG,3,0.8395114665736316,singlet
CGTAAGTGTGCGTTTA,10,0.8044569035067205,singlet
TTCTTCCAGCTAAACA,8,1.0,singlet
CAATTTCTCTTACTGT,7,0.8405788504909499,singlet
ACTGTGATCCTGCCAT,13,0.6429361594676423,negative
ACATCCCGTACAAGTA,3,0.9113364377432908,singlet
CTAGACATCGTGGACC,13,0.7530321184844363,negative
GGCACGTGTTAGGGTG,13,0.7970192055117751,negative
CTGAGGCGTATCGGTT,13,0.7786480358111252,negative
TTGCTGCAGTAACCGG,5,0.9999530291156932,singlet
CCATCACGTTCGGTAT,13,0.6492195242655002,negative
CCGATGGCAGGTTCAT,1,0.8899332444089173,singlet
GACTCTCGTTCGTGCG,12,0.8010152945852985,doublet
TCAGTTTGTTCAGCGC,3,0.8995770271028258,singlet
GAATCGTCAAATTGCC,9,0.8818114686069684,singlet
TCGATTTCATACATCG,6,0.857443069563177,singlet
AAGCGTTTCGTCCTCA,10,0.9029080196319846,singlet
TGCTCGTCACAAACGG,5,0.9035636221496024,singlet
TCTGTCGCAGGTGTTT,7,0.8817870282619604,singlet
CTAGACAGTAGGCAGT,3,0.8835409958697892,singlet
TGGAGAGGTGTGATGG,7,0.901527524118886,singlet
ATCTCTACAGTCCGTG,9,0.857927008933982,singlet
AATCGTGGTTAGCTAC,8,0.883162217932612,singlet
TTTGACTGTGTGTACT,13,0.5401101206560114,negative
AAAGAACTCACAACCA,13,0.7345018410479494,negative
GGCAGTCGTACCTATG,10,0.8860695788750418,singlet
CCAATGAAGGTCCAGA,13,0.7808712775050376,negative
AAAGGGCTCCGATCTC,13,0.3173767241050274,negative
AGAGCAGTCTCCCTAG,13,0.7888543829352855,negative
TAAGCGTCACTTCATT,0,0.9750845229538428,negative
AGTAACCAGAAGGCTC,13,0.7015396846459526,negative
TGGCGTGAGAGGTCGT,10,0.99999999999996,singlet
TTTCGATAGACTCTAC,3,0.8462308014640534,singlet
GATCACATCTCATGGA,7,0.9629369690534514,singlet
TGCAGTAAGGTCGAGT,13,0.665452686892769,negative
TCGATTTCATTAGGAA,7,0.9067692854213928,singlet
ATCACGAAGCTAAACA,8,0.8989523643968153,singlet
TAACTTCTCCATCTCG,12,0.8866264552952619,doublet
AAAGGGCTCTTTGCGC,12,0.9190567225508712,doublet
CCAAGCGAGATGCTAA,11,0.8922685763335282,singlet
ATCAGGTGTATCATGC,12,0.8445364583581444,doublet
ACTTCGCCACACTGGC,2,0.8997052783889846,singlet
ACTATTCCATCAGCTA,4,0.8346263695514192,singlet
GACTGATAGGAAGTGA,5,0.906064093417868,singlet
TGGATGTGTTCTTGTT,4,0.98384539914201,singlet
CTAACCCGTTCCTAGA,4,0.8918143095566471,singlet
AACAAGACAGGTATGG,7,0.8105232708691287,singlet
TTGGATGGTCCACGCA,5,0.8580611546982699,singlet
ACTTTCAGTATAATGG,12,0.9108528164972868,doublet
AGTGATCGTATGATCC,13,0.7818769512521098,negative
ATGCGATCACCAGTTA,1,0.8465887331417193,singlet
CTGCTCAGTGACCGAA,3,0.8474576981108891,singlet
CTACCTGTCGTTGTGA,9,0.9029746995750716,singlet
AGGTCATGTTCCGCAG,6,0.8108730629893911,singlet
CTGCGAGCATTCCTAT,9,0.9065376164380156,singlet
CCAAGCGTCTGGGAGA,8,0.8649119927580186,singlet
CTGTCGTCAACTACGT,13,0.4945008644497312,negative
TTGGGCGAGCACTCCG,5,0.8175457476274698,singlet
TTCCTCTTCCACTTCG,5,0.884197877752477,singlet
CTAACCCGTATGCTAC,13,0.3766202542362988,negative
TACCTGCAGCGTTGTT,5,0.837575663924849,singlet
GGTAGAGTCCGTCACT,8,0.9467005664389572,singlet
AGATCCAGTGGCACTC,8,0.915628544705102,singlet
GAACTGTAGTGCCGAA,9,0.9192237515578704,singlet
GATGATCTCCGCAAAT,5,0.8956660277885738,singlet
GATCACACAGCTCATA,0,0.8971665244817301,negative
GCGAGAAAGGTTCTTG,11,0.8615020634883997,singlet
ACGATGTCATGTACGT,1,0.8840670859477971,singlet
CCGCAAGTCTATTGTC,10,0.925312478182473,singlet
ATACCGATCTTTGGAG,10,0.9389052920740606,singlet
CTGGCAGTCCGATGTA,13,0.7625857576414854,negative
GAAACCTCAAGGACAC,9,0.8639819072246158,singlet
TTCACGCTCCACTGAA,13,0.6562730241126762,negative
ACAAGCTGTATCGAAA,13,0.702255159497141,negative
GTAGCTACACGACGTC,7,0.8520045088009669,singlet
GGAGGATTCGGATACT,13,0.6806303910064252,negative
GTTCGCTCAGATTCGT,13,0.7663407894997352,negative
CGGACACGTGGAAGTC,3,0.9095601158818828,singlet
CCACGAGGTCCTTAAG,8,0.9208312550461776,singlet
TGGTTAGCACGCGTGT,13,0.5351512273697424,negative
TGTAAGCTCTACCTTA,10,0.8816160475560192,singlet
TCACTATCATCGAGCC,13,0.5061808309827511,negative
TCGTGGGTCGCTGCGA,12,0.8749613735560696,doublet
CAATTTCGTGTCTTAG,8,0.8884530271944309,singlet
GTCACTCGTAGGAGGG,13,0.558366703826002,negative
GGCTTGGGTTCGAGCC,7,0.882938264876015,singlet
AGTAGCTAGCGACCCT,3,0.896386018543052,singlet
CAGAGCCAGTGCAGCA,4,0.8865685036181974,singlet
GATCACAGTGCACAAG,8,0.9670449337399668,singlet
ACTCCCAGTGCCTGAC,9,0.8178535446092704,singlet
CTAGACACAGGGAGAG,13,0.5491851008929357,negative
CTGTGAATCCGACAGC,13,0.5466885842546217,negative
CTGCCATGTTAGGACG,7,0.8443443763958108,singlet
CGCGTGAGTGAGACGT,13,0.5504208067873012,negative
TGGGAGAGTGGTCCCA,5,0.9111910208699284,singlet
TGTAACGCACATTCTT,7,0.8933266999367114,singlet
GAAACCTGTATCAGGG,9,0.8926960868330479,singlet
AGTGCCGGTGGCTGAA,13,0.6329103813900869,negative
TACTTCATCCATCTGC,8,0.822261850360876,singlet
AGACCCGCAAATCGTC,2,0.91812847161332,singlet
GATCACAAGGAATGTT,13,0.5617710395169149,negative
GTAGGAGCATTGAGGG,9,0.8776245334679361,singlet
GGTTGTACACCGGAAA,8,0.9159646240682968,singlet
CATTCATGTTCGGTTA,5,0.8908087104988232,singlet
CTGTATTGTATGGGAC,13,0.4642264008112703,negative
GAGGCCTCACATTCTT,13,0.7090556831641487,negative
CTATAGGTCGAACGGA,12,0.8215873632328982,doublet
AGTCACAAGAAACCCG,0,0.9262540615066504,negative
GACTGATAGAAGGGAT,6,0.8236689905278486,singlet
TCCTGCACAAGGTTGG,3,0.8870180971884488,singlet
TTCTCTCCAGGTCTCG,8,0.8814635495744717,singlet
GCAACATGTATTCCGA,8,0.9062923344727624,singlet
CATGCAAGTTTCTTAC,13,0.74478016835263,negative
AGCGCCATCGATAACC,0,0.8018541487777076,negative
TACCTCGAGCGTGTCC,8,0.8979087309112588,singlet
CTTCGGTTCCGCACTT,5,0.9023663384955892,singlet
CACTGTCAGCGTGTTT,8,0.9017304568768538,singlet
CAAGAGGTCACGTAGT,6,0.8174853756003806,singlet
AGGTTACGTTATGTGC,2,0.876722096700556,singlet
CCACAAAAGTAGTGCG,9,0.9048954292553034,singlet
CATGAGTCAGGCATTT,2,0.8733506662629442,singlet
GCGATCGGTTGCATGT,5,0.9059247592137264,singlet
TCTAACTAGGAGAGTA,10,0.8919870868297637,singlet
GGCGTCATCCGTGGCA,12,0.8348636931553178,doublet
GTTCTATCAGATCACT,11,0.8287531415808376,singlet
TCGGGCAAGTCGCCAC,13,0.6545143906864102,negative
TTCACGCCACTTGGGC,13,0.7596157931409313,negative
GAGTTGTGTTAAGTCC,5,0.8527521596183688,singlet
ATGTCTTGTGGCCACT,2,0.89201503339348,singlet
AGATCCAAGACCAAAT,13,0.7889759206087954,negative
CGTTAGAGTTTGTGGT,8,0.8641217207645961,singlet
CTCCTTTCACCAGTAT,2,0.8836583090916473,singlet
AGAGAATTCGACGCGT,13,0.4650209705823185,negative
AGGAGGTAGGGCTTCC,5,0.8008968080072306,singlet
TATCCTAAGGCCCACT,5,0.9095587560453332,singlet
CTACCTGCAAGTGGCA,10,0.9347329906695796,singlet
TCGCAGGGTACATACC,3,0.904852393434552,singlet
CCTCACAAGGTCCGAA,8,0.8555558662578471,singlet
CAATCGAAGGATTTGA,0,0.8753637051538162,negative
ACGGTTACACTGCTTC,13,0.6349502181527817,negative
ACCTGTCGTTGCTCCT,12,0.8863234368825013,doublet
TCGTCCATCTGCAGCG,11,0.8520674485711183,singlet
AACACACGTACGGATG,9,0.9006253323105997,singlet
CCTCATGCAGAGATGC,3,0.8163270653687886,singlet
GCTACCTGTCACTAGT,8,0.848918657020114,singlet
ACAAAGAAGTAGTGCG,12,0.8555666422405984,doublet
CGGAACCCAATCGCGC,10,0.8453316357785275,singlet
TGTGCGGAGGCGCTTC,6,0.8600272435980284,singlet
GGTGAAGGTTCTGACA,7,0.9113193948275156,singlet
CCATCACCAATCTGCA,13,0.6656265111651231,negative
CATCCCAAGCAGCGAT,13,0.7400881793267209,negative
AGATGAAAGTACAGCG,13,0.7079585588640699,negative
GTTGTGACATGATAGA,8,0.8494985045840574,singlet
CGAAGGAGTAAGATAC,8,0.8637561075385528,singlet
AGATCGTGTTGGATCT,8,0.9178975549957454,singlet
TGTTCTATCGTGCAGC,4,0.8758683978427716,singlet
ACGGGTCAGGTCGTGA,6,0.8929323653179434,singlet
TCCCATGAGGTTTGAA,13,0.7347674007840612,negative
AGGCCACAGTCTAGCT,13,0.5844173916365453,negative
GATAGCTAGACCAAGC,4,0.8786031164600588,singlet
TGTGAGTGTCTTAGTG,9,0.859997825772324,singlet
ACGTCCTCATCGCTCT,2,0.8756230104940558,singlet
CGAATTGTCATGCCCT,13,0.5561333886282666,negative
GTGTGGCTCTCGCCTA,4,0.8807979856151329,singlet
AGTTAGCAGCGATGGT,9,0.8963172536801861,singlet
CTGCGAGCAAGAGATT,0,0.8291267425369223,negative
CGTGAATGTGTGCCTG,6,0.8804707757839064,singlet
TGCGGCAGTGCGACAA,13,0.6493783197667716,negative
CCTGTTGTCGGTAAGG,5,0.9056423017888762,singlet
GTGTAACTCTTAGCAG,11,0.8184493523523189,singlet
GTACAGTAGAGGTGCT,12,0.8940884421869824,doublet
TGTCAGACACTCCCTA,1,0.8133977342205588,singlet
TCCCAGTCACAGCTGC,13,0.7143868494884364,negative
GTTACGACAAGACGGT,2,0.8840708600712436,singlet
CAATTTCTCAAACCCA,1,0.8802170676211231,singlet
TGGAGGACACGCACCA,13,0.691565007209632,negative
GTTCTATGTGATCGTT,2,0.8876992633204202,singlet
CACTAAGTCCTACGAA,13,0.613439909339259,negative
GTAGCTACACGGTAGA,2,0.8599100466314924,singlet
GTGTCCTTCCTGTTGC,3,0.841532430068736,singlet
CTCGAGGCATCACCAA,13,0.6919169858424319,negative
TAAGCACTCAACTCTT,7,0.8998558123112453,singlet
GAGTCTAAGTCCCGAC,6,0.8098224208364848,singlet
ATCCCTGTCCATGAGT,3,0.8284859469656936,singlet
CAATTTCGTGAGGAAA,10,0.884435428178253,singlet
TGGTACAAGCATCTTG,10,0.8599793360511075,singlet
ATGGAGGCAGAACCGA,13,0.4520778531821175,negative
GCCCAGAGTACCGTGC,13,0.4581807106843987,negative
CTGTATTTCGAGAGAC,10,0.8099726049504131,singlet
CATGCCTCATTGTCGA,7,0.895892238681222,singlet
GGGACAATCGTCAGAT,2,0.9412659592105246,singlet
TTCCAATAGTCCCAAT,9,0.9043316743007176,singlet
CACTGTCTCGGCTGGT,0,0.9343881673038352,negative
GGGTTATTCGTCACCT,11,0.9012038730402008,singlet
GTAATGCGTCCCACGA,8,0.8273540163226935,singlet
AGACAAACACCTGTCT,8,0.934049694907344,singlet
TTCCGGTGTCGGCCTA,3,0.9065482670585115,singlet
AGGCATTTCAACTCTT,11,0.8644175183405753,singlet
CTGTGGGTCAAGCCGC,5,0.824468970017055,singlet
TTCATGTAGTTAGTGA,9,0.9087016859873844,singlet
TATACCTAGTGTCATC,8,0.9113529629391346,singlet
GGTTGTACACCCTTGT,2,0.9222752657051184,singlet
CATGAGTAGGAGAATG,8,0.9431974595448938,singlet
CAAGACTGTTCGTGCG,13,0.7814212886476054,negative
TTCTCTCTCTACTGAG,0,0.8760695735852787,negative
CCACAAAGTAGCTCGC,13,0.489664100387939,negative
CACAGGCAGAGTTGTA,11,0.9027545287601538,singlet
CATACCCTCCGCACGA,7,0.8394558960055727,singlet
TTCTGTACAAACTGCT,6,0.951454824044594,singlet
GGATCTAGTCGGCACT,2,0.8768942705347413,singlet
GATAGAAGTTGGGACA,13,0.6687186540482144,negative
CTCATTATCTGGACCG,12,0.8597909314033271,doublet
AGAACCTGTTGGGATG,13,0.6558746359129511,negative
GTCAGCGCATGGGATG,13,0.7485324695575392,negative
GTCGCGATCAGGACGA,13,0.7642711200441937,negative
GTCATGAAGATCGCCC,13,0.7026661985175039,negative
TTAGGGTGTTGCTCAA,10,0.829845926325419,singlet
TCATCCGAGTCATGAA,13,0.7831915034249807,negative
AGGTGTTCAGGACGAT,4,0.9100440143204066,singlet
TGTTCATCATAGGCGA,13,0.6575178988568214,negative
CATTCATGTCTAACGT,11,0.9013294324492318,singlet
TTTGGTTTCTCGTGAA,8,0.8763283419971991,singlet
CGTTGGGAGTACCGGA,13,0.760648938817488,negative
GGCTGTGAGCGTTGTT,5,0.830211313260452,singlet
TGCATGAAGATGCCGA,13,0.7251935553190515,negative
TGTGAGTGTTCCTACC,8,0.8533752266102727,singlet
CGAAGTTTCCTCACGT,10,0.8712308115620527,singlet
GCTGGGTCAGCTCCTT,7,0.860607408115521,singlet
GATGACTGTAGTGGCA,12,0.8243150656564975,doublet
TCGAAGTAGGAAGTAG,1,0.9156192340538252,singlet
TAAGCCAGTTGGGATG,9,0.8018190937119907,singlet
TTGTTCATCAGCTCTC,10,0.827444741319663,singlet
TAGGAGGCATGGCTGC,10,0.8347300416712362,singlet
ATTTCACAGTCACTAC,9,0.901526520480062,singlet
CGTTGGGGTTGGTACT,13,0.7863212845871824,negative
GAGTGTTTCAGACAAA,10,0.9394106100922708,singlet
GATTGGTTCGGCATCG,9,0.8936922258867437,singlet
GGGCTACCAGAATTCC,7,0.8982908365352207,singlet
GACATCATCTGATGGT,12,0.8742096042154096,doublet
GTCATGAGTAGCTTGT,12,0.9238033936146058,doublet
GCGGATCTCATTTACC,10,0.8019732638793318,singlet
TGCTTGCCAGAGGTTG,1,0.8318920403014773,singlet
AGGCATTTCCTACGAA,13,0.3300042094754875,negative
GTTTACTGTGATACCT,10,0.8350667787247285,singlet
AGTGACTCATTAAGCC,13,0.759661048690093,negative
TGAATGCAGTCGAAAT,5,0.8882324214727569,singlet
TTACTGTGTCAGACTT,1,0.8919577641063767,singlet
TACCTCGCATCTGTTT,2,0.9411764341405952,singlet
TGTGCGGCACCGCTGA,4,0.8681775917674603,singlet
TGCCGAGCAACTCGAT,13,0.5187019383159336,negative
AGTTAGCGTCCACACG,13,0.6815219297915207,negative
GTAGCTAGTTACCTTT,9,0.864686250901956,singlet
GTTGTCCGTAGGAGGG,5,0.897486354834064,singlet
GTCTCACCACCCAATA,7,0.9184270074686532,singlet
GCTTGGGAGTGCACTT,4,0.9331622724961056,singlet
TGTGTGAAGCCGTTGC,13,0.4885020416281667,negative
AACCTTTCAGGATTCT,7,0.9148187398000456,singlet
AGTACCAGTCAAGCCC,3,0.8327028052644757,singlet
AGCGCTGGTAAGATCA,6,0.906594911238065,singlet
GTGCGTGAGTCTGTAC,1,0.8891405066031621,singlet
GTTCGCTGTCATATGC,13,0.3812327615050294,negative
GAACGTTCACGAGAAC,3,0.9068311617792616,singlet
TGCGGCAGTATCGAGG,2,0.8224111439773854,singlet
CAACCTCGTGAGACCA,2,0.8477872569996993,singlet
GACCAATCACGGCACT,13,0.5492876234148134,negative
CTGCATCGTAGCTGTT,0,0.8594732349563727,negative
CAACAACCACCTCTAC,2,0.8281319454928812,singlet
TGTGCGGGTCGTCTCT,13,0.757506986440642,negative
TGCTTGCCAATAGAGT,3,0.8958172081085009,singlet
TCGTGGGCACGCGCAT,9,0.905621776467978,singlet
TGGGATTGTCGTTGGC,6,0.842495989067002,singlet
CTCTCAGGTACACGCC,13,0.721792207726287,negative
TAGGTTGCACCATTCC,13,0.7488473085169292,negative
TGGTGATTCTTCTCAA,11,0.8648622243522366,singlet
GACCCAGCACTGAATC,13,0.3782929927485948,negative
TGTGATGAGCCAGACA,13,0.7253593849157541,negative
TATCTTGGTGGCGTAA,1,0.85946073809271,singlet
TCCATGCGTAGAGATT,4,0.8306035527641537,singlet
TTCATTGGTATGTGTC,0,0.8631460374205688,negative
CCCGGAATCCTCTAAT,12,0.886954107260142,doublet
TGGGATTGTGTAGTGG,12,0.8754487318826215,doublet
GAAACCTAGTGCAGCA,8,0.904071851468668,singlet
TACTTACGTCGGCTAC,0,0.8546868136348951,negative
TGTCCACGTTCGGTTA,7,0.880047236537822,singlet
TGGGTTAAGCTGAGTG,8,0.8914738017158242,singlet
AGATCCACAGGCCCTA,0,0.8865840766002585,negative
ATTCTTGTCTCCTGTG,6,0.8766943674555514,singlet
GTAAGTCAGGCCTGAA,13,0.7268653961630871,negative
AGAGAATTCTGGTTGA,2,0.8803766920648417,singlet
TAGGTACGTAGCGTAG,3,0.9133993879767706,singlet
GTTACAGGTTATTCCT,6,0.9048764194273816,singlet
CTTGAGATCTCAGGCG,9,0.9061478361907828,singlet
ATTACTCGTATCCTCC,0,0.8785479955723459,negative
CGCCATTAGCGCCTTG,11,0.8823858868750672,singlet
TAACGACTCTACACTT,6,0.8418422676451831,singlet
AGCTTCCTCCGAAATC,1,0.9082624343971012,singlet
GCTTCACTCCATACAG,8,0.8864170754369525,singlet
TCCCAGTGTTACGATC,12,0.8998520907860261,doublet
GGTGTCGTCTCGGTAA,0,0.9324869029500356,negative
GGGTGAAGTCTAACTG,13,0.528774259380712,negative
GTCCTCACATCGCTAA,4,0.8766058128221911,singlet
CGTTGGGGTAGCTAAA,9,0.8985933784365996,singlet
TAGACTGTCGATTTCT,13,0.4741306738186976,negative
CATGCGGGTAAGTCAA,13,0.7645574172491842,negative
ATTGGGTGTTGCTCAA,10,0.9313886236749438,singlet
GACTTCCCACAAATAG,8,0.97815070566059,singlet
GCATTAGTCAGTAGGG,6,0.877908588147563,singlet
CATCAAGAGGCTGTAG,13,0.3791970750590691,negative
CATACCCAGTTTGCTG,13,0.7757474970138707,negative
GCCCAGAGTTAATCGC,13,0.5969275549894529,negative
ATGATCGGTTATGGTC,13,0.6843210253726244,negative
TGATGGTGTGGTCCGT,13,0.789896459434461,negative
CGTGATAGTTAGCTAC,8,0.874301118708561,singlet
TTGGTTTCACTGGAAG,5,0.9566022780822732,singlet
CCTGCATGTCGTATTG,4,0.8196358022564126,singlet
CTCATTATCGTAGGGA,13,0.79159419364307,negative
CTCCAACAGCGGGTTA,13,0.6421313615321945,negative
GTCTCACCAAATGAGT,8,0.8912074202674831,singlet
CGACAGCCAGATACTC,13,0.7629411003343102,negative
AGCGATTGTATCACCA,12,0.8851341146069135,doublet
ACCCTCAGTAGGCTCC,2,0.846850749250052,singlet
CGAAGTTCATTCTTCA,7,0.9111060358372056,singlet
TTGCTGCGTCCCTGTT,13,0.7402623317974564,negative
ATCTTCAGTAAGAACT,8,0.8220574547288546,singlet
AGACACTTCAACACCA,13,0.7755943853502415,negative
CTGCGAGTCGCTGTTC,13,0.7460923136382874,negative
CCACGTTAGTTTGGCT,9,0.8689962889955829,singlet
GGGACAAGTCATCGGC,8,0.9023839258940208,singlet
CGCCATTAGCGTGCTC,13,0.6869263849601961,negative
GTCATCCCACTTCAAG,13,0.7271549637973338,negative
TGAGACTTCCCATAAG,5,0.8695315781514154,singlet
CCTATCGCAACTCCCT,0,0.8538945565969704,negative
GTCATGAAGCCGTCGT,8,0.8761063338799789,singlet
TGCTTGCCACGTTCGG,6,0.8134235192480885,singlet
TGCAGTAAGAGTCAGC,6,0.891896053419644,singlet
CAACCAACAAGGCCTC,3,0.9060044673596994,singlet
CAAGAGGGTCCCACGA,9,0.9672883299765536,singlet
GTTGAACGTTTGACAC,7,0.9060034871557456,singlet
CTCAATTAGCGATGAC,5,0.8684362044265933,singlet
GGGACCTTCTTGGGCG,3,0.8875352859888144,singlet
TGGAGAGCACAACCGC,5,0.8393914532146568,singlet
AAGCGAGAGGTAGTCG,3,0.8310167999321704,singlet
CCACAAAGTACCTAGT,2,0.8493344980387599,singlet
CTGCGAGGTGTGTGGA,9,0.9011742412344916,singlet
TCGGGTGGTAGGGTAC,2,0.8395177687138402,singlet
CTTCCGAAGTCACGCC,0,0.9157212126088494,negative
GTATTGGCACCGTCGA,2,0.9088505762465942,singlet
CACAGATAGTTGGCTT,7,0.8636380211044065,singlet
GTCATCCAGCGATGCA,7,0.8609572102642848,singlet
CAACCTCTCCCTTGTG,13,0.2789908670923504,negative
TGAACGTCATTCAGGT,10,0.8365041836310649,singlet
TGGGCGTCATGACTGT,13,0.7793699476732486,negative
CATGGATCACGAGGAT,13,0.7240761930176823,negative
ATGAAAGTCTTCGCTG,1,0.9674774530741684,singlet
CTCTCGATCATGTCAG,2,0.8860106686118064,singlet
CATTGAGGTACTCGTA,13,0.7957084916644697,negative
AGAACAACATAGCTGT,13,0.1159527272933663,negative
AGATAGATCGGTAGAG,7,1.0,singlet
GCTTGGGTCATAAGGA,3,0.8782116255330396,singlet
CTCAACCCATCGAACT,2,0.8795320660461642,singlet
GTAGATCCACATGAAA,11,0.8331161230000458,singlet
CACAGATGTAGCACGA,4,0.8799083803067266,singlet
TCCTTTCTCGTTGTTT,0,0.9767146739091266,negative
AAGACAAAGCCAGAGT,9,0.8687518383829501,singlet
GACATCATCAGGGTAG,9,0.8749829625925867,singlet
CTGAATGTCTGACAGT,13,0.4135146560374496,negative
CGAAGTTGTAGGTAGC,3,0.865191248115032,singlet
CCTACGTCAGGTCTCG,5,0.9052409542474616,singlet
GGAATGGTCGTTCAGA,5,0.8504997343659171,singlet
TCCCAGTAGGCCTTCG,13,0.7801261556821918,negative
TAACGACTCAAACCCA,7,0.9022049892974976,singlet
TACAACGGTCTCTCAC,13,0.5392874455074044,negative
CAGATCATCTGTTGGA,13,0.6616962870849739,negative
CACGAATAGACGCATG,10,0.9087240216182144,singlet
AGATGCTTCCGAGCTG,2,0.8841489175664818,singlet
GTACAACCACTGAATC,7,0.906932028709428,singlet
TCCTGCATCAGACCGC,1,0.8482138133571833,singlet
GTGTCCTGTCATCTAG,7,0.8320459134206105,singlet
TCTGTCGTCGTAGCTA,9,0.922678148082381,singlet
TATCCTATCTCCCTAG,13,0.7718290131224244,negative
CACAGGCCACGCTGCA,10,0.8543031663615065,singlet
CTCTCAGCAACCAACT,4,0.8298789931531678,singlet
AGACCATGTACCACGC,5,0.8420623124019059,singlet
TACGGTAGTCTCTCCA,5,0.9046917616841558,singlet
TCGACGGGTTAAGGAT,10,0.8048804001877523,singlet
GCGAGAAGTGCATACT,13,0.7968992674450305,negative
TAGGTTGGTTCCGCTT,4,0.8678910456060847,singlet
AGCGTATTCAATCTCT,4,0.9999878697303902,singlet
GAGGGTAGTACATACC,5,0.8829093943473914,singlet
TCTCAGCGTCTGTCAA,7,0.9080685224163254,singlet
GCCCGAAGTAAGTAGT,3,0.8628783499982978,singlet
TATTGGGTCATTGGTG,13,0.2810989099065594,negative
GCACGGTTCCACAGCG,7,0.8790044709750793,singlet
CTCAGAATCATGAGGG,2,0.8769805986621478,singlet
ACTATTCGTCAGTCGC,12,0.9107607147691344,doublet
TATACCTTCATTTGTC,3,0.9178525613555668,singlet
CATCCCATCTGGAAGG,11,0.8455785896292562,singlet
TTCACCGTCTGCACCT,1,0.840382122852805,singlet
CAGGGCTGTGTTCAGT,13,0.7946802483626819,negative
AGGAAATAGTTCCAGT,2,0.8858901002836577,singlet
CGGGTCATCGCAGTGC,4,0.8361875847190103,singlet
TCACTCGCAACACACT,0,0.8667216134119243,negative
CTCCACATCAGCAATC,9,0.8994277869883884,singlet
CAATACGAGGCGCTTC,11,0.9268361394679387,singlet
CTCCTCCCAAACCACT,1,0.8864125772957626,singlet
AGATCCAAGTCGTTAC,3,0.9015800915166008,singlet
TCCCATGGTTGCATCA,13,0.7766062659337142,negative
TGATCAGAGGTAAGTT,10,0.9073818634617944,singlet
AGCGCCAAGCTCTGTA,13,0.609995943884691,negative
GGGCTACTCGGTATGT,6,0.8755721180994288,singlet
ATTCCCGCATTGCTGA,7,0.890596220438084,singlet
TGTGATGCAGATACCT,13,0.5262928799593237,negative
CATACAGGTTTCGGCG,13,0.7378725940134679,negative
AGCTCAATCTACTCAT,10,0.8436261913669975,singlet
ATTCATCTCCGTTTCG,2,0.8953383304141872,singlet
AGGTTGTGTTTACGTG,11,0.8796201644978151,singlet
CCGTTCATCGTAGCTA,10,0.815618931075248,singlet
ACACCAACACCTGATA,9,0.896631473464914,singlet
AACTTCTCAAGAGGCT,9,0.9200034498149088,singlet
AGGCTGCCAATATCCG,13,0.7606502058579014,negative
CGCCAGACATCCGAGC,8,0.8884132126258778,singlet
TCAGTTTGTGGACAGT,13,0.7720940161211006,negative
TGTAGACGTAACACGG,3,0.8780200376973868,singlet
GTGAGCCCAGGACATG,0,0.8512809245021946,negative
TGTCCTGCAGTCGGAA,13,0.7783077887834206,negative
AGTACCAAGATCACTC,2,0.8209418634295639,singlet
ACTTTGTGTCGTACTA,13,0.7277757033999106,negative
TGTTTGTAGAGAGGGC,2,0.983092835244882,singlet
AATGGAAAGTAAACAC,4,0.8429483839955355,singlet
GGGATCCAGGACAGCT,4,0.9344949824608414,singlet
CAGGGCTCATGTTTGG,2,0.844632387648465,singlet
GATCACACAGAACTAA,8,0.8969436912821755,singlet
GGGACCTAGAAGGATG,13,0.4004984209487622,negative
GTTGCTCAGAGGTGCT,7,0.922513707101116,singlet
GACAGCCAGCCTGCCA,13,0.6526047920663864,negative
CGAGAAGTCGAAACAA,13,0.6871875941551995,negative
GTCACGGGTTGCATGT,12,0.905585121741174,doublet
AGGACGAGTTCTCGTC,5,0.8091237514706682,singlet
CCTGTTGAGTCACACT,13,0.5905754914033967,negative
GGTAGAGGTATGACAA,9,0.8910792284976622,singlet
CTGTAGAGTCGCGTTG,9,0.9041851261390322,singlet
AAACGAATCTCGACCT,3,0.8538176570858221,singlet
TCGATTTCAGGCACTC,2,0.8276213287621165,singlet
ACTGATGAGCACCGTC,13,0.7503500217634886,negative
CGTGTCTAGCTCCCTT,13,0.7286684811585015,negative
CTGAATGGTGAAGCTG,7,0.8877787619414339,singlet
TCATTCACAGCCGTTG,1,0.999782638703792,singlet
CTCAATTTCGTTCGCT,6,0.8196471775330991,singlet
AGGGCCTCAGCCCAGT,7,0.9110752159443524,singlet
AAGTGAATCCCTCGTA,9,0.8876805215562007,singlet
TCACACCGTCGCTCGA,0,0.8813322808408492,negative
ATGGAGGGTAGCACGA,7,0.8542266163802984,singlet
CTGTGGGTCACGGTCG,9,0.940865364031795,singlet
TCTCACGGTTGTATGC,4,0.8203529701553629,singlet
GTCTAGAGTCTCGACG,13,0.7437994109518339,negative
TCGTAGACAGTCTGGC,13,0.7309499052683293,negative
CTACATTGTTGCCAAT,6,0.8444896934101421,singlet
TCCTAATAGGCTTAGG,12,0.8919773847834768,doublet
ACAACCAAGTAACCGG,5,1.0,singlet
CTCCATGCACCGTGGT,3,0.8453112969860647,singlet
GGGATGATCAGAGTGG,7,0.9099985378479878,singlet
TCTATCAGTGCGTCGT,3,0.8242829364741787,singlet
GTCGTAATCGGTTCAA,5,1.0,singlet
TAACACGTCACTGGTA,13,0.7959311422923103,negative
TGTCCACCACAACGAG,8,0.90404563578002,singlet
CGTAATGAGATGTTCC,13,0.4354436541499323,negative
ATGTCTTAGGCAGTCA,8,0.8840749817638124,singlet
CACAGATAGTATGATG,13,0.7446499832132205,negative
AACCCAACAGTAACGG,5,0.903973755623638,singlet
TTCTTCCAGCCTATTG,9,0.8369473338042377,singlet
GGTTGTATCTTAGCCC,0,0.8874525469324944,negative
AAGTGAAGTGCCAAGA,3,0.8036033730086262,singlet
CGGTCAGCAGCGTACC,13,0.7931475605677406,negative
GGCTTGGAGGCCACTC,9,0.8423543508755761,singlet
CGCGTGATCGTAGAGG,2,0.8244596296228992,singlet
TCAAGCAGTTACGCCG,10,0.8985909088513261,singlet
TCGAAGTAGTAAGCAT,13,0.7171475604802917,negative
GAAGGACAGGTCATAA,0,0.8719144638672732,negative
TCATTTGCATACTGAC,4,0.9130288816714138,singlet
CTACGGGAGTCTACCA,13,0.6066785749685416,negative
CGTTAGACAGTGGCTC,13,0.5258193261958487,negative
ATTACTCAGTCAGCGA,5,0.854446818140621,singlet
GTTTACTGTACCCGAC,8,0.8972534255792117,singlet
AAACGAAAGAGTCAGC,0,0.880561990852763,negative
GAAACCTTCGCTTGAA,7,0.901230469040306,singlet
CACGGGTCATCCTATT,13,0.7905048782942007,negative
CAAGACTAGCAATAAC,13,0.5155442557433338,negative
TCCTTCTGTTGCATTG,6,0.8903509486219732,singlet
TAGACTGCAGCAAGAC,9,0.8174453112812928,singlet
AGGATAACAACTGAAA,9,0.8182883903365098,singlet
CCCAACTTCCACCTGT,5,0.8877179768269843,singlet
GCGGATCGTACTCGTA,12,0.8502715576694222,doublet
ATTCCCGGTCTTTCAT,2,0.8460014637388427,singlet
CTTGAGAAGTACGAGC,2,0.8898430310845052,singlet
ATGGGAGCAGGAAGTC,11,0.8823563134976564,singlet
TGTGGCGTCCTCTCGA,13,0.5130094209676342,negative
CTGGACGCATGTTCGA,13,0.792008643919642,negative
AGAGCAGAGAGCATAT,9,0.9059653333336044,singlet
GTGAGGAGTCTTGTCC,8,0.8996347322181004,singlet
TGCAGATTCCGCAAAT,2,0.8605753078139498,singlet
GTCTCACGTTCGTACA,7,0.9099228751312392,singlet
TCATTACCAGGACTTT,12,0.8566537968289168,doublet
GCCGTGATCTATCACT,2,0.9453299294337,singlet
TGCAGATAGACGGAAA,13,0.733306578585255,negative
GGAGATGCAGTTAGAA,8,0.903068395138894,singlet
GTGTTCCCACAGTCCG,1,0.8418630124418945,singlet
AGCTACAGTCGGAAAC,9,0.869954148280738,singlet
CTCCCTCCAAGTTGGG,0,0.8296556053211387,negative
TCCGGGATCTTAGGAC,3,0.9137955973591546,singlet
CATCGGGAGTGGCCTC,10,0.8871717941988235,singlet
AATGGCTAGTCCTACA,10,0.8400757764607633,singlet
TCGGATACAACGACAG,0,0.9640051007652356,negative
TTGACCCCATGGATCT,6,0.880919594750515,singlet
CCACGAGCACACACTA,13,0.5402665813431249,negative
TCCTGCACATGGAACG,13,0.7872581978218381,negative
AGGACGACAAGTGGAC,13,0.4931203708283199,negative
GTTGTGACAACACTAC,13,0.7624609666073421,negative
CGAGGCTTCCCTTGGT,8,0.8763529116710471,singlet
ACTTAGGAGAGCCTGA,13,0.782199663968676,negative
AGATAGAGTAATGTGA,5,0.955397586794377,singlet
ACGGTTAGTGTCCGGT,12,0.927565313309952,doublet
GGTGTCGCAAGGTTGG,5,0.8288280815623986,singlet
GGAGGTACAATACCTG,5,0.8949712644361998,singlet
GGTAACTTCTGGGAGA,13,0.7648717990583207,negative
AGAGAGCTCCACGGAC,0,0.9151815404041016,negative
CCCTCAAGTAGCGCCT,13,0.7928943333295368,negative
ACTGTGATCAGTAGGG,8,0.8577092447720329,singlet
CATCAAGTCGTGCGAC,13,0.7574477535311013,negative
CCCGAAGGTTGCCAAT,13,0.5383198919910842,negative
ATTTACCCAGGTTCGC,13,0.5883590993958502,negative
GCAACATGTCTGTAGT,1,0.8845505778520989,singlet
CTAGGTACAGCACCCA,13,0.4528005142801963,negative
GTGTGATTCACCGGGT,9,0.8766656819641273,singlet
GCAACCGTCCTGGTCT,9,0.8856292191218744,singlet
ACACAGTGTGTCTTCC,6,0.8887154830727482,singlet
ATCCGTCCATTACTCT,7,0.9134461993940786,singlet
TTGGGCGCACGTCTCT,13,0.5700404180830595,negative
CGAGGCTGTACCACGC,3,0.9577887166810344,singlet
TAACACGAGGGTCTTT,12,0.8031066723008299,doublet
CCTTGTGGTCGAGTTT,1,0.9066733812809052,singlet
AACAGGGAGGACTAAT,7,0.8860946753234741,singlet
ATATCCTCAAGAGTAT,3,0.8715106142207356,singlet
CATGCGGCAGGTTCAT,2,0.9005938750615593,singlet
GAACGTTAGGTGAGAA,10,0.8923462170695604,singlet
GTAATGCCATTCAGCA,13,0.6450176547544774,negative
GACCTTCTCGTAGGAG,8,0.8223682825695852,singlet
ACCATTTGTGGTAATA,9,0.8585395177386121,singlet
ACGGTCGCAGTTACCA,13,0.7596043983569717,negative
AATGACCAGGTAAGAG,12,0.9077860099245256,doublet
TGCAGTATCCACGAAT,7,0.9102680728597168,singlet
AATAGAGAGTATAGAC,12,0.9584553535414124,doublet
CATACCCCATTCGGGC,8,0.8820586224373688,singlet
CCACGTTGTCTGTCCT,0,0.8399916484370008,negative
AGAACCTGTCCGACGT,13,0.6548805021821641,negative
ACAGGGACACGTCGGT,8,0.9022212764746848,singlet
GACATCAGTTGAGAGC,7,0.8852774495634522,singlet
CGTCCATTCTGCCTGT,10,0.8957926319476606,singlet
TGGGAAGTCGATGCAT,13,0.7973968703179776,negative
GAAGGGTAGCGCTGCT,0,0.8809833430920123,negative
TTGGGATCATGTGACT,2,0.9614367710587264,singlet
GCTGAATAGGCAATGC,0,0.8410383160360929,negative
CCAAGCGGTCTGTGGC,0,0.8803621223740443,negative
CCACCATAGTAACCGG,5,0.9073003617367078,singlet
GAGATGGGTTAAGAAC,6,0.934962636324625,singlet
GTCAGCGCAGCTGAGA,2,0.9159083948802726,singlet
ACTTTGTCAAGATGTA,13,0.5379857133905604,negative
GCCGTGATCGGTAAGG,7,0.9010001949702902,singlet
TCGAAGTGTACAGCGA,13,0.6930527538475074,negative
GGGTAGATCCAGTTCC,0,0.8857629142650641,negative
ACCAACATCGAACCAT,10,0.8851673645287458,singlet
CATTCTATCGGTTCAA,5,1.0,singlet
GGGTTATGTATGTGTC,2,0.8798564449579618,singlet
GCAGTTAGTTAGCTAC,0,0.8683724149555285,negative
TCATGAGAGTTCCGGC,13,0.618296169065269,negative
GATCCCTGTACCAGAG,8,0.9044915862779892,singlet
CTTCAATTCCTAAACG,7,0.8398688650516882,singlet
ACCTACCCATACTGAC,8,0.9013360168433596,singlet
ACGGAAGCACCTTCGT,10,0.8746964098344648,singlet
GCTTTCGAGGGTAATT,12,0.9266322503180704,doublet
TTCATTGAGTTTCAGC,8,0.902300762957468,singlet
CGAGTTATCGCTGTTC,2,0.9162252808533224,singlet
GGATCTAGTACCTGTA,6,0.8616726838160196,singlet
AGTTCCCCACTGTGAT,10,0.870872907902046,singlet
TGATGGTAGCACAAAT,9,0.8349299758207874,singlet
TATCAGGCACACCAGC,10,0.8865952303292406,singlet
TGAGTCAGTTGGGACA,13,0.7028262890963906,negative
CATACCCTCTATCCAT,6,0.8524255605829947,singlet
GGGAAGTCACCCGTAG,11,0.8692176357434619,singlet
CTCAGTCAGTTAGAAC,3,0.8961334710498096,singlet
AAAGGGCTCGGCTTCT,3,0.8962395379396171,singlet
CGACAGCCAACTTCTT,8,0.8329642121751482,singlet
CATCAAGCACTAGGCC,3,0.8691235355471106,singlet
GAGTCATGTTTACGTG,13,0.6472993713575823,negative
GGCACGTTCATGCCAA,8,0.8833800797319651,singlet
TGAGACTGTGTTCATG,13,0.548053016520324,negative
ACGGTTAAGCTGTACT,13,0.5223593898584978,negative
TTCAATCAGACGGAAA,8,0.8828717809718919,singlet
CAGCACGTCCTGCTAC,13,0.7803819574657407,negative
GTGGAAGAGTTCTACG,5,0.8333084919777185,singlet
GAGGCCTAGGACGCTA,12,0.8102212513169529,doublet
CATCCACCAGGTCAGA,13,0.3907771788947474,negative
AGAACAACAGTTGTCA,1,0.888660519445704,singlet
CCGGTGAGTCTCTCTG,5,0.8143427150644237,singlet
CAATTTCCACAGCCTG,12,0.8288855605569444,doublet
GGTGAAGCACTGATTG,11,0.8638299347526874,singlet
TCAAGTGTCTAGAACC,13,0.4790733351178473,negative
AGCGATTTCGAGTGGA,13,0.6387286416083875,negative
AGAAGTAAGTGAGCCA,13,0.6965364833900909,negative
CTATCTATCGCCATAA,13,0.7997305419620849,negative
GTTGCTCGTATGTCTG,7,0.8728452356700185,singlet
CAATTTCGTATCGCTA,0,0.9251308202803196,negative
GGAGCAAGTCAGGTAG,13,0.5310243498192042,negative
ATCGGCGCACGACAGA,4,0.8825169484347258,singlet
GCTGCAGTCAGACCGC,13,0.7963047291026866,negative
CAAAGAATCCCAGGCA,3,0.8602275442795615,singlet
CCGCAAGAGACCATAA,9,0.9001532707991388,singlet
CTGCATCTCTGTCCCA,7,0.892724390689815,singlet
ATGAGTCGTTAGAGTA,3,0.8555029212440829,singlet
CATCGTCTCCACTTTA,13,0.4907799794917495,negative
CACGGGTTCTGGGTCG,3,0.9112621585725772,singlet
CGAGGAACACATATCG,11,0.8239838812956102,singlet
TCCTTCTAGCGATGAC,13,0.7241211876617072,negative
CGTAATGTCATTGCGA,12,0.9424510509115304,doublet
GAAGTAACAAGAGGCT,11,0.8853062130391086,singlet
GTAGTACTCTGTCCGT,3,0.907650441329996,singlet
TGGAGGAGTCACAATC,13,0.6445150637462272,negative
GAGACTTGTCCTGGGT,10,0.902880378228784,singlet
ACTGTGACAAATTGCC,13,0.5911377276285598,negative
TGTGATGGTCTATGAC,0,0.8186702064634985,negative
GGAGGTAAGGTGAGAA,3,0.8908227787043321,singlet
ATCGGATTCAAGAATG,12,0.8632306553197843,doublet
CTACCTGCAACCGTGC,12,0.8694262851696057,doublet
AAACGCTAGGAAAGGT,13,0.6894298813190387,negative
TCCACGTTCAGCGGAA,8,0.8844177948987108,singlet
TCCGATCTCCCACAGG,0,0.8754626166686404,negative
CATGCAAAGTATGCAA,1,0.9021313182457994,singlet
TCTAACTTCTACACAG,5,0.9006026380567361,singlet
AAAGTCCGTGTCACAT,7,0.9003116294197993,singlet
GGAACCCCAGCTACCG,13,0.6648386013378653,negative
CACTAAGGTACAAACA,13,0.5136330648075101,negative
TTGGGCGGTACGATCT,4,0.8802311931121546,singlet
GATGGAGGTTATAGAG,13,0.5026587752183183,negative
CATTGTTGTGCTGATT,4,0.9275192012191334,singlet
CTTCCTTTCTACTATC,4,0.9029763322605436,singlet
AGGCCACCAGTTCACA,2,0.8332954659545466,singlet
TCTAACTTCGAAGTGG,13,0.6575777809434786,negative
TTCCGGTTCGTCTCAC,4,0.9653773795335536,singlet
TGTCCACAGGAACGAA,12,0.8868836444084486,doublet
CCCAACTTCTCGACCT,9,0.8589172397900053,singlet
TGGATCAGTGTGTTTG,12,0.8502942592733775,doublet
GCCATTCGTAGACACG,12,0.941864484756072,doublet
AGGTCATGTCAGATTC,5,0.9425495131595008,singlet
ACAGGGAGTAAGCAAT,13,0.37014527829493,negative
TACGGGCCATAATGCC,9,0.8939107499233294,singlet
GCAACATTCATTACGG,10,0.9021753416465564,singlet
GATGATCCACAGCATT,11,0.8820009615670054,singlet
CAGATACTCGGTGTTA,8,0.8692063174111525,singlet
TATCTGTCACCCAACG,1,0.9174377831518656,singlet
AGACAGGGTTACGCCG,6,0.876751143443815,singlet
CTCTCAGAGGTACAAT,8,0.9316068810681194,singlet
CAGCAGCCATTACGGT,13,0.7583589764495956,negative
AGTGATCAGCGAGTCA,11,0.8882272975496949,singlet
GACAGCCAGTGGTGAC,1,0.8459810917287801,singlet
ATCCTATGTAATGCGG,13,0.770280371913873,negative
TCACAAGCACGTTGGC,10,0.906341541964514,singlet
AACAAAGTCTATGCCC,13,0.5554309735463775,negative
TTTATGCCAAGAGGTC,7,0.9048447453968944,singlet
AGCCAATTCGGTCGAC,13,0.7617609430620996,negative
GCACTAAGTAGAGACC,13,0.7567835022285943,negative
GAGGCCTTCTTGGTGA,6,0.8444035469016464,singlet
AGTGACTAGGGACACT,13,0.792751719746836,negative
ATTCACTAGTTGGACG,5,0.8245488273209484,singlet
CCGGTAGCAGCGCGTT,13,0.7258665894068633,negative
TCGAAGTCAGGCTCTG,2,0.886498436272161,singlet
ACTTCGCGTAGGATAT,5,0.9282107026474729,singlet
CAAGAGGCAGTCTCTC,8,0.8375500554162603,singlet
ACCCTCATCTCTGAGA,3,0.9379687289961864,singlet
GCCGATGAGGGACAGG,5,0.887137599572336,singlet
ACACGCGGTCGTAATC,6,0.8408941199859713,singlet
TAAGCCAGTGGCGCTT,0,0.9647180189323848,negative
CAGAGCCCATAGGAGC,5,0.8721341799957923,singlet
TCGTGGGCAGTTAAAG,7,0.9324899823956097,singlet
TGCGATAGTCAAGTTC,7,0.8050116733969752,singlet
GAGATGGAGGCTCTCG,10,0.8428632834467231,singlet
GGCTTTCTCCGGCTTT,3,0.9013971861143232,singlet
CATGGATGTGTGACCC,8,0.9288456836104212,singlet
ATCACAGTCCACATAG,13,0.7349412819576447,negative
TCCAGAAGTATGTCCA,7,0.9474579603387384,singlet
AAGCCATTCTTAGCAG,2,0.8251167470661147,singlet
TAGATCGAGGAAGTGA,12,0.8841019482847862,doublet
CGAGTGCTCGGCATCG,13,0.7824202294495772,negative
CCCTCAACAGTTAGGG,13,0.7372178311352223,negative
ACATCCCTCGCGTAGC,7,0.9107760832413064,singlet
CTGCCTACACTGGACC,12,0.8608759716519744,doublet
GTTCATTTCGTAGTGT,3,0.8078905959431479,singlet
ATTTCTGCATTGCCGG,0,0.8309430987187341,negative
CGAGGAAAGTCCCTAA,2,0.8817251884430273,singlet
GTCACGGAGAGCTTTC,13,0.5185604897745448,negative
GGGTGAAAGACGATAT,13,0.6532557494882836,negative
TAGCACACACCTGCTT,13,0.4130339351501493,negative
CCGATGGTCCACTGGG,0,0.86007176428774,negative
CAATTTCTCGGTGTTA,2,0.9643491603251224,singlet
AAGCGAGCAGTTGTCA,2,0.9035644944280888,singlet
CTATCTAGTCTCAGAT,2,0.957521453541881,singlet
GACTATGTCTACTATC,13,0.3033014848007972,negative
GATGTTGGTTCGTACA,6,0.8948507942298985,singlet
GTGTTAGCAAGAGGCT,3,0.8528793950917534,singlet
GTAGAAAGTCTTACAG,13,0.7722802700806108,negative
CCGGTGATCTGCGTCT,13,0.7937532667788906,negative
GTAGAAATCTCGAGTA,11,0.8460991965864029,singlet
TGAGGAGAGCTGACCC,12,0.9108078023474524,doublet
AATGCCAGTCTCCTGT,13,0.4186090886713798,negative
AACAAAGAGGGCTTCC,5,0.8958856309015292,singlet
GACTTCCAGGGTTGCA,11,0.9033017247502804,singlet
CGATCGGCACACGGAA,5,0.8318972278301142,singlet
TAATTCCTCCTGTACC,13,0.6157309476801409,negative
GTCATGAGTCATTGCA,3,0.8740865903033331,singlet
GTCGTAAAGACATCAA,5,0.8999320871194063,singlet
TGTCAGATCCGCTAGG,3,0.9484465634179376,singlet
TGGATGTAGTCCGCGT,13,0.469813974542183,negative
GTAGTACCAAAGACTA,12,0.8548521515256782,doublet
CCAATTTAGCACAAAT,10,0.84265631698986,singlet
TCCATCGTCTTCCACG,11,0.8665381220791964,singlet
GTCTAGATCTGGACCG,13,0.6964343426577576,negative
GGGTTATTCCATTGTT,5,0.9060379794765112,singlet
CTCCAACTCAATGCAC,12,0.8984443312512284,doublet
CGACAGCAGTCACTGT,12,0.8806077909154202,doublet
AAGACTCCAAGCCTGC,13,0.7051510684461167,negative
TTTATGCCATGAATCC,13,0.7991974117592736,negative
ATCCACCGTCCACTCT,8,0.9357747261356368,singlet
GTCACGGGTACTGAGG,4,0.8492451825710006,singlet
AGGTCTAGTAATGATG,13,0.4931819233246652,negative
AGCTCAAGTAGCGTCC,7,0.8968042234420639,singlet
TACGGGCGTAACCAGG,0,0.8072255853469877,negative
TTACGTTTCCTAGCCT,2,0.8270952530129031,singlet
AGTCAACCAAGCACAG,3,0.8046268758590169,singlet
CATACCCCACACGGTC,12,0.8462868281503,doublet
AAAGGATTCTTCCACG,10,0.9535821527090056,singlet
AGAGCAGGTTCTCAGA,13,0.3719124540510258,negative
TGATCTTAGCGACTGA,8,0.8345715006844299,singlet
TACACCCCATATGGCT,8,0.8442196949746528,singlet
CACGTTCCAAAGGATT,5,0.8000482482329149,singlet
GTCCCATTCGATACAC,11,0.8231172214551999,singlet
TAGCACAAGATAGTCA,0,0.903606322374206,negative
GTCATCCAGTCTCGTA,7,0.8135058689815982,singlet
TTCAATCGTGTATACC,0,0.8293878108036168,negative
CACAGGCGTACAGAAT,13,0.6489636392696627,negative
TTCTTCCTCTGCTAGA,13,0.6986874558660536,negative
GTCCCATAGCTGTTAC,12,0.9194601006983746,doublet
GCTCAAATCACTGTCC,6,0.8373108810993576,singlet
TCCTAATTCTCTATGT,2,0.8849553141585379,singlet
CTCCTCCCACATTCGA,13,0.3823021361746658,negative
CACGTGGGTTATCTGG,4,0.919697110162514,singlet
CTGCCATAGGAACGCT,10,0.8888405859654305,singlet
ATGTCTTGTCTAGGTT,13,0.7543549496038314,negative
ACTTTCAAGTTCGGTT,0,0.8879600012349257,negative
CCACAAAGTGGTCTTA,13,0.7910281625293968,negative
GCTGCAGGTTGCCATA,13,0.658382734123274,negative
TTCCTTCCAGCTATAC,13,0.7936936724185532,negative
GATGCTACAAATTGGA,13,0.7562669899832836,negative
CAGCACGAGATCGGTG,0,0.8886622663938262,negative
CCAATGATCTAGGCCG,13,0.5938864370351452,negative
ACTACGAGTTATGACC,0,0.8862086085676534,negative
TTTGTTGTCTTAGCTT,5,0.8812784430357695,singlet
TAACACGCACCAGCGT,7,0.8621225767834284,singlet
ATGCGATCAGCGTACC,2,0.851117723313986,singlet
TCCAGAATCTGGACCG,13,0.6524622301841266,negative
TATTTCGCATGCTGCG,6,0.8210380338924134,singlet
TTCCACGCAAGCGATG,13,0.6919335859075421,negative
GAGCTGCGTCCGAAGA,0,0.964184031468297,negative
GAACACTCACTGCGAC,1,0.983296061115853,singlet
TCCCATGGTCGCCACA,6,0.8933153008745309,singlet
CATTGTTAGACAACTA,10,0.8373072707007271,singlet
CCGCAAGGTATCAGGG,13,0.7608082649835503,negative
AGGGAGTTCCACAGCG,13,0.4566601352188162,negative
GTGCACGAGCGCCATC,2,0.8892053259145858,singlet
ACTCCCAGTGTGCTTA,5,0.8700664465533365,singlet
GTCATGAGTATTCTCT,5,0.8612977377579202,singlet
AGGACGAGTACGCGTC,4,0.8596001807867304,singlet
TGAGCGCTCAGTCACA,13,0.7655246689847677,negative
TCGTCCAGTATCTCTT,8,0.8948310529480357,singlet
ACCCTTGGTACCCGAC,8,0.93495196324758,singlet
AGAAGCGCAACTCGAT,13,0.764691441427496,negative
GGGTAGATCCTCTGCA,10,0.8749427417209703,singlet
TCAGTCCTCACCATAG,13,0.7873302454230521,negative
AGGCTGCCAACATACC,7,0.9117568637264266,singlet
GTCTTTAGTTGGCTAT,5,0.8845069831365193,singlet
TGATTTCCATATCTCT,12,0.913374770718732,doublet
GTTTACTGTCCTTGTC,13,0.5486209830188462,negative
TCTATACGTCTAGATC,13,0.5568534581303213,negative
CCTCACATCGCCAATA,3,0.8069281746858987,singlet
GTGTCCTTCGCTGCGA,10,0.904675411584421,singlet
TTGGGATCAGTGTACT,7,0.9093881585318916,singlet
GTTACGAGTGTCTCCT,2,0.8821107814758022,singlet
ACCAACATCGCCAATA,7,0.902312366363105,singlet
GTAGTACAGATACAGT,1,0.9711037695456516,singlet
CAATACGAGTCACGCC,2,0.8101445927309328,singlet
GTGCACGGTGGTCTGC,11,0.8661995379672495,singlet
GGAGATGTCCCATTCG,13,0.4805601412830757,negative
GTGCAGCCAACCGCTG,13,0.5372330760897485,negative
GGTGTTACATGACTAC,12,0.8004742193600557,doublet
TGCTGAAGTACTTGTG,13,0.6168811825280762,negative
TTGAGTGAGTGCAGGT,2,0.8595208406803911,singlet
CCGGTGACAGGTGTGA,13,0.6598180431843043,negative
GTATTGGTCACAAGGG,5,0.8672763278706038,singlet
GTGGAGAGTGACAACG,9,0.8943314405574964,singlet
CTCAGGGCAGCACAGA,4,0.8559836434034462,singlet
AGATGAAAGTCATAGA,5,0.9033207447218504,singlet
TGTCCTGCAGCGATTT,0,0.8893564155809236,negative
CGGGTGTTCTTCGTGC,10,0.9005756355030331,singlet
TAGACTGAGTTTCAGC,8,0.8950360740332683,singlet
TTCCAATGTGATGTAA,13,0.6749354247789795,negative
TAACGACCAAACACCT,13,0.7310243337525488,negative
ATGCGATGTATCGTTG,1,0.8752606300199505,singlet
ACTTCCGGTCTGCATA,13,0.6343337832578505,negative
CTTTCGGCAATGGCCC,11,0.8628741714845711,singlet
CCATCACGTCTTACTT,4,0.8949279682065505,singlet
TCCTCGATCAAGTGTC,3,0.908555988394529,singlet
CAAGAGGCAGACGATG,2,0.8663498158832924,singlet
AGGTAGGGTACTCGCG,7,0.8444772600422722,singlet
ACATCCCGTCTTAGTG,13,0.2102860700303376,negative
TATATCCCATGCTGCG,5,0.872941518320004,singlet
GGAGCAAAGGCACCAA,13,0.6238869049535034,negative
CTTTCGGTCTACACTT,0,0.9988163797581726,negative
CGGTCAGCACTGGAAG,2,0.8681976317708827,singlet
GGTCTGGGTTCTCAGA,2,0.860252679531961,singlet
GTAACACTCGCGATCG,2,0.872210234716695,singlet
CGCCATTTCTTGGGCG,13,0.6761407009950576,negative
AGTAACCGTTGGCCGT,13,0.7536092532619372,negative
AGCTACAAGTTATGGA,6,0.8794540235536117,singlet
CTCATGCTCTGTCAGA,1,0.8329497346428361,singlet
GTTACGATCACCCTTG,11,0.8645610925312904,singlet
TCGGATACACCATATG,13,0.7819660297571154,negative
TTGGGCGAGAATTGCA,10,0.8818397149409853,singlet
GGGCTCAGTGTCTTCC,2,0.8825313500655533,singlet
TGATCAGGTACCTAAC,13,0.6275288102649768,negative
GTAGAAAGTCTCGACG,13,0.4325361317140577,negative
GTCACTCCAAGGAGTC,9,0.8986159590416867,singlet
TACCGGGGTGTCTTCC,13,0.7371282840314308,negative
TGTGTGAAGCCTTGAT,7,0.8966700517839213,singlet
TACGGGCAGTTGGCTT,13,0.625526090556032,negative
CTGTACCCAAGGAGTC,4,0.8182461776710357,singlet
GTTAGACGTACGATCT,3,0.8751585053102156,singlet
ACGTTCCCATCGTGGC,8,0.8788692677074467,singlet
ATTGGGTTCAGTCACA,1,0.8479147879602121,singlet
GGTTAACGTGGAGAAA,10,0.9024709439656388,singlet
TCTCTGGCAGCTACTA,2,0.8964683401405357,singlet
TGCTTCGCAAAGCGTG,12,0.85232268943062,doublet
AGTTCGACAGGCTATT,12,0.8925922989486517,doublet
CCTACGTGTTCCGTTC,2,0.8508211408065489,singlet
TAGCACACATGGCCCA,12,0.925927777450651,doublet
GATGACTCATACCAGT,0,0.8874291824340225,negative
TGTTCATCATCCCACT,13,0.3157870763388435,negative
GTTCATTGTACACTCA,5,0.9187186981008504,singlet
GATAGCTCAATGCAAA,8,0.90173861786624,singlet
CAAGACTCAGTCGCTG,8,0.8148870334295993,singlet
AACAAAGTCCTCACGT,1,0.8980235717946169,singlet
GTGATGTTCCACTAGA,13,0.5525230070604235,negative
TGCACGGCATATACCG,7,0.8759094279037021,singlet
CGAGGAAAGCAGGCTA,4,0.8626110886924111,singlet
TTCCTTCAGAAGTCTA,5,0.904735378120185,singlet
AGTAGTCGTTGCAACT,13,0.7729027301147319,negative
AACACACGTACCTAGT,13,0.7496891303044704,negative
GCACTAAGTGTGGTCC,8,0.9027539888182166,singlet
CCCGGAAGTGGTCCCA,9,0.9996890260348162,singlet
GTGCAGCTCTGTTGGA,2,0.8836541195974761,singlet
CGAGAAGAGCAACAAT,13,0.7877723947104764,negative
TGAGTCACATTGACTG,5,0.8948875386707605,singlet
CCCAACTGTTACTCAG,13,0.7879348456418179,negative
TGAGACTAGTAGACAT,5,0.9380510859050212,singlet
TGATCAGGTTGGATCT,1,0.8588474537474999,singlet
AGATGCTAGTGCACAG,6,0.8905561168112324,singlet
CGGTCAGGTTACCCAA,13,0.769391621907961,negative
GATAGAAAGATAGCTA,9,0.9040451162809796,singlet
GTCAGCGTCGAGAAAT,13,0.7218858183965904,negative
ACTGTCCTCGAGCACC,3,0.8962065991876053,singlet
CGGACACAGTAGGATT,0,0.95465720886098,negative
GTTAGTGCAAAGAACT,8,0.8462406904583828,singlet
GTAATGCAGCTGGAGT,12,0.8697681503020137,doublet
ACATCCCGTGGCTCTG,12,0.8398912747025494,doublet
TCATATCCACTTCAAG,7,0.8997249450076942,singlet
GTAACCATCCTACAAG,5,0.8544697586127852,singlet
ACCGTTCCAGCAGTCC,13,0.6572719352524151,negative
AGACTCAAGACCTCCG,7,0.9034123035304128,singlet
CCGGACAAGAGCAGCT,13,0.6570814955450821,negative
GCCCGAAAGGCATGCA,2,0.961399211607294,singlet
CGGCAGTAGATACCAA,6,0.887697087834533,singlet
CGCAGGTCAGACCTAT,13,0.6269218037038606,negative
TCAATCTAGGCTCAAG,0,0.8826385130385378,negative
GGGTGAACATCATTGG,3,0.9110359264462236,singlet
TTACGCCCACGGCTAC,5,0.8984130203260798,singlet
GTCCACTTCACAAGAA,8,0.999925234264542,singlet
AGATGAAAGAGAACCC,0,0.8645765406264301,negative
TACTGCCCAGACACAG,13,0.6724749864708076,negative
ACTTTGTAGATTGACA,7,0.9117439236750906,singlet
GATCACAAGTGATGGC,4,0.8401525970724747,singlet
GTGGGAAGTATAGGAT,2,0.8741890647335208,singlet
GAAGAATCAAGTGCAG,12,0.8560527850460056,doublet
CGGAGAAGTATCATGC,13,0.4985064410680646,negative
AGGCATTCATATGCGT,13,0.6742280304714127,negative
GCCATTCGTGACAGGT,9,0.8891545321187864,singlet
TCAGTGAAGCCACCGT,7,0.9255688981681084,singlet
TACGGTAGTGAACCGA,1,0.8848911707712972,singlet
CCACTTGAGTAGTGCG,5,0.8984046160897472,singlet
TCAGGTATCCTACGAA,3,0.9137664135781554,singlet
TCTATCACAACTCCAA,8,0.8985346992401014,singlet
TGACGCGAGTCTAGCT,13,0.5273309189746136,negative
TTCTTCCTCTTGGTCC,2,0.9078043287316794,singlet
ACTGTGATCGACTCCT,13,0.7692191865826622,negative
CCTCAGTGTACTGTTG,13,0.5627679000299274,negative
GGCAGTCCAGTTGTTG,12,0.816818076560028,doublet
GTATTTCTCGCAAGAG,7,0.8825989943870461,singlet
CACAGGCCAATGTCTG,11,0.8886981889174905,singlet
GATTGGTTCATTACTC,5,0.8660752875779627,singlet
TTTCAGTAGAATCGCG,6,0.8094099945262959,singlet
TGGTAGTTCGGCAGTC,10,0.8319875857377813,singlet
GACATCACAGCAGATG,6,0.8883663507213442,singlet
TCTAACTGTCTCCCTA,13,0.5938703447725421,negative
GTTATGGTCAGTCAGT,8,0.9217265925512018,singlet
ATCAGGTAGCACACAG,5,0.8331567253504164,singlet
ATTCGTTAGACGCAGT,12,0.9801431895680032,doublet
AATGCCATCTGTGCTC,9,0.8784673715088188,singlet
TACATTCGTTGTTGAC,0,0.8821716832595533,negative
AACGGGAAGGTAGGCT,7,0.920571911066258,singlet
CTGCATCTCGAAGGAC,7,0.8674370672843937,singlet
TACGCTCAGAGCATAT,8,0.8171321222845135,singlet
CTACCCAAGGTTGACG,10,0.8996892325047835,singlet
TGTGGCGTCCATTCGC,3,0.8314276673544969,singlet
TGCACGGTCTTAATCC,13,0.7728127435931371,negative
GATGATCGTCAGTCCG,7,0.8999125680414802,singlet
TAACTTCGTGACAGCA,11,0.8028219303577849,singlet
TGAACGTTCTTCTAAC,13,0.5723676925770093,negative
ATCACTTTCTTGATTC,13,0.5035153563999414,negative
ATCGCCTTCCACCCTA,10,0.8498245590122409,singlet
CCTTTGGAGGAAGTCC,6,0.9040626322037734,singlet
GTCATGAGTAAGACCG,13,0.621639452104281,negative
GGTCACGGTTACACTG,13,0.7777434361094214,negative
AAGTTCGCACGTACAT,0,0.8828396266935117,negative
AGAAGCGGTAGTGCGA,9,0.8658035098102518,singlet
CCGGTAGGTCCTGTTC,4,0.8803595556858079,singlet
GTTATGGAGCTGAAGC,13,0.5216935839737138,negative
GTGGCGTTCGCAGAGA,9,0.8641401448519385,singlet
AACAGGGAGAAGCGAA,13,0.6889196779444318,negative
TGATTCTTCCGGTAGC,5,0.8622563875034333,singlet
TAATCTCAGCCAGTAG,10,0.904713546008765,singlet
ATTTCTGCAAGGGTCA,10,0.9467650738451756,singlet
TCCACCAAGATTACCC,7,0.9000406966812581,singlet
TAATTCCAGTGGTTCT,2,0.8415107187146793,singlet
ACCGTTCGTAGACAAT,5,0.8228955184347969,singlet
GGCTTTCAGATGGCAC,10,0.904895195907382,singlet
AGGGCTCTCGGTCTAA,8,0.8355507057485986,singlet
GCATCGGTCAGGCGAA,13,0.2809270768442558,negative
ACTACGATCTACCAGA,13,0.7644046882952076,negative
TTCTTCCGTTCGAGCC,7,0.938669627740112,singlet
CCTATCGGTGTCCTAA,3,0.8947676808207922,singlet
TACTGCCTCGTCCTCA,13,0.7514584452322509,negative
ATTCAGGGTTGCTTGA,0,0.8527699257187263,negative
CACATGAGTAGCTGCC,13,0.505765967757667,negative
CTGTACCCAACGTTAC,1,0.8780443500256018,singlet
TTCGCTGCACTACCCT,13,0.7258636101552054,negative
CGTCAAAAGAATACAC,13,0.7523563945923036,negative
GGGTGAATCGGTAGAG,8,0.8816042967065261,singlet
CATGAGTTCCCATACC,6,0.8829380943816718,singlet
GTTTACTAGGAACTAT,7,0.9131409280490368,singlet
CTATCCGCATTCACAG,4,0.8799047735562638,singlet
GTGACGCGTGCCTAAT,13,0.7975506563465166,negative
GTGTAACTCCGCGATG,5,0.8854996579949502,singlet
AGTCTCCAGCGGACAT,3,0.8883797346938019,singlet
ACCCTCATCCAATGCA,8,0.8957924894643873,singlet
CGTCAAACAACCGTGC,0,0.8720717706142271,negative
TTCCTAATCTACCTTA,3,0.91310546121583,singlet
CTGATCCCAACGTAAA,13,0.7843310401353031,negative
CGCCATTAGCAAATGT,6,0.8867459688190243,singlet
TCGCTTGTCTCTATGT,13,0.7158687636424735,negative
AATTTCCAGTGGATTA,0,0.8890171641779925,negative
GAACTGTCATGAAGCG,11,0.8918305513253514,singlet
CATCCCACATAACGGG,3,0.9213203741882688,singlet
GTGTAACTCTTGGGCG,13,0.6901362054172832,negative
TTCCGGTAGAGGTGCT,12,1.0,doublet
AAGCATCAGGCAGGGA,0,0.848433333219271,negative
GCCAGGTTCTGCCCTA,8,0.8945325892664245,singlet
CGCGTGAGTCGATTTG,2,0.8603208403044988,singlet
GTCAGCGGTAGTATAG,1,0.8667090245303399,singlet
ACTGTGACACACTGGC,13,0.6351164830142476,negative
TTGGATGTCTGCGGAC,4,0.8556848637516985,singlet
CAAAGAAGTCGCTTAA,13,0.796630254606173,negative
ACCAAACAGGTCCAGA,10,0.8030421517101383,singlet
GGGATCCCACCCTGAG,13,0.5312062624809194,negative
TGGATCAAGTAGCAAT,8,0.880928470319043,singlet
TAACACGAGGTAGTAT,2,0.9830032302720334,singlet
CTCGAGGAGCAGGTCA,5,0.8275831958761064,singlet
AGGAATATCCAGTGCG,7,0.9999786607937408,singlet
ACCCTTGGTTGTTTGG,0,0.8807765459634785,negative
AAAGGTATCTGCGGGT,0,0.9008674145184709,negative
GCATCGGGTGAACGGT,7,0.8929727777428502,singlet
ACTTCGCAGCTTAGTC,8,0.851332097565212,singlet
TTGACCCCAGTAACGG,13,0.6991192183526921,negative
ACCCAAAGTCTTGAAC,13,0.1773073295320194,negative
TATTGCTCAACTCGAT,6,0.8698414240958733,singlet
AAAGGGCGTGACCGAA,13,0.7221638922588955,negative
GAGGGTAGTGTCTTGA,5,0.976359079407754,singlet
TGTGCGGTCGAGAAGC,5,0.9368760318375704,singlet
ATTTCTGAGTACCATC,6,0.8538983191214833,singlet
GACTCTCGTTGCGGAA,11,0.8733948199740065,singlet
CCCGGAACACGGTCTG,10,0.8404524337622853,singlet
GGCTTTCGTTTGGCTA,1,0.8853859749813822,singlet
AAGGAATCAAGTTTGC,1,0.8098340142406274,singlet
CGGAACCCACCTGCTT,13,0.5332381824450533,negative
CTAGGTACACAGTATC,2,0.9141131623443726,singlet
TCGCTCAAGCGTATGG,9,0.8994855704554267,singlet
AGATCGTGTTTAGTCG,7,0.9104425220181874,singlet
GAATAGAGTAACTAAG,11,0.8909493206830476,singlet
AGCGCCACACAAGGTG,11,0.902403184600213,singlet
CGGTCAGTCCCGAGAC,10,0.9293377094345294,singlet
AAGTTCGCATGTGCTA,13,0.6822791394797384,negative
TAGACCAAGGACGCTA,10,0.9023767968190448,singlet
TCACATTGTAACCCGC,5,0.9030047137751164,singlet
AAGTCGTCATCAGTCA,13,0.7422412707758371,negative
ACATCCCGTGAATTAG,0,0.8774387188758326,negative
GTCCACTAGTCGCGAA,6,0.8687891906742604,singlet
TGAGGTTGTCATATGC,4,0.8659078896585489,singlet
GAATCACCACTCCGGA,13,0.7854310430215801,negative
CAGAGCCGTAAGCAAT,4,0.8564155981245228,singlet
TGTGTGAGTGTGTTTG,5,0.8001387081612268,singlet
ATTATCCAGAATGTTG,3,0.896603280735697,singlet
CGCATAAAGTCGGCCT,3,0.9093299207471104,singlet
AATTTCCTCTGGGATT,10,0.902809080274806,singlet
GCAACATGTTCTCTCG,2,0.9320726104998588,singlet
CAGATCACACTGCATA,6,0.8269302119512603,singlet
GTAGAAAGTGGGCTTC,8,0.915517640594668,singlet
ATCAGGTCAGGCCTGT,13,0.6950277467084937,negative
CCTCAGTGTACCTGTA,8,0.8965541570195518,singlet
ACTATGGGTAACTAAG,13,0.7735398935216092,negative
AAATGGACAAGCTACT,13,0.478328385264641,negative
AGGAGGTTCTCATGCC,7,0.8937494112855892,singlet
GACGCTGCACGACAAG,6,0.8076003393015915,singlet
CCACGAGAGGGATCAC,13,0.7941748566338981,negative
AAGAACAGTGTCTCCT,5,0.8943036412089795,singlet
TGCGGGTTCTAAGCCA,13,0.7692541401847313,negative
AAGATAGTCGCGGTAC,2,0.8720086450429997,singlet
ACCCTCATCGTACACA,13,0.4402149348526104,negative
GATGCTAGTAGTCGGA,3,0.8514433888860495,singlet
GACCCTTTCTAGGCCG,3,0.957096705533942,singlet
TCCCAGTCACCCTAGG,9,0.8841383701422031,singlet
AGATGCTGTGAGAACC,13,0.7724267828239157,negative
CACAGGCTCTCATGGA,7,0.999996244066151,singlet
CCTTGTGAGCCAAGCA,0,0.903527791449581,negative
TTTGATCCAAAGACTA,12,0.8593600246467232,doublet
GATGGAGCAACTAGAA,2,0.8601704841093418,singlet
GGTGAAGCAGTGGCTC,11,0.9261037360775856,singlet
TGACAGTGTGTTAGCT,7,0.9064830457479268,singlet
AAGATAGTCTGGGAGA,9,0.8938049370807244,singlet
ATCGATGTCCGCAACG,8,0.869373326009129,singlet
TGGAGAGCAATCGTCA,9,0.8655476253847967,singlet
GTATTGGCAGTCAGAG,11,0.8847559535898136,singlet
AACCACAGTTCTATCT,13,0.7755973862417154,negative
GAAGGACTCTGAGAAA,10,0.8769982582722875,singlet
TCAAGCACATGTGGTT,4,0.9099407102783932,singlet
TCTAACTAGGGTTGCA,12,0.9543524541748428,doublet
TCATTACTCCTCTCTT,5,0.8913170955752852,singlet
GGTCTGGGTACTTGTG,0,0.8155314762833936,negative
TGGTAGTAGAGGGTGG,10,0.9515805135771932,singlet
ACGTTCCCACATGAAA,1,0.8212847958631462,singlet
TTTACTGAGCAAATCA,12,0.9102953243715274,doublet
CTAACCCTCAAGCGTT,13,0.7789447177820265,negative
CCTACGTAGGGACCAT,12,0.908401030489342,doublet
ACTTTGTCACCAAATC,2,0.8821799611308312,singlet
GTCGCGAAGAGGTTAT,7,0.8969680266734189,singlet
GTCGTAATCGCTTGAA,4,0.8291653995548683,singlet
AATCGACAGTATCCTG,4,0.9004505532541224,singlet
TGTAGACAGGTTGGAC,0,0.9413790690445982,negative
CACTGAACATGAGAAT,13,0.7438292423808825,negative
CCGCAAGCACCAAATC,0,0.8482035426071144,negative
CTTCGGTGTATAGCTC,9,0.9179682228461244,singlet
TCAATCTCACAAATAG,9,0.8874980686728391,singlet
AAGGAATCACCCATAA,7,0.9033221111001344,singlet
CTACTATTCTTCCAGC,12,0.9109445491397644,doublet
GAGGGTAAGGTTGGAC,1,0.8434786324441265,singlet
CATACCCCAAGTTTGC,13,0.7075429896129951,negative
AGGACGATCCTACGGG,13,0.7702297019951576,negative
GGGACCTAGAACCGCA,6,0.8064989170859629,singlet
CACACAACACGCAAAG,10,0.8385274647408901,singlet
GACCCAGGTCCTGTCT,8,0.8887479435313859,singlet
ATGCCTCTCGTGGGAA,11,0.8686824226744573,singlet
ACAAGCTGTATGTGTC,11,0.8585041115772601,singlet
ACGGTCGGTGCAGTGA,13,0.6615177937967957,negative
TCACACCCATGTGGCC,10,0.8767948621409694,singlet
ATTCATCAGGCCACCT,5,0.9768623907519264,singlet
TGCGATAGTAGGTGCA,5,0.9012847916906106,singlet
GAAGAATCAGTATACC,8,0.8582478950997734,singlet
GGTTGTATCCAGTTCC,12,0.8105853847708319,doublet
CACGAATGTGCTTATG,4,0.9078189890010184,singlet
TATTGGGTCAATCGGT,10,0.8709582010043365,singlet
GGTTAACGTTGTGGAG,0,0.8477350954120542,negative
TTGGGTACAACGGCTC,0,0.9083163591140584,negative
ATCACGACACGAGAAC,11,0.9028169198988972,singlet
GTCCCATTCATTTGTC,4,0.8848402059943125,singlet
GTGACGCAGTTTCGGT,13,0.638846583434158,negative
CCACGAGGTAGGAAAG,13,0.7681132058444705,negative
ATGAAAGTCCATGATG,3,0.9965441195658088,singlet
TGTGCGGTCGGTGAAG,11,0.8678000413853537,singlet
CATACAGCAGGTCAGA,7,0.9139005456114406,singlet
CCCTTAGAGATACTGA,3,0.8769600666621185,singlet
CCTCAACGTGAGTGAC,13,0.7425490877414567,negative
CAGGTATTCCACACAA,3,0.9021250167590356,singlet
TGAACGTCAATGCAAA,13,0.7987191173332202,negative
ACTGATGTCGATACAC,13,0.6033787056298823,negative
GCATTAGGTATCACCA,0,0.8508251892039406,negative
CATGCGGGTCTTGCTC,12,0.8621855587274566,doublet
AGTGATCAGTATGGAT,0,0.8858578641786808,negative
TCGCAGGCATGATGCT,10,0.9043543231553786,singlet
CTGATCCAGATAGTCA,8,0.8018390199985449,singlet
TCAGGGCGTCCACTCT,2,0.8752099651371906,singlet
CTACATTCAGAGTAAT,9,0.8491630021407884,singlet
ATCCATTTCTTGATTC,9,0.8847258981951092,singlet
CTAGGTATCGCATAGT,0,0.9645279163749414,negative
ACAGCCGGTTCGGTCG,12,0.8088935049039494,doublet
GGGATCCGTCTTCATT,5,0.8451125884490531,singlet
GAAGCGAGTCTCGACG,7,0.8931857734531846,singlet
GAGCTGCAGACTCGAG,5,0.8276206827665481,singlet
AATTTCCAGTAGATCA,7,0.9083546040005108,singlet
CGCATAAAGGCGTTAG,10,0.853963809434874,singlet
TTCACGCGTCCACTCT,5,0.8474267175144938,singlet
GAGCCTGCACAATGCT,4,0.8700351554472625,singlet
CAGCAATGTCGTGGTC,13,0.7469609108931139,negative
CTATCTATCAAAGGAT,4,0.9329963779314132,singlet
CCTGTTGAGTTCGGTT,13,0.5666963545328908,negative
TCACACCAGAGGGTAA,0,0.8607188614202661,negative
TCAGGGCCACAGAGAC,13,0.7691788439179746,negative
GCACGGTCACGTCTCT,6,0.9070456432571854,singlet
AGAGCCCTCTATTTCG,3,0.9247688997107196,singlet
GACTCAATCTTCCGTG,13,0.4495875246591229,negative
AAAGTCCCAGTCTTCC,13,0.5006540933899951,negative
AAGCGTTCAACCCTCT,10,0.8879385728221906,singlet
CAGATCATCGTGCACG,4,0.967737400566856,singlet
CAAGACTGTGAGACCA,0,0.8758762697708184,negative
TCGTAGAGTGTCTTGA,7,0.9658948271206392,singlet
TCCGATCTCACCTTAT,7,0.8915507039156005,singlet
TTACGTTAGGCTATCT,13,0.4930946921108528,negative
TGACCCTGTGTTAAAG,13,0.7782195506251565,negative
ACACAGTGTTGGGTAG,1,0.95587750455455,singlet
GATTGGTCAGCTTTCC,8,0.9163679136603472,singlet
CTCAACCCAGACAATA,13,0.6113157915311964,negative
GAGTTTGGTTCAGTAC,4,0.9242015252792252,singlet
AGTCAACCACATATGC,13,0.589957878686659,negative
GGGTAGAGTAAGATCA,9,0.8930051930627881,singlet
GTAGAGGCAGGGAATC,10,0.8888826546160353,singlet
CCCATTGCAGATCCTA,13,0.3355199676477225,negative
AAGAACACAGATACCT,12,0.9247522589153642,doublet
CACTTCGCAGGTGTGA,12,0.8918158602579961,doublet
ATGACCACACTTACAG,13,0.7211893162264006,negative
CAGATACAGGCCGCTT,2,0.884857971170351,singlet
TTGGGATGTCCCTGAG,7,0.9424886340824794,singlet
ACAGGGAAGCATCAGG,6,0.8899636232034307,singlet
TCACGCTCACGAAAGC,13,0.4978386808797514,negative
TAGGAGGAGGAAGTCC,8,0.9202059031822558,singlet
CGAGGCTCAGCGTTGC,3,0.9076960912680948,singlet
TGACCCTCAAGCGAAC,2,0.964249948312732,singlet
GGTTCTCGTGATTAGA,6,0.9841861615259226,singlet
CTGTCGTCACAGAGCA,3,0.8499448994814256,singlet
GAAGGGTTCCGTATAG,0,0.8654631462448789,negative
CTCAACCCAGCGGTTC,0,0.8640792180156268,negative
CAGTTAGTCAAGTAAG,13,0.5083159944349612,negative
CCACGAGAGGGCATGT,8,0.8967208163071917,singlet
CTGTACCCACTGTCCT,13,0.7051163714063348,negative
ACAGGGACACAGTACT,8,0.8936809726919424,singlet
GTTCTATAGTGAGGTC,3,0.9901762411452568,singlet
TTTCAGTCAACCGCCA,13,0.6919221063608709,negative
CTCATCGAGCATACTC,10,0.9241644555918396,singlet
TTCTTGAAGTACCCTA,8,0.8840822782617432,singlet
GCCATTCCACCTGATA,12,0.9239706929805748,doublet
ATCCACCCATCTGGGC,4,0.8771164066747678,singlet
CCTCTCCCAGACCCGT,13,0.7432226770669129,negative
GAGTTTGAGAGGTTAT,11,0.8440875625135781,singlet
CACATGACAGCTACTA,12,0.9393924451622886,doublet
GTGAGTTTCGACATAC,3,0.9172639193713512,singlet
ATCACTTAGAAACTAC,13,0.6320179129570306,negative
TACGCTCTCAGATGCT,13,0.6599522702783117,negative
TCTACATTCGCGCCAA,9,0.9038391557536716,singlet
GCGATCGAGCGTGTCC,5,0.8613189690860098,singlet
CTACTATCAAGCACAG,2,0.8863354030167803,singlet
GCTTTCGGTCCAACGC,3,0.9000791168944319,singlet
TAGACCACATCCGCGA,7,0.8622925304344313,singlet
AGGTAGGCAGCGAGTA,13,0.7840657349460062,negative
AGGCTGCAGATGCCGA,0,0.8384477240607949,negative
AGGGTTTTCAGAGTGG,1,0.8388526796268222,singlet
CTGCTCATCGCACTCT,13,0.7268377135157389,negative
ATGTCTTCATCACGGC,6,0.8488684513011974,singlet
GAGTTGTGTGCCCGTA,0,0.8326129949841381,negative
CGAGTTACAAATCGGG,13,0.5898344403203671,negative
CCTAACCTCTACCCAC,0,0.8763534187553881,negative
GGGACTCAGGAAAGTG,13,0.497658583458425,negative
GTAGATCCAGCTACAT,5,0.9020527195803252,singlet
GCCAGGTGTGGTTCTA,12,0.8591233389895548,doublet
GTCTACCGTGCGGCTT,5,0.8748524920328661,singlet
GAGTCATCACGTCTCT,0,0.87746225602263,negative
GGAATGGGTACGGATG,0,0.8467379315926543,negative
TCGTGGGAGCTAAATG,7,0.9178979885716468,singlet
AGATCCACAAGCGCAA,7,0.86491533672213,singlet
GTGTTAGCAATGAAAC,11,0.9298728508360664,singlet
CGGAACCAGGCACTCC,11,0.8041132635466786,singlet
CATGCAATCGTGCACG,7,0.83673207336567,singlet
CATTGCCAGGACTAAT,6,0.8117669932943875,singlet
TGTTGGAGTGAGATAT,12,0.9239066217168888,doublet
CCGTTCAGTAATCAGA,2,0.9543756080039492,singlet
AGTCTCCGTTGACTAC,0,0.8808091372606811,negative
CATTGAGGTTCTCCTG,13,0.7123198626315781,negative
AAGGAATCAGCTCATA,13,0.799135625358472,negative
GAGGCAATCACTTGTT,3,0.8876560864433941,singlet
GACGCTGAGCTGACTT,6,0.8258970043255157,singlet
AGAGCCCCACACACGC,13,0.7867153037316069,negative
TTTCAGTAGGCACCAA,3,0.8830374928799266,singlet
AGGAAATGTCGGTACC,10,0.8925303722746043,singlet
GTGCGTGCAGCTCCTT,11,0.8847410250478418,singlet
TCTCCGATCACGGGCT,2,0.8983090838798199,singlet
AATGGCTGTTGCACGC,2,0.8484342872389673,singlet
TCAGTGACAACTAGAA,12,0.8797987214557484,doublet
TAAGCACCAAGCTACT,3,0.8386502604374493,singlet
AGGTCATTCTTCCTAA,9,0.9034056592973696,singlet
CTCTCGAGTAGCTCGC,2,0.8114244447372365,singlet
TGGTAGTGTGTCCGTG,10,0.902196897699878,singlet
AGGTCATAGAGGATGA,13,0.7881308281856062,negative
TCATACTTCTGCCTGT,13,0.7868866435777107,negative
AACCATGTCGCAATTG,0,0.8557521121310155,negative
CCCTCTCGTCGTGGAA,2,0.8927170009487251,singlet
TCTTGCGGTATGAAAC,3,0.9003551816553406,singlet
CGAAGTTTCAAACCTG,13,0.6660064765511557,negative
TGTCCTGAGGTCTGGA,6,0.8494625893244536,singlet
CAACGATGTGTTAACC,13,0.7149891544576438,negative
GTCTGTCGTTCCTACC,12,0.8414730207514869,doublet
TGGAGAGTCTGACCCT,13,0.6639195079861997,negative
TCGGGTGGTTCAAAGA,3,0.8278024658402118,singlet
CGCAGGTTCATTTCGT,6,0.8385352597266827,singlet
AGGAGGTGTGCTTATG,2,0.9154627592735978,singlet
TAAGCCATCGAAGCAG,2,0.9608762255208092,singlet
GTCCACTTCCCGAGGT,1,0.8878728072050478,singlet
CTTTCGGTCTACAGGT,9,0.9999999898995792,singlet
TGAGGGACATTGACCA,3,0.8668231886433467,singlet
ACTATGGCACGATAGG,13,0.5455048275747124,negative
GGCGTCATCTGAATGC,13,0.6565738933392798,negative
CCTCTAGAGAAGTCCG,12,0.8398960602230369,doublet
GCATGATGTGCGTGCT,10,0.9065960277622184,singlet
TCGACCTCAGCTATAC,13,0.7435731286013683,negative
TTTACCATCTCTGACC,2,0.8749748167006888,singlet
CTCGAGGTCAGCTAGT,5,0.8780614040190796,singlet
ACCACAACACGAAGAC,9,0.9261783028525976,singlet
TGCTCGTAGGATACAT,0,0.9413112545311764,negative
TACGTCCCAAGCGAAC,7,0.8505518658543452,singlet
GCTGGGTTCAGTGCGC,12,0.812844330425661,doublet
TCACATTCATGTTACG,1,0.8970541193759196,singlet
AGCTTCCTCTGCTGAA,0,0.999791345775672,negative
CGGCAGTTCTTGCGCT,0,0.940462450334974,negative
ATTCTTGTCGCAGAGA,5,0.9044694431686942,singlet
CTTACCGTCAGAACCT,9,0.9596716230862444,singlet
GAGCTGCTCTTGGTGA,6,0.8898866970849436,singlet
GTGTGATGTTATGTGC,13,0.6396233961187016,negative
GGTTGTACAAGCGCAA,10,0.856679060382933,singlet
GCCATGGAGTTGGAAT,8,0.9069445959131182,singlet
CGCCATTAGCGGTAGT,3,0.8836043597212522,singlet
CTGAGGCAGGTTACCT,3,0.9073050053240532,singlet
TCATGCCCAACAAGAT,13,0.5461187923980669,negative
CACATGATCTTGAACG,6,0.8911882306149406,singlet
GACTTCCGTACGAAAT,13,0.7398838569126849,negative
GGGTCACCAATTGCTG,3,0.8657739732555745,singlet
GCTGCAGCAGCTCATA,10,0.881279311219108,singlet
GTAATGCCAGGACATG,13,0.7624331435303265,negative
CATGCTCTCTGGAAGG,5,0.8876314717361355,singlet
TAATTCCCAAGAAACT,5,0.8779063391542461,singlet
AGCTCAATCCGAGTGC,13,0.7771349500158323,negative
TTTGGAGCAGTCTTCC,10,0.8786644846718188,singlet
ATCCATTCAATTCTCT,12,0.8640461606837007,doublet
TCATCCGCATACACCA,0,0.8880214356885092,negative
TTACGCCTCGTTCGCT,13,0.4263103958308965,negative
GATCACACAGCTCCTT,9,0.8813260074470556,singlet
AATCACGGTTAAGACA,13,0.7469827342347021,negative
CTCCTCCTCGTAGCCG,13,0.5976988962514244,negative
CACGTGGGTATCACGT,0,0.871979479911602,negative
ACACAGTAGAAGCTGC,3,0.9462731410489652,singlet
ATCGCCTAGGGTACAC,7,0.8351883053102412,singlet
TGGGAGAGTAGACGTG,2,0.8821073482218619,singlet
ATGTCCCGTGTTAAAG,12,0.8873158214597747,doublet
TATCTGTAGTCACACT,4,0.8727548225068552,singlet
AGCTCAACATCTCGTC,2,0.8530395148098108,singlet
GCATGATGTGAATTAG,10,0.902182210876404,singlet
ACCTGAACAATTAGGA,13,0.7947817229750869,negative
ACTTTCACAACACGAG,9,0.8925086867606119,singlet
GTGGTTAGTATTCCGA,13,0.5102952450711554,negative
TTTGATCCAACCGACC,2,0.8853486997765267,singlet
ATCGTAGCACGTTCGG,8,0.8673489048376763,singlet
GCAACATGTGGAAATT,6,0.8716508481137547,singlet
ATTCCCGTCATAGGCT,6,0.8637758326791287,singlet
GAACACTAGATTGCGG,9,0.9000624403558068,singlet
CCTAAGAAGACTCTAC,9,0.899274736135152,singlet
AGGCCACCAGTGGTGA,7,0.91193914838293,singlet
AGTACCAAGATCCTAC,13,0.502329106508608,negative
TGCAGGCGTCGTATGT,9,0.999948079381211,singlet
CATGAGTGTGTCTTGA,13,0.7814890989065238,negative
CAGTGCGCAGTTTCGA,5,0.807175288240818,singlet
TCGTAGACAATCGCGC,0,0.9777188108202718,negative
TGACCCTTCGTCCTTG,8,0.8971507517212075,singlet
ACGGGTCAGGCGCTCT,10,0.8819090946173569,singlet
TTGGATGTCTTCCGTG,11,0.8577246196977034,singlet
CGTAATGCACGACAAG,9,0.8899216903344672,singlet
TCAATCTAGTGGTGAC,5,0.8758437340654934,singlet
GTAGTACGTACTAAGA,11,0.8887209868836232,singlet
CCCTTAGTCATGAAAG,13,0.68232574330438,negative
TCAGCCTAGGAGTACC,13,0.7725270452631372,negative
CTACCTGCATCGCTAA,2,0.899974268048882,singlet
TGGTGATAGGAGGCAG,1,0.805552475618647,singlet
TCCATGCAGGATTTCC,13,0.7979096671885559,negative
CCACACTCAAGACCGA,6,0.8835293983870803,singlet
AAGGAATCATGACGAG,0,0.8773584915380229,negative
TGAGCATTCCTTCTGG,7,0.9136686150764788,singlet
TGCGACGAGGATTACA,0,0.8595117466830443,negative
TTCTTCCGTCACCTTC,7,0.8108368328728806,singlet
TGCCGAGAGCCGCTTG,13,0.6843603196440308,negative
TCCCAGTGTCCGAAAG,0,0.863171507549152,negative
CTGGCAGAGGTGCAGT,3,0.8808962643398773,singlet
CGCGTGAAGAATTTGG,2,0.8301338184944815,singlet
AAGTTCGGTACTGCGC,6,0.8662801832055839,singlet
AGAAATGGTAGCGTAG,9,0.894739557080978,singlet
GACTCTCGTGCTTATG,10,0.8835748531991096,singlet
CGGGTCAGTCACGACC,0,0.9224512227998088,negative
AGTTCCCTCTCTTAAC,13,0.5847494231147936,negative
ATCCATTCAAGTGCTT,13,0.6995855124334717,negative
ATCACGACAAAGAACT,13,0.2613041291069486,negative
TAATTCCAGGTACCTT,13,0.7670512848249631,negative
GTCATTTAGAGGTTTA,5,0.8593462854495852,singlet
GGGTATTAGGTCGAGT,8,0.9149093187256956,singlet
ATTCTTGTCCGCTTAC,7,0.8995628753325102,singlet
AAGCGAGTCTTAGGAC,7,0.946762155300004,singlet
GTTTACTGTCCGTACG,12,0.9035422862998956,doublet
ATTGGGTTCGCCAACG,6,0.8900101892002474,singlet
TTCTTCCTCTCGGGAC,2,0.8677505656583966,singlet
CACTAAGGTAACATCC,13,0.7533209880085993,negative
ACATGCACAATTCTTC,1,0.8157928517357147,singlet
CACACAACACCAGCTG,9,0.8222695989659923,singlet
CATGCTCAGGCAGGGA,8,0.8437723571339089,singlet
CTCTCAGAGTAGCTCT,0,0.9107924417915028,negative
GCCATGGTCGTTGCCT,7,0.8945255464375864,singlet
GCCAGGTTCGGAAGGT,12,0.9068322273532488,doublet
TTTCACATCAAATGAG,8,0.9785472858506018,singlet
TGGTTAGCAGTTGTTG,12,0.8764014111094001,doublet
AAGTACCTCCCGTGTT,13,0.7326453584559353,negative
ATCCCTGAGGCTTTCA,13,0.6236528168735045,negative
AACAGGGAGTCTCCTC,6,0.8837907763820229,singlet
CGCATAAAGTAGACCG,8,0.9220399057250778,singlet
ATGGGTTAGGTTCCGC,12,0.907754660773692,doublet
TAATTCCGTTAAACAG,0,0.9212647206774994,negative
TGTTCATCAATACCTG,13,0.5071718796789993,negative
CATCCACGTGCGACAA,13,0.6401553277059413,negative
CTTGATTGTTGCATGT,0,0.8791798961589405,negative
CGTGCTTGTAATGATG,13,0.2840653444995266,negative
GAACACTGTACAAGCG,3,0.9034297480764923,singlet
CAAGGGATCCAAAGGG,1,0.9162365107588128,singlet
CATGCTCCAGAGATGC,8,0.9027788909842288,singlet
TACGGTACACGGCTAC,13,0.22920457129869,negative
GCTGCAGCATGGCGCT,3,0.8737639624971961,singlet
GAACGTTTCGCCTTGT,2,0.8619538284797529,singlet
GTTGTAGGTTCTCCAC,4,0.8621059914478775,singlet
AGAAATGTCCATTGGA,6,0.8666121630947002,singlet
GACCCAGAGATTAGCA,13,0.508887858382896,negative
CTTCAATCAAACCGGA,13,0.764726412314276,negative
ATTACCTAGGCAGTCA,7,0.8867763241072029,singlet
TGCGGCAAGTGTACAA,13,0.6001498705050483,negative
CTCATTAAGAATTCAG,13,0.6789668569849836,negative
CGTCCATAGACTTAAG,0,0.961735923921138,negative
CTCCGATCAATGTCTG,0,0.9015926095811349,negative
ATATCCTAGGCTTAAA,6,0.8834125190086664,singlet
TTATTGCTCAATGCAC,10,0.8018011021519861,singlet
TCTCCGAGTGTGAGCA,5,0.9412297866528296,singlet
CAGATTGCACCGTACG,13,0.5640160839580466,negative
GCGGAAACAATCCTTT,13,0.7987433041519572,negative
CATCCCAGTGAATAAC,0,0.8532326460035576,negative
TTTCAGTTCTAGTCAG,2,0.9649057147200768,singlet
CATTCATCATGAGATA,0,0.999934052687092,negative
ATGGAGGAGAACCGCA,13,0.7699106045987286,negative
GTGTAACAGGCATCAG,8,0.898240681184821,singlet
GAAGGACGTGGTCTCG,9,0.9047714880071402,singlet
ATGCCTCGTCGTAATC,13,0.6267517078289153,negative
TATTTCGGTGATTCAC,0,0.8945138579649391,negative
ACAGGGAAGATCGGTG,4,0.8833705791692029,singlet
TGCGACGAGCTAGCCC,10,0.8721118541277152,singlet
CTGCAGGCAGCGTGAA,4,0.8539129978777971,singlet
TCGCTTGAGGTCGTAG,0,0.8889390384799768,negative
GACGCTGGTAATCAGA,10,0.893737686243116,singlet
ACTTTCAGTGTGTCCG,8,0.8898943177867377,singlet
TCATTTGCATCGCTCT,8,0.9998042630141744,singlet
TACCCACCATCGTTCC,11,0.9553322116429992,singlet
TAAGTCGAGCGTCAAG,11,0.8847806050988511,singlet
TGATTTCGTATAGCTC,0,0.8676924564869302,negative
GGAATGGAGGGCTGAT,1,0.8996148991625555,singlet
CACCAAAAGCGTCAAG,6,0.8381670518665876,singlet
CTTTCGGAGGAACGAA,10,0.9595903911001928,singlet
GTTTGGACATGGATCT,13,0.5504263786971367,negative
GAGTTTGGTAGGCAAC,10,0.9023167882679493,singlet
TAGTGCAAGTGCGTCC,7,0.9146945114655004,singlet
AAAGGATTCCGCGAGT,10,0.8851909795357601,singlet
CCTCTCCAGATTCGAA,0,0.8843053170801604,negative
CACGAATAGTAGTCCT,0,0.8650322665066212,negative
TTTACCATCTTGATTC,0,0.9999068981374308,negative
CATTCCGTCAGGTGTT,6,0.9022926190293432,singlet
ATGGGTTAGCACTAGG,13,0.590274516153541,negative
GAGTCATGTATGTGTC,7,0.862475330423589,singlet
CTTCAATTCAGCTGTA,12,0.9845947510524128,doublet
CATCGCTTCAACCCGG,13,0.6868145315849967,negative
CATAAGCAGCAGGTCA,6,0.8890537974080525,singlet
TTCTCTCAGACGTCGA,3,0.9037493068418976,singlet
GGCTTGGCACTGGATT,0,1.0,negative
GCGAGAAGTCCCTGAG,5,0.8366845808006886,singlet
GGTTGTACAAGTCCAT,5,0.9060785122408974,singlet
GGGCTACAGCACTCAT,3,0.8897394738293368,singlet
CGTGCTTAGGATTTGA,6,0.9121740740890648,singlet
TTCGCTGGTGAATGAT,6,0.8846611660022896,singlet
GGTCTGGCAGAGATGC,8,0.9322956790107332,singlet
CTCAGGGCACTGGCGT,13,0.4839641589464885,negative
TGAGACTAGCCTTGAT,12,0.9284297568567969,doublet
AGTTCCCCACGATAGG,5,0.8793725629579056,singlet
GATCATGTCGTGGGAA,11,0.8500080443732287,singlet
GACCAATTCAAGTCTG,1,0.9125434153727264,singlet
GGGATCCTCGTGCTCT,0,0.954376918031432,negative
TGATGGTAGCAATTCC,13,0.5198910583246158,negative
TCCCACACAACGAGGT,5,0.9049740582021004,singlet
TGTGAGTAGAAGATCT,5,0.9371636421297344,singlet
GTTACAGTCAGGAACG,5,0.8936283552735927,singlet
GATCCCTCAAGCCCAC,13,0.5637901941148736,negative
AATCACGCACCAATTG,4,0.8893155188265832,singlet
CTCTCGAGTTGTCCCT,0,0.8608401747568527,negative
TTTCCTCTCCGTGGCA,0,0.9067497414792908,negative
TACACCCGTGCAACAG,3,0.9096667489763932,singlet
CTCCCAACACTTGTGA,13,0.7891001122281673,negative
ATAGACCCACAAACGG,7,0.9000259252313321,singlet
AGGGAGTTCGCCTTGT,13,0.430204141792766,negative
ATTACCTAGCGTCGAA,2,0.8883554860202135,singlet
CTGCAGGGTGTTTACG,13,0.4897110393563564,negative
GGTGAAGCACAAGGTG,6,0.8324512734874631,singlet
TGATGGTAGGTTTGAA,3,0.9016849395536048,singlet
GAGGCAACATGGCTAT,8,0.8357418112163348,singlet
TTAGTCTTCCACCTGT,6,0.8963787375419108,singlet
CACAACAGTGAGACCA,7,0.9028204461877632,singlet
TTCCTCTTCGTCGGGT,13,0.7925366523521988,negative
TCTGCCAGTTTCTTAC,5,0.9814882911760072,singlet
CGGAACCGTGGTCCCA,5,0.8070039742500842,singlet
TGGGAAGTCAAAGACA,3,0.9245124013768414,singlet
CATTCATAGCACCGAA,5,0.8961462503982616,singlet
AGCTACACATCCCGTT,3,0.9826532077696029,singlet
GGACGTCCATTGGCAT,13,0.6495814927488363,negative
AATCACGAGTGGTCAG,5,0.8784738186841815,singlet
ATGGTTGTCGTGCTCT,13,0.7593846220667294,negative
AACAACCGTTCTCGCT,0,0.8218194036159732,negative
TCATACTAGATCGGTG,8,0.8339253474620272,singlet
TCTATCACATCATCCC,13,0.5432638911520561,negative
GTCGTAAAGGAGCAAA,13,0.7175955646659438,negative
GGGTTTACAGGCTACC,0,0.8886006298205044,negative
TCAGCAACAATACCCA,13,0.7396230355720711,negative
ATCGTAGCAGGTACGA,13,0.5348347899016284,negative
TAGGAGGGTAGAGATT,12,0.9849578146627216,doublet
ACCTACCCAGTCAGCC,8,0.8260551146015604,singlet
CCCATTGCACTTGAAC,13,0.4205479312966739,negative
AGTAGTCGTCTTGTCC,2,0.881954838569765,singlet
AACCCAAGTCCATACA,13,0.747431442319924,negative
TTTCGATTCACTTATC,6,0.8906477964202919,singlet
CACGTGGAGGTCTTTG,2,0.9375050593992752,singlet
GGGCGTTTCACTACGA,4,0.9794002627507582,singlet
CACGAATCAGAGGTTG,13,0.5214421951203766,negative
TCCGAAAGTAGCACGA,0,0.8216804733004334,negative
GAAGGACTCTCAGGCG,11,0.8916346572038616,singlet
CTAAGTGCAACGATCT,1,0.8328482622241267,singlet
TTTACTGTCAGCGGAA,8,0.9051940539208634,singlet
ATCTCTACACAATCTG,3,0.90423231922567,singlet
TTACCGCTCCTCGATC,9,0.9068889135045431,singlet
TTGTTGTCATGACTGT,0,0.9011249916824048,negative
CTTCTAAAGTGACCTT,9,0.9036801110582944,singlet
CTCATTATCATTTACC,10,0.9095477279285314,singlet
TTGGGTAGTCTACGTA,10,0.9031572026285796,singlet
CTCATGCAGAAGTCCG,13,0.7394277126295536,negative
AAGCGAGAGTAACAGT,13,0.7992371753195935,negative
AAACCCATCGTGTCAA,8,0.9754955209919736,singlet
TTATTGCGTAGACACG,9,0.8908059590510192,singlet
ACAAAGAGTGGATACG,8,0.8800987857472744,singlet
ATCACAGGTCAGTCCG,9,0.8805623791864142,singlet
CAAGACTTCTCGGTCT,8,0.8854559205028331,singlet
TCATCATCACTTGGGC,0,0.9193268763835424,negative
ATGGGTTTCCAAAGGG,6,0.8229669694344546,singlet
CCTAACCTCTTAGTTC,0,0.8872397718361424,negative
TGCGGCAGTCTCTCCA,5,0.9830940928889652,singlet
AACGTCAGTGAGACCA,13,0.2810581461531749,negative
TCATGCCAGCTGCCTG,13,0.6483322168180355,negative
GACATCACAGATCCAT,9,0.8968176204422126,singlet
GTTGAACAGTCACAGG,0,0.8673901429164377,negative
GTGTTCCTCCCATTTA,7,0.9058190541664926,singlet
TTTCGATGTCTGTAGT,13,0.5531751411351652,negative
CCGGACAGTACTCCCT,3,0.91316263939609,singlet
CTGTATTCATGGGAAC,3,0.8375006654951499,singlet
GACCTTCGTTCTAAGC,13,0.5247236379731494,negative
CCTAACCAGATCACCT,0,0.8641646115282646,negative
CAGGGCTGTCGTCGGT,6,0.8868146948162715,singlet
ACCAAACTCTGCAGCG,11,0.8538967252346376,singlet
AGTCAACCACTGGCGT,7,0.8918118200784009,singlet
AGGATAAGTGTAACGG,11,0.8766697437713349,singlet
AGGATAATCTAGACAC,0,0.8766811344125116,negative
AATAGAGAGTTACGAA,10,0.881452516537605,singlet
TTTCATGAGGTTGCCC,11,0.9037216742215702,singlet
TCATTTGTCACCTGTC,10,0.8937325480234277,singlet
GATCATGTCCAGGACC,0,0.8805847721002987,negative
TTCAATCAGAGCCCAA,8,0.8980976239551857,singlet
GACATCATCGACCAAT,12,0.8460758488589636,doublet
GATCCCTAGACAAGCC,0,0.9059527036792188,negative
TCAAGTGCAGCCCACA,5,0.8965462836445259,singlet
GTCTCACGTTGGGCCT,2,0.9086027110992324,singlet
TCATCATAGGACACTG,7,0.9224490915563038,singlet
AGTCACACAATTGAGA,3,0.9008018144209098,singlet
GTTTGGACAGGCATTT,13,0.6919094280961258,negative
GAGGGTAAGTCTGTAC,10,0.8416246128631132,singlet
GTAGTACTCCTAACAG,8,0.9715185251304768,singlet
ATTACTCAGCATGCGA,13,0.6653668832112002,negative
AGTTCGAGTTGCAACT,8,0.8996486654840934,singlet
TCGGTCTCACCTGATA,11,0.8473105452282474,singlet
TCGCACTCAGAGGACT,3,0.9020280970063478,singlet
GATTCTTCAAGCGAAC,11,0.8870349936494986,singlet
ACGTTCCCACTCCTGT,2,0.8461720249778356,singlet
GATAGCTAGGAAGAAC,10,0.9198407335428864,singlet
GCGGAAACAGGACTTT,13,0.6988463414672224,negative
GGTAGAGGTTCGGTTA,13,0.6148849128198296,negative
ACCACAAAGACTGGGT,13,0.4950397926432354,negative
TGTTGAGGTAACAGTA,3,0.9283115935215176,singlet
AGCCAATGTGGCTGAA,13,0.7485365017802057,negative
TCAAGACGTATGGGAC,13,0.3410243350614475,negative
GCCATGGAGGTACAAT,4,0.8482598313258799,singlet
CCCTGATAGCGATGAC,13,0.5557128942172658,negative
CTGCCTAGTCTAGGCC,7,0.8700599577086437,singlet
TTAATCCTCATTGCTT,13,0.7948722390289766,negative
CCCTCTCCACTAACCA,0,0.8939276796242889,negative
TGCTTCGGTGTTTACG,0,0.8949495053482683,negative
CGTGAATTCTATCCAT,13,0.722261224817769,negative
AATCGTGAGAGTACCG,0,0.9628396768628994,negative
CCGGTGACAGAACATA,11,0.8453483020339374,singlet
CGAGTTACACTGAGGA,11,0.8454404840211363,singlet
CTACCCAAGAGCAGAA,13,0.5272290855925884,negative
GAAGCGATCACCCATC,5,0.9040565991714472,singlet
TCAATTCTCGCGGACT,13,0.7642738341092151,negative
AACAAGATCGAGAGCA,13,0.6711345544494337,negative
TTCACGCTCTGCGGCA,8,0.846945043491238,singlet
AGCTTCCTCCTGATAG,12,0.8557493716372231,doublet
TTTCACACAGCTCTGG,12,0.8632877185638467,doublet
CATCGGGTCAAGTTGC,7,0.9005229304862686,singlet
TAGACTGTCCATGCAA,1,0.9768852029294468,singlet
AAGAACATCGGAGTAG,7,0.9003889419802543,singlet
CCTTCAGCACGGGTAA,5,0.8824615165112835,singlet
ATTACTCCATACAGAA,3,0.9042104096529114,singlet
TCTTAGTTCCGTCACT,13,0.4288125759860872,negative
GGTGAAGGTGACTCTA,6,0.8184390087795349,singlet
AGGACGAGTTCCTTGC,2,0.9245732383970188,singlet
CTAGACAAGGAAACGA,13,0.6080262314605931,negative
CAGGCCAAGACGTCCC,13,0.642700726216646,negative
GTGATGTGTACTGCGC,4,0.8850452582357734,singlet
TTTCAGTAGATTTGCC,12,0.884131621188255,doublet
GTCTGTCAGGCCACCT,1,0.8245176246937588,singlet
AGGGTGATCTCATTAC,9,0.9043651991600944,singlet
AACAACCGTATCTCGA,9,0.9021480222189328,singlet
GAGGGATCATTCCTCG,13,0.791337193825236,negative
CTGGCAGGTATTCCTT,11,0.9175923513922682,singlet
TTTCACATCACCACAA,4,0.9131811217250366,singlet
TTACGCCAGCCTGACC,13,0.5503862785813274,negative
ACCAAACCAAACGGCA,13,0.6148763999733547,negative
CACGAATAGTAAACAC,10,0.914423775648746,singlet
TACTTGTCAAGTGGCA,7,0.8732865957592513,singlet
GTGTTAGGTAGTCGGA,9,0.9077737038992596,singlet
GCCGTGATCAAGTAAG,0,0.8264914654910643,negative
TGGATCATCACGGGCT,13,0.7953130643170978,negative
CCCTGATAGCATGAAT,7,0.9343629693663532,singlet
TAGGGTTGTCTGTGGC,9,0.8718352368539108,singlet
CGAATTGGTTCGCGTG,0,0.849480070545228,negative
CTATCCGCATCACGGC,9,0.9174183047031796,singlet
CACCAAAAGACTAAGT,13,0.7783652288702055,negative
TGTTGGACAGTATACC,1,0.9999476406606276,singlet
TTCTAACGTCTACGTA,0,0.8992691903902238,negative
GCACATATCCGTAGGC,5,0.9246080747147336,singlet
TCTATACCAAACACCT,4,0.8679112585982609,singlet
GTCGTAAAGGAATTAC,0,0.9999073510313544,negative
CCGTTCAGTGCTCCGA,2,0.8861511288180567,singlet
TATCAGGCATGGGTCC,8,0.8884394066520244,singlet
CCTTGTGTCGCAGTCG,0,0.8439634800966419,negative
GACGTTATCAGAATAG,0,0.8287522466885705,negative
TTCGCTGAGCCTTGAT,9,0.8918225571950505,singlet
CTCCATGAGTCATCCA,5,0.9019980467751094,singlet
AGACTCAAGACGTCGA,8,0.9365620728192522,singlet
TATCTGTTCGACATAC,3,0.910632724111102,singlet
GACCGTGGTACAAACA,7,0.8319582734239117,singlet
GTCTACCGTAACTTCG,13,0.4677817645845314,negative
TAATCTCTCCACACCT,7,0.9079934810977102,singlet
CCTATCGCAAGTTGGG,0,0.9996794042385402,negative
GCTTTCGAGCACTCCG,5,0.8512452738015476,singlet
GCATGATAGTAACGAT,3,0.9113255958765694,singlet
ACATCCCGTCGGCCTA,2,0.826477694483995,singlet
GATTCGATCTAGACCA,3,0.910707409837756,singlet
GCTTGGGCAGCTACTA,8,0.9480418023557952,singlet
TCGGGCAGTTCGTTCC,6,0.8588088023600573,singlet
GTTGCGGCACGGGCTT,7,0.8326696898397897,singlet
ACCAACAGTGGCCCAT,7,0.8308062886066775,singlet
GGAATCTCACTCAAGT,11,0.8825372279939898,singlet
AGTGTTGTCCCATACC,13,0.7549728241888491,negative
TCTTCCTAGTCCGCGT,10,0.9997298124781008,singlet
AAAGAACGTTCATCTT,1,0.8576020887474561,singlet
GCCGATGTCTCCGCAT,3,0.906785345882798,singlet
CTTCCGAAGGATGAGA,10,0.8685433966482722,singlet
CAGATACTCACTCCGT,8,0.8882510457063443,singlet
GACTATGGTCCTGGGT,13,0.7308024910415392,negative
TTTGGAGGTGCATCTA,3,0.907224854485638,singlet
GCTGGGTGTGCTATTG,5,0.9052513991417672,singlet
TCATGGACAATTTCCT,2,0.8914058704507661,singlet
CTCAACCAGCCTGTGC,9,0.9272441192844336,singlet
TGCTTGCTCATCCCGT,0,0.9215621655723304,negative
GTTAGACGTCGTAATC,11,0.89769545821725,singlet
GTTGTAGGTGAGAGGG,7,0.8860716714170724,singlet
ACTGCAATCTGGGAGA,5,0.9045928974643714,singlet
GTAGGTTCAAATGGTA,4,0.9658229404092644,singlet
CATCCCAGTCCAGCAC,1,0.8851364121670698,singlet
TACCGGGAGATCACTC,4,0.8933307597285057,singlet
CAAAGAAGTCTTTCAT,1,0.901026563618646,singlet
CGAGAAGTCCCATACC,6,0.9999887671652264,singlet
TAGGTACTCAAGTCTG,3,0.968105762800564,singlet
TCGTCCAAGTCATACC,6,0.8559372951264523,singlet
ATTCCATGTAGAGACC,11,0.8241083843983444,singlet
TTCGGTCAGTTGTAAG,8,0.9276039328732572,singlet
ATCACAGGTACGATCT,10,0.8491635021443978,singlet
GTGAGCCTCACTGGGC,12,0.9619996711411948,doublet
GACAGCCGTACGGGAT,0,0.8515532474090184,negative
ATTACTCAGCCAAGTG,0,0.8654194343199637,negative
ATCACAGCAAGGATGC,1,0.84450055631019,singlet
AACAACCGTAGGAGTC,5,0.8994535093318775,singlet
GTTGTCCTCAAACTGC,5,0.8765565585174403,singlet
TTGCATTCAGACCTAT,4,0.84961337831942,singlet
TTCCTAATCGCTGACG,13,0.6281946975576195,negative
AACCAACTCGCTGACG,13,0.76608046996633,negative
TCGCTTGAGGCACAAC,13,0.7908244325102554,negative
GAGACTTCATTCGGGC,0,0.8415518032303524,negative
AGGAGGTTCGAAACAA,13,0.756112862679881,negative
AGAGAATGTTGTTTGG,3,0.8945102050094036,singlet
GCGAGAACATGTGTCA,3,0.8709223019561192,singlet
CCATCACGTACCAATC,0,0.9257154388945787,negative
CCTTTGGCATTCAGGT,0,0.911802653437884,negative
TATCTTGAGAGTACCG,13,0.5884912935016472,negative
GAACTGTTCATGGTAC,1,0.8034060147590479,singlet
ATTTCACCAACACTAC,13,0.7312288194051911,negative
AGGAGGTCAACCAGAG,1,0.8896477963594558,singlet
CTACCTGTCCTTACCG,12,0.8480851117456231,doublet
AGAGAATAGTCAGAGC,6,0.8969891987181327,singlet
AGGCATTCAGCTCCTT,13,0.7423135445354697,negative
GTTGTCCAGAAACCCG,0,0.8750197908578179,negative
GGTTCTCCAGCGCTTG,7,0.9056971797689196,singlet
TAGGTACAGGACGCAT,9,0.8488115882684608,singlet
ACCATTTAGATTGACA,12,0.8781299700433423,doublet
TGTGCGGAGACTCTAC,2,0.8716036951915793,singlet
AGTTCCCTCTGGAGAG,7,0.9044467783664738,singlet
CCGTGAGAGGCGCTCT,1,0.8766427384682384,singlet
TCTCACGTCGTCTCAC,4,0.8665753904323424,singlet
CTACATTTCTCTGCCA,12,0.9016854697408884,doublet
ATGGGTTCAGTAGTTC,0,0.8733838440047561,negative
GGGTTTAAGCGTGTCC,9,0.8989949951241635,singlet
CGGAACCTCGGAATGG,5,0.8974185394217451,singlet
GCCGTGAGTCTAGGCC,8,0.8887788793313638,singlet
CAGATTGTCGAGCTGC,13,0.5868553035270029,negative
CAAGAGGTCTGATGGT,5,0.9083550561053336,singlet
CGGGCATTCCCGAAAT,6,0.9125321365624212,singlet
GAGTTTGGTTATAGAG,13,0.6871496241259691,negative
TGAGGGATCACTGATG,2,0.8619040088935614,singlet
ATGGTTGTCTTGATTC,0,0.8732961222518097,negative
CGATGGCGTCACAGAG,9,0.8269494991112236,singlet
CGTTCTGAGACATGCG,5,0.8996533315241816,singlet
GGAGATGAGCGATCGA,7,0.9574559050073684,singlet
CGAGTTACACTCCCTA,12,0.9204919869182492,doublet
CCCTCTCAGCTCAGAG,10,0.8817086494581636,singlet
TGTCCTGCAACTGATC,2,0.9659876233404612,singlet
GGTCACGAGTAAATGC,0,0.8477015053050682,negative
AATGGAACAGTGGGTA,2,0.8007552256232706,singlet
AGTCTCCGTGCATGTT,10,0.812791012871533,singlet
GGGAGATCAAGGCTTT,13,0.6393604242585094,negative
TCGTAGAAGGCGACAT,13,0.6336427514151911,negative
GTCATCCAGACTTCAC,9,0.8666083449941041,singlet
GGGTCACTCGCACGAC,1,0.8866032274648764,singlet
TCATTTGTCTATCGTT,5,0.9426388944701084,singlet
ATTCTTGAGACGAGCT,3,0.8509867356752345,singlet
TCTATCATCGTAACCA,7,0.9122976740901604,singlet
GCGTGCACAACCACGC,4,0.8410937013062771,singlet
TCGCTCACATTGCTTT,11,0.8634875493577722,singlet
GATGCTAGTTAAGACA,0,0.8841163380920061,negative
CAGGGCTGTATGGTTC,11,0.903925903002942,singlet
CGCCAGATCCGGCTTT,12,0.9048133089523293,doublet
AAGATAGCAATTGGTC,3,0.8055804604449426,singlet
ATCCGTCAGTAGCAAT,5,0.8708576593761611,singlet
TTCCACGAGGGTAATT,2,0.8188094849965848,singlet
TACCCGTGTTGTAAAG,5,0.9000105137414004,singlet
CCATCACTCGTTGTAG,13,0.7900066710622853,negative
AGGACTTGTAGCTGCC,5,0.8889272584199998,singlet
TCGAAGTTCTCCCTAG,10,0.8745371903600397,singlet
TCTTCCTTCACGACTA,13,0.7277643415442461,negative
CTCCCAAGTATGACAA,7,0.8665211831956002,singlet
GTAAGTCAGCGGATCA,4,0.8670758791455135,singlet
TGATTTCAGGGTACAC,13,0.7658094876448609,negative
ACATCGACAGGACTAG,6,0.8810143990933267,singlet
AGTTCGAAGGCGAACT,0,0.928250421603514,negative
ATCCCTGGTTGGGCCT,13,0.7871572935090333,negative
TGTTTGTAGGTTCTAC,13,0.6666002962572194,negative
GCGTGCACAAACCGGA,6,0.8029373691535427,singlet
TACATTCGTCATAAAG,0,0.9391299478143392,negative
CTGGTCTGTCCATACA,9,0.9084068438162756,singlet
AAACGCTAGATACATG,9,0.820598252004523,singlet
GAAACCTTCCACACAA,13,0.6761265340599032,negative
CTCATTACATGACACT,3,0.8309365763880826,singlet
TGTGATGTCACTCGAA,13,0.6876328992714554,negative
CATGGATAGGCGTCCT,12,0.9542258472264472,doublet
CAGCAATCAAACCATC,6,0.8058392798300793,singlet
TTTGACTTCCTACCGT,3,0.916920450962418,singlet
TCGACCTGTCAAGCCC,7,0.8952873041707666,singlet
GGTTCTCAGTTCACTG,4,0.8943340198090509,singlet
AACCACAGTTGCAAGG,13,0.7450124476112644,negative
AAGCGAGCACTAACGT,0,0.8851519431445802,negative
GATTCGACACTCCGAG,3,0.9083601119723046,singlet
GAGTTACAGCAGCCTC,0,0.8381314057945267,negative
CATGCTCGTCACAATC,5,0.8768824054704849,singlet
TTACGCCGTGTACGCC,11,0.95378264002038,singlet
GGTGTTACAGTCTGGC,13,0.778846185168676,negative
CGAGGCTCATCCGAGC,13,0.7439097331672422,negative
CCTAAGAAGCTGCCAC,9,0.8527512262485357,singlet
TAGAGTCCATTGACAC,9,0.9161129905938498,singlet
TTGTTTGCAGTAACGG,6,0.8740294367333122,singlet
TGAATGCAGAGGTTAT,11,0.8581548267059494,singlet
ATCGGCGCACTTGACA,0,0.8249476848614063,negative
ATCCACCCAGACGGAT,4,0.8659669828146336,singlet
AATGCCACAGATAAAC,13,0.7762132057464577,negative
TATTTCGCACACACGC,0,0.9999138774681448,negative
GAAATGAGTACTGCCG,11,0.8632259038882754,singlet
AGAACCTTCACCCTTG,4,0.8890100138124786,singlet
AAAGTGAAGCCTAACT,2,0.9480356079600276,singlet
GGGCGTTGTTCAGCTA,8,0.8775605331373025,singlet
AGATCGTAGGGTCTTT,6,0.8809636677084802,singlet
CATTTCATCAGCCCAG,5,0.8452447540684267,singlet
TTCCAATTCTGCGAGC,1,0.8825391657095796,singlet
CGGCAGTGTGGTATGG,0,0.8772353531744855,negative
TTTGACTGTTGCTCCT,0,0.8811658600511617,negative
ACTTTCATCACGGGAA,6,0.8593997136492361,singlet
GGTGGCTAGCGCGTTC,3,0.8965436264508642,singlet
AAGAACACATCTTCGC,10,0.8967721348921672,singlet
AAGTTCGTCACCTCGT,7,0.8587157923139919,singlet
TGCAGGCAGATCACCT,3,0.8481261331528933,singlet
AACCATGGTAATGTGA,13,0.7620075878647671,negative
GAAGTAAGTTCCGCAG,4,0.8856853422831358,singlet
AGTACTGCATATGAAG,13,0.700631892872692,negative
TGTGATGGTATGTCCA,12,0.9052835379048608,doublet
ACTATCTCAATGGCAG,9,0.8841929132679786,singlet
TCACTCGAGCCGGAAT,3,0.8914086628706702,singlet
ATCTTCATCTGGGATT,0,1.0,negative
TATTGGGCATACATCG,2,0.8790891450474707,singlet
GTCTCACGTGTGATGG,13,0.740653430257266,negative
ATCGGCGAGGAATTAC,10,0.941104166866635,singlet
CTTAGGAGTGCCTACG,3,0.9991577940260188,singlet
CTGTACCAGGTTCAGG,7,0.8763535058908155,singlet
TATCCTAAGCGTTCAT,8,0.9040957836627972,singlet
GTCGTTCGTCAATGGG,9,0.9054805129019992,singlet
ACTTTCAGTTCAGGTT,13,0.3690830955070125,negative
AATGAAGTCGATGCAT,7,0.978263231260574,singlet
ATTCCCGCACGATAGG,0,0.8817279293254954,negative
CGTAAGTGTGGTCTAT,3,0.9122789310977596,singlet
CTCTCGAGTTGGATCT,3,0.9008273442302814,singlet
CTCGAGGGTCAAACGG,0,0.8445832213120599,negative
AGAACAATCACTCGAA,7,0.888756689101456,singlet
GTCACTCCAGCATCTA,13,0.7891814644908717,negative
TTGCTGCAGAGAGCGG,0,0.8461859415918983,negative
ATTCAGGGTTTGGAGG,0,0.911403180480036,negative
AGGGTGACAACTAGAA,7,0.890012703855494,singlet
GCCCGAACAGCTGCCA,12,0.916821298934794,doublet
TCCTTCTGTTAGCTAC,3,0.9072318447736324,singlet
AGGGAGTTCTGGCCGA,6,0.8991480030056547,singlet
TCCATGCAGCTGACAG,1,0.822784893701593,singlet
GCTTCACAGCTTGTTG,0,0.8779096052186767,negative
CCCTAACGTAGCTTAC,13,0.6975656312438451,negative
CGTCCATGTCAAAGCG,0,0.858956580595493,negative
CTTGAGAAGTAGTCAA,2,0.8684244696490642,singlet
TGTGTGACATGATAGA,13,0.4828026436787564,negative
ATCGTCCGTTGCACGC,9,0.9999878826732091,singlet
AGTTCGAGTTCCACAA,2,0.8220064342769535,singlet
TTCTGTAGTTGTGCAT,11,0.9067420132038492,singlet
ATACCGAAGCCTGAGA,13,0.7892083239803216,negative
CAAGGGAGTAAGATCA,12,0.8918809455169233,doublet
ATGTCCCTCTACGCAA,13,0.5865731248675864,negative
ATCACGACACCAGCCA,13,0.7305714183153112,negative
ATTCTACGTGTCTTAG,1,0.9662377541195584,singlet
TCCAGAAAGGTTTACC,0,0.9515473597923824,negative
ATCGATGTCGTAGCCG,13,0.625401652137227,negative
CTCGAGGCACGTTCGG,10,0.8404405419452796,singlet
TACAGGTTCACCATAG,5,0.8907345870689115,singlet
GGAACCCAGTGAGGTC,13,0.7152075506915976,negative
TCGGGACCATGAATAG,13,0.663920131302116,negative
GAGTGTTGTACAGTTC,13,0.5262980112072235,negative
AAGCATCTCTCTCTTC,2,0.8676924298342115,singlet
ATTTACCCACCTGAAT,4,0.8514894636308555,singlet
CTGATCCCATGCAGGA,13,0.6424159017032613,negative
GGAGGATGTGTCCTAA,6,0.927249976480402,singlet
CATGCCTGTCTTGAAC,9,0.8714638342011387,singlet
CATTGCCGTCCTCCAT,5,0.8526440875073134,singlet
TCTCCGAAGAACGCGT,0,0.952588231015354,negative
CATGCGGTCTGGGCCA,0,0.8879759444023076,negative
GGTGTCGCATCGGTTA,11,0.8399471666875928,singlet
GAAATGATCCGACGGT,13,0.7968293539598508,negative
TAGAGTCCACATAGCT,3,0.8931430651499803,singlet
ATCACAGTCGCTGCGA,13,0.5554408276357781,negative
TTGTTCAGTGCGTTTA,13,0.5195497943995911,negative
TTAATCCCATCACAGT,3,0.918808287855874,singlet
CTCCCTCCAATCACGT,12,0.8548536075238283,doublet
GACCTTCAGATCCGAG,11,0.8898098933356939,singlet
GGGAGTAGTTGGGCCT,3,0.880329068076512,singlet
GACTCAACATGTGGTT,8,0.9608373833480488,singlet
CGTGTCTTCAAGTCTG,11,0.8845827169474176,singlet
TACCGGGCATAGTCGT,13,0.7138497254648024,negative
GAATCACGTCGAGCAA,13,0.7122913940340407,negative
ATTCCCGCACGTTCGG,6,0.8142520795403457,singlet
GTTGCGGTCAACTTTC,13,0.7628140427218341,negative
CTCTCGACAGCAGTCC,5,0.9061011247055129,singlet
TTGAGTGAGGACGCTA,7,0.94215478565829,singlet
TCGGTCTAGCAGCACA,8,0.8883178362476855,singlet
GGGATGAAGCGCCATC,13,0.6958260201108329,negative
CCTTCAGTCTCATTAC,9,0.8941659205003928,singlet
CGGAATTCAGGTTACT,2,0.8807697176499057,singlet
GACGCTGAGAAGGTAG,13,0.7467241299391149,negative
GACTCTCAGCACTCGC,13,0.5798184588033043,negative
GCCAACGCATATAGCC,3,0.871383924985173,singlet
ATCGTCCCAACGGTAG,4,0.867797106311016,singlet
CCTACGTGTAAGCAAT,0,0.8444209739123175,negative
CTGGCAGAGTGCCAGA,5,0.8845659435865826,singlet
TGGGCTGCAAGAGTGC,9,0.8610594766675514,singlet
GTTCATTCAAGTACCT,5,0.9350770834305072,singlet
TGTTGAGAGAGAGGGC,0,0.8164452632044479,negative
CCGGGTATCCTTGAAG,10,0.902983897790162,singlet
AATGGAATCCATCGTC,8,0.9753295864592644,singlet
GGTCTGGCAGCTGTTA,0,0.8572806760754698,negative
CCTTCAGTCCACTGAA,13,0.7776477511441717,negative
TCGCTTGTCGTAATGC,12,0.846268202593969,doublet
GCACTAACATTCAGCA,8,0.902853047382522,singlet
CCTCCTCTCAAATAGG,8,0.8886344544763984,singlet
TAATCTCTCGCTGATA,8,0.8796386513638642,singlet
CTCGAGGCAAATTGCC,13,0.2414114914189535,negative
AGGTTGTAGGTACCTT,6,0.8549787844325487,singlet
AGCCACGTCTCCCTAG,5,0.9044527940529284,singlet
GACCAATTCTTCTAAC,8,0.8132867680622582,singlet
TGCTTCGCATTGACCA,11,0.8281648551538602,singlet
ATGAGGGCAGCTGTAT,12,0.8994754111507657,doublet
AGGGTGACAGGATTCT,5,0.8862157344933498,singlet
CTGGTCTTCACTTGGA,13,0.7909150651987117,negative
GCACTAAGTGCCCGTA,12,0.9084746709770796,doublet
TACCGAACAGCAGATG,13,0.5697533422335836,negative
ATACCTTAGTGGTGAC,7,0.9466586610337216,singlet
TACCGGGCAGGTCAAG,8,0.8935339990582394,singlet
GACTCTCCAATGGCAG,4,0.8402145392294224,singlet
CTCAACCGTCAAAGTA,3,0.8774385258815393,singlet
GAGTTACCAGATACTC,8,0.8973792759099686,singlet
CCTCAGTGTTCGGTCG,12,0.8525905713140479,doublet
TTCTAACAGCTCGTGC,1,0.9192208130528392,singlet
GCTGGGTAGTATCCTG,13,0.6717310159828711,negative
ATTGGGTCACCCAAGC,7,0.9098299108734136,singlet
CTCTCGATCCCATTTA,7,0.8518808226410164,singlet
CATTCCGAGGCCTTCG,13,0.6105817513469634,negative
GTTTACTTCTTCTTCC,2,0.8872661314720465,singlet
AACGAAACACCCTATC,9,0.8251465790427739,singlet
AACAAAGGTGTTGCCG,13,0.7937737740365195,negative
CTACAGAAGGAGGTTC,5,0.950680787503933,singlet
GTAGGAGAGAGCAGAA,13,0.4653592219425806,negative
CTGCATCTCAAGGACG,10,0.9317315489553436,singlet
CACCGTTCAGTTAGAA,13,0.7215244061359254,negative
TTACGCCCACTGGACC,13,0.4936925116742973,negative
GACTCTCCATCGCTCT,12,0.8535171000985704,doublet
TGGCGTGCAAGCGCTC,10,0.8917444215433917,singlet
CGGAATTTCTGCTAGA,12,0.9282272150492984,doublet
AAATGGACATCGAGCC,8,0.9011626026590835,singlet
TTACGCCAGCAGGGAG,1,0.8747010077187014,singlet
AGCCAATTCTACGCAA,2,0.9186679089847812,singlet
GGGTTATAGCCTGAAG,0,0.8270356275785049,negative
GATTCTTGTAACTGCT,0,0.8809693725943512,negative
CGTTCTGAGAGTCAGC,12,0.8799338292561394,doublet
TTCTGTAAGATCACCT,5,0.999999991232014,singlet
CTCGAGGTCATAGACC,13,0.6464359023381087,negative
GCAACCGGTCACTCAA,11,0.9668385287613416,singlet
AAGCCATCAATGTCAC,13,0.7887730873869979,negative
TCATGAGCAGCGTACC,12,0.8433756065988891,doublet
TGCTGAAAGTTGCGAG,10,0.8804724439081705,singlet
GAAGAATTCCGGCAAC,0,0.8921928696194765,negative
CGATGGCGTGCGCTCA,0,0.8574326942580776,negative
TGCGGGTAGTAGCTCT,13,0.7153840881334401,negative
CTCCCTCGTCCGCAGT,8,0.8123682699544681,singlet
CATTGTTGTCATCACA,13,0.6116619677934652,negative
GCACTAAAGACAGCGT,9,0.8548599395563271,singlet
AGACAGGAGATAGCTA,13,0.7608515156095578,negative
ATGGGAGGTGGACCAA,13,0.7696901104083932,negative
GTGTGGCAGAGAGCAA,12,0.9009167278552214,doublet
ACCAACAGTGATTGGG,9,0.8971931067385299,singlet
TGTACAGCACCCATAA,12,0.9014163603348202,doublet
TATTGCTCAGGCTTGC,10,0.903345024687254,singlet
TGTTCCGAGTAAACGT,5,0.8439519397432634,singlet
ACTTTGTAGTTGAATG,10,0.8761550943433226,singlet
TCTACCGGTACGTTCA,2,0.8800305537752978,singlet
TTTGACTCAAAGTATG,9,0.9306998789332876,singlet
GTAGGAGTCAACGCTA,1,0.8805274322757584,singlet
TGTGAGTTCTGTAACG,13,0.7778598451396619,negative
CACTGTCAGTTACTCG,5,0.896122232904529,singlet
GTTCGCTGTCTCACAA,1,0.8781833080005733,singlet
TGCTTGCGTTGCGAAG,1,0.8877057834363529,singlet
CCTTCAGCAGGACATG,0,0.9201011102157228,negative
GCACATATCATAGACC,1,0.8756163959768386,singlet
AGATGAACACTCTAGA,10,0.8955570429646423,singlet
AGAGCAGTCGGAGATG,1,0.8582187400226798,singlet
TACGGTATCCGTAATG,3,0.9998945601552528,singlet
TCGGGTGAGCAGCCTC,9,0.905668303098487,singlet
GTAACCATCCGCACGA,5,0.8807749942944524,singlet
CACTGTCTCTACGCGG,13,0.6147673540096533,negative
GTCATTTAGGCTCTAT,7,0.9675181049587288,singlet
TGCCGAGAGCATTGTC,13,0.7267484094870975,negative
CACGGGTAGGACGCTA,5,0.8067174249190487,singlet
ACGATCAGTTACCGTA,13,0.5427987404072646,negative
GGTAATCGTTGCGTAT,0,0.8943171979789137,negative
AGCCACGAGCTCGTGC,0,0.8848440077978006,negative
CATTGAGGTTTCACTT,7,0.9280370065472584,singlet
TCCACCATCGTCAGAT,3,0.9659220967700344,singlet
TCCTCTTAGCGTATAA,1,0.9298277494680142,singlet
ATTCGTTTCTTAGCTT,11,0.860128915781139,singlet
CTCTGGTAGCCATCCG,3,0.8964855262350715,singlet
TCGTAGAAGTTGTACC,6,0.8878792073943245,singlet
CAATCGAGTCGTCATA,0,0.8503447660688568,negative
ATGGAGGCAGCGACAA,13,0.7196495208799717,negative
CCACGTTCACGCACCA,12,0.8778569213094319,doublet
ATTCTTGAGATCCGAG,1,0.875858267632792,singlet
GGGACAAAGTGACACG,4,0.8335789348745317,singlet
GGAATGGTCATGGGAG,2,0.907437187915859,singlet
AACACACGTCTGGTTA,5,0.907784687420822,singlet
AGGATCTTCCGCTAGG,13,0.6797710099287361,negative
CTGTAGATCGTTCATT,11,0.8520605942386806,singlet
CTACATTAGAGTGACC,9,0.928119059472858,singlet
GAGATGGCAGCGACAA,13,0.4381492884427704,negative
GTGCGTGTCTTAGCAG,0,0.8818925950846705,negative
TGGAACTAGACTCTTG,7,0.9805095899598848,singlet
CATTTCAGTCGATTCA,3,0.90377323747986,singlet
CACTGAAAGTTCCAGT,6,0.8867237667946903,singlet
GAGGGATCAGGCTATT,13,0.7906397383632547,negative
ATGGATCAGGCCGCTT,10,0.8902746413916192,singlet
ATGATCGCAAGCACAG,4,0.8753974493107477,singlet
TGTAGACAGGCTTCCG,2,0.8916621308030266,singlet
GGGAAGTGTCTGTGCG,3,0.8276298542150657,singlet
TTGTGGAGTACCGGCT,13,0.7983215752397004,negative
AGATCGTAGGTCGTAG,0,0.8354050718302333,negative
TCAATCTGTTGCACGC,10,0.8599919782765338,singlet
GTCCCATCAGACAAAT,2,0.8397783483610344,singlet
CCCTCTCCAGCACAGA,5,0.8672367113472793,singlet
GAACTGTCAATGACCT,2,0.8846297696678961,singlet
ATCACTTAGTATAGAC,2,0.8513832165714327,singlet
ATCCATTCACACCTAA,13,0.7783803796412138,negative
GATAGAATCAGTGTCA,0,0.937379068294086,negative
AACCTTTTCTGTGTGA,0,0.9666643481020144,negative
ATTCTTGGTTATCCAG,4,0.8788987816863161,singlet
CTTAGGATCGGCTGGT,5,0.91350674661369,singlet
GATGTTGGTGGTAATA,0,0.920763580539138,negative
AGGACGAGTTACACAC,13,0.6812571733744714,negative
TCCATGCAGTAGAATC,13,0.7621445664663563,negative
GAAGTAAAGTGGATTA,5,0.9830601415696608,singlet
TGTGTGAAGCAGCAGT,0,0.870097941426245,negative
ACCTACCAGCCAGAGT,12,0.8947617372123182,doublet
AGGAAATCATGTTCGA,13,0.7609247177682849,negative
CTCCCAACAAACGAGC,10,0.8551582488880862,singlet
CGCCATTCAGTCTACA,3,0.8282941189742152,singlet
GGAGGTATCATGCATG,0,0.98056903341806,negative
GGCTTGGGTCTGTCCT,2,0.8316071831202309,singlet
TATTGGGTCGATTCCC,1,0.8652585265608668,singlet
AGCCAGCCAAGCGCAA,13,0.5385544100156803,negative
GGGAAGTAGTGCACCC,0,0.9769600783720696,negative
GCCCGAAGTTGGCCGT,12,0.9153791077962984,doublet
TTAATCCCATTAAGCC,13,0.7455761630696703,negative
AGAAGTACAGCACCCA,2,0.9813205599067024,singlet
ATGCATGCATGCCGGT,1,0.8721824209555084,singlet
TAAGTCGAGGTCGACA,4,0.9092795619760936,singlet
TCGACGGAGACTCTAC,7,0.8978637103858766,singlet
TCGACCTTCATAGCAC,13,0.6080121549371955,negative
ACGATCAAGTCTGTAC,0,0.8490833466831816,negative
CTCAGAAGTAGCGAGT,11,0.8319898913531373,singlet
CACATGAGTTTCTATC,8,0.976969795589764,singlet
TGTTGAGCAACTCGTA,13,0.5230458671149392,negative
CTCCCTCGTGGAGGTT,11,0.915707711667278,singlet
TTTACTGTCACCTTAT,13,0.569597475790042,negative
CAGGTATGTCTTGAAC,3,0.9384434346685796,singlet
GTAGGTTCAATGTTGC,13,0.7249855739431926,negative
TTGCATTAGACGGTTG,1,0.8554207763671322,singlet
CATTCTACATCGGTTA,3,0.947427395913638,singlet
GTACAACTCGTAGCCG,3,0.9212964574767768,singlet
CCACGTTGTGTTTCTT,13,0.5969514039726099,negative
TTTACGTAGTGAGTTA,2,0.9999999998254494,singlet
TACAACGCAGACCTGC,13,0.7956892587951097,negative
AAAGAACGTAGTATAG,0,0.8609434287303176,negative
TGTGATGGTAGGTACG,7,0.8132368274152292,singlet
CTACATTTCCATCTAT,4,0.8134354505573267,singlet
GACGTTATCTGACCCT,5,0.8236382856425865,singlet
ACAGCCGGTAATGCGG,7,0.9077956172025804,singlet
TCGGTCTTCTGCCCTA,4,0.9166125092741718,singlet
CTAACCCCAAGAGTGC,0,0.8786998064841824,negative
ATTTCACGTTTCGACA,0,0.8264393945699098,negative
CGAAGTTTCGCGTTTC,13,0.5316218718303551,negative
GCAGCCAAGTGCGACA,13,0.7141008453471405,negative
GAACTGTCAAGGTCAG,2,0.8817040587473344,singlet
AGTCACATCCATAGGT,13,0.7432149684022368,negative
TCATTGTGTCACAGAG,7,0.9607112470614326,singlet
GACTTCCAGTCTCCTC,8,0.8863943164987219,singlet
CTGAGGCTCCTCTAAT,13,0.7939169738689971,negative
CCATCACTCATTGGTG,3,0.8726614110166577,singlet
TTCATGTGTGCGGTAA,12,0.8375698903952438,doublet
CCAAGCGGTCCTGTCT,4,0.8804734162009001,singlet
TCTCACGAGTGTTGTC,5,0.946313646273705,singlet
AATCGACCATCAGCTA,13,0.7293046728505296,negative
CTTCAATTCCTTATCA,0,0.8702863435262518,negative
AGATGAACATAAGATG,7,0.88634701366377,singlet
TGACGCGGTGAGCAGT,2,0.8722776834782977,singlet
CTAGACAGTAACCCGC,13,0.7670984891526677,negative
GTTACAGCATTGACTG,12,0.8618390675269351,doublet
AACCCAATCTGTCCGT,1,0.8412100166952428,singlet
ACACTGAAGTCAGCGA,13,0.7798688301265262,negative
CTATAGGCAAACACCT,8,0.8502342725644024,singlet
TACATTCGTCCCGCAA,13,0.5319743080792064,negative
TGCGGGTGTTGGGTAG,2,0.8879011894632834,singlet
AGGGCCTCATGTCGTA,2,0.8533375195747271,singlet
CATACAGGTGGACCTC,9,0.8449363877813266,singlet
ACGGGTCGTAGCTGAG,13,0.706801158129114,negative
CCCTGATGTAGCACGA,13,0.7076293365945033,negative
TATCTTGCAGGCACTC,11,0.9998402624086584,singlet
TTCCTCTCAGATTAAG,12,0.9108449256770796,doublet
GGAGAACAGGTTATAG,13,0.7982368492447792,negative
GCATGATAGATTGACA,1,0.8272867662422891,singlet
CCTCAACTCCACTAGA,13,0.1829000475472861,negative
TACATTCGTGGCTTAT,8,0.9802192228999892,singlet
TAGGAGGAGCAGCACA,3,0.862048743015151,singlet
CAATACGAGATTTGCC,7,0.9806378457075516,singlet
AAAGGGCAGGTCATAA,13,0.5752854078992236,negative
TGGATCAGTCTGTGTA,0,0.8532710239855107,negative
TGAGGAGAGGGCTAAC,13,0.7771785877085289,negative
GTGACGCAGCGTACAG,8,0.8839544404871158,singlet
CATCGCTAGGAATCGC,3,0.9033592511982924,singlet
GTGGAGAGTTAAGGGC,3,0.9078564348708104,singlet
TTGGGCGAGTAAGACT,12,0.8089451021652136,doublet
GGGTTATGTACCCACG,6,0.9022745984416012,singlet
TCAAGTGTCTCCTGCA,1,0.8225707451325923,singlet
AGGGCCTTCACCTTGC,7,0.8135217516181474,singlet
CCGTAGGCAAGTTCGT,13,0.4023563082817968,negative
GAAATGATCGAACCTA,13,0.7136042012686925,negative
TGCATCCAGGCATCAG,8,0.8622151759203645,singlet
AGCGCTGAGACGATAT,8,0.8985292556628502,singlet
AAGACTCAGCTGGTGA,2,0.8807321738432641,singlet
GGTGATTAGCCGTTGC,11,0.9387898806054412,singlet
AGATAGAAGCGGACAT,0,0.8730446195608166,negative
GGGATGAGTAACACCT,10,0.868121415133228,singlet
AAAGTGAAGCAAGCCA,10,0.9617457217880996,singlet
GATGATCAGCTTTCCC,12,0.8898803933783205,doublet
ACAACCAGTACTTGTG,13,0.7472383084443437,negative
ACTTATCGTGTATTCG,13,0.5766989644685273,negative
GGATGTTCAGCAGACA,0,0.8492421532663131,negative
CACTGGGGTCTACAAC,1,0.8679843128314947,singlet
CGAGGAATCTACTTCA,13,0.4603746788750901,negative
CAGATCATCATCTGTT,5,0.8939293505084314,singlet
TCTCACGAGGGCTGAT,13,0.7934944303541365,negative
AGCCAATCATCGTGGC,7,0.8722710733783057,singlet
ATTATCCCAGAGGTAC,1,0.9243667739423166,singlet
ATTCTTGAGCTGGCTC,10,0.9362948137813956,singlet
CCCTTAGAGGTTCATC,2,0.8848211585202234,singlet
CTATAGGCACGCTGTG,6,0.898311857836611,singlet
CAGGCCAAGACGCCCT,4,0.885748269467918,singlet
GTCACTCCAATTCGTG,10,0.8649068255451775,singlet
TGTTTGTTCATCCTAT,11,0.8280685364237308,singlet
TCATTCAAGAGCGACT,13,0.5159468814048574,negative
ATGGGAGCACGCTTAA,12,0.8066605890054118,doublet
CATTCCGAGATAGGGA,11,0.8316915941186284,singlet
AGCTACACAAGTTCCA,3,0.8084759545559674,singlet
TGAGGAGTCCTCCACA,7,0.905670130422889,singlet
CAGGGCTAGAAGCGCT,13,0.7593764157781651,negative
TGTCCCACACGTATAC,10,0.8439293660402922,singlet
CTCCCTCCATAATGCC,9,0.8802517067472285,singlet
CATAAGCCAACAACAA,13,0.533713548881655,negative
GAATAGAGTATGCTAC,13,0.5771891251818203,negative
AGGACGAGTAATGATG,7,0.9364751314631332,singlet
TCTTTGAGTTAGGGTG,13,0.4804138971029131,negative
CTCCACAAGTTGGACG,0,0.8565547751317248,negative
TCATTGTAGCGCTGCT,9,0.8799000225137336,singlet
TCACACCAGCTGGAGT,8,0.9533223919919436,singlet
AGGCATTCAACACGTT,13,0.5958484390578136,negative
CAGATTGTCATTTGCT,7,0.9999399815741324,singlet
TAACTTCCATACCATG,11,0.8734320661096171,singlet
CAATGACTCTACGCGG,13,0.7985623024877033,negative
CTCTCAGTCCATCCGT,13,0.5147065221961659,negative
CACAGGCCACTCCGAG,0,0.9135413625088548,negative
TCGGGACAGACTGAGC,13,0.6876515968269193,negative
GGGATCCAGAAGCGCT,0,0.8772830516334138,negative
GGTGTCGCAATATCCG,13,0.7794056578492802,negative
ACACGCGCAGGTCCGT,9,0.8850690457118721,singlet
GGGTTATCAACTCCCT,1,0.8401934728372978,singlet
TCAAGTGGTCAAACGG,13,0.7766367716081856,negative
GTACAGTCAGCGGTCT,0,0.8535965543945868,negative
GAGACTTCAGGTATGG,1,0.8185895352246827,singlet
GATAGCTAGCGTATGG,12,0.8935047401906114,doublet
TGATCAGCATGGCGCT,13,0.5883550800474666,negative
AGTCTCCTCTGGAGAG,7,0.9044519338298171,singlet
GGGCGTTAGGATACCG,7,0.9383024280563816,singlet
CTCCCAATCTGGAAGG,8,0.8617690135382332,singlet
TCGCACTCAGCGCTTG,0,0.9013808014393792,negative
GACTGATAGGAATGTT,7,0.9049203585533744,singlet
GTTACGAGTAGGACTG,10,0.931983357576854,singlet
GTGTGGCAGCTCACTA,1,0.8896241262505657,singlet
GGAAGTGAGCAACTTC,2,0.8344048418290484,singlet
TCACTCGAGACGGTCA,0,0.8796802220515982,negative
CAACGGCTCGAGTACT,7,0.8847845687736062,singlet
ATGTCCCTCGTTAGTG,3,0.911008014774972,singlet
AGGGTTTGTAGTCGTT,5,0.9016605805019446,singlet
GTTATGGCAGAACGCA,0,0.8570674284188076,negative
CAGGTATTCGTCACCT,0,0.8051753173756167,negative
GTGTCCTAGTTACTCG,5,1.0,singlet
AAAGTCCGTCCGTTTC,0,0.8454337206713838,negative
GAATAGAGTTGCTCAA,2,0.8725572200075001,singlet
AATGCCAGTGTTATCG,13,0.7895277279690951,negative
GTGTTAGGTCCTCCAT,12,0.8954691796863596,doublet
ATGAGTCTCCCATTCG,0,0.922874648495868,negative
CCTCTAGAGAGATCGC,13,0.6627338365472748,negative
TGATGCAGTGTAGCAG,13,0.7748516016175255,negative
CGCGTGAAGGTAGTAT,4,0.8014394061966881,singlet
CGTTAGATCCCGAGTG,13,0.7665542368295548,negative
GAAATGAAGAGCAGTC,10,0.8700824497971538,singlet
CTCTGGTCAACAGCCC,13,0.7451734007810541,negative
AGGAAATTCTGGGAGA,4,0.8913534363075828,singlet
CATTGAGGTGTCGATT,6,0.8628328790015106,singlet
TGGGATTCAGGTGTGA,3,0.9299747295601306,singlet
CGGACACGTTTGGCTA,2,0.856155674406409,singlet
GATCCCTGTCGTTATG,0,0.8864887569045218,negative
GACTGATCACTACACA,1,0.8814394271542965,singlet
CAGCACGGTGCGGATA,6,0.8915411701315614,singlet
GTATTTCTCGTACCTC,3,0.9420021651351742,singlet
GGATGTTGTCACCACG,13,0.6647422818381071,negative
CGTCAAACATCGCCTT,11,0.8728468715366844,singlet
CGGGTCATCAGCAGAG,13,0.4240692150712537,negative
GAGCTGCTCAGCTTGA,13,0.7571332365611718,negative
GTAGATCCACATATGC,0,0.9607315463589348,negative
GCAGGCTGTTCGCGTG,13,0.7205219659744154,negative
TGCAGGCGTGATTCAC,13,0.795542983058463,negative
AGTACTGAGTATCCTG,4,0.8826762703571365,singlet
CGAGGCTGTACGCGTC,9,0.881685737135027,singlet
TTTCCTCAGGCGTTGA,13,0.790604588011765,negative
ACACAGTCAATGAAAC,8,0.8126770483475476,singlet
TCCATGCGTTGGTGTT,0,0.8626645262207986,negative
TGTCCCAAGGTCGAGT,6,0.802441250300971,singlet
GTGAGTTAGCATGATA,0,0.8030692342409764,negative
TCGGTCTCAGACCTAT,11,0.9379183930085466,singlet
TTCCGGTAGTGGAAGA,11,0.95699339009129,singlet
CTCCATGCATACCAGT,1,0.8721923410993249,singlet
GGTCACGTCGTTCTGC,13,0.2027636547801322,negative
AGGCTGCTCCCATACC,6,0.9004366790859689,singlet
GACTCAATCTGGAGAG,0,0.9048418243523192,negative
TATTGCTGTTTACCAG,8,0.9999422430291278,singlet
GTGGAAGTCCATTTGT,10,0.9282643093979452,singlet
AGAAATGCAACTCGAT,13,0.6206422691715112,negative
TCCTAATCACTCAGAT,0,0.9616463112682998,negative
ACTGCAAGTCGCGTCA,13,0.7627673998982784,negative
ATCGGATGTCAAATCC,3,0.9015792887242688,singlet
CGAGGAATCTCGCCTA,4,0.8103832749304385,singlet
TTACGCCGTGGGTATG,5,0.8442295080512184,singlet
TTCCTCTCACAGAAGC,3,0.9107000736365664,singlet
ACCTGTCGTAGACGGT,13,0.7509276334763479,negative
GAGTCATCACCCTTAC,12,0.8722623610626772,doublet
TGTACAGTCACTGGTA,0,0.9995513032040096,negative
CATCCACCAACTGAAA,7,0.8977959695486721,singlet
CAGTGCGTCGGCTATA,7,0.9104055945892202,singlet
AGGATCTCACTACTTT,3,0.999845772017532,singlet
GTCGCGACAGTCTCTC,13,0.4645116722765154,negative
CTATCTACAACGACTT,12,0.9214901535179232,doublet
TTAGGCAAGCCATTTG,2,0.8236996415772702,singlet
GTCCTCATCAACTGAC,13,0.5688638115898496,negative
GTAAGTCCATTCTTCA,2,0.8358837915019693,singlet
TTTACGTTCAGGAGAC,0,0.8744324839499937,negative
GCTGAATGTTCTCCCA,10,0.881982765376238,singlet
CATCCCAGTAACTAAG,13,0.7846510900165631,negative
GGTAATCCAACCCGCA,8,0.8587415391174841,singlet
GGTCTGGCAGACAATA,13,0.3663980487956738,negative
TGAGGGACAACAGAGC,1,0.8501742315796441,singlet
CAGCACGCAGCTAACT,2,0.8073021741136405,singlet
CATTGTTGTACCGTGC,3,0.9033980452313792,singlet
CATTGAGGTAACACCT,9,0.9998908489788408,singlet
ATGTCCCGTCAGCGTC,11,0.8429759822166494,singlet
TGTAACGGTTCGAACT,2,0.8550175953818321,singlet
AACAAGACATATAGCC,13,0.774377316347612,negative
CAAAGAAAGCCGTTAT,1,0.8876554655937792,singlet
CAACGATGTGCGTCGT,7,0.9999920840955256,singlet
ACCATTTTCTCGCCTA,0,0.9149232805765912,negative
TCAGTCCTCTATCACT,0,0.8981265878547856,negative
CCAATGAAGAAACTGT,13,0.7449147202742642,negative
CTATCCGCATGGCCCA,13,0.5297502424930643,negative
TTCAATCCATCCGTTC,9,0.8994035750971868,singlet
CAACGGCCAACCGCTG,13,0.5770348422282496,negative
CAAGCTATCTCTATGT,8,0.9242226603752206,singlet
GTGTAACGTAACGCGA,13,0.788563616879266,negative
TTGTGGATCGTAGGAG,7,0.9121134865358412,singlet
GAGTTTGCACCAGTTA,3,0.8230140913049007,singlet
TCAGCCTAGTGGACGT,9,0.8540834284397014,singlet
ACTTATCCAAAGGAGA,4,0.999959604670824,singlet
CTGTGGGGTTCTAACG,5,0.8407130347023193,singlet
CTGATCCGTAAGGCCA,13,0.7186762726883493,negative
TCAGGGCCAGAGGCAT,7,0.8918921001458624,singlet
GGTTAACTCCATCTGC,12,0.9027411581953744,doublet
GTCAAACCACACCTAA,13,0.4870926939984713,negative
GATGGAGTCAGCACCG,1,0.832157498837563,singlet
AGGCTGCGTAGTTACC,12,0.890541054042673,doublet
GGTTCTCCATGATAGA,0,0.9795803065715646,negative
CTGAGCGGTTCAAGTC,0,0.9824828092252356,negative
GAGCTGCTCGCTTGCT,6,0.8901907626482658,singlet
TGGTACACATAGATGA,11,0.830030425118685,singlet
ACACGCGTCTGTCTCG,0,0.876781425922727,negative
TAGGGTTAGCTACTAC,13,0.7944493914904742,negative
TGCTTGCGTGCATGAG,5,0.9258566808167982,singlet
GTCATCCCAGATTAAG,9,0.8492472779354578,singlet
ATCCCTGCAAAGCTCT,13,0.2687909727085792,negative
AAGCATCAGTTTGGCT,7,0.8667276611963614,singlet
CTCCATGGTCACTCTC,13,0.7300629328417192,negative
TCTACATCAGCGACAA,8,0.8928956731671479,singlet
TCACACCCAAGTCCAT,8,0.9307541884268368,singlet
CAGCAATTCGGTGAAG,13,0.5136186200302052,negative
AAACCCAGTCCATACA,0,0.904726022425893,negative
GAATAGATCTGCTGAA,9,0.999999999999262,singlet
AGTCACATCTGAACGT,7,0.9488366403907352,singlet
CTCATGCGTACACTCA,0,0.9224444103937846,negative
CGTGATATCCTAGAGT,3,0.8937692690282213,singlet
CTTCCTTTCCGAGTGC,0,0.9255134691603334,negative
ATACTTCGTGGAATGC,8,0.9997620683591673,singlet
TTAGGCACATGTGCTA,1,0.8632965208632645,singlet
CCCATTGGTGAGACCA,7,0.924867378539718,singlet
TAGCACAGTAGTTCCA,13,0.5886876762518007,negative
GTGAGCCAGTCAGAGC,1,0.8343701626672497,singlet
CCACGAGAGGTGCTTT,13,0.7726698819983958,negative
TGTTCTATCGACACTA,6,0.8465574094045968,singlet
GTCCCATTCCTAGCTC,0,0.95957674887625,negative
TCTCAGCTCGGCCCAA,5,0.8969659339329354,singlet
CCATCACAGGATTCAA,7,0.8855681817991453,singlet
AACCCAAGTGCCTGAC,13,0.7030319714798564,negative
CAACAACCAGAGGCAT,2,0.8800495699130093,singlet
TCCGATCGTTTATGCG,7,0.980508592231102,singlet
GTGGAGACAAGCGATG,9,0.8378584470649311,singlet
CATCGGGTCCTACGAA,7,0.9473913717397856,singlet
AAGCGAGCAACCGGAA,0,0.90801220727617,negative
TATTGCTTCTTAAGGC,6,0.8404632995375211,singlet
ACAGGGATCTCTCTTC,8,0.8728909918740325,singlet
AGTGCCGCAAACCGGA,13,0.7190431185481316,negative
CTTCCGAGTCCGAAAG,2,0.8819896858828122,singlet
CTCATGCGTCGTATGT,2,0.8935444175986701,singlet
CATGCAAGTCCACACG,0,0.8328300651464656,negative
ACATCGAGTCGTTATG,0,0.8732519555447861,negative
GTTGTAGTCTATTGTC,0,0.8430253030333685,negative
TGATCAGTCGGAAGGT,7,0.9361824373969604,singlet
GGTGTTAAGGCCTAGA,13,0.601901488528656,negative
ACTTAGGCACCGGAAA,13,0.6124886745826914,negative
GTTACGAGTTATAGCC,10,0.94237617014874,singlet
CTGTGGGCAACTGAAA,13,0.6914457151964267,negative
CCGTAGGTCCCGAGTG,13,0.4839358427188129,negative
ACTATCTCACCGTGGT,10,0.9257751773972384,singlet
CTCAAGATCATATGGC,2,0.9240715487378184,singlet
CAGCAGCCAGACATCT,4,0.8363868478767081,singlet
CTATAGGAGGTAATCA,1,0.8537148591853316,singlet
CAACGATTCCACGTCT,2,0.9223738988708732,singlet
GATAGCTGTGTCCATA,5,0.8912555227956476,singlet
AGGATAACAAGGCGTA,13,0.6412776225172676,negative
TACCTCGTCAGATTGC,5,0.8982724628643535,singlet
ACGGAAGCACGCACCA,12,0.9008443287642892,doublet
ATGGATCTCTCTATGT,7,0.8536692796123789,singlet
CCGGTGAGTTCGTACA,8,0.8991982121226947,singlet
GCCGATGAGTGCAAAT,4,0.8898594335110238,singlet
CCTCAGTCAGAGTGAC,10,0.8892638458639567,singlet
CCACACTCAGTGTATC,0,0.9656341581483192,negative
ATCCATTAGACATGCG,6,0.8537462375540198,singlet
AGATGAACAACAGTGG,0,0.8105070024838873,negative
TCTATCAGTTCTCTAT,6,0.9258197060126108,singlet
CCTTGTGCAGAAGTGC,2,0.8689547077118249,singlet
CGTGATACAGGACTTT,13,0.5469438089592323,negative
TCATGCCCAGCTCATA,6,0.8440767176270044,singlet
AGAACAAAGCACTCCG,0,0.8501091273897532,negative
ATACCTTAGTGCACTT,12,0.927784215613006,doublet
CTCAGAACATATCTCT,13,0.2969352850009868,negative
GAATCACGTAGGTGCA,10,0.8955276901999623,singlet
ACGGTCGAGCGCCTTG,2,0.9777655837219108,singlet
TGCACGGTCCTCACCA,13,0.7929015128213385,negative
ATCGTAGCACGACGAA,0,0.8764552321814608,negative
TTCACGCTCTATTCGT,13,0.711955187895241,negative
GTGCGTGGTAACTTCG,11,0.8724284059326519,singlet
TCCCAGTCAATCGCGC,3,0.8559230573947706,singlet
GGAGCAATCGACGCTG,0,0.9097272514770084,negative
CTGTATTGTTCTTCAT,12,0.8077442142315215,doublet
GAATCACAGACTGTTC,0,0.891076412860881,negative
TCTCACGTCGTCCTTG,11,0.9060060462838764,singlet
ACACGCGCATCGTGGC,5,0.894674312436435,singlet
TGCGGCACAATGTCAC,6,0.8189800602285773,singlet
TGTTCTACAGACGATG,13,0.7380045365255398,negative
CTCCCAACAACTAGAA,13,0.758460993829193,negative
TAAGCCACACTGAGTT,3,0.8622562096998634,singlet
TCACAAGCAGTCACGC,13,0.7030178713109511,negative
CTAACCCCAGTCACGC,13,0.7735148140192273,negative
AGCGCCACACTACGGC,0,0.8809677333937539,negative
GAGGGATAGCCTGTGC,0,0.9009091041035844,negative
GGGATGAGTGGCAGAT,3,0.9496374830757396,singlet
TTCTAGTGTACTTGTG,4,0.887145320648024,singlet
CTCCAACGTTACAGCT,13,0.254150804785176,negative
GTTACGACAGGGCTTC,11,0.9502655318396938,singlet
CTCCACAGTCGCTTAA,0,1.0,negative
TTCCTAATCTGAATGC,5,0.9999948655841449,singlet
CTCATGCTCGACTCCT,2,0.893038376821351,singlet
CTGTAGATCCGAGAAG,4,0.8681343654884613,singlet
CGTGCTTGTTGAGAGC,1,0.8896608261001134,singlet
GCCTGTTCACACCTAA,6,0.9081005269172396,singlet
CGATGCGGTCGCGGTT,2,0.8845402101523643,singlet
AATGAAGCATTGAAGA,5,0.8498281262827625,singlet
TACCTGCTCGTCCATC,5,0.858525020926641,singlet
CTTCTCTCACTCTAGA,1,0.9998706434806292,singlet
CTACCTGAGCTAAGTA,0,0.9238660666464132,negative
GAGTCATGTTACGATC,1,0.8689758976654487,singlet
TCGGGACTCGCCTATC,1,0.8534763354139508,singlet
TCACATTTCTTTCCAA,0,0.9996225572181184,negative
CTGTAGAAGTATCCTG,10,0.8723127028976725,singlet
GGAGATGCAGCTATAC,3,0.9996471948285846,singlet
CACTGGGCAGTGCCTG,5,0.8906236759341539,singlet
GAGTGTTAGGTAAACT,13,0.6031480103622135,negative
GTTTACTTCTAACGGT,7,0.9094625356985926,singlet
TCGCTTGGTTCAAGTC,7,0.926654642808364,singlet
AGATCCATCATTACCT,11,0.8773317241572481,singlet
ATTGTTCGTATTCCTT,13,0.7523458468454156,negative
ATCAGGTTCACTGATG,0,0.8691008927255363,negative
GGATGTTAGTGGCCTC,6,0.918680124604785,singlet
AGGTAGGGTCCAAGAG,8,0.9164035999559712,singlet
TGAGCATAGAAGGGAT,13,0.7981921669548657,negative
AGCGATTCACAAGGTG,7,0.9046203421704292,singlet
AGGTTGTCAAATTGGA,9,0.8458488309823751,singlet
GTGGAGAAGTAGCCAG,10,0.8210653429113994,singlet
TGAATCGGTTGTACGT,8,0.8926094787681785,singlet
AGAAGTAGTTTCGCTC,13,0.1630822475375657,negative
GGGTTTAAGTTAACGA,11,0.9023263311772493,singlet
CCCTCAATCGGCATTA,3,0.9409430982531836,singlet
TCACTATAGACTCAAA,13,0.7115647434135989,negative
GATCATGCATCCGATA,0,0.853057488438513,negative
CTACCCAGTAGGTACG,13,0.0406892198962328,negative
GTCGTTCTCGGTCATA,0,0.8527585825166234,negative
TCATGAGGTATTGGCT,2,0.8685125783876465,singlet
AGAGAATGTCGACTTA,0,0.9098913453618512,negative
TGTCCTGGTTATTCCT,7,0.800656469522347,singlet
TCTCAGCTCATTCACT,0,0.9773461930359632,negative
TCAGCCTGTGTGAATA,0,0.8795805520386535,negative
AGGGCTCCACATTCTT,3,0.9217628241015582,singlet
GTTACCCCACTCACTC,7,0.8383814601048767,singlet
TGTGATGTCTGAGAGG,5,0.9228549780858926,singlet
TATCCTAGTAGGATAT,13,0.6296725226635035,negative
GAGTTACTCCCAGCGA,7,0.9812678321805014,singlet
TGCTGAAAGCACTAGG,7,0.8530794856573585,singlet
CTCAATTCATGAAAGT,0,0.9162874391022808,negative
ATCTTCAAGTTTAGGA,5,0.9058327410666046,singlet
ACGGAAGTCACCCATC,0,0.8480241607298723,negative
GCACTAAAGCGTCTGC,4,0.8269067974164537,singlet
GCACGGTCACCGTGGT,8,0.8048267551887341,singlet
GGAATGGCAGGGTTGA,3,0.9063063188840836,singlet
GTTAGACAGTACAGCG,3,0.8825238887774763,singlet
TAAGTCGGTATGAAGT,0,0.8843870647265127,negative
TTTGATCCATCTGGGC,11,0.8858411286946419,singlet
GGTTCTCGTAATTGGA,7,0.9999999999999992,singlet
TAATTCCAGAAATGGG,0,0.8764991307096379,negative
GGCAGTCTCCGACGGT,5,0.8976656247435378,singlet
CCCGAAGTCGACCAAT,0,0.9340955444110576,negative
CTACATTCACACCTAA,4,0.9585368391815128,singlet
TTCACCGGTCATGACT,5,0.8985572049353626,singlet
ACAGAAAAGCACGTCC,3,0.839175939537059,singlet
CTATCTACAGACTCTA,1,0.8750933251458258,singlet
AGGCATTGTCTTCGAA,0,0.8998464461686566,negative
TCTACCGAGCGCCATC,3,0.9672046326254976,singlet
GCAGGCTTCCCTATTA,13,0.4670638295017281,negative
TCCGGGACATGATCTG,2,0.8246600862317176,singlet
TTCTGTAGTTCATCTT,0,0.8985506150871635,negative
CAGCCAGTCTTACACT,10,0.8833020734539929,singlet
GTATTGGGTCAAGTTC,13,0.5039993327845917,negative
TTTCATGGTCACAGTT,0,0.9006234983579298,negative
AGGTCATCAAGTGGGT,13,0.7667904741034867,negative
GGATGTTAGCTTAAGA,13,0.6818478400963824,negative
TGTCCTGAGCCGAACA,13,0.6450267719269093,negative
TAAGCACTCGGTAGGA,13,0.7992486750765555,negative
CTGGCAGTCTACTCAT,13,0.762530368250092,negative
CATGAGTGTTTGGGAG,13,0.6752568666260454,negative
AACACACTCATGCCAA,13,0.6907520662999198,negative
GGAGATGTCGTCGACG,2,0.9762167694782152,singlet
TCGCAGGTCGACCAAT,10,0.9999533379458958,singlet
TTGGTTTTCACCTTAT,5,0.8885762243208372,singlet
TGATTTCAGTGCCTCG,12,0.8713872027378078,doublet
GCCAGTGTCGCTGTTC,2,0.8414712079254856,singlet
TGCAGGCTCCTACACC,4,0.8993736272161591,singlet
CCTCATGTCGCTTTAT,9,0.9373622235992456,singlet
ATTATCCGTGGTCTGC,0,0.9613593024063936,negative
TTTGGTTGTCTCAGAT,13,0.6557517378186957,negative
ATTTCTGGTAAGGCCA,6,0.8829159959115601,singlet
TCTTTGAGTAACCCGC,0,0.8740065888154938,negative
CCAATGAAGTTGGACG,6,0.8237532587534097,singlet
CCTCCAAAGCATTTGC,4,0.8800520755626007,singlet
GTTAGTGGTTGCCAAT,0,0.9501804668572458,negative
GGAATGGCAAGAAATC,0,0.8493912759942847,negative
GTGTTAGGTCAGATTC,1,0.8273033056178339,singlet
CCGTGAGCATATGGCT,11,0.831390664450677,singlet
TGGCGTGGTCACCGCA,6,0.8881562618141631,singlet
GGTTCTCAGCGCGTTC,10,0.9823132509874456,singlet
TCTATACCAAACTCTG,6,0.868279964970283,singlet
TGCATGACAAAGAGTT,9,0.9093198934700268,singlet
CTACCCATCGGTCTAA,9,0.8904459628576086,singlet
ACGTACATCATTGCGA,12,0.9501482762593856,doublet
GCCCAGATCGAACACT,6,0.8036206788100344,singlet
GTTAGACCACTGGACC,2,0.8852917331263191,singlet
GTAGATCGTACTGAGG,6,0.8499916379822438,singlet
ACGGTTAAGGTCACAG,9,0.9553072935944326,singlet
CAAGCTAGTAGCGCTC,13,0.7588242527348453,negative
ATCAGGTGTGTCTAAC,7,0.9053252691065792,singlet
CATTCATTCAGCTAGT,7,0.8452416671803135,singlet
TATCCTATCCAGTGCG,11,0.9998393022027532,singlet
CTCGAGGGTCAGGTGA,13,0.1916498142324116,negative
ACACCAATCCAGTGTA,7,0.841381818295251,singlet
AAGTACCAGCGTCTCG,0,0.8815085941041811,negative
GTGGTTATCTTAGGAC,8,0.8925419214110066,singlet
CGTAATGAGTGCGTCC,0,0.843677970348377,negative
TCAGTCCTCGCCTTGT,0,0.8760254216931521,negative
TCTCCGACAGCGATTT,11,0.9842513765552175,singlet
CGAGTTATCGGTGCAC,12,0.8908272208077491,doublet
CCGTAGGTCAAGTGGG,7,0.8701787431111149,singlet
AGGGTCCAGCTTGTGT,7,0.8748377020054016,singlet
GATGACTAGTCGAGGT,2,0.8861966200239161,singlet
CAGTTAGTCTTGAGCA,13,0.7215459676045582,negative
TACCGGGTCAGTGTTG,6,0.8675765337231272,singlet
CATACAGTCGGTCACG,8,0.8893681805454331,singlet
GATGAGGCACAGCCAC,13,0.6807100592571101,negative
CACTAAGGTTAATGAG,1,0.8681459677885969,singlet
CTCAACCAGGCTGTAG,11,0.8166200594847726,singlet
AGCGTATGTATAGGGC,12,0.8159827061950645,doublet
GTGTCCTTCACTTGGA,13,0.7982428986761535,negative
GAGTTACCAGTTTCAG,7,0.977442562343952,singlet
TCAATTCGTCTGTGTA,12,0.9166731814674588,doublet
CTGATCCAGGAGTATT,4,0.8706399109788787,singlet
GCATTAGTCCACTTTA,2,0.8381916655219044,singlet
TTCCTCTAGACATAAC,0,0.8089850382966437,negative
TCATATCTCCGGTAAT,8,0.9301874353733656,singlet
CGCATAAGTCTGTCAA,10,0.8836175058316504,singlet
TCCTCCCGTTCGGGTC,9,0.8943125187872895,singlet
AGTAACCGTCACTAGT,0,0.8059865277612472,negative
ATTTCTGAGAATTGCA,13,0.7098590924149416,negative
TATCTGTAGCCACAAG,13,0.733654886668112,negative
CCACAAAGTGCGTTTA,13,0.6913977984196213,negative
CTGCAGGCACAAGTTC,0,0.910544271771938,negative
TGTGTGAGTATACGGG,4,0.8807194514832218,singlet
TCCGATCAGTCTTGGT,13,0.7585408659940782,negative
AGTCAACGTTTCGACA,0,0.8950106918660348,negative
AGGGAGTAGGAGAATG,13,0.5879724783910785,negative
GACAGCCCAAACTCTG,0,0.8823528265240088,negative
ATTCATCCAATCACGT,0,1.0,negative
CGACAGCCAACAGAGC,0,0.8543956149075949,negative
TTCCTAATCGGCTATA,13,0.7670715934696826,negative
ACACAGTAGAGTCGAC,7,0.8862099814871582,singlet
CCAAGCGAGTGGAAAG,13,0.7644586762442734,negative
TGCTTCGTCGTTCCTG,4,0.8820158337760549,singlet
GTGATGTAGCGAGGAG,0,0.8830865806793964,negative
CTCATTATCCACGGAC,4,0.8639651869634951,singlet
GCCGTGAGTGTTGACT,0,0.8818414909696857,negative
CGAAGGACACGTGAGA,6,0.8760763294408596,singlet
TCCGAAAGTCGGTGAA,6,0.873423034510747,singlet
GTCTACCCATTACGGT,13,0.794079464149773,negative
GTGCACGTCCGTCCTA,6,0.8567751443965536,singlet
CGGAGAACAAGAATGT,2,0.8809264606552809,singlet
GAGTCTACAAGGCCTC,1,0.9655952113083404,singlet
GCATCGGTCAAGGACG,8,0.8581121034584429,singlet
TTCGCTGAGAAACCCG,2,0.9105024149270574,singlet
TACCTCGGTCTCGGAC,12,0.8538545403026516,doublet
TGTAGACGTTGAGTCT,3,0.9169993035745074,singlet
GGGACTCGTCTGTGGC,0,0.9627574401834132,negative
CCGGACAAGTAGTCTC,13,0.7200331065890695,negative
CTCATGCCAATGCAAA,5,0.8973359957854167,singlet
CATTGCCTCCAAATGC,0,0.8596663841159061,negative
ACACTGAGTAGGACTG,10,0.9781478380529076,singlet
ACCACAACAACACTAC,13,0.5412662318521535,negative
CTCAACCAGCAGCCCT,4,0.8539692530056074,singlet
CCGGTAGAGTTTGCTG,13,0.7652648989290093,negative
GCACTAAGTTCCAGGC,2,0.8438370470875877,singlet
TCAGTGAAGCCTCACG,12,0.8383154005339684,doublet
AGATCGTGTCGGCCTA,13,0.4983820233713033,negative
ATCACGAAGTGATAGT,5,0.945416000132986,singlet
TCATCATGTAATGTGA,13,0.5275668294821325,negative
GAGGGATTCTCGTGAA,12,0.913405438926958,doublet
ACAGCCGTCCGTTGGG,0,0.8713089337701754,negative
ACGTAACAGGCTAACG,0,0.9828768535248024,negative
GTTAGTGAGTAAACAC,13,0.7883988274603736,negative
ATCGGCGGTCGAAACG,7,0.9180352200506002,singlet
GGGCTCAGTTTCCATT,2,0.8836245233823642,singlet
CGTTGGGCAAGATTGA,0,0.8680246216365024,negative
TGTGCGGGTCCGGACT,13,0.4690646134327283,negative
CGAGTTACATCGAAGG,13,0.7518894115287286,negative
TTTCGATGTGTTTACG,0,0.8691171795863084,negative
ATCGGCGAGAGTGTGC,13,0.3308834399882732,negative
ACGTACAGTCTGGTTA,7,0.9243149061712832,singlet
GCATGATAGCAACTTC,0,0.866985077220115,negative
GTGAGCCAGAACCGCA,0,0.8226139042141203,negative
AGACAGGAGGTTGGTG,13,0.570894693374471,negative
TGCAGTATCATCCTAT,2,0.9001342204035361,singlet
AGGTTGTGTCCAGCGT,0,0.8927279400436006,negative
GATGTTGAGCGTTGTT,0,0.921068576785574,negative
ACTTCGCAGCAATAGT,7,0.8736550391527337,singlet
GGTGATTAGGATGAGA,0,0.8719509488882988,negative
CAGATACTCTGGTGCG,3,0.8770550377778775,singlet
GCTTCACAGGTTCAGG,0,0.8756195106115818,negative
CTCAGAATCCATGATG,6,0.8694792520143608,singlet
GGGTCACGTGCTGATT,0,0.8535819157761818,negative
CGATGGCGTTACGCCG,6,0.8783592321113551,singlet
TTAATCCCATTGAAAG,13,0.5874389750740231,negative
TCCGAAAGTAAGCAAT,13,0.7629247914048785,negative
GATCGTACATGTTCAG,13,0.7858746151778899,negative
TTTCCTCCACTCCCTA,0,0.8463893750439426,negative
ACCTGAACATGTCAGT,7,0.9743763819973702,singlet
TTGCTGCAGGTACATA,8,0.9999999999956516,singlet
TTACGCCAGCTGGCCT,0,0.8631996110521618,negative
AGGGTGATCTATTCGT,3,0.8040267853325097,singlet
CATTGAGGTTCCAGGC,9,0.8899115718250866,singlet
GTAGCTATCTCCGATC,1,0.875561163046681,singlet
CCTGTTGCATCGTCCT,10,0.8959593675239349,singlet
ACAGCCGTCAGCTCTC,12,0.9270064630464944,doublet
GTTGTAGCACCATATG,0,0.904516480531948,negative
ACCCTTGGTGGCTTGC,0,0.942330069466552,negative
TAATCTCGTTTACGTG,6,0.9009630239440204,singlet
ACTTCGCAGGAGTACC,11,0.8356424356176264,singlet
TGTGTGAAGATGTAGT,13,0.7775026875729256,negative
AGACAGGTCGTGACTA,0,0.8839364526120327,negative
AACGGGACAAACGTGG,5,0.8901695345910401,singlet
CGGCAGTTCCAGTGCG,11,0.843540043442418,singlet
TGGGCGTCAATCCAGT,7,0.9456690972080822,singlet
GTGGAGAAGATGTTAG,8,0.8410687594729187,singlet
GATAGCTCAGCGAACA,8,0.8923865342128738,singlet
CCGGGTATCGGTAACT,9,0.9195991276679306,singlet
CAATTTCGTACCTGTA,9,0.8672659658969681,singlet
GGGACAATCGCCTCTA,5,0.8819859944665448,singlet
ATCGATGCAGGGAGAG,8,0.8055063399785269,singlet
TCTACCGTCGCCTTGT,0,0.920091337869897,negative
AACCTGAAGGTAGTAT,11,0.8575218150914687,singlet
ACGGTCGCAGTCCCGA,10,0.8848372182657817,singlet
CATGGATGTCTTTATC,11,0.9750069420348934,singlet
CTGGCAGTCACTTGTT,3,0.9370592318150816,singlet
CCACGTTAGTGGTGAC,2,0.8482998110750135,singlet
CCGTGAGCACCCGTAG,1,0.8471471488470753,singlet
TCAATTCGTCATAAAG,0,0.8249876931802087,negative
GAAGCCCCAACGGCTC,13,0.7861324888023177,negative
GAGTTTGCAAGCTGTT,4,0.8843514066458088,singlet
GGAATGGAGCCGCACT,13,0.7423831153852855,negative
GATTGGTCACCGTCGA,7,0.9107402315825228,singlet
CATGAGTAGCCACTCG,6,0.8986126963151545,singlet
CGTGTCTAGCGTGCCT,13,0.7909460054405849,negative
CTGGACGCATATAGCC,3,0.9244609190474092,singlet
GAGAAATTCGTGTGGC,9,0.8932633291826271,singlet
AACAACCAGCTATCCA,13,0.4462634198494372,negative
GATGCTAGTTGCATTG,0,0.9997950903941446,negative
GGAATGGAGTTGCCCG,12,0.895786005265433,doublet
AAGCCATCACTTGACA,0,0.9766118529128168,negative
TTGAGTGCAGCTGAAG,13,0.4426330306998204,negative
GTAGGAGGTATGGAAT,0,0.8445107720490327,negative
AGACAAATCTGCTGAA,0,0.950644026315108,negative
AACAGGGAGACCAGCA,7,0.906935999976783,singlet
TGTTACTTCTGTGCAA,13,0.7528294481039839,negative
GTCGCGATCAGCGCAC,2,0.8917320072663569,singlet
AGTGCCGTCGTCGATA,0,0.8237967606386813,negative
AACCCAACATCCTTCG,11,0.8616013485904533,singlet
ATCACGAGTGTTGCCG,5,0.9591349408664964,singlet
AGTCACAAGTGGCAGT,8,0.950259470190634,singlet
ACCAACACAGACATCT,13,0.7961686274316156,negative
TGCTCCAGTTATAGAG,11,0.8509497759752592,singlet
GGGACCTGTAGGTCAG,8,0.9070857515960834,singlet
GTGATGTGTGGCATCC,0,1.0,negative
GACTCAAAGACTAGAT,0,0.82457313107366,negative
AAAGGGCTCTTCCCAG,0,0.8510538758209402,negative
CCTCACACACCTCAGG,10,0.9169094380952386,singlet
CACAACACAAGAGTAT,8,0.8573368628311078,singlet
AACGGGAGTTTACGTG,10,0.9063132677439548,singlet
GACCCAGAGCTGTGCC,13,0.5252421299595481,negative
TGGCGTGAGCCTCTCT,12,0.8398484807401979,doublet
CCTCATGGTATCGTGT,11,0.8969497143883365,singlet
GAGTGTTTCTGTAACG,3,0.8321096406140857,singlet
TAGATCGTCGCTAGCG,7,0.8954400108282066,singlet
GTGCTTCTCGAAGCCC,10,0.885751848229934,singlet
TCAGCAAAGTCCTGCG,6,0.9028767827287464,singlet
TTAATCCTCGTTACCC,0,0.8636043782882326,negative
CACCGTTGTCGCACAC,13,0.460734832769046,negative
CTAACTTAGCGGGTAT,12,0.8937067643617642,doublet
GCACATATCGAAATCC,11,0.9761719052849878,singlet
GCTGCAGCACCATATG,0,0.8405098351294006,negative
GCACATAAGCAGTACG,5,0.9185934489717568,singlet
AACCAACGTAGTGTGG,3,0.8747570444701193,singlet
TGACCCTAGCTTTCTT,0,0.942827960887424,negative
GATAGCTCATGACTAC,1,0.8111138976358531,singlet
GTCGTTCCACACCAGC,12,0.8951648435048998,doublet
GTGTAACCAAATAGCA,13,0.5891620981983466,negative
TCGAAGTAGTCGGCCT,6,0.8843151287534351,singlet
TCCTTTCGTGAGACGT,4,0.864519260652943,singlet
CCCGAAGCAGACCAAG,8,0.8288871389648327,singlet
AAATGGAGTACAAAGT,10,0.907600118473784,singlet
TCATGTTTCCATTGTT,8,0.950648202660033,singlet
GTTGTAGGTGACTATC,0,0.8491030174377678,negative
CGCCAGATCCGATCGG,13,0.7002919236246397,negative
GCTACAAAGATGATTG,3,0.8856939511396691,singlet
TCAGTTTTCTGTGCTC,11,0.8574500186309628,singlet
ATGGGTTGTAAGACCG,13,0.6316297829237041,negative
TTCTTCCAGCAATTAG,13,0.7295742727478236,negative
CTCCATGCATGAAGCG,13,0.7905594132123829,negative
AGACAGGCATGGCCAC,1,0.9316477190217896,singlet
AACGAAAAGATGAACT,0,0.8826608593454144,negative
GTCTAGACAGCATACT,13,0.7979927967262029,negative
CTCACTGTCCAACCGG,1,0.8589471776882189,singlet
TCTCAGCTCGTCCATC,9,0.897930827969103,singlet
TGGAGGATCCTTACCG,5,0.8633635940050266,singlet
GTCTCACTCTCATGCC,0,0.8853206337143753,negative
CGTTGGGAGCAAACAT,5,0.891306045410591,singlet
AGAGCAGGTGAGAGGG,0,0.8581713117026154,negative
CTGAGCGGTGCTTATG,13,0.4236038880685248,negative
TATACCTTCTTAGCAG,0,0.8890347867018946,negative
ACGGGTCAGATCCTAC,7,0.8729024122504325,singlet
CTCCCAAAGGTAAGAG,13,0.4024022334147918,negative
TCCTCGAAGTCACGCC,13,0.5922247467943254,negative
AGGGTCCCAACGATTC,13,0.7799640033644661,negative
CGTGTCTTCCCTTTGG,7,0.8170135572271398,singlet
GCTGGGTCAATTGAGA,9,0.9466010752541286,singlet
GATGAGGCAAGTGGGT,12,0.8954015386482346,doublet
ACTCTCGAGGTTAGTA,13,0.7616270313898955,negative
CTCTCAGGTCGCTTGG,2,0.8555608641849229,singlet
TGGTAGTTCCAGCAAT,2,0.8451003496396812,singlet
GGGAGATTCCCTCATG,0,0.8246737978149046,negative
GGTTAACCAGTGTACT,7,0.9272383385377224,singlet
TGAATGCTCCTTGACC,0,0.9512399449489344,negative
ACCGTTCGTGTGTCGC,13,0.6016738295160083,negative
CTGAATGCACATACTG,3,0.9112631193211,singlet
CTGAGCGCAAGTTCGT,12,0.8899319734647207,doublet
ATCGCCTGTAGACAAT,3,0.9339601155593548,singlet
CCTTTGGTCGTGAGAG,10,0.917861900536466,singlet
ATACCGAAGTGCTAGG,3,0.907014575168649,singlet
CATGCAATCTCAGTCC,10,0.9039212397237693,singlet
CCGGGTAGTGGCCTCA,9,0.9032723899895352,singlet
CGCGTGAAGAGAGTTT,7,0.8665218824354133,singlet
TGAGGAGGTAGGCTGA,6,0.889993852679136,singlet
ACCTGTCCAATGGCAG,13,0.6403898625162525,negative
TTACGCCGTGGAATGC,0,0.8693719606357743,negative
TGAACGTGTTTCGTTT,2,0.9368621516207516,singlet
AGAGCAGGTAACAGTA,11,0.8833681308639155,singlet
TGATGGTGTCATACCA,0,0.8317030957099844,negative
TACCCGTGTACAGTTC,6,0.8788859439736771,singlet
TTTGACTGTGCTCGTG,7,0.9034280398586796,singlet
GGCTTTCGTATCGGTT,13,0.6825393648476251,negative
CCGTGAGTCGTGGCGT,7,0.8743245442900892,singlet
CGAGGAAGTGATTAGA,0,0.9184417632116648,negative
TGGAGAGAGATACGAT,0,0.984735473225856,negative
TTGGATGGTCATAGTC,0,0.8929150198024552,negative
GAATCGTTCGTTAGAC,7,0.9076625390468622,singlet
TCAATTCTCTTCGTGC,3,0.9545093342043453,singlet
TGACAGTAGAAGCGCT,3,0.9599621881305452,singlet
ATAGGCTTCGGAGTGA,6,0.8892783485825876,singlet
GTAGATCGTTAGTTCG,9,0.8086184348541903,singlet
AAACGCTGTGTCCAAT,9,0.869757785159635,singlet
TTGGGCGTCTTCCGTG,13,0.7805580093912311,negative
TCATCCGGTCAGGCAA,2,0.8931130628181798,singlet
AGTTCGACAACGGCCT,7,0.9637349571839192,singlet
TTGTGGAAGGAACGTC,0,0.9087515925709152,negative
TTCCTCTAGTTCCGTA,13,0.6840559987780451,negative
AGCTCAAAGACCAACG,8,0.9996872590057588,singlet
TTGGTTTGTACAAACA,9,0.8948260963804076,singlet
GAAGTAATCATGACAC,0,0.9377560100137036,negative
CTGTGGGAGACCTCCG,7,0.9126745390787792,singlet
CAACAGTTCTTCGCTG,13,0.6779127309809991,negative
TTCTAGTAGTCACTAC,4,0.9185896117276068,singlet
TGGGATTGTTAGCGGA,4,0.8720371103330042,singlet
GACCAATCAGCGTGAA,2,0.9450000137749366,singlet
GTAGTACCATCGTTCC,13,0.668737312342264,negative
AGGAGGTGTACAGAAT,0,0.8872278772290922,negative
AGAAGCGTCATCTACT,9,0.9018563523012189,singlet
AATTCCTCAAGTATAG,9,0.999867208908358,singlet
AGCGCCAGTGGTATGG,13,0.7204000155328049,negative
AGAAATGGTCCCGCAA,0,0.8700361432709707,negative
GTCGCGAGTCAGTCTA,12,0.9009436863582504,doublet
TAACCAGCAGGTGTTT,12,0.9165769719129718,doublet
TGCCGAGGTATGAAAC,0,0.8779973719537805,negative
TCAAGCAAGAGGGTCT,0,0.8779783460420122,negative
ATCATTCAGCCTTGAT,0,0.9147696727385728,negative
TCGGATATCGTTCTCG,0,0.94275460431694,negative
GGGAAGTTCGACCAAT,10,0.9997609948526588,singlet
TGGTAGTAGGCAGTCA,8,1.0,singlet
TCTCAGCTCCCAGGAC,5,0.9682382329844644,singlet
TCACTATTCACAAGGG,8,0.9415788428162688,singlet
GAAGCGAGTAGCTTAC,12,0.8772120434115526,doublet
CATCGTCAGAGTCAAT,8,0.8949401040685963,singlet
TAGACCAAGGCCACCT,0,0.8532085864657006,negative
CAGATCATCGGCCCAA,4,0.898621763942257,singlet
TGCTCGTCAAACCACT,7,0.8725236722485694,singlet
AGTGACTCAGACCCGT,13,0.5137567433993124,negative
CCGGACAAGCTGTGCC,13,0.5117416923793127,negative
CTTGATTTCCGTAGGC,1,0.8847573620500173,singlet
AGGGTCCTCCCAGTGG,3,0.8662002530841635,singlet
GGTGGCTAGGTAGGCT,5,0.93017224231811,singlet
TTCACCGCAATGGCAG,10,0.8948787217938423,singlet
TTACGTTTCCACCTGT,0,0.8244463341049907,negative
GTACAGTCAGCGACAA,3,0.897510451127848,singlet
TCGAAGTCACTTGGGC,13,0.6330340568667726,negative
GCAGTTAAGTCATACC,10,0.8880611021536865,singlet
CAACGGCCAACCCGCA,10,0.905238918378584,singlet
TCTACATCACGCCAGT,0,0.8742794166375383,negative
ATACTTCTCAGAGTTC,3,0.9127534420219836,singlet
GTGTTAGAGCAGCCTC,13,0.6920170841971648,negative
CGTTCTGCATCGGTTA,3,0.9825806295164738,singlet
ACGGGTCAGGGCCTCT,0,0.8950915455844922,negative
GTAGCTAGTATACGGG,2,0.9805894114189329,singlet
CAGTTCCGTATTGCCA,9,0.8352314894283457,singlet
GCCAGCATCACTTGGA,13,0.5928890307371145,negative
ATGACCAAGACGAGCT,13,0.7044591109420989,negative
CATTGCCAGTGGCCTC,7,0.8808783590707587,singlet
CTGTGAACAATTGAAG,0,0.8983834945403331,negative
GGCTTTCAGTAACGAT,13,0.7935349175417911,negative
GATGCTAGTCCGATCG,7,0.9015169790579668,singlet
TGCGGCACACTACCGG,13,0.7435935021029549,negative
AAGCGTTTCGCATTAG,7,0.9132391333041306,singlet
TGATCTTTCTACGCAA,7,0.9078293542312148,singlet
CGGAGAATCAAGCCGC,2,0.8907218376886936,singlet
CATTTCATCTCGACCT,5,0.9040563135816714,singlet
CTTACCGGTACGGTTT,12,0.8684410164639613,doublet
GGAGAACGTCTACAGT,1,0.9012460923656188,singlet
CTCCCTCTCAGGACGA,13,0.5759610819599437,negative
CAACGGCGTATGAGCG,0,0.8632831144878554,negative
CGTGTCTGTATACCTG,2,0.9651838606374956,singlet
ATTTACCTCGGCTATA,2,0.9999947712334696,singlet
CAGCAATCATTCAGCA,13,0.7943222480363039,negative
ACGGTCGGTGCAAGAC,0,0.8750404550713685,negative
TAGCACACAGGAATAT,0,0.8358376757803341,negative
ATCCTATGTCGAGTTT,13,0.717400554225834,negative
AGGTTGTTCGAATGCT,13,0.7951592957294508,negative
CATACCCGTCAAGGCA,0,0.8801221026961336,negative
GGTGATTAGTACCCTA,0,0.8790685028224539,negative
GCACTAACATGGCGCT,13,0.7893151399090025,negative
TGAATCGAGCCTCTGG,3,0.906815168159129,singlet
AGTTAGCCAGTTCACA,5,0.9193057627731578,singlet
GCTACCTAGATGCGAC,7,0.9576376579659042,singlet
ACTATTCTCCCTCTAG,2,0.8828503061451783,singlet
TAAGTCGCAGCGAACA,13,0.4338347168154868,negative
TACCTCGCAGAGTCTT,5,0.8841023416590257,singlet
TCGGATAAGTTTGCTG,0,0.8749649603048366,negative
CAACAACCACACGTGC,0,0.8296238510306191,negative
ACCCAAATCCCGATCT,2,0.8988488629657067,singlet
ACTACGATCTGCCTGT,13,0.6796710596188384,negative
AACTTCTAGCCTCGTG,13,0.3542654660393686,negative
CAACAACGTCACGCTG,0,0.8776094361545682,negative
ACGTTCCAGGGCAGAG,1,0.9217740354210704,singlet
GATCGTAGTGAGATAT,13,0.2667108235353532,negative
GCAACCGAGGCTAACG,13,0.6216676058327877,negative
TTGCATTGTTCAAGTC,13,0.6213252033983303,negative
AAGGTAAAGGTAAGTT,0,0.9855181633675884,negative
AAGGAATAGGATTACA,0,0.8836838340494437,negative
TAAGTCGCACCACTGG,0,0.8064891425389863,negative
TCGCTTGGTAGCTGTT,7,0.9576508125008965,singlet
TAAGTCGCAGCCGTTG,9,0.8267427073609657,singlet
TGGTTAGCAGCAAGAC,0,0.8643463330709086,negative
GCATCTCGTAGCGAGT,7,0.8289520561756699,singlet
AGTTCCCAGCAATAGT,13,0.7412707391474319,negative
AGTAGTCCAGAGAGGG,13,0.5554640675186792,negative
TTGGGATCACGGTAGA,13,0.6934896779627064,negative
TCCACGTGTGCCTACG,0,0.8287470058731287,negative
CGGAACCCATATGCGT,13,0.6204098433535318,negative
GATCCCTAGTCATTGC,7,0.9998506682167356,singlet
GCCAGCAGTCCCAAAT,10,0.8460330792953658,singlet
TTCCACGAGTCACTAC,0,0.9273456400955588,negative
TGCAGGCCAGGCTTGC,9,0.930592458825082,singlet
AGTTAGCGTAGGACCA,13,0.5812220036378003,negative
GCAGCTGGTCATGGCC,6,0.8271777663553153,singlet
TAAGCACTCTGAACGT,6,0.8733672262414213,singlet
AAAGTGACAGCGTAGA,11,0.976659290935426,singlet
GTCAAGTTCCATATGG,6,0.8594383233160743,singlet
CGTGAATCAGCTGCCA,2,0.8053226137589077,singlet
GAACACTCAACCGGAA,0,0.850663302383733,negative
TCAAGTGTCAATCTTC,0,0.8877063571484303,negative
TTTCACAGTGATTAGA,3,0.9108600816596618,singlet
GGTGTCGCAGTAACGG,13,0.7971596964715005,negative
TACTGCCGTCGTGCCA,3,0.8912961398589957,singlet
CGAATTGTCTCTGCTG,12,0.8565592729480366,doublet
CTAGGTAAGAGTCTTC,4,0.9625414757404556,singlet
CAGCACGGTTGCATCA,13,0.7561687854138542,negative
TCGCACTGTGGATGAC,11,0.8884918535444614,singlet
TCATCCGGTATCGAGG,11,0.934631739596122,singlet
TCTCCGACAAATACGA,1,0.907628410011026,singlet
TAGGTTGGTAACGATA,6,0.8825651803983738,singlet
TCCGATCAGAGGGTGG,10,0.9998867622002928,singlet
TTCGATTCATCCTGTC,2,0.9244360982804024,singlet
GACCCTTCAAAGGGCT,13,0.7510091276409268,negative
GAGTGAGGTTGATCGT,13,0.7194589850737818,negative
AGATCCAGTACTGGGA,0,0.876578206492446,negative
CTTAGGATCGACCTAA,0,0.8830187980512159,negative
CAGTTAGTCTGAGCAT,0,0.8985420171248956,negative
TCCTAATTCACTACGA,0,0.9256600966766784,negative
TTCTGTAGTAAGGCTG,10,0.9067534973976602,singlet
GCTACAACAAGTAGTA,0,0.8398103759840194,negative
AGGACGATCTCTCAAT,12,0.852561907706006,doublet
ACAGCCGGTCCAGTTA,12,0.9031419937601108,doublet
GAGGGATCATGACTCA,0,0.8731742778323722,negative
GAGGCAAAGCCTATCA,13,0.6250077670027855,negative
TTGACCCTCATCGGGC,3,0.8209088968982443,singlet
GAAACCTTCTGTCAGA,8,0.9033710081712604,singlet
TTACGTTAGAGGTCGT,10,0.919992618717457,singlet
ACGGGTCTCATGCCAA,13,0.6856566283212119,negative
ATCTCTAAGATTTGCC,6,0.8921238319319834,singlet
GATCACAAGACGAAGA,5,0.8681885488206948,singlet
CCGTTCAGTTACGATC,2,0.9059898643845647,singlet
GAATCGTCATCAACCA,4,0.886931061614994,singlet
GGGACTCCAAGTGGCA,13,0.5432507820801735,negative
TCCATCGCAACGACAG,0,0.8775494085304819,negative
GAAGCCCTCCCGAATA,0,0.8599138058627362,negative
CTAGACAAGTTCCATG,4,0.8032796353556897,singlet
ATTGGGTTCCTGCTAC,12,0.9411569239963656,doublet
CTAACTTAGTTGCCTA,12,0.9110414529909022,doublet
ATCCATTTCCACGTGG,10,0.8684665772497555,singlet
TAGACTGCACGCGTCA,2,0.8001624272298969,singlet
TGTCCTGTCACCTTGC,1,0.9580344845270342,singlet
CGTCAAAGTTAATGAG,13,0.7465145283904019,negative
GCAGTTATCACTGGTA,2,0.8279003332733791,singlet
CTCTCAGAGGGTACAC,2,0.9998025375219678,singlet
CTCAGAATCGCAGTTA,0,0.8433500866263147,negative
TGGCGTGTCGTCGGGT,2,0.8782088145466763,singlet
ACCTACCGTTAAGACA,0,0.8363220378334612,negative
GAGATGGCACGATTCA,0,0.8320908621974957,negative
TAAGTCGGTCCTGTTC,13,0.6497331311300457,negative
GACGTTACACGTCATA,12,0.8254552423437369,doublet
GCAGGCTGTTGACGGA,3,0.9126275466767008,singlet
GAGAAATGTAGGAAAG,0,0.91382301191874,negative
GGCTGTGTCATGCCAA,5,0.8316497681029431,singlet
GGGCTACTCGACGAGA,9,0.8891480783336448,singlet
ACCCTTGGTTCCAAAC,1,0.8247469034169419,singlet
GAGTGAGGTTATGTGC,0,0.8576129659321793,negative
TCCACGTAGACATAGT,0,0.8178045516322792,negative
AAAGTCCTCTGGACTA,2,0.8905518886238454,singlet
AATGACCTCGACGTCG,13,0.7018168710033058,negative
TCTATACGTTAGCGGA,13,0.5913217263796515,negative
TCAAGACCACACGCCA,2,0.9806045722121772,singlet
GTAGGAGGTAGTCGTT,2,0.904148790466143,singlet
AGACACTGTCGGTGAA,7,0.830065393181792,singlet
CTGTGAAAGGATAATC,2,0.8284300655105813,singlet
TCCACGTCAATACCCA,5,0.8248775439232644,singlet
GAATCGTGTCTCTCTG,13,0.4426748417865805,negative
GGGCGTTTCAATCCAG,4,0.8653253951503129,singlet
TCGATTTAGAACCCGA,10,0.9082525991249194,singlet
TAGGTACAGCGCACAA,7,0.8981762533344749,singlet
CTCAAGATCTTTGCTA,10,0.9079469441745684,singlet
GAAGAATAGTTGCCCG,0,0.9439502857037684,negative
GCGATCGTCTTGAACG,0,0.8613667784802954,negative
TGTTTGTAGAGAGCAA,13,0.6213729018471359,negative
TTCTTGATCTGATGGT,0,0.9998893925697616,negative
AGCGTATTCCTAGCCT,13,0.4937715885139224,negative
TGCTTCGAGGAGACCT,13,0.5714923910531967,negative
TCGATTTTCCATTTGT,5,0.9206482308938422,singlet
GTCAAACCATCCGCGA,6,0.8125364385626368,singlet
ATTCCTATCTATTGTC,10,0.9999999621533522,singlet
TACAACGCAACAGCTT,13,0.7339096489067256,negative
CGAGAAGTCGTAACCA,1,0.8657103746439475,singlet
CGAGTGCTCCATCACC,13,0.5374182663836197,negative
ATTACCTCATTGCCTC,11,0.9041851687022484,singlet
AGGCCACCAATCTAGC,7,0.8725943299669969,singlet
GTCACTCTCACGATAC,13,0.7249549532599977,negative
CCGATGGAGCGGTAGT,9,0.8762694871141329,singlet
AGGTTACTCCATCAGA,13,0.6653972610260559,negative
TGAGGGATCTTAGTTC,4,0.8948422887655143,singlet
GCCTGTTTCTGCTTAT,0,0.8510876474031858,negative
GTGGAAGCAGCGTTTA,2,0.9159576906704432,singlet
TTACGCCTCTCGGTCT,11,0.8900897074353546,singlet
CCTCAGTGTTTCCAAG,5,0.8658513329159668,singlet
CCCTTAGGTCGTGGTC,11,0.8985190130867506,singlet
TCATGAGTCATTGTGG,5,0.9194134368449404,singlet
TACTTGTGTACATACC,12,0.9231298640522558,doublet
GCATCGGCACATAACC,0,0.8629889823710065,negative
ACTGCAAGTGACCGAA,10,0.8834338244731669,singlet
TTTACTGAGGTGCTAG,13,0.778630286424453,negative
TTTCAGTAGAGCTGAC,1,0.9856348125691624,singlet
TGGATCAAGCGATCGA,8,0.8952239773092958,singlet
GAGTTTGAGACATATG,5,0.8080326257582011,singlet
TACCTCGGTACGCTTA,7,0.9314626593776496,singlet
TCATCATGTTCAGGTT,9,0.9741672644191882,singlet
CATACAGGTCGGCCTA,0,0.8771240629977345,negative
AGGACGACAATCAAGA,13,0.7301401689678761,negative
GCCGATGAGTTTGCTG,10,0.9746254436156824,singlet
GGGCCATAGGTGGTTG,0,0.8756128269722971,negative
GTGTGGCCAAGAGAGA,0,0.8168703096021278,negative
TCAGTTTAGTCCCAAT,2,0.9999999941764046,singlet
TTCACGCTCTGTAAGC,5,0.908221070651881,singlet
TAAGCGTTCCATAGAC,2,0.8799860276230285,singlet
AGAGAGCGTTAGCGGA,13,0.5627240583678117,negative
ATCCATTTCGCTAAAC,13,0.7660410520323041,negative
TACTTCAGTTGTGTAC,0,0.8928593321452944,negative
TCTTAGTTCCACGGAC,6,0.8812200478811009,singlet
CGCATAATCTTCACAT,0,0.8906173194581127,negative
GGGTGAATCGCAACAT,2,0.9018374812189152,singlet
TTCCGTGAGCAGCCCT,0,0.9157922042067552,negative
AGTGCCGAGCGCCTCA,13,0.7849701971652692,negative
AAGAACATCTTGGTGA,2,0.8709326713325548,singlet
ACCCAAATCCACAGGC,0,0.845651274127982,negative
ATGTCCCTCGTTACCC,0,0.891067309515833,negative
CGCCAGAAGGTGTGAC,13,0.4773352416841301,negative
GTCAAACCAGAGCCCT,13,0.7959522427172989,negative
CATCGGGAGACTCTTG,7,0.8611060898131775,singlet
AGTAGTCAGACGCTCC,1,0.9999570937232004,singlet
CCTCACACAGTTGAAA,13,0.6506811664736816,negative
AGTGCCGGTTTGACAC,7,0.8882206784190222,singlet
TTCTTGAGTAGGTCAG,2,0.8276118275311002,singlet
CTCCTTTTCCGGACTG,0,0.8746238708798838,negative
TGAACGTAGGCGACAT,13,0.6907864350558613,negative
TGGAGGATCTATTGTC,0,0.8457896943066764,negative
GACCCAGAGCGCCCAT,8,0.9212261817243488,singlet
GATGTTGTCCCATAGA,9,0.8913158977782167,singlet
ATTCTACTCGCTGACG,13,0.7181122158773328,negative
AAAGGATAGACCGCCT,4,0.878587836850203,singlet
CTCCATGAGATAGCAT,0,0.9579255138450012,negative
GACCGTGTCTGCGTCT,0,0.954651931390044,negative
GTGCTGGAGTATGCAA,13,0.4930936188801066,negative
ATGTCTTCAGCGTATT,6,0.8767445882206685,singlet
TCATACTGTATACAGA,0,0.8767930858957795,negative
ATCCTATGTGACAGCA,7,0.8511252540881007,singlet
ATTGGGTAGTACCGGA,0,0.8902071770612013,negative
GATTCTTAGGTCTTTG,7,0.8955722253794175,singlet
CGTGCTTGTATATGGA,13,0.7986649047403085,negative
GAGCCTGCAGCAGTCC,1,0.8848875352427776,singlet
ACCTGTCGTGAGGATC,6,0.844568036105409,singlet
GATGGAGAGGATACCG,13,0.6617419994962512,negative
AGGACTTCAGTCAGAG,0,0.9761121486656869,negative
GTTGCTCCAGCACCCA,13,0.4556359601580219,negative
CATACTTCAGCTGCCA,13,0.7789563160675882,negative
CTCATGCCACGTTGGC,4,0.9535354742532096,singlet
TCATGTTGTACAAAGT,0,0.920071325575018,negative
TTCGGTCGTAAGAACT,13,0.7464752747679695,negative
GTCACGGTCAGCCCAG,9,0.8920609132321395,singlet
TCACTATAGGGAACAA,1,0.8795635750351509,singlet
TTTATGCCAGATACCT,12,0.9852601055880726,doublet
ATGCGATCACCACTGG,0,0.8206447849312648,negative
GACCTTCTCTCTGGTC,10,0.939862673727631,singlet
CTGCAGGCATGGAATA,13,0.7312761153933215,negative
ACAACCAAGGCTAAAT,0,1.0,negative
GCTTTCGCACTCCACT,5,0.8795744749590438,singlet
CGAATTGCATAGATCC,9,0.90540219133972,singlet
GGAAGTGTCAAATGCC,13,0.7531194424945923,negative
AGAACAAAGTACTGTC,13,0.6651239840831319,negative
ATAGACCAGTTGTAAG,0,0.8791862912226901,negative
CGTAGTAAGCGTATGG,13,0.7938459720395644,negative
GTGAGTTCAAGTATCC,10,0.900162839515606,singlet
TCTATACAGGATTCCT,1,0.8477199307138937,singlet
TGAGCATAGTCTCGTA,13,0.5122355978302645,negative
CATCCGTTCGTAATGC,13,0.6451939821888454,negative
GACATCATCCATCTCG,0,0.918298737316141,negative
CTGGCAGAGACCACGA,10,0.8752368202352259,singlet
GGTAATCTCCATAGAC,3,0.8580987436456506,singlet
CCCTGATTCGAGAACG,0,0.8680495344960644,negative
AGCCAATTCCTGATAG,13,0.4906687581333564,negative
CCGGGTATCAAAGGAT,6,0.936655138863945,singlet
CTAGGTACAGAGGCTA,0,0.8125637172505866,negative
GGAATCTCAGTCGGAA,10,0.9202276642219614,singlet
CGCATAACAGACGATG,3,0.9296739510771792,singlet
TACATTCTCTAAGCCA,13,0.719394672114395,negative
TCCCACATCACGTAGT,13,0.7320537049234598,negative
CATTCCGCAGTCTGGC,7,0.9419953211010452,singlet
CCCGGAATCATCGCCT,13,0.7526896415519042,negative
CCTGCATAGCAAGCCA,0,0.8737112269427008,negative
CATTGCCGTACGGGAT,6,0.8205183289431005,singlet
GATTTCTCATCCGTTC,0,0.8929320358012044,negative
TCCACGTCAAGCTACT,11,0.9064594015441936,singlet
CAACGATAGGTTCCAT,6,0.8643911960889996,singlet
GGCTGTGAGGTCTACT,13,0.4851490834226367,negative
AGATCCACACTCCACT,2,0.9063259051583172,singlet
ACAAAGAAGCGCAATG,8,0.8497821658693169,singlet
ACGTCCTCAGCAGAAC,0,0.8751982163877815,negative
GACACGCGTATCGTAC,0,0.8978645886239149,negative
CTCGAGGGTGCGGTAA,0,0.8775984007535418,negative
TTCCTTCCAATTCACG,13,0.7048549087959843,negative
CCTCAACTCGTCGATA,2,0.8796525465316034,singlet
TCGGTCTAGGGTTTCT,9,0.937948380021346,singlet
AGAGAATCAAGGCGTA,13,0.5002861735356261,negative
CGAATTGGTCCCTGTT,13,0.5711118715046611,negative
CAAAGAACACTATCCC,13,0.6935523499198138,negative
GAAGCGAAGACTCCGC,1,0.9052953684006356,singlet
GTCGAATAGCGAACTG,7,0.9426263671787952,singlet
CTACGGGCAAATCGTC,5,0.8317319646944628,singlet
TGTTGGAGTAGGACCA,0,0.8777694528770089,negative
ACCAACACACTGGAAG,2,0.8986973792691595,singlet
CTTCTCTTCAGTGGGA,0,0.8765092986646013,negative
AATGGAACAGGCACAA,0,0.9841642008858368,negative
AGACCATAGCATAGGC,6,0.8991240366262079,singlet
GAAGGACGTACCCGCA,2,0.8179198310658089,singlet
GCTGAATCAGGCTCTG,13,0.7236403238740862,negative
GTTTGGATCAAGGACG,13,0.5465332285767587,negative
ACCCTCACAAACGTGG,13,0.7778443042808172,negative
GTTTGGAAGCCATATC,0,0.9534415765769984,negative
GCTACCTGTGGTTCTA,3,0.8827147146457447,singlet
CGCCAGAGTAGAGACC,9,0.9489337118428414,singlet
AGCGTATGTTGGAGGT,5,0.8672982856819028,singlet
AAGACAAAGTCTACCA,1,0.8668808893583086,singlet
TTGTTCAGTGTGAATA,1,0.869575126577621,singlet
TAAGCCAAGCTGAAGC,0,0.8661223659878954,negative
TGAGACTGTTAATCGC,0,0.8624605665306662,negative
AGTACTGGTGGCCCAT,10,0.907014099688404,singlet
GGTTGTAGTTGTACGT,0,0.8503894736351435,negative
CAACCTCCAATATCCG,0,0.8501249778907636,negative
CAACGATAGGATAATC,13,0.5997625155604841,negative
CGTAGTAGTGGGTATG,0,0.8626683289673137,negative
ATCCTATTCGGCATCG,0,0.8732544526008703,negative
AATGAAGCACGGTGTC,9,0.9063949183157588,singlet
TACCCGTTCACAACCA,3,0.8780367598975777,singlet
GCAGTTAAGAGAGGGC,8,0.8990437922105845,singlet
CATTGTTCATCTAACG,7,0.9106707557782078,singlet
TCTTAGTTCCAACTGA,0,0.8865186977842752,negative
TTCACCGTCCATTGCC,4,0.9047731209131488,singlet
CGAATTGAGCTCCACG,9,0.9227167658887032,singlet
AGGTCTACAGAGGCAT,13,0.2845825348284702,negative
GCATCTCGTCCTGGGT,7,0.9174284507167126,singlet
CCGGTGAAGTTACTCG,8,0.8764719195382695,singlet
TGTCCACCACGCTGTG,0,0.8758448939194394,negative
GGGATGAGTCATCTAG,10,0.9014903795648468,singlet
AATGGAACATGAAGGC,6,0.8566010313339311,singlet
CGCCATTCACTTGTGA,5,0.8765275044597064,singlet
CTCAGTCAGCGAAACC,6,0.8861733638523589,singlet
TCCGTGTTCAAGATAG,13,0.6516132690835804,negative
GACGCTGTCCGTATAG,0,0.8934654534122916,negative
CAGCCAGAGCGAAACC,13,0.2093109531136972,negative
AACCCAAGTTATCCAG,1,0.8870836949114044,singlet
CCCGGAAAGCTGCCTG,4,0.8806886996098824,singlet
ATCACAGTCCAAATGC,13,0.6317946491021582,negative
TTCACGCCACAAATCC,13,0.5780065906717426,negative
GAGACTTAGTTGGAAT,11,0.9794071711989903,singlet
ACTACGATCCATCCGT,0,0.8579124732692774,negative
ATACTTCCAGCTTTGA,0,0.8863609944664518,negative
CATTGCCGTGAGGCAT,0,0.8815247486465728,negative
CCTCTCCTCGAAGAAT,13,0.7827136439215168,negative
TCCCACAGTGAATAAC,0,0.8860791504449744,negative
GTAGAAAAGGACTGGT,0,0.8816974437354708,negative
GGGACTCCAAGAGATT,13,0.5413349420106407,negative
GGCTGTGGTAACGGTG,12,0.9191372832105604,doublet
CGATGGCCAAGACGAC,0,0.8571275762944988,negative
TTGTTGTGTGTGTTTG,11,0.9171897850216656,singlet
GGTGTTAAGAATCCCT,2,0.8150554262923032,singlet
CAAGAGGTCTCGACGG,7,0.8898612091351397,singlet
GCATTAGAGAGTACCG,0,0.8821636948517504,negative
CTCAGAATCTCCCTAG,13,0.6508283352593152,negative
AAAGGTAGTCAACACT,13,0.7656789963488899,negative
TGTTCTACACAGACGA,7,0.880900291386623,singlet
GCTGGGTCACAAGGTG,8,0.952862394480932,singlet
AGCGCCAGTCCGGCAT,0,0.8821176445504691,negative
CAAAGAATCCGATGCG,13,0.6387894291197913,negative
GTACAGTCAGTTTGGT,13,0.7867099335407003,negative
TTGTGGATCTCGGTAA,13,0.6802211330829947,negative
AGGGCTCCAGGGCTTC,0,0.8859341510571465,negative
TGAATCGGTGGCTCTG,11,0.9003068805333392,singlet
CATTCCGAGAGGGTGG,10,0.8238135120267822,singlet
TTGCGTCCATCCTGTC,0,0.8846766280326683,negative
TGTCCTGGTATGCGTT,0,0.8808070296002284,negative
TGACAGTGTTAGGACG,11,0.9149599101200572,singlet
AGGGAGTAGGACTAAT,13,0.7560965590844054,negative
GACTCTCGTATGAAAC,12,0.9005447433335795,doublet
TCCACGTTCTGGCCTT,2,0.9490308706778654,singlet
CTAGGTACACGCGGTT,7,0.9145691375120616,singlet
ATCGGCGTCATTGCGA,6,0.8826292925396054,singlet
GGGTTTAGTCTTCGAA,13,0.6328504510812357,negative
GCCGATGTCCGTTGAA,10,0.8744378881084279,singlet
TTCATTGTCGAACCAT,5,0.8297838448969024,singlet
GATGGAGGTCTAGGCC,4,0.9025505193483818,singlet
CCATCACAGGTCCCTG,0,0.9255620351003762,negative
TGACTCCCAGTAGATA,0,0.8510116678019777,negative
TCACGGGGTCAGTCTA,0,0.8516274916999116,negative
AGAAGCGGTGCATTTG,2,0.946972490080339,singlet
AGCGATTCAGTGGTGA,0,0.9040098941903586,negative
CGTAGTAAGAGGTCGT,10,0.9925287331624888,singlet
CATTCATAGCTAATGA,9,0.8892979145607453,singlet
TTCCGGTGTTTGCCGG,3,0.9188680638097844,singlet
TACCCGTCACACCGCA,0,0.871527016502398,negative
TCGTAGAGTGAGCAGT,0,0.8815160791359216,negative
CACAGATAGACATACA,13,0.6413380337657529,negative
GACTGATGTGTAGGAC,0,0.8738150779815772,negative
GGAGAACCACATGTTG,12,0.8682004492986746,doublet
CATTTCATCGATGGAG,3,0.9850831919280068,singlet
CAACAACTCCCGAACG,3,0.9200719386467584,singlet
TTGGTTTAGTGAATAC,0,0.8932464471595414,negative
GTCAGCGAGTGGTTAA,13,0.6548442824855588,negative
CCTCTAGGTAGCACGA,0,0.9014492204698024,negative
GAAGGGTGTTACCTTT,10,0.9426793085391928,singlet
GCCGATGCAAAGGGCT,3,0.879926611688978,singlet
TCAGCCTGTACCAGAG,5,0.9254652212853004,singlet
CTGGACGCACTCCACT,13,0.7957004940179823,negative
CCTGTTGAGCTACTGT,13,0.6596199958380798,negative
GGAGCAACAAGCGAGT,3,0.8774847153652279,singlet
AGCCAATGTCTGCATA,13,0.766543628808519,negative
GGTGGCTCACGTACAT,2,0.9713332081746988,singlet
AGGGTCCCAAAGGCGT,13,0.7897460193590897,negative
GTCTCACGTCAGACTT,13,0.6111652246349241,negative
TAAGCGTAGAATTGCA,13,0.3989293654417209,negative
GCGTGCATCACCCTCA,9,0.9999933462956168,singlet
TCCGTGTGTAGCGATG,0,0.920490176050218,negative
TTTAGTCTCGGTAGAG,3,0.980743144977272,singlet
CCAATTTCAGGTTTAC,13,0.3385155437924471,negative
AATGAAGAGGAGAGTA,0,0.9095899352102524,negative
ACAGGGAAGACGCCAA,13,0.6428955708511557,negative
TACGTCCCAGTAGGAC,0,0.8811271663744954,negative
ACATCCCGTGGAATGC,7,0.8872075642977397,singlet
AGTCATGCAGACCATT,0,0.867815999041355,negative
TCTCTGGAGATGGTAT,1,0.97037618567935,singlet
TGTCCACTCGTACACA,5,0.8910006762853557,singlet
GCTGAATAGTGTAGTA,5,0.967710711773526,singlet
GTCTGTCGTGGTGATG,0,0.8415711873706591,negative
CCACTTGCATCAGCAT,0,0.83742971530051,negative
CCAAGCGAGTATGATG,5,0.8287886991584182,singlet
TCCGGGAGTCAAAGCG,0,0.8862514778952532,negative
CGTTGGGCAAGTTGGG,7,0.893864244160085,singlet
TTCTTGAGTGTCATTG,11,0.9479277626758458,singlet
GACGCTGGTATCAGCT,0,1.0,negative
GAGGCCTCACGTACAT,0,0.832570103974516,negative
GATCAGTCACCATATG,0,0.9504397833112382,negative
GGGAAGTAGGGCAGTT,2,0.8572085887688229,singlet
TCAATCTGTTCAAGGG,0,0.8846055191149075,negative
TCGATTTGTGGACTGA,0,0.8886033500974708,negative
CTGCGAGAGGTTAAAC,0,0.9098959866972112,negative
CCCTAACAGTAGCTCT,13,0.7888421595974154,negative
TTAGTCTAGTCTACCA,1,0.9969282500351552,singlet
CCTAAGACAGGCACAA,9,0.903640232536999,singlet
TCAAGACCACCCGTAG,6,0.8620670732559245,singlet
GATCATGTCGTAGGAG,13,0.1036658468481768,negative
GTCTTTACAGGCGAAT,11,0.9999841029215196,singlet
GCGTTTCCACTTCCTG,0,0.9835593610102636,negative
CATAAGCTCCCGTTGT,13,0.3494755987686107,negative
CCTAACCAGCCTAGGA,13,0.7855954568464747,negative
GGTGGCTTCTGAATCG,9,0.9999075241009237,singlet
TATTGGGCATCCAATG,13,0.7996805020619872,negative
TCTGCCATCTCTATAC,0,0.8476466643818164,negative
AGAAGCGTCCATTGCC,0,0.8823440545722996,negative
AGAAGTAAGCCAAGCA,0,0.8914990498496388,negative
GCGATCGGTCTGCAAT,1,0.8191811517410551,singlet
CACAGATCACCGAATT,13,0.7844035048134869,negative
TTACAGGTCCTCTAGC,0,0.9342415887308542,negative
TCCATCGCAACACTAC,13,0.7393260194650317,negative
AGTGCCGGTATTCTCT,0,0.801233762324701,negative
AGGTAGGCACGATAGG,8,0.8750562152007454,singlet
GGGAGATGTTCGCGTG,10,0.9066841326280028,singlet
TTGGGCGCAGCGAACA,13,0.6626747406238308,negative
CTAGGTAAGCTAGAAT,0,0.8203993180148759,negative
TTGGGCGTCGAACCAT,0,0.8326695904251511,negative
GCTTCACTCCAACCAA,13,0.4051612698044326,negative
GACTATGAGGACCCAA,9,0.8895658024557538,singlet
TACCTGCCAATAGAGT,11,0.9454087526283124,singlet
TTGTGGAGTGAATTGA,11,0.932685508750836,singlet
CTCCCAATCTGGAGAG,13,0.4976553701168233,negative
CACAGGCGTGGAGGTT,3,0.8637135128088823,singlet
TCGAAGTTCTACGGTA,0,0.959540487640746,negative
TTCCTTCGTTATCTGG,3,0.9815519359398884,singlet
TTGCATTGTAGCTGCC,0,0.8833355545657394,negative
GGGTTATTCAGAGCAG,13,0.7967891454003174,negative
AGCGTCGCAGCTTCGG,10,0.9899531228360612,singlet
TTCTTCCGTAGCGTAG,0,0.8743417179823497,negative
GTCACTCAGGCCTGCT,0,0.9214955179575102,negative
TTGTTCACACATACTG,0,0.90097520516054,negative
AACCTTTTCCTCTCGA,0,0.8770197051832251,negative
CTCATCGGTTAAGAAC,10,0.8056626928819359,singlet
TTCTCTCCACATCATG,13,0.640606653644403,negative
TTGGGCGAGGTGCTTT,13,0.7282001956302443,negative
ACACTGATCCTCACTG,13,0.701774277659697,negative
AGACACTCAATAGTAG,2,0.9019286458838132,singlet
CCCATTGTCACAACCA,11,0.8821194542611167,singlet
TCGCAGGGTAAGGTCG,13,0.7423769144208116,negative
TCTGCCACATTCTGTT,3,0.9998902004063772,singlet
ATTCCCGCACTTCAAG,7,0.9811890928556766,singlet
TTAGGCATCATGCCCT,0,0.8948569908629023,negative
TGGGCTGGTCCAGCGT,13,0.5027600889886975,negative
GGGCTACTCCATTGGA,10,0.9997767440011908,singlet
TGTCCACAGCTGCGAA,7,0.90420834675902,singlet
TACAACGAGGCCACTC,6,0.9198349351234064,singlet
CGGAACCAGAGTCAGC,0,0.8941800044439981,negative
TTGCCTGGTCTCGACG,0,0.9716145444966602,negative
AGTGTTGTCAGGGTAG,0,0.9633915308093592,negative
CCTCAGTTCATGCATG,0,0.8912717140318213,negative
GCCAGTGTCCGAGATT,0,0.8839819823945195,negative
CATTGCCTCTTGTTAC,4,0.9194800902318406,singlet
AGACCCGTCCCATACC,6,0.9999999785902978,singlet
ATCAGGTGTTAGCTAC,7,0.8732196649416424,singlet
AATTCCTCAACCAGAG,0,0.92554902295364,negative
GATAGAATCCCGTGTT,7,0.8366258321039681,singlet
ATAGGCTTCTCGAACA,0,0.9113998508631278,negative
AGTGATCAGATTGGGC,0,0.8779247927243365,negative
CGGACACGTCGTACTA,0,0.8730309364404467,negative
CCACCATCATCTCCCA,7,0.9251995944724166,singlet
TGAGTCACAGATTTCG,10,0.825340178218369,singlet
TTAGTCTAGTCTAACC,13,0.7674528845066955,negative
AGAGAGCGTCATTGCA,13,0.7831447142336735,negative
TAGGTACCAAATCGTC,12,0.9053593808423488,doublet
GACCCTTTCATTCACT,0,0.8882104237302435,negative
CTTGAGAGTTGCATGT,2,0.8882657064840694,singlet
AACCCAATCAGTGTTG,9,0.8918233676099819,singlet
AGTCATGCAGGAGGAG,13,0.5950509361446592,negative
ACAGGGAGTGACGCCT,13,0.567574397952672,negative
TCATGAGTCTGCATGA,0,0.8069742338385463,negative
GAGCCTGCAAGTAGTA,13,0.7863926065797692,negative
CTGAATGGTAATGCGG,7,0.967558053308236,singlet
AACGAAATCCTTATCA,0,0.8908794318792976,negative
GGAAGTGCAGGACTTT,6,0.8858646563112019,singlet
AGGTTACCAGACGCTC,13,0.6376697784064067,negative
CATACTTAGTCGAATA,0,0.8732052384474798,negative
TCCTCGACATCTGGGC,0,0.9588456073729872,negative
GGGTCACTCTGCGGAC,9,0.8475290225301235,singlet
TTGCGTCTCCTGTTGC,4,0.9067182472683578,singlet
ACACCAAGTAAGTTGA,2,0.8837695020027838,singlet
TGATTTCGTCGAACGA,2,0.9085216111448808,singlet
TCAGTCCTCAACCGAT,13,0.7981727041753309,negative
CCTACGTAGGCAATGC,10,0.9056000556261632,singlet
GCCAACGTCTGAGAGG,13,0.7201276276348508,negative
CACTGAAAGGGCAATC,0,0.9293982383239796,negative
CTAGGTACAGTGTGGA,10,0.8610192128967489,singlet
AGTACCACACGTAGTT,1,0.9405781226148112,singlet
AGAGCAGGTTGCTCAA,6,0.8607603081615766,singlet
TTTAGTCGTCCAGAAG,6,0.9070462026660804,singlet
CTGTCGTCACGGGTAA,4,0.8200811685423133,singlet
CCACCATTCGGTCACG,13,0.7325634919935701,negative
GCCATGGCATCGAGCC,0,0.8158288927845475,negative
GAGCCTGAGCGACCCT,6,0.8879447468890489,singlet
ATTCTACCATCATGAC,9,0.9758116258034863,singlet
GACAGCCGTTAGAGTA,0,0.8333102586149868,negative
AAGGTAATCATGCAGT,8,0.9033295078413052,singlet
GCTCAAAAGACCCTTA,1,0.8902085501519109,singlet
GCTACAAAGTGCAGCA,2,0.8848968203517026,singlet
AGGCTGCCACAGGATG,13,0.609431673834965,negative
TGAACGTGTCTTCTAT,11,0.8663322731324015,singlet
GTTGTCCGTACTAAGA,11,0.9807042686563978,singlet
CCCATTGTCGTGGGTC,13,0.7955126068416364,negative
CCCTCTCAGGATTCAA,5,0.8969140168400657,singlet
CGCATAAGTATCTCTT,0,0.9852282874370804,negative
CCAATGAAGCGGCTCT,0,0.8686204551938593,negative
CAAGCTAGTGTTCATG,13,0.5049153137429493,negative
TCATTACCACCTGCTT,0,0.8765511838310862,negative
GTGAGGATCTTTCCAA,13,0.6343209922263728,negative
GTTAGTGAGCGTGCCT,13,0.6897932888229004,negative
GTCAAACTCTCTCTTC,0,0.8729931218335534,negative
AGAACAATCAACGAGG,13,0.517534141434291,negative
GTTCATTTCAATCGGT,3,0.8946780093366428,singlet
CGTCAAATCCATCGTC,6,0.9186116779652452,singlet
GAATCGTAGCGACATG,13,0.7609090424818808,negative
TACCTCGGTCGGTGTC,0,0.878138624964303,negative
CGGCAGTGTCTTTCAT,5,0.9756514723281008,singlet
ATGCCTCCACCCTGTT,4,0.8839041170107913,singlet
AACGGGAAGAGAGGGC,0,0.8747161423875274,negative
AAACGCTCAGGAATCG,7,0.9999570937280908,singlet
TCGTCCAAGTGTTGAA,7,0.888580258052252,singlet
ATCCACCCAAGCCATT,3,0.9140342135706964,singlet
GTATTTCTCCTACGAA,8,0.9408148466573892,singlet
TTTGTTGCACAGCCAC,13,0.7039393135962009,negative
ACGTTCCAGGTCGTCC,11,0.9792963175157536,singlet
TATCTTGTCGAGTTGT,0,0.9545926699112136,negative
CCTAACCAGATGGTCG,0,0.8871219780224604,negative
TCGAACACATCTGGGC,4,0.8625586827378839,singlet
ACCATTTAGATAGTCA,5,0.9180014332020112,singlet
TGTGGCGTCCACCTGT,0,0.8125698896578345,negative
TTCAATCTCGAGCACC,12,0.8621132121308277,doublet
ACAGCCGTCGGCTGTG,2,0.8901941015355039,singlet
GCCAGCAAGTGGACGT,12,0.8582613061965088,doublet
GAGTCATCATGACTTG,12,0.8438923840952867,doublet
TGATTCTAGAGCATCG,5,0.9050106022592632,singlet
ACATGCAGTACAGAAT,7,0.859073653682468,singlet
TGATTTCAGGCGCTTC,0,0.9512252264223282,negative
GATTGGTCAGGCGAAT,4,0.8670211542904505,singlet
GGAGGATAGTTACGTC,13,0.7213666090601192,negative
GTGGGAAAGAGCAGAA,7,0.893580816926431,singlet
GTGCGTGGTCTCACAA,11,0.878585969979464,singlet
TGCATGACAATTGCGT,10,0.8599972664048571,singlet
TAAGTCGGTATAGGGC,5,0.8812613452058525,singlet
CGTGCTTGTCCTGTCT,13,0.7928047592079488,negative
AGTGTTGAGATGTAGT,13,0.498923574842374,negative
GTCACGGTCCACGTAA,0,0.8855801622285155,negative
ACGCACGGTAGTTACC,2,0.9269631525735036,singlet
TCCAGAATCCGCAAAT,4,0.8166396569696609,singlet
TGGATCACATTAAGCC,12,0.9189433464513732,doublet
TCACATTGTGTCCCTT,13,0.3392360364450109,negative
GTGTGGCAGGGAGGAC,13,0.6481220522510059,negative
CGAATTGGTGTTACAC,13,0.7590749334123862,negative
CAAGGGACACGTGTGC,12,0.9033463875643652,doublet
GGTGTCGTCTCTCAAT,5,0.8548439933686347,singlet
CACACAAGTACGATGG,11,0.9234441725115488,singlet
TGTGATGCACAACGTT,0,0.8119398690569608,negative
AAATGGATCGTGGAAG,7,0.8879261035999025,singlet
AACAAAGCACGCAAAG,13,0.7465124577970604,negative
GGAATGGCACGGGTAA,6,0.8976571692886023,singlet
CGAGTGCCAGAGGTAC,7,0.872820427424349,singlet
GTTGCGGCAGTCGGAA,13,0.6760693719794284,negative
GGGACTCCAAATACAG,1,0.8147042589063485,singlet
ACTATCTTCTAGCATG,0,0.8919974260521502,negative
CTTACCGGTGGTAATA,2,0.9999743285519148,singlet
TTCCGTGCATGAGGGT,11,0.9712434007037944,singlet
GTGTCCTAGCGTGTTT,8,0.9999179935929468,singlet
GATGGAGCACGGCGTT,4,0.8539391844810944,singlet
ACGTAGTCAGTGCGCT,9,0.9037939039178648,singlet
TTTGGAGTCGCTGCGA,13,0.5081279690297903,negative
ACATCCCTCGACATAC,9,0.8698447429244978,singlet
ACGCACGGTAGTCTTG,0,0.922752672928172,negative
TGGAGAGGTGTCATGT,0,0.8588981320535902,negative
GGGATCCGTAGTCTTG,0,0.8671523813670285,negative
AGACACTCATGGCTAT,7,0.8652004058725427,singlet
CTATCTAAGATGAACT,13,0.7784090210052049,negative
GTGTAACGTAAGACCG,13,0.3754108164623696,negative
CATGCTCCATCATGAC,11,0.8875974301580751,singlet
GATTCTTTCTTACACT,12,0.9999026433405448,doublet
CCTCCTCGTTCTGACA,3,0.9347893403175416,singlet
ACTTTCATCTCCGCAT,7,0.942761788575802,singlet
CAGCACGAGCGAACTG,13,0.6106620949024826,negative
TTCTAGTCAACATACC,13,0.7706501457633921,negative
CGCGTGATCACGTCCT,13,0.4585033256646803,negative
GGGATCCCAGGACAGT,5,0.9226232390085596,singlet
GTAACACCAAGTGCTT,0,0.8475878136260634,negative
CACCAAAAGCATGCAG,0,0.8252116294226501,negative
TAGCACAAGACGACTG,13,0.7849800995485794,negative
GAGAAATCATCGATCA,0,0.8983448970112565,negative
GAAGCGACAACATCGT,0,0.8366311089515814,negative
CATTGCCCATTCTTCA,0,0.8663467607422849,negative
CAGCCAGGTGTTAGCT,7,0.8555423594121031,singlet
TCATCCGGTGGGAGAG,13,0.5000847582261607,negative
GACCAATTCCCTCTAG,9,0.9360865921418288,singlet
TCGCTCAAGATGCCGA,13,0.5344366457138758,negative
AGGCCACAGGTCATAA,5,0.904426919990994,singlet
ATCCATTGTACGATTC,11,0.8863721598234344,singlet
AACGTCAAGGGTTGCA,6,0.9072299967459024,singlet
TTGTGGATCGGAATGG,0,0.8928127553658971,negative
GCGAGAATCGAGAAAT,7,0.8757705181524201,singlet
ACAGCCGGTGAGTTGG,8,0.8898416314928469,singlet
ACGATCATCTTCACAT,6,0.9071101675981555,singlet
TGTAAGCAGCTGTACT,0,0.8735318855080141,negative
TGCACGGTCCACTTCG,0,0.8769045425127654,negative
GGTAATCTCGCAATTG,0,0.8515851292315119,negative
TCTGGCTTCTCTCAAT,2,0.8893416017279772,singlet
CTCTGGTTCAGTGTGT,5,0.9050113805076496,singlet
GACTCAAGTTCAAGGG,0,0.8229857097287518,negative
TCTATCAGTGCAATGG,0,0.8959491082117975,negative
ATTTCTGGTTTGGGTT,2,0.8852781524721164,singlet
TTCCGTGTCGCAATTG,13,0.4579414460190371,negative
CACAACAAGGCGAACT,0,0.8827426609369884,negative
TAATCTCGTCACCACG,13,0.7854266982566016,negative
CCACCATAGGTACATA,8,0.9778680612037708,singlet
TCACTCGAGCCAGAGT,0,0.8914249202884128,negative
AAGACAAAGTACAGAT,13,0.7772257864081119,negative
CGAAGGACAAATCAGA,13,0.7801271689378665,negative
ATGGGAGAGCACTAAA,0,0.8467141373108552,negative
CAACAACTCCTACGAA,4,0.8075216440051225,singlet
CACTGGGTCTTCGTGC,3,0.8832554947357855,singlet
CGGAATTGTGTGGTCC,3,0.916652266823896,singlet
TCCGAAATCTCTCTAA,1,0.8839348116638909,singlet
GGTTAACGTTGTGGCC,9,0.8412950599401693,singlet
CAAGGGAGTCGTAATC,9,0.95627310553373,singlet
CTGGCAGGTACGAAAT,7,0.9170314696657844,singlet
GTCAGCGGTCTCACGG,8,0.8138481951716234,singlet
CTCCACAGTCAGTCGC,0,0.952392478063884,negative
TCGTGGGGTGACAGGT,0,0.8894197047585969,negative
AACCAACAGCACACAG,13,0.7635196603744644,negative
TATTCCAGTTTACCTT,7,0.8067560002813846,singlet
GTTGTCCAGCAATTCC,11,0.9460676173427426,singlet
AGGGTTTGTCACTTAG,6,0.8716389378083461,singlet
TTCCAATTCTTGCAGA,0,0.9997174237935864,negative
GTGTAACGTTCACCGG,0,0.8412576609538025,negative
CCACTTGAGCGCTGAA,0,0.8733134864830348,negative
CATACTTCAACGAGGT,13,0.4782760092978657,negative
GATCACAAGCTCTATG,0,0.8824416478797326,negative
ATCGGATCACTAGGTT,0,0.8945229128961442,negative
GAGTCTAAGATTGACA,13,0.7711721271498153,negative
GAACACTGTCCATACA,4,0.8647081827756514,singlet
CAGTTAGGTTTCACAG,4,0.8884556174064572,singlet
GTCAGCGGTCAAGTTC,0,0.8740628664710794,negative
AGAGCCCGTCGTTCAA,11,0.9020169895275032,singlet
GACGCTGCATGACTAC,3,0.9102367020452868,singlet
CGATGCGAGCACACAG,7,0.9289517581916402,singlet
AGCGCCATCGTGCATA,7,0.9071797534497946,singlet
CCAAGCGTCTTGGTGA,9,0.8953798907849392,singlet
TTCTTGAGTACAGTTC,4,0.8865221176270097,singlet
AGAAATGTCCAAGCTA,1,0.8861453131248195,singlet
TGAGCGCTCCTATGGA,13,0.4251893714128427,negative
GGTCTGGGTGTGAGCA,0,0.8840875538668116,negative
CCCTGATGTAGGTAGC,13,0.5267525790621854,negative
CGGCAGTAGGCTATCT,0,0.9049501422243168,negative
TCAATTCAGGTCGAGT,12,0.9581279822951004,doublet
TTGGGTAGTTAGAAAC,11,0.8800707849939198,singlet
AGGCCACTCGAAGGAC,1,0.9375014927207826,singlet
CCGGTAGTCTTACGGA,13,0.6464796855543993,negative
GTTTGGAAGTGAGTGC,9,0.9088113635874586,singlet
TTGGATGAGCAGTAAT,1,0.8477644964457971,singlet
GCCGATGCAAGAGTTA,2,0.890486347323604,singlet
TTGGGCGTCTCGGTCT,1,0.9463560507356784,singlet
CTCTCGAGTGGCACTC,9,0.9181445868919278,singlet
TTGGATGGTGACGCCT,13,0.527808074656597,negative
GGGACAATCTGGTGCG,0,0.9218154074298078,negative
TACGTCCCAACACAGG,0,0.8946047165354107,negative
TGACTCCGTACCGGCT,8,0.8904390239073072,singlet
TACGGTACAGAGATGC,13,0.5469653541908687,negative
CCTCTCCAGCAACTCT,0,0.8838909908620012,negative
CATAAGCAGTAGGATT,5,0.9035750036498348,singlet
TCCTCTTGTCAAAGCG,3,0.914863668658666,singlet
ACGGAAGTCATTGCCC,13,0.6046209418243352,negative
GTGGAAGTCAAGCTGT,11,0.8361862949533942,singlet
ACCAACACATACCATG,12,0.9188347103344652,doublet
AGCGCCAGTAGGACCA,0,0.8198457614969565,negative
TTCAATCAGCATCGAG,3,0.8704458124131741,singlet
TCCGATCAGACGGTTG,0,1.0,negative
AGGTGTTCAGAGTTGG,7,0.8943372170020556,singlet
TGAATCGTCCTACGAA,0,0.8569420859854968,negative
TACGGTACAAGGAGTC,9,0.8851449144926962,singlet
CCACGAGCAAGAGATT,0,0.8575431985956141,negative
CAATGACAGCTATCCA,0,0.8258717159658103,negative
TCAGTTTCAGCATACT,0,0.8734309515306548,negative
ACCCTTGTCTGGGCAC,12,0.9001719668285096,doublet
TCTCCGAAGCATCAAA,13,0.5750623245408294,negative
TCCTGCAAGTAACCGG,10,0.8911877117410199,singlet
ACTTAGGCAGCACAGA,9,0.894841478995686,singlet
GGAGGTATCGATTTCT,4,0.887767913684596,singlet
TACTTGTCAAGCGCAA,13,0.5106262012411118,negative
CGTAATGTCCTTGACC,0,0.8808976721202295,negative
AGGACTTGTAGGCTCC,13,0.7568823461049872,negative
GGGATCCAGGTGCCTC,13,0.6022032372517548,negative
GAGAAATTCTCGTTTA,7,0.8921285110965087,singlet
TGGGCTGCAGCAATTC,1,0.8833187181624275,singlet
GGTTGTACATCTAGAC,4,0.8467830899806543,singlet
AAGCATCTCTTGGTCC,0,0.8872652033817614,negative
AGAGAATAGTGGATAT,0,0.8112642057290008,negative
TTTACCATCATGGGAG,12,0.8093048345924874,doublet
TTGTTGTTCAATCTTC,12,0.9060754322572996,doublet
TCCGATCTCGCACGAC,2,0.8960997037848729,singlet
GCCCGAACACTGCGAC,5,0.8429420033460723,singlet
CCCTCAACAGAGGCTA,0,0.9047569367763268,negative
ATCGTCCGTCCACTCT,7,0.919376033512254,singlet
GGTTAACTCACTGGTA,13,0.6168926285410038,negative
CACTGTCTCACAACCA,0,0.864838183093857,negative
TGACCCTAGGCACTCC,0,0.8973856529846841,negative
GGGCTACCAGTCAGCC,1,0.8185690447055376,singlet
GAGTGTTAGCATCCCG,13,0.5814348232418609,negative
CCGGGTACATAGATGA,4,0.873289248404749,singlet
CGAGTTAAGAGAGGGC,11,0.8845786389902132,singlet
TCAATCTAGCGCATCC,0,0.8725264731462669,negative
ATTACTCTCCATTGTT,13,0.7794248813186843,negative
ATGGTTGTCAATGTCG,0,0.8859308692343815,negative
AGCCAATTCTATCGCC,0,0.9663421134689928,negative
TCCATGCCAACACGTT,13,0.5844165119658943,negative
GGGATGACACGTCGGT,13,0.6258331189419601,negative
AGGATAACACTTTATC,13,0.6071315828156925,negative
TCTTTGACATTACTCT,2,0.8774257707343219,singlet
TACAGGTTCGATACGT,0,0.8847544770936696,negative
CGTCCATAGTATGAAC,1,0.9674507260557872,singlet
GCAACCGTCCGTATAG,0,0.8610324802507967,negative
CGCATAACACAGAAGC,11,0.8970567596084574,singlet
CGGAATTCAGTTGAAA,0,0.8635661422255133,negative
TGAATGCTCTATCGCC,0,0.8925302069488861,negative
CCTCTAGGTACAGGTG,0,0.9433097988357908,negative
GATCAGTTCCTGTTGC,8,0.8904190205842311,singlet
GTCTAGATCACTTATC,5,0.9851108397492636,singlet
CAAGAGGAGCCGATTT,1,0.9169502982970028,singlet
CTTGATTAGGATACAT,13,0.5190121377758837,negative
AGATCGTAGAAGCCTG,11,0.8844350553907456,singlet
ATTACCTGTGTTTCTT,0,0.9201813243782536,negative
GTTCCGTGTCCCTGAG,9,0.9561107994277414,singlet
GGTTGTAGTTCTCTCG,7,0.919643575786898,singlet
GTAATGCGTCTAGATC,8,0.8038394212011629,singlet
GTTCGCTCATAGAGGC,0,0.8675014016803207,negative
CTGTGAACAGTGGTGA,6,0.8434702830698338,singlet
GACCCTTAGCAGCACA,11,0.975517661506794,singlet
AAGGAATAGACCCTTA,0,0.9470309773356276,negative
AGCCAATCACAAATGA,0,0.8096789061481011,negative
GCACATATCCATCGTC,0,0.8832740732054565,negative
CTATAGGGTCCCTAAA,0,0.8522182584274852,negative
TGAGTCAAGCCTCTCT,8,0.8888785472566119,singlet
GACCGTGCAGCAGGAT,11,0.8714167190646993,singlet
ACGGTTAAGTAGGATT,4,0.8316315394927093,singlet
GATTCGACACCTGCGA,12,0.9337245167206444,doublet
AGGACTTGTACTGCGC,10,0.8780348135522118,singlet
TCCTTCTAGCATCAAA,13,0.6774029796353587,negative
GACTCAAGTATAGGAT,13,0.7941465650742504,negative
AATCACGAGTATGTAG,0,0.888006448728379,negative
AGGATCTGTCGCATGC,13,0.5677336922248922,negative
GAATCGTTCACCATAG,11,0.915348764454514,singlet
CTACTATAGGATTCCT,8,0.9607321965672988,singlet
TTGTTCATCACAATGC,11,0.9661121100147216,singlet
ACGGGTCAGCTTGTGT,0,0.8912454465561447,negative
TTTGACTAGAAGTCAT,0,0.8578030733709251,negative
TCAGCAAAGCCAGAGT,0,0.9067923321643684,negative
TCGTGCTCACGACGCT,13,0.6599706651203346,negative
CATCCACAGACTTGTC,0,0.943706940149762,negative
TTCCTTCAGGACTGGT,3,0.9050249965640592,singlet
GATCATGTCTACGGTA,8,0.8801494776125973,singlet
GTAACCACAGATCCAT,4,0.9210224294253102,singlet
CATGGATGTCGAGCTC,0,0.869134640004794,negative
AACCATGGTCAAGCGA,1,0.9342526659209414,singlet
TTCATGTCAACAAGTA,7,0.8893633100867273,singlet
TAGCACACAACTGCTA,10,0.950718869224643,singlet
GACCGTGGTGGAATGC,13,0.5970109727327145,negative
GGTGTCGGTGGTGATG,0,0.8552171798207108,negative
CTCTCAGCATCCAACA,0,0.8725263461931703,negative
AAAGGTACACAGTCAT,13,0.649766330640532,negative
CATCGCTTCGATTCCC,7,0.923145604008121,singlet
CTCACTGCATCATCCC,11,0.855465846420125,singlet
TTACTGTGTATACGGG,13,0.7813622162728491,negative
GGGCCATCATAGGTTC,0,0.9459559646463293,negative
TCAGCCTGTCCCACGA,4,0.8295062257741055,singlet
AGACAGGCATGACGAG,13,0.7256295573191273,negative
TTTCGATCATCAGCGC,13,0.4920080964042035,negative
AATGGCTCAATCGCGC,9,0.9853784012033352,singlet
CCATAAGAGGGCCCTT,13,0.7561720125951322,negative
TCGGGCACAATCTGCA,4,0.8559909201917353,singlet
GTCTAGAAGCTAATCC,0,0.8416994241847707,negative
ACAAGCTTCAAAGGTA,0,0.9284711646344588,negative
ACGTAACCATCCGTGG,1,0.9999919138186076,singlet
GACATCATCGTTCCTG,0,0.986212079049554,negative
TGGTTAGCACCGTCGA,5,0.886400840682666,singlet
GACCGTGCATTACTCT,5,0.8690525201276654,singlet
GTTGCGGGTTAGTTCG,7,0.929805910533718,singlet
AACAGGGGTTACGTAC,0,0.9831972222946536,negative
AGGTCTAGTGAATGAT,13,0.6697226424733952,negative
ACGTAGTAGGTTCACT,0,0.878863014193847,negative
TCGATTTCAACTCCCT,0,0.8770878746330611,negative
TGCAGTACACGCTGCA,11,0.8891083532583097,singlet
ATCTTCATCGTCGACG,3,0.9468789230275484,singlet
CGGACACCACAGAGAC,0,0.8519708975014891,negative
CTCAACCAGAATTTGG,0,0.868407028295384,negative
ATCACGACACGCGGTT,13,0.7991947968098945,negative
CACTAAGGTAACGATA,0,0.8896104407271143,negative
CTTCCGAGTCTAGATC,0,0.911999343733127,negative
TTTACGTGTACTAGCT,0,0.8732139299243785,negative
TTTCGATAGACACACG,13,0.5610988477569057,negative
CGCCATTAGAGGACTC,13,0.6338733548754024,negative
AACCTGACACCGTGGT,11,0.8755684074356566,singlet
CTGCTCACATCAGTGT,9,0.9038788789473948,singlet
GCCATGGGTTATGTGC,13,0.613367043561243,negative
TTGGGATCATCGAAGG,0,0.844955553355165,negative
TCCTCTTGTCGGATTT,12,0.8987803498641864,doublet
TCGCTTGGTCTCTCAC,13,0.5406267216023682,negative
AAGTGAAGTACGCTTA,2,0.9180343034356926,singlet
TCCGATCGTCACTCGG,6,0.8768233401873549,singlet
AGACCATAGGTTCACT,2,0.902338295483654,singlet
TATTGCTTCGGCTGAC,13,0.7073671987087738,negative
CTTCTAAAGTCAGGGT,4,0.9760448923722848,singlet
CAGGGCTCAAGTATCC,13,0.4347643873549085,negative
TGGTTAGCATGACTCA,0,0.9525561353087236,negative
CTGTATTTCGTTATCT,7,0.811941560668571,singlet
TGTTCTACATTCTCCG,0,0.8684959313139153,negative
CTCAATTTCAGCAATC,13,0.6636097431499002,negative
GTCTGTCAGACCACGA,1,0.8343545116951295,singlet
CCGATGGAGCTTTGTG,7,0.893749042160554,singlet
AAGTCGTAGAGAACCC,7,0.8986771817097121,singlet
TTGGGATGTGGACTAG,4,0.9990461505040108,singlet
AGCTCAACAATGGCCC,0,0.92016747921118,negative
CACCGTTGTTCACCGG,13,0.7255282891434117,negative
TGATTTCTCTCCGTGT,13,0.7330150546980853,negative
CACTAAGAGAGCCATG,13,0.7318593386745015,negative
TGACGCGCAAGTAGTA,6,0.8861189390596111,singlet
GCTGCAGCAAGGTCTT,0,0.8118953925683451,negative
CAGCAGCTCGACATTG,0,0.959593563960795,negative
CTTCCTTGTCATACCA,13,0.7390760991326757,negative
GGAGGATTCTCGACGG,0,0.8844175727497992,negative
TTCATTGAGAAACCAT,3,0.8937812019291682,singlet
TACAACGGTCAACGCC,13,0.5415903630738828,negative
AGAAATGCATGTCGTA,0,0.9365167899240436,negative
ACGGAAGTCCAATCCC,0,0.8876900819498441,negative
TCCTCCCGTGTTTCTT,6,0.8996028676757709,singlet
AGTAACCCACAGAGAC,5,0.8163542455700025,singlet
TTCTTCCCAACTCATG,10,0.9036267187255624,singlet
TCATACTGTCAAGGCA,0,0.8879943995981516,negative
TATCTGTCATTCTCTA,12,0.9501427531290312,doublet
TTCTAGTTCCATAAGC,0,0.8545200034197499,negative
AACCTTTGTAACGATA,10,0.9045670122302366,singlet
ATCCATTGTCGGCTAC,0,0.8711552626304745,negative
GTGGAAGTCTACGGGC,0,0.9526647342130368,negative
TGGGAGATCGTGGGTC,0,0.9999261603596664,negative
CGCGTGACAAGCTACT,8,0.9999570625063896,singlet
CAGTGCGGTTCGGTTA,13,0.5467360905362019,negative
GAATCACCAGCTGTTA,13,0.762510795915804,negative
AAACCCATCCGCATAA,13,0.7861996466207078,negative
GACGTTAGTAGCGCCT,13,0.6183258047290288,negative
CGCAGGTGTATCGTTG,13,0.720018528109261,negative
GATGGAGAGCACCGTC,6,0.8467244648313145,singlet
TGTTGGATCCGCTTAC,0,0.8891975718629084,negative
GTTACCCTCCATAAGC,0,0.8287644288301135,negative
CATAAGCAGCGTGCCT,0,1.0,negative
GGGCTACCATAGATCC,0,0.9137924068388352,negative
GACTATGAGTCAACAA,6,0.8026565090958847,singlet
CAGCCAGTCCCGTTCA,0,0.8725000592350362,negative
GCCAGCACACTGCGAC,8,0.955962375191432,singlet
TCGAAGTTCCGTCACT,11,0.91559033808154,singlet
TCAGGGCAGAAGCGCT,13,0.7977922125710349,negative
GATCACATCACTTTGT,13,0.5913015631599482,negative
AATCGTGCAGTCGCTG,0,0.8769417284086923,negative
CACCGTTTCAAGAATG,0,0.909669627428466,negative
CACAACACAAGTGGTG,13,0.6636847087370754,negative
TCTGTCGCAACCACAT,12,0.8907341591734115,doublet
GTTCTATAGTTACTCG,5,0.9986863681429016,singlet
AATTCCTAGCACCCAC,2,0.874006384147427,singlet
ACGCACGCACGATTCA,0,0.8476662934880844,negative
CATCGGGAGTAGTCCT,13,0.5991285833691347,negative
CCACAAAGTATACGGG,1,0.8254505396757705,singlet
TCCACGTTCCAGTTCC,0,0.8824818185374278,negative
GTAATGCAGAGTGTGC,0,0.8638452982664775,negative
AGAACAACAAATTAGG,0,0.8593083296327377,negative
AGGTCATGTAATGCTC,0,0.9714954447617268,negative
ACGGGTCAGATAGGGA,11,0.9998056005211412,singlet
ACGCACGCAAGAAATC,5,0.9057082004548094,singlet
TGGTAGTTCCGTTGAA,9,0.8353131523794438,singlet
AGTAGTCAGCTACTGT,0,0.9411302531020262,negative
GGTCACGTCTCGACGG,13,0.4100585487751739,negative
TGATGGTCATGCCGCA,13,0.7596220956619432,negative
TGAATCGTCACTGATG,8,0.9829794794973166,singlet
ATCCGTCGTCACGACC,0,0.8024254158010335,negative
AGAACCTAGAGGTATT,13,0.7894378613970082,negative
TTGCCTGTCGTTCTAT,13,0.6800636058842604,negative
TAGCACAGTAGCTTTG,7,0.8631177978578888,singlet
CCTTCAGAGGCCTTCG,13,0.7937753821864707,negative
TAGGTTGCACACCGCA,10,0.8179594614721796,singlet
AGACCCGGTTACCCAA,13,0.7554220218304514,negative
GTAGAAAGTCACTCTC,0,0.9576579687200352,negative
CCTACGTTCCGGACGT,11,0.8523140618564642,singlet
TAGTGCAGTAAGATAC,0,0.9375723239027418,negative
TACCGGGAGCGTCAGA,0,0.9818107992643844,negative
TCGGGCACAGTTAAAG,0,0.8820840194793013,negative
CAGATTGGTCTTCCGT,2,0.8863818278997042,singlet
GTTGCGGTCGTAGCTA,3,0.8905196305779868,singlet
ATATCCTTCAAGTCGT,2,0.9999958171195354,singlet
CGAGTTATCCCGAAAT,11,0.8414243281009103,singlet
TACGGTAAGAATTTGG,11,0.8647726537706312,singlet
CGGAACCGTTGAGGAC,0,0.8121315640315016,negative
GTGCGTGAGCGACTGA,12,0.8767797818858265,doublet
TGAACGTGTATGTGTC,0,0.8561591835358268,negative
CATTGAGGTCTAGGCC,0,0.9667089058523476,negative
CATCGGGCAAGAGGTC,0,0.8929188169458576,negative
TCAGTTTTCGCTACGG,0,0.819485394256874,negative
GCACGTGTCTGGTGCG,0,0.985577315945872,negative
CTTTCAACAAGAGTTA,5,0.8723262686581131,singlet
ACGGGTCAGCATAGGC,0,0.9361453033896564,negative
AAGACTCGTGTGACCC,12,0.9568320976357932,doublet
TCTGTCGAGACCTCCG,13,0.4970094461534576,negative
CGCGTGATCCTTCAGC,2,0.9763243646069452,singlet
GCTTGGGTCATGAGTC,2,0.8706812856649825,singlet
AGAGAGCGTACCACGC,0,0.9509983382254557,negative
TACACCCGTGTGTCGC,0,0.9172064265951182,negative
GATCCCTAGGTAGTCG,11,0.9998739208283222,singlet
TCAGTGAGTGAATAAC,13,0.6119533462583637,negative
GTACAACAGTGGTGAC,0,0.8778226385724694,negative
GGTTAACAGGGCAGTT,0,0.9999570937286348,negative
GTCAGCGGTTTCGACA,0,0.8570468982214605,negative
CTCCTTTGTTCTTCAT,3,0.9669770713331394,singlet
TCGCACTTCCGATAGT,0,0.8815570537733554,negative
GCGGAAAAGGTCGTCC,7,0.8986826936017617,singlet
TAAGCACGTTCTCTAT,8,0.99993848924682,singlet
CGTTAGAGTGGATACG,0,0.8469346165520008,negative
GACTTCCTCCGCAAAT,11,0.8480078963852731,singlet
GTGATGTAGCACGGAT,5,0.9552258117988194,singlet
CGAGGCTTCGAGAGCA,13,0.7671537952101911,negative
AAGACTCGTGAATATG,13,0.7700280212282855,negative
GTCTGTCTCCATCCGT,11,0.9581481827262728,singlet
ATTCGTTCAGCTGAGA,13,0.7389532605572531,negative
GTTCTATGTGACCGTC,11,0.961274293126759,singlet
CTTAGGATCCTACCGT,13,0.7568810188499981,negative
GCTGCAGAGACGTCCC,13,0.4790656932261579,negative
CGTGAATCATAACGGG,0,0.8669161751052558,negative
TGTTCCGGTAGGTAGC,0,0.8760583329905797,negative
CACCGTTGTTCTCACC,0,0.9747845052867646,negative
TTTGTTGTCGCTGATA,5,0.9016756230857684,singlet
TCCACCATCTGCGATA,13,0.6753875527459178,negative
GCTTGGGCAGGTTTAC,10,0.8156836084153674,singlet
TTACGTTGTGAGTAAT,13,0.4318415950678639,negative
TGCTCGTTCTGGGCAC,0,0.9850365519270364,negative
TAAGCACTCACGATAC,7,0.9244365529477618,singlet
TCATTTGAGGGAGTGG,10,0.91905347266801,singlet
GGGAGATCAGCTGAGA,13,0.4722010090287414,negative
GATGACTGTACCTAGT,0,0.9852794966920284,negative
CGATGCGCATCCCACT,1,0.8906237393836975,singlet
CTCTCGAAGGCAGGTT,1,0.8923372197468356,singlet
TGTTGGAAGCTGTCCG,0,0.8738595123902869,negative
TGTAGACAGGTCATCT,13,0.6509089115890118,negative
CACGTGGTCCGACGGT,0,0.8463369106273997,negative
CCTCTCCAGCCTCCAG,12,0.9827726545102514,doublet
GAGATGGGTGTCTTGA,8,0.9536569003149388,singlet
ATGCCTCCACATTGTG,13,0.7714830891007369,negative
AACCAACCACATGGTT,8,0.949454010398088,singlet
GCCTGTTCACTCCGAG,0,0.8656500073316009,negative
CGTGAATAGGCTCTAT,0,0.9997835337049288,negative
CATCGTCTCCATTGCC,13,0.5146653191152378,negative
CTGCATCTCAACGCTA,0,0.8299628949919298,negative
TAGAGTCAGCGTGCTC,13,0.538025864889755,negative
TGCACGGCATTGACTG,13,0.6166631007873267,negative
TATACCTCAGACCAAG,0,0.8705126991310527,negative
AGGGCCTCATTGAAGA,4,0.8831273591796588,singlet
TCAAGACGTCTCAAGT,0,0.8682446050534612,negative
AGAGAATCAAGCGAGT,0,0.8827305364915093,negative
CTAGACAAGCTTGTTG,13,0.790821125159803,negative
CTCACTGTCATCAGTG,0,0.8948529054975894,negative
AATGACCCACAGCGCT,0,0.8797307415385212,negative
TTCTTCCCAGGTGACA,8,0.9999930776824634,singlet
CCGATCTAGACCTGGA,0,0.8899693623740365,negative
CAATTTCCAGGCTCTG,13,0.4699779476783108,negative
GCTGAATTCCGCGGAT,7,0.9464599167497316,singlet
CCACAAATCCATTTCA,12,0.9272450256022908,doublet
CAATGACAGTTTGCTG,8,0.8784657207313898,singlet
CCTCACACACATCCCT,13,0.3185294026959456,negative
GTTACCCGTGCCTAAT,13,0.7140867326277548,negative
GTAGCTAGTCAACCTA,1,0.934197972948538,singlet
CAGAGCCGTCGATGCC,0,0.8914465572630782,negative
CGCAGGTGTTTCACAG,13,0.464018279342582,negative
TTTGTTGGTCACCCTT,0,0.9759084917602436,negative
GCATCGGAGTGCAAAT,13,0.4551929848174831,negative
GGACGTCCATTGGATC,0,0.9342407913174388,negative
GAGTTGTCACGCTGAC,13,0.477833259363926,negative
TTAGGGTCAGGAGACT,0,0.8461190794676453,negative
CTAGACAAGTGGTTGG,11,0.8980611795746387,singlet
GTGGTTACACGCACCA,5,0.8983796207447325,singlet
TTCTCTCGTAGTTAGA,0,0.9009239235612396,negative
ATGAAAGAGGACAGCT,0,0.8319680777758389,negative
TTAGGCATCTCGTTTA,0,0.9118466747159656,negative
CAACGATCACTGTGTA,13,0.6505420312087773,negative
ATCTTCATCTCAAAGC,3,0.8894519874927015,singlet
AACAACCTCTCTAAGG,0,0.911029643335001,negative
CTGTATTGTTCGGCGT,0,0.961331382874866,negative
AGACAAAAGACTCTAC,0,0.9204182306301644,negative
TGGAGGACAGCCCAGT,3,0.8717634867644554,singlet
TCATACTTCACGGAGA,0,0.8453138848321983,negative
GTGTGATTCATGAAAG,13,0.3782157969169125,negative
GTTCCGTCAACTCGAT,0,0.8825478616553531,negative
GTCGTAAAGTAGTCCT,9,0.9718052763746412,singlet
GCAGGCTGTTAGGGTG,5,0.8507375781448032,singlet
CCACGAGAGACAGCGT,8,0.8160622767693668,singlet
TCCATGCAGGGCCTCT,7,0.9048040058594056,singlet
AGGCTGCCAGAAGCTG,9,0.999766616256738,singlet
CAGTTAGTCACCATAG,6,0.9067403636890404,singlet
CTCAGTCTCTCCGCAT,13,0.5953563319651098,negative
TGGGTTAGTCTGTGGC,0,0.8791175067431517,negative
AAACGCTCACTGCACG,11,0.9395727209769148,singlet
CTACGGGGTGTGTGGA,13,0.773234907159908,negative
CCGTTCATCATCACCC,9,0.9014551617221782,singlet
TAATCTCGTGGTATGG,0,0.961629727726656,negative
GAGGCCTGTCGTTCAA,13,0.7153354948750222,negative
TACCCACTCGTCGGGT,0,0.861985774968319,negative
GATTGGTCATTGCTTT,0,0.9727804351278028,negative
GGTGTCGTCATCACTT,7,0.8926486427441503,singlet
GAACGTTAGGTAGTAT,3,0.9765454865260356,singlet
GCAGCTGAGACGCAGT,9,0.916428305329844,singlet
CATTCTAGTGCTCGTG,9,0.9999999312013832,singlet
TGTTACTTCATGGAGG,3,0.9029136374649556,singlet
TCACACCTCAGATGCT,5,0.9626157479111602,singlet
CCGGGTAAGAGTTGTA,0,0.8657456337515514,negative
GGGATGATCGGATACT,0,0.8820023430104892,negative
ATCCTATAGGGAGTTC,3,0.8978412180709104,singlet
AGCGCCATCTCAATCT,12,0.8181489864506906,doublet
AACAGGGAGTCTACCA,0,0.8152489551145479,negative
TATATCCAGCCACCGT,13,0.6619913881996772,negative
TTCTGTAAGGGAGATA,6,0.9551612853346092,singlet
CTAACCCGTGAGACGT,1,0.9034169221175988,singlet
GTATTGGCACGTGAGA,2,0.9530717406455635,singlet
CGAGGAACAGGCGTTC,3,0.9051755757049772,singlet
TGATGGTGTACGTGAG,0,0.8895140528723463,negative
CATACCCCACGTCATA,0,0.8090241575446108,negative
TTCACGCGTGTGCTTA,9,0.9134624095390584,singlet
CGCCATTGTGCCAAGA,11,0.8942363795913151,singlet
TAGCACATCTCAGGCG,10,0.8973255527720225,singlet
TGGGCGTAGGAATCGC,5,0.8958682336479294,singlet
GCTACAACACACCGCA,13,0.7897611816654625,negative
TTTCACAGTAGATTAG,0,0.9040256309698008,negative
AACGAAAAGTATGGAT,13,0.7126738354227811,negative
TCAGGTACACTGATTG,7,0.9826353868865556,singlet
TCAGCCTAGTTCATGC,13,0.6722491441549012,negative
TGGTACAAGCTCGGCT,2,0.9699979007557188,singlet
CACGTGGCAGAGCTAG,6,0.8599815226281841,singlet
ATGGGTTGTATGAGCG,5,0.9223807187151808,singlet
AGGTTACCACCTCTAC,0,0.8333740228971199,negative
GTGCACGCACCGGTCA,3,0.8593376228135076,singlet
GCAACATTCAGTCATG,11,0.875693417477063,singlet
TACGCTCTCAAGTTGC,4,0.8508934188917521,singlet
CCCTAACTCCGTCAAA,11,0.8377555191626684,singlet
TTTGTTGGTCTCACGG,13,0.4875501786500582,negative
ATTACCTGTCTAGGCC,0,0.829779928668019,negative
TCCCACACAAACACCT,0,0.8606472186610814,negative
AGGTCTAAGGGTCTTT,6,0.8813040759289805,singlet
ATGTCCCAGAGCAGCT,0,0.8926273859534284,negative
AGACCCGGTTCTGACA,13,0.6547568002795016,negative
CTTTCAAAGGAACGCT,6,0.8978820440737415,singlet
AGTTAGCTCACAGTGT,0,0.8401001417814276,negative
CGGGCATTCACTCTTA,2,0.9731342893313673,singlet
TCTTCCTGTTTGGCTA,0,0.8940825136909257,negative
AAACGCTTCGTAACAC,3,0.9111145416028632,singlet
TGACAGTGTTAATGAG,3,0.942850882578842,singlet
AAGATAGTCGAGAATA,6,0.8469811647637226,singlet
CGAGGCTTCCAGCACG,4,0.9101873770439416,singlet
TGTGAGTGTCAGGCAA,8,0.9019704668758192,singlet
CCAAGCGTCGTTGTTT,0,0.8887341704524493,negative
CTGCGAGCAGTTCCAA,13,0.6554624895172103,negative
TTGATGGGTGTCATTG,0,0.8843225131464942,negative
TCTTCCTTCAAGTCGT,0,0.9658741725363612,negative
CCGTGAGTCGAGAGAC,11,0.8253654930556199,singlet
TGTTACTAGGATTCCT,7,0.9425023901253884,singlet
TTCCACGAGAGGGTCT,13,0.6076557107506824,negative
AGCTTCCCAGCGAGTA,13,0.7820642075526784,negative
GAGGCAAAGGTAGATT,13,0.3616741077799266,negative
GAAGGACTCTGGACCG,0,0.9768960959085424,negative
TCGCAGGTCTATACTC,0,0.8151319454353919,negative
AACGTCAGTTCGATTG,11,0.9410412163278614,singlet
TATCGCCCAGGTGGAT,9,0.9017536592244744,singlet
AACAGGGGTCTCGACG,13,0.4972839201559054,negative
CATGCCTGTACCGGAA,3,0.8601891404632819,singlet
TGCAGTACATTGCTGA,13,0.7215320857063617,negative
ACTGTGAGTTGCATTG,7,0.8978290768927263,singlet
CATGCAAGTCAACATC,0,0.9041693360617896,negative
TCTATACAGTGGTCAG,8,0.8989690872455665,singlet
AGACCCGTCGTTCTAT,11,0.9999947088282708,singlet
GGGCCATAGATGCTGG,13,0.7634286900555113,negative
TAATCTCAGTCTGGAG,0,0.8836035531228914,negative
GGCGTCAGTACTGCGC,0,0.9002331345115568,negative
CTAGACATCTTCACGC,11,0.9632190664190782,singlet
CGGGACTCACCCAAGC,0,0.8839964346179626,negative
CACTGTCGTCACGCTG,13,0.7484609499014606,negative
CATCCCAGTCATCAGT,9,0.8507333994087211,singlet
GATCACACAATCTCTT,0,0.9069514051028156,negative
GCAACCGTCTGACCCT,13,0.7633056811091878,negative
CATAAGCAGGACACTG,0,0.914791273179536,negative
ATCCTATCAGTGTGGA,0,0.8724836126808371,negative
GCTACAAAGACATCCT,2,0.919297623158574,singlet
AAGTCGTGTGACCTGC,0,0.9762058976018564,negative
GACATCACAATCAAGA,5,0.9583353185636608,singlet
CAGGCCATCCACCTGT,0,0.9397800770769486,negative
AGAGAATGTCGCATTA,0,0.8772922030733366,negative
TAGTGCACAGTGCCTG,0,0.8630534042781756,negative
CGGCAGTTCATCGCTC,0,0.8772672505342932,negative
GTCTAGAGTGCATTTG,1,0.9196406040206924,singlet
GTAAGTCAGCGTCTCG,12,0.9015128757197632,doublet
TTCCAATCAGTTGCGC,7,0.819844956144316,singlet
GTAACACTCGACATAC,0,0.8560496657581447,negative
GATGTTGTCCCTCTAG,1,0.9794444490985126,singlet
TTCGGTCTCTATCGCC,0,0.8982668418571921,negative
GAGGCCTAGAGTAACT,13,0.4822079514710147,negative
ACCGTTCTCTATCGTT,13,0.7889320234640944,negative
TGTTCCGGTATTTCCT,6,0.876042347531453,singlet
GCCCAGACACCTGATA,0,0.867888864804763,negative
TCACATTAGAATCCCT,5,0.8607188289191184,singlet
CCCAACTCAGTTTGGT,6,0.8230767963534523,singlet
CTCATGCCAACTTGCA,13,0.723910266150234,negative
CATTCATAGATGGGCT,2,0.9374410342644924,singlet
TTGTTCACAGCGTGCT,6,0.8817375607870999,singlet
ATTATCCTCCAATGCA,9,0.9684094247280596,singlet
AGACCATGTTCGTAAC,13,0.5588776352824797,negative
ATTTACCAGGGAGGTG,11,0.9657322168548192,singlet
GACATCAAGGTACAAT,9,0.9622614744447844,singlet
ATGGATCGTGGTCTAT,13,0.5185525561290459,negative
AACGAAAGTACTTGTG,2,0.925443887030582,singlet
TACAGGTGTGAAGCTG,7,0.8986725633568897,singlet
GGAGATGAGATGAACT,8,0.9178037792383068,singlet
TGTTGGACACGGAAGT,1,0.8991697632377815,singlet
GGCGTCAGTGAATATG,3,0.931607319307263,singlet
ACCGTTCTCGCGCCAA,0,0.8814937078559872,negative
ATAGACCAGGTCCTGC,0,0.8532733943808003,negative
CGTAATGTCCCTCTTT,0,0.888381930925644,negative
CTCACTGAGTAACGAT,13,0.6126275357383026,negative
TCGACGGGTCGGCACT,0,0.9454060828759736,negative
ACGCACGCAGGATTCT,0,0.8804145095149148,negative
ACTGCAAGTGCATGTT,6,0.8955253253040398,singlet
TGCACGGAGTGATCGG,1,0.862743453206537,singlet
GCTTCACCAACGACTT,0,0.936259812690196,negative
GTGTTAGCACCTGCGA,6,0.8846029940033177,singlet
TATCTGTCAGCTTTCC,3,0.9516335250871196,singlet
TAACTTCCAGTATGAA,0,0.8188119274190901,negative
CCCGAAGTCTCGTCAC,0,0.8918548165813681,negative
ATGCATGGTAGGATAT,0,0.9536002597398672,negative
ACCCTTGAGGCACCAA,0,0.9623051975111588,negative
ATGTCTTTCTCTAAGG,0,0.8861406583625162,negative
CATTCATCAGTGTGCC,8,0.8942279245059644,singlet
CATCAAGGTCAGCTTA,0,0.9852272130487402,negative
CTCAAGATCACCGACG,13,0.5717931899250117,negative
AATGAAGTCACGGAGA,0,0.8276115838972103,negative
ACAAAGAGTCAACATC,6,0.8550056131871115,singlet
TGGTAGTTCATCTCTA,13,0.7865254220038163,negative
CATTCATAGTTGCCCG,0,0.8674091993381484,negative
TTACAGGCACTTCCTG,8,0.8998833126296548,singlet
ATGTCTTCAGTACTAC,6,0.85723626888688,singlet
GTCGTTCTCAAGCCTA,0,0.9999994303487092,negative
TATATCCCAAATGATG,8,0.818141956553188,singlet
AATTCCTTCTATGCCC,0,0.982292816210868,negative
ACCTACCTCTCGTCAC,12,0.960319386978964,doublet
TGTAAGCTCGACGATT,13,0.5221448987666155,negative
CATACCCGTTGCTCAA,0,0.9642893217390625,negative
GACTGATGTAAGCAAT,7,0.9551639013597012,singlet
CTGTGAACAGTCGAGA,0,0.8847678805043726,negative
TACAGGTTCGCACGAC,13,0.4793087282073835,negative
TCCGTGTCACCTCGTT,0,0.9022457194838768,negative
GAGACCCTCTATTGTC,0,0.9475026359190944,negative
ATCGGCGGTGAATAAC,7,0.9996831894890346,singlet
ATGCCTCGTAGTCGTT,0,0.8980451446841958,negative
AGACCCGTCCCAAGCG,0,0.9814760408797122,negative
TATCAGGAGCCATCCG,6,0.8427086913311124,singlet
GAGTCATCAACGCATT,7,0.9460381405315332,singlet
GAAGCGACAAGAAACT,13,0.3601295442543983,negative
TTCTTCCTCTCCCATG,5,0.843082950471506,singlet
TCTATACCACTTTATC,0,0.925059419203587,negative
ACACAGTTCCTACCGT,3,0.8829222164690326,singlet
AGAACCTTCTCATGCC,0,0.8489398231308631,negative
GGCGTCAGTTGAGGAC,5,0.9037204903548112,singlet
TAGCACACATAGGCGA,0,0.9376439348063308,negative
GTTAGTGAGAAATTGC,0,0.8295285698942113,negative
GATGACTCACCCTTGT,7,0.890513329244386,singlet
ACGGGTCCAGAGACTG,11,0.8744964963543206,singlet
TAAGCACAGTTTCGAC,0,0.9617972188770576,negative
GTAGGAGAGCATATGA,9,0.8938901512744704,singlet
TGCGATACATCGATCA,13,0.7119492390489808,negative
CCGGACAGTATGAAAC,3,0.9201065692539372,singlet
GTGAGCCCAAAGGATT,9,0.8773979438943612,singlet
GCATGATTCAAGTCGT,11,0.999986666095795,singlet
TTGTGGAGTACTCGCG,3,0.9481963634716002,singlet
GTCTTTACATTACTCT,0,0.9717059074345332,negative
TGCAGATGTCACCGCA,3,0.8826960431820745,singlet
CAGCAGCAGATTGACA,0,0.8583490093309828,negative
GGAATCTGTGTGACCC,0,0.8401083771220824,negative
AGTCACACAGGTTCGC,13,0.6097427467063679,negative
GCATCTCTCACGGTCG,10,0.9676731687683272,singlet
TGCAGTAAGTAGGTTA,13,0.7757739624236069,negative
AGGAGGTTCTGGTGCG,10,0.8944007244921014,singlet
GATTCGATCGGCATCG,13,0.7715621202982316,negative
CTGTAGATCCTAGCGG,0,0.963302149948559,negative
TGTCCTGCATGAGATA,0,0.8416195823897875,negative
CTGCAGGAGGATACGC,13,0.7495766620012698,negative
GTTGTAGAGAGGTTAT,0,1.0,negative
GTTACAGTCGAAGCAG,13,0.6591141708173748,negative
TTGACCCTCCTTGACC,0,0.8716896444867663,negative
TTCACGCCAGAGGCTA,6,0.8792036721300137,singlet
CTGAGGCGTAGATCGG,1,0.8810293457235179,singlet
CACGGGTGTTGAAGTA,13,0.485490645437686,negative
TTTGACTTCAACACCA,0,0.9597215974549868,negative
TGCAGATGTTGTTGCA,0,0.8642613196421386,negative
TGCGATAAGAAGTCTA,1,0.8798433016877528,singlet
TACTGCCCAAGGAGTC,12,0.832460807621329,doublet
CATCGGGCATGACGAG,0,0.871263130644395,negative
CTGTAGACAAAGCGTG,13,0.4554835325256367,negative
AGGATAAGTCACAATC,11,0.8485610092191184,singlet
AGCGCCAGTGCCCACA,13,0.554025848407678,negative
CGAGTTAGTTCTTGCC,0,0.8896558956093963,negative
GTTGCGGCAACTGCTA,0,0.8900548208349777,negative
CTCCACACATCTTCGC,7,0.9009964191015868,singlet
ACCAAACGTTGCCATA,0,0.938154130301516,negative
CACTTCGGTGTCCATA,13,0.5444561788018907,negative
ACTATGGGTTGAGGAC,13,0.6630562061525098,negative
AGAAATGCACTTGTGA,9,0.8847183391649451,singlet
GCGTGCAAGCCATTGT,0,0.8271024833052065,negative
GACCTTCCAAATGGTA,8,0.8989375522223821,singlet
CAGCACGCAGAAGCGT,6,0.8603100705768262,singlet
TTACAGGGTGTTCGTA,13,0.5706760223778085,negative
ATTCGTTTCTTTGCTA,0,0.8864672598281896,negative
CTTACCGGTATGAGGC,0,0.9573767935471048,negative
TCATGGACATCTGTTT,9,0.8617236032080293,singlet
TGTAGACTCACCTCGT,8,0.9985428382448712,singlet
GTCATTTGTGCGGTAA,13,0.74142709949879,negative
AGTCTCCTCTGTGCGG,0,0.920133871304298,negative
TCCTTCTTCCAGTACA,0,0.8138602086074801,negative
CGGACACTCGCCTCTA,13,0.5892151285354114,negative
CCAATGAGTAGACGGT,13,0.5546073091210083,negative
GTTTACTAGTCCGCGT,0,0.9070364379710276,negative
CAAGGGACACACAGAG,13,0.6614871963118439,negative
TGGTAGTGTTTCAGAC,0,0.8597237130610981,negative
AAAGGTATCCATAGAC,0,0.8380850675160747,negative
ATCACAGGTAATCAGA,0,0.8797565785181881,negative
AATTCCTGTCGTGGTC,7,0.8500457720191742,singlet
GACATCAAGACGGATC,0,0.8369813124987435,negative
CCTCACATCCCATTCG,0,0.8828889252162521,negative
CCATAAGTCTTCTTCC,7,0.9017490832773124,singlet
AAACCCAGTGGATCAG,2,0.8745244596402532,singlet
TCCAGAAGTTCTCAGA,1,0.8848547888789248,singlet
TCTGGCTGTGGCAACA,13,0.4858277310260516,negative
GAATAGAGTGCCGTAC,0,0.923572008471138,negative
TATCCTAGTACGCTTA,0,0.891840349230784,negative
TTTAGTCCACGGGTAA,3,0.9549370070861616,singlet
AAGTTCGAGGAATGTT,11,0.8758976590339798,singlet
GAGACTTGTTCAGCGC,13,0.7261272054114601,negative
GAGACCCTCGGCATTA,6,0.8746362446428048,singlet
CGATGGCTCGGCGATC,0,0.9423442583068432,negative
GAGAGGTGTCACTCGG,0,0.9770860363180608,negative
TCGGGCAAGCATAGGC,8,0.8868656195418932,singlet
GAGGGATAGTTGGGAC,0,0.9026841523827424,negative
GATGATCTCATCCTAT,0,0.8609965837756586,negative
GTATTGGAGTGAGGCT,13,0.7822965354721788,negative
CACATGATCAAGGACG,7,0.9104119937199442,singlet
GTAGGTTAGATCCAAA,3,0.8203683267456694,singlet
TTGCTGCAGATCACCT,5,0.9921027570984352,singlet
AATTTCCTCCCTCTTT,0,0.887331185581262,negative
GATTCTTAGGGCCCTT,7,0.9065312222311264,singlet
GATCCCTTCTTGGCTC,0,0.8700744835939452,negative
TTGTGGAAGTACTGTC,0,0.8860841340703514,negative
CATTCTAAGGTGCATG,0,0.8810570673326871,negative
GTGACGCGTCTGATAC,13,0.7417421006594774,negative
CGTAAGTTCTGGGAGA,0,0.8180810744906827,negative
GACTATGTCCCGTAAA,0,0.8906751121660288,negative
TCCTCCCTCGACCACG,0,0.9475720989586768,negative
TAGCACACAGGAACCA,3,0.9088201664526872,singlet
GTTGTCCAGCCTCTCT,11,0.8834889108106174,singlet
TGGTAGTGTATGCTTG,0,0.8683083396982202,negative
CAGCGTGGTATACCCA,11,0.9129973215836604,singlet
AATAGAGCACAACATC,13,0.6979569856058965,negative
CAACAACAGTCGTTAC,6,0.9076169402169012,singlet
CTAACTTGTTCCGCAG,13,0.7288377167178399,negative
GGTTAACAGCTTAGTC,0,0.8187626378620855,negative
CCTTGTGTCTTCACGC,11,0.9999999952684542,singlet
AGGTCATGTCGTGGAA,13,0.7016122322010918,negative
CACTAAGTCAACGAGG,0,0.8666129557879527,negative
AAGCGTTCAAATGAGT,9,0.9568079573077712,singlet
AATGCCACAGCTGGTC,0,0.8842875623912774,negative
AGGACTTGTATCGCAT,1,0.9168276698038886,singlet
GAAGAATGTGGTCTAT,7,0.940692911122294,singlet
CTGATCCTCTATGCCC,0,0.9336030564739988,negative
CGACAGCTCAAATGAG,0,0.8172281766509594,negative
GATGTTGTCACCTCGT,13,0.5650418888628095,negative
AGAAGCGAGCACGTCC,3,0.9436827576031318,singlet
GAGACCCCAGAACTTC,0,0.9800331904292172,negative
GCCCAGAGTGGTCAAG,13,0.4611306907368175,negative
GAGTTGTAGACCTCAT,12,0.90434617462786,doublet
ATGAGGGTCATACAGC,3,0.8633951068982654,singlet
CAGCAATTCTATTGTC,2,0.9226338963952868,singlet
TACAGGTCACGGAAGT,9,0.9718854377332664,singlet
GTTTACTCATAGCACT,10,0.8948356583724878,singlet
ACTTTGTGTTCCTAGA,0,0.9647117380621564,negative
TGGGTTATCCTACACC,0,0.9102495569106234,negative
TCATTTGTCCGCATAA,7,0.8421462942308177,singlet
CTGCCATAGTGATAAC,13,0.5355050062167138,negative
CTGAGCGGTGGGTCAA,0,0.9579198605845124,negative
TACACCCTCTGAATCG,0,0.8625985970431191,negative
CACGAATAGTAATCCC,9,0.9216767534827603,singlet
TGGTTAGAGACTGAGC,0,0.9391090348676788,negative
GGGTATTTCAGATGCT,0,0.9140486482896368,negative
CATTGCCCACTTGTGA,0,0.8474387028807109,negative
CCGAACGAGTTACGAA,0,0.8735927153727673,negative
CGTTAGAGTGTTTACG,0,0.8771643282822786,negative
ACATTTCGTTTCCAAG,7,0.9125363650374791,singlet
GGTGTTACATCCTCAC,0,0.8696203627713854,negative
CCGATCTAGATAGCTA,0,0.9999567355953912,negative
TGTAACGTCCTTCTAA,0,0.9632010628892348,negative
CACTTCGAGGTTCATC,3,0.9102505420807055,singlet
CATCGCTTCGTGTGAT,9,0.8996771201170146,singlet
GTCAGCGGTGTCTTAG,13,0.7859178066315253,negative
AACACACCAGCTGGTC,0,0.8977001779028989,negative
GACGTTATCTTGCAAG,13,0.4025824842141133,negative
GGAATGGAGGCACGAT,6,0.925537881312785,singlet
CCTCATGAGTGGATTA,0,0.861719966019187,negative
CCTCAGTTCTTAGTTC,0,0.999992552206464,negative
GTAACACGTTCGTACA,0,0.8762536997854911,negative
TCGATTTGTAACAGTA,9,0.979376670615418,singlet
GGGCGTTGTCCGTACG,0,0.9605914732638972,negative
CTTCTAAGTTACCCTC,9,0.8029072909066863,singlet
ACGTTCCGTATTTCGG,11,0.999984930266896,singlet
GATTGGTTCCAGGACC,4,0.8771257972319841,singlet
CCCTTAGCAGACGGAT,0,0.9009817311450669,negative
GTTACCCTCCTACAAG,13,0.7889398430835807,negative
CAGTTCCAGGCGAAGG,13,0.7802052663912136,negative
CATACTTTCTCGTCAC,0,0.9765031862298662,negative
TGACAGTAGAGGTCAC,7,0.8510398149277476,singlet
CTCCACAGTGTTCGTA,7,0.9033206710876008,singlet
CACAACAAGTGTTGTC,13,0.4988553106325493,negative
GACTATGCAGGGAGAG,13,0.7954009193422289,negative
CGCAGGTTCAGGAAGC,0,0.8299230457936039,negative
CCGGTGATCGACATTG,0,0.8809808550720067,negative
ACCATTTCAATTTCCT,0,0.9815631213449368,negative
GCCATGGTCCGCAACG,0,0.926924159582406,negative
TCGTCCAGTAGACAGC,13,0.7779201776245899,negative
TTACTGTAGCGTACAG,7,0.907951027249186,singlet
CTCAGGGCAAGACCTT,0,0.8774122632995703,negative
GACTTCCTCAACACGT,0,0.9403386258805102,negative
TGATTCTCAGAGAAAG,0,0.8831623836117615,negative
CTTTCGGGTGATGGCA,0,0.9337224908359568,negative
AATCGACCACGATTCA,4,0.9757425190727708,singlet
TTCTAACAGTACGTCT,11,0.9778614606448528,singlet
TCTACCGGTACAGGTG,2,0.975647012349789,singlet
ACTTCGCGTCTTAGTG,9,0.8715698030080147,singlet
TGGGAAGGTCTCACAA,6,0.8775999782824541,singlet
TGCGACGTCACGACTA,13,0.6182189455034739,negative
TGAATGCCACAACCGC,0,0.872994586899641,negative
CGCCAGAAGTACAGAT,0,0.8635528219304768,negative
ATGAGGGTCAGCGCAC,0,0.8361903939189457,negative
CTCCGATAGAAACACT,0,0.8908360001012436,negative
AGTGCCGTCTCAGGCG,9,0.8922956316292999,singlet
TTCAGGATCTCCGTGT,0,0.8811480277007087,negative
GTAATCGGTGTCCGTG,5,0.9003311298203996,singlet
GCACATAGTTTACCTT,0,0.9830543371898418,negative
GTTCCGTAGGCTCCCA,13,0.3256023162873394,negative
GGATCTAGTACTGGGA,0,0.8990191485585067,negative
GTAGTACTCTTGATTC,3,0.911618524363329,singlet
CCGATGGGTTGGGTAG,9,0.9247294440270116,singlet
GAACACTAGCGCTGCT,0,0.8664811120481478,negative
TGTGTGACACACCTGG,0,0.8736048373322227,negative
CTGCCATTCCGAGGCT,0,0.8204145162801583,negative
TAGCACAGTGTTACTG,0,0.8941987456127192,negative
GCTTGGGGTGCCGTAC,7,0.812822602649128,singlet
TTACGTTTCCGTTTCG,7,0.8918140054039455,singlet
ACTTTGTCATAGACTC,13,0.7685497413898472,negative
TAAGCGTAGGTCGTAG,0,0.8854982522309373,negative
GTGTAACGTTCCACAA,1,0.825354712006332,singlet
TCAGTTTCATGGCCCA,13,0.4874288409598923,negative
GAAGTAAGTGGATGAC,0,0.8908242272513079,negative
GTCAAACGTTCGGGTC,9,0.8995067573625124,singlet
AACCATGCAGTAGAAT,0,0.8359981635456524,negative
TACAGGTGTGAAGCGT,0,0.9861084625359084,negative
AAAGGATTCTCTGCCA,0,0.8573587859558592,negative
ACGATCAAGCGTGCTC,13,0.5895278248861158,negative
CCGCAAGAGTTACGAA,0,0.986187195212522,negative
GTGACGCAGAGAACCC,0,0.8793703439902218,negative
ACTGCAATCCAGCAAT,0,0.8415008968860149,negative
AATTCCTTCTGTCAGA,3,0.9526606434899478,singlet
TGTCCTGTCTATCGCC,4,0.932531408235275,singlet
CTTCTCTTCATCACCC,13,0.738582426906378,negative
CTCAACCCAGGAGACT,13,0.7093558868184503,negative
TACCGAATCACAAGGG,13,0.7146413063959485,negative
ACAAAGACACGTGAGA,10,0.894959604405004,singlet
TACGTCCAGATGGCGT,0,0.8741174532523791,negative
GTACAGTGTCCAAAGG,13,0.7996182954545329,negative
CCAATTTCACAGCCAC,8,0.8288199820400421,singlet
CAGCAGCGTTGCCGAC,13,0.7743931952759157,negative
CTTCCTTGTCCTATAG,0,0.9998256500091028,negative
ATGAGGGTCAGCGCGT,0,0.9962649659869972,negative
GATGGAGCAACAGAGC,2,0.821194525892563,singlet
TTCCTAAAGATAGCTA,0,0.8778586147487664,negative
GCCAGTGGTCACAGAG,13,0.7155882702815535,negative
ACACCAAAGTGGTCAG,7,0.8924248017734561,singlet
AGTGCCGGTTTGCCGG,0,0.8797716316775791,negative
GAAGGGTGTCTACAGT,7,0.9852368975255688,singlet
ATTCTTGAGACTTAAG,13,0.6422134355001224,negative
CTTCCTTCAGACCATT,2,0.9576803705708472,singlet
ATTTCACAGACGGATC,7,0.880969505412172,singlet
CTCCTCCCAAGACCTT,13,0.6268471095605427,negative
CATTCTAAGAGTCACG,0,0.8481520829101747,negative
TAACACGAGGCACCAA,0,0.8454310059703074,negative
AGGCATTGTTGTCAGT,4,0.8824588451443685,singlet
AGAGCAGGTCTGATAC,13,0.6109253887821315,negative
GGTGTTACATCCTATT,0,0.9456685663768064,negative
TGTTCTATCAGGTAAA,9,0.8906106852121454,singlet
TCCCAGTGTCTTGAGT,4,0.888167169926031,singlet
TCATACTAGGTCGTGA,10,0.9396751195254788,singlet
GCTGCAGGTAACGTTC,10,0.9121268516876432,singlet
ATGCATGAGACGCCAA,13,0.6815037745864331,negative
AGGTTGTTCACCTCTG,11,0.911358343841867,singlet
CCTCCAAAGGCTTAAA,6,0.934113104739816,singlet
GGTAACTCAGGCATTT,0,0.961052762435559,negative
GAAATGAGTCGAGCTC,2,0.8816355419719485,singlet
GCCATGGAGTCAGCCC,0,0.9044835901008476,negative
AGAGAGCTCCCGAGAC,8,0.9020397208289318,singlet
TTGATGGTCATCAGTG,13,0.4667411719936909,negative
TTTGGTTTCAGGACGA,13,0.740507231106538,negative
CATGCAATCCTAACAG,13,0.6206547712482438,negative
GGCGTCAGTTAAACCC,0,0.8975093471069046,negative
CGGAACCGTTCGGCTG,0,0.857850760983681,negative
CATGCCTAGCACCGAA,0,0.884690659543377,negative
GTACAACTCTCCCAAC,10,0.9537543708413422,singlet
GAATAGACACCTAAAC,2,0.9246363403021484,singlet
GCATCGGTCACAGTGT,8,0.9604106249074011,singlet
TCGCTTGTCTGAGTCA,0,0.8140833395721702,negative
TGCGATAAGGCATGGT,0,0.9802677431259408,negative
AATCACGGTAGACACG,6,0.8939804531849358,singlet
TAGACCAGTCATAAAG,5,0.9196779674428334,singlet
TAATCTCTCACTTGGA,13,0.7905903386643047,negative
CGTGAATAGTGCACCC,0,0.903712279077496,negative
CATACCCCACTACAGT,5,0.8620119974150605,singlet
TTCCGGTAGTAACCGG,0,0.909004729474993,negative
TTTGATCAGATTGAGT,13,0.7663670754897204,negative
TTGCTGCGTCCCGTGA,0,0.8840750229524444,negative
TCACTATAGCTCCACG,0,0.9773706677630644,negative
GGCTGTGGTGGAGGTT,0,0.9030669208143608,negative
TGACGCGTCACCTCTG,0,0.8803439662815372,negative
TCGCACTGTAGTGGCA,13,0.7107484995549407,negative
GGGAGATTCCGTCAAA,8,0.9842111617653622,singlet
TGCGGCAGTTAGAGAT,0,0.9824045371748829,negative
CGTGCTTCACTAAACC,11,0.8765343728448559,singlet
GTAGCTATCACTCCGT,4,0.8784074787547063,singlet
AGAACCTAGCTCTTCC,13,0.5987213647763272,negative
CATTCATGTCGTCATA,0,0.8902905247714811,negative
ATGGGTTTCCGCATAA,3,0.8934212485808029,singlet
TAGAGTCGTTAGCTAC,4,0.9802905350535576,singlet
CTTCAATTCTAGTCAG,0,0.9805408632162362,negative
GCATCTCCAACAAAGT,0,0.9174020501843372,negative
CAACCTCAGACTACGG,0,0.8996372572374611,negative
TACCCACCAGCTACCG,0,0.8523629872959321,negative
AGGATCTTCCATGAGT,0,0.9269486322119778,negative
TTGTTTGAGTGCAAAT,9,0.9617032724118244,singlet
TACACCCGTAGCGAGT,0,0.8596690767557652,negative
AACGTCACATGTCAGT,5,0.8476543399646984,singlet
CTACAGAGTCGTACAT,12,0.911463776939594,doublet
TTCTGTAAGTGAGGTC,3,0.999979857855476,singlet
CGGAACCCAAATGGTA,1,0.9311836966185238,singlet
CCAATGAGTAGTATAG,6,0.8747019042317762,singlet
ATGTCCCTCATCCTGC,0,0.9131452132818424,negative
GGTAATCTCCTGGGTG,0,0.8420123188344909,negative
GTAGAAATCTGGACCG,0,0.9407668409534116,negative
TGAGGGAAGTGCACCC,3,0.9062341703751828,singlet
CCTCACACAGAGTTGG,9,0.8861973421758859,singlet
TGTCCTGAGGCTGGAT,0,0.9142741150768848,negative
GTAGGTTGTCGGTACC,0,0.8614143414887977,negative
TCCTCCCCAGTAACAA,0,0.9274030996006472,negative
TCGCTCAGTGCCTGCA,13,0.7674347519612069,negative
CTACCTGTCCTGATAG,0,0.9440451627602076,negative
CAGATACTCAAGTCTG,7,0.8939908141897891,singlet
AGTACTGAGTGAGGTC,3,0.9999999975136,singlet
GATGAGGAGTATTCCG,10,0.9310321031501808,singlet
TCTTCCTTCAGTCACA,6,0.811424254215483,singlet
ATTCCTATCTGGCCAG,0,0.9032744983523836,negative
CAACCTCCACGGTAGA,13,0.7071606669248861,negative
CATGAGTGTTCCGTTC,0,0.9181362263802332,negative
CGCGTGATCGGCTTCT,0,0.9082907454456122,negative
GGAATGGCAAATGAAC,7,0.8905113243320875,singlet
GATCATGTCTATACTC,0,0.8968234701793573,negative
ACTCTCGTCCTCAGGG,7,0.9045700216014648,singlet
ATACCGATCTGGTCAA,0,0.8797067337723786,negative
GAAGAATAGTGGAATT,0,0.8555538896982668,negative
TATGTTCAGAGTGTTA,13,0.5363564881894936,negative
AGTACTGGTGGCTGAA,0,0.8900159636389768,negative
AAGTGAAGTGCAAGAC,13,0.7514507708988756,negative
TGTAACGAGAAACTCA,3,0.9073554989635902,singlet
TGCTGAAAGTATGAAC,3,0.8513034762447231,singlet
GCCCGAACACACCGAC,13,0.7972656891906595,negative
ATGTCTTGTCCGGACT,0,0.8501984143517572,negative
TCTGGCTGTGGTACAG,0,0.8290858402244955,negative
AGGCTGCAGCAGCACA,7,0.993233047346961,singlet
TCTCAGCGTCATGCAT,12,0.9742161641838128,doublet
GTGAGTTGTCGTGGTC,9,0.984280101905888,singlet
AGCGCCATCTGGCCAG,9,0.903178176943843,singlet
CAGGGCTGTCCGAAAG,11,0.8836295605229868,singlet
CATGGATAGAGCAGAA,6,0.8537677023344281,singlet
TCCTTCTTCCAAGCTA,0,0.9288144630470524,negative
CTTGATTGTTATAGAG,0,0.8606775143004273,negative
ACCTGTCGTAGTTCCA,9,0.8156003248743189,singlet
CTGTATTAGCAACTCT,0,0.8909109213129323,negative
TCAGTGACAAGAGCTG,13,0.4695395433304047,negative
CAACAGTTCCGAGAAG,13,0.6272842788883558,negative
TGCAGTATCCGCCTAT,8,0.8589973722171602,singlet
TCGACCTCACGAGGTA,13,0.786620182727206,negative
CGACAGCCAACTCATG,6,0.8085670477289386,singlet
CGAAGTTCAACCAGAG,2,0.8684626905501253,singlet
GGGAGATGTTAGAAAC,6,0.8318902453261392,singlet
CACCGTTCAATGACCT,13,0.5714668118667768,negative
ATGAGGGCAGGTCAGA,13,0.5530642668074097,negative
ATTGTTCCAGGACAGT,0,0.960636710579194,negative
CGACAGCAGACGCTCC,13,0.797390176480583,negative
AGTGACTTCGAACACT,6,0.9811283232272788,singlet
GCGATCGAGGCACTCC,0,0.8873805675548742,negative
AAATGGATCCATCACC,13,0.6427789821258642,negative
TTTACTGTCATTTGGG,1,0.9607085802622176,singlet
TATTGGGTCACAAGAA,11,0.8777100862054864,singlet
GGCTGTGCATTCATCT,3,0.9045379877120954,singlet
CAGCAGCTCAAGCCCG,0,0.9415137386984318,negative
CTACAGAGTGGCTTAT,0,0.914221152744074,negative
CTACTATGTGCGGTAA,2,0.8667793297158544,singlet
TCCTCCCAGACAGTCG,0,0.862522865985836,negative
TCACGCTCACTCTCGT,9,0.8814598968168043,singlet
GCTACCTCAGTCGGTC,0,0.8557597107930807,negative
TCTAACTTCCGAGCTG,0,0.87408014420938,negative
TTGTTCAGTGTGATGG,0,0.9832684240617708,negative
TGCTTGCGTTTACACG,0,0.8682135658259846,negative
ACCAACATCCCGAATA,0,0.9773659003515734,negative
CTTGAGACACCTCAGG,0,0.9099256438201092,negative
GCCATTCCATGACGTT,13,0.6277017718597097,negative
TGCGGCAAGCATATGA,0,0.8541455489149543,negative
CAACCTCTCGCATTAG,13,0.4747624948356534,negative
AGGAATACACGCTATA,9,0.8875240845538399,singlet
TCCTCTTCACCTGCGA,0,0.8779095690986929,negative
TATTCCACAGCAGTTT,1,0.9999915587035758,singlet
AGGTGTTAGTTTGCTG,0,0.9843002660731114,negative
CCTATCGAGGTTGTTC,0,0.8400231515573787,negative
GTGGAGATCGGCATTA,0,0.8441876448043576,negative
CAGTTCCTCCTACAAG,13,0.6552896732225899,negative
ATTTACCCACTCCGAG,0,0.8760889240588088,negative
ATTCCCGGTCCCGCAA,0,0.924237701727506,negative
TACGGGCCAGCTATAC,1,0.882457520454788,singlet
GGTGTTATCACATACG,0,0.896550649819239,negative
CTAACTTAGTTCACTG,5,0.8384480548152999,singlet
AGAGAATCAACTTGGT,13,0.5265116867335973,negative
CTACAGACACACCTTC,9,0.953005116802956,singlet
CTGTGAATCCTCTGCA,4,0.9272943179499564,singlet
TTGCTGCTCTGTCGCT,13,0.785701664845888,negative
ATGCGATCAGTGGTGA,7,0.8797458855977635,singlet
GATCATGAGTTAACGA,0,0.8888612929969519,negative
CACTGTCAGCTCGTGC,0,1.0,negative
GGAGAACAGGTGCCTC,11,0.8557067013779939,singlet
ACTCTCGAGGGATGTC,0,0.985825404255974,negative
AAGCATCGTTGGGACA,9,0.8703465243240087,singlet
AGTCAACCAAACTAGA,1,0.8175073285951691,singlet
TGTTGAGCAGTTACCA,3,0.8348447305560139,singlet
TGCTGAAGTGATAGTA,13,0.7067339154335578,negative
GAGTGTTAGTGTACCT,6,0.9008872367672248,singlet
ATCGCCTGTTGACTAC,3,0.9167309477805146,singlet
CAATACGGTATCGGTT,7,0.9999999999986122,singlet
CAGTTAGCACACCGAC,13,0.762793352170002,negative
TCTACCGTCGAAGGAC,0,0.9173282095774764,negative
GGTGTCGGTTCTTGTT,5,0.9070775545118124,singlet
CATTCATTCACCCTGT,0,0.942748886951941,negative
TTCTTCCAGGCTATCT,7,0.9817282370769952,singlet
CATCAAGCAGGAACCA,0,0.958428990223792,negative
TCATTACTCCGAAATC,7,0.8983424759632481,singlet
TACCCGTGTGGCAACA,0,0.8816072146770222,negative
TGTCCACTCTGCAGCG,7,0.9409225568601116,singlet
TATGTTCGTCAAGCCC,7,0.8823250811617328,singlet
TAGAGTCGTTGTCTAG,0,0.8858150576781815,negative
ATCCACCAGTCCCAAT,0,0.823205564210744,negative
GAGTGTTAGAGTGTGC,5,0.8934764095470846,singlet
CGGGTGTGTTCCACGG,13,0.7809917983969338,negative
CCTTTGGTCATTGGTG,0,0.976153158244544,negative
AGTACCACAAGACCTT,0,0.8420480292250759,negative
CAGATCACATCGCTAA,4,0.8141016434848518,singlet
CTCATTATCATTTGTC,0,0.9213891284158549,negative
CACATGAGTAGTTACC,5,0.8586796767333225,singlet
ATGCGATCACGTGAGA,9,0.8362863084912394,singlet
ACTTCCGTCACCGCTT,7,0.9045558642247412,singlet
TACACCCGTAGTCACT,0,0.8640207095538097,negative
GTGCTTCGTGGTTCTA,1,0.8801733646108009,singlet
ACTTCCGGTTGACTGT,0,0.9341578518835432,negative
TATGTTCTCTCATTAC,0,0.984215301953336,negative
TATCCTATCCCGAATA,0,0.8891695845091678,negative
CTCATGCTCCGGTTCT,0,0.8359164637417487,negative
TGAATGCTCGGCCTTT,13,0.711201355152319,negative
CTTCCTTTCTACTGAG,0,0.9205731550031062,negative
TCTAACTGTACTGACT,0,0.8714734998200023,negative
CCTATCGCACTGGAAG,2,0.999369095907088,singlet
CAATACGCATTCGATG,11,0.8625684255212754,singlet
TGGGATTCAGTCTACA,13,0.5494152310328818,negative
TCACATTGTAGACACG,13,0.5963086935090622,negative
ATGCCTCTCTGTGCTC,13,0.7531389084305034,negative
GGTGATTCAGCAGTGA,8,0.9547909766461103,singlet
CTGGTCTGTAACAGTA,13,0.570954890929861,negative
TCCGTGTTCACCATCC,3,0.8414078202103782,singlet
AGGACTTAGAGGTTAT,13,0.7833242666865493,negative
ACTGCAAGTATCACGT,0,0.941559069580743,negative
TCCACGTGTGCCTTCT,0,0.8510796690965113,negative
CTGAATGTCACAATGC,0,0.8843223251018245,negative
TCGCACTGTGTGTGTT,10,0.9021480719702673,singlet
TCGTAGAGTCGCATTA,0,0.9219186336901304,negative
ACAAAGAGTGAGACCA,10,0.9205758250246446,singlet
CGAGGAATCCATCTGC,0,0.8652184399107923,negative
GAAGGGTGTAGGAGTC,8,0.9056458720412148,singlet
GACTTCCGTAACGTTC,0,0.8792871850711618,negative
GCCTGTTAGCTTGTTG,13,0.4830367363929465,negative
ACTTAGGAGTCCGCCA,13,0.4750597308210771,negative
TGTAAGCTCACTTGGA,0,0.8562837577329413,negative
TCACATTTCCGACAGC,13,0.7603355960786494,negative
CAATACGGTGAACCGA,13,0.711800692989332,negative
GTCTTTAGTGTGGTCC,11,0.9697811811207092,singlet
TTCTTGAGTCTCTCTG,0,0.9804351987061064,negative
GTGGGAATCTTCTAAC,13,0.7383672933602283,negative
CTGTGAAAGGTGCTGA,13,0.6683405559729623,negative
AATGGAAAGTATCCTG,0,0.8942456076920955,negative
ACGATCATCACCATAG,0,0.8735012655180165,negative
AGGGTGATCATGGGAG,0,0.8998057038850505,negative
AATCGTGTCTTGGGCG,4,0.8601546627946561,singlet
GGAACCCCAACACTAC,0,0.8480675760942955,negative
TGGAGAGCAAAGACTA,0,0.9698194070650396,negative
CCCAACTGTCAGACGA,2,0.8463154903457317,singlet
CCGCAAGGTCTGTGAT,9,0.8508428856775154,singlet
GGCTTTCAGTCGGCCT,0,0.931947232181108,negative
CTATAGGTCCAAGCCG,9,0.8499788607964626,singlet
TGAATCGCATCCCGTT,8,0.9439796592916596,singlet
CCTCAACAGATTTGCC,13,0.6885112000895163,negative
TGAGTCAGTCACTCGG,3,0.8794694902546113,singlet
CCATCACAGACTAAGT,0,0.8911365898650508,negative
GAACGTTAGCAAGGAA,0,0.8654955784916495,negative
TTAGGGTTCTCTCAAT,0,0.8856708556211551,negative
TAGGTACTCAATCTCT,0,0.995549610183026,negative
CCTCCTCGTGGCATCC,5,0.86480441234023,singlet
CTACCCACATGGCCAC,0,0.9399286510027935,negative
AACAAAGAGTGAGCCA,13,0.7267730008579869,negative
GAGTGAGAGAAATCCA,0,0.9149220263323536,negative
CACACAACACTTCATT,7,0.9253982263067406,singlet
TTGGATGAGTTGCCCG,0,0.8600803905749994,negative
TGCTTCGCAGGATGAC,13,0.612468452585168,negative
ACTTCGCGTATGGAGC,0,0.8742565648038458,negative
GCCTGTTCACGCGCAT,13,0.6107431414900404,negative
ACATTTCTCTCGACCT,0,0.968857256494804,negative
AGCGATTGTCACTAGT,3,0.9114444464602331,singlet
GTTACCCGTGTAAATG,13,0.798047045721911,negative
CATCGGGGTGCTCGTG,0,0.924837568187404,negative
CATGCAACACGGCCAT,0,0.8401294282962602,negative
TGTCCACTCAGGAACG,0,0.8761431499471763,negative
TTTCCTCCACAGTCAT,0,1.0,negative
GAGCTGCAGCGAGTCA,6,0.899495459999922,singlet
CTCATCGGTGCAGTGA,0,0.8892621631541913,negative
CAGCGTGAGAGGTCGT,10,0.8994889093457471,singlet
TCAGTCCTCCGTGACG,0,0.8363390427108116,negative
TTTGGAGAGTATCTGC,0,0.887798074079141,negative
CATGGTACAGTTGTCA,0,0.9692893998731584,negative
TCATTTGCACGGATCC,13,0.5832634874339199,negative
TGTAGACCAACTTGGT,0,0.923425901775882,negative
GGGCTACGTCTAGGTT,5,0.905215208188452,singlet
GGGAGTATCTGAGATC,13,0.6914603298578117,negative
CCCTTAGAGCGCACAA,4,0.90085534558551,singlet
GTTCCGTTCGATTGAC,13,0.769931749337261,negative
GCAGCCAGTATACCTG,0,0.8675200272536635,negative
TGTGATGTCGCAAGAG,0,0.9002115962594024,negative
ATTTACCGTCACTAGT,0,0.866878555781959,negative
TCCTCCCCAGCCTATA,13,0.520082720146987,negative
TCATGAGGTTATGTCG,10,0.9164540802648676,singlet
TAGAGTCTCATGAGAA,0,0.8829650309868549,negative
CTAAGTGCAATTCGTG,0,0.8625355969193381,negative
CTTGATTCAATTAGGA,13,0.6211731526800216,negative
GTGACGCGTATGGAAT,8,0.8863712195364297,singlet
CGAGAAGTCCCAAGCG,0,0.8537506240173156,negative
CATGCAAGTATTGGCT,0,0.8135551793359261,negative
ATTCACTTCATGAGTC,0,0.8710326617691997,negative
CCACCATAGTGAGGTC,13,0.7243710826755194,negative
TTCCTTCGTACGCTAT,3,0.9043739130599808,singlet
TATCTGTAGATGACCG,8,0.9570945491752464,singlet
CTCTCAGGTGCTGCAC,1,0.9807188295717436,singlet
TAAGCACCAAAGACTA,0,0.9769119918386672,negative
CAACCTCAGAAGCTGC,13,0.6243333943441622,negative
TCATTCACAGTGTGGA,0,0.8611069848684181,negative
GACCCTTGTCTGTGCG,1,0.9011605899654233,singlet
ACGTAGTAGCGTGAGT,0,0.981547695783957,negative
TAAGCCAGTCCTTGTC,9,0.9139195225313044,singlet
TCGCACTCATGAGAAT,7,0.9550159047682504,singlet
GAGTCATGTACCCGCA,0,0.8518477824840835,negative
TGGATCATCAGCACCG,3,0.9493924648252454,singlet
CATGCAAAGCGCTGAA,0,0.9262986147729494,negative
CCACTTGTCCTTATAC,0,0.9397221464637092,negative
TCCTCCCTCTGAACGT,0,0.8752645595041089,negative
TTACCATGTTGGCCTG,0,0.9041642368995018,negative
GAGTCTAGTCAGTCCG,0,0.9322066677304094,negative
TACTGCCCAGGCATTT,0,0.9189439158334776,negative
GGGCCATCATGGTGGA,13,0.6112847729211764,negative
GACTATGCAAATACGA,13,0.7463282229493833,negative
GACCAATAGATAGCAT,0,0.8497852267607114,negative
CTCCACATCCTACCGT,0,0.8732740879199683,negative
AACCACAGTGTGAGCA,13,0.6743452672450866,negative
CCTCTAGAGTTAACAG,8,0.8941574978817838,singlet
AGGTCTAGTCGAATGG,0,0.922301713116061,negative
TGCGGCAGTACTGCCG,10,0.9005854434395361,singlet
ACTCTCGGTATTTCGG,1,0.9998176215632092,singlet
TGTTGAGAGGTGCTTT,13,0.5502309235604733,negative
AATGGAATCCGCTTAC,0,0.8716105174396196,negative
CGGAGAAGTGTAGGAC,5,0.8836682594481394,singlet
CTCAGAAGTTGCTCAA,0,0.890727411664283,negative
AGTTAGCGTAGCTAAA,9,0.9998739248778572,singlet
ACAGCCGAGTGAGTTA,3,0.9247008323677388,singlet
CCTCCTCCAGGAGACT,0,0.8848291623956968,negative
TGTCCTGTCGTAACAC,13,0.709106017171399,negative
CATCCCATCTATCGGA,0,0.8638572609438101,negative
CTACAGAAGACGAAGA,13,0.6820566165743034,negative
GCTTCACTCGCATTGA,8,0.8906022353755014,singlet
CCACCATAGGCTAAAT,0,0.8598042372420234,negative
TGTCCCAGTCACTCGG,0,0.8462822301546017,negative
CCTACGTAGTGTAGTA,0,0.9739155512007572,negative
CAGGGCTAGCTACTAC,0,0.8278140280481631,negative
CTCTGGTCAGCATACT,1,0.8751724008783432,singlet
CCCTCAAGTCTTACAG,3,0.9695891246475068,singlet
ATCATTCCACAGAGAC,0,0.8922526365695091,negative
GCTCAAAGTGATAGTA,0,0.8577721644281806,negative
GTTGAACAGCCAAGCA,0,0.9216880307556214,negative
CGTAAGTGTGAAAGTT,13,0.5322725087054511,negative
GATAGCTCAGGACGAT,5,0.8890847647430589,singlet
GATGATCGTCATAACC,5,0.9077626022888482,singlet
TGTGGCGTCCCGAATA,13,0.7867858278704195,negative
TTGATGGCAGTGACCC,0,0.8750949095702429,negative
TCTACCGGTGGCCACT,0,0.8614441002346854,negative
TAGTGCACACCTGCTT,0,0.8808392980241239,negative
GGCTTTCGTAACGCGA,11,0.9043246055368774,singlet
GAGCCTGAGGCCATAG,1,0.9200416770233988,singlet
CTACGGGAGGCTAACG,13,0.5542980487840703,negative
CAGAGCCGTTCACGAT,0,0.8758285172874677,negative
TCGATTTGTCTCAAGT,6,0.9382474000058562,singlet
ACAAGCTGTACTGGGA,9,0.9042180825007504,singlet
TAAGTCGAGCCTCTGG,0,0.9028815332473336,negative
AGTAGCTAGCTTACGT,11,0.8792520184658889,singlet
GCCAGTGTCGTGAGAG,0,0.9202937704099752,negative
CTCATCGTCTTCGTGC,3,0.9323250127676348,singlet
GTCATTTTCGAGTTGT,0,0.9361746831343728,negative
TCAGGGCAGACGGTTG,0,0.883800753262525,negative
TTCCGTGTCCAGCAAT,0,0.8442857411350979,negative
GCAACCGTCGCAATGT,13,0.7192539803737296,negative
AAGTCGTCACCTATCC,9,0.9212193307720932,singlet
CCTCCAAGTAGTCGTT,13,0.633490510163633,negative
GCCAGGTCACCTCAGG,0,0.8404639693404198,negative
CCGTTCACACCGAATT,13,0.435596023679839,negative
CAGATACTCCGCACGA,0,0.965008608687568,negative
TCCCACAGTCTCAAGT,7,0.9003602902582836,singlet
GAAATGACAGTTGTTG,0,0.8785248888214854,negative
TAGAGTCCAATGACCT,12,0.8078969946109502,doublet
GTCGAATCATTAGGAA,0,0.8015055706679427,negative
TCAGGTAGTCTATGAC,0,0.9548520454002352,negative
TACGGTATCGCCAGAC,13,0.6376831965944662,negative
CAGTGCGTCAGAACCT,13,0.6734365582219143,negative
TGTCCACGTCTTGAAC,0,0.9175966852365716,negative
CTTCTAAGTGTAAATG,7,0.9998012874025042,singlet
TCTTTGATCTATTTCG,6,0.9643954395009572,singlet
TTCTGTAGTGTCTCCT,9,0.9697442474360678,singlet
GCAACATTCTTGCAGA,0,0.8914561551117829,negative
GTGTGGCTCGTAACCA,0,0.9598558896634798,negative
ACTGCAACAGACATCT,0,0.905267821827073,negative
TTTAGTCTCCCTCGTA,6,0.9277687816330648,singlet
GTGCTGGCAAGTTCGT,0,0.8095507523683779,negative
ACCAACATCACTTTGT,13,0.632122247871317,negative
AGTCACAAGAGAGCCT,0,0.9256778610439116,negative
TCGTCCAGTGCATCTA,7,0.8987874725363847,singlet
TCATGTTCAGTTTGGT,0,0.9574866523300172,negative
GGGCGTTAGTCACTGT,0,0.9118497516402388,negative
TGCTGAAGTGTATTGC,0,0.8878071675785413,negative
CAAGACTGTTTCGCTC,0,0.9795693994987386,negative
CTAACTTCATGACGGA,7,0.9205832797465096,singlet
GAGTTGTTCCGTATGA,3,0.9131006239661146,singlet
GTCAAGTTCTGAGAAA,0,0.8780126884051922,negative
CCACCATGTCTCCCTA,0,0.8857347075361645,negative
GGGTTTAAGTCTAACC,5,0.9023838559927636,singlet
GGAGATGAGGAGGGTG,0,0.8917968539390193,negative
AGTACTGCACGCCACA,4,0.9550719788988686,singlet
CCGTGAGCAAGAATGT,0,0.8398802293586465,negative
TGTTTGTAGTATGGCG,13,0.7037486151194207,negative
CATCGTCCAATTTCCT,0,0.889818466145116,negative
AACCTGATCGAACGCC,2,0.9145968453179388,singlet
CACCAAATCCTTATCA,0,0.868455891479713,negative
GACTCTCTCGAGAGCA,0,0.8958794845094151,negative
GTGCTTCAGTAGTCTC,0,0.8276177743759586,negative
ACAAGCTGTCACCCTT,0,0.8582752314854841,negative
ACGATGTTCATGGGAG,0,0.999544859713517,negative
TCTTTGAAGTTCATCG,0,0.996696824146513,negative
TCCACGTGTCACGCTG,2,0.8484504305897747,singlet
GTCTCACGTGTCTTAG,13,0.4997636227331711,negative
AGAAATGCATAATCCG,13,0.6603051126949012,negative
TTGTGGAGTTTCGACA,0,0.9262133279500032,negative
TGTTTGTCACCAGACC,0,0.8933953378568089,negative
AGTGCCGGTCGAGCAA,13,0.6876263735370793,negative
GTGCACGCACTATCCC,13,0.5982797611718917,negative
ACGTAGTCATGGGAAC,3,0.8923158954664926,singlet
TTTATGCTCAACGAGG,11,0.9608466372331802,singlet
TCGTGCTCACAGTATC,2,0.999999967441612,singlet
TGAGCGCAGTATCTGC,13,0.6890307034363652,negative
ACAACCATCTGGACCG,3,0.8956290375233448,singlet
AGATGAATCGGCATCG,13,0.4944833511002832,negative
GGGATCCAGTCATCGT,5,0.8061021353356417,singlet
CCTCATGTCAGAGCAG,0,0.8925981931124761,negative
CATCCACTCGCCACTT,7,0.9065528079098596,singlet
CGGACACTCGACCATA,7,0.8336419240388928,singlet
CTAACTTCACCCATAA,0,0.9132102357904516,negative
CGTGAATCAACGGCTC,13,0.7126668369179873,negative
TCGATTTCACTGTGTA,0,0.8845392503531299,negative
ACTTATCCATGCACTA,0,0.8800190038110959,negative
TGTTCATCAACAGCTT,7,0.982711767124196,singlet
ACAGAAAGTGACATCT,0,0.884861000833668,negative
AATTTCCGTAAGCGGT,0,0.8840929783240236,negative
TCTTTGAAGCGCCTAC,13,0.7731060899499672,negative
TTGACCCTCGCACGGT,13,0.7443780522865265,negative
AGGTCTACATCTCATT,0,0.8934162515940817,negative
GGGAAGTGTGTTATCG,10,0.9349682492577776,singlet
GGGACTCCAATCTAGC,1,0.9539527935593736,singlet
ATGTCCCCATAATCGC,0,0.9254442756433384,negative
GTATTTCCATCATTTC,3,0.9998884348669572,singlet
GCATCTCGTAAGATCA,13,0.6058909068540517,negative
AACGGGACACTAACGT,0,0.901128461891151,negative
AAGTGAATCCACTGAA,13,0.5822722759894815,negative
TGCAGGCTCCATAGGT,6,0.8749122303068213,singlet
ATCCACCTCGCTTGAA,0,0.8877193608621665,negative
TGCAGGCCACCTGATA,0,0.8723818001735858,negative
CTTACCGAGAGGTCAC,0,1.0,negative
CATTCTAAGAGTCGAC,13,0.4964634597917262,negative
ATGGGTTAGCACCTGC,0,0.8764335001269188,negative
TACTGCCCAAGACCGA,0,0.8685808752994206,negative
CAGGGCTTCGAGAACG,0,0.8652758587419067,negative
ATTCCATTCAAGCCGC,13,0.7502752355414861,negative
AAAGTCCAGGGCATGT,0,0.9750519539465208,negative
CAATTTCAGCGTCTGC,0,1.0,negative
TGATCTTTCGTGCATA,0,0.9427727429264496,negative
ATTCCTAAGTCTGTAC,0,0.8898912506947101,negative
GATAGAATCCAGCACG,0,0.8312548971854421,negative
AGCGCCAGTCCTTGTC,5,0.8458580227254674,singlet
CACATGAAGCGTGAAC,13,0.424838650956846,negative
ACGTAACTCTGGCCAG,0,0.9959069312653926,negative
TACCCACGTCGTATGT,13,0.4577352984099945,negative
GTTCATTTCGAGAAAT,13,0.5548210319386211,negative
AGGGAGTCATATGCGT,0,0.8743551725088394,negative
GTTGTGAAGACTTCAC,0,0.848920288825483,negative
GCACGGTCACATCCCT,5,0.8459120271608958,singlet
CGATGGCCATAGAATG,11,0.8121695169446581,singlet
ATTATCCAGGGTTAAT,0,0.8926283559894868,negative
GGAATGGAGGCCTGCT,4,0.8288633937899069,singlet
CCAATGAGTTGACTGT,0,0.8619105279171955,negative
CTACATTAGCACGGAT,8,0.8581906424603425,singlet
GAACTGTCAGCGCGTT,10,0.9050353234939842,singlet
GAAATGATCACTGTTT,0,0.9488286243945838,negative
GAGTTACGTAACACCT,0,0.8410822708286056,negative
CGTCAAACAGGTTCGC,0,0.8781286262268592,negative
ATCGTAGGTCGGTGAA,1,0.8374757451658805,singlet
AGAGAATGTTTAAGGA,13,0.5153084189030389,negative
ATAGACCAGAGGGTCT,5,0.9382707406981444,singlet
GGAGGTAGTTCCTACC,3,0.900301493454607,singlet
ACTTATCAGAAACTGT,13,0.6196691486581632,negative
GAGTGAGGTTTCAGAC,0,0.8699986415394261,negative
AAAGGGCGTGGTCTGC,9,0.8857928785329935,singlet
CGTTCTGAGTCCTGCG,0,0.8222319904908766,negative
AGTAGCTAGATTGATG,0,0.9439371167846372,negative
CGTGATATCCATATGG,0,1.0,negative
CATCCCACACAAGTGG,13,0.5112160300649897,negative
TCCACCACATTCACAG,0,0.9472127727446844,negative
GATCAGTCAGACGCTC,0,0.8817430180630819,negative
GATGTTGTCGCCTAGG,0,1.0,negative
TGAGCGCTCCACGTAA,11,0.8326646200249235,singlet
CACTGTCAGATCGCTT,0,0.9994389216617564,negative
TCGCACTAGCGACCCT,13,0.7642538730943625,negative
TGCAGTATCAATGCAC,13,0.6308273093576332,negative
TCTGTCGAGCGGTAGT,11,0.8624725279799116,singlet
TACATTCAGTGCACAG,11,0.8605105748611084,singlet
AAAGTCCCAGACAAGC,0,0.8507716942872119,negative
TGAATCGGTCGAATTC,0,0.9093756797039868,negative
CTAACCCCACGTTGGC,0,0.8411891334195474,negative
TACACCCGTCTATGAC,2,0.874251133151086,singlet
GTTACGAAGCACCGTC,0,0.8995849248444524,negative
ATGGATCGTCCAGTTA,13,0.635295940268566,negative
TAAGCGTTCTCGCTTG,0,0.9370681179095668,negative
GCACGGTTCGGAATGG,0,0.8556299215422825,negative
CACGGGTTCATAGAGA,0,0.9407907166490632,negative
CATACAGCAGGGACTA,0,0.8246810996576712,negative
CATAAGCTCGTAGCTA,0,0.8864071017726299,negative
TAGACTGGTTGTCAGT,13,0.7073833157592669,negative
GGGTGAACATTGCCGG,7,0.9053038255530572,singlet
GTTGTGATCATGAAAG,5,0.9426603369445692,singlet
CAACCTCTCCGGTAAT,13,0.7859209314938476,negative
TCATTCAGTACGTAGG,0,0.8957551764155992,negative
TGTAGACCAGTGTGCC,2,0.8569884478221489,singlet
GTCACGGAGCTCACTA,13,0.5558904854831225,negative
AGGTCTATCAACGCTA,0,0.9781130760503378,negative
GATGAGGGTACCATAC,0,0.8694159327492891,negative
CGGGCATTCGCTGTTC,0,0.8167941541252388,negative
TCACACCTCAGTCCGG,0,0.8907538795889468,negative
GGAACCCCAACGACTT,13,0.5920177757975008,negative
AGGTCTACACTATCGA,0,0.8560263153844913,negative
TCGTCCATCCATCAGA,13,0.7871081763667986,negative
CTGATCCGTTGTCAGT,0,0.8934249789736713,negative
GCCCAGAAGAGCAAGA,6,0.9474844563486156,singlet
TGTTGGACAAGGCGTA,0,0.8844691774787917,negative
GTAATGCGTGGTAATA,9,0.996224957611712,singlet
TAACTTCGTACCGTGC,13,0.7265039375495718,negative
TGGATGTGTTAATGAG,13,0.6264664017471034,negative
AATCGACCACAAGCTT,13,0.6298531646415827,negative
GCCATTCCAGCCCACA,5,0.8965948554107797,singlet
TTACAGGTCTTCACGC,0,0.9393012702890464,negative
GACTGATAGCCAAGGT,9,0.91155023094842,singlet
TGGGCGTGTTATCCAG,0,0.8575321066054349,negative
ACCATTTCATCGCTAA,0,0.8222998321403722,negative
TTGCTGCAGTGAGGTC,3,0.999970317516074,singlet
AGTAGCTGTCGTGGAA,0,0.8800625100743269,negative
ATTCATCGTCCAATCA,0,0.9049484777996374,negative
CAGTGCGCAAGCGATG,0,0.9691306611761368,negative
ATGGTTGTCGGTGTAT,0,0.8914641904086159,negative
TTGCATTGTCACTCTC,13,0.4980354756424405,negative
CAGTTCCAGCGTCAAG,0,0.8131858891139716,negative
ATCACGAAGCCTATTG,13,0.751279026162308,negative
TTGGGTACATCGTGCG,9,0.9375020900968462,singlet
GCCGTGATCGTTCCCA,3,0.9084453594268572,singlet
CTGAGGCCAAGATCCT,0,0.8987785788519765,negative
ACTATTCGTGCCGAAA,13,0.6192002074525734,negative
CCAATGACACTATCCC,0,0.9785006386474748,negative
AACCTGATCAAGAGTA,13,0.7472875072041915,negative
GGGCTACAGAAACTAC,6,0.9317595180085888,singlet
TCAAGACGTTGGCCTG,5,0.9421312875697536,singlet
GTGCGTGTCGAACTCA,0,0.8715734587034552,negative
GCAGGCTTCTCCACTG,13,0.7982234403558688,negative
GGGTCACCACACCTGG,0,0.8492546125799065,negative
ACATCCCGTGTAACGG,0,0.937895237532974,negative
CTACCCAAGGGAGAAT,0,0.8338898182531305,negative
AGTGCCGGTAGATTAG,10,0.8665450045140692,singlet
AGCCACGAGCGAACTG,0,0.9827223823229608,negative
TGGTACAAGCGGATCA,3,0.9030597559505366,singlet
CATGAGTGTTCGGACC,0,0.8601319835600164,negative
GAGTTTGTCACGGGAA,0,0.8732375555957013,negative
TGTTCTACAGATCCAT,0,0.8817662122938659,negative
GAGGCAAGTTCCGGTG,0,0.8541492743557737,negative
ATTACCTGTTCTGACA,1,0.9950579612413144,singlet
CAACGGCAGTAAATGC,0,0.8709861286371726,negative
ACGATGTGTACCGGAA,13,0.7505532043534495,negative
CAGGTATGTGGATCAG,9,0.9999265045843004,singlet
AGTGACTTCCCTCAAC,0,0.8949459928576449,negative
TTAATCCCATTGCAAC,0,0.9317486008008355,negative
CTGCGAGCAGAAATTG,0,0.882565797987024,negative
ACAGCCGGTGCGGTAA,0,0.8879390915103597,negative
AGGACTTCACGACGAA,0,0.8898677133698778,negative
AAAGTGATCGGTTCAA,0,0.9356502109103833,negative
TAGGTACCACAGTATC,0,0.9995373835066774,negative
TCAGTGAGTCGGATTT,0,0.8871495777559665,negative
TTGAACGCAGTCAGCC,0,0.954364180485654,negative
CATAAGCCAAGTTGGG,0,0.8352375756389898,negative
TCTACATAGCGATGAC,6,0.889120381053595,singlet
GGGAGATCAAGTGGTG,6,0.8897847013899101,singlet
TGTCCACAGCTTTCTT,0,0.9437306362619884,negative
ACTTATCGTTTACCTT,12,0.8818150516849866,doublet
CACTGTCAGGGCATGT,13,0.7877193759093066,negative
ACTCCCAAGTCACAGG,13,0.6728485520085438,negative
CCTTCAGAGCAGGGAG,0,0.8761916360312576,negative
CTAGACAGTATCGAGG,0,0.8859269299106417,negative
ACGATCAAGGGATCAC,13,0.7705495931252754,negative
GTAGATCGTCAGACGA,9,0.9997760993393874,singlet
TCGGGTGCATCGATCA,0,0.8325187443107599,negative
CATCCCAAGGTCTTTG,10,0.9024339147131776,singlet
GGTGGCTAGGCCTAAG,0,0.8771284042192681,negative
GTCCACTTCAGAATAG,0,0.8715898295383963,negative
GCTACAAGTCCTGAAT,0,0.9832118105157088,negative
GTCAAACTCGCTAAAC,13,0.5582068998701195,negative
AGGACGATCGTTGTTT,0,0.9723923324853998,negative
GATTCTTTCGTGCGAC,8,0.8764226042436946,singlet
AACTTCTAGTGATAGT,0,0.8813582507073306,negative
CTGCATCCAAACGGCA,8,0.8045793688056442,singlet
TGAGGGACACGCACCA,0,0.9255822592438896,negative
AGGCTGCAGTAGACAT,13,0.6523441545691999,negative
AGGAGGTGTTTAGTCG,0,0.9152980864869966,negative
GGGACCTAGAGCCGTA,13,0.561799059445572,negative
GACAGCCTCATAGAGA,0,0.99979532132699,negative
TGGGCGTTCATCTGTT,7,0.9709495712092054,singlet
AGAGCAGTCGGTCACG,13,0.6988414552968643,negative
ATTACTCTCGCCTTTG,11,0.952176339940784,singlet
GACCTTCAGGTAAGTT,7,0.9977130360361536,singlet
CCTCTAGAGGAGACCT,0,0.8493357498335499,negative
GCGTTTCCATACAGAA,0,0.8814123869291143,negative
GTTCCGTTCTAAACGC,13,0.412334991533175,negative
TGGAGAGCATCTCCCA,0,0.8447462895662496,negative
GTGAGGATCTGCTAGA,0,0.9159764522664476,negative
TCTCAGCCACTCGATA,13,0.7963336040477719,negative
TCTGCCAAGGAAAGGT,0,0.9045300441868108,negative
CCCGAAGTCTATACTC,0,1.0,negative
ATCGCCTTCCTTCTGG,0,0.9391169955073806,negative
GTCGAATTCAAGCCTA,7,0.9008914118918674,singlet
TGGTAGTAGACGGTTG,0,0.9676632293308914,negative
GGAGCAAAGGCTGGAT,0,0.9674639686100078,negative
GCGGAAACACCATATG,0,0.8865631167176055,negative
CTTTCGGCACCCGTAG,0,0.8909917316564978,negative
GGGTCTGGTGTTTGCA,5,0.9189354910776688,singlet
GTGTTAGAGTATCTGC,13,0.6648950966280903,negative
AATCGTGCACAAATAG,0,0.9084054623414834,negative
CCTAACCAGACTGGGT,8,0.8808117014833681,singlet
GAACACTTCTGGGAGA,0,0.9540332790868836,negative
GGTTCTCCAGAACTCT,0,0.9556984654424456,negative
AGTAACCAGGAGTATT,0,0.8337564722287303,negative
CGTTAGAGTCAACGCC,0,0.9392949266597974,negative
AGTGCCGCATGGTACT,0,0.8585568287061439,negative
TAAGCACTCAGCTTGA,9,0.9006384408994901,singlet
CATTCATTCTCGTCAC,0,0.8875619613849435,negative
TATCGCCAGGTTGGTG,0,0.8323100967100371,negative
TGAGTCATCGGTTAGT,0,0.9595871885371028,negative
CACCGTTCAGCCATTA,13,0.4207237245148467,negative
AGTACCATCTCCATAT,0,0.8695872022546521,negative
AGACCCGTCGACCAAT,0,0.8026940019254493,negative
TTCCTAATCACCATAG,8,0.9169746677240344,singlet
GTCTACCCACAATCTG,3,0.8378582117363328,singlet
AAATGGATCAGACCGC,2,0.9999962434989724,singlet
CCTGTTGTCTTCGTGC,0,0.955441433549492,negative
CTGAGGCCAAGTACCT,8,0.9445402486803488,singlet
TAATCTCGTGAGTCAG,9,0.8964064190883614,singlet
TGTAAGCGTGTTTGCA,0,0.976547288790514,negative
CTTCCTTAGACAGCGT,13,0.5975449710392778,negative
GTTCTATAGGGAGATA,6,0.926495388740282,singlet
TACTTGTAGTGCTCGC,0,0.9059625044793588,negative
CCATCACAGCTCTGTA,0,0.8819379950737485,negative
CATCGGGGTTGAATCC,13,0.6330173062392236,negative
AGGGAGTCAAGACGAC,0,0.8844367686997281,negative
GCTTCACTCTTGTGCC,0,0.8508828455354905,negative
TCAAGACAGCAGGCTA,9,0.8371880742965292,singlet
TAGATCGCAGATTTCG,0,0.9498654201688518,negative
GGTAATCAGAGCTTTC,13,0.5314491787892256,negative
GGCTTGGGTACCATAC,0,0.8807845487388566,negative
AGTTCGAAGAACAGGA,7,0.9078529321207176,singlet
GTAGGTTCAGTCGCAC,0,0.9404420323157778,negative
CATCGCTGTCGTCGGT,1,0.9038754090240784,singlet
TCCTCGACAAAGGCGT,0,0.9340543268569428,negative
TGGGAGACACGAGGTA,13,0.5463807474170858,negative
AAGCGAGGTACTCAAC,0,0.8823564247583447,negative
GAGTTTGCAGCAGAAC,0,0.9756225189097196,negative
AGATCGTTCGCTTAAG,11,0.8835398064434908,singlet
GTCCACTTCGTTGTAG,7,0.9656727534387892,singlet
TAACTTCCATTCACAG,13,0.471321648505459,negative
TGCATCCTCTGCATGA,4,0.9807544780422858,singlet
AATGACCCACCATAAC,0,0.9004029683430955,negative
CCCGGAAGTCACAGAG,13,0.6297822716547979,negative
TCGGGTGGTTGCATAC,13,0.549916345659123,negative
ACACAGTGTGGACTGA,8,0.999964697484656,singlet
GTTGCTCTCCTAACAG,8,0.9843887167414616,singlet
CCACAAACATTGCTTT,0,0.8862169126896566,negative
GGTGTTAAGGCTCAAG,0,0.8938443255429123,negative
ATCGGCGCAAATGCTC,0,0.8778036038771851,negative
TAGGGTTCACCGTGAC,0,0.8581139203052545,negative
TGAGTCAAGATTGCGG,0,0.8706663662284038,negative
CTGGTCTCACGCCACA,13,0.7398267596618651,negative
CATAAGCTCACTAGCA,11,0.92817618566775,singlet
GGTTAACAGAATAACC,0,0.8325922858469951,negative
TTGAGTGTCGGTTCAA,5,0.9998778141439052,singlet
ACTATGGAGTGCGACA,0,0.9390632925470824,negative
AGCCAATTCATGAGTC,13,0.7701860770549633,negative
GTCACTCAGCTCAGAG,0,0.8805077720082009,negative
TGAGGTTGTGCAATAA,0,0.8712546092086169,negative
TGGTACACAGGTACGA,0,0.973462076013,negative
TCCACCATCATCCTAT,0,0.8923819279148263,negative
AGATAGATCGGCTGAC,0,0.933094765643394,negative
TGGAGAGGTTGCCGCA,0,0.895288706411958,negative
TCATGAGTCCTAAACG,4,0.8993429607762374,singlet
AATGAAGGTTGAGTCT,0,0.8862646111575236,negative
GCACTAATCTAAGCGT,0,0.8785631765573224,negative
CTTACCGAGAAGCGCT,3,0.9510781054273056,singlet
TGTTCTAAGCTGGAGT,8,0.99999999992405,singlet
TCGAACAAGCGGGTTA,0,0.8654974786177092,negative
ATTCAGGCACCAGCGT,0,0.8187161582985155,negative
TATTCCATCTCAACGA,0,0.8166786028432601,negative
TGCGGCACATTACTCT,0,0.9365800603781236,negative
ACCACAACATAGTCAC,0,0.9697649934882904,negative
AAGAACAGTCTTGTCC,13,0.6592363538819599,negative
GTGAGTTTCGGCATTA,13,0.7815866375168868,negative
TTGACCCCAAGACTGG,13,0.7570572058269718,negative
AGTACCAGTGGCGCTT,8,0.8957292669952712,singlet
GAGTGAGAGTCCTGCG,0,0.8593180501829002,negative
AAGCGAGCAACCGATT,2,0.99060970743992,singlet
GCCAGGTGTGTATACC,0,0.8894969063457672,negative
TTCTCTCTCCAAGCAT,0,0.9739591679837206,negative
GCACATACAACTCATG,0,0.9103553472471364,negative
GGAATGGTCTTCTGGC,13,0.662954425690831,negative
CATTGAGGTTCGAGCC,3,0.957538950990913,singlet
CATTCTACACTGCACG,0,0.9405989474004708,negative
CCCTCTCGTCGACGCT,3,0.90603316213854,singlet
CCCGAAGGTTCTCTAT,0,0.8866422011857918,negative
CTACATTGTACAGTTC,0,0.8918070192836486,negative
TGACCCTCACGCTTAA,0,0.9072355637125866,negative
CGAGTGCGTGGACTAG,0,0.8715664535782156,negative
AAGATAGAGAGCAAGA,0,0.9419207289228744,negative
AAGATAGTCTAAGCGT,0,0.8761149843268126,negative
ATTCTACCAACATACC,0,0.887511747815749,negative
AATGACCGTTGTTGTG,0,0.8189563127802246,negative
GCATCTCAGCTTAAGA,10,0.9059176323843556,singlet
AGAAGTATCAGTCACA,3,0.8891220710532136,singlet
AGTACCAGTCCTGGGT,0,0.8658270989110214,negative
CAACAGTTCTGCGGCA,13,0.6855921238045812,negative
GTGGAGAGTAGCACGA,9,0.949036343519216,singlet
TTTATGCCAACGGCTC,0,0.9808572315554211,negative
ATCATTCCATTATGCG,13,0.4763955322134083,negative
TACTTCATCACTGCTC,0,0.8643346427223818,negative
GCCCGAATCCATTCAT,11,0.9198278597330618,singlet
TCGCACTTCATACGGT,0,0.8491655340874535,negative
TCGTAGATCACAGAGG,0,0.9999992046281692,negative
ACCGTTCAGCGGTAGT,0,0.9129517183171432,negative
CCACACTCATGCTGCG,0,0.8795672423712239,negative
ATTGGGTGTAGTCGGA,0,0.8624059158834324,negative
CGGAGAAGTTTAGAGA,0,0.8287015212714174,negative
ATCCACCAGCCGATTT,0,0.8081479207982102,negative
CCACCATAGGGCGAAG,0,0.981060639864946,negative
TACGTCCTCAAAGGTA,0,0.944729453852694,negative
AATGAAGCACGACGCT,7,0.921128266335875,singlet
TCATTACCACGGGTAA,7,0.9819677469031194,singlet
CTCAGAAAGGGTGAGG,0,0.878610702968903,negative
TGTCCACTCCAAGAGG,0,0.8264345631318172,negative
CCTGTTGCATTCATCT,0,0.8902930792469704,negative
TCTACCGTCTTACACT,0,0.8908102492875642,negative
TTCCGGTCAACACTAC,0,0.9406114029331414,negative
GTGTTCCAGTAGGAAG,0,0.8909276324337799,negative
TTGTTCAAGCAGCCTC,0,0.8923977397242817,negative
AGGAGGTGTCTAACGT,2,0.955024030815762,singlet
TAGCACAGTAGCTTGT,0,0.9811314443144524,negative
CACTAAGCAGAGTGAC,0,0.8783780434227461,negative
ACCCTCATCGATTCCC,0,0.8873339241841669,negative
AGCGATTGTCGACTGC,0,0.9053020875102568,negative
ACGTCCTTCTTAATCC,0,0.9782869328236244,negative
GAATCACGTGCAGATG,0,0.9831513677184058,negative
AGTGATCTCGCTATTT,7,0.8989982769015374,singlet
TCAGTTTAGTTGGACG,11,0.8848134974767721,singlet
GTCTAGACACTAGAGG,0,0.8620213160905694,negative
TACTGCCCAGAGTTGG,13,0.7553531930436269,negative
TTCATGTCATGACGTT,0,0.968312348515221,negative
GGTGTTACAGAAGCTG,0,0.8418962587053259,negative
TTCCACGCAGCTACAT,0,0.8997835458881304,negative
CTGTCGTCAGACCTGC,0,0.9450125486844588,negative
ACTATTCTCGCTGTCT,11,0.9376204447290932,singlet
GGTGAAGCACACGTGC,11,0.9225577304599728,singlet
GCAGCTGCATGAATCC,13,0.431224680135455,negative
AACTTCTGTTACGCCG,13,0.7960550361749751,negative
GACCCTTGTGGACAGT,7,0.924883980284318,singlet
GTTAGTGGTTGAATCC,0,0.8913461984338283,negative
GGAAGTGAGCTGTTAC,6,0.903791158215424,singlet
ATCCACCAGCTGTTCA,0,0.8376952151273127,negative
GGGAAGTAGGACGCAT,0,0.9598056280789375,negative
CGTTAGAAGGCCTAAG,0,0.8891914807754667,negative
AAAGGTAGTATTGCCA,0,0.9334477441291807,negative
GTTATGGCAGAATGTA,7,0.8934422935916206,singlet
TCAAGCAAGTGAGGTC,9,0.9999927388038292,singlet
ATCACAGAGGCAGGTT,0,0.8227238637585614,negative
TTCTTGAGTGCCTAAT,0,0.9096565428412228,negative
CCGATGGTCGCCTTGT,0,0.9323097014596116,negative
AAGCGAGCAATCTAGC,5,0.8357878214630735,singlet
CCATAAGGTACGGGAT,0,0.9630633862524524,negative
GTTTACTCAATACCCA,3,0.9380955590044008,singlet
AACCACAAGTCGGCCT,0,0.886594216646788,negative
TCCCACACACAGCTGC,13,0.7568035638759412,negative
TTACGTTAGCCTATTG,9,0.9999793415223994,singlet
GAGTCATGTGCGGATA,0,0.9229654023196212,negative
TAGACTGTCAGCTTGA,0,0.8652206043362114,negative
TTTCCTCTCACCCTGT,0,0.9738228849039908,negative
ATTCCCGTCTGCGATA,0,0.9325826020468436,negative
TGTTCTAGTTGCTCAA,6,0.8617450767550252,singlet
ATGTCTTAGACGGTTG,0,1.0,negative
CATTGTTGTTGCCAAT,1,0.9999560577372516,singlet
CTGAATGCAGGGAATC,0,0.8605149425082989,negative
TCACGGGAGCGCTGAA,6,0.8825226022262507,singlet
TGAGGAGGTCATAGTC,0,0.9319617380348202,negative
CGATGGCTCATGCATG,0,0.8899882761028756,negative
AATGGAAAGAGCCGAT,0,0.946638492645497,negative
GGAATGGAGCGCCTAC,0,0.8906328944361246,negative
TGATTTCCAAGTTGGG,0,0.8827241097971774,negative
CCTACGTCAGGTGACA,0,0.9757718625095624,negative
TTAGTCTAGCCAGAGT,9,0.9999756640977872,singlet
GTGTCCTAGGGCATGT,0,0.9996370658877364,negative
AGGTTACCAGGATGAC,0,0.9274470404468572,negative
GACAGCCGTCCGGTCA,13,0.7553182760812688,negative
TCTGGCTTCTGTCGCT,0,0.95159407426219,negative
CTCACTGGTGTCATCA,0,0.9152774257826494,negative
CGTTAGAAGCCGATAG,0,0.8817079271225059,negative
GCATTAGTCCTCGATC,0,0.977049554386308,negative
GTGGAAGCAAGCACAG,13,0.6063837042635247,negative
CACGAATGTGTGACCC,7,0.8830159346406131,singlet
AGGTTGTAGATGGCGT,0,0.9456515146482866,negative
TTGAGTGTCGCTTGAA,13,0.5914058602095399,negative
CCTAAGAGTGAGCTCC,0,0.80239230154653,negative
AGAGCAGGTGTGTGGA,13,0.5972734514749066,negative
AGCCAGCGTCTGTCAA,0,0.8789367758219073,negative
CTATCCGCACCAATTG,0,0.8393705783719805,negative
TCAGGGCAGAGGTCAC,0,0.9769119918386672,negative
TACTTGTAGAGTCAGC,0,0.88813506146953,negative
TAGACTGTCGGCCCAA,2,0.9412417980962036,singlet
CATCGCTAGCGTTGTT,0,0.9781063744168548,negative
ACGTAACTCTATTGTC,10,0.999652915867456,singlet
TCAAGTGCAGGACTTT,0,0.998803959573139,negative
TTCATTGTCTAAGCCA,0,0.9857563676603514,negative
CTAAGTGTCCGCTTAC,0,0.8751315686975653,negative
ATTCTTGGTAGCGCTC,0,0.9562178254067272,negative
TGTTCCGGTCATTCCC,0,0.8742758152244473,negative
AGTTCCCGTTCTCCCA,13,0.7379404818161561,negative
AAATGGAAGGGTGGGA,0,0.8773583356104426,negative
TCCTCGAAGCGCCGTT,9,0.999992813444988,singlet
CGGAGAAGTTCTCGTC,13,0.7648064516596036,negative
CTAGACATCATGGGAG,0,0.9592794349693096,negative
TGCAGATTCTAACGCA,0,0.8685891148425885,negative
ATCACTTGTTGCATCA,0,0.8641863302051768,negative
TTGAACGTCGAACTCA,13,0.5561170684646877,negative
GTTGTGACAGGAATCG,0,1.0,negative
CCTACGTAGGGCAAGG,0,0.9141284945719044,negative
GTCGTAAGTGTCGCTG,0,0.862987375156139,negative
CTCATTAGTGGAGAAA,13,0.7304644716128482,negative
CACCGTTTCCCTCAAC,0,0.937497681192094,negative
TAAGCACTCCGGTAGC,13,0.4692006430140185,negative
ACATTTCGTGCGACAA,6,0.9143474391706174,singlet
AGAAGCGAGAGCTGCA,0,0.9217117208166402,negative
CTTGATTAGATTGGGC,0,0.9044124712370912,negative
GGGTTTATCGCATGAT,0,0.8778394814105243,negative
TTTCAGTGTTCATCGA,9,0.9924280836431296,singlet
GCCGATGGTGTTTGCA,5,0.878429190989419,singlet
GGAGGATGTGAGTAAT,0,0.8840754621700977,negative
ATTTCACCAGCTTTCC,7,0.8080692621786875,singlet
CGATCGGCATGCACTA,13,0.6335119011390478,negative
CGAGAAGGTTGTGGAG,0,0.8858466437985858,negative
ATGAGGGAGTGGAAAG,13,0.6680222198768719,negative
GCATCGGTCTCATTTG,0,0.9631073274563032,negative
CTACCTGTCCAGTTCC,11,0.8888960012723033,singlet
AACAGGGCAGATGCGA,0,0.9233459938237804,negative
AATGGCTAGACTTAAG,10,0.8229783293767288,singlet
TCGCACTCAGCAGATG,13,0.7400451847945362,negative
AGCGCCATCGTAGCCG,0,0.8799700104375046,negative
ACACCAACACGCGTGT,13,0.7139678519657016,negative
CATTCCGAGACGCCAA,0,0.8877446725291365,negative
GACCCAGAGTGATTCC,0,0.9512015239449366,negative
AGTCATGCAATTGCTG,0,0.9802924477553292,negative
GTGATGTGTAGAAACT,0,0.8858895826955963,negative
TTGCTGCAGGCTAAAT,0,1.0,negative
TCATGTTGTACTCAAC,8,0.8918695301346871,singlet
CACTGGGAGACCATAA,0,0.8586029599640996,negative
ATGGGAGCATGTGCCG,0,0.8776584895007447,negative
TGATGGTTCGAAGCAG,12,0.9239451143473504,doublet
GTAAGTCAGGAAGTCC,13,0.652136305395015,negative
GAGAAATGTCTGTCCT,8,0.9315727508506876,singlet
CGTGAATGTCCACACG,0,0.8977130744797744,negative
ATTATCCGTGAGATAT,13,0.7692399729542216,negative
AACAGGGAGTCATACC,0,0.9179089516625684,negative
CACATGATCCATTTGT,5,0.9997885265327244,singlet
TCTGGCTTCCTAAACG,0,0.8810151124617394,negative
CTGTCGTTCAGCCCAG,0,0.8528545746689752,negative
GTGCAGCAGCACCAGA,13,0.7009769726604149,negative
TTACGTTCATAATGCC,0,0.8961505040690477,negative
TGGAACTTCTTGCAGA,0,0.8372470038281914,negative
CGTTAGAAGCAACCAG,6,0.9995727793133576,singlet
AGGAATAAGGTGCAGT,0,0.8644861994762363,negative
CTCCGATAGCCGTTAT,0,0.927792385650164,negative
TACATTCAGTCTTGGT,13,0.7592941338492927,negative
ACGATCAAGTTCTACG,0,0.9212238722405172,negative
ACGGTCGCAAAGTATG,0,0.8620799555197186,negative
CAGATTGTCACCTGTC,11,0.914190095143333,singlet
CGGGTGTGTAGACACG,0,0.883755972876261,negative
TTGCTGCTCGTGCTCT,0,0.864467574375368,negative
CACACAACAATCCTAG,0,0.8102609112089945,negative
CACTGAAGTAACCCGC,0,0.8611999752077115,negative
TGTAACGTCGGAATTC,0,0.8936566471999564,negative
TCATGAGAGCCTTTCC,13,0.5110516368313334,negative
CCTCCTCAGGTAGCAC,0,0.944819522623973,negative
GATGATCGTAATACCC,0,0.8580445576877851,negative
TCTGCCAGTCGCACAC,0,0.8594665626825175,negative
AACGGGACAAATAAGC,0,0.8279883375334071,negative
CCTTGTGTCTGGGATT,0,0.9084209090900408,negative
GTGCTTCGTTCTCTAT,0,0.8535022679576485,negative
TCATGGAGTTTGGGTT,0,0.9085735837281822,negative
ATGCCTCTCTGCTTTA,0,0.952590598531956,negative
GGGTGTCTCTTCGGTC,13,0.7474925125267493,negative
ACAGGGACAGAGGCAT,0,0.904098714299866,negative
TTGGGCGAGTGGTGAC,13,0.5891598127103863,negative
AACAACCGTTTCGTGA,13,0.7198869791993836,negative
AAATGGAAGATCGACG,7,0.9082188124079515,singlet
TGCATCCAGGCACGAT,0,0.830889907410634,negative
TGGAGGAGTCACCCTT,0,0.9822805484212712,negative
CATTCCGGTACTAAGA,13,0.7545775459452845,negative
CTCAGGGTCTTCGACC,0,0.8676017221350226,negative
TCGTGCTAGCAGTAAT,7,0.914669756918832,singlet
TATCTGTTCAACACCA,0,0.8723295127137628,negative
TGATGGTTCACGACTA,0,0.910572323559101,negative
AGATAGAAGTTACTCG,0,0.8859854138635793,negative
CCTTTGGGTTAAACAG,0,0.99978349064598,negative
ATCTTCATCTTCACGC,11,0.9991661710141576,singlet
ACCAAACGTGCACAAG,7,0.8282152345014976,singlet
CGGGTCATCTTTGATC,0,0.9838435564176964,negative
TTTACCATCGAGGCAA,0,0.9999936943523564,negative
GTCTTTAAGGGCAGAG,0,0.8704993486546139,negative
TCTTCCTCAAGGTTGG,0,0.8893158804765385,negative
GTAATGCCATAATGAG,0,0.8702113924975255,negative
CTTCCGACACCGTCGA,0,0.8896328115905706,negative
GATGGAGAGATGTAGT,9,0.9016047315514056,singlet
CACCAAAGTTCTGACA,0,0.8172991253871904,negative
CGATCGGGTTGGAGGT,0,0.9061621575932666,negative
ACCCTTGCATGGGTCC,1,0.8591777463753436,singlet
CTATCTAGTCAAAGCG,0,0.8498559772653798,negative
ATAGAGACAGCAGACA,0,0.9171252984162211,negative
TCCCATGCACTGTTCC,0,0.8203669381910004,negative
TTGTGGAGTATCCCTC,0,0.999989585386044,negative
TCTCAGCTCATTCCTA,0,0.8781590878999584,negative
CCGATCTCATGGCCCA,13,0.5518127983948525,negative
CGAGAAGTCGTTCTAT,11,0.9999999467733756,singlet
CTACATTCATCAGTCA,1,0.9005361978173717,singlet
AGGTAGGGTTTAGAGA,6,0.89855246268322,singlet
GCGTGCAGTCATCTAG,4,0.8385836807898805,singlet
ATCACGAAGCCTAACT,2,0.9997655461020368,singlet
TGTTCTAAGTGCCGAA,13,0.7324686902812637,negative
CATACTTAGTCACGCC,0,0.8609571533154875,negative
ACCGTTCTCAGGTAAA,8,0.9688510040382324,singlet
GTACAGTAGCCATGCC,13,0.570025248320742,negative
GCCGATGAGTAGTGCG,13,0.7990978265779086,negative
TCACAAGAGATTTGCC,0,0.9185695446674456,negative
CGAGGAAGTTTCGTAG,0,0.8751427245891257,negative
TCTGCCAGTCACAATC,0,0.978360571005366,negative
TTCATTGCACATACTG,0,0.8806513085479034,negative
ATCTCTACAGTCGAGA,13,0.7869623541456905,negative
CATGAGTCACGCCAGT,0,0.8858306983922307,negative
CCGGTAGGTGGTACAG,0,0.935520435620314,negative
TGCGGCATCGGAAGGT,0,0.8722495159957931,negative
ATGGGAGTCACCGCTT,0,0.8086754251214636,negative
TCACTATCAGTAGTGG,13,0.681214578811236,negative
TGTTCTAAGCTCAGAG,0,1.0,negative
TGAGTCATCAGATTGC,0,0.8879646356053936,negative
TACACCCCAGTCGGTC,0,0.9206148270455942,negative
GAACTGTCAGCGACCT,13,0.6085595710735665,negative
CTTCCGATCGACCACG,0,0.883183705616881,negative
TATACCTCATCGGAAG,0,0.9218038809607484,negative
TCAGCCTGTCCTTAAG,3,0.885011764570037,singlet
CCCGGAAGTGCCCAGT,0,0.877251721495243,negative
AGGGTGACACCAACAT,0,0.8854703005962083,negative
CTCCATGGTATGAGAT,2,0.8782471337041254,singlet
AAGCATCAGACCACGA,0,0.9574253402798149,negative
GGAGGTATCGTAGTGT,0,0.8824644979259001,negative
CCCAACTGTGAGTCAG,7,0.9401757586205768,singlet
CTCAACCTCGCTGTTC,0,0.916613585020344,negative
ATACCTTAGGCTGTAG,0,0.8891488833021394,negative
TCCTCTTCAATCCTTT,0,0.9693578528550671,negative
AGCTTCCTCCCAGGCA,4,0.9453882574852044,singlet
CATGCAAAGGTTACAA,0,0.8914765042232309,negative
CTGCAGGGTCCTGGTG,0,0.8127655334060063,negative
TCCTCCCGTCGTATGT,0,0.8816668879632444,negative
TGGGAGACAAATCGGG,0,0.9769760363658354,negative
CACTGTCTCATCGTAG,9,0.8994185052814986,singlet
GACGCTGTCTGCTAGA,0,0.9158950588566864,negative
TCGCACTTCACCATGA,13,0.688301640316095,negative
ATTCTTGGTAGTGGCA,0,0.9437104412298254,negative
TACGGTAGTTCCCAAA,11,0.8823257709249528,singlet
TTACGCCGTTGAATCC,0,0.9606937353096904,negative
GGGCTACAGAAGAACG,0,0.8875390213276064,negative
ATTCATCAGCGGTAAC,0,0.8508534891999252,negative
TCTGCCAGTAGTACGG,0,0.8665837059912807,negative
TCACACCAGCATCCCG,0,1.0,negative
CTCAAGATCCACAGCG,13,0.4686915366868173,negative
ACTTAGGTCTGGGCAC,0,0.943548255744813,negative
CGTTCTGCAACGTATC,0,0.963704798646684,negative
TATCAGGAGGAGATAG,3,0.8524839261002729,singlet
GGAGGTACAAGAGAGA,0,0.8766288815908735,negative
GTCAAGTTCAATCTTC,7,0.9399983772633466,singlet
ATTCATCGTAGCTTAC,0,0.9625513486364826,negative
AATCGACTCATTACGG,13,0.7381514854556128,negative
CCCTCTCCAGCAGGAT,0,0.8654969192926264,negative
TGATGCATCATCTCTA,13,0.762896305427499,negative
GCCAGCATCGTCCATC,13,0.6562378106723606,negative
CCGCAAGTCTACTCAT,9,0.9996556090380035,singlet
GCCTGTTCACCCTCTA,13,0.6265495694756011,negative
ACCATTTTCTAGTTCT,0,0.8279831894012127,negative
GTAATGCGTTCGCGTG,9,0.8908269979137231,singlet
TTACAGGCAGTAACGG,0,0.9166156930944632,negative
TTGCGTCGTGATACCT,0,0.9802851354688968,negative
TGTACAGGTCTACTGA,0,0.947314185260738,negative
GGGTATTCAGCTATAC,0,0.8757221263711061,negative
CACAGATTCCGGACTG,0,0.8120922218963352,negative
GTCTACCGTTCTTGCC,0,0.8581750727892961,negative
CAAAGAAGTCAAATCC,0,0.9128189051080068,negative
CTCATGCGTTACGTAC,0,0.9720401779357986,negative
TCAAGTGCAGTCAACT,0,0.8391087830294928,negative
TGAACGTAGACCATTC,0,0.9140641616331868,negative
CCGGTAGCATTGCTTT,0,0.8462536349563617,negative
CTTCCGACAGCAGTGA,0,0.9802969008094196,negative
CCTAAGAGTTCCAGGC,0,0.8417504706631214,negative
GATGAGGTCGATACTG,13,0.7863766783493167,negative
AGATGAACAAAGGTTA,13,0.7238115576116796,negative
TCGCTCAGTCCATACA,13,0.4746257840053227,negative
ATGAAAGCATCACAGT,0,0.8715311750671931,negative
TAAGCACCACGCCACA,0,0.9476490329484072,negative
TGCCGAGAGGAGAATG,0,0.8874749897521096,negative
GAATCACCATCCTTCG,0,0.8579016599954673,negative
GAAACCTGTGCCTATA,0,0.9568051937471308,negative
AAAGAACAGCAGATAT,0,0.8658508430722883,negative
TCCTCCCGTGACCGTC,9,0.8996909499847825,singlet
CTTCAATGTTAGAGTA,0,0.8929147187006976,negative
GGAGGTAGTAGAGACC,0,0.9044001166352638,negative
CATTGTTTCTTCCGTG,0,0.984478207250044,negative
TCATACTGTCCTCAGG,0,0.9136696630335936,negative
TAGGGTTCAGCTACTA,0,0.939561223172642,negative
CAATCGAAGTGCAAAT,0,0.9056651472587156,negative
TTCCGGTAGAGGTCAC,0,1.0,negative
CCCGGAATCTCAGGCG,0,0.9833085368131472,negative
CTCCAACCAGCGAACA,13,0.5417190463185313,negative
TCCCACACACGTCGGT,0,0.977237687012644,negative
GTTGCTCTCGGTTCAA,5,0.9586105897709888,singlet
AATGACCTCTACACAG,0,0.8722947138169569,negative
CTACATTTCGGTCTAA,0,0.8846218820273866,negative
ATCCACCCAGTTAGGG,13,0.5583065610664655,negative
CTCCACAGTAGAAACT,0,0.8426079747021169,negative
CCCGGAAGTTGCGTAT,2,0.9624502010888912,singlet
TGGCGTGCATCTTAGG,0,0.8808957575797284,negative
CTCTCGAGTGGACCAA,0,0.9997911749695712,negative
ATACTTCTCTACAGGT,0,0.8869724769282764,negative
GCCAGCACAAGTGCTT,0,0.9431143433063208,negative
GACCTTCCATCCGTTC,0,1.0,negative
ATTCATCGTCACTACA,0,0.8500121637656929,negative
CTACCTGTCCACACAA,13,0.5438488355328188,negative
ATTGGGTAGAGCCGTA,0,0.8519068201171477,negative
ACTGTCCGTTCAGCGC,0,0.931039229111816,negative
TCATCATCATCCTTCG,0,0.890858944563523,negative
TCGCACTTCTACGCGG,8,0.9771896890032192,singlet
AGGTTACTCGTTGTAG,0,0.9852456693225164,negative
TTCTAACCATGGCGCT,0,0.8823083470417648,negative
ATTACTCGTCTACGAT,0,0.967933560742728,negative
GGGTTTATCAAGGAGC,0,0.9711175787606836,negative
GGGAAGTAGGAATCGC,0,0.8725844542669074,negative
TGCAGTATCACCTTAT,0,0.8923618705644694,negative
ACTGATGGTCTTCCGT,1,0.8005176260998943,singlet
GCAGCCACAAGTGGGT,0,0.863113959675067,negative
GGGCGTTAGGCGTTGA,0,0.9396075986618052,negative
GACGTTAGTGTATACC,0,0.984852794763352,negative
CTCTCGAGTGAGAGGG,0,0.9044562068148484,negative
CATGGATAGATGCCGA,0,0.8871857132564424,negative
GGGACCTGTTAACCTG,0,0.8736799999436479,negative
GATGCTAGTGGGAGAG,0,0.9998186932040856,negative
TCAAGTGGTGTTTCTT,13,0.7485672474893494,negative
AGTTCGAAGTAGTCAA,0,0.8108099934644937,negative
TTTACCATCCAGTACA,0,0.8795948028425031,negative
AAAGGTAGTTCAAAGA,13,0.6982607273671282,negative
AGCGTCGTCGTAGCTA,0,1.0,negative
AACGGGAAGCATCCTA,13,0.7528868730107542,negative
GGGTATTGTACTCAAC,0,0.913138498262036,negative
CGTGTCTCAACGTTAC,0,0.8843071808769237,negative
AGGCCACGTATCGTGT,0,0.9119291467677594,negative
TAGTGCAAGTCTAGCT,0,0.8897256314923285,negative
ATGCATGCATACCGTA,7,0.9173039770677678,singlet
CTGTACCCAGATCCAT,0,0.8319817260529961,negative
ATTATCCGTGTGTCGC,13,0.347020305282784,negative
TGGGTTATCACTCGAA,0,0.9825073599641962,negative
TATGTTCGTCCTCCTA,0,0.8479609684707802,negative
GCCAGGTTCACAACCA,0,0.8842775887177611,negative
CAATACGGTGGATCGA,0,0.8287778580078982,negative
TGTTCTAAGCAACCAG,6,0.9998622138460022,singlet
ACTCCCAAGACCATAA,0,0.9226938009055916,negative
GCGAGAAAGACCATGG,0,0.8969701417634237,negative
CAATACGGTTCACCGG,0,0.8877104899991715,negative
GGGCTCAAGCGAACTG,0,0.839192797301747,negative
CCTCAGTGTAGGCAGT,13,0.4794747532037055,negative
TTACGCCCATACATCG,9,0.9507816511141725,singlet
TTTCATGAGAACTTCC,0,0.8703602131927806,negative
GATAGAATCTTCTTCC,0,0.909215461299356,negative
GAGACCCCATCGATCA,0,0.8709311415448906,negative
ACCCAAAGTTCCACAA,5,0.9065616854247496,singlet
CTCATCGCATCTGTTT,0,0.8546722289830433,negative
TCATGGAAGTGATGGC,13,0.4492802216795843,negative
ATAGACCTCGTGGACC,0,0.9999384348139072,negative
CTGTGAACATCGAAGG,0,0.8874371857285316,negative
CAGAGCCCATTACGGT,0,0.9996185310830684,negative
CTCATTACACTAGAGG,0,0.9238543896723508,negative
TAAGCGTCACAAATCC,0,0.9454412431523006,negative
TTTCACACAGTCTTCC,0,0.8931115276068754,negative
ATTTCTGTCCCTTCCC,0,0.8785805376901749,negative
GAGTTGTGTCCTCATC,0,0.9440059522726014,negative
TCGAAGTTCGCATAGT,0,0.868380022722332,negative
CTCAATTTCAGTCAGT,0,0.833595877507393,negative
GGGCTCAGTAGAATAC,0,0.8484911854206983,negative
CTCCCAACAGGACAGT,13,0.7192656006638852,negative
CTCAACCTCACTTCTA,5,0.999636809312412,singlet
AAAGGATCACGTACAT,0,0.8838948374865859,negative
ACTACGACATTCTCCG,0,0.957476511265148,negative
AGAACCTTCGATGCAT,0,0.8783839153064794,negative
GGAACCCGTGTGATGG,0,0.8771729151183801,negative
ACGCACGGTGAGTCAG,0,0.8844999542761535,negative
GTCACTCGTGTATTCG,0,0.9753914839324104,negative
CCGAACGAGGTCGTAG,0,0.8781036130417325,negative
CCGGTAGTCGTCGGGT,0,0.946832214291939,negative
GCTTCACGTCTTTATC,0,0.96655746506266,negative
GCTACAAGTGACCTGC,0,0.9213849641581188,negative
TTGCCTGGTTCTTCAT,0,0.986110264984144,negative
TTTCAGTAGTGCTCAT,0,0.9844062416978548,negative
TGAGTCACACAGAGCA,0,0.9999994303487092,negative
TCGATTTGTGAGATCG,7,0.9966777726727312,singlet
TGGTACAGTCGCTCGA,13,0.529344005386141,negative
AAGCCATCAACCCTAA,0,0.8758212724532654,negative
AAATGGACAAACGGCA,3,0.8535083724095232,singlet
GATTCGATCCAGCAAT,0,0.9999482835420752,negative
CGATCGGAGCGGATCA,0,0.9744592168339264,negative
TCTCCGAGTCTTCGAA,0,0.96865664376519,negative
TATACCTTCCTTCGAC,9,0.9221105371487466,singlet
ATTACTCAGGCATCGA,11,0.9999836283107076,singlet
CTACATTAGGGCTAAC,0,0.8858948204100406,negative
GCGTTTCCACACCGAC,0,0.9999991133521192,negative
ACATCCCTCTCGGTCT,1,0.8487309438890983,singlet
TCTTCCTCATATAGCC,0,0.9659644016533806,negative
ACCGTTCCATGAAGGC,0,0.8702511728354582,negative
GTTTGGACACGTAGAG,9,0.900781015069885,singlet
ATGCATGCATATTCGG,0,1.0,negative
CTGTGGGCACCCTCTA,0,0.9152327513030905,negative
TCGTGGGTCTTGGATG,0,0.9019966456687816,negative
GTGATGTAGTGGACTG,0,0.9999518651877596,negative
AGCCAATCATATCTCT,0,0.8756113503957957,negative
TCATTTGGTTCAGCGC,0,0.9774746010959358,negative
ATTATCCGTGTTATCG,1,0.9563750395961262,singlet
TGAGGGATCTTGGCTC,0,0.974449902291943,negative
CGAAGGAGTGCCTTCT,13,0.7458910726809205,negative
TGGGTTACAACGCATT,0,0.8877460852623211,negative
CGTGTCTGTAGGGTAC,5,0.9394243426813748,singlet
GGGTTATGTTCAAGGG,0,0.9160066569825132,negative
CAATCGACAAGTCCAT,0,0.8719666090291475,negative
ACACAGTAGGATCATA,0,0.9419132855610132,negative
AGGACGACAAAGACTA,0,0.964215032944084,negative
TCACATTGTAGAATAC,0,0.8387859711852748,negative
CTATAGGCAATGTCAC,0,0.9548000513449338,negative
GTTAGACTCGCACGGT,5,0.8847275992397102,singlet
TTGTTTGCATTGTACG,13,0.6424140858140055,negative
ACGATCAGTATAGCTC,0,0.8866597868275868,negative
GACCCTTTCACGGGCT,0,0.9522361554893952,negative
AACGGGATCATTTCGT,0,0.8696239887811623,negative
TCCTAATAGGAAACGA,11,0.8504178351854567,singlet
GACATCAAGTAAACAC,13,0.751224967833748,negative
CATTCATTCTTGATTC,0,0.9999480492138996,negative
ATATCCTTCATAAGGA,0,0.9815384002371512,negative
ACGATCATCACTTGGA,0,0.956342825853046,negative
AGGCCACTCTGCTCTG,0,0.9826506275712074,negative
CATTCATTCACCTCAC,0,0.9812846107491964,negative
ACGGTTAAGTCGGCCT,13,0.7524391759388139,negative
CGTAGTAAGCAAGCCA,13,0.6755934155847549,negative
GGGCGTTAGCGTTGTT,0,0.982543483997852,negative
GTGCTGGGTTGCTGAT,0,0.9772731924767616,negative
TATATCCGTGATAGTA,7,0.9065100424103614,singlet
GATAGCTAGCTATCCA,0,0.9998957852608172,negative
CGAGAAGTCGACCAAT,13,0.5040437064312877,negative
AACCCAAGTGCAACGA,0,0.8214905631507139,negative
CATAGACAGACCAGCA,0,0.9134443992739862,negative
CTTGAGAAGTTTGTCG,0,0.9695517325515473,negative
CAGATTGCACCTATCC,0,0.9267248076204784,negative
TTGCCTGCAGTGACCC,0,0.8848455020546151,negative
CTCATGCGTTCTCCCA,13,0.6526212247968893,negative
GCCCAGACAAGGTCAG,0,0.8957367389765664,negative
CAGATACGTATTTCCT,0,0.9568252058256714,negative
ATGAAAGCAGCTGTTA,0,0.8789926917935089,negative
GGCTGTGTCTGGCCAG,0,0.9997198119759836,negative
AGCTTCCCACGCTTAA,0,0.9125085751084442,negative
AACCCAAAGCATGATA,13,0.5025330343346419,negative
CTTTCAATCGATGCAT,0,0.905569338334382,negative
GACTTCCCATAACCCA,0,0.9590498580253024,negative
TCAATTCCAATCGCCG,0,0.9489219121973564,negative
ACAAAGACATTGAAAG,0,0.8413975796294225,negative
GATGTTGGTATGGTAA,5,0.9976543279356744,singlet
AGGGTTTAGCGATGAC,0,0.8408920833671362,negative
AATTCCTCATCGAAGG,0,0.9381781821053836,negative
AAATGGAAGGTGAGAA,13,0.717458866354681,negative
AATGAAGGTATACGGG,0,0.8877130620875817,negative
ATCCATTTCTTCTGGC,0,0.8763407418995822,negative
AGGCTGCGTGTTTACG,0,0.8198107479575613,negative
CTACCCATCAATCCAG,13,0.7985717020551023,negative
TGGATGTAGCTCCATA,0,0.906348944106574,negative
TGTTCTATCAGAGTTC,0,0.9999339314095016,negative
GCACTAACACGTAACT,7,0.9101589829518896,singlet
TATACCTCACCAACAT,0,0.9132520306934664,negative
TCGCTCAGTCTACGAT,0,0.8755235029468286,negative
TAACTTCGTGCCCACA,0,0.9830340726977456,negative
GGTCTGGTCAGCGTCG,0,0.9311593113893016,negative
TTACAGGAGCTCAGAG,9,0.903320084657756,singlet
ACTTATCGTTGGCCTG,13,0.4544556193122863,negative
TAGGTACGTGACTAAA,13,0.7283057562985092,negative
TTCTAACAGTGCGCTC,0,0.8926471095790321,negative
GCATCGGGTTAGAAAC,0,0.90359583212027,negative
AGTCATGCACCAACAT,0,0.8881160701777149,negative
ACGTTCCGTGTGTGTT,13,0.7824816213775723,negative
GACGTTACAGTCGAGA,13,0.7636145839912968,negative
GTCACTCAGTGCCGAA,7,0.9652638379040602,singlet
TGGATGTGTACAAGCG,0,0.9375309911966964,negative
CTGCGAGCACCGTGCA,13,0.6401891570291295,negative
GCTGCAGGTAAGGCCA,0,0.9556055881791152,negative
ACCCTTGGTGTACATC,0,0.9477147095445646,negative
CTTGAGACAATAACGA,0,0.8909381930575221,negative
AACGTCACAGAACTTC,0,1.0,negative
CTCTGGTTCACTAGCA,0,0.9811567626112804,negative
AACAAAGAGTTGTCAC,0,0.9033990913376112,negative
AGCCACGAGGGCATGT,11,0.80238645425626,singlet
ATTCATCAGGTGCGAT,0,0.8805973989581505,negative
CTCCCTCTCTCATAGG,0,0.9476055071637584,negative
TCCCACACAAAGCTCT,0,0.9809383659417265,negative
AGTGTTGCATACTGAC,0,0.9999272579242406,negative
AGAGAATTCTATTGTC,0,0.9772416031419672,negative
GTTGAACGTTAAGCAA,0,0.9999854594481452,negative
TTGGGTATCGTTCCCA,0,0.8796085449300534,negative
AGACACTGTTAGGCTT,0,0.872168415925476,negative
CAATGACTCATGCAGT,0,0.8988263914349038,negative
AGTAGCTCAGTAGGAC,0,0.8541335474289632,negative
ATTACTCTCGCCTAGG,0,1.0,negative
GAGGCCTAGGTTGGAC,13,0.7290059845948473,negative
TTGCTGCAGGGCGAAG,0,1.0,negative
CATCCGTAGCGAATGC,0,0.9661436963531796,negative
GGGACTCTCGGCTCTT,0,0.9842106943670292,negative
ACATGCATCAGAGTGG,13,0.5872636608477213,negative
AACCTGAGTCACTACA,0,0.917028914754427,negative
GAGCTGCCAGCTTCCT,0,0.9431861759488968,negative
TGTAAGCCAACCAGAG,0,0.9582837415902704,negative
GCTCAAATCACTCGAA,0,0.9999287632066476,negative
CGGGTGTGTCCTCAGG,0,0.9378502147422778,negative
GTGAGTTTCTGGCCTT,0,0.8910575193559013,negative
CTCACTGGTCGTGGAA,0,0.8894494731540796,negative
ATGGAGGGTACCTTCC,0,0.8531910681788372,negative
TTACAGGTCTTCCACG,0,0.8830177220419205,negative
CATGAGTGTTGACTAC,13,0.5498344670706734,negative
CCACCATCACAGTGTT,13,0.7123016891300828,negative
TGGTGATGTTCTGACA,0,0.9111606119221178,negative
AGTGCCGCATCTCGTC,0,0.8628619206696444,negative
TATCGCCCACAGCTTA,0,0.8949691753205905,negative
CCGGTGAAGGGTTAGC,8,0.9272514642018964,singlet
CATTCATAGATGGCGT,0,0.9686287264104838,negative
AGCCACGCATCGTCCT,13,0.7015954248057773,negative
TATTTCGCACGACGCT,0,0.8780225975620813,negative
TCAATTCTCTGAATCG,13,0.7282796861481289,negative
CTTACCGGTGGAAATT,0,0.9583203670423616,negative
TGATCTTGTTCGATTG,0,0.8118189213303869,negative
AACCTGAGTTTCAGAC,0,0.9412058585951476,negative
CTGAGCGAGATCACCT,0,0.9570128577815148,negative
CCGATCTAGGGACCAT,0,0.8900558213745378,negative
TGTAGACAGGATCACG,3,0.9017072994973574,singlet
CGGGTCATCCATAGAC,0,0.879597673674031,negative
AGACACTTCCGAGTGC,0,0.9698310771956836,negative
ATGCCTCGTCTAGTGT,0,0.8891551315094797,negative
GCAGGCTGTGAGAACC,0,0.8947931764687022,negative
GTATTTCCACGGCCAT,0,0.8894049200387733,negative
ACCTGAAGTCCCACGA,0,0.9548346426045944,negative
TATATCCCAGGCGAAT,0,0.9769233379407888,negative
CGTAGTAAGCCTCTCT,0,0.9861183039558746,negative
AACAGGGTCAAGAATG,0,0.9481993194146816,negative
CGAGTTAGTATCTCTT,0,0.9659443954042404,negative
AGGTTACCATGGCACC,0,0.9834505423624408,negative
TTCTTCCAGAATACAC,0,1.0,negative
TCATTTGCACGATTCA,0,0.9677330641551908,negative
GGGCGTTAGACGGTTG,0,0.9689887268809432,negative
CACTGGGTCCTCTTTC,0,0.9998509793331678,negative
ACAGAAAAGGATACGC,0,0.950737996540686,negative
TTCCAATTCGAGATGG,0,0.9152973046795466,negative
ACTATCTCAACTGATC,0,0.9828395240825504,negative
GTGCTTCGTTAGGACG,0,0.8068997952490597,negative
TTCCGGTAGAAGCGCT,0,0.8850135229172437,negative
CATTCTATCCTAACAG,8,0.861448341172342,singlet
GATTCGATCACCTCGT,0,0.9004564802697257,negative
CGTAGTAAGACGACGT,0,1.0,negative
CCCGAAGTCGTTCTAT,11,0.9999909358524364,singlet
TGACAGTAGTAACCGG,0,0.9999931484062043,negative
TTCCGGTAGCCATGCC,0,1.0,negative
TGCATGACAGATACCT,0,0.9312603515431642,negative
ACAAAGAGTTAGTCGT,0,0.9768836285302944,negative
AGCCACGTCAGCGCGT,0,0.9604501165659084,negative
AGTTCGAGTAGACAAT,0,0.9261788098125668,negative
AGGGCCTTCATCTGTT,0,0.9246778529952444,negative
CGTGAATGTTGAGGAC,13,0.742830583211456,negative
TGTCAGAGTATCCTTT,0,0.9750918501260528,negative
TCCACGTCATGATGCT,0,0.90553368484804,negative
GGCACGTCACTCCACT,0,1.0,negative
AAAGTGAAGACGACGT,0,1.0,negative
TCGCTCAAGTGTGTTC,0,0.9697108025944244,negative
AACCCAAGTTCCTAAG,13,0.5929356131166705,negative
CCCGAAGTCCCAAGCG,0,1.0,negative
ATCACGAAGCGTCTCG,0,0.9814749652204016,negative
GATTGGTGTTTACCTT,0,0.9998510909807874,negative
ACCGTTCAGGTAAGTT,0,0.9055600156381524,negative
GTCACTCGTTGGATCT,0,0.9304588087811184,negative
TCCGGGAGTCACTTCC,0,0.9981708214277284,negative
AGCCACGGTTGGACTT,0,1.0,negative
GGGTGTCCAGCACCCA,0,0.9752102368146996,negative
CATTCTAGTCGCATTA,0,1.0,negative
CTGCCTAAGGGCGAAG,0,1.0,negative
ACAACCAAGGGCGAAG,0,1.0,negative
GATCAGTTCGGCTTCT,11,0.975551697693612,singlet
TTAGTCTTCTCCTGAC,0,0.9999256825053368,negative
ATCATTCTCGAGTGGA,0,0.9568283071864768,negative
GTTGTGACAGGTGTGA,0,1.0,negative
CAGCAATAGAAGCGCT,0,0.9774806698330044,negative
AATCACGAGCATCGAG,0,0.8891157002080285,negative
GGTTCTCGTCGCGTCA,0,1.0,negative
ACCGTTCAGTGAGGTC,0,0.9764926203925064,negative
ACCTGAAAGCCGATAG,0,1.0,negative
CATGCAACAGCTTCGG,0,1.0,negative
CACAGATCAGGAATCG,0,1.0,negative
TGGCGTGAGACGACGT,0,1.0,negative
CCTTGTGTCGTCGACG,0,1.0,negative
TCAGGGCAGTAACCGG,0,1.0,negative
CCACCATAGAGAGCGG,0,1.0,negative
AGGAATAAGCAATAGT,0,1.0,negative
AGGCTGCAGTACGTCT,0,0.9992603735874356,negative
CTAGACATCGTCGACG,0,1.0,negative
TTCTAACAGCAGCACA,0,1.0,negative
CCACCATAGCGGTAGT,0,1.0,negative
TCACACCAGGCCTGCT,0,1.0,negative
TCTGGCTTCTTCTGGC,0,1.0,negative
TTCTTCCTCTTTCTTC,0,1.0,negative
TCTTCCTTCTTCTTCC,0,1.0,negative
TCAGTCCTCTTCGGTC,0,1.0,negative
CTCCTCCTCTCTCCTC,0,1.0,negative
GGA,0,1.0,negative
