"cell_barcode","assignment"
"AAACCTGAGAATTCCC",64
"AAACCTGAGACATAAC",1
"AAACCTGAGAGAACAG",3
"AAACCTGAGAGGTACC",71
"AAACCTGAGCAACGGT",75
"AAACCTGAGCCGCCTA",15
"AAACCTGAGCGAAGGG",32
"AAACCTGAGCTCCTCT",0
"AAACCTGAGGCAAAGA",17
"AAACCTGAGGTGATTA",59
"AAACCTGAGTACGCCC",59
"AAACCTGAGTGTCTCA",38
"AAACCTGAGTTTAGGA",1000
"AAACCTGCACCATCCT",7
"AAACCTGCAGCTGCAC",86
"AAACCTGCATAACCTG",8
"AAACCTGCATACAGCT",1
"AAACCTGCATCACGAT",21
"AAACCTGCATGGGAAC",94
"AAACCTGGTAAATGAC",65
"AAACCTGGTAGATTAG",2
"AAACCTGGTAGGACAC",83
"AAACCTGGTCTCTTTA",80
"AAACCTGGTGCAACTT",74
"AAACCTGGTGCAGGTA",78
"AAACCTGGTGTCTGAT",47
"AAACCTGTCAACACGT",13
"AAACCTGTCACGACTA",13
"AAACCTGTCCCTAACC",35
"AAACCTGTCCTAGAAC",59
"AAACCTGTCCTGCTTG",52
"AAACCTGTCGCTTGTC",78
"AAACCTGTCGGGAGTA",59
"AAACCTGTCGTTTAGG",31
"AAACCTGTCTGTCAAG",54
"AAACGGGAGATACACA",36
"AAACGGGAGCGATGAC",79
"AAACGGGAGGGATGGG",79
"AAACGGGAGGTTCCTA",1000
"AAACGGGAGTAATCCC",1000
"AAACGGGAGTGGTAGC",86
"AAACGGGCAAAGCGGT",74
"AAACGGGCACACCGAC",13
"AAACGGGGTACAGTTC",45
"AAACGGGGTACCCAAT",56
"AAACGGGGTCCGCTGA",20
"AAACGGGGTCGGCATC",92
"AAACGGGGTCTACCTC",68
"AAACGGGGTCTAGCCG",56
"AAACGGGGTGATGTGG",8
"AAACGGGGTTGACGTT",68
"AAACGGGTCACTCTTA",3
"AAACGGGTCGACGGAA",4
"AAAGATGAGAAACGCC",51
"AAAGATGAGCCACCTG",46
"AAAGATGAGCCTATGT",1
"AAAGATGAGCGTAATA",63
"AAAGATGAGGAGTACC",82
"AAAGATGAGGCTCATT",37
"AAAGATGAGTCAATAG",47
"AAAGATGCAAACTGTC",28
"AAAGATGCAGACTCGC",62
"AAAGATGCAGTAACGG",59
"AAAGATGCATCACGAT",66
"AAAGATGCATTGGGCC",50
"AAAGATGGTAGCTCCG",52
"AAAGATGGTGCTGTAT",92
"AAAGATGGTTTGACAC",87
"AAAGATGGTTTGTGTG",94
"AAAGATGTCAAGGCTT",68
"AAAGATGTCCAAACAC",17
"AAAGATGTCTGACCTC",21
"AAAGATGTCTGCAGTA",67
"AAAGATGTCTGTCTAT",1
"AAAGATGTCTTGGGTA",94
"AAAGATGTCTTTACAC",8
"AAAGCAAAGAGCTTCT",2
"AAAGCAAAGAGGGATA",30
"AAAGCAAAGATCCTGT",13
"AAAGCAAAGCTAGCCC",63
"AAAGCAAAGCTAGGCA",51
"AAAGCAAAGCTGCAAG",1000
"AAAGCAAAGGCCCGTT",2
"AAAGCAAAGGTGCACA",11
"AAAGCAAAGTGGTCCC",64
"AAAGCAACAAGTAGTA",7
"AAAGCAACACATGGGA",74
"AAAGCAACACGGCTAC",1000
"AAAGCAACAGACAAGC",8
"AAAGCAACAGCTCCGA",16
"AAAGCAACATACAGCT",20
"AAAGCAACATCCCATC",80
"AAAGCAACATCCTAGA",40
"AAAGCAACATCGATGT",52
"AAAGCAACATTACGAC",94
"AAAGCAACATTTCACT",51
"AAAGCAAGTATGAAAC",44
"AAAGCAAGTCCGCTGA",83
"AAAGCAAGTCTCAACA",32
"AAAGCAATCAGTACGT",38
"AAAGCAATCCAGTATG",62
"AAAGCAATCCGGCACA",20
"AAAGCAATCGGACAAG",38
"AAAGCAATCTCACATT",47
"AAAGCAATCTGCTGTC",71
"AAAGCAATCTGTCAAG",1000
"AAAGTAGAGCGCCTCA",94
"AAAGTAGAGCTAGTTC",69
"AAAGTAGAGCTTATCG",9
"AAAGTAGCAATGAAAC",1000
"AAAGTAGCAATTCCTT",33
"AAAGTAGCACATTCGA",93
"AAAGTAGCACCACGTG",80
"AAAGTAGCACGGTTTA",74
"AAAGTAGCATGCCACG",92
"AAAGTAGGTCTAGCCG",91
"AAAGTAGGTGAAATCA",54
"AAAGTAGGTGAGCGAT",91
"AAAGTAGGTGTGAAAT",0
"AAAGTAGGTTCGGGCT",89
"AAAGTAGGTTGCCTCT",8
"AAAGTAGTCATCGCTC",30
"AAAGTAGTCATTATCC",9
"AAAGTAGTCGGAATCT",11
"AAAGTAGTCGGTGTTA",74
"AAAGTAGTCTTCTGGC",32
"AAATGCCAGACAAAGG",23
"AAATGCCAGCATCATC",92
"AAATGCCAGCGATAGC",44
"AAATGCCAGCTCCTCT",29
"AAATGCCAGGGAAACA",14
"AAATGCCCACACCGCA",69
"AAATGCCCACAGATTC",30
"AAATGCCCACAGGCCT",20
"AAATGCCCACATTAGC",0
"AAATGCCCACCGTTGG",4
"AAATGCCCAGGGCATA",92
"AAATGCCCAGTAGAGC",3
"AAATGCCCAGTTCATG",15
"AAATGCCCATGGAATA",13
"AAATGCCCATTGGTAC",81
"AAATGCCGTAAGGGCT",85
"AAATGCCGTCAGAATA",54
"AAATGCCGTCATACTG",3
"AAATGCCGTCGCGGTT",1000
"AAATGCCGTCGGCATC",19
"AAATGCCGTGCCTGTG",1000
"AAATGCCGTTACGGAG",31
"AAATGCCGTTCACCTC",18
"AAATGCCGTTGGTAAA",59
"AAATGCCGTTGTGGAG",28
"AAATGCCGTTTGTTTC",68
"AAATGCCTCCTAAGTG",67
"AAATGCCTCCTATTCA",94
"AAATGCCTCCTGCCAT",4
"AAATGCCTCGCTTAGA",28
"AAATGCCTCGGTTCGG",58
"AAATGCCTCTAACCGA",9
"AAATGCCTCTGCGTAA",48
"AAATGCCTCTTAGCCC",91
"AACACGTAGAAGGACA",59
"AACACGTAGAGCCCAA",9
"AACACGTAGCAACGGT",63
"AACACGTAGCAGCGTA",13
"AACACGTAGCGTTGCC",50
"AACACGTAGCTGCCCA",7
"AACACGTAGGAGTAGA",69
"AACACGTAGTTCGCAT",51
"AACACGTCAAACTGTC",45
"AACACGTCAATCCAAC",20
"AACACGTCACCATCCT",60
"AACACGTCACGAAGCA",66
"AACACGTCACTTCTGC",12
"AACACGTCAGCATACT",82
"AACACGTCATGATCCA",56
"AACACGTGTAGGCTGA",14
"AACACGTGTATGGTTC",39
"AACACGTGTCGCATAT",22
"AACACGTGTGAACCTT",79
"AACACGTGTGGTAACG",74
"AACACGTGTTGTGGCC",64
"AACACGTTCAAACCAC",92
"AACACGTTCAACGCTA",8
"AACACGTTCAGTGCAT",82
"AACACGTTCCGTCATC",67
"AACACGTTCCTAGAAC",50
"AACACGTTCGACAGCC",42
"AACCATGAGAATTGTG",20
"AACCATGAGACAGACC",64
"AACCATGAGAGGGATA",39
"AACCATGAGAGTGACC",33
"AACCATGAGATCACGG",32
"AACCATGAGATCTGAA",59
"AACCATGAGCGATATA",87
"AACCATGAGCTGCCCA",15
"AACCATGAGGCCGAAT",1000
"AACCATGAGGTGCAAC",8
"AACCATGAGTCCTCCT",94
"AACCATGAGTGGGTTG",69
"AACCATGCAAAGTGCG",80
"AACCATGCAACTTGAC",38
"AACCATGCAAGAAGAG",39
"AACCATGCAAGACGTG",94
"AACCATGCAAGCCCAC",67
"AACCATGCACAACTGT",32
"AACCATGCACATGTGT",32
"AACCATGCACGAAGCA",1
"AACCATGCAGGGTATG",69
"AACCATGCAGTCACTA",91
"AACCATGCATCTATGG",51
"AACCATGCATGACGGA",78
"AACCATGGTAGCCTCG",69
"AACCATGGTCTAGTGT",2
"AACCATGGTGCAACTT",62
"AACCATGGTGGTGTAG",7
"AACCATGGTTCAGACT",86
"AACCATGGTTCGCGAC",44
"AACCATGTCGTAGGAG",24
"AACCATGTCTGTCTAT",18
"AACCATGTCTGTTGAG",35
"AACCGCGAGAACTCGG",14
"AACCGCGAGATGGGTC",65
"AACCGCGAGATGTTAG",30
"AACCGCGAGATTACCC",76
"AACCGCGAGCAGATCG",66
"AACCGCGAGCCGTCGT",54
"AACCGCGAGGACTGGT",80
"AACCGCGAGTACGTAA",26
"AACCGCGCAAGCCATT",0
"AACCGCGCAAGGTTCT",77
"AACCGCGCACGGTAAG",74
"AACCGCGCAGATCGGA",3
"AACCGCGCAGCTCGCA",1000
"AACCGCGCAGCTTCGG",94
"AACCGCGCAGGAATGC",59
"AACCGCGCAGGATTGG",51
"AACCGCGCATCGACGC",13
"AACCGCGCATGAAGTA",40
"AACCGCGCATGTAGTC",79
"AACCGCGCATTTCAGG",11
"AACCGCGGTAAAGTCA",0
"AACCGCGGTAATAGCA",1000
"AACCGCGGTACTTGAC",37
"AACCGCGGTCAACATC",41
"AACCGCGGTCACCCAG",7
"AACCGCGGTCTCTTTA",75
"AACCGCGGTGCTAGCC",86
"AACCGCGGTTACGACT",75
"AACCGCGTCAACACCA",1000
"AACCGCGTCGCTTGTC",26
"AACCGCGTCGTAGGAG",75
"AACCGCGTCGTCTGAA",38
"AACCGCGTCTTGTATC",28
"AACGTTGAGGCGATAC",26
"AACGTTGAGGTAGCCA",3
"AACGTTGAGTAGCGGT",38
"AACGTTGAGTCCATAC",56
"AACGTTGAGTCGTACT",81
"AACGTTGAGTGGAGTC",8
"AACGTTGAGTTTCCTT",20
"AACGTTGCAAACGCGA",51
"AACGTTGCAAAGCAAT",86
"AACGTTGCACAGGAGT",48
"AACGTTGCACAGGCCT",2
"AACGTTGCACGTAAGG",80
"AACGTTGCAGCTCGCA",92
"AACGTTGCAGTAAGAT",54
"AACGTTGCATACCATG",21
"AACGTTGGTCAACTGT",1000
"AACGTTGGTCAATGTC",7
"AACGTTGGTCCATCCT",32
"AACGTTGGTCTAGTCA",50
"AACGTTGGTGGTGTAG",52
"AACGTTGGTTAAGACA",75
"AACGTTGGTTAAGGGC",28
"AACGTTGGTTCGCTAA",80
"AACGTTGGTTGTACAC",93
"AACGTTGGTTGTTTGG",30
"AACGTTGTCAAACGGG",59
"AACGTTGTCAACACAC",51
"AACGTTGTCCAGGGCT",29
"AACGTTGTCCGAGCCA",94
"AACGTTGTCGGTTAAC",43
"AACGTTGTCGTGGGAA",34
"AACGTTGTCGTTTGCC",13
"AACGTTGTCTAACTGG",10
"AACGTTGTCTGAAAGA",44
"AACGTTGTCTTATCTG",41
"AACTCAGAGACGCAAC",27
"AACTCAGAGAGGTTGC",86
"AACTCAGAGATGCCTT",95
"AACTCAGAGCCATCGC",65
"AACTCAGAGGCAATTA",19
"AACTCAGAGTAATCCC",56
"AACTCAGAGTTAGCGG",59
"AACTCAGAGTTCGCAT",92
"AACTCAGCAACTTGAC",33
"AACTCAGCAAGTTCTG",78
"AACTCAGCACCGATAT",3
"AACTCAGCAGCTGGCT",8
"AACTCAGCATGACATC",79
"AACTCAGGTACCGGCT",3
"AACTCAGGTAGGACAC",28
"AACTCAGGTAGGCATG",79
"AACTCAGGTGCTAGCC",32
"AACTCAGGTGTGCGTC",79
"AACTCAGGTTACAGAA",1000
"AACTCAGGTTCGGGCT",7
"AACTCAGGTTGAGGTG",95
"AACTCAGTCAACACCA",75
"AACTCAGTCAATCACG",30
"AACTCAGTCAGAGGTG",10
"AACTCAGTCAGGCAAG",12
"AACTCAGTCATCGGAT",31
"AACTCAGTCATGGTCA",20
"AACTCAGTCCTCTAGC",45
"AACTCAGTCGAACGGA",10
"AACTCAGTCGAACTGT",1
"AACTCAGTCGCCTGAG",86
"AACTCCCAGAGTCTGG",75
"AACTCCCAGAGTGACC",86
"AACTCCCAGTACGATA",79
"AACTCCCAGTCCAGGA",20
"AACTCCCCAATGGAAT",19
"AACTCCCCACAAGCCC",3
"AACTCCCCACGGTGTC",55
"AACTCCCCAGGCTCAC",94
"AACTCCCCAGTAAGAT",44
"AACTCCCCATACTCTT",60
"AACTCCCCATAGACTC",38
"AACTCCCCATGGGACA",69
"AACTCCCGTACATGTC",87
"AACTCCCGTCATATCG",66
"AACTCCCGTGCATCTA",51
"AACTCCCGTTCGGCAC",85
"AACTCCCGTTCTGAAC",33
"AACTCCCTCACCTTAT",88
"AACTCCCTCCGGCACA",32
"AACTCCCTCCTAGAAC",74
"AACTCCCTCGTGGTCG",30
"AACTCCCTCTCGCATC",92
"AACTCCCTCTGCCAGG",55
"AACTCTTAGAGACTAT",79
"AACTCTTAGAGCTGCA",13
"AACTCTTAGATCCGAG",13
"AACTCTTAGCTGCGAA",30
"AACTCTTAGGAATTAC",77
"AACTCTTAGGTGCTAG",51
"AACTCTTAGTTATCGC",59
"AACTCTTCAACGATGG",7
"AACTCTTCACGCCAGT",82
"AACTCTTCAGCGTTCG",1000
"AACTCTTCAGGGCATA",6
"AACTCTTCATAAGACA",63
"AACTCTTCATCACCCT",35
"AACTCTTCATGACGGA",31
"AACTCTTCATGCCCGA",3
"AACTCTTCATTGGCGC",32
"AACTCTTGTATCACCA",45
"AACTCTTGTATGAAAC",26
"AACTCTTGTCATCCCT",1000
"AACTCTTGTCCAAGTT",78
"AACTCTTGTCGCATCG",83
"AACTCTTGTCTTCTCG",35
"AACTCTTTCAAACCAC",20
"AACTCTTTCCAAAGTC",88
"AACTCTTTCCCTGACT",40
"AACTCTTTCCGAATGT",1000
"AACTCTTTCCGATATG",13
"AACTCTTTCCGTCATC",18
"AACTCTTTCCTTCAAT",21
"AACTCTTTCGTCGTTC",64
"AACTCTTTCGTTTAGG",26
"AACTCTTTCTGTTGAG",3
"AACTCTTTCTTGCCGT",68
"AACTGGTAGACAAGCC",14
"AACTGGTAGACGCACA",96
"AACTGGTAGATGTGTA",54
"AACTGGTAGGCGCTCT",40
"AACTGGTAGGGCATGT",1000
"AACTGGTAGTACGCGA",38
"AACTGGTAGTACGTAA",87
"AACTGGTAGTGGCACA",80
"AACTGGTAGTTAACGA",63
"AACTGGTCAAGGTTCT",25
"AACTGGTCAAGTAATG",48
"AACTGGTCAATCTGCA",48
"AACTGGTCACAGCCCA",37
"AACTGGTCACGAAATA",64
"AACTGGTCACGTCTCT",38
"AACTGGTCAGAAGCAC",51
"AACTGGTCAGTATCTG",69
"AACTGGTCATCGTCGG",32
"AACTGGTGTAAGGGCT",47
"AACTGGTGTAGCGTCC",77
"AACTGGTGTCATATCG",28
"AACTGGTGTCGAATCT",26
"AACTGGTGTCTCAACA",1
"AACTGGTGTGACGGTA",50
"AACTGGTGTGACTCAT",65
"AACTGGTGTTCCGTCT",34
"AACTGGTTCACGGTTA",21
"AACTTTCAGAACTCGG",62
"AACTTTCAGACTGGGT",15
"AACTTTCAGATCCGAG",23
"AACTTTCAGCCAGTTT",53
"AACTTTCAGCCCAGCT",66
"AACTTTCAGCGTGAGT",11
"AACTTTCAGCGTTGCC",15
"AACTTTCAGTCGTTTG",76
"AACTTTCAGTCTCAAC",8
"AACTTTCCAAGCCGCT",51
"AACTTTCCAAGCTGGA",1000
"AACTTTCCAAGGTGTG",52
"AACTTTCCACACATGT",44
"AACTTTCCACCCTATC",69
"AACTTTCCACGACGAA",27
"AACTTTCCAGCGTTCG",4
"AACTTTCCATAGGATA",54
"AACTTTCGTACAAGTA",65
"AACTTTCGTAGGCTGA",1000
"AACTTTCGTCATGCAT",49
"AACTTTCGTCATTAGC",27
"AACTTTCGTCCAGTGC",27
"AACTTTCGTCTACCTC",82
"AACTTTCGTCTTCAAG",94
"AACTTTCGTGAAATCA",20
"AACTTTCGTGTAACGG",77
"AACTTTCGTTGGTGGA",68
"AACTTTCTCACAACGT",32
"AACTTTCTCATGCTCC",37
"AACTTTCTCCTCGCAT",7
"AACTTTCTCGCCATAA",11
"AACTTTCTCTGCGGCA",75
"AACTTTCTCTTGTTTG",74
"AACTTTCTCTTTACAC",87
"AAGACCTAGAACTCGG",50
"AAGACCTAGAGCCCAA",77
"AAGACCTAGGACAGAA",75
"AAGACCTAGGATGCGT",69
"AAGACCTAGGCAATTA",20
"AAGACCTAGGCTCTTA",33
"AAGACCTAGTGGGCTA",79
"AAGACCTAGTTTAGGA",10
"AAGACCTCAGAGTGTG",94
"AAGACCTCAGCGTAAG",50
"AAGACCTCATCTCGCT",58
"AAGACCTCATGGAATA",10
"AAGACCTGTATAGTAG",21
"AAGACCTGTCATCGGC",21
"AAGACCTGTCCATCCT",19
"AAGACCTGTCTCCACT",9
"AAGACCTGTCTCCATC",55
"AAGACCTGTGGCCCTA",62
"AAGACCTGTGGTGTAG",10
"AAGACCTGTTCCAACA",38
"AAGACCTGTTCCATGA",46
"AAGACCTGTTGACGTT",20
"AAGACCTGTTGCCTCT",38
"AAGACCTTCACATAGC",32
"AAGACCTTCACCGTAA",1000
"AAGACCTTCACCTTAT",32
"AAGACCTTCAGCTTAG",80
"AAGACCTTCAGGCCCA",69
"AAGACCTTCAGTTCGA",25
"AAGACCTTCATATCGG",25
"AAGACCTTCCGTACAA",15
"AAGACCTTCGGCTACG",74
"AAGACCTTCGTACCGG",59
"AAGACCTTCTGGTATG",34
"AAGCCGCAGAAGGTGA",86
"AAGCCGCAGATATGCA",74
"AAGCCGCAGGCATGTG",37
"AAGCCGCCACATGTGT",50
"AAGCCGCCAGATCGGA",13
"AAGCCGCCATCGGTTA",20
"AAGCCGCCATGGGACA",94
"AAGCCGCCATGTCCTC",80
"AAGCCGCGTCAGATAA",79
"AAGCCGCGTCATCGGC",6
"AAGCCGCGTCCGACGT",31
"AAGCCGCGTCTCTTTA",1
"AAGCCGCGTCTTGTCC",21
"AAGCCGCGTGCCTGTG",93
"AAGCCGCGTTCTGTTT",44
"AAGCCGCTCAGCTTAG",68
"AAGCCGCTCATCGATG",91
"AAGCCGCTCCGTAGGC",59
"AAGCCGCTCCTCTAGC",55
"AAGCCGCTCCTGCAGG",17
"AAGCCGCTCCTGCTTG",32
"AAGCCGCTCCTGTACC",7
"AAGCCGCTCGAATCCA",39
"AAGCCGCTCGCCAGCA",23
"AAGCCGCTCGTCTGCT",13
"AAGCCGCTCTTCGGTC",38
"AAGGAGCAGACCTAGG",44
"AAGGAGCAGAGTAAGG",32
"AAGGAGCAGGATGGAA",68
"AAGGAGCAGGCTACGA",32
"AAGGAGCAGGGATACC",81
"AAGGAGCAGGGCTCTC",9
"AAGGAGCAGTACACCT",40
"AAGGAGCAGTAGTGCG",80
"AAGGAGCAGTCAATAG",70
"AAGGAGCCAAAGGAAG",47
"AAGGAGCCACTTACGA",20
"AAGGAGCCAGATGGGT",85
"AAGGAGCCATACTACG",78
"AAGGAGCGTAAGTGTA",20
"AAGGAGCGTATAGTAG",88
"AAGGAGCGTCAAAGAT",9
"AAGGAGCGTCCGAATT",57
"AAGGAGCGTGAGTATA",13
"AAGGAGCGTGAGTGAC",79
"AAGGAGCGTGATAAAC",52
"AAGGAGCGTGCGATAG",91
"AAGGAGCGTTGAGTTC",1
"AAGGAGCTCAGCAACT",14
"AAGGAGCTCCAAACAC",50
"AAGGAGCTCCAAGTAC",86
"AAGGAGCTCCACTGGG",85
"AAGGAGCTCCAGGGCT",75
"AAGGAGCTCCGATATG",45
"AAGGAGCTCCTATTCA",27
"AAGGAGCTCGCAGGCT",6
"AAGGAGCTCGGTGTTA",36
"AAGGAGCTCGTGGTCG",25
"AAGGAGCTCTATCGCC",19
"AAGGAGCTCTTCGAGA",75
"AAGGCAGAGAGGTTAT",93
"AAGGCAGAGCCAGTAG",78
"AAGGCAGAGCGGATCA",92
"AAGGCAGAGGATGGAA",1000
"AAGGCAGAGTGATCGG",27
"AAGGCAGCAACCGCCA",87
"AAGGCAGCAAGTACCT",45
"AAGGCAGCACACGCTG",91
"AAGGCAGCACCCATGG",8
"AAGGCAGCAGCAGTTT",1000
"AAGGCAGCAGCTGCTG",51
"AAGGCAGGTAAACCTC",48
"AAGGCAGGTATATGGA",66
"AAGGCAGGTCAGAAGC",60
"AAGGCAGGTCCTAGCG",20
"AAGGCAGGTCTCGTTC",39
"AAGGCAGGTGACAAAT",21
"AAGGCAGGTGTGCCTG",44
"AAGGCAGGTTCGAATC",87
"AAGGCAGGTTGCGTTA",32
"AAGGCAGTCAGAAATG",48
"AAGGCAGTCAGCTTAG",5
"AAGGCAGTCCGCAGTG",96
"AAGGCAGTCCTAGAAC",95
"AAGGCAGTCCTGCCAT",57
"AAGGCAGTCGCAGGCT",21
"AAGGCAGTCTGCTTGC",21
"AAGGCAGTCTGGTTCC",1
"AAGGTTCAGAAACGAG",26
"AAGGTTCAGAAGCCCA",60
"AAGGTTCAGACACTAA",56
"AAGGTTCAGACATAAC",86
"AAGGTTCAGACTAGGC",81
"AAGGTTCAGATATGCA",1000
"AAGGTTCAGATGCCTT",73
"AAGGTTCAGCCCAGCT",75
"AAGGTTCAGCCGATTT",30
"AAGGTTCAGCGGATCA",81
"AAGGTTCAGCTGAAAT",1000
"AAGGTTCAGGACATTA",66
"AAGGTTCAGGCATTGG",94
"AAGGTTCAGGCTATCT",59
"AAGGTTCAGTCGAGTG",77
"AAGGTTCAGTGGCACA",69
"AAGGTTCAGTTTGCGT",38
"AAGGTTCCAAGAGGCT",25
"AAGGTTCCACAGCGTC",8
"AAGGTTCCACCGTTGG",11
"AAGGTTCCACCTTGTC",87
"AAGGTTCCACTTCGAA",1
"AAGGTTCCAGGAATGC",91
"AAGGTTCCATTAGGCT",2
"AAGGTTCCATTTGCCC",79
"AAGGTTCGTAGAGTGC",8
"AAGGTTCGTATATGGA",9
"AAGGTTCGTCAAACTC",13
"AAGGTTCGTCAGTGGA",30
"AAGGTTCGTCTAAACC",59
"AAGGTTCGTCTAGTCA",31
"AAGGTTCGTGACTCAT",82
"AAGGTTCGTGTTGAGG",9
"AAGGTTCGTTAGATGA",83
"AAGGTTCGTTATGCGT",93
"AAGGTTCTCACCATAG",86
"AAGGTTCTCCCTTGCA",50
"AAGGTTCTCCGGGTGT",59
"AAGGTTCTCCTGCAGG",85
"AAGGTTCTCCTTTCTC",30
"AAGGTTCTCTGATTCT",21
"AAGTCTGAGAGATGAG",55
"AAGTCTGAGATATACG",63
"AAGTCTGAGGGCATGT",60
"AAGTCTGAGGGCTTGA",38
"AAGTCTGAGGGTCTCC",1000
"AAGTCTGAGTACGACG",87
"AAGTCTGAGTACGCGA",74
"AAGTCTGAGTGTGGCA",43
"AAGTCTGCACAGGAGT",21
"AAGTCTGCACCGAATT",67
"AAGTCTGCAGAGCCAA",14
"AAGTCTGCAGGTTTCA",31
"AAGTCTGCAGTATGCT",82
"AAGTCTGCATCTATGG",93
"AAGTCTGCATGCAACT",88
"AAGTCTGCATTTGCTT",4
"AAGTCTGGTAAGTTCC",3
"AAGTCTGGTAGAAGGA",37
"AAGTCTGGTATATGAG",52
"AAGTCTGGTCAGAAGC",54
"AAGTCTGGTCCATCCT",59
"AAGTCTGGTCTGATTG",1000
"AAGTCTGGTGCGGTAA",27
"AAGTCTGGTGTAAGTA",80
"AAGTCTGGTTACCGAT",0
"AAGTCTGTCAAGGCTT",27
"AAGTCTGTCAGTTTGG",1000
"AAGTCTGTCCGTAGTA",44
"AAGTCTGTCCTTGACC",34
"AAGTCTGTCGTTACAG",20
"AAGTCTGTCTGATACG",72
"AAGTCTGTCTTTAGTC",74
"AATCCAGAGACACTAA",3
"AATCCAGAGAGCCTAG",11
"AATCCAGAGCACCGCT",30
"AATCCAGAGCGATATA",13
"AATCCAGAGCTTATCG",75
"AATCCAGAGGAGTCTG",0
"AATCCAGAGTCCCACG",54
"AATCCAGCAAAGCAAT",68
"AATCCAGCACAACTGT",1000
"AATCCAGCACACTGCG",54
"AATCCAGCACCATCCT",86
"AATCCAGCACGGTAAG",9
"AATCCAGCAGTGAGTG",30
"AATCCAGGTACCGTAT",3
"AATCCAGGTCAGGACA",70
"AATCCAGGTCATCCCT",1000
"AATCCAGGTTGAGGTG",88
"AATCCAGTCATAACCG",3
"AATCCAGTCCGCTGTT",75
"AATCCAGTCGCATGGC",75
"AATCCAGTCGCCCTTA",8
"AATCCAGTCGGAGGTA",39
"AATCCAGTCTACGAGT",32
"AATCCAGTCTCCAACC",38
"AATCCAGTCTCGCATC",3
"AATCGGTAGATCGGGT",23
"AATCGGTAGCGATCCC",17
"AATCGGTAGGCTCAGA",8
"AATCGGTCAAACGTGG",59
"AATCGGTCAAGTAATG",81
"AATCGGTCAATCCGAT",5
"AATCGGTCACATTAGC",40
"AATCGGTCATCCAACA",59
"AATCGGTCATCGACGC",83
"AATCGGTCATTGCGGC",12
"AATCGGTGTACATCCA",86
"AATCGGTGTCACAAGG",33
"AATCGGTGTCCTCCAT",54
"AATCGGTGTCTTCAAG",55
"AATCGGTGTTGTACAC",30
"AATCGGTTCACAACGT",20
"AATCGGTTCCAGAGGA",95
"AATCGGTTCCTTCAAT",10
"AATCGGTTCGCCTGAG",1000
"AATCGGTTCTACTCAT",7
"AATCGGTTCTGAAAGA",55
"ACACCAAAGAGTCGGT",23
"ACACCAAAGATGTTAG",32
"ACACCAAAGCAGGCTA",57
"ACACCAAAGCCACCTG",69
"ACACCAAAGCGCCTTG",44
"ACACCAAAGGCGACAT",27
"ACACCAAAGGCTCATT",79
"ACACCAAAGTGGGATC",28
"ACACCAACAAACTGCT",79
"ACACCAACAACAACCT",82
"ACACCAACACACATGT",14
"ACACCAACACACCGAC",4
"ACACCAACAGATGGGT",15
"ACACCAACAGGACCCT",17
"ACACCAACATCTCGCT",2
"ACACCAAGTAAGCACG",15
"ACACCAAGTAAGGATT",92
"ACACCAAGTACCGTTA",94
"ACACCAAGTATATCCG",50
"ACACCAAGTCGGCACT",58
"ACACCAATCAGTACGT",10
"ACACCAATCATTATCC",77
"ACACCAATCTGGTTCC",50
"ACACCAATCTTGAGGT",13
"ACACCAATCTTTAGGG",31
"ACACCCTAGACTGGGT",75
"ACACCCTAGATGCGAC",10
"ACACCCTAGCCGCCTA",92
"ACACCCTAGGCCCGTT",18
"ACACCCTAGGCCCTTG",21
"ACACCCTAGGGCATGT",63
"ACACCCTAGTGGACGT",55
"ACACCCTAGTGTACTC",50
"ACACCCTCAACGCACC",20
"ACACCCTCAACTTGAC",59
"ACACCCTCAATCACAC",81
"ACACCCTCACACCGCA",30
"ACACCCTCACAGACAG",51
"ACACCCTCACCAGTTA",16
"ACACCCTCACCGTTGG",40
"ACACCCTCACTACAGT",26
"ACACCCTCACTCTGTC",54
"ACACCCTCACTGAAGG",80
"ACACCCTCAGCTTCGG",20
"ACACCCTCATCACGTA",3
"ACACCCTCATGCATGT",32
"ACACCCTGTAAATACG",85
"ACACCCTGTAAATGAC",20
"ACACCCTGTACTTCTT",28
"ACACCCTGTAGCGTCC",80
"ACACCCTGTCGAGATG",59
"ACACCCTGTCTCAACA",40
"ACACCCTGTGAGGGAG",81
"ACACCCTGTGGGTCAA",52
"ACACCCTTCATCTGTT",8
"ACACCCTTCATTCACT",94
"ACACCCTTCCAGAAGG",37
"ACACCCTTCGACCAGC",58
"ACACCCTTCTAGAGTC",74
"ACACCCTTCTGAGTGT",37
"ACACCGGAGACTGTAA",0
"ACACCGGAGCCGATTT",50
"ACACCGGAGCCTCGTG",20
"ACACCGGAGCTCCTCT",51
"ACACCGGAGGCTAGGT",23
"ACACCGGAGTCCATAC",78
"ACACCGGAGTGGCACA",58
"ACACCGGAGTTACCCA",86
"ACACCGGCACCATGTA",54
"ACACCGGCAGCCAGAA",8
"ACACCGGCAGCCTTGG",51
"ACACCGGCAGCGAACA",93
"ACACCGGCATAAGACA",13
"ACACCGGCATTCCTCG",25
"ACACCGGCATTCTCAT",60
"ACACCGGGTACAGACG",13
"ACACCGGGTACTCGCG",7
"ACACCGGGTATATGGA",1000
"ACACCGGGTCATGCCG",45
"ACACCGGGTTCGGGCT",1000
"ACACCGGTCAATAAGG",15
"ACACCGGTCACAGGCC",28
"ACACCGGTCATAGCAC",28
"ACACCGGTCCAGAAGG",96
"ACACCGGTCCCAGGTG",51
"ACACCGGTCCGCGGTA",39
"ACACCGGTCCTTGGTC",74
"ACACCGGTCGCATGGC",66
"ACACCGGTCGTAGATC",92
"ACACCGGTCTAACTGG",90
"ACACCGGTCTGACCTC",59
"ACACCGGTCTTTCCTC",78
"ACACTGAAGAGCTGGT",20
"ACACTGAAGCCACGCT",32
"ACACTGAAGCTGAAAT",8
"ACACTGAAGGAGTTGC",81
"ACACTGAAGGGTGTGT",28
"ACACTGAAGGGTTTCT",10
"ACACTGAAGGTGACCA",8
"ACACTGAAGTACGTTC",17
"ACACTGAAGTGCTGCC",42
"ACACTGAAGTTAAGTG",70
"ACACTGACAACTGCGC",6
"ACACTGACAAGCGATG",53
"ACACTGACAAGTCTGT",7
"ACACTGACACACGCTG",68
"ACACTGACAGCTGTGC",92
"ACACTGACAGTAAGCG",1000
"ACACTGACATCATCCC",59
"ACACTGACATCGACGC",85
"ACACTGACATTTCAGG",57
"ACACTGAGTAGAAGGA",43
"ACACTGAGTCGAGTTT",17
"ACACTGATCAAGATCC",58
"ACACTGATCAGAGACG",59
"ACACTGATCAGGCGAA",79
"ACACTGATCCAACCAA",33
"ACACTGATCCTGTAGA",7
"ACACTGATCGCATGGC",50
"ACACTGATCGGCATCG",79
"ACACTGATCTGTTTGT",87
"ACACTGATCTTGAGAC",59
"ACAGCCGAGAGCTATA",90
"ACAGCCGAGATCTGCT",87
"ACAGCCGAGCTGCCCA",87
"ACAGCCGAGGACTGGT",33
"ACAGCCGAGTCCAGGA",85
"ACAGCCGCAACGCACC",88
"ACAGCCGCACAGTCGC",1000
"ACAGCCGCACTACAGT",83
"ACAGCCGCAGCGATCC",43
"ACAGCCGCAGGCTGAA",75
"ACAGCCGCAGGGTTAG",86
"ACAGCCGCAGGTCGTC",59
"ACAGCCGCAGTTCCCT",72
"ACAGCCGCATAACCTG",20
"ACAGCCGCATCATCCC",39
"ACAGCCGGTGACGGTA",38
"ACAGCCGGTGATGTGG",56
"ACAGCCGGTTCAGACT",93
"ACAGCCGGTTGCGTTA",74
"ACAGCCGGTTTCGCTC",59
"ACAGCCGTCAAGAAGT",22
"ACAGCCGTCAGCTCGG",58
"ACAGCCGTCATACGGT",26
"ACAGCCGTCCCTCAGT",1000
"ACAGCCGTCCGTTGTC",36
"ACAGCCGTCGCACTCT",72
"ACAGCCGTCGTTGCCT",77
"ACAGCCGTCTACCAGA",54
"ACAGCCGTCTACGAGT",37
"ACAGCCGTCTATCCCG",33
"ACAGCCGTCTTAACCT",13
"ACAGCCGTCTTAGCCC",30
"ACAGCTAAGATATGGT",1
"ACAGCTAAGATCACGG",27
"ACAGCTAAGATGTGTA",28
"ACAGCTAAGCCCAGCT",74
"ACAGCTAAGCTACCTA",40
"ACAGCTAAGCTCAACT",30
"ACAGCTAAGCTCTCGG",68
"ACAGCTAAGCTGTTCA",1
"ACAGCTAAGGACAGCT",47
"ACAGCTAAGGGATGGG",44
"ACAGCTAAGTCCTCCT",32
"ACAGCTAAGTGGAGAA",32
"ACAGCTACAAAGGAAG",86
"ACAGCTACAAGGTTCT",30
"ACAGCTACACACCGCA",13
"ACAGCTACATACTACG",75
"ACAGCTAGTACAGACG",37
"ACAGCTAGTCGATTGT",59
"ACAGCTAGTGCGAAAC",32
"ACAGCTAGTTTGTGTG",10
"ACAGCTATCAAACCAC",21
"ACAGCTATCACGCATA",59
"ACAGCTATCAGCTCTC",79
"ACAGCTATCCCATTAT",94
"ACAGCTATCTCATTCA",71
"ACAGCTATCTGGTATG",42
"ACATACGAGATCCTGT",1000
"ACATACGAGATGCGAC",49
"ACATACGAGCCGTCGT",73
"ACATACGAGGATATAC",68
"ACATACGAGGCGCTCT",14
"ACATACGAGGTGATTA",79
"ACATACGAGTACGACG",61
"ACATACGCAACACGCC",50
"ACATACGCAAGCTGGA",8
"ACATACGCACCTTGTC",51
"ACATACGCAGCTCGCA",72
"ACATACGCAGCTTCGG",51
"ACATACGCATCACGAT",38
"ACATACGCATGCCTTC",32
"ACATACGGTCCGAATT",55
"ACATACGGTGGTACAG",1000
"ACATACGGTTAGGGTG",38
"ACATACGTCAGCGATT",93
"ACATACGTCCAAACAC",21
"ACATACGTCCGCGCAA",28
"ACATACGTCTTGGGTA",1
"ACATCAGAGCAAATCA",15
"ACATCAGAGCACGCCT",32
"ACATCAGAGCGGATCA",30
"ACATCAGAGCTCCTTC",79
"ACATCAGAGCTGCCCA",1000
"ACATCAGAGGAATTAC",14
"ACATCAGAGGCCGAAT",30
"ACATCAGAGGTGACCA",11
"ACATCAGAGTAGTGCG",13
"ACATCAGAGTCACGCC",10
"ACATCAGAGTGACTCT",31
"ACATCAGCAAGGACTG",94
"ACATCAGCAAGTAATG",55
"ACATCAGCATACCATG",41
"ACATCAGCATATGCTG",28
"ACATCAGCATCCAACA",70
"ACATCAGCATGGTTGT",8
"ACATCAGGTCTAGGTT",1000
"ACATCAGGTCTAGTGT",26
"ACATCAGGTGTAAGTA",7
"ACATCAGGTTGATTGC",16
"ACATCAGTCCTTAATC",45
"ACATCAGTCCTTGGTC",0
"ACATCAGTCGCCAGCA",34
"ACATCAGTCGGAAATA",34
"ACATCAGTCGTCCGTT",27
"ACATCAGTCTATCCTA",14
"ACATCAGTCTTCGAGA",48
"ACATGGTAGACAGAGA",9
"ACATGGTAGGACATTA",80
"ACATGGTAGTCGTACT",20
"ACATGGTAGTCTTGCA",81
"ACATGGTAGTTAGCGG",20
"ACATGGTCAAAGGTGC",10
"ACATGGTCAATGACCT",25
"ACATGGTCACAGCCCA",26
"ACATGGTCACATCTTT",10
"ACATGGTCACGGTAAG",44
"ACATGGTCACTTAACG",54
"ACATGGTCATACAGCT",13
"ACATGGTCATCCAACA",16
"ACATGGTCATCCCACT",94
"ACATGGTCATTGAGCT",62
"ACATGGTGTAGGCTGA",75
"ACATGGTGTAGTGAAT",26
"ACATGGTGTCTAGCCG",59
"ACATGGTGTCTTTCAT",77
"ACATGGTGTGTAACGG",59
"ACATGGTGTTTGTTGG",32
"ACATGGTTCAACACTG",32
"ACATGGTTCCATGAGT",14
"ACATGGTTCGTTTGCC",26
"ACATGGTTCTGCCCTA",74
"ACCAGTAAGACTACAA",75
"ACCAGTAAGCCACTAT",48
"ACCAGTAAGCGTTCCG",92
"ACCAGTAAGGAATGGA",81
"ACCAGTAAGGCGATAC",92
"ACCAGTAAGGTGGGTT",8
"ACCAGTAAGTAAGTAC",69
"ACCAGTAAGTAATCCC",32
"ACCAGTAAGTCAAGGC",59
"ACCAGTACAACTGCGC",46
"ACCAGTACACGCTTTC",41
"ACCAGTACACTTGGAT",75
"ACCAGTACAGCTTAAC",7
"ACCAGTACAGGACCCT",58
"ACCAGTAGTCAGAGGT",66
"ACCAGTAGTCATTAGC",71
"ACCAGTAGTCTCCCTA",59
"ACCAGTAGTGACTACT",1
"ACCAGTAGTGATGCCC",65
"ACCAGTAGTTGGTAAA",62
"ACCAGTATCACAAACC",62
"ACCAGTATCATATCGG",42
"ACCAGTATCATGCATG",19
"ACCAGTATCCACGACG",62
"ACCAGTATCCGCAGTG",25
"ACCAGTATCCGTAGTA",8
"ACCAGTATCCTCAACC",92
"ACCAGTATCGAGAACG",33
"ACCAGTATCTGTCTCG",27
"ACCCACTAGAGTGAGA",5
"ACCCACTAGCAGCCTC",9
"ACCCACTAGGCTCAGA",38
"ACCCACTAGTATCTCG",79
"ACCCACTAGTGGTAAT",93
"ACCCACTCAAGGGTCA",30
"ACCCACTCAGGTCTCG",4
"ACCCACTCATTGGGCC",8
"ACCCACTGTAAAGTCA",20
"ACCCACTGTAAGCACG",38
"ACCCACTGTCAACTGT",80
"ACCCACTGTCTAAAGA",53
"ACCCACTTCAAGAAGT",8
"ACCCACTTCCACGTTC",75
"ACCCACTTCGAATGGG",13
"ACCCACTTCTCAAACG",51
"ACCCACTTCTTGTATC",45
"ACCGTAAAGACCGGAT",8
"ACCGTAAAGACGCAAC",56
"ACCGTAAAGCTGAACG",13
"ACCGTAAAGGATGCGT",60
"ACCGTAAAGGCATTGG",11
"ACCGTAAAGTGCAAGC",51
"ACCGTAAAGTGTCTCA",94
"ACCGTAACAATTCCTT",24
"ACCGTAACACAAGTAA",30
"ACCGTAACACACGCTG",14
"ACCGTAACAGTTAACC",20
"ACCGTAACATCAGTCA",59
"ACCGTAAGTCATGCAT",86
"ACCGTAAGTCGTGGCT",10
"ACCGTAAGTCTCTCGT",53
"ACCGTAAGTGGTGTAG",19
"ACCGTAAGTTCCATGA",93
"ACCGTAAGTTGTTTGG",86
"ACCGTAAGTTTAAGCC",55
"ACCGTAATCAATCACG",1
"ACCGTAATCACGGTTA",42
"ACCGTAATCCATGAGT",39
"ACCGTAATCCCTCAGT",37
"ACCGTAATCGCTGATA",59
"ACCGTAATCGTAGGTT",1
"ACCGTAATCTAACTTC",43
"ACCTTTAAGATATGCA",74
"ACCTTTAAGATATGGT",58
"ACCTTTAAGATTACCC",28
"ACCTTTAAGGCACATG",59
"ACCTTTACAAACTGCT",65
"ACCTTTACAAGCGTAG",91
"ACCTTTACAAGGACTG",30
"ACCTTTACATGGAATA",14
"ACCTTTACATTAGCCA",33
"ACCTTTAGTCCCGACA",1000
"ACCTTTAGTCTCTCGT",7
"ACCTTTAGTGATAAGT",0
"ACCTTTAGTGCGCTTG",20
"ACCTTTAGTTAAGTAG",74
"ACCTTTAGTTCGTTGA",3
"ACCTTTAGTTTACTCT",27
"ACCTTTATCAGCCTAA",54
"ACCTTTATCATCGCTC",9
"ACCTTTATCCGGGTGT",30
"ACCTTTATCCGTCATC",13
"ACCTTTATCGCGGATC",20
"ACCTTTATCTCGCTTG",9
"ACCTTTATCTTTAGTC",40
"ACGAGCCAGAATGTGT",59
"ACGAGCCAGCCAACAG",20
"ACGAGCCAGCTAACAA",41
"ACGAGCCAGGGTCTCC",11
"ACGAGCCAGTAGTGCG",9
"ACGAGCCAGTCCATAC",5
"ACGAGCCAGTGAATTG",6
"ACGAGCCCAAGCGAGT",62
"ACGAGCCCACAGACAG",32
"ACGAGCCCACTGTCGG",32
"ACGAGCCCACTTCGAA",65
"ACGAGCCCAGCCTTTC",74
"ACGAGCCCAGCTGCTG",13
"ACGAGCCCAGCTTAAC",2
"ACGAGCCCAGTCGATT",11
"ACGAGCCCAGTGACAG",65
"ACGAGCCCATCTGGTA",13
"ACGAGCCCATTCCTCG",59
"ACGAGCCCATTGGCGC",40
"ACGAGCCGTAAATGAC",35
"ACGAGCCGTAGTAGTA",20
"ACGAGCCGTATGAATG",22
"ACGAGCCGTCTACCTC",30
"ACGAGCCGTCTCGTTC",44
"ACGAGCCGTTACGCGC",69
"ACGAGCCGTTACGTCA",79
"ACGAGCCGTTATGTGC",68
"ACGAGCCGTTGATTCG",73
"ACGAGCCTCACCAGGC",1000
"ACGAGCCTCACTGGGC",95
"ACGAGCCTCAGTTAGC",3
"ACGAGCCTCCCAAGAT",92
"ACGAGCCTCGCATGAT",9
"ACGAGCCTCGCGATCG",79
"ACGAGCCTCGCTTAGA",1
"ACGAGCCTCTAACTCT",32
"ACGAGCCTCTACTCAT",22
"ACGAGGAAGAAACGCC",10
"ACGAGGAAGAATCTCC",8
"ACGAGGAAGAGCTATA",84
"ACGAGGAAGCCGTCGT",20
"ACGAGGAAGCGATATA",10
"ACGAGGAAGCGTGAAC",81
"ACGAGGAAGGACTGGT",39
"ACGAGGACAACACCTA",75
"ACGAGGACAAGCCGCT",40
"ACGAGGACAAGGTTTC",78
"ACGAGGACACATTTCT",30
"ACGAGGACACCTGGTG",27
"ACGAGGACAGAGCCAA",85
"ACGAGGACATCTATGG",3
"ACGAGGACATGTAGTC",87
"ACGAGGACATTACGAC",44
"ACGAGGAGTACGCACC",13
"ACGAGGAGTCAAGCGA",86
"ACGAGGAGTGCCTTGG",1000
"ACGAGGAGTGCTGTAT",59
"ACGAGGATCAGTCAGT",41
"ACGAGGATCATCTGCC",81
"ACGAGGATCATTTGGG",30
"ACGATACAGACAGACC",81
"ACGATACAGCATGGCA",54
"ACGATACAGCCGTCGT",34
"ACGATACAGCGTTCCG",34
"ACGATACAGGCTCATT",75
"ACGATACAGGCTCTTA",25
"ACGATACAGGTGATAT",25
"ACGATACCACCACGTG",86
"ACGATACCAGACAGGT",42
"ACGATACCAGATCGGA",75
"ACGATACCAGGGTTAG",55
"ACGATACCATCGTCGG",58
"ACGATACCATGCAACT",36
"ACGATACCATGTCGAT",37
"ACGATACCATTACCTT",83
"ACGATACGTAATAGCA",1
"ACGATACGTCATATCG",42
"ACGATACGTCCAGTGC",65
"ACGATACGTCCAGTTA",41
"ACGATACGTTGGAGGT",43
"ACGATACGTTTAGGAA",48
"ACGATACTCAAGAAGT",87
"ACGATACTCCGCAGTG",0
"ACGATACTCTAACTGG",38
"ACGATACTCTACCTGC",28
"ACGATACTCTGCTGTC",7
"ACGATACTCTGTTGAG",51
"ACGATACTCTGTTTGT",3
"ACGATGTAGAGGTAGA",88
"ACGATGTAGAGTAAGG",4
"ACGATGTAGCGTTTAC",93
"ACGATGTAGGTGTGGT",8
"ACGATGTAGTCCAGGA",8
"ACGATGTAGTCGAGTG",82
"ACGATGTAGTGACTCT",81
"ACGATGTCAACACCCG",22
"ACGATGTCAATAGCGG",75
"ACGATGTCAGGACCCT",14
"ACGATGTCAGTGAGTG",92
"ACGATGTCATAAAGGT",39
"ACGATGTCATGTCTCC",31
"ACGATGTCATTGTGCA",10
"ACGATGTGTAGCACGA",59
"ACGATGTGTCAGTGGA",63
"ACGATGTGTCTCCCTA",89
"ACGATGTGTGAGGGAG",79
"ACGATGTGTGTCTGAT",89
"ACGATGTGTGTGACGA",59
"ACGATGTGTTAGTGGG",2
"ACGATGTGTTCACGGC",55
"ACGATGTTCCAAATGC",65
"ACGATGTTCCCGGATG",8
"ACGATGTTCGCAGGCT",3
"ACGATGTTCGGTTAAC",5
"ACGATGTTCGTTTAGG",20
"ACGATGTTCTATCGCC",59
"ACGCAGCAGACTAGAT",13
"ACGCAGCAGACTGTAA",27
"ACGCAGCAGAGGTAGA",68
"ACGCAGCAGGATGGAA",27
"ACGCAGCAGGGTGTTG",67
"ACGCAGCCAATTGCTG",25
"ACGCAGCCACCTATCC",93
"ACGCAGCCAGAAGCAC",8
"ACGCAGCCAGATGGCA",13
"ACGCAGCCAGTCAGAG",58
"ACGCAGCCATACGCCG",16
"ACGCAGCCATAGAAAC",30
"ACGCAGCCATCTACGA",54
"ACGCAGCGTAAAGGAG",18
"ACGCAGCGTCCGTGAC",10
"ACGCAGCGTCCTGCTT",14
"ACGCAGCGTCGACTAT",83
"ACGCAGCGTCGTGGCT",91
"ACGCAGCGTCTAACGT",1000
"ACGCAGCGTGGTGTAG",91
"ACGCAGCGTGTGTGCC",11
"ACGCAGCGTTATCCGA",62
"ACGCAGCTCCACTGGG",26
"ACGCAGCTCCAGTATG",83
"ACGCAGCTCCTGCAGG",27
"ACGCAGCTCGACAGCC",71
"ACGCAGCTCTCTTATG",90
"ACGCAGCTCTGCCCTA",49
"ACGCAGCTCTGCTGTC",59
"ACGCCAGAGAATCTCC",32
"ACGCCAGAGATACACA",82
"ACGCCAGAGCAAATCA",9
"ACGCCAGAGGCAAAGA",50
"ACGCCAGAGTTAACGA",92
"ACGCCAGCAATGGAAT",81
"ACGCCAGCACGAAAGC",29
"ACGCCAGCACTTGGAT",37
"ACGCCAGCAGAAGCAC",8
"ACGCCAGCAGCTGTTA",38
"ACGCCAGCAGGACGTA",23
"ACGCCAGGTAGAGCTG",50
"ACGCCAGGTCAAAGAT",0
"ACGCCAGGTCTGCGGT",27
"ACGCCAGGTCTTGATG",74
"ACGCCAGGTGATGTCT",1000
"ACGCCAGGTGCAACTT",80
"ACGCCAGGTGCCTGGT",15
"ACGCCAGGTTAAGGGC",8
"ACGCCAGTCATGCTCC",86
"ACGCCAGTCCTTTCGG",80
"ACGCCAGTCGCCATAA",14
"ACGCCAGTCGGGAGTA",58
"ACGCCAGTCTCTTGAT",25
"ACGCCAGTCTGGCGTG",10
"ACGCCGAAGAAGGTTT",80
"ACGCCGAAGAATAGGG",65
"ACGCCGAAGACCTTTG",75
"ACGCCGAAGACTAGGC",76
"ACGCCGAAGAGCCCAA",48
"ACGCCGAAGCTAAACA",32
"ACGCCGAAGGGATGGG",27
"ACGCCGAAGTAGGCCA",63
"ACGCCGAAGTGACTCT",1
"ACGCCGAAGTGCGATG",32
"ACGCCGAAGTGGACGT",28
"ACGCCGAAGTTCGATC",19
"ACGCCGACAAGCGCTC",48
"ACGCCGACAAGCTGAG",58
"ACGCCGACAAGGTTTC",1000
"ACGCCGACAATGGAGC",44
"ACGCCGACACATTAGC",81
"ACGCCGACACCAGCAC",19
"ACGCCGACACTGTGTA",39
"ACGCCGACAGGGAGAG",81
"ACGCCGACATACAGCT",26
"ACGCCGACATATACCG",75
"ACGCCGACATGCAACT",23
"ACGCCGAGTCGAACAG",27
"ACGCCGAGTCTCTTAT",0
"ACGCCGAGTCTTGCGG",80
"ACGCCGAGTTGTTTGG",1000
"ACGCCGATCAAACCAC",50
"ACGCCGATCAACACAC",62
"ACGCCGATCCTCGCAT",13
"ACGCCGATCGCGGATC",83
"ACGCCGATCGCGTAGC",74
"ACGCCGATCGTCACGG",1
"ACGCCGATCGTTACAG",0
"ACGCCGATCGTTGACA",10
"ACGCCGATCTTATCTG",37
"ACGGAGAAGGCCGAAT",18
"ACGGAGAAGTAGGTGC",85
"ACGGAGAAGTCATCCA",35
"ACGGAGAAGTCATGCT",1
"ACGGAGACAAATTGCC",21
"ACGGAGACACCAGGCT",85
"ACGGAGACACGGTTTA",8
"ACGGAGACACTAGTAC",1000
"ACGGAGACAGGTCTCG",75
"ACGGAGACAGTAGAGC",18
"ACGGAGACATGCAATC",13
"ACGGAGACATTGAGCT",1
"ACGGAGAGTATAGTAG",55
"ACGGAGAGTCAAACTC",55
"ACGGAGAGTCGCTTCT",20
"ACGGAGAGTGGCAAAC",87
"ACGGAGAGTTATCGGT",13
"ACGGAGAGTTGTCGCG",21
"ACGGAGATCCCAGGTG",13
"ACGGAGATCTTGTACT",31
"ACGGCCAAGATAGTCA",36
"ACGGCCAAGTAAGTAC",87
"ACGGCCAAGTGAACGC",4
"ACGGCCAAGTGGGATC",82
"ACGGCCAAGTTGTCGT",28
"ACGGCCACAATCGAAA",10
"ACGGCCACACAGGTTT",64
"ACGGCCACACCAGCAC",59
"ACGGCCACACGGTAAG",90
"ACGGCCACACTTAAGC",43
"ACGGCCACAGACACTT",81
"ACGGCCACAGCCTTTC",8
"ACGGCCACAGCTGGCT",1
"ACGGCCACATAGACTC",34
"ACGGCCACATATGGTC",54
"ACGGCCACATGGTCAT",25
"ACGGCCAGTAGCGTCC",91
"ACGGCCAGTAGGACAC",54
"ACGGCCAGTATCGCAT",14
"ACGGCCAGTCCAAGTT",75
"ACGGCCAGTCCAGTAT",77
"ACGGCCAGTCGGCACT",51
"ACGGCCAGTGGGTCAA",94
"ACGGCCAGTGTTTGGT",21
"ACGGCCAGTTGTGGCC",22
"ACGGCCAGTTTGTGTG",51
"ACGGCCATCACATGCA",72
"ACGGCCATCCACGACG",30
"ACGGCCATCCGCGCAA",50
"ACGGCCATCGAACTGT",32
"ACGGCCATCGCCAGCA",51
"ACGGCCATCGCTTGTC",94
"ACGGCCATCGTCTGCT",35
"ACGGCCATCTGAAAGA",78
"ACGGGCTAGATGCCAG",23
"ACGGGCTAGCGATCCC",27
"ACGGGCTAGGACAGAA",91
"ACGGGCTAGGCTACGA",37
"ACGGGCTAGGGAGTAA",74
"ACGGGCTAGTCAAGGC",0
"ACGGGCTAGTCCAGGA",25
"ACGGGCTAGTCTTGCA",51
"ACGGGCTAGTGGGATC",45
"ACGGGCTCAAGAAGAG",58
"ACGGGCTCAATGGAGC",19
"ACGGGCTCACCAGGTC",59
"ACGGGCTCAGCCAGAA",33
"ACGGGCTCAGTGGGAT",32
"ACGGGCTCATTCTCAT",54
"ACGGGCTGTAGCGATG",19
"ACGGGCTGTGGCAAAC",54
"ACGGGCTTCACAGGCC",34
"ACGGGCTTCAGAGACG",6
"ACGGGCTTCCCAACGG",74
"ACGGGCTTCGGATGGA",47
"ACGGGCTTCTCGTTTA",39
"ACGGGCTTCTGGCGAC",37
"ACGGGCTTCTTTCCTC",69
"ACGGGTCAGCGGATCA",58
"ACGGGTCAGCTAAGAT",1000
"ACGGGTCAGGAGTACC",86
"ACGGGTCAGTAGCCGA",79
"ACGGGTCAGTGAAGTT",42
"ACGGGTCAGTGGACGT",9
"ACGGGTCAGTTACGGG",59
"ACGGGTCCACCCTATC",93
"ACGGGTCCACTACAGT",13
"ACGGGTCCAGACAGGT",59
"ACGGGTCCAGCCTTTC",46
"ACGGGTCCAGGGTTAG",94
"ACGGGTCCATCCAACA",30
"ACGGGTCCATCTCCCA",83
"ACGGGTCGTAGAGGAA",95
"ACGGGTCGTAGTACCT",75
"ACGGGTCGTGAAGGCT",28
"ACGGGTCGTGCCTGGT",77
"ACGGGTCGTGCCTTGG",63
"ACGGGTCGTGCGGTAA",16
"ACGGGTCGTTACAGAA",66
"ACGGGTCTCAGAGACG",75
"ACGGGTCTCATAGCAC",1000
"ACGGGTCTCATCGCTC",79
"ACGGGTCTCCAGAGGA",20
"ACGGGTCTCGGATGGA",59
"ACGGGTCTCGGCCGAT",65
"ACGTCAAAGCAGGTCA",30
"ACGTCAAAGCTTTGGT",48
"ACGTCAAAGGCCCTCA",57
"ACGTCAAAGTCTCCTC",90
"ACGTCAAAGTGAACGC",20
"ACGTCAAAGTTAGCGG",75
"ACGTCAAAGTTCCACA",1000
"ACGTCAACAAAGCGGT",13
"ACGTCAACAACACCCG",75
"ACGTCAACAATGAATG",27
"ACGTCAACACCATGTA",79
"ACGTCAACAGTATGCT",90
"ACGTCAAGTAAGTAGT",18
"ACGTCAAGTCTCCACT",3
"ACGTCAAGTGATGTCT",66
"ACGTCAAGTGCAGGTA",6
"ACGTCAAGTGGCAAAC",12
"ACGTCAAGTGTTGAGG",54
"ACGTCAATCAGGCCCA",10
"ACGTCAATCATCTGTT",41
"ACGTCAATCATTGCGA",91
"ACGTCAATCCACGACG",3
"ACGTCAATCGCCATAA",1
"ACGTCAATCTAAGCCA",21
"ACGTCAATCTCTGAGA",15
"ACGTCAATCTTGCAAG",20
"ACGTCAATCTTGCATT",55
"ACTATCTAGACTAGGC",33
"ACTATCTAGAGGTTAT",30
"ACTATCTAGCAACGGT",37
"ACTATCTAGGTCGGAT",87
"ACTATCTAGTCGTTTG",78
"ACTATCTCAAGCCGTC",70
"ACTATCTCAAGCTGTT",16
"ACTATCTCACTACAGT",39
"ACTATCTCAGGGAGAG",10
"ACTATCTCAGGTTTCA",33
"ACTATCTCATATGCTG",58
"ACTATCTCATCGATGT",72
"ACTATCTGTAAGGGCT",68
"ACTATCTGTCACCCAG",56
"ACTATCTGTCCGCTGA",13
"ACTATCTGTGCAACTT",31
"ACTATCTTCAACTCTT",59
"ACTATCTTCATACGGT",18
"ACTATCTTCCACTGGG",32
"ACTATCTTCCATGAAC",80
"ACTATCTTCGCTTGTC",10
"ACTATCTTCTATCGCC",94
"ACTATCTTCTGTCTCG",34
"ACTGAACAGAAAGTGG",25
"ACTGAACAGAATCTCC",80
"ACTGAACAGAGTACAT",31
"ACTGAACAGAGTACCG",31
"ACTGAACAGGCGCTCT",86
"ACTGAACAGGGTCTCC",38
"ACTGAACAGTGAAGTT",81
"ACTGAACCAAGCCTAT",20
"ACTGAACCAAGGCTCC",23
"ACTGAACCAATCGGTT",13
"ACTGAACCACACAGAG",42
"ACTGAACCACATTAGC",63
"ACTGAACCACTTCGAA",85
"ACTGAACCATACTACG",39
"ACTGAACCATAGACTC",80
"ACTGAACCATGGATGG",8
"ACTGAACGTAGCGATG",19
"ACTGAACGTCATTAGC",81
"ACTGAACGTCGCGTGT",10
"ACTGAACGTCTCTTTA",50
"ACTGAACGTCTTTCAT",1
"ACTGAACGTTCACGGC",26
"ACTGAACGTTCGAATC",32
"ACTGAACGTTTAGCTG",30
"ACTGAACTCAGCGACC",72
"ACTGAACTCAGTTTGG",32
"ACTGAACTCCATGCTC",75
"ACTGAACTCGCCAGCA",75
"ACTGAACTCTATCCTA",51
"ACTGAACTCTGTCTAT",0
"ACTGAACTCTGTCTCG",54
"ACTGAACTCTTTACGT",40
"ACTGAGTAGACGCAAC",59
"ACTGAGTAGACGCACA",59
"ACTGAGTAGCGTGAGT",8
"ACTGAGTAGGGCATGT",10
"ACTGAGTAGTACGTAA",20
"ACTGAGTAGTTACGGG",30
"ACTGAGTCAATCTGCA",19
"ACTGAGTCACCATGTA",56
"ACTGAGTCACTGTCGG",3
"ACTGAGTCAGCTTAAC",74
"ACTGAGTCATTGCGGC",92
"ACTGAGTGTCGGCATC",24
"ACTGAGTGTCTGCCAG",80
"ACTGAGTGTTGGAGGT",39
"ACTGAGTTCACAATGC",32
"ACTGAGTTCAGTGTTG",30
"ACTGAGTTCCAAGCCG",26
"ACTGAGTTCCAATGGT",8
"ACTGAGTTCCAGTAGT",85
"ACTGAGTTCCGAGCCA",81
"ACTGAGTTCCTAGGGC",82
"ACTGAGTTCCTGCAGG",59
"ACTGAGTTCGATGAGG",42
"ACTGAGTTCGCGTAGC",57
"ACTGAGTTCGGACAAG",44
"ACTGAGTTCTGGTGTA",1000
"ACTGATGAGAAGGGTA",1000
"ACTGATGAGCCCAGCT",87
"ACTGATGAGCCGATTT",3
"ACTGATGAGGACACCA",68
"ACTGATGAGGCCGAAT",79
"ACTGATGAGGGCTCTC",74
"ACTGATGCACCAGGCT",4
"ACTGATGCACGAGAGT",1
"ACTGATGCACGTCTCT",9
"ACTGATGCAGCCAATT",1
"ACTGATGCAGGCAGTA",89
"ACTGATGCATCTCGCT",17
"ACTGATGCATGTTCCC",3
"ACTGATGGTAAGAGAG",94
"ACTGATGGTACACCGC",52
"ACTGATGGTATATCCG",10
"ACTGATGGTCCATGAT",15
"ACTGATGGTCGAACAG",80
"ACTGATGGTCTCTCGT",9
"ACTGATGGTGATAAAC",8
"ACTGATGGTGGTGTAG",10
"ACTGATGGTGTCGCTG",86
"ACTGATGGTTACAGAA",86
"ACTGATGGTTAGTGGG",67
"ACTGATGGTTCTGAAC",75
"ACTGATGTCAGCCTAA",59
"ACTGATGTCCGATATG",1
"ACTGATGTCGAGGTAG",87
"ACTGATGTCTATGTGG",91
"ACTGCTCAGAATTGTG",27
"ACTGCTCAGCGTGAGT",34
"ACTGCTCAGGACAGCT",39
"ACTGCTCAGGGCATGT",30
"ACTGCTCAGTGTCTCA",46
"ACTGCTCAGTTAGGTA",82
"ACTGCTCCAAGGGTCA",37
"ACTGCTCCACATTAGC",80
"ACTGCTCCACCATCCT",48
"ACTGCTCCACCATGTA",74
"ACTGCTCCACTTAAGC",80
"ACTGCTCCAGACGTAG",93
"ACTGCTCCATCACGAT",14
"ACTGCTCCATCTGGTA",74
"ACTGCTCCATGCATGT",61
"ACTGCTCCATTTGCTT",54
"ACTGCTCGTCAAAGCG",39
"ACTGCTCGTCCATCCT",69
"ACTGCTCGTGAAATCA",29
"ACTGCTCGTGAACCTT",51
"ACTGCTCGTGAGGCTA",44
"ACTGCTCGTGGGTATG",39
"ACTGCTCGTTACGACT",62
"ACTGCTCTCGCAGGCT",19
"ACTGCTCTCGGAAATA",23
"ACTGCTCTCGGATGGA",54
"ACTGCTCTCTAAGCCA",91
"ACTGCTCTCTTAGAGC",13
"ACTGTCCAGCGAGAAA",38
"ACTGTCCAGCGTGAGT",20
"ACTGTCCAGCTAGGCA",20
"ACTGTCCAGGCATGTG",1000
"ACTGTCCAGTAGCGGT",94
"ACTGTCCAGTCTCCTC",59
"ACTGTCCAGTTATCGC",71
"ACTGTCCCAAAGGAAG",1000
"ACTGTCCCAAGGACTG",71
"ACTGTCCCACAAGACG",36
"ACTGTCCCACGAAGCA",36
"ACTGTCCCACGCTTTC",81
"ACTGTCCCACTTACGA",76
"ACTGTCCCAGAAGCAC",58
"ACTGTCCCAGCAGTTT",50
"ACTGTCCCAGGGAGAG",94
"ACTGTCCGTCCAGTTA",20
"ACTGTCCGTCCGAACC",5
"ACTGTCCGTCGCATAT",30
"ACTGTCCTCGAGAACG",20
"ACTGTCCTCGTGGACC",75
"ACTTACTAGATGTGTA",80
"ACTTACTAGCGCTTAT",91
"ACTTACTAGCGTCAAG",80
"ACTTACTAGCTAGTCT",68
"ACTTACTAGCTGAACG",75
"ACTTACTAGGTAGCCA",24
"ACTTACTAGGTTACCT",68
"ACTTACTAGTGAAGAG",10
"ACTTACTAGTGTCCAT",58
"ACTTACTCAAGCGATG",59
"ACTTACTCACACGCTG",26
"ACTTACTCACACTGCG",59
"ACTTACTCAGTAAGCG",91
"ACTTACTCAGTCGATT",14
"ACTTACTCATAAAGGT",59
"ACTTACTCATCCGCGA",85
"ACTTACTCATCCTAGA",81
"ACTTACTGTACGAAAT",86
"ACTTACTGTAGCTCCG",26
"ACTTACTGTCGAACAG",59
"ACTTACTGTGTTTGTG",30
"ACTTACTTCAGGTTCA",1
"ACTTACTTCCGAACGC",51
"ACTTACTTCCGCAGTG",32
"ACTTACTTCCGGGTGT",1000
"ACTTACTTCCTTCAAT",75
"ACTTACTTCGGCCGAT",32
"ACTTACTTCGTGTAGT",30
"ACTTACTTCTGGTATG",94
"ACTTGTTAGAATGTGT",69
"ACTTGTTAGAGCCCAA",21
"ACTTGTTAGGTAGCTG",64
"ACTTGTTAGGTGCAAC",30
"ACTTGTTAGTGTGGCA",85
"ACTTGTTAGTGTTAGA",20
"ACTTGTTCAACTGCTA",11
"ACTTGTTCACGCGAAA",61
"ACTTGTTCACTAAGTC",56
"ACTTGTTCAGTGAGTG",75
"ACTTGTTCATGTAGTC",32
"ACTTGTTGTAGCGCAA",89
"ACTTGTTGTCGACTAT",87
"ACTTGTTGTCTAAACC",13
"ACTTGTTGTCTCAACA",54
"ACTTGTTGTGCAGACA",59
"ACTTGTTTCACCCGAG",86
"ACTTGTTTCATACGGT",86
"ACTTGTTTCCAACCAA",53
"ACTTGTTTCCCATTAT",75
"ACTTGTTTCCGTACAA",81
"ACTTGTTTCGCGCCAA",71
"ACTTGTTTCGCTTGTC",14
"ACTTGTTTCGTACCGG",51
"ACTTGTTTCGTTGCCT",60
"ACTTGTTTCTCCAACC",51
"ACTTGTTTCTTAGCCC",27
"ACTTTCAAGAAACCAT",59
"ACTTTCAAGAGGGCTT",15
"ACTTTCAAGGAGTAGA",0
"ACTTTCAAGTACCGGA",20
"ACTTTCAAGTGAACGC",20
"ACTTTCACAAGACACG",19
"ACTTTCACAAGCCGTC",93
"ACTTTCACACCGGAAA",16
"ACTTTCACAGGACCCT",61
"ACTTTCACATCACGAT",19
"ACTTTCACATCGGACC",13
"ACTTTCAGTACAGTGG",63
"ACTTTCAGTACCCAAT",68
"ACTTTCAGTAGGAGTC",79
"ACTTTCAGTATTACCG",59
"ACTTTCAGTCATGCAT",68
"ACTTTCAGTCGGGTCT",37
"ACTTTCAGTTAAGACA",81
"ACTTTCAGTTCGTCTC",87
"ACTTTCAGTTTGACAC",62
"ACTTTCAGTTTGTTTC",10
"ACTTTCATCAAAGTAG",38
"ACTTTCATCACAACGT",13
"ACTTTCATCACATAGC",3
"ACTTTCATCAGAGCTT",1
"ACTTTCATCAGCTCTC",34
"ACTTTCATCCAAACTG",9
"ACTTTCATCCAGAGGA",19
"ACTTTCATCCAGGGCT",48
"ACTTTCATCCCATTTA",32
"ACTTTCATCCTTTCTC",27
"ACTTTCATCGCCCTTA",9
"ACTTTCATCGCCTGAG",76
"ACTTTCATCGGAGGTA",53
"ACTTTCATCTAGAGTC",74
"ACTTTCATCTTGCAAG",1000
"AGAATAGAGAGTGACC",89
"AGAATAGAGCGGCTTC",13
"AGAATAGAGGATGTAT",30
"AGAATAGCAAGTACCT",6
"AGAATAGCACAACTGT",83
"AGAATAGCACAAGCCC",26
"AGAATAGCAGACGCCT",59
"AGAATAGCAGGTCCAC",82
"AGAATAGCAGTCACTA",17
"AGAATAGCATGACGGA",26
"AGAATAGGTAAGAGAG",94
"AGAATAGGTAATCGTC",93
"AGAATAGGTCCTCTTG",92
"AGAATAGGTGTGGTTT",1000
"AGAATAGGTTCCCTTG",51
"AGAATAGTCAGCTTAG",35
"AGAATAGTCAGTGTTG",48
"AGAATAGTCATGTAGC",30
"AGAATAGTCCCAACGG",64
"AGAATAGTCCTAGGGC",69
"AGAATAGTCGTAGATC",26
"AGAATAGTCTGCTTGC",29
"AGACGTTAGCATCATC",68
"AGACGTTAGCCGCCTA",47
"AGACGTTAGCGATTCT",68
"AGACGTTAGCGCTTAT",90
"AGACGTTAGCGTGTCC",78
"AGACGTTAGCGTTTAC",1000
"AGACGTTAGCTAACAA",62
"AGACGTTAGGACTGGT",93
"AGACGTTAGTACGATA",20
"AGACGTTAGTCAATAG",68
"AGACGTTAGTTCCACA",14
"AGACGTTCAAACTGTC",71
"AGACGTTCAAAGGCGT",26
"AGACGTTCAAGTAATG",75
"AGACGTTCAATGAATG",14
"AGACGTTCACGCCAGT",88
"AGACGTTCACGGTTTA",37
"AGACGTTCAGCAGTTT",81
"AGACGTTCATCGGGTC",93
"AGACGTTCATGCCACG",45
"AGACGTTGTAGCGCAA",30
"AGACGTTGTGGTAACG",85
"AGACGTTGTTCTGGTA",59
"AGACGTTGTTGGTTTG",1
"AGACGTTTCACCCTCA",91
"AGACGTTTCATAACCG",27
"AGACGTTTCCGTTGCT",86
"AGACGTTTCCTAAGTG",32
"AGACGTTTCGATAGAA",19
"AGACGTTTCGCGTTTC",65
"AGACGTTTCGGAGGTA",1000
"AGACGTTTCGTAGATC",13
"AGACGTTTCTCGAGTA",32
"AGACGTTTCTGATTCT",52
"AGAGCGAAGCAATATG",40
"AGAGCGAAGCCTATGT",94
"AGAGCGAAGCGAGAAA",61
"AGAGCGAAGGAATGGA",30
"AGAGCGAAGGCGTACA",53
"AGAGCGAAGTAGTGCG",21
"AGAGCGACACAACGCC",79
"AGAGCGACACCCATGG",20
"AGAGCGACACGAAGCA",87
"AGAGCGACAGCCAGAA",72
"AGAGCGACATACAGCT",11
"AGAGCGACATCCTTGC",81
"AGAGCGAGTAACGACG",33
"AGAGCGAGTAGGCTGA",48
"AGAGCGAGTCACACGC",36
"AGAGCGAGTCCAAGTT",26
"AGAGCGAGTCCAGTAT",69
"AGAGCGAGTCCGAATT",1
"AGAGCGAGTCGAGTTT",86
"AGAGCGAGTCGCGTGT",36
"AGAGCGAGTGTTTGTG",10
"AGAGCGATCACATGCA",20
"AGAGCGATCACCTTAT",75
"AGAGCGATCAGAAATG",8
"AGAGCGATCATACGGT",82
"AGAGCGATCATCGCTC",75
"AGAGCGATCCATTCTA",86
"AGAGCGATCCCAACGG",43
"AGAGCGATCTGTCTAT",10
"AGAGCGATCTTGCAAG",87
"AGAGCTTAGCACACAG",13
"AGAGCTTAGCAGATCG",14
"AGAGCTTAGCTCCTTC",86
"AGAGCTTAGGCTACGA",92
"AGAGCTTAGTGACTCT",27
"AGAGCTTAGTGCAAGC",76
"AGAGCTTCAAGAGGCT",69
"AGAGCTTCATCCCACT",85
"AGAGCTTCATTCTCAT",44
"AGAGCTTGTACAAGTA",74
"AGAGCTTGTCATATCG",13
"AGAGCTTGTCTCTTTA",86
"AGAGCTTGTGTAAGTA",86
"AGAGCTTGTTCCGTCT",80
"AGAGCTTGTTGTCTTT",93
"AGAGCTTTCAAACCAC",83
"AGAGCTTTCAGGCCCA",33
"AGAGCTTTCCCTAATT",54
"AGAGCTTTCGAATCCA",47
"AGAGCTTTCGTCGTTC",32
"AGAGCTTTCTATCCTA",74
"AGAGCTTTCTATGTGG",27
"AGAGTGGAGATATGCA",75
"AGAGTGGAGCGCTCCA",71
"AGAGTGGAGGACAGCT",62
"AGAGTGGAGGGATCTG",66
"AGAGTGGCAATGAATG",85
"AGAGTGGCACCTCGGA",85
"AGAGTGGCATGACATC",40
"AGAGTGGCATTCACTT",59
"AGAGTGGGTACAGTTC",38
"AGAGTGGGTAGCAAAT",1000
"AGAGTGGGTAGCACGA",51
"AGAGTGGGTCAAAGCG",21
"AGAGTGGGTCGATTGT",81
"AGAGTGGGTCGCGAAA",8
"AGAGTGGGTGAAGGCT",30
"AGAGTGGTCAAACCAC",8
"AGAGTGGTCAGTACGT",76
"AGAGTGGTCATCTGTT",7
"AGAGTGGTCATGTAGC",32
"AGAGTGGTCCAGTAGT",74
"AGAGTGGTCGTTACGA",76
"AGAGTGGTCTTGCCGT",12
"AGATCTGAGATGCGAC",38
"AGATCTGAGCGTAGTG",1000
"AGATCTGAGCTGAACG",51
"AGATCTGAGCTGCGAA",33
"AGATCTGAGGATGGAA",1000
"AGATCTGAGGCATGTG",16
"AGATCTGCAACAACCT",33
"AGATCTGCAAGTTAAG",3
"AGATCTGCACCGAAAG",13
"AGATCTGCAGCCACCA",18
"AGATCTGCAGCTCCGA",53
"AGATCTGCAGGGTATG",66
"AGATCTGCATCACAAC",63
"AGATCTGCATCCCACT",9
"AGATCTGCATTGCGGC",87
"AGATCTGGTAACGTTC",63
"AGATCTGGTACCGTTA",15
"AGATCTGGTTAAGATG",7
"AGATCTGGTTCCGTCT",51
"AGATCTGGTTGCGCAC",69
"AGATCTGTCACAACGT",52
"AGATCTGTCACCGTAA",46
"AGATCTGTCCACGTGG",13
"AGATCTGTCCGTCAAA",82
"AGATCTGTCGAATGCT",39
"AGATCTGTCGGATGTT",20
"AGATCTGTCGTGGGAA",80
"AGATCTGTCTCCGGTT",2
"AGATCTGTCTCGGACG",8
"AGATTGCAGAAACCAT",80
"AGATTGCAGCGAAGGG",86
"AGATTGCAGGATGGTC",10
"AGATTGCAGGCGCTCT",87
"AGATTGCCAACGATCT",88
"AGATTGCCAAGGACTG",54
"AGATTGCCACCTATCC",69
"AGATTGCCACGAAAGC",86
"AGATTGCCACTTCTGC",54
"AGATTGCCAGAGTGTG",19
"AGATTGCCAGCGTTCG",1000
"AGATTGCGTAAGTTCC",1000
"AGATTGCGTAGTAGTA",1000
"AGATTGCGTCAAAGAT",10
"AGATTGCGTCCATCCT",15
"AGATTGCGTGCAACTT",0
"AGATTGCGTTCCTCCA",8
"AGATTGCTCATCTGCC",43
"AGATTGCTCCCTGACT",80
"AGATTGCTCGTTTGCC",35
"AGATTGCTCTACTATC",20
"AGCAGCCAGAGTTGGC",9
"AGCAGCCAGATATGCA",28
"AGCAGCCAGCCACGCT",1
"AGCAGCCAGCCAGGAT",75
"AGCAGCCAGCTAAGAT",1
"AGCAGCCAGGCACATG",2
"AGCAGCCAGGCCATAG",4
"AGCAGCCAGGTGGGTT",13
"AGCAGCCAGTCGATAA",55
"AGCAGCCAGTGAAGTT",92
"AGCAGCCAGTGTCCCG",80
"AGCAGCCCAGATTGCT",16
"AGCAGCCCAGCCTTGG",91
"AGCAGCCCATGGAATA",0
"AGCAGCCCATGTTGAC",75
"AGCAGCCGTAAGAGAG",14
"AGCAGCCGTACAGACG",6
"AGCAGCCGTTACCAGT",19
"AGCAGCCGTTACGACT",94
"AGCAGCCGTTCCTCCA",27
"AGCAGCCGTTTGTTGG",29
"AGCAGCCTCCACTGGG",68
"AGCAGCCTCCCTCTTT",14
"AGCAGCCTCCTCAATT",42
"AGCAGCCTCCTTTCTC",38
"AGCAGCCTCTAACTCT",28
"AGCATACAGACGACGT",66
"AGCATACAGGACACCA",74
"AGCATACAGGACATTA",32
"AGCATACAGTACGCGA",0
"AGCATACAGTCATCCA",62
"AGCATACAGTCGAGTG",8
"AGCATACAGTGGCACA",93
"AGCATACCAATCACAC",0
"AGCATACCACATCCGG",27
"AGCATACCACCGTTGG",43
"AGCATACCAGACGCCT",1000
"AGCATACCATAAGACA",40
"AGCATACCATCCGTGG",87
"AGCATACCATCGGTTA",7
"AGCATACGTAGAGCTG",31
"AGCATACGTCTAGTCA",26
"AGCATACGTGCATCTA",54
"AGCATACGTGCGGTAA",65
"AGCATACGTGTAAGTA",30
"AGCATACGTTCAGGCC",74
"AGCATACTCAATCACG",16
"AGCATACTCATGTGGT",78
"AGCATACTCGTTACAG",77
"AGCATACTCGTTGCCT",94
"AGCATACTCTCGCTTG",33
"AGCATACTCTGATACG",86
"AGCCTAAAGAAGGACA",51
"AGCCTAAAGAGGTACC",39
"AGCCTAAAGATGTGTA",90
"AGCCTAAAGCCTCGTG",46
"AGCCTAAAGTATCTCG",62
"AGCCTAAAGTGTCCCG",79
"AGCCTAACAAGCTGAG",58
"AGCCTAACAATCGAAA",22
"AGCCTAACACATCTTT",20
"AGCCTAACACATGTGT",54
"AGCCTAACACGACGAA",65
"AGCCTAACAGATCTGT",38
"AGCCTAACAGCAGTTT",38
"AGCCTAACATCCTAGA",81
"AGCCTAACATTGGCGC",1000
"AGCCTAAGTAAACCTC",30
"AGCCTAAGTAAATACG",26
"AGCCTAAGTATTCGTG",10
"AGCCTAAGTCAGATAA",1000
"AGCCTAAGTCCGAATT",26
"AGCCTAAGTCCTGCTT",31
"AGCCTAAGTCGCTTCT",7
"AGCCTAAGTGATAAAC",9
"AGCCTAAGTTATCGGT",65
"AGCCTAAGTTCATGGT",20
"AGCCTAAGTTCTGGTA",94
"AGCCTAATCATATCGG",85
"AGCCTAATCCAAACTG",29
"AGCCTAATCCCAGGTG",20
"AGCCTAATCGCCATAA",8
"AGCCTAATCGTCCGTT",32
"AGCCTAATCTATCCCG",56
"AGCCTAATCTCGTATT",75
"AGCGGTCAGAATAGGG",44
"AGCGGTCAGATCTGCT",50
"AGCGGTCAGCGAGAAA",83
"AGCGGTCAGCTCCTCT",3
"AGCGGTCAGGAATTAC",85
"AGCGGTCAGTCTCAAC",6
"AGCGGTCAGTGATCGG",48
"AGCGGTCAGTTAAGTG",62
"AGCGGTCCAATCTACG",75
"AGCGGTCCAGATCGGA",39
"AGCGGTCCAGCGATCC",51
"AGCGGTCCAGTCAGCC",84
"AGCGGTCGTAAGCACG",43
"AGCGGTCGTATAGGTA",5
"AGCGGTCGTCAATACC",1
"AGCGGTCGTCCGCTGA",30
"AGCGGTCGTGCGAAAC",32
"AGCGGTCGTGGTTTCA",92
"AGCGGTCGTTCAGTAC",43
"AGCGGTCGTTTGTTGG",38
"AGCGGTCTCAAGATCC",93
"AGCGGTCTCAGAGACG",39
"AGCGGTCTCATGTGGT",0
"AGCGGTCTCCAACCAA",70
"AGCGTATAGAAGCCCA",8
"AGCGTATAGAAGGGTA",41
"AGCGTATAGAGACTTA",13
"AGCGTATAGAGATGAG",94
"AGCGTATAGCTGTCTA",8
"AGCGTATAGGGCTTCC",32
"AGCGTATAGTACGTTC",44
"AGCGTATAGTCCGGTC",10
"AGCGTATCAATCGGTT",1
"AGCGTATCAATGAAAC",92
"AGCGTATCACACTGCG",31
"AGCGTATCACCGGAAA",25
"AGCGTATCACTGCCAG",10
"AGCGTATCAGCTCCGA",13
"AGCGTATCAGCTTCGG",48
"AGCGTATCATGCTGGC",66
"AGCGTATGTATCAGTC",54
"AGCGTATGTGCGAAAC",70
"AGCGTATGTGTTTGTG",59
"AGCGTATGTTACGGAG",6
"AGCGTATGTTGATTCG",2
"AGCGTATGTTGGGACA",15
"AGCGTATTCAGGATCT",6
"AGCGTATTCATATCGG",68
"AGCGTATTCCCGACTT",20
"AGCGTATTCGGAATCT",1000
"AGCGTATTCGTCGTTC",95
"AGCGTATTCTGGTATG",57
"AGCGTATTCTGTCTCG",20
"AGCGTATTCTTGTTTG",82
"AGCGTCGAGAAACGAG",82
"AGCGTCGAGAGACTTA",8
"AGCGTCGAGATAGCAT",65
"AGCGTCGAGATCCGAG",32
"AGCGTCGAGCCCAACC",12
"AGCGTCGAGCGTAATA",65
"AGCGTCGAGGTGTTAA",25
"AGCGTCGAGTACATGA",2
"AGCGTCGAGTGGTAAT",33
"AGCGTCGCAATCTACG",87
"AGCGTCGCACTCAGGC",1000
"AGCGTCGCAGACGCTC",94
"AGCGTCGCATCGGAAG",88
"AGCGTCGCATGCAATC",86
"AGCGTCGCATTCTTAC",65
"AGCGTCGGTACGCACC",19
"AGCGTCGGTACTTAGC",80
"AGCGTCGGTAGGACAC",37
"AGCGTCGGTCCAAGTT",56
"AGCGTCGGTCCATGAT",40
"AGCGTCGGTCTTGTCC",80
"AGCGTCGGTGGCGAAT",86
"AGCGTCGGTGTCTGAT",13
"AGCGTCGGTTATCACG",75
"AGCGTCGGTTGAGGTG",3
"AGCGTCGTCACAAACC",94
"AGCGTCGTCCTTTCTC",26
"AGCGTCGTCGGTTAAC",86
"AGCTCCTAGACGCTTT",43
"AGCTCCTAGAGGTAGA",91
"AGCTCCTAGGAACTGC",87
"AGCTCCTAGGCAATTA",21
"AGCTCCTAGGGCTTGA",87
"AGCTCCTCACGGTGTC",26
"AGCTCCTCACGTCAGC",86
"AGCTCCTCACTTAAGC",13
"AGCTCCTCAGGGTTAG",3
"AGCTCCTCATCACAAC",78
"AGCTCCTGTACTTGAC",23
"AGCTCCTGTAGATTAG",81
"AGCTCCTGTAGCTAAA",8
"AGCTCCTGTCGAATCT",26
"AGCTCCTGTCTAGTCA",63
"AGCTCCTGTTGAGTTC",75
"AGCTCCTGTTGTTTGG",56
"AGCTCCTTCGCAAGCC",80
"AGCTCCTTCGTACGGC",79
"AGCTCCTTCGTGGGAA",68
"AGCTCCTTCTCTGCTG",34
"AGCTCTCAGCGACGTA",44
"AGCTCTCAGGAGCGTT",91
"AGCTCTCAGTGGCACA",10
"AGCTCTCCAAAGTCAA",1
"AGCTCTCCACAAGTAA",0
"AGCTCTCCACAGGCCT",92
"AGCTCTCCAGTCAGAG",38
"AGCTCTCCAGTTCATG",31
"AGCTCTCCATGCAACT",94
"AGCTCTCCATGTCTCC",11
"AGCTCTCGTAAGCACG",54
"AGCTCTCGTAATCGTC",3
"AGCTCTCGTCTCTCGT",75
"AGCTCTCGTGCAACGA",19
"AGCTCTCGTGCAGACA",32
"AGCTCTCGTTTGGGCC",51
"AGCTCTCTCAACACCA",10
"AGCTCTCTCAAGATCC",33
"AGCTCTCTCACCTTAT",36
"AGCTCTCTCACGCATA",77
"AGCTCTCTCAGCTGGC",1000
"AGCTCTCTCGCGTAGC",30
"AGCTCTCTCTACCAGA",51
"AGCTCTCTCTACTATC",85
"AGCTTGAAGAAACGAG",93
"AGCTTGAAGCTGTTCA",57
"AGCTTGAAGGCTACGA",79
"AGCTTGAAGTATCGAA",32
"AGCTTGACAAGCCATT",28
"AGCTTGACACAAGTAA",87
"AGCTTGACAGCCACCA",91
"AGCTTGACAGTATCTG",3
"AGCTTGACATACGCCG",94
"AGCTTGAGTATTCTCT",2
"AGCTTGAGTCAACATC",40
"AGCTTGAGTGGCTCCA",75
"AGCTTGAGTTAAAGTG",18
"AGCTTGAGTTCCTCCA",79
"AGCTTGAGTTGATTGC",43
"AGCTTGATCACATAGC",87
"AGCTTGATCGGATGTT",40
"AGCTTGATCGGTTCGG",54
"AGCTTGATCGTACCGG",74
"AGGCCACAGCGCCTCA",10
"AGGCCACAGCTAACTC",9
"AGGCCACAGTAACCCT",54
"AGGCCACAGTCGAGTG",60
"AGGCCACAGTGAACAT",20
"AGGCCACCAAGGTTCT",46
"AGGCCACCAATGCCAT",92
"AGGCCACCAATTCCTT",1
"AGGCCACCAGCGATCC",54
"AGGCCACCATCTCCCA",1000
"AGGCCACGTAGTAGTA",86
"AGGCCACGTCATCGGC",20
"AGGCCACGTCGCTTCT",13
"AGGCCACGTCTCTCTG",1
"AGGCCACGTCTGATTG",21
"AGGCCACGTGTCTGAT",0
"AGGCCACGTTGAGTTC",32
"AGGCCACGTTGATTGC",92
"AGGCCACTCAAACCAC",53
"AGGCCACTCACAGGCC",75
"AGGCCACTCAGAGGTG",44
"AGGCCACTCGAATGGG",74
"AGGCCACTCGAGGTAG",32
"AGGCCACTCTCTGCTG",31
"AGGCCGTAGACAAAGG",93
"AGGCCGTAGAGCTGCA",66
"AGGCCGTAGAGTGAGA",58
"AGGCCGTAGATGTGGC",85
"AGGCCGTAGCCTTGAT",10
"AGGCCGTAGCGCTTAT",60
"AGGCCGTAGGGTTCCC",4
"AGGCCGTAGGTGGGTT",54
"AGGCCGTAGTAGATGT",86
"AGGCCGTAGTCTTGCA",30
"AGGCCGTCAAGAAGAG",41
"AGGCCGTCACGAGGTA",58
"AGGCCGTCAGTAAGAT",7
"AGGCCGTGTTAAGGGC",57
"AGGCCGTTCACGACTA",56
"AGGCCGTTCAGAGACG",25
"AGGCCGTTCCCAGGTG",53
"AGGCCGTTCCCTGACT",10
"AGGCCGTTCCTTGACC",27
"AGGCCGTTCGAGCCCA",91
"AGGCCGTTCGCATGAT",11
"AGGCCGTTCGCCAGCA",17
"AGGCCGTTCGGAATCT",93
"AGGCCGTTCTACGAGT",20
"AGGCCGTTCTATCCTA",3
"AGGCCGTTCTTTAGGG",1000
"AGGGAGTAGGTGACCA",54
"AGGGAGTAGTGCCATT",75
"AGGGAGTCAAACGCGA",4
"AGGGAGTCACGCTTTC",48
"AGGGAGTCAGACAAAT",14
"AGGGAGTCAGGCAGTA",8
"AGGGAGTCATACTACG",5
"AGGGAGTGTAAAGGAG",0
"AGGGAGTGTACTTGAC",76
"AGGGAGTGTCATATGC",26
"AGGGAGTGTGGTCCGT",14
"AGGGAGTGTTCGGCAC",38
"AGGGAGTGTTGTCTTT",81
"AGGGAGTGTTTGGCGC",91
"AGGGAGTTCACAGTAC",6
"AGGGAGTTCATCGATG",69
"AGGGAGTTCATGCTCC",79
"AGGGAGTTCTTATCTG",25
"AGGGATGAGACCCACC",21
"AGGGATGAGACTACAA",59
"AGGGATGAGATCGGGT",93
"AGGGATGAGCCGGTAA",68
"AGGGATGAGCGGATCA",28
"AGGGATGAGCTAAACA",14
"AGGGATGAGCTGGAAC",14
"AGGGATGAGGTACTCT",67
"AGGGATGAGTGGAGTC",25
"AGGGATGAGTTCGATC",1000
"AGGGATGCAAATTGCC",10
"AGGGATGCAAGTACCT",6
"AGGGATGCACAGTCGC",77
"AGGGATGCACTTAACG",55
"AGGGATGCAGGACGTA",55
"AGGGATGCAGGTCTCG",15
"AGGGATGCATGGTCAT",11
"AGGGATGGTCCTAGCG",10
"AGGGATGGTCTACCTC",1000
"AGGGATGGTGGCTCCA",32
"AGGGATGGTGTGCGTC",44
"AGGGATGGTTTCGCTC",52
"AGGGATGGTTTGACTG",23
"AGGGATGTCAGCACAT",1000
"AGGGATGTCCTAGAAC",44
"AGGGATGTCGGCGGTT",6
"AGGGATGTCGTAGGAG",37
"AGGGTGAAGAATCTCC",57
"AGGGTGAAGAGGGCTT",40
"AGGGTGAAGAGGTTGC",18
"AGGGTGAAGCCAGGAT",80
"AGGGTGAAGGCTAGCA",10
"AGGGTGAAGGTGATTA",19
"AGGGTGAAGGTTCCTA",36
"AGGGTGAAGTACTTGC",8
"AGGGTGAAGTTGCAGG",1
"AGGGTGACACCACCAG",32
"AGGGTGACACTTAAGC",59
"AGGGTGACAGAGTGTG",62
"AGGGTGACAGCTCGCA",13
"AGGGTGACAGTAACGG",33
"AGGGTGACAGTTCCCT",9
"AGGGTGACATCGATGT",30
"AGGGTGAGTAACGTTC",91
"AGGGTGAGTATTAGCC",85
"AGGGTGAGTCGCATCG",13
"AGGGTGAGTCGCCATG",26
"AGGGTGAGTCGGGTCT",87
"AGGGTGAGTGAAGGCT",91
"AGGGTGAGTTCCAACA",38
"AGGGTGAGTTCCGTCT",81
"AGGGTGATCAGCCTAA",68
"AGGGTGATCCAAAGTC",30
"AGGGTGATCCGTCAAA",28
"AGGGTGATCGTAGGAG",62
"AGGGTGATCTTGTATC",15
"AGGTCATAGAGACGAA",48
"AGGTCATAGATGCCAG",30
"AGGTCATAGCCGTCGT",38
"AGGTCATAGGCATGGT",15
"AGGTCATCACAGAGGT",36
"AGGTCATCACATCTTT",47
"AGGTCATCAGGGTATG",53
"AGGTCATCATCGGAAG",91
"AGGTCATCATCGGGTC",85
"AGGTCATGTACCCAAT",44
"AGGTCATGTCATATCG",92
"AGGTCATGTCCGAACC",88
"AGGTCATGTCTAGGTT",28
"AGGTCATGTCTTGTCC",92
"AGGTCATTCACCGGGT",9
"AGGTCATTCATCGCTC",62
"AGGTCATTCCCAAGAT",10
"AGGTCATTCCTCATTA",8
"AGGTCATTCGATAGAA",8
"AGGTCCGAGCAGATCG",86
"AGGTCCGAGCCACGTC",81
"AGGTCCGAGCTACCGC",19
"AGGTCCGAGGATGCGT",90
"AGGTCCGAGGCGATAC",43
"AGGTCCGAGGGATGGG",81
"AGGTCCGCACGTGAGA",20
"AGGTCCGCATGGTTGT",27
"AGGTCCGCATTCCTCG",82
"AGGTCCGCATTGGGCC",42
"AGGTCCGGTAAGGATT",26
"AGGTCCGGTATAGTAG",48
"AGGTCCGGTATTCGTG",79
"AGGTCCGGTCCTCCAT",11
"AGGTCCGGTGCAGTAG",6
"AGGTCCGGTGCATCTA",27
"AGGTCCGGTGTTCGAT",10
"AGGTCCGGTTCGGCAC",13
"AGGTCCGGTTTAAGCC",36
"AGGTCCGTCGGATGGA",21
"AGGTCCGTCTCTGAGA",74
"AGGTCCGTCTGGTTCC",72
"AGTAGTCAGAATAGGG",30
"AGTAGTCAGACCCACC",74
"AGTAGTCAGAGCTGGT",14
"AGTAGTCAGATAGTCA",3
"AGTAGTCAGCGTTCCG",25
"AGTAGTCAGCTAGTCT",71
"AGTAGTCAGGTACTCT",1000
"AGTAGTCCAACACCTA",91
"AGTAGTCCAACGATCT",13
"AGTAGTCCAATCGAAA",33
"AGTAGTCCACGCATCG",54
"AGTAGTCCACGGCGTT",91
"AGTAGTCCACGTGAGA",38
"AGTAGTCCAGCAGTTT",66
"AGTAGTCCAGCCTGTG",67
"AGTAGTCCATCCGGGT",21
"AGTAGTCGTACCAGTT",39
"AGTAGTCGTCTTCTCG",0
"AGTAGTCGTGTGAAAT",52
"AGTAGTCGTGTTGAGG",14
"AGTAGTCGTTTGTGTG",75
"AGTAGTCTCAGCACAT",54
"AGTAGTCTCTCCAGGG",31
"AGTAGTCTCTTGGGTA",51
"AGTAGTCTCTTTACAC",11
"AGTCTTTAGACCTTTG",56
"AGTCTTTAGAGGTAGA",5
"AGTCTTTAGAGGTTAT",75
"AGTCTTTAGCCACGCT",38
"AGTCTTTAGCTGTTCA",26
"AGTCTTTAGGATTCGG",30
"AGTCTTTAGGCTCATT",30
"AGTCTTTAGGGATGGG",47
"AGTCTTTAGTCGTTTG",1000
"AGTCTTTCAACTGGCC",1
"AGTCTTTCAATGGACG",46
"AGTCTTTCACAACGCC",18
"AGTCTTTCACAGGAGT",94
"AGTCTTTCACCACGTG",81
"AGTCTTTCACCAGGCT",13
"AGTCTTTCACCCATTC",37
"AGTCTTTCACGGCGTT",59
"AGTCTTTCAGACGCCT",94
"AGTCTTTCAGTATAAG",20
"AGTCTTTCATTACGAC",47
"AGTCTTTCATTCACTT",58
"AGTCTTTCATTTGCCC",59
"AGTCTTTGTAGCACGA",66
"AGTCTTTGTCAAACTC",51
"AGTCTTTGTCAGAGGT",1000
"AGTCTTTGTCTTGATG",11
"AGTCTTTGTGACTCAT",88
"AGTCTTTGTTATCCGA",68
"AGTCTTTTCACCACCT",55
"AGTCTTTTCAGTGTTG",65
"AGTCTTTTCCAAACTG",58
"AGTCTTTTCCCTGACT",14
"AGTCTTTTCCGAAGAG",25
"AGTCTTTTCCGCGGTA",20
"AGTCTTTTCGCCGTGA",76
"AGTCTTTTCTGCAGTA",3
"AGTGAGGAGACAGACC",10
"AGTGAGGAGACTAAGT",75
"AGTGAGGAGCCACTAT",58
"AGTGAGGAGCGATGAC",66
"AGTGAGGAGCTAAACA",85
"AGTGAGGAGCTCAACT",83
"AGTGAGGAGTGGGCTA",39
"AGTGAGGCAAACCCAT",50
"AGTGAGGCACCGCTAG",75
"AGTGAGGCACGTTGGC",79
"AGTGAGGCATCGGAAG",89
"AGTGAGGCATTACGAC",47
"AGTGAGGGTCCCTTGT",60
"AGTGAGGTCAACACAC",25
"AGTGAGGTCAACCAAC",37
"AGTGAGGTCACGGTTA",9
"AGTGAGGTCACTCCTG",3
"AGTGAGGTCATTGCGA",42
"AGTGAGGTCTACTTAC",62
"AGTGGGAAGACATAAC",65
"AGTGGGAAGCCATCGC",32
"AGTGGGAAGCGTGAGT",85
"AGTGGGAAGGACACCA",80
"AGTGGGAAGGCCCTCA",30
"AGTGGGAAGTACGCGA",38
"AGTGGGACAACACCTA",32
"AGTGGGACAAGCGCTC",30
"AGTGGGACAAGGACAC",13
"AGTGGGACAATAGCAA",63
"AGTGGGACACCACGTG",61
"AGTGGGACACGGCGTT",15
"AGTGGGACAGACAAGC",85
"AGTGGGACAGATGGCA",66
"AGTGGGACAGGATCGA",68
"AGTGGGACAGTTTACG",93
"AGTGGGACATAGAAAC",1
"AGTGGGACATGCATGT",30
"AGTGGGAGTTCCGTCT",3
"AGTGGGAGTTGTCTTT",43
"AGTGGGATCAAGCCTA",45
"AGTGGGATCAGAAATG",33
"AGTGGGATCAGCCTAA",1000
"AGTGGGATCATACGGT",20
"AGTGGGATCGGTTCGG",20
"AGTGGGATCTAAGCCA",69
"AGTGGGATCTCGTATT",93
"AGTGTCAAGCGATTCT",59
"AGTGTCAAGCGTGTCC",42
"AGTGTCAAGCGTTCCG",30
"AGTGTCAAGGGTGTTG",1000
"AGTGTCAAGGGTTTCT",8
"AGTGTCACAAGCTGAG",13
"AGTGTCACAATCTGCA",37
"AGTGTCACACCACGTG",20
"AGTGTCACAGCGAACA",20
"AGTGTCACAGGACCCT",5
"AGTGTCACAGGGAGAG",13
"AGTGTCACAGTACACT",52
"AGTGTCACATCCGTGG",53
"AGTGTCACATCGTCGG",37
"AGTGTCACATTATCTC",48
"AGTGTCAGTACAAGTA",20
"AGTGTCAGTAGCGTCC",90
"AGTGTCAGTCAAAGCG",28
"AGTGTCAGTCTGCCAG",10
"AGTGTCAGTGAAGGCT",1000
"AGTGTCAGTGATAAGT",14
"AGTGTCAGTGCAGACA",69
"AGTGTCAGTGCGATAG",20
"AGTGTCAGTTCCACAA",11
"AGTGTCAGTTCCACTC",74
"AGTGTCAGTTTAGGAA",62
"AGTGTCATCAAACCAC",71
"AGTGTCATCCAAGCCG",20
"AGTGTCATCCTATGTT",44
"AGTGTCATCTGGGCCA",73
"AGTGTCATCTTCGGTC",3
"AGTGTCATCTTTCCTC",10
"AGTTGGTAGACACTAA",27
"AGTTGGTAGAGCTGGT",27
"AGTTGGTAGGGATCTG",32
"AGTTGGTAGTGAAGTT",0
"AGTTGGTAGTTCCACA",92
"AGTTGGTCAAATCCGT",55
"AGTTGGTCAGATCGGA",93
"AGTTGGTCATATACCG",20
"AGTTGGTCATGGTCTA",1000
"AGTTGGTCATTAGGCT",44
"AGTTGGTGTAAACGCG",92
"AGTTGGTGTACCTACA",65
"AGTTGGTGTATCACCA",44
"AGTTGGTGTATCTGCA",38
"AGTTGGTGTCTTCGTC",19
"AGTTGGTGTGATGTCT",52
"AGTTGGTGTGTGTGCC",33
"ATAACGCAGAGGTTGC",1000
"ATAACGCAGATCTGAA",51
"ATAACGCAGCAACGGT",51
"ATAACGCAGCTGCAAG",40
"ATAACGCAGTACGATA",94
"ATAACGCAGTTGTCGT",1000
"ATAACGCCAAATACAG",21
"ATAACGCCAACACGCC",2
"ATAACGCCAAGCGATG",24
"ATAACGCCACAACTGT",35
"ATAACGCCACAAGACG",32
"ATAACGCCACATCCGG",40
"ATAACGCCACATGTGT",14
"ATAACGCCACTTAAGC",85
"ATAACGCCATATGGTC",3
"ATAACGCGTAGAAGGA",19
"ATAACGCGTCCATCCT",79
"ATAACGCGTCCGTCAG",1
"ATAACGCGTCCTGCTT",45
"ATAACGCGTCGAACAG",85
"ATAACGCGTCGCGTGT",79
"ATAACGCGTCTAACGT",0
"ATAACGCGTTCACCTC",39
"ATAACGCGTTCAGGCC",54
"ATAACGCTCACCAGGC",14
"ATAACGCTCAGAGCTT",54
"ATAACGCTCAGGCGAA",43
"ATAACGCTCAGTTGAC",8
"ATAACGCTCCATTCTA",51
"ATAACGCTCGAATCCA",1000
"ATAACGCTCGCAAACT",10
"ATAACGCTCGTACCGG",76
"ATAACGCTCTCGCATC",59
"ATAACGCTCTTGTATC",59
"ATAAGAGAGAATTGTG",30
"ATAAGAGAGACCTTTG",0
"ATAAGAGAGATAGTCA",45
"ATAAGAGAGATCCGAG",51
"ATAAGAGAGCTTCGCG",14
"ATAAGAGAGGACTGGT",21
"ATAAGAGAGTGGGATC",14
"ATAAGAGAGTTAGCGG",66
"ATAAGAGCAACTTGAC",63
"ATAAGAGCACACATGT",96
"ATAAGAGCACATGACT",75
"ATAAGAGCACGTCTCT",81
"ATAAGAGCATAAAGGT",68
"ATAAGAGCATACGCTA",55
"ATAAGAGCATGACATC",64
"ATAAGAGCATGGGAAC",24
"ATAAGAGGTAGTGAAT",25
"ATAAGAGGTCATACTG",11
"ATAAGAGGTCCGTGAC",16
"ATAAGAGGTGTTGGGA",74
"ATAAGAGTCACCATAG",1
"ATAAGAGTCCCTCAGT",80
"ATAAGAGTCCTCGCAT",46
"ATAAGAGTCCTCTAGC",59
"ATAAGAGTCGGCCGAT",25
"ATAGACCAGAGCCTAG",3
"ATAGACCAGCAAATCA",85
"ATAGACCAGGTACTCT",85
"ATAGACCAGTACACCT",58
"ATAGACCAGTGCCAGA",4
"ATAGACCAGTTACCCA",7
"ATAGACCCAAACTGCT",30
"ATAGACCCAATAGCGG",76
"ATAGACCCAATGGAGC",59
"ATAGACCCACATTCGA",67
"ATAGACCCACGAAATA",2
"ATAGACCCACTATCTT",29
"ATAGACCCACTGAAGG",59
"ATAGACCCAGCCTTTC",58
"ATAGACCCAGTCAGCC",52
"ATAGACCCATGCCACG",3
"ATAGACCGTAACGTTC",3
"ATAGACCGTACAGTGG",8
"ATAGACCGTCGAGTTT",17
"ATAGACCGTCTCGTTC",66
"ATAGACCGTTACCGAT",21
"ATAGACCGTTATGCGT",74
"ATAGACCGTTGTCGCG",21
"ATAGACCTCACTCCTG",20
"ATAGACCTCCACGACG",37
"ATAGACCTCCCAACGG",24
"ATAGACCTCCCAAGTA",68
"ATAGACCTCGCTGATA",63
"ATAGACCTCTGAAAGA",37
"ATAGACCTCTGCAAGT",79
"ATAGACCTCTGCGGCA",92
"ATAGACCTCTGGCGAC",43
"ATAGACCTCTGTGCAA",74
"ATCACGAAGACACGAC",55
"ATCACGAAGATCCTGT",28
"ATCACGAAGATCGGGT",55
"ATCACGAAGATGCCAG",59
"ATCACGAAGATGGGTC",26
"ATCACGAAGGCAAAGA",13
"ATCACGAAGGGTTCCC",85
"ATCACGAAGTCCAGGA",21
"ATCACGACACAGCGTC",0
"ATCACGACACGCTTTC",20
"ATCACGACAGAAGCAC",86
"ATCACGACAGACAAGC",38
"ATCACGACAGACGTAG",39
"ATCACGACAGATGGCA",63
"ATCACGACAGCCACCA",28
"ATCACGACATGATCCA",74
"ATCACGACATTAACCG",14
"ATCACGAGTACTCGCG",74
"ATCACGAGTACTTAGC",40
"ATCACGAGTCGGATCC",9
"ATCACGAGTCTGCAAT",58
"ATCACGAGTCTTCAAG",0
"ATCACGAGTGACTACT",65
"ATCACGAGTGCTCTTC",93
"ATCACGAGTGTTTGGT",74
"ATCACGAGTTCGTTGA",8
"ATCACGAGTTGAGGTG",20
"ATCACGAGTTGAGTTC",47
"ATCACGAGTTTGCATG",54
"ATCACGATCAACCAAC",8
"ATCACGATCCAAACTG",31
"ATCACGATCCCAACGG",9
"ATCACGATCCTAAGTG",93
"ATCACGATCCTATGTT",76
"ATCACGATCGTTTGCC",51
"ATCACGATCTCCAACC",34
"ATCACGATCTGCTGTC",6
"ATCACGATCTGGTGTA",47
"ATCATCTAGACAAAGG",30
"ATCATCTAGAGATGAG",69
"ATCATCTAGGTGCAAC",59
"ATCATCTAGTACGATA",8
"ATCATCTAGTGCGATG",13
"ATCATCTAGTGTTAGA",68
"ATCATCTAGTTACGGG",77
"ATCATCTAGTTTAGGA",28
"ATCATCTCAAAGTGCG",75
"ATCATCTCAATGGTCT",2
"ATCATCTCACATCTTT",89
"ATCATCTCAGCTGCAC",58
"ATCATCTCAGCTGGCT",25
"ATCATCTCATCTATGG",26
"ATCATCTCATGCAATC",38
"ATCATCTCATTTGCCC",21
"ATCATCTGTACGAAAT",47
"ATCATCTGTACTCTCC",92
"ATCATCTGTCACCTAA",50
"ATCATCTGTCATACTG",59
"ATCATCTGTGCTTCTC",21
"ATCATCTGTGGCCCTA",4
"ATCATCTGTGTAAGTA",19
"ATCATCTGTTAGAACA",33
"ATCATCTGTTCGAATC",14
"ATCATCTGTTTGACTG",10
"ATCATCTTCCCAAGTA",38
"ATCATCTTCGTGGGAA",36
"ATCATCTTCTATGTGG",10
"ATCATCTTCTTACCGC",85
"ATCATGGAGAAAGTGG",1000
"ATCATGGAGCGTGTCC",86
"ATCATGGAGGCGATAC",75
"ATCATGGAGGCTAGAC",66
"ATCATGGAGGTGACCA",37
"ATCATGGAGTACGATA",30
"ATCATGGAGTGGAGTC",11
"ATCATGGCAACACCTA",53
"ATCATGGCAATCCAAC",45
"ATCATGGCAGTTAACC",27
"ATCATGGCATGTTGAC",26
"ATCATGGGTAGAAGGA",37
"ATCATGGGTAGGCATG",94
"ATCATGGGTCGCTTTC",1000
"ATCATGGGTCGGGTCT",54
"ATCATGGGTCTAGTGT",1000
"ATCATGGGTTGAGTTC",81
"ATCATGGTCATCATTC",65
"ATCATGGTCCTTGGTC",3
"ATCATGGTCGCAAGCC",33
"ATCATGGTCGCACTCT",0
"ATCATGGTCTCGATGA",20
"ATCATGGTCTCGTTTA",1
"ATCATGGTCTTGCCGT",32
"ATCCACCAGCGATAGC",42
"ATCCACCAGCGCCTTG",13
"ATCCACCAGGTGATTA",94
"ATCCACCAGTACACCT",60
"ATCCACCAGTTTGCGT",18
"ATCCACCCAACTTGAC",8
"ATCCACCCAAGCCTAT",80
"ATCCACCCACTGTGTA",92
"ATCCACCCACTTAAGC",82
"ATCCACCCAGCTTCGG",23
"ATCCACCCATGTCGAT",87
"ATCCACCCATTTGCCC",59
"ATCCACCGTACCGAGA",65
"ATCCACCGTACGCACC",2
"ATCCACCGTAGAAAGG",71
"ATCCACCGTAGAAGGA",14
"ATCCACCGTCGTGGCT",38
"ATCCACCGTGCAGGTA",87
"ATCCACCTCACTCCTG",15
"ATCCACCTCAGTCAGT",91
"ATCCACCTCCGCGTTT",59
"ATCCACCTCGGTCTAA",3
"ATCCACCTCGGTGTTA",38
"ATCCACCTCGTCACGG",91
"ATCCACCTCTGTCTAT",33
"ATCCGAAAGCTACCTA",8
"ATCCGAAAGGTGTTAA",28
"ATCCGAAAGTGGGTTG",58
"ATCCGAACAAGGTTCT",26
"ATCCGAACAAGTCTAC",51
"ATCCGAAGTAGGGTAC",59
"ATCCGAAGTAGTACCT",87
"ATCCGAAGTCAACATC",51
"ATCCGAAGTCCTCCAT",47
"ATCCGAAGTCGCTTTC",0
"ATCCGAAGTTCGAATC",55
"ATCCGAATCATCGGAT",92
"ATCCGAATCCCGACTT",88
"ATCCGAATCCTCATTA",33
"ATCCGAATCGAGCCCA",58
"ATCCGAATCGATGAGG",20
"ATCCGAATCGCGTAGC",51
"ATCCGAATCTCCCTGA",14
"ATCGAGTAGCTAAGAT",9
"ATCGAGTAGTACGACG",2
"ATCGAGTAGTGATCGG",67
"ATCGAGTCATGCCTAA",14
"ATCGAGTCATTAACCG",3
"ATCGAGTGTAGTACCT",16
"ATCGAGTGTCCAAGTT",10
"ATCGAGTGTCCGACGT",37
"ATCGAGTGTCGCTTTC",61
"ATCGAGTGTGCTAGCC",9
"ATCGAGTGTGTGAAAT",87
"ATCGAGTTCACTTACT",89
"ATCGAGTTCAGGCGAA",76
"ATCGAGTTCCCATTTA",32
"ATCGAGTTCTAGCACA",55
"ATCGAGTTCTATCGCC",79
"ATCTACTAGAATCTCC",44
"ATCTACTAGATCTGCT",38
"ATCTACTAGCCTCGTG",13
"ATCTACTAGTTGCAGG",20
"ATCTACTCAAACCCAT",21
"ATCTACTCAAGCTGTT",15
"ATCTACTCAATGGAGC",74
"ATCTACTCAGGTGGAT",87
"ATCTACTCAGTGGGAT",59
"ATCTACTCAGTTAACC",86
"ATCTACTCATTAGCCA",12
"ATCTACTCATTGGCGC",35
"ATCTACTCATTTCAGG",29
"ATCTACTGTACCCAAT",42
"ATCTACTGTACCGTAT",65
"ATCTACTGTACCTACA",1000
"ATCTACTGTATAAACG",1
"ATCTACTGTCTCGTTC",53
"ATCTACTGTGATGATA",30
"ATCTACTTCCCTAATT",65
"ATCTACTTCGGTTAAC",93
"ATCTACTTCGTCCAGG",25
"ATCTACTTCTATGTGG",10
"ATCTACTTCTCAAGTG",54
"ATCTACTTCTGTCTAT",81
"ATCTGCCAGATCTGCT",33
"ATCTGCCAGCGCCTCA",65
"ATCTGCCAGCTCTCGG",52
"ATCTGCCAGGCAGTCA",79
"ATCTGCCAGTGGAGAA",87
"ATCTGCCAGTGGTCCC",13
"ATCTGCCCAATGCCAT",94
"ATCTGCCCACACATGT",68
"ATCTGCCCACCACCAG",54
"ATCTGCCCACGACGAA",40
"ATCTGCCCATTGGGCC",12
"ATCTGCCGTAAACCTC",44
"ATCTGCCGTACCGTTA",80
"ATCTGCCGTAGCGTGA",78
"ATCTGCCGTCACTGGC",8
"ATCTGCCGTCATGCAT",13
"ATCTGCCGTCCAGTTA",86
"ATCTGCCGTCGTCTTC",6
"ATCTGCCGTTATCACG",32
"ATCTGCCGTTGAGTTC",7
"ATCTGCCGTTTGACAC",33
"ATCTGCCTCCGTTGCT",77
"ATGAGGGAGAAGGACA",5
"ATGAGGGAGCTGCGAA",56
"ATGAGGGAGTCAAGCG",65
"ATGAGGGAGTCACGCC",38
"ATGAGGGCACCGAAAG",32
"ATGAGGGCACTTCTGC",9
"ATGAGGGCAGCTCGAC",14
"ATGAGGGCATGCCACG",79
"ATGAGGGGTAAAGTCA",2
"ATGAGGGGTCGTGGCT",4
"ATGAGGGGTGGAAAGA",1000
"ATGAGGGTCACCTTAT",92
"ATGAGGGTCACGAAGG",1000
"ATGAGGGTCATTCACT",50
"ATGAGGGTCGGACAAG",43
"ATGAGGGTCGTTGACA",27
"ATGCGATAGAAACCAT",11
"ATGCGATAGAAACCTA",1000
"ATGCGATAGAGGGCTT",88
"ATGCGATAGATACACA",79
"ATGCGATAGCTAGTCT",81
"ATGCGATAGCTGATAA",10
"ATGCGATAGCTTCGCG",66
"ATGCGATAGGAGTTGC",1000
"ATGCGATAGGCCATAG",4
"ATGCGATAGTGGTAAT",34
"ATGCGATCAATCTGCA",85
"ATGCGATCATCGTCGG",37
"ATGCGATCATTACGAC",69
"ATGCGATGTAAGAGAG",59
"ATGCGATGTACCGTAT",71
"ATGCGATGTAGCGCAA",85
"ATGCGATGTATGGTTC",92
"ATGCGATGTCTCTTAT",8
"ATGCGATGTCTTCAAG",2
"ATGCGATGTGATAAAC",65
"ATGCGATGTGGTGTAG",31
"ATGCGATGTTACGCGC",0
"ATGCGATGTTCCTCCA",38
"ATGCGATTCAACACGT",93
"ATGCGATTCAGTCCCT",65
"ATGCGATTCGCGTAGC",19
"ATGCGATTCTTACCTA",13
"ATGGGAGAGACAATAC",50
"ATGGGAGAGACCTAGG",72
"ATGGGAGAGTTTAGGA",30
"ATGGGAGCAAGCCGTC",69
"ATGGGAGCAGATGGGT",32
"ATGGGAGCATCCTAGA",21
"ATGGGAGGTAGTGAAT",85
"ATGGGAGGTATGGTTC",2
"ATGGGAGGTCGACTGC",86
"ATGGGAGGTCTCACCT",59
"ATGGGAGGTGCAACTT",31
"ATGGGAGGTGGTGTAG",0
"ATGGGAGTCACAATGC",20
"ATGGGAGTCACGACTA",38
"ATGGGAGTCACTTACT",79
"ATGGGAGTCAGTCAGT",66
"ATGGGAGTCCCTTGTG",3
"ATGGGAGTCGTAGGAG",95
"ATGGGAGTCGTCACGG",20
"ATGGGAGTCGTGACAT",28
"ATGGGAGTCTGCTTGC",13
"ATGTGTGAGAAGAAGC",82
"ATGTGTGAGCCAACAG",30
"ATGTGTGAGCCGGTAA",96
"ATGTGTGAGCGCCTTG",29
"ATGTGTGAGTCGATAA",13
"ATGTGTGCAAACGTGG",85
"ATGTGTGCAAGAGTCG",37
"ATGTGTGCAAGGTTTC",26
"ATGTGTGCACATTTCT",51
"ATGTGTGCATCTCGCT",74
"ATGTGTGGTAGCAAAT",10
"ATGTGTGGTCAACTGT",9
"ATGTGTGGTGAAGGCT",46
"ATGTGTGGTTGGACCC",42
"ATGTGTGGTTGGGACA",46
"ATGTGTGGTTTGTTGG",30
"ATGTGTGTCAATACCG",64
"ATGTGTGTCACAACGT",38
"ATGTGTGTCACATACG",51
"ATGTGTGTCGCTTGTC",20
"ATTACTCAGAGAGCTC",68
"ATTACTCAGCGATGAC",56
"ATTACTCAGCGTTTAC",8
"ATTACTCAGGACACCA",64
"ATTACTCAGTGCGATG",1000
"ATTACTCCAATGCCAT",92
"ATTACTCCAGCTTCGG",62
"ATTACTCCATACCATG",30
"ATTACTCCATGCAACT",68
"ATTACTCGTAAATGAC",16
"ATTACTCGTCATACTG",27
"ATTACTCGTCGCGTGT",32
"ATTACTCGTCTGGTCG",32
"ATTACTCGTGTCCTCT",44
"ATTACTCGTGTTTGGT",69
"ATTACTCGTTAGAACA",11
"ATTACTCGTTCCACGG",1000
"ATTACTCTCAACACAC",15
"ATTACTCTCAATAAGG",79
"ATTACTCTCATGCATG",26
"ATTACTCTCATGTAGC",38
"ATTACTCTCCAGTATG",21
"ATTACTCTCCGCGTTT",36
"ATTACTCTCTGTCCGT",1000
"ATTATCCAGAGAACAG",20
"ATTATCCAGAGCAATT",9
"ATTATCCAGAGTAATC",81
"ATTATCCAGATCGGGT",28
"ATTATCCAGCGTAATA",65
"ATTATCCAGGACTGGT",68
"ATTATCCAGGCGATAC",27
"ATTATCCAGTCGCCGT",92
"ATTATCCAGTCTCAAC",13
"ATTATCCAGTGCGATG",54
"ATTATCCCAAGGACAC",40
"ATTATCCCAATCTACG",1000
"ATTATCCCAGCTCCGA",32
"ATTATCCCAGCTGCTG",30
"ATTATCCCAGCTGTGC",50
"ATTATCCCAGGGTATG",75
"ATTATCCCAGTGACAG",33
"ATTATCCCATCGTCGG",21
"ATTATCCCATGCCCGA",87
"ATTATCCGTGTTTGTG",86
"ATTATCCTCAGGTAAA",23
"ATTATCCTCATCACCC",72
"ATTATCCTCATGCTCC",8
"ATTATCCTCCAGAGGA",39
"ATTATCCTCCATGAGT",67
"ATTATCCTCGCTAGCG",1000
"ATTATCCTCTACCTGC",51
"ATTATCCTCTGGTTCC",59
"ATTCTACAGAACTGTA",91
"ATTCTACAGACGCTTT",21
"ATTCTACAGTTCCACA",65
"ATTCTACAGTTGTAGA",74
"ATTCTACCACAGACAG",58
"ATTCTACCAGACTCGC",6
"ATTCTACCATGATCCA",8
"ATTCTACGTAAACACA",38
"ATTCTACGTAAGGGAA",17
"ATTCTACGTACTTGAC",50
"ATTCTACGTATAATGG",62
"ATTCTACGTCTGATTG",37
"ATTCTACGTGCGCTTG",38
"ATTCTACGTGTTCGAT",48
"ATTCTACGTGTTCTTT",33
"ATTCTACGTTCCATGA",8
"ATTCTACGTTCGTGAT",10
"ATTCTACTCAAACCGT",79
"ATTCTACTCACATAGC",96
"ATTCTACTCACGCGGT",48
"ATTCTACTCCCTCAGT",86
"ATTCTACTCGCCTGAG",50
"ATTCTACTCGTAGGTT",84
"ATTCTACTCTCATTCA",91
"ATTCTACTCTTGTACT",75
"ATTGGACAGACTACAA",33
"ATTGGACAGCGGCTTC",62
"ATTGGACAGGTAGCCA",14
"ATTGGACAGTAGTGCG",85
"ATTGGACAGTTCGCGC",13
"ATTGGACCACACTGCG",1
"ATTGGACCAGGAACGT",10
"ATTGGACCAGGTTTCA",48
"ATTGGACCATATACCG",1000
"ATTGGACCATATGGTC",39
"ATTGGACCATCCGGGT",37
"ATTGGACGTAAGAGAG",69
"ATTGGACGTACCGAGA",72
"ATTGGACGTATAGTAG",47
"ATTGGACGTATCAGTC",1000
"ATTGGACGTCGCGTGT",75
"ATTGGACGTGGTCCGT",21
"ATTGGACGTTCAGGCC",21
"ATTGGACGTTCAGTAC",74
"ATTGGACGTTCCAACA",8
"ATTGGACGTTCTGTTT",3
"ATTGGACGTTTAGGAA",30
"ATTGGACTCAGAGGTG",50
"ATTGGACTCCACGCAG",75
"ATTGGACTCCCAAGAT",78
"ATTGGACTCCGTTGCT",33
"ATTGGACTCGAACTGT",1000
"ATTGGACTCTGATACG",7
"ATTGGACTCTGCGTAA",50
"ATTGGACTCTTCATGT",9
"ATTGGTGAGACTGGGT",40
"ATTGGTGAGAGTGAGA",30
"ATTGGTGAGGGCATGT",79
"ATTGGTGAGGTTCCTA",21
"ATTGGTGAGTAACCCT",85
"ATTGGTGAGTATCGAA",57
"ATTGGTGAGTCAATAG",9
"ATTGGTGCAAATACAG",27
"ATTGGTGCAAGCCCAC",10
"ATTGGTGCAGTCCTTC",66
"ATTGGTGCATCCAACA",43
"ATTGGTGCATTTCAGG",27
"ATTGGTGGTCTAACGT",21
"ATTGGTGGTCTGCCAG",80
"ATTGGTGGTGCTAGCC",39
"ATTGGTGTCATAACCG",15
"ATTGGTGTCCGTAGTA",52
"ATTGGTGTCCGTCAAA",86
"ATTGGTGTCCTCGCAT",26
"ATTGGTGTCGACCAGC",50
"ATTGGTGTCGGTCCGA",33
"ATTGGTGTCGTACCGG",2
"ATTGGTGTCTAGCACA",20
"ATTGGTGTCTCGTTTA",30
"ATTGGTGTCTGCGTAA",1000
"ATTTCTGAGAAGGGTA",1000
"ATTTCTGAGCCGTCGT",38
"ATTTCTGAGCGTAATA",19
"ATTTCTGAGGCCCTTG",50
"ATTTCTGAGTCGTACT",42
"ATTTCTGCAAGAGGCT",8
"ATTTCTGCAAGCCGTC",27
"ATTTCTGCATCCTTGC",19
"ATTTCTGCATCTACGA",72
"ATTTCTGCATGGGAAC",30
"ATTTCTGCATTGGGCC",7
"ATTTCTGGTACACCGC",32
"ATTTCTGGTACCGTTA",5
"ATTTCTGGTCAAACTC",39
"ATTTCTGGTCACCTAA",7
"ATTTCTGGTGGCGAAT",3
"ATTTCTGGTGTGCGTC",80
"ATTTCTGGTTACCAGT",30
"ATTTCTGGTTCCAACA",0
"ATTTCTGGTTCGCTAA",21
"ATTTCTGGTTTGTTGG",58
"ATTTCTGTCAACGCTA",25
"ATTTCTGTCACGCGGT",56
"ATTTCTGTCATCTGTT",85
"ATTTCTGTCCAAATGC",13
"ATTTCTGTCCTGTACC",20
"ATTTCTGTCGACAGCC",13
"ATTTCTGTCGGGAGTA",20
"ATTTCTGTCTAACTGG",77
"ATTTCTGTCTGACCTC",75
"ATTTCTGTCTGATACG",15
"CAACCAAAGACTCGGA",15
"CAACCAAAGACTTGAA",2
"CAACCAAAGATGAGAG",1000
"CAACCAAAGCAGATCG",30
"CAACCAAAGTGCGTGA",1
"CAACCAAAGTGTTAGA",53
"CAACCAACACCGGAAA",87
"CAACCAACACTCGACG",42
"CAACCAACAGACAAAT",79
"CAACCAACAGGATTGG",85
"CAACCAACATCTGGTA",75
"CAACCAACATTACGAC",16
"CAACCAAGTCTAAACC",2
"CAACCAAGTGCTAGCC",0
"CAACCAAGTGTGACGA",20
"CAACCAATCAGAGACG",27
"CAACCAATCATGCTCC",12
"CAACCAATCCAAGCCG",7
"CAACCAATCCGGCACA",10
"CAACCAATCCTACAGA",36
"CAACCAATCCTCAACC",24
"CAACCAATCTACCAGA",42
"CAACCAATCTCGTTTA",29
"CAACCAATCTGTCTAT",71
"CAACCAATCTTACCGC",88
"CAACCAATCTTCATGT",84
"CAACCAATCTTGCCGT",60
"CAACCTCAGACTAGGC",71
"CAACCTCAGATCACGG",6
"CAACCTCAGGGATGGG",28
"CAACCTCAGGGCACTA",92
"CAACCTCAGTGGTAAT",80
"CAACCTCCAAGCCTAT",1000
"CAACCTCCAGGGATTG",8
"CAACCTCCATCGATGT",39
"CAACCTCCATGGATGG",8
"CAACCTCGTGACGGTA",32
"CAACCTCGTGGAAAGA",58
"CAACCTCGTTCAGTAC",1000
"CAACCTCTCAACACGT",3
"CAACCTCTCACCTTAT",43
"CAACCTCTCAGCATGT",90
"CAACCTCTCCTCAATT",14
"CAACCTCTCGGCTACG",31
"CAACCTCTCGTTGCCT",23
"CAACTAGAGACAAAGG",31
"CAACTAGAGAGTCTGG",85
"CAACTAGAGCCAGTTT",33
"CAACTAGAGCCCAACC",39
"CAACTAGAGCGATCCC",1000
"CAACTAGAGCGCCTCA",20
"CAACTAGAGGACATTA",55
"CAACTAGAGGCTAGAC",11
"CAACTAGAGGCTCATT",8
"CAACTAGAGGCTCTTA",10
"CAACTAGAGTATCGAA",47
"CAACTAGAGTGGGCTA",43
"CAACTAGAGTTTCCTT",73
"CAACTAGCAAACAACA",76
"CAACTAGCAAGCCTAT",30
"CAACTAGCAGATGGCA",35
"CAACTAGCAGTCAGCC",77
"CAACTAGCAGTTTACG",1000
"CAACTAGCATCACCCT",38
"CAACTAGCATGGTCAT",74
"CAACTAGGTCAATACC",3
"CAACTAGGTGGCAAAC",79
"CAACTAGGTTCACGGC",5
"CAACTAGGTTGATTCG",37
"CAACTAGTCACCCGAG",65
"CAACTAGTCACGAAGG",55
"CAACTAGTCAGTTGAC",81
"CAACTAGTCGGACAAG",94
"CAACTAGTCTAACCGA",81
"CAAGAAAAGACAAGCC",83
"CAAGAAAAGACTTGAA",78
"CAAGAAAAGCAGACTG",15
"CAAGAAAAGCTCAACT",14
"CAAGAAAAGGACAGAA",70
"CAAGAAAAGGCTAGAC",2
"CAAGAAAAGGCTCAGA",94
"CAAGAAAAGTACCGGA",0
"CAAGAAAAGTGAATTG",19
"CAAGAAACAATGAATG",16
"CAAGAAACACGTAAGG",39
"CAAGAAACAGGTCCAC",8
"CAAGAAACAGTCGTGC",62
"CAAGAAAGTAATTGGA",1
"CAAGAAAGTATTCGTG",75
"CAAGAAAGTCAATACC",66
"CAAGAAAGTCAGAATA",13
"CAAGAAAGTCCATCCT",81
"CAAGAAAGTTACTGAC",11
"CAAGAAATCACTATTC",58
"CAAGAAATCAGCTTAG",74
"CAAGAAATCATCTGCC",75
"CAAGAAATCATGCTCC",13
"CAAGAAATCGCCAGCA",90
"CAAGAAATCTCTTATG",47
"CAAGAAATCTTAGCCC",58
"CAAGATCAGAACAACT",15
"CAAGATCAGACAGGCT",80
"CAAGATCAGGATATAC",71
"CAAGATCAGGCAGTCA",34
"CAAGATCAGGCGCTCT",20
"CAAGATCAGGGTCTCC",54
"CAAGATCAGGTGATAT",33
"CAAGATCAGTGGACGT",38
"CAAGATCAGTTCGCAT",60
"CAAGATCCACAGACAG",67
"CAAGATCCACAGATTC",38
"CAAGATCCACATTCGA",32
"CAAGATCCACGCCAGT",87
"CAAGATCCACTCGACG",2
"CAAGATCCATCCCACT",79
"CAAGATCCATGGTCAT",27
"CAAGATCCATGTTCCC",3
"CAAGATCCATTTCACT",93
"CAAGATCGTAAACGCG",30
"CAAGATCGTAAAGTCA",68
"CAAGATCGTCCCGACA",1000
"CAAGATCGTCTAAAGA",33
"CAAGATCGTGTGACGA",25
"CAAGATCTCACCTTAT",8
"CAAGATCTCGATAGAA",66
"CAAGATCTCGGCTTGG",40
"CAAGATCTCGTTTATC",28
"CAAGATCTCTATCCTA",54
"CAAGATCTCTTATCTG",1
"CAAGATCTCTTGACGA",39
"CAAGGCCAGAAACCGC",17
"CAAGGCCAGAGATGAG",51
"CAAGGCCAGCGGCTTC",36
"CAAGGCCAGGAGTACC",8
"CAAGGCCAGGCGTACA",31
"CAAGGCCAGTGATCGG",15
"CAAGGCCCAACACCTA",91
"CAAGGCCCACCATGTA",42
"CAAGGCCCACGGATAG",53
"CAAGGCCCAGCTGCAC",41
"CAAGGCCCAGGTCCAC",10
"CAAGGCCTCAAAGACA",27
"CAAGGCCTCACTTCAT",79
"CAAGGCCTCCCTTGTG",92
"CAAGGCCTCTCGATGA",20
"CAAGGCCTCTGAGTGT",1000
"CAAGTTGAGAACTGTA",91
"CAAGTTGAGACTAAGT",26
"CAAGTTGAGAGGTTAT",82
"CAAGTTGAGCTGAAAT",1
"CAAGTTGAGGGAAACA",27
"CAAGTTGAGTGGTAAT",94
"CAAGTTGAGTGTGGCA",68
"CAAGTTGCACAAGCCC",59
"CAAGTTGCAGCCAGAA",21
"CAAGTTGCATATACCG",94
"CAAGTTGCATCACAAC",54
"CAAGTTGCATCTATGG",75
"CAAGTTGGTCTTGATG",38
"CAAGTTGGTGATGTGG",3
"CAAGTTGGTTACGACT",75
"CAAGTTGTCATGCAAC",55
"CAAGTTGTCCACGTTC",19
"CAAGTTGTCGCGCCAA",86
"CAAGTTGTCGGCTTGG",60
"CAAGTTGTCGGTTCGG",6
"CAAGTTGTCTCGATGA",91
"CAAGTTGTCTCGCTTG",77
"CAAGTTGTCTGGAGCC",81
"CACAAACAGAGTCTGG",19
"CACAAACAGCCTCGTG",74
"CACAAACAGGCGCTCT",79
"CACAAACAGGCTCAGA",62
"CACAAACAGGGAAACA",88
"CACAAACAGTGTGGCA",68
"CACAAACCAAACAACA",94
"CACAAACCAAAGGTGC",43
"CACAAACCAATAACGA",32
"CACAAACCATATGGTC",9
"CACAAACCATCTATGG",2
"CACAAACCATGTAGTC",8
"CACAAACGTAGATTAG",91
"CACAAACGTCAATACC",81
"CACAAACGTCTAAACC",30
"CACAAACGTGATAAGT",75
"CACAAACGTGGCAAAC",36
"CACAAACGTGGCCCTA",0
"CACAAACGTTCAGTAC",30
"CACAAACGTTGAGTTC",24
"CACAAACGTTGCGTTA",62
"CACAAACTCAATAAGG",14
"CACAAACTCAGAGCTT",40
"CACAAACTCCACGTGG",27
"CACAAACTCCAGTAGT",54
"CACAAACTCCCATTTA",32
"CACAAACTCGGAATCT",74
"CACAAACTCGGATGTT",90
"CACAAACTCTCCAGGG",31
"CACAAACTCTGAGGGA",80
"CACAAACTCTGGCGAC",63
"CACACAAAGCTACCGC",62
"CACACAACAATAGCAA",74
"CACACAACACATCTTT",7
"CACACAACAGGTCCAC",1000
"CACACAACATACTACG",64
"CACACAACATCACCCT",1000
"CACACAACATCCTAGA",38
"CACACAAGTAAATGTG",57
"CACACAAGTCGCGAAA",8
"CACACAAGTGCACCAC",24
"CACACAAGTGGTTTCA",79
"CACACAAGTGTGACCC",66
"CACACAAGTTACCGAT",78
"CACACAAGTTACGTCA",80
"CACACAAGTTATGCGT",54
"CACACAAGTTGTCTTT",73
"CACACAATCAACGGGA",27
"CACACAATCCAAGTAC",93
"CACACAATCCAATGGT",3
"CACACAATCCGCAAGC",54
"CACACAATCCTAGGGC",42
"CACACAATCGAATGGG",42
"CACACAATCGCCTGAG",0
"CACACAATCGTACGGC",69
"CACACAATCGTCACGG",27
"CACACAATCTTGCCGT",94
"CACACAATCTTTACAC",20
"CACACCTAGACAAGCC",92
"CACACCTAGACATAAC",8
"CACACCTAGCGAAGGG",3
"CACACCTAGCGAGAAA",75
"CACACCTCAAGAGGCT",1000
"CACACCTCAATCTGCA",43
"CACACCTCAATGTTGC",10
"CACACCTCAGGAATCG",80
"CACACCTCAGTAGAGC",80
"CACACCTCATGAACCT",66
"CACACCTCATGGTAGG",20
"CACACCTCATGTAAGA",65
"CACACCTGTAAACCTC",30
"CACACCTGTAAGGGAA",52
"CACACCTGTAAGTGTA",60
"CACACCTGTACACCGC",33
"CACACCTGTACAGTGG",54
"CACACCTGTAGAAAGG",8
"CACACCTGTGAAAGAG",13
"CACACCTGTGCAGTAG",44
"CACACCTGTGCCTGCA",81
"CACACCTTCAACACTG",2
"CACACCTTCCATGAGT",30
"CACACCTTCCCGGATG",7
"CACACCTTCCGCTGTT",36
"CACACCTTCGAGGTAG",59
"CACACCTTCTCGCTTG",31
"CACACCTTCTTTAGTC",32
"CACACCTTCTTTCCTC",39
"CACACTCAGACCGGAT",36
"CACACTCAGGTAAACT",30
"CACACTCAGGTGCTTT",79
"CACACTCAGTGTCCCG",15
"CACACTCCACCAGCAC",93
"CACACTCCACGAAACG",38
"CACACTCCACGAAGCA",31
"CACACTCCAGCTCCGA",81
"CACACTCCAGGCTCAC",62
"CACACTCCATCCTAGA",7
"CACACTCCATGGGAAC",57
"CACACTCCATGTTGAC",59
"CACACTCCATTCTTAC",14
"CACACTCGTACTTGAC",20
"CACACTCGTCTCTTTA",66
"CACACTCGTGCAGGTA",66
"CACACTCGTTACGACT",55
"CACACTCGTTCATGGT",94
"CACACTCGTTGATTGC",47
"CACACTCTCACTATTC",3
"CACACTCTCACTCTTA",11
"CACACTCTCACTGGGC",51
"CACACTCTCCAAGTAC",10
"CACACTCTCCCTTGCA",54
"CACACTCTCCGCGTTT",11
"CACACTCTCTAAGCCA",1000
"CACACTCTCTCTGCTG",38
"CACACTCTCTGGCGTG",32
"CACACTCTCTTGCCGT",15
"CACACTCTCTTTCCTC",68
"CACAGGCAGAAGAAGC",6
"CACAGGCAGAATTGTG",77
"CACAGGCAGACAATAC",84
"CACAGGCAGATCGATA",30
"CACAGGCAGCAGCCTC",70
"CACAGGCAGCAGCGTA",1
"CACAGGCAGCATCATC",3
"CACAGGCAGCCCGAAA",75
"CACAGGCAGCGGCTTC",74
"CACAGGCAGCGTAATA",30
"CACAGGCAGGTGCTTT",74
"CACAGGCCAATGACCT",87
"CACAGGCCACAGGTTT",23
"CACAGGCCAGATCTGT",1000
"CACAGGCCAGCTGGCT",38
"CACAGGCCATCGGTTA",74
"CACAGGCGTAAGAGGA",54
"CACAGGCGTACTCTCC",54
"CACAGGCGTAGCCTAT",94
"CACAGGCGTCAAACTC",26
"CACAGGCGTCAAGCGA",27
"CACAGGCGTCCCGACA",30
"CACAGGCGTGGTTTCA",39
"CACAGGCGTTAGATGA",16
"CACAGGCGTTTGGCGC",50
"CACAGGCTCAGGCAAG",9
"CACAGGCTCATCGATG",15
"CACAGGCTCCGAACGC",81
"CACAGGCTCGGCTTGG",2
"CACAGGCTCGTTGACA",76
"CACAGGCTCTCGATGA",95
"CACAGGCTCTTACCTA",58
"CACAGTAAGAAACGAG",52
"CACAGTAAGAAAGTGG",54
"CACAGTAAGAGAGCTC",58
"CACAGTAAGCAATCTC",59
"CACAGTAAGGGCACTA",1000
"CACAGTAAGTAGGCCA",1000
"CACAGTACACTGCCAG",68
"CACAGTACAGATGAGC",86
"CACAGTACAGTAGAGC",0
"CACAGTACATGGAATA",21
"CACAGTAGTACAGCAG",1000
"CACAGTAGTACTCGCG",1
"CACAGTAGTATAGGTA",0
"CACAGTAGTCCGTGAC",13
"CACAGTAGTGTATGGG",74
"CACAGTAGTTAAGACA",1000
"CACAGTATCACTCCTG",21
"CACAGTATCCGCGTTT",54
"CACATAGAGAATAGGG",32
"CACATAGAGACAGGCT",12
"CACATAGAGAGTAAGG",85
"CACATAGAGCAGGCTA",38
"CACATAGAGCGAGAAA",37
"CACATAGAGGGTCTCC",68
"CACATAGCAAACGTGG",86
"CACATAGCAAAGAATC",68
"CACATAGCAACCGCCA",92
"CACATAGCAAGTAGTA",50
"CACATAGCACATCCGG",52
"CACATAGCACCAGTTA",81
"CACATAGGTAAATGAC",13
"CACATAGGTGACCAAG",85
"CACATAGGTGCGATAG",59
"CACATAGGTGTTCTTT",1
"CACATAGGTTAAGTAG",92
"CACATAGTCCGGGTGT",45
"CACATAGTCCTTTACA",30
"CACATAGTCGAATGCT",74
"CACATAGTCGATCCCT",8
"CACATAGTCGGATGTT",9
"CACATAGTCTACCTGC",79
"CACATAGTCTGCTGCT",37
"CACATAGTCTTGCAAG",25
"CACATTTAGACAGGCT",54
"CACATTTAGAGCAATT",15
"CACATTTAGAGTACAT",86
"CACATTTAGCGATAGC",25
"CACATTTAGGAGCGAG",43
"CACATTTAGGCAGTCA",53
"CACATTTAGGCTACGA",3
"CACATTTAGTGGTAGC",86
"CACATTTAGTTGTAGA",7
"CACATTTCAAACCCAT",8
"CACATTTCAAAGGTGC",26
"CACATTTCAAGTAGTA",59
"CACATTTCAATGGTCT",93
"CACATTTCACGAAACG",20
"CACATTTCAGACGCCT",32
"CACATTTCAGGATCGA",40
"CACATTTCATAGACTC",10
"CACATTTCATCCGCGA",88
"CACATTTGTAAATACG",79
"CACATTTGTAAGGGCT",59
"CACATTTGTCCGAATT",58
"CACATTTGTCTAGCGC",13
"CACATTTGTCTCTCTG",30
"CACATTTGTCTGCGGT",36
"CACATTTGTGCTAGCC",7
"CACATTTGTTCCATGA",21
"CACATTTGTTTGACAC",68
"CACATTTGTTTGGGCC",26
"CACATTTTCATCATTC",37
"CACATTTTCATCGCTC",59
"CACCACTAGCGTGTCC",92
"CACCACTAGGTGCTAG",28
"CACCACTCAAGGTTCT",37
"CACCACTCACACATGT",37
"CACCACTCAGCTGCAC",8
"CACCACTCAGTAAGCG",57
"CACCACTCAGTAGAGC",91
"CACCACTCAGTTCCCT",86
"CACCACTCATTCCTGC",9
"CACCACTGTACAAGTA",32
"CACCACTGTCCTCTTG",43
"CACCACTGTCTAGCCG",36
"CACCACTGTGACCAAG",2
"CACCACTGTGGTACAG",85
"CACCACTGTTTAGCTG",54
"CACCACTTCAACACTG",20
"CACCACTTCAGCCTAA",2
"CACCACTTCCAGGGCT",68
"CACCACTTCCGTTGCT",13
"CACCACTTCCTACAGA",8
"CACCACTTCGGATGTT",9
"CACCACTTCGGCATCG",9
"CACCACTTCGTTGACA",51
"CACCACTTCTAAGCCA",3
"CACCACTTCTGCCCTA",94
"CACCAGGAGAGCAATT",51
"CACCAGGAGAGTAATC",93
"CACCAGGAGCGTGTCC",63
"CACCAGGAGGATGCGT",62
"CACCAGGAGGTGTTAA",66
"CACCAGGAGTACCGGA",7
"CACCAGGAGTGTTAGA",80
"CACCAGGCACGAAGCA",14
"CACCAGGCACGTTGGC",46
"CACCAGGCATGCCTAA",10
"CACCAGGGTAGTACCT",83
"CACCAGGGTATCAGTC",1
"CACCAGGGTCCATCCT",1000
"CACCAGGGTCTTGATG",19
"CACCAGGGTGCCTGCA",59
"CACCAGGGTGGAAAGA",20
"CACCAGGGTTATGTGC",71
"CACCAGGGTTATTCTC",28
"CACCAGGGTTCCACTC",66
"CACCAGGGTTGAACTC",19
"CACCAGGTCAACGGGA",15
"CACCAGGTCACATACG",38
"CACCAGGTCATTGCCC",79
"CACCAGGTCCACTGGG",15
"CACCAGGTCCTAGTGA",83
"CACCAGGTCGCACTCT",65
"CACCAGGTCGCCTGTT",32
"CACCAGGTCGGCGCTA",85
"CACCAGGTCGTTACAG",38
"CACCAGGTCTACCTGC",60
"CACCAGGTCTTTACGT",50
"CACCTTGAGAAGGGTA",91
"CACCTTGAGATCCCAT",8
"CACCTTGAGCTAGTGG",86
"CACCTTGAGCTTTGGT",38
"CACCTTGAGGAATCGC",14
"CACCTTGAGGACCACA",35
"CACCTTGAGGGAGTAA",46
"CACCTTGAGGTGCTTT",67
"CACCTTGAGGTGTTAA",70
"CACCTTGCACCGCTAG",3
"CACCTTGCACGTCTCT",26
"CACCTTGCAGCAGTTT",75
"CACCTTGCATCCCATC",13
"CACCTTGCATGTCGAT",47
"CACCTTGGTCAAACTC",78
"CACCTTGGTCCGACGT",80
"CACCTTGGTCGGCACT",32
"CACCTTGGTGACCAAG",27
"CACCTTGGTGAGTGAC",62
"CACCTTGGTGTTTGGT",8
"CACCTTGGTTCGAATC",66
"CACCTTGTCAAGGTAA",34
"CACCTTGTCAGGTAAA",87
"CACCTTGTCCACTGGG",54
"CACCTTGTCGAATCCA",30
"CACCTTGTCGGAAACG",43
"CACCTTGTCTCGAGTA",39
"CACTCCAAGAGGGCTT",19
"CACTCCAAGGGCTTGA",13
"CACTCCAAGTAGATGT",32
"CACTCCAAGTCGTACT",54
"CACTCCAAGTGGGATC",72
"CACTCCACAAACTGTC",0
"CACTCCACAAAGCAAT",15
"CACTCCACAAGGTGTG",40
"CACTCCACACAACGTT",59
"CACTCCACACAGACAG",54
"CACTCCACACCACGTG",32
"CACTCCACACCATGTA",23
"CACTCCACACGAGGTA",92
"CACTCCACAGCCAGAA",1000
"CACTCCACAGTCCTTC",59
"CACTCCACATCGGTTA",9
"CACTCCAGTAGGAGTC",6
"CACTCCAGTATAGTAG",0
"CACTCCAGTCAAGCGA",72
"CACTCCAGTTCCGGCA",38
"CACTCCAGTTGGGACA",38
"CACTCCAGTTTACTCT",13
"CACTCCATCACAATGC",1000
"CACTCCATCACTATTC",92
"CACTCCATCATCGGAT",30
"CACTCCATCATGCAAC",3
"CACTCCATCCACGACG",15
"CACTCCATCCTAGAAC",63
"CACTCCATCGATCCCT",50
"CACTCCATCGGACAAG",87
"CACTCCATCTCACATT",40
"CACTCCATCTCGCATC",26
"CACTCCATCTGGAGCC",14
"CACTCCATCTTGGGTA",65
"CAGAATCAGATGTGTA",55
"CAGAATCAGCCAGAAC",30
"CAGAATCAGCGTCTAT",85
"CAGAATCAGCTTATCG",3
"CAGAATCAGGATTCGG",34
"CAGAATCAGTCAAGGC",87
"CAGAATCAGTTCCACA",94
"CAGAATCAGTTGTAGA",38
"CAGAATCCACGGTAAG",10
"CAGAATCCACTGTTAG",43
"CAGAATCCAGTTCATG",91
"CAGAATCCATCCGCGA",92
"CAGAATCCATTCCTGC",10
"CAGAATCGTAAGGATT",1000
"CAGAATCGTACTCGCG",65
"CAGAATCGTCATTAGC",47
"CAGAATCGTCTCCACT",58
"CAGAATCGTCTCTTAT",1000
"CAGAATCGTCTGATTG",35
"CAGAATCGTTCCCTTG",37
"CAGAATCGTTTGACAC",55
"CAGAATCTCACAACGT",74
"CAGAATCTCCATGAAC",17
"CAGAATCTCCTATTCA",75
"CAGAATCTCCTCGCAT",38
"CAGAATCTCCTTTCGG",26
"CAGAATCTCGCAAACT",32
"CAGAATCTCGTCTGAA",50
"CAGAATCTCTCAAGTG",57
"CAGAATCTCTGTGCAA",2
"CAGAGAGAGACGCAAC",27
"CAGAGAGAGATGTGTA",20
"CAGAGAGAGATTACCC",0
"CAGAGAGAGCTCCCAG",25
"CAGAGAGAGCTGCCCA",91
"CAGAGAGAGCTTATCG",1000
"CAGAGAGAGGTGCAAC",74
"CAGAGAGAGTAGGCCA",54
"CAGAGAGAGTTCGCGC",7
"CAGAGAGAGTTGCAGG",82
"CAGAGAGCAAACAACA",44
"CAGAGAGCAATCCGAT",68
"CAGAGAGCACGCGAAA",32
"CAGAGAGCACGGACAA",50
"CAGAGAGCACTTAACG",19
"CAGAGAGCAGTCAGCC",54
"CAGAGAGCAGTCCTTC",80
"CAGAGAGCATTAGCCA",88
"CAGAGAGCATTAGGCT",85
"CAGAGAGCATTGGCGC",64
"CAGAGAGGTATATGGA",94
"CAGAGAGGTCACTTCC",19
"CAGAGAGGTCTCTCTG",92
"CAGAGAGGTTACCGAT",55
"CAGAGAGGTTAGTGGG",8
"CAGAGAGGTTCAACCA",56
"CAGAGAGGTTTGCATG",1
"CAGAGAGTCAGGCGAA",62
"CAGAGAGTCAGGTAAA",50
"CAGAGAGTCATGTCCC",85
"CAGAGAGTCCAAGTAC",39
"CAGAGAGTCCAGAGGA",3
"CAGAGAGTCGAATGCT",58
"CAGAGAGTCGCGCCAA",31
"CAGAGAGTCTGCTTGC",30
"CAGAGAGTCTGTCTAT",27
"CAGATCAAGACATAAC",51
"CAGATCAAGATGCCAG",79
"CAGATCAAGATGGCGT",51
"CAGATCAAGCGCCTTG",92
"CAGATCAAGGTGGGTT",62
"CAGATCAAGTACACCT",28
"CAGATCAAGTCCATAC",84
"CAGATCAAGTGTACGG",10
"CAGATCACAATAGCGG",54
"CAGATCACACTGAAGG",66
"CAGATCACAGCATACT",54
"CAGATCACAGGGTTAG",75
"CAGATCACAGTTAACC",19
"CAGATCACATTCCTCG",19
"CAGATCAGTAACGCGA",54
"CAGATCAGTACAGACG",75
"CAGATCAGTACAGTGG",27
"CAGATCAGTACCAGTT",38
"CAGATCAGTACTTCTT",20
"CAGATCAGTAGCGTCC",27
"CAGATCAGTATTACCG",81
"CAGATCAGTCGCTTTC",12
"CAGATCAGTCTGCGGT",1
"CAGATCAGTCTTCGTC",13
"CAGATCAGTCTTTCAT",12
"CAGATCAGTGAAATCA",13
"CAGATCAGTGTCCTCT",74
"CAGATCAGTGTGACCC",0
"CAGATCAGTTGAGGTG",58
"CAGATCATCAACGGGA",86
"CAGATCATCAGGTAAA",85
"CAGATCATCCAAGCCG",86
"CAGATCATCCAGAGGA",23
"CAGATCATCCCTCAGT",15
"CAGATCATCCGCTGTT",43
"CAGATCATCCTTTACA",1
"CAGATCATCGATAGAA",1000
"CAGATCATCTAGAGTC",23
"CAGATCATCTCGTATT",33
"CAGCAGCAGACAATAC",39
"CAGCAGCAGAGAGCTC",63
"CAGCAGCAGCCAGTAG",8
"CAGCAGCAGCGTAGTG",20
"CAGCAGCAGCGTGAGT",27
"CAGCAGCAGTGGACGT",46
"CAGCAGCCACAGAGGT",27
"CAGCAGCCACCAGTTA",67
"CAGCAGCCACTACAGT",11
"CAGCAGCCAGACAAGC",9
"CAGCAGCCAGCATGAG",30
"CAGCAGCCAGGAATGC",93
"CAGCAGCCAGTCGTGC",36
"CAGCAGCCATCGGGTC",8
"CAGCAGCGTAATAGCA",51
"CAGCAGCGTAGCAAAT",91
"CAGCAGCGTCGACTGC",62
"CAGCAGCGTCGATTGT",71
"CAGCAGCGTGACTCAT",23
"CAGCAGCTCACCATAG",3
"CAGCAGCTCAGCTCGG",21
"CAGCAGCTCATCGATG",18
"CAGCAGCTCGATGAGG",11
"CAGCAGCTCGGAGGTA",54
"CAGCAGCTCGTAGGTT",26
"CAGCAGCTCTTACCTA",44
"CAGCAGCTCTTCCTTC",75
"CAGCATAAGATGCCAG",52
"CAGCATAAGCCAGAAC",87
"CAGCATAAGCGGCTTC",88
"CAGCATAAGGACAGCT",38
"CAGCATAAGGAGTAGA",1
"CAGCATAAGTACGATA",77
"CAGCATAAGTGTCCCG",2
"CAGCATACAAGTCTAC",7
"CAGCATACACAAGCCC",85
"CAGCATACACCCAGTG",1000
"CAGCATACAGTCAGCC",54
"CAGCATACATCGATGT",51
"CAGCATACATCTATGG",20
"CAGCATACATGTCGAT",40
"CAGCATAGTCATATCG",1000
"CAGCATAGTCCTAGCG",51
"CAGCATAGTCGAATCT",8
"CAGCATAGTCTCAACA",0
"CAGCATAGTCTCTCGT",1
"CAGCATAGTTTAGCTG",2
"CAGCATATCACATGCA",21
"CAGCATATCACCGTAA",12
"CAGCATATCAGTTTGG",38
"CAGCATATCCTATTCA",54
"CAGCATATCTCGTATT",46
"CAGCATATCTCTGTCG",46
"CAGCATATCTGACCTC",1
"CAGCCGAAGACGCTTT",29
"CAGCCGAAGAGCTGCA",32
"CAGCCGAAGCGATTCT",52
"CAGCCGAAGCGTCAAG",93
"CAGCCGAAGGACACCA",87
"CAGCCGAAGGAGTTTA",55
"CAGCCGAAGTAGCGGT",52
"CAGCCGACAAAGCAAT",80
"CAGCCGACAAGGTTTC",86
"CAGCCGACACAACTGT",36
"CAGCCGACACAGCGTC",34
"CAGCCGACACGACGAA",31
"CAGCCGACAGCCACCA",83
"CAGCCGACAGCTGCTG",81
"CAGCCGACAGGTCCAC",65
"CAGCCGACATTGCGGC",21
"CAGCCGAGTACTCTCC",39
"CAGCCGAGTGAAAGAG",40
"CAGCCGATCACCGGGT",85
"CAGCCGATCAGCATGT",88
"CAGCCGATCCAAACTG",1000
"CAGCCGATCCTGCTTG",29
"CAGCCGATCGTTGCCT",23
"CAGCCGATCTACGAGT",13
"CAGCCGATCTGTCAAG",85
"CAGCGACAGAGTAAGG",87
"CAGCGACAGCGATTCT",20
"CAGCGACAGGCACATG",74
"CAGCGACAGGCGCTCT",5
"CAGCGACAGGGAACGG",94
"CAGCGACAGGGCTTGA",58
"CAGCGACAGTACGCGA",1000
"CAGCGACAGTGTACGG",15
"CAGCGACCAACTGCGC",7
"CAGCGACCAAGGACTG",68
"CAGCGACCACAGAGGT",25
"CAGCGACCACCAGTTA",72
"CAGCGACCAGCGTAAG",1
"CAGCGACCATATGCTG",13
"CAGCGACCATGTTCCC",30
"CAGCGACCATTCCTCG",74
"CAGCGACCATTGCGGC",15
"CAGCGACCATTTGCCC",4
"CAGCGACGTACCTACA",13
"CAGCGACGTCAAAGCG",69
"CAGCGACGTCCGAGTC",52
"CAGCGACGTCTAAACC",24
"CAGCGACGTGGTCTCG",21
"CAGCGACGTGTCCTCT",69
"CAGCGACGTGTTGAGG",39
"CAGCGACTCAAAGTAG",1
"CAGCGACTCCAGTATG",91
"CAGCGACTCCGAATGT",10
"CAGCGACTCGCGATCG",38
"CAGCGACTCGTTGCCT",87
"CAGCGACTCTTGCATT",40
"CAGCTAAAGAATGTGT",59
"CAGCTAAAGACAATAC",91
"CAGCTAAAGCAGCCTC",80
"CAGCTAAAGGCGCTCT",87
"CAGCTAAAGTAGGTGC",74
"CAGCTAAAGTGTGAAT",20
"CAGCTAACAAAGTGCG",82
"CAGCTAACAAATTGCC",34
"CAGCTAACAACCGCCA",37
"CAGCTAACAAGCTGGA",93
"CAGCTAACACGAAAGC",59
"CAGCTAACACGGCGTT",1
"CAGCTAACACGGCTAC",20
"CAGCTAACATAAGACA",91
"CAGCTAAGTAGAAAGG",92
"CAGCTAAGTAGCCTCG",50
"CAGCTAAGTATGCTTG",20
"CAGCTAAGTATTCGTG",32
"CAGCTAAGTCACCCAG",67
"CAGCTAAGTCGTTGTA",30
"CAGCTAAGTCTAGCCG",65
"CAGCTAAGTTCACCTC",32
"CAGCTAATCACATGCA",83
"CAGCTAATCCAAATGC",37
"CAGCTAATCCCTTGCA",44
"CAGCTAATCGGAATCT",86
"CAGCTGGAGGACATTA",59
"CAGCTGGAGGCATGGT",1
"CAGCTGGAGGCCGAAT",75
"CAGCTGGAGGCTAGGT",77
"CAGCTGGAGGGTTCCC",33
"CAGCTGGAGTACATGA",28
"CAGCTGGAGTCAAGCG",91
"CAGCTGGAGTGGTCCC",47
"CAGCTGGCAATCGAAA",32
"CAGCTGGCAATCGGTT",25
"CAGCTGGCAATGAATG",74
"CAGCTGGCACCTATCC",55
"CAGCTGGCAGTAAGAT",72
"CAGCTGGCATAACCTG",37
"CAGCTGGCATAAGACA",51
"CAGCTGGCATTCCTCG",58
"CAGCTGGGTACAGTGG",0
"CAGCTGGGTAGAAGGA",22
"CAGCTGGGTGGCCCTA",35
"CAGCTGGGTTACGTCA",36
"CAGCTGGTCAATACCG",11
"CAGCTGGTCACCAGGC",68
"CAGCTGGTCAGCTCGG",94
"CAGCTGGTCCCTCTTT",19
"CAGCTGGTCCTCAATT",51
"CAGCTGGTCGATAGAA",1
"CAGCTGGTCGCAAACT",32
"CAGCTGGTCTGCGACG",59
"CAGCTGGTCTTGAGAC",55
"CAGGTGCAGAAACGCC",68
"CAGGTGCAGATCTGAA",76
"CAGGTGCAGATGTGGC",20
"CAGGTGCAGGCAATTA",35
"CAGGTGCAGGCCATAG",55
"CAGGTGCAGTCAAGCG",1000
"CAGGTGCAGTGATCGG",52
"CAGGTGCCACCGATAT",2
"CAGGTGCCAGGGATTG",64
"CAGGTGCCAGTTCATG",68
"CAGGTGCGTCCGTGAC",81
"CAGGTGCGTCTTGATG",1
"CAGGTGCGTGAAGGCT",93
"CAGGTGCGTGACAAAT",44
"CAGGTGCGTGAGTATA",37
"CAGGTGCGTGCGCTTG",33
"CAGGTGCGTGCTTCTC",60
"CAGGTGCGTGGAAAGA",10
"CAGGTGCGTGGGTATG",39
"CAGGTGCGTTCAACCA",38
"CAGGTGCGTTCGAATC",94
"CAGGTGCTCACCACCT",66
"CAGGTGCTCAGGTAAA",1000
"CAGGTGCTCAGTTCGA",1000
"CAGGTGCTCGCAAGCC",59
"CAGGTGCTCGCCTGAG",59
"CAGGTGCTCGGCTTGG",1000
"CAGGTGCTCTGATACG",59
"CAGGTGCTCTGTTGAG",9
"CAGTAACAGAGACTAT",1000
"CAGTAACAGGACACCA",26
"CAGTAACAGTATCGAA",66
"CAGTAACCAATCCGAT",64
"CAGTAACCACAACTGT",73
"CAGTAACCAGAAGCAC",93
"CAGTAACCAGACAGGT",93
"CAGTAACCAGACTCGC",13
"CAGTAACCATCTACGA",40
"CAGTAACGTACCGTTA",43
"CAGTAACGTAGCCTAT",34
"CAGTAACGTCATATGC",10
"CAGTAACGTCTCCATC",85
"CAGTAACGTGCGCTTG",0
"CAGTAACTCAACGGGA",26
"CAGTAACTCAGGTAAA",3
"CAGTAACTCCAAGTAC",79
"CAGTAACTCGCCGTGA",1000
"CAGTAACTCTCTGCTG",3
"CAGTCCTAGAGAACAG",35
"CAGTCCTAGAGGTAGA",77
"CAGTCCTAGCGTCTAT",13
"CAGTCCTAGCTCCCAG",23
"CAGTCCTAGGATCGCA",67
"CAGTCCTAGGGTGTGT",13
"CAGTCCTCACAGGCCT",52
"CAGTCCTCACATCCGG",33
"CAGTCCTCACCATCCT",75
"CAGTCCTCAGCTGCTG",50
"CAGTCCTCAGGACCCT",85
"CAGTCCTCATCACCCT",30
"CAGTCCTCATGAAGTA",11
"CAGTCCTGTCCGAATT",75
"CAGTCCTTCAAGCCTA",87
"CAGTCCTTCACGATGT",1000
"CAGTCCTTCCACGACG",1000
"CAGTCCTTCCTTGGTC",74
"CAGTCCTTCGGTCCGA",48
"CAGTCCTTCTCCGGTT",49
"CATATGGAGAAACGCC",63
"CATATGGAGACTAAGT",59
"CATATGGAGATATACG",5
"CATATGGAGCGTAGTG",19
"CATATGGAGCTTCGCG",76
"CATATGGAGGTAGCCA",1000
"CATATGGAGTACGATA",55
"CATATGGAGTAGCGGT",1000
"CATATGGCAAGCCTAT",15
"CATATGGCACAAGCCC",64
"CATATGGCACCCATTC",8
"CATATGGCACTTCTGC",32
"CATATGGCATCCTAGA",19
"CATATGGCATCTATGG",13
"CATATGGGTAATTGGA",32
"CATATGGGTAGCTTGT",20
"CATATGGGTATTCGTG",10
"CATATGGGTCCTAGCG",84
"CATATGGGTCGCATCG",55
"CATATGGGTTAAGACA",33
"CATATGGGTTCAACCA",30
"CATATGGGTTCTCATT",65
"CATATGGTCAGTGTTG",53
"CATATGGTCCGTCATC",21
"CATATGGTCGAGAACG",1000
"CATATGGTCGTCCGTT",51
"CATATTCAGAAGGCCT",21
"CATATTCAGACTACAA",56
"CATATTCAGACTAGGC",81
"CATATTCAGGATGCGT",15
"CATATTCAGGCAAAGA",59
"CATATTCAGTATGACA",13
"CATATTCAGTCCATAC",3
"CATATTCCAAGCTGTT",19
"CATATTCCAAGTAGTA",80
"CATATTCCAGAGTGTG",1000
"CATATTCCAGCTCCGA",83
"CATATTCCAGTGACAG",1000
"CATATTCCATCTATGG",2
"CATATTCCATGTAGTC",1000
"CATATTCGTAAAGTCA",29
"CATATTCGTAGCGATG",32
"CATATTCGTAGGCATG",68
"CATATTCGTATAGGTA",32
"CATATTCGTCACTTCC",19
"CATATTCGTCGGCATC",30
"CATATTCGTGCTTCTC",75
"CATATTCGTGTAATGA",5
"CATATTCGTGTTAAGA",30
"CATATTCTCATCACCC",10
"CATATTCTCTTGTACT",32
"CATATTCTCTTGTATC",62
"CATCAAGAGAAGCCCA",20
"CATCAAGAGAGATGAG",51
"CATCAAGAGCGTGAGT",94
"CATCAAGAGTCTCCTC",52
"CATCAAGAGTGACATA",32
"CATCAAGCACCAGTTA",14
"CATCAAGCACCCATTC",80
"CATCAAGCACTTCTGC",48
"CATCAAGCAGCCAATT",20
"CATCAAGCATCTATGG",77
"CATCAAGGTAGGCATG",87
"CATCAAGGTATATCCG",3
"CATCAAGGTGCACCAC",75
"CATCAAGTCAACGGGA",8
"CATCAAGTCCCATTTA",48
"CATCAAGTCGATAGAA",27
"CATCAAGTCGTGGACC",44
"CATCAGAAGAGACGAA",86
"CATCAGAAGAGTAAGG",38
"CATCAGAAGCTACCTA",39
"CATCAGAAGCTAGCCC",26
"CATCAGAAGTCATCCA",63
"CATCAGACAATCGGTT",2
"CATCAGACAATGAAAC",26
"CATCAGACAGCGAACA",10
"CATCAGACAGGGTTAG",13
"CATCAGACATCTATGG",81
"CATCAGAGTACCAGTT",23
"CATCAGAGTATATCCG",77
"CATCAGAGTCAATGTC",38
"CATCAGAGTGTGAAAT",79
"CATCAGAGTTCGTCTC",1000
"CATCAGAGTTTGGGCC",75
"CATCAGATCAACACTG",86
"CATCAGATCATCACCC",54
"CATCAGATCATTATCC",30
"CATCAGATCCCTCTTT",50
"CATCAGATCCGCATAA",66
"CATCAGATCCGCTGTT",39
"CATCAGATCGGAAACG",91
"CATCAGATCGTAGGTT",87
"CATCAGATCTACGAGT",52
"CATCAGATCTTCATGT",77
"CATCCACAGCGTCTAT",8
"CATCCACCAGGAATCG",34
"CATCCACGTACTCGCG",2
"CATCCACGTAGCAAAT",62
"CATCCACGTCTAACGT",80
"CATCCACGTGATGCCC",66
"CATCCACGTTCAGACT",38
"CATCCACTCCAGAAGG",59
"CATCCACTCCCATTTA",29
"CATCCACTCCGTCAAA",10
"CATCCACTCGTATCAG",70
"CATCCACTCTCCCTGA",2
"CATCCACTCTGTTGAG",17
"CATCCACTCTTCGAGA",16
"CATCGAAAGAAACGCC",86
"CATCGAAAGCAGGTCA",47
"CATCGAAAGCCACCTG",39
"CATCGAAAGCCCAACC",31
"CATCGAAAGGCACATG",24
"CATCGAAAGGCATTGG",9
"CATCGAAAGGCTATCT",86
"CATCGAAAGTGGAGAA",32
"CATCGAAAGTGTCTCA",13
"CATCGAAAGTTAGCGG",38
"CATCGAACAAGGTTTC",59
"CATCGAACAAGTTAAG",58
"CATCGAACACCATCCT",54
"CATCGAACATGTTCCC",85
"CATCGAAGTAGAGCTG",86
"CATCGAAGTCCAGTAT",1000
"CATCGAAGTCGCGTGT",13
"CATCGAAGTCTGGTCG",87
"CATCGAAGTGACTCAT",80
"CATCGAAGTTCGGGCT",20
"CATCGAAGTTGTGGAG",75
"CATCGAATCAAAGACA",2
"CATCGAATCCTTTCTC",1
"CATCGAATCTCGAGTA",40
"CATCGAATCTCTAAGG",31
"CATCGGGAGCCAGAAC",44
"CATCGGGAGCTAGTCT",86
"CATCGGGAGCTATGCT",42
"CATCGGGAGGGCATGT",0
"CATCGGGAGTAGGTGC",19
"CATCGGGCAACTGCGC",9
"CATCGGGCACGAAACG",5
"CATCGGGCACTGTGTA",14
"CATCGGGCATACCATG",7
"CATCGGGGTCCTGCTT",48
"CATCGGGGTCGCCATG",0
"CATCGGGGTGAGTGAC",79
"CATCGGGGTTTGCATG",26
"CATCGGGTCATGCATG",14
"CATCGGGTCCATGCTC",0
"CATCGGGTCGCCCTTA",92
"CATCGGGTCTGCAAGT",26
"CATGACAAGATCCCAT",22
"CATGACAAGATCGGGT",92
"CATGACAAGATGGGTC",6
"CATGACAAGCTCAACT",69
"CATGACAAGGAACTGC",63
"CATGACAAGGAATCGC",1000
"CATGACAAGTCCATAC",45
"CATGACAAGTGAACAT",75
"CATGACAAGTGGGATC",10
"CATGACACAAGGACTG",68
"CATGACACAAGTCATC",81
"CATGACACAGTCACTA",38
"CATGACAGTAAGGGCT",86
"CATGACAGTACCTACA",1000
"CATGACAGTATATGAG",86
"CATGACAGTCCAGTGC",19
"CATGACAGTCTCTCGT",91
"CATGACAGTGCAGTAG",94
"CATGACAGTGCCTGGT",11
"CATGACATCCTAGGGC",13
"CATGACATCCTCGCAT",20
"CATGACATCGAGCCCA",93
"CATGACATCTCTTATG",14
"CATGACATCTTTAGGG",59
"CATGCCTAGACACGAC",50
"CATGCCTAGACTTGAA",25
"CATGCCTAGATACACA",85
"CATGCCTAGATAGGAG",81
"CATGCCTAGATCACGG",86
"CATGCCTAGCGTAATA",94
"CATGCCTAGGCAATTA",46
"CATGCCTAGGTTCCTA",69
"CATGCCTAGTCGAGTG",74
"CATGCCTCAAACAACA",85
"CATGCCTCAAGTTGTC",50
"CATGCCTCAGAAGCAC",54
"CATGCCTCAGTAGAGC",54
"CATGCCTCATCGGACC",85
"CATGCCTGTAAGTAGT",1000
"CATGCCTGTATGCTTG",9
"CATGCCTGTCTCCACT",14
"CATGCCTGTTAAGAAC",1000
"CATGCCTTCAAGGTAA",6
"CATGCCTTCACTTACT",51
"CATGCCTTCAGTGCAT",11
"CATGCCTTCATCTGTT",1
"CATGCCTTCCGATATG",35
"CATGCCTTCGGTCTAA",36
"CATGCCTTCTAACGGT",50
"CATGCCTTCTCGATGA",43
"CATGGCGAGAAACGCC",1000
"CATGGCGAGAAGATTC",59
"CATGGCGAGCTGATAA",71
"CATGGCGAGTTCCACA",92
"CATGGCGCAAACTGTC",3
"CATGGCGCAACACCTA",20
"CATGGCGCAAGCGTAG",1000
"CATGGCGCAAGCTGGA",27
"CATGGCGCACCAGATT",55
"CATGGCGCACCTGGTG",60
"CATGGCGCACGTGAGA",74
"CATGGCGCAGACGCAA",27
"CATGGCGCAGTTCCCT",13
"CATGGCGCATTAGCCA",3
"CATGGCGGTAGGGACT",51
"CATGGCGGTCAGGACA",29
"CATGGCGGTGAGGGTT",83
"CATGGCGGTGCTCTTC",80
"CATGGCGGTGTGAAAT",33
"CATGGCGGTTCACGGC",72
"CATGGCGTCACCGTAA",33
"CATGGCGTCACTCTTA",96
"CATGGCGTCACTTCAT",81
"CATGGCGTCAGAGGTG",59
"CATGGCGTCCCACTTG",92
"CATGGCGTCGAGCCCA",1000
"CATGGCGTCTAACTCT",67
"CATGGCGTCTGCCAGG",60
"CATTATCAGACTACAA",0
"CATTATCAGGAGTTTA",80
"CATTATCAGGATGCGT",23
"CATTATCAGGTCGGAT",74
"CATTATCAGTAACCCT",39
"CATTATCAGTCCGGTC",30
"CATTATCAGTCGTTTG",0
"CATTATCCAAACCTAC",65
"CATTATCCAAGAAGAG",1
"CATTATCCACAAGCCC",42
"CATTATCCACGAAGCA",59
"CATTATCCACGTCTCT",28
"CATTATCCAGACACTT",51
"CATTATCCAGCTTAAC",85
"CATTATCGTAAGTTCC",77
"CATTATCGTCCTGCTT",55
"CATTATCGTCGAACAG",79
"CATTATCGTCTGGTCG",26
"CATTATCGTGCAGTAG",94
"CATTATCGTGGCGAAT",94
"CATTATCGTGGTTTCA",9
"CATTATCTCCATGAAC",44
"CATTATCTCGGCTACG",62
"CATTATCTCTACTCAT",28
"CATTATCTCTCGCTTG",8
"CATTATCTCTGCTGTC",1
"CATTATCTCTTCTGGC",75
"CATTCGCAGAGCTATA",0
"CATTCGCAGATCCTGT",69
"CATTCGCAGATGTTAG",64
"CATTCGCAGCGTAATA",38
"CATTCGCAGCTAGCCC",38
"CATTCGCCAAACAACA",81
"CATTCGCCAAGCGCTC",63
"CATTCGCCAAGTAATG",1000
"CATTCGCCACGGTGTC",55
"CATTCGCCACGTCTCT",79
"CATTCGCCACTACAGT",2
"CATTCGCCAGATTGCT",84
"CATTCGCCAGGACGTA",58
"CATTCGCCAGTACACT",45
"CATTCGCCATCCCACT",1000
"CATTCGCCATGGTTGT",27
"CATTCGCGTAAGTTCC",81
"CATTCGCGTAGCTTGT",38
"CATTCGCGTCACACGC",3
"CATTCGCGTCTCAACA",28
"CATTCGCGTCTGATTG",14
"CATTCGCGTGTTTGGT",87
"CATTCGCTCACCGGGT",77
"CATTCGCTCAGTGCAT",1000
"CATTCGCTCATGTAGC",75
"CATTCGCTCGCAAACT",15
"CATTCGCTCTTGTCAT",5
"CCAATCCAGAACTCGG",42
"CCAATCCAGAAGGACA",60
"CCAATCCAGACATAAC",33
"CCAATCCAGAGGTTAT",80
"CCAATCCAGATATGGT",89
"CCAATCCAGATCGGGT",3
"CCAATCCAGGAACTGC",86
"CCAATCCAGTGAAGAG",69
"CCAATCCAGTGCGTGA",3
"CCAATCCAGTGGGTTG",68
"CCAATCCAGTGTACCT",69
"CCAATCCCACATCTTT",23
"CCAATCCCAGAGTGTG",13
"CCAATCCCAGCATACT",83
"CCAATCCCAGTGACAG",92
"CCAATCCGTCTCTTTA",20
"CCAATCCGTGCGATAG",92
"CCAATCCGTGGACGAT",11
"CCAATCCGTTCCCGAG",40
"CCAATCCGTTCCGGCA",40
"CCAATCCGTTTGACAC",68
"CCAATCCTCCTACAGA",38
"CCAATCCTCTCCCTGA",1000
"CCAATCCTCTTGTCAT",86
"CCACCTAAGAAGGGTA",95
"CCACCTAAGACCTTTG",64
"CCACCTAAGAGACGAA",94
"CCACCTAAGTGTACGG",58
"CCACCTACAAACAACA",55
"CCACCTACACATTAGC",86
"CCACCTACAGCGTAAG",65
"CCACCTACAGGAATCG",56
"CCACCTACATATGAGA",37
"CCACCTACATTGTGCA",2
"CCACCTAGTAAGTGGC",13
"CCACCTAGTAGGCATG",14
"CCACCTAGTATGAATG",30
"CCACCTAGTATTCGTG",48
"CCACCTAGTGCAACTT",74
"CCACCTAGTGCAGTAG",36
"CCACCTATCATAACCG",32
"CCACCTATCCAGTATG",94
"CCACCTATCGACCAGC",33
"CCACCTATCGAGCCCA",15
"CCACCTATCGGAAATA",86
"CCACCTATCGTTGCCT",26
"CCACCTATCTGTCTAT",42
"CCACCTATCTGTGCAA",19
"CCACGGAAGAGAACAG",10
"CCACGGAAGAGCTATA",59
"CCACGGAAGATACACA",85
"CCACGGAAGATAGCAT",27
"CCACGGAAGCCTCGTG",14
"CCACGGAAGCTCTCGG",39
"CCACGGAAGTCCATAC",57
"CCACGGACAAAGGTGC",79
"CCACGGACATCCTAGA",24
"CCACGGACATCTGGTA",37
"CCACGGAGTAAACACA",30
"CCACGGAGTACATGTC",1000
"CCACGGAGTAGTACCT",32
"CCACGGAGTGTGAAAT",55
"CCACGGAGTGTTAAGA",43
"CCACGGATCAACACCA",40
"CCACGGATCAACCATG",60
"CCACGGATCAGCGATT",83
"CCACGGATCAGTGCAT",48
"CCACGGATCCCAAGAT",9
"CCACGGATCTAAGCCA",30
"CCACTACAGACGCTTT",20
"CCACTACAGCACACAG",86
"CCACTACAGTCACGCC",21
"CCACTACCACAAGCCC",9
"CCACTACCACTGTGTA",50
"CCACTACCAGCATACT",50
"CCACTACCAGTAAGCG",93
"CCACTACCATCGGAAG",1000
"CCACTACGTACGAAAT",80
"CCACTACGTATCTGCA",24
"CCACTACGTCTAAACC",82
"CCACTACGTGTCGCTG",40
"CCACTACGTTAGGGTG",13
"CCACTACGTTCAGTAC",39
"CCACTACTCAGTGTTG",32
"CCACTACTCCATGCTC",21
"CCACTACTCCGCGGTA",66
"CCACTACTCCGTCAAA",82
"CCACTACTCGTTACGA",36
"CCACTACTCTCAAGTG",74
"CCAGCGAAGAACTCGG",86
"CCAGCGAAGCCGCCTA",75
"CCAGCGAAGGAATTAC",18
"CCAGCGAAGGAGCGTT",43
"CCAGCGAAGGGAACGG",1000
"CCAGCGAAGGTGCAAC",30
"CCAGCGAAGTGACTCT",57
"CCAGCGACAAACGTGG",32
"CCAGCGACACACATGT",20
"CCAGCGACACGTTGGC",83
"CCAGCGACAGATGGCA",20
"CCAGCGACAGGCGATA",25
"CCAGCGACATCCGTGG",75
"CCAGCGAGTAAACGCG",56
"CCAGCGAGTACAGACG",10
"CCAGCGAGTACAGTGG",85
"CCAGCGAGTAGCACGA",9
"CCAGCGAGTCATCCCT",40
"CCAGCGAGTGTCTGAT",1000
"CCAGCGATCACTTCAT",53
"CCAGCGATCCAATGGT",20
"CCAGCGATCGGCTTGG",50
"CCAGCGATCGTTTATC",43
"CCAGCGATCTACCAGA",46
"CCAGCGATCTACCTGC",44
"CCAGCGATCTTATCTG",79
"CCAGCGATCTTCGAGA",24
"CCAGCGATCTTGTCAT",57
"CCATGTCAGCAACGGT",74
"CCATGTCAGCAGGCTA",85
"CCATGTCAGGACATTA",13
"CCATGTCAGGACGAAA",42
"CCATGTCAGGCAGGTT",10
"CCATGTCCAACAACCT",15
"CCATGTCCAACACCTA",74
"CCATGTCCAATCACAC",48
"CCATGTCCACAGTCGC",28
"CCATGTCCACCATCCT",19
"CCATGTCCAGTGAGTG",43
"CCATGTCGTATCTGCA",62
"CCATGTCGTCCAGTGC",3
"CCATGTCGTTAGTGGG",38
"CCATGTCGTTCCACAA",1
"CCATGTCTCAGAGCTT",3
"CCATGTCTCAGCTTAG",31
"CCATGTCTCATCATTC",43
"CCATGTCTCCCGACTT",75
"CCATGTCTCCTATGTT",87
"CCATGTCTCCTGCCAT",20
"CCATGTCTCTAAGCCA",20
"CCATGTCTCTTACCTA",66
"CCATTCGAGAAACGAG",94
"CCATTCGAGAGGTACC",85
"CCATTCGAGATACACA",80
"CCATTCGAGGTGCTAG",78
"CCATTCGCAAATCCGT",23
"CCATTCGCAATAAGCA",65
"CCATTCGCAATGACCT",75
"CCATTCGCACAAGCCC",13
"CCATTCGGTAAAGTCA",1000
"CCATTCGGTACATCCA",32
"CCATTCGGTATTACCG",36
"CCATTCGGTGAGGGTT",90
"CCATTCGGTGGTCCGT",79
"CCATTCGGTTCAGTAC",73
"CCATTCGGTTGTGGCC",80
"CCATTCGTCACGGTTA",83
"CCATTCGTCAGCTTAG",10
"CCATTCGTCCATGAAC",16
"CCATTCGTCGCGGATC",1000
"CCATTCGTCGTATCAG",48
"CCATTCGTCTCGTATT",39
"CCATTCGTCTGTCTCG",27
"CCCAATCAGGAGCGTT",39
"CCCAATCAGGTGCTTT",74
"CCCAATCAGTAACCCT",1
"CCCAATCCAATAAGCA",62
"CCCAATCCACACATGT",59
"CCCAATCCACATCCGG",81
"CCCAATCCAGCTTAAC",40
"CCCAATCGTAGCGTGA",16
"CCCAATCGTAGGACAC",20
"CCCAATCGTAGGCATG",38
"CCCAATCGTGTATGGG",57
"CCCAATCGTTATCACG",58
"CCCAATCGTTCATGGT",10
"CCCAATCGTTCGGCAC",71
"CCCAATCTCAGCAACT",59
"CCCAATCTCCAAAGTC",75
"CCCAATCTCCGTACAA",62
"CCCAATCTCGAGAACG",60
"CCCAATCTCGTCGTTC",27
"CCCAATCTCTCTAAGG",3
"CCCAATCTCTGCCAGG",14
"CCCAGTTAGACTACAA",66
"CCCAGTTAGGCATGGT",51
"CCCAGTTAGGGCACTA",2
"CCCAGTTAGTCGAGTG",74
"CCCAGTTCAAGGTGTG",20
"CCCAGTTCACATTTCT",80
"CCCAGTTCACCAACCG",86
"CCCAGTTCAGACAGGT",53
"CCCAGTTCAGCGTCCA",92
"CCCAGTTCAGCTGCAC",15
"CCCAGTTCAGGTTTCA",21
"CCCAGTTGTAATTGGA",86
"CCCAGTTGTACTTAGC",54
"CCCAGTTGTAGGACAC",90
"CCCAGTTGTCAAACTC",10
"CCCAGTTGTCATGCCG",85
"CCCAGTTGTCTTCAAG",45
"CCCAGTTGTGCAGTAG",48
"CCCAGTTGTGGTGTAG",68
"CCCAGTTGTTACAGAA",1
"CCCAGTTGTTTGGGCC",62
"CCCAGTTTCAAGGTAA",80
"CCCAGTTTCATGCATG",20
"CCCAGTTTCGGAGGTA",31
"CCCAGTTTCGTTGACA",48
"CCCAGTTTCTGGTATG",30
"CCCATACAGAAACCAT",60
"CCCATACAGATGTAAC",30
"CCCATACAGCTAGTTC",90
"CCCATACAGGAGTTGC",80
"CCCATACAGTATCGAA",27
"CCCATACAGTATGACA",9
"CCCATACAGTGAAGAG",1
"CCCATACAGTGGCACA",40
"CCCATACAGTGTACCT",92
"CCCATACCAATAGCAA",87
"CCCATACCACAGTCGC",56
"CCCATACGTACAAGTA",92
"CCCATACGTGCGGTAA",0
"CCCATACGTTGATTGC",38
"CCCATACTCACCTCGT",8
"CCCATACTCACCTTAT",39
"CCCATACTCAGCTCGG",92
"CCCATACTCATGGTCA",26
"CCCATACTCCTTGACC",30
"CCCATACTCGAGCCCA",6
"CCCATACTCGCGTAGC",62
"CCCATACTCGCTTGTC",60
"CCCATACTCTGACCTC",79
"CCCTCCTAGACAGACC",37
"CCCTCCTAGACTACAA",29
"CCCTCCTAGACTAGGC",60
"CCCTCCTAGCCGTCGT",66
"CCCTCCTAGCGTGAAC",8
"CCCTCCTAGGACATTA",8
"CCCTCCTAGTACGACG",29
"CCCTCCTAGTCGAGTG",86
"CCCTCCTAGTGAAGAG",94
"CCCTCCTCACCATGTA",27
"CCCTCCTCACGAGGTA",59
"CCCTCCTCAGGACCCT",31
"CCCTCCTCATCTCCCA",83
"CCCTCCTGTACATCCA",54
"CCCTCCTGTAGAGGAA",60
"CCCTCCTGTAGGCTGA",1000
"CCCTCCTGTCAATGTC",74
"CCCTCCTGTCCAACTA",23
"CCCTCCTGTCCAAGTT",94
"CCCTCCTGTCCGACGT",40
"CCCTCCTGTGGTACAG",80
"CCCTCCTTCATGCATG",32
"CCCTCCTTCATGTCTT",59
"CCCTCCTTCCCTAACC",8
"CCCTCCTTCGCAGGCT",75
"CCCTCCTTCGCTAGCG",79
"CCCTCCTTCGCTTGTC",68
"CCCTCCTTCGGAAACG",1000
"CCCTCCTTCGGCCGAT",1
"CCCTCCTTCTCTAGGA",38
"CCGGGATAGAAGGACA",1000
"CCGGGATAGCGATTCT",74
"CCGGGATAGGGATGGG",28
"CCGGGATAGTCAAGGC",67
"CCGGGATAGTGGAGAA",38
"CCGGGATCACCGTTGG",45
"CCGGGATCACGAAAGC",85
"CCGGGATCACGTGAGA",5
"CCGGGATCAGTTAACC",86
"CCGGGATCATCAGTAC",77
"CCGGGATCATCTCCCA",93
"CCGGGATCATGGTTGT",79
"CCGGGATCATGTTCCC",14
"CCGGGATGTCACTGGC",27
"CCGGGATGTCCAGTTA",3
"CCGGGATGTCTCGTTC",46
"CCGGGATGTCTTGATG",93
"CCGGGATGTTAGTGGG",38
"CCGGGATTCATCTGTT",69
"CCGGTAGAGCAACGGT",48
"CCGGTAGAGCCAGTAG",85
"CCGGTAGAGGGCTTCC",78
"CCGGTAGAGTCCCACG",59
"CCGGTAGAGTGGAGAA",87
"CCGGTAGAGTGGTAGC",51
"CCGGTAGAGTTGAGAT",66
"CCGGTAGCAAAGTGCG",85
"CCGGTAGCAACGCACC",91
"CCGGTAGCAATGGAAT",94
"CCGGTAGCACTTAAGC",26
"CCGGTAGCAGGACGTA",1
"CCGGTAGCAGGATTGG",43
"CCGGTAGCAGTCGATT",20
"CCGGTAGCATATGCTG",10
"CCGGTAGCATCGGAAG",65
"CCGGTAGCATGCGCAC",91
"CCGGTAGCATTACGAC",74
"CCGGTAGGTAAAGTCA",22
"CCGGTAGGTAAGGGAA",42
"CCGGTAGGTGAGGGAG",66
"CCGGTAGGTGTCGCTG",72
"CCGGTAGTCAAACGGG",0
"CCGGTAGTCGCTAGCG",85
"CCGTACTAGACTAGAT",51
"CCGTACTAGATATACG",13
"CCGTACTAGCTCCCAG",32
"CCGTACTAGGAGTAGA",83
"CCGTACTCACCGGAAA",48
"CCGTACTCACGACGAA",93
"CCGTACTCAGGAATGC",80
"CCGTACTCATGTAGTC",9
"CCGTACTGTAAGGATT",81
"CCGTACTGTAGAAGGA",56
"CCGTACTGTAGCTTGT",93
"CCGTACTGTATGAATG",85
"CCGTACTGTCCGAACC",4
"CCGTACTGTCCTCTTG",1
"CCGTACTGTCGGCACT",75
"CCGTACTGTGCGATAG",1000
"CCGTACTGTGTTGAGG",38
"CCGTACTGTTATTCTC",59
"CCGTACTGTTCCACTC",83
"CCGTACTGTTGATTGC",62
"CCGTACTTCAATACCG",41
"CCGTACTTCAGAGCTT",41
"CCGTACTTCAGGTTCA",46
"CCGTACTTCGAATGGG",75
"CCGTACTTCGCATGGC",82
"CCGTACTTCGTATCAG",13
"CCGTACTTCGTCTGAA",80
"CCGTGGAAGATAGCAT",30
"CCGTGGAAGATCTGAA",44
"CCGTGGAAGCACCGTC",10
"CCGTGGAAGCATGGCA",39
"CCGTGGAAGCCACGTC",19
"CCGTGGAAGCTCCTCT",3
"CCGTGGAAGGGATACC",3
"CCGTGGAAGGGTGTGT",30
"CCGTGGAAGGGTTTCT",24
"CCGTGGAAGTGCCATT",82
"CCGTGGAAGTGGCACA",30
"CCGTGGAAGTGTCTCA",86
"CCGTGGAAGTTAACGA",8
"CCGTGGACAAGTACCT",30
"CCGTGGACACTATCTT",28
"CCGTGGAGTACAGTTC",0
"CCGTGGAGTCCAGTGC",78
"CCGTGGAGTCCTCTTG",66
"CCGTGGAGTCTAGTGT",13
"CCGTGGAGTTATGTGC",54
"CCGTGGAGTTGGGACA",1
"CCGTGGATCCCGGATG",35
"CCGTGGATCCGCGGTA",10
"CCGTGGATCCGTTGTC",38
"CCGTGGATCCTGTACC",78
"CCGTGGATCGCCGTGA",93
"CCGTGGATCGCCTGTT",84
"CCGTGGATCTTCCTTC",15
"CCGTTCAAGACTCGGA",39
"CCGTTCAAGCTCCCAG",67
"CCGTTCAAGTAGGTGC",54
"CCGTTCACAAATCCGT",30
"CCGTTCACAAATTGCC",20
"CCGTTCACAATAGAGT",9
"CCGTTCACAGAAGCAC",93
"CCGTTCACATGCAATC",1
"CCGTTCACATTCTCAT",50
"CCGTTCAGTAAAGTCA",94
"CCGTTCAGTACCAGTT",75
"CCGTTCAGTATAGTAG",7
"CCGTTCAGTCTCATCC",30
"CCGTTCAGTGCAACGA",20
"CCGTTCAGTTAAGAAC",20
"CCGTTCAGTTATGCGT",16
"CCGTTCAGTTTGGCGC",27
"CCGTTCATCAAACCAC",33
"CCGTTCATCAACGGCC",39
"CCGTTCATCACGACTA",75
"CCGTTCATCCAGATCA",69
"CCGTTCATCGCCATAA",25
"CCGTTCATCGTATCAG",42
"CCGTTCATCTCCGGTT",81
"CCGTTCATCTGGGCCA",60
"CCGTTCATCTTACCTA",54
"CCTAAAGAGAGCCTAG",50
"CCTAAAGAGCATCATC",79
"CCTAAAGCAATTCCTT",2
"CCTAAAGCACTATCTT",57
"CCTAAAGCATATACGC",95
"CCTAAAGCATGACATC",81
"CCTAAAGCATGTTGAC",86
"CCTAAAGGTAAACCTC",8
"CCTAAAGGTAAAGTCA",8
"CCTAAAGGTACGACCC",3
"CCTAAAGGTAGGCTGA",25
"CCTAAAGGTCGCGAAA",14
"CCTAAAGGTTACGTCA",47
"CCTAAAGGTTATGCGT",13
"CCTAAAGGTTCACCTC",79
"CCTAAAGGTTCAGCGC",10
"CCTAAAGGTTTGTTGG",56
"CCTAAAGTCAATAAGG",87
"CCTAAAGTCAGCCTAA",37
"CCTAAAGTCCACGTTC",80
"CCTAAAGTCCTCGCAT",8
"CCTAAAGTCGCCTGAG",21
"CCTAAAGTCGGAATCT",26
"CCTAAAGTCGGGAGTA",20
"CCTAAAGTCTGCGGCA",8
"CCTAAAGTCTTAGAGC",28
"CCTACACCATGGAATA",8
"CCTACACCATGTAAGA",74
"CCTACACGTACATCCA",30
"CCTACACGTACCTACA",30
"CCTACACGTCGAGATG",0
"CCTACACGTCGCCATG",0
"CCTACACGTCTAGAGG",21
"CCTACACGTCTCAACA",81
"CCTACACGTCTCCATC",0
"CCTACACGTGCTAGCC",91
"CCTACACGTTGTGGCC",87
"CCTACACTCAAACCAC",62
"CCTACACTCGAGAGCA",78
"CCTACACTCTACGAGT",85
"CCTACACTCTGAAAGA",93
"CCTACCAAGGATTCGG",92
"CCTACCAAGGTCGGAT",0
"CCTACCAAGTAGGTGC",31
"CCTACCAAGTGGTAGC",3
"CCTACCAAGTTAAGTG",1000
"CCTACCAAGTTATCGC",66
"CCTACCACAAGGCTCC",51
"CCTACCACAATGGACG",60
"CCTACCACACCAGGTC",38
"CCTACCACACGGTTTA",83
"CCTACCACAGGGCATA",68
"CCTACCACAGTGGGAT",46
"CCTACCACATCCCATC",70
"CCTACCAGTAAACCTC",94
"CCTACCAGTACATGTC",14
"CCTACCAGTCTCACCT",16
"CCTACCAGTCTCTCTG",11
"CCTACCAGTTATGCGT",44
"CCTACCAGTTCAACCA",36
"CCTACCAGTTGCGCAC",21
"CCTACCAGTTTAAGCC",50
"CCTACCAGTTTCGCTC",35
"CCTACCATCACTTACT",30
"CCTACCATCAGTTTGG",13
"CCTACCATCCTTGGTC",18
"CCTACCATCGTGGTCG",68
"CCTACCATCTACCAGA",27
"CCTACCATCTACTCAT",87
"CCTACCATCTCGATGA",13
"CCTACCATCTCGTATT",76
"CCTACCATCTGTTGAG",74
"CCTAGCTAGAAGCCCA",74
"CCTAGCTAGAGTACAT",0
"CCTAGCTAGAGTACCG",1000
"CCTAGCTAGATGCGAC",61
"CCTAGCTAGCTAAACA",2
"CCTAGCTAGGAGTACC",87
"CCTAGCTAGGAGTCTG",55
"CCTAGCTAGGTGCTTT",59
"CCTAGCTCAAGGTTCT",20
"CCTAGCTCAATCTGCA",21
"CCTAGCTCACATCTTT",38
"CCTAGCTCAGGGCATA",8
"CCTAGCTCATCGGACC",94
"CCTAGCTCATTCTTAC",74
"CCTAGCTGTCCGAACC",30
"CCTAGCTGTGTGACGA",30
"CCTAGCTGTTAAGTAG",20
"CCTAGCTTCAACACCA",5
"CCTAGCTTCAGCGATT",27
"CCTAGCTTCGCATGAT",4
"CCTAGCTTCGCGGATC",22
"CCTAGCTTCGTCTGCT",9
"CCTAGCTTCGTTACAG",86
"CCTAGCTTCTCGTATT",82
"CCTAGCTTCTTCGAGA",69
"CCTAGCTTCTTTACGT",27
"CCTATTAAGAATCTCC",94
"CCTATTAAGCCAGTTT",1
"CCTATTAAGCCCGAAA",9
"CCTATTAAGCCGTCGT",68
"CCTATTAAGGAGCGAG",92
"CCTATTAAGGATGGTC",1000
"CCTATTAAGTGCGATG",13
"CCTATTAAGTGTACCT",21
"CCTATTAAGTTAGGTA",11
"CCTATTACAAGCTGTT",7
"CCTATTACAATAAGCA",38
"CCTATTACAATGACCT",10
"CCTATTACACAGCGTC",66
"CCTATTACAGCGTCCA",1000
"CCTATTACATGGTCTA",51
"CCTATTAGTATAGTAG",96
"CCTATTAGTCAATGTC",50
"CCTATTAGTCACACGC",52
"CCTATTAGTCTAGAGG",20
"CCTATTAGTCTTCTCG",59
"CCTATTAGTGACAAAT",54
"CCTATTAGTGAGTGAC",17
"CCTATTAGTTAAAGAC",32
"CCTATTAGTTACCAGT",1000
"CCTATTATCACTTCAT",23
"CCTATTATCAGTCAGT",21
"CCTATTATCCCGACTT",80
"CCTATTATCCGCATCT",10
"CCTATTATCGGTTCGG",24
"CCTATTATCTACTCAT",65
"CCTCAGTAGACAGGCT",71
"CCTCAGTAGAGATGAG",38
"CCTCAGTAGCGGATCA",92
"CCTCAGTAGGACGAAA",53
"CCTCAGTAGGCGATAC",20
"CCTCAGTAGGTGACCA",79
"CCTCAGTCAAGCCCAC",37
"CCTCAGTCAAGCTGGA",88
"CCTCAGTCAAGTAGTA",1
"CCTCAGTCACCAGTTA",74
"CCTCAGTCACTCGACG",35
"CCTCAGTCATGGTCTA",91
"CCTCAGTCATTAGCCA",10
"CCTCAGTCATTCACTT",82
"CCTCAGTGTAAATACG",1
"CCTCAGTGTAAATGAC",75
"CCTCAGTGTAGCGTCC",1
"CCTCAGTGTCAAAGCG",1000
"CCTCAGTGTCATATCG",82
"CCTCAGTGTGAAAGAG",30
"CCTCAGTGTGGGTCAA",92
"CCTCAGTTCAACACAC",63
"CCTCAGTTCACGCGGT",85
"CCTCAGTTCATCTGTT",9
"CCTCAGTTCGAACTGT",2
"CCTCAGTTCGCCATAA",86
"CCTCAGTTCGCCTGTT",50
"CCTCAGTTCGGAAATA",38
"CCTCAGTTCTCACATT",74
"CCTCAGTTCTTGAGGT",1000
"CCTCTGAAGTAACCCT",20
"CCTCTGACAACAACCT",27
"CCTCTGACAATGTAAG",10
"CCTCTGACACATGACT",13
"CCTCTGACACATTCGA",10
"CCTCTGACACGAGAGT",59
"CCTCTGACACGGCTAC",28
"CCTCTGACAGACTCGC",67
"CCTCTGACAGGCAGTA",59
"CCTCTGAGTACGCTGC",54
"CCTCTGAGTATGAAAC",21
"CCTCTGAGTGCATCTA",68
"CCTCTGAGTGCGGTAA",31
"CCTCTGAGTGGCCCTA",94
"CCTCTGAGTTGGTGGA",64
"CCTCTGAGTTGTTTGG",64
"CCTCTGATCATGTAGC",55
"CCTCTGATCCAAGTAC",93
"CCTCTGATCCCTAACC",32
"CCTCTGATCTCGGACG",54
"CCTTACGAGACTACAA",89
"CCTTACGAGGAATCGC",73
"CCTTACGAGGCTCATT",21
"CCTTACGAGGTGATTA",38
"CCTTACGAGTATCGAA",6
"CCTTACGAGTGAACGC",71
"CCTTACGCAAACCCAT",79
"CCTTACGCAATGGATA",7
"CCTTACGCACAAGTAA",92
"CCTTACGCAGTGGGAT",52
"CCTTACGCATTCCTGC",1000
"CCTTACGGTACCGGCT",76
"CCTTACGGTAGGGACT",21
"CCTTACGGTATTCGTG",75
"CCTTACGGTGGCAAAC",1000
"CCTTACGGTGTGCCTG",87
"CCTTACGGTTATCGGT",86
"CCTTACGTCACGCGGT",30
"CCTTACGTCAGGTAAA",8
"CCTTACGTCCATGAAC",6
"CCTTACGTCTGTTGAG",65
"CCTTCCCAGACCTTTG",86
"CCTTCCCAGAGCTGGT",38
"CCTTCCCAGAGTACAT",85
"CCTTCCCAGCGATATA",26
"CCTTCCCAGGAGTAGA",3
"CCTTCCCAGGTGATAT",0
"CCTTCCCAGGTTCCTA",5
"CCTTCCCAGTATGACA",14
"CCTTCCCCAAGCCGCT",56
"CCTTCCCCACGAAAGC",81
"CCTTCCCCACGTTGGC",94
"CCTTCCCCAGGAATGC",7
"CCTTCCCGTCCAGTGC",3
"CCTTCCCGTCGCTTTC",66
"CCTTCCCGTCGGATCC",54
"CCTTCCCGTGGACGAT",34
"CCTTCCCGTGTAACGG",87
"CCTTCCCGTTGAGTTC",87
"CCTTCCCTCCAGTAGT",32
"CCTTCCCTCGACCAGC",32
"CCTTCGAAGATAGCAT",77
"CCTTCGAAGCATCATC",76
"CCTTCGAAGCCGGTAA",13
"CCTTCGAAGTTATCGC",74
"CCTTCGACACGGCCAT",47
"CCTTCGAGTAAGTAGT",20
"CCTTCGAGTACCGAGA",81
"CCTTCGAGTACTTGAC",1000
"CCTTCGAGTATATGGA",27
"CCTTCGAGTATTAGCC",94
"CCTTCGAGTCAACTGT",93
"CCTTCGAGTCACACGC",26
"CCTTCGAGTCATACTG",5
"CCTTCGAGTCCGAGTC",4
"CCTTCGAGTGACGCCT",87
"CCTTCGAGTGTGGCTC",7
"CCTTCGAGTTCATGGT",71
"CCTTCGATCACAGGCC",94
"CCTTCGATCAGAGACG",86
"CCTTCGATCCCTAATT",1
"CCTTCGATCGTACCGG",21
"CCTTCGATCTACGAGT",75
"CCTTCGATCTAGCACA",67
"CCTTTCTAGAAGGCCT",65
"CCTTTCTAGAATGTTG",51
"CCTTTCTAGAGACTAT",14
"CCTTTCTAGATGTGGC",53
"CCTTTCTAGCGACGTA",51
"CCTTTCTAGGCAAAGA",79
"CCTTTCTAGTATGACA",46
"CCTTTCTAGTCCGTAT",32
"CCTTTCTCAACACGCC",80
"CCTTTCTCAACGATGG",82
"CCTTTCTCAAGGTGTG",6
"CCTTTCTCACCGATAT",21
"CCTTTCTCAGATGGGT",36
"CCTTTCTCATAGACTC",93
"CCTTTCTCATCCAACA",37
"CCTTTCTCATCCTTGC",50
"CCTTTCTCATGCCACG",8
"CCTTTCTCATTATCTC",62
"CCTTTCTGTACCATCA",75
"CCTTTCTGTAGCGATG",86
"CCTTTCTGTATATGAG",51
"CCTTTCTGTCGCATAT",62
"CCTTTCTGTGAAATCA",60
"CCTTTCTGTGATGATA",55
"CCTTTCTGTGCCTTGG",93
"CCTTTCTGTGGTCTCG",85
"CCTTTCTGTGTTTGTG",6
"CCTTTCTTCACATACG",74
"CCTTTCTTCCAAACTG",55
"CCTTTCTTCGGCCGAT",11
"CCTTTCTTCGTATCAG",20
"CCTTTCTTCTTGCATT",39
"CGAACATAGCACACAG",30
"CGAACATAGGGCTCTC",38
"CGAACATAGGGTGTTG",75
"CGAACATAGTAGGTGC",25
"CGAACATAGTCTCGGC",15
"CGAACATAGTGGGCTA",30
"CGAACATAGTTACGGG",13
"CGAACATCAGGATTGG",21
"CGAACATCAGTAAGCG",87
"CGAACATCATGGAATA",1000
"CGAACATCATGGATGG",9
"CGAACATCATTATCTC",65
"CGAACATGTAAGTGGC",15
"CGAACATGTACCGAGA",60
"CGAACATGTAGAAAGG",25
"CGAACATGTCGCATCG",1000
"CGAACATGTCTACCTC",21
"CGAACATGTCTCTCGT",91
"CGAACATGTCTGCAAT",10
"CGAACATGTCTTGCGG",36
"CGAACATGTTAAGACA",47
"CGAACATGTTATGCGT",81
"CGAACATTCAACACAC",26
"CGAACATTCAGCACAT",13
"CGAACATTCAGTACGT",32
"CGAACATTCCGCGCAA",1
"CGAACATTCGGTCTAA",66
"CGAACATTCTGGCGTG",47
"CGAATGTAGAGGTTAT",39
"CGAATGTAGATGCGAC",37
"CGAATGTAGGACAGAA",94
"CGAATGTAGGGATCTG",69
"CGAATGTAGGTGCTTT",65
"CGAATGTAGTACGTAA",50
"CGAATGTAGTAGCGGT",37
"CGAATGTAGTCATGCT",7
"CGAATGTAGTGGTAAT",10
"CGAATGTCAAGTTAAG",86
"CGAATGTCACGGTTTA",30
"CGAATGTCAGCGTCCA",59
"CGAATGTCAGGTCTCG",85
"CGAATGTCAGTATGCT",75
"CGAATGTGTAAACACA",6
"CGAATGTGTAGCGCAA",20
"CGAATGTGTCAACATC",93
"CGAATGTGTCAGAGGT",32
"CGAATGTGTCATATGC",3
"CGAATGTGTCCCGACA",7
"CGAATGTGTCTAGCGC",14
"CGAATGTGTGGTCTCG",37
"CGAATGTGTTCCACAA",68
"CGAATGTTCCCGGATG",37
"CGAATGTTCCCTAATT",25
"CGAATGTTCCGTCATC",44
"CGAATGTTCCTAGAAC",30
"CGAATGTTCGCCAGCA",55
"CGAATGTTCGGCGCTA",2
"CGAATGTTCGTGGTCG",13
"CGACCTTAGAAACGCC",70
"CGACCTTAGATATGGT",91
"CGACCTTAGCGTTGCC",28
"CGACCTTAGGGAGTAA",10
"CGACCTTAGTAATCCC",92
"CGACCTTAGTGGGCTA",32
"CGACCTTCAAAGGAAG",3
"CGACCTTCAAAGTCAA",14
"CGACCTTCACCGAAAG",6
"CGACCTTCAGAGTGTG",35
"CGACCTTCAGATCGGA",61
"CGACCTTCAGCAGTTT",85
"CGACCTTCATCTCGCT",92
"CGACCTTCATGCCCGA",47
"CGACCTTCATGGTCTA",85
"CGACCTTGTAAGTTCC",33
"CGACCTTGTACTTCTT",9
"CGACCTTGTACTTGAC",66
"CGACCTTGTAGCGCAA",30
"CGACCTTGTATATGGA",7
"CGACCTTGTCCGAACC",1000
"CGACCTTGTGCGAAAC",19
"CGACCTTGTGCTTCTC",59
"CGACCTTGTTCAACCA",32
"CGACCTTGTTGTCTTT",52
"CGACCTTTCTACTCAT",59
"CGACTTCAGACAGGCT",1000
"CGACTTCAGAGCCTAG",79
"CGACTTCAGATATGGT",61
"CGACTTCAGGACGAAA",36
"CGACTTCAGGCCCTCA",2
"CGACTTCAGTACGTAA",79
"CGACTTCAGTGGAGTC",12
"CGACTTCCAATAAGCA",11
"CGACTTCCACAGGCCT",31
"CGACTTCCAGGTGGAT",4
"CGACTTCCAGTAAGAT",13
"CGACTTCCATAGAAAC",32
"CGACTTCCATCTCCCA",66
"CGACTTCGTACGCTGC",78
"CGACTTCGTCTCCCTA",2
"CGACTTCGTCTGATCA",36
"CGACTTCGTGTGACCC",16
"CGACTTCGTTGAGGTG",37
"CGACTTCTCACAATGC",32
"CGACTTCTCCGCGCAA",75
"CGACTTCTCGACGGAA",14
"CGACTTCTCGCTGATA",36
"CGACTTCTCGCTTGTC",75
"CGACTTCTCTGATACG",29
"CGACTTCTCTGTTTGT",64
"CGAGAAGCAAGAAGAG",8
"CGAGAAGCAATCGGTT",48
"CGAGAAGCAGCGAACA",1000
"CGAGAAGCAGGTTTCA",85
"CGAGAAGCATAGAAAC",89
"CGAGAAGCATGGAATA",88
"CGAGAAGGTAAACGCG",33
"CGAGAAGGTAAATACG",11
"CGAGAAGGTACCAGTT",21
"CGAGAAGGTCCAGTTA",25
"CGAGAAGGTCCGTGAC",45
"CGAGAAGGTGCAACTT",38
"CGAGAAGGTGTGACCC",68
"CGAGAAGTCATCGCTC",66
"CGAGAAGTCGAGAGCA",85
"CGAGAAGTCTTCCTTC",8
"CGAGCACAGAGTACCG",51
"CGAGCACAGCAGACTG",92
"CGAGCACAGCTAGTTC",85
"CGAGCACAGGAGTACC",2
"CGAGCACAGGGTGTTG",75
"CGAGCACCAAACAACA",39
"CGAGCACCAATCAGAA",60
"CGAGCACCACAACTGT",90
"CGAGCACCACAGACTT",20
"CGAGCACCAGCCTGTG",3
"CGAGCACCATCACAAC",1000
"CGAGCACCATGTAGTC",42
"CGAGCACGTGAAGGCT",54
"CGAGCACGTGAGGCTA",46
"CGAGCACGTGCCTGGT",20
"CGAGCACGTTTGTTTC",51
"CGAGCACTCACGCATA",38
"CGAGCACTCATTGCGA",36
"CGAGCACTCCCTAACC",67
"CGAGCACTCCTATGTT",9
"CGAGCACTCGAGGTAG",50
"CGAGCACTCTCCAGGG",13
"CGAGCACTCTCGATGA",15
"CGAGCACTCTGATACG",35
"CGAGCACTCTGTCTCG",85
"CGAGCACTCTTGTATC",11
"CGAGCCAAGAAACCAT",43
"CGAGCCAAGAGACTTA",1000
"CGAGCCAAGATATGCA",51
"CGAGCCAAGATGTGGC",50
"CGAGCCAAGCGTTTAC",27
"CGAGCCAAGGAGTACC",6
"CGAGCCAAGGGAGTAA",13
"CGAGCCAAGGGTTTCT",69
"CGAGCCAAGGTGCTTT",80
"CGAGCCAAGTCATCCA",45
"CGAGCCAAGTGAAGAG",18
"CGAGCCACAAAGGCGT",78
"CGAGCCACAACTGCGC",20
"CGAGCCACAAGACGTG",1000
"CGAGCCACAAGTAATG",39
"CGAGCCACACAGGAGT",14
"CGAGCCACAGATCCAT",80
"CGAGCCACAGATGGGT",62
"CGAGCCACATAACCTG",21
"CGAGCCACATAGTAAG",19
"CGAGCCACATGGTCTA",81
"CGAGCCAGTAATCGTC",14
"CGAGCCAGTCACTTCC",9
"CGAGCCAGTCAGATAA",59
"CGAGCCAGTCCGAATT",67
"CGAGCCAGTCCGACGT",55
"CGAGCCAGTGGTCTCG",2
"CGAGCCAGTTACGTCA",1
"CGAGCCAGTTGAGTTC",93
"CGAGCCATCAAAGTAG",64
"CGAGCCATCAATAAGG",68
"CGAGCCATCACCCGAG",42
"CGAGCCATCAGCTGGC",50
"CGAGCCATCATCTGCC",86
"CGAGCCATCATTGCGA",54
"CGAGCCATCCCACTTG",66
"CGAGCCATCTTAGCCC",32
"CGATCGGAGAATGTGT",32
"CGATCGGAGTTGAGAT",87
"CGATCGGCACAACGTT",38
"CGATCGGCACCAACCG",45
"CGATCGGCACCTGGTG",6
"CGATCGGCACTTAACG",6
"CGATCGGCAGCGATCC",74
"CGATCGGCAGGAATGC",69
"CGATCGGCATACTACG",82
"CGATCGGGTATATGGA",27
"CGATCGGGTCCCTTGT",12
"CGATCGGGTGCAGGTA",24
"CGATCGGGTGTAAGTA",69
"CGATCGGGTGTGGCTC",2
"CGATCGGGTGTTCGAT",1
"CGATCGGGTTACGGAG",74
"CGATCGGGTTGAACTC",80
"CGATCGGTCAAGCCTA",0
"CGATCGGTCACTATTC",90
"CGATCGGTCAGAGGTG",13
"CGATCGGTCCTAGGGC",41
"CGATCGGTCCTTTCTC",79
"CGATCGGTCGCAGGCT",85
"CGATCGGTCGGTGTTA",37
"CGATCGGTCGTACGGC",20
"CGATCGGTCTACTTAC",86
"CGATCGGTCTGTCTAT",57
"CGATGGCAGACGCTTT",59
"CGATGGCAGGAATCGC",55
"CGATGGCAGGTGCACA",32
"CGATGGCCAGCTCGCA",49
"CGATGGCCAGCTGTGC",30
"CGATGGCCAGGGTTAG",93
"CGATGGCCAGGTTTCA",72
"CGATGGCCAGTTTACG",51
"CGATGGCCATTCTCAT",77
"CGATGGCGTAGCAAAT",47
"CGATGGCGTCCAGTTA",16
"CGATGGCGTCGCTTCT",14
"CGATGGCGTCTACCTC",84
"CGATGGCGTCTAGAGG",37
"CGATGGCGTCTCCACT",75
"CGATGGCGTGAAAGAG",75
"CGATGGCGTGAGTATA",28
"CGATGGCGTGTAACGG",51
"CGATGGCGTTTGTTTC",58
"CGATGGCTCACGCATA",85
"CGATGGCTCTCAAGTG",50
"CGATGGCTCTCACATT",13
"CGATGGCTCTTGAGAC",81
"CGATGGCTCTTTCCTC",1000
"CGATGTAAGAAACCAT",54
"CGATGTAAGACACGAC",7
"CGATGTAAGATCCCGC",25
"CGATGTAAGCGATAGC",1000
"CGATGTAAGGAGTTTA",58
"CGATGTAAGGATGGAA",1000
"CGATGTAAGGGTTCCC",42
"CGATGTAAGTCAAGGC",55
"CGATGTAAGTGGAGAA",26
"CGATGTACACTAAGTC",5
"CGATGTACAGTCAGCC",66
"CGATGTAGTAATCACC",27
"CGATGTAGTAGAGCTG",9
"CGATGTAGTAGGAGTC",78
"CGATGTAGTCCAACTA",58
"CGATGTAGTCCGTGAC",88
"CGATGTAGTCGCCATG",81
"CGATGTAGTCTAGCGC",3
"CGATGTAGTGACGGTA",85
"CGATGTAGTTCTCATT",30
"CGATGTAGTTGCCTCT",19
"CGATGTAGTTTCCACC",75
"CGATGTAGTTTCGCTC",15
"CGATGTATCACAATGC",74
"CGATGTATCACCGTAA",26
"CGATGTATCCGCGTTT",85
"CGATGTATCCGTTGTC",1
"CGATGTATCCTTCAAT",54
"CGATGTATCGAGCCCA",1000
"CGATTGAAGGCATTGG",16
"CGATTGAAGGGTCGAT",33
"CGATTGACAGACAAAT",65
"CGATTGACAGACAGGT",44
"CGATTGACAGCTTCGG",32
"CGATTGACATCTATGG",75
"CGATTGACATTACGAC",80
"CGATTGACATTGGTAC",54
"CGATTGAGTAAGGGCT",74
"CGATTGAGTATAAACG",39
"CGATTGAGTCAATGTC",13
"CGATTGAGTGACCAAG",54
"CGATTGAGTGCACCAC",94
"CGATTGATCAACGCTA",28
"CGATTGATCAAGATCC",66
"CGATTGATCAGCTGGC",65
"CGATTGATCCGTTGCT",68
"CGATTGATCGCAGGCT",59
"CGATTGATCTAACTCT",89
"CGATTGATCTTTAGTC",40
"CGCCAAGAGCGACGTA",80
"CGCCAAGAGCTATGCT",1000
"CGCCAAGAGGAGTAGA",42
"CGCCAAGAGTCGTACT",17
"CGCCAAGAGTGAAGTT",3
"CGCCAAGAGTGGCACA",81
"CGCCAAGAGTGTACGG",54
"CGCCAAGAGTTAGGTA",2
"CGCCAAGCAACACCTA",14
"CGCCAAGCAATGACCT",30
"CGCCAAGCACGACTCG",85
"CGCCAAGCACTTAACG",30
"CGCCAAGCAGACGTAG",19
"CGCCAAGCATACTACG",59
"CGCCAAGCATAGAAAC",94
"CGCCAAGCATCCAACA",30
"CGCCAAGCATCGATGT",42
"CGCCAAGGTAAGAGAG",48
"CGCCAAGGTATCACCA",44
"CGCCAAGGTATCTGCA",10
"CGCCAAGGTCAGAAGC",20
"CGCCAAGGTCTAGGTT",57
"CGCCAAGGTGACCAAG",85
"CGCCAAGGTGATGCCC",33
"CGCCAAGGTGTTGGGA",75
"CGCCAAGTCACCGTAA",36
"CGCCAAGTCATAACCG",74
"CGCCAAGTCCGTCAAA",25
"CGCCAAGTCTCGAGTA",8
"CGCCAAGTCTGGGCCA",65
"CGCGGTAAGAAACGCC",27
"CGCGGTAAGATCGATA",92
"CGCGGTAAGCGCTCCA",74
"CGCGGTAAGGAGCGTT",51
"CGCGGTAAGGATATAC",20
"CGCGGTACAACACGCC",15
"CGCGGTACAAGCCGCT",46
"CGCGGTACAAGCCGTC",2
"CGCGGTACAATGTAAG",50
"CGCGGTACACAGGAGT",29
"CGCGGTACATCACCCT",10
"CGCGGTACATCGGAAG",20
"CGCGGTAGTAAGTGTA",26
"CGCGGTAGTAGGCATG",74
"CGCGGTAGTCTAGTCA",67
"CGCGGTAGTTAAAGAC",43
"CGCGGTAGTTCCACGG",13
"CGCGGTAGTTCCGTCT",71
"CGCGGTAGTTGACGTT",8
"CGCGGTATCAACACCA",77
"CGCGGTATCGGAAATA",35
"CGCGGTATCTTGTACT",82
"CGCGGTATCTTTACGT",50
"CGCGTTTAGAGCCCAA",85
"CGCGTTTAGCCACGTC",92
"CGCGTTTAGTACACCT",51
"CGCGTTTCAAGGACAC",82
"CGCGTTTCAAGTCATC",63
"CGCGTTTCACGAAGCA",36
"CGCGTTTCATCTACGA",18
"CGCGTTTGTAGCGTAG",94
"CGCGTTTGTCCAACTA",81
"CGCGTTTGTCCATGAT",96
"CGCGTTTGTGCGCTTG",86
"CGCGTTTGTTCGCTAA",75
"CGCGTTTTCAAGGCTT",94
"CGCGTTTTCCGAATGT",36
"CGCGTTTTCGAGGTAG",19
"CGCGTTTTCTCCCTGA",59
"CGCGTTTTCTGCCAGG",71
"CGCGTTTTCTGGTGTA",7
"CGCGTTTTCTTCAACT",30
"CGCTATCAGCCGATTT",30
"CGCTATCAGCCTATGT",18
"CGCTATCAGCGCTCCA",30
"CGCTATCAGCTAAGAT",86
"CGCTATCAGGTGTGGT",14
"CGCTATCAGTTACCCA",9
"CGCTATCCAATCTACG",85
"CGCTATCCAGTATAAG",33
"CGCTATCCATTCGACA",81
"CGCTATCGTCCGAACC",91
"CGCTATCGTCGAAAGC",92
"CGCTATCGTGAACCTT",42
"CGCTATCGTTCCACTC",1000
"CGCTATCGTTCCATGA",15
"CGCTATCTCACTCTTA",15
"CGCTATCTCGTTTAGG",81
"CGCTATCTCTGCCAGG",68
"CGCTATCTCTTCTGGC",27
"CGCTGGAAGAAACCTA",1000
"CGCTGGAAGAACTCGG",30
"CGCTGGAAGACGCAAC",5
"CGCTGGAAGATGTAAC",9
"CGCTGGAAGCCCGAAA",93
"CGCTGGAAGCCGCCTA",59
"CGCTGGAAGCGATTCT",81
"CGCTGGAAGGTGTTAA",94
"CGCTGGAAGTTCGCAT",1000
"CGCTGGACAAGCCGTC",58
"CGCTGGACAAGTCATC",26
"CGCTGGACAATCCGAT",36
"CGCTGGACAGACGCTC",0
"CGCTGGACAGATCTGT",13
"CGCTGGACAGGGTACA",75
"CGCTGGACAGGGTATG",43
"CGCTGGACATATGAGA",44
"CGCTGGAGTATATCCG",60
"CGCTGGAGTCGCTTTC",58
"CGCTGGAGTGAGGCTA",9
"CGCTGGAGTGCAGGTA",23
"CGCTGGAGTTAGGGTG",83
"CGCTGGAGTTGGTAAA",63
"CGCTGGATCACCGTAA",86
"CGCTGGATCACCTTAT",83
"CGCTGGATCCCAACGG",56
"CGCTGGATCGAGCCCA",15
"CGCTGGATCGAGGTAG",18
"CGCTGGATCGGTCCGA",77
"CGCTTCAAGAAACCGC",10
"CGCTTCAAGATCCCGC",15
"CGCTTCAAGCCAGGAT",88
"CGCTTCAAGCGTAATA",87
"CGCTTCAAGGCATGTG",31
"CGCTTCACAATCCGAT",1000
"CGCTTCACACAGACTT",8
"CGCTTCACACCTCGGA",9
"CGCTTCACACCTTGTC",19
"CGCTTCACAGACGCTC",37
"CGCTTCACAGATAATG",2
"CGCTTCACAGCTGGCT",9
"CGCTTCACAGTCGATT",30
"CGCTTCAGTGCGGTAA",60
"CGCTTCATCAAAGTAG",69
"CGCTTCATCACAGTAC",25
"CGCTTCATCAGGATCT",21
"CGCTTCATCCCATTAT",43
"CGCTTCATCCGCAGTG",79
"CGCTTCATCCTTCAAT",62
"CGGACACAGAGTGACC",87
"CGGACACAGCTGCAAG",24
"CGGACACAGGTAGCCA",48
"CGGACACAGTGAATTG",90
"CGGACACAGTTCGCAT",44
"CGGACACCAAAGGCGT",51
"CGGACACCAACACGCC",26
"CGGACACCAACTGCTA",23
"CGGACACCAATGAAAC",48
"CGGACACCACCTTGTC",51
"CGGACACCAGGCAGTA",30
"CGGACACCAGTTCATG",65
"CGGACACCATAGACTC",93
"CGGACACCATCAGTCA",28
"CGGACACGTACAGTGG",62
"CGGACACGTCAAGCGA",37
"CGGACACGTCGCGGTT",8
"CGGACACTCCCTAATT",11
"CGGACACTCCGCGGTA",8
"CGGACACTCGGCGGTT",10
"CGGACACTCTGATACG",56
"CGGACACTCTGGTGTA",75
"CGGACACTCTTACCGC",3
"CGGACGTAGATAGGAG",38
"CGGACGTAGCACCGCT",10
"CGGACGTAGCCACCTG",79
"CGGACGTAGCTGTCTA",77
"CGGACGTAGTCCATAC",13
"CGGACGTAGTGAACAT",35
"CGGACGTCAAACAACA",74
"CGGACGTCAAGCCATT",80
"CGGACGTCACTGTGTA",10
"CGGACGTCATCGTCGG",93
"CGGACGTGTAGAAAGG",1
"CGGACGTGTCTCTTAT",44
"CGGACGTGTGATGTGG",3
"CGGACGTGTGCAACGA",50
"CGGACGTGTGGCCCTA",48
"CGGACGTGTTCATGGT",43
"CGGACGTTCAAGGCTT",18
"CGGACGTTCACCAGGC",93
"CGGACGTTCAGTTCGA",64
"CGGACGTTCAGTTGAC",26
"CGGACGTTCCACGTTC",93
"CGGACGTTCCCAACGG",94
"CGGACGTTCGAATGCT",73
"CGGACGTTCGCCTGAG",14
"CGGACGTTCGCTTAGA",39
"CGGACGTTCTCTGTCG",79
"CGGACGTTCTTGTTTG",14
"CGGACTGAGATAGCAT",83
"CGGACTGAGATATACG",35
"CGGACTGAGCGGATCA",75
"CGGACTGAGGCGATAC",75
"CGGACTGCAATCCGAT",20
"CGGACTGCAGACAAAT",29
"CGGACTGCAGTAGAGC",37
"CGGACTGCAGTTTACG",37
"CGGACTGCATAAAGGT",51
"CGGACTGCATTCTTAC",7
"CGGACTGGTAAGGATT",1
"CGGACTGGTCTGATCA",27
"CGGACTGGTCTTGCGG",32
"CGGACTGGTGCTTCTC",75
"CGGACTGGTTCGGGCT",53
"CGGACTGGTTGCCTCT",32
"CGGACTGTCAGATAAG",8
"CGGACTGTCGGAATCT",28
"CGGACTGTCGGTCTAA",30
"CGGACTGTCTACCTGC",75
"CGGACTGTCTACTTAC",69
"CGGAGCTAGCAGCGTA",4
"CGGAGCTAGTCGTTTG",50
"CGGAGCTAGTGCGATG",13
"CGGAGCTAGTGTTAGA",9
"CGGAGCTAGTTAACGA",31
"CGGAGCTCAAGGACTG",45
"CGGAGCTCACACATGT",20
"CGGAGCTCACATGACT",75
"CGGAGCTCACATGTGT",1000
"CGGAGCTCAGGGCATA",58
"CGGAGCTCAGTCAGAG",75
"CGGAGCTCATGTAAGA",52
"CGGAGCTGTAGCGCAA",51
"CGGAGCTGTATGAAAC",26
"CGGAGCTGTATTAGCC",39
"CGGAGCTTCAACTCTT",46
"CGGAGCTTCAGAAATG",13
"CGGAGCTTCAGTTCGA",44
"CGGAGCTTCCTTGGTC",59
"CGGAGCTTCGAACTGT",20
"CGGAGCTTCGGCCGAT",76
"CGGAGCTTCTATCCCG",48
"CGGAGCTTCTCTGAGA",82
"CGGAGCTTCTGCAAGT",69
"CGGAGCTTCTGGCGAC",54
"CGGAGCTTCTTAGAGC",39
"CGGAGCTTCTTCCTTC",21
"CGGAGTCAGCCACCTG",86
"CGGAGTCAGCTGAACG",2
"CGGAGTCAGGACAGCT",8
"CGGAGTCAGGACTGGT",29
"CGGAGTCAGGCAAAGA",1000
"CGGAGTCAGTCGCCGT",93
"CGGAGTCAGTGTGAAT",15
"CGGAGTCCAATACGCT",92
"CGGAGTCCACAGGAGT",31
"CGGAGTCCACGAGGTA",38
"CGGAGTCCAGATTGCT",42
"CGGAGTCCAGTGGGAT",32
"CGGAGTCCATCACAAC",94
"CGGAGTCCATCACCCT",70
"CGGAGTCGTAAGTGTA",44
"CGGAGTCGTCGACTGC",45
"CGGAGTCGTCGCCATG",55
"CGGAGTCGTCTGCGGT",30
"CGGAGTCGTTAGTGGG",48
"CGGAGTCGTTGATTCG",3
"CGGAGTCTCAAACAAG",21
"CGGAGTCTCAGCTCGG",54
"CGGAGTCTCAGGCGAA",64
"CGGAGTCTCCAACCAA",37
"CGGAGTCTCCCTTGCA",20
"CGGAGTCTCCGTTGCT",51
"CGGAGTCTCGAATGGG",54
"CGGAGTCTCTACCAGA",85
"CGGAGTCTCTTGCCGT",57
"CGGAGTCTCTTGTACT",75
"CGGCTAGAGTACCGGA",32
"CGGCTAGAGTGTTGAA",79
"CGGCTAGAGTTGTAGA",88
"CGGCTAGCAACTGGCC",20
"CGGCTAGCAAGACACG",80
"CGGCTAGCAATCACAC",27
"CGGCTAGCAGGAACGT",7
"CGGCTAGCAGGACCCT",48
"CGGCTAGCAGGATCGA",38
"CGGCTAGCATCGGGTC",85
"CGGCTAGCATGATCCA",4
"CGGCTAGGTAAGAGAG",21
"CGGCTAGGTAAGGGAA",65
"CGGCTAGGTACAGTTC",52
"CGGCTAGGTACTTCTT",92
"CGGCTAGGTAGCTGCC",39
"CGGCTAGGTATATCCG",49
"CGGCTAGGTATGAATG",75
"CGGCTAGGTCGGCACT",92
"CGGCTAGGTCTCTTAT",61
"CGGCTAGGTGACGGTA",30
"CGGCTAGGTGTTCGAT",8
"CGGCTAGGTTCCAACA",26
"CGGCTAGGTTGCGCAC",63
"CGGCTAGTCACCTTAT",18
"CGGCTAGTCAGCAACT",75
"CGGCTAGTCAGGTTCA",39
"CGGCTAGTCAGTTTGG",58
"CGGCTAGTCCTTCAAT",1
"CGGCTAGTCGGACAAG",80
"CGGCTAGTCGGGAGTA",54
"CGGCTAGTCTAGCACA",92
"CGGGTCAAGACTAGAT",30
"CGGGTCAAGACTGGGT",25
"CGGGTCAAGCTGCCCA",68
"CGGGTCAAGCTTTGGT",1000
"CGGGTCAAGGTAAACT",80
"CGGGTCAAGTGCTGCC",20
"CGGGTCACAAGAAAGG",89
"CGGGTCACACGCCAGT",1000
"CGGGTCACAGCCTATA",11
"CGGGTCACAGGGTACA",27
"CGGGTCACATAGTAAG",29
"CGGGTCACATGACGGA",7
"CGGGTCAGTCAAAGCG",86
"CGGGTCAGTCAACATC",39
"CGGGTCAGTCTTTCAT",46
"CGGGTCAGTGAGTATA",21
"CGGGTCAGTGCGCTTG",85
"CGGGTCAGTGGCCCTA",54
"CGGGTCAGTTAGATGA",62
"CGGGTCAGTTCGTGAT",1
"CGGGTCAGTTGAACTC",94
"CGGGTCAGTTTCCACC",1000
"CGGGTCAGTTTGTTTC",62
"CGGGTCATCAGGCGAA",28
"CGGGTCATCATATCGG",15
"CGGGTCATCATGCTCC",31
"CGGGTCATCCATTCTA",15
"CGGGTCATCGACCAGC",42
"CGGGTCATCTCGATGA",67
"CGGGTCATCTGATTCT",74
"CGGTTAAAGACTTTCG",94
"CGGTTAAAGCTTATCG",91
"CGGTTAAAGGACACCA",26
"CGGTTAAAGGATGGTC",54
"CGGTTAAAGGCTAGCA",13
"CGGTTAAAGGGCTTCC",92
"CGGTTAAAGGGTTTCT",3
"CGGTTAAAGGTAGCTG",5
"CGGTTAAAGTTGAGAT",61
"CGGTTAACAATAAGCA",3
"CGGTTAACACAAGACG",91
"CGGTTAAGTACTTGAC",38
"CGGTTAAGTCCTCTTG",86
"CGGTTAAGTCGCATAT",83
"CGGTTAATCAACCATG",10
"CGGTTAATCAGCTCTC",86
"CGGTTAATCCCTGACT",54
"CGGTTAATCCGCGCAA",92
"CGGTTAATCCGGGTGT",48
"CGGTTAATCCTGCCAT",44
"CGGTTAATCCTTGGTC",59
"CGGTTAATCGGGAGTA",38
"CGGTTAATCGTACGGC",20
"CGGTTAATCTCGCATC",30
"CGGTTAATCTTTACGT",31
"CGTAGCGAGAATTCCC",63
"CGTAGCGAGACTGGGT",51
"CGTAGCGAGATATGGT",60
"CGTAGCGAGCGCCTTG",86
"CGTAGCGAGGCATGGT",59
"CGTAGCGAGGGTCGAT",88
"CGTAGCGAGTCCAGGA",51
"CGTAGCGAGTCCATAC",62
"CGTAGCGAGTCGTACT",76
"CGTAGCGCAAGTTAAG",15
"CGTAGCGCACACCGCA",3
"CGTAGCGCACATCTTT",94
"CGTAGCGCACCTGGTG",21
"CGTAGCGCACCTTGTC",45
"CGTAGCGCACGACTCG",30
"CGTAGCGCACGTCAGC",20
"CGTAGCGGTACTCGCG",51
"CGTAGCGGTCCCGACA",51
"CGTAGCGGTCGTCTTC",92
"CGTAGCGGTGAAGGCT",50
"CGTAGCGGTTCAGCGC",13
"CGTAGCGGTTTGCATG",74
"CGTAGCGTCACCTCGT",16
"CGTAGCGTCCTACAGA",26
"CGTAGCGTCGCCAAAT",1000
"CGTAGCGTCGGTCTAA",85
"CGTAGGCAGATTACCC",75
"CGTAGGCAGCCCAACC",39
"CGTAGGCAGGCCCTTG",28
"CGTAGGCAGTGTGGCA",3
"CGTAGGCAGTTGTAGA",25
"CGTAGGCCAACGATGG",33
"CGTAGGCCACAGCGTC",64
"CGTAGGCCACGTAAGG",93
"CGTAGGCCACTTAAGC",15
"CGTAGGCCAGACGTAG",63
"CGTAGGCCATGTAAGA",36
"CGTAGGCGTAGAAGGA",41
"CGTAGGCGTGTTGAGG",33
"CGTAGGCGTTCATGGT",31
"CGTAGGCGTTCGCTAA",44
"CGTAGGCTCAACTCTT",9
"CGTAGGCTCAAGCCTA",31
"CGTAGGCTCAGTGCAT",86
"CGTAGGCTCAGTGTTG",13
"CGTAGGCTCCAAACAC",1000
"CGTAGGCTCCCTAATT",55
"CGTAGGCTCCTCAATT",37
"CGTAGGCTCTTGAGAC",1000
"CGTCACTAGCATGGCA",23
"CGTCACTAGCCAGTAG",75
"CGTCACTAGCGTCTAT",86
"CGTCACTAGGAATCGC",79
"CGTCACTAGGCTCATT",22
"CGTCACTAGTAGCCGA",67
"CGTCACTAGTCTTGCA",63
"CGTCACTAGTGGGTTG",23
"CGTCACTAGTTCGCAT",10
"CGTCACTCAAGTACCT",63
"CGTCACTCAGGTTTCA",85
"CGTCACTCATAGACTC",51
"CGTCACTGTAAAGGAG",55
"CGTCACTGTCCCTACT",0
"CGTCACTGTCGGCTCA",84
"CGTCACTGTCTCACCT",30
"CGTCACTGTGCCTGCA",57
"CGTCACTGTTGTCTTT",50
"CGTCACTTCACGATGT",93
"CGTCACTTCAGCCTAA",74
"CGTCACTTCATTTGGG",75
"CGTCACTTCGTCGTTC",85
"CGTCACTTCGTTACAG",39
"CGTCACTTCTTCATGT",9
"CGTCAGGAGAGGTTAT",79
"CGTCAGGAGCAATCTC",3
"CGTCAGGAGGCGATAC",85
"CGTCAGGAGTACGATA",2
"CGTCAGGAGTGCAAGC",92
"CGTCAGGAGTGTTGAA",66
"CGTCAGGCAGACAAGC",58
"CGTCAGGCAGGACGTA",59
"CGTCAGGCAGGCTCAC",52
"CGTCAGGCATGGGACA",5
"CGTCAGGGTAGTGAAT",93
"CGTCAGGGTGTGGCTC",38
"CGTCAGGTCACAATGC",20
"CGTCAGGTCACTCCTG",75
"CGTCAGGTCATCGATG",21
"CGTCAGGTCGGCTTGG",13
"CGTCAGGTCTGAGGGA",80
"CGTCAGGTCTGTCTAT",86
"CGTCCATAGACGCACA",39
"CGTCCATAGCAAATCA",46
"CGTCCATAGGAATGGA",22
"CGTCCATAGGCGACAT",94
"CGTCCATAGGCTATCT",50
"CGTCCATAGTGAAGTT",60
"CGTCCATCAACTGCTA",67
"CGTCCATCAAGCCGCT",16
"CGTCCATCAATGGACG",26
"CGTCCATCACCGTTGG",32
"CGTCCATCAGGCTGAA",6
"CGTCCATCAGTCGTGC",1000
"CGTCCATCATCTCGCT",26
"CGTCCATGTACTCTCC",86
"CGTCCATGTAGTAGTA",62
"CGTCCATGTCTCCCTA",36
"CGTCCATGTGGGTATG",75
"CGTCCATGTGTAACGG",13
"CGTCCATGTTAGATGA",39
"CGTCCATGTTTGACTG",74
"CGTCCATGTTTGTGTG",30
"CGTCCATTCAAACGGG",54
"CGTCCATTCAATACCG",44
"CGTCCATTCCAAATGC",20
"CGTCCATTCCCTAATT",94
"CGTCCATTCCGTACAA",68
"CGTCCATTCCTTGCCA",0
"CGTCCATTCTACTTAC",13
"CGTCCATTCTCGTATT",9
"CGTCCATTCTTGACGA",74
"CGTCTACAGAATCTCC",34
"CGTCTACAGACAGAGA",53
"CGTCTACAGACGCAAC",1
"CGTCTACAGACTAGGC",1000
"CGTCTACAGCGTCTAT",51
"CGTCTACAGCTGTTCA",2
"CGTCTACAGGCAGGTT",1000
"CGTCTACAGTCCAGGA",44
"CGTCTACAGTTGAGAT",81
"CGTCTACCAATCTACG",60
"CGTCTACCACAACGCC",92
"CGTCTACCACGGATAG",51
"CGTCTACGTCAGGACA",40
"CGTCTACGTCTAAAGA",25
"CGTCTACGTCTGCCAG",81
"CGTCTACGTGCACGAA",19
"CGTCTACGTGCAGACA",79
"CGTCTACGTGTCCTCT",54
"CGTCTACGTTGACGTT",10
"CGTCTACTCAGCTGGC",82
"CGTCTACTCAGTCCCT",39
"CGTCTACTCATTCACT",30
"CGTCTACTCCCGACTT",30
"CGTCTACTCCGTTGCT",20
"CGTCTACTCCTAGAAC",53
"CGTCTACTCGGCCGAT",38
"CGTCTACTCGTCCGTT",65
"CGTCTACTCGTCTGCT",1000
"CGTCTACTCGTTTGCC",76
"CGTGAGCAGACAGGCT",57
"CGTGAGCAGGCATTGG",8
"CGTGAGCAGGCTACGA",79
"CGTGAGCAGGCTAGGT",26
"CGTGAGCAGTCGTACT",91
"CGTGAGCAGTGGGCTA",1000
"CGTGAGCCAAACAACA",11
"CGTGAGCCAACGATGG",75
"CGTGAGCCATCCGGGT",20
"CGTGAGCCATGACATC",54
"CGTGAGCGTACGCTGC",33
"CGTGAGCGTAGAGTGC",26
"CGTGAGCGTCTTGCGG",21
"CGTGAGCGTGTATGGG",4
"CGTGAGCGTTAAGACA",17
"CGTGAGCGTTCCGGCA",54
"CGTGAGCGTTCGTCTC",59
"CGTGAGCGTTGAACTC",56
"CGTGAGCTCACCCGAG",39
"CGTGAGCTCACTTATC",59
"CGTGAGCTCCAAAGTC",93
"CGTGAGCTCCGCGCAA",75
"CGTGAGCTCCGCGGTA",7
"CGTGAGCTCCGTTGCT",86
"CGTGAGCTCCTAGTGA",6
"CGTGAGCTCTCGCTTG",19
"CGTGTAAAGATGTAAC",95
"CGTGTAAAGCTAGTCT",75
"CGTGTAAAGGGATACC",68
"CGTGTAAAGGTAAACT",85
"CGTGTAAAGTATTGGA",4
"CGTGTAAAGTCAATAG",5
"CGTGTAAAGTGAAGTT",37
"CGTGTAACAATAACGA",63
"CGTGTAACAATCGAAA",62
"CGTGTAACACAGATTC",64
"CGTGTAACATACCATG",10
"CGTGTAACATCACAAC",27
"CGTGTAACATCCGCGA",3
"CGTGTAAGTATATGAG",41
"CGTGTAAGTGTCAATC",25
"CGTGTAAGTTACGCGC",92
"CGTGTAATCCACGAAT",30
"CGTGTAATCGTAGGAG",56
"CGTGTAATCTCGCATC",72
"CGTGTAATCTCTTATG",75
"CGTGTAATCTTACCGC",74
"CGTGTCTAGAAACGAG",0
"CGTGTCTAGACTTTCG",74
"CGTGTCTAGATCCCAT",32
"CGTGTCTAGCTCCTTC",54
"CGTGTCTAGCTGATAA",25
"CGTGTCTAGGGCTTCC",13
"CGTGTCTAGTAGATGT",15
"CGTGTCTAGTGGGATC",18
"CGTGTCTCAAGGTTCT",9
"CGTGTCTCACACATGT",30
"CGTGTCTCACGAAAGC",80
"CGTGTCTCACTACAGT",75
"CGTGTCTCAGCCAATT",38
"CGTGTCTCATGTTGAC",8
"CGTGTCTCATTCTCAT",79
"CGTGTCTGTAGGCTGA",18
"CGTGTCTGTATATCCG",93
"CGTGTCTGTCCAAGTT",53
"CGTGTCTGTCCCTTGT",59
"CGTGTCTGTCGCGGTT",1
"CGTGTCTGTCGTCTTC",85
"CGTGTCTGTGTAAGTA",1
"CGTGTCTGTTAGATGA",19
"CGTGTCTGTTATCGGT",2
"CGTGTCTGTTGGTTTG",68
"CGTGTCTTCAACACTG",20
"CGTGTCTTCACATAGC",62
"CGTGTCTTCAGCATGT",68
"CGTGTCTTCAGGTTCA",51
"CGTGTCTTCAGTGCAT",69
"CGTGTCTTCGCGGATC",71
"CGTGTCTTCTCCGGTT",12
"CGTTAGAAGAAACCGC",51
"CGTTAGAAGAATGTGT",65
"CGTTAGAAGATGGGTC",36
"CGTTAGAAGCGATAGC",85
"CGTTAGAAGGCATGGT",83
"CGTTAGACAAAGCAAT",80
"CGTTAGACACTGTTAG",10
"CGTTAGACATTTCAGG",58
"CGTTAGAGTAAGTGTA",54
"CGTTAGAGTATTCGTG",66
"CGTTAGAGTCCGAACC",33
"CGTTAGATCACAGGCC",26
"CGTTAGATCAGGATCT",0
"CGTTAGATCCTCATTA",83
"CGTTAGATCGGAGGTA",35
"CGTTAGATCTACCTGC",71
"CGTTAGATCTGCTGTC",26
"CGTTAGATCTTGTACT",74
"CGTTCTGAGCACAGGT",21
"CGTTCTGAGCCAGTAG",69
"CGTTCTGAGCTCCTCT",94
"CGTTCTGAGGGTCTCC",92
"CGTTCTGCAATTCCTT",10
"CGTTCTGCACCCAGTG",59
"CGTTCTGCACGGTAAG",77
"CGTTCTGCATACGCTA",58
"CGTTCTGGTAAACGCG",21
"CGTTCTGGTAAGCACG",51
"CGTTCTGGTATTCGTG",92
"CGTTCTGGTCAACATC",6
"CGTTCTGGTCAATACC",78
"CGTTCTGGTCCCTACT",68
"CGTTCTGGTTACGCGC",20
"CGTTCTGTCACCCTCA",26
"CGTTCTGTCATCGATG",1000
"CGTTCTGTCCACGTTC",62
"CGTTCTGTCCTTCAAT",26
"CGTTCTGTCGCATGAT",26
"CGTTCTGTCTCTTATG",39
"CGTTCTGTCTGCAGTA",68
"CGTTGGGAGAGCTATA",50
"CGTTGGGAGATATACG",92
"CGTTGGGAGCGGCTTC",20
"CGTTGGGAGGGTTCCC",74
"CGTTGGGAGGGTTTCT",14
"CGTTGGGAGTCCAGGA",39
"CGTTGGGAGTTACCCA",37
"CGTTGGGCAAAGTCAA",20
"CGTTGGGCACATTCGA",55
"CGTTGGGCACCAGCAC",48
"CGTTGGGCAGACAAAT",30
"CGTTGGGCAGACAAGC",44
"CGTTGGGCAGACTCGC",36
"CGTTGGGCAGTTCCCT",85
"CGTTGGGCATGGGAAC",75
"CGTTGGGGTATGCTTG",87
"CGTTGGGGTCCTCCAT",20
"CGTTGGGGTGACTCAT",11
"CGTTGGGGTGGGTATG",13
"CGTTGGGTCAGGTTCA",27
"CGTTGGGTCAGTTTGG",21
"CGTTGGGTCCATGAGT",86
"CGTTGGGTCCCTAATT",91
"CGTTGGGTCCTGTACC",28
"CGTTGGGTCGGTTCGG",75
"CGTTGGGTCGTTTATC",24
"CGTTGGGTCTCAAACG",34
"CGTTGGGTCTCGTTTA",81
"CGTTGGGTCTGCAAGT",80
"CTAACTTAGACTCGGA",32
"CTAACTTAGCGTAATA",93
"CTAACTTAGGACTGGT",21
"CTAACTTAGGAGCGTT",54
"CTAACTTAGTGTTAGA",59
"CTAACTTCAACACCTA",81
"CTAACTTCAAGACGTG",59
"CTAACTTCAAGCCGTC",1
"CTAACTTCAATGACCT",3
"CTAACTTCACATCTTT",37
"CTAACTTCACGACGAA",39
"CTAACTTCAGCATGAG",59
"CTAACTTCAGCGTCCA",90
"CTAACTTCAGGCAGTA",19
"CTAACTTCATGCCTTC",65
"CTAACTTGTATTCTCT",75
"CTAACTTGTCGAGTTT",43
"CTAACTTGTCTAGTCA",56
"CTAACTTGTCTCCATC",33
"CTAACTTGTGACGCCT",54
"CTAACTTTCACGCATA",10
"CTAACTTTCAGGCGAA",1000
"CTAACTTTCTGCGGCA",56
"CTAAGACAGAGTACAT",79
"CTAAGACAGAGTACCG",55
"CTAAGACAGCCTTGAT",92
"CTAAGACAGTCGTTTG",64
"CTAAGACCAAGGTGTG",15
"CTAAGACCAATCACAC",75
"CTAAGACCAATCTGCA",37
"CTAAGACCAGACAAAT",82
"CTAAGACCATGGTTGT",38
"CTAAGACCATTTGCCC",1000
"CTAAGACGTACAGACG",93
"CTAAGACGTCTAGAGG",0
"CTAAGACGTGTAACGG",56
"CTAAGACGTTCTCATT",31
"CTAAGACGTTGCCTCT",46
"CTAAGACGTTGGGACA",75
"CTAAGACGTTTGTTGG",87
"CTAAGACTCACAACGT",30
"CTAAGACTCCTATTCA",51
"CTAAGACTCCTCAATT",11
"CTAAGACTCGCGGATC",38
"CTAAGACTCTCATTCA",94
"CTAAGACTCTCGCTTG",1000
"CTAAGACTCTGATACG",3
"CTAAGACTCTGGCGTG",1
"CTAAGACTCTGTCTAT",76
"CTAAGACTCTTTAGGG",66
"CTAATGGAGAATTCCC",1000
"CTAATGGAGAGCCCAA",20
"CTAATGGAGCGTGAGT",30
"CTAATGGAGCTAGTGG",2
"CTAATGGAGGTTACCT",56
"CTAATGGAGTACACCT",75
"CTAATGGAGTCACGCC",81
"CTAATGGAGTGTGGCA",8
"CTAATGGCACAACGTT",27
"CTAATGGCACGAAACG",1000
"CTAATGGCACTGCCAG",82
"CTAATGGCATACGCTA",8
"CTAATGGCATATGCTG",53
"CTAATGGCATCTACGA",0
"CTAATGGCATTACCTT",25
"CTAATGGGTAGGACAC",10
"CTAATGGGTCACTGGC",54
"CTAATGGGTCCAACTA",59
"CTAATGGGTCGAGTTT",10
"CTAATGGGTCGATTGT",87
"CTAATGGGTCGCGAAA",41
"CTAATGGGTCGTGGCT",8
"CTAATGGGTCTACCTC",1000
"CTAATGGGTTAAGGGC",6
"CTAATGGGTTCAGGCC",66
"CTAATGGTCACCCGAG",51
"CTAATGGTCCAGTATG",21
"CTAATGGTCGCAAACT",74
"CTAATGGTCGGCGCAT",1000
"CTAATGGTCGGCTTGG",24
"CTAATGGTCGGGAGTA",38
"CTACACCAGAGCTATA",20
"CTACACCAGCGAAGGG",38
"CTACACCAGGCCATAG",69
"CTACACCAGTGAACGC",7
"CTACACCAGTGCCAGA",3
"CTACACCAGTGTTAGA",37
"CTACACCAGTTGCAGG",87
"CTACACCCAAGAAGAG",3
"CTACACCCACAAGACG",66
"CTACACCCATCCGTGG",80
"CTACACCGTACGACCC",38
"CTACACCGTATAGGTA",50
"CTACACCGTCTGGAGA",1000
"CTACACCGTGTCCTCT",74
"CTACACCGTGTTTGGT",6
"CTACACCGTTCAGTAC",44
"CTACACCTCACCAGGC",86
"CTACACCTCAGCGATT",86
"CTACACCTCATGTCTT",8
"CTACACCTCCGTAGGC",29
"CTACACCTCGGCTTGG",93
"CTACACCTCTGATTCT",69
"CTACACCTCTGCAAGT",7
"CTACACCTCTGCAGTA",65
"CTACATTAGAATGTTG",20
"CTACATTAGAGAACAG",38
"CTACATTAGCACAGGT",74
"CTACATTAGCTACCGC",23
"CTACATTAGGCAGGTT",59
"CTACATTAGGCTAGAC",38
"CTACATTAGTAGGTGC",33
"CTACATTCAACGATCT",74
"CTACATTCAAGAGTCG",59
"CTACATTCAATTGCTG",85
"CTACATTCACCTTGTC",78
"CTACATTCACTGTTAG",81
"CTACATTCAGCTGCTG",91
"CTACATTCAGTCTTCC",38
"CTACATTCATTCTTAC",0
"CTACATTCATTGGCGC",30
"CTACATTGTCACTGGC",86
"CTACATTGTCGCGGTT",27
"CTACATTGTGGGTCAA",1
"CTACATTGTTACGTCA",93
"CTACATTTCAACGGCC",45
"CTACATTTCCTCAACC",9
"CTACATTTCTATCGCC",85
"CTACATTTCTCCAGGG",13
"CTACCCAAGAGTAATC",86
"CTACCCAAGCAGCGTA",1000
"CTACCCAAGCGTGAAC",29
"CTACCCAAGTGTACCT",85
"CTACCCACAAGCGAGT",69
"CTACCCACAAGTTAAG",42
"CTACCCACAATGGTCT",33
"CTACCCACAGCTTCGG",11
"CTACCCACAGTACACT",23
"CTACCCACATCCTAGA",79
"CTACCCAGTACCGTAT",19
"CTACCCAGTACTCTCC",57
"CTACCCAGTACTTCTT",11
"CTACCCAGTCCATGAT",80
"CTACCCAGTCCGTCAG",25
"CTACCCAGTGAGTGAC",26
"CTACCCAGTGTAAGTA",83
"CTACCCAGTTGGTTTG",93
"CTACCCATCGTTTATC",26
"CTACCCATCTTGAGGT",74
"CTACGTCAGCAGATCG",1
"CTACGTCAGCCCTAAT",29
"CTACGTCAGCGTAGTG",69
"CTACGTCAGGATGTAT",80
"CTACGTCAGTACGCCC",46
"CTACGTCAGTGCTGCC",39
"CTACGTCCACCGAATT",59
"CTACGTCCATCCAACA",57
"CTACGTCCATTTGCTT",10
"CTACGTCGTAAGGATT",58
"CTACGTCGTAGGGACT",0
"CTACGTCGTATGAAAC",82
"CTACGTCGTATTACCG",37
"CTACGTCGTCGGCTCA",50
"CTACGTCGTCTTTCAT",48
"CTACGTCGTTCAGACT",14
"CTACGTCGTTGTGGAG",42
"CTACGTCTCAGCTTAG",21
"CTACGTCTCCGGGTGT",55
"CTACGTCTCCTCATTA",81
"CTACGTCTCGGCCGAT",27
"CTACGTCTCTCGCTTG",54
"CTACGTCTCTCGGACG",38
"CTACGTCTCTGATTCT",1
"CTACGTCTCTGCAGTA",51
"CTACGTCTCTGCCAGG",50
"CTACGTCTCTTCCTTC",54
"CTAGAGTAGACTAAGT",74
"CTAGAGTAGACTAGGC",45
"CTAGAGTAGCGTAATA",63
"CTAGAGTAGGATCGCA",19
"CTAGAGTAGGTGTGGT",21
"CTAGAGTAGTCAAGCG",7
"CTAGAGTAGTGGGTTG",51
"CTAGAGTCAAGTACCT",8
"CTAGAGTCACCTATCC",75
"CTAGAGTCAGGTGGAT",85
"CTAGAGTCAGTAACGG",27
"CTAGAGTCAGTAGAGC",68
"CTAGAGTCATCTATGG",8
"CTAGAGTCATGCAATC",37
"CTAGAGTCATTGTGCA",15
"CTAGAGTGTATGGTTC",1000
"CTAGAGTGTCCGTCAG",1000
"CTAGAGTGTCTTCTCG",6
"CTAGAGTGTTCGTTGA",14
"CTAGAGTTCAATACCG",28
"CTAGAGTTCAGTTTGG",66
"CTAGAGTTCCAGTAGT",33
"CTAGAGTTCGGTTAAC",91
"CTAGAGTTCTCGCTTG",88
"CTAGAGTTCTGGAGCC",56
"CTAGAGTTCTTGAGGT",0
"CTAGCCTAGATGTGGC",68
"CTAGCCTAGCCGTCGT",75
"CTAGCCTAGGATCGCA",50
"CTAGCCTAGGCCATAG",30
"CTAGCCTAGGTGTTAA",6
"CTAGCCTAGTCCAGGA",5
"CTAGCCTAGTGACTCT",1000
"CTAGCCTAGTGTCCAT",89
"CTAGCCTAGTGTTTGC",75
"CTAGCCTCAACGCACC",1
"CTAGCCTCAACTGGCC",32
"CTAGCCTCAAGCGCTC",16
"CTAGCCTCACACCGAC",79
"CTAGCCTCACGAAATA",74
"CTAGCCTCAGCGTAAG",51
"CTAGCCTCAGCGTTCG",0
"CTAGCCTCAGCTGCTG",76
"CTAGCCTCATATGGTC",28
"CTAGCCTGTACCATCA",85
"CTAGCCTGTAGCAAAT",44
"CTAGCCTGTCTCACCT",1000
"CTAGCCTGTGTAATGA",63
"CTAGCCTGTGTTGAGG",1000
"CTAGCCTGTTAAGGGC",74
"CTAGCCTTCAACCATG",86
"CTAGCCTTCACAACGT",53
"CTAGCCTTCAGTCCCT",32
"CTAGCCTTCAGTTTGG",59
"CTAGCCTTCCAAAGTC",19
"CTAGCCTTCCTAGAAC",8
"CTAGCCTTCGCAAGCC",9
"CTAGCCTTCGGCCGAT",17
"CTAGCCTTCTAACTTC",81
"CTAGCCTTCTCAAACG",86
"CTAGCCTTCTCGCTTG",84
"CTAGCCTTCTGAAAGA",20
"CTAGTGAAGAAGGCCT",43
"CTAGTGAAGACAGGCT",74
"CTAGTGAAGACCTTTG",93
"CTAGTGAAGACGCACA",1000
"CTAGTGAAGCAGACTG",32
"CTAGTGAAGCCCAATT",11
"CTAGTGAAGGACATTA",37
"CTAGTGAAGGAGTTTA",1000
"CTAGTGAAGGCAGTCA",28
"CTAGTGACAATGGATA",31
"CTAGTGACAATTCCTT",66
"CTAGTGACACATTCGA",39
"CTAGTGACACCAACCG",55
"CTAGTGACACTTCTGC",0
"CTAGTGACAGCTGCAC",54
"CTAGTGACAGTATGCT",20
"CTAGTGACAGTGAGTG",38
"CTAGTGACATCGGGTC",11
"CTAGTGACATGTAAGA",79
"CTAGTGAGTAAGAGAG",31
"CTAGTGAGTACCGAGA",20
"CTAGTGAGTACCGGCT",38
"CTAGTGAGTCAATACC",77
"CTAGTGAGTTACGGAG",68
"CTAGTGAGTTATCACG",7
"CTAGTGATCAGAGCTT",69
"CTAGTGATCCATTCTA",10
"CTAGTGATCCCTAACC",8
"CTAGTGATCGATGAGG",67
"CTAGTGATCGCCTGTT",92
"CTAGTGATCGGTGTTA",37
"CTAGTGATCTCTAGGA",70
"CTAGTGATCTCTTATG",8
"CTAGTGATCTGGCGAC",31
"CTAGTGATCTGGCGTG",1000
"CTAGTGATCTGGTGTA",74
"CTAGTGATCTTGTCAT",29
"CTCACACAGAAGGGTA",93
"CTCACACAGACTCGGA",0
"CTCACACAGCCACTAT",41
"CTCACACAGCCATCGC",20
"CTCACACAGCCCAACC",75
"CTCACACAGCTGCAAG",1000
"CTCACACAGGCGCTCT",92
"CTCACACAGGGTTTCT",59
"CTCACACAGGTGTTAA",1000
"CTCACACAGTATGACA",51
"CTCACACAGTGACATA",7
"CTCACACAGTTTCCTT",89
"CTCACACCAAAGCAAT",85
"CTCACACCACACGCTG",35
"CTCACACCACTCAGGC",94
"CTCACACCAGCTCCGA",51
"CTCACACCAGGGTTAG",85
"CTCACACCAGTAAGCG",44
"CTCACACCAGTATGCT",7
"CTCACACCAGTCAGCC",86
"CTCACACCATATGCTG",20
"CTCACACCATCTATGG",14
"CTCACACGTACTCGCG",26
"CTCACACGTATCTGCA",10
"CTCACACGTGAACCTT",20
"CTCACACGTGGTCTCG",85
"CTCACACGTGTCCTCT",79
"CTCACACTCACAGGCC",1000
"CTCACACTCCAGAGGA",30
"CTCACACTCCTCATTA",47
"CTCACACTCCTTTCGG",0
"CTCACACTCGTCCGTT",44
"CTCACACTCTAACGGT",59
"CTCACACTCTCCAACC",66
"CTCACACTCTCTAAGG",1000
"CTCAGAAAGCCACGTC",6
"CTCAGAAAGCGTGTCC",81
"CTCAGAAAGTAATCCC",0
"CTCAGAAAGTGAATTG",13
"CTCAGAAAGTGTCCAT",51
"CTCAGAACAATCCGAT",10
"CTCAGAACACGGTGTC",59
"CTCAGAACACTGTGTA",19
"CTCAGAACAGATAATG",94
"CTCAGAACAGCTCCGA",86
"CTCAGAAGTCCTGCTT",59
"CTCAGAAGTGTGACGA",75
"CTCAGAAGTTCCTCCA",1000
"CTCAGAATCAGTCAGT",50
"CTCAGAATCCACGAAT",30
"CTCAGAATCCACGTGG",27
"CTCAGAATCCGCAGTG",63
"CTCAGAATCCGCGCAA",0
"CTCAGAATCCGCGTTT",44
"CTCAGAATCCGTAGTA",20
"CTCAGAATCTTCGAGA",33
"CTCATTAAGGCAGGTT",87
"CTCATTAAGGCTAGCA",8
"CTCATTACAAGCCATT",62
"CTCATTACAATGGAAT",13
"CTCATTACAGACAGGT",15
"CTCATTACAGCTCCGA",89
"CTCATTACAGTCAGAG",85
"CTCATTACATCGATGT",9
"CTCATTACATTACGAC",26
"CTCATTAGTACACCGC",35
"CTCATTAGTCCGAATT",84
"CTCATTAGTCTGATCA",38
"CTCATTAGTGAGTATA",26
"CTCATTAGTGATGTGG",47
"CTCATTAGTTTACTCT",59
"CTCATTAGTTTGACTG",2
"CTCATTATCACAAACC",0
"CTCATTATCGAGAGCA",31
"CTCATTATCGGTGTTA",40
"CTCATTATCGTACCGG",54
"CTCCTAGAGACTACAA",77
"CTCCTAGAGAGAGCTC",62
"CTCCTAGAGCCACCTG",72
"CTCCTAGAGGTGATAT",37
"CTCCTAGAGTAGGCCA",14
"CTCCTAGAGTCAAGCG",30
"CTCCTAGAGTGGTCCC",10
"CTCCTAGCAAAGGAAG",80
"CTCCTAGCAATAGCAA",1
"CTCCTAGCAGAAGCAC",10
"CTCCTAGCAGGGTTAG",20
"CTCCTAGCATCTCGCT",25
"CTCCTAGCATGTAGTC",11
"CTCCTAGCATGTCCTC",11
"CTCCTAGCATTCCTGC",94
"CTCCTAGCATTTCAGG",31
"CTCCTAGGTCAAACTC",93
"CTCCTAGGTTACCAGT",55
"CTCCTAGGTTGAGTTC",83
"CTCCTAGTCAGCTTAG",3
"CTCCTAGTCAGGCCCA",95
"CTCCTAGTCATAGCAC",23
"CTCCTAGTCCCTCTTT",82
"CTCCTAGTCCGCAGTG",36
"CTCCTAGTCGCTTAGA",26
"CTCCTAGTCGTACCGG",92
"CTCCTAGTCTCGGACG",24
"CTCCTAGTCTGCCAGG",18
"CTCCTAGTCTTGCAAG",23
"CTCGAAAAGAGCTATA",1
"CTCGAAAAGATGTGTA",29
"CTCGAAAAGCCATCGC",8
"CTCGAAAAGCCCGAAA",67
"CTCGAAAAGCGATGAC",4
"CTCGAAAAGCTGATAA",25
"CTCGAAAAGGACGAAA",80
"CTCGAAAAGGAGTACC",13
"CTCGAAAAGGCTATCT",52
"CTCGAAAAGGGCTTCC",1000
"CTCGAAAAGGGTTCCC",44
"CTCGAAAAGGTAGCTG",0
"CTCGAAAAGTACGCCC",51
"CTCGAAAAGTTAAGTG",32
"CTCGAAACAAGCGTAG",80
"CTCGAAACAATCCGAT",85
"CTCGAAACACAGCCCA",56
"CTCGAAACACTGAAGG",90
"CTCGAAACAGGAACGT",29
"CTCGAAAGTAACGTTC",21
"CTCGAAAGTACTTCTT",74
"CTCGAAAGTAGCTAAA",60
"CTCGAAAGTCGACTGC",21
"CTCGAAAGTCTAGTGT",5
"CTCGAAAGTGAAATCA",77
"CTCGAAAGTGTGAAAT",77
"CTCGAAAGTTATGCGT",81
"CTCGAAAGTTTGTGTG",87
"CTCGAAATCAACGGGA",94
"CTCGAAATCATGCAAC",35
"CTCGAAATCCACGTTC",1000
"CTCGAAATCCCAAGAT",13
"CTCGAAATCGATCCCT",39
"CTCGAAATCGCGTAGC",39
"CTCGAAATCGTATCAG",87
"CTCGAAATCGTTTATC",93
"CTCGAAATCTACTTAC",27
"CTCGAAATCTGCGACG",59
"CTCGAGGAGAACAATC",85
"CTCGAGGAGACAAGCC",90
"CTCGAGGAGGACAGAA",79
"CTCGAGGAGGAGTAGA",50
"CTCGAGGAGTCATGCT",39
"CTCGAGGAGTGAAGAG",13
"CTCGAGGCAGTCAGCC",48
"CTCGAGGCATATGGTC",10
"CTCGAGGCATCACCCT",51
"CTCGAGGCATTAACCG",51
"CTCGAGGGTAAGGGAA",56
"CTCGAGGGTAGGACAC",58
"CTCGAGGGTATCACCA",46
"CTCGAGGGTCAACATC",52
"CTCGAGGGTCACACGC",20
"CTCGAGGGTCTGCGGT",59
"CTCGAGGGTTTGTTGG",52
"CTCGAGGTCAAACAAG",58
"CTCGAGGTCAGCACAT",32
"CTCGAGGTCCAGAAGG",13
"CTCGAGGTCCATGCTC",72
"CTCGAGGTCCGGCACA",19
"CTCGAGGTCGGTTAAC",30
"CTCGAGGTCTCCTATA",4
"CTCGAGGTCTTACCTA",13
"CTCGGAGAGTAACCCT",3
"CTCGGAGAGTACCGGA",81
"CTCGGAGAGTCAAGGC",32
"CTCGGAGAGTGCAAGC",3
"CTCGGAGAGTGCTGCC",56
"CTCGGAGCATGCCCGA",26
"CTCGGAGGTACTCTCC",9
"CTCGGAGGTCGAGATG",6
"CTCGGAGGTCTAACGT",44
"CTCGGAGGTGCCTTGG",14
"CTCGGAGTCAACACGT",74
"CTCGGAGTCAATAAGG",31
"CTCGGAGTCACCTCGT",52
"CTCGGAGTCACTTACT",33
"CTCGGAGTCAGGATCT",69
"CTCGGAGTCTCAAGTG",74
"CTCGGAGTCTTAGAGC",1000
"CTCGGGAAGAGGTTGC",80
"CTCGGGAAGATGTGTA",25
"CTCGGGAAGGTGATAT",31
"CTCGGGAAGTAAGTAC",94
"CTCGGGAAGTAGGTGC",26
"CTCGGGAAGTGCCATT",85
"CTCGGGAAGTGCTGCC",73
"CTCGGGACAAACCCAT",54
"CTCGGGACAAGAGGCT",32
"CTCGGGACAAGTTGTC",11
"CTCGGGACACAGATTC",46
"CTCGGGACACCCAGTG",13
"CTCGGGACAGCGTCCA",54
"CTCGGGACAGGCGATA",29
"CTCGGGACATATACCG",38
"CTCGGGACATTCACTT",78
"CTCGGGAGTAGCCTCG",30
"CTCGGGAGTCAATACC",2
"CTCGGGAGTCGCGTGT",13
"CTCGGGAGTCGTGGCT",1000
"CTCGGGAGTCTCCACT",68
"CTCGGGAGTCTCTCGT",13
"CTCGGGAGTTGGACCC",20
"CTCGGGAGTTTAGCTG",1
"CTCGGGAGTTTCCACC",55
"CTCGGGATCAAACAAG",94
"CTCGGGATCCGTCAAA",79
"CTCGGGATCTTACCTA",1
"CTCGTACAGACTAGGC",94
"CTCGTACAGAGAACAG",85
"CTCGTACAGCGCCTCA",36
"CTCGTACAGGCCCTTG",80
"CTCGTACAGTCGTACT",69
"CTCGTACCAAACTGTC",13
"CTCGTACCAAGCTGTT",81
"CTCGTACCACTCGACG",39
"CTCGTACCAGCTTCGG",2
"CTCGTACCATCTGGTA",79
"CTCGTACGTAAACCTC",16
"CTCGTACGTAACGACG",21
"CTCGTACGTACGCTGC",32
"CTCGTACGTCGTTGTA",63
"CTCGTACGTCTTGTCC",22
"CTCGTACGTGCACCAC",63
"CTCGTACGTTATCACG",28
"CTCGTACGTTCATGGT",59
"CTCGTACTCAATCTCT",93
"CTCGTACTCCGTTGTC",30
"CTCGTACTCTAACTCT",94
"CTCGTACTCTCGTATT",59
"CTCGTACTCTGATTCT",94
"CTCGTACTCTGTTTGT",52
"CTCGTACTCTTTACAC",30
"CTCGTCAAGCCTCGTG",1000
"CTCGTCAAGGGTTCCC",39
"CTCGTCAAGGTCATCT",13
"CTCGTCAAGTATGACA",38
"CTCGTCACAAAGGCGT",77
"CTCGTCACAAAGTCAA",75
"CTCGTCACAATCAGAA",8
"CTCGTCACACACATGT",13
"CTCGTCACACCGGAAA",69
"CTCGTCACACCGTTGG",66
"CTCGTCACAGACGCCT",31
"CTCGTCACAGGAATCG",74
"CTCGTCACAGTCCTTC",69
"CTCGTCACATACGCCG",92
"CTCGTCACATCCTAGA",38
"CTCGTCAGTCTCTTAT",14
"CTCGTCATCAGCTCGG",85
"CTCGTCATCCGGCACA",26
"CTCGTCATCCTGCCAT",20
"CTCGTCATCTGTCTCG",9
"CTCTAATAGCACCGTC",12
"CTCTAATAGCTCCTCT",28
"CTCTAATAGCTGATAA",81
"CTCTAATAGGGAACGG",30
"CTCTAATAGGGATCTG",1000
"CTCTAATAGTACATGA",15
"CTCTAATAGTACGCGA",4
"CTCTAATAGTATGACA",40
"CTCTAATAGTCATGCT",32
"CTCTAATCAAGTCATC",38
"CTCTAATCAATAGAGT",8
"CTCTAATCATGTCCTC",94
"CTCTAATCATTACGAC",33
"CTCTAATCATTAGGCT",67
"CTCTAATGTAAACCTC",14
"CTCTAATGTCCGACGT",68
"CTCTAATGTCGCGAAA",80
"CTCTAATGTGATGTCT",19
"CTCTAATGTGCAACTT",75
"CTCTAATGTGTGAATA",23
"CTCTAATGTTCGCGAC",13
"CTCTAATGTTTGCATG",15
"CTCTAATTCAATACCG",13
"CTCTAATTCACCATAG",3
"CTCTAATTCAGTCCCT",38
"CTCTAATTCCAAACAC",28
"CTCTAATTCGATCCCT",27
"CTCTAATTCGGCGGTT",66
"CTCTAATTCGGTCCGA",45
"CTCTAATTCGGTGTTA",10
"CTCTAATTCGTTTAGG",55
"CTCTAATTCTTGAGAC",8
"CTCTAATTCTTGCCGT",77
"CTCTACGAGATAGCAT",32
"CTCTACGAGATGTTAG",74
"CTCTACGAGCCAGTTT",86
"CTCTACGAGGAGCGTT",59
"CTCTACGAGTAGTGCG",92
"CTCTACGAGTGTACTC",39
"CTCTACGAGTGTCTCA",16
"CTCTACGCAAATACAG",6
"CTCTACGCACACTGCG",62
"CTCTACGCACGGTTTA",3
"CTCTACGCAGCTGTTA",55
"CTCTACGCAGTCGTGC",63
"CTCTACGCATAGGATA",13
"CTCTACGCATCGGTTA",21
"CTCTACGCATCTGGTA",77
"CTCTACGCATTACGAC",60
"CTCTACGGTAAGTGGC",15
"CTCTACGGTACATCCA",32
"CTCTACGGTAGAAGGA",1000
"CTCTACGGTCAAAGCG",3
"CTCTACGGTCCATGAT",64
"CTCTACGGTGCACTTA",21
"CTCTACGGTGTCGCTG",58
"CTCTACGGTGTTTGTG",7
"CTCTACGGTTATGCGT",76
"CTCTACGGTTTGACTG",13
"CTCTACGTCAGAGGTG",26
"CTCTACGTCCAGTAGT",30
"CTCTACGTCGCTAGCG",8
"CTCTACGTCTTCTGGC",1
"CTCTGGTAGAAAGTGG",31
"CTCTGGTAGAGACGAA",86
"CTCTGGTAGATGGGTC",87
"CTCTGGTAGGGATGGG",49
"CTCTGGTAGGTTCCTA",27
"CTCTGGTAGTGAACAT",46
"CTCTGGTCACAGCCCA",18
"CTCTGGTCAGATCTGT",66
"CTCTGGTCAGTACACT",81
"CTCTGGTCATGCAATC",38
"CTCTGGTCATGGGACA",1000
"CTCTGGTGTATCAGTC",87
"CTCTGGTGTCCTAGCG",21
"CTCTGGTGTGAAGGCT",13
"CTCTGGTGTGTGACCC",19
"CTCTGGTGTTGGAGGT",9
"CTCTGGTGTTGGTTTG",1000
"CTCTGGTTCAAGCCTA",5
"CTCTGGTTCATGTGGT",37
"CTCTGGTTCCGTCATC",28
"CTCTGGTTCTGAAAGA",1000
"CTGAAACAGAATCTCC",0
"CTGAAACAGCTAGTCT",50
"CTGAAACAGCTCCTTC",86
"CTGAAACAGGACTGGT",59
"CTGAAACAGGAGTACC",10
"CTGAAACAGGGTTTCT",86
"CTGAAACAGTCAAGCG",52
"CTGAAACAGTTTAGGA",11
"CTGAAACCAAACTGTC",32
"CTGAAACCAATCCGAT",38
"CTGAAACCAATGAAAC",9
"CTGAAACCACGAGAGT",1000
"CTGAAACCACTGCCAG",55
"CTGAAACCACTTACGA",32
"CTGAAACCAGGAACGT",38
"CTGAAACCATACGCTA",59
"CTGAAACCATGACATC",75
"CTGAAACGTCAACATC",28
"CTGAAACGTCTGATTG",32
"CTGAAACGTTGCCTCT",21
"CTGAAACTCCGGCACA",8
"CTGAAACTCCGGGTGT",42
"CTGAAACTCCGTTGTC",26
"CTGAAACTCGTGTAGT",73
"CTGAAACTCTTGTCAT",29
"CTGAAGTAGAATCTCC",94
"CTGAAGTAGACAATAC",38
"CTGAAGTAGCGACGTA",77
"CTGAAGTAGGTAAACT",7
"CTGAAGTAGGTTACCT",94
"CTGAAGTCAACTGGCC",94
"CTGAAGTCACAGATTC",74
"CTGAAGTCACCGAATT",1000
"CTGAAGTCAGGGAGAG",1
"CTGAAGTCATAGAAAC",1
"CTGAAGTGTGCTTCTC",46
"CTGAAGTGTGGTCTCG",72
"CTGAAGTGTTCGGCAC",91
"CTGAAGTTCAACTCTT",65
"CTGAAGTTCAGTGTTG",13
"CTGAAGTTCATAACCG",32
"CTGAAGTTCATGTCCC",14
"CTGAAGTTCATTGCCC",87
"CTGAAGTTCCACGACG",54
"CTGAAGTTCGAGAACG",90
"CTGAAGTTCGGACAAG",1000
"CTGAAGTTCTCTAAGG",89
"CTGAAGTTCTTACCTA",88
"CTGATAGAGAAACCTA",1000
"CTGATAGAGATAGGAG",1
"CTGATAGAGCCCAATT",8
"CTGATAGAGTCGAGTG",8
"CTGATAGAGTCTTGCA",87
"CTGATAGAGTTACCCA",47
"CTGATAGAGTTTAGGA",1000
"CTGATAGCAACGATCT",58
"CTGATAGCATGACATC",66
"CTGATAGGTAGCAAAT",26
"CTGATAGGTCACTTCC",9
"CTGATAGGTCCGTCAG",85
"CTGATAGGTCGGATCC",3
"CTGATAGGTCTGGTCG",66
"CTGATAGGTTAAGAAC",20
"CTGATAGGTTCTCATT",1
"CTGATAGTCAGAGACG",30
"CTGATAGTCCAAACTG",66
"CTGATAGTCCGAAGAG",77
"CTGATAGTCGCGTTTC",1000
"CTGATCCAGAGGTACC",55
"CTGATCCAGATATACG",62
"CTGATCCAGGTGACCA",75
"CTGATCCAGTCTTGCA",85
"CTGATCCAGTGGTAGC",13
"CTGATCCAGTTCGCGC",18
"CTGATCCAGTTGAGAT",12
"CTGATCCCAATGAAAC",20
"CTGATCCCACGAAACG",39
"CTGATCCCACTAAGTC",79
"CTGATCCCAGACGCAA",10
"CTGATCCCATGTTGAC",13
"CTGATCCCATTGAGCT",92
"CTGATCCCATTGGTAC",28
"CTGATCCGTAGTACCT",75
"CTGATCCGTCCTCTTG",9
"CTGATCCGTCGGCATC",1000
"CTGATCCGTCTCCATC",25
"CTGATCCGTCTTCGTC",51
"CTGATCCGTTAGGGTG",81
"CTGATCCTCCAAAGTC",1000
"CTGATCCTCCCAAGTA",35
"CTGATCCTCCCTTGTG",28
"CTGATCCTCGGAGGTA",53
"CTGATCCTCTTGCAAG",81
"CTGCCTAAGCTTATCG",0
"CTGCCTAAGTCAAGCG",68
"CTGCCTAAGTGCGATG",66
"CTGCCTACAAAGCAAT",75
"CTGCCTACAAGCGATG",31
"CTGCCTACACATGTGT",21
"CTGCCTACAGGGCATA",1000
"CTGCCTACAGGGTATG",11
"CTGCCTACAGTATCTG",89
"CTGCCTACATCGGACC",39
"CTGCCTACATCTCCCA",79
"CTGCCTACATTACCTT",92
"CTGCCTAGTATCACCA",13
"CTGCCTAGTCGAACAG",13
"CTGCCTAGTCGGCATC",0
"CTGCCTAGTCTAGCGC",17
"CTGCCTAGTCTCAACA",0
"CTGCCTAGTCTGATTG",38
"CTGCCTAGTGACAAAT",64
"CTGCCTAGTGGCTCCA",44
"CTGCCTATCAACACAC",50
"CTGCCTATCACATAGC",75
"CTGCCTATCACTTACT",79
"CTGCCTATCAGATAAG",47
"CTGCCTATCCGCAGTG",26
"CTGCCTATCGAACTGT",92
"CTGCCTATCGGCTACG",1
"CTGCGGAAGCTAGTCT",0
"CTGCGGAAGGATGCGT",13
"CTGCGGAAGTGACTCT",27
"CTGCGGACAAAGCGGT",75
"CTGCGGACAACACGCC",8
"CTGCGGACAAGTTCTG",59
"CTGCGGACACGCGAAA",25
"CTGCGGACAGCATACT",50
"CTGCGGACATCCCATC",59
"CTGCGGAGTGCCTGCA",20
"CTGCGGAGTGGTCTCG",79
"CTGCGGAGTTACAGAA",63
"CTGCGGATCTATGTGG",9
"CTGCGGATCTGCGACG",68
"CTGCGGATCTGGGCCA",59
"CTGCTGTAGAAACGAG",48
"CTGCTGTAGCAGCGTA",20
"CTGCTGTAGCGAGAAA",13
"CTGCTGTAGCTAGGCA",21
"CTGCTGTAGGACCACA",44
"CTGCTGTAGTGGACGT",50
"CTGCTGTAGTTCGCGC",74
"CTGCTGTCAAGAAGAG",60
"CTGCTGTCAATACGCT",30
"CTGCTGTCAATCCAAC",54
"CTGCTGTCAATGTAAG",27
"CTGCTGTCACATTAGC",14
"CTGCTGTCACGAGAGT",60
"CTGCTGTCAGTAAGCG",8
"CTGCTGTCATCGACGC",76
"CTGCTGTGTAATCGTC",1000
"CTGCTGTGTACCCAAT",16
"CTGCTGTGTAGCACGA",79
"CTGCTGTGTAGCTGCC",8
"CTGCTGTGTCCCTTGT",21
"CTGCTGTGTGAAGGCT",87
"CTGCTGTGTGGCTCCA",55
"CTGCTGTGTTCGCTAA",59
"CTGCTGTGTTCGGGCT",30
"CTGCTGTGTTTGGGCC",11
"CTGCTGTTCAAACCAC",30
"CTGCTGTTCACTTATC",30
"CTGCTGTTCAGAGGTG",21
"CTGCTGTTCAGCAACT",90
"CTGCTGTTCAGTCAGT",69
"CTGCTGTTCATCTGTT",42
"CTGCTGTTCATTCACT",14
"CTGCTGTTCCATGCTC",69
"CTGCTGTTCGGTTCGG",64
"CTGCTGTTCTCACATT",57
"CTGCTGTTCTCCAGGG",39
"CTGCTGTTCTGTACGA",10
"CTGGTCTAGCAATCTC",87
"CTGGTCTAGCGGCTTC",87
"CTGGTCTAGCGTAATA",72
"CTGGTCTAGCTAGCCC",50
"CTGGTCTAGCTCAACT",27
"CTGGTCTAGGTCGGAT",78
"CTGGTCTCACTCTGTC",10
"CTGGTCTCAGATTGCT",76
"CTGGTCTCATTAACCG",32
"CTGGTCTGTACAGTGG",23
"CTGGTCTGTGTGACCC",51
"CTGGTCTGTTTGACTG",28
"CTGGTCTTCATCGCTC",28
"CTGGTCTTCCGAATGT",21
"CTGGTCTTCGAACGGA",33
"CTGGTCTTCTAACCGA",28
"CTGGTCTTCTATCCTA",87
"CTGTGCTAGCTGAACG",13
"CTGTGCTAGGCGTACA",20
"CTGTGCTAGTGTGGCA",75
"CTGTGCTCAAACGTGG",11
"CTGTGCTCACGGTGTC",31
"CTGTGCTCACTCAGGC",7
"CTGTGCTCATATGGTC",3
"CTGTGCTGTAAGGGCT",35
"CTGTGCTGTACATCCA",20
"CTGTGCTGTACCCAAT",92
"CTGTGCTGTATAAACG",18
"CTGTGCTGTCACCTAA",86
"CTGTGCTGTTAAGAAC",34
"CTGTGCTTCCTCAACC",94
"CTGTGCTTCTGCAGTA",7
"CTGTTTAAGAGGTTAT",0
"CTGTTTAAGCCCAACC",13
"CTGTTTAAGTGTGAAT",74
"CTGTTTACAAATACAG",50
"CTGTTTACAACTTGAC",50
"CTGTTTACAAGTTGTC",54
"CTGTTTACAATGTTGC",10
"CTGTTTACACCAGGTC",63
"CTGTTTACACCCATGG",46
"CTGTTTACACTGCCAG",38
"CTGTTTACATAACCTG",32
"CTGTTTAGTCGGGTCT",85
"CTGTTTAGTCTAGTGT",41
"CTGTTTAGTGACGCCT",52
"CTGTTTATCACTTACT",20
"CTGTTTATCCACGACG",8
"CTGTTTATCGTCCAGG",85
"CTGTTTATCGTCTGAA",10
"CTTAACTAGATCCCAT",19
"CTTAACTAGCAATCTC",38
"CTTAACTAGGCATTGG",68
"CTTAACTAGTGAACGC",26
"CTTAACTCAAACTGTC",54
"CTTAACTCAACACCCG",33
"CTTAACTCAATAACGA",18
"CTTAACTCATGAACCT",38
"CTTAACTCATGCCCGA",13
"CTTAACTCATTGGGCC",78
"CTTAACTGTACGCACC",21
"CTTAACTGTAGAGCTG",14
"CTTAACTGTCAAGCGA",32
"CTTAACTGTCCGAACC",77
"CTTAACTGTCTCCCTA",30
"CTTAACTGTGTTAAGA",38
"CTTAACTGTTGCGTTA",79
"CTTAACTGTTTGTTGG",0
"CTTAACTTCACTTCAT",20
"CTTAACTTCCTGTAGA",59
"CTTAACTTCGGATGTT",15
"CTTAACTTCGTGGACC",72
"CTTAACTTCTCGGACG",12
"CTTAACTTCTCTAGGA",94
"CTTAACTTCTCTTGAT",31
"CTTAACTTCTTGTACT",56
"CTTACCGAGGAGTCTG",8
"CTTACCGAGTAGCGGT",18
"CTTACCGCACAGAGGT",50
"CTTACCGCACCGGAAA",37
"CTTACCGCACCTATCC",81
"CTTACCGCACGAGGTA",13
"CTTACCGCAGACAGGT",42
"CTTACCGCATGTCCTC",38
"CTTACCGCATTCCTCG",41
"CTTACCGGTATATGAG",19
"CTTACCGGTCTCCCTA",85
"CTTACCGGTCTGATCA",3
"CTTACCGGTCTTTCAT",4
"CTTACCGGTTCAGTAC",85
"CTTACCGTCAGCCTAA",75
"CTTACCGTCGATCCCT",92
"CTTACCGTCTCGTATT",63
"CTTAGGAAGACCTTTG",86
"CTTAGGAAGAGTAATC",13
"CTTAGGAAGATGTAAC",19
"CTTAGGAAGCCACGCT",79
"CTTAGGAAGCGGCTTC",74
"CTTAGGAAGCTGATAA",75
"CTTAGGAAGCTTTGGT",79
"CTTAGGAAGGACACCA",83
"CTTAGGAAGGAGTAGA",76
"CTTAGGAAGGTGCAAC",30
"CTTAGGACAAGCCCAC",9
"CTTAGGACAAGTCTAC",52
"CTTAGGACACCAGATT",44
"CTTAGGACAGCCAATT",39
"CTTAGGACAGTAAGAT",1
"CTTAGGACATAAAGGT",50
"CTTAGGACATGGTCAT",1000
"CTTAGGAGTAGCGCAA",26
"CTTAGGAGTAGTGAAT",93
"CTTAGGAGTCAACTGT",0
"CTTAGGAGTCATTAGC",91
"CTTAGGAGTCGCGTGT",1000
"CTTAGGAGTCTCTTAT",68
"CTTAGGAGTTCCACTC",83
"CTTAGGATCAGTGCAT",54
"CTTAGGATCAGTTAGC",87
"CTTAGGATCCCTTGTG",75
"CTTAGGATCGCGATCG",23
"CTTAGGATCGCTTGTC",25
"CTTAGGATCGGCTTGG",73
"CTTAGGATCTAAGCCA",66
"CTTAGGATCTCTTATG",60
"CTTAGGATCTTACCGC",1000
"CTTAGGATCTTACCTA",1000
"CTTAGGATCTTTACGT",58
"CTTCTCTAGAAACCTA",19
"CTTCTCTAGAAACGAG",26
"CTTCTCTAGAAGCCCA",20
"CTTCTCTAGAGGGATA",59
"CTTCTCTAGAGGTTGC",5
"CTTCTCTAGAGTTGGC",62
"CTTCTCTAGATCTGCT",1000
"CTTCTCTAGCAGGCTA",2
"CTTCTCTAGGAGCGTT",13
"CTTCTCTAGGCTAGAC",25
"CTTCTCTAGTCAAGGC",30
"CTTCTCTCAATAGAGT",42
"CTTCTCTCAATCCAAC",1000
"CTTCTCTCAGACAGGT",6
"CTTCTCTCAGCCTGTG",34
"CTTCTCTCAGCGTAAG",28
"CTTCTCTCAGGTTTCA",74
"CTTCTCTGTCTGGAGA",37
"CTTCTCTGTGATGCCC",33
"CTTCTCTGTTATGCGT",16
"CTTCTCTGTTCCCTTG",85
"CTTCTCTGTTCTGTTT",62
"CTTCTCTTCAGATAAG",59
"CTTCTCTTCCAAGCCG",5
"CTTCTCTTCCTGTACC",52
"CTTCTCTTCGGGAGTA",28
"CTTCTCTTCTATCCTA",59
"CTTCTCTTCTCGAGTA",30
"CTTGGCTAGAATAGGG",24
"CTTGGCTAGCCCAGCT",23
"CTTGGCTAGCGATATA",78
"CTTGGCTAGTACGTTC",57
"CTTGGCTAGTCATGCT",51
"CTTGGCTAGTGGAGAA",1
"CTTGGCTAGTTCGATC",6
"CTTGGCTCAAACCCAT",10
"CTTGGCTCACCATCCT",43
"CTTGGCTCAGCGATCC",65
"CTTGGCTCATGCTGGC",3
"CTTGGCTGTAACGCGA",75
"CTTGGCTGTAAGAGGA",17
"CTTGGCTGTACCAGTT",90
"CTTGGCTGTACCATCA",66
"CTTGGCTGTACCCAAT",50
"CTTGGCTGTCACCCAG",94
"CTTGGCTGTTTGACTG",39
"CTTGGCTGTTTGTGTG",37
"CTTGGCTTCAAGCCTA",80
"CTTGGCTTCAGGCAAG",1000
"CTTGGCTTCCCTAACC",26
"CTTGGCTTCCTGCAGG",63
"CTTTGCGAGAAGGCCT",12
"CTTTGCGAGACTGGGT",45
"CTTTGCGAGCCACGCT",59
"CTTTGCGAGCTCCTCT",59
"CTTTGCGAGTAGGCCA",68
"CTTTGCGAGTGTGGCA",21
"CTTTGCGCAAGGACTG",34
"CTTTGCGCAATGCCAT",50
"CTTTGCGCACAAGCCC",85
"CTTTGCGCACCTATCC",89
"CTTTGCGCACTATCTT",14
"CTTTGCGGTACAAGTA",1000
"CTTTGCGGTACCAGTT",81
"CTTTGCGGTACCGTAT",74
"CTTTGCGGTATAGGTA",63
"CTTTGCGGTCGAAAGC",66
"CTTTGCGGTCGCTTCT",85
"CTTTGCGGTCTCACCT",40
"CTTTGCGGTGGCAAAC",86
"CTTTGCGGTGGTGTAG",43
"CTTTGCGGTTATCGGT",75
"CTTTGCGGTTCTGAAC",62
"CTTTGCGTCACGCGGT",83
"CTTTGCGTCCTTAATC",32
"CTTTGCGTCGCTAGCG",5
"CTTTGCGTCGTTTGCC",23
"CTTTGCGTCTTTACAC",92
"GAAACTCAGAGCAATT",93
"GAAACTCAGATCGATA",0
"GAAACTCAGCCAACAG",1
"GAAACTCAGGGATGGG",54
"GAAACTCAGTACATGA",65
"GAAACTCAGTAGATGT",11
"GAAACTCAGTCCTCCT",32
"GAAACTCCAAGTAGTA",74
"GAAACTCCACACATGT",8
"GAAACTCCACCAGGCT",18
"GAAACTCCATCCTAGA",68
"GAAACTCGTCAAGCGA",38
"GAAACTCGTCATATCG",24
"GAAACTCGTCGCTTCT",71
"GAAACTCGTCTAAACC",64
"GAAACTCGTCTCTTAT",16
"GAAACTCGTGACAAAT",87
"GAAACTCGTGTAATGA",0
"GAAACTCGTTCCACAA",46
"GAAACTCTCACAGGCC",59
"GAAACTCTCTCGCATC",38
"GAAATGAAGACCACGA",94
"GAAATGAAGAGCTGGT",44
"GAAATGAAGCACCGTC",33
"GAAATGAAGCCATCGC",14
"GAAATGAAGCCGTCGT",6
"GAAATGAAGGACGAAA",94
"GAAATGAAGTTACCCA",59
"GAAATGAAGTTAGGTA",54
"GAAATGACACAACGCC",23
"GAAATGACACCGAAAG",1000
"GAAATGACACTCGACG",27
"GAAATGACATACGCTA",66
"GAAATGACATCACGTA",94
"GAAATGACATTACGAC",48
"GAAATGACATTATCTC",74
"GAAATGAGTAGAGCTG",8
"GAAATGAGTGGGTATG",68
"GAAATGAGTTGTGGAG",64
"GAAATGAGTTTGGCGC",20
"GAAATGATCAAAGTAG",81
"GAAATGATCAACCATG",87
"GAAATGATCAGGCCCA",42
"GAAATGATCCAAACAC",20
"GAAATGATCCTGCAGG",25
"GAAATGATCCTTTCGG",51
"GAAATGATCGGAGGTA",90
"GAAATGATCTGCAGTA",1000
"GAACATCAGAAACCGC",85
"GAACATCAGATATGGT",78
"GAACATCAGTAGCGGT",43
"GAACATCAGTCCATAC",1000
"GAACATCAGTGTTTGC",75
"GAACATCCAAAGCAAT",27
"GAACATCCACAGCGTC",59
"GAACATCCATCCGTGG",94
"GAACATCCATGCTAGT",47
"GAACATCGTAACGACG",47
"GAACATCGTGCAGTAG",54
"GAACATCGTTCAGGCC",50
"GAACATCGTTGCGTTA",38
"GAACATCTCATAACCG",28
"GAACATCTCATTCACT",1000
"GAACATCTCCATGCTC",16
"GAACATCTCCGCGCAA",81
"GAACATCTCCTAGTGA",21
"GAACATCTCCTCATTA",70
"GAACATCTCGCTAGCG",94
"GAACATCTCTGCCAGG",81
"GAACATCTCTGGTATG",36
"GAACCTAAGCTGATAA",20
"GAACCTAAGGCGTACA",51
"GAACCTAAGGTTACCT",1000
"GAACCTAAGTTCGCGC",5
"GAACCTACAAGCCATT",79
"GAACCTACAGGGATTG",20
"GAACCTACAGTCCTTC",3
"GAACCTACATGGGACA",16
"GAACCTACATGGTTGT",74
"GAACCTACATTGGGCC",80
"GAACCTAGTCAAACTC",64
"GAACCTAGTGCTTCTC",20
"GAACCTAGTGTGCCTG",80
"GAACCTAGTTTGTTTC",1
"GAACCTATCAAAGTAG",14
"GAACCTATCAGGCAAG",3
"GAACCTATCATGCTCC",21
"GAACCTATCCTGTAGA",9
"GAACCTATCCTTGACC",10
"GAACCTATCGACCAGC",68
"GAACCTATCGCCATAA",50
"GAACCTATCGTCCGTT",51
"GAACCTATCGTGTAGT",38
"GAACCTATCTAACTTC",51
"GAACCTATCTCGATGA",31
"GAACCTATCTGACCTC",50
"GAACGGAAGAATAGGG",34
"GAACGGAAGCAGACTG",86
"GAACGGAAGCTGCCCA",37
"GAACGGAAGGCAGTCA",75
"GAACGGAAGGTGCACA",5
"GAACGGACAAACTGTC",28
"GAACGGACAAGGACTG",59
"GAACGGACAATAGCAA",6
"GAACGGACACATTAGC",74
"GAACGGACACGACTCG",26
"GAACGGACACTACAGT",79
"GAACGGACAGCGTAAG",32
"GAACGGACAGGCAGTA",93
"GAACGGACATCTGGTA",79
"GAACGGACATGCCACG",0
"GAACGGACATGGAATA",11
"GAACGGACATTATCTC",3
"GAACGGAGTCCAAGTT",14
"GAACGGAGTGAACCTT",75
"GAACGGAGTTGGACCC",75
"GAACGGATCAATACCG",0
"GAACGGATCATAGCAC",59
"GAACGGATCCGCATAA",77
"GAACGGATCCTGTAGA",91
"GAACGGATCGGAAACG",37
"GAACGGATCTAGAGTC",20
"GAAGCAGAGAAGGTGA",51
"GAAGCAGAGAATGTGT",37
"GAAGCAGAGCAACGGT",9
"GAAGCAGAGGCCATAG",51
"GAAGCAGAGGTGATTA",20
"GAAGCAGAGTGCGTGA",39
"GAAGCAGCAAACGTGG",13
"GAAGCAGCAACTGGCC",75
"GAAGCAGCACAGTCGC",34
"GAAGCAGCAGTCCTTC",51
"GAAGCAGGTGCGAAAC",92
"GAAGCAGGTGCGATAG",51
"GAAGCAGGTGGCGAAT",1
"GAAGCAGGTTCTGGTA",62
"GAAGCAGTCACGATGT",32
"GAAGCAGTCCCATTTA",0
"GAAGCAGTCTCGCATC",75
"GAAGCAGTCTGAGTGT",30
"GAAGCAGTCTGTCTCG",50
"GAAGCAGTCTTCGGTC",1
"GAATAAGAGAAGCCCA",24
"GAATAAGAGAGGGATA",32
"GAATAAGAGATGGGTC",19
"GAATAAGAGCGTGAAC",42
"GAATAAGAGGCAGTCA",1000
"GAATAAGAGGCTCTTA",68
"GAATAAGAGTGGGCTA",32
"GAATAAGCAAAGGAAG",60
"GAATAAGCAATAAGCA",38
"GAATAAGCAATGGACG",40
"GAATAAGCACCTCGGA",13
"GAATAAGCAGACTCGC",14
"GAATAAGCAGAGTGTG",19
"GAATAAGCAGCTGTTA",64
"GAATAAGCAGTATCTG",46
"GAATAAGCATTTGCCC",4
"GAATAAGGTTATTCTC",32
"GAATAAGGTTCACGGC",72
"GAATAAGGTTCGCGAC",32
"GAATAAGTCAATCACG",20
"GAATAAGTCACATAGC",74
"GAATAAGTCCAACCAA",1000
"GAATAAGTCGGCATCG",39
"GAATAAGTCTCAAACG",48
"GAATAAGTCTGTCTAT",64
"GAATGAAAGCCAACAG",31
"GAATGAAAGGCAGTCA",52
"GAATGAAAGGCATGTG",85
"GAATGAAAGTAGATGT",54
"GAATGAACAAGAAGAG",59
"GAATGAACACACATGT",82
"GAATGAACACCAGGCT",38
"GAATGAACACCGGAAA",40
"GAATGAACACTTAACG",93
"GAATGAACAGCGTAAG",11
"GAATGAACATCCGGGT",37
"GAATGAACATGAAGTA",94
"GAATGAACATGTCGAT",7
"GAATGAAGTAGCCTAT",81
"GAATGAAGTCTAAACC",30
"GAATGAAGTGTAATGA",40
"GAATGAAGTTCCTCCA",33
"GAATGAAGTTGAACTC",20
"GAATGAATCACTTCAT",85
"GAATGAATCCACGTGG",38
"GAATGAATCGTCGTTC",54
"GAATGAATCTATCCTA",11
"GACACGCAGCAGCGTA",94
"GACACGCAGTGAACAT",54
"GACACGCCACAGGAGT",60
"GACACGCCAGGAATGC",1000
"GACACGCCATCCGTGG",90
"GACACGCCATGTTGAC",6
"GACACGCCATTCCTCG",40
"GACACGCGTACTTCTT",32
"GACACGCGTCAACTGT",10
"GACACGCGTCGAGATG",75
"GACACGCGTGTTAAGA",32
"GACACGCGTTCCATGA",68
"GACACGCGTTCCCTTG",57
"GACACGCTCACGAAGG",49
"GACACGCTCATAAAGG",26
"GACACGCTCATTATCC",36
"GACACGCTCCCTAACC",50
"GACACGCTCCGAGCCA",85
"GACACGCTCCGCATAA",1000
"GACACGCTCGAACTGT",51
"GACACGCTCGGCCGAT",83
"GACACGCTCTAACTCT",51
"GACACGCTCTAGCACA",56
"GACACGCTCTGATTCT",5
"GACAGAGAGAATTCCC",59
"GACAGAGAGAGGGCTT",11
"GACAGAGAGCGTGAGT",93
"GACAGAGAGCTAACTC",68
"GACAGAGAGGGATACC",92
"GACAGAGAGGGCACTA",85
"GACAGAGAGTACGCCC",0
"GACAGAGAGTGAATTG",7
"GACAGAGAGTGCGATG",32
"GACAGAGCACCAGATT",75
"GACAGAGCACTCAGGC",8
"GACAGAGCAGACTCGC",80
"GACAGAGGTACATCCA",87
"GACAGAGGTAGAGTGC",1000
"GACAGAGGTAGCACGA",1000
"GACAGAGGTCCGTGAC",50
"GACAGAGGTCGGCTCA",59
"GACAGAGGTTATGTGC",37
"GACAGAGTCAGCAACT",93
"GACAGAGTCTCATTCA",88
"GACCAATAGACTAAGT",60
"GACCAATAGATAGGAG",59
"GACCAATAGCCAGTAG",58
"GACCAATAGCGTTCCG",75
"GACCAATAGCTACCTA",68
"GACCAATAGGCGTACA",39
"GACCAATAGTCGTACT",1000
"GACCAATAGTGCGTGA",1000
"GACCAATCAACGATCT",76
"GACCAATCACCTATCC",7
"GACCAATCACTGTCGG",32
"GACCAATCAGGACGTA",52
"GACCAATGTGCATCTA",26
"GACCAATGTGGAAAGA",62
"GACCAATGTGTAAGTA",64
"GACCAATGTGTTCTTT",38
"GACCAATGTTGCGCAC",74
"GACCAATTCAAACAAG",59
"GACCAATTCAAGATCC",83
"GACCAATTCAGGTAAA",75
"GACCAATTCCGAATGT",65
"GACCAATTCCGCAAGC",2
"GACCAATTCCGTAGTA",39
"GACCAATTCGGAAACG",7
"GACCAATTCGTGGACC",76
"GACCAATTCGTTTATC",10
"GACCTGGAGAAGAAGC",11
"GACCTGGAGAGGACGG",27
"GACCTGGAGCTACCGC",15
"GACCTGGAGCTGCCCA",10
"GACCTGGAGGGATGGG",30
"GACCTGGAGTGACATA",93
"GACCTGGAGTGTCCAT",13
"GACCTGGCAAGTAATG",19
"GACCTGGCAGACAAGC",7
"GACCTGGCAGCCAGAA",75
"GACCTGGGTAAGCACG",9
"GACCTGGGTAGAGGAA",55
"GACCTGGGTCTCTTAT",0
"GACCTGGGTCTGCGGT",20
"GACCTGGGTGCAGGTA",43
"GACCTGGGTTCAGTAC",96
"GACCTGGGTTGTGGCC",54
"GACCTGGTCACGATGT",92
"GACCTGGTCAGCGATT",44
"GACCTGGTCCAAACTG",21
"GACCTGGTCCATGAGT",20
"GACCTGGTCCCTGACT",1
"GACCTGGTCGGATGGA",60
"GACCTGGTCGGCGGTT",37
"GACCTGGTCGTTTAGG",69
"GACGCGTAGAGTCTGG",35
"GACGCGTAGCAGACTG",3
"GACGCGTAGCCACCTG",10
"GACGCGTAGCTAGTGG",26
"GACGCGTAGCTGTTCA",38
"GACGCGTAGGAATTAC",1000
"GACGCGTAGTCCGTAT",48
"GACGCGTCAAGCGAGT",91
"GACGCGTCACAGCGTC",21
"GACGCGTCACCACCAG",40
"GACGCGTCACCAGATT",21
"GACGCGTCAGATAATG",13
"GACGCGTCAGCTGCTG",79
"GACGCGTCATAGTAAG",12
"GACGCGTCATTGGGCC",68
"GACGCGTGTACCGCTG",20
"GACGCGTGTAGTAGTA",14
"GACGCGTGTCATTAGC",51
"GACGCGTGTCCCTACT",80
"GACGCGTGTCTAGCGC",13
"GACGCGTTCACTTCAT",46
"GACGCGTTCCGTTGCT",52
"GACGCGTTCTTCCTTC",15
"GACGGCTAGGATTCGG",80
"GACGGCTCAATAAGCA",43
"GACGGCTCACCAGCAC",37
"GACGGCTCACCTTGTC",33
"GACGGCTCACGAAATA",86
"GACGGCTCACGTCTCT",9
"GACGGCTCAGATGAGC",38
"GACGGCTCAGCTCGAC",18
"GACGGCTGTAAGGGAA",37
"GACGGCTGTAAGTGGC",82
"GACGGCTGTACTCGCG",26
"GACGGCTGTAGCGATG",16
"GACGGCTGTGATAAGT",53
"GACGGCTGTTATCCGA",46
"GACGGCTGTTCAACCA",64
"GACGGCTTCGAATCCA",38
"GACGGCTTCGTCTGAA",38
"GACGGCTTCTGTGCAA",59
"GACGTGCAGAAAGTGG",57
"GACGTGCAGAGGTACC",80
"GACGTGCAGCCAGTAG",40
"GACGTGCAGCGTTGCC",92
"GACGTGCAGCTAGTCT",94
"GACGTGCCAAAGCGGT",39
"GACGTGCCAACAACCT",20
"GACGTGCCAAGTCTGT",75
"GACGTGCCAGAGCCAA",59
"GACGTGCCAGCTTAAC",59
"GACGTGCGTAATCACC",13
"GACGTGCGTGTTCTTT",20
"GACGTGCGTTCGTGAT",59
"GACGTGCTCCTGTACC",59
"GACGTGCTCGCGTAGC",26
"GACGTGCTCTCGTATT",56
"GACGTGCTCTGCAGTA",21
"GACGTTAAGACAATAC",74
"GACGTTAAGACTTTCG",10
"GACGTTAAGAGTGACC",85
"GACGTTAAGGATGCGT",38
"GACGTTAAGGATGGTC",39
"GACGTTAAGGTGGGTT",39
"GACGTTAAGTGTCTCA",8
"GACGTTACACCACGTG",75
"GACGTTACAGATGAGC",33
"GACGTTACAGCTGTGC",4
"GACGTTACAGGGTATG",91
"GACGTTACATGACATC",1
"GACGTTACATTAGGCT",6
"GACGTTAGTAGCTAAA",44
"GACGTTAGTCATATGC",19
"GACGTTAGTCTGATTG",33
"GACGTTAGTGTGTGCC",26
"GACGTTAGTGTTAAGA",33
"GACGTTAGTGTTGAGG",19
"GACGTTAGTGTTGGGA",32
"GACGTTAGTTACCAGT",65
"GACGTTAGTTCAGTAC",0
"GACGTTAGTTGATTCG",73
"GACGTTAGTTGCGCAC",75
"GACGTTATCATGTCTT",25
"GACGTTATCGTGTAGT",32
"GACGTTATCTCCTATA",33
"GACTAACAGAGTAATC",53
"GACTAACAGCGATTCT",8
"GACTAACAGGACCACA",39
"GACTAACAGGATGCGT",74
"GACTAACAGGCAATTA",79
"GACTAACAGGCGATAC",55
"GACTAACAGGCTACGA",32
"GACTAACAGGCTAGAC",19
"GACTAACAGTTAGCGG",54
"GACTAACCAATGAAAC",62
"GACTAACCACACCGAC",9
"GACTAACCACCCAGTG",58
"GACTAACCACGAAACG",81
"GACTAACCAGTAGAGC",86
"GACTAACCATATGAGA",48
"GACTAACCATCACGAT",79
"GACTAACCATCGGTTA",25
"GACTAACCATGCTGGC",39
"GACTAACCATTGAGCT",37
"GACTAACGTAGCGCAA",58
"GACTAACGTAGCGTAG",11
"GACTAACGTATCGCAT",14
"GACTAACGTCATCCCT",21
"GACTAACGTGCAACTT",1
"GACTAACGTGCGAAAC",0
"GACTAACGTGGACGAT",1
"GACTAACGTTGCCTCT",66
"GACTAACTCAGCGACC",79
"GACTAACTCATTCACT",1000
"GACTAACTCGTTGCCT",37
"GACTAACTCTACTTAC",8
"GACTAACTCTGTCAAG",85
"GACTAACTCTTCATGT",85
"GACTAACTCTTTACGT",1
"GACTACAAGACAGGCT",0
"GACTACAAGACGCACA",85
"GACTACAAGCAATCTC",8
"GACTACAAGCGCTCCA",20
"GACTACAAGCTGCAAG",19
"GACTACAAGTATCGAA",10
"GACTACAAGTGCCATT",86
"GACTACAAGTGCGATG",10
"GACTACACAATCAGAA",85
"GACTACACAATGGTCT",8
"GACTACACACGAGGTA",4
"GACTACACAGTATGCT",59
"GACTACACAGTGACAG",51
"GACTACACAGTTCATG",50
"GACTACACATCTATGG",32
"GACTACACATGCAACT",48
"GACTACACATGCTGGC",12
"GACTACAGTAGAGGAA",18
"GACTACAGTCCTCTTG",33
"GACTACAGTCTAGCCG",65
"GACTACAGTTCAGACT",58
"GACTACAGTTTAAGCC",19
"GACTACATCACGCGGT",93
"GACTACATCAGTGTTG",6
"GACTACATCATGTAGC",18
"GACTACATCCGCAGTG",75
"GACTACATCGCATGAT",54
"GACTACATCGCTAGCG",90
"GACTACATCGGTCCGA",1000
"GACTACATCTGATTCT",50
"GACTACATCTGCCCTA",94
"GACTGCGAGCCTTGAT",75
"GACTGCGAGTACGCGA",50
"GACTGCGAGTGTACTC",36
"GACTGCGCAAGAGTCG",59
"GACTGCGCACCGATAT",91
"GACTGCGCACCGCTAG",69
"GACTGCGCACGTTGGC",13
"GACTGCGCAGCTGGCT",94
"GACTGCGCATCGGGTC",56
"GACTGCGGTAAGTAGT",13
"GACTGCGGTAGCTAAA",1000
"GACTGCGGTCGCGAAA",66
"GACTGCGGTCTACCTC",13
"GACTGCGGTGTTTGGT",14
"GACTGCGGTTCCATGA",62
"GACTGCGGTTCGCTAA",88
"GACTGCGTCACTGGGC",6
"GACTGCGTCAGTTCGA",13
"GACTGCGTCCACGTGG",80
"GACTGCGTCGAGGTAG",68
"GACTGCGTCGCTGATA",30
"GACTGCGTCTTCATGT",20
"GAGCAGAAGAAAGTGG",1000
"GAGCAGAAGAACTCGG",74
"GAGCAGAAGATACACA",1
"GAGCAGAAGCCCGAAA",1000
"GAGCAGAAGTGACTCT",27
"GAGCAGACAAGTAGTA",13
"GAGCAGACACCAGGTC",39
"GAGCAGACACCATGTA",70
"GAGCAGACACGAGGTA",51
"GAGCAGACAGACGTAG",39
"GAGCAGACAGTAAGAT",27
"GAGCAGACATAGAAAC",5
"GAGCAGACATCACCCT",38
"GAGCAGAGTAAATGTG",51
"GAGCAGAGTATGGTTC",10
"GAGCAGAGTATTCTCT",62
"GAGCAGAGTCGCGAAA",19
"GAGCAGAGTTACCAGT",68
"GAGCAGATCACGAAGG",2
"GAGCAGATCCATGCTC",32
"GAGCAGATCCGTTGTC",48
"GAGCAGATCGTCTGAA",19
"GAGCAGATCTACTCAT",48
"GAGCAGATCTGAAAGA",27
"GAGCAGATCTGCGACG",91
"GAGCAGATCTGCTTGC",80
"GAGCAGATCTTGTCAT",68
"GAGGTGAAGACACTAA",3
"GAGGTGAAGATCCTGT",1
"GAGGTGAAGGCAATTA",55
"GAGGTGAAGGGCATGT",88
"GAGGTGAAGGGTTCCC",58
"GAGGTGAAGTGAATTG",42
"GAGGTGACAAGAGTCG",13
"GAGGTGACAATGTTGC",20
"GAGGTGACACAACTGT",24
"GAGGTGACACGTTGGC",75
"GAGGTGACATCCCATC",28
"GAGGTGACATTTGCCC",50
"GAGGTGAGTCCATCCT",94
"GAGGTGAGTCTAACGT",37
"GAGGTGAGTCTCATCC",27
"GAGGTGAGTGGTCCGT",92
"GAGGTGAGTGTGACCC",30
"GAGGTGAGTGTTTGGT",58
"GAGGTGAGTTAAAGTG",20
"GAGGTGAGTTAAGTAG",20
"GAGGTGAGTTCCCTTG",11
"GAGGTGAGTTTGACTG",23
"GAGGTGATCAACCAAC",92
"GAGGTGATCCTGTAGA",33
"GAGGTGATCGGAAATA",50
"GAGGTGATCGGAATCT",59
"GAGGTGATCGGAGGTA",29
"GAGGTGATCTATCCTA",20
"GAGGTGATCTCTTATG",86
"GAGTCCGAGAAACCTA",53
"GAGTCCGAGAGACTAT",93
"GAGTCCGAGCCGATTT",69
"GAGTCCGCAAGCTGTT",69
"GAGTCCGCAAGTCATC",38
"GAGTCCGCAAGTTAAG",86
"GAGTCCGCAATCCAAC",59
"GAGTCCGCACATAACC",28
"GAGTCCGCACTTCTGC",94
"GAGTCCGGTCTCTTAT",30
"GAGTCCGGTTAAAGAC",69
"GAGTCCGTCATCGATG",31
"GAGTCCGTCATCTGCC",46
"GAGTCCGTCCGAGCCA",7
"GAGTCCGTCCGGGTGT",59
"GAGTCCGTCGCATGGC",10
"GAGTCCGTCGCCAAAT",66
"GAGTCCGTCGGATGGA",20
"GAGTCCGTCGTAGGTT",56
"GAGTCCGTCGTGACAT",13
"GAGTCCGTCGTTTAGG",10
"GAGTCCGTCTGCGGCA",18
"GATCAGTAGAAGATTC",74
"GATCAGTAGACAGAGA",13
"GATCAGTAGAGACTTA",54
"GATCAGTAGCGCCTTG",1000
"GATCAGTAGGACCACA",19
"GATCAGTAGGTCATCT",5
"GATCAGTAGGTGTGGT",69
"GATCAGTCAAAGCGGT",10
"GATCAGTCAAGCCGCT",66
"GATCAGTCACACATGT",85
"GATCAGTCACTTAACG",51
"GATCAGTGTACAGTGG",39
"GATCAGTGTATAATGG",16
"GATCAGTGTATAGTAG",94
"GATCAGTGTATTACCG",86
"GATCAGTGTCCAGTGC",54
"GATCAGTGTCGACTAT",56
"GATCAGTGTGAACCTT",1000
"GATCAGTGTGACGCCT",6
"GATCAGTTCCAAACTG",57
"GATCAGTTCCGCATAA",41
"GATCAGTTCGCTGATA",74
"GATCAGTTCGGCGCTA",94
"GATCAGTTCTCGTATT",15
"GATCAGTTCTGCAAGT",94
"GATCGATAGAGGGATA",19
"GATCGATAGCCGTCGT",52
"GATCGATAGGACTGGT",88
"GATCGATAGGGTGTTG",51
"GATCGATAGTAGATGT",54
"GATCGATAGTGGGTTG",1
"GATCGATAGTTACGGG",90
"GATCGATCAATGTAAG",2
"GATCGATCACATGACT",8
"GATCGATCATCATCCC",49
"GATCGATCATGTAGTC",93
"GATCGATGTACAAGTA",30
"GATCGATGTACACCGC",20
"GATCGATGTACATGTC",32
"GATCGATGTAGCGATG",30
"GATCGATGTCCCGACA",38
"GATCGATGTCTAGTCA",24
"GATCGATGTCTCATCC",38
"GATCGATTCAATAAGG",56
"GATCGATTCACAATGC",36
"GATCGATTCACCATAG",1000
"GATCGATTCACTTCAT",9
"GATCGATTCGACCAGC",75
"GATCGATTCGCCATAA",93
"GATCGATTCTCTGTCG",17
"GATCGATTCTGTGCAA",15
"GATCGCGAGATGGCGT",91
"GATCGCGAGGCAATTA",2
"GATCGCGAGGCCATAG",14
"GATCGCGAGGGCATGT",27
"GATCGCGCAATCCGAT",68
"GATCGCGCACATAACC",25
"GATCGCGCACCAACCG",3
"GATCGCGCACCATCCT",37
"GATCGCGCACCTTGTC",1000
"GATCGCGCAGAAGCAC",0
"GATCGCGCAGCTTAAC",79
"GATCGCGCAGCTTCGG",94
"GATCGCGCATCATCCC",53
"GATCGCGCATTTCACT",10
"GATCGCGGTAAATGTG",27
"GATCGCGGTAGCGCAA",37
"GATCGCGGTGCAGGTA",69
"GATCGCGGTTGCGCAC",25
"GATCGCGGTTGCTCCT",74
"GATCGCGGTTTGACTG",11
"GATCGCGTCCCGACTT",39
"GATCGCGTCCCTAATT",21
"GATCGCGTCCTAAGTG",52
"GATCGCGTCCTAGGGC",79
"GATCGCGTCGTCACGG",19
"GATCGTAAGACAGGCT",14
"GATCGTAAGATATACG",83
"GATCGTAAGATGAGAG",79
"GATCGTAAGCGGATCA",48
"GATCGTAAGGCGATAC",21
"GATCGTAAGGGTGTGT",50
"GATCGTAAGTACGCGA",58
"GATCGTAAGTGAACGC",79
"GATCGTACAAACTGTC",40
"GATCGTACAAAGGAAG",66
"GATCGTACAGACAAGC",14
"GATCGTACAGTTCCCT",39
"GATCGTACATCCGTGG",20
"GATCGTAGTACCGTAT",36
"GATCGTAGTATGAAAC",0
"GATCGTAGTGGTCCGT",1000
"GATCGTAGTTAAGTAG",39
"GATCGTATCAGAGCTT",8
"GATCGTATCATTGCGA",64
"GATCGTATCCAGGGCT",10
"GATCGTATCGCACTCT",51
"GATCGTATCGTCCGTT",36
"GATCGTATCGTCGTTC",9
"GATCGTATCTCTGCTG",2
"GATCGTATCTTACCTA",20
"GATCTAGAGAATCTCC",9
"GATCTAGAGACATAAC",32
"GATCTAGAGCGTTTAC",21
"GATCTAGAGGCTCATT",20
"GATCTAGCAAGGACTG",7
"GATCTAGCAATCAGAA",2
"GATCTAGCACATGTGT",39
"GATCTAGCACCTATCC",22
"GATCTAGCACGACGAA",13
"GATCTAGCAGAAGCAC",75
"GATCTAGCAGCCAGAA",82
"GATCTAGCAGTAGAGC",81
"GATCTAGCAGTCCTTC",65
"GATCTAGCATCTACGA",21
"GATCTAGCATGCGCAC",87
"GATCTAGGTAACGTTC",1000
"GATCTAGGTCTCTTAT",36
"GATCTAGGTGGCTCCA",82
"GATCTAGGTGTAACGG",87
"GATCTAGGTTGGTTTG",25
"GATCTAGTCAACACCA",19
"GATCTAGTCATGCAAC",66
"GATCTAGTCATGCATG",10
"GATCTAGTCATGTGGT",80
"GATCTAGTCGTTACAG",81
"GATGAAAAGACTCGGA",66
"GATGAAAAGCATGGCA",8
"GATGAAAAGCCAGTAG",79
"GATGAAAAGCCCAACC",65
"GATGAAAAGTAGTGCG",55
"GATGAAAAGTCGAGTG",59
"GATGAAAAGTTGAGAT",47
"GATGAAACAACTGCTA",79
"GATGAAACAAGAAAGG",19
"GATGAAACAGCGATCC",91
"GATGAAACAGCTTCGG",48
"GATGAAACATACCATG",38
"GATGAAACATCACAAC",6
"GATGAAACATCATCCC",1000
"GATGAAAGTACAAGTA",42
"GATGAAAGTCCGAGTC",3
"GATGAAAGTTCCACGG",45
"GATGAAAGTTCTGTTT",56
"GATGAAATCAAGGCTT",27
"GATGAAATCACTCTTA",1
"GATGAAATCCCAAGTA",78
"GATGAAATCCTTTACA",55
"GATGAAATCCTTTCGG",59
"GATGAAATCGCAAGCC",21
"GATGAAATCGCATGAT",93
"GATGAAATCTACCAGA",43
"GATGAGGAGAATTGTG",4
"GATGAGGAGACAAAGG",44
"GATGAGGAGACTGTAA",58
"GATGAGGAGATAGGAG",91
"GATGAGGAGATATGGT",9
"GATGAGGAGATCCCAT",39
"GATGAGGAGGAATGGA",6
"GATGAGGAGTGAACGC",94
"GATGAGGAGTGGTAGC",90
"GATGAGGAGTTAGGTA",3
"GATGAGGCAAGCGAGT",14
"GATGAGGCACAGGTTT",27
"GATGAGGCACATAACC",1000
"GATGAGGCAGCGTTCG",95
"GATGAGGCATCGACGC",77
"GATGAGGCATCGGGTC",30
"GATGAGGCATGTCTCC",54
"GATGAGGGTACCGAGA",38
"GATGAGGGTACGCTGC",23
"GATGAGGGTCCGTTAA",46
"GATGAGGGTCTCCACT",15
"GATGAGGGTGGACGAT",58
"GATGAGGGTGGCGAAT",91
"GATGAGGGTTACGACT",92
"GATGAGGTCAAGCCTA",74
"GATGAGGTCACCTCGT",55
"GATGAGGTCCAGTAGT",24
"GATGAGGTCGAACGGA",19
"GATGAGGTCGCCATAA",1
"GATGAGGTCTGACCTC",30
"GATGAGGTCTGGCGTG",31
"GATGAGGTCTTCTGGC",51
"GATGAGGTCTTGTCAT",1000
"GATGCTAAGAGACGAA",27
"GATGCTAAGATCTGAA",69
"GATGCTAAGCTGAAAT",87
"GATGCTAAGGCCCTCA",21
"GATGCTAAGGTGCAAC",1000
"GATGCTAAGTGCCAGA",72
"GATGCTAAGTTACGGG",69
"GATGCTACATCATCCC",20
"GATGCTACATGCGCAC",16
"GATGCTAGTAAGGGAA",75
"GATGCTAGTACATCCA",13
"GATGCTAGTAGGCTGA",81
"GATGCTAGTAGTAGTA",85
"GATGCTAGTATCGCAT",26
"GATGCTAGTCCCTACT",74
"GATGCTAGTGACTACT",51
"GATGCTAGTGTTGAGG",59
"GATGCTATCACTCCTG",92
"GATGCTATCCACGTGG",10
"GATGCTATCCATTCTA",30
"GATGCTATCGTACGGC",15
"GATGCTATCGTTACAG",19
"GATGCTATCTTTACGT",3
"GATTCAGAGAACTCGG",55
"GATTCAGAGCAGCCTC",85
"GATTCAGAGCAGCGTA",29
"GATTCAGAGCCACGTC",81
"GATTCAGAGCCATCGC",93
"GATTCAGAGCGCCTTG",30
"GATTCAGAGCTACCTA",66
"GATTCAGAGGAATTAC",23
"GATTCAGAGGCCATAG",25
"GATTCAGAGGTCGGAT",15
"GATTCAGAGTCCGGTC",1000
"GATTCAGCAATAGCGG",20
"GATTCAGCACAAGCCC",9
"GATTCAGCACGGTAGA",8
"GATTCAGCAGCGTAAG",55
"GATTCAGCAGTCAGCC",64
"GATTCAGCATCCGTGG",30
"GATTCAGGTACCATCA",25
"GATTCAGGTCTGATTG",27
"GATTCAGGTGCTAGCC",1000
"GATTCAGGTTGGACCC",13
"GATTCAGTCACGCATA",29
"GATTCAGTCACTCTTA",77
"GATTCAGTCCACTCCA",75
"GATTCAGTCCTGCTTG",42
"GATTCAGTCGCATGAT",55
"GATTCAGTCGGCTTGG",16
"GATTCAGTCTGATTCT",53
"GCAAACTAGACCTTTG",74
"GCAAACTAGACTTTCG",37
"GCAAACTAGATCACGG",8
"GCAAACTAGATGTCGG",8
"GCAAACTAGCCACGCT",93
"GCAAACTAGCCATCGC",42
"GCAAACTAGCTGAACG",0
"GCAAACTAGGCAAAGA",10
"GCAAACTAGGGTCGAT",43
"GCAAACTCAAATTGCC",31
"GCAAACTCAATGACCT",76
"GCAAACTCACGAGGTA",85
"GCAAACTCAGACACTT",94
"GCAAACTCAGACGCCT",3
"GCAAACTCAGCCAGAA",75
"GCAAACTCAGCTTAAC",32
"GCAAACTCAGGTCGTC",48
"GCAAACTGTCATACTG",86
"GCAAACTGTCTAAAGA",8
"GCAAACTGTGATAAGT",7
"GCAAACTGTTCCGTCT",29
"GCAAACTGTTCCTCCA",59
"GCAAACTTCATGCAAC",74
"GCAAACTTCCCAGGTG",85
"GCAAACTTCGAGAACG",82
"GCAATCAAGACTCGGA",69
"GCAATCAAGCGTGAAC",39
"GCAATCAAGGCGACAT",14
"GCAATCAAGGGTGTTG",54
"GCAATCAAGTGGTCCC",3
"GCAATCACAACGCACC",43
"GCAATCACAAGCCCAC",43
"GCAATCACACGGTAGA",96
"GCAATCACAGCCACCA",1000
"GCAATCACATCACAAC",37
"GCAATCAGTAACGTTC",6
"GCAATCAGTAATCGTC",21
"GCAATCAGTACAAGTA",19
"GCAATCAGTCAGATAA",86
"GCAATCAGTCCCGACA",39
"GCAATCAGTGAAAGAG",9
"GCAATCAGTGGTAACG",74
"GCAATCAGTTATGCGT",6
"GCAATCAGTTGGTGGA",12
"GCAATCATCAAACCGT",87
"GCAATCATCAAAGACA",87
"GCAATCATCAGCGATT",36
"GCAATCATCATGCTCC",30
"GCAATCATCCGCTGTT",28
"GCAATCATCGCGTTTC",77
"GCAATCATCGTATCAG",54
"GCAATCATCTATCCCG",1
"GCAATCATCTGTCCGT",0
"GCACATAAGAAGGTTT",91
"GCACATAAGAGAGCTC",44
"GCACATAAGCCGATTT",54
"GCACATAAGCTCCCAG",88
"GCACATAAGGCCATAG",50
"GCACATAAGGGAACGG",39
"GCACATAAGGGTTCCC",94
"GCACATAAGTTGAGTA",31
"GCACATACAAAGGAAG",48
"GCACATACAACCGCCA",88
"GCACATACAACGATCT",40
"GCACATAGTACATGTC",81
"GCACATAGTATCACCA",39
"GCACATAGTCACAAGG",85
"GCACATAGTCCTCCAT",51
"GCACATAGTGACGCCT",9
"GCACATAGTTCAGACT",37
"GCACATAGTTGCCTCT",75
"GCACATATCAGGCCCA",13
"GCACATATCAGTTAGC",19
"GCACATATCCAAACTG",87
"GCACATATCGGAAACG",3
"GCACATATCGTAGATC",75
"GCACATATCGTGTAGT",74
"GCACTCTAGAGACGAA",86
"GCACTCTAGATCCGAG",5
"GCACTCTAGCCATCGC",88
"GCACTCTAGCGAGAAA",82
"GCACTCTAGGCTACGA",35
"GCACTCTAGTGATCGG",59
"GCACTCTAGTTAGGTA",41
"GCACTCTAGTTGCAGG",94
"GCACTCTCAATAGCGG",12
"GCACTCTCACAAGCCC",54
"GCACTCTCACATCCAA",13
"GCACTCTCACATGACT",65
"GCACTCTCACCTCGGA",58
"GCACTCTCACTTCGAA",30
"GCACTCTCAGTCAGCC",87
"GCACTCTGTAAATGTG",89
"GCACTCTGTACATCCA",7
"GCACTCTGTATTACCG",13
"GCACTCTGTCGAGATG",92
"GCACTCTGTCTCACCT",81
"GCACTCTGTCTTCTCG",21
"GCACTCTGTGCGGTAA",94
"GCACTCTGTTCGGCAC",32
"GCACTCTTCCGAATGT",69
"GCACTCTTCCGCAGTG",33
"GCACTCTTCGGGAGTA",45
"GCACTCTTCTGATACG",92
"GCACTCTTCTGCTGCT",39
"GCAGCCAAGATGGCGT",1000
"GCAGCCAAGCAGACTG",59
"GCAGCCAAGCCGCCTA",1
"GCAGCCAAGGAGTTTA",57
"GCAGCCAAGGCGACAT",68
"GCAGCCAAGTGCAAGC",50
"GCAGCCAAGTGCGATG",73
"GCAGCCACAATCTACG",45
"GCAGCCACAATCTGCA",3
"GCAGCCACAATGGAAT",30
"GCAGCCACACATCCAA",76
"GCAGCCACAGTATGCT",63
"GCAGCCACATACAGCT",1000
"GCAGCCACATGGTTGT",62
"GCAGCCAGTAAACGCG",27
"GCAGCCAGTCAAACTC",1
"GCAGCCAGTCGAAAGC",13
"GCAGCCAGTGAAAGAG",75
"GCAGCCAGTGACGCCT",87
"GCAGCCAGTGTGAATA",56
"GCAGCCAGTTACGTCA",3
"GCAGCCAGTTCCACAA",95
"GCAGCCAGTTTGACAC",15
"GCAGCCATCAACACTG",84
"GCAGCCATCCGTACAA",9
"GCAGCCATCCGTTGTC",55
"GCAGCCATCGGTGTCG",1
"GCAGCCATCTCGGACG",51
"GCAGCCATCTTGCAAG",13
"GCAGTTAAGAAACCTA",88
"GCAGTTAAGACGCAAC",62
"GCAGTTAAGAGACGAA",75
"GCAGTTAAGCCGGTAA",93
"GCAGTTAAGCCGTCGT",35
"GCAGTTAAGGTGCACA",22
"GCAGTTAAGGTGCTAG",92
"GCAGTTAAGTCGTTTG",32
"GCAGTTACAAGCGAGT",92
"GCAGTTACACACATGT",86
"GCAGTTACACATTAGC",48
"GCAGTTACAGGATCGA",11
"GCAGTTACATAACCTG",23
"GCAGTTACATGCATGT",84
"GCAGTTAGTACCATCA",54
"GCAGTTAGTACCGCTG",66
"GCAGTTAGTCAGAAGC",92
"GCAGTTAGTGCCTGGT",67
"GCAGTTAGTGCTGTAT",76
"GCAGTTAGTGTGACGA",9
"GCAGTTAGTTAAGATG",32
"GCAGTTAGTTGACGTT",76
"GCAGTTATCTTCATGT",20
"GCAGTTATCTTGCCGT",36
"GCATACAAGATGGGTC",3
"GCATACAAGATGTAAC",1000
"GCATACAAGCCGGTAA",26
"GCATACAAGCTCCTTC",85
"GCATACAAGGATGCGT",60
"GCATACAAGGGATACC",20
"GCATACAAGGGTTCCC",86
"GCATACAAGTGAACGC",31
"GCATACAAGTGTGAAT",1000
"GCATACAAGTTGTAGA",66
"GCATACACAACACGCC",38
"GCATACACAAGGACTG",13
"GCATACACACGAAATA",62
"GCATACACAGCGATCC",43
"GCATACACAGCTGCTG",13
"GCATACACAGGATTGG",28
"GCATACACAGGGTATG",81
"GCATACACAGTATAAG",6
"GCATACACATCCTAGA",1000
"GCATACACATCGGTTA",50
"GCATACAGTAGAAAGG",1
"GCATACAGTAGAGGAA",80
"GCATACAGTAGCAAAT",75
"GCATACAGTCAAAGCG",85
"GCATACAGTCGGGTCT",86
"GCATACAGTTGTGGCC",30
"GCATACATCACATAGC",87
"GCATACATCACATGCA",92
"GCATACATCGGTTAAC",1
"GCATACATCTTCCTTC",9
"GCATGATAGACAGAGA",58
"GCATGATAGAGGTTGC",87
"GCATGATAGCTAAACA",14
"GCATGATAGCTAACTC",21
"GCATGATAGGATGTAT",76
"GCATGATAGGGATCTG",8
"GCATGATAGTAGGTGC",92
"GCATGATAGTCTTGCA",76
"GCATGATAGTGCCAGA",83
"GCATGATAGTTGCAGG",50
"GCATGATCACAGCCCA",60
"GCATGATCACATTTCT",68
"GCATGATCACTAGTAC",32
"GCATGATCATGCTGGC",87
"GCATGATGTCAGAAGC",59
"GCATGATGTCGCATAT",80
"GCATGATGTTACGGAG",59
"GCATGATGTTCCACTC",72
"GCATGATGTTTGCATG",33
"GCATGATTCAGAAATG",74
"GCATGATTCAGAGCTT",13
"GCATGATTCATCGATG",51
"GCATGATTCATTGCGA",59
"GCATGATTCGGCATCG",1
"GCATGATTCGTAGGTT",56
"GCATGCGAGAAACGCC",93
"GCATGCGAGATGTCGG",68
"GCATGCGAGCCGGTAA",0
"GCATGCGAGCTGATAA",75
"GCATGCGAGGTGATAT",79
"GCATGCGAGGTGTTAA",79
"GCATGCGAGTATCTCG",39
"GCATGCGAGTCATGCT",29
"GCATGCGAGTGACATA",74
"GCATGCGAGTGTTAGA",79
"GCATGCGCAAACAACA",15
"GCATGCGCAAGCCGTC",38
"GCATGCGCAATCAGAA",47
"GCATGCGCACACCGAC",35
"GCATGCGCACATTCGA",69
"GCATGCGCAGTATGCT",7
"GCATGCGCATCGATGT",8
"GCATGCGGTAACGACG",47
"GCATGCGGTAAGTGGC",33
"GCATGCGGTAGAGGAA",10
"GCATGCGGTCATCGGC",54
"GCATGCGGTCATGCAT",54
"GCATGCGGTGATAAAC",1
"GCATGCGGTGCACTTA",46
"GCATGCGGTTAAGAAC",51
"GCATGCGGTTCACCTC",88
"GCATGCGTCAACACGT",19
"GCATGCGTCACCCGAG",79
"GCATGCGTCCGAGCCA",30
"GCATGCGTCGACCAGC",8
"GCATGCGTCGTGGTCG",11
"GCATGCGTCTAACTTC",92
"GCATGCGTCTACTTAC",63
"GCATGCGTCTCCAGGG",35
"GCATGCGTCTGCGTAA",13
"GCATGTAAGACCGGAT",7
"GCATGTAAGACTTTCG",94
"GCATGTAAGATCCCAT",10
"GCATGTAAGCCGATTT",51
"GCATGTAAGCTAGTGG",8
"GCATGTAAGGCTACGA",59
"GCATGTAAGTGTACTC",20
"GCATGTACAAATCCGT",74
"GCATGTACAAGAGTCG",81
"GCATGTACAATCCGAT",92
"GCATGTACACACAGAG",3
"GCATGTACACAGACTT",12
"GCATGTACAGCGAACA",50
"GCATGTACATTCCTGC",15
"GCATGTAGTACAGTTC",58
"GCATGTAGTATGGTTC",91
"GCATGTAGTCAACTGT",15
"GCATGTAGTCCAGTTA",7
"GCATGTAGTCTCTCTG",59
"GCATGTAGTGATAAGT",26
"GCATGTAGTTACGGAG",92
"GCATGTAGTTCGTTGA",44
"GCATGTATCACCGTAA",71
"GCATGTATCCAAAGTC",82
"GCATGTATCCAGATCA",79
"GCATGTATCCGCGCAA",51
"GCATGTATCGATAGAA",20
"GCATGTATCGGAGCAA",74
"GCATGTATCTCCAGGG",39
"GCATGTATCTTTACAC",31
"GCCAAATAGAATCTCC",19
"GCCAAATAGATCTGAA",37
"GCCAAATAGCCCAGCT",78
"GCCAAATAGCTACCGC",32
"GCCAAATAGCTCAACT",86
"GCCAAATAGTAGATGT",64
"GCCAAATAGTCCAGGA",10
"GCCAAATAGTCGCCGT",93
"GCCAAATAGTGTCCCG",80
"GCCAAATAGTGTTAGA",48
"GCCAAATCAAACAACA",27
"GCCAAATCAATGGTCT",38
"GCCAAATCACCATCCT",93
"GCCAAATCAGATCGGA",1000
"GCCAAATCAGCTTCGG",13
"GCCAAATCATCTACGA",83
"GCCAAATGTCACAAGG",96
"GCCAAATGTGCACGAA",79
"GCCAAATGTGCTCTTC",37
"GCCAAATGTGTGAATA",40
"GCCAAATGTGTTAAGA",83
"GCCAAATGTTCATGGT",68
"GCCAAATGTTGAGTTC",41
"GCCAAATTCACTTACT",54
"GCCAAATTCCCAACGG",59
"GCCAAATTCCCGACTT",66
"GCCAAATTCTCCGGTT",13
"GCCAAATTCTGTCCGT",79
"GCCAAATTCTTACCTA",8
"GCCTCTAAGAACTCGG",54
"GCCTCTAAGACAGACC",14
"GCCTCTAAGACGCAAC",14
"GCCTCTAAGCTTATCG",9
"GCCTCTAAGGACAGCT",13
"GCCTCTAAGGCTAGGT",75
"GCCTCTAAGTAGCGGT",83
"GCCTCTAAGTGTACCT",21
"GCCTCTACAACGATCT",59
"GCCTCTACAAGCGTAG",69
"GCCTCTACAATCGAAA",38
"GCCTCTACACGAAAGC",59
"GCCTCTACACGACTCG",65
"GCCTCTACACTTAAGC",19
"GCCTCTACATAAGACA",13
"GCCTCTACATGAGCGA",74
"GCCTCTAGTAAACACA",39
"GCCTCTAGTACCAGTT",11
"GCCTCTAGTCAACTGT",2
"GCCTCTAGTCCGAATT",73
"GCCTCTAGTGCAACTT",17
"GCCTCTAGTGTGACGA",50
"GCCTCTAGTTACAGAA",86
"GCCTCTATCAGGATCT",22
"GCCTCTATCATTTGGG",93
"GCCTCTATCGGTCTAA",82
"GCCTCTATCGTCCGTT",11
"GCCTCTATCTGCGTAA",19
"GCCTCTATCTGGAGCC",2
"GCCTCTATCTTCGGTC",42
"GCCTCTATCTTGACGA",29
"GCGACCAAGACTGGGT",56
"GCGACCAAGATGGCGT",59
"GCGACCAAGCCGTCGT",31
"GCGACCAAGCGATGAC",85
"GCGACCAAGTGTACCT",75
"GCGACCAAGTTAGGTA",59
"GCGACCACAAAGAATC",38
"GCGACCACAAGCCTAT",25
"GCGACCACAAGGACTG",63
"GCGACCACAATAGCGG",42
"GCGACCACACTAGTAC",9
"GCGACCACAGACTCGC",44
"GCGACCACAGTGACAG",43
"GCGACCACATCTGGTA",77
"GCGACCACATTTCACT",68
"GCGACCAGTAGCGTGA",21
"GCGACCAGTAGCTGCC",3
"GCGACCAGTAGCTTGT",86
"GCGACCAGTGATAAGT",34
"GCGACCAGTGTAACGG",92
"GCGACCAGTTCACGGC",80
"GCGACCAGTTCAGTAC",96
"GCGACCAGTTGAGTTC",40
"GCGACCATCAACGAAA",93
"GCGACCATCACTATTC",7
"GCGACCATCAGCTCTC",42
"GCGACCATCGCACTCT",19
"GCGACCATCTGTACGA",59
"GCGAGAAAGACCCACC",17
"GCGAGAAAGATCACGG",93
"GCGAGAAAGGAGTCTG",15
"GCGAGAAAGGGAAACA",36
"GCGAGAAAGTCGAGTG",90
"GCGAGAACAAGGGTCA",39
"GCGAGAACACGAGAGT",38
"GCGAGAACACTTCTGC",64
"GCGAGAACATACGCCG",1
"GCGAGAACATCCTAGA",17
"GCGAGAACATCTACGA",51
"GCGAGAACATGGTCAT",1000
"GCGAGAAGTACTCTCC",50
"GCGAGAAGTACTTGAC",10
"GCGAGAAGTCAGAATA",87
"GCGAGAAGTCCCGACA",58
"GCGAGAAGTCGAGATG",62
"GCGAGAAGTGTTTGGT",2
"GCGAGAAGTTCCAACA",50
"GCGAGAAGTTCGTCTC",75
"GCGAGAAGTTCGTTGA",39
"GCGAGAATCAGCTGGC",68
"GCGAGAATCCTATTCA",80
"GCGAGAATCCTTTCTC",10
"GCGAGAATCTTCGAGA",40
"GCGCAACAGAAACGAG",79
"GCGCAACAGACCACGA",31
"GCGCAACAGGACGAAA",85
"GCGCAACAGGCAATTA",14
"GCGCAACAGTTAACGA",39
"GCGCAACCAAAGGTGC",79
"GCGCAACCACCTTGTC",1000
"GCGCAACCACGGTTTA",67
"GCGCAACCATAACCTG",14
"GCGCAACCATCACGTA",51
"GCGCAACCATTGCGGC",39
"GCGCAACGTAACGTTC",21
"GCGCAACGTCACACGC",1000
"GCGCAACGTCGCTTCT",17
"GCGCAACGTCTGCCAG",1000
"GCGCAACGTGAACCTT",80
"GCGCAACGTGGCTCCA",80
"GCGCAACGTTACGCGC",15
"GCGCAACTCCTTGGTC",74
"GCGCAACTCGAACGGA",33
"GCGCAACTCGTTACGA",50
"GCGCAACTCGTTTAGG",79
"GCGCAACTCTGCGACG",59
"GCGCAACTCTTAACCT",86
"GCGCAGTAGACAAAGG",20
"GCGCAGTAGATGGCGT",38
"GCGCAGTAGCTAACAA",10
"GCGCAGTAGGCTATCT",38
"GCGCAGTAGGTAAACT",30
"GCGCAGTAGGTGATTA",83
"GCGCAGTAGTCATGCT",56
"GCGCAGTCAAAGTCAA",31
"GCGCAGTCAAGTACCT",1000
"GCGCAGTCACACAGAG",59
"GCGCAGTCACCCTATC",77
"GCGCAGTCACGGTGTC",78
"GCGCAGTGTAACGACG",87
"GCGCAGTGTATTAGCC",39
"GCGCAGTGTCCAGTGC",58
"GCGCAGTGTCTTCAAG",22
"GCGCAGTGTCTTGCGG",66
"GCGCAGTGTGGCGAAT",50
"GCGCAGTGTGTGGTTT",92
"GCGCAGTGTTAAAGTG",0
"GCGCAGTGTTAGGGTG",43
"GCGCAGTGTTGAGGTG",28
"GCGCAGTTCACTTCAT",74
"GCGCAGTTCAGAGCTT",54
"GCGCAGTTCCGTTGTC",75
"GCGCAGTTCGGAAACG",75
"GCGCAGTTCTAACTTC",40
"GCGCAGTTCTCTGAGA",74
"GCGCAGTTCTTGCATT",44
"GCGCAGTTCTTGCCGT",54
"GCGCCAAAGACGCTTT",13
"GCGCCAAAGACTTGAA",13
"GCGCCAAAGATGTCGG",35
"GCGCCAAAGCGCTCCA",45
"GCGCCAAAGGGCTTGA",71
"GCGCCAAAGGTGCTTT",20
"GCGCCAAAGTACATGA",94
"GCGCCAAAGTTCGCGC",8
"GCGCCAACAAGGTTTC",11
"GCGCCAACAATCCAAC",62
"GCGCCAACACAGGTTT",85
"GCGCCAACACCCATGG",54
"GCGCCAACAGATCGGA",93
"GCGCCAACAGCTTAAC",33
"GCGCCAACAGGAACGT",7
"GCGCCAACATCGGTTA",0
"GCGCCAAGTCTAAACC",59
"GCGCCAAGTGGCAAAC",92
"GCGCCAAGTGGGTATG",28
"GCGCCAAGTTCCCTTG",75
"GCGCCAATCAGATAAG",13
"GCGCCAATCCTGCAGG",87
"GCGCCAATCGCTAGCG",65
"GCGCGATAGACAAAGG",54
"GCGCGATAGCCAGAAC",50
"GCGCGATAGCGAGAAA",64
"GCGCGATAGCTAGTCT",32
"GCGCGATAGGCATTGG",51
"GCGCGATCAGCCAATT",53
"GCGCGATCATACTACG",74
"GCGCGATCATCGATTG",59
"GCGCGATCATGAAGTA",3
"GCGCGATCATGCTAGT",92
"GCGCGATGTACCGTAT",18
"GCGCGATGTCAGAATA",42
"GCGCGATGTCGTTGTA",5
"GCGCGATGTGTAACGG",47
"GCGCGATGTTATGCGT",64
"GCGCGATGTTCGCGAC",18
"GCGCGATTCAATAAGG",85
"GCGCGATTCCCTTGTG",27
"GCGCGATTCGCCAGCA",81
"GCGCGATTCGGTGTCG",59
"GCGCGATTCTGATACG",3
"GCGCGATTCTGCAAGT",26
"GCGGGTTAGAGCTGCA",10
"GCGGGTTAGATAGCAT",22
"GCGGGTTAGATGAGAG",30
"GCGGGTTAGATGTAAC",51
"GCGGGTTAGCACACAG",1000
"GCGGGTTAGCTAGCCC",91
"GCGGGTTAGCTCTCGG",80
"GCGGGTTAGGCCCTTG",66
"GCGGGTTAGTTTCCTT",23
"GCGGGTTCATCACCCT",58
"GCGGGTTCATCGGAAG",20
"GCGGGTTGTGAGTGAC",38
"GCGGGTTGTGTGTGCC",59
"GCGGGTTTCAACTCTT",35
"GCGGGTTTCACAGTAC",21
"GCGGGTTTCCACGAAT",21
"GCGGGTTTCTGTTTGT",3
"GCGGGTTTCTTGGGTA",94
"GCTCCTAAGAGAACAG",74
"GCTCCTAAGATGTGGC",85
"GCTCCTAAGCGAAGGG",51
"GCTCCTAAGGGTCGAT",15
"GCTCCTAAGGTGATAT",31
"GCTCCTAAGTGCGATG",86
"GCTCCTACAAGCGATG",0
"GCTCCTACAAGTTAAG",53
"GCTCCTACAATCTACG",51
"GCTCCTACACAACTGT",19
"GCTCCTACACACTGCG",75
"GCTCCTACACGACTCG",47
"GCTCCTACAGAGTGTG",32
"GCTCCTACAGTAGAGC",51
"GCTCCTACATCCAACA",1
"GCTCCTACATGACATC",44
"GCTCCTAGTAATCGTC",37
"GCTCCTAGTATGGTTC",77
"GCTCCTAGTGATAAAC",90
"GCTCCTAGTGCAGGTA",92
"GCTCCTAGTGTCGCTG",68
"GCTCCTAGTTAGAACA",93
"GCTCCTATCAATAAGG",80
"GCTCCTATCACCCGAG",76
"GCTCCTATCACCTTAT",86
"GCTCCTATCAGTTCGA",20
"GCTCCTATCATGGTCA",74
"GCTCCTATCCACTCCA",91
"GCTCCTATCTGTCTCG",58
"GCTCCTATCTTATCTG",65
"GCTCTGTAGACTAGAT",4
"GCTCTGTAGACTTGAA",1
"GCTCTGTAGATATACG",16
"GCTCTGTAGCCATCGC",20
"GCTCTGTAGCGTTTAC",79
"GCTCTGTAGCTAACAA",6
"GCTCTGTAGCTGCAAG",20
"GCTCTGTAGGAATCGC",30
"GCTCTGTAGTACATGA",78
"GCTCTGTAGTGAAGTT",45
"GCTCTGTAGTTAACGA",12
"GCTCTGTCAAGAAAGG",16
"GCTCTGTCAAGTACCT",20
"GCTCTGTCAATAACGA",8
"GCTCTGTCAGCTGCTG",36
"GCTCTGTCAGGGTATG",15
"GCTCTGTCATCTGGTA",26
"GCTCTGTGTCAGAGGT",13
"GCTCTGTGTCTCCCTA",57
"GCTCTGTGTTACTGAC",74
"GCTCTGTGTTATGCGT",36
"GCTCTGTGTTCAGACT",32
"GCTCTGTTCAGCTCGG",1000
"GCTCTGTTCAGCTTAG",1
"GCTCTGTTCCGTCAAA",39
"GCTCTGTTCCTTGCCA",46
"GCTCTGTTCCTTTCGG",14
"GCTCTGTTCGAGAACG",90
"GCTCTGTTCGTACGGC",25
"GCTCTGTTCGTCGTTC",21
"GCTCTGTTCGTTACGA",7
"GCTCTGTTCTACTCAT",48
"GCTCTGTTCTTGCCGT",63
"GCTGCAGAGAACAACT",43
"GCTGCAGAGAACAATC",10
"GCTGCAGAGAAGAAGC",56
"GCTGCAGAGACAATAC",9
"GCTGCAGAGACATAAC",50
"GCTGCAGAGCGACGTA",44
"GCTGCAGAGGAATCGC",86
"GCTGCAGAGGACCACA",66
"GCTGCAGAGGATATAC",85
"GCTGCAGAGGGCTTCC",40
"GCTGCAGAGTGTACCT",40
"GCTGCAGCAACTGCTA",21
"GCTGCAGCACAGACTT",59
"GCTGCAGCACTTGGAT",20
"GCTGCAGCAGACACTT",19
"GCTGCAGCAGCCTATA",30
"GCTGCAGCATAACCTG",59
"GCTGCAGCATCCGCGA",25
"GCTGCAGCATGCTGGC",51
"GCTGCAGGTACCGTAT",29
"GCTGCAGGTAGCCTAT",73
"GCTGCAGGTGTCTGAT",19
"GCTGCAGGTTGTCGCG",50
"GCTGCAGGTTTCGCTC",80
"GCTGCAGTCATTCACT",30
"GCTGCAGTCCAAAGTC",1
"GCTGCAGTCCCATTTA",20
"GCTGCAGTCCCGGATG",30
"GCTGCAGTCCTTCAAT",47
"GCTGCAGTCGCATGAT",37
"GCTGCAGTCGGAATCT",75
"GCTGCAGTCGTACGGC",81
"GCTGCAGTCGTGACAT",75
"GCTGCAGTCTCACATT",26
"GCTGCAGTCTCCCTGA",64
"GCTGCGAAGAAGCCCA",15
"GCTGCGAAGAATTGTG",13
"GCTGCGAAGACAAAGG",82
"GCTGCGAAGAGGTACC",1
"GCTGCGAAGCTCCTTC",54
"GCTGCGAAGTCGCCGT",7
"GCTGCGACAAGCCATT",67
"GCTGCGACAAGGTTTC",20
"GCTGCGACAGAAGCAC",85
"GCTGCGACAGGATTGG",79
"GCTGCGACATGAAGTA",65
"GCTGCGACATGTCGAT",3
"GCTGCGAGTCAAACTC",1000
"GCTGCGAGTGTGAAAT",0
"GCTGCGAGTTACAGAA",74
"GCTGCGAGTTGCGTTA",59
"GCTGCGATCAACACTG",59
"GCTGCGATCAGCGACC",25
"GCTGCGATCCGCATCT",71
"GCTGCGATCCTTTACA",1000
"GCTGCGATCGCGCCAA",91
"GCTGCGATCGTTGACA",43
"GCTGCGATCTCTGTCG",50
"GCTGCGATCTGGAGCC",1000
"GCTGCGATCTGGTGTA",3
"GCTGCGATCTGTCAAG",61
"GCTGCTTAGATGCCAG",1
"GCTGCTTAGCAGGCTA",20
"GCTGCTTAGCCTATGT",20
"GCTGCTTAGCTAGCCC",65
"GCTGCTTAGCTTATCG",77
"GCTGCTTCACATTTCT",24
"GCTGCTTCACCTATCC",51
"GCTGCTTCAGATGGCA",18
"GCTGCTTCAGCTGTGC",30
"GCTGCTTCAGGCGATA",59
"GCTGCTTCAGTATGCT",32
"GCTGCTTCATACGCTA",50
"GCTGCTTCATCCTTGC",59
"GCTGCTTGTAGAGTGC",15
"GCTGCTTGTTCAGGCC",2
"GCTGCTTGTTGAGGTG",8
"GCTGCTTGTTTAAGCC",78
"GCTGCTTTCAACACAC",31
"GCTGCTTTCACCGGGT",19
"GCTGCTTTCATGGTCA",32
"GCTGCTTTCCCTTGTG",2
"GCTGCTTTCCTGCTTG",13
"GCTGCTTTCGTAGGTT",87
"GCTGGGTAGAGATGAG",19
"GCTGGGTAGATCGATA",1000
"GCTGGGTAGCCACTAT",66
"GCTGGGTAGCCCAGCT",5
"GCTGGGTAGTGTCCAT",65
"GCTGGGTCAAATCCGT",1
"GCTGGGTCAAGCGATG",51
"GCTGGGTCACATTAGC",3
"GCTGGGTCACCGCTAG",39
"GCTGGGTCACGAAATA",60
"GCTGGGTCAGATTGCT",75
"GCTGGGTCAGGGTATG",75
"GCTGGGTCAGTATGCT",14
"GCTGGGTCATGCTGGC",75
"GCTGGGTGTACCGAGA",75
"GCTGGGTGTACCGCTG",93
"GCTGGGTGTACTCGCG",68
"GCTGGGTGTCCATGAT",63
"GCTGGGTGTCGGGTCT",32
"GCTGGGTGTCTCAACA",13
"GCTGGGTGTCTTCTCG",66
"GCTGGGTGTGGTCTCG",9
"GCTGGGTGTGTCTGAT",4
"GCTGGGTTCCAAATGC",86
"GCTGGGTTCCTTTCGG",27
"GCTGGGTTCTAAGCCA",63
"GCTTCCAAGCGCCTTG",24
"GCTTCCAAGCGTTTAC",11
"GCTTCCAAGCTAGGCA",37
"GCTTCCAAGGGCTCTC",30
"GCTTCCAAGTCAATAG",87
"GCTTCCAAGTTCCACA",86
"GCTTCCACAAGAGTCG",79
"GCTTCCACAATGGTCT",93
"GCTTCCACAGACAAGC",17
"GCTTCCACATCTACGA",93
"GCTTCCACATTATCTC",13
"GCTTCCAGTATAATGG",48
"GCTTCCAGTATATGGA",1000
"GCTTCCAGTCCAGTTA",55
"GCTTCCAGTCTGCGGT",75
"GCTTCCAGTCTTCAAG",39
"GCTTCCAGTGAGGGAG",93
"GCTTCCAGTTCGTTGA",38
"GCTTCCAGTTTGCATG",18
"GCTTCCATCACGGTTA",30
"GCTTCCATCCGTAGTA",31
"GCTTCCATCCGTTGTC",1
"GCTTCCATCCTTAATC",30
"GCTTCCATCGTCCGTT",39
"GCTTCCATCGTGGACC",14
"GCTTCCATCTCCTATA",32
"GCTTCCATCTCGAGTA",85
"GCTTCCATCTCTAAGG",54
"GCTTCCATCTTGTATC",75
"GCTTCCATCTTTACGT",85
"GCTTGAAAGAAACGCC",15
"GCTTGAAAGAAGATTC",51
"GCTTGAAAGACGCACA",48
"GCTTGAAAGATCCTGT",7
"GCTTGAAAGATCTGCT",44
"GCTTGAAAGCGGCTTC",91
"GCTTGAAAGCTAACTC",21
"GCTTGAAAGGGTTTCT",10
"GCTTGAAAGGTGATAT",1000
"GCTTGAAAGTCCATAC",60
"GCTTGAACACCGAAAG",92
"GCTTGAACAGGTGCCT",8
"GCTTGAACATGGTCTA",86
"GCTTGAAGTAGATTAG",30
"GCTTGAAGTAGCGATG",16
"GCTTGAAGTCACTTCC",93
"GCTTGAAGTGAAATCA",37
"GCTTGAAGTGTCTGAT",55
"GCTTGAAGTTGACGTT",15
"GCTTGAAGTTTAGCTG",77
"GCTTGAAGTTTGTGTG",48
"GCTTGAATCACAACGT",20
"GCTTGAATCACTCCTG",30
"GCTTGAATCAGTCCCT",1000
"GCTTGAATCATGTAGC",20
"GCTTGAATCCAAATGC",0
"GCTTGAATCCTAGGGC",19
"GCTTGAATCGCGTAGC",58
"GCTTGAATCTACTTAC",61
"GCTTGAATCTGGCGTG",10
"GCTTGAATCTGTCAAG",32
"GGAAAGCAGAAACGAG",86
"GGAAAGCAGAAGATTC",14
"GGAAAGCAGAGACTAT",17
"GGAAAGCAGATCACGG",78
"GGAAAGCAGATCCCAT",9
"GGAAAGCAGATCGGGT",69
"GGAAAGCAGATGTAAC",2
"GGAAAGCAGCCCAACC",68
"GGAAAGCAGCCGGTAA",59
"GGAAAGCAGCTGTCTA",1000
"GGAAAGCAGGCACATG",83
"GGAAAGCAGGCAGTCA",59
"GGAAAGCAGTAACCCT",17
"GGAAAGCAGTGACTCT",38
"GGAAAGCAGTGCCAGA",77
"GGAAAGCAGTTACCCA",92
"GGAAAGCCACTGAAGG",27
"GGAAAGCGTACCATCA",27
"GGAAAGCGTACGAAAT",20
"GGAAAGCGTCAGAGGT",35
"GGAAAGCGTCCAGTGC",30
"GGAAAGCGTCGGCACT",38
"GGAAAGCGTTAGGGTG",1000
"GGAAAGCGTTCGCTAA",10
"GGAAAGCGTTGGACCC",9
"GGAAAGCTCACATGCA",14
"GGAAAGCTCACGAAGG",37
"GGAAAGCTCAGTCCCT",1000
"GGAAAGCTCATTTGGG",27
"GGAAAGCTCCCTAATT",38
"GGAAAGCTCCGCTGTT",31
"GGAAAGCTCGCAGGCT",54
"GGAACTTAGAAACCGC",35
"GGAACTTAGATCGGGT",33
"GGAACTTAGCCAGAAC",74
"GGAACTTAGCGATATA",32
"GGAACTTAGCGTAATA",70
"GGAACTTAGCTAGTGG",75
"GGAACTTAGCTGATAA",68
"GGAACTTAGGCTCTTA",3
"GGAACTTCACACAGAG",21
"GGAACTTCAGACGCTC",81
"GGAACTTCAGATCCAT",47
"GGAACTTCAGGGTTAG",69
"GGAACTTCAGTGGGAT",1000
"GGAACTTCATGCTGGC",0
"GGAACTTGTAAACGCG",47
"GGAACTTGTATGGTTC",30
"GGAACTTGTATTCTCT",21
"GGAACTTGTCCATCCT",38
"GGAACTTGTCTGGAGA",26
"GGAACTTGTGACTCAT",52
"GGAACTTGTGCGAAAC",75
"GGAACTTGTTGGTAAA",16
"GGAACTTGTTTGGCGC",20
"GGAACTTTCATTGCGA",1000
"GGAACTTTCCACGTGG",50
"GGAACTTTCGACAGCC",10
"GGAACTTTCTAACTCT",38
"GGAACTTTCTATGTGG",37
"GGAACTTTCTGAGTGT",25
"GGAATAAAGGCTAGAC",51
"GGAATAAAGGGAAACA",71
"GGAATAAAGTAAGTAC",37
"GGAATAAAGTACGTTC",24
"GGAATAAAGTGGGCTA",39
"GGAATAAAGTTCCACA",27
"GGAATAACAATGACCT",38
"GGAATAACACGGTAAG",29
"GGAATAACAGTATCTG",8
"GGAATAACATGAACCT",1000
"GGAATAAGTAGTAGTA",75
"GGAATAAGTCCGACGT",93
"GGAATAAGTCCTCTTG",20
"GGAATAAGTGATGCCC",68
"GGAATAAGTTAAGATG",80
"GGAATAATCAGCTCTC",1000
"GGAATAATCAGTACGT",30
"GGAATAATCCAGAAGG",56
"GGAATAATCGATGAGG",75
"GGAATAATCGGCTACG",75
"GGAATAATCTTTAGGG",2
"GGACAAGAGAACAACT",81
"GGACAAGAGAGGACGG",1000
"GGACAAGAGCGGATCA",38
"GGACAAGAGCTTCGCG",93
"GGACAAGAGGTGCAAC",10
"GGACAAGAGTGTGAAT",92
"GGACAAGCAATTCCTT",54
"GGACAAGCACCATCCT",14
"GGACAAGCACCGAATT",54
"GGACAAGCACCGATAT",68
"GGACAAGCACGGTAAG",60
"GGACAAGCACTGCCAG",43
"GGACAAGCACTTCGAA",78
"GGACAAGCAGGCTGAA",2
"GGACAAGCAGTTCCCT",75
"GGACAAGCATGATCCA",50
"GGACAAGCATGCGCAC",31
"GGACAAGGTCATCCCT",37
"GGACAAGGTCCAGTAT",3
"GGACAAGGTCTAGTGT",66
"GGACAAGGTGAGGCTA",30
"GGACAAGGTTATGCGT",6
"GGACAAGGTTCACCTC",66
"GGACAAGGTTCCCTTG",9
"GGACAAGTCACAGGCC",33
"GGACAAGTCACGGTTA",91
"GGACAAGTCACTATTC",48
"GGACAAGTCAGGTAAA",10
"GGACAAGTCCACTCCA",54
"GGACAAGTCGTACGGC",1000
"GGACAGAAGAGAGCTC",20
"GGACAGAAGATATGGT",87
"GGACAGAAGCGCTTAT",9
"GGACAGAAGCTGCGAA",87
"GGACAGAAGTCCAGGA",30
"GGACAGAAGTCCTCCT",10
"GGACAGACAAGTACCT",42
"GGACAGACACATCCAA",42
"GGACAGACACCATCCT",11
"GGACAGACAGCCTGTG",3
"GGACAGACAGTTCATG",8
"GGACAGACATCATCCC",26
"GGACAGACATCCTTGC",25
"GGACAGAGTAAATGAC",15
"GGACAGAGTACCGTAT",46
"GGACAGAGTCGCATAT",37
"GGACAGAGTCTTCAAG",75
"GGACAGAGTGAACCTT",31
"GGACAGAGTGTAATGA",10
"GGACAGAGTGTCCTCT",65
"GGACAGAGTTCCACGG",69
"GGACAGATCCAACCAA",20
"GGACAGATCCACGTTC",39
"GGACAGATCCTTGACC",33
"GGACAGATCGTCGTTC",81
"GGACAGATCTAAGCCA",62
"GGACAGATCTATGTGG",43
"GGACAGATCTCCAGGG",30
"GGACAGATCTGAGGGA",36
"GGACATTAGAAACCGC",39
"GGACATTAGATACACA",75
"GGACATTAGCCAGGAT",71
"GGACATTAGGTTACCT",50
"GGACATTAGTACGCCC",58
"GGACATTCAAAGGCGT",86
"GGACATTCACAGGAGT",55
"GGACATTCACGTGAGA",32
"GGACATTCACTAGTAC",56
"GGACATTCAGGCTGAA",75
"GGACATTCAGTTCATG",86
"GGACATTCATTCTTAC",54
"GGACATTGTAAATACG",3
"GGACATTGTACTTGAC",39
"GGACATTGTAGCAAAT",2
"GGACATTGTCATCCCT",33
"GGACATTGTCATGCCG",82
"GGACATTGTCCGACGT",59
"GGACATTGTCCTGCTT",35
"GGACATTTCACGGTTA",1000
"GGACATTTCACTATTC",37
"GGACATTTCATGTAGC",3
"GGACATTTCCCACTTG",71
"GGACATTTCCGCTGTT",59
"GGACATTTCCTTTCTC",13
"GGACATTTCGAGGTAG",21
"GGACATTTCGCCGTGA",50
"GGACATTTCGGAGCAA",1
"GGACATTTCGTCGTTC",11
"GGACATTTCTTGAGGT",49
"GGACGTCAGAGTGAGA",1
"GGACGTCAGTATTGGA",50
"GGACGTCCACCCAGTG",79
"GGACGTCCACCGCTAG",52
"GGACGTCCACTCAGGC",52
"GGACGTCCAGACACTT",20
"GGACGTCCAGACAGGT",29
"GGACGTCCATAGAAAC",9
"GGACGTCCATTGGGCC",50
"GGACGTCGTAAGTAGT",1000
"GGACGTCGTACAAGTA",74
"GGACGTCGTCCAGTTA",73
"GGACGTCGTCTTGCGG",59
"GGACGTCGTCTTTCAT",20
"GGACGTCGTGACGGTA",21
"GGACGTCGTTTAAGCC",33
"GGACGTCTCAAACAAG",90
"GGACGTCTCAACACAC",30
"GGACGTCTCACGCGGT",26
"GGACGTCTCAGATAAG",1000
"GGACGTCTCAGCTCGG",10
"GGACGTCTCATATCGG",0
"GGACGTCTCCAGAGGA",3
"GGACGTCTCCAGTAGT",37
"GGACGTCTCCGAACGC",30
"GGACGTCTCGGTGTTA",3
"GGACGTCTCGTGACAT",39
"GGACGTCTCGTTTAGG",32
"GGACGTCTCTCCTATA",8
"GGACGTCTCTGCTGCT",20
"GGACGTCTCTTCTGGC",50
"GGAGCAAAGAACTCGG",46
"GGAGCAAAGATATGCA",71
"GGAGCAAAGCTAGGCA",8
"GGAGCAAAGCTAGTCT",1
"GGAGCAAAGGACCACA",74
"GGAGCAACAAAGAATC",55
"GGAGCAACAAATACAG",7
"GGAGCAACAAGGTGTG",92
"GGAGCAACACGGTTTA",75
"GGAGCAACAGACGTAG",92
"GGAGCAACAGCTATTG",10
"GGAGCAACAGGGAGAG",75
"GGAGCAAGTCTGCCAG",74
"GGAGCAAGTTAAGGGC",54
"GGAGCAATCACCGGGT",1000
"GGAGCAATCAGTGCAT",49
"GGAGCAATCATAACCG",13
"GGAGCAATCCAAGCCG",4
"GGAGCAATCCGTAGGC",60
"GGAGCAATCTTCCTTC",91
"GGAGCAATCTTGAGAC",18
"GGAGCAATCTTTAGGG",18
"GGATGTTAGCTGAAAT",79
"GGATGTTAGCTTCGCG",88
"GGATGTTAGCTTTGGT",24
"GGATGTTAGGCATGTG",50
"GGATGTTAGTACCGGA",13
"GGATGTTAGTATCGAA",17
"GGATGTTCACGGTAGA",51
"GGATGTTCACTCTGTC",63
"GGATGTTCAGACAGGT",66
"GGATGTTCATAGACTC",60
"GGATGTTGTCATCGGC",32
"GGATGTTGTCATGCCG",44
"GGATGTTGTGGTACAG",74
"GGATGTTGTGTTGGGA",60
"GGATGTTTCATATCGG",77
"GGATGTTTCATTCACT",5
"GGATGTTTCCAAGCCG",11
"GGATGTTTCCCAACGG",54
"GGATGTTTCTACTTAC",1
"GGATGTTTCTCGAGTA",54
"GGATGTTTCTGCAAGT",1000
"GGATGTTTCTGCAGTA",68
"GGATGTTTCTGCCAGG",71
"GGATGTTTCTTACCGC",87
"GGATGTTTCTTTACGT",33
"GGATTACAGAGACTAT",42
"GGATTACAGATAGCAT",21
"GGATTACAGATCCCAT",14
"GGATTACAGCGTCTAT",66
"GGATTACAGGGCATGT",66
"GGATTACAGGGTCGAT",80
"GGATTACCAATCCGAT",27
"GGATTACCACGACTCG",68
"GGATTACCACGTCAGC",48
"GGATTACCACTAAGTC",20
"GGATTACCAGTTTACG",0
"GGATTACCATCACGAT",20
"GGATTACGTATCGCAT",15
"GGATTACGTCACACGC",21
"GGATTACGTCACTTCC",37
"GGATTACGTCATCCCT",91
"GGATTACGTCTGCGGT",58
"GGATTACGTGATGCCC",66
"GGATTACGTGTAATGA",20
"GGATTACGTTAAGGGC",54
"GGATTACGTTCCTCCA",1000
"GGATTACTCAGCGATT",58
"GGATTACTCGACCAGC",80
"GGATTACTCGCCTGTT",55
"GGATTACTCTGCTGTC",94
"GGCAATTAGCAATCTC",31
"GGCAATTAGCCAGTTT",6
"GGCAATTAGCCCAACC",47
"GGCAATTAGCGAAGGG",13
"GGCAATTAGCGGCTTC",21
"GGCAATTAGTCAAGGC",27
"GGCAATTAGTGCAAGC",53
"GGCAATTAGTGGAGAA",78
"GGCAATTAGTGGGCTA",39
"GGCAATTAGTGTACTC",78
"GGCAATTCAGTAAGAT",3
"GGCAATTCATTTGCCC",68
"GGCAATTGTCCAAGTT",60
"GGCAATTGTCGCTTCT",79
"GGCAATTGTCTAGGTT",19
"GGCAATTGTTAGGGTG",37
"GGCAATTGTTCCACTC",75
"GGCAATTGTTCCATGA",37
"GGCAATTGTTCCGGCA",38
"GGCAATTTCAAACCGT",50
"GGCAATTTCAAAGACA",20
"GGCAATTTCACAGGCC",11
"GGCAATTTCATAACCG",39
"GGCAATTTCCACGAAT",95
"GGCAATTTCCAGAAGG",43
"GGCAATTTCCCTAATT",38
"GGCAATTTCGGCTACG",91
"GGCAATTTCGTCCGTT",20
"GGCAATTTCTCCTATA",86
"GGCAATTTCTGGTATG",35
"GGCCGATAGCTAAACA",27
"GGCCGATAGTACATGA",79
"GGCCGATAGTGAACGC",86
"GGCCGATCAACTGGCC",20
"GGCCGATCAAGCTGAG",39
"GGCCGATCAAGTAGTA",11
"GGCCGATCACCAGATT",44
"GGCCGATCATATACGC",74
"GGCCGATCATTGCGGC",48
"GGCCGATGTCAGGACA",6
"GGCCGATGTCTAGAGG",10
"GGCCGATGTCTTGATG",52
"GGCCGATGTTACTGAC",8
"GGCCGATGTTCCACTC",95
"GGCCGATTCAACACGT",1
"GGCCGATTCAATAAGG",69
"GGCCGATTCAGGCGAA",42
"GGCCGATTCAGTTGAC",51
"GGCCGATTCCAAGTAC",50
"GGCCGATTCGGATGTT",37
"GGCCGATTCGTTACAG",26
"GGCGACTAGATGCCTT",38
"GGCGACTAGTAATCCC",81
"GGCGACTAGTCGTTTG",0
"GGCGACTCAAGCGAGT",42
"GGCGACTCAGAGCCAA",86
"GGCGACTCAGATTGCT",83
"GGCGACTCAGCGTCCA",45
"GGCGACTCAGCTCGCA",1000
"GGCGACTCAGGCAGTA",75
"GGCGACTCAGTATAAG",50
"GGCGACTCAGTCACTA",80
"GGCGACTCAGTCAGCC",20
"GGCGACTCATGTAAGA",94
"GGCGACTGTAATAGCA",74
"GGCGACTGTAATTGGA",43
"GGCGACTGTCTTCAAG",82
"GGCGACTGTCTTCTCG",86
"GGCGACTGTGGCCCTA",54
"GGCGACTGTGTAAGTA",20
"GGCGACTGTTGTTTGG",25
"GGCGACTTCACCTTAT",20
"GGCGACTTCAGAGCTT",19
"GGCGACTTCAGGCCCA",74
"GGCGACTTCATGTCTT",75
"GGCGACTTCCTTGACC",86
"GGCGACTTCCTTTACA",59
"GGCGACTTCTCGAGTA",1000
"GGCGACTTCTTTACGT",10
"GGCGTGTAGAGTACAT",4
"GGCGTGTAGATACACA",58
"GGCGTGTAGCTGTCTA",88
"GGCGTGTAGGCTCTTA",92
"GGCGTGTAGGTAAACT",20
"GGCGTGTAGGTCGGAT",3
"GGCGTGTCAACTTGAC",1
"GGCGTGTCAATGGTCT",70
"GGCGTGTCACGCATCG",14
"GGCGTGTCAGGTCGTC",52
"GGCGTGTCATCCAACA",6
"GGCGTGTCATTCTTAC",37
"GGCGTGTGTAAGCACG",62
"GGCGTGTGTAGCGCTC",92
"GGCGTGTGTGATAAGT",80
"GGCGTGTGTTCATGGT",68
"GGCGTGTTCATTGCCC",32
"GGCGTGTTCGCCTGAG",86
"GGCGTGTTCTCCCTGA",52
"GGCGTGTTCTGGAGCC",20
"GGCTCGAAGACCACGA",13
"GGCTCGAAGAGGACGG",67
"GGCTCGAAGCCACGTC",91
"GGCTCGAAGCCGATTT",85
"GGCTCGAAGCGGCTTC",14
"GGCTCGAAGCTTATCG",94
"GGCTCGAAGGAGTTTA",81
"GGCTCGAAGGATGGTC",39
"GGCTCGAAGTTCGCAT",15
"GGCTCGACACAGAGGT",58
"GGCTCGACACCCATGG",67
"GGCTCGACACCGAATT",36
"GGCTCGACACGCATCG",28
"GGCTCGAGTCCAAGTT",23
"GGCTCGAGTGCGAAAC",75
"GGCTCGAGTTGTCTTT",63
"GGCTCGATCACATACG",1
"GGCTCGATCACGCATA",33
"GGCTCGATCCATGAGT",15
"GGCTCGATCCCTTGCA",1000
"GGCTCGATCCTCAATT",44
"GGCTCGATCCTCTAGC",3
"GGCTCGATCCTGCAGG",24
"GGCTCGATCGAACTGT",93
"GGCTCGATCGGATGGA",83
"GGCTCGATCGTCTGAA",77
"GGCTCGATCTCGTATT",60
"GGCTCGATCTCTGTCG",86
"GGCTGGTAGAGCCTAG",31
"GGCTGGTAGCCGGTAA",85
"GGCTGGTAGGTGTGGT",54
"GGCTGGTAGTTAAGTG",3
"GGCTGGTCAAATCCGT",86
"GGCTGGTCAAGCCATT",86
"GGCTGGTCAAGCTGAG",30
"GGCTGGTCAAGGTTCT",37
"GGCTGGTCACTCTGTC",13
"GGCTGGTCATTCCTGC",14
"GGCTGGTGTCACCCAG",20
"GGCTGGTGTCCGTTAA",0
"GGCTGGTGTCCTAGCG",13
"GGCTGGTGTCTCTCGT",71
"GGCTGGTGTCTTCGTC",64
"GGCTGGTGTTGGACCC",66
"GGCTGGTGTTGTGGCC",5
"GGCTGGTGTTTGTTTC",79
"GGCTGGTTCACAGTAC",85
"GGCTGGTTCAGCTCTC",19
"GGCTGGTTCATGTCCC",36
"GGCTGGTTCCTCATTA",66
"GGCTGGTTCGAGGTAG",1
"GGCTGGTTCGCGTTTC",18
"GGCTGGTTCTATCCCG",51
"GGGAATGAGAATTGTG",32
"GGGAATGAGAGTGACC",74
"GGGAATGAGATCCGAG",21
"GGGAATGAGCACACAG",48
"GGGAATGAGCAGATCG",38
"GGGAATGAGGACGAAA",81
"GGGAATGAGGAGTTGC",19
"GGGAATGAGGGTGTGT",26
"GGGAATGAGGTGTGGT",59
"GGGAATGAGTAGCCGA",14
"GGGAATGAGTGAAGTT",45
"GGGAATGAGTGTTAGA",39
"GGGAATGAGTTACCCA",63
"GGGAATGCAAGTAATG",76
"GGGAATGCACAGATTC",7
"GGGAATGCACAGCCCA",56
"GGGAATGCACATAACC",8
"GGGAATGCACATCCGG",65
"GGGAATGCACATCTTT",21
"GGGAATGCATAAAGGT",26
"GGGAATGCATGGTAGG",86
"GGGAATGGTCAGCTAT",7
"GGGAATGGTCGAGTTT",65
"GGGAATGGTCTAGAGG",4
"GGGAATGGTTCGTGAT",9
"GGGAATGGTTGAGGTG",30
"GGGAATGGTTTGCATG",8
"GGGAATGTCAGAGGTG",29
"GGGAATGTCATCTGTT",55
"GGGAATGTCCTGTAGA",60
"GGGAATGTCTACTTAC",81
"GGGAATGTCTGGTGTA",74
"GGGACCTAGAGACTTA",92
"GGGACCTAGATATGGT",32
"GGGACCTAGGGCTCTC",32
"GGGACCTCAAGCGAGT",73
"GGGACCTCACAACTGT",78
"GGGACCTGTAAGGGCT",27
"GGGACCTGTCAGAAGC",3
"GGGACCTGTCCCGACA",25
"GGGACCTGTCGTCTTC",7
"GGGACCTGTGTTTGTG",20
"GGGACCTGTTAAGATG",91
"GGGACCTGTTCAGGCC",10
"GGGACCTGTTCGGGCT",94
"GGGACCTTCACGGTTA",93
"GGGACCTTCGGTTAAC",63
"GGGAGATAGAGCCCAA",94
"GGGAGATAGCCTCGTG",62
"GGGAGATAGGAGTTGC",59
"GGGAGATAGGATCGCA",20
"GGGAGATAGTCACGCC",75
"GGGAGATAGTTTCCTT",93
"GGGAGATCAATCTGCA",21
"GGGAGATCACTGTTAG",32
"GGGAGATCAGTGGGAT",92
"GGGAGATCATGACGGA",32
"GGGAGATCATGGTCAT",30
"GGGAGATGTAAATACG",14
"GGGAGATGTACAGCAG",76
"GGGAGATGTAGCAAAT",23
"GGGAGATGTAGCACGA",7
"GGGAGATGTAGGACAC",25
"GGGAGATGTCGACTGC",94
"GGGAGATGTCTCTTAT",20
"GGGAGATGTCTCTTTA",54
"GGGAGATGTGTTGAGG",20
"GGGAGATGTTGGTGGA",93
"GGGAGATTCAACGGGA",71
"GGGAGATTCCTCCTAG",20
"GGGAGATTCGTATCAG",74
"GGGATGAAGCGGATCA",55
"GGGATGAAGGATGGAA",3
"GGGATGAAGTCCGGTC",84
"GGGATGAAGTGAACGC",68
"GGGATGAAGTGTTAGA",3
"GGGATGAAGTTCGCAT",20
"GGGATGACAAGCGTAG",3
"GGGATGACACCAGCAC",28
"GGGATGACACCGATAT",4
"GGGATGACACGTTGGC",50
"GGGATGACACTAGTAC",28
"GGGATGACAGACAGGT",56
"GGGATGACAGGTCTCG",10
"GGGATGACAGTCCTTC",69
"GGGATGACATCTATGG",34
"GGGATGAGTAATCACC",33
"GGGATGAGTCCATGAT",75
"GGGATGAGTCGCTTTC",3
"GGGATGAGTCGTCTTC",1
"GGGATGAGTGGCAAAC",38
"GGGATGAGTTCAGACT",56
"GGGATGAGTTTGGGCC",58
"GGGATGATCAGCGATT",62
"GGGATGATCATCTGCC",20
"GGGATGATCGTAGATC",59
"GGGATGATCTCCAGGG",93
"GGGATGATCTGCGTAA",7
"GGGCACTAGAAGGTTT",66
"GGGCACTAGATCTGCT",1000
"GGGCACTAGCGACGTA",2
"GGGCACTAGCGCTTAT",8
"GGGCACTAGCTCCTCT",10
"GGGCACTAGGATGCGT",52
"GGGCACTAGTCCATAC",39
"GGGCACTCAAGGGTCA",26
"GGGCACTCACTGCCAG",74
"GGGCACTCAGCTGTTA",33
"GGGCACTCAGGACCCT",74
"GGGCACTCAGGTCGTC",13
"GGGCACTCATCCCATC",51
"GGGCACTCATCGGAAG",27
"GGGCACTGTAAATGAC",51
"GGGCACTGTAAGTTCC",55
"GGGCACTGTCGCTTTC",85
"GGGCACTGTCGGCATC",21
"GGGCACTGTCTAAAGA",85
"GGGCACTGTGTTGAGG",45
"GGGCACTGTGTTTGTG",91
"GGGCACTGTTACAGAA",68
"GGGCACTGTTATCCGA",75
"GGGCACTGTTCCCTTG",36
"GGGCACTGTTCGCTAA",59
"GGGCACTGTTGCGTTA",86
"GGGCACTGTTGGTTTG",1000
"GGGCACTTCAGCACAT",87
"GGGCACTTCATAAAGG",1000
"GGGCACTTCATGCAAC",81
"GGGCACTTCTGCTTGC",20
"GGGCACTTCTGGAGCC",14
"GGGCACTTCTTGACGA",39
"GGGCATCAGCTGCCCA",20
"GGGCATCAGGTAAACT",24
"GGGCATCAGGTAGCTG",71
"GGGCATCAGTATCTCG",52
"GGGCATCAGTCGTTTG",30
"GGGCATCAGTGTCTCA",58
"GGGCATCCAATCGAAA",44
"GGGCATCCAATCGGTT",37
"GGGCATCCAGCTATTG",15
"GGGCATCCAGTTTACG",74
"GGGCATCCATGTAGTC",6
"GGGCATCGTAACGTTC",38
"GGGCATCGTACTTGAC",7
"GGGCATCGTAGCGTGA",93
"GGGCATCGTCCAGTAT",7
"GGGCATCGTTCAGTAC",51
"GGGCATCGTTGTACAC",81
"GGGCATCTCCAATGGT",75
"GGGCATCTCGCATGAT",8
"GGGCATCTCTTTACGT",43
"GGGTCTGAGAGAACAG",8
"GGGTCTGAGAGTAATC",27
"GGGTCTGAGCAATCTC",32
"GGGTCTGAGCACCGTC",74
"GGGTCTGAGGGAACGG",86
"GGGTCTGAGTACGACG",5
"GGGTCTGAGTCATCCA",7
"GGGTCTGAGTCTTGCA",20
"GGGTCTGAGTGCAAGC",55
"GGGTCTGCAACGATCT",90
"GGGTCTGCAAGGGTCA",77
"GGGTCTGCAATACGCT",58
"GGGTCTGCAATGGAAT",57
"GGGTCTGCACCAGTTA",68
"GGGTCTGCACCCATGG",28
"GGGTCTGCACGAGGTA",74
"GGGTCTGCACGTTGGC",52
"GGGTCTGCAGACGCAA",14
"GGGTCTGCATTACGAC",13
"GGGTCTGGTCGAAAGC",62
"GGGTCTGGTCTCGTTC",68
"GGGTCTGGTGAGGCTA",58
"GGGTCTGGTTAAGGGC",86
"GGGTCTGGTTATGCGT",11
"GGGTCTGTCACGCGGT",46
"GGGTCTGTCACTTCAT",1000
"GGGTCTGTCAGCAACT",89
"GGGTCTGTCCTCAATT",26
"GGGTCTGTCGAGGTAG",91
"GGGTCTGTCGGTTAAC",55
"GGGTCTGTCGTCCGTT",83
"GGGTCTGTCTTAGAGC",18
"GGGTTGCAGAATAGGG",18
"GGGTTGCAGCTCTCGG",32
"GGGTTGCAGGACATTA",20
"GGGTTGCAGGTCGGAT",50
"GGGTTGCAGTACGCCC",8
"GGGTTGCAGTACGTAA",74
"GGGTTGCCAAGTCTAC",66
"GGGTTGCCACAGGCCT",16
"GGGTTGCCACGGTAAG",27
"GGGTTGCCACTAGTAC",59
"GGGTTGCCAGAAGCAC",51
"GGGTTGCCAGCATACT",13
"GGGTTGCCATTCTTAC",70
"GGGTTGCGTAAGAGAG",38
"GGGTTGCGTAATCGTC",91
"GGGTTGCGTCCAGTTA",19
"GGGTTGCGTGAACCTT",93
"GGGTTGCGTGCATCTA",38
"GGGTTGCGTGGTGTAG",60
"GGGTTGCGTTACGTCA",9
"GGGTTGCGTTGGTTTG",91
"GGGTTGCTCAACCAAC",91
"GGGTTGCTCACGACTA",59
"GGGTTGCTCCGTTGTC",21
"GGGTTGCTCGTACGGC",66
"GGGTTGCTCTCAAGTG",15
"GGGTTGCTCTCCGGTT",48
"GGGTTGCTCTGAGTGT",43
"GGTATTGAGATCACGG",69
"GGTATTGAGTGGGCTA",62
"GGTATTGCAACGATGG",85
"GGTATTGCAAGAAGAG",93
"GGTATTGCAAGAGGCT",50
"GGTATTGCACCAGGTC",14
"GGTATTGCACTGTCGG",80
"GGTATTGCAGCATGAG",55
"GGTATTGCAGCGTTCG",14
"GGTATTGCATACAGCT",38
"GGTATTGCATGCATGT",13
"GGTATTGCATGGTCTA",9
"GGTATTGGTAAGTGGC",38
"GGTATTGGTAGGAGTC",11
"GGTATTGGTCCCTACT",65
"GGTATTGGTCCGAAGA",45
"GGTATTGGTGATAAAC",94
"GGTATTGGTGGACGAT",75
"GGTATTGGTTCCGGCA",80
"GGTATTGTCATCGATG",85
"GGTATTGTCCGCTGTT",27
"GGTATTGTCGTTTATC",25
"GGTGAAGAGAAACCAT",4
"GGTGAAGAGAAACGCC",38
"GGTGAAGAGCACACAG",14
"GGTGAAGAGCCACGCT",56
"GGTGAAGAGCGCCTTG",3
"GGTGAAGAGTCTTGCA",14
"GGTGAAGAGTGGTCCC",55
"GGTGAAGAGTGTCCCG",32
"GGTGAAGAGTGTCTCA",76
"GGTGAAGCAAGCGATG",54
"GGTGAAGCAAGGACTG",40
"GGTGAAGCAATCACAC",8
"GGTGAAGCAATCCGAT",59
"GGTGAAGCAATCTACG",1000
"GGTGAAGCACATGACT",30
"GGTGAAGCACATGGGA",75
"GGTGAAGCACCCAGTG",94
"GGTGAAGCAGGATCGA",39
"GGTGAAGCAGGCTGAA",87
"GGTGAAGCAGTCCTTC",81
"GGTGAAGCATAGGATA",20
"GGTGAAGGTAGGGTAC",75
"GGTGAAGGTCACCCAG",10
"GGTGAAGGTCGTGGCT",32
"GGTGAAGGTCTAAACC",79
"GGTGAAGGTGGACGAT",3
"GGTGAAGGTTTAGCTG",92
"GGTGAAGTCAGCAACT",0
"GGTGAAGTCCGAACGC",39
"GGTGAAGTCCTGCTTG",83
"GGTGAAGTCGACCAGC",51
"GGTGAAGTCTATCGCC",21
"GGTGAAGTCTGAGTGT",77
"GGTGAAGTCTGGTTCC",85
"GGTGAAGTCTGTCTCG",80
"GGTGCGTAGATACACA",42
"GGTGCGTAGGCGATAC",91
"GGTGCGTAGTCGCCGT",94
"GGTGCGTAGTGGCACA",75
"GGTGCGTCACAACTGT",72
"GGTGCGTCACTATCTT",10
"GGTGCGTCAGACGCAA",81
"GGTGCGTCAGTCAGCC",75
"GGTGCGTCATTCTCAT",53
"GGTGCGTGTACGACCC",39
"GGTGCGTGTTCTCATT",20
"GGTGCGTTCACATGCA",56
"GGTGCGTTCCGGGTGT",54
"GGTGCGTTCCTCAATT",9
"GGTGCGTTCTAACCGA",85
"GGTGCGTTCTAACTCT",74
"GGTGCGTTCTATCCTA",21
"GGTGTTAAGAGAACAG",66
"GGTGTTAAGCTACCTA",58
"GGTGTTAAGGACAGAA",20
"GGTGTTAAGGATCGCA",85
"GGTGTTAAGTACGACG",48
"GGTGTTAAGTGCTGCC",94
"GGTGTTACAAAGGAAG",87
"GGTGTTACAAGCCGCT",74
"GGTGTTACAAGGACTG",19
"GGTGTTACACAGTCGC",12
"GGTGTTACACCATCCT",80
"GGTGTTAGTACCGCTG",1
"GGTGTTAGTAGGGACT",76
"GGTGTTAGTAGTGAAT",85
"GGTGTTAGTGATGCCC",85
"GGTGTTAGTGCAACTT",78
"GGTGTTAGTGCGAAAC",21
"GGTGTTAGTTAGTGGG",50
"GGTGTTATCAGGCCCA",13
"GGTGTTATCCTGTAGA",45
"GGTGTTATCGCAAACT",8
"GGTGTTATCGGCTACG",94
"GTAACGTAGACCGGAT",72
"GTAACGTAGAGTCTGG",60
"GTAACGTAGCTAACAA",73
"GTAACGTAGTAATCCC",43
"GTAACGTAGTACGCGA",88
"GTAACGTAGTGGGTTG",58
"GTAACGTCAACGATGG",21
"GTAACGTCAACTGCTA",79
"GTAACGTCAAGTAGTA",65
"GTAACGTCACAACGTT",13
"GTAACGTCACACTGCG",32
"GTAACGTCAGAAGCAC",20
"GTAACGTCAGGATTGG",43
"GTAACGTCAGGGCATA",62
"GTAACGTCATTCTTAC",14
"GTAACGTGTAAAGTCA",54
"GTAACGTGTAGCGCAA",50
"GTAACGTGTAGCTAAA",23
"GTAACGTGTATAGGGC",76
"GTAACGTGTATATGGA",50
"GTAACGTGTATGAATG",21
"GTAACGTGTCGAAAGC",6
"GTAACGTGTCTTGTCC",87
"GTAACGTGTCTTTCAT",39
"GTAACGTGTGTCGCTG",54
"GTAACGTGTTCGGGCT",90
"GTAACGTTCCGCAAGC",54
"GTAACGTTCGGAGGTA",84
"GTAACGTTCGTGGACC",32
"GTAACGTTCTCACATT",66
"GTAACGTTCTCCAGGG",9
"GTAACGTTCTGCTGCT",68
"GTAACGTTCTGGCGTG",91
"GTAACTGAGGAATGGA",1000
"GTAACTGAGTAATCCC",80
"GTAACTGAGTCCAGGA",75
"GTAACTGAGTCGTACT",19
"GTAACTGAGTGAATTG",0
"GTAACTGCAATCTACG",14
"GTAACTGCACAACTGT",74
"GTAACTGCAGACGCTC",10
"GTAACTGCAGACTCGC",77
"GTAACTGCAGCCTTTC",30
"GTAACTGCAGTGGGAT",54
"GTAACTGCATTCACTT",94
"GTAACTGGTACGACCC",59
"GTAACTGGTACTTGAC",6
"GTAACTGGTCACCTAA",74
"GTAACTGGTCTTGCGG",90
"GTAACTGGTGGTAACG",52
"GTAACTGGTTATTCTC",21
"GTAACTGGTTCCAACA",84
"GTAACTGGTTGGTTTG",2
"GTAACTGGTTTGGGCC",40
"GTAACTGGTTTGTGTG",63
"GTAACTGTCACCGGGT",59
"GTAACTGTCACTGGGC",91
"GTAACTGTCACTTCAT",25
"GTAACTGTCATGCATG",58
"GTAACTGTCATGTGGT",22
"GTAACTGTCGGACAAG",93
"GTAACTGTCGGTGTTA",23
"GTAACTGTCTCGCATC",19
"GTACGTAAGAATTCCC",93
"GTACGTAAGGTAGCCA",79
"GTACGTAAGTAATCCC",80
"GTACGTAAGTTAAGTG",44
"GTACGTACACCCATTC",6
"GTACGTAGTAACGTTC",62
"GTACGTAGTACCGTAT",13
"GTACGTAGTCCGTCAG",52
"GTACGTAGTCTACCTC",75
"GTACGTAGTCTGCCAG",1000
"GTACGTAGTCTTGCGG",20
"GTACGTAGTGTTGAGG",0
"GTACGTAGTTAAAGAC",94
"GTACGTAGTTGCCTCT",75
"GTACGTAGTTGGACCC",44
"GTACGTATCACAGGCC",75
"GTACGTATCACAGTAC",7
"GTACGTATCACCAGGC",32
"GTACGTATCAGCGATT",30
"GTACGTATCATCGATG",92
"GTACGTATCCGCGCAA",61
"GTACGTATCCGTTGCT",13
"GTACGTATCGCTTAGA",21
"GTACGTATCGTCCGTT",86
"GTACGTATCTTGAGAC",86
"GTACTCCAGAAAGTGG",38
"GTACTCCAGACATAAC",80
"GTACTCCAGACCTTTG",64
"GTACTCCAGAGTAAGG",79
"GTACTCCAGCGTTTAC",48
"GTACTCCAGGAACTGC",14
"GTACTCCAGGATGCGT",72
"GTACTCCAGTACGACG",6
"GTACTCCAGTGGGATC",79
"GTACTCCCAAGACACG",96
"GTACTCCCAATTGCTG",50
"GTACTCCCACCCTATC",83
"GTACTCCCATACTCTT",13
"GTACTCCCATGTCTCC",64
"GTACTCCCATTACCTT",47
"GTACTCCGTACATGTC",11
"GTACTCCGTACGACCC",78
"GTACTCCGTAGGCTGA",32
"GTACTCCGTCAGTGGA",21
"GTACTCCGTGAAAGAG",58
"GTACTCCGTGTGGTTT",61
"GTACTCCGTTGATTCG",48
"GTACTCCGTTGCGCAC",35
"GTACTCCGTTTGGCGC",66
"GTACTCCTCAAGGTAA",20
"GTACTCCTCAGTGCAT",69
"GTACTCCTCCCAAGTA",4
"GTACTCCTCGAGCCCA",69
"GTACTCCTCGCTGATA",75
"GTACTCCTCTGCAAGT",47
"GTACTCCTCTTCAACT",20
"GTACTCCTCTTGAGGT",54
"GTACTTTAGCTAAACA",81
"GTACTTTAGTCTCAAC",13
"GTACTTTAGTTTAGGA",76
"GTACTTTCAACGATCT",46
"GTACTTTCAAGTAGTA",68
"GTACTTTCAATCCAAC",61
"GTACTTTCACGGCTAC",1000
"GTACTTTCAGATGAGC",54
"GTACTTTCATCCCATC",59
"GTACTTTGTAACGCGA",26
"GTACTTTGTCAACATC",8
"GTACTTTGTCGCTTCT",29
"GTACTTTGTCTGGAGA",2
"GTACTTTGTGAGGCTA",94
"GTACTTTGTGCTGTAT",76
"GTACTTTGTTTGTTGG",15
"GTACTTTTCACAGTAC",10
"GTACTTTTCATGCATG",82
"GTACTTTTCCGAGCCA",37
"GTACTTTTCCGTTGTC",1
"GTACTTTTCCTATGTT",86
"GTACTTTTCGCCAGCA",94
"GTACTTTTCGGAAACG",92
"GTACTTTTCGTAGGTT",20
"GTACTTTTCTAAGCCA",30
"GTACTTTTCTTAACCT",93
"GTACTTTTCTTGGGTA",20
"GTAGGCCAGACTGTAA",42
"GTAGGCCAGCCTCGTG",75
"GTAGGCCAGCTTATCG",75
"GTAGGCCAGGGTGTTG",85
"GTAGGCCCAAGTTAAG",26
"GTAGGCCCAATCCAAC",63
"GTAGGCCCAATGAATG",13
"GTAGGCCCACAGTCGC",51
"GTAGGCCCACCAGTTA",58
"GTAGGCCCACCCTATC",21
"GTAGGCCCAGTTCATG",12
"GTAGGCCCATAACCTG",54
"GTAGGCCGTAGGGTAC",75
"GTAGGCCGTGCAACTT",1000
"GTAGGCCGTGTAACGG",16
"GTAGGCCGTTAAGGGC",1
"GTAGGCCGTTCGCGAC",39
"GTAGGCCTCACAAACC",1
"GTAGGCCTCACCGGGT",24
"GTAGGCCTCGCATGAT",58
"GTAGGCCTCGTAGGTT",71
"GTAGGCCTCTACCTGC",39
"GTAGGCCTCTATCCCG",85
"GTAGTCAAGAGTACAT",0
"GTAGTCAAGATAGTCA",59
"GTAGTCAAGCACCGTC",25
"GTAGTCAAGCGCCTTG",92
"GTAGTCAAGCTGCAAG",68
"GTAGTCAAGGCTAGCA",29
"GTAGTCAAGTAGCGGT",66
"GTAGTCACAAAGGTGC",4
"GTAGTCACAAGTAATG",30
"GTAGTCACACCAGGCT",94
"GTAGTCACACCGCTAG",69
"GTAGTCACACGCATCG",65
"GTAGTCACACGCTTTC",75
"GTAGTCACAGACAAAT",2
"GTAGTCACAGCTGGCT",7
"GTAGTCACATGGTTGT",3
"GTAGTCAGTCATGCCG",74
"GTAGTCAGTCTAGCGC",18
"GTAGTCAGTCTGGTCG",8
"GTAGTCAGTGCAACTT",77
"GTAGTCAGTGGACGAT",23
"GTAGTCAGTTTAGCTG",20
"GTAGTCATCAAGGCTT",1000
"GTAGTCATCACGACTA",25
"GTAGTCATCACGCGGT",62
"GTAGTCATCACTTCAT",27
"GTAGTCATCAGGTAAA",10
"GTAGTCATCCAAATGC",10
"GTAGTCATCCTGCTTG",8
"GTAGTCATCGTCCGTT",68
"GTAGTCATCTGGAGCC",26
"GTAGTCATCTTAGCCC",63
"GTAGTCATCTTGTCAT",45
"GTAGTCATCTTGTTTG",43
"GTATCTTAGCTGAACG",77
"GTATCTTAGGAGCGAG",41
"GTATCTTAGGCGTACA",55
"GTATCTTAGGTCATCT",65
"GTATCTTAGTAATCCC",3
"GTATCTTCAAGCTGAG",0
"GTATCTTCAAGGTTCT",79
"GTATCTTCAATAGCGG",62
"GTATCTTCACTTGGAT",55
"GTATCTTCAGCATACT",1000
"GTATCTTCAGCTCCGA",31
"GTATCTTGTACAGTGG",92
"GTATCTTGTCAATACC",26
"GTATCTTGTCACCTAA",2
"GTATCTTGTCTCGTTC",86
"GTATCTTGTGATAAAC",7
"GTATCTTGTGCACGAA",1000
"GTATCTTGTTCTCATT",32
"GTATCTTTCAAACCGT",59
"GTATCTTTCACTCTTA",1000
"GTATCTTTCAGCTCTC",0
"GTATCTTTCAGGTTCA",42
"GTATCTTTCCTAGTGA",48
"GTATCTTTCGGAATCT",19
"GTATCTTTCGTCGTTC",3
"GTATCTTTCTTAACCT",79
"GTATTCTAGCACCGCT",59
"GTATTCTAGCTAGTGG",54
"GTATTCTAGGAATCGC",82
"GTATTCTAGGAATGGA",55
"GTATTCTAGGACGAAA",46
"GTATTCTAGGCATTGG",68
"GTATTCTAGGGAGTAA",75
"GTATTCTCAAATTGCC",17
"GTATTCTCAATGTAAG",15
"GTATTCTCACATGGGA",15
"GTATTCTCACGGTAGA",1000
"GTATTCTCAGACAAGC",93
"GTATTCTCAGCTGTGC",93
"GTATTCTCAGTCGATT",59
"GTATTCTCAGTTCATG",0
"GTATTCTCATGCATGT",59
"GTATTCTCATTACCTT",90
"GTATTCTGTCAATGTC",20
"GTATTCTGTCGACTAT",92
"GTATTCTGTCTAACGT",10
"GTATTCTGTGCTCTTC",11
"GTATTCTGTTAAAGTG",1000
"GTATTCTGTTCAACCA",1
"GTATTCTGTTCCACTC",25
"GTATTCTGTTCGTGAT",19
"GTATTCTGTTGTCTTT",86
"GTATTCTTCAACGGGA",32
"GTATTCTTCCACTCCA",3
"GTATTCTTCCTCATTA",79
"GTATTCTTCCTGTAGA",59
"GTATTCTTCGACCAGC",0
"GTATTCTTCGCCATAA",28
"GTATTCTTCGGTCTAA",55
"GTATTCTTCGTCTGAA",38
"GTCAAGTAGCCACGTC",47
"GTCAAGTAGCGCTTAT",33
"GTCAAGTAGCTGAACG",10
"GTCAAGTAGGACGAAA",59
"GTCAAGTAGGCACATG",50
"GTCAAGTAGGGATCTG",11
"GTCAAGTAGTCGCCGT",85
"GTCAAGTAGTGGTAGC",28
"GTCAAGTCAAGCTGAG",17
"GTCAAGTCAAGGGTCA",28
"GTCAAGTCAATCCGAT",8
"GTCAAGTCACATCTTT",38
"GTCAAGTCAGCTCGCA",36
"GTCAAGTCAGTATGCT",14
"GTCAAGTCATTGTGCA",1000
"GTCAAGTGTAGGCTGA",9
"GTCAAGTGTATCGCAT",92
"GTCAAGTGTCAATACC",65
"GTCAAGTGTCAGGACA",85
"GTCAAGTGTGATGTGG",44
"GTCAAGTGTTACGCGC",82
"GTCAAGTTCACAAACC",36
"GTCAAGTTCAGGCGAA",1000
"GTCAAGTTCCTGTACC",32
"GTCAAGTTCCTTAATC",69
"GTCAAGTTCGGAAATA",46
"GTCAAGTTCTCGTTTA",93
"GTCAAGTTCTCTGAGA",76
"GTCAAGTTCTTGCATT",92
"GTCACAAAGCCCAGCT",46
"GTCACAACAGATAATG",51
"GTCACAACAGGATCGA",14
"GTCACAACAGTCGATT",19
"GTCACAACATGTAAGA",21
"GTCACAAGTACCGTTA",54
"GTCACAAGTAGCGCTC",32
"GTCACAAGTCCGTGAC",21
"GTCACAAGTCGTTGTA",8
"GTCACAAGTGACAAAT",59
"GTCACAAGTGACGCCT",79
"GTCACAAGTTAAGTAG",21
"GTCACAAGTTGATTCG",59
"GTCACAATCAAGGCTT",13
"GTCACAATCACTTATC",30
"GTCACAATCATCACCC",0
"GTCACAATCCACGACG",13
"GTCACAATCCAGAAGG",3
"GTCACAATCCCAAGTA",55
"GTCACAATCCCTTGCA",51
"GTCACAATCGCATGAT",93
"GTCACAATCGCTTGTC",31
"GTCACAATCGGACAAG",20
"GTCACAATCTGAGGGA",17
"GTCACAATCTGTTTGT",85
"GTCACGGAGCCACCTG",90
"GTCACGGAGGCTACGA",8
"GTCACGGAGGGATGGG",8
"GTCACGGAGTAACCCT",93
"GTCACGGAGTTAAGTG",88
"GTCACGGAGTTGCAGG",32
"GTCACGGCAATCCAAC",21
"GTCACGGCAATGGTCT",68
"GTCACGGCACACGCTG",64
"GTCACGGCACCTGGTG",21
"GTCACGGCACGCATCG",6
"GTCACGGCACGGATAG",68
"GTCACGGCATTAGCCA",14
"GTCACGGGTAGCGATG",0
"GTCACGGGTAGTGAAT",28
"GTCACGGGTCTGCAAT",60
"GTCACGGGTGAAAGAG",20
"GTCACGGGTGGCCCTA",79
"GTCACGGGTTATCCGA",1000
"GTCACGGGTTGATTCG",59
"GTCACGGTCAATACCG",11
"GTCACGGTCAATCACG",54
"GTCACGGTCACCAGGC",92
"GTCACGGTCAGTCAGT",66
"GTCACGGTCAGTTCGA",2
"GTCACGGTCGGTGTCG",51
"GTCACGGTCTCTTATG",55
"GTCATTTAGATGTTAG",51
"GTCATTTAGCCCAACC",58
"GTCATTTAGTGGTAGC",17
"GTCATTTCAAAGTCAA",44
"GTCATTTCACACCGCA",55
"GTCATTTCACCAGGTC",86
"GTCATTTCATGAAGTA",50
"GTCATTTCATTCACTT",29
"GTCATTTGTATGAAAC",2
"GTCATTTGTCCCTACT",1
"GTCATTTGTCGGCATC",48
"GTCATTTGTGATGATA",82
"GTCATTTTCACAGGCC",2
"GTCATTTTCACAGTAC",42
"GTCATTTTCAGGTTCA",68
"GTCATTTTCCACGACG",74
"GTCATTTTCCCACTTG",53
"GTCATTTTCGAATGCT",55
"GTCCTCAAGAAGGCCT",77
"GTCCTCAAGCTAGTCT",13
"GTCCTCAAGGAATTAC",66
"GTCCTCAAGGACTGGT",65
"GTCCTCAAGGTGCACA",40
"GTCCTCACAAGGTTCT",91
"GTCCTCACACAGGTTT",60
"GTCCTCACACCCATTC",1000
"GTCCTCACACCGATAT",20
"GTCCTCACAGGCGATA",81
"GTCCTCACATCTCGCT",26
"GTCCTCACATTTCAGG",13
"GTCCTCAGTATGAATG",42
"GTCCTCAGTCAGAGGT",23
"GTCCTCAGTCCGTCAG",43
"GTCCTCAGTGGCCCTA",26
"GTCCTCAGTGTGACGA",54
"GTCCTCAGTTGTGGCC",56
"GTCCTCATCAATAAGG",31
"GTCCTCATCACCGGGT",87
"GTCCTCATCCGTTGCT",17
"GTCCTCATCCTTAATC",62
"GTCCTCATCGCCAGCA",58
"GTCCTCATCGGCGCTA",86
"GTCCTCATCTAACCGA",38
"GTCCTCATCTACCAGA",39
"GTCCTCATCTCCTATA",94
"GTCCTCATCTTCGAGA",91
"GTCGGGTAGGGCTCTC",75
"GTCGGGTAGGGCTTCC",3
"GTCGGGTCAATCTGCA",8
"GTCGGGTCACTCAGGC",31
"GTCGGGTCAGGAACGT",7
"GTCGGGTCATCATCCC",3
"GTCGGGTCATCCGGGT",9
"GTCGGGTGTCACACGC",25
"GTCGGGTGTCAGGACA",94
"GTCGGGTGTCTCCCTA",92
"GTCGGGTGTGGTAACG",55
"GTCGGGTGTGTGACCC",71
"GTCGGGTTCCATGAGT",60
"GTCGGGTTCCCATTAT",1000
"GTCGGGTTCGTTTATC",94
"GTCGGGTTCTATCCCG",68
"GTCGGGTTCTGCTTGC",20
"GTCGTAAAGACAAAGG",80
"GTCGTAAAGATATACG",85
"GTCGTAAAGCTAACTC",28
"GTCGTAAAGCTTATCG",3
"GTCGTAACAAGAGGCT",47
"GTCGTAACAATCGAAA",19
"GTCGTAACACAGAGGT",10
"GTCGTAACACCGAATT",20
"GTCGTAACACGTCTCT",85
"GTCGTAACAGCTTCGG",0
"GTCGTAACAGGATTGG",71
"GTCGTAACATCGGACC",67
"GTCGTAAGTAGGCTGA",5
"GTCGTAAGTATTCGTG",16
"GTCGTAAGTCATATGC",1
"GTCGTAAGTCCCTTGT",13
"GTCGTAAGTCGAAAGC",9
"GTCGTAAGTCTCTTAT",51
"GTCGTAAGTGTGAAAT",1000
"GTCGTAATCAAGATCC",38
"GTCGTAATCAGCCTAA",92
"GTCGTAATCCAAAGTC",86
"GTCGTAATCTGCTTGC",59
"GTCGTAATCTTATCTG",15
"GTCTCGTAGACAAGCC",81
"GTCTCGTAGATAGTCA",38
"GTCTCGTAGATATGCA",55
"GTCTCGTAGGCCATAG",20
"GTCTCGTCAAACCCAT",50
"GTCTCGTCAAGTAGTA",37
"GTCTCGTCACTCAGGC",75
"GTCTCGTCATAGAAAC",31
"GTCTCGTCATTCTCAT",86
"GTCTCGTCATTTCAGG",58
"GTCTCGTGTACGACCC",68
"GTCTCGTGTATAATGG",86
"GTCTCGTGTATTACCG",80
"GTCTCGTGTCGGATCC",36
"GTCTCGTGTCTGATTG",8
"GTCTCGTGTGGTCTCG",0
"GTCTCGTGTTAAGGGC",20
"GTCTCGTTCATCTGTT",94
"GTCTCGTTCCAAGCCG",1000
"GTCTCGTTCCACTGGG",39
"GTCTCGTTCCGCGCAA",66
"GTCTCGTTCCGTACAA",1000
"GTCTCGTTCGTACGGC",62
"GTCTCGTTCGTTGACA",85
"GTCTCGTTCTGAAAGA",86
"GTCTTCGAGAAGGTTT",5
"GTCTTCGAGAATTGTG",33
"GTCTTCGAGACCACGA",87
"GTCTTCGAGACTGTAA",30
"GTCTTCGAGCCCTAAT",79
"GTCTTCGAGCTGAAAT",32
"GTCTTCGAGGATATAC",38
"GTCTTCGAGGTGATTA",10
"GTCTTCGAGTGAAGAG",80
"GTCTTCGAGTGTGAAT",54
"GTCTTCGCAACGCACC",0
"GTCTTCGCAAGTTGTC",68
"GTCTTCGCAATCGAAA",74
"GTCTTCGCACATGGGA",32
"GTCTTCGCACGGCCAT",74
"GTCTTCGCAGATGGCA",30
"GTCTTCGCATACAGCT",16
"GTCTTCGGTACCGGCT",60
"GTCTTCGGTACCGTAT",87
"GTCTTCGGTAGCAAAT",38
"GTCTTCGGTCAAACTC",37
"GTCTTCGGTGTCTGAT",66
"GTCTTCGGTTCCACTC",55
"GTCTTCGGTTCCGTCT",52
"GTCTTCGGTTTCGCTC",8
"GTCTTCGTCACGCGGT",20
"GTCTTCGTCATAACCG",55
"GTCTTCGTCCTTGCCA",20
"GTCTTCGTCGAGGTAG",80
"GTCTTCGTCGCCAGCA",85
"GTCTTCGTCTACCTGC",88
"GTGAAGGAGATAGGAG",48
"GTGAAGGAGATCTGAA",15
"GTGAAGGAGATGTGGC",91
"GTGAAGGAGCTGGAAC",1000
"GTGAAGGAGGCTATCT",21
"GTGAAGGCAAGCGATG",89
"GTGAAGGCAATAGCGG",5
"GTGAAGGCACCAGTTA",28
"GTGAAGGCACCGAAAG",19
"GTGAAGGCACGGTGTC",69
"GTGAAGGCACTGTGTA",7
"GTGAAGGCAGTACACT",21
"GTGAAGGCATACGCCG",55
"GTGAAGGCATCATCCC",44
"GTGAAGGCATCGGGTC",13
"GTGAAGGGTCTAGTGT",85
"GTGAAGGGTCTTGATG",79
"GTGAAGGGTGATGTCT",38
"GTGAAGGGTGCGCTTG",2
"GTGAAGGGTGTGTGCC",6
"GTGAAGGTCACTATTC",59
"GTGAAGGTCATGTCTT",3
"GTGAAGGTCGTTGACA",59
"GTGCAGCAGGTACTCT",90
"GTGCAGCAGTAGATGT",50
"GTGCAGCAGTAGGCCA",62
"GTGCAGCAGTGGTCCC",92
"GTGCAGCAGTTAGGTA",18
"GTGCAGCAGTTTAGGA",90
"GTGCAGCCAGTACACT",54
"GTGCAGCGTACAGACG",32
"GTGCAGCGTAGCGTGA",13
"GTGCAGCGTAGTGAAT",10
"GTGCAGCGTATGGTTC",86
"GTGCAGCGTCACTGGC",3
"GTGCAGCGTCTAGAGG",14
"GTGCAGCGTCTTCGTC",39
"GTGCAGCGTGAGGCTA",12
"GTGCAGCGTGATGTGG",10
"GTGCAGCGTGCCTGGT",41
"GTGCAGCGTGGCAAAC",96
"GTGCAGCGTTCCTCCA",62
"GTGCAGCGTTGGAGGT",58
"GTGCAGCTCACAGTAC",6
"GTGCAGCTCCAAACAC",1000
"GTGCAGCTCCGCGTTT",91
"GTGCATAAGAAGAAGC",20
"GTGCATAAGCCTTGAT",72
"GTGCATAAGCTGCGAA",20
"GTGCATAAGGGCTCTC",13
"GTGCATACACATGACT",1000
"GTGCATACACCCATGG",48
"GTGCATACACGAGGTA",80
"GTGCATACACTCGACG",38
"GTGCATACAGATGGGT",67
"GTGCATACATATACGC",38
"GTGCATACATCGGAAG",34
"GTGCATACATTGTGCA",89
"GTGCATAGTACCGCTG",84
"GTGCATAGTAGAGTGC",33
"GTGCATAGTCGCGAAA",20
"GTGCATAGTCGCTTCT",59
"GTGCATAGTCGGATCC",38
"GTGCATAGTGTATGGG",84
"GTGCATAGTTAAGATG",46
"GTGCATAGTTTGACAC",13
"GTGCATATCAACGAAA",94
"GTGCATATCATACGGT",10
"GTGCATATCATGTGGT",1
"GTGCATATCCACTCCA",42
"GTGCATATCCAGAAGG",53
"GTGCATATCCTAAGTG",72
"GTGCATATCGCTGATA",20
"GTGCATATCGGCGCAT",59
"GTGCATATCTCATTCA",92
"GTGCATATCTTGGGTA",60
"GTGCGGTAGACCCACC",30
"GTGCGGTAGAGTAATC",86
"GTGCGGTAGCACCGTC",6
"GTGCGGTAGCCACTAT",74
"GTGCGGTAGCCAGTAG",83
"GTGCGGTAGCGACGTA",73
"GTGCGGTAGCGATCCC",65
"GTGCGGTAGTAACCCT",94
"GTGCGGTAGTGGGCTA",1
"GTGCGGTCAATAACGA",1000
"GTGCGGTCACCCTATC",92
"GTGCGGTCATACGCCG",26
"GTGCGGTCATCGGACC",14
"GTGCGGTGTAAGTTCC",50
"GTGCGGTGTAATCGTC",29
"GTGCGGTGTACCATCA",59
"GTGCGGTGTCGCATCG",30
"GTGCGGTGTCTAAACC",39
"GTGCGGTGTGAGCGAT",25
"GTGCGGTGTGGTAACG",33
"GTGCGGTGTTATCGGT",31
"GTGCGGTTCATACGGT",69
"GTGCGGTTCGGTCTAA",32
"GTGCGGTTCGTGACAT",13
"GTGCGGTTCGTGGTCG",81
"GTGCTTCAGACATAAC",15
"GTGCTTCAGAGCTGGT",38
"GTGCTTCAGGATGGAA",8
"GTGCTTCAGGTACTCT",9
"GTGCTTCAGTAAGTAC",20
"GTGCTTCAGTAGATGT",7
"GTGCTTCAGTGAACAT",29
"GTGCTTCAGTGTCCAT",10
"GTGCTTCCAACAACCT",91
"GTGCTTCCAATAGCGG",37
"GTGCTTCCAATGTAAG",44
"GTGCTTCCACGTCTCT",13
"GTGCTTCCACTGTCGG",34
"GTGCTTCCAGATAATG",50
"GTGCTTCCAGGACCCT",65
"GTGCTTCCAGGGAGAG",14
"GTGCTTCCAGGTTTCA",50
"GTGCTTCCATCACGAT",25
"GTGCTTCGTAAGAGAG",5
"GTGCTTCGTACCGGCT",89
"GTGCTTCGTACTTCTT",1000
"GTGCTTCGTAGAGTGC",92
"GTGCTTCGTATAGGGC",82
"GTGCTTCGTCGAAAGC",0
"GTGCTTCGTCGGATCC",62
"GTGCTTCGTCTAAAGA",27
"GTGCTTCGTGTAATGA",75
"GTGCTTCGTTCATGGT",39
"GTGCTTCGTTCCCTTG",92
"GTGCTTCTCACCGGGT",14
"GTGCTTCTCAGAAATG",82
"GTGCTTCTCATATCGG",52
"GTGCTTCTCCGCGGTA",75
"GTGCTTCTCCGGCACA",35
"GTGCTTCTCTAACGGT",11
"GTGCTTCTCTGCTGCT",78
"GTGGGTCAGGAGTTGC",14
"GTGGGTCAGGCGACAT",7
"GTGGGTCAGGCGTACA",54
"GTGGGTCAGGTGTTAA",66
"GTGGGTCAGTCGTACT",57
"GTGGGTCCAAAGTCAA",50
"GTGGGTCCAATGGAGC",20
"GTGGGTCCACTTCTGC",39
"GTGGGTCGTACGACCC",30
"GTGGGTCGTGTCTGAT",85
"GTGGGTCGTTCCAACA",19
"GTGGGTCTCCGCGTTT",13
"GTGGGTCTCGTAGGTT",19
"GTGGGTCTCTCGCTTG",20
"GTGTGCGAGCAAATCA",3
"GTGTGCGAGCTGTCTA",59
"GTGTGCGAGGCCATAG",80
"GTGTGCGAGGTGACCA",13
"GTGTGCGAGGTGCACA",39
"GTGTGCGAGGTGTGGT",43
"GTGTGCGAGTACATGA",30
"GTGTGCGCACGCCAGT",27
"GTGTGCGCATCATCCC",34
"GTGTGCGCATGGTCTA",10
"GTGTGCGGTCCTCCAT",93
"GTGTGCGGTCTTGATG",80
"GTGTGCGGTGACGGTA",59
"GTGTGCGTCATTCACT",60
"GTGTGCGTCCTCGCAT",20
"GTGTGCGTCCTTTCTC",15
"GTGTGCGTCGCGCCAA",44
"GTGTGCGTCGTCGTTC",58
"GTGTGCGTCTACCTGC",1000
"GTGTGCGTCTATCCTA",20
"GTGTGCGTCTTGTTTG",13
"GTGTTAGAGAGCCTAG",63
"GTGTTAGAGAGGTTGC",27
"GTGTTAGAGCCGGTAA",75
"GTGTTAGAGCGCCTCA",80
"GTGTTAGAGGAGTTGC",39
"GTGTTAGCAAACTGCT",85
"GTGTTAGCACCAACCG",14
"GTGTTAGCACCCTATC",56
"GTGTTAGCAGGACGTA",54
"GTGTTAGCATCGGTTA",50
"GTGTTAGCATTCACTT",10
"GTGTTAGGTAAGTTCC",30
"GTGTTAGGTCAAAGCG",59
"GTGTTAGGTCACACGC",26
"GTGTTAGGTCCTCCAT",40
"GTGTTAGGTCTGCGGT",38
"GTGTTAGGTGAGCGAT",32
"GTGTTAGGTGCCTGTG",10
"GTGTTAGGTTCCCGAG",38
"GTGTTAGGTTCGCGAC",13
"GTGTTAGTCTATCCCG",1000
"GTGTTAGTCTCGAGTA",1000
"GTGTTAGTCTGCTGTC",51
"GTGTTAGTCTTTCCTC",55
"GTTAAGCCAAGACACG",50
"GTTAAGCCACTTACGA",8
"GTTAAGCCAGTCTTCC",51
"GTTAAGCGTACCGGCT",81
"GTTAAGCGTATTACCG",42
"GTTAAGCGTCCAAGTT",79
"GTTAAGCGTCCAGTGC",86
"GTTAAGCGTGATGTCT",54
"GTTAAGCGTTCCAACA",44
"GTTAAGCGTTTGACTG",1
"GTTAAGCTCAAACAAG",0
"GTTAAGCTCAACACCA",79
"GTTAAGCTCATGTGGT",62
"GTTAAGCTCCATTCTA",91
"GTTAAGCTCCGCAAGC",89
"GTTAAGCTCCGGGTGT",59
"GTTAAGCTCCTTGCCA",30
"GTTAAGCTCTCTTATG",86
"GTTACAGAGAGCCCAA",23
"GTTACAGAGCACACAG",14
"GTTACAGAGCCCAACC",13
"GTTACAGAGCGATAGC",2
"GTTACAGAGCGGCTTC",13
"GTTACAGAGGATGTAT",25
"GTTACAGAGGTAAACT",68
"GTTACAGCACATCCAA",1000
"GTTACAGCACCCATGG",66
"GTTACAGCAGACAAAT",38
"GTTACAGCAGCAGTTT",21
"GTTACAGCATCGTCGG",32
"GTTACAGCATGTTCCC",89
"GTTACAGGTACCCAAT",1
"GTTACAGGTCGAGATG",63
"GTTACAGGTCGCATCG",54
"GTTACAGGTCTAGTGT",3
"GTTACAGGTTATGTGC",79
"GTTACAGGTTGGACCC",37
"GTTACAGTCAGAAATG",82
"GTTACAGTCAGGCGAA",20
"GTTACAGTCCGAGCCA",54
"GTTACAGTCCGCATCT",1000
"GTTACAGTCCGCTGTT",93
"GTTACAGTCGAGAACG",59
"GTTACAGTCTGCAGTA",40
"GTTCATTAGGAGCGTT",13
"GTTCATTAGGAGTTTA",74
"GTTCATTAGGCGACAT",13
"GTTCATTAGGTTACCT",38
"GTTCATTAGTAGCCGA",3
"GTTCATTAGTGGAGAA",68
"GTTCATTAGTTGTAGA",5
"GTTCATTCACCCATTC",72
"GTTCATTCACCGAAAG",59
"GTTCATTCACTTGGAT",66
"GTTCATTCAGCAGTTT",1
"GTTCATTCAGCATGAG",59
"GTTCATTCAGCGTAAG",31
"GTTCATTCAGGCAGTA",94
"GTTCATTCAGGGTTAG",67
"GTTCATTCAGTAAGAT",30
"GTTCATTCATGGTTGT",69
"GTTCATTGTAAATACG",54
"GTTCATTGTACGACCC",74
"GTTCATTGTAGGGACT",46
"GTTCATTGTCAGATAA",93
"GTTCATTGTCGCTTTC",4
"GTTCATTGTCTCTCTG",51
"GTTCATTGTGTTGGGA",75
"GTTCATTGTTAAAGTG",21
"GTTCATTGTTCCCTTG",1
"GTTCATTGTTGATTCG",1
"GTTCATTTCACTCCTG",10
"GTTCATTTCAGAGCTT",63
"GTTCATTTCAGGCCCA",37
"GTTCATTTCCCAGGTG",52
"GTTCATTTCCTCCTAG",6
"GTTCATTTCGTCTGCT",9
"GTTCGGGAGAATGTTG",38
"GTTCGGGAGAGGGCTT",1
"GTTCGGGAGATGCGAC",80
"GTTCGGGAGCTAGCCC",33
"GTTCGGGAGGCTAGCA",13
"GTTCGGGAGGTGACCA",54
"GTTCGGGAGTGGCACA",90
"GTTCGGGCAAGGGTCA",51
"GTTCGGGCACACCGCA",55
"GTTCGGGCACGCCAGT",33
"GTTCGGGCACTAGTAC",59
"GTTCGGGCACTGTGTA",1000
"GTTCGGGCAGGAATCG",91
"GTTCGGGCATGGATGG",85
"GTTCGGGGTAATTGGA",54
"GTTCGGGGTACGACCC",15
"GTTCGGGGTCCTGCTT",30
"GTTCGGGGTGTATGGG",27
"GTTCGGGGTTTGCATG",59
"GTTCGGGTCAACGAAA",60
"GTTCGGGTCACGGTTA",93
"GTTCGGGTCAGCTCTC",19
"GTTCGGGTCCCTAATT",22
"GTTCGGGTCCTCTAGC",85
"GTTCGGGTCGACCAGC",78
"GTTCGGGTCGTGGACC",69
"GTTCGGGTCTCTGTCG",10
"GTTCGGGTCTGCAGTA",64
"GTTCGGGTCTGTTTGT",19
"GTTCGGGTCTTAGCCC",26
"GTTCGGGTCTTTACAC",7
"GTTCTCGAGCCTTGAT",55
"GTTCTCGAGGACTGGT",20
"GTTCTCGAGGCGCTCT",72
"GTTCTCGAGGCTATCT",85
"GTTCTCGAGTTAACGA",12
"GTTCTCGCACCTCGTT",86
"GTTCTCGCAGCATACT",1000
"GTTCTCGCAGCTCCGA",44
"GTTCTCGCAGGCTGAA",31
"GTTCTCGCAGTAAGAT",75
"GTTCTCGCATGGGAAC",18
"GTTCTCGCATGGGACA",85
"GTTCTCGGTGCCTGGT",79
"GTTCTCGGTGTCGCTG",33
"GTTCTCGGTTCTGTTT",61
"GTTCTCGTCAACGAAA",64
"GTTCTCGTCACGAAGG",93
"GTTCTCGTCCAGAAGG",16
"GTTCTCGTCCCTGACT",3
"GTTCTCGTCCGAACGC",35
"GTTCTCGTCCTTGCCA",30
"GTTCTCGTCGTCACGG",44
"GTTCTCGTCGTCTGAA",66
"GTTCTCGTCTCGTATT",32
"GTTCTCGTCTGCTGTC",13
"GTTTCTAAGACGCTTT",38
"GTTTCTAAGCGTAATA",92
"GTTTCTAAGCTACCGC",3
"GTTTCTAAGGGTGTTG",34
"GTTTCTAAGGTCGGAT",80
"GTTTCTAAGTATTGGA",14
"GTTTCTAAGTGAAGAG",1
"GTTTCTACAAAGCAAT",68
"GTTTCTACACAGCGTC",74
"GTTTCTACACATGTGT",0
"GTTTCTACACGTGAGA",85
"GTTTCTACAGACGCAA",1000
"GTTTCTACAGATAATG",21
"GTTTCTACAGGAATCG",92
"GTTTCTACATACAGCT",86
"GTTTCTAGTAAGAGAG",79
"GTTTCTAGTACCTACA",51
"GTTTCTAGTATCACCA",95
"GTTTCTAGTCAATACC",65
"GTTTCTAGTCTGCGGT",26
"GTTTCTAGTTCAACCA",33
"GTTTCTAGTTTAGGAA",8
"GTTTCTATCATCTGTT",57
"GTTTCTATCATGTAGC",75
"GTTTCTATCCGCTGTT",75
"GTTTCTATCTTCGGTC",81
"TAAACCGAGATCTGCT",69
"TAAACCGAGGCATTGG",13
"TAAACCGAGTACCGGA",90
"TAAACCGAGTCGCCGT",69
"TAAACCGCAAGTAATG",50
"TAAACCGCACACGCTG",20
"TAAACCGCACGGTGTC",1000
"TAAACCGCAGATGGCA",44
"TAAACCGCAGATTGCT",10
"TAAACCGCAGTTAACC",60
"TAAACCGCATCGGTTA",77
"TAAACCGCATCTACGA",33
"TAAACCGCATGAAGTA",81
"TAAACCGGTCGCATCG",50
"TAAACCGGTTTAGCTG",26
"TAAACCGTCACGAAGG",59
"TAAACCGTCATCGGAT",92
"TAAACCGTCCTTTCTC",65
"TAAACCGTCGTGGGAA",14
"TAAGAGAAGACTAAGT",44
"TAAGAGAAGATATACG",92
"TAAGAGAAGCTCCTTC",9
"TAAGAGAAGGCAAAGA",58
"TAAGAGAAGGCTCATT",45
"TAAGAGAAGGGCTCTC",21
"TAAGAGAAGGTTACCT",80
"TAAGAGACAATCGAAA",21
"TAAGAGACAATCTACG",8
"TAAGAGACAATGACCT",91
"TAAGAGACACGGCGTT",30
"TAAGAGACATATGCTG",13
"TAAGAGACATGGTAGG",91
"TAAGAGAGTCAGAGGT",74
"TAAGAGAGTCGACTGC",21
"TAAGAGAGTTTGACTG",80
"TAAGAGATCCGTCAAA",72
"TAAGAGATCGGAATCT",19
"TAAGAGATCTGAGTGT",62
"TAAGCGTAGACTAGGC",69
"TAAGCGTAGATGCCAG",22
"TAAGCGTAGCTATGCT",33
"TAAGCGTAGGAACTGC",39
"TAAGCGTAGTGATCGG",38
"TAAGCGTAGTGTACCT",35
"TAAGCGTAGTTTCCTT",15
"TAAGCGTCAATCACAC",24
"TAAGCGTCACCATCCT",46
"TAAGCGTCATACAGCT",81
"TAAGCGTGTGACTACT",21
"TAAGCGTGTGAGCGAT",1000
"TAAGCGTTCACCGTAA",39
"TAAGCGTTCCCAGGTG",6
"TAAGCGTTCGACCAGC",26
"TAAGTGCAGACAGACC",3
"TAAGTGCAGACTGGGT",84
"TAAGTGCAGAGGTTGC",54
"TAAGTGCAGAGTACCG",59
"TAAGTGCAGATGTAAC",85
"TAAGTGCAGCATCATC",38
"TAAGTGCAGCTAGGCA",82
"TAAGTGCAGGAGTTTA",75
"TAAGTGCAGGGAGTAA",26
"TAAGTGCAGGGCACTA",54
"TAAGTGCAGTCCCACG",30
"TAAGTGCAGTGCGATG",58
"TAAGTGCCAAACTGCT",45
"TAAGTGCCAGACACTT",38
"TAAGTGCCAGTGAGTG",62
"TAAGTGCGTACCTACA",63
"TAAGTGCGTCGCGGTT",30
"TAAGTGCGTCTAACGT",59
"TAAGTGCGTCTAGCCG",39
"TAAGTGCGTCTCGTTC",40
"TAAGTGCGTCTTTCAT",20
"TAAGTGCGTGTCGCTG",79
"TAAGTGCGTTCGGGCT",39
"TAAGTGCGTTTGACAC",90
"TAAGTGCTCACAGTAC",66
"TAAGTGCTCCGCAAGC",94
"TAAGTGCTCCTCAACC",13
"TAAGTGCTCGCAAACT",13
"TAAGTGCTCGGTGTCG",92
"TAAGTGCTCGTCCGTT",28
"TAAGTGCTCTAACTTC",10
"TAAGTGCTCTTACCTA",1000
"TACACGAAGAGCTGGT",50
"TACACGAAGCCCGAAA",85
"TACACGAAGCTACCTA",20
"TACACGAAGGTGCTTT",32
"TACACGAAGTGTACGG",87
"TACACGACAAGGCTCC",57
"TACACGACACATGACT",87
"TACACGACACATGGGA",67
"TACACGACACGAAACG",74
"TACACGACACGAGGTA",75
"TACACGACATAGAAAC",79
"TACACGAGTAAATGAC",81
"TACACGAGTAGAGCTG",66
"TACACGAGTCCAGTGC",85
"TACACGAGTTGCGTTA",74
"TACACGAGTTTGGCGC",44
"TACACGAGTTTGTGTG",13
"TACACGATCAGCTTAG",30
"TACACGATCATTGCGA",74
"TACACGATCCCTCTTT",38
"TACACGATCCTAGAAC",7
"TACACGATCCTAGGGC",4
"TACAGTGAGCTACCGC",13
"TACAGTGAGCTATGCT",9
"TACAGTGCAAGTTGTC",13
"TACAGTGCACACTGCG",44
"TACAGTGCACGTCTCT",30
"TACAGTGCACTTACGA",74
"TACAGTGCAGTTTACG",30
"TACAGTGCATCCCATC",59
"TACAGTGGTAGATTAG",3
"TACAGTGGTCGCTTCT",79
"TACAGTGGTTACCAGT",85
"TACAGTGTCACTTACT",7
"TACAGTGTCATAACCG",28
"TACAGTGTCTCGGACG",31
"TACAGTGTCTGTCTAT",40
"TACAGTGTCTTTACGT",37
"TACCTATAGAAGGACA",79
"TACCTATAGACTACAA",13
"TACCTATAGCAATCTC",7
"TACCTATAGCCAGGAT",56
"TACCTATAGCCGGTAA",77
"TACCTATAGGATGGAA",1000
"TACCTATAGTGAACAT",1000
"TACCTATAGTTAAGTG",86
"TACCTATAGTTGTAGA",40
"TACCTATCAACACCCG",86
"TACCTATCAGCTTAAC",45
"TACCTATCAGTATCTG",5
"TACCTATCAGTGGGAT",87
"TACCTATCATGTCCTC",3
"TACCTATGTAAATACG",60
"TACCTATGTAAATGAC",37
"TACCTATGTCGAATCT",55
"TACCTATGTCGGATCC",74
"TACCTATGTCGGCTCA",45
"TACCTATGTCTGGTCG",81
"TACCTATGTGACCAAG",40
"TACCTATGTTATGTGC",3
"TACCTATTCAGAAATG",39
"TACCTATTCAGCTCGG",32
"TACCTATTCATGCTCC",1
"TACCTATTCCCGACTT",26
"TACCTATTCCGCATCT",8
"TACCTATTCGCCATAA",13
"TACCTATTCTTCATGT",87
"TACCTTAAGAGGGCTT",39
"TACCTTAAGCGATTCT",8
"TACCTTAAGGACATTA",86
"TACCTTAAGTTGAGAT",20
"TACCTTAAGTTGTCGT",39
"TACCTTACAAACAACA",1000
"TACCTTACAAACGCGA",19
"TACCTTACAACAACCT",85
"TACCTTACAATACGCT",77
"TACCTTACACCAGTTA",87
"TACCTTACACCGGAAA",0
"TACCTTACACCTCGGA",51
"TACCTTACACGGACAA",48
"TACCTTACAGCTGTAT",11
"TACCTTACATAAGACA",14
"TACCTTACATAGGATA",11
"TACCTTAGTAAGAGGA",69
"TACCTTAGTATCGCAT",19
"TACCTTAGTCCCGACA",19
"TACCTTAGTCCGTTAA",94
"TACCTTAGTCGACTGC",86
"TACCTTAGTGACAAAT",20
"TACCTTAGTGCGCTTG",44
"TACCTTAGTGCTGTAT",46
"TACCTTAGTTCAGGCC",89
"TACCTTAGTTTGACTG",58
"TACCTTATCACTTCAT",13
"TACCTTATCAGCTCGG",19
"TACCTTATCCTTTCGG",94
"TACCTTATCGACAGCC",30
"TACCTTATCGCCATAA",20
"TACCTTATCGTTGACA",3
"TACCTTATCTACGAGT",92
"TACGGATAGAAACCTA",74
"TACGGATAGAACTCGG",80
"TACGGATAGGGTCGAT",37
"TACGGATCAAACCCAT",23
"TACGGATCAAGTTGTC",23
"TACGGATCACATGGGA",85
"TACGGATCACTCTGTC",75
"TACGGATCAGCTGTGC",43
"TACGGATCATCGTCGG",51
"TACGGATGTAAGGGCT",3
"TACGGATGTTCCACAA",50
"TACGGATGTTCTGGTA",74
"TACGGATTCAAGGTAA",72
"TACGGATTCGCAGGCT",25
"TACGGATTCGCGATCG",59
"TACGGATTCTTAACCT",59
"TACGGGCAGACTGTAA",14
"TACGGGCAGACTTTCG",1000
"TACGGGCAGAGACTTA",12
"TACGGGCAGAGTCGGT",48
"TACGGGCAGAGTGAGA",86
"TACGGGCAGCACGCCT",74
"TACGGGCAGCGGATCA",38
"TACGGGCAGGAGCGAG",86
"TACGGGCAGGCAAAGA",11
"TACGGGCAGGGCTCTC",71
"TACGGGCAGGTGTGGT",80
"TACGGGCAGTTTCCTT",38
"TACGGGCCAAATCCGT",85
"TACGGGCCAACACGCC",92
"TACGGGCCAATGGAAT",21
"TACGGGCCACATTCGA",20
"TACGGGCCACCGCTAG",21
"TACGGGCCACGGCTAC",26
"TACGGGCCATCCCACT",18
"TACGGGCCATCGTCGG",14
"TACGGGCGTGTCCTCT",13
"TACGGGCGTTTGTGTG",30
"TACGGGCTCCACGAAT",19
"TACGGGCTCCCGGATG",93
"TACGGGCTCCTCCTAG",93
"TACGGTAAGAATTGTG",19
"TACGGTAAGACCCACC",94
"TACGGTAAGACTTTCG",3
"TACGGTAAGCAATATG",8
"TACGGTAAGCTAGTTC",52
"TACGGTAAGGCAGGTT",86
"TACGGTAAGGCATTGG",32
"TACGGTAAGGCGATAC",43
"TACGGTAAGTCAAGCG",28
"TACGGTACAGACTCGC",79
"TACGGTACAGTATAAG",33
"TACGGTACATACTCTT",59
"TACGGTACATGGTCAT",59
"TACGGTACATGTAAGA",18
"TACGGTAGTAAAGTCA",36
"TACGGTAGTAACGACG",10
"TACGGTAGTGCGATAG",30
"TACGGTAGTGGCTCCA",32
"TACGGTAGTGTGGTTT",67
"TACGGTAGTTGCGCAC",20
"TACGGTAGTTTGTGTG",75
"TACGGTATCACTTCAT",43
"TACGGTATCAGGATCT",92
"TACGGTATCAGTCCCT",13
"TACGGTATCCAAACAC",1000
"TACGGTATCGCAAGCC",32
"TACGGTATCGCATGGC",85
"TACGGTATCTTAGAGC",13
"TACGGTATCTTTAGTC",45
"TACTCATAGAGTTGGC",20
"TACTCATAGATGTTAG",39
"TACTCATAGCAACGGT",0
"TACTCATAGGCAGGTT",30
"TACTCATAGGTGTTAA",31
"TACTCATAGTTGTAGA",55
"TACTCATCAACTGGCC",59
"TACTCATCACCCATTC",80
"TACTCATCACTGTCGG",43
"TACTCATCAGCCTTGG",64
"TACTCATCAGCTGCTG",78
"TACTCATCATCGGACC",19
"TACTCATCATGTAAGA",51
"TACTCATGTAAGGGCT",72
"TACTCATGTAAGTGGC",25
"TACTCATGTAGCGTAG",59
"TACTCATGTCGCGTGT",14
"TACTCATGTCGGCATC",25
"TACTCATGTGACCAAG",8
"TACTCATGTGATGATA",28
"TACTCATGTGCACCAC",29
"TACTCATGTTGCCTCT",75
"TACTCATTCATGTCTT",75
"TACTCATTCGATAGAA",27
"TACTCATTCTCAAGTG",67
"TACTCGCAGAGACTAT",71
"TACTCGCAGAGCTATA",59
"TACTCGCAGATTACCC",59
"TACTCGCAGGGTCGAT",88
"TACTCGCCAATGGATA",7
"TACTCGCCACACGCTG",75
"TACTCGCCAGCCACCA",27
"TACTCGCCAGCGATCC",44
"TACTCGCCATAAAGGT",26
"TACTCGCCATAGTAAG",32
"TACTCGCCATGCCACG",67
"TACTCGCGTACCCAAT",62
"TACTCGCGTCGCTTTC",80
"TACTCGCGTGATGTCT",80
"TACTCGCGTTACTGAC",80
"TACTCGCTCACCTTAT",79
"TACTCGCTCATAAAGG",14
"TACTCGCTCGTAGGAG",14
"TACTCGCTCTAGCACA",2
"TACTCGCTCTATCGCC",53
"TACTCGCTCTCAAGTG",8
"TACTCGCTCTGCAGTA",8
"TACTCGCTCTGCCAGG",33
"TACTCGCTCTGCGACG",13
"TACTTACAGGCGCTCT",1000
"TACTTACAGGGAGTAA",63
"TACTTACAGTACGCGA",89
"TACTTACAGTGGTCCC",90
"TACTTACAGTGTTTGC",14
"TACTTACAGTTCGCAT",62
"TACTTACAGTTCGCGC",83
"TACTTACCAACGCACC",45
"TACTTACCAAGGACTG",54
"TACTTACCACACTGCG",36
"TACTTACCACGGTAGA",54
"TACTTACCAGAGTGTG",30
"TACTTACCATTTCAGG",9
"TACTTACGTATGAAAC",1000
"TACTTACGTTATCACG",90
"TACTTACTCAAGAAGT",75
"TACTTACTCAGTTGAC",19
"TACTTACTCCAAGCCG",65
"TACTTACTCCAAGTAC",13
"TACTTACTCCTAGGGC",21
"TACTTACTCCTATTCA",43
"TACTTACTCCTTTCGG",8
"TACTTACTCTCCAACC",28
"TACTTACTCTGCTGTC",35
"TACTTACTCTTCAACT",81
"TACTTACTCTTTCCTC",16
"TACTTGTAGCGTCAAG",89
"TACTTGTAGGATGGAA",1000
"TACTTGTAGTTTAGGA",87
"TACTTGTCAATACGCT",46
"TACTTGTCACAGATTC",74
"TACTTGTCACCCATTC",32
"TACTTGTCACGGTAGA",0
"TACTTGTCAGACTCGC",14
"TACTTGTGTAGGGACT",6
"TACTTGTGTCTAGCCG",31
"TACTTGTGTGGTAACG",66
"TACTTGTGTGTGTGCC",59
"TACTTGTGTTACAGAA",24
"TACTTGTGTTACGCGC",86
"TACTTGTGTTATGTGC",30
"TACTTGTGTTTGTTTC",74
"TACTTGTTCCGTAGTA",41
"TACTTGTTCTCGTTTA",75
"TACTTGTTCTTCAACT",0
"TAGACCAAGAAGCCCA",20
"TAGACCAAGAGTGAGA",94
"TAGACCAAGGAATCGC",37
"TAGACCACAGACGCCT",0
"TAGACCACAGCTTCGG",34
"TAGACCACATATGAGA",86
"TAGACCAGTACCGCTG",21
"TAGACCAGTATCTGCA",79
"TAGACCAGTCAATGTC",43
"TAGACCAGTCTGCGGT",80
"TAGACCAGTGCAGACA",2
"TAGACCAGTGCCTGTG",89
"TAGACCATCAGCTCGG",90
"TAGACCATCCCTAACC",10
"TAGACCATCCGCAGTG",81
"TAGACCATCGGCATCG",37
"TAGACCATCGTACCGG",78
"TAGACCATCTAGCACA",14
"TAGACCATCTTCGGTC",94
"TAGAGCTAGCCGCCTA",75
"TAGAGCTAGGCTCTTA",33
"TAGAGCTAGGGTGTGT",55
"TAGAGCTAGTGATCGG",20
"TAGAGCTAGTGGAGTC",91
"TAGAGCTAGTGGTAAT",59
"TAGAGCTAGTGGTCCC",28
"TAGAGCTCAATGGACG",35
"TAGAGCTCACCAACCG",27
"TAGAGCTCACGAAATA",32
"TAGAGCTCAGCCACCA",38
"TAGAGCTCATCGATTG",71
"TAGAGCTGTAACGTTC",7
"TAGAGCTGTATAAACG",51
"TAGAGCTGTGCACTTA",13
"TAGAGCTGTGCCTGCA",70
"TAGAGCTGTGGCAAAC",68
"TAGAGCTGTGTGAATA",43
"TAGAGCTTCAACGAAA",0
"TAGAGCTTCAGCACAT",10
"TAGAGCTTCAGGATCT",68
"TAGAGCTTCCTCAACC",27
"TAGAGCTTCGAGAGCA",26
"TAGAGCTTCGGTCTAA",35
"TAGAGCTTCTTCATGT",87
"TAGCCGGAGACGCACA",51
"TAGCCGGAGGAATCGC",52
"TAGCCGGAGGAGCGTT",85
"TAGCCGGAGTGAAGAG",14
"TAGCCGGAGTGATCGG",85
"TAGCCGGCAACTTGAC",9
"TAGCCGGCAAGTCATC",33
"TAGCCGGCACATTAGC",35
"TAGCCGGCAGCCAATT",9
"TAGCCGGCATCACGAT",20
"TAGCCGGCATGCCACG",6
"TAGCCGGGTACATGTC",80
"TAGCCGGGTAGATTAG",10
"TAGCCGGGTAGCAAAT",53
"TAGCCGGGTAGCGATG",3
"TAGCCGGGTATATGAG",92
"TAGCCGGGTCAACATC",8
"TAGCCGGGTTGTGGCC",92
"TAGCCGGGTTGTTTGG",80
"TAGCCGGTCAACGCTA",1000
"TAGCCGGTCAACTCTT",3
"TAGCCGGTCACTATTC",92
"TAGCCGGTCAGTCAGT",8
"TAGCCGGTCCACGCAG",96
"TAGCCGGTCGCATGGC",23
"TAGCCGGTCTTGACGA",39
"TAGGCATAGACCTTTG",83
"TAGGCATAGAGCCCAA",74
"TAGGCATAGAGCTGGT",55
"TAGGCATAGATACACA",15
"TAGGCATAGGCGTACA",20
"TAGGCATCAAGGACAC",85
"TAGGCATCAAGGTTCT",62
"TAGGCATCAATGGACG",86
"TAGGCATCACCAGCAC",19
"TAGGCATCACCATGTA",59
"TAGGCATCACGAAGCA",32
"TAGGCATCACGGTAAG",14
"TAGGCATCAGACGCTC",86
"TAGGCATCAGAGCCAA",78
"TAGGCATCAGGCTGAA",26
"TAGGCATCATGGAATA",31
"TAGGCATCATTTGCTT",13
"TAGGCATGTAACGCGA",3
"TAGGCATGTCCGTGAC",63
"TAGGCATTCACTATTC",75
"TAGGCATTCCTTTACA",50
"TAGGCATTCTAGAGTC",4
"TAGGCATTCTCTGCTG",31
"TAGGCATTCTGATACG",23
"TAGGCATTCTTCTGGC",33
"TAGTGGTAGAGCTTCT",94
"TAGTGGTAGAGTACAT",63
"TAGTGGTAGCGAAGGG",55
"TAGTGGTAGCTGCAAG",69
"TAGTGGTAGTAGATGT",21
"TAGTGGTAGTCGATAA",48
"TAGTGGTCAAAGTCAA",0
"TAGTGGTCAAGCGCTC",11
"TAGTGGTCAAGTCATC",87
"TAGTGGTCACGGATAG",60
"TAGTGGTCAGGAATGC",93
"TAGTGGTCAGGCGATA",87
"TAGTGGTCAGTGAGTG",54
"TAGTGGTCAGTGGGAT",79
"TAGTGGTCATGGATGG",37
"TAGTGGTGTCTAGTGT",87
"TAGTGGTGTGCACGAA",35
"TAGTGGTTCAGAAATG",50
"TAGTGGTTCCTTGGTC",54
"TAGTGGTTCGGCGCAT",47
"TAGTGGTTCTGGTGTA",81
"TAGTTGGAGACGCACA",4
"TAGTTGGAGACTCGGA",74
"TAGTTGGAGGGTTTCT",21
"TAGTTGGAGGTGTGGT",86
"TAGTTGGAGTGGACGT",83
"TAGTTGGCAAGAGTCG",12
"TAGTTGGCACACCGAC",9
"TAGTTGGCACAGCGTC",7
"TAGTTGGCACATCCGG",11
"TAGTTGGCACGGACAA",20
"TAGTTGGCAGCCTATA",1000
"TAGTTGGCATGACATC",13
"TAGTTGGCATGCTAGT",4
"TAGTTGGGTAATCACC",88
"TAGTTGGGTATAGTAG",38
"TAGTTGGGTCACCCAG",7
"TAGTTGGGTCCCGACA",58
"TAGTTGGGTCTGCCAG",40
"TAGTTGGGTTTGTTTC",81
"TAGTTGGTCAAACCGT",86
"TAGTTGGTCCAAAGTC",10
"TAGTTGGTCCCTAACC",52
"TAGTTGGTCGAGGTAG",62
"TAGTTGGTCGGAATCT",94
"TAGTTGGTCGGTGTCG",74
"TAGTTGGTCGTAGGTT",20
"TAGTTGGTCTCCGGTT",51
"TAGTTGGTCTCGAGTA",1000
"TAGTTGGTCTCTGCTG",6
"TATCAGGAGAACTGTA",14
"TATCAGGAGAAGAAGC",33
"TATCAGGAGACTAGAT",38
"TATCAGGAGCGATCCC",89
"TATCAGGAGCGTCTAT",11
"TATCAGGAGCTGGAAC",74
"TATCAGGAGGGATCTG",4
"TATCAGGAGGTAGCCA",80
"TATCAGGAGTACTTGC",63
"TATCAGGAGTATCTCG",10
"TATCAGGAGTCATCCA",20
"TATCAGGAGTGGTAGC",26
"TATCAGGCACAAGTAA",75
"TATCAGGCAGACAAAT",41
"TATCAGGCATCACGAT",81
"TATCAGGCATCGGAAG",75
"TATCAGGCATTTCACT",94
"TATCAGGCATTTCAGG",36
"TATCAGGGTAGCACGA",48
"TATCAGGGTATATCCG",93
"TATCAGGGTGACAAAT",56
"TATCAGGGTGTTGGGA",83
"TATCAGGGTTATGCGT",26
"TATCAGGTCACTCTTA",59
"TATCAGGTCCGGGTGT",0
"TATCAGGTCCTACAGA",91
"TATCAGGTCCTTAATC",54
"TATCAGGTCGGCTTGG",48
"TATCAGGTCGTCCAGG",67
"TATCTCAAGACTACAA",48
"TATCTCAAGAGGTAGA",13
"TATCTCAAGCCGATTT",80
"TATCTCAAGCTACCGC",80
"TATCTCAAGTCATGCT",38
"TATCTCAAGTCCTCCT",47
"TATCTCACAACGATCT",54
"TATCTCACAGGTGGAT",10
"TATCTCACATAACCTG",92
"TATCTCAGTACTCGCG",86
"TATCTCATCAATAAGG",65
"TATCTCATCACCCTCA",54
"TATCTCATCAGGATCT",85
"TATCTCATCAGTGCAT",1
"TATCTCATCCCTTGCA",4
"TATCTCATCGGCCGAT",57
"TATCTCATCGTCCAGG",28
"TATCTCATCGTTACGA",74
"TATCTCATCTAGCACA",39
"TATCTCATCTGAGTGT",19
"TATGCCCAGTAGGTGC",10
"TATGCCCAGTCAATAG",90
"TATGCCCCAAGCTGAG",86
"TATGCCCCAGCTCCGA",13
"TATGCCCGTCGCATCG",3
"TATGCCCGTCGGCTCA",38
"TATGCCCGTGCAGTAG",1
"TATGCCCTCAACACTG",30
"TATGCCCTCAGAGACG",54
"TATGCCCTCGTATCAG",1000
"TATGCCCTCGTCTGCT",66
"TATTACCAGAGACTTA",85
"TATTACCAGAGGGATA",21
"TATTACCAGCGATAGC",11
"TATTACCAGCGGATCA",1000
"TATTACCAGCGTGTCC",48
"TATTACCAGCTATGCT",21
"TATTACCAGCTCAACT",94
"TATTACCAGGAGCGAG",37
"TATTACCAGGTGCAAC",27
"TATTACCAGTATGACA",67
"TATTACCCAAATACAG",92
"TATTACCCAAGTAATG",87
"TATTACCCAGATCCAT",40
"TATTACCCAGGGAGAG",3
"TATTACCCATTCACTT",56
"TATTACCCATTGGGCC",85
"TATTACCCATTTGCTT",92
"TATTACCGTAAACGCG",37
"TATTACCGTACTTAGC",46
"TATTACCGTCAATACC",10
"TATTACCGTCTGCAAT",64
"TATTACCGTCTTTCAT",6
"TATTACCGTTAAGTAG",75
"TATTACCGTTGGTGGA",20
"TATTACCGTTTCGCTC",93
"TATTACCTCACCACCT",6
"TATTACCTCCGTTGTC",75
"TATTACCTCCTATGTT",60
"TATTACCTCCTTTCGG",0
"TATTACCTCGAATGCT",58
"TATTACCTCGTTGCCT",42
"TATTACCTCTTCATGT",91
"TCAACGAAGCCAGTAG",30
"TCAACGAAGCGTAGTG",31
"TCAACGAAGCTAGTTC",74
"TCAACGAAGGACACCA",9
"TCAACGAAGGACGAAA",30
"TCAACGAAGGATGGTC",8
"TCAACGAAGGGTGTGT",1000
"TCAACGAAGGTGCAAC",9
"TCAACGAAGTGTACCT",59
"TCAACGACAAAGGTGC",70
"TCAACGACAAGTACCT",50
"TCAACGACACAGCCCA",75
"TCAACGACACGCTTTC",22
"TCAACGACACGGTTTA",30
"TCAACGACACTGTCGG",38
"TCAACGACAGACGCCT",0
"TCAACGACAGTAGAGC",1
"TCAACGACATGGTCTA",94
"TCAACGAGTACCATCA",0
"TCAACGAGTACTCAAC",21
"TCAACGAGTATGAATG",75
"TCAACGAGTGACTACT",85
"TCAACGAGTGGCTCCA",68
"TCAACGAGTTATGCGT",13
"TCAACGAGTTTAAGCC",94
"TCAACGATCATACGGT",13
"TCAACGATCATGTCTT",31
"TCAACGATCCACGAAT",37
"TCAACGATCCTAGTGA",19
"TCAACGATCCTGTAGA",80
"TCAACGATCGCACTCT",66
"TCAACGATCGCCAAAT",1
"TCAACGATCTAACCGA",58
"TCAACGATCTGCAGTA",3
"TCAACGATCTTTCCTC",14
"TCAATCTAGAATTGTG",34
"TCAATCTAGACAGACC",69
"TCAATCTAGCAGACTG",62
"TCAATCTAGCGTGAAC",56
"TCAATCTAGCTGAACG",30
"TCAATCTAGTCTCAAC",75
"TCAATCTAGTTGAGTA",39
"TCAATCTCAAGTACCT",25
"TCAATCTCACCTGGTG",92
"TCAATCTCATGGTCAT",66
"TCAATCTGTCATACTG",51
"TCAATCTGTCTCACCT",8
"TCAATCTGTCTTCTCG",69
"TCAATCTGTGGGTCAA",87
"TCAATCTGTTACGCGC",16
"TCAATCTGTTCCCTTG",86
"TCAATCTGTTTCGCTC",53
"TCAATCTTCAACGCTA",1000
"TCAATCTTCACCTTAT",89
"TCAATCTTCAGAGACG",13
"TCAATCTTCAGTTCGA",32
"TCAATCTTCATGGTCA",30
"TCAATCTTCGTCGTTC",3
"TCAATCTTCGTGGACC",87
"TCAATCTTCTACTATC",94
"TCAATCTTCTGAGGGA",71
"TCAATCTTCTGTCTCG",20
"TCAATCTTCTTGTTTG",71
"TCACAAGAGAAGGTGA",39
"TCACAAGAGAGTAATC",82
"TCACAAGAGGATCGCA",68
"TCACAAGAGTGGACGT",75
"TCACAAGCAACGATGG",26
"TCACAAGCACCAGGTC",8
"TCACAAGCACGCTTTC",94
"TCACAAGCACGGACAA",94
"TCACAAGCACTTAACG",31
"TCACAAGGTAGCGCAA",62
"TCACAAGGTCAGATAA",67
"TCACAAGGTCCAGTAT",23
"TCACAAGGTCGCGGTT",10
"TCACAAGGTGAAGGCT",64
"TCACAAGGTGTTGAGG",3
"TCACAAGGTGTTTGGT",39
"TCACAAGGTTTGGCGC",8
"TCACAAGTCACAAACC",20
"TCACAAGTCCATGCTC",65
"TCACAAGTCCGCGTTT",37
"TCACAAGTCGTCTGCT",3
"TCACAAGTCTCTAAGG",10
"TCACGAAAGAGACTTA",0
"TCACGAAAGATCACGG",12
"TCACGAAAGCGTAGTG",11
"TCACGAAAGCTCCTCT",10
"TCACGAAAGGTGCTTT",32
"TCACGAAAGGTTCCTA",86
"TCACGAAAGTAGCCGA",20
"TCACGAAAGTGAACAT",92
"TCACGAAAGTGAAGAG",89
"TCACGAAGTAAGGGAA",55
"TCACGAAGTACTCAAC",66
"TCACGAAGTCACTTCC",8
"TCACGAAGTCAGAATA",45
"TCACGAAGTCCAAGTT",85
"TCACGAAGTGTGCGTC",91
"TCACGAAGTTTACTCT",50
"TCACGAATCACTTACT",54
"TCACGAATCCAGAGGA",84
"TCACGAATCCATGAGT",76
"TCACGAATCCTCAACC",25
"TCACGAATCGCCGTGA",59
"TCACGAATCGTTGCCT",6
"TCACGAATCTGCCCTA",9
"TCACGAATCTTTAGTC",80
"TCAGATGAGATAGCAT",72
"TCAGATGAGATGCCTT",74
"TCAGATGAGCCAACAG",22
"TCAGATGAGGAGTTTA",63
"TCAGATGAGTACTTGC",27
"TCAGATGAGTCGTTTG",28
"TCAGATGAGTGACTCT",1000
"TCAGATGCACACCGCA",80
"TCAGATGCAGATAATG",92
"TCAGATGCAGCCTTTC",58
"TCAGATGCAGTAGAGC",75
"TCAGATGCATTTGCCC",30
"TCAGATGGTACGAAAT",1000
"TCAGATGGTCATCCCT",39
"TCAGATGGTCTTGCGG",77
"TCAGATGGTGGAAAGA",35
"TCAGATGGTGTCGCTG",89
"TCAGATGGTGTTTGGT",1000
"TCAGATGGTTAAAGAC",76
"TCAGATGGTTACCAGT",51
"TCAGATGGTTCAACCA",85
"TCAGATGTCAAGATCC",9
"TCAGATGTCATCGGAT",42
"TCAGATGTCCTCCTAG",40
"TCAGATGTCGCCAGCA",91
"TCAGATGTCGGTCTAA",74
"TCAGATGTCGTTGACA",59
"TCAGATGTCTGCTTGC",13
"TCAGATGTCTTGACGA",1
"TCAGATGTCTTGTTTG",26
"TCAGCAAAGCCTATGT",80
"TCAGCAAAGCGTCAAG",58
"TCAGCAAAGGGAGTAA",15
"TCAGCAAAGTCAAGGC",34
"TCAGCAACAAGTACCT",19
"TCAGCAACACGCCAGT",38
"TCAGCAACAGCAGTTT",25
"TCAGCAACATTCCTGC",92
"TCAGCAACATTCGACA",35
"TCAGCAAGTAGCGATG",91
"TCAGCAAGTATTCTCT",53
"TCAGCAAGTCTAAAGA",4
"TCAGCAAGTCTAGTGT",34
"TCAGCAAGTGCACGAA",94
"TCAGCAAGTGCAGGTA",19
"TCAGCAATCAGTTCGA",17
"TCAGCAATCGCCGTGA",74
"TCAGCAATCTAACTTC",52
"TCAGCAATCTTTAGTC",16
"TCAGCTCAGAATTGTG",69
"TCAGCTCAGACCTAGG",69
"TCAGCTCAGCAACGGT",20
"TCAGCTCAGCGGATCA",58
"TCAGCTCAGGACAGAA",27
"TCAGCTCAGGAGTAGA",94
"TCAGCTCAGGCGATAC",55
"TCAGCTCAGGGCTTCC",50
"TCAGCTCAGTACCGGA",91
"TCAGCTCAGTCCGTAT",43
"TCAGCTCCAACGATGG",65
"TCAGCTCCAATCACAC",68
"TCAGCTCCAATGACCT",7
"TCAGCTCCAATGGAGC",16
"TCAGCTCCACAGTCGC",1
"TCAGCTCCACGGTAGA",54
"TCAGCTCCAGCTCCGA",77
"TCAGCTCCAGTCGATT",85
"TCAGCTCCATCCCACT",10
"TCAGCTCCATTGGTAC",5
"TCAGCTCGTATGGTTC",5
"TCAGCTCGTGAAATCA",86
"TCAGCTCGTGTAATGA",57
"TCAGCTCTCAAGATCC",86
"TCAGCTCTCAGCTCTC",1000
"TCAGCTCTCATGCTCC",75
"TCAGCTCTCATGGTCA",36
"TCAGCTCTCCGAACGC",67
"TCAGCTCTCCGAGCCA",16
"TCAGCTCTCGACAGCC",69
"TCAGCTCTCGCGATCG",8
"TCAGCTCTCGTCGTTC",9
"TCAGCTCTCTAACTCT",86
"TCAGCTCTCTACCTGC",33
"TCAGGATAGAGTAAGG",64
"TCAGGATAGCCACCTG",51
"TCAGGATAGCTGGAAC",27
"TCAGGATAGGAGTTTA",37
"TCAGGATAGGCTAGCA",41
"TCAGGATAGGTAGCCA",13
"TCAGGATCAAGAAGAG",31
"TCAGGATCACAGACTT",1000
"TCAGGATCACAGGAGT",8
"TCAGGATCACATCCGG",38
"TCAGGATCACCCTATC",44
"TCAGGATCACGGATAG",93
"TCAGGATCAGCTCGCA",33
"TCAGGATCAGTCACTA",45
"TCAGGATCAGTCGATT",51
"TCAGGATGTAACGTTC",32
"TCAGGATGTAAGAGAG",74
"TCAGGATGTAAGGGCT",13
"TCAGGATGTCGGATCC",59
"TCAGGATGTCTTGCGG",29
"TCAGGATGTGGGTCAA",54
"TCAGGATGTTCCACGG",44
"TCAGGATGTTCCCTTG",3
"TCAGGATTCAAACCGT",63
"TCAGGATTCAGCATGT",14
"TCAGGATTCCATGAAC",28
"TCAGGATTCCCGGATG",42
"TCAGGATTCCCTCTTT",48
"TCAGGATTCCGCAGTG",5
"TCAGGATTCTGATTCT",31
"TCAGGTAAGAATCTCC",94
"TCAGGTAAGATGTGTA",58
"TCAGGTAAGTACGATA",18
"TCAGGTACAAGTCTAC",39
"TCAGGTACAATGAAAC",13
"TCAGGTACACCAGCAC",18
"TCAGGTACAGCCAGAA",18
"TCAGGTACAGCTGTAT",1
"TCAGGTACAGGCTCAC",19
"TCAGGTACATGCCTAA",27
"TCAGGTAGTACGCACC",36
"TCAGGTAGTCCTCCAT",18
"TCAGGTAGTCGGCTCA",8
"TCAGGTAGTCTCCACT",31
"TCAGGTAGTGAACCTT",62
"TCAGGTAGTGCACGAA",37
"TCAGGTAGTGCGATAG",62
"TCAGGTAGTTAAGATG",68
"TCAGGTAGTTCCCTTG",68
"TCAGGTAGTTTGTGTG",74
"TCAGGTATCAACGAAA",16
"TCAGGTATCAGCTCGG",55
"TCAGGTATCCGCAGTG",39
"TCAGGTATCGTACGGC",89
"TCAGGTATCTTGTATC",59
"TCATTACAGACACTAA",14
"TCATTACAGCTAGGCA",50
"TCATTACAGCTGAAAT",74
"TCATTACAGTCGAGTG",38
"TCATTACAGTTGTAGA",4
"TCATTACCAAAGTCAA",76
"TCATTACCAATGAAAC",86
"TCATTACCACGCGAAA",1000
"TCATTACCAGCATACT",93
"TCATTACCAGCATGAG",55
"TCATTACCAGCTCGAC",15
"TCATTACCAGGCGATA",15
"TCATTACCATGAGCGA",81
"TCATTACCATTGGCGC",55
"TCATTACGTATCACCA",1000
"TCATTACGTCACTGGC",27
"TCATTACGTGATGATA",27
"TCATTACGTGTGACGA",2
"TCATTACGTTCCTCCA",14
"TCATTACTCAGGATCT",80
"TCATTACTCATGTGGT",50
"TCATTACTCGAATGGG",41
"TCATTACTCGCAAACT",80
"TCATTACTCGCCGTGA",32
"TCATTACTCGTAGGAG",87
"TCATTTGAGAGTTGGC",50
"TCATTTGAGCAAATCA",8
"TCATTTGCAACGATGG",29
"TCATTTGCACGAAACG",50
"TCATTTGCAGCATGAG",37
"TCATTTGCAGTATCTG",50
"TCATTTGCAGTCGTGC",79
"TCATTTGGTAGATTAG",41
"TCATTTGGTAGCCTCG",91
"TCATTTGGTATATGAG",92
"TCATTTGGTCTCCACT",31
"TCATTTGGTCTCCCTA",78
"TCATTTGGTGCACGAA",60
"TCATTTGGTGTGACCC",85
"TCATTTGTCAACGAAA",55
"TCATTTGTCACCTTAT",56
"TCATTTGTCATCATTC",54
"TCATTTGTCCATGCTC",87
"TCATTTGTCCCTTGCA",33
"TCATTTGTCCGTAGGC",76
"TCATTTGTCGCAAACT",56
"TCATTTGTCGGGAGTA",8
"TCATTTGTCGTGGTCG",81
"TCATTTGTCTTAACCT",13
"TCCACACAGCAGCGTA",37
"TCCACACAGCGATTCT",27
"TCCACACAGCGCCTTG",21
"TCCACACAGCGTAATA",80
"TCCACACAGGTGCAAC",1000
"TCCACACAGTACGTTC",21
"TCCACACAGTGTCCAT",39
"TCCACACCAAGCGTAG",81
"TCCACACCACCTATCC",7
"TCCACACCAGAGTGTG",77
"TCCACACGTAGGGTAC",39
"TCCACACGTCCTAGCG",62
"TCCACACGTGGTCCGT",59
"TCCACACGTTCAGTAC",9
"TCCACACGTTCGGCAC",6
"TCCACACTCAGAGCTT",76
"TCCACACTCAGCTTAG",96
"TCCACACTCATGTCCC",86
"TCCACACTCCAAGCCG",74
"TCCACACTCCAATGGT",2
"TCCACACTCCGGGTGT",14
"TCCACACTCGGCGCAT",8
"TCCACACTCTGGCGAC",39
"TCCCGATAGACAGGCT",2
"TCCCGATAGAGGGCTT",41
"TCCCGATAGCGTGAAC",90
"TCCCGATAGGACTGGT",47
"TCCCGATAGGCCCTCA",88
"TCCCGATAGGTGCAAC",19
"TCCCGATAGTATTGGA",20
"TCCCGATAGTCATCCA",1000
"TCCCGATAGTGATCGG",10
"TCCCGATAGTGGGATC",92
"TCCCGATCAAAGAATC",5
"TCCCGATCAAGCTGAG",69
"TCCCGATCACATTCGA",16
"TCCCGATCACGGCCAT",54
"TCCCGATCACGTGAGA",44
"TCCCGATCAGGGTATG",40
"TCCCGATCATCTCGCT",44
"TCCCGATGTAGCTGCC",1000
"TCCCGATGTAGGGTAC",54
"TCCCGATGTCAGTGGA",27
"TCCCGATGTCGGGTCT",87
"TCCCGATGTCTCTCGT",89
"TCCCGATGTGCTAGCC",54
"TCCCGATTCAAACCGT",46
"TCCCGATTCACCATAG",69
"TCCCGATTCAGTTCGA",43
"TCCCGATTCCGCGCAA",10
"TCCCGATTCCGTAGGC",74
"TCCCGATTCCTATGTT",62
"TCCCGATTCGTTTAGG",0
"TCCCGATTCTTGTATC",79
"TCGAGGCAGACTAGAT",33
"TCGAGGCAGAGTGAGA",32
"TCGAGGCAGATGTGTA",14
"TCGAGGCAGCCACGTC",78
"TCGAGGCAGCTAAACA",94
"TCGAGGCAGCTCCCAG",0
"TCGAGGCAGGCAAAGA",41
"TCGAGGCAGTGGTAGC",94
"TCGAGGCAGTTGCAGG",64
"TCGAGGCCACAGGTTT",54
"TCGAGGCCACCAGCAC",36
"TCGAGGCCACGCATCG",1000
"TCGAGGCCAGCCTTGG",56
"TCGAGGCGTAATCGTC",77
"TCGAGGCGTCAACATC",1000
"TCGAGGCGTCACTTCC",21
"TCGAGGCTCAAACGGG",10
"TCGAGGCTCAATCACG",80
"TCGAGGCTCACCATAG",19
"TCGAGGCTCATTTGGG",1000
"TCGAGGCTCGTTGCCT",56
"TCGAGGCTCTTCGGTC",79
"TCGCGAGAGACCGGAT",20
"TCGCGAGAGATATGGT",15
"TCGCGAGAGCAGCCTC",10
"TCGCGAGAGCCGTCGT",94
"TCGCGAGAGGAGCGTT",91
"TCGCGAGAGGGTGTTG",82
"TCGCGAGAGGTGATTA",43
"TCGCGAGAGTGCGATG",79
"TCGCGAGCAAGCCTAT",36
"TCGCGAGCAAGGGTCA",38
"TCGCGAGCAATGAAAC",56
"TCGCGAGCACAGAGGT",11
"TCGCGAGCACCAGGCT",35
"TCGCGAGCACCTGGTG",27
"TCGCGAGCACGAAACG",91
"TCGCGAGCATGCCACG",55
"TCGCGAGGTAGCTTGT",79
"TCGCGAGGTAGGAGTC",20
"TCGCGAGGTCCATCCT",41
"TCGCGAGGTCCATGAT",77
"TCGCGAGGTCGCTTCT",65
"TCGCGAGGTCTGCAAT",30
"TCGCGAGGTGCAGACA",54
"TCGCGAGGTGGCCCTA",78
"TCGCGAGGTGGTAACG",50
"TCGCGAGGTTACTGAC",74
"TCGCGAGTCCCAACGG",45
"TCGCGAGTCCCATTTA",40
"TCGCGAGTCGACCAGC",54
"TCGCGAGTCGGCTACG",51
"TCGCGAGTCTGTTGAG",51
"TCGCGTTAGACGACGT",19
"TCGCGTTAGAGAGCTC",94
"TCGCGTTAGAGCCCAA",34
"TCGCGTTAGCGACGTA",33
"TCGCGTTAGCGTTTAC",14
"TCGCGTTAGGCTACGA",45
"TCGCGTTAGTCCAGGA",54
"TCGCGTTAGTGCGTGA",32
"TCGCGTTAGTGTGGCA",91
"TCGCGTTCAAAGGAAG",59
"TCGCGTTCAAGGGTCA",1000
"TCGCGTTCAATAGAGT",25
"TCGCGTTCACAGACAG",59
"TCGCGTTCAGACAAGC",10
"TCGCGTTCAGATGGCA",59
"TCGCGTTCATAGAAAC",9
"TCGCGTTCATGTCCTC",55
"TCGCGTTCATGTCGAT",72
"TCGCGTTGTAGGCATG",9
"TCGCGTTGTCGACTAT",28
"TCGCGTTGTCGGCACT",25
"TCGCGTTGTCTGCAAT",10
"TCGCGTTGTGCAACGA",56
"TCGCGTTGTGGTACAG",20
"TCGCGTTGTGTGACGA",21
"TCGCGTTGTTCGCGAC",0
"TCGCGTTGTTGATTGC",13
"TCGCGTTTCACCGGGT",13
"TCGCGTTTCCTGTACC",59
"TCGCGTTTCCTTTCGG",59
"TCGCGTTTCTCCAGGG",38
"TCGCGTTTCTCCCTGA",66
"TCGCGTTTCTCGGACG",8
"TCGGGACAGAAACGCC",1
"TCGGGACAGAATTCCC",48
"TCGGGACAGACAGACC",86
"TCGGGACAGACTAGGC",85
"TCGGGACAGCACGCCT",54
"TCGGGACAGGATGTAT",47
"TCGGGACAGTCCCACG",29
"TCGGGACAGTCTCCTC",6
"TCGGGACCAAGTAGTA",94
"TCGGGACCACATGACT",20
"TCGGGACCAGATCTGT",3
"TCGGGACGTAAAGTCA",78
"TCGGGACGTCGCGAAA",81
"TCGGGACGTCGGCTCA",3
"TCGGGACGTGGTACAG",26
"TCGGGACTCCAGGGCT",3
"TCGGGACTCCTGCCAT",55
"TCGGGACTCCTTCAAT",18
"TCGGGACTCGCAAGCC",59
"TCGGGACTCGGGAGTA",32
"TCGGGACTCGTCACGG",54
"TCGGGACTCTCACATT",79
"TCGGGACTCTCCAACC",76
"TCGGGACTCTCGAGTA",37
"TCGGTAAAGAGGTACC",2
"TCGGTAAAGCCGGTAA",34
"TCGGTAAAGCTAGTTC",53
"TCGGTAAAGGCTCAGA",58
"TCGGTAAAGTGGGATC",32
"TCGGTAAAGTTATCGC",85
"TCGGTAACAAACCTAC",75
"TCGGTAACAAGCCTAT",30
"TCGGTAACAAGCTGAG",38
"TCGGTAACACCAGTTA",9
"TCGGTAACACTTAAGC",28
"TCGGTAACAGATGGGT",1
"TCGGTAACAGCCTTGG",4
"TCGGTAACAGCGAACA",30
"TCGGTAACATGCTAGT",2
"TCGGTAACATGGGAAC",54
"TCGGTAAGTAGAGCTG",1
"TCGGTAAGTCCAACTA",19
"TCGGTAAGTCGGCATC",15
"TCGGTAAGTGCACGAA",44
"TCGGTAATCAACGCTA",80
"TCGGTAATCACAGGCC",54
"TCGGTAATCCTGCTTG",66
"TCGGTAATCTGAGTGT",13
"TCGGTAATCTGCGTAA",75
"TCGGTAATCTTCAACT",81
"TCGTACCAGAACAACT",86
"TCGTACCAGAGAGCTC",88
"TCGTACCAGGACAGCT",30
"TCGTACCAGGAGCGTT",9
"TCGTACCAGGATGCGT",51
"TCGTACCAGTCGAGTG",56
"TCGTACCAGTTCCACA",34
"TCGTACCCACGCCAGT",64
"TCGTACCCAGAAGCAC",11
"TCGTACCCAGGGTTAG",2
"TCGTACCCAGTTCCCT",71
"TCGTACCCATGCTGGC",80
"TCGTACCGTATATGGA",1000
"TCGTACCGTCGCATAT",75
"TCGTACCGTCTTCGTC",30
"TCGTACCGTGAGTGAC",52
"TCGTACCGTTTACTCT",9
"TCGTACCTCACGGTTA",39
"TCGTACCTCACTTCAT",21
"TCGTACCTCATAGCAC",87
"TCGTACCTCATCACCC",79
"TCGTACCTCCAATGGT",41
"TCGTACCTCCGAGCCA",44
"TCGTACCTCCGCATCT",9
"TCGTACCTCTATCGCC",92
"TCGTACCTCTGGTGTA",22
"TCGTACCTCTTTACAC",94
"TCGTAGAAGCCACGCT",33
"TCGTAGAAGCCAGTAG",43
"TCGTAGAAGCCTTGAT",75
"TCGTAGAAGGCCCTTG",25
"TCGTAGAAGGTACTCT",84
"TCGTAGAAGGTGCTAG",80
"TCGTAGAAGTCATGCT",1000
"TCGTAGAAGTCTCCTC",8
"TCGTAGAAGTGCTGCC",47
"TCGTAGAAGTGTGGCA",6
"TCGTAGACAAACCTAC",54
"TCGTAGACAAGAAGAG",55
"TCGTAGACAAGAGGCT",74
"TCGTAGACATTACGAC",75
"TCGTAGACATTTGCTT",74
"TCGTAGAGTAGGCTGA",8
"TCGTAGAGTCATGCAT",11
"TCGTAGAGTGAAATCA",55
"TCGTAGAGTGATGTGG",72
"TCGTAGAGTGCTAGCC",11
"TCGTAGAGTGGTTTCA",75
"TCGTAGAGTGTGGCTC",59
"TCGTAGAGTGTTCTTT",26
"TCGTAGAGTTATCCGA",74
"TCGTAGAGTTATGCGT",94
"TCGTAGATCAGTGCAT",85
"TCGTAGATCGCTGATA",31
"TCGTAGATCTGCGACG",94
"TCGTAGATCTGCTGCT",77
"TCGTAGATCTGGTATG",33
"TCTATTGAGATGTAAC",90
"TCTATTGAGTATCGAA",94
"TCTATTGCAAAGGTGC",19
"TCTATTGCAAGGTGTG",75
"TCTATTGCAATGTTGC",26
"TCTATTGCACGACGAA",1
"TCTATTGCACGGTTTA",51
"TCTATTGCACTTACGA",32
"TCTATTGCAGGGTATG",86
"TCTATTGCATATGAGA",18
"TCTATTGGTATTCGTG",74
"TCTATTGGTCAAACTC",59
"TCTATTGGTCAACTGT",66
"TCTATTGGTCAGAAGC",20
"TCTATTGGTCAGAATA",63
"TCTATTGGTCCAGTAT",72
"TCTATTGGTGTGAATA",20
"TCTATTGGTTCACGGC",9
"TCTATTGGTTCGCTAA",81
"TCTATTGTCACGCGGT",53
"TCTATTGTCACTTATC",86
"TCTATTGTCATAAAGG",50
"TCTATTGTCCTATGTT",77
"TCTATTGTCGTGACAT",1
"TCTATTGTCTCCAGGG",38
"TCTATTGTCTTTCCTC",6
"TCTCATAAGAGGTACC",81
"TCTCATAAGCAGGCTA",13
"TCTCATAAGCGACGTA",26
"TCTCATAAGGGTCTCC",85
"TCTCATACAACACCCG",1000
"TCTCATACACACGCTG",39
"TCTCATACAGATTGCT",59
"TCTCATACAGCCAATT",7
"TCTCATACAGCTCGAC",39
"TCTCATACATACTACG",51
"TCTCATACATCGGACC",1000
"TCTCATACATCTCGCT",67
"TCTCATAGTAACGACG",39
"TCTCATAGTAAGGGCT",92
"TCTCATAGTCTACCTC",39
"TCTCATAGTGACAAAT",67
"TCTCATAGTGCACTTA",27
"TCTCATAGTGTATGGG",26
"TCTCATAGTGTGACCC",92
"TCTCATAGTGTGGCTC",41
"TCTCATATCATGGTCA",55
"TCTCATATCATTTGGG",74
"TCTCATATCCAAGTAC",13
"TCTCATATCCCATTTA",66
"TCTCATATCGCGTAGC",13
"TCTCATATCGGTGTTA",59
"TCTCATATCGTACGGC",20
"TCTCATATCTGGGCCA",71
"TCTCATATCTTCTGGC",30
"TCTCATATCTTGTTTG",59
"TCTCTAAAGACAATAC",32
"TCTCTAAAGACAGACC",86
"TCTCTAAAGGCAGGTT",46
"TCTCTAAAGGGTCGAT",38
"TCTCTAAAGTAATCCC",43
"TCTCTAACAAATTGCC",8
"TCTCTAACAACACCTA",82
"TCTCTAACAGACGTAG",40
"TCTCTAACATGAGCGA",45
"TCTCTAAGTAGTGAAT",86
"TCTCTAAGTCCGAACC",92
"TCTCTAAGTCTCTCGT",28
"TCTCTAAGTCTGCAAT",3
"TCTCTAAGTTACTGAC",59
"TCTCTAATCACGCGGT",30
"TCTCTAATCACTTCAT",38
"TCTCTAATCAGGTAAA",92
"TCTCTAATCATGTAGC",79
"TCTCTAATCCACGCAG",92
"TCTCTAATCCGCAAGC",38
"TCTCTAATCCGTCAAA",24
"TCTCTAATCCGTTGCT",62
"TCTCTAATCTATCGCC",50
"TCTCTAATCTGAGGGA",51
"TCTCTAATCTGCAAGT",48
"TCTGAGAAGAGCTATA",7
"TCTGAGAAGATCTGAA",18
"TCTGAGAAGCTGAAAT",54
"TCTGAGAAGGAGTTGC",27
"TCTGAGAAGTAAGTAC",79
"TCTGAGAAGTACGACG",25
"TCTGAGAAGTCAAGCG",16
"TCTGAGAAGTGGAGTC",19
"TCTGAGAAGTGTTGAA",47
"TCTGAGACAGATTGCT",50
"TCTGAGAGTAGCAAAT",82
"TCTGAGAGTTCACGGC",30
"TCTGAGAGTTTACTCT",38
"TCTGAGATCAATACCG",59
"TCTGAGATCACTTACT",39
"TCTGAGATCCCATTAT",15
"TCTGAGATCCTCAATT",21
"TCTGAGATCCTTTACA",50
"TCTGAGATCGTAGGTT",38
"TCTGAGATCGTGTAGT",43
"TCTGAGATCTCTGAGA",85
"TCTGAGATCTTCGAGA",90
"TCTGGAAAGATCCGAG",59
"TCTGGAAAGATGGCGT",21
"TCTGGAAAGTGTTAGA",21
"TCTGGAAAGTTCGCGC",11
"TCTGGAACACAGGTTT",94
"TCTGGAACACATCCAA",55
"TCTGGAACACCATCCT",75
"TCTGGAACACGAAAGC",37
"TCTGGAACAGCCAGAA",8
"TCTGGAACAGCGTAAG",88
"TCTGGAACAGCTCGAC",20
"TCTGGAACAGGAATCG",69
"TCTGGAACAGGTGCCT",78
"TCTGGAACATACTCTT",86
"TCTGGAAGTAAGTTCC",17
"TCTGGAAGTCACTGGC",1000
"TCTGGAAGTCAGGACA",8
"TCTGGAAGTCCATCCT",1000
"TCTGGAAGTCGAAAGC",79
"TCTGGAAGTCTTGTCC",1000
"TCTGGAAGTGGTGTAG",65
"TCTGGAAGTTGACGTT",30
"TCTGGAAGTTTGGCGC",1000
"TCTGGAATCAAGATCC",65
"TCTGGAATCGGACAAG",39
"TCTGGAATCGGTCCGA",75
"TCTGGAATCGTTTAGG",20
"TCTGGAATCTCTTATG",53
"TCTTCGGAGAAACCAT",3
"TCTTCGGAGAATGTGT",63
"TCTTCGGAGAGACTTA",82
"TCTTCGGAGAGGTACC",78
"TCTTCGGAGATATGCA",1000
"TCTTCGGAGCGGATCA",44
"TCTTCGGAGGCTCTTA",7
"TCTTCGGAGGTGCTTT",93
"TCTTCGGAGTCCCACG",15
"TCTTCGGAGTTAGGTA",0
"TCTTCGGCAAACAACA",14
"TCTTCGGCAATGGAAT",93
"TCTTCGGCAATGGAGC",80
"TCTTCGGCAGATTGCT",60
"TCTTCGGCAGTCGATT",81
"TCTTCGGCATCCCATC",14
"TCTTCGGGTAACGCGA",20
"TCTTCGGGTGCACCAC",1000
"TCTTCGGGTGCAGTAG",52
"TCTTCGGGTTCAGTAC",92
"TCTTCGGGTTGAACTC",81
"TCTTCGGTCAACACGT",45
"TCTTCGGTCACCGGGT",76
"TCTTCGGTCGGAGCAA",91
"TCTTCGGTCGGATGTT",75
"TCTTCGGTCGGTCCGA",8
"TCTTCGGTCGTCCGTT",54
"TCTTCGGTCGTCTGAA",79
"TCTTCGGTCTCTGCTG",30
"TCTTCGGTCTTGTTTG",53
"TCTTTCCAGAGGTAGA",39
"TCTTTCCAGCACGCCT",20
"TCTTTCCAGCTGCAAG",8
"TCTTTCCAGCTGTCTA",93
"TCTTTCCAGTGAACGC",84
"TCTTTCCAGTGTTAGA",81
"TCTTTCCCACAGGAGT",58
"TCTTTCCCATAAAGGT",1
"TCTTTCCCATACAGCT",87
"TCTTTCCCATCCTTGC",20
"TCTTTCCCATCGATGT",14
"TCTTTCCGTAAACGCG",38
"TCTTTCCGTAGTAGTA",13
"TCTTTCCGTATAAACG",46
"TCTTTCCGTCAGAGGT",20
"TCTTTCCGTCGCTTCT",8
"TCTTTCCGTCTAGCCG",17
"TCTTTCCGTGTCAATC",87
"TCTTTCCGTGTTTGGT",75
"TCTTTCCGTTCCACAA",78
"TCTTTCCGTTCTGGTA",29
"TCTTTCCGTTGCGTTA",34
"TCTTTCCGTTGGTTTG",18
"TCTTTCCGTTTACTCT",82
"TCTTTCCTCAGGATCT",1
"TCTTTCCTCATTGCCC",32
"TCTTTCCTCCAAACAC",30
"TCTTTCCTCCAAACTG",36
"TCTTTCCTCGCAAACT",42
"TCTTTCCTCTCAACTT",18
"TCTTTCCTCTGTCCGT",30
"TGAAAGAAGAAAGTGG",50
"TGAAAGAAGAATTGTG",85
"TGAAAGAAGAGGTAGA",66
"TGAAAGAAGCCGCCTA",2
"TGAAAGAAGCGTGAAC",60
"TGAAAGAAGCTACCTA",21
"TGAAAGAAGGAACTGC",16
"TGAAAGAAGTGGTCCC",56
"TGAAAGACAAGCGATG",51
"TGAAAGACAATCCGAT",3
"TGAAAGACACGAAATA",94
"TGAAAGACAGATAATG",25
"TGAAAGACAGATCCAT",21
"TGAAAGACAGGATCGA",75
"TGAAAGACAGGCGATA",7
"TGAAAGACATCGACGC",1
"TGAAAGACATTGCGGC",78
"TGAAAGAGTAAATACG",94
"TGAAAGAGTACCCAAT",81
"TGAAAGAGTACCGCTG",13
"TGAAAGAGTCCAGTTA",46
"TGAAAGAGTCTCACCT",46
"TGAAAGAGTGGTGTAG",13
"TGAAAGAGTTCCAACA",36
"TGAAAGAGTTGATTCG",38
"TGAAAGATCAACACCA",51
"TGAAAGATCAAGAAGT",52
"TGAAAGATCCCAACGG",81
"TGAAAGATCCCTCTTT",58
"TGAAAGATCCCTGACT",74
"TGAAAGATCCTTGCCA",62
"TGAAAGATCGGTCCGA",1000
"TGAAAGATCTCGATGA",6
"TGACAACAGACTTTCG",52
"TGACAACAGAGCAATT",68
"TGACAACAGGGATACC",81
"TGACAACCAAAGAATC",55
"TGACAACCAACTTGAC",58
"TGACAACCAAGAAGAG",36
"TGACAACCAAGCCATT",29
"TGACAACCAATAAGCA",31
"TGACAACCAATGAAAC",65
"TGACAACCACGAAGCA",43
"TGACAACCAGCGTCCA",1
"TGACAACCAGTCCTTC",94
"TGACAACCATACGCTA",84
"TGACAACCATCTCCCA",33
"TGACAACCATGATCCA",42
"TGACAACGTACAGACG",1000
"TGACAACGTACCCAAT",91
"TGACAACGTACTTAGC",10
"TGACAACGTAGCGATG",94
"TGACAACGTCATCGGC",35
"TGACAACGTGACGCCT",30
"TGACAACGTTATCGGT",62
"TGACAACGTTCAGTAC",64
"TGACAACGTTGACGTT",10
"TGACAACGTTGGTAAA",9
"TGACAACTCAAAGTAG",83
"TGACAACTCCAAACAC",21
"TGACAACTCGGCATCG",1000
"TGACAACTCTAAGCCA",35
"TGACAACTCTACTATC",54
"TGACAACTCTAGCACA",92
"TGACAACTCTCGTTTA",82
"TGACAACTCTTATCTG",39
"TGACAACTCTTGCATT",8
"TGACGGCAGAGTGACC",94
"TGACGGCAGATCCCGC",69
"TGACGGCAGCAGCCTC",87
"TGACGGCAGGAGCGTT",21
"TGACGGCAGGCAGTCA",50
"TGACGGCAGGCTCATT",3
"TGACGGCAGTACACCT",4
"TGACGGCAGTGTACGG",71
"TGACGGCAGTGTACTC",50
"TGACGGCAGTGTTTGC",31
"TGACGGCAGTTGAGAT",51
"TGACGGCCAAGCCATT",27
"TGACGGCCACACAGAG",68
"TGACGGCCATGCAACT",65
"TGACGGCCATGGTCTA",66
"TGACGGCCATGTAAGA",29
"TGACGGCGTAAATGTG",32
"TGACGGCGTACATCCA",71
"TGACGGCGTCAAAGCG",90
"TGACGGCGTCTCTCGT",30
"TGACGGCGTCTCTCTG",20
"TGACGGCGTTAGTGGG",80
"TGACGGCTCAAGCCTA",1
"TGACGGCTCAGGTAAA",30
"TGACGGCTCAGTTCGA",2
"TGACGGCTCCCAGGTG",86
"TGACGGCTCGACGGAA",86
"TGACGGCTCTACTTAC",85
"TGACGGCTCTGAAAGA",44
"TGACTAGAGAGCTGCA",79
"TGACTAGAGCGAGAAA",51
"TGACTAGAGGGTCTCC",24
"TGACTAGAGTACCGGA",78
"TGACTAGAGTAGATGT",65
"TGACTAGAGTTATCGC",79
"TGACTAGCAAACCTAC",26
"TGACTAGCAACGATGG",8
"TGACTAGCAAGGTTTC",20
"TGACTAGCACAGACTT",28
"TGACTAGCACGGATAG",62
"TGACTAGCAGTGGGAT",51
"TGACTAGCATGACATC",1
"TGACTAGCATGTCCTC",59
"TGACTAGCATTGAGCT",1
"TGACTAGGTAGCAAAT",53
"TGACTAGGTCCGAAGA",20
"TGACTAGGTGCATCTA",0
"TGACTAGTCAAACGGG",87
"TGACTAGTCAACACGT",90
"TGACTAGTCAACCATG",54
"TGACTAGTCAGCTGGC",23
"TGACTAGTCAGGATCT",1000
"TGACTAGTCCCTTGCA",10
"TGACTAGTCGCCAAAT",17
"TGACTAGTCGGTTCGG",35
"TGACTAGTCTACTATC",54
"TGACTAGTCTCGGACG",20
"TGACTAGTCTCTAAGG",92
"TGACTAGTCTGCGTAA",1000
"TGACTAGTCTTCCTTC",37
"TGACTTTAGACACTAA",1000
"TGACTTTAGACTGGGT",59
"TGACTTTAGATAGGAG",54
"TGACTTTAGCACCGTC",44
"TGACTTTAGCTACCGC",75
"TGACTTTAGCTGCCCA",58
"TGACTTTAGGCAGGTT",20
"TGACTTTAGGGTTCCC",74
"TGACTTTAGTAGCCGA",66
"TGACTTTAGTCCGTAT",4
"TGACTTTAGTGTCCAT",28
"TGACTTTCAAGCGTAG",26
"TGACTTTCACAGGTTT",40
"TGACTTTCACATTTCT",41
"TGACTTTCACGCATCG",79
"TGACTTTCACGGCTAC",14
"TGACTTTCAGTCACTA",1
"TGACTTTCATCATCCC",74
"TGACTTTGTAAGGATT",85
"TGACTTTGTAAGGGCT",11
"TGACTTTGTCCCTACT",32
"TGACTTTGTCTTGATG",75
"TGACTTTTCAATCACG",36
"TGACTTTTCACAGGCC",5
"TGACTTTTCAGCATGT",19
"TGACTTTTCAGCCTAA",59
"TGACTTTTCCGCATAA",4
"TGACTTTTCCTTGGTC",6
"TGACTTTTCGTCACGG",59
"TGAGAGGAGCCATCGC",56
"TGAGAGGAGCCGTCGT",95
"TGAGAGGAGTCATCCA",5
"TGAGAGGAGTTATCGC",20
"TGAGAGGCAATGGACG",60
"TGAGAGGCACATGTGT",74
"TGAGAGGCACGGTGTC",83
"TGAGAGGCATACTACG",82
"TGAGAGGCATCACCCT",91
"TGAGAGGCATTCACTT",2
"TGAGAGGGTAAAGGAG",35
"TGAGAGGGTAAATGAC",35
"TGAGAGGGTCCAGTAT",10
"TGAGAGGGTCGGGTCT",51
"TGAGAGGGTGGGTCAA",63
"TGAGAGGGTTAAAGAC",38
"TGAGAGGGTTGTCGCG",36
"TGAGAGGGTTTACTCT",31
"TGAGAGGTCAATACCG",62
"TGAGAGGTCACGCATA",1
"TGAGAGGTCCATGAAC",80
"TGAGAGGTCCTCCTAG",92
"TGAGAGGTCGCACTCT",93
"TGAGCATAGAGCTTCT",39
"TGAGCATAGGACATTA",75
"TGAGCATAGGACCACA",1
"TGAGCATAGGCTACGA",39
"TGAGCATAGGTAGCCA",74
"TGAGCATAGTCAAGGC",73
"TGAGCATAGTCTCAAC",94
"TGAGCATCAAACTGCT",13
"TGAGCATCAACGCACC",30
"TGAGCATCAACTTGAC",59
"TGAGCATCAAGTTGTC",35
"TGAGCATCACCTGGTG",1000
"TGAGCATCAGCAGTTT",92
"TGAGCATCAGCATGAG",38
"TGAGCATCAGGACGTA",45
"TGAGCATCATCGGTTA",86
"TGAGCATCATGGGACA",1
"TGAGCATCATGTCCTC",1
"TGAGCATCATTTCAGG",50
"TGAGCATGTAATCACC",85
"TGAGCATGTAGTACCT",85
"TGAGCATGTCATGCAT",8
"TGAGCATGTGCGCTTG",64
"TGAGCATGTTGTACAC",64
"TGAGCATTCAGCTCGG",26
"TGAGCATTCCCGGATG",13
"TGAGCATTCCCTTGTG",17
"TGAGCATTCTACTATC",74
"TGAGCATTCTTTCCTC",37
"TGAGCCGAGACTAGAT",21
"TGAGCCGAGACTCGGA",64
"TGAGCCGAGCCACCTG",14
"TGAGCCGAGCCCAATT",20
"TGAGCCGAGCGATTCT",1000
"TGAGCCGAGCGGCTTC",25
"TGAGCCGAGGAACTGC",93
"TGAGCCGAGGCATTGG",1
"TGAGCCGCAAATCCGT",66
"TGAGCCGCAATGACCT",41
"TGAGCCGCACAGGAGT",27
"TGAGCCGCACGAGAGT",55
"TGAGCCGCACGCGAAA",21
"TGAGCCGCACGGCCAT",66
"TGAGCCGCATCACGAT",80
"TGAGCCGGTACAGACG",94
"TGAGCCGGTAGCGTAG",8
"TGAGCCGGTCGCGAAA",5
"TGAGCCGTCCATTCTA",30
"TGAGCCGTCCGTAGGC",77
"TGAGCCGTCGCCAGCA",3
"TGAGCCGTCGCGCCAA",77
"TGAGCCGTCGTGGTCG",28
"TGAGCCGTCTGCGTAA",27
"TGAGCCGTCTTACCTA",14
"TGAGGGAAGACAATAC",56
"TGAGGGAAGACAGAGA",48
"TGAGGGAAGAGGGATA",6
"TGAGGGAAGCGATGAC",26
"TGAGGGAAGCGTCTAT",22
"TGAGGGAAGGGAACGG",82
"TGAGGGAAGGTAAACT",1
"TGAGGGAAGTGCCATT",78
"TGAGGGACAATAACGA",20
"TGAGGGACACCTCGTT",14
"TGAGGGACAGGATCGA",20
"TGAGGGACATACAGCT",28
"TGAGGGACATTACCTT",51
"TGAGGGACATTAGCCA",91
"TGAGGGAGTAAATACG",13
"TGAGGGAGTAGAGCTG",20
"TGAGGGAGTCTCACCT",1
"TGAGGGAGTTGAACTC",48
"TGAGGGATCACCATAG",68
"TGAGGGATCCAAATGC",86
"TGAGGGATCCACGAAT",47
"TGAGGGATCCCATTTA",68
"TGAGGGATCCTGCTTG",86
"TGAGGGATCGTTACGA",1
"TGAGGGATCTTAGAGC",75
"TGAGGGATCTTGTATC",51
"TGATTTCAGCACACAG",66
"TGATTTCAGCGTCAAG",86
"TGATTTCAGTTTCCTT",91
"TGATTTCCAAATTGCC",25
"TGATTTCCAAGCCGTC",58
"TGATTTCCACATTAGC",30
"TGATTTCCAGCTTCGG",15
"TGATTTCCATATGGTC",80
"TGATTTCCATGCAATC",26
"TGATTTCCATGCCCGA",22
"TGATTTCCATGGTCAT",54
"TGATTTCGTAAAGGAG",39
"TGATTTCGTAGAGCTG",8
"TGATTTCGTAGCGCTC",71
"TGATTTCGTCAAAGCG",55
"TGATTTCGTCTAACGT",58
"TGATTTCGTCTAGCCG",3
"TGATTTCGTGCAGGTA",21
"TGATTTCGTGCGATAG",16
"TGATTTCGTTAAAGTG",72
"TGATTTCGTTCTGAAC",0
"TGATTTCGTTGTGGCC",14
"TGATTTCTCAGCCTAA",23
"TGATTTCTCAGCGATT",74
"TGATTTCTCAGCTCGG",53
"TGATTTCTCAGTCCCT",69
"TGATTTCTCAGTTGAC",23
"TGATTTCTCGAATCCA",26
"TGATTTCTCTCAAGTG",12
"TGATTTCTCTTGCATT",13
"TGATTTCTCTTGCCGT",33
"TGCACCTAGATAGGAG",1
"TGCACCTAGATGTAAC",13
"TGCACCTAGCCACTAT",44
"TGCACCTAGCGATTCT",79
"TGCACCTAGCGCCTCA",2
"TGCACCTAGCTGAAAT",52
"TGCACCTAGGCGCTCT",68
"TGCACCTAGGTTACCT",42
"TGCACCTAGTGTGGCA",19
"TGCACCTCAAGACGTG",63
"TGCACCTCAAGCGCTC",78
"TGCACCTCAAGGTGTG",7
"TGCACCTCACTCAGGC",93
"TGCACCTCATATGAGA",20
"TGCACCTCATTGTGCA",21
"TGCACCTGTACCGCTG",39
"TGCACCTGTACGCTGC",1000
"TGCACCTGTAGATTAG",45
"TGCACCTGTATAAACG",4
"TGCACCTGTATGCTTG",59
"TGCACCTGTCAGGACA",59
"TGCACCTGTCATATCG",8
"TGCACCTGTGGTGTAG",86
"TGCACCTGTTATCACG",30
"TGCACCTGTTGGGACA",65
"TGCACCTTCAAACAAG",48
"TGCACCTTCATTCACT",88
"TGCACCTTCGATAGAA",74
"TGCACCTTCTCCTATA",59
"TGCACCTTCTGTCAAG",79
"TGCCAAAAGAATGTGT",85
"TGCCAAAAGACCACGA",81
"TGCCAAAAGAGGACGG",59
"TGCCAAAAGCACAGGT",93
"TGCCAAAAGCGTTGCC",63
"TGCCAAAAGGCAGGTT",46
"TGCCAAAAGGCTCAGA",21
"TGCCAAAAGTCGAGTG",80
"TGCCAAAAGTTACCCA",85
"TGCCAAAAGTTTAGGA",75
"TGCCAAACAAACGTGG",13
"TGCCAAACAAGTACCT",75
"TGCCAAACAATCACAC",87
"TGCCAAACAGGCAGTA",8
"TGCCAAACATTTCAGG",14
"TGCCAAAGTAGGCTGA",20
"TGCCAAAGTCATCGGC",82
"TGCCAAAGTGGGTATG",69
"TGCCAAAGTGTCAATC",75
"TGCCAAATCATTCACT",27
"TGCCAAATCCGCTGTT",35
"TGCCAAATCTAACTGG",74
"TGCCAAATCTCTGAGA",1000
"TGCCCATAGAACTGTA",23
"TGCCCATAGACTCGGA",87
"TGCCCATAGATGTAAC",54
"TGCCCATAGCACAGGT",74
"TGCCCATAGCGATAGC",40
"TGCCCATAGCTACCTA",38
"TGCCCATAGGACCACA",9
"TGCCCATAGGATGGAA",75
"TGCCCATAGTCAATAG",20
"TGCCCATAGTGAAGTT",30
"TGCCCATAGTGGTAGC",79
"TGCCCATAGTGTACGG",88
"TGCCCATCACCTATCC",88
"TGCCCATCACGACGAA",5
"TGCCCATCACTTCTGC",50
"TGCCCATCAGTGGGAT",66
"TGCCCATCAGTTAACC",16
"TGCCCATCATCCTTGC",7
"TGCCCATCATCGACGC",91
"TGCCCATGTAAGGATT",79
"TGCCCATGTACTCGCG",31
"TGCCCATGTAGGGACT",47
"TGCCCATGTGCAGACA",59
"TGCCCATGTGGACGAT",43
"TGCCCATGTGTCGCTG",19
"TGCCCATGTTGCCTCT",1000
"TGCCCATTCAATCACG",9
"TGCCCATTCCCGGATG",3
"TGCCCATTCCCTAATT",51
"TGCCCATTCCCTTGCA",1000
"TGCCCATTCGCGTTTC",20
"TGCCCATTCGCTGATA",83
"TGCCCATTCTGAGTGT",90
"TGCCCATTCTTGGGTA",39
"TGCCCATTCTTGTCAT",39
"TGCCCTAAGAAGCCCA",47
"TGCCCTAAGAAGGTTT",23
"TGCCCTAAGGGCATGT",79
"TGCCCTAAGGTTACCT",9
"TGCCCTAAGTGCAAGC",13
"TGCCCTAAGTGGCACA",75
"TGCCCTAAGTTGAGAT",27
"TGCCCTACAAACTGTC",93
"TGCCCTACAAGAGTCG",36
"TGCCCTACACACCGCA",55
"TGCCCTACACGAGAGT",84
"TGCCCTACACGGCTAC",27
"TGCCCTACACGGTGTC",37
"TGCCCTACAGATGGGT",83
"TGCCCTACATCTGGTA",87
"TGCCCTACATGGGAAC",87
"TGCCCTACATGTCTCC",36
"TGCCCTACATTAACCG",48
"TGCCCTAGTACTCGCG",45
"TGCCCTAGTAGGCTGA",75
"TGCCCTAGTCAGCTAT",56
"TGCCCTAGTGGTCTCG",67
"TGCCCTAGTTCAGTAC",32
"TGCCCTAGTTTCGCTC",59
"TGCCCTAGTTTGACAC",74
"TGCCCTATCACAGGCC",75
"TGCCCTATCAGCATGT",22
"TGCCCTATCATAGCAC",46
"TGCCCTATCGGCGCTA",9
"TGCCCTATCGTGGTCG",80
"TGCCCTATCTCACATT",13
"TGCGCAGAGAGTACAT",82
"TGCGCAGAGCGTGAGT",59
"TGCGCAGCAAAGGAAG",91
"TGCGCAGCAACACCCG",45
"TGCGCAGCAATTCCTT",48
"TGCGCAGCACAACGCC",63
"TGCGCAGCACGTGAGA",1
"TGCGCAGCACTATCTT",59
"TGCGCAGCAGCGTAAG",48
"TGCGCAGCATCAGTAC",30
"TGCGCAGCATTGGGCC",94
"TGCGCAGGTAATTGGA",20
"TGCGCAGGTGCTTCTC",15
"TGCGCAGGTGGTAACG",20
"TGCGCAGTCACGCGGT",82
"TGCGCAGTCCATGAGT",30
"TGCGCAGTCTGAAAGA",74
"TGCGCAGTCTGCTGTC",2
"TGCGGGTAGAAAGTGG",10
"TGCGGGTAGAATAGGG",28
"TGCGGGTAGCCGATTT",56
"TGCGGGTAGGCAGGTT",85
"TGCGGGTAGGCTCATT",82
"TGCGGGTAGTACGCCC",10
"TGCGGGTAGTAGATGT",92
"TGCGGGTCAAACAACA",11
"TGCGGGTCAACACCTA",81
"TGCGGGTCAATGGTCT",27
"TGCGGGTCACCACGTG",79
"TGCGGGTCAGACGCAA",83
"TGCGGGTCAGACTCGC",94
"TGCGGGTCAGTAACGG",43
"TGCGGGTCATGTTGAC",69
"TGCGGGTCATTCCTGC",25
"TGCGGGTGTAGCGTCC",32
"TGCGGGTGTCGAATCT",94
"TGCGGGTGTCGATTGT",92
"TGCGGGTGTCTAGGTT",7
"TGCGGGTGTGTCGCTG",30
"TGCGGGTGTGTGTGCC",54
"TGCGGGTGTTATTCTC",8
"TGCGGGTTCACATAGC",1000
"TGCGGGTTCACTCTTA",50
"TGCGGGTTCAGGTAAA",17
"TGCGGGTTCAGGTTCA",1
"TGCGGGTTCAGTCCCT",32
"TGCGGGTTCCGCGTTT",81
"TGCGGGTTCGCAAGCC",86
"TGCGGGTTCGGACAAG",60
"TGCGGGTTCGTAGATC",54
"TGCGGGTTCTCGAGTA",52
"TGCGGGTTCTGGAGCC",53
"TGCGTGGAGATCGGGT",9
"TGCGTGGAGGACACCA",92
"TGCGTGGAGGATGCGT",26
"TGCGTGGAGGCTACGA",13
"TGCGTGGAGGCTCATT",1000
"TGCGTGGAGGGTATCG",20
"TGCGTGGAGGTGGGTT",44
"TGCGTGGAGTGAACAT",69
"TGCGTGGAGTGAATTG",76
"TGCGTGGAGTGGGCTA",35
"TGCGTGGCAAACGCGA",33
"TGCGTGGCAATTGCTG",86
"TGCGTGGCACCAGATT",30
"TGCGTGGCACCGCTAG",5
"TGCGTGGCACGGTAAG",20
"TGCGTGGCACTAAGTC",3
"TGCGTGGCAGGAATCG",58
"TGCGTGGCATATGCTG",68
"TGCGTGGCATCCGTGG",1000
"TGCGTGGCATGAACCT",51
"TGCGTGGCATGCCACG",66
"TGCGTGGGTCAAGCGA",32
"TGCGTGGGTCCATCCT",92
"TGCGTGGGTCCATGAT",14
"TGCGTGGGTCCGACGT",26
"TGCGTGGGTTGGTTTG",0
"TGCGTGGTCAACGCTA",1
"TGCGTGGTCACGACTA",4
"TGCGTGGTCAGTTGAC",81
"TGCGTGGTCATACGGT",62
"TGCGTGGTCATAGCAC",23
"TGCGTGGTCTTAGAGC",3
"TGCTACCAGAAACCGC",36
"TGCTACCAGAAACGCC",44
"TGCTACCAGCACACAG",56
"TGCTACCAGCTAAACA",0
"TGCTACCAGGATGTAT",11
"TGCTACCAGGCTCAGA",30
"TGCTACCCAGCTCCGA",48
"TGCTACCGTATCTGCA",59
"TGCTACCGTCTTGATG",91
"TGCTACCGTTCATGGT",1000
"TGCTACCTCAATACCG",48
"TGCTACCTCACAATGC",94
"TGCTACCTCCAAACTG",59
"TGCTACCTCCCACTTG",15
"TGCTACCTCGCGTAGC",1
"TGCTACCTCGTGGGAA",15
"TGCTACCTCTAACTGG",93
"TGCTACCTCTGACCTC",32
"TGCTACCTCTTGCCGT",9
"TGCTACCTCTTGTATC",46
"TGCTGCTAGAAACCGC",86
"TGCTGCTAGAGAACAG",18
"TGCTGCTAGTAATCCC",44
"TGCTGCTAGTGTTAGA",8
"TGCTGCTCAAGCTGTT",86
"TGCTGCTCAATCACAC",93
"TGCTGCTCAATCAGAA",20
"TGCTGCTCACCAACCG",13
"TGCTGCTCACGAGAGT",2
"TGCTGCTCACGCCAGT",8
"TGCTGCTCATCACGAT",58
"TGCTGCTCATCAGTAC",62
"TGCTGCTCATCCCACT",32
"TGCTGCTCATCGATGT",76
"TGCTGCTCATGACGGA",95
"TGCTGCTGTATCTGCA",64
"TGCTGCTGTATTCGTG",76
"TGCTGCTGTCGCCATG",21
"TGCTGCTGTTCAGTAC",3
"TGCTGCTGTTCCCGAG",81
"TGCTGCTTCAACACCA",51
"TGCTGCTTCAGAGCTT",20
"TGCTGCTTCAGGCGAA",32
"TGCTGCTTCAGTTCGA",33
"TGCTGCTTCCGCAGTG",41
"TGCTGCTTCTCAAACG",21
"TGCTGCTTCTGCAGTA",7
"TGGACGCAGAACAATC",80
"TGGACGCAGACAGGCT",72
"TGGACGCAGACTAGGC",63
"TGGACGCAGAGTCTGG",74
"TGGACGCAGGATGTAT",10
"TGGACGCCAAGCGAGT",62
"TGGACGCCAAGCTGGA",1000
"TGGACGCCACACATGT",83
"TGGACGCCACATTTCT",1000
"TGGACGCCAGCCAGAA",30
"TGGACGCCATCTCGCT",78
"TGGACGCCATGACGGA",30
"TGGACGCCATGCTAGT",51
"TGGACGCCATGTAAGA",75
"TGGACGCCATTAACCG",74
"TGGACGCGTAGGGACT",32
"TGGACGCGTCGACTAT",77
"TGGACGCGTCTAGCGC",71
"TGGACGCGTGATGTCT",51
"TGGACGCGTGGACGAT",94
"TGGACGCGTGGTACAG",39
"TGGACGCGTTGGTTTG",51
"TGGACGCGTTTAAGCC",20
"TGGACGCTCAACACTG",51
"TGGACGCTCGTCACGG",8
"TGGACGCTCTCTGAGA",87
"TGGACGCTCTTCATGT",0
"TGGACGCTCTTGAGAC",86
"TGGCCAGAGACGCACA",70
"TGGCCAGAGATATACG",3
"TGGCCAGAGCAGATCG",42
"TGGCCAGAGCCACGTC",51
"TGGCCAGAGCGTAATA",9
"TGGCCAGAGTCAAGGC",3
"TGGCCAGAGTCCGGTC",20
"TGGCCAGCAGACGTAG",5
"TGGCCAGCAGGCTCAC",9
"TGGCCAGCATATACGC",4
"TGGCCAGGTAGTAGTA",66
"TGGCCAGGTCAGTGGA",56
"TGGCCAGGTCCGAAGA",86
"TGGCCAGGTCCTCCAT",26
"TGGCCAGGTCGGCTCA",60
"TGGCCAGGTCTGGAGA",55
"TGGCCAGGTGCAGACA",52
"TGGCCAGGTGTCTGAT",3
"TGGCCAGGTTGAGGTG",85
"TGGCCAGTCAGAAATG",55
"TGGCCAGTCCCACTTG",75
"TGGCCAGTCGAACGGA",14
"TGGCCAGTCGGACAAG",20
"TGGCCAGTCGGCGCAT",38
"TGGCGCAAGAAGCCCA",7
"TGGCGCAAGAGGTACC",6
"TGGCGCAAGATCCCGC",11
"TGGCGCAAGCTGCAAG",47
"TGGCGCAAGTTGTAGA",59
"TGGCGCACAAGCCCAC",19
"TGGCGCACAAGCGCTC",33
"TGGCGCACACGGCCAT",40
"TGGCGCACACTTAAGC",54
"TGGCGCACAGAAGCAC",45
"TGGCGCACAGCTGCAC",68
"TGGCGCACATCTCCCA",94
"TGGCGCACATCTCGCT",87
"TGGCGCACATGCCCGA",52
"TGGCGCAGTAAGGGAA",32
"TGGCGCAGTCACCCAG",8
"TGGCGCAGTCAGCTAT",20
"TGGCGCAGTCCGAATT",12
"TGGCGCAGTGGTGTAG",20
"TGGCGCAGTTAAGGGC",69
"TGGCGCATCAAGATCC",32
"TGGCGCATCCCTAATT",83
"TGGCGCATCCGAAGAG",43
"TGGCGCATCGATGAGG",23
"TGGCGCATCTTACCTA",14
"TGGCTGGAGCCATCGC",78
"TGGCTGGAGCCCAGCT",38
"TGGCTGGAGCTAGGCA",13
"TGGCTGGAGGTGCTAG",38
"TGGCTGGAGTACGTTC",20
"TGGCTGGAGTCTCCTC",59
"TGGCTGGCAAACGTGG",56
"TGGCTGGCAAGGGTCA",87
"TGGCTGGCAAGTAATG",47
"TGGCTGGCAAGTCATC",87
"TGGCTGGCAAGTTAAG",1000
"TGGCTGGCACCACCAG",17
"TGGCTGGCAGACTCGC",27
"TGGCTGGCAGCCACCA",61
"TGGCTGGCAGGGTTAG",44
"TGGCTGGCATCCGTGG",86
"TGGCTGGCATCGGACC",51
"TGGCTGGGTCGCTTCT",20
"TGGCTGGGTCTAAACC",33
"TGGCTGGGTCTGATCA",55
"TGGCTGGGTTGAGTTC",77
"TGGCTGGGTTGGTAAA",35
"TGGCTGGTCACCTCGT",91
"TGGCTGGTCACTTACT",42
"TGGCTGGTCACTTATC",74
"TGGCTGGTCCCACTTG",74
"TGGCTGGTCGAGAGCA",10
"TGGCTGGTCTAAGCCA",75
"TGGGAAGAGAGCCCAA",75
"TGGGAAGAGATAGTCA",25
"TGGGAAGAGCTGAACG",66
"TGGGAAGAGGACACCA",72
"TGGGAAGAGGACGAAA",74
"TGGGAAGAGGGTCGAT",48
"TGGGAAGCAGGTCCAC",14
"TGGGAAGCATGCCACG",30
"TGGGAAGCATGCCTAA",54
"TGGGAAGCATGGTAGG",20
"TGGGAAGGTAAGCACG",33
"TGGGAAGGTAAGGATT",34
"TGGGAAGGTAGAAAGG",68
"TGGGAAGGTAGCTCCG",91
"TGGGAAGGTCAAAGCG",1000
"TGGGAAGGTCATGCAT",75
"TGGGAAGGTGAGTATA",54
"TGGGAAGGTGCACGAA",20
"TGGGAAGGTTCAGTAC",40
"TGGGAAGGTTGGTTTG",74
"TGGGAAGTCAAACAAG",1000
"TGGGAAGTCCGTAGGC",42
"TGGGCGTAGACCCACC",42
"TGGGCGTAGAGTCGGT",91
"TGGGCGTAGCTAGTCT",30
"TGGGCGTAGTGTACCT",48
"TGGGCGTCACCTGGTG",93
"TGGGCGTCATGGTCAT",85
"TGGGCGTGTAAACGCG",58
"TGGGCGTGTAGGACAC",13
"TGGGCGTGTATGAAAC",40
"TGGGCGTGTCTAGTCA",40
"TGGGCGTGTCTTGTCC",11
"TGGGCGTGTGACTCAT",2
"TGGGCGTGTGTAACGG",72
"TGGGCGTGTTAAGTAG",1000
"TGGGCGTGTTCTCATT",55
"TGGGCGTTCAACACCA",40
"TGGGCGTTCCGCAGTG",21
"TGGGCGTTCGCCGTGA",37
"TGGGCGTTCGCCTGAG",59
"TGGGCGTTCTGGTATG",4
"TGGGCGTTCTTGTACT",27
"TGGTTAGAGAACTGTA",10
"TGGTTAGAGAGACTTA",93
"TGGTTAGAGAGCCCAA",96
"TGGTTAGAGTGTGAAT",46
"TGGTTAGCACAGTCGC",59
"TGGTTAGCACCGAAAG",89
"TGGTTAGCACGAAAGC",30
"TGGTTAGCACGGCTAC",94
"TGGTTAGCATAGAAAC",71
"TGGTTAGCATCGTCGG",74
"TGGTTAGCATGACGGA",70
"TGGTTAGCATGTCTCC",27
"TGGTTAGCATTTCACT",82
"TGGTTAGGTACCGTAT",52
"TGGTTAGGTAGAGGAA",20
"TGGTTAGGTAGGGTAC",32
"TGGTTAGGTATCACCA",8
"TGGTTAGGTCACTGGC",58
"TGGTTAGGTCTCAACA",21
"TGGTTAGGTCTCTTTA",21
"TGGTTAGGTGTCAATC",38
"TGGTTAGGTTCGTGAT",1000
"TGGTTAGGTTGGGACA",82
"TGGTTAGGTTGTCTTT",92
"TGGTTAGTCCACGCAG",8
"TGGTTCCAGACTTGAA",14
"TGGTTCCAGATATACG",20
"TGGTTCCAGCCTATGT",93
"TGGTTCCAGCTGCGAA",74
"TGGTTCCAGGGTGTTG",77
"TGGTTCCAGTACGTTC",27
"TGGTTCCCAAGTCTAC",1000
"TGGTTCCCAGGCTCAC",74
"TGGTTCCCATAGGATA",25
"TGGTTCCCATCGGGTC",55
"TGGTTCCCATGCTGGC",74
"TGGTTCCCATGGATGG",27
"TGGTTCCGTAGAAGGA",21
"TGGTTCCGTAGAGCTG",46
"TGGTTCCGTGTCCTCT",54
"TGGTTCCGTGTTAAGA",10
"TGGTTCCGTTTGTTTC",66
"TGGTTCCTCAAACCGT",31
"TGGTTCCTCAAGGTAA",40
"TGGTTCCTCACCATAG",79
"TGGTTCCTCGAACGGA",34
"TGGTTCCTCGAATCCA",59
"TGGTTCCTCTTTACAC",10
"TGGTTCCTCTTTACGT",15
"TGTATTCAGCCGTCGT",83
"TGTATTCAGCGTGAAC",90
"TGTATTCAGCTCTCGG",79
"TGTATTCAGGACATTA",57
"TGTATTCAGGGATGGG",37
"TGTATTCAGGGTCGAT",89
"TGTATTCAGTGCCAGA",31
"TGTATTCAGTTAACGA",35
"TGTATTCCAATCGAAA",59
"TGTATTCCACACCGAC",79
"TGTATTCCAGGTCCAC",78
"TGTATTCCAGTTCATG",1000
"TGTATTCCATACTACG",88
"TGTATTCGTAGCGATG",17
"TGTATTCGTCCTAGCG",60
"TGTATTCGTCGGATCC",1000
"TGTATTCGTCTCACCT",45
"TGTATTCGTCTCATCC",28
"TGTATTCGTGCACGAA",47
"TGTATTCGTGCATCTA",60
"TGTATTCGTTACGCGC",43
"TGTATTCGTTAGATGA",66
"TGTATTCTCACCAGGC",38
"TGTATTCTCACCTCGT",30
"TGTATTCTCAGTTTGG",9
"TGTATTCTCATACGGT",75
"TGTATTCTCGGCATCG",59
"TGTATTCTCGTGTAGT",44
"TGTATTCTCTCCTATA",52
"TGTATTCTCTCTGTCG",81
"TGTCCCACAAACGCGA",94
"TGTCCCACAAAGAATC",25
"TGTCCCACAACTTGAC",1000
"TGTCCCACAAGAAGAG",32
"TGTCCCACACACATGT",54
"TGTCCCACATCTGGTA",30
"TGTCCCACATTACCTT",85
"TGTCCCAGTAAGTGGC",10
"TGTCCCAGTAATAGCA",94
"TGTCCCAGTACAGCAG",30
"TGTCCCAGTACCTACA",40
"TGTCCCAGTCAGAATA",39
"TGTCCCAGTCATGCCG",2
"TGTCCCAGTCCAGTTA",19
"TGTCCCAGTCGGCACT",3
"TGTCCCAGTCTAGAGG",4
"TGTCCCAGTGCACTTA",1000
"TGTCCCAGTTCCCTTG",0
"TGTCCCAGTTCGGGCT",81
"TGTCCCAGTTGAACTC",33
"TGTCCCAGTTTAAGCC",9
"TGTCCCATCACAAACC",27
"TGTCCCATCACCTTAT",34
"TGTCCCATCCAAACTG",78
"TGTCCCATCGACGGAA",14
"TGTCCCATCGCCTGAG",92
"TGTCCCATCGGATGTT",38
"TGTCCCATCTCAAGTG",7
"TGTGGTAAGAGGGCTT",78
"TGTGGTAAGATCCGAG",64
"TGTGGTAAGCGCCTCA",30
"TGTGGTAAGCGTGAAC",20
"TGTGGTAAGGACATTA",20
"TGTGGTAAGTGACTCT",1000
"TGTGGTACACGGTAAG",28
"TGTGGTACATGGTAGG",72
"TGTGGTAGTACTTAGC",28
"TGTGGTAGTCAAAGCG",47
"TGTGGTAGTGAGTATA",3
"TGTGGTAGTGCGCTTG",92
"TGTGGTAGTTATCCGA",80
"TGTGGTAGTTGGTAAA",50
"TGTGGTAGTTTAGCTG",55
"TGTGGTATCAACCATG",20
"TGTGGTATCACAACGT",92
"TGTGGTATCACTGGGC",14
"TGTGGTATCATGGTCA",68
"TGTGGTATCCATTCTA",3
"TGTGGTATCCTTTCGG",82
"TGTGGTATCGCAAACT",43
"TGTGGTATCGTCCAGG",59
"TGTGGTATCTACGAGT",35
"TGTGGTATCTAGCACA",66
"TGTGGTATCTTGTTTG",59
"TGTGTTTAGAGCTGCA",11
"TGTGTTTAGCCCGAAA",57
"TGTGTTTAGCCGTCGT",37
"TGTGTTTAGCGTTCCG",31
"TGTGTTTAGGCGCTCT",1
"TGTGTTTAGGGCTTGA",44
"TGTGTTTAGTCTCAAC",4
"TGTGTTTAGTGGGCTA",77
"TGTGTTTCACACATGT",67
"TGTGTTTCATAGACTC",48
"TGTGTTTCATGCCTAA",50
"TGTGTTTCATGGGAAC",30
"TGTGTTTGTACCGTTA",13
"TGTGTTTGTCCTCTTG",52
"TGTGTTTGTGCGCTTG",87
"TGTGTTTGTGTGAAAT",66
"TGTGTTTGTGTTCTTT",29
"TGTGTTTGTTATCACG",31
"TGTGTTTTCAAACCGT",19
"TGTGTTTTCACCGGGT",64
"TGTGTTTTCCCTGACT",1
"TGTGTTTTCCTTGGTC",14
"TGTGTTTTCGAATCCA",66
"TGTGTTTTCGGGAGTA",32
"TGTTCCGAGAATGTTG",75
"TGTTCCGAGCGGATCA",32
"TGTTCCGAGCGTCAAG",63
"TGTTCCGAGCGTTTAC",73
"TGTTCCGAGCTTTGGT",59
"TGTTCCGAGGCTATCT",62
"TGTTCCGAGGGATGGG",92
"TGTTCCGAGGTTCCTA",61
"TGTTCCGAGTAGCGGT",92
"TGTTCCGCACATGACT",20
"TGTTCCGCACCAGTTA",1000
"TGTTCCGCACGAGGTA",54
"TGTTCCGCAGAGCCAA",1000
"TGTTCCGCAGGTCTCG",86
"TGTTCCGCATCCTTGC",37
"TGTTCCGCATGTCGAT",91
"TGTTCCGGTAGAGCTG",28
"TGTTCCGGTATCACCA",92
"TGTTCCGGTCCTAGCG",30
"TGTTCCGGTCTGATTG",91
"TGTTCCGTCAAGATCC",74
"TGTTCCGTCAAGGTAA",92
"TGTTCCGTCGTCTGCT",3
"TGTTCCGTCTGTCCGT",55
"TGTTCCGTCTTACCGC",81
"TTAACTCAGATGAGAG",28
"TTAACTCCAAAGGAAG",77
"TTAACTCCACAAGCCC",34
"TTAACTCCACATGACT",96
"TTAACTCCAGACGTAG",32
"TTAACTCCATCACGAT",1
"TTAACTCGTAAGCACG",74
"TTAACTCGTAAGTTCC",37
"TTAACTCGTAGCGATG",81
"TTAACTCGTCCAGTTA",72
"TTAACTCGTGATAAAC",29
"TTAACTCGTGGGTATG",59
"TTAACTCGTGTGGCTC",94
"TTAACTCGTTGAGGTG",1000
"TTAACTCTCAAACCGT",20
"TTAACTCTCAATCTCT",91
"TTAACTCTCAGTACGT",13
"TTAACTCTCCGAAGAG",74
"TTAGGACAGAATGTTG",74
"TTAGGACAGCACACAG",0
"TTAGGACAGGAATCGC",32
"TTAGGACAGGATGGTC",13
"TTAGGACAGGCCGAAT",74
"TTAGGACAGGCGATAC",74
"TTAGGACAGTGACTCT",59
"TTAGGACAGTTAGCGG",93
"TTAGGACCAAGCCCAC",3
"TTAGGACCAATCTGCA",2
"TTAGGACCAATGGAAT",38
"TTAGGACCACCGATAT",75
"TTAGGACCAGCCTTTC",85
"TTAGGACCAGGGTACA",3
"TTAGGACCAGGTTTCA",1000
"TTAGGACCATCGGACC",74
"TTAGGACCATGCAACT",59
"TTAGGACGTACAGCAG",44
"TTAGGACGTCAACTGT",50
"TTAGGACGTCCGAGTC",58
"TTAGGACGTCTTCTCG",1000
"TTAGGACGTGTGACGA",32
"TTAGGACGTTCCGGCA",20
"TTAGGACTCAATACCG",69
"TTAGGACTCAGAGACG",14
"TTAGGACTCAGGTAAA",43
"TTAGGACTCATCACCC",21
"TTAGGACTCATGCATG",79
"TTAGGACTCCGTTGTC",13
"TTAGGACTCGCATGAT",37
"TTAGGACTCGTTTGCC",26
"TTAGGACTCTACTTAC",13
"TTAGGACTCTAGCACA",86
"TTAGGACTCTCTGTCG",45
"TTAGGACTCTGTCTCG",64
"TTAGGACTCTTGCATT",3
"TTAGGCAAGAAACGCC",1
"TTAGGCAAGACTCGGA",38
"TTAGGCAAGCACCGTC",18
"TTAGGCAAGCTAAGAT",10
"TTAGGCAAGCTAGTGG",11
"TTAGGCAAGGTTCCTA",1
"TTAGGCAAGTAGTGCG",39
"TTAGGCAAGTGGCACA",59
"TTAGGCAAGTTACGGG",50
"TTAGGCACAAGCCTAT",3
"TTAGGCACAATCACAC",33
"TTAGGCACACATAACC",28
"TTAGGCACACGTGAGA",1000
"TTAGGCACAGCGTCCA",36
"TTAGGCACAGCTGTAT",27
"TTAGGCACAGGGAGAG",72
"TTAGGCACATCCAACA",94
"TTAGGCAGTAAGGGCT",66
"TTAGGCAGTAGCGTCC",92
"TTAGGCAGTCGAAAGC",19
"TTAGGCAGTCGGCACT",85
"TTAGGCAGTGACAAAT",56
"TTAGGCAGTGGTACAG",14
"TTAGGCATCAAAGTAG",43
"TTAGGCATCCCAAGTA",44
"TTAGGCATCCGAGCCA",40
"TTAGGCATCCTATGTT",20
"TTAGGCATCCTTGGTC",55
"TTAGGCATCGTTTAGG",2
"TTAGGCATCTACCAGA",6
"TTAGTTCAGAAGATTC",0
"TTAGTTCAGACAGACC",75
"TTAGTTCAGACTCGGA",37
"TTAGTTCAGATGGCGT",75
"TTAGTTCAGCAGACTG",51
"TTAGTTCAGGAATGGA",26
"TTAGTTCAGGATGTAT",79
"TTAGTTCAGTATGACA",26
"TTAGTTCAGTGCCATT",26
"TTAGTTCAGTGGAGTC",9
"TTAGTTCAGTTGTAGA",31
"TTAGTTCCAAGTTAAG",72
"TTAGTTCCACGGCCAT",87
"TTAGTTCCACTTAAGC",22
"TTAGTTCCAGCTGCTG",1000
"TTAGTTCCATGCAATC",51
"TTAGTTCCATTTGCCC",21
"TTAGTTCGTATGAAAC",10
"TTAGTTCGTGAAAGAG",85
"TTAGTTCGTGACGCCT",83
"TTAGTTCGTTCCGTCT",1000
"TTAGTTCGTTCGCGAC",3
"TTAGTTCTCAACCAAC",70
"TTAGTTCTCACTCCTG",35
"TTAGTTCTCAGCTCGG",6
"TTAGTTCTCCGCGCAA",75
"TTAGTTCTCGCACTCT",38
"TTAGTTCTCGTGGACC",51
"TTAGTTCTCTCCGGTT",77
"TTATGCTAGAAACCAT",1
"TTATGCTAGACATAAC",74
"TTATGCTAGACTCGGA",19
"TTATGCTAGATCTGCT",87
"TTATGCTAGATGTGTA",19
"TTATGCTAGCACACAG",14
"TTATGCTAGCCACGTC",59
"TTATGCTAGCCATCGC",94
"TTATGCTAGGAGCGAG",66
"TTATGCTAGTATTGGA",73
"TTATGCTCAAACAACA",14
"TTATGCTCAAACCCAT",50
"TTATGCTCAGAAGCAC",1000
"TTATGCTCATAGTAAG",12
"TTATGCTCATATGAGA",58
"TTATGCTCATCCTAGA",8
"TTATGCTCATTGGGCC",8
"TTATGCTGTAAGTTCC",13
"TTATGCTGTATGCTTG",50
"TTATGCTGTCCGAATT",7
"TTATGCTGTCTGGTCG",50
"TTATGCTGTGCACTTA",3
"TTATGCTGTGCCTGTG",85
"TTATGCTTCAACACCA",62
"TTATGCTTCAACACGT",87
"TTATGCTTCAACACTG",73
"TTATGCTTCAGTTGAC",8
"TTATGCTTCCGTTGTC",44
"TTATGCTTCCTGCCAT",55
"TTATGCTTCGATCCCT",73
"TTATGCTTCTCGGACG",15
"TTCCCAGAGAGTACAT",50
"TTCCCAGAGCCATCGC",34
"TTCCCAGAGCTGGAAC",54
"TTCCCAGAGGATGGTC",75
"TTCCCAGAGGATGTAT",66
"TTCCCAGAGTCCGTAT",19
"TTCCCAGAGTCGATAA",55
"TTCCCAGAGTTGTCGT",58
"TTCCCAGCAAACCTAC",30
"TTCCCAGCAAGCCCAC",25
"TTCCCAGCAAGCGATG",51
"TTCCCAGCACATGTGT",6
"TTCCCAGCAGCATGAG",2
"TTCCCAGCAGCCTATA",80
"TTCCCAGCAGTTCATG",55
"TTCCCAGCATCAGTAC",14
"TTCCCAGCATCCAACA",64
"TTCCCAGCATTATCTC",68
"TTCCCAGCATTGAGCT",94
"TTCCCAGGTACCCAAT",13
"TTCCCAGGTAGAGCTG",43
"TTCCCAGGTATAATGG",55
"TTCCCAGGTCCTCCAT",29
"TTCCCAGGTGCAGACA",50
"TTCCCAGGTTACGCGC",30
"TTCCCAGGTTCCGTCT",4
"TTCCCAGTCAACACAC",10
"TTCCCAGTCAATCACG",59
"TTCCCAGTCAGAGGTG",4
"TTCCCAGTCATCATTC",44
"TTCCCAGTCATGTGGT",56
"TTCCCAGTCCGCTGTT",20
"TTCCCAGTCTTAACCT",30
"TTCCCAGTCTTCCTTC",75
"TTCGAAGAGAAACCAT",38
"TTCGAAGAGACAAAGG",13
"TTCGAAGAGACTCGGA",30
"TTCGAAGAGAGACTAT",50
"TTCGAAGAGCAAATCA",21
"TTCGAAGAGCAGATCG",93
"TTCGAAGAGCTCAACT",10
"TTCGAAGAGCTGAAAT",59
"TTCGAAGAGCTTATCG",93
"TTCGAAGAGGCACATG",21
"TTCGAAGAGGTGATTA",23
"TTCGAAGAGTGTGAAT",29
"TTCGAAGCAACGATCT",59
"TTCGAAGCACAGGTTT",8
"TTCGAAGCACCAGTTA",10
"TTCGAAGCACCGATAT",21
"TTCGAAGCAGGCAGTA",33
"TTCGAAGCATTTCACT",85
"TTCGAAGGTAGGGTAC",38
"TTCGAAGGTCAATACC",43
"TTCGAAGGTCAGCTAT",87
"TTCGAAGGTGGTAACG",1000
"TTCGAAGGTTGCGCAC",82
"TTCGAAGGTTTAGCTG",59
"TTCGAAGTCAAGAAGT",21
"TTCGAAGTCCGTTGTC",33
"TTCGAAGTCCTCATTA",74
"TTCGAAGTCCTCGCAT",44
"TTCGAAGTCGACGGAA",43
"TTCGAAGTCGCCTGAG",57
"TTCGAAGTCGGCGGTT",1000
"TTCGAAGTCTCTGCTG",33
"TTCGAAGTCTTCTGGC",27
"TTCGGTCAGAGCAATT",53
"TTCGGTCAGGCAATTA",91
"TTCGGTCAGGCATGTG",81
"TTCGGTCAGTAATCCC",31
"TTCGGTCAGTGTTTGC",92
"TTCGGTCCAAACGCGA",84
"TTCGGTCCAATAAGCA",1000
"TTCGGTCCAATGGATA",22
"TTCGGTCCACATCCGG",75
"TTCGGTCCACCCAGTG",60
"TTCGGTCCATACGCTA",13
"TTCGGTCCATGCAATC",37
"TTCGGTCCATGGGAAC",92
"TTCGGTCGTAAATGAC",91
"TTCGGTCGTAAGTGGC",3
"TTCGGTCGTAGAAAGG",82
"TTCGGTCGTATAAACG",26
"TTCGGTCGTGTTTGTG",91
"TTCGGTCGTTAAGACA",69
"TTCGGTCGTTGTACAC",15
"TTCGGTCTCAACACAC",86
"TTCGGTCTCACGAAGG",32
"TTCGGTCTCAGCATGT",30
"TTCGGTCTCCCGGATG",8
"TTCGGTCTCTTAGAGC",4
"TTCTACAAGAACTCGG",3
"TTCTACAAGATCTGAA",80
"TTCTACAAGCTGATAA",14
"TTCTACAAGTAACCCT",20
"TTCTACAAGTACGATA",54
"TTCTACAAGTGGTCCC",67
"TTCTACACAAACAACA",20
"TTCTACACAAGAAGAG",7
"TTCTACACAATGGTCT",58
"TTCTACACACACCGCA",32
"TTCTACACAGATTGCT",10
"TTCTACACAGCTGCTG",30
"TTCTACACAGTCAGCC",75
"TTCTACACAGTGACAG",58
"TTCTACACATAAAGGT",0
"TTCTACACATTGAGCT",44
"TTCTACAGTAAGTGTA",43
"TTCTACAGTAGTGAAT",13
"TTCTACAGTCAACTGT",38
"TTCTACAGTGAGTATA",53
"TTCTACAGTGTGTGCC",18
"TTCTACAGTTTGCATG",3
"TTCTACATCAGGCCCA",39
"TTCTACATCATGTCCC",27
"TTCTACATCATTATCC",11
"TTCTACATCCCTAATT",6
"TTCTACATCCCTTGCA",10
"TTCTACATCCGTCAAA",1
"TTCTACATCCTTTCTC",19
"TTCTACATCGTGGACC",47
"TTCTACATCTGGTATG",61
"TTCTACATCTTAGAGC",89
"TTCTCAAAGAACTGTA",91
"TTCTCAAAGACTACAA",68
"TTCTCAAAGACTCGGA",23
"TTCTCAAAGCAGGCTA",38
"TTCTCAAAGGTGTTAA",20
"TTCTCAACAAACTGCT",66
"TTCTCAACAAGCCCAC",59
"TTCTCAACAAGCGTAG",26
"TTCTCAACAATCTGCA",21
"TTCTCAACACATAACC",75
"TTCTCAACACCTCGTT",85
"TTCTCAACACGGCTAC",8
"TTCTCAACACTCTGTC",15
"TTCTCAACACTTAAGC",1000
"TTCTCAACAGATGGCA",26
"TTCTCAACAGCTATTG",11
"TTCTCAACAGTGAGTG",45
"TTCTCAACATCAGTCA",4
"TTCTCAAGTAGCGTGA",54
"TTCTCAAGTATATGGA",51
"TTCTCAAGTCATGCAT",52
"TTCTCAAGTCCGAACC",14
"TTCTCAAGTGATGCCC",85
"TTCTCAAGTGCAGTAG",21
"TTCTCAAGTGTGACCC",20
"TTCTCAATCAACGGCC",48
"TTCTCAATCCGTTGCT",30
"TTCTCAATCCTTCAAT",67
"TTCTCAATCGTACCGG",91
"TTCTCAATCTGGTATG",3
"TTCTCCTAGATAGCAT",66
"TTCTCCTAGCCTCGTG",40
"TTCTCCTAGCTTTGGT",35
"TTCTCCTAGGCATGGT",94
"TTCTCCTAGTTAAGTG",7
"TTCTCCTCAAACTGCT",0
"TTCTCCTCAAGACACG",4
"TTCTCCTCAGCTCCGA",75
"TTCTCCTCATAACCTG",59
"TTCTCCTCATAGTAAG",68
"TTCTCCTCATGACGGA",12
"TTCTCCTGTAGCCTCG",94
"TTCTCCTGTAGGCTGA",43
"TTCTCCTGTATTAGCC",60
"TTCTCCTGTCTAGAGG",85
"TTCTCCTGTTCCATGA",85
"TTCTCCTGTTGGTAAA",32
"TTCTCCTTCAAACAAG",83
"TTCTCCTTCAGTCCCT",50
"TTCTCCTTCGAATCCA",44
"TTCTCCTTCGAATGGG",31
"TTCTCCTTCTGAGTGT",77
"TTCTTAGAGATGTTAG",48
"TTCTTAGAGGGAACGG",37
"TTCTTAGAGTCTTGCA",36
"TTCTTAGCAAAGTGCG",87
"TTCTTAGCAAGCGTAG",68
"TTCTTAGCAATCACAC",30
"TTCTTAGCACGCATCG",13
"TTCTTAGCAGTGAGTG",1000
"TTCTTAGCATTGTGCA",20
"TTCTTAGGTACTCGCG",13
"TTCTTAGGTATCAGTC",25
"TTCTTAGGTCAGAAGC",89
"TTCTTAGGTCTCTTAT",9
"TTCTTAGGTGCTCTTC",37
"TTCTTAGGTTCGGGCT",92
"TTCTTAGTCAAACGGG",14
"TTCTTAGTCACCACCT",55
"TTCTTAGTCAGCTTAG",15
"TTCTTAGTCATGCATG",68
"TTCTTAGTCGATCCCT",44
"TTCTTAGTCGCTGATA",26
"TTGAACGAGCCTTGAT",3
"TTGAACGAGCTAGTCT",50
"TTGAACGAGGCATTGG",1
"TTGAACGAGGGAAACA",50
"TTGAACGAGTACGCGA",13
"TTGAACGAGTGAAGAG",62
"TTGAACGCAAAGCGGT",55
"TTGAACGCAATCGGTT",54
"TTGAACGCAATGTAAG",62
"TTGAACGCACGGCGTT",64
"TTGAACGCAGATAATG",82
"TTGAACGCAGCCTGTG",94
"TTGAACGGTAAACCTC",19
"TTGAACGGTAACGTTC",10
"TTGAACGGTCCAACTA",58
"TTGAACGGTCCCGACA",12
"TTGAACGGTCGAACAG",85
"TTGAACGGTCGTCTTC",9
"TTGAACGGTGCTGTAT",1000
"TTGAACGGTGGCAAAC",49
"TTGAACGGTTGAACTC",18
"TTGAACGTCAGGCGAA",68
"TTGAACGTCATCGCTC",14
"TTGAACGTCATCTGCC",86
"TTGAACGTCCAGAAGG",6
"TTGAACGTCGCGTTTC",87
"TTGAACGTCTGGGCCA",59
"TTGACTTAGACAGACC",68
"TTGACTTAGCCCGAAA",1000
"TTGACTTAGCGTCAAG",79
"TTGACTTAGGCCCTTG",31
"TTGACTTAGGCGTACA",81
"TTGACTTAGGCTAGAC",42
"TTGACTTAGTACGACG",8
"TTGACTTAGTATTGGA",44
"TTGACTTAGTTAGCGG",5
"TTGACTTAGTTATCGC",93
"TTGACTTCAAGGTTTC",94
"TTGACTTCAATCAGAA",10
"TTGACTTCAATCGAAA",9
"TTGACTTCACCAGATT",1000
"TTGACTTCAGAGTGTG",50
"TTGACTTCATCAGTCA",59
"TTGACTTCATCTACGA",86
"TTGACTTGTACGCTGC",42
"TTGACTTGTCAGCTAT",27
"TTGACTTGTCTAGCCG",66
"TTGACTTGTGCAACTT",55
"TTGACTTGTGTGAATA",87
"TTGACTTGTGTGCCTG",47
"TTGACTTGTTAAGACA",1000
"TTGACTTGTTCAGCGC",54
"TTGACTTGTTCCACAA",50
"TTGACTTGTTCGTCTC",1000
"TTGACTTTCGCCAAAT",50
"TTGACTTTCGTTTATC",54
"TTGACTTTCGTTTGCC",20
"TTGACTTTCTCGTTTA",14
"TTGCCGTAGAGATGAG",8
"TTGCCGTAGCGTAGTG",93
"TTGCCGTAGCTCCTCT",2
"TTGCCGTAGTAGGTGC",1000
"TTGCCGTAGTATCTCG",13
"TTGCCGTAGTTAACGA",6
"TTGCCGTAGTTTCCTT",37
"TTGCCGTCAAGGACTG",3
"TTGCCGTCAAGGGTCA",81
"TTGCCGTCAAGGTGTG",58
"TTGCCGTCACACCGCA",50
"TTGCCGTCACATAACC",62
"TTGCCGTCATCAGTAC",34
"TTGCCGTCATCTGGTA",59
"TTGCCGTCATTCCTCG",21
"TTGCCGTGTACGAAAT",1
"TTGCCGTGTAGCAAAT",20
"TTGCCGTGTATTCTCT",11
"TTGCCGTGTGCACCAC",3
"TTGCCGTGTGTTTGGT",7
"TTGCCGTGTTAAGATG",19
"TTGCCGTGTTCACCTC",12
"TTGCCGTTCCGAAGAG",27
"TTGCCGTTCCGGCACA",73
"TTGCCGTTCGATGAGG",72
"TTGCCGTTCGCTTGTC",51
"TTGCCGTTCTTACCGC",15
"TTGCGTCAGGCGACAT",42
"TTGCGTCAGGCTAGGT",30
"TTGCGTCAGTACGTTC",39
"TTGCGTCAGTGGTCCC",80
"TTGCGTCAGTTTGCGT",41
"TTGCGTCCACCTTGTC",26
"TTGCGTCCAGCATGAG",90
"TTGCGTCCAGGATTGG",86
"TTGCGTCCATCCGGGT",0
"TTGCGTCGTAAGAGAG",74
"TTGCGTCGTCGTCTTC",59
"TTGCGTCGTCGTTGTA",8
"TTGCGTCGTTCGCTAA",28
"TTGCGTCTCAAAGTAG",1
"TTGCGTCTCAACGCTA",85
"TTGCGTCTCAAGGCTT",1000
"TTGCGTCTCACAATGC",15
"TTGCGTCTCCACGTGG",66
"TTGCGTCTCCCTTGCA",85
"TTGCGTCTCCGAGCCA",13
"TTGCGTCTCCTGTAGA",16
"TTGCGTCTCGCCGTGA",10
"TTGCGTCTCGGCTTGG",29
"TTGCGTCTCTACTTAC",54
"TTGCGTCTCTCCAGGG",54
"TTGGAACAGAAGAAGC",75
"TTGGAACAGAGCTGGT",1
"TTGGAACAGATAGTCA",70
"TTGGAACAGCAGCGTA",60
"TTGGAACAGCGCCTTG",8
"TTGGAACAGCTGGAAC",75
"TTGGAACAGGACCACA",75
"TTGGAACAGGATGGTC",6
"TTGGAACAGGCAGTCA",1000
"TTGGAACAGGCGATAC",15
"TTGGAACAGGTACTCT",68
"TTGGAACAGGTTCCTA",37
"TTGGAACAGTACCGGA",28
"TTGGAACAGTGGCACA",32
"TTGGAACCAAGTCATC",19
"TTGGAACCATTAACCG",5
"TTGGAACGTAGCGCTC",8
"TTGGAACGTAGGCTGA",8
"TTGGAACGTCGAGTTT",19
"TTGGAACGTCGCGGTT",27
"TTGGAACTCCCTTGCA",19
"TTGGAACTCCTAGGGC",21
"TTGGAACTCGAACGGA",20
"TTGGAACTCTTTACGT",14
"TTGGCAAAGAGTCGGT",59
"TTGGCAAAGAGTCTGG",32
"TTGGCAAAGCCTCGTG",66
"TTGGCAAAGGAATGGA",6
"TTGGCAACACAGCGTC",94
"TTGGCAAGTAAGGGCT",39
"TTGGCAAGTACCGCTG",59
"TTGGCAAGTACCGGCT",35
"TTGGCAAGTATCACCA",59
"TTGGCAAGTCATGCCG",92
"TTGGCAAGTCCGTGAC",65
"TTGGCAAGTGTTCTTT",92
"TTGGCAATCACCGTAA",1
"TTGGCAATCGCATGGC",20
"TTGGCAATCTCTAGGA",76
"TTGGCAATCTCTGCTG",3
"TTGTAGGAGACGCTTT",38
"TTGTAGGAGCCAGTAG",36
"TTGTAGGAGGCACATG",93
"TTGTAGGAGGCTCAGA",1
"TTGTAGGAGGTGCTTT",13
"TTGTAGGAGGTTCCTA",58
"TTGTAGGAGTCATCCA",0
"TTGTAGGAGTGTACGG",0
"TTGTAGGAGTTACGGG",91
"TTGTAGGCAACTGCGC",14
"TTGTAGGCACAGACAG",92
"TTGTAGGCACAGCGTC",81
"TTGTAGGCACGCTTTC",42
"TTGTAGGCAGCCAATT",92
"TTGTAGGCAGTCGTGC",65
"TTGTAGGCATCACGTA",38
"TTGTAGGCATGTCTCC",49
"TTGTAGGCATTGAGCT",68
"TTGTAGGGTAAAGTCA",20
"TTGTAGGGTGGTCCGT",20
"TTGTAGGGTTAGGGTG",75
"TTGTAGGGTTGAACTC",80
"TTGTAGGTCAGATAAG",3
"TTGTAGGTCCGCGGTA",14
"TTGTAGGTCCGGCACA",86
"TTGTAGGTCCTTCAAT",51
"TTGTAGGTCGAACTGT",2
"TTGTAGGTCTACCAGA",52
"TTGTAGGTCTTGCAAG",42
"TTTACTGAGAACAACT",47
"TTTACTGAGATATACG",86
"TTTACTGAGATGAGAG",21
"TTTACTGAGATGCCAG",44
"TTTACTGAGCGTAATA",80
"TTTACTGAGCTGTTCA",9
"TTTACTGAGGCTCAGA",53
"TTTACTGAGTGAACAT",62
"TTTACTGCAAAGGTGC",53
"TTTACTGCAAGCGTAG",52
"TTTACTGCAATGACCT",55
"TTTACTGCACCGAAAG",55
"TTTACTGCACCGCTAG",66
"TTTACTGCACTTAACG",36
"TTTACTGCAGCTCCGA",3
"TTTACTGCAGGAATCG",91
"TTTACTGCATAGAAAC",39
"TTTACTGCATTTGCCC",54
"TTTACTGGTACAAGTA",17
"TTTACTGGTAGCTAAA",68
"TTTACTGGTCAATACC",71
"TTTACTGTCACATAGC",59
"TTTACTGTCAGGCGAA",58
"TTTACTGTCATACGGT",18
"TTTACTGTCCAAGCCG",9
"TTTACTGTCCAATGGT",85
"TTTACTGTCCTGTACC",55
"TTTACTGTCCTTGCCA",21
"TTTACTGTCGATCCCT",37
"TTTACTGTCGCGGATC",9
"TTTACTGTCGGACAAG",1000
"TTTACTGTCGTCCAGG",17
"TTTACTGTCTAACGGT",68
"TTTACTGTCTAACTGG",1000
"TTTACTGTCTAACTTC",89
"TTTACTGTCTATCGCC",83
"TTTACTGTCTCTGCTG",8
"TTTACTGTCTGCTGTC",1
"TTTATGCAGACTGTAA",66
"TTTATGCAGGCCATAG",64
"TTTATGCCAAGCCTAT",48
"TTTATGCCAAGGGTCA",19
"TTTATGCCACAGCGTC",60
"TTTATGCCACCTTGTC",93
"TTTATGCCACGTGAGA",93
"TTTATGCCACTGTGTA",80
"TTTATGCCAGATGGGT",27
"TTTATGCCATCGATGT",94
"TTTATGCGTAAAGGAG",57
"TTTATGCGTAATTGGA",50
"TTTATGCGTGCACCAC",59
"TTTATGCGTGTTGGGA",56
"TTTATGCGTTACCAGT",24
"TTTATGCGTTCCACTC",94
"TTTATGCTCAACCATG",59
"TTTATGCTCAGGATCT",94
"TTTATGCTCATCACCC",18
"TTTATGCTCCGTAGGC",92
"TTTATGCTCGCGTTTC",94
"TTTATGCTCGTTGCCT",27
"TTTATGCTCTGTCCGT",29
"TTTCCTCAGACTTTCG",59
"TTTCCTCAGAGATGAG",8
"TTTCCTCAGAGCTTCT",51
"TTTCCTCAGCCTTGAT",3
"TTTCCTCAGCGCTCCA",68
"TTTCCTCAGGATATAC",56
"TTTCCTCAGGTAGCTG",56
"TTTCCTCAGGTCGGAT",94
"TTTCCTCAGTACATGA",31
"TTTCCTCCACGCCAGT",40
"TTTCCTCCAGCTGTGC",68
"TTTCCTCCAGTAACGG",32
"TTTCCTCCATCGACGC",75
"TTTCCTCGTACTCAAC",33
"TTTCCTCGTATGAATG",38
"TTTCCTCGTCTGCGGT",2
"TTTCCTCGTGCAACGA",80
"TTTCCTCGTGCTAGCC",59
"TTTCCTCGTGGCAAAC",61
"TTTCCTCGTGGCTCCA",44
"TTTCCTCGTTACGGAG",26
"TTTCCTCTCAGTTCGA",92
"TTTCCTCTCAGTTGAC",65
"TTTCCTCTCGCGTTTC",37
"TTTCCTCTCTCAACTT",8
"TTTCCTCTCTCTGTCG",80
"TTTCCTCTCTCTTATG",27
"TTTCCTCTCTGCTGCT",0
"TTTCCTCTCTTGCAAG",2
"TTTCCTCTCTTGTCAT",74
"TTTGCGCAGACCTAGG",68
"TTTGCGCAGCAGGCTA",75
"TTTGCGCAGCGTAGTG",23
"TTTGCGCCACAAGACG",59
"TTTGCGCCACAAGCCC",86
"TTTGCGCCACTGTTAG",14
"TTTGCGCCAGCCTTTC",32
"TTTGCGCCAGCTGGCT",92
"TTTGCGCCAGGGTACA",39
"TTTGCGCCATATACCG",1000
"TTTGCGCCATCGGTTA",20
"TTTGCGCCATGCCTAA",14
"TTTGCGCGTAAATGTG",48
"TTTGCGCGTAGGGACT",54
"TTTGCGCGTCCGCTGA",38
"TTTGCGCGTCCTCCAT",26
"TTTGCGCGTCGGCATC",35
"TTTGCGCGTGTGTGCC",75
"TTTGCGCGTTCGCTAA",92
"TTTGCGCGTTGAGGTG",9
"TTTGCGCGTTTAAGCC",35
"TTTGCGCTCAAGGTAA",62
"TTTGCGCTCACAATGC",5
"TTTGCGCTCACGATGT",36
"TTTGCGCTCAGCGACC",3
"TTTGCGCTCATGGTCA",33
"TTTGCGCTCCATTCTA",20
"TTTGCGCTCCCACTTG",37
"TTTGCGCTCGCATGAT",1000
"TTTGCGCTCGTAGATC",89
"TTTGGTTAGATGGGTC",37
"TTTGGTTAGCCGATTT",27
"TTTGGTTAGCTAGTCT",13
"TTTGGTTAGCTGATAA",54
"TTTGGTTAGCTGGAAC",51
"TTTGGTTAGGAATGGA",51
"TTTGGTTAGGACGAAA",40
"TTTGGTTAGGCAGGTT",54
"TTTGGTTAGTCGCCGT",92
"TTTGGTTCAAGGGTCA",92
"TTTGGTTCACCACGTG",95
"TTTGGTTCACGAAGCA",92
"TTTGGTTCACGGTAAG",81
"TTTGGTTCACTAGTAC",94
"TTTGGTTCAGACAAGC",80
"TTTGGTTCATGCCTTC",20
"TTTGGTTCATGCGCAC",15
"TTTGGTTGTCTGATCA",83
"TTTGGTTGTCTGCGGT",43
"TTTGGTTGTGACAAAT",8
"TTTGGTTGTGCTGTAT",86
"TTTGGTTTCACCCGAG",18
"TTTGGTTTCACTATTC",13
"TTTGGTTTCACTGGGC",20
"TTTGGTTTCAGTGTTG",37
"TTTGGTTTCTACTTAC",9
"TTTGGTTTCTATGTGG",56
"TTTGGTTTCTCAAACG",56
"TTTGGTTTCTGCTTGC",1000
"TTTGTCAAGAAGGGTA",46
"TTTGTCAAGATCGGGT",86
"TTTGTCAAGCACCGTC",1000
"TTTGTCAAGGACTGGT",1
"TTTGTCAAGGCATGTG",94
"TTTGTCAAGGGATCTG",64
"TTTGTCACAACTGCTA",64
"TTTGTCACAAGCTGAG",8
"TTTGTCACAATCACAC",1000
"TTTGTCACACCAGATT",22
"TTTGTCACACCGCTAG",83
"TTTGTCACACGGACAA",1000
"TTTGTCACACGTAAGG",63
"TTTGTCACAGGATTGG",85
"TTTGTCACATATGCTG",40
"TTTGTCACATGTTGAC",20
"TTTGTCAGTAATCGTC",47
"TTTGTCAGTACGACCC",75
"TTTGTCAGTAGTACCT",39
"TTTGTCAGTCCGAACC",54
"TTTGTCAGTGCTTCTC",51
"TTTGTCAGTTATCCGA",62
"TTTGTCAGTTTGACTG",15
"TTTGTCATCAAAGTAG",3
"TTTGTCATCACGCGGT",26
"TTTGTCATCAGGCAAG",49
"TTTGTCATCATCGCTC",51
"TTTGTCATCCCGGATG",25
"TTTGTCATCCTTTACA",4
"TTTGTCATCGCCAGCA",60
"TTTGTCATCTATCGCC",38
"TTTGTCATCTCCAACC",69
