"cell_barcode","assignment"
"X1_AAACCCACACTTCCTG.1",4
"X1_AAACCCACAGACAAAT.1",3
"X1_AAACCCACAGGACGAT.1",4
"X1_AAACCCACATCCTAAG.1",4
"X1_AAACCCAGTAACATCC.1",5
"X1_AAACCCAGTACAGTTC.1",7
"X1_AAACCCAGTACTGTTG.1",2
"X1_AAACCCAGTGTCACAT.1",8
"X1_AAACCCAGTTCTCAGA.1",2
"X1_AAACCCAGTTGTCATG.1",1
"X1_AAACCCAGTTTGTTGG.1",7
"X1_AAACCCATCAACACCA.1",5
"X1_AAACCCATCAGTAGGG.1",7
"X1_AAACCCATCGGACTGC.1",2
"X1_AAACGAACACTTCAGA.1",6
"X1_AAACGAACATTATGCG.1",2
"X1_AAACGAAGTCCTGAAT.1",6
"X1_AAACGAAGTGAGATTA.1",8
"X1_AAACGAAGTTCTCCTG.1",7
"X1_AAACGAATCTGGCTGG.1",8
"X1_AAACGCTAGACTGTTC.1",8
"X1_AAACGCTAGCAAGGAA.1",4
"X1_AAACGCTAGCGTGTCC.1",5
"X1_AAACGCTAGCTTTCCC.1",3
"X1_AAACGCTAGGAGGCAG.1",8
"X1_AAACGCTCAACCTATG.1",2
"X1_AAACGCTCACACTTAG.1",5
"X1_AAACGCTCACCCTATC.1",8
"X1_AAACGCTCACTCTAGA.1",8
"X1_AAACGCTCAGCTCGGT.1",2
"X1_AAACGCTCATGATCTG.1",4
"X1_AAACGCTGTATGTCAC.1",3
"X1_AAACGCTGTCAGGTAG.1",8
"X1_AAACGCTGTCCACAGC.1",4
"X1_AAACGCTGTGAGGAAA.1",8
"X1_AAACGCTTCCGCAACG.1",7
"X1_AAACGCTTCGCCATAA.1",2
"X1_AAACGCTTCGCCTATC.1",8
"X1_AAACGCTTCGCTAAAC.1",4
"X1_AAACGCTTCGTCCTTG.1",2
"X1_AAACGCTTCTGAATGC.1",2
"X1_AAACGCTTCTTTGCGC.1",2
"X1_AAAGAACAGAACTGAT.1",3
"X1_AAAGAACAGAGCCTGA.1",7
"X1_AAAGAACAGATTGACA.1",8
"X1_AAAGAACAGCCTATCA.1",5
"X1_AAAGAACAGCGTTAGG.1",7
"X1_AAAGAACAGGCGAAGG.1",1000
"X1_AAAGAACAGGGATCAC.1",6
"X1_AAAGAACCAAATTGCC.1",3
"X1_AAAGAACCAACCGACC.1",8
"X1_AAAGAACCAAGAGAGA.1",8
"X1_AAAGAACCAAGCTGCC.1",3
"X1_AAAGAACCACAGAAGC.1",2
"X1_AAAGAACCACTTGACA.1",1
"X1_AAAGAACCATACTTTC.1",1000
"X1_AAAGAACGTGCTATTG.1",6
"X1_AAAGAACTCACTCGAA.1",1
"X1_AAAGGATAGACTGTTC.1",7
"X1_AAAGGATAGAGCTGAC.1",4
"X1_AAAGGATCACATGAAA.1",4
"X1_AAAGGATCAGCACAAG.1",8
"X1_AAAGGATCAGCGCTTG.1",2
"X1_AAAGGATGTAAGTTAG.1",8
"X1_AAAGGATGTATCACGT.1",3
"X1_AAAGGATGTCGGTGAA.1",1
"X1_AAAGGATGTCGTATGT.1",8
"X1_AAAGGATGTGCCCAGT.1",2
"X1_AAAGGATGTTAATCGC.1",3
"X1_AAAGGATTCCAAGAGG.1",7
"X1_AAAGGATTCGATACGT.1",7
"X1_AAAGGATTCTCTTAAC.1",6
"X1_AAAGGATTCTTAGGAC.1",5
"X1_AAAGGGCCACACCTAA.1",3
"X1_AAAGGGCCATCCTATT.1",5
"X1_AAAGGGCGTAGCGTCC.1",3
"X1_AAAGGGCGTATGGGAC.1",4
"X1_AAAGGGCGTCATCCCT.1",7
"X1_AAAGGGCGTTCCGTTC.1",6
"X1_AAAGGGCGTTGCGTAT.1",3
"X1_AAAGGGCTCTGAGAAA.1",8
"X1_AAAGGTAAGATACCAA.1",6
"X1_AAAGGTAAGGTTCTAC.1",4
"X1_AAAGGTACAAATCGGG.1",6
"X1_AAAGGTACAAATGGAT.1",2
"X1_AAAGGTACAACACAGG.1",5
"X1_AAAGGTACAACCGCCA.1",1
"X1_AAAGGTAGTATCTCTT.1",2
"X1_AAAGGTATCCACGTCT.1",4
"X1_AAAGGTATCGTGCGAC.1",3
"X1_AAAGGTATCTCAGAAC.1",6
"X1_AAAGGTATCTCGTGGG.1",3
"X1_AAAGTCCCAATCGCGC.1",7
"X1_AAAGTCCCACCGGTCA.1",5
"X1_AAAGTCCCACCGTACG.1",5
"X1_AAAGTCCCAGCCGTTG.1",5
"X1_AAAGTCCCAGGCACTC.1",5
"X1_AAAGTCCCAGTAACGG.1",5
"X1_AAAGTCCCATCCAACA.1",7
"X1_AAAGTCCGTCAACATC.1",6
"X1_AAAGTCCGTCGTCTCT.1",7
"X1_AAAGTCCGTTGAGTCT.1",5
"X1_AAAGTCCTCCTCACGT.1",2
"X1_AAAGTCCTCGATGCTA.1",4
"X1_AAAGTCCTCTCAGGCG.1",4
"X1_AAAGTCCTCTCTATGT.1",5
"X1_AAAGTCCTCTGGCTGG.1",2
"X1_AAAGTGAAGTATAGAC.1",5
"X1_AAAGTGACACAGCTGC.1",2
"X1_AAAGTGACAGACGCTC.1",5
"X1_AAAGTGACAGTCCCGA.1",7
"X1_AAAGTGACATCGATAC.1",2
"X1_AAAGTGACATTCTTCA.1",1000
"X1_AAAGTGAGTAACTGCT.1",8
"X1_AAAGTGAGTACAAACA.1",3
"X1_AAAGTGAGTCCTTAAG.1",2
"X1_AAAGTGAGTGTCCAAT.1",3
"X1_AAAGTGAGTGTTGATC.1",4
"X1_AAAGTGATCGTAATGC.1",6
"X1_AAAGTGATCTAGCATG.1",1000
"X1_AAATGGAAGAGCACTG.1",6
"X1_AAATGGACAAATCAGA.1",2
"X1_AAATGGACAGAACTAA.1",1
"X1_AAATGGACAGCAGTGA.1",6
"X1_AAATGGACATGTGACT.1",7
"X1_AAATGGACATGTTACG.1",8
"X1_AAATGGAGTAAGCGGT.1",2
"X1_AAATGGAGTACTGCCG.1",3
"X1_AAATGGAGTCAGTCCG.1",3
"X1_AAATGGAGTGAGGATC.1",3
"X1_AAATGGATCTCGGTCT.1",1
"X1_AACAAAGAGCGTTCAT.1",4
"X1_AACAAAGAGGAGGCAG.1",5
"X1_AACAAAGAGGTCATAA.1",5
"X1_AACAAAGCAAGAATAC.1",7
"X1_AACAAAGCAAGTACCT.1",7
"X1_AACAAAGCACGCAAAG.1",5
"X1_AACAAAGCAGGCGTTC.1",8
"X1_AACAAAGCAGTACTAC.1",8
"X1_AACAAAGCATAATGCC.1",8
"X1_AACAAAGCATTGAGCT.1",7
"X1_AACAAAGCATTGCCGG.1",2
"X1_AACAAAGGTAGAAACT.1",2
"X1_AACAAAGGTCTGCGCA.1",4
"X1_AACAAAGGTGGTCTAT.1",3
"X1_AACAAAGTCACTGTTT.1",6
"X1_AACAAAGTCAGAGCGA.1",1000
"X1_AACAAAGTCCCGTTGT.1",5
"X1_AACAAAGTCGCCGAAC.1",3
"X1_AACAACCCAACGTAAA.1",2
"X1_AACAACCCATGAGGGT.1",3
"X1_AACAACCGTGGTTTAC.1",2
"X1_AACAACCTCCAAGAGG.1",6
"X1_AACAACCTCCTATTTG.1",7
"X1_AACAACCTCGTGGACC.1",1000
"X1_AACAAGAAGACTGAGC.1",3
"X1_AACAAGAAGCACTCAT.1",8
"X1_AACAAGAAGCAGCCTC.1",8
"X1_AACAAGAAGCATCCTA.1",2
"X1_AACAAGAAGCTTCGTA.1",6
"X1_AACAAGAAGGATGCGT.1",2
"X1_AACAAGAAGGATTCCT.1",5
"X1_AACAAGAAGGTATAGT.1",7
"X1_AACAAGACACCCTGAG.1",5
"X1_AACAAGACAGAACTTC.1",5
"X1_AACAAGACATCGTGCG.1",1000
"X1_AACAAGACATGGGCAA.1",1
"X1_AACAAGAGTACCGTGC.1",4
"X1_AACAAGAGTAGCGCTC.1",3
"X1_AACAAGAGTGGTCAAG.1",2
"X1_AACAAGAGTTGAAGTA.1",8
"X1_AACAAGATCCAGCTCT.1",7
"X1_AACAAGATCCTCTCGA.1",2
"X1_AACAAGATCCTGTAGA.1",8
"X1_AACAAGATCTAGCAAC.1",2
"X1_AACAAGATCTAGCCTC.1",3
"X1_AACAAGATCTTCCTAA.1",5
"X1_AACACACAGACCCGCT.1",3
"X1_AACACACAGATGCCGA.1",2
"X1_AACACACCAATGGCAG.1",7
"X1_AACACACCAATTCACG.1",8
"X1_AACACACCACAGTGAG.1",3
"X1_AACACACCAGACCAGA.1",8
"X1_AACACACGTATCGCGC.1",2
"X1_AACACACGTCGGAACA.1",3
"X1_AACACACGTCGTTCAA.1",2
"X1_AACACACGTGCAGTGA.1",1
"X1_AACACACGTGTTACAC.1",8
"X1_AACACACGTTGTGCAT.1",1000
"X1_AACACACTCACTTGGA.1",3
"X1_AACACACTCCATACAG.1",3
"X1_AACAGGGAGCCGCACT.1",5
"X1_AACAGGGAGTACAACA.1",3
"X1_AACAGGGCAAGAGAGA.1",7
"X1_AACAGGGGTACCATAC.1",1
"X1_AACAGGGGTGGTTCTA.1",3
"X1_AACAGGGGTTACCCTC.1",8
"X1_AACAGGGGTTCCTAAG.1",7
"X1_AACAGGGTCACTAGCA.1",5
"X1_AACAGGGTCACTGGTA.1",2
"X1_AACAGGGTCTAGTACG.1",2
"X1_AACAGGGTCTAGTTCT.1",3
"X1_AACAGGGTCTGCCTCA.1",8
"X1_AACCAACCAACCTAAC.1",4
"X1_AACCAACCACCTCTAC.1",3
"X1_AACCAACCACGAGAAC.1",5
"X1_AACCAACCACTGTGTA.1",5
"X1_AACCAACCACTTGTCC.1",2
"X1_AACCAACCAGGTACGA.1",5
"X1_AACCAACCATAATGCC.1",4
"X1_AACCAACGTAATCAAG.1",3
"X1_AACCAACGTTAGGGTG.1",2
"X1_AACCAACTCACTACGA.1",8
"X1_AACCAACTCCTAGAGT.1",4
"X1_AACCAACTCGCATTGA.1",5
"X1_AACCACAAGATGAACT.1",8
"X1_AACCACAAGCTCATAC.1",3
"X1_AACCACAAGGCCCAAA.1",1
"X1_AACCACACATAATCCG.1",3
"X1_AACCACACATTGAAGA.1",3
"X1_AACCACAGTCAGTCCG.1",1
"X1_AACCACAGTTCAAGGG.1",8
"X1_AACCACAGTTGGGAAC.1",6
"X1_AACCACATCCCAGGAC.1",7
"X1_AACCACATCCGATTAG.1",3
"X1_AACCATGAGAGGTGCT.1",8
"X1_AACCATGAGCCTGAAG.1",1000
"X1_AACCATGAGCGACATG.1",6
"X1_AACCATGAGGACAGTC.1",2
"X1_AACCATGAGGTATCTC.1",7
"X1_AACCATGAGGTGATAT.1",8
"X1_AACCATGAGTGGAAAG.1",7
"X1_AACCATGCAATAGTAG.1",2
"X1_AACCATGCACCAGCCA.1",4
"X1_AACCATGCAGAGAATT.1",4
"X1_AACCATGCATAGGTTC.1",5
"X1_AACCATGCATGGATCT.1",3
"X1_AACCATGCATTGTAGC.1",1
"X1_AACCATGGTAATCAAG.1",5
"X1_AACCATGGTCTGATCA.1",4
"X1_AACCATGGTCTGTGTA.1",7
"X1_AACCATGGTTGATCGT.1",3
"X1_AACCATGGTTGCATAC.1",6
"X1_AACCATGTCCATCAGA.1",1000
"X1_AACCATGTCGCCACTT.1",2
"X1_AACCATGTCGTGTGAT.1",1
"X1_AACCATGTCTCGCTTG.1",2
"X1_AACCCAAAGATCCCAT.1",5
"X1_AACCCAAAGCACGTCC.1",1
"X1_AACCCAAAGCCACTCG.1",4
"X1_AACCCAAAGCCGAATG.1",5
"X1_AACCCAAAGCTACAAA.1",4
"X1_AACCCAAAGTAAGACT.1",6
"X1_AACCCAAAGTGCACAG.1",1
"X1_AACCCAAAGTTCGCAT.1",3
"X1_AACCCAAAGTTCGGTT.1",7
"X1_AACCCAACAACGTTAC.1",5
"X1_AACCCAACAAGATCCT.1",7
"X1_AACCCAACACATATGC.1",5
"X1_AACCCAAGTACTGAGG.1",2
"X1_AACCCAAGTATAGGGC.1",5
"X1_AACCCAAGTATCCTCC.1",7
"X1_AACCCAAGTGAAGCTG.1",4
"X1_AACCCAATCCACGAAT.1",7
"X1_AACCCAATCCCTGGTT.1",2
"X1_AACCCAATCCTCTCTT.1",5
"X1_AACCCAATCGATTTCT.1",1
"X1_AACCCAATCTAGTTCT.1",8
"X1_AACCTGAAGACTTCAC.1",3
"X1_AACCTGAAGATCCAAA.1",4
"X1_AACCTGAAGCAGGCAT.1",2
"X1_AACCTGAAGCCGTTAT.1",8
"X1_AACCTGAAGCGATGCA.1",1
"X1_AACCTGACACAGAAGC.1",3
"X1_AACCTGACACATATCG.1",8
"X1_AACCTGACACCAAATC.1",3
"X1_AACCTGACAGGTCTCG.1",6
"X1_AACCTGACATGGCGCT.1",6
"X1_AACCTGAGTAGGCTGA.1",1
"X1_AACCTGAGTGTCCCTT.1",3
"X1_AACCTGATCGTGGGAA.1",3
"X1_AACCTGATCTGTACAG.1",3
"X1_AACCTTTAGCCGGATA.1",6
"X1_AACCTTTAGCTTCTAG.1",8
"X1_AACCTTTAGTTCTCTT.1",5
"X1_AACCTTTCAGAGCGTA.1",4
"X1_AACCTTTCAGCCTACG.1",7
"X1_AACCTTTCAGTTGCGC.1",2
"X1_AACCTTTGTCGTCGGT.1",3
"X1_AACCTTTGTGTTGACT.1",1000
"X1_AACCTTTGTTATGTCG.1",5
"X1_AACCTTTTCAGCCCAG.1",7
"X1_AACCTTTTCTACTCAT.1",3
"X1_AACGAAAAGAGCAAGA.1",1000
"X1_AACGAAAAGATCCCGC.1",3
"X1_AACGAAAAGGAAGTGA.1",8
"X1_AACGAAAAGGTCCCTG.1",2
"X1_AACGAAAAGTGATAGT.1",3
"X1_AACGAAACAAGTGTCT.1",6
"X1_AACGAAACAGGCGAAT.1",6
"X1_AACGAAAGTGTCCAAT.1",1
"X1_AACGAAAGTTCGGCTG.1",2
"X1_AACGAAATCACCTCTG.1",2
"X1_AACGAAATCCAAACCA.1",4
"X1_AACGAAATCCCGAGGT.1",8
"X1_AACGAAATCCTCTAAT.1",8
"X1_AACGGGAAGAGCAGCT.1",8
"X1_AACGGGAAGAGGTCAC.1",1
"X1_AACGGGAAGGATATAC.1",1000
"X1_AACGGGAAGTCCCGAC.1",4
"X1_AACGGGACACGACCTG.1",3
"X1_AACGGGACAGAAACCG.1",5
"X1_AACGGGAGTACCAATC.1",6
"X1_AACGGGAGTAGTACGG.1",5
"X1_AACGGGAGTATCGGTT.1",2
"X1_AACGGGAGTGGTCTCG.1",7
"X1_AACGGGATCAGTGTGT.1",7
"X1_AACGGGATCGACCAAT.1",2
"X1_AACGGGATCTGGTGGC.1",8
"X1_AACGTCAAGAGCTGAC.1",4
"X1_AACGTCAAGTAGGGTC.1",8
"X1_AACGTCACAAATGAAC.1",5
"X1_AACGTCACAACTGCTA.1",8
"X1_AACGTCACAATCGTCA.1",1
"X1_AACGTCACACCCTCTA.1",1000
"X1_AACGTCACACTACCCT.1",2
"X1_AACGTCACATCCTGTC.1",8
"X1_AACGTCACATCTCAAG.1",3
"X1_AACGTCAGTAGGACCA.1",5
"X1_AACGTCAGTTTACGAC.1",1
"X1_AACGTCATCAATCGGT.1",6
"X1_AACGTCATCGCTCTCA.1",7
"X1_AACGTCATCTCAGAAC.1",8
"X1_AACGTCATCTGAGAGG.1",8
"X1_AACGTCATCTGAGGTT.1",1
"X1_AACGTCATCTTCCAGC.1",3
"X1_AACTTCTCAAATTGCC.1",6
"X1_AACTTCTCAAGGCCTC.1",3
"X1_AACTTCTCATCCCACT.1",3
"X1_AACTTCTCATGTTCGA.1",8
"X1_AACTTCTGTGCCCACA.1",5
"X1_AACTTCTGTTACCTGA.1",4
"X1_AACTTCTGTTCAAGTC.1",7
"X1_AACTTCTTCCCGAGAC.1",3
"X1_AACTTCTTCCTCACTG.1",1
"X1_AACTTCTTCGAATGCT.1",6
"X1_AACTTCTTCTTGCAAG.1",6
"X1_AAGAACAAGCGACCCT.1",5
"X1_AAGAACAAGCTACAAA.1",7
"X1_AAGAACAAGGACAACC.1",7
"X1_AAGAACAAGGGAGGCA.1",7
"X1_AAGAACACATAGCACT.1",5
"X1_AAGAACACATATCGGT.1",7
"X1_AAGAACACATGTTACG.1",2
"X1_AAGAACAGTAAGGCCA.1",7
"X1_AAGAACAGTTTCACTT.1",7
"X1_AAGAACATCACCATCC.1",3
"X1_AAGAACATCACTGATG.1",4
"X1_AAGAACATCCTTATAC.1",5
"X1_AAGAACATCTCCCTAG.1",8
"X1_AAGACAAAGCTGAGTG.1",6
"X1_AAGACAAAGGAGATAG.1",2
"X1_AAGACAAAGTAACGAT.1",6
"X1_AAGACAACAGTGTGGA.1",5
"X1_AAGACAAGTAGAGATT.1",7
"X1_AAGACAAGTAGGTCAG.1",6
"X1_AAGACAAGTCATTGCA.1",8
"X1_AAGACAAGTGAGGAAA.1",2
"X1_AAGACAAGTTCGGCTG.1",1
"X1_AAGACAATCCCGAATA.1",2
"X1_AAGACAATCCTCTGCA.1",8
"X1_AAGACTCAGACTGTTC.1",1000
"X1_AAGACTCAGGGAGAAT.1",7
"X1_AAGACTCAGTTAGTAG.1",4
"X1_AAGACTCCACGCTGTG.1",4
"X1_AAGACTCCACTTGAGT.1",6
"X1_AAGACTCGTTGCGGAA.1",2
"X1_AAGACTCTCTGCTAGA.1",6
"X1_AAGATAGCAAATTAGG.1",2
"X1_AAGATAGCAATTGCAC.1",3
"X1_AAGATAGGTCAGCGTC.1",3
"X1_AAGATAGGTCTAGTGT.1",8
"X1_AAGATAGGTTGCCATA.1",4
"X1_AAGATAGTCCAACTGA.1",2
"X1_AAGCATCCACGCGTGT.1",7
"X1_AAGCATCCACGTGAGA.1",5
"X1_AAGCATCCAGTGCGCT.1",1
"X1_AAGCATCGTACACTCA.1",2
"X1_AAGCATCGTCAACCAT.1",8
"X1_AAGCATCGTCAAGCCC.1",7
"X1_AAGCATCGTCGTGGTC.1",1
"X1_AAGCATCGTGTTTACG.1",1
"X1_AAGCATCTCACAGTGT.1",1
"X1_AAGCATCTCGAGGCAA.1",4
"X1_AAGCATCTCGTAGTCA.1",1
"X1_AAGCCATAGAGTTGTA.1",5
"X1_AAGCCATAGTGGATTA.1",8
"X1_AAGCCATAGTGGTTCT.1",8
"X1_AAGCCATCACTGTCGG.1",2
"X1_AAGCCATCAGACCGCT.1",2
"X1_AAGCCATGTCACTCGG.1",3
"X1_AAGCCATTCATCGGGC.1",4
"X1_AAGCCATTCGGTTCAA.1",1
"X1_AAGCCATTCTATGCCC.1",1
"X1_AAGCCATTCTTCGATT.1",4
"X1_AAGCGAGAGACCATGG.1",4
"X1_AAGCGAGAGCATCTTG.1",7
"X1_AAGCGAGAGTGGCGAT.1",5
"X1_AAGCGAGCACCCAAGC.1",3
"X1_AAGCGAGCACGCAGTC.1",2
"X1_AAGCGAGCATCGATGT.1",7
"X1_AAGCGAGGTAAGGCTG.1",5
"X1_AAGCGAGGTAATGCGG.1",6
"X1_AAGCGAGGTTCAAAGA.1",7
"X1_AAGCGAGTCCAGCTCT.1",3
"X1_AAGCGAGTCTCTGCCA.1",6
"X1_AAGCGTTAGACTTGTC.1",5
"X1_AAGCGTTAGAGAGGTA.1",8
"X1_AAGCGTTAGCAAGTCG.1",6
"X1_AAGCGTTAGCGCCCAT.1",5
"X1_AAGCGTTAGGCGACAT.1",1000
"X1_AAGCGTTAGGCGTTGA.1",5
"X1_AAGCGTTAGGTTCACT.1",4
"X1_AAGCGTTCAAGAATGT.1",2
"X1_AAGCGTTCAGAGTAAT.1",7
"X1_AAGCGTTCATTGAGGG.1",6
"X1_AAGCGTTGTGATTCAC.1",7
"X1_AAGCGTTGTGCGAGTA.1",2
"X1_AAGCGTTTCACCATCC.1",5
"X1_AAGCGTTTCATAGACC.1",3
"X1_AAGCGTTTCCCAGGCA.1",1000
"X1_AAGCGTTTCGGTGAAG.1",2
"X1_AAGCGTTTCTGAACGT.1",7
"X1_AAGGAATAGACAAGCC.1",6
"X1_AAGGAATAGTTAGTAG.1",6
"X1_AAGGAATCAGGTGTGA.1",7
"X1_AAGGAATCAGTATGAA.1",2
"X1_AAGGAATGTTCTAAGC.1",7
"X1_AAGGAATGTTTACGAC.1",3
"X1_AAGGAATTCAAGGCTT.1",2
"X1_AAGGAATTCACTGTCC.1",8
"X1_AAGGAATTCCGAGAAG.1",6
"X1_AAGGAATTCGACTCCT.1",3
"X1_AAGGTAAAGAGCGACT.1",4
"X1_AAGGTAAAGCAAATCA.1",1
"X1_AAGGTAAAGCTGTTCA.1",4
"X1_AAGGTAAAGTCTGTAC.1",3
"X1_AAGGTAACACACAGAG.1",3
"X1_AAGGTAACACTTCCTG.1",3
"X1_AAGGTAACAGCTACAT.1",8
"X1_AAGGTAAGTTCTCGTC.1",4
"X1_AAGGTAATCTTAGTTC.1",5
"X1_AAGTACCAGAATCTAG.1",8
"X1_AAGTACCAGGAAACGA.1",3
"X1_AAGTACCAGGCCTTCG.1",2
"X1_AAGTACCAGGTGCCAA.1",3
"X1_AAGTACCCAACTTGCA.1",2
"X1_AAGTACCCACACCTTC.1",1
"X1_AAGTACCCAGCGGATA.1",4
"X1_AAGTACCCAGCGGTCT.1",5
"X1_AAGTACCCAGGAACCA.1",2
"X1_AAGTACCCAGGACGAT.1",7
"X1_AAGTACCCATCGTGCG.1",7
"X1_AAGTACCGTACTTGTG.1",4
"X1_AAGTACCGTATTCTCT.1",8
"X1_AAGTACCGTCACTAGT.1",8
"X1_AAGTACCGTCCGGCAT.1",1
"X1_AAGTACCGTGGCGCTT.1",4
"X1_AAGTACCGTTGCCGAC.1",6
"X1_AAGTACCGTTTAGTCG.1",3
"X1_AAGTACCTCGGTCGAC.1",7
"X1_AAGTACCTCTGTGCTC.1",7
"X1_AAGTCGTAGCTCCATA.1",6
"X1_AAGTCGTAGCTGACTT.1",3
"X1_AAGTCGTAGGAGCAAA.1",2
"X1_AAGTCGTCAAGACGGT.1",1
"X1_AAGTCGTGTGATAGTA.1",3
"X1_AAGTCGTGTGTCCACG.1",4
"X1_AAGTCGTTCCACCTCA.1",3
"X1_AAGTGAAAGCAGCACA.1",1000
"X1_AAGTGAAAGCCGAACA.1",2
"X1_AAGTGAAAGCCTGAAG.1",2
"X1_AAGTGAAAGTAGACAT.1",1000
"X1_AAGTGAAAGTCAGGGT.1",2
"X1_AAGTGAAAGTCTAACC.1",1
"X1_AAGTGAACAAAGCACG.1",4
"X1_AAGTGAACAGGCTCTG.1",6
"X1_AAGTGAAGTGCCTTCT.1",2
"X1_AAGTGAAGTGGTCTGC.1",2
"X1_AAGTGAATCCGGCAAC.1",3
"X1_AAGTGAATCCTCTCTT.1",6
"X1_AAGTGAATCCTGCCAT.1",2
"X1_AAGTGAATCGCGTAGC.1",3
"X1_AAGTTCGAGGAAAGGT.1",3
"X1_AAGTTCGCAAGGCTTT.1",5
"X1_AAGTTCGCACCAACAT.1",3
"X1_AAGTTCGCACTGTGAT.1",7
"X1_AAGTTCGCAGAGTAAT.1",8
"X1_AAGTTCGTCCACGTCT.1",2
"X1_AAGTTCGTCCTCAGAA.1",8
"X1_AAGTTCGTCGCTATTT.1",7
"X1_AAGTTCGTCGGTAAGG.1",3
"X1_AAGTTCGTCTCTCTAA.1",6
"X1_AAGTTCGTCTGCGGGT.1",7
"X1_AAGTTCGTCTTCACGC.1",8
"X1_AAGTTCGTCTTTGGAG.1",5
"X1_AATAGAGCACATAACC.1",3
"X1_AATAGAGCAGCAGTCC.1",8
"X1_AATAGAGCATGTGGTT.1",1
"X1_AATAGAGGTACGACAG.1",7
"X1_AATAGAGGTATTCCGA.1",1000
"X1_AATAGAGGTCGGCACT.1",1000
"X1_AATAGAGGTCTTCCGT.1",4
"X1_AATAGAGGTGTTAACC.1",3
"X1_AATAGAGGTGTTGAGG.1",4
"X1_AATAGAGTCAGCTGTA.1",8
"X1_AATAGAGTCATCACTT.1",7
"X1_AATAGAGTCCACGTCT.1",1
"X1_AATAGAGTCTGTTCAT.1",7
"X1_AATCACGAGGTCCAGA.1",6
"X1_AATCACGAGTCTTCCC.1",7
"X1_AATCACGCAGACAAGC.1",3
"X1_AATCACGCAGCAAGAC.1",1000
"X1_AATCACGCAGCAGTCC.1",2
"X1_AATCACGCAGCCGTTG.1",5
"X1_AATCACGCAGTTGAAA.1",3
"X1_AATCACGCATCGCTGG.1",7
"X1_AATCACGGTACTCAAC.1",8
"X1_AATCACGGTAGCTGAG.1",6
"X1_AATCACGGTCGTCATA.1",5
"X1_AATCACGGTTCTCACC.1",5
"X1_AATCACGGTTCTCTCG.1",8
"X1_AATCACGTCACTTGTT.1",8
"X1_AATCACGTCATTACGG.1",2
"X1_AATCACGTCCTCTCGA.1",3
"X1_AATCACGTCTGAACGT.1",6
"X1_AATCGACAGGTAAGTT.1",8
"X1_AATCGACAGTAGGCCA.1",7
"X1_AATCGACCAACCCTCT.1",3
"X1_AATCGACCAAGCCATT.1",7
"X1_AATCGACCACTACAGT.1",3
"X1_AATCGACCAGATACTC.1",2
"X1_AATCGACCAGCTATTG.1",4
"X1_AATCGACCAGGTTTAC.1",7
"X1_AATCGACGTAGGAGGG.1",7
"X1_AATCGACGTGACCGTC.1",4
"X1_AATCGACGTGAGTGAC.1",8
"X1_AATCGACGTTTCAGAC.1",1
"X1_AATCGTGAGGTGAGCT.1",4
"X1_AATCGTGCACCAGCGT.1",4
"X1_AATCGTGGTAGCCAGA.1",3
"X1_AATCGTGGTCTGTAAC.1",2
"X1_AATCGTGGTTAGGGTG.1",5
"X1_AATCGTGTCCGCCTAT.1",6
"X1_AATCGTGTCCGGACTG.1",4
"X1_AATGAAGAGAATCTAG.1",6
"X1_AATGAAGAGACTAAGT.1",3
"X1_AATGAAGAGAGGGTAA.1",4
"X1_AATGAAGAGCGTTGTT.1",4
"X1_AATGAAGAGGGCCCTT.1",3
"X1_AATGAAGCAAGAAATC.1",5
"X1_AATGAAGGTGTCCGTG.1",4
"X1_AATGAAGGTTACCCAA.1",3
"X1_AATGAAGGTTCCTACC.1",5
"X1_AATGAAGGTTGTAGCT.1",6
"X1_AATGAAGTCCGTATAG.1",8
"X1_AATGACCAGAAGCCTG.1",2
"X1_AATGACCAGCCACAAG.1",2
"X1_AATGACCCACGGTGTC.1",1
"X1_AATGACCCAGAACTCT.1",5
"X1_AATGACCCATGAAGCG.1",1
"X1_AATGACCGTCATTCCC.1",5
"X1_AATGACCGTTCGATTG.1",7
"X1_AATGACCTCAAGAGGC.1",6
"X1_AATGACCTCACAGAGG.1",6
"X1_AATGACCTCACGATCA.1",6
"X1_AATGACCTCCCGAGGT.1",2
"X1_AATGACCTCCTTCAGC.1",1000
"X1_AATGACCTCGAGCCAC.1",3
"X1_AATGACCTCTGGCCTT.1",4
"X1_AATGCCAAGAATCCCT.1",8
"X1_AATGCCAAGACGCAGT.1",4
"X1_AATGCCAAGGATTCCT.1",2
"X1_AATGCCAAGTTTCAGC.1",5
"X1_AATGCCACACACACTA.1",6
"X1_AATGCCACATGGCACC.1",6
"X1_AATGCCAGTGATGAAT.1",3
"X1_AATGCCAGTGCGAGTA.1",1
"X1_AATGCCATCCTGTTAT.1",7
"X1_AATGCCATCGAGTACT.1",5
"X1_AATGCCATCGCCAATA.1",3
"X1_AATGCCATCGCGATCG.1",6
"X1_AATGCCATCTGAATCG.1",2
"X1_AATGCCATCTTCGCTG.1",4
"X1_AATGGAAAGAGCTGCA.1",4
"X1_AATGGAAAGAGGATCC.1",2
"X1_AATGGAAAGATAGGGA.1",5
"X1_AATGGAAAGCTAGATA.1",5
"X1_AATGGAAAGTTGCCTA.1",5
"X1_AATGGAACAAATCGGG.1",4
"X1_AATGGAACAACCGACC.1",3
"X1_AATGGAACAGAATGTA.1",8
"X1_AATGGAACAGTCACGC.1",1
"X1_AATGGAACATAATGAG.1",8
"X1_AATGGAAGTCGGTACC.1",6
"X1_AATGGAAGTCTCAAGT.1",8
"X1_AATGGAAGTGCCGGTT.1",2
"X1_AATGGAAGTTTGATCG.1",2
"X1_AATGGAATCATAGGCT.1",3
"X1_AATGGAATCCGATAGT.1",7
"X1_AATGGCTAGAGCAGAA.1",1
"X1_AATGGCTAGCAAATCA.1",3
"X1_AATGGCTAGCCGCACT.1",5
"X1_AATGGCTAGCCTAGGA.1",1000
"X1_AATGGCTAGCGGGTTA.1",4
"X1_AATGGCTAGTGAGTTA.1",4
"X1_AATGGCTAGTTATGGA.1",5
"X1_AATGGCTCAACGTATC.1",8
"X1_AATGGCTCATGCAGCC.1",8
"X1_AATGGCTGTCGTTATG.1",3
"X1_AATGGCTTCAGGTGTT.1",2
"X1_AATGGCTTCCTTCTGG.1",7
"X1_AATGGCTTCTTACTGT.1",7
"X1_AATGGCTTCTTGGGCG.1",2
"X1_AATTCCTAGACTCATC.1",6
"X1_AATTCCTAGCAGATAT.1",7
"X1_AATTCCTAGCTTGTTG.1",1000
"X1_AATTCCTAGTCACGAG.1",2
"X1_AATTCCTAGTCGCCAC.1",5
"X1_AATTCCTAGTGGCGAT.1",2
"X1_AATTCCTCACTCCCTA.1",8
"X1_AATTCCTGTAAGCTCT.1",3
"X1_AATTCCTGTCGTCGGT.1",8
"X1_AATTCCTGTCTCAGGC.1",8
"X1_AATTCCTGTCTCCTGT.1",3
"X1_AATTCCTGTGCCTTCT.1",3
"X1_AATTCCTTCTAAGAAG.1",7
"X1_AATTCCTTCTCCATAT.1",1
"X1_AATTTCCAGGAATCGC.1",5
"X1_AATTTCCCAACAGCCC.1",2
"X1_AATTTCCCACCTCGTT.1",4
"X1_AATTTCCCATTGTACG.1",7
"X1_AATTTCCGTCGTGATT.1",4
"X1_AATTTCCGTGGACTGA.1",4
"X1_AATTTCCGTGGGTTGA.1",3
"X1_AATTTCCGTTCCGGTG.1",1000
"X1_AATTTCCTCACAATGC.1",3
"X1_AATTTCCTCACCTGTC.1",8
"X1_AATTTCCTCACGACTA.1",6
"X1_AATTTCCTCCACACAA.1",1
"X1_AATTTCCTCGTTCAGA.1",7
"X1_ACAAAGAAGATAGGGA.1",2
"X1_ACAAAGACAACTACGT.1",7
"X1_ACAAAGACACTACCGG.1",8
"X1_ACAAAGACAGCCTTCT.1",1
"X1_ACAAAGACAGGTCCCA.1",1000
"X1_ACAAAGACATCACGGC.1",2
"X1_ACAAAGAGTCTTACAG.1",4
"X1_ACAAAGAGTGGCTTGC.1",1000
"X1_ACAAAGAGTGTATTCG.1",1
"X1_ACAAAGAGTGTGTACT.1",3
"X1_ACAAAGATCACCCTTG.1",8
"X1_ACAAAGATCACTAGCA.1",7
"X1_ACAAAGATCTCTTGCG.1",3
"X1_ACAACCAAGCGCTGCT.1",6
"X1_ACAACCAAGCGTGAGT.1",2
"X1_ACAACCAAGCTGCCAC.1",1000
"X1_ACAACCAAGGGCAATC.1",1000
"X1_ACAACCAAGGGTATAT.1",1000
"X1_ACAACCAAGTTGTACC.1",2
"X1_ACAACCACAGTCTACA.1",7
"X1_ACAACCACATGCAGCC.1",3
"X1_ACAACCAGTAACTTCG.1",8
"X1_ACAACCAGTCGCATGC.1",6
"X1_ACAACCATCAGAGCGA.1",6
"X1_ACAACCATCCGTGTCT.1",2
"X1_ACAACCATCGCAGAGA.1",5
"X1_ACAACCATCTCATTTG.1",8
"X1_ACAACCATCTGACCCT.1",8
"X1_ACAAGCTAGATGAACT.1",2
"X1_ACAAGCTAGCTAGATA.1",1
"X1_ACAAGCTAGGAACGAA.1",4
"X1_ACAAGCTAGGGAGAAT.1",7
"X1_ACAAGCTAGGTCCCTG.1",1000
"X1_ACAAGCTAGTGCACTT.1",2
"X1_ACAAGCTCAAGGTCTT.1",6
"X1_ACAAGCTCACTTCAAG.1",1
"X1_ACAAGCTCATTCCTAT.1",4
"X1_ACAAGCTGTAACACCT.1",1
"X1_ACAAGCTGTGCCCACA.1",8
"X1_ACAAGCTTCACGGTCG.1",1
"X1_ACAAGCTTCCCTTCCC.1",3
"X1_ACACAGTAGAAAGCGA.1",4
"X1_ACACAGTAGAGGGCGA.1",4
"X1_ACACAGTCAACTCCAA.1",4
"X1_ACACAGTCAAGAGTAT.1",4
"X1_ACACAGTCAGAGTGTG.1",7
"X1_ACACAGTCATTAGGAA.1",8
"X1_ACACAGTGTCTGCATA.1",4
"X1_ACACAGTTCATTGTGG.1",2
"X1_ACACAGTTCGTTCATT.1",8
"X1_ACACCAAAGAAGAGCA.1",7
"X1_ACACCAAAGCGATGCA.1",5
"X1_ACACCAAAGGGTTAAT.1",2
"X1_ACACCAAAGTGTTCAC.1",2
"X1_ACACCAAAGTTCACTG.1",6
"X1_ACACCAACAAATCAGA.1",4
"X1_ACACCAACAAGCGCTC.1",7
"X1_ACACCAACACTGCGAC.1",7
"X1_ACACCAACAGGCTACC.1",4
"X1_ACACCAAGTCGGAACA.1",2
"X1_ACACCAAGTGAGCGAT.1",5
"X1_ACACCAATCAACCTCC.1",5
"X1_ACACCAATCAGACAAA.1",2
"X1_ACACCAATCCGACAGC.1",1000
"X1_ACACCAATCGTTCCTG.1",1000
"X1_ACACGCGAGGGCTGAT.1",2
"X1_ACACGCGCACAGTACT.1",5
"X1_ACACGCGCACATGTTG.1",1
"X1_ACACGCGCACGTAGTT.1",4
"X1_ACACGCGGTGAGATCG.1",6
"X1_ACACGCGGTTCAGCGC.1",8
"X1_ACACGCGTCAATCCAG.1",8
"X1_ACACGCGTCGTCGACG.1",1
"X1_ACACGCGTCTGGACCG.1",7
"X1_ACACTGAAGGACGCTA.1",7
"X1_ACACTGAAGGTACATA.1",2
"X1_ACACTGAAGGTGCGAT.1",5
"X1_ACACTGAAGTAAGGGA.1",5
"X1_ACACTGACAACTGGTT.1",3
"X1_ACACTGACAAGAATGT.1",8
"X1_ACACTGACACATGACT.1",5
"X1_ACACTGACACTTGAGT.1",4
"X1_ACACTGACAGCGTAGA.1",3
"X1_ACACTGACAGCGTATT.1",2
"X1_ACACTGACATCTGCGG.1",5
"X1_ACACTGAGTCGCGTCA.1",1
"X1_ACACTGAGTGTGCTTA.1",2
"X1_ACACTGATCATCGCTC.1",5
"X1_ACACTGATCCTCAGAA.1",4
"X1_ACACTGATCGACGAGA.1",5
"X1_ACACTGATCGCTGCGA.1",7
"X1_ACACTGATCGCTTACC.1",2
"X1_ACACTGATCGTCGCTT.1",3
"X1_ACACTGATCTCGCCTA.1",2
"X1_ACAGAAAAGTAACGTA.1",5
"X1_ACAGAAAAGTATAACG.1",2
"X1_ACAGAAAAGTCCTGCG.1",7
"X1_ACAGAAACAATTGCTG.1",1000
"X1_ACAGAAACAGGTGAGT.1",2
"X1_ACAGAAACATCCTAAG.1",8
"X1_ACAGAAACATCTTCGC.1",5
"X1_ACAGAAACATTGTGCA.1",1
"X1_ACAGAAAGTGAGCAGT.1",3
"X1_ACAGAAAGTGCGTTTA.1",5
"X1_ACAGAAAGTGGCATCC.1",3
"X1_ACAGAAAGTTTCCAAG.1",7
"X1_ACAGAAATCGTTATCT.1",7
"X1_ACAGAAATCGTTCATT.1",5
"X1_ACAGAAATCTCCTACG.1",7
"X1_ACAGAAATCTCTAGGA.1",6
"X1_ACAGCCGCACACGTGC.1",5
"X1_ACAGCCGCACATATCG.1",2
"X1_ACAGCCGCAGTCAACT.1",3
"X1_ACAGCCGCATACCAGT.1",8
"X1_ACAGCCGCATTGTACG.1",5
"X1_ACAGCCGGTAGCCAGA.1",3
"X1_ACAGCCGGTTAGTTCG.1",1000
"X1_ACAGCCGTCCATTCGC.1",7
"X1_ACAGCCGTCGGCTATA.1",1
"X1_ACAGCCGTCTACGCAA.1",7
"X1_ACAGGGAAGCAAGTCG.1",3
"X1_ACAGGGAAGCGACCCT.1",8
"X1_ACAGGGAAGCGGTAAC.1",2
"X1_ACAGGGAAGGTAGCAC.1",8
"X1_ACAGGGAAGTAAACAC.1",3
"X1_ACAGGGAAGTCATGCT.1",2
"X1_ACAGGGAAGTTGCCTA.1",4
"X1_ACAGGGACACCCTATC.1",8
"X1_ACAGGGACATTGCTGA.1",5
"X1_ACAGGGAGTCGGATTT.1",6
"X1_ACAGGGAGTTCTCCTG.1",7
"X1_ACAGGGAGTTTCGGCG.1",6
"X1_ACAGGGATCCCTCTCC.1",2
"X1_ACAGGGATCGGTAAGG.1",3
"X1_ACAGGGATCGGTTGTA.1",5
"X1_ACAGGGATCTACCACC.1",8
"X1_ACAGGGATCTAGTACG.1",5
"X1_ACAGGGATCTGGTTGA.1",3
"X1_ACAGGGATCTTAGTTC.1",5
"X1_ACATCCCAGCCGGAAT.1",6
"X1_ACATCCCCAACTTGGT.1",8
"X1_ACATCCCCACAGCATT.1",2
"X1_ACATCCCCACCAGTAT.1",8
"X1_ACATCCCCACCTGTCT.1",7
"X1_ACATCCCCAGACCAAG.1",6
"X1_ACATCCCGTTAGCGGA.1",2
"X1_ACATCCCGTTGGCCGT.1",8
"X1_ACATCCCTCGCAGTGC.1",1
"X1_ACATCCCTCGGCTGGT.1",5
"X1_ACATCGAAGCGCTGCT.1",3
"X1_ACATCGAAGCGGACAT.1",6
"X1_ACATCGAAGGCCTGCT.1",8
"X1_ACATCGAAGTCGCCCA.1",1
"X1_ACATCGAAGTGGCAGT.1",5
"X1_ACATCGACAACACACT.1",2
"X1_ACATCGACAAGGCGTA.1",2
"X1_ACATCGACACTTGGGC.1",4
"X1_ACATCGACAGACGATG.1",4
"X1_ACATCGACAGTAACCT.1",6
"X1_ACATCGAGTACAAGCG.1",6
"X1_ACATCGAGTACTCGAT.1",5
"X1_ACATCGAGTCACCACG.1",6
"X1_ACATCGAGTGATTCTG.1",6
"X1_ACATCGAGTTGTCAGT.1",3
"X1_ACATCGATCATGGTAC.1",1
"X1_ACATCGATCCTGGGTG.1",8
"X1_ACATCGATCCTGTACC.1",3
"X1_ACATCGATCGTTCGCT.1",6
"X1_ACATGCAAGAATTCAG.1",7
"X1_ACATGCAAGACCGTTT.1",2
"X1_ACATGCAAGATAGCAT.1",7
"X1_ACATGCAAGCTACTAC.1",8
"X1_ACATGCAAGGGCAGGA.1",4
"X1_ACATGCAAGTAACCGG.1",2
"X1_ACATGCACACTAGAGG.1",8
"X1_ACATGCACAGGTTCCG.1",2
"X1_ACATGCACATCGGTTA.1",1000
"X1_ACATGCATCATGCCAA.1",6
"X1_ACATGCATCCTCTCTT.1",3
"X1_ACATGCATCGGACAAG.1",4
"X1_ACATGCATCTAGACAC.1",7
"X1_ACATTTCAGCATACTC.1",5
"X1_ACATTTCAGCGGTAGT.1",8
"X1_ACATTTCAGCTGCGAA.1",3
"X1_ACATTTCAGTAAATGC.1",1
"X1_ACATTTCCACGCTGAC.1",3
"X1_ACATTTCCATCACAGT.1",2
"X1_ACATTTCGTATGACAA.1",8
"X1_ACATTTCGTTGAGAGC.1",6
"X1_ACATTTCTCACCCTCA.1",6
"X1_ACATTTCTCCGTGGTG.1",5
"X1_ACATTTCTCCTAAACG.1",5
"X1_ACATTTCTCGGAGATG.1",4
"X1_ACATTTCTCGGCATCG.1",7
"X1_ACATTTCTCGTGCGAC.1",3
"X1_ACATTTCTCTAGATCG.1",3
"X1_ACCAAACTCAAGAGGC.1",5
"X1_ACCAAACTCACCCTTG.1",8
"X1_ACCAAACTCATGAGAA.1",6
"X1_ACCAAACTCGCAATTG.1",7
"X1_ACCAACAAGAATCTAG.1",1
"X1_ACCAACAAGGTTCACT.1",6
"X1_ACCAACACAAGGTCAG.1",7
"X1_ACCAACAGTCGACTGC.1",8
"X1_ACCAACATCATACGGT.1",5
"X1_ACCAACATCCTTATCA.1",4
"X1_ACCAACATCGAGATGG.1",7
"X1_ACCAACATCGGACCAC.1",2
"X1_ACCACAAAGCATTGAA.1",7
"X1_ACCACAAAGCGTCAAG.1",3
"X1_ACCACAAAGGTTGGAC.1",3
"X1_ACCACAAAGTAAACAC.1",1000
"X1_ACCACAAAGTAAGCAT.1",2
"X1_ACCACAACACGACGCT.1",1
"X1_ACCACAAGTAGCGTCC.1",3
"X1_ACCACAAGTCAACCTA.1",1000
"X1_ACCACAATCCTCTCTT.1",7
"X1_ACCACAATCTGGGCGT.1",6
"X1_ACCATTTAGGCGACAT.1",5
"X1_ACCATTTAGGCGTTAG.1",3
"X1_ACCATTTAGGGACTGT.1",4
"X1_ACCATTTAGGTACTGG.1",5
"X1_ACCATTTCAAATGCTC.1",1
"X1_ACCATTTCACTACAGT.1",2
"X1_ACCATTTCAGTCTGGC.1",6
"X1_ACCATTTCATAAGATG.1",7
"X1_ACCATTTGTAGATTAG.1",6
"X1_ACCATTTGTGGTCTCG.1",2
"X1_ACCATTTTCATACGAC.1",8
"X1_ACCATTTTCTTCTTCC.1",5
"X1_ACCCAAAAGACGCATG.1",4
"X1_ACCCAAAAGCGTTCCG.1",5
"X1_ACCCAAACAAGAGGTC.1",4
"X1_ACCCAAACACTACGGC.1",3
"X1_ACCCAAACACTTGAGT.1",6
"X1_ACCCAAACAGTGCCTG.1",5
"X1_ACCCAAATCAAGAGGC.1",5
"X1_ACCCAAATCGCCTAGG.1",7
"X1_ACCCAAATCGTGCAGC.1",4
"X1_ACCCTCAAGATGAAGG.1",6
"X1_ACCCTCAAGGACAACC.1",8
"X1_ACCCTCACAAACACCT.1",7
"X1_ACCCTCACAATACCTG.1",1000
"X1_ACCCTCACACCAAAGG.1",8
"X1_ACCCTCACACGCACCA.1",5
"X1_ACCCTCACACTGTTCC.1",4
"X1_ACCCTCACAGAGTAAT.1",7
"X1_ACCCTCACATCGTGGC.1",8
"X1_ACCCTCACATGGAACG.1",7
"X1_ACCCTCAGTACTCCGG.1",8
"X1_ACCCTCATCTCCCATG.1",8
"X1_ACCCTTGAGACGGAAA.1",8
"X1_ACCCTTGAGAGCCGAT.1",5
"X1_ACCCTTGAGAGCCGTA.1",3
"X1_ACCCTTGAGGACACTG.1",4
"X1_ACCCTTGAGTTGAATG.1",2
"X1_ACCCTTGCAAGCTGTT.1",2
"X1_ACCCTTGCAGAAGTGC.1",1
"X1_ACCCTTGCATCATCTT.1",8
"X1_ACCCTTGGTACAAGTA.1",2
"X1_ACCCTTGGTAGTGTGG.1",1
"X1_ACCCTTGTCAGATGCT.1",7
"X1_ACCCTTGTCGGACGTC.1",2
"X1_ACCCTTGTCTAAGGAA.1",8
"X1_ACCGTTCAGAATTCAG.1",6
"X1_ACCGTTCAGAGCAGTC.1",8
"X1_ACCGTTCAGATGATTG.1",2
"X1_ACCGTTCAGATGGGCT.1",1000
"X1_ACCGTTCAGCGTGCTC.1",4
"X1_ACCGTTCAGCTACGTT.1",2
"X1_ACCGTTCAGGTAGCAC.1",5
"X1_ACCGTTCAGTATAACG.1",7
"X1_ACCGTTCAGTATGACA.1",8
"X1_ACCGTTCAGTCCTGTA.1",3
"X1_ACCGTTCCAGGAGGTT.1",7
"X1_ACCGTTCCATCTCCCA.1",2
"X1_ACCGTTCCATGGTACT.1",3
"X1_ACCGTTCGTATCGCGC.1",1
"X1_ACCGTTCGTCTGTGTA.1",4
"X1_ACCGTTCTCGATCCCT.1",5
"X1_ACCTACCAGATGTTAG.1",3
"X1_ACCTACCAGCTGACAG.1",5
"X1_ACCTACCAGGCACAAC.1",7
"X1_ACCTACCCATCGAACT.1",1000
"X1_ACCTACCGTAGTCTGT.1",1000
"X1_ACCTACCGTCACAGAG.1",1000
"X1_ACCTACCGTGCATGAG.1",4
"X1_ACCTACCGTTCCTTGC.1",3
"X1_ACCTGAAAGACGCTCC.1",1000
"X1_ACCTGAAAGTGGATTA.1",4
"X1_ACCTGAACAATGGCAG.1",2
"X1_ACCTGAACAATTAGGA.1",6
"X1_ACCTGAACAGACAATA.1",5
"X1_ACCTGAAGTATGTGTC.1",8
"X1_ACCTGAAGTGGAAATT.1",1
"X1_ACCTGAATCCATACAG.1",7
"X1_ACCTGAATCTCGAACA.1",1000
"X1_ACCTGAATCTCGCTCA.1",5
"X1_ACCTGTCAGACTTCCA.1",4
"X1_ACCTGTCAGTAGAATC.1",2
"X1_ACCTGTCAGTGTAGTA.1",2
"X1_ACCTGTCCAAACTAGA.1",8
"X1_ACCTGTCCAAGGTTGG.1",4
"X1_ACCTGTCCACCTGCGA.1",1000
"X1_ACCTGTCCATGCGTGC.1",1
"X1_ACCTGTCGTAGCGTAG.1",6
"X1_ACCTGTCGTATAGGAT.1",5
"X1_ACCTGTCGTATGAAGT.1",5
"X1_ACCTGTCGTCCCTGTT.1",7
"X1_ACCTGTCGTTGATCGT.1",5
"X1_ACCTGTCTCACCTGGG.1",5
"X1_ACCTGTCTCTAGCCTC.1",3
"X1_ACCTGTCTCTCCACTG.1",4
"X1_ACCTGTCTCTCTCCGA.1",4
"X1_ACGATCAAGACTCATC.1",7
"X1_ACGATCACACATATCG.1",6
"X1_ACGATCACACGACGAA.1",6
"X1_ACGATCACACGATAGG.1",4
"X1_ACGATCAGTAAGATTG.1",7
"X1_ACGATCAGTGTGACCC.1",3
"X1_ACGATCAGTTAGGAGC.1",3
"X1_ACGATCAGTTCTAACG.1",6
"X1_ACGATCAGTTGTGCCG.1",6
"X1_ACGATCATCATAGGCT.1",7
"X1_ACGATCATCCGTGACG.1",1000
"X1_ACGATCATCTGTGCAA.1",3
"X1_ACGATGTAGACCAGCA.1",1000
"X1_ACGATGTAGGATACAT.1",2
"X1_ACGATGTCAAAGGCTG.1",8
"X1_ACGATGTCAACTGATC.1",1
"X1_ACGATGTCAAGCAGGT.1",6
"X1_ACGATGTCAAGGAGTC.1",8
"X1_ACGATGTGTCGCACAC.1",3
"X1_ACGATGTTCCGGGACT.1",3
"X1_ACGCACGAGACAGCTG.1",2
"X1_ACGCACGAGCACTCGC.1",1000
"X1_ACGCACGAGCCGATAG.1",2
"X1_ACGCACGAGTTCCTGA.1",5
"X1_ACGCACGCAAGCACCC.1",5
"X1_ACGCACGCATTGTGCA.1",5
"X1_ACGCACGGTCTAGGCC.1",4
"X1_ACGCACGTCCGATAAC.1",8
"X1_ACGGAAGAGAAATTGC.1",7
"X1_ACGGAAGAGACCAGAC.1",2
"X1_ACGGAAGAGAGTCAAT.1",6
"X1_ACGGAAGAGGCACTAG.1",6
"X1_ACGGAAGAGGCGAACT.1",3
"X1_ACGGAAGAGTGGATTA.1",3
"X1_ACGGAAGCAAATACAG.1",5
"X1_ACGGAAGCAATAGTAG.1",2
"X1_ACGGAAGCACCGTGCA.1",1
"X1_ACGGAAGCATAGATCC.1",7
"X1_ACGGAAGGTAGGTCAG.1",1000
"X1_ACGGAAGGTATGCTAC.1",6
"X1_ACGGAAGGTCCGGACT.1",7
"X1_ACGGAAGGTCCTCAGG.1",3
"X1_ACGGAAGTCGCGTAGC.1",4
"X1_ACGGGTCAGAAAGCGA.1",3
"X1_ACGGGTCAGAGTGTGC.1",7
"X1_ACGGGTCAGCAGGGAG.1",5
"X1_ACGGGTCAGGGAGATA.1",5
"X1_ACGGGTCCACGTGAGA.1",4
"X1_ACGGGTCCATTCTTCA.1",7
"X1_ACGGGTCGTCTTCCGT.1",8
"X1_ACGGGTCGTGGCCCAT.1",4
"X1_ACGGGTCGTTTGGGAG.1",7
"X1_ACGGGTCTCAGGTAAA.1",5
"X1_ACGGGTCTCCGAAGGA.1",6
"X1_ACGGGTCTCGAACCAT.1",5
"X1_ACGGGTCTCGGCCCAA.1",1000
"X1_ACGGGTCTCTCTATGT.1",8
"X1_ACGGTCGAGTATGGCG.1",4
"X1_ACGGTCGCACTAGAGG.1",5
"X1_ACGGTCGCATCCCGTT.1",5
"X1_ACGGTCGCATGGGAAC.1",2
"X1_ACGGTCGGTAAGTCAA.1",3
"X1_ACGGTCGGTAGGAGGG.1",5
"X1_ACGGTCGGTATGATCC.1",8
"X1_ACGGTCGGTTATAGCC.1",7
"X1_ACGGTCGGTTCCGGTG.1",3
"X1_ACGGTCGTCAATCAGC.1",5
"X1_ACGGTCGTCCGAAGGA.1",6
"X1_ACGGTCGTCTGTACAG.1",7
"X1_ACGGTTAAGGGTAGCT.1",5
"X1_ACGGTTACAACTCATG.1",6
"X1_ACGGTTACAACTCCCT.1",7
"X1_ACGGTTACACACGGAA.1",5
"X1_ACGGTTACACTGAATC.1",1
"X1_ACGGTTAGTCACGCTG.1",1000
"X1_ACGGTTAGTCGGAACA.1",6
"X1_ACGGTTAGTTTGCAGT.1",6
"X1_ACGGTTATCAAGAGTA.1",1000
"X1_ACGGTTATCAGTCAGT.1",1000
"X1_ACGGTTATCCATAGAC.1",2
"X1_ACGTAACAGCCTTCTC.1",3
"X1_ACGTAACAGTAACGTA.1",3
"X1_ACGTAACAGTGAGTGC.1",5
"X1_ACGTAACCAAAGGGTC.1",2
"X1_ACGTAACCAATGCAAA.1",6
"X1_ACGTAACCACCACATA.1",3
"X1_ACGTAACCACGCTGCA.1",1
"X1_ACGTAACCAGAAATCA.1",5
"X1_ACGTAACCAGCTGTGC.1",3
"X1_ACGTAACGTAGATTGA.1",7
"X1_ACGTAACGTCGCATCG.1",8
"X1_ACGTAACGTGAGATAT.1",7
"X1_ACGTAACTCTATGCCC.1",8
"X1_ACGTACAAGTGGTTCT.1",8
"X1_ACGTACACACGGCACT.1",2
"X1_ACGTACAGTAGCGCCT.1",8
"X1_ACGTACAGTCGAAGCA.1",6
"X1_ACGTACAGTCTTGAGT.1",5
"X1_ACGTACAGTGGAGGTT.1",7
"X1_ACGTACATCAGGAAAT.1",3
"X1_ACGTACATCAGTCCGG.1",6
"X1_ACGTAGTCACTAACCA.1",5
"X1_ACGTAGTGTACAACGG.1",5
"X1_ACGTAGTGTCACTTCC.1",6
"X1_ACGTAGTGTCCACTTC.1",1000
"X1_ACGTAGTGTCGAACAG.1",8
"X1_ACGTAGTGTCGTGGTC.1",6
"X1_ACGTAGTGTGACCGTC.1",7
"X1_ACGTAGTGTTGAGAGC.1",2
"X1_ACGTAGTTCCGGTAGC.1",5
"X1_ACGTCCTAGAGGCTGT.1",2
"X1_ACGTCCTAGGGCAGAG.1",3
"X1_ACGTCCTGTAATTGGA.1",4
"X1_ACGTCCTGTACTAACC.1",1000
"X1_ACGTCCTGTTGTGCAT.1",2
"X1_ACGTCCTTCGAAACAA.1",3
"X1_ACGTCCTTCGACCATA.1",3
"X1_ACGTCCTTCGAGAGAC.1",8
"X1_ACGTCCTTCTATTTCG.1",4
"X1_ACGTCCTTCTTAGCTT.1",3
"X1_ACGTTCCAGCACGGAT.1",6
"X1_ACGTTCCAGGGAGGTG.1",2
"X1_ACGTTCCAGTAACCTC.1",6
"X1_ACGTTCCCAAAGGAGA.1",2
"X1_ACGTTCCCACCTCGTT.1",7
"X1_ACGTTCCCATGTCAGT.1",8
"X1_ACGTTCCGTAGGCAGT.1",8
"X1_ACGTTCCGTTGTAGCT.1",7
"X1_ACGTTCCTCACCTTAT.1",4
"X1_ACGTTCCTCTGTCTCG.1",6
"X1_ACTACGACACCCAATA.1",4
"X1_ACTACGACACGCTGAC.1",5
"X1_ACTACGACAGATGCGA.1",8
"X1_ACTACGAGTACTCGAT.1",1
"X1_ACTACGATCCTCAGAA.1",6
"X1_ACTACGATCGACGTCG.1",2
"X1_ACTACGATCGGACTTA.1",2
"X1_ACTACGATCGTCGCTT.1",2
"X1_ACTATCTAGAAGTATC.1",1000
"X1_ACTATCTAGCCATTCA.1",1000
"X1_ACTATCTAGCCTCTTC.1",2
"X1_ACTATCTCAACCAATC.1",3
"X1_ACTATCTCAAGACGAC.1",3
"X1_ACTATCTCACCCTCTA.1",2
"X1_ACTATCTCATTGAGGG.1",1
"X1_ACTATCTGTAGGCTGA.1",4
"X1_ACTATCTGTCCTTTGC.1",5
"X1_ACTATCTGTTATCTGG.1",4
"X1_ACTATCTGTTCGGCGT.1",3
"X1_ACTATCTTCAAGGAGC.1",1000
"X1_ACTATCTTCATTTGGG.1",4
"X1_ACTATCTTCGTTACCC.1",2
"X1_ACTATCTTCTCTCGCA.1",1000
"X1_ACTATGGAGAGTCTTC.1",4
"X1_ACTATGGAGAGTGTTA.1",4
"X1_ACTATGGAGATCACTC.1",2
"X1_ACTATGGAGATTAGTG.1",4
"X1_ACTATGGAGCGTCTCG.1",6
"X1_ACTATGGAGTAATTGG.1",5
"X1_ACTATGGAGTAGCAAT.1",6
"X1_ACTATGGAGTGTTCAC.1",2
"X1_ACTATGGCAAGCTGCC.1",5
"X1_ACTATGGCAGAACGCA.1",3
"X1_ACTATGGCATTCCTAT.1",4
"X1_ACTATGGTCAAGTCTG.1",8
"X1_ACTATGGTCCGGTTCT.1",1000
"X1_ACTATGGTCGGCGATC.1",3
"X1_ACTATTCAGCATGAAT.1",6
"X1_ACTATTCAGCGCCTTG.1",7
"X1_ACTATTCCACAAATAG.1",1000
"X1_ACTATTCCACCCAATA.1",7
"X1_ACTATTCCAGGCGTTC.1",1000
"X1_ACTATTCCATACTTTC.1",7
"X1_ACTATTCCATTGCCGG.1",7
"X1_ACTATTCTCAGTGGGA.1",3
"X1_ACTATTCTCATTGTTC.1",2
"X1_ACTATTCTCCGCACTT.1",2
"X1_ACTATTCTCTGGACTA.1",7
"X1_ACTCCCAAGGCATCGA.1",1000
"X1_ACTCCCAAGGCTTAAA.1",2
"X1_ACTCCCAAGTTCATCG.1",7
"X1_ACTCCCACAATCTCTT.1",3
"X1_ACTCCCAGTACAGAAT.1",3
"X1_ACTCCCAGTCATAAAG.1",5
"X1_ACTCCCAGTTCTTCAT.1",6
"X1_ACTCCCATCAAGCGTT.1",8
"X1_ACTCCCATCCCATACC.1",7
"X1_ACTCCCATCCGTAGGC.1",4
"X1_ACTCCCATCTTGGTCC.1",5
"X1_ACTCTCGAGCGTATAA.1",2
"X1_ACTCTCGAGCGTCAAG.1",3
"X1_ACTCTCGAGCTGGTGA.1",5
"X1_ACTCTCGAGGTCCTGC.1",8
"X1_ACTCTCGCATGGGAAC.1",6
"X1_ACTCTCGGTAGACAGC.1",8
"X1_ACTCTCGGTATCACGT.1",3
"X1_ACTCTCGGTCCCGTGA.1",1
"X1_ACTCTCGGTTGTTGTG.1",7
"X1_ACTCTCGTCATACAGC.1",1
"X1_ACTCTCGTCATGCGGC.1",2
"X1_ACTCTCGTCTCATGGA.1",2
"X1_ACTGATGAGAGAGCCT.1",4
"X1_ACTGATGAGATTCGAA.1",1
"X1_ACTGATGAGCTATCCA.1",5
"X1_ACTGATGCACCTGCTT.1",4
"X1_ACTGATGCAGCTACAT.1",8
"X1_ACTGATGGTAACGGTG.1",8
"X1_ACTGATGGTCTGTGCG.1",5
"X1_ACTGATGGTTCTTAGG.1",4
"X1_ACTGATGTCTCATGGA.1",8
"X1_ACTGCAAAGACATACA.1",5
"X1_ACTGCAAAGAGCATTA.1",8
"X1_ACTGCAAAGCTCCACG.1",7
"X1_ACTGCAAAGGAGACCT.1",7
"X1_ACTGCAAAGGTACTGG.1",4
"X1_ACTGCAAAGTCAAGCG.1",7
"X1_ACTGCAACAAACTCGT.1",8
"X1_ACTGCAACACATACTG.1",7
"X1_ACTGCAACACCCAAGC.1",7
"X1_ACTGCAACAGAACTCT.1",5
"X1_ACTGCAACATTCTGTT.1",2
"X1_ACTGCAAGTAGAGACC.1",6
"X1_ACTGCAAGTTTGGCTA.1",1
"X1_ACTGCAATCACTAGCA.1",7
"X1_ACTGCAATCACTCGAA.1",4
"X1_ACTGTCCAGATGCGAC.1",2
"X1_ACTGTCCAGCCGATCC.1",2
"X1_ACTGTCCAGCGTGCCT.1",5
"X1_ACTGTCCAGTTCCTGA.1",6
"X1_ACTGTCCCACGGTAGA.1",3
"X1_ACTGTCCCATACAGAA.1",7
"X1_ACTGTCCCATCCGAAT.1",8
"X1_ACTGTCCGTCACTTCC.1",5
"X1_ACTGTCCGTCTAGATC.1",7
"X1_ACTGTCCGTTGAATCC.1",2
"X1_ACTGTCCGTTGTTGCA.1",2
"X1_ACTGTCCTCATCCTAT.1",7
"X1_ACTGTCCTCCTACGAA.1",6
"X1_ACTGTCCTCGGTAAGG.1",6
"X1_ACTGTGAAGACATACA.1",6
"X1_ACTGTGAAGCGCAATG.1",1
"X1_ACTGTGACAACAGTGG.1",5
"X1_ACTGTGACACACCTAA.1",2
"X1_ACTGTGACACGCGCAT.1",5
"X1_ACTGTGACATGGGATG.1",6
"X1_ACTGTGAGTACTGGGA.1",1
"X1_ACTGTGAGTCGAGATG.1",4
"X1_ACTGTGAGTGTAACGG.1",5
"X1_ACTGTGAGTTAGAAGT.1",7
"X1_ACTGTGATCATTACGG.1",6
"X1_ACTTAGGCAGAACTAA.1",7
"X1_ACTTAGGCAGAGTTGG.1",5
"X1_ACTTAGGCAGTCTACA.1",4
"X1_ACTTAGGGTAACTTCG.1",5
"X1_ACTTAGGGTAAGCGGT.1",8
"X1_ACTTAGGGTACTAGCT.1",2
"X1_ACTTAGGGTCTCTCCA.1",1000
"X1_ACTTAGGGTGGACTGA.1",6
"X1_ACTTAGGGTTACACAC.1",2
"X1_ACTTAGGTCCTAACAG.1",8
"X1_ACTTAGGTCGGTAGAG.1",8
"X1_ACTTAGGTCTTAGCCC.1",4
"X1_ACTTATCAGACATACA.1",8
"X1_ACTTATCGTAGTACGG.1",1000
"X1_ACTTATCGTCATCAGT.1",2
"X1_ACTTATCGTCATCGCG.1",3
"X1_ACTTATCGTCCGGTCA.1",5
"X1_ACTTATCGTGCCGAAA.1",3
"X1_ACTTATCGTTGTATGC.1",7
"X1_ACTTATCTCATTGGTG.1",1
"X1_ACTTATCTCTACCCAC.1",2
"X1_ACTTATCTCTGACAGT.1",4
"X1_ACTTCCGAGACCATTC.1",3
"X1_ACTTCCGAGATTGTGA.1",1000
"X1_ACTTCCGAGGTCGTCC.1",6
"X1_ACTTCCGAGTCACAGG.1",4
"X1_ACTTCCGAGTTGCCCG.1",1
"X1_ACTTCCGCAAATCAGA.1",2
"X1_ACTTCCGTCCTACCAC.1",2
"X1_ACTTCGCAGGTGATAT.1",8
"X1_ACTTCGCAGTAACGAT.1",1000
"X1_ACTTCGCAGTATGCAA.1",2
"X1_ACTTCGCCAAGTTCCA.1",4
"X1_ACTTCGCCACTGCATA.1",5
"X1_ACTTCGCCAGTATGAA.1",7
"X1_ACTTCGCCATCGATGT.1",4
"X1_ACTTCGCCATCGGTTA.1",7
"X1_ACTTCGCCATCTATCT.1",5
"X1_ACTTCGCCATGGAACG.1",2
"X1_ACTTCGCGTAACATCC.1",2
"X1_ACTTCGCGTGCCGTTG.1",5
"X1_ACTTCGCGTTTCACAG.1",2
"X1_ACTTCGCTCGCTCCTA.1",4
"X1_ACTTCGCTCTGTAAGC.1",8
"X1_ACTTCGCTCTTCTCAA.1",7
"X1_ACTTTCAAGCAAACAT.1",6
"X1_ACTTTCACAGAAGTTA.1",7
"X1_ACTTTCACATGTGACT.1",5
"X1_ACTTTCAGTCATTGCA.1",2
"X1_ACTTTCATCCACCTGT.1",6
"X1_ACTTTCATCGCGTAGC.1",6
"X1_ACTTTGTAGAAATTCG.1",5
"X1_ACTTTGTAGACCGCCT.1",8
"X1_ACTTTGTAGGTCACTT.1",4
"X1_ACTTTGTAGGTGGTTG.1",7
"X1_ACTTTGTCACGCTATA.1",8
"X1_ACTTTGTCAGAGATTA.1",4
"X1_ACTTTGTGTAGACAGC.1",3
"X1_ACTTTGTGTATTCTCT.1",5
"X1_ACTTTGTGTCTGTGCG.1",3
"X1_ACTTTGTGTGGTTCTA.1",3
"X1_ACTTTGTGTTGGACCC.1",1
"X1_ACTTTGTTCAGCGCAC.1",6
"X1_ACTTTGTTCATAGACC.1",8
"X1_ACTTTGTTCTCGTCAC.1",3
"X1_AGAAATGCAATCAGCT.1",3
"X1_AGAAATGCACTTGAAC.1",7
"X1_AGAAATGCATAGCTGT.1",6
"X1_AGAAATGCATGACAAA.1",3
"X1_AGAAATGGTACACTCA.1",4
"X1_AGAAATGGTACAGGTG.1",4
"X1_AGAAATGGTATCACGT.1",5
"X1_AGAAATGGTCAAAGAT.1",4
"X1_AGAAATGGTCGATTCA.1",4
"X1_AGAAATGGTGAGCAGT.1",2
"X1_AGAAATGGTGGTAATA.1",3
"X1_AGAAATGGTGTCATCA.1",5
"X1_AGAAATGGTGTCTTAG.1",6
"X1_AGAAATGGTTCATCTT.1",8
"X1_AGAAATGTCCGCCTAT.1",6
"X1_AGAAATGTCCGGCAAC.1",3
"X1_AGAAATGTCGCTCATC.1",6
"X1_AGAAATGTCGGTCGGT.1",3
"X1_AGAAATGTCTCGGCTT.1",1000
"X1_AGAACAAAGAATGTTG.1",2
"X1_AGAACAAAGGACAACC.1",5
"X1_AGAACAAAGGAGCTGT.1",3
"X1_AGAACAACACACCAGC.1",2
"X1_AGAACAACATGTTTGG.1",2
"X1_AGAACAAGTAAGGCCA.1",5
"X1_AGAACAAGTAGGGTAC.1",6
"X1_AGAACAAGTATGCAAA.1",4
"X1_AGAACAAGTTCTCACC.1",1
"X1_AGAACAATCATTCGTT.1",7
"X1_AGAACAATCCCAAGCG.1",6
"X1_AGAACAATCGATCCCT.1",5
"X1_AGAACCTAGACCCGCT.1",5
"X1_AGAACCTAGCTAGATA.1",4
"X1_AGAACCTAGGTGAGCT.1",2
"X1_AGAACCTAGGTTACAA.1",8
"X1_AGAACCTAGTAGGGTC.1",8
"X1_AGAACCTCAACTGGTT.1",3
"X1_AGAACCTCACCTCAGG.1",4
"X1_AGAACCTCAGATCACT.1",7
"X1_AGAACCTCAGGTCAGA.1",2
"X1_AGAACCTCATCGCTAA.1",1
"X1_AGAACCTGTAATCAGA.1",7
"X1_AGAACCTGTAGCTAAA.1",6
"X1_AGAACCTGTATCGTTG.1",5
"X1_AGAACCTGTATGCTAC.1",4
"X1_AGAACCTTCAAATGCC.1",1
"X1_AGAACCTTCAAGAAAC.1",3
"X1_AGAACCTTCAAGGAGC.1",1000
"X1_AGAACCTTCAGCAATC.1",6
"X1_AGAACCTTCATGAAAG.1",7
"X1_AGAACCTTCTAGTTCT.1",7
"X1_AGAACCTTCTTCTTCC.1",2
"X1_AGAAGCGAGAAACTAC.1",4
"X1_AGAAGCGAGGAAAGAC.1",3
"X1_AGAAGCGAGGATAATC.1",7
"X1_AGAAGCGAGGCTATCT.1",6
"X1_AGAAGCGAGGGACAGG.1",5
"X1_AGAAGCGAGTCGAATA.1",4
"X1_AGAAGCGAGTGATCGG.1",3
"X1_AGAAGCGCAAGTGGAC.1",3
"X1_AGAAGCGCAGAGCTAG.1",7
"X1_AGAAGCGGTAATCAAG.1",3
"X1_AGAAGCGGTTGTCCCT.1",5
"X1_AGAAGCGTCCCTTGTG.1",5
"X1_AGAAGCGTCGTCTAAG.1",1
"X1_AGAAGTAAGACTCTAC.1",4
"X1_AGAAGTAAGGGAGTGG.1",4
"X1_AGAAGTACAAAGTATG.1",1000
"X1_AGAAGTACAATCTCGA.1",2
"X1_AGAAGTACAGCACCCA.1",6
"X1_AGAAGTAGTACGGATG.1",3
"X1_AGAAGTATCATTTCGT.1",7
"X1_AGAAGTATCGAGAGCA.1",1000
"X1_AGAAGTATCGCGATCG.1",1000
"X1_AGACAAAAGCGAATGC.1",7
"X1_AGACAAAAGCGAGTCA.1",6
"X1_AGACAAAAGCGGACAT.1",6
"X1_AGACAAAAGTATCCTG.1",6
"X1_AGACAAAAGTCTCTGA.1",2
"X1_AGACAAAGTACCAATC.1",6
"X1_AGACAAAGTGTCATGT.1",5
"X1_AGACAAAGTGTGAGCA.1",6
"X1_AGACAAATCATCGACA.1",3
"X1_AGACAAATCCACACCT.1",8
"X1_AGACACTAGACCCGCT.1",7
"X1_AGACACTAGCTGTGCC.1",5
"X1_AGACACTCAGCACCCA.1",5
"X1_AGACACTCATCATGAC.1",3
"X1_AGACACTCATCCTCAC.1",3
"X1_AGACACTCATTAGGAA.1",3
"X1_AGACACTGTAACGATA.1",5
"X1_AGACACTGTACAGCGA.1",2
"X1_AGACACTGTACCCGAC.1",8
"X1_AGACACTGTGCAAGAC.1",8
"X1_AGACACTGTGCGAGTA.1",7
"X1_AGACACTGTGTCCACG.1",4
"X1_AGACACTGTTGCCGAC.1",2
"X1_AGACACTGTTGTTTGG.1",3
"X1_AGACACTTCCCTTGTG.1",3
"X1_AGACACTTCCGTGGCA.1",7
"X1_AGACACTTCTCGTCAC.1",5
"X1_AGACACTTCTTAGCTT.1",8
"X1_AGACAGGAGATACGAT.1",1000
"X1_AGACAGGAGCCGTTGC.1",4
"X1_AGACAGGAGTGGATTA.1",8
"X1_AGACAGGCAGGCTCTG.1",5
"X1_AGACAGGCATGTACGT.1",2
"X1_AGACAGGGTATTGAGA.1",5
"X1_AGACAGGGTTTGCCGG.1",8
"X1_AGACAGGTCAGTAGGG.1",3
"X1_AGACAGGTCCCGTGAG.1",1
"X1_AGACAGGTCTCACCCA.1",8
"X1_AGACCATAGACTTAAG.1",1000
"X1_AGACCATAGCGTTAGG.1",4
"X1_AGACCATAGTATAGAC.1",1000
"X1_AGACCATCAGAAGCTG.1",5
"X1_AGACCATCAGGCGTTC.1",2
"X1_AGACCATCATCCGTGG.1",4
"X1_AGACCATCATCGATCA.1",1
"X1_AGACCATCATGCACTA.1",6
"X1_AGACCATTCGCTGACG.1",7
"X1_AGACCATTCTCGTTTA.1",4
"X1_AGACCCGAGATGGTCG.1",3
"X1_AGACCCGAGGATATAC.1",6
"X1_AGACCCGAGGGTTGCA.1",3
"X1_AGACCCGAGTAACCGG.1",8
"X1_AGACCCGCAGCGTTGC.1",5
"X1_AGACCCGCATCCTAAG.1",4
"X1_AGACCCGCATCGCTGG.1",4
"X1_AGACCCGGTACCGTCG.1",3
"X1_AGACCCGGTACGATGG.1",8
"X1_AGACCCGGTAGCGAGT.1",2
"X1_AGACCCGGTTTGACAC.1",5
"X1_AGACCCGTCACCATAG.1",1000
"X1_AGACCCGTCCTACCGT.1",1
"X1_AGACTCAAGAAACCAT.1",8
"X1_AGACTCAAGATGACCG.1",4
"X1_AGACTCAAGCAGGCAT.1",6
"X1_AGACTCAAGTATGATG.1",1000
"X1_AGACTCACAATCGTCA.1",3
"X1_AGACTCACACTGGAAG.1",8
"X1_AGACTCACATCAGTGT.1",1
"X1_AGACTCATCCGCAGTG.1",3
"X1_AGACTCATCCGTAGTA.1",7
"X1_AGACTCATCGAAGCAG.1",5
"X1_AGACTCATCTCTGACC.1",6
"X1_AGACTCATCTTCTGGC.1",1
"X1_AGAGAATAGCATCCTA.1",4
"X1_AGAGAATAGCTTTCCC.1",2
"X1_AGAGAATAGGATGGCT.1",1000
"X1_AGAGAATCACGTGAGA.1",2
"X1_AGAGAATCATGGAACG.1",6
"X1_AGAGAATGTAGGTGCA.1",4
"X1_AGAGAATGTCCACTTC.1",4
"X1_AGAGAATTCCGACGGT.1",7
"X1_AGAGAATTCCTAGCTC.1",7
"X1_AGAGAGCAGATTGAGT.1",7
"X1_AGAGAGCAGGCATTTC.1",4
"X1_AGAGAGCAGGCCTGAA.1",1000
"X1_AGAGAGCCACTAGGCC.1",2
"X1_AGAGAGCGTACCCACG.1",3
"X1_AGAGAGCGTACTGACT.1",3
"X1_AGAGAGCGTGAACGGT.1",2
"X1_AGAGAGCGTTTGCCGG.1",3
"X1_AGAGAGCTCAAGAGTA.1",2
"X1_AGAGAGCTCAGTGATC.1",7
"X1_AGAGAGCTCCGAACGC.1",4
"X1_AGAGAGCTCGGAACTT.1",2
"X1_AGAGAGCTCTGCCCTA.1",1000
"X1_AGAGCAGAGAATCTAG.1",1
"X1_AGAGCAGAGATGCTTC.1",7
"X1_AGAGCAGAGCGAGTAC.1",5
"X1_AGAGCAGAGCTGCGAA.1",3
"X1_AGAGCAGAGGTATCTC.1",2
"X1_AGAGCAGCAACTCCAA.1",2
"X1_AGAGCAGCACGTATAC.1",1
"X1_AGAGCAGCACTCTAGA.1",1000
"X1_AGAGCAGCATTGAAAG.1",6
"X1_AGAGCAGGTCAAGCCC.1",3
"X1_AGAGCAGTCATCGTAG.1",7
"X1_AGAGCAGTCCACTTTA.1",2
"X1_AGAGCAGTCCCGTTCA.1",7
"X1_AGAGCCCAGTCTGGAG.1",8
"X1_AGAGCCCCAACAGAGC.1",5
"X1_AGAGCCCCACAGGATG.1",7
"X1_AGAGCCCCATGACTTG.1",3
"X1_AGAGCCCCATGCCGAC.1",1
"X1_AGAGCCCGTAGGGAGG.1",8
"X1_AGAGCCCGTGCCTTCT.1",6
"X1_AGAGCCCTCTCTGAGA.1",7
"X1_AGATAGACAGTACTAC.1",5
"X1_AGATAGACATCCTGTC.1",3
"X1_AGATAGACATCGATGT.1",7
"X1_AGATAGAGTCACTGAT.1",3
"X1_AGATAGAGTTACGTAC.1",3
"X1_AGATAGAGTTGCAACT.1",2
"X1_AGATAGATCACCTCAC.1",1
"X1_AGATCCAAGACAGCTG.1",1
"X1_AGATCCACAAACACCT.1",6
"X1_AGATCCACACAAGTGG.1",2
"X1_AGATCCACACTGTCGG.1",1000
"X1_AGATCCACAGCTACTA.1",2
"X1_AGATCCACAGGGAATC.1",5
"X1_AGATCCAGTAATGCTC.1",2
"X1_AGATCCAGTTAAGGAT.1",4
"X1_AGATCCATCCGACGGT.1",3
"X1_AGATCCATCGGTCACG.1",5
"X1_AGATCGTAGAAACCCG.1",8
"X1_AGATCGTAGCTTTGTG.1",5
"X1_AGATCGTAGTGCGACA.1",1000
"X1_AGATCGTAGTTCATCG.1",1000
"X1_AGATCGTCAACCGTAT.1",5
"X1_AGATCGTCACTTCAAG.1",5
"X1_AGATCGTCATGATCTG.1",4
"X1_AGATCGTCATGTGTCA.1",5
"X1_AGATCGTGTTTCGTAG.1",3
"X1_AGATCGTTCATGCCGG.1",6
"X1_AGATCGTTCCAGCCTT.1",5
"X1_AGATCGTTCTGCGTCT.1",6
"X1_AGATGAAAGAGTCAAT.1",1
"X1_AGATGAAAGTGGAAAG.1",3
"X1_AGATGAAAGTTACGTC.1",4
"X1_AGATGAACAATCTAGC.1",1
"X1_AGATGAACATCCGGCA.1",7
"X1_AGATGAACATGAATCC.1",1000
"X1_AGATGAAGTAGCCAGA.1",7
"X1_AGATGAAGTCCGAAAG.1",1000
"X1_AGATGAAGTTGTGGCC.1",2
"X1_AGATGAATCTACGGGC.1",1
"X1_AGATGCTAGATTACCC.1",2
"X1_AGATGCTAGCCATTGT.1",1000
"X1_AGATGCTAGGACTGGT.1",5
"X1_AGATGCTAGTCCTGCG.1",2
"X1_AGATGCTCAAAGTATG.1",5
"X1_AGATGCTCAACAAGTA.1",5
"X1_AGATGCTCACACAGCC.1",2
"X1_AGATGCTCACAGACGA.1",6
"X1_AGATGCTCAGGATCTT.1",8
"X1_AGATGCTCAGTGACCC.1",6
"X1_AGATGCTGTAATTAGG.1",2
"X1_AGATGCTGTAGCGTTT.1",2
"X1_AGATGCTGTATGCTAC.1",7
"X1_AGATGCTGTCAGTCGC.1",2
"X1_AGATGCTGTCGCTGCA.1",3
"X1_AGATGCTGTGCTCCGA.1",5
"X1_AGATGCTGTGTCCATA.1",8
"X1_AGATGCTTCAAGCCCG.1",2
"X1_AGATGCTTCAAGCTTG.1",6
"X1_AGATGCTTCACTCTTA.1",7
"X1_AGATGCTTCATAGCAC.1",6
"X1_AGATGCTTCGCGTGCA.1",5
"X1_AGCATCAAGACCGCCT.1",5
"X1_AGCATCAAGATAGTGT.1",3
"X1_AGCATCAAGCAGCGAT.1",5
"X1_AGCATCAAGCGCTTCG.1",7
"X1_AGCATCAAGGATTTAG.1",5
"X1_AGCATCAAGTAAGAGG.1",2
"X1_AGCATCACACCCTATC.1",7
"X1_AGCATCACAGGAAGTC.1",2
"X1_AGCATCACAGGAGACT.1",7
"X1_AGCATCAGTAATACCC.1",8
"X1_AGCATCAGTACGATCT.1",6
"X1_AGCATCAGTTTGGCTA.1",7
"X1_AGCATCATCAATGTCG.1",4
"X1_AGCATCATCGACGAGA.1",3
"X1_AGCATCATCTCGGGAC.1",1
"X1_AGCCAATAGACCCGCT.1",8
"X1_AGCCAATAGCATTGAA.1",4
"X1_AGCCAATAGCTGAGTG.1",1000
"X1_AGCCAATAGGGTCACA.1",2
"X1_AGCCAATCAAACTCGT.1",6
"X1_AGCCAATCACTGGCGT.1",6
"X1_AGCCAATCAGGACAGT.1",5
"X1_AGCCAATCAGGTGACA.1",3
"X1_AGCCAATGTACAGGTG.1",2
"X1_AGCCAATTCAAAGACA.1",6
"X1_AGCCAATTCAAATGAG.1",1
"X1_AGCCAATTCAGGAAAT.1",8
"X1_AGCCAATTCTAGAGCT.1",8
"X1_AGCCAATTCTCGGCTT.1",5
"X1_AGCCACGAGACAACAT.1",2
"X1_AGCCACGAGATGTTGA.1",5
"X1_AGCCACGAGCGTCAAG.1",3
"X1_AGCCACGAGGAGACCT.1",2
"X1_AGCCACGAGGTAGATT.1",4
"X1_AGCCACGCAAACCGGA.1",7
"X1_AGCCACGCATGGCACC.1",6
"X1_AGCCACGGTATGCGTT.1",3
"X1_AGCCACGGTATTAAGG.1",2
"X1_AGCCACGGTGAGCGAT.1",8
"X1_AGCCACGGTTTACTGG.1",7
"X1_AGCCACGTCGTTATCT.1",1000
"X1_AGCCAGCAGCCACAAG.1",6
"X1_AGCCAGCAGTCGCTAT.1",8
"X1_AGCCAGCAGTGGAAAG.1",7
"X1_AGCCAGCCAGGAGACT.1",3
"X1_AGCCAGCCAGGTCAAG.1",2
"X1_AGCCAGCCATTCCTAT.1",4
"X1_AGCCAGCGTCAAAGAT.1",5
"X1_AGCCAGCGTCCATAGT.1",5
"X1_AGCCAGCGTCTTCCGT.1",4
"X1_AGCCAGCTCAACTGAC.1",5
"X1_AGCCAGCTCTGTCTCG.1",3
"X1_AGCGATTAGATCGCCC.1",2
"X1_AGCGATTAGCGAGTCA.1",3
"X1_AGCGATTAGTCCCTAA.1",3
"X1_AGCGATTCATCATCTT.1",4
"X1_AGCGATTGTATGGAAT.1",1000
"X1_AGCGATTGTGCGAACA.1",2
"X1_AGCGATTGTGGCATCC.1",8
"X1_AGCGATTTCAAGAAAC.1",1000
"X1_AGCGATTTCAAGAGGC.1",5
"X1_AGCGATTTCAAGTGGG.1",4
"X1_AGCGATTTCACGGACC.1",6
"X1_AGCGATTTCAGGAAAT.1",7
"X1_AGCGCCACACACACGC.1",7
"X1_AGCGCCACAGACAATA.1",8
"X1_AGCGCCACAGAGCCCT.1",8
"X1_AGCGCCACATTCGATG.1",4
"X1_AGCGCCACATTGAGCT.1",1
"X1_AGCGCCAGTAGGGAGG.1",5
"X1_AGCGCCAGTCTAATCG.1",5
"X1_AGCGCCAGTGCATACT.1",5
"X1_AGCGCCAGTGTCATTG.1",3
"X1_AGCGCCATCAAGCCAT.1",4
"X1_AGCGCCATCATGCCAA.1",8
"X1_AGCGCCATCTGCTAGA.1",5
"X1_AGCGCTGAGGCTATCT.1",1000
"X1_AGCGCTGAGTTGGAGC.1",4
"X1_AGCGCTGCAAACACCT.1",3
"X1_AGCGCTGCAACCCTCT.1",3
"X1_AGCGCTGCAGCTCTGG.1",4
"X1_AGCGCTGCATCCTTGC.1",3
"X1_AGCGCTGCATGACCCG.1",6
"X1_AGCGCTGGTAGTATAG.1",5
"X1_AGCGCTGGTTATCCAG.1",7
"X1_AGCGCTGGTTCGGCTG.1",2
"X1_AGCGCTGGTTTGACAC.1",3
"X1_AGCGCTGTCTGACAGT.1",5
"X1_AGCGCTGTCTTAGCTT.1",8
"X1_AGCGTATAGAATTGCA.1",7
"X1_AGCGTATCACGTATAC.1",5
"X1_AGCGTATCAGGTAGTG.1",1000
"X1_AGCGTATCATATCTCT.1",1000
"X1_AGCGTATGTCGTTGGC.1",8
"X1_AGCGTATTCGAGATGG.1",6
"X1_AGCGTATTCGCAAGAG.1",2
"X1_AGCGTCGCAAGTGCAG.1",4
"X1_AGCGTCGCACTACAGT.1",3
"X1_AGCGTCGCAGCGGTTC.1",5
"X1_AGCGTCGCATGGGCAA.1",3
"X1_AGCGTCGGTACAGTCT.1",3
"X1_AGCGTCGGTCGTGGAA.1",3
"X1_AGCGTCGTCAGACATC.1",3
"X1_AGCGTCGTCTTTCGAT.1",4
"X1_AGCTACACAACCGCTG.1",6
"X1_AGCTACACAACGGCCT.1",3
"X1_AGCTACACAAGTGATA.1",2
"X1_AGCTACACACGACGTC.1",8
"X1_AGCTACACAGGTTTAC.1",3
"X1_AGCTACACATCCAACA.1",7
"X1_AGCTACAGTAACGGTG.1",8
"X1_AGCTACAGTACATACC.1",7
"X1_AGCTACAGTGATAGTA.1",7
"X1_AGCTACAGTTTCGCTC.1",5
"X1_AGCTACATCAAGCCAT.1",7
"X1_AGCTACATCCCGTTGT.1",3
"X1_AGCTACATCGGAGCAA.1",4
"X1_AGCTCAAAGCGGTATG.1",3
"X1_AGCTCAAAGGCCACCT.1",5
"X1_AGCTCAAAGGCTAAAT.1",8
"X1_AGCTCAACAACCCTAA.1",8
"X1_AGCTCAACAACGTAAA.1",2
"X1_AGCTCAACAGTCGAGA.1",7
"X1_AGCTCAAGTACAGTCT.1",3
"X1_AGCTCAATCCATACAG.1",7
"X1_AGCTCAATCCTTCTTC.1",6
"X1_AGCTCAATCTCACCCA.1",2
"X1_AGCTTCCAGCCAGAGT.1",3
"X1_AGCTTCCAGCCTCGTG.1",1
"X1_AGCTTCCAGGCACCAA.1",2
"X1_AGCTTCCAGTGCAGCA.1",2
"X1_AGCTTCCAGTTCCAGT.1",2
"X1_AGCTTCCCAAGTGGTG.1",5
"X1_AGCTTCCCAATAGGAT.1",8
"X1_AGCTTCCCACACGGAA.1",6
"X1_AGCTTCCCACTGCGAC.1",2
"X1_AGCTTCCCATACCAGT.1",3
"X1_AGCTTCCGTCGGTAAG.1",3
"X1_AGCTTCCGTGTCTTCC.1",4
"X1_AGCTTCCGTTGACTGT.1",8
"X1_AGCTTCCTCCTAAACG.1",1
"X1_AGCTTCCTCTGTCAGA.1",7
"X1_AGCTTCCTCTGTCCCA.1",1
"X1_AGGAAATAGAGGTCGT.1",2
"X1_AGGAAATAGGACTATA.1",5
"X1_AGGAAATAGGGTATAT.1",3
"X1_AGGAAATAGTTCGGTT.1",3
"X1_AGGAAATCATCCGGTG.1",5
"X1_AGGAAATGTAGCGCTC.1",4
"X1_AGGAAATGTCTTCGAA.1",3
"X1_AGGAAATGTTAGAAGT.1",6
"X1_AGGAAATGTTGCCAAT.1",8
"X1_AGGAAATGTTGGGATG.1",5
"X1_AGGAAATTCAAGCCTA.1",2
"X1_AGGAAATTCATTGAGC.1",3
"X1_AGGAAATTCGGCTTGG.1",8
"X1_AGGAATAAGATTAGAC.1",6
"X1_AGGAATAAGCGGTAGT.1",7
"X1_AGGAATAAGCTGCGAA.1",6
"X1_AGGAATAAGGCCTAAG.1",8
"X1_AGGAATAAGTGACCTT.1",8
"X1_AGGAATACACATGAAA.1",5
"X1_AGGAATACACTGTTCC.1",7
"X1_AGGAATACAGGGAGAG.1",5
"X1_AGGAATACAGTTAAAG.1",6
"X1_AGGAATACATAGAGGC.1",7
"X1_AGGAATACATGGCTAT.1",8
"X1_AGGAATAGTGGCTAGA.1",5
"X1_AGGAATAGTTCGGCGT.1",7
"X1_AGGAATATCAACTTTC.1",2
"X1_AGGAATATCAGACCTA.1",5
"X1_AGGACGACAGTCGGTC.1",7
"X1_AGGACGACATAATCCG.1",1000
"X1_AGGACGACATCCGAAT.1",2
"X1_AGGACGAGTACGGATG.1",1000
"X1_AGGACGATCTGTGCAA.1",2
"X1_AGGACGATCTTCGGTC.1",6
"X1_AGGACGATCTTGAGCA.1",7
"X1_AGGACTTAGATTGCGG.1",3
"X1_AGGACTTAGGAAACGA.1",1
"X1_AGGACTTAGGCAGGTT.1",3
"X1_AGGACTTAGGCCCACT.1",5
"X1_AGGACTTAGGTTGAGC.1",6
"X1_AGGACTTAGTGCACAG.1",5
"X1_AGGACTTAGTTTCGAC.1",5
"X1_AGGACTTCAACAGCTT.1",5
"X1_AGGACTTCAGGACAGT.1",2
"X1_AGGACTTCAGGATTCT.1",6
"X1_AGGACTTGTAGGTACG.1",8
"X1_AGGACTTGTCATCAGT.1",1
"X1_AGGACTTGTTAGAGTA.1",5
"X1_AGGACTTGTTGTTGAC.1",8
"X1_AGGACTTTCGAGTCTA.1",7
"X1_AGGACTTTCGGAACTT.1",7
"X1_AGGAGGTAGAACGTGC.1",5
"X1_AGGAGGTAGACAACTA.1",8
"X1_AGGAGGTAGCTGAGCA.1",1000
"X1_AGGAGGTAGGTTTACC.1",2
"X1_AGGAGGTAGTTACGTC.1",7
"X1_AGGAGGTCACCGGTCA.1",6
"X1_AGGAGGTCACTTTATC.1",8
"X1_AGGAGGTCAGAGAGGG.1",2
"X1_AGGAGGTCAGAGTTGG.1",5
"X1_AGGAGGTCAGGGTTGA.1",2
"X1_AGGAGGTCAGTAGAAT.1",5
"X1_AGGAGGTCATTAAGCC.1",8
"X1_AGGAGGTGTTCTGACA.1",1000
"X1_AGGAGGTTCGCTACGG.1",1
"X1_AGGAGGTTCGGTCGGT.1",7
"X1_AGGATAAAGTGCGCTC.1",4
"X1_AGGATAACAGCAGATG.1",4
"X1_AGGATAACATCAGCTA.1",1000
"X1_AGGATAACATGTGTCA.1",2
"X1_AGGATAAGTCTTCGAA.1",5
"X1_AGGATAAGTGTTAAAG.1",3
"X1_AGGATAAGTTACCTTT.1",8
"X1_AGGATAATCATGAGAA.1",5
"X1_AGGATAATCCTCGCAT.1",8
"X1_AGGATAATCGACCCAG.1",2
"X1_AGGATCTAGGCGTCCT.1",6
"X1_AGGATCTAGGTGCTTT.1",3
"X1_AGGATCTCACCAACAT.1",5
"X1_AGGATCTCAGCTTTGA.1",6
"X1_AGGATCTCATAATCCG.1",1
"X1_AGGATCTGTAGGAAAG.1",2
"X1_AGGATCTGTAGTCACT.1",4
"X1_AGGATCTGTAGTTCCA.1",8
"X1_AGGATCTGTATGAGAT.1",1000
"X1_AGGATCTGTCCGGTCA.1",2
"X1_AGGATCTGTCGCTCGA.1",7
"X1_AGGATCTGTCGTCATA.1",3
"X1_AGGATCTGTGGATACG.1",5
"X1_AGGATCTGTTGTCTAG.1",4
"X1_AGGATCTTCAATCCAG.1",8
"X1_AGGATCTTCCAGGACC.1",3
"X1_AGGATCTTCCTTCTGG.1",4
"X1_AGGCATTAGGACAAGA.1",2
"X1_AGGCATTCAAAGCTCT.1",3
"X1_AGGCATTCAACTACGT.1",4
"X1_AGGCATTGTAGACGTG.1",3
"X1_AGGCATTGTGTAGCAG.1",5
"X1_AGGCATTTCACCTCTG.1",6
"X1_AGGCATTTCCTTGAAG.1",4
"X1_AGGCATTTCTTACACT.1",5
"X1_AGGCCACCAACCAATC.1",8
"X1_AGGCCACCAACCGGAA.1",8
"X1_AGGCCACCAATTTCGG.1",7
"X1_AGGCCACCACCACATA.1",8
"X1_AGGCCACCATCGAAGG.1",8
"X1_AGGCCACGTCCCAAAT.1",5
"X1_AGGCCACGTTCCTAAG.1",1
"X1_AGGCCACTCAGCACCG.1",2
"X1_AGGCCACTCATGGTAC.1",2
"X1_AGGCCACTCGCCTTGT.1",6
"X1_AGGCCACTCTCTGCTG.1",3
"X1_AGGCTGCAGAAATTGC.1",6
"X1_AGGCTGCAGTAACAGT.1",8
"X1_AGGCTGCAGTGGCCTC.1",4
"X1_AGGCTGCCAATTCTTC.1",3
"X1_AGGCTGCCACTATGTG.1",1000
"X1_AGGCTGCGTCTTCTAT.1",7
"X1_AGGCTGCTCCAAAGGG.1",4
"X1_AGGCTGCTCCCGAGTG.1",8
"X1_AGGCTGCTCGCTCTAC.1",2
"X1_AGGCTGCTCGTCGATA.1",2
"X1_AGGCTGCTCGTCTAAG.1",3
"X1_AGGGAGTAGACCTGGA.1",2
"X1_AGGGAGTAGGCACTAG.1",3
"X1_AGGGAGTCACTGGAAG.1",2
"X1_AGGGAGTCACTGTGAT.1",1000
"X1_AGGGAGTCAGATCCTA.1",1
"X1_AGGGAGTCATAGGAGC.1",2
"X1_AGGGAGTCATGACACT.1",3
"X1_AGGGAGTGTAACAGGC.1",8
"X1_AGGGAGTGTCGTTATG.1",6
"X1_AGGGAGTGTGTATCCA.1",3
"X1_AGGGAGTTCGAACTCA.1",8
"X1_AGGGAGTTCGCCATAA.1",4
"X1_AGGGCCTAGAGATGCC.1",3
"X1_AGGGCCTAGCTTCGTA.1",3
"X1_AGGGCCTAGGCTAAAT.1",4
"X1_AGGGCCTCAAGGAGTC.1",1000
"X1_AGGGCCTGTCAGGTAG.1",2
"X1_AGGGCCTGTCCTCCTA.1",4
"X1_AGGGCCTGTCGATTTG.1",3
"X1_AGGGCCTGTCGCATCG.1",6
"X1_AGGGCCTGTCTTGAAC.1",5
"X1_AGGGCCTGTGATACTC.1",1
"X1_AGGGCCTGTGTGTCCG.1",3
"X1_AGGGCCTTCGACCATA.1",1
"X1_AGGGCCTTCTACCAGA.1",4
"X1_AGGGCTCCACAGAGCA.1",4
"X1_AGGGCTCCACCCAACG.1",1000
"X1_AGGGCTCCAGTCTTCC.1",5
"X1_AGGGCTCCATATGGCT.1",2
"X1_AGGGCTCGTGCCGGTT.1",3
"X1_AGGGCTCTCATCTCTA.1",7
"X1_AGGGCTCTCCGTAGGC.1",4
"X1_AGGGTCCAGCTGTACT.1",2
"X1_AGGGTCCAGGCTGGAT.1",3
"X1_AGGGTCCCAATAGTCC.1",8
"X1_AGGGTCCCAGAATCGG.1",5
"X1_AGGGTCCGTCATGCAT.1",1
"X1_AGGGTCCGTCGAAACG.1",5
"X1_AGGGTCCGTCGAACGA.1",5
"X1_AGGGTCCGTTACGATC.1",6
"X1_AGGGTCCTCGACACTA.1",1000
"X1_AGGGTCCTCTTTCGAT.1",6
"X1_AGGGTGAAGAAGTCAT.1",7
"X1_AGGGTGAAGCAATTCC.1",8
"X1_AGGGTGAAGGAACTAT.1",7
"X1_AGGGTGACAATTCGTG.1",6
"X1_AGGGTGACACTTACAG.1",5
"X1_AGGGTGACAGCGACAA.1",1
"X1_AGGGTGACATGTGTCA.1",8
"X1_AGGGTGACATTGCAAC.1",7
"X1_AGGGTGAGTACAAGCG.1",6
"X1_AGGGTGAGTGTGATGG.1",8
"X1_AGGGTGATCATAGCAC.1",8
"X1_AGGGTGATCCATCACC.1",1
"X1_AGGGTGATCCATCAGA.1",2
"X1_AGGGTGATCGCTTGAA.1",8
"X1_AGGGTTTAGCGGACAT.1",4
"X1_AGGGTTTAGTCGGGAT.1",8
"X1_AGGGTTTCAAAGCGTG.1",5
"X1_AGGGTTTCACCCTCTA.1",1000
"X1_AGGGTTTCACCTCAGG.1",8
"X1_AGGGTTTCAGCACGAA.1",2
"X1_AGGGTTTCATTATGCG.1",6
"X1_AGGGTTTGTAGGGTAC.1",4
"X1_AGGGTTTGTCTTACTT.1",2
"X1_AGGGTTTGTGACCTGC.1",8
"X1_AGGGTTTTCACAATGC.1",3
"X1_AGGGTTTTCCAGTGTA.1",6
"X1_AGGTAGGAGACGTCCC.1",5
"X1_AGGTAGGAGCAGTAAT.1",4
"X1_AGGTAGGAGCTTTCCC.1",5
"X1_AGGTAGGAGTCGTTAC.1",3
"X1_AGGTAGGAGTTCCGTA.1",4
"X1_AGGTAGGGTAGTTACC.1",8
"X1_AGGTAGGGTCATCGCG.1",4
"X1_AGGTAGGGTCTTCCGT.1",8
"X1_AGGTAGGGTGTCTAAC.1",2
"X1_AGGTAGGGTTTGGGTT.1",7
"X1_AGGTAGGTCAAGGTGG.1",6
"X1_AGGTAGGTCACGTAGT.1",8
"X1_AGGTAGGTCGACTCCT.1",1000
"X1_AGGTCATAGATAGTGT.1",5
"X1_AGGTCATAGGAGAGGC.1",1000
"X1_AGGTCATCACAGTCAT.1",5
"X1_AGGTCATCAGAGACTG.1",4
"X1_AGGTCATCATCTGTTT.1",1
"X1_AGGTCATGTCGCTGCA.1",1000
"X1_AGGTCATGTCTAGGCC.1",3
"X1_AGGTCATGTGGTCTTA.1",8
"X1_AGGTCATTCACCCTTG.1",7
"X1_AGGTCATTCATTCCTA.1",1000
"X1_AGGTCATTCGACCCAG.1",3
"X1_AGGTCTAAGGCGCTCT.1",5
"X1_AGGTCTACAGCGTTTA.1",1000
"X1_AGGTCTACATGGGATG.1",8
"X1_AGGTCTAGTACCGTCG.1",1000
"X1_AGGTCTAGTAGCTAAA.1",2
"X1_AGGTCTAGTTACACAC.1",4
"X1_AGGTCTAGTTGGGATG.1",3
"X1_AGGTCTATCTAACGCA.1",8
"X1_AGGTCTATCTATGTGG.1",1
"X1_AGGTGTTAGCTAGCCC.1",4
"X1_AGGTGTTAGCTCCCTT.1",3
"X1_AGGTGTTAGGCAATGC.1",5
"X1_AGGTGTTAGTAGCTCT.1",7
"X1_AGGTGTTCAATTGTGC.1",4
"X1_AGGTGTTCATATCGGT.1",6
"X1_AGGTGTTCATCTGGGC.1",4
"X1_AGGTGTTGTACGTAGG.1",1000
"X1_AGGTGTTGTGCGGCTT.1",1000
"X1_AGGTGTTGTTGGCCGT.1",4
"X1_AGGTGTTTCACATACG.1",8
"X1_AGGTGTTTCTAACACG.1",2
"X1_AGGTTACAGATGAACT.1",2
"X1_AGGTTACAGATGATTG.1",6
"X1_AGGTTACAGGACGCAT.1",2
"X1_AGGTTACAGTATGAAC.1",6
"X1_AGGTTACAGTTTCGGT.1",4
"X1_AGGTTACCAATTAGGA.1",1
"X1_AGGTTACCACTAGGCC.1",6
"X1_AGGTTACCAGTAACGG.1",2
"X1_AGGTTACGTATGCTAC.1",2
"X1_AGGTTACGTCCGGATC.1",2
"X1_AGGTTACGTGTCTCCT.1",7
"X1_AGGTTACTCTGTTCAT.1",2
"X1_AGGTTGTAGATGTAGT.1",6
"X1_AGGTTGTAGTACTGGG.1",3
"X1_AGGTTGTAGTCACGAG.1",7
"X1_AGGTTGTCAAAGACTA.1",3
"X1_AGGTTGTCAAGTGGCA.1",7
"X1_AGGTTGTCAGTTGAAA.1",3
"X1_AGGTTGTGTGTATACC.1",7
"X1_AGGTTGTGTTGCCAAT.1",2
"X1_AGGTTGTTCATGAGGG.1",3
"X1_AGGTTGTTCGCCTAGG.1",6
"X1_AGGTTGTTCTGTGCTC.1",1000
"X1_AGGTTGTTCTTACACT.1",3
"X1_AGTAACCAGCAAGTCG.1",2
"X1_AGTAACCAGGGATCAC.1",4
"X1_AGTAACCAGTTACGGG.1",5
"X1_AGTAACCCAATCGCCG.1",1000
"X1_AGTAACCCACCGTCTT.1",2
"X1_AGTAACCCACTAGGCC.1",2
"X1_AGTAACCCAGCTGCCA.1",1
"X1_AGTAACCGTCAACGCC.1",2
"X1_AGTAACCGTGAGCAGT.1",1000
"X1_AGTAACCGTGCCTACG.1",7
"X1_AGTAACCGTTGAGAGC.1",5
"X1_AGTAACCTCCACACAA.1",3
"X1_AGTACCAAGAGGGTGG.1",7
"X1_AGTACCAAGATACAGT.1",1
"X1_AGTACCAAGCATACTC.1",7
"X1_AGTACCAAGCATCAGG.1",6
"X1_AGTACCAAGCTGTTCA.1",4
"X1_AGTACCACACCAGCCA.1",8
"X1_AGTACCACAGAAATTG.1",7
"X1_AGTACCACAGCGCTTG.1",6
"X1_AGTACCACAGGTCCGT.1",8
"X1_AGTACCACATATCTCT.1",3
"X1_AGTACCAGTCAGATTC.1",8
"X1_AGTACCAGTTTATGCG.1",2
"X1_AGTACCATCACACGAT.1",6
"X1_AGTACTGAGAAGGTAG.1",7
"X1_AGTACTGAGAGACAAG.1",4
"X1_AGTACTGAGCGATGGT.1",8
"X1_AGTACTGAGTACTGTC.1",4
"X1_AGTACTGCAAGTATAG.1",4
"X1_AGTACTGCAATAGAGT.1",4
"X1_AGTACTGCAGGAATAT.1",2
"X1_AGTACTGCATTCATCT.1",1
"X1_AGTACTGGTGCCTATA.1",7
"X1_AGTACTGTCGTTCCTG.1",2
"X1_AGTACTGTCTGTGCAA.1",3
"X1_AGTAGCTAGTTACGGG.1",4
"X1_AGTAGCTCAATCGCGC.1",6
"X1_AGTAGCTCACCCTATC.1",4
"X1_AGTAGCTCACTATGTG.1",3
"X1_AGTAGCTCATGCCGCA.1",5
"X1_AGTAGCTCATGTGACT.1",6
"X1_AGTAGCTGTATCAGCT.1",7
"X1_AGTAGCTGTGACAGCA.1",5
"X1_AGTAGCTTCATCTACT.1",7
"X1_AGTAGCTTCCAACTGA.1",6
"X1_AGTAGCTTCCCGTGAG.1",8
"X1_AGTAGCTTCGGAGCAA.1",6
"X1_AGTAGCTTCGTGGAAG.1",1
"X1_AGTAGTCAGCAAATCA.1",8
"X1_AGTAGTCAGCACTCAT.1",7
"X1_AGTAGTCAGGCATGGT.1",3
"X1_AGTAGTCAGGCTCAAG.1",3
"X1_AGTAGTCAGGGAGTTC.1",3
"X1_AGTAGTCCAACACGAG.1",8
"X1_AGTAGTCCACTGGAAG.1",4
"X1_AGTAGTCCAGGTCCCA.1",5
"X1_AGTAGTCCATGACAAA.1",3
"X1_AGTAGTCGTAATGCGG.1",1
"X1_AGTAGTCGTACCCGCA.1",7
"X1_AGTAGTCGTAGGTGCA.1",6
"X1_AGTAGTCGTGTCATTG.1",7
"X1_AGTAGTCGTTCAGCTA.1",5
"X1_AGTAGTCTCGAACCAT.1",8
"X1_AGTCAACAGGGACACT.1",5
"X1_AGTCAACAGTCATAGA.1",2
"X1_AGTCAACCAAAGACGC.1",2
"X1_AGTCAACCAGCCGTTG.1",1
"X1_AGTCAACCAGTCGCAC.1",1
"X1_AGTCAACCATACCATG.1",6
"X1_AGTCAACGTAGTTAGA.1",5
"X1_AGTCAACGTCTACGTA.1",3
"X1_AGTCAACTCCGTGTCT.1",1000
"X1_AGTCAACTCGCACGGT.1",5
"X1_AGTCAACTCTTTGCAT.1",3
"X1_AGTCACAAGGAAGTGA.1",5
"X1_AGTCACAAGGTAACTA.1",2
"X1_AGTCACACACGGATCC.1",4
"X1_AGTCACACAGACGCTC.1",7
"X1_AGTCACACAGAGTAAT.1",1000
"X1_AGTCACAGTAACAGTA.1",5
"X1_AGTCACAGTACTGACT.1",2
"X1_AGTCACAGTCATTGCA.1",1000
"X1_AGTCACAGTTAGAGTA.1",3
"X1_AGTCACATCTAGTCAG.1",2
"X1_AGTCACATCTGCTGAA.1",3
"X1_AGTCACATCTTACCGC.1",5
"X1_AGTCATGAGGCTAACG.1",4
"X1_AGTCATGAGTATGACA.1",1
"X1_AGTCATGCAACAGCTT.1",3
"X1_AGTCATGCAACAGTGG.1",3
"X1_AGTCATGCAGACAAAT.1",5
"X1_AGTCATGGTAAGGTCG.1",7
"X1_AGTCATGGTACTAAGA.1",8
"X1_AGTCATGGTGTGTACT.1",2
"X1_AGTCTCCAGAATTTGG.1",6
"X1_AGTCTCCCACGCTATA.1",8
"X1_AGTCTCCCAGAGTGAC.1",5
"X1_AGTCTCCCAGCTTCCT.1",3
"X1_AGTCTCCGTAAGCGGT.1",6
"X1_AGTCTCCGTCGCTCGA.1",3
"X1_AGTCTCCGTCTAGTGT.1",4
"X1_AGTCTCCGTGCTATTG.1",2
"X1_AGTCTCCGTGTCCACG.1",4
"X1_AGTCTCCGTTTAGTCG.1",2
"X1_AGTCTCCTCCCTTTGG.1",7
"X1_AGTCTCCTCGCTGTTC.1",3
"X1_AGTCTCCTCTCCGCAT.1",6
"X1_AGTGACTAGAGCTGAC.1",8
"X1_AGTGACTAGATACTGA.1",4
"X1_AGTGACTAGGTTCCGC.1",7
"X1_AGTGACTAGTGGCAGT.1",5
"X1_AGTGACTCAACAGCCC.1",5
"X1_AGTGACTCAGCTACAT.1",1000
"X1_AGTGACTGTCAACCTA.1",1
"X1_AGTGACTGTGTGGACA.1",2
"X1_AGTGACTGTTGGGAAC.1",2
"X1_AGTGACTTCACAAGAA.1",7
"X1_AGTGACTTCGGTAAGG.1",5
"X1_AGTGACTTCGTGGCGT.1",7
"X1_AGTGACTTCTACGGGC.1",3
"X1_AGTGATCAGCCATGCC.1",5
"X1_AGTGATCAGCGGTAGT.1",3
"X1_AGTGATCAGGTCATAA.1",6
"X1_AGTGATCCAAGAAATC.1",1000
"X1_AGTGATCCACCTCGTT.1",6
"X1_AGTGATCCAGCATGCC.1",7
"X1_AGTGATCCAGCCGTCA.1",8
"X1_AGTGATCCAGTGGCTC.1",1000
"X1_AGTGATCGTAGCCAGA.1",1
"X1_AGTGATCGTGTGGACA.1",1
"X1_AGTGATCGTTGGAGAC.1",3
"X1_AGTGATCTCCTCTCGA.1",6
"X1_AGTGATCTCGGTGCAC.1",6
"X1_AGTGATCTCTAGCATG.1",6
"X1_AGTGCCGAGAGTGTGC.1",8
"X1_AGTGCCGAGCAGTCTT.1",8
"X1_AGTGCCGAGCTAGAGC.1",3
"X1_AGTGCCGAGGAAAGTG.1",5
"X1_AGTGCCGCACAACGTT.1",4
"X1_AGTGCCGCAGTGACCC.1",3
"X1_AGTGCCGCATACCGTA.1",1
"X1_AGTGCCGGTATCACGT.1",8
"X1_AGTGCCGGTCGCCACA.1",1000
"X1_AGTGCCGGTCGTATTG.1",1
"X1_AGTGCCGGTGACGTCC.1",4
"X1_AGTGCCGGTGTCCCTT.1",3
"X1_AGTGCCGGTTTAGAGA.1",7
"X1_AGTGCCGTCATATGGC.1",7
"X1_AGTGCCGTCATTGCGA.1",1000
"X1_AGTGCCGTCCACACAA.1",5
"X1_AGTGCCGTCCTGCCAT.1",6
"X1_AGTGTTGAGCGTATAA.1",7
"X1_AGTGTTGAGCGTGCCT.1",1000
"X1_AGTGTTGAGGGCCCTT.1",4
"X1_AGTGTTGAGTCGTTAC.1",1
"X1_AGTGTTGCACAACGTT.1",1
"X1_AGTGTTGCAGCGAACA.1",7
"X1_AGTGTTGGTCCGGTCA.1",1000
"X1_AGTGTTGGTCGTCATA.1",8
"X1_AGTGTTGGTGTAGGAC.1",5
"X1_AGTGTTGGTTAGGCCC.1",6
"X1_AGTGTTGGTTTACGAC.1",8
"X1_AGTGTTGTCAGGGTAG.1",1
"X1_AGTTAGCAGAAGGTAG.1",1
"X1_AGTTAGCAGACGCCCT.1",8
"X1_AGTTAGCAGCCATCCG.1",4
"X1_AGTTAGCAGCGTCAAG.1",4
"X1_AGTTAGCAGGCCTAGA.1",5
"X1_AGTTAGCCAGAACATA.1",1
"X1_AGTTAGCGTGATGGCA.1",8
"X1_AGTTAGCGTGCCGAAA.1",6
"X1_AGTTAGCGTGGTAATA.1",1
"X1_AGTTAGCTCGAGTACT.1",3
"X1_AGTTAGCTCGGTAAGG.1",4
"X1_AGTTCCCAGCCTGAAG.1",5
"X1_AGTTCCCAGCTTAAGA.1",8
"X1_AGTTCCCAGTGCAGGT.1",3
"X1_AGTTCCCCAACTTGGT.1",7
"X1_AGTTCCCCAATCTGCA.1",2
"X1_AGTTCCCCAATGCTCA.1",3
"X1_AGTTCCCCACAAATAG.1",2
"X1_AGTTCCCCAGCCCACA.1",7
"X1_AGTTCCCCATCTAACG.1",2
"X1_AGTTCCCGTGGCACTC.1",4
"X1_AGTTCCCTCACGTCCT.1",2
"X1_AGTTCCCTCAGGGTAG.1",3
"X1_AGTTCCCTCTACCTTA.1",8
"X1_AGTTCCCTCTGACAGT.1",2
"X1_AGTTCGACACAATCTG.1",1
"X1_AGTTCGAGTACTTGTG.1",7
"X1_AGTTCGAGTCGTGATT.1",8
"X1_AGTTCGAGTGTAGCAG.1",3
"X1_AGTTCGATCCGTTGAA.1",1000
"X1_ATACCGAAGCACCGTC.1",3
"X1_ATACCGAAGCTAGATA.1",7
"X1_ATACCGAAGGACCCAA.1",3
"X1_ATACCGACAGTCGGTC.1",5
"X1_ATACCGAGTGGCTGCT.1",8
"X1_ATACCGAGTGGTCAAG.1",5
"X1_ATACCGAGTTCTTAGG.1",6
"X1_ATACCGAGTTTCTTAC.1",2
"X1_ATACCGATCCGAACGC.1",1
"X1_ATACCGATCGTGCAGC.1",6
"X1_ATACCTTAGGTAGTCG.1",4
"X1_ATACCTTAGGTATAGT.1",1
"X1_ATACCTTCAGGCGAAT.1",6
"X1_ATACCTTCATCGAACT.1",8
"X1_ATACCTTGTCTACAAC.1",8
"X1_ATACCTTGTCTCGGAC.1",6
"X1_ATACCTTGTTCGGCGT.1",8
"X1_ATACCTTGTTTCACTT.1",3
"X1_ATACCTTTCAATCTCT.1",1
"X1_ATACCTTTCATTTCCA.1",8
"X1_ATACCTTTCCACGTAA.1",3
"X1_ATACCTTTCCCGAGAC.1",2
"X1_ATACTTCAGACGAGCT.1",2
"X1_ATACTTCAGTCTTCCC.1",7
"X1_ATACTTCCACTGGCGT.1",2
"X1_ATACTTCCAGTAACAA.1",2
"X1_ATACTTCCATCCGTGG.1",8
"X1_ATACTTCGTAACAGTA.1",5
"X1_ATACTTCTCTAGTGAC.1",8
"X1_ATAGACCAGAACCGCA.1",1
"X1_ATAGACCAGACTCATC.1",4
"X1_ATAGACCAGCAGGCTA.1",5
"X1_ATAGACCAGCCACTCG.1",8
"X1_ATAGACCAGCCTGACC.1",8
"X1_ATAGACCAGCTCGAAG.1",1
"X1_ATAGACCAGTCGAAGC.1",7
"X1_ATAGACCCAGAACTTC.1",1000
"X1_ATAGACCCAGGATCTT.1",5
"X1_ATAGACCCAGTGGTGA.1",5
"X1_ATAGACCGTAGGCTCC.1",3
"X1_ATAGACCGTATCGCTA.1",5
"X1_ATAGACCGTCTACGTA.1",2
"X1_ATAGACCGTGAAGCGT.1",8
"X1_ATAGACCGTTCTTCAT.1",2
"X1_ATAGACCTCATTTCGT.1",1000
"X1_ATAGAGAAGATGAAGG.1",7
"X1_ATAGAGAAGCGAAACC.1",4
"X1_ATAGAGACAACGCCCA.1",3
"X1_ATAGAGACACCGGAAA.1",8
"X1_ATAGAGACAGCAAGAC.1",7
"X1_ATAGAGACAGCTGTGC.1",2
"X1_ATAGAGACAGCTTTGA.1",6
"X1_ATAGAGAGTACTGAGG.1",5
"X1_ATAGAGAGTTGAGTCT.1",2
"X1_ATAGAGAGTTGGTACT.1",1000
"X1_ATAGAGATCAACCCGG.1",3
"X1_ATAGAGATCAAGCCTA.1",5
"X1_ATAGAGATCAGGAAGC.1",5
"X1_ATAGAGATCGACATCA.1",5
"X1_ATAGAGATCGAGTCCG.1",8
"X1_ATAGAGATCTAAGGAA.1",5
"X1_ATAGGCTAGCCTCATA.1",5
"X1_ATAGGCTAGCTGAAAT.1",8
"X1_ATAGGCTAGGATATAC.1",8
"X1_ATAGGCTAGTCCCTAA.1",5
"X1_ATAGGCTCAACAGTGG.1",8
"X1_ATAGGCTCAAGAGCTG.1",3
"X1_ATAGGCTCAAGCGAGT.1",4
"X1_ATAGGCTCAAGTGACG.1",1
"X1_ATAGGCTCAATTGAAG.1",7
"X1_ATAGGCTCATGACAAA.1",7
"X1_ATAGGCTGTCCAAGAG.1",5
"X1_ATAGGCTGTCGCATTA.1",8
"X1_ATAGGCTGTGGAACCA.1",7
"X1_ATAGGCTGTTGCATCA.1",3
"X1_ATAGGCTTCAAAGACA.1",1000
"X1_ATAGGCTTCAGTGGGA.1",3
"X1_ATAGGCTTCCGGACTG.1",7
"X1_ATAGGCTTCCTTCAGC.1",3
"X1_ATAGGCTTCCTTCGAC.1",3
"X1_ATAGGCTTCGCGTGAC.1",2
"X1_ATAGGCTTCGGCCTTT.1",3
"X1_ATATCCTAGAAGTCAT.1",5
"X1_ATATCCTAGCGTCGAA.1",2
"X1_ATATCCTAGTGACCTT.1",2
"X1_ATATCCTCACCCAATA.1",2
"X1_ATATCCTCAGCTACAT.1",3
"X1_ATATCCTCAGTTGAAA.1",3
"X1_ATATCCTGTAAGTTAG.1",3
"X1_ATATCCTGTCACTCTC.1",2
"X1_ATATCCTGTCAGACTT.1",6
"X1_ATATCCTGTCATCGCG.1",6
"X1_ATCACAGAGAAGTATC.1",7
"X1_ATCACAGAGACTTAAG.1",5
"X1_ATCACAGAGATCGCCC.1",3
"X1_ATCACAGAGCGTCTCG.1",4
"X1_ATCACAGAGTGAGGCT.1",4
"X1_ATCACAGCAGTCAGAG.1",4
"X1_ATCACAGGTAACCCGC.1",1
"X1_ATCACAGGTAGCGCTC.1",6
"X1_ATCACAGGTGTCACAT.1",5
"X1_ATCACAGGTGTTCAGT.1",4
"X1_ATCACAGTCCCGAAAT.1",6
"X1_ATCACAGTCTACCACC.1",7
"X1_ATCACGAAGCGTCAAG.1",7
"X1_ATCACGAAGGTTGGTG.1",3
"X1_ATCACGAAGTAAGCAT.1",1000
"X1_ATCACGACACAACATC.1",8
"X1_ATCACGACACGAAAGC.1",8
"X1_ATCACGACAGTGTGGA.1",7
"X1_ATCACGACATTACTCT.1",8
"X1_ATCACGAGTTCAGCTA.1",6
"X1_ATCACGAGTTCGGCTG.1",6
"X1_ATCACGATCCTACCGT.1",1
"X1_ATCACGATCTATGCCC.1",3
"X1_ATCACGATCTGCAGCG.1",5
"X1_ATCACGATCTTCTGTA.1",6
"X1_ATCACTTCATCCGTTC.1",5
"X1_ATCACTTGTATTTCCT.1",3
"X1_ATCACTTGTCCACACG.1",7
"X1_ATCACTTGTCGTCATA.1",1000
"X1_ATCACTTGTCTAGATC.1",6
"X1_ATCACTTGTCTGTGTA.1",1000
"X1_ATCACTTTCTTCGCTG.1",7
"X1_ATCAGGTAGCGTCAGA.1",8
"X1_ATCAGGTAGCTCGCAC.1",1
"X1_ATCAGGTCAATCACGT.1",1
"X1_ATCAGGTCATCCGGTG.1",2
"X1_ATCAGGTGTCAGATTC.1",4
"X1_ATCAGGTGTCCTTAAG.1",8
"X1_ATCAGGTTCAATCTTC.1",1
"X1_ATCAGGTTCCCTTGGT.1",3
"X1_ATCAGGTTCCTTCGAC.1",5
"X1_ATCAGGTTCTGACGCG.1",7
"X1_ATCATTCAGACCATAA.1",8
"X1_ATCATTCAGATTCGAA.1",1
"X1_ATCATTCAGCACTCTA.1",5
"X1_ATCATTCAGGTAAGTT.1",4
"X1_ATCATTCCAAGTTTGC.1",2
"X1_ATCATTCCAATACCCA.1",2
"X1_ATCATTCCAGGCGAAT.1",3
"X1_ATCATTCGTCGCAACC.1",8
"X1_ATCATTCTCACCGACG.1",4
"X1_ATCATTCTCACGGAGA.1",4
"X1_ATCCACCAGAAGCTCG.1",4
"X1_ATCCACCAGACATATG.1",5
"X1_ATCCACCAGCTGTCCG.1",5
"X1_ATCCACCAGGACCCAA.1",3
"X1_ATCCACCCAAGTTCGT.1",3
"X1_ATCCACCCACTTCAGA.1",3
"X1_ATCCACCGTAACATGA.1",2
"X1_ATCCACCGTAAGGCCA.1",5
"X1_ATCCACCGTAGTAAGT.1",1
"X1_ATCCACCGTCAAATCC.1",1
"X1_ATCCACCGTGCCGAAA.1",3
"X1_ATCCACCTCATTCTTG.1",4
"X1_ATCCATTAGACGCAGT.1",2
"X1_ATCCATTAGTACAGCG.1",4
"X1_ATCCATTAGTCATACC.1",4
"X1_ATCCATTCAAACAGGC.1",5
"X1_ATCCATTCAATGAACA.1",5
"X1_ATCCATTCAATTTCTC.1",2
"X1_ATCCATTCATACATCG.1",1000
"X1_ATCCATTTCCTAACAG.1",4
"X1_ATCCATTTCGGCTTCT.1",4
"X1_ATCCATTTCTCCGTGT.1",5
"X1_ATCCCTGAGATTGGGC.1",3
"X1_ATCCCTGAGTCTTCGA.1",2
"X1_ATCCCTGCAGTTGTTG.1",5
"X1_ATCCCTGCATTCTGTT.1",8
"X1_ATCCCTGGTAGTAAGT.1",6
"X1_ATCCCTGGTGCCTACG.1",3
"X1_ATCCCTGGTGTCTTGA.1",3
"X1_ATCCCTGGTTACCCTC.1",5
"X1_ATCCCTGTCATACAGC.1",7
"X1_ATCCCTGTCGAAGGAC.1",8
"X1_ATCCCTGTCGAGTACT.1",3
"X1_ATCCGTCAGCGAGAAA.1",3
"X1_ATCCGTCAGGCGATAC.1",1
"X1_ATCCGTCAGGTGATAT.1",7
"X1_ATCCGTCAGTCCGTCG.1",2
"X1_ATCCGTCAGTGATAAC.1",8
"X1_ATCCGTCCAAGACCTT.1",7
"X1_ATCCGTCCAGAAGCGT.1",1
"X1_ATCCGTCCAGAATTCC.1",7
"X1_ATCCGTCGTAGTTAGA.1",3
"X1_ATCCGTCGTATAGGGC.1",4
"X1_ATCCGTCGTCATTGCA.1",7
"X1_ATCCGTCTCAGAATAG.1",3
"X1_ATCCGTCTCGACACCG.1",2
"X1_ATCCTATAGAGTGAAG.1",4
"X1_ATCCTATAGGTGGCTA.1",6
"X1_ATCCTATAGTTGTAAG.1",7
"X1_ATCCTATCACGGGTAA.1",3
"X1_ATCCTATGTACTCGCG.1",4
"X1_ATCCTATGTAGATTGA.1",7
"X1_ATCCTATGTAGTCACT.1",5
"X1_ATCCTATGTGATAGAT.1",6
"X1_ATCCTATGTGTCCTAA.1",8
"X1_ATCCTATTCGTCAACA.1",3
"X1_ATCCTATTCTATACTC.1",4
"X1_ATCGATGCAGACGATG.1",8
"X1_ATCGATGCAGATACCT.1",5
"X1_ATCGATGCAGTCGTTA.1",8
"X1_ATCGATGCATAGCACT.1",2
"X1_ATCGATGCATCGGTTA.1",5
"X1_ATCGATGCATTCTCTA.1",2
"X1_ATCGATGGTAGAATGT.1",7
"X1_ATCGATGGTCCAGCCA.1",3
"X1_ATCGATGGTGATGAAT.1",7
"X1_ATCGATGGTGGACCTC.1",4
"X1_ATCGATGGTTCGTACA.1",4
"X1_ATCGATGGTTCTTGCC.1",4
"X1_ATCGATGGTTTGAACC.1",8
"X1_ATCGATGTCATCTGTT.1",1
"X1_ATCGATGTCCTACCGT.1",7
"X1_ATCGATGTCTGGGCGT.1",3
"X1_ATCGCCTAGCTACGTT.1",1
"X1_ATCGCCTAGTCGGCAA.1",8
"X1_ATCGCCTAGTGCTACT.1",6
"X1_ATCGCCTGTCGTCGGT.1",6
"X1_ATCGCCTGTGGACCTC.1",7
"X1_ATCGCCTTCAGTCCGG.1",3
"X1_ATCGCCTTCCCATTTA.1",2
"X1_ATCGCCTTCTGATGGT.1",7
"X1_ATCGGATAGAGCTGAC.1",6
"X1_ATCGGATAGAGTCGAC.1",2
"X1_ATCGGATAGTCATCGT.1",1
"X1_ATCGGATAGTCTTCCC.1",5
"X1_ATCGGATAGTGAGGCT.1",4
"X1_ATCGGATCAATTTCGG.1",7
"X1_ATCGGATCACTTGGCG.1",4
"X1_ATCGGATCAGTTGTTG.1",4
"X1_ATCGGATCATGACTTG.1",1
"X1_ATCGGATGTCACTTCC.1",4
"X1_ATCGGATGTTGCGAAG.1",3
"X1_ATCGGATTCAATCTCT.1",6
"X1_ATCGGATTCGTACACA.1",1
"X1_ATCGGATTCTCCTGCA.1",8
"X1_ATCGGCGCACAAAGTA.1",5
"X1_ATCGGCGCACCGTGGT.1",1000
"X1_ATCGGCGCATCCCACT.1",3
"X1_ATCGGCGGTATCCTCC.1",2
"X1_ATCGGCGGTGATTCTG.1",4
"X1_ATCGGCGTCAAGGCTT.1",4
"X1_ATCGGCGTCATCGCAA.1",4
"X1_ATCGGCGTCGCTACGG.1",4
"X1_ATCGTAGAGACAACTA.1",8
"X1_ATCGTAGAGAGTACCG.1",1000
"X1_ATCGTAGAGGAACTAT.1",5
"X1_ATCGTAGAGTGCCAGA.1",7
"X1_ATCGTAGAGTTCGGTT.1",6
"X1_ATCGTAGCAGACGCTC.1",8
"X1_ATCGTAGGTAGCTTTG.1",1
"X1_ATCGTAGGTCAGTCCG.1",3
"X1_ATCGTAGGTGCGGATA.1",4
"X1_ATCGTAGGTGTTGCCG.1",3
"X1_ATCGTAGGTTATAGAG.1",3
"X1_ATCGTAGGTTCGTTCC.1",4
"X1_ATCGTAGTCCAAGCTA.1",5
"X1_ATCGTAGTCCACGAAT.1",7
"X1_ATCGTAGTCGCGCCAA.1",4
"X1_ATCGTAGTCGGCTTCT.1",5
"X1_ATCGTCCAGATAACGT.1",7
"X1_ATCGTCCAGGATACAT.1",1
"X1_ATCGTCCAGTATGAAC.1",3
"X1_ATCGTCCCACGAGAAC.1",2
"X1_ATCGTCCGTGGCCCAT.1",1000
"X1_ATCGTCCGTTATGTCG.1",4
"X1_ATCGTCCTCCCTCTTT.1",4
"X1_ATCGTGAAGCTCGTGC.1",3
"X1_ATCGTGAAGGTACAAT.1",1
"X1_ATCGTGAAGTGGTCAG.1",6
"X1_ATCGTGACAACCGCCA.1",3
"X1_ATCGTGAGTCAAACGG.1",3
"X1_ATCGTGAGTGCTAGCC.1",7
"X1_ATCGTGAGTTGACTAC.1",2
"X1_ATCGTGATCTACTATC.1",1000
"X1_ATCTCTAAGAAACCCG.1",7
"X1_ATCTCTAAGACGTCGA.1",1000
"X1_ATCTCTAAGCACTCAT.1",4
"X1_ATCTCTACAGTTAAAG.1",1
"X1_ATCTCTAGTGTCTCCT.1",8
"X1_ATCTCTAGTTGTATGC.1",1
"X1_ATCTCTATCAAAGAAC.1",2
"X1_ATCTCTATCGATTGAC.1",7
"X1_ATCTCTATCTCATGCC.1",4
"X1_ATCTTCAAGCCGATCC.1",4
"X1_ATCTTCAAGGGCAACT.1",6
"X1_ATCTTCAAGGTCTGGA.1",5
"X1_ATCTTCACACAACGTT.1",7
"X1_ATCTTCACAGGATCTT.1",6
"X1_ATCTTCACAGGTAGTG.1",1000
"X1_ATCTTCAGTACGCGTC.1",3
"X1_ATCTTCAGTATGGTAA.1",4
"X1_ATCTTCAGTCGCTCGA.1",3
"X1_ATCTTCAGTGGCAGAT.1",5
"X1_ATCTTCAGTTAAACAG.1",6
"X1_ATCTTCATCGTTCCTG.1",6
"X1_ATGAAAGAGCGATGCA.1",7
"X1_ATGAAAGAGCGTATAA.1",7
"X1_ATGAAAGAGGGACAGG.1",3
"X1_ATGAAAGAGTACCGGA.1",3
"X1_ATGAAAGCAGCATGCC.1",1000
"X1_ATGAAAGGTCCCAAAT.1",4
"X1_ATGAAAGGTGCACGCT.1",1
"X1_ATGAAAGGTTGCTCAA.1",2
"X1_ATGAAAGGTTGTGTTG.1",5
"X1_ATGAAAGTCAAGGCTT.1",8
"X1_ATGAAAGTCACTCTTA.1",7
"X1_ATGAAAGTCCATTTCA.1",4
"X1_ATGAAAGTCCTAAGTG.1",1
"X1_ATGAAAGTCCTACACC.1",1
"X1_ATGACCAAGCAGGCAT.1",8
"X1_ATGACCACACAGACGA.1",8
"X1_ATGACCACAGTAACGG.1",5
"X1_ATGACCACATAACAGA.1",5
"X1_ATGACCAGTACAAACA.1",3
"X1_ATGACCAGTAGTACGG.1",4
"X1_ATGACCAGTATCGCGC.1",6
"X1_ATGACCAGTATCTCTT.1",1
"X1_ATGACCAGTGACTAAA.1",1000
"X1_ATGACCAGTGGCAACA.1",1
"X1_ATGACCAGTTGTGTAC.1",3
"X1_ATGACCATCCAACTAG.1",6
"X1_ATGACCATCGTCAGAT.1",5
"X1_ATGACCATCTCACCCA.1",8
"X1_ATGAGGGAGAAATGGG.1",2
"X1_ATGAGGGAGACAGCGT.1",4
"X1_ATGAGGGAGAGGATCC.1",3
"X1_ATGAGGGAGGGTGGGA.1",2
"X1_ATGAGGGCACATACGT.1",2
"X1_ATGAGGGCATGTCAGT.1",8
"X1_ATGAGGGGTCATAGTC.1",4
"X1_ATGAGGGGTCTGTAAC.1",3
"X1_ATGAGGGGTTACTCAG.1",4
"X1_ATGAGGGTCACTCCGT.1",1
"X1_ATGAGGGTCCGAGATT.1",7
"X1_ATGAGGGTCGAACGGA.1",7
"X1_ATGAGTCAGGCCTTGC.1",8
"X1_ATGAGTCCAACAGCTT.1",5
"X1_ATGAGTCCAACGACTT.1",6
"X1_ATGAGTCCACATACGT.1",2
"X1_ATGAGTCCATACAGAA.1",4
"X1_ATGAGTCGTTCGAAGG.1",6
"X1_ATGAGTCGTTTCAGAC.1",3
"X1_ATGAGTCTCAAGGCTT.1",8
"X1_ATGAGTCTCTTTGGAG.1",4
"X1_ATGATCGAGACAGCGT.1",2
"X1_ATGATCGAGCCAGACA.1",2
"X1_ATGATCGAGGGACACT.1",4
"X1_ATGATCGAGGTCGTCC.1",5
"X1_ATGATCGCAGACAAGC.1",1
"X1_ATGATCGCAGCGTTTA.1",5
"X1_ATGATCGCATGGGCAA.1",6
"X1_ATGATCGGTAGTGATA.1",4
"X1_ATGATCGTCTTACGGA.1",8
"X1_ATGCATGCAACAAGTA.1",1000
"X1_ATGCATGCACATACTG.1",2
"X1_ATGCATGCACGCGCAT.1",1000
"X1_ATGCATGCAGCGACAA.1",3
"X1_ATGCATGCATTAGGAA.1",8
"X1_ATGCATGCATTGACCA.1",7
"X1_ATGCATGGTGCCCTTT.1",7
"X1_ATGCATGGTGCGGCTT.1",5
"X1_ATGCATGGTGTTCAGT.1",8
"X1_ATGCATGTCGGACTTA.1",3
"X1_ATGCCTCCAACATCGT.1",7
"X1_ATGCCTCCACACCGAC.1",4
"X1_ATGCCTCCACTCCACT.1",6
"X1_ATGCCTCCAGTAGAAT.1",3
"X1_ATGCCTCCATAGTCGT.1",5
"X1_ATGCCTCGTAACGCGA.1",2
"X1_ATGCCTCGTACAGTCT.1",5
"X1_ATGCCTCGTCGCATCG.1",5
"X1_ATGCCTCGTGGTATGG.1",8
"X1_ATGCCTCTCATGCCGG.1",8
"X1_ATGCCTCTCTCTATAC.1",7
"X1_ATGCGATAGAACTGAT.1",3
"X1_ATGCGATAGCTTCGTA.1",3
"X1_ATGCGATAGGATAATC.1",4
"X1_ATGCGATAGGTACTGG.1",2
"X1_ATGCGATAGTTGCGCC.1",7
"X1_ATGCGATCAACTGGTT.1",2
"X1_ATGCGATCACCCTAGG.1",5
"X1_ATGCGATCATATGAAG.1",1
"X1_ATGCGATCATCCGCGA.1",7
"X1_ATGCGATGTACGATGG.1",7
"X1_ATGCGATGTGCGTTTA.1",4
"X1_ATGCGATTCAAGGCTT.1",5
"X1_ATGCGATTCAGGCGAA.1",5
"X1_ATGGAGGAGAAGGCTC.1",1
"X1_ATGGAGGAGCGGTAGT.1",5
"X1_ATGGAGGAGTCACTAC.1",2
"X1_ATGGAGGCATGGTACT.1",8
"X1_ATGGAGGGTGTTCATG.1",7
"X1_ATGGAGGGTTGGATCT.1",2
"X1_ATGGAGGTCGAACGCC.1",5
"X1_ATGGATCAGAGCTGAC.1",8
"X1_ATGGATCAGCGATGAC.1",8
"X1_ATGGATCAGGCTTAAA.1",3
"X1_ATGGATCAGGGACCAT.1",5
"X1_ATGGATCCAAGTGCTT.1",6
"X1_ATGGATCCACTGTTCC.1",5
"X1_ATGGATCCACTTTAGG.1",2
"X1_ATGGATCCATTCTCCG.1",7
"X1_ATGGATCGTACCCAGC.1",3
"X1_ATGGATCGTAGGATAT.1",2
"X1_ATGGATCGTATTTCCT.1",4
"X1_ATGGATCGTCGCATTA.1",7
"X1_ATGGATCGTGTATACC.1",2
"X1_ATGGATCTCCTACTGC.1",7
"X1_ATGGGAGAGGTATCTC.1",1
"X1_ATGGGAGAGTCGAAAT.1",1
"X1_ATGGGAGAGTTCCTGA.1",6
"X1_ATGGGAGCACCATTCC.1",6
"X1_ATGGGAGCAGCAGTTT.1",5
"X1_ATGGGAGGTCGTCGGT.1",8
"X1_ATGGGAGGTGTGTCGC.1",2
"X1_ATGGGAGGTTAACCTG.1",2
"X1_ATGGGAGTCCCTATTA.1",7
"X1_ATGGGAGTCCGTAGTA.1",3
"X1_ATGGGAGTCCTGCTAC.1",8
"X1_ATGGGAGTCGAACGCC.1",2
"X1_ATGGGAGTCGGAATGG.1",3
"X1_ATGGGTTCAACGCCCA.1",5
"X1_ATGGGTTCATACCACA.1",7
"X1_ATGGGTTGTACCAGAG.1",3
"X1_ATGGGTTGTCATAAAG.1",3
"X1_ATGGGTTGTGCGGCTT.1",4
"X1_ATGGGTTGTTGCAACT.1",7
"X1_ATGGGTTTCCCGAGGT.1",7
"X1_ATGGGTTTCGAAATCC.1",8
"X1_ATGGGTTTCGGCAGTC.1",7
"X1_ATGGGTTTCGGCATCG.1",4
"X1_ATGGGTTTCTACCCAC.1",7
"X1_ATGGGTTTCTGAGCAT.1",5
"X1_ATGGTTGAGATAGTGT.1",4
"X1_ATGGTTGAGCTCGACC.1",1000
"X1_ATGGTTGCAACACACT.1",5
"X1_ATGGTTGCAAGTGGAC.1",4
"X1_ATGGTTGCAGTAGGAC.1",1000
"X1_ATGGTTGGTACAAAGT.1",5
"X1_ATGGTTGGTCCCTAAA.1",2
"X1_ATGGTTGGTTAGGGTG.1",6
"X1_ATGGTTGTCTTTGCTA.1",2
"X1_ATGTCCCAGACGTCGA.1",2
"X1_ATGTCCCAGTGAGTGC.1",1000
"X1_ATGTCCCCAATCTGCA.1",3
"X1_ATGTCCCGTATCAGGG.1",5
"X1_ATGTCCCGTCACTGAT.1",8
"X1_ATGTCCCGTGGGAGAG.1",3
"X1_ATGTCCCGTGTTAGCT.1",4
"X1_ATGTCCCGTTATTCTC.1",6
"X1_ATGTCCCGTTCGAGCC.1",3
"X1_ATGTCCCTCAAATGCC.1",5
"X1_ATGTCCCTCGGAGTAG.1",1
"X1_ATGTCTTAGCGGACAT.1",7
"X1_ATGTCTTAGGCGAACT.1",4
"X1_ATGTCTTAGGCTCTAT.1",1000
"X1_ATGTCTTCAACTGGTT.1",8
"X1_ATGTCTTCAATCTCGA.1",8
"X1_ATGTCTTCAGTAGAGC.1",5
"X1_ATGTCTTCATACACCA.1",5
"X1_ATGTCTTCATTGGCAT.1",7
"X1_ATGTCTTGTACTGAGG.1",3
"X1_ATGTCTTGTCCGTTTC.1",7
"X1_ATGTCTTGTGCAATAA.1",5
"X1_ATGTCTTGTTCGTACA.1",6
"X1_ATGTCTTGTTGCACGC.1",4
"X1_ATGTCTTGTTGCATCA.1",7
"X1_ATGTCTTGTTGGACCC.1",3
"X1_ATGTCTTGTTGTTGTG.1",6
"X1_ATGTCTTTCAAAGGAT.1",1
"X1_ATGTCTTTCCCTGTTG.1",1
"X1_ATGTCTTTCTGAACGT.1",3
"X1_ATTACCTAGATTGATG.1",4
"X1_ATTACCTAGCCTTGAT.1",2
"X1_ATTACCTAGTACGTCT.1",5
"X1_ATTACCTCAAGGAGTC.1",6
"X1_ATTACCTCATGACGTT.1",1
"X1_ATTACCTCATGACTAC.1",3
"X1_ATTACCTCATTGCCTC.1",5
"X1_ATTACCTGTCGCATGC.1",4
"X1_ATTACCTGTGCATGAG.1",8
"X1_ATTACCTTCAGGTAAA.1",8
"X1_ATTACCTTCATTCATC.1",5
"X1_ATTACTCAGACATCAA.1",8
"X1_ATTACTCAGACGGATC.1",1000
"X1_ATTACTCCACTCCGGA.1",7
"X1_ATTACTCCATTGGGAG.1",3
"X1_ATTACTCGTCTGTTAG.1",5
"X1_ATTACTCGTGCATGAG.1",3
"X1_ATTACTCTCATCAGTG.1",6
"X1_ATTACTCTCCCTGGTT.1",5
"X1_ATTACTCTCTCTCAAT.1",2
"X1_ATTATCCAGAGTACCG.1",6
"X1_ATTATCCAGCGCTTCG.1",2
"X1_ATTATCCAGCTCTGTA.1",7
"X1_ATTATCCAGGGCAAGG.1",4
"X1_ATTATCCAGGTCATCT.1",4
"X1_ATTATCCAGTCATACC.1",3
"X1_ATTATCCAGTCCGCCA.1",8
"X1_ATTATCCAGTGGGAAA.1",6
"X1_ATTATCCCAACCGATT.1",4
"X1_ATTATCCCAACGCATT.1",6
"X1_ATTATCCCAATACCCA.1",4
"X1_ATTATCCCACGCGTCA.1",1
"X1_ATTATCCCAGAGAAAG.1",2
"X1_ATTATCCCATGGGATG.1",4
"X1_ATTATCCCATTAGGAA.1",8
"X1_ATTATCCGTCGGCTAC.1",8
"X1_ATTATCCGTCTCAAGT.1",6
"X1_ATTATCCGTGACTCGC.1",1
"X1_ATTATCCTCAACTTTC.1",3
"X1_ATTATCCTCATGACAC.1",5
"X1_ATTATCCTCCATTCAT.1",8
"X1_ATTATCCTCCCTCGTA.1",4
"X1_ATTATCCTCGAATGCT.1",4
"X1_ATTCACTAGCTAGCCC.1",5
"X1_ATTCACTAGCTATCCA.1",6
"X1_ATTCACTAGGTATTGA.1",8
"X1_ATTCACTAGGTTAGTA.1",3
"X1_ATTCACTAGTAATACG.1",4
"X1_ATTCACTAGTCATGCT.1",7
"X1_ATTCACTCAAGATCCT.1",1
"X1_ATTCACTCACTCCTGT.1",8
"X1_ATTCACTCACTCTAGA.1",8
"X1_ATTCACTCAGCGAGTA.1",2
"X1_ATTCACTCATCTGGGC.1",8
"X1_ATTCACTGTAACATGA.1",3
"X1_ATTCACTTCAAGTCTG.1",4
"X1_ATTCACTTCCGATCTC.1",6
"X1_ATTCACTTCCTTATAC.1",1
"X1_ATTCACTTCGCCCAGA.1",1
"X1_ATTCACTTCGTAGCTA.1",7
"X1_ATTCACTTCGTCAACA.1",8
"X1_ATTCACTTCTAGACAC.1",5
"X1_ATTCAGGAGAAGCGAA.1",1
"X1_ATTCAGGAGTGGTTCT.1",5
"X1_ATTCAGGCAACCGCCA.1",8
"X1_ATTCAGGCAATGTGGG.1",5
"X1_ATTCAGGCACCGGTCA.1",3
"X1_ATTCAGGCACCTCTGT.1",2
"X1_ATTCAGGCAGAGGCTA.1",1000
"X1_ATTCAGGCAGCCATTA.1",5
"X1_ATTCAGGGTTGGTGTT.1",6
"X1_ATTCAGGTCAGCTTCC.1",3
"X1_ATTCAGGTCATGAGGG.1",8
"X1_ATTCAGGTCCCAACTC.1",8
"X1_ATTCAGGTCTATACTC.1",8
"X1_ATTCATCAGGGCAGAG.1",2
"X1_ATTCATCAGTAAGAGG.1",7
"X1_ATTCATCAGTTATGGA.1",4
"X1_ATTCATCCACATATCG.1",1000
"X1_ATTCATCCACGCTATA.1",2
"X1_ATTCATCCAGAACCGA.1",1000
"X1_ATTCATCCATCCAATG.1",6
"X1_ATTCATCTCACCTGTC.1",2
"X1_ATTCCATAGCAAGGAA.1",6
"X1_ATTCCATAGCAGCGAT.1",5
"X1_ATTCCATAGGGTTAAT.1",5
"X1_ATTCCATAGGGTTTCT.1",6
"X1_ATTCCATAGGTTATAG.1",2
"X1_ATTCCATCAGTGTACT.1",5
"X1_ATTCCATCATAACCCA.1",1000
"X1_ATTCCATCATGGGTCC.1",4
"X1_ATTCCATCATGTTTGG.1",4
"X1_ATTCCATGTCACGACC.1",8
"X1_ATTCCATGTCGACTGC.1",2
"X1_ATTCCATGTGTGTGGA.1",6
"X1_ATTCCATTCAGCGTCG.1",2
"X1_ATTCCATTCTGGGATT.1",1000
"X1_ATTCCATTCTTCGTAT.1",7
"X1_ATTCCCGAGACGAAGA.1",8
"X1_ATTCCCGAGCAAATCA.1",2
"X1_ATTCCCGAGGTACAGC.1",3
"X1_ATTCCCGAGGTAGCAC.1",8
"X1_ATTCCCGAGGTGCATG.1",2
"X1_ATTCCCGCAACACACT.1",5
"X1_ATTCCCGCAAGCGAAC.1",8
"X1_ATTCCCGCAAGTGGAC.1",2
"X1_ATTCCCGCAGTGGGTA.1",2
"X1_ATTCCCGCATAGGCGA.1",7
"X1_ATTCCCGCATAGTCAC.1",5
"X1_ATTCCCGCATCTGCGG.1",3
"X1_ATTCCCGCATCTTTCA.1",3
"X1_ATTCCCGCATGAGTAA.1",1
"X1_ATTCCCGGTATGTCTG.1",1
"X1_ATTCCCGGTCTCAGAT.1",8
"X1_ATTCCCGTCGGCATTA.1",5
"X1_ATTCCCGTCTGGCCGA.1",4
"X1_ATTCCCGTCTTTCAGT.1",6
"X1_ATTCCTAAGCCAACCC.1",8
"X1_ATTCCTAAGCCGAATG.1",3
"X1_ATTCCTAAGGACATCG.1",5
"X1_ATTCCTAAGTGTACCT.1",3
"X1_ATTCCTACAACATCGT.1",7
"X1_ATTCCTACACACAGAG.1",4
"X1_ATTCCTACAGCCTTCT.1",5
"X1_ATTCCTAGTCTACGAT.1",1
"X1_ATTCCTAGTCTTTCAT.1",7
"X1_ATTCCTAGTGAGATTA.1",8
"X1_ATTCCTAGTGAGTAAT.1",8
"X1_ATTCCTATCGCGTGCA.1",7
"X1_ATTCGTTAGACCGCCT.1",3
"X1_ATTCGTTAGATAGGGA.1",3
"X1_ATTCGTTAGGGAGGTG.1",2
"X1_ATTCGTTAGTGCGCTC.1",3
"X1_ATTCGTTCACAAAGCG.1",2
"X1_ATTCGTTCACGCGCAT.1",8
"X1_ATTCGTTCACGCGTGT.1",5
"X1_ATTCGTTCAGCGTGAA.1",1
"X1_ATTCGTTCATCGGAAG.1",3
"X1_ATTCGTTGTACGGTTT.1",5
"X1_ATTCGTTGTGAACGGT.1",7
"X1_ATTCGTTGTGACTCGC.1",2
"X1_ATTCGTTGTGGTAACG.1",7
"X1_ATTCGTTGTGGTCTGC.1",5
"X1_ATTCGTTGTTTCCAAG.1",4
"X1_ATTCGTTTCACCATCC.1",6
"X1_ATTCGTTTCATACAGC.1",6
"X1_ATTCGTTTCATGCCCT.1",7
"X1_ATTCGTTTCGTGGCGT.1",5
"X1_ATTCGTTTCTGTTCAT.1",5
"X1_ATTCTACAGTTGCTGT.1",6
"X1_ATTCTACCATGGGAAC.1",6
"X1_ATTCTACCATTGACTG.1",2
"X1_ATTCTACGTAGAGCTG.1",3
"X1_ATTCTACTCAGTCAGT.1",4
"X1_ATTCTACTCGCCAGAC.1",7
"X1_ATTCTACTCTGCTAGA.1",5
"X1_ATTCTTGCAGACCATT.1",5
"X1_ATTCTTGCATACAGAA.1",8
"X1_ATTCTTGGTGAGTAGC.1",8
"X1_ATTCTTGTCCGCGATG.1",3
"X1_ATTGGGTAGCATCTTG.1",2
"X1_ATTGGGTAGTGTACCT.1",2
"X1_ATTGGGTCAAGGTACG.1",2
"X1_ATTGGGTCAGAATCGG.1",5
"X1_ATTGGGTCAGTAGGAC.1",2
"X1_ATTGGGTGTCACCACG.1",6
"X1_ATTGGGTGTTATGTGC.1",3
"X1_ATTGGGTTCACCATCC.1",4
"X1_ATTGGGTTCCAACTAG.1",6
"X1_ATTGTTCAGACTTGTC.1",8
"X1_ATTGTTCAGCTTGTGT.1",6
"X1_ATTGTTCCAGGGTCTC.1",1000
"X1_ATTGTTCCATCATTTC.1",6
"X1_ATTGTTCCATTGCAAC.1",1000
"X1_ATTGTTCGTAGTTAGA.1",4
"X1_ATTGTTCGTGGACTGA.1",2
"X1_ATTGTTCGTTCGGCGT.1",7
"X1_ATTGTTCGTTTATGCG.1",7
"X1_ATTGTTCTCCGAGATT.1",6
"X1_ATTGTTCTCGACATTG.1",4
"X1_ATTGTTCTCGAGTGGA.1",6
"X1_ATTGTTCTCGGTATGT.1",7
"X1_ATTTACCAGACAGTCG.1",7
"X1_ATTTACCAGACGAGCT.1",5
"X1_ATTTACCCAAAGGCAC.1",5
"X1_ATTTACCCAAATGCGG.1",7
"X1_ATTTACCCAGCTGCCA.1",1
"X1_ATTTACCCAGCTTCGG.1",6
"X1_ATTTACCCATACAGGG.1",4
"X1_ATTTACCGTCTTAGTG.1",6
"X1_ATTTACCGTTCTATCT.1",2
"X1_ATTTACCTCAGCAATC.1",3
"X1_ATTTACCTCAGCGTCG.1",1
"X1_ATTTACCTCATGCGGC.1",6
"X1_ATTTACCTCGCGCTGA.1",2
"X1_ATTTCACAGCATATGA.1",1
"X1_ATTTCACAGGATACAT.1",6
"X1_ATTTCACAGGCAGTCA.1",8
"X1_ATTTCACCAGCAAGAC.1",1
"X1_ATTTCACCAGCTCGGT.1",5
"X1_ATTTCACCAGTAACAA.1",8
"X1_ATTTCACCAGTGCCTG.1",3
"X1_ATTTCACGTGAGACCA.1",2
"X1_ATTTCACTCGGCATCG.1",5
"X1_ATTTCACTCGTAATGC.1",3
"X1_ATTTCTGAGCCGTAAG.1",1
"X1_ATTTCTGAGCCTGGAA.1",1
"X1_ATTTCTGAGGATACAT.1",5
"X1_ATTTCTGAGTGCGACA.1",3
"X1_ATTTCTGCAATACCCA.1",1000
"X1_ATTTCTGCACGATTCA.1",3
"X1_ATTTCTGGTGAGGATC.1",1000
"X1_ATTTCTGGTGTCTTCC.1",8
"X1_ATTTCTGTCAGCACCG.1",1
"X1_ATTTCTGTCCCTCATG.1",3
"X1_CAAAGAAAGACCGCCT.1",3
"X1_CAAAGAAAGAGAGTGA.1",2
"X1_CAAAGAAAGATTCGAA.1",3
"X1_CAAAGAAAGCACGGAT.1",3
"X1_CAAAGAAAGCCTGTGC.1",8
"X1_CAAAGAAAGCTGGCCT.1",7
"X1_CAAAGAAAGGCAGCTA.1",2
"X1_CAAAGAAAGTACAACA.1",2
"X1_CAAAGAACACCAGGTC.1",5
"X1_CAAAGAAGTATCGTTG.1",2
"X1_CAAAGAAGTATCTTCT.1",4
"X1_CAAAGAAGTCTTGAGT.1",7
"X1_CAAAGAAGTGACCTGC.1",8
"X1_CAAAGAAGTGAGGAAA.1",6
"X1_CAAAGAAGTGATATAG.1",5
"X1_CAAAGAATCCAAGCAT.1",6
"X1_CAAAGAATCGATTGGT.1",5
"X1_CAAAGAATCGGCTGGT.1",3
"X1_CAAAGAATCTACCCAC.1",2
"X1_CAAAGAATCTGCTTAT.1",8
"X1_CAACAACAGACATACA.1",8
"X1_CAACAACAGAGGGCGA.1",3
"X1_CAACAACAGCGAGGAG.1",3
"X1_CAACAACAGGTATCTC.1",1000
"X1_CAACAACAGTGTACAA.1",4
"X1_CAACAACCAAACCATC.1",1000
"X1_CAACAACCAGGCTACC.1",2
"X1_CAACAACCATGTGGCC.1",2
"X1_CAACAACGTGATGTAA.1",3
"X1_CAACAACGTGTTGCCG.1",1
"X1_CAACAACTCATTCATC.1",2
"X1_CAACAACTCGGAAGGT.1",1
"X1_CAACAACTCGGTTAGT.1",8
"X1_CAACAGTAGCCGAACA.1",1000
"X1_CAACAGTAGGCCTAAG.1",2
"X1_CAACAGTCAACTGATC.1",4
"X1_CAACAGTCAAGGGCAT.1",1
"X1_CAACAGTCAATCGCCG.1",2
"X1_CAACAGTCAGCTACCG.1",3
"X1_CAACAGTCATTGCTGA.1",1000
"X1_CAACAGTGTGTCGCTG.1",3
"X1_CAACAGTGTTCGTTCC.1",7
"X1_CAACAGTTCTATTGTC.1",3
"X1_CAACCAAAGCAGATAT.1",7
"X1_CAACCAAAGCGATGGT.1",6
"X1_CAACCAAAGTCAAGCG.1",1000
"X1_CAACCAAAGTGGGAAA.1",8
"X1_CAACCAACAACACGTT.1",1000
"X1_CAACCAAGTGGTACAG.1",5
"X1_CAACCAAGTTAAACCC.1",2
"X1_CAACCAAGTTCCGCGA.1",7
"X1_CAACCAAGTTGGGAAC.1",2
"X1_CAACCTCAGATCACCT.1",2
"X1_CAACCTCAGCTTGTGT.1",5
"X1_CAACCTCAGGATATGT.1",4
"X1_CAACCTCAGGTAGATT.1",7
"X1_CAACCTCAGGTCGACA.1",3
"X1_CAACCTCCACACGCCA.1",1
"X1_CAACCTCCACGCGGTT.1",5
"X1_CAACCTCCAGATCATC.1",8
"X1_CAACCTCCATGCCGCA.1",2
"X1_CAACCTCGTATGAGCG.1",4
"X1_CAACCTCGTGAGCTCC.1",6
"X1_CAACCTCGTGCATCTA.1",2
"X1_CAACCTCGTTGTGTTG.1",3
"X1_CAACCTCTCTATTCGT.1",3
"X1_CAACCTCTCTCTCGCA.1",6
"X1_CAACCTCTCTTGATTC.1",8
"X1_CAACGATCAAACACGG.1",6
"X1_CAACGATCAACTCATG.1",4
"X1_CAACGATCAACTGCCG.1",8
"X1_CAACGATCACGAGGAT.1",3
"X1_CAACGATCAGTGGTGA.1",2
"X1_CAACGATGTACTGACT.1",6
"X1_CAACGATGTATCTTCT.1",7
"X1_CAACGATGTATTGCCA.1",7
"X1_CAACGATGTGGGATTG.1",2
"X1_CAACGATTCCACCTGT.1",5
"X1_CAACGATTCCCTGTTG.1",8
"X1_CAACGATTCGACACCG.1",4
"X1_CAACGATTCTTGGCTC.1",7
"X1_CAACGGCCAGGTACGA.1",6
"X1_CAACGGCCATAGATCC.1",8
"X1_CAACGGCCATAGGCGA.1",8
"X1_CAACGGCGTACCCACG.1",5
"X1_CAACGGCGTACTAAGA.1",4
"X1_CAACGGCGTATACCTG.1",8
"X1_CAACGGCGTATCGTGT.1",5
"X1_CAACGGCTCCATTTAC.1",1000
"X1_CAACGGCTCTAGATCG.1",8
"X1_CAAGACTAGACCTTTG.1",8
"X1_CAAGACTAGCATTTCG.1",2
"X1_CAAGACTAGCCTGTCG.1",1000
"X1_CAAGACTCATCGCTAA.1",3
"X1_CAAGACTCATCTCATT.1",6
"X1_CAAGACTCATTGGGAG.1",8
"X1_CAAGACTGTACAAAGT.1",2
"X1_CAAGACTGTCGATGCC.1",4
"X1_CAAGACTGTCTGTGCG.1",5
"X1_CAAGACTGTGACTGAG.1",3
"X1_CAAGACTGTTAGGGTG.1",1000
"X1_CAAGACTTCCCATAAG.1",1000
"X1_CAAGAGGAGAAATCCA.1",5
"X1_CAAGAGGAGACAGCTG.1",4
"X1_CAAGAGGAGCGATGCA.1",3
"X1_CAAGAGGAGGATTTCC.1",6
"X1_CAAGAGGAGTTCATGC.1",5
"X1_CAAGAGGAGTTGCTGT.1",4
"X1_CAAGAGGCAAATACAG.1",6
"X1_CAAGAGGCACAAATGA.1",1
"X1_CAAGAGGCACACCTAA.1",8
"X1_CAAGAGGCACTCTAGA.1",7
"X1_CAAGAGGGTATCTTCT.1",3
"X1_CAAGAGGGTCATCGGC.1",1
"X1_CAAGAGGGTCGGAACA.1",1000
"X1_CAAGAGGGTCTCCCTA.1",5
"X1_CAAGAGGGTTAAGACA.1",8
"X1_CAAGAGGTCAAGGCTT.1",1
"X1_CAAGAGGTCATATGGC.1",1
"X1_CAAGCTAAGAAAGCGA.1",4
"X1_CAAGCTAAGCACACCC.1",7
"X1_CAAGCTAAGCTGCCTG.1",4
"X1_CAAGCTAAGGCCATAG.1",1
"X1_CAAGCTAAGGTAATCA.1",1000
"X1_CAAGCTAAGTTAGAAC.1",8
"X1_CAAGCTACAAGTATAG.1",7
"X1_CAAGCTACAATGTCAC.1",3
"X1_CAAGCTACAGCCTACG.1",6
"X1_CAAGCTACAGCTGAGA.1",3
"X1_CAAGCTAGTCAAAGTA.1",5
"X1_CAAGCTAGTCATATGC.1",6
"X1_CAAGCTATCCTAGCGG.1",3
"X1_CAAGCTATCGAATGCT.1",8
"X1_CAAGGGAAGCGATGCA.1",6
"X1_CAAGGGAAGTAGGAAG.1",4
"X1_CAAGGGACAAATCAGA.1",5
"X1_CAAGGGACAAGGATGC.1",5
"X1_CAAGGGACACCAACAT.1",8
"X1_CAAGGGACATGCAGGA.1",8
"X1_CAAGGGAGTAATTGGA.1",6
"X1_CAAGGGAGTTTACGTG.1",7
"X1_CAAGGGAGTTTGACAC.1",1
"X1_CAAGGGATCACGAGGA.1",1000
"X1_CAAGGGATCCTATGGA.1",8
"X1_CAAGGGATCTGAACGT.1",8
"X1_CAAGGGATCTTTGCGC.1",8
"X1_CAATACGAGAATGTTG.1",3
"X1_CAATACGAGACTGAGC.1",3
"X1_CAATACGAGACTGTTC.1",7
"X1_CAATACGCAATCCTAG.1",5
"X1_CAATACGCACAGAAGC.1",4
"X1_CAATACGCAGACAATA.1",5
"X1_CAATACGGTAACGCGA.1",7
"X1_CAATACGGTAGATTGA.1",7
"X1_CAATACGGTTAGGCCC.1",6
"X1_CAATACGGTTGGCTAT.1",4
"X1_CAATACGGTTTCGATG.1",5
"X1_CAATACGTCGATGGAG.1",6
"X1_CAATACGTCTAGCCAA.1",5
"X1_CAATACGTCTTCCCAG.1",8
"X1_CAATCGAAGACATGCG.1",3
"X1_CAATCGAAGCCTATTG.1",8
"X1_CAATCGAAGGTTCTAC.1",8
"X1_CAATCGAAGTCGGGAT.1",6
"X1_CAATCGACACCGTGGT.1",2
"X1_CAATCGACACGTAACT.1",3
"X1_CAATCGACAGAATTCC.1",5
"X1_CAATCGACATGACGGA.1",5
"X1_CAATCGACATGCTGCG.1",1000
"X1_CAATCGAGTCGACGCT.1",3
"X1_CAATCGAGTCTGATAC.1",4
"X1_CAATCGAGTGCGGCTT.1",3
"X1_CAATCGAGTGGATTTC.1",1
"X1_CAATCGAGTTGGATCT.1",5
"X1_CAATCGATCAACACGT.1",1000
"X1_CAATCGATCACCATCC.1",7
"X1_CAATCGATCACCTCGT.1",2
"X1_CAATCGATCCGCGATG.1",4
"X1_CAATCGATCGCAGAGA.1",3
"X1_CAATGACAGAGTCACG.1",5
"X1_CAATGACAGCGGGTTA.1",5
"X1_CAATGACCAACTCATG.1",6
"X1_CAATGACCAAGAGCTG.1",4
"X1_CAATGACCAAGTTTGC.1",3
"X1_CAATGACCAATTAGGA.1",6
"X1_CAATGACCAGCTGAAG.1",4
"X1_CAATGACGTATCGTGT.1",6
"X1_CAATGACGTATTTCGG.1",5
"X1_CAATGACGTCCGGTGT.1",6
"X1_CAATGACGTCCTACGG.1",5
"X1_CAATGACGTCGCACAC.1",1000
"X1_CAATGACTCACCCATC.1",7
"X1_CAATGACTCAGGACAG.1",1000
"X1_CAATGACTCCCATGGG.1",5
"X1_CAATGACTCTCCCATG.1",4
"X1_CAATTTCAGCAGAAAG.1",8
"X1_CAATTTCAGCAGCACA.1",3
"X1_CAATTTCAGGACGCTA.1",3
"X1_CAATTTCAGTACCATC.1",1
"X1_CAATTTCAGTAGAATC.1",4
"X1_CAATTTCCAAATGGAT.1",1000
"X1_CAATTTCGTAACCCGC.1",1
"X1_CAATTTCGTACTCAAC.1",2
"X1_CAATTTCGTCTCCCTA.1",8
"X1_CAATTTCTCACTCACC.1",8
"X1_CAATTTCTCCCTCTAG.1",7
"X1_CAATTTCTCGGATTAC.1",3
"X1_CAATTTCTCTGTCTCG.1",2
"X1_CACAACAAGATACTGA.1",7
"X1_CACAACAAGCTCCGAC.1",8
"X1_CACAACAAGGCGCTTC.1",8
"X1_CACAACAAGTTACTCG.1",5
"X1_CACAACACAGGTCAGA.1",4
"X1_CACAACAGTATCGTGT.1",7
"X1_CACAACAGTCATAGTC.1",2
"X1_CACAACAGTCGTTCAA.1",4
"X1_CACAACAGTGTCCTAA.1",6
"X1_CACAACAGTTGGACCC.1",6
"X1_CACAACATCCATCGTC.1",2
"X1_CACAACATCGTAGCTA.1",1000
"X1_CACAACATCTTCTGGC.1",1000
"X1_CACACAAAGGCATGCA.1",2
"X1_CACACAAAGTCACGCC.1",3
"X1_CACACAACAAATGCTC.1",6
"X1_CACACAACAAGGTTGG.1",7
"X1_CACACAACACCAGTAT.1",5
"X1_CACACAAGTAACTTCG.1",1000
"X1_CACACAAGTAGCTAAA.1",1000
"X1_CACACAAGTAGCTTTG.1",5
"X1_CACACAAGTCTTTCTA.1",7
"X1_CACACAAGTGAAGCGT.1",6
"X1_CACACAATCATGCAGT.1",2
"X1_CACACAATCCGTAATG.1",3
"X1_CACACAATCGCTAATG.1",3
"X1_CACACAATCTCATTAC.1",2
"X1_CACAGATAGCATTGAA.1",4
"X1_CACAGATCACACCTGG.1",7
"X1_CACAGATCACGACGAA.1",3
"X1_CACAGATCACGCTGCA.1",2
"X1_CACAGATGTATTAAGG.1",5
"X1_CACAGATGTCATAACC.1",7
"X1_CACAGATGTGGATTTC.1",8
"X1_CACAGGCAGATGACCG.1",3
"X1_CACAGGCAGGTGAGCT.1",1
"X1_CACAGGCAGTCTGGTT.1",8
"X1_CACAGGCCAAGTGTCT.1",6
"X1_CACAGGCCACGACGCT.1",2
"X1_CACAGGCCAGGTGTTT.1",1
"X1_CACAGGCGTATGTCAC.1",7
"X1_CACAGGCTCACCCTCA.1",7
"X1_CACAGGCTCCTTCACG.1",6
"X1_CACAGGCTCGTTGTTT.1",7
"X1_CACATGAAGCCAGTAG.1",2
"X1_CACATGACAACTCATG.1",1000
"X1_CACATGACAACTTGGT.1",8
"X1_CACATGAGTAAGCAAT.1",7
"X1_CACATGAGTACAGTCT.1",2
"X1_CACATGAGTCGTGCCA.1",1
"X1_CACATGATCAAGCTGT.1",2
"X1_CACATGATCACAGTGT.1",4
"X1_CACCAAAAGACGACTG.1",8
"X1_CACCAAAAGATTGCGG.1",4
"X1_CACCAAACAAGTCCAT.1",4
"X1_CACCAAACACCCTGTT.1",2
"X1_CACCAAACAGAGTGAC.1",2
"X1_CACCAAAGTCCAGTTA.1",7
"X1_CACCAAAGTGTTGATC.1",8
"X1_CACCAAATCCAGGACC.1",2
"X1_CACCAAATCCGTATAG.1",7
"X1_CACCAAATCTCTCAAT.1",2
"X1_CACCAAATCTCTCGAC.1",1
"X1_CACCAAATCTGGCCGA.1",8
"X1_CACCGTTAGAGCATTA.1",1000
"X1_CACCGTTAGCAACAGC.1",2
"X1_CACCGTTAGCAGGCAT.1",1
"X1_CACCGTTAGGCTAAAT.1",6
"X1_CACCGTTAGTTTAGGA.1",2
"X1_CACCGTTCACGCTTAA.1",8
"X1_CACCGTTGTAACGATA.1",5
"X1_CACCGTTGTCTAGGCC.1",7
"X1_CACCGTTGTTGTTGCA.1",7
"X1_CACCGTTTCACATACG.1",2
"X1_CACCGTTTCCCGAATA.1",2
"X1_CACCGTTTCCTTCAGC.1",3
"X1_CACCGTTTCTGCCCTA.1",3
"X1_CACGAATAGACGGTTG.1",3
"X1_CACGAATCAGTTGTCA.1",3
"X1_CACGAATGTACCGTGC.1",2
"X1_CACGAATGTAGGCTCC.1",8
"X1_CACGAATGTGATTCAC.1",6
"X1_CACGAATTCGGACTTA.1",3
"X1_CACGGGTAGACCTCAT.1",1
"X1_CACGGGTAGATTGAGT.1",2
"X1_CACGGGTAGGATTACA.1",4
"X1_CACGGGTCACCGGTCA.1",1
"X1_CACGGGTCATTCGATG.1",2
"X1_CACGGGTGTAATTAGG.1",1
"X1_CACGGGTTCGTGGGAA.1",7
"X1_CACGTGGCAGTTAGGG.1",1000
"X1_CACGTGGCATGACTTG.1",2
"X1_CACGTGGCATTCCTCG.1",3
"X1_CACGTGGGTCTGTAAC.1",3
"X1_CACGTGGGTCTTTCAT.1",2
"X1_CACGTGGTCGCTACAA.1",8
"X1_CACGTTCCACGTGTGC.1",1000
"X1_CACGTTCCATGAGAAT.1",3
"X1_CACGTTCGTCAAGTTC.1",1
"X1_CACGTTCGTCACTTAG.1",6
"X1_CACGTTCGTTGCACGC.1",8
"X1_CACGTTCTCAAGATAG.1",8
"X1_CACTAAGAGCGTATAA.1",2
"X1_CACTAAGAGTCATCGT.1",2
"X1_CACTAAGCAACACTAC.1",7
"X1_CACTAAGCACCGAATT.1",6
"X1_CACTAAGCAGCAAGAC.1",8
"X1_CACTAAGCATACAGAA.1",4
"X1_CACTAAGCATCTCCCA.1",1000
"X1_CACTAAGGTAGCACGA.1",2
"X1_CACTAAGGTCAGACGA.1",3
"X1_CACTAAGGTGAGCAGT.1",6
"X1_CACTAAGGTTCGGGTC.1",5
"X1_CACTAAGTCCGTAGGC.1",6
"X1_CACTAAGTCTACCAGA.1",8
"X1_CACTAAGTCTCAAAGC.1",1000
"X1_CACTGAAAGAGAGTGA.1",4
"X1_CACTGAAAGCCGCTTG.1",8
"X1_CACTGAAAGTAATACG.1",2
"X1_CACTGAAAGTCACTAC.1",4
"X1_CACTGAAAGTTAGTGA.1",3
"X1_CACTGAACAGACGGAT.1",6
"X1_CACTGAACAGAGTCTT.1",4
"X1_CACTGAACATAAGATG.1",3
"X1_CACTGAAGTCCTCCAT.1",5
"X1_CACTGAAGTGCAGATG.1",5
"X1_CACTGAATCACCCATC.1",8
"X1_CACTGGGAGAGCATTA.1",1000
"X1_CACTGGGAGCTGCGAA.1",8
"X1_CACTGGGAGCTGTACT.1",8
"X1_CACTGGGAGGCTTAAA.1",6
"X1_CACTGGGCAACCGATT.1",8
"X1_CACTGGGCAAGTCGTT.1",4
"X1_CACTGGGCAATCAAGA.1",6
"X1_CACTGGGCATAAGCGG.1",1
"X1_CACTGGGGTACGCTTA.1",8
"X1_CACTGGGGTCATCACA.1",4
"X1_CACTGGGGTGAATGAT.1",4
"X1_CACTGGGTCCTACTGC.1",3
"X1_CACTGGGTCTTCGCTG.1",6
"X1_CACTGTCAGACATGCG.1",5
"X1_CACTGTCAGAGAGAAC.1",4
"X1_CACTGTCAGCAGTACG.1",5
"X1_CACTGTCAGCGACAGT.1",8
"X1_CACTGTCAGGAACGAA.1",3
"X1_CACTGTCAGTAGCATA.1",8
"X1_CACTGTCCAATCCTAG.1",5
"X1_CACTGTCCATGACGAG.1",2
"X1_CACTGTCGTACTCGTA.1",6
"X1_CACTGTCGTCATGACT.1",3
"X1_CACTGTCGTCTTCTAT.1",3
"X1_CACTGTCGTTAAGACA.1",2
"X1_CACTGTCTCAGATTGC.1",2
"X1_CACTGTCTCGACCAAT.1",1
"X1_CACTGTCTCGCATAGT.1",7
"X1_CACTGTCTCGTGTCAA.1",6
"X1_CACTTCGAGGTTGAGC.1",5
"X1_CACTTCGAGTCTTCGA.1",5
"X1_CACTTCGCAACAAGAT.1",4
"X1_CACTTCGCAAGCGAAC.1",3
"X1_CACTTCGCACCGCTAG.1",5
"X1_CACTTCGGTAGATTGA.1",3
"X1_CACTTCGGTCGTACTA.1",6
"X1_CACTTCGGTGTATTCG.1",6
"X1_CACTTCGGTGTTCGAT.1",8
"X1_CACTTCGGTTGAGGAC.1",7
"X1_CACTTCGTCCATTTCA.1",1
"X1_CACTTCGTCCCATACC.1",4
"X1_CACTTCGTCGGTAGGA.1",4
"X1_CAGAGCCAGAGCCGTA.1",5
"X1_CAGAGCCAGCTCCGAC.1",4
"X1_CAGAGCCAGGTGGCTA.1",2
"X1_CAGAGCCAGGTTACAA.1",3
"X1_CAGAGCCCAAGTCGTT.1",1
"X1_CAGAGCCCACAACCGC.1",3
"X1_CAGAGCCCACGTATAC.1",3
"X1_CAGAGCCGTACCAATC.1",5
"X1_CAGAGCCGTCTTCATT.1",3
"X1_CAGAGCCGTTAATCGC.1",6
"X1_CAGAGCCTCCCACAGG.1",8
"X1_CAGAGCCTCGGCCCAA.1",8
"X1_CAGATACAGCGTACAG.1",5
"X1_CAGATACAGCGTCTCG.1",2
"X1_CAGATACAGGATGCGT.1",6
"X1_CAGATACAGGGAGGGT.1",6
"X1_CAGATACCAGAGTTGG.1",2
"X1_CAGATACCAGATAAAC.1",3
"X1_CAGATACCATAGGTTC.1",8
"X1_CAGATACCATTCTCTA.1",3
"X1_CAGATACGTACCCGCA.1",3
"X1_CAGATACGTGAATGAT.1",7
"X1_CAGATACGTTACCCAA.1",5
"X1_CAGATACGTTCTAACG.1",6
"X1_CAGATACTCAGTCACA.1",1000
"X1_CAGATACTCGTTCATT.1",5
"X1_CAGATCAAGAGGCCAT.1",1
"X1_CAGATCAAGAGGGTAA.1",1
"X1_CAGATCAAGAGTCACG.1",3
"X1_CAGATCAAGATGCTTC.1",6
"X1_CAGATCACAAACACCT.1",6
"X1_CAGATCACAGGTGTTT.1",7
"X1_CAGATCACAGTGACCC.1",1
"X1_CAGATCACATGACGAG.1",1000
"X1_CAGATCAGTAACAAGT.1",5
"X1_CAGATCAGTGGCTTAT.1",3
"X1_CAGATCATCAGTCAGT.1",7
"X1_CAGATCATCCATTGGA.1",3
"X1_CAGATCATCCGCGAGT.1",7
"X1_CAGATCATCGATCCCT.1",4
"X1_CAGATCATCGTAGTGT.1",3
"X1_CAGATCATCTGAGATC.1",5
"X1_CAGATTGAGCTAAGTA.1",3
"X1_CAGATTGAGGCTTTCA.1",3
"X1_CAGATTGCAAATCGTC.1",3
"X1_CAGATTGCAGCCATTA.1",3
"X1_CAGATTGCAGCGTTTA.1",1
"X1_CAGATTGCAGGTGGAT.1",2
"X1_CAGATTGGTGCCGGTT.1",5
"X1_CAGATTGGTGCGAACA.1",1
"X1_CAGATTGGTGTTCAGT.1",6
"X1_CAGATTGGTTCTCTCG.1",4
"X1_CAGCAATAGACTACCT.1",7
"X1_CAGCAATAGTCTCTGA.1",5
"X1_CAGCAATCAGAATTCC.1",3
"X1_CAGCAATCAGTCTGGC.1",4
"X1_CAGCAATGTATTCTCT.1",6
"X1_CAGCAATGTCAATCTG.1",1
"X1_CAGCAATGTTCCTAGA.1",1
"X1_CAGCAATGTTGCTCCT.1",1000
"X1_CAGCAATTCAGGAAAT.1",3
"X1_CAGCAATTCATCACCC.1",2
"X1_CAGCAATTCATGGTAC.1",1
"X1_CAGCAATTCCTCTTTC.1",4
"X1_CAGCAATTCGACATCA.1",5
"X1_CAGCAATTCGCTCATC.1",2
"X1_CAGCAATTCTTCTAAC.1",6
"X1_CAGCACGAGAAAGTCT.1",5
"X1_CAGCACGAGAGGATCC.1",1
"X1_CAGCACGAGATAGCAT.1",8
"X1_CAGCACGAGGGCAGAG.1",2
"X1_CAGCACGCACAGTCGC.1",7
"X1_CAGCACGGTACGCGTC.1",5
"X1_CAGCACGGTCCCAAAT.1",6
"X1_CAGCACGGTGATACAA.1",6
"X1_CAGCACGTCAAATGAG.1",2
"X1_CAGCACGTCCACTTTA.1",2
"X1_CAGCACGTCCATATGG.1",6
"X1_CAGCAGCAGCACTCGC.1",3
"X1_CAGCAGCAGCCTGAAG.1",4
"X1_CAGCAGCAGGTAAGTT.1",6
"X1_CAGCAGCCAAGAATAC.1",4
"X1_CAGCAGCCACAAACGG.1",5
"X1_CAGCAGCCACAACCGC.1",4
"X1_CAGCAGCCACAGACGA.1",4
"X1_CAGCAGCCACTGAGTT.1",5
"X1_CAGCAGCCACTTCATT.1",2
"X1_CAGCAGCCAGATAAAC.1",7
"X1_CAGCAGCGTCGGCTAC.1",8
"X1_CAGCAGCGTTCAACGT.1",4
"X1_CAGCAGCGTTGCGGCT.1",5
"X1_CAGCAGCTCCTTACCG.1",3
"X1_CAGCAGCTCTTCACAT.1",2
"X1_CAGCCAGCAAATGATG.1",4
"X1_CAGCCAGCAGACCAGA.1",2
"X1_CAGCCAGCAGCGAGTA.1",1000
"X1_CAGCCAGGTCAACCTA.1",2
"X1_CAGCCAGGTTGGATCT.1",1
"X1_CAGCCAGGTTTCCAAG.1",6
"X1_CAGCCAGTCTGGTGCG.1",1000
"X1_CAGCGTGAGCGTCAGA.1",5
"X1_CAGCGTGAGCTCGAAG.1",3
"X1_CAGCGTGAGGCGAAGG.1",8
"X1_CAGCGTGAGGGATCGT.1",8
"X1_CAGCGTGAGGTAGCAC.1",5
"X1_CAGCGTGAGTGTAGTA.1",8
"X1_CAGCGTGCAGGCGAAT.1",4
"X1_CAGCGTGCAGGTTCCG.1",3
"X1_CAGCGTGGTGTGTACT.1",1
"X1_CAGCGTGTCTGGGAGA.1",4
"X1_CAGGCCAAGCCGTTGC.1",7
"X1_CAGGCCAAGGTATAGT.1",3
"X1_CAGGCCACAAGCGCTC.1",3
"X1_CAGGCCACATCGCTAA.1",3
"X1_CAGGCCAGTACGTAGG.1",1000
"X1_CAGGCCAGTCAACCAT.1",2
"X1_CAGGCCAGTGGCTTGC.1",6
"X1_CAGGCCAGTTCTCTAT.1",3
"X1_CAGGCCATCAACTGAC.1",6
"X1_CAGGCCATCGTCAGAT.1",5
"X1_CAGGCCATCTTACCGC.1",5
"X1_CAGGGCTCAATCCAGT.1",1000
"X1_CAGGGCTCACAACGAG.1",3
"X1_CAGGGCTCACAGTACT.1",4
"X1_CAGGGCTGTCACCTTC.1",6
"X1_CAGGGCTGTCGGATTT.1",3
"X1_CAGGTATAGAGAGCAA.1",7
"X1_CAGGTATAGCAGTAAT.1",1000
"X1_CAGGTATAGCCAGTAG.1",5
"X1_CAGGTATAGGTGTGAC.1",8
"X1_CAGGTATAGGTTTACC.1",5
"X1_CAGGTATAGTCCCGGT.1",2
"X1_CAGGTATAGTCCGCGT.1",8
"X1_CAGGTATCAGACAAAT.1",3
"X1_CAGGTATCATTGAGCT.1",4
"X1_CAGGTATGTATCACGT.1",8
"X1_CAGGTATGTATGAAAC.1",5
"X1_CAGGTATGTGTCATCA.1",1
"X1_CAGGTATGTTAAAGTG.1",6
"X1_CAGTGCGAGAGCATCG.1",2
"X1_CAGTGCGAGCACTAGG.1",5
"X1_CAGTGCGAGCCATGCC.1",5
"X1_CAGTGCGAGGCGTCCT.1",4
"X1_CAGTGCGAGGGAGGAC.1",7
"X1_CAGTGCGAGTCCTACA.1",8
"X1_CAGTGCGAGTTACTCG.1",8
"X1_CAGTGCGCAGACAATA.1",2
"X1_CAGTGCGCAGACCTAT.1",8
"X1_CAGTGCGCAGACGCTC.1",7
"X1_CAGTGCGCAGGTTTAC.1",3
"X1_CAGTGCGGTACACTCA.1",4
"X1_CAGTGCGGTCATGCAT.1",6
"X1_CAGTGCGGTGAAGCTG.1",6
"X1_CAGTGCGGTTCGTACA.1",6
"X1_CAGTGCGTCGCACTCT.1",1000
"X1_CAGTGCGTCGCGCTGA.1",2
"X1_CAGTGCGTCGCTCTAC.1",3
"X1_CAGTTAGAGGCCGCTT.1",3
"X1_CAGTTAGAGGTACTGG.1",7
"X1_CAGTTAGAGTACAGCG.1",1000
"X1_CAGTTAGAGTCGGCAA.1",3
"X1_CAGTTAGCAAGGCAAC.1",7
"X1_CAGTTAGCACCAACAT.1",3
"X1_CAGTTAGGTAAGATAC.1",1000
"X1_CAGTTAGTCCGTAATG.1",5
"X1_CAGTTAGTCGCGTGCA.1",5
"X1_CAGTTAGTCTTCACGC.1",3
"X1_CAGTTCCAGAATTGCA.1",7
"X1_CAGTTCCAGCACAAAT.1",1
"X1_CAGTTCCAGCCGTTGC.1",3
"X1_CAGTTCCAGGCGCTCT.1",2
"X1_CAGTTCCAGGTCGCCT.1",6
"X1_CAGTTCCCAGATCCAT.1",3
"X1_CAGTTCCGTCATAGTC.1",5
"X1_CAGTTCCGTTGGAGGT.1",2
"X1_CAGTTCCGTTGGGATG.1",5
"X1_CAGTTCCTCGCAACAT.1",1
"X1_CAGTTCCTCGCGTGCA.1",8
"X1_CAGTTCCTCTGTCGCT.1",3
"X1_CATAAGCCACGTCTCT.1",5
"X1_CATAAGCCAGTCTTCC.1",4
"X1_CATAAGCCATTCAGCA.1",7
"X1_CATAAGCGTAACTGCT.1",7
"X1_CATAAGCGTACTAACC.1",3
"X1_CATAAGCGTCCTTAAG.1",2
"X1_CATAAGCGTCTAGATC.1",1000
"X1_CATAAGCGTGAGCCAA.1",4
"X1_CATAAGCTCAGGTAAA.1",6
"X1_CATAAGCTCCAACTAG.1",2
"X1_CATAAGCTCCCATACC.1",6
"X1_CATAAGCTCCGCACGA.1",3
"X1_CATAAGCTCGCGTCGA.1",6
"X1_CATACAGAGAACTTCC.1",3
"X1_CATACAGCACATCATG.1",8
"X1_CATACAGCACCCAATA.1",3
"X1_CATACAGCAGAACTAA.1",4
"X1_CATACAGCAGACCATT.1",1000
"X1_CATACAGGTGAGATTA.1",6
"X1_CATACAGTCATCGCTC.1",1
"X1_CATACAGTCCATCACC.1",2
"X1_CATACAGTCGAACGGA.1",4
"X1_CATACAGTCTAGTACG.1",2
"X1_CATACAGTCTGGAAGG.1",3
"X1_CATACCCAGACCTCCG.1",5
"X1_CATACCCAGAGTTGCG.1",6
"X1_CATACCCAGTAAACTG.1",5
"X1_CATACCCCAACCGATT.1",1000
"X1_CATACCCCAAGGAGTC.1",8
"X1_CATACCCCACGCGTCA.1",5
"X1_CATACCCCACGTCGGT.1",1000
"X1_CATACCCCAGTCTGGC.1",7
"X1_CATACCCTCGAGTGGA.1",2
"X1_CATACCCTCGGTGCAC.1",1
"X1_CATACCCTCTTTCGAT.1",5
"X1_CATACTTAGGATACAT.1",2
"X1_CATACTTAGTCGCGAA.1",1
"X1_CATACTTCAGCGACAA.1",8
"X1_CATACTTCATAGATCC.1",5
"X1_CATACTTCATCCTATT.1",1000
"X1_CATACTTGTTTACCTT.1",3
"X1_CATACTTTCACCTCAC.1",5
"X1_CATACTTTCCTTATGT.1",5
"X1_CATACTTTCGTGGACC.1",1
"X1_CATAGACAGATAACAC.1",6
"X1_CATAGACCAACTAGAA.1",3
"X1_CATAGACCAGAGTCTT.1",8
"X1_CATAGACTCTAAGGAA.1",5
"X1_CATAGACTCTATCGTT.1",2
"X1_CATAGACTCTTCGATT.1",1
"X1_CATCAAGAGCAAGTGC.1",1
"X1_CATCAAGAGCGGGTAT.1",2
"X1_CATCAAGAGGCGAAGG.1",2
"X1_CATCAAGAGTCCTACA.1",7
"X1_CATCAAGAGTGTTGAA.1",5
"X1_CATCAAGCACGACCTG.1",5
"X1_CATCAAGCAGCTGTGC.1",7
"X1_CATCAAGCATGCAGGA.1",6
"X1_CATCAAGGTCTTACAG.1",4
"X1_CATCAAGGTGGGTTGA.1",5
"X1_CATCAAGTCACCTCGT.1",7
"X1_CATCAAGTCATCAGTG.1",6
"X1_CATCAAGTCGAATCCA.1",8
"X1_CATCAAGTCGACACTA.1",7
"X1_CATCAAGTCGGTGTTA.1",4
"X1_CATCCACAGCCAAGCA.1",8
"X1_CATCCACAGCGTCTGC.1",8
"X1_CATCCACAGGCCACTC.1",7
"X1_CATCCACAGGGCAACT.1",3
"X1_CATCCACAGTAAACGT.1",8
"X1_CATCCACAGTATGACA.1",3
"X1_CATCCACAGTTCCGTA.1",2
"X1_CATCCACCAATGGCCC.1",1
"X1_CATCCACCATGAGGGT.1",3
"X1_CATCCACCATGGCCCA.1",3
"X1_CATCCACGTACCCGAC.1",6
"X1_CATCCACGTCATAACC.1",3
"X1_CATCCACGTGAGTCAG.1",7
"X1_CATCCACGTGGTCAAG.1",1000
"X1_CATCCACGTTACCTTT.1",5
"X1_CATCCACGTTAGCGGA.1",5
"X1_CATCCACGTTGCAAGG.1",2
"X1_CATCCACTCCGAGATT.1",1
"X1_CATCCCACAAACTCGT.1",5
"X1_CATCCCACACACCTGG.1",4
"X1_CATCCCACAGAGTGAC.1",2
"X1_CATCCCACAGCGGTCT.1",1000
"X1_CATCCCACATCCTCAC.1",7
"X1_CATCCCACATCTCAAG.1",7
"X1_CATCCCAGTATTGACC.1",5
"X1_CATCCCAGTGACTATC.1",5
"X1_CATCCCATCCAAGCCG.1",3
"X1_CATCCCATCGCCAATA.1",8
"X1_CATCCCATCTTGGATG.1",5
"X1_CATCCGTAGAGCATTA.1",8
"X1_CATCCGTAGCCAAGGT.1",4
"X1_CATCCGTAGGTTCACT.1",4
"X1_CATCCGTAGTTGTCGT.1",8
"X1_CATCCGTCAACCAGAG.1",7
"X1_CATCCGTCAACCCTCT.1",8
"X1_CATCCGTCAAGACGGT.1",4
"X1_CATCCGTCAAGTGGCA.1",5
"X1_CATCCGTCAGAAGTGC.1",2
"X1_CATCCGTCAGCTCGGT.1",7
"X1_CATCCGTCAGGTTCCG.1",3
"X1_CATCCGTCATCGTCCT.1",8
"X1_CATCCGTGTCACGTGC.1",8
"X1_CATCCGTGTCCTTGTC.1",3
"X1_CATCCGTGTCGCATTA.1",7
"X1_CATCCGTTCCACAAGT.1",1
"X1_CATCCGTTCGTCTCAC.1",6
"X1_CATCCGTTCTTGGTCC.1",2
"X1_CATCGCTCAACTCCCT.1",1000
"X1_CATCGCTCAAGAGGCT.1",3
"X1_CATCGCTGTAACCAGG.1",8
"X1_CATCGCTGTGACCTGC.1",7
"X1_CATCGCTGTGCATGTT.1",5
"X1_CATCGCTGTGTAAATG.1",7
"X1_CATCGCTGTTCTCCTG.1",3
"X1_CATCGGGAGAGAGGGC.1",5
"X1_CATCGGGAGCGACCCT.1",3
"X1_CATCGGGAGCGCCCAT.1",1
"X1_CATCGGGAGGGTCTTT.1",8
"X1_CATCGGGAGGTTACCT.1",8
"X1_CATCGGGAGTAACAGT.1",7
"X1_CATCGGGAGTCAAGCG.1",1
"X1_CATCGGGAGTGCACTT.1",7
"X1_CATCGGGAGTTCATGC.1",6
"X1_CATCGGGCAACCGGAA.1",1000
"X1_CATCGGGCACCCTATC.1",7
"X1_CATCGGGCAGCTTCGG.1",5
"X1_CATCGGGCAGGTATGG.1",8
"X1_CATCGGGCATCCGTTC.1",3
"X1_CATCGGGGTCGACTTA.1",1
"X1_CATCGGGGTTTGACAC.1",1000
"X1_CATCGTCAGACTGTTC.1",1
"X1_CATCGTCAGGGTTAGC.1",5
"X1_CATCGTCAGTGGCGAT.1",7
"X1_CATCGTCCAAGATGGC.1",5
"X1_CATCGTCCAATACGAA.1",7
"X1_CATCGTCCAATTGCGT.1",4
"X1_CATCGTCCATAGTCGT.1",2
"X1_CATCGTCGTATCGGTT.1",3
"X1_CATCGTCGTGAATTAG.1",2
"X1_CATCGTCGTTAACCTG.1",6
"X1_CATCGTCGTTCCATTT.1",2
"X1_CATCGTCGTTTGTTGG.1",8
"X1_CATCGTCTCTGAATGC.1",2
"X1_CATCGTCTCTGTGTGA.1",4
"X1_CATGAGTAGGAGAGTA.1",6
"X1_CATGAGTAGGAGTCTG.1",3
"X1_CATGAGTCAAACTCGT.1",3
"X1_CATGAGTCACGCGGTT.1",3
"X1_CATGAGTGTAGTTACC.1",1
"X1_CATGAGTGTTTAGAGA.1",1
"X1_CATGAGTTCAGCAATC.1",6
"X1_CATGAGTTCAGCTGTA.1",3
"X1_CATGAGTTCCATATGG.1",8
"X1_CATGAGTTCCATCGTC.1",3
"X1_CATGAGTTCCGCTAGG.1",7
"X1_CATGAGTTCTCATAGG.1",3
"X1_CATGCAAAGCGCCGTT.1",2
"X1_CATGCAAAGTATGAGT.1",2
"X1_CATGCAAAGTCGAAAT.1",2
"X1_CATGCAAAGTCTGCAT.1",3
"X1_CATGCAACAACATCGT.1",8
"X1_CATGCAACAATAGGGC.1",6
"X1_CATGCAAGTGATTCAC.1",1
"X1_CATGCAAGTTGTAGCT.1",1
"X1_CATGCAAGTTTCACAG.1",5
"X1_CATGCAATCAAATGCC.1",1
"X1_CATGCAATCCCAAGCG.1",4
"X1_CATGCAATCGACATTG.1",1
"X1_CATGCAATCTTCCCGA.1",3
"X1_CATGCCTAGAAGAACG.1",8
"X1_CATGCCTAGAGGTCGT.1",8
"X1_CATGCCTAGGCATCGA.1",1
"X1_CATGCCTAGGTCCCGT.1",3
"X1_CATGCCTAGGTCTACT.1",2
"X1_CATGCCTAGTTGCCTA.1",6
"X1_CATGCCTCAACACGTT.1",7
"X1_CATGCCTCAACGATTC.1",6
"X1_CATGCCTCAAGGTCAG.1",5
"X1_CATGCCTCACGTCGGT.1",2
"X1_CATGCCTCAGATTTCG.1",5
"X1_CATGCCTGTATCCCAA.1",4
"X1_CATGCCTGTGCACGCT.1",1
"X1_CATGCCTGTTTGGAAA.1",8
"X1_CATGCCTTCACGTAGT.1",7
"X1_CATGCCTTCCGGTAAT.1",5
"X1_CATGCCTTCCGTGACG.1",8
"X1_CATGCCTTCGACGCTG.1",6
"X1_CATGCGGAGCACTTTG.1",7
"X1_CATGCGGAGGCTCTAT.1",6
"X1_CATGCGGAGGTCATCT.1",1000
"X1_CATGCGGAGTGATAAC.1",4
"X1_CATGCGGCACAAGTTC.1",3
"X1_CATGCGGCATGAATCC.1",7
"X1_CATGCGGGTATCGAAA.1",4
"X1_CATGCGGGTGTTAGCT.1",6
"X1_CATGCGGTCCGCAACG.1",4
"X1_CATGCGGTCGCGGTAC.1",5
"X1_CATGCGGTCGCTAGCG.1",5
"X1_CATGCGGTCTAGACAC.1",1000
"X1_CATGCGGTCTCATTAC.1",5
"X1_CATGCTCCAAGCGATG.1",8
"X1_CATGCTCCACTGAGGA.1",5
"X1_CATGCTCCAGAGGGTT.1",1
"X1_CATGCTCCATAGAGGC.1",5
"X1_CATGCTCGTAGGGTAC.1",8
"X1_CATGCTCGTTCTCTAT.1",1
"X1_CATGCTCTCAGCGCGT.1",7
"X1_CATGCTCTCATCGTAG.1",5
"X1_CATGCTCTCTAACGCA.1",5
"X1_CATGGATAGCGGTAAC.1",5
"X1_CATGGATAGCTGGCCT.1",3
"X1_CATGGATAGCTGTTCA.1",1
"X1_CATGGATAGGCTGAAC.1",4
"X1_CATGGATAGTCACACT.1",6
"X1_CATGGATCAACGCCCA.1",8
"X1_CATGGATCAAGAGTAT.1",7
"X1_CATGGATCAGAGTCTT.1",2
"X1_CATGGATGTAGAGATT.1",6
"X1_CATGGATGTAGATGTA.1",2
"X1_CATGGATTCTACGCAA.1",2
"X1_CATGGTACAGGCATTT.1",1000
"X1_CATGGTAGTGATATAG.1",3
"X1_CATGGTATCATAAGGA.1",5
"X1_CATGGTATCCTTCTTC.1",1
"X1_CATTCATCAGAGTCAG.1",7
"X1_CATTCATCATAATGAG.1",3
"X1_CATTCATCATCGGATT.1",6
"X1_CATTCATCATGACTAC.1",3
"X1_CATTCATGTAACAAGT.1",3
"X1_CATTCATGTGATAGTA.1",2
"X1_CATTCATGTGCATGAG.1",2
"X1_CATTCATTCACGATAC.1",4
"X1_CATTCATTCCCGTAAA.1",2
"X1_CATTCATTCGCTACGG.1",8
"X1_CATTCATTCGGAATTC.1",7
"X1_CATTCATTCGTACACA.1",3
"X1_CATTCCGAGTAGTCAA.1",3
"X1_CATTCCGCACTGTCCT.1",0
"X1_CATTCCGCATGAAAGT.1",6
"X1_CATTCCGGTCGATTCA.1",6
"X1_CATTCCGGTCGTTGGC.1",2
"X1_CATTCCGGTGAGACCA.1",8
"X1_CATTCCGGTTCACCGG.1",6
"X1_CATTCCGGTTGCCGCA.1",8
"X1_CATTCCGTCAACCTCC.1",5
"X1_CATTCCGTCACAATGC.1",2
"X1_CATTCCGTCAGAGTGG.1",3
"X1_CATTCCGTCCGCACTT.1",7
"X1_CATTCTAAGTCTAGAA.1",5
"X1_CATTCTACAAATTAGG.1",5
"X1_CATTCTACAAGCAGGT.1",8
"X1_CATTCTACATCCAATG.1",5
"X1_CATTCTAGTCAATGGG.1",1
"X1_CATTCTAGTCATAGTC.1",6
"X1_CATTCTAGTTCTAACG.1",3
"X1_CATTCTATCAACACCA.1",3
"X1_CATTCTATCACTAGCA.1",2
"X1_CATTCTATCCAAAGGG.1",1
"X1_CATTCTATCCGATCTC.1",5
"X1_CATTGAGAGGCTTAAA.1",1000
"X1_CATTGAGAGTCTGCAT.1",7
"X1_CATTGAGCACATTGTG.1",5
"X1_CATTGAGGTACCGCGT.1",4
"X1_CATTGAGGTACTAACC.1",3
"X1_CATTGAGGTGTTCATG.1",5
"X1_CATTGAGTCCCTTGGT.1",5
"X1_CATTGAGTCTGAGTCA.1",5
"X1_CATTGAGTCTTCCGTG.1",4
"X1_CATTGCCAGGGCAACT.1",7
"X1_CATTGCCAGTAGGTTA.1",2
"X1_CATTGCCAGTTACGTC.1",5
"X1_CATTGCCCAGATTTCG.1",6
"X1_CATTGCCCATAGAGGC.1",6
"X1_CATTGCCCATTGTAGC.1",5
"X1_CATTGCCGTAGACTGG.1",7
"X1_CATTGCCGTGCAATGG.1",5
"X1_CATTGCCGTTGCCTAA.1",1000
"X1_CATTGCCTCGGAGTAG.1",2
"X1_CATTGTTAGGTGCGAT.1",5
"X1_CATTGTTAGTGCCGAA.1",8
"X1_CATTGTTCAATTGTGC.1",1000
"X1_CATTGTTCACGGTGTC.1",8
"X1_CATTGTTCACTGCTTC.1",5
"X1_CATTGTTCAGGCTTGC.1",2
"X1_CATTGTTCATTAGGAA.1",1
"X1_CATTGTTGTACCAGAG.1",6
"X1_CATTGTTGTTGAGAGC.1",1
"X1_CATTGTTGTTGTGTAC.1",5
"X1_CATTGTTTCCCTCATG.1",5
"X1_CATTGTTTCGAATCCA.1",3
"X1_CATTGTTTCTCACGAA.1",5
"X1_CATTGTTTCTGGGTCG.1",3
"X1_CATTTCAAGAACTTCC.1",1000
"X1_CATTTCAAGTGGTCAG.1",8
"X1_CATTTCACAACTCGAT.1",2
"X1_CATTTCACACAGCTGC.1",4
"X1_CATTTCACACAGTCCG.1",1
"X1_CATTTCACACCAGTAT.1",4
"X1_CATTTCAGTAAGTCAA.1",7
"X1_CATTTCAGTCCAGGTC.1",7
"X1_CATTTCAGTCTCCCTA.1",1000
"X1_CATTTCAGTTTCGTTT.1",2
"X1_CATTTCATCAAGATAG.1",3
"X1_CATTTCATCACTAGCA.1",4
"X1_CATTTCATCATTGGTG.1",8
"X1_CCAAGCGAGCACACCC.1",3
"X1_CCAAGCGAGCCAAGTG.1",3
"X1_CCAAGCGAGGGTCACA.1",6
"X1_CCAAGCGCAAAGTGTA.1",6
"X1_CCAAGCGCAAGACCGA.1",2
"X1_CCAAGCGCACGTCTCT.1",1
"X1_CCAAGCGCAGAGATTA.1",4
"X1_CCAAGCGCAGTAGTGG.1",2
"X1_CCAAGCGCATCATCCC.1",3
"X1_CCAAGCGGTACCCGAC.1",7
"X1_CCAAGCGTCACACCGG.1",8
"X1_CCAAGCGTCTTCCTAA.1",4
"X1_CCAATGACAAACAGGC.1",3
"X1_CCAATGACACTGCATA.1",3
"X1_CCAATGACAGCATACT.1",3
"X1_CCAATGACATGCGTGC.1",1
"X1_CCAATGACATTAGGCT.1",5
"X1_CCAATGAGTAGCGAGT.1",5
"X1_CCAATGAGTAGGTTTC.1",1
"X1_CCAATGAGTCAAGTTC.1",3
"X1_CCAATGAGTCGACGCT.1",5
"X1_CCAATGAGTTATAGCC.1",1000
"X1_CCAATGATCACGGAGA.1",6
"X1_CCAATGATCAGGAAGC.1",2
"X1_CCAATGATCATTGAGC.1",4
"X1_CCAATGATCCGCACTT.1",4
"X1_CCAATGATCGTGGCGT.1",5
"X1_CCAATGATCTACCCAC.1",6
"X1_CCAATTTAGACTGGGT.1",8
"X1_CCAATTTAGATCCAAA.1",3
"X1_CCAATTTAGCTGAAAT.1",2
"X1_CCAATTTAGGAATGTT.1",5
"X1_CCAATTTAGGCTCAAG.1",1
"X1_CCAATTTCATGCCGCA.1",2
"X1_CCAATTTGTCGGTGTC.1",8
"X1_CCAATTTTCCTAAACG.1",2
"X1_CCAATTTTCTAGATCG.1",5
"X1_CCACAAAAGGTACATA.1",1000
"X1_CCACAAAAGTGGCAGT.1",5
"X1_CCACAAACAGTTGAAA.1",3
"X1_CCACAAACATTGAGGG.1",4
"X1_CCACAAAGTTGACGGA.1",7
"X1_CCACAAAGTTGCGAAG.1",3
"X1_CCACAAATCCAAGCTA.1",2
"X1_CCACAAATCCATTGGA.1",3
"X1_CCACAAATCTCTTAAC.1",6
"X1_CCACACTAGGGTATAT.1",2
"X1_CCACACTAGGTACTGG.1",7
"X1_CCACACTAGGTCCCTG.1",6
"X1_CCACACTAGTGTTCCA.1",1000
"X1_CCACACTCAGAGGACT.1",8
"X1_CCACACTCAGCGCGTT.1",6
"X1_CCACACTGTACAGCGA.1",3
"X1_CCACACTGTTCGTAAC.1",8
"X1_CCACACTGTTTGGGTT.1",3
"X1_CCACACTTCACCATCC.1",1000
"X1_CCACACTTCCGATCTC.1",3
"X1_CCACACTTCTCGTGGG.1",6
"X1_CCACCATCAAGTGACG.1",2
"X1_CCACCATCACGACAGA.1",3
"X1_CCACCATCACGTATAC.1",8
"X1_CCACCATCATAACCCA.1",7
"X1_CCACCATCATCCAATG.1",5
"X1_CCACCATGTCACGTGC.1",4
"X1_CCACCATGTCGTTTCC.1",2
"X1_CCACCATGTGCACATT.1",3
"X1_CCACCATTCACTGATG.1",2
"X1_CCACCATTCATTGGTG.1",2
"X1_CCACCATTCCCTTGGT.1",3
"X1_CCACCATTCTAGAACC.1",5
"X1_CCACCATTCTTACTGT.1",1000
"X1_CCACGAGAGATTAGAC.1",1
"X1_CCACGAGAGGTAGCAC.1",5
"X1_CCACGAGCAACGTATC.1",8
"X1_CCACGAGCACGAGGAT.1",7
"X1_CCACGAGCAGTCTTCC.1",7
"X1_CCACGAGCATGGGTCC.1",3
"X1_CCACGAGGTAGACGTG.1",4
"X1_CCACGAGGTGTTTACG.1",8
"X1_CCACGAGGTTCTCACC.1",3
"X1_CCACGAGTCACAACCA.1",2
"X1_CCACGAGTCACCATCC.1",1000
"X1_CCACGAGTCAGTCTTT.1",7
"X1_CCACGAGTCGCCGAGT.1",6
"X1_CCACGAGTCGCTCATC.1",3
"X1_CCACGTTAGCACCTGC.1",1000
"X1_CCACGTTAGCATTGAA.1",3
"X1_CCACGTTAGCGGACAT.1",6
"X1_CCACGTTAGGGTGAAA.1",6
"X1_CCACGTTCAGAGGAAA.1",3
"X1_CCACGTTGTACTGCGC.1",1
"X1_CCACGTTGTCAAGCGA.1",4
"X1_CCACGTTGTCACTCAA.1",5
"X1_CCACGTTGTTGCAACT.1",1
"X1_CCACGTTGTTTGTTGG.1",3
"X1_CCACTTGAGAGAATCT.1",2
"X1_CCACTTGAGATCCAAA.1",6
"X1_CCACTTGAGCTCGAAG.1",8
"X1_CCACTTGAGCTTAAGA.1",2
"X1_CCACTTGAGGCGAAGG.1",4
"X1_CCACTTGCAAAGCTAA.1",1
"X1_CCACTTGCATCGGTTA.1",8
"X1_CCACTTGGTAGGTCAG.1",2
"X1_CCACTTGGTATGATCC.1",7
"X1_CCACTTGGTCCTACAA.1",5
"X1_CCACTTGGTCTAATCG.1",8
"X1_CCACTTGGTTCCTAGA.1",1000
"X1_CCACTTGGTTTGGCTA.1",5
"X1_CCACTTGTCAACTACG.1",1000
"X1_CCACTTGTCACTGATG.1",3
"X1_CCACTTGTCCACGTAA.1",3
"X1_CCACTTGTCGGATAAA.1",7
"X1_CCATAAGCAAAGCAAT.1",1
"X1_CCATAAGCACGACAGA.1",5
"X1_CCATAAGGTCGCATGC.1",1
"X1_CCATAAGTCTGCCTGT.1",1000
"X1_CCATCACCAAGTGGAC.1",1
"X1_CCATCACCAGAGTCAG.1",8
"X1_CCATCACCATAGAAAC.1",4
"X1_CCATCACCATCCGAAT.1",3
"X1_CCATCACCATTCCTAT.1",7
"X1_CCATCACTCGCTACAA.1",6
"X1_CCATCACTCTACTCAT.1",3
"X1_CCCAACTAGAAGCTGC.1",1
"X1_CCCAACTAGAAGGGAT.1",3
"X1_CCCAACTAGCGACCCT.1",3
"X1_CCCAACTAGGCTAGCA.1",4
"X1_CCCAACTCAATACCTG.1",1
"X1_CCCAACTCATCATCCC.1",3
"X1_CCCAACTGTCAGCTTA.1",1
"X1_CCCAACTGTCCGAAGA.1",6
"X1_CCCAACTGTGAGCAGT.1",8
"X1_CCCAACTTCGCGGACT.1",2
"X1_CCCAACTTCTACGGGC.1",5
"X1_CCCATTGAGCATTGTC.1",4
"X1_CCCATTGAGGAACGTC.1",3
"X1_CCCATTGAGTCAACAA.1",5
"X1_CCCATTGAGTGGATTA.1",8
"X1_CCCATTGCAAGTATAG.1",5
"X1_CCCATTGCACGCTGCA.1",2
"X1_CCCATTGCAGTTGAAA.1",6
"X1_CCCATTGTCCAGGACC.1",7
"X1_CCCATTGTCTCTATGT.1",2
"X1_CCCATTGTCTTCGGTC.1",5
"X1_CCCATTGTCTTCGTGC.1",3
"X1_CCCGAAGAGTGTTGTC.1",3
"X1_CCCGAAGAGTTGTAAG.1",8
"X1_CCCGAAGCAATGAAAC.1",3
"X1_CCCGAAGCAGAGTGAC.1",1
"X1_CCCGAAGCAGGTCCCA.1",6
"X1_CCCGAAGGTAACCCGC.1",1
"X1_CCCGAAGGTCAAAGCG.1",3
"X1_CCCGAAGTCTCGCGTT.1",4
"X1_CCCGAAGTCTTGCAGA.1",4
"X1_CCCGGAACATCCGAAT.1",1
"X1_CCCGGAAGTACGATCT.1",7
"X1_CCCGGAATCACATTGG.1",8
"X1_CCCGGAATCCAACCAA.1",3
"X1_CCCGGAATCGCCTATC.1",5
"X1_CCCTAACCAAAGCGTG.1",1000
"X1_CCCTAACCAGCACACC.1",6
"X1_CCCTAACCAGCACGAA.1",4
"X1_CCCTAACGTATAGCTC.1",3
"X1_CCCTAACTCATTCGGA.1",5
"X1_CCCTAACTCCATTCAT.1",3
"X1_CCCTAACTCGAATGCT.1",8
"X1_CCCTCAAAGAGGCGTT.1",2
"X1_CCCTCAAAGGCCCGTT.1",6
"X1_CCCTCAAAGTAGGCCA.1",5
"X1_CCCTCAAAGTTCATGC.1",5
"X1_CCCTCAATCACCATCC.1",7
"X1_CCCTCAATCGGCTGTG.1",5
"X1_CCCTCTCAGAGTCCGA.1",2
"X1_CCCTCTCAGAGTTGCG.1",8
"X1_CCCTCTCAGCCGTAAG.1",5
"X1_CCCTCTCAGTAGAGTT.1",4
"X1_CCCTCTCAGTGTAGAT.1",7
"X1_CCCTCTCGTATCACCA.1",3
"X1_CCCTCTCGTCAGTCCG.1",1
"X1_CCCTCTCGTCTCAGGC.1",8
"X1_CCCTCTCTCCTGGCTT.1",8
"X1_CCCTCTCTCGGAACTT.1",5
"X1_CCCTCTCTCTGCTCTG.1",8
"X1_CCCTCTCTCTTCTAAC.1",2
"X1_CCCTGATAGATAACGT.1",7
"X1_CCCTGATAGCGTGAAC.1",6
"X1_CCCTGATAGGAGAATG.1",3
"X1_CCCTGATAGTTCGCAT.1",8
"X1_CCCTGATCAACAGCCC.1",1000
"X1_CCCTGATCAAGCTCTA.1",1
"X1_CCCTGATCATACAGCT.1",2
"X1_CCCTGATCATCCGGCA.1",5
"X1_CCCTGATCATCTTAGG.1",8
"X1_CCCTGATGTACTGAGG.1",3
"X1_CCCTGATGTAGGTAGC.1",1
"X1_CCCTGATGTCGAAACG.1",6
"X1_CCCTGATGTTCGGTCG.1",4
"X1_CCCTGATTCAATGTCG.1",1
"X1_CCCTGATTCGGTTCAA.1",8
"X1_CCCTGATTCTGGGATT.1",7
"X1_CCCTTAGAGCAAATCA.1",4
"X1_CCCTTAGAGCTGCCTG.1",2
"X1_CCCTTAGAGCTTCTAG.1",8
"X1_CCCTTAGAGGTACAAT.1",3
"X1_CCCTTAGAGTGCAAAT.1",3
"X1_CCCTTAGCAATACCCA.1",5
"X1_CCCTTAGCATACTGAC.1",3
"X1_CCCTTAGCATAGTCGT.1",7
"X1_CCCTTAGGTACCCGAC.1",5
"X1_CCCTTAGGTGCGTTTA.1",7
"X1_CCCTTAGGTTGAGGAC.1",3
"X1_CCCTTAGTCCTACGAA.1",3
"X1_CCCTTAGTCGCATAGT.1",5
"X1_CCCTTAGTCTCTCGCA.1",2
"X1_CCGAACGCAAATCAGA.1",6
"X1_CCGAACGCACACGCCA.1",3
"X1_CCGAACGCACCAAATC.1",2
"X1_CCGAACGCATCAACCA.1",7
"X1_CCGAACGGTACAAGCG.1",1
"X1_CCGAACGGTATGAGAT.1",4
"X1_CCGAACGGTGGTGATG.1",3
"X1_CCGAACGGTTGAATCC.1",4
"X1_CCGAACGTCCCAAGTA.1",2
"X1_CCGAACGTCCCTCAAC.1",4
"X1_CCGAACGTCTCCCTAG.1",5
"X1_CCGAACGTCTGCATAG.1",5
"X1_CCGATCTCACGAAGAC.1",5
"X1_CCGATCTGTGGAAATT.1",8
"X1_CCGATCTGTTCCGCGA.1",5
"X1_CCGATCTTCGACACCG.1",3
"X1_CCGATCTTCGGTGTTA.1",7
"X1_CCGATGGAGACCGCCT.1",1
"X1_CCGATGGAGCTTAGTC.1",5
"X1_CCGATGGAGTCATGCT.1",4
"X1_CCGATGGCAAGAGCTG.1",3
"X1_CCGATGGCAAGTATAG.1",8
"X1_CCGATGGCAATGGGTG.1",4
"X1_CCGATGGCATGACAAA.1",6
"X1_CCGATGGGTAAGAACT.1",2
"X1_CCGATGGGTCAGCTTA.1",1000
"X1_CCGATGGGTGATACTC.1",5
"X1_CCGATGGGTTCTGAGT.1",4
"X1_CCGATGGTCGTAACTG.1",1000
"X1_CCGATGGTCGTACACA.1",2
"X1_CCGCAAGAGCCTAACT.1",7
"X1_CCGCAAGAGGGCGAAG.1",2
"X1_CCGCAAGAGTCTGTAC.1",1000
"X1_CCGCAAGAGTGTTGAA.1",2
"X1_CCGCAAGAGTTAACAG.1",8
"X1_CCGCAAGCAAGATGTA.1",6
"X1_CCGCAAGGTATGAAGT.1",3
"X1_CCGCAAGGTGACCGTC.1",1
"X1_CCGCAAGGTGAGTAGC.1",8
"X1_CCGCAAGGTGGATACG.1",7
"X1_CCGCAAGGTTAGCGGA.1",5
"X1_CCGCAAGTCAAACGTC.1",1
"X1_CCGCAAGTCAAATAGG.1",5
"X1_CCGCAAGTCACAAGGG.1",2
"X1_CCGCAAGTCCGCGGAT.1",7
"X1_CCGCAAGTCCTTTAGT.1",4
"X1_CCGCAAGTCGACATCA.1",1
"X1_CCGCAAGTCTCCAATT.1",3
"X1_CCGGACAAGAAACTCA.1",8
"X1_CCGGACAAGAAGTCCG.1",4
"X1_CCGGACAAGAATCTAG.1",2
"X1_CCGGACAAGACATGCG.1",3
"X1_CCGGACAAGACTAGAT.1",7
"X1_CCGGACAAGATCACCT.1",2
"X1_CCGGACAAGCGATCGA.1",4
"X1_CCGGACAAGGTAATCA.1",3
"X1_CCGGACAAGTGGATAT.1",8
"X1_CCGGACACAACGTATC.1",1000
"X1_CCGGACACACGTAGAG.1",3
"X1_CCGGACACATCTCATT.1",1000
"X1_CCGGACACATGGGTCC.1",2
"X1_CCGGACAGTAGACAAT.1",2
"X1_CCGGACAGTGAGGCAT.1",8
"X1_CCGGACAGTTCTCGCT.1",3
"X1_CCGGACATCAGCACCG.1",4
"X1_CCGGACATCATTATCC.1",3
"X1_CCGGACATCATTCGTT.1",2
"X1_CCGGGTAAGAGCGACT.1",3
"X1_CCGGGTAAGCACGTCC.1",1
"X1_CCGGGTAAGTTGCCCG.1",8
"X1_CCGGGTACAGCACCCA.1",2
"X1_CCGGGTACAGTCTCTC.1",8
"X1_CCGGGTATCAGACATC.1",4
"X1_CCGGGTATCGAGAGCA.1",2
"X1_CCGGGTATCTAGCCAA.1",6
"X1_CCGGGTATCTCGCGTT.1",3
"X1_CCGGTAGAGACATATG.1",6
"X1_CCGGTAGAGACGGTTG.1",7
"X1_CCGGTAGAGAGTATAC.1",2
"X1_CCGGTAGAGCCAGAGT.1",3
"X1_CCGGTAGCACTGCTTC.1",5
"X1_CCGGTAGCATTGGGAG.1",2
"X1_CCGGTAGGTCTCGGGT.1",1
"X1_CCGGTAGGTGGCATCC.1",8
"X1_CCGGTAGTCATGGATC.1",5
"X1_CCGGTGAAGTTGTCAC.1",4
"X1_CCGGTGACACTTCAGA.1",1
"X1_CCGGTGACAGAACTCT.1",5
"X1_CCGGTGACAGATACTC.1",5
"X1_CCGGTGACAGATCACT.1",4
"X1_CCGGTGACAGGCGTTC.1",8
"X1_CCGGTGACAGGTGACA.1",6
"X1_CCGGTGACATAATGAG.1",2
"X1_CCGGTGAGTTCTTAGG.1",8
"X1_CCGGTGATCAAGGAGC.1",5
"X1_CCGGTGATCATTACCT.1",7
"X1_CCGGTGATCCCATAGA.1",3
"X1_CCGGTGATCGAACACT.1",6
"X1_CCGTAGGAGATAACGT.1",1
"X1_CCGTAGGAGCAACAAT.1",2
"X1_CCGTAGGCAACACGAG.1",1
"X1_CCGTAGGGTAGCGATG.1",7
"X1_CCGTAGGGTAGTATAG.1",1000
"X1_CCGTAGGGTATCCTTT.1",1000
"X1_CCGTAGGGTGAAGCTG.1",7
"X1_CCGTAGGGTGGTCAAG.1",8
"X1_CCGTAGGTCCAGCAAT.1",5
"X1_CCGTAGGTCCCGAGGT.1",5
"X1_CCGTAGGTCCCGTAAA.1",6
"X1_CCGTAGGTCCTGGCTT.1",7
"X1_CCGTAGGTCGGCTTCT.1",4
"X1_CCGTAGGTCTAAGCCA.1",6
"X1_CCGTAGGTCTAAGCGT.1",7
"X1_CCGTGAGCAATCGCAT.1",7
"X1_CCGTGAGCACACCGAC.1",7
"X1_CCGTGAGCACCACATA.1",3
"X1_CCGTGAGCAGACTCTA.1",8
"X1_CCGTGAGCAGTAGTTC.1",7
"X1_CCGTGAGGTCAGGTGA.1",3
"X1_CCGTGAGGTCGTCATA.1",5
"X1_CCGTGAGGTGCCTTCT.1",5
"X1_CCGTGAGGTTATAGCC.1",1000
"X1_CCGTGAGTCGAATGCT.1",1000
"X1_CCGTGAGTCGACACCG.1",2
"X1_CCGTTCAAGAGACAAG.1",4
"X1_CCGTTCAAGCTCGACC.1",2
"X1_CCGTTCACAACCAGAG.1",8
"X1_CCGTTCACACACCTTC.1",8
"X1_CCGTTCACACCGCTGA.1",7
"X1_CCGTTCACATGACTCA.1",3
"X1_CCGTTCACATGCAGCC.1",1
"X1_CCGTTCAGTGAAGCGT.1",3
"X1_CCGTTCAGTTAGAAGT.1",4
"X1_CCGTTCATCACCCTCA.1",7
"X1_CCGTTCATCAGACCCG.1",5
"X1_CCTAACCAGCACTAAA.1",8
"X1_CCTAACCAGCATAGGC.1",3
"X1_CCTAACCAGCTGTTCA.1",1
"X1_CCTAACCAGGTACCTT.1",6
"X1_CCTAACCAGGTCACAG.1",4
"X1_CCTAACCAGTCCCGAC.1",5
"X1_CCTAACCAGTGATAAC.1",7
"X1_CCTAACCAGTTGAAAC.1",7
"X1_CCTAACCCACGTCTCT.1",2
"X1_CCTAACCCATGACTCA.1",2
"X1_CCTAACCGTCGCCACA.1",6
"X1_CCTAACCGTTCAGGTT.1",7
"X1_CCTAACCGTTTGAACC.1",8
"X1_CCTAACCTCACGATAC.1",3
"X1_CCTAAGAAGACGACGT.1",1
"X1_CCTAAGAAGGGTTTCT.1",6
"X1_CCTAAGACACGTACAT.1",8
"X1_CCTAAGAGTCCTCCTA.1",5
"X1_CCTAAGATCAGACCCG.1",5
"X1_CCTAAGATCGCGAAGA.1",5
"X1_CCTACGTAGGCTTCCG.1",5
"X1_CCTACGTCAACGCCCA.1",3
"X1_CCTACGTCACTAACCA.1",3
"X1_CCTACGTCACTGCTTC.1",2
"X1_CCTACGTCAGTCTACA.1",7
"X1_CCTACGTCAGTTCCAA.1",2
"X1_CCTACGTGTCTCCCTA.1",5
"X1_CCTACGTGTGAAAGTT.1",3
"X1_CCTACGTGTTAAGGAT.1",1000
"X1_CCTACGTGTTTCGACA.1",8
"X1_CCTACGTTCATCGGGC.1",2
"X1_CCTACGTTCTTCGGAA.1",6
"X1_CCTATCGAGAGGATGA.1",1
"X1_CCTATCGAGCAACAGC.1",1000
"X1_CCTATCGAGCACCGTC.1",2
"X1_CCTATCGAGCGGTAGT.1",7
"X1_CCTATCGCACGCTATA.1",1000
"X1_CCTATCGCACGGCTAC.1",7
"X1_CCTATCGCACTTTATC.1",5
"X1_CCTATCGCATATCGGT.1",8
"X1_CCTATCGCATTGCCTC.1",1
"X1_CCTATCGGTAACACGG.1",2
"X1_CCTATCGGTAGCTAAA.1",8
"X1_CCTATCGGTCTCGCGA.1",3
"X1_CCTATCGGTGCTGTCG.1",3
"X1_CCTATCGGTTATCCAG.1",2
"X1_CCTATCGTCACACCCT.1",3
"X1_CCTATCGTCGTGCATA.1",3
"X1_CCTATCGTCTAAACGC.1",2
"X1_CCTATCGTCTGAGTCA.1",2
"X1_CCTCAACCAAGTTTGC.1",8
"X1_CCTCAACCAGCTTTGA.1",1
"X1_CCTCAACCAGGGATAC.1",6
"X1_CCTCAACCATACAGAA.1",1
"X1_CCTCAACGTACCTAGT.1",1
"X1_CCTCAACGTGTAGTGG.1",8
"X1_CCTCAACGTGTGTTTG.1",3
"X1_CCTCAACGTTGTGGAG.1",3
"X1_CCTCAACGTTTCCAAG.1",1
"X1_CCTCAACTCACTGGTA.1",3
"X1_CCTCAACTCATAGCAC.1",2
"X1_CCTCAACTCGGACGTC.1",7
"X1_CCTCAACTCGTAGCCG.1",5
"X1_CCTCACAAGCCGATAG.1",6
"X1_CCTCACAAGCCTCTTC.1",7
"X1_CCTCACAAGCCTGTCG.1",6
"X1_CCTCACAAGCGACTGA.1",4
"X1_CCTCACAAGGTCATCT.1",7
"X1_CCTCACAAGTATGGCG.1",5
"X1_CCTCACAAGTGGCCTC.1",2
"X1_CCTCACAAGTGTTCCA.1",5
"X1_CCTCACACAACGCCCA.1",2
"X1_CCTCACACAACGTAAA.1",6
"X1_CCTCACACACATTCTT.1",5
"X1_CCTCACACACGCTTAA.1",5
"X1_CCTCACACACTTCTCG.1",8
"X1_CCTCACACAGCTGAAG.1",3
"X1_CCTCACAGTATGAGCG.1",8
"X1_CCTCACAGTTGAATCC.1",8
"X1_CCTCACAGTTTGAACC.1",7
"X1_CCTCACATCAAGTCGT.1",8
"X1_CCTCACATCACTAGCA.1",7
"X1_CCTCACATCGAGAGAC.1",7
"X1_CCTCAGTAGACGATAT.1",1000
"X1_CCTCAGTAGAGCAACC.1",2
"X1_CCTCAGTAGCCACTCG.1",3
"X1_CCTCAGTAGCGGTATG.1",2
"X1_CCTCAGTAGTAGAGTT.1",1
"X1_CCTCAGTAGTAGTGCG.1",6
"X1_CCTCAGTAGTCAACAA.1",3
"X1_CCTCAGTAGTGTACAA.1",8
"X1_CCTCAGTCAGCGTATT.1",4
"X1_CCTCAGTCAGCTAACT.1",7
"X1_CCTCAGTGTAGGCTGA.1",8
"X1_CCTCAGTGTGTTCCAA.1",8
"X1_CCTCAGTGTTGTAAAG.1",5
"X1_CCTCAGTTCAGTGATC.1",8
"X1_CCTCAGTTCATGACAC.1",2
"X1_CCTCATGAGACGCTCC.1",2
"X1_CCTCATGAGGAGAGGC.1",3
"X1_CCTCATGAGGCAGTCA.1",2
"X1_CCTCATGGTATGACAA.1",1000
"X1_CCTCATGGTCATCGGC.1",5
"X1_CCTCATGGTCGTACAT.1",4
"X1_CCTCATGGTTCTCCAC.1",2
"X1_CCTCATGTCACCCTTG.1",8
"X1_CCTCCAAAGCGCACAA.1",7
"X1_CCTCCAAAGCTAGAAT.1",7
"X1_CCTCCAAAGGGTCACA.1",8
"X1_CCTCCAAAGGTCGTAG.1",8
"X1_CCTCCAACACGACGAA.1",6
"X1_CCTCCAACATGTCTAG.1",1
"X1_CCTCCAACATGTGGTT.1",3
"X1_CCTCCAACATGTTCGA.1",3
"X1_CCTCCAAGTAACCCGC.1",2
"X1_CCTCCAAGTCCCGGTA.1",8
"X1_CCTCCAAGTCCGCAGT.1",3
"X1_CCTCCAAGTGGCAGAT.1",3
"X1_CCTCCAATCAACTGAC.1",1
"X1_CCTCCAATCAGAGCAG.1",1
"X1_CCTCCAATCTCAACCC.1",2
"X1_CCTCCAATCTTGGGCG.1",1000
"X1_CCTCCTCAGATGATTG.1",1000
"X1_CCTCCTCAGCGTATGG.1",3
"X1_CCTCCTCAGGCTCTAT.1",2
"X1_CCTCCTCAGTTTCTTC.1",5
"X1_CCTCCTCCATTCACAG.1",3
"X1_CCTCCTCGTCGGTGTC.1",6
"X1_CCTCCTCGTGTGTGTT.1",1
"X1_CCTCCTCGTTAGGAGC.1",1
"X1_CCTCCTCGTTCCATTT.1",6
"X1_CCTCCTCGTTGGCCTG.1",2
"X1_CCTCTAGAGGATACCG.1",8
"X1_CCTCTAGAGGGAGGGT.1",1
"X1_CCTCTAGAGGGAGTGG.1",4
"X1_CCTCTAGAGGGTTGCA.1",3
"X1_CCTCTAGAGTTCCATG.1",7
"X1_CCTCTAGCACATAGCT.1",4
"X1_CCTCTAGCACGACTAT.1",3
"X1_CCTCTAGCACTGCGAC.1",3
"X1_CCTCTAGGTAACCAGG.1",8
"X1_CCTCTAGGTAGCTTTG.1",3
"X1_CCTCTAGTCATGGCCG.1",4
"X1_CCTCTAGTCCAACTAG.1",3
"X1_CCTCTAGTCGCACTCT.1",3
"X1_CCTCTCCAGACCATTC.1",5
"X1_CCTCTCCAGCGTATGG.1",4
"X1_CCTCTCCAGTAGTCTC.1",2
"X1_CCTCTCCAGTCGAGGT.1",8
"X1_CCTCTCCCAATAGGAT.1",5
"X1_CCTCTCCCACTGATTG.1",6
"X1_CCTCTCCCATCAGCAT.1",5
"X1_CCTCTCCGTAAGGCCA.1",3
"X1_CCTCTCCGTAGGTTTC.1",2
"X1_CCTCTCCGTCAGACGA.1",2
"X1_CCTCTCCGTCTTCTAT.1",8
"X1_CCTCTCCGTGTTCCTC.1",1
"X1_CCTCTCCGTTACGTAC.1",2
"X1_CCTCTCCTCGAAGGAC.1",3
"X1_CCTCTCCTCGCAGAGA.1",1
"X1_CCTCTCCTCGTGCAGC.1",6
"X1_CCTGCATAGCAGAAAG.1",4
"X1_CCTGCATAGCTGACAG.1",7
"X1_CCTGCATAGGGAGTTC.1",1000
"X1_CCTGCATAGGTCGAGT.1",3
"X1_CCTGCATAGTGCGTCC.1",7
"X1_CCTGCATAGTTGAAGT.1",7
"X1_CCTGCATAGTTTCGAC.1",8
"X1_CCTGCATCAAAGACGC.1",6
"X1_CCTGCATCAGTGAGCA.1",6
"X1_CCTGCATGTACAAACA.1",2
"X1_CCTGCATGTTCTCCAC.1",3
"X1_CCTGCATGTTGTTGTG.1",3
"X1_CCTGCATTCGGTAAGG.1",6
"X1_CCTGCATTCGTCACCT.1",7
"X1_CCTGTTGCACACACTA.1",1000
"X1_CCTGTTGCAGTTTCGA.1",5
"X1_CCTGTTGGTCCCTAAA.1",4
"X1_CCTGTTGGTTGCCTAA.1",8
"X1_CCTGTTGGTTTGGCTA.1",2
"X1_CCTGTTGTCATTCGGA.1",5
"X1_CCTGTTGTCCGTAGTA.1",6
"X1_CCTGTTGTCCTACGGG.1",5
"X1_CCTGTTGTCTCCCATG.1",2
"X1_CCTTCAGAGAAACACT.1",2
"X1_CCTTCAGAGTATTAGG.1",8
"X1_CCTTCAGAGTGCCGAA.1",1000
"X1_CCTTCAGCAAACGAGC.1",4
"X1_CCTTCAGCAACTGTGT.1",1
"X1_CCTTCAGCAAGCCTGC.1",6
"X1_CCTTCAGCAGCCGGTT.1",3
"X1_CCTTCAGGTCCAAAGG.1",5
"X1_CCTTCAGGTTCCTAAG.1",2
"X1_CCTTCAGGTTCTGACA.1",7
"X1_CCTTCAGTCAGTAGGG.1",6
"X1_CCTTCAGTCATAGGCT.1",6
"X1_CCTTCAGTCCCTGTTG.1",8
"X1_CCTTCAGTCGACCCAG.1",8
"X1_CCTTCAGTCGGCATAT.1",3
"X1_CCTTCAGTCTCATGGA.1",2
"X1_CCTTGTGAGCCGCACT.1",5
"X1_CCTTGTGAGGTCCTGC.1",2
"X1_CCTTGTGCAAGTCGTT.1",6
"X1_CCTTGTGGTCTAGATC.1",2
"X1_CCTTGTGTCGACGCTG.1",5
"X1_CCTTGTGTCGGTAGGA.1",4
"X1_CCTTTGGAGAATTGTG.1",5
"X1_CCTTTGGAGATGGCAC.1",8
"X1_CCTTTGGAGGCTTAGG.1",2
"X1_CCTTTGGCAACTGATC.1",3
"X1_CCTTTGGGTGTTCCTC.1",3
"X1_CCTTTGGGTTCATCGA.1",1
"X1_CCTTTGGTCACCTCGT.1",5
"X1_CCTTTGGTCTGAGAGG.1",4
"X1_CGAAGGAAGCCGAATG.1",7
"X1_CGAAGGAAGGTAAGGA.1",3
"X1_CGAAGGAAGTTGAAAC.1",1
"X1_CGAAGGACACTTGGGC.1",7
"X1_CGAAGGAGTACGGGAT.1",7
"X1_CGAAGGAGTGGCTGCT.1",2
"X1_CGAAGTTAGAGGTATT.1",2
"X1_CGAAGTTAGCAATAAC.1",4
"X1_CGAAGTTAGTGGCAGT.1",6
"X1_CGAAGTTAGTTGCTCA.1",3
"X1_CGAAGTTCAAGCGAGT.1",8
"X1_CGAAGTTCACTGCATA.1",3
"X1_CGAAGTTCATACCGTA.1",3
"X1_CGAAGTTGTATCTCGA.1",1
"X1_CGAAGTTGTGACCGAA.1",1000
"X1_CGAAGTTGTTGCACGC.1",3
"X1_CGAAGTTTCACGAGGA.1",3
"X1_CGAAGTTTCATGCAGT.1",1000
"X1_CGAATTGAGAACTTCC.1",2
"X1_CGAATTGAGAGCGACT.1",4
"X1_CGAATTGAGATGCTTC.1",1
"X1_CGAATTGAGGGTTAGC.1",7
"X1_CGAATTGAGGTGGTTG.1",5
"X1_CGAATTGAGTTACGTC.1",5
"X1_CGAATTGCAATACCCA.1",5
"X1_CGAATTGCAGACCAAG.1",7
"X1_CGAATTGCAGCACCCA.1",3
"X1_CGAATTGCATCGATAC.1",1
"X1_CGAATTGGTGACCTGC.1",4
"X1_CGAATTGGTGGATCAG.1",1
"X1_CGAATTGTCAAATAGG.1",3
"X1_CGAATTGTCAAGAGGC.1",7
"X1_CGAATTGTCCGAAATC.1",7
"X1_CGAATTGTCTTTCAGT.1",5
"X1_CGACAGCAGATGTTAG.1",3
"X1_CGACAGCAGATGTTCC.1",2
"X1_CGACAGCCACAGCCTG.1",3
"X1_CGACAGCCAGGGTTGA.1",3
"X1_CGACAGCCATTGGGAG.1",2
"X1_CGACAGCGTAACCCTA.1",5
"X1_CGACAGCGTAGGTGCA.1",2
"X1_CGACAGCGTATTTCTC.1",8
"X1_CGACAGCTCAGACATC.1",5
"X1_CGACAGCTCATTGAGC.1",3
"X1_CGACAGCTCCAAGCAT.1",3
"X1_CGAGAAGAGACATCCT.1",3
"X1_CGAGAAGAGAGAGGGC.1",5
"X1_CGAGAAGAGTGGCCTC.1",5
"X1_CGAGAAGCACACCGAC.1",1
"X1_CGAGAAGCAGGCGAAT.1",2
"X1_CGAGAAGCAGGCTATT.1",3
"X1_CGAGAAGGTGAGAGGG.1",4
"X1_CGAGAAGGTTGCGTAT.1",2
"X1_CGAGAAGGTTGGACCC.1",5
"X1_CGAGAAGTCATTATCC.1",8
"X1_CGAGAAGTCGTCTACC.1",5
"X1_CGAGAAGTCGTTAGAC.1",2
"X1_CGAGGAAAGACGACTG.1",5
"X1_CGAGGAAAGATAGCAT.1",3
"X1_CGAGGAAAGATCGACG.1",3
"X1_CGAGGAAAGCGAGTCA.1",6
"X1_CGAGGAACACCTATCC.1",5
"X1_CGAGGAACACTAGGTT.1",8
"X1_CGAGGAACAGGCGAAT.1",5
"X1_CGAGGAACATCCTAAG.1",1
"X1_CGAGGAACATTACTCT.1",2
"X1_CGAGGAACATTGCTTT.1",6
"X1_CGAGGAAGTCCTCCAT.1",1000
"X1_CGAGGAAGTCCTTTGC.1",2
"X1_CGAGGAATCAACTGAC.1",3
"X1_CGAGGAATCGAGAGCA.1",4
"X1_CGAGGAATCTATCCAT.1",8
"X1_CGAGGAATCTCATGGA.1",3
"X1_CGAGGCTAGAGTCTTC.1",8
"X1_CGAGGCTAGGGCAGAG.1",3
"X1_CGAGGCTCAATGGGTG.1",5
"X1_CGAGGCTCACGTACTA.1",5
"X1_CGAGGCTCACTTGAGT.1",3
"X1_CGAGGCTCAGCACGAA.1",6
"X1_CGAGGCTCATCCTTGC.1",5
"X1_CGAGGCTCATGATCTG.1",6
"X1_CGAGGCTGTTGGACTT.1",3
"X1_CGAGGCTTCCAATGCA.1",1
"X1_CGAGGCTTCTTTACAC.1",8
"X1_CGAGTGCAGACCATTC.1",1
"X1_CGAGTGCAGCCATTGT.1",8
"X1_CGAGTGCAGGACGCTA.1",8
"X1_CGAGTGCAGGGCTGAT.1",3
"X1_CGAGTGCAGGTGATAT.1",5
"X1_CGAGTGCCATCATCTT.1",6
"X1_CGAGTGCGTATACGGG.1",1000
"X1_CGAGTGCGTGTCATGT.1",7
"X1_CGAGTGCGTTTGAACC.1",8
"X1_CGAGTGCTCACGATAC.1",5
"X1_CGAGTGCTCAGGACAG.1",2
"X1_CGAGTTAAGCAGTAAT.1",6
"X1_CGAGTTAAGCGCTGAA.1",6
"X1_CGAGTTAAGTCCGCGT.1",4
"X1_CGAGTTAAGTGATAGT.1",6
"X1_CGAGTTACAACTAGAA.1",7
"X1_CGAGTTACAGACCGCT.1",5
"X1_CGAGTTAGTCTTGCTC.1",1
"X1_CGAGTTATCGCAATTG.1",6
"X1_CGAGTTATCGCACGGT.1",2
"X1_CGAGTTATCGTTCTGC.1",3
"X1_CGATCGGAGACGCCCT.1",4
"X1_CGATCGGCACGCACCA.1",5
"X1_CGATCGGCACTTGAGT.1",2
"X1_CGATCGGCAGTGAGCA.1",5
"X1_CGATCGGCATACTGAC.1",1
"X1_CGATCGGGTGGCTTGC.1",5
"X1_CGATCGGTCAGACATC.1",7
"X1_CGATCGGTCTGTGCAA.1",4
"X1_CGATCGGTCTTGTTAC.1",1
"X1_CGATGCGAGACCATGG.1",2
"X1_CGATGCGAGCGTTCCG.1",1
"X1_CGATGCGAGGACTGGT.1",8
"X1_CGATGCGAGGGTACGT.1",3
"X1_CGATGCGAGGTAAACT.1",3
"X1_CGATGCGAGTGCACCC.1",5
"X1_CGATGCGCACGACCTG.1",5
"X1_CGATGCGCAGTAGAAT.1",4
"X1_CGATGCGCATCTCCCA.1",1
"X1_CGATGCGCATTAAAGG.1",2
"X1_CGATGCGGTACTGTTG.1",5
"X1_CGATGCGGTTCGGTCG.1",8
"X1_CGATGCGTCAATGCAC.1",2
"X1_CGATGCGTCACTTTGT.1",7
"X1_CGATGCGTCATCGCCT.1",3
"X1_CGATGCGTCGGACGTC.1",7
"X1_CGATGCGTCGTAGTCA.1",7
"X1_CGATGCGTCTGAATGC.1",8
"X1_CGATGGCAGAATCGCG.1",5
"X1_CGATGGCAGAGCATAT.1",2
"X1_CGATGGCAGCCACCGT.1",5
"X1_CGATGGCAGCCATTGT.1",6
"X1_CGATGGCAGTCCTACA.1",3
"X1_CGATGGCCAGCTATAC.1",3
"X1_CGATGGCGTACTTGTG.1",4
"X1_CGATGGCGTAGGCAGT.1",6
"X1_CGATGGCGTCCGGTGT.1",2
"X1_CGATGGCGTGGGAGAG.1",4
"X1_CGATGGCTCGTCAACA.1",3
"X1_CGATGGCTCTCTATAC.1",8
"X1_CGCAGGTAGAACGCGT.1",2
"X1_CGCAGGTAGATGTTGA.1",5
"X1_CGCAGGTAGCAATTCC.1",8
"X1_CGCAGGTAGCAGGTCA.1",3
"X1_CGCAGGTAGCTTAGTC.1",3
"X1_CGCAGGTAGTGAATAC.1",2
"X1_CGCAGGTCAAGAGATT.1",7
"X1_CGCAGGTCACCTATCC.1",2
"X1_CGCAGGTCAGATACCT.1",5
"X1_CGCAGGTGTCCAAAGG.1",2
"X1_CGCAGGTGTCGAATTC.1",4
"X1_CGCAGGTGTTACCTTT.1",6
"X1_CGCAGGTTCATCTATC.1",8
"X1_CGCAGGTTCCTCTAGC.1",8
"X1_CGCAGGTTCTGCGAGC.1",2
"X1_CGCATAAAGAAGCTCG.1",1000
"X1_CGCATAAAGTGCCTCG.1",3
"X1_CGCATAACAAAGACGC.1",2
"X1_CGCATAACAACACAAA.1",6
"X1_CGCATAACAATAAGGT.1",6
"X1_CGCATAAGTATCCCAA.1",2
"X1_CGCATAAGTCAAGGCA.1",1
"X1_CGCATAAGTCCGGTCA.1",6
"X1_CGCATAAGTGACCGAA.1",8
"X1_CGCATAATCAACGTGT.1",8
"X1_CGCATAATCCACACCT.1",1
"X1_CGCATAATCCCTTCCC.1",2
"X1_CGCATAATCGACATAC.1",3
"X1_CGCATGGAGGTAGTAT.1",8
"X1_CGCATGGCAGTAACCT.1",8
"X1_CGCATGGGTCCAGCGT.1",8
"X1_CGCATGGGTGACCGAA.1",8
"X1_CGCATGGGTTACAGCT.1",1000
"X1_CGCATGGTCACCTCAC.1",1
"X1_CGCATGGTCATCCTAT.1",7
"X1_CGCATGGTCTGCATAG.1",1000
"X1_CGCATGGTCTGCTAGA.1",4
"X1_CGCCAGAAGCTTTCTT.1",3
"X1_CGCCAGAAGGACGCTA.1",3
"X1_CGCCAGAAGTAAGCAT.1",1
"X1_CGCCAGAAGTGGTGGT.1",1
"X1_CGCCAGACAACCCTAA.1",3
"X1_CGCCAGACATTCTGTT.1",2
"X1_CGCCAGAGTGTATACC.1",8
"X1_CGCCAGAGTTACCTTT.1",7
"X1_CGCCATTAGTAGTCAA.1",3
"X1_CGCCATTCAATAGAGT.1",6
"X1_CGCCATTCACGTGTGC.1",5
"X1_CGCCATTGTAATACCC.1",4
"X1_CGCCATTGTCGATGCC.1",2
"X1_CGCCATTGTCTCGGAC.1",7
"X1_CGCCATTTCAGCATTG.1",6
"X1_CGCCATTTCATTGCCC.1",1
"X1_CGCGTGAAGAAACCCG.1",2
"X1_CGCGTGAAGACTAAGT.1",7
"X1_CGCGTGAAGAGATGCC.1",8
"X1_CGCGTGAAGGGTTAAT.1",8
"X1_CGCGTGAAGTTGCGAG.1",2
"X1_CGCGTGACACACTTAG.1",6
"X1_CGCGTGACAGCACAAG.1",3
"X1_CGCGTGACATATCTCT.1",2
"X1_CGCGTGAGTACTCGCG.1",2
"X1_CGCGTGAGTGCAACAG.1",8
"X1_CGCGTGATCACCTCTG.1",7
"X1_CGCGTGATCACTGTTT.1",5
"X1_CGCGTGATCCTATGGA.1",8
"X1_CGCGTGATCGGTAAGG.1",3
"X1_CGGAACCAGAGACAAG.1",4
"X1_CGGAACCAGGCGCTTC.1",4
"X1_CGGAACCAGGTAGCCA.1",5
"X1_CGGAACCAGGTTGCCC.1",4
"X1_CGGAACCAGTTGCGCC.1",4
"X1_CGGAACCCAGAGGCAT.1",4
"X1_CGGAACCCATGCACTA.1",4
"X1_CGGAACCGTAGTACGG.1",8
"X1_CGGAACCGTTGTTGAC.1",8
"X1_CGGAATTAGAAACCCG.1",2
"X1_CGGAATTAGCGCACAA.1",3
"X1_CGGAATTAGGCGAACT.1",1
"X1_CGGAATTAGTAGGATT.1",5
"X1_CGGAATTCAATTGAAG.1",6
"X1_CGGAATTCATCGTCCT.1",1
"X1_CGGAATTCATTAGGCT.1",8
"X1_CGGAATTGTGAGCAGT.1",6
"X1_CGGAATTGTTCAAGGG.1",1
"X1_CGGAATTTCCATTGGA.1",5
"X1_CGGAATTTCCGCACTT.1",3
"X1_CGGAATTTCGGAAGGT.1",2
"X1_CGGACACCATAAGCGG.1",5
"X1_CGGACACCATGGGAAC.1",8
"X1_CGGACACGTAAGGCTG.1",1
"X1_CGGACACGTGTGTGGA.1",1
"X1_CGGAGAAAGCTCCGAC.1",1000
"X1_CGGAGAAAGGTAAAGG.1",4
"X1_CGGAGAAAGTCATCGT.1",5
"X1_CGGAGAAAGTCTCTGA.1",1
"X1_CGGAGAACAAATGGTA.1",2
"X1_CGGAGAACAACTCCAA.1",1
"X1_CGGAGAACACGACGCT.1",5
"X1_CGGAGAACACGGCGTT.1",4
"X1_CGGAGAACACGTAGTT.1",4
"X1_CGGAGAACAGAGTTCT.1",7
"X1_CGGCAGTAGCATCCTA.1",5
"X1_CGGCAGTAGCGTCGAA.1",2
"X1_CGGCAGTAGTAGACCG.1",5
"X1_CGGCAGTAGTCACGCC.1",1
"X1_CGGCAGTAGTCATGAA.1",3
"X1_CGGCAGTAGTCTCTGA.1",8
"X1_CGGCAGTCAAAGGCGT.1",1000
"X1_CGGCAGTGTAGGAAAG.1",7
"X1_CGGCAGTGTCTGATCA.1",1000
"X1_CGGCAGTGTCTTTCTA.1",5
"X1_CGGCAGTGTTACAGCT.1",5
"X1_CGGCAGTGTTTACCAG.1",3
"X1_CGGCAGTTCATTTCGT.1",2
"X1_CGGGACTAGCTGGAGT.1",8
"X1_CGGGACTAGTTCATCG.1",3
"X1_CGGGACTCAGTCCGTG.1",1
"X1_CGGGACTGTAGCTGTT.1",7
"X1_CGGGACTGTGCAATGG.1",8
"X1_CGGGACTTCAAGTGTC.1",3
"X1_CGGGACTTCACTGGGC.1",8
"X1_CGGGCATAGCTTAAGA.1",5
"X1_CGGGCATAGGATTTCC.1",1
"X1_CGGGCATAGTATCTGC.1",3
"X1_CGGGCATAGTCACTAC.1",4
"X1_CGGGCATCAACGTAAA.1",7
"X1_CGGGCATCAGGAATAT.1",3
"X1_CGGGCATCATTGTACG.1",3
"X1_CGGGCATGTACAGGTG.1",2
"X1_CGGGCATGTGCCTGAC.1",2
"X1_CGGGCATGTGGAACCA.1",4
"X1_CGGGCATGTTCTAACG.1",7
"X1_CGGGCATTCACCTGGG.1",1000
"X1_CGGGCATTCATCACTT.1",8
"X1_CGGGCATTCGTTTACT.1",5
"X1_CGGGTCAAGAAATGGG.1",5
"X1_CGGGTCAAGCCGCACT.1",8
"X1_CGGGTCAAGCTTCTAG.1",7
"X1_CGGGTCAAGGCATCAG.1",4
"X1_CGGGTCACAGGTGGAT.1",4
"X1_CGGGTCACATCAGTGT.1",8
"X1_CGGGTCAGTCAAATCC.1",6
"X1_CGGGTCAGTTCCAGGC.1",3
"X1_CGGGTCATCACTGTTT.1",6
"X1_CGGGTCATCGCATGAT.1",7
"X1_CGGGTGTAGATCGACG.1",4
"X1_CGGGTGTAGATTGATG.1",3
"X1_CGGGTGTCACAGCCAC.1",1
"X1_CGGGTGTCACCTTCCA.1",1000
"X1_CGGGTGTCAGACTCTA.1",3
"X1_CGGGTGTCAGCAATTC.1",5
"X1_CGGGTGTGTGAGTGAC.1",2
"X1_CGGGTGTGTTACGATC.1",4
"X1_CGGGTGTTCACGACTA.1",4
"X1_CGGGTGTTCAGAGCAG.1",3
"X1_CGGGTGTTCATAGCAC.1",6
"X1_CGGGTGTTCCAATCTT.1",1000
"X1_CGGGTGTTCCCTCTTT.1",5
"X1_CGGGTGTTCGACCAAT.1",3
"X1_CGGGTGTTCGACCATA.1",4
"X1_CGGGTGTTCTCGAACA.1",3
"X1_CGGGTGTTCTGAGTCA.1",6
"X1_CGGGTGTTCTTACTGT.1",3
"X1_CGGTCAGAGCGAACTG.1",1
"X1_CGGTCAGAGGTCTACT.1",6
"X1_CGGTCAGAGTCCCAAT.1",5
"X1_CGGTCAGCACGCAGTC.1",1
"X1_CGGTCAGCAGCTTCGG.1",4
"X1_CGGTCAGCAGCTTTCC.1",8
"X1_CGGTCAGCAGGAACCA.1",8
"X1_CGGTCAGCAGTCGCAC.1",2
"X1_CGGTCAGGTGTAAATG.1",2
"X1_CGGTCAGGTTAGCTAC.1",6
"X1_CGGTCAGGTTATTCCT.1",4
"X1_CGGTCAGTCACCATGA.1",8
"X1_CGTAAGTAGATCCTAC.1",5
"X1_CGTAAGTAGCGGTAAC.1",3
"X1_CGTAAGTAGGCGTCCT.1",4
"X1_CGTAAGTCAATGTGGG.1",3
"X1_CGTAAGTCAGTCCCGA.1",3
"X1_CGTAAGTGTACCTAAC.1",8
"X1_CGTAAGTGTGATAGAT.1",1000
"X1_CGTAAGTGTTCCGCAG.1",1
"X1_CGTAAGTTCATCGGGC.1",2
"X1_CGTAAGTTCGTGACTA.1",2
"X1_CGTAAGTTCTGGTCAA.1",7
"X1_CGTAATGAGCTGTTCA.1",3
"X1_CGTAATGAGTATTCCG.1",5
"X1_CGTAATGAGTCAAGCG.1",5
"X1_CGTAATGCAACTACGT.1",5
"X1_CGTAATGCACGCTATA.1",1
"X1_CGTAATGCATGGGTTT.1",5
"X1_CGTAATGGTAACATAG.1",6
"X1_CGTAATGGTCGTGCCA.1",3
"X1_CGTAATGGTGCCGAAA.1",8
"X1_CGTAATGGTTCTGAGT.1",5
"X1_CGTAATGTCCACCTGT.1",4
"X1_CGTAATGTCGTCGACG.1",6
"X1_CGTAATGTCTGGGAGA.1",5
"X1_CGTAGTAAGAGAGCGG.1",2
"X1_CGTAGTACAACAAGAT.1",3
"X1_CGTAGTACAAGAGGTC.1",2
"X1_CGTAGTACAGATCCAT.1",7
"X1_CGTAGTACAGTCGCTG.1",1
"X1_CGTAGTACAGTGTATC.1",5
"X1_CGTAGTACATGACGTT.1",1000
"X1_CGTAGTACATGTCTAG.1",7
"X1_CGTAGTAGTAGATCGG.1",6
"X1_CGTCAAAAGCTAGTTC.1",8
"X1_CGTCAAAAGGATACAT.1",1
"X1_CGTCAAAAGGCCTGCT.1",2
"X1_CGTCAAACACAGTATC.1",2
"X1_CGTCAAACACCAGCCA.1",3
"X1_CGTCAAAGTTTACTTC.1",2
"X1_CGTCAAATCACTAGCA.1",2
"X1_CGTCAAATCGGTAGGA.1",3
"X1_CGTCAAATCTCAGAAC.1",8
"X1_CGTCAAATCTCTATAC.1",1
"X1_CGTCAAATCTGAGATC.1",7
"X1_CGTCAAATCTGGCCAG.1",7
"X1_CGTCCATAGAACGCGT.1",1
"X1_CGTCCATAGAGGTGCT.1",2
"X1_CGTCCATAGATCACCT.1",3
"X1_CGTCCATAGTCAGAGC.1",6
"X1_CGTCCATAGTTCCAGT.1",3
"X1_CGTCCATCAATTCGTG.1",4
"X1_CGTCCATGTTACACTG.1",5
"X1_CGTCCATTCAAGTTGC.1",3
"X1_CGTCCATTCGCCTTTG.1",5
"X1_CGTCCATTCGTCCTTG.1",4
"X1_CGTCCATTCTACCTTA.1",6
"X1_CGTCCATTCTTGATTC.1",5
"X1_CGTGAATAGAGCATAT.1",5
"X1_CGTGAATAGAGGCTGT.1",3
"X1_CGTGAATCACCGTGCA.1",6
"X1_CGTGAATCATTGAAAG.1",5
"X1_CGTGAATGTACCTAAC.1",6
"X1_CGTGAATGTCTTGTCC.1",3
"X1_CGTGAATTCCATTTAC.1",7
"X1_CGTGAATTCCGTGCGA.1",7
"X1_CGTGAATTCGAGCCTG.1",7
"X1_CGTGATAAGGATACAT.1",3
"X1_CGTGATACAAAGGCAC.1",2
"X1_CGTGATACAAGCTGTT.1",8
"X1_CGTGATACATACTGAC.1",2
"X1_CGTGATACATGCGGTC.1",2
"X1_CGTGATAGTTTCACTT.1",7
"X1_CGTGATATCAGGAGAC.1",3
"X1_CGTGATATCATGCCAA.1",3
"X1_CGTGATATCATTACGG.1",3
"X1_CGTGATATCCAAGCTA.1",5
"X1_CGTGATATCGATCCCT.1",2
"X1_CGTGATATCTGGAGAG.1",2
"X1_CGTGCTTAGCACCTGC.1",5
"X1_CGTGCTTAGCATCGAG.1",6
"X1_CGTGCTTAGCCTCAAT.1",3
"X1_CGTGCTTAGCTCCACG.1",6
"X1_CGTGCTTAGTGAGTTA.1",4
"X1_CGTGCTTCAACGTAAA.1",1
"X1_CGTGCTTCAACTTCTT.1",8
"X1_CGTGCTTCATCCAACA.1",1
"X1_CGTGCTTGTCTTAGTG.1",3
"X1_CGTGCTTGTGGTAATA.1",4
"X1_CGTGCTTTCAAACGTC.1",3
"X1_CGTGCTTTCACCTGTC.1",6
"X1_CGTGCTTTCCCAAGCG.1",3
"X1_CGTGCTTTCCTATGGA.1",6
"X1_CGTGTCTAGACGTCGA.1",5
"X1_CGTGTCTAGTTACGTC.1",1000
"X1_CGTGTCTCACCAGCTG.1",4
"X1_CGTGTCTGTAACATAG.1",5
"X1_CGTGTCTGTAGCGAGT.1",2
"X1_CGTGTCTGTATACCCA.1",1
"X1_CGTGTCTGTCCACGCA.1",3
"X1_CGTGTCTGTGAATGTA.1",3
"X1_CGTGTCTGTGGATCGA.1",6
"X1_CGTGTCTTCCTTCTGG.1",5
"X1_CGTGTCTTCGAAACAA.1",1
"X1_CGTTAGAAGACATGCG.1",5
"X1_CGTTAGAAGCCTCTCT.1",3
"X1_CGTTAGAAGGCACCAA.1",7
"X1_CGTTAGACAAGTTCGT.1",1
"X1_CGTTAGACAGGTCCGT.1",8
"X1_CGTTAGACATCATCTT.1",4
"X1_CGTTAGAGTCAAAGCG.1",6
"X1_CGTTAGAGTTGGACTT.1",8
"X1_CGTTAGATCACCTCTG.1",8
"X1_CGTTAGATCATTGTTC.1",3
"X1_CGTTCTGCAACGCCCA.1",1000
"X1_CGTTCTGGTATGCGTT.1",6
"X1_CGTTCTGGTATTGAGA.1",6
"X1_CGTTCTGGTCGCGTCA.1",3
"X1_CGTTCTGGTCTCGCGA.1",3
"X1_CGTTCTGGTGGTACAG.1",8
"X1_CGTTCTGTCAAAGAAC.1",1000
"X1_CGTTCTGTCCCGAACG.1",2
"X1_CGTTCTGTCTATCGGA.1",2
"X1_CGTTCTGTCTCTCAAT.1",1000
"X1_CGTTGGGAGATGCAGC.1",3
"X1_CGTTGGGAGCCGATCC.1",7
"X1_CGTTGGGAGCTAGAAT.1",2
"X1_CGTTGGGAGTACGAGC.1",1000
"X1_CGTTGGGAGTGCCGAA.1",6
"X1_CGTTGGGCACTCCTGT.1",6
"X1_CGTTGGGCAGAAGTGC.1",3
"X1_CGTTGGGCATGCACTA.1",7
"X1_CGTTGGGGTTCAAACC.1",1
"X1_CGTTGGGGTTCTCTAT.1",1000
"X1_CGTTGGGTCACTGTTT.1",4
"X1_CGTTGGGTCTGAACGT.1",3
"X1_CTAACCCCAGCTACAT.1",8
"X1_CTAACCCCATAGTCGT.1",6
"X1_CTAACCCGTACCTTCC.1",5
"X1_CTAACCCGTGAGTGAC.1",7
"X1_CTAACCCTCCGATCGG.1",4
"X1_CTAACCCTCGATTGGT.1",3
"X1_CTAACCCTCGGACTTA.1",8
"X1_CTAACTTAGAAACTAC.1",7
"X1_CTAACTTAGGTATTGA.1",4
"X1_CTAACTTAGTGGAATT.1",5
"X1_CTAACTTCAGCGTACC.1",7
"X1_CTAACTTCAGTAGAAT.1",6
"X1_CTAACTTGTCGGTGAA.1",8
"X1_CTAACTTGTCGTGGAA.1",7
"X1_CTAACTTGTGACACGA.1",5
"X1_CTAACTTGTGGTCTGC.1",3
"X1_CTAACTTTCCAAGAGG.1",5
"X1_CTAACTTTCCGGCAGT.1",5
"X1_CTAACTTTCGCAGAGA.1",3
"X1_CTAACTTTCTACGGTA.1",3
"X1_CTAACTTTCTAGAACC.1",3
"X1_CTAAGTGAGACATATG.1",7
"X1_CTAAGTGAGCCATATC.1",8
"X1_CTAAGTGAGGGATCTG.1",1000
"X1_CTAAGTGAGTGAATAC.1",3
"X1_CTAAGTGCACGACTAT.1",3
"X1_CTAAGTGCAGAGGCAT.1",6
"X1_CTAAGTGGTACGACAG.1",4
"X1_CTAAGTGGTGCCCGTA.1",3
"X1_CTAAGTGGTTCGTGCG.1",6
"X1_CTAAGTGGTTCTAAGC.1",7
"X1_CTAAGTGTCACTAGCA.1",5
"X1_CTAAGTGTCGACTCCT.1",2
"X1_CTAAGTGTCGTGTGAT.1",2
"X1_CTACAGAAGAGATGCC.1",1000
"X1_CTACAGAAGCGCCGTT.1",7
"X1_CTACAGAAGCTGACCC.1",6
"X1_CTACAGAAGGACAACC.1",1000
"X1_CTACAGAAGGACTAAT.1",8
"X1_CTACAGAAGGCATGGT.1",3
"X1_CTACAGAAGTACTGGG.1",7
"X1_CTACAGAAGTGCAGCA.1",2
"X1_CTACAGACAAGTGGAC.1",1
"X1_CTACAGACACAAGCCC.1",8
"X1_CTACAGACAGGTTCGC.1",5
"X1_CTACAGAGTCTCAGAT.1",7
"X1_CTACAGATCTCCATAT.1",6
"X1_CTACATTAGACCAAGC.1",1
"X1_CTACATTAGCACAAAT.1",3
"X1_CTACATTAGCATAGGC.1",2
"X1_CTACATTAGCATTTCG.1",3
"X1_CTACATTCACAGAGCA.1",5
"X1_CTACATTCACGGTAGA.1",8
"X1_CTACATTGTACTGACT.1",5
"X1_CTACATTGTATGGTAA.1",3
"X1_CTACATTGTCTTGGTA.1",4
"X1_CTACATTGTGTACGCC.1",8
"X1_CTACATTGTTGTGCCG.1",8
"X1_CTACATTTCCGTATAG.1",7
"X1_CTACATTTCGTAGCCG.1",4
"X1_CTACATTTCGTCACCT.1",6
"X1_CTACCCAAGCAAATGT.1",3
"X1_CTACCCAAGCAAGGAA.1",8
"X1_CTACCCAAGGAATGTT.1",6
"X1_CTACCCAAGGGCAAGG.1",2
"X1_CTACCCACACCAGCGT.1",2
"X1_CTACCCACACCATTCC.1",7
"X1_CTACCCAGTAGTAAGT.1",5
"X1_CTACCCAGTTCCCACT.1",3
"X1_CTACCCATCGCAATTG.1",4
"X1_CTACCCATCGGCATAT.1",5
"X1_CTACCCATCGTGGAAG.1",7
"X1_CTACCCATCTTACCAT.1",2
"X1_CTACCTGAGAAATTCG.1",4
"X1_CTACCTGAGTGGAATT.1",1
"X1_CTACCTGCACCCATAA.1",2
"X1_CTACCTGCAGGGCTTC.1",1
"X1_CTACCTGGTGACGCCT.1",8
"X1_CTACCTGTCAACACGT.1",4
"X1_CTACCTGTCACATACG.1",4
"X1_CTACCTGTCACTTATC.1",5
"X1_CTACCTGTCATGGCCG.1",7
"X1_CTACCTGTCCATCACC.1",6
"X1_CTACCTGTCCGTGTCT.1",5
"X1_CTACCTGTCGCTAGCG.1",3
"X1_CTACCTGTCGTAGGGA.1",2
"X1_CTACGGGAGAAGGATG.1",5
"X1_CTACGGGAGAGCAGCT.1",8
"X1_CTACGGGAGATTCGAA.1",5
"X1_CTACGGGAGCTTCATG.1",5
"X1_CTACGGGAGGATTCCT.1",1000
"X1_CTACGGGAGGTTCTTG.1",3
"X1_CTACGGGCACGAAAGC.1",8
"X1_CTACGGGCACGGCTAC.1",8
"X1_CTACGGGCAGATTTCG.1",1000
"X1_CTACGGGCATCACCAA.1",8
"X1_CTACGGGGTACGTACT.1",6
"X1_CTACGGGGTAGATTGA.1",2
"X1_CTACGGGGTGATGTAA.1",5
"X1_CTACGGGGTGCTTCAA.1",1000
"X1_CTACGGGTCACTTGGA.1",2
"X1_CTACGGGTCGATGGAG.1",4
"X1_CTACGGGTCGCATGAT.1",5
"X1_CTACTATAGGGATCGT.1",7
"X1_CTACTATAGGTGCAGT.1",1
"X1_CTACTATCATCTAGAC.1",3
"X1_CTACTATCATTGGGAG.1",8
"X1_CTACTATGTCGTGGTC.1",2
"X1_CTACTATGTGTCATCA.1",5
"X1_CTACTATGTTGCACGC.1",8
"X1_CTAGACAAGAAATTGC.1",1000
"X1_CTAGACAAGCCATTCA.1",7
"X1_CTAGACAAGCTCCCTT.1",5
"X1_CTAGACAAGGTCGCCT.1",7
"X1_CTAGACAAGTAGAGTT.1",3
"X1_CTAGACACAAACTCTG.1",4
"X1_CTAGACACAGCGAGTA.1",6
"X1_CTAGACACATAGTCGT.1",3
"X1_CTAGACAGTACGGTTT.1",2
"X1_CTAGACAGTCTAATCG.1",7
"X1_CTAGACAGTGAGCAGT.1",5
"X1_CTAGACAGTGATTGGG.1",2
"X1_CTAGACAGTGGCTACC.1",7
"X1_CTAGACATCTGGGCAC.1",5
"X1_CTAGGTAAGACTGGGT.1",7
"X1_CTAGGTAAGAGGGTCT.1",2
"X1_CTAGGTACAGCGTGCT.1",6
"X1_CTAGGTAGTAATGATG.1",4
"X1_CTAGGTAGTAGCTCGC.1",2
"X1_CTAGGTATCCCTCGAT.1",1
"X1_CTAGGTATCCGTGTCT.1",8
"X1_CTATAGGAGACTAAGT.1",8
"X1_CTATAGGAGAGTCTGG.1",3
"X1_CTATAGGAGTCATGGG.1",4
"X1_CTATAGGAGTCCCAGC.1",3
"X1_CTATAGGCAAAGCTAA.1",2
"X1_CTATAGGCAAGTGTCT.1",5
"X1_CTATAGGCACAGACGA.1",6
"X1_CTATAGGCAGCTTTGA.1",1000
"X1_CTATAGGGTCATACCA.1",7
"X1_CTATAGGGTCCACACG.1",6
"X1_CTATAGGGTCCTCAGG.1",4
"X1_CTATAGGGTCGGTACC.1",6
"X1_CTATAGGGTGAGACGT.1",5
"X1_CTATAGGGTGCGACAA.1",6
"X1_CTATAGGGTTTGCCGG.1",3
"X1_CTATAGGTCATCAGTG.1",6
"X1_CTATAGGTCCTGTTAT.1",2
"X1_CTATAGGTCTCAACCC.1",6
"X1_CTATCCGCAGGTGGAT.1",5
"X1_CTATCCGCATCAGCGC.1",6
"X1_CTATCCGCATCGCTGG.1",4
"X1_CTATCCGGTAGGACCA.1",8
"X1_CTATCCGGTAGTTCCA.1",2
"X1_CTATCCGGTATTCCGA.1",7
"X1_CTATCCGGTTCACGAT.1",8
"X1_CTATCCGGTTGCTCAA.1",4
"X1_CTATCCGTCAGCGGAA.1",1
"X1_CTATCTAAGAGAGCCT.1",5
"X1_CTATCTAAGATCCCGC.1",5
"X1_CTATCTAAGTCTGTAC.1",5
"X1_CTATCTACACATTCGA.1",8
"X1_CTATCTACAGCGACCT.1",6
"X1_CTATCTAGTCGAGTGA.1",5
"X1_CTATCTAGTCGTCGGT.1",6
"X1_CTATCTAGTGAGCAGT.1",4
"X1_CTATCTATCTCGACCT.1",8
"X1_CTCAACCAGAATTTGG.1",7
"X1_CTCAACCAGCCATTCA.1",5
"X1_CTCAACCAGCTAGCCC.1",4
"X1_CTCAACCAGGTAGGCT.1",3
"X1_CTCAACCCAAGAGTTA.1",2
"X1_CTCAACCCAATTGAAG.1",6
"X1_CTCAACCCAGCGACAA.1",8
"X1_CTCAACCGTCCTCCTA.1",5
"X1_CTCAACCGTCTCTCTG.1",1
"X1_CTCAACCGTTAGGGAC.1",3
"X1_CTCAACCTCACTCTTA.1",6
"X1_CTCAACCTCCACTAGA.1",3
"X1_CTCAACCTCCCTATTA.1",1
"X1_CTCAACCTCCGTAGGC.1",3
"X1_CTCAACCTCGATACTG.1",2
"X1_CTCAACCTCGGACAAG.1",2
"X1_CTCAACCTCTATCGCC.1",8
"X1_CTCAACCTCTGTTCAT.1",3
"X1_CTCAACCTCTTAGCCC.1",1000
"X1_CTCAAGAAGAAGGGAT.1",2
"X1_CTCAAGAAGACTTGTC.1",5
"X1_CTCAAGAAGAGAATCT.1",5
"X1_CTCAAGAAGATGAACT.1",8
"X1_CTCAAGAAGCAAGTCG.1",3
"X1_CTCAAGAAGCATCGAG.1",5
"X1_CTCAAGAAGCGTGTTT.1",3
"X1_CTCAAGAAGGATCATA.1",2
"X1_CTCAAGAAGTACTCGT.1",4
"X1_CTCAAGACACCGTGCA.1",6
"X1_CTCAAGACACGAGAAC.1",6
"X1_CTCAAGACATACAGGG.1",4
"X1_CTCAAGAGTATGAGGC.1",8
"X1_CTCAAGAGTGGATACG.1",2
"X1_CTCAAGAGTGTGTGTT.1",3
"X1_CTCAAGATCCTTGACC.1",4
"X1_CTCAAGATCTCTCTTC.1",5
"X1_CTCAAGATCTGTCTCG.1",8
"X1_CTCAATTAGAGTTCGG.1",5
"X1_CTCAATTAGCCAAGCA.1",6
"X1_CTCAATTAGGCTCAAG.1",7
"X1_CTCAATTAGGTTGGTG.1",7
"X1_CTCAATTAGTAGGATT.1",1
"X1_CTCAATTCATACGCAT.1",7
"X1_CTCAATTGTAAGCGGT.1",1
"X1_CTCAATTGTCAGACGA.1",4
"X1_CTCAATTGTCCAGTTA.1",4
"X1_CTCAATTGTGTATACC.1",7
"X1_CTCAATTGTGTGGTCC.1",2
"X1_CTCAATTTCACAGTGT.1",1000
"X1_CTCAATTTCATCCCGT.1",4
"X1_CTCAATTTCCCAGTGG.1",8
"X1_CTCAATTTCCTTGGAA.1",2
"X1_CTCAATTTCGCTGACG.1",3
"X1_CTCACTGAGAACTGAT.1",1
"X1_CTCACTGAGAGGTCAC.1",1000
"X1_CTCACTGAGCGCCTTG.1",3
"X1_CTCACTGAGTAGTCAA.1",3
"X1_CTCACTGCACATGGTT.1",4
"X1_CTCACTGCAGACATCT.1",3
"X1_CTCACTGCAGCATTGT.1",6
"X1_CTCACTGCAGTTTCAG.1",3
"X1_CTCACTGGTAGCTAAA.1",5
"X1_CTCACTGGTAGGCAAC.1",3
"X1_CTCACTGGTATCACGT.1",1000
"X1_CTCACTGTCACTGTCC.1",8
"X1_CTCACTGTCCACGTAA.1",1
"X1_CTCACTGTCCTAGCTC.1",1000
"X1_CTCAGAAAGAAGGTAG.1",3
"X1_CTCAGAAAGCTCAGAG.1",6
"X1_CTCAGAAAGGTGATAT.1",1
"X1_CTCAGAACAACCAACT.1",3
"X1_CTCAGAACAACCTATG.1",4
"X1_CTCAGAACAGCGATTT.1",2
"X1_CTCAGAACAGGGCTTC.1",3
"X1_CTCAGAACATGCCGCA.1",3
"X1_CTCAGAAGTGGATGAC.1",8
"X1_CTCAGAAGTGTAACGG.1",1
"X1_CTCAGAAGTGTTCCTC.1",3
"X1_CTCAGAAGTTGCTCAA.1",7
"X1_CTCAGAATCTCAGGCG.1",7
"X1_CTCAGGGAGACCAGCA.1",3
"X1_CTCAGGGAGATTGAGT.1",8
"X1_CTCAGGGAGCAGCCTC.1",4
"X1_CTCAGGGAGTCATGAA.1",1000
"X1_CTCAGGGCAACATACC.1",5
"X1_CTCAGGGCAGCTCGGT.1",1
"X1_CTCAGGGGTACGATCT.1",4
"X1_CTCAGGGGTGCCTATA.1",4
"X1_CTCAGGGGTGCTGTCG.1",4
"X1_CTCAGGGTCACAGTGT.1",7
"X1_CTCAGGGTCATATGGC.1",7
"X1_CTCAGGGTCGTTCCTG.1",4
"X1_CTCAGGGTCTGGGCGT.1",1
"X1_CTCAGTCAGTCATACC.1",7
"X1_CTCAGTCCACGAGGAT.1",3
"X1_CTCAGTCCAGCGGATA.1",6
"X1_CTCAGTCGTAGCTTAC.1",2
"X1_CTCAGTCGTTAACCTG.1",1
"X1_CTCAGTCGTTGAGTCT.1",4
"X1_CTCAGTCTCTGCAGCG.1",3
"X1_CTCATCGAGAAACCAT.1",8
"X1_CTCATCGAGATGCGAC.1",8
"X1_CTCATCGAGCCTAGGA.1",8
"X1_CTCATCGAGGTAAGTT.1",3
"X1_CTCATCGAGTGGTTCT.1",1
"X1_CTCATCGAGTGTTGTC.1",6
"X1_CTCATCGCAAATCAAG.1",1000
"X1_CTCATCGCAAGAGAGA.1",1
"X1_CTCATCGCAGAGTCTT.1",1
"X1_CTCATCGCATCATTGG.1",4
"X1_CTCATCGCATTCAGGT.1",2
"X1_CTCATCGGTTCGGGTC.1",5
"X1_CTCATGCAGATTTGCC.1",1
"X1_CTCATGCAGGAAAGGT.1",5
"X1_CTCATGCAGTAAGGGA.1",4
"X1_CTCATGCAGTATGAGT.1",5
"X1_CTCATGCAGTGTCATC.1",1000
"X1_CTCATGCCAACAAGTA.1",1000
"X1_CTCATGCCAACAGCTT.1",1
"X1_CTCATGCGTCACCTTC.1",3
"X1_CTCATGCGTGATTCAC.1",7
"X1_CTCATGCGTTTGGGTT.1",1000
"X1_CTCATGCTCATAGAGA.1",3
"X1_CTCATGCTCCCTCTTT.1",2
"X1_CTCATGCTCGCCTTGT.1",6
"X1_CTCATGCTCTCAACGA.1",8
"X1_CTCATTAAGAAACCAT.1",2
"X1_CTCATTAAGAGCATCG.1",2
"X1_CTCATTAAGATTGAGT.1",3
"X1_CTCATTAAGCACCTGC.1",2
"X1_CTCATTAAGGTGGGTT.1",3
"X1_CTCATTAAGTAGTCTC.1",7
"X1_CTCATTACAAGAGTGC.1",4
"X1_CTCATTACAAGGCGTA.1",2
"X1_CTCATTACACAACGAG.1",7
"X1_CTCATTACAGAGGACT.1",1000
"X1_CTCATTAGTAACGCGA.1",4
"X1_CTCATTAGTCAGACTT.1",6
"X1_CTCATTAGTGAAAGTT.1",3
"X1_CTCATTAGTGGGCTCT.1",4
"X1_CTCATTAGTTAAACCC.1",3
"X1_CTCATTAGTTGCATAC.1",1
"X1_CTCATTATCGAGTCTA.1",3
"X1_CTCATTATCGATAACC.1",8
"X1_CTCATTATCTCAGGCG.1",7
"X1_CTCATTATCTTTCAGT.1",2
"X1_CTCCAACAGGGATGTC.1",5
"X1_CTCCAACAGGTAAGTT.1",4
"X1_CTCCAACAGTGCGTCC.1",2
"X1_CTCCAACAGTGTCATC.1",1
"X1_CTCCAACAGTTTCGAC.1",5
"X1_CTCCAACGTAGCGATG.1",4
"X1_CTCCAACGTCCGGTGT.1",5
"X1_CTCCAACGTCTATGAC.1",8
"X1_CTCCAACTCAAAGACA.1",5
"X1_CTCCAACTCGAACTCA.1",2
"X1_CTCCAACTCTCAAAGC.1",1
"X1_CTCCACAAGAGGCTGT.1",6
"X1_CTCCACAAGCCTTCTC.1",3
"X1_CTCCACAAGGGAGGCA.1",3
"X1_CTCCACAAGGTCCCTG.1",7
"X1_CTCCACAAGTGGAATT.1",1000
"X1_CTCCACACAAAGAACT.1",2
"X1_CTCCACACAACTAGAA.1",1
"X1_CTCCACACATCGGCCA.1",5
"X1_CTCCACATCCCGAGGT.1",7
"X1_CTCCATGAGTGATAAC.1",6
"X1_CTCCATGCAGCGTACC.1",6
"X1_CTCCATGCAGGCTTGC.1",7
"X1_CTCCATGCAGGGTCTC.1",1000
"X1_CTCCATGCATCCAACA.1",4
"X1_CTCCATGGTTACCCAA.1",4
"X1_CTCCATGGTTCAAGTC.1",8
"X1_CTCCATGGTTCCGTTC.1",7
"X1_CTCCATGTCGGCTCTT.1",8
"X1_CTCCCAACAAAGGATT.1",7
"X1_CTCCCAACAGAGTAAT.1",1
"X1_CTCCCAACATCGGCCA.1",5
"X1_CTCCCAAGTATTCCTT.1",7
"X1_CTCCCAAGTGGTTCTA.1",7
"X1_CTCCCAAGTTGCGGCT.1",1
"X1_CTCCCAAGTTGTACGT.1",3
"X1_CTCCCTCAGAGAGCCT.1",1
"X1_CTCCCTCAGAGTTGTA.1",5
"X1_CTCCCTCAGCGGACAT.1",5
"X1_CTCCCTCAGGAGTATT.1",1
"X1_CTCCCTCAGGGAGAAT.1",7
"X1_CTCCCTCAGGTCCAGA.1",7
"X1_CTCCCTCCATACCGTA.1",4
"X1_CTCCCTCCATCCCGTT.1",1
"X1_CTCCCTCGTAATCAGA.1",8
"X1_CTCCCTCGTAGAGATT.1",7
"X1_CTCCCTCGTCGCTTGG.1",6
"X1_CTCCCTCGTGACTCGC.1",4
"X1_CTCCCTCGTGTTCATG.1",7
"X1_CTCCCTCGTTACCTGA.1",8
"X1_CTCCCTCTCCAGCAAT.1",3
"X1_CTCCCTCTCTGCCTGT.1",2
"X1_CTCCCTCTCTTCTGTA.1",6
"X1_CTCCGATAGAAATTCG.1",1
"X1_CTCCGATAGTTGCCTA.1",6
"X1_CTCCGATCAATAACCC.1",5
"X1_CTCCGATCACCAGGTC.1",2
"X1_CTCCGATCATTAGGCT.1",8
"X1_CTCCGATGTATAGCTC.1",7
"X1_CTCCGATGTTCCAAAC.1",8
"X1_CTCCGATTCACAGTGT.1",8
"X1_CTCCGATTCATGCATG.1",5
"X1_CTCCGATTCCCGTGTT.1",3
"X1_CTCCGATTCCGGTAGC.1",1
"X1_CTCCTCCAGACCATAA.1",1000
"X1_CTCCTCCAGCAGTAAT.1",6
"X1_CTCCTCCAGGTGCCAA.1",4
"X1_CTCCTCCCACGCGTGT.1",4
"X1_CTCCTCCCACTGAGTT.1",6
"X1_CTCCTCCCAGCCCACA.1",2
"X1_CTCCTCCCATCGCCTT.1",4
"X1_CTCCTCCCATTCACCC.1",5
"X1_CTCCTCCCATTGACTG.1",2
"X1_CTCCTCCGTACGCTAT.1",2
"X1_CTCCTCCGTACGTGAG.1",1000
"X1_CTCCTCCGTCAGTCCG.1",5
"X1_CTCCTCCGTCTACTGA.1",1
"X1_CTCCTCCGTGAATTAG.1",3
"X1_CTCCTCCTCCTATGGA.1",2
"X1_CTCCTCCTCGACGTCG.1",2
"X1_CTCCTTTAGACTGAGC.1",4
"X1_CTCCTTTAGCGCCTTG.1",3
"X1_CTCCTTTAGGAACGAA.1",3
"X1_CTCCTTTAGTCACGCC.1",5
"X1_CTCCTTTCAAATTAGG.1",5
"X1_CTCCTTTCAGGGAGAG.1",3
"X1_CTCCTTTCATACCATG.1",8
"X1_CTCCTTTCATTGACTG.1",5
"X1_CTCCTTTGTGACACAG.1",3
"X1_CTCCTTTGTTCTAAGC.1",5
"X1_CTCCTTTTCTTCCAGC.1",8
"X1_CTCGAGGAGCCACTCG.1",6
"X1_CTCGAGGCAACGCATT.1",3
"X1_CTCGAGGCACTTGAAC.1",7
"X1_CTCGAGGCAGAGCTAG.1",1000
"X1_CTCGAGGCATGACGGA.1",3
"X1_CTCGAGGGTAGATTAG.1",7
"X1_CTCGAGGGTCGTAATC.1",6
"X1_CTCGAGGTCACTTGGA.1",4
"X1_CTCGAGGTCCACCTCA.1",2
"X1_CTCGAGGTCTTGGATG.1",6
"X1_CTCTCAGAGCCATTCA.1",7
"X1_CTCTCAGAGGAGATAG.1",3
"X1_CTCTCAGCAACGGTAG.1",2
"X1_CTCTCAGCAAGCGATG.1",1000
"X1_CTCTCAGCAAGCTGCC.1",3
"X1_CTCTCAGGTATTTCGG.1",4
"X1_CTCTCAGGTCTAATCG.1",7
"X1_CTCTCAGTCAGGAAAT.1",3
"X1_CTCTCAGTCCTCACTG.1",1000
"X1_CTCTCAGTCTGGTCAA.1",2
"X1_CTCTCGACAGTCCCGA.1",6
"X1_CTCTCGAGTCAATGGG.1",3
"X1_CTCTCGAGTCCCTCAT.1",6
"X1_CTCTCGAGTCTACGAT.1",6
"X1_CTCTCGAGTGTTTGCA.1",1
"X1_CTCTCGAGTTATGGTC.1",5
"X1_CTCTCGATCACAGAGG.1",7
"X1_CTCTCGATCAGACCCG.1",3
"X1_CTCTCGATCCTGGCTT.1",5
"X1_CTCTCGATCTCCTACG.1",6
"X1_CTCTGGTAGCTGACTT.1",7
"X1_CTCTGGTAGGTACAAT.1",8
"X1_CTCTGGTCACAGTGAG.1",1
"X1_CTCTGGTCACATGTTG.1",5
"X1_CTCTGGTCAGAAATCA.1",3
"X1_CTCTGGTCATTGCTGA.1",4
"X1_CTCTGGTGTATACGGG.1",8
"X1_CTCTGGTGTCCTTGTC.1",4
"X1_CTCTGGTGTCGCACGT.1",2
"X1_CTCTGGTGTCTGTAGT.1",7
"X1_CTCTGGTTCTGCCTCA.1",7
"X1_CTCTGGTTCTGCCTGT.1",7
"X1_CTCTGGTTCTTCTAAC.1",4
"X1_CTGAATGAGACTGGGT.1",6
"X1_CTGAATGAGGTTATAG.1",3
"X1_CTGAATGAGTACAGAT.1",7
"X1_CTGAATGAGTTGGAGC.1",3
"X1_CTGAATGCAAATGCTC.1",5
"X1_CTGAATGCACAAGGTG.1",4
"X1_CTGAATGGTAACTTCG.1",3
"X1_CTGAATGGTACAATAG.1",6
"X1_CTGAATGGTCTGTCAA.1",6
"X1_CTGAATGGTTCGTAAC.1",5
"X1_CTGAATGGTTTGCAGT.1",3
"X1_CTGAATGTCCATATGG.1",4
"X1_CTGAATGTCGCGAAGA.1",3
"X1_CTGAATGTCGCTTGCT.1",4
"X1_CTGAATGTCGGAATGG.1",6
"X1_CTGAGCGAGATAGCTA.1",8
"X1_CTGAGCGAGCGCCGTT.1",6
"X1_CTGAGCGAGCGTCAGA.1",2
"X1_CTGAGCGAGGTAGCCA.1",5
"X1_CTGAGCGAGTGCTCAT.1",4
"X1_CTGAGCGCAACGAGGT.1",4
"X1_CTGAGCGCAGGCAATG.1",5
"X1_CTGAGCGCATAAGATG.1",4
"X1_CTGAGCGCATATCTGG.1",3
"X1_CTGAGCGCATTATGCG.1",7
"X1_CTGAGCGGTACAAACA.1",6
"X1_CTGAGCGGTTACCTTT.1",8
"X1_CTGAGCGTCCCTTCCC.1",3
"X1_CTGAGCGTCTCACCCA.1",7
"X1_CTGAGCGTCTGTCGCT.1",2
"X1_CTGAGGCAGAAGCTCG.1",3
"X1_CTGAGGCAGGCTATCT.1",5
"X1_CTGAGGCCAAACTCTG.1",3
"X1_CTGAGGCCAATCCTAG.1",1
"X1_CTGAGGCCACTTCAAG.1",1
"X1_CTGAGGCCATACTGTG.1",6
"X1_CTGAGGCGTAAGTTAG.1",1
"X1_CTGAGGCGTACAGTCT.1",4
"X1_CTGAGGCGTCGAAGCA.1",6
"X1_CTGAGGCGTCTGTCAA.1",2
"X1_CTGAGGCGTTATTCTC.1",4
"X1_CTGAGGCTCACGGGCT.1",1
"X1_CTGAGGCTCCATCTAT.1",8
"X1_CTGAGGCTCGCCCAGA.1",3
"X1_CTGATCCAGCACCTGC.1",3
"X1_CTGATCCAGCCGATTT.1",4
"X1_CTGATCCAGGCGAACT.1",4
"X1_CTGATCCAGTATTCCG.1",3
"X1_CTGATCCAGTTGAATG.1",5
"X1_CTGATCCCAACAACAA.1",7
"X1_CTGATCCCAAGAGGCT.1",1
"X1_CTGATCCCAAGTGGAC.1",7
"X1_CTGATCCCAGAGATGC.1",8
"X1_CTGATCCGTTCGAACT.1",1
"X1_CTGATCCTCGATTTCT.1",2
"X1_CTGATCCTCGCGCCAA.1",1000
"X1_CTGATCCTCGGAAGGT.1",8
"X1_CTGATCCTCGTAACCA.1",7
"X1_CTGCAGGCAATAGGAT.1",2
"X1_CTGCAGGCAGCTACTA.1",8
"X1_CTGCAGGGTAGATGTA.1",1
"X1_CTGCAGGGTCCCTAAA.1",5
"X1_CTGCAGGGTCGCATCG.1",8
"X1_CTGCAGGGTCTACAGT.1",5
"X1_CTGCAGGGTCTTCTAT.1",6
"X1_CTGCAGGGTGTCCACG.1",4
"X1_CTGCAGGGTTCGAACT.1",8
"X1_CTGCATCAGTAGGATT.1",4
"X1_CTGCATCAGTCTTCGA.1",8
"X1_CTGCATCCAAAGCGTG.1",7
"X1_CTGCATCCAAATGGCG.1",6
"X1_CTGCATCGTAGCTCGC.1",7
"X1_CTGCATCGTGCCCACA.1",2
"X1_CTGCATCTCCGCATAA.1",2
"X1_CTGCATCTCCGTCAAA.1",2
"X1_CTGCATCTCTCCGAAA.1",3
"X1_CTGCATCTCTCTCGAC.1",6
"X1_CTGCATCTCTCTTCAA.1",5
"X1_CTGCCATAGAAGCTGC.1",4
"X1_CTGCCATAGATAACGT.1",2
"X1_CTGCCATAGCAGTCTT.1",8
"X1_CTGCCATAGCCTGTGC.1",7
"X1_CTGCCATAGTGGTTAA.1",5
"X1_CTGCCATCACACACTA.1",1000
"X1_CTGCCATCATCCTAAG.1",3
"X1_CTGCCATCATGAAGGC.1",2
"X1_CTGCCATGTATGAAGT.1",5
"X1_CTGCCATGTCATCCCT.1",6
"X1_CTGCCATGTTTACCAG.1",8
"X1_CTGCCATTCATCTACT.1",4
"X1_CTGCCATTCGTTCAGA.1",3
"X1_CTGCCATTCTGAATCG.1",8
"X1_CTGCCATTCTTTGCTA.1",8
"X1_CTGCCTAAGACGTCGA.1",4
"X1_CTGCCTAAGAGTCGAC.1",3
"X1_CTGCCTAAGCTCCACG.1",2
"X1_CTGCCTAAGGGAGGGT.1",8
"X1_CTGCCTACACCAGCCA.1",4
"X1_CTGCCTACATTGACCA.1",6
"X1_CTGCCTAGTATCTCTT.1",4
"X1_CTGCCTAGTTATAGCC.1",8
"X1_CTGCCTAGTTGCGGAA.1",7
"X1_CTGCCTATCAGCTGAT.1",5
"X1_CTGCCTATCATTCCTA.1",5
"X1_CTGCCTATCCCGAGGT.1",3
"X1_CTGCCTATCCCTTCCC.1",8
"X1_CTGCCTATCGGTATGT.1",6
"X1_CTGCGAGAGCAGTCTT.1",2
"X1_CTGCGAGAGCCATTCA.1",3
"X1_CTGCGAGAGGTAAGGA.1",5
"X1_CTGCGAGAGGTCCCTG.1",5
"X1_CTGCGAGAGGTGTGAC.1",5
"X1_CTGCGAGAGTCCTGTA.1",7
"X1_CTGCGAGCAAACTCGT.1",2
"X1_CTGCGAGGTAGTTCCA.1",5
"X1_CTGCGAGGTCAGTCTA.1",5
"X1_CTGCGAGGTCGTATTG.1",7
"X1_CTGCGAGGTCTACAAC.1",4
"X1_CTGCGAGGTCTCAAGT.1",3
"X1_CTGCGAGGTGGCAACA.1",6
"X1_CTGCGAGGTTTACTTC.1",8
"X1_CTGCGAGTCAAGCGTT.1",6
"X1_CTGCGAGTCCATCACC.1",3
"X1_CTGCTCAAGGAATTAC.1",5
"X1_CTGCTCAAGGCTTCCG.1",7
"X1_CTGCTCAAGTCTGGTT.1",2
"X1_CTGCTCACACACGGTC.1",6
"X1_CTGCTCACACTCACTC.1",1000
"X1_CTGCTCACACTGGAAG.1",4
"X1_CTGCTCACATCGCTAA.1",2
"X1_CTGCTCATCCGTGTAA.1",7
"X1_CTGGACGAGATTTGCC.1",4
"X1_CTGGACGAGGAGCTGT.1",5
"X1_CTGGACGAGTTGTCGT.1",4
"X1_CTGGACGGTCTACGTA.1",3
"X1_CTGGACGGTGAGAACC.1",1
"X1_CTGGACGTCAGCTTGA.1",2
"X1_CTGGACGTCAGGTAAA.1",7
"X1_CTGGACGTCCTGCCAT.1",5
"X1_CTGGACGTCTGACAGT.1",4
"X1_CTGGACGTCTTAGCTT.1",5
"X1_CTGGCAGAGCACCTGC.1",4
"X1_CTGGCAGAGTGTTGAA.1",5
"X1_CTGGCAGCATTATGCG.1",2
"X1_CTGGCAGGTACATTGC.1",2
"X1_CTGGCAGGTATCGTAC.1",4
"X1_CTGGCAGGTCAAACGG.1",4
"X1_CTGGCAGGTTAGGAGC.1",8
"X1_CTGGCAGGTTGCATCA.1",7
"X1_CTGGCAGGTTGTTGCA.1",5
"X1_CTGGCAGGTTTACGTG.1",3
"X1_CTGGCAGGTTTGTGGT.1",5
"X1_CTGGCAGTCACAAGGG.1",1000
"X1_CTGGCAGTCCTCACGT.1",2
"X1_CTGGCAGTCGACGAGA.1",6
"X1_CTGGCAGTCTGTAACG.1",7
"X1_CTGGTCTAGCCTCATA.1",2
"X1_CTGGTCTAGCTCGGCT.1",5
"X1_CTGGTCTAGGCTGTAG.1",5
"X1_CTGGTCTAGTCCTGCG.1",3
"X1_CTGGTCTCAACTCGTA.1",6
"X1_CTGGTCTCAGCATCTA.1",5
"X1_CTGGTCTGTCACCGCA.1",4
"X1_CTGGTCTGTCAGACGA.1",7
"X1_CTGGTCTGTCTCACGG.1",2
"X1_CTGGTCTGTGAATGTA.1",6
"X1_CTGGTCTGTGTCCGGT.1",1000
"X1_CTGGTCTGTTCGAACT.1",2
"X1_CTGGTCTTCATTACCT.1",2
"X1_CTGGTCTTCCGTGTCT.1",5
"X1_CTGGTCTTCTTCGGAA.1",3
"X1_CTGTACCCACTACGGC.1",4
"X1_CTGTACCCATATGGCT.1",5
"X1_CTGTACCGTCCAAAGG.1",5
"X1_CTGTACCGTCCTCAGG.1",1000
"X1_CTGTACCGTCGAAACG.1",8
"X1_CTGTACCGTCGAGCTC.1",3
"X1_CTGTACCGTGGCCACT.1",4
"X1_CTGTACCTCCATTGTT.1",1000
"X1_CTGTACCTCCCAAGCG.1",5
"X1_CTGTACCTCTAATTCC.1",2
"X1_CTGTACCTCTCGACCT.1",5
"X1_CTGTACCTCTGCCTCA.1",3
"X1_CTGTAGACAAACGGCA.1",6
"X1_CTGTAGAGTCCCGCAA.1",2
"X1_CTGTAGAGTGAGTTGG.1",1
"X1_CTGTAGAGTTAAGGGC.1",3
"X1_CTGTAGAGTTCTTCAT.1",7
"X1_CTGTATTAGCAACAAT.1",8
"X1_CTGTATTAGGATACAT.1",3
"X1_CTGTATTAGGCTTAAA.1",7
"X1_CTGTATTAGTAGGGTC.1",7
"X1_CTGTATTCACTGTCGG.1",2
"X1_CTGTATTCATGTCGTA.1",2
"X1_CTGTATTGTCCGTTTC.1",3
"X1_CTGTATTGTTCTGAGT.1",1
"X1_CTGTATTGTTTGTGGT.1",2
"X1_CTGTATTTCACCTTGC.1",7
"X1_CTGTATTTCAGATTGC.1",5
"X1_CTGTATTTCGGTAGGA.1",8
"X1_CTGTCGTAGCATGCAG.1",5
"X1_CTGTCGTAGCTGTTAC.1",2
"X1_CTGTCGTAGGAGCTGT.1",3
"X1_CTGTCGTAGTCTACCA.1",4
"X1_CTGTCGTAGTTGAATG.1",4
"X1_CTGTCGTCAACTAGAA.1",4
"X1_CTGTCGTCAAGTAGTA.1",1
"X1_CTGTCGTCATACTGTG.1",6
"X1_CTGTCGTCATCATCTT.1",2
"X1_CTGTCGTGTGATACTC.1",5
"X1_CTGTCGTGTGTGGTCC.1",7
"X1_CTGTCGTGTTGCGAAG.1",6
"X1_CTGTCGTTCACCCTGT.1",8
"X1_CTGTCGTTCACTCACC.1",6
"X1_CTGTCGTTCGAGGCAA.1",7
"X1_CTGTGAAAGCTAAATG.1",5
"X1_CTGTGAAAGGATCATA.1",6
"X1_CTGTGAAAGGCAGTCA.1",8
"X1_CTGTGAAAGGGTGAGG.1",4
"X1_CTGTGAAAGTACTGGG.1",6
"X1_CTGTGAAAGTATGAAC.1",8
"X1_CTGTGAACAAACAGGC.1",5
"X1_CTGTGAACAAGTGGGT.1",8
"X1_CTGTGAACACGTAGTT.1",1
"X1_CTGTGAACAGTTTCAG.1",8
"X1_CTGTGAACATACCACA.1",7
"X1_CTGTGAACATCGGATT.1",5
"X1_CTGTGAACATGACTAC.1",3
"X1_CTGTGAAGTATGAAGT.1",5
"X1_CTGTGAAGTCATCAGT.1",3
"X1_CTGTGAAGTCGTAATC.1",5
"X1_CTGTGAAGTGGTAATA.1",6
"X1_CTGTGAAGTTCCACAA.1",2
"X1_CTGTGAAGTTGGTAGG.1",8
"X1_CTGTGAATCATAGAGA.1",1
"X1_CTGTGAATCATTTGCT.1",5
"X1_CTGTGAATCCTTTGAT.1",4
"X1_CTGTGAATCTCAACCC.1",3
"X1_CTGTGAATCTTAATCC.1",3
"X1_CTGTGGGAGCATATGA.1",8
"X1_CTGTGGGCAAGCACAG.1",6
"X1_CTGTGGGCAAGTGGCA.1",4
"X1_CTGTGGGCACAAACGG.1",6
"X1_CTGTGGGCACCCTGAG.1",3
"X1_CTGTGGGCACTTGACA.1",4
"X1_CTGTGGGCAGTTGTTG.1",7
"X1_CTGTGGGGTAAGCTCT.1",5
"X1_CTGTGGGGTACGTTCA.1",1
"X1_CTGTGGGGTGTGTTTG.1",3
"X1_CTGTGGGTCACGTAGT.1",1000
"X1_CTGTGGGTCCGGCAGT.1",3
"X1_CTGTGGGTCGCCTTGT.1",2
"X1_CTGTGGGTCTCTTCAA.1",2
"X1_CTTACCGAGCACCCAC.1",2
"X1_CTTACCGAGGAAAGTG.1",5
"X1_CTTACCGAGGTGCTTT.1",6
"X1_CTTACCGAGTCATACC.1",5
"X1_CTTACCGCAATTCACG.1",2
"X1_CTTACCGCACGATTCA.1",4
"X1_CTTACCGCAGGAGACT.1",5
"X1_CTTACCGCAGTGGGTA.1",3
"X1_CTTACCGCATGTTACG.1",3
"X1_CTTACCGCATTCTGTT.1",3
"X1_CTTACCGGTCACTGAT.1",4
"X1_CTTACCGGTCCCAAAT.1",2
"X1_CTTACCGGTTACGGAG.1",5
"X1_CTTACCGTCAAGGACG.1",8
"X1_CTTACCGTCCGAGATT.1",5
"X1_CTTACCGTCGCCTAGG.1",1000
"X1_CTTACCGTCTATCGTT.1",1000
"X1_CTTAGGAAGACATAAC.1",8
"X1_CTTAGGAAGAGCAACC.1",1
"X1_CTTAGGAAGCCGTCGT.1",2
"X1_CTTAGGAAGCGACATG.1",5
"X1_CTTAGGAAGCGATCGA.1",8
"X1_CTTAGGAAGGGCAGTT.1",7
"X1_CTTAGGAAGTAGAATC.1",5
"X1_CTTAGGAAGTCCCAAT.1",2
"X1_CTTAGGACAATCCTAG.1",4
"X1_CTTAGGACACCGGTCA.1",4
"X1_CTTAGGACACTAAACC.1",1000
"X1_CTTAGGACAGTCAGTT.1",5
"X1_CTTAGGACATCCGTGG.1",3
"X1_CTTAGGAGTATATGGA.1",8
"X1_CTTAGGAGTTCCGCGA.1",4
"X1_CTTAGGAGTTGAAGTA.1",3
"X1_CTTAGGAGTTGCCAAT.1",5
"X1_CTTAGGATCAACCTCC.1",5
"X1_CTTAGGATCCTAGCCT.1",8
"X1_CTTCAATAGAAGCTGC.1",3
"X1_CTTCAATAGCCTCTCT.1",8
"X1_CTTCAATAGCCTTTCC.1",7
"X1_CTTCAATAGCGTTGTT.1",8
"X1_CTTCAATAGGAACGCT.1",3
"X1_CTTCAATAGGATTTAG.1",3
"X1_CTTCAATAGGTTGCCC.1",4
"X1_CTTCAATAGTGCAGGT.1",2
"X1_CTTCAATCACTAGGCC.1",7
"X1_CTTCAATCAGTAACGG.1",8
"X1_CTTCAATTCACGGACC.1",7
"X1_CTTCAATTCGGTGTTA.1",6
"X1_CTTCCGAAGACTTAAG.1",2
"X1_CTTCCGAAGCCAAGCA.1",2
"X1_CTTCCGAAGCCATTGT.1",7
"X1_CTTCCGAAGTGAGGCT.1",7
"X1_CTTCCGACAAGTGATA.1",3
"X1_CTTCCGACACAGTACT.1",8
"X1_CTTCCGACAGAATGTA.1",8
"X1_CTTCCGACAGCTACTA.1",4
"X1_CTTCCGACATGTGACT.1",2
"X1_CTTCCGAGTCGACTTA.1",4
"X1_CTTCCGAGTCTGTGGC.1",6
"X1_CTTCCGATCAGTCATG.1",4
"X1_CTTCCGATCATTGCCC.1",4
"X1_CTTCCGATCCCGGTAG.1",2
"X1_CTTCCGATCCCTATTA.1",2
"X1_CTTCCGATCCTACGGG.1",1
"X1_CTTCCGATCGTAGAGG.1",6
"X1_CTTCCGATCTGTCGCT.1",1
"X1_CTTCCGATCTTTGATC.1",8
"X1_CTTCCTTAGAGCATTA.1",4
"X1_CTTCCTTCACCTGCTT.1",8
"X1_CTTCCTTCACGCTATA.1",2
"X1_CTTCCTTGTATGAGAT.1",6
"X1_CTTCCTTGTGAATTAG.1",4
"X1_CTTCCTTGTGGTCCGT.1",1
"X1_CTTCCTTTCCACTTCG.1",6
"X1_CTTCCTTTCTTAGCCC.1",3
"X1_CTTCGGTAGAAGTCCG.1",6
"X1_CTTCGGTAGAGTTGTA.1",3
"X1_CTTCGGTAGATCCAAA.1",4
"X1_CTTCGGTAGCCATCCG.1",8
"X1_CTTCGGTAGGAACATT.1",3
"X1_CTTCGGTAGGAGAATG.1",3
"X1_CTTCGGTAGGCATGGT.1",4
"X1_CTTCGGTAGGGTAATT.1",8
"X1_CTTCGGTCAAATCAAG.1",2
"X1_CTTCGGTCAAATCGGG.1",1
"X1_CTTCGGTGTACTCCGG.1",8
"X1_CTTCGGTGTGATACTC.1",1000
"X1_CTTCGGTGTTGCTGAT.1",5
"X1_CTTCGGTGTTTGACAC.1",3
"X1_CTTCGGTTCCGCTAGG.1",3
"X1_CTTCTAAAGATGAACT.1",1
"X1_CTTCTAAAGTCCTACA.1",4
"X1_CTTCTAAAGTTGTCGT.1",5
"X1_CTTCTAACAACGGGTA.1",5
"X1_CTTCTAACAGGCACTC.1",2
"X1_CTTCTAACATAAGCAA.1",1
"X1_CTTCTAAGTATAGGGC.1",1
"X1_CTTCTAAGTCAACACT.1",3
"X1_CTTCTAAGTGCCCTTT.1",3
"X1_CTTCTAAGTGTAAACA.1",7
"X1_CTTCTAAGTTGCCGCA.1",7
"X1_CTTCTAATCAACCTCC.1",2
"X1_CTTCTAATCGGACTGC.1",3
"X1_CTTCTAATCTGAGATC.1",8
"X1_CTTCTCTCAGGATCTT.1",6
"X1_CTTCTCTCATCCAATG.1",7
"X1_CTTCTCTGTACTAACC.1",5
"X1_CTTCTCTGTATGGGAC.1",5
"X1_CTTCTCTGTGAAAGTT.1",1
"X1_CTTCTCTGTGGCCCAT.1",6
"X1_CTTCTCTTCATTTGCT.1",2
"X1_CTTGAGACAAATGGTA.1",3
"X1_CTTGAGACACGGGCTT.1",5
"X1_CTTGAGACACTGGCCA.1",7
"X1_CTTGAGATCATCAGTG.1",3
"X1_CTTGAGATCCGGACTG.1",5
"X1_CTTGATTAGCTGTGCC.1",2
"X1_CTTGATTAGGTCGTGA.1",4
"X1_CTTGATTAGTGCCTCG.1",7
"X1_CTTGATTCACCTCTGT.1",3
"X1_CTTGATTCATCATTGG.1",3
"X1_CTTGATTGTCTTGGTA.1",2
"X1_CTTGATTTCGCAGTTA.1",3
"X1_CTTGATTTCTGGACCG.1",4
"X1_CTTTCAAAGAACTGAT.1",3
"X1_CTTTCAAAGCTCTTCC.1",1
"X1_CTTTCAAAGCTGTGCC.1",7
"X1_CTTTCAAAGGTATCTC.1",3
"X1_CTTTCAAAGTAAAGCT.1",8
"X1_CTTTCAAAGTGTACCT.1",7
"X1_CTTTCAACAACTTGCA.1",6
"X1_CTTTCAACATCCAATG.1",8
"X1_CTTTCAACATCCTTGC.1",4
"X1_CTTTCAACATGACGTT.1",3
"X1_CTTTCAACATTAAAGG.1",8
"X1_CTTTCAACATTCTGTT.1",4
"X1_CTTTCAAGTGTTACTG.1",5
"X1_CTTTCAAGTTGACGGA.1",5
"X1_CTTTCAATCCTCCACA.1",8
"X1_CTTTCGGAGATAACAC.1",5
"X1_CTTTCGGAGGACACTG.1",1000
"X1_CTTTCGGAGTCGGGAT.1",3
"X1_CTTTCGGCAGGAATCG.1",4
"X1_CTTTCGGGTCATATGC.1",7
"X1_CTTTCGGGTGGTCTCG.1",5
"X1_CTTTCGGGTGTTGATC.1",2
"X1_CTTTCGGTCAATCTTC.1",5
"X1_CTTTCGGTCGCACGGT.1",3
"X1_CTTTCGGTCTTGGATG.1",3
"X1_GAAACCTCAATCCTTT.1",5
"X1_GAAACCTCACACAGAG.1",5
"X1_GAAACCTCATATGCGT.1",3
"X1_GAAACCTGTCGGCCTA.1",4
"X1_GAAACCTGTGCACATT.1",6
"X1_GAAACCTGTGTCCCTT.1",7
"X1_GAAACCTGTTTCGTAG.1",1
"X1_GAAACCTTCACTGCTC.1",1
"X1_GAAACCTTCCACTAGA.1",4
"X1_GAAACCTTCTCTCCGA.1",8
"X1_GAAATGAAGACACACG.1",2
"X1_GAAATGAAGCGATGGT.1",2
"X1_GAAATGACAGAGCCCT.1",2
"X1_GAAATGACATTCACAG.1",6
"X1_GAAATGAGTATCAGCT.1",4
"X1_GAAATGATCGTAGGGA.1",4
"X1_GAACACTAGGTTACCT.1",7
"X1_GAACACTAGTAGACAT.1",2
"X1_GAACACTAGTCATCGT.1",2
"X1_GAACACTCAAGGCGTA.1",8
"X1_GAACACTCAATGAGCG.1",3
"X1_GAACACTCAGCTGTCG.1",1
"X1_GAACACTGTATCGCTA.1",6
"X1_GAACACTGTCAACGCC.1",5
"X1_GAACACTGTCACTAGT.1",5
"X1_GAACACTGTGGGCTTC.1",3
"X1_GAACACTGTGTCCTAA.1",6
"X1_GAACACTTCAGGTAAA.1",3
"X1_GAACACTTCCAACACA.1",5
"X1_GAACACTTCCTTATGT.1",3
"X1_GAACACTTCGTTCTGC.1",8
"X1_GAACGTTCAAACACGG.1",7
"X1_GAACGTTCAACACACT.1",6
"X1_GAACGTTCACCCAAGC.1",5
"X1_GAACGTTCAGCAGGAT.1",7
"X1_GAACGTTGTACGTTCA.1",1
"X1_GAACGTTGTATCGAAA.1",5
"X1_GAACGTTTCCATAAGC.1",4
"X1_GAACGTTTCCCATAGA.1",7
"X1_GAACGTTTCGGCACTG.1",2
"X1_GAACTGTAGATTGACA.1",5
"X1_GAACTGTAGTGCTAGG.1",5
"X1_GAACTGTGTCCGTACG.1",1000
"X1_GAACTGTGTGCGTTTA.1",5
"X1_GAACTGTTCAAGCCGC.1",6
"X1_GAACTGTTCAGATGCT.1",3
"X1_GAACTGTTCCTTCTTC.1",8
"X1_GAAGAATAGATACCAA.1",3
"X1_GAAGAATAGGCATCTT.1",1000
"X1_GAAGAATAGGCCTAGA.1",6
"X1_GAAGAATAGTACCGGA.1",4
"X1_GAAGAATCAAAGCTCT.1",2
"X1_GAAGAATCAACCCTAA.1",2
"X1_GAAGAATCAGAAGTTA.1",7
"X1_GAAGAATCATCCGTTC.1",2
"X1_GAAGAATCATTGACCA.1",2
"X1_GAAGAATGTATAGGGC.1",5
"X1_GAAGAATGTCTTCAAG.1",6
"X1_GAAGAATGTGCATCTA.1",8
"X1_GAAGAATGTGGTTTGT.1",8
"X1_GAAGAATGTTTGTTCT.1",6
"X1_GAAGAATTCAACTTTC.1",3
"X1_GAAGAATTCCACGGGT.1",7
"X1_GAAGAATTCCGATCTC.1",2
"X1_GAAGAATTCCGTTGAA.1",7
"X1_GAAGAATTCGTAGTGT.1",5
"X1_GAAGCCCCAACACGTT.1",1
"X1_GAAGCCCCAGTTGTTG.1",8
"X1_GAAGCCCCATTACTCT.1",1
"X1_GAAGCCCGTTTAGAGA.1",4
"X1_GAAGCCCTCATTCACT.1",4
"X1_GAAGCCCTCCGTGGCA.1",5
"X1_GAAGCCCTCCTGCTAC.1",8
"X1_GAAGCGAAGCGCCTAC.1",4
"X1_GAAGCGAAGTACCGGA.1",2
"X1_GAAGCGACAACAAAGT.1",7
"X1_GAAGCGACACCGGAAA.1",6
"X1_GAAGCGACACGTGAGA.1",7
"X1_GAAGCGAGTCCAGTTA.1",3
"X1_GAAGCGAGTGATAGAT.1",5
"X1_GAAGCGATCGGAGCAA.1",3
"X1_GAAGCGATCGGTGTTA.1",3
"X1_GAAGCGATCTGCCTGT.1",5
"X1_GAAGGACAGACGTCGA.1",3
"X1_GAAGGACAGATACATG.1",5
"X1_GAAGGACAGATGAATC.1",5
"X1_GAAGGACAGGTGCAGT.1",6
"X1_GAAGGACCACTGGCCA.1",5
"X1_GAAGGACGTAACATAG.1",8
"X1_GAAGGACGTACGTGAG.1",7
"X1_GAAGGACGTTCGGACC.1",3
"X1_GAAGGACTCAACTCTT.1",3
"X1_GAAGGACTCAAGCGTT.1",3
"X1_GAAGGGTAGAAGCTGC.1",7
"X1_GAAGGGTAGTTCAACC.1",8
"X1_GAAGGGTCACTACAGT.1",5
"X1_GAAGGGTGTATCTCTT.1",6
"X1_GAAGTAAAGACCAACG.1",1
"X1_GAAGTAAAGTAGGCCA.1",2
"X1_GAAGTAAAGTGCAACG.1",8
"X1_GAAGTAACAACTCGTA.1",3
"X1_GAAGTAACAAGTGGAC.1",5
"X1_GAAGTAACAATCCTAG.1",4
"X1_GAAGTAACACAACGCC.1",4
"X1_GAAGTAACACACTTAG.1",8
"X1_GAAGTAAGTAGAAACT.1",5
"X1_GAAGTAAGTCCGACGT.1",3
"X1_GAAGTAAGTCCGGACT.1",6
"X1_GAAGTAAGTGTCGCTG.1",2
"X1_GAAGTAATCAGCCTTC.1",6
"X1_GAAGTAATCATGCGGC.1",2
"X1_GAAGTAATCCTCAGAA.1",2
"X1_GAAGTAATCTGTGCTC.1",4
"X1_GAATAGAAGGAGGCAG.1",3
"X1_GAATAGAAGGGATCAC.1",1
"X1_GAATAGACAGCGCGTT.1",8
"X1_GAATAGAGTCAACATC.1",2
"X1_GAATAGAGTCATTGCA.1",7
"X1_GAATAGAGTCCGAAAG.1",3
"X1_GAATAGAGTCTCGGAC.1",3
"X1_GAATAGAGTCTGTAAC.1",5
"X1_GAATAGAGTGTCCTAA.1",2
"X1_GAATAGATCAAGGTGG.1",2
"X1_GAATAGATCGGTGTTA.1",5
"X1_GAATCACAGAGATGCC.1",3
"X1_GAATCACAGCTGGTGA.1",7
"X1_GAATCACAGGGTGGGA.1",4
"X1_GAATCACAGTTGGGAC.1",4
"X1_GAATCACCAAGCTGCC.1",1
"X1_GAATCACCACGCCAGT.1",7
"X1_GAATCACCATGGCTGC.1",3
"X1_GAATCACCATGGGATG.1",2
"X1_GAATCACGTTCTCGTC.1",4
"X1_GAATCACTCATGCGGC.1",2
"X1_GAATCACTCGGATTAC.1",7
"X1_GAATCACTCGTCCTCA.1",8
"X1_GAATCACTCTCAGGCG.1",1000
"X1_GAATCGTAGACGGAAA.1",7
"X1_GAATCGTAGATGCTTC.1",3
"X1_GAATCGTAGATTTGCC.1",7
"X1_GAATCGTAGGCAGGTT.1",8
"X1_GAATCGTGTCGTGGTC.1",7
"X1_GAATCGTGTCTGTGAT.1",7
"X1_GAATCGTGTGATGAAT.1",4
"X1_GAATCGTGTGGTCAAG.1",6
"X1_GAATCGTTCTCTCAAT.1",1
"X1_GAATCGTTCTCTGACC.1",5
"X1_GACACGCAGACGATAT.1",2
"X1_GACACGCAGATTTGCC.1",7
"X1_GACACGCAGCTCGCAC.1",7
"X1_GACACGCAGGTTGGAC.1",4
"X1_GACACGCAGTCACTCA.1",3
"X1_GACACGCCAAGTCCAT.1",5
"X1_GACACGCCAATCAAGA.1",2
"X1_GACACGCCACAATTCG.1",6
"X1_GACACGCCACGACGTC.1",3
"X1_GACACGCCATGAGGGT.1",3
"X1_GACACGCGTGCAGATG.1",7
"X1_GACACGCGTGGCACTC.1",7
"X1_GACACGCGTTGCCATA.1",8
"X1_GACACGCGTTTATGCG.1",1000
"X1_GACACGCTCCACGTGG.1",1
"X1_GACACGCTCCTGCCAT.1",5
"X1_GACACGCTCGGACGTC.1",2
"X1_GACAGCCAGAGAGCGG.1",6
"X1_GACAGCCAGATGCGAC.1",1
"X1_GACAGCCAGCGAAACC.1",8
"X1_GACAGCCAGCTCGTGC.1",3
"X1_GACAGCCAGTGCGACA.1",3
"X1_GACAGCCAGTTAGTAG.1",7
"X1_GACAGCCCAAACTGCT.1",3
"X1_GACAGCCGTCTCACGG.1",7
"X1_GACAGCCGTGCCGTTG.1",3
"X1_GACAGCCGTTCCGCGA.1",3
"X1_GACAGCCTCGAACCAT.1",7
"X1_GACAGCCTCTAGACCA.1",8
"X1_GACAGCCTCTTTGCTA.1",3
"X1_GACATCAAGCAGTACG.1",1000
"X1_GACATCAAGGATTACA.1",1
"X1_GACATCAAGGCTAACG.1",4
"X1_GACATCAAGTGAATAC.1",3
"X1_GACATCACAAACTCTG.1",3
"X1_GACATCACAATCCTAG.1",8
"X1_GACATCACAATTGGTC.1",7
"X1_GACATCACAGACCCGT.1",6
"X1_GACATCAGTACCGTCG.1",8
"X1_GACATCATCATCTGTT.1",7
"X1_GACATCATCGACACTA.1",8
"X1_GACATCATCGTCGGGT.1",8
"X1_GACATCATCTACTGAG.1",5
"X1_GACCAATAGACATAAC.1",1000
"X1_GACCAATAGACTCCGC.1",7
"X1_GACCAATAGACTTCCA.1",5
"X1_GACCAATCAAACTCTG.1",2
"X1_GACCAATCAGTCGAGA.1",1
"X1_GACCAATGTGCATCTA.1",6
"X1_GACCAATGTTGGCTAT.1",4
"X1_GACCAATTCACTGTCC.1",2
"X1_GACCAATTCGCCAACG.1",8
"X1_GACCAATTCTAGCAAC.1",3
"X1_GACCCAGAGAATTTGG.1",2
"X1_GACCCAGAGACTAAGT.1",2
"X1_GACCCAGAGAGCCGTA.1",8
"X1_GACCCAGCATGGCACC.1",3
"X1_GACCCAGGTCCCTGAG.1",7
"X1_GACCCAGGTCCTACGG.1",5
"X1_GACCCAGGTCTCCTGT.1",8
"X1_GACCCAGTCACGACTA.1",5
"X1_GACCCAGTCAGGGTAG.1",3
"X1_GACCCAGTCCCTTTGG.1",1
"X1_GACCCAGTCGTGTGGC.1",7
"X1_GACCCTTAGATGGTCG.1",6
"X1_GACCCTTAGTCATACC.1",3
"X1_GACCCTTCAAGGCAAC.1",8
"X1_GACCCTTCAGATTTCG.1",5
"X1_GACCCTTCAGCTAACT.1",2
"X1_GACCCTTGTATCCTTT.1",5
"X1_GACCCTTGTATGGGAC.1",6
"X1_GACCCTTGTCACTGAT.1",7
"X1_GACCCTTGTTCAAGTC.1",3
"X1_GACCCTTGTTGCCTAA.1",3
"X1_GACCCTTGTTTGGAGG.1",1000
"X1_GACCCTTTCACGGACC.1",5
"X1_GACCCTTTCCATTCAT.1",8
"X1_GACCCTTTCCCGAAAT.1",3
"X1_GACCCTTTCCTTCAGC.1",3
"X1_GACCCTTTCGATGCTA.1",2
"X1_GACCCTTTCGCGAAGA.1",7
"X1_GACCGTGAGCGATGGT.1",2
"X1_GACCGTGAGTTCACTG.1",2
"X1_GACCGTGCAAGTGACG.1",5
"X1_GACCGTGCATTCCTCG.1",8
"X1_GACCGTGGTTACCCTC.1",2
"X1_GACCGTGTCACCTACC.1",8
"X1_GACCGTGTCATACGGT.1",2
"X1_GACCGTGTCCACTTCG.1",8
"X1_GACCGTGTCCCTCTTT.1",7
"X1_GACCGTGTCCGCACGA.1",6
"X1_GACCGTGTCGGTAGGA.1",2
"X1_GACCGTGTCTATGCCC.1",8
"X1_GACCTTCAGCAAACAT.1",6
"X1_GACCTTCAGCATGGGT.1",2
"X1_GACCTTCAGGAGTACC.1",2
"X1_GACCTTCAGTAACCGG.1",3
"X1_GACCTTCAGTAGCCAG.1",6
"X1_GACCTTCCAAGAGATT.1",3
"X1_GACCTTCCACTGCATA.1",8
"X1_GACCTTCGTGTCCGGT.1",3
"X1_GACCTTCGTGTTTACG.1",5
"X1_GACCTTCGTTGCTCGG.1",5
"X1_GACCTTCTCCACCTGT.1",3
"X1_GACCTTCTCCACTGAA.1",1
"X1_GACCTTCTCCGCCTAT.1",3
"X1_GACCTTCTCCTTTAGT.1",1
"X1_GACCTTCTCTCAATCT.1",3
"X1_GACCTTCTCTGAGCAT.1",2
"X1_GACGCTGAGTTCAACC.1",8
"X1_GACGCTGCAACTACGT.1",5
"X1_GACGCTGCACGTCATA.1",2
"X1_GACGCTGCATATCTCT.1",3
"X1_GACGCTGCATCGGATT.1",3
"X1_GACGCTGTCGACATTG.1",4
"X1_GACGCTGTCGCCTTGT.1",2
"X1_GACGCTGTCGGAGCAA.1",7
"X1_GACGCTGTCTGACGCG.1",6
"X1_GACGTTAAGCCGCTTG.1",3
"X1_GACGTTAAGGTTGGAC.1",2
"X1_GACGTTAAGTGGCAGT.1",4
"X1_GACGTTACAAAGGCAC.1",7
"X1_GACGTTACAACCTATG.1",8
"X1_GACGTTACACGACAAG.1",7
"X1_GACGTTACAGCTTTGA.1",7
"X1_GACGTTACATCCGGTG.1",4
"X1_GACGTTACATGAAGCG.1",3
"X1_GACGTTAGTAGCGCTC.1",2
"X1_GACGTTAGTCACAATC.1",7
"X1_GACGTTAGTCTCGGAC.1",3
"X1_GACGTTAGTGAGTGAC.1",4
"X1_GACGTTATCACCCTCA.1",5
"X1_GACTATGAGACAGCGT.1",2
"X1_GACTATGAGACGGATC.1",1
"X1_GACTATGAGATGGTAT.1",5
"X1_GACTATGAGCTGTGCC.1",5
"X1_GACTATGAGGCGAACT.1",2
"X1_GACTATGAGTCGGCAA.1",2
"X1_GACTATGCAGAATCGG.1",1
"X1_GACTATGGTCTGCGCA.1",7
"X1_GACTATGGTCTTGCTC.1",1000
"X1_GACTATGGTTAGAGTA.1",2
"X1_GACTATGGTTTACGAC.1",5
"X1_GACTATGTCGCATTAG.1",3
"X1_GACTATGTCGGTCTGG.1",8
"X1_GACTATGTCGTCGACG.1",4
"X1_GACTATGTCTCATTTG.1",2
"X1_GACTCAAAGGGCAAGG.1",3
"X1_GACTCAAAGGTGATCG.1",8
"X1_GACTCAAAGTCGCCAC.1",3
"X1_GACTCAAAGTGCACAG.1",2
"X1_GACTCAACAAAGCTCT.1",8
"X1_GACTCAACAAAGTATG.1",1
"X1_GACTCAACAAGAGCTG.1",5
"X1_GACTCAACATCACAGT.1",7
"X1_GACTCAACATCCTTCG.1",7
"X1_GACTCAAGTGAACCGA.1",4
"X1_GACTCAAGTGTTAAAG.1",3
"X1_GACTCAAGTTCGGGTC.1",5
"X1_GACTCAATCCTTTAGT.1",7
"X1_GACTCAATCTCTTCAA.1",6
"X1_GACTCAATCTTCCACG.1",8
"X1_GACTCTCAGAAGTGTT.1",8
"X1_GACTCTCAGACTGGGT.1",5
"X1_GACTCTCCACATGAAA.1",5
"X1_GACTCTCCATGGACAG.1",2
"X1_GACTCTCGTATAGGGC.1",5
"X1_GACTCTCGTATGGTTC.1",2
"X1_GACTCTCGTCGAGCTC.1",1
"X1_GACTCTCGTGGCTGCT.1",5
"X1_GACTCTCGTGTGCTTA.1",3
"X1_GACTCTCGTTAAGTCC.1",1
"X1_GACTCTCTCACCTACC.1",1
"X1_GACTCTCTCATTGCTT.1",7
"X1_GACTGATAGAGTCTGG.1",2
"X1_GACTGATAGCAAGCCA.1",4
"X1_GACTGATAGCGTTCCG.1",8
"X1_GACTGATCAACTCATG.1",1000
"X1_GACTGATCACCTGATA.1",8
"X1_GACTGATCATCACCAA.1",3
"X1_GACTGATGTACCTAAC.1",6
"X1_GACTGATGTTCATCTT.1",8
"X1_GACTGATTCCAGTACA.1",7
"X1_GACTGATTCGAACGCC.1",5
"X1_GACTGATTCGAGTTGT.1",7
"X1_GACTGATTCGGAACTT.1",7
"X1_GACTGATTCGTCAAAC.1",3
"X1_GACTGATTCTGTCCCA.1",8
"X1_GACTTCCAGCACCAGA.1",6
"X1_GACTTCCAGGTTCCGC.1",8
"X1_GACTTCCAGTGCAAAT.1",1
"X1_GACTTCCCAAATGAAC.1",7
"X1_GACTTCCCAACACGTT.1",1000
"X1_GACTTCCCACGTTGGC.1",6
"X1_GACTTCCCAGGCATGA.1",1000
"X1_GACTTCCCATACCGTA.1",5
"X1_GACTTCCGTAGGAGGG.1",7
"X1_GACTTCCGTATGGGAC.1",8
"X1_GACTTCCGTCACTTCC.1",5
"X1_GACTTCCGTCGTGGTC.1",1
"X1_GACTTCCGTCGTTTCC.1",3
"X1_GACTTCCGTTGATCGT.1",4
"X1_GACTTCCTCATACGAC.1",1
"X1_GACTTCCTCGCTCTCA.1",3
"X1_GACTTCCTCGTTGCCT.1",7
"X1_GAGAAATAGAACGCGT.1",3
"X1_GAGAAATAGCTCTGTA.1",3
"X1_GAGAAATAGGGACACT.1",6
"X1_GAGAAATAGGGCTGAT.1",3
"X1_GAGAAATCAAGGACAC.1",7
"X1_GAGAAATCACTATGTG.1",3
"X1_GAGAAATGTACTCGAT.1",8
"X1_GAGAAATGTGAAGCGT.1",7
"X1_GAGAAATGTGGGACAT.1",7
"X1_GAGAAATGTGGTAACG.1",5
"X1_GAGAAATTCAACCTCC.1",3
"X1_GAGAAATTCCACAGGC.1",2
"X1_GAGAAATTCGCCTTGT.1",8
"X1_GAGAAATTCTGTGCGG.1",3
"X1_GAGACCCAGATCGGTG.1",5
"X1_GAGACCCAGTAGGATT.1",1
"X1_GAGACCCAGTCACACT.1",8
"X1_GAGACCCCAATCTCTT.1",6
"X1_GAGACCCCATCGTGGC.1",7
"X1_GAGACCCCATGCGTGC.1",5
"X1_GAGACCCGTCTTAGTG.1",4
"X1_GAGACCCGTGGCTGCT.1",8
"X1_GAGACCCGTTGTTGTG.1",2
"X1_GAGACCCTCTACTGCC.1",8
"X1_GAGACTTAGACGCAGT.1",7
"X1_GAGACTTAGCGTCAGA.1",3
"X1_GAGACTTAGGATTTGA.1",1000
"X1_GAGACTTCAACGAGGT.1",8
"X1_GAGACTTCACTTCATT.1",2
"X1_GAGACTTCATGCCGAC.1",4
"X1_GAGACTTGTAGTCTGT.1",5
"X1_GAGACTTGTCCTGTTC.1",1
"X1_GAGACTTTCAGCTCTC.1",5
"X1_GAGACTTTCGTGGACC.1",1000
"X1_GAGAGGTAGACATAAC.1",3
"X1_GAGAGGTAGATGACAT.1",8
"X1_GAGAGGTAGGCGTTAG.1",6
"X1_GAGAGGTAGGGCATGT.1",2
"X1_GAGAGGTAGGTGGTTG.1",4
"X1_GAGAGGTAGTGGATTA.1",1
"X1_GAGAGGTAGTGTCATC.1",7
"X1_GAGAGGTCAACACTAC.1",7
"X1_GAGAGGTCACGCTGTG.1",6
"X1_GAGAGGTCAGGGAGAG.1",4
"X1_GAGAGGTGTACCCGCA.1",8
"X1_GAGAGGTGTACGGGAT.1",6
"X1_GAGAGGTGTCATATGC.1",6
"X1_GAGAGGTGTCCTCCAT.1",6
"X1_GAGAGGTGTCTACAAC.1",8
"X1_GAGAGGTTCATAGAGA.1",8
"X1_GAGAGGTTCCTTCACG.1",1000
"X1_GAGATGGAGAAGAACG.1",2
"X1_GAGATGGAGACTAGAT.1",3
"X1_GAGATGGAGAGCAAGA.1",2
"X1_GAGATGGAGCACCAGA.1",2
"X1_GAGATGGAGTCATAGA.1",4
"X1_GAGATGGAGTGGACTG.1",8
"X1_GAGATGGAGTTACGAA.1",5
"X1_GAGATGGAGTTCCATG.1",5
"X1_GAGATGGCACAGTCCG.1",3
"X1_GAGATGGCACTTCAAG.1",6
"X1_GAGATGGGTACAAGTA.1",3
"X1_GAGATGGGTCTGTGCG.1",5
"X1_GAGATGGGTGATTCTG.1",3
"X1_GAGATGGGTTCGGTTA.1",3
"X1_GAGATGGTCCGGCAGT.1",4
"X1_GAGCCTGAGATTAGTG.1",1
"X1_GAGCCTGAGATTGAGT.1",3
"X1_GAGCCTGAGTACTCGT.1",2
"X1_GAGCCTGAGTCAGGGT.1",3
"X1_GAGCCTGCAATCTCGA.1",8
"X1_GAGCCTGCACTGGACC.1",7
"X1_GAGCCTGGTCGAATGG.1",3
"X1_GAGCCTGGTGAGAGGG.1",8
"X1_GAGCCTGGTGCTTCAA.1",1
"X1_GAGCCTGGTGTATACC.1",5
"X1_GAGCCTGGTTTGACAC.1",1000
"X1_GAGCCTGTCATGCAGT.1",6
"X1_GAGCCTGTCGTCAAAC.1",2
"X1_GAGCCTGTCTACGCAA.1",3
"X1_GAGCCTGTCTCACCCA.1",1000
"X1_GAGCCTGTCTTTCCGG.1",6
"X1_GAGCTGCAGACCAGCA.1",6
"X1_GAGCTGCAGCGCCGTT.1",6
"X1_GAGCTGCAGCGGCTCT.1",6
"X1_GAGCTGCAGCTTAAGA.1",3
"X1_GAGCTGCAGGACCCAA.1",3
"X1_GAGCTGCAGTCGCTAT.1",6
"X1_GAGCTGCCACAGTATC.1",7
"X1_GAGCTGCCACCACATA.1",4
"X1_GAGCTGCGTCACCACG.1",4
"X1_GAGCTGCGTCATGGCC.1",6
"X1_GAGCTGCGTCTCGACG.1",2
"X1_GAGCTGCGTTCTGACA.1",7
"X1_GAGCTGCTCAGGACAG.1",4
"X1_GAGCTGCTCTAGACCA.1",8
"X1_GAGCTGCTCTATGTGG.1",6
"X1_GAGCTGCTCTCACCCA.1",7
"X1_GAGGCAAAGCCTTTGA.1",8
"X1_GAGGCAAAGGCGCTCT.1",7
"X1_GAGGCAAAGTTCATCG.1",8
"X1_GAGGCAAAGTTGCTGT.1",3
"X1_GAGGCAACAGTTACCA.1",6
"X1_GAGGCAACATGGCTAT.1",5
"X1_GAGGCAAGTAAGTTAG.1",6
"X1_GAGGCAAGTATCCTTT.1",7
"X1_GAGGCAAGTCACCCTT.1",3
"X1_GAGGCAAGTGGCTTAT.1",2
"X1_GAGGCAAGTGTAGTGG.1",3
"X1_GAGGCAAGTTGGTGTT.1",7
"X1_GAGGCAATCAACACCA.1",1000
"X1_GAGGCCTAGACATACA.1",4
"X1_GAGGCCTAGAGGGCGA.1",7
"X1_GAGGCCTAGCGTTCAT.1",4
"X1_GAGGCCTAGCTCGCAC.1",5
"X1_GAGGCCTAGGCCCAAA.1",3
"X1_GAGGCCTAGGCTGAAC.1",7
"X1_GAGGCCTCACAGCTGC.1",5
"X1_GAGGCCTCAGCAGAAC.1",8
"X1_GAGGCCTCAGGTACGA.1",2
"X1_GAGGCCTCAGTATGAA.1",2
"X1_GAGGCCTCATTGGGAG.1",8
"X1_GAGGCCTGTCACGTGC.1",7
"X1_GAGGCCTGTGTGAGCA.1",4
"X1_GAGGCCTTCAAGCTTG.1",8
"X1_GAGGCCTTCGAGTCTA.1",8
"X1_GAGGCCTTCGGAGCAA.1",1
"X1_GAGGGATCAATGAGCG.1",5
"X1_GAGGGATCACAGACGA.1",3
"X1_GAGGGATCACCGTGCA.1",3
"X1_GAGGGATCACCTGAAT.1",6
"X1_GAGGGATCACGGGTAA.1",1000
"X1_GAGGGATCAGTGAGCA.1",3
"X1_GAGGGATCATTCTTCA.1",1000
"X1_GAGGGATGTTGCCATA.1",2
"X1_GAGGGATTCACGGGAA.1",6
"X1_GAGGGATTCTGGTTGA.1",4
"X1_GAGGGTAAGAGGGTCT.1",2
"X1_GAGGGTAAGGCAGGGA.1",5
"X1_GAGGGTAAGGCCTAGA.1",5
"X1_GAGGGTACAAAGAACT.1",4
"X1_GAGGGTACAAGTTCCA.1",1
"X1_GAGGGTACACACCAGC.1",2
"X1_GAGGGTACATCCGTTC.1",2
"X1_GAGGGTAGTAAGTCAA.1",7
"X1_GAGGGTAGTAATGCTC.1",8
"X1_GAGGGTAGTACGCGTC.1",2
"X1_GAGGGTAGTAGTTCCA.1",4
"X1_GAGGGTAGTGGAGAAA.1",8
"X1_GAGGGTATCAGTCTTT.1",6
"X1_GAGGGTATCATCTACT.1",8
"X1_GAGTCATAGACCATTC.1",6
"X1_GAGTCATAGATTGAGT.1",1
"X1_GAGTCATAGTAATTGG.1",5
"X1_GAGTCATAGTGGCAGT.1",5
"X1_GAGTCATAGTTACGAA.1",8
"X1_GAGTCATGTAGGATAT.1",5
"X1_GAGTCATGTGACTATC.1",2
"X1_GAGTCATGTGGAGAAA.1",8
"X1_GAGTCATTCTGGAAGG.1",7
"X1_GAGTCTACACGCCACA.1",6
"X1_GAGTCTACATTCACCC.1",1000
"X1_GAGTCTAGTATTTCCT.1",2
"X1_GAGTCTAGTCCCAAAT.1",5
"X1_GAGTCTAGTGGCGTAA.1",4
"X1_GAGTCTAGTGGGACAT.1",3
"X1_GAGTCTATCCAATCCC.1",5
"X1_GAGTCTATCGTGGGTC.1",3
"X1_GAGTCTATCTAGGAAA.1",6
"X1_GAGTCTATCTCCGAGG.1",3
"X1_GAGTGAGAGTCATGCT.1",2
"X1_GAGTGAGCAACTGATC.1",7
"X1_GAGTGAGCAGCAGAAC.1",6
"X1_GAGTGAGCAGCTGGTC.1",7
"X1_GAGTGAGCATCATCCC.1",2
"X1_GAGTGAGCATCTGCGG.1",6
"X1_GAGTGAGGTACCATAC.1",8
"X1_GAGTGAGGTCTCGGAC.1",3
"X1_GAGTGAGGTGAGTAGC.1",2
"X1_GAGTGAGGTGGGTATG.1",1000
"X1_GAGTGAGGTGTCTTGA.1",1
"X1_GAGTGAGTCAGTCACA.1",5
"X1_GAGTGAGTCCACTGGG.1",7
"X1_GAGTGAGTCGCACGAC.1",3
"X1_GAGTGAGTCGCAGATT.1",3
"X1_GAGTGAGTCGGAGATG.1",6
"X1_GAGTGTTAGACTTAAG.1",5
"X1_GAGTGTTAGCCGTTAT.1",1000
"X1_GAGTGTTAGTTGCATC.1",7
"X1_GAGTGTTCACTTCAGA.1",7
"X1_GAGTGTTCAGGTTACT.1",4
"X1_GAGTGTTCATGGTGGA.1",5
"X1_GAGTGTTGTATGTCTG.1",5
"X1_GAGTGTTTCCTGGGAC.1",2
"X1_GAGTTACAGAGCAGAA.1",1
"X1_GAGTTACAGCTGGCCT.1",8
"X1_GAGTTACAGTGGTTGG.1",4
"X1_GAGTTACCACACGGAA.1",6
"X1_GAGTTACGTAGCTTAC.1",3
"X1_GAGTTACGTCACTACA.1",3
"X1_GAGTTACGTCGTGCCA.1",2
"X1_GAGTTACTCGCTACGG.1",5
"X1_GAGTTACTCGGTCTGG.1",7
"X1_GAGTTACTCTAACACG.1",2
"X1_GAGTTACTCTATTTCG.1",2
"X1_GAGTTACTCTGCGGGT.1",2
"X1_GAGTTACTCTGGTGGC.1",5
"X1_GAGTTGTAGCTCTTCC.1",1000
"X1_GAGTTGTAGGGATCAC.1",4
"X1_GAGTTGTCAAATCGGG.1",7
"X1_GAGTTGTCACAATGAA.1",8
"X1_GAGTTGTCACGCTGTG.1",8
"X1_GAGTTGTCAGAGGTTG.1",5
"X1_GAGTTGTGTCGCATTA.1",2
"X1_GAGTTGTGTTCGTGCG.1",2
"X1_GAGTTGTTCACGGGAA.1",3
"X1_GAGTTGTTCCTCAGGG.1",2
"X1_GAGTTGTTCTCTATGT.1",7
"X1_GAGTTGTTCTCTGACC.1",7
"X1_GAGTTTGCAGATAAAC.1",1000
"X1_GAGTTTGGTGCCCGTA.1",1000
"X1_GAGTTTGGTTACCGTA.1",2
"X1_GAGTTTGTCCCTCGAT.1",6
"X1_GAGTTTGTCCGCTTAC.1",6
"X1_GAGTTTGTCGCACGGT.1",8
"X1_GAGTTTGTCTACCAGA.1",6
"X1_GATAGAACACATCATG.1",8
"X1_GATAGAACATCGGAAG.1",5
"X1_GATAGAAGTAGCGCCT.1",7
"X1_GATAGAAGTTCTCCAC.1",5
"X1_GATAGAATCATTTGGG.1",6
"X1_GATAGCTAGAGAGCCT.1",4
"X1_GATAGCTAGAGCCATG.1",6
"X1_GATAGCTAGAGTCACG.1",3
"X1_GATAGCTAGCACTAAA.1",2
"X1_GATAGCTAGCATTGAA.1",8
"X1_GATAGCTAGCTGAAGC.1",2
"X1_GATAGCTAGGAGAGTA.1",1
"X1_GATAGCTCAATCGAAA.1",1000
"X1_GATAGCTCACGTAACT.1",7
"X1_GATAGCTCAGGAGGTT.1",4
"X1_GATAGCTCATAGAAAC.1",4
"X1_GATAGCTCATCGAGCC.1",2
"X1_GATAGCTGTATACGGG.1",1
"X1_GATAGCTGTGGGTATG.1",1
"X1_GATCACAAGAAGTCCG.1",7
"X1_GATCACACAACGACAG.1",8
"X1_GATCACACATGATGCT.1",2
"X1_GATCACAGTAAGTCAA.1",3
"X1_GATCACAGTACAGCGA.1",1
"X1_GATCACAGTACGAAAT.1",5
"X1_GATCACAGTATTGCCA.1",4
"X1_GATCACATCCAAGGGA.1",6
"X1_GATCACATCTCCTGTG.1",2
"X1_GATCAGTAGTGGTTCT.1",3
"X1_GATCAGTCACGTACTA.1",5
"X1_GATCAGTCACTTTAGG.1",5
"X1_GATCAGTCAGTGGTGA.1",1
"X1_GATCAGTGTATGCAAA.1",6
"X1_GATCAGTGTTTATGCG.1",8
"X1_GATCAGTTCACTGTTT.1",2
"X1_GATCAGTTCCAATCTT.1",1
"X1_GATCAGTTCTCGGTCT.1",5
"X1_GATCATGAGCACACAG.1",7
"X1_GATCATGAGGAACTAT.1",8
"X1_GATCATGCAAGTGCAG.1",1
"X1_GATCATGCACAGTCCG.1",4
"X1_GATCATGCACTTCTCG.1",2
"X1_GATCATGCAGAGGCTA.1",5
"X1_GATCATGCATCATTGG.1",2
"X1_GATCATGCATCGTTCC.1",7
"X1_GATCATGTCCGAGAAG.1",6
"X1_GATCATGTCGTGTTCC.1",4
"X1_GATCATGTCTTACTGT.1",1
"X1_GATCATGTCTTCCCAG.1",3
"X1_GATCCCTAGGGCTTCC.1",8
"X1_GATCCCTAGGTCCTGC.1",8
"X1_GATCCCTAGTACTGTC.1",3
"X1_GATCCCTCAACCTATG.1",1
"X1_GATCCCTGTAGCTCGC.1",3
"X1_GATCCCTGTATCGCAT.1",6
"X1_GATCCCTGTCTTAGTG.1",4
"X1_GATCCCTGTTCCATTT.1",1000
"X1_GATCCCTTCTGCCTCA.1",2
"X1_GATCGTAAGCGCTTCG.1",6
"X1_GATCGTAAGGCACCAA.1",8
"X1_GATCGTACAACCACAT.1",8
"X1_GATCGTACACGACGCT.1",3
"X1_GATCGTACAGGTGAGT.1",1
"X1_GATCGTACATGCCGCA.1",1
"X1_GATCGTAGTAGTACGG.1",5
"X1_GATCGTAGTCAAGGCA.1",1000
"X1_GATCGTAGTCCGGACT.1",2
"X1_GATCGTAGTCGCCTAG.1",4
"X1_GATCGTAGTTCGTACA.1",8
"X1_GATCGTAGTTTCGGCG.1",5
"X1_GATCGTATCATCGACA.1",1
"X1_GATGACTAGCACTCGC.1",7
"X1_GATGACTCACCGGCTA.1",1000
"X1_GATGACTCATTGACTG.1",3
"X1_GATGACTGTAATCAGA.1",5
"X1_GATGACTGTAGACACG.1",3
"X1_GATGACTGTAGACGGT.1",7
"X1_GATGACTTCAGCGGAA.1",5
"X1_GATGACTTCATCACTT.1",5
"X1_GATGACTTCCATTGCC.1",5
"X1_GATGACTTCTGAGAAA.1",3
"X1_GATGAGGCAAACTCGT.1",3
"X1_GATGAGGCAAATGGCG.1",4
"X1_GATGAGGCAATTAGGA.1",2
"X1_GATGAGGCACAAGTTC.1",5
"X1_GATGAGGCAGGAGGAG.1",3
"X1_GATGAGGGTAGGCTGA.1",2
"X1_GATGAGGGTCCAGCGT.1",7
"X1_GATGAGGGTTGCGGCT.1",8
"X1_GATGAGGTCATCGGGC.1",4
"X1_GATGAGGTCCGAGAAG.1",1
"X1_GATGAGGTCTGGAAGG.1",6
"X1_GATGATCAGAGATGCC.1",6
"X1_GATGATCAGGTACATA.1",4
"X1_GATGATCAGGTCTTTG.1",3
"X1_GATGATCCACACGGAA.1",2
"X1_GATGATCCACTCCGGA.1",3
"X1_GATGATCCATGTACGT.1",2
"X1_GATGATCGTCAGGTAG.1",4
"X1_GATGATCGTCTCACAA.1",1
"X1_GATGATCGTTCAGCGC.1",1000
"X1_GATGATCTCTAGTGAC.1",5
"X1_GATGATCTCTCGAACA.1",1000
"X1_GATGCTAAGATCGCTT.1",6
"X1_GATGCTAAGCCGTCGT.1",3
"X1_GATGCTAAGTCTAGCT.1",3
"X1_GATGCTACAAGTCCAT.1",4
"X1_GATGCTACACGGCGTT.1",4
"X1_GATGCTACAGTCAGAG.1",8
"X1_GATGCTAGTATTGACC.1",5
"X1_GATGCTATCTGGGCGT.1",1
"X1_GATGGAGAGCCAAGTG.1",3
"X1_GATGGAGAGCTAAGTA.1",8
"X1_GATGGAGAGCTAGAAT.1",8
"X1_GATGGAGAGGATTCAA.1",3
"X1_GATGGAGAGGTTGGAC.1",2
"X1_GATGGAGCAACAGCCC.1",7
"X1_GATGGAGCAGAAGTTA.1",7
"X1_GATGGAGCAGACGCTC.1",3
"X1_GATGGAGGTTTGGAAA.1",5
"X1_GATGGAGTCAGCAATC.1",1
"X1_GATGGAGTCAGCGCGT.1",5
"X1_GATGGAGTCCACGTCT.1",4
"X1_GATGGAGTCTCCATAT.1",2
"X1_GATGTTGAGGACCCAA.1",7
"X1_GATGTTGAGGCTAGCA.1",6
"X1_GATGTTGAGTACCGGA.1",2
"X1_GATGTTGAGTCCCTAA.1",5
"X1_GATGTTGAGTCCGTCG.1",6
"X1_GATGTTGAGTGTTCCA.1",3
"X1_GATGTTGAGTTCCATG.1",2
"X1_GATGTTGCAATCGCAT.1",7
"X1_GATGTTGCAGCAGGAT.1",4
"X1_GATGTTGCAGCGTAGA.1",6
"X1_GATGTTGGTCACCACG.1",3
"X1_GATGTTGGTGTCATCA.1",5
"X1_GATGTTGGTGTGAGCA.1",2
"X1_GATTCGAAGGCTTTCA.1",8
"X1_GATTCGAAGTAGTCTC.1",3
"X1_GATTCGACAAAGAGTT.1",5
"X1_GATTCGACAACAACAA.1",3
"X1_GATTCGACAGTGTGCC.1",7
"X1_GATTCGAGTCAGGAGT.1",2
"X1_GATTCGATCCGCAAAT.1",3
"X1_GATTCGATCCGTGTGG.1",3
"X1_GATTCGATCGCGTGAC.1",3
"X1_GATTCGATCTGTCTCG.1",2
"X1_GATTCGATCTTCGGTC.1",5
"X1_GATTCTTAGAACTGAT.1",1
"X1_GATTCTTAGCCACAAG.1",5
"X1_GATTCTTAGGGCTGAT.1",3
"X1_GATTCTTAGGTAGCCA.1",8
"X1_GATTCTTAGTAGACAT.1",1
"X1_GATTCTTGTTTACCAG.1",2
"X1_GATTCTTTCCATTCGC.1",4
"X1_GATTCTTTCTGAGAAA.1",7
"X1_GATTCTTTCTGGTGCG.1",3
"X1_GATTCTTTCTTCGATT.1",4
"X1_GATTGGTCAATGAACA.1",5
"X1_GATTGGTCAGGTGGAT.1",2
"X1_GATTGGTGTACTTGTG.1",3
"X1_GATTGGTGTTGCTTGA.1",7
"X1_GATTGGTTCAGCATTG.1",4
"X1_GATTGGTTCCGATCGG.1",4
"X1_GATTTCTAGACTAGAT.1",2
"X1_GATTTCTAGAGATCGC.1",7
"X1_GATTTCTAGAGTATAC.1",8
"X1_GATTTCTAGGCTTAGG.1",8
"X1_GATTTCTCACCGTGAC.1",2
"X1_GATTTCTGTGTACAGG.1",1000
"X1_GATTTCTGTTCTAACG.1",8
"X1_GATTTCTTCACGTCCT.1",2
"X1_GATTTCTTCATTTCGT.1",1
"X1_GATTTCTTCGCGGTAC.1",2
"X1_GCAACATAGGCATTTC.1",1000
"X1_GCAACATAGGTGGGTT.1",1
"X1_GCAACATCAGCATCTA.1",3
"X1_GCAACATCATGCTGCG.1",7
"X1_GCAACATGTTGTGGCC.1",1
"X1_GCAACATGTTGTTGAC.1",6
"X1_GCAACATTCAGACAAA.1",2
"X1_GCAACATTCATGGGAG.1",3
"X1_GCAACATTCTGTCCCA.1",7
"X1_GCAACCGAGAGGCCAT.1",5
"X1_GCAACCGCAAGCGAAC.1",7
"X1_GCAACCGCAATCGAAA.1",8
"X1_GCAACCGCAGGTAGTG.1",1
"X1_GCAACCGGTCCCAAAT.1",5
"X1_GCAACCGGTGCCCGTA.1",3
"X1_GCAACCGGTGCGAGTA.1",8
"X1_GCAACCGTCAGCCTTC.1",4
"X1_GCACATAAGAATAACC.1",6
"X1_GCACATAAGATGCTTC.1",5
"X1_GCACATAAGCCTGACC.1",8
"X1_GCACATAAGCTTTCTT.1",4
"X1_GCACATAAGGTACTGG.1",3
"X1_GCACATAAGGTTCAGG.1",8
"X1_GCACATACAAACGAGC.1",6
"X1_GCACATACACTGAATC.1",8
"X1_GCACATACAGCTTCGG.1",4
"X1_GCACATACAGTCGCAC.1",5
"X1_GCACATACAGTGCGCT.1",6
"X1_GCACATAGTGTCTCCT.1",8
"X1_GCACATATCAAGGACG.1",6
"X1_GCACATATCAGCTAGT.1",8
"X1_GCACATATCCGAGGCT.1",2
"X1_GCACATATCCTTCAGC.1",4
"X1_GCACATATCGTTTACT.1",8
"X1_GCACATATCTTCGTAT.1",8
"X1_GCACGGTAGACGACGT.1",1
"X1_GCACGGTAGACGCTCC.1",5
"X1_GCACGGTAGAGATCGC.1",3
"X1_GCACGGTAGCCGTTGC.1",1
"X1_GCACGGTAGGAAGAAC.1",7
"X1_GCACGGTCAACGATTC.1",4
"X1_GCACGGTCAGCTTCGG.1",8
"X1_GCACGGTCAGGCACAA.1",4
"X1_GCACGGTCATAGATGA.1",3
"X1_GCACGGTGTCGTACTA.1",6
"X1_GCACGGTGTTTCAGAC.1",4
"X1_GCACGGTTCTCTGACC.1",2
"X1_GCACGGTTCTGCCCTA.1",6
"X1_GCACGTGAGATGCTTC.1",7
"X1_GCACGTGAGCATAGGC.1",7
"X1_GCACGTGAGTAAACAC.1",1
"X1_GCACGTGAGTAACGTA.1",3
"X1_GCACGTGAGTAGATCA.1",1000
"X1_GCACGTGAGTCCGCGT.1",8
"X1_GCACGTGAGTTGTCGT.1",7
"X1_GCACGTGCACTACTTT.1",6
"X1_GCACGTGCATCAGCTA.1",7
"X1_GCACGTGGTACCGGCT.1",2
"X1_GCACGTGGTCCACACG.1",8
"X1_GCACGTGTCGGAGATG.1",7
"X1_GCACTAAAGGTAGTAT.1",1
"X1_GCACTAAAGTCACGCC.1",5
"X1_GCACTAACAAGTCCCG.1",2
"X1_GCACTAACAATCTCTT.1",6
"X1_GCACTAACAGGATGAC.1",1
"X1_GCACTAACATCGGAGA.1",3
"X1_GCACTAACATGGGATG.1",3
"X1_GCACTAAGTAATCAGA.1",8
"X1_GCACTAAGTCGCATTA.1",1000
"X1_GCACTAAGTGCTCGTG.1",7
"X1_GCACTAAGTGCTTATG.1",1000
"X1_GCACTAAGTTCCTAGA.1",6
"X1_GCACTAAGTTTCGGCG.1",2
"X1_GCACTAATCGCTTGAA.1",8
"X1_GCACTAATCTTTCGAT.1",7
"X1_GCAGCCAAGAACTTCC.1",8
"X1_GCAGCCAAGCGCGTTC.1",5
"X1_GCAGCCAAGCGGACAT.1",7
"X1_GCAGCCAAGGCTCACC.1",2
"X1_GCAGCCAAGGTCGTAG.1",6
"X1_GCAGCCAAGTCCGCCA.1",5
"X1_GCAGCCAAGTCTCCTC.1",2
"X1_GCAGCCACACCAATTG.1",4
"X1_GCAGCCACATGACGAG.1",5
"X1_GCAGCCAGTACGGTTT.1",8
"X1_GCAGCCAGTGGATACG.1",1
"X1_GCAGCCATCGAGTCCG.1",5
"X1_GCAGCTGAGAGTTGCG.1",5
"X1_GCAGCTGAGATACGAT.1",6
"X1_GCAGCTGAGCAAATCA.1",5
"X1_GCAGCTGAGGGCAGGA.1",1
"X1_GCAGCTGAGTCAGCGA.1",7
"X1_GCAGCTGAGTTGGACG.1",4
"X1_GCAGCTGCAAACTCTG.1",6
"X1_GCAGCTGCAGAGGCTA.1",2
"X1_GCAGCTGCAGCGACAA.1",3
"X1_GCAGCTGCATAGAAAC.1",3
"X1_GCAGCTGGTATAATGG.1",7
"X1_GCAGCTGGTATCCCTC.1",7
"X1_GCAGCTGGTCGTGTTA.1",2
"X1_GCAGCTGGTGATACTC.1",8
"X1_GCAGCTGTCAGGGTAG.1",1
"X1_GCAGGCTAGAATTGCA.1",4
"X1_GCAGGCTAGATGAACT.1",6
"X1_GCAGGCTAGGTACTGG.1",8
"X1_GCAGGCTAGGTTACCT.1",7
"X1_GCAGGCTAGTAGTCCT.1",7
"X1_GCAGGCTAGTTGTCAC.1",8
"X1_GCAGGCTCACCTTCGT.1",5
"X1_GCAGGCTCAGCCTACG.1",2
"X1_GCAGGCTGTAGTTAGA.1",3
"X1_GCAGGCTGTCCTACAA.1",4
"X1_GCAGGCTGTCCTGTCT.1",8
"X1_GCAGGCTTCACCTTAT.1",5
"X1_GCAGGCTTCCAGCTCT.1",4
"X1_GCAGGCTTCCCATAGA.1",7
"X1_GCAGGCTTCTACCACC.1",7
"X1_GCAGTTACAACAGATA.1",3
"X1_GCAGTTACACAGAGAC.1",4
"X1_GCAGTTACAGACAAGC.1",8
"X1_GCAGTTACAGCTCCTT.1",2
"X1_GCAGTTACAGCTGAAG.1",7
"X1_GCAGTTACAGGACGAT.1",4
"X1_GCAGTTAGTAACATGA.1",1
"X1_GCAGTTAGTACCTAGT.1",4
"X1_GCAGTTAGTATATGGA.1",6
"X1_GCAGTTAGTGGGCTCT.1",1000
"X1_GCAGTTAGTTTATGCG.1",1
"X1_GCAGTTATCAACTCTT.1",4
"X1_GCAGTTATCACATTGG.1",2
"X1_GCAGTTATCACCCTCA.1",6
"X1_GCAGTTATCATCGCTC.1",4
"X1_GCATCGGAGCCTCACG.1",3
"X1_GCATCGGAGGACTATA.1",7
"X1_GCATCGGCAAGCAGGT.1",4
"X1_GCATCGGCACACGCCA.1",8
"X1_GCATCGGCACGCCAGT.1",3
"X1_GCATCGGCAGGTGTTT.1",3
"X1_GCATCGGCAGTTTCAG.1",8
"X1_GCATCGGCATAACAGA.1",7
"X1_GCATCGGCATACCGTA.1",2
"X1_GCATCGGGTAGCTGAG.1",5
"X1_GCATCGGGTCAGTTTG.1",4
"X1_GCATCGGGTGAACCGA.1",4
"X1_GCATCTCCAAATGCGG.1",8
"X1_GCATCTCCAACCGGAA.1",1000
"X1_GCATCTCCAAGATGGC.1",7
"X1_GCATCTCCACCGAATT.1",3
"X1_GCATCTCCACTAACGT.1",3
"X1_GCATCTCCAGCGACAA.1",8
"X1_GCATCTCCAGTGCGCT.1",2
"X1_GCATCTCCATCCTTGC.1",4
"X1_GCATCTCGTACCAGAG.1",3
"X1_GCATCTCGTACTAAGA.1",6
"X1_GCATCTCGTCACTACA.1",4
"X1_GCATCTCGTCGATGCC.1",7
"X1_GCATCTCGTTCCGTTC.1",4
"X1_GCATCTCGTTGGTAGG.1",5
"X1_GCATCTCGTTTGGGTT.1",1000
"X1_GCATCTCTCATATGGC.1",6
"X1_GCATCTCTCATGGGAG.1",2
"X1_GCATCTCTCGTCTAAG.1",8
"X1_GCATGATAGGTCGTAG.1",4
"X1_GCATGATCAACAGCTT.1",3
"X1_GCATGATCAACGACAG.1",5
"X1_GCATGATCAACGAGGT.1",3
"X1_GCATGATCACATCATG.1",5
"X1_GCATGATCAGTAGAAT.1",3
"X1_GCATGATCAGTTAGAA.1",8
"X1_GCATGATGTCCGTACG.1",8
"X1_GCATGATGTGAGTAAT.1",3
"X1_GCATGATGTGGCTAGA.1",6
"X1_GCATGATTCCACAAGT.1",1000
"X1_GCATGATTCCAGCCTT.1",4
"X1_GCATGATTCCGTGTAA.1",8
"X1_GCATTAGAGCACTGGA.1",2
"X1_GCATTAGAGGATTTAG.1",6
"X1_GCATTAGAGTAGAATC.1",2
"X1_GCATTAGCACCGCTGA.1",4
"X1_GCATTAGCATACAGAA.1",6
"X1_GCATTAGGTAACAGTA.1",1
"X1_GCATTAGGTCGACTGC.1",1
"X1_GCATTAGGTGGTAACG.1",2
"X1_GCATTAGTCAGCGCGT.1",2
"X1_GCATTAGTCTGGACTA.1",1
"X1_GCCAACGAGGATATAC.1",4
"X1_GCCAACGAGTGTTCAC.1",7
"X1_GCCAACGCAGTGCCTG.1",1
"X1_GCCAACGCATCAGCTA.1",1000
"X1_GCCAACGCATGGTGGA.1",3
"X1_GCCAACGGTAAGGAGA.1",1
"X1_GCCAACGGTAGACAAT.1",1000
"X1_GCCAACGGTATGAGGC.1",7
"X1_GCCAACGGTCATAACC.1",1000
"X1_GCCAACGGTGATATAG.1",1000
"X1_GCCAACGGTGATGTAA.1",7
"X1_GCCAACGGTGCATACT.1",4
"X1_GCCAACGTCACATACG.1",7
"X1_GCCAACGTCATGAGAA.1",7
"X1_GCCAACGTCCATGCAA.1",2
"X1_GCCAACGTCGAGAAGC.1",8
"X1_GCCAACGTCGGCTGTG.1",6
"X1_GCCAGCAAGCCTTGAT.1",2
"X1_GCCAGCAAGGCGAAGG.1",5
"X1_GCCAGCACAACACAAA.1",8
"X1_GCCAGCACACACTTAG.1",3
"X1_GCCAGCACAGCGACAA.1",6
"X1_GCCAGCACAGTATGAA.1",5
"X1_GCCAGCACATAATGAG.1",1
"X1_GCCAGCAGTAACAGGC.1",5
"X1_GCCAGCAGTAAGGAGA.1",3
"X1_GCCAGCAGTAGTTACC.1",7
"X1_GCCAGCAGTATGAAGT.1",7
"X1_GCCAGCAGTCCTCAGG.1",5
"X1_GCCAGCAGTGCCGAAA.1",2
"X1_GCCAGCAGTGTATTCG.1",5
"X1_GCCAGCATCACTTTGT.1",2
"X1_GCCAGCATCCGATGCG.1",1
"X1_GCCAGGTAGACCGTTT.1",3
"X1_GCCAGGTAGATTAGTG.1",5
"X1_GCCAGGTAGCAGCCCT.1",2
"X1_GCCAGGTAGTGCCAGA.1",4
"X1_GCCAGGTCACATTGTG.1",6
"X1_GCCAGGTCACGTTGGC.1",4
"X1_GCCAGGTCATACCAGT.1",6
"X1_GCCAGGTCATGTGGTT.1",5
"X1_GCCAGGTGTATGTCTG.1",2
"X1_GCCAGGTTCAGTCACA.1",6
"X1_GCCAGGTTCCGTGTAA.1",8
"X1_GCCAGGTTCGGCTGTG.1",3
"X1_GCCAGGTTCTACACTT.1",3
"X1_GCCAGGTTCTGTCCGT.1",1
"X1_GCCAGTGAGCATATGA.1",8
"X1_GCCAGTGAGTCCCGAC.1",5
"X1_GCCAGTGAGTTAACAG.1",5
"X1_GCCAGTGCAAATGCTC.1",4
"X1_GCCAGTGCAAGCTGCC.1",5
"X1_GCCAGTGCAAGTTGGG.1",1000
"X1_GCCAGTGCACACACGC.1",5
"X1_GCCAGTGCATGCGTGC.1",5
"X1_GCCAGTGCATTGGGAG.1",3
"X1_GCCAGTGGTAACTAAG.1",2
"X1_GCCAGTGGTAATTAGG.1",4
"X1_GCCAGTGGTCGCGTTG.1",2
"X1_GCCAGTGGTGGCGCTT.1",5
"X1_GCCAGTGGTTGGTAGG.1",7
"X1_GCCAGTGTCATGCTAG.1",3
"X1_GCCAGTGTCATTTGGG.1",7
"X1_GCCAGTGTCCGGCTTT.1",4
"X1_GCCAGTGTCGTAACAC.1",5
"X1_GCCAGTGTCGTTCTAT.1",8
"X1_GCCAGTGTCTAGGAAA.1",5
"X1_GCCATGGAGAATTTGG.1",6
"X1_GCCATGGAGACCAGCA.1",5
"X1_GCCATGGAGTGGATAT.1",3
"X1_GCCATGGAGTTTAGGA.1",8
"X1_GCCATGGCAACCAACT.1",4
"X1_GCCATGGCAAGATCCT.1",5
"X1_GCCATGGCACTCTGCT.1",3
"X1_GCCATGGCAGTTGGTT.1",7
"X1_GCCATGGGTACGGCAA.1",2
"X1_GCCATGGGTGGAACCA.1",6
"X1_GCCATGGTCCTACAAG.1",5
"X1_GCCATGGTCGCATTGA.1",7
"X1_GCCATGGTCTGCGTCT.1",7
"X1_GCCATGGTCTTTGCGC.1",5
"X1_GCCATTCAGAAAGCGA.1",7
"X1_GCCATTCAGACCATGG.1",4
"X1_GCCATTCAGAGTGGCT.1",4
"X1_GCCATTCAGCCGTAAG.1",5
"X1_GCCATTCAGGTGATCG.1",4
"X1_GCCATTCCACGCAAAG.1",7
"X1_GCCATTCCACTACCGG.1",7
"X1_GCCATTCCATGTTCGA.1",3
"X1_GCCATTCGTATACGGG.1",7
"X1_GCCATTCGTATCGCTA.1",2
"X1_GCCATTCGTGTTCAGT.1",5
"X1_GCCATTCGTTACAGCT.1",8
"X1_GCCATTCTCACCTGTC.1",1
"X1_GCCATTCTCCACACAA.1",3
"X1_GCCATTCTCTCGTGAA.1",7
"X1_GCCCAGAAGCGCCTCA.1",6
"X1_GCCCAGAAGGAAAGAC.1",2
"X1_GCCCAGAAGGTAACTA.1",7
"X1_GCCCAGAAGTTGCATC.1",8
"X1_GCCCAGACAAAGAACT.1",3
"X1_GCCCAGACAGACACCC.1",3
"X1_GCCCAGACATCAGCTA.1",2
"X1_GCCCAGACATTCCTCG.1",7
"X1_GCCCAGAGTCCCAAAT.1",2
"X1_GCCCAGAGTTACACAC.1",2
"X1_GCCCAGATCCTTTAGT.1",1000
"X1_GCCCAGATCTTTCCAA.1",4
"X1_GCCCGAAAGACGCTCC.1",3
"X1_GCCCGAAAGCAACAGC.1",6
"X1_GCCCGAAAGCTGACCC.1",3
"X1_GCCCGAAAGTCAGGGT.1",6
"X1_GCCCGAACAAATCGTC.1",6
"X1_GCCCGAACAGGAGACT.1",4
"X1_GCCCGAAGTCACCGCA.1",6
"X1_GCCCGAAGTCAGTCGC.1",5
"X1_GCCCGAAGTGCCCTTT.1",4
"X1_GCCCGAAGTGTTCCAA.1",5
"X1_GCCCGAAGTTCGTTCC.1",8
"X1_GCCCGAATCACAAGGG.1",5
"X1_GCCGATGAGGAGAGTA.1",3
"X1_GCCGATGAGGTAGATT.1",7
"X1_GCCGATGAGTTTGTCG.1",2
"X1_GCCGATGCAACAGCCC.1",2
"X1_GCCGATGCAAGTACCT.1",6
"X1_GCCGATGCAGGTCAGA.1",4
"X1_GCCGATGGTATGATCC.1",5
"X1_GCCGATGGTCCGCAGT.1",3
"X1_GCCGATGGTGCATACT.1",6
"X1_GCCGATGTCAGACAAA.1",6
"X1_GCCGATGTCCGTCAAA.1",4
"X1_GCCGATGTCCTCCACA.1",3
"X1_GCCGATGTCGACACTA.1",3
"X1_GCCGATGTCGGCTGTG.1",1
"X1_GCCGTGAAGAAGGCTC.1",1
"X1_GCCGTGAAGACCTCCG.1",7
"X1_GCCGTGAAGGATACCG.1",7
"X1_GCCGTGACAAGACGAC.1",3
"X1_GCCGTGACAAGCGATG.1",2
"X1_GCCGTGACAATATCCG.1",6
"X1_GCCGTGACATACAGGG.1",2
"X1_GCCGTGAGTATCTCTT.1",7
"X1_GCCGTGAGTCCTGTCT.1",4
"X1_GCCTGTTAGATAGTGT.1",1
"X1_GCCTGTTAGCCGGATA.1",6
"X1_GCCTGTTAGCGATGCA.1",8
"X1_GCCTGTTAGTCAGGGT.1",1
"X1_GCCTGTTAGTTCCTGA.1",6
"X1_GCCTGTTCAATAGAGT.1",8
"X1_GCCTGTTCAGAGTTGG.1",7
"X1_GCCTGTTGTACACGTT.1",2
"X1_GCCTGTTGTCATCAGT.1",4
"X1_GCCTGTTGTCGCAACC.1",2
"X1_GCCTGTTGTTTACACG.1",7
"X1_GCCTGTTTCGAGTGGA.1",5
"X1_GCCTGTTTCGGTCAGC.1",3
"X1_GCCTGTTTCGTACCTC.1",5
"X1_GCGAGAAAGAGCCGTA.1",4
"X1_GCGAGAAAGGCTTTCA.1",1
"X1_GCGAGAACAAGCGATG.1",8
"X1_GCGAGAACAGTCTGGC.1",2
"X1_GCGAGAACAGTCTTCC.1",1
"X1_GCGAGAAGTATGAAGT.1",1
"X1_GCGAGAAGTGAATATG.1",3
"X1_GCGAGAATCAGCCTCT.1",3
"X1_GCGAGAATCAGCGGAA.1",3
"X1_GCGAGAATCCAGTGTA.1",1000
"X1_GCGAGAATCGATACGT.1",8
"X1_GCGAGAATCTACGCAA.1",4
"X1_GCGATCGAGCGCTTCG.1",1
"X1_GCGATCGAGTAGGATT.1",4
"X1_GCGATCGAGTGGACGT.1",8
"X1_GCGATCGGTAGCTTTG.1",4
"X1_GCGATCGGTGGAGAAA.1",1
"X1_GCGATCGGTGTATCCA.1",8
"X1_GCGATCGTCATCCCGT.1",6
"X1_GCGATCGTCATTGGTG.1",8
"X1_GCGATCGTCCACCCTA.1",3
"X1_GCGATCGTCCCGTGAG.1",7
"X1_GCGATCGTCGATACAC.1",4
"X1_GCGGAAAAGAGGTTAT.1",6
"X1_GCGGAAAAGCGTTGTT.1",1000
"X1_GCGGAAAAGGTGCTTT.1",8
"X1_GCGGAAAAGGTGGCTA.1",5
"X1_GCGGAAAAGTAGCAAT.1",8
"X1_GCGGAAAAGTATCTGC.1",4
"X1_GCGGAAACACCAGCTG.1",7
"X1_GCGGAAACAGGGTTGA.1",3
"X1_GCGGAAAGTAACCCGC.1",7
"X1_GCGGAAAGTGACGCCT.1",6
"X1_GCGGAAAGTGACTCTA.1",1000
"X1_GCGGAAAGTTCGGCTG.1",5
"X1_GCGGAAAGTTGCATCA.1",2
"X1_GCGGAAATCACGGGCT.1",4
"X1_GCGGAAATCCTCACGT.1",5
"X1_GCGGAAATCGGTCTAA.1",3
"X1_GCGGATCCACCTATCC.1",4
"X1_GCGGATCCAGTCGAGA.1",6
"X1_GCGGATCGTCTTTCTA.1",8
"X1_GCGGATCTCGACGCGT.1",4
"X1_GCGTGCAAGAGCTTTC.1",7
"X1_GCGTGCAAGGCAGGTT.1",7
"X1_GCGTGCAAGTCAGCCC.1",7
"X1_GCGTGCACACAGAGAC.1",4
"X1_GCGTGCACATGACACT.1",7
"X1_GCGTGCACATGGAGAC.1",1
"X1_GCGTGCAGTCTCAGGC.1",7
"X1_GCGTGCATCAACACGT.1",1
"X1_GCGTGCATCATGAGTC.1",5
"X1_GCGTGCATCGGTCGAC.1",5
"X1_GCGTGCATCTAAGCGT.1",7
"X1_GCGTTTCAGATGCTTC.1",7
"X1_GCGTTTCAGCGGACAT.1",3
"X1_GCGTTTCCACACTGGC.1",3
"X1_GCGTTTCCAGAGATTA.1",3
"X1_GCGTTTCCAGTGTACT.1",5
"X1_GCGTTTCCATCGATGT.1",3
"X1_GCGTTTCGTAGACACG.1",4
"X1_GCGTTTCGTCCGAAGA.1",5
"X1_GCGTTTCGTCTACACA.1",5
"X1_GCGTTTCGTGCACATT.1",7
"X1_GCGTTTCGTTCGTGCG.1",7
"X1_GCGTTTCTCCGCACGA.1",6
"X1_GCGTTTCTCCGTGTCT.1",8
"X1_GCGTTTCTCGCGTTTC.1",2
"X1_GCGTTTCTCTGCGATA.1",2
"X1_GCTACAAGTCCATACA.1",6
"X1_GCTACAAGTCTGGTTA.1",3
"X1_GCTACAAGTTAAGCAA.1",5
"X1_GCTACAAGTTCCGCGA.1",5
"X1_GCTACAATCCTACACC.1",7
"X1_GCTACAATCTGGACTA.1",1000
"X1_GCTACCTAGATTAGCA.1",6
"X1_GCTACCTAGGGAGTGG.1",1000
"X1_GCTACCTAGTCTGTAC.1",5
"X1_GCTACCTAGTGTTCCA.1",5
"X1_GCTACCTCAAGACAAT.1",2
"X1_GCTACCTCACATTACG.1",8
"X1_GCTACCTCACCGGAAA.1",2
"X1_GCTACCTCATACAGCT.1",8
"X1_GCTACCTCATGGGTTT.1",3
"X1_GCTACCTCATGGTACT.1",1
"X1_GCTACCTGTAGGACTG.1",1
"X1_GCTACCTGTGTGCTTA.1",5
"X1_GCTACCTGTTGCACGC.1",7
"X1_GCTACCTGTTGCATTG.1",8
"X1_GCTACCTTCAAGGACG.1",2
"X1_GCTACCTTCCTGGTCT.1",6
"X1_GCTACCTTCTTAGCTT.1",8
"X1_GCTCAAAAGAATCGCG.1",2
"X1_GCTCAAAAGGGATCGT.1",1
"X1_GCTCAAAAGTGCACAG.1",8
"X1_GCTCAAAGTAGCCCTG.1",7
"X1_GCTCAAAGTATCAGGG.1",7
"X1_GCTCAAAGTCACTAGT.1",1000
"X1_GCTCAAAGTCCTTTGC.1",5
"X1_GCTCAAAGTGACTATC.1",5
"X1_GCTCAAAGTTTCAGAC.1",3
"X1_GCTGAATCAAGTGGTG.1",1
"X1_GCTGAATGTACCCACG.1",3
"X1_GCTGAATGTTCAGCTA.1",2
"X1_GCTGAATTCGACGAGA.1",4
"X1_GCTGAATTCGAGCTGC.1",7
"X1_GCTGCAGAGCGTTCAT.1",7
"X1_GCTGCAGAGTTGCCCG.1",8
"X1_GCTGCAGCATGGCCAC.1",2
"X1_GCTGCAGGTGGATCAG.1",3
"X1_GCTGCAGTCGTTGTTT.1",2
"X1_GCTGGGTAGATGGGCT.1",1
"X1_GCTGGGTAGCACTTTG.1",5
"X1_GCTGGGTAGTGCTCGC.1",6
"X1_GCTGGGTCAATAAGGT.1",5
"X1_GCTGGGTGTCTCGGGT.1",8
"X1_GCTGGGTTCCGTCCTA.1",7
"X1_GCTGGGTTCGCCTTTG.1",3
"X1_GCTGGGTTCTAGTCAG.1",2
"X1_GCTTCACAGCCATTGT.1",1000
"X1_GCTTCACAGTGCAACG.1",8
"X1_GCTTCACCACTATCGA.1",5
"X1_GCTTCACCATTGACTG.1",4
"X1_GCTTCACGTCGGAACA.1",6
"X1_GCTTCACGTGTAGTGG.1",3
"X1_GCTTCACTCACTACTT.1",6
"X1_GCTTCACTCACTGGTA.1",5
"X1_GCTTCACTCTCTGACC.1",3
"X1_GCTTGGGAGCACGTCC.1",3
"X1_GCTTGGGAGCCTGAGA.1",1
"X1_GCTTGGGAGGTTCATC.1",1
"X1_GCTTGGGCAAGAATAC.1",6
"X1_GCTTGGGCAGCACACC.1",5
"X1_GCTTGGGCAGTCGCAC.1",1
"X1_GCTTGGGGTATCGCGC.1",3
"X1_GCTTGGGGTCTACGAT.1",5
"X1_GCTTGGGGTGCCGAAA.1",2
"X1_GCTTGGGGTTCATCGA.1",5
"X1_GCTTGGGGTTTGTGGT.1",8
"X1_GCTTGGGTCCACACAA.1",7
"X1_GCTTGGGTCCTACACC.1",1000
"X1_GCTTGGGTCGATCCCT.1",1000
"X1_GCTTTCGCAGTTGAAA.1",5
"X1_GCTTTCGCATCATCCC.1",4
"X1_GCTTTCGGTACAGCGA.1",7
"X1_GCTTTCGGTCCACGCA.1",5
"X1_GCTTTCGTCATCGCAA.1",4
"X1_GCTTTCGTCTGGTGGC.1",3
"X1_GGAACCCAGCGTCGAA.1",2
"X1_GGAACCCAGCTGAGTG.1",2
"X1_GGAACCCAGGGCAAGG.1",6
"X1_GGAACCCAGTATCTGC.1",5
"X1_GGAACCCAGTTAGAAC.1",7
"X1_GGAACCCGTAGATTAG.1",5
"X1_GGAACCCTCAAGCCTA.1",3
"X1_GGAACCCTCCTTCTGG.1",4
"X1_GGAACCCTCGGCATTA.1",4
"X1_GGAAGTGGTAGAGTTA.1",7
"X1_GGAAGTGGTAGCACGA.1",8
"X1_GGAAGTGGTATCAGGG.1",8
"X1_GGAAGTGGTTTGGAGG.1",4
"X1_GGAAGTGTCCATTGGA.1",5
"X1_GGAAGTGTCTCGCCTA.1",6
"X1_GGAATCTAGAGATCGC.1",8
"X1_GGAATCTAGAGTGACC.1",5
"X1_GGAATCTCAAGGCGTA.1",3
"X1_GGAATCTCACAATTCG.1",2
"X1_GGAATCTCACTTACAG.1",5
"X1_GGAATCTCAGCTAACT.1",1
"X1_GGAATCTGTGTCATCA.1",6
"X1_GGAATCTTCATAGCAC.1",5
"X1_GGAATCTTCATCTACT.1",7
"X1_GGAATCTTCCACTAGA.1",7
"X1_GGAATCTTCCCGTAAA.1",4
"X1_GGAATCTTCGGCTTCT.1",7
"X1_GGAATCTTCTACGCAA.1",4
"X1_GGAATGGAGGATACCG.1",4
"X1_GGAATGGAGGTCATTC.1",7
"X1_GGAATGGAGTAACCGG.1",6
"X1_GGAATGGAGTCACTGT.1",4
"X1_GGAATGGAGTGCGACA.1",6
"X1_GGAATGGCAAATGAAC.1",8
"X1_GGAATGGCAGAACATA.1",4
"X1_GGAATGGCAGCCCAGT.1",8
"X1_GGAATGGCATCATCCC.1",4
"X1_GGAATGGGTACATACC.1",3
"X1_GGAATGGGTACGATGG.1",5
"X1_GGAATGGGTGAATTAG.1",5
"X1_GGAATGGGTTAAGGAT.1",5
"X1_GGAATGGTCAATCTCT.1",3
"X1_GGAATGGTCACGAACT.1",1
"X1_GGAATGGTCATGAGTC.1",8
"X1_GGAATGGTCTATCACT.1",3
"X1_GGACGTCCACACGTGC.1",2
"X1_GGACGTCCACGGTAGA.1",6
"X1_GGACGTCCACTTGAAC.1",3
"X1_GGACGTCGTGCGTTTA.1",2
"X1_GGACGTCGTGGAAGTC.1",8
"X1_GGACGTCGTGGCGCTT.1",1000
"X1_GGACGTCGTGGTTTAC.1",1000
"X1_GGACGTCGTGTCTTGA.1",3
"X1_GGACGTCTCGAGTGAG.1",3
"X1_GGACGTCTCTGAGAGG.1",2
"X1_GGAGAACAGATCACTC.1",1
"X1_GGAGAACAGATTCGCT.1",1
"X1_GGAGAACAGCACACCC.1",3
"X1_GGAGAACAGTACTCGT.1",5
"X1_GGAGAACGTAGCTCGC.1",3
"X1_GGAGAACGTCTACAGT.1",7
"X1_GGAGAACTCCTGGGTG.1",1000
"X1_GGAGAACTCGCTGCGA.1",6
"X1_GGAGATGAGCTGTACT.1",2
"X1_GGAGATGAGGGCAACT.1",1
"X1_GGAGATGAGGTAACTA.1",7
"X1_GGAGATGCAGGACTAG.1",3
"X1_GGAGATGGTGTTACAC.1",7
"X1_GGAGATGTCAAGTTGC.1",7
"X1_GGAGATGTCATCGTAG.1",2
"X1_GGAGATGTCGCCGAAC.1",2
"X1_GGAGATGTCTAGGCAT.1",6
"X1_GGAGATGTCTTCTTCC.1",2
"X1_GGAGCAAAGAGGATGA.1",5
"X1_GGAGCAAAGCCACAAG.1",3
"X1_GGAGCAAAGTGGTTGG.1",8
"X1_GGAGCAAGTAACGCGA.1",6
"X1_GGAGCAAGTAGCGCCT.1",5
"X1_GGAGCAAGTATCATGC.1",1000
"X1_GGAGCAAGTATGCGGA.1",1
"X1_GGAGCAAGTCCTTGTC.1",6
"X1_GGAGCAAGTGTGTCGC.1",5
"X1_GGAGCAATCCACCCTA.1",2
"X1_GGAGCAATCCCAGGCA.1",5
"X1_GGAGCAATCGAACGGA.1",7
"X1_GGAGCAATCGACGTCG.1",1000
"X1_GGAGGATAGAAGCGGG.1",5
"X1_GGAGGATAGGAAGTAG.1",1000
"X1_GGAGGATAGGTACATA.1",7
"X1_GGAGGATCAAGACCGA.1",8
"X1_GGAGGATCAATGAAAC.1",1
"X1_GGAGGATCATAACAGA.1",8
"X1_GGAGGATCATGACAGG.1",7
"X1_GGAGGATGTAGTGTGG.1",4
"X1_GGAGGATGTCTTGTCC.1",5
"X1_GGAGGATGTGCCTATA.1",1000
"X1_GGAGGATGTTACCCTC.1",1
"X1_GGAGGATTCGGACCAC.1",3
"X1_GGAGGATTCGGTAGAG.1",3
"X1_GGAGGTAAGACCAAAT.1",1
"X1_GGAGGTAAGACGCATG.1",7
"X1_GGAGGTAAGAGGCCAT.1",2
"X1_GGAGGTAAGATAACGT.1",3
"X1_GGAGGTACAAACGGCA.1",1000
"X1_GGAGGTACAACTCGAT.1",4
"X1_GGAGGTACACATAACC.1",4
"X1_GGAGGTACACTGATTG.1",2
"X1_GGAGGTACATGTCTAG.1",4
"X1_GGAGGTAGTCTCGACG.1",8
"X1_GGAGGTAGTGAGACGT.1",1
"X1_GGAGGTATCATCACCC.1",4
"X1_GGAGGTATCATTTGGG.1",3
"X1_GGAGGTATCCCTAGGG.1",6
"X1_GGAGGTATCCCTCATG.1",7
"X1_GGAGGTATCGACGATT.1",4
"X1_GGAGGTATCGCGCTGA.1",8
"X1_GGAGGTATCTGCTTTA.1",5
"X1_GGATCTAAGACATCAA.1",5
"X1_GGATCTAAGGTGCATG.1",3
"X1_GGATCTAAGTCCCAAT.1",4
"X1_GGATCTACAACTGCCG.1",5
"X1_GGATCTACAGACGATG.1",7
"X1_GGATCTACAGCACGAA.1",2
"X1_GGATCTACAGCGTGAA.1",5
"X1_GGATCTACATAGGCGA.1",4
"X1_GGATCTACATGGCCAC.1",4
"X1_GGATCTAGTGGATGAC.1",5
"X1_GGATCTAGTGTTCCTC.1",4
"X1_GGATCTATCTACCAGA.1",2
"X1_GGATCTATCTCCGAGG.1",3
"X1_GGATGTTAGGCCATAG.1",5
"X1_GGATGTTCACCGCTGA.1",8
"X1_GGATGTTCACGCGCTA.1",3
"X1_GGATGTTGTACGGCAA.1",1
"X1_GGATGTTGTATCAGGG.1",8
"X1_GGATGTTGTCTACATG.1",8
"X1_GGATGTTGTGATAGAT.1",8
"X1_GGATGTTGTGCCCGTA.1",3
"X1_GGATGTTGTGCTAGCC.1",8
"X1_GGATGTTGTGTGTCGC.1",7
"X1_GGATGTTGTTGGCCTG.1",8
"X1_GGATGTTGTTGGTAGG.1",5
"X1_GGATGTTTCTAACGCA.1",1
"X1_GGATGTTTCTCGCGTT.1",3
"X1_GGCACGTAGCCGTTGC.1",2
"X1_GGCACGTAGGAAGTGA.1",3
"X1_GGCACGTGTACCGGAA.1",8
"X1_GGCACGTGTCACTCGG.1",6
"X1_GGCACGTGTGTATTCG.1",8
"X1_GGCACGTGTTTCGATG.1",2
"X1_GGCACGTTCGGCCCAA.1",8
"X1_GGCAGTCAGAAATCCA.1",2
"X1_GGCAGTCAGGTTGCCC.1",4
"X1_GGCAGTCAGTGACCTT.1",6
"X1_GGCAGTCGTCACTACA.1",4
"X1_GGCAGTCGTCATGCAT.1",8
"X1_GGCAGTCGTCTGTCCT.1",4
"X1_GGCAGTCTCCTCAGAA.1",5
"X1_GGCAGTCTCGACCAAT.1",4
"X1_GGCAGTCTCTCAGGCG.1",2
"X1_GGCAGTCTCTCCCAAC.1",4
"X1_GGCAGTCTCTCGGGAC.1",7
"X1_GGCGTCAAGCGTCAAG.1",4
"X1_GGCGTCAAGGCAATGC.1",2
"X1_GGCGTCACACAGAAGC.1",3
"X1_GGCGTCACAGAGGCTA.1",2
"X1_GGCGTCACAGCGTGCT.1",4
"X1_GGCGTCACATGCCGCA.1",2
"X1_GGCGTCAGTGAGTGAC.1",1000
"X1_GGCGTCATCCATAGAC.1",5
"X1_GGCGTCATCTAGATCG.1",6
"X1_GGCGTCATCTGAATGC.1",1000
"X1_GGCGTCATCTTGCAGA.1",8
"X1_GGCTGTGAGGATGGCT.1",8
"X1_GGCTGTGCAACGTATC.1",6
"X1_GGCTGTGCAGGAGGAG.1",1
"X1_GGCTGTGCATTGACAC.1",7
"X1_GGCTGTGGTACCTTCC.1",7
"X1_GGCTGTGGTAGCCCTG.1",5
"X1_GGCTGTGGTCAGGTGA.1",8
"X1_GGCTGTGGTGGCTTAT.1",7
"X1_GGCTGTGGTGTTATCG.1",3
"X1_GGCTGTGTCATTCATC.1",6
"X1_GGCTGTGTCGAAATCC.1",5
"X1_GGCTGTGTCGGTCGAC.1",6
"X1_GGCTGTGTCTTCTGGC.1",8
"X1_GGCTTGGAGAAATCCA.1",1
"X1_GGCTTGGAGCGGGTAT.1",2
"X1_GGCTTGGAGGAACTAT.1",1000
"X1_GGCTTGGGTTGCGGAA.1",1000
"X1_GGCTTGGTCTTGGTCC.1",1
"X1_GGCTTTCAGGATATGT.1",1
"X1_GGCTTTCAGGTTGAGC.1",1000
"X1_GGCTTTCCAAGGCGTA.1",8
"X1_GGCTTTCCACGTACTA.1",2
"X1_GGCTTTCGTTCTCCTG.1",8
"X1_GGCTTTCTCACGGAGA.1",7
"X1_GGCTTTCTCAGAGCGA.1",7
"X1_GGCTTTCTCCGTGTAA.1",1000
"X1_GGCTTTCTCTGGTGCG.1",6
"X1_GGCTTTCTCTGGTGGC.1",5
"X1_GGGAAGTAGGCCACCT.1",3
"X1_GGGAAGTAGTATGATG.1",1
"X1_GGGAAGTCAATTCGTG.1",7
"X1_GGGAAGTCACAGTCCG.1",2
"X1_GGGAAGTCACCTCTAC.1",4
"X1_GGGAAGTCACGCCACA.1",3
"X1_GGGAAGTCAGACCATT.1",4
"X1_GGGAAGTCAGACTCTA.1",3
"X1_GGGAAGTCAGCTGTTA.1",1000
"X1_GGGAAGTGTGAATGAT.1",2
"X1_GGGAAGTTCAAAGACA.1",5
"X1_GGGAAGTTCACAAGGG.1",2
"X1_GGGAAGTTCATACGGT.1",5
"X1_GGGAAGTTCGGACCAC.1",3
"X1_GGGAAGTTCTCACCCA.1",1
"X1_GGGACAAAGAGCATTA.1",5
"X1_GGGACAAAGATGACCG.1",2
"X1_GGGACAAAGCGTGAGT.1",8
"X1_GGGACAACATCGGCCA.1",2
"X1_GGGACAATCAACACGT.1",2
"X1_GGGACAATCCTGGCTT.1",8
"X1_GGGACAATCTTACTGT.1",3
"X1_GGGACCTAGCGATGAC.1",7
"X1_GGGACCTAGGACATCG.1",7
"X1_GGGACCTCAACGTAAA.1",7
"X1_GGGACCTCAAGCACAG.1",1000
"X1_GGGACCTCACCTCTGT.1",6
"X1_GGGACCTGTACGATTC.1",5
"X1_GGGACCTGTTGTGTAC.1",1000
"X1_GGGACCTGTTGTGTTG.1",6
"X1_GGGACCTTCGGAGATG.1",2
"X1_GGGACCTTCGTAACTG.1",4
"X1_GGGACCTTCTAACACG.1",4
"X1_GGGACTCCAATTGCGT.1",3
"X1_GGGACTCCATTAGGCT.1",5
"X1_GGGACTCTCCATCCGT.1",4
"X1_GGGACTCTCCGATCTC.1",5
"X1_GGGACTCTCCGTGGTG.1",6
"X1_GGGACTCTCCTAGCGG.1",2
"X1_GGGAGATAGCTGAGTG.1",4
"X1_GGGAGATAGGAATCGC.1",6
"X1_GGGAGATAGGCATGGT.1",7
"X1_GGGAGATAGGTACTGG.1",7
"X1_GGGAGATAGTAAATGC.1",2
"X1_GGGAGATCAAATCAGA.1",3
"X1_GGGAGATCAACGCATT.1",5
"X1_GGGAGATCAATGAGCG.1",5
"X1_GGGAGATCACAACATC.1",5
"X1_GGGAGATCACACGTGC.1",8
"X1_GGGAGATCACTAGGTT.1",1
"X1_GGGAGATCATACGCAT.1",7
"X1_GGGAGATGTAACACGG.1",1
"X1_GGGAGATGTCGTCTCT.1",8
"X1_GGGAGATGTGTAGTGG.1",1
"X1_GGGAGTAAGAAACCCG.1",8
"X1_GGGAGTAAGATGTTGA.1",1
"X1_GGGAGTAAGCACCTGC.1",1
"X1_GGGAGTAAGCTAGCCC.1",8
"X1_GGGAGTAAGCTGAGTG.1",5
"X1_GGGAGTAAGGCCACTC.1",3
"X1_GGGAGTAAGGTCACAG.1",8
"X1_GGGAGTAAGTACTCGT.1",6
"X1_GGGAGTACAATGTGGG.1",8
"X1_GGGAGTACAATTGCGT.1",3
"X1_GGGAGTACAATTTCCT.1",6
"X1_GGGAGTACAGTCGAGA.1",1000
"X1_GGGAGTACATGGGTCC.1",1
"X1_GGGAGTAGTCACAGAG.1",7
"X1_GGGAGTAGTCGGTGTC.1",4
"X1_GGGAGTAGTCGTCAGC.1",7
"X1_GGGAGTAGTTGGGATG.1",4
"X1_GGGAGTATCATGCCCT.1",3
"X1_GGGAGTATCCAGCACG.1",3
"X1_GGGAGTATCCGTGTAA.1",4
"X1_GGGAGTATCGTTAGTG.1",2
"X1_GGGATCCCACGCTGCA.1",7
"X1_GGGATCCCATTGTCGA.1",4
"X1_GGGATCCGTCAGGTAG.1",2
"X1_GGGATCCGTGAGGCAT.1",2
"X1_GGGATCCGTGAGTGAC.1",1
"X1_GGGATCCTCGCCGAGT.1",3
"X1_GGGATGAGTCCACTTC.1",2
"X1_GGGATGAGTCCGCAGT.1",2
"X1_GGGATGAGTTCCCACT.1",3
"X1_GGGATGATCCTTACCG.1",3
"X1_GGGATGATCGTTCTGC.1",8
"X1_GGGCCATAGCGTCGAA.1",5
"X1_GGGCCATAGGAAGAAC.1",7
"X1_GGGCCATAGGTATAGT.1",4
"X1_GGGCCATAGTAGGGTC.1",1
"X1_GGGCCATAGTCAATCC.1",2
"X1_GGGCCATCAATACGAA.1",2
"X1_GGGCCATCAGCAGATG.1",5
"X1_GGGCCATCATACCGTA.1",1
"X1_GGGCCATCATCGGATT.1",1000
"X1_GGGCCATTCCGCGGAT.1",7
"X1_GGGCCATTCGCTCTCA.1",5
"X1_GGGCCATTCGGCTATA.1",8
"X1_GGGCCATTCGTGCTCT.1",1
"X1_GGGCCATTCTAAGGAA.1",3
"X1_GGGCCATTCTTCTAAC.1",1000
"X1_GGGCGTTAGGTTTACC.1",4
"X1_GGGCGTTAGTCCTGTA.1",7
"X1_GGGCGTTAGTTGTAAG.1",1
"X1_GGGCGTTCAAAGAGTT.1",7
"X1_GGGCGTTCAATAGTGA.1",2
"X1_GGGCGTTCAGCGACCT.1",1
"X1_GGGCGTTGTAACTTCG.1",4
"X1_GGGCGTTGTGACGCCT.1",3
"X1_GGGCGTTTCCGTAATG.1",6
"X1_GGGCGTTTCGAAACAA.1",2
"X1_GGGCGTTTCTGTCAGA.1",5
"X1_GGGCTACAGAACCCGA.1",8
"X1_GGGCTACAGGTTCTTG.1",6
"X1_GGGCTACAGTTGCCCG.1",3
"X1_GGGCTACGTCGGAAAC.1",6
"X1_GGGCTACGTGGTAATA.1",4
"X1_GGGCTACGTGTGGACA.1",5
"X1_GGGCTACTCCTTTGAT.1",7
"X1_GGGCTACTCGCGTCGA.1",5
"X1_GGGCTACTCTCCCTAG.1",4
"X1_GGGCTACTCTGAGAGG.1",7
"X1_GGGCTCAAGCAGGGAG.1",7
"X1_GGGCTCAAGCCGCTTG.1",8
"X1_GGGCTCAAGCCTTTGA.1",3
"X1_GGGCTCAAGGCTGTAG.1",7
"X1_GGGCTCAAGGTAGTCG.1",6
"X1_GGGCTCACAAATGGTA.1",3
"X1_GGGCTCACAGAAACCG.1",2
"X1_GGGCTCACAGTCAGCC.1",6
"X1_GGGCTCACATACTTTC.1",5
"X1_GGGCTCAGTGTATACC.1",7
"X1_GGGCTCAGTTTCACTT.1",5
"X1_GGGCTCATCCCTTGGT.1",8
"X1_GGGCTCATCCGTGGTG.1",8
"X1_GGGTAGAAGGAACGAA.1",7
"X1_GGGTAGAAGGTAAAGG.1",5
"X1_GGGTAGACAGTCGAGA.1",4
"X1_GGGTAGACATAGAATG.1",6
"X1_GGGTAGAGTACAAGTA.1",4
"X1_GGGTAGAGTACCCACG.1",1
"X1_GGGTAGAGTCTCAGGC.1",5
"X1_GGGTAGATCCACACAA.1",1000
"X1_GGGTAGATCCATTGCC.1",7
"X1_GGGTAGATCCGATGCG.1",3
"X1_GGGTAGATCGCAGAGA.1",2
"X1_GGGTATTAGCACGTCC.1",3
"X1_GGGTATTAGTTGAATG.1",1000
"X1_GGGTATTCAACGACAG.1",6
"X1_GGGTATTCAACTACGT.1",3
"X1_GGGTATTCAAGACAAT.1",7
"X1_GGGTATTCACACCGCA.1",1
"X1_GGGTATTCAGGTACGA.1",7
"X1_GGGTATTCAGTGGCTC.1",3
"X1_GGGTATTGTACGCTTA.1",6
"X1_GGGTATTGTACGGGAT.1",8
"X1_GGGTATTGTAGCACGA.1",7
"X1_GGGTATTGTAGGAGTC.1",4
"X1_GGGTATTGTCACTCAA.1",7
"X1_GGGTATTGTTTCGTGA.1",8
"X1_GGGTATTTCAAGAATG.1",6
"X1_GGGTATTTCATTGTTC.1",3
"X1_GGGTATTTCGCTGCGA.1",4
"X1_GGGTATTTCGTGGGTC.1",7
"X1_GGGTCACCAAGAGTGC.1",3
"X1_GGGTCACCACAGTGAG.1",6
"X1_GGGTCACGTTGTGTTG.1",4
"X1_GGGTCACTCACATACG.1",4
"X1_GGGTCACTCACTGAAC.1",5
"X1_GGGTCACTCGACGCGT.1",5
"X1_GGGTCTGAGATACCAA.1",4
"X1_GGGTCTGAGCCACTCG.1",3
"X1_GGGTCTGAGGACAAGA.1",8
"X1_GGGTCTGAGGATATAC.1",2
"X1_GGGTCTGAGGGTTTCT.1",8
"X1_GGGTCTGAGTGCTACT.1",7
"X1_GGGTCTGCACTTGGGC.1",8
"X1_GGGTCTGCAGGAGGAG.1",1
"X1_GGGTCTGGTAGGCTCC.1",2
"X1_GGGTCTGGTGCCTGCA.1",3
"X1_GGGTCTGGTGTCGATT.1",3
"X1_GGGTCTGGTTTCCCAC.1",3
"X1_GGGTCTGTCAGTGTGT.1",5
"X1_GGGTCTGTCGAACTCA.1",3
"X1_GGGTCTGTCTTCCACG.1",8
"X1_GGGTGAAAGGTGCTTT.1",2
"X1_GGGTGAACACTTCATT.1",3
"X1_GGGTGAACAGAGAAAG.1",2
"X1_GGGTGAACAGCAGTGA.1",6
"X1_GGGTGAACATTATGCG.1",6
"X1_GGGTGAAGTAAGATTG.1",8
"X1_GGGTGAAGTACGCTTA.1",8
"X1_GGGTGAAGTCATCCGG.1",3
"X1_GGGTGAAGTCCGGATC.1",5
"X1_GGGTGAAGTCGGTGTC.1",6
"X1_GGGTGAAGTGGCTGAA.1",7
"X1_GGGTGAAGTTACACAC.1",2
"X1_GGGTGAATCCGATAGT.1",4
"X1_GGGTGAATCCGGTAGC.1",8
"X1_GGGTGAATCTTCACAT.1",3
"X1_GGGTGTCAGAACTCCT.1",5
"X1_GGGTGTCAGATGCAGC.1",3
"X1_GGGTGTCAGCACCTGC.1",4
"X1_GGGTGTCAGGATATAC.1",2
"X1_GGGTGTCAGGGTTTCT.1",1000
"X1_GGGTGTCCACAATGTC.1",3
"X1_GGGTGTCCACGACAGA.1",5
"X1_GGGTGTCCAGGGTTGA.1",2
"X1_GGGTGTCGTGTGTCGC.1",1000
"X1_GGGTGTCTCGAGTACT.1",3
"X1_GGGTTATAGCCGCTTG.1",1
"X1_GGGTTATAGCGAGGAG.1",2
"X1_GGGTTATCACGTAGTT.1",6
"X1_GGGTTATCACTACTTT.1",6
"X1_GGGTTATCAGGTCCCA.1",7
"X1_GGGTTATCATAACAGA.1",7
"X1_GGGTTATCATCTAGAC.1",1
"X1_GGGTTATCATGTTACG.1",7
"X1_GGGTTATGTCAACATC.1",1
"X1_GGGTTATGTGCGTGCT.1",5
"X1_GGGTTATTCATAAGGA.1",8
"X1_GGGTTATTCCGATAAC.1",1
"X1_GGGTTATTCGCTCTAC.1",4
"X1_GGGTTATTCGTGGTAT.1",7
"X1_GGGTTATTCTTCGGAA.1",3
"X1_GGGTTTACAGAGAGGG.1",7
"X1_GGGTTTACAGAGGCTA.1",3
"X1_GGGTTTACATCCTAAG.1",5
"X1_GGGTTTACATCGGATT.1",7
"X1_GGGTTTACATGTGACT.1",7
"X1_GGGTTTAGTAACATAG.1",5
"X1_GGGTTTAGTGGTAACG.1",7
"X1_GGGTTTATCACGACTA.1",6
"X1_GGGTTTATCCTTATGT.1",5
"X1_GGGTTTATCTCCTGAC.1",2
"X1_GGTAACTAGAGTAACT.1",2
"X1_GGTAACTAGCACCTGC.1",8
"X1_GGTAACTAGCCTCAAT.1",7
"X1_GGTAACTAGTCCCGGT.1",4
"X1_GGTAACTCAAGTGATA.1",5
"X1_GGTAACTCATCCGGCA.1",6
"X1_GGTAACTCATTCAGGT.1",3
"X1_GGTAACTGTAGATTAG.1",3
"X1_GGTAACTGTCCATACA.1",4
"X1_GGTAACTGTGCCTACG.1",7
"X1_GGTAACTGTGCCTGCA.1",4
"X1_GGTAACTGTGCGTGCT.1",3
"X1_GGTAACTGTTGGCTAT.1",7
"X1_GGTAACTTCCATTTGT.1",7
"X1_GGTAACTTCGCATGAT.1",5
"X1_GGTAACTTCGTCGATA.1",3
"X1_GGTAATCAGCTAGTTC.1",1000
"X1_GGTAATCCACAAATCC.1",8
"X1_GGTAATCCACATTACG.1",5
"X1_GGTAATCGTCTAACTG.1",5
"X1_GGTAATCGTGGAAGTC.1",8
"X1_GGTAATCGTTTAGAGA.1",5
"X1_GGTAATCTCCGGGACT.1",7
"X1_GGTAATCTCGAGAAGC.1",5
"X1_GGTAATCTCTAGGCAT.1",4
"X1_GGTAATCTCTATGCCC.1",6
"X1_GGTAATCTCTGGAAGG.1",4
"X1_GGTAATCTCTTGGAAC.1",8
"X1_GGTAGAGAGTCTAACC.1",4
"X1_GGTAGAGCAGACCATT.1",2
"X1_GGTAGAGCAGTAGATA.1",4
"X1_GGTAGAGGTCCGATCG.1",7
"X1_GGTAGAGGTTGAATCC.1",6
"X1_GGTAGAGGTTGCAAGG.1",1
"X1_GGTAGAGTCAAAGGTA.1",7
"X1_GGTCACGAGACCATTC.1",1
"X1_GGTCACGAGAGAGCGG.1",3
"X1_GGTCACGAGCCTATTG.1",6
"X1_GGTCACGAGCTGTTAC.1",2
"X1_GGTCACGAGGATATAC.1",7
"X1_GGTCACGAGGGTACGT.1",3
"X1_GGTCACGCAACAGCCC.1",8
"X1_GGTCACGCAAGCAGGT.1",5
"X1_GGTCACGCAATCTAGC.1",2
"X1_GGTCACGCACGTTCGG.1",3
"X1_GGTCACGGTGTCATCA.1",5
"X1_GGTCACGTCCACACCT.1",6
"X1_GGTCACGTCGCTGTTC.1",7
"X1_GGTCACGTCGTTGTGA.1",7
"X1_GGTCACGTCTACGGTA.1",1000
"X1_GGTCTGGAGGGCATGT.1",5
"X1_GGTCTGGCAGAGATTA.1",8
"X1_GGTCTGGCAGTGCCTG.1",4
"X1_GGTCTGGGTAGGCTCC.1",3
"X1_GGTCTGGGTCGTTTCC.1",8
"X1_GGTCTGGGTGCCGAAA.1",4
"X1_GGTGAAGAGTCCTGCG.1",1
"X1_GGTGAAGCACGAAAGC.1",1
"X1_GGTGAAGCATAGCACT.1",6
"X1_GGTGAAGGTGACTCTA.1",2
"X1_GGTGAAGTCAGCTCTC.1",7
"X1_GGTGAAGTCCAAGCTA.1",2
"X1_GGTGAAGTCGACCACG.1",6
"X1_GGTGAAGTCGCATGAT.1",1000
"X1_GGTGAAGTCTGGCCTT.1",6
"X1_GGTGATTAGAGCATAT.1",1
"X1_GGTGATTAGCCTGGAA.1",3
"X1_GGTGATTAGTATGAAC.1",5
"X1_GGTGATTAGTATTAGG.1",1000
"X1_GGTGATTCAAACGGCA.1",8
"X1_GGTGATTCAATTCTCT.1",3
"X1_GGTGATTGTAGGTAGC.1",7
"X1_GGTGATTGTCACTACA.1",4
"X1_GGTGATTGTTCCAGGC.1",4
"X1_GGTGATTGTTGAGAGC.1",2
"X1_GGTGATTTCACCCTTG.1",1000
"X1_GGTGATTTCCGTTGGG.1",2
"X1_GGTGATTTCGTACACA.1",3
"X1_GGTGGCTAGACATGCG.1",5
"X1_GGTGGCTAGACTGTTC.1",6
"X1_GGTGGCTCAACCACGC.1",6
"X1_GGTGGCTCAAGGAGTC.1",2
"X1_GGTGGCTCACATTACG.1",5
"X1_GGTGGCTCAGCACGAA.1",7
"X1_GGTGGCTGTACCACGC.1",5
"X1_GGTGGCTGTACCATAC.1",5
"X1_GGTGGCTGTACTGAGG.1",5
"X1_GGTGGCTGTCAAAGCG.1",1
"X1_GGTGGCTGTTACAGCT.1",3
"X1_GGTGGCTGTTCTCCTG.1",6
"X1_GGTGGCTGTTTCCATT.1",2
"X1_GGTGGCTTCGGTCGAC.1",6
"X1_GGTGGCTTCGTTCGCT.1",2
"X1_GGTGTCGAGACGATAT.1",7
"X1_GGTGTCGAGACGGATC.1",2
"X1_GGTGTCGAGTTGTAGA.1",1000
"X1_GGTGTCGCAAGACCTT.1",4
"X1_GGTGTCGCAAGTGGTG.1",1
"X1_GGTGTCGCAGAGTTGG.1",2
"X1_GGTGTCGCATGATCTG.1",2
"X1_GGTGTCGGTCACAATC.1",3
"X1_GGTGTCGGTGGCTAGA.1",8
"X1_GGTGTCGGTTCTCTAT.1",4
"X1_GGTGTCGTCACTGTTT.1",8
"X1_GGTGTCGTCCGCAAAT.1",7
"X1_GGTGTCGTCCGGGACT.1",2
"X1_GGTGTTAAGCCAGACA.1",7
"X1_GGTGTTAAGGTCGTCC.1",5
"X1_GGTGTTAAGTAGGTTA.1",4
"X1_GGTGTTAAGTGATTCC.1",6
"X1_GGTGTTACACTTCTCG.1",2
"X1_GGTGTTAGTAACCAGG.1",1
"X1_GGTGTTAGTACCGCGT.1",2
"X1_GGTGTTAGTCTGGTTA.1",2
"X1_GGTGTTAGTCTTCAAG.1",4
"X1_GGTGTTAGTTAACCTG.1",6
"X1_GGTGTTATCACAGAGG.1",1
"X1_GGTGTTATCATTCACT.1",8
"X1_GGTGTTATCCGCAACG.1",2
"X1_GGTGTTATCGAAACAA.1",5
"X1_GGTGTTATCTCCAAGA.1",3
"X1_GGTGTTATCTTCCAGC.1",2
"X1_GGTTAACAGGAGTACC.1",1
"X1_GGTTAACAGGCGACAT.1",7
"X1_GGTTAACAGTAGACCG.1",1000
"X1_GGTTAACCAGCTAACT.1",3
"X1_GGTTAACCAGTAGGAC.1",1000
"X1_GGTTAACGTACGACAG.1",5
"X1_GGTTAACGTACTGAGG.1",5
"X1_GGTTAACGTTAGCGGA.1",8
"X1_GGTTAACTCCATCAGA.1",3
"X1_GGTTAACTCCGGACGT.1",2
"X1_GGTTAACTCCTTCTTC.1",8
"X1_GGTTAACTCTAAGCGT.1",3
"X1_GGTTAACTCTCGGCTT.1",4
"X1_GGTTCTCAGTTCGCAT.1",3
"X1_GGTTCTCCATGAGGGT.1",8
"X1_GGTTCTCCATGCAGGA.1",3
"X1_GGTTCTCCATGTTCGA.1",7
"X1_GGTTCTCGTAGCGCCT.1",2
"X1_GGTTCTCGTAGGCAAC.1",6
"X1_GGTTCTCGTGTATTGC.1",3
"X1_GGTTCTCTCACGAACT.1",4
"X1_GGTTCTCTCAGTGATC.1",5
"X1_GGTTCTCTCCTCAGGG.1",4
"X1_GGTTGTACAAACCGGA.1",3
"X1_GGTTGTACAACCCGCA.1",5
"X1_GGTTGTACATCGCTGG.1",5
"X1_GGTTGTATCAGAACCT.1",7
"X1_GGTTGTATCGAACACT.1",8
"X1_GGTTGTATCGAGATGG.1",8
"X1_GGTTGTATCGTCAGAT.1",1
"X1_GGTTGTATCTCGCCTA.1",2
"X1_GGTTGTATCTTCCCAG.1",3
"X1_GTAACACAGAGTGACC.1",5
"X1_GTAACACAGCAACAAT.1",1
"X1_GTAACACAGGATACAT.1",5
"X1_GTAACACAGGCTATCT.1",1
"X1_GTAACACAGTTAGTGA.1",5
"X1_GTAACACCAATGTCTG.1",8
"X1_GTAACACGTATAGGGC.1",5
"X1_GTAACACGTCGCATCG.1",1
"X1_GTAACACGTTGGCTAT.1",4
"X1_GTAACACTCACTCTTA.1",8
"X1_GTAACACTCATTCGTT.1",3
"X1_GTAACCAAGAAACCCG.1",4
"X1_GTAACCAAGAGGGTAA.1",5
"X1_GTAACCAAGCTCGCAC.1",7
"X1_GTAACCAAGGTCCCGT.1",8
"X1_GTAACCACACACGTGC.1",5
"X1_GTAACCACACATGGTT.1",5
"X1_GTAACCACACCGTCGA.1",6
"X1_GTAACCACACCTTCGT.1",6
"X1_GTAACCACAGGTATGG.1",1000
"X1_GTAACCAGTACGACAG.1",5
"X1_GTAACCAGTCGTATTG.1",2
"X1_GTAACCATCCCTCATG.1",7
"X1_GTAAGTCAGAATACAC.1",2
"X1_GTAAGTCAGAATCGCG.1",2
"X1_GTAAGTCAGACATACA.1",2
"X1_GTAAGTCAGGACGCTA.1",8
"X1_GTAAGTCAGTTTCAGC.1",4
"X1_GTAAGTCCAAAGGGCT.1",4
"X1_GTAAGTCCAAGTGCAG.1",4
"X1_GTAAGTCCAATTGAAG.1",3
"X1_GTAAGTCCAGAGTCAG.1",6
"X1_GTAAGTCCAGGTCCGT.1",1000
"X1_GTAAGTCGTATGGTTC.1",6
"X1_GTAAGTCGTCGGTGTC.1",2
"X1_GTAAGTCGTTACGATC.1",6
"X1_GTAAGTCTCTTTGCAT.1",5
"X1_GTAATCGAGACAGCGT.1",5
"X1_GTAATCGAGACGACGT.1",3
"X1_GTAATCGAGAGATCGC.1",3
"X1_GTAATCGAGATGCTTC.1",4
"X1_GTAATCGAGCGCCCAT.1",8
"X1_GTAATCGAGGTACATA.1",1
"X1_GTAATCGCAGACCAAG.1",2
"X1_GTAATCGCAGGTCTCG.1",7
"X1_GTAATCGGTAACAGGC.1",5
"X1_GTAATCGGTCAAAGAT.1",7
"X1_GTAATCGGTGCTCTCT.1",3
"X1_GTAATCGGTGGTTTGT.1",2
"X1_GTAATCGGTTCCCAAA.1",2
"X1_GTAATCGGTTTGCAGT.1",4
"X1_GTAATCGTCGCCACTT.1",8
"X1_GTAATCGTCTACTGCC.1",4
"X1_GTAATCGTCTGCGGCA.1",4
"X1_GTAATGCAGGTAGTAT.1",8
"X1_GTAATGCAGGTTGAGC.1",3
"X1_GTAATGCAGTATGATG.1",3
"X1_GTAATGCCAATTCACG.1",6
"X1_GTAATGCCAATTCTCT.1",8
"X1_GTAATGCCACAAGCAG.1",8
"X1_GTAATGCCATCATTTC.1",6
"X1_GTAATGCGTAACATAG.1",3
"X1_GTAATGCGTCATTGCA.1",3
"X1_GTAATGCGTGACTCTA.1",2
"X1_GTAATGCTCTGAGATC.1",8
"X1_GTACAACAGCTCGTGC.1",4
"X1_GTACAACAGCTGCCAC.1",5
"X1_GTACAACCAACCGCCA.1",1
"X1_GTACAACCAATTGCCA.1",5
"X1_GTACAACCACTAAACC.1",5
"X1_GTACAACCACTCCGGA.1",3
"X1_GTACAACGTAGCGCTC.1",5
"X1_GTACAACTCAGCTCTC.1",3
"X1_GTACAACTCCGTGCGA.1",5
"X1_GTACAACTCGAACCTA.1",2
"X1_GTACAGTAGACCTCAT.1",5
"X1_GTACAGTAGACGGATC.1",8
"X1_GTACAGTCAAGAAACT.1",6
"X1_GTACAGTCATACTGAC.1",2
"X1_GTACAGTGTAGGAGGG.1",2
"X1_GTACAGTGTATCGGTT.1",5
"X1_GTACAGTGTTAGAAAC.1",6
"X1_GTACAGTGTTGTTGAC.1",2
"X1_GTACAGTTCACCTCAC.1",7
"X1_GTACAGTTCCTTGGAA.1",3
"X1_GTACAGTTCGCCAGTG.1",2
"X1_GTACAGTTCGGCAGTC.1",7
"X1_GTAGAAAAGAAAGCGA.1",4
"X1_GTAGAAAAGCCGTTGC.1",6
"X1_GTAGAAAAGCTGGCTC.1",8
"X1_GTAGAAAAGGAGCTGT.1",3
"X1_GTAGAAACAGCACCCA.1",5
"X1_GTAGAAACATCATTGG.1",6
"X1_GTAGAAAGTGAGTAAT.1",3
"X1_GTAGAAAGTGGCGCTT.1",3
"X1_GTAGAAAGTTCAAGGG.1",3
"X1_GTAGAAAGTTCAAGTC.1",1000
"X1_GTAGAAAGTTCAATCG.1",5
"X1_GTAGAAATCCCTTGGT.1",6
"X1_GTAGAGGAGCCGTTAT.1",1
"X1_GTAGAGGAGGGCAACT.1",3
"X1_GTAGAGGAGTCAAGCG.1",5
"X1_GTAGAGGCAACTGCTA.1",6
"X1_GTAGAGGCACGATAGG.1",1000
"X1_GTAGAGGCACGGCTAC.1",5
"X1_GTAGAGGCACGTCTCT.1",3
"X1_GTAGAGGGTGGTTTGT.1",2
"X1_GTAGAGGGTTACGTAC.1",3
"X1_GTAGAGGTCTAGCCTC.1",5
"X1_GTAGATCAGCCTCTCT.1",1
"X1_GTAGATCCACCCTTGT.1",3
"X1_GTAGATCCAGCTCTGG.1",2
"X1_GTAGATCCATCCTGTC.1",6
"X1_GTAGATCTCGCCTTTG.1",3
"X1_GTAGCTAAGAAGCCAC.1",1
"X1_GTAGCTAAGCCTCTGG.1",3
"X1_GTAGCTAGTTCCTACC.1",6
"X1_GTAGCTATCAGAGTGG.1",1
"X1_GTAGCTATCGAGGCAA.1",3
"X1_GTAGCTATCTCCATAT.1",5
"X1_GTAGCTATCTTTCCAA.1",3
"X1_GTAGGAGCAAGACGGT.1",2
"X1_GTAGGAGCACCTCAGG.1",5
"X1_GTAGGAGCATTGGCAT.1",2
"X1_GTAGGAGGTACCCGAC.1",1000
"X1_GTAGGAGGTGCAACGA.1",4
"X1_GTAGGAGGTGTAAACA.1",2
"X1_GTAGGAGGTTATTCTC.1",7
"X1_GTAGGAGGTTGGGTTT.1",7
"X1_GTAGGAGTCCCTCAAC.1",3
"X1_GTAGGAGTCCCTGTTG.1",7
"X1_GTAGGAGTCTACACAG.1",1000
"X1_GTAGGTTAGATGGCAC.1",4
"X1_GTAGGTTAGCTCAGAG.1",7
"X1_GTAGGTTAGGAGTCTG.1",3
"X1_GTAGGTTAGGGACACT.1",8
"X1_GTAGGTTAGTATTAGG.1",5
"X1_GTAGGTTCAAGAAATC.1",4
"X1_GTAGGTTCAAGGACAC.1",3
"X1_GTAGGTTCAATACAGA.1",7
"X1_GTAGGTTCAGCTGCCA.1",2
"X1_GTAGGTTCATAACAGA.1",8
"X1_GTAGGTTGTAACTAAG.1",1000
"X1_GTAGGTTGTAATTGGA.1",4
"X1_GTAGGTTGTCTCGACG.1",8
"X1_GTAGGTTGTGCCTGCA.1",3
"X1_GTAGGTTGTGGAACAC.1",1
"X1_GTAGGTTGTTGCAAGG.1",8
"X1_GTAGGTTTCACTTGGA.1",3
"X1_GTAGGTTTCATTGTTC.1",3
"X1_GTAGGTTTCTCGCTCA.1",8
"X1_GTAGGTTTCTGGAAGG.1",5
"X1_GTAGTACAGCCTATCA.1",2
"X1_GTAGTACAGGAGTATT.1",8
"X1_GTAGTACAGTCCTACA.1",6
"X1_GTAGTACAGTGGACGT.1",8
"X1_GTAGTACAGTTTCTTC.1",3
"X1_GTAGTACCAAGATGGC.1",3
"X1_GTAGTACCAGACAAGC.1",4
"X1_GTAGTACCAGCAGTCC.1",7
"X1_GTAGTACCAGGTCAAG.1",4
"X1_GTAGTACGTCCATCTC.1",1000
"X1_GTAGTACTCAGCTGTA.1",8
"X1_GTATTGGAGACAAGCC.1",4
"X1_GTATTGGAGCCATGCC.1",5
"X1_GTATTGGAGGAAAGAC.1",3
"X1_GTATTGGAGGCCTTGC.1",5
"X1_GTATTGGAGTGAGCCA.1",6
"X1_GTATTGGCACATGACT.1",3
"X1_GTATTGGCACCGTACG.1",8
"X1_GTATTGGCACTACTTT.1",6
"X1_GTATTGGCACTCTGCT.1",8
"X1_GTATTGGCAGACGATG.1",4
"X1_GTATTGGCATGGAAGC.1",4
"X1_GTATTGGGTAGATCGG.1",3
"X1_GTATTGGGTATATGGA.1",3
"X1_GTATTGGGTCGAGTTT.1",6
"X1_GTATTGGGTGTTCCTC.1",7
"X1_GTATTGGTCCCGTGTT.1",7
"X1_GTATTGGTCGTGGTAT.1",7
"X1_GTATTTCAGCAATTAG.1",4
"X1_GTATTTCAGCACTCAT.1",2
"X1_GTATTTCAGCTAATCC.1",6
"X1_GTATTTCAGGTAACTA.1",5
"X1_GTATTTCCAACTGATC.1",7
"X1_GTATTTCCACATAACC.1",7
"X1_GTATTTCCACTACAGT.1",2
"X1_GTATTTCCACTGCACG.1",6
"X1_GTATTTCCAGGACTTT.1",3
"X1_GTATTTCCATCCGGTG.1",1000
"X1_GTATTTCGTGGTACAG.1",8
"X1_GTATTTCGTTGACTGT.1",3
"X1_GTATTTCGTTGCCATA.1",1
"X1_GTATTTCTCAAGCCGC.1",1000
"X1_GTATTTCTCACGAACT.1",7
"X1_GTATTTCTCGATTTCT.1",5
"X1_GTATTTCTCTAAGGAA.1",7
"X1_GTATTTCTCTTTCCGG.1",7
"X1_GTCAAACAGATTGACA.1",3
"X1_GTCAAACAGTCCCGGT.1",5
"X1_GTCAAACAGTGCCGAA.1",7
"X1_GTCAAACCAACATCGT.1",2
"X1_GTCAAACCAACGCCCA.1",3
"X1_GTCAAACCAAGAGTGC.1",5
"X1_GTCAAACCATACAGAA.1",6
"X1_GTCAAACCATCAACCA.1",3
"X1_GTCAAACCATCAGCTA.1",1000
"X1_GTCAAACGTAGAGGAA.1",3
"X1_GTCAAACGTCCCAAAT.1",1
"X1_GTCAAACGTGTCTTCC.1",7
"X1_GTCAAACGTGTGCTTA.1",3
"X1_GTCAAACGTTTCCCAC.1",4
"X1_GTCAAGTAGAAGTCAT.1",4
"X1_GTCAAGTAGCTCGAAG.1",3
"X1_GTCAAGTAGTAGCCAG.1",3
"X1_GTCAAGTAGTGCTACT.1",1
"X1_GTCAAGTCAAATCGTC.1",8
"X1_GTCAAGTCAATACCCA.1",5
"X1_GTCAAGTCACAGTCAT.1",3
"X1_GTCAAGTCAGTGAGCA.1",7
"X1_GTCAAGTCATGACTAC.1",1
"X1_GTCAAGTTCAGTGCGC.1",7
"X1_GTCAAGTTCCTACGGG.1",1
"X1_GTCAAGTTCCTTATAC.1",7
"X1_GTCAAGTTCGGAGTGA.1",3
"X1_GTCAAGTTCTGTAAGC.1",1
"X1_GTCACGGAGATGCTAA.1",7
"X1_GTCACGGAGCCAAGTG.1",4
"X1_GTCACGGAGTCGTTAC.1",4
"X1_GTCACGGCAACCGTGC.1",7
"X1_GTCACGGCACCTGCGA.1",7
"X1_GTCACGGCACTGAATC.1",7
"X1_GTCACGGCAGCTACAT.1",5
"X1_GTCACGGCAGGATGAC.1",7
"X1_GTCACGGGTCTCCCTA.1",4
"X1_GTCACGGGTGATGTAA.1",3
"X1_GTCACGGGTGGAGAAA.1",1000
"X1_GTCACGGGTGTGAATA.1",8
"X1_GTCACGGTCAATGCAC.1",3
"X1_GTCACGGTCATATGGC.1",1000
"X1_GTCACGGTCATCACAG.1",8
"X1_GTCACGGTCCGCCTAT.1",3
"X1_GTCACGGTCGACATCA.1",8
"X1_GTCACGGTCTCTGAGA.1",8
"X1_GTCACTCAGGAGAGTA.1",1
"X1_GTCACTCCAAGTGGCA.1",3
"X1_GTCACTCGTAACGATA.1",7
"X1_GTCACTCGTATCTCTT.1",5
"X1_GTCACTCGTGAGGATC.1",6
"X1_GTCACTCGTTGATCGT.1",1000
"X1_GTCACTCGTTTAGTCG.1",1000
"X1_GTCACTCTCAGTGGGA.1",8
"X1_GTCACTCTCATTACGG.1",6
"X1_GTCACTCTCGCGAAGA.1",7
"X1_GTCACTCTCTTCGATT.1",5
"X1_GTCAGCGAGAAACTCA.1",3
"X1_GTCAGCGAGAGCAGAA.1",6
"X1_GTCAGCGAGAGGTGCT.1",5
"X1_GTCAGCGAGGGTAATT.1",1000
"X1_GTCAGCGAGGTACCTT.1",8
"X1_GTCAGCGAGTGGAAGA.1",3
"X1_GTCAGCGAGTTGGACG.1",2
"X1_GTCAGCGCACAAAGTA.1",3
"X1_GTCAGCGCACGTTCGG.1",5
"X1_GTCAGCGCACTGCACG.1",5
"X1_GTCAGCGCATCCGATA.1",5
"X1_GTCAGCGGTATCTCGA.1",5
"X1_GTCAGCGGTATTGACC.1",2
"X1_GTCAGCGGTCAGTTTG.1",5
"X1_GTCAGCGGTCCGAAGA.1",5
"X1_GTCAGCGGTTCTTCAT.1",8
"X1_GTCAGCGTCACTGTCC.1",4
"X1_GTCAGCGTCGCAATGT.1",2
"X1_GTCAGCGTCTAAGCGT.1",8
"X1_GTCAGCGTCTGTGCGG.1",2
"X1_GTCATCCAGGCATCGA.1",3
"X1_GTCATCCAGGTAGCAC.1",8
"X1_GTCATCCAGTTGTAAG.1",3
"X1_GTCATCCCAATTCGTG.1",3
"X1_GTCATCCCACCGAATT.1",3
"X1_GTCATCCCACGATAGG.1",2
"X1_GTCATCCCATTGCTTT.1",5
"X1_GTCATCCGTATCACCA.1",7
"X1_GTCATCCGTGCACAAG.1",7
"X1_GTCATCCGTGGCTTAT.1",8
"X1_GTCATCCGTTTGGAAA.1",2
"X1_GTCATCCTCAAGCGTT.1",4
"X1_GTCATCCTCACCGGTG.1",1
"X1_GTCATCCTCACTTGTT.1",6
"X1_GTCATCCTCGCCAACG.1",1
"X1_GTCATGAAGACCACGA.1",7
"X1_GTCATGAAGAGGGTAA.1",2
"X1_GTCATGAAGCACACAG.1",1
"X1_GTCATGAAGGCTGAAC.1",6
"X1_GTCATGAAGGGCAGTT.1",7
"X1_GTCATGAAGTCTTCGA.1",3
"X1_GTCATGACAAGACTGG.1",1
"X1_GTCATGACAAGCGCTC.1",4
"X1_GTCATGACACCATTCC.1",1
"X1_GTCATGACAGAACCGA.1",1
"X1_GTCATGACAGCCGGTT.1",3
"X1_GTCATGACATACAGAA.1",4
"X1_GTCATGAGTACGAGTG.1",8
"X1_GTCATGAGTCGATTAC.1",7
"X1_GTCATGAGTCGCGTTG.1",4
"X1_GTCATGAGTTGTAGCT.1",1000
"X1_GTCATTTAGATGCAGC.1",2
"X1_GTCATTTAGGCTAGCA.1",7
"X1_GTCATTTAGGTCCCTG.1",8
"X1_GTCATTTAGTAATACG.1",7
"X1_GTCATTTAGTCCTGCG.1",2
"X1_GTCATTTCAGAGAGGG.1",3
"X1_GTCATTTCAGGTTCGC.1",3
"X1_GTCATTTCAGTGGGTA.1",7
"X1_GTCATTTGTACAACGG.1",1
"X1_GTCATTTGTCAAAGAT.1",1000
"X1_GTCATTTGTCCCTGAG.1",3
"X1_GTCATTTGTCTTGAGT.1",8
"X1_GTCATTTGTTCATCGA.1",3
"X1_GTCATTTTCAAGAAAC.1",4
"X1_GTCATTTTCCAGCCTT.1",7
"X1_GTCATTTTCGTCAGAT.1",7
"X1_GTCCACTCAATTGCTG.1",5
"X1_GTCCACTCACAATGTC.1",8
"X1_GTCCACTCACGTCGGT.1",8
"X1_GTCCACTCAGTTAGAA.1",6
"X1_GTCCACTCATTCGATG.1",3
"X1_GTCCACTCATTGAGCT.1",4
"X1_GTCCACTGTCATAGTC.1",5
"X1_GTCCACTTCAAGTCGT.1",8
"X1_GTCCACTTCCCTTCCC.1",1
"X1_GTCCACTTCTCTTCAA.1",2
"X1_GTCCCATAGTAGCATA.1",6
"X1_GTCCCATCAATACCTG.1",8
"X1_GTCCCATCAATTGTGC.1",2
"X1_GTCCCATCAGAACATA.1",8
"X1_GTCCCATTCAACTTTC.1",5
"X1_GTCCCATTCACAATGC.1",6
"X1_GTCCCATTCAGCTTCC.1",4
"X1_GTCCCATTCCCAACTC.1",1
"X1_GTCCCATTCTTTGGAG.1",1
"X1_GTCCTCAAGCCGTTGC.1",3
"X1_GTCCTCAAGCTCATAC.1",7
"X1_GTCCTCAAGTCCCAAT.1",3
"X1_GTCCTCACACTAAACC.1",1
"X1_GTCCTCACAGGCGTTC.1",8
"X1_GTCCTCAGTAGTCACT.1",3
"X1_GTCCTCAGTCTGTGCG.1",7
"X1_GTCCTCAGTTGCCATA.1",1000
"X1_GTCCTCATCTAGCCAA.1",1000
"X1_GTCGAATAGAGTGAAG.1",8
"X1_GTCGAATAGCACCGAA.1",4
"X1_GTCGAATAGCATATGA.1",5
"X1_GTCGAATCACCCAAGC.1",3
"X1_GTCGAATCAGGACTTT.1",3
"X1_GTCGAATGTTAGGCTT.1",4
"X1_GTCGAATGTTTCGTTT.1",3
"X1_GTCGCGAAGGCAGCTA.1",3
"X1_GTCGCGACATACTGAC.1",4
"X1_GTCGCGAGTCGATTAC.1",8
"X1_GTCGCGATCAAAGGTA.1",7
"X1_GTCGCGATCTTCCGTG.1",2
"X1_GTCGTAAAGAGCAAGA.1",2
"X1_GTCGTAAAGAGCATCG.1",8
"X1_GTCGTAAAGTGAATAC.1",6
"X1_GTCGTAAAGTGAGTTA.1",3
"X1_GTCGTAAAGTGGACGT.1",5
"X1_GTCGTAACAAATAGCA.1",2
"X1_GTCGTAACAACCAATC.1",8
"X1_GTCGTAACACAGAGCA.1",8
"X1_GTCGTAACACTGCACG.1",6
"X1_GTCGTAAGTAAGATCA.1",3
"X1_GTCGTAAGTCTAATCG.1",3
"X1_GTCGTAAGTTACCCTC.1",5
"X1_GTCGTAATCAGCCCAG.1",6
"X1_GTCGTAATCCCATGGG.1",1000
"X1_GTCGTAATCGACGCTG.1",3
"X1_GTCGTAATCTTGTTAC.1",2
"X1_GTCGTTCAGGCACGAT.1",6
"X1_GTCGTTCAGTCCGCCA.1",1
"X1_GTCGTTCCAAGTGCTT.1",7
"X1_GTCGTTCCAATGTGGG.1",5
"X1_GTCGTTCCACGCCACA.1",3
"X1_GTCGTTCCAGAGGAAA.1",5
"X1_GTCGTTCCAGAGTGTG.1",4
"X1_GTCGTTCCAGATTAAG.1",3
"X1_GTCGTTCCATAGGTAA.1",7
"X1_GTCGTTCCATGCCGAC.1",1000
"X1_GTCGTTCGTCGACTGC.1",3
"X1_GTCGTTCGTGATACAA.1",5
"X1_GTCGTTCGTGTTACTG.1",8
"X1_GTCGTTCTCAAGTCTG.1",2
"X1_GTCGTTCTCAGTGTTG.1",4
"X1_GTCGTTCTCCACGTAA.1",2
"X1_GTCTACCAGCCATTCA.1",1000
"X1_GTCTACCAGTCATTGC.1",1000
"X1_GTCTACCAGTGGCCTC.1",8
"X1_GTCTACCAGTTCTACG.1",3
"X1_GTCTACCCATCCTTCG.1",1000
"X1_GTCTACCGTTGTACGT.1",8
"X1_GTCTACCTCAATCCAG.1",8
"X1_GTCTAGAAGCAAGGAA.1",7
"X1_GTCTAGAAGCTCGGCT.1",2
"X1_GTCTAGAAGTGCTAGG.1",5
"X1_GTCTAGACACATCCCT.1",1
"X1_GTCTAGACACGGTAGA.1",2
"X1_GTCTAGACATACAGCT.1",3
"X1_GTCTAGAGTATGGGAC.1",4
"X1_GTCTAGAGTGGCTTGC.1",3
"X1_GTCTAGAGTGTGTGTT.1",2
"X1_GTCTAGAGTTAAACCC.1",3
"X1_GTCTAGATCAGGAACG.1",8
"X1_GTCTAGATCATCGTAG.1",1
"X1_GTCTAGATCCCATGGG.1",4
"X1_GTCTAGATCGTCACCT.1",2
"X1_GTCTAGATCTCCGAAA.1",7
"X1_GTCTAGATCTCGGCTT.1",5
"X1_GTCTCACCAAATGCGG.1",4
"X1_GTCTCACCATCTCGTC.1",7
"X1_GTCTCACGTCATGGCC.1",8
"X1_GTCTCACGTCTAACTG.1",8
"X1_GTCTCACGTTTACCTT.1",5
"X1_GTCTCACTCATCTATC.1",5
"X1_GTCTCACTCATGTCAG.1",2
"X1_GTCTCACTCATTCGGA.1",6
"X1_GTCTCACTCCGTAGTA.1",3
"X1_GTCTGTCAGCGAACTG.1",5
"X1_GTCTGTCAGGCGTCCT.1",7
"X1_GTCTGTCCAAGGCTTT.1",6
"X1_GTCTGTCCACATATGC.1",4
"X1_GTCTGTCCAGGACAGT.1",5
"X1_GTCTGTCGTATTTCTC.1",8
"X1_GTCTGTCTCCCTGGTT.1",1
"X1_GTCTGTCTCCGCGGAT.1",2
"X1_GTCTGTCTCCGTTGAA.1",3
"X1_GTCTGTCTCGCTTAAG.1",5
"X1_GTCTGTCTCTATTCGT.1",2
"X1_GTCTGTCTCTGATGGT.1",3
"X1_GTCTGTCTCTGTCGCT.1",6
"X1_GTCTTTAAGAGTCAAT.1",3
"X1_GTCTTTAAGTACGAGC.1",5
"X1_GTCTTTACAAATACGA.1",3
"X1_GTCTTTACAAGAATGT.1",5
"X1_GTCTTTACAAGACCGA.1",2
"X1_GTCTTTACACGTCATA.1",5
"X1_GTCTTTACAGCCGTCA.1",3
"X1_GTCTTTATCAGCGGAA.1",8
"X1_GTCTTTATCCTATTTG.1",3
"X1_GTCTTTATCGTTCTAT.1",2
"X1_GTGACGCAGATACTGA.1",7
"X1_GTGACGCAGCGACTAG.1",3
"X1_GTGACGCAGCTGGCTC.1",2
"X1_GTGACGCAGTAATACG.1",2
"X1_GTGACGCAGTGCACCC.1",2
"X1_GTGACGCAGTTGGAGC.1",3
"X1_GTGACGCCACGACAGA.1",1
"X1_GTGACGCCACTCAAGT.1",2
"X1_GTGACGCCATCCTGTC.1",6
"X1_GTGACGCGTAGGAAAG.1",2
"X1_GTGACGCGTCGTTATG.1",4
"X1_GTGACGCGTGTAGCAG.1",4
"X1_GTGAGCCAGCCTCTCT.1",4
"X1_GTGAGCCAGCCTTGAT.1",4
"X1_GTGAGCCAGCGACTGA.1",3
"X1_GTGAGCCAGTTAACGA.1",7
"X1_GTGAGCCCACAGTCAT.1",7
"X1_GTGAGCCCACGTAGAG.1",1
"X1_GTGAGCCCAGCGAACA.1",3
"X1_GTGAGCCCATGAATAG.1",7
"X1_GTGAGCCGTCCGCAGT.1",2
"X1_GTGAGCCGTTCGGTCG.1",6
"X1_GTGAGCCTCAGGTAAA.1",2
"X1_GTGAGCCTCGACCTAA.1",6
"X1_GTGAGCCTCGAGGCAA.1",3
"X1_GTGAGCCTCGATAACC.1",1000
"X1_GTGAGCCTCTATTCGT.1",7
"X1_GTGAGCCTCTGGTCAA.1",5
"X1_GTGAGGAAGGCGACAT.1",7
"X1_GTGAGGACAGTAGTGG.1",6
"X1_GTGAGGACATTGTCGA.1",7
"X1_GTGAGGAGTAACAGGC.1",2
"X1_GTGAGGAGTACAAGCG.1",5
"X1_GTGAGGAGTAGCGATG.1",6
"X1_GTGAGGAGTATGAAGT.1",7
"X1_GTGAGGAGTCTTGCTC.1",7
"X1_GTGAGGAGTTCCTAAG.1",3
"X1_GTGAGGAGTTGGCTAT.1",7
"X1_GTGAGGATCAGCGCGT.1",3
"X1_GTGAGGATCAGTCACA.1",5
"X1_GTGAGGATCATAAGGA.1",6
"X1_GTGAGGATCATTACTC.1",7
"X1_GTGAGGATCGCTACAA.1",1
"X1_GTGAGGATCTCGGGAC.1",6
"X1_GTGAGTTAGAAACACT.1",5
"X1_GTGAGTTAGAGGGTGG.1",8
"X1_GTGAGTTAGCGCATCC.1",2
"X1_GTGAGTTCACGATAGG.1",5
"X1_GTGAGTTCACTGGATT.1",2
"X1_GTGAGTTCAGAGTGTG.1",8
"X1_GTGAGTTCATGATGCT.1",5
"X1_GTGAGTTCATGTGACT.1",7
"X1_GTGAGTTGTACCAGAG.1",6
"X1_GTGAGTTGTACGATTC.1",1
"X1_GTGAGTTGTGCTGTCG.1",4
"X1_GTGAGTTTCATCGCAA.1",3
"X1_GTGAGTTTCGGCTTCT.1",6
"X1_GTGAGTTTCTAACGGT.1",5
"X1_GTGAGTTTCTGGGCCA.1",8
"X1_GTGATGTAGGAATCGC.1",2
"X1_GTGATGTAGGGCATGT.1",1000
"X1_GTGATGTAGTATTCCG.1",4
"X1_GTGATGTAGTCCTGCG.1",4
"X1_GTGATGTAGTGCGTCC.1",3
"X1_GTGATGTAGTGGCCTC.1",3
"X1_GTGATGTCATGGAATA.1",8
"X1_GTGATGTGTAAGAACT.1",8
"X1_GTGATGTGTCACCGCA.1",2
"X1_GTGATGTGTTAAGAAC.1",4
"X1_GTGATGTGTTCAGGTT.1",4
"X1_GTGATGTTCCCTAGGG.1",6
"X1_GTGATGTTCCTCATAT.1",5
"X1_GTGATGTTCTCTTGCG.1",5
"X1_GTGCACGCAAACAGGC.1",6
"X1_GTGCACGCAAGAATAC.1",5
"X1_GTGCACGCAAGGGTCA.1",6
"X1_GTGCACGCACGTGAGA.1",1000
"X1_GTGCACGCAGGGCTTC.1",6
"X1_GTGCACGCATGTCAGT.1",6
"X1_GTGCACGGTATACAGA.1",2
"X1_GTGCACGGTGATTCTG.1",3
"X1_GTGCACGTCAGGAACG.1",2
"X1_GTGCACGTCCAGCCTT.1",5
"X1_GTGCACGTCCTAAACG.1",2
"X1_GTGCACGTCGAGCTGC.1",2
"X1_GTGCAGCAGAATAACC.1",5
"X1_GTGCAGCAGGCGTTAG.1",5
"X1_GTGCAGCAGTAGGCCA.1",1
"X1_GTGCAGCCAAGCCCAC.1",7
"X1_GTGCAGCCAATTCTTC.1",5
"X1_GTGCAGCCACTCATAG.1",8
"X1_GTGCAGCCACTCTCGT.1",2
"X1_GTGCAGCGTCCACTCT.1",2
"X1_GTGCAGCGTTAACAGA.1",2
"X1_GTGCAGCGTTGAGTCT.1",4
"X1_GTGCAGCTCAAATGCC.1",2
"X1_GTGCAGCTCCAACACA.1",8
"X1_GTGCAGCTCGAGAGCA.1",4
"X1_GTGCAGCTCGCTACGG.1",7
"X1_GTGCAGCTCTGATTCT.1",7
"X1_GTGCGTGAGACAGCTG.1",7
"X1_GTGCGTGAGCCGTCGT.1",5
"X1_GTGCGTGAGTAGTGCG.1",3
"X1_GTGCGTGCAAGAGGTC.1",6
"X1_GTGCGTGCAGCATCTA.1",7
"X1_GTGCGTGGTACAAGTA.1",5
"X1_GTGCGTGGTCAGGTAG.1",6
"X1_GTGCTGGAGAAGCTGC.1",5
"X1_GTGCTGGAGCGCTTCG.1",3
"X1_GTGCTGGAGGGTGGGA.1",2
"X1_GTGCTGGCAATGTCAC.1",5
"X1_GTGCTGGCACACACGC.1",1000
"X1_GTGCTGGCAGAGTGAC.1",6
"X1_GTGCTGGCAGTGTGGA.1",6
"X1_GTGCTGGGTAGTCGTT.1",7
"X1_GTGCTGGGTCAGCTTA.1",3
"X1_GTGCTGGTCAGCTAGT.1",7
"X1_GTGCTTCAGACGACTG.1",7
"X1_GTGCTTCAGGCTCCCA.1",4
"X1_GTGCTTCAGTTTCAGC.1",3
"X1_GTGCTTCCAACAAGAT.1",1
"X1_GTGCTTCCACAGGATG.1",2
"X1_GTGCTTCCACATTCTT.1",5
"X1_GTGCTTCCAGATCATC.1",1
"X1_GTGCTTCCAGTTACCA.1",3
"X1_GTGCTTCCATCAGCGC.1",4
"X1_GTGCTTCGTATGACAA.1",3
"X1_GTGCTTCGTCGAAGCA.1",3
"X1_GTGCTTCTCGAAGCAG.1",2
"X1_GTGCTTCTCGTAGGAG.1",4
"X1_GTGGAAGAGCGCTTCG.1",3
"X1_GTGGAAGAGGGTACGT.1",1
"X1_GTGGAAGAGTACAACA.1",2
"X1_GTGGAAGAGTGGAAGA.1",3
"X1_GTGGAAGAGTTGCCCG.1",3
"X1_GTGGAAGCAGGATGAC.1",4
"X1_GTGGAAGCATATGGCT.1",3
"X1_GTGGAAGCATCGAAGG.1",7
"X1_GTGGAAGGTGTAGCAG.1",2
"X1_GTGGAAGGTTTCGATG.1",3
"X1_GTGGAAGTCCCATGGG.1",2
"X1_GTGGAAGTCCGAAATC.1",3
"X1_GTGGAAGTCGGCTATA.1",1000
"X1_GTGGAAGTCTCTAAGG.1",7
"X1_GTGGAAGTCTCTCTAA.1",1
"X1_GTGGAGAAGCAGAAAG.1",7
"X1_GTGGAGAAGCGTGTCC.1",4
"X1_GTGGAGAAGGTGCTAG.1",5
"X1_GTGGAGACAAGCGAGT.1",1000
"X1_GTGGAGACAATAGTAG.1",8
"X1_GTGGAGAGTCAGGTGA.1",6
"X1_GTGGAGAGTTGCTCCT.1",4
"X1_GTGGAGATCAAACGTC.1",2
"X1_GTGGAGATCCATACAG.1",2
"X1_GTGGAGATCGCCACTT.1",1
"X1_GTGGCGTAGTATTCCG.1",8
"X1_GTGGCGTAGTTATGGA.1",3
"X1_GTGGCGTCAACTCGAT.1",2
"X1_GTGGCGTCACGTAGTT.1",7
"X1_GTGGCGTGTAACAGGC.1",7
"X1_GTGGCGTTCCACTTCG.1",7
"X1_GTGGCGTTCGTTCATT.1",1000
"X1_GTGGGAAAGACGGAAA.1",8
"X1_GTGGGAAAGAGCACTG.1",2
"X1_GTGGGAAAGCTACTAC.1",2
"X1_GTGGGAAAGGACTATA.1",2
"X1_GTGGGAAAGGCGACAT.1",6
"X1_GTGGGAAAGTAGCTCT.1",1000
"X1_GTGGGAAAGTCACAGG.1",3
"X1_GTGGGAACAAGAGAGA.1",8
"X1_GTGGGAACAAGAGTTA.1",5
"X1_GTGGGAACAAGCACAG.1",7
"X1_GTGGGAATCATTCCTA.1",3
"X1_GTGGGAATCTCGCGTT.1",7
"X1_GTGGTTAAGAAGCCTG.1",3
"X1_GTGGTTAAGATGGCGT.1",7
"X1_GTGGTTAAGCAATAAC.1",7
"X1_GTGGTTAAGTATCTGC.1",3
"X1_GTGGTTACAACACAAA.1",4
"X1_GTGGTTACAACCCTCT.1",3
"X1_GTGGTTACAACGGGTA.1",2
"X1_GTGGTTACACATTCGA.1",3
"X1_GTGGTTAGTACGGCAA.1",3
"X1_GTGGTTAGTATTCCGA.1",7
"X1_GTGGTTAGTTATCCAG.1",1000
"X1_GTGGTTATCTTCCTAA.1",1
"X1_GTGTAACAGTGCGCTC.1",6
"X1_GTGTAACCAAGGTTGG.1",3
"X1_GTGTAACCAAGTAGTA.1",3
"X1_GTGTAACCACACTGGC.1",3
"X1_GTGTAACCACGCTTAA.1",1000
"X1_GTGTAACCAGCGTATT.1",7
"X1_GTGTAACGTAGAGACC.1",1000
"X1_GTGTAACTCGAGTCTA.1",6
"X1_GTGTCCTAGTTACGGG.1",7
"X1_GTGTCCTCAACCGCCA.1",6
"X1_GTGTCCTCACGACGTC.1",8
"X1_GTGTCCTCATTCTCTA.1",6
"X1_GTGTCCTGTGGCCACT.1",3
"X1_GTGTCCTTCCGATAAC.1",2
"X1_GTGTCCTTCCGTGGTG.1",6
"X1_GTGTCCTTCCTGGTCT.1",8
"X1_GTGTGATAGAGCTTTC.1",4
"X1_GTGTGATAGCATGGGT.1",1
"X1_GTGTGATAGGTTCAGG.1",2
"X1_GTGTGATCACAAGCTT.1",2
"X1_GTGTGATGTTCTATCT.1",8
"X1_GTGTGATGTTTAAGGA.1",4
"X1_GTGTGATTCAAGCGTT.1",1000
"X1_GTGTGATTCACTCGAA.1",5
"X1_GTGTGATTCCAGTGTA.1",1
"X1_GTGTGATTCCCTTTGG.1",7
"X1_GTGTGATTCTCCAATT.1",7
"X1_GTGTGGCAGACTCGAG.1",1
"X1_GTGTGGCAGCGGTAGT.1",5
"X1_GTGTGGCAGGGAGGCA.1",2
"X1_GTGTGGCCACGTTCGG.1",6
"X1_GTGTGGCGTCCAATCA.1",3
"X1_GTGTGGCGTGAGAACC.1",3
"X1_GTGTGGCGTTAGTCGT.1",7
"X1_GTGTGGCGTTGGGACA.1",3
"X1_GTGTGGCTCCAAGAGG.1",6
"X1_GTGTGGCTCCAGCCTT.1",6
"X1_GTGTGGCTCCATCTAT.1",2
"X1_GTGTGGCTCCCATTTA.1",6
"X1_GTGTGGCTCTCGCTTG.1",3
"X1_GTGTGGCTCTTCCACG.1",8
"X1_GTGTTAGAGCGGGTAT.1",6
"X1_GTGTTAGAGGTCGAGT.1",4
"X1_GTGTTAGAGGTGATCG.1",7
"X1_GTGTTAGAGGTGTGAC.1",3
"X1_GTGTTAGCACAGCTGC.1",4
"X1_GTGTTAGGTAACACGG.1",7
"X1_GTGTTAGGTGCCGTAC.1",5
"X1_GTGTTAGGTTAATCGC.1",2
"X1_GTGTTAGTCATGCCGG.1",3
"X1_GTGTTAGTCCGGCTTT.1",3
"X1_GTGTTAGTCGATACGT.1",8
"X1_GTGTTAGTCGTGGAAG.1",4
"X1_GTGTTCCCAGAGATTA.1",3
"X1_GTGTTCCCATATTCGG.1",7
"X1_GTGTTCCCATGACTTG.1",4
"X1_GTGTTCCGTTATAGAG.1",8
"X1_GTGTTCCTCACGTCCT.1",1000
"X1_GTGTTCCTCGACCAAT.1",6
"X1_GTGTTCCTCTAAGCGT.1",4
"X1_GTGTTCCTCTCAGGCG.1",3
"X1_GTGTTCCTCTTACTGT.1",3
"X1_GTTACAGCAAAGACTA.1",1
"X1_GTTACAGCAATCAAGA.1",2
"X1_GTTACAGCACGGGCTT.1",2
"X1_GTTACAGCATCTCATT.1",1
"X1_GTTACAGGTCACCTTC.1",7
"X1_GTTACAGGTCAGACTT.1",2
"X1_GTTACAGGTCTTCATT.1",7
"X1_GTTACAGGTTCATCGA.1",7
"X1_GTTACAGTCCGTATGA.1",2
"X1_GTTACAGTCCTTCACG.1",1
"X1_GTTACAGTCGAGAACG.1",6
"X1_GTTACAGTCGCTACAA.1",8
"X1_GTTACAGTCGTGTCAA.1",1
"X1_GTTACCCAGCATGTTC.1",6
"X1_GTTACCCAGCGACATG.1",2
"X1_GTTACCCAGCGAGTAC.1",7
"X1_GTTACCCAGCTCTGTA.1",5
"X1_GTTACCCAGGCCTAAG.1",1
"X1_GTTACCCCAATGAACA.1",4
"X1_GTTACCCCAGATAAAC.1",3
"X1_GTTACCCCAGTGGCTC.1",2
"X1_GTTACCCCATCAGCTA.1",6
"X1_GTTACCCGTAACACGG.1",5
"X1_GTTACCCGTACAAAGT.1",2
"X1_GTTACCCGTAGGCAGT.1",1000
"X1_GTTACCCGTCGCACAC.1",6
"X1_GTTACCCGTCTTGGTA.1",3
"X1_GTTACCCGTGCCTTTC.1",3
"X1_GTTACCCTCAGCCTCT.1",4
"X1_GTTACCCTCCTCCACA.1",1000
"X1_GTTACCCTCTCGAGTA.1",2
"X1_GTTACGAAGACGCCCT.1",2
"X1_GTTACGAAGGTCCCGT.1",1000
"X1_GTTACGACAACACAAA.1",2
"X1_GTTACGACACTTACAG.1",6
"X1_GTTACGACAGATAAAC.1",5
"X1_GTTACGACAGCTTCGG.1",1000
"X1_GTTACGAGTAGAGATT.1",1
"X1_GTTACGATCAGTCAGT.1",2
"X1_GTTACGATCGAAGAAT.1",5
"X1_GTTACGATCGGATACT.1",7
"X1_GTTACGATCGTTCCCA.1",4
"X1_GTTACGATCTTAGGAC.1",3
"X1_GTTACGATCTTGCGCT.1",2
"X1_GTTAGACAGACCCGCT.1",8
"X1_GTTAGACAGGCTCTAT.1",3
"X1_GTTAGACAGGTGATAT.1",3
"X1_GTTAGACAGGTTGAGC.1",6
"X1_GTTAGACCAACCGCTG.1",6
"X1_GTTAGACCAATTCTCT.1",5
"X1_GTTAGACCACCGGTCA.1",3
"X1_GTTAGACCATCAGCTA.1",6
"X1_GTTAGACCATTGAGGG.1",5
"X1_GTTAGACGTATGGGAC.1",8
"X1_GTTAGACTCTCTGAGA.1",8
"X1_GTTAGTGCAAGAGCTG.1",7
"X1_GTTAGTGCAATACCTG.1",7
"X1_GTTAGTGCACCGTCTT.1",3
"X1_GTTAGTGGTATCGCTA.1",5
"X1_GTTAGTGGTCCACAGC.1",1000
"X1_GTTAGTGGTCGCCTAG.1",8
"X1_GTTAGTGGTCTTCGAA.1",3
"X1_GTTAGTGTCAAGCCAT.1",6
"X1_GTTAGTGTCCTGATAG.1",4
"X1_GTTAGTGTCGCCAACG.1",1
"X1_GTTAGTGTCGTGTTCC.1",6
"X1_GTTATGGCAAATTGGA.1",5
"X1_GTTATGGGTCCCAAAT.1",6
"X1_GTTATGGGTGGCTTGC.1",4
"X1_GTTATGGGTTTCGCTC.1",7
"X1_GTTATGGTCTCGACGG.1",5
"X1_GTTCATTAGTATTCCG.1",7
"X1_GTTCATTAGTCATCGT.1",7
"X1_GTTCATTCAAAGGGTC.1",2
"X1_GTTCATTCAATCTCGA.1",4
"X1_GTTCATTCACGACAAG.1",3
"X1_GTTCATTCAGACATCT.1",7
"X1_GTTCATTCAGGTCCGT.1",2
"X1_GTTCATTGTCAGACTT.1",7
"X1_GTTCATTGTCCTTAAG.1",6
"X1_GTTCATTGTGCTATTG.1",4
"X1_GTTCATTGTTCGTTCC.1",8
"X1_GTTCATTGTTCTGACA.1",2
"X1_GTTCATTTCTCATAGG.1",7
"X1_GTTCATTTCTCCGAAA.1",8
"X1_GTTCCGTAGGACAGTC.1",1
"X1_GTTCCGTAGTCCCAAT.1",6
"X1_GTTCCGTCAACCTAAC.1",5
"X1_GTTCCGTCAAGAGCTG.1",4
"X1_GTTCCGTCACCTGCAG.1",2
"X1_GTTCCGTCATCCGAAT.1",4
"X1_GTTCCGTGTCGCTTGG.1",4
"X1_GTTCCGTGTCTCGACG.1",2
"X1_GTTCCGTGTTCTCCTG.1",2
"X1_GTTCCGTTCATGAAAG.1",8
"X1_GTTCCGTTCCTGTAGA.1",7
"X1_GTTCGCTAGAGCAGAA.1",5
"X1_GTTCGCTCAAAGTATG.1",7
"X1_GTTCGCTCACTTCAAG.1",8
"X1_GTTCGCTCAGACCAGA.1",5
"X1_GTTCGCTCATATGCGT.1",5
"X1_GTTCGCTGTACGGCAA.1",7
"X1_GTTCGCTGTATGAAAC.1",3
"X1_GTTCGCTTCAAGCCAT.1",2
"X1_GTTCGCTTCATTTGTC.1",7
"X1_GTTCGCTTCCACGAAT.1",1
"X1_GTTCGCTTCCTGGTCT.1",2
"X1_GTTCGCTTCGCACTCT.1",5
"X1_GTTCGCTTCGGTAGGA.1",1000
"X1_GTTCGCTTCGTTCCCA.1",3
"X1_GTTCTATAGGCGTCCT.1",5
"X1_GTTCTATCAGCAGTAG.1",1
"X1_GTTCTATGTACGATCT.1",1
"X1_GTTCTATGTATACAGA.1",8
"X1_GTTCTATGTGGGTCAA.1",3
"X1_GTTCTATTCACCCATC.1",4
"X1_GTTCTATTCCGATTAG.1",4
"X1_GTTCTATTCGCGGTAC.1",3
"X1_GTTCTATTCGTCAACA.1",1
"X1_GTTGAACAGGCTCAAG.1",1000
"X1_GTTGAACAGTCACGAG.1",4
"X1_GTTGAACCAAGGTCAG.1",5
"X1_GTTGAACCACACCTAA.1",1000
"X1_GTTGAACCATGAGATA.1",1
"X1_GTTGAACGTACCAGAG.1",5
"X1_GTTGAACGTTCCTAGA.1",7
"X1_GTTGAACGTTGTTGAC.1",1000
"X1_GTTGAACTCCACGTCT.1",2
"X1_GTTGAACTCCGGGACT.1",2
"X1_GTTGAACTCGTACCTC.1",2
"X1_GTTGAACTCTGAGTCA.1",4
"X1_GTTGCGGCACAACGCC.1",5
"X1_GTTGCGGCAGTGTATC.1",4
"X1_GTTGCGGCATTAAAGG.1",7
"X1_GTTGCGGGTCAGTCCG.1",1
"X1_GTTGCGGGTCGTGATT.1",4
"X1_GTTGCGGGTGGAGAAA.1",1
"X1_GTTGCGGGTTATGGTC.1",3
"X1_GTTGCGGGTTGACGGA.1",8
"X1_GTTGCGGTCGGATTAC.1",6
"X1_GTTGCTCAGGCAGCTA.1",1
"X1_GTTGCTCAGGTGATCG.1",7
"X1_GTTGCTCAGTTCATGC.1",3
"X1_GTTGCTCCACAGTATC.1",8
"X1_GTTGCTCCACTGTCGG.1",8
"X1_GTTGCTCGTAACCCTA.1",3
"X1_GTTGCTCGTCAGACGA.1",7
"X1_GTTGCTCGTCGACTGC.1",4
"X1_GTTGCTCGTTTGGGTT.1",6
"X1_GTTGCTCTCATTGTTC.1",3
"X1_GTTGCTCTCTCTGGTC.1",3
"X1_GTTGTAGAGAGCGACT.1",3
"X1_GTTGTAGAGCAGGCAT.1",1
"X1_GTTGTAGAGTTGCCTA.1",3
"X1_GTTGTAGCAAACACGG.1",5
"X1_GTTGTAGCAAACTCGT.1",5
"X1_GTTGTAGCACATATCG.1",3
"X1_GTTGTAGCAGCATACT.1",3
"X1_GTTGTAGGTTAAGCAA.1",8
"X1_GTTGTAGGTTGCATGT.1",4
"X1_GTTGTAGTCATGCCGG.1",1000
"X1_GTTGTAGTCATTACTC.1",3
"X1_GTTGTAGTCGAGAGCA.1",1
"X1_GTTGTAGTCTGAGAAA.1",4
"X1_GTTGTCCAGCTCGGCT.1",8
"X1_GTTGTCCAGGACCCAA.1",8
"X1_GTTGTCCAGGAGACCT.1",5
"X1_GTTGTCCAGGAGAGTA.1",2
"X1_GTTGTCCCACCGTGGT.1",5
"X1_GTTGTCCCATACAGCT.1",2
"X1_GTTGTCCCATTGTACG.1",2
"X1_GTTGTCCGTATTGAGA.1",7
"X1_GTTGTCCGTTCCGGTG.1",4
"X1_GTTGTCCTCAAACGAA.1",3
"X1_GTTGTCCTCATTCGGA.1",4
"X1_GTTGTCCTCCTACGGG.1",5
"X1_GTTGTCCTCCTTGGAA.1",5
"X1_GTTGTGAGTAGCTGCC.1",4
"X1_GTTGTGAGTAGTGCGA.1",6
"X1_GTTGTGAGTGTGAGCA.1",1
"X1_GTTGTGATCAGTGCGC.1",6
"X1_GTTGTGATCCGTAATG.1",7
"X1_GTTGTGATCTTCGGTC.1",2
"X1_GTTGTGATCTTCGTGC.1",5
"X1_GTTTACTAGGTCACAG.1",7
"X1_GTTTACTAGTAGGATT.1",1
"X1_GTTTACTCAACTGCTA.1",8
"X1_GTTTACTCAATGTCTG.1",3
"X1_GTTTACTCACAAGCAG.1",2
"X1_GTTTACTCAGTTGAAA.1",1000
"X1_GTTTACTGTCGCTTGG.1",6
"X1_GTTTACTGTGATTAGA.1",7
"X1_GTTTACTTCACAGTGT.1",6
"X1_GTTTACTTCGAAGCAG.1",5
"X1_GTTTACTTCTAAGCCA.1",3
"X1_GTTTACTTCTGCTTTA.1",2
"X1_GTTTGGAAGTTGCGCC.1",1000
"X1_GTTTGGACAACCTAAC.1",7
"X1_GTTTGGACACCACATA.1",7
"X1_GTTTGGACATGACAGG.1",7
"X1_GTTTGGACATGCGTGC.1",8
"X1_GTTTGGAGTATGCGTT.1",4
"X1_GTTTGGAGTTTGTGGT.1",5
"X1_GTTTGGATCACGGGAA.1",7
"X1_GTTTGGATCGGAATGG.1",7
"X1_TAACACGAGCCACAAG.1",8
"X1_TAACACGAGGTGGGTT.1",7
"X1_TAACACGAGTTGAAGT.1",7
"X1_TAACACGCACATTACG.1",6
"X1_TAACACGCACGCTTAA.1",8
"X1_TAACACGGTTACCTGA.1",6
"X1_TAACACGGTTCGGGTC.1",3
"X1_TAACACGGTTTACGTG.1",5
"X1_TAACACGTCCAATGCA.1",2
"X1_TAACACGTCGAGAAAT.1",1
"X1_TAACACGTCGGTCGAC.1",2
"X1_TAACCAGAGATGCTGG.1",2
"X1_TAACCAGAGCAGCCCT.1",1000
"X1_TAACCAGAGCGTCTCG.1",3
"X1_TAACCAGCAAGCTACT.1",3
"X1_TAACCAGCATCCGCGA.1",4
"X1_TAACCAGCATTAGGAA.1",3
"X1_TAACCAGGTCTCAAGT.1",6
"X1_TAACCAGGTTTGGCTA.1",1
"X1_TAACCAGTCATACGAC.1",8
"X1_TAACCAGTCCCATACC.1",1
"X1_TAACCAGTCGAAACAA.1",8
"X1_TAACGACAGCTGTTCA.1",1
"X1_TAACGACAGTATGCAA.1",1
"X1_TAACGACCATCTAGAC.1",6
"X1_TAACGACGTAGCGCCT.1",3
"X1_TAACGACGTAGCTTAC.1",3
"X1_TAACGACGTCGAACGA.1",3
"X1_TAACGACGTCTCGGAC.1",7
"X1_TAACGACGTGTTCATG.1",1
"X1_TAACGACGTTTAGTCG.1",7
"X1_TAACGACTCATACGAC.1",7
"X1_TAACGACTCCGTTGGG.1",4
"X1_TAACGACTCCTCGATC.1",1
"X1_TAACGACTCGGACTGC.1",2
"X1_TAACTTCAGACTTCAC.1",2
"X1_TAACTTCAGGCGCTTC.1",6
"X1_TAACTTCCAACCTATG.1",3
"X1_TAACTTCCACAGCGCT.1",3
"X1_TAACTTCCACAGTATC.1",1
"X1_TAACTTCCAGTCTTCC.1",7
"X1_TAACTTCGTAGACACG.1",8
"X1_TAACTTCGTCTACAGT.1",4
"X1_TAACTTCGTGCAGTGA.1",1
"X1_TAACTTCTCAAGAAAC.1",7
"X1_TAACTTCTCCAATCCC.1",3
"X1_TAACTTCTCCCTCTCC.1",1
"X1_TAACTTCTCTCACGAA.1",7
"X1_TAACTTCTCTGCTCTG.1",6
"X1_TAAGCACCAACGATTC.1",3
"X1_TAAGCACCATGACGGA.1",2
"X1_TAAGCACCATGGACAG.1",2
"X1_TAAGCACGTACTGACT.1",5
"X1_TAAGCACGTCGCTGCA.1",7
"X1_TAAGCACGTTCATCTT.1",5
"X1_TAAGCACTCCAGCAAT.1",7
"X1_TAAGCACTCCAGTGTA.1",3
"X1_TAAGCACTCGTTGCCT.1",4
"X1_TAAGCCAAGAGGACTC.1",8
"X1_TAAGCCAAGGATCATA.1",5
"X1_TAAGCCAAGTGGTGGT.1",5
"X1_TAAGCCACACCTCTGT.1",3
"X1_TAAGCCACAGAATCGG.1",5
"X1_TAAGCCACAGGGACTA.1",3
"X1_TAAGCCACATCACGGC.1",8
"X1_TAAGCCAGTAGGTTTC.1",5
"X1_TAAGCCAGTCACCACG.1",7
"X1_TAAGCCAGTGACAACG.1",7
"X1_TAAGCCAGTGGAACCA.1",7
"X1_TAAGCCAGTTCTCGCT.1",3
"X1_TAAGCGTAGCACCGTC.1",8
"X1_TAAGCGTAGCATGGGT.1",5
"X1_TAAGCGTCATCCAATG.1",8
"X1_TAAGCGTGTAGTTAGA.1",3
"X1_TAAGCGTGTATGGTTC.1",8
"X1_TAAGCGTTCAAGCTTG.1",4
"X1_TAAGCGTTCCAACCAA.1",2
"X1_TAAGCGTTCCTCATAT.1",2
"X1_TAAGTCGCAACTGCCG.1",2
"X1_TAAGTCGCAAGACGGT.1",2
"X1_TAAGTCGCAATAACGA.1",5
"X1_TAAGTCGCACCGGAAA.1",3
"X1_TAAGTCGGTGTCCATA.1",5
"X1_TAAGTCGGTGTTATCG.1",7
"X1_TAAGTCGGTTGGGTTT.1",1000
"X1_TAAGTCGTCACCACAA.1",3
"X1_TAAGTCGTCCGTACGG.1",6
"X1_TAAGTCGTCGTGGGAA.1",6
"X1_TAAGTCGTCTGGGAGA.1",3
"X1_TAATCTCCAAATGAAC.1",3
"X1_TAATCTCCAGACCAAG.1",6
"X1_TAATCTCGTCTGTCCT.1",3
"X1_TAATCTCGTGTTCGAT.1",5
"X1_TAATCTCTCATCGACA.1",4
"X1_TAATCTCTCCCTCGAT.1",6
"X1_TAATCTCTCCTGTTGC.1",2
"X1_TAATCTCTCGATCCAA.1",4
"X1_TAATCTCTCTAGGCAT.1",3
"X1_TAATCTCTCTCGAACA.1",3
"X1_TAATTCCAGAGCATTA.1",5
"X1_TAATTCCAGTCCGCCA.1",1
"X1_TAATTCCCAGTGAGCA.1",3
"X1_TAATTCCGTAAGTAGT.1",8
"X1_TAATTCCGTCAACATC.1",8
"X1_TAATTCCTCGAACTCA.1",4
"X1_TAATTCCTCGCTCTAC.1",8
"X1_TAATTCCTCGTTGCCT.1",8
"X1_TAATTCCTCTGAATCG.1",1000
"X1_TACAACGAGAAGCGGG.1",1000
"X1_TACAACGAGACGACTG.1",7
"X1_TACAACGAGCATGTTC.1",5
"X1_TACAACGAGGAAGTAG.1",3
"X1_TACAACGAGGCACGAT.1",4
"X1_TACAACGCAATGACCT.1",3
"X1_TACAACGCACCCTATC.1",7
"X1_TACAACGCACCTCGTT.1",3
"X1_TACAACGCACGACAGA.1",6
"X1_TACAACGGTCACAGAG.1",3
"X1_TACAACGGTTGTGCCG.1",5
"X1_TACACCCAGATTAGAC.1",4
"X1_TACACCCAGTTACGGG.1",1000
"X1_TACACCCCACCGGAAA.1",5
"X1_TACACCCCAGCAGTTT.1",4
"X1_TACACCCCAGCTTTGA.1",7
"X1_TACACCCGTACAGGTG.1",1
"X1_TACACCCGTGCGAACA.1",8
"X1_TACACCCGTGGGTATG.1",2
"X1_TACACCCTCAAGGAGC.1",3
"X1_TACACCCTCATGACAC.1",7
"X1_TACACCCTCGACGAGA.1",6
"X1_TACACCCTCGTCACCT.1",5
"X1_TACACCCTCTGTTCAT.1",1
"X1_TACAGGTAGGAAACGA.1",4
"X1_TACAGGTAGGAACGCT.1",5
"X1_TACAGGTCAAGAGTGC.1",2
"X1_TACAGGTCACCCTGAG.1",2
"X1_TACAGGTCATTAAAGG.1",1
"X1_TACAGGTCATTCGATG.1",4
"X1_TACAGGTTCCCAGTGG.1",5
"X1_TACAGGTTCCTTCTAA.1",5
"X1_TACAGGTTCGGAAGGT.1",3
"X1_TACAGGTTCTGGAGAG.1",2
"X1_TACATTCAGGAACGCT.1",5
"X1_TACATTCAGGAGGGTG.1",3
"X1_TACATTCAGGCGACAT.1",1000
"X1_TACATTCAGTTCCTGA.1",2
"X1_TACATTCCACTGCGAC.1",7
"X1_TACATTCCAGGCATGA.1",7
"X1_TACATTCCATACCGTA.1",3
"X1_TACATTCCATTAAGCC.1",3
"X1_TACATTCCATTGTACG.1",8
"X1_TACATTCGTAGATTGA.1",8
"X1_TACATTCTCACCTCTG.1",5
"X1_TACATTCTCATAAGGA.1",3
"X1_TACCCACAGCTCCATA.1",6
"X1_TACCCACCAATGTGGG.1",7
"X1_TACCCACCACGTACAT.1",4
"X1_TACCCACCATTAAGCC.1",8
"X1_TACCCACGTCGACTGC.1",6
"X1_TACCCACGTTACCCTC.1",4
"X1_TACCCACTCCTGGGAC.1",6
"X1_TACCCACTCTGCATGA.1",7
"X1_TACCCGTAGATAACGT.1",4
"X1_TACCCGTAGCAGCCTC.1",8
"X1_TACCCGTAGCGCTGAA.1",5
"X1_TACCCGTAGCGTTCCG.1",7
"X1_TACCCGTCAAAGCTAA.1",7
"X1_TACCCGTCACATTCGA.1",8
"X1_TACCCGTCACGTATAC.1",5
"X1_TACCCGTGTATGAAGT.1",8
"X1_TACCCGTGTCTGTAGT.1",7
"X1_TACCCGTGTGAGAACC.1",8
"X1_TACCCGTGTGGTCCGT.1",8
"X1_TACCCGTTCGGTAGGA.1",3
"X1_TACCGAAAGGACGCTA.1",7
"X1_TACCGAAAGTAGTCCT.1",6
"X1_TACCGAACAAATGCTC.1",4
"X1_TACCGAACAGCCTACG.1",4
"X1_TACCGAAGTACGGCAA.1",8
"X1_TACCGAAGTAGTTCCA.1",3
"X1_TACCGAAGTATTTCCT.1",6
"X1_TACCGAAGTGACAGCA.1",2
"X1_TACCGAAGTGCGGCTT.1",5
"X1_TACCGAAGTTCAATCG.1",2
"X1_TACCGAAGTTGTTTGG.1",4
"X1_TACCGAATCGCGCTGA.1",6
"X1_TACCGAATCGGTGAAG.1",5
"X1_TACCGGGAGGGTCAAC.1",7
"X1_TACCGGGAGTGGAAAG.1",5
"X1_TACCGGGCAAGGGTCA.1",7
"X1_TACCGGGCACGCCACA.1",1
"X1_TACCGGGCACGTGTGC.1",3
"X1_TACCGGGGTAGTCCTA.1",1
"X1_TACCGGGGTTACAGCT.1",2
"X1_TACCGGGGTTCCCACT.1",5
"X1_TACCGGGTCACGTAGT.1",6
"X1_TACCGGGTCGACGCGT.1",2
"X1_TACCGGGTCGCGTTTC.1",4
"X1_TACCGGGTCTCATGCC.1",1
"X1_TACCTCGAGACCATGG.1",3
"X1_TACCTCGAGAGTTGCG.1",3
"X1_TACCTCGAGCCTCAGC.1",3
"X1_TACCTCGAGGACAGCT.1",7
"X1_TACCTCGAGGATTTGA.1",7
"X1_TACCTCGAGGGAGGGT.1",2
"X1_TACCTCGAGGGTACAC.1",5
"X1_TACCTCGAGGTTGGAC.1",6
"X1_TACCTCGCAACCACGC.1",7
"X1_TACCTCGCAAGTTTGC.1",3
"X1_TACCTCGCACAATGAA.1",8
"X1_TACCTCGCACTAGTAC.1",2
"X1_TACCTCGCATAGAGGC.1",5
"X1_TACCTCGGTACCGGAA.1",5
"X1_TACCTCGGTCAGTCTA.1",1000
"X1_TACCTCGGTCCTGGGT.1",6
"X1_TACCTCGGTGAATGAT.1",2
"X1_TACCTCGTCCTTGGAA.1",6
"X1_TACCTCGTCTCGAACA.1",2
"X1_TACCTGCAGACGTCCC.1",7
"X1_TACCTGCAGCATCAGG.1",5
"X1_TACCTGCAGGCTTAAA.1",2
"X1_TACCTGCAGGGAGGTG.1",3
"X1_TACCTGCAGGGTCTTT.1",8
"X1_TACCTGCAGTGCTACT.1",1
"X1_TACCTGCCAAGATGTA.1",7
"X1_TACCTGCCACGGGCTT.1",1000
"X1_TACCTGCCAGAAGTTA.1",5
"X1_TACCTGCGTACTCCCT.1",7
"X1_TACCTGCGTAGTGCGA.1",5
"X1_TACCTGCGTGGACTGA.1",3
"X1_TACCTGCGTGTCTCCT.1",6
"X1_TACCTGCGTGTGCTTA.1",1000
"X1_TACCTGCGTTCATCTT.1",3
"X1_TACCTGCTCAGCTGAT.1",3
"X1_TACCTGCTCGGCATAT.1",1
"X1_TACGCTCAGACGTCGA.1",1
"X1_TACGCTCAGCGGTATG.1",2
"X1_TACGCTCAGTAGGGTC.1",3
"X1_TACGCTCAGTGGTTAA.1",8
"X1_TACGCTCCACCTGTCT.1",6
"X1_TACGCTCCACGCAGTC.1",7
"X1_TACGCTCCAGAGCCCT.1",2
"X1_TACGCTCCATACAGGG.1",4
"X1_TACGCTCGTCCATCTC.1",4
"X1_TACGCTCGTGTGTGTT.1",5
"X1_TACGCTCGTTGCAAGG.1",2
"X1_TACGCTCTCCTCCACA.1",7
"X1_TACGCTCTCTAAGCGT.1",3
"X1_TACGGGCAGCATTGAA.1",2
"X1_TACGGGCAGGCGACAT.1",8
"X1_TACGGGCCAAATCAAG.1",4
"X1_TACGGGCCAATGTCAC.1",1
"X1_TACGGGCCACTACCCT.1",7
"X1_TACGGGCCAGCTAACT.1",1
"X1_TACGGGCGTAGTCCTA.1",5
"X1_TACGGGCGTCGACTGC.1",2
"X1_TACGGGCGTGTGTCCG.1",6
"X1_TACGGGCGTTTGACAC.1",4
"X1_TACGGGCTCCCTGTTG.1",3
"X1_TACGGGCTCCTCTAGC.1",7
"X1_TACGGGCTCTAACGCA.1",5
"X1_TACGGGCTCTCCGATC.1",6
"X1_TACGGGCTCTCTAAGG.1",4
"X1_TACGGTAAGTCGCCAC.1",6
"X1_TACGGTACAACTGCTA.1",1
"X1_TACGGTAGTAGGCAAC.1",2
"X1_TACGGTAGTCCAGTTA.1",4
"X1_TACGGTAGTCTCAGAT.1",1000
"X1_TACGGTAGTTGGGTAG.1",4
"X1_TACGGTAGTTTACCAG.1",1
"X1_TACGGTATCACAAGGG.1",4
"X1_TACGGTATCACACCCT.1",7
"X1_TACGGTATCATTGCCC.1",6
"X1_TACGGTATCCAACCAA.1",2
"X1_TACGGTATCGAGCTGC.1",4
"X1_TACGTCCAGGTCATCT.1",3
"X1_TACGTCCCACTCCTGT.1",5
"X1_TACGTCCCAGACAAGC.1",3
"X1_TACGTCCGTACTCAAC.1",6
"X1_TACGTCCGTACTGACT.1",3
"X1_TACGTCCTCCGATGTA.1",3
"X1_TACGTCCTCCTATTTG.1",1
"X1_TACGTCCTCTCCACTG.1",4
"X1_TACTGCCCAGCAGTTT.1",1
"X1_TACTGCCCAGTCTCTC.1",5
"X1_TACTGCCCATGGTACT.1",5
"X1_TACTGCCGTCCACATA.1",7
"X1_TACTGCCGTTGTAAAG.1",6
"X1_TACTGCCTCACTGGTA.1",4
"X1_TACTTACAGAGGATCC.1",6
"X1_TACTTACAGATTGATG.1",5
"X1_TACTTACAGGGAGAAT.1",6
"X1_TACTTACCACCAGGTC.1",5
"X1_TACTTACCACTCTAGA.1",2
"X1_TACTTACCAGCCCAGT.1",7
"X1_TACTTACGTGATTCTG.1",3
"X1_TACTTACGTTGCTCGG.1",1000
"X1_TACTTACTCAAAGGAT.1",3
"X1_TACTTACTCCCAACTC.1",1
"X1_TACTTACTCTCGGTCT.1",4
"X1_TACTTACTCTCGTGAA.1",4
"X1_TACTTACTCTGGTGGC.1",3
"X1_TACTTCAAGAGGTCAC.1",3
"X1_TACTTCAAGGTCGACA.1",4
"X1_TACTTCAAGTTTGCTG.1",2
"X1_TACTTCACAAATAAGC.1",2
"X1_TACTTCACAGGTCCCA.1",7
"X1_TACTTCACATGGACAG.1",2
"X1_TACTTCACATGGGTTT.1",4
"X1_TACTTCAGTATTTCTC.1",7
"X1_TACTTCAGTCACTTAG.1",8
"X1_TACTTCAGTCCTCCAT.1",5
"X1_TACTTCAGTGACATCT.1",3
"X1_TACTTCAGTGGCTTAT.1",7
"X1_TACTTCAGTTTCGTAG.1",8
"X1_TACTTCATCACGGGAA.1",7
"X1_TACTTCATCCCGATCT.1",5
"X1_TACTTCATCCGGCAAC.1",6
"X1_TACTTGTAGACCCGCT.1",3
"X1_TACTTGTAGCACTAGG.1",6
"X1_TACTTGTAGCAGATAT.1",5
"X1_TACTTGTAGTAGACAT.1",7
"X1_TACTTGTAGTGCAGCA.1",6
"X1_TACTTGTCAAAGGCGT.1",1000
"X1_TACTTGTCACTATCGA.1",7
"X1_TACTTGTCATAAGCGG.1",8
"X1_TACTTGTCATGAGGGT.1",1000
"X1_TACTTGTCATGGACAG.1",8
"X1_TAGACCAAGACCAAAT.1",8
"X1_TAGACCAAGCTTTCCC.1",4
"X1_TAGACCAAGTCTGCGC.1",5
"X1_TAGACCACAAGTGGGT.1",1000
"X1_TAGACCACACCAGTAT.1",2
"X1_TAGACCACACGCTATA.1",6
"X1_TAGACCACACGCTTAA.1",3
"X1_TAGACCACACTTCATT.1",6
"X1_TAGACCACAGTTAGAA.1",4
"X1_TAGACCACATGTCAGT.1",4
"X1_TAGACCACATGTGGCC.1",5
"X1_TAGACCAGTCGATTCA.1",1
"X1_TAGACCAGTGCTTATG.1",4
"X1_TAGACCATCACCTTGC.1",3
"X1_TAGACCATCAGGAGAC.1",2
"X1_TAGACCATCTGACAGT.1",3
"X1_TAGACTGAGAAGGGAT.1",1
"X1_TAGACTGAGACATGCG.1",7
"X1_TAGACTGAGAGATGCC.1",1
"X1_TAGACTGAGCAGCAGT.1",7
"X1_TAGACTGAGTGCTAGG.1",6
"X1_TAGACTGAGTTCCTGA.1",8
"X1_TAGACTGCAACTACGT.1",6
"X1_TAGACTGCAATCGAAA.1",6
"X1_TAGACTGCACTTGACA.1",1
"X1_TAGACTGGTGAGTTGG.1",3
"X1_TAGACTGTCCGTCCTA.1",3
"X1_TAGAGTCAGAATTGCA.1",4
"X1_TAGAGTCAGATTTGCC.1",5
"X1_TAGAGTCAGCCAGACA.1",4
"X1_TAGAGTCAGCCTCTGG.1",8
"X1_TAGAGTCAGGGTCAAC.1",4
"X1_TAGAGTCAGTGTCATC.1",2
"X1_TAGAGTCCAAAGTGTA.1",8
"X1_TAGAGTCCAACGATCT.1",6
"X1_TAGAGTCCAGACCAGA.1",3
"X1_TAGAGTCCAGTCGTTA.1",5
"X1_TAGAGTCCATTACTCT.1",7
"X1_TAGAGTCGTATCGCTA.1",1000
"X1_TAGAGTCGTCCTTTGC.1",1000
"X1_TAGAGTCTCAAGAGTA.1",1
"X1_TAGAGTCTCGTGGCTG.1",5
"X1_TAGATCGAGGCCACCT.1",4
"X1_TAGATCGAGTATGAAC.1",3
"X1_TAGATCGAGTCGCTAT.1",1
"X1_TAGATCGCAACAACAA.1",6
"X1_TAGATCGCAGGAACCA.1",7
"X1_TAGATCGCAGGAGGAG.1",2
"X1_TAGATCGCAGGTCAAG.1",3
"X1_TAGATCGCAGTATGAA.1",6
"X1_TAGATCGCATGACACT.1",4
"X1_TAGATCGGTATAGGAT.1",6
"X1_TAGATCGGTCGTATTG.1",6
"X1_TAGATCGTCAAGAATG.1",8
"X1_TAGATCGTCTAAACGC.1",1
"X1_TAGATCGTCTGACAGT.1",5
"X1_TAGCACAAGCAGGTCA.1",1
"X1_TAGCACAAGCGCTGAA.1",7
"X1_TAGCACAAGCTGTCCG.1",7
"X1_TAGCACAAGGCTTAAA.1",3
"X1_TAGCACAAGTCAATCC.1",4
"X1_TAGCACAAGTGCACAG.1",3
"X1_TAGCACACAAACTAGA.1",4
"X1_TAGCACACAAATGATG.1",3
"X1_TAGCACACAATCCTAG.1",1
"X1_TAGCACACACCTAAAC.1",3
"X1_TAGCACAGTTATGACC.1",5
"X1_TAGCACAGTTGTCATG.1",6
"X1_TAGGAGGAGACCAAAT.1",3
"X1_TAGGAGGAGCATCGAG.1",5
"X1_TAGGAGGAGCTTCGTA.1",6
"X1_TAGGAGGAGTGGTCAG.1",5
"X1_TAGGAGGCACGGCGTT.1",8
"X1_TAGGAGGCATAGCACT.1",3
"X1_TAGGAGGCATGCACTA.1",6
"X1_TAGGAGGGTATCGTTG.1",3
"X1_TAGGAGGGTTGGGCCT.1",2
"X1_TAGGAGGTCAACGCTA.1",2
"X1_TAGGAGGTCCGACGGT.1",4
"X1_TAGGAGGTCTAGTACG.1",1000
"X1_TAGGGTTAGATACTGA.1",5
"X1_TAGGGTTAGCCTGTGC.1",4
"X1_TAGGGTTAGCGTATGG.1",2
"X1_TAGGGTTAGTATGAAC.1",7
"X1_TAGGGTTAGTTGGGAC.1",5
"X1_TAGGGTTCAATCACGT.1",5
"X1_TAGGGTTCAGAGACTG.1",4
"X1_TAGGGTTCATATCGGT.1",8
"X1_TAGGGTTGTCCGCAGT.1",7
"X1_TAGGGTTGTCCTCATC.1",8
"X1_TAGGGTTGTTACGCCG.1",8
"X1_TAGGGTTTCATTTCCA.1",4
"X1_TAGGGTTTCCCAAGCG.1",3
"X1_TAGGGTTTCGATTGGT.1",4
"X1_TAGGGTTTCTGTGCAA.1",5
"X1_TAGGTACAGTGCGACA.1",1
"X1_TAGGTACAGTTCCGGC.1",7
"X1_TAGGTACCAACTCGTA.1",2
"X1_TAGGTACCAGTCAACT.1",2
"X1_TAGGTACCATAGATCC.1",3
"X1_TAGGTACCATCCAACA.1",4
"X1_TAGGTACGTAATCAAG.1",2
"X1_TAGGTACGTCGAGATG.1",5
"X1_TAGGTACGTGACATCT.1",6
"X1_TAGGTACGTGTATACC.1",1
"X1_TAGGTACGTTATAGAG.1",7
"X1_TAGGTACGTTCACGAT.1",6
"X1_TAGGTACTCTGTCGTC.1",4
"X1_TAGGTTGAGAGGCGTT.1",5
"X1_TAGGTTGAGCACTGGA.1",8
"X1_TAGGTTGAGCATATGA.1",5
"X1_TAGGTTGAGCTCGGCT.1",3
"X1_TAGGTTGAGGCACCAA.1",2
"X1_TAGGTTGAGGGACTGT.1",2
"X1_TAGGTTGCACCGTACG.1",2
"X1_TAGGTTGCACGTAGAG.1",3
"X1_TAGGTTGGTAGTCGTT.1",2
"X1_TAGGTTGGTCCTCCAT.1",3
"X1_TAGGTTGGTTCGTTCC.1",2
"X1_TAGGTTGTCCCTTGGT.1",6
"X1_TAGGTTGTCCGATGCG.1",8
"X1_TAGTGCAAGACATCCT.1",2
"X1_TAGTGCAAGACTACCT.1",7
"X1_TAGTGCAGTATCCTTT.1",6
"X1_TAGTGCAGTTCTCTCG.1",1
"X1_TAGTGCATCGACATTG.1",3
"X1_TAGTGCATCGCACGAC.1",2
"X1_TAGTGCATCGTCGCTT.1",3
"X1_TATACCTAGCGAGAAA.1",8
"X1_TATACCTAGGACGGAG.1",6
"X1_TATACCTCAAGTGCAG.1",3
"X1_TATACCTCACTCCACT.1",7
"X1_TATACCTGTAAGACCG.1",8
"X1_TATACCTGTATGCTTG.1",6
"X1_TATACCTGTGTTTGCA.1",8
"X1_TATACCTTCGGCAGTC.1",2
"X1_TATATCCAGAATTCAG.1",7
"X1_TATATCCAGCGATGCA.1",5
"X1_TATATCCAGGTGATAT.1",1
"X1_TATATCCCAAGCGAAC.1",4
"X1_TATATCCGTAACGATA.1",7
"X1_TATATCCGTATTGACC.1",1000
"X1_TATATCCGTTGCGTAT.1",2
"X1_TATATCCTCCTACAAG.1",3
"X1_TATCAGGCAATAGGAT.1",5
"X1_TATCAGGCAATTTCTC.1",7
"X1_TATCAGGCACGCTTAA.1",5
"X1_TATCAGGCATGTTCGA.1",4
"X1_TATCAGGGTGAGTAAT.1",5
"X1_TATCAGGGTGCTCGTG.1",2
"X1_TATCAGGGTGGTTTGT.1",3
"X1_TATCAGGGTGTAAACA.1",2
"X1_TATCAGGTCAAACGAA.1",8
"X1_TATCAGGTCATCTGTT.1",3
"X1_TATCAGGTCCCATGGG.1",3
"X1_TATCAGGTCCGGTTCT.1",2
"X1_TATCAGGTCCTCATAT.1",3
"X1_TATCAGGTCTCCGATC.1",5
"X1_TATCCTAAGGCTATCT.1",7
"X1_TATCCTAAGTTGCTGT.1",5
"X1_TATCCTACAACAAAGT.1",7
"X1_TATCCTACAAGTGACG.1",5
"X1_TATCCTACAATTGAGA.1",2
"X1_TATCCTACACAATTCG.1",4
"X1_TATCCTACACTCTAGA.1",2
"X1_TATCCTACACTGAATC.1",2
"X1_TATCCTAGTCACTCGG.1",7
"X1_TATCCTAGTTAAGGAT.1",7
"X1_TATCCTATCACCCTTG.1",0
"X1_TATCCTATCGGTAGGA.1",1
"X1_TATCCTATCGTTCAGA.1",8
"X1_TATCGCCAGAAGCGAA.1",1000
"X1_TATCGCCAGACCTCAT.1",7
"X1_TATCGCCAGATGATTG.1",8
"X1_TATCGCCAGCTGAGTG.1",5
"X1_TATCGCCAGGTATAGT.1",2
"X1_TATCGCCAGTCTTCCC.1",7
"X1_TATCGCCCAAATCGTC.1",2
"X1_TATCGCCCAACACGTT.1",7
"X1_TATCGCCCACCGTGAC.1",2
"X1_TATCGCCCATGCGTGC.1",8
"X1_TATCGCCGTACGTTCA.1",2
"X1_TATCGCCGTATAGCTC.1",1
"X1_TATCGCCGTCTACGAT.1",2
"X1_TATCGCCGTTCAGCGC.1",2
"X1_TATCGCCGTTCGTTCC.1",3
"X1_TATCGCCTCCGCAACG.1",6
"X1_TATCGCCTCGGCCAAC.1",4
"X1_TATCTGTAGAAATGGG.1",8
"X1_TATCTGTCAAATGATG.1",7
"X1_TATCTGTCACAAATGA.1",2
"X1_TATCTGTCACGGTAGA.1",5
"X1_TATCTGTCACTGGATT.1",3
"X1_TATCTGTCATGAGGGT.1",3
"X1_TATCTGTGTAGGTGCA.1",8
"X1_TATCTGTGTGTTCGTA.1",7
"X1_TATCTGTGTTTACTTC.1",5
"X1_TATCTGTTCTAGCAAC.1",6
"X1_TATCTTGAGCTACGTT.1",7
"X1_TATCTTGAGGGCCTCT.1",1000
"X1_TATCTTGAGGTAGATT.1",6
"X1_TATCTTGCAATTCGTG.1",2
"X1_TATCTTGCACCGCTGA.1",2
"X1_TATCTTGCACGTCTCT.1",1
"X1_TATCTTGCAGAGTGTG.1",1
"X1_TATCTTGCAGGTCAGA.1",2
"X1_TATCTTGGTAGAGTTA.1",4
"X1_TATCTTGGTCCAGCCA.1",7
"X1_TATCTTGGTGCTCCGA.1",3
"X1_TATCTTGTCCACGGGT.1",2
"X1_TATCTTGTCTGTAACG.1",6
"X1_TATGTTCAGTAATACG.1",2
"X1_TATGTTCAGTACTCGT.1",4
"X1_TATGTTCCAGAGTAAT.1",1
"X1_TATGTTCCAGCATCTA.1",8
"X1_TATGTTCCAGGAAGTC.1",4
"X1_TATGTTCCATCGCTCT.1",7
"X1_TATGTTCGTATCTTCT.1",1000
"X1_TATGTTCGTCAGCTTA.1",8
"X1_TATGTTCGTGCCTAAT.1",8
"X1_TATGTTCGTTCTCTCG.1",5
"X1_TATGTTCTCACTTATC.1",7
"X1_TATTCCAAGGGTATAT.1",5
"X1_TATTCCACAAATTAGG.1",8
"X1_TATTCCACAACCGCCA.1",4
"X1_TATTCCACAATCGCAT.1",4
"X1_TATTCCACAATTGGTC.1",3
"X1_TATTCCACACATCCCT.1",5
"X1_TATTCCACACGACCTG.1",1000
"X1_TATTCCACAGCTATAC.1",8
"X1_TATTCCACATGGAGAC.1",6
"X1_TATTCCACATTCCTCG.1",4
"X1_TATTCCAGTCGCTTAA.1",4
"X1_TATTCCATCACATACG.1",6
"X1_TATTCCATCGCCGTGA.1",3
"X1_TATTCCATCTTGGTCC.1",4
"X1_TATTGCTAGCATCCCG.1",3
"X1_TATTGCTAGCCTGTGC.1",2
"X1_TATTGCTAGCTAGAAT.1",2
"X1_TATTGCTCACTATCGA.1",3
"X1_TATTGCTCACTTGAAC.1",3
"X1_TATTGCTCAGAACTCT.1",4
"X1_TATTGCTCAGTATACC.1",5
"X1_TATTGCTCATCTCGTC.1",5
"X1_TATTGCTGTACGTAGG.1",3
"X1_TATTGCTGTGGCAACA.1",1000
"X1_TATTGCTGTTGGATCT.1",3
"X1_TATTGCTTCATAGAGA.1",1
"X1_TATTGCTTCTACAGGT.1",7
"X1_TATTGGGAGACAACAT.1",6
"X1_TATTGGGAGCGCCATC.1",4
"X1_TATTGGGAGGACGGAG.1",2
"X1_TATTGGGCACGACGCT.1",5
"X1_TATTGGGCACGACGTC.1",4
"X1_TATTGGGCACTGGCGT.1",7
"X1_TATTGGGCAGGCCTGT.1",8
"X1_TATTGGGGTATCGGTT.1",5
"X1_TATTGGGGTGAACCGA.1",7
"X1_TATTGGGTCCTTCTAA.1",8
"X1_TATTTCGAGCCTGGAA.1",5
"X1_TATTTCGAGTCAGAGC.1",7
"X1_TATTTCGCACATCCCT.1",4
"X1_TATTTCGCAGGAAGTC.1",2
"X1_TATTTCGCATGGCCAC.1",5
"X1_TATTTCGGTTCAAAGA.1",7
"X1_TATTTCGTCCCGAGTG.1",3
"X1_TCAAGACAGAGTTGTA.1",4
"X1_TCAAGACAGATAACGT.1",3
"X1_TCAAGACAGGGCAGAG.1",6
"X1_TCAAGACAGTAAATGC.1",5
"X1_TCAAGACAGTATGACA.1",4
"X1_TCAAGACAGTTAACAG.1",7
"X1_TCAAGACCAACGCCCA.1",1
"X1_TCAAGACCAACTTCTT.1",2
"X1_TCAAGACCAATGGGTG.1",5
"X1_TCAAGACCACGACTAT.1",2
"X1_TCAAGACGTACGTGAG.1",5
"X1_TCAAGACGTCCACAGC.1",4
"X1_TCAAGACGTCCCAAAT.1",8
"X1_TCAAGACGTCTACAGT.1",7
"X1_TCAAGACGTGTTGACT.1",6
"X1_TCAAGACGTTAGAAGT.1",2
"X1_TCAAGACTCAGAGTGG.1",3
"X1_TCAAGACTCGCTGTTC.1",1
"X1_TCAAGACTCTAAGCCA.1",5
"X1_TCAAGACTCTGTCCGT.1",1
"X1_TCAAGACTCTGTGCGG.1",5
"X1_TCAAGACTCTTAGCCC.1",1
"X1_TCAAGACTCTTTGCGC.1",2
"X1_TCAAGCAAGTTCGCAT.1",1
"X1_TCAAGCACAAGAGGTC.1",2
"X1_TCAAGCACAAGCCCAC.1",1
"X1_TCAAGCACACCGTGAC.1",1
"X1_TCAAGCACAGGGAATC.1",7
"X1_TCAAGCAGTGTGCTTA.1",2
"X1_TCAAGCAGTTGCTGAT.1",4
"X1_TCAAGCAGTTTCTTAC.1",5
"X1_TCAAGCATCACGTAGT.1",2
"X1_TCAAGCATCTACTGCC.1",2
"X1_TCAAGTGAGAACAGGA.1",5
"X1_TCAAGTGAGCAAATCA.1",1000
"X1_TCAAGTGAGCATTGTC.1",3
"X1_TCAAGTGCAATGTCTG.1",3
"X1_TCAAGTGCAGGGCTTC.1",7
"X1_TCAAGTGCATGGAACG.1",7
"X1_TCAAGTGGTTGTAGCT.1",8
"X1_TCAAGTGTCACAGTGT.1",3
"X1_TCAAGTGTCCATCCGT.1",3
"X1_TCAAGTGTCCCAACTC.1",6
"X1_TCAAGTGTCCCGAACG.1",2
"X1_TCAAGTGTCGATGCAT.1",4
"X1_TCAATCTAGCAGATAT.1",3
"X1_TCAATCTAGCATTTCG.1",7
"X1_TCAATCTAGGTTGAGC.1",8
"X1_TCAATCTAGTCGAAGC.1",5
"X1_TCAATCTCAAGCGAAC.1",2
"X1_TCAATCTCAATCTCTT.1",8
"X1_TCAATCTCAGATACCT.1",3
"X1_TCAATCTCATCCTTCG.1",5
"X1_TCAATCTGTAATGATG.1",8
"X1_TCAATCTGTTGCCATA.1",4
"X1_TCAATCTTCCATGCAA.1",8
"X1_TCAATCTTCGGCATAT.1",7
"X1_TCAATTCAGGAGATAG.1",5
"X1_TCAATTCAGGGCATGT.1",4
"X1_TCAATTCCACTTCAAG.1",8
"X1_TCAATTCCAGCATTGT.1",3
"X1_TCAATTCCAGCCGTTG.1",3
"X1_TCAATTCCAGTAGAAT.1",2
"X1_TCAATTCGTACCGTGC.1",2
"X1_TCAATTCGTCCCTGAG.1",2
"X1_TCAATTCGTCTGATAC.1",3
"X1_TCAATTCGTGACCGTC.1",1000
"X1_TCAATTCTCACCGGTG.1",7
"X1_TCAATTCTCCACACAA.1",2
"X1_TCAATTCTCGCTAATG.1",4
"X1_TCACAAGAGTCCGCGT.1",5
"X1_TCACAAGCACCAACAT.1",2
"X1_TCACAAGCACCGTGGT.1",5
"X1_TCACAAGCAGCGTTGC.1",2
"X1_TCACAAGCATCAGCTA.1",3
"X1_TCACAAGGTAGCGTTT.1",8
"X1_TCACAAGGTCTACACA.1",6
"X1_TCACAAGGTGCATACT.1",7
"X1_TCACAAGGTGTACAGG.1",3
"X1_TCACAAGGTTTCGATG.1",8
"X1_TCACAAGGTTTGAACC.1",3
"X1_TCACAAGTCACCGGTG.1",1
"X1_TCACAAGTCAGGACAG.1",7
"X1_TCACAAGTCGAACGCC.1",4
"X1_TCACAAGTCTCAGAAC.1",5
"X1_TCACAAGTCTGGGTCG.1",7
"X1_TCACACCAGCGGACAT.1",4
"X1_TCACACCAGTAATACG.1",3
"X1_TCACACCCAAAGGATT.1",3
"X1_TCACACCCATCCGCGA.1",8
"X1_TCACACCGTACAAGTA.1",6
"X1_TCACACCGTCGGTACC.1",5
"X1_TCACACCTCAATCAGC.1",4
"X1_TCACACCTCCTACCGT.1",7
"X1_TCACACCTCGAGAATA.1",3
"X1_TCACACCTCGTAACAC.1",5
"X1_TCACATTAGGATATGT.1",1000
"X1_TCACATTAGGTTGCCC.1",3
"X1_TCACATTCAATTAGGA.1",8
"X1_TCACATTCATCAGCTA.1",5
"X1_TCACATTGTACCCAGC.1",6
"X1_TCACATTGTCAGCTTA.1",8
"X1_TCACATTGTGGTTTGT.1",3
"X1_TCACATTGTTGCATAC.1",4
"X1_TCACATTTCGGACTGC.1",4
"X1_TCACGCTAGAGTCAGC.1",3
"X1_TCACGCTCAGCCGTTG.1",3
"X1_TCACGCTCATGGGTTT.1",1000
"X1_TCACGCTGTGTAAACA.1",2
"X1_TCACGCTGTTCCACGG.1",3
"X1_TCACGCTGTTCGGCTG.1",1000
"X1_TCACGCTTCTTCGATT.1",7
"X1_TCACGGGAGACATAAC.1",5
"X1_TCACGGGAGATGAATC.1",2
"X1_TCACGGGAGCGTGTCC.1",6
"X1_TCACGGGAGGAGCAAA.1",6
"X1_TCACGGGAGGTAGTAT.1",8
"X1_TCACGGGCAAGAATAC.1",3
"X1_TCACGGGCACAAATCC.1",5
"X1_TCACGGGCAGCATTGT.1",3
"X1_TCACGGGGTGCGTGCT.1",8
"X1_TCACGGGGTGGTGATG.1",7
"X1_TCACGGGTCGATTGAC.1",5
"X1_TCACTATAGATTGAGT.1",6
"X1_TCACTATCACTACCGG.1",5
"X1_TCACTATGTCGCTCGA.1",3
"X1_TCACTATTCAGAGCAG.1",7
"X1_TCACTATTCTTGGTCC.1",5
"X1_TCACTCGAGACCAACG.1",8
"X1_TCACTCGAGCATGGGT.1",2
"X1_TCACTCGAGCTCCACG.1",5
"X1_TCACTCGAGGAGAGTA.1",4
"X1_TCACTCGAGGTTCCAT.1",3
"X1_TCACTCGCACCCGTAG.1",8
"X1_TCACTCGCAGTTGCGC.1",1000
"X1_TCACTCGCATCCTTCG.1",4
"X1_TCACTCGGTACAAGTA.1",1000
"X1_TCACTCGGTAGTCCTA.1",6
"X1_TCACTCGGTGTATTGC.1",1000
"X1_TCACTCGGTGTTCAGT.1",1
"X1_TCACTCGTCAACTGGT.1",5
"X1_TCACTCGTCAATCCGA.1",2
"X1_TCACTCGTCCCGATCT.1",6
"X1_TCACTCGTCGACATTG.1",5
"X1_TCACTCGTCTTACCAT.1",3
"X1_TCAGCAAAGACGGATC.1",5
"X1_TCAGCAAAGATCACCT.1",1
"X1_TCAGCAAAGATGTAGT.1",5
"X1_TCAGCAACAAGCACAG.1",7
"X1_TCAGCAACAGCAGAAC.1",1
"X1_TCAGCAACAGCTTTGA.1",3
"X1_TCAGCAACAGGTCCGT.1",3
"X1_TCAGCAAGTACTTCCC.1",1
"X1_TCAGCAAGTCAAGTTC.1",3
"X1_TCAGCAAGTCTCCTGT.1",4
"X1_TCAGCAAGTGCCCTTT.1",7
"X1_TCAGCAAGTGTCCCTT.1",7
"X1_TCAGCAAGTTAGGAGC.1",7
"X1_TCAGCAATCATTGTGG.1",3
"X1_TCAGCAATCCATCAGA.1",7
"X1_TCAGCAATCCTATGGA.1",3
"X1_TCAGCCTAGCAAGTCG.1",5
"X1_TCAGCCTAGCCGGATA.1",2
"X1_TCAGCCTAGCTAGTTC.1",8
"X1_TCAGCCTAGCTGTCCG.1",3
"X1_TCAGCCTAGTCTGCGC.1",5
"X1_TCAGCCTAGTGCGCTC.1",2
"X1_TCAGCCTCAACAAAGT.1",3
"X1_TCAGCCTGTGCAGATG.1",7
"X1_TCAGCCTTCACGTCCT.1",4
"X1_TCAGCCTTCCAACTAG.1",3
"X1_TCAGCCTTCGACCATA.1",6
"X1_TCAGGGCAGTTGGGAC.1",4
"X1_TCAGGGCCAAGTGATA.1",2
"X1_TCAGGGCCATCTCCCA.1",8
"X1_TCAGGGCGTACGATTC.1",4
"X1_TCAGGGCGTAGCTTGT.1",7
"X1_TCAGGGCGTGGAGAAA.1",5
"X1_TCAGGGCGTTGGGCCT.1",7
"X1_TCAGGGCGTTTCTATC.1",1
"X1_TCAGGGCTCAACTGGT.1",4
"X1_TCAGGGCTCATGACAC.1",7
"X1_TCAGGGCTCGCAGTGC.1",8
"X1_TCAGGTAAGGGTTTCT.1",5
"X1_TCAGGTAAGTTTGAGA.1",3
"X1_TCAGGTACATAATGAG.1",8
"X1_TCAGGTACATCGATAC.1",8
"X1_TCAGGTAGTACTGACT.1",4
"X1_TCAGGTAGTAGTTCCA.1",8
"X1_TCAGGTAGTTAGAGAT.1",7
"X1_TCAGGTATCACTGGGC.1",7
"X1_TCAGGTATCCGGTAAT.1",6
"X1_TCAGGTATCCGTGTCT.1",8
"X1_TCAGGTATCGGACGTC.1",7
"X1_TCAGGTATCTACGCGG.1",1
"X1_TCAGTCCAGGTCGCCT.1",5
"X1_TCAGTCCCATAATCGC.1",1000
"X1_TCAGTCCCATCCGAAT.1",5
"X1_TCAGTCCGTATTGACC.1",5
"X1_TCAGTCCGTCCGATCG.1",2
"X1_TCAGTCCGTTAATCGC.1",5
"X1_TCAGTCCTCATCCCGT.1",5
"X1_TCAGTCCTCCTAGCCT.1",8
"X1_TCAGTGACACAGCATT.1",6
"X1_TCAGTGACAGGCCCTA.1",1000
"X1_TCAGTGAGTTTCAGAC.1",3
"X1_TCAGTGATCACTCGAA.1",1000
"X1_TCAGTGATCCAACTAG.1",8
"X1_TCAGTGATCCACGTCT.1",2
"X1_TCAGTGATCCTCTGCA.1",3
"X1_TCAGTTTAGAACTCCT.1",1
"X1_TCAGTTTAGAAGAGCA.1",8
"X1_TCAGTTTAGAGAGTGA.1",2
"X1_TCAGTTTAGAGCAGAA.1",2
"X1_TCAGTTTAGAGCCCAA.1",4
"X1_TCAGTTTAGTCACGCC.1",8
"X1_TCAGTTTAGTCTAGCT.1",4
"X1_TCAGTTTAGTTGTCGT.1",2
"X1_TCAGTTTCAAAGCGTG.1",8
"X1_TCAGTTTGTGAACGGT.1",5
"X1_TCAGTTTGTGCTCGTG.1",7
"X1_TCAGTTTGTTCCGCTT.1",7
"X1_TCAGTTTTCGACGATT.1",2
"X1_TCAGTTTTCTATCGCC.1",1000
"X1_TCAGTTTTCTCCACTG.1",1
"X1_TCATACTAGATCGCTT.1",8
"X1_TCATACTAGCCATTCA.1",2
"X1_TCATACTAGGGCTAAC.1",3
"X1_TCATACTAGTAAGACT.1",2
"X1_TCATACTAGTTTCTTC.1",1
"X1_TCATACTGTCATCTAG.1",6
"X1_TCATACTGTCATGCAT.1",1
"X1_TCATACTGTGACTGAG.1",8
"X1_TCATACTGTTATTCCT.1",3
"X1_TCATATCAGACATAAC.1",6
"X1_TCATATCAGGGACCAT.1",2
"X1_TCATATCAGGGTAATT.1",5
"X1_TCATATCAGGTTAGTA.1",7
"X1_TCATATCAGTAATTGG.1",2
"X1_TCATATCAGTAGCAAT.1",8
"X1_TCATATCCATGTGTCA.1",2
"X1_TCATATCGTATCGATC.1",2
"X1_TCATATCGTGTTTGCA.1",5
"X1_TCATATCTCAACCGAT.1",2
"X1_TCATATCTCAATCTTC.1",3
"X1_TCATATCTCAGTCATG.1",3
"X1_TCATATCTCTTCGACC.1",6
"X1_TCATCATAGGTCGCCT.1",2
"X1_TCATCATAGTATAGAC.1",3
"X1_TCATCATAGTTGTAAG.1",1
"X1_TCATCATCAAGGCGTA.1",3
"X1_TCATCATGTCCCACGA.1",6
"X1_TCATCATGTGATCGTT.1",1000
"X1_TCATCATGTTCCGGTG.1",5
"X1_TCATCATTCACGGTCG.1",3
"X1_TCATCATTCGCGCTGA.1",2
"X1_TCATCATTCGGAAACG.1",4
"X1_TCATCATTCGGTCAGC.1",3
"X1_TCATCCGAGATTAGCA.1",7
"X1_TCATCCGAGATTCGCT.1",1
"X1_TCATCCGAGCCGATAG.1",5
"X1_TCATCCGAGCCTGACC.1",5
"X1_TCATCCGAGCGACTAG.1",1
"X1_TCATCCGAGGCCTAAG.1",7
"X1_TCATCCGCAAGCACAG.1",3
"X1_TCATCCGCAGGAATCG.1",6
"X1_TCATCCGCAGTCTCTC.1",7
"X1_TCATCCGGTAAGACCG.1",1
"X1_TCATCCGGTCGTGGAA.1",1
"X1_TCATCCGGTTGACTGT.1",3
"X1_TCATCCGTCGTGGGTC.1",6
"X1_TCATCCGTCTTCCCAG.1",3
"X1_TCATGAGAGACATAGT.1",1
"X1_TCATGAGAGATGATTG.1",3
"X1_TCATGAGAGATGCTTC.1",2
"X1_TCATGAGAGCACCGAA.1",6
"X1_TCATGAGAGCGGGTAT.1",5
"X1_TCATGAGAGCTGACAG.1",6
"X1_TCATGAGAGGCTCCCA.1",2
"X1_TCATGAGAGGCTCTCG.1",5
"X1_TCATGAGAGTCAGCGA.1",5
"X1_TCATGAGAGTCATGGG.1",4
"X1_TCATGAGAGTGTGTTC.1",5
"X1_TCATGAGAGTTCCAGT.1",1
"X1_TCATGAGCAGTTAGAA.1",5
"X1_TCATGAGCATTACTCT.1",3
"X1_TCATGAGGTATCGATC.1",2
"X1_TCATGAGGTGTAAATG.1",2
"X1_TCATGAGGTTTAGAGA.1",3
"X1_TCATGAGTCAGATGCT.1",5
"X1_TCATGAGTCATACGAC.1",4
"X1_TCATGAGTCTCCTGAC.1",2
"X1_TCATGCCAGAGAAGGT.1",6
"X1_TCATGCCAGCCTATTG.1",3
"X1_TCATGCCAGCTGAGTG.1",3
"X1_TCATGCCAGGCCTGAA.1",2
"X1_TCATGCCAGTAAACTG.1",6
"X1_TCATGCCAGTGCAAAT.1",5
"X1_TCATGCCCAACTTCTT.1",7
"X1_TCATGCCCAAGCACAG.1",4
"X1_TCATGCCCACCGTACG.1",7
"X1_TCATGCCGTATGCAAA.1",3
"X1_TCATGCCGTTTGAAAG.1",2
"X1_TCATGCCTCATTTCGT.1",1000
"X1_TCATGCCTCCAACCAA.1",7
"X1_TCATGCCTCCATGAGT.1",8
"X1_TCATGCCTCTAGAGCT.1",5
"X1_TCATGGAAGACATAAC.1",7
"X1_TCATGGAAGCACTCTA.1",6
"X1_TCATGGAAGGCCTTCG.1",4
"X1_TCATGGAAGTGTACCT.1",8
"X1_TCATGGACACCTGCGA.1",8
"X1_TCATGGACATAAGCAA.1",4
"X1_TCATGGAGTGAACCGA.1",1
"X1_TCATGGATCAAACGTC.1",1
"X1_TCATGGATCGTAGGGA.1",6
"X1_TCATGTTCAAACGAGC.1",4
"X1_TCATGTTCAATGCAAA.1",3
"X1_TCATGTTCACTGGATT.1",7
"X1_TCATGTTCAGCTTTGA.1",4
"X1_TCATGTTCAGTTAAAG.1",1
"X1_TCATGTTGTCAAGCCC.1",1
"X1_TCATGTTGTCAGACTT.1",4
"X1_TCATGTTGTTGGGTAG.1",2
"X1_TCATGTTTCTCTGGTC.1",1
"X1_TCATTACAGCTGAAAT.1",8
"X1_TCATTACAGCTGCCAC.1",3
"X1_TCATTACAGGAAAGTG.1",4
"X1_TCATTACAGTATTCCG.1",7
"X1_TCATTACCAGCGGATA.1",3
"X1_TCATTACCATGATGCT.1",3
"X1_TCATTACGTACAGCGA.1",2
"X1_TCATTACGTAGCTGCC.1",6
"X1_TCATTACGTATCCTCC.1",8
"X1_TCATTACGTCTTTCTA.1",6
"X1_TCATTACGTGTTCCAA.1",4
"X1_TCATTACTCGCTATTT.1",3
"X1_TCATTACTCTGGCTGG.1",8
"X1_TCATTCAAGCACGGAT.1",8
"X1_TCATTCAAGCGACTTT.1",4
"X1_TCATTCACAACTTGGT.1",3
"X1_TCATTCACAATCGTCA.1",4
"X1_TCATTCACAGCAGTCC.1",1
"X1_TCATTCACAGGAATAT.1",1000
"X1_TCATTCAGTGTTCGTA.1",1
"X1_TCATTCAGTTCGGCCA.1",5
"X1_TCATTCATCAGTCCGG.1",2
"X1_TCATTCATCCACCTGT.1",7
"X1_TCATTCATCGAGAGAC.1",1
"X1_TCATTCATCGGCTCTT.1",7
"X1_TCATTGTAGAACGTGC.1",1
"X1_TCATTGTAGAATCGAT.1",8
"X1_TCATTGTAGCTCGTGC.1",2
"X1_TCATTGTAGCTGCGAA.1",6
"X1_TCATTGTAGGAGGTTC.1",3
"X1_TCATTGTAGGCATCTT.1",3
"X1_TCATTGTAGGCTAAAT.1",7
"X1_TCATTGTAGGTGCTGA.1",1
"X1_TCATTGTAGTAAAGCT.1",7
"X1_TCATTGTAGTCGGGAT.1",5
"X1_TCATTGTAGTTGAAAC.1",6
"X1_TCATTGTCAAGAAACT.1",8
"X1_TCATTGTCACTAGGTT.1",4
"X1_TCATTGTCAGGCATTT.1",2
"X1_TCATTGTCAGGGTCTC.1",4
"X1_TCATTGTCATAAGCAA.1",5
"X1_TCATTGTGTCTTGAAC.1",6
"X1_TCATTGTTCTAGCATG.1",6
"X1_TCATTGTTCTCCGCAT.1",5
"X1_TCATTTGAGGACAGCT.1",1
"X1_TCATTTGAGGGTACAC.1",2
"X1_TCATTTGAGGTGATCG.1",3
"X1_TCATTTGCAGTAACGG.1",5
"X1_TCATTTGGTAACAGTA.1",8
"X1_TCATTTGGTATACCCA.1",5
"X1_TCATTTGGTCGATTTG.1",8
"X1_TCATTTGTCAAACCTG.1",8
"X1_TCCACCAAGCCAACCC.1",8
"X1_TCCACCAAGCCGGATA.1",3
"X1_TCCACCAAGTCGAGGT.1",1
"X1_TCCACCACAAATTGGA.1",5
"X1_TCCACCACACATAGCT.1",1
"X1_TCCACCACAGGCATGA.1",7
"X1_TCCACCAGTCTCGACG.1",3
"X1_TCCACCAGTGGTAACG.1",5
"X1_TCCACCATCTAAACGC.1",2
"X1_TCCACGTAGATGACCG.1",8
"X1_TCCACGTAGCCTGTCG.1",8
"X1_TCCACGTAGGAAAGGT.1",4
"X1_TCCACGTCAAAGGATT.1",3
"X1_TCCACGTCACTTGGGC.1",1
"X1_TCCACGTCAGCTGAAG.1",2
"X1_TCCACGTCAGTCGCTG.1",4
"X1_TCCACGTCAGTCGGTC.1",4
"X1_TCCACGTCATGACAAA.1",6
"X1_TCCACGTCATGGCCCA.1",2
"X1_TCCACGTCATTGTACG.1",5
"X1_TCCACGTGTAACATGA.1",3
"X1_TCCACGTGTGAAAGTT.1",4
"X1_TCCACGTGTTGACTGT.1",6
"X1_TCCACGTTCAAGCCTA.1",3
"X1_TCCACGTTCATTTCGT.1",7
"X1_TCCACGTTCCACCTCA.1",2
"X1_TCCACGTTCGGTGCAC.1",3
"X1_TCCACGTTCTTAGGAC.1",2
"X1_TCCAGAAAGAACCCGA.1",7
"X1_TCCAGAAGTCGGAACA.1",1
"X1_TCCAGAATCATTGAGC.1",4
"X1_TCCAGAATCCTACCGT.1",2
"X1_TCCAGAATCGTGGAAG.1",3
"X1_TCCATCGAGACCAAAT.1",8
"X1_TCCATCGAGCGAAACC.1",4
"X1_TCCATCGAGTTTGGCT.1",1
"X1_TCCATCGCATGTTCGA.1",7
"X1_TCCATCGGTACTGTTG.1",3
"X1_TCCATCGGTAGGTCAG.1",3
"X1_TCCATCGGTCATTGCA.1",5
"X1_TCCATCGGTCCTGAAT.1",1
"X1_TCCATCGGTGAACGGT.1",5
"X1_TCCATCGGTGAAGCGT.1",3
"X1_TCCATCGGTGAATTGA.1",3
"X1_TCCATCGTCTGACGCG.1",2
"X1_TCCATGCAGAACCCGA.1",2
"X1_TCCATGCAGCAAACAT.1",4
"X1_TCCATGCCAATCCAGT.1",6
"X1_TCCATGCCACCGGTCA.1",2
"X1_TCCATGCCATTCGATG.1",5
"X1_TCCATGCGTATACCCA.1",7
"X1_TCCATGCGTCCGGTGT.1",3
"X1_TCCATGCGTCTGATCA.1",3
"X1_TCCATGCGTGGTTCTA.1",1000
"X1_TCCATGCGTTATAGAG.1",4
"X1_TCCATGCTCACTCGAA.1",7
"X1_TCCATGCTCGCTGATA.1",1
"X1_TCCATGCTCTGCTTTA.1",3
"X1_TCCCACACACGTGTGC.1",5
"X1_TCCCACACAGTTTGGT.1",7
"X1_TCCCACACATGGCACC.1",3
"X1_TCCCACAGTCACGACC.1",2
"X1_TCCCACAGTCCTATAG.1",6
"X1_TCCCACAGTGTGTTTG.1",1000
"X1_TCCCACAGTTAAACAG.1",7
"X1_TCCCACAGTTCTCCTG.1",5
"X1_TCCCACATCAAACCTG.1",8
"X1_TCCCACATCAGCAGAG.1",4
"X1_TCCCACATCATGCATG.1",3
"X1_TCCCACATCCGGCTTT.1",8
"X1_TCCCAGTAGACCTCCG.1",2
"X1_TCCCAGTAGATAGCTA.1",7
"X1_TCCCAGTAGCTTTGTG.1",7
"X1_TCCCAGTAGGATTCAA.1",3
"X1_TCCCAGTAGGATTTGA.1",2
"X1_TCCCAGTAGTACAACA.1",8
"X1_TCCCAGTCAGGCATTT.1",1
"X1_TCCCAGTGTGACAGCA.1",3
"X1_TCCCAGTTCGATACGT.1",6
"X1_TCCCAGTTCTACGGTA.1",4
"X1_TCCCATGAGGTAGCCA.1",1000
"X1_TCCCATGAGTTGTAGA.1",2
"X1_TCCCATGCAATGAACA.1",7
"X1_TCCCATGCACACGTGC.1",6
"X1_TCCCATGCACTTCAAG.1",3
"X1_TCCCATGGTCCCGCAA.1",3
"X1_TCCCATGGTTGTCCCT.1",8
"X1_TCCCATGTCCCTCGAT.1",5
"X1_TCCCATGTCGAACCTA.1",4
"X1_TCCCATGTCGCCTCTA.1",3
"X1_TCCGAAAAGAACGCGT.1",2
"X1_TCCGAAAAGATTCGAA.1",3
"X1_TCCGAAAAGATTCGCT.1",3
"X1_TCCGAAAAGCAGAAAG.1",1
"X1_TCCGAAAAGCTCCACG.1",6
"X1_TCCGAAAAGTGTTCCA.1",2
"X1_TCCGAAACAGGAATCG.1",6
"X1_TCCGAAACATCGTCCT.1",3
"X1_TCCGAAAGTACTTGTG.1",2
"X1_TCCGAAAGTGGCTGCT.1",3
"X1_TCCGAAAGTGGCTTAT.1",8
"X1_TCCGAAAGTGTTCCTC.1",4
"X1_TCCGAAAGTTCTTAGG.1",6
"X1_TCCGAAATCATGCCCT.1",6
"X1_TCCGAAATCCGTCACT.1",3
"X1_TCCGATCAGCGATGAC.1",3
"X1_TCCGATCAGGTGCCTC.1",2
"X1_TCCGATCCAACCAATC.1",6
"X1_TCCGATCCAACGGGTA.1",7
"X1_TCCGATCCAAGTATAG.1",4
"X1_TCCGATCCAATGACCT.1",4
"X1_TCCGATCCATATCTCT.1",5
"X1_TCCGATCCATGCAGGA.1",2
"X1_TCCGATCCATTCTGTT.1",6
"X1_TCCGATCGTAGATTAG.1",2
"X1_TCCGATCGTAGATTGA.1",8
"X1_TCCGATCGTCGATTCA.1",5
"X1_TCCGATCGTGGTCTTA.1",8
"X1_TCCGATCGTTTCGTAG.1",1
"X1_TCCGATCTCAGGTAAA.1",3
"X1_TCCGATCTCCCTTCCC.1",3
"X1_TCCGATCTCCTTTAGT.1",7
"X1_TCCGATCTCTTCCTAA.1",6
"X1_TCCGGGAAGTCATAGA.1",3
"X1_TCCGGGAAGTTACGAA.1",1
"X1_TCCGGGACAACTCCCT.1",7
"X1_TCCGGGACAGAGTCAG.1",2
"X1_TCCGGGACATGGGATG.1",5
"X1_TCCGGGAGTATCGATC.1",4
"X1_TCCGGGAGTCGTACAT.1",5
"X1_TCCGGGAGTGTCACAT.1",1
"X1_TCCGGGAGTTCCACGG.1",5
"X1_TCCGGGAGTTTAGTCG.1",4
"X1_TCCGGGATCACACCCT.1",5
"X1_TCCGGGATCATTCCTA.1",7
"X1_TCCGGGATCCGGTTCT.1",3
"X1_TCCGGGATCCTGTAGA.1",4
"X1_TCCGGGATCTGTCCGT.1",3
"X1_TCCGGGATCTTGATTC.1",6
"X1_TCCGTGTCAGACTGCC.1",2
"X1_TCCGTGTCATGGCCCA.1",1000
"X1_TCCGTGTGTACTGACT.1",3
"X1_TCCGTGTGTAGTCGTT.1",2
"X1_TCCGTGTGTGGTCCGT.1",3
"X1_TCCGTGTTCCGATCTC.1",8
"X1_TCCGTGTTCGCGTGCA.1",6
"X1_TCCGTGTTCGGAGTAG.1",3
"X1_TCCTAATAGGCGCTTC.1",2
"X1_TCCTAATCACCCAACG.1",6
"X1_TCCTAATCAGAGGGTT.1",5
"X1_TCCTAATCAGGACTAG.1",1
"X1_TCCTAATCAGGCCTGT.1",3
"X1_TCCTAATCAGGGAATC.1",1
"X1_TCCTAATCATGCAGGA.1",2
"X1_TCCTAATCATTCATCT.1",2
"X1_TCCTAATGTACCACGC.1",2
"X1_TCCTAATGTATGCTAC.1",7
"X1_TCCTAATTCCCGATCT.1",1000
"X1_TCCTCCCAGAACTGAT.1",2
"X1_TCCTCCCAGACGGATC.1",2
"X1_TCCTCCCAGAGCCGAT.1",4
"X1_TCCTCCCAGATGCTAA.1",3
"X1_TCCTCCCAGCGTCTCG.1",4
"X1_TCCTCCCAGCGTCTGC.1",1000
"X1_TCCTCCCAGTCTGCAT.1",2
"X1_TCCTCCCCAAATGCGG.1",3
"X1_TCCTCCCCAATTCGTG.1",7
"X1_TCCTCCCCACAAGCTT.1",4
"X1_TCCTCCCCACGGGTAA.1",3
"X1_TCCTCCCCATAGATGA.1",4
"X1_TCCTCCCCATCCTGTC.1",6
"X1_TCCTCCCGTCGTGCCA.1",5
"X1_TCCTCCCTCTCCGAAA.1",5
"X1_TCCTCCCTCTGGAAGG.1",5
"X1_TCCTCCCTCTTGGGCG.1",8
"X1_TCCTCGAAGACTAGAT.1",5
"X1_TCCTCGAAGAGCATAT.1",3
"X1_TCCTCGAAGATACGAT.1",8
"X1_TCCTCGAAGCACTTTG.1",6
"X1_TCCTCGACAATGGGTG.1",8
"X1_TCCTCGACAGCAGTCC.1",1
"X1_TCCTCGAGTGGGACAT.1",1000
"X1_TCCTCGATCCGCGAGT.1",2
"X1_TCCTCGATCTCATTAC.1",3
"X1_TCCTCTTAGCAGCAGT.1",5
"X1_TCCTCTTAGCGGGTAT.1",1
"X1_TCCTCTTAGCTTGTTG.1",3
"X1_TCCTCTTAGTGAGGCT.1",5
"X1_TCCTCTTAGTTTGCTG.1",6
"X1_TCCTCTTCAGAGCTAG.1",2
"X1_TCCTCTTGTCACAATC.1",7
"X1_TCCTCTTGTCGATTCA.1",3
"X1_TCCTCTTGTGAATATG.1",2
"X1_TCCTCTTTCATCAGTG.1",2
"X1_TCCTCTTTCTTGATTC.1",3
"X1_TCCTGCACACGGTCTG.1",5
"X1_TCCTGCACAGTTCTAG.1",1000
"X1_TCCTGCACATACTGAC.1",1000
"X1_TCCTGCAGTCGGCTAC.1",1
"X1_TCCTGCAGTTCAAAGA.1",8
"X1_TCCTGCATCCCTCTTT.1",8
"X1_TCCTTCTAGACGGTTG.1",6
"X1_TCCTTCTAGAGCGACT.1",2
"X1_TCCTTCTAGCATAGGC.1",6
"X1_TCCTTCTAGCCAACCC.1",7
"X1_TCCTTCTAGCCTATTG.1",4
"X1_TCCTTCTAGCGAGAAA.1",1
"X1_TCCTTCTAGCTCGAAG.1",4
"X1_TCCTTCTAGTCTGTAC.1",4
"X1_TCCTTCTAGTGACACG.1",6
"X1_TCCTTCTCAAAGGAGA.1",6
"X1_TCCTTCTCAAATCGGG.1",5
"X1_TCCTTCTCACAATTCG.1",5
"X1_TCCTTCTCACAGTACT.1",6
"X1_TCCTTCTCATAGCACT.1",8
"X1_TCCTTCTCATCCGGTG.1",5
"X1_TCCTTCTGTGTGTGGA.1",6
"X1_TCCTTCTGTTATTCCT.1",1
"X1_TCCTTCTTCACTGAAC.1",2
"X1_TCCTTCTTCCCAGTGG.1",7
"X1_TCCTTCTTCGGATTAC.1",7
"X1_TCCTTCTTCTACGGTA.1",4
"X1_TCCTTCTTCTCATTAC.1",7
"X1_TCCTTCTTCTGTAAGC.1",2
"X1_TCCTTTCAGAAACTAC.1",3
"X1_TCCTTTCAGAAGTATC.1",4
"X1_TCCTTTCAGCTGTGCC.1",3
"X1_TCCTTTCAGGAAGAAC.1",1
"X1_TCCTTTCAGGATACAT.1",2
"X1_TCCTTTCAGGTAAGTT.1",3
"X1_TCCTTTCCACCTGCAG.1",2
"X1_TCCTTTCCACTGAGTT.1",6
"X1_TCCTTTCCAGATCCTA.1",5
"X1_TCCTTTCCAGGCTCTG.1",5
"X1_TCCTTTCCATCCCGTT.1",1
"X1_TCCTTTCGTATGGTAA.1",2
"X1_TCCTTTCGTCCTGTCT.1",7
"X1_TCCTTTCGTTATGTCG.1",7
"X1_TCCTTTCTCGCCGATG.1",4
"X1_TCCTTTCTCTGATTCT.1",4
"X1_TCCTTTCTCTGCCTGT.1",2
"X1_TCGAACAAGCACTAAA.1",5
"X1_TCGAACAAGCGTATGG.1",5
"X1_TCGAACAAGGATACAT.1",6
"X1_TCGAACAAGTTGGAAT.1",4
"X1_TCGAACACAATTGCGT.1",2
"X1_TCGAACACACACCGCA.1",6
"X1_TCGAACAGTATCCTCC.1",4
"X1_TCGAACAGTCGAGCTC.1",5
"X1_TCGAACAGTGGTCTGC.1",4
"X1_TCGAACAGTTGCGAAG.1",8
"X1_TCGAACATCAGCGGAA.1",1
"X1_TCGAACATCATAGCAC.1",5
"X1_TCGAACATCCGATAAC.1",8
"X1_TCGAACATCTATCGTT.1",6
"X1_TCGAACATCTCTATAC.1",4
"X1_TCGAACATCTCTGAGA.1",4
"X1_TCGAAGTAGAGTCGAC.1",1000
"X1_TCGAAGTAGCGGTATG.1",5
"X1_TCGAAGTAGTGATTCC.1",1000
"X1_TCGAAGTCATGACTAC.1",3
"X1_TCGAAGTCATTGTCGA.1",8
"X1_TCGAAGTGTGACAACG.1",5
"X1_TCGAAGTGTGAGTTTC.1",8
"X1_TCGAAGTTCAAGCCGC.1",5
"X1_TCGAAGTTCACTGATG.1",2
"X1_TCGAAGTTCCGTAATG.1",6
"X1_TCGAAGTTCTCTAAGG.1",3
"X1_TCGAAGTTCTGTTGGA.1",5
"X1_TCGACCTAGATCGGTG.1",3
"X1_TCGACCTAGATGCTGG.1",6
"X1_TCGACCTAGCCTGCCA.1",7
"X1_TCGACCTAGGAGTATT.1",6
"X1_TCGACCTAGTATTAGG.1",8
"X1_TCGACCTAGTGAACAT.1",3
"X1_TCGACCTAGTGAGGCT.1",4
"X1_TCGACCTAGTGCTACT.1",2
"X1_TCGACCTCAGATGCGA.1",7
"X1_TCGACCTGTACGATGG.1",8
"X1_TCGACCTGTCAGTCGC.1",7
"X1_TCGACCTGTCGTCTCT.1",1
"X1_TCGACCTTCAATCTTC.1",3
"X1_TCGACCTTCAGTCTTT.1",5
"X1_TCGACCTTCTAGGCCG.1",5
"X1_TCGACGGCAAATGCGG.1",7
"X1_TCGACGGCAATAAGGT.1",8
"X1_TCGACGGCATGACAGG.1",3
"X1_TCGACGGCATGGCACC.1",8
"X1_TCGACGGGTAGAGACC.1",5
"X1_TCGACGGGTTCTCGCT.1",5
"X1_TCGACGGTCAAGCCCG.1",5
"X1_TCGACGGTCCGTAATG.1",4
"X1_TCGACGGTCGTCACCT.1",5
"X1_TCGACGGTCTGGGATT.1",6
"X1_TCGATTTAGAATTGCA.1",6
"X1_TCGATTTAGGTATTGA.1",8
"X1_TCGATTTAGTAAACGT.1",1
"X1_TCGATTTCAACCTAAC.1",3
"X1_TCGATTTCAGTCGGTC.1",3
"X1_TCGATTTCATGACAAA.1",1000
"X1_TCGATTTGTTCCGTTC.1",6
"X1_TCGATTTTCAACACCA.1",5
"X1_TCGATTTTCATTACCT.1",7
"X1_TCGATTTTCCACATAG.1",8
"X1_TCGATTTTCGACGCGT.1",4
"X1_TCGCACTAGAAGCTGC.1",8
"X1_TCGCACTAGATCCCAT.1",2
"X1_TCGCACTAGCTATCCA.1",0
"X1_TCGCACTAGGGCAAGG.1",5
"X1_TCGCACTAGTCTAACC.1",1
"X1_TCGCACTCACATACGT.1",7
"X1_TCGCACTCACCAGCCA.1",2
"X1_TCGCACTCAGAGCTAG.1",1
"X1_TCGCACTCAGATAAAC.1",1000
"X1_TCGCACTGTAGCGAGT.1",2
"X1_TCGCACTGTTTCTTAC.1",8
"X1_TCGCACTGTTTGATCG.1",2
"X1_TCGCACTTCGAGAACG.1",4
"X1_TCGCAGGAGCTACTGT.1",4
"X1_TCGCAGGAGGATTCAA.1",8
"X1_TCGCAGGCACGCACCA.1",3
"X1_TCGCAGGGTAGCTTTG.1",4
"X1_TCGCAGGGTTCCAGGC.1",4
"X1_TCGCAGGTCGCATAGT.1",2
"X1_TCGCAGGTCTGTCCGT.1",4
"X1_TCGCTCAAGCGAAACC.1",7
"X1_TCGCTCAAGCTTCATG.1",4
"X1_TCGCTCAAGGGCTAAC.1",3
"X1_TCGCTCAAGTCAGCCC.1",1000
"X1_TCGCTCAAGTTTCTTC.1",3
"X1_TCGCTCACAAATCCCA.1",7
"X1_TCGCTCACATAGTCGT.1",3
"X1_TCGCTCAGTCCGGTCA.1",7
"X1_TCGCTCAGTGAGACCA.1",6
"X1_TCGCTCAGTGTTACTG.1",7
"X1_TCGCTCATCATCTATC.1",1
"X1_TCGCTCATCCGCCTAT.1",7
"X1_TCGCTCATCTTGCGCT.1",4
"X1_TCGCTTGAGAAACTGT.1",3
"X1_TCGCTTGAGATAACAC.1",1
"X1_TCGCTTGCAACCGATT.1",7
"X1_TCGCTTGCACAACATC.1",7
"X1_TCGCTTGCACGCTATA.1",3
"X1_TCGCTTGCAGCAGAAC.1",7
"X1_TCGCTTGGTAAGATCA.1",5
"X1_TCGCTTGGTACGACAG.1",3
"X1_TCGCTTGGTCTTCTAT.1",3
"X1_TCGCTTGGTTCAACGT.1",7
"X1_TCGCTTGGTTTGCAGT.1",2
"X1_TCGCTTGTCAAGCCTA.1",7
"X1_TCGCTTGTCACAAGGG.1",7
"X1_TCGCTTGTCACTTTGT.1",5
"X1_TCGCTTGTCAGCGCGT.1",4
"X1_TCGCTTGTCTAAGGAA.1",6
"X1_TCGCTTGTCTCTCGAC.1",5
"X1_TCGGATAAGATTGGGC.1",6
"X1_TCGGATACACGGCCAT.1",1000
"X1_TCGGATACACTTGAGT.1",3
"X1_TCGGATACAGGCCTGT.1",5
"X1_TCGGATACAGGTAGTG.1",5
"X1_TCGGATACATGACTAC.1",1
"X1_TCGGATACATTAAGCC.1",1
"X1_TCGGATAGTACAGTAA.1",8
"X1_TCGGATAGTATAGGGC.1",3
"X1_TCGGATAGTATCTTCT.1",3
"X1_TCGGATAGTGTCATCA.1",0
"X1_TCGGATAGTTATGACC.1",3
"X1_TCGGATATCACGAGGA.1",7
"X1_TCGGATATCCCGTAAA.1",1
"X1_TCGGATATCGATACAC.1",2
"X1_TCGGATATCTTCACGC.1",4
"X1_TCGGGACCAAAGCGTG.1",6
"X1_TCGGGACCAAGTTCGT.1",6
"X1_TCGGGACCACATCCCT.1",7
"X1_TCGGGACCACGCGTCA.1",8
"X1_TCGGGACCAGACCAAG.1",8
"X1_TCGGGACCAGTTTGGT.1",7
"X1_TCGGGACTCACGGGAA.1",5
"X1_TCGGGACTCAGCGCAC.1",1
"X1_TCGGGACTCCACCCTA.1",8
"X1_TCGGGACTCCGCGATG.1",5
"X1_TCGGGACTCTCCGAGG.1",8
"X1_TCGGGACTCTGACAGT.1",7
"X1_TCGGGCAAGAGAATCT.1",6
"X1_TCGGGCAAGGGTGGGA.1",8
"X1_TCGGGCAAGTAAACAC.1",1000
"X1_TCGGGCAAGTGGTTAA.1",7
"X1_TCGGGCACAAGAGTTA.1",7
"X1_TCGGGCACAATTAGGA.1",2
"X1_TCGGGCAGTATGGGAC.1",2
"X1_TCGGGCAGTGCCTATA.1",7
"X1_TCGGGCAGTGTGAGCA.1",3
"X1_TCGGGCAGTGTTAAAG.1",5
"X1_TCGGGCAGTTAAACCC.1",3
"X1_TCGGGCAGTTGGTGTT.1",3
"X1_TCGGGCATCAACACGT.1",2
"X1_TCGGGCATCACCTCTG.1",5
"X1_TCGGGCATCGCACGAC.1",7
"X1_TCGGGCATCGTTGTGA.1",4
"X1_TCGGGCATCTCCGAAA.1",7
"X1_TCGGGCATCTGACAGT.1",5
"X1_TCGGGTGAGCGCTGCT.1",7
"X1_TCGGGTGAGCGGTAGT.1",5
"X1_TCGGGTGAGCTGTCCG.1",1
"X1_TCGGGTGAGCTTTCCC.1",7
"X1_TCGGGTGAGGGACAGG.1",4
"X1_TCGGGTGAGTCACTAC.1",4
"X1_TCGGGTGCACCTGTCT.1",8
"X1_TCGGGTGGTCGAACAG.1",7
"X1_TCGGGTGGTGATTCAC.1",2
"X1_TCGGGTGGTGCCGGTT.1",8
"X1_TCGGGTGGTTCACGAT.1",7
"X1_TCGGGTGGTTCGGGTC.1",7
"X1_TCGGGTGTCAAACGAA.1",7
"X1_TCGGGTGTCTTGTTAC.1",5
"X1_TCGGTCTAGAGCAGAA.1",4
"X1_TCGGTCTAGATGGGCT.1",7
"X1_TCGGTCTAGGTAGCCA.1",4
"X1_TCGGTCTCACACCTGG.1",8
"X1_TCGGTCTCACAGGATG.1",8
"X1_TCGGTCTCAGACCCGT.1",3
"X1_TCGGTCTCATGGAGAC.1",6
"X1_TCGGTCTGTAGAAACT.1",3
"X1_TCGGTCTGTTTCACTT.1",6
"X1_TCGGTCTTCGGTAGGA.1",5
"X1_TCGTAGACACTTGGCG.1",8
"X1_TCGTAGACACTTGGGC.1",2
"X1_TCGTAGACAGGAGGTT.1",5
"X1_TCGTAGACAGTCGAGA.1",6
"X1_TCGTAGAGTGGCATCC.1",5
"X1_TCGTAGAGTTGTACGT.1",3
"X1_TCGTAGATCACCTGGG.1",8
"X1_TCGTAGATCCCACAGG.1",7
"X1_TCGTAGATCCCGATCT.1",2
"X1_TCGTAGATCTATTTCG.1",4
"X1_TCGTCCAAGAAAGTCT.1",7
"X1_TCGTCCAAGAGGCGTT.1",5
"X1_TCGTCCAAGATGAAGG.1",1
"X1_TCGTCCAAGATGGCAC.1",1
"X1_TCGTCCAAGGAGATAG.1",7
"X1_TCGTCCAAGGATACCG.1",2
"X1_TCGTCCAAGGCGACAT.1",6
"X1_TCGTCCACAGTTTCAG.1",5
"X1_TCGTCCAGTAGTCTGT.1",2
"X1_TCGTCCAGTCGCTTAA.1",6
"X1_TCGTCCAGTCTCTCAC.1",3
"X1_TCGTCCAGTTGGACTT.1",5
"X1_TCGTCCATCACACGAT.1",5
"X1_TCGTGCTAGATAGTGT.1",3
"X1_TCGTGCTAGGTCGCCT.1",7
"X1_TCGTGCTGTCAGTTTG.1",5
"X1_TCGTGCTGTCTAACGT.1",3
"X1_TCGTGCTGTGAGCGAT.1",5
"X1_TCGTGCTTCATTACTC.1",5
"X1_TCGTGCTTCCGACAGC.1",2
"X1_TCGTGCTTCGAAGTGG.1",6
"X1_TCGTGCTTCTATCGCC.1",1
"X1_TCGTGCTTCTCGACCT.1",5
"X1_TCGTGCTTCTTAAGGC.1",6
"X1_TCGTGGGAGTCTCGTA.1",5
"X1_TCGTGGGAGTTAGAAC.1",5
"X1_TCGTGGGAGTTCTACG.1",7
"X1_TCGTGGGCACTTGACA.1",5
"X1_TCGTGGGCAGCGAACA.1",8
"X1_TCGTGGGCAGGCTTGC.1",8
"X1_TCGTGGGGTAGGGTAC.1",5
"X1_TCGTGGGGTATGCGGA.1",7
"X1_TCGTGGGGTGTGCCTG.1",8
"X1_TCGTGGGTCACCATCC.1",2
"X1_TCTAACTCACCCAACG.1",8
"X1_TCTAACTCAGGCTCTG.1",3
"X1_TCTAACTCATTCAGCA.1",5
"X1_TCTAACTGTAAGTTGA.1",6
"X1_TCTAACTGTACAGTCT.1",3
"X1_TCTAACTTCCTTTAGT.1",4
"X1_TCTACATAGAAGGTAG.1",7
"X1_TCTACATAGGAGATAG.1",3
"X1_TCTACATAGGTTGTTC.1",7
"X1_TCTACATCAACCGACC.1",8
"X1_TCTACATCACGGGCTT.1",4
"X1_TCTACATCACTGCATA.1",2
"X1_TCTACATCAGTTACCA.1",6
"X1_TCTACATGTAACCAGG.1",3
"X1_TCTACATGTGTTTCTT.1",7
"X1_TCTACATGTTATCTGG.1",4
"X1_TCTACATTCATTGCTT.1",3
"X1_TCTACATTCCATCTAT.1",1
"X1_TCTACATTCTTCACGC.1",4
"X1_TCTACCGAGACTTAAG.1",8
"X1_TCTACCGAGAGCCATG.1",4
"X1_TCTACCGAGGCGACAT.1",2
"X1_TCTACCGAGTCACTCA.1",7
"X1_TCTACCGCACACCTAA.1",5
"X1_TCTACCGCATTCTCCG.1",1000
"X1_TCTACCGGTCACAGTT.1",8
"X1_TCTACCGGTCCATCTC.1",5
"X1_TCTACCGGTGTAACGG.1",7
"X1_TCTACCGGTTTCGATG.1",4
"X1_TCTACCGTCACATTGG.1",7
"X1_TCTACCGTCCTCACCA.1",3
"X1_TCTACCGTCTCCGAAA.1",7
"X1_TCTATACAGACGCTCC.1",7
"X1_TCTATACAGAGAATCT.1",7
"X1_TCTATACAGAGGTTAT.1",3
"X1_TCTATACAGGCACGAT.1",6
"X1_TCTATACAGGGAGAAT.1",4
"X1_TCTATACAGTCGGCCT.1",8
"X1_TCTATACCACGGGTAA.1",4
"X1_TCTATACCAGAAATTG.1",7
"X1_TCTATACCAGCACCCA.1",3
"X1_TCTATACCAGCTACCG.1",1
"X1_TCTATACCAGCTCATA.1",5
"X1_TCTATACCATTCGATG.1",3
"X1_TCTATACGTAGAGATT.1",5
"X1_TCTATACGTATAGGGC.1",2
"X1_TCTATACGTCCACTCT.1",3
"X1_TCTATACGTCGATTAC.1",5
"X1_TCTATACGTCTAACTG.1",4
"X1_TCTATCAAGATGGCGT.1",4
"X1_TCTATCAAGTCTTGGT.1",2
"X1_TCTATCACACAACGCC.1",5
"X1_TCTATCACAGAGTCAG.1",3
"X1_TCTATCACAGGCAATG.1",3
"X1_TCTATCAGTCCTGTTC.1",2
"X1_TCTATCAGTCGATTCA.1",5
"X1_TCTATCAGTCTTCGAA.1",5
"X1_TCTATCAGTCTTTATC.1",3
"X1_TCTATCAGTTTCACTT.1",7
"X1_TCTATCATCCAATGCA.1",4
"X1_TCTCACGCAACGCCCA.1",6
"X1_TCTCACGCAAGCAATA.1",4
"X1_TCTCACGCAATGCTCA.1",1
"X1_TCTCACGGTAATGCTC.1",2
"X1_TCTCACGGTAGAGATT.1",3
"X1_TCTCACGGTGGAGGTT.1",7
"X1_TCTCACGGTGTCCGGT.1",5
"X1_TCTCAGCAGGGATGTC.1",2
"X1_TCTCAGCAGGTGATCG.1",8
"X1_TCTCAGCAGTCTGCGC.1",3
"X1_TCTCAGCCAATACGAA.1",4
"X1_TCTCAGCCAGGGTTGA.1",8
"X1_TCTCAGCCATTACGGT.1",7
"X1_TCTCAGCGTAACGTTC.1",4
"X1_TCTCAGCGTACAGTAA.1",5
"X1_TCTCAGCGTTCCCACT.1",1
"X1_TCTCAGCTCAATCTTC.1",6
"X1_TCTCAGCTCAGACAAA.1",2
"X1_TCTCAGCTCGGCTTGG.1",5
"X1_TCTCCGAAGATGCTGG.1",7
"X1_TCTCCGAAGGCCTGCT.1",3
"X1_TCTCCGAAGTGCAGGT.1",5
"X1_TCTCCGAAGTTAACGA.1",2
"X1_TCTCCGACACAGGATG.1",1
"X1_TCTCCGACACAGTGTT.1",1
"X1_TCTCCGACAGAGGAAA.1",4
"X1_TCTCCGACAGATTTCG.1",1
"X1_TCTCCGAGTGACTCGC.1",5
"X1_TCTCCGAGTTCAAGGG.1",6
"X1_TCTCCGATCAAGGACG.1",8
"X1_TCTCCGATCGCTCATC.1",3
"X1_TCTCTGGAGAGTCAGC.1",3
"X1_TCTCTGGAGATGGCAC.1",7
"X1_TCTCTGGAGATTCGAA.1",4
"X1_TCTCTGGAGTACGAGC.1",1
"X1_TCTCTGGAGTGCCGAA.1",5
"X1_TCTCTGGCAAGTATAG.1",7
"X1_TCTCTGGCATCCGGTG.1",3
"X1_TCTCTGGGTGCTCTTC.1",5
"X1_TCTCTGGTCATGCCAA.1",3
"X1_TCTCTGGTCCACATAG.1",8
"X1_TCTGCCAAGGTAGGCT.1",7
"X1_TCTGCCAAGGTTGGTG.1",5
"X1_TCTGCCAAGTCAACAA.1",7
"X1_TCTGCCACACAAAGTA.1",2
"X1_TCTGCCACACACGGTC.1",3
"X1_TCTGCCACAGCATACT.1",3
"X1_TCTGCCACATATAGCC.1",1
"X1_TCTGCCAGTACCGGCT.1",1000
"X1_TCTGCCAGTGCCCTTT.1",6
"X1_TCTGCCATCAGCTTGA.1",5
"X1_TCTGCCATCCTCAGGG.1",1000
"X1_TCTGCCATCTCGGTCT.1",2
"X1_TCTGCCATCTGTCCGT.1",5
"X1_TCTGGCTAGACTCCGC.1",8
"X1_TCTGGCTAGATGAATC.1",5
"X1_TCTGGCTAGGCACAAC.1",4
"X1_TCTGGCTAGGCGTCCT.1",6
"X1_TCTGGCTCAAAGCAAT.1",6
"X1_TCTGGCTCAAAGGTTA.1",1000
"X1_TCTGGCTGTAAGATCA.1",5
"X1_TCTGGCTGTACCACGC.1",5
"X1_TCTGGCTGTCTGTGAT.1",8
"X1_TCTGGCTGTGCAATGG.1",8
"X1_TCTGGCTGTGGGCTTC.1",6
"X1_TCTGGCTGTGGTTTGT.1",4
"X1_TCTGGCTTCAAAGCCT.1",6
"X1_TCTGGCTTCGAAATCC.1",3
"X1_TCTGGCTTCTTCACGC.1",3
"X1_TCTGTCGAGATTTGCC.1",3
"X1_TCTGTCGAGCGTTAGG.1",5
"X1_TCTGTCGAGGGTACGT.1",4
"X1_TCTGTCGCACCAGCTG.1",4
"X1_TCTGTCGCACGACAGA.1",1
"X1_TCTGTCGCACGCTTAA.1",3
"X1_TCTGTCGCAGAGAAAG.1",5
"X1_TCTGTCGCAGAGCCCT.1",7
"X1_TCTGTCGCAGCCTATA.1",7
"X1_TCTGTCGCATCCAATG.1",8
"X1_TCTGTCGGTTGCACGC.1",8
"X1_TCTGTCGGTTGGATCT.1",3
"X1_TCTGTCGTCACCATAG.1",8
"X1_TCTGTCGTCATCGCCT.1",5
"X1_TCTGTCGTCTCGCTTG.1",8
"X1_TCTGTCGTCTGTAAGC.1",4
"X1_TCTGTCGTCTTCCGTG.1",3
"X1_TCTTAGTAGCAAGTGC.1",3
"X1_TCTTAGTAGGATACCG.1",6
"X1_TCTTAGTAGTAACCGG.1",6
"X1_TCTTAGTAGTCCTGTA.1",7
"X1_TCTTAGTAGTTCCGGC.1",8
"X1_TCTTAGTCAATCTAGC.1",7
"X1_TCTTAGTCACCTCTGT.1",1
"X1_TCTTAGTCACTGTTCC.1",5
"X1_TCTTAGTCAGGAAGTC.1",2
"X1_TCTTAGTCAGTCAGTT.1",3
"X1_TCTTAGTGTCCTTTGC.1",8
"X1_TCTTAGTGTGCCTTTC.1",2
"X1_TCTTAGTGTGGCACTC.1",6
"X1_TCTTAGTTCGGCCTTT.1",1
"X1_TCTTCCTAGCCTGACC.1",5
"X1_TCTTCCTCAAACTCGT.1",1
"X1_TCTTCCTCAACAGATA.1",6
"X1_TCTTCCTCATCGTTCC.1",8
"X1_TCTTCCTCATCTGGGC.1",6
"X1_TCTTCCTGTAGCGTTT.1",7
"X1_TCTTCCTGTAGGTAGC.1",1000
"X1_TCTTCCTGTGTACATC.1",7
"X1_TCTTCCTTCATTGTTC.1",1
"X1_TCTTGCGAGATGCCGA.1",7
"X1_TCTTGCGAGCAGCGAT.1",2
"X1_TCTTGCGAGCGGTAAC.1",4
"X1_TCTTGCGAGGGCAATC.1",1
"X1_TCTTGCGAGTGCACTT.1",6
"X1_TCTTGCGCAACTCGAT.1",4
"X1_TCTTGCGCACTGAGGA.1",3
"X1_TCTTGCGCATTCAGGT.1",1
"X1_TCTTGCGGTACAACGG.1",3
"X1_TCTTGCGGTACTAGCT.1",7
"X1_TCTTGCGGTATACCCA.1",7
"X1_TCTTGCGGTCGCTTGG.1",6
"X1_TCTTGCGGTCGTTGCG.1",7
"X1_TCTTGCGGTTGCCGAC.1",4
"X1_TCTTTGAAGACTGTTC.1",4
"X1_TCTTTGAAGCACCAGA.1",4
"X1_TCTTTGACAGCGGATA.1",1
"X1_TCTTTGACAGTGGCTC.1",8
"X1_TCTTTGACATCGTCCT.1",8
"X1_TCTTTGAGTAACCCTA.1",4
"X1_TCTTTGAGTGATCGTT.1",6
"X1_TCTTTGAGTGGGTTGA.1",1
"X1_TCTTTGAGTTGATGTC.1",7
"X1_TCTTTGATCATCAGTG.1",4
"X1_TGAACGTAGACTCATC.1",5
"X1_TGAACGTAGAGCCTGA.1",3
"X1_TGAACGTAGCCAGACA.1",4
"X1_TGAACGTAGCTAATCC.1",7
"X1_TGAACGTAGTCGGCCT.1",8
"X1_TGAACGTAGTCTTGGT.1",6
"X1_TGAACGTAGTTCCGTA.1",5
"X1_TGAACGTCAAGTGCAG.1",2
"X1_TGAACGTGTGGACTAG.1",7
"X1_TGAACGTGTTATCTTC.1",7
"X1_TGAACGTTCAAGAGGC.1",3
"X1_TGAACGTTCTTTGGAG.1",2
"X1_TGAATCGAGACTCGAG.1",2
"X1_TGAATCGAGACTGAGC.1",6
"X1_TGAATCGAGATCGGTG.1",1
"X1_TGAATCGAGCAATTAG.1",4
"X1_TGAATCGCAACAGAGC.1",7
"X1_TGAATCGGTATGCTTG.1",3
"X1_TGAATCGGTCACCCTT.1",8
"X1_TGAATCGGTGTTCATG.1",2
"X1_TGAATCGTCACCTCGT.1",8
"X1_TGAATCGTCATTTACC.1",4
"X1_TGAATCGTCCAGTGCG.1",5
"X1_TGAATCGTCGTAGGAG.1",1
"X1_TGAATCGTCGTTCAGA.1",6
"X1_TGAATCGTCTCTGGTC.1",3
"X1_TGAATCGTCTGAGGTT.1",4
"X1_TGAATGCAGGACTATA.1",5
"X1_TGAATGCAGGAGTACC.1",7
"X1_TGAATGCAGTAAGAGG.1",5
"X1_TGAATGCAGTAATACG.1",7
"X1_TGAATGCCAACACGTT.1",5
"X1_TGAATGCCAACCAACT.1",3
"X1_TGAATGCCAATGACCT.1",7
"X1_TGAATGCCACATGTTG.1",1
"X1_TGAATGCCATGATGCT.1",7
"X1_TGAATGCGTATGCAAA.1",3
"X1_TGAATGCGTCAAGCCC.1",6
"X1_TGAATGCGTGGGCTTC.1",5
"X1_TGAATGCTCATACAGC.1",2
"X1_TGAATGCTCCCGAAAT.1",6
"X1_TGAATGCTCGACCTAA.1",8
"X1_TGAATGCTCGTCCTTG.1",6
"X1_TGAATGCTCTGGCCTT.1",2
"X1_TGACAGTAGATGTTAG.1",1000
"X1_TGACAGTAGATTGCGG.1",4
"X1_TGACAGTAGGCAATGC.1",7
"X1_TGACAGTAGTGGTTGG.1",1
"X1_TGACAGTCAAATCAAG.1",5
"X1_TGACAGTCAACGGCCT.1",3
"X1_TGACAGTCATGGGATG.1",6
"X1_TGACAGTGTATCGCGC.1",5
"X1_TGACAGTGTATGAGGC.1",7
"X1_TGACAGTGTCGCATTA.1",2
"X1_TGACAGTGTTCCGCAG.1",6
"X1_TGACAGTTCACCTCAC.1",7
"X1_TGACAGTTCACCTGGG.1",6
"X1_TGACAGTTCAGACTGT.1",4
"X1_TGACAGTTCCAGGACC.1",7
"X1_TGACAGTTCCCTGTTG.1",2
"X1_TGACAGTTCTTTCCAA.1",5
"X1_TGACCCTAGGTACATA.1",5
"X1_TGACCCTAGTCAGAGC.1",3
"X1_TGACCCTAGTGCCAGA.1",1
"X1_TGACCCTAGTGGAATT.1",5
"X1_TGACCCTCAACGATCT.1",2
"X1_TGACCCTCAGCCTACG.1",1
"X1_TGACCCTGTATGCTAC.1",5
"X1_TGACCCTGTCGTCTCT.1",7
"X1_TGACCCTGTGAACGGT.1",5
"X1_TGACCCTGTTGTGGAG.1",4
"X1_TGACCCTTCAAGCCAT.1",6
"X1_TGACCCTTCCGAAGGA.1",7
"X1_TGACGCGAGGAGTATT.1",5
"X1_TGACGCGAGGTTTACC.1",2
"X1_TGACGCGAGTCAACAA.1",3
"X1_TGACGCGAGTGGAAGA.1",3
"X1_TGACGCGCACACCGAC.1",1000
"X1_TGACGCGCACAGTCAT.1",4
"X1_TGACGCGCACCGGCTA.1",5
"X1_TGACGCGCAGCAGACA.1",6
"X1_TGACGCGCAGCGACAA.1",5
"X1_TGACGCGCAGCGTAGA.1",4
"X1_TGACGCGCAGCTGAGA.1",8
"X1_TGACGCGCAGGCGTTC.1",8
"X1_TGACGCGCATGGCGCT.1",2
"X1_TGACGCGGTCACCGAC.1",4
"X1_TGACGCGGTCCAGCGT.1",1
"X1_TGACGCGGTTTACTGG.1",2
"X1_TGACGCGGTTTATGCG.1",1000
"X1_TGACGCGTCAAGTCGT.1",2
"X1_TGACGCGTCACAGAGG.1",1
"X1_TGACGCGTCAGCAGAG.1",1000
"X1_TGACTCCAGACGAGCT.1",8
"X1_TGACTCCAGCACGATG.1",5
"X1_TGACTCCAGCGTGTCC.1",5
"X1_TGACTCCCAAAGGCAC.1",5
"X1_TGACTCCCAACGACTT.1",1
"X1_TGACTCCCATCGAACT.1",5
"X1_TGACTCCCATTCGGGC.1",2
"X1_TGACTCCGTATTCCGA.1",1
"X1_TGACTCCGTATTTCGG.1",3
"X1_TGACTCCGTCGAATTC.1",1
"X1_TGACTCCGTTTGAAAG.1",1
"X1_TGACTCCTCAAGTGGG.1",7
"X1_TGACTCCTCCGCGAGT.1",2
"X1_TGACTCCTCTGAGATC.1",8
"X1_TGAGACTAGCTCACTA.1",3
"X1_TGAGACTAGGCACAAC.1",6
"X1_TGAGACTAGGCACCAA.1",5
"X1_TGAGACTAGTCATCGT.1",8
"X1_TGAGACTCACCACATA.1",5
"X1_TGAGACTCACTTCCTG.1",2
"X1_TGAGACTCATGGTACT.1",7
"X1_TGAGACTGTAGGCTGA.1",7
"X1_TGAGACTGTCTAACGT.1",4
"X1_TGAGACTGTTATCCAG.1",8
"X1_TGAGACTTCTAACGGT.1",7
"X1_TGAGCATAGACTAAGT.1",1
"X1_TGAGCATAGATACAGT.1",5
"X1_TGAGCATAGCACGGAT.1",6
"X1_TGAGCATAGGTCGTGA.1",1
"X1_TGAGCATAGTAATACG.1",5
"X1_TGAGCATAGTCCCAGC.1",2
"X1_TGAGCATCACCTGATA.1",8
"X1_TGAGCATCATCAGCAT.1",8
"X1_TGAGCATGTAACACGG.1",1
"X1_TGAGCATGTACTGGGA.1",3
"X1_TGAGCATGTGTTCCTC.1",3
"X1_TGAGCATTCAAGAGTA.1",8
"X1_TGAGCATTCCCTGGTT.1",8
"X1_TGAGCATTCGAGGCAA.1",5
"X1_TGAGCGCAGACCACGA.1",6
"X1_TGAGCGCAGAGAGCGG.1",5
"X1_TGAGCGCAGATAGTCA.1",5
"X1_TGAGCGCAGGAAACGA.1",3
"X1_TGAGCGCAGGTGCTGA.1",6
"X1_TGAGCGCCACGACAGA.1",8
"X1_TGAGCGCCACGTATAC.1",1
"X1_TGAGCGCGTCAATCTG.1",6
"X1_TGAGCGCTCACTACTT.1",3
"X1_TGAGCGCTCAGAGTGG.1",8
"X1_TGAGCGCTCAGTCCGG.1",5
"X1_TGAGCGCTCTACTCAT.1",4
"X1_TGAGCGCTCTATCGTT.1",2
"X1_TGAGCGCTCTGAGGTT.1",8
"X1_TGAGGAGAGCACCCAC.1",2
"X1_TGAGGAGAGCATTTGC.1",7
"X1_TGAGGAGCAGCACGAA.1",5
"X1_TGAGGAGCAGGCCTGT.1",2
"X1_TGAGGAGGTAGGCTCC.1",7
"X1_TGAGGAGTCCATTGTT.1",2
"X1_TGAGGAGTCCGTGGGT.1",5
"X1_TGAGGAGTCCTCACGT.1",1000
"X1_TGAGGAGTCTCATTGT.1",3
"X1_TGAGGGAAGACATATG.1",5
"X1_TGAGGGAAGCTGTACT.1",6
"X1_TGAGGGACAAAGCAAT.1",3
"X1_TGAGGGACAACGACTT.1",3
"X1_TGAGGGACACCTAAAC.1",7
"X1_TGAGGGACATCTGGGC.1",1000
"X1_TGAGGGACATTCTCCG.1",7
"X1_TGAGGGATCACCTCAC.1",1
"X1_TGAGGGATCTCGGCTT.1",6
"X1_TGAGGTTAGCAAGTGC.1",8
"X1_TGAGGTTAGCAGAAAG.1",8
"X1_TGAGGTTAGTAGGATT.1",6
"X1_TGAGGTTCAAATAGCA.1",2
"X1_TGAGGTTCAGCTAACT.1",5
"X1_TGAGGTTCATGAAGGC.1",2
"X1_TGAGGTTCATGAGTAA.1",3
"X1_TGAGGTTGTGCCTACG.1",1000
"X1_TGAGGTTTCAGGAAAT.1",2
"X1_TGAGGTTTCCTACCGT.1",1
"X1_TGAGGTTTCGTTCGCT.1",8
"X1_TGAGGTTTCTAGCCAA.1",7
"X1_TGAGTCAAGTTCGCAT.1",2
"X1_TGAGTCACACTGTCGG.1",3
"X1_TGAGTCACAGGGAGAG.1",6
"X1_TGAGTCAGTGCTCTTC.1",6
"X1_TGAGTCAGTGGACTGA.1",5
"X1_TGAGTCAGTTCAAACC.1",3
"X1_TGAGTCATCAACCCGG.1",5
"X1_TGAGTCATCACACCCT.1",1000
"X1_TGAGTCATCATGGCCG.1",6
"X1_TGAGTCATCGCACGAC.1",6
"X1_TGATCAGAGAATCGTA.1",2
"X1_TGATCAGAGACGGAAA.1",8
"X1_TGATCAGAGGGATGTC.1",2
"X1_TGATCAGCAACGACTT.1",2
"X1_TGATCAGCAACGCATT.1",1000
"X1_TGATCAGCATAAGATG.1",3
"X1_TGATCAGGTCCAAAGG.1",3
"X1_TGATCAGTCCGAAGGA.1",6
"X1_TGATCAGTCGAACACT.1",3
"X1_TGATCAGTCTATCGGA.1",5
"X1_TGATCTTAGAGGCCAT.1",7
"X1_TGATCTTCACACCTGG.1",1
"X1_TGATCTTCACGCTGAC.1",6
"X1_TGATCTTCACTCCGGA.1",5
"X1_TGATCTTCAGCAGTAG.1",4
"X1_TGATCTTGTCATAGTC.1",3
"X1_TGATCTTTCAAATGCC.1",2
"X1_TGATCTTTCGAACCAT.1",5
"X1_TGATCTTTCGTGTCAA.1",1000
"X1_TGATCTTTCTTAGCTT.1",3
"X1_TGATGCAAGAGGCTGT.1",1
"X1_TGATGCAAGCTGACCC.1",8
"X1_TGATGCAAGGTCGTCC.1",6
"X1_TGATGCAAGTCTAGAA.1",6
"X1_TGATGCAAGTGGTTAA.1",3
"X1_TGATGCAAGTTACGGG.1",3
"X1_TGATGCACACACTTAG.1",7
"X1_TGATGCACACCGCTAG.1",2
"X1_TGATGCAGTATCGCGC.1",6
"X1_TGATGCAGTGGTTTAC.1",5
"X1_TGATGCAGTTCGTAAC.1",1
"X1_TGATGCATCCGCAGTG.1",2
"X1_TGATGCATCCGGCAAC.1",1
"X1_TGATGCATCCTTATAC.1",4
"X1_TGATGCATCTTCTGTA.1",6
"X1_TGATGGTAGACGTCGA.1",1000
"X1_TGATGGTAGAGCCGTA.1",2
"X1_TGATGGTAGCTGGCTC.1",8
"X1_TGATGGTAGGACAACC.1",1
"X1_TGATGGTAGGGCCTCT.1",6
"X1_TGATGGTAGGGTCACA.1",7
"X1_TGATGGTAGTGATTCC.1",5
"X1_TGATGGTCAAGCGAGT.1",8
"X1_TGATGGTCAAGTGATA.1",6
"X1_TGATGGTCACTGCGTG.1",1
"X1_TGATGGTCAGATAAAC.1",4
"X1_TGATGGTCATCTTCGC.1",1
"X1_TGATGGTGTTAAAGTG.1",3
"X1_TGATGGTGTTCGGTTA.1",8
"X1_TGATGGTGTTGCTTGA.1",3
"X1_TGATGGTGTTTCGACA.1",8
"X1_TGATGGTTCCCGGTAG.1",2
"X1_TGATGGTTCTATTGTC.1",4
"X1_TGATTCTAGCCAGTAG.1",8
"X1_TGATTCTCAAGCCCAC.1",5
"X1_TGATTCTCAAGTCGTT.1",4
"X1_TGATTCTCACACGGTC.1",7
"X1_TGATTCTCACAGTACT.1",8
"X1_TGATTCTCACTCTCGT.1",2
"X1_TGATTCTCAGCCGTCA.1",2
"X1_TGATTCTCAGGGAGAG.1",4
"X1_TGATTCTGTACAGTAA.1",1
"X1_TGATTCTGTCACGTGC.1",7
"X1_TGATTCTGTGCCTAAT.1",4
"X1_TGATTCTGTGGGATTG.1",3
"X1_TGATTCTGTGTAAACA.1",3
"X1_TGATTCTTCTCCGAGG.1",8
"X1_TGATTTCCACATTACG.1",6
"X1_TGATTTCCATCGTTCC.1",2
"X1_TGATTTCGTACACTCA.1",1
"X1_TGATTTCGTCGATTTG.1",2
"X1_TGATTTCGTCGCATCG.1",8
"X1_TGATTTCGTGTGACCC.1",1000
"X1_TGATTTCGTTAAACAG.1",1
"X1_TGATTTCTCACCTTAT.1",7
"X1_TGATTTCTCGCCGTGA.1",6
"X1_TGATTTCTCTAAGAAG.1",1
"X1_TGATTTCTCTAAGCCA.1",4
"X1_TGATTTCTCTTGGAAC.1",2
"X1_TGCACGGCACAATTCG.1",3
"X1_TGCACGGCAGATTCGT.1",2
"X1_TGCACGGCATGGCTAT.1",7
"X1_TGCACGGCATTCGATG.1",1
"X1_TGCACGGGTACCCGCA.1",6
"X1_TGCACGGGTACGGATG.1",6
"X1_TGCACGGGTTATCTGG.1",5
"X1_TGCACGGGTTGTCTAG.1",7
"X1_TGCACGGTCCGTAGGC.1",3
"X1_TGCAGATAGAAGCTCG.1",8
"X1_TGCAGATAGCATTTGC.1",3
"X1_TGCAGATAGCCTCATA.1",3
"X1_TGCAGATCACCATATG.1",7
"X1_TGCAGATGTATCGAAA.1",7
"X1_TGCAGATGTGTTTGCA.1",4
"X1_TGCAGGCAGAGCCTGA.1",2
"X1_TGCAGGCAGGTCTGGA.1",2
"X1_TGCAGGCAGGTTCCAT.1",5
"X1_TGCAGGCCAAGAGTTA.1",2
"X1_TGCAGGCCAATTGCCA.1",2
"X1_TGCAGGCCATGTCTAG.1",8
"X1_TGCAGGCGTAGATCCT.1",2
"X1_TGCAGGCGTCCACATA.1",5
"X1_TGCAGGCGTCGAACAG.1",1
"X1_TGCAGGCGTGAAAGTT.1",6
"X1_TGCAGGCTCCCAAGCG.1",4
"X1_TGCAGGCTCGGCTGAC.1",4
"X1_TGCAGTAAGCACTTTG.1",7
"X1_TGCAGTAAGCTACGTT.1",3
"X1_TGCAGTAAGCTCGCAC.1",2
"X1_TGCAGTACATTAAAGG.1",4
"X1_TGCAGTAGTATCGTTG.1",7
"X1_TGCAGTAGTCTGCATA.1",5
"X1_TGCAGTAGTGGTCCGT.1",2
"X1_TGCAGTATCCGGCTTT.1",7
"X1_TGCAGTATCTAGTGAC.1",8
"X1_TGCATCCCAACACTAC.1",6
"X1_TGCATCCCACAGAAGC.1",8
"X1_TGCATCCCATGGCTAT.1",2
"X1_TGCATCCCATTATGCG.1",8
"X1_TGCATCCGTAGATTGA.1",4
"X1_TGCATCCGTCATTGCA.1",2
"X1_TGCATCCTCACCTCGT.1",3
"X1_TGCATCCTCCTTGAAG.1",2
"X1_TGCATGACACTATCCC.1",2
"X1_TGCATGACATACCACA.1",6
"X1_TGCATGAGTCCGGTCA.1",1000
"X1_TGCATGAGTGCCAAGA.1",6
"X1_TGCATGAGTGTCCAAT.1",8
"X1_TGCATGATCACAAGAA.1",4
"X1_TGCATGATCGCCGATG.1",3
"X1_TGCATGATCGCGTGAC.1",8
"X1_TGCATGATCGGTAGAG.1",2
"X1_TGCATGATCTAACACG.1",5
"X1_TGCATGATCTGCAGCG.1",1
"X1_TGCCGAGAGAACCGCA.1",7
"X1_TGCCGAGAGACCGTTT.1",6
"X1_TGCCGAGCAAGAGAGA.1",2
"X1_TGCCGAGCACTGCTTC.1",2
"X1_TGCCGAGGTAGAGATT.1",6
"X1_TGCCGAGGTGCAGGAT.1",7
"X1_TGCCGAGGTGTTCCTC.1",5
"X1_TGCCGAGTCGTGTGAT.1",1000
"X1_TGCGACGCAATAGGGC.1",7
"X1_TGCGACGCACCAAATC.1",3
"X1_TGCGACGGTCGCGTCA.1",4
"X1_TGCGACGGTTCAAGGG.1",2
"X1_TGCGACGGTTCTTCAT.1",1000
"X1_TGCGACGTCGTTGTGA.1",5
"X1_TGCGATAAGACCTGGA.1",3
"X1_TGCGATAAGACGAAGA.1",1000
"X1_TGCGATAAGAGTTGTA.1",6
"X1_TGCGATAAGATGGCAC.1",5
"X1_TGCGATAAGCCTCGTG.1",8
"X1_TGCGATAAGCTAGAGC.1",3
"X1_TGCGATAAGCTCGACC.1",1000
"X1_TGCGATAAGCTCGTGC.1",5
"X1_TGCGATAAGTAGATCA.1",8
"X1_TGCGATAGTACCGGAA.1",3
"X1_TGCGATAGTAGACACG.1",8
"X1_TGCGATAGTCATCCGG.1",4
"X1_TGCGATATCAGCACCG.1",3
"X1_TGCGATATCAGCGCAC.1",3
"X1_TGCGATATCCAAGCTA.1",3
"X1_TGCGATATCTGGGTCG.1",8
"X1_TGCGGCAAGGGAGTTC.1",5
"X1_TGCGGCACAAACCATC.1",3
"X1_TGCGGCACAACTACGT.1",8
"X1_TGCGGCACATCGAACT.1",3
"X1_TGCGGCAGTCCAGCCA.1",4
"X1_TGCGGCAGTGTCCGTG.1",3
"X1_TGCGGCAGTTCCCACT.1",4
"X1_TGCGGCATCGACATCA.1",5
"X1_TGCGGGTAGAATAACC.1",1000
"X1_TGCGGGTAGACGGTTG.1",4
"X1_TGCGGGTAGGAATGTT.1",7
"X1_TGCGGGTAGGGAGGTG.1",2
"X1_TGCGGGTCAACCACGC.1",3
"X1_TGCGGGTCACGTATAC.1",8
"X1_TGCGGGTCAGGCATGA.1",3
"X1_TGCGGGTGTTGGACCC.1",3
"X1_TGCGGGTTCCGCTGTT.1",1000
"X1_TGCGGGTTCGGTTGTA.1",4
"X1_TGCGGGTTCTCCGTGT.1",2
"X1_TGCGGGTTCTGTCCGT.1",3
"X1_TGCGGGTTCTTGGTGA.1",8
"X1_TGCTCCAAGACGTCCC.1",2
"X1_TGCTCCAAGCGATTCT.1",8
"X1_TGCTCCAAGGTCCCGT.1",5
"X1_TGCTCCAAGTGACCTT.1",8
"X1_TGCTCCAAGTGCTCAT.1",8
"X1_TGCTCCAAGTTAACGA.1",1000
"X1_TGCTCCAAGTTGTAAG.1",7
"X1_TGCTCCACACCATAAC.1",3
"X1_TGCTCCACATTCACAG.1",2
"X1_TGCTCCAGTAAGAACT.1",5
"X1_TGCTCCAGTAGTCGGA.1",5
"X1_TGCTCCAGTAGTGGCA.1",4
"X1_TGCTCCATCAGTCCGG.1",7
"X1_TGCTCCATCATGAGGG.1",1000
"X1_TGCTCCATCATGGCCG.1",1
"X1_TGCTCCATCCACACCT.1",2
"X1_TGCTCCATCCACAGGC.1",2
"X1_TGCTCCATCGATCCAA.1",7
"X1_TGCTCCATCGTAGGAG.1",1000
"X1_TGCTCGTAGAAGCTGC.1",2
"X1_TGCTCGTAGAGAGTGA.1",5
"X1_TGCTCGTAGTGGTTCT.1",7
"X1_TGCTCGTCATATGCGT.1",8
"X1_TGCTCGTGTCAGGTGA.1",8
"X1_TGCTCGTTCATCTATC.1",8
"X1_TGCTCGTTCGCCGATG.1",5
"X1_TGCTCGTTCGGCATCG.1",1
"X1_TGCTCGTTCTCCAAGA.1",5
"X1_TGCTCGTTCTCTGGTC.1",5
"X1_TGCTGAAAGAGGCTGT.1",6
"X1_TGCTGAAAGATAGGGA.1",5
"X1_TGCTGAAAGCCTGGAA.1",5
"X1_TGCTGAACACAACCGC.1",3
"X1_TGCTGAACACATACTG.1",6
"X1_TGCTGAACAGCGAGTA.1",4
"X1_TGCTGAACAGGTTTAC.1",7
"X1_TGCTGAAGTTCAGCTA.1",4
"X1_TGCTGAAGTTGTGGCC.1",2
"X1_TGCTGAATCGATACAC.1",4
"X1_TGCTGAATCGCCTTGT.1",4
"X1_TGCTTCGAGCAAACAT.1",1000
"X1_TGCTTCGAGCGAGTAC.1",3
"X1_TGCTTCGCAAAGGAGA.1",3
"X1_TGCTTCGCATGAGGGT.1",1
"X1_TGCTTCGGTACAACGG.1",1
"X1_TGCTTCGGTGGACTGA.1",7
"X1_TGCTTCGGTGTAAATG.1",2
"X1_TGCTTCGGTTTGGAAA.1",8
"X1_TGCTTCGTCAGACAAA.1",5
"X1_TGCTTCGTCGTGGACC.1",8
"X1_TGCTTCGTCTCTCTAA.1",6
"X1_TGCTTGCAGACAAGCC.1",4
"X1_TGCTTGCAGAGGCTGT.1",7
"X1_TGCTTGCAGAGTTGAT.1",3
"X1_TGCTTGCAGGAAACGA.1",3
"X1_TGCTTGCAGGTTCACT.1",6
"X1_TGCTTGCCAATTGAGA.1",3
"X1_TGCTTGCCACACCTAA.1",8
"X1_TGCTTGCGTAGTGGCA.1",1
"X1_TGCTTGCGTCGCGGTT.1",8
"X1_TGCTTGCGTTAGTCGT.1",3
"X1_TGCTTGCGTTCTGACA.1",5
"X1_TGCTTGCTCACTCCGT.1",3
"X1_TGCTTGCTCAGGACAG.1",5
"X1_TGCTTGCTCTCGACGG.1",2
"X1_TGGAACTAGTCAGCCC.1",8
"X1_TGGAACTCAATTGCAC.1",5
"X1_TGGAACTCACGACGCT.1",3
"X1_TGGAACTCACTGGAAG.1",5
"X1_TGGAACTCAGTGTACT.1",7
"X1_TGGAACTGTCAGTCCG.1",6
"X1_TGGAACTGTTAAGTCC.1",3
"X1_TGGAACTTCAGACCCG.1",1
"X1_TGGAACTTCCAACTGA.1",3
"X1_TGGAACTTCGCCACTT.1",3
"X1_TGGAGAGAGGAAAGGT.1",7
"X1_TGGAGAGCAACGTATC.1",2
"X1_TGGAGAGCACAATGTC.1",3
"X1_TGGAGAGCAGTCGAGA.1",8
"X1_TGGAGAGGTCAATGGG.1",3
"X1_TGGAGAGGTCTGTGGC.1",3
"X1_TGGAGAGGTTGAGGAC.1",8
"X1_TGGAGAGGTTTCGATG.1",7
"X1_TGGAGAGTCCCAGGCA.1",2
"X1_TGGAGGAAGCTCATAC.1",2
"X1_TGGAGGAAGGGAGGTG.1",2
"X1_TGGAGGAAGTGTACAA.1",1
"X1_TGGAGGACACCACTGG.1",8
"X1_TGGAGGACACTTGAGT.1",5
"X1_TGGAGGAGTACTGACT.1",6
"X1_TGGAGGAGTCCCAAAT.1",1000
"X1_TGGAGGAGTGGTCTTA.1",3
"X1_TGGAGGAGTTTCACAG.1",6
"X1_TGGAGGAGTTTCGTAG.1",1000
"X1_TGGAGGATCACGAGGA.1",7
"X1_TGGATCAAGACCATGG.1",3
"X1_TGGATCAAGGCACGAT.1",8
"X1_TGGATCACAAGAAACT.1",6
"X1_TGGATCACACAGGATG.1",3
"X1_TGGATCACATGTACGT.1",2
"X1_TGGATCAGTCCAAATC.1",2
"X1_TGGATCAGTGAATATG.1",4
"X1_TGGATCAGTGCCCGTA.1",2
"X1_TGGATCAGTGGATGAC.1",7
"X1_TGGATCAGTTGCTCGG.1",1000
"X1_TGGATCATCCATACAG.1",3
"X1_TGGATGTAGACCTTTG.1",4
"X1_TGGATGTAGAGTCACG.1",7
"X1_TGGATGTAGCGGATCA.1",5
"X1_TGGATGTAGGACATCG.1",4
"X1_TGGATGTAGGATACAT.1",3
"X1_TGGATGTAGGCCCACT.1",5
"X1_TGGATGTAGTAAGCAT.1",1
"X1_TGGATGTAGTCAGGGT.1",6
"X1_TGGATGTCAGTCTACA.1",5
"X1_TGGATGTGTAACAGTA.1",7
"X1_TGGATGTGTGCAATGG.1",3
"X1_TGGATGTGTGGACCAA.1",7
"X1_TGGATGTGTTGTATGC.1",2
"X1_TGGATGTGTTTACGTG.1",7
"X1_TGGATGTTCCGTCAAA.1",4
"X1_TGGATGTTCTTACTGT.1",5
"X1_TGGCGTGAGAACGCGT.1",2
"X1_TGGCGTGAGACTCCGC.1",7
"X1_TGGCGTGAGGAGGGTG.1",4
"X1_TGGCGTGCAGCAGTCC.1",7
"X1_TGGCGTGCAGCTTCCT.1",4
"X1_TGGCGTGCAGGCATTT.1",2
"X1_TGGCGTGGTCCCACGA.1",1
"X1_TGGCGTGGTGCGACAA.1",3
"X1_TGGCGTGGTGGCTAGA.1",7
"X1_TGGCGTGGTGGTACAG.1",6
"X1_TGGCGTGTCAGAATAG.1",7
"X1_TGGGAAGAGCACTAAA.1",2
"X1_TGGGAAGAGGAGTATT.1",6
"X1_TGGGAAGAGTACAGCG.1",2
"X1_TGGGAAGAGTCCTGTA.1",7
"X1_TGGGAAGGTACCTAGT.1",5
"X1_TGGGAAGGTAGAATGT.1",6
"X1_TGGGAAGGTAGCTTTG.1",2
"X1_TGGGAAGGTATTGCCA.1",5
"X1_TGGGAAGGTGCCGTTG.1",5
"X1_TGGGAAGGTGGTAATA.1",3
"X1_TGGGAAGGTGTCACAT.1",6
"X1_TGGGAAGTCCAACACA.1",3
"X1_TGGGAAGTCTCCGATC.1",3
"X1_TGGGAGAAGGTGTGAC.1",6
"X1_TGGGAGACAACCGATT.1",5
"X1_TGGGAGACAGACGGAT.1",3
"X1_TGGGAGACAGGTCAGA.1",7
"X1_TGGGAGAGTAAGACCG.1",7
"X1_TGGGAGAGTACAAGCG.1",6
"X1_TGGGAGAGTCCGAAAG.1",3
"X1_TGGGAGAGTTACTCAG.1",5
"X1_TGGGAGATCATCGGGC.1",1
"X1_TGGGAGATCCCGTGAG.1",4
"X1_TGGGAGATCCTATTGT.1",7
"X1_TGGGAGATCCTCACGT.1",1
"X1_TGGGATTGTACTGCGC.1",6
"X1_TGGGATTGTCACAATC.1",7
"X1_TGGGATTGTCGACTGC.1",8
"X1_TGGGATTGTCGCATCG.1",3
"X1_TGGGATTGTTCGTAAC.1",3
"X1_TGGGATTTCGGTGAAG.1",4
"X1_TGGGATTTCTTAAGGC.1",3
"X1_TGGGATTTCTTTGGAG.1",5
"X1_TGGGCGTAGCAATAAC.1",2
"X1_TGGGCGTAGCGCAATG.1",2
"X1_TGGGCGTAGGGTCACA.1",5
"X1_TGGGCGTAGTTGCTGT.1",3
"X1_TGGGCGTCAAGTGATA.1",6
"X1_TGGGCGTGTACTGCCG.1",1
"X1_TGGGCGTGTGCAGTGA.1",8
"X1_TGGGCGTTCTACACAG.1",7
"X1_TGGGCGTTCTGGGTCG.1",1000
"X1_TGGGCTGAGATGCTGG.1",8
"X1_TGGGCTGAGTCCTGCG.1",5
"X1_TGGGCTGCAACATCGT.1",2
"X1_TGGGCTGCAGCACAGA.1",7
"X1_TGGGCTGCAGCAGTAG.1",7
"X1_TGGGCTGCATCCTCAC.1",4
"X1_TGGGCTGCATTGAAGA.1",8
"X1_TGGGCTGGTCAGTTTG.1",8
"X1_TGGGCTGTCACGAGGA.1",4
"X1_TGGGCTGTCGCCTAGG.1",6
"X1_TGGGCTGTCTATTTCG.1",4
"X1_TGGGTTACATGGCTGC.1",4
"X1_TGGGTTAGTCACCCTT.1",6
"X1_TGGGTTATCACTTCTA.1",3
"X1_TGGGTTATCATCGCAA.1",3
"X1_TGGTACAAGCTACTAC.1",7
"X1_TGGTACAAGCTGTCCG.1",2
"X1_TGGTACAAGGTAAGTT.1",2
"X1_TGGTACAAGTCAATCC.1",6
"X1_TGGTACACAATCCAGT.1",2
"X1_TGGTACACAGAGAAAG.1",4
"X1_TGGTACACAGAGGTTG.1",6
"X1_TGGTACACATGAGATA.1",8
"X1_TGGTACAGTAGGCTGA.1",7
"X1_TGGTACAGTGAGTGAC.1",6
"X1_TGGTACAGTTAGGCTT.1",7
"X1_TGGTACATCTCGTGAA.1",4
"X1_TGGTAGTAGAGCCCAA.1",6
"X1_TGGTAGTAGCCAGTAG.1",2
"X1_TGGTAGTAGGTAAACT.1",2
"X1_TGGTAGTAGTCCCGGT.1",3
"X1_TGGTAGTAGTGGTTCT.1",6
"X1_TGGTAGTCAGAGGCAT.1",5
"X1_TGGTAGTCAGATCCAT.1",1
"X1_TGGTAGTGTACGAGCA.1",4
"X1_TGGTAGTGTGTTGATC.1",7
"X1_TGGTAGTGTTGTGTAC.1",5
"X1_TGGTAGTTCAAGCCTA.1",4
"X1_TGGTAGTTCGACGATT.1",8
"X1_TGGTAGTTCGTGGCGT.1",5
"X1_TGGTAGTTCTGGTTGA.1",4
"X1_TGGTGATAGAAGAACG.1",5
"X1_TGGTGATAGACCATAA.1",1000
"X1_TGGTGATAGAGGATCC.1",3
"X1_TGGTGATAGAGGGTCT.1",6
"X1_TGGTGATAGAGTCAAT.1",8
"X1_TGGTGATCAAGTGGTG.1",2
"X1_TGGTGATCACAAGCAG.1",2
"X1_TGGTGATCATCAGCTA.1",5
"X1_TGGTGATCATCAGTCA.1",7
"X1_TGGTGATGTAAGATCA.1",6
"X1_TGGTGATGTACACTCA.1",2
"X1_TGGTGATGTATGGGAC.1",5
"X1_TGGTGATGTCATGCAT.1",3
"X1_TGGTGATGTGAAAGTT.1",5
"X1_TGGTGATGTGGCTACC.1",6
"X1_TGGTGATTCACACCGG.1",1
"X1_TGGTGATTCCATCTGC.1",6
"X1_TGGTGATTCTAACGGT.1",2
"X1_TGGTGATTCTGCTCTG.1",3
"X1_TGGTGATTCTGGCCGA.1",4
"X1_TGGTGATTCTTACGTT.1",3
"X1_TGGTTAGAGATCCCGC.1",1
"X1_TGGTTAGAGCAGATAT.1",1
"X1_TGGTTAGAGCCGAACA.1",8
"X1_TGGTTAGAGTTCTCTT.1",4
"X1_TGGTTAGCAATAAGGT.1",2
"X1_TGGTTAGCAGAGGTTG.1",8
"X1_TGGTTAGCAGTGACCC.1",3
"X1_TGGTTAGCATCCCGTT.1",3
"X1_TGGTTAGCATGTGTCA.1",4
"X1_TGGTTAGGTACCGGAA.1",2
"X1_TGGTTAGGTGAATAAC.1",3
"X1_TGGTTAGGTGAGGCAT.1",3
"X1_TGGTTAGGTGTTATCG.1",1000
"X1_TGGTTAGTCAATCAGC.1",2
"X1_TGGTTAGTCTTCGGTC.1",5
"X1_TGTAACGAGAATTCAG.1",2
"X1_TGTAACGAGCCTTCTC.1",6
"X1_TGTAACGCAAATACAG.1",8
"X1_TGTAACGCAACCGACC.1",6
"X1_TGTAACGCAAGGAGTC.1",5
"X1_TGTAACGCACGCTGCA.1",7
"X1_TGTAACGCACGTTCGG.1",1
"X1_TGTAACGCAGTGTGCC.1",8
"X1_TGTAACGCATGACGGA.1",2
"X1_TGTAACGGTCCTCCTA.1",3
"X1_TGTAACGGTGGCTAGA.1",8
"X1_TGTAACGGTTCCTAAG.1",3
"X1_TGTAACGGTTGACTGT.1",3
"X1_TGTAACGGTTTAGACC.1",8
"X1_TGTAACGTCATCTCTA.1",3
"X1_TGTAACGTCGGAAGGT.1",6
"X1_TGTAACGTCGTTAGTG.1",1000
"X1_TGTAAGCAGCCTCGTG.1",7
"X1_TGTAAGCAGTCCTGTA.1",3
"X1_TGTAAGCCAACAAGAT.1",1
"X1_TGTAAGCCAATTTCGG.1",1
"X1_TGTAAGCCACGTAGTT.1",6
"X1_TGTAAGCCACTCCTTG.1",8
"X1_TGTAAGCCAGGAGGAG.1",5
"X1_TGTAAGCGTATCAAGA.1",3
"X1_TGTAAGCGTATGCGGA.1",6
"X1_TGTAAGCGTCACCTTC.1",3
"X1_TGTAAGCGTCTGTGGC.1",1
"X1_TGTAAGCGTGGCACTC.1",3
"X1_TGTAAGCGTGTATTCG.1",7
"X1_TGTAAGCTCACTACTT.1",1
"X1_TGTAAGCTCCTCACGT.1",3
"X1_TGTACAGAGAAGCCTG.1",6
"X1_TGTACAGAGAGAGGGC.1",8
"X1_TGTACAGAGAGGGTAA.1",8
"X1_TGTACAGAGATACAGT.1",1
"X1_TGTACAGAGCAGGCTA.1",6
"X1_TGTACAGCAAAGACTA.1",3
"X1_TGTACAGCAACCCTCT.1",8
"X1_TGTACAGCAACTGGTT.1",2
"X1_TGTACAGCACCTCTGT.1",5
"X1_TGTACAGCAGCTACCG.1",6
"X1_TGTACAGCATCATGAC.1",8
"X1_TGTACAGCATCCGAGC.1",8
"X1_TGTACAGGTGTGTGTT.1",2
"X1_TGTACAGGTTAAGACA.1",4
"X1_TGTACAGGTTACCTTT.1",3
"X1_TGTACAGTCAGATTGC.1",5
"X1_TGTACAGTCGTTATCT.1",5
"X1_TGTACAGTCGTTCAGA.1",8
"X1_TGTAGACAGATCCCAT.1",2
"X1_TGTAGACAGCAGTCTT.1",5
"X1_TGTAGACAGTCACTGT.1",2
"X1_TGTAGACAGTGATCGG.1",5
"X1_TGTAGACAGTTAGTGA.1",5
"X1_TGTAGACAGTTATGGA.1",3
"X1_TGTAGACCAAGAATGT.1",1
"X1_TGTAGACCAAGACCGA.1",2
"X1_TGTAGACCAAGTCCAT.1",5
"X1_TGTAGACCACCGCTGA.1",3
"X1_TGTAGACGTAACACCT.1",5
"X1_TGTAGACGTACCAGAG.1",3
"X1_TGTAGACGTCGAGTTT.1",8
"X1_TGTAGACGTGATTCAC.1",5
"X1_TGTAGACGTGGCTGCT.1",1000
"X1_TGTAGACGTTCTCGTC.1",2
"X1_TGTAGACGTTTGAACC.1",3
"X1_TGTAGACTCATGCGGC.1",8
"X1_TGTAGACTCTCCTGTG.1",4
"X1_TGTAGACTCTCGCAGG.1",4
"X1_TGTCAGAAGAATACAC.1",4
"X1_TGTCAGAAGACTGGGT.1",8
"X1_TGTCAGAAGAGCCGAT.1",7
"X1_TGTCAGAAGATCCGAG.1",3
"X1_TGTCAGAAGCGTCTGC.1",5
"X1_TGTCAGAAGCGTGAGT.1",4
"X1_TGTCAGAAGGTAATCA.1",1000
"X1_TGTCAGAAGGTTCCGC.1",7
"X1_TGTCAGACATATTCGG.1",6
"X1_TGTCAGACATCTGTTT.1",6
"X1_TGTCAGAGTCTACTGA.1",1
"X1_TGTCAGAGTCTTCTAT.1",3
"X1_TGTCAGAGTGACGTCC.1",2
"X1_TGTCAGAGTTGTCATG.1",1
"X1_TGTCAGATCACTGATG.1",8
"X1_TGTCCACAGAATGTTG.1",2
"X1_TGTCCACAGCTAGATA.1",3
"X1_TGTCCACAGGGCCAAT.1",2
"X1_TGTCCACAGGTCCAGA.1",1
"X1_TGTCCACCACAAGGTG.1",4
"X1_TGTCCACCACTCCTGT.1",3
"X1_TGTCCACCACTTCATT.1",4
"X1_TGTCCACCAGCAGTAG.1",1000
"X1_TGTCCACCAGGTTCCG.1",3
"X1_TGTCCACCATGACTCA.1",5
"X1_TGTCCACGTCCGGACT.1",4
"X1_TGTCCACTCCTGGTCT.1",7
"X1_TGTCCCAAGAACCGCA.1",3
"X1_TGTCCCAAGACAAGCC.1",6
"X1_TGTCCCAAGAGTCACG.1",5
"X1_TGTCCCAAGATTCGAA.1",7
"X1_TGTCCCAAGGCTCCCA.1",2
"X1_TGTCCCACAAATGGAT.1",1
"X1_TGTCCCACACCCATAA.1",8
"X1_TGTCCCACACTCAGAT.1",5
"X1_TGTCCCACATGTTCGA.1",8
"X1_TGTCCCAGTAGTATAG.1",4
"X1_TGTCCCAGTGTGTCCG.1",5
"X1_TGTCCCATCACCGCTT.1",2
"X1_TGTCCCATCATGTCAG.1",7
"X1_TGTCCCATCCAGCACG.1",5
"X1_TGTCCCATCGCAGTGC.1",3
"X1_TGTCCTGAGAAGTCTA.1",2
"X1_TGTCCTGCAAATTGGA.1",4
"X1_TGTCCTGCACGAGGTA.1",3
"X1_TGTCCTGCATATCTCT.1",4
"X1_TGTCCTGGTAAGACCG.1",2
"X1_TGTCCTGGTTTACCAG.1",1000
"X1_TGTCCTGTCATACGAC.1",5
"X1_TGTCCTGTCCAAGGGA.1",2
"X1_TGTCCTGTCCCATTCG.1",4
"X1_TGTCCTGTCGGTAAGG.1",4
"X1_TGTGAGTCAACACACT.1",1
"X1_TGTGAGTCACATCATG.1",8
"X1_TGTGAGTCACGACTAT.1",3
"X1_TGTGAGTCAGAACTCT.1",1
"X1_TGTGAGTCATTCTTCA.1",7
"X1_TGTGAGTGTAGGTACG.1",5
"X1_TGTGAGTGTATGACAA.1",6
"X1_TGTGAGTGTCACGCTG.1",5
"X1_TGTGAGTGTCGATTTG.1",1
"X1_TGTGAGTGTTAGGCCC.1",5
"X1_TGTGAGTTCGATTCCC.1",2
"X1_TGTGATGAGACTGGGT.1",5
"X1_TGTGATGAGGACAGTC.1",2
"X1_TGTGATGAGGGTTAGC.1",7
"X1_TGTGATGAGTCACTGT.1",1000
"X1_TGTGATGCACACGGAA.1",5
"X1_TGTGATGGTAAGCAAT.1",8
"X1_TGTGATGTCCATGAGT.1",5
"X1_TGTGATGTCCCTTTGG.1",4
"X1_TGTGATGTCGTCAGAT.1",3
"X1_TGTGCGGAGAACTTCC.1",2
"X1_TGTGCGGAGGTTCCAT.1",3
"X1_TGTGCGGAGTGAGGCT.1",6
"X1_TGTGCGGCATACAGCT.1",2
"X1_TGTGCGGGTAACAAGT.1",8
"X1_TGTGCGGGTACCCACG.1",8
"X1_TGTGCGGGTACTGACT.1",7
"X1_TGTGCGGGTATACCCA.1",5
"X1_TGTGCGGGTCTAGGTT.1",3
"X1_TGTGCGGGTGCATGTT.1",3
"X1_TGTGCGGGTGGCTGCT.1",7
"X1_TGTGCGGGTTGCAACT.1",5
"X1_TGTGCGGTCAGACCTA.1",8
"X1_TGTGCGGTCTCATTTG.1",3
"X1_TGTGGCGAGACTCTTG.1",2
"X1_TGTGGCGAGAGTATAC.1",3
"X1_TGTGGCGAGCTCTTCC.1",5
"X1_TGTGGCGAGGATTCCT.1",7
"X1_TGTGGCGAGGTTACAA.1",4
"X1_TGTGGCGAGTCCTACA.1",7
"X1_TGTGGCGCACAGTCGC.1",7
"X1_TGTGGCGCACGACCTG.1",1000
"X1_TGTGGCGCACGCTATA.1",7
"X1_TGTGGCGCACTGTGTA.1",1
"X1_TGTGGCGCAGCAGTAG.1",5
"X1_TGTGGCGCAGGGAATC.1",2
"X1_TGTGGCGCATACGCAT.1",2
"X1_TGTGGCGGTCCACTCT.1",2
"X1_TGTGGCGGTGGCTGAA.1",5
"X1_TGTGGCGGTGTCGATT.1",3
"X1_TGTGGCGGTTTCTATC.1",5
"X1_TGTGGCGTCACTTTGT.1",5
"X1_TGTGGCGTCCATACAG.1",3
"X1_TGTGGCGTCCATACTT.1",5
"X1_TGTGGCGTCTAGACAC.1",1000
"X1_TGTGTGAAGATTAGTG.1",3
"X1_TGTGTGAAGGTGCAGT.1",8
"X1_TGTGTGACAAATCAGA.1",3
"X1_TGTGTGACAACGACTT.1",7
"X1_TGTGTGACACGGAAGT.1",6
"X1_TGTGTGACATGCCGAC.1",5
"X1_TGTGTGAGTACAATAG.1",7
"X1_TGTGTGAGTCTTACTT.1",3
"X1_TGTGTGATCAAAGGAT.1",6
"X1_TGTGTGATCACTGTCC.1",6
"X1_TGTGTGATCATGTCAG.1",1000
"X1_TGTGTGATCTCTAAGG.1",5
"X1_TGTTACTAGAATCGCG.1",2
"X1_TGTTACTAGACGAAGA.1",6
"X1_TGTTACTAGACGGAAA.1",1
"X1_TGTTACTAGCGCCGTT.1",2
"X1_TGTTACTAGCTCCCTT.1",5
"X1_TGTTACTAGGACTATA.1",2
"X1_TGTTACTCAATCGCAT.1",7
"X1_TGTTACTCAGTTGAAA.1",1
"X1_TGTTACTCATATGAAG.1",2
"X1_TGTTACTCATGTGTCA.1",7
"X1_TGTTACTGTACCCACG.1",2
"X1_TGTTACTGTACCTAAC.1",4
"X1_TGTTACTGTAGACACG.1",5
"X1_TGTTACTGTCCATCTC.1",5
"X1_TGTTACTGTGGACTAG.1",7
"X1_TGTTACTGTGTCCGTG.1",8
"X1_TGTTACTGTTTACGTG.1",5
"X1_TGTTACTTCGCTCTCA.1",4
"X1_TGTTCATCACAACGCC.1",2
"X1_TGTTCATCACATGAAA.1",5
"X1_TGTTCATGTCAAAGAT.1",1000
"X1_TGTTCATGTCAATCTG.1",6
"X1_TGTTCATGTCGACTTA.1",1000
"X1_TGTTCATGTCTACATG.1",8
"X1_TGTTCATGTGAACCGA.1",6
"X1_TGTTCATTCTATACGG.1",1000
"X1_TGTTCCGAGATACGAT.1",2
"X1_TGTTCCGAGCCACCGT.1",7
"X1_TGTTCCGAGCGATGGT.1",3
"X1_TGTTCCGAGGTAAACT.1",7
"X1_TGTTCCGAGTATGACA.1",4
"X1_TGTTCCGCACAGTATC.1",8
"X1_TGTTCCGCACTCCGAG.1",3
"X1_TGTTCCGCAGGTAGTG.1",7
"X1_TGTTCCGCATAGGAGC.1",5
"X1_TGTTCCGGTACGAGCA.1",6
"X1_TGTTCCGTCATCTGTT.1",5
"X1_TGTTCCGTCCCTTGGT.1",7
"X1_TGTTCCGTCTCTTCAA.1",1
"X1_TGTTCTAAGGCCATAG.1",5
"X1_TGTTCTACACGTAACT.1",1000
"X1_TGTTCTACATCTTAGG.1",3
"X1_TGTTCTAGTACGGTTT.1",3
"X1_TGTTCTAGTAGATCGG.1",1
"X1_TGTTCTAGTAGGCTCC.1",4
"X1_TGTTCTAGTCGCTTAA.1",2
"X1_TGTTCTAGTGTCATCA.1",3
"X1_TGTTCTAGTTGTGCCG.1",2
"X1_TGTTCTATCATGCCAA.1",2
"X1_TGTTCTATCTTAGGAC.1",7
"X1_TGTTGAGAGACAACAT.1",4
"X1_TGTTGAGAGGTATCTC.1",8
"X1_TGTTGAGAGTCTGCGC.1",1
"X1_TGTTGAGCACGTAGTT.1",1
"X1_TGTTGAGCAGACCATT.1",3
"X1_TGTTGAGCAGAGAAAG.1",7
"X1_TGTTGAGGTGTATTCG.1",3
"X1_TGTTGAGGTGTCTTCC.1",7
"X1_TGTTGAGGTTGCAACT.1",3
"X1_TGTTGAGTCAAATGCC.1",4
"X1_TGTTGAGTCTGAGATC.1",7
"X1_TGTTGAGTCTTGCAGA.1",3
"X1_TGTTGGAAGTGATCGG.1",5
"X1_TGTTGGACAATTGCCA.1",8
"X1_TGTTGGAGTCACTAGT.1",1
"X1_TGTTGGAGTCTAACTG.1",7
"X1_TGTTGGAGTGACGCCT.1",7
"X1_TGTTGGAGTGTGTCGC.1",2
"X1_TGTTGGATCTGTGTGA.1",4
"X1_TGTTTGTAGAGGTTTA.1",6
"X1_TGTTTGTAGATCCGAG.1",1
"X1_TGTTTGTAGCCTATCA.1",4
"X1_TGTTTGTAGCGGACAT.1",6
"X1_TGTTTGTAGTCCGCCA.1",5
"X1_TGTTTGTCAAACAGGC.1",6
"X1_TGTTTGTCAAGCTACT.1",3
"X1_TGTTTGTCACAGCGCT.1",6
"X1_TGTTTGTCATACAGCT.1",5
"X1_TGTTTGTCATCAGCGC.1",8
"X1_TGTTTGTCATTAAGCC.1",2
"X1_TGTTTGTGTCCTCCTA.1",3
"X1_TGTTTGTGTTGGTGTT.1",5
"X1_TGTTTGTTCCAGGACC.1",7
"X1_TGTTTGTTCCTACGAA.1",1
"X1_TTAATCCAGTCTAGAA.1",3
"X1_TTAATCCCAAACCATC.1",6
"X1_TTAATCCGTAGCTTAC.1",4
"X1_TTAATCCGTTGGAGGT.1",1
"X1_TTAATCCGTTTGGGAG.1",7
"X1_TTAATCCTCCTCTGCA.1",1000
"X1_TTAATCCTCCTTACCG.1",7
"X1_TTAATCCTCTGATTCT.1",2
"X1_TTACAGGAGGTTCATC.1",1000
"X1_TTACAGGCAATTGGTC.1",4
"X1_TTACAGGCACTGGACC.1",8
"X1_TTACAGGCATAGAATG.1",5
"X1_TTACAGGCATCGCTAA.1",4
"X1_TTACAGGGTACTGAGG.1",5
"X1_TTACAGGTCGACATTG.1",4
"X1_TTACAGGTCTGAGGTT.1",8
"X1_TTACCATAGAGACAAG.1",2
"X1_TTACCATAGGAAGTAG.1",2
"X1_TTACCATAGGTGCGAT.1",5
"X1_TTACCATCAACGGGTA.1",5
"X1_TTACCATCAATTCTCT.1",8
"X1_TTACCATCACCAGCCA.1",8
"X1_TTACCATCAGTCTACA.1",1
"X1_TTACCATCAGTCTCTC.1",8
"X1_TTACCATGTCTTGTCC.1",6
"X1_TTACCATGTTAGTCGT.1",8
"X1_TTACCATTCACGGACC.1",2
"X1_TTACCGCAGTGCCCGT.1",4
"X1_TTACCGCGTACGGCAA.1",6
"X1_TTACCGCGTTCTCTCG.1",1000
"X1_TTACCGCTCCGTTGGG.1",8
"X1_TTACCGCTCGAGAATA.1",1
"X1_TTACGCCAGAGGCGTT.1",5
"X1_TTACGCCAGCGTTCAT.1",7
"X1_TTACGCCAGCTGGCTC.1",6
"X1_TTACGCCAGGACAGCT.1",3
"X1_TTACGCCCAAGGCTTT.1",7
"X1_TTACGCCCACCATTCC.1",7
"X1_TTACGCCCACTGGAAG.1",7
"X1_TTACGCCCAGGTACGA.1",3
"X1_TTACGCCCATATCTCT.1",6
"X1_TTACGCCGTATCAGCT.1",2
"X1_TTACGCCGTGAGCCAA.1",6
"X1_TTACGCCTCAATCCAG.1",3
"X1_TTACGCCTCTGGTGCG.1",3
"X1_TTACGTTAGACCAGAC.1",5
"X1_TTACGTTAGCCTGACC.1",2
"X1_TTACGTTAGCGAGTAC.1",8
"X1_TTACGTTAGTGGTTAA.1",3
"X1_TTACGTTCAAATCAGA.1",6
"X1_TTACGTTCAAATTAGG.1",5
"X1_TTACGTTCACTGGACC.1",6
"X1_TTACGTTCAGTAACGG.1",5
"X1_TTACGTTCATACACCA.1",5
"X1_TTACGTTCATAGAAAC.1",1
"X1_TTACGTTCATCCAATG.1",2
"X1_TTACGTTGTCACTCGG.1",2
"X1_TTACGTTGTCCGAAAG.1",8
"X1_TTACGTTTCCTCCACA.1",6
"X1_TTACGTTTCGTCTCAC.1",2
"X1_TTACGTTTCTTGTTAC.1",8
"X1_TTACTGTAGAATACAC.1",4
"X1_TTACTGTAGACCTTTG.1",3
"X1_TTACTGTAGAGGTCAC.1",8
"X1_TTACTGTAGCAGGCTA.1",2
"X1_TTACTGTAGCCTCTGG.1",8
"X1_TTACTGTAGCGTGTCC.1",4
"X1_TTACTGTAGTCAGAGC.1",5
"X1_TTACTGTGTGGAGGTT.1",1000
"X1_TTACTGTGTGTCCTAA.1",5
"X1_TTACTGTGTTAAGTCC.1",8
"X1_TTACTGTTCCGTCAAA.1",3
"X1_TTACTGTTCGAACCAT.1",1
"X1_TTACTGTTCGGCCTTT.1",5
"X1_TTACTGTTCGTGGTAT.1",4
"X1_TTAGGCAAGCCAAGGT.1",3
"X1_TTAGGCAAGGAGCAAA.1",6
"X1_TTAGGCAAGTGCTACT.1",2
"X1_TTAGGCACACCAATTG.1",3
"X1_TTAGGCACACTACGGC.1",1
"X1_TTAGGCACATTCTGTT.1",4
"X1_TTAGGCAGTCGAGATG.1",2
"X1_TTAGGCATCGTTCTCG.1",3
"X1_TTAGGCATCGTTGTTT.1",5
"X1_TTAGGGTAGAGGTGCT.1",4
"X1_TTAGGGTAGATGATTG.1",6
"X1_TTAGGGTAGGGTACGT.1",5
"X1_TTAGGGTAGGTAGACC.1",8
"X1_TTAGGGTAGGTTGGAC.1",3
"X1_TTAGGGTAGTAATCCC.1",8
"X1_TTAGGGTAGTCAAGCG.1",4
"X1_TTAGGGTCACAAAGTA.1",5
"X1_TTAGGGTCAGATTAAG.1",1000
"X1_TTAGGGTCAGCGTATT.1",2
"X1_TTAGGGTCAGGATCTT.1",4
"X1_TTAGGGTTCACCTACC.1",2
"X1_TTAGGGTTCATTGTGG.1",2
"X1_TTAGGGTTCTAAGCCA.1",2
"X1_TTAGGGTTCTACACAG.1",5
"X1_TTAGTCTAGGCGAACT.1",1
"X1_TTAGTCTAGGTAGCCA.1",2
"X1_TTAGTCTAGGTTTACC.1",1
"X1_TTAGTCTCAATGTTGC.1",6
"X1_TTAGTCTCATATGGCT.1",3
"X1_TTAGTCTGTCAATGGG.1",2
"X1_TTAGTCTGTCCAAGAG.1",3
"X1_TTAGTCTGTTAGGGAC.1",8
"X1_TTAGTCTTCATTTCCA.1",6
"X1_TTAGTCTTCCATTCGC.1",7
"X1_TTAGTCTTCCATTGTT.1",8
"X1_TTAGTCTTCTACTTCA.1",1
"X1_TTAGTCTTCTTACGGA.1",7
"X1_TTATTGCAGTCGGGAT.1",7
"X1_TTATTGCCACGTCGTG.1",4
"X1_TTATTGCCATCCTTGC.1",5
"X1_TTATTGCGTAGACAAT.1",5
"X1_TTATTGCGTGATGAAT.1",1
"X1_TTATTGCGTTCTAACG.1",6
"X1_TTATTGCTCACATCAG.1",1000
"X1_TTATTGCTCGTTCTGC.1",5
"X1_TTCAATCCAAGGTACG.1",5
"X1_TTCAATCCAAGGTCGA.1",2
"X1_TTCAATCGTACTGGGA.1",2
"X1_TTCAATCGTCGCTGCA.1",7
"X1_TTCAATCGTTTACCTT.1",5
"X1_TTCACCGAGAAACCAT.1",7
"X1_TTCACCGAGAAATGGG.1",5
"X1_TTCACCGAGATAACGT.1",5
"X1_TTCACCGAGGACCCAA.1",2
"X1_TTCACCGAGGAGCAAA.1",2
"X1_TTCACCGAGTCAGAGC.1",5
"X1_TTCACCGAGTGGTGAC.1",6
"X1_TTCACCGCAAGTCCCG.1",7
"X1_TTCACCGCAATCTCGA.1",3
"X1_TTCACCGCATCTCATT.1",1
"X1_TTCACCGGTCATTCCC.1",2
"X1_TTCACCGGTCTAGGTT.1",6
"X1_TTCACCGGTGAATGTA.1",7
"X1_TTCACCGGTGTCCACG.1",8
"X1_TTCACCGTCAATGTCG.1",2
"X1_TTCACCGTCCGTGTCT.1",1000
"X1_TTCACCGTCCTCTTTC.1",1000
"X1_TTCACCGTCTTGCGCT.1",6
"X1_TTCACCGTCTTGGTCC.1",3
"X1_TTCACGCAGAGTTGAT.1",5
"X1_TTCACGCAGGTAAGAG.1",8
"X1_TTCACGCAGTCCTACA.1",7
"X1_TTCACGCAGTGGACTG.1",2
"X1_TTCACGCCACACCAGC.1",7
"X1_TTCACGCCAGATCCTA.1",2
"X1_TTCACGCGTACAGGTG.1",7
"X1_TTCACGCGTTGGATCT.1",8
"X1_TTCACGCTCCTCTGCA.1",1000
"X1_TTCACGCTCCTTACCG.1",5
"X1_TTCAGGAAGCCTCTTC.1",3
"X1_TTCAGGAAGGGATCGT.1",4
"X1_TTCAGGAAGTCCCGAC.1",6
"X1_TTCAGGACATTGACTG.1",2
"X1_TTCAGGATCAAAGAAC.1",2
"X1_TTCAGGATCCACTGGG.1",6
"X1_TTCAGGATCTTGATTC.1",5
"X1_TTCATGTAGAATCGAT.1",1000
"X1_TTCATGTAGACTGTTC.1",6
"X1_TTCATGTAGCATCCCG.1",1
"X1_TTCATGTAGCCTTTCC.1",3
"X1_TTCATGTAGTGAACAT.1",3
"X1_TTCATGTCACATGACT.1",8
"X1_TTCATGTCAGCGTACC.1",5
"X1_TTCATGTCATCGGAAG.1",5
"X1_TTCATGTCATCTCAAG.1",6
"X1_TTCATGTGTCAGACGA.1",6
"X1_TTCATGTGTCGTGTTA.1",8
"X1_TTCATGTGTGCCGTAC.1",4
"X1_TTCATGTTCAAGAATG.1",7
"X1_TTCATGTTCCATACTT.1",5
"X1_TTCATGTTCGGCCTTT.1",5
"X1_TTCATGTTCTCTGGTC.1",2
"X1_TTCATTGAGAAGCTCG.1",3
"X1_TTCATTGAGCTCGCAC.1",8
"X1_TTCATTGAGTCGCCAC.1",2
"X1_TTCATTGAGTGAGGTC.1",5
"X1_TTCATTGCAAGTTCCA.1",2
"X1_TTCATTGCAGCGTAGA.1",3
"X1_TTCATTGGTCCACTTC.1",4
"X1_TTCATTGGTGCGTCGT.1",8
"X1_TTCATTGTCATGAGTC.1",3
"X1_TTCATTGTCCCGTGTT.1",6
"X1_TTCATTGTCGTGTTCC.1",3
"X1_TTCATTGTCTGTGTGA.1",5
"X1_TTCCAATCACATTCGA.1",8
"X1_TTCCAATCACTAGTAC.1",2
"X1_TTCCAATGTGAATATG.1",6
"X1_TTCCAATGTGGCACTC.1",2
"X1_TTCCAATTCAAGTAAG.1",2
"X1_TTCCAATTCAGGAACG.1",8
"X1_TTCCACGCACACCAGC.1",1
"X1_TTCCACGCACTGCGAC.1",5
"X1_TTCCACGCACTGTCGG.1",5
"X1_TTCCACGCATCGGAAG.1",5
"X1_TTCCACGGTAAGGTCG.1",3
"X1_TTCCACGGTCGGAACA.1",6
"X1_TTCCACGGTGTACGCC.1",1
"X1_TTCCACGTCCTCTCGA.1",5
"X1_TTCCACGTCGAAGGAC.1",3
"X1_TTCCACGTCTATTCGT.1",4
"X1_TTCCGGTGTCATCCGG.1",7
"X1_TTCCGGTGTCCGGCAT.1",7
"X1_TTCCGGTTCATTGAGC.1",4
"X1_TTCCGGTTCCCTGGTT.1",5
"X1_TTCCGGTTCTCTCTTC.1",6
"X1_TTCCGTGAGAATCCCT.1",7
"X1_TTCCGTGAGACAACAT.1",1000
"X1_TTCCGTGAGCATTTGC.1",8
"X1_TTCCGTGAGCGTCAAG.1",8
"X1_TTCCGTGAGGGAGATA.1",3
"X1_TTCCGTGAGGTAAGGA.1",2
"X1_TTCCGTGAGTCACGAG.1",3
"X1_TTCCGTGAGTGCACCC.1",6
"X1_TTCCGTGCAACTGTGT.1",6
"X1_TTCCGTGCAATTGGTC.1",6
"X1_TTCCGTGCACACTGGC.1",6
"X1_TTCCGTGCACTTCATT.1",5
"X1_TTCCGTGCAGATACTC.1",8
"X1_TTCCGTGGTACTAACC.1",7
"X1_TTCCGTGGTCTTGAAC.1",2
"X1_TTCCGTGGTGCAAGAC.1",2
"X1_TTCCGTGTCCACTTCG.1",2
"X1_TTCCGTGTCCCGAATA.1",3
"X1_TTCCGTGTCTATTTCG.1",3
"X1_TTCCGTGTCTCGGGAC.1",1000
"X1_TTCCTAACAAGGAGTC.1",8
"X1_TTCCTAACAATAGAGT.1",7
"X1_TTCCTAACAATGCAGG.1",6
"X1_TTCCTAACACGGTGCT.1",3
"X1_TTCCTAACACTGTGTA.1",5
"X1_TTCCTAACATATGCGT.1",8
"X1_TTCCTAACATGGAATA.1",1
"X1_TTCCTAAGTGTTCAGT.1",1000
"X1_TTCCTAAGTTATCCAG.1",5
"X1_TTCCTAAGTTCTCTAT.1",1
"X1_TTCCTAATCAACACGT.1",1
"X1_TTCCTAATCACGGTCG.1",2
"X1_TTCCTAATCAGCTGAT.1",3
"X1_TTCCTAATCGTTTACT.1",6
"X1_TTCCTAATCTAAGCGT.1",4
"X1_TTCCTAATCTCCGAGG.1",5
"X1_TTCCTCTAGCTACTAC.1",7
"X1_TTCCTCTAGTGATCGG.1",5
"X1_TTCCTCTCAAGAATAC.1",1000
"X1_TTCCTCTCAATATCCG.1",3
"X1_TTCCTCTCAATGTGGG.1",8
"X1_TTCCTCTCAGAATTCC.1",6
"X1_TTCCTCTCATTAGGCT.1",6
"X1_TTCCTCTGTGGTAATA.1",1000
"X1_TTCCTCTGTTGGCCTG.1",1000
"X1_TTCCTCTGTTTAGACC.1",3
"X1_TTCCTTCAGACATAGT.1",6
"X1_TTCCTTCAGGATCATA.1",3
"X1_TTCCTTCAGGATTTAG.1",1000
"X1_TTCCTTCAGGCCTAAG.1",7
"X1_TTCCTTCAGTAAGGGA.1",7
"X1_TTCCTTCAGTACTGTC.1",2
"X1_TTCCTTCAGTAGCATA.1",3
"X1_TTCCTTCAGTCACAGG.1",3
"X1_TTCCTTCCACTAGAGG.1",5
"X1_TTCCTTCCAGACCATT.1",5
"X1_TTCCTTCGTAAGCAAT.1",1
"X1_TTCCTTCGTATGTCAC.1",5
"X1_TTCCTTCGTGACTCGC.1",3
"X1_TTCCTTCGTTCTTGTT.1",3
"X1_TTCCTTCGTTGTACGT.1",6
"X1_TTCCTTCTCCTACCGT.1",2
"X1_TTCGATTAGCTAGAAT.1",4
"X1_TTCGATTAGTCACGAG.1",5
"X1_TTCGATTAGTCTAACC.1",5
"X1_TTCGATTCAAGAAATC.1",2
"X1_TTCGATTCAAGTGGGT.1",3
"X1_TTCGATTCACAACATC.1",5
"X1_TTCGATTCACAGTCGC.1",7
"X1_TTCGATTCACCGTGAC.1",4
"X1_TTCGATTCACTCCTTG.1",7
"X1_TTCGATTCAGCGACCT.1",2
"X1_TTCGATTCAGGCGAAT.1",7
"X1_TTCGATTGTTAGGGTG.1",3
"X1_TTCGATTTCCCAAGTA.1",2
"X1_TTCGATTTCGGTTCAA.1",3
"X1_TTCGATTTCTCCTGTG.1",3
"X1_TTCGCTGAGCGACAGT.1",4
"X1_TTCGCTGAGGCATGGT.1",8
"X1_TTCGCTGAGGCTGTAG.1",5
"X1_TTCGCTGCAGACACAG.1",6
"X1_TTCGCTGCATCCAACA.1",6
"X1_TTCGCTGCATCTCAAG.1",7
"X1_TTCGCTGGTGGACAGT.1",8
"X1_TTCGCTGGTGGCCCAT.1",8
"X1_TTCGCTGGTGTCATTG.1",4
"X1_TTCGCTGGTGTCTTCC.1",7
"X1_TTCGCTGGTTCTTGCC.1",4
"X1_TTCGCTGTCATCTCTA.1",5
"X1_TTCGCTGTCGACATTG.1",7
"X1_TTCGCTGTCGTAGGAG.1",3
"X1_TTCGGTCAGGGAGTGG.1",4
"X1_TTCGGTCAGTAACGAT.1",5
"X1_TTCGGTCCACACACTA.1",7
"X1_TTCGGTCCATCGATAC.1",5
"X1_TTCGGTCCATGGAAGC.1",5
"X1_TTCGGTCGTACCGGCT.1",6
"X1_TTCGGTCGTTCATCGA.1",6
"X1_TTCGGTCTCGTAGGAG.1",6
"X1_TTCTAACCAAACACGG.1",1
"X1_TTCTAACCACTGGATT.1",2
"X1_TTCTAACCAGTTCTAG.1",1000
"X1_TTCTAACCATAACAGA.1",2
"X1_TTCTAACGTCACTCTC.1",5
"X1_TTCTAACGTCCATAGT.1",1
"X1_TTCTAACGTCGAACGA.1",8
"X1_TTCTAACTCACACCGG.1",1
"X1_TTCTAACTCACGAGGA.1",2
"X1_TTCTAACTCCTCACTG.1",3
"X1_TTCTAACTCGGAAACG.1",7
"X1_TTCTAGTAGATGGCGT.1",4
"X1_TTCTAGTAGGAAGAAC.1",5
"X1_TTCTAGTCATAGATCC.1",8
"X1_TTCTAGTCATGTGACT.1",2
"X1_TTCTAGTGTATCGAGG.1",4
"X1_TTCTAGTGTCAACGCC.1",7
"X1_TTCTAGTGTGAGTGAC.1",5
"X1_TTCTAGTTCACGATAC.1",7
"X1_TTCTAGTTCAGGACGA.1",2
"X1_TTCTAGTTCGCTTGAA.1",2
"X1_TTCTAGTTCTGTGCGG.1",5
"X1_TTCTCTCAGAATAGTC.1",7
"X1_TTCTCTCAGGAGCAAA.1",7
"X1_TTCTCTCAGGCCTGAA.1",3
"X1_TTCTCTCAGGCTCTAT.1",8
"X1_TTCTCTCAGTCTAGAA.1",5
"X1_TTCTCTCAGTGACACG.1",8
"X1_TTCTCTCCAAGAGTGC.1",3
"X1_TTCTCTCCACATTACG.1",2
"X1_TTCTCTCCAGGACGAT.1",5
"X1_TTCTCTCCAGTCGGAA.1",4
"X1_TTCTCTCCATTACTCT.1",5
"X1_TTCTCTCGTACAGGTG.1",8
"X1_TTCTCTCGTACAGTAA.1",7
"X1_TTCTCTCGTGCTCCGA.1",2
"X1_TTCTCTCTCAACCCGG.1",7
"X1_TTCTCTCTCTGCAGCG.1",5
"X1_TTCTCTCTCTGGGCCA.1",4
"X1_TTCTGTAAGGCCTGAA.1",8
"X1_TTCTGTAAGGTACCTT.1",6
"X1_TTCTGTACAGGGAGAG.1",4
"X1_TTCTGTACATACAGCT.1",5
"X1_TTCTGTAGTAGGAGGG.1",7
"X1_TTCTGTAGTCAGACTT.1",3
"X1_TTCTGTAGTCAGGTAG.1",6
"X1_TTCTGTAGTGAGTTTC.1",1
"X1_TTCTGTAGTTGATGTC.1",5
"X1_TTCTGTATCTACCCAC.1",4
"X1_TTCTGTATCTATACGG.1",5
"X1_TTCTTCCAGAAGCGGG.1",7
"X1_TTCTTCCAGCCTATTG.1",4
"X1_TTCTTCCAGGTTCCAT.1",2
"X1_TTCTTCCCAGTCGGAA.1",8
"X1_TTCTTCCGTCCTACGG.1",4
"X1_TTCTTCCGTCTTACTT.1",3
"X1_TTCTTCCTCCAATGCA.1",1
"X1_TTCTTCCTCTTCCCAG.1",3
"X1_TTCTTGAGTAACACCT.1",4
"X1_TTCTTGAGTGGACCAA.1",8
"X1_TTCTTGATCCAACACA.1",3
"X1_TTCTTGATCCTACTGC.1",5
"X1_TTCTTGATCTAACGCA.1",5
"X1_TTCTTGATCTGCTTAT.1",2
"X1_TTGAACGCAAATCAGA.1",3
"X1_TTGAACGCACGGTCTG.1",3
"X1_TTGAACGGTCCCGGTA.1",4
"X1_TTGAACGGTCGGAAAC.1",5
"X1_TTGAACGGTGACCGAA.1",3
"X1_TTGAACGGTGAGCAGT.1",5
"X1_TTGAACGGTTAAACCC.1",4
"X1_TTGAACGTCTGCGATA.1",7
"X1_TTGACCCAGAATCGTA.1",3
"X1_TTGACCCAGCAGCAGT.1",5
"X1_TTGACCCAGCGGGTAT.1",1
"X1_TTGACCCCATTGTGCA.1",4
"X1_TTGACCCGTATGATCC.1",2
"X1_TTGACCCGTCCAGCGT.1",2
"X1_TTGACCCGTCGCACGT.1",4
"X1_TTGACCCGTTTCGCTC.1",7
"X1_TTGACCCTCGAAGAAT.1",7
"X1_TTGACCCTCGTAGTCA.1",8
"X1_TTGAGTGAGGCATGCA.1",2
"X1_TTGAGTGAGGTTAAAC.1",7
"X1_TTGAGTGAGTTGGACG.1",7
"X1_TTGAGTGCAGCAGACA.1",6
"X1_TTGAGTGGTCGCGTCA.1",6
"X1_TTGAGTGGTGTCATTG.1",1
"X1_TTGAGTGTCACGGGCT.1",3
"X1_TTGATGGAGCAACAAT.1",7
"X1_TTGATGGAGGCAGTCA.1",4
"X1_TTGATGGAGGTTCCAT.1",1
"X1_TTGATGGAGTGCCCGT.1",1
"X1_TTGATGGAGTGTCATC.1",4
"X1_TTGATGGAGTTGCATC.1",6
"X1_TTGATGGCATGAAGGC.1",1
"X1_TTGATGGCATGGCCAC.1",5
"X1_TTGATGGGTATCTCGA.1",6
"X1_TTGATGGGTCACCACG.1",6
"X1_TTGATGGGTCTCCCTA.1",7
"X1_TTGATGGGTGAGATCG.1",2
"X1_TTGATGGGTGCGGCTT.1",3
"X1_TTGATGGGTTCAAGTC.1",7
"X1_TTGATGGTCAGGCGAA.1",2
"X1_TTGATGGTCCACGTGG.1",6
"X1_TTGATGGTCGGCTATA.1",8
"X1_TTGCATTAGGAGCAAA.1",8
"X1_TTGCATTAGTCACACT.1",2
"X1_TTGCATTCAGAACCGA.1",1
"X1_TTGCATTCAGGCTCTG.1",1
"X1_TTGCATTCAGGTGTTT.1",2
"X1_TTGCATTGTAGGTACG.1",6
"X1_TTGCATTGTGGTTTAC.1",4
"X1_TTGCATTTCAGTGTCA.1",6
"X1_TTGCATTTCCACGTCT.1",7
"X1_TTGCATTTCCTGGGAC.1",2
"X1_TTGCATTTCGTAATGC.1",3
"X1_TTGCCTGAGCATTGTC.1",1000
"X1_TTGCCTGAGCGACTTT.1",7
"X1_TTGCCTGAGGAAAGTG.1",3
"X1_TTGCCTGAGTTGCGCC.1",7
"X1_TTGCCTGCAAGTTTGC.1",5
"X1_TTGCCTGCACATTCGA.1",5
"X1_TTGCCTGCACCTATCC.1",7
"X1_TTGCCTGCACTACGGC.1",2
"X1_TTGCCTGCAGGACATG.1",1
"X1_TTGCCTGCATACGCAT.1",8
"X1_TTGCCTGGTAATGCTC.1",4
"X1_TTGCCTGGTACCTATG.1",2
"X1_TTGCCTGGTCCGTACG.1",5
"X1_TTGCCTGGTGGTCCGT.1",3
"X1_TTGCCTGGTTGCATTG.1",2
"X1_TTGCCTGGTTGCTAGT.1",7
"X1_TTGCCTGTCAACTGAC.1",7
"X1_TTGCCTGTCGAGTGGA.1",1
"X1_TTGCCTGTCTCGGCTT.1",2
"X1_TTGCGTCAGCAATTAG.1",3
"X1_TTGCGTCAGGCACCAA.1",6
"X1_TTGCGTCAGGCAGCTA.1",1
"X1_TTGCGTCAGGCATCTT.1",3
"X1_TTGCGTCCACACGGTC.1",2
"X1_TTGCGTCCAGGTAGTG.1",3
"X1_TTGCGTCCAGTCTTCC.1",4
"X1_TTGCGTCGTAACTTCG.1",6
"X1_TTGCGTCGTTACGATC.1",8
"X1_TTGCGTCGTTGGGCCT.1",2
"X1_TTGCGTCTCCGGTAGC.1",7
"X1_TTGCTGCAGAGTATAC.1",8
"X1_TTGCTGCAGGCATGGT.1",4
"X1_TTGCTGCCAAGGATGC.1",7
"X1_TTGCTGCGTAGGAAAG.1",5
"X1_TTGCTGCGTAGTACGG.1",7
"X1_TTGCTGCGTCCTCCAT.1",3
"X1_TTGCTGCGTCGTTGGC.1",5
"X1_TTGCTGCTCCCGAATA.1",2
"X1_TTGCTGCTCGTCACCT.1",2
"X1_TTGGATGAGAAGTGTT.1",6
"X1_TTGGATGAGATGCTGG.1",3
"X1_TTGGATGAGTCCGTCG.1",2
"X1_TTGGATGCAAGACCGA.1",4
"X1_TTGGATGCAAGAGAGA.1",2
"X1_TTGGATGCACGAGGAT.1",5
"X1_TTGGATGCATGACTCA.1",5
"X1_TTGGATGGTAGGTACG.1",1
"X1_TTGGATGGTTGGTAGG.1",7
"X1_TTGGATGTCAGCATTG.1",5
"X1_TTGGATGTCCGACGGT.1",6
"X1_TTGGATGTCCGGGACT.1",2
"X1_TTGGATGTCGATGCTA.1",5
"X1_TTGGATGTCTACGCAA.1",3
"X1_TTGGATGTCTCTCTTC.1",5
"X1_TTGGGATAGCCGATCC.1",4
"X1_TTGGGATAGCCTGCCA.1",8
"X1_TTGGGATAGGACCCAA.1",4
"X1_TTGGGATAGGCGACAT.1",5
"X1_TTGGGATAGGGAGGTG.1",1000
"X1_TTGGGATAGGTTGACG.1",7
"X1_TTGGGATCAATACGCT.1",2
"X1_TTGGGATCAATGTCTG.1",7
"X1_TTGGGATCAATTGTGC.1",5
"X1_TTGGGATCATTGGATC.1",2
"X1_TTGGGATGTACTGGGA.1",8
"X1_TTGGGATGTGCGGTAA.1",3
"X1_TTGGGATGTGTAACGG.1",8
"X1_TTGGGATTCAGCCTCT.1",7
"X1_TTGGGATTCATTTGCT.1",3
"X1_TTGGGCGAGAAGAGCA.1",1
"X1_TTGGGCGAGAGGTCGT.1",4
"X1_TTGGGCGAGCTGTTAC.1",5
"X1_TTGGGCGCACATTCTT.1",8
"X1_TTGGGCGCATCGGATT.1",6
"X1_TTGGGCGGTCGGCTAC.1",5
"X1_TTGGGCGTCTAGCAAC.1",3
"X1_TTGGGTAAGGGAGGAC.1",2
"X1_TTGGGTAAGTTGCCTA.1",5
"X1_TTGGGTACAGAGTGAC.1",3
"X1_TTGGGTACAGGTCTCG.1",4
"X1_TTGGGTAGTGGACTAG.1",4
"X1_TTGGGTAGTTCTCTCG.1",5
"X1_TTGGGTAGTTGTGCAT.1",6
"X1_TTGGGTATCAGCCTTC.1",3
"X1_TTGGGTATCATCGCTC.1",8
"X1_TTGGGTATCGCTTAAG.1",6
"X1_TTGGGTATCTCTTGCG.1",7
"X1_TTGGTTTAGCATCAAA.1",5
"X1_TTGGTTTCAAACGTGG.1",5
"X1_TTGGTTTCAACCCGCA.1",4
"X1_TTGGTTTCAACTGGTT.1",2
"X1_TTGGTTTCACGAGGAT.1",4
"X1_TTGGTTTCATCCCGTT.1",4
"X1_TTGGTTTCATGGAGAC.1",1
"X1_TTGGTTTGTTGCATCA.1",3
"X1_TTGGTTTTCGATACTG.1",7
"X1_TTGGTTTTCTCCATAT.1",4
"X1_TTGTGGAAGGGACTGT.1",1
"X1_TTGTGGAAGGTCCAGA.1",1
"X1_TTGTGGAAGGTTACAA.1",6
"X1_TTGTGGAAGTGGTGGT.1",6
"X1_TTGTGGACAACCAACT.1",1
"X1_TTGTGGACACCTGCAG.1",3
"X1_TTGTGGAGTAAGTTGA.1",2
"X1_TTGTGGAGTATGGAGC.1",7
"X1_TTGTGGAGTCCTTAAG.1",3
"X1_TTGTGGAGTTACTCAG.1",1
"X1_TTGTGGATCCGTGGCA.1",8
"X1_TTGTGGATCTGGCTGG.1",1
"X1_TTGTGTTAGAGCGACT.1",5
"X1_TTGTGTTAGCGTGTCC.1",4
"X1_TTGTGTTAGCTGTCCG.1",5
"X1_TTGTGTTAGGCTATCT.1",4
"X1_TTGTGTTAGGGTGAGG.1",5
"X1_TTGTGTTAGTGGGAAA.1",3
"X1_TTGTGTTCAAAGCTAA.1",3
"X1_TTGTGTTCACGGGCTT.1",8
"X1_TTGTGTTCAGAGAGGG.1",7
"X1_TTGTGTTGTACGAGTG.1",6
"X1_TTGTGTTGTCTAATCG.1",6
"X1_TTGTGTTGTGTTACAC.1",5
"X1_TTGTGTTGTTTAGAGA.1",1
"X1_TTGTGTTTCCCTCATG.1",4
"X1_TTGTGTTTCGTGGGTC.1",4
"X1_TTGTGTTTCTTAAGGC.1",3
"X1_TTGTTCAAGAATCGCG.1",1
"X1_TTGTTCAAGCCAAGCA.1",5
"X1_TTGTTCAAGGACAGTC.1",3
"X1_TTGTTCACAGACAAGC.1",2
"X1_TTGTTCAGTAACGATA.1",6
"X1_TTGTTCAGTACCTTCC.1",2
"X1_TTGTTCAGTCACATTG.1",7
"X1_TTGTTCATCCATCTGC.1",2
"X1_TTGTTGTAGCAATAGT.1",3
"X1_TTGTTGTAGCCGTTAT.1",3
"X1_TTGTTGTCACAAATAG.1",6
"X1_TTGTTGTCACATGACT.1",5
"X1_TTGTTGTCACTCCGAG.1",1
"X1_TTGTTGTCAGACTGCC.1",1000
"X1_TTGTTGTCATACAGCT.1",2
"X1_TTGTTGTGTACTAACC.1",6
"X1_TTGTTGTGTAGATCGG.1",7
"X1_TTGTTGTGTCTCGGAC.1",1
"X1_TTGTTGTGTCTGATCA.1",4
"X1_TTGTTGTGTGTGTCGC.1",7
"X1_TTGTTGTTCCATTTAC.1",7
"X1_TTGTTGTTCCGGGACT.1",3
"X1_TTGTTGTTCTGGGCAC.1",3
"X1_TTGTTGTTCTTCTAAC.1",5
"X1_TTGTTTGAGACATAGT.1",1000
"X1_TTGTTTGAGCATGCAG.1",5
"X1_TTGTTTGAGCGTCAGA.1",8
"X1_TTGTTTGAGCTGGTGA.1",7
"X1_TTGTTTGAGGACACTG.1",6
"X1_TTGTTTGAGTCTAGCT.1",8
"X1_TTGTTTGAGTTCCTGA.1",6
"X1_TTGTTTGAGTTGGAAT.1",4
"X1_TTGTTTGCACAAGTTC.1",5
"X1_TTGTTTGCACGACGAA.1",8
"X1_TTGTTTGCATATGAAG.1",8
"X1_TTGTTTGGTATCGAAA.1",4
"X1_TTGTTTGGTTGATCGT.1",4
"X1_TTGTTTGTCGGAGTAG.1",8
"X1_TTGTTTGTCTGCATAG.1",3
"X1_TTTACCAAGCTAGAAT.1",3
"X1_TTTACCAAGGCGATAC.1",8
"X1_TTTACCAAGTTGAATG.1",5
"X1_TTTACCACAGAATGTA.1",2
"X1_TTTACCAGTAAGATAC.1",7
"X1_TTTACCATCAGCATTG.1",3
"X1_TTTACCATCGACACTA.1",7
"X1_TTTACCATCGGAAACG.1",7
"X1_TTTACGTAGATTCGCT.1",8
"X1_TTTACGTAGGACATCG.1",1
"X1_TTTACGTCACTAGGTT.1",6
"X1_TTTACGTGTACGCGTC.1",3
"X1_TTTACGTGTGAAAGTT.1",3
"X1_TTTACGTTCCGTATAG.1",3
"X1_TTTACGTTCTTTCCAA.1",8
"X1_TTTACTGAGCAATAAC.1",5
"X1_TTTACTGAGCACTTTG.1",7
"X1_TTTACTGAGGCGCTTC.1",1
"X1_TTTACTGAGTCTACCA.1",8
"X1_TTTACTGCACTAGTAC.1",5
"X1_TTTACTGCACTTCATT.1",1
"X1_TTTACTGCATGAGTAA.1",4
"X1_TTTACTGGTGCATGTT.1",5
"X1_TTTACTGGTTCCGCGA.1",1
"X1_TTTACTGTCACATCAG.1",7
"X1_TTTACTGTCTCGCAGG.1",7
"X1_TTTAGTCAGCTACAAA.1",7
"X1_TTTAGTCAGGACTTCT.1",5
"X1_TTTAGTCCAGGCACAA.1",3
"X1_TTTAGTCGTCTGTCCT.1",2
"X1_TTTAGTCGTGCTCTCT.1",3
"X1_TTTAGTCGTTCAGCTA.1",3
"X1_TTTAGTCTCATCCTAT.1",2
"X1_TTTAGTCTCGACCAAT.1",6
"X1_TTTAGTCTCGAGCACC.1",8
"X1_TTTAGTCTCGTCAAAC.1",2
"X1_TTTAGTCTCTACACAG.1",8
"X1_TTTAGTCTCTCCAATT.1",5
"X1_TTTAGTCTCTTCCCGA.1",6
"X1_TTTATGCAGAAAGCGA.1",4
"X1_TTTATGCAGACATATG.1",3
"X1_TTTATGCAGACCAGAC.1",2
"X1_TTTATGCAGCCAGTAG.1",4
"X1_TTTATGCAGCCTAACT.1",3
"X1_TTTATGCAGGCCACCT.1",6
"X1_TTTATGCCACGATTCA.1",1000
"X1_TTTATGCCATAGAATG.1",7
"X1_TTTATGCCATTGAAAG.1",2
"X1_TTTATGCGTATGGGAC.1",3
"X1_TTTATGCGTTACACTG.1",4
"X1_TTTATGCGTTGATCGT.1",3
"X1_TTTATGCTCACGATAC.1",3
"X1_TTTATGCTCCTTCAGC.1",3
"X1_TTTCACAAGACGCAGT.1",5
"X1_TTTCACACAATTGGTC.1",4
"X1_TTTCACACACCGTGCA.1",7
"X1_TTTCACACATATCTCT.1",7
"X1_TTTCACACATTAGGCT.1",8
"X1_TTTCACAGTATCGGTT.1",3
"X1_TTTCACAGTGGTCTAT.1",1
"X1_TTTCACATCAGCTTCC.1",5
"X1_TTTCACATCCAAGAGG.1",4
"X1_TTTCACATCTCACGAA.1",6
"X1_TTTCACATCTCGTTTA.1",3
"X1_TTTCAGTAGCAAGCCA.1",6
"X1_TTTCAGTAGCCTCAGC.1",3
"X1_TTTCAGTAGCTAATCC.1",7
"X1_TTTCAGTAGTAGGGTC.1",6
"X1_TTTCAGTGTGTATACC.1",6
"X1_TTTCAGTTCCAAGCCG.1",8
"X1_TTTCAGTTCCGAAGGA.1",5
"X1_TTTCATGAGCAACAGC.1",5
"X1_TTTCATGAGGGACTGT.1",6
"X1_TTTCATGAGGGAGAAT.1",4
"X1_TTTCATGAGTCCCAGC.1",6
"X1_TTTCATGAGTTGCTCA.1",1000
"X1_TTTCATGCAAACTAAG.1",3
"X1_TTTCATGCAACTTGCA.1",8
"X1_TTTCATGCACTCAAGT.1",2
"X1_TTTCATGCAGAGAATT.1",6
"X1_TTTCATGCATACTTTC.1",7
"X1_TTTCATGGTACACTCA.1",3
"X1_TTTCATGGTATGAGGC.1",1
"X1_TTTCATGGTCCAGAAG.1",3
"X1_TTTCATGGTTGACTAC.1",8
"X1_TTTCCTCAGAAGTCCG.1",1
"X1_TTTCCTCCAATCGTCA.1",4
"X1_TTTCCTCCACGATTCA.1",6
"X1_TTTCCTCCATGGCTGC.1",2
"X1_TTTCCTCGTAAGATAC.1",7
"X1_TTTCCTCGTAGATGTA.1",5
"X1_TTTCCTCGTCATTCCC.1",6
"X1_TTTCCTCGTCTTCGAA.1",6
"X1_TTTCCTCGTTCTTGTT.1",3
"X1_TTTCCTCTCATCGCTC.1",5
"X1_TTTCCTCTCATGTCTT.1",8
"X1_TTTCCTCTCCGACATA.1",4
"X1_TTTCCTCTCGAGCCTG.1",5
"X1_TTTCGATAGACTCAAA.1",3
"X1_TTTCGATAGCCACCGT.1",3
"X1_TTTCGATAGGTTACAA.1",7
"X1_TTTCGATCAAACGGCA.1",6
"X1_TTTCGATCAAAGCACG.1",2
"X1_TTTCGATCAACGCCCA.1",8
"X1_TTTCGATCAGGACAGT.1",8
"X1_TTTCGATGTAGATTAG.1",1
"X1_TTTCGATGTCGACTGC.1",6
"X1_TTTCGATGTCTCCTGT.1",2
"X1_TTTCGATGTGGTCCCA.1",4
"X1_TTTCGATGTTCTCACC.1",3
"X1_TTTCGATTCAAGGACG.1",6
"X1_TTTCGATTCGTAGTCA.1",3
"X1_TTTGACTAGCCATTTG.1",3
"X1_TTTGACTAGGAGGGTG.1",5
"X1_TTTGACTAGGCATCTT.1",5
"X1_TTTGACTCAAGTCCAT.1",6
"X1_TTTGACTCAAGTTCCA.1",6
"X1_TTTGACTCACCTAAAC.1",1
"X1_TTTGACTCAGGCGAAT.1",1
"X1_TTTGACTCATGGAAGC.1",7
"X1_TTTGACTGTGGCTCTG.1",1000
"X1_TTTGACTGTTAAGGGC.1",7
"X1_TTTGACTGTTCGGCTG.1",4
"X1_TTTGACTTCAAGCTTG.1",7
"X1_TTTGACTTCCGACGGT.1",8
"X1_TTTGACTTCCGGACGT.1",7
"X1_TTTGACTTCCTGGTCT.1",3
"X1_TTTGACTTCGATAACC.1",7
"X1_TTTGACTTCGGAGATG.1",5
"X1_TTTGATCAGACCCGCT.1",1
"X1_TTTGATCAGCCAGACA.1",2
"X1_TTTGATCAGTCACTGT.1",7
"X1_TTTGATCCAAGACCGA.1",2
"X1_TTTGATCCAGTTGTTG.1",8
"X1_TTTGATCGTCGCCACA.1",3
"X1_TTTGATCTCCATATGG.1",2
"X1_TTTGGAGAGACAAGCC.1",2
"X1_TTTGGAGAGACTACCT.1",5
"X1_TTTGGAGAGCGGGTTA.1",7
"X1_TTTGGAGAGCTCTATG.1",6
"X1_TTTGGAGCAAAGGAGA.1",5
"X1_TTTGGAGCAAAGGGCT.1",5
"X1_TTTGGAGCAAGCTGTT.1",4
"X1_TTTGGAGCATGTGACT.1",3
"X1_TTTGGAGGTTCACCGG.1",1
"X1_TTTGGAGGTTCCACAA.1",4
"X1_TTTGGAGGTTGGCCTG.1",1
"X1_TTTGGAGGTTTGGGAG.1",4
"X1_TTTGGAGTCCCAACTC.1",5
"X1_TTTGGAGTCTCATTGT.1",8
"X1_TTTGGAGTCTTGGGCG.1",7
"X1_TTTGGTTAGACTTCGT.1",1
"X1_TTTGGTTAGCTTACGT.1",5
"X1_TTTGGTTAGTAAGAGG.1",2
"X1_TTTGGTTAGTCATGCT.1",8
"X1_TTTGGTTGTAACAGGC.1",7
"X1_TTTGGTTGTAGCGTTT.1",7
"X1_TTTGGTTGTTAAACAG.1",1000
"X1_TTTGGTTGTTCCTACC.1",2
"X1_TTTGGTTGTTTCGTTT.1",3
"X1_TTTGGTTTCACCCTCA.1",7
"X1_TTTGGTTTCACTGGGC.1",4
"X1_TTTGGTTTCGCAAGAG.1",1
"X1_TTTGGTTTCTGGTGGC.1",3
"X1_TTTGTTGAGCGCTGCT.1",3
"X1_TTTGTTGAGCTGTTAC.1",7
"X1_TTTGTTGCAATAGTAG.1",2
"X1_TTTGTTGCAGTAGATA.1",5
"X1_TTTGTTGCATAACCCA.1",1
"X1_TTTGTTGGTAGTGGCA.1",2
"X1_TTTGTTGTCAGTAGGG.1",6
"X1_TTTGTTGTCCACTTTA.1",7
"X1_TTTGTTGTCGGCATAT.1",3
"X1_TTTGTTGTCTCCATAT.1",7
