cell_barcode,assignment,prior_neg,prior_singlet,prior_doublet,n_noise
AAACCTGAGATGTTAG,2,0.05,0.8,0.15,7
AAACCTGCATCGATTG,4,0.05,0.8,0.15,7
AAACCTGGTAGGGTAC,2,0.05,0.8,0.15,7
AAACCTGGTGCCTTGG,2,0.05,0.8,0.15,7
AAACCTGGTTGGAGGT,1,0.05,0.8,0.15,7
AAACCTGTCGAGAGCA,1,0.05,0.8,0.15,7
AAACGGGAGAAAGTGG,2,0.05,0.8,0.15,7
AAACGGGAGGAGCGTT,1,0.05,0.8,0.15,7
AAACGGGAGTGTACTC,7,0.05,0.8,0.15,7
AAACGGGCATGCAATC,7,0.05,0.8,0.15,7
AAAGATGAGAAACGAG,1,0.05,0.8,0.15,7
AAAGATGAGATATACG,6,0.05,0.8,0.15,7
AAAGATGAGTTTGCGT,4,0.05,0.8,0.15,7
AAAGATGCAAGCGCTC,5,0.05,0.8,0.15,7
AAAGATGCACTACAGT,8,0.05,0.8,0.15,7
AAAGATGCATTCACTT,8,0.05,0.8,0.15,7
AAAGATGGTAAGTAGT,4,0.05,0.8,0.15,7
AAAGATGGTCCAGTTA,1000,0.05,0.8,0.15,7
AAAGATGGTTCCATGA,8,0.05,0.8,0.15,7
AAAGATGGTTCCGGCA,4,0.05,0.8,0.15,7
AAAGATGGTTGGGACA,1,0.05,0.8,0.15,7
AAAGATGTCGGCCGAT,4,0.05,0.8,0.15,7
AAAGATGTCGTCTGAA,7,0.05,0.8,0.15,7
AAAGATGTCTAACTGG,8,0.05,0.8,0.15,7
AAAGCAAAGACGACGT,1,0.05,0.8,0.15,7
AAAGCAAAGCAGCGTA,4,0.05,0.8,0.15,7
AAAGCAAAGGGTGTTG,3,0.05,0.8,0.15,7
AAAGCAAAGTCATGCT,4,0.05,0.8,0.15,7
AAAGCAACATAGGATA,8,0.05,0.8,0.15,7
AAAGCAAGTTACGTCA,8,0.05,0.8,0.15,7
AAAGCAAGTTTAAGCC,3,0.05,0.8,0.15,7
AAAGCAAGTTTGACTG,3,0.05,0.8,0.15,7
AAAGCAATCTCTAGGA,1000,0.05,0.8,0.15,7
AAAGTAGAGTACGTAA,7,0.05,0.8,0.15,7
AAAGTAGAGTGAAGTT,5,0.05,0.8,0.15,7
AAAGTAGCAATGAATG,3,0.05,0.8,0.15,7
AAAGTAGGTATTAGCC,3,0.05,0.8,0.15,7
AAAGTAGGTCATGCAT,4,0.05,0.8,0.15,7
AAAGTAGGTGTTCGAT,4,0.05,0.8,0.15,7
AAAGTAGTCCGTCAAA,0,0.05,0.8,0.15,7
AAAGTAGTCGGAGCAA,4,0.05,0.8,0.15,7
AAATGCCAGAAACGAG,1000,0.05,0.8,0.15,7
AAATGCCAGACTACAA,4,0.05,0.8,0.15,7
AAATGCCAGCTAACAA,2,0.05,0.8,0.15,7
AAATGCCAGTGTCCAT,8,0.05,0.8,0.15,7
AAATGCCCAACACCTA,2,0.05,0.8,0.15,7
AAATGCCCACAAGCCC,6,0.05,0.8,0.15,7
AAATGCCCAGATGGCA,8,0.05,0.8,0.15,7
AAATGCCGTCTAAAGA,1,0.05,0.8,0.15,7
AAATGCCGTTAGAACA,7,0.05,0.8,0.15,7
AAATGCCGTTCATGGT,4,0.05,0.8,0.15,7
AAATGCCTCAAGGTAA,6,0.05,0.8,0.15,7
AAATGCCTCAGGCGAA,1,0.05,0.8,0.15,7
AACACGTAGAAGGTTT,1000,0.05,0.8,0.15,7
AACACGTAGATCCTGT,4,0.05,0.8,0.15,7
AACACGTAGGTAGCCA,8,0.05,0.8,0.15,7
AACACGTCATAAGACA,1000,0.05,0.8,0.15,7
AACACGTTCAACCATG,7,0.05,0.8,0.15,7
AACACGTTCACGGTTA,2,0.05,0.8,0.15,7
AACCATGAGAATGTGT,4,0.05,0.8,0.15,7
AACCATGAGAGTCTGG,1,0.05,0.8,0.15,7
AACCATGCAGGTGCCT,6,0.05,0.8,0.15,7
AACCATGCAGTATAAG,6,0.05,0.8,0.15,7
AACCATGCAGTGAGTG,5,0.05,0.8,0.15,7
AACCATGGTACAAGTA,2,0.05,0.8,0.15,7
AACCATGGTACCCAAT,5,0.05,0.8,0.15,7
AACCATGGTCAATACC,1000,0.05,0.8,0.15,7
AACCATGGTGTGAATA,1,0.05,0.8,0.15,7
AACCATGTCACTCTTA,8,0.05,0.8,0.15,7
AACCATGTCGAGGTAG,2,0.05,0.8,0.15,7
AACCATGTCGCAGGCT,7,0.05,0.8,0.15,7
AACCATGTCGCGTAGC,7,0.05,0.8,0.15,7
AACCATGTCTTCGGTC,5,0.05,0.8,0.15,7
AACCGCGAGGGCACTA,1,0.05,0.8,0.15,7
AACCGCGAGTTTGCGT,1000,0.05,0.8,0.15,7
AACCGCGCAGCGAACA,7,0.05,0.8,0.15,7
AACCGCGCATATACGC,1,0.05,0.8,0.15,7
AACCGCGCATCCCATC,5,0.05,0.8,0.15,7
AACCGCGGTCGGGTCT,6,0.05,0.8,0.15,7
AACCGCGTCAGAGGTG,3,0.05,0.8,0.15,7
AACCGCGTCCCAGGTG,5,0.05,0.8,0.15,7
AACCGCGTCCTAGTGA,3,0.05,0.8,0.15,7
AACCGCGTCGACGGAA,8,0.05,0.8,0.15,7
AACCGCGTCTGTACGA,2,0.05,0.8,0.15,7
AACGTTGAGATCCTGT,1,0.05,0.8,0.15,7
AACGTTGAGCCTATGT,6,0.05,0.8,0.15,7
AACGTTGAGTGTCCAT,3,0.05,0.8,0.15,7
AACGTTGCAAACCTAC,4,0.05,0.8,0.15,7
AACGTTGCAAGGGTCA,3,0.05,0.8,0.15,7
AACGTTGCAAGTTCTG,5,0.05,0.8,0.15,7
AACGTTGCAGGGATTG,7,0.05,0.8,0.15,7
AACGTTGGTGTAAGTA,1,0.05,0.8,0.15,7
AACGTTGGTTATGTGC,5,0.05,0.8,0.15,7
AACGTTGTCGTTGCCT,1,0.05,0.8,0.15,7
AACTCAGAGCGTCAAG,4,0.05,0.8,0.15,7
AACTCAGCAACACCCG,1,0.05,0.8,0.15,7
AACTCAGCAAGGCTCC,3,0.05,0.8,0.15,7
AACTCAGCACCAGGTC,1,0.05,0.8,0.15,7
AACTCAGCAGGATTGG,3,0.05,0.8,0.15,7
AACTCAGCATCGATGT,3,0.05,0.8,0.15,7
AACTCAGCATGGATGG,2,0.05,0.8,0.15,7
AACTCAGGTCAGAGGT,3,0.05,0.8,0.15,7
AACTCAGTCAAACCGT,7,0.05,0.8,0.15,7
AACTCAGTCCACGTTC,5,0.05,0.8,0.15,7
AACTCCCAGGCTAGCA,7,0.05,0.8,0.15,7
AACTCCCAGTCAATAG,4,0.05,0.8,0.15,7
AACTCCCCAAACTGTC,6,0.05,0.8,0.15,7
AACTCCCCAAGTACCT,5,0.05,0.8,0.15,7
AACTCCCCAATGACCT,4,0.05,0.8,0.15,7
AACTCCCCACATTAGC,1,0.05,0.8,0.15,7
AACTCCCCACTGTCGG,8,0.05,0.8,0.15,7
AACTCCCCAGGCTCAC,7,0.05,0.8,0.15,7
AACTCCCGTCTAGCCG,0,0.05,0.8,0.15,7
AACTCCCGTGACTACT,7,0.05,0.8,0.15,7
AACTCCCGTGTCGCTG,8,0.05,0.8,0.15,7
AACTCCCGTTCCACTC,3,0.05,0.8,0.15,7
AACTCCCGTTTGGGCC,5,0.05,0.8,0.15,7
AACTCCCTCACGCATA,4,0.05,0.8,0.15,7
AACTCCCTCCTAGTGA,0,0.05,0.8,0.15,7
AACTCCCTCTACCAGA,3,0.05,0.8,0.15,7
AACTCCCTCTCATTCA,7,0.05,0.8,0.15,7
AACTCCCTCTTAGAGC,3,0.05,0.8,0.15,7
AACTCTTAGACGCACA,7,0.05,0.8,0.15,7
AACTCTTAGAGTCGGT,0,0.05,0.8,0.15,7
AACTCTTAGCGCTTAT,4,0.05,0.8,0.15,7
AACTCTTAGCGGCTTC,1,0.05,0.8,0.15,7
AACTCTTAGCTAGGCA,3,0.05,0.8,0.15,7
AACTCTTAGTGTCCAT,6,0.05,0.8,0.15,7
AACTCTTCACGTCTCT,1,0.05,0.8,0.15,7
AACTCTTCAGACTCGC,1000,0.05,0.8,0.15,7
AACTCTTGTCAATACC,7,0.05,0.8,0.15,7
AACTCTTTCAAGAAGT,1,0.05,0.8,0.15,7
AACTCTTTCCTTCAAT,3,0.05,0.8,0.15,7
AACTCTTTCGCGTTTC,5,0.05,0.8,0.15,7
AACTCTTTCGTAGATC,7,0.05,0.8,0.15,7
AACTGGTAGAGCAATT,6,0.05,0.8,0.15,7
AACTGGTAGAGCCTAG,1000,0.05,0.8,0.15,7
AACTGGTAGCTATGCT,4,0.05,0.8,0.15,7
AACTGGTCAAGTAATG,8,0.05,0.8,0.15,7
AACTGGTCACACATGT,7,0.05,0.8,0.15,7
AACTGGTCAGATGAGC,4,0.05,0.8,0.15,7
AACTGGTGTACCTACA,1000,0.05,0.8,0.15,7
AACTGGTGTGCAACGA,7,0.05,0.8,0.15,7
AACTGGTGTTAAAGAC,4,0.05,0.8,0.15,7
AACTGGTTCACTTATC,1,0.05,0.8,0.15,7
AACTTTCAGTACATGA,6,0.05,0.8,0.15,7
AACTTTCAGTAGCGGT,1,0.05,0.8,0.15,7
AACTTTCAGTCCAGGA,6,0.05,0.8,0.15,7
AACTTTCCAGTACACT,6,0.05,0.8,0.15,7
AACTTTCCATGTCGAT,7,0.05,0.8,0.15,7
AACTTTCGTGGTCCGT,7,0.05,0.8,0.15,7
AACTTTCGTGGTTTCA,3,0.05,0.8,0.15,7
AACTTTCGTGTGAATA,1000,0.05,0.8,0.15,7
AACTTTCGTTAGATGA,7,0.05,0.8,0.15,7
AACTTTCGTTGAACTC,8,0.05,0.8,0.15,7
AACTTTCTCTGCGGCA,4,0.05,0.8,0.15,7
AAGACCTAGCATGGCA,5,0.05,0.8,0.15,7
AAGACCTAGTCCGTAT,1000,0.05,0.8,0.15,7
AAGACCTAGTGGCACA,6,0.05,0.8,0.15,7
AAGACCTCAAGACGTG,8,0.05,0.8,0.15,7
AAGACCTCAAGAGTCG,5,0.05,0.8,0.15,7
AAGACCTCAGTTCCCT,2,0.05,0.8,0.15,7
AAGACCTCATCACAAC,6,0.05,0.8,0.15,7
AAGACCTGTGTGTGCC,1,0.05,0.8,0.15,7
AAGACCTGTTGCGTTA,8,0.05,0.8,0.15,7
AAGCCGCAGAGCTTCT,6,0.05,0.8,0.15,7
AAGCCGCAGCACGCCT,7,0.05,0.8,0.15,7
AAGCCGCAGCGATATA,1,0.05,0.8,0.15,7
AAGCCGCAGCGGATCA,5,0.05,0.8,0.15,7
AAGCCGCAGCGTTTAC,4,0.05,0.8,0.15,7
AAGCCGCAGGTTACCT,4,0.05,0.8,0.15,7
AAGCCGCCACCCAGTG,2,0.05,0.8,0.15,7
AAGCCGCGTGTAAGTA,4,0.05,0.8,0.15,7
AAGCCGCTCCAATGGT,1,0.05,0.8,0.15,7
AAGCCGCTCCCGACTT,4,0.05,0.8,0.15,7
AAGGAGCAGGCTCAGA,1000,0.05,0.8,0.15,7
AAGGAGCCACTCGACG,8,0.05,0.8,0.15,7
AAGGAGCGTAGCACGA,4,0.05,0.8,0.15,7
AAGGAGCGTGCACCAC,7,0.05,0.8,0.15,7
AAGGAGCGTGGCTCCA,8,0.05,0.8,0.15,7
AAGGAGCGTTGTTTGG,5,0.05,0.8,0.15,7
AAGGAGCTCAACGAAA,3,0.05,0.8,0.15,7
AAGGAGCTCCAGGGCT,2,0.05,0.8,0.15,7
AAGGAGCTCTCAAGTG,7,0.05,0.8,0.15,7
AAGGCAGAGACTTTCG,2,0.05,0.8,0.15,7
AAGGCAGAGAGCCCAA,1000,0.05,0.8,0.15,7
AAGGCAGAGCGATTCT,3,0.05,0.8,0.15,7
AAGGCAGAGGGTGTGT,7,0.05,0.8,0.15,7
AAGGCAGAGTTAACGA,7,0.05,0.8,0.15,7
AAGGCAGCACACTGCG,7,0.05,0.8,0.15,7
AAGGCAGCAGTAAGAT,1,0.05,0.8,0.15,7
AAGGCAGGTAAATGAC,3,0.05,0.8,0.15,7
AAGGCAGGTAGTAGTA,4,0.05,0.8,0.15,7
AAGGCAGGTATCGCAT,8,0.05,0.8,0.15,7
AAGGCAGGTCCGCTGA,0,0.05,0.8,0.15,7
AAGGCAGGTGCAGGTA,3,0.05,0.8,0.15,7
AAGGCAGTCAACACGT,0,0.05,0.8,0.15,7
AAGGCAGTCTCGATGA,8,0.05,0.8,0.15,7
AAGGCAGTCTGCGTAA,5,0.05,0.8,0.15,7
AAGGCAGTCTGGTGTA,4,0.05,0.8,0.15,7
AAGGCAGTCTGTCAAG,3,0.05,0.8,0.15,7
AAGGCAGTCTTCTGGC,1000,0.05,0.8,0.15,7
AAGGTTCAGTATCTCG,1,0.05,0.8,0.15,7
AAGGTTCAGTGAAGTT,1000,0.05,0.8,0.15,7
AAGGTTCAGTTAGCGG,7,0.05,0.8,0.15,7
AAGGTTCCAATGGAAT,2,0.05,0.8,0.15,7
AAGGTTCCACCGCTAG,2,0.05,0.8,0.15,7
AAGGTTCGTCTAGTCA,3,0.05,0.8,0.15,7
AAGGTTCTCCGTAGGC,1000,0.05,0.8,0.15,7
AAGGTTCTCGCCATAA,8,0.05,0.8,0.15,7
AAGGTTCTCTTCCTTC,1,0.05,0.8,0.15,7
AAGTCTGAGAGGACGG,5,0.05,0.8,0.15,7
AAGTCTGAGAGGTACC,5,0.05,0.8,0.15,7
AAGTCTGAGGAGTACC,8,0.05,0.8,0.15,7
AAGTCTGCACGCATCG,2,0.05,0.8,0.15,7
AAGTCTGCACGGCGTT,4,0.05,0.8,0.15,7
AAGTCTGCATTATCTC,8,0.05,0.8,0.15,7
AAGTCTGGTCAAACTC,6,0.05,0.8,0.15,7
AAGTCTGGTGTGAATA,2,0.05,0.8,0.15,7
AAGTCTGTCGAGAGCA,2,0.05,0.8,0.15,7
AATCCAGAGAATGTTG,8,0.05,0.8,0.15,7
AATCCAGAGTGGACGT,4,0.05,0.8,0.15,7
AATCCAGAGTTAGGTA,3,0.05,0.8,0.15,7
AATCCAGTCAACGAAA,6,0.05,0.8,0.15,7
AATCCAGTCCATTCTA,3,0.05,0.8,0.15,7
AATCCAGTCCTAGGGC,1000,0.05,0.8,0.15,7
AATCGGTAGATGAGAG,6,0.05,0.8,0.15,7
AATCGGTAGCGCCTCA,7,0.05,0.8,0.15,7
AATCGGTAGGCGCTCT,5,0.05,0.8,0.15,7
AATCGGTAGTGCGATG,7,0.05,0.8,0.15,7
AATCGGTCAAAGTCAA,5,0.05,0.8,0.15,7
AATCGGTCAACTGCGC,4,0.05,0.8,0.15,7
AATCGGTCACACCGAC,8,0.05,0.8,0.15,7
AATCGGTCATCCGCGA,5,0.05,0.8,0.15,7
AATCGGTCATCTATGG,4,0.05,0.8,0.15,7
AATCGGTGTCGCGTGT,5,0.05,0.8,0.15,7
AATCGGTGTGTAAGTA,5,0.05,0.8,0.15,7
ACACCAACAAGGACAC,4,0.05,0.8,0.15,7
ACACCAACAAGTTCTG,6,0.05,0.8,0.15,7
ACACCAACATCTACGA,3,0.05,0.8,0.15,7
ACACCAAGTCCATGAT,3,0.05,0.8,0.15,7
ACACCAAGTCTGGTCG,4,0.05,0.8,0.15,7
ACACCAAGTGTGACCC,4,0.05,0.8,0.15,7
ACACCAAGTTACCAGT,1,0.05,0.8,0.15,7
ACACCAAGTTCATGGT,4,0.05,0.8,0.15,7
ACACCAATCGCGGATC,1000,0.05,0.8,0.15,7
ACACCAATCTCTGCTG,1,0.05,0.8,0.15,7
ACACCCTAGACAATAC,4,0.05,0.8,0.15,7
ACACCCTAGCTAGTTC,5,0.05,0.8,0.15,7
ACACCCTAGTATTGGA,4,0.05,0.8,0.15,7
ACACCCTCAAGTTAAG,7,0.05,0.8,0.15,7
ACACCCTCACAGGAGT,4,0.05,0.8,0.15,7
ACACCCTCACTTGGAT,7,0.05,0.8,0.15,7
ACACCCTCAGCTTAAC,3,0.05,0.8,0.15,7
ACACCCTCAGTTCATG,1,0.05,0.8,0.15,7
ACACCCTGTGTGACGA,8,0.05,0.8,0.15,7
ACACCCTTCCAAACTG,1,0.05,0.8,0.15,7
ACACCCTTCCTTGACC,1000,0.05,0.8,0.15,7
ACACCCTTCGCATGAT,6,0.05,0.8,0.15,7
ACACCCTTCGTACGGC,3,0.05,0.8,0.15,7
ACACCCTTCGTTTGCC,4,0.05,0.8,0.15,7
ACACCGGAGACAAGCC,2,0.05,0.8,0.15,7
ACACCGGAGCGATGAC,4,0.05,0.8,0.15,7
ACACCGGAGCGTAGTG,1,0.05,0.8,0.15,7
ACACCGGAGGAGTCTG,3,0.05,0.8,0.15,7
ACACCGGGTATTACCG,4,0.05,0.8,0.15,7
ACACCGGTCCGCTGTT,5,0.05,0.8,0.15,7
ACACCGGTCCTATTCA,1000,0.05,0.8,0.15,7
ACACCGGTCGTACCGG,8,0.05,0.8,0.15,7
ACACCGGTCTTGTACT,1,0.05,0.8,0.15,7
ACACTGAAGATATGGT,7,0.05,0.8,0.15,7
ACACTGAAGATGTGGC,1,0.05,0.8,0.15,7
ACACTGAAGTAGCGGT,5,0.05,0.8,0.15,7
ACACTGACACAGTCGC,8,0.05,0.8,0.15,7
ACACTGACACCGCTAG,4,0.05,0.8,0.15,7
ACACTGACAGCTCGCA,1,0.05,0.8,0.15,7
ACACTGACAGTATCTG,1,0.05,0.8,0.15,7
ACACTGACAGTGGAGT,7,0.05,0.8,0.15,7
ACACTGAGTACCTACA,1000,0.05,0.8,0.15,7
ACACTGAGTATGAAAC,1,0.05,0.8,0.15,7
ACACTGAGTCCGAAGA,1000,0.05,0.8,0.15,7
ACACTGAGTGAGGGTT,1000,0.05,0.8,0.15,7
ACACTGAGTGTCGCTG,5,0.05,0.8,0.15,7
ACACTGATCACTTATC,8,0.05,0.8,0.15,7
ACACTGATCCCTCTTT,1000,0.05,0.8,0.15,7
ACACTGATCCTTGGTC,2,0.05,0.8,0.15,7
ACACTGATCGATAGAA,7,0.05,0.8,0.15,7
ACACTGATCTGTCAAG,3,0.05,0.8,0.15,7
ACACTGATCTGTCCGT,3,0.05,0.8,0.15,7
ACACTGATCTTCGAGA,7,0.05,0.8,0.15,7
ACAGCCGAGAGTTGGC,3,0.05,0.8,0.15,7
ACAGCCGAGGATGGAA,1,0.05,0.8,0.15,7
ACAGCCGAGTGCTGCC,1,0.05,0.8,0.15,7
ACAGCCGCAGCGAACA,8,0.05,0.8,0.15,7
ACAGCCGCAGTTCCCT,8,0.05,0.8,0.15,7
ACAGCCGCATCTACGA,8,0.05,0.8,0.15,7
ACAGCCGCATGCCTTC,0,0.05,0.8,0.15,7
ACAGCCGGTAGAGGAA,6,0.05,0.8,0.15,7
ACAGCCGTCTTGTTTG,2,0.05,0.8,0.15,7
ACAGCTAAGACCACGA,4,0.05,0.8,0.15,7
ACAGCTAAGCAGATCG,8,0.05,0.8,0.15,7
ACAGCTACAGTCGTGC,8,0.05,0.8,0.15,7
ACAGCTACATCCGCGA,6,0.05,0.8,0.15,7
ACAGCTAGTCCAGTTA,1,0.05,0.8,0.15,7
ACAGCTAGTCCGTTAA,4,0.05,0.8,0.15,7
ACAGCTATCAACGAAA,2,0.05,0.8,0.15,7
ACAGCTATCCGTTGTC,2,0.05,0.8,0.15,7
ACAGCTATCTGGTATG,2,0.05,0.8,0.15,7
ACATACGAGTGAATTG,8,0.05,0.8,0.15,7
ACATACGCAATGGAGC,7,0.05,0.8,0.15,7
ACATACGCACTTCGAA,8,0.05,0.8,0.15,7
ACATACGCAGTAACGG,4,0.05,0.8,0.15,7
ACATACGCAGTAGAGC,2,0.05,0.8,0.15,7
ACATACGCATCCCACT,3,0.05,0.8,0.15,7
ACATACGGTATAGGGC,1000,0.05,0.8,0.15,7
ACATACGGTTCCACAA,1,0.05,0.8,0.15,7
ACATCAGAGGAGCGAG,5,0.05,0.8,0.15,7
ACATCAGAGTGGAGAA,1,0.05,0.8,0.15,7
ACATCAGCAATCCAAC,3,0.05,0.8,0.15,7
ACATCAGCAGCTATTG,1,0.05,0.8,0.15,7
ACATCAGCAGTTCATG,8,0.05,0.8,0.15,7
ACATCAGGTAGGGTAC,1,0.05,0.8,0.15,7
ACATCAGGTCATACTG,7,0.05,0.8,0.15,7
ACATCAGTCAAACCGT,4,0.05,0.8,0.15,7
ACATCAGTCCTTAATC,4,0.05,0.8,0.15,7
ACATCAGTCCTTGACC,8,0.05,0.8,0.15,7
ACATCAGTCTCGTATT,4,0.05,0.8,0.15,7
ACATCAGTCTCGTTTA,4,0.05,0.8,0.15,7
ACATCAGTCTGAGGGA,1,0.05,0.8,0.15,7
ACATGGTCACCGGAAA,7,0.05,0.8,0.15,7
ACATGGTGTATCACCA,1,0.05,0.8,0.15,7
ACATGGTGTCTAGAGG,6,0.05,0.8,0.15,7
ACATGGTGTGCAGACA,3,0.05,0.8,0.15,7
ACCAGTAAGACAGAGA,5,0.05,0.8,0.15,7
ACCAGTAAGCTGCCCA,6,0.05,0.8,0.15,7
ACCAGTAAGGCAATTA,3,0.05,0.8,0.15,7
ACCAGTAAGTGTGAAT,1,0.05,0.8,0.15,7
ACCAGTACACCCATTC,5,0.05,0.8,0.15,7
ACCAGTACACGAAATA,3,0.05,0.8,0.15,7
ACCAGTACACTGAAGG,4,0.05,0.8,0.15,7
ACCAGTAGTAAGAGGA,3,0.05,0.8,0.15,7
ACCAGTAGTTACGTCA,8,0.05,0.8,0.15,7
ACCAGTATCCCTGACT,3,0.05,0.8,0.15,7
ACCAGTATCGCAGGCT,1,0.05,0.8,0.15,7
ACCAGTATCGCGCCAA,3,0.05,0.8,0.15,7
ACCAGTATCTGGTTCC,1000,0.05,0.8,0.15,7
ACCCACTAGCCTCGTG,8,0.05,0.8,0.15,7
ACCCACTAGGGTTTCT,2,0.05,0.8,0.15,7
ACCCACTCAACGATGG,6,0.05,0.8,0.15,7
ACCCACTCACCAGTTA,4,0.05,0.8,0.15,7
ACCCACTCACCCATGG,1,0.05,0.8,0.15,7
ACCCACTCATCTATGG,8,0.05,0.8,0.15,7
ACCCACTCATTCCTGC,2,0.05,0.8,0.15,7
ACCCACTGTAAGTGTA,1,0.05,0.8,0.15,7
ACCCACTGTAATTGGA,7,0.05,0.8,0.15,7
ACCCACTGTGACTCAT,1,0.05,0.8,0.15,7
ACCCACTGTGATGCCC,3,0.05,0.8,0.15,7
ACCCACTTCTCCAACC,2,0.05,0.8,0.15,7
ACCGTAAAGAGGGCTT,4,0.05,0.8,0.15,7
ACCGTAAAGGATGGTC,7,0.05,0.8,0.15,7
ACCGTAAAGGTAGCTG,4,0.05,0.8,0.15,7
ACCGTAACAAGACACG,7,0.05,0.8,0.15,7
ACCGTAACACCGGAAA,5,0.05,0.8,0.15,7
ACCGTAAGTATATCCG,3,0.05,0.8,0.15,7
ACCGTAAGTCCATGAT,6,0.05,0.8,0.15,7
ACCGTAAGTCTGATTG,4,0.05,0.8,0.15,7
ACCGTAAGTTGAGTTC,7,0.05,0.8,0.15,7
ACCGTAATCACTGGGC,1,0.05,0.8,0.15,7
ACCGTAATCACTTACT,5,0.05,0.8,0.15,7
ACCGTAATCAGGCCCA,8,0.05,0.8,0.15,7
ACCGTAATCATAAAGG,2,0.05,0.8,0.15,7
ACCTTTAAGAGCAATT,2,0.05,0.8,0.15,7
ACCTTTAAGCTGCAAG,3,0.05,0.8,0.15,7
ACCTTTACAATTGCTG,5,0.05,0.8,0.15,7
ACCTTTACACATTAGC,3,0.05,0.8,0.15,7
ACCTTTACATCACCCT,7,0.05,0.8,0.15,7
ACCTTTACATTAGCCA,3,0.05,0.8,0.15,7
ACCTTTAGTACGAAAT,5,0.05,0.8,0.15,7
ACCTTTAGTCCTAGCG,1000,0.05,0.8,0.15,7
ACCTTTAGTCGCATAT,5,0.05,0.8,0.15,7
ACCTTTAGTGCTCTTC,2,0.05,0.8,0.15,7
ACCTTTAGTGGTTTCA,2,0.05,0.8,0.15,7
ACCTTTAGTTGGAGGT,4,0.05,0.8,0.15,7
ACCTTTATCGTTGACA,6,0.05,0.8,0.15,7
ACGAGCCAGAAACCAT,4,0.05,0.8,0.15,7
ACGAGCCAGACTAGGC,1000,0.05,0.8,0.15,7
ACGAGCCAGCGATCCC,1,0.05,0.8,0.15,7
ACGAGCCGTACCGCTG,4,0.05,0.8,0.15,7
ACGAGCCGTCATACTG,8,0.05,0.8,0.15,7
ACGAGCCGTCATGCCG,4,0.05,0.8,0.15,7
ACGAGCCGTCCGTTAA,8,0.05,0.8,0.15,7
ACGAGCCTCCCTCAGT,2,0.05,0.8,0.15,7
ACGAGCCTCTTTACAC,5,0.05,0.8,0.15,7
ACGAGGAAGACGACGT,1000,0.05,0.8,0.15,7
ACGAGGACAATGGATA,4,0.05,0.8,0.15,7
ACGAGGACAGCTCCGA,3,0.05,0.8,0.15,7
ACGAGGACAGGTGGAT,1,0.05,0.8,0.15,7
ACGAGGAGTAGCTGCC,8,0.05,0.8,0.15,7
ACGAGGAGTCAATGTC,2,0.05,0.8,0.15,7
ACGAGGAGTGTTCTTT,3,0.05,0.8,0.15,7
ACGAGGATCACCTTAT,1,0.05,0.8,0.15,7
ACGAGGATCACTATTC,3,0.05,0.8,0.15,7
ACGAGGATCACTTACT,5,0.05,0.8,0.15,7
ACGAGGATCGGTTCGG,0,0.05,0.8,0.15,7
ACGAGGATCTCTGAGA,5,0.05,0.8,0.15,7
ACGATACAGACAGGCT,6,0.05,0.8,0.15,7
ACGATACAGCCACCTG,2,0.05,0.8,0.15,7
ACGATACAGGTGCTTT,3,0.05,0.8,0.15,7
ACGATACAGTGGACGT,1,0.05,0.8,0.15,7
ACGATACCACACCGCA,3,0.05,0.8,0.15,7
ACGATACCAGGCAGTA,3,0.05,0.8,0.15,7
ACGATACGTAGAAAGG,1,0.05,0.8,0.15,7
ACGATACGTCTCTCTG,3,0.05,0.8,0.15,7
ACGATACGTTCTGTTT,1,0.05,0.8,0.15,7
ACGATACTCAATCTCT,4,0.05,0.8,0.15,7
ACGATACTCACATAGC,1,0.05,0.8,0.15,7
ACGATACTCGATAGAA,6,0.05,0.8,0.15,7
ACGATACTCGTCTGAA,0,0.05,0.8,0.15,7
ACGATACTCTAGCACA,3,0.05,0.8,0.15,7
ACGATGTAGAATAGGG,1,0.05,0.8,0.15,7
ACGATGTAGGACTGGT,3,0.05,0.8,0.15,7
ACGATGTAGGAGTAGA,2,0.05,0.8,0.15,7
ACGATGTAGTGTCTCA,5,0.05,0.8,0.15,7
ACGATGTCACGACGAA,1,0.05,0.8,0.15,7
ACGATGTGTAGCCTCG,5,0.05,0.8,0.15,7
ACGATGTGTCACTTCC,3,0.05,0.8,0.15,7
ACGATGTGTCCTAGCG,1000,0.05,0.8,0.15,7
ACGATGTGTCGACTAT,4,0.05,0.8,0.15,7
ACGATGTGTTCCCGAG,6,0.05,0.8,0.15,7
ACGATGTTCAGGCAAG,6,0.05,0.8,0.15,7
ACGATGTTCATCGGAT,1,0.05,0.8,0.15,7
ACGATGTTCGGAGCAA,2,0.05,0.8,0.15,7
ACGATGTTCTACTCAT,8,0.05,0.8,0.15,7
ACGCAGCAGCACAGGT,8,0.05,0.8,0.15,7
ACGCAGCAGGATCGCA,7,0.05,0.8,0.15,7
ACGCAGCAGTGTGGCA,1,0.05,0.8,0.15,7
ACGCAGCCAGGCAGTA,3,0.05,0.8,0.15,7
ACGCAGCCAGTATGCT,6,0.05,0.8,0.15,7
ACGCAGCGTCATATCG,1,0.05,0.8,0.15,7
ACGCAGCTCCCAAGAT,6,0.05,0.8,0.15,7
ACGCAGCTCTACTTAC,8,0.05,0.8,0.15,7
ACGCAGCTCTGATACG,5,0.05,0.8,0.15,7
ACGCAGCTCTTGACGA,1,0.05,0.8,0.15,7
ACGCCAGAGCAACGGT,4,0.05,0.8,0.15,7
ACGCCAGAGCTGATAA,1,0.05,0.8,0.15,7
ACGCCAGAGGTCGGAT,5,0.05,0.8,0.15,7
ACGCCAGCATCCCATC,8,0.05,0.8,0.15,7
ACGCCAGCATTGGGCC,7,0.05,0.8,0.15,7
ACGCCAGGTAAAGTCA,8,0.05,0.8,0.15,7
ACGCCAGGTCGGGTCT,6,0.05,0.8,0.15,7
ACGCCAGTCTGCTGCT,1,0.05,0.8,0.15,7
ACGCCGAAGACTAGAT,7,0.05,0.8,0.15,7
ACGCCGAAGCCACGCT,5,0.05,0.8,0.15,7
ACGCCGAAGGCTAGGT,8,0.05,0.8,0.15,7
ACGCCGACAAGCCTAT,4,0.05,0.8,0.15,7
ACGCCGACAGATGGCA,7,0.05,0.8,0.15,7
ACGCCGACAGCAGTTT,7,0.05,0.8,0.15,7
ACGCCGACAGCTGTGC,2,0.05,0.8,0.15,7
ACGCCGAGTTCCAACA,8,0.05,0.8,0.15,7
ACGCCGATCAACGGGA,2,0.05,0.8,0.15,7
ACGCCGATCAGGCCCA,7,0.05,0.8,0.15,7
ACGCCGATCAGTTAGC,1000,0.05,0.8,0.15,7
ACGCCGATCGAGCCCA,3,0.05,0.8,0.15,7
ACGCCGATCTGGTTCC,5,0.05,0.8,0.15,7
ACGGAGAAGGACAGAA,2,0.05,0.8,0.15,7
ACGGAGACACGCATCG,7,0.05,0.8,0.15,7
ACGGAGAGTGATGATA,6,0.05,0.8,0.15,7
ACGGAGAGTTGCGCAC,4,0.05,0.8,0.15,7
ACGGAGAGTTTCCACC,7,0.05,0.8,0.15,7
ACGGAGATCCACGACG,7,0.05,0.8,0.15,7
ACGGAGATCCTAGTGA,5,0.05,0.8,0.15,7
ACGGAGATCGTCCAGG,2,0.05,0.8,0.15,7
ACGGAGATCTGAGTGT,1000,0.05,0.8,0.15,7
ACGGCCAAGATGTGGC,8,0.05,0.8,0.15,7
ACGGCCAAGCATCATC,4,0.05,0.8,0.15,7
ACGGCCACACGAAATA,1000,0.05,0.8,0.15,7
ACGGCCACACTTCGAA,1,0.05,0.8,0.15,7
ACGGCCAGTGTGAATA,6,0.05,0.8,0.15,7
ACGGCCAGTGTGACCC,4,0.05,0.8,0.15,7
ACGGCCAGTGTTTGGT,6,0.05,0.8,0.15,7
ACGGCCATCCCTCTTT,5,0.05,0.8,0.15,7
ACGGCCATCGATGAGG,2,0.05,0.8,0.15,7
ACGGCCATCTTAGCCC,8,0.05,0.8,0.15,7
ACGGGCTAGGTGCTTT,4,0.05,0.8,0.15,7
ACGGGCTAGTATCTCG,2,0.05,0.8,0.15,7
ACGGGCTCAAGTACCT,3,0.05,0.8,0.15,7
ACGGGCTCACCATGTA,7,0.05,0.8,0.15,7
ACGGGCTCACCCATTC,3,0.05,0.8,0.15,7
ACGGGCTGTCTAAAGA,7,0.05,0.8,0.15,7
ACGGGCTGTCTCCACT,1000,0.05,0.8,0.15,7
ACGGGCTTCCGAGCCA,7,0.05,0.8,0.15,7
ACGGGCTTCGCGCCAA,4,0.05,0.8,0.15,7
ACGGGCTTCGCTTGTC,5,0.05,0.8,0.15,7
ACGGGCTTCTCACATT,1,0.05,0.8,0.15,7
ACGGGCTTCTGTGCAA,2,0.05,0.8,0.15,7
ACGGGTCAGCGAGAAA,1000,0.05,0.8,0.15,7
ACGGGTCAGCTACCGC,3,0.05,0.8,0.15,7
ACGGGTCAGGCAAAGA,8,0.05,0.8,0.15,7
ACGGGTCAGGCGCTCT,4,0.05,0.8,0.15,7
ACGGGTCAGTACGCCC,2,0.05,0.8,0.15,7
ACGGGTCCATCCTTGC,8,0.05,0.8,0.15,7
ACGGGTCCATGAACCT,7,0.05,0.8,0.15,7
ACGGGTCCATTCTTAC,5,0.05,0.8,0.15,7
ACGGGTCGTATAGGTA,5,0.05,0.8,0.15,7
ACGGGTCGTTGTCTTT,7,0.05,0.8,0.15,7
ACGGGTCTCCAAATGC,4,0.05,0.8,0.15,7
ACGGGTCTCCCTTGTG,4,0.05,0.8,0.15,7
ACGTCAAAGCTGATAA,4,0.05,0.8,0.15,7
ACGTCAAAGGAATTAC,3,0.05,0.8,0.15,7
ACGTCAAAGTTGCAGG,3,0.05,0.8,0.15,7
ACGTCAACACATCTTT,8,0.05,0.8,0.15,7
ACGTCAACATTTCAGG,3,0.05,0.8,0.15,7
ACGTCAAGTGGTAACG,3,0.05,0.8,0.15,7
ACGTCAAGTTTAGGAA,1000,0.05,0.8,0.15,7
ACGTCAATCGCGGATC,4,0.05,0.8,0.15,7
ACTATCTAGCATGGCA,5,0.05,0.8,0.15,7
ACTATCTAGCTCCTTC,6,0.05,0.8,0.15,7
ACTATCTAGTACACCT,1,0.05,0.8,0.15,7
ACTATCTCATCTCCCA,6,0.05,0.8,0.15,7
ACTATCTGTACCGTAT,2,0.05,0.8,0.15,7
ACTATCTGTAGCGATG,1000,0.05,0.8,0.15,7
ACTATCTTCGTCCAGG,8,0.05,0.8,0.15,7
ACTGAACAGAGAACAG,4,0.05,0.8,0.15,7
ACTGAACAGAGGTTGC,3,0.05,0.8,0.15,7
ACTGAACAGCTCCTTC,3,0.05,0.8,0.15,7
ACTGAACCAGCTCGCA,5,0.05,0.8,0.15,7
ACTGAACCAGTTCATG,4,0.05,0.8,0.15,7
ACTGAACGTCTACCTC,6,0.05,0.8,0.15,7
ACTGAACGTTCCTCCA,1,0.05,0.8,0.15,7
ACTGAACTCGGTTCGG,7,0.05,0.8,0.15,7
ACTGAGTAGAGGTTGC,7,0.05,0.8,0.15,7
ACTGAGTAGAGTACAT,7,0.05,0.8,0.15,7
ACTGAGTAGCTGCCCA,3,0.05,0.8,0.15,7
ACTGAGTAGGGTGTGT,1,0.05,0.8,0.15,7
ACTGAGTAGTTTGCGT,7,0.05,0.8,0.15,7
ACTGAGTCAAACGTGG,1,0.05,0.8,0.15,7
ACTGAGTCACAGACAG,5,0.05,0.8,0.15,7
ACTGAGTCACCGCTAG,1,0.05,0.8,0.15,7
ACTGAGTCACTGTGTA,1000,0.05,0.8,0.15,7
ACTGAGTCAGGCAGTA,5,0.05,0.8,0.15,7
ACTGAGTCAGGTGGAT,7,0.05,0.8,0.15,7
ACTGAGTCATCGACGC,7,0.05,0.8,0.15,7
ACTGAGTGTAAAGTCA,8,0.05,0.8,0.15,7
ACTGAGTGTTGGGACA,7,0.05,0.8,0.15,7
ACTGAGTTCAAGGTAA,1,0.05,0.8,0.15,7
ACTGAGTTCCTCTAGC,7,0.05,0.8,0.15,7
ACTGAGTTCTACTCAT,7,0.05,0.8,0.15,7
ACTGATGAGAAACCGC,7,0.05,0.8,0.15,7
ACTGATGAGATGCGAC,6,0.05,0.8,0.15,7
ACTGATGCAGCATACT,1,0.05,0.8,0.15,7
ACTGATGGTGACGGTA,3,0.05,0.8,0.15,7
ACTGATGGTTGATTGC,8,0.05,0.8,0.15,7
ACTGATGTCAGTGCAT,4,0.05,0.8,0.15,7
ACTGATGTCCGCAGTG,3,0.05,0.8,0.15,7
ACTGATGTCCTTTCGG,2,0.05,0.8,0.15,7
ACTGATGTCTCAACTT,1000,0.05,0.8,0.15,7
ACTGCTCAGATGGGTC,7,0.05,0.8,0.15,7
ACTGCTCAGCACAGGT,6,0.05,0.8,0.15,7
ACTGCTCAGTACGCGA,2,0.05,0.8,0.15,7
ACTGCTCAGTATTGGA,4,0.05,0.8,0.15,7
ACTGCTCGTAAGGATT,7,0.05,0.8,0.15,7
ACTGCTCGTCGCGTGT,1,0.05,0.8,0.15,7
ACTGCTCTCACTATTC,6,0.05,0.8,0.15,7
ACTGCTCTCCAGGGCT,8,0.05,0.8,0.15,7
ACTGCTCTCTCCTATA,1000,0.05,0.8,0.15,7
ACTGCTCTCTTGACGA,5,0.05,0.8,0.15,7
ACTGTCCCAGTACACT,5,0.05,0.8,0.15,7
ACTGTCCCAGTATCTG,6,0.05,0.8,0.15,7
ACTGTCCCATGGGACA,4,0.05,0.8,0.15,7
ACTGTCCGTCTTGTCC,8,0.05,0.8,0.15,7
ACTGTCCGTGCGAAAC,4,0.05,0.8,0.15,7
ACTGTCCGTGGTCCGT,4,0.05,0.8,0.15,7
ACTGTCCTCGAGAACG,5,0.05,0.8,0.15,7
ACTGTCCTCGTTTATC,8,0.05,0.8,0.15,7
ACTGTCCTCTCGCATC,1,0.05,0.8,0.15,7
ACTGTCCTCTGCTGTC,1,0.05,0.8,0.15,7
ACTGTCCTCTGCTTGC,1000,0.05,0.8,0.15,7
ACTTACTAGATCCCGC,1,0.05,0.8,0.15,7
ACTTACTAGCGTTTAC,1,0.05,0.8,0.15,7
ACTTACTAGGCGCTCT,4,0.05,0.8,0.15,7
ACTTACTCAACGCACC,8,0.05,0.8,0.15,7
ACTTACTCAATCGGTT,1,0.05,0.8,0.15,7
ACTTACTCACAGAGGT,7,0.05,0.8,0.15,7
ACTTACTCAGGAACGT,3,0.05,0.8,0.15,7
ACTTACTCATCCGGGT,1,0.05,0.8,0.15,7
ACTTACTGTACTTAGC,1,0.05,0.8,0.15,7
ACTTACTGTTCGTCTC,5,0.05,0.8,0.15,7
ACTTACTTCCAATGGT,2,0.05,0.8,0.15,7
ACTTACTTCCCTAACC,5,0.05,0.8,0.15,7
ACTTACTTCTAACTCT,8,0.05,0.8,0.15,7
ACTTGTTAGTCTTGCA,7,0.05,0.8,0.15,7
ACTTGTTCAATCCAAC,3,0.05,0.8,0.15,7
ACTTGTTCATACTCTT,1,0.05,0.8,0.15,7
ACTTGTTCATATGCTG,8,0.05,0.8,0.15,7
ACTTGTTCATCGGAAG,1000,0.05,0.8,0.15,7
ACTTGTTGTAACGTTC,8,0.05,0.8,0.15,7
ACTTGTTGTGGTCTCG,2,0.05,0.8,0.15,7
ACTTGTTGTGTTCTTT,8,0.05,0.8,0.15,7
ACTTGTTGTTACAGAA,3,0.05,0.8,0.15,7
ACTTGTTGTTCGGGCT,2,0.05,0.8,0.15,7
ACTTTCAAGTTGTCGT,7,0.05,0.8,0.15,7
ACTTTCACAACGCACC,8,0.05,0.8,0.15,7
ACTTTCACACAAGACG,1,0.05,0.8,0.15,7
ACTTTCAGTACAGACG,3,0.05,0.8,0.15,7
ACTTTCAGTCGACTAT,6,0.05,0.8,0.15,7
ACTTTCAGTGTATGGG,2,0.05,0.8,0.15,7
ACTTTCAGTTCGTGAT,3,0.05,0.8,0.15,7
ACTTTCAGTTGATTGC,7,0.05,0.8,0.15,7
ACTTTCATCAGTCAGT,3,0.05,0.8,0.15,7
ACTTTCATCGGACAAG,5,0.05,0.8,0.15,7
AGAATAGAGTACGCGA,2,0.05,0.8,0.15,7
AGAATAGCAATGTTGC,8,0.05,0.8,0.15,7
AGAATAGGTAGCGTAG,7,0.05,0.8,0.15,7
AGAATAGGTATAGGGC,5,0.05,0.8,0.15,7
AGAATAGGTGTTGGGA,3,0.05,0.8,0.15,7
AGAATAGGTTGTTTGG,4,0.05,0.8,0.15,7
AGAATAGGTTTCGCTC,1,0.05,0.8,0.15,7
AGACGTTAGCTTATCG,1,0.05,0.8,0.15,7
AGACGTTAGGCTAGAC,5,0.05,0.8,0.15,7
AGACGTTAGGTGCACA,7,0.05,0.8,0.15,7
AGACGTTAGTCGTTTG,4,0.05,0.8,0.15,7
AGACGTTCAAAGTGCG,4,0.05,0.8,0.15,7
AGACGTTCACCTCGTT,0,0.05,0.8,0.15,7
AGACGTTCAGGCGATA,2,0.05,0.8,0.15,7
AGACGTTCATCGGACC,8,0.05,0.8,0.15,7
AGACGTTGTAAAGGAG,1,0.05,0.8,0.15,7
AGACGTTGTACCGCTG,6,0.05,0.8,0.15,7
AGACGTTGTCGCGGTT,5,0.05,0.8,0.15,7
AGACGTTGTGTGTGCC,8,0.05,0.8,0.15,7
AGACGTTTCCTTTCGG,8,0.05,0.8,0.15,7
AGACGTTTCGTCCAGG,2,0.05,0.8,0.15,7
AGAGCGAAGAGCAATT,5,0.05,0.8,0.15,7
AGAGCGAAGATATACG,1,0.05,0.8,0.15,7
AGAGCGAAGCAGGCTA,7,0.05,0.8,0.15,7
AGAGCGAAGCGCTTAT,7,0.05,0.8,0.15,7
AGAGCGAAGGAATTAC,3,0.05,0.8,0.15,7
AGAGCGAAGGAGCGAG,1,0.05,0.8,0.15,7
AGAGCGAAGGAGTCTG,2,0.05,0.8,0.15,7
AGAGCGACAGTACACT,5,0.05,0.8,0.15,7
AGAGCGACAGTCGATT,3,0.05,0.8,0.15,7
AGAGCGACATCTACGA,4,0.05,0.8,0.15,7
AGAGCGAGTAGCGCTC,1000,0.05,0.8,0.15,7
AGAGCGAGTCGCGTGT,5,0.05,0.8,0.15,7
AGAGCGAGTGGACGAT,7,0.05,0.8,0.15,7
AGAGCGAGTGGCGAAT,5,0.05,0.8,0.15,7
AGAGCTTCATGAAGTA,4,0.05,0.8,0.15,7
AGAGCTTGTAAACACA,7,0.05,0.8,0.15,7
AGAGCTTGTCTAGCGC,4,0.05,0.8,0.15,7
AGAGCTTTCACATAGC,2,0.05,0.8,0.15,7
AGAGTGGAGAGCCTAG,8,0.05,0.8,0.15,7
AGAGTGGAGGCATTGG,1000,0.05,0.8,0.15,7
AGAGTGGCAACGATCT,2,0.05,0.8,0.15,7
AGAGTGGGTGTCTGAT,1,0.05,0.8,0.15,7
AGAGTGGGTTGTGGAG,4,0.05,0.8,0.15,7
AGAGTGGTCAACGAAA,2,0.05,0.8,0.15,7
AGAGTGGTCACTTATC,2,0.05,0.8,0.15,7
AGAGTGGTCCGCATAA,2,0.05,0.8,0.15,7
AGATCTGAGCTAGTCT,6,0.05,0.8,0.15,7
AGATCTGCACGGATAG,5,0.05,0.8,0.15,7
AGATCTGGTAACGCGA,1000,0.05,0.8,0.15,7
AGATCTGTCATTTGGG,8,0.05,0.8,0.15,7
AGATCTGTCCCAAGAT,4,0.05,0.8,0.15,7
AGATCTGTCTACGAGT,4,0.05,0.8,0.15,7
AGATCTGTCTTCTGGC,2,0.05,0.8,0.15,7
AGATTGCAGCACACAG,8,0.05,0.8,0.15,7
AGATTGCAGGCTCATT,6,0.05,0.8,0.15,7
AGATTGCAGGGCACTA,3,0.05,0.8,0.15,7
AGATTGCCAAAGTGCG,6,0.05,0.8,0.15,7
AGATTGCCAGACTCGC,3,0.05,0.8,0.15,7
AGATTGCCATCCGCGA,8,0.05,0.8,0.15,7
AGATTGCGTAAACCTC,5,0.05,0.8,0.15,7
AGATTGCGTGAGGGTT,2,0.05,0.8,0.15,7
AGATTGCTCATACGGT,1,0.05,0.8,0.15,7
AGCAGCCAGCGCCTCA,1,0.05,0.8,0.15,7
AGCAGCCAGGCTAGCA,8,0.05,0.8,0.15,7
AGCAGCCAGGGTCTCC,7,0.05,0.8,0.15,7
AGCAGCCCAGCGTTCG,2,0.05,0.8,0.15,7
AGCAGCCCATTGCGGC,1,0.05,0.8,0.15,7
AGCAGCCGTCAAGCGA,7,0.05,0.8,0.15,7
AGCAGCCGTCTTGTCC,5,0.05,0.8,0.15,7
AGCAGCCGTTCGTGAT,5,0.05,0.8,0.15,7
AGCATACCATGTCCTC,5,0.05,0.8,0.15,7
AGCCTAAAGCCGCCTA,5,0.05,0.8,0.15,7
AGCCTAAAGTGAACGC,6,0.05,0.8,0.15,7
AGCCTAACAGGATCGA,7,0.05,0.8,0.15,7
AGCCTAACAGTCACTA,5,0.05,0.8,0.15,7
AGCCTAAGTTGGAGGT,4,0.05,0.8,0.15,7
AGCCTAAGTTTGGCGC,8,0.05,0.8,0.15,7
AGCCTAATCACTCCTG,3,0.05,0.8,0.15,7
AGCCTAATCCCATTAT,6,0.05,0.8,0.15,7
AGCGGTCAGCTAGTGG,8,0.05,0.8,0.15,7
AGCGGTCAGGCTAGGT,0,0.05,0.8,0.15,7
AGCGGTCCAAGTCTAC,7,0.05,0.8,0.15,7
AGCGGTCCAATAGCGG,3,0.05,0.8,0.15,7
AGCGGTCCAATGGACG,4,0.05,0.8,0.15,7
AGCGGTCCAATGGTCT,3,0.05,0.8,0.15,7
AGCGGTCGTTCGTTGA,5,0.05,0.8,0.15,7
AGCGGTCGTTTGACTG,8,0.05,0.8,0.15,7
AGCGGTCTCCCTAACC,5,0.05,0.8,0.15,7
AGCGTATAGTAAGTAC,8,0.05,0.8,0.15,7
AGCGTATCACCTCGTT,6,0.05,0.8,0.15,7
AGCGTATCAGATGGCA,7,0.05,0.8,0.15,7
AGCGTATCATCCGCGA,4,0.05,0.8,0.15,7
AGCGTATCATGCTGGC,8,0.05,0.8,0.15,7
AGCGTATGTGGACGAT,6,0.05,0.8,0.15,7
AGCGTATGTTACGGAG,2,0.05,0.8,0.15,7
AGCGTATGTTGGTGGA,6,0.05,0.8,0.15,7
AGCGTATTCACCATAG,3,0.05,0.8,0.15,7
AGCGTATTCCAAGCCG,5,0.05,0.8,0.15,7
AGCGTATTCGAACGGA,4,0.05,0.8,0.15,7
AGCGTATTCGCCAAAT,1,0.05,0.8,0.15,7
AGCGTATTCGCGCCAA,4,0.05,0.8,0.15,7
AGCGTCGAGAAACCAT,6,0.05,0.8,0.15,7
AGCGTCGAGACTAGAT,1000,0.05,0.8,0.15,7
AGCGTCGAGACTTTCG,8,0.05,0.8,0.15,7
AGCGTCGAGTCTTGCA,7,0.05,0.8,0.15,7
AGCGTCGCAACGATGG,8,0.05,0.8,0.15,7
AGCGTCGCACTACAGT,5,0.05,0.8,0.15,7
AGCGTCGCATCGGGTC,6,0.05,0.8,0.15,7
AGCGTCGGTGAGGGTT,3,0.05,0.8,0.15,7
AGCGTCGGTGGTACAG,3,0.05,0.8,0.15,7
AGCGTCGGTGTTCTTT,7,0.05,0.8,0.15,7
AGCGTCGGTTAGTGGG,2,0.05,0.8,0.15,7
AGCGTCGTCAAGGCTT,4,0.05,0.8,0.15,7
AGCGTCGTCAATCACG,5,0.05,0.8,0.15,7
AGCGTCGTCGGCGGTT,4,0.05,0.8,0.15,7
AGCGTCGTCTGCGTAA,3,0.05,0.8,0.15,7
AGCTCCTAGAGAACAG,4,0.05,0.8,0.15,7
AGCTCCTAGCCCGAAA,7,0.05,0.8,0.15,7
AGCTCCTCAAGACGTG,2,0.05,0.8,0.15,7
AGCTCCTCACCGCTAG,1000,0.05,0.8,0.15,7
AGCTCCTCAGGGTTAG,1,0.05,0.8,0.15,7
AGCTCCTGTACATCCA,5,0.05,0.8,0.15,7
AGCTCCTGTAGAAAGG,6,0.05,0.8,0.15,7
AGCTCCTGTCGAAAGC,6,0.05,0.8,0.15,7
AGCTCCTGTCGACTGC,2,0.05,0.8,0.15,7
AGCTCCTTCGCGCCAA,1,0.05,0.8,0.15,7
AGCTCCTTCGTTGCCT,2,0.05,0.8,0.15,7
AGCTCTCAGGATGGAA,5,0.05,0.8,0.15,7
AGCTCTCAGGCGACAT,4,0.05,0.8,0.15,7
AGCTCTCAGTATCGAA,2,0.05,0.8,0.15,7
AGCTCTCCATATACCG,5,0.05,0.8,0.15,7
AGCTCTCGTCTGCGGT,2,0.05,0.8,0.15,7
AGCTCTCTCACTCCTG,1,0.05,0.8,0.15,7
AGCTCTCTCCTATGTT,4,0.05,0.8,0.15,7
AGCTCTCTCGCCAGCA,3,0.05,0.8,0.15,7
AGCTCTCTCGGCATCG,1,0.05,0.8,0.15,7
AGCTTGAAGATCCCAT,6,0.05,0.8,0.15,7
AGCTTGAAGCTGTCTA,3,0.05,0.8,0.15,7
AGCTTGAAGGCTAGAC,8,0.05,0.8,0.15,7
AGCTTGAAGGGTGTGT,6,0.05,0.8,0.15,7
AGCTTGAAGTACGTAA,1,0.05,0.8,0.15,7
AGCTTGAAGTGTCCAT,5,0.05,0.8,0.15,7
AGCTTGAAGTTACGGG,6,0.05,0.8,0.15,7
AGCTTGAAGTTCGCGC,6,0.05,0.8,0.15,7
AGCTTGACATAAGACA,7,0.05,0.8,0.15,7
AGCTTGACATGACGGA,3,0.05,0.8,0.15,7
AGCTTGAGTGACGGTA,2,0.05,0.8,0.15,7
AGCTTGAGTTAAAGTG,1000,0.05,0.8,0.15,7
AGCTTGATCAACACGT,0,0.05,0.8,0.15,7
AGCTTGATCCAAAGTC,3,0.05,0.8,0.15,7
AGCTTGATCGTTTATC,4,0.05,0.8,0.15,7
AGGCCACAGATGAGAG,1000,0.05,0.8,0.15,7
AGGCCACAGCTCTCGG,3,0.05,0.8,0.15,7
AGGCCACAGGGTCGAT,7,0.05,0.8,0.15,7
AGGCCACCAACACGCC,4,0.05,0.8,0.15,7
AGGCCACGTGATGCCC,5,0.05,0.8,0.15,7
AGGCCACGTTACAGAA,1,0.05,0.8,0.15,7
AGGCCACTCGAACGGA,1,0.05,0.8,0.15,7
AGGCCACTCGCGGATC,7,0.05,0.8,0.15,7
AGGCCACTCGTCTGCT,1,0.05,0.8,0.15,7
AGGCCACTCTCACATT,1,0.05,0.8,0.15,7
AGGCCGTAGCACACAG,1,0.05,0.8,0.15,7
AGGCCGTAGCCAGAAC,7,0.05,0.8,0.15,7
AGGCCGTAGCTACCGC,7,0.05,0.8,0.15,7
AGGCCGTAGGACCACA,3,0.05,0.8,0.15,7
AGGCCGTAGGGTCTCC,3,0.05,0.8,0.15,7
AGGCCGTCAAAGTCAA,4,0.05,0.8,0.15,7
AGGCCGTCACACTGCG,4,0.05,0.8,0.15,7
AGGCCGTCACCGAAAG,6,0.05,0.8,0.15,7
AGGCCGTCATCGGGTC,4,0.05,0.8,0.15,7
AGGCCGTCATGATCCA,4,0.05,0.8,0.15,7
AGGCCGTCATGGTCAT,8,0.05,0.8,0.15,7
AGGCCGTGTAATCACC,4,0.05,0.8,0.15,7
AGGCCGTGTTCAGTAC,3,0.05,0.8,0.15,7
AGGCCGTTCAACTCTT,1,0.05,0.8,0.15,7
AGGCCGTTCAGCTCGG,4,0.05,0.8,0.15,7
AGGCCGTTCAGTGTTG,8,0.05,0.8,0.15,7
AGGCCGTTCTTGTATC,6,0.05,0.8,0.15,7
AGGGAGTAGTTTGCGT,6,0.05,0.8,0.15,7
AGGGAGTCAATCAGAA,4,0.05,0.8,0.15,7
AGGGAGTCATGAAGTA,5,0.05,0.8,0.15,7
AGGGAGTCATTTCACT,1,0.05,0.8,0.15,7
AGGGAGTCATTTCAGG,5,0.05,0.8,0.15,7
AGGGAGTGTGTAAGTA,6,0.05,0.8,0.15,7
AGGGAGTTCACCCTCA,7,0.05,0.8,0.15,7
AGGGAGTTCTGACCTC,6,0.05,0.8,0.15,7
AGGGATGAGAATGTTG,1000,0.05,0.8,0.15,7
AGGGATGAGCCAGTAG,8,0.05,0.8,0.15,7
AGGGATGAGCGTAATA,3,0.05,0.8,0.15,7
AGGGATGAGTACCGGA,6,0.05,0.8,0.15,7
AGGGATGCAAAGCAAT,3,0.05,0.8,0.15,7
AGGGATGCAAGCCGTC,0,0.05,0.8,0.15,7
AGGGATGGTAGAAAGG,3,0.05,0.8,0.15,7
AGGGATGTCCCACTTG,3,0.05,0.8,0.15,7
AGGGATGTCGATCCCT,3,0.05,0.8,0.15,7
AGGGTGAAGACACGAC,4,0.05,0.8,0.15,7
AGGGTGAAGACAGGCT,5,0.05,0.8,0.15,7
AGGGTGAAGCCACGTC,1,0.05,0.8,0.15,7
AGGGTGAAGCGCCTTG,5,0.05,0.8,0.15,7
AGGGTGAAGTGCCATT,5,0.05,0.8,0.15,7
AGGGTGAAGTGGGATC,2,0.05,0.8,0.15,7
AGGGTGACACACGCTG,1,0.05,0.8,0.15,7
AGGGTGACATTAGCCA,4,0.05,0.8,0.15,7
AGGGTGAGTCCAGTGC,1000,0.05,0.8,0.15,7
AGGGTGATCAGCGACC,1,0.05,0.8,0.15,7
AGGGTGATCATGTAGC,1,0.05,0.8,0.15,7
AGGGTGATCCAAGTAC,7,0.05,0.8,0.15,7
AGGGTGATCCCTCAGT,5,0.05,0.8,0.15,7
AGGGTGATCTCTAAGG,1,0.05,0.8,0.15,7
AGGTCATAGCGTAATA,1,0.05,0.8,0.15,7
AGGTCATAGTATTGGA,3,0.05,0.8,0.15,7
AGGTCATCACCACGTG,6,0.05,0.8,0.15,7
AGGTCATCACGGCCAT,1,0.05,0.8,0.15,7
AGGTCATCAGACAAAT,2,0.05,0.8,0.15,7
AGGTCATGTACCGGCT,1000,0.05,0.8,0.15,7
AGGTCATGTCGCGGTT,7,0.05,0.8,0.15,7
AGGTCATGTGCACCAC,1000,0.05,0.8,0.15,7
AGGTCATGTGCTCTTC,6,0.05,0.8,0.15,7
AGGTCATTCAATAAGG,7,0.05,0.8,0.15,7
AGGTCATTCATAACCG,2,0.05,0.8,0.15,7
AGGTCATTCTACGAGT,5,0.05,0.8,0.15,7
AGGTCATTCTGACCTC,1000,0.05,0.8,0.15,7
AGGTCCGAGACAATAC,8,0.05,0.8,0.15,7
AGGTCCGAGCCCAATT,1000,0.05,0.8,0.15,7
AGGTCCGAGGCTAGCA,4,0.05,0.8,0.15,7
AGGTCCGAGGGCACTA,8,0.05,0.8,0.15,7
AGGTCCGCAAGGTTTC,1,0.05,0.8,0.15,7
AGGTCCGCACATCCGG,7,0.05,0.8,0.15,7
AGGTCCGCAGGAATGC,2,0.05,0.8,0.15,7
AGGTCCGCATCGTCGG,7,0.05,0.8,0.15,7
AGGTCCGGTTCACGGC,1,0.05,0.8,0.15,7
AGGTCCGTCAGGTTCA,3,0.05,0.8,0.15,7
AGTAGTCAGAGGTACC,1,0.05,0.8,0.15,7
AGTAGTCCAAACGTGG,7,0.05,0.8,0.15,7
AGTAGTCCAATCTGCA,1,0.05,0.8,0.15,7
AGTAGTCCAATGGAAT,5,0.05,0.8,0.15,7
AGTAGTCCAGACTCGC,0,0.05,0.8,0.15,7
AGTAGTCGTCAGATAA,6,0.05,0.8,0.15,7
AGTAGTCGTGCATCTA,4,0.05,0.8,0.15,7
AGTAGTCGTGTCAATC,3,0.05,0.8,0.15,7
AGTAGTCTCAACCAAC,1000,0.05,0.8,0.15,7
AGTAGTCTCACTTACT,6,0.05,0.8,0.15,7
AGTAGTCTCCATGCTC,1,0.05,0.8,0.15,7
AGTAGTCTCCCAGGTG,5,0.05,0.8,0.15,7
AGTAGTCTCCTGTACC,1000,0.05,0.8,0.15,7
AGTCTTTAGAAAGTGG,1,0.05,0.8,0.15,7
AGTCTTTAGACGCAAC,3,0.05,0.8,0.15,7
AGTCTTTAGGGAGTAA,1000,0.05,0.8,0.15,7
AGTCTTTAGTGGGCTA,5,0.05,0.8,0.15,7
AGTCTTTAGTGTCTCA,7,0.05,0.8,0.15,7
AGTCTTTCAATTGCTG,6,0.05,0.8,0.15,7
AGTCTTTCACGGCGTT,4,0.05,0.8,0.15,7
AGTCTTTCATGTCGAT,4,0.05,0.8,0.15,7
AGTCTTTGTCATGCAT,5,0.05,0.8,0.15,7
AGTCTTTGTCTCAACA,1,0.05,0.8,0.15,7
AGTCTTTTCAACGAAA,7,0.05,0.8,0.15,7
AGTCTTTTCCACGAAT,3,0.05,0.8,0.15,7
AGTCTTTTCCTTTACA,5,0.05,0.8,0.15,7
AGTGAGGAGATGAGAG,3,0.05,0.8,0.15,7
AGTGAGGGTGCAACGA,1,0.05,0.8,0.15,7
AGTGAGGGTTCACGGC,7,0.05,0.8,0.15,7
AGTGAGGTCAAAGTAG,2,0.05,0.8,0.15,7
AGTGAGGTCGGTTCGG,4,0.05,0.8,0.15,7
AGTGGGAAGACTGTAA,7,0.05,0.8,0.15,7
AGTGGGACATGCCTAA,0,0.05,0.8,0.15,7
AGTGGGAGTAAATACG,5,0.05,0.8,0.15,7
AGTGGGAGTAATCGTC,2,0.05,0.8,0.15,7
AGTGGGAGTACCGCTG,4,0.05,0.8,0.15,7
AGTGGGAGTTTGCATG,7,0.05,0.8,0.15,7
AGTGGGATCGCCTGTT,3,0.05,0.8,0.15,7
AGTGGGATCGTACGGC,6,0.05,0.8,0.15,7
AGTGGGATCTGCTTGC,4,0.05,0.8,0.15,7
AGTGTCAAGCGATATA,5,0.05,0.8,0.15,7
AGTGTCACAATGGACG,2,0.05,0.8,0.15,7
AGTGTCACAATGGATA,7,0.05,0.8,0.15,7
AGTGTCACAGATGGGT,3,0.05,0.8,0.15,7
AGTGTCAGTGTTTGGT,7,0.05,0.8,0.15,7
AGTGTCAGTTATCACG,1000,0.05,0.8,0.15,7
AGTGTCATCACGCGGT,3,0.05,0.8,0.15,7
AGTGTCATCCTTTACA,1,0.05,0.8,0.15,7
AGTGTCATCGTGGGAA,8,0.05,0.8,0.15,7
AGTTGGTAGAAACCGC,3,0.05,0.8,0.15,7
AGTTGGTAGTCTCAAC,1,0.05,0.8,0.15,7
AGTTGGTCAGATCTGT,5,0.05,0.8,0.15,7
AGTTGGTGTAAGCACG,6,0.05,0.8,0.15,7
AGTTGGTGTCGTGGCT,1000,0.05,0.8,0.15,7
AGTTGGTGTTACCGAT,1000,0.05,0.8,0.15,7
AGTTGGTTCACAAACC,7,0.05,0.8,0.15,7
AGTTGGTTCGTCTGAA,6,0.05,0.8,0.15,7
ATAACGCAGCGATCCC,7,0.05,0.8,0.15,7
ATAACGCCACAGATTC,8,0.05,0.8,0.15,7
ATAACGCCACGGATAG,1,0.05,0.8,0.15,7
ATAACGCCATCACGAT,6,0.05,0.8,0.15,7
ATAACGCCATCTCGCT,1,0.05,0.8,0.15,7
ATAACGCGTCGCGTGT,1,0.05,0.8,0.15,7
ATAACGCGTTCAGCGC,2,0.05,0.8,0.15,7
ATAACGCTCAATCACG,1,0.05,0.8,0.15,7
ATAACGCTCGTCACGG,1,0.05,0.8,0.15,7
ATAAGAGAGGCTACGA,1000,0.05,0.8,0.15,7
ATAAGAGCAGATAATG,1,0.05,0.8,0.15,7
ATAAGAGCATGCCTAA,8,0.05,0.8,0.15,7
ATAAGAGCATGTAAGA,8,0.05,0.8,0.15,7
ATAAGAGTCATAAAGG,3,0.05,0.8,0.15,7
ATAAGAGTCGTCGTTC,4,0.05,0.8,0.15,7
ATAGACCAGCCGTCGT,5,0.05,0.8,0.15,7
ATAGACCAGCGTGAGT,8,0.05,0.8,0.15,7
ATAGACCCAAGCCGCT,3,0.05,0.8,0.15,7
ATAGACCGTCCCGACA,6,0.05,0.8,0.15,7
ATAGACCGTCCGTCAG,8,0.05,0.8,0.15,7
ATAGACCGTCGCGAAA,3,0.05,0.8,0.15,7
ATAGACCGTGACCAAG,3,0.05,0.8,0.15,7
ATAGACCTCCAACCAA,1000,0.05,0.8,0.15,7
ATAGACCTCTATCGCC,7,0.05,0.8,0.15,7
ATCACGAAGACTACAA,3,0.05,0.8,0.15,7
ATCACGAAGATACACA,1000,0.05,0.8,0.15,7
ATCACGAAGGAATCGC,1,0.05,0.8,0.15,7
ATCACGAAGGATATAC,3,0.05,0.8,0.15,7
ATCACGAAGGTGCACA,1,0.05,0.8,0.15,7
ATCACGACAAAGTCAA,7,0.05,0.8,0.15,7
ATCACGACAAGTAATG,5,0.05,0.8,0.15,7
ATCACGACAAGTACCT,1000,0.05,0.8,0.15,7
ATCACGACAGGGTACA,4,0.05,0.8,0.15,7
ATCACGACAGTAACGG,3,0.05,0.8,0.15,7
ATCACGACATGTCCTC,2,0.05,0.8,0.15,7
ATCACGATCACGCATA,1,0.05,0.8,0.15,7
ATCACGATCAGCGACC,8,0.05,0.8,0.15,7
ATCACGATCTACGAGT,1000,0.05,0.8,0.15,7
ATCATCTAGAGGTAGA,6,0.05,0.8,0.15,7
ATCATCTAGATCCCAT,5,0.05,0.8,0.15,7
ATCATCTAGTGATCGG,6,0.05,0.8,0.15,7
ATCATCTCATTACGAC,1,0.05,0.8,0.15,7
ATCATCTGTACTCTCC,6,0.05,0.8,0.15,7
ATCATCTGTGAAAGAG,5,0.05,0.8,0.15,7
ATCATCTGTGCAACGA,6,0.05,0.8,0.15,7
ATCATCTGTTGGTAAA,1,0.05,0.8,0.15,7
ATCATCTTCAAAGTAG,1,0.05,0.8,0.15,7
ATCATCTTCACGACTA,7,0.05,0.8,0.15,7
ATCATCTTCGATGAGG,3,0.05,0.8,0.15,7
ATCATGGAGAGAACAG,1,0.05,0.8,0.15,7
ATCATGGAGCTAGTCT,4,0.05,0.8,0.15,7
ATCATGGAGGGTATCG,1,0.05,0.8,0.15,7
ATCATGGAGTGTTTGC,2,0.05,0.8,0.15,7
ATCATGGCAAGGTGTG,1,0.05,0.8,0.15,7
ATCATGGCACCCAGTG,8,0.05,0.8,0.15,7
ATCATGGCATACGCCG,7,0.05,0.8,0.15,7
ATCATGGGTATTCTCT,4,0.05,0.8,0.15,7
ATCATGGGTTCCGGCA,7,0.05,0.8,0.15,7
ATCATGGTCGATAGAA,1,0.05,0.8,0.15,7
ATCATGGTCGGAGGTA,1,0.05,0.8,0.15,7
ATCATGGTCGTTTAGG,8,0.05,0.8,0.15,7
ATCCACCCAAGCTGAG,5,0.05,0.8,0.15,7
ATCCACCCAATGGAGC,1000,0.05,0.8,0.15,7
ATCCACCCAGCTGTGC,1,0.05,0.8,0.15,7
ATCCACCGTCTTGATG,7,0.05,0.8,0.15,7
ATCCACCGTGCAACGA,8,0.05,0.8,0.15,7
ATCCACCGTGCGCTTG,1000,0.05,0.8,0.15,7
ATCCACCGTTATCGGT,5,0.05,0.8,0.15,7
ATCCACCTCAGAGCTT,1,0.05,0.8,0.15,7
ATCCACCTCCTGCTTG,5,0.05,0.8,0.15,7
ATCCACCTCGAATCCA,3,0.05,0.8,0.15,7
ATCCACCTCTCTGTCG,2,0.05,0.8,0.15,7
ATCCGAAAGAAGGACA,5,0.05,0.8,0.15,7
ATCCGAAAGATCGATA,5,0.05,0.8,0.15,7
ATCCGAAAGCAGGTCA,3,0.05,0.8,0.15,7
ATCCGAAAGCGTGTCC,1,0.05,0.8,0.15,7
ATCCGAAAGGAGTTGC,4,0.05,0.8,0.15,7
ATCCGAACAATCAGAA,1,0.05,0.8,0.15,7
ATCCGAACACGGCCAT,1000,0.05,0.8,0.15,7
ATCCGAACAGTAACGG,1000,0.05,0.8,0.15,7
ATCCGAAGTCCCTACT,2,0.05,0.8,0.15,7
ATCCGAAGTCTAGTCA,7,0.05,0.8,0.15,7
ATCCGAAGTGACTACT,1,0.05,0.8,0.15,7
ATCCGAAGTGCACGAA,8,0.05,0.8,0.15,7
ATCCGAAGTGCTCTTC,1000,0.05,0.8,0.15,7
ATCCGAAGTTCCACTC,4,0.05,0.8,0.15,7
ATCCGAAGTTTCGCTC,3,0.05,0.8,0.15,7
ATCCGAATCAGTACGT,4,0.05,0.8,0.15,7
ATCCGAATCCAAATGC,7,0.05,0.8,0.15,7
ATCCGAATCCACGAAT,2,0.05,0.8,0.15,7
ATCCGAATCCGTACAA,1,0.05,0.8,0.15,7
ATCCGAATCCTCATTA,1000,0.05,0.8,0.15,7
ATCCGAATCTTGTCAT,4,0.05,0.8,0.15,7
ATCGAGTAGAGTTGGC,2,0.05,0.8,0.15,7
ATCGAGTAGCAGCCTC,6,0.05,0.8,0.15,7
ATCGAGTAGCTAGCCC,5,0.05,0.8,0.15,7
ATCGAGTAGTAGTGCG,1,0.05,0.8,0.15,7
ATCGAGTCAAATACAG,3,0.05,0.8,0.15,7
ATCGAGTCATCCTTGC,4,0.05,0.8,0.15,7
ATCGAGTGTTATCGGT,4,0.05,0.8,0.15,7
ATCGAGTTCACTCTTA,6,0.05,0.8,0.15,7
ATCGAGTTCTTACCTA,7,0.05,0.8,0.15,7
ATCTACTAGAATAGGG,5,0.05,0.8,0.15,7
ATCTACTAGACTAGGC,5,0.05,0.8,0.15,7
ATCTACTAGAGGGCTT,8,0.05,0.8,0.15,7
ATCTACTAGCCTCGTG,5,0.05,0.8,0.15,7
ATCTACTAGGAATGGA,7,0.05,0.8,0.15,7
ATCTACTAGGGTTTCT,1,0.05,0.8,0.15,7
ATCTACTCATCCGTGG,8,0.05,0.8,0.15,7
ATCTACTCATTCCTCG,1000,0.05,0.8,0.15,7
ATCTACTCATTCTCAT,6,0.05,0.8,0.15,7
ATCTACTGTATCGCAT,8,0.05,0.8,0.15,7
ATCTACTGTCAGATAA,5,0.05,0.8,0.15,7
ATCTACTTCAGTACGT,3,0.05,0.8,0.15,7
ATCTACTTCATACGGT,6,0.05,0.8,0.15,7
ATCTACTTCCGTCAAA,7,0.05,0.8,0.15,7
ATCTACTTCTGTCTAT,7,0.05,0.8,0.15,7
ATCTGCCAGACTAGGC,5,0.05,0.8,0.15,7
ATCTGCCAGAGGTTGC,8,0.05,0.8,0.15,7
ATCTGCCAGAGTGACC,1,0.05,0.8,0.15,7
ATCTGCCAGGGTTCCC,1,0.05,0.8,0.15,7
ATCTGCCCACCATCCT,1000,0.05,0.8,0.15,7
ATCTGCCCACTAAGTC,4,0.05,0.8,0.15,7
ATCTGCCCAGCCAATT,5,0.05,0.8,0.15,7
ATCTGCCCAGCTCCGA,5,0.05,0.8,0.15,7
ATCTGCCCAGCTTCGG,1,0.05,0.8,0.15,7
ATCTGCCGTAAACACA,8,0.05,0.8,0.15,7
ATCTGCCGTCTCATCC,4,0.05,0.8,0.15,7
ATCTGCCTCAAACCGT,3,0.05,0.8,0.15,7
ATCTGCCTCAGTTCGA,7,0.05,0.8,0.15,7
ATGAGGGAGCAACGGT,8,0.05,0.8,0.15,7
ATGAGGGGTAATCACC,3,0.05,0.8,0.15,7
ATGAGGGGTAGCAAAT,4,0.05,0.8,0.15,7
ATGAGGGGTAGCGTCC,3,0.05,0.8,0.15,7
ATGAGGGGTCCCTACT,0,0.05,0.8,0.15,7
ATGAGGGGTCCTGCTT,8,0.05,0.8,0.15,7
ATGAGGGGTCGTTGTA,7,0.05,0.8,0.15,7
ATGAGGGGTCTCCATC,1,0.05,0.8,0.15,7
ATGAGGGGTGCACCAC,4,0.05,0.8,0.15,7
ATGAGGGGTTAAAGTG,1,0.05,0.8,0.15,7
ATGAGGGGTTAAGATG,8,0.05,0.8,0.15,7
ATGAGGGGTTGCGCAC,5,0.05,0.8,0.15,7
ATGAGGGTCAGGCCCA,3,0.05,0.8,0.15,7
ATGCGATAGATCACGG,2,0.05,0.8,0.15,7
ATGCGATAGGAGTTGC,5,0.05,0.8,0.15,7
ATGCGATAGTGACTCT,8,0.05,0.8,0.15,7
ATGCGATCAAGTAGTA,8,0.05,0.8,0.15,7
ATGCGATGTTGTGGAG,1,0.05,0.8,0.15,7
ATGCGATTCAGCTCTC,1,0.05,0.8,0.15,7
ATGCGATTCCACTGGG,7,0.05,0.8,0.15,7
ATGCGATTCTACCAGA,3,0.05,0.8,0.15,7
ATGGGAGAGAGGGATA,2,0.05,0.8,0.15,7
ATGGGAGAGATGGGTC,5,0.05,0.8,0.15,7
ATGGGAGAGTCAATAG,8,0.05,0.8,0.15,7
ATGGGAGAGTCTCAAC,5,0.05,0.8,0.15,7
ATGGGAGAGTGAACGC,6,0.05,0.8,0.15,7
ATGGGAGCACATTCGA,5,0.05,0.8,0.15,7
ATGGGAGCAGTCGATT,7,0.05,0.8,0.15,7
ATGGGAGCATGCTAGT,4,0.05,0.8,0.15,7
ATGGGAGGTAGCAAAT,6,0.05,0.8,0.15,7
ATGGGAGGTGTCTGAT,1000,0.05,0.8,0.15,7
ATGTGTGAGAAGATTC,4,0.05,0.8,0.15,7
ATGTGTGAGCTGAACG,5,0.05,0.8,0.15,7
ATGTGTGCAATGTAAG,4,0.05,0.8,0.15,7
ATGTGTGCACAGGTTT,7,0.05,0.8,0.15,7
ATGTGTGCACGCCAGT,4,0.05,0.8,0.15,7
ATGTGTGCATAGAAAC,3,0.05,0.8,0.15,7
ATGTGTGCATGGTCTA,1000,0.05,0.8,0.15,7
ATGTGTGTCAGGCAAG,1,0.05,0.8,0.15,7
ATGTGTGTCCACGACG,7,0.05,0.8,0.15,7
ATGTGTGTCCCTAACC,8,0.05,0.8,0.15,7
ATGTGTGTCTATCGCC,6,0.05,0.8,0.15,7
ATTACTCAGGAGTTGC,8,0.05,0.8,0.15,7
ATTACTCCACCTGGTG,1,0.05,0.8,0.15,7
ATTACTCCACGCATCG,2,0.05,0.8,0.15,7
ATTACTCCACTTAAGC,3,0.05,0.8,0.15,7
ATTACTCGTAAATGAC,3,0.05,0.8,0.15,7
ATTACTCGTAGCGATG,0,0.05,0.8,0.15,7
ATTACTCGTATTACCG,4,0.05,0.8,0.15,7
ATTACTCGTTCCACTC,5,0.05,0.8,0.15,7
ATTACTCTCACAACGT,3,0.05,0.8,0.15,7
ATTACTCTCATGCTCC,4,0.05,0.8,0.15,7
ATTACTCTCCAGAAGG,5,0.05,0.8,0.15,7
ATTACTCTCCAGTAGT,4,0.05,0.8,0.15,7
ATTACTCTCGGAAATA,4,0.05,0.8,0.15,7
ATTACTCTCGGTTAAC,1000,0.05,0.8,0.15,7
ATTACTCTCTCGCTTG,7,0.05,0.8,0.15,7
ATTATCCAGTAGGCCA,1000,0.05,0.8,0.15,7
ATTATCCAGTTACGGG,1,0.05,0.8,0.15,7
ATTATCCCAGCGTAAG,1,0.05,0.8,0.15,7
ATTATCCCAGGAACGT,5,0.05,0.8,0.15,7
ATTATCCGTCCGTTAA,5,0.05,0.8,0.15,7
ATTATCCGTCTCTTAT,3,0.05,0.8,0.15,7
ATTATCCGTGTCCTCT,5,0.05,0.8,0.15,7
ATTATCCTCAACGCTA,1,0.05,0.8,0.15,7
ATTATCCTCGCAGGCT,3,0.05,0.8,0.15,7
ATTCTACAGAGTGAGA,4,0.05,0.8,0.15,7
ATTCTACAGATGTGGC,2,0.05,0.8,0.15,7
ATTCTACAGCCACTAT,1,0.05,0.8,0.15,7
ATTCTACAGTGCAAGC,6,0.05,0.8,0.15,7
ATTCTACAGTGGCACA,3,0.05,0.8,0.15,7
ATTCTACAGTTGAGAT,8,0.05,0.8,0.15,7
ATTCTACAGTTGTAGA,5,0.05,0.8,0.15,7
ATTCTACCAAGCGATG,6,0.05,0.8,0.15,7
ATTCTACCAAGGACAC,4,0.05,0.8,0.15,7
ATTCTACCACATTCGA,7,0.05,0.8,0.15,7
ATTCTACCAGATAATG,7,0.05,0.8,0.15,7
ATTCTACGTCATATGC,4,0.05,0.8,0.15,7
ATTCTACGTTAGGGTG,4,0.05,0.8,0.15,7
ATTCTACTCATCTGCC,8,0.05,0.8,0.15,7
ATTCTACTCCAAAGTC,7,0.05,0.8,0.15,7
ATTCTACTCTTACCTA,2,0.05,0.8,0.15,7
ATTGGACAGCTTCGCG,7,0.05,0.8,0.15,7
ATTGGACCAAAGTCAA,3,0.05,0.8,0.15,7
ATTGGACCACCGGAAA,4,0.05,0.8,0.15,7
ATTGGACCAGGATCGA,6,0.05,0.8,0.15,7
ATTGGACGTCCAGTTA,2,0.05,0.8,0.15,7
ATTGGACGTTCACGGC,6,0.05,0.8,0.15,7
ATTGGACTCCACGACG,6,0.05,0.8,0.15,7
ATTGGACTCGGCGCAT,7,0.05,0.8,0.15,7
ATTGGACTCTTGAGGT,8,0.05,0.8,0.15,7
ATTGGACTCTTTAGTC,5,0.05,0.8,0.15,7
ATTGGTGAGGATTCGG,6,0.05,0.8,0.15,7
ATTGGTGAGTCGTACT,3,0.05,0.8,0.15,7
ATTGGTGCAGCCAATT,1,0.05,0.8,0.15,7
ATTGGTGCAGGGTTAG,7,0.05,0.8,0.15,7
ATTGGTGGTACTTCTT,5,0.05,0.8,0.15,7
ATTGGTGGTAGGGTAC,1,0.05,0.8,0.15,7
ATTGGTGGTTCCCTTG,1,0.05,0.8,0.15,7
ATTGGTGGTTCCGTCT,1000,0.05,0.8,0.15,7
ATTTCTGAGAAGGTGA,7,0.05,0.8,0.15,7
ATTTCTGAGCTCAACT,7,0.05,0.8,0.15,7
ATTTCTGAGCTGCAAG,7,0.05,0.8,0.15,7
ATTTCTGCACTTGGAT,2,0.05,0.8,0.15,7
ATTTCTGCAGTTCCCT,8,0.05,0.8,0.15,7
ATTTCTGGTAGCTGCC,3,0.05,0.8,0.15,7
ATTTCTGGTCGAACAG,6,0.05,0.8,0.15,7
ATTTCTGTCACTTCAT,2,0.05,0.8,0.15,7
ATTTCTGTCAGCACAT,3,0.05,0.8,0.15,7
ATTTCTGTCATTGCCC,8,0.05,0.8,0.15,7
ATTTCTGTCGCTTGTC,4,0.05,0.8,0.15,7
ATTTCTGTCGGTGTCG,1,0.05,0.8,0.15,7
CAACCAAAGAACAACT,1,0.05,0.8,0.15,7
CAACCAAAGAAGGGTA,7,0.05,0.8,0.15,7
CAACCAAAGGCATGTG,4,0.05,0.8,0.15,7
CAACCAAAGTCTCGGC,1000,0.05,0.8,0.15,7
CAACCAACAACGATGG,8,0.05,0.8,0.15,7
CAACCAACATGAAGTA,8,0.05,0.8,0.15,7
CAACCAAGTCGCTTTC,7,0.05,0.8,0.15,7
CAACCAATCACGCATA,3,0.05,0.8,0.15,7
CAACCAATCTCTGTCG,4,0.05,0.8,0.15,7
CAACCTCAGGCAAAGA,6,0.05,0.8,0.15,7
CAACCTCAGGCTCATT,7,0.05,0.8,0.15,7
CAACCTCAGTCTCCTC,3,0.05,0.8,0.15,7
CAACCTCCAGGTCCAC,3,0.05,0.8,0.15,7
CAACCTCGTAGATTAG,1000,0.05,0.8,0.15,7
CAACCTCGTGCAACGA,6,0.05,0.8,0.15,7
CAACCTCTCCCTAATT,1,0.05,0.8,0.15,7
CAACCTCTCCTAGTGA,1,0.05,0.8,0.15,7
CAACCTCTCTCTGAGA,2,0.05,0.8,0.15,7
CAACTAGAGAGGGATA,1,0.05,0.8,0.15,7
CAACTAGAGGCACATG,8,0.05,0.8,0.15,7
CAACTAGAGGTGTTAA,3,0.05,0.8,0.15,7
CAACTAGCAAATACAG,6,0.05,0.8,0.15,7
CAACTAGCAAGCTGTT,5,0.05,0.8,0.15,7
CAACTAGCAGTCCTTC,1000,0.05,0.8,0.15,7
CAACTAGCAGTGGAGT,1,0.05,0.8,0.15,7
CAACTAGCATTGGTAC,4,0.05,0.8,0.15,7
CAACTAGGTCACAAGG,5,0.05,0.8,0.15,7
CAACTAGGTCCGAATT,0,0.05,0.8,0.15,7
CAACTAGTCACATGCA,8,0.05,0.8,0.15,7
CAACTAGTCCGCGCAA,1000,0.05,0.8,0.15,7
CAAGAAAAGACAGACC,3,0.05,0.8,0.15,7
CAAGAAAAGAGGTTGC,3,0.05,0.8,0.15,7
CAAGAAAAGGTGCACA,1000,0.05,0.8,0.15,7
CAAGAAACAAGGTGTG,7,0.05,0.8,0.15,7
CAAGAAACACCACCAG,5,0.05,0.8,0.15,7
CAAGAAACAGCTGGCT,1,0.05,0.8,0.15,7
CAAGAAACATATGAGA,8,0.05,0.8,0.15,7
CAAGAAACATGTCGAT,4,0.05,0.8,0.15,7
CAAGAAAGTTCCAACA,5,0.05,0.8,0.15,7
CAAGAAATCACGAAGG,2,0.05,0.8,0.15,7
CAAGAAATCCAGTAGT,5,0.05,0.8,0.15,7
CAAGAAATCTTGTCAT,8,0.05,0.8,0.15,7
CAAGATCAGAAGGGTA,2,0.05,0.8,0.15,7
CAAGATCAGACCTAGG,8,0.05,0.8,0.15,7
CAAGATCAGGCCATAG,7,0.05,0.8,0.15,7
CAAGATCAGTATTGGA,6,0.05,0.8,0.15,7
CAAGATCAGTCGCCGT,5,0.05,0.8,0.15,7
CAAGATCAGTGTCCCG,4,0.05,0.8,0.15,7
CAAGATCCAAAGAATC,4,0.05,0.8,0.15,7
CAAGATCCAAGGACAC,8,0.05,0.8,0.15,7
CAAGATCCATCTACGA,1,0.05,0.8,0.15,7
CAAGATCGTATATGGA,7,0.05,0.8,0.15,7
CAAGATCGTCCGAAGA,6,0.05,0.8,0.15,7
CAAGATCGTCCTGCTT,0,0.05,0.8,0.15,7
CAAGATCGTGCGGTAA,8,0.05,0.8,0.15,7
CAAGATCTCAAGGTAA,8,0.05,0.8,0.15,7
CAAGATCTCTCCAGGG,5,0.05,0.8,0.15,7
CAAGATCTCTTCGAGA,1,0.05,0.8,0.15,7
CAAGATCTCTTGGGTA,1,0.05,0.8,0.15,7
CAAGGCCAGACAATAC,1,0.05,0.8,0.15,7
CAAGGCCAGAGCTATA,1,0.05,0.8,0.15,7
CAAGGCCAGGCGCTCT,4,0.05,0.8,0.15,7
CAAGGCCAGTGTCCAT,5,0.05,0.8,0.15,7
CAAGGCCCAATGAAAC,6,0.05,0.8,0.15,7
CAAGGCCCACACATGT,7,0.05,0.8,0.15,7
CAAGGCCCACAGTCGC,1,0.05,0.8,0.15,7
CAAGGCCCAGACAGGT,4,0.05,0.8,0.15,7
CAAGGCCGTAAACCTC,1,0.05,0.8,0.15,7
CAAGGCCGTGTTCTTT,5,0.05,0.8,0.15,7
CAAGGCCGTTAAAGAC,1,0.05,0.8,0.15,7
CAAGGCCTCCTGCCAT,1,0.05,0.8,0.15,7
CAAGGCCTCCTGTACC,4,0.05,0.8,0.15,7
CAAGGCCTCTGCGTAA,3,0.05,0.8,0.15,7
CAAGGCCTCTTGGGTA,4,0.05,0.8,0.15,7
CAAGTTGAGAGGTTAT,5,0.05,0.8,0.15,7
CAAGTTGAGCAGACTG,8,0.05,0.8,0.15,7
CAAGTTGAGCCTATGT,0,0.05,0.8,0.15,7
CAAGTTGCAATAGCGG,5,0.05,0.8,0.15,7
CAAGTTGCAATGAAAC,5,0.05,0.8,0.15,7
CAAGTTGCACATGTGT,1,0.05,0.8,0.15,7
CAAGTTGGTCATGCAT,5,0.05,0.8,0.15,7
CAAGTTGGTCGCGGTT,3,0.05,0.8,0.15,7
CAAGTTGGTTCCGTCT,1,0.05,0.8,0.15,7
CAAGTTGTCCAACCAA,5,0.05,0.8,0.15,7
CAAGTTGTCCTCGCAT,6,0.05,0.8,0.15,7
CAAGTTGTCGTGGTCG,1000,0.05,0.8,0.15,7
CAAGTTGTCTCTGCTG,5,0.05,0.8,0.15,7
CACAAACAGGTACTCT,3,0.05,0.8,0.15,7
CACAAACAGGTCATCT,1,0.05,0.8,0.15,7
CACAAACAGTGACATA,7,0.05,0.8,0.15,7
CACAAACCAAGTTGTC,4,0.05,0.8,0.15,7
CACAAACCATACGCTA,8,0.05,0.8,0.15,7
CACAAACCATACTACG,6,0.05,0.8,0.15,7
CACAAACCATTCACTT,4,0.05,0.8,0.15,7
CACAAACGTCCAGTGC,7,0.05,0.8,0.15,7
CACAAACGTCCGCTGA,3,0.05,0.8,0.15,7
CACAAACGTGATGTCT,5,0.05,0.8,0.15,7
CACAAACTCAGTTGAC,4,0.05,0.8,0.15,7
CACAAACTCCAACCAA,8,0.05,0.8,0.15,7
CACAAACTCCTCATTA,1,0.05,0.8,0.15,7
CACAAACTCGGCGCTA,4,0.05,0.8,0.15,7
CACACAAAGATCGATA,7,0.05,0.8,0.15,7
CACACAAAGCTAAGAT,3,0.05,0.8,0.15,7
CACACAAAGCTACCGC,5,0.05,0.8,0.15,7
CACACAAAGGCACATG,8,0.05,0.8,0.15,7
CACACAACAAGCTGAG,6,0.05,0.8,0.15,7
CACACAACAGCGTCCA,5,0.05,0.8,0.15,7
CACACAACATATACGC,6,0.05,0.8,0.15,7
CACACAAGTAGAAGGA,1,0.05,0.8,0.15,7
CACACAAGTCAGGACA,5,0.05,0.8,0.15,7
CACACAATCATAAAGG,1000,0.05,0.8,0.15,7
CACACAATCATAGCAC,1,0.05,0.8,0.15,7
CACACAATCCAATGGT,0,0.05,0.8,0.15,7
CACACAATCGTACCGG,4,0.05,0.8,0.15,7
CACACCTAGCTTATCG,5,0.05,0.8,0.15,7
CACACCTAGGTCATCT,0,0.05,0.8,0.15,7
CACACCTAGTACATGA,3,0.05,0.8,0.15,7
CACACCTCAAACCTAC,1,0.05,0.8,0.15,7
CACACCTCAAGGTTTC,3,0.05,0.8,0.15,7
CACACCTGTACAGACG,1,0.05,0.8,0.15,7
CACACCTGTCTTCGTC,8,0.05,0.8,0.15,7
CACACCTGTGAACCTT,1,0.05,0.8,0.15,7
CACACCTGTGTTTGGT,3,0.05,0.8,0.15,7
CACACCTTCACAAACC,1,0.05,0.8,0.15,7
CACACCTTCGGCGCTA,4,0.05,0.8,0.15,7
CACACCTTCTCAAACG,3,0.05,0.8,0.15,7
CACACTCGTACTCTCC,3,0.05,0.8,0.15,7
CACACTCGTCATCGGC,1,0.05,0.8,0.15,7
CACACTCGTTAAGATG,2,0.05,0.8,0.15,7
CACACTCGTTGGTAAA,8,0.05,0.8,0.15,7
CACACTCTCAGGCAAG,3,0.05,0.8,0.15,7
CACACTCTCTCAAACG,1,0.05,0.8,0.15,7
CACACTCTCTCCGGTT,8,0.05,0.8,0.15,7
CACACTCTCTTGAGGT,8,0.05,0.8,0.15,7
CACACTCTCTTGTTTG,8,0.05,0.8,0.15,7
CACAGGCAGCTGCAAG,0,0.05,0.8,0.15,7
CACAGGCAGTCATCCA,2,0.05,0.8,0.15,7
CACAGGCAGTGTACGG,6,0.05,0.8,0.15,7
CACAGGCCACCATCCT,4,0.05,0.8,0.15,7
CACAGGCCAGATTGCT,4,0.05,0.8,0.15,7
CACAGGCCAGCATGAG,7,0.05,0.8,0.15,7
CACAGGCGTGTGGCTC,8,0.05,0.8,0.15,7
CACAGGCGTTCGGGCT,1000,0.05,0.8,0.15,7
CACAGGCTCTAACTCT,5,0.05,0.8,0.15,7
CACAGTAAGACGCAAC,8,0.05,0.8,0.15,7
CACAGTACAAGCCGCT,5,0.05,0.8,0.15,7
CACAGTACAGACTCGC,7,0.05,0.8,0.15,7
CACAGTACATTCCTCG,1000,0.05,0.8,0.15,7
CACAGTAGTGGCTCCA,6,0.05,0.8,0.15,7
CACAGTAGTTTACTCT,8,0.05,0.8,0.15,7
CACAGTATCAACGCTA,7,0.05,0.8,0.15,7
CACAGTATCCTATGTT,2,0.05,0.8,0.15,7
CACAGTATCCTGCAGG,8,0.05,0.8,0.15,7
CACAGTATCCTTGGTC,1,0.05,0.8,0.15,7
CACAGTATCTGCGACG,7,0.05,0.8,0.15,7
CACATAGAGACCCACC,8,0.05,0.8,0.15,7
CACATAGAGGATGGAA,1,0.05,0.8,0.15,7
CACATAGCACTAGTAC,0,0.05,0.8,0.15,7
CACATAGCAGACGCTC,5,0.05,0.8,0.15,7
CACATAGGTCAGGACA,7,0.05,0.8,0.15,7
CACATAGTCAGCCTAA,1,0.05,0.8,0.15,7
CACATAGTCATAGCAC,3,0.05,0.8,0.15,7
CACATAGTCGCGTAGC,1,0.05,0.8,0.15,7
CACATAGTCTAACCGA,7,0.05,0.8,0.15,7
CACATTTAGAGTACAT,3,0.05,0.8,0.15,7
CACATTTAGATGTTAG,1000,0.05,0.8,0.15,7
CACATTTCAATTCCTT,7,0.05,0.8,0.15,7
CACATTTCACAGATTC,6,0.05,0.8,0.15,7
CACATTTGTAAGGGCT,1000,0.05,0.8,0.15,7
CACATTTGTGACTCAT,7,0.05,0.8,0.15,7
CACATTTTCGTATCAG,6,0.05,0.8,0.15,7
CACCACTAGAGATGAG,5,0.05,0.8,0.15,7
CACCACTAGGGTCGAT,2,0.05,0.8,0.15,7
CACCACTAGGTTCCTA,5,0.05,0.8,0.15,7
CACCACTAGTGGAGAA,1,0.05,0.8,0.15,7
CACCACTAGTTACCCA,7,0.05,0.8,0.15,7
CACCACTCACACCGAC,7,0.05,0.8,0.15,7
CACCACTCATCCAACA,1,0.05,0.8,0.15,7
CACCACTTCGCCGTGA,1,0.05,0.8,0.15,7
CACCACTTCGTAGGTT,2,0.05,0.8,0.15,7
CACCACTTCTGCGACG,4,0.05,0.8,0.15,7
CACCAGGAGAACAACT,1,0.05,0.8,0.15,7
CACCAGGAGGAACTGC,2,0.05,0.8,0.15,7
CACCAGGAGGGAAACA,1,0.05,0.8,0.15,7
CACCAGGAGTAATCCC,3,0.05,0.8,0.15,7
CACCAGGCAAGCCGTC,3,0.05,0.8,0.15,7
CACCAGGCAAGTCTAC,3,0.05,0.8,0.15,7
CACCAGGCAGCTGGCT,8,0.05,0.8,0.15,7
CACCAGGGTGTAATGA,6,0.05,0.8,0.15,7
CACCAGGTCAACACTG,5,0.05,0.8,0.15,7
CACCAGGTCATTGCGA,1,0.05,0.8,0.15,7
CACCAGGTCTCACATT,5,0.05,0.8,0.15,7
CACCTTGAGACAGAGA,7,0.05,0.8,0.15,7
CACCTTGAGTCCCACG,3,0.05,0.8,0.15,7
CACCTTGCACCCATTC,0,0.05,0.8,0.15,7
CACCTTGGTAAGGGCT,3,0.05,0.8,0.15,7
CACCTTGGTAGCGTGA,5,0.05,0.8,0.15,7
CACCTTGGTCTAGCCG,6,0.05,0.8,0.15,7
CACCTTGGTCTCCACT,6,0.05,0.8,0.15,7
CACCTTGGTGTTCGAT,1,0.05,0.8,0.15,7
CACCTTGGTTCGGCAC,4,0.05,0.8,0.15,7
CACCTTGTCTCTAGGA,1,0.05,0.8,0.15,7
CACTCCAAGCTCTCGG,6,0.05,0.8,0.15,7
CACTCCAAGGTACTCT,2,0.05,0.8,0.15,7
CACTCCACAGGGATTG,6,0.05,0.8,0.15,7
CACTCCACATTTCAGG,4,0.05,0.8,0.15,7
CACTCCACATTTGCTT,1,0.05,0.8,0.15,7
CACTCCAGTTGGTGGA,8,0.05,0.8,0.15,7
CACTCCATCAGTTTGG,5,0.05,0.8,0.15,7
CACTCCATCCGAACGC,5,0.05,0.8,0.15,7
CAGAATCAGTGTACGG,1,0.05,0.8,0.15,7
CAGAATCCACTCTGTC,1,0.05,0.8,0.15,7
CAGAATCCATGTAGTC,1,0.05,0.8,0.15,7
CAGAATCGTACTTCTT,0,0.05,0.8,0.15,7
CAGAATCGTCCGAAGA,1,0.05,0.8,0.15,7
CAGAATCTCAACTCTT,3,0.05,0.8,0.15,7
CAGAGAGAGAGGACGG,3,0.05,0.8,0.15,7
CAGAGAGAGATGCGAC,2,0.05,0.8,0.15,7
CAGAGAGAGCAAATCA,4,0.05,0.8,0.15,7
CAGAGAGCAAGGACAC,5,0.05,0.8,0.15,7
CAGAGAGCAAGGCTCC,1,0.05,0.8,0.15,7
CAGAGAGCACGGCTAC,7,0.05,0.8,0.15,7
CAGAGAGGTCACAAGG,1,0.05,0.8,0.15,7
CAGAGAGGTCGGATCC,7,0.05,0.8,0.15,7
CAGAGAGGTGCTTCTC,1000,0.05,0.8,0.15,7
CAGAGAGGTGGTGTAG,5,0.05,0.8,0.15,7
CAGAGAGGTGTGCCTG,6,0.05,0.8,0.15,7
CAGAGAGTCAGTGTTG,1000,0.05,0.8,0.15,7
CAGAGAGTCGAGCCCA,7,0.05,0.8,0.15,7
CAGAGAGTCTGGTGTA,1,0.05,0.8,0.15,7
CAGATCAAGAAGGACA,4,0.05,0.8,0.15,7
CAGATCAAGGTGATAT,8,0.05,0.8,0.15,7
CAGATCACACTTCGAA,6,0.05,0.8,0.15,7
CAGATCACATGTAGTC,4,0.05,0.8,0.15,7
CAGATCATCGTTACAG,1,0.05,0.8,0.15,7
CAGCAGCAGACTCGGA,3,0.05,0.8,0.15,7
CAGCAGCAGCGGATCA,5,0.05,0.8,0.15,7
CAGCAGCAGCTAAACA,4,0.05,0.8,0.15,7
CAGCAGCAGGCAGTCA,1,0.05,0.8,0.15,7
CAGCAGCAGTACGCCC,2,0.05,0.8,0.15,7
CAGCAGCAGTTGTAGA,2,0.05,0.8,0.15,7
CAGCAGCCAAAGGCGT,1,0.05,0.8,0.15,7
CAGCAGCCACTGTCGG,8,0.05,0.8,0.15,7
CAGCAGCCAGCGTTCG,2,0.05,0.8,0.15,7
CAGCAGCCAGTAACGG,0,0.05,0.8,0.15,7
CAGCATAAGAACTGTA,7,0.05,0.8,0.15,7
CAGCATAAGCAGCCTC,7,0.05,0.8,0.15,7
CAGCATAAGCGGCTTC,5,0.05,0.8,0.15,7
CAGCATAAGCTACCGC,2,0.05,0.8,0.15,7
CAGCATAAGGAGTCTG,8,0.05,0.8,0.15,7
CAGCATAAGTGCCATT,8,0.05,0.8,0.15,7
CAGCATACACCGAATT,5,0.05,0.8,0.15,7
CAGCATACAGACGCTC,7,0.05,0.8,0.15,7
CAGCATAGTGTGTGCC,2,0.05,0.8,0.15,7
CAGCATATCAGTTCGA,2,0.05,0.8,0.15,7
CAGCATATCCAACCAA,5,0.05,0.8,0.15,7
CAGCATATCCATGAGT,6,0.05,0.8,0.15,7
CAGCCGAAGGGCTTGA,1000,0.05,0.8,0.15,7
CAGCCGACAGGTGCCT,6,0.05,0.8,0.15,7
CAGCCGAGTCATATCG,3,0.05,0.8,0.15,7
CAGCCGAGTTTCCACC,8,0.05,0.8,0.15,7
CAGCCGAGTTTGTGTG,5,0.05,0.8,0.15,7
CAGCCGATCAAGATCC,2,0.05,0.8,0.15,7
CAGCCGATCCGTACAA,4,0.05,0.8,0.15,7
CAGCGACAGACACGAC,1,0.05,0.8,0.15,7
CAGCGACAGATGCCAG,3,0.05,0.8,0.15,7
CAGCGACAGCAATCTC,8,0.05,0.8,0.15,7
CAGCGACAGTCATGCT,4,0.05,0.8,0.15,7
CAGCGACAGTTGTAGA,8,0.05,0.8,0.15,7
CAGCGACAGTTTAGGA,1,0.05,0.8,0.15,7
CAGCGACCACAAGTAA,6,0.05,0.8,0.15,7
CAGCGACCACATGGGA,5,0.05,0.8,0.15,7
CAGCGACCAGGCTGAA,7,0.05,0.8,0.15,7
CAGCGACGTCGGCATC,6,0.05,0.8,0.15,7
CAGCGACGTCTGCCAG,5,0.05,0.8,0.15,7
CAGCGACGTTACGACT,8,0.05,0.8,0.15,7
CAGCGACTCAAGGTAA,1,0.05,0.8,0.15,7
CAGCGACTCACCATAG,5,0.05,0.8,0.15,7
CAGCGACTCAGGCGAA,7,0.05,0.8,0.15,7
CAGCGACTCTCGATGA,7,0.05,0.8,0.15,7
CAGCTAAAGCTAGTTC,2,0.05,0.8,0.15,7
CAGCTAAAGGCATGGT,8,0.05,0.8,0.15,7
CAGCTAAAGTGTCCCG,4,0.05,0.8,0.15,7
CAGCTAAGTCAAGCGA,5,0.05,0.8,0.15,7
CAGCTAAGTCTCCATC,8,0.05,0.8,0.15,7
CAGCTAAGTGTTAAGA,7,0.05,0.8,0.15,7
CAGCTAATCAACACAC,1,0.05,0.8,0.15,7
CAGCTAATCAGCACAT,3,0.05,0.8,0.15,7
CAGCTAATCTGGGCCA,6,0.05,0.8,0.15,7
CAGCTGGAGCTAACTC,7,0.05,0.8,0.15,7
CAGCTGGCACCATCCT,5,0.05,0.8,0.15,7
CAGCTGGCACCTCGTT,8,0.05,0.8,0.15,7
CAGCTGGCATTTCACT,1,0.05,0.8,0.15,7
CAGCTGGGTAAATGTG,5,0.05,0.8,0.15,7
CAGCTGGGTAACGCGA,8,0.05,0.8,0.15,7
CAGCTGGGTTGTCGCG,4,0.05,0.8,0.15,7
CAGCTGGTCCAAAGTC,7,0.05,0.8,0.15,7
CAGGTGCAGACCTTTG,6,0.05,0.8,0.15,7
CAGGTGCAGAGGTTGC,7,0.05,0.8,0.15,7
CAGGTGCAGCAGCCTC,4,0.05,0.8,0.15,7
CAGGTGCAGCCACGTC,6,0.05,0.8,0.15,7
CAGGTGCAGGAGTTGC,4,0.05,0.8,0.15,7
CAGGTGCCAACTGGCC,4,0.05,0.8,0.15,7
CAGGTGCCAGTAAGCG,5,0.05,0.8,0.15,7
CAGGTGCGTCTAAAGA,3,0.05,0.8,0.15,7
CAGGTGCGTGCACGAA,7,0.05,0.8,0.15,7
CAGGTGCTCCGCGTTT,5,0.05,0.8,0.15,7
CAGGTGCTCCTCAATT,1,0.05,0.8,0.15,7
CAGGTGCTCTGTGCAA,2,0.05,0.8,0.15,7
CAGGTGCTCTTAGCCC,7,0.05,0.8,0.15,7
CAGTAACAGATCCTGT,8,0.05,0.8,0.15,7
CAGTAACAGGCCCTCA,6,0.05,0.8,0.15,7
CAGTAACAGTAGCGGT,7,0.05,0.8,0.15,7
CAGTAACCAATAGCGG,6,0.05,0.8,0.15,7
CAGTAACCACAGCCCA,7,0.05,0.8,0.15,7
CAGTAACCAGTCTTCC,5,0.05,0.8,0.15,7
CAGTAACTCAGTGTTG,5,0.05,0.8,0.15,7
CAGTAACTCATTGCCC,1,0.05,0.8,0.15,7
CAGTAACTCGGAGCAA,4,0.05,0.8,0.15,7
CAGTAACTCGTGGGAA,5,0.05,0.8,0.15,7
CAGTAACTCTACTATC,7,0.05,0.8,0.15,7
CAGTAACTCTCGCTTG,2,0.05,0.8,0.15,7
CAGTAACTCTGATACG,1,0.05,0.8,0.15,7
CAGTCCTAGAATGTTG,1,0.05,0.8,0.15,7
CAGTCCTAGAGTGACC,3,0.05,0.8,0.15,7
CAGTCCTAGCACAGGT,1,0.05,0.8,0.15,7
CAGTCCTCAAACTGTC,6,0.05,0.8,0.15,7
CAGTCCTGTAAGAGAG,8,0.05,0.8,0.15,7
CAGTCCTGTCTCCATC,1,0.05,0.8,0.15,7
CAGTCCTGTGTCTGAT,5,0.05,0.8,0.15,7
CAGTCCTTCGCCAAAT,6,0.05,0.8,0.15,7
CAGTCCTTCTTTAGTC,8,0.05,0.8,0.15,7
CATATGGAGATCGGGT,7,0.05,0.8,0.15,7
CATATGGAGGGTGTGT,6,0.05,0.8,0.15,7
CATATGGAGTACGCGA,3,0.05,0.8,0.15,7
CATATGGAGTAGGTGC,2,0.05,0.8,0.15,7
CATATGGGTACTCGCG,1,0.05,0.8,0.15,7
CATATGGGTCGTTGTA,5,0.05,0.8,0.15,7
CATATTCAGAGCAATT,2,0.05,0.8,0.15,7
CATATTCAGCACCGTC,5,0.05,0.8,0.15,7
CATATTCAGCCAGAAC,2,0.05,0.8,0.15,7
CATATTCAGCGTGTCC,7,0.05,0.8,0.15,7
CATATTCCACCCTATC,5,0.05,0.8,0.15,7
CATATTCCAGGACCCT,4,0.05,0.8,0.15,7
CATATTCCAGGATTGG,8,0.05,0.8,0.15,7
CATATTCCAGTAAGAT,3,0.05,0.8,0.15,7
CATATTCGTCAAACTC,8,0.05,0.8,0.15,7
CATATTCGTCCCTACT,1,0.05,0.8,0.15,7
CATATTCGTGTTAAGA,5,0.05,0.8,0.15,7
CATATTCGTTTGGCGC,7,0.05,0.8,0.15,7
CATATTCTCATCTGCC,1000,0.05,0.8,0.15,7
CATATTCTCATTGCCC,4,0.05,0.8,0.15,7
CATATTCTCGATAGAA,1,0.05,0.8,0.15,7
CATATTCTCGTCGTTC,5,0.05,0.8,0.15,7
CATATTCTCTACCAGA,3,0.05,0.8,0.15,7
CATATTCTCTTGCCGT,4,0.05,0.8,0.15,7
CATCAAGAGCTGTTCA,2,0.05,0.8,0.15,7
CATCAAGAGGGCACTA,1000,0.05,0.8,0.15,7
CATCAAGAGTCCCACG,0,0.05,0.8,0.15,7
CATCAAGAGTGCTGCC,4,0.05,0.8,0.15,7
CATCAAGCAGATTGCT,2,0.05,0.8,0.15,7
CATCAAGCATCGATTG,8,0.05,0.8,0.15,7
CATCAAGCATTGCGGC,5,0.05,0.8,0.15,7
CATCAAGGTACCGTTA,7,0.05,0.8,0.15,7
CATCAAGGTCTCTCGT,7,0.05,0.8,0.15,7
CATCAAGTCACAAACC,1,0.05,0.8,0.15,7
CATCAAGTCCTTGCCA,1,0.05,0.8,0.15,7
CATCAAGTCTCGATGA,8,0.05,0.8,0.15,7
CATCAAGTCTTCCTTC,5,0.05,0.8,0.15,7
CATCAGAAGAGTGAGA,7,0.05,0.8,0.15,7
CATCAGAAGATTACCC,1,0.05,0.8,0.15,7
CATCAGAAGCGTTCCG,1,0.05,0.8,0.15,7
CATCAGAAGGCATTGG,2,0.05,0.8,0.15,7
CATCAGAAGGTTACCT,3,0.05,0.8,0.15,7
CATCAGAAGTAGGCCA,1000,0.05,0.8,0.15,7
CATCAGACAGTCAGCC,4,0.05,0.8,0.15,7
CATCAGACAGTTCATG,1,0.05,0.8,0.15,7
CATCAGAGTAGCTAAA,2,0.05,0.8,0.15,7
CATCAGAGTAGGCTGA,0,0.05,0.8,0.15,7
CATCAGAGTAGGGTAC,2,0.05,0.8,0.15,7
CATCAGAGTATTCGTG,3,0.05,0.8,0.15,7
CATCAGAGTCCGAAGA,2,0.05,0.8,0.15,7
CATCAGATCAACCATG,3,0.05,0.8,0.15,7
CATCAGATCATAGCAC,4,0.05,0.8,0.15,7
CATCCACCATAACCTG,1,0.05,0.8,0.15,7
CATCCACCATTTGCTT,6,0.05,0.8,0.15,7
CATCCACGTCATTAGC,8,0.05,0.8,0.15,7
CATCCACGTTGGAGGT,7,0.05,0.8,0.15,7
CATCCACTCAGTCAGT,1,0.05,0.8,0.15,7
CATCCACTCCAAATGC,8,0.05,0.8,0.15,7
CATCCACTCGATCCCT,3,0.05,0.8,0.15,7
CATCGAAAGAAACGCC,5,0.05,0.8,0.15,7
CATCGAAAGCGCTTAT,8,0.05,0.8,0.15,7
CATCGAAGTAAACGCG,4,0.05,0.8,0.15,7
CATCGAAGTGGAAAGA,8,0.05,0.8,0.15,7
CATCGAATCACCATAG,5,0.05,0.8,0.15,7
CATCGAATCTCGTATT,1,0.05,0.8,0.15,7
CATCGAATCTGCGGCA,8,0.05,0.8,0.15,7
CATCGAATCTTACCGC,7,0.05,0.8,0.15,7
CATCGGGAGATCGGGT,1000,0.05,0.8,0.15,7
CATCGGGAGTGGAGTC,8,0.05,0.8,0.15,7
CATCGGGCAAGACGTG,1000,0.05,0.8,0.15,7
CATCGGGCAATAGAGT,5,0.05,0.8,0.15,7
CATCGGGCACACGCTG,7,0.05,0.8,0.15,7
CATCGGGCAGCCTGTG,7,0.05,0.8,0.15,7
CATCGGGCAGCGATCC,3,0.05,0.8,0.15,7
CATCGGGCAGCTGTTA,8,0.05,0.8,0.15,7
CATCGGGGTAACGTTC,1000,0.05,0.8,0.15,7
CATCGGGGTAGGACAC,7,0.05,0.8,0.15,7
CATCGGGGTTTGCATG,4,0.05,0.8,0.15,7
CATCGGGTCGTTACAG,4,0.05,0.8,0.15,7
CATGACAAGAGGTACC,4,0.05,0.8,0.15,7
CATGACAAGCTAAGAT,4,0.05,0.8,0.15,7
CATGACACAACGATCT,8,0.05,0.8,0.15,7
CATGACACAATAGAGT,4,0.05,0.8,0.15,7
CATGACACAATCTGCA,1,0.05,0.8,0.15,7
CATGACAGTAGAGCTG,1,0.05,0.8,0.15,7
CATGACAGTCATGCAT,4,0.05,0.8,0.15,7
CATGACAGTGCACCAC,6,0.05,0.8,0.15,7
CATGACAGTTTAGGAA,5,0.05,0.8,0.15,7
CATGACATCCCAACGG,2,0.05,0.8,0.15,7
CATGACATCGCCAGCA,1,0.05,0.8,0.15,7
CATGACATCGTTGACA,6,0.05,0.8,0.15,7
CATGCCTCAAGAGTCG,4,0.05,0.8,0.15,7
CATGCCTCACAACGTT,8,0.05,0.8,0.15,7
CATGCCTCATCACAAC,3,0.05,0.8,0.15,7
CATGCCTGTACAGCAG,2,0.05,0.8,0.15,7
CATGCCTTCACCAGGC,5,0.05,0.8,0.15,7
CATGCCTTCAGTCAGT,1,0.05,0.8,0.15,7
CATGCCTTCTAAGCCA,7,0.05,0.8,0.15,7
CATGGCGAGCTGCGAA,7,0.05,0.8,0.15,7
CATGGCGAGGCAATTA,4,0.05,0.8,0.15,7
CATGGCGAGGCGATAC,1000,0.05,0.8,0.15,7
CATGGCGAGTGACTCT,3,0.05,0.8,0.15,7
CATGGCGCAATACGCT,7,0.05,0.8,0.15,7
CATGGCGCACATGTGT,8,0.05,0.8,0.15,7
CATGGCGCACTCTGTC,7,0.05,0.8,0.15,7
CATGGCGGTATAGGGC,4,0.05,0.8,0.15,7
CATGGCGGTCAGTGGA,2,0.05,0.8,0.15,7
CATGGCGGTCGTCTTC,1000,0.05,0.8,0.15,7
CATGGCGGTGGTCCGT,7,0.05,0.8,0.15,7
CATGGCGGTGTCTGAT,2,0.05,0.8,0.15,7
CATGGCGTCCTTTCGG,1,0.05,0.8,0.15,7
CATGGCGTCTCTAAGG,5,0.05,0.8,0.15,7
CATTATCAGGCGATAC,5,0.05,0.8,0.15,7
CATTATCCAACACGCC,1,0.05,0.8,0.15,7
CATTATCCACATTAGC,4,0.05,0.8,0.15,7
CATTATCGTCAATGTC,5,0.05,0.8,0.15,7
CATTATCGTCTCCATC,3,0.05,0.8,0.15,7
CATTATCGTGATGTCT,2,0.05,0.8,0.15,7
CATTATCGTGGCTCCA,5,0.05,0.8,0.15,7
CATTATCGTTAAAGTG,2,0.05,0.8,0.15,7
CATTATCGTTACGTCA,8,0.05,0.8,0.15,7
CATTATCGTTCCGGCA,6,0.05,0.8,0.15,7
CATTATCGTTGGTAAA,1,0.05,0.8,0.15,7
CATTATCTCCTTGGTC,1,0.05,0.8,0.15,7
CATTCGCAGCAGCCTC,7,0.05,0.8,0.15,7
CATTCGCAGTCAATAG,1,0.05,0.8,0.15,7
CATTCGCCACGAAAGC,4,0.05,0.8,0.15,7
CATTCGCCAGTACACT,1000,0.05,0.8,0.15,7
CATTCGCGTTGATTGC,7,0.05,0.8,0.15,7
CATTCGCTCAGCGACC,0,0.05,0.8,0.15,7
CATTCGCTCTGAGGGA,3,0.05,0.8,0.15,7
CCAATCCAGAAACGAG,1,0.05,0.8,0.15,7
CCAATCCAGCTAGTTC,4,0.05,0.8,0.15,7
CCAATCCAGCTGCCCA,7,0.05,0.8,0.15,7
CCAATCCAGGGTCTCC,4,0.05,0.8,0.15,7
CCAATCCCACGTCAGC,1,0.05,0.8,0.15,7
CCAATCCCAGGATTGG,1,0.05,0.8,0.15,7
CCAATCCGTCAATACC,3,0.05,0.8,0.15,7
CCAATCCGTGTTTGGT,4,0.05,0.8,0.15,7
CCAATCCTCACAACGT,2,0.05,0.8,0.15,7
CCAATCCTCCAAAGTC,7,0.05,0.8,0.15,7
CCAATCCTCTTGCCGT,2,0.05,0.8,0.15,7
CCACCTAAGGATGGTC,7,0.05,0.8,0.15,7
CCACCTAAGGCATTGG,3,0.05,0.8,0.15,7
CCACCTAAGTAGCCGA,1000,0.05,0.8,0.15,7
CCACCTAAGTGTTAGA,1,0.05,0.8,0.15,7
CCACCTACAGATCGGA,1000,0.05,0.8,0.15,7
CCACCTACATCCGCGA,5,0.05,0.8,0.15,7
CCACCTAGTTATCGGT,3,0.05,0.8,0.15,7
CCACCTATCAGGCCCA,7,0.05,0.8,0.15,7
CCACCTATCAGTCCCT,4,0.05,0.8,0.15,7
CCACCTATCTTTACAC,6,0.05,0.8,0.15,7
CCACGGAAGACTGTAA,5,0.05,0.8,0.15,7
CCACGGAAGCTGTTCA,8,0.05,0.8,0.15,7
CCACGGACAAGACGTG,6,0.05,0.8,0.15,7
CCACGGACACCGAAAG,4,0.05,0.8,0.15,7
CCACGGACACCTCGTT,6,0.05,0.8,0.15,7
CCACGGACATTATCTC,5,0.05,0.8,0.15,7
CCACGGAGTCGCTTTC,2,0.05,0.8,0.15,7
CCACGGATCACTTATC,6,0.05,0.8,0.15,7
CCACGGATCCTAGAAC,7,0.05,0.8,0.15,7
CCACGGATCGGAAATA,3,0.05,0.8,0.15,7
CCACGGATCGTAGGAG,3,0.05,0.8,0.15,7
CCACGGATCTCTAAGG,4,0.05,0.8,0.15,7
CCACTACAGACGCTTT,7,0.05,0.8,0.15,7
CCACTACAGCCGATTT,7,0.05,0.8,0.15,7
CCACTACAGGCGACAT,6,0.05,0.8,0.15,7
CCACTACAGGCGTACA,0,0.05,0.8,0.15,7
CCACTACAGTTGCAGG,8,0.05,0.8,0.15,7
CCACTACCAAAGAATC,7,0.05,0.8,0.15,7
CCACTACCACCGGAAA,1000,0.05,0.8,0.15,7
CCACTACCAGTCAGCC,8,0.05,0.8,0.15,7
CCACTACCATGGGAAC,2,0.05,0.8,0.15,7
CCACTACTCGCCGTGA,2,0.05,0.8,0.15,7
CCACTACTCGTACGGC,2,0.05,0.8,0.15,7
CCACTACTCTCCGGTT,1,0.05,0.8,0.15,7
CCACTACTCTGCAAGT,8,0.05,0.8,0.15,7
CCAGCGAAGAAGGACA,6,0.05,0.8,0.15,7
CCAGCGAAGGCAATTA,3,0.05,0.8,0.15,7
CCAGCGAAGGTGCACA,8,0.05,0.8,0.15,7
CCAGCGACAATGGATA,7,0.05,0.8,0.15,7
CCAGCGACACAGCGTC,3,0.05,0.8,0.15,7
CCAGCGACACGGACAA,7,0.05,0.8,0.15,7
CCAGCGACACTCGACG,6,0.05,0.8,0.15,7
CCAGCGACATAGAAAC,3,0.05,0.8,0.15,7
CCAGCGACATGGATGG,8,0.05,0.8,0.15,7
CCAGCGAGTAAGTTCC,5,0.05,0.8,0.15,7
CCAGCGAGTACAGCAG,5,0.05,0.8,0.15,7
CCAGCGAGTACAGTGG,1,0.05,0.8,0.15,7
CCAGCGAGTGAAATCA,7,0.05,0.8,0.15,7
CCAGCGAGTTGTCGCG,3,0.05,0.8,0.15,7
CCAGCGATCACAGTAC,1,0.05,0.8,0.15,7
CCAGCGATCACCTCGT,2,0.05,0.8,0.15,7
CCAGCGATCACTTATC,7,0.05,0.8,0.15,7
CCAGCGATCGAATCCA,4,0.05,0.8,0.15,7
CCATGTCAGCTGCGAA,2,0.05,0.8,0.15,7
CCATGTCAGTGTTTGC,8,0.05,0.8,0.15,7
CCATGTCAGTTTGCGT,3,0.05,0.8,0.15,7
CCATGTCCACAGACAG,7,0.05,0.8,0.15,7
CCATGTCCACCACCAG,8,0.05,0.8,0.15,7
CCATGTCCACCGATAT,2,0.05,0.8,0.15,7
CCATGTCCACGTAAGG,2,0.05,0.8,0.15,7
CCATGTCGTACCGAGA,4,0.05,0.8,0.15,7
CCATGTCGTCAGGACA,4,0.05,0.8,0.15,7
CCATGTCGTGAGGGTT,1000,0.05,0.8,0.15,7
CCATGTCGTTCCGGCA,4,0.05,0.8,0.15,7
CCATGTCTCAAGATCC,7,0.05,0.8,0.15,7
CCATGTCTCAGCATGT,6,0.05,0.8,0.15,7
CCATGTCTCCATTCTA,6,0.05,0.8,0.15,7
CCATGTCTCGATGAGG,2,0.05,0.8,0.15,7
CCATTCGAGACAGACC,1000,0.05,0.8,0.15,7
CCATTCGAGACCGGAT,7,0.05,0.8,0.15,7
CCATTCGAGCAACGGT,2,0.05,0.8,0.15,7
CCATTCGAGGTAGCCA,2,0.05,0.8,0.15,7
CCATTCGAGTGAACGC,3,0.05,0.8,0.15,7
CCATTCGCAACACCTA,8,0.05,0.8,0.15,7
CCATTCGCACATTTCT,3,0.05,0.8,0.15,7
CCATTCGGTAAGAGGA,1,0.05,0.8,0.15,7
CCATTCGGTAATAGCA,3,0.05,0.8,0.15,7
CCATTCGGTCAGCTAT,7,0.05,0.8,0.15,7
CCATTCGGTGAACCTT,5,0.05,0.8,0.15,7
CCATTCGTCATGTAGC,6,0.05,0.8,0.15,7
CCATTCGTCGTATCAG,6,0.05,0.8,0.15,7
CCATTCGTCTTGCAAG,1,0.05,0.8,0.15,7
CCCAATCAGAATAGGG,4,0.05,0.8,0.15,7
CCCAATCCAACACCTA,1000,0.05,0.8,0.15,7
CCCAATCCAAGAGGCT,3,0.05,0.8,0.15,7
CCCAATCCACAGACTT,8,0.05,0.8,0.15,7
CCCAATCCACGGTAGA,3,0.05,0.8,0.15,7
CCCAATCCACTGAAGG,2,0.05,0.8,0.15,7
CCCAATCCAGGGATTG,8,0.05,0.8,0.15,7
CCCAATCCATGCATGT,8,0.05,0.8,0.15,7
CCCAATCGTAAATACG,7,0.05,0.8,0.15,7
CCCAATCGTCTTCTCG,1,0.05,0.8,0.15,7
CCCAATCTCCCAGGTG,8,0.05,0.8,0.15,7
CCCAATCTCTAACTTC,1000,0.05,0.8,0.15,7
CCCAATCTCTACTATC,4,0.05,0.8,0.15,7
CCCAGTTAGAAACCGC,2,0.05,0.8,0.15,7
CCCAGTTAGATCCCGC,2,0.05,0.8,0.15,7
CCCAGTTAGTAATCCC,6,0.05,0.8,0.15,7
CCCAGTTCAAGCCGTC,6,0.05,0.8,0.15,7
CCCAGTTCACCCAGTG,3,0.05,0.8,0.15,7
CCCAGTTCATTCTTAC,1,0.05,0.8,0.15,7
CCCAGTTGTAGAGCTG,3,0.05,0.8,0.15,7
CCCAGTTGTAGGAGTC,5,0.05,0.8,0.15,7
CCCAGTTGTTTGGGCC,3,0.05,0.8,0.15,7
CCCAGTTTCTGTCAAG,5,0.05,0.8,0.15,7
CCCATACAGAAGCCCA,3,0.05,0.8,0.15,7
CCCATACAGCTTATCG,0,0.05,0.8,0.15,7
CCCATACCAACACCCG,1000,0.05,0.8,0.15,7
CCCATACCACCAGTTA,5,0.05,0.8,0.15,7
CCCATACCATCACGAT,1000,0.05,0.8,0.15,7
CCCATACGTTAAGATG,8,0.05,0.8,0.15,7
CCCATACTCCACTGGG,1,0.05,0.8,0.15,7
CCCATACTCCTAGTGA,4,0.05,0.8,0.15,7
CCCATACTCGCCCTTA,2,0.05,0.8,0.15,7
CCCATACTCTTACCTA,4,0.05,0.8,0.15,7
CCCTCCTAGAGTTGGC,4,0.05,0.8,0.15,7
CCCTCCTAGCAAATCA,8,0.05,0.8,0.15,7
CCCTCCTAGGCTCATT,1000,0.05,0.8,0.15,7
CCCTCCTAGGTAGCCA,8,0.05,0.8,0.15,7
CCCTCCTAGTCCTCCT,3,0.05,0.8,0.15,7
CCCTCCTCACCTGGTG,3,0.05,0.8,0.15,7
CCCTCCTCAGAGCCAA,1,0.05,0.8,0.15,7
CCCTCCTCAGGGATTG,5,0.05,0.8,0.15,7
CCCTCCTCATAACCTG,6,0.05,0.8,0.15,7
CCCTCCTCATGGAATA,4,0.05,0.8,0.15,7
CCCTCCTCATTCCTGC,3,0.05,0.8,0.15,7
CCCTCCTGTGCAGTAG,1,0.05,0.8,0.15,7
CCCTCCTTCCGCAGTG,7,0.05,0.8,0.15,7
CCCTCCTTCGCGCCAA,5,0.05,0.8,0.15,7
CCCTCCTTCTAGAGTC,1,0.05,0.8,0.15,7
CCGGGATAGACACTAA,4,0.05,0.8,0.15,7
CCGGGATAGCCCAATT,5,0.05,0.8,0.15,7
CCGGGATAGGAGTTGC,4,0.05,0.8,0.15,7
CCGGGATAGGCCGAAT,8,0.05,0.8,0.15,7
CCGGGATAGTATTGGA,6,0.05,0.8,0.15,7
CCGGGATAGTCGAGTG,3,0.05,0.8,0.15,7
CCGGGATGTCAGCTAT,5,0.05,0.8,0.15,7
CCGGGATGTTCAGGCC,2,0.05,0.8,0.15,7
CCGGGATGTTCCCGAG,5,0.05,0.8,0.15,7
CCGGGATGTTTACTCT,6,0.05,0.8,0.15,7
CCGGGATTCACATACG,5,0.05,0.8,0.15,7
CCGGGATTCACGATGT,8,0.05,0.8,0.15,7
CCGGTAGAGACAGGCT,7,0.05,0.8,0.15,7
CCGGTAGAGCTAGTCT,4,0.05,0.8,0.15,7
CCGGTAGAGTATGACA,6,0.05,0.8,0.15,7
CCGGTAGAGTGGTAGC,7,0.05,0.8,0.15,7
CCGGTAGCAAACGTGG,5,0.05,0.8,0.15,7
CCGGTAGCAGATCTGT,2,0.05,0.8,0.15,7
CCGGTAGCATCGACGC,8,0.05,0.8,0.15,7
CCGGTAGGTCTCCCTA,8,0.05,0.8,0.15,7
CCGGTAGTCATGTCTT,5,0.05,0.8,0.15,7
CCGGTAGTCGCGCCAA,7,0.05,0.8,0.15,7
CCGTACTAGCTCTCGG,6,0.05,0.8,0.15,7
CCGTACTAGTGTTGAA,1,0.05,0.8,0.15,7
CCGTACTCACAGACTT,8,0.05,0.8,0.15,7
CCGTACTCAGGGCATA,1,0.05,0.8,0.15,7
CCGTACTGTCATTAGC,1000,0.05,0.8,0.15,7
CCGTACTGTCGGATCC,1000,0.05,0.8,0.15,7
CCGTACTGTTAAGTAG,8,0.05,0.8,0.15,7
CCGTACTGTTACGTCA,1,0.05,0.8,0.15,7
CCGTACTTCACGCGGT,8,0.05,0.8,0.15,7
CCGTACTTCAGTTAGC,8,0.05,0.8,0.15,7
CCGTACTTCGAACGGA,1000,0.05,0.8,0.15,7
CCGTACTTCTCAAACG,7,0.05,0.8,0.15,7
CCGTGGAAGATCCCGC,5,0.05,0.8,0.15,7
CCGTGGACAACGATCT,6,0.05,0.8,0.15,7
CCGTGGACAGCAGTTT,3,0.05,0.8,0.15,7
CCGTGGACAGCGAACA,5,0.05,0.8,0.15,7
CCGTGGAGTACGACCC,8,0.05,0.8,0.15,7
CCGTGGAGTCCTCCAT,3,0.05,0.8,0.15,7
CCGTGGAGTGAAGGCT,1000,0.05,0.8,0.15,7
CCGTGGATCACATGCA,2,0.05,0.8,0.15,7
CCGTGGATCTCTAAGG,7,0.05,0.8,0.15,7
CCGTTCAAGGACATTA,6,0.05,0.8,0.15,7
CCGTTCAAGGTGTTAA,1,0.05,0.8,0.15,7
CCGTTCAAGTGAACAT,4,0.05,0.8,0.15,7
CCGTTCACAATGACCT,1,0.05,0.8,0.15,7
CCGTTCAGTCACAAGG,6,0.05,0.8,0.15,7
CCGTTCAGTGACTCAT,6,0.05,0.8,0.15,7
CCGTTCAGTTAAGACA,2,0.05,0.8,0.15,7
CCGTTCATCGTGGACC,7,0.05,0.8,0.15,7
CCGTTCATCGTTACAG,1,0.05,0.8,0.15,7
CCTAAAGAGACAGGCT,4,0.05,0.8,0.15,7
CCTAAAGAGCTGTCTA,4,0.05,0.8,0.15,7
CCTAAAGAGGATGGAA,5,0.05,0.8,0.15,7
CCTAAAGAGTCGCCGT,6,0.05,0.8,0.15,7
CCTAAAGAGTTATCGC,3,0.05,0.8,0.15,7
CCTAAAGCAAACTGTC,6,0.05,0.8,0.15,7
CCTAAAGCAAATCCGT,1,0.05,0.8,0.15,7
CCTAAAGCATCCGGGT,3,0.05,0.8,0.15,7
CCTAAAGCATTAGCCA,6,0.05,0.8,0.15,7
CCTAAAGGTAAGCACG,1,0.05,0.8,0.15,7
CCTAAAGGTACAGACG,1,0.05,0.8,0.15,7
CCTAAAGGTCGGCATC,8,0.05,0.8,0.15,7
CCTAAAGGTCTCCATC,8,0.05,0.8,0.15,7
CCTAAAGTCAACACCA,4,0.05,0.8,0.15,7
CCTAAAGTCAAGGCTT,7,0.05,0.8,0.15,7
CCTACACAGACTTGAA,8,0.05,0.8,0.15,7
CCTACACAGAGGACGG,3,0.05,0.8,0.15,7
CCTACACAGCGTGTCC,4,0.05,0.8,0.15,7
CCTACACAGTGAATTG,1,0.05,0.8,0.15,7
CCTACACCACCCTATC,5,0.05,0.8,0.15,7
CCTACACCAGATCTGT,4,0.05,0.8,0.15,7
CCTACACCATAGTAAG,1,0.05,0.8,0.15,7
CCTACACGTACTTAGC,7,0.05,0.8,0.15,7
CCTACACGTATCGCAT,8,0.05,0.8,0.15,7
CCTACACGTCACACGC,5,0.05,0.8,0.15,7
CCTACACGTCCGTTAA,7,0.05,0.8,0.15,7
CCTACACGTGGGTATG,4,0.05,0.8,0.15,7
CCTACACGTTCAGACT,0,0.05,0.8,0.15,7
CCTACACTCATACGGT,5,0.05,0.8,0.15,7
CCTACCAAGGGAGTAA,7,0.05,0.8,0.15,7
CCTACCAAGTGCGATG,2,0.05,0.8,0.15,7
CCTACCACAGCGATCC,4,0.05,0.8,0.15,7
CCTACCATCACCATAG,4,0.05,0.8,0.15,7
CCTACCATCCTACAGA,5,0.05,0.8,0.15,7
CCTAGCTAGCACCGTC,7,0.05,0.8,0.15,7
CCTAGCTAGCCATCGC,6,0.05,0.8,0.15,7
CCTAGCTAGCGTTTAC,8,0.05,0.8,0.15,7
CCTAGCTAGGTGCAAC,6,0.05,0.8,0.15,7
CCTAGCTAGTTACGGG,1,0.05,0.8,0.15,7
CCTAGCTAGTTGAGTA,5,0.05,0.8,0.15,7
CCTAGCTCAAACAACA,3,0.05,0.8,0.15,7
CCTAGCTCACACGCTG,1,0.05,0.8,0.15,7
CCTAGCTCATACCATG,2,0.05,0.8,0.15,7
CCTAGCTGTCGCCATG,8,0.05,0.8,0.15,7
CCTAGCTTCAACGGGA,6,0.05,0.8,0.15,7
CCTAGCTTCGGCATCG,5,0.05,0.8,0.15,7
CCTATTAAGTCCGGTC,1,0.05,0.8,0.15,7
CCTATTACACAGACTT,0,0.05,0.8,0.15,7
CCTATTACATCCGTGG,8,0.05,0.8,0.15,7
CCTATTACATCTGGTA,8,0.05,0.8,0.15,7
CCTATTAGTAGCTTGT,1000,0.05,0.8,0.15,7
CCTATTATCACTCTTA,5,0.05,0.8,0.15,7
CCTCAGTAGCGTGTCC,1000,0.05,0.8,0.15,7
CCTCAGTCAAGGCTCC,1,0.05,0.8,0.15,7
CCTCAGTCAGACAAAT,1000,0.05,0.8,0.15,7
CCTCAGTCAGGTCTCG,1,0.05,0.8,0.15,7
CCTCAGTCAGTACACT,2,0.05,0.8,0.15,7
CCTCAGTGTTGACGTT,1000,0.05,0.8,0.15,7
CCTCTGAAGGAGCGTT,7,0.05,0.8,0.15,7
CCTCTGAAGTGTTAGA,7,0.05,0.8,0.15,7
CCTCTGACAATGAAAC,6,0.05,0.8,0.15,7
CCTCTGACACATAACC,1,0.05,0.8,0.15,7
CCTCTGACACGGATAG,2,0.05,0.8,0.15,7
CCTCTGACAGTATCTG,4,0.05,0.8,0.15,7
CCTCTGACATCAGTCA,8,0.05,0.8,0.15,7
CCTCTGACATCCTTGC,4,0.05,0.8,0.15,7
CCTCTGACATGCTAGT,6,0.05,0.8,0.15,7
CCTCTGACATTGAGCT,8,0.05,0.8,0.15,7
CCTCTGAGTGACCAAG,1,0.05,0.8,0.15,7
CCTCTGAGTTAGGGTG,5,0.05,0.8,0.15,7
CCTCTGATCAGTGCAT,7,0.05,0.8,0.15,7
CCTCTGATCCCATTAT,2,0.05,0.8,0.15,7
CCTCTGATCTGTCTCG,0,0.05,0.8,0.15,7
CCTTACGAGCCCAACC,1000,0.05,0.8,0.15,7
CCTTACGAGTAAGTAC,1,0.05,0.8,0.15,7
CCTTACGAGTGGGCTA,2,0.05,0.8,0.15,7
CCTTACGAGTTTGCGT,7,0.05,0.8,0.15,7
CCTTACGCAAGCGCTC,5,0.05,0.8,0.15,7
CCTTACGCAGCTTCGG,3,0.05,0.8,0.15,7
CCTTACGCAGGCTCAC,1,0.05,0.8,0.15,7
CCTTACGGTATATGAG,7,0.05,0.8,0.15,7
CCTTACGGTTTGTTGG,3,0.05,0.8,0.15,7
CCTTACGTCAAGAAGT,3,0.05,0.8,0.15,7
CCTTACGTCACTTATC,8,0.05,0.8,0.15,7
CCTTACGTCAGGCGAA,1,0.05,0.8,0.15,7
CCTTCCCAGAGGGATA,1,0.05,0.8,0.15,7
CCTTCCCAGCCACTAT,4,0.05,0.8,0.15,7
CCTTCCCAGGATGGTC,3,0.05,0.8,0.15,7
CCTTCCCCAATGGAGC,7,0.05,0.8,0.15,7
CCTTCCCGTCGCGAAA,4,0.05,0.8,0.15,7
CCTTCCCGTTTAGCTG,5,0.05,0.8,0.15,7
CCTTCCCTCACAACGT,1,0.05,0.8,0.15,7
CCTTCCCTCCTAGTGA,2,0.05,0.8,0.15,7
CCTTCCCTCTAACGGT,1000,0.05,0.8,0.15,7
CCTTCGAAGAACAACT,3,0.05,0.8,0.15,7
CCTTCGAAGAGAACAG,1,0.05,0.8,0.15,7
CCTTCGAAGAGCTGGT,3,0.05,0.8,0.15,7
CCTTCGAAGGAGTACC,5,0.05,0.8,0.15,7
CCTTCGACATACGCTA,8,0.05,0.8,0.15,7
CCTTCGACATTCGACA,4,0.05,0.8,0.15,7
CCTTCGAGTAACGTTC,1,0.05,0.8,0.15,7
CCTTCGAGTACCGGCT,4,0.05,0.8,0.15,7
CCTTCGAGTAGCGCAA,7,0.05,0.8,0.15,7
CCTTCGAGTATAGGTA,1000,0.05,0.8,0.15,7
CCTTCGAGTGCTAGCC,3,0.05,0.8,0.15,7
CCTTCGATCCTCGCAT,2,0.05,0.8,0.15,7
CCTTCGATCGCATGAT,8,0.05,0.8,0.15,7
CCTTCGATCGCTTAGA,4,0.05,0.8,0.15,7
CCTTTCTAGAATGTGT,3,0.05,0.8,0.15,7
CCTTTCTAGCACCGCT,4,0.05,0.8,0.15,7
CCTTTCTAGGCAATTA,3,0.05,0.8,0.15,7
CCTTTCTCAGGACCCT,6,0.05,0.8,0.15,7
CCTTTCTGTAAGTGGC,7,0.05,0.8,0.15,7
CCTTTCTGTGAGCGAT,7,0.05,0.8,0.15,7
CCTTTCTGTGTAAGTA,4,0.05,0.8,0.15,7
CCTTTCTTCCTTGCCA,3,0.05,0.8,0.15,7
CCTTTCTTCTTCAACT,5,0.05,0.8,0.15,7
CGAACATAGAAGGCCT,8,0.05,0.8,0.15,7
CGAACATAGCCGATTT,7,0.05,0.8,0.15,7
CGAACATAGGCTCATT,3,0.05,0.8,0.15,7
CGAACATAGTTCGCGC,4,0.05,0.8,0.15,7
CGAACATCAACGCACC,3,0.05,0.8,0.15,7
CGAACATCAACTTGAC,7,0.05,0.8,0.15,7
CGAACATCAGCCTTTC,5,0.05,0.8,0.15,7
CGAACATCAGCTGCTG,8,0.05,0.8,0.15,7
CGAACATCATGCCCGA,7,0.05,0.8,0.15,7
CGAACATGTCATATCG,8,0.05,0.8,0.15,7
CGAACATGTCGATTGT,4,0.05,0.8,0.15,7
CGAACATGTGCACTTA,7,0.05,0.8,0.15,7
CGAACATTCAGAGGTG,2,0.05,0.8,0.15,7
CGAATGTAGAGTACAT,8,0.05,0.8,0.15,7
CGAATGTAGCTGTCTA,3,0.05,0.8,0.15,7
CGAATGTAGTTAAGTG,7,0.05,0.8,0.15,7
CGAATGTCATTACCTT,8,0.05,0.8,0.15,7
CGAATGTGTTTAAGCC,2,0.05,0.8,0.15,7
CGAATGTTCCTCTAGC,7,0.05,0.8,0.15,7
CGACCTTCAGGACGTA,8,0.05,0.8,0.15,7
CGACCTTCAGGTTTCA,5,0.05,0.8,0.15,7
CGACCTTCATACGCCG,6,0.05,0.8,0.15,7
CGACCTTTCACCGGGT,8,0.05,0.8,0.15,7
CGACCTTTCCACGACG,1,0.05,0.8,0.15,7
CGACTTCAGTTTGCGT,2,0.05,0.8,0.15,7
CGACTTCCAGCTGTGC,7,0.05,0.8,0.15,7
CGACTTCCATTAGGCT,8,0.05,0.8,0.15,7
CGACTTCGTCAGAATA,4,0.05,0.8,0.15,7
CGACTTCGTCTTGATG,1,0.05,0.8,0.15,7
CGACTTCGTTACGTCA,3,0.05,0.8,0.15,7
CGACTTCGTTCCTCCA,3,0.05,0.8,0.15,7
CGACTTCTCATACGGT,3,0.05,0.8,0.15,7
CGACTTCTCTTGAGGT,4,0.05,0.8,0.15,7
CGAGAAGAGAAGAAGC,8,0.05,0.8,0.15,7
CGAGAAGAGCTGCGAA,7,0.05,0.8,0.15,7
CGAGAAGCAATGGTCT,7,0.05,0.8,0.15,7
CGAGAAGCAGCTGTTA,7,0.05,0.8,0.15,7
CGAGAAGCATCCGGGT,8,0.05,0.8,0.15,7
CGAGAAGGTGATAAAC,5,0.05,0.8,0.15,7
CGAGAAGGTGATGTGG,7,0.05,0.8,0.15,7
CGAGAAGGTGCACTTA,1,0.05,0.8,0.15,7
CGAGAAGGTGTGAATA,1000,0.05,0.8,0.15,7
CGAGAAGTCTTCCTTC,1,0.05,0.8,0.15,7
CGAGCACAGCGTCAAG,1,0.05,0.8,0.15,7
CGAGCACAGCTGCAAG,8,0.05,0.8,0.15,7
CGAGCACCAAGTAGTA,4,0.05,0.8,0.15,7
CGAGCACCACACGCTG,7,0.05,0.8,0.15,7
CGAGCACCATTTCACT,1,0.05,0.8,0.15,7
CGAGCACGTAAGTGGC,6,0.05,0.8,0.15,7
CGAGCACGTAGCTTGT,6,0.05,0.8,0.15,7
CGAGCACGTCTGCGGT,2,0.05,0.8,0.15,7
CGAGCACTCACGCGGT,1,0.05,0.8,0.15,7
CGAGCCAAGTCTCAAC,2,0.05,0.8,0.15,7
CGAGCCACAATGCCAT,3,0.05,0.8,0.15,7
CGAGCCACATTCTCAT,3,0.05,0.8,0.15,7
CGAGCCACATTTCACT,7,0.05,0.8,0.15,7
CGAGCCAGTGGGTATG,6,0.05,0.8,0.15,7
CGATCGGAGACATAAC,8,0.05,0.8,0.15,7
CGATCGGAGCTAGCCC,8,0.05,0.8,0.15,7
CGATCGGAGGTGTGGT,2,0.05,0.8,0.15,7
CGATCGGAGTGTTGAA,2,0.05,0.8,0.15,7
CGATCGGCAAGCTGAG,2,0.05,0.8,0.15,7
CGATCGGCACAACTGT,2,0.05,0.8,0.15,7
CGATCGGCACCAGATT,3,0.05,0.8,0.15,7
CGATCGGCATTGGCGC,8,0.05,0.8,0.15,7
CGATCGGGTCCTCCAT,4,0.05,0.8,0.15,7
CGATCGGGTCGACTGC,5,0.05,0.8,0.15,7
CGATCGGGTCGTTGTA,3,0.05,0.8,0.15,7
CGATCGGGTTATGCGT,1,0.05,0.8,0.15,7
CGATCGGTCAAGCCTA,4,0.05,0.8,0.15,7
CGATCGGTCACTTATC,0,0.05,0.8,0.15,7
CGATCGGTCCCGGATG,1,0.05,0.8,0.15,7
CGATCGGTCGCTAGCG,3,0.05,0.8,0.15,7
CGATCGGTCTGTCCGT,8,0.05,0.8,0.15,7
CGATGGCAGATCCCAT,7,0.05,0.8,0.15,7
CGATGGCAGCCAACAG,1000,0.05,0.8,0.15,7
CGATGGCAGCCTCGTG,7,0.05,0.8,0.15,7
CGATGGCAGCGTAATA,4,0.05,0.8,0.15,7
CGATGGCAGGTAAACT,6,0.05,0.8,0.15,7
CGATGGCAGTACGTTC,7,0.05,0.8,0.15,7
CGATGGCCAAACGCGA,1,0.05,0.8,0.15,7
CGATGGCGTCTCCACT,1,0.05,0.8,0.15,7
CGATGGCTCAACACCA,6,0.05,0.8,0.15,7
CGATGTAAGACTAGAT,8,0.05,0.8,0.15,7
CGATGTAAGTCAAGGC,2,0.05,0.8,0.15,7
CGATGTACACAAGTAA,7,0.05,0.8,0.15,7
CGATGTACACGGTAAG,5,0.05,0.8,0.15,7
CGATGTACACTGTTAG,5,0.05,0.8,0.15,7
CGATGTACATGATCCA,5,0.05,0.8,0.15,7
CGATGTACATTCTCAT,8,0.05,0.8,0.15,7
CGATGTAGTGAGGGAG,7,0.05,0.8,0.15,7
CGATTGAAGACCGGAT,8,0.05,0.8,0.15,7
CGATTGACAAGACGTG,5,0.05,0.8,0.15,7
CGATTGACAATCAGAA,1,0.05,0.8,0.15,7
CGATTGAGTATATGAG,1,0.05,0.8,0.15,7
CGCCAAGAGTGGGTTG,7,0.05,0.8,0.15,7
CGCCAAGCACTGAAGG,2,0.05,0.8,0.15,7
CGCCAAGCATACTACG,3,0.05,0.8,0.15,7
CGCCAAGGTGTGGTTT,8,0.05,0.8,0.15,7
CGCCAAGGTTTAAGCC,1,0.05,0.8,0.15,7
CGCCAAGGTTTCGCTC,3,0.05,0.8,0.15,7
CGCCAAGTCAGGTTCA,7,0.05,0.8,0.15,7
CGCCAAGTCCACTCCA,8,0.05,0.8,0.15,7
CGCCAAGTCCGTCAAA,4,0.05,0.8,0.15,7
CGCCAAGTCGTAGATC,1000,0.05,0.8,0.15,7
CGCCAAGTCTCTAGGA,1,0.05,0.8,0.15,7
CGCGGTAAGAGGTAGA,4,0.05,0.8,0.15,7
CGCGGTACAAGCCCAC,2,0.05,0.8,0.15,7
CGCGGTACAGTAAGAT,1,0.05,0.8,0.15,7
CGCGGTAGTATCAGTC,7,0.05,0.8,0.15,7
CGCGGTAGTCATTAGC,1,0.05,0.8,0.15,7
CGCGGTAGTGAGTGAC,8,0.05,0.8,0.15,7
CGCGGTATCACATGCA,1,0.05,0.8,0.15,7
CGCGGTATCCGAAGAG,2,0.05,0.8,0.15,7
CGCGGTATCGTAGATC,5,0.05,0.8,0.15,7
CGCGGTATCTACCAGA,3,0.05,0.8,0.15,7
CGCGTTTAGAGCTTCT,4,0.05,0.8,0.15,7
CGCGTTTAGGGTCGAT,8,0.05,0.8,0.15,7
CGCGTTTAGTGGAGAA,6,0.05,0.8,0.15,7
CGCGTTTCAAGAAAGG,7,0.05,0.8,0.15,7
CGCGTTTGTAACGACG,3,0.05,0.8,0.15,7
CGCGTTTGTCATTAGC,1000,0.05,0.8,0.15,7
CGCGTTTGTGACTCAT,6,0.05,0.8,0.15,7
CGCGTTTTCATGCTCC,4,0.05,0.8,0.15,7
CGCGTTTTCGCCATAA,4,0.05,0.8,0.15,7
CGCGTTTTCGGCGCAT,8,0.05,0.8,0.15,7
CGCGTTTTCGGTGTCG,8,0.05,0.8,0.15,7
CGCGTTTTCTCCGGTT,1000,0.05,0.8,0.15,7
CGCTATCAGAAGGTTT,8,0.05,0.8,0.15,7
CGCTATCAGGGTCGAT,3,0.05,0.8,0.15,7
CGCTATCCAACTTGAC,7,0.05,0.8,0.15,7
CGCTATCCAGATGAGC,3,0.05,0.8,0.15,7
CGCTATCTCAGAGCTT,7,0.05,0.8,0.15,7
CGCTATCTCAGCCTAA,8,0.05,0.8,0.15,7
CGCTATCTCCTAGAAC,8,0.05,0.8,0.15,7
CGCTGGAAGCTACCTA,6,0.05,0.8,0.15,7
CGCTGGACACTGAAGG,1,0.05,0.8,0.15,7
CGCTGGACATGATCCA,8,0.05,0.8,0.15,7
CGCTGGAGTGGCAAAC,4,0.05,0.8,0.15,7
CGCTGGAGTTGAGTTC,4,0.05,0.8,0.15,7
CGCTGGAGTTGTGGCC,4,0.05,0.8,0.15,7
CGCTGGATCAAACCAC,7,0.05,0.8,0.15,7
CGCTGGATCAGAGCTT,3,0.05,0.8,0.15,7
CGCTGGATCGCGATCG,8,0.05,0.8,0.15,7
CGCTGGATCGCTTGTC,1,0.05,0.8,0.15,7
CGCTGGATCTGATTCT,3,0.05,0.8,0.15,7
CGCTGGATCTTCCTTC,5,0.05,0.8,0.15,7
CGCTTCAAGCCACTAT,4,0.05,0.8,0.15,7
CGCTTCAAGTGCGTGA,3,0.05,0.8,0.15,7
CGCTTCAAGTTGTAGA,3,0.05,0.8,0.15,7
CGCTTCACAACGATGG,5,0.05,0.8,0.15,7
CGCTTCACACAGGCCT,2,0.05,0.8,0.15,7
CGCTTCACATGAGCGA,2,0.05,0.8,0.15,7
CGCTTCAGTAATAGCA,5,0.05,0.8,0.15,7
CGCTTCATCAGAGCTT,1,0.05,0.8,0.15,7
CGGACACAGGAGTTGC,1000,0.05,0.8,0.15,7
CGGACACAGGTGATTA,8,0.05,0.8,0.15,7
CGGACACCAAACGTGG,3,0.05,0.8,0.15,7
CGGACACCAAGCTGTT,1000,0.05,0.8,0.15,7
CGGACACCACCAGTTA,4,0.05,0.8,0.15,7
CGGACACCACGAGAGT,1,0.05,0.8,0.15,7
CGGACACCAGTAGAGC,5,0.05,0.8,0.15,7
CGGACACCATTATCTC,6,0.05,0.8,0.15,7
CGGACACGTATAAACG,4,0.05,0.8,0.15,7
CGGACACGTTAAGATG,0,0.05,0.8,0.15,7
CGGACACGTTTAGGAA,3,0.05,0.8,0.15,7
CGGACACTCGCCAAAT,6,0.05,0.8,0.15,7
CGGACACTCTGTCCGT,8,0.05,0.8,0.15,7
CGGACGTAGGGTGTTG,8,0.05,0.8,0.15,7
CGGACGTAGTGGTAGC,4,0.05,0.8,0.15,7
CGGACGTAGTGTCCAT,6,0.05,0.8,0.15,7
CGGACGTCACAGAGGT,1000,0.05,0.8,0.15,7
CGGACGTGTACGAAAT,1,0.05,0.8,0.15,7
CGGACGTGTAGAGCTG,0,0.05,0.8,0.15,7
CGGACGTGTTCGCTAA,1000,0.05,0.8,0.15,7
CGGACGTGTTGATTCG,3,0.05,0.8,0.15,7
CGGACTGAGAAACCAT,7,0.05,0.8,0.15,7
CGGACTGAGACTACAA,6,0.05,0.8,0.15,7
CGGACTGAGACTAGGC,4,0.05,0.8,0.15,7
CGGACTGAGGCGATAC,3,0.05,0.8,0.15,7
CGGACTGAGTTCCACA,5,0.05,0.8,0.15,7
CGGACTGCAAGAAGAG,8,0.05,0.8,0.15,7
CGGACTGCACAGACTT,3,0.05,0.8,0.15,7
CGGACTGCAGTTCATG,1,0.05,0.8,0.15,7
CGGACTGGTAAACCTC,4,0.05,0.8,0.15,7
CGGACTGGTAGGGACT,8,0.05,0.8,0.15,7
CGGACTGGTCGTTGTA,7,0.05,0.8,0.15,7
CGGACTGTCAGGCCCA,4,0.05,0.8,0.15,7
CGGACTGTCCTTTCTC,7,0.05,0.8,0.15,7
CGGAGCTAGAGGTTAT,4,0.05,0.8,0.15,7
CGGAGCTAGCTAGGCA,4,0.05,0.8,0.15,7
CGGAGCTAGGCACATG,2,0.05,0.8,0.15,7
CGGAGCTAGTCCCACG,7,0.05,0.8,0.15,7
CGGAGCTAGTGCTGCC,8,0.05,0.8,0.15,7
CGGAGCTCACAACTGT,3,0.05,0.8,0.15,7
CGGAGCTCAGGTCCAC,4,0.05,0.8,0.15,7
CGGAGCTTCACCACCT,7,0.05,0.8,0.15,7
CGGAGCTTCACTTACT,8,0.05,0.8,0.15,7
CGGAGCTTCTTGACGA,6,0.05,0.8,0.15,7
CGGAGTCAGAGGGCTT,1,0.05,0.8,0.15,7
CGGAGTCAGGACTGGT,8,0.05,0.8,0.15,7
CGGAGTCAGGTGATTA,8,0.05,0.8,0.15,7
CGGAGTCAGTGCGATG,7,0.05,0.8,0.15,7
CGGAGTCCAGCCAGAA,1,0.05,0.8,0.15,7
CGGAGTCCATATGCTG,8,0.05,0.8,0.15,7
CGGAGTCGTAGAGCTG,1,0.05,0.8,0.15,7
CGGAGTCGTCCATGAT,3,0.05,0.8,0.15,7
CGGAGTCGTCCGAATT,3,0.05,0.8,0.15,7
CGGAGTCTCGGGAGTA,7,0.05,0.8,0.15,7
CGGAGTCTCTCCCTGA,2,0.05,0.8,0.15,7
CGGCTAGAGAGATGAG,3,0.05,0.8,0.15,7
CGGCTAGCAGCAGTTT,1,0.05,0.8,0.15,7
CGGCTAGGTCTCAACA,2,0.05,0.8,0.15,7
CGGCTAGGTGTTCTTT,6,0.05,0.8,0.15,7
CGGCTAGTCACGCGGT,7,0.05,0.8,0.15,7
CGGCTAGTCGCGTTTC,1,0.05,0.8,0.15,7
CGGCTAGTCGGAGCAA,8,0.05,0.8,0.15,7
CGGCTAGTCGGCATCG,5,0.05,0.8,0.15,7
CGGCTAGTCGGTCCGA,7,0.05,0.8,0.15,7
CGGGTCAAGAATCTCC,1,0.05,0.8,0.15,7
CGGGTCAAGCGTAGTG,1,0.05,0.8,0.15,7
CGGGTCAAGGAGTCTG,5,0.05,0.8,0.15,7
CGGGTCAAGTACCGGA,1,0.05,0.8,0.15,7
CGGGTCACATTAACCG,6,0.05,0.8,0.15,7
CGGGTCAGTGCGCTTG,3,0.05,0.8,0.15,7
CGGGTCATCACAACGT,1,0.05,0.8,0.15,7
CGGGTCATCGGCGCTA,1,0.05,0.8,0.15,7
CGGGTCATCTTTAGGG,6,0.05,0.8,0.15,7
CGGTTAACAAGTTAAG,3,0.05,0.8,0.15,7
CGGTTAACAGATTGCT,7,0.05,0.8,0.15,7
CGGTTAACAGTTTACG,7,0.05,0.8,0.15,7
CGGTTAAGTTTCCACC,2,0.05,0.8,0.15,7
CGGTTAATCCTCATTA,5,0.05,0.8,0.15,7
CGGTTAATCTCGAGTA,6,0.05,0.8,0.15,7
CGGTTAATCTTGTATC,2,0.05,0.8,0.15,7
CGTAGCGAGACAATAC,1,0.05,0.8,0.15,7
CGTAGCGAGTCTCAAC,2,0.05,0.8,0.15,7
CGTAGCGCAAGGTTTC,2,0.05,0.8,0.15,7
CGTAGCGCACGTTGGC,5,0.05,0.8,0.15,7
CGTAGCGGTCGAATCT,3,0.05,0.8,0.15,7
CGTAGCGGTGGTAACG,1000,0.05,0.8,0.15,7
CGTAGCGGTTCGTGAT,1,0.05,0.8,0.15,7
CGTAGCGTCCAAACAC,2,0.05,0.8,0.15,7
CGTAGCGTCTGTCTAT,0,0.05,0.8,0.15,7
CGTAGGCAGACTAAGT,3,0.05,0.8,0.15,7
CGTAGGCAGGGCTTCC,7,0.05,0.8,0.15,7
CGTAGGCCAAGAGGCT,6,0.05,0.8,0.15,7
CGTAGGCCACCTTGTC,4,0.05,0.8,0.15,7
CGTAGGCGTCGCATAT,5,0.05,0.8,0.15,7
CGTAGGCGTGTGAAAT,1,0.05,0.8,0.15,7
CGTAGGCTCACGGTTA,3,0.05,0.8,0.15,7
CGTAGGCTCAGCCTAA,5,0.05,0.8,0.15,7
CGTAGGCTCCCACTTG,3,0.05,0.8,0.15,7
CGTAGGCTCCTCAATT,8,0.05,0.8,0.15,7
CGTAGGCTCTATCGCC,8,0.05,0.8,0.15,7
CGTCACTAGCCAGGAT,7,0.05,0.8,0.15,7
CGTCACTAGGCAGGTT,2,0.05,0.8,0.15,7
CGTCACTAGGGATCTG,8,0.05,0.8,0.15,7
CGTCACTGTCGCGGTT,5,0.05,0.8,0.15,7
CGTCACTTCGGAAATA,7,0.05,0.8,0.15,7
CGTCAGGAGCTAAACA,1,0.05,0.8,0.15,7
CGTCAGGCAATAGAGT,8,0.05,0.8,0.15,7
CGTCAGGGTTCAACCA,4,0.05,0.8,0.15,7
CGTCAGGTCATGCTCC,3,0.05,0.8,0.15,7
CGTCAGGTCCTACAGA,8,0.05,0.8,0.15,7
CGTCAGGTCTTACCGC,2,0.05,0.8,0.15,7
CGTCCATAGCCAGAAC,0,0.05,0.8,0.15,7
CGTCCATAGCGTTGCC,1,0.05,0.8,0.15,7
CGTCCATAGGTGATAT,4,0.05,0.8,0.15,7
CGTCCATCAATCACAC,1,0.05,0.8,0.15,7
CGTCCATCACCAGGTC,1,0.05,0.8,0.15,7
CGTCCATCACTTAACG,3,0.05,0.8,0.15,7
CGTCCATCAGTACACT,1,0.05,0.8,0.15,7
CGTCCATCATATGGTC,3,0.05,0.8,0.15,7
CGTCCATCATCCGCGA,1,0.05,0.8,0.15,7
CGTCCATGTTGGACCC,5,0.05,0.8,0.15,7
CGTCCATTCTGAGTGT,5,0.05,0.8,0.15,7
CGTCTACAGACGCACA,5,0.05,0.8,0.15,7
CGTCTACAGATATACG,4,0.05,0.8,0.15,7
CGTCTACAGATATGGT,2,0.05,0.8,0.15,7
CGTCTACAGTTCGCAT,2,0.05,0.8,0.15,7
CGTCTACCAAACGTGG,6,0.05,0.8,0.15,7
CGTCTACCACATCCGG,6,0.05,0.8,0.15,7
CGTCTACCACCCAGTG,5,0.05,0.8,0.15,7
CGTCTACCACTTGGAT,2,0.05,0.8,0.15,7
CGTCTACCAGACGCTC,4,0.05,0.8,0.15,7
CGTCTACCAGTGGAGT,3,0.05,0.8,0.15,7
CGTCTACCATTTCACT,3,0.05,0.8,0.15,7
CGTCTACGTCAAACTC,1,0.05,0.8,0.15,7
CGTCTACGTCATCCCT,4,0.05,0.8,0.15,7
CGTCTACGTCGGCATC,7,0.05,0.8,0.15,7
CGTCTACGTCTTTCAT,1,0.05,0.8,0.15,7
CGTCTACGTGGTACAG,1000,0.05,0.8,0.15,7
CGTCTACTCCACGCAG,3,0.05,0.8,0.15,7
CGTCTACTCGCCATAA,8,0.05,0.8,0.15,7
CGTCTACTCTTAACCT,4,0.05,0.8,0.15,7
CGTGAGCAGAATAGGG,5,0.05,0.8,0.15,7
CGTGAGCAGCTAAACA,6,0.05,0.8,0.15,7
CGTGAGCAGTACACCT,5,0.05,0.8,0.15,7
CGTGAGCCAGTTCATG,3,0.05,0.8,0.15,7
CGTGAGCCATTACCTT,4,0.05,0.8,0.15,7
CGTGAGCCATTGGCGC,1,0.05,0.8,0.15,7
CGTGAGCGTCTCTCTG,2,0.05,0.8,0.15,7
CGTGAGCGTGCAACGA,2,0.05,0.8,0.15,7
CGTGAGCTCATTGCCC,7,0.05,0.8,0.15,7
CGTGAGCTCTACCAGA,8,0.05,0.8,0.15,7
CGTGTAAAGAAGGGTA,2,0.05,0.8,0.15,7
CGTGTAAAGATATGCA,3,0.05,0.8,0.15,7
CGTGTAAAGCCCAACC,3,0.05,0.8,0.15,7
CGTGTAAAGTTCGCGC,7,0.05,0.8,0.15,7
CGTGTAACAGGTCTCG,5,0.05,0.8,0.15,7
CGTGTAACAGTATAAG,1000,0.05,0.8,0.15,7
CGTGTAACATGCCACG,7,0.05,0.8,0.15,7
CGTGTAAGTAACGACG,6,0.05,0.8,0.15,7
CGTGTAAGTAAGGGCT,5,0.05,0.8,0.15,7
CGTGTAAGTACTCTCC,4,0.05,0.8,0.15,7
CGTGTAAGTATCTGCA,3,0.05,0.8,0.15,7
CGTGTAAGTGCAGACA,4,0.05,0.8,0.15,7
CGTGTAAGTGCGAAAC,4,0.05,0.8,0.15,7
CGTGTAAGTGTGCGTC,7,0.05,0.8,0.15,7
CGTGTAATCACTTATC,1,0.05,0.8,0.15,7
CGTGTAATCGGTTCGG,8,0.05,0.8,0.15,7
CGTGTCTAGCACACAG,3,0.05,0.8,0.15,7
CGTGTCTCATGCATGT,2,0.05,0.8,0.15,7
CGTGTCTGTACAGACG,3,0.05,0.8,0.15,7
CGTGTCTGTACCGCTG,7,0.05,0.8,0.15,7
CGTGTCTGTCTCACCT,4,0.05,0.8,0.15,7
CGTGTCTGTCTGCGGT,5,0.05,0.8,0.15,7
CGTGTCTGTGCCTGTG,8,0.05,0.8,0.15,7
CGTGTCTGTTCCACGG,1,0.05,0.8,0.15,7
CGTGTCTGTTGTCTTT,5,0.05,0.8,0.15,7
CGTGTCTTCAATCACG,6,0.05,0.8,0.15,7
CGTGTCTTCACCCTCA,5,0.05,0.8,0.15,7
CGTGTCTTCCTTCAAT,0,0.05,0.8,0.15,7
CGTGTCTTCGGAAACG,8,0.05,0.8,0.15,7
CGTGTCTTCGGACAAG,7,0.05,0.8,0.15,7
CGTGTCTTCGGCCGAT,8,0.05,0.8,0.15,7
CGTGTCTTCGTAGGTT,1,0.05,0.8,0.15,7
CGTGTCTTCTGTCCGT,5,0.05,0.8,0.15,7
CGTTAGAAGACCGGAT,4,0.05,0.8,0.15,7
CGTTAGAAGTGGGATC,2,0.05,0.8,0.15,7
CGTTAGAAGTTTGCGT,1,0.05,0.8,0.15,7
CGTTAGACAACGATGG,3,0.05,0.8,0.15,7
CGTTAGACAAGCCTAT,5,0.05,0.8,0.15,7
CGTTAGACACCAACCG,3,0.05,0.8,0.15,7
CGTTAGAGTTGGTTTG,1,0.05,0.8,0.15,7
CGTTAGATCAGTTGAC,5,0.05,0.8,0.15,7
CGTTCTGAGATAGGAG,4,0.05,0.8,0.15,7
CGTTCTGCACGGTTTA,5,0.05,0.8,0.15,7
CGTTCTGGTAGGGTAC,1,0.05,0.8,0.15,7
CGTTCTGGTTAAGGGC,2,0.05,0.8,0.15,7
CGTTCTGGTTACGCGC,6,0.05,0.8,0.15,7
CGTTCTGTCACCGTAA,2,0.05,0.8,0.15,7
CGTTCTGTCCAAGTAC,3,0.05,0.8,0.15,7
CGTTCTGTCCTTTACA,3,0.05,0.8,0.15,7
CGTTCTGTCGGCGCTA,5,0.05,0.8,0.15,7
CGTTCTGTCTGAGGGA,2,0.05,0.8,0.15,7
CGTTGGGAGGGATCTG,4,0.05,0.8,0.15,7
CGTTGGGAGTCCGGTC,1000,0.05,0.8,0.15,7
CGTTGGGAGTTGAGAT,8,0.05,0.8,0.15,7
CGTTGGGCAAGTCATC,3,0.05,0.8,0.15,7
CGTTGGGCACAGCGTC,2,0.05,0.8,0.15,7
CGTTGGGCATTGGGCC,8,0.05,0.8,0.15,7
CGTTGGGGTGCAGGTA,7,0.05,0.8,0.15,7
CGTTGGGTCGTGACAT,1,0.05,0.8,0.15,7
CGTTGGGTCTTGGGTA,5,0.05,0.8,0.15,7
CTAACTTAGAGAACAG,7,0.05,0.8,0.15,7
CTAACTTAGATGTCGG,7,0.05,0.8,0.15,7
CTAACTTAGATGTGGC,1,0.05,0.8,0.15,7
CTAACTTAGCAGCCTC,1,0.05,0.8,0.15,7
CTAACTTAGGTAGCTG,3,0.05,0.8,0.15,7
CTAACTTAGGTGCACA,4,0.05,0.8,0.15,7
CTAACTTAGTCATCCA,3,0.05,0.8,0.15,7
CTAACTTCACCGCTAG,2,0.05,0.8,0.15,7
CTAACTTCAGGCAGTA,4,0.05,0.8,0.15,7
CTAACTTGTATATCCG,1000,0.05,0.8,0.15,7
CTAACTTTCAGTTCGA,1000,0.05,0.8,0.15,7
CTAACTTTCATTTGGG,8,0.05,0.8,0.15,7
CTAAGACAGACCTAGG,2,0.05,0.8,0.15,7
CTAAGACAGGGTGTGT,7,0.05,0.8,0.15,7
CTAAGACAGTGCAAGC,3,0.05,0.8,0.15,7
CTAAGACAGTGCTGCC,7,0.05,0.8,0.15,7
CTAAGACCAAATCCGT,3,0.05,0.8,0.15,7
CTAAGACCATAAGACA,8,0.05,0.8,0.15,7
CTAAGACGTACAGTTC,1000,0.05,0.8,0.15,7
CTAAGACGTTCATGGT,5,0.05,0.8,0.15,7
CTAAGACTCACTATTC,4,0.05,0.8,0.15,7
CTAAGACTCCAAATGC,1,0.05,0.8,0.15,7
CTAAGACTCCACGTGG,2,0.05,0.8,0.15,7
CTAAGACTCGGTCCGA,1,0.05,0.8,0.15,7
CTAATGGAGCTCTCGG,3,0.05,0.8,0.15,7
CTAATGGAGTTTAGGA,2,0.05,0.8,0.15,7
CTAATGGCAATGGAGC,0,0.05,0.8,0.15,7
CTAATGGCACCCTATC,1,0.05,0.8,0.15,7
CTAATGGCACTGTGTA,4,0.05,0.8,0.15,7
CTAATGGCAGAGTGTG,7,0.05,0.8,0.15,7
CTAATGGTCAACGGGA,7,0.05,0.8,0.15,7
CTAATGGTCGAGAACG,1,0.05,0.8,0.15,7
CTACACCAGAAGGCCT,4,0.05,0.8,0.15,7
CTACACCAGTGGAGAA,8,0.05,0.8,0.15,7
CTACACCCATGCTGGC,1,0.05,0.8,0.15,7
CTACACCGTAAGTTCC,1000,0.05,0.8,0.15,7
CTACACCGTAGGCTGA,1000,0.05,0.8,0.15,7
CTACACCGTGACTCAT,1,0.05,0.8,0.15,7
CTACACCTCAGATAAG,4,0.05,0.8,0.15,7
CTACACCTCCGAAGAG,2,0.05,0.8,0.15,7
CTACATTAGACGACGT,7,0.05,0.8,0.15,7
CTACATTAGTTGTAGA,3,0.05,0.8,0.15,7
CTACATTAGTTGTCGT,3,0.05,0.8,0.15,7
CTACATTCACCATGTA,7,0.05,0.8,0.15,7
CTACATTCACGTTGGC,7,0.05,0.8,0.15,7
CTACATTCAGAAGCAC,7,0.05,0.8,0.15,7
CTACATTCAGATAATG,8,0.05,0.8,0.15,7
CTACATTCAGCTATTG,1000,0.05,0.8,0.15,7
CTACATTGTAGCGCTC,3,0.05,0.8,0.15,7
CTACATTGTGTTAAGA,1000,0.05,0.8,0.15,7
CTACATTTCATGTCCC,3,0.05,0.8,0.15,7
CTACCCAAGATGTTAG,4,0.05,0.8,0.15,7
CTACCCAAGTACGCGA,6,0.05,0.8,0.15,7
CTACCCAAGTGGTCCC,8,0.05,0.8,0.15,7
CTACCCACAAGAGGCT,8,0.05,0.8,0.15,7
CTACCCACAATAGCGG,6,0.05,0.8,0.15,7
CTACCCACACTTCGAA,1,0.05,0.8,0.15,7
CTACCCACAGTCCTTC,2,0.05,0.8,0.15,7
CTACCCACATCGTCGG,7,0.05,0.8,0.15,7
CTACCCAGTAGGCTGA,4,0.05,0.8,0.15,7
CTACCCAGTCATGCCG,4,0.05,0.8,0.15,7
CTACCCAGTTATCGGT,6,0.05,0.8,0.15,7
CTACCCATCAGCTCTC,3,0.05,0.8,0.15,7
CTACCCATCATAACCG,7,0.05,0.8,0.15,7
CTACCCATCTGTCCGT,1,0.05,0.8,0.15,7
CTACGTCAGGATGTAT,1,0.05,0.8,0.15,7
CTACGTCAGGCAATTA,3,0.05,0.8,0.15,7
CTACGTCAGTAGGCCA,4,0.05,0.8,0.15,7
CTACGTCCACTTACGA,3,0.05,0.8,0.15,7
CTACGTCCAGGGATTG,4,0.05,0.8,0.15,7
CTACGTCCAGTAAGAT,4,0.05,0.8,0.15,7
CTACGTCCATACAGCT,6,0.05,0.8,0.15,7
CTACGTCGTACTTAGC,5,0.05,0.8,0.15,7
CTACGTCGTCGACTAT,3,0.05,0.8,0.15,7
CTACGTCGTTGGTTTG,8,0.05,0.8,0.15,7
CTACGTCTCAATAAGG,0,0.05,0.8,0.15,7
CTACGTCTCACAACGT,5,0.05,0.8,0.15,7
CTACGTCTCGGTCCGA,3,0.05,0.8,0.15,7
CTACGTCTCGTAGATC,4,0.05,0.8,0.15,7
CTACGTCTCTTACCGC,5,0.05,0.8,0.15,7
CTACGTCTCTTCAACT,5,0.05,0.8,0.15,7
CTAGAGTAGAAACCGC,7,0.05,0.8,0.15,7
CTAGAGTAGTGGTAGC,7,0.05,0.8,0.15,7
CTAGAGTCAATGGTCT,4,0.05,0.8,0.15,7
CTAGAGTCACTTACGA,2,0.05,0.8,0.15,7
CTAGAGTCATACGCCG,4,0.05,0.8,0.15,7
CTAGAGTCATCACGTA,6,0.05,0.8,0.15,7
CTAGAGTGTACCCAAT,8,0.05,0.8,0.15,7
CTAGAGTGTGGTCCGT,4,0.05,0.8,0.15,7
CTAGAGTTCCTTCAAT,5,0.05,0.8,0.15,7
CTAGAGTTCGTTTGCC,7,0.05,0.8,0.15,7
CTAGCCTAGCCAGGAT,7,0.05,0.8,0.15,7
CTAGCCTAGGGCTTGA,4,0.05,0.8,0.15,7
CTAGCCTAGTCCATAC,7,0.05,0.8,0.15,7
CTAGCCTAGTCGTACT,5,0.05,0.8,0.15,7
CTAGCCTAGTCTCCTC,4,0.05,0.8,0.15,7
CTAGCCTGTTCACCTC,8,0.05,0.8,0.15,7
CTAGCCTTCACTCCTG,8,0.05,0.8,0.15,7
CTAGCCTTCAGGCCCA,6,0.05,0.8,0.15,7
CTAGCCTTCATGCAAC,1,0.05,0.8,0.15,7
CTAGCCTTCATGCATG,6,0.05,0.8,0.15,7
CTAGCCTTCTCAAACG,4,0.05,0.8,0.15,7
CTAGTGAAGATGTTAG,1,0.05,0.8,0.15,7
CTAGTGAAGGAGTACC,2,0.05,0.8,0.15,7
CTAGTGAAGGGTATCG,4,0.05,0.8,0.15,7
CTAGTGACAATAGCGG,3,0.05,0.8,0.15,7
CTAGTGACAATCAGAA,4,0.05,0.8,0.15,7
CTAGTGACAGCCTTGG,1,0.05,0.8,0.15,7
CTAGTGAGTGATGCCC,3,0.05,0.8,0.15,7
CTAGTGAGTTAAAGTG,3,0.05,0.8,0.15,7
CTAGTGAGTTCCCGAG,2,0.05,0.8,0.15,7
CTAGTGATCAGCGACC,4,0.05,0.8,0.15,7
CTAGTGATCGAATGGG,0,0.05,0.8,0.15,7
CTAGTGATCTCTTATG,1,0.05,0.8,0.15,7
CTCACACAGAGAACAG,2,0.05,0.8,0.15,7
CTCACACCAATCAGAA,4,0.05,0.8,0.15,7
CTCACACCACGGTTTA,2,0.05,0.8,0.15,7
CTCACACCAGATCTGT,7,0.05,0.8,0.15,7
CTCACACGTACAGTTC,4,0.05,0.8,0.15,7
CTCACACGTAGTGAAT,7,0.05,0.8,0.15,7
CTCACACGTTGTACAC,5,0.05,0.8,0.15,7
CTCACACGTTGTTTGG,6,0.05,0.8,0.15,7
CTCACACTCGCGATCG,3,0.05,0.8,0.15,7
CTCACACTCGGTCTAA,6,0.05,0.8,0.15,7
CTCACACTCTTCGGTC,5,0.05,0.8,0.15,7
CTCACACTCTTGTCAT,3,0.05,0.8,0.15,7
CTCAGAAAGACTACAA,4,0.05,0.8,0.15,7
CTCAGAAAGATGTAAC,2,0.05,0.8,0.15,7
CTCAGAAAGCTTCGCG,2,0.05,0.8,0.15,7
CTCAGAAAGTCGCCGT,4,0.05,0.8,0.15,7
CTCAGAACACGGCCAT,8,0.05,0.8,0.15,7
CTCAGAACACGTAAGG,8,0.05,0.8,0.15,7
CTCAGAACATATACCG,7,0.05,0.8,0.15,7
CTCAGAACATTCTCAT,3,0.05,0.8,0.15,7
CTCAGAAGTACCCAAT,7,0.05,0.8,0.15,7
CTCAGAAGTATAATGG,4,0.05,0.8,0.15,7
CTCAGAAGTCAGTGGA,6,0.05,0.8,0.15,7
CTCAGAAGTTAAGATG,4,0.05,0.8,0.15,7
CTCAGAAGTTCAACCA,4,0.05,0.8,0.15,7
CTCAGAAGTTCAGTAC,8,0.05,0.8,0.15,7
CTCAGAAGTTGGGACA,1,0.05,0.8,0.15,7
CTCAGAATCCCGGATG,4,0.05,0.8,0.15,7
CTCAGAATCGTCTGAA,4,0.05,0.8,0.15,7
CTCAGAATCTTAGAGC,7,0.05,0.8,0.15,7
CTCATTAAGAACAATC,5,0.05,0.8,0.15,7
CTCATTAAGTCTCGGC,5,0.05,0.8,0.15,7
CTCATTACACCGAAAG,5,0.05,0.8,0.15,7
CTCATTACAGGACCCT,3,0.05,0.8,0.15,7
CTCATTACAGGTCGTC,3,0.05,0.8,0.15,7
CTCATTACATCGGACC,2,0.05,0.8,0.15,7
CTCATTACATTCCTCG,1,0.05,0.8,0.15,7
CTCATTAGTAAACGCG,7,0.05,0.8,0.15,7
CTCATTAGTAAGTTCC,1,0.05,0.8,0.15,7
CTCATTAGTGCAACTT,1,0.05,0.8,0.15,7
CTCATTAGTGCCTGGT,5,0.05,0.8,0.15,7
CTCATTAGTGTAAGTA,6,0.05,0.8,0.15,7
CTCATTATCGAGAGCA,2,0.05,0.8,0.15,7
CTCATTATCGCGTTTC,5,0.05,0.8,0.15,7
CTCCTAGAGAGGTTGC,4,0.05,0.8,0.15,7
CTCCTAGAGATCTGAA,8,0.05,0.8,0.15,7
CTCCTAGAGGACACCA,6,0.05,0.8,0.15,7
CTCCTAGAGTCACGCC,4,0.05,0.8,0.15,7
CTCCTAGCAATCTACG,6,0.05,0.8,0.15,7
CTCCTAGCACCAACCG,7,0.05,0.8,0.15,7
CTCCTAGCACCTGGTG,1000,0.05,0.8,0.15,7
CTCCTAGCATATGAGA,4,0.05,0.8,0.15,7
CTCCTAGTCACGAAGG,7,0.05,0.8,0.15,7
CTCCTAGTCGCGCCAA,1000,0.05,0.8,0.15,7
CTCCTAGTCGTTACAG,1000,0.05,0.8,0.15,7
CTCCTAGTCTTCGAGA,4,0.05,0.8,0.15,7
CTCGAAAAGCCTATGT,2,0.05,0.8,0.15,7
CTCGAAAAGCTCTCGG,5,0.05,0.8,0.15,7
CTCGAAAAGGTGATAT,4,0.05,0.8,0.15,7
CTCGAAAAGGTGTGGT,2,0.05,0.8,0.15,7
CTCGAAAAGTGGAGAA,2,0.05,0.8,0.15,7
CTCGAAAAGTTACGGG,7,0.05,0.8,0.15,7
CTCGAAAGTGTTGAGG,7,0.05,0.8,0.15,7
CTCGAAATCAATCACG,7,0.05,0.8,0.15,7
CTCGAAATCACCAGGC,5,0.05,0.8,0.15,7
CTCGAAATCGACCAGC,1000,0.05,0.8,0.15,7
CTCGAGGCACAGAGGT,5,0.05,0.8,0.15,7
CTCGAGGGTAAGGGCT,3,0.05,0.8,0.15,7
CTCGAGGGTACCGTAT,4,0.05,0.8,0.15,7
CTCGAGGGTCCGCTGA,4,0.05,0.8,0.15,7
CTCGAGGGTGACAAAT,2,0.05,0.8,0.15,7
CTCGAGGGTTAAGGGC,3,0.05,0.8,0.15,7
CTCGAGGTCAAGCCTA,1,0.05,0.8,0.15,7
CTCGAGGTCGCCGTGA,2,0.05,0.8,0.15,7
CTCGAGGTCTTTAGTC,4,0.05,0.8,0.15,7
CTCGGAGAGTAACCCT,4,0.05,0.8,0.15,7
CTCGGAGCAACGATGG,1,0.05,0.8,0.15,7
CTCGGAGCACGACTCG,8,0.05,0.8,0.15,7
CTCGGAGCACTGCCAG,8,0.05,0.8,0.15,7
CTCGGAGCAGGGATTG,5,0.05,0.8,0.15,7
CTCGGAGTCAACGGGA,8,0.05,0.8,0.15,7
CTCGGAGTCAAGATCC,5,0.05,0.8,0.15,7
CTCGGAGTCTAGCACA,8,0.05,0.8,0.15,7
CTCGGAGTCTGATACG,8,0.05,0.8,0.15,7
CTCGGGACAATGGAGC,0,0.05,0.8,0.15,7
CTCGGGAGTCTAAACC,0,0.05,0.8,0.15,7
CTCGGGATCACATAGC,3,0.05,0.8,0.15,7
CTCGTACAGCCTATGT,5,0.05,0.8,0.15,7
CTCGTACAGTGGAGTC,7,0.05,0.8,0.15,7
CTCGTACCAATGTTGC,0,0.05,0.8,0.15,7
CTCGTACCAGTTCCCT,5,0.05,0.8,0.15,7
CTCGTACCATTAACCG,4,0.05,0.8,0.15,7
CTCGTACGTACAGTTC,5,0.05,0.8,0.15,7
CTCGTACGTATGAATG,2,0.05,0.8,0.15,7
CTCGTACGTGCACTTA,8,0.05,0.8,0.15,7
CTCGTACGTGGTCCGT,4,0.05,0.8,0.15,7
CTCGTACTCACCTCGT,8,0.05,0.8,0.15,7
CTCGTACTCAGTTGAC,1000,0.05,0.8,0.15,7
CTCGTACTCGACGGAA,5,0.05,0.8,0.15,7
CTCGTACTCTCCTATA,6,0.05,0.8,0.15,7
CTCGTCAGTCAGAAGC,4,0.05,0.8,0.15,7
CTCGTCAGTCTGATCA,1,0.05,0.8,0.15,7
CTCGTCATCCGCATCT,5,0.05,0.8,0.15,7
CTCGTCATCGCATGAT,2,0.05,0.8,0.15,7
CTCGTCATCGGTGTTA,2,0.05,0.8,0.15,7
CTCTAATAGCGCTCCA,4,0.05,0.8,0.15,7
CTCTAATAGGAATGGA,4,0.05,0.8,0.15,7
CTCTAATAGGCATTGG,7,0.05,0.8,0.15,7
CTCTAATCAACACGCC,1000,0.05,0.8,0.15,7
CTCTAATCAATAGCAA,5,0.05,0.8,0.15,7
CTCTAATCAGACGCCT,1000,0.05,0.8,0.15,7
CTCTAATGTACCTACA,3,0.05,0.8,0.15,7
CTCTAATGTACTCAAC,6,0.05,0.8,0.15,7
CTCTAATGTATGCTTG,5,0.05,0.8,0.15,7
CTCTAATGTCACCTAA,3,0.05,0.8,0.15,7
CTCTAATGTCCCGACA,4,0.05,0.8,0.15,7
CTCTAATTCCGTCAAA,8,0.05,0.8,0.15,7
CTCTAATTCTGGCGAC,3,0.05,0.8,0.15,7
CTCTAATTCTTGCATT,0,0.05,0.8,0.15,7
CTCTACGAGATGAGAG,4,0.05,0.8,0.15,7
CTCTACGAGCGTGAAC,1,0.05,0.8,0.15,7
CTCTACGAGTGCCAGA,2,0.05,0.8,0.15,7
CTCTACGAGTGGGATC,7,0.05,0.8,0.15,7
CTCTACGGTCCGTCAG,2,0.05,0.8,0.15,7
CTCTACGGTGGTCCGT,5,0.05,0.8,0.15,7
CTCTACGTCAGCGATT,3,0.05,0.8,0.15,7
CTCTACGTCCGTTGTC,1,0.05,0.8,0.15,7
CTCTGGTCAACGATCT,1000,0.05,0.8,0.15,7
CTCTGGTCAACTGGCC,8,0.05,0.8,0.15,7
CTCTGGTCAGACGCAA,3,0.05,0.8,0.15,7
CTCTGGTCAGTCGTGC,6,0.05,0.8,0.15,7
CTCTGGTCATCCCACT,7,0.05,0.8,0.15,7
CTCTGGTCATGCAACT,1000,0.05,0.8,0.15,7
CTCTGGTGTAAATGAC,1,0.05,0.8,0.15,7
CTCTGGTGTAACGACG,6,0.05,0.8,0.15,7
CTCTGGTGTATATCCG,4,0.05,0.8,0.15,7
CTCTGGTGTCACAAGG,5,0.05,0.8,0.15,7
CTCTGGTGTTAAGACA,7,0.05,0.8,0.15,7
CTCTGGTTCAACTCTT,7,0.05,0.8,0.15,7
CTCTGGTTCCTAGAAC,1,0.05,0.8,0.15,7
CTCTGGTTCGGATGTT,8,0.05,0.8,0.15,7
CTGAAACCAGATCCAT,2,0.05,0.8,0.15,7
CTGAAACCAGGAACGT,8,0.05,0.8,0.15,7
CTGAAACCATGTTGAC,1000,0.05,0.8,0.15,7
CTGAAACGTAAGGGCT,3,0.05,0.8,0.15,7
CTGAAACTCAATAAGG,2,0.05,0.8,0.15,7
CTGAAACTCACAGGCC,7,0.05,0.8,0.15,7
CTGAAACTCTCAAGTG,2,0.05,0.8,0.15,7
CTGAAGTAGCGCTTAT,8,0.05,0.8,0.15,7
CTGAAGTAGGCTATCT,6,0.05,0.8,0.15,7
CTGAAGTAGTTATCGC,2,0.05,0.8,0.15,7
CTGAAGTGTAATAGCA,4,0.05,0.8,0.15,7
CTGAAGTGTGCAGTAG,2,0.05,0.8,0.15,7
CTGAAGTTCAACGCTA,8,0.05,0.8,0.15,7
CTGAAGTTCCACGACG,7,0.05,0.8,0.15,7
CTGAAGTTCGTACGGC,1,0.05,0.8,0.15,7
CTGAAGTTCTGCTGTC,2,0.05,0.8,0.15,7
CTGATAGAGTCCGGTC,7,0.05,0.8,0.15,7
CTGATAGAGTGCAAGC,3,0.05,0.8,0.15,7
CTGATAGCATAGGATA,4,0.05,0.8,0.15,7
CTGATAGGTACCATCA,7,0.05,0.8,0.15,7
CTGATAGGTCAGAAGC,7,0.05,0.8,0.15,7
CTGATAGGTGTGTGCC,4,0.05,0.8,0.15,7
CTGATCCAGCTAACAA,8,0.05,0.8,0.15,7
CTGATCCAGCTGAAAT,2,0.05,0.8,0.15,7
CTGATCCAGTGGGTTG,0,0.05,0.8,0.15,7
CTGATCCAGTGTACCT,6,0.05,0.8,0.15,7
CTGATCCAGTTAACGA,1,0.05,0.8,0.15,7
CTGATCCCAACTGGCC,4,0.05,0.8,0.15,7
CTGATCCCAAGTTCTG,6,0.05,0.8,0.15,7
CTGATCCCAGGTGCCT,8,0.05,0.8,0.15,7
CTGATCCGTGAAAGAG,2,0.05,0.8,0.15,7
CTGATCCGTTCCCGAG,4,0.05,0.8,0.15,7
CTGATCCTCACCTCGT,8,0.05,0.8,0.15,7
CTGATCCTCAGTGCAT,1000,0.05,0.8,0.15,7
CTGATCCTCATAAAGG,8,0.05,0.8,0.15,7
CTGCCTACACACCGAC,1000,0.05,0.8,0.15,7
CTGCCTACACATGGGA,5,0.05,0.8,0.15,7
CTGCCTACACTTGGAT,1,0.05,0.8,0.15,7
CTGCCTAGTAGAGGAA,7,0.05,0.8,0.15,7
CTGCCTAGTCGCGGTT,6,0.05,0.8,0.15,7
CTGCCTAGTCTCTTTA,1000,0.05,0.8,0.15,7
CTGCCTAGTTACGACT,7,0.05,0.8,0.15,7
CTGCCTAGTTCCACGG,3,0.05,0.8,0.15,7
CTGCCTAGTTGGTTTG,1,0.05,0.8,0.15,7
CTGCCTATCACCAGGC,7,0.05,0.8,0.15,7
CTGCGGAAGCCGGTAA,8,0.05,0.8,0.15,7
CTGCGGAAGCTAAGAT,7,0.05,0.8,0.15,7
CTGCGGACAAGAAAGG,4,0.05,0.8,0.15,7
CTGCGGAGTTGTGGAG,1,0.05,0.8,0.15,7
CTGCGGATCCTGTAGA,2,0.05,0.8,0.15,7
CTGCGGATCTCCGGTT,4,0.05,0.8,0.15,7
CTGCTGTAGGCGACAT,0,0.05,0.8,0.15,7
CTGCTGTCAAACGTGG,5,0.05,0.8,0.15,7
CTGCTGTCAGTCAGCC,4,0.05,0.8,0.15,7
CTGCTGTCATCCTTGC,6,0.05,0.8,0.15,7
CTGCTGTCATGATCCA,2,0.05,0.8,0.15,7
CTGCTGTGTAGCAAAT,7,0.05,0.8,0.15,7
CTGCTGTGTATAGGTA,4,0.05,0.8,0.15,7
CTGCTGTGTTAAAGTG,2,0.05,0.8,0.15,7
CTGCTGTGTTTAGGAA,4,0.05,0.8,0.15,7
CTGCTGTTCTGCTGTC,8,0.05,0.8,0.15,7
CTGCTGTTCTGTCAAG,2,0.05,0.8,0.15,7
CTGGTCTAGAAGGGTA,1,0.05,0.8,0.15,7
CTGGTCTAGCTAACTC,8,0.05,0.8,0.15,7
CTGGTCTAGGGAGTAA,6,0.05,0.8,0.15,7
CTGGTCTCACCAGTTA,1000,0.05,0.8,0.15,7
CTGGTCTCACCTATCC,7,0.05,0.8,0.15,7
CTGGTCTCAGGAATCG,7,0.05,0.8,0.15,7
CTGGTCTCATACGCCG,7,0.05,0.8,0.15,7
CTGGTCTGTCAACTGT,1,0.05,0.8,0.15,7
CTGGTCTGTCCTAGCG,2,0.05,0.8,0.15,7
CTGGTCTTCACAGGCC,2,0.05,0.8,0.15,7
CTGGTCTTCGAACGGA,6,0.05,0.8,0.15,7
CTGTGCTAGCTCTCGG,6,0.05,0.8,0.15,7
CTGTGCTAGGATGCGT,8,0.05,0.8,0.15,7
CTGTGCTAGTAAGTAC,6,0.05,0.8,0.15,7
CTGTGCTAGTATGACA,2,0.05,0.8,0.15,7
CTGTGCTAGTGCCAGA,6,0.05,0.8,0.15,7
CTGTGCTAGTTAACGA,3,0.05,0.8,0.15,7
CTGTGCTCACACATGT,4,0.05,0.8,0.15,7
CTGTGCTCATCCAACA,2,0.05,0.8,0.15,7
CTGTGCTGTAGCGATG,1000,0.05,0.8,0.15,7
CTGTGCTTCTAGAGTC,2,0.05,0.8,0.15,7
CTGTGCTTCTGTTGAG,1,0.05,0.8,0.15,7
CTGTTTAAGCAGATCG,6,0.05,0.8,0.15,7
CTGTTTAAGCCCTAAT,6,0.05,0.8,0.15,7
CTGTTTAAGTGACTCT,8,0.05,0.8,0.15,7
CTGTTTACACGGTAAG,3,0.05,0.8,0.15,7
CTGTTTACATGGTCTA,7,0.05,0.8,0.15,7
CTGTTTAGTGAGCGAT,4,0.05,0.8,0.15,7
CTGTTTATCTACCTGC,6,0.05,0.8,0.15,7
CTGTTTATCTTGCCGT,8,0.05,0.8,0.15,7
CTTAACTAGGCACATG,4,0.05,0.8,0.15,7
CTTAACTAGTTGCAGG,2,0.05,0.8,0.15,7
CTTAACTCAGTCGTGC,5,0.05,0.8,0.15,7
CTTAACTGTAAGTGTA,3,0.05,0.8,0.15,7
CTTAACTGTATATCCG,5,0.05,0.8,0.15,7
CTTAACTGTTCAGACT,4,0.05,0.8,0.15,7
CTTAACTTCAGGCCCA,0,0.05,0.8,0.15,7
CTTACCGAGGAACTGC,8,0.05,0.8,0.15,7
CTTACCGAGGCAAAGA,6,0.05,0.8,0.15,7
CTTACCGAGGCTCTTA,6,0.05,0.8,0.15,7
CTTACCGCAACTGCGC,5,0.05,0.8,0.15,7
CTTACCGCAAGCTGAG,5,0.05,0.8,0.15,7
CTTACCGCAGCTGCAC,8,0.05,0.8,0.15,7
CTTACCGCATTGGGCC,8,0.05,0.8,0.15,7
CTTACCGGTAGCGATG,4,0.05,0.8,0.15,7
CTTACCGTCCAACCAA,1,0.05,0.8,0.15,7
CTTACCGTCCGCATCT,5,0.05,0.8,0.15,7
CTTACCGTCCGGCACA,6,0.05,0.8,0.15,7
CTTACCGTCGTTTGCC,5,0.05,0.8,0.15,7
CTTACCGTCTCGCTTG,7,0.05,0.8,0.15,7
CTTAGGAAGCGTCAAG,8,0.05,0.8,0.15,7
CTTAGGAAGCTGCCCA,1,0.05,0.8,0.15,7
CTTAGGAAGGCATTGG,1,0.05,0.8,0.15,7
CTTAGGAAGTCAAGCG,7,0.05,0.8,0.15,7
CTTAGGAAGTCATCCA,4,0.05,0.8,0.15,7
CTTAGGACAGATGGGT,8,0.05,0.8,0.15,7
CTTAGGACATTGAGCT,5,0.05,0.8,0.15,7
CTTAGGAGTCTCTCTG,8,0.05,0.8,0.15,7
CTTAGGAGTTAGATGA,8,0.05,0.8,0.15,7
CTTAGGAGTTTGACTG,7,0.05,0.8,0.15,7
CTTAGGATCACGGTTA,7,0.05,0.8,0.15,7
CTTAGGATCACTCCTG,1000,0.05,0.8,0.15,7
CTTAGGATCCTGCAGG,8,0.05,0.8,0.15,7
CTTCTCTAGCGCTTAT,6,0.05,0.8,0.15,7
CTTCTCTAGGGTATCG,7,0.05,0.8,0.15,7
CTTCTCTCAAGGACTG,6,0.05,0.8,0.15,7
CTTCTCTGTACACCGC,1,0.05,0.8,0.15,7
CTTCTCTGTCTTGCGG,3,0.05,0.8,0.15,7
CTTCTCTGTTTGACTG,3,0.05,0.8,0.15,7
CTTCTCTTCCCAAGAT,1000,0.05,0.8,0.15,7
CTTCTCTTCTAACTGG,6,0.05,0.8,0.15,7
CTTCTCTTCTGTCTAT,1,0.05,0.8,0.15,7
CTTGGCTAGCCACGTC,3,0.05,0.8,0.15,7
CTTGGCTAGGACATTA,1,0.05,0.8,0.15,7
CTTGGCTCATGCAACT,1000,0.05,0.8,0.15,7
CTTGGCTGTACGACCC,4,0.05,0.8,0.15,7
CTTGGCTGTCTGCGGT,1,0.05,0.8,0.15,7
CTTGGCTGTCTTGCGG,7,0.05,0.8,0.15,7
CTTGGCTGTGCGCTTG,8,0.05,0.8,0.15,7
CTTGGCTGTTAGGGTG,5,0.05,0.8,0.15,7
CTTGGCTGTTATCGGT,6,0.05,0.8,0.15,7
CTTGGCTTCCTTAATC,2,0.05,0.8,0.15,7
CTTGGCTTCGTGTAGT,4,0.05,0.8,0.15,7
CTTTGCGAGATCCCGC,1,0.05,0.8,0.15,7
CTTTGCGAGGGCTTCC,2,0.05,0.8,0.15,7
CTTTGCGCAAATACAG,3,0.05,0.8,0.15,7
CTTTGCGCACGGACAA,3,0.05,0.8,0.15,7
CTTTGCGCAGTCCTTC,2,0.05,0.8,0.15,7
CTTTGCGCATAGTAAG,7,0.05,0.8,0.15,7
CTTTGCGGTCACACGC,1000,0.05,0.8,0.15,7
CTTTGCGGTCGCGAAA,1,0.05,0.8,0.15,7
CTTTGCGGTGCTGTAT,7,0.05,0.8,0.15,7
CTTTGCGTCAACGGCC,1000,0.05,0.8,0.15,7
CTTTGCGTCACTTCAT,7,0.05,0.8,0.15,7
CTTTGCGTCATCTGCC,7,0.05,0.8,0.15,7
CTTTGCGTCGTTTATC,2,0.05,0.8,0.15,7
CTTTGCGTCTCTGTCG,4,0.05,0.8,0.15,7
GAAACTCAGATAGGAG,3,0.05,0.8,0.15,7
GAAACTCAGATGGCGT,1,0.05,0.8,0.15,7
GAAACTCAGCTGCGAA,7,0.05,0.8,0.15,7
GAAACTCAGTAGGTGC,7,0.05,0.8,0.15,7
GAAACTCCACTTAAGC,8,0.05,0.8,0.15,7
GAAACTCCATTAGGCT,5,0.05,0.8,0.15,7
GAAACTCGTCCTAGCG,1,0.05,0.8,0.15,7
GAAACTCGTCGACTAT,2,0.05,0.8,0.15,7
GAAACTCGTGAAATCA,8,0.05,0.8,0.15,7
GAAACTCGTGACCAAG,7,0.05,0.8,0.15,7
GAAACTCGTGTGGCTC,8,0.05,0.8,0.15,7
GAAACTCTCTGGCGTG,6,0.05,0.8,0.15,7
GAAACTCTCTTGCCGT,5,0.05,0.8,0.15,7
GAAATGAAGACCGGAT,4,0.05,0.8,0.15,7
GAAATGAAGAGCTTCT,1,0.05,0.8,0.15,7
GAAATGAAGATGGCGT,7,0.05,0.8,0.15,7
GAAATGAAGCTCAACT,5,0.05,0.8,0.15,7
GAAATGAAGTAATCCC,6,0.05,0.8,0.15,7
GAAATGAAGTATCTCG,1000,0.05,0.8,0.15,7
GAAATGAAGTGGAGTC,1000,0.05,0.8,0.15,7
GAAATGACAGCTTCGG,6,0.05,0.8,0.15,7
GAAATGACATGGTAGG,8,0.05,0.8,0.15,7
GAAATGACATTTGCTT,6,0.05,0.8,0.15,7
GAAATGAGTTACGTCA,3,0.05,0.8,0.15,7
GAAATGATCCAAGTAC,0,0.05,0.8,0.15,7
GAACATCAGATATACG,4,0.05,0.8,0.15,7
GAACATCAGTATTGGA,1,0.05,0.8,0.15,7
GAACATCAGTCGCCGT,4,0.05,0.8,0.15,7
GAACATCCAAGCCCAC,5,0.05,0.8,0.15,7
GAACATCCAGATGGCA,7,0.05,0.8,0.15,7
GAACATCGTCTAAACC,6,0.05,0.8,0.15,7
GAACATCTCCAGATCA,3,0.05,0.8,0.15,7
GAACATCTCCGCATAA,4,0.05,0.8,0.15,7
GAACATCTCCTTGGTC,6,0.05,0.8,0.15,7
GAACATCTCTGATTCT,4,0.05,0.8,0.15,7
GAACATCTCTTCAACT,7,0.05,0.8,0.15,7
GAACCTAAGACACTAA,5,0.05,0.8,0.15,7
GAACCTAAGAGTACCG,3,0.05,0.8,0.15,7
GAACCTAAGGCAATTA,4,0.05,0.8,0.15,7
GAACCTACAAGGACTG,4,0.05,0.8,0.15,7
GAACCTAGTTATGTGC,0,0.05,0.8,0.15,7
GAACGGAAGGAGCGAG,4,0.05,0.8,0.15,7
GAACGGAAGGTGTGGT,4,0.05,0.8,0.15,7
GAACGGACAATAACGA,7,0.05,0.8,0.15,7
GAACGGACATTGAGCT,1000,0.05,0.8,0.15,7
GAACGGAGTAAGTGTA,1000,0.05,0.8,0.15,7
GAACGGAGTTACGTCA,1000,0.05,0.8,0.15,7
GAACGGAGTTCCCTTG,8,0.05,0.8,0.15,7
GAACGGATCCAAAGTC,4,0.05,0.8,0.15,7
GAAGCAGAGACCACGA,4,0.05,0.8,0.15,7
GAAGCAGAGAGCTGCA,7,0.05,0.8,0.15,7
GAAGCAGAGATGTTAG,2,0.05,0.8,0.15,7
GAAGCAGAGCTCAACT,2,0.05,0.8,0.15,7
GAAGCAGAGGGAGTAA,7,0.05,0.8,0.15,7
GAAGCAGAGTGTACCT,0,0.05,0.8,0.15,7
GAAGCAGCACCAGCAC,8,0.05,0.8,0.15,7
GAAGCAGCAGCTTAAC,7,0.05,0.8,0.15,7
GAAGCAGCAGTAACGG,6,0.05,0.8,0.15,7
GAAGCAGCATTAACCG,8,0.05,0.8,0.15,7
GAAGCAGGTGACGCCT,1,0.05,0.8,0.15,7
GAAGCAGGTTGCGTTA,1,0.05,0.8,0.15,7
GAAGCAGTCCTTCAAT,1,0.05,0.8,0.15,7
GAAGCAGTCGACCAGC,8,0.05,0.8,0.15,7
GAATAAGAGATGGGTC,3,0.05,0.8,0.15,7
GAATAAGAGGTGCTTT,6,0.05,0.8,0.15,7
GAATAAGAGTATCTCG,4,0.05,0.8,0.15,7
GAATAAGCAAGAGGCT,5,0.05,0.8,0.15,7
GAATAAGCAGACACTT,1000,0.05,0.8,0.15,7
GAATAAGCAGGTTTCA,1,0.05,0.8,0.15,7
GAATAAGGTAACGTTC,1,0.05,0.8,0.15,7
GAATAAGGTAGGCTGA,3,0.05,0.8,0.15,7
GAATAAGGTCCGAATT,7,0.05,0.8,0.15,7
GAATAAGGTCGGCACT,5,0.05,0.8,0.15,7
GAATAAGGTGCAGGTA,2,0.05,0.8,0.15,7
GAATAAGTCAGAGACG,5,0.05,0.8,0.15,7
GAATGAAAGGAACTGC,1000,0.05,0.8,0.15,7
GAATGAAAGTACATGA,7,0.05,0.8,0.15,7
GAATGAAAGTATGACA,6,0.05,0.8,0.15,7
GAATGAAAGTCAAGGC,1000,0.05,0.8,0.15,7
GAATGAACAAACAACA,8,0.05,0.8,0.15,7
GAATGAACAATAGCGG,7,0.05,0.8,0.15,7
GAATGAACATTATCTC,5,0.05,0.8,0.15,7
GAATGAAGTACCGAGA,5,0.05,0.8,0.15,7
GAATGAAGTAGGGTAC,8,0.05,0.8,0.15,7
GAATGAAGTCAGGACA,3,0.05,0.8,0.15,7
GAATGAAGTCCGAATT,7,0.05,0.8,0.15,7
GAATGAAGTGGACGAT,8,0.05,0.8,0.15,7
GAATGAAGTTAGTGGG,4,0.05,0.8,0.15,7
GAATGAATCTATCCTA,6,0.05,0.8,0.15,7
GAATGAATCTCACATT,4,0.05,0.8,0.15,7
GAATGAATCTGCTGTC,5,0.05,0.8,0.15,7
GACACGCAGAAGCCCA,2,0.05,0.8,0.15,7
GACACGCAGAGCTGCA,1000,0.05,0.8,0.15,7
GACACGCAGGGCACTA,1,0.05,0.8,0.15,7
GACACGCAGTGTGAAT,5,0.05,0.8,0.15,7
GACACGCCAAGCCATT,6,0.05,0.8,0.15,7
GACACGCCACATGTGT,3,0.05,0.8,0.15,7
GACACGCCAGTGACAG,1000,0.05,0.8,0.15,7
GACACGCGTATGGTTC,3,0.05,0.8,0.15,7
GACACGCGTGAGCGAT,2,0.05,0.8,0.15,7
GACACGCTCCCAAGAT,7,0.05,0.8,0.15,7
GACACGCTCCTATTCA,6,0.05,0.8,0.15,7
GACAGAGAGCCTATGT,8,0.05,0.8,0.15,7
GACAGAGAGCTGTCTA,1,0.05,0.8,0.15,7
GACAGAGCACTTAACG,8,0.05,0.8,0.15,7
GACAGAGCAGCTATTG,2,0.05,0.8,0.15,7
GACAGAGCAGTCAGCC,4,0.05,0.8,0.15,7
GACAGAGCATAGGATA,5,0.05,0.8,0.15,7
GACAGAGCATTACCTT,5,0.05,0.8,0.15,7
GACAGAGGTCTAGAGG,7,0.05,0.8,0.15,7
GACAGAGGTGTGAAAT,5,0.05,0.8,0.15,7
GACAGAGGTTGGAGGT,7,0.05,0.8,0.15,7
GACAGAGTCACCTCGT,6,0.05,0.8,0.15,7
GACAGAGTCATATCGG,3,0.05,0.8,0.15,7
GACAGAGTCCACGCAG,3,0.05,0.8,0.15,7
GACAGAGTCCGCGTTT,1,0.05,0.8,0.15,7
GACAGAGTCGGCGCTA,1000,0.05,0.8,0.15,7
GACAGAGTCTTCGAGA,1000,0.05,0.8,0.15,7
GACCAATAGGTGATAT,4,0.05,0.8,0.15,7
GACCAATCAAGGGTCA,8,0.05,0.8,0.15,7
GACCAATCAATCAGAA,1000,0.05,0.8,0.15,7
GACCAATCAATGAATG,5,0.05,0.8,0.15,7
GACCAATCATGCAACT,3,0.05,0.8,0.15,7
GACCAATCATGCTGGC,5,0.05,0.8,0.15,7
GACCAATCATTGGTAC,4,0.05,0.8,0.15,7
GACCAATGTAGGCATG,3,0.05,0.8,0.15,7
GACCAATGTATAGGTA,8,0.05,0.8,0.15,7
GACCAATTCGCAAACT,7,0.05,0.8,0.15,7
GACCAATTCTACCTGC,7,0.05,0.8,0.15,7
GACCTGGAGCTAAGAT,8,0.05,0.8,0.15,7
GACCTGGAGTCCAGGA,6,0.05,0.8,0.15,7
GACCTGGAGTGTGAAT,2,0.05,0.8,0.15,7
GACCTGGCAATGAATG,5,0.05,0.8,0.15,7
GACCTGGCACATAACC,2,0.05,0.8,0.15,7
GACCTGGCATGTTCCC,2,0.05,0.8,0.15,7
GACCTGGGTGTCGCTG,4,0.05,0.8,0.15,7
GACCTGGGTTTAAGCC,4,0.05,0.8,0.15,7
GACCTGGTCAGGTTCA,5,0.05,0.8,0.15,7
GACCTGGTCCCAGGTG,6,0.05,0.8,0.15,7
GACGCGTGTCCGAACC,7,0.05,0.8,0.15,7
GACGCGTGTTAGAACA,3,0.05,0.8,0.15,7
GACGCGTTCCAGTAGT,1,0.05,0.8,0.15,7
GACGCGTTCCGCGTTT,4,0.05,0.8,0.15,7
GACGCGTTCGGCTACG,1000,0.05,0.8,0.15,7
GACGGCTAGGCTACGA,8,0.05,0.8,0.15,7
GACGGCTAGGGTGTTG,4,0.05,0.8,0.15,7
GACGGCTAGTCTCCTC,1,0.05,0.8,0.15,7
GACGGCTCACCTTGTC,7,0.05,0.8,0.15,7
GACGGCTCACTCGACG,1000,0.05,0.8,0.15,7
GACGGCTGTATGGTTC,4,0.05,0.8,0.15,7
GACGGCTGTGGTCCGT,3,0.05,0.8,0.15,7
GACGGCTGTTAAGGGC,3,0.05,0.8,0.15,7
GACGGCTGTTGTCTTT,6,0.05,0.8,0.15,7
GACGGCTTCCGCATCT,2,0.05,0.8,0.15,7
GACGGCTTCGACAGCC,8,0.05,0.8,0.15,7
GACGGCTTCGATAGAA,2,0.05,0.8,0.15,7
GACGGCTTCTGATACG,7,0.05,0.8,0.15,7
GACGGCTTCTTCATGT,1,0.05,0.8,0.15,7
GACGTGCAGCCATCGC,3,0.05,0.8,0.15,7
GACGTGCAGGCGACAT,3,0.05,0.8,0.15,7
GACGTGCAGGGCTTCC,7,0.05,0.8,0.15,7
GACGTGCAGTAGCGGT,6,0.05,0.8,0.15,7
GACGTGCCAGGTGCCT,1,0.05,0.8,0.15,7
GACGTGCCAGTTTACG,1000,0.05,0.8,0.15,7
GACGTGCGTCGAACAG,1,0.05,0.8,0.15,7
GACGTGCGTGCCTGTG,8,0.05,0.8,0.15,7
GACGTGCTCGCGTAGC,6,0.05,0.8,0.15,7
GACGTTAAGATCCCGC,3,0.05,0.8,0.15,7
GACGTTAAGCAGCGTA,4,0.05,0.8,0.15,7
GACGTTAAGCTCCCAG,3,0.05,0.8,0.15,7
GACGTTAAGGGATCTG,4,0.05,0.8,0.15,7
GACGTTAGTACGCACC,2,0.05,0.8,0.15,7
GACGTTAGTATCAGTC,7,0.05,0.8,0.15,7
GACGTTAGTTATGTGC,6,0.05,0.8,0.15,7
GACGTTAGTTGTACAC,5,0.05,0.8,0.15,7
GACGTTATCGTAGGAG,8,0.05,0.8,0.15,7
GACGTTATCTGCGACG,2,0.05,0.8,0.15,7
GACGTTATCTGCGGCA,4,0.05,0.8,0.15,7
GACTAACAGCGACGTA,8,0.05,0.8,0.15,7
GACTAACAGCTTCGCG,1,0.05,0.8,0.15,7
GACTAACAGGGTTTCT,1000,0.05,0.8,0.15,7
GACTAACAGTCAAGGC,4,0.05,0.8,0.15,7
GACTAACAGTCTCGGC,3,0.05,0.8,0.15,7
GACTAACCACATCTTT,2,0.05,0.8,0.15,7
GACTAACGTATGCTTG,1,0.05,0.8,0.15,7
GACTAACGTCGCGTGT,6,0.05,0.8,0.15,7
GACTAACGTGGCCCTA,6,0.05,0.8,0.15,7
GACTAACGTTCACCTC,8,0.05,0.8,0.15,7
GACTAACGTTGGTTTG,5,0.05,0.8,0.15,7
GACTAACTCACAACGT,4,0.05,0.8,0.15,7
GACTAACTCATACGGT,1,0.05,0.8,0.15,7
GACTAACTCCTATGTT,3,0.05,0.8,0.15,7
GACTAACTCTTGTTTG,3,0.05,0.8,0.15,7
GACTACAAGACGCACA,2,0.05,0.8,0.15,7
GACTACAAGAGTACCG,8,0.05,0.8,0.15,7
GACTACAAGCAACGGT,3,0.05,0.8,0.15,7
GACTACAAGCCACCTG,8,0.05,0.8,0.15,7
GACTACAAGGAGCGTT,4,0.05,0.8,0.15,7
GACTACAAGTTGTCGT,5,0.05,0.8,0.15,7
GACTACACAATAAGCA,3,0.05,0.8,0.15,7
GACTACACACGTCTCT,5,0.05,0.8,0.15,7
GACTACACATGTCGAT,6,0.05,0.8,0.15,7
GACTACAGTAGGACAC,7,0.05,0.8,0.15,7
GACTACAGTATAGGGC,5,0.05,0.8,0.15,7
GACTACAGTCTAGTCA,2,0.05,0.8,0.15,7
GACTACAGTGTATGGG,8,0.05,0.8,0.15,7
GACTACATCCTATGTT,6,0.05,0.8,0.15,7
GACTACATCGTTACAG,1,0.05,0.8,0.15,7
GACTACATCTCGCTTG,1,0.05,0.8,0.15,7
GACTGCGAGGGAAACA,6,0.05,0.8,0.15,7
GACTGCGCAATTCCTT,7,0.05,0.8,0.15,7
GACTGCGCACGCCAGT,1,0.05,0.8,0.15,7
GACTGCGGTGATGTCT,2,0.05,0.8,0.15,7
GACTGCGGTTCCATGA,7,0.05,0.8,0.15,7
GACTGCGTCACAGTAC,2,0.05,0.8,0.15,7
GACTGCGTCAGAGACG,2,0.05,0.8,0.15,7
GAGCAGAAGATAGTCA,8,0.05,0.8,0.15,7
GAGCAGAAGCAATCTC,5,0.05,0.8,0.15,7
GAGCAGAAGTCAATAG,1,0.05,0.8,0.15,7
GAGCAGAAGTGCCATT,6,0.05,0.8,0.15,7
GAGCAGAAGTTTAGGA,3,0.05,0.8,0.15,7
GAGCAGACACGGTAGA,7,0.05,0.8,0.15,7
GAGCAGACAGTCTTCC,1,0.05,0.8,0.15,7
GAGCAGACATGCATGT,6,0.05,0.8,0.15,7
GAGCAGAGTACCAGTT,4,0.05,0.8,0.15,7
GAGCAGAGTCCTCTTG,3,0.05,0.8,0.15,7
GAGCAGAGTGATAAGT,0,0.05,0.8,0.15,7
GAGCAGAGTGTGCCTG,2,0.05,0.8,0.15,7
GAGCAGAGTTTGGGCC,3,0.05,0.8,0.15,7
GAGCAGATCGTGACAT,7,0.05,0.8,0.15,7
GAGCAGATCTACGAGT,3,0.05,0.8,0.15,7
GAGGTGAAGAAGCCCA,4,0.05,0.8,0.15,7
GAGGTGAAGAGCTATA,8,0.05,0.8,0.15,7
GAGGTGACAAGCTGGA,5,0.05,0.8,0.15,7
GAGGTGACAATTCCTT,1000,0.05,0.8,0.15,7
GAGGTGACAGCTCGCA,5,0.05,0.8,0.15,7
GAGGTGACAGGTCGTC,7,0.05,0.8,0.15,7
GAGGTGACATTATCTC,1000,0.05,0.8,0.15,7
GAGGTGAGTAGAGTGC,6,0.05,0.8,0.15,7
GAGGTGAGTGAACCTT,7,0.05,0.8,0.15,7
GAGGTGATCACCTTAT,8,0.05,0.8,0.15,7
GAGGTGATCCCTCTTT,1000,0.05,0.8,0.15,7
GAGTCCGAGGATGGTC,7,0.05,0.8,0.15,7
GAGTCCGCACCCATGG,7,0.05,0.8,0.15,7
GAGTCCGCACCTATCC,4,0.05,0.8,0.15,7
GAGTCCGCAGTCGTGC,3,0.05,0.8,0.15,7
GAGTCCGCATAGAAAC,7,0.05,0.8,0.15,7
GAGTCCGCATCCGGGT,1000,0.05,0.8,0.15,7
GAGTCCGCATTCCTCG,7,0.05,0.8,0.15,7
GAGTCCGGTAGCGTCC,7,0.05,0.8,0.15,7
GAGTCCGGTCATATCG,3,0.05,0.8,0.15,7
GAGTCCGGTCCAGTAT,7,0.05,0.8,0.15,7
GAGTCCGTCACATAGC,5,0.05,0.8,0.15,7
GAGTCCGTCCGCGGTA,8,0.05,0.8,0.15,7
GATCAGTAGTACGTAA,4,0.05,0.8,0.15,7
GATCAGTCAGGATCGA,3,0.05,0.8,0.15,7
GATCAGTGTCCAAGTT,7,0.05,0.8,0.15,7
GATCAGTGTCGCCATG,2,0.05,0.8,0.15,7
GATCAGTGTGGCCCTA,3,0.05,0.8,0.15,7
GATCAGTGTGTCAATC,5,0.05,0.8,0.15,7
GATCAGTTCATCGATG,4,0.05,0.8,0.15,7
GATCAGTTCGGATGTT,5,0.05,0.8,0.15,7
GATCAGTTCGGCGCTA,4,0.05,0.8,0.15,7
GATCGATAGAGGACGG,2,0.05,0.8,0.15,7
GATCGATAGCAAATCA,3,0.05,0.8,0.15,7
GATCGATAGCAATATG,7,0.05,0.8,0.15,7
GATCGATAGGATGTAT,1,0.05,0.8,0.15,7
GATCGATAGGCCGAAT,1000,0.05,0.8,0.15,7
GATCGATCAAAGTCAA,8,0.05,0.8,0.15,7
GATCGATCACAACGTT,8,0.05,0.8,0.15,7
GATCGATCAGGCTCAC,1,0.05,0.8,0.15,7
GATCGATGTACTCTCC,8,0.05,0.8,0.15,7
GATCGATGTTCCACTC,7,0.05,0.8,0.15,7
GATCGATTCGCTAGCG,4,0.05,0.8,0.15,7
GATCGATTCGTTACAG,3,0.05,0.8,0.15,7
GATCGATTCTGCGACG,6,0.05,0.8,0.15,7
GATCGCGAGTACGATA,4,0.05,0.8,0.15,7
GATCGCGCAAGGTGTG,8,0.05,0.8,0.15,7
GATCGCGGTACCCAAT,6,0.05,0.8,0.15,7
GATCGCGGTATGAAAC,7,0.05,0.8,0.15,7
GATCGCGGTGGGTATG,1,0.05,0.8,0.15,7
GATCGCGGTGTATGGG,6,0.05,0.8,0.15,7
GATCGCGTCACGCGGT,3,0.05,0.8,0.15,7
GATCGCGTCCTGCAGG,1,0.05,0.8,0.15,7
GATCGCGTCGTCCAGG,6,0.05,0.8,0.15,7
GATCGCGTCTGCGGCA,5,0.05,0.8,0.15,7
GATCGCGTCTTGGGTA,7,0.05,0.8,0.15,7
GATCGTAAGACCACGA,4,0.05,0.8,0.15,7
GATCGTAAGCTGCCCA,3,0.05,0.8,0.15,7
GATCGTACACCCTATC,1,0.05,0.8,0.15,7
GATCGTACAGATGAGC,6,0.05,0.8,0.15,7
GATCGTACAGTGAGTG,8,0.05,0.8,0.15,7
GATCGTAGTAATCGTC,5,0.05,0.8,0.15,7
GATCGTATCTTTAGGG,4,0.05,0.8,0.15,7
GATCTAGAGAAACGCC,2,0.05,0.8,0.15,7
GATCTAGAGAAGCCCA,7,0.05,0.8,0.15,7
GATCTAGAGGATGCGT,1,0.05,0.8,0.15,7
GATCTAGAGGTAAACT,8,0.05,0.8,0.15,7
GATCTAGAGTACACCT,3,0.05,0.8,0.15,7
GATCTAGAGTATTGGA,4,0.05,0.8,0.15,7
GATCTAGAGTGGACGT,3,0.05,0.8,0.15,7
GATCTAGGTCATACTG,5,0.05,0.8,0.15,7
GATCTAGGTCGACTAT,1,0.05,0.8,0.15,7
GATCTAGTCACGGTTA,7,0.05,0.8,0.15,7
GATCTAGTCCTGCAGG,1,0.05,0.8,0.15,7
GATCTAGTCGACGGAA,3,0.05,0.8,0.15,7
GATGAAAAGAGAACAG,1,0.05,0.8,0.15,7
GATGAAAAGCGATATA,2,0.05,0.8,0.15,7
GATGAAAAGGATGGAA,1,0.05,0.8,0.15,7
GATGAAAAGGGCATGT,2,0.05,0.8,0.15,7
GATGAAACAATTCCTT,4,0.05,0.8,0.15,7
GATGAAACACGTGAGA,1,0.05,0.8,0.15,7
GATGAAACAGTGAGTG,6,0.05,0.8,0.15,7
GATGAAAGTACGACCC,4,0.05,0.8,0.15,7
GATGAAAGTGAGGGAG,2,0.05,0.8,0.15,7
GATGAAAGTGAGGGTT,8,0.05,0.8,0.15,7
GATGAAATCACCGGGT,3,0.05,0.8,0.15,7
GATGAGGAGCAGCCTC,7,0.05,0.8,0.15,7
GATGAGGAGGCAAAGA,1,0.05,0.8,0.15,7
GATGAGGAGGCTAGCA,3,0.05,0.8,0.15,7
GATGAGGAGGTTCCTA,3,0.05,0.8,0.15,7
GATGAGGGTAATTGGA,1,0.05,0.8,0.15,7
GATGAGGTCGAGGTAG,3,0.05,0.8,0.15,7
GATGAGGTCGTAGATC,1,0.05,0.8,0.15,7
GATGCTACAGTATCTG,1,0.05,0.8,0.15,7
GATGCTAGTACGCTGC,7,0.05,0.8,0.15,7
GATGCTAGTGAGGGAG,5,0.05,0.8,0.15,7
GATGCTAGTTTGACAC,4,0.05,0.8,0.15,7
GATGCTATCACAATGC,4,0.05,0.8,0.15,7
GATGCTATCCTATGTT,1000,0.05,0.8,0.15,7
GATGCTATCTACTTAC,6,0.05,0.8,0.15,7
GATTCAGAGAAGAAGC,5,0.05,0.8,0.15,7
GATTCAGAGCACCGCT,5,0.05,0.8,0.15,7
GATTCAGAGGAATTAC,5,0.05,0.8,0.15,7
GATTCAGAGTCCATAC,4,0.05,0.8,0.15,7
GATTCAGAGTTCGCAT,4,0.05,0.8,0.15,7
GATTCAGCATCCGCGA,5,0.05,0.8,0.15,7
GATTCAGGTAACGCGA,6,0.05,0.8,0.15,7
GATTCAGTCATAAAGG,5,0.05,0.8,0.15,7
GATTCAGTCGCATGGC,1000,0.05,0.8,0.15,7
GCAAACTAGGGCTCTC,4,0.05,0.8,0.15,7
GCAAACTCACGGACAA,7,0.05,0.8,0.15,7
GCAAACTGTTACGTCA,6,0.05,0.8,0.15,7
GCAAACTGTTAGGGTG,1000,0.05,0.8,0.15,7
GCAAACTTCACATAGC,1,0.05,0.8,0.15,7
GCAAACTTCCAAACTG,1,0.05,0.8,0.15,7
GCAAACTTCGCACTCT,8,0.05,0.8,0.15,7
GCAAACTTCGCTTGTC,8,0.05,0.8,0.15,7
GCAATCAAGACAGAGA,8,0.05,0.8,0.15,7
GCAATCAAGGATGTAT,6,0.05,0.8,0.15,7
GCAATCAAGTATCTCG,6,0.05,0.8,0.15,7
GCAATCACAATAGCAA,4,0.05,0.8,0.15,7
GCAATCACACAGACTT,2,0.05,0.8,0.15,7
GCAATCACACAGAGGT,1,0.05,0.8,0.15,7
GCAATCACACGGCGTT,6,0.05,0.8,0.15,7
GCAATCACAGGATCGA,3,0.05,0.8,0.15,7
GCAATCACAGTATGCT,4,0.05,0.8,0.15,7
GCAATCACATATACGC,1,0.05,0.8,0.15,7
GCAATCACATCGGAAG,4,0.05,0.8,0.15,7
GCAATCACATGCGCAC,7,0.05,0.8,0.15,7
GCAATCAGTACCATCA,5,0.05,0.8,0.15,7
GCAATCATCAACCATG,1,0.05,0.8,0.15,7
GCAATCATCAATACCG,1,0.05,0.8,0.15,7
GCAATCATCATTGCCC,6,0.05,0.8,0.15,7
GCAATCATCCTCAACC,8,0.05,0.8,0.15,7
GCAATCATCGTTACAG,8,0.05,0.8,0.15,7
GCAATCATCTAGAGTC,4,0.05,0.8,0.15,7
GCAATCATCTCGATGA,3,0.05,0.8,0.15,7
GCACATAAGGCAATTA,3,0.05,0.8,0.15,7
GCACATAAGTAGGTGC,6,0.05,0.8,0.15,7
GCACATACACCGTTGG,8,0.05,0.8,0.15,7
GCACATACACCTTGTC,8,0.05,0.8,0.15,7
GCACATACATGTAGTC,8,0.05,0.8,0.15,7
GCACATAGTCGCCATG,7,0.05,0.8,0.15,7
GCACATAGTGTGGTTT,1,0.05,0.8,0.15,7
GCACATAGTTCAGTAC,4,0.05,0.8,0.15,7
GCACATAGTTGAGTTC,2,0.05,0.8,0.15,7
GCACATATCACTCTTA,1,0.05,0.8,0.15,7
GCACATATCTGCAAGT,7,0.05,0.8,0.15,7
GCACATATCTTGGGTA,6,0.05,0.8,0.15,7
GCACTCTAGACATAAC,5,0.05,0.8,0.15,7
GCACTCTAGCCCAACC,5,0.05,0.8,0.15,7
GCACTCTGTACAGCAG,3,0.05,0.8,0.15,7
GCACTCTGTAGGGTAC,7,0.05,0.8,0.15,7
GCACTCTGTCGAACAG,8,0.05,0.8,0.15,7
GCACTCTGTCGAGTTT,1,0.05,0.8,0.15,7
GCACTCTGTCTAGTCA,1,0.05,0.8,0.15,7
GCACTCTGTCTCACCT,6,0.05,0.8,0.15,7
GCACTCTGTGCGAAAC,6,0.05,0.8,0.15,7
GCACTCTGTGTTGAGG,8,0.05,0.8,0.15,7
GCACTCTGTTCCCTTG,1,0.05,0.8,0.15,7
GCACTCTGTTTGCATG,2,0.05,0.8,0.15,7
GCACTCTTCTGGTGTA,8,0.05,0.8,0.15,7
GCAGCCAAGCAGATCG,7,0.05,0.8,0.15,7
GCAGCCAAGGGAGTAA,4,0.05,0.8,0.15,7
GCAGCCAAGGGTCGAT,4,0.05,0.8,0.15,7
GCAGCCAAGTTACGGG,1,0.05,0.8,0.15,7
GCAGCCACAACACCTA,1,0.05,0.8,0.15,7
GCAGCCACATGGGAAC,6,0.05,0.8,0.15,7
GCAGCCACATTCTCAT,1,0.05,0.8,0.15,7
GCAGCCAGTAATCACC,6,0.05,0.8,0.15,7
GCAGCCAGTCTAGTCA,4,0.05,0.8,0.15,7
GCAGCCAGTTGCTCCT,8,0.05,0.8,0.15,7
GCAGCCATCCTGCTTG,1000,0.05,0.8,0.15,7
GCAGCCATCTCGGACG,3,0.05,0.8,0.15,7
GCAGTTAAGACAGGCT,6,0.05,0.8,0.15,7
GCAGTTAAGATGTGGC,4,0.05,0.8,0.15,7
GCAGTTACAACGATCT,4,0.05,0.8,0.15,7
GCAGTTACACAGCGTC,7,0.05,0.8,0.15,7
GCAGTTACAGACACTT,1,0.05,0.8,0.15,7
GCAGTTACAGGCTCAC,6,0.05,0.8,0.15,7
GCAGTTACATGGTTGT,0,0.05,0.8,0.15,7
GCAGTTAGTGTGACCC,6,0.05,0.8,0.15,7
GCATACAAGCCCAGCT,3,0.05,0.8,0.15,7
GCATACAAGCGTCTAT,8,0.05,0.8,0.15,7
GCATACAAGCTACCGC,3,0.05,0.8,0.15,7
GCATACAAGCTGCGAA,5,0.05,0.8,0.15,7
GCATACAAGCTGTTCA,6,0.05,0.8,0.15,7
GCATACAAGGAATTAC,5,0.05,0.8,0.15,7
GCATACACAGTCAGCC,7,0.05,0.8,0.15,7
GCATACAGTGCTCTTC,2,0.05,0.8,0.15,7
GCATACATCGGCTACG,8,0.05,0.8,0.15,7
GCATGATAGACTAAGT,8,0.05,0.8,0.15,7
GCATGATAGCTAGTGG,8,0.05,0.8,0.15,7
GCATGATAGTGGGTTG,7,0.05,0.8,0.15,7
GCATGATCAAACGCGA,5,0.05,0.8,0.15,7
GCATGATCAAAGCAAT,7,0.05,0.8,0.15,7
GCATGATCAAAGTGCG,4,0.05,0.8,0.15,7
GCATGATCAAGTTAAG,7,0.05,0.8,0.15,7
GCATGATGTAAGAGAG,1,0.05,0.8,0.15,7
GCATGATGTGATGTCT,8,0.05,0.8,0.15,7
GCATGATGTGCACGAA,1,0.05,0.8,0.15,7
GCATGATGTGCTTCTC,2,0.05,0.8,0.15,7
GCATGATGTTTACTCT,4,0.05,0.8,0.15,7
GCATGATTCACGCGGT,8,0.05,0.8,0.15,7
GCATGATTCAGCTTAG,7,0.05,0.8,0.15,7
GCATGATTCCGCGGTA,3,0.05,0.8,0.15,7
GCATGCGCACGAGGTA,2,0.05,0.8,0.15,7
GCATGCGCAGGTTTCA,1,0.05,0.8,0.15,7
GCATGCGGTACATGTC,4,0.05,0.8,0.15,7
GCATGCGGTAGGAGTC,2,0.05,0.8,0.15,7
GCATGCGGTCTTGCGG,3,0.05,0.8,0.15,7
GCATGCGGTGGCTCCA,1000,0.05,0.8,0.15,7
GCATGCGGTGGTGTAG,2,0.05,0.8,0.15,7
GCATGCGGTTAAGAAC,1000,0.05,0.8,0.15,7
GCATGCGTCCGAATGT,3,0.05,0.8,0.15,7
GCATGCGTCGATAGAA,1000,0.05,0.8,0.15,7
GCATGTAAGCGATTCT,6,0.05,0.8,0.15,7
GCATGTAAGGAGCGAG,5,0.05,0.8,0.15,7
GCATGTAAGGGAAACA,3,0.05,0.8,0.15,7
GCATGTAAGTAGTGCG,3,0.05,0.8,0.15,7
GCATGTAAGTCCCACG,4,0.05,0.8,0.15,7
GCATGTACAAGTAGTA,4,0.05,0.8,0.15,7
GCATGTACATACGCCG,2,0.05,0.8,0.15,7
GCATGTAGTAGTGAAT,8,0.05,0.8,0.15,7
GCATGTAGTCTCTTTA,0,0.05,0.8,0.15,7
GCATGTAGTGACTCAT,3,0.05,0.8,0.15,7
GCATGTAGTGCAGTAG,7,0.05,0.8,0.15,7
GCATGTATCACGCATA,1,0.05,0.8,0.15,7
GCATGTATCCACGTGG,2,0.05,0.8,0.15,7
GCATGTATCTATGTGG,5,0.05,0.8,0.15,7
GCCAAATAGAAGGGTA,6,0.05,0.8,0.15,7
GCCAAATAGCTCCTCT,6,0.05,0.8,0.15,7
GCCAAATAGGAATCGC,8,0.05,0.8,0.15,7
GCCAAATCAATCACAC,6,0.05,0.8,0.15,7
GCCAAATGTAAGGGAA,6,0.05,0.8,0.15,7
GCCAAATTCAAACCGT,7,0.05,0.8,0.15,7
GCCAAATTCAGGATCT,8,0.05,0.8,0.15,7
GCCAAATTCAGTTAGC,1,0.05,0.8,0.15,7
GCCAAATTCCTATGTT,1,0.05,0.8,0.15,7
GCCAAATTCGTTTGCC,4,0.05,0.8,0.15,7
GCCAAATTCTCTAGGA,7,0.05,0.8,0.15,7
GCCTCTAAGACTAGAT,1,0.05,0.8,0.15,7
GCCTCTAAGCTAGCCC,4,0.05,0.8,0.15,7
GCCTCTAAGGCATGTG,4,0.05,0.8,0.15,7
GCCTCTACAACTTGAC,5,0.05,0.8,0.15,7
GCCTCTACAGCCAATT,4,0.05,0.8,0.15,7
GCCTCTACATCAGTCA,7,0.05,0.8,0.15,7
GCCTCTACATTGAGCT,6,0.05,0.8,0.15,7
GCCTCTAGTAAGGGAA,5,0.05,0.8,0.15,7
GCCTCTAGTACATCCA,1,0.05,0.8,0.15,7
GCCTCTAGTACTCTCC,5,0.05,0.8,0.15,7
GCCTCTAGTAGCGTCC,2,0.05,0.8,0.15,7
GCCTCTAGTGTTCGAT,1,0.05,0.8,0.15,7
GCCTCTAGTGTTTGGT,1000,0.05,0.8,0.15,7
GCCTCTATCAGCTCGG,2,0.05,0.8,0.15,7
GCCTCTATCATCATTC,3,0.05,0.8,0.15,7
GCCTCTATCTGTCCGT,6,0.05,0.8,0.15,7
GCGACCAAGACTTTCG,7,0.05,0.8,0.15,7
GCGACCAAGCACACAG,4,0.05,0.8,0.15,7
GCGACCACAATCGAAA,4,0.05,0.8,0.15,7
GCGACCACAGTACACT,1000,0.05,0.8,0.15,7
GCGACCAGTAGAAGGA,3,0.05,0.8,0.15,7
GCGACCAGTCAGTGGA,6,0.05,0.8,0.15,7
GCGACCAGTCTTTCAT,4,0.05,0.8,0.15,7
GCGACCATCATGGTCA,2,0.05,0.8,0.15,7
GCGACCATCGGCGGTT,1,0.05,0.8,0.15,7
GCGACCATCGTCCGTT,3,0.05,0.8,0.15,7
GCGAGAAAGGTAGCTG,6,0.05,0.8,0.15,7
GCGAGAACACCTGGTG,5,0.05,0.8,0.15,7
GCGAGAACAGCTCGCA,4,0.05,0.8,0.15,7
GCGAGAAGTAATTGGA,7,0.05,0.8,0.15,7
GCGAGAAGTCCCTTGT,3,0.05,0.8,0.15,7
GCGAGAAGTGCTTCTC,7,0.05,0.8,0.15,7
GCGAGAATCAGAGACG,2,0.05,0.8,0.15,7
GCGCAACAGAAGCCCA,7,0.05,0.8,0.15,7
GCGCAACAGAGAGCTC,7,0.05,0.8,0.15,7
GCGCAACAGATGCCAG,3,0.05,0.8,0.15,7
GCGCAACAGTCAAGGC,5,0.05,0.8,0.15,7
GCGCAACAGTGCAAGC,6,0.05,0.8,0.15,7
GCGCAACCAACACGCC,5,0.05,0.8,0.15,7
GCGCAACCAAGGTGTG,6,0.05,0.8,0.15,7
GCGCAACCATCCCATC,6,0.05,0.8,0.15,7
GCGCAACGTAAAGGAG,8,0.05,0.8,0.15,7
GCGCAACGTAGCACGA,7,0.05,0.8,0.15,7
GCGCAACGTAGCTTGT,5,0.05,0.8,0.15,7
GCGCAACGTGCAGGTA,8,0.05,0.8,0.15,7
GCGCAACGTTAAGATG,1,0.05,0.8,0.15,7
GCGCAACTCATCGGAT,5,0.05,0.8,0.15,7
GCGCAACTCCCAAGTA,2,0.05,0.8,0.15,7
GCGCAGTAGTGGGTTG,0,0.05,0.8,0.15,7
GCGCAGTCACAAGCCC,5,0.05,0.8,0.15,7
GCGCAGTCACGAGAGT,3,0.05,0.8,0.15,7
GCGCAGTCATTGGTAC,1,0.05,0.8,0.15,7
GCGCAGTGTACCTACA,7,0.05,0.8,0.15,7
GCGCAGTGTATATCCG,8,0.05,0.8,0.15,7
GCGCAGTGTCACTTCC,4,0.05,0.8,0.15,7
GCGCAGTGTCCAGTTA,3,0.05,0.8,0.15,7
GCGCAGTGTGCTTCTC,1,0.05,0.8,0.15,7
GCGCAGTGTTGACGTT,6,0.05,0.8,0.15,7
GCGCAGTTCGCAAGCC,6,0.05,0.8,0.15,7
GCGCAGTTCTGCCAGG,1,0.05,0.8,0.15,7
GCGCCAAAGAAGCCCA,8,0.05,0.8,0.15,7
GCGCCAAAGCCAGTTT,2,0.05,0.8,0.15,7
GCGCCAAAGCTACCGC,2,0.05,0.8,0.15,7
GCGCCAAAGGGATGGG,3,0.05,0.8,0.15,7
GCGCCAACAATCAGAA,6,0.05,0.8,0.15,7
GCGCCAACACCGGAAA,6,0.05,0.8,0.15,7
GCGCCAACAGACAAGC,4,0.05,0.8,0.15,7
GCGCCAAGTCCCTTGT,1,0.05,0.8,0.15,7
GCGCCAAGTCTAAACC,1,0.05,0.8,0.15,7
GCGCCAAGTCTCATCC,7,0.05,0.8,0.15,7
GCGCCAAGTGACAAAT,8,0.05,0.8,0.15,7
GCGCCAATCATCACCC,1,0.05,0.8,0.15,7
GCGCCAATCCGCAAGC,5,0.05,0.8,0.15,7
GCGCCAATCCGTACAA,7,0.05,0.8,0.15,7
GCGCCAATCGGAAATA,4,0.05,0.8,0.15,7
GCGCCAATCTACCAGA,2,0.05,0.8,0.15,7
GCGCCAATCTTATCTG,5,0.05,0.8,0.15,7
GCGCCAATCTTGTACT,2,0.05,0.8,0.15,7
GCGCGATGTAGGCATG,7,0.05,0.8,0.15,7
GCGCGATGTGGCTCCA,6,0.05,0.8,0.15,7
GCGCGATGTTGGTTTG,4,0.05,0.8,0.15,7
GCGCGATTCCCTCTTT,5,0.05,0.8,0.15,7
GCGGGTTAGAGTTGGC,4,0.05,0.8,0.15,7
GCGGGTTAGGACAGCT,1,0.05,0.8,0.15,7
GCGGGTTAGGCAATTA,3,0.05,0.8,0.15,7
GCGGGTTCACACGCTG,7,0.05,0.8,0.15,7
GCGGGTTCACGCTTTC,3,0.05,0.8,0.15,7
GCGGGTTCAGGGTACA,2,0.05,0.8,0.15,7
GCGGGTTGTACCCAAT,7,0.05,0.8,0.15,7
GCGGGTTGTCCGTTAA,3,0.05,0.8,0.15,7
GCGGGTTGTCTCTTAT,4,0.05,0.8,0.15,7
GCGGGTTGTGTTGAGG,1,0.05,0.8,0.15,7
GCGGGTTGTTGCGTTA,1,0.05,0.8,0.15,7
GCGGGTTTCACTGGGC,3,0.05,0.8,0.15,7
GCGGGTTTCCACGTTC,6,0.05,0.8,0.15,7
GCGGGTTTCGTAGGTT,2,0.05,0.8,0.15,7
GCGGGTTTCTGCAAGT,7,0.05,0.8,0.15,7
GCTCCTAAGAGTCTGG,4,0.05,0.8,0.15,7
GCTCCTAAGCGTAGTG,5,0.05,0.8,0.15,7
GCTCCTAAGGCGCTCT,1,0.05,0.8,0.15,7
GCTCCTAAGGTGATAT,1000,0.05,0.8,0.15,7
GCTCCTACAGCCTTGG,3,0.05,0.8,0.15,7
GCTCCTAGTCGCGGTT,1000,0.05,0.8,0.15,7
GCTCCTAGTCTGATCA,8,0.05,0.8,0.15,7
GCTCCTAGTCTGCAAT,1,0.05,0.8,0.15,7
GCTCCTATCGCCAAAT,3,0.05,0.8,0.15,7
GCTCCTATCTACCTGC,2,0.05,0.8,0.15,7
GCTCTGTAGGGCTCTC,7,0.05,0.8,0.15,7
GCTCTGTAGGTGCTAG,7,0.05,0.8,0.15,7
GCTCTGTCATGCCTTC,7,0.05,0.8,0.15,7
GCTCTGTGTCTCATCC,7,0.05,0.8,0.15,7
GCTCTGTTCAGAGACG,5,0.05,0.8,0.15,7
GCTCTGTTCTCTAGGA,0,0.05,0.8,0.15,7
GCTGCAGAGAGAGCTC,1000,0.05,0.8,0.15,7
GCTGCAGAGGTAGCTG,4,0.05,0.8,0.15,7
GCTGCAGCACACAGAG,1000,0.05,0.8,0.15,7
GCTGCAGGTCCTAGCG,6,0.05,0.8,0.15,7
GCTGCGAAGATTACCC,1,0.05,0.8,0.15,7
GCTGCGAAGCACGCCT,5,0.05,0.8,0.15,7
GCTGCGAAGGAGTAGA,1000,0.05,0.8,0.15,7
GCTGCGAAGTACACCT,7,0.05,0.8,0.15,7
GCTGCGACACGTCAGC,1,0.05,0.8,0.15,7
GCTGCGAGTTCCCGAG,4,0.05,0.8,0.15,7
GCTGCGATCCTACAGA,7,0.05,0.8,0.15,7
GCTGCGATCTCCGGTT,1000,0.05,0.8,0.15,7
GCTGCTTAGCGTTTAC,1,0.05,0.8,0.15,7
GCTGCTTAGTTAGGTA,4,0.05,0.8,0.15,7
GCTGCTTCAACCGCCA,7,0.05,0.8,0.15,7
GCTGCTTCAGGGTACA,1000,0.05,0.8,0.15,7
GCTGCTTGTCACTTCC,1,0.05,0.8,0.15,7
GCTGCTTGTGCCTGCA,1000,0.05,0.8,0.15,7
GCTGCTTGTGTAATGA,3,0.05,0.8,0.15,7
GCTGCTTTCACGCGGT,6,0.05,0.8,0.15,7
GCTGCTTTCAGAGCTT,1,0.05,0.8,0.15,7
GCTGCTTTCATTGCCC,2,0.05,0.8,0.15,7
GCTGCTTTCCCGGATG,5,0.05,0.8,0.15,7
GCTGCTTTCTAACTCT,5,0.05,0.8,0.15,7
GCTGCTTTCTGCCCTA,4,0.05,0.8,0.15,7
GCTGGGTCAAACAACA,4,0.05,0.8,0.15,7
GCTGGGTCAAGTTAAG,8,0.05,0.8,0.15,7
GCTGGGTCACGTCTCT,4,0.05,0.8,0.15,7
GCTGGGTGTGACGCCT,1,0.05,0.8,0.15,7
GCTGGGTGTGCAACTT,1,0.05,0.8,0.15,7
GCTGGGTGTTGAGGTG,7,0.05,0.8,0.15,7
GCTGGGTTCCAAATGC,2,0.05,0.8,0.15,7
GCTGGGTTCCGTAGTA,3,0.05,0.8,0.15,7
GCTTCCAAGCCGCCTA,8,0.05,0.8,0.15,7
GCTTCCAAGCTACCGC,7,0.05,0.8,0.15,7
GCTTCCACAAACTGCT,5,0.05,0.8,0.15,7
GCTTCCACAGACTCGC,7,0.05,0.8,0.15,7
GCTTCCACATAGACTC,1,0.05,0.8,0.15,7
GCTTCCAGTAAACGCG,2,0.05,0.8,0.15,7
GCTTCCAGTCAAGCGA,1,0.05,0.8,0.15,7
GCTTCCAGTCTCATCC,2,0.05,0.8,0.15,7
GCTTCCAGTGCATCTA,5,0.05,0.8,0.15,7
GCTTCCATCCTTTACA,4,0.05,0.8,0.15,7
GCTTGAAAGACAAGCC,8,0.05,0.8,0.15,7
GCTTGAAAGCATCATC,1000,0.05,0.8,0.15,7
GCTTGAAAGCCACGCT,8,0.05,0.8,0.15,7
GCTTGAAAGTCACGCC,2,0.05,0.8,0.15,7
GCTTGAAAGTTCCACA,6,0.05,0.8,0.15,7
GCTTGAACACCAGGTC,3,0.05,0.8,0.15,7
GCTTGAACAGACTCGC,1,0.05,0.8,0.15,7
GCTTGAAGTCTGCCAG,4,0.05,0.8,0.15,7
GCTTGAAGTTCGTTGA,7,0.05,0.8,0.15,7
GCTTGAAGTTTGGCGC,6,0.05,0.8,0.15,7
GCTTGAATCCCTCTTT,4,0.05,0.8,0.15,7
GCTTGAATCCTTTACA,3,0.05,0.8,0.15,7
GCTTGAATCGGCGGTT,6,0.05,0.8,0.15,7
GCTTGAATCTTTAGGG,8,0.05,0.8,0.15,7
GCTTGAATCTTTCCTC,7,0.05,0.8,0.15,7
GGAAAGCAGAGACTAT,1000,0.05,0.8,0.15,7
GGAAAGCAGCCTCGTG,4,0.05,0.8,0.15,7
GGAAAGCAGTCCCACG,4,0.05,0.8,0.15,7
GGAAAGCAGTGAAGTT,6,0.05,0.8,0.15,7
GGAAAGCCACACCGAC,4,0.05,0.8,0.15,7
GGAAAGCCACCAGGTC,2,0.05,0.8,0.15,7
GGAAAGCCACTTACGA,0,0.05,0.8,0.15,7
GGAAAGCGTAAGGGCT,6,0.05,0.8,0.15,7
GGAAAGCGTCCGAACC,4,0.05,0.8,0.15,7
GGAAAGCGTCTTCGTC,7,0.05,0.8,0.15,7
GGAAAGCTCACCAGGC,6,0.05,0.8,0.15,7
GGAAAGCTCCGCAAGC,6,0.05,0.8,0.15,7
GGAAAGCTCGCGTTTC,1,0.05,0.8,0.15,7
GGAAAGCTCTTTCCTC,8,0.05,0.8,0.15,7
GGAACTTAGGAGTCTG,1,0.05,0.8,0.15,7
GGAACTTCACCCATTC,8,0.05,0.8,0.15,7
GGAACTTCAGCTGCTG,7,0.05,0.8,0.15,7
GGAACTTCATACTACG,7,0.05,0.8,0.15,7
GGAACTTGTCGCATCG,3,0.05,0.8,0.15,7
GGAACTTGTGAAGGCT,3,0.05,0.8,0.15,7
GGAACTTGTTGAGGTG,1,0.05,0.8,0.15,7
GGAACTTTCACTCTTA,5,0.05,0.8,0.15,7
GGAACTTTCAGAAATG,8,0.05,0.8,0.15,7
GGAACTTTCAGCAACT,2,0.05,0.8,0.15,7
GGAACTTTCCGATATG,7,0.05,0.8,0.15,7
GGAATAAAGCCATCGC,7,0.05,0.8,0.15,7
GGAATAAAGCGTTCCG,2,0.05,0.8,0.15,7
GGAATAAAGTCATGCT,8,0.05,0.8,0.15,7
GGAATAAAGTCTCCTC,8,0.05,0.8,0.15,7
GGAATAACAATAACGA,8,0.05,0.8,0.15,7
GGAATAACAGGGAGAG,2,0.05,0.8,0.15,7
GGAATAAGTACCAGTT,3,0.05,0.8,0.15,7
GGAATAAGTATATGGA,6,0.05,0.8,0.15,7
GGAATAAGTCACTGGC,2,0.05,0.8,0.15,7
GGAATAAGTCAGCTAT,8,0.05,0.8,0.15,7
GGAATAAGTCGTCTTC,2,0.05,0.8,0.15,7
GGAATAATCAACTCTT,3,0.05,0.8,0.15,7
GGAATAATCAGATAAG,8,0.05,0.8,0.15,7
GGAATAATCTGTCAAG,1000,0.05,0.8,0.15,7
GGACAAGAGAATCTCC,1000,0.05,0.8,0.15,7
GGACAAGAGTTGCAGG,8,0.05,0.8,0.15,7
GGACAAGCACTTACGA,3,0.05,0.8,0.15,7
GGACAAGCATAGACTC,6,0.05,0.8,0.15,7
GGACAAGGTCTAGTCA,1,0.05,0.8,0.15,7
GGACAAGGTGGGTATG,3,0.05,0.8,0.15,7
GGACAAGGTGGTAACG,2,0.05,0.8,0.15,7
GGACAAGGTGTGAAAT,8,0.05,0.8,0.15,7
GGACAAGGTTACGACT,5,0.05,0.8,0.15,7
GGACAAGTCATCTGTT,1,0.05,0.8,0.15,7
GGACAAGTCTTAACCT,1000,0.05,0.8,0.15,7
GGACAGAAGAACAATC,6,0.05,0.8,0.15,7
GGACAGAAGAGTGAGA,1000,0.05,0.8,0.15,7
GGACAGAAGATCCCGC,2,0.05,0.8,0.15,7
GGACAGAAGCGCCTCA,4,0.05,0.8,0.15,7
GGACAGAAGCTCAACT,5,0.05,0.8,0.15,7
GGACAGACAATAGAGT,4,0.05,0.8,0.15,7
GGACAGACACTTAACG,5,0.05,0.8,0.15,7
GGACAGACATCACAAC,7,0.05,0.8,0.15,7
GGACAGAGTACAGACG,8,0.05,0.8,0.15,7
GGACAGAGTAGGACAC,3,0.05,0.8,0.15,7
GGACAGAGTATAGGTA,2,0.05,0.8,0.15,7
GGACAGAGTCTCTCGT,2,0.05,0.8,0.15,7
GGACAGAGTGCCTGGT,4,0.05,0.8,0.15,7
GGACAGAGTTTGTGTG,3,0.05,0.8,0.15,7
GGACAGATCGTCCAGG,3,0.05,0.8,0.15,7
GGACAGATCGTTTATC,1,0.05,0.8,0.15,7
GGACATTAGCCACTAT,1,0.05,0.8,0.15,7
GGACATTAGTACATGA,5,0.05,0.8,0.15,7
GGACATTAGTTAGCGG,8,0.05,0.8,0.15,7
GGACATTCACGACGAA,1000,0.05,0.8,0.15,7
GGACATTCAGGTCCAC,7,0.05,0.8,0.15,7
GGACATTGTAGAAGGA,4,0.05,0.8,0.15,7
GGACATTGTAGGGTAC,5,0.05,0.8,0.15,7
GGACATTGTCGCGTGT,1,0.05,0.8,0.15,7
GGACATTGTGCGCTTG,3,0.05,0.8,0.15,7
GGACATTGTGTTAAGA,2,0.05,0.8,0.15,7
GGACATTGTTATCGGT,3,0.05,0.8,0.15,7
GGACATTTCCACGTGG,1,0.05,0.8,0.15,7
GGACATTTCGGAAATA,2,0.05,0.8,0.15,7
GGACGTCAGAAGATTC,6,0.05,0.8,0.15,7
GGACGTCAGCCGTCGT,5,0.05,0.8,0.15,7
GGACGTCAGTACGTAA,5,0.05,0.8,0.15,7
GGACGTCCAAAGTGCG,6,0.05,0.8,0.15,7
GGACGTCCAAGCGTAG,1000,0.05,0.8,0.15,7
GGACGTCCACTATCTT,6,0.05,0.8,0.15,7
GGACGTCCACTCTGTC,7,0.05,0.8,0.15,7
GGACGTCGTACAGACG,1000,0.05,0.8,0.15,7
GGACGTCGTTCATGGT,4,0.05,0.8,0.15,7
GGACGTCTCAGGCAAG,2,0.05,0.8,0.15,7
GGACGTCTCGTAGATC,7,0.05,0.8,0.15,7
GGACGTCTCGTCTGAA,1,0.05,0.8,0.15,7
GGACGTCTCTGGTGTA,6,0.05,0.8,0.15,7
GGAGCAAAGAGTCGGT,1,0.05,0.8,0.15,7
GGAGCAAAGTAGCGGT,1,0.05,0.8,0.15,7
GGAGCAAAGTGAACGC,4,0.05,0.8,0.15,7
GGAGCAAAGTGGGCTA,3,0.05,0.8,0.15,7
GGAGCAACACACTGCG,2,0.05,0.8,0.15,7
GGAGCAACAGTATAAG,7,0.05,0.8,0.15,7
GGAGCAAGTCAACTGT,8,0.05,0.8,0.15,7
GGAGCAAGTCCAACTA,1,0.05,0.8,0.15,7
GGAGCAATCGAACGGA,8,0.05,0.8,0.15,7
GGATGTTAGAATTGTG,5,0.05,0.8,0.15,7
GGATGTTAGCTAACTC,7,0.05,0.8,0.15,7
GGATGTTAGGCTCTTA,1,0.05,0.8,0.15,7
GGATGTTCAAGCCCAC,2,0.05,0.8,0.15,7
GGATGTTGTATATCCG,1000,0.05,0.8,0.15,7
GGATGTTGTATTCGTG,3,0.05,0.8,0.15,7
GGATGTTGTCCAACTA,7,0.05,0.8,0.15,7
GGATGTTTCGCGGATC,3,0.05,0.8,0.15,7
GGATTACAGACAGAGA,5,0.05,0.8,0.15,7
GGATTACAGAGACTAT,1,0.05,0.8,0.15,7
GGATTACAGCCCAATT,7,0.05,0.8,0.15,7
GGATTACAGTGCCAGA,3,0.05,0.8,0.15,7
GGATTACCAAGCGCTC,8,0.05,0.8,0.15,7
GGATTACCACTTGGAT,1,0.05,0.8,0.15,7
GGATTACCAGACACTT,2,0.05,0.8,0.15,7
GGATTACCATCCCATC,8,0.05,0.8,0.15,7
GGATTACCATCTACGA,1,0.05,0.8,0.15,7
GGATTACGTAGGACAC,7,0.05,0.8,0.15,7
GGATTACGTGTGTGCC,8,0.05,0.8,0.15,7
GGATTACTCAAAGACA,2,0.05,0.8,0.15,7
GGATTACTCATGTAGC,3,0.05,0.8,0.15,7
GGCAATTAGACCACGA,4,0.05,0.8,0.15,7
GGCAATTAGAGTCGGT,5,0.05,0.8,0.15,7
GGCAATTAGATGCCAG,4,0.05,0.8,0.15,7
GGCAATTAGTACACCT,2,0.05,0.8,0.15,7
GGCAATTAGTACGCCC,8,0.05,0.8,0.15,7
GGCAATTAGTTGAGTA,7,0.05,0.8,0.15,7
GGCAATTCAATAGCAA,8,0.05,0.8,0.15,7
GGCAATTCACCCATGG,1,0.05,0.8,0.15,7
GGCAATTCAGCATGAG,8,0.05,0.8,0.15,7
GGCAATTCATAGTAAG,1,0.05,0.8,0.15,7
GGCAATTCATGTCCTC,2,0.05,0.8,0.15,7
GGCAATTCATTAACCG,4,0.05,0.8,0.15,7
GGCAATTGTACCGTTA,6,0.05,0.8,0.15,7
GGCAATTGTCACACGC,4,0.05,0.8,0.15,7
GGCAATTGTCAGGACA,1000,0.05,0.8,0.15,7
GGCAATTGTGCGCTTG,8,0.05,0.8,0.15,7
GGCAATTGTTCGTGAT,5,0.05,0.8,0.15,7
GGCAATTGTTGAGTTC,3,0.05,0.8,0.15,7
GGCAATTTCATTGCGA,1,0.05,0.8,0.15,7
GGCAATTTCCAGTAGT,0,0.05,0.8,0.15,7
GGCAATTTCCCTCAGT,1,0.05,0.8,0.15,7
GGCCGATAGTATTGGA,7,0.05,0.8,0.15,7
GGCCGATCAAGCCATT,8,0.05,0.8,0.15,7
GGCCGATCAGCCTATA,5,0.05,0.8,0.15,7
GGCCGATCAGCGTCCA,4,0.05,0.8,0.15,7
GGCCGATCAGGGATTG,5,0.05,0.8,0.15,7
GGCCGATCATGGTTGT,4,0.05,0.8,0.15,7
GGCCGATGTACCGCTG,1,0.05,0.8,0.15,7
GGCCGATGTCGCATAT,2,0.05,0.8,0.15,7
GGCCGATGTGACTACT,7,0.05,0.8,0.15,7
GGCCGATGTTACCAGT,8,0.05,0.8,0.15,7
GGCCGATGTTTGGGCC,5,0.05,0.8,0.15,7
GGCCGATTCTTCCTTC,8,0.05,0.8,0.15,7
GGCCGATTCTTGTATC,3,0.05,0.8,0.15,7
GGCGACTAGACACTAA,7,0.05,0.8,0.15,7
GGCGACTAGACAGACC,1000,0.05,0.8,0.15,7
GGCGACTAGTGAACAT,3,0.05,0.8,0.15,7
GGCGACTCAAAGGCGT,8,0.05,0.8,0.15,7
GGCGACTCAAGCTGTT,8,0.05,0.8,0.15,7
GGCGACTCAAGTACCT,8,0.05,0.8,0.15,7
GGCGACTCATACCATG,8,0.05,0.8,0.15,7
GGCGACTGTATGGTTC,6,0.05,0.8,0.15,7
GGCGACTGTTGAACTC,5,0.05,0.8,0.15,7
GGCGACTTCCACGTGG,4,0.05,0.8,0.15,7
GGCGTGTAGCTGTCTA,4,0.05,0.8,0.15,7
GGCGTGTAGTGATCGG,7,0.05,0.8,0.15,7
GGCGTGTCAACAACCT,2,0.05,0.8,0.15,7
GGCGTGTCACTTAACG,4,0.05,0.8,0.15,7
GGCGTGTCATTTCAGG,2,0.05,0.8,0.15,7
GGCGTGTGTACCGAGA,3,0.05,0.8,0.15,7
GGCGTGTGTCAGGACA,6,0.05,0.8,0.15,7
GGCGTGTGTTACCAGT,6,0.05,0.8,0.15,7
GGCGTGTGTTGGTAAA,3,0.05,0.8,0.15,7
GGCGTGTGTTTGTTGG,4,0.05,0.8,0.15,7
GGCGTGTTCCACTCCA,8,0.05,0.8,0.15,7
GGCGTGTTCCTTAATC,8,0.05,0.8,0.15,7
GGCTCGAAGAGCTATA,8,0.05,0.8,0.15,7
GGCTCGAAGTCCAGGA,1,0.05,0.8,0.15,7
GGCTCGACAATGGAAT,1000,0.05,0.8,0.15,7
GGCTCGACATTATCTC,4,0.05,0.8,0.15,7
GGCTCGAGTAATCGTC,0,0.05,0.8,0.15,7
GGCTCGAGTCTGATTG,1000,0.05,0.8,0.15,7
GGCTCGATCACCGGGT,7,0.05,0.8,0.15,7
GGCTCGATCACTTATC,8,0.05,0.8,0.15,7
GGCTCGATCCACGACG,3,0.05,0.8,0.15,7
GGCTCGATCTCGTTTA,1,0.05,0.8,0.15,7
GGCTGGTAGTACTTGC,5,0.05,0.8,0.15,7
GGCTGGTAGTGACTCT,4,0.05,0.8,0.15,7
GGCTGGTCACATCTTT,1,0.05,0.8,0.15,7
GGCTGGTGTAGCGTAG,4,0.05,0.8,0.15,7
GGCTGGTGTTCCGGCA,5,0.05,0.8,0.15,7
GGCTGGTGTTCGTTGA,6,0.05,0.8,0.15,7
GGCTGGTTCACGACTA,4,0.05,0.8,0.15,7
GGCTGGTTCCGCAAGC,3,0.05,0.8,0.15,7
GGCTGGTTCCGCTGTT,2,0.05,0.8,0.15,7
GGCTGGTTCGTACGGC,3,0.05,0.8,0.15,7
GGGAATGAGAATAGGG,4,0.05,0.8,0.15,7
GGGAATGAGCTATGCT,1000,0.05,0.8,0.15,7
GGGAATGAGTGGTAGC,4,0.05,0.8,0.15,7
GGGAATGAGTGTGAAT,4,0.05,0.8,0.15,7
GGGAATGCAATTCCTT,1,0.05,0.8,0.15,7
GGGAATGCAGTTTACG,2,0.05,0.8,0.15,7
GGGAATGCATCCGTGG,3,0.05,0.8,0.15,7
GGGAATGCATGGTTGT,6,0.05,0.8,0.15,7
GGGAATGCATTAACCG,8,0.05,0.8,0.15,7
GGGAATGCATTTCACT,5,0.05,0.8,0.15,7
GGGAATGTCCCTTGCA,5,0.05,0.8,0.15,7
GGGACCTAGACCACGA,1,0.05,0.8,0.15,7
GGGACCTAGACGCTTT,4,0.05,0.8,0.15,7
GGGACCTAGCAATCTC,3,0.05,0.8,0.15,7
GGGACCTAGGAGTACC,1,0.05,0.8,0.15,7
GGGACCTCACGGTAAG,8,0.05,0.8,0.15,7
GGGACCTCATGCTAGT,6,0.05,0.8,0.15,7
GGGACCTCATGGAATA,1000,0.05,0.8,0.15,7
GGGACCTTCACTCCTG,8,0.05,0.8,0.15,7
GGGACCTTCGGAAACG,6,0.05,0.8,0.15,7
GGGACCTTCTTTACAC,8,0.05,0.8,0.15,7
GGGAGATAGATGGCGT,5,0.05,0.8,0.15,7
GGGAGATAGTCAAGGC,4,0.05,0.8,0.15,7
GGGAGATCACCAGATT,3,0.05,0.8,0.15,7
GGGAGATCAGTATGCT,3,0.05,0.8,0.15,7
GGGAGATCATCCGTGG,6,0.05,0.8,0.15,7
GGGAGATGTAAGAGAG,1,0.05,0.8,0.15,7
GGGAGATGTACCATCA,8,0.05,0.8,0.15,7
GGGAGATGTGTGACCC,8,0.05,0.8,0.15,7
GGGAGATGTGTGCGTC,1,0.05,0.8,0.15,7
GGGAGATGTTGAGTTC,2,0.05,0.8,0.15,7
GGGAGATTCAGAAATG,2,0.05,0.8,0.15,7
GGGAGATTCCGTTGTC,3,0.05,0.8,0.15,7
GGGAGATTCTCCTATA,6,0.05,0.8,0.15,7
GGGAGATTCTTGACGA,2,0.05,0.8,0.15,7
GGGATGAAGATCTGAA,7,0.05,0.8,0.15,7
GGGATGAAGCGGATCA,7,0.05,0.8,0.15,7
GGGATGACACCAGTTA,5,0.05,0.8,0.15,7
GGGATGAGTCCGAATT,5,0.05,0.8,0.15,7
GGGATGAGTCTGCGGT,6,0.05,0.8,0.15,7
GGGATGAGTTCACCTC,3,0.05,0.8,0.15,7
GGGATGATCACCCTCA,7,0.05,0.8,0.15,7
GGGATGATCACGATGT,2,0.05,0.8,0.15,7
GGGATGATCGTGTAGT,1000,0.05,0.8,0.15,7
GGGATGATCTGTACGA,6,0.05,0.8,0.15,7
GGGCACTAGGTAGCCA,8,0.05,0.8,0.15,7
GGGCACTAGTCCTCCT,3,0.05,0.8,0.15,7
GGGCACTCACTGTCGG,1,0.05,0.8,0.15,7
GGGCACTCAGGGTATG,1,0.05,0.8,0.15,7
GGGCACTCAGTTTACG,7,0.05,0.8,0.15,7
GGGCACTCATCCCACT,8,0.05,0.8,0.15,7
GGGCACTCATTACCTT,7,0.05,0.8,0.15,7
GGGCACTGTCGTGGCT,1000,0.05,0.8,0.15,7
GGGCACTGTCTAGAGG,2,0.05,0.8,0.15,7
GGGCACTTCCACGACG,1,0.05,0.8,0.15,7
GGGCACTTCTAACTCT,1000,0.05,0.8,0.15,7
GGGCACTTCTCACATT,1000,0.05,0.8,0.15,7
GGGCATCAGAATCTCC,4,0.05,0.8,0.15,7
GGGCATCAGCCACCTG,5,0.05,0.8,0.15,7
GGGCATCAGCGGCTTC,4,0.05,0.8,0.15,7
GGGCATCAGCTAAACA,4,0.05,0.8,0.15,7
GGGCATCAGTCATCCA,5,0.05,0.8,0.15,7
GGGCATCCACATTAGC,7,0.05,0.8,0.15,7
GGGCATCCAGTATGCT,3,0.05,0.8,0.15,7
GGGCATCCATCCCACT,4,0.05,0.8,0.15,7
GGGCATCCATCGATGT,2,0.05,0.8,0.15,7
GGGCATCGTAGAGCTG,4,0.05,0.8,0.15,7
GGGCATCGTCAGAATA,7,0.05,0.8,0.15,7
GGGCATCGTGCATCTA,7,0.05,0.8,0.15,7
GGGCATCGTTCGAATC,4,0.05,0.8,0.15,7
GGGCATCTCAAGGCTT,5,0.05,0.8,0.15,7
GGGCATCTCAGCGATT,8,0.05,0.8,0.15,7
GGGCATCTCTGTTTGT,1,0.05,0.8,0.15,7
GGGTCTGAGCACGCCT,2,0.05,0.8,0.15,7
GGGTCTGAGGAGTCTG,6,0.05,0.8,0.15,7
GGGTCTGAGTCATCCA,4,0.05,0.8,0.15,7
GGGTCTGCAATACGCT,6,0.05,0.8,0.15,7
GGGTCTGCAGGAATCG,8,0.05,0.8,0.15,7
GGGTCTGGTATGAAAC,2,0.05,0.8,0.15,7
GGGTCTGGTCATCCCT,2,0.05,0.8,0.15,7
GGGTCTGGTCGCATCG,6,0.05,0.8,0.15,7
GGGTCTGTCACTTATC,4,0.05,0.8,0.15,7
GGGTCTGTCAGCTGGC,4,0.05,0.8,0.15,7
GGGTCTGTCATGCTCC,4,0.05,0.8,0.15,7
GGGTCTGTCCAGAAGG,7,0.05,0.8,0.15,7
GGGTCTGTCCTACAGA,1000,0.05,0.8,0.15,7
GGGTCTGTCTCGAGTA,5,0.05,0.8,0.15,7
GGGTCTGTCTGTTTGT,6,0.05,0.8,0.15,7
GGGTTGCAGAGTACCG,2,0.05,0.8,0.15,7
GGGTTGCAGCTCAACT,5,0.05,0.8,0.15,7
GGGTTGCCACGCTTTC,5,0.05,0.8,0.15,7
GGGTTGCGTATCACCA,7,0.05,0.8,0.15,7
GGGTTGCGTCAAGCGA,2,0.05,0.8,0.15,7
GGGTTGCGTGCAGGTA,4,0.05,0.8,0.15,7
GGGTTGCGTTCCTCCA,1,0.05,0.8,0.15,7
GGTATTGAGATGTTAG,1,0.05,0.8,0.15,7
GGTATTGAGGACTGGT,1,0.05,0.8,0.15,7
GGTATTGCAGGGAGAG,1000,0.05,0.8,0.15,7
GGTATTGCAGTCAGCC,4,0.05,0.8,0.15,7
GGTATTGGTAGAGTGC,1000,0.05,0.8,0.15,7
GGTATTGGTCACAAGG,4,0.05,0.8,0.15,7
GGTATTGGTCAGAATA,5,0.05,0.8,0.15,7
GGTATTGGTGGTCTCG,8,0.05,0.8,0.15,7
GGTATTGTCACCGGGT,5,0.05,0.8,0.15,7
GGTGAAGAGATCTGAA,2,0.05,0.8,0.15,7
GGTGAAGAGATGGCGT,1,0.05,0.8,0.15,7
GGTGAAGAGCATCATC,4,0.05,0.8,0.15,7
GGTGAAGAGCGAAGGG,3,0.05,0.8,0.15,7
GGTGAAGAGTTAAGTG,3,0.05,0.8,0.15,7
GGTGAAGCAAGGACTG,2,0.05,0.8,0.15,7
GGTGAAGCACATCCGG,5,0.05,0.8,0.15,7
GGTGAAGCAGTCCTTC,7,0.05,0.8,0.15,7
GGTGAAGCATCCCATC,3,0.05,0.8,0.15,7
GGTGAAGGTAATAGCA,2,0.05,0.8,0.15,7
GGTGCGTAGCCCAATT,7,0.05,0.8,0.15,7
GGTGCGTAGCCTATGT,1,0.05,0.8,0.15,7
GGTGCGTCAATCTGCA,1,0.05,0.8,0.15,7
GGTGCGTCACGCATCG,6,0.05,0.8,0.15,7
GGTGCGTCAGCTGCAC,2,0.05,0.8,0.15,7
GGTGCGTCATGGTAGG,1,0.05,0.8,0.15,7
GGTGCGTGTAGCTCCG,6,0.05,0.8,0.15,7
GGTGCGTGTGTATGGG,2,0.05,0.8,0.15,7
GGTGCGTTCAGTGTTG,1,0.05,0.8,0.15,7
GGTGCGTTCCAAACAC,1000,0.05,0.8,0.15,7
GGTGCGTTCGGCATCG,7,0.05,0.8,0.15,7
GGTGTTAAGATCTGCT,5,0.05,0.8,0.15,7
GGTGTTAAGGTCGGAT,1000,0.05,0.8,0.15,7
GGTGTTAGTACTTGAC,2,0.05,0.8,0.15,7
GGTGTTAGTCTCAACA,6,0.05,0.8,0.15,7
GGTGTTAGTGATAAGT,3,0.05,0.8,0.15,7
GTAACGTAGCATCATC,7,0.05,0.8,0.15,7
GTAACGTAGTGAATTG,4,0.05,0.8,0.15,7
GTAACGTAGTTGTCGT,3,0.05,0.8,0.15,7
GTAACGTCAATGGAGC,7,0.05,0.8,0.15,7
GTAACGTCACCTCGTT,1000,0.05,0.8,0.15,7
GTAACGTCACGTCAGC,7,0.05,0.8,0.15,7
GTAACGTCAGGTGCCT,6,0.05,0.8,0.15,7
GTAACGTCAGTGGGAT,2,0.05,0.8,0.15,7
GTAACGTGTAAAGGAG,4,0.05,0.8,0.15,7
GTAACGTTCTGGCGTG,6,0.05,0.8,0.15,7
GTAACGTTCTTCAACT,4,0.05,0.8,0.15,7
GTAACTGAGAGTTGGC,1,0.05,0.8,0.15,7
GTAACTGAGATGTAAC,5,0.05,0.8,0.15,7
GTAACTGAGCAGACTG,6,0.05,0.8,0.15,7
GTAACTGAGGAGTTTA,2,0.05,0.8,0.15,7
GTAACTGAGGATATAC,3,0.05,0.8,0.15,7
GTAACTGCAAGTCTAC,1,0.05,0.8,0.15,7
GTAACTGGTAAGTGGC,8,0.05,0.8,0.15,7
GTAACTGGTCGGGTCT,1,0.05,0.8,0.15,7
GTAACTGGTTCTGGTA,5,0.05,0.8,0.15,7
GTAACTGGTTGCCTCT,8,0.05,0.8,0.15,7
GTAACTGTCCTAGTGA,3,0.05,0.8,0.15,7
GTAACTGTCCTTGGTC,7,0.05,0.8,0.15,7
GTACGTAAGACAGGCT,8,0.05,0.8,0.15,7
GTACGTAAGGGAACGG,4,0.05,0.8,0.15,7
GTACGTAAGGTTCCTA,7,0.05,0.8,0.15,7
GTACGTAAGTGGTAAT,4,0.05,0.8,0.15,7
GTACGTACACGAAACG,2,0.05,0.8,0.15,7
GTACGTACATCTGGTA,7,0.05,0.8,0.15,7
GTACGTATCAACCATG,6,0.05,0.8,0.15,7
GTACGTATCATGCATG,4,0.05,0.8,0.15,7
GTACGTATCTGCGACG,4,0.05,0.8,0.15,7
GTACTCCAGAACAACT,4,0.05,0.8,0.15,7
GTACTCCAGAGGACGG,8,0.05,0.8,0.15,7
GTACTCCAGATCCCGC,5,0.05,0.8,0.15,7
GTACTCCAGGACAGAA,1,0.05,0.8,0.15,7
GTACTCCAGGTGTGGT,5,0.05,0.8,0.15,7
GTACTCCCATCTGGTA,5,0.05,0.8,0.15,7
GTACTCCGTTTAGCTG,0,0.05,0.8,0.15,7
GTACTCCGTTTCCACC,3,0.05,0.8,0.15,7
GTACTCCTCAGAGACG,1,0.05,0.8,0.15,7
GTACTCCTCATCTGCC,6,0.05,0.8,0.15,7
GTACTCCTCCCAGGTG,4,0.05,0.8,0.15,7
GTACTCCTCTGGAGCC,5,0.05,0.8,0.15,7
GTACTTTAGAATGTGT,5,0.05,0.8,0.15,7
GTACTTTAGAGGTAGA,6,0.05,0.8,0.15,7
GTACTTTGTCAGGACA,3,0.05,0.8,0.15,7
GTACTTTGTCGAACAG,1,0.05,0.8,0.15,7
GTACTTTGTCTGATCA,7,0.05,0.8,0.15,7
GTACTTTGTGAAGGCT,1,0.05,0.8,0.15,7
GTACTTTTCAGCACAT,5,0.05,0.8,0.15,7
GTAGGCCAGAATTGTG,7,0.05,0.8,0.15,7
GTAGGCCAGTACGTTC,8,0.05,0.8,0.15,7
GTAGGCCCAAACGCGA,8,0.05,0.8,0.15,7
GTAGGCCCACATGGGA,1000,0.05,0.8,0.15,7
GTAGGCCCAGTTCATG,2,0.05,0.8,0.15,7
GTAGGCCCATACCATG,4,0.05,0.8,0.15,7
GTAGGCCCATCCCACT,3,0.05,0.8,0.15,7
GTAGGCCCATCGGACC,2,0.05,0.8,0.15,7
GTAGGCCGTGGGTCAA,5,0.05,0.8,0.15,7
GTAGGCCGTGTTCGAT,5,0.05,0.8,0.15,7
GTAGGCCGTTCTGTTT,6,0.05,0.8,0.15,7
GTAGGCCTCACAAACC,3,0.05,0.8,0.15,7
GTAGGCCTCACCGTAA,1,0.05,0.8,0.15,7
GTAGGCCTCAGAGCTT,1000,0.05,0.8,0.15,7
GTAGGCCTCATGTCTT,5,0.05,0.8,0.15,7
GTAGGCCTCGCTTAGA,1,0.05,0.8,0.15,7
GTAGGCCTCTGTACGA,5,0.05,0.8,0.15,7
GTAGGCCTCTTACCGC,7,0.05,0.8,0.15,7
GTAGTCAAGCCACCTG,5,0.05,0.8,0.15,7
GTAGTCACAAACGCGA,1,0.05,0.8,0.15,7
GTAGTCACAATGTAAG,1000,0.05,0.8,0.15,7
GTAGTCACACATCCAA,8,0.05,0.8,0.15,7
GTAGTCACACGGTAGA,7,0.05,0.8,0.15,7
GTAGTCACAGACAAAT,7,0.05,0.8,0.15,7
GTAGTCACAGGACGTA,7,0.05,0.8,0.15,7
GTAGTCACATAGTAAG,1,0.05,0.8,0.15,7
GTAGTCAGTAAGGGCT,5,0.05,0.8,0.15,7
GTAGTCAGTGGTTTCA,1,0.05,0.8,0.15,7
GTAGTCATCAACGGGA,0,0.05,0.8,0.15,7
GTAGTCATCCCAAGAT,1,0.05,0.8,0.15,7
GTAGTCATCGGAAACG,8,0.05,0.8,0.15,7
GTAGTCATCTTGTCAT,3,0.05,0.8,0.15,7
GTATCTTAGAGTGAGA,1,0.05,0.8,0.15,7
GTATCTTAGCGACGTA,1,0.05,0.8,0.15,7
GTATCTTAGGACCACA,6,0.05,0.8,0.15,7
GTATCTTCAAATCCGT,2,0.05,0.8,0.15,7
GTATCTTCACACGCTG,1,0.05,0.8,0.15,7
GTATCTTGTACTCAAC,2,0.05,0.8,0.15,7
GTATCTTGTAGGCATG,4,0.05,0.8,0.15,7
GTATCTTGTTCCCGAG,7,0.05,0.8,0.15,7
GTATCTTGTTGAGTTC,7,0.05,0.8,0.15,7
GTATCTTTCACGAAGG,7,0.05,0.8,0.15,7
GTATCTTTCCACTCCA,1,0.05,0.8,0.15,7
GTATCTTTCCGCGGTA,5,0.05,0.8,0.15,7
GTATCTTTCCGTAGGC,7,0.05,0.8,0.15,7
GTATCTTTCCTAGGGC,5,0.05,0.8,0.15,7
GTATCTTTCTCGTTTA,3,0.05,0.8,0.15,7
GTATTCTAGAGGACGG,2,0.05,0.8,0.15,7
GTATTCTAGTGAACGC,5,0.05,0.8,0.15,7
GTATTCTCAATAAGCA,6,0.05,0.8,0.15,7
GTATTCTCAGATGGCA,3,0.05,0.8,0.15,7
GTATTCTCAGTCCTTC,8,0.05,0.8,0.15,7
GTATTCTCATCAGTCA,8,0.05,0.8,0.15,7
GTATTCTGTAGGCTGA,1000,0.05,0.8,0.15,7
GTATTCTGTATTCGTG,7,0.05,0.8,0.15,7
GTATTCTGTGTCAATC,8,0.05,0.8,0.15,7
GTATTCTGTTCCAACA,1,0.05,0.8,0.15,7
GTATTCTGTTTGTTTC,5,0.05,0.8,0.15,7
GTATTCTTCAACCAAC,5,0.05,0.8,0.15,7
GTATTCTTCAGTTTGG,5,0.05,0.8,0.15,7
GTATTCTTCCTTCAAT,8,0.05,0.8,0.15,7
GTATTCTTCGAGGTAG,2,0.05,0.8,0.15,7
GTCAAGTAGATGGCGT,6,0.05,0.8,0.15,7
GTCAAGTAGGTGCACA,4,0.05,0.8,0.15,7
GTCAAGTCAATCACAC,2,0.05,0.8,0.15,7
GTCAAGTCAATCAGAA,7,0.05,0.8,0.15,7
GTCAAGTCACGGATAG,3,0.05,0.8,0.15,7
GTCAAGTCAGGAATGC,8,0.05,0.8,0.15,7
GTCAAGTCAGGATTGG,3,0.05,0.8,0.15,7
GTCAAGTCATGTCGAT,8,0.05,0.8,0.15,7
GTCAAGTGTAGCTCCG,4,0.05,0.8,0.15,7
GTCAAGTGTTACCAGT,1,0.05,0.8,0.15,7
GTCAAGTTCGCGCCAA,6,0.05,0.8,0.15,7
GTCAAGTTCTTTACAC,4,0.05,0.8,0.15,7
GTCACAAAGAGTAATC,8,0.05,0.8,0.15,7
GTCACAAAGCGATTCT,8,0.05,0.8,0.15,7
GTCACAAAGTCGCCGT,1,0.05,0.8,0.15,7
GTCACAACACATTAGC,7,0.05,0.8,0.15,7
GTCACAACACCGGAAA,7,0.05,0.8,0.15,7
GTCACAAGTATGAAAC,1000,0.05,0.8,0.15,7
GTCACAATCCCATTAT,4,0.05,0.8,0.15,7
GTCACAATCCTCAACC,3,0.05,0.8,0.15,7
GTCACAATCGGACAAG,2,0.05,0.8,0.15,7
GTCACAATCTCTTATG,1,0.05,0.8,0.15,7
GTCACAATCTTTCCTC,5,0.05,0.8,0.15,7
GTCACGGAGCCGGTAA,7,0.05,0.8,0.15,7
GTCACGGCACAGCCCA,1000,0.05,0.8,0.15,7
GTCACGGCATCGGTTA,1,0.05,0.8,0.15,7
GTCACGGCATCTACGA,2,0.05,0.8,0.15,7
GTCACGGGTAGCAAAT,3,0.05,0.8,0.15,7
GTCACGGGTCATATCG,2,0.05,0.8,0.15,7
GTCACGGGTCCGAATT,5,0.05,0.8,0.15,7
GTCACGGTCGGCGCAT,7,0.05,0.8,0.15,7
GTCATTTAGCTGATAA,1,0.05,0.8,0.15,7
GTCATTTAGGACAGAA,8,0.05,0.8,0.15,7
GTCATTTCAAACGTGG,6,0.05,0.8,0.15,7
GTCATTTCAATAGCAA,4,0.05,0.8,0.15,7
GTCATTTCACAGGCCT,7,0.05,0.8,0.15,7
GTCATTTCACGAAATA,1,0.05,0.8,0.15,7
GTCATTTCACTCAGGC,8,0.05,0.8,0.15,7
GTCATTTCAGCGTAAG,4,0.05,0.8,0.15,7
GTCATTTCATCGATGT,3,0.05,0.8,0.15,7
GTCATTTGTAGCACGA,8,0.05,0.8,0.15,7
GTCATTTGTCATTAGC,6,0.05,0.8,0.15,7
GTCATTTGTTTCGCTC,2,0.05,0.8,0.15,7
GTCATTTTCAACGCTA,6,0.05,0.8,0.15,7
GTCATTTTCCCTTGTG,8,0.05,0.8,0.15,7
GTCATTTTCGAGAGCA,2,0.05,0.8,0.15,7
GTCATTTTCGTAGGAG,1,0.05,0.8,0.15,7
GTCCTCACAGATGAGC,7,0.05,0.8,0.15,7
GTCCTCAGTAATAGCA,4,0.05,0.8,0.15,7
GTCCTCAGTATATGAG,5,0.05,0.8,0.15,7
GTCCTCAGTTGATTCG,6,0.05,0.8,0.15,7
GTCCTCATCCCGACTT,4,0.05,0.8,0.15,7
GTCCTCATCTGTCAAG,4,0.05,0.8,0.15,7
GTCCTCATCTTACCGC,1,0.05,0.8,0.15,7
GTCGGGTAGGCAGTCA,5,0.05,0.8,0.15,7
GTCGGGTAGGCTCAGA,3,0.05,0.8,0.15,7
GTCGGGTCAAGAGTCG,4,0.05,0.8,0.15,7
GTCGGGTCACCAGGTC,1000,0.05,0.8,0.15,7
GTCGGGTCACCGAAAG,0,0.05,0.8,0.15,7
GTCGGGTCAGTGAGTG,1,0.05,0.8,0.15,7
GTCGGGTGTATCAGTC,7,0.05,0.8,0.15,7
GTCGGGTTCATATCGG,6,0.05,0.8,0.15,7
GTCGGGTTCCGATATG,2,0.05,0.8,0.15,7
GTCGGGTTCGACCAGC,8,0.05,0.8,0.15,7
GTCGTAAAGGTTACCT,1,0.05,0.8,0.15,7
GTCGTAAAGTGAATTG,6,0.05,0.8,0.15,7
GTCGTAACAGTCGATT,6,0.05,0.8,0.15,7
GTCGTAAGTCCGAATT,1,0.05,0.8,0.15,7
GTCGTAAGTGTTCGAT,4,0.05,0.8,0.15,7
GTCGTAATCACGCGGT,2,0.05,0.8,0.15,7
GTCGTAATCAGTCAGT,1,0.05,0.8,0.15,7
GTCGTAATCATGCATG,7,0.05,0.8,0.15,7
GTCGTAATCATTATCC,7,0.05,0.8,0.15,7
GTCGTAATCCGTTGTC,7,0.05,0.8,0.15,7
GTCGTAATCCTTTCGG,7,0.05,0.8,0.15,7
GTCGTAATCGTTTGCC,8,0.05,0.8,0.15,7
GTCGTAATCTACCTGC,2,0.05,0.8,0.15,7
GTCTCGTCAAGCGAGT,7,0.05,0.8,0.15,7
GTCTCGTGTCAGAGGT,1,0.05,0.8,0.15,7
GTCTCGTGTGAAATCA,4,0.05,0.8,0.15,7
GTCTCGTGTGGCTCCA,1,0.05,0.8,0.15,7
GTCTCGTGTGTGGCTC,7,0.05,0.8,0.15,7
GTCTCGTGTTATGTGC,3,0.05,0.8,0.15,7
GTCTCGTGTTCCCGAG,2,0.05,0.8,0.15,7
GTCTCGTGTTCGCGAC,7,0.05,0.8,0.15,7
GTCTCGTTCCAAGTAC,1,0.05,0.8,0.15,7
GTCTTCGAGCCAGAAC,2,0.05,0.8,0.15,7
GTCTTCGAGGCTCTTA,3,0.05,0.8,0.15,7
GTCTTCGCAATAGCAA,1,0.05,0.8,0.15,7
GTCTTCGCACATTTCT,1000,0.05,0.8,0.15,7
GTCTTCGCATTGGTAC,7,0.05,0.8,0.15,7
GTCTTCGGTTTGTTTC,3,0.05,0.8,0.15,7
GTCTTCGTCAAACAAG,4,0.05,0.8,0.15,7
GTCTTCGTCATTGCCC,2,0.05,0.8,0.15,7
GTCTTCGTCCTGCAGG,6,0.05,0.8,0.15,7
GTGAAGGAGAGCTGCA,1000,0.05,0.8,0.15,7
GTGAAGGCAGCGAACA,7,0.05,0.8,0.15,7
GTGAAGGGTACATGTC,7,0.05,0.8,0.15,7
GTGAAGGTCATGTCCC,4,0.05,0.8,0.15,7
GTGAAGGTCCATTCTA,3,0.05,0.8,0.15,7
GTGAAGGTCTCGTATT,1000,0.05,0.8,0.15,7
GTGCAGCAGACGACGT,6,0.05,0.8,0.15,7
GTGCAGCAGATCTGAA,5,0.05,0.8,0.15,7
GTGCAGCAGCCGATTT,3,0.05,0.8,0.15,7
GTGCAGCAGGCATTGG,8,0.05,0.8,0.15,7
GTGCAGCAGGCGACAT,2,0.05,0.8,0.15,7
GTGCAGCAGTGGGTTG,8,0.05,0.8,0.15,7
GTGCAGCCACTTACGA,7,0.05,0.8,0.15,7
GTGCAGCGTGCGATAG,8,0.05,0.8,0.15,7
GTGCAGCTCAAGCCTA,4,0.05,0.8,0.15,7
GTGCAGCTCCATGCTC,1000,0.05,0.8,0.15,7
GTGCAGCTCCTGTAGA,6,0.05,0.8,0.15,7
GTGCAGCTCGGATGTT,4,0.05,0.8,0.15,7
GTGCAGCTCTCTAAGG,6,0.05,0.8,0.15,7
GTGCATAAGCAGGTCA,3,0.05,0.8,0.15,7
GTGCATAAGCCACGCT,6,0.05,0.8,0.15,7
GTGCATAAGCTAGGCA,6,0.05,0.8,0.15,7
GTGCATAAGGCATTGG,6,0.05,0.8,0.15,7
GTGCATACAATCTACG,8,0.05,0.8,0.15,7
GTGCATACATCCTTGC,2,0.05,0.8,0.15,7
GTGCATACATCGGTTA,8,0.05,0.8,0.15,7
GTGCATAGTCTTCGTC,7,0.05,0.8,0.15,7
GTGCATAGTTACCGAT,4,0.05,0.8,0.15,7
GTGCATAGTTAGATGA,3,0.05,0.8,0.15,7
GTGCATATCCCTTGTG,4,0.05,0.8,0.15,7
GTGCGGTAGCTAAACA,8,0.05,0.8,0.15,7
GTGCGGTAGGTAGCTG,4,0.05,0.8,0.15,7
GTGCGGTCAAACTGCT,5,0.05,0.8,0.15,7
GTGCGGTCACCGGAAA,2,0.05,0.8,0.15,7
GTGCGGTCAGTTTACG,1,0.05,0.8,0.15,7
GTGCGGTCATTACCTT,8,0.05,0.8,0.15,7
GTGCGGTGTTGATTGC,7,0.05,0.8,0.15,7
GTGCGGTTCAATCACG,3,0.05,0.8,0.15,7
GTGCGGTTCTAAGCCA,4,0.05,0.8,0.15,7
GTGCGGTTCTTTCCTC,4,0.05,0.8,0.15,7
GTGCTTCAGAAGGTTT,3,0.05,0.8,0.15,7
GTGCTTCAGCCACGTC,6,0.05,0.8,0.15,7
GTGCTTCAGCGTGAAC,7,0.05,0.8,0.15,7
GTGCTTCGTATAATGG,5,0.05,0.8,0.15,7
GTGCTTCGTTCACGGC,6,0.05,0.8,0.15,7
GTGCTTCTCAAGGTAA,5,0.05,0.8,0.15,7
GTGCTTCTCAGAGACG,1,0.05,0.8,0.15,7
GTGCTTCTCCGGCACA,5,0.05,0.8,0.15,7
GTGCTTCTCCTACAGA,4,0.05,0.8,0.15,7
GTGGGTCAGACCTTTG,4,0.05,0.8,0.15,7
GTGGGTCAGAGAACAG,4,0.05,0.8,0.15,7
GTGGGTCAGATCCCGC,1000,0.05,0.8,0.15,7
GTGGGTCAGGTGCTAG,6,0.05,0.8,0.15,7
GTGGGTCCAGGGTTAG,6,0.05,0.8,0.15,7
GTGGGTCGTAAGTGTA,5,0.05,0.8,0.15,7
GTGGGTCGTCTAAAGA,2,0.05,0.8,0.15,7
GTGGGTCGTCTCCCTA,4,0.05,0.8,0.15,7
GTGGGTCTCAAACAAG,5,0.05,0.8,0.15,7
GTGGGTCTCCAGGGCT,1,0.05,0.8,0.15,7
GTGGGTCTCGATAGAA,1000,0.05,0.8,0.15,7
GTGGGTCTCGGAAATA,3,0.05,0.8,0.15,7
GTGTGCGAGACATAAC,1000,0.05,0.8,0.15,7
GTGTGCGAGGGTCGAT,7,0.05,0.8,0.15,7
GTGTGCGAGTCAAGGC,7,0.05,0.8,0.15,7
GTGTGCGCAATCTGCA,8,0.05,0.8,0.15,7
GTGTGCGCAGTCGATT,1,0.05,0.8,0.15,7
GTGTGCGCATCTCCCA,7,0.05,0.8,0.15,7
GTGTGCGGTCTACCTC,5,0.05,0.8,0.15,7
GTGTGCGGTCTCACCT,1,0.05,0.8,0.15,7
GTGTGCGTCCTGTACC,8,0.05,0.8,0.15,7
GTGTGCGTCGTCACGG,5,0.05,0.8,0.15,7
GTGTTAGAGCGTGTCC,7,0.05,0.8,0.15,7
GTGTTAGAGCGTTCCG,5,0.05,0.8,0.15,7
GTGTTAGAGCTGAAAT,6,0.05,0.8,0.15,7
GTGTTAGAGGATGTAT,4,0.05,0.8,0.15,7
GTGTTAGCACACAGAG,6,0.05,0.8,0.15,7
GTGTTAGCACATGACT,7,0.05,0.8,0.15,7
GTGTTAGCACCATCCT,4,0.05,0.8,0.15,7
GTGTTAGCATCAGTCA,5,0.05,0.8,0.15,7
GTGTTAGCATCTATGG,1,0.05,0.8,0.15,7
GTGTTAGCATGTCCTC,5,0.05,0.8,0.15,7
GTGTTAGGTCACTTCC,2,0.05,0.8,0.15,7
GTGTTAGGTTAGTGGG,6,0.05,0.8,0.15,7
GTGTTAGTCCCAACGG,7,0.05,0.8,0.15,7
GTGTTAGTCTTACCGC,1,0.05,0.8,0.15,7
GTTAAGCAGACAGGCT,1,0.05,0.8,0.15,7
GTTAAGCAGACCACGA,4,0.05,0.8,0.15,7
GTTAAGCAGCTCCCAG,7,0.05,0.8,0.15,7
GTTAAGCAGCTTCGCG,7,0.05,0.8,0.15,7
GTTAAGCCATCTCCCA,4,0.05,0.8,0.15,7
GTTAAGCCATTGGTAC,2,0.05,0.8,0.15,7
GTTAAGCGTACAGTTC,1,0.05,0.8,0.15,7
GTTAAGCGTACTTCTT,7,0.05,0.8,0.15,7
GTTAAGCGTTTGTGTG,5,0.05,0.8,0.15,7
GTTAAGCTCTCACATT,5,0.05,0.8,0.15,7
GTTACAGAGCCCAATT,1000,0.05,0.8,0.15,7
GTTACAGAGTAACCCT,1,0.05,0.8,0.15,7
GTTACAGCAAAGGAAG,8,0.05,0.8,0.15,7
GTTACAGGTGTTTGTG,8,0.05,0.8,0.15,7
GTTACAGTCAATAAGG,3,0.05,0.8,0.15,7
GTTACAGTCGAGGTAG,3,0.05,0.8,0.15,7
GTTACAGTCTACTTAC,1,0.05,0.8,0.15,7
GTTACAGTCTGCGTAA,6,0.05,0.8,0.15,7
GTTACAGTCTTGCATT,1,0.05,0.8,0.15,7
GTTCATTCATCCCACT,2,0.05,0.8,0.15,7
GTTCATTGTCAAAGCG,8,0.05,0.8,0.15,7
GTTCATTTCAAGGCTT,2,0.05,0.8,0.15,7
GTTCATTTCACGGTTA,4,0.05,0.8,0.15,7
GTTCATTTCGTCTGAA,4,0.05,0.8,0.15,7
GTTCGGGAGACTACAA,4,0.05,0.8,0.15,7
GTTCGGGAGAGAACAG,2,0.05,0.8,0.15,7
GTTCGGGAGAGTCGGT,5,0.05,0.8,0.15,7
GTTCGGGCAACACGCC,2,0.05,0.8,0.15,7
GTTCGGGCACCAGCAC,3,0.05,0.8,0.15,7
GTTCGGGCACGTCAGC,5,0.05,0.8,0.15,7
GTTCGGGCAGACGCAA,8,0.05,0.8,0.15,7
GTTCGGGCATGGGACA,3,0.05,0.8,0.15,7
GTTCGGGGTAAAGGAG,6,0.05,0.8,0.15,7
GTTCGGGGTACAGCAG,3,0.05,0.8,0.15,7
GTTCGGGGTTACCGAT,3,0.05,0.8,0.15,7
GTTCGGGGTTCCACAA,7,0.05,0.8,0.15,7
GTTCGGGTCCCAAGAT,2,0.05,0.8,0.15,7
GTTCTCGAGACGCAAC,1,0.05,0.8,0.15,7
GTTCTCGAGAGATGAG,2,0.05,0.8,0.15,7
GTTCTCGCACGTCTCT,2,0.05,0.8,0.15,7
GTTCTCGCATTTCAGG,7,0.05,0.8,0.15,7
GTTCTCGGTGTCCTCT,7,0.05,0.8,0.15,7
GTTCTCGTCCCTTGCA,8,0.05,0.8,0.15,7
GTTCTCGTCCGAGCCA,3,0.05,0.8,0.15,7
GTTCTCGTCGGTCTAA,1000,0.05,0.8,0.15,7
GTTTCTAAGACGCACA,1000,0.05,0.8,0.15,7
GTTTCTAAGAGCCCAA,3,0.05,0.8,0.15,7
GTTTCTAAGAGTCGGT,2,0.05,0.8,0.15,7
GTTTCTAAGCTATGCT,8,0.05,0.8,0.15,7
GTTTCTAAGTTTGCGT,6,0.05,0.8,0.15,7
GTTTCTACAGATCTGT,4,0.05,0.8,0.15,7
GTTTCTACAGGATTGG,3,0.05,0.8,0.15,7
GTTTCTACAGGGTTAG,7,0.05,0.8,0.15,7
GTTTCTAGTTTGACTG,7,0.05,0.8,0.15,7
GTTTCTATCATGTCCC,4,0.05,0.8,0.15,7
GTTTCTATCCCAAGTA,8,0.05,0.8,0.15,7
GTTTCTATCGCGTAGC,7,0.05,0.8,0.15,7
GTTTCTATCGTTGCCT,2,0.05,0.8,0.15,7
TAAACCGAGGCATGGT,2,0.05,0.8,0.15,7
TAAACCGAGGCTATCT,2,0.05,0.8,0.15,7
TAAACCGAGTTAACGA,3,0.05,0.8,0.15,7
TAAACCGCAAAGGTGC,2,0.05,0.8,0.15,7
TAAACCGCATCGATGT,3,0.05,0.8,0.15,7
TAAACCGGTCATCCCT,5,0.05,0.8,0.15,7
TAAACCGGTGATGATA,2,0.05,0.8,0.15,7
TAAACCGTCATCATTC,7,0.05,0.8,0.15,7
TAAACCGTCCAGGGCT,1,0.05,0.8,0.15,7
TAAACCGTCGCTTAGA,8,0.05,0.8,0.15,7
TAAACCGTCGGACAAG,5,0.05,0.8,0.15,7
TAAACCGTCGTTACGA,4,0.05,0.8,0.15,7
TAAACCGTCTAACTGG,8,0.05,0.8,0.15,7
TAAGAGAAGATGTCGG,1,0.05,0.8,0.15,7
TAAGAGAAGCCCGAAA,6,0.05,0.8,0.15,7
TAAGAGAAGTGGGATC,8,0.05,0.8,0.15,7
TAAGAGACAGTGAGTG,8,0.05,0.8,0.15,7
TAAGAGAGTAGCGTAG,8,0.05,0.8,0.15,7
TAAGAGAGTCAACATC,1000,0.05,0.8,0.15,7
TAAGAGATCAACGCTA,8,0.05,0.8,0.15,7
TAAGAGATCCTGTACC,7,0.05,0.8,0.15,7
TAAGAGATCGCAGGCT,8,0.05,0.8,0.15,7
TAAGAGATCTTATCTG,6,0.05,0.8,0.15,7
TAAGCGTCAAGTCTAC,8,0.05,0.8,0.15,7
TAAGCGTCACTGAAGG,3,0.05,0.8,0.15,7
TAAGCGTCAGTATGCT,8,0.05,0.8,0.15,7
TAAGCGTGTAGCGTCC,8,0.05,0.8,0.15,7
TAAGCGTGTCTCAACA,2,0.05,0.8,0.15,7
TAAGCGTGTTCGGCAC,8,0.05,0.8,0.15,7
TAAGCGTTCGTAGGTT,1,0.05,0.8,0.15,7
TAAGCGTTCTGGAGCC,1,0.05,0.8,0.15,7
TAAGCGTTCTTCGGTC,3,0.05,0.8,0.15,7
TAAGTGCAGTTTAGGA,5,0.05,0.8,0.15,7
TAAGTGCCAAACTGTC,1,0.05,0.8,0.15,7
TAAGTGCCAAGGTTTC,4,0.05,0.8,0.15,7
TAAGTGCCAGAGCCAA,7,0.05,0.8,0.15,7
TAAGTGCGTATAGGGC,3,0.05,0.8,0.15,7
TAAGTGCTCGTCGTTC,3,0.05,0.8,0.15,7
TAAGTGCTCTGCTGTC,6,0.05,0.8,0.15,7
TAAGTGCTCTTGACGA,8,0.05,0.8,0.15,7
TACACGAAGACTCGGA,2,0.05,0.8,0.15,7
TACACGAAGGGTCTCC,6,0.05,0.8,0.15,7
TACACGACACGTTGGC,6,0.05,0.8,0.15,7
TACACGACAGTCGTGC,1,0.05,0.8,0.15,7
TACACGACAGTGGAGT,4,0.05,0.8,0.15,7
TACACGAGTCGCGGTT,5,0.05,0.8,0.15,7
TACACGAGTCTCTCTG,6,0.05,0.8,0.15,7
TACACGAGTCTGCCAG,6,0.05,0.8,0.15,7
TACACGAGTGCGAAAC,3,0.05,0.8,0.15,7
TACACGAGTGCTTCTC,1,0.05,0.8,0.15,7
TACACGAGTTAAAGTG,6,0.05,0.8,0.15,7
TACACGAGTTCCATGA,4,0.05,0.8,0.15,7
TACAGTGAGGAACTGC,7,0.05,0.8,0.15,7
TACAGTGAGGCCCTCA,8,0.05,0.8,0.15,7
TACAGTGAGGGTTTCT,1,0.05,0.8,0.15,7
TACAGTGAGTATTGGA,0,0.05,0.8,0.15,7
TACAGTGCATATGGTC,1,0.05,0.8,0.15,7
TACAGTGCATCCTTGC,4,0.05,0.8,0.15,7
TACAGTGCATCTACGA,1000,0.05,0.8,0.15,7
TACAGTGGTCGATTGT,7,0.05,0.8,0.15,7
TACAGTGGTCTAGTGT,0,0.05,0.8,0.15,7
TACAGTGTCAACGGCC,3,0.05,0.8,0.15,7
TACAGTGTCCTAAGTG,5,0.05,0.8,0.15,7
TACAGTGTCGCCTGAG,5,0.05,0.8,0.15,7
TACCTATAGATGCGAC,7,0.05,0.8,0.15,7
TACCTATAGGCTATCT,1,0.05,0.8,0.15,7
TACCTATCAACACCTA,0,0.05,0.8,0.15,7
TACCTATCAGCCAATT,4,0.05,0.8,0.15,7
TACCTATCATTGGCGC,4,0.05,0.8,0.15,7
TACCTATGTCAAACTC,4,0.05,0.8,0.15,7
TACCTATGTCTAAAGA,1000,0.05,0.8,0.15,7
TACCTATGTTAAAGAC,2,0.05,0.8,0.15,7
TACCTATTCCGAGCCA,1000,0.05,0.8,0.15,7
TACCTATTCCGTTGTC,5,0.05,0.8,0.15,7
TACCTATTCCTGCCAT,4,0.05,0.8,0.15,7
TACCTTAAGCGTGTCC,5,0.05,0.8,0.15,7
TACCTTAAGCTGAAAT,8,0.05,0.8,0.15,7
TACCTTAAGGACCACA,7,0.05,0.8,0.15,7
TACCTTAAGGTCGGAT,5,0.05,0.8,0.15,7
TACCTTAAGTTCGATC,7,0.05,0.8,0.15,7
TACCTTAGTAAGGATT,1,0.05,0.8,0.15,7
TACCTTAGTATCGCAT,6,0.05,0.8,0.15,7
TACCTTAGTCCGTGAC,3,0.05,0.8,0.15,7
TACCTTAGTCGCGAAA,4,0.05,0.8,0.15,7
TACCTTAGTGATGTCT,5,0.05,0.8,0.15,7
TACCTTATCACCGGGT,4,0.05,0.8,0.15,7
TACGGATAGCCAACAG,1,0.05,0.8,0.15,7
TACGGATAGGCTCTTA,6,0.05,0.8,0.15,7
TACGGATCAAGACGTG,7,0.05,0.8,0.15,7
TACGGATCAGGTCCAC,2,0.05,0.8,0.15,7
TACGGATCATTCCTCG,6,0.05,0.8,0.15,7
TACGGATGTATCTGCA,8,0.05,0.8,0.15,7
TACGGATGTTGTCTTT,1000,0.05,0.8,0.15,7
TACGGATTCATCGATG,5,0.05,0.8,0.15,7
TACGGGCAGTACCGGA,3,0.05,0.8,0.15,7
TACGGGCCATCACGAT,8,0.05,0.8,0.15,7
TACGGGCGTATTACCG,2,0.05,0.8,0.15,7
TACGGGCGTCTCTTAT,6,0.05,0.8,0.15,7
TACGGGCTCACTTCAT,1000,0.05,0.8,0.15,7
TACGGGCTCAGCCTAA,7,0.05,0.8,0.15,7
TACGGTAAGGTAAACT,1,0.05,0.8,0.15,7
TACGGTAAGTCGAGTG,2,0.05,0.8,0.15,7
TACGGTACACCATGTA,1000,0.05,0.8,0.15,7
TACGGTACACCGATAT,7,0.05,0.8,0.15,7
TACGGTAGTACCGCTG,2,0.05,0.8,0.15,7
TACTCATAGAGTGAGA,4,0.05,0.8,0.15,7
TACTCATAGCCACGCT,3,0.05,0.8,0.15,7
TACTCATAGCCGCCTA,1000,0.05,0.8,0.15,7
TACTCATCAAATCCGT,1,0.05,0.8,0.15,7
TACTCATCAAGCCATT,8,0.05,0.8,0.15,7
TACTCATCATCCGTGG,1,0.05,0.8,0.15,7
TACTCATGTCAGATAA,8,0.05,0.8,0.15,7
TACTCATGTGACAAAT,4,0.05,0.8,0.15,7
TACTCATTCAGCTGGC,5,0.05,0.8,0.15,7
TACTCATTCTTACCTA,8,0.05,0.8,0.15,7
TACTCGCAGACCCACC,0,0.05,0.8,0.15,7
TACTCGCAGGGTTTCT,2,0.05,0.8,0.15,7
TACTCGCCACCGATAT,5,0.05,0.8,0.15,7
TACTCGCCATACTACG,1,0.05,0.8,0.15,7
TACTCGCCATGAACCT,4,0.05,0.8,0.15,7
TACTCGCGTACAAGTA,1000,0.05,0.8,0.15,7
TACTCGCGTAGGCATG,5,0.05,0.8,0.15,7
TACTCGCGTCGTTGTA,6,0.05,0.8,0.15,7
TACTCGCGTCTCAACA,4,0.05,0.8,0.15,7
TACTCGCTCAGCTCGG,4,0.05,0.8,0.15,7
TACTCGCTCCGTCATC,6,0.05,0.8,0.15,7
TACTCGCTCTGGAGCC,3,0.05,0.8,0.15,7
TACTCGCTCTGGCGAC,6,0.05,0.8,0.15,7
TACTTACAGACTCGGA,5,0.05,0.8,0.15,7
TACTTACAGATCGGGT,8,0.05,0.8,0.15,7
TACTTACCAAGCGATG,7,0.05,0.8,0.15,7
TACTTACCAAGCGTAG,7,0.05,0.8,0.15,7
TACTTACGTCTCATCC,1,0.05,0.8,0.15,7
TACTTACGTGGCTCCA,1,0.05,0.8,0.15,7
TACTTACGTTATCACG,7,0.05,0.8,0.15,7
TACTTACGTTCAGGCC,4,0.05,0.8,0.15,7
TACTTACTCAGAAATG,8,0.05,0.8,0.15,7
TACTTACTCCAAATGC,1,0.05,0.8,0.15,7
TACTTACTCCAACCAA,6,0.05,0.8,0.15,7
TACTTACTCCTCAATT,4,0.05,0.8,0.15,7
TACTTGTAGAAGGCCT,8,0.05,0.8,0.15,7
TACTTGTAGGTAAACT,2,0.05,0.8,0.15,7
TACTTGTAGGTGATAT,3,0.05,0.8,0.15,7
TACTTGTAGTCGTTTG,5,0.05,0.8,0.15,7
TACTTGTGTCACTTCC,7,0.05,0.8,0.15,7
TACTTGTGTGGGTCAA,7,0.05,0.8,0.15,7
TACTTGTTCTCACATT,7,0.05,0.8,0.15,7
TAGACCAAGACCTTTG,2,0.05,0.8,0.15,7
TAGACCAAGCGTGAAC,4,0.05,0.8,0.15,7
TAGACCAAGCTATGCT,3,0.05,0.8,0.15,7
TAGACCAAGTACATGA,4,0.05,0.8,0.15,7
TAGACCACACCAGCAC,7,0.05,0.8,0.15,7
TAGACCACACCAGGTC,4,0.05,0.8,0.15,7
TAGACCACACTACAGT,3,0.05,0.8,0.15,7
TAGACCACATCCTAGA,4,0.05,0.8,0.15,7
TAGACCAGTAAAGTCA,2,0.05,0.8,0.15,7
TAGACCAGTCACTTCC,8,0.05,0.8,0.15,7
TAGACCAGTTCCTCCA,2,0.05,0.8,0.15,7
TAGACCATCAAACCAC,5,0.05,0.8,0.15,7
TAGACCATCACTATTC,3,0.05,0.8,0.15,7
TAGACCATCACTTCAT,1,0.05,0.8,0.15,7
TAGAGCTAGCAATCTC,4,0.05,0.8,0.15,7
TAGAGCTAGCGTGAAC,5,0.05,0.8,0.15,7
TAGAGCTAGTAACCCT,2,0.05,0.8,0.15,7
TAGAGCTAGTGAATTG,1,0.05,0.8,0.15,7
TAGAGCTAGTTAGGTA,1000,0.05,0.8,0.15,7
TAGAGCTCAAACAACA,7,0.05,0.8,0.15,7
TAGAGCTCACGGCGTT,8,0.05,0.8,0.15,7
TAGAGCTCAGGAATCG,3,0.05,0.8,0.15,7
TAGAGCTCAGGTCCAC,6,0.05,0.8,0.15,7
TAGAGCTCATTTGCCC,7,0.05,0.8,0.15,7
TAGAGCTGTCGCGTGT,8,0.05,0.8,0.15,7
TAGAGCTGTGTGAAAT,4,0.05,0.8,0.15,7
TAGCCGGAGAGACTAT,6,0.05,0.8,0.15,7
TAGCCGGAGCACCGCT,4,0.05,0.8,0.15,7
TAGCCGGCAAAGTGCG,7,0.05,0.8,0.15,7
TAGCCGGCAGCTGTGC,5,0.05,0.8,0.15,7
TAGCCGGGTGCCTTGG,7,0.05,0.8,0.15,7
TAGCCGGGTTCCTCCA,4,0.05,0.8,0.15,7
TAGCCGGTCGCATGAT,7,0.05,0.8,0.15,7
TAGGCATAGACTAGGC,8,0.05,0.8,0.15,7
TAGGCATAGAGGTACC,2,0.05,0.8,0.15,7
TAGGCATAGCTTCGCG,3,0.05,0.8,0.15,7
TAGGCATAGGCAAAGA,3,0.05,0.8,0.15,7
TAGGCATAGTAACCCT,2,0.05,0.8,0.15,7
TAGGCATAGTGAATTG,1000,0.05,0.8,0.15,7
TAGGCATCAAGCGCTC,5,0.05,0.8,0.15,7
TAGGCATCAGACAAAT,1000,0.05,0.8,0.15,7
TAGGCATCAGCTGCAC,1,0.05,0.8,0.15,7
TAGGCATCATAGGATA,1,0.05,0.8,0.15,7
TAGGCATGTAAGGGAA,3,0.05,0.8,0.15,7
TAGGCATGTAAGTGTA,6,0.05,0.8,0.15,7
TAGGCATTCATTTGGG,2,0.05,0.8,0.15,7
TAGGCATTCGCATGAT,6,0.05,0.8,0.15,7
TAGTGGTAGAGGTTAT,5,0.05,0.8,0.15,7
TAGTGGTAGGGCACTA,3,0.05,0.8,0.15,7
TAGTGGTAGTCCCACG,7,0.05,0.8,0.15,7
TAGTGGTCAAGCGTAG,6,0.05,0.8,0.15,7
TAGTGGTCACACCGAC,5,0.05,0.8,0.15,7
TAGTGGTCACAGACAG,1,0.05,0.8,0.15,7
TAGTGGTCACTTCGAA,8,0.05,0.8,0.15,7
TAGTGGTCAGCCTTGG,1000,0.05,0.8,0.15,7
TAGTGGTCAGTCGATT,3,0.05,0.8,0.15,7
TAGTGGTCATTGGTAC,1000,0.05,0.8,0.15,7
TAGTGGTGTCTAACGT,7,0.05,0.8,0.15,7
TAGTGGTGTGACGCCT,6,0.05,0.8,0.15,7
TAGTGGTGTTACTGAC,1000,0.05,0.8,0.15,7
TAGTGGTTCACTTACT,2,0.05,0.8,0.15,7
TAGTGGTTCATCTGCC,1000,0.05,0.8,0.15,7
TAGTGGTTCGGTTAAC,4,0.05,0.8,0.15,7
TAGTGGTTCTACCAGA,2,0.05,0.8,0.15,7
TAGTTGGCAATGTAAG,1000,0.05,0.8,0.15,7
TAGTTGGGTGCCTGCA,6,0.05,0.8,0.15,7
TAGTTGGGTGTAAGTA,3,0.05,0.8,0.15,7
TAGTTGGGTTGTACAC,3,0.05,0.8,0.15,7
TAGTTGGTCAAACAAG,8,0.05,0.8,0.15,7
TATCAGGAGCCATCGC,1,0.05,0.8,0.15,7
TATCAGGAGCTAGGCA,4,0.05,0.8,0.15,7
TATCAGGAGGAGTAGA,3,0.05,0.8,0.15,7
TATCAGGAGGCGACAT,1000,0.05,0.8,0.15,7
TATCAGGAGTAGATGT,7,0.05,0.8,0.15,7
TATCAGGCAATGGTCT,5,0.05,0.8,0.15,7
TATCAGGCACAGGCCT,4,0.05,0.8,0.15,7
TATCAGGCAGCTGTTA,1,0.05,0.8,0.15,7
TATCAGGCATATACCG,5,0.05,0.8,0.15,7
TATCAGGCATGTCGAT,7,0.05,0.8,0.15,7
TATCAGGGTAGCGATG,1,0.05,0.8,0.15,7
TATCAGGGTATCTGCA,7,0.05,0.8,0.15,7
TATCAGGGTCCTCCAT,4,0.05,0.8,0.15,7
TATCAGGGTGTGGCTC,4,0.05,0.8,0.15,7
TATCAGGTCAGCCTAA,3,0.05,0.8,0.15,7
TATCAGGTCCTTTACA,5,0.05,0.8,0.15,7
TATCAGGTCGCCATAA,1,0.05,0.8,0.15,7
TATCAGGTCTTTAGGG,6,0.05,0.8,0.15,7
TATCTCACAGCGTCCA,3,0.05,0.8,0.15,7
TATCTCACAGTCAGCC,2,0.05,0.8,0.15,7
TATCTCACAGTGGAGT,7,0.05,0.8,0.15,7
TATCTCAGTAGATTAG,4,0.05,0.8,0.15,7
TATCTCAGTATATGGA,1,0.05,0.8,0.15,7
TATCTCAGTCCGTTAA,3,0.05,0.8,0.15,7
TATCTCATCATCGATG,6,0.05,0.8,0.15,7
TATCTCATCTAGAGTC,1,0.05,0.8,0.15,7
TATCTCATCTATCCCG,1,0.05,0.8,0.15,7
TATGCCCAGCTGCGAA,2,0.05,0.8,0.15,7
TATGCCCAGGGCTTCC,3,0.05,0.8,0.15,7
TATGCCCAGTACCGGA,7,0.05,0.8,0.15,7
TATGCCCAGTTCGATC,1,0.05,0.8,0.15,7
TATGCCCCAAGACACG,6,0.05,0.8,0.15,7
TATGCCCCATTACGAC,1,0.05,0.8,0.15,7
TATGCCCGTCAACTGT,2,0.05,0.8,0.15,7
TATGCCCGTCCGAACC,8,0.05,0.8,0.15,7
TATGCCCTCACCTCGT,8,0.05,0.8,0.15,7
TATGCCCTCATGCAAC,7,0.05,0.8,0.15,7
TATGCCCTCTTAACCT,2,0.05,0.8,0.15,7
TATTACCAGGGATACC,7,0.05,0.8,0.15,7
TATTACCCAGCGTCCA,7,0.05,0.8,0.15,7
TATTACCCAGGTGGAT,7,0.05,0.8,0.15,7
TATTACCGTCAACTGT,4,0.05,0.8,0.15,7
TATTACCGTTACGTCA,7,0.05,0.8,0.15,7
TATTACCGTTCATGGT,2,0.05,0.8,0.15,7
TATTACCTCACCAGGC,6,0.05,0.8,0.15,7
TATTACCTCCGGCACA,6,0.05,0.8,0.15,7
TCAACGAAGAACTCGG,3,0.05,0.8,0.15,7
TCAACGAAGGTCATCT,1000,0.05,0.8,0.15,7
TCAACGAAGTGTGAAT,7,0.05,0.8,0.15,7
TCAACGAAGTTCCACA,2,0.05,0.8,0.15,7
TCAACGACAACGCACC,1,0.05,0.8,0.15,7
TCAACGACAATAGCGG,3,0.05,0.8,0.15,7
TCAACGACAGTAAGCG,8,0.05,0.8,0.15,7
TCAACGAGTCAGAATA,7,0.05,0.8,0.15,7
TCAACGAGTCTCATCC,5,0.05,0.8,0.15,7
TCAACGAGTGGTGTAG,8,0.05,0.8,0.15,7
TCAACGAGTTTCGCTC,5,0.05,0.8,0.15,7
TCAACGATCACCGGGT,1,0.05,0.8,0.15,7
TCAACGATCGCAAGCC,5,0.05,0.8,0.15,7
TCAACGATCTACTTAC,5,0.05,0.8,0.15,7
TCAATCTCACTAGTAC,7,0.05,0.8,0.15,7
TCAATCTGTTATCCGA,4,0.05,0.8,0.15,7
TCAATCTGTTCAGTAC,1000,0.05,0.8,0.15,7
TCAATCTGTTTGCATG,4,0.05,0.8,0.15,7
TCAATCTTCCCACTTG,3,0.05,0.8,0.15,7
TCAATCTTCGAGAACG,5,0.05,0.8,0.15,7
TCAATCTTCTCGAGTA,7,0.05,0.8,0.15,7
TCAATCTTCTCTTGAT,4,0.05,0.8,0.15,7
TCACAAGAGAAGGGTA,4,0.05,0.8,0.15,7
TCACAAGAGACTTTCG,8,0.05,0.8,0.15,7
TCACAAGAGATGGGTC,1,0.05,0.8,0.15,7
TCACAAGAGGTCGGAT,8,0.05,0.8,0.15,7
TCACAAGCAATCTACG,7,0.05,0.8,0.15,7
TCACAAGCACGGCCAT,1,0.05,0.8,0.15,7
TCACAAGCACGGCGTT,1,0.05,0.8,0.15,7
TCACAAGCATGGAATA,1,0.05,0.8,0.15,7
TCACAAGCATGTCTCC,1000,0.05,0.8,0.15,7
TCACAAGGTACAGTGG,3,0.05,0.8,0.15,7
TCACAAGGTCTTCGTC,1,0.05,0.8,0.15,7
TCACAAGTCATTGCGA,1,0.05,0.8,0.15,7
TCACAAGTCCGCATCT,1,0.05,0.8,0.15,7
TCACGAAAGAGATGAG,1,0.05,0.8,0.15,7
TCACGAAAGCCACTAT,4,0.05,0.8,0.15,7
TCACGAACAAAGGAAG,1,0.05,0.8,0.15,7
TCACGAACATTCCTGC,5,0.05,0.8,0.15,7
TCACGAATCACCTTAT,5,0.05,0.8,0.15,7
TCACGAATCCAAACTG,7,0.05,0.8,0.15,7
TCAGATGAGTCAAGGC,3,0.05,0.8,0.15,7
TCAGATGCAAATCCGT,8,0.05,0.8,0.15,7
TCAGATGCAAGCCGTC,8,0.05,0.8,0.15,7
TCAGATGCAATGCCAT,2,0.05,0.8,0.15,7
TCAGATGCACTAAGTC,5,0.05,0.8,0.15,7
TCAGATGCAGACTCGC,7,0.05,0.8,0.15,7
TCAGATGCAGATCTGT,0,0.05,0.8,0.15,7
TCAGATGGTTCATGGT,1000,0.05,0.8,0.15,7
TCAGATGTCGGTCTAA,5,0.05,0.8,0.15,7
TCAGATGTCGTAGATC,1,0.05,0.8,0.15,7
TCAGATGTCTGGGCCA,2,0.05,0.8,0.15,7
TCAGATGTCTGTCTAT,5,0.05,0.8,0.15,7
TCAGATGTCTGTCTCG,7,0.05,0.8,0.15,7
TCAGCAAAGAACAACT,1,0.05,0.8,0.15,7
TCAGCAAAGCCTATGT,6,0.05,0.8,0.15,7
TCAGCAAAGGAACTGC,8,0.05,0.8,0.15,7
TCAGCAAAGGTGGGTT,1,0.05,0.8,0.15,7
TCAGCAAAGTTCGCGC,4,0.05,0.8,0.15,7
TCAGCAACATCGGAAG,3,0.05,0.8,0.15,7
TCAGCAAGTTACGACT,5,0.05,0.8,0.15,7
TCAGCAATCGGACAAG,4,0.05,0.8,0.15,7
TCAGCAATCTCAAGTG,7,0.05,0.8,0.15,7
TCAGCAATCTGAAAGA,4,0.05,0.8,0.15,7
TCAGCAATCTGTCAAG,1,0.05,0.8,0.15,7
TCAGCTCAGACCTAGG,8,0.05,0.8,0.15,7
TCAGCTCAGACGCAAC,4,0.05,0.8,0.15,7
TCAGCTCAGCGACGTA,3,0.05,0.8,0.15,7
TCAGCTCAGTACCGGA,8,0.05,0.8,0.15,7
TCAGCTCCACATCTTT,4,0.05,0.8,0.15,7
TCAGCTCGTAAGTTCC,4,0.05,0.8,0.15,7
TCAGCTCGTAGCTTGT,5,0.05,0.8,0.15,7
TCAGCTCGTCTGCGGT,7,0.05,0.8,0.15,7
TCAGCTCTCTGCTGCT,1000,0.05,0.8,0.15,7
TCAGCTCTCTTCCTTC,4,0.05,0.8,0.15,7
TCAGGATAGCACACAG,8,0.05,0.8,0.15,7
TCAGGATAGTCCAGGA,6,0.05,0.8,0.15,7
TCAGGATAGTGCAAGC,8,0.05,0.8,0.15,7
TCAGGATCAGTTCCCT,6,0.05,0.8,0.15,7
TCAGGATGTATTCGTG,3,0.05,0.8,0.15,7
TCAGGATGTGTTAAGA,3,0.05,0.8,0.15,7
TCAGGATGTTAGAACA,8,0.05,0.8,0.15,7
TCAGGATGTTGGGACA,1,0.05,0.8,0.15,7
TCAGGATGTTTCCACC,2,0.05,0.8,0.15,7
TCAGGATTCACAGGCC,8,0.05,0.8,0.15,7
TCAGGATTCTTGAGAC,3,0.05,0.8,0.15,7
TCAGGTAAGACTGGGT,3,0.05,0.8,0.15,7
TCAGGTAAGATATACG,6,0.05,0.8,0.15,7
TCAGGTAAGCCACGTC,8,0.05,0.8,0.15,7
TCAGGTAAGCCCGAAA,6,0.05,0.8,0.15,7
TCAGGTATCTTGCATT,3,0.05,0.8,0.15,7
TCATTACAGCTACCTA,5,0.05,0.8,0.15,7
TCATTACAGGATCGCA,4,0.05,0.8,0.15,7
TCATTACCATAGACTC,1,0.05,0.8,0.15,7
TCATTACGTTCGGCAC,2,0.05,0.8,0.15,7
TCATTACTCATGTCCC,1,0.05,0.8,0.15,7
TCATTACTCGCCTGAG,1,0.05,0.8,0.15,7
TCATTACTCTACTATC,0,0.05,0.8,0.15,7
TCATTACTCTTAACCT,2,0.05,0.8,0.15,7
TCATTACTCTTAGCCC,5,0.05,0.8,0.15,7
TCATTTGAGTGTGAAT,8,0.05,0.8,0.15,7
TCATTTGCAAAGCGGT,4,0.05,0.8,0.15,7
TCATTTGCAAATTGCC,8,0.05,0.8,0.15,7
TCATTTGCACAACTGT,8,0.05,0.8,0.15,7
TCATTTGCAGGAATGC,7,0.05,0.8,0.15,7
TCATTTGCAGTCCTTC,5,0.05,0.8,0.15,7
TCATTTGGTCTGCAAT,1000,0.05,0.8,0.15,7
TCCACACAGATAGGAG,8,0.05,0.8,0.15,7
TCCACACAGCGATAGC,8,0.05,0.8,0.15,7
TCCACACCAACGATCT,2,0.05,0.8,0.15,7
TCCACACCAATTGCTG,3,0.05,0.8,0.15,7
TCCACACCACACAGAG,1000,0.05,0.8,0.15,7
TCCACACCAGGCGATA,1000,0.05,0.8,0.15,7
TCCACACCATGTAGTC,8,0.05,0.8,0.15,7
TCCACACGTAAAGGAG,1000,0.05,0.8,0.15,7
TCCACACGTGAAATCA,1,0.05,0.8,0.15,7
TCCACACGTTATCACG,2,0.05,0.8,0.15,7
TCCACACGTTTGCATG,4,0.05,0.8,0.15,7
TCCACACTCACCATAG,6,0.05,0.8,0.15,7
TCCCGATAGGAGTTGC,6,0.05,0.8,0.15,7
TCCCGATAGGAGTTTA,1,0.05,0.8,0.15,7
TCCCGATAGTCGCCGT,4,0.05,0.8,0.15,7
TCCCGATAGTCGTACT,8,0.05,0.8,0.15,7
TCCCGATCACGGACAA,4,0.05,0.8,0.15,7
TCCCGATCAGGCTCAC,4,0.05,0.8,0.15,7
TCCCGATGTCCAAGTT,1,0.05,0.8,0.15,7
TCCCGATGTCCTCTTG,5,0.05,0.8,0.15,7
TCCCGATGTTGTTTGG,3,0.05,0.8,0.15,7
TCCCGATTCCACGACG,6,0.05,0.8,0.15,7
TCCCGATTCGTTTGCC,8,0.05,0.8,0.15,7
TCGAGGCAGCACCGCT,1,0.05,0.8,0.15,7
TCGAGGCAGGCGTACA,6,0.05,0.8,0.15,7
TCGAGGCAGGTGCAAC,1,0.05,0.8,0.15,7
TCGAGGCAGTGTTTGC,5,0.05,0.8,0.15,7
TCGAGGCCAAGCGAGT,1,0.05,0.8,0.15,7
TCGAGGCCAATCTACG,3,0.05,0.8,0.15,7
TCGAGGCCAGGGTTAG,3,0.05,0.8,0.15,7
TCGAGGCGTCGAGATG,3,0.05,0.8,0.15,7
TCGAGGCGTCGCGTGT,4,0.05,0.8,0.15,7
TCGAGGCTCACTTCAT,1000,0.05,0.8,0.15,7
TCGAGGCTCCGTCATC,5,0.05,0.8,0.15,7
TCGAGGCTCGAGCCCA,7,0.05,0.8,0.15,7
TCGAGGCTCTTCATGT,7,0.05,0.8,0.15,7
TCGCGAGAGCACCGCT,3,0.05,0.8,0.15,7
TCGCGAGAGCAGCCTC,8,0.05,0.8,0.15,7
TCGCGAGAGCGTTGCC,6,0.05,0.8,0.15,7
TCGCGAGCAGTATCTG,1,0.05,0.8,0.15,7
TCGCGAGGTCGAATCT,1,0.05,0.8,0.15,7
TCGCGAGTCTGTACGA,3,0.05,0.8,0.15,7
TCGCGTTAGCCGTCGT,7,0.05,0.8,0.15,7
TCGCGTTAGCTGTTCA,1,0.05,0.8,0.15,7
TCGCGTTAGGAGTTGC,7,0.05,0.8,0.15,7
TCGCGTTCAAAGGAAG,4,0.05,0.8,0.15,7
TCGCGTTCAATGACCT,2,0.05,0.8,0.15,7
TCGCGTTCACAGCCCA,5,0.05,0.8,0.15,7
TCGCGTTCATAGTAAG,3,0.05,0.8,0.15,7
TCGCGTTGTAGCAAAT,5,0.05,0.8,0.15,7
TCGCGTTGTAGCTTGT,2,0.05,0.8,0.15,7
TCGCGTTGTGTGTGCC,8,0.05,0.8,0.15,7
TCGCGTTTCCCTTGTG,4,0.05,0.8,0.15,7
TCGGGACAGGAGTACC,4,0.05,0.8,0.15,7
TCGGGACAGTCAAGCG,7,0.05,0.8,0.15,7
TCGGGACCACACATGT,2,0.05,0.8,0.15,7
TCGGGACCAGCCAATT,3,0.05,0.8,0.15,7
TCGGGACGTAAGTGTA,4,0.05,0.8,0.15,7
TCGGGACGTCCAAGTT,8,0.05,0.8,0.15,7
TCGGGACGTCCGAACC,7,0.05,0.8,0.15,7
TCGGGACGTCGAAAGC,7,0.05,0.8,0.15,7
TCGGGACTCATCATTC,5,0.05,0.8,0.15,7
TCGGGACTCCATGAGT,2,0.05,0.8,0.15,7
TCGGGACTCTAACTTC,0,0.05,0.8,0.15,7
TCGGGACTCTCGTTTA,6,0.05,0.8,0.15,7
TCGGGACTCTGTTTGT,3,0.05,0.8,0.15,7
TCGGTAAAGATCCCAT,5,0.05,0.8,0.15,7
TCGGTAAAGTCTCGGC,4,0.05,0.8,0.15,7
TCGGTAACACGTAAGG,6,0.05,0.8,0.15,7
TCGGTAACATACTCTT,4,0.05,0.8,0.15,7
TCGGTAACATGAGCGA,6,0.05,0.8,0.15,7
TCGGTAACATGGTCTA,1,0.05,0.8,0.15,7
TCGGTAACATTTCACT,1,0.05,0.8,0.15,7
TCGGTAAGTCGCTTCT,3,0.05,0.8,0.15,7
TCGGTAAGTGTAACGG,1,0.05,0.8,0.15,7
TCGGTAATCACGACTA,3,0.05,0.8,0.15,7
TCGGTAATCCCGGATG,2,0.05,0.8,0.15,7
TCGGTAATCCGAGCCA,1,0.05,0.8,0.15,7
TCGGTAATCGGCGCTA,1,0.05,0.8,0.15,7
TCGGTAATCGTCTGAA,3,0.05,0.8,0.15,7
TCGGTAATCTAGAGTC,2,0.05,0.8,0.15,7
TCGTACCAGATAGGAG,8,0.05,0.8,0.15,7
TCGTACCAGTAATCCC,3,0.05,0.8,0.15,7
TCGTACCCATTACCTT,3,0.05,0.8,0.15,7
TCGTACCGTAGAGGAA,4,0.05,0.8,0.15,7
TCGTACCGTATAGTAG,7,0.05,0.8,0.15,7
TCGTACCGTGTGAATA,1,0.05,0.8,0.15,7
TCGTACCGTTCTGTTT,7,0.05,0.8,0.15,7
TCGTACCTCAATACCG,4,0.05,0.8,0.15,7
TCGTACCTCAATCACG,5,0.05,0.8,0.15,7
TCGTACCTCAGCATGT,3,0.05,0.8,0.15,7
TCGTACCTCGCCTGAG,8,0.05,0.8,0.15,7
TCGTACCTCGGTGTTA,8,0.05,0.8,0.15,7
TCGTACCTCGTTACGA,7,0.05,0.8,0.15,7
TCGTAGAAGCTACCTA,7,0.05,0.8,0.15,7
TCGTAGAAGGCTAGGT,3,0.05,0.8,0.15,7
TCGTAGAAGTCAATAG,1,0.05,0.8,0.15,7
TCGTAGAAGTGAACGC,2,0.05,0.8,0.15,7
TCGTAGAAGTGACATA,5,0.05,0.8,0.15,7
TCGTAGACAAGGACTG,4,0.05,0.8,0.15,7
TCGTAGACACAAGACG,8,0.05,0.8,0.15,7
TCGTAGACAGACGCAA,8,0.05,0.8,0.15,7
TCGTAGACAGTTTACG,7,0.05,0.8,0.15,7
TCGTAGACATGGAATA,8,0.05,0.8,0.15,7
TCGTAGAGTACCATCA,4,0.05,0.8,0.15,7
TCGTAGATCAGGCGAA,7,0.05,0.8,0.15,7
TCGTAGATCCATGAAC,4,0.05,0.8,0.15,7
TCGTAGATCCCAGGTG,1,0.05,0.8,0.15,7
TCGTAGATCTAACTGG,3,0.05,0.8,0.15,7
TCGTAGATCTATGTGG,1,0.05,0.8,0.15,7
TCGTAGATCTTGTCAT,3,0.05,0.8,0.15,7
TCTATTGAGAAGGTGA,3,0.05,0.8,0.15,7
TCTATTGAGAGTACCG,5,0.05,0.8,0.15,7
TCTATTGAGCAAATCA,7,0.05,0.8,0.15,7
TCTATTGAGGCGACAT,8,0.05,0.8,0.15,7
TCTATTGAGTCAAGCG,2,0.05,0.8,0.15,7
TCTATTGCAACGATGG,5,0.05,0.8,0.15,7
TCTATTGCACCAGATT,6,0.05,0.8,0.15,7
TCTATTGCACTATCTT,4,0.05,0.8,0.15,7
TCTATTGGTACACCGC,4,0.05,0.8,0.15,7
TCTATTGGTCCTCTTG,5,0.05,0.8,0.15,7
TCTATTGGTCGAGATG,1,0.05,0.8,0.15,7
TCTATTGTCAAACAAG,3,0.05,0.8,0.15,7
TCTATTGTCAGAGGTG,5,0.05,0.8,0.15,7
TCTATTGTCGAACTGT,6,0.05,0.8,0.15,7
TCTATTGTCTGGCGAC,2,0.05,0.8,0.15,7
TCTCATAAGAACTGTA,5,0.05,0.8,0.15,7
TCTCATAAGAAGGTTT,8,0.05,0.8,0.15,7
TCTCATAAGACCTAGG,3,0.05,0.8,0.15,7
TCTCATAAGCTGCGAA,8,0.05,0.8,0.15,7
TCTCATAAGTGCGATG,1,0.05,0.8,0.15,7
TCTCATAGTGCCTGTG,7,0.05,0.8,0.15,7
TCTCATAGTTCAGGCC,5,0.05,0.8,0.15,7
TCTCATATCCGGCACA,2,0.05,0.8,0.15,7
TCTCTAAAGATACACA,6,0.05,0.8,0.15,7
TCTCTAAGTTGCTCCT,3,0.05,0.8,0.15,7
TCTGAGAAGCTAACTC,7,0.05,0.8,0.15,7
TCTGAGAAGGATGGTC,7,0.05,0.8,0.15,7
TCTGAGAAGGGCTTCC,1,0.05,0.8,0.15,7
TCTGAGAAGTGTTTGC,1,0.05,0.8,0.15,7
TCTGAGACAGTAAGAT,1000,0.05,0.8,0.15,7
TCTGAGACAGTATCTG,5,0.05,0.8,0.15,7
TCTGAGAGTGCAACGA,4,0.05,0.8,0.15,7
TCTGAGATCCTCCTAG,3,0.05,0.8,0.15,7
TCTGAGATCGGTTAAC,3,0.05,0.8,0.15,7
TCTGAGATCTACTCAT,3,0.05,0.8,0.15,7
TCTGAGATCTTCGGTC,5,0.05,0.8,0.15,7
TCTGGAAAGACTACAA,8,0.05,0.8,0.15,7
TCTGGAAAGAGACTAT,1,0.05,0.8,0.15,7
TCTGGAAAGTGAAGAG,8,0.05,0.8,0.15,7
TCTGGAAAGTGAAGTT,7,0.05,0.8,0.15,7
TCTGGAACACAACGCC,4,0.05,0.8,0.15,7
TCTGGAACAGTACACT,7,0.05,0.8,0.15,7
TCTGGAAGTAGCGTCC,5,0.05,0.8,0.15,7
TCTGGAAGTCCCTTGT,3,0.05,0.8,0.15,7
TCTGGAAGTGACGCCT,1,0.05,0.8,0.15,7
TCTGGAAGTGGTTTCA,5,0.05,0.8,0.15,7
TCTGGAATCCTGCAGG,1,0.05,0.8,0.15,7
TCTTCGGAGACGCAAC,2,0.05,0.8,0.15,7
TCTTCGGAGAGACGAA,4,0.05,0.8,0.15,7
TCTTCGGAGATCACGG,1,0.05,0.8,0.15,7
TCTTCGGAGCCAGTTT,2,0.05,0.8,0.15,7
TCTTCGGAGCGATAGC,6,0.05,0.8,0.15,7
TCTTCGGAGTCCAGGA,5,0.05,0.8,0.15,7
TCTTCGGAGTCCATAC,2,0.05,0.8,0.15,7
TCTTCGGCAACAACCT,6,0.05,0.8,0.15,7
TCTTCGGCAATCACAC,1000,0.05,0.8,0.15,7
TCTTCGGCAGGTCGTC,1000,0.05,0.8,0.15,7
TCTTCGGCATGCCCGA,4,0.05,0.8,0.15,7
TCTTCGGGTCAAAGCG,8,0.05,0.8,0.15,7
TCTTCGGGTCGAAAGC,6,0.05,0.8,0.15,7
TCTTCGGGTCTAGTGT,2,0.05,0.8,0.15,7
TCTTCGGGTGCCTTGG,4,0.05,0.8,0.15,7
TCTTCGGGTTCGAATC,7,0.05,0.8,0.15,7
TCTTCGGTCCAATGGT,6,0.05,0.8,0.15,7
TCTTCGGTCCCTCAGT,1,0.05,0.8,0.15,7
TCTTTCCCACTGTTAG,5,0.05,0.8,0.15,7
TCTTTCCCAGATCGGA,8,0.05,0.8,0.15,7
TCTTTCCGTGATAAAC,1,0.05,0.8,0.15,7
TCTTTCCTCAAACCGT,6,0.05,0.8,0.15,7
TCTTTCCTCACCTTAT,7,0.05,0.8,0.15,7
TCTTTCCTCAGAGACG,8,0.05,0.8,0.15,7
TCTTTCCTCCGTCATC,2,0.05,0.8,0.15,7
TCTTTCCTCTCGTTTA,3,0.05,0.8,0.15,7
TCTTTCCTCTCTTGAT,8,0.05,0.8,0.15,7
TCTTTCCTCTTCGGTC,8,0.05,0.8,0.15,7
TCTTTCCTCTTTAGGG,4,0.05,0.8,0.15,7
TGAAAGAAGCATGGCA,8,0.05,0.8,0.15,7
TGAAAGAAGCTCAACT,1000,0.05,0.8,0.15,7
TGAAAGAAGTAGCGGT,3,0.05,0.8,0.15,7
TGAAAGAAGTGGTAGC,1,0.05,0.8,0.15,7
TGAAAGACATGTTGAC,2,0.05,0.8,0.15,7
TGAAAGAGTGCAACTT,1,0.05,0.8,0.15,7
TGAAAGAGTTCGTGAT,8,0.05,0.8,0.15,7
TGAAAGATCATAAAGG,1,0.05,0.8,0.15,7
TGAAAGATCCCAAGAT,5,0.05,0.8,0.15,7
TGAAAGATCGGTCTAA,1,0.05,0.8,0.15,7
TGACAACAGAGGTAGA,6,0.05,0.8,0.15,7
TGACAACAGCTAGTCT,4,0.05,0.8,0.15,7
TGACAACAGGGTGTTG,4,0.05,0.8,0.15,7
TGACAACAGTGCGATG,3,0.05,0.8,0.15,7
TGACAACAGTTACCCA,8,0.05,0.8,0.15,7
TGACAACCACTCAGGC,3,0.05,0.8,0.15,7
TGACAACCATCGATGT,7,0.05,0.8,0.15,7
TGACAACGTGCGGTAA,7,0.05,0.8,0.15,7
TGACAACGTTCGTGAT,6,0.05,0.8,0.15,7
TGACGGCAGTGCAAGC,8,0.05,0.8,0.15,7
TGACGGCAGTGTACTC,8,0.05,0.8,0.15,7
TGACGGCGTCACACGC,8,0.05,0.8,0.15,7
TGACGGCGTCAGCTAT,8,0.05,0.8,0.15,7
TGACGGCGTCCGTTAA,4,0.05,0.8,0.15,7
TGACGGCGTGGCTCCA,5,0.05,0.8,0.15,7
TGACGGCGTTATTCTC,7,0.05,0.8,0.15,7
TGACGGCGTTTGACAC,6,0.05,0.8,0.15,7
TGACGGCTCGCCGTGA,5,0.05,0.8,0.15,7
TGACGGCTCTCCAGGG,2,0.05,0.8,0.15,7
TGACGGCTCTCGTTTA,3,0.05,0.8,0.15,7
TGACGGCTCTTGACGA,3,0.05,0.8,0.15,7
TGACGGCTCTTTAGTC,3,0.05,0.8,0.15,7
TGACTAGAGCACGCCT,4,0.05,0.8,0.15,7
TGACTAGCAAGCGATG,3,0.05,0.8,0.15,7
TGACTAGCAAGTCTGT,3,0.05,0.8,0.15,7
TGACTAGCACCTTGTC,1,0.05,0.8,0.15,7
TGACTAGGTGCGATAG,8,0.05,0.8,0.15,7
TGACTAGTCCCTTGCA,2,0.05,0.8,0.15,7
TGACTAGTCGTAGGAG,7,0.05,0.8,0.15,7
TGACTAGTCTGACCTC,8,0.05,0.8,0.15,7
TGACTAGTCTTGTACT,7,0.05,0.8,0.15,7
TGACTTTAGGTGTGGT,4,0.05,0.8,0.15,7
TGACTTTAGTTGTCGT,8,0.05,0.8,0.15,7
TGACTTTCAAACCTAC,1000,0.05,0.8,0.15,7
TGACTTTCATACTACG,8,0.05,0.8,0.15,7
TGACTTTCATAGACTC,3,0.05,0.8,0.15,7
TGACTTTCATTATCTC,7,0.05,0.8,0.15,7
TGACTTTGTCGACTAT,2,0.05,0.8,0.15,7
TGACTTTGTCTCTCTG,1,0.05,0.8,0.15,7
TGACTTTGTGAGGCTA,8,0.05,0.8,0.15,7
TGACTTTGTGCGGTAA,2,0.05,0.8,0.15,7
TGACTTTTCACCACCT,2,0.05,0.8,0.15,7
TGACTTTTCATCTGCC,4,0.05,0.8,0.15,7
TGACTTTTCATTCACT,1,0.05,0.8,0.15,7
TGAGAGGAGATATGCA,4,0.05,0.8,0.15,7
TGAGAGGAGCCGATTT,4,0.05,0.8,0.15,7
TGAGAGGAGGTCGGAT,1,0.05,0.8,0.15,7
TGAGAGGAGTAGCGGT,5,0.05,0.8,0.15,7
TGAGAGGAGTCTTGCA,4,0.05,0.8,0.15,7
TGAGAGGCACGTTGGC,7,0.05,0.8,0.15,7
TGAGAGGCAGGTCCAC,2,0.05,0.8,0.15,7
TGAGAGGGTAGGCATG,5,0.05,0.8,0.15,7
TGAGAGGGTCTCCACT,2,0.05,0.8,0.15,7
TGAGAGGGTTCGTGAT,4,0.05,0.8,0.15,7
TGAGAGGTCAGGTTCA,1000,0.05,0.8,0.15,7
TGAGAGGTCCACGTTC,5,0.05,0.8,0.15,7
TGAGAGGTCTGTTGAG,8,0.05,0.8,0.15,7
TGAGCATAGAAGATTC,6,0.05,0.8,0.15,7
TGAGCATCAATTCCTT,2,0.05,0.8,0.15,7
TGAGCATCAGCATGAG,8,0.05,0.8,0.15,7
TGAGCATCATCCTTGC,3,0.05,0.8,0.15,7
TGAGCATGTGAACCTT,5,0.05,0.8,0.15,7
TGAGCATGTGCAACTT,1,0.05,0.8,0.15,7
TGAGCATTCACGAAGG,4,0.05,0.8,0.15,7
TGAGCCGCAATACGCT,8,0.05,0.8,0.15,7
TGAGCCGCAGTGGGAT,1,0.05,0.8,0.15,7
TGAGCCGCATAGTAAG,7,0.05,0.8,0.15,7
TGAGCCGGTACCAGTT,1,0.05,0.8,0.15,7
TGAGCCGGTCCGTCAG,1,0.05,0.8,0.15,7
TGAGCCGGTCTTTCAT,3,0.05,0.8,0.15,7
TGAGCCGGTTCCCGAG,8,0.05,0.8,0.15,7
TGAGCCGTCAATAAGG,5,0.05,0.8,0.15,7
TGAGCCGTCGCGCCAA,2,0.05,0.8,0.15,7
TGAGGGAAGAGATGAG,1,0.05,0.8,0.15,7
TGAGGGAAGTACGATA,7,0.05,0.8,0.15,7
TGAGGGAAGTGTACCT,1000,0.05,0.8,0.15,7
TGAGGGACAAGTAGTA,8,0.05,0.8,0.15,7
TGAGGGACAGCCACCA,3,0.05,0.8,0.15,7
TGAGGGACATCAGTCA,3,0.05,0.8,0.15,7
TGAGGGAGTACCGTTA,3,0.05,0.8,0.15,7
TGAGGGAGTGCATCTA,1,0.05,0.8,0.15,7
TGAGGGAGTTCGGGCT,3,0.05,0.8,0.15,7
TGAGGGAGTTTGGCGC,1,0.05,0.8,0.15,7
TGAGGGATCACTGGGC,3,0.05,0.8,0.15,7
TGAGGGATCGCAGGCT,3,0.05,0.8,0.15,7
TGATTTCAGAGACTTA,2,0.05,0.8,0.15,7
TGATTTCAGCCAGTAG,8,0.05,0.8,0.15,7
TGATTTCAGCCCAGCT,5,0.05,0.8,0.15,7
TGATTTCAGCGTAGTG,4,0.05,0.8,0.15,7
TGATTTCAGGGCACTA,5,0.05,0.8,0.15,7
TGATTTCAGTGTACTC,6,0.05,0.8,0.15,7
TGATTTCCAAACCTAC,6,0.05,0.8,0.15,7
TGATTTCCAGCTTCGG,2,0.05,0.8,0.15,7
TGATTTCCATCGGTTA,1000,0.05,0.8,0.15,7
TGATTTCGTAACGACG,4,0.05,0.8,0.15,7
TGATTTCGTCCGTTAA,5,0.05,0.8,0.15,7
TGATTTCGTGACAAAT,3,0.05,0.8,0.15,7
TGATTTCGTGATAAGT,3,0.05,0.8,0.15,7
TGATTTCGTGGCCCTA,1,0.05,0.8,0.15,7
TGATTTCTCAACGGGA,3,0.05,0.8,0.15,7
TGATTTCTCATGTCCC,8,0.05,0.8,0.15,7
TGATTTCTCGTGTAGT,2,0.05,0.8,0.15,7
TGCACCTAGAAAGTGG,5,0.05,0.8,0.15,7
TGCACCTAGATCCGAG,5,0.05,0.8,0.15,7
TGCACCTCACAGGTTT,3,0.05,0.8,0.15,7
TGCACCTCACCTGGTG,1000,0.05,0.8,0.15,7
TGCACCTGTCAACTGT,6,0.05,0.8,0.15,7
TGCACCTGTGCAACGA,6,0.05,0.8,0.15,7
TGCACCTGTTCCCTTG,2,0.05,0.8,0.15,7
TGCACCTGTTCGTGAT,0,0.05,0.8,0.15,7
TGCACCTGTTGATTCG,8,0.05,0.8,0.15,7
TGCACCTTCAGGATCT,1,0.05,0.8,0.15,7
TGCACCTTCTTACCTA,1,0.05,0.8,0.15,7
TGCCAAAGTAGCTAAA,2,0.05,0.8,0.15,7
TGCCAAATCTCTTGAT,1,0.05,0.8,0.15,7
TGCCAAATCTTAGAGC,1,0.05,0.8,0.15,7
TGCCCATAGGCGTACA,0,0.05,0.8,0.15,7
TGCCCATCACATCCGG,1,0.05,0.8,0.15,7
TGCCCATCACATCTTT,4,0.05,0.8,0.15,7
TGCCCATCACCAGGCT,4,0.05,0.8,0.15,7
TGCCCATCAGCCTTGG,6,0.05,0.8,0.15,7
TGCCCATGTAATAGCA,5,0.05,0.8,0.15,7
TGCCCATGTCAGAATA,1,0.05,0.8,0.15,7
TGCCCATGTTGCCTCT,6,0.05,0.8,0.15,7
TGCCCATTCCACTGGG,1000,0.05,0.8,0.15,7
TGCCCATTCGCAGGCT,5,0.05,0.8,0.15,7
TGCCCATTCTCTTGAT,1,0.05,0.8,0.15,7
TGCCCATTCTTTAGGG,3,0.05,0.8,0.15,7
TGCCCTAAGTTAACGA,4,0.05,0.8,0.15,7
TGCCCTACAGCGTCCA,1,0.05,0.8,0.15,7
TGCCCTACATCGATGT,3,0.05,0.8,0.15,7
TGCCCTACATCTCGCT,1,0.05,0.8,0.15,7
TGCCCTACATGGGACA,7,0.05,0.8,0.15,7
TGCCCTATCACAACGT,7,0.05,0.8,0.15,7
TGCCCTATCAGGTAAA,4,0.05,0.8,0.15,7
TGCGCAGAGCAGCCTC,4,0.05,0.8,0.15,7
TGCGCAGAGGCAAAGA,7,0.05,0.8,0.15,7
TGCGCAGAGTGGAGAA,1,0.05,0.8,0.15,7
TGCGCAGCACATTCGA,8,0.05,0.8,0.15,7
TGCGCAGCAGCCTTTC,4,0.05,0.8,0.15,7
TGCGGGTAGAGGGATA,6,0.05,0.8,0.15,7
TGCGGGTAGATCCCGC,7,0.05,0.8,0.15,7
TGCGGGTCAAGGCTCC,6,0.05,0.8,0.15,7
TGCGGGTCAGCTGCAC,7,0.05,0.8,0.15,7
TGCGGGTGTACGACCC,6,0.05,0.8,0.15,7
TGCGGGTGTTTAGCTG,4,0.05,0.8,0.15,7
TGCGGGTTCTGACCTC,5,0.05,0.8,0.15,7
TGCGTGGAGACTGTAA,1,0.05,0.8,0.15,7
TGCGTGGAGGATTCGG,3,0.05,0.8,0.15,7
TGCGTGGAGGCGATAC,2,0.05,0.8,0.15,7
TGCGTGGAGGCTAGGT,8,0.05,0.8,0.15,7
TGCGTGGCACAGCGTC,8,0.05,0.8,0.15,7
TGCGTGGCACCATGTA,2,0.05,0.8,0.15,7
TGCGTGGCATTGGCGC,4,0.05,0.8,0.15,7
TGCGTGGGTCCTCCAT,2,0.05,0.8,0.15,7
TGCGTGGGTCTGGTCG,0,0.05,0.8,0.15,7
TGCGTGGGTGTGGCTC,8,0.05,0.8,0.15,7
TGCGTGGTCAGGCCCA,8,0.05,0.8,0.15,7
TGCTACCAGCTATGCT,5,0.05,0.8,0.15,7
TGCTACCCAAGCCATT,2,0.05,0.8,0.15,7
TGCTACCCACAAGTAA,0,0.05,0.8,0.15,7
TGCTACCCACAGACTT,4,0.05,0.8,0.15,7
TGCTACCCATCCGCGA,3,0.05,0.8,0.15,7
TGCTACCGTACAGCAG,4,0.05,0.8,0.15,7
TGCTACCGTAGAAGGA,5,0.05,0.8,0.15,7
TGCTACCGTGGCAAAC,5,0.05,0.8,0.15,7
TGCTACCGTGGTCCGT,2,0.05,0.8,0.15,7
TGCTACCGTTGGAGGT,1,0.05,0.8,0.15,7
TGCTACCTCCGCGCAA,4,0.05,0.8,0.15,7
TGCTACCTCCTAGAAC,2,0.05,0.8,0.15,7
TGCTGCTAGCAGATCG,8,0.05,0.8,0.15,7
TGCTGCTAGCTGCCCA,8,0.05,0.8,0.15,7
TGCTGCTAGGATCGCA,8,0.05,0.8,0.15,7
TGCTGCTAGGGCACTA,7,0.05,0.8,0.15,7
TGCTGCTAGTATTGGA,3,0.05,0.8,0.15,7
TGCTGCTAGTGTCCCG,3,0.05,0.8,0.15,7
TGCTGCTCACGTCAGC,1,0.05,0.8,0.15,7
TGCTGCTGTATGCTTG,5,0.05,0.8,0.15,7
TGCTGCTGTCCGCTGA,4,0.05,0.8,0.15,7
TGCTGCTGTCTGCAAT,4,0.05,0.8,0.15,7
TGGACGCAGAAGGTTT,8,0.05,0.8,0.15,7
TGGACGCAGCTAAGAT,3,0.05,0.8,0.15,7
TGGACGCAGCTCTCGG,1,0.05,0.8,0.15,7
TGGACGCAGTTGCAGG,1000,0.05,0.8,0.15,7
TGGACGCCAGACGCCT,0,0.05,0.8,0.15,7
TGGACGCGTATGAATG,1000,0.05,0.8,0.15,7
TGGACGCGTTGGTAAA,1,0.05,0.8,0.15,7
TGGACGCTCCAAACTG,6,0.05,0.8,0.15,7
TGGACGCTCCAGTATG,6,0.05,0.8,0.15,7
TGGCCAGAGACCGGAT,1,0.05,0.8,0.15,7
TGGCCAGAGCAGGCTA,6,0.05,0.8,0.15,7
TGGCCAGAGGCCCTTG,1000,0.05,0.8,0.15,7
TGGCCAGAGTGAACAT,1,0.05,0.8,0.15,7
TGGCCAGCAAGACACG,4,0.05,0.8,0.15,7
TGGCCAGCATCGTCGG,6,0.05,0.8,0.15,7
TGGCCAGGTCGAGTTT,7,0.05,0.8,0.15,7
TGGCCAGGTGTGGTTT,0,0.05,0.8,0.15,7
TGGCCAGTCACAACGT,1,0.05,0.8,0.15,7
TGGCGCAAGCGCTTAT,8,0.05,0.8,0.15,7
TGGCGCAAGTACGTTC,7,0.05,0.8,0.15,7
TGGCGCACAACAACCT,1,0.05,0.8,0.15,7
TGGCGCACAAGGGTCA,1,0.05,0.8,0.15,7
TGGCGCACACCAGCAC,7,0.05,0.8,0.15,7
TGGCGCACACTAGTAC,8,0.05,0.8,0.15,7
TGGCGCACATGGTAGG,7,0.05,0.8,0.15,7
TGGCGCAGTGAAATCA,7,0.05,0.8,0.15,7
TGGCGCATCACCCTCA,4,0.05,0.8,0.15,7
TGGCGCATCAGCGATT,8,0.05,0.8,0.15,7
TGGCGCATCAGCTCGG,7,0.05,0.8,0.15,7
TGGCTGGAGTCCGTAT,8,0.05,0.8,0.15,7
TGGCTGGCAATGACCT,2,0.05,0.8,0.15,7
TGGCTGGGTATCGCAT,7,0.05,0.8,0.15,7
TGGCTGGGTCTGCAAT,6,0.05,0.8,0.15,7
TGGCTGGTCCCGACTT,3,0.05,0.8,0.15,7
TGGCTGGTCTCGTTTA,4,0.05,0.8,0.15,7
TGGGAAGAGGAACTGC,6,0.05,0.8,0.15,7
TGGGAAGAGGAATTAC,1000,0.05,0.8,0.15,7
TGGGAAGAGTACGTTC,3,0.05,0.8,0.15,7
TGGGAAGAGTAGGTGC,6,0.05,0.8,0.15,7
TGGGAAGAGTCCGTAT,8,0.05,0.8,0.15,7
TGGGAAGCACAGCCCA,8,0.05,0.8,0.15,7
TGGGAAGCAGAAGCAC,7,0.05,0.8,0.15,7
TGGGAAGCAGCCAGAA,4,0.05,0.8,0.15,7
TGGGAAGCATATACCG,8,0.05,0.8,0.15,7
TGGGAAGCATGCTAGT,1,0.05,0.8,0.15,7
TGGGAAGGTAATCGTC,6,0.05,0.8,0.15,7
TGGGAAGGTAGAGTGC,1,0.05,0.8,0.15,7
TGGGAAGTCCTGCCAT,8,0.05,0.8,0.15,7
TGGGAAGTCTGATTCT,1,0.05,0.8,0.15,7
TGGGAAGTCTGCTGTC,8,0.05,0.8,0.15,7
TGGGAAGTCTTCTGGC,5,0.05,0.8,0.15,7
TGGGCGTAGCTCTCGG,7,0.05,0.8,0.15,7
TGGGCGTAGGCTCTTA,7,0.05,0.8,0.15,7
TGGGCGTAGTTGCAGG,8,0.05,0.8,0.15,7
TGGGCGTCACGGTGTC,2,0.05,0.8,0.15,7
TGGGCGTCACTACAGT,8,0.05,0.8,0.15,7
TGGGCGTCAGTTCCCT,8,0.05,0.8,0.15,7
TGGGCGTCATTTCACT,0,0.05,0.8,0.15,7
TGGGCGTGTAGCGTAG,7,0.05,0.8,0.15,7
TGGGCGTGTATATGGA,3,0.05,0.8,0.15,7
TGGGCGTGTTGGTTTG,8,0.05,0.8,0.15,7
TGGTTAGAGGACAGCT,7,0.05,0.8,0.15,7
TGGTTAGAGGGCTTGA,2,0.05,0.8,0.15,7
TGGTTAGCATTTCACT,3,0.05,0.8,0.15,7
TGGTTAGGTGTGGCTC,4,0.05,0.8,0.15,7
TGGTTAGTCCACTCCA,6,0.05,0.8,0.15,7
TGGTTAGTCCTATTCA,2,0.05,0.8,0.15,7
TGGTTAGTCGGTCCGA,7,0.05,0.8,0.15,7
TGGTTAGTCTACTCAT,2,0.05,0.8,0.15,7
TGGTTAGTCTCCTATA,3,0.05,0.8,0.15,7
TGGTTCCAGAGAACAG,3,0.05,0.8,0.15,7
TGGTTCCAGGATCGCA,4,0.05,0.8,0.15,7
TGGTTCCAGGTGACCA,4,0.05,0.8,0.15,7
TGGTTCCGTGCCTTGG,1,0.05,0.8,0.15,7
TGGTTCCGTGCTAGCC,7,0.05,0.8,0.15,7
TGGTTCCTCAGGTAAA,1000,0.05,0.8,0.15,7
TGGTTCCTCGATCCCT,6,0.05,0.8,0.15,7
TGTATTCAGGGCTTCC,6,0.05,0.8,0.15,7
TGTATTCAGTGAACGC,6,0.05,0.8,0.15,7
TGTATTCAGTGAAGAG,1,0.05,0.8,0.15,7
TGTATTCCACGAAGCA,5,0.05,0.8,0.15,7
TGTATTCCATACCATG,5,0.05,0.8,0.15,7
TGTATTCGTCCATGAT,0,0.05,0.8,0.15,7
TGTATTCTCACTTATC,7,0.05,0.8,0.15,7
TGTATTCTCCACGCAG,3,0.05,0.8,0.15,7
TGTATTCTCGGTTAAC,7,0.05,0.8,0.15,7
TGTATTCTCTCTGAGA,2,0.05,0.8,0.15,7
TGTCCCAAGACGCACA,8,0.05,0.8,0.15,7
TGTCCCAAGAGTAAGG,8,0.05,0.8,0.15,7
TGTCCCAAGGGTCTCC,5,0.05,0.8,0.15,7
TGTCCCACAGTCCTTC,3,0.05,0.8,0.15,7
TGTCCCAGTCCGTCAG,6,0.05,0.8,0.15,7
TGTCCCAGTGTGCCTG,2,0.05,0.8,0.15,7
TGTCCCAGTTACGACT,6,0.05,0.8,0.15,7
TGTCCCATCACAGGCC,4,0.05,0.8,0.15,7
TGTCCCATCCCAGGTG,4,0.05,0.8,0.15,7
TGTCCCATCTCCGGTT,6,0.05,0.8,0.15,7
TGTGGTAAGACATAAC,2,0.05,0.8,0.15,7
TGTGGTAAGAGCTGGT,2,0.05,0.8,0.15,7
TGTGGTAAGCCACGTC,8,0.05,0.8,0.15,7
TGTGGTAAGGCGACAT,1,0.05,0.8,0.15,7
TGTGGTAAGGTGTTAA,8,0.05,0.8,0.15,7
TGTGGTAAGTGACTCT,7,0.05,0.8,0.15,7
TGTGGTACAAGTCTGT,3,0.05,0.8,0.15,7
TGTGGTAGTACCGAGA,3,0.05,0.8,0.15,7
TGTGGTAGTGTTCTTT,2,0.05,0.8,0.15,7
TGTGGTATCACATGCA,8,0.05,0.8,0.15,7
TGTGGTATCCAAACAC,4,0.05,0.8,0.15,7
TGTGGTATCCGTAGTA,7,0.05,0.8,0.15,7
TGTGGTATCGGACAAG,3,0.05,0.8,0.15,7
TGTGGTATCGTACCGG,5,0.05,0.8,0.15,7
TGTGGTATCTGTCTCG,7,0.05,0.8,0.15,7
TGTGTTTAGGTGTGGT,1000,0.05,0.8,0.15,7
TGTGTTTCAAACTGTC,8,0.05,0.8,0.15,7
TGTGTTTCAATCGAAA,2,0.05,0.8,0.15,7
TGTGTTTCAGATCCAT,4,0.05,0.8,0.15,7
TGTGTTTGTAAGGATT,3,0.05,0.8,0.15,7
TGTGTTTGTAGCGTAG,4,0.05,0.8,0.15,7
TGTGTTTGTCCAGTGC,7,0.05,0.8,0.15,7
TGTGTTTTCTTTCCTC,7,0.05,0.8,0.15,7
TGTTCCGAGAAGGTTT,3,0.05,0.8,0.15,7
TGTTCCGAGAGTAATC,3,0.05,0.8,0.15,7
TGTTCCGAGAGTGAGA,1,0.05,0.8,0.15,7
TGTTCCGAGCGTGAGT,1,0.05,0.8,0.15,7
TGTTCCGAGGGTGTTG,8,0.05,0.8,0.15,7
TGTTCCGCACTAGTAC,3,0.05,0.8,0.15,7
TGTTCCGCACTGTCGG,1,0.05,0.8,0.15,7
TGTTCCGCAGACAAGC,3,0.05,0.8,0.15,7
TGTTCCGCATCCAACA,6,0.05,0.8,0.15,7
TGTTCCGGTAAACACA,5,0.05,0.8,0.15,7
TGTTCCGGTAGCTGCC,2,0.05,0.8,0.15,7
TGTTCCGGTCGATTGT,8,0.05,0.8,0.15,7
TGTTCCGTCGGTGTTA,7,0.05,0.8,0.15,7
TGTTCCGTCGTTGACA,1,0.05,0.8,0.15,7
TGTTCCGTCTAAGCCA,5,0.05,0.8,0.15,7
TTAACTCAGCTTATCG,1,0.05,0.8,0.15,7
TTAACTCCAAAGGTGC,6,0.05,0.8,0.15,7
TTAACTCCAACGCACC,1000,0.05,0.8,0.15,7
TTAACTCCAAGGTTTC,2,0.05,0.8,0.15,7
TTAACTCCATTAGGCT,7,0.05,0.8,0.15,7
TTAACTCGTGATAAAC,2,0.05,0.8,0.15,7
TTAACTCGTGGTTTCA,4,0.05,0.8,0.15,7
TTAACTCTCCAGAAGG,1,0.05,0.8,0.15,7
TTAACTCTCGGCGCAT,8,0.05,0.8,0.15,7
TTAACTCTCGGCTACG,8,0.05,0.8,0.15,7
TTAGGACAGATATGCA,6,0.05,0.8,0.15,7
TTAGGACAGATCTGCT,1000,0.05,0.8,0.15,7
TTAGGACCAAACCTAC,8,0.05,0.8,0.15,7
TTAGGACCAAGTTGTC,0,0.05,0.8,0.15,7
TTAGGACCACCATCCT,2,0.05,0.8,0.15,7
TTAGGACCATGCAATC,7,0.05,0.8,0.15,7
TTAGGACGTAAGTGGC,1,0.05,0.8,0.15,7
TTAGGACTCAGTCAGT,8,0.05,0.8,0.15,7
TTAGGCAAGATAGTCA,5,0.05,0.8,0.15,7
TTAGGCAAGGGAGTAA,4,0.05,0.8,0.15,7
TTAGGCAAGTTGTAGA,2,0.05,0.8,0.15,7
TTAGGCACAGACGTAG,8,0.05,0.8,0.15,7
TTAGGCACAGGCTCAC,5,0.05,0.8,0.15,7
TTAGGCAGTACCGCTG,1000,0.05,0.8,0.15,7
TTAGGCAGTTTAGCTG,8,0.05,0.8,0.15,7
TTAGGCATCATTATCC,7,0.05,0.8,0.15,7
TTAGGCATCTGCCAGG,8,0.05,0.8,0.15,7
TTAGTTCAGACGCTTT,1,0.05,0.8,0.15,7
TTAGTTCAGATGTCGG,8,0.05,0.8,0.15,7
TTAGTTCAGCTCCCAG,0,0.05,0.8,0.15,7
TTAGTTCAGGTGTGGT,1,0.05,0.8,0.15,7
TTAGTTCAGTGACATA,4,0.05,0.8,0.15,7
TTAGTTCCACCTGGTG,1000,0.05,0.8,0.15,7
TTAGTTCCACTGCCAG,1,0.05,0.8,0.15,7
TTAGTTCGTAATCACC,8,0.05,0.8,0.15,7
TTAGTTCGTCCGTTAA,1000,0.05,0.8,0.15,7
TTAGTTCGTTCAGTAC,1,0.05,0.8,0.15,7
TTAGTTCTCACAGGCC,8,0.05,0.8,0.15,7
TTAGTTCTCAGAGGTG,3,0.05,0.8,0.15,7
TTAGTTCTCCAAATGC,1,0.05,0.8,0.15,7
TTAGTTCTCGCAAGCC,3,0.05,0.8,0.15,7
TTAGTTCTCGTAGGAG,3,0.05,0.8,0.15,7
TTAGTTCTCTTGCATT,5,0.05,0.8,0.15,7
TTATGCTAGAGGTTGC,7,0.05,0.8,0.15,7
TTATGCTAGGAACTGC,8,0.05,0.8,0.15,7
TTATGCTAGGCAGTCA,4,0.05,0.8,0.15,7
TTATGCTAGGCATTGG,2,0.05,0.8,0.15,7
TTATGCTCAAACAACA,3,0.05,0.8,0.15,7
TTATGCTCACTCGACG,6,0.05,0.8,0.15,7
TTATGCTCATCCGCGA,0,0.05,0.8,0.15,7
TTATGCTTCCGTCAAA,8,0.05,0.8,0.15,7
TTATGCTTCTTATCTG,7,0.05,0.8,0.15,7
TTATGCTTCTTCTGGC,6,0.05,0.8,0.15,7
TTCCCAGAGGTCGGAT,7,0.05,0.8,0.15,7
TTCCCAGGTAGCTTGT,0,0.05,0.8,0.15,7
TTCCCAGGTCACCCAG,6,0.05,0.8,0.15,7
TTCCCAGGTCTGCAAT,8,0.05,0.8,0.15,7
TTCCCAGTCACCTCGT,4,0.05,0.8,0.15,7
TTCCCAGTCCCTTGTG,8,0.05,0.8,0.15,7
TTCCCAGTCGGAAATA,8,0.05,0.8,0.15,7
TTCCCAGTCGTAGGTT,2,0.05,0.8,0.15,7
TTCCCAGTCTTGAGGT,6,0.05,0.8,0.15,7
TTCGAAGAGATAGTCA,4,0.05,0.8,0.15,7
TTCGAAGCAATCCAAC,8,0.05,0.8,0.15,7
TTCGAAGGTATTCTCT,7,0.05,0.8,0.15,7
TTCGAAGGTCCTCTTG,2,0.05,0.8,0.15,7
TTCGAAGTCACAAACC,7,0.05,0.8,0.15,7
TTCGGTCAGATGTGTA,1000,0.05,0.8,0.15,7
TTCGGTCAGCGCCTTG,7,0.05,0.8,0.15,7
TTCGGTCCAGATGAGC,7,0.05,0.8,0.15,7
TTCGGTCCAGTGACAG,7,0.05,0.8,0.15,7
TTCGGTCGTAAGGGAA,6,0.05,0.8,0.15,7
TTCGGTCGTAGCTTGT,3,0.05,0.8,0.15,7
TTCTACAAGAACTGTA,7,0.05,0.8,0.15,7
TTCTACAAGCGCCTCA,0,0.05,0.8,0.15,7
TTCTACAAGTCTTGCA,5,0.05,0.8,0.15,7
TTCTACACAAAGTCAA,6,0.05,0.8,0.15,7
TTCTACACAATAACGA,3,0.05,0.8,0.15,7
TTCTACACAGATCTGT,0,0.05,0.8,0.15,7
TTCTACAGTAAATGAC,1,0.05,0.8,0.15,7
TTCTACAGTAACGTTC,7,0.05,0.8,0.15,7
TTCTACAGTACATCCA,4,0.05,0.8,0.15,7
TTCTACAGTCCGTTAA,1,0.05,0.8,0.15,7
TTCTACAGTCTTTCAT,6,0.05,0.8,0.15,7
TTCTACAGTGTTCGAT,1,0.05,0.8,0.15,7
TTCTACAGTTTGGCGC,1000,0.05,0.8,0.15,7
TTCTACATCTTTACAC,4,0.05,0.8,0.15,7
TTCTCAAAGAGGGATA,5,0.05,0.8,0.15,7
TTCTCAAAGCACCGCT,8,0.05,0.8,0.15,7
TTCTCAAAGCTAGTTC,1,0.05,0.8,0.15,7
TTCTCAAAGGACAGCT,8,0.05,0.8,0.15,7
TTCTCAAAGTCCGTAT,8,0.05,0.8,0.15,7
TTCTCAAAGTTCGCGC,8,0.05,0.8,0.15,7
TTCTCAACAGCTTAAC,6,0.05,0.8,0.15,7
TTCTCAACATAGGATA,7,0.05,0.8,0.15,7
TTCTCAACATCCCACT,1,0.05,0.8,0.15,7
TTCTCAACATCCTTGC,1,0.05,0.8,0.15,7
TTCTCAAGTGTATGGG,4,0.05,0.8,0.15,7
TTCTCAATCGTAGGAG,5,0.05,0.8,0.15,7
TTCTCCTAGCTACCGC,1000,0.05,0.8,0.15,7
TTCTCCTAGCTAGGCA,5,0.05,0.8,0.15,7
TTCTCCTAGGGCATGT,3,0.05,0.8,0.15,7
TTCTCCTAGTCCAGGA,4,0.05,0.8,0.15,7
TTCTCCTAGTCCGGTC,8,0.05,0.8,0.15,7
TTCTCCTAGTGGCACA,6,0.05,0.8,0.15,7
TTCTCCTCACGTGAGA,4,0.05,0.8,0.15,7
TTCTCCTCACTGCCAG,3,0.05,0.8,0.15,7
TTCTCCTGTGTTGAGG,5,0.05,0.8,0.15,7
TTCTCCTGTTCCTCCA,3,0.05,0.8,0.15,7
TTCTCCTGTTGATTGC,5,0.05,0.8,0.15,7
TTCTCCTGTTTGGCGC,1,0.05,0.8,0.15,7
TTCTCCTTCATCACCC,7,0.05,0.8,0.15,7
TTCTTAGAGAAGGTGA,1,0.05,0.8,0.15,7
TTCTTAGAGCACACAG,3,0.05,0.8,0.15,7
TTCTTAGAGCTAGTTC,8,0.05,0.8,0.15,7
TTCTTAGCAAACGCGA,5,0.05,0.8,0.15,7
TTCTTAGCAAGGCTCC,0,0.05,0.8,0.15,7
TTCTTAGCACGGATAG,3,0.05,0.8,0.15,7
TTCTTAGCATGGTCTA,8,0.05,0.8,0.15,7
TTCTTAGGTACTCGCG,1000,0.05,0.8,0.15,7
TTCTTAGTCACCTCGT,4,0.05,0.8,0.15,7
TTCTTAGTCACTTCAT,5,0.05,0.8,0.15,7
TTCTTAGTCAGAAATG,1,0.05,0.8,0.15,7
TTCTTAGTCAGCGATT,5,0.05,0.8,0.15,7
TTCTTAGTCATGTAGC,1,0.05,0.8,0.15,7
TTCTTAGTCCTCATTA,7,0.05,0.8,0.15,7
TTGAACGAGCGTCTAT,2,0.05,0.8,0.15,7
TTGAACGAGGCAATTA,2,0.05,0.8,0.15,7
TTGAACGAGTTCCACA,5,0.05,0.8,0.15,7
TTGAACGCAAAGCAAT,3,0.05,0.8,0.15,7
TTGAACGCAACTGCTA,4,0.05,0.8,0.15,7
TTGAACGGTATAGGGC,1,0.05,0.8,0.15,7
TTGAACGGTCTTCTCG,5,0.05,0.8,0.15,7
TTGAACGGTGGGTATG,6,0.05,0.8,0.15,7
TTGAACGTCCCAACGG,4,0.05,0.8,0.15,7
TTGAACGTCCGTTGTC,3,0.05,0.8,0.15,7
TTGAACGTCCTGTACC,1,0.05,0.8,0.15,7
TTGAACGTCGGATGGA,8,0.05,0.8,0.15,7
TTGAACGTCTGATTCT,6,0.05,0.8,0.15,7
TTGACTTAGCGTAGTG,7,0.05,0.8,0.15,7
TTGACTTAGTCTTGCA,2,0.05,0.8,0.15,7
TTGACTTCAGGGTACA,7,0.05,0.8,0.15,7
TTGACTTCATGCTGGC,1,0.05,0.8,0.15,7
TTGACTTGTCGCGTGT,1000,0.05,0.8,0.15,7
TTGACTTGTGTGAATA,3,0.05,0.8,0.15,7
TTGACTTTCATGCATG,4,0.05,0.8,0.15,7
TTGACTTTCGCCGTGA,3,0.05,0.8,0.15,7
TTGACTTTCTGAGGGA,8,0.05,0.8,0.15,7
TTGCCGTAGGACCACA,1,0.05,0.8,0.15,7
TTGCCGTAGGCTCAGA,3,0.05,0.8,0.15,7
TTGCCGTAGGCTCTTA,6,0.05,0.8,0.15,7
TTGCCGTAGGGATGGG,1000,0.05,0.8,0.15,7
TTGCCGTAGTCGTACT,1000,0.05,0.8,0.15,7
TTGCCGTAGTGTACCT,5,0.05,0.8,0.15,7
TTGCCGTCACCTATCC,5,0.05,0.8,0.15,7
TTGCCGTCAGCTGCAC,8,0.05,0.8,0.15,7
TTGCCGTGTATTACCG,1,0.05,0.8,0.15,7
TTGCCGTGTCCGTCAG,1,0.05,0.8,0.15,7
TTGCCGTGTCGAACAG,3,0.05,0.8,0.15,7
TTGCCGTGTGACTCAT,2,0.05,0.8,0.15,7
TTGCCGTGTTATGTGC,1,0.05,0.8,0.15,7
TTGCCGTTCCATTCTA,8,0.05,0.8,0.15,7
TTGCCGTTCGCCAGCA,5,0.05,0.8,0.15,7
TTGCCGTTCGTTTAGG,7,0.05,0.8,0.15,7
TTGCCGTTCTAGCACA,6,0.05,0.8,0.15,7
TTGCGTCAGTTATCGC,7,0.05,0.8,0.15,7
TTGCGTCCAACGATGG,3,0.05,0.8,0.15,7
TTGCGTCCAATGGAAT,3,0.05,0.8,0.15,7
TTGCGTCCACCTGGTG,8,0.05,0.8,0.15,7
TTGCGTCCAGCGTTCG,2,0.05,0.8,0.15,7
TTGCGTCGTCACAAGG,8,0.05,0.8,0.15,7
TTGCGTCGTCTAACGT,6,0.05,0.8,0.15,7
TTGCGTCTCTGTCAAG,0,0.05,0.8,0.15,7
TTGGAACAGGTAAACT,2,0.05,0.8,0.15,7
TTGGAACAGTCCAGGA,8,0.05,0.8,0.15,7
TTGGAACCAAGCGAGT,4,0.05,0.8,0.15,7
TTGGAACCAATCCAAC,8,0.05,0.8,0.15,7
TTGGAACCACATGACT,7,0.05,0.8,0.15,7
TTGGAACCATCCCACT,4,0.05,0.8,0.15,7
TTGGAACCATGCATGT,5,0.05,0.8,0.15,7
TTGGAACGTACTCAAC,8,0.05,0.8,0.15,7
TTGGAACGTGGCAAAC,5,0.05,0.8,0.15,7
TTGGAACGTTCCATGA,6,0.05,0.8,0.15,7
TTGGAACGTTTGCATG,1,0.05,0.8,0.15,7
TTGGAACTCCGAGCCA,6,0.05,0.8,0.15,7
TTGGCAAAGACAGACC,5,0.05,0.8,0.15,7
TTGGCAAAGTCGCCGT,3,0.05,0.8,0.15,7
TTGGCAAAGTGTTGAA,2,0.05,0.8,0.15,7
TTGGCAAGTTCATGGT,6,0.05,0.8,0.15,7
TTGGCAATCACAAACC,6,0.05,0.8,0.15,7
TTGGCAATCATGTCCC,7,0.05,0.8,0.15,7
TTGTAGGCAAACGTGG,6,0.05,0.8,0.15,7
TTGTAGGCAGCTCGCA,1,0.05,0.8,0.15,7
TTGTAGGGTGATGTGG,4,0.05,0.8,0.15,7
TTGTAGGTCACCCGAG,8,0.05,0.8,0.15,7
TTGTAGGTCCAAGCCG,2,0.05,0.8,0.15,7
TTTACTGAGGTCATCT,2,0.05,0.8,0.15,7
TTTACTGAGTGACATA,1,0.05,0.8,0.15,7
TTTACTGCAAGCGTAG,7,0.05,0.8,0.15,7
TTTACTGCAATCAGAA,8,0.05,0.8,0.15,7
TTTACTGCACAAGACG,5,0.05,0.8,0.15,7
TTTACTGCACACATGT,5,0.05,0.8,0.15,7
TTTACTGCATCGGAAG,4,0.05,0.8,0.15,7
TTTACTGCATGCCTTC,1000,0.05,0.8,0.15,7
TTTACTGCATGTCTCC,5,0.05,0.8,0.15,7
TTTACTGGTAGATTAG,4,0.05,0.8,0.15,7
TTTACTGGTGGGTATG,7,0.05,0.8,0.15,7
TTTACTGTCGCCTGTT,7,0.05,0.8,0.15,7
TTTATGCAGAAGGTTT,7,0.05,0.8,0.15,7
TTTATGCAGCTGTTCA,4,0.05,0.8,0.15,7
TTTATGCAGTGGAGTC,7,0.05,0.8,0.15,7
TTTATGCCAATCTGCA,1,0.05,0.8,0.15,7
TTTATGCCAATGTTGC,8,0.05,0.8,0.15,7
TTTATGCCAGTGGGAT,7,0.05,0.8,0.15,7
TTTATGCGTAGCACGA,2,0.05,0.8,0.15,7
TTTATGCTCAACGAAA,1,0.05,0.8,0.15,7
TTTCCTCAGAGGTTGC,3,0.05,0.8,0.15,7
TTTCCTCAGCCGTCGT,2,0.05,0.8,0.15,7
TTTCCTCAGCTCCTTC,6,0.05,0.8,0.15,7
TTTCCTCAGGCTAGAC,2,0.05,0.8,0.15,7
TTTCCTCAGTAGGCCA,1000,0.05,0.8,0.15,7
TTTCCTCAGTGGTAAT,5,0.05,0.8,0.15,7
TTTCCTCCAATCAGAA,7,0.05,0.8,0.15,7
TTTCCTCCATCGGAAG,3,0.05,0.8,0.15,7
TTTCCTCGTCGCCATG,4,0.05,0.8,0.15,7
TTTCCTCGTGACGGTA,8,0.05,0.8,0.15,7
TTTCCTCGTTCTCATT,5,0.05,0.8,0.15,7
TTTCCTCTCAGTTGAC,8,0.05,0.8,0.15,7
TTTCCTCTCCCTAACC,7,0.05,0.8,0.15,7
TTTCCTCTCCGCATCT,2,0.05,0.8,0.15,7
TTTCCTCTCCGTAGTA,1000,0.05,0.8,0.15,7
TTTGCGCAGCAGATCG,7,0.05,0.8,0.15,7
TTTGCGCAGCGATATA,1000,0.05,0.8,0.15,7
TTTGCGCCAACAACCT,3,0.05,0.8,0.15,7
TTTGCGCGTAAAGGAG,1,0.05,0.8,0.15,7
TTTGCGCGTATAAACG,3,0.05,0.8,0.15,7
TTTGCGCGTCACTGGC,1,0.05,0.8,0.15,7
TTTGCGCGTCGAACAG,2,0.05,0.8,0.15,7
TTTGCGCGTTGTGGAG,6,0.05,0.8,0.15,7
TTTGCGCTCGCAGGCT,1,0.05,0.8,0.15,7
TTTGCGCTCGTCCAGG,1,0.05,0.8,0.15,7
TTTGCGCTCTTAACCT,7,0.05,0.8,0.15,7
TTTGGTTAGTGAACGC,6,0.05,0.8,0.15,7
TTTGGTTCAACGCACC,1,0.05,0.8,0.15,7
TTTGGTTGTCTGCGGT,3,0.05,0.8,0.15,7
TTTGGTTTCGGTGTTA,1,0.05,0.8,0.15,7
TTTGGTTTCTCCCTGA,4,0.05,0.8,0.15,7
TTTGGTTTCTTGCCGT,4,0.05,0.8,0.15,7
TTTGTCAAGCCCGAAA,3,0.05,0.8,0.15,7
TTTGTCAAGCGTGAGT,2,0.05,0.8,0.15,7
TTTGTCAAGGACGAAA,5,0.05,0.8,0.15,7
TTTGTCAAGGCCATAG,0,0.05,0.8,0.15,7
TTTGTCAAGGTGTTAA,1,0.05,0.8,0.15,7
TTTGTCACAAAGGTGC,4,0.05,0.8,0.15,7
TTTGTCACAGTCTTCC,3,0.05,0.8,0.15,7
TTTGTCACATGACATC,3,0.05,0.8,0.15,7
TTTGTCAGTTCGTTGA,1,0.05,0.8,0.15,7
TTTGTCATCATGCATG,3,0.05,0.8,0.15,7
TTTGTCATCCCTCAGT,4,0.05,0.8,0.15,7
TTTGTCATCCTGTACC,6,0.05,0.8,0.15,7
TTTGTCATCTGTCTAT,7,0.05,0.8,0.15,7
