cell_barcode,assignment,prior_neg,prior_singlet,prior_doublet,n_noise
AAACCTGAGATGTTAG,2,0.05,0.8,0.15,6
AAACCTGCATCGATTG,4,0.05,0.8,0.15,6
AAACCTGGTAGGGTAC,2,0.05,0.8,0.15,6
AAACCTGGTGCCTTGG,2,0.05,0.8,0.15,6
AAACCTGGTTGGAGGT,1000,0.05,0.8,0.15,6
AAACCTGTCGAGAGCA,1,0.05,0.8,0.15,6
AAACGGGAGAAAGTGG,2,0.05,0.8,0.15,6
AAACGGGAGGAGCGTT,1,0.05,0.8,0.15,6
AAACGGGAGTGTACTC,7,0.05,0.8,0.15,6
AAACGGGCATGCAATC,7,0.05,0.8,0.15,6
AAAGATGAGAAACGAG,1,0.05,0.8,0.15,6
AAAGATGAGATATACG,6,0.05,0.8,0.15,6
AAAGATGAGTTTGCGT,4,0.05,0.8,0.15,6
AAAGATGCAAGCGCTC,5,0.05,0.8,0.15,6
AAAGATGCACTACAGT,8,0.05,0.8,0.15,6
AAAGATGCATTCACTT,8,0.05,0.8,0.15,6
AAAGATGGTAAGTAGT,4,0.05,0.8,0.15,6
AAAGATGGTCCAGTTA,1000,0.05,0.8,0.15,6
AAAGATGGTTCCATGA,8,0.05,0.8,0.15,6
AAAGATGGTTCCGGCA,4,0.05,0.8,0.15,6
AAAGATGGTTGGGACA,1,0.05,0.8,0.15,6
AAAGATGTCGGCCGAT,4,0.05,0.8,0.15,6
AAAGATGTCGTCTGAA,7,0.05,0.8,0.15,6
AAAGATGTCTAACTGG,8,0.05,0.8,0.15,6
AAAGCAAAGACGACGT,1,0.05,0.8,0.15,6
AAAGCAAAGCAGCGTA,4,0.05,0.8,0.15,6
AAAGCAAAGGGTGTTG,3,0.05,0.8,0.15,6
AAAGCAAAGTCATGCT,4,0.05,0.8,0.15,6
AAAGCAACATAGGATA,8,0.05,0.8,0.15,6
AAAGCAAGTTACGTCA,8,0.05,0.8,0.15,6
AAAGCAAGTTTAAGCC,3,0.05,0.8,0.15,6
AAAGCAAGTTTGACTG,3,0.05,0.8,0.15,6
AAAGCAATCTCTAGGA,1000,0.05,0.8,0.15,6
AAAGTAGAGTACGTAA,7,0.05,0.8,0.15,6
AAAGTAGAGTGAAGTT,5,0.05,0.8,0.15,6
AAAGTAGCAATGAATG,3,0.05,0.8,0.15,6
AAAGTAGGTATTAGCC,3,0.05,0.8,0.15,6
AAAGTAGGTCATGCAT,4,0.05,0.8,0.15,6
AAAGTAGGTGTTCGAT,4,0.05,0.8,0.15,6
AAAGTAGTCCGTCAAA,0,0.05,0.8,0.15,6
AAAGTAGTCGGAGCAA,4,0.05,0.8,0.15,6
AAATGCCAGAAACGAG,1000,0.05,0.8,0.15,6
AAATGCCAGACTACAA,4,0.05,0.8,0.15,6
AAATGCCAGCTAACAA,2,0.05,0.8,0.15,6
AAATGCCAGTGTCCAT,8,0.05,0.8,0.15,6
AAATGCCCAACACCTA,2,0.05,0.8,0.15,6
AAATGCCCACAAGCCC,6,0.05,0.8,0.15,6
AAATGCCCAGATGGCA,8,0.05,0.8,0.15,6
AAATGCCGTCTAAAGA,1,0.05,0.8,0.15,6
AAATGCCGTTAGAACA,7,0.05,0.8,0.15,6
AAATGCCGTTCATGGT,4,0.05,0.8,0.15,6
AAATGCCTCAAGGTAA,6,0.05,0.8,0.15,6
AAATGCCTCAGGCGAA,1,0.05,0.8,0.15,6
AACACGTAGAAGGTTT,1000,0.05,0.8,0.15,6
AACACGTAGATCCTGT,4,0.05,0.8,0.15,6
AACACGTAGGTAGCCA,8,0.05,0.8,0.15,6
AACACGTCATAAGACA,1000,0.05,0.8,0.15,6
AACACGTTCAACCATG,7,0.05,0.8,0.15,6
AACACGTTCACGGTTA,2,0.05,0.8,0.15,6
AACCATGAGAATGTGT,4,0.05,0.8,0.15,6
AACCATGAGAGTCTGG,1,0.05,0.8,0.15,6
AACCATGCAGGTGCCT,6,0.05,0.8,0.15,6
AACCATGCAGTATAAG,6,0.05,0.8,0.15,6
AACCATGCAGTGAGTG,5,0.05,0.8,0.15,6
AACCATGGTACAAGTA,2,0.05,0.8,0.15,6
AACCATGGTACCCAAT,5,0.05,0.8,0.15,6
AACCATGGTCAATACC,1000,0.05,0.8,0.15,6
AACCATGGTGTGAATA,1,0.05,0.8,0.15,6
AACCATGTCACTCTTA,8,0.05,0.8,0.15,6
AACCATGTCGAGGTAG,2,0.05,0.8,0.15,6
AACCATGTCGCAGGCT,7,0.05,0.8,0.15,6
AACCATGTCGCGTAGC,7,0.05,0.8,0.15,6
AACCATGTCTTCGGTC,5,0.05,0.8,0.15,6
AACCGCGAGGGCACTA,1,0.05,0.8,0.15,6
AACCGCGAGTTTGCGT,1000,0.05,0.8,0.15,6
AACCGCGCAGCGAACA,7,0.05,0.8,0.15,6
AACCGCGCATATACGC,1,0.05,0.8,0.15,6
AACCGCGCATCCCATC,5,0.05,0.8,0.15,6
AACCGCGGTCGGGTCT,6,0.05,0.8,0.15,6
AACCGCGTCAGAGGTG,3,0.05,0.8,0.15,6
AACCGCGTCCCAGGTG,5,0.05,0.8,0.15,6
AACCGCGTCCTAGTGA,3,0.05,0.8,0.15,6
AACCGCGTCGACGGAA,8,0.05,0.8,0.15,6
AACCGCGTCTGTACGA,2,0.05,0.8,0.15,6
AACGTTGAGATCCTGT,1,0.05,0.8,0.15,6
AACGTTGAGCCTATGT,6,0.05,0.8,0.15,6
AACGTTGAGTGTCCAT,1000,0.05,0.8,0.15,6
AACGTTGCAAACCTAC,4,0.05,0.8,0.15,6
AACGTTGCAAGGGTCA,3,0.05,0.8,0.15,6
AACGTTGCAAGTTCTG,5,0.05,0.8,0.15,6
AACGTTGCAGGGATTG,7,0.05,0.8,0.15,6
AACGTTGGTGTAAGTA,1,0.05,0.8,0.15,6
AACGTTGGTTATGTGC,5,0.05,0.8,0.15,6
AACGTTGTCGTTGCCT,1,0.05,0.8,0.15,6
AACTCAGAGCGTCAAG,4,0.05,0.8,0.15,6
AACTCAGCAACACCCG,1,0.05,0.8,0.15,6
AACTCAGCAAGGCTCC,3,0.05,0.8,0.15,6
AACTCAGCACCAGGTC,1,0.05,0.8,0.15,6
AACTCAGCAGGATTGG,3,0.05,0.8,0.15,6
AACTCAGCATCGATGT,3,0.05,0.8,0.15,6
AACTCAGCATGGATGG,2,0.05,0.8,0.15,6
AACTCAGGTCAGAGGT,3,0.05,0.8,0.15,6
AACTCAGTCAAACCGT,7,0.05,0.8,0.15,6
AACTCAGTCCACGTTC,5,0.05,0.8,0.15,6
AACTCCCAGGCTAGCA,7,0.05,0.8,0.15,6
AACTCCCAGTCAATAG,4,0.05,0.8,0.15,6
AACTCCCCAAACTGTC,6,0.05,0.8,0.15,6
AACTCCCCAAGTACCT,5,0.05,0.8,0.15,6
AACTCCCCAATGACCT,4,0.05,0.8,0.15,6
AACTCCCCACATTAGC,1000,0.05,0.8,0.15,6
AACTCCCCACTGTCGG,8,0.05,0.8,0.15,6
AACTCCCCAGGCTCAC,7,0.05,0.8,0.15,6
AACTCCCGTCTAGCCG,0,0.05,0.8,0.15,6
AACTCCCGTGACTACT,7,0.05,0.8,0.15,6
AACTCCCGTGTCGCTG,8,0.05,0.8,0.15,6
AACTCCCGTTCCACTC,3,0.05,0.8,0.15,6
AACTCCCGTTTGGGCC,5,0.05,0.8,0.15,6
AACTCCCTCACGCATA,4,0.05,0.8,0.15,6
AACTCCCTCCTAGTGA,0,0.05,0.8,0.15,6
AACTCCCTCTACCAGA,3,0.05,0.8,0.15,6
AACTCCCTCTCATTCA,1000,0.05,0.8,0.15,6
AACTCCCTCTTAGAGC,1000,0.05,0.8,0.15,6
AACTCTTAGACGCACA,7,0.05,0.8,0.15,6
AACTCTTAGAGTCGGT,0,0.05,0.8,0.15,6
AACTCTTAGCGCTTAT,4,0.05,0.8,0.15,6
AACTCTTAGCGGCTTC,1,0.05,0.8,0.15,6
AACTCTTAGCTAGGCA,3,0.05,0.8,0.15,6
AACTCTTAGTGTCCAT,6,0.05,0.8,0.15,6
AACTCTTCACGTCTCT,1,0.05,0.8,0.15,6
AACTCTTCAGACTCGC,1000,0.05,0.8,0.15,6
AACTCTTGTCAATACC,7,0.05,0.8,0.15,6
AACTCTTTCAAGAAGT,1,0.05,0.8,0.15,6
AACTCTTTCCTTCAAT,3,0.05,0.8,0.15,6
AACTCTTTCGCGTTTC,5,0.05,0.8,0.15,6
AACTCTTTCGTAGATC,7,0.05,0.8,0.15,6
AACTGGTAGAGCAATT,6,0.05,0.8,0.15,6
AACTGGTAGAGCCTAG,1000,0.05,0.8,0.15,6
AACTGGTAGCTATGCT,4,0.05,0.8,0.15,6
AACTGGTCAAGTAATG,8,0.05,0.8,0.15,6
AACTGGTCACACATGT,7,0.05,0.8,0.15,6
AACTGGTCAGATGAGC,4,0.05,0.8,0.15,6
AACTGGTGTACCTACA,1000,0.05,0.8,0.15,6
AACTGGTGTGCAACGA,7,0.05,0.8,0.15,6
AACTGGTGTTAAAGAC,4,0.05,0.8,0.15,6
AACTGGTTCACTTATC,1,0.05,0.8,0.15,6
AACTTTCAGTACATGA,6,0.05,0.8,0.15,6
AACTTTCAGTAGCGGT,1,0.05,0.8,0.15,6
AACTTTCAGTCCAGGA,6,0.05,0.8,0.15,6
AACTTTCCAGTACACT,6,0.05,0.8,0.15,6
AACTTTCCATGTCGAT,7,0.05,0.8,0.15,6
AACTTTCGTGGTCCGT,7,0.05,0.8,0.15,6
AACTTTCGTGGTTTCA,3,0.05,0.8,0.15,6
AACTTTCGTGTGAATA,1000,0.05,0.8,0.15,6
AACTTTCGTTAGATGA,7,0.05,0.8,0.15,6
AACTTTCGTTGAACTC,8,0.05,0.8,0.15,6
AACTTTCTCTGCGGCA,4,0.05,0.8,0.15,6
AAGACCTAGCATGGCA,5,0.05,0.8,0.15,6
AAGACCTAGTCCGTAT,1000,0.05,0.8,0.15,6
AAGACCTAGTGGCACA,6,0.05,0.8,0.15,6
AAGACCTCAAGACGTG,8,0.05,0.8,0.15,6
AAGACCTCAAGAGTCG,5,0.05,0.8,0.15,6
AAGACCTCAGTTCCCT,2,0.05,0.8,0.15,6
AAGACCTCATCACAAC,6,0.05,0.8,0.15,6
AAGACCTGTGTGTGCC,1,0.05,0.8,0.15,6
AAGACCTGTTGCGTTA,8,0.05,0.8,0.15,6
AAGCCGCAGAGCTTCT,6,0.05,0.8,0.15,6
AAGCCGCAGCACGCCT,7,0.05,0.8,0.15,6
AAGCCGCAGCGATATA,1,0.05,0.8,0.15,6
AAGCCGCAGCGGATCA,5,0.05,0.8,0.15,6
AAGCCGCAGCGTTTAC,4,0.05,0.8,0.15,6
AAGCCGCAGGTTACCT,4,0.05,0.8,0.15,6
AAGCCGCCACCCAGTG,2,0.05,0.8,0.15,6
AAGCCGCGTGTAAGTA,4,0.05,0.8,0.15,6
AAGCCGCTCCAATGGT,1,0.05,0.8,0.15,6
AAGCCGCTCCCGACTT,4,0.05,0.8,0.15,6
AAGGAGCAGGCTCAGA,1000,0.05,0.8,0.15,6
AAGGAGCCACTCGACG,8,0.05,0.8,0.15,6
AAGGAGCGTAGCACGA,4,0.05,0.8,0.15,6
AAGGAGCGTGCACCAC,7,0.05,0.8,0.15,6
AAGGAGCGTGGCTCCA,8,0.05,0.8,0.15,6
AAGGAGCGTTGTTTGG,5,0.05,0.8,0.15,6
AAGGAGCTCAACGAAA,3,0.05,0.8,0.15,6
AAGGAGCTCCAGGGCT,2,0.05,0.8,0.15,6
AAGGAGCTCTCAAGTG,7,0.05,0.8,0.15,6
AAGGCAGAGACTTTCG,2,0.05,0.8,0.15,6
AAGGCAGAGAGCCCAA,1000,0.05,0.8,0.15,6
AAGGCAGAGCGATTCT,3,0.05,0.8,0.15,6
AAGGCAGAGGGTGTGT,7,0.05,0.8,0.15,6
AAGGCAGAGTTAACGA,7,0.05,0.8,0.15,6
AAGGCAGCACACTGCG,7,0.05,0.8,0.15,6
AAGGCAGCAGTAAGAT,1,0.05,0.8,0.15,6
AAGGCAGGTAAATGAC,3,0.05,0.8,0.15,6
AAGGCAGGTAGTAGTA,4,0.05,0.8,0.15,6
AAGGCAGGTATCGCAT,8,0.05,0.8,0.15,6
AAGGCAGGTCCGCTGA,0,0.05,0.8,0.15,6
AAGGCAGGTGCAGGTA,3,0.05,0.8,0.15,6
AAGGCAGTCAACACGT,0,0.05,0.8,0.15,6
AAGGCAGTCTCGATGA,8,0.05,0.8,0.15,6
AAGGCAGTCTGCGTAA,5,0.05,0.8,0.15,6
AAGGCAGTCTGGTGTA,4,0.05,0.8,0.15,6
AAGGCAGTCTGTCAAG,3,0.05,0.8,0.15,6
AAGGCAGTCTTCTGGC,1000,0.05,0.8,0.15,6
AAGGTTCAGTATCTCG,1,0.05,0.8,0.15,6
AAGGTTCAGTGAAGTT,1000,0.05,0.8,0.15,6
AAGGTTCAGTTAGCGG,7,0.05,0.8,0.15,6
AAGGTTCCAATGGAAT,2,0.05,0.8,0.15,6
AAGGTTCCACCGCTAG,2,0.05,0.8,0.15,6
AAGGTTCGTCTAGTCA,3,0.05,0.8,0.15,6
AAGGTTCTCCGTAGGC,1000,0.05,0.8,0.15,6
AAGGTTCTCGCCATAA,8,0.05,0.8,0.15,6
AAGGTTCTCTTCCTTC,1,0.05,0.8,0.15,6
AAGTCTGAGAGGACGG,5,0.05,0.8,0.15,6
AAGTCTGAGAGGTACC,5,0.05,0.8,0.15,6
AAGTCTGAGGAGTACC,8,0.05,0.8,0.15,6
AAGTCTGCACGCATCG,2,0.05,0.8,0.15,6
AAGTCTGCACGGCGTT,4,0.05,0.8,0.15,6
AAGTCTGCATTATCTC,8,0.05,0.8,0.15,6
AAGTCTGGTCAAACTC,6,0.05,0.8,0.15,6
AAGTCTGGTGTGAATA,2,0.05,0.8,0.15,6
AAGTCTGTCGAGAGCA,2,0.05,0.8,0.15,6
AATCCAGAGAATGTTG,8,0.05,0.8,0.15,6
AATCCAGAGTGGACGT,4,0.05,0.8,0.15,6
AATCCAGAGTTAGGTA,3,0.05,0.8,0.15,6
AATCCAGTCAACGAAA,1000,0.05,0.8,0.15,6
AATCCAGTCCATTCTA,3,0.05,0.8,0.15,6
AATCCAGTCCTAGGGC,1000,0.05,0.8,0.15,6
AATCGGTAGATGAGAG,6,0.05,0.8,0.15,6
AATCGGTAGCGCCTCA,7,0.05,0.8,0.15,6
AATCGGTAGGCGCTCT,5,0.05,0.8,0.15,6
AATCGGTAGTGCGATG,7,0.05,0.8,0.15,6
AATCGGTCAAAGTCAA,5,0.05,0.8,0.15,6
AATCGGTCAACTGCGC,4,0.05,0.8,0.15,6
AATCGGTCACACCGAC,8,0.05,0.8,0.15,6
AATCGGTCATCCGCGA,5,0.05,0.8,0.15,6
AATCGGTCATCTATGG,4,0.05,0.8,0.15,6
AATCGGTGTCGCGTGT,5,0.05,0.8,0.15,6
AATCGGTGTGTAAGTA,5,0.05,0.8,0.15,6
ACACCAACAAGGACAC,4,0.05,0.8,0.15,6
ACACCAACAAGTTCTG,6,0.05,0.8,0.15,6
ACACCAACATCTACGA,3,0.05,0.8,0.15,6
ACACCAAGTCCATGAT,3,0.05,0.8,0.15,6
ACACCAAGTCTGGTCG,4,0.05,0.8,0.15,6
ACACCAAGTGTGACCC,4,0.05,0.8,0.15,6
ACACCAAGTTACCAGT,1,0.05,0.8,0.15,6
ACACCAAGTTCATGGT,4,0.05,0.8,0.15,6
ACACCAATCGCGGATC,1000,0.05,0.8,0.15,6
ACACCAATCTCTGCTG,1,0.05,0.8,0.15,6
ACACCCTAGACAATAC,4,0.05,0.8,0.15,6
ACACCCTAGCTAGTTC,5,0.05,0.8,0.15,6
ACACCCTAGTATTGGA,4,0.05,0.8,0.15,6
ACACCCTCAAGTTAAG,7,0.05,0.8,0.15,6
ACACCCTCACAGGAGT,4,0.05,0.8,0.15,6
ACACCCTCACTTGGAT,7,0.05,0.8,0.15,6
ACACCCTCAGCTTAAC,3,0.05,0.8,0.15,6
ACACCCTCAGTTCATG,1,0.05,0.8,0.15,6
ACACCCTGTGTGACGA,8,0.05,0.8,0.15,6
ACACCCTTCCAAACTG,1,0.05,0.8,0.15,6
ACACCCTTCCTTGACC,1000,0.05,0.8,0.15,6
ACACCCTTCGCATGAT,6,0.05,0.8,0.15,6
ACACCCTTCGTACGGC,3,0.05,0.8,0.15,6
ACACCCTTCGTTTGCC,4,0.05,0.8,0.15,6
ACACCGGAGACAAGCC,2,0.05,0.8,0.15,6
ACACCGGAGCGATGAC,4,0.05,0.8,0.15,6
ACACCGGAGCGTAGTG,1,0.05,0.8,0.15,6
ACACCGGAGGAGTCTG,3,0.05,0.8,0.15,6
ACACCGGGTATTACCG,4,0.05,0.8,0.15,6
ACACCGGTCCGCTGTT,5,0.05,0.8,0.15,6
ACACCGGTCCTATTCA,1000,0.05,0.8,0.15,6
ACACCGGTCGTACCGG,8,0.05,0.8,0.15,6
ACACCGGTCTTGTACT,1,0.05,0.8,0.15,6
ACACTGAAGATATGGT,7,0.05,0.8,0.15,6
ACACTGAAGATGTGGC,1,0.05,0.8,0.15,6
ACACTGAAGTAGCGGT,5,0.05,0.8,0.15,6
ACACTGACACAGTCGC,8,0.05,0.8,0.15,6
ACACTGACACCGCTAG,4,0.05,0.8,0.15,6
ACACTGACAGCTCGCA,1,0.05,0.8,0.15,6
ACACTGACAGTATCTG,1,0.05,0.8,0.15,6
ACACTGACAGTGGAGT,7,0.05,0.8,0.15,6
ACACTGAGTACCTACA,1000,0.05,0.8,0.15,6
ACACTGAGTATGAAAC,1,0.05,0.8,0.15,6
ACACTGAGTCCGAAGA,1000,0.05,0.8,0.15,6
ACACTGAGTGAGGGTT,1000,0.05,0.8,0.15,6
ACACTGAGTGTCGCTG,5,0.05,0.8,0.15,6
ACACTGATCACTTATC,8,0.05,0.8,0.15,6
ACACTGATCCCTCTTT,1000,0.05,0.8,0.15,6
ACACTGATCCTTGGTC,2,0.05,0.8,0.15,6
ACACTGATCGATAGAA,7,0.05,0.8,0.15,6
ACACTGATCTGTCAAG,1000,0.05,0.8,0.15,6
ACACTGATCTGTCCGT,3,0.05,0.8,0.15,6
ACACTGATCTTCGAGA,7,0.05,0.8,0.15,6
ACAGCCGAGAGTTGGC,3,0.05,0.8,0.15,6
ACAGCCGAGGATGGAA,1,0.05,0.8,0.15,6
ACAGCCGAGTGCTGCC,1,0.05,0.8,0.15,6
ACAGCCGCAGCGAACA,8,0.05,0.8,0.15,6
ACAGCCGCAGTTCCCT,8,0.05,0.8,0.15,6
ACAGCCGCATCTACGA,8,0.05,0.8,0.15,6
ACAGCCGCATGCCTTC,0,0.05,0.8,0.15,6
ACAGCCGGTAGAGGAA,6,0.05,0.8,0.15,6
ACAGCCGTCTTGTTTG,2,0.05,0.8,0.15,6
ACAGCTAAGACCACGA,4,0.05,0.8,0.15,6
ACAGCTAAGCAGATCG,8,0.05,0.8,0.15,6
ACAGCTACAGTCGTGC,8,0.05,0.8,0.15,6
ACAGCTACATCCGCGA,6,0.05,0.8,0.15,6
ACAGCTAGTCCAGTTA,1,0.05,0.8,0.15,6
ACAGCTAGTCCGTTAA,4,0.05,0.8,0.15,6
ACAGCTATCAACGAAA,2,0.05,0.8,0.15,6
ACAGCTATCCGTTGTC,2,0.05,0.8,0.15,6
ACAGCTATCTGGTATG,2,0.05,0.8,0.15,6
ACATACGAGTGAATTG,8,0.05,0.8,0.15,6
ACATACGCAATGGAGC,7,0.05,0.8,0.15,6
ACATACGCACTTCGAA,8,0.05,0.8,0.15,6
ACATACGCAGTAACGG,4,0.05,0.8,0.15,6
ACATACGCAGTAGAGC,2,0.05,0.8,0.15,6
ACATACGCATCCCACT,3,0.05,0.8,0.15,6
ACATACGGTATAGGGC,1000,0.05,0.8,0.15,6
ACATACGGTTCCACAA,1,0.05,0.8,0.15,6
ACATCAGAGGAGCGAG,5,0.05,0.8,0.15,6
ACATCAGAGTGGAGAA,1,0.05,0.8,0.15,6
ACATCAGCAATCCAAC,3,0.05,0.8,0.15,6
ACATCAGCAGCTATTG,1,0.05,0.8,0.15,6
ACATCAGCAGTTCATG,1000,0.05,0.8,0.15,6
ACATCAGGTAGGGTAC,1,0.05,0.8,0.15,6
ACATCAGGTCATACTG,7,0.05,0.8,0.15,6
ACATCAGTCAAACCGT,4,0.05,0.8,0.15,6
ACATCAGTCCTTAATC,4,0.05,0.8,0.15,6
ACATCAGTCCTTGACC,8,0.05,0.8,0.15,6
ACATCAGTCTCGTATT,4,0.05,0.8,0.15,6
ACATCAGTCTCGTTTA,4,0.05,0.8,0.15,6
ACATCAGTCTGAGGGA,1,0.05,0.8,0.15,6
ACATGGTCACCGGAAA,7,0.05,0.8,0.15,6
ACATGGTGTATCACCA,1,0.05,0.8,0.15,6
ACATGGTGTCTAGAGG,6,0.05,0.8,0.15,6
ACATGGTGTGCAGACA,3,0.05,0.8,0.15,6
ACCAGTAAGACAGAGA,5,0.05,0.8,0.15,6
ACCAGTAAGCTGCCCA,6,0.05,0.8,0.15,6
ACCAGTAAGGCAATTA,3,0.05,0.8,0.15,6
ACCAGTAAGTGTGAAT,1,0.05,0.8,0.15,6
ACCAGTACACCCATTC,5,0.05,0.8,0.15,6
ACCAGTACACGAAATA,3,0.05,0.8,0.15,6
ACCAGTACACTGAAGG,4,0.05,0.8,0.15,6
ACCAGTAGTAAGAGGA,3,0.05,0.8,0.15,6
ACCAGTAGTTACGTCA,8,0.05,0.8,0.15,6
ACCAGTATCCCTGACT,3,0.05,0.8,0.15,6
ACCAGTATCGCAGGCT,1,0.05,0.8,0.15,6
ACCAGTATCGCGCCAA,3,0.05,0.8,0.15,6
ACCAGTATCTGGTTCC,1000,0.05,0.8,0.15,6
ACCCACTAGCCTCGTG,8,0.05,0.8,0.15,6
ACCCACTAGGGTTTCT,2,0.05,0.8,0.15,6
ACCCACTCAACGATGG,6,0.05,0.8,0.15,6
ACCCACTCACCAGTTA,4,0.05,0.8,0.15,6
ACCCACTCACCCATGG,1,0.05,0.8,0.15,6
ACCCACTCATCTATGG,8,0.05,0.8,0.15,6
ACCCACTCATTCCTGC,2,0.05,0.8,0.15,6
ACCCACTGTAAGTGTA,1,0.05,0.8,0.15,6
ACCCACTGTAATTGGA,7,0.05,0.8,0.15,6
ACCCACTGTGACTCAT,1,0.05,0.8,0.15,6
ACCCACTGTGATGCCC,3,0.05,0.8,0.15,6
ACCCACTTCTCCAACC,2,0.05,0.8,0.15,6
ACCGTAAAGAGGGCTT,4,0.05,0.8,0.15,6
ACCGTAAAGGATGGTC,7,0.05,0.8,0.15,6
ACCGTAAAGGTAGCTG,4,0.05,0.8,0.15,6
ACCGTAACAAGACACG,7,0.05,0.8,0.15,6
ACCGTAACACCGGAAA,5,0.05,0.8,0.15,6
ACCGTAAGTATATCCG,3,0.05,0.8,0.15,6
ACCGTAAGTCCATGAT,6,0.05,0.8,0.15,6
ACCGTAAGTCTGATTG,4,0.05,0.8,0.15,6
ACCGTAAGTTGAGTTC,7,0.05,0.8,0.15,6
ACCGTAATCACTGGGC,1,0.05,0.8,0.15,6
ACCGTAATCACTTACT,5,0.05,0.8,0.15,6
ACCGTAATCAGGCCCA,8,0.05,0.8,0.15,6
ACCGTAATCATAAAGG,2,0.05,0.8,0.15,6
ACCTTTAAGAGCAATT,2,0.05,0.8,0.15,6
ACCTTTAAGCTGCAAG,3,0.05,0.8,0.15,6
ACCTTTACAATTGCTG,5,0.05,0.8,0.15,6
ACCTTTACACATTAGC,3,0.05,0.8,0.15,6
ACCTTTACATCACCCT,7,0.05,0.8,0.15,6
ACCTTTACATTAGCCA,3,0.05,0.8,0.15,6
ACCTTTAGTACGAAAT,5,0.05,0.8,0.15,6
ACCTTTAGTCCTAGCG,1000,0.05,0.8,0.15,6
ACCTTTAGTCGCATAT,5,0.05,0.8,0.15,6
ACCTTTAGTGCTCTTC,2,0.05,0.8,0.15,6
ACCTTTAGTGGTTTCA,2,0.05,0.8,0.15,6
ACCTTTAGTTGGAGGT,4,0.05,0.8,0.15,6
ACCTTTATCGTTGACA,6,0.05,0.8,0.15,6
ACGAGCCAGAAACCAT,4,0.05,0.8,0.15,6
ACGAGCCAGACTAGGC,1000,0.05,0.8,0.15,6
ACGAGCCAGCGATCCC,1,0.05,0.8,0.15,6
ACGAGCCGTACCGCTG,4,0.05,0.8,0.15,6
ACGAGCCGTCATACTG,8,0.05,0.8,0.15,6
ACGAGCCGTCATGCCG,4,0.05,0.8,0.15,6
ACGAGCCGTCCGTTAA,8,0.05,0.8,0.15,6
ACGAGCCTCCCTCAGT,2,0.05,0.8,0.15,6
ACGAGCCTCTTTACAC,5,0.05,0.8,0.15,6
ACGAGGAAGACGACGT,1000,0.05,0.8,0.15,6
ACGAGGACAATGGATA,4,0.05,0.8,0.15,6
ACGAGGACAGCTCCGA,3,0.05,0.8,0.15,6
ACGAGGACAGGTGGAT,1,0.05,0.8,0.15,6
ACGAGGAGTAGCTGCC,8,0.05,0.8,0.15,6
ACGAGGAGTCAATGTC,2,0.05,0.8,0.15,6
ACGAGGAGTGTTCTTT,3,0.05,0.8,0.15,6
ACGAGGATCACCTTAT,1,0.05,0.8,0.15,6
ACGAGGATCACTATTC,3,0.05,0.8,0.15,6
ACGAGGATCACTTACT,5,0.05,0.8,0.15,6
ACGAGGATCGGTTCGG,0,0.05,0.8,0.15,6
ACGAGGATCTCTGAGA,5,0.05,0.8,0.15,6
ACGATACAGACAGGCT,6,0.05,0.8,0.15,6
ACGATACAGCCACCTG,2,0.05,0.8,0.15,6
ACGATACAGGTGCTTT,3,0.05,0.8,0.15,6
ACGATACAGTGGACGT,1,0.05,0.8,0.15,6
ACGATACCACACCGCA,3,0.05,0.8,0.15,6
ACGATACCAGGCAGTA,3,0.05,0.8,0.15,6
ACGATACGTAGAAAGG,1,0.05,0.8,0.15,6
ACGATACGTCTCTCTG,3,0.05,0.8,0.15,6
ACGATACGTTCTGTTT,1,0.05,0.8,0.15,6
ACGATACTCAATCTCT,4,0.05,0.8,0.15,6
ACGATACTCACATAGC,1,0.05,0.8,0.15,6
ACGATACTCGATAGAA,6,0.05,0.8,0.15,6
ACGATACTCGTCTGAA,0,0.05,0.8,0.15,6
ACGATACTCTAGCACA,3,0.05,0.8,0.15,6
ACGATGTAGAATAGGG,1,0.05,0.8,0.15,6
ACGATGTAGGACTGGT,3,0.05,0.8,0.15,6
ACGATGTAGGAGTAGA,2,0.05,0.8,0.15,6
ACGATGTAGTGTCTCA,5,0.05,0.8,0.15,6
ACGATGTCACGACGAA,1,0.05,0.8,0.15,6
ACGATGTGTAGCCTCG,5,0.05,0.8,0.15,6
ACGATGTGTCACTTCC,3,0.05,0.8,0.15,6
ACGATGTGTCCTAGCG,1000,0.05,0.8,0.15,6
ACGATGTGTCGACTAT,4,0.05,0.8,0.15,6
ACGATGTGTTCCCGAG,6,0.05,0.8,0.15,6
ACGATGTTCAGGCAAG,6,0.05,0.8,0.15,6
ACGATGTTCATCGGAT,1,0.05,0.8,0.15,6
ACGATGTTCGGAGCAA,2,0.05,0.8,0.15,6
ACGATGTTCTACTCAT,8,0.05,0.8,0.15,6
ACGCAGCAGCACAGGT,8,0.05,0.8,0.15,6
ACGCAGCAGGATCGCA,7,0.05,0.8,0.15,6
ACGCAGCAGTGTGGCA,1,0.05,0.8,0.15,6
ACGCAGCCAGGCAGTA,3,0.05,0.8,0.15,6
ACGCAGCCAGTATGCT,6,0.05,0.8,0.15,6
ACGCAGCGTCATATCG,1,0.05,0.8,0.15,6
ACGCAGCTCCCAAGAT,6,0.05,0.8,0.15,6
ACGCAGCTCTACTTAC,8,0.05,0.8,0.15,6
ACGCAGCTCTGATACG,5,0.05,0.8,0.15,6
ACGCAGCTCTTGACGA,1,0.05,0.8,0.15,6
ACGCCAGAGCAACGGT,4,0.05,0.8,0.15,6
ACGCCAGAGCTGATAA,1,0.05,0.8,0.15,6
ACGCCAGAGGTCGGAT,5,0.05,0.8,0.15,6
ACGCCAGCATCCCATC,8,0.05,0.8,0.15,6
ACGCCAGCATTGGGCC,7,0.05,0.8,0.15,6
ACGCCAGGTAAAGTCA,8,0.05,0.8,0.15,6
ACGCCAGGTCGGGTCT,6,0.05,0.8,0.15,6
ACGCCAGTCTGCTGCT,1,0.05,0.8,0.15,6
ACGCCGAAGACTAGAT,7,0.05,0.8,0.15,6
ACGCCGAAGCCACGCT,5,0.05,0.8,0.15,6
ACGCCGAAGGCTAGGT,8,0.05,0.8,0.15,6
ACGCCGACAAGCCTAT,4,0.05,0.8,0.15,6
ACGCCGACAGATGGCA,7,0.05,0.8,0.15,6
ACGCCGACAGCAGTTT,7,0.05,0.8,0.15,6
ACGCCGACAGCTGTGC,2,0.05,0.8,0.15,6
ACGCCGAGTTCCAACA,8,0.05,0.8,0.15,6
ACGCCGATCAACGGGA,2,0.05,0.8,0.15,6
ACGCCGATCAGGCCCA,7,0.05,0.8,0.15,6
ACGCCGATCAGTTAGC,1000,0.05,0.8,0.15,6
ACGCCGATCGAGCCCA,3,0.05,0.8,0.15,6
ACGCCGATCTGGTTCC,5,0.05,0.8,0.15,6
ACGGAGAAGGACAGAA,2,0.05,0.8,0.15,6
ACGGAGACACGCATCG,7,0.05,0.8,0.15,6
ACGGAGAGTGATGATA,6,0.05,0.8,0.15,6
ACGGAGAGTTGCGCAC,4,0.05,0.8,0.15,6
ACGGAGAGTTTCCACC,7,0.05,0.8,0.15,6
ACGGAGATCCACGACG,7,0.05,0.8,0.15,6
ACGGAGATCCTAGTGA,5,0.05,0.8,0.15,6
ACGGAGATCGTCCAGG,2,0.05,0.8,0.15,6
ACGGAGATCTGAGTGT,1000,0.05,0.8,0.15,6
ACGGCCAAGATGTGGC,8,0.05,0.8,0.15,6
ACGGCCAAGCATCATC,4,0.05,0.8,0.15,6
ACGGCCACACGAAATA,1000,0.05,0.8,0.15,6
ACGGCCACACTTCGAA,1,0.05,0.8,0.15,6
ACGGCCAGTGTGAATA,6,0.05,0.8,0.15,6
ACGGCCAGTGTGACCC,4,0.05,0.8,0.15,6
ACGGCCAGTGTTTGGT,6,0.05,0.8,0.15,6
ACGGCCATCCCTCTTT,5,0.05,0.8,0.15,6
ACGGCCATCGATGAGG,2,0.05,0.8,0.15,6
ACGGCCATCTTAGCCC,8,0.05,0.8,0.15,6
ACGGGCTAGGTGCTTT,4,0.05,0.8,0.15,6
ACGGGCTAGTATCTCG,2,0.05,0.8,0.15,6
ACGGGCTCAAGTACCT,3,0.05,0.8,0.15,6
ACGGGCTCACCATGTA,7,0.05,0.8,0.15,6
ACGGGCTCACCCATTC,3,0.05,0.8,0.15,6
ACGGGCTGTCTAAAGA,7,0.05,0.8,0.15,6
ACGGGCTGTCTCCACT,1000,0.05,0.8,0.15,6
ACGGGCTTCCGAGCCA,7,0.05,0.8,0.15,6
ACGGGCTTCGCGCCAA,4,0.05,0.8,0.15,6
ACGGGCTTCGCTTGTC,5,0.05,0.8,0.15,6
ACGGGCTTCTCACATT,1,0.05,0.8,0.15,6
ACGGGCTTCTGTGCAA,2,0.05,0.8,0.15,6
ACGGGTCAGCGAGAAA,1000,0.05,0.8,0.15,6
ACGGGTCAGCTACCGC,3,0.05,0.8,0.15,6
ACGGGTCAGGCAAAGA,8,0.05,0.8,0.15,6
ACGGGTCAGGCGCTCT,4,0.05,0.8,0.15,6
ACGGGTCAGTACGCCC,2,0.05,0.8,0.15,6
ACGGGTCCATCCTTGC,8,0.05,0.8,0.15,6
ACGGGTCCATGAACCT,7,0.05,0.8,0.15,6
ACGGGTCCATTCTTAC,5,0.05,0.8,0.15,6
ACGGGTCGTATAGGTA,5,0.05,0.8,0.15,6
ACGGGTCGTTGTCTTT,7,0.05,0.8,0.15,6
ACGGGTCTCCAAATGC,4,0.05,0.8,0.15,6
ACGGGTCTCCCTTGTG,4,0.05,0.8,0.15,6
ACGTCAAAGCTGATAA,4,0.05,0.8,0.15,6
ACGTCAAAGGAATTAC,3,0.05,0.8,0.15,6
ACGTCAAAGTTGCAGG,3,0.05,0.8,0.15,6
ACGTCAACACATCTTT,8,0.05,0.8,0.15,6
ACGTCAACATTTCAGG,3,0.05,0.8,0.15,6
ACGTCAAGTGGTAACG,3,0.05,0.8,0.15,6
ACGTCAAGTTTAGGAA,1000,0.05,0.8,0.15,6
ACGTCAATCGCGGATC,4,0.05,0.8,0.15,6
ACTATCTAGCATGGCA,5,0.05,0.8,0.15,6
ACTATCTAGCTCCTTC,6,0.05,0.8,0.15,6
ACTATCTAGTACACCT,1,0.05,0.8,0.15,6
ACTATCTCATCTCCCA,6,0.05,0.8,0.15,6
ACTATCTGTACCGTAT,2,0.05,0.8,0.15,6
ACTATCTGTAGCGATG,1000,0.05,0.8,0.15,6
ACTATCTTCGTCCAGG,8,0.05,0.8,0.15,6
ACTGAACAGAGAACAG,4,0.05,0.8,0.15,6
ACTGAACAGAGGTTGC,3,0.05,0.8,0.15,6
ACTGAACAGCTCCTTC,3,0.05,0.8,0.15,6
ACTGAACCAGCTCGCA,5,0.05,0.8,0.15,6
ACTGAACCAGTTCATG,4,0.05,0.8,0.15,6
ACTGAACGTCTACCTC,6,0.05,0.8,0.15,6
ACTGAACGTTCCTCCA,1,0.05,0.8,0.15,6
ACTGAACTCGGTTCGG,7,0.05,0.8,0.15,6
ACTGAGTAGAGGTTGC,7,0.05,0.8,0.15,6
ACTGAGTAGAGTACAT,7,0.05,0.8,0.15,6
ACTGAGTAGCTGCCCA,3,0.05,0.8,0.15,6
ACTGAGTAGGGTGTGT,1,0.05,0.8,0.15,6
ACTGAGTAGTTTGCGT,7,0.05,0.8,0.15,6
ACTGAGTCAAACGTGG,1,0.05,0.8,0.15,6
ACTGAGTCACAGACAG,5,0.05,0.8,0.15,6
ACTGAGTCACCGCTAG,1,0.05,0.8,0.15,6
ACTGAGTCACTGTGTA,1000,0.05,0.8,0.15,6
ACTGAGTCAGGCAGTA,5,0.05,0.8,0.15,6
ACTGAGTCAGGTGGAT,7,0.05,0.8,0.15,6
ACTGAGTCATCGACGC,7,0.05,0.8,0.15,6
ACTGAGTGTAAAGTCA,8,0.05,0.8,0.15,6
ACTGAGTGTTGGGACA,7,0.05,0.8,0.15,6
ACTGAGTTCAAGGTAA,1,0.05,0.8,0.15,6
ACTGAGTTCCTCTAGC,7,0.05,0.8,0.15,6
ACTGAGTTCTACTCAT,7,0.05,0.8,0.15,6
ACTGATGAGAAACCGC,7,0.05,0.8,0.15,6
ACTGATGAGATGCGAC,6,0.05,0.8,0.15,6
ACTGATGCAGCATACT,1,0.05,0.8,0.15,6
ACTGATGGTGACGGTA,3,0.05,0.8,0.15,6
ACTGATGGTTGATTGC,8,0.05,0.8,0.15,6
ACTGATGTCAGTGCAT,4,0.05,0.8,0.15,6
ACTGATGTCCGCAGTG,3,0.05,0.8,0.15,6
ACTGATGTCCTTTCGG,2,0.05,0.8,0.15,6
ACTGATGTCTCAACTT,1000,0.05,0.8,0.15,6
ACTGCTCAGATGGGTC,7,0.05,0.8,0.15,6
ACTGCTCAGCACAGGT,6,0.05,0.8,0.15,6
ACTGCTCAGTACGCGA,2,0.05,0.8,0.15,6
ACTGCTCAGTATTGGA,4,0.05,0.8,0.15,6
ACTGCTCGTAAGGATT,7,0.05,0.8,0.15,6
ACTGCTCGTCGCGTGT,1,0.05,0.8,0.15,6
ACTGCTCTCACTATTC,6,0.05,0.8,0.15,6
ACTGCTCTCCAGGGCT,8,0.05,0.8,0.15,6
ACTGCTCTCTCCTATA,1000,0.05,0.8,0.15,6
ACTGCTCTCTTGACGA,5,0.05,0.8,0.15,6
ACTGTCCCAGTACACT,5,0.05,0.8,0.15,6
ACTGTCCCAGTATCTG,6,0.05,0.8,0.15,6
ACTGTCCCATGGGACA,4,0.05,0.8,0.15,6
ACTGTCCGTCTTGTCC,8,0.05,0.8,0.15,6
ACTGTCCGTGCGAAAC,4,0.05,0.8,0.15,6
ACTGTCCGTGGTCCGT,4,0.05,0.8,0.15,6
ACTGTCCTCGAGAACG,5,0.05,0.8,0.15,6
ACTGTCCTCGTTTATC,8,0.05,0.8,0.15,6
ACTGTCCTCTCGCATC,1,0.05,0.8,0.15,6
ACTGTCCTCTGCTGTC,1,0.05,0.8,0.15,6
ACTGTCCTCTGCTTGC,1000,0.05,0.8,0.15,6
ACTTACTAGATCCCGC,1,0.05,0.8,0.15,6
ACTTACTAGCGTTTAC,1,0.05,0.8,0.15,6
ACTTACTAGGCGCTCT,4,0.05,0.8,0.15,6
ACTTACTCAACGCACC,8,0.05,0.8,0.15,6
ACTTACTCAATCGGTT,1,0.05,0.8,0.15,6
ACTTACTCACAGAGGT,7,0.05,0.8,0.15,6
ACTTACTCAGGAACGT,3,0.05,0.8,0.15,6
ACTTACTCATCCGGGT,1,0.05,0.8,0.15,6
ACTTACTGTACTTAGC,1,0.05,0.8,0.15,6
ACTTACTGTTCGTCTC,5,0.05,0.8,0.15,6
ACTTACTTCCAATGGT,2,0.05,0.8,0.15,6
ACTTACTTCCCTAACC,5,0.05,0.8,0.15,6
ACTTACTTCTAACTCT,8,0.05,0.8,0.15,6
ACTTGTTAGTCTTGCA,7,0.05,0.8,0.15,6
ACTTGTTCAATCCAAC,3,0.05,0.8,0.15,6
ACTTGTTCATACTCTT,1,0.05,0.8,0.15,6
ACTTGTTCATATGCTG,8,0.05,0.8,0.15,6
ACTTGTTCATCGGAAG,1000,0.05,0.8,0.15,6
ACTTGTTGTAACGTTC,8,0.05,0.8,0.15,6
ACTTGTTGTGGTCTCG,2,0.05,0.8,0.15,6
ACTTGTTGTGTTCTTT,8,0.05,0.8,0.15,6
ACTTGTTGTTACAGAA,3,0.05,0.8,0.15,6
ACTTGTTGTTCGGGCT,2,0.05,0.8,0.15,6
ACTTTCAAGTTGTCGT,7,0.05,0.8,0.15,6
ACTTTCACAACGCACC,8,0.05,0.8,0.15,6
ACTTTCACACAAGACG,1,0.05,0.8,0.15,6
ACTTTCAGTACAGACG,3,0.05,0.8,0.15,6
ACTTTCAGTCGACTAT,6,0.05,0.8,0.15,6
ACTTTCAGTGTATGGG,2,0.05,0.8,0.15,6
ACTTTCAGTTCGTGAT,3,0.05,0.8,0.15,6
ACTTTCAGTTGATTGC,7,0.05,0.8,0.15,6
ACTTTCATCAGTCAGT,3,0.05,0.8,0.15,6
ACTTTCATCGGACAAG,5,0.05,0.8,0.15,6
AGAATAGAGTACGCGA,2,0.05,0.8,0.15,6
AGAATAGCAATGTTGC,8,0.05,0.8,0.15,6
AGAATAGGTAGCGTAG,7,0.05,0.8,0.15,6
AGAATAGGTATAGGGC,5,0.05,0.8,0.15,6
AGAATAGGTGTTGGGA,3,0.05,0.8,0.15,6
AGAATAGGTTGTTTGG,4,0.05,0.8,0.15,6
AGAATAGGTTTCGCTC,1,0.05,0.8,0.15,6
AGACGTTAGCTTATCG,1,0.05,0.8,0.15,6
AGACGTTAGGCTAGAC,5,0.05,0.8,0.15,6
AGACGTTAGGTGCACA,7,0.05,0.8,0.15,6
AGACGTTAGTCGTTTG,4,0.05,0.8,0.15,6
AGACGTTCAAAGTGCG,4,0.05,0.8,0.15,6
AGACGTTCACCTCGTT,0,0.05,0.8,0.15,6
AGACGTTCAGGCGATA,2,0.05,0.8,0.15,6
AGACGTTCATCGGACC,8,0.05,0.8,0.15,6
AGACGTTGTAAAGGAG,1,0.05,0.8,0.15,6
AGACGTTGTACCGCTG,6,0.05,0.8,0.15,6
AGACGTTGTCGCGGTT,5,0.05,0.8,0.15,6
AGACGTTGTGTGTGCC,8,0.05,0.8,0.15,6
AGACGTTTCCTTTCGG,8,0.05,0.8,0.15,6
AGACGTTTCGTCCAGG,2,0.05,0.8,0.15,6
AGAGCGAAGAGCAATT,5,0.05,0.8,0.15,6
AGAGCGAAGATATACG,1,0.05,0.8,0.15,6
AGAGCGAAGCAGGCTA,7,0.05,0.8,0.15,6
AGAGCGAAGCGCTTAT,7,0.05,0.8,0.15,6
AGAGCGAAGGAATTAC,3,0.05,0.8,0.15,6
AGAGCGAAGGAGCGAG,1,0.05,0.8,0.15,6
AGAGCGAAGGAGTCTG,2,0.05,0.8,0.15,6
AGAGCGACAGTACACT,5,0.05,0.8,0.15,6
AGAGCGACAGTCGATT,3,0.05,0.8,0.15,6
AGAGCGACATCTACGA,4,0.05,0.8,0.15,6
AGAGCGAGTAGCGCTC,1000,0.05,0.8,0.15,6
AGAGCGAGTCGCGTGT,5,0.05,0.8,0.15,6
AGAGCGAGTGGACGAT,7,0.05,0.8,0.15,6
AGAGCGAGTGGCGAAT,5,0.05,0.8,0.15,6
AGAGCTTCATGAAGTA,4,0.05,0.8,0.15,6
AGAGCTTGTAAACACA,1000,0.05,0.8,0.15,6
AGAGCTTGTCTAGCGC,4,0.05,0.8,0.15,6
AGAGCTTTCACATAGC,2,0.05,0.8,0.15,6
AGAGTGGAGAGCCTAG,8,0.05,0.8,0.15,6
AGAGTGGAGGCATTGG,1000,0.05,0.8,0.15,6
AGAGTGGCAACGATCT,2,0.05,0.8,0.15,6
AGAGTGGGTGTCTGAT,1,0.05,0.8,0.15,6
AGAGTGGGTTGTGGAG,4,0.05,0.8,0.15,6
AGAGTGGTCAACGAAA,2,0.05,0.8,0.15,6
AGAGTGGTCACTTATC,2,0.05,0.8,0.15,6
AGAGTGGTCCGCATAA,2,0.05,0.8,0.15,6
AGATCTGAGCTAGTCT,6,0.05,0.8,0.15,6
AGATCTGCACGGATAG,5,0.05,0.8,0.15,6
AGATCTGGTAACGCGA,1000,0.05,0.8,0.15,6
AGATCTGTCATTTGGG,8,0.05,0.8,0.15,6
AGATCTGTCCCAAGAT,4,0.05,0.8,0.15,6
AGATCTGTCTACGAGT,4,0.05,0.8,0.15,6
AGATCTGTCTTCTGGC,2,0.05,0.8,0.15,6
AGATTGCAGCACACAG,8,0.05,0.8,0.15,6
AGATTGCAGGCTCATT,6,0.05,0.8,0.15,6
AGATTGCAGGGCACTA,3,0.05,0.8,0.15,6
AGATTGCCAAAGTGCG,6,0.05,0.8,0.15,6
AGATTGCCAGACTCGC,3,0.05,0.8,0.15,6
AGATTGCCATCCGCGA,8,0.05,0.8,0.15,6
AGATTGCGTAAACCTC,5,0.05,0.8,0.15,6
AGATTGCGTGAGGGTT,2,0.05,0.8,0.15,6
AGATTGCTCATACGGT,1,0.05,0.8,0.15,6
AGCAGCCAGCGCCTCA,1,0.05,0.8,0.15,6
AGCAGCCAGGCTAGCA,8,0.05,0.8,0.15,6
AGCAGCCAGGGTCTCC,7,0.05,0.8,0.15,6
AGCAGCCCAGCGTTCG,2,0.05,0.8,0.15,6
AGCAGCCCATTGCGGC,1,0.05,0.8,0.15,6
AGCAGCCGTCAAGCGA,7,0.05,0.8,0.15,6
AGCAGCCGTCTTGTCC,5,0.05,0.8,0.15,6
AGCAGCCGTTCGTGAT,5,0.05,0.8,0.15,6
AGCATACCATGTCCTC,1000,0.05,0.8,0.15,6
AGCCTAAAGCCGCCTA,5,0.05,0.8,0.15,6
AGCCTAAAGTGAACGC,6,0.05,0.8,0.15,6
AGCCTAACAGGATCGA,7,0.05,0.8,0.15,6
AGCCTAACAGTCACTA,5,0.05,0.8,0.15,6
AGCCTAAGTTGGAGGT,4,0.05,0.8,0.15,6
AGCCTAAGTTTGGCGC,8,0.05,0.8,0.15,6
AGCCTAATCACTCCTG,3,0.05,0.8,0.15,6
AGCCTAATCCCATTAT,6,0.05,0.8,0.15,6
AGCGGTCAGCTAGTGG,8,0.05,0.8,0.15,6
AGCGGTCAGGCTAGGT,0,0.05,0.8,0.15,6
AGCGGTCCAAGTCTAC,7,0.05,0.8,0.15,6
AGCGGTCCAATAGCGG,3,0.05,0.8,0.15,6
AGCGGTCCAATGGACG,4,0.05,0.8,0.15,6
AGCGGTCCAATGGTCT,3,0.05,0.8,0.15,6
AGCGGTCGTTCGTTGA,5,0.05,0.8,0.15,6
AGCGGTCGTTTGACTG,8,0.05,0.8,0.15,6
AGCGGTCTCCCTAACC,5,0.05,0.8,0.15,6
AGCGTATAGTAAGTAC,8,0.05,0.8,0.15,6
AGCGTATCACCTCGTT,6,0.05,0.8,0.15,6
AGCGTATCAGATGGCA,7,0.05,0.8,0.15,6
AGCGTATCATCCGCGA,4,0.05,0.8,0.15,6
AGCGTATCATGCTGGC,8,0.05,0.8,0.15,6
AGCGTATGTGGACGAT,6,0.05,0.8,0.15,6
AGCGTATGTTACGGAG,2,0.05,0.8,0.15,6
AGCGTATGTTGGTGGA,6,0.05,0.8,0.15,6
AGCGTATTCACCATAG,3,0.05,0.8,0.15,6
AGCGTATTCCAAGCCG,5,0.05,0.8,0.15,6
AGCGTATTCGAACGGA,4,0.05,0.8,0.15,6
AGCGTATTCGCCAAAT,1,0.05,0.8,0.15,6
AGCGTATTCGCGCCAA,4,0.05,0.8,0.15,6
AGCGTCGAGAAACCAT,6,0.05,0.8,0.15,6
AGCGTCGAGACTAGAT,1000,0.05,0.8,0.15,6
AGCGTCGAGACTTTCG,8,0.05,0.8,0.15,6
AGCGTCGAGTCTTGCA,7,0.05,0.8,0.15,6
AGCGTCGCAACGATGG,8,0.05,0.8,0.15,6
AGCGTCGCACTACAGT,5,0.05,0.8,0.15,6
AGCGTCGCATCGGGTC,6,0.05,0.8,0.15,6
AGCGTCGGTGAGGGTT,3,0.05,0.8,0.15,6
AGCGTCGGTGGTACAG,3,0.05,0.8,0.15,6
AGCGTCGGTGTTCTTT,7,0.05,0.8,0.15,6
AGCGTCGGTTAGTGGG,2,0.05,0.8,0.15,6
AGCGTCGTCAAGGCTT,4,0.05,0.8,0.15,6
AGCGTCGTCAATCACG,5,0.05,0.8,0.15,6
AGCGTCGTCGGCGGTT,4,0.05,0.8,0.15,6
AGCGTCGTCTGCGTAA,3,0.05,0.8,0.15,6
AGCTCCTAGAGAACAG,4,0.05,0.8,0.15,6
AGCTCCTAGCCCGAAA,7,0.05,0.8,0.15,6
AGCTCCTCAAGACGTG,2,0.05,0.8,0.15,6
AGCTCCTCACCGCTAG,1000,0.05,0.8,0.15,6
AGCTCCTCAGGGTTAG,1,0.05,0.8,0.15,6
AGCTCCTGTACATCCA,5,0.05,0.8,0.15,6
AGCTCCTGTAGAAAGG,1000,0.05,0.8,0.15,6
AGCTCCTGTCGAAAGC,6,0.05,0.8,0.15,6
AGCTCCTGTCGACTGC,2,0.05,0.8,0.15,6
AGCTCCTTCGCGCCAA,1,0.05,0.8,0.15,6
AGCTCCTTCGTTGCCT,2,0.05,0.8,0.15,6
AGCTCTCAGGATGGAA,5,0.05,0.8,0.15,6
AGCTCTCAGGCGACAT,4,0.05,0.8,0.15,6
AGCTCTCAGTATCGAA,2,0.05,0.8,0.15,6
AGCTCTCCATATACCG,5,0.05,0.8,0.15,6
AGCTCTCGTCTGCGGT,2,0.05,0.8,0.15,6
AGCTCTCTCACTCCTG,1,0.05,0.8,0.15,6
AGCTCTCTCCTATGTT,4,0.05,0.8,0.15,6
AGCTCTCTCGCCAGCA,3,0.05,0.8,0.15,6
AGCTCTCTCGGCATCG,1,0.05,0.8,0.15,6
AGCTTGAAGATCCCAT,6,0.05,0.8,0.15,6
AGCTTGAAGCTGTCTA,3,0.05,0.8,0.15,6
AGCTTGAAGGCTAGAC,8,0.05,0.8,0.15,6
AGCTTGAAGGGTGTGT,6,0.05,0.8,0.15,6
AGCTTGAAGTACGTAA,1,0.05,0.8,0.15,6
AGCTTGAAGTGTCCAT,5,0.05,0.8,0.15,6
AGCTTGAAGTTACGGG,6,0.05,0.8,0.15,6
AGCTTGAAGTTCGCGC,6,0.05,0.8,0.15,6
AGCTTGACATAAGACA,7,0.05,0.8,0.15,6
AGCTTGACATGACGGA,3,0.05,0.8,0.15,6
AGCTTGAGTGACGGTA,2,0.05,0.8,0.15,6
AGCTTGAGTTAAAGTG,1000,0.05,0.8,0.15,6
AGCTTGATCAACACGT,0,0.05,0.8,0.15,6
AGCTTGATCCAAAGTC,3,0.05,0.8,0.15,6
AGCTTGATCGTTTATC,4,0.05,0.8,0.15,6
AGGCCACAGATGAGAG,1000,0.05,0.8,0.15,6
AGGCCACAGCTCTCGG,3,0.05,0.8,0.15,6
AGGCCACAGGGTCGAT,7,0.05,0.8,0.15,6
AGGCCACCAACACGCC,4,0.05,0.8,0.15,6
AGGCCACGTGATGCCC,5,0.05,0.8,0.15,6
AGGCCACGTTACAGAA,1,0.05,0.8,0.15,6
AGGCCACTCGAACGGA,1,0.05,0.8,0.15,6
AGGCCACTCGCGGATC,7,0.05,0.8,0.15,6
AGGCCACTCGTCTGCT,1,0.05,0.8,0.15,6
AGGCCACTCTCACATT,1,0.05,0.8,0.15,6
AGGCCGTAGCACACAG,1,0.05,0.8,0.15,6
AGGCCGTAGCCAGAAC,7,0.05,0.8,0.15,6
AGGCCGTAGCTACCGC,7,0.05,0.8,0.15,6
AGGCCGTAGGACCACA,3,0.05,0.8,0.15,6
AGGCCGTAGGGTCTCC,3,0.05,0.8,0.15,6
AGGCCGTCAAAGTCAA,4,0.05,0.8,0.15,6
AGGCCGTCACACTGCG,4,0.05,0.8,0.15,6
AGGCCGTCACCGAAAG,6,0.05,0.8,0.15,6
AGGCCGTCATCGGGTC,4,0.05,0.8,0.15,6
AGGCCGTCATGATCCA,4,0.05,0.8,0.15,6
AGGCCGTCATGGTCAT,8,0.05,0.8,0.15,6
AGGCCGTGTAATCACC,4,0.05,0.8,0.15,6
AGGCCGTGTTCAGTAC,3,0.05,0.8,0.15,6
AGGCCGTTCAACTCTT,1,0.05,0.8,0.15,6
AGGCCGTTCAGCTCGG,4,0.05,0.8,0.15,6
AGGCCGTTCAGTGTTG,1000,0.05,0.8,0.15,6
AGGCCGTTCTTGTATC,6,0.05,0.8,0.15,6
AGGGAGTAGTTTGCGT,6,0.05,0.8,0.15,6
AGGGAGTCAATCAGAA,4,0.05,0.8,0.15,6
AGGGAGTCATGAAGTA,5,0.05,0.8,0.15,6
AGGGAGTCATTTCACT,1,0.05,0.8,0.15,6
AGGGAGTCATTTCAGG,5,0.05,0.8,0.15,6
AGGGAGTGTGTAAGTA,6,0.05,0.8,0.15,6
AGGGAGTTCACCCTCA,7,0.05,0.8,0.15,6
AGGGAGTTCTGACCTC,6,0.05,0.8,0.15,6
AGGGATGAGAATGTTG,1000,0.05,0.8,0.15,6
AGGGATGAGCCAGTAG,8,0.05,0.8,0.15,6
AGGGATGAGCGTAATA,3,0.05,0.8,0.15,6
AGGGATGAGTACCGGA,6,0.05,0.8,0.15,6
AGGGATGCAAAGCAAT,3,0.05,0.8,0.15,6
AGGGATGCAAGCCGTC,0,0.05,0.8,0.15,6
AGGGATGGTAGAAAGG,3,0.05,0.8,0.15,6
AGGGATGTCCCACTTG,3,0.05,0.8,0.15,6
AGGGATGTCGATCCCT,3,0.05,0.8,0.15,6
AGGGTGAAGACACGAC,4,0.05,0.8,0.15,6
AGGGTGAAGACAGGCT,5,0.05,0.8,0.15,6
AGGGTGAAGCCACGTC,1,0.05,0.8,0.15,6
AGGGTGAAGCGCCTTG,5,0.05,0.8,0.15,6
AGGGTGAAGTGCCATT,5,0.05,0.8,0.15,6
AGGGTGAAGTGGGATC,2,0.05,0.8,0.15,6
AGGGTGACACACGCTG,1,0.05,0.8,0.15,6
AGGGTGACATTAGCCA,1000,0.05,0.8,0.15,6
AGGGTGAGTCCAGTGC,1000,0.05,0.8,0.15,6
AGGGTGATCAGCGACC,1,0.05,0.8,0.15,6
AGGGTGATCATGTAGC,1,0.05,0.8,0.15,6
AGGGTGATCCAAGTAC,7,0.05,0.8,0.15,6
AGGGTGATCCCTCAGT,5,0.05,0.8,0.15,6
AGGGTGATCTCTAAGG,1,0.05,0.8,0.15,6
AGGTCATAGCGTAATA,1,0.05,0.8,0.15,6
AGGTCATAGTATTGGA,3,0.05,0.8,0.15,6
AGGTCATCACCACGTG,6,0.05,0.8,0.15,6
AGGTCATCACGGCCAT,1,0.05,0.8,0.15,6
AGGTCATCAGACAAAT,2,0.05,0.8,0.15,6
AGGTCATGTACCGGCT,1000,0.05,0.8,0.15,6
AGGTCATGTCGCGGTT,7,0.05,0.8,0.15,6
AGGTCATGTGCACCAC,1000,0.05,0.8,0.15,6
AGGTCATGTGCTCTTC,6,0.05,0.8,0.15,6
AGGTCATTCAATAAGG,7,0.05,0.8,0.15,6
AGGTCATTCATAACCG,2,0.05,0.8,0.15,6
AGGTCATTCTACGAGT,5,0.05,0.8,0.15,6
AGGTCATTCTGACCTC,1000,0.05,0.8,0.15,6
AGGTCCGAGACAATAC,8,0.05,0.8,0.15,6
AGGTCCGAGCCCAATT,1000,0.05,0.8,0.15,6
AGGTCCGAGGCTAGCA,4,0.05,0.8,0.15,6
AGGTCCGAGGGCACTA,8,0.05,0.8,0.15,6
AGGTCCGCAAGGTTTC,1,0.05,0.8,0.15,6
AGGTCCGCACATCCGG,1000,0.05,0.8,0.15,6
AGGTCCGCAGGAATGC,2,0.05,0.8,0.15,6
AGGTCCGCATCGTCGG,7,0.05,0.8,0.15,6
AGGTCCGGTTCACGGC,1,0.05,0.8,0.15,6
AGGTCCGTCAGGTTCA,3,0.05,0.8,0.15,6
AGTAGTCAGAGGTACC,1,0.05,0.8,0.15,6
AGTAGTCCAAACGTGG,7,0.05,0.8,0.15,6
AGTAGTCCAATCTGCA,1,0.05,0.8,0.15,6
AGTAGTCCAATGGAAT,5,0.05,0.8,0.15,6
AGTAGTCCAGACTCGC,0,0.05,0.8,0.15,6
AGTAGTCGTCAGATAA,6,0.05,0.8,0.15,6
AGTAGTCGTGCATCTA,4,0.05,0.8,0.15,6
AGTAGTCGTGTCAATC,3,0.05,0.8,0.15,6
AGTAGTCTCAACCAAC,1000,0.05,0.8,0.15,6
AGTAGTCTCACTTACT,6,0.05,0.8,0.15,6
AGTAGTCTCCATGCTC,1,0.05,0.8,0.15,6
AGTAGTCTCCCAGGTG,5,0.05,0.8,0.15,6
AGTAGTCTCCTGTACC,1000,0.05,0.8,0.15,6
AGTCTTTAGAAAGTGG,1,0.05,0.8,0.15,6
AGTCTTTAGACGCAAC,3,0.05,0.8,0.15,6
AGTCTTTAGGGAGTAA,1000,0.05,0.8,0.15,6
AGTCTTTAGTGGGCTA,5,0.05,0.8,0.15,6
AGTCTTTAGTGTCTCA,7,0.05,0.8,0.15,6
AGTCTTTCAATTGCTG,6,0.05,0.8,0.15,6
AGTCTTTCACGGCGTT,4,0.05,0.8,0.15,6
AGTCTTTCATGTCGAT,4,0.05,0.8,0.15,6
AGTCTTTGTCATGCAT,5,0.05,0.8,0.15,6
AGTCTTTGTCTCAACA,1,0.05,0.8,0.15,6
AGTCTTTTCAACGAAA,7,0.05,0.8,0.15,6
AGTCTTTTCCACGAAT,3,0.05,0.8,0.15,6
AGTCTTTTCCTTTACA,5,0.05,0.8,0.15,6
AGTGAGGAGATGAGAG,3,0.05,0.8,0.15,6
AGTGAGGGTGCAACGA,1,0.05,0.8,0.15,6
AGTGAGGGTTCACGGC,7,0.05,0.8,0.15,6
AGTGAGGTCAAAGTAG,2,0.05,0.8,0.15,6
AGTGAGGTCGGTTCGG,4,0.05,0.8,0.15,6
AGTGGGAAGACTGTAA,7,0.05,0.8,0.15,6
AGTGGGACATGCCTAA,0,0.05,0.8,0.15,6
AGTGGGAGTAAATACG,5,0.05,0.8,0.15,6
AGTGGGAGTAATCGTC,2,0.05,0.8,0.15,6
AGTGGGAGTACCGCTG,4,0.05,0.8,0.15,6
AGTGGGAGTTTGCATG,7,0.05,0.8,0.15,6
AGTGGGATCGCCTGTT,3,0.05,0.8,0.15,6
AGTGGGATCGTACGGC,6,0.05,0.8,0.15,6
AGTGGGATCTGCTTGC,4,0.05,0.8,0.15,6
AGTGTCAAGCGATATA,5,0.05,0.8,0.15,6
AGTGTCACAATGGACG,2,0.05,0.8,0.15,6
AGTGTCACAATGGATA,7,0.05,0.8,0.15,6
AGTGTCACAGATGGGT,3,0.05,0.8,0.15,6
AGTGTCAGTGTTTGGT,7,0.05,0.8,0.15,6
AGTGTCAGTTATCACG,1000,0.05,0.8,0.15,6
AGTGTCATCACGCGGT,3,0.05,0.8,0.15,6
AGTGTCATCCTTTACA,1,0.05,0.8,0.15,6
AGTGTCATCGTGGGAA,8,0.05,0.8,0.15,6
AGTTGGTAGAAACCGC,3,0.05,0.8,0.15,6
AGTTGGTAGTCTCAAC,1,0.05,0.8,0.15,6
AGTTGGTCAGATCTGT,5,0.05,0.8,0.15,6
AGTTGGTGTAAGCACG,6,0.05,0.8,0.15,6
AGTTGGTGTCGTGGCT,1000,0.05,0.8,0.15,6
AGTTGGTGTTACCGAT,1000,0.05,0.8,0.15,6
AGTTGGTTCACAAACC,7,0.05,0.8,0.15,6
AGTTGGTTCGTCTGAA,6,0.05,0.8,0.15,6
ATAACGCAGCGATCCC,7,0.05,0.8,0.15,6
ATAACGCCACAGATTC,8,0.05,0.8,0.15,6
ATAACGCCACGGATAG,1,0.05,0.8,0.15,6
ATAACGCCATCACGAT,6,0.05,0.8,0.15,6
ATAACGCCATCTCGCT,1,0.05,0.8,0.15,6
ATAACGCGTCGCGTGT,1,0.05,0.8,0.15,6
ATAACGCGTTCAGCGC,2,0.05,0.8,0.15,6
ATAACGCTCAATCACG,1000,0.05,0.8,0.15,6
ATAACGCTCGTCACGG,1,0.05,0.8,0.15,6
ATAAGAGAGGCTACGA,1000,0.05,0.8,0.15,6
ATAAGAGCAGATAATG,1,0.05,0.8,0.15,6
ATAAGAGCATGCCTAA,8,0.05,0.8,0.15,6
ATAAGAGCATGTAAGA,8,0.05,0.8,0.15,6
ATAAGAGTCATAAAGG,3,0.05,0.8,0.15,6
ATAAGAGTCGTCGTTC,4,0.05,0.8,0.15,6
ATAGACCAGCCGTCGT,5,0.05,0.8,0.15,6
ATAGACCAGCGTGAGT,8,0.05,0.8,0.15,6
ATAGACCCAAGCCGCT,1000,0.05,0.8,0.15,6
ATAGACCGTCCCGACA,6,0.05,0.8,0.15,6
ATAGACCGTCCGTCAG,8,0.05,0.8,0.15,6
ATAGACCGTCGCGAAA,3,0.05,0.8,0.15,6
ATAGACCGTGACCAAG,3,0.05,0.8,0.15,6
ATAGACCTCCAACCAA,1000,0.05,0.8,0.15,6
ATAGACCTCTATCGCC,7,0.05,0.8,0.15,6
ATCACGAAGACTACAA,3,0.05,0.8,0.15,6
ATCACGAAGATACACA,1000,0.05,0.8,0.15,6
ATCACGAAGGAATCGC,1,0.05,0.8,0.15,6
ATCACGAAGGATATAC,3,0.05,0.8,0.15,6
ATCACGAAGGTGCACA,1,0.05,0.8,0.15,6
ATCACGACAAAGTCAA,7,0.05,0.8,0.15,6
ATCACGACAAGTAATG,5,0.05,0.8,0.15,6
ATCACGACAAGTACCT,1000,0.05,0.8,0.15,6
ATCACGACAGGGTACA,4,0.05,0.8,0.15,6
ATCACGACAGTAACGG,3,0.05,0.8,0.15,6
ATCACGACATGTCCTC,2,0.05,0.8,0.15,6
ATCACGATCACGCATA,1,0.05,0.8,0.15,6
ATCACGATCAGCGACC,8,0.05,0.8,0.15,6
ATCACGATCTACGAGT,1000,0.05,0.8,0.15,6
ATCATCTAGAGGTAGA,6,0.05,0.8,0.15,6
ATCATCTAGATCCCAT,5,0.05,0.8,0.15,6
ATCATCTAGTGATCGG,6,0.05,0.8,0.15,6
ATCATCTCATTACGAC,1,0.05,0.8,0.15,6
ATCATCTGTACTCTCC,6,0.05,0.8,0.15,6
ATCATCTGTGAAAGAG,5,0.05,0.8,0.15,6
ATCATCTGTGCAACGA,6,0.05,0.8,0.15,6
ATCATCTGTTGGTAAA,1,0.05,0.8,0.15,6
ATCATCTTCAAAGTAG,1,0.05,0.8,0.15,6
ATCATCTTCACGACTA,7,0.05,0.8,0.15,6
ATCATCTTCGATGAGG,3,0.05,0.8,0.15,6
ATCATGGAGAGAACAG,1,0.05,0.8,0.15,6
ATCATGGAGCTAGTCT,4,0.05,0.8,0.15,6
ATCATGGAGGGTATCG,1,0.05,0.8,0.15,6
ATCATGGAGTGTTTGC,2,0.05,0.8,0.15,6
ATCATGGCAAGGTGTG,1,0.05,0.8,0.15,6
ATCATGGCACCCAGTG,8,0.05,0.8,0.15,6
ATCATGGCATACGCCG,7,0.05,0.8,0.15,6
ATCATGGGTATTCTCT,4,0.05,0.8,0.15,6
ATCATGGGTTCCGGCA,7,0.05,0.8,0.15,6
ATCATGGTCGATAGAA,1,0.05,0.8,0.15,6
ATCATGGTCGGAGGTA,1,0.05,0.8,0.15,6
ATCATGGTCGTTTAGG,8,0.05,0.8,0.15,6
ATCCACCCAAGCTGAG,5,0.05,0.8,0.15,6
ATCCACCCAATGGAGC,1000,0.05,0.8,0.15,6
ATCCACCCAGCTGTGC,1,0.05,0.8,0.15,6
ATCCACCGTCTTGATG,7,0.05,0.8,0.15,6
ATCCACCGTGCAACGA,8,0.05,0.8,0.15,6
ATCCACCGTGCGCTTG,1000,0.05,0.8,0.15,6
ATCCACCGTTATCGGT,5,0.05,0.8,0.15,6
ATCCACCTCAGAGCTT,1,0.05,0.8,0.15,6
ATCCACCTCCTGCTTG,5,0.05,0.8,0.15,6
ATCCACCTCGAATCCA,3,0.05,0.8,0.15,6
ATCCACCTCTCTGTCG,2,0.05,0.8,0.15,6
ATCCGAAAGAAGGACA,5,0.05,0.8,0.15,6
ATCCGAAAGATCGATA,5,0.05,0.8,0.15,6
ATCCGAAAGCAGGTCA,3,0.05,0.8,0.15,6
ATCCGAAAGCGTGTCC,1,0.05,0.8,0.15,6
ATCCGAAAGGAGTTGC,4,0.05,0.8,0.15,6
ATCCGAACAATCAGAA,1,0.05,0.8,0.15,6
ATCCGAACACGGCCAT,1000,0.05,0.8,0.15,6
ATCCGAACAGTAACGG,1000,0.05,0.8,0.15,6
ATCCGAAGTCCCTACT,2,0.05,0.8,0.15,6
ATCCGAAGTCTAGTCA,7,0.05,0.8,0.15,6
ATCCGAAGTGACTACT,1,0.05,0.8,0.15,6
ATCCGAAGTGCACGAA,8,0.05,0.8,0.15,6
ATCCGAAGTGCTCTTC,1000,0.05,0.8,0.15,6
ATCCGAAGTTCCACTC,4,0.05,0.8,0.15,6
ATCCGAAGTTTCGCTC,3,0.05,0.8,0.15,6
ATCCGAATCAGTACGT,4,0.05,0.8,0.15,6
ATCCGAATCCAAATGC,7,0.05,0.8,0.15,6
ATCCGAATCCACGAAT,2,0.05,0.8,0.15,6
ATCCGAATCCGTACAA,1,0.05,0.8,0.15,6
ATCCGAATCCTCATTA,1000,0.05,0.8,0.15,6
ATCCGAATCTTGTCAT,4,0.05,0.8,0.15,6
ATCGAGTAGAGTTGGC,2,0.05,0.8,0.15,6
ATCGAGTAGCAGCCTC,6,0.05,0.8,0.15,6
ATCGAGTAGCTAGCCC,5,0.05,0.8,0.15,6
ATCGAGTAGTAGTGCG,1,0.05,0.8,0.15,6
ATCGAGTCAAATACAG,3,0.05,0.8,0.15,6
ATCGAGTCATCCTTGC,1000,0.05,0.8,0.15,6
ATCGAGTGTTATCGGT,4,0.05,0.8,0.15,6
ATCGAGTTCACTCTTA,6,0.05,0.8,0.15,6
ATCGAGTTCTTACCTA,7,0.05,0.8,0.15,6
ATCTACTAGAATAGGG,5,0.05,0.8,0.15,6
ATCTACTAGACTAGGC,5,0.05,0.8,0.15,6
ATCTACTAGAGGGCTT,8,0.05,0.8,0.15,6
ATCTACTAGCCTCGTG,5,0.05,0.8,0.15,6
ATCTACTAGGAATGGA,7,0.05,0.8,0.15,6
ATCTACTAGGGTTTCT,1,0.05,0.8,0.15,6
ATCTACTCATCCGTGG,8,0.05,0.8,0.15,6
ATCTACTCATTCCTCG,1000,0.05,0.8,0.15,6
ATCTACTCATTCTCAT,6,0.05,0.8,0.15,6
ATCTACTGTATCGCAT,8,0.05,0.8,0.15,6
ATCTACTGTCAGATAA,5,0.05,0.8,0.15,6
ATCTACTTCAGTACGT,3,0.05,0.8,0.15,6
ATCTACTTCATACGGT,6,0.05,0.8,0.15,6
ATCTACTTCCGTCAAA,7,0.05,0.8,0.15,6
ATCTACTTCTGTCTAT,7,0.05,0.8,0.15,6
ATCTGCCAGACTAGGC,5,0.05,0.8,0.15,6
ATCTGCCAGAGGTTGC,8,0.05,0.8,0.15,6
ATCTGCCAGAGTGACC,1,0.05,0.8,0.15,6
ATCTGCCAGGGTTCCC,1,0.05,0.8,0.15,6
ATCTGCCCACCATCCT,1000,0.05,0.8,0.15,6
ATCTGCCCACTAAGTC,4,0.05,0.8,0.15,6
ATCTGCCCAGCCAATT,5,0.05,0.8,0.15,6
ATCTGCCCAGCTCCGA,5,0.05,0.8,0.15,6
ATCTGCCCAGCTTCGG,1,0.05,0.8,0.15,6
ATCTGCCGTAAACACA,8,0.05,0.8,0.15,6
ATCTGCCGTCTCATCC,4,0.05,0.8,0.15,6
ATCTGCCTCAAACCGT,3,0.05,0.8,0.15,6
ATCTGCCTCAGTTCGA,7,0.05,0.8,0.15,6
ATGAGGGAGCAACGGT,8,0.05,0.8,0.15,6
ATGAGGGGTAATCACC,3,0.05,0.8,0.15,6
ATGAGGGGTAGCAAAT,4,0.05,0.8,0.15,6
ATGAGGGGTAGCGTCC,3,0.05,0.8,0.15,6
ATGAGGGGTCCCTACT,0,0.05,0.8,0.15,6
ATGAGGGGTCCTGCTT,8,0.05,0.8,0.15,6
ATGAGGGGTCGTTGTA,7,0.05,0.8,0.15,6
ATGAGGGGTCTCCATC,1,0.05,0.8,0.15,6
ATGAGGGGTGCACCAC,4,0.05,0.8,0.15,6
ATGAGGGGTTAAAGTG,1,0.05,0.8,0.15,6
ATGAGGGGTTAAGATG,8,0.05,0.8,0.15,6
ATGAGGGGTTGCGCAC,5,0.05,0.8,0.15,6
ATGAGGGTCAGGCCCA,3,0.05,0.8,0.15,6
ATGCGATAGATCACGG,2,0.05,0.8,0.15,6
ATGCGATAGGAGTTGC,5,0.05,0.8,0.15,6
ATGCGATAGTGACTCT,8,0.05,0.8,0.15,6
ATGCGATCAAGTAGTA,8,0.05,0.8,0.15,6
ATGCGATGTTGTGGAG,1,0.05,0.8,0.15,6
ATGCGATTCAGCTCTC,1000,0.05,0.8,0.15,6
ATGCGATTCCACTGGG,7,0.05,0.8,0.15,6
ATGCGATTCTACCAGA,3,0.05,0.8,0.15,6
ATGGGAGAGAGGGATA,2,0.05,0.8,0.15,6
ATGGGAGAGATGGGTC,5,0.05,0.8,0.15,6
ATGGGAGAGTCAATAG,8,0.05,0.8,0.15,6
ATGGGAGAGTCTCAAC,5,0.05,0.8,0.15,6
ATGGGAGAGTGAACGC,6,0.05,0.8,0.15,6
ATGGGAGCACATTCGA,5,0.05,0.8,0.15,6
ATGGGAGCAGTCGATT,7,0.05,0.8,0.15,6
ATGGGAGCATGCTAGT,4,0.05,0.8,0.15,6
ATGGGAGGTAGCAAAT,6,0.05,0.8,0.15,6
ATGGGAGGTGTCTGAT,1000,0.05,0.8,0.15,6
ATGTGTGAGAAGATTC,4,0.05,0.8,0.15,6
ATGTGTGAGCTGAACG,5,0.05,0.8,0.15,6
ATGTGTGCAATGTAAG,4,0.05,0.8,0.15,6
ATGTGTGCACAGGTTT,7,0.05,0.8,0.15,6
ATGTGTGCACGCCAGT,4,0.05,0.8,0.15,6
ATGTGTGCATAGAAAC,3,0.05,0.8,0.15,6
ATGTGTGCATGGTCTA,1000,0.05,0.8,0.15,6
ATGTGTGTCAGGCAAG,1,0.05,0.8,0.15,6
ATGTGTGTCCACGACG,7,0.05,0.8,0.15,6
ATGTGTGTCCCTAACC,8,0.05,0.8,0.15,6
ATGTGTGTCTATCGCC,6,0.05,0.8,0.15,6
ATTACTCAGGAGTTGC,8,0.05,0.8,0.15,6
ATTACTCCACCTGGTG,1,0.05,0.8,0.15,6
ATTACTCCACGCATCG,2,0.05,0.8,0.15,6
ATTACTCCACTTAAGC,3,0.05,0.8,0.15,6
ATTACTCGTAAATGAC,3,0.05,0.8,0.15,6
ATTACTCGTAGCGATG,0,0.05,0.8,0.15,6
ATTACTCGTATTACCG,4,0.05,0.8,0.15,6
ATTACTCGTTCCACTC,5,0.05,0.8,0.15,6
ATTACTCTCACAACGT,3,0.05,0.8,0.15,6
ATTACTCTCATGCTCC,4,0.05,0.8,0.15,6
ATTACTCTCCAGAAGG,5,0.05,0.8,0.15,6
ATTACTCTCCAGTAGT,4,0.05,0.8,0.15,6
ATTACTCTCGGAAATA,4,0.05,0.8,0.15,6
ATTACTCTCGGTTAAC,1000,0.05,0.8,0.15,6
ATTACTCTCTCGCTTG,1000,0.05,0.8,0.15,6
ATTATCCAGTAGGCCA,1000,0.05,0.8,0.15,6
ATTATCCAGTTACGGG,1000,0.05,0.8,0.15,6
ATTATCCCAGCGTAAG,1,0.05,0.8,0.15,6
ATTATCCCAGGAACGT,5,0.05,0.8,0.15,6
ATTATCCGTCCGTTAA,5,0.05,0.8,0.15,6
ATTATCCGTCTCTTAT,3,0.05,0.8,0.15,6
ATTATCCGTGTCCTCT,5,0.05,0.8,0.15,6
ATTATCCTCAACGCTA,1,0.05,0.8,0.15,6
ATTATCCTCGCAGGCT,3,0.05,0.8,0.15,6
ATTCTACAGAGTGAGA,4,0.05,0.8,0.15,6
ATTCTACAGATGTGGC,2,0.05,0.8,0.15,6
ATTCTACAGCCACTAT,1,0.05,0.8,0.15,6
ATTCTACAGTGCAAGC,6,0.05,0.8,0.15,6
ATTCTACAGTGGCACA,3,0.05,0.8,0.15,6
ATTCTACAGTTGAGAT,8,0.05,0.8,0.15,6
ATTCTACAGTTGTAGA,5,0.05,0.8,0.15,6
ATTCTACCAAGCGATG,6,0.05,0.8,0.15,6
ATTCTACCAAGGACAC,4,0.05,0.8,0.15,6
ATTCTACCACATTCGA,7,0.05,0.8,0.15,6
ATTCTACCAGATAATG,7,0.05,0.8,0.15,6
ATTCTACGTCATATGC,1000,0.05,0.8,0.15,6
ATTCTACGTTAGGGTG,4,0.05,0.8,0.15,6
ATTCTACTCATCTGCC,8,0.05,0.8,0.15,6
ATTCTACTCCAAAGTC,7,0.05,0.8,0.15,6
ATTCTACTCTTACCTA,2,0.05,0.8,0.15,6
ATTGGACAGCTTCGCG,7,0.05,0.8,0.15,6
ATTGGACCAAAGTCAA,3,0.05,0.8,0.15,6
ATTGGACCACCGGAAA,4,0.05,0.8,0.15,6
ATTGGACCAGGATCGA,6,0.05,0.8,0.15,6
ATTGGACGTCCAGTTA,2,0.05,0.8,0.15,6
ATTGGACGTTCACGGC,6,0.05,0.8,0.15,6
ATTGGACTCCACGACG,6,0.05,0.8,0.15,6
ATTGGACTCGGCGCAT,7,0.05,0.8,0.15,6
ATTGGACTCTTGAGGT,8,0.05,0.8,0.15,6
ATTGGACTCTTTAGTC,5,0.05,0.8,0.15,6
ATTGGTGAGGATTCGG,6,0.05,0.8,0.15,6
ATTGGTGAGTCGTACT,3,0.05,0.8,0.15,6
ATTGGTGCAGCCAATT,1,0.05,0.8,0.15,6
ATTGGTGCAGGGTTAG,7,0.05,0.8,0.15,6
ATTGGTGGTACTTCTT,5,0.05,0.8,0.15,6
ATTGGTGGTAGGGTAC,1,0.05,0.8,0.15,6
ATTGGTGGTTCCCTTG,1,0.05,0.8,0.15,6
ATTGGTGGTTCCGTCT,1000,0.05,0.8,0.15,6
ATTTCTGAGAAGGTGA,7,0.05,0.8,0.15,6
ATTTCTGAGCTCAACT,7,0.05,0.8,0.15,6
ATTTCTGAGCTGCAAG,7,0.05,0.8,0.15,6
ATTTCTGCACTTGGAT,2,0.05,0.8,0.15,6
ATTTCTGCAGTTCCCT,8,0.05,0.8,0.15,6
ATTTCTGGTAGCTGCC,3,0.05,0.8,0.15,6
ATTTCTGGTCGAACAG,6,0.05,0.8,0.15,6
ATTTCTGTCACTTCAT,2,0.05,0.8,0.15,6
ATTTCTGTCAGCACAT,3,0.05,0.8,0.15,6
ATTTCTGTCATTGCCC,8,0.05,0.8,0.15,6
ATTTCTGTCGCTTGTC,4,0.05,0.8,0.15,6
ATTTCTGTCGGTGTCG,1,0.05,0.8,0.15,6
CAACCAAAGAACAACT,1,0.05,0.8,0.15,6
CAACCAAAGAAGGGTA,7,0.05,0.8,0.15,6
CAACCAAAGGCATGTG,4,0.05,0.8,0.15,6
CAACCAAAGTCTCGGC,1000,0.05,0.8,0.15,6
CAACCAACAACGATGG,8,0.05,0.8,0.15,6
CAACCAACATGAAGTA,8,0.05,0.8,0.15,6
CAACCAAGTCGCTTTC,7,0.05,0.8,0.15,6
CAACCAATCACGCATA,3,0.05,0.8,0.15,6
CAACCAATCTCTGTCG,4,0.05,0.8,0.15,6
CAACCTCAGGCAAAGA,6,0.05,0.8,0.15,6
CAACCTCAGGCTCATT,7,0.05,0.8,0.15,6
CAACCTCAGTCTCCTC,3,0.05,0.8,0.15,6
CAACCTCCAGGTCCAC,3,0.05,0.8,0.15,6
CAACCTCGTAGATTAG,1000,0.05,0.8,0.15,6
CAACCTCGTGCAACGA,6,0.05,0.8,0.15,6
CAACCTCTCCCTAATT,1,0.05,0.8,0.15,6
CAACCTCTCCTAGTGA,1,0.05,0.8,0.15,6
CAACCTCTCTCTGAGA,2,0.05,0.8,0.15,6
CAACTAGAGAGGGATA,1,0.05,0.8,0.15,6
CAACTAGAGGCACATG,8,0.05,0.8,0.15,6
CAACTAGAGGTGTTAA,3,0.05,0.8,0.15,6
CAACTAGCAAATACAG,6,0.05,0.8,0.15,6
CAACTAGCAAGCTGTT,5,0.05,0.8,0.15,6
CAACTAGCAGTCCTTC,1000,0.05,0.8,0.15,6
CAACTAGCAGTGGAGT,1,0.05,0.8,0.15,6
CAACTAGCATTGGTAC,4,0.05,0.8,0.15,6
CAACTAGGTCACAAGG,5,0.05,0.8,0.15,6
CAACTAGGTCCGAATT,0,0.05,0.8,0.15,6
CAACTAGTCACATGCA,8,0.05,0.8,0.15,6
CAACTAGTCCGCGCAA,1000,0.05,0.8,0.15,6
CAAGAAAAGACAGACC,3,0.05,0.8,0.15,6
CAAGAAAAGAGGTTGC,3,0.05,0.8,0.15,6
CAAGAAAAGGTGCACA,1000,0.05,0.8,0.15,6
CAAGAAACAAGGTGTG,7,0.05,0.8,0.15,6
CAAGAAACACCACCAG,5,0.05,0.8,0.15,6
CAAGAAACAGCTGGCT,1,0.05,0.8,0.15,6
CAAGAAACATATGAGA,8,0.05,0.8,0.15,6
CAAGAAACATGTCGAT,4,0.05,0.8,0.15,6
CAAGAAAGTTCCAACA,5,0.05,0.8,0.15,6
CAAGAAATCACGAAGG,2,0.05,0.8,0.15,6
CAAGAAATCCAGTAGT,5,0.05,0.8,0.15,6
CAAGAAATCTTGTCAT,8,0.05,0.8,0.15,6
CAAGATCAGAAGGGTA,2,0.05,0.8,0.15,6
CAAGATCAGACCTAGG,8,0.05,0.8,0.15,6
CAAGATCAGGCCATAG,7,0.05,0.8,0.15,6
CAAGATCAGTATTGGA,6,0.05,0.8,0.15,6
CAAGATCAGTCGCCGT,5,0.05,0.8,0.15,6
CAAGATCAGTGTCCCG,4,0.05,0.8,0.15,6
CAAGATCCAAAGAATC,4,0.05,0.8,0.15,6
CAAGATCCAAGGACAC,8,0.05,0.8,0.15,6
CAAGATCCATCTACGA,1,0.05,0.8,0.15,6
CAAGATCGTATATGGA,7,0.05,0.8,0.15,6
CAAGATCGTCCGAAGA,6,0.05,0.8,0.15,6
CAAGATCGTCCTGCTT,0,0.05,0.8,0.15,6
CAAGATCGTGCGGTAA,8,0.05,0.8,0.15,6
CAAGATCTCAAGGTAA,8,0.05,0.8,0.15,6
CAAGATCTCTCCAGGG,5,0.05,0.8,0.15,6
CAAGATCTCTTCGAGA,1,0.05,0.8,0.15,6
CAAGATCTCTTGGGTA,1,0.05,0.8,0.15,6
CAAGGCCAGACAATAC,1,0.05,0.8,0.15,6
CAAGGCCAGAGCTATA,1,0.05,0.8,0.15,6
CAAGGCCAGGCGCTCT,4,0.05,0.8,0.15,6
CAAGGCCAGTGTCCAT,5,0.05,0.8,0.15,6
CAAGGCCCAATGAAAC,6,0.05,0.8,0.15,6
CAAGGCCCACACATGT,7,0.05,0.8,0.15,6
CAAGGCCCACAGTCGC,1,0.05,0.8,0.15,6
CAAGGCCCAGACAGGT,4,0.05,0.8,0.15,6
CAAGGCCGTAAACCTC,1,0.05,0.8,0.15,6
CAAGGCCGTGTTCTTT,5,0.05,0.8,0.15,6
CAAGGCCGTTAAAGAC,1,0.05,0.8,0.15,6
CAAGGCCTCCTGCCAT,1,0.05,0.8,0.15,6
CAAGGCCTCCTGTACC,4,0.05,0.8,0.15,6
CAAGGCCTCTGCGTAA,3,0.05,0.8,0.15,6
CAAGGCCTCTTGGGTA,4,0.05,0.8,0.15,6
CAAGTTGAGAGGTTAT,1000,0.05,0.8,0.15,6
CAAGTTGAGCAGACTG,8,0.05,0.8,0.15,6
CAAGTTGAGCCTATGT,0,0.05,0.8,0.15,6
CAAGTTGCAATAGCGG,5,0.05,0.8,0.15,6
CAAGTTGCAATGAAAC,5,0.05,0.8,0.15,6
CAAGTTGCACATGTGT,1,0.05,0.8,0.15,6
CAAGTTGGTCATGCAT,5,0.05,0.8,0.15,6
CAAGTTGGTCGCGGTT,3,0.05,0.8,0.15,6
CAAGTTGGTTCCGTCT,1,0.05,0.8,0.15,6
CAAGTTGTCCAACCAA,5,0.05,0.8,0.15,6
CAAGTTGTCCTCGCAT,6,0.05,0.8,0.15,6
CAAGTTGTCGTGGTCG,1000,0.05,0.8,0.15,6
CAAGTTGTCTCTGCTG,5,0.05,0.8,0.15,6
CACAAACAGGTACTCT,3,0.05,0.8,0.15,6
CACAAACAGGTCATCT,1,0.05,0.8,0.15,6
CACAAACAGTGACATA,7,0.05,0.8,0.15,6
CACAAACCAAGTTGTC,4,0.05,0.8,0.15,6
CACAAACCATACGCTA,8,0.05,0.8,0.15,6
CACAAACCATACTACG,6,0.05,0.8,0.15,6
CACAAACCATTCACTT,4,0.05,0.8,0.15,6
CACAAACGTCCAGTGC,7,0.05,0.8,0.15,6
CACAAACGTCCGCTGA,3,0.05,0.8,0.15,6
CACAAACGTGATGTCT,5,0.05,0.8,0.15,6
CACAAACTCAGTTGAC,4,0.05,0.8,0.15,6
CACAAACTCCAACCAA,8,0.05,0.8,0.15,6
CACAAACTCCTCATTA,1,0.05,0.8,0.15,6
CACAAACTCGGCGCTA,4,0.05,0.8,0.15,6
CACACAAAGATCGATA,7,0.05,0.8,0.15,6
CACACAAAGCTAAGAT,3,0.05,0.8,0.15,6
CACACAAAGCTACCGC,5,0.05,0.8,0.15,6
CACACAAAGGCACATG,8,0.05,0.8,0.15,6
CACACAACAAGCTGAG,6,0.05,0.8,0.15,6
CACACAACAGCGTCCA,5,0.05,0.8,0.15,6
CACACAACATATACGC,6,0.05,0.8,0.15,6
CACACAAGTAGAAGGA,1,0.05,0.8,0.15,6
CACACAAGTCAGGACA,5,0.05,0.8,0.15,6
CACACAATCATAAAGG,1000,0.05,0.8,0.15,6
CACACAATCATAGCAC,1,0.05,0.8,0.15,6
CACACAATCCAATGGT,0,0.05,0.8,0.15,6
CACACAATCGTACCGG,4,0.05,0.8,0.15,6
CACACCTAGCTTATCG,5,0.05,0.8,0.15,6
CACACCTAGGTCATCT,0,0.05,0.8,0.15,6
CACACCTAGTACATGA,3,0.05,0.8,0.15,6
CACACCTCAAACCTAC,1,0.05,0.8,0.15,6
CACACCTCAAGGTTTC,3,0.05,0.8,0.15,6
CACACCTGTACAGACG,1,0.05,0.8,0.15,6
CACACCTGTCTTCGTC,8,0.05,0.8,0.15,6
CACACCTGTGAACCTT,1,0.05,0.8,0.15,6
CACACCTGTGTTTGGT,3,0.05,0.8,0.15,6
CACACCTTCACAAACC,1,0.05,0.8,0.15,6
CACACCTTCGGCGCTA,4,0.05,0.8,0.15,6
CACACCTTCTCAAACG,3,0.05,0.8,0.15,6
CACACTCGTACTCTCC,3,0.05,0.8,0.15,6
CACACTCGTCATCGGC,1000,0.05,0.8,0.15,6
CACACTCGTTAAGATG,2,0.05,0.8,0.15,6
CACACTCGTTGGTAAA,8,0.05,0.8,0.15,6
CACACTCTCAGGCAAG,3,0.05,0.8,0.15,6
CACACTCTCTCAAACG,1,0.05,0.8,0.15,6
CACACTCTCTCCGGTT,8,0.05,0.8,0.15,6
CACACTCTCTTGAGGT,8,0.05,0.8,0.15,6
CACACTCTCTTGTTTG,8,0.05,0.8,0.15,6
CACAGGCAGCTGCAAG,0,0.05,0.8,0.15,6
CACAGGCAGTCATCCA,2,0.05,0.8,0.15,6
CACAGGCAGTGTACGG,6,0.05,0.8,0.15,6
CACAGGCCACCATCCT,4,0.05,0.8,0.15,6
CACAGGCCAGATTGCT,4,0.05,0.8,0.15,6
CACAGGCCAGCATGAG,7,0.05,0.8,0.15,6
CACAGGCGTGTGGCTC,8,0.05,0.8,0.15,6
CACAGGCGTTCGGGCT,1000,0.05,0.8,0.15,6
CACAGGCTCTAACTCT,5,0.05,0.8,0.15,6
CACAGTAAGACGCAAC,8,0.05,0.8,0.15,6
CACAGTACAAGCCGCT,5,0.05,0.8,0.15,6
CACAGTACAGACTCGC,7,0.05,0.8,0.15,6
CACAGTACATTCCTCG,1000,0.05,0.8,0.15,6
CACAGTAGTGGCTCCA,6,0.05,0.8,0.15,6
CACAGTAGTTTACTCT,8,0.05,0.8,0.15,6
CACAGTATCAACGCTA,7,0.05,0.8,0.15,6
CACAGTATCCTATGTT,2,0.05,0.8,0.15,6
CACAGTATCCTGCAGG,8,0.05,0.8,0.15,6
CACAGTATCCTTGGTC,1,0.05,0.8,0.15,6
CACAGTATCTGCGACG,7,0.05,0.8,0.15,6
CACATAGAGACCCACC,8,0.05,0.8,0.15,6
CACATAGAGGATGGAA,1,0.05,0.8,0.15,6
CACATAGCACTAGTAC,0,0.05,0.8,0.15,6
CACATAGCAGACGCTC,5,0.05,0.8,0.15,6
CACATAGGTCAGGACA,7,0.05,0.8,0.15,6
CACATAGTCAGCCTAA,1,0.05,0.8,0.15,6
CACATAGTCATAGCAC,3,0.05,0.8,0.15,6
CACATAGTCGCGTAGC,1,0.05,0.8,0.15,6
CACATAGTCTAACCGA,7,0.05,0.8,0.15,6
CACATTTAGAGTACAT,3,0.05,0.8,0.15,6
CACATTTAGATGTTAG,1000,0.05,0.8,0.15,6
CACATTTCAATTCCTT,7,0.05,0.8,0.15,6
CACATTTCACAGATTC,6,0.05,0.8,0.15,6
CACATTTGTAAGGGCT,1000,0.05,0.8,0.15,6
CACATTTGTGACTCAT,7,0.05,0.8,0.15,6
CACATTTTCGTATCAG,6,0.05,0.8,0.15,6
CACCACTAGAGATGAG,5,0.05,0.8,0.15,6
CACCACTAGGGTCGAT,2,0.05,0.8,0.15,6
CACCACTAGGTTCCTA,5,0.05,0.8,0.15,6
CACCACTAGTGGAGAA,1,0.05,0.8,0.15,6
CACCACTAGTTACCCA,7,0.05,0.8,0.15,6
CACCACTCACACCGAC,7,0.05,0.8,0.15,6
CACCACTCATCCAACA,1,0.05,0.8,0.15,6
CACCACTTCGCCGTGA,1,0.05,0.8,0.15,6
CACCACTTCGTAGGTT,2,0.05,0.8,0.15,6
CACCACTTCTGCGACG,4,0.05,0.8,0.15,6
CACCAGGAGAACAACT,1,0.05,0.8,0.15,6
CACCAGGAGGAACTGC,2,0.05,0.8,0.15,6
CACCAGGAGGGAAACA,1,0.05,0.8,0.15,6
CACCAGGAGTAATCCC,3,0.05,0.8,0.15,6
CACCAGGCAAGCCGTC,3,0.05,0.8,0.15,6
CACCAGGCAAGTCTAC,3,0.05,0.8,0.15,6
CACCAGGCAGCTGGCT,8,0.05,0.8,0.15,6
CACCAGGGTGTAATGA,6,0.05,0.8,0.15,6
CACCAGGTCAACACTG,5,0.05,0.8,0.15,6
CACCAGGTCATTGCGA,1,0.05,0.8,0.15,6
CACCAGGTCTCACATT,5,0.05,0.8,0.15,6
CACCTTGAGACAGAGA,7,0.05,0.8,0.15,6
CACCTTGAGTCCCACG,3,0.05,0.8,0.15,6
CACCTTGCACCCATTC,0,0.05,0.8,0.15,6
CACCTTGGTAAGGGCT,3,0.05,0.8,0.15,6
CACCTTGGTAGCGTGA,5,0.05,0.8,0.15,6
CACCTTGGTCTAGCCG,6,0.05,0.8,0.15,6
CACCTTGGTCTCCACT,6,0.05,0.8,0.15,6
CACCTTGGTGTTCGAT,1,0.05,0.8,0.15,6
CACCTTGGTTCGGCAC,1000,0.05,0.8,0.15,6
CACCTTGTCTCTAGGA,1,0.05,0.8,0.15,6
CACTCCAAGCTCTCGG,6,0.05,0.8,0.15,6
CACTCCAAGGTACTCT,2,0.05,0.8,0.15,6
CACTCCACAGGGATTG,6,0.05,0.8,0.15,6
CACTCCACATTTCAGG,1000,0.05,0.8,0.15,6
CACTCCACATTTGCTT,1,0.05,0.8,0.15,6
CACTCCAGTTGGTGGA,8,0.05,0.8,0.15,6
CACTCCATCAGTTTGG,5,0.05,0.8,0.15,6
CACTCCATCCGAACGC,5,0.05,0.8,0.15,6
CAGAATCAGTGTACGG,1,0.05,0.8,0.15,6
CAGAATCCACTCTGTC,1,0.05,0.8,0.15,6
CAGAATCCATGTAGTC,1,0.05,0.8,0.15,6
CAGAATCGTACTTCTT,5,0.05,0.8,0.15,6
CAGAATCGTCCGAAGA,1,0.05,0.8,0.15,6
CAGAATCTCAACTCTT,3,0.05,0.8,0.15,6
CAGAGAGAGAGGACGG,3,0.05,0.8,0.15,6
CAGAGAGAGATGCGAC,2,0.05,0.8,0.15,6
CAGAGAGAGCAAATCA,4,0.05,0.8,0.15,6
CAGAGAGCAAGGACAC,5,0.05,0.8,0.15,6
CAGAGAGCAAGGCTCC,1,0.05,0.8,0.15,6
CAGAGAGCACGGCTAC,7,0.05,0.8,0.15,6
CAGAGAGGTCACAAGG,1,0.05,0.8,0.15,6
CAGAGAGGTCGGATCC,7,0.05,0.8,0.15,6
CAGAGAGGTGCTTCTC,1000,0.05,0.8,0.15,6
CAGAGAGGTGGTGTAG,5,0.05,0.8,0.15,6
CAGAGAGGTGTGCCTG,6,0.05,0.8,0.15,6
CAGAGAGTCAGTGTTG,1000,0.05,0.8,0.15,6
CAGAGAGTCGAGCCCA,7,0.05,0.8,0.15,6
CAGAGAGTCTGGTGTA,1,0.05,0.8,0.15,6
CAGATCAAGAAGGACA,4,0.05,0.8,0.15,6
CAGATCAAGGTGATAT,8,0.05,0.8,0.15,6
CAGATCACACTTCGAA,6,0.05,0.8,0.15,6
CAGATCACATGTAGTC,4,0.05,0.8,0.15,6
CAGATCATCGTTACAG,1,0.05,0.8,0.15,6
CAGCAGCAGACTCGGA,3,0.05,0.8,0.15,6
CAGCAGCAGCGGATCA,5,0.05,0.8,0.15,6
CAGCAGCAGCTAAACA,4,0.05,0.8,0.15,6
CAGCAGCAGGCAGTCA,1,0.05,0.8,0.15,6
CAGCAGCAGTACGCCC,2,0.05,0.8,0.15,6
CAGCAGCAGTTGTAGA,2,0.05,0.8,0.15,6
CAGCAGCCAAAGGCGT,1,0.05,0.8,0.15,6
CAGCAGCCACTGTCGG,8,0.05,0.8,0.15,6
CAGCAGCCAGCGTTCG,2,0.05,0.8,0.15,6
CAGCAGCCAGTAACGG,0,0.05,0.8,0.15,6
CAGCATAAGAACTGTA,7,0.05,0.8,0.15,6
CAGCATAAGCAGCCTC,7,0.05,0.8,0.15,6
CAGCATAAGCGGCTTC,5,0.05,0.8,0.15,6
CAGCATAAGCTACCGC,2,0.05,0.8,0.15,6
CAGCATAAGGAGTCTG,8,0.05,0.8,0.15,6
CAGCATAAGTGCCATT,8,0.05,0.8,0.15,6
CAGCATACACCGAATT,5,0.05,0.8,0.15,6
CAGCATACAGACGCTC,7,0.05,0.8,0.15,6
CAGCATAGTGTGTGCC,2,0.05,0.8,0.15,6
CAGCATATCAGTTCGA,2,0.05,0.8,0.15,6
CAGCATATCCAACCAA,5,0.05,0.8,0.15,6
CAGCATATCCATGAGT,6,0.05,0.8,0.15,6
CAGCCGAAGGGCTTGA,1000,0.05,0.8,0.15,6
CAGCCGACAGGTGCCT,6,0.05,0.8,0.15,6
CAGCCGAGTCATATCG,3,0.05,0.8,0.15,6
CAGCCGAGTTTCCACC,8,0.05,0.8,0.15,6
CAGCCGAGTTTGTGTG,5,0.05,0.8,0.15,6
CAGCCGATCAAGATCC,2,0.05,0.8,0.15,6
CAGCCGATCCGTACAA,4,0.05,0.8,0.15,6
CAGCGACAGACACGAC,1,0.05,0.8,0.15,6
CAGCGACAGATGCCAG,3,0.05,0.8,0.15,6
CAGCGACAGCAATCTC,8,0.05,0.8,0.15,6
CAGCGACAGTCATGCT,4,0.05,0.8,0.15,6
CAGCGACAGTTGTAGA,8,0.05,0.8,0.15,6
CAGCGACAGTTTAGGA,1,0.05,0.8,0.15,6
CAGCGACCACAAGTAA,6,0.05,0.8,0.15,6
CAGCGACCACATGGGA,5,0.05,0.8,0.15,6
CAGCGACCAGGCTGAA,7,0.05,0.8,0.15,6
CAGCGACGTCGGCATC,6,0.05,0.8,0.15,6
CAGCGACGTCTGCCAG,5,0.05,0.8,0.15,6
CAGCGACGTTACGACT,8,0.05,0.8,0.15,6
CAGCGACTCAAGGTAA,1,0.05,0.8,0.15,6
CAGCGACTCACCATAG,5,0.05,0.8,0.15,6
CAGCGACTCAGGCGAA,7,0.05,0.8,0.15,6
CAGCGACTCTCGATGA,7,0.05,0.8,0.15,6
CAGCTAAAGCTAGTTC,2,0.05,0.8,0.15,6
CAGCTAAAGGCATGGT,8,0.05,0.8,0.15,6
CAGCTAAAGTGTCCCG,4,0.05,0.8,0.15,6
CAGCTAAGTCAAGCGA,5,0.05,0.8,0.15,6
CAGCTAAGTCTCCATC,8,0.05,0.8,0.15,6
CAGCTAAGTGTTAAGA,7,0.05,0.8,0.15,6
CAGCTAATCAACACAC,1,0.05,0.8,0.15,6
CAGCTAATCAGCACAT,3,0.05,0.8,0.15,6
CAGCTAATCTGGGCCA,6,0.05,0.8,0.15,6
CAGCTGGAGCTAACTC,7,0.05,0.8,0.15,6
CAGCTGGCACCATCCT,5,0.05,0.8,0.15,6
CAGCTGGCACCTCGTT,8,0.05,0.8,0.15,6
CAGCTGGCATTTCACT,1,0.05,0.8,0.15,6
CAGCTGGGTAAATGTG,5,0.05,0.8,0.15,6
CAGCTGGGTAACGCGA,8,0.05,0.8,0.15,6
CAGCTGGGTTGTCGCG,4,0.05,0.8,0.15,6
CAGCTGGTCCAAAGTC,7,0.05,0.8,0.15,6
CAGGTGCAGACCTTTG,6,0.05,0.8,0.15,6
CAGGTGCAGAGGTTGC,7,0.05,0.8,0.15,6
CAGGTGCAGCAGCCTC,4,0.05,0.8,0.15,6
CAGGTGCAGCCACGTC,6,0.05,0.8,0.15,6
CAGGTGCAGGAGTTGC,4,0.05,0.8,0.15,6
CAGGTGCCAACTGGCC,4,0.05,0.8,0.15,6
CAGGTGCCAGTAAGCG,5,0.05,0.8,0.15,6
CAGGTGCGTCTAAAGA,3,0.05,0.8,0.15,6
CAGGTGCGTGCACGAA,7,0.05,0.8,0.15,6
CAGGTGCTCCGCGTTT,5,0.05,0.8,0.15,6
CAGGTGCTCCTCAATT,1,0.05,0.8,0.15,6
CAGGTGCTCTGTGCAA,2,0.05,0.8,0.15,6
CAGGTGCTCTTAGCCC,7,0.05,0.8,0.15,6
CAGTAACAGATCCTGT,8,0.05,0.8,0.15,6
CAGTAACAGGCCCTCA,6,0.05,0.8,0.15,6
CAGTAACAGTAGCGGT,7,0.05,0.8,0.15,6
CAGTAACCAATAGCGG,6,0.05,0.8,0.15,6
CAGTAACCACAGCCCA,7,0.05,0.8,0.15,6
CAGTAACCAGTCTTCC,5,0.05,0.8,0.15,6
CAGTAACTCAGTGTTG,5,0.05,0.8,0.15,6
CAGTAACTCATTGCCC,1,0.05,0.8,0.15,6
CAGTAACTCGGAGCAA,4,0.05,0.8,0.15,6
CAGTAACTCGTGGGAA,5,0.05,0.8,0.15,6
CAGTAACTCTACTATC,7,0.05,0.8,0.15,6
CAGTAACTCTCGCTTG,2,0.05,0.8,0.15,6
CAGTAACTCTGATACG,1,0.05,0.8,0.15,6
CAGTCCTAGAATGTTG,1,0.05,0.8,0.15,6
CAGTCCTAGAGTGACC,3,0.05,0.8,0.15,6
CAGTCCTAGCACAGGT,1,0.05,0.8,0.15,6
CAGTCCTCAAACTGTC,6,0.05,0.8,0.15,6
CAGTCCTGTAAGAGAG,8,0.05,0.8,0.15,6
CAGTCCTGTCTCCATC,1,0.05,0.8,0.15,6
CAGTCCTGTGTCTGAT,5,0.05,0.8,0.15,6
CAGTCCTTCGCCAAAT,6,0.05,0.8,0.15,6
CAGTCCTTCTTTAGTC,8,0.05,0.8,0.15,6
CATATGGAGATCGGGT,7,0.05,0.8,0.15,6
CATATGGAGGGTGTGT,6,0.05,0.8,0.15,6
CATATGGAGTACGCGA,3,0.05,0.8,0.15,6
CATATGGAGTAGGTGC,2,0.05,0.8,0.15,6
CATATGGGTACTCGCG,1,0.05,0.8,0.15,6
CATATGGGTCGTTGTA,5,0.05,0.8,0.15,6
CATATTCAGAGCAATT,2,0.05,0.8,0.15,6
CATATTCAGCACCGTC,5,0.05,0.8,0.15,6
CATATTCAGCCAGAAC,2,0.05,0.8,0.15,6
CATATTCAGCGTGTCC,7,0.05,0.8,0.15,6
CATATTCCACCCTATC,5,0.05,0.8,0.15,6
CATATTCCAGGACCCT,4,0.05,0.8,0.15,6
CATATTCCAGGATTGG,8,0.05,0.8,0.15,6
CATATTCCAGTAAGAT,3,0.05,0.8,0.15,6
CATATTCGTCAAACTC,8,0.05,0.8,0.15,6
CATATTCGTCCCTACT,1,0.05,0.8,0.15,6
CATATTCGTGTTAAGA,5,0.05,0.8,0.15,6
CATATTCGTTTGGCGC,7,0.05,0.8,0.15,6
CATATTCTCATCTGCC,1000,0.05,0.8,0.15,6
CATATTCTCATTGCCC,4,0.05,0.8,0.15,6
CATATTCTCGATAGAA,1,0.05,0.8,0.15,6
CATATTCTCGTCGTTC,5,0.05,0.8,0.15,6
CATATTCTCTACCAGA,3,0.05,0.8,0.15,6
CATATTCTCTTGCCGT,4,0.05,0.8,0.15,6
CATCAAGAGCTGTTCA,2,0.05,0.8,0.15,6
CATCAAGAGGGCACTA,1000,0.05,0.8,0.15,6
CATCAAGAGTCCCACG,0,0.05,0.8,0.15,6
CATCAAGAGTGCTGCC,4,0.05,0.8,0.15,6
CATCAAGCAGATTGCT,2,0.05,0.8,0.15,6
CATCAAGCATCGATTG,8,0.05,0.8,0.15,6
CATCAAGCATTGCGGC,5,0.05,0.8,0.15,6
CATCAAGGTACCGTTA,7,0.05,0.8,0.15,6
CATCAAGGTCTCTCGT,7,0.05,0.8,0.15,6
CATCAAGTCACAAACC,1,0.05,0.8,0.15,6
CATCAAGTCCTTGCCA,1,0.05,0.8,0.15,6
CATCAAGTCTCGATGA,8,0.05,0.8,0.15,6
CATCAAGTCTTCCTTC,5,0.05,0.8,0.15,6
CATCAGAAGAGTGAGA,7,0.05,0.8,0.15,6
CATCAGAAGATTACCC,1,0.05,0.8,0.15,6
CATCAGAAGCGTTCCG,1,0.05,0.8,0.15,6
CATCAGAAGGCATTGG,2,0.05,0.8,0.15,6
CATCAGAAGGTTACCT,3,0.05,0.8,0.15,6
CATCAGAAGTAGGCCA,1000,0.05,0.8,0.15,6
CATCAGACAGTCAGCC,4,0.05,0.8,0.15,6
CATCAGACAGTTCATG,1,0.05,0.8,0.15,6
CATCAGAGTAGCTAAA,2,0.05,0.8,0.15,6
CATCAGAGTAGGCTGA,0,0.05,0.8,0.15,6
CATCAGAGTAGGGTAC,2,0.05,0.8,0.15,6
CATCAGAGTATTCGTG,3,0.05,0.8,0.15,6
CATCAGAGTCCGAAGA,2,0.05,0.8,0.15,6
CATCAGATCAACCATG,3,0.05,0.8,0.15,6
CATCAGATCATAGCAC,4,0.05,0.8,0.15,6
CATCCACCATAACCTG,1,0.05,0.8,0.15,6
CATCCACCATTTGCTT,6,0.05,0.8,0.15,6
CATCCACGTCATTAGC,8,0.05,0.8,0.15,6
CATCCACGTTGGAGGT,7,0.05,0.8,0.15,6
CATCCACTCAGTCAGT,1,0.05,0.8,0.15,6
CATCCACTCCAAATGC,8,0.05,0.8,0.15,6
CATCCACTCGATCCCT,3,0.05,0.8,0.15,6
CATCGAAAGAAACGCC,5,0.05,0.8,0.15,6
CATCGAAAGCGCTTAT,8,0.05,0.8,0.15,6
CATCGAAGTAAACGCG,4,0.05,0.8,0.15,6
CATCGAAGTGGAAAGA,8,0.05,0.8,0.15,6
CATCGAATCACCATAG,5,0.05,0.8,0.15,6
CATCGAATCTCGTATT,1,0.05,0.8,0.15,6
CATCGAATCTGCGGCA,8,0.05,0.8,0.15,6
CATCGAATCTTACCGC,7,0.05,0.8,0.15,6
CATCGGGAGATCGGGT,1000,0.05,0.8,0.15,6
CATCGGGAGTGGAGTC,8,0.05,0.8,0.15,6
CATCGGGCAAGACGTG,1000,0.05,0.8,0.15,6
CATCGGGCAATAGAGT,5,0.05,0.8,0.15,6
CATCGGGCACACGCTG,7,0.05,0.8,0.15,6
CATCGGGCAGCCTGTG,7,0.05,0.8,0.15,6
CATCGGGCAGCGATCC,3,0.05,0.8,0.15,6
CATCGGGCAGCTGTTA,8,0.05,0.8,0.15,6
CATCGGGGTAACGTTC,1000,0.05,0.8,0.15,6
CATCGGGGTAGGACAC,7,0.05,0.8,0.15,6
CATCGGGGTTTGCATG,4,0.05,0.8,0.15,6
CATCGGGTCGTTACAG,4,0.05,0.8,0.15,6
CATGACAAGAGGTACC,4,0.05,0.8,0.15,6
CATGACAAGCTAAGAT,4,0.05,0.8,0.15,6
CATGACACAACGATCT,8,0.05,0.8,0.15,6
CATGACACAATAGAGT,4,0.05,0.8,0.15,6
CATGACACAATCTGCA,1,0.05,0.8,0.15,6
CATGACAGTAGAGCTG,1,0.05,0.8,0.15,6
CATGACAGTCATGCAT,4,0.05,0.8,0.15,6
CATGACAGTGCACCAC,6,0.05,0.8,0.15,6
CATGACAGTTTAGGAA,5,0.05,0.8,0.15,6
CATGACATCCCAACGG,2,0.05,0.8,0.15,6
CATGACATCGCCAGCA,1,0.05,0.8,0.15,6
CATGACATCGTTGACA,6,0.05,0.8,0.15,6
CATGCCTCAAGAGTCG,4,0.05,0.8,0.15,6
CATGCCTCACAACGTT,8,0.05,0.8,0.15,6
CATGCCTCATCACAAC,3,0.05,0.8,0.15,6
CATGCCTGTACAGCAG,2,0.05,0.8,0.15,6
CATGCCTTCACCAGGC,5,0.05,0.8,0.15,6
CATGCCTTCAGTCAGT,1,0.05,0.8,0.15,6
CATGCCTTCTAAGCCA,7,0.05,0.8,0.15,6
CATGGCGAGCTGCGAA,7,0.05,0.8,0.15,6
CATGGCGAGGCAATTA,4,0.05,0.8,0.15,6
CATGGCGAGGCGATAC,1000,0.05,0.8,0.15,6
CATGGCGAGTGACTCT,3,0.05,0.8,0.15,6
CATGGCGCAATACGCT,7,0.05,0.8,0.15,6
CATGGCGCACATGTGT,8,0.05,0.8,0.15,6
CATGGCGCACTCTGTC,7,0.05,0.8,0.15,6
CATGGCGGTATAGGGC,4,0.05,0.8,0.15,6
CATGGCGGTCAGTGGA,2,0.05,0.8,0.15,6
CATGGCGGTCGTCTTC,1000,0.05,0.8,0.15,6
CATGGCGGTGGTCCGT,7,0.05,0.8,0.15,6
CATGGCGGTGTCTGAT,2,0.05,0.8,0.15,6
CATGGCGTCCTTTCGG,1,0.05,0.8,0.15,6
CATGGCGTCTCTAAGG,5,0.05,0.8,0.15,6
CATTATCAGGCGATAC,5,0.05,0.8,0.15,6
CATTATCCAACACGCC,1000,0.05,0.8,0.15,6
CATTATCCACATTAGC,4,0.05,0.8,0.15,6
CATTATCGTCAATGTC,5,0.05,0.8,0.15,6
CATTATCGTCTCCATC,1000,0.05,0.8,0.15,6
CATTATCGTGATGTCT,2,0.05,0.8,0.15,6
CATTATCGTGGCTCCA,5,0.05,0.8,0.15,6
CATTATCGTTAAAGTG,2,0.05,0.8,0.15,6
CATTATCGTTACGTCA,8,0.05,0.8,0.15,6
CATTATCGTTCCGGCA,6,0.05,0.8,0.15,6
CATTATCGTTGGTAAA,1,0.05,0.8,0.15,6
CATTATCTCCTTGGTC,1,0.05,0.8,0.15,6
CATTCGCAGCAGCCTC,1000,0.05,0.8,0.15,6
CATTCGCAGTCAATAG,1,0.05,0.8,0.15,6
CATTCGCCACGAAAGC,4,0.05,0.8,0.15,6
CATTCGCCAGTACACT,1000,0.05,0.8,0.15,6
CATTCGCGTTGATTGC,7,0.05,0.8,0.15,6
CATTCGCTCAGCGACC,0,0.05,0.8,0.15,6
CATTCGCTCTGAGGGA,3,0.05,0.8,0.15,6
CCAATCCAGAAACGAG,1,0.05,0.8,0.15,6
CCAATCCAGCTAGTTC,4,0.05,0.8,0.15,6
CCAATCCAGCTGCCCA,7,0.05,0.8,0.15,6
CCAATCCAGGGTCTCC,4,0.05,0.8,0.15,6
CCAATCCCACGTCAGC,1,0.05,0.8,0.15,6
CCAATCCCAGGATTGG,1,0.05,0.8,0.15,6
CCAATCCGTCAATACC,3,0.05,0.8,0.15,6
CCAATCCGTGTTTGGT,4,0.05,0.8,0.15,6
CCAATCCTCACAACGT,2,0.05,0.8,0.15,6
CCAATCCTCCAAAGTC,7,0.05,0.8,0.15,6
CCAATCCTCTTGCCGT,2,0.05,0.8,0.15,6
CCACCTAAGGATGGTC,7,0.05,0.8,0.15,6
CCACCTAAGGCATTGG,3,0.05,0.8,0.15,6
CCACCTAAGTAGCCGA,1000,0.05,0.8,0.15,6
CCACCTAAGTGTTAGA,1,0.05,0.8,0.15,6
CCACCTACAGATCGGA,1000,0.05,0.8,0.15,6
CCACCTACATCCGCGA,5,0.05,0.8,0.15,6
CCACCTAGTTATCGGT,3,0.05,0.8,0.15,6
CCACCTATCAGGCCCA,7,0.05,0.8,0.15,6
CCACCTATCAGTCCCT,4,0.05,0.8,0.15,6
CCACCTATCTTTACAC,6,0.05,0.8,0.15,6
CCACGGAAGACTGTAA,5,0.05,0.8,0.15,6
CCACGGAAGCTGTTCA,8,0.05,0.8,0.15,6
CCACGGACAAGACGTG,6,0.05,0.8,0.15,6
CCACGGACACCGAAAG,4,0.05,0.8,0.15,6
CCACGGACACCTCGTT,6,0.05,0.8,0.15,6
CCACGGACATTATCTC,5,0.05,0.8,0.15,6
CCACGGAGTCGCTTTC,2,0.05,0.8,0.15,6
CCACGGATCACTTATC,6,0.05,0.8,0.15,6
CCACGGATCCTAGAAC,7,0.05,0.8,0.15,6
CCACGGATCGGAAATA,3,0.05,0.8,0.15,6
CCACGGATCGTAGGAG,3,0.05,0.8,0.15,6
CCACGGATCTCTAAGG,4,0.05,0.8,0.15,6
CCACTACAGACGCTTT,7,0.05,0.8,0.15,6
CCACTACAGCCGATTT,7,0.05,0.8,0.15,6
CCACTACAGGCGACAT,1000,0.05,0.8,0.15,6
CCACTACAGGCGTACA,4,0.05,0.8,0.15,6
CCACTACAGTTGCAGG,8,0.05,0.8,0.15,6
CCACTACCAAAGAATC,7,0.05,0.8,0.15,6
CCACTACCACCGGAAA,1000,0.05,0.8,0.15,6
CCACTACCAGTCAGCC,8,0.05,0.8,0.15,6
CCACTACCATGGGAAC,2,0.05,0.8,0.15,6
CCACTACTCGCCGTGA,2,0.05,0.8,0.15,6
CCACTACTCGTACGGC,2,0.05,0.8,0.15,6
CCACTACTCTCCGGTT,1,0.05,0.8,0.15,6
CCACTACTCTGCAAGT,8,0.05,0.8,0.15,6
CCAGCGAAGAAGGACA,6,0.05,0.8,0.15,6
CCAGCGAAGGCAATTA,3,0.05,0.8,0.15,6
CCAGCGAAGGTGCACA,8,0.05,0.8,0.15,6
CCAGCGACAATGGATA,7,0.05,0.8,0.15,6
CCAGCGACACAGCGTC,3,0.05,0.8,0.15,6
CCAGCGACACGGACAA,7,0.05,0.8,0.15,6
CCAGCGACACTCGACG,6,0.05,0.8,0.15,6
CCAGCGACATAGAAAC,3,0.05,0.8,0.15,6
CCAGCGACATGGATGG,8,0.05,0.8,0.15,6
CCAGCGAGTAAGTTCC,5,0.05,0.8,0.15,6
CCAGCGAGTACAGCAG,5,0.05,0.8,0.15,6
CCAGCGAGTACAGTGG,1,0.05,0.8,0.15,6
CCAGCGAGTGAAATCA,7,0.05,0.8,0.15,6
CCAGCGAGTTGTCGCG,3,0.05,0.8,0.15,6
CCAGCGATCACAGTAC,1,0.05,0.8,0.15,6
CCAGCGATCACCTCGT,2,0.05,0.8,0.15,6
CCAGCGATCACTTATC,7,0.05,0.8,0.15,6
CCAGCGATCGAATCCA,4,0.05,0.8,0.15,6
CCATGTCAGCTGCGAA,2,0.05,0.8,0.15,6
CCATGTCAGTGTTTGC,8,0.05,0.8,0.15,6
CCATGTCAGTTTGCGT,1000,0.05,0.8,0.15,6
CCATGTCCACAGACAG,7,0.05,0.8,0.15,6
CCATGTCCACCACCAG,8,0.05,0.8,0.15,6
CCATGTCCACCGATAT,2,0.05,0.8,0.15,6
CCATGTCCACGTAAGG,2,0.05,0.8,0.15,6
CCATGTCGTACCGAGA,4,0.05,0.8,0.15,6
CCATGTCGTCAGGACA,4,0.05,0.8,0.15,6
CCATGTCGTGAGGGTT,1000,0.05,0.8,0.15,6
CCATGTCGTTCCGGCA,4,0.05,0.8,0.15,6
CCATGTCTCAAGATCC,7,0.05,0.8,0.15,6
CCATGTCTCAGCATGT,6,0.05,0.8,0.15,6
CCATGTCTCCATTCTA,6,0.05,0.8,0.15,6
CCATGTCTCGATGAGG,2,0.05,0.8,0.15,6
CCATTCGAGACAGACC,1000,0.05,0.8,0.15,6
CCATTCGAGACCGGAT,7,0.05,0.8,0.15,6
CCATTCGAGCAACGGT,2,0.05,0.8,0.15,6
CCATTCGAGGTAGCCA,2,0.05,0.8,0.15,6
CCATTCGAGTGAACGC,3,0.05,0.8,0.15,6
CCATTCGCAACACCTA,8,0.05,0.8,0.15,6
CCATTCGCACATTTCT,3,0.05,0.8,0.15,6
CCATTCGGTAAGAGGA,1,0.05,0.8,0.15,6
CCATTCGGTAATAGCA,3,0.05,0.8,0.15,6
CCATTCGGTCAGCTAT,7,0.05,0.8,0.15,6
CCATTCGGTGAACCTT,5,0.05,0.8,0.15,6
CCATTCGTCATGTAGC,6,0.05,0.8,0.15,6
CCATTCGTCGTATCAG,6,0.05,0.8,0.15,6
CCATTCGTCTTGCAAG,1,0.05,0.8,0.15,6
CCCAATCAGAATAGGG,4,0.05,0.8,0.15,6
CCCAATCCAACACCTA,1000,0.05,0.8,0.15,6
CCCAATCCAAGAGGCT,3,0.05,0.8,0.15,6
CCCAATCCACAGACTT,8,0.05,0.8,0.15,6
CCCAATCCACGGTAGA,3,0.05,0.8,0.15,6
CCCAATCCACTGAAGG,2,0.05,0.8,0.15,6
CCCAATCCAGGGATTG,8,0.05,0.8,0.15,6
CCCAATCCATGCATGT,8,0.05,0.8,0.15,6
CCCAATCGTAAATACG,7,0.05,0.8,0.15,6
CCCAATCGTCTTCTCG,1,0.05,0.8,0.15,6
CCCAATCTCCCAGGTG,8,0.05,0.8,0.15,6
CCCAATCTCTAACTTC,1000,0.05,0.8,0.15,6
CCCAATCTCTACTATC,4,0.05,0.8,0.15,6
CCCAGTTAGAAACCGC,2,0.05,0.8,0.15,6
CCCAGTTAGATCCCGC,1000,0.05,0.8,0.15,6
CCCAGTTAGTAATCCC,6,0.05,0.8,0.15,6
CCCAGTTCAAGCCGTC,6,0.05,0.8,0.15,6
CCCAGTTCACCCAGTG,3,0.05,0.8,0.15,6
CCCAGTTCATTCTTAC,1,0.05,0.8,0.15,6
CCCAGTTGTAGAGCTG,3,0.05,0.8,0.15,6
CCCAGTTGTAGGAGTC,5,0.05,0.8,0.15,6
CCCAGTTGTTTGGGCC,3,0.05,0.8,0.15,6
CCCAGTTTCTGTCAAG,5,0.05,0.8,0.15,6
CCCATACAGAAGCCCA,3,0.05,0.8,0.15,6
CCCATACAGCTTATCG,0,0.05,0.8,0.15,6
CCCATACCAACACCCG,1000,0.05,0.8,0.15,6
CCCATACCACCAGTTA,5,0.05,0.8,0.15,6
CCCATACCATCACGAT,1000,0.05,0.8,0.15,6
CCCATACGTTAAGATG,8,0.05,0.8,0.15,6
CCCATACTCCACTGGG,1,0.05,0.8,0.15,6
CCCATACTCCTAGTGA,4,0.05,0.8,0.15,6
CCCATACTCGCCCTTA,2,0.05,0.8,0.15,6
CCCATACTCTTACCTA,4,0.05,0.8,0.15,6
CCCTCCTAGAGTTGGC,4,0.05,0.8,0.15,6
CCCTCCTAGCAAATCA,8,0.05,0.8,0.15,6
CCCTCCTAGGCTCATT,1000,0.05,0.8,0.15,6
CCCTCCTAGGTAGCCA,8,0.05,0.8,0.15,6
CCCTCCTAGTCCTCCT,3,0.05,0.8,0.15,6
CCCTCCTCACCTGGTG,3,0.05,0.8,0.15,6
CCCTCCTCAGAGCCAA,1,0.05,0.8,0.15,6
CCCTCCTCAGGGATTG,5,0.05,0.8,0.15,6
CCCTCCTCATAACCTG,6,0.05,0.8,0.15,6
CCCTCCTCATGGAATA,4,0.05,0.8,0.15,6
CCCTCCTCATTCCTGC,3,0.05,0.8,0.15,6
CCCTCCTGTGCAGTAG,1,0.05,0.8,0.15,6
CCCTCCTTCCGCAGTG,7,0.05,0.8,0.15,6
CCCTCCTTCGCGCCAA,5,0.05,0.8,0.15,6
CCCTCCTTCTAGAGTC,1,0.05,0.8,0.15,6
CCGGGATAGACACTAA,4,0.05,0.8,0.15,6
CCGGGATAGCCCAATT,5,0.05,0.8,0.15,6
CCGGGATAGGAGTTGC,4,0.05,0.8,0.15,6
CCGGGATAGGCCGAAT,8,0.05,0.8,0.15,6
CCGGGATAGTATTGGA,6,0.05,0.8,0.15,6
CCGGGATAGTCGAGTG,3,0.05,0.8,0.15,6
CCGGGATGTCAGCTAT,5,0.05,0.8,0.15,6
CCGGGATGTTCAGGCC,2,0.05,0.8,0.15,6
CCGGGATGTTCCCGAG,5,0.05,0.8,0.15,6
CCGGGATGTTTACTCT,6,0.05,0.8,0.15,6
CCGGGATTCACATACG,5,0.05,0.8,0.15,6
CCGGGATTCACGATGT,8,0.05,0.8,0.15,6
CCGGTAGAGACAGGCT,7,0.05,0.8,0.15,6
CCGGTAGAGCTAGTCT,4,0.05,0.8,0.15,6
CCGGTAGAGTATGACA,6,0.05,0.8,0.15,6
CCGGTAGAGTGGTAGC,7,0.05,0.8,0.15,6
CCGGTAGCAAACGTGG,5,0.05,0.8,0.15,6
CCGGTAGCAGATCTGT,2,0.05,0.8,0.15,6
CCGGTAGCATCGACGC,8,0.05,0.8,0.15,6
CCGGTAGGTCTCCCTA,8,0.05,0.8,0.15,6
CCGGTAGTCATGTCTT,5,0.05,0.8,0.15,6
CCGGTAGTCGCGCCAA,7,0.05,0.8,0.15,6
CCGTACTAGCTCTCGG,6,0.05,0.8,0.15,6
CCGTACTAGTGTTGAA,1,0.05,0.8,0.15,6
CCGTACTCACAGACTT,8,0.05,0.8,0.15,6
CCGTACTCAGGGCATA,1,0.05,0.8,0.15,6
CCGTACTGTCATTAGC,1000,0.05,0.8,0.15,6
CCGTACTGTCGGATCC,1000,0.05,0.8,0.15,6
CCGTACTGTTAAGTAG,8,0.05,0.8,0.15,6
CCGTACTGTTACGTCA,1,0.05,0.8,0.15,6
CCGTACTTCACGCGGT,8,0.05,0.8,0.15,6
CCGTACTTCAGTTAGC,8,0.05,0.8,0.15,6
CCGTACTTCGAACGGA,1000,0.05,0.8,0.15,6
CCGTACTTCTCAAACG,7,0.05,0.8,0.15,6
CCGTGGAAGATCCCGC,5,0.05,0.8,0.15,6
CCGTGGACAACGATCT,6,0.05,0.8,0.15,6
CCGTGGACAGCAGTTT,3,0.05,0.8,0.15,6
CCGTGGACAGCGAACA,5,0.05,0.8,0.15,6
CCGTGGAGTACGACCC,8,0.05,0.8,0.15,6
CCGTGGAGTCCTCCAT,3,0.05,0.8,0.15,6
CCGTGGAGTGAAGGCT,1000,0.05,0.8,0.15,6
CCGTGGATCACATGCA,2,0.05,0.8,0.15,6
CCGTGGATCTCTAAGG,7,0.05,0.8,0.15,6
CCGTTCAAGGACATTA,6,0.05,0.8,0.15,6
CCGTTCAAGGTGTTAA,1,0.05,0.8,0.15,6
CCGTTCAAGTGAACAT,4,0.05,0.8,0.15,6
CCGTTCACAATGACCT,1,0.05,0.8,0.15,6
CCGTTCAGTCACAAGG,6,0.05,0.8,0.15,6
CCGTTCAGTGACTCAT,6,0.05,0.8,0.15,6
CCGTTCAGTTAAGACA,2,0.05,0.8,0.15,6
CCGTTCATCGTGGACC,7,0.05,0.8,0.15,6
CCGTTCATCGTTACAG,1,0.05,0.8,0.15,6
CCTAAAGAGACAGGCT,4,0.05,0.8,0.15,6
CCTAAAGAGCTGTCTA,4,0.05,0.8,0.15,6
CCTAAAGAGGATGGAA,5,0.05,0.8,0.15,6
CCTAAAGAGTCGCCGT,6,0.05,0.8,0.15,6
CCTAAAGAGTTATCGC,3,0.05,0.8,0.15,6
CCTAAAGCAAACTGTC,6,0.05,0.8,0.15,6
CCTAAAGCAAATCCGT,1,0.05,0.8,0.15,6
CCTAAAGCATCCGGGT,3,0.05,0.8,0.15,6
CCTAAAGCATTAGCCA,6,0.05,0.8,0.15,6
CCTAAAGGTAAGCACG,1,0.05,0.8,0.15,6
CCTAAAGGTACAGACG,1,0.05,0.8,0.15,6
CCTAAAGGTCGGCATC,8,0.05,0.8,0.15,6
CCTAAAGGTCTCCATC,8,0.05,0.8,0.15,6
CCTAAAGTCAACACCA,4,0.05,0.8,0.15,6
CCTAAAGTCAAGGCTT,7,0.05,0.8,0.15,6
CCTACACAGACTTGAA,8,0.05,0.8,0.15,6
CCTACACAGAGGACGG,3,0.05,0.8,0.15,6
CCTACACAGCGTGTCC,4,0.05,0.8,0.15,6
CCTACACAGTGAATTG,1,0.05,0.8,0.15,6
CCTACACCACCCTATC,5,0.05,0.8,0.15,6
CCTACACCAGATCTGT,4,0.05,0.8,0.15,6
CCTACACCATAGTAAG,1,0.05,0.8,0.15,6
CCTACACGTACTTAGC,7,0.05,0.8,0.15,6
CCTACACGTATCGCAT,8,0.05,0.8,0.15,6
CCTACACGTCACACGC,5,0.05,0.8,0.15,6
CCTACACGTCCGTTAA,7,0.05,0.8,0.15,6
CCTACACGTGGGTATG,4,0.05,0.8,0.15,6
CCTACACGTTCAGACT,1,0.05,0.8,0.15,6
CCTACACTCATACGGT,5,0.05,0.8,0.15,6
CCTACCAAGGGAGTAA,7,0.05,0.8,0.15,6
CCTACCAAGTGCGATG,2,0.05,0.8,0.15,6
CCTACCACAGCGATCC,4,0.05,0.8,0.15,6
CCTACCATCACCATAG,4,0.05,0.8,0.15,6
CCTACCATCCTACAGA,5,0.05,0.8,0.15,6
CCTAGCTAGCACCGTC,7,0.05,0.8,0.15,6
CCTAGCTAGCCATCGC,6,0.05,0.8,0.15,6
CCTAGCTAGCGTTTAC,8,0.05,0.8,0.15,6
CCTAGCTAGGTGCAAC,6,0.05,0.8,0.15,6
CCTAGCTAGTTACGGG,1,0.05,0.8,0.15,6
CCTAGCTAGTTGAGTA,5,0.05,0.8,0.15,6
CCTAGCTCAAACAACA,3,0.05,0.8,0.15,6
CCTAGCTCACACGCTG,1,0.05,0.8,0.15,6
CCTAGCTCATACCATG,2,0.05,0.8,0.15,6
CCTAGCTGTCGCCATG,8,0.05,0.8,0.15,6
CCTAGCTTCAACGGGA,6,0.05,0.8,0.15,6
CCTAGCTTCGGCATCG,5,0.05,0.8,0.15,6
CCTATTAAGTCCGGTC,1,0.05,0.8,0.15,6
CCTATTACACAGACTT,0,0.05,0.8,0.15,6
CCTATTACATCCGTGG,8,0.05,0.8,0.15,6
CCTATTACATCTGGTA,8,0.05,0.8,0.15,6
CCTATTAGTAGCTTGT,1000,0.05,0.8,0.15,6
CCTATTATCACTCTTA,5,0.05,0.8,0.15,6
CCTCAGTAGCGTGTCC,1000,0.05,0.8,0.15,6
CCTCAGTCAAGGCTCC,1,0.05,0.8,0.15,6
CCTCAGTCAGACAAAT,1000,0.05,0.8,0.15,6
CCTCAGTCAGGTCTCG,1,0.05,0.8,0.15,6
CCTCAGTCAGTACACT,2,0.05,0.8,0.15,6
CCTCAGTGTTGACGTT,1000,0.05,0.8,0.15,6
CCTCTGAAGGAGCGTT,7,0.05,0.8,0.15,6
CCTCTGAAGTGTTAGA,7,0.05,0.8,0.15,6
CCTCTGACAATGAAAC,6,0.05,0.8,0.15,6
CCTCTGACACATAACC,1,0.05,0.8,0.15,6
CCTCTGACACGGATAG,2,0.05,0.8,0.15,6
CCTCTGACAGTATCTG,4,0.05,0.8,0.15,6
CCTCTGACATCAGTCA,8,0.05,0.8,0.15,6
CCTCTGACATCCTTGC,4,0.05,0.8,0.15,6
CCTCTGACATGCTAGT,6,0.05,0.8,0.15,6
CCTCTGACATTGAGCT,8,0.05,0.8,0.15,6
CCTCTGAGTGACCAAG,1,0.05,0.8,0.15,6
CCTCTGAGTTAGGGTG,5,0.05,0.8,0.15,6
CCTCTGATCAGTGCAT,7,0.05,0.8,0.15,6
CCTCTGATCCCATTAT,2,0.05,0.8,0.15,6
CCTCTGATCTGTCTCG,0,0.05,0.8,0.15,6
CCTTACGAGCCCAACC,1000,0.05,0.8,0.15,6
CCTTACGAGTAAGTAC,1,0.05,0.8,0.15,6
CCTTACGAGTGGGCTA,2,0.05,0.8,0.15,6
CCTTACGAGTTTGCGT,7,0.05,0.8,0.15,6
CCTTACGCAAGCGCTC,5,0.05,0.8,0.15,6
CCTTACGCAGCTTCGG,3,0.05,0.8,0.15,6
CCTTACGCAGGCTCAC,1,0.05,0.8,0.15,6
CCTTACGGTATATGAG,7,0.05,0.8,0.15,6
CCTTACGGTTTGTTGG,3,0.05,0.8,0.15,6
CCTTACGTCAAGAAGT,3,0.05,0.8,0.15,6
CCTTACGTCACTTATC,8,0.05,0.8,0.15,6
CCTTACGTCAGGCGAA,1,0.05,0.8,0.15,6
CCTTCCCAGAGGGATA,1,0.05,0.8,0.15,6
CCTTCCCAGCCACTAT,4,0.05,0.8,0.15,6
CCTTCCCAGGATGGTC,3,0.05,0.8,0.15,6
CCTTCCCCAATGGAGC,7,0.05,0.8,0.15,6
CCTTCCCGTCGCGAAA,4,0.05,0.8,0.15,6
CCTTCCCGTTTAGCTG,5,0.05,0.8,0.15,6
CCTTCCCTCACAACGT,1,0.05,0.8,0.15,6
CCTTCCCTCCTAGTGA,2,0.05,0.8,0.15,6
CCTTCCCTCTAACGGT,1000,0.05,0.8,0.15,6
CCTTCGAAGAACAACT,3,0.05,0.8,0.15,6
CCTTCGAAGAGAACAG,1,0.05,0.8,0.15,6
CCTTCGAAGAGCTGGT,3,0.05,0.8,0.15,6
CCTTCGAAGGAGTACC,5,0.05,0.8,0.15,6
CCTTCGACATACGCTA,8,0.05,0.8,0.15,6
CCTTCGACATTCGACA,4,0.05,0.8,0.15,6
CCTTCGAGTAACGTTC,1,0.05,0.8,0.15,6
CCTTCGAGTACCGGCT,4,0.05,0.8,0.15,6
CCTTCGAGTAGCGCAA,7,0.05,0.8,0.15,6
CCTTCGAGTATAGGTA,1000,0.05,0.8,0.15,6
CCTTCGAGTGCTAGCC,3,0.05,0.8,0.15,6
CCTTCGATCCTCGCAT,2,0.05,0.8,0.15,6
CCTTCGATCGCATGAT,8,0.05,0.8,0.15,6
CCTTCGATCGCTTAGA,4,0.05,0.8,0.15,6
CCTTTCTAGAATGTGT,3,0.05,0.8,0.15,6
CCTTTCTAGCACCGCT,4,0.05,0.8,0.15,6
CCTTTCTAGGCAATTA,3,0.05,0.8,0.15,6
CCTTTCTCAGGACCCT,6,0.05,0.8,0.15,6
CCTTTCTGTAAGTGGC,7,0.05,0.8,0.15,6
CCTTTCTGTGAGCGAT,7,0.05,0.8,0.15,6
CCTTTCTGTGTAAGTA,4,0.05,0.8,0.15,6
CCTTTCTTCCTTGCCA,3,0.05,0.8,0.15,6
CCTTTCTTCTTCAACT,5,0.05,0.8,0.15,6
CGAACATAGAAGGCCT,8,0.05,0.8,0.15,6
CGAACATAGCCGATTT,7,0.05,0.8,0.15,6
CGAACATAGGCTCATT,3,0.05,0.8,0.15,6
CGAACATAGTTCGCGC,4,0.05,0.8,0.15,6
CGAACATCAACGCACC,3,0.05,0.8,0.15,6
CGAACATCAACTTGAC,7,0.05,0.8,0.15,6
CGAACATCAGCCTTTC,5,0.05,0.8,0.15,6
CGAACATCAGCTGCTG,8,0.05,0.8,0.15,6
CGAACATCATGCCCGA,7,0.05,0.8,0.15,6
CGAACATGTCATATCG,8,0.05,0.8,0.15,6
CGAACATGTCGATTGT,1000,0.05,0.8,0.15,6
CGAACATGTGCACTTA,7,0.05,0.8,0.15,6
CGAACATTCAGAGGTG,2,0.05,0.8,0.15,6
CGAATGTAGAGTACAT,8,0.05,0.8,0.15,6
CGAATGTAGCTGTCTA,3,0.05,0.8,0.15,6
CGAATGTAGTTAAGTG,7,0.05,0.8,0.15,6
CGAATGTCATTACCTT,8,0.05,0.8,0.15,6
CGAATGTGTTTAAGCC,2,0.05,0.8,0.15,6
CGAATGTTCCTCTAGC,7,0.05,0.8,0.15,6
CGACCTTCAGGACGTA,8,0.05,0.8,0.15,6
CGACCTTCAGGTTTCA,5,0.05,0.8,0.15,6
CGACCTTCATACGCCG,6,0.05,0.8,0.15,6
CGACCTTTCACCGGGT,8,0.05,0.8,0.15,6
CGACCTTTCCACGACG,1,0.05,0.8,0.15,6
CGACTTCAGTTTGCGT,2,0.05,0.8,0.15,6
CGACTTCCAGCTGTGC,1000,0.05,0.8,0.15,6
CGACTTCCATTAGGCT,8,0.05,0.8,0.15,6
CGACTTCGTCAGAATA,4,0.05,0.8,0.15,6
CGACTTCGTCTTGATG,1,0.05,0.8,0.15,6
CGACTTCGTTACGTCA,3,0.05,0.8,0.15,6
CGACTTCGTTCCTCCA,3,0.05,0.8,0.15,6
CGACTTCTCATACGGT,3,0.05,0.8,0.15,6
CGACTTCTCTTGAGGT,4,0.05,0.8,0.15,6
CGAGAAGAGAAGAAGC,8,0.05,0.8,0.15,6
CGAGAAGAGCTGCGAA,7,0.05,0.8,0.15,6
CGAGAAGCAATGGTCT,7,0.05,0.8,0.15,6
CGAGAAGCAGCTGTTA,7,0.05,0.8,0.15,6
CGAGAAGCATCCGGGT,8,0.05,0.8,0.15,6
CGAGAAGGTGATAAAC,5,0.05,0.8,0.15,6
CGAGAAGGTGATGTGG,7,0.05,0.8,0.15,6
CGAGAAGGTGCACTTA,1,0.05,0.8,0.15,6
CGAGAAGGTGTGAATA,1000,0.05,0.8,0.15,6
CGAGAAGTCTTCCTTC,1,0.05,0.8,0.15,6
CGAGCACAGCGTCAAG,1,0.05,0.8,0.15,6
CGAGCACAGCTGCAAG,8,0.05,0.8,0.15,6
CGAGCACCAAGTAGTA,1000,0.05,0.8,0.15,6
CGAGCACCACACGCTG,7,0.05,0.8,0.15,6
CGAGCACCATTTCACT,1,0.05,0.8,0.15,6
CGAGCACGTAAGTGGC,6,0.05,0.8,0.15,6
CGAGCACGTAGCTTGT,6,0.05,0.8,0.15,6
CGAGCACGTCTGCGGT,2,0.05,0.8,0.15,6
CGAGCACTCACGCGGT,1,0.05,0.8,0.15,6
CGAGCCAAGTCTCAAC,2,0.05,0.8,0.15,6
CGAGCCACAATGCCAT,3,0.05,0.8,0.15,6
CGAGCCACATTCTCAT,3,0.05,0.8,0.15,6
CGAGCCACATTTCACT,7,0.05,0.8,0.15,6
CGAGCCAGTGGGTATG,6,0.05,0.8,0.15,6
CGATCGGAGACATAAC,8,0.05,0.8,0.15,6
CGATCGGAGCTAGCCC,8,0.05,0.8,0.15,6
CGATCGGAGGTGTGGT,2,0.05,0.8,0.15,6
CGATCGGAGTGTTGAA,2,0.05,0.8,0.15,6
CGATCGGCAAGCTGAG,2,0.05,0.8,0.15,6
CGATCGGCACAACTGT,2,0.05,0.8,0.15,6
CGATCGGCACCAGATT,3,0.05,0.8,0.15,6
CGATCGGCATTGGCGC,8,0.05,0.8,0.15,6
CGATCGGGTCCTCCAT,4,0.05,0.8,0.15,6
CGATCGGGTCGACTGC,5,0.05,0.8,0.15,6
CGATCGGGTCGTTGTA,3,0.05,0.8,0.15,6
CGATCGGGTTATGCGT,1,0.05,0.8,0.15,6
CGATCGGTCAAGCCTA,4,0.05,0.8,0.15,6
CGATCGGTCACTTATC,3,0.05,0.8,0.15,6
CGATCGGTCCCGGATG,1,0.05,0.8,0.15,6
CGATCGGTCGCTAGCG,3,0.05,0.8,0.15,6
CGATCGGTCTGTCCGT,8,0.05,0.8,0.15,6
CGATGGCAGATCCCAT,7,0.05,0.8,0.15,6
CGATGGCAGCCAACAG,1000,0.05,0.8,0.15,6
CGATGGCAGCCTCGTG,7,0.05,0.8,0.15,6
CGATGGCAGCGTAATA,4,0.05,0.8,0.15,6
CGATGGCAGGTAAACT,6,0.05,0.8,0.15,6
CGATGGCAGTACGTTC,7,0.05,0.8,0.15,6
CGATGGCCAAACGCGA,1,0.05,0.8,0.15,6
CGATGGCGTCTCCACT,1,0.05,0.8,0.15,6
CGATGGCTCAACACCA,6,0.05,0.8,0.15,6
CGATGTAAGACTAGAT,8,0.05,0.8,0.15,6
CGATGTAAGTCAAGGC,1000,0.05,0.8,0.15,6
CGATGTACACAAGTAA,7,0.05,0.8,0.15,6
CGATGTACACGGTAAG,5,0.05,0.8,0.15,6
CGATGTACACTGTTAG,5,0.05,0.8,0.15,6
CGATGTACATGATCCA,5,0.05,0.8,0.15,6
CGATGTACATTCTCAT,8,0.05,0.8,0.15,6
CGATGTAGTGAGGGAG,7,0.05,0.8,0.15,6
CGATTGAAGACCGGAT,8,0.05,0.8,0.15,6
CGATTGACAAGACGTG,5,0.05,0.8,0.15,6
CGATTGACAATCAGAA,1,0.05,0.8,0.15,6
CGATTGAGTATATGAG,1,0.05,0.8,0.15,6
CGCCAAGAGTGGGTTG,7,0.05,0.8,0.15,6
CGCCAAGCACTGAAGG,2,0.05,0.8,0.15,6
CGCCAAGCATACTACG,3,0.05,0.8,0.15,6
CGCCAAGGTGTGGTTT,8,0.05,0.8,0.15,6
CGCCAAGGTTTAAGCC,1,0.05,0.8,0.15,6
CGCCAAGGTTTCGCTC,3,0.05,0.8,0.15,6
CGCCAAGTCAGGTTCA,7,0.05,0.8,0.15,6
CGCCAAGTCCACTCCA,8,0.05,0.8,0.15,6
CGCCAAGTCCGTCAAA,4,0.05,0.8,0.15,6
CGCCAAGTCGTAGATC,1000,0.05,0.8,0.15,6
CGCCAAGTCTCTAGGA,1,0.05,0.8,0.15,6
CGCGGTAAGAGGTAGA,4,0.05,0.8,0.15,6
CGCGGTACAAGCCCAC,2,0.05,0.8,0.15,6
CGCGGTACAGTAAGAT,1,0.05,0.8,0.15,6
CGCGGTAGTATCAGTC,7,0.05,0.8,0.15,6
CGCGGTAGTCATTAGC,1,0.05,0.8,0.15,6
CGCGGTAGTGAGTGAC,8,0.05,0.8,0.15,6
CGCGGTATCACATGCA,1,0.05,0.8,0.15,6
CGCGGTATCCGAAGAG,2,0.05,0.8,0.15,6
CGCGGTATCGTAGATC,5,0.05,0.8,0.15,6
CGCGGTATCTACCAGA,3,0.05,0.8,0.15,6
CGCGTTTAGAGCTTCT,4,0.05,0.8,0.15,6
CGCGTTTAGGGTCGAT,8,0.05,0.8,0.15,6
CGCGTTTAGTGGAGAA,6,0.05,0.8,0.15,6
CGCGTTTCAAGAAAGG,7,0.05,0.8,0.15,6
CGCGTTTGTAACGACG,3,0.05,0.8,0.15,6
CGCGTTTGTCATTAGC,1000,0.05,0.8,0.15,6
CGCGTTTGTGACTCAT,6,0.05,0.8,0.15,6
CGCGTTTTCATGCTCC,4,0.05,0.8,0.15,6
CGCGTTTTCGCCATAA,4,0.05,0.8,0.15,6
CGCGTTTTCGGCGCAT,8,0.05,0.8,0.15,6
CGCGTTTTCGGTGTCG,8,0.05,0.8,0.15,6
CGCGTTTTCTCCGGTT,1000,0.05,0.8,0.15,6
CGCTATCAGAAGGTTT,8,0.05,0.8,0.15,6
CGCTATCAGGGTCGAT,3,0.05,0.8,0.15,6
CGCTATCCAACTTGAC,7,0.05,0.8,0.15,6
CGCTATCCAGATGAGC,3,0.05,0.8,0.15,6
CGCTATCTCAGAGCTT,7,0.05,0.8,0.15,6
CGCTATCTCAGCCTAA,8,0.05,0.8,0.15,6
CGCTATCTCCTAGAAC,8,0.05,0.8,0.15,6
CGCTGGAAGCTACCTA,6,0.05,0.8,0.15,6
CGCTGGACACTGAAGG,1,0.05,0.8,0.15,6
CGCTGGACATGATCCA,8,0.05,0.8,0.15,6
CGCTGGAGTGGCAAAC,4,0.05,0.8,0.15,6
CGCTGGAGTTGAGTTC,4,0.05,0.8,0.15,6
CGCTGGAGTTGTGGCC,4,0.05,0.8,0.15,6
CGCTGGATCAAACCAC,7,0.05,0.8,0.15,6
CGCTGGATCAGAGCTT,3,0.05,0.8,0.15,6
CGCTGGATCGCGATCG,8,0.05,0.8,0.15,6
CGCTGGATCGCTTGTC,1,0.05,0.8,0.15,6
CGCTGGATCTGATTCT,3,0.05,0.8,0.15,6
CGCTGGATCTTCCTTC,5,0.05,0.8,0.15,6
CGCTTCAAGCCACTAT,4,0.05,0.8,0.15,6
CGCTTCAAGTGCGTGA,3,0.05,0.8,0.15,6
CGCTTCAAGTTGTAGA,3,0.05,0.8,0.15,6
CGCTTCACAACGATGG,5,0.05,0.8,0.15,6
CGCTTCACACAGGCCT,2,0.05,0.8,0.15,6
CGCTTCACATGAGCGA,2,0.05,0.8,0.15,6
CGCTTCAGTAATAGCA,5,0.05,0.8,0.15,6
CGCTTCATCAGAGCTT,1,0.05,0.8,0.15,6
CGGACACAGGAGTTGC,1000,0.05,0.8,0.15,6
CGGACACAGGTGATTA,8,0.05,0.8,0.15,6
CGGACACCAAACGTGG,3,0.05,0.8,0.15,6
CGGACACCAAGCTGTT,1000,0.05,0.8,0.15,6
CGGACACCACCAGTTA,4,0.05,0.8,0.15,6
CGGACACCACGAGAGT,1,0.05,0.8,0.15,6
CGGACACCAGTAGAGC,5,0.05,0.8,0.15,6
CGGACACCATTATCTC,6,0.05,0.8,0.15,6
CGGACACGTATAAACG,4,0.05,0.8,0.15,6
CGGACACGTTAAGATG,0,0.05,0.8,0.15,6
CGGACACGTTTAGGAA,3,0.05,0.8,0.15,6
CGGACACTCGCCAAAT,6,0.05,0.8,0.15,6
CGGACACTCTGTCCGT,8,0.05,0.8,0.15,6
CGGACGTAGGGTGTTG,8,0.05,0.8,0.15,6
CGGACGTAGTGGTAGC,4,0.05,0.8,0.15,6
CGGACGTAGTGTCCAT,6,0.05,0.8,0.15,6
CGGACGTCACAGAGGT,1000,0.05,0.8,0.15,6
CGGACGTGTACGAAAT,1,0.05,0.8,0.15,6
CGGACGTGTAGAGCTG,0,0.05,0.8,0.15,6
CGGACGTGTTCGCTAA,1000,0.05,0.8,0.15,6
CGGACGTGTTGATTCG,3,0.05,0.8,0.15,6
CGGACTGAGAAACCAT,7,0.05,0.8,0.15,6
CGGACTGAGACTACAA,6,0.05,0.8,0.15,6
CGGACTGAGACTAGGC,4,0.05,0.8,0.15,6
CGGACTGAGGCGATAC,3,0.05,0.8,0.15,6
CGGACTGAGTTCCACA,5,0.05,0.8,0.15,6
CGGACTGCAAGAAGAG,8,0.05,0.8,0.15,6
CGGACTGCACAGACTT,3,0.05,0.8,0.15,6
CGGACTGCAGTTCATG,1,0.05,0.8,0.15,6
CGGACTGGTAAACCTC,4,0.05,0.8,0.15,6
CGGACTGGTAGGGACT,8,0.05,0.8,0.15,6
CGGACTGGTCGTTGTA,7,0.05,0.8,0.15,6
CGGACTGTCAGGCCCA,4,0.05,0.8,0.15,6
CGGACTGTCCTTTCTC,7,0.05,0.8,0.15,6
CGGAGCTAGAGGTTAT,4,0.05,0.8,0.15,6
CGGAGCTAGCTAGGCA,4,0.05,0.8,0.15,6
CGGAGCTAGGCACATG,2,0.05,0.8,0.15,6
CGGAGCTAGTCCCACG,7,0.05,0.8,0.15,6
CGGAGCTAGTGCTGCC,8,0.05,0.8,0.15,6
CGGAGCTCACAACTGT,3,0.05,0.8,0.15,6
CGGAGCTCAGGTCCAC,4,0.05,0.8,0.15,6
CGGAGCTTCACCACCT,7,0.05,0.8,0.15,6
CGGAGCTTCACTTACT,8,0.05,0.8,0.15,6
CGGAGCTTCTTGACGA,6,0.05,0.8,0.15,6
CGGAGTCAGAGGGCTT,1,0.05,0.8,0.15,6
CGGAGTCAGGACTGGT,8,0.05,0.8,0.15,6
CGGAGTCAGGTGATTA,8,0.05,0.8,0.15,6
CGGAGTCAGTGCGATG,7,0.05,0.8,0.15,6
CGGAGTCCAGCCAGAA,1,0.05,0.8,0.15,6
CGGAGTCCATATGCTG,8,0.05,0.8,0.15,6
CGGAGTCGTAGAGCTG,1,0.05,0.8,0.15,6
CGGAGTCGTCCATGAT,3,0.05,0.8,0.15,6
CGGAGTCGTCCGAATT,3,0.05,0.8,0.15,6
CGGAGTCTCGGGAGTA,7,0.05,0.8,0.15,6
CGGAGTCTCTCCCTGA,2,0.05,0.8,0.15,6
CGGCTAGAGAGATGAG,3,0.05,0.8,0.15,6
CGGCTAGCAGCAGTTT,1,0.05,0.8,0.15,6
CGGCTAGGTCTCAACA,2,0.05,0.8,0.15,6
CGGCTAGGTGTTCTTT,6,0.05,0.8,0.15,6
CGGCTAGTCACGCGGT,7,0.05,0.8,0.15,6
CGGCTAGTCGCGTTTC,1,0.05,0.8,0.15,6
CGGCTAGTCGGAGCAA,8,0.05,0.8,0.15,6
CGGCTAGTCGGCATCG,5,0.05,0.8,0.15,6
CGGCTAGTCGGTCCGA,7,0.05,0.8,0.15,6
CGGGTCAAGAATCTCC,1,0.05,0.8,0.15,6
CGGGTCAAGCGTAGTG,1,0.05,0.8,0.15,6
CGGGTCAAGGAGTCTG,5,0.05,0.8,0.15,6
CGGGTCAAGTACCGGA,1,0.05,0.8,0.15,6
CGGGTCACATTAACCG,6,0.05,0.8,0.15,6
CGGGTCAGTGCGCTTG,3,0.05,0.8,0.15,6
CGGGTCATCACAACGT,1,0.05,0.8,0.15,6
CGGGTCATCGGCGCTA,1,0.05,0.8,0.15,6
CGGGTCATCTTTAGGG,6,0.05,0.8,0.15,6
CGGTTAACAAGTTAAG,3,0.05,0.8,0.15,6
CGGTTAACAGATTGCT,7,0.05,0.8,0.15,6
CGGTTAACAGTTTACG,7,0.05,0.8,0.15,6
CGGTTAAGTTTCCACC,2,0.05,0.8,0.15,6
CGGTTAATCCTCATTA,5,0.05,0.8,0.15,6
CGGTTAATCTCGAGTA,6,0.05,0.8,0.15,6
CGGTTAATCTTGTATC,2,0.05,0.8,0.15,6
CGTAGCGAGACAATAC,1,0.05,0.8,0.15,6
CGTAGCGAGTCTCAAC,2,0.05,0.8,0.15,6
CGTAGCGCAAGGTTTC,2,0.05,0.8,0.15,6
CGTAGCGCACGTTGGC,5,0.05,0.8,0.15,6
CGTAGCGGTCGAATCT,3,0.05,0.8,0.15,6
CGTAGCGGTGGTAACG,1000,0.05,0.8,0.15,6
CGTAGCGGTTCGTGAT,1,0.05,0.8,0.15,6
CGTAGCGTCCAAACAC,2,0.05,0.8,0.15,6
CGTAGCGTCTGTCTAT,0,0.05,0.8,0.15,6
CGTAGGCAGACTAAGT,3,0.05,0.8,0.15,6
CGTAGGCAGGGCTTCC,7,0.05,0.8,0.15,6
CGTAGGCCAAGAGGCT,6,0.05,0.8,0.15,6
CGTAGGCCACCTTGTC,4,0.05,0.8,0.15,6
CGTAGGCGTCGCATAT,5,0.05,0.8,0.15,6
CGTAGGCGTGTGAAAT,1,0.05,0.8,0.15,6
CGTAGGCTCACGGTTA,3,0.05,0.8,0.15,6
CGTAGGCTCAGCCTAA,5,0.05,0.8,0.15,6
CGTAGGCTCCCACTTG,3,0.05,0.8,0.15,6
CGTAGGCTCCTCAATT,8,0.05,0.8,0.15,6
CGTAGGCTCTATCGCC,8,0.05,0.8,0.15,6
CGTCACTAGCCAGGAT,7,0.05,0.8,0.15,6
CGTCACTAGGCAGGTT,2,0.05,0.8,0.15,6
CGTCACTAGGGATCTG,8,0.05,0.8,0.15,6
CGTCACTGTCGCGGTT,5,0.05,0.8,0.15,6
CGTCACTTCGGAAATA,7,0.05,0.8,0.15,6
CGTCAGGAGCTAAACA,1,0.05,0.8,0.15,6
CGTCAGGCAATAGAGT,8,0.05,0.8,0.15,6
CGTCAGGGTTCAACCA,4,0.05,0.8,0.15,6
CGTCAGGTCATGCTCC,3,0.05,0.8,0.15,6
CGTCAGGTCCTACAGA,8,0.05,0.8,0.15,6
CGTCAGGTCTTACCGC,2,0.05,0.8,0.15,6
CGTCCATAGCCAGAAC,0,0.05,0.8,0.15,6
CGTCCATAGCGTTGCC,1,0.05,0.8,0.15,6
CGTCCATAGGTGATAT,4,0.05,0.8,0.15,6
CGTCCATCAATCACAC,1,0.05,0.8,0.15,6
CGTCCATCACCAGGTC,1,0.05,0.8,0.15,6
CGTCCATCACTTAACG,3,0.05,0.8,0.15,6
CGTCCATCAGTACACT,1,0.05,0.8,0.15,6
CGTCCATCATATGGTC,3,0.05,0.8,0.15,6
CGTCCATCATCCGCGA,1,0.05,0.8,0.15,6
CGTCCATGTTGGACCC,5,0.05,0.8,0.15,6
CGTCCATTCTGAGTGT,5,0.05,0.8,0.15,6
CGTCTACAGACGCACA,5,0.05,0.8,0.15,6
CGTCTACAGATATACG,4,0.05,0.8,0.15,6
CGTCTACAGATATGGT,2,0.05,0.8,0.15,6
CGTCTACAGTTCGCAT,2,0.05,0.8,0.15,6
CGTCTACCAAACGTGG,6,0.05,0.8,0.15,6
CGTCTACCACATCCGG,6,0.05,0.8,0.15,6
CGTCTACCACCCAGTG,5,0.05,0.8,0.15,6
CGTCTACCACTTGGAT,2,0.05,0.8,0.15,6
CGTCTACCAGACGCTC,4,0.05,0.8,0.15,6
CGTCTACCAGTGGAGT,3,0.05,0.8,0.15,6
CGTCTACCATTTCACT,3,0.05,0.8,0.15,6
CGTCTACGTCAAACTC,1,0.05,0.8,0.15,6
CGTCTACGTCATCCCT,1000,0.05,0.8,0.15,6
CGTCTACGTCGGCATC,7,0.05,0.8,0.15,6
CGTCTACGTCTTTCAT,1,0.05,0.8,0.15,6
CGTCTACGTGGTACAG,1000,0.05,0.8,0.15,6
CGTCTACTCCACGCAG,1000,0.05,0.8,0.15,6
CGTCTACTCGCCATAA,8,0.05,0.8,0.15,6
CGTCTACTCTTAACCT,4,0.05,0.8,0.15,6
CGTGAGCAGAATAGGG,5,0.05,0.8,0.15,6
CGTGAGCAGCTAAACA,6,0.05,0.8,0.15,6
CGTGAGCAGTACACCT,5,0.05,0.8,0.15,6
CGTGAGCCAGTTCATG,3,0.05,0.8,0.15,6
CGTGAGCCATTACCTT,4,0.05,0.8,0.15,6
CGTGAGCCATTGGCGC,1,0.05,0.8,0.15,6
CGTGAGCGTCTCTCTG,2,0.05,0.8,0.15,6
CGTGAGCGTGCAACGA,2,0.05,0.8,0.15,6
CGTGAGCTCATTGCCC,7,0.05,0.8,0.15,6
CGTGAGCTCTACCAGA,8,0.05,0.8,0.15,6
CGTGTAAAGAAGGGTA,2,0.05,0.8,0.15,6
CGTGTAAAGATATGCA,3,0.05,0.8,0.15,6
CGTGTAAAGCCCAACC,3,0.05,0.8,0.15,6
CGTGTAAAGTTCGCGC,7,0.05,0.8,0.15,6
CGTGTAACAGGTCTCG,5,0.05,0.8,0.15,6
CGTGTAACAGTATAAG,1000,0.05,0.8,0.15,6
CGTGTAACATGCCACG,7,0.05,0.8,0.15,6
CGTGTAAGTAACGACG,6,0.05,0.8,0.15,6
CGTGTAAGTAAGGGCT,5,0.05,0.8,0.15,6
CGTGTAAGTACTCTCC,4,0.05,0.8,0.15,6
CGTGTAAGTATCTGCA,3,0.05,0.8,0.15,6
CGTGTAAGTGCAGACA,4,0.05,0.8,0.15,6
CGTGTAAGTGCGAAAC,4,0.05,0.8,0.15,6
CGTGTAAGTGTGCGTC,7,0.05,0.8,0.15,6
CGTGTAATCACTTATC,1,0.05,0.8,0.15,6
CGTGTAATCGGTTCGG,8,0.05,0.8,0.15,6
CGTGTCTAGCACACAG,3,0.05,0.8,0.15,6
CGTGTCTCATGCATGT,2,0.05,0.8,0.15,6
CGTGTCTGTACAGACG,3,0.05,0.8,0.15,6
CGTGTCTGTACCGCTG,7,0.05,0.8,0.15,6
CGTGTCTGTCTCACCT,4,0.05,0.8,0.15,6
CGTGTCTGTCTGCGGT,5,0.05,0.8,0.15,6
CGTGTCTGTGCCTGTG,8,0.05,0.8,0.15,6
CGTGTCTGTTCCACGG,1,0.05,0.8,0.15,6
CGTGTCTGTTGTCTTT,5,0.05,0.8,0.15,6
CGTGTCTTCAATCACG,6,0.05,0.8,0.15,6
CGTGTCTTCACCCTCA,5,0.05,0.8,0.15,6
CGTGTCTTCCTTCAAT,0,0.05,0.8,0.15,6
CGTGTCTTCGGAAACG,8,0.05,0.8,0.15,6
CGTGTCTTCGGACAAG,7,0.05,0.8,0.15,6
CGTGTCTTCGGCCGAT,8,0.05,0.8,0.15,6
CGTGTCTTCGTAGGTT,1,0.05,0.8,0.15,6
CGTGTCTTCTGTCCGT,5,0.05,0.8,0.15,6
CGTTAGAAGACCGGAT,4,0.05,0.8,0.15,6
CGTTAGAAGTGGGATC,2,0.05,0.8,0.15,6
CGTTAGAAGTTTGCGT,1,0.05,0.8,0.15,6
CGTTAGACAACGATGG,3,0.05,0.8,0.15,6
CGTTAGACAAGCCTAT,5,0.05,0.8,0.15,6
CGTTAGACACCAACCG,3,0.05,0.8,0.15,6
CGTTAGAGTTGGTTTG,1,0.05,0.8,0.15,6
CGTTAGATCAGTTGAC,5,0.05,0.8,0.15,6
CGTTCTGAGATAGGAG,4,0.05,0.8,0.15,6
CGTTCTGCACGGTTTA,5,0.05,0.8,0.15,6
CGTTCTGGTAGGGTAC,1,0.05,0.8,0.15,6
CGTTCTGGTTAAGGGC,2,0.05,0.8,0.15,6
CGTTCTGGTTACGCGC,6,0.05,0.8,0.15,6
CGTTCTGTCACCGTAA,2,0.05,0.8,0.15,6
CGTTCTGTCCAAGTAC,3,0.05,0.8,0.15,6
CGTTCTGTCCTTTACA,3,0.05,0.8,0.15,6
CGTTCTGTCGGCGCTA,5,0.05,0.8,0.15,6
CGTTCTGTCTGAGGGA,2,0.05,0.8,0.15,6
CGTTGGGAGGGATCTG,4,0.05,0.8,0.15,6
CGTTGGGAGTCCGGTC,1000,0.05,0.8,0.15,6
CGTTGGGAGTTGAGAT,8,0.05,0.8,0.15,6
CGTTGGGCAAGTCATC,3,0.05,0.8,0.15,6
CGTTGGGCACAGCGTC,2,0.05,0.8,0.15,6
CGTTGGGCATTGGGCC,8,0.05,0.8,0.15,6
CGTTGGGGTGCAGGTA,7,0.05,0.8,0.15,6
CGTTGGGTCGTGACAT,1,0.05,0.8,0.15,6
CGTTGGGTCTTGGGTA,5,0.05,0.8,0.15,6
CTAACTTAGAGAACAG,7,0.05,0.8,0.15,6
CTAACTTAGATGTCGG,7,0.05,0.8,0.15,6
CTAACTTAGATGTGGC,1,0.05,0.8,0.15,6
CTAACTTAGCAGCCTC,1,0.05,0.8,0.15,6
CTAACTTAGGTAGCTG,3,0.05,0.8,0.15,6
CTAACTTAGGTGCACA,4,0.05,0.8,0.15,6
CTAACTTAGTCATCCA,3,0.05,0.8,0.15,6
CTAACTTCACCGCTAG,2,0.05,0.8,0.15,6
CTAACTTCAGGCAGTA,4,0.05,0.8,0.15,6
CTAACTTGTATATCCG,1000,0.05,0.8,0.15,6
CTAACTTTCAGTTCGA,1000,0.05,0.8,0.15,6
CTAACTTTCATTTGGG,8,0.05,0.8,0.15,6
CTAAGACAGACCTAGG,2,0.05,0.8,0.15,6
CTAAGACAGGGTGTGT,7,0.05,0.8,0.15,6
CTAAGACAGTGCAAGC,3,0.05,0.8,0.15,6
CTAAGACAGTGCTGCC,1000,0.05,0.8,0.15,6
CTAAGACCAAATCCGT,3,0.05,0.8,0.15,6
CTAAGACCATAAGACA,8,0.05,0.8,0.15,6
CTAAGACGTACAGTTC,1000,0.05,0.8,0.15,6
CTAAGACGTTCATGGT,5,0.05,0.8,0.15,6
CTAAGACTCACTATTC,4,0.05,0.8,0.15,6
CTAAGACTCCAAATGC,1,0.05,0.8,0.15,6
CTAAGACTCCACGTGG,2,0.05,0.8,0.15,6
CTAAGACTCGGTCCGA,1,0.05,0.8,0.15,6
CTAATGGAGCTCTCGG,3,0.05,0.8,0.15,6
CTAATGGAGTTTAGGA,2,0.05,0.8,0.15,6
CTAATGGCAATGGAGC,0,0.05,0.8,0.15,6
CTAATGGCACCCTATC,1,0.05,0.8,0.15,6
CTAATGGCACTGTGTA,4,0.05,0.8,0.15,6
CTAATGGCAGAGTGTG,7,0.05,0.8,0.15,6
CTAATGGTCAACGGGA,7,0.05,0.8,0.15,6
CTAATGGTCGAGAACG,1,0.05,0.8,0.15,6
CTACACCAGAAGGCCT,4,0.05,0.8,0.15,6
CTACACCAGTGGAGAA,8,0.05,0.8,0.15,6
CTACACCCATGCTGGC,1,0.05,0.8,0.15,6
CTACACCGTAAGTTCC,1000,0.05,0.8,0.15,6
CTACACCGTAGGCTGA,1000,0.05,0.8,0.15,6
CTACACCGTGACTCAT,1,0.05,0.8,0.15,6
CTACACCTCAGATAAG,4,0.05,0.8,0.15,6
CTACACCTCCGAAGAG,2,0.05,0.8,0.15,6
CTACATTAGACGACGT,7,0.05,0.8,0.15,6
CTACATTAGTTGTAGA,3,0.05,0.8,0.15,6
CTACATTAGTTGTCGT,3,0.05,0.8,0.15,6
CTACATTCACCATGTA,7,0.05,0.8,0.15,6
CTACATTCACGTTGGC,7,0.05,0.8,0.15,6
CTACATTCAGAAGCAC,7,0.05,0.8,0.15,6
CTACATTCAGATAATG,8,0.05,0.8,0.15,6
CTACATTCAGCTATTG,1000,0.05,0.8,0.15,6
CTACATTGTAGCGCTC,3,0.05,0.8,0.15,6
CTACATTGTGTTAAGA,1000,0.05,0.8,0.15,6
CTACATTTCATGTCCC,3,0.05,0.8,0.15,6
CTACCCAAGATGTTAG,4,0.05,0.8,0.15,6
CTACCCAAGTACGCGA,6,0.05,0.8,0.15,6
CTACCCAAGTGGTCCC,8,0.05,0.8,0.15,6
CTACCCACAAGAGGCT,8,0.05,0.8,0.15,6
CTACCCACAATAGCGG,6,0.05,0.8,0.15,6
CTACCCACACTTCGAA,1,0.05,0.8,0.15,6
CTACCCACAGTCCTTC,2,0.05,0.8,0.15,6
CTACCCACATCGTCGG,7,0.05,0.8,0.15,6
CTACCCAGTAGGCTGA,4,0.05,0.8,0.15,6
CTACCCAGTCATGCCG,4,0.05,0.8,0.15,6
CTACCCAGTTATCGGT,6,0.05,0.8,0.15,6
CTACCCATCAGCTCTC,3,0.05,0.8,0.15,6
CTACCCATCATAACCG,7,0.05,0.8,0.15,6
CTACCCATCTGTCCGT,1,0.05,0.8,0.15,6
CTACGTCAGGATGTAT,1,0.05,0.8,0.15,6
CTACGTCAGGCAATTA,3,0.05,0.8,0.15,6
CTACGTCAGTAGGCCA,4,0.05,0.8,0.15,6
CTACGTCCACTTACGA,3,0.05,0.8,0.15,6
CTACGTCCAGGGATTG,4,0.05,0.8,0.15,6
CTACGTCCAGTAAGAT,4,0.05,0.8,0.15,6
CTACGTCCATACAGCT,6,0.05,0.8,0.15,6
CTACGTCGTACTTAGC,5,0.05,0.8,0.15,6
CTACGTCGTCGACTAT,3,0.05,0.8,0.15,6
CTACGTCGTTGGTTTG,8,0.05,0.8,0.15,6
CTACGTCTCAATAAGG,0,0.05,0.8,0.15,6
CTACGTCTCACAACGT,5,0.05,0.8,0.15,6
CTACGTCTCGGTCCGA,3,0.05,0.8,0.15,6
CTACGTCTCGTAGATC,4,0.05,0.8,0.15,6
CTACGTCTCTTACCGC,5,0.05,0.8,0.15,6
CTACGTCTCTTCAACT,5,0.05,0.8,0.15,6
CTAGAGTAGAAACCGC,7,0.05,0.8,0.15,6
CTAGAGTAGTGGTAGC,7,0.05,0.8,0.15,6
CTAGAGTCAATGGTCT,4,0.05,0.8,0.15,6
CTAGAGTCACTTACGA,2,0.05,0.8,0.15,6
CTAGAGTCATACGCCG,4,0.05,0.8,0.15,6
CTAGAGTCATCACGTA,6,0.05,0.8,0.15,6
CTAGAGTGTACCCAAT,8,0.05,0.8,0.15,6
CTAGAGTGTGGTCCGT,4,0.05,0.8,0.15,6
CTAGAGTTCCTTCAAT,5,0.05,0.8,0.15,6
CTAGAGTTCGTTTGCC,7,0.05,0.8,0.15,6
CTAGCCTAGCCAGGAT,7,0.05,0.8,0.15,6
CTAGCCTAGGGCTTGA,4,0.05,0.8,0.15,6
CTAGCCTAGTCCATAC,7,0.05,0.8,0.15,6
CTAGCCTAGTCGTACT,5,0.05,0.8,0.15,6
CTAGCCTAGTCTCCTC,4,0.05,0.8,0.15,6
CTAGCCTGTTCACCTC,8,0.05,0.8,0.15,6
CTAGCCTTCACTCCTG,8,0.05,0.8,0.15,6
CTAGCCTTCAGGCCCA,1000,0.05,0.8,0.15,6
CTAGCCTTCATGCAAC,1,0.05,0.8,0.15,6
CTAGCCTTCATGCATG,6,0.05,0.8,0.15,6
CTAGCCTTCTCAAACG,4,0.05,0.8,0.15,6
CTAGTGAAGATGTTAG,1,0.05,0.8,0.15,6
CTAGTGAAGGAGTACC,2,0.05,0.8,0.15,6
CTAGTGAAGGGTATCG,4,0.05,0.8,0.15,6
CTAGTGACAATAGCGG,3,0.05,0.8,0.15,6
CTAGTGACAATCAGAA,4,0.05,0.8,0.15,6
CTAGTGACAGCCTTGG,1,0.05,0.8,0.15,6
CTAGTGAGTGATGCCC,3,0.05,0.8,0.15,6
CTAGTGAGTTAAAGTG,3,0.05,0.8,0.15,6
CTAGTGAGTTCCCGAG,2,0.05,0.8,0.15,6
CTAGTGATCAGCGACC,4,0.05,0.8,0.15,6
CTAGTGATCGAATGGG,0,0.05,0.8,0.15,6
CTAGTGATCTCTTATG,1,0.05,0.8,0.15,6
CTCACACAGAGAACAG,2,0.05,0.8,0.15,6
CTCACACCAATCAGAA,4,0.05,0.8,0.15,6
CTCACACCACGGTTTA,2,0.05,0.8,0.15,6
CTCACACCAGATCTGT,7,0.05,0.8,0.15,6
CTCACACGTACAGTTC,4,0.05,0.8,0.15,6
CTCACACGTAGTGAAT,7,0.05,0.8,0.15,6
CTCACACGTTGTACAC,5,0.05,0.8,0.15,6
CTCACACGTTGTTTGG,6,0.05,0.8,0.15,6
CTCACACTCGCGATCG,3,0.05,0.8,0.15,6
CTCACACTCGGTCTAA,6,0.05,0.8,0.15,6
CTCACACTCTTCGGTC,5,0.05,0.8,0.15,6
CTCACACTCTTGTCAT,3,0.05,0.8,0.15,6
CTCAGAAAGACTACAA,4,0.05,0.8,0.15,6
CTCAGAAAGATGTAAC,2,0.05,0.8,0.15,6
CTCAGAAAGCTTCGCG,2,0.05,0.8,0.15,6
CTCAGAAAGTCGCCGT,4,0.05,0.8,0.15,6
CTCAGAACACGGCCAT,8,0.05,0.8,0.15,6
CTCAGAACACGTAAGG,8,0.05,0.8,0.15,6
CTCAGAACATATACCG,7,0.05,0.8,0.15,6
CTCAGAACATTCTCAT,3,0.05,0.8,0.15,6
CTCAGAAGTACCCAAT,7,0.05,0.8,0.15,6
CTCAGAAGTATAATGG,4,0.05,0.8,0.15,6
CTCAGAAGTCAGTGGA,6,0.05,0.8,0.15,6
CTCAGAAGTTAAGATG,4,0.05,0.8,0.15,6
CTCAGAAGTTCAACCA,4,0.05,0.8,0.15,6
CTCAGAAGTTCAGTAC,8,0.05,0.8,0.15,6
CTCAGAAGTTGGGACA,1,0.05,0.8,0.15,6
CTCAGAATCCCGGATG,4,0.05,0.8,0.15,6
CTCAGAATCGTCTGAA,4,0.05,0.8,0.15,6
CTCAGAATCTTAGAGC,1000,0.05,0.8,0.15,6
CTCATTAAGAACAATC,5,0.05,0.8,0.15,6
CTCATTAAGTCTCGGC,5,0.05,0.8,0.15,6
CTCATTACACCGAAAG,5,0.05,0.8,0.15,6
CTCATTACAGGACCCT,3,0.05,0.8,0.15,6
CTCATTACAGGTCGTC,3,0.05,0.8,0.15,6
CTCATTACATCGGACC,2,0.05,0.8,0.15,6
CTCATTACATTCCTCG,1,0.05,0.8,0.15,6
CTCATTAGTAAACGCG,7,0.05,0.8,0.15,6
CTCATTAGTAAGTTCC,1,0.05,0.8,0.15,6
CTCATTAGTGCAACTT,1,0.05,0.8,0.15,6
CTCATTAGTGCCTGGT,5,0.05,0.8,0.15,6
CTCATTAGTGTAAGTA,6,0.05,0.8,0.15,6
CTCATTATCGAGAGCA,2,0.05,0.8,0.15,6
CTCATTATCGCGTTTC,5,0.05,0.8,0.15,6
CTCCTAGAGAGGTTGC,4,0.05,0.8,0.15,6
CTCCTAGAGATCTGAA,8,0.05,0.8,0.15,6
CTCCTAGAGGACACCA,6,0.05,0.8,0.15,6
CTCCTAGAGTCACGCC,4,0.05,0.8,0.15,6
CTCCTAGCAATCTACG,6,0.05,0.8,0.15,6
CTCCTAGCACCAACCG,7,0.05,0.8,0.15,6
CTCCTAGCACCTGGTG,1000,0.05,0.8,0.15,6
CTCCTAGCATATGAGA,4,0.05,0.8,0.15,6
CTCCTAGTCACGAAGG,7,0.05,0.8,0.15,6
CTCCTAGTCGCGCCAA,1000,0.05,0.8,0.15,6
CTCCTAGTCGTTACAG,1000,0.05,0.8,0.15,6
CTCCTAGTCTTCGAGA,4,0.05,0.8,0.15,6
CTCGAAAAGCCTATGT,2,0.05,0.8,0.15,6
CTCGAAAAGCTCTCGG,5,0.05,0.8,0.15,6
CTCGAAAAGGTGATAT,4,0.05,0.8,0.15,6
CTCGAAAAGGTGTGGT,2,0.05,0.8,0.15,6
CTCGAAAAGTGGAGAA,2,0.05,0.8,0.15,6
CTCGAAAAGTTACGGG,7,0.05,0.8,0.15,6
CTCGAAAGTGTTGAGG,7,0.05,0.8,0.15,6
CTCGAAATCAATCACG,7,0.05,0.8,0.15,6
CTCGAAATCACCAGGC,5,0.05,0.8,0.15,6
CTCGAAATCGACCAGC,1000,0.05,0.8,0.15,6
CTCGAGGCACAGAGGT,5,0.05,0.8,0.15,6
CTCGAGGGTAAGGGCT,3,0.05,0.8,0.15,6
CTCGAGGGTACCGTAT,4,0.05,0.8,0.15,6
CTCGAGGGTCCGCTGA,4,0.05,0.8,0.15,6
CTCGAGGGTGACAAAT,2,0.05,0.8,0.15,6
CTCGAGGGTTAAGGGC,3,0.05,0.8,0.15,6
CTCGAGGTCAAGCCTA,1,0.05,0.8,0.15,6
CTCGAGGTCGCCGTGA,2,0.05,0.8,0.15,6
CTCGAGGTCTTTAGTC,4,0.05,0.8,0.15,6
CTCGGAGAGTAACCCT,4,0.05,0.8,0.15,6
CTCGGAGCAACGATGG,1,0.05,0.8,0.15,6
CTCGGAGCACGACTCG,8,0.05,0.8,0.15,6
CTCGGAGCACTGCCAG,8,0.05,0.8,0.15,6
CTCGGAGCAGGGATTG,5,0.05,0.8,0.15,6
CTCGGAGTCAACGGGA,8,0.05,0.8,0.15,6
CTCGGAGTCAAGATCC,5,0.05,0.8,0.15,6
CTCGGAGTCTAGCACA,8,0.05,0.8,0.15,6
CTCGGAGTCTGATACG,1000,0.05,0.8,0.15,6
CTCGGGACAATGGAGC,0,0.05,0.8,0.15,6
CTCGGGAGTCTAAACC,3,0.05,0.8,0.15,6
CTCGGGATCACATAGC,3,0.05,0.8,0.15,6
CTCGTACAGCCTATGT,5,0.05,0.8,0.15,6
CTCGTACAGTGGAGTC,7,0.05,0.8,0.15,6
CTCGTACCAATGTTGC,4,0.05,0.8,0.15,6
CTCGTACCAGTTCCCT,5,0.05,0.8,0.15,6
CTCGTACCATTAACCG,4,0.05,0.8,0.15,6
CTCGTACGTACAGTTC,5,0.05,0.8,0.15,6
CTCGTACGTATGAATG,2,0.05,0.8,0.15,6
CTCGTACGTGCACTTA,8,0.05,0.8,0.15,6
CTCGTACGTGGTCCGT,4,0.05,0.8,0.15,6
CTCGTACTCACCTCGT,8,0.05,0.8,0.15,6
CTCGTACTCAGTTGAC,1000,0.05,0.8,0.15,6
CTCGTACTCGACGGAA,5,0.05,0.8,0.15,6
CTCGTACTCTCCTATA,6,0.05,0.8,0.15,6
CTCGTCAGTCAGAAGC,4,0.05,0.8,0.15,6
CTCGTCAGTCTGATCA,1,0.05,0.8,0.15,6
CTCGTCATCCGCATCT,5,0.05,0.8,0.15,6
CTCGTCATCGCATGAT,2,0.05,0.8,0.15,6
CTCGTCATCGGTGTTA,2,0.05,0.8,0.15,6
CTCTAATAGCGCTCCA,4,0.05,0.8,0.15,6
CTCTAATAGGAATGGA,4,0.05,0.8,0.15,6
CTCTAATAGGCATTGG,7,0.05,0.8,0.15,6
CTCTAATCAACACGCC,1000,0.05,0.8,0.15,6
CTCTAATCAATAGCAA,5,0.05,0.8,0.15,6
CTCTAATCAGACGCCT,1000,0.05,0.8,0.15,6
CTCTAATGTACCTACA,3,0.05,0.8,0.15,6
CTCTAATGTACTCAAC,6,0.05,0.8,0.15,6
CTCTAATGTATGCTTG,1000,0.05,0.8,0.15,6
CTCTAATGTCACCTAA,3,0.05,0.8,0.15,6
CTCTAATGTCCCGACA,4,0.05,0.8,0.15,6
CTCTAATTCCGTCAAA,8,0.05,0.8,0.15,6
CTCTAATTCTGGCGAC,3,0.05,0.8,0.15,6
CTCTAATTCTTGCATT,0,0.05,0.8,0.15,6
CTCTACGAGATGAGAG,4,0.05,0.8,0.15,6
CTCTACGAGCGTGAAC,1,0.05,0.8,0.15,6
CTCTACGAGTGCCAGA,2,0.05,0.8,0.15,6
CTCTACGAGTGGGATC,7,0.05,0.8,0.15,6
CTCTACGGTCCGTCAG,2,0.05,0.8,0.15,6
CTCTACGGTGGTCCGT,5,0.05,0.8,0.15,6
CTCTACGTCAGCGATT,3,0.05,0.8,0.15,6
CTCTACGTCCGTTGTC,1,0.05,0.8,0.15,6
CTCTGGTCAACGATCT,1000,0.05,0.8,0.15,6
CTCTGGTCAACTGGCC,8,0.05,0.8,0.15,6
CTCTGGTCAGACGCAA,3,0.05,0.8,0.15,6
CTCTGGTCAGTCGTGC,6,0.05,0.8,0.15,6
CTCTGGTCATCCCACT,7,0.05,0.8,0.15,6
CTCTGGTCATGCAACT,1000,0.05,0.8,0.15,6
CTCTGGTGTAAATGAC,1,0.05,0.8,0.15,6
CTCTGGTGTAACGACG,6,0.05,0.8,0.15,6
CTCTGGTGTATATCCG,4,0.05,0.8,0.15,6
CTCTGGTGTCACAAGG,5,0.05,0.8,0.15,6
CTCTGGTGTTAAGACA,7,0.05,0.8,0.15,6
CTCTGGTTCAACTCTT,7,0.05,0.8,0.15,6
CTCTGGTTCCTAGAAC,1,0.05,0.8,0.15,6
CTCTGGTTCGGATGTT,8,0.05,0.8,0.15,6
CTGAAACCAGATCCAT,2,0.05,0.8,0.15,6
CTGAAACCAGGAACGT,8,0.05,0.8,0.15,6
CTGAAACCATGTTGAC,1000,0.05,0.8,0.15,6
CTGAAACGTAAGGGCT,3,0.05,0.8,0.15,6
CTGAAACTCAATAAGG,2,0.05,0.8,0.15,6
CTGAAACTCACAGGCC,7,0.05,0.8,0.15,6
CTGAAACTCTCAAGTG,2,0.05,0.8,0.15,6
CTGAAGTAGCGCTTAT,8,0.05,0.8,0.15,6
CTGAAGTAGGCTATCT,6,0.05,0.8,0.15,6
CTGAAGTAGTTATCGC,2,0.05,0.8,0.15,6
CTGAAGTGTAATAGCA,4,0.05,0.8,0.15,6
CTGAAGTGTGCAGTAG,2,0.05,0.8,0.15,6
CTGAAGTTCAACGCTA,8,0.05,0.8,0.15,6
CTGAAGTTCCACGACG,7,0.05,0.8,0.15,6
CTGAAGTTCGTACGGC,1,0.05,0.8,0.15,6
CTGAAGTTCTGCTGTC,2,0.05,0.8,0.15,6
CTGATAGAGTCCGGTC,7,0.05,0.8,0.15,6
CTGATAGAGTGCAAGC,3,0.05,0.8,0.15,6
CTGATAGCATAGGATA,4,0.05,0.8,0.15,6
CTGATAGGTACCATCA,7,0.05,0.8,0.15,6
CTGATAGGTCAGAAGC,7,0.05,0.8,0.15,6
CTGATAGGTGTGTGCC,4,0.05,0.8,0.15,6
CTGATCCAGCTAACAA,8,0.05,0.8,0.15,6
CTGATCCAGCTGAAAT,2,0.05,0.8,0.15,6
CTGATCCAGTGGGTTG,0,0.05,0.8,0.15,6
CTGATCCAGTGTACCT,6,0.05,0.8,0.15,6
CTGATCCAGTTAACGA,1,0.05,0.8,0.15,6
CTGATCCCAACTGGCC,4,0.05,0.8,0.15,6
CTGATCCCAAGTTCTG,6,0.05,0.8,0.15,6
CTGATCCCAGGTGCCT,8,0.05,0.8,0.15,6
CTGATCCGTGAAAGAG,2,0.05,0.8,0.15,6
CTGATCCGTTCCCGAG,4,0.05,0.8,0.15,6
CTGATCCTCACCTCGT,8,0.05,0.8,0.15,6
CTGATCCTCAGTGCAT,1000,0.05,0.8,0.15,6
CTGATCCTCATAAAGG,8,0.05,0.8,0.15,6
CTGCCTACACACCGAC,1000,0.05,0.8,0.15,6
CTGCCTACACATGGGA,5,0.05,0.8,0.15,6
CTGCCTACACTTGGAT,1,0.05,0.8,0.15,6
CTGCCTAGTAGAGGAA,7,0.05,0.8,0.15,6
CTGCCTAGTCGCGGTT,6,0.05,0.8,0.15,6
CTGCCTAGTCTCTTTA,1000,0.05,0.8,0.15,6
CTGCCTAGTTACGACT,7,0.05,0.8,0.15,6
CTGCCTAGTTCCACGG,3,0.05,0.8,0.15,6
CTGCCTAGTTGGTTTG,1,0.05,0.8,0.15,6
CTGCCTATCACCAGGC,7,0.05,0.8,0.15,6
CTGCGGAAGCCGGTAA,8,0.05,0.8,0.15,6
CTGCGGAAGCTAAGAT,7,0.05,0.8,0.15,6
CTGCGGACAAGAAAGG,4,0.05,0.8,0.15,6
CTGCGGAGTTGTGGAG,1,0.05,0.8,0.15,6
CTGCGGATCCTGTAGA,2,0.05,0.8,0.15,6
CTGCGGATCTCCGGTT,4,0.05,0.8,0.15,6
CTGCTGTAGGCGACAT,0,0.05,0.8,0.15,6
CTGCTGTCAAACGTGG,5,0.05,0.8,0.15,6
CTGCTGTCAGTCAGCC,4,0.05,0.8,0.15,6
CTGCTGTCATCCTTGC,6,0.05,0.8,0.15,6
CTGCTGTCATGATCCA,2,0.05,0.8,0.15,6
CTGCTGTGTAGCAAAT,7,0.05,0.8,0.15,6
CTGCTGTGTATAGGTA,4,0.05,0.8,0.15,6
CTGCTGTGTTAAAGTG,1000,0.05,0.8,0.15,6
CTGCTGTGTTTAGGAA,4,0.05,0.8,0.15,6
CTGCTGTTCTGCTGTC,8,0.05,0.8,0.15,6
CTGCTGTTCTGTCAAG,2,0.05,0.8,0.15,6
CTGGTCTAGAAGGGTA,1,0.05,0.8,0.15,6
CTGGTCTAGCTAACTC,8,0.05,0.8,0.15,6
CTGGTCTAGGGAGTAA,6,0.05,0.8,0.15,6
CTGGTCTCACCAGTTA,1000,0.05,0.8,0.15,6
CTGGTCTCACCTATCC,7,0.05,0.8,0.15,6
CTGGTCTCAGGAATCG,7,0.05,0.8,0.15,6
CTGGTCTCATACGCCG,7,0.05,0.8,0.15,6
CTGGTCTGTCAACTGT,1,0.05,0.8,0.15,6
CTGGTCTGTCCTAGCG,2,0.05,0.8,0.15,6
CTGGTCTTCACAGGCC,2,0.05,0.8,0.15,6
CTGGTCTTCGAACGGA,6,0.05,0.8,0.15,6
CTGTGCTAGCTCTCGG,6,0.05,0.8,0.15,6
CTGTGCTAGGATGCGT,8,0.05,0.8,0.15,6
CTGTGCTAGTAAGTAC,6,0.05,0.8,0.15,6
CTGTGCTAGTATGACA,2,0.05,0.8,0.15,6
CTGTGCTAGTGCCAGA,6,0.05,0.8,0.15,6
CTGTGCTAGTTAACGA,3,0.05,0.8,0.15,6
CTGTGCTCACACATGT,4,0.05,0.8,0.15,6
CTGTGCTCATCCAACA,2,0.05,0.8,0.15,6
CTGTGCTGTAGCGATG,1000,0.05,0.8,0.15,6
CTGTGCTTCTAGAGTC,2,0.05,0.8,0.15,6
CTGTGCTTCTGTTGAG,1,0.05,0.8,0.15,6
CTGTTTAAGCAGATCG,6,0.05,0.8,0.15,6
CTGTTTAAGCCCTAAT,6,0.05,0.8,0.15,6
CTGTTTAAGTGACTCT,8,0.05,0.8,0.15,6
CTGTTTACACGGTAAG,3,0.05,0.8,0.15,6
CTGTTTACATGGTCTA,7,0.05,0.8,0.15,6
CTGTTTAGTGAGCGAT,4,0.05,0.8,0.15,6
CTGTTTATCTACCTGC,6,0.05,0.8,0.15,6
CTGTTTATCTTGCCGT,8,0.05,0.8,0.15,6
CTTAACTAGGCACATG,4,0.05,0.8,0.15,6
CTTAACTAGTTGCAGG,2,0.05,0.8,0.15,6
CTTAACTCAGTCGTGC,5,0.05,0.8,0.15,6
CTTAACTGTAAGTGTA,3,0.05,0.8,0.15,6
CTTAACTGTATATCCG,5,0.05,0.8,0.15,6
CTTAACTGTTCAGACT,4,0.05,0.8,0.15,6
CTTAACTTCAGGCCCA,3,0.05,0.8,0.15,6
CTTACCGAGGAACTGC,8,0.05,0.8,0.15,6
CTTACCGAGGCAAAGA,6,0.05,0.8,0.15,6
CTTACCGAGGCTCTTA,6,0.05,0.8,0.15,6
CTTACCGCAACTGCGC,5,0.05,0.8,0.15,6
CTTACCGCAAGCTGAG,5,0.05,0.8,0.15,6
CTTACCGCAGCTGCAC,8,0.05,0.8,0.15,6
CTTACCGCATTGGGCC,8,0.05,0.8,0.15,6
CTTACCGGTAGCGATG,1000,0.05,0.8,0.15,6
CTTACCGTCCAACCAA,1,0.05,0.8,0.15,6
CTTACCGTCCGCATCT,5,0.05,0.8,0.15,6
CTTACCGTCCGGCACA,6,0.05,0.8,0.15,6
CTTACCGTCGTTTGCC,5,0.05,0.8,0.15,6
CTTACCGTCTCGCTTG,7,0.05,0.8,0.15,6
CTTAGGAAGCGTCAAG,8,0.05,0.8,0.15,6
CTTAGGAAGCTGCCCA,1,0.05,0.8,0.15,6
CTTAGGAAGGCATTGG,1,0.05,0.8,0.15,6
CTTAGGAAGTCAAGCG,7,0.05,0.8,0.15,6
CTTAGGAAGTCATCCA,4,0.05,0.8,0.15,6
CTTAGGACAGATGGGT,8,0.05,0.8,0.15,6
CTTAGGACATTGAGCT,5,0.05,0.8,0.15,6
CTTAGGAGTCTCTCTG,8,0.05,0.8,0.15,6
CTTAGGAGTTAGATGA,8,0.05,0.8,0.15,6
CTTAGGAGTTTGACTG,7,0.05,0.8,0.15,6
CTTAGGATCACGGTTA,7,0.05,0.8,0.15,6
CTTAGGATCACTCCTG,1000,0.05,0.8,0.15,6
CTTAGGATCCTGCAGG,8,0.05,0.8,0.15,6
CTTCTCTAGCGCTTAT,6,0.05,0.8,0.15,6
CTTCTCTAGGGTATCG,7,0.05,0.8,0.15,6
CTTCTCTCAAGGACTG,6,0.05,0.8,0.15,6
CTTCTCTGTACACCGC,1,0.05,0.8,0.15,6
CTTCTCTGTCTTGCGG,3,0.05,0.8,0.15,6
CTTCTCTGTTTGACTG,3,0.05,0.8,0.15,6
CTTCTCTTCCCAAGAT,1000,0.05,0.8,0.15,6
CTTCTCTTCTAACTGG,6,0.05,0.8,0.15,6
CTTCTCTTCTGTCTAT,1,0.05,0.8,0.15,6
CTTGGCTAGCCACGTC,3,0.05,0.8,0.15,6
CTTGGCTAGGACATTA,1,0.05,0.8,0.15,6
CTTGGCTCATGCAACT,1000,0.05,0.8,0.15,6
CTTGGCTGTACGACCC,4,0.05,0.8,0.15,6
CTTGGCTGTCTGCGGT,1,0.05,0.8,0.15,6
CTTGGCTGTCTTGCGG,7,0.05,0.8,0.15,6
CTTGGCTGTGCGCTTG,8,0.05,0.8,0.15,6
CTTGGCTGTTAGGGTG,5,0.05,0.8,0.15,6
CTTGGCTGTTATCGGT,6,0.05,0.8,0.15,6
CTTGGCTTCCTTAATC,2,0.05,0.8,0.15,6
CTTGGCTTCGTGTAGT,4,0.05,0.8,0.15,6
CTTTGCGAGATCCCGC,1,0.05,0.8,0.15,6
CTTTGCGAGGGCTTCC,2,0.05,0.8,0.15,6
CTTTGCGCAAATACAG,3,0.05,0.8,0.15,6
CTTTGCGCACGGACAA,3,0.05,0.8,0.15,6
CTTTGCGCAGTCCTTC,2,0.05,0.8,0.15,6
CTTTGCGCATAGTAAG,7,0.05,0.8,0.15,6
CTTTGCGGTCACACGC,1000,0.05,0.8,0.15,6
CTTTGCGGTCGCGAAA,1,0.05,0.8,0.15,6
CTTTGCGGTGCTGTAT,7,0.05,0.8,0.15,6
CTTTGCGTCAACGGCC,1000,0.05,0.8,0.15,6
CTTTGCGTCACTTCAT,7,0.05,0.8,0.15,6
CTTTGCGTCATCTGCC,7,0.05,0.8,0.15,6
CTTTGCGTCGTTTATC,2,0.05,0.8,0.15,6
CTTTGCGTCTCTGTCG,4,0.05,0.8,0.15,6
GAAACTCAGATAGGAG,3,0.05,0.8,0.15,6
GAAACTCAGATGGCGT,1,0.05,0.8,0.15,6
GAAACTCAGCTGCGAA,7,0.05,0.8,0.15,6
GAAACTCAGTAGGTGC,7,0.05,0.8,0.15,6
GAAACTCCACTTAAGC,8,0.05,0.8,0.15,6
GAAACTCCATTAGGCT,5,0.05,0.8,0.15,6
GAAACTCGTCCTAGCG,1,0.05,0.8,0.15,6
GAAACTCGTCGACTAT,2,0.05,0.8,0.15,6
GAAACTCGTGAAATCA,8,0.05,0.8,0.15,6
GAAACTCGTGACCAAG,7,0.05,0.8,0.15,6
GAAACTCGTGTGGCTC,8,0.05,0.8,0.15,6
GAAACTCTCTGGCGTG,6,0.05,0.8,0.15,6
GAAACTCTCTTGCCGT,5,0.05,0.8,0.15,6
GAAATGAAGACCGGAT,4,0.05,0.8,0.15,6
GAAATGAAGAGCTTCT,1,0.05,0.8,0.15,6
GAAATGAAGATGGCGT,7,0.05,0.8,0.15,6
GAAATGAAGCTCAACT,5,0.05,0.8,0.15,6
GAAATGAAGTAATCCC,6,0.05,0.8,0.15,6
GAAATGAAGTATCTCG,1000,0.05,0.8,0.15,6
GAAATGAAGTGGAGTC,1000,0.05,0.8,0.15,6
GAAATGACAGCTTCGG,6,0.05,0.8,0.15,6
GAAATGACATGGTAGG,8,0.05,0.8,0.15,6
GAAATGACATTTGCTT,6,0.05,0.8,0.15,6
GAAATGAGTTACGTCA,3,0.05,0.8,0.15,6
GAAATGATCCAAGTAC,0,0.05,0.8,0.15,6
GAACATCAGATATACG,4,0.05,0.8,0.15,6
GAACATCAGTATTGGA,1,0.05,0.8,0.15,6
GAACATCAGTCGCCGT,4,0.05,0.8,0.15,6
GAACATCCAAGCCCAC,1000,0.05,0.8,0.15,6
GAACATCCAGATGGCA,7,0.05,0.8,0.15,6
GAACATCGTCTAAACC,6,0.05,0.8,0.15,6
GAACATCTCCAGATCA,3,0.05,0.8,0.15,6
GAACATCTCCGCATAA,4,0.05,0.8,0.15,6
GAACATCTCCTTGGTC,6,0.05,0.8,0.15,6
GAACATCTCTGATTCT,4,0.05,0.8,0.15,6
GAACATCTCTTCAACT,1000,0.05,0.8,0.15,6
GAACCTAAGACACTAA,5,0.05,0.8,0.15,6
GAACCTAAGAGTACCG,3,0.05,0.8,0.15,6
GAACCTAAGGCAATTA,4,0.05,0.8,0.15,6
GAACCTACAAGGACTG,4,0.05,0.8,0.15,6
GAACCTAGTTATGTGC,0,0.05,0.8,0.15,6
GAACGGAAGGAGCGAG,4,0.05,0.8,0.15,6
GAACGGAAGGTGTGGT,4,0.05,0.8,0.15,6
GAACGGACAATAACGA,7,0.05,0.8,0.15,6
GAACGGACATTGAGCT,1000,0.05,0.8,0.15,6
GAACGGAGTAAGTGTA,1000,0.05,0.8,0.15,6
GAACGGAGTTACGTCA,1000,0.05,0.8,0.15,6
GAACGGAGTTCCCTTG,8,0.05,0.8,0.15,6
GAACGGATCCAAAGTC,4,0.05,0.8,0.15,6
GAAGCAGAGACCACGA,4,0.05,0.8,0.15,6
GAAGCAGAGAGCTGCA,7,0.05,0.8,0.15,6
GAAGCAGAGATGTTAG,2,0.05,0.8,0.15,6
GAAGCAGAGCTCAACT,2,0.05,0.8,0.15,6
GAAGCAGAGGGAGTAA,7,0.05,0.8,0.15,6
GAAGCAGAGTGTACCT,0,0.05,0.8,0.15,6
GAAGCAGCACCAGCAC,8,0.05,0.8,0.15,6
GAAGCAGCAGCTTAAC,7,0.05,0.8,0.15,6
GAAGCAGCAGTAACGG,6,0.05,0.8,0.15,6
GAAGCAGCATTAACCG,8,0.05,0.8,0.15,6
GAAGCAGGTGACGCCT,1,0.05,0.8,0.15,6
GAAGCAGGTTGCGTTA,1,0.05,0.8,0.15,6
GAAGCAGTCCTTCAAT,1,0.05,0.8,0.15,6
GAAGCAGTCGACCAGC,8,0.05,0.8,0.15,6
GAATAAGAGATGGGTC,3,0.05,0.8,0.15,6
GAATAAGAGGTGCTTT,6,0.05,0.8,0.15,6
GAATAAGAGTATCTCG,4,0.05,0.8,0.15,6
GAATAAGCAAGAGGCT,5,0.05,0.8,0.15,6
GAATAAGCAGACACTT,1000,0.05,0.8,0.15,6
GAATAAGCAGGTTTCA,1,0.05,0.8,0.15,6
GAATAAGGTAACGTTC,1,0.05,0.8,0.15,6
GAATAAGGTAGGCTGA,3,0.05,0.8,0.15,6
GAATAAGGTCCGAATT,7,0.05,0.8,0.15,6
GAATAAGGTCGGCACT,5,0.05,0.8,0.15,6
GAATAAGGTGCAGGTA,2,0.05,0.8,0.15,6
GAATAAGTCAGAGACG,5,0.05,0.8,0.15,6
GAATGAAAGGAACTGC,1000,0.05,0.8,0.15,6
GAATGAAAGTACATGA,7,0.05,0.8,0.15,6
GAATGAAAGTATGACA,6,0.05,0.8,0.15,6
GAATGAAAGTCAAGGC,1000,0.05,0.8,0.15,6
GAATGAACAAACAACA,8,0.05,0.8,0.15,6
GAATGAACAATAGCGG,7,0.05,0.8,0.15,6
GAATGAACATTATCTC,5,0.05,0.8,0.15,6
GAATGAAGTACCGAGA,5,0.05,0.8,0.15,6
GAATGAAGTAGGGTAC,8,0.05,0.8,0.15,6
GAATGAAGTCAGGACA,1000,0.05,0.8,0.15,6
GAATGAAGTCCGAATT,7,0.05,0.8,0.15,6
GAATGAAGTGGACGAT,8,0.05,0.8,0.15,6
GAATGAAGTTAGTGGG,4,0.05,0.8,0.15,6
GAATGAATCTATCCTA,6,0.05,0.8,0.15,6
GAATGAATCTCACATT,4,0.05,0.8,0.15,6
GAATGAATCTGCTGTC,5,0.05,0.8,0.15,6
GACACGCAGAAGCCCA,2,0.05,0.8,0.15,6
GACACGCAGAGCTGCA,1000,0.05,0.8,0.15,6
GACACGCAGGGCACTA,1,0.05,0.8,0.15,6
GACACGCAGTGTGAAT,5,0.05,0.8,0.15,6
GACACGCCAAGCCATT,6,0.05,0.8,0.15,6
GACACGCCACATGTGT,3,0.05,0.8,0.15,6
GACACGCCAGTGACAG,1000,0.05,0.8,0.15,6
GACACGCGTATGGTTC,3,0.05,0.8,0.15,6
GACACGCGTGAGCGAT,2,0.05,0.8,0.15,6
GACACGCTCCCAAGAT,7,0.05,0.8,0.15,6
GACACGCTCCTATTCA,6,0.05,0.8,0.15,6
GACAGAGAGCCTATGT,8,0.05,0.8,0.15,6
GACAGAGAGCTGTCTA,1,0.05,0.8,0.15,6
GACAGAGCACTTAACG,8,0.05,0.8,0.15,6
GACAGAGCAGCTATTG,2,0.05,0.8,0.15,6
GACAGAGCAGTCAGCC,4,0.05,0.8,0.15,6
GACAGAGCATAGGATA,5,0.05,0.8,0.15,6
GACAGAGCATTACCTT,5,0.05,0.8,0.15,6
GACAGAGGTCTAGAGG,7,0.05,0.8,0.15,6
GACAGAGGTGTGAAAT,5,0.05,0.8,0.15,6
GACAGAGGTTGGAGGT,7,0.05,0.8,0.15,6
GACAGAGTCACCTCGT,6,0.05,0.8,0.15,6
GACAGAGTCATATCGG,3,0.05,0.8,0.15,6
GACAGAGTCCACGCAG,3,0.05,0.8,0.15,6
GACAGAGTCCGCGTTT,1,0.05,0.8,0.15,6
GACAGAGTCGGCGCTA,1000,0.05,0.8,0.15,6
GACAGAGTCTTCGAGA,1000,0.05,0.8,0.15,6
GACCAATAGGTGATAT,4,0.05,0.8,0.15,6
GACCAATCAAGGGTCA,8,0.05,0.8,0.15,6
GACCAATCAATCAGAA,1000,0.05,0.8,0.15,6
GACCAATCAATGAATG,5,0.05,0.8,0.15,6
GACCAATCATGCAACT,3,0.05,0.8,0.15,6
GACCAATCATGCTGGC,5,0.05,0.8,0.15,6
GACCAATCATTGGTAC,4,0.05,0.8,0.15,6
GACCAATGTAGGCATG,1000,0.05,0.8,0.15,6
GACCAATGTATAGGTA,8,0.05,0.8,0.15,6
GACCAATTCGCAAACT,1000,0.05,0.8,0.15,6
GACCAATTCTACCTGC,7,0.05,0.8,0.15,6
GACCTGGAGCTAAGAT,1000,0.05,0.8,0.15,6
GACCTGGAGTCCAGGA,6,0.05,0.8,0.15,6
GACCTGGAGTGTGAAT,2,0.05,0.8,0.15,6
GACCTGGCAATGAATG,5,0.05,0.8,0.15,6
GACCTGGCACATAACC,2,0.05,0.8,0.15,6
GACCTGGCATGTTCCC,2,0.05,0.8,0.15,6
GACCTGGGTGTCGCTG,4,0.05,0.8,0.15,6
GACCTGGGTTTAAGCC,4,0.05,0.8,0.15,6
GACCTGGTCAGGTTCA,5,0.05,0.8,0.15,6
GACCTGGTCCCAGGTG,1000,0.05,0.8,0.15,6
GACGCGTGTCCGAACC,7,0.05,0.8,0.15,6
GACGCGTGTTAGAACA,3,0.05,0.8,0.15,6
GACGCGTTCCAGTAGT,1,0.05,0.8,0.15,6
GACGCGTTCCGCGTTT,4,0.05,0.8,0.15,6
GACGCGTTCGGCTACG,1000,0.05,0.8,0.15,6
GACGGCTAGGCTACGA,8,0.05,0.8,0.15,6
GACGGCTAGGGTGTTG,4,0.05,0.8,0.15,6
GACGGCTAGTCTCCTC,1,0.05,0.8,0.15,6
GACGGCTCACCTTGTC,7,0.05,0.8,0.15,6
GACGGCTCACTCGACG,1000,0.05,0.8,0.15,6
GACGGCTGTATGGTTC,4,0.05,0.8,0.15,6
GACGGCTGTGGTCCGT,3,0.05,0.8,0.15,6
GACGGCTGTTAAGGGC,3,0.05,0.8,0.15,6
GACGGCTGTTGTCTTT,6,0.05,0.8,0.15,6
GACGGCTTCCGCATCT,2,0.05,0.8,0.15,6
GACGGCTTCGACAGCC,8,0.05,0.8,0.15,6
GACGGCTTCGATAGAA,2,0.05,0.8,0.15,6
GACGGCTTCTGATACG,7,0.05,0.8,0.15,6
GACGGCTTCTTCATGT,1,0.05,0.8,0.15,6
GACGTGCAGCCATCGC,3,0.05,0.8,0.15,6
GACGTGCAGGCGACAT,1000,0.05,0.8,0.15,6
GACGTGCAGGGCTTCC,7,0.05,0.8,0.15,6
GACGTGCAGTAGCGGT,6,0.05,0.8,0.15,6
GACGTGCCAGGTGCCT,1,0.05,0.8,0.15,6
GACGTGCCAGTTTACG,1000,0.05,0.8,0.15,6
GACGTGCGTCGAACAG,1,0.05,0.8,0.15,6
GACGTGCGTGCCTGTG,8,0.05,0.8,0.15,6
GACGTGCTCGCGTAGC,6,0.05,0.8,0.15,6
GACGTTAAGATCCCGC,3,0.05,0.8,0.15,6
GACGTTAAGCAGCGTA,4,0.05,0.8,0.15,6
GACGTTAAGCTCCCAG,3,0.05,0.8,0.15,6
GACGTTAAGGGATCTG,4,0.05,0.8,0.15,6
GACGTTAGTACGCACC,2,0.05,0.8,0.15,6
GACGTTAGTATCAGTC,7,0.05,0.8,0.15,6
GACGTTAGTTATGTGC,6,0.05,0.8,0.15,6
GACGTTAGTTGTACAC,5,0.05,0.8,0.15,6
GACGTTATCGTAGGAG,8,0.05,0.8,0.15,6
GACGTTATCTGCGACG,2,0.05,0.8,0.15,6
GACGTTATCTGCGGCA,4,0.05,0.8,0.15,6
GACTAACAGCGACGTA,8,0.05,0.8,0.15,6
GACTAACAGCTTCGCG,1,0.05,0.8,0.15,6
GACTAACAGGGTTTCT,1000,0.05,0.8,0.15,6
GACTAACAGTCAAGGC,4,0.05,0.8,0.15,6
GACTAACAGTCTCGGC,3,0.05,0.8,0.15,6
GACTAACCACATCTTT,2,0.05,0.8,0.15,6
GACTAACGTATGCTTG,1,0.05,0.8,0.15,6
GACTAACGTCGCGTGT,6,0.05,0.8,0.15,6
GACTAACGTGGCCCTA,6,0.05,0.8,0.15,6
GACTAACGTTCACCTC,8,0.05,0.8,0.15,6
GACTAACGTTGGTTTG,5,0.05,0.8,0.15,6
GACTAACTCACAACGT,4,0.05,0.8,0.15,6
GACTAACTCATACGGT,1,0.05,0.8,0.15,6
GACTAACTCCTATGTT,3,0.05,0.8,0.15,6
GACTAACTCTTGTTTG,3,0.05,0.8,0.15,6
GACTACAAGACGCACA,2,0.05,0.8,0.15,6
GACTACAAGAGTACCG,8,0.05,0.8,0.15,6
GACTACAAGCAACGGT,3,0.05,0.8,0.15,6
GACTACAAGCCACCTG,8,0.05,0.8,0.15,6
GACTACAAGGAGCGTT,4,0.05,0.8,0.15,6
GACTACAAGTTGTCGT,5,0.05,0.8,0.15,6
GACTACACAATAAGCA,3,0.05,0.8,0.15,6
GACTACACACGTCTCT,5,0.05,0.8,0.15,6
GACTACACATGTCGAT,6,0.05,0.8,0.15,6
GACTACAGTAGGACAC,7,0.05,0.8,0.15,6
GACTACAGTATAGGGC,5,0.05,0.8,0.15,6
GACTACAGTCTAGTCA,2,0.05,0.8,0.15,6
GACTACAGTGTATGGG,8,0.05,0.8,0.15,6
GACTACATCCTATGTT,6,0.05,0.8,0.15,6
GACTACATCGTTACAG,1,0.05,0.8,0.15,6
GACTACATCTCGCTTG,1,0.05,0.8,0.15,6
GACTGCGAGGGAAACA,6,0.05,0.8,0.15,6
GACTGCGCAATTCCTT,7,0.05,0.8,0.15,6
GACTGCGCACGCCAGT,1,0.05,0.8,0.15,6
GACTGCGGTGATGTCT,2,0.05,0.8,0.15,6
GACTGCGGTTCCATGA,7,0.05,0.8,0.15,6
GACTGCGTCACAGTAC,2,0.05,0.8,0.15,6
GACTGCGTCAGAGACG,2,0.05,0.8,0.15,6
GAGCAGAAGATAGTCA,8,0.05,0.8,0.15,6
GAGCAGAAGCAATCTC,5,0.05,0.8,0.15,6
GAGCAGAAGTCAATAG,1,0.05,0.8,0.15,6
GAGCAGAAGTGCCATT,6,0.05,0.8,0.15,6
GAGCAGAAGTTTAGGA,3,0.05,0.8,0.15,6
GAGCAGACACGGTAGA,7,0.05,0.8,0.15,6
GAGCAGACAGTCTTCC,1,0.05,0.8,0.15,6
GAGCAGACATGCATGT,6,0.05,0.8,0.15,6
GAGCAGAGTACCAGTT,4,0.05,0.8,0.15,6
GAGCAGAGTCCTCTTG,3,0.05,0.8,0.15,6
GAGCAGAGTGATAAGT,0,0.05,0.8,0.15,6
GAGCAGAGTGTGCCTG,2,0.05,0.8,0.15,6
GAGCAGAGTTTGGGCC,3,0.05,0.8,0.15,6
GAGCAGATCGTGACAT,7,0.05,0.8,0.15,6
GAGCAGATCTACGAGT,3,0.05,0.8,0.15,6
GAGGTGAAGAAGCCCA,4,0.05,0.8,0.15,6
GAGGTGAAGAGCTATA,8,0.05,0.8,0.15,6
GAGGTGACAAGCTGGA,5,0.05,0.8,0.15,6
GAGGTGACAATTCCTT,1000,0.05,0.8,0.15,6
GAGGTGACAGCTCGCA,5,0.05,0.8,0.15,6
GAGGTGACAGGTCGTC,7,0.05,0.8,0.15,6
GAGGTGACATTATCTC,1000,0.05,0.8,0.15,6
GAGGTGAGTAGAGTGC,6,0.05,0.8,0.15,6
GAGGTGAGTGAACCTT,7,0.05,0.8,0.15,6
GAGGTGATCACCTTAT,8,0.05,0.8,0.15,6
GAGGTGATCCCTCTTT,1000,0.05,0.8,0.15,6
GAGTCCGAGGATGGTC,7,0.05,0.8,0.15,6
GAGTCCGCACCCATGG,7,0.05,0.8,0.15,6
GAGTCCGCACCTATCC,4,0.05,0.8,0.15,6
GAGTCCGCAGTCGTGC,3,0.05,0.8,0.15,6
GAGTCCGCATAGAAAC,7,0.05,0.8,0.15,6
GAGTCCGCATCCGGGT,1000,0.05,0.8,0.15,6
GAGTCCGCATTCCTCG,7,0.05,0.8,0.15,6
GAGTCCGGTAGCGTCC,7,0.05,0.8,0.15,6
GAGTCCGGTCATATCG,3,0.05,0.8,0.15,6
GAGTCCGGTCCAGTAT,7,0.05,0.8,0.15,6
GAGTCCGTCACATAGC,1000,0.05,0.8,0.15,6
GAGTCCGTCCGCGGTA,8,0.05,0.8,0.15,6
GATCAGTAGTACGTAA,4,0.05,0.8,0.15,6
GATCAGTCAGGATCGA,3,0.05,0.8,0.15,6
GATCAGTGTCCAAGTT,7,0.05,0.8,0.15,6
GATCAGTGTCGCCATG,2,0.05,0.8,0.15,6
GATCAGTGTGGCCCTA,3,0.05,0.8,0.15,6
GATCAGTGTGTCAATC,5,0.05,0.8,0.15,6
GATCAGTTCATCGATG,4,0.05,0.8,0.15,6
GATCAGTTCGGATGTT,5,0.05,0.8,0.15,6
GATCAGTTCGGCGCTA,4,0.05,0.8,0.15,6
GATCGATAGAGGACGG,2,0.05,0.8,0.15,6
GATCGATAGCAAATCA,3,0.05,0.8,0.15,6
GATCGATAGCAATATG,7,0.05,0.8,0.15,6
GATCGATAGGATGTAT,1,0.05,0.8,0.15,6
GATCGATAGGCCGAAT,1000,0.05,0.8,0.15,6
GATCGATCAAAGTCAA,8,0.05,0.8,0.15,6
GATCGATCACAACGTT,8,0.05,0.8,0.15,6
GATCGATCAGGCTCAC,1,0.05,0.8,0.15,6
GATCGATGTACTCTCC,8,0.05,0.8,0.15,6
GATCGATGTTCCACTC,7,0.05,0.8,0.15,6
GATCGATTCGCTAGCG,4,0.05,0.8,0.15,6
GATCGATTCGTTACAG,3,0.05,0.8,0.15,6
GATCGATTCTGCGACG,6,0.05,0.8,0.15,6
GATCGCGAGTACGATA,4,0.05,0.8,0.15,6
GATCGCGCAAGGTGTG,8,0.05,0.8,0.15,6
GATCGCGGTACCCAAT,6,0.05,0.8,0.15,6
GATCGCGGTATGAAAC,7,0.05,0.8,0.15,6
GATCGCGGTGGGTATG,1,0.05,0.8,0.15,6
GATCGCGGTGTATGGG,6,0.05,0.8,0.15,6
GATCGCGTCACGCGGT,3,0.05,0.8,0.15,6
GATCGCGTCCTGCAGG,1,0.05,0.8,0.15,6
GATCGCGTCGTCCAGG,6,0.05,0.8,0.15,6
GATCGCGTCTGCGGCA,5,0.05,0.8,0.15,6
GATCGCGTCTTGGGTA,7,0.05,0.8,0.15,6
GATCGTAAGACCACGA,4,0.05,0.8,0.15,6
GATCGTAAGCTGCCCA,3,0.05,0.8,0.15,6
GATCGTACACCCTATC,1,0.05,0.8,0.15,6
GATCGTACAGATGAGC,6,0.05,0.8,0.15,6
GATCGTACAGTGAGTG,8,0.05,0.8,0.15,6
GATCGTAGTAATCGTC,5,0.05,0.8,0.15,6
GATCGTATCTTTAGGG,4,0.05,0.8,0.15,6
GATCTAGAGAAACGCC,2,0.05,0.8,0.15,6
GATCTAGAGAAGCCCA,7,0.05,0.8,0.15,6
GATCTAGAGGATGCGT,1,0.05,0.8,0.15,6
GATCTAGAGGTAAACT,8,0.05,0.8,0.15,6
GATCTAGAGTACACCT,3,0.05,0.8,0.15,6
GATCTAGAGTATTGGA,4,0.05,0.8,0.15,6
GATCTAGAGTGGACGT,3,0.05,0.8,0.15,6
GATCTAGGTCATACTG,5,0.05,0.8,0.15,6
GATCTAGGTCGACTAT,1,0.05,0.8,0.15,6
GATCTAGTCACGGTTA,7,0.05,0.8,0.15,6
GATCTAGTCCTGCAGG,1,0.05,0.8,0.15,6
GATCTAGTCGACGGAA,3,0.05,0.8,0.15,6
GATGAAAAGAGAACAG,1,0.05,0.8,0.15,6
GATGAAAAGCGATATA,2,0.05,0.8,0.15,6
GATGAAAAGGATGGAA,1000,0.05,0.8,0.15,6
GATGAAAAGGGCATGT,2,0.05,0.8,0.15,6
GATGAAACAATTCCTT,4,0.05,0.8,0.15,6
GATGAAACACGTGAGA,1,0.05,0.8,0.15,6
GATGAAACAGTGAGTG,6,0.05,0.8,0.15,6
GATGAAAGTACGACCC,4,0.05,0.8,0.15,6
GATGAAAGTGAGGGAG,2,0.05,0.8,0.15,6
GATGAAAGTGAGGGTT,8,0.05,0.8,0.15,6
GATGAAATCACCGGGT,3,0.05,0.8,0.15,6
GATGAGGAGCAGCCTC,7,0.05,0.8,0.15,6
GATGAGGAGGCAAAGA,1,0.05,0.8,0.15,6
GATGAGGAGGCTAGCA,3,0.05,0.8,0.15,6
GATGAGGAGGTTCCTA,3,0.05,0.8,0.15,6
GATGAGGGTAATTGGA,1,0.05,0.8,0.15,6
GATGAGGTCGAGGTAG,3,0.05,0.8,0.15,6
GATGAGGTCGTAGATC,1,0.05,0.8,0.15,6
GATGCTACAGTATCTG,1,0.05,0.8,0.15,6
GATGCTAGTACGCTGC,7,0.05,0.8,0.15,6
GATGCTAGTGAGGGAG,5,0.05,0.8,0.15,6
GATGCTAGTTTGACAC,4,0.05,0.8,0.15,6
GATGCTATCACAATGC,4,0.05,0.8,0.15,6
GATGCTATCCTATGTT,1000,0.05,0.8,0.15,6
GATGCTATCTACTTAC,6,0.05,0.8,0.15,6
GATTCAGAGAAGAAGC,5,0.05,0.8,0.15,6
GATTCAGAGCACCGCT,5,0.05,0.8,0.15,6
GATTCAGAGGAATTAC,5,0.05,0.8,0.15,6
GATTCAGAGTCCATAC,4,0.05,0.8,0.15,6
GATTCAGAGTTCGCAT,4,0.05,0.8,0.15,6
GATTCAGCATCCGCGA,5,0.05,0.8,0.15,6
GATTCAGGTAACGCGA,6,0.05,0.8,0.15,6
GATTCAGTCATAAAGG,5,0.05,0.8,0.15,6
GATTCAGTCGCATGGC,1000,0.05,0.8,0.15,6
GCAAACTAGGGCTCTC,4,0.05,0.8,0.15,6
GCAAACTCACGGACAA,7,0.05,0.8,0.15,6
GCAAACTGTTACGTCA,6,0.05,0.8,0.15,6
GCAAACTGTTAGGGTG,1000,0.05,0.8,0.15,6
GCAAACTTCACATAGC,1000,0.05,0.8,0.15,6
GCAAACTTCCAAACTG,1,0.05,0.8,0.15,6
GCAAACTTCGCACTCT,8,0.05,0.8,0.15,6
GCAAACTTCGCTTGTC,8,0.05,0.8,0.15,6
GCAATCAAGACAGAGA,8,0.05,0.8,0.15,6
GCAATCAAGGATGTAT,6,0.05,0.8,0.15,6
GCAATCAAGTATCTCG,6,0.05,0.8,0.15,6
GCAATCACAATAGCAA,4,0.05,0.8,0.15,6
GCAATCACACAGACTT,2,0.05,0.8,0.15,6
GCAATCACACAGAGGT,1,0.05,0.8,0.15,6
GCAATCACACGGCGTT,6,0.05,0.8,0.15,6
GCAATCACAGGATCGA,3,0.05,0.8,0.15,6
GCAATCACAGTATGCT,4,0.05,0.8,0.15,6
GCAATCACATATACGC,1,0.05,0.8,0.15,6
GCAATCACATCGGAAG,4,0.05,0.8,0.15,6
GCAATCACATGCGCAC,7,0.05,0.8,0.15,6
GCAATCAGTACCATCA,5,0.05,0.8,0.15,6
GCAATCATCAACCATG,1,0.05,0.8,0.15,6
GCAATCATCAATACCG,1,0.05,0.8,0.15,6
GCAATCATCATTGCCC,6,0.05,0.8,0.15,6
GCAATCATCCTCAACC,8,0.05,0.8,0.15,6
GCAATCATCGTTACAG,8,0.05,0.8,0.15,6
GCAATCATCTAGAGTC,4,0.05,0.8,0.15,6
GCAATCATCTCGATGA,3,0.05,0.8,0.15,6
GCACATAAGGCAATTA,3,0.05,0.8,0.15,6
GCACATAAGTAGGTGC,6,0.05,0.8,0.15,6
GCACATACACCGTTGG,8,0.05,0.8,0.15,6
GCACATACACCTTGTC,8,0.05,0.8,0.15,6
GCACATACATGTAGTC,8,0.05,0.8,0.15,6
GCACATAGTCGCCATG,7,0.05,0.8,0.15,6
GCACATAGTGTGGTTT,1,0.05,0.8,0.15,6
GCACATAGTTCAGTAC,4,0.05,0.8,0.15,6
GCACATAGTTGAGTTC,2,0.05,0.8,0.15,6
GCACATATCACTCTTA,1,0.05,0.8,0.15,6
GCACATATCTGCAAGT,7,0.05,0.8,0.15,6
GCACATATCTTGGGTA,6,0.05,0.8,0.15,6
GCACTCTAGACATAAC,1000,0.05,0.8,0.15,6
GCACTCTAGCCCAACC,5,0.05,0.8,0.15,6
GCACTCTGTACAGCAG,3,0.05,0.8,0.15,6
GCACTCTGTAGGGTAC,7,0.05,0.8,0.15,6
GCACTCTGTCGAACAG,8,0.05,0.8,0.15,6
GCACTCTGTCGAGTTT,1,0.05,0.8,0.15,6
GCACTCTGTCTAGTCA,1,0.05,0.8,0.15,6
GCACTCTGTCTCACCT,6,0.05,0.8,0.15,6
GCACTCTGTGCGAAAC,6,0.05,0.8,0.15,6
GCACTCTGTGTTGAGG,8,0.05,0.8,0.15,6
GCACTCTGTTCCCTTG,1,0.05,0.8,0.15,6
GCACTCTGTTTGCATG,2,0.05,0.8,0.15,6
GCACTCTTCTGGTGTA,8,0.05,0.8,0.15,6
GCAGCCAAGCAGATCG,7,0.05,0.8,0.15,6
GCAGCCAAGGGAGTAA,4,0.05,0.8,0.15,6
GCAGCCAAGGGTCGAT,4,0.05,0.8,0.15,6
GCAGCCAAGTTACGGG,1,0.05,0.8,0.15,6
GCAGCCACAACACCTA,1,0.05,0.8,0.15,6
GCAGCCACATGGGAAC,6,0.05,0.8,0.15,6
GCAGCCACATTCTCAT,1000,0.05,0.8,0.15,6
GCAGCCAGTAATCACC,6,0.05,0.8,0.15,6
GCAGCCAGTCTAGTCA,4,0.05,0.8,0.15,6
GCAGCCAGTTGCTCCT,8,0.05,0.8,0.15,6
GCAGCCATCCTGCTTG,1000,0.05,0.8,0.15,6
GCAGCCATCTCGGACG,3,0.05,0.8,0.15,6
GCAGTTAAGACAGGCT,6,0.05,0.8,0.15,6
GCAGTTAAGATGTGGC,4,0.05,0.8,0.15,6
GCAGTTACAACGATCT,4,0.05,0.8,0.15,6
GCAGTTACACAGCGTC,7,0.05,0.8,0.15,6
GCAGTTACAGACACTT,1,0.05,0.8,0.15,6
GCAGTTACAGGCTCAC,6,0.05,0.8,0.15,6
GCAGTTACATGGTTGT,0,0.05,0.8,0.15,6
GCAGTTAGTGTGACCC,6,0.05,0.8,0.15,6
GCATACAAGCCCAGCT,3,0.05,0.8,0.15,6
GCATACAAGCGTCTAT,8,0.05,0.8,0.15,6
GCATACAAGCTACCGC,3,0.05,0.8,0.15,6
GCATACAAGCTGCGAA,5,0.05,0.8,0.15,6
GCATACAAGCTGTTCA,6,0.05,0.8,0.15,6
GCATACAAGGAATTAC,5,0.05,0.8,0.15,6
GCATACACAGTCAGCC,7,0.05,0.8,0.15,6
GCATACAGTGCTCTTC,2,0.05,0.8,0.15,6
GCATACATCGGCTACG,8,0.05,0.8,0.15,6
GCATGATAGACTAAGT,8,0.05,0.8,0.15,6
GCATGATAGCTAGTGG,8,0.05,0.8,0.15,6
GCATGATAGTGGGTTG,7,0.05,0.8,0.15,6
GCATGATCAAACGCGA,5,0.05,0.8,0.15,6
GCATGATCAAAGCAAT,7,0.05,0.8,0.15,6
GCATGATCAAAGTGCG,1000,0.05,0.8,0.15,6
GCATGATCAAGTTAAG,7,0.05,0.8,0.15,6
GCATGATGTAAGAGAG,1,0.05,0.8,0.15,6
GCATGATGTGATGTCT,8,0.05,0.8,0.15,6
GCATGATGTGCACGAA,1,0.05,0.8,0.15,6
GCATGATGTGCTTCTC,2,0.05,0.8,0.15,6
GCATGATGTTTACTCT,4,0.05,0.8,0.15,6
GCATGATTCACGCGGT,8,0.05,0.8,0.15,6
GCATGATTCAGCTTAG,7,0.05,0.8,0.15,6
GCATGATTCCGCGGTA,3,0.05,0.8,0.15,6
GCATGCGCACGAGGTA,2,0.05,0.8,0.15,6
GCATGCGCAGGTTTCA,1,0.05,0.8,0.15,6
GCATGCGGTACATGTC,4,0.05,0.8,0.15,6
GCATGCGGTAGGAGTC,1000,0.05,0.8,0.15,6
GCATGCGGTCTTGCGG,3,0.05,0.8,0.15,6
GCATGCGGTGGCTCCA,1000,0.05,0.8,0.15,6
GCATGCGGTGGTGTAG,2,0.05,0.8,0.15,6
GCATGCGGTTAAGAAC,1000,0.05,0.8,0.15,6
GCATGCGTCCGAATGT,3,0.05,0.8,0.15,6
GCATGCGTCGATAGAA,1000,0.05,0.8,0.15,6
GCATGTAAGCGATTCT,6,0.05,0.8,0.15,6
GCATGTAAGGAGCGAG,5,0.05,0.8,0.15,6
GCATGTAAGGGAAACA,1000,0.05,0.8,0.15,6
GCATGTAAGTAGTGCG,3,0.05,0.8,0.15,6
GCATGTAAGTCCCACG,4,0.05,0.8,0.15,6
GCATGTACAAGTAGTA,4,0.05,0.8,0.15,6
GCATGTACATACGCCG,2,0.05,0.8,0.15,6
GCATGTAGTAGTGAAT,8,0.05,0.8,0.15,6
GCATGTAGTCTCTTTA,0,0.05,0.8,0.15,6
GCATGTAGTGACTCAT,3,0.05,0.8,0.15,6
GCATGTAGTGCAGTAG,7,0.05,0.8,0.15,6
GCATGTATCACGCATA,1,0.05,0.8,0.15,6
GCATGTATCCACGTGG,1000,0.05,0.8,0.15,6
GCATGTATCTATGTGG,5,0.05,0.8,0.15,6
GCCAAATAGAAGGGTA,6,0.05,0.8,0.15,6
GCCAAATAGCTCCTCT,6,0.05,0.8,0.15,6
GCCAAATAGGAATCGC,8,0.05,0.8,0.15,6
GCCAAATCAATCACAC,6,0.05,0.8,0.15,6
GCCAAATGTAAGGGAA,6,0.05,0.8,0.15,6
GCCAAATTCAAACCGT,7,0.05,0.8,0.15,6
GCCAAATTCAGGATCT,8,0.05,0.8,0.15,6
GCCAAATTCAGTTAGC,1,0.05,0.8,0.15,6
GCCAAATTCCTATGTT,1,0.05,0.8,0.15,6
GCCAAATTCGTTTGCC,4,0.05,0.8,0.15,6
GCCAAATTCTCTAGGA,7,0.05,0.8,0.15,6
GCCTCTAAGACTAGAT,1,0.05,0.8,0.15,6
GCCTCTAAGCTAGCCC,4,0.05,0.8,0.15,6
GCCTCTAAGGCATGTG,4,0.05,0.8,0.15,6
GCCTCTACAACTTGAC,5,0.05,0.8,0.15,6
GCCTCTACAGCCAATT,4,0.05,0.8,0.15,6
GCCTCTACATCAGTCA,7,0.05,0.8,0.15,6
GCCTCTACATTGAGCT,6,0.05,0.8,0.15,6
GCCTCTAGTAAGGGAA,5,0.05,0.8,0.15,6
GCCTCTAGTACATCCA,1,0.05,0.8,0.15,6
GCCTCTAGTACTCTCC,5,0.05,0.8,0.15,6
GCCTCTAGTAGCGTCC,2,0.05,0.8,0.15,6
GCCTCTAGTGTTCGAT,1,0.05,0.8,0.15,6
GCCTCTAGTGTTTGGT,1000,0.05,0.8,0.15,6
GCCTCTATCAGCTCGG,1000,0.05,0.8,0.15,6
GCCTCTATCATCATTC,3,0.05,0.8,0.15,6
GCCTCTATCTGTCCGT,6,0.05,0.8,0.15,6
GCGACCAAGACTTTCG,7,0.05,0.8,0.15,6
GCGACCAAGCACACAG,4,0.05,0.8,0.15,6
GCGACCACAATCGAAA,4,0.05,0.8,0.15,6
GCGACCACAGTACACT,1000,0.05,0.8,0.15,6
GCGACCAGTAGAAGGA,3,0.05,0.8,0.15,6
GCGACCAGTCAGTGGA,6,0.05,0.8,0.15,6
GCGACCAGTCTTTCAT,4,0.05,0.8,0.15,6
GCGACCATCATGGTCA,2,0.05,0.8,0.15,6
GCGACCATCGGCGGTT,1,0.05,0.8,0.15,6
GCGACCATCGTCCGTT,3,0.05,0.8,0.15,6
GCGAGAAAGGTAGCTG,6,0.05,0.8,0.15,6
GCGAGAACACCTGGTG,5,0.05,0.8,0.15,6
GCGAGAACAGCTCGCA,4,0.05,0.8,0.15,6
GCGAGAAGTAATTGGA,7,0.05,0.8,0.15,6
GCGAGAAGTCCCTTGT,1000,0.05,0.8,0.15,6
GCGAGAAGTGCTTCTC,7,0.05,0.8,0.15,6
GCGAGAATCAGAGACG,2,0.05,0.8,0.15,6
GCGCAACAGAAGCCCA,7,0.05,0.8,0.15,6
GCGCAACAGAGAGCTC,7,0.05,0.8,0.15,6
GCGCAACAGATGCCAG,3,0.05,0.8,0.15,6
GCGCAACAGTCAAGGC,5,0.05,0.8,0.15,6
GCGCAACAGTGCAAGC,6,0.05,0.8,0.15,6
GCGCAACCAACACGCC,5,0.05,0.8,0.15,6
GCGCAACCAAGGTGTG,6,0.05,0.8,0.15,6
GCGCAACCATCCCATC,6,0.05,0.8,0.15,6
GCGCAACGTAAAGGAG,8,0.05,0.8,0.15,6
GCGCAACGTAGCACGA,7,0.05,0.8,0.15,6
GCGCAACGTAGCTTGT,5,0.05,0.8,0.15,6
GCGCAACGTGCAGGTA,8,0.05,0.8,0.15,6
GCGCAACGTTAAGATG,1,0.05,0.8,0.15,6
GCGCAACTCATCGGAT,5,0.05,0.8,0.15,6
GCGCAACTCCCAAGTA,2,0.05,0.8,0.15,6
GCGCAGTAGTGGGTTG,0,0.05,0.8,0.15,6
GCGCAGTCACAAGCCC,5,0.05,0.8,0.15,6
GCGCAGTCACGAGAGT,3,0.05,0.8,0.15,6
GCGCAGTCATTGGTAC,1,0.05,0.8,0.15,6
GCGCAGTGTACCTACA,7,0.05,0.8,0.15,6
GCGCAGTGTATATCCG,8,0.05,0.8,0.15,6
GCGCAGTGTCACTTCC,4,0.05,0.8,0.15,6
GCGCAGTGTCCAGTTA,3,0.05,0.8,0.15,6
GCGCAGTGTGCTTCTC,1,0.05,0.8,0.15,6
GCGCAGTGTTGACGTT,6,0.05,0.8,0.15,6
GCGCAGTTCGCAAGCC,6,0.05,0.8,0.15,6
GCGCAGTTCTGCCAGG,1,0.05,0.8,0.15,6
GCGCCAAAGAAGCCCA,8,0.05,0.8,0.15,6
GCGCCAAAGCCAGTTT,2,0.05,0.8,0.15,6
GCGCCAAAGCTACCGC,2,0.05,0.8,0.15,6
GCGCCAAAGGGATGGG,3,0.05,0.8,0.15,6
GCGCCAACAATCAGAA,6,0.05,0.8,0.15,6
GCGCCAACACCGGAAA,6,0.05,0.8,0.15,6
GCGCCAACAGACAAGC,4,0.05,0.8,0.15,6
GCGCCAAGTCCCTTGT,1,0.05,0.8,0.15,6
GCGCCAAGTCTAAACC,1,0.05,0.8,0.15,6
GCGCCAAGTCTCATCC,7,0.05,0.8,0.15,6
GCGCCAAGTGACAAAT,8,0.05,0.8,0.15,6
GCGCCAATCATCACCC,1,0.05,0.8,0.15,6
GCGCCAATCCGCAAGC,5,0.05,0.8,0.15,6
GCGCCAATCCGTACAA,7,0.05,0.8,0.15,6
GCGCCAATCGGAAATA,4,0.05,0.8,0.15,6
GCGCCAATCTACCAGA,2,0.05,0.8,0.15,6
GCGCCAATCTTATCTG,5,0.05,0.8,0.15,6
GCGCCAATCTTGTACT,2,0.05,0.8,0.15,6
GCGCGATGTAGGCATG,7,0.05,0.8,0.15,6
GCGCGATGTGGCTCCA,6,0.05,0.8,0.15,6
GCGCGATGTTGGTTTG,4,0.05,0.8,0.15,6
GCGCGATTCCCTCTTT,5,0.05,0.8,0.15,6
GCGGGTTAGAGTTGGC,4,0.05,0.8,0.15,6
GCGGGTTAGGACAGCT,1,0.05,0.8,0.15,6
GCGGGTTAGGCAATTA,3,0.05,0.8,0.15,6
GCGGGTTCACACGCTG,7,0.05,0.8,0.15,6
GCGGGTTCACGCTTTC,3,0.05,0.8,0.15,6
GCGGGTTCAGGGTACA,2,0.05,0.8,0.15,6
GCGGGTTGTACCCAAT,7,0.05,0.8,0.15,6
GCGGGTTGTCCGTTAA,3,0.05,0.8,0.15,6
GCGGGTTGTCTCTTAT,4,0.05,0.8,0.15,6
GCGGGTTGTGTTGAGG,1,0.05,0.8,0.15,6
GCGGGTTGTTGCGTTA,1,0.05,0.8,0.15,6
GCGGGTTTCACTGGGC,3,0.05,0.8,0.15,6
GCGGGTTTCCACGTTC,6,0.05,0.8,0.15,6
GCGGGTTTCGTAGGTT,1000,0.05,0.8,0.15,6
GCGGGTTTCTGCAAGT,7,0.05,0.8,0.15,6
GCTCCTAAGAGTCTGG,4,0.05,0.8,0.15,6
GCTCCTAAGCGTAGTG,5,0.05,0.8,0.15,6
GCTCCTAAGGCGCTCT,1,0.05,0.8,0.15,6
GCTCCTAAGGTGATAT,1000,0.05,0.8,0.15,6
GCTCCTACAGCCTTGG,3,0.05,0.8,0.15,6
GCTCCTAGTCGCGGTT,1000,0.05,0.8,0.15,6
GCTCCTAGTCTGATCA,8,0.05,0.8,0.15,6
GCTCCTAGTCTGCAAT,1,0.05,0.8,0.15,6
GCTCCTATCGCCAAAT,3,0.05,0.8,0.15,6
GCTCCTATCTACCTGC,2,0.05,0.8,0.15,6
GCTCTGTAGGGCTCTC,7,0.05,0.8,0.15,6
GCTCTGTAGGTGCTAG,7,0.05,0.8,0.15,6
GCTCTGTCATGCCTTC,7,0.05,0.8,0.15,6
GCTCTGTGTCTCATCC,7,0.05,0.8,0.15,6
GCTCTGTTCAGAGACG,5,0.05,0.8,0.15,6
GCTCTGTTCTCTAGGA,0,0.05,0.8,0.15,6
GCTGCAGAGAGAGCTC,1000,0.05,0.8,0.15,6
GCTGCAGAGGTAGCTG,4,0.05,0.8,0.15,6
GCTGCAGCACACAGAG,1000,0.05,0.8,0.15,6
GCTGCAGGTCCTAGCG,6,0.05,0.8,0.15,6
GCTGCGAAGATTACCC,1,0.05,0.8,0.15,6
GCTGCGAAGCACGCCT,5,0.05,0.8,0.15,6
GCTGCGAAGGAGTAGA,1000,0.05,0.8,0.15,6
GCTGCGAAGTACACCT,7,0.05,0.8,0.15,6
GCTGCGACACGTCAGC,1,0.05,0.8,0.15,6
GCTGCGAGTTCCCGAG,4,0.05,0.8,0.15,6
GCTGCGATCCTACAGA,7,0.05,0.8,0.15,6
GCTGCGATCTCCGGTT,1000,0.05,0.8,0.15,6
GCTGCTTAGCGTTTAC,1,0.05,0.8,0.15,6
GCTGCTTAGTTAGGTA,4,0.05,0.8,0.15,6
GCTGCTTCAACCGCCA,7,0.05,0.8,0.15,6
GCTGCTTCAGGGTACA,1000,0.05,0.8,0.15,6
GCTGCTTGTCACTTCC,1,0.05,0.8,0.15,6
GCTGCTTGTGCCTGCA,1000,0.05,0.8,0.15,6
GCTGCTTGTGTAATGA,3,0.05,0.8,0.15,6
GCTGCTTTCACGCGGT,6,0.05,0.8,0.15,6
GCTGCTTTCAGAGCTT,1,0.05,0.8,0.15,6
GCTGCTTTCATTGCCC,2,0.05,0.8,0.15,6
GCTGCTTTCCCGGATG,5,0.05,0.8,0.15,6
GCTGCTTTCTAACTCT,5,0.05,0.8,0.15,6
GCTGCTTTCTGCCCTA,4,0.05,0.8,0.15,6
GCTGGGTCAAACAACA,4,0.05,0.8,0.15,6
GCTGGGTCAAGTTAAG,8,0.05,0.8,0.15,6
GCTGGGTCACGTCTCT,4,0.05,0.8,0.15,6
GCTGGGTGTGACGCCT,1,0.05,0.8,0.15,6
GCTGGGTGTGCAACTT,1,0.05,0.8,0.15,6
GCTGGGTGTTGAGGTG,7,0.05,0.8,0.15,6
GCTGGGTTCCAAATGC,2,0.05,0.8,0.15,6
GCTGGGTTCCGTAGTA,3,0.05,0.8,0.15,6
GCTTCCAAGCCGCCTA,8,0.05,0.8,0.15,6
GCTTCCAAGCTACCGC,7,0.05,0.8,0.15,6
GCTTCCACAAACTGCT,5,0.05,0.8,0.15,6
GCTTCCACAGACTCGC,7,0.05,0.8,0.15,6
GCTTCCACATAGACTC,1,0.05,0.8,0.15,6
GCTTCCAGTAAACGCG,2,0.05,0.8,0.15,6
GCTTCCAGTCAAGCGA,1,0.05,0.8,0.15,6
GCTTCCAGTCTCATCC,2,0.05,0.8,0.15,6
GCTTCCAGTGCATCTA,5,0.05,0.8,0.15,6
GCTTCCATCCTTTACA,4,0.05,0.8,0.15,6
GCTTGAAAGACAAGCC,8,0.05,0.8,0.15,6
GCTTGAAAGCATCATC,1000,0.05,0.8,0.15,6
GCTTGAAAGCCACGCT,8,0.05,0.8,0.15,6
GCTTGAAAGTCACGCC,2,0.05,0.8,0.15,6
GCTTGAAAGTTCCACA,6,0.05,0.8,0.15,6
GCTTGAACACCAGGTC,3,0.05,0.8,0.15,6
GCTTGAACAGACTCGC,1,0.05,0.8,0.15,6
GCTTGAAGTCTGCCAG,4,0.05,0.8,0.15,6
GCTTGAAGTTCGTTGA,7,0.05,0.8,0.15,6
GCTTGAAGTTTGGCGC,6,0.05,0.8,0.15,6
GCTTGAATCCCTCTTT,4,0.05,0.8,0.15,6
GCTTGAATCCTTTACA,3,0.05,0.8,0.15,6
GCTTGAATCGGCGGTT,6,0.05,0.8,0.15,6
GCTTGAATCTTTAGGG,8,0.05,0.8,0.15,6
GCTTGAATCTTTCCTC,7,0.05,0.8,0.15,6
GGAAAGCAGAGACTAT,1000,0.05,0.8,0.15,6
GGAAAGCAGCCTCGTG,4,0.05,0.8,0.15,6
GGAAAGCAGTCCCACG,4,0.05,0.8,0.15,6
GGAAAGCAGTGAAGTT,6,0.05,0.8,0.15,6
GGAAAGCCACACCGAC,4,0.05,0.8,0.15,6
GGAAAGCCACCAGGTC,2,0.05,0.8,0.15,6
GGAAAGCCACTTACGA,0,0.05,0.8,0.15,6
GGAAAGCGTAAGGGCT,6,0.05,0.8,0.15,6
GGAAAGCGTCCGAACC,1000,0.05,0.8,0.15,6
GGAAAGCGTCTTCGTC,7,0.05,0.8,0.15,6
GGAAAGCTCACCAGGC,6,0.05,0.8,0.15,6
GGAAAGCTCCGCAAGC,6,0.05,0.8,0.15,6
GGAAAGCTCGCGTTTC,1,0.05,0.8,0.15,6
GGAAAGCTCTTTCCTC,8,0.05,0.8,0.15,6
GGAACTTAGGAGTCTG,1,0.05,0.8,0.15,6
GGAACTTCACCCATTC,8,0.05,0.8,0.15,6
GGAACTTCAGCTGCTG,7,0.05,0.8,0.15,6
GGAACTTCATACTACG,7,0.05,0.8,0.15,6
GGAACTTGTCGCATCG,3,0.05,0.8,0.15,6
GGAACTTGTGAAGGCT,3,0.05,0.8,0.15,6
GGAACTTGTTGAGGTG,1000,0.05,0.8,0.15,6
GGAACTTTCACTCTTA,5,0.05,0.8,0.15,6
GGAACTTTCAGAAATG,8,0.05,0.8,0.15,6
GGAACTTTCAGCAACT,2,0.05,0.8,0.15,6
GGAACTTTCCGATATG,7,0.05,0.8,0.15,6
GGAATAAAGCCATCGC,7,0.05,0.8,0.15,6
GGAATAAAGCGTTCCG,2,0.05,0.8,0.15,6
GGAATAAAGTCATGCT,8,0.05,0.8,0.15,6
GGAATAAAGTCTCCTC,8,0.05,0.8,0.15,6
GGAATAACAATAACGA,8,0.05,0.8,0.15,6
GGAATAACAGGGAGAG,2,0.05,0.8,0.15,6
GGAATAAGTACCAGTT,3,0.05,0.8,0.15,6
GGAATAAGTATATGGA,6,0.05,0.8,0.15,6
GGAATAAGTCACTGGC,2,0.05,0.8,0.15,6
GGAATAAGTCAGCTAT,8,0.05,0.8,0.15,6
GGAATAAGTCGTCTTC,2,0.05,0.8,0.15,6
GGAATAATCAACTCTT,3,0.05,0.8,0.15,6
GGAATAATCAGATAAG,8,0.05,0.8,0.15,6
GGAATAATCTGTCAAG,1000,0.05,0.8,0.15,6
GGACAAGAGAATCTCC,1000,0.05,0.8,0.15,6
GGACAAGAGTTGCAGG,8,0.05,0.8,0.15,6
GGACAAGCACTTACGA,3,0.05,0.8,0.15,6
GGACAAGCATAGACTC,6,0.05,0.8,0.15,6
GGACAAGGTCTAGTCA,1,0.05,0.8,0.15,6
GGACAAGGTGGGTATG,3,0.05,0.8,0.15,6
GGACAAGGTGGTAACG,2,0.05,0.8,0.15,6
GGACAAGGTGTGAAAT,8,0.05,0.8,0.15,6
GGACAAGGTTACGACT,5,0.05,0.8,0.15,6
GGACAAGTCATCTGTT,1,0.05,0.8,0.15,6
GGACAAGTCTTAACCT,1000,0.05,0.8,0.15,6
GGACAGAAGAACAATC,6,0.05,0.8,0.15,6
GGACAGAAGAGTGAGA,1000,0.05,0.8,0.15,6
GGACAGAAGATCCCGC,2,0.05,0.8,0.15,6
GGACAGAAGCGCCTCA,4,0.05,0.8,0.15,6
GGACAGAAGCTCAACT,5,0.05,0.8,0.15,6
GGACAGACAATAGAGT,4,0.05,0.8,0.15,6
GGACAGACACTTAACG,1000,0.05,0.8,0.15,6
GGACAGACATCACAAC,7,0.05,0.8,0.15,6
GGACAGAGTACAGACG,8,0.05,0.8,0.15,6
GGACAGAGTAGGACAC,3,0.05,0.8,0.15,6
GGACAGAGTATAGGTA,2,0.05,0.8,0.15,6
GGACAGAGTCTCTCGT,2,0.05,0.8,0.15,6
GGACAGAGTGCCTGGT,4,0.05,0.8,0.15,6
GGACAGAGTTTGTGTG,3,0.05,0.8,0.15,6
GGACAGATCGTCCAGG,3,0.05,0.8,0.15,6
GGACAGATCGTTTATC,1,0.05,0.8,0.15,6
GGACATTAGCCACTAT,1,0.05,0.8,0.15,6
GGACATTAGTACATGA,5,0.05,0.8,0.15,6
GGACATTAGTTAGCGG,8,0.05,0.8,0.15,6
GGACATTCACGACGAA,1000,0.05,0.8,0.15,6
GGACATTCAGGTCCAC,7,0.05,0.8,0.15,6
GGACATTGTAGAAGGA,4,0.05,0.8,0.15,6
GGACATTGTAGGGTAC,5,0.05,0.8,0.15,6
GGACATTGTCGCGTGT,1,0.05,0.8,0.15,6
GGACATTGTGCGCTTG,3,0.05,0.8,0.15,6
GGACATTGTGTTAAGA,2,0.05,0.8,0.15,6
GGACATTGTTATCGGT,3,0.05,0.8,0.15,6
GGACATTTCCACGTGG,1,0.05,0.8,0.15,6
GGACATTTCGGAAATA,2,0.05,0.8,0.15,6
GGACGTCAGAAGATTC,6,0.05,0.8,0.15,6
GGACGTCAGCCGTCGT,5,0.05,0.8,0.15,6
GGACGTCAGTACGTAA,1000,0.05,0.8,0.15,6
GGACGTCCAAAGTGCG,6,0.05,0.8,0.15,6
GGACGTCCAAGCGTAG,1000,0.05,0.8,0.15,6
GGACGTCCACTATCTT,6,0.05,0.8,0.15,6
GGACGTCCACTCTGTC,7,0.05,0.8,0.15,6
GGACGTCGTACAGACG,1000,0.05,0.8,0.15,6
GGACGTCGTTCATGGT,4,0.05,0.8,0.15,6
GGACGTCTCAGGCAAG,2,0.05,0.8,0.15,6
GGACGTCTCGTAGATC,7,0.05,0.8,0.15,6
GGACGTCTCGTCTGAA,1,0.05,0.8,0.15,6
GGACGTCTCTGGTGTA,6,0.05,0.8,0.15,6
GGAGCAAAGAGTCGGT,1,0.05,0.8,0.15,6
GGAGCAAAGTAGCGGT,1,0.05,0.8,0.15,6
GGAGCAAAGTGAACGC,4,0.05,0.8,0.15,6
GGAGCAAAGTGGGCTA,3,0.05,0.8,0.15,6
GGAGCAACACACTGCG,2,0.05,0.8,0.15,6
GGAGCAACAGTATAAG,7,0.05,0.8,0.15,6
GGAGCAAGTCAACTGT,8,0.05,0.8,0.15,6
GGAGCAAGTCCAACTA,1,0.05,0.8,0.15,6
GGAGCAATCGAACGGA,8,0.05,0.8,0.15,6
GGATGTTAGAATTGTG,5,0.05,0.8,0.15,6
GGATGTTAGCTAACTC,7,0.05,0.8,0.15,6
GGATGTTAGGCTCTTA,1,0.05,0.8,0.15,6
GGATGTTCAAGCCCAC,2,0.05,0.8,0.15,6
GGATGTTGTATATCCG,1000,0.05,0.8,0.15,6
GGATGTTGTATTCGTG,3,0.05,0.8,0.15,6
GGATGTTGTCCAACTA,7,0.05,0.8,0.15,6
GGATGTTTCGCGGATC,3,0.05,0.8,0.15,6
GGATTACAGACAGAGA,5,0.05,0.8,0.15,6
GGATTACAGAGACTAT,1,0.05,0.8,0.15,6
GGATTACAGCCCAATT,7,0.05,0.8,0.15,6
GGATTACAGTGCCAGA,3,0.05,0.8,0.15,6
GGATTACCAAGCGCTC,8,0.05,0.8,0.15,6
GGATTACCACTTGGAT,1,0.05,0.8,0.15,6
GGATTACCAGACACTT,2,0.05,0.8,0.15,6
GGATTACCATCCCATC,8,0.05,0.8,0.15,6
GGATTACCATCTACGA,1,0.05,0.8,0.15,6
GGATTACGTAGGACAC,7,0.05,0.8,0.15,6
GGATTACGTGTGTGCC,8,0.05,0.8,0.15,6
GGATTACTCAAAGACA,2,0.05,0.8,0.15,6
GGATTACTCATGTAGC,3,0.05,0.8,0.15,6
GGCAATTAGACCACGA,4,0.05,0.8,0.15,6
GGCAATTAGAGTCGGT,5,0.05,0.8,0.15,6
GGCAATTAGATGCCAG,4,0.05,0.8,0.15,6
GGCAATTAGTACACCT,2,0.05,0.8,0.15,6
GGCAATTAGTACGCCC,8,0.05,0.8,0.15,6
GGCAATTAGTTGAGTA,7,0.05,0.8,0.15,6
GGCAATTCAATAGCAA,8,0.05,0.8,0.15,6
GGCAATTCACCCATGG,1,0.05,0.8,0.15,6
GGCAATTCAGCATGAG,8,0.05,0.8,0.15,6
GGCAATTCATAGTAAG,1,0.05,0.8,0.15,6
GGCAATTCATGTCCTC,2,0.05,0.8,0.15,6
GGCAATTCATTAACCG,4,0.05,0.8,0.15,6
GGCAATTGTACCGTTA,6,0.05,0.8,0.15,6
GGCAATTGTCACACGC,4,0.05,0.8,0.15,6
GGCAATTGTCAGGACA,1000,0.05,0.8,0.15,6
GGCAATTGTGCGCTTG,8,0.05,0.8,0.15,6
GGCAATTGTTCGTGAT,5,0.05,0.8,0.15,6
GGCAATTGTTGAGTTC,3,0.05,0.8,0.15,6
GGCAATTTCATTGCGA,1,0.05,0.8,0.15,6
GGCAATTTCCAGTAGT,0,0.05,0.8,0.15,6
GGCAATTTCCCTCAGT,1,0.05,0.8,0.15,6
GGCCGATAGTATTGGA,7,0.05,0.8,0.15,6
GGCCGATCAAGCCATT,8,0.05,0.8,0.15,6
GGCCGATCAGCCTATA,5,0.05,0.8,0.15,6
GGCCGATCAGCGTCCA,4,0.05,0.8,0.15,6
GGCCGATCAGGGATTG,5,0.05,0.8,0.15,6
GGCCGATCATGGTTGT,4,0.05,0.8,0.15,6
GGCCGATGTACCGCTG,1,0.05,0.8,0.15,6
GGCCGATGTCGCATAT,2,0.05,0.8,0.15,6
GGCCGATGTGACTACT,7,0.05,0.8,0.15,6
GGCCGATGTTACCAGT,8,0.05,0.8,0.15,6
GGCCGATGTTTGGGCC,5,0.05,0.8,0.15,6
GGCCGATTCTTCCTTC,8,0.05,0.8,0.15,6
GGCCGATTCTTGTATC,3,0.05,0.8,0.15,6
GGCGACTAGACACTAA,7,0.05,0.8,0.15,6
GGCGACTAGACAGACC,1000,0.05,0.8,0.15,6
GGCGACTAGTGAACAT,3,0.05,0.8,0.15,6
GGCGACTCAAAGGCGT,8,0.05,0.8,0.15,6
GGCGACTCAAGCTGTT,8,0.05,0.8,0.15,6
GGCGACTCAAGTACCT,8,0.05,0.8,0.15,6
GGCGACTCATACCATG,8,0.05,0.8,0.15,6
GGCGACTGTATGGTTC,6,0.05,0.8,0.15,6
GGCGACTGTTGAACTC,5,0.05,0.8,0.15,6
GGCGACTTCCACGTGG,4,0.05,0.8,0.15,6
GGCGTGTAGCTGTCTA,4,0.05,0.8,0.15,6
GGCGTGTAGTGATCGG,7,0.05,0.8,0.15,6
GGCGTGTCAACAACCT,2,0.05,0.8,0.15,6
GGCGTGTCACTTAACG,4,0.05,0.8,0.15,6
GGCGTGTCATTTCAGG,2,0.05,0.8,0.15,6
GGCGTGTGTACCGAGA,3,0.05,0.8,0.15,6
GGCGTGTGTCAGGACA,6,0.05,0.8,0.15,6
GGCGTGTGTTACCAGT,1000,0.05,0.8,0.15,6
GGCGTGTGTTGGTAAA,3,0.05,0.8,0.15,6
GGCGTGTGTTTGTTGG,4,0.05,0.8,0.15,6
GGCGTGTTCCACTCCA,8,0.05,0.8,0.15,6
GGCGTGTTCCTTAATC,8,0.05,0.8,0.15,6
GGCTCGAAGAGCTATA,8,0.05,0.8,0.15,6
GGCTCGAAGTCCAGGA,1,0.05,0.8,0.15,6
GGCTCGACAATGGAAT,1000,0.05,0.8,0.15,6
GGCTCGACATTATCTC,4,0.05,0.8,0.15,6
GGCTCGAGTAATCGTC,0,0.05,0.8,0.15,6
GGCTCGAGTCTGATTG,1000,0.05,0.8,0.15,6
GGCTCGATCACCGGGT,7,0.05,0.8,0.15,6
GGCTCGATCACTTATC,8,0.05,0.8,0.15,6
GGCTCGATCCACGACG,3,0.05,0.8,0.15,6
GGCTCGATCTCGTTTA,1,0.05,0.8,0.15,6
GGCTGGTAGTACTTGC,5,0.05,0.8,0.15,6
GGCTGGTAGTGACTCT,4,0.05,0.8,0.15,6
GGCTGGTCACATCTTT,1,0.05,0.8,0.15,6
GGCTGGTGTAGCGTAG,4,0.05,0.8,0.15,6
GGCTGGTGTTCCGGCA,5,0.05,0.8,0.15,6
GGCTGGTGTTCGTTGA,6,0.05,0.8,0.15,6
GGCTGGTTCACGACTA,4,0.05,0.8,0.15,6
GGCTGGTTCCGCAAGC,3,0.05,0.8,0.15,6
GGCTGGTTCCGCTGTT,2,0.05,0.8,0.15,6
GGCTGGTTCGTACGGC,3,0.05,0.8,0.15,6
GGGAATGAGAATAGGG,4,0.05,0.8,0.15,6
GGGAATGAGCTATGCT,1000,0.05,0.8,0.15,6
GGGAATGAGTGGTAGC,4,0.05,0.8,0.15,6
GGGAATGAGTGTGAAT,4,0.05,0.8,0.15,6
GGGAATGCAATTCCTT,1,0.05,0.8,0.15,6
GGGAATGCAGTTTACG,2,0.05,0.8,0.15,6
GGGAATGCATCCGTGG,3,0.05,0.8,0.15,6
GGGAATGCATGGTTGT,6,0.05,0.8,0.15,6
GGGAATGCATTAACCG,8,0.05,0.8,0.15,6
GGGAATGCATTTCACT,5,0.05,0.8,0.15,6
GGGAATGTCCCTTGCA,5,0.05,0.8,0.15,6
GGGACCTAGACCACGA,1,0.05,0.8,0.15,6
GGGACCTAGACGCTTT,4,0.05,0.8,0.15,6
GGGACCTAGCAATCTC,3,0.05,0.8,0.15,6
GGGACCTAGGAGTACC,1,0.05,0.8,0.15,6
GGGACCTCACGGTAAG,8,0.05,0.8,0.15,6
GGGACCTCATGCTAGT,6,0.05,0.8,0.15,6
GGGACCTCATGGAATA,1000,0.05,0.8,0.15,6
GGGACCTTCACTCCTG,8,0.05,0.8,0.15,6
GGGACCTTCGGAAACG,6,0.05,0.8,0.15,6
GGGACCTTCTTTACAC,8,0.05,0.8,0.15,6
GGGAGATAGATGGCGT,5,0.05,0.8,0.15,6
GGGAGATAGTCAAGGC,4,0.05,0.8,0.15,6
GGGAGATCACCAGATT,3,0.05,0.8,0.15,6
GGGAGATCAGTATGCT,3,0.05,0.8,0.15,6
GGGAGATCATCCGTGG,6,0.05,0.8,0.15,6
GGGAGATGTAAGAGAG,1,0.05,0.8,0.15,6
GGGAGATGTACCATCA,8,0.05,0.8,0.15,6
GGGAGATGTGTGACCC,8,0.05,0.8,0.15,6
GGGAGATGTGTGCGTC,1,0.05,0.8,0.15,6
GGGAGATGTTGAGTTC,2,0.05,0.8,0.15,6
GGGAGATTCAGAAATG,2,0.05,0.8,0.15,6
GGGAGATTCCGTTGTC,3,0.05,0.8,0.15,6
GGGAGATTCTCCTATA,6,0.05,0.8,0.15,6
GGGAGATTCTTGACGA,2,0.05,0.8,0.15,6
GGGATGAAGATCTGAA,7,0.05,0.8,0.15,6
GGGATGAAGCGGATCA,7,0.05,0.8,0.15,6
GGGATGACACCAGTTA,5,0.05,0.8,0.15,6
GGGATGAGTCCGAATT,5,0.05,0.8,0.15,6
GGGATGAGTCTGCGGT,6,0.05,0.8,0.15,6
GGGATGAGTTCACCTC,3,0.05,0.8,0.15,6
GGGATGATCACCCTCA,7,0.05,0.8,0.15,6
GGGATGATCACGATGT,2,0.05,0.8,0.15,6
GGGATGATCGTGTAGT,1000,0.05,0.8,0.15,6
GGGATGATCTGTACGA,6,0.05,0.8,0.15,6
GGGCACTAGGTAGCCA,8,0.05,0.8,0.15,6
GGGCACTAGTCCTCCT,3,0.05,0.8,0.15,6
GGGCACTCACTGTCGG,1,0.05,0.8,0.15,6
GGGCACTCAGGGTATG,1,0.05,0.8,0.15,6
GGGCACTCAGTTTACG,7,0.05,0.8,0.15,6
GGGCACTCATCCCACT,8,0.05,0.8,0.15,6
GGGCACTCATTACCTT,7,0.05,0.8,0.15,6
GGGCACTGTCGTGGCT,1000,0.05,0.8,0.15,6
GGGCACTGTCTAGAGG,1000,0.05,0.8,0.15,6
GGGCACTTCCACGACG,1,0.05,0.8,0.15,6
GGGCACTTCTAACTCT,1000,0.05,0.8,0.15,6
GGGCACTTCTCACATT,1000,0.05,0.8,0.15,6
GGGCATCAGAATCTCC,4,0.05,0.8,0.15,6
GGGCATCAGCCACCTG,5,0.05,0.8,0.15,6
GGGCATCAGCGGCTTC,4,0.05,0.8,0.15,6
GGGCATCAGCTAAACA,4,0.05,0.8,0.15,6
GGGCATCAGTCATCCA,5,0.05,0.8,0.15,6
GGGCATCCACATTAGC,7,0.05,0.8,0.15,6
GGGCATCCAGTATGCT,3,0.05,0.8,0.15,6
GGGCATCCATCCCACT,4,0.05,0.8,0.15,6
GGGCATCCATCGATGT,2,0.05,0.8,0.15,6
GGGCATCGTAGAGCTG,4,0.05,0.8,0.15,6
GGGCATCGTCAGAATA,7,0.05,0.8,0.15,6
GGGCATCGTGCATCTA,7,0.05,0.8,0.15,6
GGGCATCGTTCGAATC,4,0.05,0.8,0.15,6
GGGCATCTCAAGGCTT,5,0.05,0.8,0.15,6
GGGCATCTCAGCGATT,8,0.05,0.8,0.15,6
GGGCATCTCTGTTTGT,1,0.05,0.8,0.15,6
GGGTCTGAGCACGCCT,2,0.05,0.8,0.15,6
GGGTCTGAGGAGTCTG,6,0.05,0.8,0.15,6
GGGTCTGAGTCATCCA,4,0.05,0.8,0.15,6
GGGTCTGCAATACGCT,6,0.05,0.8,0.15,6
GGGTCTGCAGGAATCG,8,0.05,0.8,0.15,6
GGGTCTGGTATGAAAC,2,0.05,0.8,0.15,6
GGGTCTGGTCATCCCT,2,0.05,0.8,0.15,6
GGGTCTGGTCGCATCG,6,0.05,0.8,0.15,6
GGGTCTGTCACTTATC,4,0.05,0.8,0.15,6
GGGTCTGTCAGCTGGC,4,0.05,0.8,0.15,6
GGGTCTGTCATGCTCC,4,0.05,0.8,0.15,6
GGGTCTGTCCAGAAGG,7,0.05,0.8,0.15,6
GGGTCTGTCCTACAGA,1000,0.05,0.8,0.15,6
GGGTCTGTCTCGAGTA,5,0.05,0.8,0.15,6
GGGTCTGTCTGTTTGT,6,0.05,0.8,0.15,6
GGGTTGCAGAGTACCG,2,0.05,0.8,0.15,6
GGGTTGCAGCTCAACT,5,0.05,0.8,0.15,6
GGGTTGCCACGCTTTC,5,0.05,0.8,0.15,6
GGGTTGCGTATCACCA,7,0.05,0.8,0.15,6
GGGTTGCGTCAAGCGA,2,0.05,0.8,0.15,6
GGGTTGCGTGCAGGTA,4,0.05,0.8,0.15,6
GGGTTGCGTTCCTCCA,1,0.05,0.8,0.15,6
GGTATTGAGATGTTAG,1,0.05,0.8,0.15,6
GGTATTGAGGACTGGT,1,0.05,0.8,0.15,6
GGTATTGCAGGGAGAG,1000,0.05,0.8,0.15,6
GGTATTGCAGTCAGCC,4,0.05,0.8,0.15,6
GGTATTGGTAGAGTGC,1000,0.05,0.8,0.15,6
GGTATTGGTCACAAGG,4,0.05,0.8,0.15,6
GGTATTGGTCAGAATA,5,0.05,0.8,0.15,6
GGTATTGGTGGTCTCG,8,0.05,0.8,0.15,6
GGTATTGTCACCGGGT,5,0.05,0.8,0.15,6
GGTGAAGAGATCTGAA,2,0.05,0.8,0.15,6
GGTGAAGAGATGGCGT,1,0.05,0.8,0.15,6
GGTGAAGAGCATCATC,4,0.05,0.8,0.15,6
GGTGAAGAGCGAAGGG,3,0.05,0.8,0.15,6
GGTGAAGAGTTAAGTG,3,0.05,0.8,0.15,6
GGTGAAGCAAGGACTG,2,0.05,0.8,0.15,6
GGTGAAGCACATCCGG,5,0.05,0.8,0.15,6
GGTGAAGCAGTCCTTC,7,0.05,0.8,0.15,6
GGTGAAGCATCCCATC,3,0.05,0.8,0.15,6
GGTGAAGGTAATAGCA,2,0.05,0.8,0.15,6
GGTGCGTAGCCCAATT,7,0.05,0.8,0.15,6
GGTGCGTAGCCTATGT,1,0.05,0.8,0.15,6
GGTGCGTCAATCTGCA,1,0.05,0.8,0.15,6
GGTGCGTCACGCATCG,6,0.05,0.8,0.15,6
GGTGCGTCAGCTGCAC,2,0.05,0.8,0.15,6
GGTGCGTCATGGTAGG,1,0.05,0.8,0.15,6
GGTGCGTGTAGCTCCG,6,0.05,0.8,0.15,6
GGTGCGTGTGTATGGG,2,0.05,0.8,0.15,6
GGTGCGTTCAGTGTTG,1,0.05,0.8,0.15,6
GGTGCGTTCCAAACAC,1000,0.05,0.8,0.15,6
GGTGCGTTCGGCATCG,7,0.05,0.8,0.15,6
GGTGTTAAGATCTGCT,5,0.05,0.8,0.15,6
GGTGTTAAGGTCGGAT,1000,0.05,0.8,0.15,6
GGTGTTAGTACTTGAC,2,0.05,0.8,0.15,6
GGTGTTAGTCTCAACA,6,0.05,0.8,0.15,6
GGTGTTAGTGATAAGT,3,0.05,0.8,0.15,6
GTAACGTAGCATCATC,7,0.05,0.8,0.15,6
GTAACGTAGTGAATTG,4,0.05,0.8,0.15,6
GTAACGTAGTTGTCGT,3,0.05,0.8,0.15,6
GTAACGTCAATGGAGC,7,0.05,0.8,0.15,6
GTAACGTCACCTCGTT,1000,0.05,0.8,0.15,6
GTAACGTCACGTCAGC,7,0.05,0.8,0.15,6
GTAACGTCAGGTGCCT,6,0.05,0.8,0.15,6
GTAACGTCAGTGGGAT,2,0.05,0.8,0.15,6
GTAACGTGTAAAGGAG,4,0.05,0.8,0.15,6
GTAACGTTCTGGCGTG,6,0.05,0.8,0.15,6
GTAACGTTCTTCAACT,4,0.05,0.8,0.15,6
GTAACTGAGAGTTGGC,1,0.05,0.8,0.15,6
GTAACTGAGATGTAAC,5,0.05,0.8,0.15,6
GTAACTGAGCAGACTG,6,0.05,0.8,0.15,6
GTAACTGAGGAGTTTA,1000,0.05,0.8,0.15,6
GTAACTGAGGATATAC,3,0.05,0.8,0.15,6
GTAACTGCAAGTCTAC,1,0.05,0.8,0.15,6
GTAACTGGTAAGTGGC,8,0.05,0.8,0.15,6
GTAACTGGTCGGGTCT,1,0.05,0.8,0.15,6
GTAACTGGTTCTGGTA,5,0.05,0.8,0.15,6
GTAACTGGTTGCCTCT,8,0.05,0.8,0.15,6
GTAACTGTCCTAGTGA,3,0.05,0.8,0.15,6
GTAACTGTCCTTGGTC,7,0.05,0.8,0.15,6
GTACGTAAGACAGGCT,8,0.05,0.8,0.15,6
GTACGTAAGGGAACGG,4,0.05,0.8,0.15,6
GTACGTAAGGTTCCTA,7,0.05,0.8,0.15,6
GTACGTAAGTGGTAAT,4,0.05,0.8,0.15,6
GTACGTACACGAAACG,2,0.05,0.8,0.15,6
GTACGTACATCTGGTA,1000,0.05,0.8,0.15,6
GTACGTATCAACCATG,6,0.05,0.8,0.15,6
GTACGTATCATGCATG,4,0.05,0.8,0.15,6
GTACGTATCTGCGACG,4,0.05,0.8,0.15,6
GTACTCCAGAACAACT,4,0.05,0.8,0.15,6
GTACTCCAGAGGACGG,1000,0.05,0.8,0.15,6
GTACTCCAGATCCCGC,5,0.05,0.8,0.15,6
GTACTCCAGGACAGAA,1,0.05,0.8,0.15,6
GTACTCCAGGTGTGGT,5,0.05,0.8,0.15,6
GTACTCCCATCTGGTA,5,0.05,0.8,0.15,6
GTACTCCGTTTAGCTG,0,0.05,0.8,0.15,6
GTACTCCGTTTCCACC,3,0.05,0.8,0.15,6
GTACTCCTCAGAGACG,1,0.05,0.8,0.15,6
GTACTCCTCATCTGCC,6,0.05,0.8,0.15,6
GTACTCCTCCCAGGTG,4,0.05,0.8,0.15,6
GTACTCCTCTGGAGCC,5,0.05,0.8,0.15,6
GTACTTTAGAATGTGT,5,0.05,0.8,0.15,6
GTACTTTAGAGGTAGA,6,0.05,0.8,0.15,6
GTACTTTGTCAGGACA,3,0.05,0.8,0.15,6
GTACTTTGTCGAACAG,1,0.05,0.8,0.15,6
GTACTTTGTCTGATCA,7,0.05,0.8,0.15,6
GTACTTTGTGAAGGCT,1,0.05,0.8,0.15,6
GTACTTTTCAGCACAT,5,0.05,0.8,0.15,6
GTAGGCCAGAATTGTG,7,0.05,0.8,0.15,6
GTAGGCCAGTACGTTC,8,0.05,0.8,0.15,6
GTAGGCCCAAACGCGA,8,0.05,0.8,0.15,6
GTAGGCCCACATGGGA,1000,0.05,0.8,0.15,6
GTAGGCCCAGTTCATG,2,0.05,0.8,0.15,6
GTAGGCCCATACCATG,4,0.05,0.8,0.15,6
GTAGGCCCATCCCACT,3,0.05,0.8,0.15,6
GTAGGCCCATCGGACC,2,0.05,0.8,0.15,6
GTAGGCCGTGGGTCAA,5,0.05,0.8,0.15,6
GTAGGCCGTGTTCGAT,5,0.05,0.8,0.15,6
GTAGGCCGTTCTGTTT,6,0.05,0.8,0.15,6
GTAGGCCTCACAAACC,3,0.05,0.8,0.15,6
GTAGGCCTCACCGTAA,1,0.05,0.8,0.15,6
GTAGGCCTCAGAGCTT,1000,0.05,0.8,0.15,6
GTAGGCCTCATGTCTT,5,0.05,0.8,0.15,6
GTAGGCCTCGCTTAGA,1,0.05,0.8,0.15,6
GTAGGCCTCTGTACGA,5,0.05,0.8,0.15,6
GTAGGCCTCTTACCGC,7,0.05,0.8,0.15,6
GTAGTCAAGCCACCTG,5,0.05,0.8,0.15,6
GTAGTCACAAACGCGA,1,0.05,0.8,0.15,6
GTAGTCACAATGTAAG,1000,0.05,0.8,0.15,6
GTAGTCACACATCCAA,8,0.05,0.8,0.15,6
GTAGTCACACGGTAGA,7,0.05,0.8,0.15,6
GTAGTCACAGACAAAT,7,0.05,0.8,0.15,6
GTAGTCACAGGACGTA,7,0.05,0.8,0.15,6
GTAGTCACATAGTAAG,1,0.05,0.8,0.15,6
GTAGTCAGTAAGGGCT,1000,0.05,0.8,0.15,6
GTAGTCAGTGGTTTCA,1,0.05,0.8,0.15,6
GTAGTCATCAACGGGA,5,0.05,0.8,0.15,6
GTAGTCATCCCAAGAT,1,0.05,0.8,0.15,6
GTAGTCATCGGAAACG,8,0.05,0.8,0.15,6
GTAGTCATCTTGTCAT,3,0.05,0.8,0.15,6
GTATCTTAGAGTGAGA,1,0.05,0.8,0.15,6
GTATCTTAGCGACGTA,1,0.05,0.8,0.15,6
GTATCTTAGGACCACA,6,0.05,0.8,0.15,6
GTATCTTCAAATCCGT,2,0.05,0.8,0.15,6
GTATCTTCACACGCTG,1,0.05,0.8,0.15,6
GTATCTTGTACTCAAC,2,0.05,0.8,0.15,6
GTATCTTGTAGGCATG,4,0.05,0.8,0.15,6
GTATCTTGTTCCCGAG,7,0.05,0.8,0.15,6
GTATCTTGTTGAGTTC,7,0.05,0.8,0.15,6
GTATCTTTCACGAAGG,7,0.05,0.8,0.15,6
GTATCTTTCCACTCCA,1,0.05,0.8,0.15,6
GTATCTTTCCGCGGTA,5,0.05,0.8,0.15,6
GTATCTTTCCGTAGGC,7,0.05,0.8,0.15,6
GTATCTTTCCTAGGGC,5,0.05,0.8,0.15,6
GTATCTTTCTCGTTTA,3,0.05,0.8,0.15,6
GTATTCTAGAGGACGG,2,0.05,0.8,0.15,6
GTATTCTAGTGAACGC,5,0.05,0.8,0.15,6
GTATTCTCAATAAGCA,6,0.05,0.8,0.15,6
GTATTCTCAGATGGCA,3,0.05,0.8,0.15,6
GTATTCTCAGTCCTTC,8,0.05,0.8,0.15,6
GTATTCTCATCAGTCA,8,0.05,0.8,0.15,6
GTATTCTGTAGGCTGA,1000,0.05,0.8,0.15,6
GTATTCTGTATTCGTG,7,0.05,0.8,0.15,6
GTATTCTGTGTCAATC,8,0.05,0.8,0.15,6
GTATTCTGTTCCAACA,1,0.05,0.8,0.15,6
GTATTCTGTTTGTTTC,5,0.05,0.8,0.15,6
GTATTCTTCAACCAAC,5,0.05,0.8,0.15,6
GTATTCTTCAGTTTGG,5,0.05,0.8,0.15,6
GTATTCTTCCTTCAAT,8,0.05,0.8,0.15,6
GTATTCTTCGAGGTAG,2,0.05,0.8,0.15,6
GTCAAGTAGATGGCGT,6,0.05,0.8,0.15,6
GTCAAGTAGGTGCACA,4,0.05,0.8,0.15,6
GTCAAGTCAATCACAC,2,0.05,0.8,0.15,6
GTCAAGTCAATCAGAA,7,0.05,0.8,0.15,6
GTCAAGTCACGGATAG,3,0.05,0.8,0.15,6
GTCAAGTCAGGAATGC,8,0.05,0.8,0.15,6
GTCAAGTCAGGATTGG,3,0.05,0.8,0.15,6
GTCAAGTCATGTCGAT,8,0.05,0.8,0.15,6
GTCAAGTGTAGCTCCG,4,0.05,0.8,0.15,6
GTCAAGTGTTACCAGT,1,0.05,0.8,0.15,6
GTCAAGTTCGCGCCAA,6,0.05,0.8,0.15,6
GTCAAGTTCTTTACAC,4,0.05,0.8,0.15,6
GTCACAAAGAGTAATC,8,0.05,0.8,0.15,6
GTCACAAAGCGATTCT,8,0.05,0.8,0.15,6
GTCACAAAGTCGCCGT,1,0.05,0.8,0.15,6
GTCACAACACATTAGC,7,0.05,0.8,0.15,6
GTCACAACACCGGAAA,7,0.05,0.8,0.15,6
GTCACAAGTATGAAAC,1000,0.05,0.8,0.15,6
GTCACAATCCCATTAT,4,0.05,0.8,0.15,6
GTCACAATCCTCAACC,3,0.05,0.8,0.15,6
GTCACAATCGGACAAG,2,0.05,0.8,0.15,6
GTCACAATCTCTTATG,1,0.05,0.8,0.15,6
GTCACAATCTTTCCTC,5,0.05,0.8,0.15,6
GTCACGGAGCCGGTAA,7,0.05,0.8,0.15,6
GTCACGGCACAGCCCA,1000,0.05,0.8,0.15,6
GTCACGGCATCGGTTA,1,0.05,0.8,0.15,6
GTCACGGCATCTACGA,2,0.05,0.8,0.15,6
GTCACGGGTAGCAAAT,3,0.05,0.8,0.15,6
GTCACGGGTCATATCG,2,0.05,0.8,0.15,6
GTCACGGGTCCGAATT,5,0.05,0.8,0.15,6
GTCACGGTCGGCGCAT,7,0.05,0.8,0.15,6
GTCATTTAGCTGATAA,1,0.05,0.8,0.15,6
GTCATTTAGGACAGAA,8,0.05,0.8,0.15,6
GTCATTTCAAACGTGG,6,0.05,0.8,0.15,6
GTCATTTCAATAGCAA,4,0.05,0.8,0.15,6
GTCATTTCACAGGCCT,7,0.05,0.8,0.15,6
GTCATTTCACGAAATA,1,0.05,0.8,0.15,6
GTCATTTCACTCAGGC,8,0.05,0.8,0.15,6
GTCATTTCAGCGTAAG,4,0.05,0.8,0.15,6
GTCATTTCATCGATGT,3,0.05,0.8,0.15,6
GTCATTTGTAGCACGA,8,0.05,0.8,0.15,6
GTCATTTGTCATTAGC,6,0.05,0.8,0.15,6
GTCATTTGTTTCGCTC,2,0.05,0.8,0.15,6
GTCATTTTCAACGCTA,6,0.05,0.8,0.15,6
GTCATTTTCCCTTGTG,1000,0.05,0.8,0.15,6
GTCATTTTCGAGAGCA,2,0.05,0.8,0.15,6
GTCATTTTCGTAGGAG,1,0.05,0.8,0.15,6
GTCCTCACAGATGAGC,7,0.05,0.8,0.15,6
GTCCTCAGTAATAGCA,4,0.05,0.8,0.15,6
GTCCTCAGTATATGAG,5,0.05,0.8,0.15,6
GTCCTCAGTTGATTCG,6,0.05,0.8,0.15,6
GTCCTCATCCCGACTT,4,0.05,0.8,0.15,6
GTCCTCATCTGTCAAG,4,0.05,0.8,0.15,6
GTCCTCATCTTACCGC,1,0.05,0.8,0.15,6
GTCGGGTAGGCAGTCA,5,0.05,0.8,0.15,6
GTCGGGTAGGCTCAGA,1000,0.05,0.8,0.15,6
GTCGGGTCAAGAGTCG,4,0.05,0.8,0.15,6
GTCGGGTCACCAGGTC,1000,0.05,0.8,0.15,6
GTCGGGTCACCGAAAG,0,0.05,0.8,0.15,6
GTCGGGTCAGTGAGTG,1,0.05,0.8,0.15,6
GTCGGGTGTATCAGTC,7,0.05,0.8,0.15,6
GTCGGGTTCATATCGG,6,0.05,0.8,0.15,6
GTCGGGTTCCGATATG,2,0.05,0.8,0.15,6
GTCGGGTTCGACCAGC,8,0.05,0.8,0.15,6
GTCGTAAAGGTTACCT,1,0.05,0.8,0.15,6
GTCGTAAAGTGAATTG,6,0.05,0.8,0.15,6
GTCGTAACAGTCGATT,6,0.05,0.8,0.15,6
GTCGTAAGTCCGAATT,1,0.05,0.8,0.15,6
GTCGTAAGTGTTCGAT,4,0.05,0.8,0.15,6
GTCGTAATCACGCGGT,2,0.05,0.8,0.15,6
GTCGTAATCAGTCAGT,1,0.05,0.8,0.15,6
GTCGTAATCATGCATG,7,0.05,0.8,0.15,6
GTCGTAATCATTATCC,7,0.05,0.8,0.15,6
GTCGTAATCCGTTGTC,7,0.05,0.8,0.15,6
GTCGTAATCCTTTCGG,7,0.05,0.8,0.15,6
GTCGTAATCGTTTGCC,8,0.05,0.8,0.15,6
GTCGTAATCTACCTGC,2,0.05,0.8,0.15,6
GTCTCGTCAAGCGAGT,7,0.05,0.8,0.15,6
GTCTCGTGTCAGAGGT,1,0.05,0.8,0.15,6
GTCTCGTGTGAAATCA,4,0.05,0.8,0.15,6
GTCTCGTGTGGCTCCA,1,0.05,0.8,0.15,6
GTCTCGTGTGTGGCTC,7,0.05,0.8,0.15,6
GTCTCGTGTTATGTGC,3,0.05,0.8,0.15,6
GTCTCGTGTTCCCGAG,2,0.05,0.8,0.15,6
GTCTCGTGTTCGCGAC,7,0.05,0.8,0.15,6
GTCTCGTTCCAAGTAC,1,0.05,0.8,0.15,6
GTCTTCGAGCCAGAAC,2,0.05,0.8,0.15,6
GTCTTCGAGGCTCTTA,3,0.05,0.8,0.15,6
GTCTTCGCAATAGCAA,1,0.05,0.8,0.15,6
GTCTTCGCACATTTCT,1000,0.05,0.8,0.15,6
GTCTTCGCATTGGTAC,7,0.05,0.8,0.15,6
GTCTTCGGTTTGTTTC,3,0.05,0.8,0.15,6
GTCTTCGTCAAACAAG,1000,0.05,0.8,0.15,6
GTCTTCGTCATTGCCC,2,0.05,0.8,0.15,6
GTCTTCGTCCTGCAGG,6,0.05,0.8,0.15,6
GTGAAGGAGAGCTGCA,1000,0.05,0.8,0.15,6
GTGAAGGCAGCGAACA,7,0.05,0.8,0.15,6
GTGAAGGGTACATGTC,7,0.05,0.8,0.15,6
GTGAAGGTCATGTCCC,4,0.05,0.8,0.15,6
GTGAAGGTCCATTCTA,3,0.05,0.8,0.15,6
GTGAAGGTCTCGTATT,1000,0.05,0.8,0.15,6
GTGCAGCAGACGACGT,6,0.05,0.8,0.15,6
GTGCAGCAGATCTGAA,5,0.05,0.8,0.15,6
GTGCAGCAGCCGATTT,3,0.05,0.8,0.15,6
GTGCAGCAGGCATTGG,8,0.05,0.8,0.15,6
GTGCAGCAGGCGACAT,2,0.05,0.8,0.15,6
GTGCAGCAGTGGGTTG,8,0.05,0.8,0.15,6
GTGCAGCCACTTACGA,7,0.05,0.8,0.15,6
GTGCAGCGTGCGATAG,8,0.05,0.8,0.15,6
GTGCAGCTCAAGCCTA,1000,0.05,0.8,0.15,6
GTGCAGCTCCATGCTC,1000,0.05,0.8,0.15,6
GTGCAGCTCCTGTAGA,6,0.05,0.8,0.15,6
GTGCAGCTCGGATGTT,4,0.05,0.8,0.15,6
GTGCAGCTCTCTAAGG,6,0.05,0.8,0.15,6
GTGCATAAGCAGGTCA,3,0.05,0.8,0.15,6
GTGCATAAGCCACGCT,6,0.05,0.8,0.15,6
GTGCATAAGCTAGGCA,6,0.05,0.8,0.15,6
GTGCATAAGGCATTGG,6,0.05,0.8,0.15,6
GTGCATACAATCTACG,8,0.05,0.8,0.15,6
GTGCATACATCCTTGC,2,0.05,0.8,0.15,6
GTGCATACATCGGTTA,8,0.05,0.8,0.15,6
GTGCATAGTCTTCGTC,7,0.05,0.8,0.15,6
GTGCATAGTTACCGAT,4,0.05,0.8,0.15,6
GTGCATAGTTAGATGA,3,0.05,0.8,0.15,6
GTGCATATCCCTTGTG,4,0.05,0.8,0.15,6
GTGCGGTAGCTAAACA,8,0.05,0.8,0.15,6
GTGCGGTAGGTAGCTG,4,0.05,0.8,0.15,6
GTGCGGTCAAACTGCT,5,0.05,0.8,0.15,6
GTGCGGTCACCGGAAA,2,0.05,0.8,0.15,6
GTGCGGTCAGTTTACG,1,0.05,0.8,0.15,6
GTGCGGTCATTACCTT,1000,0.05,0.8,0.15,6
GTGCGGTGTTGATTGC,7,0.05,0.8,0.15,6
GTGCGGTTCAATCACG,3,0.05,0.8,0.15,6
GTGCGGTTCTAAGCCA,4,0.05,0.8,0.15,6
GTGCGGTTCTTTCCTC,4,0.05,0.8,0.15,6
GTGCTTCAGAAGGTTT,3,0.05,0.8,0.15,6
GTGCTTCAGCCACGTC,6,0.05,0.8,0.15,6
GTGCTTCAGCGTGAAC,7,0.05,0.8,0.15,6
GTGCTTCGTATAATGG,5,0.05,0.8,0.15,6
GTGCTTCGTTCACGGC,6,0.05,0.8,0.15,6
GTGCTTCTCAAGGTAA,5,0.05,0.8,0.15,6
GTGCTTCTCAGAGACG,1,0.05,0.8,0.15,6
GTGCTTCTCCGGCACA,5,0.05,0.8,0.15,6
GTGCTTCTCCTACAGA,4,0.05,0.8,0.15,6
GTGGGTCAGACCTTTG,4,0.05,0.8,0.15,6
GTGGGTCAGAGAACAG,4,0.05,0.8,0.15,6
GTGGGTCAGATCCCGC,1000,0.05,0.8,0.15,6
GTGGGTCAGGTGCTAG,6,0.05,0.8,0.15,6
GTGGGTCCAGGGTTAG,6,0.05,0.8,0.15,6
GTGGGTCGTAAGTGTA,5,0.05,0.8,0.15,6
GTGGGTCGTCTAAAGA,2,0.05,0.8,0.15,6
GTGGGTCGTCTCCCTA,4,0.05,0.8,0.15,6
GTGGGTCTCAAACAAG,5,0.05,0.8,0.15,6
GTGGGTCTCCAGGGCT,1,0.05,0.8,0.15,6
GTGGGTCTCGATAGAA,1000,0.05,0.8,0.15,6
GTGGGTCTCGGAAATA,3,0.05,0.8,0.15,6
GTGTGCGAGACATAAC,1000,0.05,0.8,0.15,6
GTGTGCGAGGGTCGAT,7,0.05,0.8,0.15,6
GTGTGCGAGTCAAGGC,7,0.05,0.8,0.15,6
GTGTGCGCAATCTGCA,8,0.05,0.8,0.15,6
GTGTGCGCAGTCGATT,1,0.05,0.8,0.15,6
GTGTGCGCATCTCCCA,7,0.05,0.8,0.15,6
GTGTGCGGTCTACCTC,5,0.05,0.8,0.15,6
GTGTGCGGTCTCACCT,1,0.05,0.8,0.15,6
GTGTGCGTCCTGTACC,8,0.05,0.8,0.15,6
GTGTGCGTCGTCACGG,5,0.05,0.8,0.15,6
GTGTTAGAGCGTGTCC,7,0.05,0.8,0.15,6
GTGTTAGAGCGTTCCG,5,0.05,0.8,0.15,6
GTGTTAGAGCTGAAAT,6,0.05,0.8,0.15,6
GTGTTAGAGGATGTAT,4,0.05,0.8,0.15,6
GTGTTAGCACACAGAG,6,0.05,0.8,0.15,6
GTGTTAGCACATGACT,7,0.05,0.8,0.15,6
GTGTTAGCACCATCCT,4,0.05,0.8,0.15,6
GTGTTAGCATCAGTCA,5,0.05,0.8,0.15,6
GTGTTAGCATCTATGG,1,0.05,0.8,0.15,6
GTGTTAGCATGTCCTC,5,0.05,0.8,0.15,6
GTGTTAGGTCACTTCC,2,0.05,0.8,0.15,6
GTGTTAGGTTAGTGGG,6,0.05,0.8,0.15,6
GTGTTAGTCCCAACGG,7,0.05,0.8,0.15,6
GTGTTAGTCTTACCGC,1,0.05,0.8,0.15,6
GTTAAGCAGACAGGCT,1,0.05,0.8,0.15,6
GTTAAGCAGACCACGA,4,0.05,0.8,0.15,6
GTTAAGCAGCTCCCAG,7,0.05,0.8,0.15,6
GTTAAGCAGCTTCGCG,7,0.05,0.8,0.15,6
GTTAAGCCATCTCCCA,4,0.05,0.8,0.15,6
GTTAAGCCATTGGTAC,2,0.05,0.8,0.15,6
GTTAAGCGTACAGTTC,1,0.05,0.8,0.15,6
GTTAAGCGTACTTCTT,7,0.05,0.8,0.15,6
GTTAAGCGTTTGTGTG,5,0.05,0.8,0.15,6
GTTAAGCTCTCACATT,5,0.05,0.8,0.15,6
GTTACAGAGCCCAATT,1000,0.05,0.8,0.15,6
GTTACAGAGTAACCCT,1,0.05,0.8,0.15,6
GTTACAGCAAAGGAAG,8,0.05,0.8,0.15,6
GTTACAGGTGTTTGTG,1000,0.05,0.8,0.15,6
GTTACAGTCAATAAGG,3,0.05,0.8,0.15,6
GTTACAGTCGAGGTAG,3,0.05,0.8,0.15,6
GTTACAGTCTACTTAC,1,0.05,0.8,0.15,6
GTTACAGTCTGCGTAA,6,0.05,0.8,0.15,6
GTTACAGTCTTGCATT,1,0.05,0.8,0.15,6
GTTCATTCATCCCACT,2,0.05,0.8,0.15,6
GTTCATTGTCAAAGCG,8,0.05,0.8,0.15,6
GTTCATTTCAAGGCTT,1000,0.05,0.8,0.15,6
GTTCATTTCACGGTTA,4,0.05,0.8,0.15,6
GTTCATTTCGTCTGAA,4,0.05,0.8,0.15,6
GTTCGGGAGACTACAA,4,0.05,0.8,0.15,6
GTTCGGGAGAGAACAG,2,0.05,0.8,0.15,6
GTTCGGGAGAGTCGGT,5,0.05,0.8,0.15,6
GTTCGGGCAACACGCC,2,0.05,0.8,0.15,6
GTTCGGGCACCAGCAC,3,0.05,0.8,0.15,6
GTTCGGGCACGTCAGC,5,0.05,0.8,0.15,6
GTTCGGGCAGACGCAA,8,0.05,0.8,0.15,6
GTTCGGGCATGGGACA,3,0.05,0.8,0.15,6
GTTCGGGGTAAAGGAG,6,0.05,0.8,0.15,6
GTTCGGGGTACAGCAG,3,0.05,0.8,0.15,6
GTTCGGGGTTACCGAT,3,0.05,0.8,0.15,6
GTTCGGGGTTCCACAA,7,0.05,0.8,0.15,6
GTTCGGGTCCCAAGAT,2,0.05,0.8,0.15,6
GTTCTCGAGACGCAAC,1,0.05,0.8,0.15,6
GTTCTCGAGAGATGAG,2,0.05,0.8,0.15,6
GTTCTCGCACGTCTCT,2,0.05,0.8,0.15,6
GTTCTCGCATTTCAGG,7,0.05,0.8,0.15,6
GTTCTCGGTGTCCTCT,7,0.05,0.8,0.15,6
GTTCTCGTCCCTTGCA,8,0.05,0.8,0.15,6
GTTCTCGTCCGAGCCA,3,0.05,0.8,0.15,6
GTTCTCGTCGGTCTAA,1000,0.05,0.8,0.15,6
GTTTCTAAGACGCACA,1000,0.05,0.8,0.15,6
GTTTCTAAGAGCCCAA,3,0.05,0.8,0.15,6
GTTTCTAAGAGTCGGT,2,0.05,0.8,0.15,6
GTTTCTAAGCTATGCT,8,0.05,0.8,0.15,6
GTTTCTAAGTTTGCGT,1000,0.05,0.8,0.15,6
GTTTCTACAGATCTGT,4,0.05,0.8,0.15,6
GTTTCTACAGGATTGG,3,0.05,0.8,0.15,6
GTTTCTACAGGGTTAG,7,0.05,0.8,0.15,6
GTTTCTAGTTTGACTG,7,0.05,0.8,0.15,6
GTTTCTATCATGTCCC,4,0.05,0.8,0.15,6
GTTTCTATCCCAAGTA,8,0.05,0.8,0.15,6
GTTTCTATCGCGTAGC,7,0.05,0.8,0.15,6
GTTTCTATCGTTGCCT,2,0.05,0.8,0.15,6
TAAACCGAGGCATGGT,2,0.05,0.8,0.15,6
TAAACCGAGGCTATCT,2,0.05,0.8,0.15,6
TAAACCGAGTTAACGA,3,0.05,0.8,0.15,6
TAAACCGCAAAGGTGC,2,0.05,0.8,0.15,6
TAAACCGCATCGATGT,3,0.05,0.8,0.15,6
TAAACCGGTCATCCCT,5,0.05,0.8,0.15,6
TAAACCGGTGATGATA,2,0.05,0.8,0.15,6
TAAACCGTCATCATTC,7,0.05,0.8,0.15,6
TAAACCGTCCAGGGCT,1,0.05,0.8,0.15,6
TAAACCGTCGCTTAGA,8,0.05,0.8,0.15,6
TAAACCGTCGGACAAG,5,0.05,0.8,0.15,6
TAAACCGTCGTTACGA,4,0.05,0.8,0.15,6
TAAACCGTCTAACTGG,8,0.05,0.8,0.15,6
TAAGAGAAGATGTCGG,1,0.05,0.8,0.15,6
TAAGAGAAGCCCGAAA,6,0.05,0.8,0.15,6
TAAGAGAAGTGGGATC,8,0.05,0.8,0.15,6
TAAGAGACAGTGAGTG,8,0.05,0.8,0.15,6
TAAGAGAGTAGCGTAG,8,0.05,0.8,0.15,6
TAAGAGAGTCAACATC,1000,0.05,0.8,0.15,6
TAAGAGATCAACGCTA,8,0.05,0.8,0.15,6
TAAGAGATCCTGTACC,7,0.05,0.8,0.15,6
TAAGAGATCGCAGGCT,8,0.05,0.8,0.15,6
TAAGAGATCTTATCTG,6,0.05,0.8,0.15,6
TAAGCGTCAAGTCTAC,8,0.05,0.8,0.15,6
TAAGCGTCACTGAAGG,3,0.05,0.8,0.15,6
TAAGCGTCAGTATGCT,8,0.05,0.8,0.15,6
TAAGCGTGTAGCGTCC,8,0.05,0.8,0.15,6
TAAGCGTGTCTCAACA,2,0.05,0.8,0.15,6
TAAGCGTGTTCGGCAC,8,0.05,0.8,0.15,6
TAAGCGTTCGTAGGTT,1,0.05,0.8,0.15,6
TAAGCGTTCTGGAGCC,1,0.05,0.8,0.15,6
TAAGCGTTCTTCGGTC,3,0.05,0.8,0.15,6
TAAGTGCAGTTTAGGA,5,0.05,0.8,0.15,6
TAAGTGCCAAACTGTC,1,0.05,0.8,0.15,6
TAAGTGCCAAGGTTTC,4,0.05,0.8,0.15,6
TAAGTGCCAGAGCCAA,7,0.05,0.8,0.15,6
TAAGTGCGTATAGGGC,3,0.05,0.8,0.15,6
TAAGTGCTCGTCGTTC,3,0.05,0.8,0.15,6
TAAGTGCTCTGCTGTC,6,0.05,0.8,0.15,6
TAAGTGCTCTTGACGA,8,0.05,0.8,0.15,6
TACACGAAGACTCGGA,2,0.05,0.8,0.15,6
TACACGAAGGGTCTCC,6,0.05,0.8,0.15,6
TACACGACACGTTGGC,6,0.05,0.8,0.15,6
TACACGACAGTCGTGC,1,0.05,0.8,0.15,6
TACACGACAGTGGAGT,4,0.05,0.8,0.15,6
TACACGAGTCGCGGTT,5,0.05,0.8,0.15,6
TACACGAGTCTCTCTG,6,0.05,0.8,0.15,6
TACACGAGTCTGCCAG,6,0.05,0.8,0.15,6
TACACGAGTGCGAAAC,3,0.05,0.8,0.15,6
TACACGAGTGCTTCTC,1,0.05,0.8,0.15,6
TACACGAGTTAAAGTG,6,0.05,0.8,0.15,6
TACACGAGTTCCATGA,4,0.05,0.8,0.15,6
TACAGTGAGGAACTGC,7,0.05,0.8,0.15,6
TACAGTGAGGCCCTCA,8,0.05,0.8,0.15,6
TACAGTGAGGGTTTCT,1,0.05,0.8,0.15,6
TACAGTGAGTATTGGA,0,0.05,0.8,0.15,6
TACAGTGCATATGGTC,1000,0.05,0.8,0.15,6
TACAGTGCATCCTTGC,4,0.05,0.8,0.15,6
TACAGTGCATCTACGA,1000,0.05,0.8,0.15,6
TACAGTGGTCGATTGT,7,0.05,0.8,0.15,6
TACAGTGGTCTAGTGT,0,0.05,0.8,0.15,6
TACAGTGTCAACGGCC,3,0.05,0.8,0.15,6
TACAGTGTCCTAAGTG,5,0.05,0.8,0.15,6
TACAGTGTCGCCTGAG,5,0.05,0.8,0.15,6
TACCTATAGATGCGAC,7,0.05,0.8,0.15,6
TACCTATAGGCTATCT,1,0.05,0.8,0.15,6
TACCTATCAACACCTA,0,0.05,0.8,0.15,6
TACCTATCAGCCAATT,4,0.05,0.8,0.15,6
TACCTATCATTGGCGC,4,0.05,0.8,0.15,6
TACCTATGTCAAACTC,4,0.05,0.8,0.15,6
TACCTATGTCTAAAGA,1000,0.05,0.8,0.15,6
TACCTATGTTAAAGAC,2,0.05,0.8,0.15,6
TACCTATTCCGAGCCA,1000,0.05,0.8,0.15,6
TACCTATTCCGTTGTC,5,0.05,0.8,0.15,6
TACCTATTCCTGCCAT,4,0.05,0.8,0.15,6
TACCTTAAGCGTGTCC,5,0.05,0.8,0.15,6
TACCTTAAGCTGAAAT,8,0.05,0.8,0.15,6
TACCTTAAGGACCACA,7,0.05,0.8,0.15,6
TACCTTAAGGTCGGAT,5,0.05,0.8,0.15,6
TACCTTAAGTTCGATC,7,0.05,0.8,0.15,6
TACCTTAGTAAGGATT,1,0.05,0.8,0.15,6
TACCTTAGTATCGCAT,6,0.05,0.8,0.15,6
TACCTTAGTCCGTGAC,3,0.05,0.8,0.15,6
TACCTTAGTCGCGAAA,4,0.05,0.8,0.15,6
TACCTTAGTGATGTCT,5,0.05,0.8,0.15,6
TACCTTATCACCGGGT,4,0.05,0.8,0.15,6
TACGGATAGCCAACAG,1,0.05,0.8,0.15,6
TACGGATAGGCTCTTA,6,0.05,0.8,0.15,6
TACGGATCAAGACGTG,7,0.05,0.8,0.15,6
TACGGATCAGGTCCAC,2,0.05,0.8,0.15,6
TACGGATCATTCCTCG,6,0.05,0.8,0.15,6
TACGGATGTATCTGCA,8,0.05,0.8,0.15,6
TACGGATGTTGTCTTT,1000,0.05,0.8,0.15,6
TACGGATTCATCGATG,5,0.05,0.8,0.15,6
TACGGGCAGTACCGGA,3,0.05,0.8,0.15,6
TACGGGCCATCACGAT,8,0.05,0.8,0.15,6
TACGGGCGTATTACCG,2,0.05,0.8,0.15,6
TACGGGCGTCTCTTAT,6,0.05,0.8,0.15,6
TACGGGCTCACTTCAT,1000,0.05,0.8,0.15,6
TACGGGCTCAGCCTAA,7,0.05,0.8,0.15,6
TACGGTAAGGTAAACT,1,0.05,0.8,0.15,6
TACGGTAAGTCGAGTG,2,0.05,0.8,0.15,6
TACGGTACACCATGTA,1000,0.05,0.8,0.15,6
TACGGTACACCGATAT,7,0.05,0.8,0.15,6
TACGGTAGTACCGCTG,2,0.05,0.8,0.15,6
TACTCATAGAGTGAGA,4,0.05,0.8,0.15,6
TACTCATAGCCACGCT,3,0.05,0.8,0.15,6
TACTCATAGCCGCCTA,1000,0.05,0.8,0.15,6
TACTCATCAAATCCGT,1,0.05,0.8,0.15,6
TACTCATCAAGCCATT,8,0.05,0.8,0.15,6
TACTCATCATCCGTGG,1,0.05,0.8,0.15,6
TACTCATGTCAGATAA,8,0.05,0.8,0.15,6
TACTCATGTGACAAAT,4,0.05,0.8,0.15,6
TACTCATTCAGCTGGC,5,0.05,0.8,0.15,6
TACTCATTCTTACCTA,8,0.05,0.8,0.15,6
TACTCGCAGACCCACC,0,0.05,0.8,0.15,6
TACTCGCAGGGTTTCT,2,0.05,0.8,0.15,6
TACTCGCCACCGATAT,5,0.05,0.8,0.15,6
TACTCGCCATACTACG,1,0.05,0.8,0.15,6
TACTCGCCATGAACCT,4,0.05,0.8,0.15,6
TACTCGCGTACAAGTA,1000,0.05,0.8,0.15,6
TACTCGCGTAGGCATG,5,0.05,0.8,0.15,6
TACTCGCGTCGTTGTA,6,0.05,0.8,0.15,6
TACTCGCGTCTCAACA,4,0.05,0.8,0.15,6
TACTCGCTCAGCTCGG,4,0.05,0.8,0.15,6
TACTCGCTCCGTCATC,6,0.05,0.8,0.15,6
TACTCGCTCTGGAGCC,3,0.05,0.8,0.15,6
TACTCGCTCTGGCGAC,6,0.05,0.8,0.15,6
TACTTACAGACTCGGA,5,0.05,0.8,0.15,6
TACTTACAGATCGGGT,8,0.05,0.8,0.15,6
TACTTACCAAGCGATG,7,0.05,0.8,0.15,6
TACTTACCAAGCGTAG,7,0.05,0.8,0.15,6
TACTTACGTCTCATCC,1,0.05,0.8,0.15,6
TACTTACGTGGCTCCA,1,0.05,0.8,0.15,6
TACTTACGTTATCACG,7,0.05,0.8,0.15,6
TACTTACGTTCAGGCC,4,0.05,0.8,0.15,6
TACTTACTCAGAAATG,8,0.05,0.8,0.15,6
TACTTACTCCAAATGC,1,0.05,0.8,0.15,6
TACTTACTCCAACCAA,6,0.05,0.8,0.15,6
TACTTACTCCTCAATT,4,0.05,0.8,0.15,6
TACTTGTAGAAGGCCT,8,0.05,0.8,0.15,6
TACTTGTAGGTAAACT,2,0.05,0.8,0.15,6
TACTTGTAGGTGATAT,3,0.05,0.8,0.15,6
TACTTGTAGTCGTTTG,5,0.05,0.8,0.15,6
TACTTGTGTCACTTCC,7,0.05,0.8,0.15,6
TACTTGTGTGGGTCAA,1000,0.05,0.8,0.15,6
TACTTGTTCTCACATT,7,0.05,0.8,0.15,6
TAGACCAAGACCTTTG,2,0.05,0.8,0.15,6
TAGACCAAGCGTGAAC,4,0.05,0.8,0.15,6
TAGACCAAGCTATGCT,3,0.05,0.8,0.15,6
TAGACCAAGTACATGA,4,0.05,0.8,0.15,6
TAGACCACACCAGCAC,7,0.05,0.8,0.15,6
TAGACCACACCAGGTC,4,0.05,0.8,0.15,6
TAGACCACACTACAGT,1000,0.05,0.8,0.15,6
TAGACCACATCCTAGA,4,0.05,0.8,0.15,6
TAGACCAGTAAAGTCA,2,0.05,0.8,0.15,6
TAGACCAGTCACTTCC,8,0.05,0.8,0.15,6
TAGACCAGTTCCTCCA,1000,0.05,0.8,0.15,6
TAGACCATCAAACCAC,5,0.05,0.8,0.15,6
TAGACCATCACTATTC,3,0.05,0.8,0.15,6
TAGACCATCACTTCAT,1,0.05,0.8,0.15,6
TAGAGCTAGCAATCTC,4,0.05,0.8,0.15,6
TAGAGCTAGCGTGAAC,5,0.05,0.8,0.15,6
TAGAGCTAGTAACCCT,2,0.05,0.8,0.15,6
TAGAGCTAGTGAATTG,1,0.05,0.8,0.15,6
TAGAGCTAGTTAGGTA,1000,0.05,0.8,0.15,6
TAGAGCTCAAACAACA,7,0.05,0.8,0.15,6
TAGAGCTCACGGCGTT,8,0.05,0.8,0.15,6
TAGAGCTCAGGAATCG,3,0.05,0.8,0.15,6
TAGAGCTCAGGTCCAC,6,0.05,0.8,0.15,6
TAGAGCTCATTTGCCC,7,0.05,0.8,0.15,6
TAGAGCTGTCGCGTGT,8,0.05,0.8,0.15,6
TAGAGCTGTGTGAAAT,4,0.05,0.8,0.15,6
TAGCCGGAGAGACTAT,6,0.05,0.8,0.15,6
TAGCCGGAGCACCGCT,4,0.05,0.8,0.15,6
TAGCCGGCAAAGTGCG,7,0.05,0.8,0.15,6
TAGCCGGCAGCTGTGC,5,0.05,0.8,0.15,6
TAGCCGGGTGCCTTGG,7,0.05,0.8,0.15,6
TAGCCGGGTTCCTCCA,4,0.05,0.8,0.15,6
TAGCCGGTCGCATGAT,7,0.05,0.8,0.15,6
TAGGCATAGACTAGGC,8,0.05,0.8,0.15,6
TAGGCATAGAGGTACC,2,0.05,0.8,0.15,6
TAGGCATAGCTTCGCG,3,0.05,0.8,0.15,6
TAGGCATAGGCAAAGA,3,0.05,0.8,0.15,6
TAGGCATAGTAACCCT,2,0.05,0.8,0.15,6
TAGGCATAGTGAATTG,1000,0.05,0.8,0.15,6
TAGGCATCAAGCGCTC,5,0.05,0.8,0.15,6
TAGGCATCAGACAAAT,1000,0.05,0.8,0.15,6
TAGGCATCAGCTGCAC,1,0.05,0.8,0.15,6
TAGGCATCATAGGATA,1,0.05,0.8,0.15,6
TAGGCATGTAAGGGAA,3,0.05,0.8,0.15,6
TAGGCATGTAAGTGTA,6,0.05,0.8,0.15,6
TAGGCATTCATTTGGG,2,0.05,0.8,0.15,6
TAGGCATTCGCATGAT,1000,0.05,0.8,0.15,6
TAGTGGTAGAGGTTAT,5,0.05,0.8,0.15,6
TAGTGGTAGGGCACTA,3,0.05,0.8,0.15,6
TAGTGGTAGTCCCACG,7,0.05,0.8,0.15,6
TAGTGGTCAAGCGTAG,6,0.05,0.8,0.15,6
TAGTGGTCACACCGAC,5,0.05,0.8,0.15,6
TAGTGGTCACAGACAG,1,0.05,0.8,0.15,6
TAGTGGTCACTTCGAA,8,0.05,0.8,0.15,6
TAGTGGTCAGCCTTGG,1000,0.05,0.8,0.15,6
TAGTGGTCAGTCGATT,3,0.05,0.8,0.15,6
TAGTGGTCATTGGTAC,1000,0.05,0.8,0.15,6
TAGTGGTGTCTAACGT,7,0.05,0.8,0.15,6
TAGTGGTGTGACGCCT,6,0.05,0.8,0.15,6
TAGTGGTGTTACTGAC,1000,0.05,0.8,0.15,6
TAGTGGTTCACTTACT,2,0.05,0.8,0.15,6
TAGTGGTTCATCTGCC,1000,0.05,0.8,0.15,6
TAGTGGTTCGGTTAAC,4,0.05,0.8,0.15,6
TAGTGGTTCTACCAGA,2,0.05,0.8,0.15,6
TAGTTGGCAATGTAAG,1000,0.05,0.8,0.15,6
TAGTTGGGTGCCTGCA,6,0.05,0.8,0.15,6
TAGTTGGGTGTAAGTA,3,0.05,0.8,0.15,6
TAGTTGGGTTGTACAC,3,0.05,0.8,0.15,6
TAGTTGGTCAAACAAG,8,0.05,0.8,0.15,6
TATCAGGAGCCATCGC,1,0.05,0.8,0.15,6
TATCAGGAGCTAGGCA,4,0.05,0.8,0.15,6
TATCAGGAGGAGTAGA,3,0.05,0.8,0.15,6
TATCAGGAGGCGACAT,1000,0.05,0.8,0.15,6
TATCAGGAGTAGATGT,7,0.05,0.8,0.15,6
TATCAGGCAATGGTCT,5,0.05,0.8,0.15,6
TATCAGGCACAGGCCT,4,0.05,0.8,0.15,6
TATCAGGCAGCTGTTA,1,0.05,0.8,0.15,6
TATCAGGCATATACCG,5,0.05,0.8,0.15,6
TATCAGGCATGTCGAT,7,0.05,0.8,0.15,6
TATCAGGGTAGCGATG,1,0.05,0.8,0.15,6
TATCAGGGTATCTGCA,7,0.05,0.8,0.15,6
TATCAGGGTCCTCCAT,4,0.05,0.8,0.15,6
TATCAGGGTGTGGCTC,4,0.05,0.8,0.15,6
TATCAGGTCAGCCTAA,3,0.05,0.8,0.15,6
TATCAGGTCCTTTACA,5,0.05,0.8,0.15,6
TATCAGGTCGCCATAA,1,0.05,0.8,0.15,6
TATCAGGTCTTTAGGG,6,0.05,0.8,0.15,6
TATCTCACAGCGTCCA,3,0.05,0.8,0.15,6
TATCTCACAGTCAGCC,2,0.05,0.8,0.15,6
TATCTCACAGTGGAGT,7,0.05,0.8,0.15,6
TATCTCAGTAGATTAG,4,0.05,0.8,0.15,6
TATCTCAGTATATGGA,1,0.05,0.8,0.15,6
TATCTCAGTCCGTTAA,3,0.05,0.8,0.15,6
TATCTCATCATCGATG,6,0.05,0.8,0.15,6
TATCTCATCTAGAGTC,1,0.05,0.8,0.15,6
TATCTCATCTATCCCG,1,0.05,0.8,0.15,6
TATGCCCAGCTGCGAA,2,0.05,0.8,0.15,6
TATGCCCAGGGCTTCC,3,0.05,0.8,0.15,6
TATGCCCAGTACCGGA,7,0.05,0.8,0.15,6
TATGCCCAGTTCGATC,1,0.05,0.8,0.15,6
TATGCCCCAAGACACG,6,0.05,0.8,0.15,6
TATGCCCCATTACGAC,1,0.05,0.8,0.15,6
TATGCCCGTCAACTGT,2,0.05,0.8,0.15,6
TATGCCCGTCCGAACC,8,0.05,0.8,0.15,6
TATGCCCTCACCTCGT,8,0.05,0.8,0.15,6
TATGCCCTCATGCAAC,7,0.05,0.8,0.15,6
TATGCCCTCTTAACCT,2,0.05,0.8,0.15,6
TATTACCAGGGATACC,7,0.05,0.8,0.15,6
TATTACCCAGCGTCCA,7,0.05,0.8,0.15,6
TATTACCCAGGTGGAT,7,0.05,0.8,0.15,6
TATTACCGTCAACTGT,4,0.05,0.8,0.15,6
TATTACCGTTACGTCA,7,0.05,0.8,0.15,6
TATTACCGTTCATGGT,2,0.05,0.8,0.15,6
TATTACCTCACCAGGC,6,0.05,0.8,0.15,6
TATTACCTCCGGCACA,6,0.05,0.8,0.15,6
TCAACGAAGAACTCGG,3,0.05,0.8,0.15,6
TCAACGAAGGTCATCT,1000,0.05,0.8,0.15,6
TCAACGAAGTGTGAAT,7,0.05,0.8,0.15,6
TCAACGAAGTTCCACA,2,0.05,0.8,0.15,6
TCAACGACAACGCACC,1,0.05,0.8,0.15,6
TCAACGACAATAGCGG,3,0.05,0.8,0.15,6
TCAACGACAGTAAGCG,8,0.05,0.8,0.15,6
TCAACGAGTCAGAATA,7,0.05,0.8,0.15,6
TCAACGAGTCTCATCC,5,0.05,0.8,0.15,6
TCAACGAGTGGTGTAG,8,0.05,0.8,0.15,6
TCAACGAGTTTCGCTC,5,0.05,0.8,0.15,6
TCAACGATCACCGGGT,1,0.05,0.8,0.15,6
TCAACGATCGCAAGCC,5,0.05,0.8,0.15,6
TCAACGATCTACTTAC,5,0.05,0.8,0.15,6
TCAATCTCACTAGTAC,7,0.05,0.8,0.15,6
TCAATCTGTTATCCGA,4,0.05,0.8,0.15,6
TCAATCTGTTCAGTAC,1000,0.05,0.8,0.15,6
TCAATCTGTTTGCATG,4,0.05,0.8,0.15,6
TCAATCTTCCCACTTG,3,0.05,0.8,0.15,6
TCAATCTTCGAGAACG,5,0.05,0.8,0.15,6
TCAATCTTCTCGAGTA,7,0.05,0.8,0.15,6
TCAATCTTCTCTTGAT,4,0.05,0.8,0.15,6
TCACAAGAGAAGGGTA,4,0.05,0.8,0.15,6
TCACAAGAGACTTTCG,8,0.05,0.8,0.15,6
TCACAAGAGATGGGTC,1,0.05,0.8,0.15,6
TCACAAGAGGTCGGAT,8,0.05,0.8,0.15,6
TCACAAGCAATCTACG,7,0.05,0.8,0.15,6
TCACAAGCACGGCCAT,1,0.05,0.8,0.15,6
TCACAAGCACGGCGTT,1,0.05,0.8,0.15,6
TCACAAGCATGGAATA,1,0.05,0.8,0.15,6
TCACAAGCATGTCTCC,1000,0.05,0.8,0.15,6
TCACAAGGTACAGTGG,3,0.05,0.8,0.15,6
TCACAAGGTCTTCGTC,1,0.05,0.8,0.15,6
TCACAAGTCATTGCGA,1000,0.05,0.8,0.15,6
TCACAAGTCCGCATCT,1,0.05,0.8,0.15,6
TCACGAAAGAGATGAG,1,0.05,0.8,0.15,6
TCACGAAAGCCACTAT,4,0.05,0.8,0.15,6
TCACGAACAAAGGAAG,1,0.05,0.8,0.15,6
TCACGAACATTCCTGC,5,0.05,0.8,0.15,6
TCACGAATCACCTTAT,5,0.05,0.8,0.15,6
TCACGAATCCAAACTG,7,0.05,0.8,0.15,6
TCAGATGAGTCAAGGC,3,0.05,0.8,0.15,6
TCAGATGCAAATCCGT,8,0.05,0.8,0.15,6
TCAGATGCAAGCCGTC,8,0.05,0.8,0.15,6
TCAGATGCAATGCCAT,2,0.05,0.8,0.15,6
TCAGATGCACTAAGTC,5,0.05,0.8,0.15,6
TCAGATGCAGACTCGC,7,0.05,0.8,0.15,6
TCAGATGCAGATCTGT,0,0.05,0.8,0.15,6
TCAGATGGTTCATGGT,1000,0.05,0.8,0.15,6
TCAGATGTCGGTCTAA,5,0.05,0.8,0.15,6
TCAGATGTCGTAGATC,1,0.05,0.8,0.15,6
TCAGATGTCTGGGCCA,2,0.05,0.8,0.15,6
TCAGATGTCTGTCTAT,5,0.05,0.8,0.15,6
TCAGATGTCTGTCTCG,7,0.05,0.8,0.15,6
TCAGCAAAGAACAACT,1,0.05,0.8,0.15,6
TCAGCAAAGCCTATGT,6,0.05,0.8,0.15,6
TCAGCAAAGGAACTGC,8,0.05,0.8,0.15,6
TCAGCAAAGGTGGGTT,1,0.05,0.8,0.15,6
TCAGCAAAGTTCGCGC,4,0.05,0.8,0.15,6
TCAGCAACATCGGAAG,3,0.05,0.8,0.15,6
TCAGCAAGTTACGACT,5,0.05,0.8,0.15,6
TCAGCAATCGGACAAG,4,0.05,0.8,0.15,6
TCAGCAATCTCAAGTG,7,0.05,0.8,0.15,6
TCAGCAATCTGAAAGA,4,0.05,0.8,0.15,6
TCAGCAATCTGTCAAG,1,0.05,0.8,0.15,6
TCAGCTCAGACCTAGG,8,0.05,0.8,0.15,6
TCAGCTCAGACGCAAC,4,0.05,0.8,0.15,6
TCAGCTCAGCGACGTA,3,0.05,0.8,0.15,6
TCAGCTCAGTACCGGA,8,0.05,0.8,0.15,6
TCAGCTCCACATCTTT,4,0.05,0.8,0.15,6
TCAGCTCGTAAGTTCC,4,0.05,0.8,0.15,6
TCAGCTCGTAGCTTGT,5,0.05,0.8,0.15,6
TCAGCTCGTCTGCGGT,7,0.05,0.8,0.15,6
TCAGCTCTCTGCTGCT,1000,0.05,0.8,0.15,6
TCAGCTCTCTTCCTTC,4,0.05,0.8,0.15,6
TCAGGATAGCACACAG,8,0.05,0.8,0.15,6
TCAGGATAGTCCAGGA,6,0.05,0.8,0.15,6
TCAGGATAGTGCAAGC,8,0.05,0.8,0.15,6
TCAGGATCAGTTCCCT,6,0.05,0.8,0.15,6
TCAGGATGTATTCGTG,1000,0.05,0.8,0.15,6
TCAGGATGTGTTAAGA,3,0.05,0.8,0.15,6
TCAGGATGTTAGAACA,8,0.05,0.8,0.15,6
TCAGGATGTTGGGACA,1,0.05,0.8,0.15,6
TCAGGATGTTTCCACC,2,0.05,0.8,0.15,6
TCAGGATTCACAGGCC,8,0.05,0.8,0.15,6
TCAGGATTCTTGAGAC,3,0.05,0.8,0.15,6
TCAGGTAAGACTGGGT,3,0.05,0.8,0.15,6
TCAGGTAAGATATACG,6,0.05,0.8,0.15,6
TCAGGTAAGCCACGTC,8,0.05,0.8,0.15,6
TCAGGTAAGCCCGAAA,6,0.05,0.8,0.15,6
TCAGGTATCTTGCATT,3,0.05,0.8,0.15,6
TCATTACAGCTACCTA,5,0.05,0.8,0.15,6
TCATTACAGGATCGCA,4,0.05,0.8,0.15,6
TCATTACCATAGACTC,1,0.05,0.8,0.15,6
TCATTACGTTCGGCAC,2,0.05,0.8,0.15,6
TCATTACTCATGTCCC,1,0.05,0.8,0.15,6
TCATTACTCGCCTGAG,1,0.05,0.8,0.15,6
TCATTACTCTACTATC,0,0.05,0.8,0.15,6
TCATTACTCTTAACCT,2,0.05,0.8,0.15,6
TCATTACTCTTAGCCC,5,0.05,0.8,0.15,6
TCATTTGAGTGTGAAT,8,0.05,0.8,0.15,6
TCATTTGCAAAGCGGT,4,0.05,0.8,0.15,6
TCATTTGCAAATTGCC,8,0.05,0.8,0.15,6
TCATTTGCACAACTGT,8,0.05,0.8,0.15,6
TCATTTGCAGGAATGC,7,0.05,0.8,0.15,6
TCATTTGCAGTCCTTC,5,0.05,0.8,0.15,6
TCATTTGGTCTGCAAT,1000,0.05,0.8,0.15,6
TCCACACAGATAGGAG,1000,0.05,0.8,0.15,6
TCCACACAGCGATAGC,8,0.05,0.8,0.15,6
TCCACACCAACGATCT,2,0.05,0.8,0.15,6
TCCACACCAATTGCTG,3,0.05,0.8,0.15,6
TCCACACCACACAGAG,1000,0.05,0.8,0.15,6
TCCACACCAGGCGATA,1000,0.05,0.8,0.15,6
TCCACACCATGTAGTC,8,0.05,0.8,0.15,6
TCCACACGTAAAGGAG,1000,0.05,0.8,0.15,6
TCCACACGTGAAATCA,1,0.05,0.8,0.15,6
TCCACACGTTATCACG,2,0.05,0.8,0.15,6
TCCACACGTTTGCATG,4,0.05,0.8,0.15,6
TCCACACTCACCATAG,6,0.05,0.8,0.15,6
TCCCGATAGGAGTTGC,6,0.05,0.8,0.15,6
TCCCGATAGGAGTTTA,1,0.05,0.8,0.15,6
TCCCGATAGTCGCCGT,4,0.05,0.8,0.15,6
TCCCGATAGTCGTACT,8,0.05,0.8,0.15,6
TCCCGATCACGGACAA,4,0.05,0.8,0.15,6
TCCCGATCAGGCTCAC,4,0.05,0.8,0.15,6
TCCCGATGTCCAAGTT,1,0.05,0.8,0.15,6
TCCCGATGTCCTCTTG,5,0.05,0.8,0.15,6
TCCCGATGTTGTTTGG,3,0.05,0.8,0.15,6
TCCCGATTCCACGACG,6,0.05,0.8,0.15,6
TCCCGATTCGTTTGCC,8,0.05,0.8,0.15,6
TCGAGGCAGCACCGCT,1,0.05,0.8,0.15,6
TCGAGGCAGGCGTACA,6,0.05,0.8,0.15,6
TCGAGGCAGGTGCAAC,1,0.05,0.8,0.15,6
TCGAGGCAGTGTTTGC,5,0.05,0.8,0.15,6
TCGAGGCCAAGCGAGT,1,0.05,0.8,0.15,6
TCGAGGCCAATCTACG,3,0.05,0.8,0.15,6
TCGAGGCCAGGGTTAG,3,0.05,0.8,0.15,6
TCGAGGCGTCGAGATG,3,0.05,0.8,0.15,6
TCGAGGCGTCGCGTGT,4,0.05,0.8,0.15,6
TCGAGGCTCACTTCAT,1000,0.05,0.8,0.15,6
TCGAGGCTCCGTCATC,5,0.05,0.8,0.15,6
TCGAGGCTCGAGCCCA,7,0.05,0.8,0.15,6
TCGAGGCTCTTCATGT,7,0.05,0.8,0.15,6
TCGCGAGAGCACCGCT,3,0.05,0.8,0.15,6
TCGCGAGAGCAGCCTC,8,0.05,0.8,0.15,6
TCGCGAGAGCGTTGCC,6,0.05,0.8,0.15,6
TCGCGAGCAGTATCTG,1,0.05,0.8,0.15,6
TCGCGAGGTCGAATCT,1,0.05,0.8,0.15,6
TCGCGAGTCTGTACGA,3,0.05,0.8,0.15,6
TCGCGTTAGCCGTCGT,7,0.05,0.8,0.15,6
TCGCGTTAGCTGTTCA,1000,0.05,0.8,0.15,6
TCGCGTTAGGAGTTGC,7,0.05,0.8,0.15,6
TCGCGTTCAAAGGAAG,4,0.05,0.8,0.15,6
TCGCGTTCAATGACCT,2,0.05,0.8,0.15,6
TCGCGTTCACAGCCCA,1000,0.05,0.8,0.15,6
TCGCGTTCATAGTAAG,3,0.05,0.8,0.15,6
TCGCGTTGTAGCAAAT,5,0.05,0.8,0.15,6
TCGCGTTGTAGCTTGT,2,0.05,0.8,0.15,6
TCGCGTTGTGTGTGCC,8,0.05,0.8,0.15,6
TCGCGTTTCCCTTGTG,4,0.05,0.8,0.15,6
TCGGGACAGGAGTACC,4,0.05,0.8,0.15,6
TCGGGACAGTCAAGCG,7,0.05,0.8,0.15,6
TCGGGACCACACATGT,2,0.05,0.8,0.15,6
TCGGGACCAGCCAATT,1000,0.05,0.8,0.15,6
TCGGGACGTAAGTGTA,4,0.05,0.8,0.15,6
TCGGGACGTCCAAGTT,8,0.05,0.8,0.15,6
TCGGGACGTCCGAACC,7,0.05,0.8,0.15,6
TCGGGACGTCGAAAGC,7,0.05,0.8,0.15,6
TCGGGACTCATCATTC,1000,0.05,0.8,0.15,6
TCGGGACTCCATGAGT,2,0.05,0.8,0.15,6
TCGGGACTCTAACTTC,0,0.05,0.8,0.15,6
TCGGGACTCTCGTTTA,6,0.05,0.8,0.15,6
TCGGGACTCTGTTTGT,3,0.05,0.8,0.15,6
TCGGTAAAGATCCCAT,5,0.05,0.8,0.15,6
TCGGTAAAGTCTCGGC,4,0.05,0.8,0.15,6
TCGGTAACACGTAAGG,6,0.05,0.8,0.15,6
TCGGTAACATACTCTT,4,0.05,0.8,0.15,6
TCGGTAACATGAGCGA,6,0.05,0.8,0.15,6
TCGGTAACATGGTCTA,1,0.05,0.8,0.15,6
TCGGTAACATTTCACT,1,0.05,0.8,0.15,6
TCGGTAAGTCGCTTCT,3,0.05,0.8,0.15,6
TCGGTAAGTGTAACGG,1,0.05,0.8,0.15,6
TCGGTAATCACGACTA,3,0.05,0.8,0.15,6
TCGGTAATCCCGGATG,2,0.05,0.8,0.15,6
TCGGTAATCCGAGCCA,1,0.05,0.8,0.15,6
TCGGTAATCGGCGCTA,1,0.05,0.8,0.15,6
TCGGTAATCGTCTGAA,3,0.05,0.8,0.15,6
TCGGTAATCTAGAGTC,2,0.05,0.8,0.15,6
TCGTACCAGATAGGAG,8,0.05,0.8,0.15,6
TCGTACCAGTAATCCC,3,0.05,0.8,0.15,6
TCGTACCCATTACCTT,3,0.05,0.8,0.15,6
TCGTACCGTAGAGGAA,4,0.05,0.8,0.15,6
TCGTACCGTATAGTAG,7,0.05,0.8,0.15,6
TCGTACCGTGTGAATA,1,0.05,0.8,0.15,6
TCGTACCGTTCTGTTT,7,0.05,0.8,0.15,6
TCGTACCTCAATACCG,4,0.05,0.8,0.15,6
TCGTACCTCAATCACG,5,0.05,0.8,0.15,6
TCGTACCTCAGCATGT,3,0.05,0.8,0.15,6
TCGTACCTCGCCTGAG,8,0.05,0.8,0.15,6
TCGTACCTCGGTGTTA,8,0.05,0.8,0.15,6
TCGTACCTCGTTACGA,1000,0.05,0.8,0.15,6
TCGTAGAAGCTACCTA,7,0.05,0.8,0.15,6
TCGTAGAAGGCTAGGT,3,0.05,0.8,0.15,6
TCGTAGAAGTCAATAG,1,0.05,0.8,0.15,6
TCGTAGAAGTGAACGC,2,0.05,0.8,0.15,6
TCGTAGAAGTGACATA,5,0.05,0.8,0.15,6
TCGTAGACAAGGACTG,4,0.05,0.8,0.15,6
TCGTAGACACAAGACG,8,0.05,0.8,0.15,6
TCGTAGACAGACGCAA,8,0.05,0.8,0.15,6
TCGTAGACAGTTTACG,7,0.05,0.8,0.15,6
TCGTAGACATGGAATA,8,0.05,0.8,0.15,6
TCGTAGAGTACCATCA,4,0.05,0.8,0.15,6
TCGTAGATCAGGCGAA,7,0.05,0.8,0.15,6
TCGTAGATCCATGAAC,4,0.05,0.8,0.15,6
TCGTAGATCCCAGGTG,1,0.05,0.8,0.15,6
TCGTAGATCTAACTGG,3,0.05,0.8,0.15,6
TCGTAGATCTATGTGG,1,0.05,0.8,0.15,6
TCGTAGATCTTGTCAT,3,0.05,0.8,0.15,6
TCTATTGAGAAGGTGA,3,0.05,0.8,0.15,6
TCTATTGAGAGTACCG,5,0.05,0.8,0.15,6
TCTATTGAGCAAATCA,7,0.05,0.8,0.15,6
TCTATTGAGGCGACAT,8,0.05,0.8,0.15,6
TCTATTGAGTCAAGCG,2,0.05,0.8,0.15,6
TCTATTGCAACGATGG,5,0.05,0.8,0.15,6
TCTATTGCACCAGATT,1000,0.05,0.8,0.15,6
TCTATTGCACTATCTT,4,0.05,0.8,0.15,6
TCTATTGGTACACCGC,4,0.05,0.8,0.15,6
TCTATTGGTCCTCTTG,5,0.05,0.8,0.15,6
TCTATTGGTCGAGATG,1,0.05,0.8,0.15,6
TCTATTGTCAAACAAG,3,0.05,0.8,0.15,6
TCTATTGTCAGAGGTG,5,0.05,0.8,0.15,6
TCTATTGTCGAACTGT,1000,0.05,0.8,0.15,6
TCTATTGTCTGGCGAC,2,0.05,0.8,0.15,6
TCTCATAAGAACTGTA,5,0.05,0.8,0.15,6
TCTCATAAGAAGGTTT,8,0.05,0.8,0.15,6
TCTCATAAGACCTAGG,3,0.05,0.8,0.15,6
TCTCATAAGCTGCGAA,8,0.05,0.8,0.15,6
TCTCATAAGTGCGATG,1,0.05,0.8,0.15,6
TCTCATAGTGCCTGTG,7,0.05,0.8,0.15,6
TCTCATAGTTCAGGCC,5,0.05,0.8,0.15,6
TCTCATATCCGGCACA,2,0.05,0.8,0.15,6
TCTCTAAAGATACACA,6,0.05,0.8,0.15,6
TCTCTAAGTTGCTCCT,3,0.05,0.8,0.15,6
TCTGAGAAGCTAACTC,7,0.05,0.8,0.15,6
TCTGAGAAGGATGGTC,7,0.05,0.8,0.15,6
TCTGAGAAGGGCTTCC,1,0.05,0.8,0.15,6
TCTGAGAAGTGTTTGC,1,0.05,0.8,0.15,6
TCTGAGACAGTAAGAT,1000,0.05,0.8,0.15,6
TCTGAGACAGTATCTG,5,0.05,0.8,0.15,6
TCTGAGAGTGCAACGA,4,0.05,0.8,0.15,6
TCTGAGATCCTCCTAG,3,0.05,0.8,0.15,6
TCTGAGATCGGTTAAC,3,0.05,0.8,0.15,6
TCTGAGATCTACTCAT,3,0.05,0.8,0.15,6
TCTGAGATCTTCGGTC,5,0.05,0.8,0.15,6
TCTGGAAAGACTACAA,8,0.05,0.8,0.15,6
TCTGGAAAGAGACTAT,1,0.05,0.8,0.15,6
TCTGGAAAGTGAAGAG,8,0.05,0.8,0.15,6
TCTGGAAAGTGAAGTT,7,0.05,0.8,0.15,6
TCTGGAACACAACGCC,4,0.05,0.8,0.15,6
TCTGGAACAGTACACT,7,0.05,0.8,0.15,6
TCTGGAAGTAGCGTCC,5,0.05,0.8,0.15,6
TCTGGAAGTCCCTTGT,3,0.05,0.8,0.15,6
TCTGGAAGTGACGCCT,1,0.05,0.8,0.15,6
TCTGGAAGTGGTTTCA,5,0.05,0.8,0.15,6
TCTGGAATCCTGCAGG,1,0.05,0.8,0.15,6
TCTTCGGAGACGCAAC,2,0.05,0.8,0.15,6
TCTTCGGAGAGACGAA,4,0.05,0.8,0.15,6
TCTTCGGAGATCACGG,1,0.05,0.8,0.15,6
TCTTCGGAGCCAGTTT,2,0.05,0.8,0.15,6
TCTTCGGAGCGATAGC,6,0.05,0.8,0.15,6
TCTTCGGAGTCCAGGA,5,0.05,0.8,0.15,6
TCTTCGGAGTCCATAC,2,0.05,0.8,0.15,6
TCTTCGGCAACAACCT,6,0.05,0.8,0.15,6
TCTTCGGCAATCACAC,1000,0.05,0.8,0.15,6
TCTTCGGCAGGTCGTC,1000,0.05,0.8,0.15,6
TCTTCGGCATGCCCGA,4,0.05,0.8,0.15,6
TCTTCGGGTCAAAGCG,8,0.05,0.8,0.15,6
TCTTCGGGTCGAAAGC,6,0.05,0.8,0.15,6
TCTTCGGGTCTAGTGT,2,0.05,0.8,0.15,6
TCTTCGGGTGCCTTGG,1000,0.05,0.8,0.15,6
TCTTCGGGTTCGAATC,7,0.05,0.8,0.15,6
TCTTCGGTCCAATGGT,6,0.05,0.8,0.15,6
TCTTCGGTCCCTCAGT,1,0.05,0.8,0.15,6
TCTTTCCCACTGTTAG,5,0.05,0.8,0.15,6
TCTTTCCCAGATCGGA,8,0.05,0.8,0.15,6
TCTTTCCGTGATAAAC,1,0.05,0.8,0.15,6
TCTTTCCTCAAACCGT,6,0.05,0.8,0.15,6
TCTTTCCTCACCTTAT,7,0.05,0.8,0.15,6
TCTTTCCTCAGAGACG,8,0.05,0.8,0.15,6
TCTTTCCTCCGTCATC,2,0.05,0.8,0.15,6
TCTTTCCTCTCGTTTA,3,0.05,0.8,0.15,6
TCTTTCCTCTCTTGAT,8,0.05,0.8,0.15,6
TCTTTCCTCTTCGGTC,8,0.05,0.8,0.15,6
TCTTTCCTCTTTAGGG,4,0.05,0.8,0.15,6
TGAAAGAAGCATGGCA,8,0.05,0.8,0.15,6
TGAAAGAAGCTCAACT,1000,0.05,0.8,0.15,6
TGAAAGAAGTAGCGGT,3,0.05,0.8,0.15,6
TGAAAGAAGTGGTAGC,1,0.05,0.8,0.15,6
TGAAAGACATGTTGAC,2,0.05,0.8,0.15,6
TGAAAGAGTGCAACTT,1,0.05,0.8,0.15,6
TGAAAGAGTTCGTGAT,8,0.05,0.8,0.15,6
TGAAAGATCATAAAGG,1,0.05,0.8,0.15,6
TGAAAGATCCCAAGAT,5,0.05,0.8,0.15,6
TGAAAGATCGGTCTAA,1,0.05,0.8,0.15,6
TGACAACAGAGGTAGA,6,0.05,0.8,0.15,6
TGACAACAGCTAGTCT,4,0.05,0.8,0.15,6
TGACAACAGGGTGTTG,4,0.05,0.8,0.15,6
TGACAACAGTGCGATG,3,0.05,0.8,0.15,6
TGACAACAGTTACCCA,8,0.05,0.8,0.15,6
TGACAACCACTCAGGC,3,0.05,0.8,0.15,6
TGACAACCATCGATGT,7,0.05,0.8,0.15,6
TGACAACGTGCGGTAA,7,0.05,0.8,0.15,6
TGACAACGTTCGTGAT,6,0.05,0.8,0.15,6
TGACGGCAGTGCAAGC,8,0.05,0.8,0.15,6
TGACGGCAGTGTACTC,8,0.05,0.8,0.15,6
TGACGGCGTCACACGC,8,0.05,0.8,0.15,6
TGACGGCGTCAGCTAT,8,0.05,0.8,0.15,6
TGACGGCGTCCGTTAA,4,0.05,0.8,0.15,6
TGACGGCGTGGCTCCA,5,0.05,0.8,0.15,6
TGACGGCGTTATTCTC,7,0.05,0.8,0.15,6
TGACGGCGTTTGACAC,6,0.05,0.8,0.15,6
TGACGGCTCGCCGTGA,5,0.05,0.8,0.15,6
TGACGGCTCTCCAGGG,2,0.05,0.8,0.15,6
TGACGGCTCTCGTTTA,3,0.05,0.8,0.15,6
TGACGGCTCTTGACGA,3,0.05,0.8,0.15,6
TGACGGCTCTTTAGTC,3,0.05,0.8,0.15,6
TGACTAGAGCACGCCT,4,0.05,0.8,0.15,6
TGACTAGCAAGCGATG,3,0.05,0.8,0.15,6
TGACTAGCAAGTCTGT,3,0.05,0.8,0.15,6
TGACTAGCACCTTGTC,1,0.05,0.8,0.15,6
TGACTAGGTGCGATAG,8,0.05,0.8,0.15,6
TGACTAGTCCCTTGCA,2,0.05,0.8,0.15,6
TGACTAGTCGTAGGAG,7,0.05,0.8,0.15,6
TGACTAGTCTGACCTC,8,0.05,0.8,0.15,6
TGACTAGTCTTGTACT,7,0.05,0.8,0.15,6
TGACTTTAGGTGTGGT,4,0.05,0.8,0.15,6
TGACTTTAGTTGTCGT,8,0.05,0.8,0.15,6
TGACTTTCAAACCTAC,1000,0.05,0.8,0.15,6
TGACTTTCATACTACG,8,0.05,0.8,0.15,6
TGACTTTCATAGACTC,3,0.05,0.8,0.15,6
TGACTTTCATTATCTC,7,0.05,0.8,0.15,6
TGACTTTGTCGACTAT,2,0.05,0.8,0.15,6
TGACTTTGTCTCTCTG,1,0.05,0.8,0.15,6
TGACTTTGTGAGGCTA,8,0.05,0.8,0.15,6
TGACTTTGTGCGGTAA,2,0.05,0.8,0.15,6
TGACTTTTCACCACCT,2,0.05,0.8,0.15,6
TGACTTTTCATCTGCC,4,0.05,0.8,0.15,6
TGACTTTTCATTCACT,1,0.05,0.8,0.15,6
TGAGAGGAGATATGCA,4,0.05,0.8,0.15,6
TGAGAGGAGCCGATTT,1000,0.05,0.8,0.15,6
TGAGAGGAGGTCGGAT,1,0.05,0.8,0.15,6
TGAGAGGAGTAGCGGT,5,0.05,0.8,0.15,6
TGAGAGGAGTCTTGCA,4,0.05,0.8,0.15,6
TGAGAGGCACGTTGGC,7,0.05,0.8,0.15,6
TGAGAGGCAGGTCCAC,2,0.05,0.8,0.15,6
TGAGAGGGTAGGCATG,5,0.05,0.8,0.15,6
TGAGAGGGTCTCCACT,2,0.05,0.8,0.15,6
TGAGAGGGTTCGTGAT,4,0.05,0.8,0.15,6
TGAGAGGTCAGGTTCA,1000,0.05,0.8,0.15,6
TGAGAGGTCCACGTTC,5,0.05,0.8,0.15,6
TGAGAGGTCTGTTGAG,8,0.05,0.8,0.15,6
TGAGCATAGAAGATTC,6,0.05,0.8,0.15,6
TGAGCATCAATTCCTT,2,0.05,0.8,0.15,6
TGAGCATCAGCATGAG,8,0.05,0.8,0.15,6
TGAGCATCATCCTTGC,3,0.05,0.8,0.15,6
TGAGCATGTGAACCTT,5,0.05,0.8,0.15,6
TGAGCATGTGCAACTT,1,0.05,0.8,0.15,6
TGAGCATTCACGAAGG,4,0.05,0.8,0.15,6
TGAGCCGCAATACGCT,8,0.05,0.8,0.15,6
TGAGCCGCAGTGGGAT,1,0.05,0.8,0.15,6
TGAGCCGCATAGTAAG,7,0.05,0.8,0.15,6
TGAGCCGGTACCAGTT,1,0.05,0.8,0.15,6
TGAGCCGGTCCGTCAG,1,0.05,0.8,0.15,6
TGAGCCGGTCTTTCAT,3,0.05,0.8,0.15,6
TGAGCCGGTTCCCGAG,8,0.05,0.8,0.15,6
TGAGCCGTCAATAAGG,5,0.05,0.8,0.15,6
TGAGCCGTCGCGCCAA,2,0.05,0.8,0.15,6
TGAGGGAAGAGATGAG,1,0.05,0.8,0.15,6
TGAGGGAAGTACGATA,7,0.05,0.8,0.15,6
TGAGGGAAGTGTACCT,1000,0.05,0.8,0.15,6
TGAGGGACAAGTAGTA,8,0.05,0.8,0.15,6
TGAGGGACAGCCACCA,3,0.05,0.8,0.15,6
TGAGGGACATCAGTCA,3,0.05,0.8,0.15,6
TGAGGGAGTACCGTTA,3,0.05,0.8,0.15,6
TGAGGGAGTGCATCTA,1,0.05,0.8,0.15,6
TGAGGGAGTTCGGGCT,3,0.05,0.8,0.15,6
TGAGGGAGTTTGGCGC,1,0.05,0.8,0.15,6
TGAGGGATCACTGGGC,3,0.05,0.8,0.15,6
TGAGGGATCGCAGGCT,3,0.05,0.8,0.15,6
TGATTTCAGAGACTTA,2,0.05,0.8,0.15,6
TGATTTCAGCCAGTAG,8,0.05,0.8,0.15,6
TGATTTCAGCCCAGCT,5,0.05,0.8,0.15,6
TGATTTCAGCGTAGTG,4,0.05,0.8,0.15,6
TGATTTCAGGGCACTA,1000,0.05,0.8,0.15,6
TGATTTCAGTGTACTC,6,0.05,0.8,0.15,6
TGATTTCCAAACCTAC,6,0.05,0.8,0.15,6
TGATTTCCAGCTTCGG,2,0.05,0.8,0.15,6
TGATTTCCATCGGTTA,1000,0.05,0.8,0.15,6
TGATTTCGTAACGACG,4,0.05,0.8,0.15,6
TGATTTCGTCCGTTAA,5,0.05,0.8,0.15,6
TGATTTCGTGACAAAT,3,0.05,0.8,0.15,6
TGATTTCGTGATAAGT,3,0.05,0.8,0.15,6
TGATTTCGTGGCCCTA,1,0.05,0.8,0.15,6
TGATTTCTCAACGGGA,3,0.05,0.8,0.15,6
TGATTTCTCATGTCCC,8,0.05,0.8,0.15,6
TGATTTCTCGTGTAGT,2,0.05,0.8,0.15,6
TGCACCTAGAAAGTGG,5,0.05,0.8,0.15,6
TGCACCTAGATCCGAG,5,0.05,0.8,0.15,6
TGCACCTCACAGGTTT,3,0.05,0.8,0.15,6
TGCACCTCACCTGGTG,1000,0.05,0.8,0.15,6
TGCACCTGTCAACTGT,6,0.05,0.8,0.15,6
TGCACCTGTGCAACGA,6,0.05,0.8,0.15,6
TGCACCTGTTCCCTTG,2,0.05,0.8,0.15,6
TGCACCTGTTCGTGAT,0,0.05,0.8,0.15,6
TGCACCTGTTGATTCG,8,0.05,0.8,0.15,6
TGCACCTTCAGGATCT,1,0.05,0.8,0.15,6
TGCACCTTCTTACCTA,1,0.05,0.8,0.15,6
TGCCAAAGTAGCTAAA,2,0.05,0.8,0.15,6
TGCCAAATCTCTTGAT,1,0.05,0.8,0.15,6
TGCCAAATCTTAGAGC,1,0.05,0.8,0.15,6
TGCCCATAGGCGTACA,0,0.05,0.8,0.15,6
TGCCCATCACATCCGG,1,0.05,0.8,0.15,6
TGCCCATCACATCTTT,4,0.05,0.8,0.15,6
TGCCCATCACCAGGCT,4,0.05,0.8,0.15,6
TGCCCATCAGCCTTGG,6,0.05,0.8,0.15,6
TGCCCATGTAATAGCA,5,0.05,0.8,0.15,6
TGCCCATGTCAGAATA,1,0.05,0.8,0.15,6
TGCCCATGTTGCCTCT,6,0.05,0.8,0.15,6
TGCCCATTCCACTGGG,1000,0.05,0.8,0.15,6
TGCCCATTCGCAGGCT,5,0.05,0.8,0.15,6
TGCCCATTCTCTTGAT,1,0.05,0.8,0.15,6
TGCCCATTCTTTAGGG,3,0.05,0.8,0.15,6
TGCCCTAAGTTAACGA,4,0.05,0.8,0.15,6
TGCCCTACAGCGTCCA,1,0.05,0.8,0.15,6
TGCCCTACATCGATGT,3,0.05,0.8,0.15,6
TGCCCTACATCTCGCT,1,0.05,0.8,0.15,6
TGCCCTACATGGGACA,7,0.05,0.8,0.15,6
TGCCCTATCACAACGT,7,0.05,0.8,0.15,6
TGCCCTATCAGGTAAA,4,0.05,0.8,0.15,6
TGCGCAGAGCAGCCTC,4,0.05,0.8,0.15,6
TGCGCAGAGGCAAAGA,7,0.05,0.8,0.15,6
TGCGCAGAGTGGAGAA,1,0.05,0.8,0.15,6
TGCGCAGCACATTCGA,8,0.05,0.8,0.15,6
TGCGCAGCAGCCTTTC,1000,0.05,0.8,0.15,6
TGCGGGTAGAGGGATA,6,0.05,0.8,0.15,6
TGCGGGTAGATCCCGC,7,0.05,0.8,0.15,6
TGCGGGTCAAGGCTCC,6,0.05,0.8,0.15,6
TGCGGGTCAGCTGCAC,7,0.05,0.8,0.15,6
TGCGGGTGTACGACCC,6,0.05,0.8,0.15,6
TGCGGGTGTTTAGCTG,4,0.05,0.8,0.15,6
TGCGGGTTCTGACCTC,5,0.05,0.8,0.15,6
TGCGTGGAGACTGTAA,1,0.05,0.8,0.15,6
TGCGTGGAGGATTCGG,3,0.05,0.8,0.15,6
TGCGTGGAGGCGATAC,2,0.05,0.8,0.15,6
TGCGTGGAGGCTAGGT,8,0.05,0.8,0.15,6
TGCGTGGCACAGCGTC,8,0.05,0.8,0.15,6
TGCGTGGCACCATGTA,2,0.05,0.8,0.15,6
TGCGTGGCATTGGCGC,4,0.05,0.8,0.15,6
TGCGTGGGTCCTCCAT,2,0.05,0.8,0.15,6
TGCGTGGGTCTGGTCG,0,0.05,0.8,0.15,6
TGCGTGGGTGTGGCTC,8,0.05,0.8,0.15,6
TGCGTGGTCAGGCCCA,8,0.05,0.8,0.15,6
TGCTACCAGCTATGCT,5,0.05,0.8,0.15,6
TGCTACCCAAGCCATT,2,0.05,0.8,0.15,6
TGCTACCCACAAGTAA,0,0.05,0.8,0.15,6
TGCTACCCACAGACTT,4,0.05,0.8,0.15,6
TGCTACCCATCCGCGA,3,0.05,0.8,0.15,6
TGCTACCGTACAGCAG,4,0.05,0.8,0.15,6
TGCTACCGTAGAAGGA,5,0.05,0.8,0.15,6
TGCTACCGTGGCAAAC,5,0.05,0.8,0.15,6
TGCTACCGTGGTCCGT,1000,0.05,0.8,0.15,6
TGCTACCGTTGGAGGT,1,0.05,0.8,0.15,6
TGCTACCTCCGCGCAA,4,0.05,0.8,0.15,6
TGCTACCTCCTAGAAC,2,0.05,0.8,0.15,6
TGCTGCTAGCAGATCG,8,0.05,0.8,0.15,6
TGCTGCTAGCTGCCCA,8,0.05,0.8,0.15,6
TGCTGCTAGGATCGCA,8,0.05,0.8,0.15,6
TGCTGCTAGGGCACTA,7,0.05,0.8,0.15,6
TGCTGCTAGTATTGGA,3,0.05,0.8,0.15,6
TGCTGCTAGTGTCCCG,3,0.05,0.8,0.15,6
TGCTGCTCACGTCAGC,1,0.05,0.8,0.15,6
TGCTGCTGTATGCTTG,5,0.05,0.8,0.15,6
TGCTGCTGTCCGCTGA,4,0.05,0.8,0.15,6
TGCTGCTGTCTGCAAT,4,0.05,0.8,0.15,6
TGGACGCAGAAGGTTT,8,0.05,0.8,0.15,6
TGGACGCAGCTAAGAT,3,0.05,0.8,0.15,6
TGGACGCAGCTCTCGG,1,0.05,0.8,0.15,6
TGGACGCAGTTGCAGG,1000,0.05,0.8,0.15,6
TGGACGCCAGACGCCT,0,0.05,0.8,0.15,6
TGGACGCGTATGAATG,1000,0.05,0.8,0.15,6
TGGACGCGTTGGTAAA,1,0.05,0.8,0.15,6
TGGACGCTCCAAACTG,6,0.05,0.8,0.15,6
TGGACGCTCCAGTATG,6,0.05,0.8,0.15,6
TGGCCAGAGACCGGAT,1,0.05,0.8,0.15,6
TGGCCAGAGCAGGCTA,6,0.05,0.8,0.15,6
TGGCCAGAGGCCCTTG,1000,0.05,0.8,0.15,6
TGGCCAGAGTGAACAT,1,0.05,0.8,0.15,6
TGGCCAGCAAGACACG,4,0.05,0.8,0.15,6
TGGCCAGCATCGTCGG,6,0.05,0.8,0.15,6
TGGCCAGGTCGAGTTT,7,0.05,0.8,0.15,6
TGGCCAGGTGTGGTTT,0,0.05,0.8,0.15,6
TGGCCAGTCACAACGT,1,0.05,0.8,0.15,6
TGGCGCAAGCGCTTAT,8,0.05,0.8,0.15,6
TGGCGCAAGTACGTTC,7,0.05,0.8,0.15,6
TGGCGCACAACAACCT,1,0.05,0.8,0.15,6
TGGCGCACAAGGGTCA,1,0.05,0.8,0.15,6
TGGCGCACACCAGCAC,7,0.05,0.8,0.15,6
TGGCGCACACTAGTAC,8,0.05,0.8,0.15,6
TGGCGCACATGGTAGG,7,0.05,0.8,0.15,6
TGGCGCAGTGAAATCA,7,0.05,0.8,0.15,6
TGGCGCATCACCCTCA,4,0.05,0.8,0.15,6
TGGCGCATCAGCGATT,8,0.05,0.8,0.15,6
TGGCGCATCAGCTCGG,7,0.05,0.8,0.15,6
TGGCTGGAGTCCGTAT,8,0.05,0.8,0.15,6
TGGCTGGCAATGACCT,2,0.05,0.8,0.15,6
TGGCTGGGTATCGCAT,7,0.05,0.8,0.15,6
TGGCTGGGTCTGCAAT,6,0.05,0.8,0.15,6
TGGCTGGTCCCGACTT,3,0.05,0.8,0.15,6
TGGCTGGTCTCGTTTA,4,0.05,0.8,0.15,6
TGGGAAGAGGAACTGC,6,0.05,0.8,0.15,6
TGGGAAGAGGAATTAC,1000,0.05,0.8,0.15,6
TGGGAAGAGTACGTTC,3,0.05,0.8,0.15,6
TGGGAAGAGTAGGTGC,6,0.05,0.8,0.15,6
TGGGAAGAGTCCGTAT,8,0.05,0.8,0.15,6
TGGGAAGCACAGCCCA,8,0.05,0.8,0.15,6
TGGGAAGCAGAAGCAC,7,0.05,0.8,0.15,6
TGGGAAGCAGCCAGAA,4,0.05,0.8,0.15,6
TGGGAAGCATATACCG,1000,0.05,0.8,0.15,6
TGGGAAGCATGCTAGT,1,0.05,0.8,0.15,6
TGGGAAGGTAATCGTC,6,0.05,0.8,0.15,6
TGGGAAGGTAGAGTGC,1,0.05,0.8,0.15,6
TGGGAAGTCCTGCCAT,8,0.05,0.8,0.15,6
TGGGAAGTCTGATTCT,1,0.05,0.8,0.15,6
TGGGAAGTCTGCTGTC,8,0.05,0.8,0.15,6
TGGGAAGTCTTCTGGC,5,0.05,0.8,0.15,6
TGGGCGTAGCTCTCGG,7,0.05,0.8,0.15,6
TGGGCGTAGGCTCTTA,7,0.05,0.8,0.15,6
TGGGCGTAGTTGCAGG,8,0.05,0.8,0.15,6
TGGGCGTCACGGTGTC,2,0.05,0.8,0.15,6
TGGGCGTCACTACAGT,8,0.05,0.8,0.15,6
TGGGCGTCAGTTCCCT,8,0.05,0.8,0.15,6
TGGGCGTCATTTCACT,0,0.05,0.8,0.15,6
TGGGCGTGTAGCGTAG,7,0.05,0.8,0.15,6
TGGGCGTGTATATGGA,3,0.05,0.8,0.15,6
TGGGCGTGTTGGTTTG,8,0.05,0.8,0.15,6
TGGTTAGAGGACAGCT,7,0.05,0.8,0.15,6
TGGTTAGAGGGCTTGA,2,0.05,0.8,0.15,6
TGGTTAGCATTTCACT,3,0.05,0.8,0.15,6
TGGTTAGGTGTGGCTC,4,0.05,0.8,0.15,6
TGGTTAGTCCACTCCA,6,0.05,0.8,0.15,6
TGGTTAGTCCTATTCA,2,0.05,0.8,0.15,6
TGGTTAGTCGGTCCGA,7,0.05,0.8,0.15,6
TGGTTAGTCTACTCAT,2,0.05,0.8,0.15,6
TGGTTAGTCTCCTATA,3,0.05,0.8,0.15,6
TGGTTCCAGAGAACAG,3,0.05,0.8,0.15,6
TGGTTCCAGGATCGCA,4,0.05,0.8,0.15,6
TGGTTCCAGGTGACCA,4,0.05,0.8,0.15,6
TGGTTCCGTGCCTTGG,1,0.05,0.8,0.15,6
TGGTTCCGTGCTAGCC,7,0.05,0.8,0.15,6
TGGTTCCTCAGGTAAA,1000,0.05,0.8,0.15,6
TGGTTCCTCGATCCCT,6,0.05,0.8,0.15,6
TGTATTCAGGGCTTCC,6,0.05,0.8,0.15,6
TGTATTCAGTGAACGC,6,0.05,0.8,0.15,6
TGTATTCAGTGAAGAG,1,0.05,0.8,0.15,6
TGTATTCCACGAAGCA,5,0.05,0.8,0.15,6
TGTATTCCATACCATG,5,0.05,0.8,0.15,6
TGTATTCGTCCATGAT,2,0.05,0.8,0.15,6
TGTATTCTCACTTATC,7,0.05,0.8,0.15,6
TGTATTCTCCACGCAG,3,0.05,0.8,0.15,6
TGTATTCTCGGTTAAC,7,0.05,0.8,0.15,6
TGTATTCTCTCTGAGA,2,0.05,0.8,0.15,6
TGTCCCAAGACGCACA,8,0.05,0.8,0.15,6
TGTCCCAAGAGTAAGG,8,0.05,0.8,0.15,6
TGTCCCAAGGGTCTCC,5,0.05,0.8,0.15,6
TGTCCCACAGTCCTTC,3,0.05,0.8,0.15,6
TGTCCCAGTCCGTCAG,6,0.05,0.8,0.15,6
TGTCCCAGTGTGCCTG,2,0.05,0.8,0.15,6
TGTCCCAGTTACGACT,6,0.05,0.8,0.15,6
TGTCCCATCACAGGCC,4,0.05,0.8,0.15,6
TGTCCCATCCCAGGTG,4,0.05,0.8,0.15,6
TGTCCCATCTCCGGTT,6,0.05,0.8,0.15,6
TGTGGTAAGACATAAC,2,0.05,0.8,0.15,6
TGTGGTAAGAGCTGGT,2,0.05,0.8,0.15,6
TGTGGTAAGCCACGTC,8,0.05,0.8,0.15,6
TGTGGTAAGGCGACAT,1,0.05,0.8,0.15,6
TGTGGTAAGGTGTTAA,8,0.05,0.8,0.15,6
TGTGGTAAGTGACTCT,7,0.05,0.8,0.15,6
TGTGGTACAAGTCTGT,3,0.05,0.8,0.15,6
TGTGGTAGTACCGAGA,3,0.05,0.8,0.15,6
TGTGGTAGTGTTCTTT,2,0.05,0.8,0.15,6
TGTGGTATCACATGCA,8,0.05,0.8,0.15,6
TGTGGTATCCAAACAC,4,0.05,0.8,0.15,6
TGTGGTATCCGTAGTA,7,0.05,0.8,0.15,6
TGTGGTATCGGACAAG,3,0.05,0.8,0.15,6
TGTGGTATCGTACCGG,5,0.05,0.8,0.15,6
TGTGGTATCTGTCTCG,7,0.05,0.8,0.15,6
TGTGTTTAGGTGTGGT,1000,0.05,0.8,0.15,6
TGTGTTTCAAACTGTC,8,0.05,0.8,0.15,6
TGTGTTTCAATCGAAA,2,0.05,0.8,0.15,6
TGTGTTTCAGATCCAT,4,0.05,0.8,0.15,6
TGTGTTTGTAAGGATT,3,0.05,0.8,0.15,6
TGTGTTTGTAGCGTAG,4,0.05,0.8,0.15,6
TGTGTTTGTCCAGTGC,7,0.05,0.8,0.15,6
TGTGTTTTCTTTCCTC,7,0.05,0.8,0.15,6
TGTTCCGAGAAGGTTT,3,0.05,0.8,0.15,6
TGTTCCGAGAGTAATC,3,0.05,0.8,0.15,6
TGTTCCGAGAGTGAGA,1,0.05,0.8,0.15,6
TGTTCCGAGCGTGAGT,1,0.05,0.8,0.15,6
TGTTCCGAGGGTGTTG,8,0.05,0.8,0.15,6
TGTTCCGCACTAGTAC,3,0.05,0.8,0.15,6
TGTTCCGCACTGTCGG,1,0.05,0.8,0.15,6
TGTTCCGCAGACAAGC,3,0.05,0.8,0.15,6
TGTTCCGCATCCAACA,6,0.05,0.8,0.15,6
TGTTCCGGTAAACACA,5,0.05,0.8,0.15,6
TGTTCCGGTAGCTGCC,2,0.05,0.8,0.15,6
TGTTCCGGTCGATTGT,8,0.05,0.8,0.15,6
TGTTCCGTCGGTGTTA,7,0.05,0.8,0.15,6
TGTTCCGTCGTTGACA,1,0.05,0.8,0.15,6
TGTTCCGTCTAAGCCA,5,0.05,0.8,0.15,6
TTAACTCAGCTTATCG,1,0.05,0.8,0.15,6
TTAACTCCAAAGGTGC,6,0.05,0.8,0.15,6
TTAACTCCAACGCACC,1000,0.05,0.8,0.15,6
TTAACTCCAAGGTTTC,2,0.05,0.8,0.15,6
TTAACTCCATTAGGCT,7,0.05,0.8,0.15,6
TTAACTCGTGATAAAC,2,0.05,0.8,0.15,6
TTAACTCGTGGTTTCA,4,0.05,0.8,0.15,6
TTAACTCTCCAGAAGG,1,0.05,0.8,0.15,6
TTAACTCTCGGCGCAT,8,0.05,0.8,0.15,6
TTAACTCTCGGCTACG,8,0.05,0.8,0.15,6
TTAGGACAGATATGCA,6,0.05,0.8,0.15,6
TTAGGACAGATCTGCT,1000,0.05,0.8,0.15,6
TTAGGACCAAACCTAC,8,0.05,0.8,0.15,6
TTAGGACCAAGTTGTC,0,0.05,0.8,0.15,6
TTAGGACCACCATCCT,2,0.05,0.8,0.15,6
TTAGGACCATGCAATC,7,0.05,0.8,0.15,6
TTAGGACGTAAGTGGC,1,0.05,0.8,0.15,6
TTAGGACTCAGTCAGT,8,0.05,0.8,0.15,6
TTAGGCAAGATAGTCA,5,0.05,0.8,0.15,6
TTAGGCAAGGGAGTAA,4,0.05,0.8,0.15,6
TTAGGCAAGTTGTAGA,2,0.05,0.8,0.15,6
TTAGGCACAGACGTAG,8,0.05,0.8,0.15,6
TTAGGCACAGGCTCAC,5,0.05,0.8,0.15,6
TTAGGCAGTACCGCTG,1000,0.05,0.8,0.15,6
TTAGGCAGTTTAGCTG,8,0.05,0.8,0.15,6
TTAGGCATCATTATCC,7,0.05,0.8,0.15,6
TTAGGCATCTGCCAGG,8,0.05,0.8,0.15,6
TTAGTTCAGACGCTTT,1,0.05,0.8,0.15,6
TTAGTTCAGATGTCGG,1000,0.05,0.8,0.15,6
TTAGTTCAGCTCCCAG,0,0.05,0.8,0.15,6
TTAGTTCAGGTGTGGT,1,0.05,0.8,0.15,6
TTAGTTCAGTGACATA,4,0.05,0.8,0.15,6
TTAGTTCCACCTGGTG,1000,0.05,0.8,0.15,6
TTAGTTCCACTGCCAG,1,0.05,0.8,0.15,6
TTAGTTCGTAATCACC,8,0.05,0.8,0.15,6
TTAGTTCGTCCGTTAA,1000,0.05,0.8,0.15,6
TTAGTTCGTTCAGTAC,1,0.05,0.8,0.15,6
TTAGTTCTCACAGGCC,8,0.05,0.8,0.15,6
TTAGTTCTCAGAGGTG,3,0.05,0.8,0.15,6
TTAGTTCTCCAAATGC,1,0.05,0.8,0.15,6
TTAGTTCTCGCAAGCC,3,0.05,0.8,0.15,6
TTAGTTCTCGTAGGAG,3,0.05,0.8,0.15,6
TTAGTTCTCTTGCATT,5,0.05,0.8,0.15,6
TTATGCTAGAGGTTGC,7,0.05,0.8,0.15,6
TTATGCTAGGAACTGC,8,0.05,0.8,0.15,6
TTATGCTAGGCAGTCA,4,0.05,0.8,0.15,6
TTATGCTAGGCATTGG,2,0.05,0.8,0.15,6
TTATGCTCAAACAACA,3,0.05,0.8,0.15,6
TTATGCTCACTCGACG,6,0.05,0.8,0.15,6
TTATGCTCATCCGCGA,0,0.05,0.8,0.15,6
TTATGCTTCCGTCAAA,8,0.05,0.8,0.15,6
TTATGCTTCTTATCTG,7,0.05,0.8,0.15,6
TTATGCTTCTTCTGGC,6,0.05,0.8,0.15,6
TTCCCAGAGGTCGGAT,7,0.05,0.8,0.15,6
TTCCCAGGTAGCTTGT,0,0.05,0.8,0.15,6
TTCCCAGGTCACCCAG,6,0.05,0.8,0.15,6
TTCCCAGGTCTGCAAT,8,0.05,0.8,0.15,6
TTCCCAGTCACCTCGT,4,0.05,0.8,0.15,6
TTCCCAGTCCCTTGTG,8,0.05,0.8,0.15,6
TTCCCAGTCGGAAATA,8,0.05,0.8,0.15,6
TTCCCAGTCGTAGGTT,2,0.05,0.8,0.15,6
TTCCCAGTCTTGAGGT,6,0.05,0.8,0.15,6
TTCGAAGAGATAGTCA,4,0.05,0.8,0.15,6
TTCGAAGCAATCCAAC,8,0.05,0.8,0.15,6
TTCGAAGGTATTCTCT,7,0.05,0.8,0.15,6
TTCGAAGGTCCTCTTG,2,0.05,0.8,0.15,6
TTCGAAGTCACAAACC,7,0.05,0.8,0.15,6
TTCGGTCAGATGTGTA,1000,0.05,0.8,0.15,6
TTCGGTCAGCGCCTTG,7,0.05,0.8,0.15,6
TTCGGTCCAGATGAGC,7,0.05,0.8,0.15,6
TTCGGTCCAGTGACAG,7,0.05,0.8,0.15,6
TTCGGTCGTAAGGGAA,6,0.05,0.8,0.15,6
TTCGGTCGTAGCTTGT,3,0.05,0.8,0.15,6
TTCTACAAGAACTGTA,7,0.05,0.8,0.15,6
TTCTACAAGCGCCTCA,0,0.05,0.8,0.15,6
TTCTACAAGTCTTGCA,5,0.05,0.8,0.15,6
TTCTACACAAAGTCAA,6,0.05,0.8,0.15,6
TTCTACACAATAACGA,3,0.05,0.8,0.15,6
TTCTACACAGATCTGT,0,0.05,0.8,0.15,6
TTCTACAGTAAATGAC,1,0.05,0.8,0.15,6
TTCTACAGTAACGTTC,7,0.05,0.8,0.15,6
TTCTACAGTACATCCA,4,0.05,0.8,0.15,6
TTCTACAGTCCGTTAA,1,0.05,0.8,0.15,6
TTCTACAGTCTTTCAT,6,0.05,0.8,0.15,6
TTCTACAGTGTTCGAT,1,0.05,0.8,0.15,6
TTCTACAGTTTGGCGC,1000,0.05,0.8,0.15,6
TTCTACATCTTTACAC,4,0.05,0.8,0.15,6
TTCTCAAAGAGGGATA,5,0.05,0.8,0.15,6
TTCTCAAAGCACCGCT,8,0.05,0.8,0.15,6
TTCTCAAAGCTAGTTC,1,0.05,0.8,0.15,6
TTCTCAAAGGACAGCT,8,0.05,0.8,0.15,6
TTCTCAAAGTCCGTAT,8,0.05,0.8,0.15,6
TTCTCAAAGTTCGCGC,8,0.05,0.8,0.15,6
TTCTCAACAGCTTAAC,6,0.05,0.8,0.15,6
TTCTCAACATAGGATA,7,0.05,0.8,0.15,6
TTCTCAACATCCCACT,1,0.05,0.8,0.15,6
TTCTCAACATCCTTGC,1,0.05,0.8,0.15,6
TTCTCAAGTGTATGGG,4,0.05,0.8,0.15,6
TTCTCAATCGTAGGAG,1000,0.05,0.8,0.15,6
TTCTCCTAGCTACCGC,1000,0.05,0.8,0.15,6
TTCTCCTAGCTAGGCA,5,0.05,0.8,0.15,6
TTCTCCTAGGGCATGT,3,0.05,0.8,0.15,6
TTCTCCTAGTCCAGGA,4,0.05,0.8,0.15,6
TTCTCCTAGTCCGGTC,8,0.05,0.8,0.15,6
TTCTCCTAGTGGCACA,6,0.05,0.8,0.15,6
TTCTCCTCACGTGAGA,4,0.05,0.8,0.15,6
TTCTCCTCACTGCCAG,3,0.05,0.8,0.15,6
TTCTCCTGTGTTGAGG,1000,0.05,0.8,0.15,6
TTCTCCTGTTCCTCCA,3,0.05,0.8,0.15,6
TTCTCCTGTTGATTGC,5,0.05,0.8,0.15,6
TTCTCCTGTTTGGCGC,1,0.05,0.8,0.15,6
TTCTCCTTCATCACCC,7,0.05,0.8,0.15,6
TTCTTAGAGAAGGTGA,1,0.05,0.8,0.15,6
TTCTTAGAGCACACAG,3,0.05,0.8,0.15,6
TTCTTAGAGCTAGTTC,8,0.05,0.8,0.15,6
TTCTTAGCAAACGCGA,5,0.05,0.8,0.15,6
TTCTTAGCAAGGCTCC,2,0.05,0.8,0.15,6
TTCTTAGCACGGATAG,3,0.05,0.8,0.15,6
TTCTTAGCATGGTCTA,8,0.05,0.8,0.15,6
TTCTTAGGTACTCGCG,1000,0.05,0.8,0.15,6
TTCTTAGTCACCTCGT,4,0.05,0.8,0.15,6
TTCTTAGTCACTTCAT,5,0.05,0.8,0.15,6
TTCTTAGTCAGAAATG,1,0.05,0.8,0.15,6
TTCTTAGTCAGCGATT,5,0.05,0.8,0.15,6
TTCTTAGTCATGTAGC,1,0.05,0.8,0.15,6
TTCTTAGTCCTCATTA,7,0.05,0.8,0.15,6
TTGAACGAGCGTCTAT,2,0.05,0.8,0.15,6
TTGAACGAGGCAATTA,2,0.05,0.8,0.15,6
TTGAACGAGTTCCACA,5,0.05,0.8,0.15,6
TTGAACGCAAAGCAAT,3,0.05,0.8,0.15,6
TTGAACGCAACTGCTA,4,0.05,0.8,0.15,6
TTGAACGGTATAGGGC,1,0.05,0.8,0.15,6
TTGAACGGTCTTCTCG,5,0.05,0.8,0.15,6
TTGAACGGTGGGTATG,6,0.05,0.8,0.15,6
TTGAACGTCCCAACGG,4,0.05,0.8,0.15,6
TTGAACGTCCGTTGTC,3,0.05,0.8,0.15,6
TTGAACGTCCTGTACC,1,0.05,0.8,0.15,6
TTGAACGTCGGATGGA,8,0.05,0.8,0.15,6
TTGAACGTCTGATTCT,6,0.05,0.8,0.15,6
TTGACTTAGCGTAGTG,7,0.05,0.8,0.15,6
TTGACTTAGTCTTGCA,2,0.05,0.8,0.15,6
TTGACTTCAGGGTACA,7,0.05,0.8,0.15,6
TTGACTTCATGCTGGC,1,0.05,0.8,0.15,6
TTGACTTGTCGCGTGT,1000,0.05,0.8,0.15,6
TTGACTTGTGTGAATA,3,0.05,0.8,0.15,6
TTGACTTTCATGCATG,4,0.05,0.8,0.15,6
TTGACTTTCGCCGTGA,3,0.05,0.8,0.15,6
TTGACTTTCTGAGGGA,8,0.05,0.8,0.15,6
TTGCCGTAGGACCACA,1,0.05,0.8,0.15,6
TTGCCGTAGGCTCAGA,3,0.05,0.8,0.15,6
TTGCCGTAGGCTCTTA,6,0.05,0.8,0.15,6
TTGCCGTAGGGATGGG,1000,0.05,0.8,0.15,6
TTGCCGTAGTCGTACT,1000,0.05,0.8,0.15,6
TTGCCGTAGTGTACCT,5,0.05,0.8,0.15,6
TTGCCGTCACCTATCC,5,0.05,0.8,0.15,6
TTGCCGTCAGCTGCAC,8,0.05,0.8,0.15,6
TTGCCGTGTATTACCG,1,0.05,0.8,0.15,6
TTGCCGTGTCCGTCAG,1,0.05,0.8,0.15,6
TTGCCGTGTCGAACAG,3,0.05,0.8,0.15,6
TTGCCGTGTGACTCAT,2,0.05,0.8,0.15,6
TTGCCGTGTTATGTGC,1,0.05,0.8,0.15,6
TTGCCGTTCCATTCTA,8,0.05,0.8,0.15,6
TTGCCGTTCGCCAGCA,5,0.05,0.8,0.15,6
TTGCCGTTCGTTTAGG,7,0.05,0.8,0.15,6
TTGCCGTTCTAGCACA,6,0.05,0.8,0.15,6
TTGCGTCAGTTATCGC,7,0.05,0.8,0.15,6
TTGCGTCCAACGATGG,3,0.05,0.8,0.15,6
TTGCGTCCAATGGAAT,3,0.05,0.8,0.15,6
TTGCGTCCACCTGGTG,8,0.05,0.8,0.15,6
TTGCGTCCAGCGTTCG,1000,0.05,0.8,0.15,6
TTGCGTCGTCACAAGG,8,0.05,0.8,0.15,6
TTGCGTCGTCTAACGT,6,0.05,0.8,0.15,6
TTGCGTCTCTGTCAAG,0,0.05,0.8,0.15,6
TTGGAACAGGTAAACT,2,0.05,0.8,0.15,6
TTGGAACAGTCCAGGA,8,0.05,0.8,0.15,6
TTGGAACCAAGCGAGT,4,0.05,0.8,0.15,6
TTGGAACCAATCCAAC,8,0.05,0.8,0.15,6
TTGGAACCACATGACT,7,0.05,0.8,0.15,6
TTGGAACCATCCCACT,4,0.05,0.8,0.15,6
TTGGAACCATGCATGT,5,0.05,0.8,0.15,6
TTGGAACGTACTCAAC,8,0.05,0.8,0.15,6
TTGGAACGTGGCAAAC,5,0.05,0.8,0.15,6
TTGGAACGTTCCATGA,6,0.05,0.8,0.15,6
TTGGAACGTTTGCATG,1,0.05,0.8,0.15,6
TTGGAACTCCGAGCCA,6,0.05,0.8,0.15,6
TTGGCAAAGACAGACC,5,0.05,0.8,0.15,6
TTGGCAAAGTCGCCGT,3,0.05,0.8,0.15,6
TTGGCAAAGTGTTGAA,2,0.05,0.8,0.15,6
TTGGCAAGTTCATGGT,6,0.05,0.8,0.15,6
TTGGCAATCACAAACC,6,0.05,0.8,0.15,6
TTGGCAATCATGTCCC,7,0.05,0.8,0.15,6
TTGTAGGCAAACGTGG,6,0.05,0.8,0.15,6
TTGTAGGCAGCTCGCA,1,0.05,0.8,0.15,6
TTGTAGGGTGATGTGG,4,0.05,0.8,0.15,6
TTGTAGGTCACCCGAG,8,0.05,0.8,0.15,6
TTGTAGGTCCAAGCCG,2,0.05,0.8,0.15,6
TTTACTGAGGTCATCT,2,0.05,0.8,0.15,6
TTTACTGAGTGACATA,1,0.05,0.8,0.15,6
TTTACTGCAAGCGTAG,7,0.05,0.8,0.15,6
TTTACTGCAATCAGAA,8,0.05,0.8,0.15,6
TTTACTGCACAAGACG,5,0.05,0.8,0.15,6
TTTACTGCACACATGT,5,0.05,0.8,0.15,6
TTTACTGCATCGGAAG,4,0.05,0.8,0.15,6
TTTACTGCATGCCTTC,1000,0.05,0.8,0.15,6
TTTACTGCATGTCTCC,5,0.05,0.8,0.15,6
TTTACTGGTAGATTAG,4,0.05,0.8,0.15,6
TTTACTGGTGGGTATG,7,0.05,0.8,0.15,6
TTTACTGTCGCCTGTT,7,0.05,0.8,0.15,6
TTTATGCAGAAGGTTT,7,0.05,0.8,0.15,6
TTTATGCAGCTGTTCA,4,0.05,0.8,0.15,6
TTTATGCAGTGGAGTC,7,0.05,0.8,0.15,6
TTTATGCCAATCTGCA,1,0.05,0.8,0.15,6
TTTATGCCAATGTTGC,8,0.05,0.8,0.15,6
TTTATGCCAGTGGGAT,7,0.05,0.8,0.15,6
TTTATGCGTAGCACGA,2,0.05,0.8,0.15,6
TTTATGCTCAACGAAA,1,0.05,0.8,0.15,6
TTTCCTCAGAGGTTGC,3,0.05,0.8,0.15,6
TTTCCTCAGCCGTCGT,2,0.05,0.8,0.15,6
TTTCCTCAGCTCCTTC,6,0.05,0.8,0.15,6
TTTCCTCAGGCTAGAC,2,0.05,0.8,0.15,6
TTTCCTCAGTAGGCCA,1000,0.05,0.8,0.15,6
TTTCCTCAGTGGTAAT,5,0.05,0.8,0.15,6
TTTCCTCCAATCAGAA,7,0.05,0.8,0.15,6
TTTCCTCCATCGGAAG,3,0.05,0.8,0.15,6
TTTCCTCGTCGCCATG,4,0.05,0.8,0.15,6
TTTCCTCGTGACGGTA,8,0.05,0.8,0.15,6
TTTCCTCGTTCTCATT,5,0.05,0.8,0.15,6
TTTCCTCTCAGTTGAC,8,0.05,0.8,0.15,6
TTTCCTCTCCCTAACC,7,0.05,0.8,0.15,6
TTTCCTCTCCGCATCT,2,0.05,0.8,0.15,6
TTTCCTCTCCGTAGTA,1000,0.05,0.8,0.15,6
TTTGCGCAGCAGATCG,7,0.05,0.8,0.15,6
TTTGCGCAGCGATATA,1000,0.05,0.8,0.15,6
TTTGCGCCAACAACCT,3,0.05,0.8,0.15,6
TTTGCGCGTAAAGGAG,1,0.05,0.8,0.15,6
TTTGCGCGTATAAACG,3,0.05,0.8,0.15,6
TTTGCGCGTCACTGGC,1,0.05,0.8,0.15,6
TTTGCGCGTCGAACAG,2,0.05,0.8,0.15,6
TTTGCGCGTTGTGGAG,6,0.05,0.8,0.15,6
TTTGCGCTCGCAGGCT,1,0.05,0.8,0.15,6
TTTGCGCTCGTCCAGG,1,0.05,0.8,0.15,6
TTTGCGCTCTTAACCT,7,0.05,0.8,0.15,6
TTTGGTTAGTGAACGC,6,0.05,0.8,0.15,6
TTTGGTTCAACGCACC,1,0.05,0.8,0.15,6
TTTGGTTGTCTGCGGT,3,0.05,0.8,0.15,6
TTTGGTTTCGGTGTTA,1,0.05,0.8,0.15,6
TTTGGTTTCTCCCTGA,4,0.05,0.8,0.15,6
TTTGGTTTCTTGCCGT,4,0.05,0.8,0.15,6
TTTGTCAAGCCCGAAA,3,0.05,0.8,0.15,6
TTTGTCAAGCGTGAGT,2,0.05,0.8,0.15,6
TTTGTCAAGGACGAAA,5,0.05,0.8,0.15,6
TTTGTCAAGGCCATAG,0,0.05,0.8,0.15,6
TTTGTCAAGGTGTTAA,1,0.05,0.8,0.15,6
TTTGTCACAAAGGTGC,4,0.05,0.8,0.15,6
TTTGTCACAGTCTTCC,3,0.05,0.8,0.15,6
TTTGTCACATGACATC,1000,0.05,0.8,0.15,6
TTTGTCAGTTCGTTGA,1,0.05,0.8,0.15,6
TTTGTCATCATGCATG,3,0.05,0.8,0.15,6
TTTGTCATCCCTCAGT,4,0.05,0.8,0.15,6
TTTGTCATCCTGTACC,6,0.05,0.8,0.15,6
TTTGTCATCTGTCTAT,7,0.05,0.8,0.15,6
