cell_barcode,assignment,prior_neg,prior_singlet,prior_doublet,n_noise
AAACCTGAGATGTTAG,2,0.05,0.5,0.45,6
AAACCTGCATCGATTG,4,0.05,0.5,0.45,6
AAACCTGGTAGGGTAC,2,0.05,0.5,0.45,6
AAACCTGGTGCCTTGG,2,0.05,0.5,0.45,6
AAACCTGGTTGGAGGT,1000,0.05,0.5,0.45,6
AAACCTGTCGAGAGCA,1,0.05,0.5,0.45,6
AAACGGGAGAAAGTGG,2,0.05,0.5,0.45,6
AAACGGGAGGAGCGTT,1,0.05,0.5,0.45,6
AAACGGGAGTGTACTC,7,0.05,0.5,0.45,6
AAACGGGCATGCAATC,7,0.05,0.5,0.45,6
AAAGATGAGAAACGAG,1,0.05,0.5,0.45,6
AAAGATGAGATATACG,6,0.05,0.5,0.45,6
AAAGATGAGTTTGCGT,4,0.05,0.5,0.45,6
AAAGATGCAAGCGCTC,5,0.05,0.5,0.45,6
AAAGATGCACTACAGT,8,0.05,0.5,0.45,6
AAAGATGCATTCACTT,8,0.05,0.5,0.45,6
AAAGATGGTAAGTAGT,4,0.05,0.5,0.45,6
AAAGATGGTCCAGTTA,1000,0.05,0.5,0.45,6
AAAGATGGTTCCATGA,8,0.05,0.5,0.45,6
AAAGATGGTTCCGGCA,4,0.05,0.5,0.45,6
AAAGATGGTTGGGACA,1,0.05,0.5,0.45,6
AAAGATGTCGGCCGAT,4,0.05,0.5,0.45,6
AAAGATGTCGTCTGAA,7,0.05,0.5,0.45,6
AAAGATGTCTAACTGG,8,0.05,0.5,0.45,6
AAAGCAAAGACGACGT,1,0.05,0.5,0.45,6
AAAGCAAAGCAGCGTA,4,0.05,0.5,0.45,6
AAAGCAAAGGGTGTTG,3,0.05,0.5,0.45,6
AAAGCAAAGTCATGCT,4,0.05,0.5,0.45,6
AAAGCAACATAGGATA,8,0.05,0.5,0.45,6
AAAGCAAGTTACGTCA,8,0.05,0.5,0.45,6
AAAGCAAGTTTAAGCC,3,0.05,0.5,0.45,6
AAAGCAAGTTTGACTG,3,0.05,0.5,0.45,6
AAAGCAATCTCTAGGA,1000,0.05,0.5,0.45,6
AAAGTAGAGTACGTAA,7,0.05,0.5,0.45,6
AAAGTAGAGTGAAGTT,5,0.05,0.5,0.45,6
AAAGTAGCAATGAATG,3,0.05,0.5,0.45,6
AAAGTAGGTATTAGCC,3,0.05,0.5,0.45,6
AAAGTAGGTCATGCAT,4,0.05,0.5,0.45,6
AAAGTAGGTGTTCGAT,4,0.05,0.5,0.45,6
AAAGTAGTCCGTCAAA,0,0.05,0.5,0.45,6
AAAGTAGTCGGAGCAA,4,0.05,0.5,0.45,6
AAATGCCAGAAACGAG,1000,0.05,0.5,0.45,6
AAATGCCAGACTACAA,4,0.05,0.5,0.45,6
AAATGCCAGCTAACAA,2,0.05,0.5,0.45,6
AAATGCCAGTGTCCAT,8,0.05,0.5,0.45,6
AAATGCCCAACACCTA,2,0.05,0.5,0.45,6
AAATGCCCACAAGCCC,6,0.05,0.5,0.45,6
AAATGCCCAGATGGCA,8,0.05,0.5,0.45,6
AAATGCCGTCTAAAGA,1,0.05,0.5,0.45,6
AAATGCCGTTAGAACA,7,0.05,0.5,0.45,6
AAATGCCGTTCATGGT,4,0.05,0.5,0.45,6
AAATGCCTCAAGGTAA,6,0.05,0.5,0.45,6
AAATGCCTCAGGCGAA,1,0.05,0.5,0.45,6
AACACGTAGAAGGTTT,1000,0.05,0.5,0.45,6
AACACGTAGATCCTGT,4,0.05,0.5,0.45,6
AACACGTAGGTAGCCA,8,0.05,0.5,0.45,6
AACACGTCATAAGACA,1000,0.05,0.5,0.45,6
AACACGTTCAACCATG,7,0.05,0.5,0.45,6
AACACGTTCACGGTTA,2,0.05,0.5,0.45,6
AACCATGAGAATGTGT,4,0.05,0.5,0.45,6
AACCATGAGAGTCTGG,1000,0.05,0.5,0.45,6
AACCATGCAGGTGCCT,6,0.05,0.5,0.45,6
AACCATGCAGTATAAG,6,0.05,0.5,0.45,6
AACCATGCAGTGAGTG,5,0.05,0.5,0.45,6
AACCATGGTACAAGTA,2,0.05,0.5,0.45,6
AACCATGGTACCCAAT,5,0.05,0.5,0.45,6
AACCATGGTCAATACC,1000,0.05,0.5,0.45,6
AACCATGGTGTGAATA,1,0.05,0.5,0.45,6
AACCATGTCACTCTTA,8,0.05,0.5,0.45,6
AACCATGTCGAGGTAG,2,0.05,0.5,0.45,6
AACCATGTCGCAGGCT,7,0.05,0.5,0.45,6
AACCATGTCGCGTAGC,7,0.05,0.5,0.45,6
AACCATGTCTTCGGTC,5,0.05,0.5,0.45,6
AACCGCGAGGGCACTA,1,0.05,0.5,0.45,6
AACCGCGAGTTTGCGT,1000,0.05,0.5,0.45,6
AACCGCGCAGCGAACA,7,0.05,0.5,0.45,6
AACCGCGCATATACGC,1,0.05,0.5,0.45,6
AACCGCGCATCCCATC,5,0.05,0.5,0.45,6
AACCGCGGTCGGGTCT,6,0.05,0.5,0.45,6
AACCGCGTCAGAGGTG,3,0.05,0.5,0.45,6
AACCGCGTCCCAGGTG,5,0.05,0.5,0.45,6
AACCGCGTCCTAGTGA,3,0.05,0.5,0.45,6
AACCGCGTCGACGGAA,8,0.05,0.5,0.45,6
AACCGCGTCTGTACGA,2,0.05,0.5,0.45,6
AACGTTGAGATCCTGT,1,0.05,0.5,0.45,6
AACGTTGAGCCTATGT,6,0.05,0.5,0.45,6
AACGTTGAGTGTCCAT,1000,0.05,0.5,0.45,6
AACGTTGCAAACCTAC,4,0.05,0.5,0.45,6
AACGTTGCAAGGGTCA,3,0.05,0.5,0.45,6
AACGTTGCAAGTTCTG,5,0.05,0.5,0.45,6
AACGTTGCAGGGATTG,7,0.05,0.5,0.45,6
AACGTTGGTGTAAGTA,1,0.05,0.5,0.45,6
AACGTTGGTTATGTGC,5,0.05,0.5,0.45,6
AACGTTGTCGTTGCCT,1,0.05,0.5,0.45,6
AACTCAGAGCGTCAAG,4,0.05,0.5,0.45,6
AACTCAGCAACACCCG,1,0.05,0.5,0.45,6
AACTCAGCAAGGCTCC,3,0.05,0.5,0.45,6
AACTCAGCACCAGGTC,1,0.05,0.5,0.45,6
AACTCAGCAGGATTGG,3,0.05,0.5,0.45,6
AACTCAGCATCGATGT,3,0.05,0.5,0.45,6
AACTCAGCATGGATGG,2,0.05,0.5,0.45,6
AACTCAGGTCAGAGGT,3,0.05,0.5,0.45,6
AACTCAGTCAAACCGT,7,0.05,0.5,0.45,6
AACTCAGTCCACGTTC,5,0.05,0.5,0.45,6
AACTCCCAGGCTAGCA,7,0.05,0.5,0.45,6
AACTCCCAGTCAATAG,4,0.05,0.5,0.45,6
AACTCCCCAAACTGTC,6,0.05,0.5,0.45,6
AACTCCCCAAGTACCT,5,0.05,0.5,0.45,6
AACTCCCCAATGACCT,4,0.05,0.5,0.45,6
AACTCCCCACATTAGC,1000,0.05,0.5,0.45,6
AACTCCCCACTGTCGG,8,0.05,0.5,0.45,6
AACTCCCCAGGCTCAC,7,0.05,0.5,0.45,6
AACTCCCGTCTAGCCG,0,0.05,0.5,0.45,6
AACTCCCGTGACTACT,7,0.05,0.5,0.45,6
AACTCCCGTGTCGCTG,8,0.05,0.5,0.45,6
AACTCCCGTTCCACTC,3,0.05,0.5,0.45,6
AACTCCCGTTTGGGCC,5,0.05,0.5,0.45,6
AACTCCCTCACGCATA,4,0.05,0.5,0.45,6
AACTCCCTCCTAGTGA,0,0.05,0.5,0.45,6
AACTCCCTCTACCAGA,3,0.05,0.5,0.45,6
AACTCCCTCTCATTCA,1000,0.05,0.5,0.45,6
AACTCCCTCTTAGAGC,1000,0.05,0.5,0.45,6
AACTCTTAGACGCACA,7,0.05,0.5,0.45,6
AACTCTTAGAGTCGGT,0,0.05,0.5,0.45,6
AACTCTTAGCGCTTAT,4,0.05,0.5,0.45,6
AACTCTTAGCGGCTTC,1,0.05,0.5,0.45,6
AACTCTTAGCTAGGCA,3,0.05,0.5,0.45,6
AACTCTTAGTGTCCAT,6,0.05,0.5,0.45,6
AACTCTTCACGTCTCT,1,0.05,0.5,0.45,6
AACTCTTCAGACTCGC,1000,0.05,0.5,0.45,6
AACTCTTGTCAATACC,7,0.05,0.5,0.45,6
AACTCTTTCAAGAAGT,1,0.05,0.5,0.45,6
AACTCTTTCCTTCAAT,3,0.05,0.5,0.45,6
AACTCTTTCGCGTTTC,5,0.05,0.5,0.45,6
AACTCTTTCGTAGATC,7,0.05,0.5,0.45,6
AACTGGTAGAGCAATT,6,0.05,0.5,0.45,6
AACTGGTAGAGCCTAG,1000,0.05,0.5,0.45,6
AACTGGTAGCTATGCT,4,0.05,0.5,0.45,6
AACTGGTCAAGTAATG,8,0.05,0.5,0.45,6
AACTGGTCACACATGT,7,0.05,0.5,0.45,6
AACTGGTCAGATGAGC,1000,0.05,0.5,0.45,6
AACTGGTGTACCTACA,1000,0.05,0.5,0.45,6
AACTGGTGTGCAACGA,7,0.05,0.5,0.45,6
AACTGGTGTTAAAGAC,4,0.05,0.5,0.45,6
AACTGGTTCACTTATC,1,0.05,0.5,0.45,6
AACTTTCAGTACATGA,6,0.05,0.5,0.45,6
AACTTTCAGTAGCGGT,1,0.05,0.5,0.45,6
AACTTTCAGTCCAGGA,6,0.05,0.5,0.45,6
AACTTTCCAGTACACT,6,0.05,0.5,0.45,6
AACTTTCCATGTCGAT,7,0.05,0.5,0.45,6
AACTTTCGTGGTCCGT,7,0.05,0.5,0.45,6
AACTTTCGTGGTTTCA,3,0.05,0.5,0.45,6
AACTTTCGTGTGAATA,1000,0.05,0.5,0.45,6
AACTTTCGTTAGATGA,7,0.05,0.5,0.45,6
AACTTTCGTTGAACTC,8,0.05,0.5,0.45,6
AACTTTCTCTGCGGCA,4,0.05,0.5,0.45,6
AAGACCTAGCATGGCA,5,0.05,0.5,0.45,6
AAGACCTAGTCCGTAT,1000,0.05,0.5,0.45,6
AAGACCTAGTGGCACA,6,0.05,0.5,0.45,6
AAGACCTCAAGACGTG,8,0.05,0.5,0.45,6
AAGACCTCAAGAGTCG,5,0.05,0.5,0.45,6
AAGACCTCAGTTCCCT,2,0.05,0.5,0.45,6
AAGACCTCATCACAAC,6,0.05,0.5,0.45,6
AAGACCTGTGTGTGCC,1,0.05,0.5,0.45,6
AAGACCTGTTGCGTTA,8,0.05,0.5,0.45,6
AAGCCGCAGAGCTTCT,6,0.05,0.5,0.45,6
AAGCCGCAGCACGCCT,7,0.05,0.5,0.45,6
AAGCCGCAGCGATATA,1,0.05,0.5,0.45,6
AAGCCGCAGCGGATCA,5,0.05,0.5,0.45,6
AAGCCGCAGCGTTTAC,4,0.05,0.5,0.45,6
AAGCCGCAGGTTACCT,4,0.05,0.5,0.45,6
AAGCCGCCACCCAGTG,2,0.05,0.5,0.45,6
AAGCCGCGTGTAAGTA,4,0.05,0.5,0.45,6
AAGCCGCTCCAATGGT,1,0.05,0.5,0.45,6
AAGCCGCTCCCGACTT,4,0.05,0.5,0.45,6
AAGGAGCAGGCTCAGA,1000,0.05,0.5,0.45,6
AAGGAGCCACTCGACG,8,0.05,0.5,0.45,6
AAGGAGCGTAGCACGA,4,0.05,0.5,0.45,6
AAGGAGCGTGCACCAC,7,0.05,0.5,0.45,6
AAGGAGCGTGGCTCCA,8,0.05,0.5,0.45,6
AAGGAGCGTTGTTTGG,5,0.05,0.5,0.45,6
AAGGAGCTCAACGAAA,3,0.05,0.5,0.45,6
AAGGAGCTCCAGGGCT,2,0.05,0.5,0.45,6
AAGGAGCTCTCAAGTG,7,0.05,0.5,0.45,6
AAGGCAGAGACTTTCG,2,0.05,0.5,0.45,6
AAGGCAGAGAGCCCAA,1000,0.05,0.5,0.45,6
AAGGCAGAGCGATTCT,3,0.05,0.5,0.45,6
AAGGCAGAGGGTGTGT,7,0.05,0.5,0.45,6
AAGGCAGAGTTAACGA,7,0.05,0.5,0.45,6
AAGGCAGCACACTGCG,7,0.05,0.5,0.45,6
AAGGCAGCAGTAAGAT,1,0.05,0.5,0.45,6
AAGGCAGGTAAATGAC,3,0.05,0.5,0.45,6
AAGGCAGGTAGTAGTA,4,0.05,0.5,0.45,6
AAGGCAGGTATCGCAT,8,0.05,0.5,0.45,6
AAGGCAGGTCCGCTGA,0,0.05,0.5,0.45,6
AAGGCAGGTGCAGGTA,3,0.05,0.5,0.45,6
AAGGCAGTCAACACGT,0,0.05,0.5,0.45,6
AAGGCAGTCTCGATGA,8,0.05,0.5,0.45,6
AAGGCAGTCTGCGTAA,5,0.05,0.5,0.45,6
AAGGCAGTCTGGTGTA,4,0.05,0.5,0.45,6
AAGGCAGTCTGTCAAG,3,0.05,0.5,0.45,6
AAGGCAGTCTTCTGGC,1000,0.05,0.5,0.45,6
AAGGTTCAGTATCTCG,1,0.05,0.5,0.45,6
AAGGTTCAGTGAAGTT,1000,0.05,0.5,0.45,6
AAGGTTCAGTTAGCGG,7,0.05,0.5,0.45,6
AAGGTTCCAATGGAAT,2,0.05,0.5,0.45,6
AAGGTTCCACCGCTAG,2,0.05,0.5,0.45,6
AAGGTTCGTCTAGTCA,3,0.05,0.5,0.45,6
AAGGTTCTCCGTAGGC,1000,0.05,0.5,0.45,6
AAGGTTCTCGCCATAA,8,0.05,0.5,0.45,6
AAGGTTCTCTTCCTTC,1,0.05,0.5,0.45,6
AAGTCTGAGAGGACGG,5,0.05,0.5,0.45,6
AAGTCTGAGAGGTACC,5,0.05,0.5,0.45,6
AAGTCTGAGGAGTACC,8,0.05,0.5,0.45,6
AAGTCTGCACGCATCG,2,0.05,0.5,0.45,6
AAGTCTGCACGGCGTT,4,0.05,0.5,0.45,6
AAGTCTGCATTATCTC,8,0.05,0.5,0.45,6
AAGTCTGGTCAAACTC,6,0.05,0.5,0.45,6
AAGTCTGGTGTGAATA,2,0.05,0.5,0.45,6
AAGTCTGTCGAGAGCA,2,0.05,0.5,0.45,6
AATCCAGAGAATGTTG,8,0.05,0.5,0.45,6
AATCCAGAGTGGACGT,4,0.05,0.5,0.45,6
AATCCAGAGTTAGGTA,3,0.05,0.5,0.45,6
AATCCAGTCAACGAAA,1000,0.05,0.5,0.45,6
AATCCAGTCCATTCTA,3,0.05,0.5,0.45,6
AATCCAGTCCTAGGGC,1000,0.05,0.5,0.45,6
AATCGGTAGATGAGAG,6,0.05,0.5,0.45,6
AATCGGTAGCGCCTCA,7,0.05,0.5,0.45,6
AATCGGTAGGCGCTCT,5,0.05,0.5,0.45,6
AATCGGTAGTGCGATG,7,0.05,0.5,0.45,6
AATCGGTCAAAGTCAA,5,0.05,0.5,0.45,6
AATCGGTCAACTGCGC,4,0.05,0.5,0.45,6
AATCGGTCACACCGAC,8,0.05,0.5,0.45,6
AATCGGTCATCCGCGA,5,0.05,0.5,0.45,6
AATCGGTCATCTATGG,4,0.05,0.5,0.45,6
AATCGGTGTCGCGTGT,5,0.05,0.5,0.45,6
AATCGGTGTGTAAGTA,5,0.05,0.5,0.45,6
ACACCAACAAGGACAC,4,0.05,0.5,0.45,6
ACACCAACAAGTTCTG,6,0.05,0.5,0.45,6
ACACCAACATCTACGA,3,0.05,0.5,0.45,6
ACACCAAGTCCATGAT,3,0.05,0.5,0.45,6
ACACCAAGTCTGGTCG,4,0.05,0.5,0.45,6
ACACCAAGTGTGACCC,4,0.05,0.5,0.45,6
ACACCAAGTTACCAGT,1,0.05,0.5,0.45,6
ACACCAAGTTCATGGT,4,0.05,0.5,0.45,6
ACACCAATCGCGGATC,1000,0.05,0.5,0.45,6
ACACCAATCTCTGCTG,1,0.05,0.5,0.45,6
ACACCCTAGACAATAC,4,0.05,0.5,0.45,6
ACACCCTAGCTAGTTC,5,0.05,0.5,0.45,6
ACACCCTAGTATTGGA,4,0.05,0.5,0.45,6
ACACCCTCAAGTTAAG,7,0.05,0.5,0.45,6
ACACCCTCACAGGAGT,4,0.05,0.5,0.45,6
ACACCCTCACTTGGAT,7,0.05,0.5,0.45,6
ACACCCTCAGCTTAAC,3,0.05,0.5,0.45,6
ACACCCTCAGTTCATG,1,0.05,0.5,0.45,6
ACACCCTGTGTGACGA,8,0.05,0.5,0.45,6
ACACCCTTCCAAACTG,1,0.05,0.5,0.45,6
ACACCCTTCCTTGACC,1000,0.05,0.5,0.45,6
ACACCCTTCGCATGAT,6,0.05,0.5,0.45,6
ACACCCTTCGTACGGC,3,0.05,0.5,0.45,6
ACACCCTTCGTTTGCC,4,0.05,0.5,0.45,6
ACACCGGAGACAAGCC,2,0.05,0.5,0.45,6
ACACCGGAGCGATGAC,4,0.05,0.5,0.45,6
ACACCGGAGCGTAGTG,1,0.05,0.5,0.45,6
ACACCGGAGGAGTCTG,3,0.05,0.5,0.45,6
ACACCGGGTATTACCG,4,0.05,0.5,0.45,6
ACACCGGTCCGCTGTT,5,0.05,0.5,0.45,6
ACACCGGTCCTATTCA,1000,0.05,0.5,0.45,6
ACACCGGTCGTACCGG,8,0.05,0.5,0.45,6
ACACCGGTCTTGTACT,1,0.05,0.5,0.45,6
ACACTGAAGATATGGT,7,0.05,0.5,0.45,6
ACACTGAAGATGTGGC,1,0.05,0.5,0.45,6
ACACTGAAGTAGCGGT,5,0.05,0.5,0.45,6
ACACTGACACAGTCGC,8,0.05,0.5,0.45,6
ACACTGACACCGCTAG,4,0.05,0.5,0.45,6
ACACTGACAGCTCGCA,1,0.05,0.5,0.45,6
ACACTGACAGTATCTG,1,0.05,0.5,0.45,6
ACACTGACAGTGGAGT,7,0.05,0.5,0.45,6
ACACTGAGTACCTACA,1000,0.05,0.5,0.45,6
ACACTGAGTATGAAAC,1,0.05,0.5,0.45,6
ACACTGAGTCCGAAGA,1000,0.05,0.5,0.45,6
ACACTGAGTGAGGGTT,1000,0.05,0.5,0.45,6
ACACTGAGTGTCGCTG,5,0.05,0.5,0.45,6
ACACTGATCACTTATC,8,0.05,0.5,0.45,6
ACACTGATCCCTCTTT,1000,0.05,0.5,0.45,6
ACACTGATCCTTGGTC,2,0.05,0.5,0.45,6
ACACTGATCGATAGAA,7,0.05,0.5,0.45,6
ACACTGATCTGTCAAG,1000,0.05,0.5,0.45,6
ACACTGATCTGTCCGT,3,0.05,0.5,0.45,6
ACACTGATCTTCGAGA,7,0.05,0.5,0.45,6
ACAGCCGAGAGTTGGC,3,0.05,0.5,0.45,6
ACAGCCGAGGATGGAA,1,0.05,0.5,0.45,6
ACAGCCGAGTGCTGCC,1,0.05,0.5,0.45,6
ACAGCCGCAGCGAACA,8,0.05,0.5,0.45,6
ACAGCCGCAGTTCCCT,8,0.05,0.5,0.45,6
ACAGCCGCATCTACGA,8,0.05,0.5,0.45,6
ACAGCCGCATGCCTTC,0,0.05,0.5,0.45,6
ACAGCCGGTAGAGGAA,6,0.05,0.5,0.45,6
ACAGCCGTCTTGTTTG,2,0.05,0.5,0.45,6
ACAGCTAAGACCACGA,4,0.05,0.5,0.45,6
ACAGCTAAGCAGATCG,8,0.05,0.5,0.45,6
ACAGCTACAGTCGTGC,8,0.05,0.5,0.45,6
ACAGCTACATCCGCGA,6,0.05,0.5,0.45,6
ACAGCTAGTCCAGTTA,1,0.05,0.5,0.45,6
ACAGCTAGTCCGTTAA,4,0.05,0.5,0.45,6
ACAGCTATCAACGAAA,2,0.05,0.5,0.45,6
ACAGCTATCCGTTGTC,2,0.05,0.5,0.45,6
ACAGCTATCTGGTATG,2,0.05,0.5,0.45,6
ACATACGAGTGAATTG,8,0.05,0.5,0.45,6
ACATACGCAATGGAGC,7,0.05,0.5,0.45,6
ACATACGCACTTCGAA,8,0.05,0.5,0.45,6
ACATACGCAGTAACGG,4,0.05,0.5,0.45,6
ACATACGCAGTAGAGC,2,0.05,0.5,0.45,6
ACATACGCATCCCACT,3,0.05,0.5,0.45,6
ACATACGGTATAGGGC,1000,0.05,0.5,0.45,6
ACATACGGTTCCACAA,1,0.05,0.5,0.45,6
ACATCAGAGGAGCGAG,5,0.05,0.5,0.45,6
ACATCAGAGTGGAGAA,1,0.05,0.5,0.45,6
ACATCAGCAATCCAAC,3,0.05,0.5,0.45,6
ACATCAGCAGCTATTG,1,0.05,0.5,0.45,6
ACATCAGCAGTTCATG,1000,0.05,0.5,0.45,6
ACATCAGGTAGGGTAC,1,0.05,0.5,0.45,6
ACATCAGGTCATACTG,7,0.05,0.5,0.45,6
ACATCAGTCAAACCGT,4,0.05,0.5,0.45,6
ACATCAGTCCTTAATC,4,0.05,0.5,0.45,6
ACATCAGTCCTTGACC,8,0.05,0.5,0.45,6
ACATCAGTCTCGTATT,4,0.05,0.5,0.45,6
ACATCAGTCTCGTTTA,4,0.05,0.5,0.45,6
ACATCAGTCTGAGGGA,1,0.05,0.5,0.45,6
ACATGGTCACCGGAAA,7,0.05,0.5,0.45,6
ACATGGTGTATCACCA,1,0.05,0.5,0.45,6
ACATGGTGTCTAGAGG,6,0.05,0.5,0.45,6
ACATGGTGTGCAGACA,3,0.05,0.5,0.45,6
ACCAGTAAGACAGAGA,5,0.05,0.5,0.45,6
ACCAGTAAGCTGCCCA,6,0.05,0.5,0.45,6
ACCAGTAAGGCAATTA,3,0.05,0.5,0.45,6
ACCAGTAAGTGTGAAT,1,0.05,0.5,0.45,6
ACCAGTACACCCATTC,5,0.05,0.5,0.45,6
ACCAGTACACGAAATA,3,0.05,0.5,0.45,6
ACCAGTACACTGAAGG,4,0.05,0.5,0.45,6
ACCAGTAGTAAGAGGA,3,0.05,0.5,0.45,6
ACCAGTAGTTACGTCA,8,0.05,0.5,0.45,6
ACCAGTATCCCTGACT,3,0.05,0.5,0.45,6
ACCAGTATCGCAGGCT,1,0.05,0.5,0.45,6
ACCAGTATCGCGCCAA,3,0.05,0.5,0.45,6
ACCAGTATCTGGTTCC,1000,0.05,0.5,0.45,6
ACCCACTAGCCTCGTG,8,0.05,0.5,0.45,6
ACCCACTAGGGTTTCT,2,0.05,0.5,0.45,6
ACCCACTCAACGATGG,6,0.05,0.5,0.45,6
ACCCACTCACCAGTTA,4,0.05,0.5,0.45,6
ACCCACTCACCCATGG,1,0.05,0.5,0.45,6
ACCCACTCATCTATGG,8,0.05,0.5,0.45,6
ACCCACTCATTCCTGC,2,0.05,0.5,0.45,6
ACCCACTGTAAGTGTA,1,0.05,0.5,0.45,6
ACCCACTGTAATTGGA,7,0.05,0.5,0.45,6
ACCCACTGTGACTCAT,1,0.05,0.5,0.45,6
ACCCACTGTGATGCCC,3,0.05,0.5,0.45,6
ACCCACTTCTCCAACC,2,0.05,0.5,0.45,6
ACCGTAAAGAGGGCTT,4,0.05,0.5,0.45,6
ACCGTAAAGGATGGTC,7,0.05,0.5,0.45,6
ACCGTAAAGGTAGCTG,4,0.05,0.5,0.45,6
ACCGTAACAAGACACG,7,0.05,0.5,0.45,6
ACCGTAACACCGGAAA,5,0.05,0.5,0.45,6
ACCGTAAGTATATCCG,3,0.05,0.5,0.45,6
ACCGTAAGTCCATGAT,1000,0.05,0.5,0.45,6
ACCGTAAGTCTGATTG,4,0.05,0.5,0.45,6
ACCGTAAGTTGAGTTC,7,0.05,0.5,0.45,6
ACCGTAATCACTGGGC,1,0.05,0.5,0.45,6
ACCGTAATCACTTACT,5,0.05,0.5,0.45,6
ACCGTAATCAGGCCCA,8,0.05,0.5,0.45,6
ACCGTAATCATAAAGG,2,0.05,0.5,0.45,6
ACCTTTAAGAGCAATT,2,0.05,0.5,0.45,6
ACCTTTAAGCTGCAAG,3,0.05,0.5,0.45,6
ACCTTTACAATTGCTG,5,0.05,0.5,0.45,6
ACCTTTACACATTAGC,3,0.05,0.5,0.45,6
ACCTTTACATCACCCT,7,0.05,0.5,0.45,6
ACCTTTACATTAGCCA,3,0.05,0.5,0.45,6
ACCTTTAGTACGAAAT,5,0.05,0.5,0.45,6
ACCTTTAGTCCTAGCG,1000,0.05,0.5,0.45,6
ACCTTTAGTCGCATAT,5,0.05,0.5,0.45,6
ACCTTTAGTGCTCTTC,2,0.05,0.5,0.45,6
ACCTTTAGTGGTTTCA,2,0.05,0.5,0.45,6
ACCTTTAGTTGGAGGT,4,0.05,0.5,0.45,6
ACCTTTATCGTTGACA,6,0.05,0.5,0.45,6
ACGAGCCAGAAACCAT,4,0.05,0.5,0.45,6
ACGAGCCAGACTAGGC,1000,0.05,0.5,0.45,6
ACGAGCCAGCGATCCC,1,0.05,0.5,0.45,6
ACGAGCCGTACCGCTG,4,0.05,0.5,0.45,6
ACGAGCCGTCATACTG,8,0.05,0.5,0.45,6
ACGAGCCGTCATGCCG,4,0.05,0.5,0.45,6
ACGAGCCGTCCGTTAA,8,0.05,0.5,0.45,6
ACGAGCCTCCCTCAGT,2,0.05,0.5,0.45,6
ACGAGCCTCTTTACAC,5,0.05,0.5,0.45,6
ACGAGGAAGACGACGT,1000,0.05,0.5,0.45,6
ACGAGGACAATGGATA,4,0.05,0.5,0.45,6
ACGAGGACAGCTCCGA,3,0.05,0.5,0.45,6
ACGAGGACAGGTGGAT,1,0.05,0.5,0.45,6
ACGAGGAGTAGCTGCC,8,0.05,0.5,0.45,6
ACGAGGAGTCAATGTC,2,0.05,0.5,0.45,6
ACGAGGAGTGTTCTTT,3,0.05,0.5,0.45,6
ACGAGGATCACCTTAT,1,0.05,0.5,0.45,6
ACGAGGATCACTATTC,3,0.05,0.5,0.45,6
ACGAGGATCACTTACT,5,0.05,0.5,0.45,6
ACGAGGATCGGTTCGG,0,0.05,0.5,0.45,6
ACGAGGATCTCTGAGA,5,0.05,0.5,0.45,6
ACGATACAGACAGGCT,6,0.05,0.5,0.45,6
ACGATACAGCCACCTG,2,0.05,0.5,0.45,6
ACGATACAGGTGCTTT,3,0.05,0.5,0.45,6
ACGATACAGTGGACGT,1,0.05,0.5,0.45,6
ACGATACCACACCGCA,3,0.05,0.5,0.45,6
ACGATACCAGGCAGTA,3,0.05,0.5,0.45,6
ACGATACGTAGAAAGG,1,0.05,0.5,0.45,6
ACGATACGTCTCTCTG,3,0.05,0.5,0.45,6
ACGATACGTTCTGTTT,1,0.05,0.5,0.45,6
ACGATACTCAATCTCT,4,0.05,0.5,0.45,6
ACGATACTCACATAGC,1,0.05,0.5,0.45,6
ACGATACTCGATAGAA,6,0.05,0.5,0.45,6
ACGATACTCGTCTGAA,0,0.05,0.5,0.45,6
ACGATACTCTAGCACA,3,0.05,0.5,0.45,6
ACGATGTAGAATAGGG,1,0.05,0.5,0.45,6
ACGATGTAGGACTGGT,3,0.05,0.5,0.45,6
ACGATGTAGGAGTAGA,2,0.05,0.5,0.45,6
ACGATGTAGTGTCTCA,5,0.05,0.5,0.45,6
ACGATGTCACGACGAA,1,0.05,0.5,0.45,6
ACGATGTGTAGCCTCG,5,0.05,0.5,0.45,6
ACGATGTGTCACTTCC,3,0.05,0.5,0.45,6
ACGATGTGTCCTAGCG,1000,0.05,0.5,0.45,6
ACGATGTGTCGACTAT,4,0.05,0.5,0.45,6
ACGATGTGTTCCCGAG,6,0.05,0.5,0.45,6
ACGATGTTCAGGCAAG,6,0.05,0.5,0.45,6
ACGATGTTCATCGGAT,1,0.05,0.5,0.45,6
ACGATGTTCGGAGCAA,2,0.05,0.5,0.45,6
ACGATGTTCTACTCAT,8,0.05,0.5,0.45,6
ACGCAGCAGCACAGGT,8,0.05,0.5,0.45,6
ACGCAGCAGGATCGCA,7,0.05,0.5,0.45,6
ACGCAGCAGTGTGGCA,1,0.05,0.5,0.45,6
ACGCAGCCAGGCAGTA,3,0.05,0.5,0.45,6
ACGCAGCCAGTATGCT,6,0.05,0.5,0.45,6
ACGCAGCGTCATATCG,1,0.05,0.5,0.45,6
ACGCAGCTCCCAAGAT,1000,0.05,0.5,0.45,6
ACGCAGCTCTACTTAC,8,0.05,0.5,0.45,6
ACGCAGCTCTGATACG,5,0.05,0.5,0.45,6
ACGCAGCTCTTGACGA,1,0.05,0.5,0.45,6
ACGCCAGAGCAACGGT,4,0.05,0.5,0.45,6
ACGCCAGAGCTGATAA,1,0.05,0.5,0.45,6
ACGCCAGAGGTCGGAT,5,0.05,0.5,0.45,6
ACGCCAGCATCCCATC,8,0.05,0.5,0.45,6
ACGCCAGCATTGGGCC,7,0.05,0.5,0.45,6
ACGCCAGGTAAAGTCA,8,0.05,0.5,0.45,6
ACGCCAGGTCGGGTCT,6,0.05,0.5,0.45,6
ACGCCAGTCTGCTGCT,1,0.05,0.5,0.45,6
ACGCCGAAGACTAGAT,7,0.05,0.5,0.45,6
ACGCCGAAGCCACGCT,5,0.05,0.5,0.45,6
ACGCCGAAGGCTAGGT,8,0.05,0.5,0.45,6
ACGCCGACAAGCCTAT,4,0.05,0.5,0.45,6
ACGCCGACAGATGGCA,7,0.05,0.5,0.45,6
ACGCCGACAGCAGTTT,7,0.05,0.5,0.45,6
ACGCCGACAGCTGTGC,2,0.05,0.5,0.45,6
ACGCCGAGTTCCAACA,8,0.05,0.5,0.45,6
ACGCCGATCAACGGGA,2,0.05,0.5,0.45,6
ACGCCGATCAGGCCCA,7,0.05,0.5,0.45,6
ACGCCGATCAGTTAGC,1000,0.05,0.5,0.45,6
ACGCCGATCGAGCCCA,3,0.05,0.5,0.45,6
ACGCCGATCTGGTTCC,5,0.05,0.5,0.45,6
ACGGAGAAGGACAGAA,2,0.05,0.5,0.45,6
ACGGAGACACGCATCG,7,0.05,0.5,0.45,6
ACGGAGAGTGATGATA,6,0.05,0.5,0.45,6
ACGGAGAGTTGCGCAC,4,0.05,0.5,0.45,6
ACGGAGAGTTTCCACC,7,0.05,0.5,0.45,6
ACGGAGATCCACGACG,1000,0.05,0.5,0.45,6
ACGGAGATCCTAGTGA,5,0.05,0.5,0.45,6
ACGGAGATCGTCCAGG,2,0.05,0.5,0.45,6
ACGGAGATCTGAGTGT,1000,0.05,0.5,0.45,6
ACGGCCAAGATGTGGC,8,0.05,0.5,0.45,6
ACGGCCAAGCATCATC,4,0.05,0.5,0.45,6
ACGGCCACACGAAATA,1000,0.05,0.5,0.45,6
ACGGCCACACTTCGAA,1,0.05,0.5,0.45,6
ACGGCCAGTGTGAATA,6,0.05,0.5,0.45,6
ACGGCCAGTGTGACCC,4,0.05,0.5,0.45,6
ACGGCCAGTGTTTGGT,6,0.05,0.5,0.45,6
ACGGCCATCCCTCTTT,5,0.05,0.5,0.45,6
ACGGCCATCGATGAGG,2,0.05,0.5,0.45,6
ACGGCCATCTTAGCCC,8,0.05,0.5,0.45,6
ACGGGCTAGGTGCTTT,4,0.05,0.5,0.45,6
ACGGGCTAGTATCTCG,2,0.05,0.5,0.45,6
ACGGGCTCAAGTACCT,3,0.05,0.5,0.45,6
ACGGGCTCACCATGTA,7,0.05,0.5,0.45,6
ACGGGCTCACCCATTC,1000,0.05,0.5,0.45,6
ACGGGCTGTCTAAAGA,7,0.05,0.5,0.45,6
ACGGGCTGTCTCCACT,1000,0.05,0.5,0.45,6
ACGGGCTTCCGAGCCA,7,0.05,0.5,0.45,6
ACGGGCTTCGCGCCAA,4,0.05,0.5,0.45,6
ACGGGCTTCGCTTGTC,5,0.05,0.5,0.45,6
ACGGGCTTCTCACATT,1,0.05,0.5,0.45,6
ACGGGCTTCTGTGCAA,2,0.05,0.5,0.45,6
ACGGGTCAGCGAGAAA,1000,0.05,0.5,0.45,6
ACGGGTCAGCTACCGC,3,0.05,0.5,0.45,6
ACGGGTCAGGCAAAGA,8,0.05,0.5,0.45,6
ACGGGTCAGGCGCTCT,4,0.05,0.5,0.45,6
ACGGGTCAGTACGCCC,2,0.05,0.5,0.45,6
ACGGGTCCATCCTTGC,8,0.05,0.5,0.45,6
ACGGGTCCATGAACCT,7,0.05,0.5,0.45,6
ACGGGTCCATTCTTAC,5,0.05,0.5,0.45,6
ACGGGTCGTATAGGTA,5,0.05,0.5,0.45,6
ACGGGTCGTTGTCTTT,7,0.05,0.5,0.45,6
ACGGGTCTCCAAATGC,4,0.05,0.5,0.45,6
ACGGGTCTCCCTTGTG,4,0.05,0.5,0.45,6
ACGTCAAAGCTGATAA,4,0.05,0.5,0.45,6
ACGTCAAAGGAATTAC,3,0.05,0.5,0.45,6
ACGTCAAAGTTGCAGG,3,0.05,0.5,0.45,6
ACGTCAACACATCTTT,8,0.05,0.5,0.45,6
ACGTCAACATTTCAGG,3,0.05,0.5,0.45,6
ACGTCAAGTGGTAACG,3,0.05,0.5,0.45,6
ACGTCAAGTTTAGGAA,1000,0.05,0.5,0.45,6
ACGTCAATCGCGGATC,4,0.05,0.5,0.45,6
ACTATCTAGCATGGCA,5,0.05,0.5,0.45,6
ACTATCTAGCTCCTTC,6,0.05,0.5,0.45,6
ACTATCTAGTACACCT,1,0.05,0.5,0.45,6
ACTATCTCATCTCCCA,6,0.05,0.5,0.45,6
ACTATCTGTACCGTAT,2,0.05,0.5,0.45,6
ACTATCTGTAGCGATG,1000,0.05,0.5,0.45,6
ACTATCTTCGTCCAGG,8,0.05,0.5,0.45,6
ACTGAACAGAGAACAG,4,0.05,0.5,0.45,6
ACTGAACAGAGGTTGC,3,0.05,0.5,0.45,6
ACTGAACAGCTCCTTC,3,0.05,0.5,0.45,6
ACTGAACCAGCTCGCA,5,0.05,0.5,0.45,6
ACTGAACCAGTTCATG,4,0.05,0.5,0.45,6
ACTGAACGTCTACCTC,6,0.05,0.5,0.45,6
ACTGAACGTTCCTCCA,1,0.05,0.5,0.45,6
ACTGAACTCGGTTCGG,7,0.05,0.5,0.45,6
ACTGAGTAGAGGTTGC,7,0.05,0.5,0.45,6
ACTGAGTAGAGTACAT,7,0.05,0.5,0.45,6
ACTGAGTAGCTGCCCA,3,0.05,0.5,0.45,6
ACTGAGTAGGGTGTGT,1,0.05,0.5,0.45,6
ACTGAGTAGTTTGCGT,7,0.05,0.5,0.45,6
ACTGAGTCAAACGTGG,1,0.05,0.5,0.45,6
ACTGAGTCACAGACAG,5,0.05,0.5,0.45,6
ACTGAGTCACCGCTAG,1,0.05,0.5,0.45,6
ACTGAGTCACTGTGTA,1000,0.05,0.5,0.45,6
ACTGAGTCAGGCAGTA,5,0.05,0.5,0.45,6
ACTGAGTCAGGTGGAT,7,0.05,0.5,0.45,6
ACTGAGTCATCGACGC,7,0.05,0.5,0.45,6
ACTGAGTGTAAAGTCA,8,0.05,0.5,0.45,6
ACTGAGTGTTGGGACA,7,0.05,0.5,0.45,6
ACTGAGTTCAAGGTAA,1,0.05,0.5,0.45,6
ACTGAGTTCCTCTAGC,7,0.05,0.5,0.45,6
ACTGAGTTCTACTCAT,7,0.05,0.5,0.45,6
ACTGATGAGAAACCGC,7,0.05,0.5,0.45,6
ACTGATGAGATGCGAC,6,0.05,0.5,0.45,6
ACTGATGCAGCATACT,1,0.05,0.5,0.45,6
ACTGATGGTGACGGTA,3,0.05,0.5,0.45,6
ACTGATGGTTGATTGC,8,0.05,0.5,0.45,6
ACTGATGTCAGTGCAT,1000,0.05,0.5,0.45,6
ACTGATGTCCGCAGTG,3,0.05,0.5,0.45,6
ACTGATGTCCTTTCGG,2,0.05,0.5,0.45,6
ACTGATGTCTCAACTT,1000,0.05,0.5,0.45,6
ACTGCTCAGATGGGTC,7,0.05,0.5,0.45,6
ACTGCTCAGCACAGGT,6,0.05,0.5,0.45,6
ACTGCTCAGTACGCGA,2,0.05,0.5,0.45,6
ACTGCTCAGTATTGGA,4,0.05,0.5,0.45,6
ACTGCTCGTAAGGATT,7,0.05,0.5,0.45,6
ACTGCTCGTCGCGTGT,1,0.05,0.5,0.45,6
ACTGCTCTCACTATTC,6,0.05,0.5,0.45,6
ACTGCTCTCCAGGGCT,8,0.05,0.5,0.45,6
ACTGCTCTCTCCTATA,1000,0.05,0.5,0.45,6
ACTGCTCTCTTGACGA,5,0.05,0.5,0.45,6
ACTGTCCCAGTACACT,5,0.05,0.5,0.45,6
ACTGTCCCAGTATCTG,6,0.05,0.5,0.45,6
ACTGTCCCATGGGACA,4,0.05,0.5,0.45,6
ACTGTCCGTCTTGTCC,8,0.05,0.5,0.45,6
ACTGTCCGTGCGAAAC,4,0.05,0.5,0.45,6
ACTGTCCGTGGTCCGT,4,0.05,0.5,0.45,6
ACTGTCCTCGAGAACG,5,0.05,0.5,0.45,6
ACTGTCCTCGTTTATC,8,0.05,0.5,0.45,6
ACTGTCCTCTCGCATC,1,0.05,0.5,0.45,6
ACTGTCCTCTGCTGTC,1,0.05,0.5,0.45,6
ACTGTCCTCTGCTTGC,1000,0.05,0.5,0.45,6
ACTTACTAGATCCCGC,1,0.05,0.5,0.45,6
ACTTACTAGCGTTTAC,1,0.05,0.5,0.45,6
ACTTACTAGGCGCTCT,4,0.05,0.5,0.45,6
ACTTACTCAACGCACC,8,0.05,0.5,0.45,6
ACTTACTCAATCGGTT,1,0.05,0.5,0.45,6
ACTTACTCACAGAGGT,7,0.05,0.5,0.45,6
ACTTACTCAGGAACGT,3,0.05,0.5,0.45,6
ACTTACTCATCCGGGT,1,0.05,0.5,0.45,6
ACTTACTGTACTTAGC,1,0.05,0.5,0.45,6
ACTTACTGTTCGTCTC,5,0.05,0.5,0.45,6
ACTTACTTCCAATGGT,2,0.05,0.5,0.45,6
ACTTACTTCCCTAACC,5,0.05,0.5,0.45,6
ACTTACTTCTAACTCT,8,0.05,0.5,0.45,6
ACTTGTTAGTCTTGCA,7,0.05,0.5,0.45,6
ACTTGTTCAATCCAAC,3,0.05,0.5,0.45,6
ACTTGTTCATACTCTT,1,0.05,0.5,0.45,6
ACTTGTTCATATGCTG,8,0.05,0.5,0.45,6
ACTTGTTCATCGGAAG,1000,0.05,0.5,0.45,6
ACTTGTTGTAACGTTC,8,0.05,0.5,0.45,6
ACTTGTTGTGGTCTCG,2,0.05,0.5,0.45,6
ACTTGTTGTGTTCTTT,8,0.05,0.5,0.45,6
ACTTGTTGTTACAGAA,3,0.05,0.5,0.45,6
ACTTGTTGTTCGGGCT,2,0.05,0.5,0.45,6
ACTTTCAAGTTGTCGT,7,0.05,0.5,0.45,6
ACTTTCACAACGCACC,8,0.05,0.5,0.45,6
ACTTTCACACAAGACG,1,0.05,0.5,0.45,6
ACTTTCAGTACAGACG,3,0.05,0.5,0.45,6
ACTTTCAGTCGACTAT,6,0.05,0.5,0.45,6
ACTTTCAGTGTATGGG,2,0.05,0.5,0.45,6
ACTTTCAGTTCGTGAT,3,0.05,0.5,0.45,6
ACTTTCAGTTGATTGC,7,0.05,0.5,0.45,6
ACTTTCATCAGTCAGT,3,0.05,0.5,0.45,6
ACTTTCATCGGACAAG,5,0.05,0.5,0.45,6
AGAATAGAGTACGCGA,2,0.05,0.5,0.45,6
AGAATAGCAATGTTGC,8,0.05,0.5,0.45,6
AGAATAGGTAGCGTAG,7,0.05,0.5,0.45,6
AGAATAGGTATAGGGC,5,0.05,0.5,0.45,6
AGAATAGGTGTTGGGA,3,0.05,0.5,0.45,6
AGAATAGGTTGTTTGG,4,0.05,0.5,0.45,6
AGAATAGGTTTCGCTC,1,0.05,0.5,0.45,6
AGACGTTAGCTTATCG,1,0.05,0.5,0.45,6
AGACGTTAGGCTAGAC,5,0.05,0.5,0.45,6
AGACGTTAGGTGCACA,7,0.05,0.5,0.45,6
AGACGTTAGTCGTTTG,4,0.05,0.5,0.45,6
AGACGTTCAAAGTGCG,4,0.05,0.5,0.45,6
AGACGTTCACCTCGTT,0,0.05,0.5,0.45,6
AGACGTTCAGGCGATA,2,0.05,0.5,0.45,6
AGACGTTCATCGGACC,8,0.05,0.5,0.45,6
AGACGTTGTAAAGGAG,1,0.05,0.5,0.45,6
AGACGTTGTACCGCTG,6,0.05,0.5,0.45,6
AGACGTTGTCGCGGTT,5,0.05,0.5,0.45,6
AGACGTTGTGTGTGCC,8,0.05,0.5,0.45,6
AGACGTTTCCTTTCGG,8,0.05,0.5,0.45,6
AGACGTTTCGTCCAGG,2,0.05,0.5,0.45,6
AGAGCGAAGAGCAATT,5,0.05,0.5,0.45,6
AGAGCGAAGATATACG,1,0.05,0.5,0.45,6
AGAGCGAAGCAGGCTA,7,0.05,0.5,0.45,6
AGAGCGAAGCGCTTAT,7,0.05,0.5,0.45,6
AGAGCGAAGGAATTAC,3,0.05,0.5,0.45,6
AGAGCGAAGGAGCGAG,1,0.05,0.5,0.45,6
AGAGCGAAGGAGTCTG,2,0.05,0.5,0.45,6
AGAGCGACAGTACACT,5,0.05,0.5,0.45,6
AGAGCGACAGTCGATT,3,0.05,0.5,0.45,6
AGAGCGACATCTACGA,4,0.05,0.5,0.45,6
AGAGCGAGTAGCGCTC,1000,0.05,0.5,0.45,6
AGAGCGAGTCGCGTGT,5,0.05,0.5,0.45,6
AGAGCGAGTGGACGAT,7,0.05,0.5,0.45,6
AGAGCGAGTGGCGAAT,5,0.05,0.5,0.45,6
AGAGCTTCATGAAGTA,4,0.05,0.5,0.45,6
AGAGCTTGTAAACACA,1000,0.05,0.5,0.45,6
AGAGCTTGTCTAGCGC,4,0.05,0.5,0.45,6
AGAGCTTTCACATAGC,2,0.05,0.5,0.45,6
AGAGTGGAGAGCCTAG,8,0.05,0.5,0.45,6
AGAGTGGAGGCATTGG,1000,0.05,0.5,0.45,6
AGAGTGGCAACGATCT,2,0.05,0.5,0.45,6
AGAGTGGGTGTCTGAT,1,0.05,0.5,0.45,6
AGAGTGGGTTGTGGAG,4,0.05,0.5,0.45,6
AGAGTGGTCAACGAAA,2,0.05,0.5,0.45,6
AGAGTGGTCACTTATC,2,0.05,0.5,0.45,6
AGAGTGGTCCGCATAA,2,0.05,0.5,0.45,6
AGATCTGAGCTAGTCT,6,0.05,0.5,0.45,6
AGATCTGCACGGATAG,5,0.05,0.5,0.45,6
AGATCTGGTAACGCGA,1000,0.05,0.5,0.45,6
AGATCTGTCATTTGGG,8,0.05,0.5,0.45,6
AGATCTGTCCCAAGAT,4,0.05,0.5,0.45,6
AGATCTGTCTACGAGT,4,0.05,0.5,0.45,6
AGATCTGTCTTCTGGC,2,0.05,0.5,0.45,6
AGATTGCAGCACACAG,8,0.05,0.5,0.45,6
AGATTGCAGGCTCATT,6,0.05,0.5,0.45,6
AGATTGCAGGGCACTA,3,0.05,0.5,0.45,6
AGATTGCCAAAGTGCG,6,0.05,0.5,0.45,6
AGATTGCCAGACTCGC,3,0.05,0.5,0.45,6
AGATTGCCATCCGCGA,8,0.05,0.5,0.45,6
AGATTGCGTAAACCTC,5,0.05,0.5,0.45,6
AGATTGCGTGAGGGTT,2,0.05,0.5,0.45,6
AGATTGCTCATACGGT,1,0.05,0.5,0.45,6
AGCAGCCAGCGCCTCA,1,0.05,0.5,0.45,6
AGCAGCCAGGCTAGCA,8,0.05,0.5,0.45,6
AGCAGCCAGGGTCTCC,7,0.05,0.5,0.45,6
AGCAGCCCAGCGTTCG,2,0.05,0.5,0.45,6
AGCAGCCCATTGCGGC,1,0.05,0.5,0.45,6
AGCAGCCGTCAAGCGA,7,0.05,0.5,0.45,6
AGCAGCCGTCTTGTCC,5,0.05,0.5,0.45,6
AGCAGCCGTTCGTGAT,5,0.05,0.5,0.45,6
AGCATACCATGTCCTC,1000,0.05,0.5,0.45,6
AGCCTAAAGCCGCCTA,5,0.05,0.5,0.45,6
AGCCTAAAGTGAACGC,6,0.05,0.5,0.45,6
AGCCTAACAGGATCGA,7,0.05,0.5,0.45,6
AGCCTAACAGTCACTA,5,0.05,0.5,0.45,6
AGCCTAAGTTGGAGGT,4,0.05,0.5,0.45,6
AGCCTAAGTTTGGCGC,8,0.05,0.5,0.45,6
AGCCTAATCACTCCTG,3,0.05,0.5,0.45,6
AGCCTAATCCCATTAT,6,0.05,0.5,0.45,6
AGCGGTCAGCTAGTGG,8,0.05,0.5,0.45,6
AGCGGTCAGGCTAGGT,0,0.05,0.5,0.45,6
AGCGGTCCAAGTCTAC,7,0.05,0.5,0.45,6
AGCGGTCCAATAGCGG,3,0.05,0.5,0.45,6
AGCGGTCCAATGGACG,4,0.05,0.5,0.45,6
AGCGGTCCAATGGTCT,3,0.05,0.5,0.45,6
AGCGGTCGTTCGTTGA,5,0.05,0.5,0.45,6
AGCGGTCGTTTGACTG,8,0.05,0.5,0.45,6
AGCGGTCTCCCTAACC,5,0.05,0.5,0.45,6
AGCGTATAGTAAGTAC,8,0.05,0.5,0.45,6
AGCGTATCACCTCGTT,6,0.05,0.5,0.45,6
AGCGTATCAGATGGCA,7,0.05,0.5,0.45,6
AGCGTATCATCCGCGA,4,0.05,0.5,0.45,6
AGCGTATCATGCTGGC,8,0.05,0.5,0.45,6
AGCGTATGTGGACGAT,6,0.05,0.5,0.45,6
AGCGTATGTTACGGAG,2,0.05,0.5,0.45,6
AGCGTATGTTGGTGGA,6,0.05,0.5,0.45,6
AGCGTATTCACCATAG,3,0.05,0.5,0.45,6
AGCGTATTCCAAGCCG,5,0.05,0.5,0.45,6
AGCGTATTCGAACGGA,1000,0.05,0.5,0.45,6
AGCGTATTCGCCAAAT,1,0.05,0.5,0.45,6
AGCGTATTCGCGCCAA,4,0.05,0.5,0.45,6
AGCGTCGAGAAACCAT,6,0.05,0.5,0.45,6
AGCGTCGAGACTAGAT,1000,0.05,0.5,0.45,6
AGCGTCGAGACTTTCG,8,0.05,0.5,0.45,6
AGCGTCGAGTCTTGCA,7,0.05,0.5,0.45,6
AGCGTCGCAACGATGG,8,0.05,0.5,0.45,6
AGCGTCGCACTACAGT,5,0.05,0.5,0.45,6
AGCGTCGCATCGGGTC,6,0.05,0.5,0.45,6
AGCGTCGGTGAGGGTT,3,0.05,0.5,0.45,6
AGCGTCGGTGGTACAG,3,0.05,0.5,0.45,6
AGCGTCGGTGTTCTTT,7,0.05,0.5,0.45,6
AGCGTCGGTTAGTGGG,2,0.05,0.5,0.45,6
AGCGTCGTCAAGGCTT,4,0.05,0.5,0.45,6
AGCGTCGTCAATCACG,5,0.05,0.5,0.45,6
AGCGTCGTCGGCGGTT,4,0.05,0.5,0.45,6
AGCGTCGTCTGCGTAA,3,0.05,0.5,0.45,6
AGCTCCTAGAGAACAG,4,0.05,0.5,0.45,6
AGCTCCTAGCCCGAAA,7,0.05,0.5,0.45,6
AGCTCCTCAAGACGTG,2,0.05,0.5,0.45,6
AGCTCCTCACCGCTAG,1000,0.05,0.5,0.45,6
AGCTCCTCAGGGTTAG,1,0.05,0.5,0.45,6
AGCTCCTGTACATCCA,5,0.05,0.5,0.45,6
AGCTCCTGTAGAAAGG,1000,0.05,0.5,0.45,6
AGCTCCTGTCGAAAGC,6,0.05,0.5,0.45,6
AGCTCCTGTCGACTGC,2,0.05,0.5,0.45,6
AGCTCCTTCGCGCCAA,1,0.05,0.5,0.45,6
AGCTCCTTCGTTGCCT,2,0.05,0.5,0.45,6
AGCTCTCAGGATGGAA,5,0.05,0.5,0.45,6
AGCTCTCAGGCGACAT,4,0.05,0.5,0.45,6
AGCTCTCAGTATCGAA,2,0.05,0.5,0.45,6
AGCTCTCCATATACCG,5,0.05,0.5,0.45,6
AGCTCTCGTCTGCGGT,2,0.05,0.5,0.45,6
AGCTCTCTCACTCCTG,1,0.05,0.5,0.45,6
AGCTCTCTCCTATGTT,4,0.05,0.5,0.45,6
AGCTCTCTCGCCAGCA,3,0.05,0.5,0.45,6
AGCTCTCTCGGCATCG,1,0.05,0.5,0.45,6
AGCTTGAAGATCCCAT,6,0.05,0.5,0.45,6
AGCTTGAAGCTGTCTA,3,0.05,0.5,0.45,6
AGCTTGAAGGCTAGAC,8,0.05,0.5,0.45,6
AGCTTGAAGGGTGTGT,6,0.05,0.5,0.45,6
AGCTTGAAGTACGTAA,1,0.05,0.5,0.45,6
AGCTTGAAGTGTCCAT,5,0.05,0.5,0.45,6
AGCTTGAAGTTACGGG,6,0.05,0.5,0.45,6
AGCTTGAAGTTCGCGC,6,0.05,0.5,0.45,6
AGCTTGACATAAGACA,7,0.05,0.5,0.45,6
AGCTTGACATGACGGA,3,0.05,0.5,0.45,6
AGCTTGAGTGACGGTA,2,0.05,0.5,0.45,6
AGCTTGAGTTAAAGTG,1000,0.05,0.5,0.45,6
AGCTTGATCAACACGT,0,0.05,0.5,0.45,6
AGCTTGATCCAAAGTC,3,0.05,0.5,0.45,6
AGCTTGATCGTTTATC,4,0.05,0.5,0.45,6
AGGCCACAGATGAGAG,1000,0.05,0.5,0.45,6
AGGCCACAGCTCTCGG,3,0.05,0.5,0.45,6
AGGCCACAGGGTCGAT,7,0.05,0.5,0.45,6
AGGCCACCAACACGCC,4,0.05,0.5,0.45,6
AGGCCACGTGATGCCC,5,0.05,0.5,0.45,6
AGGCCACGTTACAGAA,1,0.05,0.5,0.45,6
AGGCCACTCGAACGGA,1,0.05,0.5,0.45,6
AGGCCACTCGCGGATC,7,0.05,0.5,0.45,6
AGGCCACTCGTCTGCT,1,0.05,0.5,0.45,6
AGGCCACTCTCACATT,1,0.05,0.5,0.45,6
AGGCCGTAGCACACAG,1,0.05,0.5,0.45,6
AGGCCGTAGCCAGAAC,7,0.05,0.5,0.45,6
AGGCCGTAGCTACCGC,7,0.05,0.5,0.45,6
AGGCCGTAGGACCACA,3,0.05,0.5,0.45,6
AGGCCGTAGGGTCTCC,3,0.05,0.5,0.45,6
AGGCCGTCAAAGTCAA,4,0.05,0.5,0.45,6
AGGCCGTCACACTGCG,4,0.05,0.5,0.45,6
AGGCCGTCACCGAAAG,6,0.05,0.5,0.45,6
AGGCCGTCATCGGGTC,4,0.05,0.5,0.45,6
AGGCCGTCATGATCCA,4,0.05,0.5,0.45,6
AGGCCGTCATGGTCAT,8,0.05,0.5,0.45,6
AGGCCGTGTAATCACC,4,0.05,0.5,0.45,6
AGGCCGTGTTCAGTAC,3,0.05,0.5,0.45,6
AGGCCGTTCAACTCTT,1,0.05,0.5,0.45,6
AGGCCGTTCAGCTCGG,4,0.05,0.5,0.45,6
AGGCCGTTCAGTGTTG,1000,0.05,0.5,0.45,6
AGGCCGTTCTTGTATC,6,0.05,0.5,0.45,6
AGGGAGTAGTTTGCGT,6,0.05,0.5,0.45,6
AGGGAGTCAATCAGAA,4,0.05,0.5,0.45,6
AGGGAGTCATGAAGTA,5,0.05,0.5,0.45,6
AGGGAGTCATTTCACT,1,0.05,0.5,0.45,6
AGGGAGTCATTTCAGG,5,0.05,0.5,0.45,6
AGGGAGTGTGTAAGTA,6,0.05,0.5,0.45,6
AGGGAGTTCACCCTCA,7,0.05,0.5,0.45,6
AGGGAGTTCTGACCTC,6,0.05,0.5,0.45,6
AGGGATGAGAATGTTG,1000,0.05,0.5,0.45,6
AGGGATGAGCCAGTAG,8,0.05,0.5,0.45,6
AGGGATGAGCGTAATA,3,0.05,0.5,0.45,6
AGGGATGAGTACCGGA,6,0.05,0.5,0.45,6
AGGGATGCAAAGCAAT,3,0.05,0.5,0.45,6
AGGGATGCAAGCCGTC,0,0.05,0.5,0.45,6
AGGGATGGTAGAAAGG,3,0.05,0.5,0.45,6
AGGGATGTCCCACTTG,3,0.05,0.5,0.45,6
AGGGATGTCGATCCCT,3,0.05,0.5,0.45,6
AGGGTGAAGACACGAC,4,0.05,0.5,0.45,6
AGGGTGAAGACAGGCT,5,0.05,0.5,0.45,6
AGGGTGAAGCCACGTC,1,0.05,0.5,0.45,6
AGGGTGAAGCGCCTTG,5,0.05,0.5,0.45,6
AGGGTGAAGTGCCATT,5,0.05,0.5,0.45,6
AGGGTGAAGTGGGATC,2,0.05,0.5,0.45,6
AGGGTGACACACGCTG,1,0.05,0.5,0.45,6
AGGGTGACATTAGCCA,1000,0.05,0.5,0.45,6
AGGGTGAGTCCAGTGC,1000,0.05,0.5,0.45,6
AGGGTGATCAGCGACC,1,0.05,0.5,0.45,6
AGGGTGATCATGTAGC,1,0.05,0.5,0.45,6
AGGGTGATCCAAGTAC,7,0.05,0.5,0.45,6
AGGGTGATCCCTCAGT,5,0.05,0.5,0.45,6
AGGGTGATCTCTAAGG,1,0.05,0.5,0.45,6
AGGTCATAGCGTAATA,1,0.05,0.5,0.45,6
AGGTCATAGTATTGGA,3,0.05,0.5,0.45,6
AGGTCATCACCACGTG,6,0.05,0.5,0.45,6
AGGTCATCACGGCCAT,1000,0.05,0.5,0.45,6
AGGTCATCAGACAAAT,1000,0.05,0.5,0.45,6
AGGTCATGTACCGGCT,1000,0.05,0.5,0.45,6
AGGTCATGTCGCGGTT,7,0.05,0.5,0.45,6
AGGTCATGTGCACCAC,1000,0.05,0.5,0.45,6
AGGTCATGTGCTCTTC,6,0.05,0.5,0.45,6
AGGTCATTCAATAAGG,7,0.05,0.5,0.45,6
AGGTCATTCATAACCG,2,0.05,0.5,0.45,6
AGGTCATTCTACGAGT,5,0.05,0.5,0.45,6
AGGTCATTCTGACCTC,1000,0.05,0.5,0.45,6
AGGTCCGAGACAATAC,8,0.05,0.5,0.45,6
AGGTCCGAGCCCAATT,1000,0.05,0.5,0.45,6
AGGTCCGAGGCTAGCA,4,0.05,0.5,0.45,6
AGGTCCGAGGGCACTA,8,0.05,0.5,0.45,6
AGGTCCGCAAGGTTTC,1,0.05,0.5,0.45,6
AGGTCCGCACATCCGG,1000,0.05,0.5,0.45,6
AGGTCCGCAGGAATGC,2,0.05,0.5,0.45,6
AGGTCCGCATCGTCGG,7,0.05,0.5,0.45,6
AGGTCCGGTTCACGGC,1,0.05,0.5,0.45,6
AGGTCCGTCAGGTTCA,3,0.05,0.5,0.45,6
AGTAGTCAGAGGTACC,1,0.05,0.5,0.45,6
AGTAGTCCAAACGTGG,7,0.05,0.5,0.45,6
AGTAGTCCAATCTGCA,1,0.05,0.5,0.45,6
AGTAGTCCAATGGAAT,5,0.05,0.5,0.45,6
AGTAGTCCAGACTCGC,0,0.05,0.5,0.45,6
AGTAGTCGTCAGATAA,6,0.05,0.5,0.45,6
AGTAGTCGTGCATCTA,4,0.05,0.5,0.45,6
AGTAGTCGTGTCAATC,3,0.05,0.5,0.45,6
AGTAGTCTCAACCAAC,1000,0.05,0.5,0.45,6
AGTAGTCTCACTTACT,6,0.05,0.5,0.45,6
AGTAGTCTCCATGCTC,1,0.05,0.5,0.45,6
AGTAGTCTCCCAGGTG,5,0.05,0.5,0.45,6
AGTAGTCTCCTGTACC,1000,0.05,0.5,0.45,6
AGTCTTTAGAAAGTGG,1000,0.05,0.5,0.45,6
AGTCTTTAGACGCAAC,3,0.05,0.5,0.45,6
AGTCTTTAGGGAGTAA,1000,0.05,0.5,0.45,6
AGTCTTTAGTGGGCTA,5,0.05,0.5,0.45,6
AGTCTTTAGTGTCTCA,7,0.05,0.5,0.45,6
AGTCTTTCAATTGCTG,6,0.05,0.5,0.45,6
AGTCTTTCACGGCGTT,4,0.05,0.5,0.45,6
AGTCTTTCATGTCGAT,4,0.05,0.5,0.45,6
AGTCTTTGTCATGCAT,5,0.05,0.5,0.45,6
AGTCTTTGTCTCAACA,1,0.05,0.5,0.45,6
AGTCTTTTCAACGAAA,7,0.05,0.5,0.45,6
AGTCTTTTCCACGAAT,3,0.05,0.5,0.45,6
AGTCTTTTCCTTTACA,5,0.05,0.5,0.45,6
AGTGAGGAGATGAGAG,3,0.05,0.5,0.45,6
AGTGAGGGTGCAACGA,1,0.05,0.5,0.45,6
AGTGAGGGTTCACGGC,7,0.05,0.5,0.45,6
AGTGAGGTCAAAGTAG,2,0.05,0.5,0.45,6
AGTGAGGTCGGTTCGG,4,0.05,0.5,0.45,6
AGTGGGAAGACTGTAA,7,0.05,0.5,0.45,6
AGTGGGACATGCCTAA,0,0.05,0.5,0.45,6
AGTGGGAGTAAATACG,5,0.05,0.5,0.45,6
AGTGGGAGTAATCGTC,2,0.05,0.5,0.45,6
AGTGGGAGTACCGCTG,4,0.05,0.5,0.45,6
AGTGGGAGTTTGCATG,7,0.05,0.5,0.45,6
AGTGGGATCGCCTGTT,3,0.05,0.5,0.45,6
AGTGGGATCGTACGGC,6,0.05,0.5,0.45,6
AGTGGGATCTGCTTGC,4,0.05,0.5,0.45,6
AGTGTCAAGCGATATA,5,0.05,0.5,0.45,6
AGTGTCACAATGGACG,2,0.05,0.5,0.45,6
AGTGTCACAATGGATA,7,0.05,0.5,0.45,6
AGTGTCACAGATGGGT,3,0.05,0.5,0.45,6
AGTGTCAGTGTTTGGT,7,0.05,0.5,0.45,6
AGTGTCAGTTATCACG,1000,0.05,0.5,0.45,6
AGTGTCATCACGCGGT,3,0.05,0.5,0.45,6
AGTGTCATCCTTTACA,1,0.05,0.5,0.45,6
AGTGTCATCGTGGGAA,8,0.05,0.5,0.45,6
AGTTGGTAGAAACCGC,3,0.05,0.5,0.45,6
AGTTGGTAGTCTCAAC,1,0.05,0.5,0.45,6
AGTTGGTCAGATCTGT,5,0.05,0.5,0.45,6
AGTTGGTGTAAGCACG,6,0.05,0.5,0.45,6
AGTTGGTGTCGTGGCT,1000,0.05,0.5,0.45,6
AGTTGGTGTTACCGAT,1000,0.05,0.5,0.45,6
AGTTGGTTCACAAACC,7,0.05,0.5,0.45,6
AGTTGGTTCGTCTGAA,6,0.05,0.5,0.45,6
ATAACGCAGCGATCCC,7,0.05,0.5,0.45,6
ATAACGCCACAGATTC,8,0.05,0.5,0.45,6
ATAACGCCACGGATAG,1,0.05,0.5,0.45,6
ATAACGCCATCACGAT,6,0.05,0.5,0.45,6
ATAACGCCATCTCGCT,1,0.05,0.5,0.45,6
ATAACGCGTCGCGTGT,1,0.05,0.5,0.45,6
ATAACGCGTTCAGCGC,2,0.05,0.5,0.45,6
ATAACGCTCAATCACG,1000,0.05,0.5,0.45,6
ATAACGCTCGTCACGG,1,0.05,0.5,0.45,6
ATAAGAGAGGCTACGA,1000,0.05,0.5,0.45,6
ATAAGAGCAGATAATG,1,0.05,0.5,0.45,6
ATAAGAGCATGCCTAA,8,0.05,0.5,0.45,6
ATAAGAGCATGTAAGA,8,0.05,0.5,0.45,6
ATAAGAGTCATAAAGG,3,0.05,0.5,0.45,6
ATAAGAGTCGTCGTTC,4,0.05,0.5,0.45,6
ATAGACCAGCCGTCGT,5,0.05,0.5,0.45,6
ATAGACCAGCGTGAGT,8,0.05,0.5,0.45,6
ATAGACCCAAGCCGCT,1000,0.05,0.5,0.45,6
ATAGACCGTCCCGACA,6,0.05,0.5,0.45,6
ATAGACCGTCCGTCAG,8,0.05,0.5,0.45,6
ATAGACCGTCGCGAAA,3,0.05,0.5,0.45,6
ATAGACCGTGACCAAG,3,0.05,0.5,0.45,6
ATAGACCTCCAACCAA,1000,0.05,0.5,0.45,6
ATAGACCTCTATCGCC,7,0.05,0.5,0.45,6
ATCACGAAGACTACAA,3,0.05,0.5,0.45,6
ATCACGAAGATACACA,1000,0.05,0.5,0.45,6
ATCACGAAGGAATCGC,1,0.05,0.5,0.45,6
ATCACGAAGGATATAC,3,0.05,0.5,0.45,6
ATCACGAAGGTGCACA,1,0.05,0.5,0.45,6
ATCACGACAAAGTCAA,7,0.05,0.5,0.45,6
ATCACGACAAGTAATG,5,0.05,0.5,0.45,6
ATCACGACAAGTACCT,1000,0.05,0.5,0.45,6
ATCACGACAGGGTACA,4,0.05,0.5,0.45,6
ATCACGACAGTAACGG,3,0.05,0.5,0.45,6
ATCACGACATGTCCTC,2,0.05,0.5,0.45,6
ATCACGATCACGCATA,1,0.05,0.5,0.45,6
ATCACGATCAGCGACC,8,0.05,0.5,0.45,6
ATCACGATCTACGAGT,1000,0.05,0.5,0.45,6
ATCATCTAGAGGTAGA,6,0.05,0.5,0.45,6
ATCATCTAGATCCCAT,5,0.05,0.5,0.45,6
ATCATCTAGTGATCGG,1000,0.05,0.5,0.45,6
ATCATCTCATTACGAC,1,0.05,0.5,0.45,6
ATCATCTGTACTCTCC,6,0.05,0.5,0.45,6
ATCATCTGTGAAAGAG,5,0.05,0.5,0.45,6
ATCATCTGTGCAACGA,6,0.05,0.5,0.45,6
ATCATCTGTTGGTAAA,1,0.05,0.5,0.45,6
ATCATCTTCAAAGTAG,1,0.05,0.5,0.45,6
ATCATCTTCACGACTA,7,0.05,0.5,0.45,6
ATCATCTTCGATGAGG,3,0.05,0.5,0.45,6
ATCATGGAGAGAACAG,1,0.05,0.5,0.45,6
ATCATGGAGCTAGTCT,4,0.05,0.5,0.45,6
ATCATGGAGGGTATCG,1,0.05,0.5,0.45,6
ATCATGGAGTGTTTGC,2,0.05,0.5,0.45,6
ATCATGGCAAGGTGTG,1,0.05,0.5,0.45,6
ATCATGGCACCCAGTG,8,0.05,0.5,0.45,6
ATCATGGCATACGCCG,7,0.05,0.5,0.45,6
ATCATGGGTATTCTCT,4,0.05,0.5,0.45,6
ATCATGGGTTCCGGCA,7,0.05,0.5,0.45,6
ATCATGGTCGATAGAA,1,0.05,0.5,0.45,6
ATCATGGTCGGAGGTA,1,0.05,0.5,0.45,6
ATCATGGTCGTTTAGG,8,0.05,0.5,0.45,6
ATCCACCCAAGCTGAG,5,0.05,0.5,0.45,6
ATCCACCCAATGGAGC,1000,0.05,0.5,0.45,6
ATCCACCCAGCTGTGC,1,0.05,0.5,0.45,6
ATCCACCGTCTTGATG,7,0.05,0.5,0.45,6
ATCCACCGTGCAACGA,8,0.05,0.5,0.45,6
ATCCACCGTGCGCTTG,1000,0.05,0.5,0.45,6
ATCCACCGTTATCGGT,5,0.05,0.5,0.45,6
ATCCACCTCAGAGCTT,1,0.05,0.5,0.45,6
ATCCACCTCCTGCTTG,5,0.05,0.5,0.45,6
ATCCACCTCGAATCCA,1000,0.05,0.5,0.45,6
ATCCACCTCTCTGTCG,2,0.05,0.5,0.45,6
ATCCGAAAGAAGGACA,1000,0.05,0.5,0.45,6
ATCCGAAAGATCGATA,5,0.05,0.5,0.45,6
ATCCGAAAGCAGGTCA,3,0.05,0.5,0.45,6
ATCCGAAAGCGTGTCC,1,0.05,0.5,0.45,6
ATCCGAAAGGAGTTGC,4,0.05,0.5,0.45,6
ATCCGAACAATCAGAA,1,0.05,0.5,0.45,6
ATCCGAACACGGCCAT,1000,0.05,0.5,0.45,6
ATCCGAACAGTAACGG,1000,0.05,0.5,0.45,6
ATCCGAAGTCCCTACT,2,0.05,0.5,0.45,6
ATCCGAAGTCTAGTCA,7,0.05,0.5,0.45,6
ATCCGAAGTGACTACT,1,0.05,0.5,0.45,6
ATCCGAAGTGCACGAA,8,0.05,0.5,0.45,6
ATCCGAAGTGCTCTTC,1000,0.05,0.5,0.45,6
ATCCGAAGTTCCACTC,4,0.05,0.5,0.45,6
ATCCGAAGTTTCGCTC,3,0.05,0.5,0.45,6
ATCCGAATCAGTACGT,4,0.05,0.5,0.45,6
ATCCGAATCCAAATGC,7,0.05,0.5,0.45,6
ATCCGAATCCACGAAT,2,0.05,0.5,0.45,6
ATCCGAATCCGTACAA,1,0.05,0.5,0.45,6
ATCCGAATCCTCATTA,1000,0.05,0.5,0.45,6
ATCCGAATCTTGTCAT,4,0.05,0.5,0.45,6
ATCGAGTAGAGTTGGC,2,0.05,0.5,0.45,6
ATCGAGTAGCAGCCTC,6,0.05,0.5,0.45,6
ATCGAGTAGCTAGCCC,5,0.05,0.5,0.45,6
ATCGAGTAGTAGTGCG,1,0.05,0.5,0.45,6
ATCGAGTCAAATACAG,3,0.05,0.5,0.45,6
ATCGAGTCATCCTTGC,1000,0.05,0.5,0.45,6
ATCGAGTGTTATCGGT,4,0.05,0.5,0.45,6
ATCGAGTTCACTCTTA,6,0.05,0.5,0.45,6
ATCGAGTTCTTACCTA,7,0.05,0.5,0.45,6
ATCTACTAGAATAGGG,5,0.05,0.5,0.45,6
ATCTACTAGACTAGGC,5,0.05,0.5,0.45,6
ATCTACTAGAGGGCTT,1000,0.05,0.5,0.45,6
ATCTACTAGCCTCGTG,5,0.05,0.5,0.45,6
ATCTACTAGGAATGGA,7,0.05,0.5,0.45,6
ATCTACTAGGGTTTCT,1,0.05,0.5,0.45,6
ATCTACTCATCCGTGG,8,0.05,0.5,0.45,6
ATCTACTCATTCCTCG,1000,0.05,0.5,0.45,6
ATCTACTCATTCTCAT,6,0.05,0.5,0.45,6
ATCTACTGTATCGCAT,8,0.05,0.5,0.45,6
ATCTACTGTCAGATAA,5,0.05,0.5,0.45,6
ATCTACTTCAGTACGT,1000,0.05,0.5,0.45,6
ATCTACTTCATACGGT,6,0.05,0.5,0.45,6
ATCTACTTCCGTCAAA,7,0.05,0.5,0.45,6
ATCTACTTCTGTCTAT,7,0.05,0.5,0.45,6
ATCTGCCAGACTAGGC,5,0.05,0.5,0.45,6
ATCTGCCAGAGGTTGC,8,0.05,0.5,0.45,6
ATCTGCCAGAGTGACC,1,0.05,0.5,0.45,6
ATCTGCCAGGGTTCCC,1,0.05,0.5,0.45,6
ATCTGCCCACCATCCT,1000,0.05,0.5,0.45,6
ATCTGCCCACTAAGTC,4,0.05,0.5,0.45,6
ATCTGCCCAGCCAATT,5,0.05,0.5,0.45,6
ATCTGCCCAGCTCCGA,5,0.05,0.5,0.45,6
ATCTGCCCAGCTTCGG,1,0.05,0.5,0.45,6
ATCTGCCGTAAACACA,8,0.05,0.5,0.45,6
ATCTGCCGTCTCATCC,1000,0.05,0.5,0.45,6
ATCTGCCTCAAACCGT,3,0.05,0.5,0.45,6
ATCTGCCTCAGTTCGA,7,0.05,0.5,0.45,6
ATGAGGGAGCAACGGT,8,0.05,0.5,0.45,6
ATGAGGGGTAATCACC,3,0.05,0.5,0.45,6
ATGAGGGGTAGCAAAT,4,0.05,0.5,0.45,6
ATGAGGGGTAGCGTCC,3,0.05,0.5,0.45,6
ATGAGGGGTCCCTACT,0,0.05,0.5,0.45,6
ATGAGGGGTCCTGCTT,8,0.05,0.5,0.45,6
ATGAGGGGTCGTTGTA,7,0.05,0.5,0.45,6
ATGAGGGGTCTCCATC,1,0.05,0.5,0.45,6
ATGAGGGGTGCACCAC,4,0.05,0.5,0.45,6
ATGAGGGGTTAAAGTG,1,0.05,0.5,0.45,6
ATGAGGGGTTAAGATG,8,0.05,0.5,0.45,6
ATGAGGGGTTGCGCAC,5,0.05,0.5,0.45,6
ATGAGGGTCAGGCCCA,3,0.05,0.5,0.45,6
ATGCGATAGATCACGG,2,0.05,0.5,0.45,6
ATGCGATAGGAGTTGC,5,0.05,0.5,0.45,6
ATGCGATAGTGACTCT,8,0.05,0.5,0.45,6
ATGCGATCAAGTAGTA,8,0.05,0.5,0.45,6
ATGCGATGTTGTGGAG,1,0.05,0.5,0.45,6
ATGCGATTCAGCTCTC,1000,0.05,0.5,0.45,6
ATGCGATTCCACTGGG,7,0.05,0.5,0.45,6
ATGCGATTCTACCAGA,3,0.05,0.5,0.45,6
ATGGGAGAGAGGGATA,2,0.05,0.5,0.45,6
ATGGGAGAGATGGGTC,5,0.05,0.5,0.45,6
ATGGGAGAGTCAATAG,8,0.05,0.5,0.45,6
ATGGGAGAGTCTCAAC,5,0.05,0.5,0.45,6
ATGGGAGAGTGAACGC,6,0.05,0.5,0.45,6
ATGGGAGCACATTCGA,5,0.05,0.5,0.45,6
ATGGGAGCAGTCGATT,7,0.05,0.5,0.45,6
ATGGGAGCATGCTAGT,4,0.05,0.5,0.45,6
ATGGGAGGTAGCAAAT,6,0.05,0.5,0.45,6
ATGGGAGGTGTCTGAT,1000,0.05,0.5,0.45,6
ATGTGTGAGAAGATTC,4,0.05,0.5,0.45,6
ATGTGTGAGCTGAACG,5,0.05,0.5,0.45,6
ATGTGTGCAATGTAAG,1000,0.05,0.5,0.45,6
ATGTGTGCACAGGTTT,7,0.05,0.5,0.45,6
ATGTGTGCACGCCAGT,4,0.05,0.5,0.45,6
ATGTGTGCATAGAAAC,3,0.05,0.5,0.45,6
ATGTGTGCATGGTCTA,1000,0.05,0.5,0.45,6
ATGTGTGTCAGGCAAG,1,0.05,0.5,0.45,6
ATGTGTGTCCACGACG,7,0.05,0.5,0.45,6
ATGTGTGTCCCTAACC,8,0.05,0.5,0.45,6
ATGTGTGTCTATCGCC,6,0.05,0.5,0.45,6
ATTACTCAGGAGTTGC,8,0.05,0.5,0.45,6
ATTACTCCACCTGGTG,1,0.05,0.5,0.45,6
ATTACTCCACGCATCG,2,0.05,0.5,0.45,6
ATTACTCCACTTAAGC,3,0.05,0.5,0.45,6
ATTACTCGTAAATGAC,3,0.05,0.5,0.45,6
ATTACTCGTAGCGATG,0,0.05,0.5,0.45,6
ATTACTCGTATTACCG,4,0.05,0.5,0.45,6
ATTACTCGTTCCACTC,1000,0.05,0.5,0.45,6
ATTACTCTCACAACGT,3,0.05,0.5,0.45,6
ATTACTCTCATGCTCC,4,0.05,0.5,0.45,6
ATTACTCTCCAGAAGG,5,0.05,0.5,0.45,6
ATTACTCTCCAGTAGT,4,0.05,0.5,0.45,6
ATTACTCTCGGAAATA,4,0.05,0.5,0.45,6
ATTACTCTCGGTTAAC,1000,0.05,0.5,0.45,6
ATTACTCTCTCGCTTG,1000,0.05,0.5,0.45,6
ATTATCCAGTAGGCCA,1000,0.05,0.5,0.45,6
ATTATCCAGTTACGGG,1000,0.05,0.5,0.45,6
ATTATCCCAGCGTAAG,1,0.05,0.5,0.45,6
ATTATCCCAGGAACGT,5,0.05,0.5,0.45,6
ATTATCCGTCCGTTAA,5,0.05,0.5,0.45,6
ATTATCCGTCTCTTAT,3,0.05,0.5,0.45,6
ATTATCCGTGTCCTCT,5,0.05,0.5,0.45,6
ATTATCCTCAACGCTA,1,0.05,0.5,0.45,6
ATTATCCTCGCAGGCT,3,0.05,0.5,0.45,6
ATTCTACAGAGTGAGA,4,0.05,0.5,0.45,6
ATTCTACAGATGTGGC,2,0.05,0.5,0.45,6
ATTCTACAGCCACTAT,1,0.05,0.5,0.45,6
ATTCTACAGTGCAAGC,6,0.05,0.5,0.45,6
ATTCTACAGTGGCACA,3,0.05,0.5,0.45,6
ATTCTACAGTTGAGAT,8,0.05,0.5,0.45,6
ATTCTACAGTTGTAGA,5,0.05,0.5,0.45,6
ATTCTACCAAGCGATG,6,0.05,0.5,0.45,6
ATTCTACCAAGGACAC,4,0.05,0.5,0.45,6
ATTCTACCACATTCGA,1000,0.05,0.5,0.45,6
ATTCTACCAGATAATG,7,0.05,0.5,0.45,6
ATTCTACGTCATATGC,1000,0.05,0.5,0.45,6
ATTCTACGTTAGGGTG,4,0.05,0.5,0.45,6
ATTCTACTCATCTGCC,8,0.05,0.5,0.45,6
ATTCTACTCCAAAGTC,7,0.05,0.5,0.45,6
ATTCTACTCTTACCTA,2,0.05,0.5,0.45,6
ATTGGACAGCTTCGCG,7,0.05,0.5,0.45,6
ATTGGACCAAAGTCAA,3,0.05,0.5,0.45,6
ATTGGACCACCGGAAA,4,0.05,0.5,0.45,6
ATTGGACCAGGATCGA,6,0.05,0.5,0.45,6
ATTGGACGTCCAGTTA,2,0.05,0.5,0.45,6
ATTGGACGTTCACGGC,6,0.05,0.5,0.45,6
ATTGGACTCCACGACG,6,0.05,0.5,0.45,6
ATTGGACTCGGCGCAT,7,0.05,0.5,0.45,6
ATTGGACTCTTGAGGT,8,0.05,0.5,0.45,6
ATTGGACTCTTTAGTC,5,0.05,0.5,0.45,6
ATTGGTGAGGATTCGG,6,0.05,0.5,0.45,6
ATTGGTGAGTCGTACT,3,0.05,0.5,0.45,6
ATTGGTGCAGCCAATT,1,0.05,0.5,0.45,6
ATTGGTGCAGGGTTAG,7,0.05,0.5,0.45,6
ATTGGTGGTACTTCTT,5,0.05,0.5,0.45,6
ATTGGTGGTAGGGTAC,1,0.05,0.5,0.45,6
ATTGGTGGTTCCCTTG,1,0.05,0.5,0.45,6
ATTGGTGGTTCCGTCT,1000,0.05,0.5,0.45,6
ATTTCTGAGAAGGTGA,7,0.05,0.5,0.45,6
ATTTCTGAGCTCAACT,7,0.05,0.5,0.45,6
ATTTCTGAGCTGCAAG,7,0.05,0.5,0.45,6
ATTTCTGCACTTGGAT,2,0.05,0.5,0.45,6
ATTTCTGCAGTTCCCT,8,0.05,0.5,0.45,6
ATTTCTGGTAGCTGCC,3,0.05,0.5,0.45,6
ATTTCTGGTCGAACAG,6,0.05,0.5,0.45,6
ATTTCTGTCACTTCAT,2,0.05,0.5,0.45,6
ATTTCTGTCAGCACAT,3,0.05,0.5,0.45,6
ATTTCTGTCATTGCCC,8,0.05,0.5,0.45,6
ATTTCTGTCGCTTGTC,4,0.05,0.5,0.45,6
ATTTCTGTCGGTGTCG,1,0.05,0.5,0.45,6
CAACCAAAGAACAACT,1,0.05,0.5,0.45,6
CAACCAAAGAAGGGTA,7,0.05,0.5,0.45,6
CAACCAAAGGCATGTG,4,0.05,0.5,0.45,6
CAACCAAAGTCTCGGC,1000,0.05,0.5,0.45,6
CAACCAACAACGATGG,8,0.05,0.5,0.45,6
CAACCAACATGAAGTA,8,0.05,0.5,0.45,6
CAACCAAGTCGCTTTC,7,0.05,0.5,0.45,6
CAACCAATCACGCATA,3,0.05,0.5,0.45,6
CAACCAATCTCTGTCG,4,0.05,0.5,0.45,6
CAACCTCAGGCAAAGA,6,0.05,0.5,0.45,6
CAACCTCAGGCTCATT,7,0.05,0.5,0.45,6
CAACCTCAGTCTCCTC,3,0.05,0.5,0.45,6
CAACCTCCAGGTCCAC,3,0.05,0.5,0.45,6
CAACCTCGTAGATTAG,1000,0.05,0.5,0.45,6
CAACCTCGTGCAACGA,6,0.05,0.5,0.45,6
CAACCTCTCCCTAATT,1,0.05,0.5,0.45,6
CAACCTCTCCTAGTGA,1,0.05,0.5,0.45,6
CAACCTCTCTCTGAGA,2,0.05,0.5,0.45,6
CAACTAGAGAGGGATA,1,0.05,0.5,0.45,6
CAACTAGAGGCACATG,8,0.05,0.5,0.45,6
CAACTAGAGGTGTTAA,3,0.05,0.5,0.45,6
CAACTAGCAAATACAG,6,0.05,0.5,0.45,6
CAACTAGCAAGCTGTT,5,0.05,0.5,0.45,6
CAACTAGCAGTCCTTC,1000,0.05,0.5,0.45,6
CAACTAGCAGTGGAGT,1,0.05,0.5,0.45,6
CAACTAGCATTGGTAC,4,0.05,0.5,0.45,6
CAACTAGGTCACAAGG,5,0.05,0.5,0.45,6
CAACTAGGTCCGAATT,0,0.05,0.5,0.45,6
CAACTAGTCACATGCA,8,0.05,0.5,0.45,6
CAACTAGTCCGCGCAA,1000,0.05,0.5,0.45,6
CAAGAAAAGACAGACC,3,0.05,0.5,0.45,6
CAAGAAAAGAGGTTGC,3,0.05,0.5,0.45,6
CAAGAAAAGGTGCACA,1000,0.05,0.5,0.45,6
CAAGAAACAAGGTGTG,7,0.05,0.5,0.45,6
CAAGAAACACCACCAG,1000,0.05,0.5,0.45,6
CAAGAAACAGCTGGCT,1,0.05,0.5,0.45,6
CAAGAAACATATGAGA,8,0.05,0.5,0.45,6
CAAGAAACATGTCGAT,4,0.05,0.5,0.45,6
CAAGAAAGTTCCAACA,5,0.05,0.5,0.45,6
CAAGAAATCACGAAGG,2,0.05,0.5,0.45,6
CAAGAAATCCAGTAGT,5,0.05,0.5,0.45,6
CAAGAAATCTTGTCAT,8,0.05,0.5,0.45,6
CAAGATCAGAAGGGTA,2,0.05,0.5,0.45,6
CAAGATCAGACCTAGG,8,0.05,0.5,0.45,6
CAAGATCAGGCCATAG,7,0.05,0.5,0.45,6
CAAGATCAGTATTGGA,6,0.05,0.5,0.45,6
CAAGATCAGTCGCCGT,5,0.05,0.5,0.45,6
CAAGATCAGTGTCCCG,4,0.05,0.5,0.45,6
CAAGATCCAAAGAATC,4,0.05,0.5,0.45,6
CAAGATCCAAGGACAC,8,0.05,0.5,0.45,6
CAAGATCCATCTACGA,1,0.05,0.5,0.45,6
CAAGATCGTATATGGA,7,0.05,0.5,0.45,6
CAAGATCGTCCGAAGA,6,0.05,0.5,0.45,6
CAAGATCGTCCTGCTT,0,0.05,0.5,0.45,6
CAAGATCGTGCGGTAA,8,0.05,0.5,0.45,6
CAAGATCTCAAGGTAA,8,0.05,0.5,0.45,6
CAAGATCTCTCCAGGG,5,0.05,0.5,0.45,6
CAAGATCTCTTCGAGA,1,0.05,0.5,0.45,6
CAAGATCTCTTGGGTA,1,0.05,0.5,0.45,6
CAAGGCCAGACAATAC,1,0.05,0.5,0.45,6
CAAGGCCAGAGCTATA,1,0.05,0.5,0.45,6
CAAGGCCAGGCGCTCT,4,0.05,0.5,0.45,6
CAAGGCCAGTGTCCAT,1000,0.05,0.5,0.45,6
CAAGGCCCAATGAAAC,6,0.05,0.5,0.45,6
CAAGGCCCACACATGT,7,0.05,0.5,0.45,6
CAAGGCCCACAGTCGC,1,0.05,0.5,0.45,6
CAAGGCCCAGACAGGT,4,0.05,0.5,0.45,6
CAAGGCCGTAAACCTC,1,0.05,0.5,0.45,6
CAAGGCCGTGTTCTTT,5,0.05,0.5,0.45,6
CAAGGCCGTTAAAGAC,1,0.05,0.5,0.45,6
CAAGGCCTCCTGCCAT,1,0.05,0.5,0.45,6
CAAGGCCTCCTGTACC,4,0.05,0.5,0.45,6
CAAGGCCTCTGCGTAA,3,0.05,0.5,0.45,6
CAAGGCCTCTTGGGTA,4,0.05,0.5,0.45,6
CAAGTTGAGAGGTTAT,1000,0.05,0.5,0.45,6
CAAGTTGAGCAGACTG,8,0.05,0.5,0.45,6
CAAGTTGAGCCTATGT,0,0.05,0.5,0.45,6
CAAGTTGCAATAGCGG,5,0.05,0.5,0.45,6
CAAGTTGCAATGAAAC,5,0.05,0.5,0.45,6
CAAGTTGCACATGTGT,1,0.05,0.5,0.45,6
CAAGTTGGTCATGCAT,5,0.05,0.5,0.45,6
CAAGTTGGTCGCGGTT,3,0.05,0.5,0.45,6
CAAGTTGGTTCCGTCT,1,0.05,0.5,0.45,6
CAAGTTGTCCAACCAA,5,0.05,0.5,0.45,6
CAAGTTGTCCTCGCAT,6,0.05,0.5,0.45,6
CAAGTTGTCGTGGTCG,1000,0.05,0.5,0.45,6
CAAGTTGTCTCTGCTG,5,0.05,0.5,0.45,6
CACAAACAGGTACTCT,3,0.05,0.5,0.45,6
CACAAACAGGTCATCT,1,0.05,0.5,0.45,6
CACAAACAGTGACATA,7,0.05,0.5,0.45,6
CACAAACCAAGTTGTC,4,0.05,0.5,0.45,6
CACAAACCATACGCTA,8,0.05,0.5,0.45,6
CACAAACCATACTACG,6,0.05,0.5,0.45,6
CACAAACCATTCACTT,4,0.05,0.5,0.45,6
CACAAACGTCCAGTGC,7,0.05,0.5,0.45,6
CACAAACGTCCGCTGA,3,0.05,0.5,0.45,6
CACAAACGTGATGTCT,1000,0.05,0.5,0.45,6
CACAAACTCAGTTGAC,4,0.05,0.5,0.45,6
CACAAACTCCAACCAA,8,0.05,0.5,0.45,6
CACAAACTCCTCATTA,1,0.05,0.5,0.45,6
CACAAACTCGGCGCTA,4,0.05,0.5,0.45,6
CACACAAAGATCGATA,7,0.05,0.5,0.45,6
CACACAAAGCTAAGAT,3,0.05,0.5,0.45,6
CACACAAAGCTACCGC,5,0.05,0.5,0.45,6
CACACAAAGGCACATG,8,0.05,0.5,0.45,6
CACACAACAAGCTGAG,6,0.05,0.5,0.45,6
CACACAACAGCGTCCA,5,0.05,0.5,0.45,6
CACACAACATATACGC,6,0.05,0.5,0.45,6
CACACAAGTAGAAGGA,1,0.05,0.5,0.45,6
CACACAAGTCAGGACA,5,0.05,0.5,0.45,6
CACACAATCATAAAGG,1000,0.05,0.5,0.45,6
CACACAATCATAGCAC,1,0.05,0.5,0.45,6
CACACAATCCAATGGT,0,0.05,0.5,0.45,6
CACACAATCGTACCGG,4,0.05,0.5,0.45,6
CACACCTAGCTTATCG,5,0.05,0.5,0.45,6
CACACCTAGGTCATCT,0,0.05,0.5,0.45,6
CACACCTAGTACATGA,3,0.05,0.5,0.45,6
CACACCTCAAACCTAC,1,0.05,0.5,0.45,6
CACACCTCAAGGTTTC,3,0.05,0.5,0.45,6
CACACCTGTACAGACG,1,0.05,0.5,0.45,6
CACACCTGTCTTCGTC,8,0.05,0.5,0.45,6
CACACCTGTGAACCTT,1,0.05,0.5,0.45,6
CACACCTGTGTTTGGT,3,0.05,0.5,0.45,6
CACACCTTCACAAACC,1,0.05,0.5,0.45,6
CACACCTTCGGCGCTA,4,0.05,0.5,0.45,6
CACACCTTCTCAAACG,3,0.05,0.5,0.45,6
CACACTCGTACTCTCC,3,0.05,0.5,0.45,6
CACACTCGTCATCGGC,1000,0.05,0.5,0.45,6
CACACTCGTTAAGATG,2,0.05,0.5,0.45,6
CACACTCGTTGGTAAA,8,0.05,0.5,0.45,6
CACACTCTCAGGCAAG,3,0.05,0.5,0.45,6
CACACTCTCTCAAACG,1,0.05,0.5,0.45,6
CACACTCTCTCCGGTT,8,0.05,0.5,0.45,6
CACACTCTCTTGAGGT,8,0.05,0.5,0.45,6
CACACTCTCTTGTTTG,8,0.05,0.5,0.45,6
CACAGGCAGCTGCAAG,0,0.05,0.5,0.45,6
CACAGGCAGTCATCCA,2,0.05,0.5,0.45,6
CACAGGCAGTGTACGG,6,0.05,0.5,0.45,6
CACAGGCCACCATCCT,4,0.05,0.5,0.45,6
CACAGGCCAGATTGCT,4,0.05,0.5,0.45,6
CACAGGCCAGCATGAG,7,0.05,0.5,0.45,6
CACAGGCGTGTGGCTC,8,0.05,0.5,0.45,6
CACAGGCGTTCGGGCT,1000,0.05,0.5,0.45,6
CACAGGCTCTAACTCT,5,0.05,0.5,0.45,6
CACAGTAAGACGCAAC,8,0.05,0.5,0.45,6
CACAGTACAAGCCGCT,5,0.05,0.5,0.45,6
CACAGTACAGACTCGC,7,0.05,0.5,0.45,6
CACAGTACATTCCTCG,1000,0.05,0.5,0.45,6
CACAGTAGTGGCTCCA,6,0.05,0.5,0.45,6
CACAGTAGTTTACTCT,8,0.05,0.5,0.45,6
CACAGTATCAACGCTA,7,0.05,0.5,0.45,6
CACAGTATCCTATGTT,2,0.05,0.5,0.45,6
CACAGTATCCTGCAGG,8,0.05,0.5,0.45,6
CACAGTATCCTTGGTC,1,0.05,0.5,0.45,6
CACAGTATCTGCGACG,7,0.05,0.5,0.45,6
CACATAGAGACCCACC,8,0.05,0.5,0.45,6
CACATAGAGGATGGAA,1,0.05,0.5,0.45,6
CACATAGCACTAGTAC,0,0.05,0.5,0.45,6
CACATAGCAGACGCTC,5,0.05,0.5,0.45,6
CACATAGGTCAGGACA,7,0.05,0.5,0.45,6
CACATAGTCAGCCTAA,1,0.05,0.5,0.45,6
CACATAGTCATAGCAC,3,0.05,0.5,0.45,6
CACATAGTCGCGTAGC,1,0.05,0.5,0.45,6
CACATAGTCTAACCGA,7,0.05,0.5,0.45,6
CACATTTAGAGTACAT,1000,0.05,0.5,0.45,6
CACATTTAGATGTTAG,1000,0.05,0.5,0.45,6
CACATTTCAATTCCTT,7,0.05,0.5,0.45,6
CACATTTCACAGATTC,6,0.05,0.5,0.45,6
CACATTTGTAAGGGCT,1000,0.05,0.5,0.45,6
CACATTTGTGACTCAT,7,0.05,0.5,0.45,6
CACATTTTCGTATCAG,6,0.05,0.5,0.45,6
CACCACTAGAGATGAG,5,0.05,0.5,0.45,6
CACCACTAGGGTCGAT,2,0.05,0.5,0.45,6
CACCACTAGGTTCCTA,5,0.05,0.5,0.45,6
CACCACTAGTGGAGAA,1,0.05,0.5,0.45,6
CACCACTAGTTACCCA,7,0.05,0.5,0.45,6
CACCACTCACACCGAC,7,0.05,0.5,0.45,6
CACCACTCATCCAACA,1,0.05,0.5,0.45,6
CACCACTTCGCCGTGA,1,0.05,0.5,0.45,6
CACCACTTCGTAGGTT,2,0.05,0.5,0.45,6
CACCACTTCTGCGACG,4,0.05,0.5,0.45,6
CACCAGGAGAACAACT,1,0.05,0.5,0.45,6
CACCAGGAGGAACTGC,2,0.05,0.5,0.45,6
CACCAGGAGGGAAACA,1,0.05,0.5,0.45,6
CACCAGGAGTAATCCC,3,0.05,0.5,0.45,6
CACCAGGCAAGCCGTC,3,0.05,0.5,0.45,6
CACCAGGCAAGTCTAC,3,0.05,0.5,0.45,6
CACCAGGCAGCTGGCT,8,0.05,0.5,0.45,6
CACCAGGGTGTAATGA,6,0.05,0.5,0.45,6
CACCAGGTCAACACTG,5,0.05,0.5,0.45,6
CACCAGGTCATTGCGA,1,0.05,0.5,0.45,6
CACCAGGTCTCACATT,5,0.05,0.5,0.45,6
CACCTTGAGACAGAGA,7,0.05,0.5,0.45,6
CACCTTGAGTCCCACG,3,0.05,0.5,0.45,6
CACCTTGCACCCATTC,0,0.05,0.5,0.45,6
CACCTTGGTAAGGGCT,3,0.05,0.5,0.45,6
CACCTTGGTAGCGTGA,5,0.05,0.5,0.45,6
CACCTTGGTCTAGCCG,6,0.05,0.5,0.45,6
CACCTTGGTCTCCACT,6,0.05,0.5,0.45,6
CACCTTGGTGTTCGAT,1,0.05,0.5,0.45,6
CACCTTGGTTCGGCAC,1000,0.05,0.5,0.45,6
CACCTTGTCTCTAGGA,1,0.05,0.5,0.45,6
CACTCCAAGCTCTCGG,6,0.05,0.5,0.45,6
CACTCCAAGGTACTCT,2,0.05,0.5,0.45,6
CACTCCACAGGGATTG,6,0.05,0.5,0.45,6
CACTCCACATTTCAGG,1000,0.05,0.5,0.45,6
CACTCCACATTTGCTT,1,0.05,0.5,0.45,6
CACTCCAGTTGGTGGA,8,0.05,0.5,0.45,6
CACTCCATCAGTTTGG,1000,0.05,0.5,0.45,6
CACTCCATCCGAACGC,5,0.05,0.5,0.45,6
CAGAATCAGTGTACGG,1,0.05,0.5,0.45,6
CAGAATCCACTCTGTC,1,0.05,0.5,0.45,6
CAGAATCCATGTAGTC,1,0.05,0.5,0.45,6
CAGAATCGTACTTCTT,5,0.05,0.5,0.45,6
CAGAATCGTCCGAAGA,1,0.05,0.5,0.45,6
CAGAATCTCAACTCTT,3,0.05,0.5,0.45,6
CAGAGAGAGAGGACGG,3,0.05,0.5,0.45,6
CAGAGAGAGATGCGAC,2,0.05,0.5,0.45,6
CAGAGAGAGCAAATCA,4,0.05,0.5,0.45,6
CAGAGAGCAAGGACAC,5,0.05,0.5,0.45,6
CAGAGAGCAAGGCTCC,1,0.05,0.5,0.45,6
CAGAGAGCACGGCTAC,7,0.05,0.5,0.45,6
CAGAGAGGTCACAAGG,1,0.05,0.5,0.45,6
CAGAGAGGTCGGATCC,7,0.05,0.5,0.45,6
CAGAGAGGTGCTTCTC,1000,0.05,0.5,0.45,6
CAGAGAGGTGGTGTAG,5,0.05,0.5,0.45,6
CAGAGAGGTGTGCCTG,6,0.05,0.5,0.45,6
CAGAGAGTCAGTGTTG,1000,0.05,0.5,0.45,6
CAGAGAGTCGAGCCCA,7,0.05,0.5,0.45,6
CAGAGAGTCTGGTGTA,1,0.05,0.5,0.45,6
CAGATCAAGAAGGACA,4,0.05,0.5,0.45,6
CAGATCAAGGTGATAT,8,0.05,0.5,0.45,6
CAGATCACACTTCGAA,6,0.05,0.5,0.45,6
CAGATCACATGTAGTC,4,0.05,0.5,0.45,6
CAGATCATCGTTACAG,1,0.05,0.5,0.45,6
CAGCAGCAGACTCGGA,3,0.05,0.5,0.45,6
CAGCAGCAGCGGATCA,5,0.05,0.5,0.45,6
CAGCAGCAGCTAAACA,4,0.05,0.5,0.45,6
CAGCAGCAGGCAGTCA,1,0.05,0.5,0.45,6
CAGCAGCAGTACGCCC,2,0.05,0.5,0.45,6
CAGCAGCAGTTGTAGA,2,0.05,0.5,0.45,6
CAGCAGCCAAAGGCGT,1,0.05,0.5,0.45,6
CAGCAGCCACTGTCGG,8,0.05,0.5,0.45,6
CAGCAGCCAGCGTTCG,2,0.05,0.5,0.45,6
CAGCAGCCAGTAACGG,0,0.05,0.5,0.45,6
CAGCATAAGAACTGTA,7,0.05,0.5,0.45,6
CAGCATAAGCAGCCTC,7,0.05,0.5,0.45,6
CAGCATAAGCGGCTTC,5,0.05,0.5,0.45,6
CAGCATAAGCTACCGC,2,0.05,0.5,0.45,6
CAGCATAAGGAGTCTG,8,0.05,0.5,0.45,6
CAGCATAAGTGCCATT,8,0.05,0.5,0.45,6
CAGCATACACCGAATT,5,0.05,0.5,0.45,6
CAGCATACAGACGCTC,7,0.05,0.5,0.45,6
CAGCATAGTGTGTGCC,2,0.05,0.5,0.45,6
CAGCATATCAGTTCGA,2,0.05,0.5,0.45,6
CAGCATATCCAACCAA,5,0.05,0.5,0.45,6
CAGCATATCCATGAGT,6,0.05,0.5,0.45,6
CAGCCGAAGGGCTTGA,1000,0.05,0.5,0.45,6
CAGCCGACAGGTGCCT,6,0.05,0.5,0.45,6
CAGCCGAGTCATATCG,3,0.05,0.5,0.45,6
CAGCCGAGTTTCCACC,8,0.05,0.5,0.45,6
CAGCCGAGTTTGTGTG,5,0.05,0.5,0.45,6
CAGCCGATCAAGATCC,2,0.05,0.5,0.45,6
CAGCCGATCCGTACAA,4,0.05,0.5,0.45,6
CAGCGACAGACACGAC,1,0.05,0.5,0.45,6
CAGCGACAGATGCCAG,3,0.05,0.5,0.45,6
CAGCGACAGCAATCTC,8,0.05,0.5,0.45,6
CAGCGACAGTCATGCT,4,0.05,0.5,0.45,6
CAGCGACAGTTGTAGA,8,0.05,0.5,0.45,6
CAGCGACAGTTTAGGA,1,0.05,0.5,0.45,6
CAGCGACCACAAGTAA,6,0.05,0.5,0.45,6
CAGCGACCACATGGGA,5,0.05,0.5,0.45,6
CAGCGACCAGGCTGAA,7,0.05,0.5,0.45,6
CAGCGACGTCGGCATC,6,0.05,0.5,0.45,6
CAGCGACGTCTGCCAG,5,0.05,0.5,0.45,6
CAGCGACGTTACGACT,8,0.05,0.5,0.45,6
CAGCGACTCAAGGTAA,1,0.05,0.5,0.45,6
CAGCGACTCACCATAG,5,0.05,0.5,0.45,6
CAGCGACTCAGGCGAA,7,0.05,0.5,0.45,6
CAGCGACTCTCGATGA,7,0.05,0.5,0.45,6
CAGCTAAAGCTAGTTC,2,0.05,0.5,0.45,6
CAGCTAAAGGCATGGT,8,0.05,0.5,0.45,6
CAGCTAAAGTGTCCCG,4,0.05,0.5,0.45,6
CAGCTAAGTCAAGCGA,5,0.05,0.5,0.45,6
CAGCTAAGTCTCCATC,8,0.05,0.5,0.45,6
CAGCTAAGTGTTAAGA,7,0.05,0.5,0.45,6
CAGCTAATCAACACAC,1,0.05,0.5,0.45,6
CAGCTAATCAGCACAT,3,0.05,0.5,0.45,6
CAGCTAATCTGGGCCA,6,0.05,0.5,0.45,6
CAGCTGGAGCTAACTC,7,0.05,0.5,0.45,6
CAGCTGGCACCATCCT,5,0.05,0.5,0.45,6
CAGCTGGCACCTCGTT,8,0.05,0.5,0.45,6
CAGCTGGCATTTCACT,1,0.05,0.5,0.45,6
CAGCTGGGTAAATGTG,5,0.05,0.5,0.45,6
CAGCTGGGTAACGCGA,8,0.05,0.5,0.45,6
CAGCTGGGTTGTCGCG,4,0.05,0.5,0.45,6
CAGCTGGTCCAAAGTC,7,0.05,0.5,0.45,6
CAGGTGCAGACCTTTG,6,0.05,0.5,0.45,6
CAGGTGCAGAGGTTGC,7,0.05,0.5,0.45,6
CAGGTGCAGCAGCCTC,4,0.05,0.5,0.45,6
CAGGTGCAGCCACGTC,6,0.05,0.5,0.45,6
CAGGTGCAGGAGTTGC,4,0.05,0.5,0.45,6
CAGGTGCCAACTGGCC,4,0.05,0.5,0.45,6
CAGGTGCCAGTAAGCG,5,0.05,0.5,0.45,6
CAGGTGCGTCTAAAGA,3,0.05,0.5,0.45,6
CAGGTGCGTGCACGAA,7,0.05,0.5,0.45,6
CAGGTGCTCCGCGTTT,5,0.05,0.5,0.45,6
CAGGTGCTCCTCAATT,1,0.05,0.5,0.45,6
CAGGTGCTCTGTGCAA,2,0.05,0.5,0.45,6
CAGGTGCTCTTAGCCC,7,0.05,0.5,0.45,6
CAGTAACAGATCCTGT,8,0.05,0.5,0.45,6
CAGTAACAGGCCCTCA,6,0.05,0.5,0.45,6
CAGTAACAGTAGCGGT,7,0.05,0.5,0.45,6
CAGTAACCAATAGCGG,6,0.05,0.5,0.45,6
CAGTAACCACAGCCCA,7,0.05,0.5,0.45,6
CAGTAACCAGTCTTCC,5,0.05,0.5,0.45,6
CAGTAACTCAGTGTTG,1000,0.05,0.5,0.45,6
CAGTAACTCATTGCCC,1,0.05,0.5,0.45,6
CAGTAACTCGGAGCAA,4,0.05,0.5,0.45,6
CAGTAACTCGTGGGAA,5,0.05,0.5,0.45,6
CAGTAACTCTACTATC,7,0.05,0.5,0.45,6
CAGTAACTCTCGCTTG,2,0.05,0.5,0.45,6
CAGTAACTCTGATACG,1,0.05,0.5,0.45,6
CAGTCCTAGAATGTTG,1,0.05,0.5,0.45,6
CAGTCCTAGAGTGACC,3,0.05,0.5,0.45,6
CAGTCCTAGCACAGGT,1,0.05,0.5,0.45,6
CAGTCCTCAAACTGTC,6,0.05,0.5,0.45,6
CAGTCCTGTAAGAGAG,8,0.05,0.5,0.45,6
CAGTCCTGTCTCCATC,1,0.05,0.5,0.45,6
CAGTCCTGTGTCTGAT,5,0.05,0.5,0.45,6
CAGTCCTTCGCCAAAT,6,0.05,0.5,0.45,6
CAGTCCTTCTTTAGTC,8,0.05,0.5,0.45,6
CATATGGAGATCGGGT,7,0.05,0.5,0.45,6
CATATGGAGGGTGTGT,6,0.05,0.5,0.45,6
CATATGGAGTACGCGA,3,0.05,0.5,0.45,6
CATATGGAGTAGGTGC,2,0.05,0.5,0.45,6
CATATGGGTACTCGCG,1,0.05,0.5,0.45,6
CATATGGGTCGTTGTA,5,0.05,0.5,0.45,6
CATATTCAGAGCAATT,2,0.05,0.5,0.45,6
CATATTCAGCACCGTC,5,0.05,0.5,0.45,6
CATATTCAGCCAGAAC,2,0.05,0.5,0.45,6
CATATTCAGCGTGTCC,7,0.05,0.5,0.45,6
CATATTCCACCCTATC,5,0.05,0.5,0.45,6
CATATTCCAGGACCCT,4,0.05,0.5,0.45,6
CATATTCCAGGATTGG,8,0.05,0.5,0.45,6
CATATTCCAGTAAGAT,3,0.05,0.5,0.45,6
CATATTCGTCAAACTC,8,0.05,0.5,0.45,6
CATATTCGTCCCTACT,1,0.05,0.5,0.45,6
CATATTCGTGTTAAGA,5,0.05,0.5,0.45,6
CATATTCGTTTGGCGC,7,0.05,0.5,0.45,6
CATATTCTCATCTGCC,1000,0.05,0.5,0.45,6
CATATTCTCATTGCCC,4,0.05,0.5,0.45,6
CATATTCTCGATAGAA,1,0.05,0.5,0.45,6
CATATTCTCGTCGTTC,5,0.05,0.5,0.45,6
CATATTCTCTACCAGA,3,0.05,0.5,0.45,6
CATATTCTCTTGCCGT,4,0.05,0.5,0.45,6
CATCAAGAGCTGTTCA,2,0.05,0.5,0.45,6
CATCAAGAGGGCACTA,1000,0.05,0.5,0.45,6
CATCAAGAGTCCCACG,0,0.05,0.5,0.45,6
CATCAAGAGTGCTGCC,4,0.05,0.5,0.45,6
CATCAAGCAGATTGCT,2,0.05,0.5,0.45,6
CATCAAGCATCGATTG,8,0.05,0.5,0.45,6
CATCAAGCATTGCGGC,5,0.05,0.5,0.45,6
CATCAAGGTACCGTTA,7,0.05,0.5,0.45,6
CATCAAGGTCTCTCGT,7,0.05,0.5,0.45,6
CATCAAGTCACAAACC,1,0.05,0.5,0.45,6
CATCAAGTCCTTGCCA,1,0.05,0.5,0.45,6
CATCAAGTCTCGATGA,1000,0.05,0.5,0.45,6
CATCAAGTCTTCCTTC,5,0.05,0.5,0.45,6
CATCAGAAGAGTGAGA,7,0.05,0.5,0.45,6
CATCAGAAGATTACCC,1,0.05,0.5,0.45,6
CATCAGAAGCGTTCCG,1,0.05,0.5,0.45,6
CATCAGAAGGCATTGG,2,0.05,0.5,0.45,6
CATCAGAAGGTTACCT,3,0.05,0.5,0.45,6
CATCAGAAGTAGGCCA,1000,0.05,0.5,0.45,6
CATCAGACAGTCAGCC,4,0.05,0.5,0.45,6
CATCAGACAGTTCATG,1,0.05,0.5,0.45,6
CATCAGAGTAGCTAAA,2,0.05,0.5,0.45,6
CATCAGAGTAGGCTGA,0,0.05,0.5,0.45,6
CATCAGAGTAGGGTAC,2,0.05,0.5,0.45,6
CATCAGAGTATTCGTG,3,0.05,0.5,0.45,6
CATCAGAGTCCGAAGA,2,0.05,0.5,0.45,6
CATCAGATCAACCATG,3,0.05,0.5,0.45,6
CATCAGATCATAGCAC,4,0.05,0.5,0.45,6
CATCCACCATAACCTG,1,0.05,0.5,0.45,6
CATCCACCATTTGCTT,1000,0.05,0.5,0.45,6
CATCCACGTCATTAGC,8,0.05,0.5,0.45,6
CATCCACGTTGGAGGT,7,0.05,0.5,0.45,6
CATCCACTCAGTCAGT,1,0.05,0.5,0.45,6
CATCCACTCCAAATGC,8,0.05,0.5,0.45,6
CATCCACTCGATCCCT,3,0.05,0.5,0.45,6
CATCGAAAGAAACGCC,5,0.05,0.5,0.45,6
CATCGAAAGCGCTTAT,8,0.05,0.5,0.45,6
CATCGAAGTAAACGCG,4,0.05,0.5,0.45,6
CATCGAAGTGGAAAGA,8,0.05,0.5,0.45,6
CATCGAATCACCATAG,5,0.05,0.5,0.45,6
CATCGAATCTCGTATT,1,0.05,0.5,0.45,6
CATCGAATCTGCGGCA,8,0.05,0.5,0.45,6
CATCGAATCTTACCGC,7,0.05,0.5,0.45,6
CATCGGGAGATCGGGT,1000,0.05,0.5,0.45,6
CATCGGGAGTGGAGTC,8,0.05,0.5,0.45,6
CATCGGGCAAGACGTG,1000,0.05,0.5,0.45,6
CATCGGGCAATAGAGT,5,0.05,0.5,0.45,6
CATCGGGCACACGCTG,7,0.05,0.5,0.45,6
CATCGGGCAGCCTGTG,7,0.05,0.5,0.45,6
CATCGGGCAGCGATCC,3,0.05,0.5,0.45,6
CATCGGGCAGCTGTTA,8,0.05,0.5,0.45,6
CATCGGGGTAACGTTC,1000,0.05,0.5,0.45,6
CATCGGGGTAGGACAC,7,0.05,0.5,0.45,6
CATCGGGGTTTGCATG,4,0.05,0.5,0.45,6
CATCGGGTCGTTACAG,4,0.05,0.5,0.45,6
CATGACAAGAGGTACC,4,0.05,0.5,0.45,6
CATGACAAGCTAAGAT,4,0.05,0.5,0.45,6
CATGACACAACGATCT,8,0.05,0.5,0.45,6
CATGACACAATAGAGT,4,0.05,0.5,0.45,6
CATGACACAATCTGCA,1,0.05,0.5,0.45,6
CATGACAGTAGAGCTG,1,0.05,0.5,0.45,6
CATGACAGTCATGCAT,4,0.05,0.5,0.45,6
CATGACAGTGCACCAC,6,0.05,0.5,0.45,6
CATGACAGTTTAGGAA,5,0.05,0.5,0.45,6
CATGACATCCCAACGG,2,0.05,0.5,0.45,6
CATGACATCGCCAGCA,1,0.05,0.5,0.45,6
CATGACATCGTTGACA,6,0.05,0.5,0.45,6
CATGCCTCAAGAGTCG,4,0.05,0.5,0.45,6
CATGCCTCACAACGTT,8,0.05,0.5,0.45,6
CATGCCTCATCACAAC,3,0.05,0.5,0.45,6
CATGCCTGTACAGCAG,2,0.05,0.5,0.45,6
CATGCCTTCACCAGGC,5,0.05,0.5,0.45,6
CATGCCTTCAGTCAGT,1,0.05,0.5,0.45,6
CATGCCTTCTAAGCCA,7,0.05,0.5,0.45,6
CATGGCGAGCTGCGAA,7,0.05,0.5,0.45,6
CATGGCGAGGCAATTA,4,0.05,0.5,0.45,6
CATGGCGAGGCGATAC,1000,0.05,0.5,0.45,6
CATGGCGAGTGACTCT,3,0.05,0.5,0.45,6
CATGGCGCAATACGCT,7,0.05,0.5,0.45,6
CATGGCGCACATGTGT,1000,0.05,0.5,0.45,6
CATGGCGCACTCTGTC,7,0.05,0.5,0.45,6
CATGGCGGTATAGGGC,4,0.05,0.5,0.45,6
CATGGCGGTCAGTGGA,2,0.05,0.5,0.45,6
CATGGCGGTCGTCTTC,1000,0.05,0.5,0.45,6
CATGGCGGTGGTCCGT,7,0.05,0.5,0.45,6
CATGGCGGTGTCTGAT,2,0.05,0.5,0.45,6
CATGGCGTCCTTTCGG,1,0.05,0.5,0.45,6
CATGGCGTCTCTAAGG,1000,0.05,0.5,0.45,6
CATTATCAGGCGATAC,5,0.05,0.5,0.45,6
CATTATCCAACACGCC,1000,0.05,0.5,0.45,6
CATTATCCACATTAGC,4,0.05,0.5,0.45,6
CATTATCGTCAATGTC,5,0.05,0.5,0.45,6
CATTATCGTCTCCATC,1000,0.05,0.5,0.45,6
CATTATCGTGATGTCT,2,0.05,0.5,0.45,6
CATTATCGTGGCTCCA,5,0.05,0.5,0.45,6
CATTATCGTTAAAGTG,2,0.05,0.5,0.45,6
CATTATCGTTACGTCA,8,0.05,0.5,0.45,6
CATTATCGTTCCGGCA,6,0.05,0.5,0.45,6
CATTATCGTTGGTAAA,1,0.05,0.5,0.45,6
CATTATCTCCTTGGTC,1,0.05,0.5,0.45,6
CATTCGCAGCAGCCTC,1000,0.05,0.5,0.45,6
CATTCGCAGTCAATAG,1,0.05,0.5,0.45,6
CATTCGCCACGAAAGC,4,0.05,0.5,0.45,6
CATTCGCCAGTACACT,1000,0.05,0.5,0.45,6
CATTCGCGTTGATTGC,7,0.05,0.5,0.45,6
CATTCGCTCAGCGACC,0,0.05,0.5,0.45,6
CATTCGCTCTGAGGGA,3,0.05,0.5,0.45,6
CCAATCCAGAAACGAG,1,0.05,0.5,0.45,6
CCAATCCAGCTAGTTC,4,0.05,0.5,0.45,6
CCAATCCAGCTGCCCA,7,0.05,0.5,0.45,6
CCAATCCAGGGTCTCC,4,0.05,0.5,0.45,6
CCAATCCCACGTCAGC,1,0.05,0.5,0.45,6
CCAATCCCAGGATTGG,1,0.05,0.5,0.45,6
CCAATCCGTCAATACC,3,0.05,0.5,0.45,6
CCAATCCGTGTTTGGT,4,0.05,0.5,0.45,6
CCAATCCTCACAACGT,2,0.05,0.5,0.45,6
CCAATCCTCCAAAGTC,7,0.05,0.5,0.45,6
CCAATCCTCTTGCCGT,2,0.05,0.5,0.45,6
CCACCTAAGGATGGTC,7,0.05,0.5,0.45,6
CCACCTAAGGCATTGG,3,0.05,0.5,0.45,6
CCACCTAAGTAGCCGA,1000,0.05,0.5,0.45,6
CCACCTAAGTGTTAGA,1,0.05,0.5,0.45,6
CCACCTACAGATCGGA,1000,0.05,0.5,0.45,6
CCACCTACATCCGCGA,5,0.05,0.5,0.45,6
CCACCTAGTTATCGGT,3,0.05,0.5,0.45,6
CCACCTATCAGGCCCA,7,0.05,0.5,0.45,6
CCACCTATCAGTCCCT,4,0.05,0.5,0.45,6
CCACCTATCTTTACAC,6,0.05,0.5,0.45,6
CCACGGAAGACTGTAA,5,0.05,0.5,0.45,6
CCACGGAAGCTGTTCA,8,0.05,0.5,0.45,6
CCACGGACAAGACGTG,6,0.05,0.5,0.45,6
CCACGGACACCGAAAG,4,0.05,0.5,0.45,6
CCACGGACACCTCGTT,6,0.05,0.5,0.45,6
CCACGGACATTATCTC,5,0.05,0.5,0.45,6
CCACGGAGTCGCTTTC,2,0.05,0.5,0.45,6
CCACGGATCACTTATC,6,0.05,0.5,0.45,6
CCACGGATCCTAGAAC,7,0.05,0.5,0.45,6
CCACGGATCGGAAATA,3,0.05,0.5,0.45,6
CCACGGATCGTAGGAG,3,0.05,0.5,0.45,6
CCACGGATCTCTAAGG,4,0.05,0.5,0.45,6
CCACTACAGACGCTTT,7,0.05,0.5,0.45,6
CCACTACAGCCGATTT,7,0.05,0.5,0.45,6
CCACTACAGGCGACAT,1000,0.05,0.5,0.45,6
CCACTACAGGCGTACA,0,0.05,0.5,0.45,6
CCACTACAGTTGCAGG,8,0.05,0.5,0.45,6
CCACTACCAAAGAATC,7,0.05,0.5,0.45,6
CCACTACCACCGGAAA,1000,0.05,0.5,0.45,6
CCACTACCAGTCAGCC,8,0.05,0.5,0.45,6
CCACTACCATGGGAAC,2,0.05,0.5,0.45,6
CCACTACTCGCCGTGA,2,0.05,0.5,0.45,6
CCACTACTCGTACGGC,2,0.05,0.5,0.45,6
CCACTACTCTCCGGTT,1,0.05,0.5,0.45,6
CCACTACTCTGCAAGT,8,0.05,0.5,0.45,6
CCAGCGAAGAAGGACA,6,0.05,0.5,0.45,6
CCAGCGAAGGCAATTA,3,0.05,0.5,0.45,6
CCAGCGAAGGTGCACA,8,0.05,0.5,0.45,6
CCAGCGACAATGGATA,7,0.05,0.5,0.45,6
CCAGCGACACAGCGTC,3,0.05,0.5,0.45,6
CCAGCGACACGGACAA,1000,0.05,0.5,0.45,6
CCAGCGACACTCGACG,6,0.05,0.5,0.45,6
CCAGCGACATAGAAAC,3,0.05,0.5,0.45,6
CCAGCGACATGGATGG,8,0.05,0.5,0.45,6
CCAGCGAGTAAGTTCC,5,0.05,0.5,0.45,6
CCAGCGAGTACAGCAG,5,0.05,0.5,0.45,6
CCAGCGAGTACAGTGG,1,0.05,0.5,0.45,6
CCAGCGAGTGAAATCA,7,0.05,0.5,0.45,6
CCAGCGAGTTGTCGCG,3,0.05,0.5,0.45,6
CCAGCGATCACAGTAC,1,0.05,0.5,0.45,6
CCAGCGATCACCTCGT,2,0.05,0.5,0.45,6
CCAGCGATCACTTATC,1000,0.05,0.5,0.45,6
CCAGCGATCGAATCCA,4,0.05,0.5,0.45,6
CCATGTCAGCTGCGAA,2,0.05,0.5,0.45,6
CCATGTCAGTGTTTGC,8,0.05,0.5,0.45,6
CCATGTCAGTTTGCGT,1000,0.05,0.5,0.45,6
CCATGTCCACAGACAG,7,0.05,0.5,0.45,6
CCATGTCCACCACCAG,8,0.05,0.5,0.45,6
CCATGTCCACCGATAT,1000,0.05,0.5,0.45,6
CCATGTCCACGTAAGG,2,0.05,0.5,0.45,6
CCATGTCGTACCGAGA,4,0.05,0.5,0.45,6
CCATGTCGTCAGGACA,4,0.05,0.5,0.45,6
CCATGTCGTGAGGGTT,1000,0.05,0.5,0.45,6
CCATGTCGTTCCGGCA,4,0.05,0.5,0.45,6
CCATGTCTCAAGATCC,7,0.05,0.5,0.45,6
CCATGTCTCAGCATGT,6,0.05,0.5,0.45,6
CCATGTCTCCATTCTA,6,0.05,0.5,0.45,6
CCATGTCTCGATGAGG,2,0.05,0.5,0.45,6
CCATTCGAGACAGACC,1000,0.05,0.5,0.45,6
CCATTCGAGACCGGAT,7,0.05,0.5,0.45,6
CCATTCGAGCAACGGT,2,0.05,0.5,0.45,6
CCATTCGAGGTAGCCA,2,0.05,0.5,0.45,6
CCATTCGAGTGAACGC,3,0.05,0.5,0.45,6
CCATTCGCAACACCTA,8,0.05,0.5,0.45,6
CCATTCGCACATTTCT,3,0.05,0.5,0.45,6
CCATTCGGTAAGAGGA,1,0.05,0.5,0.45,6
CCATTCGGTAATAGCA,3,0.05,0.5,0.45,6
CCATTCGGTCAGCTAT,7,0.05,0.5,0.45,6
CCATTCGGTGAACCTT,5,0.05,0.5,0.45,6
CCATTCGTCATGTAGC,6,0.05,0.5,0.45,6
CCATTCGTCGTATCAG,1000,0.05,0.5,0.45,6
CCATTCGTCTTGCAAG,1,0.05,0.5,0.45,6
CCCAATCAGAATAGGG,4,0.05,0.5,0.45,6
CCCAATCCAACACCTA,1000,0.05,0.5,0.45,6
CCCAATCCAAGAGGCT,3,0.05,0.5,0.45,6
CCCAATCCACAGACTT,8,0.05,0.5,0.45,6
CCCAATCCACGGTAGA,3,0.05,0.5,0.45,6
CCCAATCCACTGAAGG,2,0.05,0.5,0.45,6
CCCAATCCAGGGATTG,8,0.05,0.5,0.45,6
CCCAATCCATGCATGT,8,0.05,0.5,0.45,6
CCCAATCGTAAATACG,7,0.05,0.5,0.45,6
CCCAATCGTCTTCTCG,1,0.05,0.5,0.45,6
CCCAATCTCCCAGGTG,8,0.05,0.5,0.45,6
CCCAATCTCTAACTTC,1000,0.05,0.5,0.45,6
CCCAATCTCTACTATC,4,0.05,0.5,0.45,6
CCCAGTTAGAAACCGC,2,0.05,0.5,0.45,6
CCCAGTTAGATCCCGC,1000,0.05,0.5,0.45,6
CCCAGTTAGTAATCCC,6,0.05,0.5,0.45,6
CCCAGTTCAAGCCGTC,6,0.05,0.5,0.45,6
CCCAGTTCACCCAGTG,3,0.05,0.5,0.45,6
CCCAGTTCATTCTTAC,1,0.05,0.5,0.45,6
CCCAGTTGTAGAGCTG,3,0.05,0.5,0.45,6
CCCAGTTGTAGGAGTC,5,0.05,0.5,0.45,6
CCCAGTTGTTTGGGCC,3,0.05,0.5,0.45,6
CCCAGTTTCTGTCAAG,5,0.05,0.5,0.45,6
CCCATACAGAAGCCCA,3,0.05,0.5,0.45,6
CCCATACAGCTTATCG,0,0.05,0.5,0.45,6
CCCATACCAACACCCG,1000,0.05,0.5,0.45,6
CCCATACCACCAGTTA,5,0.05,0.5,0.45,6
CCCATACCATCACGAT,1000,0.05,0.5,0.45,6
CCCATACGTTAAGATG,1000,0.05,0.5,0.45,6
CCCATACTCCACTGGG,1,0.05,0.5,0.45,6
CCCATACTCCTAGTGA,4,0.05,0.5,0.45,6
CCCATACTCGCCCTTA,2,0.05,0.5,0.45,6
CCCATACTCTTACCTA,4,0.05,0.5,0.45,6
CCCTCCTAGAGTTGGC,4,0.05,0.5,0.45,6
CCCTCCTAGCAAATCA,8,0.05,0.5,0.45,6
CCCTCCTAGGCTCATT,1000,0.05,0.5,0.45,6
CCCTCCTAGGTAGCCA,8,0.05,0.5,0.45,6
CCCTCCTAGTCCTCCT,3,0.05,0.5,0.45,6
CCCTCCTCACCTGGTG,3,0.05,0.5,0.45,6
CCCTCCTCAGAGCCAA,1,0.05,0.5,0.45,6
CCCTCCTCAGGGATTG,5,0.05,0.5,0.45,6
CCCTCCTCATAACCTG,6,0.05,0.5,0.45,6
CCCTCCTCATGGAATA,4,0.05,0.5,0.45,6
CCCTCCTCATTCCTGC,3,0.05,0.5,0.45,6
CCCTCCTGTGCAGTAG,1,0.05,0.5,0.45,6
CCCTCCTTCCGCAGTG,1000,0.05,0.5,0.45,6
CCCTCCTTCGCGCCAA,5,0.05,0.5,0.45,6
CCCTCCTTCTAGAGTC,1,0.05,0.5,0.45,6
CCGGGATAGACACTAA,4,0.05,0.5,0.45,6
CCGGGATAGCCCAATT,5,0.05,0.5,0.45,6
CCGGGATAGGAGTTGC,4,0.05,0.5,0.45,6
CCGGGATAGGCCGAAT,8,0.05,0.5,0.45,6
CCGGGATAGTATTGGA,6,0.05,0.5,0.45,6
CCGGGATAGTCGAGTG,3,0.05,0.5,0.45,6
CCGGGATGTCAGCTAT,5,0.05,0.5,0.45,6
CCGGGATGTTCAGGCC,2,0.05,0.5,0.45,6
CCGGGATGTTCCCGAG,5,0.05,0.5,0.45,6
CCGGGATGTTTACTCT,6,0.05,0.5,0.45,6
CCGGGATTCACATACG,5,0.05,0.5,0.45,6
CCGGGATTCACGATGT,8,0.05,0.5,0.45,6
CCGGTAGAGACAGGCT,7,0.05,0.5,0.45,6
CCGGTAGAGCTAGTCT,4,0.05,0.5,0.45,6
CCGGTAGAGTATGACA,6,0.05,0.5,0.45,6
CCGGTAGAGTGGTAGC,7,0.05,0.5,0.45,6
CCGGTAGCAAACGTGG,5,0.05,0.5,0.45,6
CCGGTAGCAGATCTGT,2,0.05,0.5,0.45,6
CCGGTAGCATCGACGC,8,0.05,0.5,0.45,6
CCGGTAGGTCTCCCTA,8,0.05,0.5,0.45,6
CCGGTAGTCATGTCTT,5,0.05,0.5,0.45,6
CCGGTAGTCGCGCCAA,7,0.05,0.5,0.45,6
CCGTACTAGCTCTCGG,6,0.05,0.5,0.45,6
CCGTACTAGTGTTGAA,1,0.05,0.5,0.45,6
CCGTACTCACAGACTT,8,0.05,0.5,0.45,6
CCGTACTCAGGGCATA,1,0.05,0.5,0.45,6
CCGTACTGTCATTAGC,1000,0.05,0.5,0.45,6
CCGTACTGTCGGATCC,1000,0.05,0.5,0.45,6
CCGTACTGTTAAGTAG,8,0.05,0.5,0.45,6
CCGTACTGTTACGTCA,1,0.05,0.5,0.45,6
CCGTACTTCACGCGGT,8,0.05,0.5,0.45,6
CCGTACTTCAGTTAGC,8,0.05,0.5,0.45,6
CCGTACTTCGAACGGA,1000,0.05,0.5,0.45,6
CCGTACTTCTCAAACG,7,0.05,0.5,0.45,6
CCGTGGAAGATCCCGC,5,0.05,0.5,0.45,6
CCGTGGACAACGATCT,6,0.05,0.5,0.45,6
CCGTGGACAGCAGTTT,3,0.05,0.5,0.45,6
CCGTGGACAGCGAACA,5,0.05,0.5,0.45,6
CCGTGGAGTACGACCC,8,0.05,0.5,0.45,6
CCGTGGAGTCCTCCAT,3,0.05,0.5,0.45,6
CCGTGGAGTGAAGGCT,1000,0.05,0.5,0.45,6
CCGTGGATCACATGCA,2,0.05,0.5,0.45,6
CCGTGGATCTCTAAGG,1000,0.05,0.5,0.45,6
CCGTTCAAGGACATTA,6,0.05,0.5,0.45,6
CCGTTCAAGGTGTTAA,1,0.05,0.5,0.45,6
CCGTTCAAGTGAACAT,4,0.05,0.5,0.45,6
CCGTTCACAATGACCT,1,0.05,0.5,0.45,6
CCGTTCAGTCACAAGG,6,0.05,0.5,0.45,6
CCGTTCAGTGACTCAT,6,0.05,0.5,0.45,6
CCGTTCAGTTAAGACA,2,0.05,0.5,0.45,6
CCGTTCATCGTGGACC,7,0.05,0.5,0.45,6
CCGTTCATCGTTACAG,1,0.05,0.5,0.45,6
CCTAAAGAGACAGGCT,4,0.05,0.5,0.45,6
CCTAAAGAGCTGTCTA,4,0.05,0.5,0.45,6
CCTAAAGAGGATGGAA,5,0.05,0.5,0.45,6
CCTAAAGAGTCGCCGT,1000,0.05,0.5,0.45,6
CCTAAAGAGTTATCGC,3,0.05,0.5,0.45,6
CCTAAAGCAAACTGTC,6,0.05,0.5,0.45,6
CCTAAAGCAAATCCGT,1,0.05,0.5,0.45,6
CCTAAAGCATCCGGGT,1000,0.05,0.5,0.45,6
CCTAAAGCATTAGCCA,6,0.05,0.5,0.45,6
CCTAAAGGTAAGCACG,1,0.05,0.5,0.45,6
CCTAAAGGTACAGACG,1,0.05,0.5,0.45,6
CCTAAAGGTCGGCATC,8,0.05,0.5,0.45,6
CCTAAAGGTCTCCATC,8,0.05,0.5,0.45,6
CCTAAAGTCAACACCA,4,0.05,0.5,0.45,6
CCTAAAGTCAAGGCTT,7,0.05,0.5,0.45,6
CCTACACAGACTTGAA,8,0.05,0.5,0.45,6
CCTACACAGAGGACGG,3,0.05,0.5,0.45,6
CCTACACAGCGTGTCC,4,0.05,0.5,0.45,6
CCTACACAGTGAATTG,1,0.05,0.5,0.45,6
CCTACACCACCCTATC,5,0.05,0.5,0.45,6
CCTACACCAGATCTGT,4,0.05,0.5,0.45,6
CCTACACCATAGTAAG,1,0.05,0.5,0.45,6
CCTACACGTACTTAGC,7,0.05,0.5,0.45,6
CCTACACGTATCGCAT,8,0.05,0.5,0.45,6
CCTACACGTCACACGC,5,0.05,0.5,0.45,6
CCTACACGTCCGTTAA,7,0.05,0.5,0.45,6
CCTACACGTGGGTATG,4,0.05,0.5,0.45,6
CCTACACGTTCAGACT,0,0.05,0.5,0.45,6
CCTACACTCATACGGT,5,0.05,0.5,0.45,6
CCTACCAAGGGAGTAA,7,0.05,0.5,0.45,6
CCTACCAAGTGCGATG,2,0.05,0.5,0.45,6
CCTACCACAGCGATCC,4,0.05,0.5,0.45,6
CCTACCATCACCATAG,4,0.05,0.5,0.45,6
CCTACCATCCTACAGA,5,0.05,0.5,0.45,6
CCTAGCTAGCACCGTC,7,0.05,0.5,0.45,6
CCTAGCTAGCCATCGC,6,0.05,0.5,0.45,6
CCTAGCTAGCGTTTAC,8,0.05,0.5,0.45,6
CCTAGCTAGGTGCAAC,6,0.05,0.5,0.45,6
CCTAGCTAGTTACGGG,1,0.05,0.5,0.45,6
CCTAGCTAGTTGAGTA,5,0.05,0.5,0.45,6
CCTAGCTCAAACAACA,3,0.05,0.5,0.45,6
CCTAGCTCACACGCTG,1,0.05,0.5,0.45,6
CCTAGCTCATACCATG,2,0.05,0.5,0.45,6
CCTAGCTGTCGCCATG,8,0.05,0.5,0.45,6
CCTAGCTTCAACGGGA,6,0.05,0.5,0.45,6
CCTAGCTTCGGCATCG,5,0.05,0.5,0.45,6
CCTATTAAGTCCGGTC,1,0.05,0.5,0.45,6
CCTATTACACAGACTT,0,0.05,0.5,0.45,6
CCTATTACATCCGTGG,8,0.05,0.5,0.45,6
CCTATTACATCTGGTA,8,0.05,0.5,0.45,6
CCTATTAGTAGCTTGT,1000,0.05,0.5,0.45,6
CCTATTATCACTCTTA,5,0.05,0.5,0.45,6
CCTCAGTAGCGTGTCC,1000,0.05,0.5,0.45,6
CCTCAGTCAAGGCTCC,1,0.05,0.5,0.45,6
CCTCAGTCAGACAAAT,1000,0.05,0.5,0.45,6
CCTCAGTCAGGTCTCG,1,0.05,0.5,0.45,6
CCTCAGTCAGTACACT,2,0.05,0.5,0.45,6
CCTCAGTGTTGACGTT,1000,0.05,0.5,0.45,6
CCTCTGAAGGAGCGTT,7,0.05,0.5,0.45,6
CCTCTGAAGTGTTAGA,7,0.05,0.5,0.45,6
CCTCTGACAATGAAAC,6,0.05,0.5,0.45,6
CCTCTGACACATAACC,1,0.05,0.5,0.45,6
CCTCTGACACGGATAG,2,0.05,0.5,0.45,6
CCTCTGACAGTATCTG,4,0.05,0.5,0.45,6
CCTCTGACATCAGTCA,8,0.05,0.5,0.45,6
CCTCTGACATCCTTGC,4,0.05,0.5,0.45,6
CCTCTGACATGCTAGT,6,0.05,0.5,0.45,6
CCTCTGACATTGAGCT,8,0.05,0.5,0.45,6
CCTCTGAGTGACCAAG,1,0.05,0.5,0.45,6
CCTCTGAGTTAGGGTG,5,0.05,0.5,0.45,6
CCTCTGATCAGTGCAT,7,0.05,0.5,0.45,6
CCTCTGATCCCATTAT,2,0.05,0.5,0.45,6
CCTCTGATCTGTCTCG,0,0.05,0.5,0.45,6
CCTTACGAGCCCAACC,1000,0.05,0.5,0.45,6
CCTTACGAGTAAGTAC,1,0.05,0.5,0.45,6
CCTTACGAGTGGGCTA,2,0.05,0.5,0.45,6
CCTTACGAGTTTGCGT,7,0.05,0.5,0.45,6
CCTTACGCAAGCGCTC,5,0.05,0.5,0.45,6
CCTTACGCAGCTTCGG,3,0.05,0.5,0.45,6
CCTTACGCAGGCTCAC,1,0.05,0.5,0.45,6
CCTTACGGTATATGAG,7,0.05,0.5,0.45,6
CCTTACGGTTTGTTGG,3,0.05,0.5,0.45,6
CCTTACGTCAAGAAGT,3,0.05,0.5,0.45,6
CCTTACGTCACTTATC,8,0.05,0.5,0.45,6
CCTTACGTCAGGCGAA,1,0.05,0.5,0.45,6
CCTTCCCAGAGGGATA,1,0.05,0.5,0.45,6
CCTTCCCAGCCACTAT,4,0.05,0.5,0.45,6
CCTTCCCAGGATGGTC,3,0.05,0.5,0.45,6
CCTTCCCCAATGGAGC,7,0.05,0.5,0.45,6
CCTTCCCGTCGCGAAA,4,0.05,0.5,0.45,6
CCTTCCCGTTTAGCTG,5,0.05,0.5,0.45,6
CCTTCCCTCACAACGT,1,0.05,0.5,0.45,6
CCTTCCCTCCTAGTGA,2,0.05,0.5,0.45,6
CCTTCCCTCTAACGGT,1000,0.05,0.5,0.45,6
CCTTCGAAGAACAACT,3,0.05,0.5,0.45,6
CCTTCGAAGAGAACAG,1,0.05,0.5,0.45,6
CCTTCGAAGAGCTGGT,3,0.05,0.5,0.45,6
CCTTCGAAGGAGTACC,5,0.05,0.5,0.45,6
CCTTCGACATACGCTA,8,0.05,0.5,0.45,6
CCTTCGACATTCGACA,4,0.05,0.5,0.45,6
CCTTCGAGTAACGTTC,1,0.05,0.5,0.45,6
CCTTCGAGTACCGGCT,4,0.05,0.5,0.45,6
CCTTCGAGTAGCGCAA,7,0.05,0.5,0.45,6
CCTTCGAGTATAGGTA,1000,0.05,0.5,0.45,6
CCTTCGAGTGCTAGCC,3,0.05,0.5,0.45,6
CCTTCGATCCTCGCAT,2,0.05,0.5,0.45,6
CCTTCGATCGCATGAT,8,0.05,0.5,0.45,6
CCTTCGATCGCTTAGA,4,0.05,0.5,0.45,6
CCTTTCTAGAATGTGT,3,0.05,0.5,0.45,6
CCTTTCTAGCACCGCT,4,0.05,0.5,0.45,6
CCTTTCTAGGCAATTA,3,0.05,0.5,0.45,6
CCTTTCTCAGGACCCT,6,0.05,0.5,0.45,6
CCTTTCTGTAAGTGGC,7,0.05,0.5,0.45,6
CCTTTCTGTGAGCGAT,7,0.05,0.5,0.45,6
CCTTTCTGTGTAAGTA,4,0.05,0.5,0.45,6
CCTTTCTTCCTTGCCA,3,0.05,0.5,0.45,6
CCTTTCTTCTTCAACT,5,0.05,0.5,0.45,6
CGAACATAGAAGGCCT,8,0.05,0.5,0.45,6
CGAACATAGCCGATTT,7,0.05,0.5,0.45,6
CGAACATAGGCTCATT,3,0.05,0.5,0.45,6
CGAACATAGTTCGCGC,4,0.05,0.5,0.45,6
CGAACATCAACGCACC,3,0.05,0.5,0.45,6
CGAACATCAACTTGAC,7,0.05,0.5,0.45,6
CGAACATCAGCCTTTC,5,0.05,0.5,0.45,6
CGAACATCAGCTGCTG,8,0.05,0.5,0.45,6
CGAACATCATGCCCGA,7,0.05,0.5,0.45,6
CGAACATGTCATATCG,8,0.05,0.5,0.45,6
CGAACATGTCGATTGT,1000,0.05,0.5,0.45,6
CGAACATGTGCACTTA,7,0.05,0.5,0.45,6
CGAACATTCAGAGGTG,2,0.05,0.5,0.45,6
CGAATGTAGAGTACAT,8,0.05,0.5,0.45,6
CGAATGTAGCTGTCTA,3,0.05,0.5,0.45,6
CGAATGTAGTTAAGTG,7,0.05,0.5,0.45,6
CGAATGTCATTACCTT,8,0.05,0.5,0.45,6
CGAATGTGTTTAAGCC,2,0.05,0.5,0.45,6
CGAATGTTCCTCTAGC,7,0.05,0.5,0.45,6
CGACCTTCAGGACGTA,8,0.05,0.5,0.45,6
CGACCTTCAGGTTTCA,5,0.05,0.5,0.45,6
CGACCTTCATACGCCG,6,0.05,0.5,0.45,6
CGACCTTTCACCGGGT,8,0.05,0.5,0.45,6
CGACCTTTCCACGACG,1,0.05,0.5,0.45,6
CGACTTCAGTTTGCGT,2,0.05,0.5,0.45,6
CGACTTCCAGCTGTGC,1000,0.05,0.5,0.45,6
CGACTTCCATTAGGCT,8,0.05,0.5,0.45,6
CGACTTCGTCAGAATA,4,0.05,0.5,0.45,6
CGACTTCGTCTTGATG,1,0.05,0.5,0.45,6
CGACTTCGTTACGTCA,3,0.05,0.5,0.45,6
CGACTTCGTTCCTCCA,3,0.05,0.5,0.45,6
CGACTTCTCATACGGT,3,0.05,0.5,0.45,6
CGACTTCTCTTGAGGT,4,0.05,0.5,0.45,6
CGAGAAGAGAAGAAGC,8,0.05,0.5,0.45,6
CGAGAAGAGCTGCGAA,7,0.05,0.5,0.45,6
CGAGAAGCAATGGTCT,7,0.05,0.5,0.45,6
CGAGAAGCAGCTGTTA,7,0.05,0.5,0.45,6
CGAGAAGCATCCGGGT,8,0.05,0.5,0.45,6
CGAGAAGGTGATAAAC,5,0.05,0.5,0.45,6
CGAGAAGGTGATGTGG,7,0.05,0.5,0.45,6
CGAGAAGGTGCACTTA,1,0.05,0.5,0.45,6
CGAGAAGGTGTGAATA,1000,0.05,0.5,0.45,6
CGAGAAGTCTTCCTTC,1,0.05,0.5,0.45,6
CGAGCACAGCGTCAAG,1,0.05,0.5,0.45,6
CGAGCACAGCTGCAAG,8,0.05,0.5,0.45,6
CGAGCACCAAGTAGTA,1000,0.05,0.5,0.45,6
CGAGCACCACACGCTG,7,0.05,0.5,0.45,6
CGAGCACCATTTCACT,1,0.05,0.5,0.45,6
CGAGCACGTAAGTGGC,6,0.05,0.5,0.45,6
CGAGCACGTAGCTTGT,6,0.05,0.5,0.45,6
CGAGCACGTCTGCGGT,2,0.05,0.5,0.45,6
CGAGCACTCACGCGGT,1,0.05,0.5,0.45,6
CGAGCCAAGTCTCAAC,2,0.05,0.5,0.45,6
CGAGCCACAATGCCAT,1000,0.05,0.5,0.45,6
CGAGCCACATTCTCAT,3,0.05,0.5,0.45,6
CGAGCCACATTTCACT,7,0.05,0.5,0.45,6
CGAGCCAGTGGGTATG,6,0.05,0.5,0.45,6
CGATCGGAGACATAAC,8,0.05,0.5,0.45,6
CGATCGGAGCTAGCCC,8,0.05,0.5,0.45,6
CGATCGGAGGTGTGGT,2,0.05,0.5,0.45,6
CGATCGGAGTGTTGAA,2,0.05,0.5,0.45,6
CGATCGGCAAGCTGAG,2,0.05,0.5,0.45,6
CGATCGGCACAACTGT,2,0.05,0.5,0.45,6
CGATCGGCACCAGATT,3,0.05,0.5,0.45,6
CGATCGGCATTGGCGC,1000,0.05,0.5,0.45,6
CGATCGGGTCCTCCAT,4,0.05,0.5,0.45,6
CGATCGGGTCGACTGC,5,0.05,0.5,0.45,6
CGATCGGGTCGTTGTA,3,0.05,0.5,0.45,6
CGATCGGGTTATGCGT,1,0.05,0.5,0.45,6
CGATCGGTCAAGCCTA,4,0.05,0.5,0.45,6
CGATCGGTCACTTATC,3,0.05,0.5,0.45,6
CGATCGGTCCCGGATG,1,0.05,0.5,0.45,6
CGATCGGTCGCTAGCG,3,0.05,0.5,0.45,6
CGATCGGTCTGTCCGT,8,0.05,0.5,0.45,6
CGATGGCAGATCCCAT,7,0.05,0.5,0.45,6
CGATGGCAGCCAACAG,1000,0.05,0.5,0.45,6
CGATGGCAGCCTCGTG,7,0.05,0.5,0.45,6
CGATGGCAGCGTAATA,4,0.05,0.5,0.45,6
CGATGGCAGGTAAACT,6,0.05,0.5,0.45,6
CGATGGCAGTACGTTC,7,0.05,0.5,0.45,6
CGATGGCCAAACGCGA,1,0.05,0.5,0.45,6
CGATGGCGTCTCCACT,1,0.05,0.5,0.45,6
CGATGGCTCAACACCA,6,0.05,0.5,0.45,6
CGATGTAAGACTAGAT,8,0.05,0.5,0.45,6
CGATGTAAGTCAAGGC,1000,0.05,0.5,0.45,6
CGATGTACACAAGTAA,7,0.05,0.5,0.45,6
CGATGTACACGGTAAG,5,0.05,0.5,0.45,6
CGATGTACACTGTTAG,5,0.05,0.5,0.45,6
CGATGTACATGATCCA,5,0.05,0.5,0.45,6
CGATGTACATTCTCAT,8,0.05,0.5,0.45,6
CGATGTAGTGAGGGAG,7,0.05,0.5,0.45,6
CGATTGAAGACCGGAT,8,0.05,0.5,0.45,6
CGATTGACAAGACGTG,5,0.05,0.5,0.45,6
CGATTGACAATCAGAA,1,0.05,0.5,0.45,6
CGATTGAGTATATGAG,1,0.05,0.5,0.45,6
CGCCAAGAGTGGGTTG,7,0.05,0.5,0.45,6
CGCCAAGCACTGAAGG,2,0.05,0.5,0.45,6
CGCCAAGCATACTACG,3,0.05,0.5,0.45,6
CGCCAAGGTGTGGTTT,8,0.05,0.5,0.45,6
CGCCAAGGTTTAAGCC,1,0.05,0.5,0.45,6
CGCCAAGGTTTCGCTC,3,0.05,0.5,0.45,6
CGCCAAGTCAGGTTCA,7,0.05,0.5,0.45,6
CGCCAAGTCCACTCCA,8,0.05,0.5,0.45,6
CGCCAAGTCCGTCAAA,4,0.05,0.5,0.45,6
CGCCAAGTCGTAGATC,1000,0.05,0.5,0.45,6
CGCCAAGTCTCTAGGA,1,0.05,0.5,0.45,6
CGCGGTAAGAGGTAGA,4,0.05,0.5,0.45,6
CGCGGTACAAGCCCAC,2,0.05,0.5,0.45,6
CGCGGTACAGTAAGAT,1,0.05,0.5,0.45,6
CGCGGTAGTATCAGTC,7,0.05,0.5,0.45,6
CGCGGTAGTCATTAGC,1,0.05,0.5,0.45,6
CGCGGTAGTGAGTGAC,8,0.05,0.5,0.45,6
CGCGGTATCACATGCA,1,0.05,0.5,0.45,6
CGCGGTATCCGAAGAG,2,0.05,0.5,0.45,6
CGCGGTATCGTAGATC,5,0.05,0.5,0.45,6
CGCGGTATCTACCAGA,3,0.05,0.5,0.45,6
CGCGTTTAGAGCTTCT,4,0.05,0.5,0.45,6
CGCGTTTAGGGTCGAT,8,0.05,0.5,0.45,6
CGCGTTTAGTGGAGAA,6,0.05,0.5,0.45,6
CGCGTTTCAAGAAAGG,7,0.05,0.5,0.45,6
CGCGTTTGTAACGACG,3,0.05,0.5,0.45,6
CGCGTTTGTCATTAGC,1000,0.05,0.5,0.45,6
CGCGTTTGTGACTCAT,6,0.05,0.5,0.45,6
CGCGTTTTCATGCTCC,4,0.05,0.5,0.45,6
CGCGTTTTCGCCATAA,4,0.05,0.5,0.45,6
CGCGTTTTCGGCGCAT,8,0.05,0.5,0.45,6
CGCGTTTTCGGTGTCG,8,0.05,0.5,0.45,6
CGCGTTTTCTCCGGTT,1000,0.05,0.5,0.45,6
CGCTATCAGAAGGTTT,8,0.05,0.5,0.45,6
CGCTATCAGGGTCGAT,3,0.05,0.5,0.45,6
CGCTATCCAACTTGAC,7,0.05,0.5,0.45,6
CGCTATCCAGATGAGC,3,0.05,0.5,0.45,6
CGCTATCTCAGAGCTT,7,0.05,0.5,0.45,6
CGCTATCTCAGCCTAA,8,0.05,0.5,0.45,6
CGCTATCTCCTAGAAC,8,0.05,0.5,0.45,6
CGCTGGAAGCTACCTA,6,0.05,0.5,0.45,6
CGCTGGACACTGAAGG,1,0.05,0.5,0.45,6
CGCTGGACATGATCCA,8,0.05,0.5,0.45,6
CGCTGGAGTGGCAAAC,4,0.05,0.5,0.45,6
CGCTGGAGTTGAGTTC,4,0.05,0.5,0.45,6
CGCTGGAGTTGTGGCC,4,0.05,0.5,0.45,6
CGCTGGATCAAACCAC,7,0.05,0.5,0.45,6
CGCTGGATCAGAGCTT,3,0.05,0.5,0.45,6
CGCTGGATCGCGATCG,8,0.05,0.5,0.45,6
CGCTGGATCGCTTGTC,1,0.05,0.5,0.45,6
CGCTGGATCTGATTCT,3,0.05,0.5,0.45,6
CGCTGGATCTTCCTTC,5,0.05,0.5,0.45,6
CGCTTCAAGCCACTAT,4,0.05,0.5,0.45,6
CGCTTCAAGTGCGTGA,3,0.05,0.5,0.45,6
CGCTTCAAGTTGTAGA,3,0.05,0.5,0.45,6
CGCTTCACAACGATGG,5,0.05,0.5,0.45,6
CGCTTCACACAGGCCT,2,0.05,0.5,0.45,6
CGCTTCACATGAGCGA,2,0.05,0.5,0.45,6
CGCTTCAGTAATAGCA,5,0.05,0.5,0.45,6
CGCTTCATCAGAGCTT,1,0.05,0.5,0.45,6
CGGACACAGGAGTTGC,1000,0.05,0.5,0.45,6
CGGACACAGGTGATTA,8,0.05,0.5,0.45,6
CGGACACCAAACGTGG,3,0.05,0.5,0.45,6
CGGACACCAAGCTGTT,1000,0.05,0.5,0.45,6
CGGACACCACCAGTTA,4,0.05,0.5,0.45,6
CGGACACCACGAGAGT,1,0.05,0.5,0.45,6
CGGACACCAGTAGAGC,5,0.05,0.5,0.45,6
CGGACACCATTATCTC,6,0.05,0.5,0.45,6
CGGACACGTATAAACG,4,0.05,0.5,0.45,6
CGGACACGTTAAGATG,0,0.05,0.5,0.45,6
CGGACACGTTTAGGAA,3,0.05,0.5,0.45,6
CGGACACTCGCCAAAT,6,0.05,0.5,0.45,6
CGGACACTCTGTCCGT,8,0.05,0.5,0.45,6
CGGACGTAGGGTGTTG,8,0.05,0.5,0.45,6
CGGACGTAGTGGTAGC,4,0.05,0.5,0.45,6
CGGACGTAGTGTCCAT,6,0.05,0.5,0.45,6
CGGACGTCACAGAGGT,1000,0.05,0.5,0.45,6
CGGACGTGTACGAAAT,1,0.05,0.5,0.45,6
CGGACGTGTAGAGCTG,0,0.05,0.5,0.45,6
CGGACGTGTTCGCTAA,1000,0.05,0.5,0.45,6
CGGACGTGTTGATTCG,3,0.05,0.5,0.45,6
CGGACTGAGAAACCAT,7,0.05,0.5,0.45,6
CGGACTGAGACTACAA,6,0.05,0.5,0.45,6
CGGACTGAGACTAGGC,4,0.05,0.5,0.45,6
CGGACTGAGGCGATAC,3,0.05,0.5,0.45,6
CGGACTGAGTTCCACA,5,0.05,0.5,0.45,6
CGGACTGCAAGAAGAG,8,0.05,0.5,0.45,6
CGGACTGCACAGACTT,3,0.05,0.5,0.45,6
CGGACTGCAGTTCATG,1,0.05,0.5,0.45,6
CGGACTGGTAAACCTC,1000,0.05,0.5,0.45,6
CGGACTGGTAGGGACT,8,0.05,0.5,0.45,6
CGGACTGGTCGTTGTA,7,0.05,0.5,0.45,6
CGGACTGTCAGGCCCA,4,0.05,0.5,0.45,6
CGGACTGTCCTTTCTC,7,0.05,0.5,0.45,6
CGGAGCTAGAGGTTAT,4,0.05,0.5,0.45,6
CGGAGCTAGCTAGGCA,1000,0.05,0.5,0.45,6
CGGAGCTAGGCACATG,2,0.05,0.5,0.45,6
CGGAGCTAGTCCCACG,7,0.05,0.5,0.45,6
CGGAGCTAGTGCTGCC,8,0.05,0.5,0.45,6
CGGAGCTCACAACTGT,3,0.05,0.5,0.45,6
CGGAGCTCAGGTCCAC,4,0.05,0.5,0.45,6
CGGAGCTTCACCACCT,7,0.05,0.5,0.45,6
CGGAGCTTCACTTACT,8,0.05,0.5,0.45,6
CGGAGCTTCTTGACGA,6,0.05,0.5,0.45,6
CGGAGTCAGAGGGCTT,1,0.05,0.5,0.45,6
CGGAGTCAGGACTGGT,8,0.05,0.5,0.45,6
CGGAGTCAGGTGATTA,8,0.05,0.5,0.45,6
CGGAGTCAGTGCGATG,1000,0.05,0.5,0.45,6
CGGAGTCCAGCCAGAA,1,0.05,0.5,0.45,6
CGGAGTCCATATGCTG,8,0.05,0.5,0.45,6
CGGAGTCGTAGAGCTG,1,0.05,0.5,0.45,6
CGGAGTCGTCCATGAT,3,0.05,0.5,0.45,6
CGGAGTCGTCCGAATT,3,0.05,0.5,0.45,6
CGGAGTCTCGGGAGTA,7,0.05,0.5,0.45,6
CGGAGTCTCTCCCTGA,2,0.05,0.5,0.45,6
CGGCTAGAGAGATGAG,3,0.05,0.5,0.45,6
CGGCTAGCAGCAGTTT,1,0.05,0.5,0.45,6
CGGCTAGGTCTCAACA,2,0.05,0.5,0.45,6
CGGCTAGGTGTTCTTT,6,0.05,0.5,0.45,6
CGGCTAGTCACGCGGT,7,0.05,0.5,0.45,6
CGGCTAGTCGCGTTTC,1,0.05,0.5,0.45,6
CGGCTAGTCGGAGCAA,8,0.05,0.5,0.45,6
CGGCTAGTCGGCATCG,5,0.05,0.5,0.45,6
CGGCTAGTCGGTCCGA,7,0.05,0.5,0.45,6
CGGGTCAAGAATCTCC,1,0.05,0.5,0.45,6
CGGGTCAAGCGTAGTG,1,0.05,0.5,0.45,6
CGGGTCAAGGAGTCTG,5,0.05,0.5,0.45,6
CGGGTCAAGTACCGGA,1,0.05,0.5,0.45,6
CGGGTCACATTAACCG,6,0.05,0.5,0.45,6
CGGGTCAGTGCGCTTG,3,0.05,0.5,0.45,6
CGGGTCATCACAACGT,1,0.05,0.5,0.45,6
CGGGTCATCGGCGCTA,1,0.05,0.5,0.45,6
CGGGTCATCTTTAGGG,6,0.05,0.5,0.45,6
CGGTTAACAAGTTAAG,3,0.05,0.5,0.45,6
CGGTTAACAGATTGCT,7,0.05,0.5,0.45,6
CGGTTAACAGTTTACG,7,0.05,0.5,0.45,6
CGGTTAAGTTTCCACC,2,0.05,0.5,0.45,6
CGGTTAATCCTCATTA,5,0.05,0.5,0.45,6
CGGTTAATCTCGAGTA,6,0.05,0.5,0.45,6
CGGTTAATCTTGTATC,2,0.05,0.5,0.45,6
CGTAGCGAGACAATAC,1,0.05,0.5,0.45,6
CGTAGCGAGTCTCAAC,2,0.05,0.5,0.45,6
CGTAGCGCAAGGTTTC,2,0.05,0.5,0.45,6
CGTAGCGCACGTTGGC,5,0.05,0.5,0.45,6
CGTAGCGGTCGAATCT,3,0.05,0.5,0.45,6
CGTAGCGGTGGTAACG,1000,0.05,0.5,0.45,6
CGTAGCGGTTCGTGAT,1,0.05,0.5,0.45,6
CGTAGCGTCCAAACAC,2,0.05,0.5,0.45,6
CGTAGCGTCTGTCTAT,0,0.05,0.5,0.45,6
CGTAGGCAGACTAAGT,3,0.05,0.5,0.45,6
CGTAGGCAGGGCTTCC,7,0.05,0.5,0.45,6
CGTAGGCCAAGAGGCT,6,0.05,0.5,0.45,6
CGTAGGCCACCTTGTC,4,0.05,0.5,0.45,6
CGTAGGCGTCGCATAT,5,0.05,0.5,0.45,6
CGTAGGCGTGTGAAAT,1,0.05,0.5,0.45,6
CGTAGGCTCACGGTTA,3,0.05,0.5,0.45,6
CGTAGGCTCAGCCTAA,5,0.05,0.5,0.45,6
CGTAGGCTCCCACTTG,3,0.05,0.5,0.45,6
CGTAGGCTCCTCAATT,8,0.05,0.5,0.45,6
CGTAGGCTCTATCGCC,8,0.05,0.5,0.45,6
CGTCACTAGCCAGGAT,7,0.05,0.5,0.45,6
CGTCACTAGGCAGGTT,2,0.05,0.5,0.45,6
CGTCACTAGGGATCTG,8,0.05,0.5,0.45,6
CGTCACTGTCGCGGTT,5,0.05,0.5,0.45,6
CGTCACTTCGGAAATA,7,0.05,0.5,0.45,6
CGTCAGGAGCTAAACA,1,0.05,0.5,0.45,6
CGTCAGGCAATAGAGT,8,0.05,0.5,0.45,6
CGTCAGGGTTCAACCA,4,0.05,0.5,0.45,6
CGTCAGGTCATGCTCC,3,0.05,0.5,0.45,6
CGTCAGGTCCTACAGA,8,0.05,0.5,0.45,6
CGTCAGGTCTTACCGC,2,0.05,0.5,0.45,6
CGTCCATAGCCAGAAC,0,0.05,0.5,0.45,6
CGTCCATAGCGTTGCC,1,0.05,0.5,0.45,6
CGTCCATAGGTGATAT,4,0.05,0.5,0.45,6
CGTCCATCAATCACAC,1,0.05,0.5,0.45,6
CGTCCATCACCAGGTC,1,0.05,0.5,0.45,6
CGTCCATCACTTAACG,3,0.05,0.5,0.45,6
CGTCCATCAGTACACT,1,0.05,0.5,0.45,6
CGTCCATCATATGGTC,3,0.05,0.5,0.45,6
CGTCCATCATCCGCGA,1,0.05,0.5,0.45,6
CGTCCATGTTGGACCC,5,0.05,0.5,0.45,6
CGTCCATTCTGAGTGT,5,0.05,0.5,0.45,6
CGTCTACAGACGCACA,5,0.05,0.5,0.45,6
CGTCTACAGATATACG,4,0.05,0.5,0.45,6
CGTCTACAGATATGGT,2,0.05,0.5,0.45,6
CGTCTACAGTTCGCAT,2,0.05,0.5,0.45,6
CGTCTACCAAACGTGG,6,0.05,0.5,0.45,6
CGTCTACCACATCCGG,6,0.05,0.5,0.45,6
CGTCTACCACCCAGTG,5,0.05,0.5,0.45,6
CGTCTACCACTTGGAT,2,0.05,0.5,0.45,6
CGTCTACCAGACGCTC,4,0.05,0.5,0.45,6
CGTCTACCAGTGGAGT,3,0.05,0.5,0.45,6
CGTCTACCATTTCACT,3,0.05,0.5,0.45,6
CGTCTACGTCAAACTC,1,0.05,0.5,0.45,6
CGTCTACGTCATCCCT,1000,0.05,0.5,0.45,6
CGTCTACGTCGGCATC,7,0.05,0.5,0.45,6
CGTCTACGTCTTTCAT,1,0.05,0.5,0.45,6
CGTCTACGTGGTACAG,1000,0.05,0.5,0.45,6
CGTCTACTCCACGCAG,1000,0.05,0.5,0.45,6
CGTCTACTCGCCATAA,8,0.05,0.5,0.45,6
CGTCTACTCTTAACCT,4,0.05,0.5,0.45,6
CGTGAGCAGAATAGGG,5,0.05,0.5,0.45,6
CGTGAGCAGCTAAACA,6,0.05,0.5,0.45,6
CGTGAGCAGTACACCT,5,0.05,0.5,0.45,6
CGTGAGCCAGTTCATG,3,0.05,0.5,0.45,6
CGTGAGCCATTACCTT,1000,0.05,0.5,0.45,6
CGTGAGCCATTGGCGC,1,0.05,0.5,0.45,6
CGTGAGCGTCTCTCTG,2,0.05,0.5,0.45,6
CGTGAGCGTGCAACGA,2,0.05,0.5,0.45,6
CGTGAGCTCATTGCCC,7,0.05,0.5,0.45,6
CGTGAGCTCTACCAGA,8,0.05,0.5,0.45,6
CGTGTAAAGAAGGGTA,2,0.05,0.5,0.45,6
CGTGTAAAGATATGCA,3,0.05,0.5,0.45,6
CGTGTAAAGCCCAACC,3,0.05,0.5,0.45,6
CGTGTAAAGTTCGCGC,7,0.05,0.5,0.45,6
CGTGTAACAGGTCTCG,5,0.05,0.5,0.45,6
CGTGTAACAGTATAAG,1000,0.05,0.5,0.45,6
CGTGTAACATGCCACG,7,0.05,0.5,0.45,6
CGTGTAAGTAACGACG,1000,0.05,0.5,0.45,6
CGTGTAAGTAAGGGCT,5,0.05,0.5,0.45,6
CGTGTAAGTACTCTCC,4,0.05,0.5,0.45,6
CGTGTAAGTATCTGCA,3,0.05,0.5,0.45,6
CGTGTAAGTGCAGACA,4,0.05,0.5,0.45,6
CGTGTAAGTGCGAAAC,4,0.05,0.5,0.45,6
CGTGTAAGTGTGCGTC,7,0.05,0.5,0.45,6
CGTGTAATCACTTATC,1,0.05,0.5,0.45,6
CGTGTAATCGGTTCGG,8,0.05,0.5,0.45,6
CGTGTCTAGCACACAG,3,0.05,0.5,0.45,6
CGTGTCTCATGCATGT,2,0.05,0.5,0.45,6
CGTGTCTGTACAGACG,3,0.05,0.5,0.45,6
CGTGTCTGTACCGCTG,7,0.05,0.5,0.45,6
CGTGTCTGTCTCACCT,4,0.05,0.5,0.45,6
CGTGTCTGTCTGCGGT,5,0.05,0.5,0.45,6
CGTGTCTGTGCCTGTG,8,0.05,0.5,0.45,6
CGTGTCTGTTCCACGG,1,0.05,0.5,0.45,6
CGTGTCTGTTGTCTTT,5,0.05,0.5,0.45,6
CGTGTCTTCAATCACG,6,0.05,0.5,0.45,6
CGTGTCTTCACCCTCA,5,0.05,0.5,0.45,6
CGTGTCTTCCTTCAAT,0,0.05,0.5,0.45,6
CGTGTCTTCGGAAACG,8,0.05,0.5,0.45,6
CGTGTCTTCGGACAAG,1000,0.05,0.5,0.45,6
CGTGTCTTCGGCCGAT,8,0.05,0.5,0.45,6
CGTGTCTTCGTAGGTT,1,0.05,0.5,0.45,6
CGTGTCTTCTGTCCGT,5,0.05,0.5,0.45,6
CGTTAGAAGACCGGAT,4,0.05,0.5,0.45,6
CGTTAGAAGTGGGATC,2,0.05,0.5,0.45,6
CGTTAGAAGTTTGCGT,1,0.05,0.5,0.45,6
CGTTAGACAACGATGG,3,0.05,0.5,0.45,6
CGTTAGACAAGCCTAT,5,0.05,0.5,0.45,6
CGTTAGACACCAACCG,3,0.05,0.5,0.45,6
CGTTAGAGTTGGTTTG,1,0.05,0.5,0.45,6
CGTTAGATCAGTTGAC,5,0.05,0.5,0.45,6
CGTTCTGAGATAGGAG,1000,0.05,0.5,0.45,6
CGTTCTGCACGGTTTA,5,0.05,0.5,0.45,6
CGTTCTGGTAGGGTAC,1,0.05,0.5,0.45,6
CGTTCTGGTTAAGGGC,1000,0.05,0.5,0.45,6
CGTTCTGGTTACGCGC,6,0.05,0.5,0.45,6
CGTTCTGTCACCGTAA,2,0.05,0.5,0.45,6
CGTTCTGTCCAAGTAC,3,0.05,0.5,0.45,6
CGTTCTGTCCTTTACA,3,0.05,0.5,0.45,6
CGTTCTGTCGGCGCTA,5,0.05,0.5,0.45,6
CGTTCTGTCTGAGGGA,2,0.05,0.5,0.45,6
CGTTGGGAGGGATCTG,4,0.05,0.5,0.45,6
CGTTGGGAGTCCGGTC,1000,0.05,0.5,0.45,6
CGTTGGGAGTTGAGAT,8,0.05,0.5,0.45,6
CGTTGGGCAAGTCATC,3,0.05,0.5,0.45,6
CGTTGGGCACAGCGTC,2,0.05,0.5,0.45,6
CGTTGGGCATTGGGCC,8,0.05,0.5,0.45,6
CGTTGGGGTGCAGGTA,7,0.05,0.5,0.45,6
CGTTGGGTCGTGACAT,1,0.05,0.5,0.45,6
CGTTGGGTCTTGGGTA,5,0.05,0.5,0.45,6
CTAACTTAGAGAACAG,7,0.05,0.5,0.45,6
CTAACTTAGATGTCGG,7,0.05,0.5,0.45,6
CTAACTTAGATGTGGC,1,0.05,0.5,0.45,6
CTAACTTAGCAGCCTC,1,0.05,0.5,0.45,6
CTAACTTAGGTAGCTG,3,0.05,0.5,0.45,6
CTAACTTAGGTGCACA,4,0.05,0.5,0.45,6
CTAACTTAGTCATCCA,3,0.05,0.5,0.45,6
CTAACTTCACCGCTAG,2,0.05,0.5,0.45,6
CTAACTTCAGGCAGTA,4,0.05,0.5,0.45,6
CTAACTTGTATATCCG,1000,0.05,0.5,0.45,6
CTAACTTTCAGTTCGA,1000,0.05,0.5,0.45,6
CTAACTTTCATTTGGG,8,0.05,0.5,0.45,6
CTAAGACAGACCTAGG,2,0.05,0.5,0.45,6
CTAAGACAGGGTGTGT,7,0.05,0.5,0.45,6
CTAAGACAGTGCAAGC,3,0.05,0.5,0.45,6
CTAAGACAGTGCTGCC,1000,0.05,0.5,0.45,6
CTAAGACCAAATCCGT,3,0.05,0.5,0.45,6
CTAAGACCATAAGACA,8,0.05,0.5,0.45,6
CTAAGACGTACAGTTC,1000,0.05,0.5,0.45,6
CTAAGACGTTCATGGT,5,0.05,0.5,0.45,6
CTAAGACTCACTATTC,4,0.05,0.5,0.45,6
CTAAGACTCCAAATGC,1,0.05,0.5,0.45,6
CTAAGACTCCACGTGG,2,0.05,0.5,0.45,6
CTAAGACTCGGTCCGA,1,0.05,0.5,0.45,6
CTAATGGAGCTCTCGG,3,0.05,0.5,0.45,6
CTAATGGAGTTTAGGA,2,0.05,0.5,0.45,6
CTAATGGCAATGGAGC,0,0.05,0.5,0.45,6
CTAATGGCACCCTATC,1,0.05,0.5,0.45,6
CTAATGGCACTGTGTA,4,0.05,0.5,0.45,6
CTAATGGCAGAGTGTG,7,0.05,0.5,0.45,6
CTAATGGTCAACGGGA,7,0.05,0.5,0.45,6
CTAATGGTCGAGAACG,1,0.05,0.5,0.45,6
CTACACCAGAAGGCCT,4,0.05,0.5,0.45,6
CTACACCAGTGGAGAA,8,0.05,0.5,0.45,6
CTACACCCATGCTGGC,1,0.05,0.5,0.45,6
CTACACCGTAAGTTCC,1000,0.05,0.5,0.45,6
CTACACCGTAGGCTGA,1000,0.05,0.5,0.45,6
CTACACCGTGACTCAT,1,0.05,0.5,0.45,6
CTACACCTCAGATAAG,4,0.05,0.5,0.45,6
CTACACCTCCGAAGAG,2,0.05,0.5,0.45,6
CTACATTAGACGACGT,7,0.05,0.5,0.45,6
CTACATTAGTTGTAGA,3,0.05,0.5,0.45,6
CTACATTAGTTGTCGT,3,0.05,0.5,0.45,6
CTACATTCACCATGTA,7,0.05,0.5,0.45,6
CTACATTCACGTTGGC,7,0.05,0.5,0.45,6
CTACATTCAGAAGCAC,7,0.05,0.5,0.45,6
CTACATTCAGATAATG,8,0.05,0.5,0.45,6
CTACATTCAGCTATTG,1000,0.05,0.5,0.45,6
CTACATTGTAGCGCTC,3,0.05,0.5,0.45,6
CTACATTGTGTTAAGA,1000,0.05,0.5,0.45,6
CTACATTTCATGTCCC,3,0.05,0.5,0.45,6
CTACCCAAGATGTTAG,4,0.05,0.5,0.45,6
CTACCCAAGTACGCGA,6,0.05,0.5,0.45,6
CTACCCAAGTGGTCCC,8,0.05,0.5,0.45,6
CTACCCACAAGAGGCT,8,0.05,0.5,0.45,6
CTACCCACAATAGCGG,6,0.05,0.5,0.45,6
CTACCCACACTTCGAA,1,0.05,0.5,0.45,6
CTACCCACAGTCCTTC,2,0.05,0.5,0.45,6
CTACCCACATCGTCGG,7,0.05,0.5,0.45,6
CTACCCAGTAGGCTGA,4,0.05,0.5,0.45,6
CTACCCAGTCATGCCG,4,0.05,0.5,0.45,6
CTACCCAGTTATCGGT,6,0.05,0.5,0.45,6
CTACCCATCAGCTCTC,3,0.05,0.5,0.45,6
CTACCCATCATAACCG,7,0.05,0.5,0.45,6
CTACCCATCTGTCCGT,1,0.05,0.5,0.45,6
CTACGTCAGGATGTAT,1,0.05,0.5,0.45,6
CTACGTCAGGCAATTA,3,0.05,0.5,0.45,6
CTACGTCAGTAGGCCA,4,0.05,0.5,0.45,6
CTACGTCCACTTACGA,3,0.05,0.5,0.45,6
CTACGTCCAGGGATTG,4,0.05,0.5,0.45,6
CTACGTCCAGTAAGAT,4,0.05,0.5,0.45,6
CTACGTCCATACAGCT,6,0.05,0.5,0.45,6
CTACGTCGTACTTAGC,5,0.05,0.5,0.45,6
CTACGTCGTCGACTAT,3,0.05,0.5,0.45,6
CTACGTCGTTGGTTTG,8,0.05,0.5,0.45,6
CTACGTCTCAATAAGG,0,0.05,0.5,0.45,6
CTACGTCTCACAACGT,5,0.05,0.5,0.45,6
CTACGTCTCGGTCCGA,3,0.05,0.5,0.45,6
CTACGTCTCGTAGATC,4,0.05,0.5,0.45,6
CTACGTCTCTTACCGC,5,0.05,0.5,0.45,6
CTACGTCTCTTCAACT,5,0.05,0.5,0.45,6
CTAGAGTAGAAACCGC,7,0.05,0.5,0.45,6
CTAGAGTAGTGGTAGC,7,0.05,0.5,0.45,6
CTAGAGTCAATGGTCT,4,0.05,0.5,0.45,6
CTAGAGTCACTTACGA,2,0.05,0.5,0.45,6
CTAGAGTCATACGCCG,4,0.05,0.5,0.45,6
CTAGAGTCATCACGTA,6,0.05,0.5,0.45,6
CTAGAGTGTACCCAAT,8,0.05,0.5,0.45,6
CTAGAGTGTGGTCCGT,4,0.05,0.5,0.45,6
CTAGAGTTCCTTCAAT,5,0.05,0.5,0.45,6
CTAGAGTTCGTTTGCC,7,0.05,0.5,0.45,6
CTAGCCTAGCCAGGAT,7,0.05,0.5,0.45,6
CTAGCCTAGGGCTTGA,4,0.05,0.5,0.45,6
CTAGCCTAGTCCATAC,7,0.05,0.5,0.45,6
CTAGCCTAGTCGTACT,5,0.05,0.5,0.45,6
CTAGCCTAGTCTCCTC,4,0.05,0.5,0.45,6
CTAGCCTGTTCACCTC,8,0.05,0.5,0.45,6
CTAGCCTTCACTCCTG,8,0.05,0.5,0.45,6
CTAGCCTTCAGGCCCA,1000,0.05,0.5,0.45,6
CTAGCCTTCATGCAAC,1,0.05,0.5,0.45,6
CTAGCCTTCATGCATG,6,0.05,0.5,0.45,6
CTAGCCTTCTCAAACG,4,0.05,0.5,0.45,6
CTAGTGAAGATGTTAG,1,0.05,0.5,0.45,6
CTAGTGAAGGAGTACC,2,0.05,0.5,0.45,6
CTAGTGAAGGGTATCG,4,0.05,0.5,0.45,6
CTAGTGACAATAGCGG,3,0.05,0.5,0.45,6
CTAGTGACAATCAGAA,4,0.05,0.5,0.45,6
CTAGTGACAGCCTTGG,1,0.05,0.5,0.45,6
CTAGTGAGTGATGCCC,3,0.05,0.5,0.45,6
CTAGTGAGTTAAAGTG,3,0.05,0.5,0.45,6
CTAGTGAGTTCCCGAG,2,0.05,0.5,0.45,6
CTAGTGATCAGCGACC,4,0.05,0.5,0.45,6
CTAGTGATCGAATGGG,0,0.05,0.5,0.45,6
CTAGTGATCTCTTATG,1,0.05,0.5,0.45,6
CTCACACAGAGAACAG,2,0.05,0.5,0.45,6
CTCACACCAATCAGAA,4,0.05,0.5,0.45,6
CTCACACCACGGTTTA,2,0.05,0.5,0.45,6
CTCACACCAGATCTGT,7,0.05,0.5,0.45,6
CTCACACGTACAGTTC,4,0.05,0.5,0.45,6
CTCACACGTAGTGAAT,7,0.05,0.5,0.45,6
CTCACACGTTGTACAC,5,0.05,0.5,0.45,6
CTCACACGTTGTTTGG,6,0.05,0.5,0.45,6
CTCACACTCGCGATCG,3,0.05,0.5,0.45,6
CTCACACTCGGTCTAA,6,0.05,0.5,0.45,6
CTCACACTCTTCGGTC,5,0.05,0.5,0.45,6
CTCACACTCTTGTCAT,3,0.05,0.5,0.45,6
CTCAGAAAGACTACAA,4,0.05,0.5,0.45,6
CTCAGAAAGATGTAAC,2,0.05,0.5,0.45,6
CTCAGAAAGCTTCGCG,2,0.05,0.5,0.45,6
CTCAGAAAGTCGCCGT,4,0.05,0.5,0.45,6
CTCAGAACACGGCCAT,8,0.05,0.5,0.45,6
CTCAGAACACGTAAGG,8,0.05,0.5,0.45,6
CTCAGAACATATACCG,7,0.05,0.5,0.45,6
CTCAGAACATTCTCAT,3,0.05,0.5,0.45,6
CTCAGAAGTACCCAAT,7,0.05,0.5,0.45,6
CTCAGAAGTATAATGG,4,0.05,0.5,0.45,6
CTCAGAAGTCAGTGGA,6,0.05,0.5,0.45,6
CTCAGAAGTTAAGATG,4,0.05,0.5,0.45,6
CTCAGAAGTTCAACCA,4,0.05,0.5,0.45,6
CTCAGAAGTTCAGTAC,8,0.05,0.5,0.45,6
CTCAGAAGTTGGGACA,1,0.05,0.5,0.45,6
CTCAGAATCCCGGATG,4,0.05,0.5,0.45,6
CTCAGAATCGTCTGAA,4,0.05,0.5,0.45,6
CTCAGAATCTTAGAGC,1000,0.05,0.5,0.45,6
CTCATTAAGAACAATC,5,0.05,0.5,0.45,6
CTCATTAAGTCTCGGC,5,0.05,0.5,0.45,6
CTCATTACACCGAAAG,5,0.05,0.5,0.45,6
CTCATTACAGGACCCT,3,0.05,0.5,0.45,6
CTCATTACAGGTCGTC,3,0.05,0.5,0.45,6
CTCATTACATCGGACC,2,0.05,0.5,0.45,6
CTCATTACATTCCTCG,1,0.05,0.5,0.45,6
CTCATTAGTAAACGCG,7,0.05,0.5,0.45,6
CTCATTAGTAAGTTCC,1,0.05,0.5,0.45,6
CTCATTAGTGCAACTT,1,0.05,0.5,0.45,6
CTCATTAGTGCCTGGT,5,0.05,0.5,0.45,6
CTCATTAGTGTAAGTA,6,0.05,0.5,0.45,6
CTCATTATCGAGAGCA,2,0.05,0.5,0.45,6
CTCATTATCGCGTTTC,5,0.05,0.5,0.45,6
CTCCTAGAGAGGTTGC,4,0.05,0.5,0.45,6
CTCCTAGAGATCTGAA,8,0.05,0.5,0.45,6
CTCCTAGAGGACACCA,6,0.05,0.5,0.45,6
CTCCTAGAGTCACGCC,4,0.05,0.5,0.45,6
CTCCTAGCAATCTACG,6,0.05,0.5,0.45,6
CTCCTAGCACCAACCG,7,0.05,0.5,0.45,6
CTCCTAGCACCTGGTG,1000,0.05,0.5,0.45,6
CTCCTAGCATATGAGA,1000,0.05,0.5,0.45,6
CTCCTAGTCACGAAGG,7,0.05,0.5,0.45,6
CTCCTAGTCGCGCCAA,1000,0.05,0.5,0.45,6
CTCCTAGTCGTTACAG,1000,0.05,0.5,0.45,6
CTCCTAGTCTTCGAGA,4,0.05,0.5,0.45,6
CTCGAAAAGCCTATGT,2,0.05,0.5,0.45,6
CTCGAAAAGCTCTCGG,5,0.05,0.5,0.45,6
CTCGAAAAGGTGATAT,4,0.05,0.5,0.45,6
CTCGAAAAGGTGTGGT,2,0.05,0.5,0.45,6
CTCGAAAAGTGGAGAA,2,0.05,0.5,0.45,6
CTCGAAAAGTTACGGG,7,0.05,0.5,0.45,6
CTCGAAAGTGTTGAGG,7,0.05,0.5,0.45,6
CTCGAAATCAATCACG,7,0.05,0.5,0.45,6
CTCGAAATCACCAGGC,5,0.05,0.5,0.45,6
CTCGAAATCGACCAGC,1000,0.05,0.5,0.45,6
CTCGAGGCACAGAGGT,5,0.05,0.5,0.45,6
CTCGAGGGTAAGGGCT,3,0.05,0.5,0.45,6
CTCGAGGGTACCGTAT,4,0.05,0.5,0.45,6
CTCGAGGGTCCGCTGA,4,0.05,0.5,0.45,6
CTCGAGGGTGACAAAT,2,0.05,0.5,0.45,6
CTCGAGGGTTAAGGGC,3,0.05,0.5,0.45,6
CTCGAGGTCAAGCCTA,1,0.05,0.5,0.45,6
CTCGAGGTCGCCGTGA,2,0.05,0.5,0.45,6
CTCGAGGTCTTTAGTC,4,0.05,0.5,0.45,6
CTCGGAGAGTAACCCT,4,0.05,0.5,0.45,6
CTCGGAGCAACGATGG,1,0.05,0.5,0.45,6
CTCGGAGCACGACTCG,8,0.05,0.5,0.45,6
CTCGGAGCACTGCCAG,8,0.05,0.5,0.45,6
CTCGGAGCAGGGATTG,5,0.05,0.5,0.45,6
CTCGGAGTCAACGGGA,8,0.05,0.5,0.45,6
CTCGGAGTCAAGATCC,5,0.05,0.5,0.45,6
CTCGGAGTCTAGCACA,8,0.05,0.5,0.45,6
CTCGGAGTCTGATACG,1000,0.05,0.5,0.45,6
CTCGGGACAATGGAGC,0,0.05,0.5,0.45,6
CTCGGGAGTCTAAACC,3,0.05,0.5,0.45,6
CTCGGGATCACATAGC,3,0.05,0.5,0.45,6
CTCGTACAGCCTATGT,5,0.05,0.5,0.45,6
CTCGTACAGTGGAGTC,7,0.05,0.5,0.45,6
CTCGTACCAATGTTGC,0,0.05,0.5,0.45,6
CTCGTACCAGTTCCCT,5,0.05,0.5,0.45,6
CTCGTACCATTAACCG,4,0.05,0.5,0.45,6
CTCGTACGTACAGTTC,5,0.05,0.5,0.45,6
CTCGTACGTATGAATG,2,0.05,0.5,0.45,6
CTCGTACGTGCACTTA,8,0.05,0.5,0.45,6
CTCGTACGTGGTCCGT,4,0.05,0.5,0.45,6
CTCGTACTCACCTCGT,8,0.05,0.5,0.45,6
CTCGTACTCAGTTGAC,1000,0.05,0.5,0.45,6
CTCGTACTCGACGGAA,5,0.05,0.5,0.45,6
CTCGTACTCTCCTATA,6,0.05,0.5,0.45,6
CTCGTCAGTCAGAAGC,4,0.05,0.5,0.45,6
CTCGTCAGTCTGATCA,1,0.05,0.5,0.45,6
CTCGTCATCCGCATCT,5,0.05,0.5,0.45,6
CTCGTCATCGCATGAT,2,0.05,0.5,0.45,6
CTCGTCATCGGTGTTA,2,0.05,0.5,0.45,6
CTCTAATAGCGCTCCA,4,0.05,0.5,0.45,6
CTCTAATAGGAATGGA,4,0.05,0.5,0.45,6
CTCTAATAGGCATTGG,7,0.05,0.5,0.45,6
CTCTAATCAACACGCC,1000,0.05,0.5,0.45,6
CTCTAATCAATAGCAA,5,0.05,0.5,0.45,6
CTCTAATCAGACGCCT,1000,0.05,0.5,0.45,6
CTCTAATGTACCTACA,3,0.05,0.5,0.45,6
CTCTAATGTACTCAAC,6,0.05,0.5,0.45,6
CTCTAATGTATGCTTG,1000,0.05,0.5,0.45,6
CTCTAATGTCACCTAA,3,0.05,0.5,0.45,6
CTCTAATGTCCCGACA,4,0.05,0.5,0.45,6
CTCTAATTCCGTCAAA,8,0.05,0.5,0.45,6
CTCTAATTCTGGCGAC,3,0.05,0.5,0.45,6
CTCTAATTCTTGCATT,0,0.05,0.5,0.45,6
CTCTACGAGATGAGAG,4,0.05,0.5,0.45,6
CTCTACGAGCGTGAAC,1,0.05,0.5,0.45,6
CTCTACGAGTGCCAGA,2,0.05,0.5,0.45,6
CTCTACGAGTGGGATC,7,0.05,0.5,0.45,6
CTCTACGGTCCGTCAG,2,0.05,0.5,0.45,6
CTCTACGGTGGTCCGT,5,0.05,0.5,0.45,6
CTCTACGTCAGCGATT,3,0.05,0.5,0.45,6
CTCTACGTCCGTTGTC,1,0.05,0.5,0.45,6
CTCTGGTCAACGATCT,1000,0.05,0.5,0.45,6
CTCTGGTCAACTGGCC,8,0.05,0.5,0.45,6
CTCTGGTCAGACGCAA,3,0.05,0.5,0.45,6
CTCTGGTCAGTCGTGC,6,0.05,0.5,0.45,6
CTCTGGTCATCCCACT,7,0.05,0.5,0.45,6
CTCTGGTCATGCAACT,1000,0.05,0.5,0.45,6
CTCTGGTGTAAATGAC,1,0.05,0.5,0.45,6
CTCTGGTGTAACGACG,6,0.05,0.5,0.45,6
CTCTGGTGTATATCCG,4,0.05,0.5,0.45,6
CTCTGGTGTCACAAGG,5,0.05,0.5,0.45,6
CTCTGGTGTTAAGACA,7,0.05,0.5,0.45,6
CTCTGGTTCAACTCTT,7,0.05,0.5,0.45,6
CTCTGGTTCCTAGAAC,1,0.05,0.5,0.45,6
CTCTGGTTCGGATGTT,8,0.05,0.5,0.45,6
CTGAAACCAGATCCAT,2,0.05,0.5,0.45,6
CTGAAACCAGGAACGT,8,0.05,0.5,0.45,6
CTGAAACCATGTTGAC,1000,0.05,0.5,0.45,6
CTGAAACGTAAGGGCT,3,0.05,0.5,0.45,6
CTGAAACTCAATAAGG,2,0.05,0.5,0.45,6
CTGAAACTCACAGGCC,7,0.05,0.5,0.45,6
CTGAAACTCTCAAGTG,2,0.05,0.5,0.45,6
CTGAAGTAGCGCTTAT,8,0.05,0.5,0.45,6
CTGAAGTAGGCTATCT,6,0.05,0.5,0.45,6
CTGAAGTAGTTATCGC,2,0.05,0.5,0.45,6
CTGAAGTGTAATAGCA,4,0.05,0.5,0.45,6
CTGAAGTGTGCAGTAG,2,0.05,0.5,0.45,6
CTGAAGTTCAACGCTA,8,0.05,0.5,0.45,6
CTGAAGTTCCACGACG,7,0.05,0.5,0.45,6
CTGAAGTTCGTACGGC,1,0.05,0.5,0.45,6
CTGAAGTTCTGCTGTC,2,0.05,0.5,0.45,6
CTGATAGAGTCCGGTC,7,0.05,0.5,0.45,6
CTGATAGAGTGCAAGC,3,0.05,0.5,0.45,6
CTGATAGCATAGGATA,4,0.05,0.5,0.45,6
CTGATAGGTACCATCA,7,0.05,0.5,0.45,6
CTGATAGGTCAGAAGC,7,0.05,0.5,0.45,6
CTGATAGGTGTGTGCC,4,0.05,0.5,0.45,6
CTGATCCAGCTAACAA,8,0.05,0.5,0.45,6
CTGATCCAGCTGAAAT,2,0.05,0.5,0.45,6
CTGATCCAGTGGGTTG,0,0.05,0.5,0.45,6
CTGATCCAGTGTACCT,6,0.05,0.5,0.45,6
CTGATCCAGTTAACGA,1,0.05,0.5,0.45,6
CTGATCCCAACTGGCC,4,0.05,0.5,0.45,6
CTGATCCCAAGTTCTG,6,0.05,0.5,0.45,6
CTGATCCCAGGTGCCT,8,0.05,0.5,0.45,6
CTGATCCGTGAAAGAG,2,0.05,0.5,0.45,6
CTGATCCGTTCCCGAG,4,0.05,0.5,0.45,6
CTGATCCTCACCTCGT,8,0.05,0.5,0.45,6
CTGATCCTCAGTGCAT,1000,0.05,0.5,0.45,6
CTGATCCTCATAAAGG,8,0.05,0.5,0.45,6
CTGCCTACACACCGAC,1000,0.05,0.5,0.45,6
CTGCCTACACATGGGA,5,0.05,0.5,0.45,6
CTGCCTACACTTGGAT,1,0.05,0.5,0.45,6
CTGCCTAGTAGAGGAA,7,0.05,0.5,0.45,6
CTGCCTAGTCGCGGTT,6,0.05,0.5,0.45,6
CTGCCTAGTCTCTTTA,1000,0.05,0.5,0.45,6
CTGCCTAGTTACGACT,7,0.05,0.5,0.45,6
CTGCCTAGTTCCACGG,3,0.05,0.5,0.45,6
CTGCCTAGTTGGTTTG,1,0.05,0.5,0.45,6
CTGCCTATCACCAGGC,7,0.05,0.5,0.45,6
CTGCGGAAGCCGGTAA,8,0.05,0.5,0.45,6
CTGCGGAAGCTAAGAT,7,0.05,0.5,0.45,6
CTGCGGACAAGAAAGG,4,0.05,0.5,0.45,6
CTGCGGAGTTGTGGAG,1,0.05,0.5,0.45,6
CTGCGGATCCTGTAGA,2,0.05,0.5,0.45,6
CTGCGGATCTCCGGTT,4,0.05,0.5,0.45,6
CTGCTGTAGGCGACAT,0,0.05,0.5,0.45,6
CTGCTGTCAAACGTGG,5,0.05,0.5,0.45,6
CTGCTGTCAGTCAGCC,4,0.05,0.5,0.45,6
CTGCTGTCATCCTTGC,6,0.05,0.5,0.45,6
CTGCTGTCATGATCCA,2,0.05,0.5,0.45,6
CTGCTGTGTAGCAAAT,7,0.05,0.5,0.45,6
CTGCTGTGTATAGGTA,4,0.05,0.5,0.45,6
CTGCTGTGTTAAAGTG,1000,0.05,0.5,0.45,6
CTGCTGTGTTTAGGAA,4,0.05,0.5,0.45,6
CTGCTGTTCTGCTGTC,8,0.05,0.5,0.45,6
CTGCTGTTCTGTCAAG,2,0.05,0.5,0.45,6
CTGGTCTAGAAGGGTA,1,0.05,0.5,0.45,6
CTGGTCTAGCTAACTC,8,0.05,0.5,0.45,6
CTGGTCTAGGGAGTAA,6,0.05,0.5,0.45,6
CTGGTCTCACCAGTTA,1000,0.05,0.5,0.45,6
CTGGTCTCACCTATCC,7,0.05,0.5,0.45,6
CTGGTCTCAGGAATCG,7,0.05,0.5,0.45,6
CTGGTCTCATACGCCG,7,0.05,0.5,0.45,6
CTGGTCTGTCAACTGT,1,0.05,0.5,0.45,6
CTGGTCTGTCCTAGCG,2,0.05,0.5,0.45,6
CTGGTCTTCACAGGCC,2,0.05,0.5,0.45,6
CTGGTCTTCGAACGGA,6,0.05,0.5,0.45,6
CTGTGCTAGCTCTCGG,6,0.05,0.5,0.45,6
CTGTGCTAGGATGCGT,8,0.05,0.5,0.45,6
CTGTGCTAGTAAGTAC,6,0.05,0.5,0.45,6
CTGTGCTAGTATGACA,2,0.05,0.5,0.45,6
CTGTGCTAGTGCCAGA,6,0.05,0.5,0.45,6
CTGTGCTAGTTAACGA,3,0.05,0.5,0.45,6
CTGTGCTCACACATGT,4,0.05,0.5,0.45,6
CTGTGCTCATCCAACA,2,0.05,0.5,0.45,6
CTGTGCTGTAGCGATG,1000,0.05,0.5,0.45,6
CTGTGCTTCTAGAGTC,2,0.05,0.5,0.45,6
CTGTGCTTCTGTTGAG,1,0.05,0.5,0.45,6
CTGTTTAAGCAGATCG,6,0.05,0.5,0.45,6
CTGTTTAAGCCCTAAT,6,0.05,0.5,0.45,6
CTGTTTAAGTGACTCT,8,0.05,0.5,0.45,6
CTGTTTACACGGTAAG,3,0.05,0.5,0.45,6
CTGTTTACATGGTCTA,7,0.05,0.5,0.45,6
CTGTTTAGTGAGCGAT,4,0.05,0.5,0.45,6
CTGTTTATCTACCTGC,6,0.05,0.5,0.45,6
CTGTTTATCTTGCCGT,8,0.05,0.5,0.45,6
CTTAACTAGGCACATG,4,0.05,0.5,0.45,6
CTTAACTAGTTGCAGG,2,0.05,0.5,0.45,6
CTTAACTCAGTCGTGC,5,0.05,0.5,0.45,6
CTTAACTGTAAGTGTA,3,0.05,0.5,0.45,6
CTTAACTGTATATCCG,5,0.05,0.5,0.45,6
CTTAACTGTTCAGACT,4,0.05,0.5,0.45,6
CTTAACTTCAGGCCCA,3,0.05,0.5,0.45,6
CTTACCGAGGAACTGC,8,0.05,0.5,0.45,6
CTTACCGAGGCAAAGA,6,0.05,0.5,0.45,6
CTTACCGAGGCTCTTA,6,0.05,0.5,0.45,6
CTTACCGCAACTGCGC,5,0.05,0.5,0.45,6
CTTACCGCAAGCTGAG,5,0.05,0.5,0.45,6
CTTACCGCAGCTGCAC,8,0.05,0.5,0.45,6
CTTACCGCATTGGGCC,8,0.05,0.5,0.45,6
CTTACCGGTAGCGATG,1000,0.05,0.5,0.45,6
CTTACCGTCCAACCAA,1,0.05,0.5,0.45,6
CTTACCGTCCGCATCT,5,0.05,0.5,0.45,6
CTTACCGTCCGGCACA,6,0.05,0.5,0.45,6
CTTACCGTCGTTTGCC,5,0.05,0.5,0.45,6
CTTACCGTCTCGCTTG,7,0.05,0.5,0.45,6
CTTAGGAAGCGTCAAG,8,0.05,0.5,0.45,6
CTTAGGAAGCTGCCCA,1,0.05,0.5,0.45,6
CTTAGGAAGGCATTGG,1,0.05,0.5,0.45,6
CTTAGGAAGTCAAGCG,7,0.05,0.5,0.45,6
CTTAGGAAGTCATCCA,4,0.05,0.5,0.45,6
CTTAGGACAGATGGGT,8,0.05,0.5,0.45,6
CTTAGGACATTGAGCT,5,0.05,0.5,0.45,6
CTTAGGAGTCTCTCTG,8,0.05,0.5,0.45,6
CTTAGGAGTTAGATGA,8,0.05,0.5,0.45,6
CTTAGGAGTTTGACTG,7,0.05,0.5,0.45,6
CTTAGGATCACGGTTA,7,0.05,0.5,0.45,6
CTTAGGATCACTCCTG,1000,0.05,0.5,0.45,6
CTTAGGATCCTGCAGG,8,0.05,0.5,0.45,6
CTTCTCTAGCGCTTAT,1000,0.05,0.5,0.45,6
CTTCTCTAGGGTATCG,7,0.05,0.5,0.45,6
CTTCTCTCAAGGACTG,6,0.05,0.5,0.45,6
CTTCTCTGTACACCGC,1,0.05,0.5,0.45,6
CTTCTCTGTCTTGCGG,3,0.05,0.5,0.45,6
CTTCTCTGTTTGACTG,3,0.05,0.5,0.45,6
CTTCTCTTCCCAAGAT,1000,0.05,0.5,0.45,6
CTTCTCTTCTAACTGG,6,0.05,0.5,0.45,6
CTTCTCTTCTGTCTAT,1,0.05,0.5,0.45,6
CTTGGCTAGCCACGTC,3,0.05,0.5,0.45,6
CTTGGCTAGGACATTA,1000,0.05,0.5,0.45,6
CTTGGCTCATGCAACT,1000,0.05,0.5,0.45,6
CTTGGCTGTACGACCC,4,0.05,0.5,0.45,6
CTTGGCTGTCTGCGGT,1,0.05,0.5,0.45,6
CTTGGCTGTCTTGCGG,7,0.05,0.5,0.45,6
CTTGGCTGTGCGCTTG,8,0.05,0.5,0.45,6
CTTGGCTGTTAGGGTG,5,0.05,0.5,0.45,6
CTTGGCTGTTATCGGT,6,0.05,0.5,0.45,6
CTTGGCTTCCTTAATC,1000,0.05,0.5,0.45,6
CTTGGCTTCGTGTAGT,4,0.05,0.5,0.45,6
CTTTGCGAGATCCCGC,1,0.05,0.5,0.45,6
CTTTGCGAGGGCTTCC,2,0.05,0.5,0.45,6
CTTTGCGCAAATACAG,3,0.05,0.5,0.45,6
CTTTGCGCACGGACAA,3,0.05,0.5,0.45,6
CTTTGCGCAGTCCTTC,2,0.05,0.5,0.45,6
CTTTGCGCATAGTAAG,7,0.05,0.5,0.45,6
CTTTGCGGTCACACGC,1000,0.05,0.5,0.45,6
CTTTGCGGTCGCGAAA,1,0.05,0.5,0.45,6
CTTTGCGGTGCTGTAT,7,0.05,0.5,0.45,6
CTTTGCGTCAACGGCC,1000,0.05,0.5,0.45,6
CTTTGCGTCACTTCAT,7,0.05,0.5,0.45,6
CTTTGCGTCATCTGCC,7,0.05,0.5,0.45,6
CTTTGCGTCGTTTATC,2,0.05,0.5,0.45,6
CTTTGCGTCTCTGTCG,4,0.05,0.5,0.45,6
GAAACTCAGATAGGAG,1000,0.05,0.5,0.45,6
GAAACTCAGATGGCGT,1,0.05,0.5,0.45,6
GAAACTCAGCTGCGAA,7,0.05,0.5,0.45,6
GAAACTCAGTAGGTGC,7,0.05,0.5,0.45,6
GAAACTCCACTTAAGC,8,0.05,0.5,0.45,6
GAAACTCCATTAGGCT,5,0.05,0.5,0.45,6
GAAACTCGTCCTAGCG,1,0.05,0.5,0.45,6
GAAACTCGTCGACTAT,2,0.05,0.5,0.45,6
GAAACTCGTGAAATCA,8,0.05,0.5,0.45,6
GAAACTCGTGACCAAG,7,0.05,0.5,0.45,6
GAAACTCGTGTGGCTC,1000,0.05,0.5,0.45,6
GAAACTCTCTGGCGTG,6,0.05,0.5,0.45,6
GAAACTCTCTTGCCGT,5,0.05,0.5,0.45,6
GAAATGAAGACCGGAT,4,0.05,0.5,0.45,6
GAAATGAAGAGCTTCT,1,0.05,0.5,0.45,6
GAAATGAAGATGGCGT,7,0.05,0.5,0.45,6
GAAATGAAGCTCAACT,5,0.05,0.5,0.45,6
GAAATGAAGTAATCCC,6,0.05,0.5,0.45,6
GAAATGAAGTATCTCG,1000,0.05,0.5,0.45,6
GAAATGAAGTGGAGTC,1000,0.05,0.5,0.45,6
GAAATGACAGCTTCGG,6,0.05,0.5,0.45,6
GAAATGACATGGTAGG,8,0.05,0.5,0.45,6
GAAATGACATTTGCTT,6,0.05,0.5,0.45,6
GAAATGAGTTACGTCA,3,0.05,0.5,0.45,6
GAAATGATCCAAGTAC,0,0.05,0.5,0.45,6
GAACATCAGATATACG,4,0.05,0.5,0.45,6
GAACATCAGTATTGGA,1,0.05,0.5,0.45,6
GAACATCAGTCGCCGT,4,0.05,0.5,0.45,6
GAACATCCAAGCCCAC,1000,0.05,0.5,0.45,6
GAACATCCAGATGGCA,7,0.05,0.5,0.45,6
GAACATCGTCTAAACC,6,0.05,0.5,0.45,6
GAACATCTCCAGATCA,3,0.05,0.5,0.45,6
GAACATCTCCGCATAA,4,0.05,0.5,0.45,6
GAACATCTCCTTGGTC,6,0.05,0.5,0.45,6
GAACATCTCTGATTCT,4,0.05,0.5,0.45,6
GAACATCTCTTCAACT,1000,0.05,0.5,0.45,6
GAACCTAAGACACTAA,5,0.05,0.5,0.45,6
GAACCTAAGAGTACCG,3,0.05,0.5,0.45,6
GAACCTAAGGCAATTA,4,0.05,0.5,0.45,6
GAACCTACAAGGACTG,4,0.05,0.5,0.45,6
GAACCTAGTTATGTGC,0,0.05,0.5,0.45,6
GAACGGAAGGAGCGAG,4,0.05,0.5,0.45,6
GAACGGAAGGTGTGGT,4,0.05,0.5,0.45,6
GAACGGACAATAACGA,7,0.05,0.5,0.45,6
GAACGGACATTGAGCT,1000,0.05,0.5,0.45,6
GAACGGAGTAAGTGTA,1000,0.05,0.5,0.45,6
GAACGGAGTTACGTCA,1000,0.05,0.5,0.45,6
GAACGGAGTTCCCTTG,8,0.05,0.5,0.45,6
GAACGGATCCAAAGTC,4,0.05,0.5,0.45,6
GAAGCAGAGACCACGA,4,0.05,0.5,0.45,6
GAAGCAGAGAGCTGCA,7,0.05,0.5,0.45,6
GAAGCAGAGATGTTAG,2,0.05,0.5,0.45,6
GAAGCAGAGCTCAACT,2,0.05,0.5,0.45,6
GAAGCAGAGGGAGTAA,7,0.05,0.5,0.45,6
GAAGCAGAGTGTACCT,0,0.05,0.5,0.45,6
GAAGCAGCACCAGCAC,8,0.05,0.5,0.45,6
GAAGCAGCAGCTTAAC,7,0.05,0.5,0.45,6
GAAGCAGCAGTAACGG,6,0.05,0.5,0.45,6
GAAGCAGCATTAACCG,8,0.05,0.5,0.45,6
GAAGCAGGTGACGCCT,1,0.05,0.5,0.45,6
GAAGCAGGTTGCGTTA,1,0.05,0.5,0.45,6
GAAGCAGTCCTTCAAT,1,0.05,0.5,0.45,6
GAAGCAGTCGACCAGC,8,0.05,0.5,0.45,6
GAATAAGAGATGGGTC,3,0.05,0.5,0.45,6
GAATAAGAGGTGCTTT,1000,0.05,0.5,0.45,6
GAATAAGAGTATCTCG,4,0.05,0.5,0.45,6
GAATAAGCAAGAGGCT,5,0.05,0.5,0.45,6
GAATAAGCAGACACTT,1000,0.05,0.5,0.45,6
GAATAAGCAGGTTTCA,1,0.05,0.5,0.45,6
GAATAAGGTAACGTTC,1,0.05,0.5,0.45,6
GAATAAGGTAGGCTGA,3,0.05,0.5,0.45,6
GAATAAGGTCCGAATT,7,0.05,0.5,0.45,6
GAATAAGGTCGGCACT,5,0.05,0.5,0.45,6
GAATAAGGTGCAGGTA,2,0.05,0.5,0.45,6
GAATAAGTCAGAGACG,5,0.05,0.5,0.45,6
GAATGAAAGGAACTGC,1000,0.05,0.5,0.45,6
GAATGAAAGTACATGA,7,0.05,0.5,0.45,6
GAATGAAAGTATGACA,6,0.05,0.5,0.45,6
GAATGAAAGTCAAGGC,1000,0.05,0.5,0.45,6
GAATGAACAAACAACA,8,0.05,0.5,0.45,6
GAATGAACAATAGCGG,7,0.05,0.5,0.45,6
GAATGAACATTATCTC,5,0.05,0.5,0.45,6
GAATGAAGTACCGAGA,5,0.05,0.5,0.45,6
GAATGAAGTAGGGTAC,8,0.05,0.5,0.45,6
GAATGAAGTCAGGACA,1000,0.05,0.5,0.45,6
GAATGAAGTCCGAATT,7,0.05,0.5,0.45,6
GAATGAAGTGGACGAT,8,0.05,0.5,0.45,6
GAATGAAGTTAGTGGG,4,0.05,0.5,0.45,6
GAATGAATCTATCCTA,6,0.05,0.5,0.45,6
GAATGAATCTCACATT,4,0.05,0.5,0.45,6
GAATGAATCTGCTGTC,5,0.05,0.5,0.45,6
GACACGCAGAAGCCCA,2,0.05,0.5,0.45,6
GACACGCAGAGCTGCA,1000,0.05,0.5,0.45,6
GACACGCAGGGCACTA,1,0.05,0.5,0.45,6
GACACGCAGTGTGAAT,5,0.05,0.5,0.45,6
GACACGCCAAGCCATT,6,0.05,0.5,0.45,6
GACACGCCACATGTGT,3,0.05,0.5,0.45,6
GACACGCCAGTGACAG,1000,0.05,0.5,0.45,6
GACACGCGTATGGTTC,3,0.05,0.5,0.45,6
GACACGCGTGAGCGAT,2,0.05,0.5,0.45,6
GACACGCTCCCAAGAT,7,0.05,0.5,0.45,6
GACACGCTCCTATTCA,6,0.05,0.5,0.45,6
GACAGAGAGCCTATGT,8,0.05,0.5,0.45,6
GACAGAGAGCTGTCTA,1,0.05,0.5,0.45,6
GACAGAGCACTTAACG,8,0.05,0.5,0.45,6
GACAGAGCAGCTATTG,1000,0.05,0.5,0.45,6
GACAGAGCAGTCAGCC,4,0.05,0.5,0.45,6
GACAGAGCATAGGATA,5,0.05,0.5,0.45,6
GACAGAGCATTACCTT,5,0.05,0.5,0.45,6
GACAGAGGTCTAGAGG,7,0.05,0.5,0.45,6
GACAGAGGTGTGAAAT,5,0.05,0.5,0.45,6
GACAGAGGTTGGAGGT,7,0.05,0.5,0.45,6
GACAGAGTCACCTCGT,6,0.05,0.5,0.45,6
GACAGAGTCATATCGG,3,0.05,0.5,0.45,6
GACAGAGTCCACGCAG,3,0.05,0.5,0.45,6
GACAGAGTCCGCGTTT,1,0.05,0.5,0.45,6
GACAGAGTCGGCGCTA,1000,0.05,0.5,0.45,6
GACAGAGTCTTCGAGA,1000,0.05,0.5,0.45,6
GACCAATAGGTGATAT,4,0.05,0.5,0.45,6
GACCAATCAAGGGTCA,8,0.05,0.5,0.45,6
GACCAATCAATCAGAA,1000,0.05,0.5,0.45,6
GACCAATCAATGAATG,5,0.05,0.5,0.45,6
GACCAATCATGCAACT,3,0.05,0.5,0.45,6
GACCAATCATGCTGGC,5,0.05,0.5,0.45,6
GACCAATCATTGGTAC,4,0.05,0.5,0.45,6
GACCAATGTAGGCATG,1000,0.05,0.5,0.45,6
GACCAATGTATAGGTA,8,0.05,0.5,0.45,6
GACCAATTCGCAAACT,1000,0.05,0.5,0.45,6
GACCAATTCTACCTGC,7,0.05,0.5,0.45,6
GACCTGGAGCTAAGAT,1000,0.05,0.5,0.45,6
GACCTGGAGTCCAGGA,6,0.05,0.5,0.45,6
GACCTGGAGTGTGAAT,2,0.05,0.5,0.45,6
GACCTGGCAATGAATG,5,0.05,0.5,0.45,6
GACCTGGCACATAACC,2,0.05,0.5,0.45,6
GACCTGGCATGTTCCC,2,0.05,0.5,0.45,6
GACCTGGGTGTCGCTG,4,0.05,0.5,0.45,6
GACCTGGGTTTAAGCC,4,0.05,0.5,0.45,6
GACCTGGTCAGGTTCA,5,0.05,0.5,0.45,6
GACCTGGTCCCAGGTG,1000,0.05,0.5,0.45,6
GACGCGTGTCCGAACC,7,0.05,0.5,0.45,6
GACGCGTGTTAGAACA,3,0.05,0.5,0.45,6
GACGCGTTCCAGTAGT,1,0.05,0.5,0.45,6
GACGCGTTCCGCGTTT,4,0.05,0.5,0.45,6
GACGCGTTCGGCTACG,1000,0.05,0.5,0.45,6
GACGGCTAGGCTACGA,8,0.05,0.5,0.45,6
GACGGCTAGGGTGTTG,4,0.05,0.5,0.45,6
GACGGCTAGTCTCCTC,1,0.05,0.5,0.45,6
GACGGCTCACCTTGTC,7,0.05,0.5,0.45,6
GACGGCTCACTCGACG,1000,0.05,0.5,0.45,6
GACGGCTGTATGGTTC,4,0.05,0.5,0.45,6
GACGGCTGTGGTCCGT,3,0.05,0.5,0.45,6
GACGGCTGTTAAGGGC,3,0.05,0.5,0.45,6
GACGGCTGTTGTCTTT,6,0.05,0.5,0.45,6
GACGGCTTCCGCATCT,2,0.05,0.5,0.45,6
GACGGCTTCGACAGCC,8,0.05,0.5,0.45,6
GACGGCTTCGATAGAA,2,0.05,0.5,0.45,6
GACGGCTTCTGATACG,7,0.05,0.5,0.45,6
GACGGCTTCTTCATGT,1000,0.05,0.5,0.45,6
GACGTGCAGCCATCGC,3,0.05,0.5,0.45,6
GACGTGCAGGCGACAT,1000,0.05,0.5,0.45,6
GACGTGCAGGGCTTCC,7,0.05,0.5,0.45,6
GACGTGCAGTAGCGGT,6,0.05,0.5,0.45,6
GACGTGCCAGGTGCCT,1,0.05,0.5,0.45,6
GACGTGCCAGTTTACG,1000,0.05,0.5,0.45,6
GACGTGCGTCGAACAG,1,0.05,0.5,0.45,6
GACGTGCGTGCCTGTG,8,0.05,0.5,0.45,6
GACGTGCTCGCGTAGC,6,0.05,0.5,0.45,6
GACGTTAAGATCCCGC,3,0.05,0.5,0.45,6
GACGTTAAGCAGCGTA,4,0.05,0.5,0.45,6
GACGTTAAGCTCCCAG,3,0.05,0.5,0.45,6
GACGTTAAGGGATCTG,4,0.05,0.5,0.45,6
GACGTTAGTACGCACC,2,0.05,0.5,0.45,6
GACGTTAGTATCAGTC,7,0.05,0.5,0.45,6
GACGTTAGTTATGTGC,6,0.05,0.5,0.45,6
GACGTTAGTTGTACAC,5,0.05,0.5,0.45,6
GACGTTATCGTAGGAG,8,0.05,0.5,0.45,6
GACGTTATCTGCGACG,2,0.05,0.5,0.45,6
GACGTTATCTGCGGCA,4,0.05,0.5,0.45,6
GACTAACAGCGACGTA,8,0.05,0.5,0.45,6
GACTAACAGCTTCGCG,1,0.05,0.5,0.45,6
GACTAACAGGGTTTCT,1000,0.05,0.5,0.45,6
GACTAACAGTCAAGGC,4,0.05,0.5,0.45,6
GACTAACAGTCTCGGC,3,0.05,0.5,0.45,6
GACTAACCACATCTTT,2,0.05,0.5,0.45,6
GACTAACGTATGCTTG,1,0.05,0.5,0.45,6
GACTAACGTCGCGTGT,6,0.05,0.5,0.45,6
GACTAACGTGGCCCTA,6,0.05,0.5,0.45,6
GACTAACGTTCACCTC,8,0.05,0.5,0.45,6
GACTAACGTTGGTTTG,5,0.05,0.5,0.45,6
GACTAACTCACAACGT,4,0.05,0.5,0.45,6
GACTAACTCATACGGT,1,0.05,0.5,0.45,6
GACTAACTCCTATGTT,3,0.05,0.5,0.45,6
GACTAACTCTTGTTTG,3,0.05,0.5,0.45,6
GACTACAAGACGCACA,2,0.05,0.5,0.45,6
GACTACAAGAGTACCG,8,0.05,0.5,0.45,6
GACTACAAGCAACGGT,3,0.05,0.5,0.45,6
GACTACAAGCCACCTG,8,0.05,0.5,0.45,6
GACTACAAGGAGCGTT,4,0.05,0.5,0.45,6
GACTACAAGTTGTCGT,5,0.05,0.5,0.45,6
GACTACACAATAAGCA,1000,0.05,0.5,0.45,6
GACTACACACGTCTCT,5,0.05,0.5,0.45,6
GACTACACATGTCGAT,6,0.05,0.5,0.45,6
GACTACAGTAGGACAC,7,0.05,0.5,0.45,6
GACTACAGTATAGGGC,5,0.05,0.5,0.45,6
GACTACAGTCTAGTCA,2,0.05,0.5,0.45,6
GACTACAGTGTATGGG,8,0.05,0.5,0.45,6
GACTACATCCTATGTT,6,0.05,0.5,0.45,6
GACTACATCGTTACAG,1,0.05,0.5,0.45,6
GACTACATCTCGCTTG,1,0.05,0.5,0.45,6
GACTGCGAGGGAAACA,6,0.05,0.5,0.45,6
GACTGCGCAATTCCTT,7,0.05,0.5,0.45,6
GACTGCGCACGCCAGT,1,0.05,0.5,0.45,6
GACTGCGGTGATGTCT,2,0.05,0.5,0.45,6
GACTGCGGTTCCATGA,7,0.05,0.5,0.45,6
GACTGCGTCACAGTAC,2,0.05,0.5,0.45,6
GACTGCGTCAGAGACG,2,0.05,0.5,0.45,6
GAGCAGAAGATAGTCA,8,0.05,0.5,0.45,6
GAGCAGAAGCAATCTC,5,0.05,0.5,0.45,6
GAGCAGAAGTCAATAG,1,0.05,0.5,0.45,6
GAGCAGAAGTGCCATT,6,0.05,0.5,0.45,6
GAGCAGAAGTTTAGGA,3,0.05,0.5,0.45,6
GAGCAGACACGGTAGA,7,0.05,0.5,0.45,6
GAGCAGACAGTCTTCC,1,0.05,0.5,0.45,6
GAGCAGACATGCATGT,6,0.05,0.5,0.45,6
GAGCAGAGTACCAGTT,4,0.05,0.5,0.45,6
GAGCAGAGTCCTCTTG,3,0.05,0.5,0.45,6
GAGCAGAGTGATAAGT,0,0.05,0.5,0.45,6
GAGCAGAGTGTGCCTG,2,0.05,0.5,0.45,6
GAGCAGAGTTTGGGCC,3,0.05,0.5,0.45,6
GAGCAGATCGTGACAT,7,0.05,0.5,0.45,6
GAGCAGATCTACGAGT,3,0.05,0.5,0.45,6
GAGGTGAAGAAGCCCA,4,0.05,0.5,0.45,6
GAGGTGAAGAGCTATA,8,0.05,0.5,0.45,6
GAGGTGACAAGCTGGA,5,0.05,0.5,0.45,6
GAGGTGACAATTCCTT,1000,0.05,0.5,0.45,6
GAGGTGACAGCTCGCA,5,0.05,0.5,0.45,6
GAGGTGACAGGTCGTC,7,0.05,0.5,0.45,6
GAGGTGACATTATCTC,1000,0.05,0.5,0.45,6
GAGGTGAGTAGAGTGC,6,0.05,0.5,0.45,6
GAGGTGAGTGAACCTT,1000,0.05,0.5,0.45,6
GAGGTGATCACCTTAT,8,0.05,0.5,0.45,6
GAGGTGATCCCTCTTT,1000,0.05,0.5,0.45,6
GAGTCCGAGGATGGTC,7,0.05,0.5,0.45,6
GAGTCCGCACCCATGG,7,0.05,0.5,0.45,6
GAGTCCGCACCTATCC,4,0.05,0.5,0.45,6
GAGTCCGCAGTCGTGC,3,0.05,0.5,0.45,6
GAGTCCGCATAGAAAC,7,0.05,0.5,0.45,6
GAGTCCGCATCCGGGT,1000,0.05,0.5,0.45,6
GAGTCCGCATTCCTCG,7,0.05,0.5,0.45,6
GAGTCCGGTAGCGTCC,7,0.05,0.5,0.45,6
GAGTCCGGTCATATCG,3,0.05,0.5,0.45,6
GAGTCCGGTCCAGTAT,7,0.05,0.5,0.45,6
GAGTCCGTCACATAGC,1000,0.05,0.5,0.45,6
GAGTCCGTCCGCGGTA,8,0.05,0.5,0.45,6
GATCAGTAGTACGTAA,4,0.05,0.5,0.45,6
GATCAGTCAGGATCGA,3,0.05,0.5,0.45,6
GATCAGTGTCCAAGTT,7,0.05,0.5,0.45,6
GATCAGTGTCGCCATG,2,0.05,0.5,0.45,6
GATCAGTGTGGCCCTA,3,0.05,0.5,0.45,6
GATCAGTGTGTCAATC,5,0.05,0.5,0.45,6
GATCAGTTCATCGATG,4,0.05,0.5,0.45,6
GATCAGTTCGGATGTT,5,0.05,0.5,0.45,6
GATCAGTTCGGCGCTA,4,0.05,0.5,0.45,6
GATCGATAGAGGACGG,2,0.05,0.5,0.45,6
GATCGATAGCAAATCA,3,0.05,0.5,0.45,6
GATCGATAGCAATATG,7,0.05,0.5,0.45,6
GATCGATAGGATGTAT,1,0.05,0.5,0.45,6
GATCGATAGGCCGAAT,1000,0.05,0.5,0.45,6
GATCGATCAAAGTCAA,8,0.05,0.5,0.45,6
GATCGATCACAACGTT,8,0.05,0.5,0.45,6
GATCGATCAGGCTCAC,1,0.05,0.5,0.45,6
GATCGATGTACTCTCC,8,0.05,0.5,0.45,6
GATCGATGTTCCACTC,7,0.05,0.5,0.45,6
GATCGATTCGCTAGCG,4,0.05,0.5,0.45,6
GATCGATTCGTTACAG,3,0.05,0.5,0.45,6
GATCGATTCTGCGACG,6,0.05,0.5,0.45,6
GATCGCGAGTACGATA,4,0.05,0.5,0.45,6
GATCGCGCAAGGTGTG,8,0.05,0.5,0.45,6
GATCGCGGTACCCAAT,6,0.05,0.5,0.45,6
GATCGCGGTATGAAAC,7,0.05,0.5,0.45,6
GATCGCGGTGGGTATG,1,0.05,0.5,0.45,6
GATCGCGGTGTATGGG,6,0.05,0.5,0.45,6
GATCGCGTCACGCGGT,3,0.05,0.5,0.45,6
GATCGCGTCCTGCAGG,1000,0.05,0.5,0.45,6
GATCGCGTCGTCCAGG,6,0.05,0.5,0.45,6
GATCGCGTCTGCGGCA,5,0.05,0.5,0.45,6
GATCGCGTCTTGGGTA,7,0.05,0.5,0.45,6
GATCGTAAGACCACGA,4,0.05,0.5,0.45,6
GATCGTAAGCTGCCCA,3,0.05,0.5,0.45,6
GATCGTACACCCTATC,1,0.05,0.5,0.45,6
GATCGTACAGATGAGC,6,0.05,0.5,0.45,6
GATCGTACAGTGAGTG,8,0.05,0.5,0.45,6
GATCGTAGTAATCGTC,5,0.05,0.5,0.45,6
GATCGTATCTTTAGGG,4,0.05,0.5,0.45,6
GATCTAGAGAAACGCC,2,0.05,0.5,0.45,6
GATCTAGAGAAGCCCA,7,0.05,0.5,0.45,6
GATCTAGAGGATGCGT,1000,0.05,0.5,0.45,6
GATCTAGAGGTAAACT,8,0.05,0.5,0.45,6
GATCTAGAGTACACCT,3,0.05,0.5,0.45,6
GATCTAGAGTATTGGA,4,0.05,0.5,0.45,6
GATCTAGAGTGGACGT,3,0.05,0.5,0.45,6
GATCTAGGTCATACTG,5,0.05,0.5,0.45,6
GATCTAGGTCGACTAT,1,0.05,0.5,0.45,6
GATCTAGTCACGGTTA,7,0.05,0.5,0.45,6
GATCTAGTCCTGCAGG,1,0.05,0.5,0.45,6
GATCTAGTCGACGGAA,3,0.05,0.5,0.45,6
GATGAAAAGAGAACAG,1,0.05,0.5,0.45,6
GATGAAAAGCGATATA,2,0.05,0.5,0.45,6
GATGAAAAGGATGGAA,1000,0.05,0.5,0.45,6
GATGAAAAGGGCATGT,2,0.05,0.5,0.45,6
GATGAAACAATTCCTT,4,0.05,0.5,0.45,6
GATGAAACACGTGAGA,1,0.05,0.5,0.45,6
GATGAAACAGTGAGTG,6,0.05,0.5,0.45,6
GATGAAAGTACGACCC,4,0.05,0.5,0.45,6
GATGAAAGTGAGGGAG,2,0.05,0.5,0.45,6
GATGAAAGTGAGGGTT,8,0.05,0.5,0.45,6
GATGAAATCACCGGGT,3,0.05,0.5,0.45,6
GATGAGGAGCAGCCTC,7,0.05,0.5,0.45,6
GATGAGGAGGCAAAGA,1,0.05,0.5,0.45,6
GATGAGGAGGCTAGCA,3,0.05,0.5,0.45,6
GATGAGGAGGTTCCTA,3,0.05,0.5,0.45,6
GATGAGGGTAATTGGA,1,0.05,0.5,0.45,6
GATGAGGTCGAGGTAG,3,0.05,0.5,0.45,6
GATGAGGTCGTAGATC,1,0.05,0.5,0.45,6
GATGCTACAGTATCTG,1,0.05,0.5,0.45,6
GATGCTAGTACGCTGC,7,0.05,0.5,0.45,6
GATGCTAGTGAGGGAG,1000,0.05,0.5,0.45,6
GATGCTAGTTTGACAC,4,0.05,0.5,0.45,6
GATGCTATCACAATGC,4,0.05,0.5,0.45,6
GATGCTATCCTATGTT,1000,0.05,0.5,0.45,6
GATGCTATCTACTTAC,6,0.05,0.5,0.45,6
GATTCAGAGAAGAAGC,5,0.05,0.5,0.45,6
GATTCAGAGCACCGCT,5,0.05,0.5,0.45,6
GATTCAGAGGAATTAC,5,0.05,0.5,0.45,6
GATTCAGAGTCCATAC,4,0.05,0.5,0.45,6
GATTCAGAGTTCGCAT,4,0.05,0.5,0.45,6
GATTCAGCATCCGCGA,5,0.05,0.5,0.45,6
GATTCAGGTAACGCGA,6,0.05,0.5,0.45,6
GATTCAGTCATAAAGG,1000,0.05,0.5,0.45,6
GATTCAGTCGCATGGC,1000,0.05,0.5,0.45,6
GCAAACTAGGGCTCTC,4,0.05,0.5,0.45,6
GCAAACTCACGGACAA,7,0.05,0.5,0.45,6
GCAAACTGTTACGTCA,6,0.05,0.5,0.45,6
GCAAACTGTTAGGGTG,1000,0.05,0.5,0.45,6
GCAAACTTCACATAGC,1000,0.05,0.5,0.45,6
GCAAACTTCCAAACTG,1,0.05,0.5,0.45,6
GCAAACTTCGCACTCT,8,0.05,0.5,0.45,6
GCAAACTTCGCTTGTC,8,0.05,0.5,0.45,6
GCAATCAAGACAGAGA,8,0.05,0.5,0.45,6
GCAATCAAGGATGTAT,6,0.05,0.5,0.45,6
GCAATCAAGTATCTCG,6,0.05,0.5,0.45,6
GCAATCACAATAGCAA,4,0.05,0.5,0.45,6
GCAATCACACAGACTT,2,0.05,0.5,0.45,6
GCAATCACACAGAGGT,1,0.05,0.5,0.45,6
GCAATCACACGGCGTT,6,0.05,0.5,0.45,6
GCAATCACAGGATCGA,3,0.05,0.5,0.45,6
GCAATCACAGTATGCT,4,0.05,0.5,0.45,6
GCAATCACATATACGC,1,0.05,0.5,0.45,6
GCAATCACATCGGAAG,4,0.05,0.5,0.45,6
GCAATCACATGCGCAC,7,0.05,0.5,0.45,6
GCAATCAGTACCATCA,5,0.05,0.5,0.45,6
GCAATCATCAACCATG,1,0.05,0.5,0.45,6
GCAATCATCAATACCG,1,0.05,0.5,0.45,6
GCAATCATCATTGCCC,6,0.05,0.5,0.45,6
GCAATCATCCTCAACC,8,0.05,0.5,0.45,6
GCAATCATCGTTACAG,8,0.05,0.5,0.45,6
GCAATCATCTAGAGTC,4,0.05,0.5,0.45,6
GCAATCATCTCGATGA,3,0.05,0.5,0.45,6
GCACATAAGGCAATTA,3,0.05,0.5,0.45,6
GCACATAAGTAGGTGC,6,0.05,0.5,0.45,6
GCACATACACCGTTGG,8,0.05,0.5,0.45,6
GCACATACACCTTGTC,8,0.05,0.5,0.45,6
GCACATACATGTAGTC,8,0.05,0.5,0.45,6
GCACATAGTCGCCATG,7,0.05,0.5,0.45,6
GCACATAGTGTGGTTT,1,0.05,0.5,0.45,6
GCACATAGTTCAGTAC,4,0.05,0.5,0.45,6
GCACATAGTTGAGTTC,2,0.05,0.5,0.45,6
GCACATATCACTCTTA,1,0.05,0.5,0.45,6
GCACATATCTGCAAGT,7,0.05,0.5,0.45,6
GCACATATCTTGGGTA,6,0.05,0.5,0.45,6
GCACTCTAGACATAAC,1000,0.05,0.5,0.45,6
GCACTCTAGCCCAACC,5,0.05,0.5,0.45,6
GCACTCTGTACAGCAG,3,0.05,0.5,0.45,6
GCACTCTGTAGGGTAC,7,0.05,0.5,0.45,6
GCACTCTGTCGAACAG,8,0.05,0.5,0.45,6
GCACTCTGTCGAGTTT,1,0.05,0.5,0.45,6
GCACTCTGTCTAGTCA,1,0.05,0.5,0.45,6
GCACTCTGTCTCACCT,6,0.05,0.5,0.45,6
GCACTCTGTGCGAAAC,6,0.05,0.5,0.45,6
GCACTCTGTGTTGAGG,8,0.05,0.5,0.45,6
GCACTCTGTTCCCTTG,1,0.05,0.5,0.45,6
GCACTCTGTTTGCATG,2,0.05,0.5,0.45,6
GCACTCTTCTGGTGTA,8,0.05,0.5,0.45,6
GCAGCCAAGCAGATCG,7,0.05,0.5,0.45,6
GCAGCCAAGGGAGTAA,4,0.05,0.5,0.45,6
GCAGCCAAGGGTCGAT,4,0.05,0.5,0.45,6
GCAGCCAAGTTACGGG,1,0.05,0.5,0.45,6
GCAGCCACAACACCTA,1,0.05,0.5,0.45,6
GCAGCCACATGGGAAC,6,0.05,0.5,0.45,6
GCAGCCACATTCTCAT,1000,0.05,0.5,0.45,6
GCAGCCAGTAATCACC,6,0.05,0.5,0.45,6
GCAGCCAGTCTAGTCA,4,0.05,0.5,0.45,6
GCAGCCAGTTGCTCCT,8,0.05,0.5,0.45,6
GCAGCCATCCTGCTTG,1000,0.05,0.5,0.45,6
GCAGCCATCTCGGACG,3,0.05,0.5,0.45,6
GCAGTTAAGACAGGCT,6,0.05,0.5,0.45,6
GCAGTTAAGATGTGGC,4,0.05,0.5,0.45,6
GCAGTTACAACGATCT,4,0.05,0.5,0.45,6
GCAGTTACACAGCGTC,7,0.05,0.5,0.45,6
GCAGTTACAGACACTT,1,0.05,0.5,0.45,6
GCAGTTACAGGCTCAC,6,0.05,0.5,0.45,6
GCAGTTACATGGTTGT,0,0.05,0.5,0.45,6
GCAGTTAGTGTGACCC,6,0.05,0.5,0.45,6
GCATACAAGCCCAGCT,3,0.05,0.5,0.45,6
GCATACAAGCGTCTAT,8,0.05,0.5,0.45,6
GCATACAAGCTACCGC,3,0.05,0.5,0.45,6
GCATACAAGCTGCGAA,5,0.05,0.5,0.45,6
GCATACAAGCTGTTCA,6,0.05,0.5,0.45,6
GCATACAAGGAATTAC,5,0.05,0.5,0.45,6
GCATACACAGTCAGCC,7,0.05,0.5,0.45,6
GCATACAGTGCTCTTC,2,0.05,0.5,0.45,6
GCATACATCGGCTACG,8,0.05,0.5,0.45,6
GCATGATAGACTAAGT,8,0.05,0.5,0.45,6
GCATGATAGCTAGTGG,8,0.05,0.5,0.45,6
GCATGATAGTGGGTTG,7,0.05,0.5,0.45,6
GCATGATCAAACGCGA,5,0.05,0.5,0.45,6
GCATGATCAAAGCAAT,7,0.05,0.5,0.45,6
GCATGATCAAAGTGCG,1000,0.05,0.5,0.45,6
GCATGATCAAGTTAAG,7,0.05,0.5,0.45,6
GCATGATGTAAGAGAG,1,0.05,0.5,0.45,6
GCATGATGTGATGTCT,8,0.05,0.5,0.45,6
GCATGATGTGCACGAA,1,0.05,0.5,0.45,6
GCATGATGTGCTTCTC,2,0.05,0.5,0.45,6
GCATGATGTTTACTCT,4,0.05,0.5,0.45,6
GCATGATTCACGCGGT,8,0.05,0.5,0.45,6
GCATGATTCAGCTTAG,7,0.05,0.5,0.45,6
GCATGATTCCGCGGTA,3,0.05,0.5,0.45,6
GCATGCGCACGAGGTA,2,0.05,0.5,0.45,6
GCATGCGCAGGTTTCA,1,0.05,0.5,0.45,6
GCATGCGGTACATGTC,4,0.05,0.5,0.45,6
GCATGCGGTAGGAGTC,1000,0.05,0.5,0.45,6
GCATGCGGTCTTGCGG,3,0.05,0.5,0.45,6
GCATGCGGTGGCTCCA,1000,0.05,0.5,0.45,6
GCATGCGGTGGTGTAG,2,0.05,0.5,0.45,6
GCATGCGGTTAAGAAC,1000,0.05,0.5,0.45,6
GCATGCGTCCGAATGT,3,0.05,0.5,0.45,6
GCATGCGTCGATAGAA,1000,0.05,0.5,0.45,6
GCATGTAAGCGATTCT,6,0.05,0.5,0.45,6
GCATGTAAGGAGCGAG,5,0.05,0.5,0.45,6
GCATGTAAGGGAAACA,1000,0.05,0.5,0.45,6
GCATGTAAGTAGTGCG,1000,0.05,0.5,0.45,6
GCATGTAAGTCCCACG,4,0.05,0.5,0.45,6
GCATGTACAAGTAGTA,4,0.05,0.5,0.45,6
GCATGTACATACGCCG,2,0.05,0.5,0.45,6
GCATGTAGTAGTGAAT,8,0.05,0.5,0.45,6
GCATGTAGTCTCTTTA,0,0.05,0.5,0.45,6
GCATGTAGTGACTCAT,3,0.05,0.5,0.45,6
GCATGTAGTGCAGTAG,7,0.05,0.5,0.45,6
GCATGTATCACGCATA,1,0.05,0.5,0.45,6
GCATGTATCCACGTGG,1000,0.05,0.5,0.45,6
GCATGTATCTATGTGG,5,0.05,0.5,0.45,6
GCCAAATAGAAGGGTA,6,0.05,0.5,0.45,6
GCCAAATAGCTCCTCT,6,0.05,0.5,0.45,6
GCCAAATAGGAATCGC,8,0.05,0.5,0.45,6
GCCAAATCAATCACAC,6,0.05,0.5,0.45,6
GCCAAATGTAAGGGAA,6,0.05,0.5,0.45,6
GCCAAATTCAAACCGT,7,0.05,0.5,0.45,6
GCCAAATTCAGGATCT,8,0.05,0.5,0.45,6
GCCAAATTCAGTTAGC,1,0.05,0.5,0.45,6
GCCAAATTCCTATGTT,1,0.05,0.5,0.45,6
GCCAAATTCGTTTGCC,1000,0.05,0.5,0.45,6
GCCAAATTCTCTAGGA,7,0.05,0.5,0.45,6
GCCTCTAAGACTAGAT,1,0.05,0.5,0.45,6
GCCTCTAAGCTAGCCC,4,0.05,0.5,0.45,6
GCCTCTAAGGCATGTG,4,0.05,0.5,0.45,6
GCCTCTACAACTTGAC,5,0.05,0.5,0.45,6
GCCTCTACAGCCAATT,4,0.05,0.5,0.45,6
GCCTCTACATCAGTCA,7,0.05,0.5,0.45,6
GCCTCTACATTGAGCT,6,0.05,0.5,0.45,6
GCCTCTAGTAAGGGAA,5,0.05,0.5,0.45,6
GCCTCTAGTACATCCA,1,0.05,0.5,0.45,6
GCCTCTAGTACTCTCC,5,0.05,0.5,0.45,6
GCCTCTAGTAGCGTCC,2,0.05,0.5,0.45,6
GCCTCTAGTGTTCGAT,1,0.05,0.5,0.45,6
GCCTCTAGTGTTTGGT,1000,0.05,0.5,0.45,6
GCCTCTATCAGCTCGG,1000,0.05,0.5,0.45,6
GCCTCTATCATCATTC,3,0.05,0.5,0.45,6
GCCTCTATCTGTCCGT,6,0.05,0.5,0.45,6
GCGACCAAGACTTTCG,7,0.05,0.5,0.45,6
GCGACCAAGCACACAG,1000,0.05,0.5,0.45,6
GCGACCACAATCGAAA,4,0.05,0.5,0.45,6
GCGACCACAGTACACT,1000,0.05,0.5,0.45,6
GCGACCAGTAGAAGGA,3,0.05,0.5,0.45,6
GCGACCAGTCAGTGGA,6,0.05,0.5,0.45,6
GCGACCAGTCTTTCAT,4,0.05,0.5,0.45,6
GCGACCATCATGGTCA,2,0.05,0.5,0.45,6
GCGACCATCGGCGGTT,1,0.05,0.5,0.45,6
GCGACCATCGTCCGTT,3,0.05,0.5,0.45,6
GCGAGAAAGGTAGCTG,6,0.05,0.5,0.45,6
GCGAGAACACCTGGTG,5,0.05,0.5,0.45,6
GCGAGAACAGCTCGCA,4,0.05,0.5,0.45,6
GCGAGAAGTAATTGGA,7,0.05,0.5,0.45,6
GCGAGAAGTCCCTTGT,1000,0.05,0.5,0.45,6
GCGAGAAGTGCTTCTC,7,0.05,0.5,0.45,6
GCGAGAATCAGAGACG,2,0.05,0.5,0.45,6
GCGCAACAGAAGCCCA,7,0.05,0.5,0.45,6
GCGCAACAGAGAGCTC,7,0.05,0.5,0.45,6
GCGCAACAGATGCCAG,3,0.05,0.5,0.45,6
GCGCAACAGTCAAGGC,5,0.05,0.5,0.45,6
GCGCAACAGTGCAAGC,6,0.05,0.5,0.45,6
GCGCAACCAACACGCC,5,0.05,0.5,0.45,6
GCGCAACCAAGGTGTG,6,0.05,0.5,0.45,6
GCGCAACCATCCCATC,6,0.05,0.5,0.45,6
GCGCAACGTAAAGGAG,8,0.05,0.5,0.45,6
GCGCAACGTAGCACGA,7,0.05,0.5,0.45,6
GCGCAACGTAGCTTGT,5,0.05,0.5,0.45,6
GCGCAACGTGCAGGTA,8,0.05,0.5,0.45,6
GCGCAACGTTAAGATG,1,0.05,0.5,0.45,6
GCGCAACTCATCGGAT,5,0.05,0.5,0.45,6
GCGCAACTCCCAAGTA,2,0.05,0.5,0.45,6
GCGCAGTAGTGGGTTG,0,0.05,0.5,0.45,6
GCGCAGTCACAAGCCC,5,0.05,0.5,0.45,6
GCGCAGTCACGAGAGT,3,0.05,0.5,0.45,6
GCGCAGTCATTGGTAC,1,0.05,0.5,0.45,6
GCGCAGTGTACCTACA,7,0.05,0.5,0.45,6
GCGCAGTGTATATCCG,8,0.05,0.5,0.45,6
GCGCAGTGTCACTTCC,4,0.05,0.5,0.45,6
GCGCAGTGTCCAGTTA,3,0.05,0.5,0.45,6
GCGCAGTGTGCTTCTC,1,0.05,0.5,0.45,6
GCGCAGTGTTGACGTT,6,0.05,0.5,0.45,6
GCGCAGTTCGCAAGCC,6,0.05,0.5,0.45,6
GCGCAGTTCTGCCAGG,1,0.05,0.5,0.45,6
GCGCCAAAGAAGCCCA,8,0.05,0.5,0.45,6
GCGCCAAAGCCAGTTT,2,0.05,0.5,0.45,6
GCGCCAAAGCTACCGC,2,0.05,0.5,0.45,6
GCGCCAAAGGGATGGG,3,0.05,0.5,0.45,6
GCGCCAACAATCAGAA,6,0.05,0.5,0.45,6
GCGCCAACACCGGAAA,6,0.05,0.5,0.45,6
GCGCCAACAGACAAGC,4,0.05,0.5,0.45,6
GCGCCAAGTCCCTTGT,1,0.05,0.5,0.45,6
GCGCCAAGTCTAAACC,1000,0.05,0.5,0.45,6
GCGCCAAGTCTCATCC,1000,0.05,0.5,0.45,6
GCGCCAAGTGACAAAT,8,0.05,0.5,0.45,6
GCGCCAATCATCACCC,1,0.05,0.5,0.45,6
GCGCCAATCCGCAAGC,5,0.05,0.5,0.45,6
GCGCCAATCCGTACAA,7,0.05,0.5,0.45,6
GCGCCAATCGGAAATA,4,0.05,0.5,0.45,6
GCGCCAATCTACCAGA,2,0.05,0.5,0.45,6
GCGCCAATCTTATCTG,5,0.05,0.5,0.45,6
GCGCCAATCTTGTACT,2,0.05,0.5,0.45,6
GCGCGATGTAGGCATG,7,0.05,0.5,0.45,6
GCGCGATGTGGCTCCA,6,0.05,0.5,0.45,6
GCGCGATGTTGGTTTG,4,0.05,0.5,0.45,6
GCGCGATTCCCTCTTT,5,0.05,0.5,0.45,6
GCGGGTTAGAGTTGGC,4,0.05,0.5,0.45,6
GCGGGTTAGGACAGCT,1,0.05,0.5,0.45,6
GCGGGTTAGGCAATTA,3,0.05,0.5,0.45,6
GCGGGTTCACACGCTG,7,0.05,0.5,0.45,6
GCGGGTTCACGCTTTC,3,0.05,0.5,0.45,6
GCGGGTTCAGGGTACA,2,0.05,0.5,0.45,6
GCGGGTTGTACCCAAT,7,0.05,0.5,0.45,6
GCGGGTTGTCCGTTAA,3,0.05,0.5,0.45,6
GCGGGTTGTCTCTTAT,4,0.05,0.5,0.45,6
GCGGGTTGTGTTGAGG,1,0.05,0.5,0.45,6
GCGGGTTGTTGCGTTA,1,0.05,0.5,0.45,6
GCGGGTTTCACTGGGC,3,0.05,0.5,0.45,6
GCGGGTTTCCACGTTC,1000,0.05,0.5,0.45,6
GCGGGTTTCGTAGGTT,1000,0.05,0.5,0.45,6
GCGGGTTTCTGCAAGT,7,0.05,0.5,0.45,6
GCTCCTAAGAGTCTGG,4,0.05,0.5,0.45,6
GCTCCTAAGCGTAGTG,5,0.05,0.5,0.45,6
GCTCCTAAGGCGCTCT,1,0.05,0.5,0.45,6
GCTCCTAAGGTGATAT,1000,0.05,0.5,0.45,6
GCTCCTACAGCCTTGG,3,0.05,0.5,0.45,6
GCTCCTAGTCGCGGTT,1000,0.05,0.5,0.45,6
GCTCCTAGTCTGATCA,8,0.05,0.5,0.45,6
GCTCCTAGTCTGCAAT,1,0.05,0.5,0.45,6
GCTCCTATCGCCAAAT,3,0.05,0.5,0.45,6
GCTCCTATCTACCTGC,2,0.05,0.5,0.45,6
GCTCTGTAGGGCTCTC,7,0.05,0.5,0.45,6
GCTCTGTAGGTGCTAG,7,0.05,0.5,0.45,6
GCTCTGTCATGCCTTC,1000,0.05,0.5,0.45,6
GCTCTGTGTCTCATCC,7,0.05,0.5,0.45,6
GCTCTGTTCAGAGACG,5,0.05,0.5,0.45,6
GCTCTGTTCTCTAGGA,0,0.05,0.5,0.45,6
GCTGCAGAGAGAGCTC,1000,0.05,0.5,0.45,6
GCTGCAGAGGTAGCTG,4,0.05,0.5,0.45,6
GCTGCAGCACACAGAG,1000,0.05,0.5,0.45,6
GCTGCAGGTCCTAGCG,6,0.05,0.5,0.45,6
GCTGCGAAGATTACCC,1,0.05,0.5,0.45,6
GCTGCGAAGCACGCCT,5,0.05,0.5,0.45,6
GCTGCGAAGGAGTAGA,1000,0.05,0.5,0.45,6
GCTGCGAAGTACACCT,7,0.05,0.5,0.45,6
GCTGCGACACGTCAGC,1,0.05,0.5,0.45,6
GCTGCGAGTTCCCGAG,4,0.05,0.5,0.45,6
GCTGCGATCCTACAGA,7,0.05,0.5,0.45,6
GCTGCGATCTCCGGTT,1000,0.05,0.5,0.45,6
GCTGCTTAGCGTTTAC,1,0.05,0.5,0.45,6
GCTGCTTAGTTAGGTA,4,0.05,0.5,0.45,6
GCTGCTTCAACCGCCA,7,0.05,0.5,0.45,6
GCTGCTTCAGGGTACA,1000,0.05,0.5,0.45,6
GCTGCTTGTCACTTCC,1,0.05,0.5,0.45,6
GCTGCTTGTGCCTGCA,1000,0.05,0.5,0.45,6
GCTGCTTGTGTAATGA,3,0.05,0.5,0.45,6
GCTGCTTTCACGCGGT,6,0.05,0.5,0.45,6
GCTGCTTTCAGAGCTT,1,0.05,0.5,0.45,6
GCTGCTTTCATTGCCC,2,0.05,0.5,0.45,6
GCTGCTTTCCCGGATG,5,0.05,0.5,0.45,6
GCTGCTTTCTAACTCT,5,0.05,0.5,0.45,6
GCTGCTTTCTGCCCTA,4,0.05,0.5,0.45,6
GCTGGGTCAAACAACA,4,0.05,0.5,0.45,6
GCTGGGTCAAGTTAAG,8,0.05,0.5,0.45,6
GCTGGGTCACGTCTCT,4,0.05,0.5,0.45,6
GCTGGGTGTGACGCCT,1,0.05,0.5,0.45,6
GCTGGGTGTGCAACTT,1,0.05,0.5,0.45,6
GCTGGGTGTTGAGGTG,7,0.05,0.5,0.45,6
GCTGGGTTCCAAATGC,2,0.05,0.5,0.45,6
GCTGGGTTCCGTAGTA,3,0.05,0.5,0.45,6
GCTTCCAAGCCGCCTA,8,0.05,0.5,0.45,6
GCTTCCAAGCTACCGC,7,0.05,0.5,0.45,6
GCTTCCACAAACTGCT,5,0.05,0.5,0.45,6
GCTTCCACAGACTCGC,7,0.05,0.5,0.45,6
GCTTCCACATAGACTC,1,0.05,0.5,0.45,6
GCTTCCAGTAAACGCG,2,0.05,0.5,0.45,6
GCTTCCAGTCAAGCGA,1,0.05,0.5,0.45,6
GCTTCCAGTCTCATCC,2,0.05,0.5,0.45,6
GCTTCCAGTGCATCTA,5,0.05,0.5,0.45,6
GCTTCCATCCTTTACA,4,0.05,0.5,0.45,6
GCTTGAAAGACAAGCC,8,0.05,0.5,0.45,6
GCTTGAAAGCATCATC,1000,0.05,0.5,0.45,6
GCTTGAAAGCCACGCT,8,0.05,0.5,0.45,6
GCTTGAAAGTCACGCC,2,0.05,0.5,0.45,6
GCTTGAAAGTTCCACA,6,0.05,0.5,0.45,6
GCTTGAACACCAGGTC,3,0.05,0.5,0.45,6
GCTTGAACAGACTCGC,1,0.05,0.5,0.45,6
GCTTGAAGTCTGCCAG,4,0.05,0.5,0.45,6
GCTTGAAGTTCGTTGA,7,0.05,0.5,0.45,6
GCTTGAAGTTTGGCGC,6,0.05,0.5,0.45,6
GCTTGAATCCCTCTTT,4,0.05,0.5,0.45,6
GCTTGAATCCTTTACA,3,0.05,0.5,0.45,6
GCTTGAATCGGCGGTT,6,0.05,0.5,0.45,6
GCTTGAATCTTTAGGG,8,0.05,0.5,0.45,6
GCTTGAATCTTTCCTC,7,0.05,0.5,0.45,6
GGAAAGCAGAGACTAT,1000,0.05,0.5,0.45,6
GGAAAGCAGCCTCGTG,4,0.05,0.5,0.45,6
GGAAAGCAGTCCCACG,4,0.05,0.5,0.45,6
GGAAAGCAGTGAAGTT,6,0.05,0.5,0.45,6
GGAAAGCCACACCGAC,4,0.05,0.5,0.45,6
GGAAAGCCACCAGGTC,2,0.05,0.5,0.45,6
GGAAAGCCACTTACGA,0,0.05,0.5,0.45,6
GGAAAGCGTAAGGGCT,6,0.05,0.5,0.45,6
GGAAAGCGTCCGAACC,1000,0.05,0.5,0.45,6
GGAAAGCGTCTTCGTC,7,0.05,0.5,0.45,6
GGAAAGCTCACCAGGC,6,0.05,0.5,0.45,6
GGAAAGCTCCGCAAGC,6,0.05,0.5,0.45,6
GGAAAGCTCGCGTTTC,1,0.05,0.5,0.45,6
GGAAAGCTCTTTCCTC,8,0.05,0.5,0.45,6
GGAACTTAGGAGTCTG,1000,0.05,0.5,0.45,6
GGAACTTCACCCATTC,8,0.05,0.5,0.45,6
GGAACTTCAGCTGCTG,7,0.05,0.5,0.45,6
GGAACTTCATACTACG,7,0.05,0.5,0.45,6
GGAACTTGTCGCATCG,3,0.05,0.5,0.45,6
GGAACTTGTGAAGGCT,3,0.05,0.5,0.45,6
GGAACTTGTTGAGGTG,1000,0.05,0.5,0.45,6
GGAACTTTCACTCTTA,5,0.05,0.5,0.45,6
GGAACTTTCAGAAATG,8,0.05,0.5,0.45,6
GGAACTTTCAGCAACT,2,0.05,0.5,0.45,6
GGAACTTTCCGATATG,7,0.05,0.5,0.45,6
GGAATAAAGCCATCGC,7,0.05,0.5,0.45,6
GGAATAAAGCGTTCCG,2,0.05,0.5,0.45,6
GGAATAAAGTCATGCT,8,0.05,0.5,0.45,6
GGAATAAAGTCTCCTC,8,0.05,0.5,0.45,6
GGAATAACAATAACGA,8,0.05,0.5,0.45,6
GGAATAACAGGGAGAG,2,0.05,0.5,0.45,6
GGAATAAGTACCAGTT,3,0.05,0.5,0.45,6
GGAATAAGTATATGGA,6,0.05,0.5,0.45,6
GGAATAAGTCACTGGC,2,0.05,0.5,0.45,6
GGAATAAGTCAGCTAT,1000,0.05,0.5,0.45,6
GGAATAAGTCGTCTTC,2,0.05,0.5,0.45,6
GGAATAATCAACTCTT,3,0.05,0.5,0.45,6
GGAATAATCAGATAAG,8,0.05,0.5,0.45,6
GGAATAATCTGTCAAG,1000,0.05,0.5,0.45,6
GGACAAGAGAATCTCC,1000,0.05,0.5,0.45,6
GGACAAGAGTTGCAGG,8,0.05,0.5,0.45,6
GGACAAGCACTTACGA,3,0.05,0.5,0.45,6
GGACAAGCATAGACTC,6,0.05,0.5,0.45,6
GGACAAGGTCTAGTCA,1,0.05,0.5,0.45,6
GGACAAGGTGGGTATG,1000,0.05,0.5,0.45,6
GGACAAGGTGGTAACG,2,0.05,0.5,0.45,6
GGACAAGGTGTGAAAT,8,0.05,0.5,0.45,6
GGACAAGGTTACGACT,5,0.05,0.5,0.45,6
GGACAAGTCATCTGTT,1,0.05,0.5,0.45,6
GGACAAGTCTTAACCT,1000,0.05,0.5,0.45,6
GGACAGAAGAACAATC,6,0.05,0.5,0.45,6
GGACAGAAGAGTGAGA,1000,0.05,0.5,0.45,6
GGACAGAAGATCCCGC,2,0.05,0.5,0.45,6
GGACAGAAGCGCCTCA,4,0.05,0.5,0.45,6
GGACAGAAGCTCAACT,5,0.05,0.5,0.45,6
GGACAGACAATAGAGT,4,0.05,0.5,0.45,6
GGACAGACACTTAACG,1000,0.05,0.5,0.45,6
GGACAGACATCACAAC,7,0.05,0.5,0.45,6
GGACAGAGTACAGACG,8,0.05,0.5,0.45,6
GGACAGAGTAGGACAC,3,0.05,0.5,0.45,6
GGACAGAGTATAGGTA,2,0.05,0.5,0.45,6
GGACAGAGTCTCTCGT,2,0.05,0.5,0.45,6
GGACAGAGTGCCTGGT,4,0.05,0.5,0.45,6
GGACAGAGTTTGTGTG,3,0.05,0.5,0.45,6
GGACAGATCGTCCAGG,3,0.05,0.5,0.45,6
GGACAGATCGTTTATC,1,0.05,0.5,0.45,6
GGACATTAGCCACTAT,1,0.05,0.5,0.45,6
GGACATTAGTACATGA,5,0.05,0.5,0.45,6
GGACATTAGTTAGCGG,8,0.05,0.5,0.45,6
GGACATTCACGACGAA,1000,0.05,0.5,0.45,6
GGACATTCAGGTCCAC,7,0.05,0.5,0.45,6
GGACATTGTAGAAGGA,4,0.05,0.5,0.45,6
GGACATTGTAGGGTAC,5,0.05,0.5,0.45,6
GGACATTGTCGCGTGT,1,0.05,0.5,0.45,6
GGACATTGTGCGCTTG,3,0.05,0.5,0.45,6
GGACATTGTGTTAAGA,2,0.05,0.5,0.45,6
GGACATTGTTATCGGT,3,0.05,0.5,0.45,6
GGACATTTCCACGTGG,1,0.05,0.5,0.45,6
GGACATTTCGGAAATA,2,0.05,0.5,0.45,6
GGACGTCAGAAGATTC,1000,0.05,0.5,0.45,6
GGACGTCAGCCGTCGT,5,0.05,0.5,0.45,6
GGACGTCAGTACGTAA,1000,0.05,0.5,0.45,6
GGACGTCCAAAGTGCG,6,0.05,0.5,0.45,6
GGACGTCCAAGCGTAG,1000,0.05,0.5,0.45,6
GGACGTCCACTATCTT,6,0.05,0.5,0.45,6
GGACGTCCACTCTGTC,7,0.05,0.5,0.45,6
GGACGTCGTACAGACG,1000,0.05,0.5,0.45,6
GGACGTCGTTCATGGT,4,0.05,0.5,0.45,6
GGACGTCTCAGGCAAG,2,0.05,0.5,0.45,6
GGACGTCTCGTAGATC,7,0.05,0.5,0.45,6
GGACGTCTCGTCTGAA,1,0.05,0.5,0.45,6
GGACGTCTCTGGTGTA,6,0.05,0.5,0.45,6
GGAGCAAAGAGTCGGT,1,0.05,0.5,0.45,6
GGAGCAAAGTAGCGGT,1,0.05,0.5,0.45,6
GGAGCAAAGTGAACGC,4,0.05,0.5,0.45,6
GGAGCAAAGTGGGCTA,3,0.05,0.5,0.45,6
GGAGCAACACACTGCG,2,0.05,0.5,0.45,6
GGAGCAACAGTATAAG,7,0.05,0.5,0.45,6
GGAGCAAGTCAACTGT,8,0.05,0.5,0.45,6
GGAGCAAGTCCAACTA,1000,0.05,0.5,0.45,6
GGAGCAATCGAACGGA,8,0.05,0.5,0.45,6
GGATGTTAGAATTGTG,5,0.05,0.5,0.45,6
GGATGTTAGCTAACTC,7,0.05,0.5,0.45,6
GGATGTTAGGCTCTTA,1,0.05,0.5,0.45,6
GGATGTTCAAGCCCAC,2,0.05,0.5,0.45,6
GGATGTTGTATATCCG,1000,0.05,0.5,0.45,6
GGATGTTGTATTCGTG,3,0.05,0.5,0.45,6
GGATGTTGTCCAACTA,7,0.05,0.5,0.45,6
GGATGTTTCGCGGATC,3,0.05,0.5,0.45,6
GGATTACAGACAGAGA,5,0.05,0.5,0.45,6
GGATTACAGAGACTAT,1,0.05,0.5,0.45,6
GGATTACAGCCCAATT,7,0.05,0.5,0.45,6
GGATTACAGTGCCAGA,3,0.05,0.5,0.45,6
GGATTACCAAGCGCTC,8,0.05,0.5,0.45,6
GGATTACCACTTGGAT,1,0.05,0.5,0.45,6
GGATTACCAGACACTT,2,0.05,0.5,0.45,6
GGATTACCATCCCATC,8,0.05,0.5,0.45,6
GGATTACCATCTACGA,1,0.05,0.5,0.45,6
GGATTACGTAGGACAC,7,0.05,0.5,0.45,6
GGATTACGTGTGTGCC,8,0.05,0.5,0.45,6
GGATTACTCAAAGACA,1000,0.05,0.5,0.45,6
GGATTACTCATGTAGC,3,0.05,0.5,0.45,6
GGCAATTAGACCACGA,4,0.05,0.5,0.45,6
GGCAATTAGAGTCGGT,5,0.05,0.5,0.45,6
GGCAATTAGATGCCAG,4,0.05,0.5,0.45,6
GGCAATTAGTACACCT,2,0.05,0.5,0.45,6
GGCAATTAGTACGCCC,8,0.05,0.5,0.45,6
GGCAATTAGTTGAGTA,7,0.05,0.5,0.45,6
GGCAATTCAATAGCAA,8,0.05,0.5,0.45,6
GGCAATTCACCCATGG,1000,0.05,0.5,0.45,6
GGCAATTCAGCATGAG,8,0.05,0.5,0.45,6
GGCAATTCATAGTAAG,1,0.05,0.5,0.45,6
GGCAATTCATGTCCTC,2,0.05,0.5,0.45,6
GGCAATTCATTAACCG,4,0.05,0.5,0.45,6
GGCAATTGTACCGTTA,6,0.05,0.5,0.45,6
GGCAATTGTCACACGC,4,0.05,0.5,0.45,6
GGCAATTGTCAGGACA,1000,0.05,0.5,0.45,6
GGCAATTGTGCGCTTG,8,0.05,0.5,0.45,6
GGCAATTGTTCGTGAT,5,0.05,0.5,0.45,6
GGCAATTGTTGAGTTC,3,0.05,0.5,0.45,6
GGCAATTTCATTGCGA,1,0.05,0.5,0.45,6
GGCAATTTCCAGTAGT,0,0.05,0.5,0.45,6
GGCAATTTCCCTCAGT,1,0.05,0.5,0.45,6
GGCCGATAGTATTGGA,7,0.05,0.5,0.45,6
GGCCGATCAAGCCATT,8,0.05,0.5,0.45,6
GGCCGATCAGCCTATA,5,0.05,0.5,0.45,6
GGCCGATCAGCGTCCA,4,0.05,0.5,0.45,6
GGCCGATCAGGGATTG,5,0.05,0.5,0.45,6
GGCCGATCATGGTTGT,4,0.05,0.5,0.45,6
GGCCGATGTACCGCTG,1,0.05,0.5,0.45,6
GGCCGATGTCGCATAT,2,0.05,0.5,0.45,6
GGCCGATGTGACTACT,7,0.05,0.5,0.45,6
GGCCGATGTTACCAGT,8,0.05,0.5,0.45,6
GGCCGATGTTTGGGCC,5,0.05,0.5,0.45,6
GGCCGATTCTTCCTTC,8,0.05,0.5,0.45,6
GGCCGATTCTTGTATC,3,0.05,0.5,0.45,6
GGCGACTAGACACTAA,7,0.05,0.5,0.45,6
GGCGACTAGACAGACC,1000,0.05,0.5,0.45,6
GGCGACTAGTGAACAT,3,0.05,0.5,0.45,6
GGCGACTCAAAGGCGT,8,0.05,0.5,0.45,6
GGCGACTCAAGCTGTT,8,0.05,0.5,0.45,6
GGCGACTCAAGTACCT,8,0.05,0.5,0.45,6
GGCGACTCATACCATG,8,0.05,0.5,0.45,6
GGCGACTGTATGGTTC,6,0.05,0.5,0.45,6
GGCGACTGTTGAACTC,5,0.05,0.5,0.45,6
GGCGACTTCCACGTGG,4,0.05,0.5,0.45,6
GGCGTGTAGCTGTCTA,4,0.05,0.5,0.45,6
GGCGTGTAGTGATCGG,7,0.05,0.5,0.45,6
GGCGTGTCAACAACCT,2,0.05,0.5,0.45,6
GGCGTGTCACTTAACG,4,0.05,0.5,0.45,6
GGCGTGTCATTTCAGG,2,0.05,0.5,0.45,6
GGCGTGTGTACCGAGA,3,0.05,0.5,0.45,6
GGCGTGTGTCAGGACA,6,0.05,0.5,0.45,6
GGCGTGTGTTACCAGT,1000,0.05,0.5,0.45,6
GGCGTGTGTTGGTAAA,3,0.05,0.5,0.45,6
GGCGTGTGTTTGTTGG,4,0.05,0.5,0.45,6
GGCGTGTTCCACTCCA,8,0.05,0.5,0.45,6
GGCGTGTTCCTTAATC,8,0.05,0.5,0.45,6
GGCTCGAAGAGCTATA,8,0.05,0.5,0.45,6
GGCTCGAAGTCCAGGA,1,0.05,0.5,0.45,6
GGCTCGACAATGGAAT,1000,0.05,0.5,0.45,6
GGCTCGACATTATCTC,4,0.05,0.5,0.45,6
GGCTCGAGTAATCGTC,0,0.05,0.5,0.45,6
GGCTCGAGTCTGATTG,1000,0.05,0.5,0.45,6
GGCTCGATCACCGGGT,7,0.05,0.5,0.45,6
GGCTCGATCACTTATC,8,0.05,0.5,0.45,6
GGCTCGATCCACGACG,3,0.05,0.5,0.45,6
GGCTCGATCTCGTTTA,1,0.05,0.5,0.45,6
GGCTGGTAGTACTTGC,5,0.05,0.5,0.45,6
GGCTGGTAGTGACTCT,4,0.05,0.5,0.45,6
GGCTGGTCACATCTTT,1,0.05,0.5,0.45,6
GGCTGGTGTAGCGTAG,4,0.05,0.5,0.45,6
GGCTGGTGTTCCGGCA,5,0.05,0.5,0.45,6
GGCTGGTGTTCGTTGA,6,0.05,0.5,0.45,6
GGCTGGTTCACGACTA,4,0.05,0.5,0.45,6
GGCTGGTTCCGCAAGC,3,0.05,0.5,0.45,6
GGCTGGTTCCGCTGTT,2,0.05,0.5,0.45,6
GGCTGGTTCGTACGGC,3,0.05,0.5,0.45,6
GGGAATGAGAATAGGG,4,0.05,0.5,0.45,6
GGGAATGAGCTATGCT,1000,0.05,0.5,0.45,6
GGGAATGAGTGGTAGC,4,0.05,0.5,0.45,6
GGGAATGAGTGTGAAT,4,0.05,0.5,0.45,6
GGGAATGCAATTCCTT,1,0.05,0.5,0.45,6
GGGAATGCAGTTTACG,2,0.05,0.5,0.45,6
GGGAATGCATCCGTGG,3,0.05,0.5,0.45,6
GGGAATGCATGGTTGT,6,0.05,0.5,0.45,6
GGGAATGCATTAACCG,8,0.05,0.5,0.45,6
GGGAATGCATTTCACT,5,0.05,0.5,0.45,6
GGGAATGTCCCTTGCA,5,0.05,0.5,0.45,6
GGGACCTAGACCACGA,1,0.05,0.5,0.45,6
GGGACCTAGACGCTTT,4,0.05,0.5,0.45,6
GGGACCTAGCAATCTC,3,0.05,0.5,0.45,6
GGGACCTAGGAGTACC,1,0.05,0.5,0.45,6
GGGACCTCACGGTAAG,8,0.05,0.5,0.45,6
GGGACCTCATGCTAGT,6,0.05,0.5,0.45,6
GGGACCTCATGGAATA,1000,0.05,0.5,0.45,6
GGGACCTTCACTCCTG,8,0.05,0.5,0.45,6
GGGACCTTCGGAAACG,6,0.05,0.5,0.45,6
GGGACCTTCTTTACAC,8,0.05,0.5,0.45,6
GGGAGATAGATGGCGT,5,0.05,0.5,0.45,6
GGGAGATAGTCAAGGC,4,0.05,0.5,0.45,6
GGGAGATCACCAGATT,3,0.05,0.5,0.45,6
GGGAGATCAGTATGCT,3,0.05,0.5,0.45,6
GGGAGATCATCCGTGG,6,0.05,0.5,0.45,6
GGGAGATGTAAGAGAG,1,0.05,0.5,0.45,6
GGGAGATGTACCATCA,8,0.05,0.5,0.45,6
GGGAGATGTGTGACCC,8,0.05,0.5,0.45,6
GGGAGATGTGTGCGTC,1,0.05,0.5,0.45,6
GGGAGATGTTGAGTTC,2,0.05,0.5,0.45,6
GGGAGATTCAGAAATG,1000,0.05,0.5,0.45,6
GGGAGATTCCGTTGTC,3,0.05,0.5,0.45,6
GGGAGATTCTCCTATA,6,0.05,0.5,0.45,6
GGGAGATTCTTGACGA,2,0.05,0.5,0.45,6
GGGATGAAGATCTGAA,7,0.05,0.5,0.45,6
GGGATGAAGCGGATCA,7,0.05,0.5,0.45,6
GGGATGACACCAGTTA,5,0.05,0.5,0.45,6
GGGATGAGTCCGAATT,5,0.05,0.5,0.45,6
GGGATGAGTCTGCGGT,6,0.05,0.5,0.45,6
GGGATGAGTTCACCTC,3,0.05,0.5,0.45,6
GGGATGATCACCCTCA,7,0.05,0.5,0.45,6
GGGATGATCACGATGT,2,0.05,0.5,0.45,6
GGGATGATCGTGTAGT,1000,0.05,0.5,0.45,6
GGGATGATCTGTACGA,6,0.05,0.5,0.45,6
GGGCACTAGGTAGCCA,8,0.05,0.5,0.45,6
GGGCACTAGTCCTCCT,3,0.05,0.5,0.45,6
GGGCACTCACTGTCGG,1000,0.05,0.5,0.45,6
GGGCACTCAGGGTATG,1,0.05,0.5,0.45,6
GGGCACTCAGTTTACG,7,0.05,0.5,0.45,6
GGGCACTCATCCCACT,8,0.05,0.5,0.45,6
GGGCACTCATTACCTT,7,0.05,0.5,0.45,6
GGGCACTGTCGTGGCT,1000,0.05,0.5,0.45,6
GGGCACTGTCTAGAGG,1000,0.05,0.5,0.45,6
GGGCACTTCCACGACG,1,0.05,0.5,0.45,6
GGGCACTTCTAACTCT,1000,0.05,0.5,0.45,6
GGGCACTTCTCACATT,1000,0.05,0.5,0.45,6
GGGCATCAGAATCTCC,4,0.05,0.5,0.45,6
GGGCATCAGCCACCTG,5,0.05,0.5,0.45,6
GGGCATCAGCGGCTTC,4,0.05,0.5,0.45,6
GGGCATCAGCTAAACA,4,0.05,0.5,0.45,6
GGGCATCAGTCATCCA,5,0.05,0.5,0.45,6
GGGCATCCACATTAGC,7,0.05,0.5,0.45,6
GGGCATCCAGTATGCT,3,0.05,0.5,0.45,6
GGGCATCCATCCCACT,4,0.05,0.5,0.45,6
GGGCATCCATCGATGT,2,0.05,0.5,0.45,6
GGGCATCGTAGAGCTG,4,0.05,0.5,0.45,6
GGGCATCGTCAGAATA,7,0.05,0.5,0.45,6
GGGCATCGTGCATCTA,7,0.05,0.5,0.45,6
GGGCATCGTTCGAATC,4,0.05,0.5,0.45,6
GGGCATCTCAAGGCTT,5,0.05,0.5,0.45,6
GGGCATCTCAGCGATT,8,0.05,0.5,0.45,6
GGGCATCTCTGTTTGT,1,0.05,0.5,0.45,6
GGGTCTGAGCACGCCT,2,0.05,0.5,0.45,6
GGGTCTGAGGAGTCTG,6,0.05,0.5,0.45,6
GGGTCTGAGTCATCCA,4,0.05,0.5,0.45,6
GGGTCTGCAATACGCT,6,0.05,0.5,0.45,6
GGGTCTGCAGGAATCG,8,0.05,0.5,0.45,6
GGGTCTGGTATGAAAC,2,0.05,0.5,0.45,6
GGGTCTGGTCATCCCT,2,0.05,0.5,0.45,6
GGGTCTGGTCGCATCG,6,0.05,0.5,0.45,6
GGGTCTGTCACTTATC,4,0.05,0.5,0.45,6
GGGTCTGTCAGCTGGC,4,0.05,0.5,0.45,6
GGGTCTGTCATGCTCC,4,0.05,0.5,0.45,6
GGGTCTGTCCAGAAGG,7,0.05,0.5,0.45,6
GGGTCTGTCCTACAGA,1000,0.05,0.5,0.45,6
GGGTCTGTCTCGAGTA,5,0.05,0.5,0.45,6
GGGTCTGTCTGTTTGT,6,0.05,0.5,0.45,6
GGGTTGCAGAGTACCG,2,0.05,0.5,0.45,6
GGGTTGCAGCTCAACT,5,0.05,0.5,0.45,6
GGGTTGCCACGCTTTC,5,0.05,0.5,0.45,6
GGGTTGCGTATCACCA,7,0.05,0.5,0.45,6
GGGTTGCGTCAAGCGA,2,0.05,0.5,0.45,6
GGGTTGCGTGCAGGTA,4,0.05,0.5,0.45,6
GGGTTGCGTTCCTCCA,1,0.05,0.5,0.45,6
GGTATTGAGATGTTAG,1,0.05,0.5,0.45,6
GGTATTGAGGACTGGT,1,0.05,0.5,0.45,6
GGTATTGCAGGGAGAG,1000,0.05,0.5,0.45,6
GGTATTGCAGTCAGCC,4,0.05,0.5,0.45,6
GGTATTGGTAGAGTGC,1000,0.05,0.5,0.45,6
GGTATTGGTCACAAGG,4,0.05,0.5,0.45,6
GGTATTGGTCAGAATA,5,0.05,0.5,0.45,6
GGTATTGGTGGTCTCG,8,0.05,0.5,0.45,6
GGTATTGTCACCGGGT,5,0.05,0.5,0.45,6
GGTGAAGAGATCTGAA,2,0.05,0.5,0.45,6
GGTGAAGAGATGGCGT,1,0.05,0.5,0.45,6
GGTGAAGAGCATCATC,4,0.05,0.5,0.45,6
GGTGAAGAGCGAAGGG,3,0.05,0.5,0.45,6
GGTGAAGAGTTAAGTG,3,0.05,0.5,0.45,6
GGTGAAGCAAGGACTG,2,0.05,0.5,0.45,6
GGTGAAGCACATCCGG,5,0.05,0.5,0.45,6
GGTGAAGCAGTCCTTC,7,0.05,0.5,0.45,6
GGTGAAGCATCCCATC,3,0.05,0.5,0.45,6
GGTGAAGGTAATAGCA,2,0.05,0.5,0.45,6
GGTGCGTAGCCCAATT,7,0.05,0.5,0.45,6
GGTGCGTAGCCTATGT,1,0.05,0.5,0.45,6
GGTGCGTCAATCTGCA,1,0.05,0.5,0.45,6
GGTGCGTCACGCATCG,6,0.05,0.5,0.45,6
GGTGCGTCAGCTGCAC,2,0.05,0.5,0.45,6
GGTGCGTCATGGTAGG,1,0.05,0.5,0.45,6
GGTGCGTGTAGCTCCG,6,0.05,0.5,0.45,6
GGTGCGTGTGTATGGG,2,0.05,0.5,0.45,6
GGTGCGTTCAGTGTTG,1,0.05,0.5,0.45,6
GGTGCGTTCCAAACAC,1000,0.05,0.5,0.45,6
GGTGCGTTCGGCATCG,7,0.05,0.5,0.45,6
GGTGTTAAGATCTGCT,5,0.05,0.5,0.45,6
GGTGTTAAGGTCGGAT,1000,0.05,0.5,0.45,6
GGTGTTAGTACTTGAC,2,0.05,0.5,0.45,6
GGTGTTAGTCTCAACA,6,0.05,0.5,0.45,6
GGTGTTAGTGATAAGT,3,0.05,0.5,0.45,6
GTAACGTAGCATCATC,7,0.05,0.5,0.45,6
GTAACGTAGTGAATTG,4,0.05,0.5,0.45,6
GTAACGTAGTTGTCGT,3,0.05,0.5,0.45,6
GTAACGTCAATGGAGC,7,0.05,0.5,0.45,6
GTAACGTCACCTCGTT,1000,0.05,0.5,0.45,6
GTAACGTCACGTCAGC,7,0.05,0.5,0.45,6
GTAACGTCAGGTGCCT,6,0.05,0.5,0.45,6
GTAACGTCAGTGGGAT,2,0.05,0.5,0.45,6
GTAACGTGTAAAGGAG,4,0.05,0.5,0.45,6
GTAACGTTCTGGCGTG,6,0.05,0.5,0.45,6
GTAACGTTCTTCAACT,4,0.05,0.5,0.45,6
GTAACTGAGAGTTGGC,1,0.05,0.5,0.45,6
GTAACTGAGATGTAAC,5,0.05,0.5,0.45,6
GTAACTGAGCAGACTG,6,0.05,0.5,0.45,6
GTAACTGAGGAGTTTA,1000,0.05,0.5,0.45,6
GTAACTGAGGATATAC,3,0.05,0.5,0.45,6
GTAACTGCAAGTCTAC,1,0.05,0.5,0.45,6
GTAACTGGTAAGTGGC,8,0.05,0.5,0.45,6
GTAACTGGTCGGGTCT,1,0.05,0.5,0.45,6
GTAACTGGTTCTGGTA,5,0.05,0.5,0.45,6
GTAACTGGTTGCCTCT,8,0.05,0.5,0.45,6
GTAACTGTCCTAGTGA,3,0.05,0.5,0.45,6
GTAACTGTCCTTGGTC,7,0.05,0.5,0.45,6
GTACGTAAGACAGGCT,8,0.05,0.5,0.45,6
GTACGTAAGGGAACGG,4,0.05,0.5,0.45,6
GTACGTAAGGTTCCTA,7,0.05,0.5,0.45,6
GTACGTAAGTGGTAAT,4,0.05,0.5,0.45,6
GTACGTACACGAAACG,2,0.05,0.5,0.45,6
GTACGTACATCTGGTA,1000,0.05,0.5,0.45,6
GTACGTATCAACCATG,6,0.05,0.5,0.45,6
GTACGTATCATGCATG,4,0.05,0.5,0.45,6
GTACGTATCTGCGACG,4,0.05,0.5,0.45,6
GTACTCCAGAACAACT,4,0.05,0.5,0.45,6
GTACTCCAGAGGACGG,1000,0.05,0.5,0.45,6
GTACTCCAGATCCCGC,5,0.05,0.5,0.45,6
GTACTCCAGGACAGAA,1,0.05,0.5,0.45,6
GTACTCCAGGTGTGGT,5,0.05,0.5,0.45,6
GTACTCCCATCTGGTA,5,0.05,0.5,0.45,6
GTACTCCGTTTAGCTG,0,0.05,0.5,0.45,6
GTACTCCGTTTCCACC,3,0.05,0.5,0.45,6
GTACTCCTCAGAGACG,1,0.05,0.5,0.45,6
GTACTCCTCATCTGCC,6,0.05,0.5,0.45,6
GTACTCCTCCCAGGTG,4,0.05,0.5,0.45,6
GTACTCCTCTGGAGCC,5,0.05,0.5,0.45,6
GTACTTTAGAATGTGT,5,0.05,0.5,0.45,6
GTACTTTAGAGGTAGA,6,0.05,0.5,0.45,6
GTACTTTGTCAGGACA,3,0.05,0.5,0.45,6
GTACTTTGTCGAACAG,1,0.05,0.5,0.45,6
GTACTTTGTCTGATCA,7,0.05,0.5,0.45,6
GTACTTTGTGAAGGCT,1,0.05,0.5,0.45,6
GTACTTTTCAGCACAT,5,0.05,0.5,0.45,6
GTAGGCCAGAATTGTG,7,0.05,0.5,0.45,6
GTAGGCCAGTACGTTC,8,0.05,0.5,0.45,6
GTAGGCCCAAACGCGA,8,0.05,0.5,0.45,6
GTAGGCCCACATGGGA,1000,0.05,0.5,0.45,6
GTAGGCCCAGTTCATG,2,0.05,0.5,0.45,6
GTAGGCCCATACCATG,4,0.05,0.5,0.45,6
GTAGGCCCATCCCACT,3,0.05,0.5,0.45,6
GTAGGCCCATCGGACC,1000,0.05,0.5,0.45,6
GTAGGCCGTGGGTCAA,5,0.05,0.5,0.45,6
GTAGGCCGTGTTCGAT,5,0.05,0.5,0.45,6
GTAGGCCGTTCTGTTT,6,0.05,0.5,0.45,6
GTAGGCCTCACAAACC,1000,0.05,0.5,0.45,6
GTAGGCCTCACCGTAA,1,0.05,0.5,0.45,6
GTAGGCCTCAGAGCTT,1000,0.05,0.5,0.45,6
GTAGGCCTCATGTCTT,5,0.05,0.5,0.45,6
GTAGGCCTCGCTTAGA,1,0.05,0.5,0.45,6
GTAGGCCTCTGTACGA,5,0.05,0.5,0.45,6
GTAGGCCTCTTACCGC,7,0.05,0.5,0.45,6
GTAGTCAAGCCACCTG,5,0.05,0.5,0.45,6
GTAGTCACAAACGCGA,1,0.05,0.5,0.45,6
GTAGTCACAATGTAAG,1000,0.05,0.5,0.45,6
GTAGTCACACATCCAA,8,0.05,0.5,0.45,6
GTAGTCACACGGTAGA,7,0.05,0.5,0.45,6
GTAGTCACAGACAAAT,7,0.05,0.5,0.45,6
GTAGTCACAGGACGTA,7,0.05,0.5,0.45,6
GTAGTCACATAGTAAG,1,0.05,0.5,0.45,6
GTAGTCAGTAAGGGCT,1000,0.05,0.5,0.45,6
GTAGTCAGTGGTTTCA,1,0.05,0.5,0.45,6
GTAGTCATCAACGGGA,0,0.05,0.5,0.45,6
GTAGTCATCCCAAGAT,1,0.05,0.5,0.45,6
GTAGTCATCGGAAACG,8,0.05,0.5,0.45,6
GTAGTCATCTTGTCAT,3,0.05,0.5,0.45,6
GTATCTTAGAGTGAGA,1,0.05,0.5,0.45,6
GTATCTTAGCGACGTA,1,0.05,0.5,0.45,6
GTATCTTAGGACCACA,6,0.05,0.5,0.45,6
GTATCTTCAAATCCGT,2,0.05,0.5,0.45,6
GTATCTTCACACGCTG,1,0.05,0.5,0.45,6
GTATCTTGTACTCAAC,2,0.05,0.5,0.45,6
GTATCTTGTAGGCATG,4,0.05,0.5,0.45,6
GTATCTTGTTCCCGAG,7,0.05,0.5,0.45,6
GTATCTTGTTGAGTTC,7,0.05,0.5,0.45,6
GTATCTTTCACGAAGG,7,0.05,0.5,0.45,6
GTATCTTTCCACTCCA,1,0.05,0.5,0.45,6
GTATCTTTCCGCGGTA,5,0.05,0.5,0.45,6
GTATCTTTCCGTAGGC,7,0.05,0.5,0.45,6
GTATCTTTCCTAGGGC,5,0.05,0.5,0.45,6
GTATCTTTCTCGTTTA,3,0.05,0.5,0.45,6
GTATTCTAGAGGACGG,2,0.05,0.5,0.45,6
GTATTCTAGTGAACGC,5,0.05,0.5,0.45,6
GTATTCTCAATAAGCA,6,0.05,0.5,0.45,6
GTATTCTCAGATGGCA,3,0.05,0.5,0.45,6
GTATTCTCAGTCCTTC,8,0.05,0.5,0.45,6
GTATTCTCATCAGTCA,8,0.05,0.5,0.45,6
GTATTCTGTAGGCTGA,1000,0.05,0.5,0.45,6
GTATTCTGTATTCGTG,7,0.05,0.5,0.45,6
GTATTCTGTGTCAATC,8,0.05,0.5,0.45,6
GTATTCTGTTCCAACA,1,0.05,0.5,0.45,6
GTATTCTGTTTGTTTC,5,0.05,0.5,0.45,6
GTATTCTTCAACCAAC,5,0.05,0.5,0.45,6
GTATTCTTCAGTTTGG,5,0.05,0.5,0.45,6
GTATTCTTCCTTCAAT,8,0.05,0.5,0.45,6
GTATTCTTCGAGGTAG,2,0.05,0.5,0.45,6
GTCAAGTAGATGGCGT,6,0.05,0.5,0.45,6
GTCAAGTAGGTGCACA,4,0.05,0.5,0.45,6
GTCAAGTCAATCACAC,2,0.05,0.5,0.45,6
GTCAAGTCAATCAGAA,7,0.05,0.5,0.45,6
GTCAAGTCACGGATAG,3,0.05,0.5,0.45,6
GTCAAGTCAGGAATGC,8,0.05,0.5,0.45,6
GTCAAGTCAGGATTGG,3,0.05,0.5,0.45,6
GTCAAGTCATGTCGAT,8,0.05,0.5,0.45,6
GTCAAGTGTAGCTCCG,4,0.05,0.5,0.45,6
GTCAAGTGTTACCAGT,1,0.05,0.5,0.45,6
GTCAAGTTCGCGCCAA,6,0.05,0.5,0.45,6
GTCAAGTTCTTTACAC,4,0.05,0.5,0.45,6
GTCACAAAGAGTAATC,8,0.05,0.5,0.45,6
GTCACAAAGCGATTCT,8,0.05,0.5,0.45,6
GTCACAAAGTCGCCGT,1,0.05,0.5,0.45,6
GTCACAACACATTAGC,7,0.05,0.5,0.45,6
GTCACAACACCGGAAA,7,0.05,0.5,0.45,6
GTCACAAGTATGAAAC,1000,0.05,0.5,0.45,6
GTCACAATCCCATTAT,4,0.05,0.5,0.45,6
GTCACAATCCTCAACC,3,0.05,0.5,0.45,6
GTCACAATCGGACAAG,2,0.05,0.5,0.45,6
GTCACAATCTCTTATG,1,0.05,0.5,0.45,6
GTCACAATCTTTCCTC,1000,0.05,0.5,0.45,6
GTCACGGAGCCGGTAA,7,0.05,0.5,0.45,6
GTCACGGCACAGCCCA,1000,0.05,0.5,0.45,6
GTCACGGCATCGGTTA,1,0.05,0.5,0.45,6
GTCACGGCATCTACGA,2,0.05,0.5,0.45,6
GTCACGGGTAGCAAAT,3,0.05,0.5,0.45,6
GTCACGGGTCATATCG,2,0.05,0.5,0.45,6
GTCACGGGTCCGAATT,5,0.05,0.5,0.45,6
GTCACGGTCGGCGCAT,7,0.05,0.5,0.45,6
GTCATTTAGCTGATAA,1,0.05,0.5,0.45,6
GTCATTTAGGACAGAA,8,0.05,0.5,0.45,6
GTCATTTCAAACGTGG,6,0.05,0.5,0.45,6
GTCATTTCAATAGCAA,4,0.05,0.5,0.45,6
GTCATTTCACAGGCCT,7,0.05,0.5,0.45,6
GTCATTTCACGAAATA,1,0.05,0.5,0.45,6
GTCATTTCACTCAGGC,8,0.05,0.5,0.45,6
GTCATTTCAGCGTAAG,4,0.05,0.5,0.45,6
GTCATTTCATCGATGT,3,0.05,0.5,0.45,6
GTCATTTGTAGCACGA,8,0.05,0.5,0.45,6
GTCATTTGTCATTAGC,6,0.05,0.5,0.45,6
GTCATTTGTTTCGCTC,2,0.05,0.5,0.45,6
GTCATTTTCAACGCTA,6,0.05,0.5,0.45,6
GTCATTTTCCCTTGTG,1000,0.05,0.5,0.45,6
GTCATTTTCGAGAGCA,2,0.05,0.5,0.45,6
GTCATTTTCGTAGGAG,1,0.05,0.5,0.45,6
GTCCTCACAGATGAGC,7,0.05,0.5,0.45,6
GTCCTCAGTAATAGCA,4,0.05,0.5,0.45,6
GTCCTCAGTATATGAG,5,0.05,0.5,0.45,6
GTCCTCAGTTGATTCG,1000,0.05,0.5,0.45,6
GTCCTCATCCCGACTT,4,0.05,0.5,0.45,6
GTCCTCATCTGTCAAG,4,0.05,0.5,0.45,6
GTCCTCATCTTACCGC,1,0.05,0.5,0.45,6
GTCGGGTAGGCAGTCA,5,0.05,0.5,0.45,6
GTCGGGTAGGCTCAGA,1000,0.05,0.5,0.45,6
GTCGGGTCAAGAGTCG,4,0.05,0.5,0.45,6
GTCGGGTCACCAGGTC,1000,0.05,0.5,0.45,6
GTCGGGTCACCGAAAG,0,0.05,0.5,0.45,6
GTCGGGTCAGTGAGTG,1,0.05,0.5,0.45,6
GTCGGGTGTATCAGTC,7,0.05,0.5,0.45,6
GTCGGGTTCATATCGG,6,0.05,0.5,0.45,6
GTCGGGTTCCGATATG,1000,0.05,0.5,0.45,6
GTCGGGTTCGACCAGC,8,0.05,0.5,0.45,6
GTCGTAAAGGTTACCT,1,0.05,0.5,0.45,6
GTCGTAAAGTGAATTG,6,0.05,0.5,0.45,6
GTCGTAACAGTCGATT,6,0.05,0.5,0.45,6
GTCGTAAGTCCGAATT,1,0.05,0.5,0.45,6
GTCGTAAGTGTTCGAT,4,0.05,0.5,0.45,6
GTCGTAATCACGCGGT,2,0.05,0.5,0.45,6
GTCGTAATCAGTCAGT,1,0.05,0.5,0.45,6
GTCGTAATCATGCATG,7,0.05,0.5,0.45,6
GTCGTAATCATTATCC,7,0.05,0.5,0.45,6
GTCGTAATCCGTTGTC,7,0.05,0.5,0.45,6
GTCGTAATCCTTTCGG,7,0.05,0.5,0.45,6
GTCGTAATCGTTTGCC,8,0.05,0.5,0.45,6
GTCGTAATCTACCTGC,2,0.05,0.5,0.45,6
GTCTCGTCAAGCGAGT,7,0.05,0.5,0.45,6
GTCTCGTGTCAGAGGT,1,0.05,0.5,0.45,6
GTCTCGTGTGAAATCA,4,0.05,0.5,0.45,6
GTCTCGTGTGGCTCCA,1,0.05,0.5,0.45,6
GTCTCGTGTGTGGCTC,7,0.05,0.5,0.45,6
GTCTCGTGTTATGTGC,3,0.05,0.5,0.45,6
GTCTCGTGTTCCCGAG,1000,0.05,0.5,0.45,6
GTCTCGTGTTCGCGAC,7,0.05,0.5,0.45,6
GTCTCGTTCCAAGTAC,1,0.05,0.5,0.45,6
GTCTTCGAGCCAGAAC,2,0.05,0.5,0.45,6
GTCTTCGAGGCTCTTA,3,0.05,0.5,0.45,6
GTCTTCGCAATAGCAA,1,0.05,0.5,0.45,6
GTCTTCGCACATTTCT,1000,0.05,0.5,0.45,6
GTCTTCGCATTGGTAC,7,0.05,0.5,0.45,6
GTCTTCGGTTTGTTTC,3,0.05,0.5,0.45,6
GTCTTCGTCAAACAAG,1000,0.05,0.5,0.45,6
GTCTTCGTCATTGCCC,2,0.05,0.5,0.45,6
GTCTTCGTCCTGCAGG,6,0.05,0.5,0.45,6
GTGAAGGAGAGCTGCA,1000,0.05,0.5,0.45,6
GTGAAGGCAGCGAACA,7,0.05,0.5,0.45,6
GTGAAGGGTACATGTC,7,0.05,0.5,0.45,6
GTGAAGGTCATGTCCC,4,0.05,0.5,0.45,6
GTGAAGGTCCATTCTA,3,0.05,0.5,0.45,6
GTGAAGGTCTCGTATT,1000,0.05,0.5,0.45,6
GTGCAGCAGACGACGT,6,0.05,0.5,0.45,6
GTGCAGCAGATCTGAA,5,0.05,0.5,0.45,6
GTGCAGCAGCCGATTT,3,0.05,0.5,0.45,6
GTGCAGCAGGCATTGG,8,0.05,0.5,0.45,6
GTGCAGCAGGCGACAT,2,0.05,0.5,0.45,6
GTGCAGCAGTGGGTTG,8,0.05,0.5,0.45,6
GTGCAGCCACTTACGA,7,0.05,0.5,0.45,6
GTGCAGCGTGCGATAG,8,0.05,0.5,0.45,6
GTGCAGCTCAAGCCTA,1000,0.05,0.5,0.45,6
GTGCAGCTCCATGCTC,1000,0.05,0.5,0.45,6
GTGCAGCTCCTGTAGA,6,0.05,0.5,0.45,6
GTGCAGCTCGGATGTT,4,0.05,0.5,0.45,6
GTGCAGCTCTCTAAGG,6,0.05,0.5,0.45,6
GTGCATAAGCAGGTCA,3,0.05,0.5,0.45,6
GTGCATAAGCCACGCT,6,0.05,0.5,0.45,6
GTGCATAAGCTAGGCA,6,0.05,0.5,0.45,6
GTGCATAAGGCATTGG,6,0.05,0.5,0.45,6
GTGCATACAATCTACG,8,0.05,0.5,0.45,6
GTGCATACATCCTTGC,2,0.05,0.5,0.45,6
GTGCATACATCGGTTA,8,0.05,0.5,0.45,6
GTGCATAGTCTTCGTC,7,0.05,0.5,0.45,6
GTGCATAGTTACCGAT,4,0.05,0.5,0.45,6
GTGCATAGTTAGATGA,3,0.05,0.5,0.45,6
GTGCATATCCCTTGTG,4,0.05,0.5,0.45,6
GTGCGGTAGCTAAACA,8,0.05,0.5,0.45,6
GTGCGGTAGGTAGCTG,4,0.05,0.5,0.45,6
GTGCGGTCAAACTGCT,5,0.05,0.5,0.45,6
GTGCGGTCACCGGAAA,2,0.05,0.5,0.45,6
GTGCGGTCAGTTTACG,1,0.05,0.5,0.45,6
GTGCGGTCATTACCTT,1000,0.05,0.5,0.45,6
GTGCGGTGTTGATTGC,7,0.05,0.5,0.45,6
GTGCGGTTCAATCACG,1000,0.05,0.5,0.45,6
GTGCGGTTCTAAGCCA,4,0.05,0.5,0.45,6
GTGCGGTTCTTTCCTC,4,0.05,0.5,0.45,6
GTGCTTCAGAAGGTTT,3,0.05,0.5,0.45,6
GTGCTTCAGCCACGTC,6,0.05,0.5,0.45,6
GTGCTTCAGCGTGAAC,7,0.05,0.5,0.45,6
GTGCTTCGTATAATGG,5,0.05,0.5,0.45,6
GTGCTTCGTTCACGGC,6,0.05,0.5,0.45,6
GTGCTTCTCAAGGTAA,5,0.05,0.5,0.45,6
GTGCTTCTCAGAGACG,1,0.05,0.5,0.45,6
GTGCTTCTCCGGCACA,5,0.05,0.5,0.45,6
GTGCTTCTCCTACAGA,4,0.05,0.5,0.45,6
GTGGGTCAGACCTTTG,4,0.05,0.5,0.45,6
GTGGGTCAGAGAACAG,4,0.05,0.5,0.45,6
GTGGGTCAGATCCCGC,1000,0.05,0.5,0.45,6
GTGGGTCAGGTGCTAG,1000,0.05,0.5,0.45,6
GTGGGTCCAGGGTTAG,6,0.05,0.5,0.45,6
GTGGGTCGTAAGTGTA,5,0.05,0.5,0.45,6
GTGGGTCGTCTAAAGA,2,0.05,0.5,0.45,6
GTGGGTCGTCTCCCTA,4,0.05,0.5,0.45,6
GTGGGTCTCAAACAAG,5,0.05,0.5,0.45,6
GTGGGTCTCCAGGGCT,1,0.05,0.5,0.45,6
GTGGGTCTCGATAGAA,1000,0.05,0.5,0.45,6
GTGGGTCTCGGAAATA,3,0.05,0.5,0.45,6
GTGTGCGAGACATAAC,1000,0.05,0.5,0.45,6
GTGTGCGAGGGTCGAT,7,0.05,0.5,0.45,6
GTGTGCGAGTCAAGGC,7,0.05,0.5,0.45,6
GTGTGCGCAATCTGCA,8,0.05,0.5,0.45,6
GTGTGCGCAGTCGATT,1,0.05,0.5,0.45,6
GTGTGCGCATCTCCCA,7,0.05,0.5,0.45,6
GTGTGCGGTCTACCTC,5,0.05,0.5,0.45,6
GTGTGCGGTCTCACCT,1,0.05,0.5,0.45,6
GTGTGCGTCCTGTACC,8,0.05,0.5,0.45,6
GTGTGCGTCGTCACGG,5,0.05,0.5,0.45,6
GTGTTAGAGCGTGTCC,7,0.05,0.5,0.45,6
GTGTTAGAGCGTTCCG,5,0.05,0.5,0.45,6
GTGTTAGAGCTGAAAT,6,0.05,0.5,0.45,6
GTGTTAGAGGATGTAT,4,0.05,0.5,0.45,6
GTGTTAGCACACAGAG,6,0.05,0.5,0.45,6
GTGTTAGCACATGACT,7,0.05,0.5,0.45,6
GTGTTAGCACCATCCT,4,0.05,0.5,0.45,6
GTGTTAGCATCAGTCA,5,0.05,0.5,0.45,6
GTGTTAGCATCTATGG,1,0.05,0.5,0.45,6
GTGTTAGCATGTCCTC,1000,0.05,0.5,0.45,6
GTGTTAGGTCACTTCC,2,0.05,0.5,0.45,6
GTGTTAGGTTAGTGGG,6,0.05,0.5,0.45,6
GTGTTAGTCCCAACGG,1000,0.05,0.5,0.45,6
GTGTTAGTCTTACCGC,1,0.05,0.5,0.45,6
GTTAAGCAGACAGGCT,1,0.05,0.5,0.45,6
GTTAAGCAGACCACGA,4,0.05,0.5,0.45,6
GTTAAGCAGCTCCCAG,7,0.05,0.5,0.45,6
GTTAAGCAGCTTCGCG,7,0.05,0.5,0.45,6
GTTAAGCCATCTCCCA,4,0.05,0.5,0.45,6
GTTAAGCCATTGGTAC,2,0.05,0.5,0.45,6
GTTAAGCGTACAGTTC,1,0.05,0.5,0.45,6
GTTAAGCGTACTTCTT,7,0.05,0.5,0.45,6
GTTAAGCGTTTGTGTG,5,0.05,0.5,0.45,6
GTTAAGCTCTCACATT,5,0.05,0.5,0.45,6
GTTACAGAGCCCAATT,1000,0.05,0.5,0.45,6
GTTACAGAGTAACCCT,1,0.05,0.5,0.45,6
GTTACAGCAAAGGAAG,8,0.05,0.5,0.45,6
GTTACAGGTGTTTGTG,1000,0.05,0.5,0.45,6
GTTACAGTCAATAAGG,3,0.05,0.5,0.45,6
GTTACAGTCGAGGTAG,3,0.05,0.5,0.45,6
GTTACAGTCTACTTAC,1,0.05,0.5,0.45,6
GTTACAGTCTGCGTAA,6,0.05,0.5,0.45,6
GTTACAGTCTTGCATT,1,0.05,0.5,0.45,6
GTTCATTCATCCCACT,2,0.05,0.5,0.45,6
GTTCATTGTCAAAGCG,8,0.05,0.5,0.45,6
GTTCATTTCAAGGCTT,1000,0.05,0.5,0.45,6
GTTCATTTCACGGTTA,4,0.05,0.5,0.45,6
GTTCATTTCGTCTGAA,4,0.05,0.5,0.45,6
GTTCGGGAGACTACAA,4,0.05,0.5,0.45,6
GTTCGGGAGAGAACAG,2,0.05,0.5,0.45,6
GTTCGGGAGAGTCGGT,5,0.05,0.5,0.45,6
GTTCGGGCAACACGCC,2,0.05,0.5,0.45,6
GTTCGGGCACCAGCAC,3,0.05,0.5,0.45,6
GTTCGGGCACGTCAGC,5,0.05,0.5,0.45,6
GTTCGGGCAGACGCAA,8,0.05,0.5,0.45,6
GTTCGGGCATGGGACA,3,0.05,0.5,0.45,6
GTTCGGGGTAAAGGAG,6,0.05,0.5,0.45,6
GTTCGGGGTACAGCAG,1000,0.05,0.5,0.45,6
GTTCGGGGTTACCGAT,3,0.05,0.5,0.45,6
GTTCGGGGTTCCACAA,7,0.05,0.5,0.45,6
GTTCGGGTCCCAAGAT,2,0.05,0.5,0.45,6
GTTCTCGAGACGCAAC,1,0.05,0.5,0.45,6
GTTCTCGAGAGATGAG,2,0.05,0.5,0.45,6
GTTCTCGCACGTCTCT,2,0.05,0.5,0.45,6
GTTCTCGCATTTCAGG,7,0.05,0.5,0.45,6
GTTCTCGGTGTCCTCT,7,0.05,0.5,0.45,6
GTTCTCGTCCCTTGCA,8,0.05,0.5,0.45,6
GTTCTCGTCCGAGCCA,3,0.05,0.5,0.45,6
GTTCTCGTCGGTCTAA,1000,0.05,0.5,0.45,6
GTTTCTAAGACGCACA,1000,0.05,0.5,0.45,6
GTTTCTAAGAGCCCAA,3,0.05,0.5,0.45,6
GTTTCTAAGAGTCGGT,2,0.05,0.5,0.45,6
GTTTCTAAGCTATGCT,8,0.05,0.5,0.45,6
GTTTCTAAGTTTGCGT,1000,0.05,0.5,0.45,6
GTTTCTACAGATCTGT,4,0.05,0.5,0.45,6
GTTTCTACAGGATTGG,3,0.05,0.5,0.45,6
GTTTCTACAGGGTTAG,7,0.05,0.5,0.45,6
GTTTCTAGTTTGACTG,7,0.05,0.5,0.45,6
GTTTCTATCATGTCCC,4,0.05,0.5,0.45,6
GTTTCTATCCCAAGTA,8,0.05,0.5,0.45,6
GTTTCTATCGCGTAGC,7,0.05,0.5,0.45,6
GTTTCTATCGTTGCCT,2,0.05,0.5,0.45,6
TAAACCGAGGCATGGT,2,0.05,0.5,0.45,6
TAAACCGAGGCTATCT,2,0.05,0.5,0.45,6
TAAACCGAGTTAACGA,3,0.05,0.5,0.45,6
TAAACCGCAAAGGTGC,1000,0.05,0.5,0.45,6
TAAACCGCATCGATGT,3,0.05,0.5,0.45,6
TAAACCGGTCATCCCT,5,0.05,0.5,0.45,6
TAAACCGGTGATGATA,2,0.05,0.5,0.45,6
TAAACCGTCATCATTC,7,0.05,0.5,0.45,6
TAAACCGTCCAGGGCT,1,0.05,0.5,0.45,6
TAAACCGTCGCTTAGA,8,0.05,0.5,0.45,6
TAAACCGTCGGACAAG,5,0.05,0.5,0.45,6
TAAACCGTCGTTACGA,4,0.05,0.5,0.45,6
TAAACCGTCTAACTGG,8,0.05,0.5,0.45,6
TAAGAGAAGATGTCGG,1,0.05,0.5,0.45,6
TAAGAGAAGCCCGAAA,6,0.05,0.5,0.45,6
TAAGAGAAGTGGGATC,8,0.05,0.5,0.45,6
TAAGAGACAGTGAGTG,8,0.05,0.5,0.45,6
TAAGAGAGTAGCGTAG,8,0.05,0.5,0.45,6
TAAGAGAGTCAACATC,1000,0.05,0.5,0.45,6
TAAGAGATCAACGCTA,8,0.05,0.5,0.45,6
TAAGAGATCCTGTACC,7,0.05,0.5,0.45,6
TAAGAGATCGCAGGCT,8,0.05,0.5,0.45,6
TAAGAGATCTTATCTG,6,0.05,0.5,0.45,6
TAAGCGTCAAGTCTAC,8,0.05,0.5,0.45,6
TAAGCGTCACTGAAGG,3,0.05,0.5,0.45,6
TAAGCGTCAGTATGCT,8,0.05,0.5,0.45,6
TAAGCGTGTAGCGTCC,8,0.05,0.5,0.45,6
TAAGCGTGTCTCAACA,2,0.05,0.5,0.45,6
TAAGCGTGTTCGGCAC,8,0.05,0.5,0.45,6
TAAGCGTTCGTAGGTT,1,0.05,0.5,0.45,6
TAAGCGTTCTGGAGCC,1,0.05,0.5,0.45,6
TAAGCGTTCTTCGGTC,3,0.05,0.5,0.45,6
TAAGTGCAGTTTAGGA,5,0.05,0.5,0.45,6
TAAGTGCCAAACTGTC,1,0.05,0.5,0.45,6
TAAGTGCCAAGGTTTC,4,0.05,0.5,0.45,6
TAAGTGCCAGAGCCAA,7,0.05,0.5,0.45,6
TAAGTGCGTATAGGGC,3,0.05,0.5,0.45,6
TAAGTGCTCGTCGTTC,3,0.05,0.5,0.45,6
TAAGTGCTCTGCTGTC,6,0.05,0.5,0.45,6
TAAGTGCTCTTGACGA,1000,0.05,0.5,0.45,6
TACACGAAGACTCGGA,2,0.05,0.5,0.45,6
TACACGAAGGGTCTCC,6,0.05,0.5,0.45,6
TACACGACACGTTGGC,6,0.05,0.5,0.45,6
TACACGACAGTCGTGC,1,0.05,0.5,0.45,6
TACACGACAGTGGAGT,4,0.05,0.5,0.45,6
TACACGAGTCGCGGTT,5,0.05,0.5,0.45,6
TACACGAGTCTCTCTG,6,0.05,0.5,0.45,6
TACACGAGTCTGCCAG,6,0.05,0.5,0.45,6
TACACGAGTGCGAAAC,3,0.05,0.5,0.45,6
TACACGAGTGCTTCTC,1,0.05,0.5,0.45,6
TACACGAGTTAAAGTG,6,0.05,0.5,0.45,6
TACACGAGTTCCATGA,4,0.05,0.5,0.45,6
TACAGTGAGGAACTGC,7,0.05,0.5,0.45,6
TACAGTGAGGCCCTCA,8,0.05,0.5,0.45,6
TACAGTGAGGGTTTCT,1,0.05,0.5,0.45,6
TACAGTGAGTATTGGA,0,0.05,0.5,0.45,6
TACAGTGCATATGGTC,1000,0.05,0.5,0.45,6
TACAGTGCATCCTTGC,4,0.05,0.5,0.45,6
TACAGTGCATCTACGA,1000,0.05,0.5,0.45,6
TACAGTGGTCGATTGT,7,0.05,0.5,0.45,6
TACAGTGGTCTAGTGT,0,0.05,0.5,0.45,6
TACAGTGTCAACGGCC,3,0.05,0.5,0.45,6
TACAGTGTCCTAAGTG,5,0.05,0.5,0.45,6
TACAGTGTCGCCTGAG,5,0.05,0.5,0.45,6
TACCTATAGATGCGAC,7,0.05,0.5,0.45,6
TACCTATAGGCTATCT,1,0.05,0.5,0.45,6
TACCTATCAACACCTA,0,0.05,0.5,0.45,6
TACCTATCAGCCAATT,4,0.05,0.5,0.45,6
TACCTATCATTGGCGC,4,0.05,0.5,0.45,6
TACCTATGTCAAACTC,4,0.05,0.5,0.45,6
TACCTATGTCTAAAGA,1000,0.05,0.5,0.45,6
TACCTATGTTAAAGAC,2,0.05,0.5,0.45,6
TACCTATTCCGAGCCA,1000,0.05,0.5,0.45,6
TACCTATTCCGTTGTC,5,0.05,0.5,0.45,6
TACCTATTCCTGCCAT,4,0.05,0.5,0.45,6
TACCTTAAGCGTGTCC,5,0.05,0.5,0.45,6
TACCTTAAGCTGAAAT,8,0.05,0.5,0.45,6
TACCTTAAGGACCACA,7,0.05,0.5,0.45,6
TACCTTAAGGTCGGAT,5,0.05,0.5,0.45,6
TACCTTAAGTTCGATC,7,0.05,0.5,0.45,6
TACCTTAGTAAGGATT,1,0.05,0.5,0.45,6
TACCTTAGTATCGCAT,6,0.05,0.5,0.45,6
TACCTTAGTCCGTGAC,3,0.05,0.5,0.45,6
TACCTTAGTCGCGAAA,4,0.05,0.5,0.45,6
TACCTTAGTGATGTCT,5,0.05,0.5,0.45,6
TACCTTATCACCGGGT,4,0.05,0.5,0.45,6
TACGGATAGCCAACAG,1,0.05,0.5,0.45,6
TACGGATAGGCTCTTA,6,0.05,0.5,0.45,6
TACGGATCAAGACGTG,7,0.05,0.5,0.45,6
TACGGATCAGGTCCAC,2,0.05,0.5,0.45,6
TACGGATCATTCCTCG,6,0.05,0.5,0.45,6
TACGGATGTATCTGCA,8,0.05,0.5,0.45,6
TACGGATGTTGTCTTT,1000,0.05,0.5,0.45,6
TACGGATTCATCGATG,5,0.05,0.5,0.45,6
TACGGGCAGTACCGGA,3,0.05,0.5,0.45,6
TACGGGCCATCACGAT,8,0.05,0.5,0.45,6
TACGGGCGTATTACCG,2,0.05,0.5,0.45,6
TACGGGCGTCTCTTAT,6,0.05,0.5,0.45,6
TACGGGCTCACTTCAT,1000,0.05,0.5,0.45,6
TACGGGCTCAGCCTAA,7,0.05,0.5,0.45,6
TACGGTAAGGTAAACT,1,0.05,0.5,0.45,6
TACGGTAAGTCGAGTG,2,0.05,0.5,0.45,6
TACGGTACACCATGTA,1000,0.05,0.5,0.45,6
TACGGTACACCGATAT,7,0.05,0.5,0.45,6
TACGGTAGTACCGCTG,2,0.05,0.5,0.45,6
TACTCATAGAGTGAGA,4,0.05,0.5,0.45,6
TACTCATAGCCACGCT,3,0.05,0.5,0.45,6
TACTCATAGCCGCCTA,1000,0.05,0.5,0.45,6
TACTCATCAAATCCGT,1,0.05,0.5,0.45,6
TACTCATCAAGCCATT,8,0.05,0.5,0.45,6
TACTCATCATCCGTGG,1,0.05,0.5,0.45,6
TACTCATGTCAGATAA,8,0.05,0.5,0.45,6
TACTCATGTGACAAAT,4,0.05,0.5,0.45,6
TACTCATTCAGCTGGC,5,0.05,0.5,0.45,6
TACTCATTCTTACCTA,8,0.05,0.5,0.45,6
TACTCGCAGACCCACC,0,0.05,0.5,0.45,6
TACTCGCAGGGTTTCT,2,0.05,0.5,0.45,6
TACTCGCCACCGATAT,5,0.05,0.5,0.45,6
TACTCGCCATACTACG,1,0.05,0.5,0.45,6
TACTCGCCATGAACCT,1000,0.05,0.5,0.45,6
TACTCGCGTACAAGTA,1000,0.05,0.5,0.45,6
TACTCGCGTAGGCATG,5,0.05,0.5,0.45,6
TACTCGCGTCGTTGTA,6,0.05,0.5,0.45,6
TACTCGCGTCTCAACA,4,0.05,0.5,0.45,6
TACTCGCTCAGCTCGG,4,0.05,0.5,0.45,6
TACTCGCTCCGTCATC,6,0.05,0.5,0.45,6
TACTCGCTCTGGAGCC,3,0.05,0.5,0.45,6
TACTCGCTCTGGCGAC,6,0.05,0.5,0.45,6
TACTTACAGACTCGGA,5,0.05,0.5,0.45,6
TACTTACAGATCGGGT,8,0.05,0.5,0.45,6
TACTTACCAAGCGATG,7,0.05,0.5,0.45,6
TACTTACCAAGCGTAG,7,0.05,0.5,0.45,6
TACTTACGTCTCATCC,1,0.05,0.5,0.45,6
TACTTACGTGGCTCCA,1,0.05,0.5,0.45,6
TACTTACGTTATCACG,7,0.05,0.5,0.45,6
TACTTACGTTCAGGCC,4,0.05,0.5,0.45,6
TACTTACTCAGAAATG,8,0.05,0.5,0.45,6
TACTTACTCCAAATGC,1,0.05,0.5,0.45,6
TACTTACTCCAACCAA,6,0.05,0.5,0.45,6
TACTTACTCCTCAATT,4,0.05,0.5,0.45,6
TACTTGTAGAAGGCCT,8,0.05,0.5,0.45,6
TACTTGTAGGTAAACT,2,0.05,0.5,0.45,6
TACTTGTAGGTGATAT,3,0.05,0.5,0.45,6
TACTTGTAGTCGTTTG,5,0.05,0.5,0.45,6
TACTTGTGTCACTTCC,7,0.05,0.5,0.45,6
TACTTGTGTGGGTCAA,1000,0.05,0.5,0.45,6
TACTTGTTCTCACATT,7,0.05,0.5,0.45,6
TAGACCAAGACCTTTG,2,0.05,0.5,0.45,6
TAGACCAAGCGTGAAC,4,0.05,0.5,0.45,6
TAGACCAAGCTATGCT,3,0.05,0.5,0.45,6
TAGACCAAGTACATGA,4,0.05,0.5,0.45,6
TAGACCACACCAGCAC,7,0.05,0.5,0.45,6
TAGACCACACCAGGTC,4,0.05,0.5,0.45,6
TAGACCACACTACAGT,1000,0.05,0.5,0.45,6
TAGACCACATCCTAGA,4,0.05,0.5,0.45,6
TAGACCAGTAAAGTCA,2,0.05,0.5,0.45,6
TAGACCAGTCACTTCC,8,0.05,0.5,0.45,6
TAGACCAGTTCCTCCA,1000,0.05,0.5,0.45,6
TAGACCATCAAACCAC,5,0.05,0.5,0.45,6
TAGACCATCACTATTC,3,0.05,0.5,0.45,6
TAGACCATCACTTCAT,1,0.05,0.5,0.45,6
TAGAGCTAGCAATCTC,4,0.05,0.5,0.45,6
TAGAGCTAGCGTGAAC,5,0.05,0.5,0.45,6
TAGAGCTAGTAACCCT,2,0.05,0.5,0.45,6
TAGAGCTAGTGAATTG,1,0.05,0.5,0.45,6
TAGAGCTAGTTAGGTA,1000,0.05,0.5,0.45,6
TAGAGCTCAAACAACA,7,0.05,0.5,0.45,6
TAGAGCTCACGGCGTT,8,0.05,0.5,0.45,6
TAGAGCTCAGGAATCG,3,0.05,0.5,0.45,6
TAGAGCTCAGGTCCAC,6,0.05,0.5,0.45,6
TAGAGCTCATTTGCCC,7,0.05,0.5,0.45,6
TAGAGCTGTCGCGTGT,8,0.05,0.5,0.45,6
TAGAGCTGTGTGAAAT,4,0.05,0.5,0.45,6
TAGCCGGAGAGACTAT,6,0.05,0.5,0.45,6
TAGCCGGAGCACCGCT,4,0.05,0.5,0.45,6
TAGCCGGCAAAGTGCG,7,0.05,0.5,0.45,6
TAGCCGGCAGCTGTGC,5,0.05,0.5,0.45,6
TAGCCGGGTGCCTTGG,7,0.05,0.5,0.45,6
TAGCCGGGTTCCTCCA,4,0.05,0.5,0.45,6
TAGCCGGTCGCATGAT,7,0.05,0.5,0.45,6
TAGGCATAGACTAGGC,8,0.05,0.5,0.45,6
TAGGCATAGAGGTACC,2,0.05,0.5,0.45,6
TAGGCATAGCTTCGCG,3,0.05,0.5,0.45,6
TAGGCATAGGCAAAGA,3,0.05,0.5,0.45,6
TAGGCATAGTAACCCT,2,0.05,0.5,0.45,6
TAGGCATAGTGAATTG,1000,0.05,0.5,0.45,6
TAGGCATCAAGCGCTC,5,0.05,0.5,0.45,6
TAGGCATCAGACAAAT,1000,0.05,0.5,0.45,6
TAGGCATCAGCTGCAC,1,0.05,0.5,0.45,6
TAGGCATCATAGGATA,1,0.05,0.5,0.45,6
TAGGCATGTAAGGGAA,3,0.05,0.5,0.45,6
TAGGCATGTAAGTGTA,6,0.05,0.5,0.45,6
TAGGCATTCATTTGGG,2,0.05,0.5,0.45,6
TAGGCATTCGCATGAT,1000,0.05,0.5,0.45,6
TAGTGGTAGAGGTTAT,5,0.05,0.5,0.45,6
TAGTGGTAGGGCACTA,3,0.05,0.5,0.45,6
TAGTGGTAGTCCCACG,7,0.05,0.5,0.45,6
TAGTGGTCAAGCGTAG,6,0.05,0.5,0.45,6
TAGTGGTCACACCGAC,5,0.05,0.5,0.45,6
TAGTGGTCACAGACAG,1,0.05,0.5,0.45,6
TAGTGGTCACTTCGAA,8,0.05,0.5,0.45,6
TAGTGGTCAGCCTTGG,1000,0.05,0.5,0.45,6
TAGTGGTCAGTCGATT,3,0.05,0.5,0.45,6
TAGTGGTCATTGGTAC,1000,0.05,0.5,0.45,6
TAGTGGTGTCTAACGT,7,0.05,0.5,0.45,6
TAGTGGTGTGACGCCT,6,0.05,0.5,0.45,6
TAGTGGTGTTACTGAC,1000,0.05,0.5,0.45,6
TAGTGGTTCACTTACT,2,0.05,0.5,0.45,6
TAGTGGTTCATCTGCC,1000,0.05,0.5,0.45,6
TAGTGGTTCGGTTAAC,4,0.05,0.5,0.45,6
TAGTGGTTCTACCAGA,2,0.05,0.5,0.45,6
TAGTTGGCAATGTAAG,1000,0.05,0.5,0.45,6
TAGTTGGGTGCCTGCA,6,0.05,0.5,0.45,6
TAGTTGGGTGTAAGTA,3,0.05,0.5,0.45,6
TAGTTGGGTTGTACAC,3,0.05,0.5,0.45,6
TAGTTGGTCAAACAAG,8,0.05,0.5,0.45,6
TATCAGGAGCCATCGC,1,0.05,0.5,0.45,6
TATCAGGAGCTAGGCA,4,0.05,0.5,0.45,6
TATCAGGAGGAGTAGA,3,0.05,0.5,0.45,6
TATCAGGAGGCGACAT,1000,0.05,0.5,0.45,6
TATCAGGAGTAGATGT,7,0.05,0.5,0.45,6
TATCAGGCAATGGTCT,5,0.05,0.5,0.45,6
TATCAGGCACAGGCCT,4,0.05,0.5,0.45,6
TATCAGGCAGCTGTTA,1,0.05,0.5,0.45,6
TATCAGGCATATACCG,5,0.05,0.5,0.45,6
TATCAGGCATGTCGAT,7,0.05,0.5,0.45,6
TATCAGGGTAGCGATG,1,0.05,0.5,0.45,6
TATCAGGGTATCTGCA,7,0.05,0.5,0.45,6
TATCAGGGTCCTCCAT,4,0.05,0.5,0.45,6
TATCAGGGTGTGGCTC,4,0.05,0.5,0.45,6
TATCAGGTCAGCCTAA,3,0.05,0.5,0.45,6
TATCAGGTCCTTTACA,5,0.05,0.5,0.45,6
TATCAGGTCGCCATAA,1,0.05,0.5,0.45,6
TATCAGGTCTTTAGGG,6,0.05,0.5,0.45,6
TATCTCACAGCGTCCA,3,0.05,0.5,0.45,6
TATCTCACAGTCAGCC,2,0.05,0.5,0.45,6
TATCTCACAGTGGAGT,1000,0.05,0.5,0.45,6
TATCTCAGTAGATTAG,4,0.05,0.5,0.45,6
TATCTCAGTATATGGA,1,0.05,0.5,0.45,6
TATCTCAGTCCGTTAA,3,0.05,0.5,0.45,6
TATCTCATCATCGATG,6,0.05,0.5,0.45,6
TATCTCATCTAGAGTC,1,0.05,0.5,0.45,6
TATCTCATCTATCCCG,1,0.05,0.5,0.45,6
TATGCCCAGCTGCGAA,2,0.05,0.5,0.45,6
TATGCCCAGGGCTTCC,3,0.05,0.5,0.45,6
TATGCCCAGTACCGGA,7,0.05,0.5,0.45,6
TATGCCCAGTTCGATC,1,0.05,0.5,0.45,6
TATGCCCCAAGACACG,6,0.05,0.5,0.45,6
TATGCCCCATTACGAC,1,0.05,0.5,0.45,6
TATGCCCGTCAACTGT,2,0.05,0.5,0.45,6
TATGCCCGTCCGAACC,8,0.05,0.5,0.45,6
TATGCCCTCACCTCGT,8,0.05,0.5,0.45,6
TATGCCCTCATGCAAC,7,0.05,0.5,0.45,6
TATGCCCTCTTAACCT,2,0.05,0.5,0.45,6
TATTACCAGGGATACC,7,0.05,0.5,0.45,6
TATTACCCAGCGTCCA,7,0.05,0.5,0.45,6
TATTACCCAGGTGGAT,7,0.05,0.5,0.45,6
TATTACCGTCAACTGT,4,0.05,0.5,0.45,6
TATTACCGTTACGTCA,7,0.05,0.5,0.45,6
TATTACCGTTCATGGT,2,0.05,0.5,0.45,6
TATTACCTCACCAGGC,6,0.05,0.5,0.45,6
TATTACCTCCGGCACA,6,0.05,0.5,0.45,6
TCAACGAAGAACTCGG,3,0.05,0.5,0.45,6
TCAACGAAGGTCATCT,1000,0.05,0.5,0.45,6
TCAACGAAGTGTGAAT,7,0.05,0.5,0.45,6
TCAACGAAGTTCCACA,2,0.05,0.5,0.45,6
TCAACGACAACGCACC,1,0.05,0.5,0.45,6
TCAACGACAATAGCGG,3,0.05,0.5,0.45,6
TCAACGACAGTAAGCG,8,0.05,0.5,0.45,6
TCAACGAGTCAGAATA,7,0.05,0.5,0.45,6
TCAACGAGTCTCATCC,5,0.05,0.5,0.45,6
TCAACGAGTGGTGTAG,8,0.05,0.5,0.45,6
TCAACGAGTTTCGCTC,5,0.05,0.5,0.45,6
TCAACGATCACCGGGT,1,0.05,0.5,0.45,6
TCAACGATCGCAAGCC,5,0.05,0.5,0.45,6
TCAACGATCTACTTAC,5,0.05,0.5,0.45,6
TCAATCTCACTAGTAC,7,0.05,0.5,0.45,6
TCAATCTGTTATCCGA,4,0.05,0.5,0.45,6
TCAATCTGTTCAGTAC,1000,0.05,0.5,0.45,6
TCAATCTGTTTGCATG,4,0.05,0.5,0.45,6
TCAATCTTCCCACTTG,3,0.05,0.5,0.45,6
TCAATCTTCGAGAACG,5,0.05,0.5,0.45,6
TCAATCTTCTCGAGTA,7,0.05,0.5,0.45,6
TCAATCTTCTCTTGAT,4,0.05,0.5,0.45,6
TCACAAGAGAAGGGTA,4,0.05,0.5,0.45,6
TCACAAGAGACTTTCG,8,0.05,0.5,0.45,6
TCACAAGAGATGGGTC,1,0.05,0.5,0.45,6
TCACAAGAGGTCGGAT,8,0.05,0.5,0.45,6
TCACAAGCAATCTACG,7,0.05,0.5,0.45,6
TCACAAGCACGGCCAT,1,0.05,0.5,0.45,6
TCACAAGCACGGCGTT,1,0.05,0.5,0.45,6
TCACAAGCATGGAATA,1,0.05,0.5,0.45,6
TCACAAGCATGTCTCC,1000,0.05,0.5,0.45,6
TCACAAGGTACAGTGG,3,0.05,0.5,0.45,6
TCACAAGGTCTTCGTC,1,0.05,0.5,0.45,6
TCACAAGTCATTGCGA,1000,0.05,0.5,0.45,6
TCACAAGTCCGCATCT,1,0.05,0.5,0.45,6
TCACGAAAGAGATGAG,1,0.05,0.5,0.45,6
TCACGAAAGCCACTAT,4,0.05,0.5,0.45,6
TCACGAACAAAGGAAG,1,0.05,0.5,0.45,6
TCACGAACATTCCTGC,5,0.05,0.5,0.45,6
TCACGAATCACCTTAT,5,0.05,0.5,0.45,6
TCACGAATCCAAACTG,7,0.05,0.5,0.45,6
TCAGATGAGTCAAGGC,3,0.05,0.5,0.45,6
TCAGATGCAAATCCGT,8,0.05,0.5,0.45,6
TCAGATGCAAGCCGTC,8,0.05,0.5,0.45,6
TCAGATGCAATGCCAT,2,0.05,0.5,0.45,6
TCAGATGCACTAAGTC,5,0.05,0.5,0.45,6
TCAGATGCAGACTCGC,7,0.05,0.5,0.45,6
TCAGATGCAGATCTGT,0,0.05,0.5,0.45,6
TCAGATGGTTCATGGT,1000,0.05,0.5,0.45,6
TCAGATGTCGGTCTAA,1000,0.05,0.5,0.45,6
TCAGATGTCGTAGATC,1,0.05,0.5,0.45,6
TCAGATGTCTGGGCCA,2,0.05,0.5,0.45,6
TCAGATGTCTGTCTAT,5,0.05,0.5,0.45,6
TCAGATGTCTGTCTCG,7,0.05,0.5,0.45,6
TCAGCAAAGAACAACT,1,0.05,0.5,0.45,6
TCAGCAAAGCCTATGT,6,0.05,0.5,0.45,6
TCAGCAAAGGAACTGC,8,0.05,0.5,0.45,6
TCAGCAAAGGTGGGTT,1,0.05,0.5,0.45,6
TCAGCAAAGTTCGCGC,4,0.05,0.5,0.45,6
TCAGCAACATCGGAAG,3,0.05,0.5,0.45,6
TCAGCAAGTTACGACT,5,0.05,0.5,0.45,6
TCAGCAATCGGACAAG,4,0.05,0.5,0.45,6
TCAGCAATCTCAAGTG,7,0.05,0.5,0.45,6
TCAGCAATCTGAAAGA,4,0.05,0.5,0.45,6
TCAGCAATCTGTCAAG,1,0.05,0.5,0.45,6
TCAGCTCAGACCTAGG,8,0.05,0.5,0.45,6
TCAGCTCAGACGCAAC,4,0.05,0.5,0.45,6
TCAGCTCAGCGACGTA,3,0.05,0.5,0.45,6
TCAGCTCAGTACCGGA,1000,0.05,0.5,0.45,6
TCAGCTCCACATCTTT,4,0.05,0.5,0.45,6
TCAGCTCGTAAGTTCC,4,0.05,0.5,0.45,6
TCAGCTCGTAGCTTGT,5,0.05,0.5,0.45,6
TCAGCTCGTCTGCGGT,7,0.05,0.5,0.45,6
TCAGCTCTCTGCTGCT,1000,0.05,0.5,0.45,6
TCAGCTCTCTTCCTTC,4,0.05,0.5,0.45,6
TCAGGATAGCACACAG,8,0.05,0.5,0.45,6
TCAGGATAGTCCAGGA,6,0.05,0.5,0.45,6
TCAGGATAGTGCAAGC,8,0.05,0.5,0.45,6
TCAGGATCAGTTCCCT,6,0.05,0.5,0.45,6
TCAGGATGTATTCGTG,1000,0.05,0.5,0.45,6
TCAGGATGTGTTAAGA,3,0.05,0.5,0.45,6
TCAGGATGTTAGAACA,8,0.05,0.5,0.45,6
TCAGGATGTTGGGACA,1,0.05,0.5,0.45,6
TCAGGATGTTTCCACC,2,0.05,0.5,0.45,6
TCAGGATTCACAGGCC,8,0.05,0.5,0.45,6
TCAGGATTCTTGAGAC,3,0.05,0.5,0.45,6
TCAGGTAAGACTGGGT,3,0.05,0.5,0.45,6
TCAGGTAAGATATACG,6,0.05,0.5,0.45,6
TCAGGTAAGCCACGTC,8,0.05,0.5,0.45,6
TCAGGTAAGCCCGAAA,1000,0.05,0.5,0.45,6
TCAGGTATCTTGCATT,3,0.05,0.5,0.45,6
TCATTACAGCTACCTA,5,0.05,0.5,0.45,6
TCATTACAGGATCGCA,4,0.05,0.5,0.45,6
TCATTACCATAGACTC,1,0.05,0.5,0.45,6
TCATTACGTTCGGCAC,2,0.05,0.5,0.45,6
TCATTACTCATGTCCC,1,0.05,0.5,0.45,6
TCATTACTCGCCTGAG,1,0.05,0.5,0.45,6
TCATTACTCTACTATC,0,0.05,0.5,0.45,6
TCATTACTCTTAACCT,2,0.05,0.5,0.45,6
TCATTACTCTTAGCCC,5,0.05,0.5,0.45,6
TCATTTGAGTGTGAAT,8,0.05,0.5,0.45,6
TCATTTGCAAAGCGGT,4,0.05,0.5,0.45,6
TCATTTGCAAATTGCC,8,0.05,0.5,0.45,6
TCATTTGCACAACTGT,8,0.05,0.5,0.45,6
TCATTTGCAGGAATGC,7,0.05,0.5,0.45,6
TCATTTGCAGTCCTTC,5,0.05,0.5,0.45,6
TCATTTGGTCTGCAAT,1000,0.05,0.5,0.45,6
TCCACACAGATAGGAG,1000,0.05,0.5,0.45,6
TCCACACAGCGATAGC,8,0.05,0.5,0.45,6
TCCACACCAACGATCT,2,0.05,0.5,0.45,6
TCCACACCAATTGCTG,3,0.05,0.5,0.45,6
TCCACACCACACAGAG,1000,0.05,0.5,0.45,6
TCCACACCAGGCGATA,1000,0.05,0.5,0.45,6
TCCACACCATGTAGTC,8,0.05,0.5,0.45,6
TCCACACGTAAAGGAG,1000,0.05,0.5,0.45,6
TCCACACGTGAAATCA,1,0.05,0.5,0.45,6
TCCACACGTTATCACG,2,0.05,0.5,0.45,6
TCCACACGTTTGCATG,4,0.05,0.5,0.45,6
TCCACACTCACCATAG,6,0.05,0.5,0.45,6
TCCCGATAGGAGTTGC,6,0.05,0.5,0.45,6
TCCCGATAGGAGTTTA,1,0.05,0.5,0.45,6
TCCCGATAGTCGCCGT,4,0.05,0.5,0.45,6
TCCCGATAGTCGTACT,8,0.05,0.5,0.45,6
TCCCGATCACGGACAA,4,0.05,0.5,0.45,6
TCCCGATCAGGCTCAC,4,0.05,0.5,0.45,6
TCCCGATGTCCAAGTT,1,0.05,0.5,0.45,6
TCCCGATGTCCTCTTG,5,0.05,0.5,0.45,6
TCCCGATGTTGTTTGG,3,0.05,0.5,0.45,6
TCCCGATTCCACGACG,6,0.05,0.5,0.45,6
TCCCGATTCGTTTGCC,8,0.05,0.5,0.45,6
TCGAGGCAGCACCGCT,1,0.05,0.5,0.45,6
TCGAGGCAGGCGTACA,6,0.05,0.5,0.45,6
TCGAGGCAGGTGCAAC,1,0.05,0.5,0.45,6
TCGAGGCAGTGTTTGC,5,0.05,0.5,0.45,6
TCGAGGCCAAGCGAGT,1,0.05,0.5,0.45,6
TCGAGGCCAATCTACG,3,0.05,0.5,0.45,6
TCGAGGCCAGGGTTAG,3,0.05,0.5,0.45,6
TCGAGGCGTCGAGATG,3,0.05,0.5,0.45,6
TCGAGGCGTCGCGTGT,4,0.05,0.5,0.45,6
TCGAGGCTCACTTCAT,1000,0.05,0.5,0.45,6
TCGAGGCTCCGTCATC,5,0.05,0.5,0.45,6
TCGAGGCTCGAGCCCA,7,0.05,0.5,0.45,6
TCGAGGCTCTTCATGT,7,0.05,0.5,0.45,6
TCGCGAGAGCACCGCT,3,0.05,0.5,0.45,6
TCGCGAGAGCAGCCTC,8,0.05,0.5,0.45,6
TCGCGAGAGCGTTGCC,6,0.05,0.5,0.45,6
TCGCGAGCAGTATCTG,1,0.05,0.5,0.45,6
TCGCGAGGTCGAATCT,1,0.05,0.5,0.45,6
TCGCGAGTCTGTACGA,3,0.05,0.5,0.45,6
TCGCGTTAGCCGTCGT,7,0.05,0.5,0.45,6
TCGCGTTAGCTGTTCA,1000,0.05,0.5,0.45,6
TCGCGTTAGGAGTTGC,7,0.05,0.5,0.45,6
TCGCGTTCAAAGGAAG,4,0.05,0.5,0.45,6
TCGCGTTCAATGACCT,2,0.05,0.5,0.45,6
TCGCGTTCACAGCCCA,1000,0.05,0.5,0.45,6
TCGCGTTCATAGTAAG,3,0.05,0.5,0.45,6
TCGCGTTGTAGCAAAT,5,0.05,0.5,0.45,6
TCGCGTTGTAGCTTGT,2,0.05,0.5,0.45,6
TCGCGTTGTGTGTGCC,8,0.05,0.5,0.45,6
TCGCGTTTCCCTTGTG,4,0.05,0.5,0.45,6
TCGGGACAGGAGTACC,4,0.05,0.5,0.45,6
TCGGGACAGTCAAGCG,7,0.05,0.5,0.45,6
TCGGGACCACACATGT,2,0.05,0.5,0.45,6
TCGGGACCAGCCAATT,1000,0.05,0.5,0.45,6
TCGGGACGTAAGTGTA,4,0.05,0.5,0.45,6
TCGGGACGTCCAAGTT,1000,0.05,0.5,0.45,6
TCGGGACGTCCGAACC,7,0.05,0.5,0.45,6
TCGGGACGTCGAAAGC,7,0.05,0.5,0.45,6
TCGGGACTCATCATTC,1000,0.05,0.5,0.45,6
TCGGGACTCCATGAGT,2,0.05,0.5,0.45,6
TCGGGACTCTAACTTC,0,0.05,0.5,0.45,6
TCGGGACTCTCGTTTA,6,0.05,0.5,0.45,6
TCGGGACTCTGTTTGT,3,0.05,0.5,0.45,6
TCGGTAAAGATCCCAT,5,0.05,0.5,0.45,6
TCGGTAAAGTCTCGGC,4,0.05,0.5,0.45,6
TCGGTAACACGTAAGG,6,0.05,0.5,0.45,6
TCGGTAACATACTCTT,4,0.05,0.5,0.45,6
TCGGTAACATGAGCGA,6,0.05,0.5,0.45,6
TCGGTAACATGGTCTA,1,0.05,0.5,0.45,6
TCGGTAACATTTCACT,1,0.05,0.5,0.45,6
TCGGTAAGTCGCTTCT,3,0.05,0.5,0.45,6
TCGGTAAGTGTAACGG,1,0.05,0.5,0.45,6
TCGGTAATCACGACTA,3,0.05,0.5,0.45,6
TCGGTAATCCCGGATG,2,0.05,0.5,0.45,6
TCGGTAATCCGAGCCA,1,0.05,0.5,0.45,6
TCGGTAATCGGCGCTA,1,0.05,0.5,0.45,6
TCGGTAATCGTCTGAA,3,0.05,0.5,0.45,6
TCGGTAATCTAGAGTC,2,0.05,0.5,0.45,6
TCGTACCAGATAGGAG,8,0.05,0.5,0.45,6
TCGTACCAGTAATCCC,3,0.05,0.5,0.45,6
TCGTACCCATTACCTT,3,0.05,0.5,0.45,6
TCGTACCGTAGAGGAA,4,0.05,0.5,0.45,6
TCGTACCGTATAGTAG,7,0.05,0.5,0.45,6
TCGTACCGTGTGAATA,1,0.05,0.5,0.45,6
TCGTACCGTTCTGTTT,7,0.05,0.5,0.45,6
TCGTACCTCAATACCG,4,0.05,0.5,0.45,6
TCGTACCTCAATCACG,5,0.05,0.5,0.45,6
TCGTACCTCAGCATGT,3,0.05,0.5,0.45,6
TCGTACCTCGCCTGAG,8,0.05,0.5,0.45,6
TCGTACCTCGGTGTTA,8,0.05,0.5,0.45,6
TCGTACCTCGTTACGA,1000,0.05,0.5,0.45,6
TCGTAGAAGCTACCTA,7,0.05,0.5,0.45,6
TCGTAGAAGGCTAGGT,3,0.05,0.5,0.45,6
TCGTAGAAGTCAATAG,1,0.05,0.5,0.45,6
TCGTAGAAGTGAACGC,2,0.05,0.5,0.45,6
TCGTAGAAGTGACATA,5,0.05,0.5,0.45,6
TCGTAGACAAGGACTG,4,0.05,0.5,0.45,6
TCGTAGACACAAGACG,8,0.05,0.5,0.45,6
TCGTAGACAGACGCAA,8,0.05,0.5,0.45,6
TCGTAGACAGTTTACG,7,0.05,0.5,0.45,6
TCGTAGACATGGAATA,8,0.05,0.5,0.45,6
TCGTAGAGTACCATCA,4,0.05,0.5,0.45,6
TCGTAGATCAGGCGAA,7,0.05,0.5,0.45,6
TCGTAGATCCATGAAC,4,0.05,0.5,0.45,6
TCGTAGATCCCAGGTG,1,0.05,0.5,0.45,6
TCGTAGATCTAACTGG,3,0.05,0.5,0.45,6
TCGTAGATCTATGTGG,1,0.05,0.5,0.45,6
TCGTAGATCTTGTCAT,3,0.05,0.5,0.45,6
TCTATTGAGAAGGTGA,3,0.05,0.5,0.45,6
TCTATTGAGAGTACCG,5,0.05,0.5,0.45,6
TCTATTGAGCAAATCA,7,0.05,0.5,0.45,6
TCTATTGAGGCGACAT,8,0.05,0.5,0.45,6
TCTATTGAGTCAAGCG,2,0.05,0.5,0.45,6
TCTATTGCAACGATGG,5,0.05,0.5,0.45,6
TCTATTGCACCAGATT,1000,0.05,0.5,0.45,6
TCTATTGCACTATCTT,4,0.05,0.5,0.45,6
TCTATTGGTACACCGC,4,0.05,0.5,0.45,6
TCTATTGGTCCTCTTG,5,0.05,0.5,0.45,6
TCTATTGGTCGAGATG,1,0.05,0.5,0.45,6
TCTATTGTCAAACAAG,3,0.05,0.5,0.45,6
TCTATTGTCAGAGGTG,5,0.05,0.5,0.45,6
TCTATTGTCGAACTGT,1000,0.05,0.5,0.45,6
TCTATTGTCTGGCGAC,2,0.05,0.5,0.45,6
TCTCATAAGAACTGTA,5,0.05,0.5,0.45,6
TCTCATAAGAAGGTTT,8,0.05,0.5,0.45,6
TCTCATAAGACCTAGG,3,0.05,0.5,0.45,6
TCTCATAAGCTGCGAA,8,0.05,0.5,0.45,6
TCTCATAAGTGCGATG,1,0.05,0.5,0.45,6
TCTCATAGTGCCTGTG,7,0.05,0.5,0.45,6
TCTCATAGTTCAGGCC,5,0.05,0.5,0.45,6
TCTCATATCCGGCACA,2,0.05,0.5,0.45,6
TCTCTAAAGATACACA,6,0.05,0.5,0.45,6
TCTCTAAGTTGCTCCT,3,0.05,0.5,0.45,6
TCTGAGAAGCTAACTC,7,0.05,0.5,0.45,6
TCTGAGAAGGATGGTC,7,0.05,0.5,0.45,6
TCTGAGAAGGGCTTCC,1,0.05,0.5,0.45,6
TCTGAGAAGTGTTTGC,1,0.05,0.5,0.45,6
TCTGAGACAGTAAGAT,1000,0.05,0.5,0.45,6
TCTGAGACAGTATCTG,5,0.05,0.5,0.45,6
TCTGAGAGTGCAACGA,4,0.05,0.5,0.45,6
TCTGAGATCCTCCTAG,3,0.05,0.5,0.45,6
TCTGAGATCGGTTAAC,3,0.05,0.5,0.45,6
TCTGAGATCTACTCAT,3,0.05,0.5,0.45,6
TCTGAGATCTTCGGTC,5,0.05,0.5,0.45,6
TCTGGAAAGACTACAA,8,0.05,0.5,0.45,6
TCTGGAAAGAGACTAT,1,0.05,0.5,0.45,6
TCTGGAAAGTGAAGAG,8,0.05,0.5,0.45,6
TCTGGAAAGTGAAGTT,7,0.05,0.5,0.45,6
TCTGGAACACAACGCC,4,0.05,0.5,0.45,6
TCTGGAACAGTACACT,7,0.05,0.5,0.45,6
TCTGGAAGTAGCGTCC,5,0.05,0.5,0.45,6
TCTGGAAGTCCCTTGT,3,0.05,0.5,0.45,6
TCTGGAAGTGACGCCT,1,0.05,0.5,0.45,6
TCTGGAAGTGGTTTCA,5,0.05,0.5,0.45,6
TCTGGAATCCTGCAGG,1,0.05,0.5,0.45,6
TCTTCGGAGACGCAAC,2,0.05,0.5,0.45,6
TCTTCGGAGAGACGAA,4,0.05,0.5,0.45,6
TCTTCGGAGATCACGG,1,0.05,0.5,0.45,6
TCTTCGGAGCCAGTTT,2,0.05,0.5,0.45,6
TCTTCGGAGCGATAGC,6,0.05,0.5,0.45,6
TCTTCGGAGTCCAGGA,5,0.05,0.5,0.45,6
TCTTCGGAGTCCATAC,2,0.05,0.5,0.45,6
TCTTCGGCAACAACCT,6,0.05,0.5,0.45,6
TCTTCGGCAATCACAC,1000,0.05,0.5,0.45,6
TCTTCGGCAGGTCGTC,1000,0.05,0.5,0.45,6
TCTTCGGCATGCCCGA,4,0.05,0.5,0.45,6
TCTTCGGGTCAAAGCG,8,0.05,0.5,0.45,6
TCTTCGGGTCGAAAGC,6,0.05,0.5,0.45,6
TCTTCGGGTCTAGTGT,2,0.05,0.5,0.45,6
TCTTCGGGTGCCTTGG,1000,0.05,0.5,0.45,6
TCTTCGGGTTCGAATC,7,0.05,0.5,0.45,6
TCTTCGGTCCAATGGT,6,0.05,0.5,0.45,6
TCTTCGGTCCCTCAGT,1,0.05,0.5,0.45,6
TCTTTCCCACTGTTAG,5,0.05,0.5,0.45,6
TCTTTCCCAGATCGGA,8,0.05,0.5,0.45,6
TCTTTCCGTGATAAAC,1,0.05,0.5,0.45,6
TCTTTCCTCAAACCGT,6,0.05,0.5,0.45,6
TCTTTCCTCACCTTAT,7,0.05,0.5,0.45,6
TCTTTCCTCAGAGACG,8,0.05,0.5,0.45,6
TCTTTCCTCCGTCATC,2,0.05,0.5,0.45,6
TCTTTCCTCTCGTTTA,3,0.05,0.5,0.45,6
TCTTTCCTCTCTTGAT,8,0.05,0.5,0.45,6
TCTTTCCTCTTCGGTC,8,0.05,0.5,0.45,6
TCTTTCCTCTTTAGGG,4,0.05,0.5,0.45,6
TGAAAGAAGCATGGCA,8,0.05,0.5,0.45,6
TGAAAGAAGCTCAACT,1000,0.05,0.5,0.45,6
TGAAAGAAGTAGCGGT,3,0.05,0.5,0.45,6
TGAAAGAAGTGGTAGC,1,0.05,0.5,0.45,6
TGAAAGACATGTTGAC,2,0.05,0.5,0.45,6
TGAAAGAGTGCAACTT,1,0.05,0.5,0.45,6
TGAAAGAGTTCGTGAT,8,0.05,0.5,0.45,6
TGAAAGATCATAAAGG,1,0.05,0.5,0.45,6
TGAAAGATCCCAAGAT,5,0.05,0.5,0.45,6
TGAAAGATCGGTCTAA,1,0.05,0.5,0.45,6
TGACAACAGAGGTAGA,6,0.05,0.5,0.45,6
TGACAACAGCTAGTCT,4,0.05,0.5,0.45,6
TGACAACAGGGTGTTG,4,0.05,0.5,0.45,6
TGACAACAGTGCGATG,3,0.05,0.5,0.45,6
TGACAACAGTTACCCA,8,0.05,0.5,0.45,6
TGACAACCACTCAGGC,3,0.05,0.5,0.45,6
TGACAACCATCGATGT,7,0.05,0.5,0.45,6
TGACAACGTGCGGTAA,7,0.05,0.5,0.45,6
TGACAACGTTCGTGAT,6,0.05,0.5,0.45,6
TGACGGCAGTGCAAGC,8,0.05,0.5,0.45,6
TGACGGCAGTGTACTC,8,0.05,0.5,0.45,6
TGACGGCGTCACACGC,8,0.05,0.5,0.45,6
TGACGGCGTCAGCTAT,8,0.05,0.5,0.45,6
TGACGGCGTCCGTTAA,4,0.05,0.5,0.45,6
TGACGGCGTGGCTCCA,5,0.05,0.5,0.45,6
TGACGGCGTTATTCTC,7,0.05,0.5,0.45,6
TGACGGCGTTTGACAC,6,0.05,0.5,0.45,6
TGACGGCTCGCCGTGA,5,0.05,0.5,0.45,6
TGACGGCTCTCCAGGG,2,0.05,0.5,0.45,6
TGACGGCTCTCGTTTA,3,0.05,0.5,0.45,6
TGACGGCTCTTGACGA,3,0.05,0.5,0.45,6
TGACGGCTCTTTAGTC,3,0.05,0.5,0.45,6
TGACTAGAGCACGCCT,4,0.05,0.5,0.45,6
TGACTAGCAAGCGATG,3,0.05,0.5,0.45,6
TGACTAGCAAGTCTGT,3,0.05,0.5,0.45,6
TGACTAGCACCTTGTC,1,0.05,0.5,0.45,6
TGACTAGGTGCGATAG,8,0.05,0.5,0.45,6
TGACTAGTCCCTTGCA,2,0.05,0.5,0.45,6
TGACTAGTCGTAGGAG,7,0.05,0.5,0.45,6
TGACTAGTCTGACCTC,8,0.05,0.5,0.45,6
TGACTAGTCTTGTACT,7,0.05,0.5,0.45,6
TGACTTTAGGTGTGGT,4,0.05,0.5,0.45,6
TGACTTTAGTTGTCGT,8,0.05,0.5,0.45,6
TGACTTTCAAACCTAC,1000,0.05,0.5,0.45,6
TGACTTTCATACTACG,8,0.05,0.5,0.45,6
TGACTTTCATAGACTC,3,0.05,0.5,0.45,6
TGACTTTCATTATCTC,7,0.05,0.5,0.45,6
TGACTTTGTCGACTAT,2,0.05,0.5,0.45,6
TGACTTTGTCTCTCTG,1,0.05,0.5,0.45,6
TGACTTTGTGAGGCTA,8,0.05,0.5,0.45,6
TGACTTTGTGCGGTAA,2,0.05,0.5,0.45,6
TGACTTTTCACCACCT,2,0.05,0.5,0.45,6
TGACTTTTCATCTGCC,4,0.05,0.5,0.45,6
TGACTTTTCATTCACT,1,0.05,0.5,0.45,6
TGAGAGGAGATATGCA,4,0.05,0.5,0.45,6
TGAGAGGAGCCGATTT,1000,0.05,0.5,0.45,6
TGAGAGGAGGTCGGAT,1,0.05,0.5,0.45,6
TGAGAGGAGTAGCGGT,5,0.05,0.5,0.45,6
TGAGAGGAGTCTTGCA,4,0.05,0.5,0.45,6
TGAGAGGCACGTTGGC,7,0.05,0.5,0.45,6
TGAGAGGCAGGTCCAC,2,0.05,0.5,0.45,6
TGAGAGGGTAGGCATG,5,0.05,0.5,0.45,6
TGAGAGGGTCTCCACT,2,0.05,0.5,0.45,6
TGAGAGGGTTCGTGAT,4,0.05,0.5,0.45,6
TGAGAGGTCAGGTTCA,1000,0.05,0.5,0.45,6
TGAGAGGTCCACGTTC,5,0.05,0.5,0.45,6
TGAGAGGTCTGTTGAG,8,0.05,0.5,0.45,6
TGAGCATAGAAGATTC,6,0.05,0.5,0.45,6
TGAGCATCAATTCCTT,2,0.05,0.5,0.45,6
TGAGCATCAGCATGAG,8,0.05,0.5,0.45,6
TGAGCATCATCCTTGC,3,0.05,0.5,0.45,6
TGAGCATGTGAACCTT,5,0.05,0.5,0.45,6
TGAGCATGTGCAACTT,1,0.05,0.5,0.45,6
TGAGCATTCACGAAGG,4,0.05,0.5,0.45,6
TGAGCCGCAATACGCT,8,0.05,0.5,0.45,6
TGAGCCGCAGTGGGAT,1,0.05,0.5,0.45,6
TGAGCCGCATAGTAAG,7,0.05,0.5,0.45,6
TGAGCCGGTACCAGTT,1,0.05,0.5,0.45,6
TGAGCCGGTCCGTCAG,1,0.05,0.5,0.45,6
TGAGCCGGTCTTTCAT,3,0.05,0.5,0.45,6
TGAGCCGGTTCCCGAG,8,0.05,0.5,0.45,6
TGAGCCGTCAATAAGG,5,0.05,0.5,0.45,6
TGAGCCGTCGCGCCAA,2,0.05,0.5,0.45,6
TGAGGGAAGAGATGAG,1,0.05,0.5,0.45,6
TGAGGGAAGTACGATA,7,0.05,0.5,0.45,6
TGAGGGAAGTGTACCT,1000,0.05,0.5,0.45,6
TGAGGGACAAGTAGTA,8,0.05,0.5,0.45,6
TGAGGGACAGCCACCA,3,0.05,0.5,0.45,6
TGAGGGACATCAGTCA,3,0.05,0.5,0.45,6
TGAGGGAGTACCGTTA,3,0.05,0.5,0.45,6
TGAGGGAGTGCATCTA,1,0.05,0.5,0.45,6
TGAGGGAGTTCGGGCT,3,0.05,0.5,0.45,6
TGAGGGAGTTTGGCGC,1,0.05,0.5,0.45,6
TGAGGGATCACTGGGC,3,0.05,0.5,0.45,6
TGAGGGATCGCAGGCT,3,0.05,0.5,0.45,6
TGATTTCAGAGACTTA,2,0.05,0.5,0.45,6
TGATTTCAGCCAGTAG,8,0.05,0.5,0.45,6
TGATTTCAGCCCAGCT,5,0.05,0.5,0.45,6
TGATTTCAGCGTAGTG,4,0.05,0.5,0.45,6
TGATTTCAGGGCACTA,1000,0.05,0.5,0.45,6
TGATTTCAGTGTACTC,6,0.05,0.5,0.45,6
TGATTTCCAAACCTAC,6,0.05,0.5,0.45,6
TGATTTCCAGCTTCGG,2,0.05,0.5,0.45,6
TGATTTCCATCGGTTA,1000,0.05,0.5,0.45,6
TGATTTCGTAACGACG,4,0.05,0.5,0.45,6
TGATTTCGTCCGTTAA,5,0.05,0.5,0.45,6
TGATTTCGTGACAAAT,3,0.05,0.5,0.45,6
TGATTTCGTGATAAGT,3,0.05,0.5,0.45,6
TGATTTCGTGGCCCTA,1,0.05,0.5,0.45,6
TGATTTCTCAACGGGA,3,0.05,0.5,0.45,6
TGATTTCTCATGTCCC,8,0.05,0.5,0.45,6
TGATTTCTCGTGTAGT,2,0.05,0.5,0.45,6
TGCACCTAGAAAGTGG,5,0.05,0.5,0.45,6
TGCACCTAGATCCGAG,5,0.05,0.5,0.45,6
TGCACCTCACAGGTTT,3,0.05,0.5,0.45,6
TGCACCTCACCTGGTG,1000,0.05,0.5,0.45,6
TGCACCTGTCAACTGT,6,0.05,0.5,0.45,6
TGCACCTGTGCAACGA,6,0.05,0.5,0.45,6
TGCACCTGTTCCCTTG,2,0.05,0.5,0.45,6
TGCACCTGTTCGTGAT,0,0.05,0.5,0.45,6
TGCACCTGTTGATTCG,8,0.05,0.5,0.45,6
TGCACCTTCAGGATCT,1,0.05,0.5,0.45,6
TGCACCTTCTTACCTA,1,0.05,0.5,0.45,6
TGCCAAAGTAGCTAAA,2,0.05,0.5,0.45,6
TGCCAAATCTCTTGAT,1,0.05,0.5,0.45,6
TGCCAAATCTTAGAGC,1,0.05,0.5,0.45,6
TGCCCATAGGCGTACA,0,0.05,0.5,0.45,6
TGCCCATCACATCCGG,1,0.05,0.5,0.45,6
TGCCCATCACATCTTT,4,0.05,0.5,0.45,6
TGCCCATCACCAGGCT,4,0.05,0.5,0.45,6
TGCCCATCAGCCTTGG,6,0.05,0.5,0.45,6
TGCCCATGTAATAGCA,5,0.05,0.5,0.45,6
TGCCCATGTCAGAATA,1,0.05,0.5,0.45,6
TGCCCATGTTGCCTCT,6,0.05,0.5,0.45,6
TGCCCATTCCACTGGG,1000,0.05,0.5,0.45,6
TGCCCATTCGCAGGCT,5,0.05,0.5,0.45,6
TGCCCATTCTCTTGAT,1,0.05,0.5,0.45,6
TGCCCATTCTTTAGGG,3,0.05,0.5,0.45,6
TGCCCTAAGTTAACGA,4,0.05,0.5,0.45,6
TGCCCTACAGCGTCCA,1,0.05,0.5,0.45,6
TGCCCTACATCGATGT,3,0.05,0.5,0.45,6
TGCCCTACATCTCGCT,1,0.05,0.5,0.45,6
TGCCCTACATGGGACA,7,0.05,0.5,0.45,6
TGCCCTATCACAACGT,7,0.05,0.5,0.45,6
TGCCCTATCAGGTAAA,4,0.05,0.5,0.45,6
TGCGCAGAGCAGCCTC,4,0.05,0.5,0.45,6
TGCGCAGAGGCAAAGA,7,0.05,0.5,0.45,6
TGCGCAGAGTGGAGAA,1000,0.05,0.5,0.45,6
TGCGCAGCACATTCGA,8,0.05,0.5,0.45,6
TGCGCAGCAGCCTTTC,1000,0.05,0.5,0.45,6
TGCGGGTAGAGGGATA,6,0.05,0.5,0.45,6
TGCGGGTAGATCCCGC,7,0.05,0.5,0.45,6
TGCGGGTCAAGGCTCC,6,0.05,0.5,0.45,6
TGCGGGTCAGCTGCAC,7,0.05,0.5,0.45,6
TGCGGGTGTACGACCC,6,0.05,0.5,0.45,6
TGCGGGTGTTTAGCTG,4,0.05,0.5,0.45,6
TGCGGGTTCTGACCTC,5,0.05,0.5,0.45,6
TGCGTGGAGACTGTAA,1,0.05,0.5,0.45,6
TGCGTGGAGGATTCGG,3,0.05,0.5,0.45,6
TGCGTGGAGGCGATAC,2,0.05,0.5,0.45,6
TGCGTGGAGGCTAGGT,8,0.05,0.5,0.45,6
TGCGTGGCACAGCGTC,8,0.05,0.5,0.45,6
TGCGTGGCACCATGTA,2,0.05,0.5,0.45,6
TGCGTGGCATTGGCGC,4,0.05,0.5,0.45,6
TGCGTGGGTCCTCCAT,2,0.05,0.5,0.45,6
TGCGTGGGTCTGGTCG,0,0.05,0.5,0.45,6
TGCGTGGGTGTGGCTC,8,0.05,0.5,0.45,6
TGCGTGGTCAGGCCCA,8,0.05,0.5,0.45,6
TGCTACCAGCTATGCT,5,0.05,0.5,0.45,6
TGCTACCCAAGCCATT,2,0.05,0.5,0.45,6
TGCTACCCACAAGTAA,0,0.05,0.5,0.45,6
TGCTACCCACAGACTT,4,0.05,0.5,0.45,6
TGCTACCCATCCGCGA,3,0.05,0.5,0.45,6
TGCTACCGTACAGCAG,1000,0.05,0.5,0.45,6
TGCTACCGTAGAAGGA,5,0.05,0.5,0.45,6
TGCTACCGTGGCAAAC,5,0.05,0.5,0.45,6
TGCTACCGTGGTCCGT,1000,0.05,0.5,0.45,6
TGCTACCGTTGGAGGT,1,0.05,0.5,0.45,6
TGCTACCTCCGCGCAA,4,0.05,0.5,0.45,6
TGCTACCTCCTAGAAC,2,0.05,0.5,0.45,6
TGCTGCTAGCAGATCG,8,0.05,0.5,0.45,6
TGCTGCTAGCTGCCCA,8,0.05,0.5,0.45,6
TGCTGCTAGGATCGCA,8,0.05,0.5,0.45,6
TGCTGCTAGGGCACTA,7,0.05,0.5,0.45,6
TGCTGCTAGTATTGGA,3,0.05,0.5,0.45,6
TGCTGCTAGTGTCCCG,3,0.05,0.5,0.45,6
TGCTGCTCACGTCAGC,1,0.05,0.5,0.45,6
TGCTGCTGTATGCTTG,5,0.05,0.5,0.45,6
TGCTGCTGTCCGCTGA,4,0.05,0.5,0.45,6
TGCTGCTGTCTGCAAT,4,0.05,0.5,0.45,6
TGGACGCAGAAGGTTT,8,0.05,0.5,0.45,6
TGGACGCAGCTAAGAT,3,0.05,0.5,0.45,6
TGGACGCAGCTCTCGG,1,0.05,0.5,0.45,6
TGGACGCAGTTGCAGG,1000,0.05,0.5,0.45,6
TGGACGCCAGACGCCT,0,0.05,0.5,0.45,6
TGGACGCGTATGAATG,1000,0.05,0.5,0.45,6
TGGACGCGTTGGTAAA,1,0.05,0.5,0.45,6
TGGACGCTCCAAACTG,6,0.05,0.5,0.45,6
TGGACGCTCCAGTATG,6,0.05,0.5,0.45,6
TGGCCAGAGACCGGAT,1,0.05,0.5,0.45,6
TGGCCAGAGCAGGCTA,6,0.05,0.5,0.45,6
TGGCCAGAGGCCCTTG,1000,0.05,0.5,0.45,6
TGGCCAGAGTGAACAT,1000,0.05,0.5,0.45,6
TGGCCAGCAAGACACG,4,0.05,0.5,0.45,6
TGGCCAGCATCGTCGG,6,0.05,0.5,0.45,6
TGGCCAGGTCGAGTTT,7,0.05,0.5,0.45,6
TGGCCAGGTGTGGTTT,0,0.05,0.5,0.45,6
TGGCCAGTCACAACGT,1,0.05,0.5,0.45,6
TGGCGCAAGCGCTTAT,8,0.05,0.5,0.45,6
TGGCGCAAGTACGTTC,7,0.05,0.5,0.45,6
TGGCGCACAACAACCT,1,0.05,0.5,0.45,6
TGGCGCACAAGGGTCA,1,0.05,0.5,0.45,6
TGGCGCACACCAGCAC,7,0.05,0.5,0.45,6
TGGCGCACACTAGTAC,8,0.05,0.5,0.45,6
TGGCGCACATGGTAGG,7,0.05,0.5,0.45,6
TGGCGCAGTGAAATCA,7,0.05,0.5,0.45,6
TGGCGCATCACCCTCA,4,0.05,0.5,0.45,6
TGGCGCATCAGCGATT,8,0.05,0.5,0.45,6
TGGCGCATCAGCTCGG,7,0.05,0.5,0.45,6
TGGCTGGAGTCCGTAT,8,0.05,0.5,0.45,6
TGGCTGGCAATGACCT,2,0.05,0.5,0.45,6
TGGCTGGGTATCGCAT,7,0.05,0.5,0.45,6
TGGCTGGGTCTGCAAT,6,0.05,0.5,0.45,6
TGGCTGGTCCCGACTT,3,0.05,0.5,0.45,6
TGGCTGGTCTCGTTTA,4,0.05,0.5,0.45,6
TGGGAAGAGGAACTGC,6,0.05,0.5,0.45,6
TGGGAAGAGGAATTAC,1000,0.05,0.5,0.45,6
TGGGAAGAGTACGTTC,3,0.05,0.5,0.45,6
TGGGAAGAGTAGGTGC,6,0.05,0.5,0.45,6
TGGGAAGAGTCCGTAT,8,0.05,0.5,0.45,6
TGGGAAGCACAGCCCA,8,0.05,0.5,0.45,6
TGGGAAGCAGAAGCAC,7,0.05,0.5,0.45,6
TGGGAAGCAGCCAGAA,4,0.05,0.5,0.45,6
TGGGAAGCATATACCG,1000,0.05,0.5,0.45,6
TGGGAAGCATGCTAGT,1,0.05,0.5,0.45,6
TGGGAAGGTAATCGTC,6,0.05,0.5,0.45,6
TGGGAAGGTAGAGTGC,1,0.05,0.5,0.45,6
TGGGAAGTCCTGCCAT,8,0.05,0.5,0.45,6
TGGGAAGTCTGATTCT,1,0.05,0.5,0.45,6
TGGGAAGTCTGCTGTC,8,0.05,0.5,0.45,6
TGGGAAGTCTTCTGGC,5,0.05,0.5,0.45,6
TGGGCGTAGCTCTCGG,7,0.05,0.5,0.45,6
TGGGCGTAGGCTCTTA,1000,0.05,0.5,0.45,6
TGGGCGTAGTTGCAGG,8,0.05,0.5,0.45,6
TGGGCGTCACGGTGTC,2,0.05,0.5,0.45,6
TGGGCGTCACTACAGT,8,0.05,0.5,0.45,6
TGGGCGTCAGTTCCCT,8,0.05,0.5,0.45,6
TGGGCGTCATTTCACT,0,0.05,0.5,0.45,6
TGGGCGTGTAGCGTAG,7,0.05,0.5,0.45,6
TGGGCGTGTATATGGA,3,0.05,0.5,0.45,6
TGGGCGTGTTGGTTTG,8,0.05,0.5,0.45,6
TGGTTAGAGGACAGCT,7,0.05,0.5,0.45,6
TGGTTAGAGGGCTTGA,2,0.05,0.5,0.45,6
TGGTTAGCATTTCACT,3,0.05,0.5,0.45,6
TGGTTAGGTGTGGCTC,4,0.05,0.5,0.45,6
TGGTTAGTCCACTCCA,6,0.05,0.5,0.45,6
TGGTTAGTCCTATTCA,2,0.05,0.5,0.45,6
TGGTTAGTCGGTCCGA,7,0.05,0.5,0.45,6
TGGTTAGTCTACTCAT,2,0.05,0.5,0.45,6
TGGTTAGTCTCCTATA,3,0.05,0.5,0.45,6
TGGTTCCAGAGAACAG,3,0.05,0.5,0.45,6
TGGTTCCAGGATCGCA,4,0.05,0.5,0.45,6
TGGTTCCAGGTGACCA,4,0.05,0.5,0.45,6
TGGTTCCGTGCCTTGG,1,0.05,0.5,0.45,6
TGGTTCCGTGCTAGCC,7,0.05,0.5,0.45,6
TGGTTCCTCAGGTAAA,1000,0.05,0.5,0.45,6
TGGTTCCTCGATCCCT,6,0.05,0.5,0.45,6
TGTATTCAGGGCTTCC,6,0.05,0.5,0.45,6
TGTATTCAGTGAACGC,6,0.05,0.5,0.45,6
TGTATTCAGTGAAGAG,1,0.05,0.5,0.45,6
TGTATTCCACGAAGCA,5,0.05,0.5,0.45,6
TGTATTCCATACCATG,5,0.05,0.5,0.45,6
TGTATTCGTCCATGAT,2,0.05,0.5,0.45,6
TGTATTCTCACTTATC,7,0.05,0.5,0.45,6
TGTATTCTCCACGCAG,3,0.05,0.5,0.45,6
TGTATTCTCGGTTAAC,7,0.05,0.5,0.45,6
TGTATTCTCTCTGAGA,2,0.05,0.5,0.45,6
TGTCCCAAGACGCACA,8,0.05,0.5,0.45,6
TGTCCCAAGAGTAAGG,8,0.05,0.5,0.45,6
TGTCCCAAGGGTCTCC,5,0.05,0.5,0.45,6
TGTCCCACAGTCCTTC,3,0.05,0.5,0.45,6
TGTCCCAGTCCGTCAG,6,0.05,0.5,0.45,6
TGTCCCAGTGTGCCTG,2,0.05,0.5,0.45,6
TGTCCCAGTTACGACT,6,0.05,0.5,0.45,6
TGTCCCATCACAGGCC,4,0.05,0.5,0.45,6
TGTCCCATCCCAGGTG,4,0.05,0.5,0.45,6
TGTCCCATCTCCGGTT,6,0.05,0.5,0.45,6
TGTGGTAAGACATAAC,2,0.05,0.5,0.45,6
TGTGGTAAGAGCTGGT,2,0.05,0.5,0.45,6
TGTGGTAAGCCACGTC,8,0.05,0.5,0.45,6
TGTGGTAAGGCGACAT,1,0.05,0.5,0.45,6
TGTGGTAAGGTGTTAA,8,0.05,0.5,0.45,6
TGTGGTAAGTGACTCT,7,0.05,0.5,0.45,6
TGTGGTACAAGTCTGT,3,0.05,0.5,0.45,6
TGTGGTAGTACCGAGA,3,0.05,0.5,0.45,6
TGTGGTAGTGTTCTTT,2,0.05,0.5,0.45,6
TGTGGTATCACATGCA,8,0.05,0.5,0.45,6
TGTGGTATCCAAACAC,1000,0.05,0.5,0.45,6
TGTGGTATCCGTAGTA,7,0.05,0.5,0.45,6
TGTGGTATCGGACAAG,3,0.05,0.5,0.45,6
TGTGGTATCGTACCGG,5,0.05,0.5,0.45,6
TGTGGTATCTGTCTCG,7,0.05,0.5,0.45,6
TGTGTTTAGGTGTGGT,1000,0.05,0.5,0.45,6
TGTGTTTCAAACTGTC,8,0.05,0.5,0.45,6
TGTGTTTCAATCGAAA,2,0.05,0.5,0.45,6
TGTGTTTCAGATCCAT,4,0.05,0.5,0.45,6
TGTGTTTGTAAGGATT,3,0.05,0.5,0.45,6
TGTGTTTGTAGCGTAG,4,0.05,0.5,0.45,6
TGTGTTTGTCCAGTGC,7,0.05,0.5,0.45,6
TGTGTTTTCTTTCCTC,7,0.05,0.5,0.45,6
TGTTCCGAGAAGGTTT,3,0.05,0.5,0.45,6
TGTTCCGAGAGTAATC,3,0.05,0.5,0.45,6
TGTTCCGAGAGTGAGA,1,0.05,0.5,0.45,6
TGTTCCGAGCGTGAGT,1,0.05,0.5,0.45,6
TGTTCCGAGGGTGTTG,8,0.05,0.5,0.45,6
TGTTCCGCACTAGTAC,3,0.05,0.5,0.45,6
TGTTCCGCACTGTCGG,1,0.05,0.5,0.45,6
TGTTCCGCAGACAAGC,3,0.05,0.5,0.45,6
TGTTCCGCATCCAACA,6,0.05,0.5,0.45,6
TGTTCCGGTAAACACA,5,0.05,0.5,0.45,6
TGTTCCGGTAGCTGCC,2,0.05,0.5,0.45,6
TGTTCCGGTCGATTGT,8,0.05,0.5,0.45,6
TGTTCCGTCGGTGTTA,7,0.05,0.5,0.45,6
TGTTCCGTCGTTGACA,1,0.05,0.5,0.45,6
TGTTCCGTCTAAGCCA,5,0.05,0.5,0.45,6
TTAACTCAGCTTATCG,1,0.05,0.5,0.45,6
TTAACTCCAAAGGTGC,6,0.05,0.5,0.45,6
TTAACTCCAACGCACC,1000,0.05,0.5,0.45,6
TTAACTCCAAGGTTTC,2,0.05,0.5,0.45,6
TTAACTCCATTAGGCT,7,0.05,0.5,0.45,6
TTAACTCGTGATAAAC,2,0.05,0.5,0.45,6
TTAACTCGTGGTTTCA,4,0.05,0.5,0.45,6
TTAACTCTCCAGAAGG,1,0.05,0.5,0.45,6
TTAACTCTCGGCGCAT,8,0.05,0.5,0.45,6
TTAACTCTCGGCTACG,8,0.05,0.5,0.45,6
TTAGGACAGATATGCA,6,0.05,0.5,0.45,6
TTAGGACAGATCTGCT,1000,0.05,0.5,0.45,6
TTAGGACCAAACCTAC,8,0.05,0.5,0.45,6
TTAGGACCAAGTTGTC,0,0.05,0.5,0.45,6
TTAGGACCACCATCCT,2,0.05,0.5,0.45,6
TTAGGACCATGCAATC,7,0.05,0.5,0.45,6
TTAGGACGTAAGTGGC,1,0.05,0.5,0.45,6
TTAGGACTCAGTCAGT,8,0.05,0.5,0.45,6
TTAGGCAAGATAGTCA,5,0.05,0.5,0.45,6
TTAGGCAAGGGAGTAA,4,0.05,0.5,0.45,6
TTAGGCAAGTTGTAGA,2,0.05,0.5,0.45,6
TTAGGCACAGACGTAG,8,0.05,0.5,0.45,6
TTAGGCACAGGCTCAC,5,0.05,0.5,0.45,6
TTAGGCAGTACCGCTG,1000,0.05,0.5,0.45,6
TTAGGCAGTTTAGCTG,8,0.05,0.5,0.45,6
TTAGGCATCATTATCC,7,0.05,0.5,0.45,6
TTAGGCATCTGCCAGG,8,0.05,0.5,0.45,6
TTAGTTCAGACGCTTT,1,0.05,0.5,0.45,6
TTAGTTCAGATGTCGG,1000,0.05,0.5,0.45,6
TTAGTTCAGCTCCCAG,0,0.05,0.5,0.45,6
TTAGTTCAGGTGTGGT,1,0.05,0.5,0.45,6
TTAGTTCAGTGACATA,4,0.05,0.5,0.45,6
TTAGTTCCACCTGGTG,1000,0.05,0.5,0.45,6
TTAGTTCCACTGCCAG,1,0.05,0.5,0.45,6
TTAGTTCGTAATCACC,8,0.05,0.5,0.45,6
TTAGTTCGTCCGTTAA,1000,0.05,0.5,0.45,6
TTAGTTCGTTCAGTAC,1,0.05,0.5,0.45,6
TTAGTTCTCACAGGCC,8,0.05,0.5,0.45,6
TTAGTTCTCAGAGGTG,3,0.05,0.5,0.45,6
TTAGTTCTCCAAATGC,1,0.05,0.5,0.45,6
TTAGTTCTCGCAAGCC,3,0.05,0.5,0.45,6
TTAGTTCTCGTAGGAG,3,0.05,0.5,0.45,6
TTAGTTCTCTTGCATT,5,0.05,0.5,0.45,6
TTATGCTAGAGGTTGC,7,0.05,0.5,0.45,6
TTATGCTAGGAACTGC,8,0.05,0.5,0.45,6
TTATGCTAGGCAGTCA,4,0.05,0.5,0.45,6
TTATGCTAGGCATTGG,2,0.05,0.5,0.45,6
TTATGCTCAAACAACA,3,0.05,0.5,0.45,6
TTATGCTCACTCGACG,6,0.05,0.5,0.45,6
TTATGCTCATCCGCGA,0,0.05,0.5,0.45,6
TTATGCTTCCGTCAAA,8,0.05,0.5,0.45,6
TTATGCTTCTTATCTG,7,0.05,0.5,0.45,6
TTATGCTTCTTCTGGC,6,0.05,0.5,0.45,6
TTCCCAGAGGTCGGAT,7,0.05,0.5,0.45,6
TTCCCAGGTAGCTTGT,0,0.05,0.5,0.45,6
TTCCCAGGTCACCCAG,6,0.05,0.5,0.45,6
TTCCCAGGTCTGCAAT,8,0.05,0.5,0.45,6
TTCCCAGTCACCTCGT,4,0.05,0.5,0.45,6
TTCCCAGTCCCTTGTG,8,0.05,0.5,0.45,6
TTCCCAGTCGGAAATA,8,0.05,0.5,0.45,6
TTCCCAGTCGTAGGTT,2,0.05,0.5,0.45,6
TTCCCAGTCTTGAGGT,6,0.05,0.5,0.45,6
TTCGAAGAGATAGTCA,4,0.05,0.5,0.45,6
TTCGAAGCAATCCAAC,8,0.05,0.5,0.45,6
TTCGAAGGTATTCTCT,7,0.05,0.5,0.45,6
TTCGAAGGTCCTCTTG,2,0.05,0.5,0.45,6
TTCGAAGTCACAAACC,7,0.05,0.5,0.45,6
TTCGGTCAGATGTGTA,1000,0.05,0.5,0.45,6
TTCGGTCAGCGCCTTG,7,0.05,0.5,0.45,6
TTCGGTCCAGATGAGC,7,0.05,0.5,0.45,6
TTCGGTCCAGTGACAG,7,0.05,0.5,0.45,6
TTCGGTCGTAAGGGAA,6,0.05,0.5,0.45,6
TTCGGTCGTAGCTTGT,3,0.05,0.5,0.45,6
TTCTACAAGAACTGTA,7,0.05,0.5,0.45,6
TTCTACAAGCGCCTCA,0,0.05,0.5,0.45,6
TTCTACAAGTCTTGCA,5,0.05,0.5,0.45,6
TTCTACACAAAGTCAA,6,0.05,0.5,0.45,6
TTCTACACAATAACGA,3,0.05,0.5,0.45,6
TTCTACACAGATCTGT,0,0.05,0.5,0.45,6
TTCTACAGTAAATGAC,1,0.05,0.5,0.45,6
TTCTACAGTAACGTTC,7,0.05,0.5,0.45,6
TTCTACAGTACATCCA,4,0.05,0.5,0.45,6
TTCTACAGTCCGTTAA,1,0.05,0.5,0.45,6
TTCTACAGTCTTTCAT,6,0.05,0.5,0.45,6
TTCTACAGTGTTCGAT,1,0.05,0.5,0.45,6
TTCTACAGTTTGGCGC,1000,0.05,0.5,0.45,6
TTCTACATCTTTACAC,4,0.05,0.5,0.45,6
TTCTCAAAGAGGGATA,5,0.05,0.5,0.45,6
TTCTCAAAGCACCGCT,8,0.05,0.5,0.45,6
TTCTCAAAGCTAGTTC,1,0.05,0.5,0.45,6
TTCTCAAAGGACAGCT,8,0.05,0.5,0.45,6
TTCTCAAAGTCCGTAT,8,0.05,0.5,0.45,6
TTCTCAAAGTTCGCGC,8,0.05,0.5,0.45,6
TTCTCAACAGCTTAAC,6,0.05,0.5,0.45,6
TTCTCAACATAGGATA,7,0.05,0.5,0.45,6
TTCTCAACATCCCACT,1,0.05,0.5,0.45,6
TTCTCAACATCCTTGC,1,0.05,0.5,0.45,6
TTCTCAAGTGTATGGG,4,0.05,0.5,0.45,6
TTCTCAATCGTAGGAG,1000,0.05,0.5,0.45,6
TTCTCCTAGCTACCGC,1000,0.05,0.5,0.45,6
TTCTCCTAGCTAGGCA,5,0.05,0.5,0.45,6
TTCTCCTAGGGCATGT,3,0.05,0.5,0.45,6
TTCTCCTAGTCCAGGA,4,0.05,0.5,0.45,6
TTCTCCTAGTCCGGTC,8,0.05,0.5,0.45,6
TTCTCCTAGTGGCACA,6,0.05,0.5,0.45,6
TTCTCCTCACGTGAGA,4,0.05,0.5,0.45,6
TTCTCCTCACTGCCAG,3,0.05,0.5,0.45,6
TTCTCCTGTGTTGAGG,1000,0.05,0.5,0.45,6
TTCTCCTGTTCCTCCA,3,0.05,0.5,0.45,6
TTCTCCTGTTGATTGC,5,0.05,0.5,0.45,6
TTCTCCTGTTTGGCGC,1,0.05,0.5,0.45,6
TTCTCCTTCATCACCC,7,0.05,0.5,0.45,6
TTCTTAGAGAAGGTGA,1,0.05,0.5,0.45,6
TTCTTAGAGCACACAG,3,0.05,0.5,0.45,6
TTCTTAGAGCTAGTTC,8,0.05,0.5,0.45,6
TTCTTAGCAAACGCGA,5,0.05,0.5,0.45,6
TTCTTAGCAAGGCTCC,2,0.05,0.5,0.45,6
TTCTTAGCACGGATAG,3,0.05,0.5,0.45,6
TTCTTAGCATGGTCTA,8,0.05,0.5,0.45,6
TTCTTAGGTACTCGCG,1000,0.05,0.5,0.45,6
TTCTTAGTCACCTCGT,4,0.05,0.5,0.45,6
TTCTTAGTCACTTCAT,5,0.05,0.5,0.45,6
TTCTTAGTCAGAAATG,1,0.05,0.5,0.45,6
TTCTTAGTCAGCGATT,5,0.05,0.5,0.45,6
TTCTTAGTCATGTAGC,1,0.05,0.5,0.45,6
TTCTTAGTCCTCATTA,7,0.05,0.5,0.45,6
TTGAACGAGCGTCTAT,2,0.05,0.5,0.45,6
TTGAACGAGGCAATTA,2,0.05,0.5,0.45,6
TTGAACGAGTTCCACA,5,0.05,0.5,0.45,6
TTGAACGCAAAGCAAT,3,0.05,0.5,0.45,6
TTGAACGCAACTGCTA,4,0.05,0.5,0.45,6
TTGAACGGTATAGGGC,1,0.05,0.5,0.45,6
TTGAACGGTCTTCTCG,5,0.05,0.5,0.45,6
TTGAACGGTGGGTATG,6,0.05,0.5,0.45,6
TTGAACGTCCCAACGG,4,0.05,0.5,0.45,6
TTGAACGTCCGTTGTC,3,0.05,0.5,0.45,6
TTGAACGTCCTGTACC,1,0.05,0.5,0.45,6
TTGAACGTCGGATGGA,8,0.05,0.5,0.45,6
TTGAACGTCTGATTCT,6,0.05,0.5,0.45,6
TTGACTTAGCGTAGTG,7,0.05,0.5,0.45,6
TTGACTTAGTCTTGCA,2,0.05,0.5,0.45,6
TTGACTTCAGGGTACA,7,0.05,0.5,0.45,6
TTGACTTCATGCTGGC,1,0.05,0.5,0.45,6
TTGACTTGTCGCGTGT,1000,0.05,0.5,0.45,6
TTGACTTGTGTGAATA,3,0.05,0.5,0.45,6
TTGACTTTCATGCATG,4,0.05,0.5,0.45,6
TTGACTTTCGCCGTGA,3,0.05,0.5,0.45,6
TTGACTTTCTGAGGGA,8,0.05,0.5,0.45,6
TTGCCGTAGGACCACA,1,0.05,0.5,0.45,6
TTGCCGTAGGCTCAGA,3,0.05,0.5,0.45,6
TTGCCGTAGGCTCTTA,6,0.05,0.5,0.45,6
TTGCCGTAGGGATGGG,1000,0.05,0.5,0.45,6
TTGCCGTAGTCGTACT,1000,0.05,0.5,0.45,6
TTGCCGTAGTGTACCT,5,0.05,0.5,0.45,6
TTGCCGTCACCTATCC,5,0.05,0.5,0.45,6
TTGCCGTCAGCTGCAC,8,0.05,0.5,0.45,6
TTGCCGTGTATTACCG,1,0.05,0.5,0.45,6
TTGCCGTGTCCGTCAG,1,0.05,0.5,0.45,6
TTGCCGTGTCGAACAG,3,0.05,0.5,0.45,6
TTGCCGTGTGACTCAT,2,0.05,0.5,0.45,6
TTGCCGTGTTATGTGC,1,0.05,0.5,0.45,6
TTGCCGTTCCATTCTA,8,0.05,0.5,0.45,6
TTGCCGTTCGCCAGCA,5,0.05,0.5,0.45,6
TTGCCGTTCGTTTAGG,7,0.05,0.5,0.45,6
TTGCCGTTCTAGCACA,6,0.05,0.5,0.45,6
TTGCGTCAGTTATCGC,7,0.05,0.5,0.45,6
TTGCGTCCAACGATGG,3,0.05,0.5,0.45,6
TTGCGTCCAATGGAAT,3,0.05,0.5,0.45,6
TTGCGTCCACCTGGTG,8,0.05,0.5,0.45,6
TTGCGTCCAGCGTTCG,1000,0.05,0.5,0.45,6
TTGCGTCGTCACAAGG,8,0.05,0.5,0.45,6
TTGCGTCGTCTAACGT,6,0.05,0.5,0.45,6
TTGCGTCTCTGTCAAG,0,0.05,0.5,0.45,6
TTGGAACAGGTAAACT,2,0.05,0.5,0.45,6
TTGGAACAGTCCAGGA,8,0.05,0.5,0.45,6
TTGGAACCAAGCGAGT,4,0.05,0.5,0.45,6
TTGGAACCAATCCAAC,8,0.05,0.5,0.45,6
TTGGAACCACATGACT,7,0.05,0.5,0.45,6
TTGGAACCATCCCACT,4,0.05,0.5,0.45,6
TTGGAACCATGCATGT,5,0.05,0.5,0.45,6
TTGGAACGTACTCAAC,8,0.05,0.5,0.45,6
TTGGAACGTGGCAAAC,5,0.05,0.5,0.45,6
TTGGAACGTTCCATGA,6,0.05,0.5,0.45,6
TTGGAACGTTTGCATG,1,0.05,0.5,0.45,6
TTGGAACTCCGAGCCA,6,0.05,0.5,0.45,6
TTGGCAAAGACAGACC,5,0.05,0.5,0.45,6
TTGGCAAAGTCGCCGT,3,0.05,0.5,0.45,6
TTGGCAAAGTGTTGAA,2,0.05,0.5,0.45,6
TTGGCAAGTTCATGGT,6,0.05,0.5,0.45,6
TTGGCAATCACAAACC,6,0.05,0.5,0.45,6
TTGGCAATCATGTCCC,7,0.05,0.5,0.45,6
TTGTAGGCAAACGTGG,6,0.05,0.5,0.45,6
TTGTAGGCAGCTCGCA,1,0.05,0.5,0.45,6
TTGTAGGGTGATGTGG,4,0.05,0.5,0.45,6
TTGTAGGTCACCCGAG,8,0.05,0.5,0.45,6
TTGTAGGTCCAAGCCG,2,0.05,0.5,0.45,6
TTTACTGAGGTCATCT,2,0.05,0.5,0.45,6
TTTACTGAGTGACATA,1,0.05,0.5,0.45,6
TTTACTGCAAGCGTAG,7,0.05,0.5,0.45,6
TTTACTGCAATCAGAA,8,0.05,0.5,0.45,6
TTTACTGCACAAGACG,5,0.05,0.5,0.45,6
TTTACTGCACACATGT,5,0.05,0.5,0.45,6
TTTACTGCATCGGAAG,4,0.05,0.5,0.45,6
TTTACTGCATGCCTTC,1000,0.05,0.5,0.45,6
TTTACTGCATGTCTCC,5,0.05,0.5,0.45,6
TTTACTGGTAGATTAG,4,0.05,0.5,0.45,6
TTTACTGGTGGGTATG,7,0.05,0.5,0.45,6
TTTACTGTCGCCTGTT,7,0.05,0.5,0.45,6
TTTATGCAGAAGGTTT,7,0.05,0.5,0.45,6
TTTATGCAGCTGTTCA,4,0.05,0.5,0.45,6
TTTATGCAGTGGAGTC,7,0.05,0.5,0.45,6
TTTATGCCAATCTGCA,1,0.05,0.5,0.45,6
TTTATGCCAATGTTGC,8,0.05,0.5,0.45,6
TTTATGCCAGTGGGAT,7,0.05,0.5,0.45,6
TTTATGCGTAGCACGA,2,0.05,0.5,0.45,6
TTTATGCTCAACGAAA,1,0.05,0.5,0.45,6
TTTCCTCAGAGGTTGC,3,0.05,0.5,0.45,6
TTTCCTCAGCCGTCGT,2,0.05,0.5,0.45,6
TTTCCTCAGCTCCTTC,6,0.05,0.5,0.45,6
TTTCCTCAGGCTAGAC,2,0.05,0.5,0.45,6
TTTCCTCAGTAGGCCA,1000,0.05,0.5,0.45,6
TTTCCTCAGTGGTAAT,5,0.05,0.5,0.45,6
TTTCCTCCAATCAGAA,7,0.05,0.5,0.45,6
TTTCCTCCATCGGAAG,3,0.05,0.5,0.45,6
TTTCCTCGTCGCCATG,4,0.05,0.5,0.45,6
TTTCCTCGTGACGGTA,8,0.05,0.5,0.45,6
TTTCCTCGTTCTCATT,5,0.05,0.5,0.45,6
TTTCCTCTCAGTTGAC,8,0.05,0.5,0.45,6
TTTCCTCTCCCTAACC,7,0.05,0.5,0.45,6
TTTCCTCTCCGCATCT,2,0.05,0.5,0.45,6
TTTCCTCTCCGTAGTA,1000,0.05,0.5,0.45,6
TTTGCGCAGCAGATCG,7,0.05,0.5,0.45,6
TTTGCGCAGCGATATA,1000,0.05,0.5,0.45,6
TTTGCGCCAACAACCT,3,0.05,0.5,0.45,6
TTTGCGCGTAAAGGAG,1,0.05,0.5,0.45,6
TTTGCGCGTATAAACG,3,0.05,0.5,0.45,6
TTTGCGCGTCACTGGC,1,0.05,0.5,0.45,6
TTTGCGCGTCGAACAG,2,0.05,0.5,0.45,6
TTTGCGCGTTGTGGAG,6,0.05,0.5,0.45,6
TTTGCGCTCGCAGGCT,1,0.05,0.5,0.45,6
TTTGCGCTCGTCCAGG,1,0.05,0.5,0.45,6
TTTGCGCTCTTAACCT,7,0.05,0.5,0.45,6
TTTGGTTAGTGAACGC,6,0.05,0.5,0.45,6
TTTGGTTCAACGCACC,1,0.05,0.5,0.45,6
TTTGGTTGTCTGCGGT,3,0.05,0.5,0.45,6
TTTGGTTTCGGTGTTA,1,0.05,0.5,0.45,6
TTTGGTTTCTCCCTGA,4,0.05,0.5,0.45,6
TTTGGTTTCTTGCCGT,4,0.05,0.5,0.45,6
TTTGTCAAGCCCGAAA,3,0.05,0.5,0.45,6
TTTGTCAAGCGTGAGT,2,0.05,0.5,0.45,6
TTTGTCAAGGACGAAA,5,0.05,0.5,0.45,6
TTTGTCAAGGCCATAG,0,0.05,0.5,0.45,6
TTTGTCAAGGTGTTAA,1,0.05,0.5,0.45,6
TTTGTCACAAAGGTGC,4,0.05,0.5,0.45,6
TTTGTCACAGTCTTCC,3,0.05,0.5,0.45,6
TTTGTCACATGACATC,1000,0.05,0.5,0.45,6
TTTGTCAGTTCGTTGA,1,0.05,0.5,0.45,6
TTTGTCATCATGCATG,3,0.05,0.5,0.45,6
TTTGTCATCCCTCAGT,4,0.05,0.5,0.45,6
TTTGTCATCCTGTACC,6,0.05,0.5,0.45,6
TTTGTCATCTGTCTAT,7,0.05,0.5,0.45,6
