cell_barcode,assignment
AAACCCAAGATCGGTG,0
AAACCCAAGGTACTGG,0
AAACCCAAGTTTCTTC,0
AAACCCACACACCTTC,0
AAACCCACAGAGATGC,1000
AAACCCACAGGTTCGC,0
AAACCCACATGGGTTT,0
AAACCCACATTCATCT,0
AAACCCACATTGTAGC,0
AAACCCAGTATGACAA,0
AAACCCAGTTCTGACA,0
AAACCCAGTTTCAGAC,0
AAACCCATCAACGTGT,0
AAACCCATCACCTCTG,3
AAACCCATCCAACCGG,0
AAACCCATCCTTACCG,0
AAACCCATCGATGCTA,0
AAACCCATCGGTAGAG,0
AAACGAAAGCCTGAGA,0
AAACGAAAGCGATCGA,1000
AAACGAACACCCAATA,0
AAACGAACACGGTGCT,0
AAACGAACATACTGAC,1000
AAACGAACATCCAACA,1000
AAACGAACATCCAATG,1000
AAACGAAGTAGCTGTT,0
AAACGAAGTCGATTAC,0
AAACGAAGTGTACATC,0
AAACGAAGTTCTCAGA,1
AAACGAATCACCGACG,1000
AAACGAATCAGGTAAA,2
AAACGAATCCTTCTTC,0
AAACGAATCGAAATCC,0
AAACGAATCTCCAATT,0
AAACGAATCTCCGTGT,0
AAACGCTAGCAGCACA,0
AAACGCTAGTATCTGC,0
AAACGCTAGTGATGGC,0
AAACGCTCAAGTCGTT,3
AAACGCTCAGAGCCCT,1
AAACGCTGTCTTCGAA,0
AAACGCTGTTAGCGGA,0
AAACGCTTCATGTCAG,0
AAACGCTTCTAGCAAC,0
AAACGCTTCTTCACAT,0
AAACGCTTCTTTCCAA,0
AAAGAACAGATAGGGA,0
AAAGAACAGATTACCC,1
AAAGAACAGCAACTTC,1000
AAAGAACAGGGAACAA,0
AAAGAACAGGTTATAG,0
AAAGAACCATTGCTGA,0
AAAGAACGTCACAATC,1000
AAAGAACGTCACCTTC,0
AAAGAACGTCTGCAAT,0
AAAGAACGTGAACGGT,1000
AAAGAACGTTCAAGTC,0
AAAGAACGTTGTGCCG,0
AAAGAACGTTGTGGAG,0
AAAGAACGTTTCGTTT,0
AAAGAACTCCTCGATC,1000
AAAGAACTCGCAAGAG,2
AAAGAACTCTCGCTCA,0
AAAGGATAGACGCTCC,0
AAAGGATAGAGCTGCA,1000
AAAGGATAGCTACTAC,0
AAAGGATAGGAGCAAA,1000
AAAGGATAGGTCATAA,0
AAAGGATAGTGCACCC,0
AAAGGATCAAACTGCT,0
AAAGGATCACCAGACC,1000
AAAGGATCACCATATG,0
AAAGGATCAGGCGAAT,2
AAAGGATGTACGGCAA,2
AAAGGATGTGATTCAC,2
AAAGGATGTGCGTTTA,0
AAAGGATGTTAGGAGC,0
AAAGGATGTTATGGTC,0
AAAGGATTCATTGTTC,0
AAAGGATTCGTGCACG,3
AAAGGGCAGCCATATC,0
AAAGGGCAGTGATTCC,0
AAAGGGCAGTGGAAAG,2
AAAGGGCCAAGGTACG,3
AAAGGGCCAGTGTACT,0
AAAGGGCGTCAACGCC,0
AAAGGGCGTCATCGGC,0
AAAGGGCGTCCTGGTG,0
AAAGGGCGTCTGTCAA,0
AAAGGGCGTGTGTTTG,0
AAAGGGCTCAAGCTTG,0
AAAGGGCTCCTATTTG,0
AAAGGGCTCGGTTCAA,0
AAAGGGCTCGTAGTGT,0
AAAGGGCTCGTCACCT,0
AAAGGTAAGACACACG,0
AAAGGTAAGCAAATCA,0
AAAGGTAAGCTGAGCA,1000
AAAGGTAAGGCGAAGG,0
AAAGGTAAGGTCCCGT,0
AAAGGTAAGTCACTAC,1
AAAGGTACAAGTTCCA,0
AAAGGTACATGGACAG,2
AAAGGTAGTAATCAGA,0
AAAGGTAGTCACTACA,0
AAAGGTAGTGGGACAT,0
AAAGGTAGTGTACGCC,0
AAAGGTAGTTCTCCAC,0
AAAGGTATCAAAGAAC,0
AAAGGTATCGCATTAG,3
AAAGTCCAGAGGTCAC,0
AAAGTCCAGCAGCCTC,2
AAAGTCCAGCGCACAA,2
AAAGTCCAGGCACGAT,0
AAAGTCCAGGGTATAT,0
AAAGTCCAGTATGAAC,0
AAAGTCCAGTCCCGGT,0
AAAGTCCCATCATCCC,0
AAAGTCCGTAGGTTTC,2
AAAGTCCGTATGCTTG,0
AAAGTCCGTTTCACTT,0
AAAGTCCTCAAATAGG,1000
AAAGTCCTCCACAGGC,0
AAAGTCCTCGTGCGAC,2
AAAGTCCTCTAGCCAA,0
AAAGTCCTCTCTGGTC,2
AAAGTGAAGATGCTGG,1000
AAAGTGAAGCAATTAG,0
AAAGTGAAGCATCAGG,0
AAAGTGAAGCTGAAGC,0
AAAGTGAAGGAGAGGC,2
AAAGTGAAGGCCTAAG,0
AAAGTGAAGTGCACAG,0
AAAGTGAAGTGGTTCT,0
AAAGTGACACAGTATC,0
AAAGTGACACTTGACA,3
AAAGTGACATTCTGTT,0
AAAGTGAGTAGGCAGT,0
AAAGTGAGTATTTCGG,0
AAAGTGAGTCCAATCA,0
AAAGTGAGTGGAACAC,0
AAAGTGAGTGTTGATC,0
AAAGTGAGTTGGGTAG,2
AAAGTGAGTTGTCCCT,1000
AAAGTGATCACTCACC,0
AAAGTGATCGAGAGCA,3
AAATGGAAGACTCATC,0
AAATGGAAGCGCTGAA,0
AAATGGAAGGTAGTAT,1000
AAATGGAAGGTCTACT,0
AAATGGACAATTCTCT,1000
AAATGGACACGAGGTA,1
AAATGGACAGGGTCTC,1000
AAATGGACAGTCGCTG,0
AAATGGACATCATTTC,0
AAATGGAGTAGTACGG,0
AAATGGAGTCTCACGG,2
AAATGGAGTGCAGGAT,0
AAATGGAGTGTTAAAG,3
AAATGGAGTTAAGGGC,2
AAATGGAGTTCCGCTT,2
AAATGGAGTTGCTCCT,1
AAATGGAGTTTACTGG,1
AAATGGATCCCTCTCC,0
AAATGGATCCTGGTCT,0
AAATGGATCGGTATGT,0
AAATGGATCTTCACAT,0
AACAAAGAGACAGCGT,0
AACAAAGAGCCGTTAT,0
AACAAAGAGGCATCTT,0
AACAAAGCAGAGAAAG,3
AACAAAGCAGGCCCTA,0
AACAAAGCAGTTGTCA,3
AACAAAGCATTCACAG,0
AACAAAGGTAACATGA,0
AACAAAGGTACTTCCC,0
AACAAAGGTGCATCTA,0
AACAAAGGTTAAGCAA,0
AACAAAGGTTCGGCCA,0
AACAAAGGTTTACGAC,0
AACAAAGGTTTGGGTT,3
AACAAAGTCTCTAAGG,3
AACAACCAGAAGCGGG,0
AACAACCAGAAGCTCG,2
AACAACCAGACATAGT,0
AACAACCAGCGCTGAA,0
AACAACCAGGGTCACA,0
AACAACCAGGTCCTGC,0
AACAACCAGGTTGTTC,2
AACAACCAGTCTCGTA,0
AACAACCCAATCCTAG,0
AACAACCCAATGAAAC,2
AACAACCCACACGGAA,1000
AACAACCCACTAGTAC,0
AACAACCCAGTCCGTG,0
AACAACCCATACCGTA,0
AACAACCCATCGTGGC,0
AACAACCCATTAAGCC,1000
AACAACCCATTGAGGG,0
AACAACCGTAGCTAAA,2
AACAACCGTCGTCATA,3
AACAACCGTGGTACAG,3
AACAACCGTTAACAGA,0
AACAACCTCGAGATAA,0
AACAACCTCGCTCATC,0
AACAACCTCGTGTTCC,0
AACAACCTCTACAGGT,0
AACAACCTCTCCAAGA,0
AACAAGAAGACCATGG,0
AACAAGAAGAGTGTTA,0
AACAAGAAGTATGGAT,0
AACAAGAAGTGTAGAT,1000
AACAAGACAACAGTGG,0
AACAAGACAGTCAGAG,0
AACAAGAGTGCCAAGA,0
AACAAGAGTGCCTAAT,0
AACAAGATCACCTACC,0
AACAAGATCACTGATG,0
AACAAGATCAGCTGTA,0
AACAAGATCCTAGAGT,1000
AACAAGATCCTATTTG,1
AACAAGATCGCTGTCT,0
AACAAGATCTGCTGAA,0
AACACACAGCGTGCCT,0
AACACACAGCTGACAG,0
AACACACAGGCACAAC,0
AACACACAGGTCGTGA,0
AACACACCAAATCAGA,1000
AACACACCAAGAGTGC,0
AACACACCAAGATGGC,0
AACACACCACCTGCGA,0
AACACACCACGGTCTG,0
AACACACGTAGGGTAC,0
AACACACTCGCCTTTG,0
AACAGGGAGACATCCT,3
AACAGGGAGACCATAA,0
AACAGGGAGCAAGCCA,0
AACAGGGAGGCCGCTT,0
AACAGGGCACAAACGG,0
AACAGGGCACCGTCTT,0
AACAGGGCATCGTGGC,0
AACAGGGGTGGTTCTA,0
AACAGGGTCATTCCTA,1000
AACAGGGTCCACGGAC,1000
AACAGGGTCCGGTTCT,0
AACAGGGTCGGTCGGT,0
AACAGGGTCGTTTACT,0
AACAGGGTCTCGGGAC,0
AACCAACAGACTCGAG,3
AACCAACAGGAAAGAC,0
AACCAACCAATCACGT,0
AACCAACCAGCCATTA,0
AACCAACCATTCACCC,3
AACCAACGTACTCGTA,0
AACCAACGTAGGATAT,1000
AACCAACGTCCCTAAA,0
AACCAACGTCGGATTT,0
AACCAACGTTTGTTGG,2
AACCAACTCACCCTCA,0
AACCAACTCATGCCGG,0
AACCAACTCCTAGCCT,0
AACCAACTCGCTGTTC,0
AACCAACTCGGTCACG,1
AACCAACTCTGAGTCA,0
AACCACAAGCAATTCC,0
AACCACAAGTACAACA,0
AACCACACACGGTAGA,0
AACCACACACGGTGTC,0
AACCACACAGGAATCG,1000
AACCACAGTGGCGCTT,1
AACCACATCACCGGTG,1000
AACCACATCCACGTCT,0
AACCACATCCTGATAG,2
AACCACATCGTAGTCA,0
AACCACATCTCACGAA,3
AACCACATCTTTGCTA,0
AACCATGAGCCTCAAT,0
AACCATGAGTAATCCC,0
AACCATGCAAAGACTA,0
AACCATGCAAATCAGA,0
AACCATGCAAGCCATT,1000
AACCATGCAAGCGAAC,0
AACCATGCAATCTGCA,0
AACCATGCACGCGGTT,1
AACCATGGTCCGGATC,1
AACCATGGTTCGGCGT,1
AACCATGTCAACCGAT,0
AACCATGTCAAGCCAT,1
AACCATGTCCGGCAAC,0
AACCATGTCCTTTAGT,0
AACCATGTCTAGATCG,0
AACCCAAAGAGAAGGT,0
AACCCAAAGCATGTTC,0
AACCCAAAGCATTTCG,0
AACCCAAAGCCACTCG,0
AACCCAAAGCCTCCAG,0
AACCCAAAGCTAAATG,0
AACCCAAAGGCAGGTT,3
AACCCAAAGGCCATAG,0
AACCCAACAATGTTGC,0
AACCCAACACGGTCTG,0
AACCCAACACTACGGC,0
AACCCAAGTACGAGCA,1000
AACCCAAGTACTCCCT,0
AACCCAAGTATAGGAT,0
AACCCAAGTATGTGTC,1
AACCCAAGTATTCTCT,0
AACCCAAGTCAAAGAT,0
AACCCAAGTCCACATA,0
AACCCAAGTCCACGCA,1000
AACCCAAGTGGATCAG,0
AACCCAATCACTTTGT,0
AACCCAATCGAGTACT,0
AACCTGAAGCGAGTCA,1000
AACCTGAAGGTACAAT,1000
AACCTGACAAGCGCTC,2
AACCTGACACTGGCCA,0
AACCTGACAGCGACAA,0
AACCTGACAGCTTTCC,0
AACCTGAGTAAGCGGT,1000
AACCTGAGTCTTACAG,3
AACCTGAGTGAGATCG,1000
AACCTGAGTGAGTAAT,0
AACCTGAGTTTAGTCG,2
AACCTGAGTTTATGCG,1
AACCTTTAGATTGATG,2
AACCTTTAGTGGTGGT,0
AACCTTTCATTGAAAG,0
AACCTTTGTGACACGA,1000
AACCTTTGTTTGTTGG,0
AACCTTTTCCCGAGTG,0
AACCTTTTCCCGTGTT,0
AACCTTTTCGACGATT,0
AACGAAAAGAGCAGCT,1000
AACGAAAAGAGGCCAT,0
AACGAAAAGATACTGA,0
AACGAAAAGCCTGCCA,0
AACGAAAAGCTGTACT,0
AACGAAAAGGTAAGTT,1000
AACGAAAAGTTTGAGA,3
AACGAAACAAGGCTTT,0
AACGAAACAATTCGTG,0
AACGAAACACTAGAGG,0
AACGAAAGTGAGTAAT,0
AACGAAAGTGGTCAAG,3
AACGAAATCTCGACGG,0
AACGGGAAGAGCCGAT,1
AACGGGAAGGTAGCAC,0
AACGGGAAGTCCCAGC,0
AACGGGAAGTGCAAAT,0
AACGGGAAGTGGTTAA,0
AACGGGACAACTGCCG,0
AACGGGACACCTAAAC,0
AACGGGACAGGTTTAC,0
AACGGGAGTACCACGC,1000
AACGGGAGTATGCTTG,0
AACGGGAGTGACAGGT,0
AACGGGAGTGTTCCAA,0
AACGGGAGTTCATCGA,0
AACGGGAGTTGTCATG,0
AACGGGATCATCCTAT,0
AACGGGATCCAATGCA,0
AACGGGATCGAACTCA,0
AACGGGATCTATCGGA,0
AACGGGATCTGCATAG,0
AACGGGATCTGCCTCA,1000
AACGTCAAGAATCCCT,1
AACGTCAAGAGTCTGG,0
AACGTCAAGTGCGACA,0
AACGTCACACCCTGAG,0
AACGTCACACCTTCCA,0
AACGTCACACGCTGTG,0
AACGTCACAGCTGCCA,0
AACGTCACATGAATCC,0
AACGTCAGTAACCAGG,3
AACGTCAGTAATTGGA,0
AACGTCAGTCGCACGT,0
AACGTCAGTCGTGGAA,0
AACGTCAGTGACACAG,0
AACGTCAGTGGTCTCG,0
AACGTCATCACATTGG,1000
AACGTCATCACCGACG,0
AACGTCATCCGAGATT,1
AACGTCATCGAGTTGT,3
AACGTCATCTCTTCAA,3
AACGTCATCTGATTCT,0
AACTTCTAGACCATTC,1000
AACTTCTAGATCCCAT,2
AACTTCTCAATGCTCA,0
AACTTCTCAGCGAGTA,0
AACTTCTCAGGCATGA,0
AACTTCTCAGGTCAGA,0
AACTTCTCATCAGCGC,2
AACTTCTCATCTCCCA,0
AACTTCTCATGGTACT,0
AACTTCTGTAAGGCCA,0
AACTTCTGTTACGGAG,0
AACTTCTTCAGTAGGG,1
AACTTCTTCATCACCC,0
AACTTCTTCGACGCGT,0
AACTTCTTCGAGTCTA,0
AACTTCTTCTCGGTAA,0
AACTTCTTCTGGGCCA,0
AAGAACAAGTAGTCAA,0
AAGAACACACACACTA,1000
AAGAACACACGCGCAT,0
AAGAACACAGAACTAA,1000
AAGAACACAGGCGTTC,2
AAGAACACATGGCGCT,0
AAGAACAGTTCCGCAG,0
AAGAACAGTTGACGGA,0
AAGAACAGTTGGACTT,0
AAGAACATCATCTCTA,0
AAGAACATCATGAGGG,1000
AAGAACATCCTGTTGC,0
AAGAACATCGACTCCT,0
AAGAACATCGTCGATA,0
AAGACAAAGCTTCGTA,0
AAGACAAAGGAGAGGC,0
AAGACAAAGGTAAAGG,0
AAGACAAAGTTAGAAC,0
AAGACAACAAAGTATG,0
AAGACAACAACAACAA,3
AAGACAACACCTGATA,0
AAGACAACATCTCCCA,0
AAGACAAGTCGCTGCA,0
AAGACAATCAAGCGTT,1000
AAGACAATCATTATCC,0
AAGACAATCGGAATGG,3
AAGACTCAGTATTCCG,1
AAGACTCCAAGTATCC,0
AAGACTCCACGAAAGC,0
AAGACTCCACGGTAGA,0
AAGACTCCAGAGGACT,1
AAGACTCCAGGCGATA,2
AAGACTCGTGCCCACA,1
AAGACTCGTGGGAGAG,1000
AAGACTCGTGGGCTTC,0
AAGACTCGTTTCGTTT,0
AAGACTCTCCTGGCTT,0
AAGACTCTCTTAGCAG,0
AAGATAGAGGTAAACT,0
AAGATAGCAAAGGGTC,0
AAGATAGCACAATCTG,0
AAGATAGCACCCGTAG,0
AAGATAGCAGAACGCA,0
AAGATAGCAGACCCGT,0
AAGATAGCAGCTCCTT,0
AAGATAGCAGGTCTCG,1
AAGATAGCAGGTTCAT,0
AAGATAGCATGACCCG,2
AAGATAGGTCGCCTAG,1000
AAGATAGGTCTAATCG,0
AAGATAGTCATCACTT,0
AAGATAGTCATGCCCT,0
AAGATAGTCGCATAGT,0
AAGATAGTCTACTGCC,0
AAGCATCAGCAGTAAT,0
AAGCATCAGTTTAGGA,0
AAGCATCAGTTTGGCT,0
AAGCATCCAACCGTAT,3
AAGCATCCACTGAGGA,0
AAGCATCCACTGAGTT,1000
AAGCATCGTACCTAAC,0
AAGCATCGTGCAATAA,0
AAGCATCTCAAATGCC,0
AAGCATCTCCAAAGGG,2
AAGCATCTCGTGCGAC,3
AAGCATCTCTCCGCAT,0
AAGCATCTCTGCTTTA,0
AAGCCATAGCAGTCTT,0
AAGCCATAGCATGCAG,1000
AAGCCATAGCCTGAGA,0
AAGCCATCAAATCAGA,1000
AAGCCATCACATGTTG,0
AAGCCATCAGACCGCT,1000
AAGCCATCATAGCTGT,0
AAGCCATCATATAGCC,3
AAGCCATGTCCCTCAT,0
AAGCCATGTTAGCGGA,0
AAGCCATTCCGTTGGG,0
AAGCCATTCCTTCACG,0
AAGCCATTCGTCCTTG,0
AAGCGAGAGACCATTC,0
AAGCGAGAGCGAGAAA,0
AAGCGAGAGGGTATAT,0
AAGCGAGAGGTAGGCT,1000
AAGCGAGAGTATAGGT,0
AAGCGAGCACTTCTCG,0
AAGCGAGCAGATCATC,3
AAGCGAGGTAACTTCG,0
AAGCGAGGTACTGAGG,1000
AAGCGAGGTCTTGGTA,2
AAGCGAGGTGGACAGT,0
AAGCGAGGTGGATACG,0
AAGCGAGGTGTGATGG,3
AAGCGAGTCCACGTCT,0
AAGCGTTAGTAAATGC,1000
AAGCGTTCAGAAACCG,1
AAGCGTTCAGCGTAGA,0
AAGCGTTCATCCGAAT,1000
AAGCGTTCATGGAAGC,1000
AAGCGTTGTACCCACG,1
AAGCGTTGTCCTTGTC,0
AAGCGTTGTGCCGGTT,0
AAGCGTTGTGGTATGG,1000
AAGCGTTTCAAACGAA,0
AAGCGTTTCCTCTGCA,3
AAGGAATAGAAGTATC,0
AAGGAATAGAGTGAAG,0
AAGGAATAGATTGACA,0
AAGGAATAGCGGGTAT,0
AAGGAATAGGTCCCTG,0
AAGGAATCAATGCAAA,0
AAGGAATCACGGTGAA,0
AAGGAATCAGCTAACT,3
AAGGAATCATCCTGTC,1000
AAGGAATCATGGGCAA,0
AAGGAATGTACAAAGT,0
AAGGAATGTATCGTAC,0
AAGGAATTCTGGGATT,1000
AAGGTAAAGATGAACT,0
AAGGTAAAGCCGATCC,0
AAGGTAAAGGTTAAAC,0
AAGGTAAAGTCGAGGT,0
AAGGTAACAATCGCGC,0
AAGGTAACACCCAATA,0
AAGGTAACAGCCTATA,0
AAGGTAACAGCGTATT,0
AAGGTAACAGCTCGGT,1000
AAGGTAAGTAAGGTCG,0
AAGGTAAGTAGTCGGA,0
AAGGTAAGTATACCTG,0
AAGGTAAGTCGGCACT,2
AAGGTAAGTGGACCTC,1
AAGGTAAGTTAGCGGA,1
AAGGTAATCAAATGCC,1000
AAGGTAATCCACGTCT,0
AAGGTAATCCGGTAGC,3
AAGGTAATCGGCATCG,3
AAGGTAATCTAGATCG,0
AAGTACCAGAAGGTAG,0
AAGTACCAGTGCTACT,0
AAGTACCCACGCACCA,0
AAGTACCCATGATCTG,0
AAGTACCGTACCAGAG,2
AAGTACCGTCGTATGT,1000
AAGTACCGTCTGTCAA,1000
AAGTCGTAGAAGCGAA,1000
AAGTCGTAGCTACAAA,1000
AAGTCGTAGCTGTACT,0
AAGTCGTAGCTTTCTT,1000
AAGTCGTAGGGCGAAG,0
AAGTCGTCACCTGTCT,2
AAGTCGTCACGACAGA,2
AAGTCGTCAGATTAAG,0
AAGTCGTCATAAGCAA,0
AAGTCGTGTCCCTAAA,0
AAGTCGTGTCTGATCA,3
AAGTCGTTCCTCGCAT,0
AAGTCGTTCGCCGAAC,0
AAGTCGTTCGGATTAC,0
AAGTCGTTCTGGCCTT,3
AAGTGAAAGATTACCC,0
AAGTGAAAGTCAGCCC,0
AAGTGAACAATCACGT,0
AAGTGAACACTTCATT,3
AAGTGAACATTGCTGA,0
AAGTGAAGTACACGCC,0
AAGTGAAGTCTGCGCA,0
AAGTGAAGTTAGGCCC,0
AAGTGAATCGACACTA,0
AAGTGAATCTACTGAG,0
AAGTGAATCTTGCAAG,2
AAGTTCGAGAGAATCT,1
AAGTTCGAGATGGGCT,2
AAGTTCGAGCCGTTGC,3
AAGTTCGAGCGCACAA,0
AAGTTCGCAGCACAGA,0
AAGTTCGCAGCATTGT,1000
AAGTTCGCAGTCCCGA,0
AAGTTCGCATGACGTT,0
AAGTTCGCATGGATCT,0
AAGTTCGGTATCGAAA,0
AAGTTCGGTGATACCT,2
AAGTTCGGTGGAAGTC,0
AAGTTCGTCCCAGTGG,0
AAGTTCGTCCCTCTCC,3
AAGTTCGTCCTTCTTC,0
AAGTTCGTCGCACGGT,0
AAGTTCGTCGTACACA,0
AATAGAGAGCAATAAC,0
AATAGAGCACTGATTG,0
AATAGAGGTTCCGCGA,0
AATAGAGTCAAACGAA,0
AATAGAGTCAAAGCCT,3
AATAGAGTCCGATAGT,0
AATAGAGTCCTGGTCT,0
AATAGAGTCGCCTATC,0
AATAGAGTCGTGACTA,0
AATAGAGTCTTCTCAA,1
AATCACGAGAATCTAG,3
AATCACGAGACGCCAA,0
AATCACGAGATGTTAG,0
AATCACGAGCAGCCCT,1000
AATCACGAGCGCAATG,1000
AATCACGAGGCCTTCG,2
AATCACGAGGCTCTCG,0
AATCACGCAATTCTTC,1000
AATCACGCACTTCAGA,0
AATCACGCATAATCGC,3
AATCACGCATACGCAT,0
AATCACGGTGGAACCA,0
AATCACGTCATTTGGG,0
AATCACGTCGCTGATA,0
AATCACGTCTGTCGTC,0
AATCGACAGCTACTGT,0
AATCGACAGTCGAGGT,1
AATCGACAGTTGCCCG,0
AATCGACCAAGCTACT,1000
AATCGACGTACCTGTA,0
AATCGACGTTAAGTCC,0
AATCGACGTTGACTAC,0
AATCGACGTTTCACAG,3
AATCGACGTTTGGGAG,0
AATCGACTCTAGCATG,1000
AATCGACTCTTCTCAA,0
AATCGACTCTTGGGCG,0
AATCGTGAGCTACAAA,0
AATCGTGAGGACACTG,0
AATCGTGAGTCCGTCG,1000
AATCGTGAGTGGCGAT,0
AATCGTGCAATTGAGA,0
AATCGTGCACCAGCCA,0
AATCGTGCAGAGGACT,3
AATCGTGGTAACTTCG,1
AATCGTGGTACGTACT,0
AATCGTGGTACTCCCT,3
AATCGTGGTAGTCGGA,1
AATCGTGGTATCTCTT,0
AATCGTGGTCAGCGTC,0
AATCGTGGTTCGAGCC,0
AATCGTGGTTCGTAAC,3
AATCGTGGTTGCGGAA,0
AATCGTGTCGCTTACC,0
AATCGTGTCTACCCAC,0
AATCGTGTCTCCCAAC,0
AATGAAGAGCAACCAG,0
AATGAAGAGCATATGA,0
AATGAAGAGCTGAGCA,1000
AATGAAGAGGTGGTTG,1
AATGAAGAGGTTACAA,3
AATGAAGAGTTGGAGC,0
AATGAAGCAAGGAGTC,0
AATGAAGCACAGTACT,0
AATGAAGCACAGTCGC,0
AATGAAGCACGTCGGT,0
AATGAAGCAGCGTGCT,1000
AATGAAGCAGTGTGGA,0
AATGAAGCATAGGAGC,0
AATGAAGCATTGAAAG,0
AATGAAGGTATGCTTG,2
AATGAAGGTCAGACGA,0
AATGAAGGTGAGATCG,0
AATGAAGTCAGCCCAG,0
AATGAAGTCCTGTAAG,1000
AATGAAGTCTTTCCAA,2
AATGACCAGACTCGAG,0
AATGACCAGACTGGGT,1
AATGACCAGATCCAAA,2
AATGACCAGATTGAGT,0
AATGACCAGCCTAGGA,0
AATGACCAGGCCCGTT,0
AATGACCAGGCCTAGA,2
AATGACCAGTTCCGTA,0
AATGACCCAGGAACCA,0
AATGACCCAGTGACCC,0
AATGACCCATGCCGAC,0
AATGACCGTGCAACGA,0
AATGACCGTGTTACTG,0
AATGACCGTGTTCCTC,1000
AATGACCGTTCAAGGG,0
AATGACCTCAAGCTGT,1000
AATGACCTCCTAAGTG,0
AATGACCTCCTAGAGT,0
AATGACCTCGGTCAGC,0
AATGACCTCTTTGGAG,2
AATGCCAAGAATTGTG,0
AATGCCAAGCCAAGCA,3
AATGCCAAGTACGTCT,0
AATGCCACAACAACAA,0
AATGCCACAATTCTCT,0
AATGCCACACACAGCC,0
AATGCCAGTGCTTCAA,0
AATGCCAGTGTTTGCA,1000
AATGCCATCCAAGCCG,2
AATGCCATCCGAGCTG,2
AATGCCATCGCTACAA,0
AATGCCATCGGAAACG,0
AATGCCATCTTCGTGC,3
AATGGAAAGCACACCC,0
AATGGAAAGGTTCTTG,2
AATGGAAAGTTGCCTA,2
AATGGAACAAGTACCT,0
AATGGAACAGCATCTA,0
AATGGAAGTGTGCTTA,0
AATGGAATCAACACGT,0
AATGGAATCACTTGGA,0
AATGGAATCGACGAGA,0
AATGGAATCGTAGCTA,0
AATGGAATCGTTGTTT,0
AATGGAATCTACGCAA,1000
AATGGCTAGCACTGGA,0
AATGGCTAGCGTTACT,0
AATGGCTAGCTCCGAC,0
AATGGCTAGCTGTACT,0
AATGGCTAGCTTCGTA,3
AATGGCTAGGCTTCCG,0
AATGGCTAGGGTGAAA,0
AATGGCTAGTTTAGGA,0
AATGGCTCAATGCAGG,1
AATGGCTCACCTGCTT,0
AATGGCTCACTGCGTG,0
AATGGCTCAGAGAAAG,0
AATGGCTCAGAGAGGG,0
AATGGCTCATTCACCC,0
AATGGCTGTACCCAGC,1000
AATGGCTGTACCTGTA,0
AATGGCTGTTCGGCCA,0
AATGGCTGTTCTCCCA,0
AATGGCTGTTGATGTC,0
AATGGCTTCATATGGC,0
AATGGCTTCGCGCCAA,0
AATGGCTTCTCTGACC,0
AATGGCTTCTGCTAGA,0
AATGGCTTCTTTGATC,0
AATTCCTAGATTGAGT,0
AATTCCTCACAAGTTC,0
AATTCCTCATCACAGT,3
AATTCCTGTACGTGAG,0
AATTCCTGTATGAGCG,0
AATTCCTGTGAAAGTT,0
AATTCCTGTTGTTGAC,0
AATTCCTTCCAAATGC,3
AATTCCTTCCATCCGT,0
AATTCCTTCGATAACC,0
AATTCCTTCTTCCTAA,1
AATTTCCAGACCATGG,0
AATTTCCAGCACCGAA,2
AATTTCCAGCAGGCAT,0
AATTTCCAGTTCACTG,0
AATTTCCCACAAGCAG,0
AATTTCCCACTTCAAG,0
AATTTCCGTAACTAAG,0
AATTTCCGTACAGTTC,2
AATTTCCGTAGGTAGC,0
AATTTCCGTCGATTCA,2
AATTTCCGTTTCGCTC,0
AATTTCCTCCTAAACG,0
AATTTCCTCGACGCTG,0
ACAAAGAAGGATACCG,0
ACAAAGAAGGTGGCTA,0
ACAAAGACAACTCGTA,0
ACAAAGACACTGAGTT,0
ACAAAGACATGGCCAC,0
ACAAAGAGTCACCACG,2
ACAAAGAGTCATCACA,0
ACAAAGAGTTACGCCG,1000
ACAAAGATCACCTCAC,0
ACAAAGATCAGCATTG,0
ACAAAGATCATGGATC,0
ACAAAGATCCTTTGAT,1000
ACAAAGATCGATACTG,0
ACAAAGATCGGCTTGG,0
ACAAAGATCGTTCTGC,0
ACAACCAAGATGGCGT,0
ACAACCACAAGAGAGA,1000
ACAACCACAAGGGTCA,0
ACAACCACACTCTGCT,0
ACAACCACAGCGGTCT,0
ACAACCACAGGACTTT,0
ACAACCAGTACAAGTA,2
ACAACCAGTCCACACG,0
ACAACCAGTCCTCATC,1000
ACAACCAGTCGCAACC,0
ACAACCAGTGCGGATA,2
ACAACCAGTGTTATCG,0
ACAACCAGTTGAGGAC,1
ACAACCATCGAGCACC,1
ACAAGCTAGCCTTTGA,1000
ACAAGCTAGCTCGCAC,0
ACAAGCTAGCTGCCTG,0
ACAAGCTAGTTTCGGT,0
ACAAGCTCAACAGTGG,2
ACAAGCTCACCATAAC,0
ACAAGCTCACGAAGAC,0
ACAAGCTCAGTCTTCC,0
ACAAGCTGTCTCTCTG,0
ACAAGCTGTGAGATCG,0
ACAAGCTGTTTCCATT,0
ACAAGCTTCCTATTTG,1000
ACAAGCTTCGCGTCGA,2
ACACAGTAGAAACTAC,0
ACACAGTAGATGAATC,1000
ACACAGTAGCGCGTTC,0
ACACAGTAGCTCATAC,0
ACACAGTAGTATGGCG,0
ACACAGTCACTAGGTT,0
ACACAGTCAGAGGAAA,0
ACACAGTCATGAAGCG,0
ACACAGTGTAGGCAAC,0
ACACAGTGTAGGGAGG,0
ACACAGTGTGACACGA,0
ACACAGTTCAGATTGC,0
ACACAGTTCAGGAAGC,1000
ACACAGTTCCCTTGGT,1000
ACACAGTTCGCCAGTG,3
ACACCAAAGACGCTCC,0
ACACCAAAGAGTTGCG,0
ACACCAAAGCGCCATC,0
ACACCAAAGGTCATCT,1000
ACACCAAAGGTTCATC,0
ACACCAACAATTCTCT,1000
ACACCAACACAATGCT,1000
ACACCAACAGTTGCGC,1000
ACACCAACATGGTGGA,0
ACACCAAGTACTCCGG,0
ACACCAAGTATCGAGG,0
ACACCAAGTCACTTCC,1000
ACACCAAGTCTGATCA,0
ACACCAAGTGCCAAGA,0
ACACCAAGTGCTGTCG,0
ACACCAAGTGTCGCTG,0
ACACCAAGTGTGTGTT,0
ACACCAAGTTCAGGTT,0
ACACCAATCAGGAACG,0
ACACCAATCATCGACA,0
ACACCAATCCTATTGT,0
ACACCAATCTGCATAG,0
ACACGCGAGACGACTG,0
ACACGCGAGTAATACG,0
ACACGCGCAACTCCAA,0
ACACGCGCACAGTCGC,1000
ACACGCGGTAACGGTG,0
ACACGCGGTATGGAAT,0
ACACGCGGTTTCGACA,0
ACACGCGTCAGAATAG,3
ACACTGAAGCAGAAAG,1000
ACACTGAAGTTACGTC,0
ACACTGACACAGACGA,0
ACACTGACACAGTCAT,0
ACACTGACAGATCACT,0
ACACTGACAGCGACCT,0
ACACTGAGTAAGGCTG,0
ACACTGAGTACATACC,0
ACACTGAGTCTATGAC,0
ACACTGAGTGGGTATG,0
ACACTGAGTTGCCATA,0
ACAGAAAAGAGAGCAA,0
ACAGAAAAGATGCTTC,0
ACAGAAAAGATGTTGA,1000
ACAGAAAAGCATAGGC,0
ACAGAAAAGTAGACCG,0
ACAGAAACAAAGCACG,0
ACAGAAACAGAAGTTA,0
ACAGAAACAGACGGAT,0
ACAGAAAGTCTGTGGC,2
ACAGAAAGTGGATACG,0
ACAGAAAGTTGGATCT,0
ACAGAAATCACCGGTG,0
ACAGAAATCCCGAAAT,0
ACAGAAATCCCGTTGT,0
ACAGAAATCGCTAGCG,1000
ACAGAAATCTGTGCGG,1000
ACAGAAATCTTGGTGA,1000
ACAGCCGAGCAAGGAA,0
ACAGCCGAGCCTAGGA,0
ACAGCCGAGCTTTCCC,3
ACAGCCGAGGTACATA,0
ACAGCCGCACGCTATA,0
ACAGCCGGTAACGTTC,0
ACAGCCGGTACGATTC,1000
ACAGCCGGTCTACATG,3
ACAGCCGGTGGAACCA,0
ACAGCCGGTGTCTTCC,0
ACAGCCGGTTCTCCTG,0
ACAGCCGTCAACGAGG,0
ACAGCCGTCAGACCCG,0
ACAGCCGTCTGTGCGG,0
ACAGGGAAGAAACCCG,0
ACAGGGACAAGTGATA,0
ACAGGGACATGGCACC,0
ACAGGGAGTAGTCTGT,0
ACAGGGAGTCACTAGT,2
ACAGGGAGTTAGGGAC,0
ACAGGGAGTTTGTGGT,0
ACAGGGATCATAAGGA,0
ACAGGGATCATGGGAG,0
ACAGGGATCGTCCTTG,1000
ACAGGGATCTATACGG,0
ACAGGGATCTGTAACG,0
ACATCCCAGATTAGAC,3
ACATCCCAGCAGCCTC,1000
ACATCCCAGCCTCAGC,0
ACATCCCAGTCCCTAA,0
ACATCCCCACAAATGA,0
ACATCCCCACACACTA,0
ACATCCCCACTGGATT,0
ACATCCCCATCCTATT,0
ACATCCCCATGCGGTC,1
ACATCCCGTACTCAAC,0
ACATCCCGTCAGTCCG,0
ACATCCCGTCCACAGC,2
ACATCCCGTCTAATCG,0
ACATCCCGTGTTACAC,0
ACATCCCTCCCGAACG,0
ACATCCCTCGGAATTC,0
ACATCCCTCTTAGGAC,0
ACATCCCTCTTCCCAG,0
ACATCGAAGACGCAGT,0
ACATCGAAGGGATGTC,0
ACATCGACAACAACAA,0
ACATCGACACAGCCAC,0
ACATCGACACTTGTCC,0
ACATCGACAGAAATTG,0
ACATCGACAGTTGTTG,0
ACATCGAGTCCCTAAA,1000
ACATCGAGTCGTTCAA,0
ACATCGAGTGACACAG,1
ACATCGAGTGAGTAAT,0
ACATCGAGTTCTTCAT,0
ACATCGATCAGTCAGT,0
ACATCGATCGACCATA,0
ACATCGATCGCGTGCA,0
ACATCGATCGGACTGC,0
ACATCGATCTACGGTA,0
ACATCGATCTCAGGCG,1000
ACATGCAAGACTTCGT,2
ACATGCAAGAGCATTA,0
ACATGCAAGGAGCAAA,0
ACATGCAAGTAACCGG,0
ACATGCAAGTACCCTA,0
ACATGCACAACCAATC,0
ACATGCACATGGCTAT,0
ACATGCACATTGACAC,0
ACATGCACATTGCTGA,0
ACATGCAGTAGGTACG,1
ACATGCAGTTGCGGCT,0
ACATGCATCATTCGTT,0
ACATGCATCCACAGCG,0
ACATGCATCCCGTTCA,1
ACATGCATCCTAACAG,1000
ACATGCATCTGCGTCT,0
ACATTTCCACCCAACG,0
ACATTTCCAGAACATA,0
ACATTTCGTATCTTCT,0
ACATTTCGTCACATTG,0
ACATTTCGTCCCTAAA,2
ACATTTCGTCTGTTAG,1000
ACATTTCGTGAGATTA,2
ACATTTCGTGTTCGTA,0
ACATTTCTCCGTAGGC,0
ACATTTCTCGAAGTGG,0
ACATTTCTCTACACAG,0
ACCAAACCAACACAGG,0
ACCAAACCAATGTTGC,0
ACCAAACCAGAAGTTA,1000
ACCAAACCAGCCATTA,0
ACCAAACCATTGTACG,0
ACCAAACGTACGATCT,0
ACCAAACGTGAATGAT,0
ACCAAACGTTTCACTT,0
ACCAAACTCATCCTGC,0
ACCAACAAGCCGATTT,0
ACCAACAAGGTTGAGC,3
ACCAACACAGTGAGCA,0
ACCAACAGTAGCCAGA,0
ACCAACAGTCACTCAA,0
ACCAACAGTCGTCTCT,1000
ACCAACAGTGCATCTA,0
ACCAACAGTGGATGAC,0
ACCAACAGTGTGTGGA,3
ACCAACATCCACCTGT,0
ACCAACATCCCATTCG,1
ACCAACATCGAGAACG,1
ACCAACATCGCCCAGA,3
ACCAACATCGTTCCTG,0
ACCACAAAGACGAGCT,0
ACCACAAAGGTGCCAA,0
ACCACAACAACAAAGT,3
ACCACAACACGGCGTT,0
ACCACAAGTAGAGGAA,0
ACCACAAGTCCACTTC,0
ACCACAAGTCCGTACG,0
ACCACAAGTTTCGGCG,0
ACCACAATCATGGGAG,3
ACCACAATCGGCAGTC,0
ACCACAATCTTCGATT,0
ACCATTTAGGCTTAAA,1000
ACCATTTAGTGACACG,0
ACCATTTAGTGTTCCA,0
ACCATTTAGTTCATCG,1000
ACCATTTCACGGAAGT,0
ACCATTTCACTCAGAT,1000
ACCATTTCAGACGGAT,0
ACCATTTCAGGCCCTA,0
ACCATTTCATACCAGT,1
ACCATTTCATGTCTAG,0
ACCATTTGTAAGATCA,0
ACCATTTGTAGTGATA,0
ACCATTTGTCAAGGCA,1000
ACCATTTGTTCACGAT,0
ACCATTTGTTCCACGG,0
ACCATTTTCATATGGC,1000
ACCATTTTCATTTCCA,0
ACCCAAAAGAGTTGAT,0
ACCCAAAAGATAGTCA,0
ACCCAAAAGCCGTTAT,0
ACCCAAAAGTGATGGC,0
ACCCAAACAAGGATGC,0
ACCCAAACACCTATCC,0
ACCCAAACAGCGTACC,3
ACCCAAAGTCGGTGAA,2
ACCCAAAGTCGTAATC,0
ACCCAAAGTGTTCAGT,0
ACCCAAATCAGCGCAC,0
ACCCAAATCAGCTGTA,1
ACCCAAATCATCGCTC,0
ACCCTCAAGGTCGTGA,0
ACCCTCACAAGAGTTA,0
ACCCTCACAATAGTGA,0
ACCCTCACACCTAAAC,0
ACCCTCACAGACCTGC,2
ACCCTCACAGTCGCAC,0
ACCCTCACATGAGGGT,0
ACCCTCACATTGCAAC,0
ACCCTCAGTAACCCTA,0
ACCCTCAGTAGACAGC,1
ACCCTCAGTCACGACC,0
ACCCTCAGTTGTGCCG,0
ACCCTCATCCTACAAG,0
ACCCTCATCTCAAAGC,0
ACCCTCATCTGTCGTC,3
ACCCTCATCTTTGCGC,1
ACCCTTGAGACGAAGA,0
ACCCTTGAGATCGGTG,0
ACCCTTGCAACAGATA,0
ACCCTTGCAGCATCTA,2
ACCCTTGGTATACCCA,0
ACCCTTGGTATCGATC,1
ACCCTTGTCAAATGCC,0
ACCCTTGTCGCCAATA,0
ACCCTTGTCGTTGTGA,0
ACCGTTCAGAAGCCTG,1
ACCGTTCAGCTCACTA,2
ACCGTTCCAAACCATC,0
ACCGTTCCAACTTCTT,0
ACCGTTCCACCTGCAG,2
ACCGTTCCAGATTCGT,0
ACCGTTCCAGGACAGT,0
ACCGTTCGTAGCCAGA,0
ACCGTTCGTATCGTGT,1000
ACCGTTCGTCGCATCG,0
ACCGTTCGTTGGTAGG,0
ACCGTTCTCAGACTGT,0
ACCGTTCTCATACGGT,0
ACCGTTCTCGCTCATC,0
ACCGTTCTCGGTGCAC,1
ACCGTTCTCTTCACAT,0
ACCTACCAGAATCGTA,0
ACCTACCAGCCTCTCT,0
ACCTACCAGTCTTCGA,0
ACCTACCCAATGAGCG,0
ACCTACCCACAGTCCG,0
ACCTACCCACTGCTTC,0
ACCTACCCAGCTGTAT,0
ACCTACCCATCCTGTC,0
ACCTACCGTAACGCGA,0
ACCTACCGTACAAACA,2
ACCTACCGTAGAGATT,0
ACCTACCGTCCCTAAA,1000
ACCTACCGTCGCTCGA,0
ACCTACCGTGGGAGAG,0
ACCTACCGTTCCTAGA,0
ACCTACCGTTTCGTAG,1000
ACCTACCTCATCGCTC,0
ACCTACCTCATGGTAC,0
ACCTACCTCCAGTACA,0
ACCTACCTCGCAGATT,1000
ACCTACCTCGCGTGCA,0
ACCTACCTCTTTCTAG,0
ACCTGAAAGCAATTAG,0
ACCTGAAAGGGAGTGG,0
ACCTGAACAATTAGGA,1000
ACCTGAACAGACTCTA,0
ACCTGAAGTCGAGCAA,0
ACCTGAAGTGAGTGAC,0
ACCTGAAGTGATTAGA,0
ACCTGAATCAACCTCC,0
ACCTGAATCAAGTCGT,0
ACCTGAATCCATACTT,0
ACCTGAATCGAGTTGT,0
ACCTGAATCTCCACTG,0
ACCTGAATCTGGTCAA,0
ACCTGTCAGATGCTAA,1000
ACCTGTCAGGAACGTC,0
ACCTGTCAGGCAATGC,1000
ACCTGTCCACAACATC,0
ACCTGTCCATTGACAC,1000
ACCTGTCGTCCGAAGA,3
ACCTGTCGTCGCGTCA,2
ACCTGTCGTCTGATCA,0
ACCTGTCGTGGCAACA,0
ACCTGTCGTTATTCCT,1
ACCTGTCTCACGATAC,0
ACCTGTCTCATGTCAG,0
ACCTGTCTCCCGAACG,1
ACCTGTCTCGTTCTCG,0
ACCTGTCTCTATGCCC,3
ACCTGTCTCTCTTCAA,0
ACGATCAAGACATCAA,0
ACGATCAAGATTGTGA,0
ACGATCAAGCGAATGC,2
ACGATCAAGTCGTCTA,0
ACGATCAAGTGATTCC,1
ACGATCACAAAGAACT,0
ACGATCACAACAGTGG,1
ACGATCACAACTGAAA,0
ACGATCACACGCTTAA,0
ACGATCACAGAGTCAG,0
ACGATCACATTATGCG,0
ACGATCAGTGCACAAG,0
ACGATCAGTGGTGATG,1000
ACGATCAGTTCTCAGA,3
ACGATCAGTTCTTAGG,0
ACGATCAGTTTCCCAC,0
ACGATCATCAATCCGA,1000
ACGATCATCGTGGGTC,0
ACGATCATCTAGCCTC,2
ACGATCATCTTACGGA,0
ACGATGTAGGTTACCT,1000
ACGATGTCACAGGATG,0
ACGATGTCACATTCGA,0
ACGATGTCAGGACATG,0
ACGATGTCAGTGAGCA,0
ACGATGTCAGTGTGCC,1
ACGATGTCATGTTCGA,0
ACGATGTGTATTGACC,2
ACGATGTGTCGTGGTC,0
ACGATGTGTGTCTTCC,2
ACGATGTGTTCCTAAG,2
ACGATGTGTTGTATGC,0
ACGATGTTCAAGCCAT,0
ACGATGTTCCTACAAG,0
ACGATGTTCTGAATGC,1000
ACGCACGAGATAGCAT,0
ACGCACGAGCACACAG,1
ACGCACGAGGCCTGAA,0
ACGCACGAGGTGCGAT,1000
ACGCACGAGTCTGCAT,0
ACGCACGAGTTGCGAG,2
ACGCACGCACACCTAA,0
ACGCACGCACCATTCC,0
ACGCACGGTACTCGAT,1
ACGCACGGTAGCGCTC,1000
ACGCACGGTTGCACGC,0
ACGCACGTCAGATGCT,0
ACGCACGTCATTTGGG,0
ACGCACGTCCATTGTT,3
ACGCACGTCTGTTGGA,0
ACGGAAGAGAGGGTAA,0
ACGGAAGAGGATACCG,1000
ACGGAAGAGTGGATAT,1
ACGGAAGAGTTCATGC,0
ACGGAAGCAAAGTATG,0
ACGGAAGCAATACCCA,1000
ACGGAAGCAATGAACA,0
ACGGAAGCAGACGATG,2
ACGGAAGGTAATACCC,0
ACGGAAGGTAATGATG,3
ACGGAAGGTCGAGCAA,0
ACGGAAGGTCTAACTG,0
ACGGAAGTCCATGAGT,1000
ACGGAAGTCGTTCTAT,0
ACGGAAGTCTGTCGCT,0
ACGGGTCAGCCATTCA,0
ACGGGTCAGCTGTGCC,1
ACGGGTCAGGGTTGCA,0
ACGGGTCAGTACAGAT,0
ACGGGTCCATCCGGTG,0
ACGGGTCCATGAGTAA,2
ACGGGTCCATGGATCT,0
ACGGGTCGTACACTCA,1000
ACGGGTCTCTTCGACC,0
ACGGTCGAGAAGCCAC,0
ACGGTCGAGAGCCATG,0
ACGGTCGAGGCTCTCG,0
ACGGTCGCAAGAGCTG,3
ACGGTCGCAAGTTCCA,0
ACGGTCGCAATTGCAC,0
ACGGTCGCACCCAATA,0
ACGGTCGCACGGTGTC,0
ACGGTCGCAGGAGACT,0
ACGGTCGGTAACCCGC,0
ACGGTCGGTATGCTTG,1
ACGGTCGGTCTAGGCC,2
ACGGTCGTCAGTCACA,1
ACGGTCGTCATTTCGT,0
ACGGTCGTCCGACATA,3
ACGGTCGTCTCCTGCA,0
ACGGTTAAGCATCAGG,2
ACGGTTACAAAGGCTG,3
ACGGTTACAACATACC,0
ACGGTTACAAGACTGG,0
ACGGTTACACAAAGTA,0
ACGGTTACAGACAATA,1000
ACGGTTACATGTGGTT,1000
ACGGTTAGTATGTCTG,0
ACGGTTAGTCAACACT,3
ACGGTTAGTCATCCGG,2
ACGGTTAGTGAGTGAC,0
ACGGTTAGTGCGTCGT,2
ACGGTTAGTGTGTCCG,0
ACGGTTAGTTGGAGAC,1000
ACGGTTATCAGAACCT,3
ACGGTTATCCAAATGC,0
ACGGTTATCCCTGTTG,1
ACGGTTATCCTTCACG,0
ACGTAACAGACGAGCT,0
ACGTAACAGCACCTGC,0
ACGTAACAGGCATGGT,0
ACGTAACAGTGGAAGA,1
ACGTAACAGTTTGAGA,1
ACGTAACCATACAGGG,1000
ACGTAACCATTGTGCA,0
ACGTAACGTGAACCGA,0
ACGTAACGTGTATACC,0
ACGTAACGTGTGTCCG,0
ACGTAACGTTTGGGAG,0
ACGTAACTCATATGGC,0
ACGTAACTCGCTGCGA,0
ACGTAACTCTTGCAGA,0
ACGTACAAGCTTAAGA,0
ACGTACAAGGAACATT,0
ACGTACAAGGCGTTAG,0
ACGTACAAGGGAGTTC,0
ACGTACACAAATGCTC,1000
ACGTACACAACTTGGT,0
ACGTACACAAGGGCAT,1000
ACGTACACAGCAGTGA,0
ACGTACAGTAGAGATT,0
ACGTACAGTAGCTAAA,2
ACGTACAGTCACCCTT,0
ACGTACAGTTATTCTC,0
ACGTACATCGACGAGA,0
ACGTACATCTCATTTG,1000
ACGTAGTAGAGTCACG,0
ACGTAGTAGGGCAACT,1000
ACGTAGTCAAAGGATT,0
ACGTAGTCACGTCTCT,1000
ACGTAGTCAGACCATT,0
ACGTAGTCAGCACACC,0
ACGTAGTCAGTCGAGA,2
ACGTAGTCATCAACCA,2
ACGTAGTCATTCAGCA,0
ACGTAGTGTAAGATAC,0
ACGTAGTGTCAGGTAG,0
ACGTAGTGTTGGGTTT,1
ACGTAGTTCGGTTCAA,2
ACGTCCTAGCCATATC,0
ACGTCCTAGCTATCTG,1000
ACGTCCTAGGCGACAT,0
ACGTCCTCACCAATTG,0
ACGTCCTCACGTACTA,0
ACGTCCTCAGAACCGA,0
ACGTCCTCATCGTGCG,0
ACGTCCTCATTCACCC,1000
ACGTCCTGTACGTGAG,1000
ACGTCCTGTCCACACG,0
ACGTCCTGTGCGAGTA,0
ACGTCCTTCACATCAG,0
ACGTCCTTCGCATTAG,0
ACGTCCTTCGGTAAGG,0
ACGTCCTTCTGTCGCT,0
ACGTTCCAGAATCGTA,0
ACGTTCCAGCTTTGTG,0
ACGTTCCAGGTCACAG,0
ACGTTCCAGTGATTCC,2
ACGTTCCCAAGCCCAC,0
ACGTTCCCACTCACTC,0
ACGTTCCCAGAGAATT,2
ACGTTCCCAGCAGGAT,1000
ACGTTCCCAGGTTTAC,0
ACGTTCCCATCGCCTT,1000
ACGTTCCCATGGAAGC,3
ACGTTCCGTACTCGAT,0
ACGTTCCGTAGCGCCT,0
ACGTTCCGTATGGAGC,0
ACGTTCCGTGACAGCA,0
ACGTTCCGTGGTAACG,1
ACGTTCCGTTGGTAGG,0
ACGTTCCTCAGAGTGG,1000
ACGTTCCTCCGGGACT,0
ACGTTCCTCGTAGGAG,0
ACTACGAAGCAAGTGC,0
ACTACGAAGCCTAACT,0
ACTACGAAGTCTGCGC,1000
ACTACGACAGGATGAC,0
ACTACGAGTAGGTTTC,0
ACTACGAGTCCACACG,0
ACTACGAGTCGTGCCA,1000
ACTACGAGTGAGTTGG,0
ACTACGATCAAGTAAG,0
ACTACGATCACACGAT,0
ACTACGATCCTTCGAC,0
ACTACGATCGATACAC,0
ACTACGATCTGCGAGC,0
ACTATCTAGACAACTA,0
ACTATCTAGCGTGTCC,0
ACTATCTAGGTTCACT,0
ACTATCTCACCATTCC,1000
ACTATCTCATGACAAA,0
ACTATCTGTACGTGAG,0
ACTATCTGTCGAGCTC,0
ACTATCTTCACGTAGT,0
ACTATCTTCGCGCCAA,1
ACTATCTTCTCGCCTA,0
ACTATCTTCTGTGCTC,0
ACTATGGAGACATATG,0
ACTATGGAGATTACCC,0
ACTATGGAGCTAAATG,1
ACTATGGAGGCTGGAT,0
ACTATGGCACAGCCAC,0
ACTATGGGTCACGCTG,0
ACTATGGGTCGAATTC,1
ACTATGGGTGATAGTA,2
ACTATGGGTGCGGCTT,3
ACTATGGGTTGGATCT,2
ACTATGGTCCAAGCAT,0
ACTATGGTCCACCTGT,0
ACTATGGTCCAGCAAT,1
ACTATGGTCCCATAAG,0
ACTATTCAGCGGTAAC,0
ACTATTCAGCTTCATG,0
ACTATTCAGGATATGT,0
ACTATTCAGGCTTAGG,0
ACTATTCAGGGTAATT,0
ACTATTCCACAGTGAG,0
ACTATTCCAGGCACAA,0
ACTATTCGTAATGTGA,1000
ACTATTCTCCCGTTCA,0
ACTATTCTCCTTGAAG,0
ACTATTCTCTATACTC,0
ACTATTCTCTATTGTC,1000
ACTCCCAAGACGCTCC,0
ACTCCCAAGGTACATA,0
ACTCCCAAGGTTCATC,3
ACTCCCACAAGGTTGG,1000
ACTCCCACAAGTATAG,1000
ACTCCCACAAGTGCAG,3
ACTCCCACACCATTCC,0
ACTCCCACAGGTGTTT,0
ACTCCCACAGTCCCGA,0
ACTCCCACATCTAACG,0
ACTCCCAGTACAGTAA,1000
ACTCCCAGTAGCGCTC,1000
ACTCCCAGTTGCAACT,1000
ACTCCCAGTTGGGACA,0
ACTCCCATCACTTATC,1000
ACTCCCATCCAGTGTA,0
ACTCCCATCGACACTA,0
ACTCCCATCGTGCATA,0
ACTCCCATCTCCTGTG,0
ACTCTCGAGAACCCGA,0
ACTCTCGAGAGCTGAC,2
ACTCTCGAGGAGTATT,0
ACTCTCGAGGCCTGCT,0
ACTCTCGAGGCTAACG,0
ACTCTCGCAAACCACT,2
ACTCTCGCAAATGGTA,0
ACTCTCGCAATGACCT,0
ACTCTCGCACAAGCTT,3
ACTCTCGCACGTTCGG,3
ACTCTCGCAGAGACTG,0
ACTCTCGCAGTTAGGG,0
ACTCTCGCATCCTCAC,1
ACTCTCGGTGGTCTAT,2
ACTCTCGGTTCTCCAC,3
ACTCTCGTCATTTCCA,0
ACTCTCGTCCCGTTCA,2
ACTCTCGTCGCAGTTA,0
ACTCTCGTCGCGCTGA,1000
ACTCTCGTCTCCTACG,2
ACTCTCGTCTGGGTCG,0
ACTCTCGTCTTTGCTA,0
ACTGATGAGCCGAATG,0
ACTGATGAGGACTAAT,1000
ACTGATGAGTAATCCC,1000
ACTGATGCACATATGC,0
ACTGATGCACCCAATA,0
ACTGATGCACTCAGAT,0
ACTGATGCAGCGTAGA,0
ACTGATGCATGGGATG,1000
ACTGATGGTATCGGTT,0
ACTGATGGTCACTTAG,1000
ACTGATGGTCAGGAGT,0
ACTGATGGTCGCGGTT,0
ACTGATGGTGAGTAAT,0
ACTGATGGTGCCGTTG,1
ACTGATGGTTCCACGG,0
ACTGATGGTTGGTACT,0
ACTGATGTCATTGCGA,0
ACTGATGTCCCAAGCG,0
ACTGATGTCCTTGGAA,0
ACTGATGTCTTGCGCT,0
ACTGCAAAGAAACCCG,1000
ACTGCAAAGGCCCAAA,0
ACTGCAAAGTCGAAGC,0
ACTGCAACACCCGTAG,2
ACTGCAACACGTACTA,0
ACTGCAACATACAGGG,2
ACTGCAACATACTTTC,0
ACTGCAACATGAAGGC,0
ACTGCAAGTAGCTGTT,0
ACTGCAAGTATACCCA,0
ACTGCAATCAAACCTG,1000
ACTGCAATCATGGGAG,0
ACTGCAATCCGTTGGG,0
ACTGCAATCGATACAC,1000
ACTGCAATCTCCTACG,1000
ACTGCAATCTGCGTCT,0
ACTGCAATCTGCTAGA,0
ACTGTCCAGAACGTGC,0
ACTGTCCAGCGCCATC,3
ACTGTCCAGCGTTACT,3
ACTGTCCCAAACCATC,3
ACTGTCCCAGACGGAT,0
ACTGTCCCAGGTACGA,0
ACTGTCCCAGTTTGGT,1
ACTGTCCCATGAGGGT,2
ACTGTCCGTCTTGAAC,0
ACTGTCCGTGACCGTC,0
ACTGTCCGTGAGATTA,0
ACTGTCCGTTCAAACC,1
ACTGTCCTCAAACCCA,0
ACTGTCCTCAGACCCG,0
ACTGTCCTCCACTGGG,2
ACTGTGAAGGGAACAA,0
ACTGTGAAGGGTAATT,2
ACTGTGACAACGATCT,0
ACTGTGACACCAGCCA,0
ACTGTGACAGGTGGAT,0
ACTGTGAGTGACAGGT,0
ACTGTGAGTTTCCCAC,0
ACTGTGATCAAGGAGC,0
ACTGTGATCAGCGTCG,0
ACTGTGATCTGAGGTT,0
ACTTAGGAGCACTCGC,1000
ACTTAGGAGTGCTACT,1000
ACTTAGGCACACGCCA,0
ACTTAGGCACTTTAGG,0
ACTTAGGCAGGGTCTC,0
ACTTAGGCATGCCGGT,0
ACTTAGGCATTGAAGA,1
ACTTAGGGTACGGATG,0
ACTTAGGGTAGGACTG,0
ACTTAGGGTAGTTACC,0
ACTTAGGGTATAATGG,0
ACTTAGGGTCCAGGTC,0
ACTTAGGGTCGTACAT,0
ACTTAGGGTTAAGCAA,0
ACTTAGGTCACAACCA,0
ACTTAGGTCCCTGTTG,0
ACTTAGGTCTTGAACG,0
ACTTATCAGCATCCCG,0
ACTTATCAGCCTCTTC,0
ACTTATCAGCGTGAGT,0
ACTTATCAGCGTTCCG,0
ACTTATCAGTTCACTG,0
ACTTATCCAAGAGCTG,2
ACTTATCCAATTGCAC,1000
ACTTATCCAGAGGCTA,2
ACTTATCCAGCACAAG,0
ACTTATCCAGGAATCG,0
ACTTATCCATACTGAC,0
ACTTATCGTACCTTCC,0
ACTTATCGTTCCTAAG,1000
ACTTATCTCAATCAGC,0
ACTTATCTCATGCTAG,0
ACTTATCTCGAGAAAT,0
ACTTCCGAGAAGTATC,0
ACTTCCGAGACGAGCT,0
ACTTCCGAGACGTCCC,0
ACTTCCGAGACTAGAT,2
ACTTCCGAGAGAGTGA,0
ACTTCCGAGCTCACTA,0
ACTTCCGAGGCGTTAG,0
ACTTCCGAGGTTGGAC,0
ACTTCCGAGTGCGACA,0
ACTTCCGAGTGTGTTC,1000
ACTTCCGCAAATGAAC,0
ACTTCCGCAACGACAG,0
ACTTCCGCACCCTTGT,0
ACTTCCGCACCGGCTA,0
ACTTCCGCAGCAGTCC,1000
ACTTCCGCATCCCACT,0
ACTTCCGGTACCGTCG,3
ACTTCCGGTATCGCGC,0
ACTTCCGGTATCGGTT,1000
ACTTCCGGTCTCTCCA,0
ACTTCCGGTGACACAG,0
ACTTCCGGTGAGATCG,0
ACTTCCGGTTCGGCGT,0
ACTTCCGTCCTATGGA,0
ACTTCCGTCGTAGGGA,0
ACTTCCGTCGTGCAGC,0
ACTTCGCAGCACTTTG,0
ACTTCGCAGGGCAGGA,0
ACTTCGCAGGGCCCTT,2
ACTTCGCAGGTCTACT,0
ACTTCGCAGTACCGGA,1000
ACTTCGCAGTCGAAAT,0
ACTTCGCAGTGGTTCT,0
ACTTCGCCACAATGTC,0
ACTTCGCCAGCTGTAT,0
ACTTCGCCATGAGAAT,0
ACTTCGCGTACGTACT,1000
ACTTCGCGTAGCGTTT,0
ACTTCGCGTCCTGTCT,0
ACTTCGCGTCTCACGG,0
ACTTCGCGTTGAAGTA,2
ACTTCGCGTTGCAACT,0
ACTTCGCTCAAGAGGC,0
ACTTCGCTCCTGTAAG,0
ACTTCGCTCGACGATT,0
ACTTCGCTCGAGAATA,0
ACTTCGCTCGGCATTA,1000
ACTTTCAAGACATAAC,2
ACTTTCAAGAGAGCAA,3
ACTTTCAAGCGGCTCT,1000
ACTTTCAAGGGAGTGG,1
ACTTTCAAGGTGCTGA,0
ACTTTCACAACACAGG,0
ACTTTCACAAGACCGA,2
ACTTTCACAAGGCGTA,2
ACTTTCACACTCAAGT,0
ACTTTCACATAGAATG,1
ACTTTCACATGCACTA,1
ACTTTCAGTCGAACAG,0
ACTTTCAGTCGGATTT,0
ACTTTCAGTGAACCGA,0
ACTTTCAGTGCGGCTT,0
ACTTTCAGTTTCGCTC,0
ACTTTCATCAGGACGA,0
ACTTTCATCGGAAACG,0
ACTTTGTAGACCAGAC,1
ACTTTGTAGTGCTACT,0
ACTTTGTCAATAGAGT,0
ACTTTGTCACATTCTT,0
ACTTTGTCACCAATTG,1
ACTTTGTCATGATGCT,0
ACTTTGTGTATGGAAT,0
ACTTTGTGTCCGGTGT,0
ACTTTGTGTCCTACAA,3
ACTTTGTGTTCGGACC,0
ACTTTGTTCAGCGCAC,1000
ACTTTGTTCCAGTTCC,0
ACTTTGTTCGATTTCT,0
ACTTTGTTCTATTTCG,1000
AGAAATGAGAACGTGC,0
AGAAATGAGATTGTGA,0
AGAAATGAGCAACTCT,1000
AGAAATGAGGTAAACT,3
AGAAATGAGTCGCTAT,0
AGAAATGCAATCTGCA,0
AGAAATGGTAGATTAG,0
AGAAATGGTATACGGG,0
AGAAATGGTGCCTGCA,1000
AGAAATGGTTCTGACA,0
AGAAATGTCGATTCCC,2
AGAAATGTCGTCAACA,0
AGAACAAAGCCGCTTG,1000
AGAACAAAGCTAGAGC,0
AGAACAACAGTGGGTA,2
AGAACAACATGAGATA,1
AGAACAACATTGAAAG,0
AGAACAAGTACACTCA,0
AGAACAAGTAGCTTAC,0
AGAACAAGTAGGCTGA,2
AGAACAAGTGTCCTAA,0
AGAACAATCAGCACCG,1000
AGAACAATCATTACCT,1000
AGAACAATCGATGCTA,0
AGAACAATCGCAATGT,0
AGAACAATCGCGTAGC,0
AGAACAATCTACGGGC,0
AGAACAATCTAGGCCG,0
AGAACAATCTTCACAT,0
AGAACCTAGAGAGTTT,1000
AGAACCTAGCGATCGA,1
AGAACCTAGCTGAAGC,0
AGAACCTAGCTGAGCA,1
AGAACCTAGGTCGTCC,3
AGAACCTAGTGAGGTC,0
AGAACCTCAGAGACTG,0
AGAACCTCAGATACCT,1000
AGAACCTGTACTCCCT,0
AGAACCTGTCAGCGTC,0
AGAACCTGTCTGTCAA,0
AGAACCTGTGCACAAG,0
AGAACCTGTTACCCTC,2
AGAACCTTCAACACCA,0
AGAACCTTCATGCCCT,0
AGAACCTTCCAGCAAT,0
AGAACCTTCCCGAGAC,2
AGAACCTTCCCTCATG,0
AGAACCTTCCTCTGCA,0
AGAAGCGAGACTCCGC,1000
AGAAGCGAGCCGTTGC,0
AGAAGCGAGCGACTGA,0
AGAAGCGAGCTCGAAG,0
AGAAGCGAGGGCTAAC,0
AGAAGCGAGGTTTACC,0
AGAAGCGAGTCTGGTT,0
AGAAGCGAGTGCTCAT,0
AGAAGCGCACTGCATA,0
AGAAGCGCAGAACGCA,0
AGAAGCGCAGCCATTA,0
AGAAGCGCAGCTTCGG,0
AGAAGCGCATCCGTGG,0
AGAAGCGGTACCTAGT,0
AGAAGCGGTCATCCGG,2
AGAAGCGGTGAGCTCC,3
AGAAGCGGTGGCATCC,1000
AGAAGCGGTTTCGTGA,0
AGAAGCGTCAATGTCG,0
AGAAGCGTCCCTTCCC,1000
AGAAGTAAGCCGGATA,0
AGAAGTACAAATGGAT,0
AGAAGTACAACAAGAT,0
AGAAGTACAGAACTCT,0
AGAAGTACAGTAGAGC,1000
AGAAGTACATCGGTTA,0
AGAAGTAGTACCCAGC,1000
AGAAGTAGTAGTACGG,2
AGAAGTAGTCGAACAG,3
AGAAGTAGTCTACACA,0
AGAAGTAGTGGCCACT,0
AGAAGTAGTGTCGATT,0
AGAAGTAGTGTTTGCA,0
AGAAGTAGTTCGTAAC,0
AGAAGTAGTTGCACGC,1
AGAAGTATCACTCACC,0
AGAAGTATCCTACAAG,0
AGAAGTATCTCCCTAG,0
AGAAGTATCTCGGGAC,0
AGAAGTATCTGCGGAC,0
AGAAGTATCTTGATTC,0
AGACAAAAGACTGTTC,0
AGACAAAAGATCGACG,0
AGACAAAAGGATGTTA,0
AGACAAAAGGGCCTCT,0
AGACAAAAGTATTCCG,1000
AGACAAACACCATATG,1000
AGACAAACACTTGTCC,1000
AGACAAAGTAACATAG,2
AGACAAATCAATCTTC,0
AGACAAATCCCATTTA,0
AGACAAATCCTGTTAT,0
AGACAAATCTAGCCTC,0
AGACAAATCTCGAACA,0
AGACAAATCTCGGGAC,0
AGACACTAGGCATGGT,0
AGACACTAGTATGAGT,0
AGACACTCAAGTATAG,0
AGACACTCACACCAGC,0
AGACACTGTCGAAACG,2
AGACACTGTCTCGACG,2
AGACACTGTGACAGGT,0
AGACACTTCAGCGGAA,0
AGACACTTCCATAGGT,0
AGACACTTCTAGGAAA,0
AGACAGGAGCACCGTC,1000
AGACAGGAGCCGATCC,0
AGACAGGAGCGACCCT,0
AGACAGGAGGGAGAAT,0
AGACAGGCAAAGACGC,0
AGACAGGCAACTGATC,0
AGACAGGCAGGTGAGT,0
AGACAGGGTAACGCGA,0
AGACAGGGTCAACCAT,0
AGACAGGGTTCAGCTA,0
AGACAGGTCAGGCGAA,0
AGACAGGTCTAGCCTC,0
AGACCATCAAACCACT,0
AGACCATCAAACTCGT,0
AGACCATCACCATATG,2
AGACCATCATACGCAT,0
AGACCATGTAGACGGT,0
AGACCATGTCTCTCAC,0
AGACCATTCAACCTCC,0
AGACCATTCCGCACGA,0
AGACCATTCCGGTTCT,2
AGACCCGAGCAGGTCA,0
AGACCCGAGCGACTAG,0
AGACCCGAGTTGGCTT,2
AGACCCGCAAAGCTCT,0
AGACCCGCAATGGCAG,0
AGACCCGCATACCATG,2
AGACCCGGTACGTGTT,1000
AGACCCGGTATCACCA,1000
AGACCCGGTGAACGGT,0
AGACCCGGTGATCATC,2
AGACCCGGTTATGACC,2
AGACCCGTCCTCTTTC,0
AGACCCGTCGCTCCTA,0
AGACCCGTCTGCTTAT,3
AGACTCAAGACCTCAT,0
AGACTCAAGACCTTTG,2
AGACTCAAGGTTGAGC,1000
AGACTCAAGTAGACAT,1000
AGACTCACAGCTAACT,0
AGACTCACAGGAAGTC,0
AGACTCAGTCCATAGT,0
AGACTCAGTGATGGCA,0
AGACTCAGTTCGAGCC,0
AGACTCAGTTCGTTCC,0
AGACTCATCGTCCTTG,0
AGAGAATAGGTGCAGT,1
AGAGAATCAAAGAACT,0
AGAGAATCAAATACAG,0
AGAGAATCACTCACTC,1000
AGAGAATCACTGGCGT,0
AGAGAATCAGCTTTGA,0
AGAGAATCATTGCTGA,1000
AGAGAATGTGTGAATA,0
AGAGAATTCGCTGATA,0
AGAGAATTCTAGAACC,3
AGAGAATTCTCCTACG,1000
AGAGAGCAGAAGCCTG,0
AGAGAGCAGCTACTGT,0
AGAGAGCAGCTCTATG,0
AGAGAGCAGGCACCAA,0
AGAGAGCAGTTGCTGT,0
AGAGAGCCACTTACAG,1000
AGAGAGCGTACTAGCT,1
AGAGAGCGTGAGATCG,0
AGAGAGCGTGATCGTT,0
AGAGAGCGTGCCTTTC,0
AGAGAGCGTTAAACAG,0
AGAGAGCGTTACCTTT,0
AGAGAGCGTTTGCAGT,0
AGAGAGCGTTTGTTCT,3
AGAGAGCTCATGGTAC,3
AGAGAGCTCCGTCAAA,0
AGAGAGCTCTAAGAAG,1
AGAGAGCTCTTCGTGC,0
AGAGCAGAGAACTGAT,0
AGAGCAGAGAGATGCC,2
AGAGCAGAGCGGGTTA,0
AGAGCAGCAAATGATG,0
AGAGCAGCACTAACGT,0
AGAGCAGCACTACTTT,1000
AGAGCAGCAGCACACC,3
AGAGCAGCAGGCCCTA,2
AGAGCAGGTAAGGAGA,0
AGAGCAGGTAGTTACC,0
AGAGCAGGTATGGAAT,0
AGAGCAGGTCGCATTA,2
AGAGCAGGTCGTGTTA,2
AGAGCAGGTTTCGACA,0
AGAGCAGTCCACAAGT,0
AGAGCAGTCGCAGTCG,0
AGAGCAGTCGGAGTGA,0
AGAGCCCAGAAGAACG,0
AGAGCCCAGAAGATCT,1000
AGAGCCCAGCCGGAAT,0
AGAGCCCAGGAAGAAC,3
AGAGCCCAGGTCACTT,0
AGAGCCCAGTTAGTAG,0
AGAGCCCCAAACTAAG,1000
AGAGCCCCACAAGTGG,0
AGAGCCCCACCGTCTT,0
AGAGCCCCATTGCCTC,0
AGAGCCCGTAGACGTG,1
AGAGCCCGTCGCAACC,0
AGAGCCCGTCGCAGTC,0
AGAGCCCGTCGTCAGC,1000
AGAGCCCGTGGGTCAA,3
AGATAGACAGCGTACC,2
AGATAGAGTACTAAGA,1000
AGATAGAGTTCAAGTC,0
AGATAGATCAACCTCC,0
AGATAGATCACCATGA,0
AGATAGATCAGTCATG,0
AGATAGATCGTCCTTG,0
AGATCCAAGATGGCGT,0
AGATCCAAGCGTGAGT,0
AGATCCAAGCTCAGAG,0
AGATCCAAGGATTTAG,1000
AGATCCAAGGTGGCTA,1
AGATCCAAGTCTCGTA,0
AGATCCACAAATACAG,0
AGATCCACAACAAAGT,0
AGATCCACACGTCTCT,3
AGATCCACACTTCATT,0
AGATCCACATGACGAG,1000
AGATCCACATGTCTAG,0
AGATCCAGTAGAAACT,0
AGATCCAGTAGTGCGA,0
AGATCCAGTGCCGGTT,2
AGATCCAGTGGAGAAA,1
AGATCCAGTGTACATC,0
AGATCCAGTTGCGTAT,1
AGATCCATCATTTGGG,1
AGATCCATCGCCGAGT,0
AGATCCATCTACAGGT,0
AGATCGTAGAAGCGCT,0
AGATCGTAGGATCATA,2
AGATCGTAGTGATGGC,0
AGATCGTCAAACACCT,0
AGATCGTCACACTGGC,0
AGATCGTCACATGAAA,0
AGATCGTCATGATCTG,0
AGATCGTCATTAGGCT,0
AGATCGTCATTCGATG,0
AGATCGTGTGGTTCTA,0
AGATCGTGTTACAGCT,0
AGATCGTTCACGGAGA,0
AGATCGTTCACGGGAA,0
AGATCGTTCGTGACTA,2
AGATGAAAGACGCTCC,2
AGATGAAAGAGGTCAC,0
AGATGAAAGCCATGCC,0
AGATGAAAGCTTAGTC,0
AGATGAAAGGGAGGCA,1
AGATGAACAAGACGGT,1000
AGATGAACAATCTCGA,0
AGATGAACACATGTTG,0
AGATGAACACATTCTT,0
AGATGAACATCCCGTT,0
AGATGAACATGGCGCT,0
AGATGAAGTACTGGGA,0
AGATGAAGTATGTCCA,0
AGATGAAGTCCCGTGA,0
AGATGAAGTGACACGA,0
AGATGAAGTGAGCCAA,1000
AGATGAAGTGTACGCC,1000
AGATGAAGTTCGTAAC,0
AGATGAATCATTGGTG,0
AGATGAATCGACGTCG,0
AGATGAATCGCTGTCT,0
AGATGCTAGATAGTCA,0
AGATGCTAGCCAAGGT,0
AGATGCTAGTCGGCAA,0
AGATGCTAGTGATAAC,0
AGATGCTAGTGTAGAT,0
AGATGCTAGTTGGCGA,1
AGATGCTCAAGGACAC,1000
AGATGCTCAAGGGTCA,0
AGATGCTCAAGGTCGA,0
AGATGCTCAATCGCCG,1
AGATGCTCACGACGTC,0
AGATGCTCAGGGACTA,3
AGATGCTGTAACTTCG,1
AGATGCTGTAGATTAG,0
AGATGCTGTAGTTAGA,0
AGATGCTGTATCGCGC,2
AGATGCTGTGGATCGA,1
AGATGCTGTGTGAGCA,0
AGATGCTTCACGTAGT,0
AGATGCTTCCTCAGGG,0
AGATGCTTCGACGAGA,3
AGATGCTTCTGGTGGC,2
AGCATCAAGTGCTCAT,1
AGCATCACAAATGCGG,0
AGCATCACACAGTGTT,1
AGCATCACACCCAATA,0
AGCATCACACCGCTAG,3
AGCATCACACGGTAGA,0
AGCATCACAGACGATG,0
AGCATCACAGCACAAG,0
AGCATCACATGTCGTA,0
AGCATCAGTACACGTT,0
AGCATCAGTAGTTAGA,0
AGCATCAGTCACGTGC,0
AGCATCAGTCCCGGTA,2
AGCATCAGTGCCAAGA,1000
AGCATCATCCTAGCGG,0
AGCATCATCGAAACAA,1000
AGCATCATCGCCAGTG,0
AGCATCATCGCGCTGA,1
AGCCAATAGGATATAC,0
AGCCAATCAAGGCTTT,0
AGCCAATCAATCGCGC,1000
AGCCAATCACCCTGAG,0
AGCCAATCACTGGCGT,2
AGCCAATCAGAAACCG,1000
AGCCAATCAGCTTTCC,1
AGCCAATCAGTCTTCC,0
AGCCAATCATCTCAAG,0
AGCCAATGTAACTAAG,2
AGCCAATGTCGAATGG,0
AGCCAATGTGACACGA,3
AGCCAATTCAAGAAAC,0
AGCCAATTCCGACATA,3
AGCCAATTCCTTATCA,0
AGCCAATTCGGTAGGA,1
AGCCAATTCTGAGTCA,0
AGCCAATTCTGCGGGT,0
AGCCACGAGAAGTCCG,2
AGCCACGAGAGAGAAC,0
AGCCACGAGATACATG,0
AGCCACGAGCACTCAT,0
AGCCACGAGCGAGAAA,1000
AGCCACGAGGAACATT,1000
AGCCACGAGGAAGTAG,0
AGCCACGAGTCACTCA,0
AGCCACGAGTGCAACG,0
AGCCACGAGTGGCCTC,0
AGCCACGCACAGCATT,0
AGCCACGCAGTCGGTC,3
AGCCACGGTAACGATA,0
AGCCACGGTACCCGCA,3
AGCCACGGTAGACTGG,0
AGCCACGGTCCAAATC,2
AGCCACGTCAGTGTGT,0
AGCCACGTCCTACGGG,0
AGCCACGTCTATCCAT,1
AGCCACGTCTCGTGGG,3
AGCCACGTCTTGTGCC,0
AGCCAGCAGAAACTAC,0
AGCCAGCAGACGCATG,0
AGCCAGCCACCGTGAC,0
AGCCAGCCAGACACAG,0
AGCCAGCCAGCTGAAG,0
AGCCAGCCAGGCAATG,0
AGCCAGCCAGTGTACT,1000
AGCCAGCGTTACCTTT,0
AGCCAGCGTTGGGTTT,0
AGCCAGCTCAAACGAA,0
AGCCAGCTCCCGAATA,0
AGCCAGCTCTAGTACG,1000
AGCCAGCTCTATCGCC,0
AGCGATTAGAGGGCGA,1
AGCGATTAGCTGCGAA,0
AGCGATTAGGCTCACC,0
AGCGATTAGTCCGCCA,0
AGCGATTCAAGACTGG,3
AGCGATTCAGCCGTCA,3
AGCGATTCAGGTCAGA,0
AGCGATTCAGTTAGAA,2
AGCGATTCATGGGCAA,0
AGCGATTCATTGCTGA,3
AGCGATTGTGCCTATA,0
AGCGATTGTGTTTCTT,0
AGCGATTGTTATGGTC,0
AGCGATTGTTGGGAAC,1
AGCGATTTCACTGTTT,0
AGCGATTTCAGGAAGC,0
AGCGATTTCCATGATG,0
AGCGATTTCTGTCCGT,1
AGCGATTTCTTGTGCC,2
AGCGCCAAGAGTACCG,2
AGCGCCAAGAGTATAC,0
AGCGCCAAGGAGGCAG,0
AGCGCCAAGGTACAGC,0
AGCGCCAAGGTTGTTC,0
AGCGCCACACCGTGCA,1000
AGCGCCACACGATTCA,1000
AGCGCCACACTAGGTT,3
AGCGCCACAGAACTTC,1
AGCGCCACATACCGTA,0
AGCGCCAGTTCGAAGG,0
AGCGCCATCCTTGACC,0
AGCGCCATCGCCACTT,0
AGCGCCATCGCCTCTA,0
AGCGCCATCGCTTGAA,0
AGCGCCATCTATTGTC,3
AGCGCTGAGATTGGGC,1
AGCGCTGAGCACTAAA,0
AGCGCTGAGGCCTTGC,1000
AGCGCTGCAAGAGGTC,0
AGCGCTGCATAGGTTC,0
AGCGCTGGTGGTTTGT,0
AGCGCTGGTTCGTACA,1
AGCGCTGTCAAGTAAG,0
AGCGCTGTCACGGACC,1000
AGCGCTGTCAGTCATG,0
AGCGCTGTCCTATTTG,0
AGCGCTGTCTCGTGGG,0
AGCGTATAGAAGGCTC,0
AGCGTATAGAATCGTA,0
AGCGTATAGGCGTCCT,2
AGCGTATGTCAGACTT,3
AGCGTATGTTAAACCC,0
AGCGTATGTTAAGGAT,0
AGCGTATGTTGTGTAC,0
AGCGTATTCATTGCCC,0
AGCGTATTCCCAAGCG,0
AGCGTCGAGACCGCCT,0
AGCGTCGAGAGAGCAA,2
AGCGTCGAGGTGGTTG,0
AGCGTCGAGTACTGGG,0
AGCGTCGCACGCTGTG,2
AGCGTCGCATCGGAGA,0
AGCGTCGCATGCTGCG,0
AGCGTCGGTAGATTGA,2
AGCGTCGGTGCGTTTA,0
AGCGTCGGTTGGGACA,2
AGCGTCGTCACTTGTT,2
AGCGTCGTCATGAGTC,2
AGCGTCGTCCCGAGTG,0
AGCGTCGTCGGCGATC,0
AGCGTCGTCGGTCGAC,0
AGCGTCGTCTCATTTG,0
AGCGTCGTCTTTCCAA,0
AGCTACAAGCGGGTAT,1000
AGCTACACAAGCCTGC,0
AGCTACACACAACGAG,0
AGCTACACATGATAGA,2
AGCTACAGTCGGAACA,0
AGCTACAGTGATAGTA,0
AGCTACATCAGCAATC,0
AGCTACATCGCGCCAA,0
AGCTACATCTGACCCT,0
AGCTCAAAGATGGGCT,0
AGCTCAAAGGCCTAAG,3
AGCTCAAAGTGATGGC,0
AGCTCAACAAACTCTG,0
AGCTCAACAAAGGGTC,0
AGCTCAACACAGCATT,0
AGCTCAACACAGCGCT,0
AGCTCAACACTGGATT,0
AGCTCAACAGCATTGT,0
AGCTCAACAGTCACGC,0
AGCTCAACATTCTCCG,0
AGCTCAAGTAATGCGG,3
AGCTCAAGTAGGTTTC,2
AGCTCAAGTGACGTCC,0
AGCTCAAGTGAGTAAT,0
AGCTCAAGTTAGTTCG,0
AGCTCAAGTTCGGGTC,0
AGCTCAATCACATCAG,0
AGCTCAATCCGACATA,0
AGCTCAATCTAGACCA,0
AGCTCAATCTATCGCC,0
AGCTCAATCTCCCAAC,0
AGCTTCCAGCGTCTCG,2
AGCTTCCAGCTCCATA,0
AGCTTCCAGGCCGCTT,1
AGCTTCCCAACTGATC,0
AGCTTCCCAAGAATGT,0
AGCTTCCCAAGTTCGT,0
AGCTTCCCACAAGGTG,2
AGCTTCCCACACCGCA,1
AGCTTCCCACAGCGCT,0
AGCTTCCCAGGGCTTC,0
AGCTTCCCAGGTGACA,0
AGCTTCCCATAGCACT,0
AGCTTCCGTATCTCGA,0
AGCTTCCGTGCTGTCG,2
AGCTTCCGTTCAATCG,0
AGCTTCCGTTCGAGCC,0
AGCTTCCGTTGTGTAC,1000
AGCTTCCTCACCACAA,0
AGCTTCCTCCGGCAGT,0
AGCTTCCTCGGCTGAC,2
AGCTTCCTCTGTCCGT,1000
AGGAAATAGCCACTCG,0
AGGAAATAGCGTGTTT,0
AGGAAATAGGTTCATC,2
AGGAAATCACAAGTTC,1000
AGGAAATCACCGAATT,1000
AGGAAATCATCTTAGG,0
AGGAAATCATGAGGGT,3
AGGAAATGTACTGCGC,3
AGGAAATGTAGTAAGT,0
AGGAAATGTTGTCAGT,0
AGGAAATTCCATGAGT,0
AGGAAATTCGCCGATG,0
AGGAAATTCTCCCATG,2
AGGAAATTCTGAGTCA,0
AGGAAATTCTTCCGTG,0
AGGAATAAGGTTGGTG,0
AGGAATACAAAGACGC,0
AGGAATACAGTTAAAG,0
AGGAATACATGTGCCG,2
AGGAATAGTATCGTGT,0
AGGAATAGTCGCCTAG,0
AGGAATAGTGAGTCAG,0
AGGAATAGTGTCATGT,0
AGGAATAGTGTTGCCG,3
AGGAATATCAATCTCT,0
AGGAATATCGCATTGA,0
AGGAATATCTCCAAGA,0
AGGACGAAGAAATTGC,0
AGGACGAAGAAGCTGC,1
AGGACGAAGATCACTC,0
AGGACGACAACCAACT,0
AGGACGAGTATTAAGG,0
AGGACGAGTGATTCTG,0
AGGACGAGTGCAGATG,0
AGGACGATCCACCCTA,0
AGGACGATCCTCTAGC,0
AGGACGATCGTTGTTT,2
AGGACTTAGGAACGCT,0
AGGACTTAGGTAGTAT,0
AGGACTTCAATAGGAT,0
AGGACTTCACTAACGT,0
AGGACTTGTAACGCGA,0
AGGACTTGTATCGATC,0
AGGACTTGTTCCGCGA,1
AGGACTTTCCATCAGA,0
AGGACTTTCGTACCTC,0
AGGACTTTCGTTACCC,0
AGGAGGTAGCCTTTCC,1
AGGAGGTAGGACACTG,0
AGGAGGTAGGAGGCAG,0
AGGAGGTAGGATTCCT,3
AGGAGGTAGGTATAGT,0
AGGAGGTAGTATTCCG,0
AGGAGGTAGTGGCCTC,0
AGGAGGTCAGAAATTG,0
AGGAGGTCATTCTGTT,0
AGGAGGTGTACACGTT,0
AGGAGGTGTCACCGAC,0
AGGAGGTGTCTGTGCG,0
AGGAGGTGTGTCCACG,0
AGGAGGTGTTCCAGGC,1000
AGGAGGTTCAACCTTT,1000
AGGAGGTTCATGCCAA,0
AGGAGGTTCCGTAGGC,1000
AGGAGGTTCGACCACG,0
AGGAGGTTCGCTGTTC,3
AGGAGGTTCTCAGTCC,0
AGGATAAAGCCTTGAT,0
AGGATAAAGCGATTCT,0
AGGATAACACTGTTCC,0
AGGATAACATACTTTC,0
AGGATAACATGGTGGA,1
AGGATAAGTATCTCTT,0
AGGATAAGTATTCCGA,0
AGGATAAGTCAACATC,0
AGGATAAGTGACCTGC,0
AGGATAAGTGACTATC,0
AGGATAAGTGCAGTGA,0
AGGATAAGTTCATCGA,0
AGGATAAGTTCCTAAG,1
AGGATAATCACGAGGA,0
AGGATAATCCGTGCGA,0
AGGATAATCGGTCTAA,1
AGGATAATCTCCACTG,1
AGGATAATCTTACACT,3
AGGATCTAGAAGCGAA,2
AGGATCTAGACCCTTA,0
AGGATCTAGCAACAGC,0
AGGATCTAGCACGATG,0
AGGATCTAGCGACAGT,1
AGGATCTAGGAGGTTC,0
AGGATCTAGGGACAGG,0
AGGATCTAGTAAACAC,0
AGGATCTAGTAGTCTC,1
AGGATCTCAACACTAC,3
AGGATCTCAGAAGCTG,2
AGGATCTCAGACCAAG,0
AGGATCTCAGAGTGTG,0
AGGATCTCAGTAACAA,0
AGGATCTCATCCGGTG,0
AGGATCTCATGGGTCC,0
AGGATCTGTCAGGTAG,1000
AGGATCTGTCATAACC,3
AGGATCTGTCTTTATC,0
AGGATCTGTGACTCTA,0
AGGATCTGTGCTGATT,0
AGGATCTGTGTCTAAC,0
AGGATCTGTGTCTTCC,0
AGGATCTGTGTTAGCT,0
AGGATCTGTTGTCTAG,0
AGGATCTTCACATACG,0
AGGATCTTCATCAGTG,0
AGGATCTTCCCAACTC,0
AGGCATTAGACAGTCG,0
AGGCATTAGATACAGT,1000
AGGCATTAGATGCGAC,0
AGGCATTAGCACCGTC,0
AGGCATTAGCTGGCTC,2
AGGCATTAGGAGTCTG,0
AGGCATTAGTAGATCA,0
AGGCATTAGTGGTTCT,0
AGGCATTAGTTCCATG,0
AGGCATTCAAAGGTTA,0
AGGCATTCAATACCTG,0
AGGCATTCACCTGCGA,0
AGGCATTCACCTTCGT,0
AGGCATTCAGCTACTA,2
AGGCATTCATGAATAG,2
AGGCATTGTAGATCGG,0
AGGCATTGTGCAATAA,0
AGGCATTGTTCAAGGG,0
AGGCATTGTTCATCGA,1
AGGCATTGTTCTCTAT,0
AGGCATTGTTGCAACT,0
AGGCATTTCAACGTGT,1000
AGGCATTTCCATTCGC,0
AGGCATTTCCGTGACG,1000
AGGCATTTCGATGGAG,0
AGGCATTTCGCTCTAC,1
AGGCATTTCGGCTGGT,0
AGGCCACAGAATCGAT,1000
AGGCCACAGAGATTCA,0
AGGCCACAGGTGCCTC,0
AGGCCACCAGTGTATC,2
AGGCCACGTATCGATC,0
AGGCCACGTCCAACGC,0
AGGCCACGTCTCTCTG,0
AGGCCACGTGTCCACG,0
AGGCCACGTTACGCCG,0
AGGCCACGTTTGAAAG,0
AGGCCACGTTTGAACC,0
AGGCCACTCTATTTCG,0
AGGCCACTCTCATAGG,0
AGGCTGCAGAGAGTGA,0
AGGCTGCAGCATAGGC,0
AGGCTGCAGCCGATCC,0
AGGCTGCAGTCACTCA,0
AGGCTGCAGTTGCCCG,0
AGGCTGCCAGCAGTAG,0
AGGCTGCGTTAAAGTG,2
AGGCTGCTCATTACGG,0
AGGCTGCTCATTACTC,0
AGGCTGCTCGAGAAAT,0
AGGCTGCTCGAGTCCG,0
AGGCTGCTCGATCCAA,0
AGGGAGTAGACTAGAT,0
AGGGAGTAGGCCACCT,0
AGGGAGTCAAATCCCA,1000
AGGGAGTCAATACCCA,1000
AGGGAGTCACACCTAA,0
AGGGAGTCACCAGGTC,1
AGGGAGTGTGCCTTCT,1000
AGGGAGTTCGGAACTT,0
AGGGAGTTCGGCAGTC,1000
AGGGCCTAGATAACGT,0
AGGGCCTAGCGCTTCG,0
AGGGCCTCAACACGTT,0
AGGGCCTCAGATGCGA,0
AGGGCCTCATCTTCGC,1
AGGGCCTGTACTGAGG,3
AGGGCCTGTCACTCTC,0
AGGGCCTTCACTTATC,2
AGGGCCTTCCGTTTCG,0
AGGGCCTTCCTAGCTC,3
AGGGCCTTCGCTGTTC,3
AGGGCCTTCGGTAGAG,0
AGGGCCTTCGTGGAAG,1
AGGGCCTTCTCCAAGA,0
AGGGCTCAGCTACGTT,0
AGGGCTCAGTAAATGC,0
AGGGCTCAGTCTTCGA,0
AGGGCTCCACCTGCTT,1000
AGGGCTCCAGAGTTGG,0
AGGGCTCCATGGCGCT,0
AGGGCTCGTAGCGTTT,3
AGGGCTCGTAGTGATA,0
AGGGCTCGTATCGTGT,2
AGGGCTCGTATGTGTC,2
AGGGCTCGTATTCCGA,1000
AGGGCTCGTCAGACGA,0
AGGGCTCGTCCATACA,1000
AGGGCTCGTGGCCCAT,3
AGGGCTCGTGTCTTGA,0
AGGGCTCGTTTCGTAG,0
AGGGCTCTCCGAAATC,0
AGGGCTCTCTCGCAGG,0
AGGGTCCAGAATTCAG,1
AGGGTCCAGAGGCTGT,1
AGGGTCCAGGAAGTGA,1000
AGGGTCCAGGATACGC,0
AGGGTCCAGTGAGGCT,1000
AGGGTCCCAGACAATA,0
AGGGTCCGTACTAACC,0
AGGGTCCGTAGACACG,2
AGGGTCCGTCATCTAG,0
AGGGTCCGTGCACATT,0
AGGGTCCTCAATCCAG,1
AGGGTCCTCATCACAG,0
AGGGTCCTCCATCTAT,0
AGGGTCCTCTCAATCT,0
AGGGTCCTCTGGGTCG,0
AGGGTGAAGACCAAGC,0
AGGGTGAAGAGGTTAT,0
AGGGTGACAGTTGCGC,0
AGGGTGACATTGCTGA,1
AGGGTGAGTAACCCGC,1000
AGGGTGAGTCATGGCC,0
AGGGTGAGTCGTCTCT,0
AGGGTGATCAAGAGGC,1000
AGGGTGATCACTGCTC,1
AGGGTGATCGAGCTGC,0
AGGGTGATCGTAACTG,0
AGGGTGATCTAGCCAA,0
AGGGTTTAGAAGTATC,3
AGGGTTTAGACAACAT,2
AGGGTTTAGGACAGTC,0
AGGGTTTAGGCTCTAT,0
AGGGTTTAGTCTTCCC,0
AGGGTTTCAACAAGTA,0
AGGGTTTCACAAGTTC,1
AGGGTTTCACTTCATT,0
AGGGTTTCATTGCTGA,0
AGGGTTTGTAGGATAT,0
AGGGTTTGTCTTTATC,0
AGGGTTTGTTGTTTGG,1
AGGGTTTTCCGTGTAA,0
AGGGTTTTCTGGGAGA,0
AGGTAGGAGATGGTCG,0
AGGTAGGAGCAAGCCA,2
AGGTAGGAGCTACGTT,2
AGGTAGGAGGCTCTAT,0
AGGTAGGAGTAACCTC,0
AGGTAGGGTACTCGTA,2
AGGTAGGGTCATATGC,0
AGGTAGGTCCAGCAAT,1
AGGTAGGTCGCGTGCA,0
AGGTAGGTCGCTTGAA,1
AGGTAGGTCGGCTGAC,0
AGGTAGGTCTCTAAGG,2
AGGTAGGTCTGCACCT,3
AGGTCATAGTAACGTA,0
AGGTCATCACCCTCTA,0
AGGTCATCATGATAGA,0
AGGTCATGTAGGAGTC,1
AGGTCATGTAGGTACG,0
AGGTCATGTCGTATTG,0
AGGTCATGTGGCCACT,1
AGGTCATGTTGCGGAA,0
AGGTCATTCCTATTTG,0
AGGTCATTCGATACTG,0
AGGTCTAAGAATCTAG,1
AGGTCTAAGGCACTCC,1000
AGGTCTAAGGCCTGAA,0
AGGTCTACAAATCGTC,0
AGGTCTACAAGTCGTT,0
AGGTCTACAGTAGAGC,0
AGGTCTACAGTGGCTC,0
AGGTCTACATATAGCC,0
AGGTCTACATTCAGCA,0
AGGTCTACATTCTCCG,0
AGGTCTACATTGCCTC,1000
AGGTCTAGTAGATTAG,0
AGGTCTAGTGATACAA,0
AGGTCTAGTGCGCTCA,0
AGGTCTAGTGGGCTCT,2
AGGTCTAGTTAAGAAC,0
AGGTCTAGTTCCTAAG,3
AGGTCTAGTTTGAAAG,0
AGGTCTATCATCTATC,0
AGGTCTATCCCGTTGT,0
AGGTCTATCGAAGCCC,0
AGGTCTATCTTAGTTC,1000
AGGTGTTAGACAACAT,0
AGGTGTTAGAGCCGAT,1000
AGGTGTTAGATCACTC,2
AGGTGTTAGGCTCTAT,0
AGGTGTTAGGGTTGCA,0
AGGTGTTCAACCGTGC,0
AGGTGTTCAAGCTACT,0
AGGTGTTCAATTCACG,2
AGGTGTTCACCTCAGG,0
AGGTGTTCACGATAGG,0
AGGTGTTCAGACCAGA,3
AGGTGTTCAGAGGGTT,0
AGGTGTTCAGGAACCA,2
AGGTGTTCATACACCA,1
AGGTGTTGTATGTGTC,0
AGGTGTTGTGAGCGAT,0
AGGTGTTGTGATAGTA,0
AGGTGTTTCATGGAGG,2
AGGTGTTTCGATACAC,0
AGGTGTTTCTCCACTG,0
AGGTGTTTCTGTCCGT,1
AGGTTACAGTAATTGG,0
AGGTTACCAACAAGAT,0
AGGTTACCAAGTCCAT,1
AGGTTACCACAGCGCT,1000
AGGTTACCACAGTACT,0
AGGTTACCACGGGCTT,1000
AGGTTACCACTTCTCG,0
AGGTTACGTCCCACGA,0
AGGTTACGTTACGATC,0
AGGTTACGTTGATGTC,1
AGGTTACTCACAGTGT,1000
AGGTTACTCTACGCGG,0
AGGTTACTCTAGATCG,2
AGGTTACTCTGGCCGA,0
AGGTTACTCTTCGCTG,1000
AGGTTGTAGATGGGCT,0
AGGTTGTAGCAACCAG,2
AGGTTGTAGCCTATTG,0
AGGTTGTAGGATTACA,1000
AGGTTGTCAAAGACTA,0
AGGTTGTCAACCGTAT,1000
AGGTTGTCAACGATTC,1000
AGGTTGTCACCAGCCA,0
AGGTTGTCACGCCACA,0
AGGTTGTCACGTGTGC,0
AGGTTGTCAGCGAGTA,0
AGGTTGTCAGGAAGTC,0
AGGTTGTCAGGCGTTC,0
AGGTTGTCATAACAGA,3
AGGTTGTCATCGTGGC,1
AGGTTGTCATGGTGGA,1000
AGGTTGTGTCGTATGT,1000
AGGTTGTGTGACTCGC,0
AGGTTGTTCAGTGGGA,0
AGGTTGTTCGTAGGAG,0
AGGTTGTTCTCCATAT,0
AGTAACCAGAAGTCCG,3
AGTAACCAGAATTTGG,0
AGTAACCAGATGACAT,1000
AGTAACCAGGTAAGTT,1
AGTAACCAGTAGAATC,1000
AGTAACCCACAGTATC,0
AGTAACCCATCATTTC,0
AGTAACCGTAATTAGG,0
AGTAACCGTCCCGCAA,2
AGTAACCGTCGTACTA,0
AGTAACCGTGCATCTA,0
AGTAACCGTTCATCGA,0
AGTACCAAGCACAAAT,0
AGTACCAAGCCTTGAT,0
AGTACCAAGCTGTTAC,0
AGTACCAAGGGAGGGT,0
AGTACCAAGGTTCACT,3
AGTACCACAACTGGTT,1
AGTACCACACGTCATA,0
AGTACCACAGATTCGT,0
AGTACCACATTCACAG,0
AGTACCAGTTGCATAC,0
AGTACCATCACTGGTA,0
AGTACCATCGCGGTAC,1000
AGTACCATCGGAATGG,3
AGTACCATCGGCATAT,0
AGTACCATCTCCGAAA,0
AGTACCATCTGTTGGA,1000
AGTACTGAGACGCTCC,0
AGTACTGAGAGATTCA,1
AGTACTGAGCATACTC,0
AGTACTGAGGCACTCC,0
AGTACTGAGGGACACT,0
AGTACTGAGTACTCGT,0
AGTACTGAGTCCTGTA,0
AGTACTGCAAAGGGTC,0
AGTACTGCATTACTCT,1000
AGTACTGGTCAGCTTA,1
AGTACTGGTTGCACGC,3
AGTACTGTCCGTCCTA,0
AGTACTGTCCTAACAG,3
AGTACTGTCGTGTCAA,0
AGTACTGTCTCCGATC,1000
AGTAGCTAGATACATG,2
AGTAGCTAGCACTAGG,1
AGTAGCTAGTGGCGAT,0
AGTAGCTCACAACATC,0
AGTAGCTCAGGAGGTT,0
AGTAGCTCATGTAACC,0
AGTAGCTGTAAGGAGA,0
AGTAGCTGTCCAACGC,0
AGTAGCTGTCCTTGTC,0
AGTAGCTGTCTACAGT,1000
AGTAGCTGTCTCAGGC,0
AGTAGCTGTGTCTAAC,0
AGTAGCTTCTCGAACA,0
AGTAGTCAGACTACCT,0
AGTAGTCAGAGTCAAT,3
AGTAGTCCAACTCCCT,0
AGTAGTCCACTATCGA,0
AGTAGTCCAGCATCTA,1000
AGTAGTCCATAACAGA,0
AGTAGTCCATGGAGAC,1000
AGTAGTCCATTGCAAC,1
AGTAGTCGTTACGATC,0
AGTAGTCGTTGGGAAC,2
AGTAGTCTCACCGCTT,0
AGTAGTCTCCCGGTAG,0
AGTAGTCTCTCCGTGT,0
AGTCAACAGGATCACG,3
AGTCAACCAATTTCCT,0
AGTCAACCACCATATG,2
AGTCAACCACTTGGCG,2
AGTCAACCAGTCCCGA,0
AGTCAACCAGTTGAAA,2
AGTCAACCATAGGTAA,0
AGTCAACCATCGCCTT,2
AGTCAACGTACAGTTC,0
AGTCAACGTATCCCAA,1000
AGTCAACGTCGGCTAC,0
AGTCAACGTGGCTACC,0
AGTCAACGTTTGGGAG,1
AGTCAACTCGCTTTAT,0
AGTCAACTCTGTTCAT,0
AGTCACAAGCTTTCCC,0
AGTCACAAGTCCGCCA,0
AGTCACACAAATAAGC,0
AGTCACACAACCGACC,0
AGTCACACAATGCAGG,0
AGTCACAGTGTATCCA,0
AGTCACAGTTGCGAAG,2
AGTCACAGTTGGACCC,0
AGTCACAGTTGTACGT,0
AGTCACATCAAACGAA,0
AGTCACATCCACGGAC,0
AGTCACATCCCGAAAT,0
AGTCACATCCGATGCG,0
AGTCACATCGTACCTC,0
AGTCACATCGTCGACG,0
AGTCATGAGAATCGTA,3
AGTCATGAGCGAGTAC,0
AGTCATGAGCGCCATC,0
AGTCATGAGCTCAGAG,0
AGTCATGCAAATGGCG,1000
AGTCATGCAACAGCCC,0
AGTCATGCACGAGGAT,0
AGTCATGCACTATCGA,0
AGTCATGCACTGCATA,0
AGTCATGCAGAGCCCT,0
AGTCATGGTGGGTATG,1
AGTCATGGTTATTCCT,2
AGTCATGGTTCGGTAT,0
AGTCATGGTTCTCCAC,3
AGTCATGGTTGCCATA,0
AGTCATGGTTTCGTAG,0
AGTCATGTCAGACATC,0
AGTCATGTCCACTGGG,1000
AGTCATGTCTAGGAAA,2
AGTCATGTCTTTCCGG,1000
AGTCTCCAGCATGTTC,2
AGTCTCCAGCTGAAGC,0
AGTCTCCAGGACAACC,1000
AGTCTCCCAAGTGATA,1000
AGTCTCCCACAGGATG,2
AGTCTCCCACCAACAT,0
AGTCTCCCACCTGCTT,1
AGTCTCCCACTGGCGT,2
AGTCTCCCAGGAAGTC,1
AGTCTCCGTCCTGGGT,0
AGTCTCCGTCTCGGAC,0
AGTCTCCGTGGGCTTC,1000
AGTCTCCGTTCGCGTG,0
AGTCTCCGTTTACACG,2
AGTCTCCTCAAGTGGG,1000
AGTCTCCTCATCCCGT,0
AGTCTCCTCGCTAATG,0
AGTCTCCTCGGCTGAC,0
AGTCTCCTCTAGTCTC,0
AGTCTCCTCTTCTGGC,0
AGTGACTAGCACCTGC,0
AGTGACTAGCGTGAAC,0
AGTGACTAGTAGAATC,0
AGTGACTAGTGCGACA,0
AGTGACTGTACCGTCG,0
AGTGACTGTGAACCGA,3
AGTGACTGTGTTTACG,1000
AGTGACTGTTCCGTTC,0
AGTGACTTCAGTGGGA,0
AGTGACTTCTAAGGAA,0
AGTGACTTCTCTGAGA,0
AGTGATCAGAAATGGG,0
AGTGATCAGACAACAT,0
AGTGATCAGATACGAT,0
AGTGATCAGCAAATCA,0
AGTGATCAGGTCCGAA,0
AGTGATCAGTACTGTC,1000
AGTGATCAGTCCCAAT,0
AGTGATCCAACTAGAA,0
AGTGATCCAATCGCCG,0
AGTGATCCAGGCGTTC,0
AGTGATCCAGGTAGTG,3
AGTGATCCAGTCGGAA,0
AGTGATCGTAACTGCT,3
AGTGATCGTACCAGAG,0
AGTGATCGTAGCTAAA,0
AGTGATCGTCATGCAT,0
AGTGATCTCACTCGAA,1000
AGTGATCTCCCATTCG,1000
AGTGATCTCTCGCGTT,1000
AGTGCCGAGAGCAACC,0
AGTGCCGAGCATCCCG,1
AGTGCCGAGCCTTGAT,3
AGTGCCGAGGCACCAA,0
AGTGCCGAGGCTGGAT,0
AGTGCCGAGGTCTTTG,0
AGTGCCGCAACGACTT,3
AGTGCCGCAACGGCCT,0
AGTGCCGCAATAGTGA,1
AGTGCCGCAATCCTAG,1
AGTGCCGCACGGCTAC,0
AGTGCCGCAGCGAACA,0
AGTGCCGCAGCTCTGG,3
AGTGCCGTCATTGCTT,3
AGTGCCGTCGAACACT,0
AGTGCCGTCTGGGCAC,0
AGTGTTGAGACACACG,0
AGTGTTGAGACTTCAC,0
AGTGTTGAGAGTTGTA,2
AGTGTTGAGATAGTCA,0
AGTGTTGAGCTAATCC,0
AGTGTTGCAAGAGCTG,1000
AGTGTTGCACCTCTGT,0
AGTGTTGCAGAATTCC,0
AGTGTTGCAGGAGACT,0
AGTGTTGCATTGAAGA,0
AGTGTTGGTAGACAAT,1000
AGTGTTGGTGCAATGG,0
AGTGTTGGTGGTTCTA,0
AGTGTTGTCATTCCTA,1000
AGTGTTGTCGAACCAT,3
AGTGTTGTCGGCTTCT,0
AGTGTTGTCTACACAG,0
AGTGTTGTCTCCGAAA,0
AGTGTTGTCTGAGAGG,0
AGTTAGCAGACTTGTC,2
AGTTAGCAGAGAGCCT,0
AGTTAGCAGATACGAT,0
AGTTAGCAGCAATAGT,3
AGTTAGCAGCGCTGCT,0
AGTTAGCAGCTCAGAG,0
AGTTAGCAGCTTCTAG,0
AGTTAGCAGGCACCAA,0
AGTTAGCAGTGTAGTA,0
AGTTAGCCATGGAGAC,0
AGTTAGCGTGAGCTCC,0
AGTTAGCGTGATTAGA,0
AGTTAGCGTGGCAACA,0
AGTTAGCTCACGTAGT,0
AGTTAGCTCATCGTAG,0
AGTTAGCTCCATTTCA,0
AGTTAGCTCCTCTCGA,0
AGTTAGCTCGAGAAGC,1000
AGTTAGCTCGGCTGGT,0
AGTTAGCTCGGCTTCT,0
AGTTAGCTCTAAGCCA,1000
AGTTCCCAGACTACCT,0
AGTTCCCAGACTTCGT,0
AGTTCCCAGCGTCGAA,0
AGTTCCCAGGAGGCAG,0
AGTTCCCAGGAGTATT,3
AGTTCCCAGGGAGATA,0
AGTTCCCAGTCAATCC,1
AGTTCCCCAAGACGGT,2
AGTTCCCCAATAGTGA,1
AGTTCCCCACCAGCGT,2
AGTTCCCCATATGGCT,0
AGTTCCCCATCTCAAG,1000
AGTTCCCCATGACTTG,3
AGTTCCCGTAAGGCTG,0
AGTTCCCGTAGTTACC,0
AGTTCCCGTGTACAGG,0
AGTTCCCGTGTGTTTG,0
AGTTCCCTCAAACCTG,2
AGTTCCCTCGATCCAA,0
AGTTCCCTCGGTAGGA,1
AGTTCGAAGTGGACTG,0
AGTTCGACACAACGTT,0
AGTTCGACACCCTGTT,0
AGTTCGACACCTGTCT,0
AGTTCGACACGTGTGC,0
AGTTCGACAGTGTATC,0
AGTTCGACATGACCCG,1000
AGTTCGACATGTGGCC,1
AGTTCGAGTTAAACCC,1
AGTTCGAGTTATGACC,0
AGTTCGAGTTGCTCCT,0
AGTTCGATCCGGTAAT,0
AGTTCGATCGATACAC,0
AGTTCGATCGCCTTGT,0
AGTTCGATCGGAACTT,3
AGTTCGATCTACCAGA,0
AGTTCGATCTATCCAT,0
AGTTCGATCTCACTCG,1000
ATACCGAAGCAACCAG,3
ATACCGAAGCATTTCG,0
ATACCGAAGCGATGCA,3
ATACCGAAGCGGTATG,0
ATACCGACAACGGCTC,1000
ATACCGACACGTACTA,0
ATACCGACACTCCTGT,0
ATACCGACAGTCGCAC,0
ATACCGACATCCTAAG,0
ATACCGAGTGTGCTTA,0
ATACCGATCCACTGAA,0
ATACCGATCCGAGAAG,0
ATACCGATCGAAGCCC,0
ATACCGATCGTCCATC,0
ATACCTTAGACATACA,0
ATACCTTAGACCTTTG,1
ATACCTTAGAGAGTGA,3
ATACCTTAGGGAGAAT,0
ATACCTTAGGGCAGTT,0
ATACCTTAGGTGCTGA,0
ATACCTTCAATCGCCG,2
ATACCTTCATCAACCA,0
ATACCTTCATGAATCC,0
ATACCTTCATGCTGCG,0
ATACCTTGTCCGGCAT,2
ATACCTTGTGCCCGTA,1
ATACCTTGTTGGCCTG,2
ATACCTTTCATCCCGT,0
ATACCTTTCCCTAGGG,0
ATACCTTTCCTTCTTC,0
ATACCTTTCGACCTAA,0
ATACCTTTCGCTTACC,1
ATACCTTTCGTGGCGT,0
ATACCTTTCTTACCAT,0
ATACTTCAGACAGCTG,1000
ATACTTCAGCACCCAC,0
ATACTTCAGCGAGAAA,0
ATACTTCAGTCACTCA,1
ATACTTCAGTCGCCCA,0
ATACTTCCACAACGAG,1
ATACTTCCAGGAATCG,0
ATACTTCGTATGACAA,0
ATACTTCGTCCTGGTG,0
ATACTTCGTGAAGCTG,0
ATACTTCTCATTCCTA,0
ATACTTCTCCAAGCAT,3
ATACTTCTCCGAGAAG,1
ATACTTCTCTATTTCG,0
ATACTTCTCTGTCCGT,0
ATAGACCAGCAGCACA,3
ATAGACCAGCCTTTCC,0
ATAGACCAGGGTTAGC,0
ATAGACCCAACCCTAA,0
ATAGACCCATTGACAC,0
ATAGACCGTAACCCGC,0
ATAGACCGTCCAAGAG,1000
ATAGACCGTGTGAATA,0
ATAGACCGTTCGGTCG,1000
ATAGACCTCAACTTTC,0
ATAGACCTCATAGCAC,1000
ATAGACCTCGGATTAC,1000
ATAGACCTCTACCTTA,0
ATAGACCTCTTCCTAA,0
ATAGACCTCTTCGTGC,0
ATAGAGAAGACTCGAG,0
ATAGAGAAGCCGATAG,0
ATAGAGAAGCTAATCC,2
ATAGAGAAGGGCGAAG,0
ATAGAGACAATACAGA,0
ATAGAGACAATGCAAA,1
ATAGAGACAATTTCCT,0
ATAGAGAGTATCGCGC,1
ATAGAGAGTCCACGCA,0
ATAGAGAGTCTGTGAT,3
ATAGAGAGTGCCGTAC,0
ATAGAGAGTGCCTAAT,0
ATAGAGAGTTTGCCGG,1
ATAGAGATCAAGATAG,1000
ATAGAGATCACCGGGT,1
ATAGAGATCAGTCTTT,1
ATAGAGATCATAAGGA,0
ATAGAGATCCTAACAG,0
ATAGAGATCGTTGTTT,0
ATAGAGATCTTCGTAT,0
ATAGGCTAGCCATATC,0
ATAGGCTAGGAAGAAC,0
ATAGGCTAGGACTTCT,0
ATAGGCTAGGGTTTCT,1000
ATAGGCTAGTCAAGCG,0
ATAGGCTAGTCCCGAC,0
ATAGGCTCAAGCGCTC,0
ATAGGCTCAGCGATTT,0
ATAGGCTCATTCTCCG,3
ATAGGCTGTACAGTAA,0
ATAGGCTGTAGCTTGT,0
ATAGGCTGTCGCAGTC,0
ATAGGCTGTCGCGTCA,0
ATAGGCTGTTTAAGGA,0
ATAGGCTTCAAGTGTC,0
ATAGGCTTCACCTCGT,0
ATAGGCTTCCATCTGC,0
ATAGGCTTCGGCGATC,0
ATAGGCTTCTACTATC,1000
ATATCCTAGCAACAAT,0
ATATCCTAGCTGGAGT,0
ATATCCTAGGTGTGAC,0
ATATCCTCAAACAGGC,0
ATATCCTCAACTAGAA,0
ATATCCTCAATGAACA,0
ATATCCTCAGCAGAAC,0
ATATCCTGTTCGTACA,0
ATATCCTGTTTACTTC,1000
ATATCCTTCCAACTAG,0
ATATCCTTCCGATGTA,0
ATATCCTTCGTAGTGT,0
ATCACAGAGTTCCATG,0
ATCACAGCACACTTAG,2
ATCACAGCATTCTTCA,0
ATCACAGGTAGCGTAG,0
ATCACAGGTCCACACG,0
ATCACAGGTCTGGTTA,0
ATCACAGGTTGCGTAT,0
ATCACAGTCAGTCACA,0
ATCACAGTCAGTCAGT,0
ATCACGAAGCTTGTGT,0
ATCACGAAGGCGTTAG,0
ATCACGAAGTGTTGTC,0
ATCACGAAGTTGGCGA,0
ATCACGACAGCAGGAT,0
ATCACGACATTGACAC,0
ATCACGAGTAAGATCA,0
ATCACGAGTACGAGTG,0
ATCACGAGTCCTTGTC,1000
ATCACGAGTTGCCTAA,0
ATCACGATCAGGCGAA,0
ATCACGATCATACGGT,0
ATCACGATCGAATCCA,1000
ATCACGATCGCCTCTA,2
ATCACGATCTGTCCGT,3
ATCACGATCTGTTCAT,2
ATCACTTAGAAAGCGA,0
ATCACTTAGCAGGTCA,0
ATCACTTAGGAACGAA,0
ATCACTTAGGAGACCT,0
ATCACTTAGTCCTACA,1000
ATCACTTCAAGGCGTA,0
ATCACTTCATCATTTC,0
ATCACTTCATCGTCCT,0
ATCACTTCATGCCATA,0
ATCACTTGTAATCAGA,0
ATCACTTGTAGTATAG,0
ATCACTTGTAGTGTGG,0
ATCACTTGTGAGCTCC,3
ATCACTTGTTCACCGG,3
ATCACTTGTTTGACAC,0
ATCACTTTCAAGAGTA,0
ATCACTTTCAGTAGGG,0
ATCACTTTCATCTCTA,0
ATCACTTTCATGCGGC,2
ATCACTTTCTCCTGTG,0
ATCAGGTAGGGAACAA,1
ATCAGGTCAACTAGAA,1000
ATCAGGTCACTAGGCC,0
ATCAGGTCACTTCCTG,3
ATCAGGTCACTTGACA,3
ATCAGGTCAGCGTACC,0
ATCAGGTCAGGGTTGA,1000
ATCAGGTCATCGGAGA,0
ATCAGGTTCATTCATC,0
ATCATTCAGAATTGCA,1
ATCATTCAGCAAGGAA,0
ATCATTCAGCTATCTG,0
ATCATTCAGGTGAGAA,0
ATCATTCCAAGAATAC,0
ATCATTCGTCCCTAAA,0
ATCATTCGTCCGGACT,1000
ATCATTCGTGCCGTAC,0
ATCCACCAGAATCCCT,0
ATCCACCAGCAACAAT,0
ATCCACCAGGCATCTT,0
ATCCACCAGGCCTAGA,0
ATCCACCCAGGCAATG,0
ATCCACCGTCATCGCG,0
ATCCACCGTCCATACA,2
ATCCACCTCAATGCAC,3
ATCCACCTCAGCCTCT,0
ATCCACCTCGCATGAT,1000
ATCCACCTCTAAGGAA,0
ATCCACCTCTTCCGTG,0
ATCCATTAGAAGCGCT,3
ATCCATTAGACCTGGA,0
ATCCATTAGATAGTGT,0
ATCCATTAGCACACCC,0
ATCCATTAGGCACTAG,1000
ATCCATTAGTCATACC,0
ATCCATTCAATTGCTG,1000
ATCCATTCACCGGCTA,1
ATCCATTCAGCGTGCT,1
ATCCATTCAGGTGACA,0
ATCCATTCATTCACCC,1000
ATCCATTGTATCGATC,0
ATCCATTGTCCTGGGT,0
ATCCATTGTCGTCAGC,0
ATCCATTGTGAGCAGT,0
ATCCATTGTGGAGAAA,0
ATCCATTGTGGGATTG,0
ATCCATTTCATGTCAG,1
ATCCCTGAGGTCATCT,0
ATCCCTGAGTGACCTT,0
ATCCCTGCAAGAGTGC,0
ATCCCTGCAATGAACA,0
ATCCCTGCACTCAAGT,0
ATCCCTGCACTGGCGT,0
ATCCCTGCAGGGAGAG,0
ATCCCTGGTTAGAGAT,0
ATCCCTGGTTCTCAGA,0
ATCCCTGGTTTCAGAC,0
ATCCCTGGTTTGGAGG,2
ATCCCTGTCGCCAGAC,1
ATCCCTGTCTTACGTT,0
ATCCCTGTCTTAGCAG,0
ATCCGTCAGGAGGCAG,0
ATCCGTCAGGTGGCTA,3
ATCCGTCCAAAGCACG,2
ATCCGTCCAACCGGAA,3
ATCCGTCCAACGATCT,0
ATCCGTCCAAGCCATT,1000
ATCCGTCCACAACGAG,0
ATCCGTCCACAGTGTT,0
ATCCGTCCACATCATG,2
ATCCGTCCACGACGAA,0
ATCCGTCCACGCTGAC,0
ATCCGTCCAGTAGAGC,0
ATCCGTCCAGTCAGCC,3
ATCCGTCCATCCCACT,2
ATCCGTCGTAGTCGGA,0
ATCCGTCGTCCATCTC,1
ATCCGTCGTCTCACGG,0
ATCCGTCGTTGCCATA,2
ATCCGTCTCATGCTAG,0
ATCCGTCTCGCTATTT,1
ATCCGTCTCTCCTGTG,1
ATCCGTCTCTGTCGTC,2
ATCCGTCTCTGTTGGA,3
ATCCTATAGAAGGGAT,0
ATCCTATAGCGTCTCG,0
ATCCTATAGGAGCAAA,0
ATCCTATAGTTGTCAC,0
ATCCTATCACCTCAGG,0
ATCCTATCAGAGTGTG,1
ATCCTATCAGTGCGCT,0
ATCCTATGTATGGTAA,0
ATCCTATGTGACACAG,0
ATCCTATTCACTCACC,0
ATCCTATTCCGATGTA,0
ATCCTATTCGGATACT,1
ATCGATGAGACCAACG,0
ATCGATGAGACCAGCA,0
ATCGATGAGACTGAGC,0
ATCGATGAGAGTCAGC,0
ATCGATGAGTCACTAC,0
ATCGATGAGTGGATTA,0
ATCGATGAGTTTCGAC,0
ATCGATGCAACCAATC,1000
ATCGATGCAGAGCTAG,0
ATCGATGCAGGTTCGC,0
ATCGATGCATTCATCT,0
ATCGATGTCCGTAGTA,0
ATCGATGTCGGCTCTT,0
ATCGCCTAGACGCTCC,0
ATCGCCTAGGAAGAAC,0
ATCGCCTAGGGTGGGA,3
ATCGCCTAGTCGTCTA,0
ATCGCCTCAAAGTATG,0
ATCGCCTCACGCCACA,0
ATCGCCTCACTCCACT,0
ATCGCCTGTCACTCGG,2
ATCGCCTGTTCCAGGC,0
ATCGCCTGTTGTGCAT,0
ATCGCCTTCGCTATTT,0
ATCGGATAGACCTCCG,0
ATCGGATAGATGTAGT,1000
ATCGGATAGCTCGGCT,1000
ATCGGATAGGTCGTCC,0
ATCGGATAGGTGCGAT,0
ATCGGATAGGTTCTAC,0
ATCGGATAGTTCAACC,0
ATCGGATCAATAACCC,0
ATCGGATCACAGTCAT,0
ATCGGATCACGCCAGT,0
ATCGGATCACTACACA,0
ATCGGATCACTGTGAT,0
ATCGGATCAGCCGTCA,1000
ATCGGATCAGTCCGTG,0
ATCGGATGTCGCGGTT,0
ATCGGATGTCTGTAGT,0
ATCGGATTCCTATTTG,0
ATCGGATTCGGTAAGG,0
ATCGGATTCTCGGTAA,0
ATCGGATTCTTACACT,0
ATCGGCGAGCAGCGAT,0
ATCGGCGCAAAGACGC,0
ATCGGCGCAAGCCATT,0
ATCGGCGCACGACAGA,0
ATCGGCGCACGTTGGC,3
ATCGGCGCAGGTCTCG,0
ATCGGCGCATACCATG,2
ATCGGCGCATAGTCGT,3
ATCGGCGCATGGCTAT,0
ATCGGCGGTGGACTAG,3
ATCGGCGTCAAGAGGC,1000
ATCGGCGTCCCTCTTT,2
ATCGGCGTCGCTCTCA,0
ATCGGCGTCTAGACCA,0
ATCGGCGTCTCAACCC,0
ATCGGCGTCTTTGATC,0
ATCGTAGCACATAGCT,1000
ATCGTAGCACCGCTAG,0
ATCGTAGCAGCGCTTG,0
ATCGTAGGTACTTGTG,0
ATCGTAGGTCGACTTA,1000
ATCGTAGGTGTGTCGC,1000
ATCGTAGGTTATCTGG,3
ATCGTAGGTTCCACGG,1000
ATCGTAGTCAAGTAAG,1
ATCGTAGTCCCTTTGG,1
ATCGTAGTCCGCATAA,0
ATCGTAGTCTCTCTTC,3
ATCGTCCAGATCGCCC,0
ATCGTCCAGCACTCTA,2
ATCGTCCAGCTCGTGC,0
ATCGTCCAGGGTATAT,3
ATCGTCCAGGTTTGAA,0
ATCGTCCAGTGCGCTC,2
ATCGTCCCACGGAAGT,3
ATCGTCCCAGAAGTGC,0
ATCGTCCCAGTTCACA,1000
ATCGTCCGTGGCACTC,1
ATCGTCCGTGGTACAG,0
ATCGTCCGTTGACTAC,0
ATCGTCCTCACCTCAC,0
ATCGTCCTCAGCTTCC,3
ATCGTCCTCCAACTAG,0
ATCGTGAAGCAGGTCA,1000
ATCGTGAAGTCGAAGC,0
ATCGTGACAAGGTCTT,0
ATCGTGACAATCGAAA,3
ATCGTGACACTCCACT,0
ATCGTGACACTTACAG,1000
ATCGTGACAGCCCACA,1
ATCGTGACAGTTAGGG,3
ATCGTGACATGAATCC,0
ATCGTGACATTGAGGG,1
ATCGTGAGTACCTAAC,0
ATCGTGAGTGTTGACT,1
ATCGTGATCATGCATG,0
ATCGTGATCCAACCAA,0
ATCGTGATCGAGGCAA,0
ATCGTGATCTCCATAT,1000
ATCGTGATCTGGTGCG,0
ATCTCTAAGAGACAAG,0
ATCTCTAAGCTTAAGA,0
ATCTCTAAGGCATTTC,0
ATCTCTACACTCTCGT,1000
ATCTCTACATGTGTCA,0
ATCTCTAGTCTGCGCA,0
ATCTCTAGTTTGATCG,0
ATCTCTATCACGTAGT,0
ATCTTCAAGGAACTAT,1
ATCTTCAAGTTAACAG,0
ATCTTCACAAGCGGAT,0
ATCTTCACATAGCACT,0
ATCTTCACATTCCTCG,1000
ATCTTCAGTGTGAGCA,1000
ATCTTCATCAGTCACA,0
ATCTTCATCCGGGACT,0
ATCTTCATCGTCGACG,0
ATCTTCATCTCCTGAC,0
ATCTTCATCTGTTGGA,1000
ATGAAAGAGAGTCACG,0
ATGAAAGAGTCCCGAC,0
ATGAAAGCAGAGATTA,0
ATGAAAGGTCCAAGAG,0
ATGAAAGGTCCACTCT,0
ATGAAAGGTGGAGAAA,2
ATGAAAGGTGTTAACC,3
ATGAAAGTCATACGGT,3
ATGAAAGTCATCAGTG,0
ATGAAAGTCCGTCACT,1000
ATGAAAGTCGATTGAC,1000
ATGACCAAGAGCATTA,0
ATGACCAAGCACTCGC,0
ATGACCAAGCCTGTGC,0
ATGACCAAGGTACAAT,0
ATGACCAAGGTGTGAC,1000
ATGACCACAACGCCCA,2
ATGACCACACTTGACA,0
ATGACCACATCCGTTC,3
ATGACCACATGTGGTT,0
ATGACCACATTCGGGC,2
ATGACCAGTCATCCCT,0
ATGACCAGTCGACGCT,0
ATGACCAGTTCGGGTC,1000
ATGACCAGTTGTGCCG,0
ATGACCATCAATCGGT,0
ATGACCATCAGCTGTA,0
ATGACCATCATCGCAA,0
ATGACCATCCATCGTC,0
ATGACCATCGGAGTGA,0
ATGACCATCTCATTAC,2
ATGACCATCTGTACAG,0
ATGACCATCTGTTCAT,0
ATGAGGGAGAGGATCC,0
ATGAGGGAGCATCCTA,0
ATGAGGGAGTAGTCTC,0
ATGAGGGAGTTAGTGA,3
ATGAGGGAGTTCTACG,0
ATGAGGGCAAAGCGTG,0
ATGAGGGCACTGATTG,0
ATGAGGGCAGAGGTAC,0
ATGAGGGCAGCTGTAT,0
ATGAGGGCATAATCCG,0
ATGAGGGGTTTGACAC,0
ATGAGGGTCACTGTTT,0
ATGAGGGTCGTGTCAA,1000
ATGAGGGTCTCTAAGG,0
ATGAGTCAGAAACTCA,0
ATGAGTCAGCAAATCA,0
ATGAGTCAGCCAGAGT,0
ATGAGTCAGCGCCATC,0
ATGAGTCAGGCTTAGG,0
ATGAGTCAGTCACACT,0
ATGAGTCCAACGACAG,0
ATGAGTCCACAGTATC,0
ATGAGTCCACTGGATT,0
ATGAGTCGTATCGCGC,1000
ATGAGTCGTCCAGTTA,0
ATGAGTCGTCTAGGCC,0
ATGAGTCTCACTTTGT,0
ATGAGTCTCCTTCACG,0
ATGATCGAGACTTGTC,2
ATGATCGAGAGAGCCT,0
ATGATCGAGATACGAT,0
ATGATCGAGCAATAGT,3
ATGATCGAGCGCTGCT,0
ATGATCGAGCTTCTAG,0
ATGATCGAGGCACCAA,0
ATGATCGAGTGTAGTA,0
ATGATCGCACCCAAGC,0
ATGATCGCATAAGCGG,0
ATGATCGGTAGCACGA,0
ATGATCGGTAGTCCTA,2
ATGATCGGTCCATACA,0
ATGATCGGTCGGTGAA,2
ATGATCGGTCGTGTTA,0
ATGATCGGTGCAGTGA,0
ATGATCGGTGTATTCG,0
ATGATCGGTTAGAAGT,0
ATGATCGGTTCGTTCC,0
ATGATCGTCAAGGACG,0
ATGATCGTCATCAGTG,0
ATGATCGTCCGTCCTA,1000
ATGCATGAGCACTAAA,0
ATGCATGAGGACGCTA,0
ATGCATGAGTTAGTAG,0
ATGCATGAGTTCCAGT,2
ATGCATGCACATAGCT,0
ATGCATGGTATCCTCC,0
ATGCATGGTGCCCACA,0
ATGCATGGTGTATCCA,0
ATGCATGTCATGCCCT,0
ATGCATGTCCGCGGAT,1000
ATGCATGTCTGCGGCA,0
ATGCATGTCTTCGTGC,1
ATGCCTCAGCACTAGG,0
ATGCCTCAGGACTTCT,0
ATGCCTCAGGGTCAAC,1000
ATGCCTCAGTCCCAAT,0
ATGCCTCCACAACCGC,0
ATGCCTCCACTGTCCT,1000
ATGCCTCCACTTTATC,0
ATGCCTCCAGCTAACT,0
ATGCCTCCAGGAGGAG,0
ATGCCTCCAGGTATGG,0
ATGCCTCCATCATCCC,2
ATGCCTCCATCTGGGC,0
ATGCCTCGTAACTAAG,0
ATGCCTCGTAGTGTGG,3
ATGCCTCGTTGTGGCC,2
ATGCCTCTCACCTTGC,1000
ATGCCTCTCCCATAAG,0
ATGCCTCTCGCAGAGA,0
ATGCCTCTCGTCCTCA,1
ATGCCTCTCTATGCCC,0
ATGCCTCTCTTGGATG,0
ATGCGATAGACGATAT,0
ATGCGATAGCGGACAT,0
ATGCGATAGGTTCTTG,3
ATGCGATAGTGGACGT,3
ATGCGATAGTTGGCTT,0
ATGCGATCAACTGTGT,3
ATGCGATCACCGGTCA,0
ATGCGATCAGTGACCC,0
ATGCGATCATAACCCA,3
ATGCGATGTACCGTGC,0
ATGCGATGTAGGTCAG,0
ATGCGATGTCGGCACT,0
ATGCGATGTGAATATG,2
ATGCGATGTGGAGAAA,0
ATGCGATGTGTTATCG,1
ATGCGATTCCACTTCG,2
ATGCGATTCCGTCAAA,0
ATGCGATTCGCGGTAC,1
ATGCGATTCGTGGGTC,1000
ATGCGATTCGTGTGGC,0
ATGCGATTCTCGAACA,0
ATGGAGGAGACCATAA,0
ATGGAGGAGACCGTTT,2
ATGGAGGAGAGTATAC,3
ATGGAGGAGCCATTGT,0
ATGGAGGAGCGTGTCC,0
ATGGAGGAGTTCATCG,0
ATGGAGGCACGGTGTC,0
ATGGAGGGTATCACGT,0
ATGGAGGGTGCCTGAC,0
ATGGAGGTCGAACGCC,0
ATGGATCAGAGGGCGA,0
ATGGATCAGTTTGTCG,2
ATGGATCCAATGGGTG,0
ATGGATCCACCAGACC,0
ATGGATCCAGCGTACC,1
ATGGATCCATCAGTGT,0
ATGGATCGTGACAACG,0
ATGGATCGTGAGATTA,0
ATGGATCGTTACGGAG,1000
ATGGATCGTTTCCATT,0
ATGGATCTCCAACACA,0
ATGGATCTCGAATCCA,0
ATGGATCTCGCTATTT,0
ATGGATCTCGCTGTCT,0
ATGGATCTCTCGCCTA,0
ATGGGAGAGACCATAA,0
ATGGGAGAGGTCCCGT,1000
ATGGGAGAGGTGCATG,0
ATGGGAGAGTGCTCGC,1
ATGGGAGAGTGTCATC,0
ATGGGAGAGTTCATGC,0
ATGGGAGCAACGGGTA,0
ATGGGAGCAAGAAATC,0
ATGGGAGCACATACTG,0
ATGGGAGCACCCAATA,0
ATGGGAGCATTGACAC,0
ATGGGAGTCACATCAG,0
ATGGGAGTCGATACTG,0
ATGGGAGTCGGACTTA,1000
ATGGGAGTCTCATTGT,0
ATGGGAGTCTCCGTGT,0
ATGGGTTAGAGGTTTA,0
ATGGGTTAGCGATGCA,0
ATGGGTTAGGCCATAG,1000
ATGGGTTCAAGCTGTT,0
ATGGGTTCAGGCACTC,2
ATGGGTTGTACACGTT,0
ATGGGTTGTACCGGAA,0
ATGGGTTGTGACTAAA,0
ATGGGTTTCAATGTCG,1
ATGGGTTTCAGTCACA,2
ATGGGTTTCCACAGGC,1000
ATGGGTTTCCCGAAAT,0
ATGGGTTTCGGTAGAG,0
ATGGGTTTCTACGCGG,0
ATGGGTTTCTAGGCCG,0
ATGGTTGAGAAAGCGA,1000
ATGGTTGAGAGATCGC,3
ATGGTTGAGCGTCAGA,0
ATGGTTGAGGTACAGC,3
ATGGTTGCAAGCGGAT,0
ATGGTTGCACCCTAAA,0
ATGGTTGCACGACAGA,0
ATGGTTGCACGCGTGT,1
ATGGTTGCAGGCTCTG,0
ATGGTTGCATTGTCGA,0
ATGGTTGGTATACCTG,0
ATGGTTGGTCATCGGC,1000
ATGGTTGGTCCCGTGA,0
ATGGTTGGTCCGGTCA,0
ATGGTTGGTCGCATTA,1
ATGGTTGGTGATCGTT,0
ATGGTTGTCACTTCTA,0
ATGGTTGTCCAACCGG,0
ATGGTTGTCGATCCAA,0
ATGGTTGTCTCATTGT,0
ATGGTTGTCTCTGAGA,0
ATGGTTGTCTTCCCAG,0
ATGGTTGTCTTCCCGA,0
ATGTCCCAGACTTCCA,0
ATGTCCCAGATGGCGT,0
ATGTCCCAGCGGTAAC,0
ATGTCCCAGGGCAGAG,0
ATGTCCCCAAGAGTGC,3
ATGTCCCCAAGGAGTC,0
ATGTCCCCAGGCTATT,0
ATGTCCCGTCCAAGAG,2
ATGTCCCGTCTCACGG,2
ATGTCCCTCAGGAACG,0
ATGTCCCTCGTTCCTG,0
ATGTCCCTCTATGCCC,0
ATGTCCCTCTCGACCT,0
ATGTCCCTCTCTCTAA,0
ATGTCCCTCTTTCAGT,0
ATGTCTTAGAGAACCC,0
ATGTCTTAGGAACGAA,2
ATGTCTTCAGTGCCTG,3
ATGTCTTCATTGTAGC,0
ATGTCTTGTAAGCGGT,1
ATGTCTTGTGTCTTCC,0
ATGTCTTGTTAGTTCG,0
ATGTCTTTCAGTCACA,2
ATGTCTTTCCAACACA,1
ATGTCTTTCCACGTCT,0
ATGTCTTTCGAAGGAC,0
ATGTCTTTCGTCCTTG,3
ATGTCTTTCTCCGCAT,1000
ATTACCTAGCTGCCTG,0
ATTACCTAGTAAATGC,1000
ATTACCTAGTATGGCG,0
ATTACCTCAAGCGAGT,0
ATTACCTCACAACGAG,0
ATTACCTCAGCTACCG,0
ATTACCTGTAAGCGGT,0
ATTACCTGTCAACCAT,0
ATTACCTGTCCTTAAG,0
ATTACCTTCAACTGGT,0
ATTACCTTCACTTTGT,0
ATTACCTTCAGAGTTC,0
ATTACCTTCCATTGGA,0
ATTACCTTCCCGGTAG,0
ATTACCTTCCCTGGTT,0
ATTACCTTCCGTTTCG,0
ATTACCTTCCTCTCGA,1
ATTACCTTCGGATAAA,1000
ATTACCTTCTACGGGC,0
ATTACCTTCTCATTTG,0
ATTACCTTCTCGACGG,0
ATTACTCAGGTTCCGC,2
ATTACTCCAAGTGTCT,0
ATTACTCGTAATGCGG,0
ATTACTCGTACGTGAG,0
ATTACTCGTAGGAGTC,0
ATTACTCGTATGACAA,3
ATTACTCGTTTGCAGT,3
ATTACTCTCAACTTTC,0
ATTACTCTCCTTGGAA,0
ATTACTCTCTCCAAGA,0
ATTATCCAGCAAGTGC,0
ATTATCCAGCTCCACG,0
ATTATCCAGTAGAATC,0
ATTATCCCACAAATGA,0
ATTATCCCAGAGTCAG,1000
ATTATCCCAGCGACCT,1
ATTATCCCATCGGAGA,0
ATTATCCGTCTCGACG,0
ATTATCCGTTATTCCT,0
ATTATCCGTTGTATGC,1
ATTATCCTCGCTACAA,0
ATTATCCTCTTGGTCC,2
ATTCACTAGACATATG,0
ATTCACTAGCACCGTC,0
ATTCACTAGCGTGTTT,0
ATTCACTAGGCGACAT,0
ATTCACTAGTACCCTA,0
ATTCACTAGTAGCATA,1000
ATTCACTCAACGGCCT,1
ATTCACTCACTACAGT,0
ATTCACTCATGAATAG,1000
ATTCACTCATGACGAG,0
ATTCACTGTAAGAACT,0
ATTCACTGTAGTATAG,0
ATTCACTGTGTCGATT,0
ATTCACTGTTGCGAAG,0
ATTCACTTCAATCTCT,0
ATTCACTTCACGGGAA,0
ATTCACTTCCCAGGCA,0
ATTCACTTCTTTCCAA,1
ATTCAGGAGCAACAAT,1
ATTCAGGAGCTTCGTA,2
ATTCAGGAGGACGGAG,2
ATTCAGGAGGATTTGA,0
ATTCAGGAGGTAGACC,2
ATTCAGGAGGTCACCC,0
ATTCAGGCAAGGTCTT,0
ATTCAGGCAGCCATTA,2
ATTCAGGGTATTGAGA,0
ATTCAGGGTGTCCACG,0
ATTCAGGTCACCCATC,1000
ATTCAGGTCAGGTGTT,0
ATTCAGGTCATGACAC,1
ATTCAGGTCATGGTAC,0
ATTCAGGTCCACGTCT,0
ATTCAGGTCCTTGAAG,0
ATTCAGGTCGCAGTTA,2
ATTCAGGTCGGCCTTT,0
ATTCATCAGCTAAATG,2
ATTCATCAGCTCACTA,0
ATTCATCAGGCCGCTT,1
ATTCATCCACCTGATA,0
ATTCATCCACTGTTCC,0
ATTCATCCATAGGCGA,2
ATTCATCCATCAGCTA,0
ATTCATCCATGTTTGG,0
ATTCATCCATTCAGCA,3
ATTCATCGTAATGATG,0
ATTCATCGTACTGCGC,0
ATTCATCGTAGTCTGT,0
ATTCATCGTCCAAGAG,0
ATTCATCGTGAGCAGT,0
ATTCATCTCAATGTCG,2
ATTCATCTCACTCCGT,1000
ATTCATCTCGGTTCAA,2
ATTCATCTCGTAACTG,0
ATTCCATAGGAACTAT,0
ATTCCATCAAGCGAGT,1
ATTCCATCACTGGAAG,0
ATTCCATGTGACTCGC,3
ATTCCATGTTCGGCCA,1
ATTCCATGTTGGATCT,0
ATTCCATTCCGTCACT,0
ATTCCATTCGCCAGAC,0
ATTCCATTCGGTCACG,2
ATTCCATTCTCACCCA,3
ATTCCATTCTTAGTTC,3
ATTCCCGAGAATAGTC,0
ATTCCCGAGTACCATC,0
ATTCCCGAGTATTAGG,0
ATTCCCGCACCAGCCA,3
ATTCCCGCAGAGTGAC,1
ATTCCCGGTCTCAAGT,0
ATTCCCGGTCTTACAG,0
ATTCCCGGTGGAGAAA,0
ATTCCCGTCCTATTTG,0
ATTCCCGTCGATGCTA,0
ATTCCCGTCTACAGGT,0
ATTCCCGTCTGACAGT,0
ATTCCTAAGATGTTGA,0
ATTCCTAAGCCTCGTG,0
ATTCCTAAGCGTCTGC,0
ATTCCTAAGCTACTGT,0
ATTCCTAAGCTGCCTG,1000
ATTCCTAAGGACATCG,0
ATTCCTACAAACACCT,0
ATTCCTACAGAAGCTG,0
ATTCCTAGTACCCAGC,0
ATTCCTAGTATGATCC,0
ATTCCTAGTGAAGCTG,0
ATTCCTAGTTGGGATG,0
ATTCCTAGTTGTTGTG,0
ATTCCTATCCGAGTGC,0
ATTCCTATCGTGCACG,0
ATTCCTATCTTCTGGC,0
ATTCGTTAGCAAATCA,0
ATTCGTTAGCAGCGAT,1000
ATTCGTTAGGTACAAT,0
ATTCGTTAGTGGATAT,0
ATTCGTTAGTTGTAGA,0
ATTCGTTCAGCATTGT,1
ATTCGTTCAGCGGATA,0
ATTCGTTCAGGCCTGT,0
ATTCGTTGTACCATAC,3
ATTCGTTGTATTGGCT,0
ATTCGTTGTGCACGCT,0
ATTCGTTTCGTCGATA,0
ATTCTACAGACATCCT,0
ATTCTACAGCATTGTC,0
ATTCTACAGCCTCACG,0
ATTCTACAGGCTTAAA,2
ATTCTACAGGTAAACT,2
ATTCTACAGTGATCGG,1
ATTCTACAGTGGTTGG,0
ATTCTACCAAGGTCAG,0
ATTCTACCATAGGTTC,0
ATTCTACGTCGCGTCA,1
ATTCTACGTGACAACG,0
ATTCTACGTGCGTGCT,0
ATTCTACTCATCGCCT,3
ATTCTACTCCACATAG,0
ATTCTACTCCCGAGTG,0
ATTCTACTCGGCTGAC,1
ATTCTTGAGCCTATTG,2
ATTCTTGAGCTCGACC,0
ATTCTTGAGCTTAGTC,2
ATTCTTGAGGCACGAT,0
ATTCTTGCAACTACGT,0
ATTCTTGCAGTAGTTC,0
ATTCTTGCAGTGCGCT,0
ATTCTTGCATAACGGG,1
ATTCTTGGTAAGAACT,1
ATTCTTGGTAGGTGCA,0
ATTCTTGTCAGAGTTC,3
ATTCTTGTCAGGGATG,0
ATTCTTGTCATCGCTC,3
ATTCTTGTCTATTCGT,0
ATTCTTGTCTGGACTA,1
ATTGGGTAGCAGATAT,0
ATTGGGTAGCAGGTCA,0
ATTGGGTAGCCGATAG,0
ATTGGGTAGGTAGACC,0
ATTGGGTCAGCCTACG,0
ATTGGGTCAGTCTGGC,2
ATTGGGTCATAGGAGC,0
ATTGGGTCATAGGTAA,0
ATTGGGTGTACGGATG,0
ATTGGGTGTCGTTCAA,0
ATTGGGTGTGAGGAAA,0
ATTGGGTGTTGTTGTG,0
ATTGGGTTCCATTTGT,0
ATTGGGTTCCGGACGT,0
ATTGGGTTCGCGCTGA,0
ATTGGGTTCTGGCCTT,0
ATTGTTCAGGAGAGGC,0
ATTGTTCAGGATACAT,0
ATTGTTCCAACTGAAA,0
ATTGTTCCACATAGCT,0
ATTGTTCCACTGAATC,0
ATTGTTCCATCTGCGG,2
ATTGTTCGTATACAGA,0
ATTGTTCGTGATATAG,0
ATTGTTCGTGGTATGG,0
ATTGTTCTCACCGACG,0
ATTGTTCTCATTTGGG,1000
ATTGTTCTCCGGGACT,0
ATTGTTCTCGGCAGTC,2
ATTGTTCTCTCGAACA,2
ATTGTTCTCTCTAAGG,0
ATTGTTCTCTGCTTTA,1000
ATTTACCAGACAACAT,0
ATTTACCAGACGTCGA,0
ATTTACCAGCATGATA,0
ATTTACCAGTTAGTGA,0
ATTTACCCAAAGTGTA,2
ATTTACCCACTCATAG,0
ATTTACCGTAGTGCGA,0
ATTTACCGTGATAGAT,1
ATTTACCGTTGTGGCC,0
ATTTACCTCCGTGCGA,1000
ATTTACCTCGGTGAAG,0
ATTTACCTCGTGTTCC,1000
ATTTCACAGACCAAGC,0
ATTTCACAGCACACCC,1
ATTTCACAGGAAAGTG,2
ATTTCACAGGGTATAT,0
ATTTCACCATAACGGG,2
ATTTCACGTCAAGCCC,3
ATTTCACGTCCGTACG,1000
ATTTCACGTCGAGTTT,0
ATTTCACGTCTGATCA,0
ATTTCACGTGATCATC,0
ATTTCACGTTCCGCTT,0
ATTTCACTCGATTGGT,1
ATTTCACTCTGCAGCG,2
ATTTCTGAGATGAATC,0
ATTTCTGAGTGCCAGA,0
ATTTCTGCACACCGCA,0
ATTTCTGCAGAGGCAT,1000
ATTTCTGCAGCGATTT,0
ATTTCTGCATAACAGA,3
ATTTCTGCATAATGCC,0
ATTTCTGGTAATCAGA,1
ATTTCTGGTCAGCGTC,0
ATTTCTGGTGCACATT,2
ATTTCTGGTTTCACAG,0
ATTTCTGTCATGGTAC,2
ATTTCTGTCCCGAATA,0
ATTTCTGTCCTGCCAT,1
ATTTCTGTCCTGTTGC,0
CAAAGAAAGAGCCGTA,0
CAAAGAACAATGTGGG,3
CAAAGAACACCGTCTT,0
CAAAGAACACGGCCAT,1
CAAAGAACATCCTTGC,0
CAAAGAACATCGCTAA,1000
CAAAGAAGTAAGGCTG,0
CAAAGAAGTAATGTGA,1
CAAAGAATCAAATGAG,3
CAAAGAATCCTATTGT,1
CAAAGAATCGAGAACG,0
CAAAGAATCTGCGGGT,0
CAACAACAGAACAGGA,0
CAACAACAGTCAACAA,1
CAACAACCAAGCTCTA,1000
CAACAACCAGCCTTCT,0
CAACAACCATGGGTTT,1000
CAACAACGTAGTCGTT,0
CAACAACGTGCTATTG,0
CAACAACGTTGCACGC,0
CAACAACTCAGTCACA,2
CAACAACTCGTCCTTG,1000
CAACAACTCTACTGCC,0
CAACAACTCTGAGGCC,0
CAACAGTAGAAGTATC,0
CAACAGTAGAGGTTTA,0
CAACAGTAGCGCTGAA,1000
CAACAGTCAAACCACT,3
CAACAGTCAGAGGACT,0
CAACAGTCAGCAGTTT,3
CAACAGTCAGGATGAC,0
CAACAGTCATCCGAAT,0
CAACAGTGTACGGTTT,1000
CAACAGTGTCACTTCC,0
CAACAGTGTCGTACAT,1
CAACAGTGTTACAGCT,0
CAACAGTTCCACGTCT,0
CAACCAAAGCGATGCA,0
CAACCAAAGGTTCTTG,1000
CAACCAACACACCAGC,1000
CAACCAACACCCTCTA,0
CAACCAAGTAAGGAGA,0
CAACCAAGTGGTACAG,0
CAACCAAGTGTCTTCC,0
CAACCAAGTTCTCCAC,1
CAACCAATCACGGGAA,0
CAACCAATCAGGACGA,0
CAACCAATCATTATCC,0
CAACCAATCCTCTCTT,1
CAACCAATCCTTCAGC,1000
CAACCAATCTACCCAC,0
CAACCAATCTCACTCG,0
CAACCAATCTCTCCGA,2
CAACCAATCTCTGCTG,3
CAACCTCAGATCGGTG,0
CAACCTCAGATTGCGG,0
CAACCTCAGCATGGGT,0
CAACCTCAGCCTAACT,0
CAACCTCAGGGTGAGG,0
CAACCTCAGTTGGCGA,2
CAACCTCCACAGACGA,3
CAACCTCCACCCTAGG,2
CAACCTCCAGTTGTCA,0
CAACCTCCATGACGGA,0
CAACCTCGTAGGATAT,0
CAACCTCGTCCGATCG,0
CAACCTCGTGAATTGA,0
CAACCTCGTGGAGGTT,0
CAACCTCTCGGTCATA,0
CAACGATAGATGGTCG,2
CAACGATAGCACCTGC,0
CAACGATAGCCGTCGT,2
CAACGATAGCGACTAG,1000
CAACGATCAACTGTGT,0
CAACGATCAGCGGATA,1000
CAACGATCATCTCCCA,0
CAACGATCATGAGATA,0
CAACGATGTACAAGCG,1
CAACGATGTACGGCAA,0
CAACGATGTATTAAGG,2
CAACGATGTGTAACGG,0
CAACGATGTGTAGTGG,0
CAACGATGTTTACCTT,0
CAACGATTCACCTTGC,1000
CAACGATTCCGGCAGT,0
CAACGATTCCTCGATC,0
CAACGATTCCTGTAGA,3
CAACGATTCGTTATCT,0
CAACGGCAGACTTCAC,2
CAACGGCAGGCCTAGA,0
CAACGGCCAATTGAAG,0
CAACGGCCACGTTCGG,0
CAACGGCCAGCGACCT,0
CAACGGCGTAGTTCCA,1
CAACGGCGTATGTGTC,1000
CAACGGCGTCACAGTT,0
CAACGGCGTCGAAGCA,0
CAACGGCGTGGTCCCA,0
CAACGGCGTGTTACAC,0
CAACGGCTCCTTATAC,2
CAACGGCTCTGCATAG,0
CAAGACTAGCACTCCG,0
CAAGACTAGGTAAGGA,0
CAAGACTCAACAGATA,0
CAAGACTCAACGCCCA,0
CAAGACTCACCAGTAT,0
CAAGACTCACGACGTC,0
CAAGACTGTCAATGGG,2
CAAGACTGTCACCACG,0
CAAGACTGTTTGTGGT,0
CAAGACTTCATAAGGA,0
CAAGACTTCGCTTGCT,0
CAAGACTTCGGAAACG,1000
CAAGAGGAGATCCCAT,0
CAAGAGGAGCTCGCAC,0
CAAGAGGAGTCCGCCA,1
CAAGAGGCACCTTCGT,1000
CAAGAGGCATACAGAA,0
CAAGAGGCATGACACT,0
CAAGAGGGTAACAGGC,0
CAAGAGGGTCAGGAGT,1000
CAAGAGGGTCGCCTAG,2
CAAGAGGGTGTCCACG,1
CAAGAGGGTGTTCCTC,0
CAAGAGGTCACTACGA,0
CAAGAGGTCATTATCC,0
CAAGAGGTCCCACAGG,1
CAAGAGGTCCGAGGCT,0
CAAGAGGTCTACGGTA,1000
CAAGCTAAGAGTTCGG,2
CAAGCTAAGATAGGGA,0
CAAGCTAAGCACACAG,0
CAAGCTAAGGATGCGT,0
CAAGCTAAGTCTGTAC,0
CAAGCTACACGTGTGC,0
CAAGCTACAGGAAGTC,0
CAAGCTACATTGTCGA,0
CAAGCTAGTACCTAAC,0
CAAGCTAGTATTGCCA,2
CAAGCTAGTCTCTCCA,1
CAAGCTATCATGGTAC,0
CAAGCTATCCATAAGC,0
CAAGCTATCCTACCAC,0
CAAGCTATCGTCAGAT,0
CAAGGGAAGCAGCCCT,1
CAAGGGACAAGGTTGG,0
CAAGGGACACCCAACG,2
CAAGGGACACCTGCTT,0
CAAGGGACAGAGCTAG,1
CAAGGGACAGGTGGAT,0
CAAGGGACATTCTTCA,0
CAAGGGAGTCGCAACC,0
CAAGGGAGTGACACAG,3
CAAGGGAGTTATCCAG,1
CAAGGGAGTTATCTTC,0
CAAGGGATCCGGCTTT,0
CAATACGAGCGCCCAT,0
CAATACGAGCGGGTAT,0
CAATACGAGGAGTCTG,0
CAATACGAGTTGGGAC,0
CAATACGCAGATACTC,0
CAATACGCAGCAGGAT,0
CAATACGCAGGACAGT,0
CAATACGGTGCACATT,0
CAATACGGTTTCCAAG,2
CAATACGTCCTTATGT,0
CAATCGAAGGAGGCAG,0
CAATCGAAGGTCATAA,1000
CAATCGAAGTGCGCTC,0
CAATCGACACCATATG,2
CAATCGACATAATGAG,0
CAATCGACATTCAGGT,1000
CAATCGAGTCCAGGTC,1000
CAATCGAGTCCTGTCT,1
CAATCGAGTCGCATGC,0
CAATCGAGTCGTATTG,0
CAATCGAGTGACAGCA,1000
CAATCGAGTTACTCAG,0
CAATCGATCCGTAGTA,0
CAATCGATCGTGTGGC,0
CAATCGATCTTCGTGC,1
CAATGACAGAAGCGAA,0
CAATGACAGAAGGGAT,3
CAATGACAGCGGTAGT,0
CAATGACCACAATGAA,0
CAATGACCAGGATCTT,0
CAATGACCATGACTCA,0
CAATGACCATTCGGGC,0
CAATGACGTACTAGCT,0
CAATGACGTAGGACTG,0
CAATGACGTAGGTCAG,0
CAATGACGTGCCTATA,2
CAATGACGTGTCCGGT,0
CAATGACGTTAGGACG,0
CAATGACGTTGTGTAC,0
CAATGACTCATTGCCC,0
CAATGACTCCAAACCA,0
CAATGACTCGAACGGA,0
CAATGACTCTCGCAGG,1
CAATTTCAGGTTGAGC,0
CAATTTCCAACGTATC,0
CAATTTCCAATGCAAA,0
CAATTTCCACCTGATA,0
CAATTTCCAGGATCTT,0
CAATTTCCATAGTCGT,0
CAATTTCCATCAGTCA,2
CAATTTCGTACAAACA,1000
CAATTTCGTAGCGTTT,0
CAATTTCGTGCGGATA,2
CAATTTCGTGGTTCTA,0
CAATTTCGTTCTCTCG,0
CAATTTCGTTTAGAGA,0
CAATTTCTCAGCTAGT,0
CAATTTCTCCTTATGT,0
CAATTTCTCGACATAC,0
CAATTTCTCGGTGTAT,0
CACAACAAGACCATTC,0
CACAACAAGCATTGTC,0
CACAACAAGCTCGGCT,1
CACAACAAGCTGTCCG,1000
CACAACAAGCTGTTCA,0
CACAACAAGGTTGAGC,0
CACAACAAGTTGAAGT,0
CACAACACAATACGAA,0
CACAACACAGACAAGC,0
CACAACACAGCGCGTT,0
CACAACACAGGCAATG,0
CACAACAGTCCACTCT,3
CACAACAGTGCCGTTG,0
CACAACAGTGTTTCTT,1000
CACAACAGTTTGCAGT,0
CACAACATCATGGATC,0
CACAACATCCGATCGG,0
CACAACATCCGGACTG,0
CACAACATCGCCTTTG,0
CACAACATCGCTTGAA,0
CACAACATCTTACACT,0
CACACAAAGAGCAGAA,1000
CACACAAAGCAGATAT,0
CACACAAAGGATTACA,0
CACACAAAGGCCTAAG,1000
CACACAAAGGTAACTA,0
CACACAACAAGTGGGT,0
CACACAACACTTCAGA,0
CACACAACAGGGCTTC,0
CACACAAGTACGTTCA,1000
CACACAAGTTAAACCC,1
CACACAAGTTCGGCGT,1
CACACAATCAGACATC,1000
CACACAATCAGGAAGC,0
CACACAATCATTGGTG,1000
CACACAATCCCAACTC,0
CACACAATCGCTCTCA,0
CACACAATCTGTAAGC,0
CACAGATAGACGCCAA,3
CACAGATAGCTGACAG,1000
CACAGATAGGCTCCCA,0
CACAGATCAACGGCCT,0
CACAGATCACGGAAGT,0
CACAGATCACGTAACT,1000
CACAGATCAGCACAGA,0
CACAGATCATATACCG,0
CACAGATCATCTTAGG,2
CACAGATGTCAACACT,0
CACAGATGTTATCTTC,0
CACAGATTCTAAGCCA,0
CACAGATTCTTCCCGA,0
CACAGGCAGCAGTAAT,0
CACAGGCAGTACGAGC,0
CACAGGCAGTCCCGAC,0
CACAGGCCAATGAAAC,0
CACAGGCCAATTGCCA,1000
CACAGGCCAGACCATT,0
CACAGGCCAGCACAGA,0
CACAGGCCATCCTTGC,3
CACAGGCGTACAAGTA,0
CACAGGCGTGTCCAAT,0
CACAGGCGTTCTTGCC,0
CACAGGCTCAGTCCGG,0
CACAGGCTCTGTCGTC,0
CACATGAAGACATAAC,1
CACATGAAGCCAAGTG,0
CACATGAAGCCGATCC,0
CACATGAAGGTTCTTG,0
CACATGAAGTGTCATC,1
CACATGAAGTTGGCGA,0
CACATGACAAGCACAG,2
CACATGACACATACTG,0
CACATGACAGATCCTA,0
CACATGACAGTGCGCT,0
CACATGAGTAAGTTAG,0
CACATGAGTAGACACG,0
CACATGAGTCCTCAGG,0
CACATGAGTGAACCGA,0
CACATGAGTTGAGTCT,0
CACATGAGTTTACCAG,0
CACATGAGTTTGCCGG,1000
CACATGAGTTTGGGAG,0
CACATGATCATTGCGA,1000
CACATGATCCATCTAT,0
CACATGATCCCTCTTT,0
CACATGATCCTTGGAA,0
CACATGATCGCCAATA,0
CACATGATCGGTTGTA,1000
CACATGATCTGCGGGT,1
CACCAAAAGAGGTGCT,0
CACCAAAAGGACGGAG,0
CACCAAAAGGATACAT,0
CACCAAAAGGGTAATT,0
CACCAAAAGTAGGAAG,1000
CACCAAACAGTATACC,3
CACCAAAGTACCGGCT,0
CACCAAAGTAGCTTTG,0
CACCAAAGTCGAACGA,0
CACCAAAGTGTCCCTT,0
CACCAAAGTGTGACCC,1000
CACCAAATCACCTCGT,0
CACCAAATCCACGTCT,0
CACCGTTAGAAAGCGA,0
CACCGTTAGTAAACTG,0
CACCGTTAGTAGGATT,0
CACCGTTAGTATGCAA,3
CACCGTTCAAAGACGC,3
CACCGTTCAGAACTCT,0
CACCGTTTCAGCGTCG,0
CACCGTTTCATTTCGT,0
CACCGTTTCGCCGAAC,0
CACCGTTTCTGTTGGA,1
CACGAATAGACGAAGA,2
CACGAATAGGCAGTCA,0
CACGAATAGGCCTTCG,0
CACGAATAGTCCTGTA,2
CACGAATAGTCGCCCA,0
CACGAATAGTGGAAAG,0
CACGAATCACACTTAG,1000
CACGAATCACCTCTGT,2
CACGAATCATACTGTG,0
CACGAATCATGACTAC,0
CACGAATGTACAAAGT,1
CACGAATGTCACCTTC,0
CACGAATGTGACATCT,3
CACGAATGTTAACAGA,3
CACGAATTCATGGATC,1
CACGAATTCCCTCTTT,0
CACGAATTCTATGCCC,0
CACGAATTCTCATAGG,1000
CACGGGTAGAATTGCA,1
CACGGGTAGGAGTATT,0
CACGGGTCAATGAAAC,0
CACGGGTCAGCTGTAT,0
CACGGGTGTCCAATCA,0
CACGGGTGTGGCAACA,2
CACGGGTTCACGGACC,0
CACGGGTTCCTCAGGG,0
CACGGGTTCGAAATCC,1000
CACGGGTTCGGCTATA,1000
CACGGGTTCGTGCATA,1000
CACGGGTTCGTGGCGT,0
CACGGGTTCTCCCTAG,2
CACGGGTTCTGGTCAA,0
CACGTGGAGAGTCGAC,0
CACGTGGAGATGGCGT,1000
CACGTGGAGATTGGGC,0
CACGTGGAGCATCGAG,0
CACGTGGAGCATCTTG,0
CACGTGGAGGTAAGTT,0
CACGTGGAGTCTCCTC,1000
CACGTGGCACAGTATC,1000
CACGTGGCATACAGAA,0
CACGTGGCATTCTGTT,0
CACGTGGGTAGAAACT,3
CACGTGGGTTATTCTC,2
CACGTGGGTTCTAAGC,0
CACGTGGGTTGAGAGC,0
CACGTGGTCACTCGAA,0
CACGTGGTCCAGTGCG,2
CACGTTCAGAAACTCA,2
CACGTTCAGAGTCCGA,3
CACGTTCAGCGTGCCT,0
CACGTTCAGCTGCCAC,0
CACGTTCAGCTTAAGA,0
CACGTTCAGGGTACAC,0
CACGTTCAGTGAGCCA,1000
CACGTTCCAGCACAAG,0
CACGTTCGTAGTAAGT,0
CACGTTCGTGGTCTAT,0
CACGTTCGTTCTTGCC,0
CACGTTCTCCATTTCA,0
CACGTTCTCCTTTGAT,1000
CACGTTCTCTGGAAGG,1
CACTAAGAGACACACG,0
CACTAAGAGGACTAAT,1
CACTAAGCAGAGATTA,1000
CACTAAGCAGTTTCGA,0
CACTAAGCATTATGCG,0
CACTAAGGTCTGATCA,1
CACTAAGGTGTCTAAC,0
CACTAAGTCCAAATGC,0
CACTAAGTCTACAGGT,0
CACTAAGTCTGAGGCC,0
CACTGAAAGAACCGCA,2
CACTGAAAGACTCCGC,1
CACTGAAAGAGGATGA,0
CACTGAAAGCATGATA,3
CACTGAAAGCTCACTA,0
CACTGAAAGTCGGCCT,0
CACTGAACAAGAGTTA,2
CACTGAACACAGTCGC,0
CACTGAACACGCGCTA,1
CACTGAAGTATCAGCT,0
CACTGAAGTATCGGTT,3
CACTGAAGTCAAAGAT,0
CACTGAAGTTCGGCTG,0
CACTGAATCATTTCGT,0
CACTGAATCCACGTCT,0
CACTGAATCTAGTCAG,0
CACTGGGAGAAACTCA,0
CACTGGGAGACGTCCC,2
CACTGGGAGCTAATCC,0
CACTGGGAGGGCCTCT,2
CACTGGGCACGAAGAC,3
CACTGGGCAGTAGTGG,0
CACTGGGCAGTTGTTG,0
CACTGGGCATAGAGGC,0
CACTGGGCATATTCGG,2
CACTGGGCATTCAGCA,0
CACTGGGGTAACATAG,0
CACTGGGGTACCAATC,1
CACTGGGGTACGCTTA,1000
CACTGGGGTCACTCGG,0
CACTGGGGTGTCATTG,0
CACTGGGTCCAGGACC,0
CACTGGGTCGAGTCCG,0
CACTGGGTCTCCTGTG,2
CACTGTCAGAGGTATT,3
CACTGTCAGCCATTTG,1000
CACTGTCAGCCTCTCT,0
CACTGTCAGCGTATGG,0
CACTGTCAGGCACCAA,0
CACTGTCAGTCCCGAC,1
CACTGTCCAATCCTAG,1000
CACTGTCCAATTCTTC,0
CACTGTCCACGACGAA,0
CACTGTCCACTGTTCC,0
CACTGTCCAGAGCCCT,3
CACTGTCCAGGGCTTC,0
CACTGTCCATCCCGTT,0
CACTGTCCATGGTACT,0
CACTGTCGTAGTAAGT,0
CACTGTCGTCCACATA,1000
CACTGTCGTTCTGACA,0
CACTGTCTCAAGGAGC,1000
CACTGTCTCCTCACGT,1
CACTGTCTCGGAGCAA,0
CACTTCGAGGAACTCG,0
CACTTCGAGGTGTGAC,0
CACTTCGAGGTTACAA,1
CACTTCGAGTCTGGAG,0
CACTTCGCACGGTGTC,0
CACTTCGCACGTTGGC,1000
CACTTCGCAGAACATA,2
CACTTCGCAGTCCCGA,0
CACTTCGCAGTTCACA,0
CACTTCGCATAAGATG,0
CACTTCGGTATAGGAT,0
CACTTCGGTTCGTTCC,1
CACTTCGTCATCTGTT,0
CACTTCGTCATTCATC,0
CACTTCGTCCGAGCTG,0
CACTTCGTCTCACCCA,3
CAGAGCCAGCATCCCG,0
CAGAGCCAGCATCCTA,0
CAGAGCCAGGCAGCTA,1000
CAGAGCCAGGTAGCAC,0
CAGAGCCAGGTTCCAT,0
CAGAGCCAGTAGCTCT,0
CAGAGCCCAGGTCCCA,1000
CAGAGCCGTAAGATTG,0
CAGAGCCGTCCTCCTA,0
CAGAGCCGTCTAGTGT,0
CAGAGCCGTTAGAGTA,0
CAGAGCCTCACAACCA,0
CAGAGCCTCCTACACC,0
CAGATACAGCGACTAG,0
CAGATACAGCGTCTCG,0
CAGATACAGGTTCCGC,1
CAGATACAGGTTGGTG,1000
CAGATACCAACCAACT,0
CAGATACCAACGCATT,0
CAGATACCACCGGTCA,3
CAGATACCACGCTATA,1
CAGATACCAGATACTC,0
CAGATACCAGGCATTT,0
CAGATACCATTGTACG,0
CAGATACGTCGTCTCT,1
CAGATACGTGCCTAAT,1000
CAGATACGTGGCTCTG,0
CAGATACGTTGTCAGT,0
CAGATACTCTATACGG,0
CAGATCAAGACACACG,0
CAGATCAAGACCTGGA,0
CAGATCACAAACGGCA,0
CAGATCACAGAGGCAT,0
CAGATCACATGGCTAT,1000
CAGATCAGTAGAGATT,0
CAGATCAGTGGATCGA,3
CAGATCAGTTCCGTTC,1000
CAGATCATCAGCCTTC,1000
CAGATCATCATTTGGG,1000
CAGATCATCGATTGAC,0
CAGATCATCGCCAATA,0
CAGATCATCGTTGTTT,3
CAGATCATCTCGCCTA,0
CAGATCATCTTTGCAT,0
CAGATTGAGACGCTCC,0
CAGATTGAGATGACCG,0
CAGATTGAGCTGTTAC,3
CAGATTGAGTCTCGTA,0
CAGATTGAGTTCCATG,1000
CAGATTGCAACAGATA,0
CAGATTGCACAGTATC,0
CAGATTGCACTCCTGT,0
CAGATTGCAGTTTGGT,3
CAGATTGGTCCAAAGG,3
CAGATTGGTCTACGAT,0
CAGATTGGTGTAAATG,0
CAGATTGGTTCGGTTA,0
CAGATTGGTTTCACTT,0
CAGATTGTCAGCACCG,0
CAGATTGTCGAACGGA,0
CAGATTGTCTGGGCAC,0
CAGCAATAGCCTATCA,0
CAGCAATCACACCTGG,0
CAGCAATCAGAGTCTT,0
CAGCAATCAGGACTAG,0
CAGCAATCAGGTGGAT,3
CAGCAATCATACAGCT,3
CAGCAATCATGCGTGC,0
CAGCAATGTATCGGTT,0
CAGCAATGTATCGTTG,0
CAGCAATGTATTTCGG,0
CAGCAATGTCGGAACA,0
CAGCAATGTGTGTTTG,1000
CAGCAATGTTCCACGG,0
CAGCAATGTTCGTACA,0
CAGCAATTCCCTCAAC,0
CAGCAATTCGCGGTAC,1000
CAGCAATTCTTCCAGC,0
CAGCACGAGAGATGCC,0
CAGCACGAGCATCCTA,3
CAGCACGAGCCTCTTC,0
CAGCACGAGGCATGCA,0
CAGCACGAGTACCATC,0
CAGCACGGTACGCTAT,0
CAGCACGGTGCTGTCG,0
CAGCACGTCGAGAAAT,0
CAGCACGTCTCTGACC,0
CAGCACGTCTCTTGCG,1
CAGCACGTCTGAGGTT,1000
CAGCAGCAGAGGTGCT,0
CAGCAGCAGCCATTCA,2
CAGCAGCAGCCGAACA,0
CAGCAGCAGCGACAGT,0
CAGCAGCCAGTATGAA,1
CAGCAGCCATGACGTT,0
CAGCAGCGTAGACAAT,1
CAGCAGCGTCGTTGCG,2
CAGCAGCGTGTCATTG,2
CAGCAGCTCAAGCCGC,0
CAGCAGCTCACCACAA,0
CAGCAGCTCAGACATC,3
CAGCAGCTCATAAGGA,0
CAGCAGCTCCTGGCTT,1
CAGCAGCTCTACGGTA,2
CAGCAGCTCTTTACAC,0
CAGCCAGAGCTCCCTT,0
CAGCCAGAGGTCATAA,1
CAGCCAGAGTGCCTCG,0
CAGCCAGAGTTGCCTA,1
CAGCCAGCAACGGGTA,0
CAGCCAGCACGATAGG,1000
CAGCCAGGTAGCTTAC,2
CAGCCAGGTATACCCA,0
CAGCCAGGTCCTCATC,0
CAGCCAGGTGAGGCAT,1000
CAGCCAGGTGCGTTTA,2
CAGCCAGGTGGAACCA,0
CAGCCAGGTGGCTACC,0
CAGCCAGTCCGCACTT,0
CAGCCAGTCCGTGGTG,2
CAGCCAGTCTTCGTGC,0
CAGCGTGAGCCAAGCA,3
CAGCGTGAGCTTTCTT,0
CAGCGTGAGTGGTGAC,0
CAGCGTGCAGACAATA,0
CAGCGTGCAGAGAATT,0
CAGCGTGCATCGATAC,0
CAGCGTGCATCGGAAG,2
CAGCGTGGTAACGGTG,0
CAGCGTGGTAGGTACG,3
CAGCGTGGTATTTCCT,0
CAGCGTGGTCTTTCTA,0
CAGCGTGGTGTGTCCG,0
CAGCGTGTCATGTCAG,0
CAGCGTGTCCACACCT,0
CAGCGTGTCCATAAGC,0
CAGCGTGTCGAGAAGC,1
CAGCGTGTCTCGCGTT,0
CAGGCCAAGCTTGTTG,0
CAGGCCAAGTCTGTAC,1000
CAGGCCACACAAACGG,0
CAGGCCACAGGCATGA,0
CAGGCCACATCATCCC,0
CAGGCCAGTAAGCGGT,2
CAGGCCAGTCACTCAA,0
CAGGCCAGTCCGCAGT,0
CAGGCCAGTCGAGATG,1000
CAGGCCAGTGAGTGAC,0
CAGGCCAGTGCCTTCT,0
CAGGCCAGTTAACCTG,0
CAGGCCATCCCGAGAC,1
CAGGCCATCCGGGACT,1
CAGGCCATCCTTCTAA,0
CAGGCCATCTATCGGA,0
CAGGGCTAGGAACTAT,0
CAGGGCTAGGCACTAG,2
CAGGGCTAGGTCGTCC,0
CAGGGCTCACGTATAC,0
CAGGGCTGTAACTAAG,3
CAGGGCTGTACTTCCC,1000
CAGGGCTGTCCGACGT,0
CAGGGCTGTTCAGGTT,0
CAGGGCTTCATTATCC,1000
CAGGTATAGAGTGTGC,1
CAGGTATAGCACTCAT,0
CAGGTATAGCACTCTA,2
CAGGTATAGTGTACAA,1000
CAGGTATAGTTGGGAC,1000
CAGGTATCAAGTCATC,1000
CAGGTATCACGCGTCA,0
CAGGTATCAGAACGCA,0
CAGGTATCAGGCACAA,1
CAGGTATCATGTACGT,0
CAGGTATGTACAGGTG,0
CAGGTATGTACAGTCT,0
CAGGTATGTACCACGC,0
CAGGTATGTCACCACG,0
CAGGTATGTCATGACT,2
CAGGTATGTCCTCATC,0
CAGGTATTCATACGAC,0
CAGGTATTCGGCACTG,0
CAGGTATTCTAGCCTC,0
CAGTGCGAGCAGCCCT,0
CAGTGCGAGCGAGTCA,0
CAGTGCGAGCTACGTT,0
CAGTGCGAGGGTGAGG,1000
CAGTGCGAGTAGGAAG,1
CAGTGCGAGTTGGGAC,0
CAGTGCGCAATAGTCC,2
CAGTGCGCAGAGGGTT,1000
CAGTGCGGTAGACGGT,3
CAGTGCGGTCTCTCTG,0
CAGTGCGGTGCACAAG,1000
CAGTGCGTCACCTACC,0
CAGTGCGTCCCGAATA,0
CAGTGCGTCTAGACCA,1000
CAGTTAGAGCTAGAGC,0
CAGTTAGAGGCTCCCA,3
CAGTTAGAGGTTCATC,1000
CAGTTAGAGTTGCTCA,2
CAGTTAGAGTTGTAAG,0
CAGTTAGCACCTCTGT,0
CAGTTAGCAGAGGTTG,0
CAGTTAGCAGCACACC,2
CAGTTAGCAGCGACAA,0
CAGTTAGGTATCGAGG,3
CAGTTAGGTATTGAGA,0
CAGTTAGGTGGCTACC,0
CAGTTAGGTGGGATTG,3
CAGTTAGGTGGTCTTA,2
CAGTTAGTCAAGATAG,0
CAGTTAGTCAGGGTAG,1000
CAGTTCCAGAGGACTC,0
CAGTTCCAGGCATCAG,0
CAGTTCCAGGTCACAG,1
CAGTTCCAGTTGCTGT,0
CAGTTCCCAAGACGGT,2
CAGTTCCCAAGCGATG,0
CAGTTCCCACGCTTAA,0
CAGTTCCCACTCACTC,1
CAGTTCCCATAACCCA,0
CAGTTCCCATGAGTAA,1000
CAGTTCCGTCAACCTA,0
CAGTTCCGTCTACATG,0
CAGTTCCGTCTGTGTA,0
CAGTTCCGTGATCATC,0
CAGTTCCGTTAAACCC,1000
CAGTTCCTCACACGAT,2
CAGTTCCTCCGGGACT,0
CAGTTCCTCGTTCTCG,0
CAGTTCCTCTACGGGC,2
CAGTTCCTCTCTGAGA,0
CATAAGCCAAATAGCA,0
CATAAGCCAAGCGAAC,0
CATAAGCCATTCAGGT,0
CATAAGCGTCTGCCTT,1
CATAAGCGTTATCTGG,0
CATAAGCGTTCCTACC,1000
CATAAGCTCATCCCGT,0
CATAAGCTCGTAATGC,0
CATACAGAGACGTCGA,0
CATACAGAGCCTCACG,0
CATACAGAGGCCACCT,0
CATACAGAGTGGGAAA,0
CATACAGCATCTGTTT,0
CATACAGCATGGAACG,0
CATACAGGTCAACGCC,0
CATACAGGTTCCCACT,2
CATACAGTCCCAGCGA,0
CATACAGTCCTGCTAC,0
CATACCCAGAGCCCAA,3
CATACCCAGTAGCATA,0
CATACCCAGTATTAGG,0
CATACCCCAAAGGAGA,0
CATACCCCAACGATCT,0
CATACCCCAGAGATGC,0
CATACCCCATGTTCAG,0
CATACCCGTGAGTTTC,0
CATACCCGTGTTCGAT,1000
CATACCCGTTACGCCG,2
CATACCCTCATGCCGG,0
CATACCCTCCTGGGAC,1000
CATACCCTCTCCTGCA,1
CATACTTAGAGGTTAT,0
CATACTTAGGAGGCAG,0
CATACTTAGTTTCAGC,1000
CATACTTCAATCGCCG,1
CATACTTCACAAACGG,0
CATACTTCAGCTACTA,0
CATACTTCATCGGCCA,1000
CATACTTCATCTGGGC,0
CATACTTGTACTGGGA,0
CATACTTGTCGCACGT,0
CATACTTGTCTGCGCA,0
CATACTTTCCTACACC,1
CATACTTTCTAGCATG,1
CATAGACAGCTCGCAC,0
CATAGACCAATCCTAG,1000
CATAGACCACGGCACT,0
CATAGACCAGTAGGAC,0
CATAGACGTAAGATCA,1
CATAGACGTCACGTGC,0
CATAGACGTCTGTAAC,0
CATAGACGTGGCTGAA,0
CATAGACGTGGTCTGC,0
CATAGACTCACCATCC,0
CATAGACTCCCTCTCC,1000
CATAGACTCTGCGGGT,0
CATCAAGAGGGCTTCC,0
CATCAAGAGGGTCTTT,0
CATCAAGAGTTCTACG,0
CATCAAGCAAATAGCA,1
CATCAAGCACGCTGTG,0
CATCAAGCAGCGTTGC,0
CATCAAGCATCATGAC,0
CATCAAGGTAGCTGAG,0
CATCAAGGTCAACATC,0
CATCAAGGTCCTGGTG,1
CATCAAGGTCGAAGCA,0
CATCAAGGTGTCATGT,0
CATCAAGTCAAGCTGT,0
CATCAAGTCGCGTTTC,0
CATCAAGTCGCTAATG,0
CATCAAGTCTCAGTCC,1
CATCAAGTCTCGCCTA,0
CATCCACAGCATTTCG,0
CATCCACAGCGCCTAC,0
CATCCACAGGAATTAC,0
CATCCACAGGACTGGT,0
CATCCACAGTCGAAAT,0
CATCCACAGTCGAAGC,0
CATCCACAGTCGCCAC,0
CATCCACCAATCGCGC,1000
CATCCACGTACGGATG,0
CATCCACGTCAGTCTA,1
CATCCACGTGCCGGTT,0
CATCCACTCACCATGA,1000
CATCCACTCACGTAGT,0
CATCCACTCCACGTAA,0
CATCCACTCCTATGGA,0
CATCCACTCCTCTCGA,1000
CATCCACTCGACCTAA,0
CATCCACTCGCTCCTA,0
CATCCACTCTACGGTA,0
CATCCACTCTCATCCA,0
CATCCACTCTGAATGC,1000
CATCCACTCTTCACGC,0
CATCCCAAGAGCCGTA,1
CATCCCAAGGATACAT,3
CATCCCAAGGCTTAAA,0
CATCCCAAGGGAGGTG,0
CATCCCAAGGTTATAG,2
CATCCCAAGTAAGCAT,1000
CATCCCACAACAGCTT,0
CATCCCACAGGTCCCA,1
CATCCCACAGTAGATA,2
CATCCCAGTACGTAGG,0
CATCCCAGTCCTGAAT,0
CATCCCAGTGGTCAAG,1
CATCCCAGTGGTTTAC,0
CATCCCAGTGTGTCCG,3
CATCCCAGTTGTCCCT,2
CATCCCATCCGTATGA,1000
CATCCCATCTCGCCTA,0
CATCCCATCTCGTCGT,0
CATCCGTAGAAATCCA,0
CATCCGTCAAGATCCT,0
CATCCGTCAAGGAGTC,0
CATCCGTCAAGTTCCA,0
CATCCGTCACAATGCT,0
CATCCGTCACTCCTGT,0
CATCCGTCAGTAGAAT,0
CATCCGTGTAGACGTG,0
CATCCGTGTGACTAAA,3
CATCCGTGTGTTTCTT,2
CATCCGTGTTCTTAGG,0
CATCCGTGTTTGACAC,0
CATCCGTTCGCAAGAG,0
CATCCGTTCTCCCAAC,1000
CATCGCTAGAAGTCAT,0
CATCGCTAGCTGTTAC,2
CATCGCTAGGACACTG,0
CATCGCTAGGCTTAAA,0
CATCGCTCACACACGC,1
CATCGCTCAGCGGTCT,1
CATCGCTCAGCTTTGA,2
CATCGCTCAGGACGAT,0
CATCGCTCAGGATGAC,0
CATCGCTGTACCAGAG,0
CATCGCTGTAGCGCTC,0
CATCGCTGTAGCTGTT,0
CATCGCTGTATGCGGA,0
CATCGCTGTCGCATCG,1
CATCGCTGTGCCTTCT,0
CATCGCTGTTGTGCCG,0
CATCGCTTCTCGGCTT,0
CATCGGGAGAAGTCCG,0
CATCGGGAGAGGCTGT,2
CATCGGGAGCCTTTCC,0
CATCGGGAGCGTCGAA,0
CATCGGGAGCTACGTT,0
CATCGGGAGTAGACAT,0
CATCGGGCAACCCTAA,2
CATCGGGCAGGGATAC,0
CATCGGGCAGTCGCAC,3
CATCGGGCATATTCGG,1000
CATCGGGCATCAGCGC,0
CATCGGGGTATACAGA,0
CATCGGGGTGCATCTA,2
CATCGGGGTGGATACG,1
CATCGGGGTGTGAATA,2
CATCGGGGTTCAGCGC,1
CATCGGGGTTGTGCAT,0
CATCGGGTCAAGTCGT,1000
CATCGGGTCGGCACTG,0
CATCGGGTCTCTCAAT,0
CATCGTCAGACAGTCG,0
CATCGTCAGATGACCG,0
CATCGTCAGCACCGAA,0
CATCGTCAGCATCCTA,1
CATCGTCAGCATGTTC,2
CATCGTCAGGCCACCT,0
CATCGTCAGGCTCTAT,0
CATCGTCCACAACGCC,1
CATCGTCCACGCTGAC,0
CATCGTCCAGAGTCTT,0
CATCGTCCAGCAGGAT,0
CATCGTCCATCACCAA,0
CATCGTCCATCGAAGG,0
CATCGTCGTATGATCC,0
CATCGTCGTGCACAAG,0
CATCGTCGTTCCAAAC,0
CATCGTCTCAAATAGG,0
CATCGTCTCATACAGC,1
CATCGTCTCCATCAGA,0
CATCGTCTCTCCACTG,3
CATGAGTAGAGCACTG,0
CATGAGTAGGACAGCT,0
CATGAGTCACGACGTC,0
CATGAGTCACTTGAAC,0
CATGAGTCAGCTTCCT,0
CATGAGTCAGGTATGG,0
CATGAGTCAGGTTCAT,0
CATGAGTGTAAGTTGA,0
CATGAGTGTATGACAA,1
CATGAGTGTGAGACGT,0
CATGAGTGTGAGGAAA,0
CATGAGTGTGGTTTGT,2
CATGAGTTCAAGAGGC,2
CATGAGTTCACCGACG,2
CATGAGTTCGACGCTG,1000
CATGAGTTCGGTTGTA,0
CATGAGTTCTAGCATG,0
CATGCAAAGCACACCC,0
CATGCAAAGGACTGGT,0
CATGCAAAGGTCGTCC,1000
CATGCAACACAAGTGG,0
CATGCAACACGTACAT,1000
CATGCAACACGTACTA,0
CATGCAACATGTGCCG,0
CATGCAAGTAACAAGT,0
CATGCAAGTCACCGCA,0
CATGCAAGTTAGGCCC,2
CATGCAATCCATTCGC,0
CATGCAATCGCGAAGA,2
CATGCAATCGTTTACT,1000
CATGCAATCTTCGTGC,1
CATGCCTAGAAGTGTT,0
CATGCCTAGAGCCGTA,0
CATGCCTAGCAGCCTC,3
CATGCCTAGGTACCTT,0
CATGCCTCAAAGCACG,0
CATGCCTCAGTAACAA,0
CATGCCTCAGTTAGGG,3
CATGCCTCATCTTAGG,2
CATGCCTCATGGCCAC,0
CATGCCTGTCGATGCC,0
CATGCCTGTCTACACA,0
CATGCCTGTGTTTGCA,0
CATGCCTGTTCAAGGG,1000
CATGCCTTCATGACAC,0
CATGCCTTCCCACAGG,0
CATGCGGAGACGACGT,0
CATGCGGAGAGGTGCT,2
CATGCGGAGAGTCAGC,0
CATGCGGAGCCTCACG,0
CATGCGGAGTCAGCGA,2
CATGCGGAGTGATAAC,0
CATGCGGCAAGAATAC,0
CATGCGGCAATGAGCG,0
CATGCGGCACCAGACC,0
CATGCGGCACTCCTTG,0
CATGCGGGTCATATGC,2
CATGCGGGTTGTGCAT,0
CATGCGGTCGCTAGCG,0
CATGCGGTCGTTGCCT,2
CATGCTCAGAGGATCC,0
CATGCTCCAAGAGTAT,0
CATGCTCCAAGCCATT,0
CATGCTCCAGAAATCA,0
CATGCTCCAGGCTCTG,0
CATGCTCCATCCGATA,0
CATGCTCGTATACAGA,0
CATGCTCGTCAGCGTC,0
CATGCTCGTCCTCAGG,0
CATGCTCGTGAATGTA,3
CATGCTCGTGTCACAT,0
CATGCTCGTTACGTAC,1000
CATGCTCTCAAACTGC,1000
CATGCTCTCACACGAT,0
CATGCTCTCATTACGG,0
CATGGATAGCTCATAC,0
CATGGATAGGTAATCA,1000
CATGGATAGTAGAGTT,1
CATGGATCACAAACGG,1000
CATGGATCACGAAAGC,1000
CATGGATCACTTCTCG,3
CATGGATCAGGATGAC,1000
CATGGATCATACACCA,0
CATGGATGTCTACGTA,0
CATGGATGTCTCGACG,1000
CATGGATGTGAGCCAA,0
CATGGATGTTGACTGT,1
CATGGATTCCAATCCC,0
CATGGATTCCCAAGCG,0
CATGGATTCCCAATAG,0
CATGGATTCGCCACTT,0
CATGGATTCGGAAGGT,0
CATGGATTCTATTCGT,0
CATGGTAAGCTCCACG,2
CATGGTAAGTTGCGAG,0
CATGGTACAACGACAG,0
CATGGTAGTACTCGTA,0
CATGGTAGTATGCGTT,0
CATGGTAGTCCTTTGC,0
CATGGTAGTCGTTTCC,1000
CATGGTAGTTCCCACT,0
CATGGTAGTTGTGTAC,0
CATGGTATCATTACTC,1000
CATGGTATCGCGATCG,3
CATGGTATCTACCAGA,0
CATTCATAGACTACCT,1000
CATTCATAGATTAGAC,0
CATTCATAGCACAAAT,0
CATTCATCAAATCGTC,0
CATTCATCAACGGGTA,0
CATTCATCAATAGGAT,0
CATTCATCACAATCTG,0
CATTCATCAGCACGAA,0
CATTCATCAGGCGATA,0
CATTCATCATCCTAAG,3
CATTCATGTACTGCGC,2
CATTCATTCCAGTGCG,0
CATTCATTCCATCTGC,0
CATTCATTCGAGTCCG,0
CATTCCGAGAAATTCG,0
CATTCCGAGCTGTACT,0
CATTCCGCAATGGCAG,0
CATTCCGCACTCTAGA,0
CATTCCGCATCGTGGC,0
CATTCCGCATTGGATC,0
CATTCCGGTAACAGGC,0
CATTCCGGTAATGCGG,0
CATTCCGGTCGTGCCA,0
CATTCCGGTCTACGAT,0
CATTCCGTCAACTACG,0
CATTCCGTCGTGGCTG,0
CATTCTAAGAGAATCT,0
CATTCTAAGCCATTGT,2
CATTCTAAGCGATTCT,0
CATTCTAAGTCGGGAT,1
CATTCTACACGACGAA,0
CATTCTACAGATAAAC,0
CATTCTACATCATTTC,0
CATTCTACATGGTACT,0
CATTCTACATTGCTTT,0
CATTCTAGTACGGGAT,2
CATTCTAGTATTTCGG,0
CATTCTAGTCCGGATC,3
CATTCTAGTCGCATCG,0
CATTCTAGTCTTGAGT,0
CATTCTAGTTATGTGC,0
CATTCTAGTTGATCGT,1
CATTCTATCAAATGCC,0
CATTCTATCCTGTACC,1
CATTCTATCGCCGATG,0
CATTCTATCGTTGTGA,0
CATTGAGAGAGTTCGG,0
CATTGAGAGCACCGTC,0
CATTGAGAGGAGGTTC,0
CATTGAGAGGAGTATT,0
CATTGAGAGTACTGGG,0
CATTGAGAGTCACACT,0
CATTGAGAGTCATAGA,1000
CATTGAGCAAGGGCAT,3
CATTGAGCAATATCCG,0
CATTGAGCACTATGTG,3
CATTGAGCAGGAGGTT,0
CATTGAGCATCCGTGG,2
CATTGAGCATCCTGTC,2
CATTGAGCATCTCATT,0
CATTGAGGTGCACGCT,0
CATTGAGGTTCTCTAT,3
CATTGAGTCGCTTACC,1
CATTGAGTCGTTGTAG,3
CATTGAGTCTTACGGA,0
CATTGCCAGAACTGAT,0
CATTGCCAGGACAAGA,0
CATTGCCAGGATACGC,2
CATTGCCAGGCCGCTT,0
CATTGCCAGGTAAGAG,0
CATTGCCAGTGGTGAC,0
CATTGCCCAATCGCGC,1
CATTGCCCAGCTTCCT,0
CATTGCCCATCCAACA,0
CATTGCCCATGACGGA,3
CATTGCCCATTAAGCC,0
CATTGCCGTATGTCCA,2
CATTGCCGTCCGATCG,1
CATTGCCGTTGTGGAG,3
CATTGCCGTTGTGTAC,0
CATTGCCTCACGATAC,0
CATTGCCTCATAGAGA,0
CATTGCCTCCACTTTA,0
CATTGCCTCCGATCTC,0
CATTGCCTCGTACCTC,0
CATTGCCTCTACTGAG,0
CATTGCCTCTCATTGC,0
CATTGCCTCTCATTGT,0
CATTGTTAGAGCCCAA,0
CATTGTTAGAGTCACG,3
CATTGTTCAACCCTAA,0
CATTGTTCAAGCACAG,3
CATTGTTCAGCAGAAC,1
CATTGTTCAGCGGTTC,1
CATTGTTCATACTGTG,0
CATTGTTCATGACACT,0
CATTGTTCATTGCTTT,0
CATTGTTGTAGTCACT,0
CATTGTTGTAGTCCTA,0
CATTGTTGTCGAGTTT,0
CATTGTTGTGCATACT,0
CATTGTTGTTATGGTC,0
CATTGTTGTTTACACG,2
CATTGTTTCCAGCTCT,0
CATTGTTTCTCAATCT,2
CATTTCAAGACCAGAC,0
CATTTCAAGATAGCAT,2
CATTTCAAGCCACAAG,1000
CATTTCAAGGAAGAAC,0
CATTTCAAGGCTCCCA,0
CATTTCAAGGTGCCAA,0
CATTTCAAGTCACTAC,0
CATTTCAAGTCCCAAT,0
CATTTCAAGTCGAGGT,0
CATTTCACAAACGAGC,0
CATTTCACACAAGTGG,0
CATTTCACATCAACCA,0
CATTTCACATGACTAC,0
CATTTCAGTAACAAGT,1
CATTTCAGTACTCAAC,0
CATTTCAGTCAAGTTC,0
CATTTCAGTCGATTCA,0
CATTTCAGTGACACAG,0
CATTTCAGTGATTCAC,0
CATTTCAGTGGGATTG,0
CATTTCAGTGGTCCCA,0
CATTTCAGTGTATACC,0
CATTTCAGTTAAGTCC,0
CATTTCAGTTGGGACA,0
CATTTCAGTTGTCATG,0
CATTTCATCATCCCGT,1000
CATTTCATCTTCTAAC,2
CATTTCATCTTGGAAC,0
CCAAGCGAGCAGTACG,0
CCAAGCGAGGCTTCCG,0
CCAAGCGAGTCCCGAC,0
CCAAGCGAGTCCGCCA,0
CCAAGCGCAAAGTATG,0
CCAAGCGCACAGTACT,0
CCAAGCGCACGATAGG,1000
CCAAGCGCAGAGTAAT,1
CCAAGCGCAGCACGAA,1000
CCAAGCGCATCTCCCA,0
CCAAGCGCATGACGAG,1000
CCAAGCGGTACAGTAA,0
CCAAGCGGTACTCAAC,3
CCAAGCGGTGGAAATT,0
CCAAGCGTCGTAACTG,0
CCAATGAAGATACTGA,1000
CCAATGAAGCATGTTC,0
CCAATGAAGCTCCATA,0
CCAATGACAATTGCGT,0
CCAATGACACAACATC,0
CCAATGACAGCAATTC,2
CCAATGACAGGAGACT,1
CCAATGACATGGTACT,0
CCAATGATCGATAACC,0
CCAATGATCGCCGAAC,1000
CCAATGATCGTAACCA,0
CCAATGATCTGGTGGC,3
CCAATTTAGTAGGGTC,2
CCAATTTAGTTGCTGT,1
CCAATTTCAGCGACCT,0
CCAATTTCAGCTACTA,0
CCAATTTGTCACGCTG,1000
CCAATTTGTCAGGCAA,0
CCAATTTGTCGATTAC,0
CCAATTTGTTTCACAG,0
CCAATTTTCACCTCTG,0
CCAATTTTCACTTGTT,0
CCAATTTTCCTATGGA,0
CCAATTTTCGACACTA,1
CCACAAAAGACGACGT,0
CCACAAAAGAGAGCCT,0
CCACAAAAGATACAGT,0
CCACAAAAGCGACTAG,0
CCACAAAAGGGATGTC,0
CCACAAAAGTCGGCCT,1
CCACAAAAGTGTTCAC,0
CCACAAAAGTTGTAAG,1000
CCACAAACAAGCACCC,1000
CCACAAACAAGGGTCA,0
CCACAAACACCCTCTA,0
CCACAAAGTGTAGGAC,0
CCACAAATCGAGGCAA,0
CCACAAATCGCTTAAG,1000
CCACAAATCTAGTGAC,0
CCACACTAGAGGCGTT,0
CCACACTAGCCGTCGT,0
CCACACTAGCCTATCA,0
CCACACTAGCTGTTAC,0
CCACACTAGTAGAGTT,0
CCACACTAGTGTTCAC,0
CCACACTCAGCTGTTA,0
CCACACTCATTCACCC,0
CCACACTGTAATTAGG,0
CCACACTGTCGACTGC,0
CCACACTGTTGTCCCT,2
CCACACTTCATCGCAA,3
CCACACTTCCACACCT,0
CCACACTTCCGCGATG,0
CCACACTTCTAGCCTC,0
CCACACTTCTGAGAGG,1000
CCACCATAGGAAGTCC,2
CCACCATAGGGACAGG,0
CCACCATAGGTAGCCA,1000
CCACCATAGTATGAAC,0
CCACCATAGTGAGTTA,0
CCACCATAGTGGTTCT,1
CCACCATCAACTGAAA,0
CCACCATCAGACACCC,0
CCACCATCAGTAGAAT,3
CCACCATGTCAGTTTG,0
CCACCATGTGTTTACG,2
CCACCATGTTTCCAAG,0
CCACCATTCCTGGCTT,1000
CCACCATTCCTTATCA,0
CCACGAGAGCTTTGTG,3
CCACGAGAGGAAGTCC,0
CCACGAGAGGCGTTAG,0
CCACGAGAGGTGTGAC,2
CCACGAGAGTAGAATC,0
CCACGAGAGTGCTCGC,0
CCACGAGCACAATTCG,0
CCACGAGCACTAGGTT,0
CCACGAGCAGATCACT,1000
CCACGAGCAGTCTACA,0
CCACGAGGTATACCCA,0
CCACGAGGTCGAATGG,0
CCACGAGGTGTCTTCC,0
CCACGAGGTTGTAGCT,0
CCACGAGTCATCACTT,0
CCACGTTAGAGCAAGA,1
CCACGTTAGCGATGAC,0
CCACGTTAGGTTGACG,0
CCACGTTAGTCACTAC,0
CCACGTTAGTCATGCT,0
CCACGTTCACGCAGTC,0
CCACGTTCAGCAGACA,0
CCACGTTGTATACGGG,3
CCACGTTGTCACCACG,0
CCACGTTGTCATGCAT,0
CCACGTTGTCGTATGT,2
CCACGTTGTGAGACCA,0
CCACGTTGTTAAGAAC,0
CCACGTTGTTCTAACG,0
CCACGTTGTTGGGACA,1000
CCACGTTTCAAATAGG,1
CCACGTTTCATGAGAA,0
CCACGTTTCTGCTCTG,2
CCACGTTTCTGGCCTT,0
CCACTTGAGCCTCATA,2
CCACTTGAGGCTCACC,0
CCACTTGAGGGTCAAC,2
CCACTTGAGTAATCCC,0
CCACTTGAGTCGTCTA,0
CCACTTGCAGCCGTCA,0
CCACTTGGTAGCTGAG,1000
CCACTTGGTCCGAAGA,3
CCACTTGTCAACTCTT,3
CCACTTGTCACCTTGC,0
CCACTTGTCCCATAAG,1
CCACTTGTCGGCAGTC,3
CCACTTGTCGGCATTA,0
CCACTTGTCTTTCCAA,0
CCATAAGAGGCTGGAT,3
CCATAAGCAAGAGGCT,3
CCATAAGCAGCCGTCA,0
CCATAAGCAGGTGACA,0
CCATAAGCAGTGCCTG,1000
CCATAAGGTCGTGCCA,0
CCATAAGTCAACCGAT,1000
CCATAAGTCCACTGGG,0
CCATAAGTCCTCATAT,0
CCATAAGTCTAGGCAT,0
CCATAAGTCTCAATCT,1000
CCATAAGTCTCATTTG,0
CCATCACAGCCTCACG,0
CCATCACAGTCATCCA,0
CCATCACAGTTAACAG,0
CCATCACCAAGGTCTT,1000
CCATCACCAGAGGAAA,0
CCATCACGTAGCGAGT,1
CCATCACGTGATAGTA,0
CCATCACGTGGTTTGT,0
CCATCACGTGTCTAAC,0
CCATCACGTTTCGACA,0
CCATCACTCCGATAGT,0
CCATCACTCGCAATTG,0
CCCAACTAGAGTGAAG,0
CCCAACTAGATGCAGC,0
CCCAACTAGTTCCGGC,0
CCCAACTCATGCAGCC,3
CCCAACTGTATGAGAT,1000
CCCAACTGTCACGACC,0
CCCAACTGTGGTTTAC,0
CCCAACTGTTACCTGA,0
CCCAACTGTTTCCAAG,0
CCCAACTTCAAAGGAT,0
CCCAACTTCAAGTAAG,0
CCCAACTTCACGGGAA,0
CCCAACTTCCATTTAC,0
CCCAACTTCTCGTGAA,1
CCCAACTTCTGAGGTT,0
CCCAACTTCTTTGCTA,1000
CCCATTGAGATCCCGC,0
CCCATTGAGCAATTCC,0
CCCATTGAGGCATGGT,1
CCCATTGCAACAAAGT,0
CCCATTGCAACAAGAT,0
CCCATTGCACCAAAGG,1
CCCATTGCAGCCATTA,0
CCCATTGGTATCACCA,1
CCCATTGGTCGTTGCG,0
CCCATTGGTCTGTGCG,0
CCCATTGGTCTTACTT,0
CCCATTGGTCTTGAGT,1
CCCATTGGTTAGCGGA,0
CCCATTGGTTAGGCCC,1
CCCATTGGTTCTCAGA,0
CCCATTGTCCATTTAC,0
CCCATTGTCCGAGTGC,1
CCCATTGTCTTGATTC,0
CCCGAAGAGAAATGGG,0
CCCGAAGAGGAAAGTG,0
CCCGAAGAGGAATGTT,1000
CCCGAAGAGGAGTCTG,2
CCCGAAGAGGCTCAAG,0
CCCGAAGAGTCATGGG,1000
CCCGAAGCAAGCGCTC,0
CCCGAAGCAGACCATT,1000
CCCGAAGCATGCAGCC,0
CCCGAAGCATGGGAAC,0
CCCGAAGGTCAGTCTA,3
CCCGAAGGTCATACCA,0
CCCGAAGGTCTGCATA,1
CCCGAAGGTGACACAG,3
CCCGAAGGTTTCACAG,0
CCCGAAGTCAAGTCTG,2
CCCGAAGTCACGTAGT,1
CCCGAAGTCATGCCCT,2
CCCGAAGTCATTGCCC,0
CCCGAAGTCCCGAACG,0
CCCGAAGTCGAGTTGT,0
CCCGAAGTCTACCAGA,0
CCCGAAGTCTCTATAC,0
CCCGGAAAGACTAGAT,0
CCCGGAAAGCAGATAT,0
CCCGGAACAGCACACC,0
CCCGGAACATAGAATG,0
CCCGGAAGTCATCGGC,1
CCCGGAAGTCGCACAC,0
CCCGGAAGTGACAGCA,3
CCCGGAAGTGGTCCGT,1000
CCCGGAAGTGTTTGCA,0
CCCGGAAGTTCTTGTT,0
CCCGGAATCGGACCAC,0
CCCGGAATCGTAGTGT,0
CCCTAACAGACACACG,0
CCCTAACAGCACTCGC,0
CCCTAACAGTGTAGTA,1000
CCCTAACCAGCGAACA,1
CCCTAACCATGGCTGC,0
CCCTAACGTCCCTAAA,0
CCCTAACGTGCCCGTA,0
CCCTAACGTGTGTGTT,1
CCCTAACGTTGATCGT,0
CCCTAACGTTTACCAG,0
CCCTAACTCACCTACC,0
CCCTAACTCAGCTTGA,0
CCCTAACTCATGAGAA,0
CCCTCAAAGAGCCATG,1000
CCCTCAAAGAGCTGAC,0
CCCTCAAAGCGCAATG,0
CCCTCAAAGCTGTGCC,0
CCCTCAAAGGAATCGC,1
CCCTCAAAGGCTCTCG,0
CCCTCAAAGTGCAGCA,0
CCCTCAACAATGAACA,0
CCCTCAACACTCCTGT,0
CCCTCAACAGACCAAG,0
CCCTCAAGTAGGTCAG,0
CCCTCAAGTGATACCT,1
CCCTCAAGTGTGGACA,0
CCCTCAAGTTCGAGCC,0
CCCTCAATCACTTCTA,3
CCCTCAATCCATTGGA,0
CCCTCAATCTACTTCA,0
CCCTCAATCTGAGATC,1000
CCCTCAATCTTACGTT,1000
CCCTCTCAGCTGCCAC,0
CCCTCTCAGGACACTG,0
CCCTCTCAGTGAGGTC,0
CCCTCTCAGTTGCCCG,1000
CCCTCTCCACAACGTT,0
CCCTCTCCACTGGATT,1000
CCCTCTCGTAACAGTA,1
CCCTCTCGTGGGCTTC,0
CCCTCTCTCACTGTCC,0
CCCTCTCTCACTTGTT,0
CCCTCTCTCTGGAAGG,0
CCCTCTCTCTTGGTGA,0
CCCTGATAGGCATTTC,0
CCCTGATAGTCACGCC,0
CCCTGATAGTGATTCC,0
CCCTGATAGTTGGGAC,0
CCCTGATCAAACTGCT,0
CCCTGATCAAATCCCA,0
CCCTGATCAACACGTT,0
CCCTGATCAAGTGCTT,0
CCCTGATCAGACCCGT,0
CCCTGATCATGGACAG,0
CCCTGATGTATCGCAT,0
CCCTGATGTCATCAGT,0
CCCTGATGTGGACTAG,2
CCCTGATTCCACTAGA,0
CCCTGATTCGAGAGAC,0
CCCTGATTCGATCCCT,3
CCCTGATTCGGTCGAC,0
CCCTGATTCTGCTTAT,1000
CCCTTAGAGCATGGGT,1
CCCTTAGAGGCTCTCG,2
CCCTTAGAGTCTAGAA,0
CCCTTAGCAATCTGCA,3
CCCTTAGCACGCGTGT,1
CCCTTAGCAGAACCGA,0
CCCTTAGCAGACCGCT,2
CCCTTAGCAGGTCCCA,2
CCCTTAGCATCACGGC,2
CCCTTAGCATGACGAG,0
CCCTTAGGTGATCGTT,0
CCCTTAGGTGCTCGTG,0
CCCTTAGGTTAGCTAC,1000
CCCTTAGTCCGATTAG,1
CCCTTAGTCTACCCAC,3
CCGAACGAGCAATAAC,0
CCGAACGAGTATGGCG,0
CCGAACGAGTTTGTCG,0
CCGAACGCAAAGGATT,0
CCGAACGCACATACGT,0
CCGAACGCAGCCTTCT,2
CCGAACGCATACAGCT,1000
CCGAACGCATTAAGCC,0
CCGAACGGTACCGTCG,2
CCGAACGGTATGCTTG,0
CCGAACGGTCAAGGCA,0
CCGAACGGTGCTGTCG,0
CCGAACGGTTTGGCTA,0
CCGAACGTCGCGTGAC,0
CCGAACGTCGGAATGG,3
CCGATCTAGACCAACG,3
CCGATCTAGTTCCTGA,0
CCGATCTCAACGTTAC,3
CCGATCTCACACACGC,1
CCGATCTGTAACATGA,3
CCGATCTGTCCTACAA,0
CCGATCTGTGCGTGCT,0
CCGATCTGTTAAGCAA,0
CCGATCTGTTTCGACA,0
CCGATCTTCCACATAG,1
CCGATCTTCTGCTCTG,2
CCGATGGAGTAACCGG,0
CCGATGGAGTCTGGTT,0
CCGATGGCAAGCTGCC,1000
CCGATGGCAAGTAGTA,0
CCGATGGCAATTCGTG,0
CCGATGGCACACAGCC,0
CCGATGGCAGTCTTCC,3
CCGATGGCATAGCTGT,0
CCGATGGGTCGATTTG,0
CCGATGGGTCGCACGT,0
CCGATGGGTCGCGTTG,1
CCGATGGGTGTCACAT,0
CCGATGGGTTGCACGC,0
CCGATGGTCACTAGCA,1
CCGATGGTCACTTTGT,2
CCGATGGTCAGCGGAA,0
CCGATGGTCCGTTGGG,0
CCGATGGTCTGTTCAT,2
CCGCAAGAGACCAGCA,0
CCGCAAGAGCAACAAT,0
CCGCAAGCAACAGCTT,1
CCGCAAGCACATACTG,0
CCGCAAGCATAGATGA,0
CCGCAAGCATCTTAGG,1000
CCGCAAGCATGGCTGC,0
CCGCAAGGTAACTGCT,0
CCGCAAGGTCTAGGCC,3
CCGCAAGGTCTGTGTA,1000
CCGCAAGGTGATAGTA,3
CCGCAAGGTGTCCGTG,3
CCGCAAGTCAGAATAG,0
CCGCAAGTCATGTCAG,1
CCGCAAGTCCAATCTT,0
CCGCAAGTCTACACTT,1000
CCGCAAGTCTACCCAC,0
CCGCAAGTCTCGAGTA,0
CCGGACAAGACGGTTG,0
CCGGACACAATACGAA,1
CCGGACACACTATGTG,0
CCGGACACAGCAAGAC,1000
CCGGACACATCATTGG,1
CCGGACACATCCGGTG,0
CCGGACACATCGGATT,3
CCGGACAGTCATTGCA,0
CCGGACAGTCCAGGTC,0
CCGGACAGTCGTGGTC,0
CCGGACAGTGGAATGC,0
CCGGACATCCATCGTC,0
CCGGACATCTGAGGCC,0
CCGGGTAAGAGCATCG,0
CCGGGTAAGCATGATA,0
CCGGGTAAGTTACGAA,1
CCGGGTACACGTGAGA,0
CCGGGTACACTTTATC,0
CCGGGTACAGTGTGCC,0
CCGGGTACATCGATAC,0
CCGGGTACATGCGTGC,0
CCGGGTAGTCGAGCTC,0
CCGGGTATCCTTTAGT,1000
CCGGGTATCGCATGAT,0
CCGGTAGAGCTCTATG,0
CCGGTAGAGGCCTAGA,1
CCGGTAGAGTTGCATC,0
CCGGTAGCAATGTTGC,0
CCGGTAGCAGAGCGTA,1000
CCGGTAGCATCCTTCG,0
CCGGTAGGTACTCAAC,2
CCGGTAGGTGTTGCCG,2
CCGGTAGGTTCTGACA,3
CCGGTAGTCGGATTAC,0
CCGGTAGTCGTAGTCA,0
CCGGTAGTCTTGGTCC,1000
CCGGTGAAGCCTCATA,0
CCGGTGAAGGCACTCC,2
CCGGTGAAGGGTAATT,0
CCGGTGAAGTGGTGAC,3
CCGGTGAAGTTGCCCG,3
CCGGTGACACAACGCC,2
CCGGTGACACGACAGA,0
CCGGTGACACTCTGCT,0
CCGGTGACAGTCGGTC,0
CCGGTGAGTGACAACG,1000
CCGGTGATCAAACGTC,0
CCGGTGATCGCGTCGA,0
CCGGTGATCTAGCCTC,0
CCGGTGATCTATACTC,1000
CCGGTGATCTATTGTC,1000
CCGGTGATCTGCGGAC,2
CCGGTGATCTGGGCCA,0
CCGTAGGAGAGCAGCT,1000
CCGTAGGAGAGTGACC,0
CCGTAGGAGGTCCCTG,0
CCGTAGGCACAGTCCG,3
CCGTAGGCACGAGAAC,3
CCGTAGGCAGAGGGTT,2
CCGTAGGCAGAGTGTG,1
CCGTAGGGTAAGCAAT,0
CCGTAGGGTTAAACAG,0
CCGTAGGGTTGTTTGG,0
CCGTAGGTCGAACTCA,0
CCGTAGGTCTACAGGT,3
CCGTGAGAGACTTCCA,2
CCGTGAGAGGACAGTC,2
CCGTGAGCAACGATTC,1000
CCGTGAGCAAGGTCGA,2
CCGTGAGCACCGTCTT,2
CCGTGAGCACGCTTAA,0
CCGTGAGCAGCAGTCC,3
CCGTGAGCAGTGGGTA,1
CCGTGAGCATCTTAGG,1000
CCGTGAGGTACAAGCG,0
CCGTGAGGTATAGGGC,1000
CCGTGAGGTCAACATC,1000
CCGTGAGGTCACTTCC,0
CCGTGAGGTCAGGTAG,0
CCGTGAGGTGCTGTCG,0
CCGTGAGGTTCATCGA,0
CCGTGAGGTTCTCGCT,0
CCGTGAGTCCAGTGTA,0
CCGTGAGTCTCAACGA,0
CCGTTCAAGGCATGGT,1000
CCGTTCAAGTAGCAAT,2
CCGTTCAAGTGCGTCC,1
CCGTTCAAGTTGAAAC,0
CCGTTCACAACGAGGT,1
CCGTTCACACAGCTTA,3
CCGTTCACACGAAGAC,0
CCGTTCACACGTCGGT,0
CCGTTCACATAGTCAC,0
CCGTTCAGTATAGGGC,0
CCGTTCAGTGTGCCTG,0
CCGTTCAGTGTGTACT,1000
CCGTTCATCGGCTATA,0
CCGTTCATCTAGCCTC,1
CCTAACCAGAATTTGG,3
CCTAACCAGAGTTGCG,0
CCTAACCAGCATAGGC,0
CCTAACCAGGTAAGAG,0
CCTAACCCACTGTGAT,1000
CCTAACCCATACTGTG,3
CCTAACCCATAGGCGA,3
CCTAACCCATGGAGAC,3
CCTAACCGTAACAAGT,1
CCTAACCGTCATCCGG,0
CCTAACCTCAATCGGT,3
CCTAACCTCTAAACGC,0
CCTAACCTCTCATTTG,0
CCTAACCTCTTAGCTT,0
CCTAAGAAGATTACCC,0
CCTAAGAAGGATTCAA,0
CCTAAGACAAACCACT,0
CCTAAGACAAGAGTGC,0
CCTAAGACACTACAGT,0
CCTAAGACAGTCAGAG,0
CCTAAGAGTACGTGAG,0
CCTAAGAGTAGGACCA,0
CCTAAGAGTATAGCTC,0
CCTAAGAGTTGTAGCT,1
CCTAAGATCGGCCCAA,0
CCTACGTAGAACCGCA,0
CCTACGTAGAGTCTTC,0
CCTACGTAGCGGTATG,0
CCTACGTAGGCTAACG,0
CCTACGTAGGGAGAAT,3
CCTACGTCAACACGAG,0
CCTACGTCAATGCAAA,2
CCTACGTCACGCGCAT,0
CCTACGTCAGACCTAT,0
CCTACGTCAGTATGAA,0
CCTACGTGTCCACGCA,0
CCTACGTGTGACAACG,3
CCTACGTGTTTACGAC,0
CCTACGTTCAAGTAAG,1000
CCTACGTTCCGCGGAT,0
CCTACGTTCGACATCA,0
CCTACGTTCTGTGCAA,0
CCTATCGAGATGCTTC,0
CCTATCGAGGCCTGAA,0
CCTATCGCACCCAAGC,0
CCTATCGCAGGGAATC,0
CCTATCGCATTGCTTT,0
CCTATCGCATTGTAGC,0
CCTATCGGTCGACTTA,0
CCTATCGTCACATCAG,0
CCTATCGTCACTTATC,0
CCTATCGTCGCTTACC,0
CCTATCGTCTGAGGTT,1000
CCTCAACAGCATCGAG,0
CCTCAACAGTGAATAC,0
CCTCAACCACTGTCGG,0
CCTCAACCATCATGAC,0
CCTCAACCATGCCGGT,0
CCTCAACGTACCCAGC,0
CCTCAACGTCCGTACG,0
CCTCAACGTGCTCTTC,0
CCTCAACGTTGGGAAC,1000
CCTCAACTCACGGAGA,0
CCTCAACTCAGCCTCT,0
CCTCAACTCGACGACC,0
CCTCAACTCGCCAATA,0
CCTCAACTCGCTTACC,2
CCTCAACTCTGCATAG,0
CCTCACAAGATAGCTA,0
CCTCACAAGGCTCAAG,0
CCTCACAAGTTGCTCA,0
CCTCACACAAGTTGGG,0
CCTCACACACAAGTTC,0
CCTCACACACAGAGAC,1000
CCTCACACACCTCTAC,2
CCTCACACAGCTGTAT,0
CCTCACACAGTTCACA,1000
CCTCACACATAACCCA,0
CCTCACAGTAGGAAAG,0
CCTCACAGTATGTCAC,0
CCTCACAGTCGTAATC,1
CCTCACAGTTTGGGAG,0
CCTCACATCACCTTGC,2
CCTCACATCCACACCT,0
CCTCACATCGATACTG,0
CCTCACATCTATTTCG,1000
CCTCAGTAGAAATGGG,0
CCTCAGTAGTTTGAGA,0
CCTCAGTCAAGGCAAC,0
CCTCAGTCACACAGAG,3
CCTCAGTCAGACCTGC,0
CCTCAGTCAGACGCTC,1000
CCTCAGTGTAGACAAT,0
CCTCAGTGTCAGCGTC,2
CCTCAGTTCAACTTTC,0
CCTCAGTTCCGCAAAT,0
CCTCAGTTCTTCTAAC,2
CCTCATGAGAATTCAG,0
CCTCATGAGACGCCCT,0
CCTCATGAGCGATGCA,1000
CCTCATGAGCTGTACT,0
CCTCATGCAAACAGGC,0
CCTCATGCAAAGGCAC,2
CCTCATGCAAGGTACG,2
CCTCATGCAATGGCAG,2
CCTCATGCACGTGAGA,0
CCTCATGGTAAGGTCG,0
CCTCATGTCCTAAACG,1000
CCTCATGTCGAACGGA,0
CCTCCAAAGCAAACAT,0
CCTCCAAAGGCTCCCA,0
CCTCCAACAAGCGAAC,3
CCTCCAACACAGTCGC,0
CCTCCAACACCAGTTA,0
CCTCCAACAGCAGAAC,0
CCTCCAAGTAGGATAT,0
CCTCCAAGTATATGGA,0
CCTCCAAGTGACTCTA,2
CCTCCAAGTGATTCAC,0
CCTCCAAGTTGAAGTA,0
CCTCCAATCAACTCTT,2
CCTCCAATCAAGATAG,1
CCTCCAATCACCTTAT,1000
CCTCCAATCAGCGCAC,1000
CCTCCAATCGAGCCAC,0
CCTCCTCAGAGAATCT,3
CCTCCTCAGGGCTGAT,2
CCTCCTCAGTGCTACT,0
CCTCCTCCAACGGCTC,0
CCTCCTCCACTGCGTG,0
CCTCCTCCATCACGGC,0
CCTCCTCCATGTGCCG,0
CCTCCTCGTACTAACC,1000
CCTCCTCGTCGTATGT,0
CCTCCTCGTGTACATC,0
CCTCCTCTCATCGCAA,3
CCTCCTCTCCGAGAAG,1000
CCTCCTCTCGAACTCA,0
CCTCCTCTCTATCGCC,3
CCTCTAGAGCGAAACC,1000
CCTCTAGAGCTGGCTC,2
CCTCTAGAGTTAACGA,1
CCTCTAGCAAGTACCT,0
CCTCTAGCATAACGGG,1000
CCTCTAGCATAGAGGC,2
CCTCTAGCATCCGGTG,0
CCTCTAGCATTGAGCT,0
CCTCTAGGTCGGAACA,0
CCTCTAGGTCTTCAAG,0
CCTCTAGGTGATCGTT,2
CCTCTAGGTTAAGTCC,0
CCTCTAGTCACCCTCA,1000
CCTCTAGTCTACCTTA,0
CCTCTAGTCTACGCGG,0
CCTCTCCAGACAAGCC,1000
CCTCTCCAGACTCTTG,2
CCTCTCCAGAGCTTTC,0
CCTCTCCAGGAAGTCC,0
CCTCTCCAGGACTAAT,1000
CCTCTCCCAACCGTAT,0
CCTCTCCCACAAAGCG,0
CCTCTCCCACAATGAA,0
CCTCTCCCACGGTGAA,1
CCTCTCCCACGTCATA,0
CCTCTCCCAGTAGAAT,0
CCTCTCCCATGCAGCC,0
CCTCTCCGTCACTGAT,0
CCTCTCCGTGACGTCC,0
CCTCTCCGTGACTGTT,2
CCTCTCCTCAAGAGTA,0
CCTCTCCTCAATGCAC,0
CCTCTCCTCATTCGTT,1000
CCTGCATAGCCAGTAG,2
CCTGCATAGTACGTCT,0
CCTGCATAGTGAACAT,0
CCTGCATAGTGACACG,0
CCTGCATCACAAGTTC,0
CCTGCATCAGAGTTGG,0
CCTGCATGTATTGGCT,0
CCTGCATGTGCCTAAT,0
CCTGCATGTTACCCAA,3
CCTGCATTCACCCTTG,1000
CCTGCATTCATGCATG,3
CCTGCATTCCTCTAGC,1000
CCTGCATTCGTAGGGA,0
CCTGCATTCGTTCCTG,0
CCTGTTGAGCACTCAT,2
CCTGTTGCACAGTCAT,3
CCTGTTGCAGTCGAGA,0
CCTGTTGGTCCGATCG,0
CCTGTTGGTGCTTCAA,0
CCTGTTGTCACCTGTC,0
CCTGTTGTCACGAGGA,0
CCTGTTGTCCGAAATC,0
CCTGTTGTCGTTACCC,1
CCTTCAGAGCAGTACG,2
CCTTCAGAGCCTAACT,0
CCTTCAGAGGAACGAA,0
CCTTCAGAGGATGTTA,0
CCTTCAGAGGTGCGAT,0
CCTTCAGAGGTGGCTA,0
CCTTCAGAGGTTCACT,0
CCTTCAGAGTAAATGC,0
CCTTCAGAGTAATACG,2
CCTTCAGCAATGGCCC,0
CCTTCAGCAGAACTAA,2
CCTTCAGCATACAGAA,0
CCTTCAGGTAGGCAAC,0
CCTTCAGGTGAGATAT,0
CCTTCAGGTGCAATAA,1000
CCTTCAGGTGCCTATA,0
CCTTCAGGTGGAAGTC,0
CCTTCAGGTTAAGGGC,0
CCTTCAGTCATCGTAG,0
CCTTCAGTCATGGAGG,0
CCTTCAGTCCATACTT,3
CCTTCAGTCGAGAAAT,0
CCTTCAGTCGGTAGGA,0
CCTTGTGAGCCATCCG,0
CCTTGTGAGCCTCAGC,0
CCTTGTGAGGTTTGAA,0
CCTTGTGCAGGAGGAG,0
CCTTGTGCAGGCATTT,0
CCTTGTGCATGTGCCG,3
CCTTGTGGTCATTGCA,3
CCTTGTGGTGAGATTA,2
CCTTGTGGTTCAGCGC,0
CCTTGTGGTTGGAGAC,0
CCTTGTGTCACAAGGG,0
CCTTGTGTCCTGTAAG,1000
CCTTGTGTCGAAGCCC,0
CCTTGTGTCGAGCTGC,0
CCTTGTGTCTGAGATC,0
CCTTGTGTCTGTGTGA,0
CCTTTGGAGCACAAAT,0
CCTTTGGAGCAGAAAG,1000
CCTTTGGAGCTAATCC,0
CCTTTGGAGTAAGGGA,0
CCTTTGGCAACGTATC,3
CCTTTGGCAATCAGCT,0
CCTTTGGCACGTATAC,0
CCTTTGGCAGTTCTAG,0
CCTTTGGGTAGGCTCC,2
CCTTTGGGTATGTGTC,0
CCTTTGGGTATTAAGG,0
CCTTTGGGTGTGTGTT,0
CCTTTGGTCAAGTTGC,0
CCTTTGGTCCAAAGGG,0
CCTTTGGTCGAAGGAC,2
CCTTTGGTCGCATTGA,0
CCTTTGGTCGCTCATC,3
CCTTTGGTCGTGGCTG,0
CCTTTGGTCTGTGCTC,1000
CCTTTGGTCTGTGTGA,1
CCTTTGGTCTTCTGTA,1000
CGAAGGAAGAGCCGAT,0
CGAAGGAAGCCATTTG,2
CGAAGGAAGCTGCGAA,1000
CGAAGGAAGTCAATCC,0
CGAAGGAAGTCAGAGC,1
CGAAGGACACAACATC,0
CGAAGGACATGACCCG,0
CGAAGGAGTAGGCTCC,0
CGAAGGAGTCGGTGAA,0
CGAAGGAGTGAGTTGG,0
CGAAGGATCGCCACTT,0
CGAAGGATCGCCGAAC,0
CGAAGGATCGGAGTGA,2
CGAAGGATCTATGCCC,0
CGAAGTTAGCAAGCCA,0
CGAAGTTAGCTGCCAC,2
CGAAGTTAGGCAGCTA,1000
CGAAGTTCAAGCGATG,0
CGAAGTTCACCGCTAG,0
CGAAGTTCACTGTCGG,0
CGAAGTTGTAATGATG,0
CGAAGTTGTAGGGAGG,0
CGAAGTTGTCGGATTT,1000
CGAAGTTGTTTACACG,0
CGAAGTTTCCCTCGAT,1
CGAAGTTTCTCTAAGG,0
CGAATTGAGACATCAA,0
CGAATTGCAGGAACCA,0
CGAATTGCATGAAGGC,2
CGAATTGCATGGCACC,0
CGAATTGGTGACTGAG,3
CGAATTGGTGTATCCA,2
CGAATTGGTTTACGTG,0
CGAATTGTCAAAGCCT,0
CGAATTGTCACTACGA,1000
CGAATTGTCCGTGTCT,3
CGACAGCAGAATAACC,0
CGACAGCAGCGCCTAC,1
CGACAGCCAAATGGAT,0
CGACAGCCACAGTCGC,0
CGACAGCGTGTGCCTG,2
CGACAGCTCACAAGAA,0
CGACAGCTCCGATGTA,0
CGACAGCTCCGCAACG,0
CGACAGCTCCTTTAGT,0
CGACAGCTCTCTGGTC,0
CGACAGCTCTTTCTAG,0
CGAGAAGAGACGAAGA,0
CGAGAAGAGAGCAGCT,3
CGAGAAGAGAGGCGGA,1000
CGAGAAGAGAGTGTGC,0
CGAGAAGAGATGCGAC,2
CGAGAAGAGCGAATGC,3
CGAGAAGAGTACCATC,1000
CGAGAAGCACCCTAGG,0
CGAGAAGGTAATTGGA,1000
CGAGAAGGTGATAGAT,0
CGAGAAGGTGCTTCAA,0
CGAGAAGGTTGTGCCG,0
CGAGAAGGTTTGGGTT,0
CGAGAAGTCCTTCTAA,0
CGAGGAAAGCAGAAAG,1
CGAGGAAAGGACTAAT,0
CGAGGAAAGGTGCATG,0
CGAGGAACAAAGGGCT,0
CGAGGAACAATAGTCC,0
CGAGGAACAGAGTTCT,1000
CGAGGAACATAATGCC,0
CGAGGAACATAGTCGT,0
CGAGGAACATGGGAAC,1
CGAGGAAGTCAGTCGC,0
CGAGGAAGTCCAATCA,0
CGAGGAAGTGCCAAGA,1000
CGAGGAAGTGGCGTAA,3
CGAGGAAGTTCGGTTA,0
CGAGGAATCCGTACGG,0
CGAGGAATCCTATTGT,0
CGAGGAATCGAGTACT,0
CGAGGAATCTCTTCAA,1000
CGAGGAATCTTCGACC,0
CGAGGCTAGACAAGCC,2
CGAGGCTAGGTACTGG,2
CGAGGCTAGGTGCTGA,0
CGAGGCTAGTGGTGGT,0
CGAGGCTAGTTGTACC,1000
CGAGGCTCAACTCCAA,0
CGAGGCTCACAATGAA,0
CGAGGCTGTACAGTTC,0
CGAGGCTGTCCTTTGC,0
CGAGGCTGTCTCTCTG,2
CGAGGCTGTTCGGCTG,1000
CGAGGCTGTTCTCCTG,0
CGAGGCTTCATTACTC,0
CGAGGCTTCCACGGAC,0
CGAGGCTTCCCGAGTG,1000
CGAGGCTTCGTTCGCT,2
CGAGGCTTCTAGTCAG,0
CGAGGCTTCTGCTGAA,0
CGAGTGCAGATGAACT,0
CGAGTGCAGGAGAATG,0
CGAGTGCCAACTAGAA,0
CGAGTGCCAAGAATGT,3
CGAGTGCCAATTTCCT,0
CGAGTGCCAGAGTGTG,0
CGAGTGCCAGGAATAT,1000
CGAGTGCGTAACATAG,0
CGAGTGCGTCAGTCGC,0
CGAGTGCGTGCATTAC,0
CGAGTGCGTGCGGCTT,0
CGAGTGCGTTGTACGT,0
CGAGTTAAGAAGTCTA,0
CGAGTTAAGCAGAAAG,0
CGAGTTAAGCCGAACA,2
CGAGTTAAGCTCCATA,0
CGAGTTAAGGGAGAAT,0
CGAGTTAAGGGAGGGT,1000
CGAGTTACACATACTG,0
CGAGTTACATTGACCA,0
CGAGTTAGTACTGGGA,3
CGAGTTAGTAGCTGAG,1000
CGAGTTAGTCAGTTTG,0
CGAGTTAGTGGGCTCT,1
CGAGTTAGTGTGTCCG,1
CGAGTTATCTATACGG,0
CGATCGGAGATGAACT,0
CGATCGGAGGCCTTGC,0
CGATCGGAGTTTCTTC,1000
CGATCGGCACTTACAG,0
CGATCGGGTAGTCACT,0
CGATCGGGTCCGATCG,0
CGATCGGGTGTCTTAG,3
CGATCGGGTTCCTACC,2
CGATCGGGTTGAAGTA,0
CGATCGGGTTGGAGGT,1
CGATCGGTCAGCTTCC,3
CGATCGGTCAGCTTGA,0
CGATGCGAGCAGCAGT,1000
CGATGCGAGGTGCTGA,2
CGATGCGAGTCCGTCG,0
CGATGCGCAAGTTCCA,2
CGATGCGCACCGCTAG,2
CGATGCGCAGGAGGTT,0
CGATGCGGTACCTAAC,0
CGATGCGGTACGAGCA,0
CGATGCGGTATCCCAA,1
CGATGCGGTTACTCAG,1
CGATGCGGTTCCAGGC,0
CGATGCGTCGAACCTA,0
CGATGCGTCGGTGTTA,0
CGATGCGTCTACGCGG,0
CGATGGCAGACGAGCT,0
CGATGGCAGGAGTCTG,0
CGATGGCAGTGGAAAG,0
CGATGGCCACAAAGTA,3
CGATGGCCACTGGCGT,0
CGATGGCCAGATAAAC,1
CGATGGCCATAATCGC,0
CGATGGCGTCCGCAGT,2
CGATGGCGTTCGGCTG,2
CGATGGCGTTCTCGTC,0
CGATGGCGTTTACTTC,3
CGATGGCTCAGACCGC,0
CGATGGCTCGTGGCGT,1000
CGATGGCTCTCTCTTC,2
CGCAGGTAGACCTTTG,3
CGCAGGTAGTCGAAAT,1000
CGCAGGTCAACCCTAA,0
CGCAGGTCAACGGTAG,2
CGCAGGTCAACTGTGT,2
CGCAGGTCAATAACCC,0
CGCAGGTCACCCAATA,1
CGCAGGTCACGAGGTA,3
CGCAGGTCAGCTATTG,1
CGCAGGTCATGACGAG,0
CGCAGGTGTAAGAACT,1
CGCAGGTGTACAGTAA,3
CGCAGGTGTACATTGC,1
CGCAGGTGTACTGACT,0
CGCAGGTGTCGCGTCA,0
CGCAGGTGTTAGTTCG,1
CGCAGGTTCATTCCTA,1000
CGCAGGTTCCTTCGAC,1000
CGCAGGTTCTTACACT,0
CGCATAAAGACTCTAC,0
CGCATAAAGAGAGGGC,0
CGCATAAAGCACTTTG,0
CGCATAAAGCGAGTAC,0
CGCATAAAGCGGTATG,0
CGCATAAAGGCATGCA,0
CGCATAAAGGGCAGGA,0
CGCATAAAGTAACGTA,0
CGCATAACAAGAGTAT,0
CGCATAACAATAACCC,0
CGCATAACACCGTGAC,2
CGCATAACAGCTATTG,0
CGCATAACATTGCCGG,0
CGCATAAGTAGACAGC,0
CGCATAAGTCAACATC,0
CGCATAAGTCCAAGAG,0
CGCATAAGTCGGAACA,0
CGCATAAGTGGACAGT,0
CGCATAAGTGTGTACT,0
CGCATAATCCGTAGGC,0
CGCATAATCGATAACC,0
CGCATAATCGCCGAAC,1
CGCATAATCGCGCTGA,0
CGCATAATCTCTGCTG,0
CGCATAATCTTAGCAG,0
CGCATGGAGAATCGTA,0
CGCATGGAGATCCAAA,0
CGCATGGAGGTGCCTC,0
CGCATGGAGTAGACCG,0
CGCATGGAGTCATAGA,0
CGCATGGCAACGTAAA,2
CGCATGGCAAGCGAAC,0
CGCATGGCAATTAGGA,3
CGCATGGCACCTCTGT,0
CGCATGGCAGCACAGA,0
CGCATGGCATACAGCT,2
CGCATGGGTACAAGTA,1
CGCATGGGTAGTGATA,0
CGCATGGGTCGCACGT,0
CGCATGGGTCTTAGTG,2
CGCATGGGTGAGGCAT,0
CGCATGGGTGCAACAG,0
CGCATGGGTTGCAACT,0
CGCATGGTCATCACAG,0
CGCATGGTCCCGGTAG,0
CGCATGGTCGAAGAAT,1
CGCATGGTCGGTCTGG,0
CGCATGGTCTACTGAG,0
CGCCAGAAGATGACAT,0
CGCCAGAAGCATGAAT,2
CGCCAGAAGCGAGTAC,0
CGCCAGAAGCGTCGAA,0
CGCCAGAAGGAAGTAG,0
CGCCAGAAGTGAGGCT,0
CGCCAGAGTATTTCCT,0
CGCCAGAGTGTTGATC,0
CGCCAGAGTTAGGCCC,1
CGCCAGATCCAACACA,1000
CGCCAGATCCATAAGC,0
CGCCAGATCCGTGGGT,0
CGCCAGATCGGTTGTA,0
CGCCAGATCGTAGTGT,0
CGCCAGATCTAATTCC,0
CGCCAGATCTCCAAGA,0
CGCCAGATCTGGCTGG,0
CGCCATTAGCGCTTCG,0
CGCCATTAGTCACAGG,3
CGCCATTAGTTGCCCG,3
CGCCATTAGTTGGCTT,3
CGCCATTCAAGAGATT,2
CGCCATTCAAGCGGAT,3
CGCCATTCAGCTACCG,0
CGCCATTCATATCGGT,0
CGCCATTGTATCGCGC,0
CGCCATTGTCGTCGGT,0
CGCCATTGTCTACATG,1
CGCCATTGTGACTATC,0
CGCCATTGTGGCTAGA,1000
CGCCATTGTTGGGTTT,2
CGCCATTTCCTTCTTC,0
CGCCATTTCGAACCAT,0
CGCCATTTCGTAGTCA,0
CGCCATTTCGTCCATC,0
CGCGTGAAGATGAATC,3
CGCGTGAAGGGTTGCA,1
CGCGTGAAGGTGCATG,0
CGCGTGAAGTGCAGGT,0
CGCGTGACACGCTGAC,0
CGCGTGACAGACATCT,0
CGCGTGACATAATGAG,0
CGCGTGAGTAGGTTTC,0
CGCGTGAGTCATCTAG,1000
CGCGTGAGTCGAGCTC,0
CGCGTGAGTCTCACGG,0
CGCGTGAGTGGCTGAA,2
CGCGTGAGTTGCAAGG,0
CGCGTGATCACCATGA,0
CGCGTGATCACTGTCC,0
CGCGTGATCAGTGTCA,1
CGCGTGATCATTACCT,0
CGCGTGATCGAGCCAC,0
CGCGTGATCGTCTACC,0
CGCGTGATCGTTCTCG,0
CGCGTGATCTGTCAGA,0
CGGAACCAGACTTCAC,0
CGGAACCAGATGCGAC,1
CGGAACCCAACGCCCA,0
CGGAACCCAACTTCTT,0
CGGAACCCAATGTCTG,1
CGGAACCCAGCAGTAG,2
CGGAACCCATTCTGTT,2
CGGAACCGTATTCCGA,0
CGGAACCGTGGTCCGT,2
CGGAACCGTTGTTGCA,0
CGGAACCTCAAGTGGG,1000
CGGAACCTCGAGCCAC,0
CGGAACCTCTACCAGA,0
CGGAATTAGACAACAT,0
CGGAATTAGCGTCTGC,0
CGGAATTCAACTCGTA,0
CGGAATTCACGCTTAA,2
CGGAATTCAGAGGTTG,0
CGGAATTGTCTTGCTC,0
CGGAATTGTTCTCACC,1
CGGAATTGTTTCGTAG,0
CGGAATTTCCATTCGC,0
CGGAATTTCCTCAGGG,0
CGGAATTTCGGATAAA,0
CGGAATTTCTCTCGCA,0
CGGACACAGCTGTCCG,0
CGGACACAGGTAGGCT,2
CGGACACCAACCGATT,0
CGGACACCACGCTGTG,2
CGGACACCACGTAGAG,0
CGGACACCAGAGCTAG,0
CGGACACCAGATAAAC,0
CGGACACCAGGAGGTT,0
CGGACACCAGTAACGG,0
CGGACACCAGTGTGGA,2
CGGACACCATCGCTCT,0
CGGACACCATGACGTT,0
CGGACACGTCAGGTAG,2
CGGACACGTCGTTGCG,0
CGGACACTCAAGTGTC,0
CGGACACTCAATGTCG,0
CGGACACTCACCCTTG,1000
CGGACACTCCTGCCAT,3
CGGACACTCTATGTGG,1000
CGGACACTCTTAAGGC,0
CGGAGAAAGACTACCT,1000
CGGAGAAAGTGGTTGG,1
CGGAGAAAGTTGGCGA,1
CGGAGAACAATAGGGC,1
CGGAGAACAGTCGGTC,0
CGGAGAACATAAGATG,1
CGGAGAAGTGCATTAC,0
CGGAGAATCCATTTAC,0
CGGAGAATCCCTCATG,0
CGGAGAATCCCTCGTA,0
CGGAGAATCCTTGACC,0
CGGCAGTAGATCCTAC,2
CGGCAGTAGGGCAGAG,3
CGGCAGTAGGTCGACA,0
CGGCAGTAGTAGGATT,1000
CGGCAGTAGTTACGGG,0
CGGCAGTCAACAGTGG,0
CGGCAGTCAACTCCCT,0
CGGCAGTCAAGCTGTT,0
CGGCAGTCACGACGTC,0
CGGCAGTCAGGCGATA,0
CGGCAGTCATAGATCC,0
CGGCAGTGTCAGGCAA,0
CGGCAGTGTGGCAGAT,0
CGGCAGTTCAGCTGTA,3
CGGCAGTTCAGCTTGA,0
CGGCAGTTCATCGCAA,0
CGGCAGTTCCACCTCA,0
CGGCAGTTCGACGAGA,0
CGGCAGTTCGCAGTCG,0
CGGCAGTTCTATACGG,0
CGGGACTAGACTCGAG,0
CGGGACTAGGGCAGAG,0
CGGGACTCAGACCCGT,2
CGGGACTCAGCCGTCA,3
CGGGACTGTACAATAG,0
CGGGACTGTTCGGGTC,0
CGGGACTTCCCATACC,0
CGGGACTTCTCCCATG,0
CGGGCATAGATGTTAG,2
CGGGCATAGATTCGCT,0
CGGGCATAGCACTAAA,0
CGGGCATAGCATTGAA,3
CGGGCATAGCTGACTT,3
CGGGCATAGGCCACCT,3
CGGGCATCACTAGGCC,0
CGGGCATGTAAGATAC,3
CGGGCATGTACCACGC,0
CGGGCATGTAGGTCAG,1
CGGGCATGTATGGTTC,3
CGGGCATGTCTTGAAC,0
CGGGCATGTGCTAGCC,1000
CGGGCATGTGTTCAGT,2
CGGGCATGTTTCGCTC,0
CGGGCATTCACGGGCT,0
CGGGCATTCCGCAGTG,0
CGGGCATTCGCTAGCG,0
CGGGTCAAGCCACTCG,0
CGGGTCAAGCCGCTTG,0
CGGGTCAAGCGTGCCT,2
CGGGTCAAGGGCCTCT,0
CGGGTCAAGGTAATCA,2
CGGGTCACAAAGCTCT,0
CGGGTCACAAATTAGG,3
CGGGTCACAACATCGT,1000
CGGGTCACAGATACCT,1
CGGGTCACATTGCCGG,0
CGGGTCAGTAGTTACC,1
CGGGTCAGTCGTCTCT,0
CGGGTCAGTCTCCTGT,2
CGGGTCAGTGCACGCT,1000
CGGGTCAGTTCCGCAG,0
CGGGTCATCCGCACGA,0
CGGGTCATCGAGCACC,3
CGGGTCATCGCTGCGA,0
CGGGTGTAGCTAGTTC,1
CGGGTGTAGGAGTCTG,2
CGGGTGTAGGCGATAC,0
CGGGTGTCAATTGTGC,1
CGGGTGTGTACACTCA,0
CGGGTGTGTAGCTTTG,2
CGGGTGTGTAGGTACG,0
CGGGTGTGTCCTTTGC,3
CGGGTGTGTTCAGCTA,0
CGGGTGTGTTGAGTCT,2
CGGGTGTTCAATCCAG,2
CGGGTGTTCCTATGGA,0
CGGGTGTTCGAAATCC,0
CGGGTGTTCTCGCAGG,2
CGGTCAGAGGAACGAA,2
CGGTCAGAGGGAACAA,0
CGGTCAGAGTCTAGAA,0
CGGTCAGAGTCTCGTA,0
CGGTCAGCACATGAAA,0
CGGTCAGCACTATCGA,0
CGGTCAGCATAGGTAA,0
CGGTCAGCATGAAGCG,0
CGGTCAGGTACGAGTG,2
CGGTCAGGTCGATGCC,1
CGGTCAGTCACCTGGG,2
CGGTCAGTCAGAGCAG,0
CGGTCAGTCCCACAGG,2
CGGTCAGTCTAAGGAA,0
CGGTCAGTCTTTCGAT,1000
CGTAAGTAGAAGTCAT,1000
CGTAAGTAGATCCCAT,0
CGTAAGTAGCAGGGAG,0
CGTAAGTAGCCATGCC,0
CGTAAGTAGCTCACTA,1000
CGTAAGTAGGATGTTA,0
CGTAAGTAGTACCATC,0
CGTAAGTCAATAGGAT,0
CGTAAGTCACGTCTCT,0
CGTAAGTCAGACGGAT,1000
CGTAAGTCAGAGAGGG,1
CGTAAGTCATTCTCCG,0
CGTAAGTGTGACGTCC,0
CGTAAGTGTGATACTC,0
CGTAAGTTCCATCTCG,0
CGTAAGTTCGCAGATT,3
CGTAAGTTCGGAATGG,0
CGTAATGAGAGTCTTC,0
CGTAATGAGGAATGTT,0
CGTAATGAGGACTGGT,0
CGTAATGAGGTGCCAA,1000
CGTAATGCAAGAGTTA,1000
CGTAATGCAGCTGCCA,0
CGTAATGGTAACCAGG,0
CGTAATGGTCGTATGT,3
CGTAATGGTGCATTTG,0
CGTAATGGTGTCGCTG,0
CGTAATGGTGTCTTGA,1000
CGTAATGTCAGGACGA,0
CGTAATGTCCCAACTC,0
CGTAATGTCGCCGAAC,2
CGTAATGTCGTAACTG,2
CGTAATGTCTAAGCGT,0
CGTAATGTCTCCCTAG,0
CGTAGTAAGCGAGGAG,1000
CGTAGTAAGGATTCCT,0
CGTAGTACAACCGGAA,0
CGTAGTACACAACGTT,1000
CGTAGTACAGAACCGA,0
CGTAGTAGTCAACGCC,1000
CGTAGTAGTTACACAC,2
CGTAGTATCACAACCA,3
CGTAGTATCACTCCGT,0
CGTAGTATCCGCCTAT,0
CGTAGTATCCTAGCCT,0
CGTAGTATCCTATGGA,0
CGTAGTATCGGCTATA,0
CGTCAAAAGAAATTCG,0
CGTCAAAAGCAACTCT,1000
CGTCAAAAGCCTAGGA,2
CGTCAAACACAGTCCG,0
CGTCAAACACCGGTCA,0
CGTCAAAGTAGACAGC,0
CGTCAAAGTCGGCTAC,0
CGTCAAAGTGTTTGCA,1000
CGTCAAAGTTACGGAG,0
CGTCAAAGTTGTAGCT,3
CGTCAAATCCGTGTGG,1000
CGTCAAATCGAACGGA,0
CGTCAAATCTGAGGCC,1000
CGTCCATAGATCGCTT,0
CGTCCATAGCATTGTC,0
CGTCCATCAATGAGCG,0
CGTCCATCATCCCACT,0
CGTCCATGTAAGCTCT,0
CGTCCATGTACAGGTG,1000
CGTCCATGTAGATCGG,0
CGTCCATGTATGTCCA,0
CGTCCATGTCTTGAAC,1
CGTCCATGTGCACATT,1000
CGTCCATGTTCACGAT,2
CGTCCATTCACCGGGT,3
CGTCCATTCAGACAAA,0
CGTCCATTCATTTACC,0
CGTCCATTCCTATTTG,0
CGTGAATAGAAGCGCT,0
CGTGAATAGTCCCGAC,0
CGTGAATAGTGCTCGC,0
CGTGAATCAATCTCTT,2
CGTGAATCAATTTCTC,1000
CGTGAATCACACAGAG,3
CGTGAATCACTTGACA,0
CGTGAATCAGCACCCA,0
CGTGAATCAGTTTCAG,0
CGTGAATCATCCGAGC,2
CGTGAATCATCCGGTG,2
CGTGAATCATTGGATC,0
CGTGAATGTGACTAAA,2
CGTGAATGTGAGCGAT,3
CGTGAATGTGAGGCAT,0
CGTGAATGTGATACTC,0
CGTGAATGTGCTGTCG,1
CGTGAATGTTCGGTTA,0
CGTGAATGTTCTGAGT,0
CGTGAATTCCTTTAGT,0
CGTGATAAGATACATG,1
CGTGATAAGCAGGGAG,0
CGTGATACAGGCCCTA,2
CGTGATACATCATTGG,0
CGTGATAGTACGTACT,3
CGTGATAGTATCGAGG,0
CGTGATAGTCCAAGAG,0
CGTGATAGTCTACTGA,0
CGTGATAGTGAATGTA,2
CGTGATATCATTCTTG,1000
CGTGATATCCCATGGG,3
CGTGATATCGCTTAAG,0
CGTGATATCGCTTACC,0
CGTGATATCGTTGTTT,0
CGTGATATCTTTGGAG,0
CGTGCTTAGGTCTACT,0
CGTGCTTCATACCGTA,0
CGTGCTTGTACTAAGA,0
CGTGCTTGTCAGGAGT,3
CGTGCTTGTCTGCCTT,0
CGTGCTTGTGAATTGA,0
CGTGCTTGTTCTGACA,1
CGTGCTTTCAAATAGG,1000
CGTGCTTTCGGAGTAG,0
CGTGCTTTCGTCTACC,0
CGTGTCTAGACTCAAA,0
CGTGTCTAGGCTCAAG,2
CGTGTCTCAAAGGATT,2
CGTGTCTCAAGGTTGG,0
CGTGTCTCACAAACGG,1
CGTGTCTCACCAAATC,1
CGTGTCTCATACTGTG,1000
CGTGTCTCATCTAACG,3
CGTGTCTGTACGAGCA,1
CGTGTCTGTCTGCAAT,0
CGTGTCTTCACCCTGT,0
CGTGTCTTCCTGTACC,0
CGTGTCTTCGCCTTTG,0
CGTGTCTTCTATCACT,2
CGTTAGAAGACTCCGC,0
CGTTAGAAGCAGGTCA,0
CGTTAGAAGCCATTCA,0
CGTTAGAAGGCAATGC,1
CGTTAGAAGTAACGTA,0
CGTTAGAAGTTCCGTA,0
CGTTAGACAAGTTGGG,0
CGTTAGACACCTCTGT,1000
CGTTAGACACGTAACT,1000
CGTTAGACAGACAATA,2
CGTTAGACAGCGGTCT,1
CGTTAGACATAATGAG,0
CGTTAGACATCTATCT,0
CGTTAGACATTGAAGA,3
CGTTAGAGTACCAATC,3
CGTTAGAGTCGGTGAA,1000
CGTTAGAGTGCGAGTA,0
CGTTAGAGTTTACACG,3
CGTTAGAGTTTGGGTT,0
CGTTAGATCGAAGCAG,0
CGTTCTGAGCCAAGCA,0
CGTTCTGAGCCGCTTG,0
CGTTCTGAGGCAGTCA,3
CGTTCTGCAAAGACGC,0
CGTTCTGCAGCTACAT,0
CGTTCTGCAGTTGGTT,0
CGTTCTGCATCAGCAT,0
CGTTCTGGTACCATAC,0
CGTTCTGGTCACAGAG,3
CGTTCTGGTGGAATGC,0
CGTTCTGGTGTAAATG,0
CGTTCTGGTTTACGTG,0
CGTTCTGTCTACTGCC,1
CGTTGGGAGAAGTCCG,1
CGTTGGGAGAGGTATT,0
CGTTGGGAGCACTAAA,0
CGTTGGGAGCGGCTCT,1000
CGTTGGGAGCTACTAC,0
CGTTGGGAGGCACAAC,0
CGTTGGGAGTCATCCA,0
CGTTGGGAGTCGAGGT,0
CGTTGGGAGTGCAGGT,0
CGTTGGGCAAACGTGG,1000
CGTTGGGCAACGTTAC,0
CGTTGGGCACAACGCC,0
CGTTGGGCACCGCTAG,0
CGTTGGGCAGCCCAGT,0
CGTTGGGCAGTCCGTG,3
CGTTGGGGTTCAGCTA,0
CGTTGGGGTTTCGTTT,2
CGTTGGGTCCGTGACG,0
CGTTGGGTCGGCTTCT,3
CGTTGGGTCTCTTAAC,2
CTAACCCAGACGAGCT,0
CTAACCCAGAGCAAGA,3
CTAACCCAGCAGCAGT,2
CTAACCCAGCTAGTTC,0
CTAACCCCAACGTTAC,0
CTAACCCCAATTCACG,0
CTAACCCCAGTCTTCC,1000
CTAACCCCATGAATCC,0
CTAACCCGTACGTTCA,1000
CTAACCCGTGACTATC,0
CTAACCCTCAATGCAC,3
CTAACCCTCCATTGGA,1
CTAACCCTCCGCACGA,0
CTAACCCTCTAGGAAA,1
CTAACCCTCTCGCTTG,0
CTAACCCTCTCTTGCG,0
CTAACTTAGATGGTAT,1
CTAACTTAGCTCCGAC,3
CTAACTTAGTGGAAAG,0
CTAACTTCAATGCAGG,2
CTAACTTCACACGGAA,0
CTAACTTCACGGCTAC,0
CTAACTTCATTAAGCC,0
CTAACTTGTCTTGCTC,0
CTAACTTGTGATGAAT,2
CTAACTTGTGCAGATG,2
CTAACTTGTTCGAGCC,2
CTAACTTGTTCGGTTA,0
CTAACTTGTTGCGGCT,0
CTAACTTTCAAACTGC,0
CTAACTTTCAGTCTTT,0
CTAACTTTCCGAAATC,0
CTAACTTTCCGATTAG,0
CTAACTTTCTGCGAGC,3
CTAAGTGAGCCGTAAG,0
CTAAGTGAGCTGGCCT,0
CTAAGTGAGGACGCTA,0
CTAAGTGCACACAGCC,0
CTAAGTGCAGCGACAA,3
CTAAGTGCAGGCGATA,0
CTAAGTGCAGTCAACT,0
CTAAGTGGTACAGTTC,1
CTACAGAAGCGCCATC,1
CTACAGAAGGATTACA,0
CTACAGAAGGCTCTCG,2
CTACAGACAAGACTGG,0
CTACAGACAATCCTTT,0
CTACAGACACCAGCTG,1000
CTACAGACAGGCATGA,1000
CTACAGAGTCAAGCCC,0
CTACAGAGTCTGTGGC,2
CTACAGAGTGCCCACA,1
CTACAGAGTGGATGAC,0
CTACAGAGTGTCGCTG,1000
CTACAGATCCGAGAAG,0
CTACAGATCCGCAAAT,2
CTACAGATCGTGTCAA,0
CTACATTAGCGCTTCG,0
CTACATTAGGAGTATT,0
CTACATTAGTCGCCCA,0
CTACATTCACCTTCCA,0
CTACATTCAGGACTTT,3
CTACATTCATCCTAAG,1000
CTACATTGTAACACCT,0
CTACATTGTAACGATA,0
CTACATTGTCGTTTCC,0
CTACATTTCAACTTTC,0
CTACATTTCACCTGGG,0
CTACATTTCTCTTCAA,0
CTACCCAAGGAAGTGA,0
CTACCCAAGGTCCAGA,1
CTACCCAAGTCTTCGA,0
CTACCCACACTTTATC,1
CTACCCACATACAGGG,0
CTACCCACATCCGAGC,3
CTACCCAGTAACACGG,0
CTACCCAGTACGTACT,2
CTACCCAGTACTGTTG,0
CTACCCAGTCGTCTCT,3
CTACCCAGTGGTCTCG,0
CTACCCAGTGTCATCA,0
CTACCCAGTGTTATCG,0
CTACCCAGTGTTTGCA,3
CTACCCATCCCGGTAG,0
CTACCCATCCCTATTA,0
CTACCCATCCGTGACG,1
CTACCCATCCTTTAGT,0
CTACCTGAGACATAAC,0
CTACCTGAGCCGTCGT,0
CTACCTGAGCGGCTCT,0
CTACCTGAGGATGGCT,0
CTACCTGCACCGTACG,0
CTACCTGCACGGATCC,0
CTACCTGGTCAGCTTA,0
CTACCTGGTGACAGCA,0
CTACCTGGTGTCTCCT,0
CTACCTGGTTATCTGG,0
CTACCTGGTTCCCAAA,0
CTACCTGTCAGTGCGC,0
CTACCTGTCGTGGTAT,0
CTACCTGTCGTTAGTG,3
CTACCTGTCTATCGCC,2
CTACCTGTCTCACGAA,0
CTACCTGTCTCTGCCA,0
CTACCTGTCTTGGGCG,0
CTACGGGAGGTCACTT,0
CTACGGGAGTCTACCA,0
CTACGGGCAGTATTCG,0
CTACGGGGTAGATTGA,0
CTACGGGGTCATCTAG,0
CTACGGGGTCGCAACC,0
CTACGGGGTCGCGTCA,0
CTACGGGGTGACTCTA,3
CTACGGGGTGAGACCA,0
CTACGGGGTGATTGGG,0
CTACGGGGTGCAGATG,0
CTACGGGGTGGAACCA,0
CTACGGGGTGGTACAG,2
CTACGGGTCCTATTTG,3
CTACGGGTCTTACGTT,0
CTACTATAGCATCCTA,0
CTACTATCACTACGGC,1000
CTACTATCACTTGTCC,0
CTACTATCAGAGAGGG,3
CTACTATCAGCTCGGT,0
CTACTATGTACTCGTA,0
CTACTATGTAGTACGG,3
CTACTATGTCGTCAGC,2
CTACTATGTCTTCTAT,1
CTACTATGTTCAGCGC,2
CTACTATTCCTAAACG,0
CTACTATTCCTTGGAA,0
CTACTATTCGTTCTGC,0
CTAGACAAGAAACACT,0
CTAGACAAGAGTCACG,0
CTAGACAAGCAACTCT,0
CTAGACAAGCGCCTTG,1000
CTAGACAAGCTCAGAG,0
CTAGACACAACCTATG,0
CTAGACACAGCAGTAG,2
CTAGACACAGCGACAA,0
CTAGACAGTACGTAGG,3
CTAGACAGTCACCACG,0
CTAGACAGTCGACGCT,2
CTAGACAGTCTGCCTT,0
CTAGACATCAGTCTTT,0
CTAGACATCATTTCCA,0
CTAGACATCCTTTGAT,0
CTAGACATCTTAGCAG,0
CTAGACATCTTTGCAT,1
CTAGGTAAGAATCGAT,0
CTAGGTAAGATGTTAG,0
CTAGGTAAGGCCACTC,0
CTAGGTACACTTGGGC,0
CTAGGTACATGTCAGT,0
CTAGGTAGTCAACGCC,0
CTAGGTAGTGCATGTT,0
CTAGGTATCACACGAT,1
CTAGGTATCGGACGTC,0
CTATAGGAGCCGGAAT,0
CTATAGGAGTATGGAT,1
CTATAGGAGTCATGCT,3
CTATAGGCATGTCTAG,0
CTATAGGGTAATGCGG,0
CTATAGGGTGGGTCAA,0
CTATAGGTCGCAGTCG,1
CTATAGGTCGCTCCTA,2
CTATAGGTCTCCAATT,0
CTATCCGAGCACAAAT,0
CTATCCGAGTTCAACC,1
CTATCCGCAAACACGG,2
CTATCCGCAAACGGCA,0
CTATCCGCAGCGCTTG,0
CTATCCGCATTGACTG,0
CTATCCGGTAACATAG,1
CTATCCGGTATCACGT,1000
CTATCCGGTCTAGGCC,0
CTATCCGGTGTCATTG,0
CTATCCGGTTATGTGC,1000
CTATCCGTCCGATAGT,0
CTATCTAAGAAGCTCG,1000
CTATCTAAGAAGTCAT,0
CTATCTAAGACTCAAA,0
CTATCTAAGAGGGCGA,0
CTATCTAAGCGTCGAA,1
CTATCTAAGGGTACAC,0
CTATCTACACATGACT,1
CTATCTACACCAGTTA,0
CTATCTACACTCCACT,0
CTATCTACAGAGTGTG,3
CTATCTACAGCACCCA,1000
CTATCTACAGCTGCCA,0
CTATCTAGTACAAGCG,0
CTATCTAGTCTTGCGG,0
CTATCTAGTGGTATGG,0
CTATCTAGTTAGCTAC,1
CTATCTAGTTCGGGTC,2
CTATCTAGTTGGAGGT,2
CTATCTATCATCTGTT,1000
CTATCTATCTATGTGG,0
CTCAACCAGACCGCCT,0
CTCAACCAGAGCATAT,0
CTCAACCAGCGACCCT,2
CTCAACCAGTGAGTGC,0
CTCAACCCACGACTAT,0
CTCAACCCAGCGTTGC,0
CTCAACCCAGTCGGAA,1
CTCAACCGTGCCTTTC,0
CTCAACCGTGGTCCCA,1000
CTCAACCGTGGTTTGT,3
CTCAAGAAGATTGACA,3
CTCAAGAAGCGTGCTC,0
CTCAAGAAGGTCTTTG,0
CTCAAGAAGTGCGCTC,0
CTCAAGAAGTTCCTGA,0
CTCAAGACAAATTGCC,0
CTCAAGACAAGATGTA,0
CTCAAGACACATATGC,0
CTCAAGACAGGAGGTT,0
CTCAAGAGTACAGGTG,0
CTCAAGAGTAGCTGCC,1
CTCAAGAGTAGCTTTG,2
CTCAAGAGTGACCGAA,0
CTCAAGAGTTAGGCCC,0
CTCAAGAGTTGCAACT,2
CTCAAGAGTTGGGTAG,0
CTCAATTAGCAACAAT,3
CTCAATTAGCTACTGT,3
CTCAATTAGCTAGCCC,0
CTCAATTAGGTTCAGG,1000
CTCAATTCAAGCACAG,0
CTCAATTCACATCCCT,0
CTCAATTCACTTCCTG,0
CTCAATTCAGCTTTGA,0
CTCAATTCAGTCCCGA,1000
CTCAATTGTACCGGAA,0
CTCAATTGTCTTGCTC,1
CTCAATTGTGGAGGTT,0
CTCAATTGTTACCCAA,0
CTCAATTGTTCGTGCG,1000
CTCAATTTCTTAAGGC,2
CTCACTGAGCTTCGTA,1000
CTCACTGAGGGCAGTT,2
CTCACTGAGGGCGAAG,0
CTCACTGAGGGTCAAC,0
CTCACTGAGGTAGCCA,2
CTCACTGCAGACCAAG,1
CTCACTGCATGGTACT,0
CTCACTGGTCGTTGGC,1
CTCACTGGTGAGTGAC,0
CTCACTGGTGCAACGA,0
CTCACTGGTGCACATT,1000
CTCACTGGTGTCGATT,2
CTCACTGGTTCTCGCT,0
CTCACTGTCCGAGCTG,2
CTCACTGTCCTAGCCT,1
CTCACTGTCGACACTA,0
CTCACTGTCGCATTAG,0
CTCACTGTCGGTTAGT,2
CTCACTGTCGTAGTGT,0
CTCACTGTCTCATGCC,0
CTCAGAAAGACATCAA,0
CTCAGAAAGGTTCTTG,0
CTCAGAAAGTGACCTT,1
CTCAGAAGTCAAAGAT,0
CTCAGAAGTTGCAACT,0
CTCAGAATCGTAATGC,0
CTCAGGGAGCCGCACT,0
CTCAGGGAGCTTTCCC,0
CTCAGGGAGGAAACGA,3
CTCAGGGAGGCGATAC,2
CTCAGGGCAAGTATCC,0
CTCAGGGCAATACCCA,0
CTCAGGGCAATCGAAA,3
CTCAGGGCAATGGCAG,2
CTCAGGGCACAACGCC,0
CTCAGGGCACGTATAC,0
CTCAGGGCACTTGAGT,0
CTCAGGGCAGAGCGTA,1000
CTCAGGGCAGCAATTC,0
CTCAGGGCAGCTCCTT,0
CTCAGGGCATGTACGT,1000
CTCAGGGCATTCATCT,0
CTCAGGGGTCATAACC,0
CTCAGGGGTTGCAAGG,0
CTCAGGGTCTCAATCT,0
CTCAGGGTCTTTCGAT,2
CTCAGTCAGAAACCAT,0
CTCAGTCAGAAGCCAC,0
CTCAGTCAGCTTTCTT,3
CTCAGTCAGTGCTACT,0
CTCAGTCCAAGCGCAA,0
CTCAGTCCAGGTCAAG,0
CTCAGTCGTACGCGTC,0
CTCAGTCTCAAGAGTA,0
CTCAGTCTCCATAGAC,0
CTCAGTCTCTTGGTCC,0
CTCATCGAGAGCCCAA,0
CTCATCGAGGTGCTGA,0
CTCATCGAGTAGCAAT,0
CTCATCGCAAGGTCAG,1000
CTCATCGCAAGTCATC,1000
CTCATCGCAGAGCGTA,0
CTCATCGCATCTTTCA,0
CTCATCGGTGACAGCA,2
CTCATCGGTTGGCTAT,0
CTCATCGTCAACGTGT,1000
CTCATCGTCATGTCTT,0
CTCATCGTCCTCTCTT,2
CTCATCGTCGACACTA,0
CTCATCGTCGGAGTGA,0
CTCATCGTCGGTCTAA,0
CTCATCGTCGTCACCT,1
CTCATCGTCTGTAACG,0
CTCATGCAGAAATCCA,2
CTCATGCAGCAGCACA,3
CTCATGCAGCCTTTGA,1000
CTCATGCAGCGAGTCA,0
CTCATGCAGGGCTGAT,2
CTCATGCAGTGGTCAG,0
CTCATGCAGTTGCCTA,1
CTCATGCAGTTGTAAG,0
CTCATGCCAACAGATA,1000
CTCATGCCAAGAGTTA,3
CTCATGCCAAGATCCT,0
CTCATGCCACAAGCAG,1000
CTCATGCCAGGTCAGA,3
CTCATGCGTAAGTTAG,0
CTCATGCGTACTCGTA,0
CTCATGCGTATGGTAA,0
CTCATGCGTATTGGCT,0
CTCATGCGTGAGATCG,0
CTCATGCGTGATGTAA,2
CTCATGCTCAAACCCA,0
CTCATGCTCACACCCT,0
CTCATGCTCACCTTAT,0
CTCATTAAGACGGAAA,0
CTCATTAAGATAGTGT,0
CTCATTAAGCAGTACG,0
CTCATTAAGTCATGAA,0
CTCATTAAGTTAGAAC,0
CTCATTAAGTTATGGA,1000
CTCATTACAAGGTCTT,0
CTCATTACAGCTATAC,0
CTCATTAGTATGGAAT,0
CTCATTAGTCATTGCA,0
CTCATTAGTCCAAATC,0
CTCATTAGTGTTAAAG,3
CTCATTATCCGTACGG,0
CTCATTATCGACCATA,0
CTCCAACAGACTACGG,0
CTCCAACAGATTGATG,0
CTCCAACAGTTGGCTT,2
CTCCAACCAAACGAGC,1000
CTCCAACCAACATCGT,0
CTCCAACCAATAGTCC,0
CTCCAACCACATTCGA,0
CTCCAACCACGTAACT,0
CTCCAACCAGCGTGCT,0
CTCCAACGTACACGCC,0
CTCCAACGTCGCATCG,0
CTCCAACGTCTTTATC,0
CTCCAACGTGAGTGAC,3
CTCCAACGTGCCAAGA,1000
CTCCAACGTTCCTACC,0
CTCCAACTCCAACCGG,0
CTCCAACTCCATAGAC,0
CTCCAACTCTTCGTGC,0
CTCCAACTCTTTACAC,1000
CTCCACAAGAGTAACT,0
CTCCACACACATTGTG,0
CTCCACACACCCTGTT,2
CTCCACACACGCGCTA,1
CTCCACACACTCCTGT,0
CTCCACACATAGGTAA,0
CTCCACAGTATCAGCT,0
CTCCACAGTATCGGTT,0
CTCCACAGTGCACAAG,0
CTCCACAGTTCAGCGC,0
CTCCACATCATTCCTA,1
CTCCACATCCTTTAGT,0
CTCCACATCGCTAAAC,1000
CTCCACATCTCGCTCA,0
CTCCACATCTGGCCTT,0
CTCCATGAGCCATTGT,1000
CTCCATGAGCTAATGA,0
CTCCATGAGCTCTATG,0
CTCCATGAGGGAGGGT,0
CTCCATGCAATTGCTG,0
CTCCATGCACAGCTTA,3
CTCCATGCATACCAGT,0
CTCCATGCATAGACTC,0
CTCCATGCATCGCCTT,0
CTCCATGGTAAGAACT,1000
CTCCATGGTCATAGTC,0
CTCCATGGTCCACAGC,1
CTCCATGGTGGCAACA,0
CTCCATGGTGTTCGAT,0
CTCCATGGTTACCCAA,0
CTCCATGGTTTGGAGG,0
CTCCATGTCATGACAC,1
CTCCATGTCCGACGGT,1000
CTCCATGTCCGAGTGC,3
CTCCATGTCCTCGATC,0
CTCCCAAAGAAGAACG,0
CTCCCAAAGACAGCTG,0
CTCCCAAAGCGTTCCG,0
CTCCCAAAGCTTCGTA,0
CTCCCAAAGGTCGTAG,2
CTCCCAAAGTCGGGAT,0
CTCCCAACAACAAGAT,0
CTCCCAACAAGTGATA,2
CTCCCAACAGGTGTTT,0
CTCCCAAGTTAGGGTG,0
CTCCCAATCAAAGCCT,1
CTCCCAATCAAGAGTA,1
CTCCCAATCCCTTGTG,1000
CTCCCAATCGGAGATG,0
CTCCCAATCTTAGGAC,0
CTCCCTCAGGCGAACT,0
CTCCCTCAGGTTGACG,3
CTCCCTCCACCGTGAC,0
CTCCCTCCAGAGTCTT,0
CTCCCTCCAGAGTTCT,0
CTCCCTCGTACATACC,0
CTCCCTCGTGACTATC,0
CTCCCTCGTGCGTGCT,0
CTCCCTCTCAGGAGAC,0
CTCCCTCTCCATCTCG,0
CTCCCTCTCCATTTAC,3
CTCCCTCTCCCAGTGG,2
CTCCCTCTCCCGTTCA,0
CTCCCTCTCTTGGATG,1
CTCCGATAGAAAGTCT,0
CTCCGATAGGTATTGA,0
CTCCGATCACCCAACG,2
CTCCGATCAGCCCACA,1000
CTCCGATCATCTGTTT,0
CTCCGATGTAACAAGT,2
CTCCGATGTAAGTAGT,0
CTCCGATGTCACATTG,0
CTCCGATGTTCTCACC,3
CTCCGATTCCGGCAGT,0
CTCCGATTCGAAGAAT,0
CTCCGATTCGTGGTAT,0
CTCCGATTCTTAGCCC,0
CTCCTCCAGACAGTCG,0
CTCCTCCAGCGACAGT,0
CTCCTCCAGTCCCGAC,0
CTCCTCCCAACACTAC,1
CTCCTCCGTATTAAGG,1
CTCCTCCTCCAACTAG,1
CTCCTCCTCCCGTGTT,0
CTCCTCCTCGAACGCC,3
CTCCTCCTCGACACCG,0
CTCCTCCTCGACCCAG,0
CTCCTCCTCGCCTAGG,0
CTCCTCCTCGTCGCTT,2
CTCCTCCTCTCTCCTC,0
CTCCTCCTCTGTCGTC,0
CTCCTTTAGACTAAGT,3
CTCCTTTAGCGTCAGA,1000
CTCCTTTAGGGTTTCT,0
CTCCTTTCACTGTCGG,2
CTCCTTTCAGACATCT,0
CTCCTTTGTAGTACGG,1
CTCCTTTGTCCACGCA,0
CTCCTTTGTGAGTTTC,0
CTCCTTTGTTTGGAGG,2
CTCCTTTTCCTAGCTC,0
CTCCTTTTCGAACGCC,1000
CTCCTTTTCTCCAAGA,0
CTCGAGGAGAATCCCT,0
CTCGAGGAGACGACTG,0
CTCGAGGAGATGTTCC,1
CTCGAGGAGCTTAAGA,0
CTCGAGGCACAGAAGC,0
CTCGAGGCACGGGCTT,0
CTCGAGGCACTTCATT,0
CTCGAGGCATTGCTTT,2
CTCGAGGGTGAACCGA,2
CTCGAGGGTTGCAACT,1
CTCGAGGTCACGGGAA,1
CTCGAGGTCATTTGGG,0
CTCGAGGTCCTACCGT,0
CTCGAGGTCTCTATAC,0
CTCGAGGTCTGTCAGA,3
CTCGAGGTCTTGCGCT,0
CTCTCAGAGCGGCTCT,1
CTCTCAGAGCTTGTTG,0
CTCTCAGAGTTGCATC,0
CTCTCAGAGTTGGGAC,0
CTCTCAGCAAGGCTTT,0
CTCTCAGCAATCGAAA,0
CTCTCAGCACAAACGG,0
CTCTCAGCACATTGTG,0
CTCTCAGGTAAGATTG,2
CTCTCAGGTCGCGTTG,0
CTCTCAGGTGCCCTTT,0
CTCTCAGGTTCAAGGG,0
CTCTCAGTCAGGACGA,1000
CTCTCGAAGAAGGGAT,1000
CTCTCGAAGCTATCCA,0
CTCTCGAAGGGACTGT,2
CTCTCGAAGGTGTGAC,0
CTCTCGAAGTTGGAGC,0
CTCTCGAGTATCGAGG,0
CTCTCGAGTCAAGCCC,0
CTCTCGAGTTACACTG,1000
CTCTGGTAGATGCTTC,0
CTCTGGTAGCAGGTCA,0
CTCTGGTAGCCATTGT,1
CTCTGGTAGCGGGTTA,0
CTCTGGTAGGTCGCCT,3
CTCTGGTAGTCTACCA,0
CTCTGGTCAATCAAGA,2
CTCTGGTCAGAGGAAA,0
CTCTGGTCATACTTTC,1
CTCTGGTCATCATCTT,0
CTCTGGTGTCGAGTGA,0
CTCTGGTGTGACTCGC,0
CTCTGGTGTTCTATCT,0
CTCTGGTTCCTAGCTC,0
CTGAATGAGTACTGTC,0
CTGAATGCAGCAGATG,0
CTGAATGGTAGATTGA,0
CTGAATGGTCCTATAG,1
CTGAATGGTGGTCTGC,0
CTGAATGTCACCCTTG,1
CTGAATGTCGAGAGAC,0
CTGAATGTCGGAGTGA,0
CTGAATGTCTAGGAAA,1
CTGAATGTCTCCTACG,0
CTGAATGTCTGCACCT,0
CTGAGCGAGGTTCTAC,0
CTGAGCGAGTGCTCGC,0
CTGAGCGCACACCGAC,0
CTGAGCGCACTGATTG,0
CTGAGCGCAGGCCTGT,1
CTGAGCGCAGGCTACC,1
CTGAGCGCATCGCCTT,0
CTGAGCGCATTCACAG,2
CTGAGCGGTAGACAGC,0
CTGAGCGGTATTCCGA,1000
CTGAGCGGTTGTACGT,0
CTGAGCGTCCACTAGA,0
CTGAGCGTCCATTTCA,1000
CTGAGCGTCTACACTT,1
CTGAGGCAGAAATTCG,0
CTGAGGCAGCAAGTCG,3
CTGAGGCAGCCTCTTC,1000
CTGAGGCAGCTGTGCC,0
CTGAGGCAGGCAGGTT,0
CTGAGGCAGTTGAATG,0
CTGAGGCCAAAGGTTA,0
CTGAGGCCAATAGTCC,1000
CTGAGGCCAGAGGGTT,0
CTGAGGCGTATGCTTG,0
CTGAGGCGTGTGTGGA,0
CTGAGGCGTTCATCTT,0
CTGAGGCTCAAATAGG,3
CTGAGGCTCAAGCCAT,0
CTGAGGCTCGTAGGGA,0
CTGATCCAGCAGTAAT,1
CTGATCCAGGTTTACC,1000
CTGATCCAGTAAATGC,0
CTGATCCAGTGCACTT,0
CTGATCCCAACCCTAA,0
CTGATCCCAAGGCCTC,0
CTGATCCCATGATGCT,0
CTGATCCCATTGGGAG,0
CTGATCCGTAGGGAGG,1
CTGATCCGTATTTCGG,0
CTGATCCGTCAGGCAA,1
CTGATCCGTCGCATTA,0
CTGATCCGTTAGGACG,0
CTGATCCGTTCGTTCC,0
CTGATCCTCCACATAG,0
CTGATCCTCTCCAATT,0
CTGCAGGAGAGCAGCT,0
CTGCAGGAGCTTACGT,1000
CTGCAGGCACCGCTAG,0
CTGCAGGCAGGACAGT,0
CTGCAGGGTATGACAA,0
CTGCAGGGTCAAGGCA,1000
CTGCAGGGTGGTATGG,0
CTGCATCAGACGCAGT,1000
CTGCATCAGCATCCCG,2
CTGCATCAGCGCTGCT,2
CTGCATCAGGAGGCAG,0
CTGCATCAGTTCACTG,1000
CTGCATCAGTTGTAAG,0
CTGCATCCAAACTCTG,0
CTGCATCCAAAGCGTG,1
CTGCATCCAAATGGCG,0
CTGCATCCACCAGCCA,0
CTGCATCCACCTCGTT,0
CTGCATCCATGGACAG,1
CTGCATCCATTGCCGG,1
CTGCATCGTACAGGTG,1000
CTGCATCGTACGTAGG,0
CTGCATCGTCGAGCAA,0
CTGCATCTCAGGACGA,0
CTGCATCTCCCAGTGG,1000
CTGCCATAGACATGCG,1000
CTGCCATAGACGGAAA,0
CTGCCATAGGCACTAG,0
CTGCCATAGGTCCGAA,0
CTGCCATAGTGAACAT,0
CTGCCATGTATTCCGA,0
CTGCCATGTCTTGTCC,1000
CTGCCATGTGCACAAG,0
CTGCCATGTGGTTTAC,0
CTGCCATGTGTAGCAG,3
CTGCCATGTTAACCTG,2
CTGCCATTCATACGGT,1
CTGCCATTCGGTCGAC,0
CTGCCATTCGTGGCTG,0
CTGCCATTCTGAGCAT,0
CTGCCTAAGGATACAT,1000
CTGCCTACAACAGCCC,0
CTGCCTACATGTAACC,3
CTGCCTAGTACGCGTC,0
CTGCCTAGTCACTCAA,0
CTGCCTAGTGCCTTCT,0
CTGCCTAGTGGATACG,0
CTGCCTAGTGTTACTG,3
CTGCCTATCAAAGGAT,1000
CTGCCTATCGCACTCT,3
CTGCCTATCGCAGTCG,0
CTGCCTATCGCTTTAT,0
CTGCCTATCGGTCATA,1
CTGCCTATCTTCGTGC,0
CTGCGAGCAAATGGTA,0
CTGCGAGCACAGCGCT,3
CTGCGAGCACTCAAGT,1
CTGCGAGCATATGAAG,0
CTGCGAGCATTAGGCT,0
CTGCGAGGTAGACAGC,2
CTGCGAGGTCCGCAGT,0
CTGCGAGGTCTTGCGG,0
CTGCGAGGTGAGACGT,1
CTGCGAGGTGCCCACA,0
CTGCGAGGTGGGATTG,0
CTGCGAGGTTTCTTAC,0
CTGCGAGTCGTCGCTT,0
CTGCTCAAGGGATGTC,0
CTGCTCACAACACAGG,1
CTGCTCACACCAACAT,0
CTGCTCAGTATGAAAC,1
CTGCTCAGTCAAAGAT,0
CTGCTCAGTCGAGCTC,0
CTGCTCAGTGAATGAT,1
CTGCTCAGTTGGCCGT,0
CTGCTCAGTTTACACG,0
CTGCTCATCACCCTTG,2
CTGCTCATCACGATAC,0
CTGCTCATCGAATCCA,0
CTGCTCATCGGACTTA,0
CTGGACGAGCAGTCTT,0
CTGGACGAGCGGACAT,0
CTGGACGCACGATTCA,1
CTGGACGCAGACCAGA,0
CTGGACGCAGCAGTTT,0
CTGGACGGTCCACTTC,0
CTGGACGGTGCGTCGT,0
CTGGACGGTGGATTTC,0
CTGGACGGTTAGAGAT,1000
CTGGACGGTTGGACCC,1000
CTGGACGTCTTCTGTA,0
CTGGACGTCTTTCCGG,1000
CTGGCAGAGAATAACC,0
CTGGCAGAGATCCAAA,0
CTGGCAGAGATGACAT,0
CTGGCAGAGCCTCCAG,0
CTGGCAGAGTAATTGG,3
CTGGCAGAGTGATCGG,0
CTGGCAGAGTGCACAG,0
CTGGCAGCAAGACGGT,0
CTGGCAGCAAGTGGGT,3
CTGGCAGCACGGTGAA,1000
CTGGCAGCAGAAGCTG,0
CTGGCAGCATCGCCTT,0
CTGGCAGCATGGTGGA,0
CTGGCAGGTAGCACAG,1
CTGGCAGGTCCAAAGG,0
CTGGCAGGTCCTATAG,0
CTGGCAGGTGATTCAC,1000
CTGGCAGGTGCTGTCG,0
CTGGCAGTCACCATGA,0
CTGGCAGTCCCTCGTA,0
CTGGCAGTCCGATCGG,2
CTGGCAGTCGCGAAGA,0
CTGGTCTAGGCTATCT,0
CTGGTCTAGGTAGGCT,0
CTGGTCTCAAGCCATT,1000
CTGGTCTCACGACAGA,0
CTGGTCTCAGCACGAA,0
CTGGTCTCAGTATGAA,0
CTGGTCTGTCCACGCA,0
CTGGTCTGTCCAGCCA,0
CTGGTCTGTCCGGATC,0
CTGGTCTTCACACGAT,0
CTGGTCTTCTCCAAGA,0
CTGGTCTTCTCTGGTC,0
CTGTACCAGCGGTAAC,1
CTGTACCAGTTCCATG,0
CTGTACCCAACGGTAG,0
CTGTACCCAACTGCCG,0
CTGTACCCAAGAGGTC,0
CTGTACCCACAGGATG,3
CTGTACCCACCCAATA,0
CTGTACCCACTGTTCC,0
CTGTACCCAGAGAATT,0
CTGTACCCAGGAGACT,0
CTGTACCCAGTCAGCC,0
CTGTACCGTATAATGG,0
CTGTACCGTCTACTGA,3
CTGTACCTCAAAGACA,1
CTGTACCTCAACCGAT,0
CTGTACCTCACAATGC,0
CTGTACCTCAGCAATC,2
CTGTACCTCCAAGGGA,0
CTGTACCTCTATCACT,0
CTGTAGAAGAGCATTA,0
CTGTAGAAGATTGTGA,0
CTGTAGAAGCATGCGA,0
CTGTAGAAGGAAAGAC,0
CTGTAGAAGGTACATA,0
CTGTAGAAGTGCCTCG,0
CTGTAGAAGTGCGCTC,1
CTGTAGACAAGGAGTC,0
CTGTAGACACAAATGA,0
CTGTAGACACGACGTC,0
CTGTAGACACGTCTCT,0
CTGTAGACACTGCGTG,0
CTGTAGACAGCACGAA,0
CTGTAGACAGCATACT,0
CTGTAGACATCACAGT,0
CTGTAGACATTCAGCA,0
CTGTAGAGTATCGAGG,1000
CTGTAGAGTCCTGTCT,0
CTGTAGAGTCTACACA,3
CTGTAGATCATCTACT,1
CTGTAGATCGACACTA,0
CTGTAGATCTCATAGG,0
CTGTAGATCTTACGTT,1
CTGTAGATCTTCACGC,0
CTGTATTAGAGGCGGA,0
CTGTATTAGCTAGTTC,0
CTGTATTAGGCGCTTC,0
CTGTATTCAACCGGAA,2
CTGTATTCAACTGCCG,2
CTGTATTCACTGGCCA,1
CTGTATTCAGAGTAAT,0
CTGTATTCATCCTATT,0
CTGTATTGTAGCGTAG,0
CTGTATTGTAGGCAAC,1000
CTGTATTTCATCGGGC,0
CTGTATTTCGAGCTGC,1
CTGTATTTCGTGCACG,0
CTGTATTTCTCGCGTT,3
CTGTCGTAGAGCTTTC,0
CTGTCGTAGAGTACCG,1000
CTGTCGTAGAGTCTTC,1
CTGTCGTAGCGTGAAC,0
CTGTCGTAGGTTGGTG,0
CTGTCGTCAGACAAGC,0
CTGTCGTCAGCTGCCA,2
CTGTCGTCAGTTAGAA,1000
CTGTCGTGTACACGTT,2
CTGTCGTGTCACCCTT,0
CTGTCGTGTCCGACGT,2
CTGTCGTGTTGCATCA,2
CTGTCGTGTTGTCTAG,2
CTGTCGTTCAGCTTCC,2
CTGTCGTTCCGAACGC,0
CTGTCGTTCCTCTTTC,2
CTGTCGTTCGCGCTGA,0
CTGTCGTTCGTACCTC,2
CTGTCGTTCGTTGTGA,1000
CTGTCGTTCTCCATAT,0
CTGTCGTTCTGGCTGG,0
CTGTGAAAGTTGCGCC,2
CTGTGAACACACTGGC,0
CTGTGAACAGGTTTAC,0
CTGTGAAGTACTGCCG,1000
CTGTGAAGTAGTCTGT,1
CTGTGAAGTCCAGTTA,1000
CTGTGAAGTCGCCACA,0
CTGTGAAGTGACTGTT,2
CTGTGAAGTTAGGACG,0
CTGTGAATCACACCCT,1000
CTGTGAATCCCATGGG,0
CTGTGAATCCGCACGA,1
CTGTGAATCGATCCAA,2
CTGTGAATCTCACGAA,0
CTGTGGGAGATCGCCC,0
CTGTGGGAGATGACCG,0
CTGTGGGAGCCATATC,0
CTGTGGGAGGCGTCCT,0
CTGTGGGAGGTCCGAA,0
CTGTGGGAGTAGAGTT,0
CTGTGGGCAACTTGCA,0
CTGTGGGCACTACACA,0
CTGTGGGGTAGAGACC,1
CTGTGGGGTTGGGTAG,0
CTGTGGGTCCCACAGG,2
CTGTGGGTCCCGAATA,1000
CTTACCGAGCATGTTC,1
CTTACCGAGTACCCTA,0
CTTACCGCAAAGGCAC,0
CTTACCGCACAGCGCT,0
CTTACCGCACAGCTTA,0
CTTACCGGTACGCTAT,3
CTTACCGGTAGCTTTG,0
CTTACCGGTGATACCT,0
CTTACCGGTGGCTGAA,0
CTTACCGGTTAGTCGT,0
CTTACCGTCAACGAGG,0
CTTACCGTCATGCATG,0
CTTACCGTCATTGTGG,0
CTTACCGTCCTCTAAT,0
CTTACCGTCTACGGGC,0
CTTAGGACAAATGATG,0
CTTAGGACAATAGGAT,0
CTTAGGACACAACGCC,0
CTTAGGAGTCTCGGGT,2
CTTAGGAGTGGACCAA,0
CTTAGGAGTTCCGGTG,0
CTTAGGAGTTGCCATA,0
CTTAGGATCCTCTGCA,0
CTTAGGATCGTTCCTG,0
CTTAGGATCTGAATCG,1000
CTTCAATAGCAACAAT,1000
CTTCAATAGCCTTTGA,0
CTTCAATAGGAGAGGC,1000
CTTCAATAGGGATGTC,0
CTTCAATAGGGCCCTT,0
CTTCAATCAAATAAGC,1000
CTTCAATCAAGTATCC,0
CTTCAATCACACCTGG,0
CTTCAATCACCCTCTA,0
CTTCAATCACTGCATA,3
CTTCAATCAGCAGTCC,0
CTTCAATGTCTTCTAT,0
CTTCAATGTGACACGA,0
CTTCAATTCAACCCGG,0
CTTCAATTCTCCGAGG,2
CTTCCGAAGATGAATC,1000
CTTCCGAAGCAGGCTA,3
CTTCCGAAGCAGTAAT,0
CTTCCGAAGCTTGTTG,1000
CTTCCGAAGGAAAGTG,0
CTTCCGACAACGATTC,0
CTTCCGACACGACGTC,2
CTTCCGACACTACACA,0
CTTCCGACATACCACA,3
CTTCCGAGTACATACC,0
CTTCCGAGTAGGCTCC,2
CTTCCGAGTTCTTCAT,3
CTTCCGAGTTGACTAC,0
CTTCCGAGTTGACTGT,0
CTTCCGATCAACACCA,3
CTTCCGATCCGCGATG,1000
CTTCCGATCGGCGATC,0
CTTCCGATCTCTGGTC,0
CTTCCTTAGCCAAGGT,0
CTTCCTTAGCCATTTG,0
CTTCCTTAGGATATGT,0
CTTCCTTCAAATCGTC,0
CTTCCTTCACGAGGAT,0
CTTCCTTCACGATTCA,0
CTTCCTTCACTCTAGA,1
CTTCCTTCAGGCTTGC,2
CTTCCTTCATGAAGCG,0
CTTCCTTGTAAGTAGT,1
CTTCCTTGTCTCTCCA,0
CTTCCTTGTGACTCGC,0
CTTCCTTGTGTTCCTC,0
CTTCCTTGTTACGGAG,0
CTTCCTTTCATTCACT,0
CTTCCTTTCCATTTGT,0
CTTCCTTTCCTGGTCT,1
CTTCGGTAGCAAACAT,0
CTTCGGTAGCGACAGT,0
CTTCGGTAGTGAGTGC,0
CTTCGGTAGTGAGTTA,0
CTTCGGTCATATCTGG,1
CTTCGGTCATGACACT,2
CTTCGGTCATTGACCA,0
CTTCGGTGTCACCGAC,0
CTTCGGTGTCGGTGTC,0
CTTCGGTGTGTCTTAG,1
CTTCGGTGTGTTCCAA,2
CTTCGGTTCCACACCT,0
CTTCGGTTCTCCAATT,0
CTTCTAAAGAGAGTGA,0
CTTCTAAAGCAAGCCA,0
CTTCTAAAGCACCTGC,0
CTTCTAAAGCACTCTA,0
CTTCTAAAGCAGATAT,0
CTTCTAAAGCCGGATA,0
CTTCTAAAGCGACTAG,1000
CTTCTAACACGACGTC,0
CTTCTAACACTTGTCC,1000
CTTCTAACAGGGATAC,0
CTTCTAACATATCGGT,2
CTTCTAAGTAATGTGA,0
CTTCTAAGTATTGCCA,0
CTTCTAAGTCTTCGAA,0
CTTCTAAGTTCAAGTC,0
CTTCTAATCAAATGAG,1000
CTTCTAATCACTGTCC,0
CTTCTAATCGACGTCG,0
CTTCTAATCGGACAAG,1
CTTCTAATCGTCACCT,0
CTTCTAATCTATCCAT,1000
CTTCTCTAGGGTTGCA,0
CTTCTCTCAAATTGCC,0
CTTCTCTCACTAACGT,0
CTTCTCTCAGCTCTGG,1000
CTTCTCTCATCAGCGC,0
CTTCTCTGTATCGGTT,3
CTTCTCTTCAAGAATG,0
CTTCTCTTCAAGAGGC,0
CTTCTCTTCTTTACAC,0
CTTGAGAAGAGTTGAT,0
CTTGAGAAGCCATTCA,1000
CTTGAGAAGCCTTCTC,1
CTTGAGAAGCTAGAGC,0
CTTGAGAAGTACGTCT,0
CTTGAGACAAGAGGTC,0
CTTGAGACAAGCTCTA,0
CTTGAGACAAGGATGC,0
CTTGAGACACTGGCGT,0
CTTGAGACAGTCTGGC,0
CTTGAGAGTATTGAGA,0
CTTGAGAGTCACTTAG,1000
CTTGAGAGTTATAGAG,2
CTTGAGATCACAAGAA,0
CTTGAGATCAGGAAAT,0
CTTGAGATCCCTATTA,0
CTTGAGATCCTATTGT,2
CTTGATTAGAAAGTCT,0
CTTGATTAGACCATAA,0
CTTGATTAGGCAGGTT,2
CTTGATTAGTAAAGCT,1
CTTGATTCAAGTGCTT,0
CTTGATTCACAATGTC,0
CTTGATTCACCAACAT,0
CTTGATTCAGCCATTA,0
CTTGATTCAGTCTACA,0
CTTGATTCATAACCCA,0
CTTGATTCATGGAACG,2
CTTGATTCATTGAGCT,0
CTTGATTGTAGAGACC,2
CTTGATTGTCCTCCTA,0
CTTGATTGTCGCTGCA,0
CTTGATTGTTTCTTAC,0
CTTGATTTCCCTTCCC,2
CTTTCAACAAGCGAAC,1
CTTTCAAGTACCTAGT,0
CTTTCAAGTAGTATAG,1
CTTTCAAGTCAGTCGC,0
CTTTCAAGTCGTACTA,2
CTTTCAAGTCTACACA,0
CTTTCAAGTGAGAACC,0
CTTTCAAGTTAAGAAC,0
CTTTCAAGTTGCTCGG,0
CTTTCAATCACGACTA,0
CTTTCAATCATCTCTA,0
CTTTCGGAGAGCAGTC,0
CTTTCGGAGGGAACAA,0
CTTTCGGCACAGTCCG,0
CTTTCGGCAGCGACAA,0
CTTTCGGCAGCTGCCA,0
CTTTCGGCAGTCTACA,0
CTTTCGGCATCATCCC,0
CTTTCGGGTCCAAGAG,2
CTTTCGGGTCGTACTA,1000
CTTTCGGGTCTGTGTA,0
CTTTCGGTCCCGTGTT,0
CTTTCGGTCGAAGGAC,0
GAAACCTAGAAAGTCT,1
GAAACCTAGGCACTCC,0
GAAACCTAGTCAACAA,0
GAAACCTAGTCCCGAC,0
GAAACCTCAAAGCAAT,0
GAAACCTCAAGACGGT,0
GAAACCTCAGAGCGTA,0
GAAACCTCATCGAGCC,3
GAAACCTCATGTGCTA,0
GAAACCTGTAGCTGCC,0
GAAACCTTCAGCCCAG,0
GAAACCTTCGACGTCG,0
GAAACCTTCTTTCGAT,3
GAAATGAAGACATATG,1000
GAAATGAAGATTGTGA,2
GAAATGAAGCCTATTG,0
GAAATGAAGTATGGCG,0
GAAATGACACGCGCTA,0
GAAATGACAGGCGTTC,2
GAAATGACAGTCGTTA,0
GAAATGAGTCACTTAG,0
GAAATGAGTGAGTAAT,0
GAAATGAGTGTCATCA,0
GAAATGAGTTGGGAAC,0
GAAATGATCCACCCTA,0
GAAATGATCCATTGGA,1000
GAAATGATCGGCTGGT,0
GAAATGATCTGTGCTC,0
GAACACTAGACCTCAT,0
GAACACTAGAGCATAT,0
GAACACTAGAGTCAGC,1
GAACACTAGCTACTGT,0
GAACACTAGTTGCATC,0
GAACACTCAACAAGAT,0
GAACACTCAAGGATGC,0
GAACACTCACCAGTTA,0
GAACACTCACCGTGGT,0
GAACACTCAGGAGGAG,1000
GAACACTCAGTCTTCC,0
GAACACTCATGACTCA,0
GAACACTGTACAACGG,0
GAACACTGTTGATCGT,0
GAACACTGTTGCTGAT,0
GAACACTTCCTCTGCA,0
GAACACTTCTCATGCC,0
GAACACTTCTGTCGTC,0
GAACACTTCTTAGCTT,2
GAACGTTAGTTGGCGA,0
GAACGTTCAAGAGATT,0
GAACGTTCACTTCATT,0
GAACGTTCATCATTGG,1000
GAACGTTGTACGATGG,0
GAACGTTGTTCATCGA,0
GAACGTTTCCAACTGA,1
GAACGTTTCCTAGCTC,3
GAACGTTTCTGGACCG,2
GAACTGTAGACGCAGT,0
GAACTGTAGATAACGT,2
GAACTGTAGCAGCGAT,2
GAACTGTAGGACAACC,1000
GAACTGTAGGACGGAG,1
GAACTGTAGGTTCATC,1000
GAACTGTAGTTCCGGC,0
GAACTGTCAAGTATCC,0
GAACTGTCACGAAGAC,2
GAACTGTCAGATCATC,0
GAACTGTGTAACGCGA,0
GAACTGTGTATAATGG,1000
GAACTGTGTATGAGAT,0
GAACTGTGTTCGGACC,0
GAACTGTTCAGCCTTC,0
GAACTGTTCCGCTTAC,0
GAACTGTTCCTTCTAA,0
GAACTGTTCGGACTGC,0
GAAGAATAGCCGTTAT,0
GAAGAATAGCTCGGCT,1000
GAAGAATAGGGTACAC,0
GAAGAATCAATCTAGC,1
GAAGAATCACCCTGAG,0
GAAGAATGTGAATGAT,0
GAAGAATTCAAAGGTA,0
GAAGAATTCGTTCGCT,1
GAAGAATTCTCAGTCC,1000
GAAGAATTCTTAGCTT,1000
GAAGCCCAGCAGGCTA,0
GAAGCCCAGGCAGTCA,1000
GAAGCCCCAAATTGCC,0
GAAGCCCCAAGTTTGC,1000
GAAGCCCCACACACGC,0
GAAGCCCCAGACCAGA,2
GAAGCCCCAGCCCACA,0
GAAGCCCCAGCGACCT,0
GAAGCCCGTCATTCCC,0
GAAGCCCGTGCGGCTT,0
GAAGCCCTCAGACCGC,1000
GAAGCCCTCTCAACCC,3
GAAGCCCTCTCCACTG,0
GAAGCGAAGAATCTAG,2
GAAGCGAAGCAGCCCT,0
GAAGCGAAGCATATGA,2
GAAGCGAAGTCCCGAC,3
GAAGCGAAGTTTGTCG,0
GAAGCGACAACACGAG,0
GAAGCGACATACCGTA,0
GAAGCGACATCTATCT,2
GAAGCGAGTACCTGTA,0
GAAGCGAGTCCTGTCT,0
GAAGCGAGTGCTATTG,0
GAAGCGAGTGTGTTTG,0
GAAGCGAGTTATGACC,0
GAAGCGAGTTGATCGT,0
GAAGCGATCACGGAGA,0
GAAGCGATCCAGCTCT,0
GAAGCGATCGATACAC,0
GAAGCGATCGGCACTG,2
GAAGCGATCTAGATCG,1000
GAAGCGATCTTTGATC,1000
GAAGGACAGGCCATAG,1000
GAAGGACAGTATCCTG,0
GAAGGACCACGGTCTG,0
GAAGGACCATAACGGG,1000
GAAGGACCATAGTCAC,2
GAAGGACGTCCAACGC,1
GAAGGACGTCTCGCGA,0
GAAGGACGTTCTTGTT,0
GAAGGACGTTGACGGA,0
GAAGGACTCCGGTAAT,0
GAAGGACTCTCATTTG,0
GAAGGACTCTCTGCTG,1000
GAAGGGTAGCTTCGTA,0
GAAGGGTAGGCGCTCT,0
GAAGGGTAGTACAGCG,1000
GAAGGGTCACTAAACC,3
GAAGGGTGTCCCAAAT,0
GAAGGGTGTTTCGGCG,0
GAAGGGTTCCACTTCG,0
GAAGGGTTCCATTTAC,1
GAAGTAAAGAAGCTGC,1
GAAGTAAAGACTTGTC,1
GAAGTAAAGATTGATG,0
GAAGTAAAGCGTGTCC,0
GAAGTAAAGTCTAACC,0
GAAGTAAAGTTTCTTC,0
GAAGTAAAGTTTGGCT,1
GAAGTAACACGTTGGC,0
GAAGTAACAGAACTTC,0
GAAGTAACAGCTCCTT,0
GAAGTAACATATCTGG,0
GAAGTAAGTACCGGAA,0
GAAGTAAGTACGGATG,1
GAAGTAAGTCTCGCGA,0
GAAGTAAGTGGCAACA,3
GAAGTAATCATACGAC,0
GAAGTAATCTGGAAGG,1
GAAGTAATCTTTCTAG,0
GAATAGAAGAGAATCT,0
GAATAGAAGCAGGCAT,0
GAATAGAAGTGGACGT,0
GAATAGACAAGGCCTC,1
GAATAGACACTGCATA,0
GAATAGACAGAGCTAG,1
GAATAGACAGCAGATG,0
GAATAGACATCGGAGA,0
GAATAGAGTCCTACGG,0
GAATAGAGTCGAACAG,0
GAATAGAGTGTCCGGT,0
GAATAGAGTTATAGAG,0
GAATAGAGTTATTCTC,0
GAATAGAGTTCTCGCT,1000
GAATAGATCAGGTAAA,3
GAATAGATCCTACTGC,2
GAATAGATCGAGCCTG,0
GAATAGATCGGTGCAC,0
GAATAGATCTCGACGG,0
GAATCACAGGTACCTT,3
GAATCACAGGTCATTC,1000
GAATCACAGGTTACAA,0
GAATCACAGTAAACAC,0
GAATCACCAAGAATGT,0
GAATCACCAAGCACCC,0
GAATCACCAGCTGTAT,1
GAATCACCAGGTGGAT,0
GAATCACCATAGATGA,0
GAATCACCATGGCGCT,2
GAATCACGTTTACACG,0
GAATCACTCGCCTAGG,0
GAATCACTCTCTCGCA,0
GAATCGTAGCGCCTTG,1000
GAATCGTCACGACGCT,0
GAATCGTCACGTACAT,0
GAATCGTCAGCAGATG,0
GAATCGTCAGGATGAC,1
GAATCGTCATCGAACT,0
GAATCGTGTATGCTAC,2
GAATCGTGTGCGTGCT,0
GAATCGTGTGGGAGAG,3
GAATCGTGTTGATGTC,0
GAATCGTTCAGGACGA,1
GAATCGTTCCGTGGGT,2
GAATCGTTCCTTATCA,0
GAATCGTTCTGGACTA,0
GAATCGTTCTTGTTAC,0
GACACGCAGGTCATCT,0
GACACGCCACTATGTG,0
GACACGCCAGACAAAT,2
GACACGCCAGGCCCTA,3
GACACGCCAGTATACC,0
GACACGCCAGTGCCTG,2
GACACGCCATAGAATG,0
GACACGCCATCCTAAG,1000
GACACGCGTACGAGCA,0
GACACGCGTCCAGCAC,0
GACACGCGTCTACACA,0
GACACGCGTCTTAGTG,0
GACACGCTCAGACCCG,3
GACACGCTCATTGCGA,0
GACACGCTCCCTATTA,0
GACACGCTCCGATAGT,0
GACACGCTCCTAGCGG,0
GACACGCTCGCAATGT,0
GACAGCCAGAGACAAG,1
GACAGCCAGGGAGGCA,0
GACAGCCAGTTAGTAG,0
GACAGCCCACTTGACA,1000
GACAGCCGTCAGTTTG,1
GACAGCCGTCATCGCG,0
GACAGCCGTCATTCCC,0
GACAGCCGTCGATTAC,2
GACAGCCGTGCGGCTT,0
GACAGCCGTGTCTAAC,0
GACAGCCGTTAAGACA,2
GACAGCCTCAGTAGGG,0
GACAGCCTCCGCATAA,0
GACAGCCTCGAAATCC,1000
GACAGCCTCGGTCTAA,1000
GACATCAAGCGACTAG,0
GACATCAAGGACAACC,0
GACATCAAGTATTAGG,0
GACATCACAAACACGG,0
GACATCACAACCGGAA,0
GACATCACATCGGCCA,0
GACATCATCGTTCTCG,1000
GACATCATCGTTGTTT,0
GACCAATAGCACGTCC,0
GACCAATCACCAAATC,0
GACCAATCAGAACGCA,0
GACCAATCAGGTTTAC,0
GACCAATCATAAGCAA,3
GACCAATCATATTCGG,0
GACCAATGTCACTAGT,0
GACCAATGTCTGTGAT,2
GACCAATGTTAAAGTG,0
GACCAATGTTACCCAA,0
GACCAATTCGAAATCC,0
GACCCAGAGCCAAGGT,0
GACCCAGAGCCATTTG,0
GACCCAGAGGATATGT,0
GACCCAGAGGGCTAAC,1000
GACCCAGCAAGTATCC,0
GACCCAGCAATGAGCG,0
GACCCAGCATAGACTC,0
GACCCAGGTAATTGGA,3
GACCCAGGTACGATCT,0
GACCCAGGTATATGGA,0
GACCCAGGTGAGATCG,0
GACCCAGGTTCCTACC,0
GACCCAGTCTTGAGCA,0
GACCCTTAGCCTCGTG,1000
GACCCTTAGCTGAAAT,3
GACCCTTCACCCTCTA,0
GACCCTTCATATACCG,1
GACCCTTCATTCCTAT,0
GACCCTTGTAACATAG,0
GACCCTTGTATCCCAA,0
GACCCTTGTCCAGGTC,0
GACCCTTGTTGTGGCC,0
GACCCTTTCAACTCTT,0
GACCCTTTCACACCGG,2
GACCCTTTCACTTCTA,0
GACCCTTTCCAAATGC,3
GACCCTTTCGACCACG,2
GACCCTTTCGAGTCTA,0
GACCCTTTCGCCTCTA,1
GACCCTTTCTACGCGG,0
GACCGTGAGATGTAGT,1
GACCGTGAGGGTCTTT,0
GACCGTGAGTAAGACT,0
GACCGTGAGTCATGGG,0
GACCGTGCATCGATCA,0
GACCGTGCATCGCCTT,0
GACCGTGCATCGCTGG,0
GACCGTGCATCGTGGC,0
GACCGTGGTAGTATAG,0
GACCGTGGTGCGACAA,3
GACCGTGGTGCTCTCT,0
GACCTTCAGACCAGCA,0
GACCTTCAGCGTTCAT,1000
GACCTTCAGTACAGCG,0
GACCTTCCACCTCTAC,0
GACCTTCCAGGCCTGT,0
GACCTTCCATGGCCCA,0
GACCTTCCATTGACTG,0
GACCTTCGTAGTGCGA,0
GACCTTCGTATACCTG,0
GACCTTCGTCGCTTGG,0
GACCTTCGTCTACAGT,0
GACCTTCGTGTTGACT,0
GACCTTCGTTCGGACC,0
GACCTTCTCAGGTAAA,0
GACCTTCTCTCTCCGA,3
GACCTTCTCTGACCTT,0
GACCTTCTCTGACGCG,0
GACGCTGAGATGCTAA,0
GACGCTGAGCACACCC,0
GACGCTGAGCTAGAGC,0
GACGCTGAGGTAGTAT,1
GACGCTGAGTAGGGTC,0
GACGCTGAGTCCTACA,1000
GACGCTGCAACTCCAA,2
GACGCTGCATGACACT,1000
GACGCTGCATTCTGTT,0
GACGCTGGTAGTACGG,0
GACGCTGGTATACCTG,1
GACGCTGGTCACCCTT,0
GACGCTGGTCCACAGC,1
GACGCTGGTCTAACGT,1000
GACGCTGGTGTCCGGT,1000
GACGCTGTCACCTACC,0
GACGCTGTCGAGAACG,0
GACGCTGTCGGAAACG,0
GACGTTAAGAGGATGA,0
GACGTTAAGATAGTGT,2
GACGTTAAGCTGACCC,2
GACGTTAAGGTATAGT,0
GACGTTAAGTTATGGA,0
GACGTTACAAGCCTGC,2
GACGTTACACGACGAA,1
GACGTTACATACTTTC,0
GACGTTAGTCACTGAT,0
GACGTTAGTGCCCGTA,3
GACGTTAGTGTTTCTT,0
GACGTTAGTTAACAGA,2
GACGTTAGTTTGAACC,1000
GACGTTATCAGCTGAT,0
GACGTTATCTGCATAG,0
GACGTTATCTGTGCTC,0
GACGTTATCTTCGCTG,0
GACTATGAGAGAGAAC,0
GACTATGAGCGTCTGC,0
GACTATGAGGAGATAG,0
GACTATGAGGTGTGAC,0
GACTATGAGTCTTGGT,1000
GACTATGCAATAAGGT,0
GACTATGCACGACGTC,1000
GACTATGCATGATCTG,2
GACTATGGTCCAATCA,0
GACTATGGTTGAAGTA,0
GACTATGGTTGCTCAA,2
GACTATGTCAGCTGTA,0
GACTATGTCCTCGATC,0
GACTATGTCGCATAGT,0
GACTATGTCTATTCGT,0
GACTATGTCTCAATCT,0
GACTCAAAGAATTGTG,0
GACTCAAAGCCTGTGC,0
GACTCAAAGGACATCG,1000
GACTCAAAGGCCTTCG,3
GACTCAAAGGGCAAGG,0
GACTCAAAGTCATAGA,1
GACTCAACAAATACGA,0
GACTCAACACCCTAAA,0
GACTCAACACGCCAGT,0
GACTCAACAGCATTGT,0
GACTCAATCAAGTTGC,0
GACTCAATCATGCGGC,2
GACTCAATCCACACAA,0
GACTCAATCTGGACTA,1000
GACTCTCAGCCTCGTG,0
GACTCTCAGCTATCTG,0
GACTCTCAGGGAGTGG,1000
GACTCTCAGTATGGCG,0
GACTCTCAGTGCCGAA,0
GACTCTCCAAGGTCTT,0
GACTCTCCAATAGTCC,0
GACTCTCCACCGTGAC,0
GACTCTCCAGTCGCTG,0
GACTCTCGTGTATACC,0
GACTCTCTCGGCCTTT,0
GACTCTCTCTCAAAGC,0
GACTCTCTCTGCCTCA,0
GACTGATAGGCTTAGG,0
GACTGATAGTGTTGAA,0
GACTGATCACCGCTAG,0
GACTGATCAGCTATAC,3
GACTGATCAGTGTGGA,0
GACTGATGTAACATGA,0
GACTGATGTGTCATGT,1000
GACTGATGTTCTATCT,0
GACTGATTCACTGAAC,0
GACTGATTCGCTACGG,0
GACTGATTCGGACTTA,0
GACTGATTCTACGCGG,1000
GACTTCCAGATCGGTG,1000
GACTTCCAGCCTTTGA,1000
GACTTCCAGGCAGGGA,0
GACTTCCAGGCGACAT,1
GACTTCCAGTACTGTC,0
GACTTCCAGTCGCGAA,2
GACTTCCCAATGTCTG,0
GACTTCCCAGAGGTAC,0
GACTTCCCATACGCAT,0
GACTTCCGTACAGGTG,0
GACTTCCGTAGCTTTG,1
GACTTCCGTGCAACGA,0
GACTTCCGTTAAGGGC,1000
GACTTCCGTTAATCGC,0
GACTTCCTCAGTCAGT,0
GACTTCCTCCAGTGCG,2
GACTTCCTCCCGAATA,0
GACTTCCTCCTCACCA,1000
GACTTCCTCCTTCTGG,3
GACTTCCTCGTCTAAG,0
GACTTCCTCTAGGAAA,0
GAGAAATAGATGACCG,0
GAGAAATAGCTGAAGC,0
GAGAAATAGGCCTGAA,0
GAGAAATAGGTTCACT,1
GAGAAATCACGTGAGA,0
GAGAAATCAGGTTACT,0
GAGAAATCAGGTTCGC,3
GAGAAATCATTGCCTC,1000
GAGAAATGTAACACCT,0
GAGAAATGTATGAAAC,0
GAGAAATGTGTAGGAC,0
GAGAAATTCCACTAGA,0
GAGAAATTCGAACACT,0
GAGAAATTCGGTCTGG,1000
GAGAAATTCGTTAGAC,0
GAGAAATTCTTAAGGC,0
GAGACCCAGAGCATTA,0
GAGACCCAGCCAACCC,0
GAGACCCAGCTGCCAC,0
GAGACCCCAAGCCCAC,0
GAGACCCCAAGCTCTA,3
GAGACCCCACCATTCC,0
GAGACCCCACTACGGC,0
GAGACCCCATGTCTAG,0
GAGACCCGTACCATAC,3
GAGACCCGTGAACGGT,0
GAGACCCGTGAGATTA,1
GAGACCCGTGGTCTAT,0
GAGACCCGTTAGAAAC,0
GAGACCCTCGATACTG,0
GAGACCCTCTAGGCCG,3
GAGACTTAGATCCAAA,0
GAGACTTAGCGTGCTC,0
GAGACTTAGTATGATG,0
GAGACTTCATAGTCAC,0
GAGACTTCATCGATAC,1000
GAGACTTGTACGACAG,0
GAGACTTGTGACGTCC,0
GAGACTTGTGCAGTGA,1000
GAGACTTGTGCGGATA,0
GAGACTTGTTTGTTGG,0
GAGACTTTCATAGCAC,0
GAGACTTTCTAGGCAT,2
GAGAGGTAGCAGCCTC,0
GAGAGGTAGCAGTCTT,0
GAGAGGTAGCCGAATG,2
GAGAGGTAGCGTGAAC,0
GAGAGGTAGCTAGAAT,0
GAGAGGTAGGCGTTGA,2
GAGAGGTAGTGATTCC,0
GAGAGGTAGTGTTCAC,0
GAGAGGTAGTTGGAGC,0
GAGAGGTAGTTGTAGA,0
GAGAGGTCAGCCTATA,0
GAGAGGTCATGGCCAC,0
GAGAGGTGTACAACGG,1
GAGAGGTGTCATCACA,0
GAGAGGTTCCGGTTCT,3
GAGAGGTTCGACATTG,0
GAGAGGTTCTATCGCC,1
GAGAGGTTCTCTATGT,0
GAGATGGAGCTCATAC,1000
GAGATGGCAACCGATT,0
GAGATGGCACAAGTTC,0
GAGATGGCACCACATA,2
GAGATGGCATGCTGCG,0
GAGATGGGTAACATGA,0
GAGATGGGTAACGGTG,0
GAGATGGGTACCTATG,0
GAGATGGGTCTAATCG,1
GAGATGGGTGGAAATT,0
GAGATGGGTTTAGTCG,0
GAGATGGTCACCTACC,1000
GAGATGGTCAGGCGAA,0
GAGATGGTCATAGACC,0
GAGCCTGAGAATTCAG,0
GAGCCTGAGACTGGGT,0
GAGCCTGAGGGTACGT,0
GAGCCTGCACAATGCT,3
GAGCCTGCACGGTGCT,0
GAGCCTGCACTCTGCT,0
GAGCCTGCATCGGCCA,1
GAGCCTGGTAACGCGA,1000
GAGCCTGGTCCATAGT,0
GAGCCTGGTTATAGCC,0
GAGCCTGGTTTACTGG,1
GAGCCTGTCCTACGGG,0
GAGCTGCAGCAACTCT,1000
GAGCTGCAGGTAGCCA,0
GAGCTGCCACGTTCGG,0
GAGCTGCCATCTGTTT,0
GAGCTGCCATGGTACT,1
GAGCTGCGTAAGATTG,2
GAGCTGCGTACCGGCT,0
GAGCTGCGTCGTCTCT,0
GAGCTGCGTGATAGTA,2
GAGCTGCTCACTGATG,0
GAGCTGCTCACTGGGC,2
GAGCTGCTCATGAGGG,0
GAGCTGCTCATTGCGA,0
GAGCTGCTCCTATGGA,1000
GAGCTGCTCCTCAGAA,1000
GAGCTGCTCGCTAAAC,3
GAGCTGCTCGGTAGAG,3
GAGCTGCTCGTTCAGA,2
GAGCTGCTCTAACGCA,2
GAGGCAAAGCGGTATG,0
GAGGCAAAGGCTTAGG,1000
GAGGCAAAGGTCATTC,0
GAGGCAAAGTCTGGTT,2
GAGGCAAGTGATACCT,0
GAGGCAATCATACGAC,0
GAGGCAATCCCACAGG,0
GAGGCCTAGAGGCCAT,0
GAGGCCTAGGATTCCT,0
GAGGCCTAGTAGATCA,0
GAGGCCTCAACAGTGG,0
GAGGCCTGTAACGGTG,0
GAGGCCTGTCACTCTC,1000
GAGGCCTGTTTCGCTC,1
GAGGCCTTCACTCTTA,0
GAGGCCTTCAGACCTA,1
GAGGCCTTCGCAATTG,1000
GAGGCCTTCTGACGCG,0
GAGGGATAGAACGTGC,0
GAGGGATAGGCGAACT,0
GAGGGATAGGGAGGCA,1
GAGGGATAGGTTCCAT,0
GAGGGATCAACCGGAA,0
GAGGGATCAATAAGGT,3
GAGGGATCAGCAGGAT,0
GAGGGATCATCGAAGG,1
GAGGGATGTCGCTCGA,2
GAGGGATGTCTGTAGT,0
GAGGGATGTTGTTGAC,0
GAGGGATTCCAATCCC,0
GAGGGATTCCGGGACT,0
GAGGGATTCCGTGACG,0
GAGGGATTCGGTAAGG,0
GAGGGTAAGCTGTTAC,0
GAGGGTAAGTCCGTCG,2
GAGGGTAAGTCGGGAT,0
GAGGGTACAAAGGTTA,0
GAGGGTACAGGATTCT,0
GAGGGTACATTGAGGG,0
GAGGGTAGTACCATAC,0
GAGGGTAGTGAGCTCC,0
GAGGGTATCAAGCTGT,2
GAGGGTATCCAATGCA,0
GAGTCATAGATGCTAA,0
GAGTCATAGCACCGAA,0
GAGTCATAGGTTGTTC,0
GAGTCATCAAGATGTA,0
GAGTCATCAATGCAGG,3
GAGTCATCAATGTCAC,0
GAGTCATCAGCGTACC,0
GAGTCATCAGGTGACA,1
GAGTCATCAGTTGCGC,0
GAGTCATGTCGTTGCG,0
GAGTCATGTCTACGTA,2
GAGTCATGTTAGGACG,0
GAGTCATTCACAAGGG,0
GAGTCATTCCGGCAAC,0
GAGTCATTCCGGCTTT,0
GAGTCATTCTAGGAAA,0
GAGTCATTCTAGTACG,0
GAGTCTAAGCAACAGC,0
GAGTCTACAAACACCT,1
GAGTCTACAACTGAAA,0
GAGTCTACAAGTTCGT,3
GAGTCTACAGCTTTCC,1
GAGTCTACATCAACCA,0
GAGTCTAGTATGGAAT,3
GAGTCTAGTCTCGGAC,2
GAGTCTAGTGCACAAG,0
GAGTCTAGTGTCCATA,0
GAGTCTAGTTGCTCAA,0
GAGTCTAGTTTCCCAC,0
GAGTCTATCACTTATC,2
GAGTCTATCCCGTTCA,0
GAGTCTATCGCTGACG,2
GAGTCTATCGGACTTA,0
GAGTCTATCTATGCCC,0
GAGTGAGAGCAAGCCA,0
GAGTGAGAGGTTACAA,0
GAGTGAGCAAGTCATC,0
GAGTGAGCAGCGTACC,3
GAGTGAGCAGTCGCTG,0
GAGTGAGGTACGCTTA,1
GAGTGAGTCACGGGCT,3
GAGTGAGTCGACGATT,0
GAGTGAGTCTAGCAAC,0
GAGTGTTAGGTCGCCT,0
GAGTGTTCAAAGAACT,1000
GAGTGTTCACATGAAA,0
GAGTGTTCACTGAATC,0
GAGTGTTGTAAGATCA,1000
GAGTGTTGTCAGCTTA,0
GAGTGTTGTGTTCGAT,0
GAGTGTTTCAGGACGA,0
GAGTGTTTCCATTTAC,1
GAGTGTTTCTTTGCTA,0
GAGTTACAGCGTGAGT,1000
GAGTTACAGTAGGTTA,1000
GAGTTACCAGAACATA,0
GAGTTACCAGGACGAT,0
GAGTTACCATACAGAA,0
GAGTTACCATCATCCC,0
GAGTTACCATCTTCGC,1
GAGTTACCATGTTTGG,0
GAGTTACGTAACTTCG,1000
GAGTTACGTAGTTCCA,0
GAGTTACGTCAGACGA,1
GAGTTACGTCCGATCG,0
GAGTTACGTGTGCTTA,1
GAGTTACGTGTTATCG,0
GAGTTACGTTCAGCTA,1
GAGTTACTCAAGTGGG,0
GAGTTACTCTGGTTGA,1000
GAGTTGTAGATGACCG,0
GAGTTGTAGGGTCACA,0
GAGTTGTAGTAAATGC,1
GAGTTGTAGTTAGTAG,0
GAGTTGTAGTTGGACG,0
GAGTTGTCAATCCTTT,0
GAGTTGTCACCGTACG,1
GAGTTGTCACTGTTCC,0
GAGTTGTCAGGTGTGA,3
GAGTTGTCATCCCACT,0
GAGTTGTCATTAGGAA,0
GAGTTGTGTGTCCGTG,0
GAGTTGTGTTTGGAGG,2
GAGTTGTTCAAGCCGC,3
GAGTTGTTCCGAAGGA,0
GAGTTGTTCCTTATCA,0
GAGTTGTTCGCACGAC,0
GAGTTGTTCGGTCTGG,0
GAGTTGTTCTACTATC,0
GAGTTGTTCTAGCATG,1
GAGTTTGCAAGCACAG,0
GAGTTTGCAAGTGTCT,2
GAGTTTGCAGAGATGC,0
GAGTTTGCAGCCGTTG,3
GAGTTTGGTATACAGA,0
GAGTTTGGTGGTCCGT,0
GAGTTTGTCGTCCATC,2
GATAGAAAGAGCTGAC,1000
GATAGAAAGCAATAAC,0
GATAGAAAGCCGCTTG,0
GATAGAAAGCTCTATG,0
GATAGAAAGGGTCAAC,1000
GATAGAAAGTGAGGCT,0
GATAGAACAAATGCTC,0
GATAGAACAACACGTT,1
GATAGAACAGCGATTT,1
GATAGAAGTACTAGCT,0
GATAGAAGTGATGGCA,0
GATAGAAGTGTGTCCG,0
GATAGAATCCGTCCTA,0
GATAGAATCGAACCAT,0
GATAGAATCGCAATTG,0
GATAGAATCGCACGGT,1000
GATAGAATCTTTGCGC,0
GATAGCTAGCCACCGT,0
GATAGCTAGGCTAGCA,0
GATAGCTAGGGCAACT,0
GATAGCTAGTAGCCAG,0
GATAGCTCATTACGGT,0
GATAGCTGTCGCGTTG,0
GATAGCTGTGAATAAC,0
GATAGCTGTTTCACTT,0
GATAGCTTCCCTTTGG,1000
GATAGCTTCTTGCGCT,0
GATCACAAGAATAGTC,0
GATCACAAGATAACAC,0
GATCACAAGCGGACAT,0
GATCACAAGCTTGTTG,0
GATCACACAACCCTAA,0
GATCACACAACCGTAT,0
GATCACACACAGCTTA,0
GATCACACACAGTGTT,0
GATCACACAGACCTAT,0
GATCACACATAGGTAA,1
GATCACACATCGCTGG,1
GATCACAGTCCAAGAG,0
GATCACAGTCCATACA,0
GATCACAGTCCTTGTC,3
GATCACAGTCGTATGT,2
GATCACAGTGAGCAGT,1000
GATCACAGTGTAGTGG,2
GATCACATCATCGCTC,0
GATCACATCGCCAACG,1
GATCACATCTATGTGG,1
GATCACATCTTGGCTC,0
GATCAGTAGCACTGGA,0
GATCAGTAGGGATGTC,0
GATCAGTAGTAGTCTC,0
GATCAGTAGTCATGGG,0
GATCAGTCACGATTCA,0
GATCAGTCAGAAGCTG,1000
GATCAGTCATTCAGCA,0
GATCAGTGTACCTTCC,1000
GATCAGTGTAGTTAGA,0
GATCAGTGTATCGTGT,0
GATCAGTGTATGGTTC,1
GATCAGTGTCCAGAAG,0
GATCAGTGTTAACCTG,0
GATCAGTTCAACACGT,3
GATCAGTTCATAGGCT,0
GATCAGTTCATCGTAG,1000
GATCAGTTCCGGGACT,1
GATCAGTTCGACGACC,0
GATCAGTTCTGAGAGG,0
GATCATGAGCCTTCTC,0
GATCATGAGGTAAGTT,0
GATCATGAGTTCCATG,0
GATCATGCAACATACC,0
GATCATGCACGACGAA,0
GATCATGCATCGCTGG,0
GATCATGCATCTCATT,0
GATCATGTCACAACCA,1000
GATCATGTCATTGTGG,0
GATCATGTCCAATGCA,0
GATCATGTCCTTTAGT,0
GATCATGTCGCGCTGA,0
GATCATGTCGTAACTG,0
GATCCCTAGAGTGACC,1000
GATCCCTAGGACTTCT,0
GATCCCTCAAAGACTA,1
GATCCCTCAAGATCCT,2
GATCCCTCACGAGGAT,0
GATCCCTCAGCAGATG,0
GATCCCTCAGGAACCA,0
GATCCCTCAGGTGAGT,0
GATCCCTGTAGACACG,0
GATCCCTGTCGTGTTA,0
GATCCCTTCCCAACTC,0
GATCCCTTCCGTTGGG,1
GATCCCTTCTGAGCAT,0
GATCCCTTCTTGGTGA,0
GATCGTAAGATTGAGT,0
GATCGTAAGCCTCGTG,1
GATCGTAAGTGGCAGT,0
GATCGTACAACCCTCT,0
GATCGTACAACGGCTC,0
GATCGTACACTCTGCT,0
GATCGTACAGGACTTT,0
GATCGTACATTAAAGG,1000
GATCGTAGTCCGGTCA,0
GATCGTAGTCGAATTC,0
GATCGTAGTTCACGAT,0
GATCGTAGTTTACTTC,0
GATCGTATCACGACTA,1000
GATCGTATCATGAGAA,0
GATCGTATCCAAGCTA,1000
GATCGTATCCTCCACA,0
GATCGTATCGTTCTCG,3
GATGACTAGCCAGAGT,0
GATGACTAGCCTGACC,0
GATGACTAGGTGCATG,0
GATGACTAGTCCGCCA,0
GATGACTCAACCGCCA,0
GATGACTCACAATTCG,2
GATGACTCACTAGGTT,1000
GATGACTCACTGAGTT,0
GATGACTGTAGCTGTT,3
GATGACTGTCTCTCAC,1
GATGACTGTGTTCCAA,0
GATGACTTCAAGATAG,1000
GATGACTTCACCCATC,1000
GATGACTTCCAAGCAT,0
GATGACTTCCGTAATG,0
GATGACTTCGAGATGG,1000
GATGACTTCTAATTCC,1000
GATGAGGAGTATCTGC,0
GATGAGGCAGCGGTTC,0
GATGAGGGTAACGCGA,1
GATGAGGGTACTCCCT,0
GATGAGGGTCTACTGA,1000
GATGAGGTCATCTGTT,0
GATGAGGTCGACGATT,0
GATGAGGTCTACAGGT,2
GATGAGGTCTGCGGGT,0
GATGATCAGAGATGCC,1000
GATGATCAGATTGAGT,0
GATGATCCAGCTGGTC,0
GATGATCCAGGATCTT,2
GATGATCGTAACGGTG,1000
GATGATCGTAATGCTC,1
GATGATCGTATTTCGG,2
GATGATCGTCATTCCC,0
GATGATCGTTCCTAAG,0
GATGATCGTTGTTTGG,0
GATGATCTCACGATCA,0
GATGATCTCAGACATC,0
GATGATCTCCAACACA,3
GATGATCTCTGGAGAG,1000
GATGCTAAGACCTCAT,0
GATGCTAAGGCACTCC,0
GATGCTAAGTCTAGAA,0
GATGCTACATTGACCA,0
GATGCTAGTATCAGGG,0
GATGCTAGTCCACTCT,0
GATGCTAGTCGCTGCA,1000
GATGCTAGTCGTGCCA,0
GATGCTAGTTGCTGAT,0
GATGCTAGTTGGTAGG,3
GATGCTATCGATCCCT,1000
GATGCTATCTAGCATG,0
GATGCTATCTTTACAC,0
GATGGAGAGCGACATG,0
GATGGAGAGGAACGCT,0
GATGGAGCAAAGACGC,0
GATGGAGCAAGAATGT,0
GATGGAGCAGCAGACA,2
GATGGAGCAGGATCTT,0
GATGGAGCATGCCATA,1000
GATGGAGCATTGACAC,0
GATGGAGGTATCGCAT,1
GATGGAGGTATCTTCT,0
GATGGAGGTGTCACAT,1000
GATGGAGGTTATCTGG,0
GATGGAGTCACTGGGC,0
GATGGAGTCATCTCTA,0
GATGTTGAGAATAGTC,0
GATGTTGCAAACCGGA,0
GATGTTGCATCTAACG,0
GATGTTGGTACCGGCT,0
GATGTTGGTCAGGAGT,0
GATGTTGGTCCGATCG,0
GATGTTGGTTACCGTA,0
GATGTTGGTTACTCAG,0
GATGTTGTCACTTGGA,0
GATGTTGTCAGTGTGT,0
GATGTTGTCTGAGCAT,0
GATTCGAAGACAGTCG,1
GATTCGAAGCATCTTG,1
GATTCGAAGTGAGGCT,0
GATTCGAGTAGGTACG,1000
GATTCGAGTGGACCTC,1
GATTCGAGTTCCGCAG,0
GATTCGAGTTGACGGA,0
GATTCGATCATTGCCC,1000
GATTCGATCCAGGACC,0
GATTCGATCCCAGCGA,1
GATTCGATCCGTATGA,1000
GATTCGATCGAGCCAC,0
GATTCGATCGATTGGT,0
GATTCGATCTTAATCC,0
GATTCGATCTTAGTTC,0
GATTCTTAGAGGCTGT,0
GATTCTTAGGATAATC,0
GATTCTTAGGCCTTCG,1
GATTCTTAGTTCAACC,2
GATTCTTAGTTCTCTT,0
GATTCTTCAAGCGAAC,1000
GATTCTTCATTGTGCA,0
GATTCTTGTATACGGG,1
GATTCTTGTCCGTTTC,0
GATTCTTGTCGTGATT,0
GATTCTTGTGGCTCTG,0
GATTCTTGTTAAACAG,1000
GATTCTTGTTCGCGTG,0
GATTCTTGTTCGTGCG,0
GATTCTTGTTGACTGT,0
GATTCTTTCGACGCTG,0
GATTCTTTCTGGGCGT,0
GATTGGTAGCAAATCA,1
GATTGGTAGCGCCTCA,0
GATTGGTAGGCTTTCA,0
GATTGGTAGGGATCGT,0
GATTGGTCACATTGTG,0
GATTGGTCATGACTTG,0
GATTGGTCATGAGAAT,0
GATTGGTGTCATCCGG,0
GATTGGTGTCTTGCGG,0
GATTGGTTCAAGCTGT,2
GATTGGTTCACAGAGG,0
GATTGGTTCACGTCCT,0
GATTGGTTCGAGCCTG,3
GATTTCTAGATGGCAC,0
GATTTCTAGGGCGAAG,0
GATTTCTAGTGCCAGA,2
GATTTCTCAATTTCTC,0
GATTTCTCATAGGTTC,0
GATTTCTGTATCATGC,1000
GATTTCTGTCGAAGCA,0
GATTTCTTCAAGCCGC,2
GATTTCTTCACGTAGT,0
GATTTCTTCATCACAG,0
GATTTCTTCCTATTGT,0
GCAACATAGCAGGTCA,1
GCAACATAGTATGAGT,1000
GCAACATAGTTCGGTT,0
GCAACATCAAGATGTA,0
GCAACATCACCAGGTC,0
GCAACATCAGCGTTGC,0
GCAACATTCACCTCTG,0
GCAACATTCCAACCGG,1000
GCAACATTCCCGAATA,0
GCAACATTCTTTACAC,1
GCAACCGAGAGGATCC,1
GCAACCGAGAGGCTGT,0
GCAACCGAGATACGAT,0
GCAACCGAGATTGATG,3
GCAACCGCAAACCACT,0
GCAACCGCAAGAATAC,0
GCAACCGCACTTCCTG,0
GCAACCGCAGTACTAC,0
GCAACCGCATCGATAC,1000
GCAACCGGTATGACAA,0
GCAACCGGTTAGAAAC,0
GCAACCGTCCTTCTTC,0
GCAACCGTCTGGGCAC,0
GCACATAAGAATCCCT,0
GCACATAAGATAACGT,3
GCACATAAGATGAAGG,0
GCACATAAGCATAGGC,0
GCACATAAGCCTATTG,0
GCACATAAGCCTTTGA,0
GCACATAAGCGATCGA,0
GCACATAAGTAGACAT,0
GCACATAAGTCGAGGT,0
GCACATAAGTGCCTCG,0
GCACATAAGTTCTACG,0
GCACATACAAGAATAC,0
GCACATACACACGTGC,0
GCACATACACTGGCGT,0
GCACATACAGAGTCTT,0
GCACATACAGGAATCG,0
GCACATAGTGAGATTA,3
GCACATAGTGCCGTTG,0
GCACATAGTTCTCGTC,0
GCACATATCCCATAAG,1
GCACATATCGGAAGGT,0
GCACGGTAGAGTATAC,1000
GCACGGTAGTAAACGT,1
GCACGGTAGTTGTAGA,0
GCACGGTCAACGACTT,0
GCACGGTCACGCCACA,1
GCACGGTCAGAGTGTG,0
GCACGGTCATCTGCGG,0
GCACGGTCATTCAGCA,0
GCACGGTGTACCTAGT,2
GCACGGTGTCAACCTA,2
GCACGGTGTCCAACGC,1000
GCACGGTGTCCTGGGT,1
GCACGGTGTGTACGCC,1000
GCACGGTGTTAATCGC,0
GCACGGTGTTTGGCTA,2
GCACGGTTCCCATGGG,0
GCACGGTTCGAACGCC,0
GCACGGTTCGTAATGC,0
GCACGGTTCTAGAGCT,0
GCACGTGAGAGTCAAT,0
GCACGTGAGGTCTACT,0
GCACGTGCACTAACGT,0
GCACGTGCAGCATCTA,1000
GCACGTGCAGGCTACC,1000
GCACGTGGTACTGCGC,0
GCACGTGGTGCCAAGA,0
GCACGTGGTTGTATGC,0
GCACGTGTCTACACAG,1000
GCACTAAAGAATGTTG,0
GCACTAACAGAGAGGG,0
GCACTAAGTAGCACAG,0
GCACTAATCCTAACAG,3
GCACTAATCCTATTGT,2
GCACTAATCCTTGGAA,0
GCACTAATCGAAGAAT,0
GCACTAATCGCGTCGA,3
GCAGCCAAGAATAGTC,1
GCAGCCAAGAGGGTAA,0
GCAGCCAAGCCAAGGT,3
GCAGCCACAATACGCT,0
GCAGCCACAATGCTCA,2
GCAGCCACACCGCTGA,0
GCAGCCACAGAGGTAC,2
GCAGCCACATGTGTCA,2
GCAGCCAGTACGACAG,0
GCAGCCAGTCAGTCCG,0
GCAGCCAGTGCCGTAC,2
GCAGCCAGTTTCACTT,0
GCAGCCATCCTTATCA,0
GCAGCCATCGCTACAA,0
GCAGCCATCGGCCTTT,1000
GCAGCCATCTAGCCTC,1
GCAGCCATCTCTTGCG,0
GCAGCCATCTGTCCGT,0
GCAGCTGAGATTAGCA,0
GCAGCTGAGCCAGTAG,0
GCAGCTGAGGCTCACC,0
GCAGCTGAGTAGATCA,0
GCAGCTGCACGACGTC,0
GCAGCTGCATCCCGTT,1
GCAGCTGCATGCCATA,2
GCAGCTGGTATTGAGA,0
GCAGCTGGTTCTTGCC,0
GCAGCTGGTTTCGATG,0
GCAGCTGTCCGTAGGC,0
GCAGCTGTCCTCATAT,0
GCAGCTGTCGCCATAA,1
GCAGCTGTCTGCCTCA,0
GCAGCTGTCTTTGCAT,3
GCAGGCTAGGTAAGAG,0
GCAGGCTAGTTCGGTT,3
GCAGGCTCACGCTATA,0
GCAGGCTCAGATACCT,0
GCAGGCTCAGTGGTGA,1
GCAGGCTGTAGGCAGT,1000
GCAGGCTGTAGGCTGA,0
GCAGGCTGTCCAAATC,0
GCAGGCTGTCGATTCA,0
GCAGGCTGTGACACAG,0
GCAGGCTGTTGAAGTA,1
GCAGGCTTCTCACGAA,0
GCAGTTAAGCAAGGAA,0
GCAGTTAAGTCTGTAC,0
GCAGTTACAAATAAGC,1
GCAGTTACAAGGACAC,0
GCAGTTACAAGGTACG,0
GCAGTTACACATCCCT,0
GCAGTTACAGATGCGA,1000
GCAGTTACAGTCGGTC,0
GCAGTTACATCGAGCC,0
GCAGTTACATGCCGCA,0
GCAGTTACATTCAGCA,1000
GCAGTTAGTGGTCAAG,0
GCAGTTAGTTCGATTG,0
GCAGTTATCCATCACC,0
GCATCGGAGCACGTCC,2
GCATCGGAGTGGTTGG,0
GCATCGGAGTTGGAGC,3
GCATCGGCAAACACGG,0
GCATCGGCAAAGGATT,1000
GCATCGGCAAGCCATT,1000
GCATCGGCAATGACCT,3
GCATCGGGTCAGGAGT,0
GCATCGGGTCCGCAGT,0
GCATCGGTCAGGAAGC,0
GCATCGGTCGTGGCGT,0
GCATCGGTCGTTCTAT,0
GCATCTCAGACTAAGT,3
GCATCTCAGAGCCCAA,2
GCATCTCAGCAACAGC,0
GCATCTCAGCACTAGG,0
GCATCTCAGCAGGCAT,0
GCATCTCAGGAGATAG,2
GCATCTCAGGATTTCC,0
GCATCTCCAAAGGGTC,0
GCATCTCCACTCAAGT,0
GCATCTCCAGACCTGC,0
GCATCTCCATCGCTGG,3
GCATCTCCATGGCTAT,0
GCATCTCGTACATTGC,0
GCATCTCGTATTGGCT,1
GCATCTCGTCATGCAT,0
GCATCTCGTGTAAACA,0
GCATCTCGTTCAAGGG,2
GCATCTCGTTCGGCTG,0
GCATCTCTCACCACAA,0
GCATCTCTCACTCTTA,0
GCATCTCTCTCCCTAG,1
GCATGATAGACATACA,0
GCATGATAGACCTCCG,0
GCATGATAGGTTAAAC,3
GCATGATAGGTTCCAT,1000
GCATGATCACAGCCTG,2
GCATGATCACGTACAT,0
GCATGATCATTCCTAT,3
GCATGATGTATGCGGA,0
GCATGATGTCTTGTCC,0
GCATGATGTGTGAATA,3
GCATGATTCCATACTT,3
GCATGATTCGACTCCT,0
GCATGATTCGCGGTAC,3
GCATGATTCGCTCTCA,0
GCATGATTCGTGAGAG,0
GCATTAGAGAACTCCT,0
GCATTAGAGATTAGTG,0
GCATTAGAGCCATTGT,0
GCATTAGAGCGAAACC,0
GCATTAGAGCGCCTAC,1
GCATTAGAGTCGTCTA,1
GCATTAGCAAGGTCGA,0
GCATTAGCACGACGCT,0
GCATTAGCATGAAGCG,1
GCATTAGGTCATCTAG,0
GCATTAGGTCCGGACT,0
GCATTAGGTTGAGAGC,2
GCATTAGTCAGTCCGG,0
GCATTAGTCCGTGACG,1000
GCATTAGTCGTCTACC,2
GCATTAGTCTTAGCCC,0
GCCAACGAGAATCGTA,1000
GCCAACGAGCCTCGTG,3
GCCAACGAGGAGCAAA,1000
GCCAACGAGTACCCTA,2
GCCAACGAGTATGACA,0
GCCAACGAGTCTGGTT,0
GCCAACGCAACACGAG,0
GCCAACGCACCATATG,0
GCCAACGCAGCCCACA,0
GCCAACGCATGTACGT,1000
GCCAACGCATTGACCA,3
GCCAACGCATTGTACG,0
GCCAACGGTAAGATAC,0
GCCAACGGTATGAAAC,0
GCCAACGGTCTAACTG,0
GCCAACGGTTGTCTAG,0
GCCAACGTCACTGAAC,0
GCCAACGTCAGCTTGA,0
GCCAACGTCATCTCTA,0
GCCAACGTCCACTTTA,2
GCCAACGTCCCAGCGA,0
GCCAACGTCGGTTCAA,0
GCCAACGTCTGTGTGA,0
GCCAACGTCTTGCAGA,1
GCCAGCAAGAGAGGTA,0
GCCAGCACACTGAGGA,1
GCCAGCACATTCCTCG,0
GCCAGCAGTATGAGCG,0
GCCAGCAGTGGTTTAC,2
GCCAGCAGTTCGTGCG,2
GCCAGCAGTTGAGGAC,0
GCCAGCATCAGAGTTC,0
GCCAGCATCAGCAATC,0
GCCAGCATCCTTCTTC,0
GCCAGCATCTCGACCT,0
GCCAGCATCTGCGTCT,0
GCCAGGTAGTAGGGTC,0
GCCAGGTCATTGTAGC,3
GCCAGGTGTAGGTACG,0
GCCAGGTGTCACTCTC,3
GCCAGGTGTCCTTGTC,1000
GCCAGGTGTGGAACCA,3
GCCAGGTTCCATAGAC,0
GCCAGGTTCTAACGGT,0
GCCAGTGAGAAGTCTA,0
GCCAGTGAGGAAAGTG,1000
GCCAGTGAGGGAGGTG,0
GCCAGTGAGTTCTACG,0
GCCAGTGAGTTTGCTG,0
GCCAGTGCAGCGAGTA,0
GCCAGTGGTAAGTTGA,1
GCCAGTGGTCCACTTC,1
GCCAGTGGTCGCAACC,0
GCCAGTGGTCGCACGT,0
GCCAGTGGTGTCCATA,0
GCCAGTGGTTTGCCGG,2
GCCAGTGTCACTACTT,0
GCCAGTGTCGGAACTT,0
GCCAGTGTCGGATAAA,0
GCCAGTGTCTCTATAC,0
GCCATGGAGATTAGTG,3
GCCATGGAGCAGCGAT,0
GCCATGGAGCCATATC,0
GCCATGGAGTTTGTCG,1000
GCCATGGCAACGATCT,0
GCCATGGCAAGTGCAG,0
GCCATGGCACTTCAGA,0
GCCATGGCAGACGATG,0
GCCATGGGTACAGAAT,0
GCCATGGGTCACCACG,0
GCCATGGGTCATCGCG,0
GCCATGGGTGCATTTG,0
GCCATGGGTGGTCAAG,0
GCCATGGGTTCAAGTC,0
GCCATTCAGAGCAGCT,0
GCCATTCAGCATTGAA,0
GCCATTCAGCTCATAC,0
GCCATTCAGGAGTATT,0
GCCATTCAGGGAACAA,0
GCCATTCCAAAGACGC,0
GCCATTCCACAGTATC,0
GCCATTCCAGCAGTCC,0
GCCATTCGTAACAGTA,0
GCCATTCGTATGACAA,0
GCCATTCGTCGGCACT,0
GCCATTCGTGCGGTAA,3
GCCATTCTCGAAGCCC,0
GCCATTCTCGCATAGT,1
GCCATTCTCGCGGTAC,0
GCCCAGAAGAGTTGTA,0
GCCCAGAAGTAACGAT,0
GCCCAGACACGCGTCA,0
GCCCAGACATAACCCA,0
GCCCAGAGTAGAGACC,0
GCCCAGAGTCTTCTAT,0
GCCCAGAGTGTCGCTG,1000
GCCCAGAGTTAAGCAA,0
GCCCAGATCAGTGTTG,1
GCCCGAAAGCCTGAGA,1
GCCCGAACAAGCGAAC,0
GCCCGAACACAGTGTT,0
GCCCGAACATAGAGGC,0
GCCCGAAGTCATCTAG,1000
GCCCGAAGTCCAGCCA,1000
GCCCGAAGTCGGAACA,1000
GCCCGAAGTTCGGTCG,3
GCCCGAAGTTTACTGG,0
GCCCGAATCAAGGCTT,0
GCCCGAATCCCGTAAA,0
GCCCGAATCTCATTTG,2
GCCCGAATCTGGTGCG,0
GCCGATGAGGGTTAGC,0
GCCGATGCAATTGAAG,3
GCCGATGCACTGGATT,2
GCCGATGCACTTTAGG,1000
GCCGATGCAGACAAAT,0
GCCGATGGTAACTAAG,0
GCCGATGGTGGCCACT,0
GCCGATGGTGGTTTGT,0
GCCGATGGTGTCCATA,0
GCCGATGGTTGCCGAC,0
GCCGATGTCCTGTTAT,0
GCCGATGTCGAAACAA,0
GCCGATGTCTATCGGA,1
GCCGTGAAGAGGTATT,2
GCCGTGAAGTTTCAGC,0
GCCGTGACAACGTTAC,0
GCCGTGACAAGAATGT,0
GCCGTGACACCCAATA,0
GCCGTGACACCGTGCA,0
GCCGTGACACTGGATT,0
GCCGTGAGTCTAGTGT,0
GCCGTGAGTGTTTCTT,0
GCCGTGATCACTTATC,3
GCCGTGATCAGTGTTG,0
GCCGTGATCCAACTAG,1000
GCCGTGATCGGTCAGC,1000
GCCTGTTAGACGACTG,0
GCCTGTTAGAGTCACG,0
GCCTGTTAGGCACTCC,2
GCCTGTTAGGCTAGCA,0
GCCTGTTAGTGAGTTA,0
GCCTGTTCAAACAGGC,0
GCCTGTTCAACATACC,0
GCCTGTTCAACGCCCA,0
GCCTGTTCAATCGCGC,1000
GCCTGTTCACAGCCAC,0
GCCTGTTCAGAGTGTG,1
GCCTGTTGTACGATTC,0
GCCTGTTGTACTCGAT,0
GCCTGTTGTGCATACT,0
GCCTGTTGTTTGGGAG,2
GCCTGTTTCGACACCG,0
GCCTGTTTCTCTCAAT,0
GCGAGAAAGATAGTGT,0
GCGAGAAAGTTTAGGA,0
GCGAGAACAAACACGG,0
GCGAGAACAAGCAATA,0
GCGAGAACAGAGAATT,0
GCGAGAACAGGATTCT,0
GCGAGAACATATCGGT,0
GCGAGAAGTACAAGTA,0
GCGAGAAGTCCGGTCA,3
GCGAGAATCCGCCTAT,0
GCGATCGAGAATCGCG,3
GCGATCGAGATCGCTT,0
GCGATCGAGATGTTGA,0
GCGATCGAGGCTAACG,0
GCGATCGAGTGCCGAA,0
GCGATCGCAAAGCGTG,3
GCGATCGCACATATGC,0
GCGATCGCAGACGATG,0
GCGATCGGTATCCTCC,0
GCGATCGGTATGCTTG,2
GCGATCGGTTCCCAAA,2
GCGATCGTCAAATGAG,0
GCGATCGTCACAAGGG,2
GCGATCGTCCTGATAG,0
GCGGAAAAGACAGCGT,0
GCGGAAAAGCTAATGA,0
GCGGAAAAGGCTTCCG,2
GCGGAAAAGTGCACAG,0
GCGGAAAAGTTGTAAG,0
GCGGAAACAAGTTCGT,1000
GCGGAAACAGAGATTA,0
GCGGAAACAGGAGGTT,0
GCGGAAACATTGCCTC,0
GCGGAAAGTACCGGAA,1000
GCGGAAAGTCCAAAGG,2
GCGGAAATCACAATGC,3
GCGGAAATCCTTCTTC,0
GCGGAAATCTAAACGC,0
GCGGAAATCTGGGCGT,1000
GCGGATCAGCAATAAC,0
GCGGATCAGCCTGCCA,0
GCGGATCAGGGCTAAC,0
GCGGATCAGGTCACAG,0
GCGGATCAGGTGCCAA,0
GCGGATCCATCAGCTA,0
GCGGATCCATCCTCAC,0
GCGGATCCATTGAGGG,0
GCGGATCGTACTAACC,0
GCGGATCGTCCGAAAG,1
GCGGATCGTCTGCCTT,3
GCGGATCGTTACGGAG,0
GCGGATCTCACTTGGA,1000
GCGGATCTCCGAGTGC,0
GCGGATCTCCTCACTG,0
GCGGATCTCGCAACAT,0
GCGTGCAAGCGGTAGT,1
GCGTGCAAGTCTCTGA,0
GCGTGCACAATTGGTC,1
GCGTGCACACCAAAGG,0
GCGTGCACATGCCGAC,2
GCGTGCACATTGCAAC,0
GCGTGCAGTCATATGC,0
GCGTGCAGTTCGGCCA,0
GCGTGCATCAACCGAT,0
GCGTGCATCACTACGA,2
GCGTGCATCATATGGC,1
GCGTGCATCCTCACCA,2
GCGTGCATCTGAGCAT,1
GCGTTTCAGCGCCGTT,2
GCGTTTCAGCTGCGAA,2
GCGTTTCCAAACAGGC,1000
GCGTTTCCACGACAAG,0
GCGTTTCCACTAACGT,0
GCGTTTCGTATCCCTC,0
GCGTTTCGTCCACGCA,0
GCGTTTCGTGCACAAG,0
GCGTTTCTCACTGGTA,0
GCGTTTCTCCGAGAAG,0
GCGTTTCTCGTAGGGA,0
GCTACAAAGTAGGATT,1
GCTACAAAGTTCGGTT,1000
GCTACAACAATACCTG,0
GCTACAACACGATTCA,2
GCTACAACATCCGAAT,1000
GCTACAAGTACAAAGT,0
GCTACAAGTATACCTG,0
GCTACAAGTCATAAAG,0
GCTACAAGTCGTAATC,0
GCTACAAGTCTCAGAT,1
GCTACAAGTTGCCGAC,0
GCTACAATCAAAGCCT,1000
GCTACAATCTACGCGG,1
GCTACCTAGACAGCGT,1
GCTACCTAGCACTCCG,0
GCTACCTAGCCACTCG,0
GCTACCTAGTTGCTGT,0
GCTACCTCAAGCTCTA,0
GCTACCTCACTGTCGG,0
GCTACCTCAGACTGCC,0
GCTACCTCAGGTCCGT,0
GCTACCTCATCAACCA,0
GCTACCTGTAGTCCTA,0
GCTACCTGTAGTCGTT,0
GCTACCTGTCACAATC,1000
GCTACCTTCAAAGGAT,0
GCTACCTTCAACTGAC,0
GCTACCTTCACTGTTT,1000
GCTACCTTCCTAAGTG,1000
GCTCAAAAGAAGCCAC,1000
GCTCAAAAGCGTCGAA,0
GCTCAAAAGCTACTGT,2
GCTCAAAAGGGATCGT,1
GCTCAAAAGTAGAGTT,0
GCTCAAACAAGGTCGA,0
GCTCAAACACACCTTC,0
GCTCAAACACTACCGG,0
GCTCAAAGTCCACTTC,0
GCTCAAAGTGTTATCG,0
GCTCAAAGTTGCATAC,0
GCTCAAATCAAGTAAG,0
GCTCAAATCAGGACGA,1
GCTCAAATCCTGTTGC,0
GCTGAATAGCGATGCA,1000
GCTGAATAGGTAGCCA,0
GCTGAATAGTGGATAT,1
GCTGAATCAAACTCGT,0
GCTGAATCAAGCGCAA,0
GCTGAATCACTGTCGG,0
GCTGAATCAGAGAATT,0
GCTGAATCATAATGCC,0
GCTGAATCATAGACTC,0
GCTGAATCATCGATAC,0
GCTGAATGTCCAACGC,0
GCTGAATGTGGCTGAA,0
GCTGAATGTTCCATTT,0
GCTGAATTCAGAGTGG,3
GCTGAATTCATCTGTT,0
GCTGAATTCCTCACGT,0
GCTGAATTCCTCATAT,3
GCTGAATTCGTCTCAC,0
GCTGAATTCTCATGCC,1000
GCTGAATTCTTTGCGC,2
GCTGCAGAGATACTGA,3
GCTGCAGAGTGGATTA,1
GCTGCAGAGTTAACAG,0
GCTGCAGCACGAGAAC,0
GCTGCAGCACGCTGCA,0
GCTGCAGCAGTACTAC,0
GCTGCAGCAGTCTACA,1
GCTGCAGCATTCAGCA,0
GCTGCAGGTACTGCGC,0
GCTGCAGGTCACTCTC,0
GCTGCAGGTGAGATTA,0
GCTGCAGTCCGGCAAC,0
GCTGCAGTCCTAAGTG,0
GCTGCAGTCTCAGGCG,0
GCTGCAGTCTCCAAGA,0
GCTGGGTAGACGACTG,1
GCTGGGTAGTAGACCG,0
GCTGGGTCAAGAGTTA,0
GCTGGGTCATAGATGA,0
GCTGGGTCATCTATCT,0
GCTGGGTGTGGAACCA,0
GCTGGGTGTTCCAAAC,0
GCTGGGTGTTCGGCGT,0
GCTGGGTTCGTGGCTG,0
GCTGGGTTCTGGTTGA,0
GCTTCACAGCCATTCA,0
GCTTCACAGCTACTAC,0
GCTTCACAGGAAGTAG,3
GCTTCACAGGACTGGT,0
GCTTCACAGGGATCGT,0
GCTTCACCAAAGAGTT,3
GCTTCACCAAATGGCG,0
GCTTCACCAACCGTGC,0
GCTTCACCACATAGCT,2
GCTTCACCATTAGGCT,2
GCTTCACGTCGTGATT,2
GCTTCACGTCGTGGTC,0
GCTTCACGTCTGCCTT,3
GCTTCACGTGTTAACC,0
GCTTCACGTTGTGCAT,0
GCTTCACTCAGTCATG,0
GCTTCACTCATCGCTC,0
GCTTCACTCCATAGGT,0
GCTTCACTCCTCACTG,2
GCTTGGGAGAAGTATC,0
GCTTGGGAGACCATGG,1000
GCTTGGGAGGCAGGTT,3
GCTTGGGAGGTACAGC,2
GCTTGGGAGGTACTGG,0
GCTTGGGCAATAGTAG,1
GCTTGGGCAATGAAAC,3
GCTTGGGCACGAGGTA,0
GCTTGGGCACGGAAGT,0
GCTTGGGCAGCAGTGA,0
GCTTGGGCAGCCATTA,0
GCTTGGGCAGTCAGAG,0
GCTTGGGGTAAGACCG,1
GCTTGGGGTTCCAGGC,0
GCTTTCGAGTCTCGTA,0
GCTTTCGCAACTCCCT,0
GCTTTCGCAATACAGA,1000
GCTTTCGCAGCATACT,0
GCTTTCGCAGTAGAAT,0
GCTTTCGCAGTCTGGC,3
GCTTTCGCATATGAAG,2
GCTTTCGCATGAAGCG,0
GCTTTCGGTGTACATC,1000
GCTTTCGGTGTGTGGA,0
GCTTTCGTCAGACAAA,0
GCTTTCGTCGTAACTG,1000
GCTTTCGTCTCTCTTC,0
GGAACCCAGCCGCACT,1000
GGAACCCAGGAACGAA,0
GGAACCCCAACCACGC,2
GGAACCCCACCATAAC,0
GGAACCCCAGAACTAA,2
GGAACCCCAGGCAATG,3
GGAACCCCATAATCGC,0
GGAACCCCATAGCACT,1
GGAACCCGTACGATCT,0
GGAACCCGTCAAACGG,0
GGAACCCGTCTCGGGT,0
GGAACCCTCAAAGGAT,3
GGAACCCTCAACACCA,3
GGAACCCTCATTCGGA,0
GGAACCCTCCCACAGG,1000
GGAACCCTCCGTGTAA,0
GGAAGTGAGCGGACAT,3
GGAAGTGAGCTCGTGC,0
GGAAGTGAGGAGAGGC,0
GGAAGTGAGGAGCTGT,0
GGAAGTGAGGATCATA,1000
GGAAGTGAGGTTGACG,0
GGAAGTGCACTGCATA,0
GGAAGTGCAGTTCTAG,0
GGAAGTGCATGAGAAT,2
GGAAGTGGTACAAAGT,0
GGAAGTGGTACGGATG,0
GGAAGTGGTTCCAGGC,2
GGAAGTGGTTTCCAAG,1000
GGAAGTGTCCATCGTC,1000
GGAAGTGTCGAGAGCA,2
GGAAGTGTCGATACAC,0
GGAATCTAGGATTTAG,3
GGAATCTAGGCTAAAT,0
GGAATCTAGGGTCAAC,0
GGAATCTAGGTAACTA,0
GGAATCTAGTCAGCGA,0
GGAATCTCAACTCATG,3
GGAATCTCAAGCAGGT,0
GGAATCTCACTGAGGA,2
GGAATCTCACTTGAGT,0
GGAATCTCAGAAACCG,0
GGAATCTCATGGCGCT,0
GGAATCTGTACTGTTG,0
GGAATCTGTCATTCCC,2
GGAATCTGTCCTGTTC,0
GGAATCTGTTGCCATA,0
GGAATCTGTTGGGTTT,0
GGAATCTTCGACCATA,0
GGAATCTTCGTGCGAC,1
GGAATCTTCGTGGGTC,0
GGAATCTTCGTTTACT,0
GGAATGGAGCCTCACG,0
GGAATGGAGGTTCATC,0
GGAATGGAGTGAGGTC,1
GGAATGGCAATCGCCG,0
GGAATGGCACCAGCGT,2
GGAATGGCACTCCGGA,0
GGAATGGCATGGAATA,3
GGAATGGGTAGCTGTT,0
GGAATGGGTATCGGTT,0
GGAATGGGTCGCATGC,0
GGAATGGGTTGCAACT,0
GGAATGGTCCTACCGT,3
GGAATGGTCCTTGAAG,1
GGAATGGTCGCGGTAC,0
GGAATGGTCGCTCTAC,0
GGACGTCAGAAGCCAC,0
GGACGTCAGATAGCAT,0
GGACGTCAGCCGGAAT,1000
GGACGTCAGTAGACAT,0
GGACGTCAGTTTCGGT,1
GGACGTCCACGCCACA,0
GGACGTCGTCAAGGCA,0
GGACGTCGTCGGTGTC,0
GGAGAACAGAGGCTGT,0
GGAGAACAGCAATTCC,1000
GGAGAACCAATTGTGC,0
GGAGAACCACCCGTAG,0
GGAGAACCACCCTTAC,0
GGAGAACCAGGTTCCG,2
GGAGAACCAGTTAGGG,0
GGAGAACCATCCGATA,0
GGAGAACCATGCGTGC,0
GGAGAACGTAGGCTCC,0
GGAGAACGTATGGTTC,2
GGAGAACGTCTTGCTC,0
GGAGAACGTGTCTAAC,0
GGAGAACGTTCTTGTT,0
GGAGAACTCAGATGCT,1000
GGAGATGAGACTGGGT,0
GGAGATGAGCGCTGAA,0
GGAGATGAGTCATACC,0
GGAGATGCACGCGTGT,2
GGAGATGCATGTTTGG,1
GGAGATGGTCCGAAGA,0
GGAGATGGTTCCTAGA,1000
GGAGATGGTTGGTGTT,3
GGAGATGTCTCGTTTA,0
GGAGATGTCTTTGATC,1
GGAGCAAAGAGCAGAA,2
GGAGCAAAGAGGCGTT,0
GGAGCAAAGATTGTGA,3
GGAGCAAAGCTACAAA,0
GGAGCAAAGTGCAGGT,1000
GGAGCAAAGTTACTCG,1000
GGAGCAACAACTAGAA,0
GGAGCAACACAGTCCG,1
GGAGCAACAGTTTCGA,0
GGAGCAAGTAGGTTTC,3
GGAGCAAGTCACGCTG,0
GGAGCAAGTCGACTTA,0
GGAGCAAGTCGGCCTA,0
GGAGCAAGTGAGACCA,0
GGAGCAAGTTAGTCGT,0
GGAGCAATCAACTGAC,0
GGAGCAATCCAAGAGG,0
GGAGCAATCCGGTAAT,0
GGAGGATAGAACAAGG,0
GGAGGATAGCAGAAAG,2
GGAGGATAGCCTGAGA,0
GGAGGATAGTCTTGGT,2
GGAGGATCACGCTGTG,0
GGAGGATCACTGTCGG,1
GGAGGATCAGAGAAAG,0
GGAGGATCAGTTAGGG,0
GGAGGATCATGACGAG,0
GGAGGATCATTACGGT,0
GGAGGATTCCTCACTG,0
GGAGGATTCGGAATTC,2
GGAGGTAAGATTGGGC,2
GGAGGTAAGATTTGCC,1
GGAGGTAAGGCATCAG,0
GGAGGTAAGTTTCGGT,0
GGAGGTACAACGATCT,0
GGAGGTACACAAGTTC,1
GGAGGTACACAGTCCG,0
GGAGGTACACTAACGT,3
GGAGGTACAGAGGACT,3
GGAGGTACAGATTTCG,1000
GGAGGTAGTACTAACC,0
GGAGGTAGTATGACAA,0
GGAGGTAGTCCCAAAT,0
GGAGGTAGTCCGGACT,0
GGAGGTAGTCGTTTCC,0
GGAGGTAGTCTACAGT,0
GGAGGTAGTTCCAGGC,0
GGAGGTAGTTCTTGCC,0
GGAGGTATCCTTTAGT,2
GGAGGTATCGATTCCC,0
GGAGGTATCGGTCGGT,0
GGAGGTATCTAACGGT,0
GGATCTAAGCAAACAT,1000
GGATCTAAGTGGATTA,0
GGATCTACAAACCATC,1000
GGATCTACAACGCCCA,0
GGATCTACACAATCTG,3
GGATCTACACATACGT,0
GGATCTACACTCTCGT,1000
GGATCTACATACCATG,0
GGATCTACATAGATCC,3
GGATCTAGTAACATCC,0
GGATCTAGTATCGTTG,2
GGATCTAGTATTGAGA,0
GGATCTAGTCCTACAA,0
GGATCTAGTGATTCAC,1
GGATCTAGTGGTCCGT,2
GGATCTATCCATAGAC,0
GGATGTTAGGAACGCT,0
GGATGTTAGTAGGCCA,0
GGATGTTAGTCCCAGC,3
GGATGTTAGTCTGTAC,0
GGATGTTAGTGCAGCA,0
GGATGTTCACGGCTAC,0
GGATGTTCATATGAAG,0
GGATGTTGTACTCGAT,2
GGATGTTGTAGAATGT,0
GGATGTTGTCAGATTC,3
GGATGTTGTCCACACG,1000
GGATGTTGTCCGGATC,0
GGATGTTGTCGGTAAG,2
GGATGTTGTGCACATT,0
GGATGTTGTGGGAGAG,3
GGATGTTGTTCCAAAC,0
GGATGTTGTTGCGTAT,0
GGATGTTGTTGCTAGT,0
GGATGTTTCGGTCGAC,0
GGCACGTCAATACGCT,1
GGCACGTCACCGCTGA,2
GGCACGTCACCGGCTA,0
GGCACGTCAGACGCTC,0
GGCACGTCAGGCACTC,0
GGCACGTCAGTTACCA,0
GGCACGTGTATCAGCT,0
GGCACGTTCAAGAAAC,0
GGCACGTTCAGACCCG,0
GGCACGTTCCCTTCCC,0
GGCACGTTCTGGACCG,0
GGCAGTCAGACCAACG,0
GGCAGTCAGACCATTC,0
GGCAGTCAGAGAGAAC,0
GGCAGTCAGATGAAGG,0
GGCAGTCAGCATCCCG,0
GGCAGTCAGTAACAGT,0
GGCAGTCAGTATGGCG,0
GGCAGTCCAACGTAAA,0
GGCAGTCCAAGTACCT,2
GGCAGTCCAATAGGGC,1000
GGCAGTCCAGTCGTTA,0
GGCAGTCCATATGGCT,0
GGCAGTCGTAGGGTAC,0
GGCAGTCGTTAGCGGA,3
GGCAGTCGTTGGGACA,0
GGCAGTCGTTTGCCGG,0
GGCAGTCTCGCCGAGT,0
GGCGTCAAGACCAGAC,0
GGCGTCAAGACGCTCC,0
GGCGTCAAGCCAGAGT,0
GGCGTCAAGGTGCCAA,0
GGCGTCACACCTTCCA,0
GGCGTCACACGTCGTG,2
GGCGTCACAGAAACCG,0
GGCGTCACATGCAGCC,0
GGCGTCAGTACAGTTC,3
GGCGTCAGTCCAGAAG,0
GGCGTCAGTCGCTTAA,3
GGCGTCAGTGCAACGA,0
GGCGTCAGTGCCTATA,3
GGCGTCAGTGCGGATA,3
GGCGTCAGTGTTCAGT,0
GGCGTCAGTTCAAAGA,2
GGCGTCATCCCAAGTA,0
GGCGTCATCCCTTCCC,0
GGCGTCATCGACATTG,1
GGCGTCATCTCCACTG,0
GGCGTCATCTCTCAAT,0
GGCGTCATCTCTCGCA,0
GGCTGTGAGGATTACA,2
GGCTGTGAGGCTCTCG,0
GGCTGTGCAACATCGT,3
GGCTGTGCAGCTCCTT,0
GGCTGTGCAGGATGAC,0
GGCTGTGGTAACATGA,1000
GGCTGTGGTCGCAACC,0
GGCTGTGGTTAAGAAC,0
GGCTGTGGTTCCAGGC,0
GGCTGTGTCACCGACG,0
GGCTGTGTCGGCATAT,0
GGCTGTGTCTCCGAGG,0
GGCTGTGTCTCCTGAC,0
GGCTTGGAGACATATG,0
GGCTTGGAGACGCATG,0
GGCTTGGAGGCCTAAG,0
GGCTTGGAGGTCCCTG,0
GGCTTGGAGTATCTGC,0
GGCTTGGCACACGCCA,0
GGCTTGGCACGTCATA,0
GGCTTGGCATGGGCAA,0
GGCTTGGGTACGATTC,0
GGCTTGGGTCATCGCG,0
GGCTTGGGTCCGATCG,0
GGCTTGGGTCGAAGCA,0
GGCTTGGGTCGCATCG,2
GGCTTGGGTTAGGACG,0
GGCTTGGTCAGGTAAA,0
GGCTTTCAGGAATTAC,3
GGCTTTCAGGAGCTGT,2
GGCTTTCAGTCAAGCG,0
GGCTTTCCAGCTGTAT,0
GGCTTTCGTAACACCT,0
GGCTTTCGTCTGGTTA,0
GGCTTTCGTTATGTCG,0
GGCTTTCTCATAGGCT,0
GGCTTTCTCCGAACGC,0
GGCTTTCTCGGTGTTA,0
GGGAAGTCAAAGGGCT,2
GGGAAGTCAACAAGAT,0
GGGAAGTCAAGAGGTC,0
GGGAAGTCAATTCTTC,0
GGGAAGTCACAATGCT,0
GGGAAGTCACCTGCGA,0
GGGAAGTCAGATCCAT,0
GGGAAGTCATCAGCTA,0
GGGAAGTGTCTTCATT,1
GGGAAGTGTGATACTC,0
GGGAAGTGTGTAGCAG,0
GGGAAGTTCAAAGGTA,1000
GGGAAGTTCACTGCTC,1
GGGAAGTTCAGAACCT,0
GGGAAGTTCATGAGAA,0
GGGAAGTTCTAATTCC,0
GGGACAAAGAAGTCCG,0
GGGACAAAGACCTCCG,0
GGGACAAAGCACTCCG,0
GGGACAAAGCCAAGTG,1
GGGACAAAGCGTTAGG,2
GGGACAAAGCTGACCC,0
GGGACAAAGGTTCTAC,0
GGGACAACAGCAGAAC,0
GGGACAAGTCGACGCT,0
GGGACAAGTGAGGATC,0
GGGACAAGTGGAGAAA,0
GGGACAAGTTCTTCAT,0
GGGACAATCAAGTCGT,0
GGGACAATCATGGAGG,0
GGGACAATCCTGGTCT,0
GGGACAATCGAAGGAC,0
GGGACAATCGGTGCAC,0
GGGACAATCGTTCAGA,0
GGGACCTAGACGCTCC,0
GGGACCTAGGATGAGA,0
GGGACCTAGTCAGCGA,0
GGGACCTCAAGGTACG,2
GGGACCTCACCGAATT,0
GGGACCTCAGGAATAT,0
GGGACCTCAGTCGTTA,1
GGGACCTGTGGACCAA,0
GGGACCTGTTTCACAG,2
GGGACCTTCGCTTAAG,0
GGGACCTTCGGTAACT,0
GGGACTCAGACTTAAG,0
GGGACTCAGCAGCGAT,0
GGGACTCAGTGGACTG,0
GGGACTCCAACTTGGT,2
GGGACTCCAATCAGCT,0
GGGACTCCACTTGGGC,0
GGGACTCCAGTCGGTC,0
GGGACTCCATACCGTA,0
GGGACTCGTCTTCATT,0
GGGACTCGTGAGCTCC,2
GGGACTCTCCATTTGT,1
GGGACTCTCCTTGGAA,3
GGGAGATAGGAGATAG,1
GGGAGATAGGGAGGCA,0
GGGAGATAGGTCATAA,1000
GGGAGATAGGTTCTTG,0
GGGAGATCAATACAGA,0
GGGAGATCAATCAAGA,1000
GGGAGATCAGTTGTCA,0
GGGAGATCATGTCGTA,0
GGGAGATGTGAGTAAT,0
GGGAGATGTGTATTGC,0
GGGAGATGTTGGCCTG,2
GGGAGATTCACGGGAA,1000
GGGAGATTCACTAGCA,0
GGGAGATTCCATCTGC,0
GGGAGATTCCTCTTTC,0
GGGAGATTCGCGTGCA,0
GGGAGATTCTACGGTA,1000
GGGAGATTCTAGCATG,0
GGGAGATTCTAGGAAA,0
GGGAGATTCTGACCCT,0
GGGAGTAAGGGAGGCA,2
GGGAGTAAGTAACGAT,1000
GGGAGTAAGTCGGCCT,0
GGGAGTACAAACCACT,0
GGGAGTACAGACACAG,2
GGGAGTAGTCGCGTCA,1000
GGGAGTAGTGGATCAG,1000
GGGAGTAGTTGGCCTG,0
GGGAGTATCACCCATC,0
GGGAGTATCATCACTT,1000
GGGAGTATCGGCGATC,3
GGGAGTATCTCTTGCG,0
GGGATCCAGGCCGCTT,0
GGGATCCAGGGAGGAC,1000
GGGATCCAGTCTGCGC,1
GGGATCCCACGCTGAC,0
GGGATCCCAGGCCTGT,0
GGGATCCGTAGTCTGT,1000
GGGATCCGTCAGCTTA,1
GGGATCCGTCCTGTCT,0
GGGATCCGTCTCTCCA,2
GGGATCCGTGTTTCTT,0
GGGATCCTCCGTTTCG,2
GGGATCCTCGACACTA,0
GGGATCCTCGACGACC,0
GGGATCCTCGATGCTA,0
GGGATCCTCGCGTTTC,2
GGGATCCTCTACCAGA,3
GGGATGAAGAACGCGT,0
GGGATGAAGAAGCTGC,3
GGGATGAAGATTGGGC,0
GGGATGAAGCTGACTT,0
GGGATGAAGTACGAGC,0
GGGATGAAGTTCAACC,0
GGGATGACAAACGGCA,0
GGGATGACAAATGCTC,0
GGGATGACAGAAACCG,0
GGGATGACAGTGAGCA,1000
GGGATGACATAGGAGC,3
GGGATGACATGCCGGT,0
GGGATGAGTTCAGCGC,0
GGGATGATCAGGGTAG,0
GGGATGATCCACTGGG,0
GGGATGATCCTTCAGC,0
GGGATGATCGGTTGTA,0
GGGATGATCTACACAG,3
GGGCCATAGGCAATGC,0
GGGCCATAGGTCGTAG,0
GGGCCATCAGAGTGAC,1000
GGGCCATCATCGGTTA,3
GGGCCATCATCGTGGC,3
GGGCCATCATGCCGGT,1000
GGGCCATGTACCATAC,0
GGGCCATGTACTCAAC,0
GGGCCATGTAGTCCTA,0
GGGCCATGTATGAGGC,0
GGGCCATGTGCATCTA,0
GGGCCATGTTGGGACA,1
GGGCCATTCCTCTTTC,0
GGGCCATTCGGTAACT,0
GGGCGTTAGAGCATTA,0
GGGCGTTCAGACGATG,0
GGGCGTTCAGGTCTCG,0
GGGCGTTCATGACCCG,0
GGGCGTTCATGACTGT,0
GGGCGTTGTATCCCAA,2
GGGCGTTGTATTCTCT,1000
GGGCGTTGTGATAGAT,2
GGGCGTTGTGGAAATT,0
GGGCGTTGTGTTGCCG,0
GGGCGTTTCATAGACC,0
GGGCGTTTCCCGTAAA,1000
GGGCGTTTCGAACGCC,0
GGGCGTTTCGTGACTA,0
GGGCGTTTCTATGCCC,0
GGGCGTTTCTTCGCTG,0
GGGCTACAGACTCATC,0
GGGCTACAGCGTTGTT,0
GGGCTACCAATGTCTG,3
GGGCTACCACGGAAGT,0
GGGCTACCAGGAAGTC,0
GGGCTACGTATTGGCT,0
GGGCTACGTCCGACGT,0
GGGCTACGTCCGATCG,0
GGGCTACGTGCACAAG,0
GGGCTACGTGGTGATG,2
GGGCTACGTTAGAAAC,0
GGGCTACTCCATGAGT,0
GGGCTACTCCCTTGGT,1
GGGCTACTCCTTCTTC,1
GGGCTACTCGAACGCC,2
GGGCTACTCGATACGT,1
GGGCTACTCTCTTAAC,0
GGGCTCAAGACATATG,0
GGGCTCAAGAGGGTGG,0
GGGCTCAAGTGGATTA,0
GGGCTCACACGGTGTC,1
GGGCTCACACTAGGCC,0
GGGCTCACAGAACTAA,0
GGGCTCACAGACCGCT,3
GGGCTCACAGAGAATT,0
GGGCTCAGTACGGCAA,0
GGGCTCAGTGTGATGG,2
GGGCTCAGTTATCTGG,1000
GGGTAGAAGAAATGGG,0
GGGTAGAAGGTAATCA,0
GGGTAGACAGGCCTGT,0
GGGTAGACATGGCCAC,0
GGGTAGAGTAGCCAGA,2
GGGTAGAGTGAGTAGC,0
GGGTAGAGTGGTCTCG,0
GGGTAGATCATGCATG,0
GGGTAGATCATTACGG,0
GGGTAGATCCACGGAC,0
GGGTAGATCGTACACA,0
GGGTAGATCGTCAACA,1
GGGTATTAGAGTGGCT,0
GGGTATTAGGTCACTT,1000
GGGTATTAGGTCATCT,0
GGGTATTAGGTGATCG,0
GGGTATTCACCTTCGT,1000
GGGTATTGTATGGAGC,0
GGGTATTGTGATACCT,0
GGGTATTGTGTGGTCC,0
GGGTATTGTGTGTGGA,3
GGGTATTTCTCGACGG,0
GGGTATTTCTCGCCTA,0
GGGTCACAGGCTGTAG,0
GGGTCACAGTTGCTGT,0
GGGTCACCAAATAGCA,0
GGGTCACGTATCGAAA,0
GGGTCACGTCCCGCAA,0
GGGTCACGTCGCGGTT,0
GGGTCACGTGCTCGTG,0
GGGTCACGTTTACTTC,3
GGGTCACTCCATACTT,0
GGGTCACTCCCGAGGT,1000
GGGTCACTCCGACATA,0
GGGTCACTCGCTTAAG,2
GGGTCACTCTCTCAAT,3
GGGTCTGAGAAGAACG,0
GGGTCTGCAAAGGCAC,1000
GGGTCTGCAAGGTTGG,0
GGGTCTGCACACGGTC,2
GGGTCTGCACCAGCTG,2
GGGTCTGCACCATAAC,1000
GGGTCTGCACGCCACA,3
GGGTCTGCACGTCTCT,0
GGGTCTGCAGTCCGTG,0
GGGTCTGCATACTTTC,0
GGGTCTGCATATACCG,1
GGGTCTGCATGAAAGT,1
GGGTCTGCATTAAGCC,0
GGGTCTGGTCACCTTC,0
GGGTCTGGTTTCGACA,0
GGGTCTGGTTTGCAGT,0
GGGTCTGTCAAACCTG,2
GGGTCTGTCCATCACC,3
GGGTCTGTCGCAATTG,0
GGGTCTGTCTCGGTCT,3
GGGTGAAAGGATTACA,3
GGGTGAAAGGTATAGT,2
GGGTGAAAGTTTGTCG,0
GGGTGAACAAGACTGG,0
GGGTGAACACAATGAA,0
GGGTGAACACGACCTG,0
GGGTGAACACGGCCAT,0
GGGTGAACATTACTCT,2
GGGTGAAGTGCATTTG,2
GGGTGAATCCCTTCCC,2
GGGTGAATCCTACCAC,0
GGGTGAATCGAGCACC,2
GGGTGAATCGTGGGAA,0
GGGTGTCAGAGGTATT,2
GGGTGTCAGATGTAGT,0
GGGTGTCAGATTGAGT,0
GGGTGTCAGGATTACA,0
GGGTGTCCAACTGGTT,0
GGGTGTCCACGAGAAC,1
GGGTGTCGTGGACCAA,0
GGGTGTCGTGTCATTG,0
GGGTGTCGTTGCAAGG,1
GGGTGTCGTTGGGAAC,1000
GGGTGTCGTTTCCCAC,1
GGGTGTCTCGTAGCCG,0
GGGTTATAGCGAATGC,3
GGGTTATAGGACAACC,2
GGGTTATAGGTAGCCA,0
GGGTTATAGGTCACAG,1000
GGGTTATAGTGATAGT,0
GGGTTATCACCTGCTT,0
GGGTTATCACGACAAG,0
GGGTTATCACTCAAGT,1
GGGTTATCACTGAGGA,1000
GGGTTATGTACAAGTA,0
GGGTTATGTATACCTG,2
GGGTTATGTATTTCGG,0
GGGTTATGTCGAATGG,0
GGGTTATGTCGTGGTC,3
GGGTTATGTGACCTGC,3
GGGTTATGTTCTCTAT,2
GGGTTATTCACCCTCA,0
GGGTTATTCATCGCAA,0
GGGTTATTCGACCCAG,0
GGGTTATTCGCCGAAC,1000
GGGTTTAAGAGCGACT,2
GGGTTTAAGGATTCCT,3
GGGTTTAAGTCATGGG,1
GGGTTTACAAAGGCAC,3
GGGTTTACAATTAGGA,0
GGGTTTACACTTGACA,0
GGGTTTACATCTCAAG,0
GGGTTTAGTGGGACAT,0
GGGTTTAGTTCCGCGA,3
GGGTTTAGTTGATGTC,0
GGGTTTATCGTCGATA,0
GGGTTTATCTGCTCTG,0
GGTAACTAGGCCTTGC,0
GGTAACTCATACAGAA,0
GGTAACTGTAGAGACC,0
GGTAACTGTCCTTTGC,0
GGTAACTGTCTGGTTA,0
GGTAACTTCGACATCA,2
GGTAACTTCGGCTATA,3
GGTAACTTCGGTCTGG,1
GGTAACTTCTCATGCC,0
GGTAATCAGTCTAACC,0
GGTAATCCAACAGCCC,0
GGTAATCCAACTCCCT,0
GGTAATCCACGCTGCA,3
GGTAATCCATAATGCC,0
GGTAATCGTAAGTAGT,0
GGTAATCGTAGCACAG,0
GGTAATCGTCCTGTTC,0
GGTAATCGTCGAGTGA,0
GGTAATCGTGCCTACG,0
GGTAATCTCAAATGCC,0
GGTAATCTCGCGTGCA,1
GGTAATCTCGGCTGGT,0
GGTAATCTCGTCGGGT,0
GGTAGAGAGAGGTATT,1
GGTAGAGAGATAACAC,3
GGTAGAGAGATACATG,0
GGTAGAGAGCTTGTGT,2
GGTAGAGAGGCTTTCA,0
GGTAGAGAGGTCATTC,0
GGTAGAGAGTCATGCT,1
GGTAGAGCAACTGATC,2
GGTAGAGCAAGAATAC,0
GGTAGAGCATAGGTTC,0
GGTAGAGCATTCTCCG,1000
GGTAGAGGTACCGGCT,0
GGTAGAGGTCACTCAA,0
GGTAGAGGTCAGTCCG,0
GGTAGAGTCAAGTCGT,0
GGTAGAGTCCACTTCG,2
GGTAGAGTCCGAACGC,3
GGTAGAGTCCGCAAAT,1000
GGTAGAGTCCTAGCCT,1000
GGTAGAGTCCTTATAC,1000
GGTAGAGTCTACCCAC,2
GGTAGAGTCTCTGCCA,1000
GGTAGAGTCTTTCTAG,0
GGTCACGAGGGCCCTT,0
GGTCACGCACGACAGA,1
GGTCACGCATGCTGCG,0
GGTCACGGTCAACACT,1
GGTCACGGTCAGGTGA,0
GGTCACGGTGTGCCTG,0
GGTCACGGTTCGGACC,2
GGTCACGTCAAGTAAG,0
GGTCACGTCAGGACAG,0
GGTCACGTCCCTCGTA,1000
GGTCACGTCGACATCA,3
GGTCACGTCTATCGCC,3
GGTCACGTCTTGAGCA,0
GGTCTGGAGGTAGCCA,0
GGTCTGGAGTAGTCAA,1000
GGTCTGGAGTATGTAG,0
GGTCTGGAGTCCTACA,0
GGTCTGGCAACCCGCA,2
GGTCTGGCAATCGTCA,0
GGTCTGGCACAGTGTT,0
GGTCTGGCACGACGAA,0
GGTCTGGCACTGAGGA,2
GGTCTGGGTAACACGG,0
GGTCTGGGTCAGATTC,1
GGTCTGGGTCGGCTAC,0
GGTCTGGTCACCGGGT,2
GGTCTGGTCATGCTAG,0
GGTCTGGTCCCTTCCC,0
GGTCTGGTCGTTCCCA,0
GGTGAAGAGACTTAAG,1
GGTGAAGAGGAAAGAC,0
GGTGAAGAGGGAGAAT,0
GGTGAAGAGGTCACAG,3
GGTGAAGCAACTTGGT,1000
GGTGAAGCACAACGTT,0
GGTGAAGCACCCGTAG,1
GGTGAAGCAGGCATGA,0
GGTGAAGCATGTCAGT,0
GGTGAAGGTACCGTGC,1000
GGTGAAGGTATCGTGT,0
GGTGAAGGTCAAGCGA,0
GGTGAAGGTCCCTGTT,0
GGTGAAGGTCGTCAGC,0
GGTGAAGGTCTCACGG,0
GGTGAAGGTGGCTTGC,0
GGTGAAGGTTAGCTAC,0
GGTGAAGTCACAGTGT,0
GGTGAAGTCTAATTCC,3
GGTGAAGTCTTAGGAC,0
GGTGATTAGCATTGAA,0
GGTGATTAGTGTTCCA,2
GGTGATTCAAAGGAGA,0
GGTGATTCAATAACCC,0
GGTGATTCACCTAAAC,0
GGTGATTGTGAGAACC,2
GGTGATTGTGGCTAGA,2
GGTGATTGTTACAGCT,0
GGTGATTTCACAAGGG,2
GGTGATTTCACGTCCT,0
GGTGATTTCCGGTTCT,0
GGTGATTTCGGTGTAT,0
GGTGATTTCGTGGGTC,0
GGTGATTTCTCTCGAC,1
GGTGGCTAGCACCAGA,0
GGTGGCTCAAGACTGG,1000
GGTGGCTCAATTGCGT,0
GGTGGCTCACACGTGC,2
GGTGGCTCAGCCGTCA,1000
GGTGGCTCAGGTGAGT,0
GGTGGCTGTAACTTCG,0
GGTGGCTGTAGCTGTT,0
GGTGGCTGTTAAGTCC,0
GGTGGCTGTTCCTAGA,0
GGTGGCTTCCGTGGGT,0
GGTGGCTTCGCTCTAC,3
GGTGTCGAGACTGTTC,0
GGTGTCGAGCTGCCTG,0
GGTGTCGAGGAAAGAC,0
GGTGTCGAGTCATCGT,0
GGTGTCGAGTTGCGAG,1
GGTGTCGCACTCCTTG,3
GGTGTCGCAGTGGCTC,3
GGTGTCGGTGACCGAA,1000
GGTGTCGGTTGCAACT,2
GGTGTCGTCACTGAAC,0
GGTGTCGTCCTTATAC,0
GGTGTCGTCGATGCAT,0
GGTGTCGTCTAGACAC,2
GGTGTCGTCTAGGCCG,0
GGTGTCGTCTGGAGAG,0
GGTGTTAAGAATCGCG,0
GGTGTTAAGAGAGTTT,3
GGTGTTAAGAGGGCGA,2
GGTGTTAAGTGAGTTA,0
GGTGTTAAGTTCGGTT,0
GGTGTTACAAGGATGC,1
GGTGTTACACAATGAA,0
GGTGTTACAGCGGTCT,1000
GGTGTTACATGGTGGA,1
GGTGTTAGTCTAATCG,0
GGTGTTAGTGCAGTGA,0
GGTGTTAGTTGGGACA,0
GGTGTTATCCCGTGAG,0
GGTTAACAGCTCCATA,0
GGTTAACAGGAGTATT,0
GGTTAACAGTGGACGT,0
GGTTAACCAACACGAG,3
GGTTAACCAACTGCTA,0
GGTTAACCACGCTTAA,1000
GGTTAACCAGGAGGAG,0
GGTTAACCAGGCCTGT,0
GGTTAACCATCTATCT,0
GGTTAACGTAGAGATT,0
GGTTAACGTCCCGCAA,0
GGTTAACGTGCACATT,0
GGTTAACTCCACGGGT,0
GGTTAACTCCATACTT,3
GGTTAACTCCGCAAAT,0
GGTTAACTCGCGTGAC,0
GGTTAACTCTCTGACC,0
GGTTAACTCTTAGCAG,0
GGTTCTCAGAAGCGGG,0
GGTTCTCAGACGACGT,0
GGTTCTCAGCAACTTC,0
GGTTCTCAGTGAACAT,3
GGTTCTCAGTTGCATC,0
GGTTCTCCAAATGCGG,0
GGTTCTCCAGACGGAT,1
GGTTCTCCAGAGTAAT,0
GGTTCTCGTATGGTTC,0
GGTTCTCGTCCTGAAT,0
GGTTCTCGTCTTGAAC,0
GGTTCTCGTTAAGAAC,0
GGTTCTCGTTAGGCCC,0
GGTTCTCTCAGCAGAG,1
GGTTCTCTCCTTCGAC,1000
GGTTCTCTCGCAACAT,0
GGTTCTCTCGGTGCAC,3
GGTTCTCTCTCGTGGG,0
GGTTCTCTCTGGGCCA,0
GGTTCTCTCTGGTTCT,0
GGTTGTAAGCGCAATG,0
GGTTGTAAGGAGGGTG,1000
GGTTGTAAGTCACTAC,1
GGTTGTAAGTCTCGTA,0
GGTTGTACAAATACGA,2
GGTTGTACAGAGCCCT,0
GGTTGTACAGAGTGAC,3
GGTTGTACAGCATTGT,0
GGTTGTAGTAACGGTG,0
GGTTGTAGTCGGCCTA,0
GGTTGTATCCCAAGCG,2
GGTTGTATCCTAAGTG,0
GGTTGTATCGGACAAG,3
GGTTGTATCTCCTACG,0
GGTTGTATCTGTCGCT,1000
GTAACACAGATAACGT,1
GTAACACAGCCTCTCT,0
GTAACACCACACGCCA,0
GTAACACCACAGTCGC,0
GTAACACCAGAACTCT,0
GTAACACGTAGCTCGC,1000
GTAACACGTATTCCTT,1
GTAACACGTCCACTTC,0
GTAACACGTGTTTCTT,0
GTAACACTCAGAATAG,0
GTAACACTCCGAAGGA,0
GTAACACTCGATCCAA,0
GTAACACTCGCAAGAG,0
GTAACACTCGTGGACC,0
GTAACACTCTACCACC,0
GTAACCACACTGTTCC,0
GTAACCACAGCCCAGT,1
GTAACCACAGCGAGTA,0
GTAACCACAGCTCTGG,1000
GTAACCACATCATTGG,0
GTAACCAGTCCACTTC,0
GTAACCAGTCCCGTGA,0
GTAACCATCAAATGCC,1000
GTAACCATCACCGACG,0
GTAACCATCCCAACTC,0
GTAACCATCCGGTTCT,1000
GTAACCATCTCATAGG,0
GTAACCATCTCATTTG,0
GTAAGTCAGAGGCGTT,0
GTAAGTCAGCCAAGGT,0
GTAAGTCAGCGAAACC,0
GTAAGTCAGCGACTTT,2
GTAAGTCAGGAACGAA,0
GTAAGTCAGGAGGCAG,1000
GTAAGTCAGGTATTGA,0
GTAAGTCAGTGGTGGT,0
GTAAGTCCAACCGATT,0
GTAAGTCCAATTCTCT,0
GTAAGTCCAGCCGTTG,0
GTAAGTCCATATTCGG,0
GTAAGTCCATGACACT,0
GTAAGTCGTAACTAAG,1000
GTAAGTCGTGACAACG,0
GTAAGTCGTGATATAG,0
GTAAGTCGTGTAAACA,0
GTAAGTCGTTCGAAGG,2
GTAAGTCTCCGTCAAA,0
GTAAGTCTCGATAACC,1000
GTAAGTCTCGTAGGGA,0
GTAATCGAGAACGCGT,2
GTAATCGAGATACGAT,0
GTAATCGAGCAACTCT,1
GTAATCGAGCCGCACT,0
GTAATCGAGGACTATA,0
GTAATCGAGGTTCATC,2
GTAATCGAGTAGACAT,0
GTAATCGAGTATAGGT,3
GTAATCGCAAGTTCCA,0
GTAATCGCACTTTAGG,2
GTAATCGCATGAGAAT,0
GTAATCGGTCACAGTT,0
GTAATCGGTCACCCTT,0
GTAATCGTCACTGGGC,0
GTAATCGTCAGATGCT,0
GTAATCGTCGTGGGTC,0
GTAATCGTCTCGTGGG,3
GTAATGCAGCGCCTAC,0
GTAATGCAGGGAGTTC,0
GTAATGCAGTGACCTT,0
GTAATGCCAAACCATC,0
GTAATGCCAAGTATCC,1
GTAATGCCACTATCGA,0
GTAATGCCAGGCCCTA,1000
GTAATGCGTAAGCTCT,1
GTAATGCGTCTTAGTG,0
GTAATGCGTTACGGAG,0
GTAATGCTCCTCATAT,3
GTAATGCTCGCAACAT,0
GTAATGCTCGCCACTT,2
GTAATGCTCGCGGACT,3
GTAATGCTCGCTTTAT,0
GTAATGCTCGTAGAGG,0
GTACAACAGACGCCCT,0
GTACAACAGTAGGTTA,0
GTACAACAGTATAGGT,0
GTACAACAGTTGCTCA,0
GTACAACCAGCGTAGA,3
GTACAACCAGGACTAG,0
GTACAACCAGTCGCTG,0
GTACAACGTAGCTCGC,0
GTACAACGTCATAGTC,3
GTACAACTCACTAGCA,1
GTACAACTCACTTCTA,0
GTACAACTCGAAGGAC,0
GTACAACTCGTCCATC,0
GTACAACTCTGGACTA,0
GTACAACTCTTACCGC,0
GTACAGTAGACTACGG,0
GTACAGTAGACTGGGT,0
GTACAGTAGATTAGCA,1000
GTACAGTAGCATGTTC,0
GTACAGTAGGCGCTTC,0
GTACAGTAGTGCAGCA,0
GTACAGTCAAATAGCA,0
GTACAGTCACCGTACG,0
GTACAGTGTAAGTTAG,0
GTACAGTGTCCAGCGT,0
GTACAGTGTGGTAACG,0
GTACAGTGTTGCATCA,2
GTACAGTGTTTGTTCT,3
GTACAGTTCACTTATC,0
GTAGAAAAGCATGATA,0
GTAGAAAAGCGCACAA,0
GTAGAAAAGGAGCAAA,0
GTAGAAAAGGTTAAAC,0
GTAGAAAAGTGTTGAA,3
GTAGAAACAGTAGTGG,0
GTAGAAAGTCAAAGTA,0
GTAGAAAGTCCGGACT,0
GTAGAAAGTCTACAGT,0
GTAGAAAGTCTTTCTA,0
GTAGAAAGTGGCCCAT,1000
GTAGAAAGTGTCGATT,0
GTAGAAATCCATCTCG,0
GTAGAAATCCATTGTT,1000
GTAGAAATCGCCATAA,1
GTAGAGGAGACTTGTC,1
GTAGAGGAGGACGCTA,0
GTAGAGGAGGCAATGC,2
GTAGAGGAGGGCAGAG,1000
GTAGAGGCAAATACGA,0
GTAGAGGCAACACGAG,2
GTAGAGGCACATGTTG,1
GTAGAGGCACGGCTAC,0
GTAGAGGCACGTTCGG,0
GTAGAGGCAGGTCCGT,1000
GTAGAGGCATACACCA,0
GTAGAGGGTAGCACGA,1000
GTAGAGGGTGGGTCAA,0
GTAGAGGGTTCACCGG,0
GTAGAGGGTTGCTCCT,1
GTAGAGGGTTTGACAC,1000
GTAGAGGTCCTTCAGC,0
GTAGAGGTCCTTGAAG,0
GTAGAGGTCGACGCTG,0
GTAGAGGTCGGCATAT,0
GTAGAGGTCGTCTACC,0
GTAGAGGTCTAAGCGT,0
GTAGATCAGGCACAAC,1000
GTAGATCAGGTCCGAA,0
GTAGATCCAAATGATG,0
GTAGATCGTAGCTGCC,0
GTAGATCGTATCATGC,3
GTAGATCGTCAGCGTC,2
GTAGATCGTCTTGAGT,2
GTAGATCGTGTCGATT,3
GTAGATCGTTCTCACC,0
GTAGATCGTTGACGGA,0
GTAGATCTCAGGAGAC,1
GTAGATCTCCATCTAT,0
GTAGATCTCCTCAGGG,0
GTAGATCTCGAGAGAC,0
GTAGCTAAGAAATTCG,0
GTAGCTAAGCAGCACA,0
GTAGCTAAGGTTGCCC,0
GTAGCTAAGTTGCGCC,0
GTAGCTACACGGAAGT,2
GTAGCTACAGACGGAT,0
GTAGCTATCACAAGAA,2
GTAGCTATCCAAGCAT,0
GTAGCTATCCGCTTAC,1000
GTAGCTATCGGAGTGA,1000
GTAGGAGAGCACTGGA,0
GTAGGAGAGGCTCTAT,0
GTAGGAGCAAAGGAGA,0
GTAGGAGCAAAGGTTA,0
GTAGGAGCAACCAACT,1
GTAGGAGCAATGTGGG,2
GTAGGAGCAGGATCTT,0
GTAGGAGCATACAGCT,0
GTAGGAGGTACCGTGC,0
GTAGGAGGTCAATGGG,0
GTAGGAGGTCATCTAG,3
GTAGGAGGTCTTGTCC,0
GTAGGAGGTGCACATT,1
GTAGGAGGTGGAGAAA,0
GTAGGAGGTTCCTAGA,0
GTAGGAGGTTTAGACC,1000
GTAGGAGGTTTCGACA,0
GTAGGAGTCAAGTGTC,0
GTAGGAGTCCATTTAC,0
GTAGGAGTCCGCTTAC,0
GTAGGAGTCGAGAAAT,2
GTAGGAGTCGGCTGTG,3
GTAGGTTAGAACCGCA,0
GTAGGTTAGAGGCCAT,1000
GTAGGTTAGCCAAGCA,1000
GTAGGTTAGTGGTGGT,0
GTAGGTTCAGAGACTG,2
GTAGGTTCAGCTTTGA,2
GTAGGTTGTAGCGTCC,0
GTAGGTTGTAGCTAAA,0
GTAGGTTGTTCGCGTG,0
GTAGGTTTCCCAAGTA,0
GTAGGTTTCGAAGCCC,0
GTAGGTTTCTGCTGAA,0
GTAGGTTTCTGGTTGA,0
GTAGGTTTCTTTCTAG,0
GTAGTACAGACCACGA,0
GTAGTACAGCCAAGTG,0
GTAGTACAGGCCTGCT,0
GTAGTACCAACAGAGC,0
GTAGTACCAGAGTTCT,0
GTAGTACCAGGTCCCA,0
GTAGTACCATCCAATG,0
GTAGTACCATTCTCCG,0
GTAGTACGTCCCTGTT,0
GTAGTACGTGACAGCA,1000
GTAGTACGTGAGGAAA,1000
GTAGTACGTTCGGCTG,0
GTAGTACGTTCTTGTT,0
GTAGTACTCACTTTGT,0
GTAGTACTCATCCCGT,1
GTAGTACTCCCTCGAT,0
GTAGTACTCGAGTGGA,3
GTAGTACTCTCACTCG,0
GTAGTACTCTCTAGGA,0
GTATTGGAGACCTTTG,0
GTATTGGAGAGTCCGA,0
GTATTGGAGTTCGCAT,2
GTATTGGCAACCAATC,0
GTATTGGCAATTGCCA,0
GTATTGGCATCCTTCG,0
GTATTGGCATCGAAGG,0
GTATTGGCATCGGAAG,0
GTATTGGCATCTCGTC,0
GTATTGGGTCTCCTGT,3
GTATTGGGTTCCGCGA,2
GTATTGGGTTTCCAAG,3
GTATTGGTCCCGTTCA,0
GTATTGGTCCCTCGTA,0
GTATTGGTCGCTTTAT,1000
GTATTTCAGAATTCAG,1000
GTATTTCAGCACCGTC,0
GTATTTCAGCTGAAGC,3
GTATTTCAGTTTGAGA,0
GTATTTCCATAGACTC,1000
GTATTTCCATGGAGAC,1
GTATTTCGTCAGATTC,0
GTATTTCGTCCTACAA,0
GTATTTCGTCGTGGTC,2
GTATTTCGTGGTCTAT,0
GTATTTCGTTGTCCCT,0
GTATTTCTCCATTTAC,0
GTATTTCTCCTTATGT,0
GTATTTCTCGCAACAT,0
GTATTTCTCGTGGAAG,0
GTATTTCTCTGGACTA,0
GTCAAACAGACTTCCA,1000
GTCAAACCAAGGTCGA,0
GTCAAACCACTGGCGT,0
GTCAAACCACTGTCGG,0
GTCAAACCAGAGGGTT,0
GTCAAACCAGGCGAAT,2
GTCAAACCATATGAAG,0
GTCAAACGTCAGCTTA,0
GTCAAACTCCGTAATG,0
GTCAAACTCCTCACGT,1000
GTCAAACTCGCTATTT,1000
GTCAAGTAGAGGTTAT,0
GTCAAGTAGGGCCCTT,0
GTCAAGTAGGGTACGT,0
GTCAAGTCAATAGGAT,0
GTCAAGTCAATCAAGA,2
GTCAAGTCAATGTGGG,0
GTCAAGTCAGAACTTC,0
GTCAAGTCAGAAGTGC,0
GTCAAGTCAGGCATGA,0
GTCAAGTCAGTGTATC,0
GTCAAGTGTCGTATGT,0
GTCAAGTTCAGAGCGA,0
GTCAAGTTCCCGAAAT,0
GTCAAGTTCCGACGGT,0
GTCAAGTTCTCTTGCG,0
GTCAAGTTCTGGGTCG,0
GTCACGGAGAATGTTG,0
GTCACGGAGACGGATC,0
GTCACGGAGAGAGTTT,0
GTCACGGAGCCGATAG,0
GTCACGGAGTGAACAT,0
GTCACGGAGTTCACTG,0
GTCACGGCACGTAACT,0
GTCACGGCAGTAGTTC,0
GTCACGGGTAGTCACT,0
GTCACGGGTTTACCAG,0
GTCACGGTCAACGAGG,1
GTCACGGTCATAGAGA,1000
GTCACGGTCGCGTGAC,0
GTCACGGTCGGTAGGA,0
GTCACGGTCTTACGTT,2
GTCACTCAGAACCGCA,0
GTCACTCAGTAGTCTC,1
GTCACTCAGTCCCGGT,0
GTCACTCCAAGGAGTC,0
GTCACTCGTCATATGC,0
GTCACTCGTGAATGTA,1000
GTCACTCGTGCTCTCT,0
GTCACTCGTTTCCATT,0
GTCACTCTCAGTGGGA,3
GTCACTCTCGCGTCGA,1000
GTCACTCTCGCTCTCA,0
GTCACTCTCTCCGTGT,0
GTCAGCGAGAGGCGTT,0
GTCAGCGAGATGATTG,0
GTCAGCGAGCTGACCC,0
GTCAGCGAGGAAAGAC,0
GTCAGCGAGGTACATA,0
GTCAGCGCAAACGTGG,0
GTCAGCGCAGAGGGTT,0
GTCAGCGCAGCAAGAC,0
GTCAGCGCAGTGTATC,0
GTCAGCGCATTCAGCA,0
GTCAGCGGTACCTGTA,0
GTCAGCGGTGAAGCGT,0
GTCAGCGGTGCTTATG,3
GTCAGCGGTGTGTCCG,0
GTCAGCGGTTATGGTC,0
GTCAGCGGTTGGGCCT,1000
GTCAGCGTCTAGAACC,0
GTCATCCAGCCGTAAG,1
GTCATCCAGCGAGAAA,0
GTCATCCAGTATGAAC,1000
GTCATCCCATATCGGT,1000
GTCATCCCATCGAAGG,0
GTCATCCCATCGCTGG,0
GTCATCCCATTGTAGC,0
GTCATCCGTACATTGC,0
GTCATCCGTATCGCGC,0
GTCATCCGTCCATCTC,1000
GTCATCCTCAAAGGAT,1000
GTCATCCTCAAAGGTA,0
GTCATCCTCCTTATCA,0
GTCATCCTCTCGCTTG,0
GTCATCCTCTGTCATC,0
GTCATGAAGGGATCAC,1000
GTCATGAAGTAGACAT,1000
GTCATGACAACCAGAG,2
GTCATGACAGCAGATG,1000
GTCATGACAGCCCACA,0
GTCATGACAGCGGTCT,0
GTCATGACAGCGTTTA,1000
GTCATGACATCATGAC,0
GTCATGACATGTAACC,0
GTCATGACATGTGTCA,0
GTCATGAGTAAGTTAG,0
GTCATGAGTAGGAGTC,0
GTCATGAGTCGGTAAG,0
GTCATGATCTATTGTC,0
GTCATTTAGCCTTTGA,0
GTCATTTAGCTCCACG,0
GTCATTTAGGTGCCAA,1
GTCATTTAGTCATGGG,0
GTCATTTAGTGAGGTC,2
GTCATTTCAAGACAAT,1000
GTCATTTCAATAAGGT,2
GTCATTTCAATACAGA,0
GTCATTTCACACTTAG,0
GTCATTTCACGGTCTG,1
GTCATTTCAGTGTATC,0
GTCATTTCATCCTTGC,0
GTCATTTCATGATGCT,0
GTCATTTGTAAGTAGT,2
GTCATTTGTACGGGAT,3
GTCATTTGTATTCCTT,0
GTCATTTGTCTACAGT,1
GTCATTTGTGCCGGTT,0
GTCATTTGTGTATCCA,0
GTCATTTGTTCTTAGG,0
GTCATTTTCCACAGGC,1000
GTCATTTTCCATGAGT,2
GTCATTTTCGGTTCAA,0
GTCATTTTCTGCTAGA,0
GTCCACTAGATCCGAG,0
GTCCACTAGCAACAAT,0
GTCCACTCACGTTGGC,1000
GTCCACTCACTTGGCG,0
GTCCACTCAGATCACT,0
GTCCACTCATAGGAGC,0
GTCCACTGTCACGTGC,0
GTCCACTGTGTGTTTG,1
GTCCACTTCCAACCAA,0
GTCCACTTCCTGGGTG,0
GTCCACTTCCTTATGT,1000
GTCCACTTCTAAGGAA,1000
GTCCACTTCTCCATAT,0
GTCCACTTCTTACGTT,0
GTCCCATAGTTGCGAG,0
GTCCCATCAACGTATC,1
GTCCCATCAATACAGA,0
GTCCCATCAGACCCGT,0
GTCCCATCAGGTCAAG,1
GTCCCATCATAACTCG,0
GTCCCATCATGACACT,0
GTCCCATGTACACGTT,1000
GTCCCATGTACCTTCC,0
GTCCCATGTATTAAGG,2
GTCCCATGTCTGTTAG,0
GTCCCATGTCTTGAGT,1000
GTCCCATTCATGCCGG,0
GTCCCATTCCACGTCT,0
GTCCCATTCCCGTGAG,2
GTCCCATTCGGACTTA,0
GTCCCATTCTTTGCTA,0
GTCCTCAAGGCGAACT,0
GTCCTCAAGTTCATCG,0
GTCCTCACACACAGAG,0
GTCCTCACACCACATA,3
GTCCTCACACTGCGAC,0
GTCCTCACAGAGGTAC,0
GTCCTCACAGGCATTT,0
GTCCTCACATAACAGA,2
GTCCTCACATAGATCC,0
GTCCTCACATCCTTCG,0
GTCCTCAGTACACGCC,3
GTCCTCAGTATGTGTC,0
GTCCTCAGTCGAGTGA,1000
GTCCTCAGTGATTAGA,0
GTCCTCAGTTGGACCC,0
GTCCTCATCTACTTCA,0
GTCGAATAGAGCAAGA,2
GTCGAATAGATGACAT,0
GTCGAATAGCAGGCTA,1
GTCGAATAGGTCTGGA,0
GTCGAATAGTTTGTCG,0
GTCGAATCACGACGAA,1000
GTCGAATCAGAGAGGG,0
GTCGAATGTAGCTTTG,0
GTCGAATGTCACCTTC,0
GTCGAATGTTCGTGCG,0
GTCGAATTCAACTCTT,3
GTCGAATTCGCAATTG,2
GTCGAATTCTCAAAGC,1000
GTCGCGAAGAAATTCG,2
GTCGCGAAGGCCTAGA,2
GTCGCGAAGTCAGCCC,0
GTCGCGAAGTCGGCCT,0
GTCGCGACACAGCTTA,3
GTCGCGACAGAGGCTA,1
GTCGCGACAGATACCT,0
GTCGCGAGTGCATTTG,0
GTCGCGAGTGGTCTTA,0
GTCGCGAGTTTACACG,0
GTCGCGATCAGCGCGT,0
GTCGTAAAGATAACAC,1000
GTCGTAAAGCTGACAG,0
GTCGTAAAGGGACTGT,3
GTCGTAACAATGAACA,0
GTCGTAACAGATTCGT,0
GTCGTAAGTCATCGGC,1000
GTCGTAAGTTTAAGGA,0
GTCGTAATCAAAGGTA,0
GTCGTAATCTAGTGAC,1000
GTCGTAATCTGCAGCG,0
GTCGTTCAGGTTGGAC,0
GTCGTTCAGTATCTGC,1
GTCGTTCCAAACCACT,2
GTCGTTCCAAATTGGA,1
GTCGTTCGTACAATAG,0
GTCGTTCGTAGCACGA,0
GTCGTTCGTCAGTTTG,0
GTCGTTCGTCCCGCAA,1000
GTCGTTCGTCGCACAC,1
GTCGTTCGTGCAAGAC,1
GTCGTTCGTGGATACG,0
GTCGTTCGTTCTCCCA,0
GTCGTTCGTTGACTGT,0
GTCGTTCGTTGTAGCT,3
GTCGTTCTCAAGTGTC,0
GTCGTTCTCATTTCGT,0
GTCGTTCTCTTTGCAT,0
GTCTACCAGACGGATC,2
GTCTACCAGTATCTGC,1000
GTCTACCCAGATTTCG,0
GTCTACCGTGCGGTAA,0
GTCTACCGTGTTCGAT,0
GTCTACCTCCGCGATG,0
GTCTAGAAGGACGCAT,0
GTCTAGACAGTCACGC,0
GTCTAGACATCAGCAT,0
GTCTAGACATTCATCT,0
GTCTAGAGTAGGATAT,1
GTCTAGAGTCCTTGTC,1000
GTCTAGAGTCTTGGTA,0
GTCTAGAGTGTACATC,0
GTCTAGAGTTCCATTT,2
GTCTAGATCCCAGGCA,1000
GTCTAGATCCGCGGAT,0
GTCTAGATCTCCCATG,1000
GTCTCACAGCCATCCG,0
GTCTCACAGTCACTGT,0
GTCTCACCAAACCGGA,2
GTCTCACCAATTCTCT,1000
GTCTCACCAGCGGATA,3
GTCTCACCATCACGGC,0
GTCTCACCATCCGTGG,0
GTCTCACGTGTCTAAC,0
GTCTCACGTTGTGCCG,0
GTCTCACTCACCTGTC,0
GTCTCACTCGGTCATA,0
GTCTGTCAGACCGCCT,0
GTCTGTCCACTAGGTT,1
GTCTGTCGTGAGCCAA,0
GTCTGTCGTGGGAGAG,0
GTCTGTCGTTGCCTAA,3
GTCTTTAAGACGCCAA,1000
GTCTTTAAGAGCACTG,0
GTCTTTAAGCATGCAG,2
GTCTTTAAGGGTACAC,0
GTCTTTAAGTGCTCAT,0
GTCTTTACACGTCATA,0
GTCTTTACACGTGAGA,0
GTCTTTACACTGTGAT,0
GTCTTTACAGCGTTTA,0
GTCTTTACATGGCTAT,0
GTCTTTAGTACCGTCG,0
GTCTTTAGTATCGTAC,0
GTCTTTAGTTAGAAAC,2
GTCTTTAGTTTAGTCG,0
GTCTTTAGTTTGGCTA,0
GTCTTTATCAAGAATG,0
GTCTTTATCGGACGTC,1
GTCTTTATCTACCCAC,2
GTCTTTATCTCACTCG,0
GTCTTTATCTGAATGC,0
GTGACGCAGACCGTTT,0
GTGACGCAGATAGTCA,0
GTGACGCAGCACTAGG,0
GTGACGCAGCCTTTGA,0
GTGACGCAGCGTGCTC,0
GTGACGCAGGGCAGTT,2
GTGACGCAGGGTTGCA,0
GTGACGCAGTGGGAAA,1
GTGACGCCAACAGATA,0
GTGACGCCAACGTTAC,1000
GTGACGCCACCAGTTA,0
GTGACGCCACCGTACG,0
GTGACGCCAGAATCGG,0
GTGACGCGTAAGCGGT,0
GTGACGCGTCTTGCTC,0
GTGACGCGTGTCCACG,0
GTGACGCTCAGAATAG,3
GTGACGCTCCGTGTAA,2
GTGACGCTCGTCCTCA,1
GTGAGCCAGAAGCGAA,0
GTGAGCCAGACAGCTG,0
GTGAGCCAGAGTATAC,0
GTGAGCCAGATGCTAA,2
GTGAGCCAGATGTTAG,0
GTGAGCCAGGCTTCCG,0
GTGAGCCCAAATGCTC,0
GTGAGCCCATTCCTCG,0
GTGAGCCGTACCGGCT,0
GTGAGCCGTACCGTGC,0
GTGAGCCGTGAATTGA,1000
GTGAGCCGTTCAGTAC,3
GTGAGCCTCATGCCAA,0
GTGAGCCTCCCTCGTA,0
GTGAGCCTCGCAATGT,0
GTGAGCCTCGCTTTAT,0
GTGAGCCTCTCTCTAA,0
GTGAGGAAGCTCCGAC,0
GTGAGGAAGCTGAGTG,1000
GTGAGGACAAAGGGTC,0
GTGAGGACAGCAGTAG,3
GTGAGGACAGGCGAAT,0
GTGAGGACAGTTCTAG,0
GTGAGGACATGAGTAA,0
GTGAGGAGTGGATTTC,0
GTGAGGATCAGCCTCT,0
GTGAGGATCCGTCACT,1
GTGAGGATCCTAGCGG,0
GTGAGGATCGCTGTTC,0
GTGAGTTAGAAGTGTT,0
GTGAGTTAGACAACAT,1000
GTGAGTTAGCAGTACG,0
GTGAGTTAGCTTTCCC,1
GTGAGTTAGGGATCGT,0
GTGAGTTAGTGTACCT,0
GTGAGTTCAAGCAGGT,0
GTGAGTTCAGCTGTCG,0
GTGAGTTCAGGCGATA,0
GTGAGTTCAGTAGAGC,0
GTGAGTTCAGTCTCTC,0
GTGAGTTGTATATGGA,0
GTGAGTTGTTCTCGCT,0
GTGAGTTGTTCTGACA,0
GTGAGTTTCTCCGAGG,0
GTGAGTTTCTTAGCTT,1
GTGATGTAGCAATAGT,0
GTGATGTAGGCACCAA,0
GTGATGTAGGTTCTTG,2
GTGATGTCAATACGCT,2
GTGATGTCAGCCCAGT,0
GTGATGTGTAGGATAT,2
GTGATGTGTGCCCACA,1
GTGATGTGTGCCTGAC,0
GTGATGTGTTAAACAG,1000
GTGATGTTCGATACAC,1000
GTGATGTTCGCAATGT,0
GTGCACGAGCACTTTG,0
GTGCACGAGGTCTGGA,1000
GTGCACGAGTGTCATC,0
GTGCACGCAACGATCT,1000
GTGCACGCACCTGCGA,1000
GTGCACGGTACTTGTG,3
GTGCACGGTCACGTGC,3
GTGCACGGTCAGTCCG,0
GTGCACGTCATGCAGT,0
GTGCACGTCATTTGCT,0
GTGCACGTCGTAGCTA,0
GTGCACGTCTCACCCA,1
GTGCAGCAGACGCATG,0
GTGCAGCAGAGCAGTC,0
GTGCAGCAGCAGAAAG,0
GTGCAGCAGGAGTCTG,0
GTGCAGCCAATCAAGA,0
GTGCAGCCAGTCGGAA,0
GTGCAGCTCACTCACC,0
GTGCAGCTCCGGACGT,2
GTGCAGCTCCTGTAAG,0
GTGCAGCTCGAACCAT,1
GTGCAGCTCGCAACAT,0
GTGCAGCTCTTCACAT,1000
GTGCGTGAGCCGCACT,0
GTGCGTGAGTCCTGTA,0
GTGCGTGCAACCGCCA,0
GTGCGTGCACTGCGAC,0
GTGCGTGCAGCGAACA,0
GTGCGTGGTGTACAGG,2
GTGCGTGGTTATTCCT,0
GTGCGTGGTTTCGATG,2
GTGCGTGTCGCCTCTA,0
GTGCTGGAGCGCCGTT,0
GTGCTGGAGGCAATGC,0
GTGCTGGCAACTCATG,0
GTGCTGGCAAGGCAAC,0
GTGCTGGCACAGGATG,0
GTGCTGGCATCCGAAT,0
GTGCTGGCATCGCTCT,1000
GTGCTGGGTAACATCC,1000
GTGCTGGGTACGGCAA,0
GTGCTGGGTATTCCTT,0
GTGCTGGTCAAGTGGG,0
GTGCTGGTCAGATTGC,0
GTGCTGGTCAGGCGAA,0
GTGCTGGTCCAGCCTT,0
GTGCTGGTCGCACTCT,2
GTGCTGGTCGGATTAC,0
GTGCTGGTCTCACGAA,0
GTGCTGGTCTCGTTTA,3
GTGCTGGTCTCTCCGA,0
GTGCTGGTCTTTGCGC,0
GTGCTTCAGACTTCGT,2
GTGCTTCAGATCGGTG,0
GTGCTTCAGCAGGCAT,0
GTGCTTCAGGACAACC,2
GTGCTTCCAGAAGTTA,1
GTGCTTCCATCACGGC,0
GTGCTTCGTAGGAAAG,0
GTGCTTCGTATCCTTT,0
GTGCTTCTCAACCGAT,2
GTGCTTCTCATTGCGA,2
GTGCTTCTCCAGGACC,1000
GTGCTTCTCCTTGAAG,0
GTGGAAGAGAAATCCA,0
GTGGAAGAGCTGCCTG,0
GTGGAAGAGGTTGGTG,0
GTGGAAGAGTTTGCTG,1000
GTGGAAGCACAACATC,1
GTGGAAGCACAGCATT,0
GTGGAAGCACGAAAGC,3
GTGGAAGCACTTTAGG,0
GTGGAAGCAGCATACT,1
GTGGAAGCATCAGCGC,0
GTGGAAGGTACAGGTG,0
GTGGAAGGTGACATCT,3
GTGGAAGGTGGTGATG,0
GTGGAAGGTTTCCATT,0
GTGGAAGTCAAGAGTA,0
GTGGAAGTCAGAATAG,0
GTGGAAGTCTCAAAGC,0
GTGGAGAAGACCTCAT,1000
GTGGAGAAGACCTTTG,0
GTGGAGAAGATTGAGT,0
GTGGAGAAGCCAAGCA,0
GTGGAGAAGGAGAGTA,0
GTGGAGAAGGAGTATT,1000
GTGGAGAAGGATATGT,0
GTGGAGAAGTAATTGG,0
GTGGAGAAGTAGCATA,1000
GTGGAGAAGTGGTTCT,0
GTGGAGACACAACATC,1000
GTGGAGACACCGTACG,0
GTGGAGACAGAGTCTT,0
GTGGAGACAGGAGGAG,0
GTGGAGACAGGCACTC,0
GTGGAGACAGTCAGAG,1000
GTGGAGACATGGCCAC,0
GTGGAGAGTAGACGTG,0
GTGGAGAGTAGAGGAA,1
GTGGAGAGTATCTCTT,0
GTGGAGAGTATTAAGG,0
GTGGAGAGTCCCTAAA,1
GTGGAGAGTGTGAATA,0
GTGGAGAGTTCTCTCG,3
GTGGAGATCGCTTTAT,0
GTGGAGATCTCTCCGA,0
GTGGAGATCTGTAACG,2
GTGGCGTAGCAGTCTT,0
GTGGCGTAGCATGCAG,0
GTGGCGTAGCGCTTCG,0
GTGGCGTAGTGCCCGT,2
GTGGCGTAGTTGCGAG,0
GTGGCGTCACTAGGTT,0
GTGGCGTCATTCGGGC,0
GTGGCGTGTAGTCTTG,0
GTGGCGTGTATTTCTC,0
GTGGCGTGTCACTAGT,1
GTGGCGTGTGAGAACC,0
GTGGCGTGTGGCTACC,1
GTGGCGTGTGTGTGGA,0
GTGGCGTTCCATAGAC,1
GTGGCGTTCGTAGTCA,2
GTGGCGTTCTTCACGC,0
GTGGGAAAGAGTCTTC,3
GTGGGAAAGCATTGTC,0
GTGGGAAAGGACAGTC,0
GTGGGAAAGGATACAT,0
GTGGGAAAGTGAGTGC,0
GTGGGAAAGTGCAGCA,2
GTGGGAACACATTCTT,0
GTGGGAACACCGTGAC,0
GTGGGAACACGTAACT,0
GTGGGAACACTCTCGT,2
GTGGGAACAGTCAGTT,0
GTGGGAACAGTGTATC,0
GTGGGAATCAGGACGA,0
GTGGGAATCTCGCCTA,0
GTGGGAATCTCTTCAA,0
GTGGTTAAGCATACTC,0
GTGGTTAAGTCGCCAC,0
GTGGTTAAGTGTTGTC,0
GTGGTTACAAACCACT,1000
GTGGTTACAACGGCCT,0
GTGGTTACAACTGCCG,1
GTGGTTACAAGGCAAC,1
GTGGTTACACGATTCA,0
GTGGTTACAGCTATTG,0
GTGGTTACAGTTGAAA,0
GTGGTTACATGGACAG,3
GTGGTTAGTCAAGTTC,0
GTGGTTAGTCTAGGCC,0
GTGGTTAGTTCGTGCG,3
GTGGTTATCATTACTC,3
GTGGTTATCCTTTAGT,0
GTGGTTATCTCATTTG,0
GTGGTTATCTTACGTT,1000
GTGTAACAGGGACCAT,0
GTGTAACAGGTTATAG,3
GTGTAACAGTGGTGAC,3
GTGTAACAGTTCAACC,0
GTGTAACCAAGACAAT,2
GTGTAACCAAGAGATT,1
GTGTAACCACACTGGC,0
GTGTAACCACGTAGAG,2
GTGTAACCAGGCGAAT,0
GTGTAACCATAATCCG,0
GTGTAACCATACAGGG,0
GTGTAACGTCGTTCAA,0
GTGTAACGTGATATAG,1
GTGTAACTCGTCGGGT,1000
GTGTAACTCTCGAGTA,0
GTGTCCTAGCAGCAGT,2
GTGTCCTAGCCACCGT,0
GTGTCCTAGCTAGCCC,0
GTGTCCTAGCTTTCTT,2
GTGTCCTAGGCGCTCT,0
GTGTCCTAGTATGACA,0
GTGTCCTCAATCAAGA,0
GTGTCCTCACATATCG,0
GTGTCCTCAGGCTATT,0
GTGTCCTCAGTAGAAT,1
GTGTCCTCATTATGCG,0
GTGTCCTCATTCGATG,0
GTGTCCTGTCTTACAG,0
GTGTCCTGTGTGCCTG,0
GTGTCCTGTGTTCCTC,3
GTGTCCTGTTCTCGCT,0
GTGTCCTGTTGCGTAT,1
GTGTCCTTCCACAAGT,0
GTGTCCTTCCGGTAAT,0
GTGTCCTTCGCCGATG,0
GTGTGATAGACTCTTG,0
GTGTGATAGCACTCTA,0
GTGTGATAGCGTCTCG,0
GTGTGATAGCTTGTGT,0
GTGTGATAGGATGTTA,1
GTGTGATCAAGCTGTT,0
GTGTGATCACAGTACT,1
GTGTGATCACCACATA,0
GTGTGATCAGCTGTTA,0
GTGTGATGTCACTACA,0
GTGTGATGTGATACAA,0
GTGTGATGTGTTCAGT,1000
GTGTGATGTTTACCTT,0
GTGTGATTCAAGATAG,1000
GTGTGATTCATACGGT,0
GTGTGATTCCACGTGG,1000
GTGTGATTCCGATAGT,0
GTGTGATTCGACGACC,1000
GTGTGATTCGTTAGTG,1000
GTGTGGCAGGAGAGGC,0
GTGTGGCAGGTTGACG,1
GTGTGGCAGTAATTGG,0
GTGTGGCCACCTCTAC,1000
GTGTGGCCAGCGGTCT,1000
GTGTGGCCAGGGAGAG,0
GTGTGGCCAGTTGTTG,0
GTGTGGCCATACTGTG,0
GTGTGGCGTAATGTGA,3
GTGTGGCGTATTTCTC,2
GTGTGGCGTCCTTTGC,0
GTGTGGCTCCAAGGGA,0
GTGTGGCTCCTGGTCT,3
GTGTGGCTCGCTTACC,0
GTGTGGCTCGGCATAT,2
GTGTTAGAGCAAATGT,1
GTGTTAGAGCATGCAG,0
GTGTTAGAGCGCACAA,0
GTGTTAGAGCTAGAGC,0
GTGTTAGAGTACTGGG,0
GTGTTAGCAACCGTGC,0
GTGTTAGCAAGTTCCA,0
GTGTTAGCAGACCCGT,0
GTGTTAGCAGCGTGAA,0
GTGTTAGGTACCCACG,0
GTGTTAGGTGCGACAA,3
GTGTTAGGTGTTACTG,0
GTGTTAGGTTCTCGTC,0
GTGTTAGTCCGCAAAT,0
GTGTTCCAGATACATG,0
GTGTTCCAGCCAACCC,1
GTGTTCCAGGAAGTCC,1
GTGTTCCAGGACAAGA,0
GTGTTCCAGTGGCAGT,0
GTGTTCCCACACCGAC,0
GTGTTCCGTGGCGTAA,3
GTGTTCCTCAATCAGC,0
GTGTTCCTCCTAAACG,2
GTGTTCCTCGATGCAT,0
GTGTTCCTCGTACACA,0
GTGTTCCTCGTTCTAT,1000
GTGTTCCTCTACGCGG,0
GTGTTCCTCTACTGCC,1
GTTACAGCAACTCATG,2
GTTACAGCACCCTCTA,0
GTTACAGCAGGTCCCA,0
GTTACAGGTAACATGA,0
GTTACAGGTACTCGCG,0
GTTACAGGTAGATTAG,0
GTTACAGGTGCACGCT,0
GTTACAGGTTGCATCA,0
GTTACAGGTTGCGGAA,0
GTTACAGTCACGATCA,1
GTTACAGTCACTTGGA,0
GTTACAGTCCACTTCG,1
GTTACAGTCCTTACCG,1000
GTTACAGTCGCAATGT,0
GTTACAGTCGGAAACG,0
GTTACAGTCTGCTGAA,0
GTTACAGTCTTGCAAG,0
GTTACCCAGAAGGGAT,2
GTTACCCAGTAAGCAT,0
GTTACCCAGTTCTACG,0
GTTACCCCACCTAAAC,0
GTTACCCCAGCCTTCT,0
GTTACCCCAGCGACCT,0
GTTACCCCAGTCCGTG,0
GTTACCCCAGTGTGCC,0
GTTACCCCATAGGTTC,0
GTTACCCGTATGGAGC,0
GTTACCCGTCAGCGTC,0
GTTACCCGTCATAAAG,0
GTTACCCGTTCGGACC,0
GTTACCCGTTGAGTCT,0
GTTACCCTCATTCGGA,0
GTTACCCTCCAACTAG,3
GTTACCCTCCCGAGAC,1000
GTTACCCTCCGATCTC,1000
GTTACCCTCCTCCACA,0
GTTACGAAGAAGAACG,0
GTTACGAAGATCGCCC,0
GTTACGAAGATGCCGA,0
GTTACGAAGCACGATG,0
GTTACGAAGGGATCTG,0
GTTACGACAATTGTGC,0
GTTACGACACAACGCC,1
GTTACGACAGAGCCCT,1
GTTACGACAGGTTTAC,0
GTTACGAGTACAGAAT,0
GTTACGAGTAGGCAAC,0
GTTACGAGTATCGATC,0
GTTACGAGTCCATCTC,0
GTTACGAGTCGAGATG,0
GTTACGAGTCTACGAT,2
GTTACGAGTGTCCATA,0
GTTACGAGTTAGAAAC,0
GTTACGATCACCTCGT,0
GTTACGATCCATATGG,0
GTTACGATCCGGCAGT,0
GTTACGATCTCAGAAC,0
GTTAGACAGAGAGCGG,0
GTTAGACAGGACTAAT,0
GTTAGACAGGATACCG,1
GTTAGACAGGCTGAAC,0
GTTAGACGTACACGCC,0
GTTAGACGTATTTCGG,0
GTTAGACTCAACTGGT,0
GTTAGACTCATTTCCA,0
GTTAGTGAGCTGAGTG,3
GTTAGTGAGGAGGGTG,0
GTTAGTGCAACGGGTA,0
GTTAGTGCAGACACAG,0
GTTAGTGCAGACGCTC,2
GTTAGTGCATAGCACT,0
GTTAGTGCATCGATCA,0
GTTAGTGGTTACGATC,0
GTTAGTGGTTCCGGTG,0
GTTAGTGTCAAACCTG,0
GTTAGTGTCAGGTAAA,0
GTTAGTGTCCCAGGAC,0
GTTAGTGTCTTAGCAG,0
GTTATGGAGAATACAC,0
GTTATGGAGAGCGACT,0
GTTATGGAGAGTCAGC,0
GTTATGGAGATTGGGC,0
GTTATGGAGCCAGACA,0
GTTATGGAGCGCCTCA,1
GTTATGGAGGACACTG,0
GTTATGGAGTCCGCGT,1
GTTATGGCAGTAGTTC,0
GTTATGGCATCTTCGC,3
GTTATGGCATGAGTAA,0
GTTATGGTCACTAGCA,0
GTTATGGTCATTATCC,0
GTTATGGTCCATTGCC,0
GTTATGGTCCCATGGG,1000
GTTATGGTCCGGTAGC,0
GTTATGGTCGATCCAA,0
GTTATGGTCGGACCAC,0
GTTATGGTCTGTCCCA,0
GTTCATTAGCCGAACA,1
GTTCATTAGCGACAGT,3
GTTCATTAGGGACAGG,0
GTTCATTAGTCCTGTA,0
GTTCATTCAAAGTGTA,3
GTTCATTCAGTTGTTG,1
GTTCATTCATTGGATC,1000
GTTCATTGTAGACGGT,3
GTTCATTGTCGATTAC,0
GTTCATTGTCGTTGCG,0
GTTCATTTCGAGATGG,1
GTTCATTTCGCCTTGT,0
GTTCATTTCGGCTATA,0
GTTCCGTAGAATTGCA,0
GTTCCGTAGACTAGAT,0
GTTCCGTAGAGCATCG,1000
GTTCCGTAGCGCTTCG,2
GTTCCGTAGCTAATCC,3
GTTCCGTAGCTGTTAC,3
GTTCCGTAGGAAAGAC,0
GTTCCGTAGGAACGCT,0
GTTCCGTCACAGTCGC,0
GTTCCGTCACGACCTG,0
GTTCCGTCACTGTGAT,0
GTTCCGTCATGGCCAC,1000
GTTCCGTCATTAGGCT,0
GTTCCGTGTGTGCTTA,0
GTTCCGTGTTAGAAAC,0
GTTCCGTGTTCGGCCA,3
GTTCCGTGTTTGTTCT,2
GTTCCGTTCATGGGAG,1000
GTTCCGTTCCCTCGTA,3
GTTCCGTTCCGCGAGT,2
GTTCCGTTCGAGTCCG,0
GTTCCGTTCGCGTCGA,2
GTTCCGTTCTACGCGG,0
GTTCGCTCAAGCCTGC,0
GTTCGCTGTCCCTGAG,0
GTTCGCTGTCGTCTCT,2
GTTCGCTGTTAGAAAC,0
GTTCGCTTCACACCGG,0
GTTCGCTTCCACCTGT,0
GTTCGCTTCCTGTAAG,1
GTTCGCTTCTCACCCA,1
GTTCGCTTCTCCATAT,0
GTTCGCTTCTGTCTCG,0
GTTCGCTTCTTTCTAG,0
GTTCTATCAACTTGCA,0
GTTCTATCATAGTCGT,0
GTTCTATGTGGGTCAA,0
GTTCTATGTTCTGAGT,2
GTTCTATTCACTTCTA,0
GTTCTATTCCGCGATG,0
GTTCTATTCCGTGTAA,2
GTTCTATTCGCAATGT,0
GTTCTATTCTGGCCAG,0
GTTGAACAGCCTCTCT,0
GTTGAACAGCGGTATG,0
GTTGAACAGCTATCTG,0
GTTGAACAGGACTAAT,2
GTTGAACAGGTGCCTC,0
GTTGAACCAGTTAGAA,0
GTTGAACCATACTGTG,0
GTTGAACGTATAATGG,1000
GTTGAACGTCAAGTTC,0
GTTGAACGTGATTGGG,0
GTTGAACGTGGCAACA,0
GTTGAACGTGTTCGTA,0
GTTGAACTCCAGGACC,2
GTTGAACTCCTAGCGG,0
GTTGCGGAGACGAAGA,1000
GTTGCGGCACAAGCAG,2
GTTGCGGCAGGACAGT,0
GTTGCGGCATATCTCT,0
GTTGCGGGTAGGATAT,1000
GTTGCGGGTCATATGC,1000
GTTGCGGGTCTACATG,0
GTTGCGGGTGCGACAA,0
GTTGCGGGTGGCTAGA,2
GTTGCGGGTTCTATCT,0
GTTGCGGTCAATCCAG,0
GTTGCGGTCCGTTGGG,1000
GTTGCGGTCCTAACAG,0
GTTGCGGTCCTAAGTG,0
GTTGCTCAGAAGCCAC,0
GTTGCTCAGATTGCGG,0
GTTGCTCAGTATGAAC,0
GTTGCTCAGTATGTAG,0
GTTGCTCAGTGGAAAG,0
GTTGCTCCAGATCCTA,0
GTTGCTCGTCGCGGTT,0
GTTGCTCTCCTGTAAG,0
GTTGCTCTCTTACACT,0
GTTGTAGAGCCTTGAT,0
GTTGTAGAGGCCTGAA,0
GTTGTAGAGGGTTTCT,0
GTTGTAGAGTTACGGG,0
GTTGTAGAGTTGGCTT,3
GTTGTAGCAAGAGATT,0
GTTGTAGCAATGTGGG,1000
GTTGTAGGTACCAATC,1
GTTGTAGGTATGAGAT,0
GTTGTAGGTATGTCTG,0
GTTGTAGGTGTAAACA,0
GTTGTAGTCCGTGGGT,1
GTTGTAGTCCTTCTGG,0
GTTGTAGTCGTCGCTT,0
GTTGTAGTCTGCGGAC,2
GTTGTCCAGACGCCAA,0
GTTGTCCAGGGTGGGA,0
GTTGTCCAGTTGGAGC,1000
GTTGTCCCAAGATGGC,1000
GTTGTCCCAAGGTCAG,1
GTTGTCCCAGCTGGTC,0
GTTGTCCCAGTAGATA,0
GTTGTCCCATCTGCGG,0
GTTGTCCTCACATTGG,0
GTTGTCCTCCCTTGGT,3
GTTGTGAAGGGAGTTC,0
GTTGTGAAGTCATGAA,0
GTTGTGAAGTTCCGTA,0
GTTGTGACAACTTGCA,0
GTTGTGACACGGTGAA,3
GTTGTGACAGCACAGA,1000
GTTGTGACAGCTCATA,1
GTTGTGACAGGTCTCG,0
GTTGTGACATCATCCC,0
GTTGTGAGTCGCATTA,0
GTTGTGAGTTATGTCG,1
GTTGTGATCCTAGAGT,0
GTTGTGATCTCTCGCA,0
GTTTACTAGAGCAGAA,0
GTTTACTAGCACTGGA,0
GTTTACTAGGCATCGA,0
GTTTACTAGTTCTACG,1000
GTTTACTAGTTTCGAC,1000
GTTTACTAGTTTGTCG,1000
GTTTACTCAACTGCCG,1
GTTTACTCACGACAGA,0
GTTTACTCACTGAGTT,0
GTTTACTGTATCACCA,1000
GTTTACTGTCGCTGCA,0
GTTTACTGTCTTACAG,0
GTTTACTGTGCATTAC,0
GTTTACTTCCCTATTA,0
GTTTACTTCGAACGCC,1
GTTTGGAAGAACGTGC,0
GTTTGGAAGGACAGCT,0
GTTTGGAAGTAGGCCA,0
GTTTGGAAGTATTGCC,0
GTTTGGAAGTGCCTCG,0
GTTTGGACAGGTTCAT,0
GTTTGGACATCATCTT,0
GTTTGGAGTAACTAAG,0
GTTTGGAGTAAGATCA,1000
GTTTGGAGTGTCCGGT,2
GTTTGGATCATCGCAA,3
GTTTGGATCCCTCAAC,0
GTTTGGATCCTAGCTC,0
GTTTGGATCTTACCGC,0
TAACACGAGAATACAC,0
TAACACGAGACTAAGT,0
TAACACGAGGCTGGAT,0
TAACACGAGTCATGAA,0
TAACACGAGTGGTGAC,0
TAACACGAGTGTGTTC,0
TAACACGCATAAGCGG,0
TAACACGCATACACCA,0
TAACACGGTCCAGGTC,0
TAACACGTCCCGAACG,3
TAACACGTCTTCGTGC,0
TAACCAGAGCAACCAG,0
TAACCAGAGCGAGGAG,1000
TAACCAGAGCTAGCCC,1
TAACCAGAGGAGTACC,1000
TAACCAGAGGCCATAG,1
TAACCAGAGTGCGCTC,0
TAACCAGCAAGAATGT,0
TAACCAGCACGTCGGT,1
TAACCAGCACTCCCTA,0
TAACCAGGTGTCTTAG,1
TAACCAGGTTCGAACT,0
TAACCAGGTTTCCATT,3
TAACCAGTCACTTCTA,0
TAACCAGTCCCATAAG,1000
TAACCAGTCGACGCGT,0
TAACCAGTCGCCTATC,3
TAACCAGTCGCTTGAA,0
TAACCAGTCGTGACTA,3
TAACCAGTCTCATTGT,0
TAACCAGTCTCATTTG,0
TAACGACAGAAACTAC,0
TAACGACAGACATAAC,0
TAACGACAGAGGTTTA,0
TAACGACAGCCTGACC,0
TAACGACAGGACTATA,0
TAACGACAGGAGGCAG,0
TAACGACAGTAGCAAT,0
TAACGACAGTGCGCTC,0
TAACGACCAAGCGGAT,3
TAACGACCACATACTG,0
TAACGACCACGTTCGG,0
TAACGACCATCTGCGG,0
TAACGACGTAGGCTCC,0
TAACGACGTCCAGAAG,1000
TAACGACGTCGGATTT,0
TAACGACGTCGGTAAG,0
TAACGACGTCGGTGAA,1000
TAACGACGTGTATCCA,1
TAACGACGTGTTCCTC,2
TAACGACGTTAGCGGA,1
TAACGACGTTTAGAGA,0
TAACGACTCTAAACGC,0
TAACGACTCTCGTGAA,0
TAACTTCAGATGGCGT,0
TAACTTCAGGTAAGGA,1000
TAACTTCCAAACACGG,0
TAACTTCCACGTAACT,1
TAACTTCGTACACTCA,0
TAACTTCGTCAGGTGA,1000
TAACTTCGTGTACGCC,2
TAACTTCGTTACGCCG,1
TAACTTCTCCACTTCG,0
TAACTTCTCGCAGTTA,0
TAACTTCTCTAGAGCT,0
TAACTTCTCTCATTAC,0
TAACTTCTCTCGGTAA,0
TAAGCACAGACTTGTC,0
TAAGCACAGCTTCGTA,1
TAAGCACAGGTGGTTG,0
TAAGCACAGTGCTACT,0
TAAGCACCACCCTAGG,0
TAAGCACCAGCTACTA,0
TAAGCACCAGTTTCAG,3
TAAGCACGTATTTCCT,0
TAAGCACGTCAGACGA,0
TAAGCACGTTCAGCGC,0
TAAGCACTCCTTCGAC,0
TAAGCCAAGAAACCCG,0
TAAGCCAAGCTGTGCC,0
TAAGCCAAGGAGGTTC,0
TAAGCCAAGTTCTCTT,0
TAAGCCACAACTACGT,0
TAAGCCACAATAGAGT,0
TAAGCCACACAGTCCG,0
TAAGCCACATCGGCCA,0
TAAGCCACATGACACT,0
TAAGCCAGTAGCTTTG,2
TAAGCCAGTCTACAAC,0
TAAGCCAGTGACTATC,0
TAAGCCAGTTATCTGG,1000
TAAGCCAGTTGGGAAC,0
TAAGCCATCAAACTGC,0
TAAGCCATCATTCATC,0
TAAGCCATCGCGCCAA,1
TAAGCCATCTGTGCGG,0
TAAGCGTAGACCTCCG,0
TAAGCGTAGGGTGAAA,0
TAAGCGTAGTCGCCAC,2
TAAGCGTCAAGCAGGT,0
TAAGCGTCACCAATTG,0
TAAGCGTCAGGCCCTA,1000
TAAGCGTGTGTGGACA,0
TAAGCGTTCAAATGAG,1
TAAGCGTTCCATGATG,1
TAAGCGTTCCCGTAAA,0
TAAGCGTTCGCGGTAC,1000
TAAGCGTTCGCTACGG,0
TAAGCGTTCTATCGCC,0
TAAGTCGAGCGACAGT,1000
TAAGTCGAGGATGCGT,1
TAAGTCGAGTCAACAA,1
TAAGTCGCAAGGCTTT,1
TAAGTCGCACTCTAGA,3
TAAGTCGCACTGGCGT,0
TAAGTCGCAGAACCGA,0
TAAGTCGCATAATGAG,1000
TAAGTCGGTACAGAGC,1000
TAAGTCGGTGACCGTC,1
TAAGTCGGTTCCGTTC,0
TAAGTCGGTTTGAACC,0
TAAGTCGTCGGCATTA,0
TAATCTCAGAGTCTGG,1
TAATCTCAGATAGGGA,0
TAATCTCCAATGTCAC,1000
TAATCTCCACGCGTCA,0
TAATCTCCAGATACCT,0
TAATCTCCAGCACAAG,2
TAATCTCCATAGTCGT,2
TAATCTCGTACCCACG,0
TAATCTCGTCTAGGTT,0
TAATCTCGTGCACATT,0
TAATCTCGTTTGTTGG,0
TAATCTCTCACACCCT,0
TAATCTCTCATGGCCG,1000
TAATCTCTCCCTTCCC,0
TAATCTCTCTGCCTCA,0
TAATCTCTCTGCGTCT,0
TAATTCCAGAGCTGCA,0
TAATTCCAGATGTTCC,1
TAATTCCAGCCAGAGT,0
TAATTCCAGGTTCCAT,1000
TAATTCCAGTAATTGG,1000
TAATTCCCAAATGAGT,2
TAATTCCCAGCTGAAG,0
TAATTCCCATCCAATG,0
TAATTCCTCAAATAGG,0
TAATTCCTCATTTGGG,0
TAATTCCTCGATGCTA,0
TAATTCCTCTACACAG,0
TAATTCCTCTGCCCTA,3
TACAACGAGACTGTTC,1000
TACAACGAGCCTGAAG,3
TACAACGCAAAGACTA,0
TACAACGCAACGGCTC,0
TACAACGCACAAAGCG,0
TACAACGCACATACGT,1000
TACAACGCACCCTAAA,0
TACAACGCATAAGATG,0
TACAACGCATATCTGG,0
TACAACGGTCCGGCAT,0
TACAACGGTGATATAG,0
TACAACGTCCATGATG,0
TACAACGTCTCGACGG,0
TACACCCAGAAGGCTC,0
TACACCCAGAGCAGTC,2
TACACCCAGGTAAGAG,0
TACACCCCAAGCTGTT,0
TACACCCCACATACGT,0
TACACCCCACCTTCCA,0
TACACCCCACTGAATC,0
TACACCCCACTGTGTA,3
TACACCCGTCGCACGT,0
TACACCCGTCGTGTTA,0
TACACCCGTCTGTGAT,0
TACACCCTCACCCTCA,3
TACACCCTCATCTACT,1000
TACACCCTCCAATGCA,2
TACACCCTCCACACCT,0
TACACCCTCCTACACC,1
TACACCCTCGAATGCT,0
TACACCCTCGGAATGG,0
TACAGGTAGAAATCCA,0
TACAGGTAGCGAGAAA,2
TACAGGTAGGAGTACC,0
TACAGGTAGGTCACCC,0
TACAGGTAGTAACGAT,0
TACAGGTAGTACCGGA,0
TACAGGTAGTGTTCCA,0
TACAGGTCAACAGAGC,0
TACAGGTCACGGCTAC,0
TACAGGTCACGTCATA,0
TACAGGTCAGAACTCT,0
TACAGGTCAGCTGTAT,0
TACAGGTCAGTTTCGA,0
TACAGGTCATGAGAAT,0
TACAGGTCATTACTCT,0
TACAGGTGTACGGATG,0
TACAGGTGTCAGTCGC,0
TACATTCAGCACAAAT,0
TACATTCAGGGAGTTC,0
TACATTCAGTTCCGGC,0
TACATTCCAAATCGTC,1000
TACATTCCAATTGCAC,1
TACATTCCAGGTCCCA,0
TACATTCCATCACAGT,0
TACATTCCATTCCTCG,0
TACATTCTCATACGGT,0
TACATTCTCATGACAC,0
TACATTCTCCAAATGC,1
TACATTCTCGCTTACC,0
TACATTCTCTCATTGT,0
TACCCACAGAGGTTTA,0
TACCCACAGAGTCCGA,0
TACCCACAGTGGACGT,0
TACCCACCAAAGACGC,3
TACCCACCAACACGAG,1000
TACCCACCAGAACATA,0
TACCCACCAGTAGTGG,0
TACCCACGTATCGCGC,0
TACCCACGTGCCTGAC,0
TACCCACTCAGGACGA,0
TACCCACTCAGGGATG,0
TACCCACTCATAGAGA,0
TACCCACTCATGGTAC,3
TACCCACTCCGCGATG,0
TACCCACTCCTAAACG,0
TACCCACTCGCGGTAC,1000
TACCCACTCTTCGACC,0
TACCCGTAGACAGCGT,0
TACCCGTAGACATAGT,1
TACCCGTCAGTGGTGA,2
TACCCGTCATCCGCGA,0
TACCCGTCATGTTCAG,1000
TACCCGTCATTCAGCA,0
TACCCGTGTAACACCT,0
TACCCGTGTATAGCTC,1
TACCCGTGTGTTTCTT,0
TACCCGTTCCAGTACA,0
TACCCGTTCGCAGTCG,0
TACCGAAAGAGGCTGT,0
TACCGAAAGCATAGGC,0
TACCGAAAGGATTTAG,0
TACCGAAAGGTAGATT,0
TACCGAAAGGTTCTAC,0
TACCGAAAGTACAGAT,0
TACCGAACACTCTCGT,0
TACCGAACATGCAGGA,0
TACCGAAGTAGTGCGA,0
TACCGAAGTCGCTCGA,0
TACCGAATCGACGATT,0
TACCGAATCTAGCATG,1000
TACCGGGAGCATGCAG,0
TACCGGGAGGACGCTA,1000
TACCGGGAGGTCGTCC,0
TACCGGGAGGTTCTTG,0
TACCGGGCAATCCTAG,1
TACCGGGCACATACTG,0
TACCGGGCATCTTCGC,0
TACCGGGCATGACTAC,3
TACCGGGGTATCCCTC,0
TACCGGGGTCCAGCAC,0
TACCGGGGTGCATACT,2
TACCGGGGTTTCTATC,0
TACCGGGTCATTCATC,2
TACCGGGTCCCGAACG,0
TACCGGGTCCGTAGTA,1000
TACCGGGTCGGTCTAA,0
TACCGGGTCGTGGGTC,1000
TACCTCGAGGACTGGT,0
TACCTCGCACACCGAC,0
TACCTCGCAGCAGTCC,0
TACCTCGCAGGTTCCG,0
TACCTCGCATGCAGCC,3
TACCTCGGTGATAGAT,0
TACCTCGGTGCGACAA,0
TACCTCGGTTAACCTG,0
TACCTCGGTTAGGCCC,1000
TACCTCGGTTCCTAAG,2
TACCTCGTCAACGAGG,0
TACCTCGTCCATGATG,0
TACCTCGTCCCATTTA,1000
TACCTCGTCGCAAGAG,0
TACCTCGTCGGACTTA,0
TACCTCGTCGTTACCC,0
TACCTCGTCTCATTTG,0
TACCTCGTCTTACACT,1000
TACCTGCAGACATCAA,0
TACCTGCAGATTAGCA,0
TACCTGCAGCCAAGTG,0
TACCTGCAGGCCTGCT,3
TACCTGCCAAGTAGTA,0
TACCTGCCACTAACGT,0
TACCTGCCAGTCTCTC,0
TACCTGCCATACAGAA,0
TACCTGCGTAAGCGGT,0
TACCTGCGTCGTCGGT,1
TACCTGCGTCTAGGCC,0
TACCTGCGTGTTTGCA,1000
TACCTGCTCATGAGTC,0
TACCTGCTCCATTCGC,0
TACCTGCTCCTGTTAT,2
TACCTGCTCGCGATCG,0
TACGCTCAGAAGTCTA,0
TACGCTCAGCCTAGGA,0
TACGCTCAGGTCGACA,0
TACGCTCAGTCTGCAT,0
TACGCTCCACAAGTTC,1000
TACGCTCCAGTGTATC,0
TACGCTCCATCCCGTT,1000
TACGCTCGTACGACAG,1
TACGCTCGTGACGTCC,0
TACGCTCGTTACACAC,0
TACGCTCGTTCCTAAG,0
TACGCTCGTTCTGAGT,0
TACGCTCTCAAACGAA,0
TACGCTCTCAAGTAAG,1000
TACGCTCTCCATCTGC,1
TACGCTCTCTACAGGT,0
TACGCTCTCTAGGCCG,0
TACGGGCAGCGCTGAA,0
TACGGGCAGGCTGTAG,0
TACGGGCAGGTCGTCC,0
TACGGGCAGTGAGTTA,3
TACGGGCCAAGCGCTC,0
TACGGGCCACGGGTAA,0
TACGGGCCAGGAATAT,0
TACGGGCCATACCGTA,1
TACGGGCGTACGGATG,0
TACGGGCGTCGTATGT,0
TACGGGCGTCTTCATT,0
TACGGGCGTCTTTATC,0
TACGGGCGTGTTTACG,0
TACGGGCGTTGAATCC,3
TACGGGCTCATGTCTT,1000
TACGGGCTCCACTTTA,0
TACGGGCTCGAGATAA,0
TACGGGCTCGCATAGT,2
TACGGGCTCTAAGGAA,0
TACGGGCTCTGGGCAC,0
TACGGTAAGAGGCGTT,0
TACGGTAAGGTGGTTG,0
TACGGTAAGTGTGTTC,3
TACGGTAAGTGTTCCA,0
TACGGTAAGTTGGAGC,0
TACGGTACACTCGATA,0
TACGGTACAGACAATA,0
TACGGTACATCGTGGC,1000
TACGGTAGTATTTCGG,0
TACGGTAGTCAGATTC,1000
TACGGTAGTTAGGGAC,0
TACGGTAGTTCAGTAC,0
TACGGTAGTTGGTAGG,0
TACGGTATCCGGTAAT,0
TACGGTATCGAGCACC,1
TACGGTATCTCTTAAC,3
TACGTCCAGATGACAT,0
TACGTCCAGCGTGAGT,0
TACGTCCCAAAGCAAT,0
TACGTCCCAACTGGTT,0
TACGTCCCAACTTCTT,3
TACGTCCCACAGTCAT,0
TACGTCCCATCCTTCG,0
TACGTCCCATTAAGCC,0
TACGTCCGTGTCCTAA,0
TACGTCCGTTGTTTGG,0
TACGTCCTCCGAGCTG,1
TACGTCCTCCTCTGCA,0
TACGTCCTCCTGTAGA,0
TACGTCCTCGAGGCAA,1000
TACGTCCTCGTGGCGT,0
TACGTCCTCTCTGAGA,0
TACTGCCAGCTACAAA,0
TACTGCCAGTCAGCGA,1
TACTGCCCACACCTTC,0
TACTGCCCATATCTCT,3
TACTGCCGTCGCATCG,0
TACTGCCGTTACCCAA,0
TACTGCCGTTGGCTAT,0
TACTGCCTCAGACCGC,0
TACTGCCTCAGCATTG,0
TACTGCCTCATCTACT,0
TACTGCCTCCTAGCTC,0
TACTGCCTCTTCGACC,0
TACTTACAGAGACAAG,0
TACTTACAGGTAGATT,0
TACTTACAGGTTACAA,0
TACTTACAGTCCTACA,0
TACTTACAGTGGTTAA,1000
TACTTACAGTGGTTGG,0
TACTTACCAAATGAGT,0
TACTTACCACAAAGTA,0
TACTTACCAGGGAGAG,0
TACTTACCATGAATCC,0
TACTTACGTACACGCC,0
TACTTACGTAGGGAGG,0
TACTTACGTATCTTCT,0
TACTTACGTTCAAAGA,0
TACTTACGTTCCAAAC,0
TACTTACTCAGTCTTT,0
TACTTACTCCGTGTGG,0
TACTTACTCCTCCACA,0
TACTTACTCGAACCTA,0
TACTTCAAGACGACTG,3
TACTTCACAAGTGGTG,0
TACTTCACAATCGCAT,1
TACTTCACATGACGAG,0
TACTTCACATGAGTAA,0
TACTTCAGTGGATCGA,0
TACTTCAGTTTACACG,3
TACTTCATCAGCCTTC,0
TACTTCATCATCCTGC,3
TACTTCATCCCGGTAG,0
TACTTCATCCCTTGGT,0
TACTTGTAGCATGGGT,3
TACTTGTAGGAACTAT,1
TACTTGTAGGTACAAT,0
TACTTGTAGTCATACC,0
TACTTGTCAAAGGGCT,0
TACTTGTCAGACCATT,0
TACTTGTCAGAGTTGG,0
TACTTGTCAGCTGAGA,0
TACTTGTCATACCACA,0
TACTTGTGTCTATGAC,0
TACTTGTGTGACAGGT,1000
TACTTGTGTGGTAACG,0
TACTTGTGTTACACAC,0
TACTTGTTCACCTTGC,0
TACTTGTTCAGAATAG,0
TACTTGTTCGCAGTTA,0
TACTTGTTCGGTAAGG,0
TACTTGTTCTAAGCGT,0
TACTTGTTCTCCGTGT,0
TAGACCAAGCTGAGTG,0
TAGACCAAGGATACGC,0
TAGACCAAGGTACATA,0
TAGACCAAGTTGAAGT,3
TAGACCACAGTAACAA,0
TAGACCACAGTTAGGG,0
TAGACCACATTATGCG,2
TAGACCAGTAAGCGGT,2
TAGACCAGTCAACCAT,0
TAGACCAGTGCACATT,0
TAGACCAGTTAGTTCG,0
TAGACCATCACTAGCA,0
TAGACCATCAGGAAAT,0
TAGACCATCTCAGAAC,0
TAGACTGAGCAAATCA,0
TAGACTGAGCAAGGAA,2
TAGACTGAGCACTCCG,0
TAGACTGAGGGCAGTT,0
TAGACTGAGTATTCCG,1
TAGACTGAGTGGAAGA,0
TAGACTGCAGGACATG,0
TAGACTGCAGGGCTTC,0
TAGACTGCATCACCAA,0
TAGACTGCATGATGCT,1000
TAGACTGGTGGGATTG,0
TAGACTGTCAAATGAG,0
TAGACTGTCATCGACA,0
TAGACTGTCCACTTTA,0
TAGACTGTCCGCGAGT,0
TAGACTGTCGAGTCCG,0
TAGACTGTCGCGATCG,0
TAGACTGTCTAGGAAA,0
TAGACTGTCTGTTGGA,0
TAGAGTCAGCTAGCCC,0
TAGAGTCAGTATTAGG,3
TAGAGTCAGTGGAAGA,0
TAGAGTCCAATTGAAG,0
TAGAGTCCACAAGCAG,0
TAGAGTCCACACGTGC,0
TAGAGTCCATGTGCTA,0
TAGAGTCGTACAGAGC,1000
TAGAGTCGTAGACGTG,0
TAGAGTCGTCACTACA,0
TAGAGTCGTCGTGGAA,2
TAGAGTCGTCTAACGT,2
TAGAGTCGTTGCTCAA,0
TAGAGTCTCAAAGACA,1000
TAGAGTCTCAACTCTT,0
TAGAGTCTCACCATCC,1
TAGAGTCTCGCTACAA,0
TAGAGTCTCGGTGTTA,0
TAGAGTCTCTAAGGAA,0
TAGAGTCTCTGGTCAA,0
TAGATCGAGAAACTGT,0
TAGATCGAGACCATGG,0
TAGATCGAGAGCAGAA,0
TAGATCGAGCCTCAGC,0
TAGATCGAGTAACCGG,0
TAGATCGCAAGATCCT,0
TAGATCGCAAGATGTA,0
TAGATCGCAATTGCTG,1000
TAGATCGCAGGTCTCG,3
TAGATCGCATATACCG,1000
TAGATCGCATCTCGTC,3
TAGATCGCATGGCTGC,0
TAGATCGGTAACCCTA,0
TAGATCGGTCCCGTGA,2
TAGATCGGTGAGCTCC,0
TAGATCGGTTCGGTCG,0
TAGATCGTCTCTTGCG,0
TAGATCGTCTGTGCAA,2
TAGATCGTCTTCGTGC,0
TAGCACAAGCCATTGT,0
TAGCACAAGCGGTAGT,0
TAGCACAAGGACTTCT,0
TAGCACAAGGTGAGAA,0
TAGCACACAACCGTGC,0
TAGCACACAACTGCTA,3
TAGCACACAGACCAGA,0
TAGCACAGTCCCGCAA,0
TAGCACAGTCCTATAG,0
TAGCACAGTCGCTGCA,2
TAGCACAGTGCAAGAC,0
TAGCACAGTGCCCTTT,0
TAGCACAGTGGCTCTG,0
TAGCACATCAGCTAGT,0
TAGCACATCCGACAGC,2
TAGCACATCGGTAACT,2
TAGCACATCGGTCGAC,2
TAGCACATCTTGGGCG,2
TAGGAGGAGAGTGGCT,2
TAGGAGGAGTCGAGGT,0
TAGGAGGCAACCAACT,0
TAGGAGGCACTTGAAC,0
TAGGAGGCAGAGGCTA,0
TAGGAGGCAGGTCAAG,0
TAGGAGGCAGGTGACA,2
TAGGAGGCATGGCTAT,0
TAGGAGGGTCAGACTT,0
TAGGAGGGTCAGGAGT,1
TAGGAGGGTCGACTGC,0
TAGGAGGGTGCCCAGT,1000
TAGGAGGGTTGGCCTG,0
TAGGAGGTCAACCGAT,0
TAGGAGGTCATTGAGC,1000
TAGGAGGTCGCGCTGA,0
TAGGAGGTCGCTCATC,0
TAGGGTTAGCGGATCA,1
TAGGGTTAGGATTTAG,0
TAGGGTTAGGCTAAAT,0
TAGGGTTAGTCTTCGA,2
TAGGGTTCAAGAATGT,0
TAGGGTTCATGGCCCA,1
TAGGGTTGTGCAGGAT,0
TAGGGTTGTTCAAGTC,0
TAGGGTTTCGCGTAGC,1000
TAGGGTTTCGTTGTGA,3
TAGGGTTTCTCCCAAC,2
TAGGTACAGAAACTGT,0
TAGGTACAGATTCGCT,0
TAGGTACAGCACCGAA,2
TAGGTACAGGCTTCCG,1000
TAGGTACAGTAGTGCG,0
TAGGTACCAACGTAAA,0
TAGGTACCAACTCCAA,1000
TAGGTACCACATAGCT,0
TAGGTACCACCTCTGT,2
TAGGTACCAGCTTCCT,1000
TAGGTACCAGGTGTTT,0
TAGGTACCATGGGTTT,0
TAGGTACCATTCAGGT,1
TAGGTACGTCACAGAG,0
TAGGTACGTGACAGGT,0
TAGGTACGTGAGGATC,0
TAGGTACGTGTGGTCC,0
TAGGTACGTTGGATCT,0
TAGGTACGTTTGGAAA,0
TAGGTACTCCAGTACA,0
TAGGTACTCTCCACTG,0
TAGGTACTCTTGGAAC,0
TAGGTTGAGGCAATGC,0
TAGGTTGAGTAGAATC,0
TAGGTTGGTAACTAAG,0
TAGGTTGGTCACTGAT,3
TAGGTTGGTCATCGCG,0
TAGGTTGGTCATGCAT,0
TAGGTTGGTCGAAACG,0
TAGGTTGGTGGTTTGT,2
TAGGTTGGTTTGGGAG,2
TAGGTTGTCAGACAAA,0
TAGGTTGTCCGTGGTG,0
TAGGTTGTCGAAGAAT,0
TAGGTTGTCGTGGGAA,0
TAGGTTGTCTAACACG,0
TAGGTTGTCTCACGAA,0
TAGTGCAAGACCAGAC,0
TAGTGCAAGCCAGTAG,0
TAGTGCAAGCCGTTGC,1
TAGTGCAAGGCTCCCA,0
TAGTGCAAGGTGCCAA,1
TAGTGCAAGTATAGGT,0
TAGTGCAAGTCAGGGT,0
TAGTGCAAGTCCCAAT,0
TAGTGCAAGTCTGCAT,0
TAGTGCACAACTACGT,0
TAGTGCACAAGCGCTC,0
TAGTGCACAATGAAAC,0
TAGTGCACACTCAAGT,0
TAGTGCAGTAATCAAG,1
TAGTGCAGTACGCTAT,1000
TAGTGCAGTTTACGTG,0
TAGTGCATCACGGGAA,0
TAGTGCATCTGGTGGC,2
TAGTGCATCTTACTGT,0
TATACCTAGAGAACCC,2
TATACCTAGCAGGCAT,0
TATACCTAGCTGACCC,0
TATACCTAGGAACTAT,0
TATACCTAGTACCATC,0
TATACCTAGTAGTCTC,0
TATACCTAGTTGGAAT,0
TATACCTCAACGTAAA,0
TATACCTCACCTCTGT,3
TATACCTGTAGTCGTT,0
TATACCTGTCATCTAG,0
TATACCTGTCTCGACG,0
TATACCTGTTGTTGCA,0
TATACCTTCACCGGGT,1000
TATACCTTCAGTGTTG,0
TATACCTTCGTCCTCA,0
TATACCTTCGTTCCCA,0
TATATCCAGATCGCTT,0
TATATCCAGATTCGCT,0
TATATCCAGGGAGGGT,0
TATATCCCAAAGGATT,2
TATATCCCAACAGATA,1
TATATCCCAGGAATAT,1
TATATCCCAGTAGTTC,0
TATATCCCATCTCAAG,0
TATATCCGTATCGTGT,0
TATATCCGTCGATTCA,0
TATATCCGTGATCGTT,0
TATATCCGTGGCTAGA,0
TATATCCGTTCTTCAT,0
TATATCCGTTCTTGTT,0
TATATCCGTTGCCTAA,0
TATATCCGTTGGGTAG,1
TATATCCTCACACGAT,1
TATATCCTCGGATTAC,2
TATCAGGCAAGATGTA,0
TATCAGGCACCTGTCT,0
TATCAGGCAGCAAGAC,0
TATCAGGCAGCACCCA,2
TATCAGGCAGGAATCG,0
TATCAGGCAGTGTACT,2
TATCAGGCATTGACCA,0
TATCAGGGTAAGCGGT,3
TATCAGGGTACGGTTT,0
TATCAGGGTAGAGATT,0
TATCAGGGTAGTCCTA,0
TATCAGGGTATCGAGG,0
TATCAGGGTGTGTCCG,0
TATCAGGTCCCATGGG,0
TATCCTAAGAGCATTA,1
TATCCTAAGAGGCTGT,0
TATCCTACAACCACAT,0
TATCCTACACGAAGAC,0
TATCCTACAGTGCGCT,0
TATCCTACATCCTCAC,3
TATCCTAGTAGGTCAG,0
TATCCTAGTCAGTCGC,0
TATCCTAGTGCCTGAC,1000
TATCCTAGTGGATGAC,0
TATCCTAGTGGTGATG,0
TATCCTAGTTCACCGG,0
TATCCTAGTTCTCTCG,0
TATCCTAGTTTCGTAG,3
TATCCTATCCTAACAG,0
TATCCTATCCTGTAGA,1
TATCCTATCGATAACC,0
TATCGCCAGGCTTAAA,3
TATCGCCCACTGCATA,1000
TATCGCCCATAATCGC,3
TATCGCCCATACTGTG,0
TATCGCCCATGGGTTT,1
TATCGCCGTAAGTCAA,0
TATCGCCGTAGTACGG,0
TATCGCCGTCTCAGGC,0
TATCGCCGTGTCTTCC,0
TATCGCCGTTATAGCC,0
TATCGCCTCAATCAGC,0
TATCGCCTCGAGTACT,0
TATCGCCTCTATCCAT,0
TATCGCCTCTCCCATG,1000
TATCGCCTCTCGTCAC,0
TATCTGTAGAAACCAT,0
TATCTGTAGATTGTGA,0
TATCTGTAGCCATCCG,0
TATCTGTAGCGACAGT,3
TATCTGTAGTGATAGT,0
TATCTGTCAACAGCTT,1000
TATCTGTCAACGATTC,0
TATCTGTCAACGGGTA,1
TATCTGTCACTTCAGA,0
TATCTGTCAGAGTAAT,0
TATCTGTCATCTTTCA,0
TATCTGTGTAACTGCT,0
TATCTGTGTGCGACAA,0
TATCTGTTCCACAGCG,1
TATCTGTTCGTCGATA,0
TATCTGTTCTAGCAAC,1000
TATCTTGAGACTCGAG,0
TATCTTGAGGCTGTAG,0
TATCTTGAGTCGAAGC,1
TATCTTGCAAGTGCAG,0
TATCTTGCACAATCTG,0
TATCTTGCAGACGCTC,1
TATCTTGGTAGAGGAA,0
TATCTTGGTCAAAGCG,0
TATCTTGGTGGCTAGA,0
TATCTTGGTTTACTGG,0
TATCTTGTCCGAAATC,3
TATCTTGTCGATGCTA,0
TATCTTGTCGTGGCGT,0
TATCTTGTCTGGCCGA,3
TATGTTCAGAGAAGGT,0
TATGTTCAGAGGCTGT,0
TATGTTCAGCGAGTCA,0
TATGTTCAGGCACCAA,0
TATGTTCAGGTTCCGC,2
TATGTTCCAAGGTACG,0
TATGTTCCAAGTTCGT,0
TATGTTCCACATTGTG,0
TATGTTCCACCCTTGT,0
TATGTTCGTTACCCTC,0
TATGTTCGTTAGGCTT,0
TATGTTCGTTCTCTAT,0
TATGTTCTCAACACGT,1
TATGTTCTCAGGAAGC,0
TATGTTCTCGCTCCTA,0
TATGTTCTCGGTTAGT,0
TATGTTCTCTCTCAAT,0
TATTCCAAGACTACGG,0
TATTCCAAGCAGTCTT,0
TATTCCAAGTCATCGT,2
TATTCCAAGTCATTGC,1
TATTCCACAAAGACTA,0
TATTCCACAAAGGAGA,2
TATTCCACACATCCCT,1000
TATTCCACACGCTGCA,0
TATTCCACAGTGTGCC,0
TATTCCACATGCCGAC,3
TATTCCACATTGAGGG,1000
TATTCCAGTATCGGTT,0
TATTCCAGTCAACCAT,0
TATTCCAGTCATCGCG,0
TATTCCAGTTGCTCCT,0
TATTCCATCATTATCC,0
TATTCCATCCAACCGG,0
TATTCCATCTCATTTG,1000
TATTGCTAGCAGCACA,1000
TATTGCTAGTAACCTC,0
TATTGCTAGTATGCAA,0
TATTGCTAGTCTGGAG,0
TATTGCTAGTGAGGTC,0
TATTGCTCACCCGTAG,0
TATTGCTCACTATCGA,1000
TATTGCTCACTGTGAT,3
TATTGCTCAGAGCCCT,1000
TATTGCTCAGGTGAGT,0
TATTGCTGTAGCCCTG,0
TATTGCTGTCGCAACC,0
TATTGCTGTGACCGTC,0
TATTGCTGTTGCCATA,0
TATTGCTGTTTACCAG,1000
TATTGCTTCAAGCCTA,0
TATTGCTTCATGAAAG,0
TATTGCTTCCGGGACT,3
TATTGCTTCCTGTTAT,0
TATTGGGAGAGTCAAT,0
TATTGGGAGATGATTG,0
TATTGGGAGCAGGTCA,1000
TATTGGGAGCGAAACC,0
TATTGGGAGGACACTG,0
TATTGGGAGGACGCTA,0
TATTGGGAGGCTTCCG,0
TATTGGGAGGGTGGGA,0
TATTGGGAGTGCGCTC,0
TATTGGGCAAACGGCA,0
TATTGGGCAACCACGC,0
TATTGGGCATGCCGGT,0
TATTGGGGTACGGATG,0
TATTGGGGTATACGGG,2
TATTGGGGTCCAGGTC,1000
TATTGGGTCCAACTGA,1
TATTGGGTCGAACCAT,0
TATTGGGTCGACGATT,1000
TATTGGGTCGGACTTA,0
TATTTCGAGCGTGTTT,0
TATTTCGAGCTAATGA,0
TATTTCGAGGTCCTGC,0
TATTTCGCACTGGATT,1
TATTTCGCATGGCTGC,1000
TATTTCGGTACCGTCG,2
TATTTCGGTAGTGATA,0
TATTTCGGTCAGGTGA,1
TATTTCGGTCCTGTTC,1000
TATTTCGGTCTGATCA,2
TATTTCGGTTCCGCTT,0
TATTTCGGTTGCTTGA,2
TATTTCGTCCCGAGTG,0
TATTTCGTCCCTTGTG,0
TATTTCGTCCGTACGG,2
TATTTCGTCGGAATGG,0
TATTTCGTCGGCTGGT,0
TATTTCGTCTCGTCGT,0
TATTTCGTCTGCGGCA,1
TCAAGACAGAAAGCGA,0
TCAAGACAGCACGATG,1000
TCAAGACAGCGACATG,0
TCAAGACCAACGGCTC,1000
TCAAGACCAATGTCTG,1000
TCAAGACCAATGTGGG,0
TCAAGACCATACACCA,0
TCAAGACGTCACCGAC,0
TCAAGACGTCGGAAAC,0
TCAAGACGTCGGTGAA,0
TCAAGACGTCTGTCAA,0
TCAAGACGTTCTCGCT,0
TCAAGACGTTGTTGCA,0
TCAAGACTCAAGATAG,3
TCAAGACTCCAGTACA,0
TCAAGACTCGGAGTGA,0
TCAAGCAAGAGTCTGG,0
TCAAGCAAGCTAGTTC,0
TCAAGCAAGCTCATAC,1000
TCAAGCAAGGAGTCTG,1
TCAAGCACAAACCGGA,0
TCAAGCACACAAGCCC,0
TCAAGCACACAGCCAC,0
TCAAGCACATGGACAG,0
TCAAGCAGTACTCGAT,1
TCAAGCAGTAGATTAG,0
TCAAGCAGTCAAATCC,1000
TCAAGCAGTCTTTCAT,0
TCAAGCATCAAGGCTT,0
TCAAGCATCACCCATC,3
TCAAGCATCATTCCTA,0
TCAAGCATCTCTGCCA,1000
TCAAGCATCTGAATCG,3
TCAAGTGAGCACCTGC,0
TCAAGTGAGCAGCGAT,0
TCAAGTGAGCTGTCCG,0
TCAAGTGAGGAACATT,0
TCAAGTGAGGCGTTGA,0
TCAAGTGCACCAGCTG,1
TCAAGTGCACGCTGAC,0
TCAAGTGCACTACCGG,0
TCAAGTGCAGAACGCA,0
TCAAGTGCAGCTGTTA,1000
TCAAGTGCATAAGCAA,0
TCAAGTGGTACAGCGA,1000
TCAAGTGGTCGGCCTA,3
TCAAGTGGTCTAACGT,0
TCAAGTGGTGATACAA,0
TCAAGTGTCTCCATAT,0
TCAATCTAGCTTCGTA,0
TCAATCTAGGCTCACC,0
TCAATCTAGTGCACAG,0
TCAATCTGTACACTCA,0
TCAATCTGTACTCAAC,0
TCAATCTGTTGTGGAG,0
TCAATCTTCAACCGAT,0
TCAATCTTCACTTGGA,0
TCAATCTTCCCGTAAA,0
TCAATCTTCGCCAATA,1000
TCAATCTTCGTTTACT,0
TCAATTCAGACTTCGT,1
TCAATTCAGCACACCC,0
TCAATTCAGCGATCGA,1
TCAATTCAGCTATCCA,0
TCAATTCAGTGAGTTA,3
TCAATTCAGTTAACGA,0
TCAATTCCAAAGGCGT,1000
TCAATTCCAATCAAGA,0
TCAATTCCAGAGCGTA,3
TCAATTCCATTGGCAT,1000
TCAATTCGTACTTGTG,0
TCAATTCGTATGAAGT,0
TCAATTCGTCTGATAC,3
TCAATTCGTGCCCTTT,0
TCAATTCGTTTAGTCG,0
TCAATTCTCAAGTCGT,0
TCAATTCTCCGCAGTG,0
TCAATTCTCCGCTGTT,0
TCAATTCTCCGGTTCT,0
TCAATTCTCTAAGCCA,0
TCAATTCTCTAGCAAC,0
TCAATTCTCTGAATGC,0
TCACAAGAGACACACG,1000
TCACAAGAGCACTAGG,0
TCACAAGAGCTCGACC,0
TCACAAGAGGAATTAC,3
TCACAAGAGGATGCGT,0
TCACAAGAGGCCTTGC,3
TCACAAGAGGTTCAGG,0
TCACAAGCACGGTGAA,3
TCACAAGCACTACCCT,0
TCACAAGCAGAATCGG,0
TCACAAGCAGTATTCG,1
TCACAAGCATCGGAGA,3
TCACAAGGTAGACTGG,0
TCACAAGGTAGTCACT,0
TCACAAGGTGGGCTCT,1000
TCACAAGTCCGAAGGA,0
TCACAAGTCGGATAAA,0
TCACAAGTCGTTCAGA,0
TCACAAGTCTGCGTCT,3
TCACAAGTCTGTTGGA,0
TCACACCAGCGTATGG,0
TCACACCCACTATGTG,0
TCACACCCAGAGGCTA,0
TCACACCCATGATAGA,1000
TCACACCGTACTAAGA,0
TCACACCGTCGTTTCC,0
TCACACCGTTCAAGTC,0
TCACACCTCAACTGAC,0
TCACACCTCAGAGCAG,0
TCACACCTCATACGGT,0
TCACACCTCATTCTTG,0
TCACACCTCGGTAAGG,1000
TCACACCTCTCGCTTG,0
TCACACCTCTCTCGCA,0
TCACACCTCTGAATCG,0
TCACATTAGATGCAGC,2
TCACATTAGCCGTTAT,2
TCACATTAGCCTATTG,0
TCACATTAGGACAAGA,0
TCACATTAGTAGCTCT,0
TCACATTCAACTACGT,1000
TCACATTCAAGTGTCT,1000
TCACATTCACAAGTGG,0
TCACATTCATGTGCCG,0
TCACATTGTATTTCTC,0
TCACATTGTGTAAACA,0
TCACATTGTTAATGAG,0
TCACATTTCAGGCGAA,0
TCACATTTCCATCAGA,0
TCACGCTAGAAATCCA,0
TCACGCTAGCATAGGC,0
TCACGCTAGGGTTAGC,0
TCACGCTAGTCGAATA,2
TCACGCTAGTCTGTAC,1000
TCACGCTAGTGTCATC,0
TCACGCTAGTTTCGAC,0
TCACGCTCAACCAACT,0
TCACGCTCACAAGTGG,0
TCACGCTCATTACTCT,0
TCACGCTGTATTGACC,2
TCACGCTGTTGCAACT,1
TCACGCTTCAAGCTGT,1
TCACGCTTCAGTCCGG,0
TCACGCTTCCACAAGT,0
TCACGCTTCGAACACT,1
TCACGCTTCGCTCTCA,0
TCACGCTTCGTGGGTC,0
TCACGCTTCTGTAACG,1
TCACGCTTCTTCACGC,0
TCACGGGAGCCAACCC,0
TCACGGGAGCCTCAAT,0
TCACGGGAGCTGTCCG,0
TCACGGGCAACCGTAT,0
TCACGGGCACACGTGC,1000
TCACGGGCAGATCATC,1
TCACGGGCAGTAGAAT,0
TCACGGGCATGACTAC,1
TCACGGGGTGATTAGA,0
TCACGGGTCCGCCTAT,0
TCACGGGTCCGGTTCT,3
TCACGGGTCTGAATGC,0
TCACTATAGAGGCGTT,0
TCACTATAGATGGCGT,1000
TCACTATAGTCACGAG,0
TCACTATAGTTGCCCG,2
TCACTATAGTTTCGAC,1
TCACTATCACTTCATT,0
TCACTATGTCCACACG,0
TCACTATGTGATACAA,0
TCACTATGTTCGGCGT,2
TCACTATTCCACTGAA,0
TCACTATTCCGTGGGT,0
TCACTCGAGATTGAGT,0
TCACTCGAGCGGGTTA,0
TCACTCGCAACTGTGT,0
TCACTCGCAATACCTG,1000
TCACTCGCACATAGCT,1
TCACTCGCACATCATG,1000
TCACTCGCAGCCCAGT,3
TCACTCGCAGTATGAA,0
TCACTCGCAGTCTCTC,1000
TCACTCGGTACTCCCT,2
TCACTCGGTAGCTTTG,0
TCACTCGGTGACCGTC,1
TCACTCGGTGCCTACG,0
TCACTCGGTGTTCAGT,0
TCACTCGGTTCATCTT,1
TCACTCGGTTCCGTTC,0
TCACTCGGTTTGGAGG,0
TCACTCGTCCCATGGG,0
TCACTCGTCCCGAGAC,0
TCACTCGTCCGCCTAT,0
TCACTCGTCTGAACGT,0
TCACTCGTCTGAGAAA,0
TCAGCAAAGACAAGCC,2
TCAGCAAAGTGAGGTC,1000
TCAGCAAAGTTGTCGT,0
TCAGCAACAGGCACAA,0
TCAGCAAGTTTCGATG,3
TCAGCAATCGCTTAAG,0
TCAGCCTAGACCAACG,0
TCAGCCTAGCTTTCTT,1
TCAGCCTCAGAGTGAC,0
TCAGCCTCAGGATGAC,0
TCAGCCTCATGACTGT,0
TCAGCCTCATGCCGGT,0
TCAGCCTCATGGCTGC,0
TCAGCCTGTACGGATG,3
TCAGCCTGTAGAATGT,0
TCAGCCTGTGACATCT,0
TCAGCCTGTGAGATTA,0
TCAGCCTGTGATACAA,0
TCAGCCTGTTCTCCAC,0
TCAGCCTTCACTGCTC,3
TCAGCCTTCCCAACTC,0
TCAGCCTTCGAACGCC,1
TCAGCCTTCGCGCCAA,0
TCAGCCTTCTAGCCAA,0
TCAGCCTTCTGCTAGA,0
TCAGCCTTCTTCAACC,0
TCAGGGCAGCGATCGA,0
TCAGGGCAGTAACAGT,0
TCAGGGCAGTATTAGG,0
TCAGGGCAGTCAATCC,0
TCAGGGCCAGAGTAAT,0
TCAGGGCCAGGTTCAT,1
TCAGGGCGTTGATGTC,0
TCAGGGCGTTGGACTT,1
TCAGGGCTCATCCTAT,0
TCAGGGCTCGACCTAA,0
TCAGGGCTCTTACACT,1000
TCAGGTAAGAATCCCT,2
TCAGGTAAGCGAGAAA,0
TCAGGTAAGCTGGCTC,0
TCAGGTAAGGAGTATT,0
TCAGGTAAGGTACAAT,0
TCAGGTAGTATACGGG,2
TCAGGTAGTCACTACA,0
TCAGGTAGTCCCTGAG,0
TCAGGTAGTGTGGACA,0
TCAGGTAGTTCTCCAC,0
TCAGGTAGTTGGGTAG,0
TCAGGTATCAAGCCCG,0
TCAGGTATCATGGAGG,0
TCAGGTATCCGTATAG,0
TCAGGTATCCGTGTCT,0
TCAGGTATCCTCACTG,2
TCAGGTATCTCGCAGG,0
TCAGGTATCTCGCTTG,0
TCAGGTATCTGAGTCA,0
TCAGGTATCTTACCGC,1000
TCAGTCCAGCAACCAG,0
TCAGTCCAGGTTCCGC,2
TCAGTCCAGTCCTGCG,2
TCAGTCCAGTGCCGAA,0
TCAGTCCCAGAGTGTG,1
TCAGTCCGTTCAGGTT,0
TCAGTCCTCCATCTCG,1000
TCAGTCCTCGAATCCA,3
TCAGTCCTCTCTGCTG,0
TCAGTCCTCTGAGGCC,0
TCAGTGAAGACGGAAA,0
TCAGTGAAGATGGTCG,0
TCAGTGAAGGGTTAAT,0
TCAGTGAAGGTTACAA,1000
TCAGTGAAGTATAACG,1000
TCAGTGAAGTTGCCTA,0
TCAGTGACAATTGGTC,1000
TCAGTGACACTAGGTT,0
TCAGTGAGTAACTTCG,0
TCAGTGAGTTACGCCG,1
TCAGTGATCTCATGGA,0
TCAGTTTAGAATTGTG,1
TCAGTTTAGAGCACTG,0
TCAGTTTAGCATTGTC,0
TCAGTTTCACTCCTGT,0
TCAGTTTGTAAGTAGT,3
TCAGTTTGTCCCGGTA,0
TCAGTTTGTCCGACGT,0
TCAGTTTGTGAATAAC,0
TCAGTTTGTGCGAACA,0
TCAGTTTGTGTCTCCT,1000
TCAGTTTGTGTGTGTT,0
TCAGTTTGTTAGCTAC,3
TCAGTTTGTTAGTCGT,3
TCAGTTTTCCAAGCAT,0
TCAGTTTTCCACACAA,0
TCAGTTTTCCACTGAA,0
TCAGTTTTCCTTTAGT,0
TCATACTAGCAAACAT,2
TCATACTAGCATGTTC,0
TCATACTAGTTTGTCG,2
TCATACTCAACCTATG,0
TCATACTCAACTGATC,1000
TCATACTCAAGAGGCT,0
TCATACTCAAGTATCC,1000
TCATACTCAGTGGTGA,0
TCATACTCAGTTGTTG,0
TCATACTGTAGCTTAC,0
TCATACTGTCATATGC,0
TCATACTGTGGCCCAT,0
TCATACTTCATCAGTG,0
TCATACTTCTCTCGCA,1000
TCATATCAGATAGCTA,0
TCATATCAGATCACTC,2
TCATATCAGCGCCATC,0
TCATATCAGCGTGAAC,1000
TCATATCAGGGAGGAC,1000
TCATATCAGTATAACG,0
TCATATCCAAATGAGT,1
TCATATCCAGCATTGT,0
TCATATCCATATACCG,0
TCATATCGTAATTAGG,0
TCATATCGTAGGAGGG,0
TCATATCGTGCACATT,1000
TCATATCGTGTCTCCT,0
TCATATCGTGTGGACA,1
TCATATCTCCATAGGT,0
TCATATCTCCATTTCA,0
TCATATCTCGCCTATC,0
TCATATCTCGCTTGAA,0
TCATCATAGTGCTCGC,2
TCATCATCAAACTCGT,0
TCATCATCACGAGAAC,0
TCATCATCACGGCGTT,0
TCATCATCAGTAGATA,0
TCATCATCAGTCTCTC,1000
TCATCATCATCACGGC,0
TCATCATGTAAGATAC,3
TCATCATGTCCCACGA,1000
TCATCATGTCGCAGTC,0
TCATCATGTCTGTCCT,1
TCATCATGTCTTAGTG,0
TCATCATGTGCAACGA,1000
TCATCATGTTTATGCG,0
TCATCATTCACTGCTC,1000
TCATCATTCATCCTGC,0
TCATCATTCATTCGGA,2
TCATCATTCCCTTGTG,0
TCATCATTCGCTCCTA,0
TCATCATTCTATCCAT,0
TCATCATTCTTCATCG,0
TCATCATTCTTCTGGC,1
TCATCATTCTTCTGTA,0
TCATCCGAGACCTCAT,0
TCATCCGAGAGACAAG,0
TCATCCGAGTACAACA,1000
TCATCCGAGTATTAGG,0
TCATCCGCAATCCAGT,0
TCATCCGCAGAGTAAT,0
TCATCCGCATCTTAGG,1000
TCATCCGCATGGACAG,0
TCATCCGCATTCCTCG,0
TCATCCGCATTGCCGG,2
TCATCCGGTACAGCGA,2
TCATCCGGTACTAAGA,0
TCATCCGGTCAAAGAT,0
TCATCCGGTTTACTGG,1
TCATCCGGTTTCGATG,0
TCATCCGTCCATCACC,0
TCATCCGTCCGATCTC,0
TCATCCGTCCTACGAA,0
TCATCCGTCGAAGCCC,0
TCATCCGTCTTGGAAC,0
TCATGAGAGAAGCCTG,0
TCATGAGAGACGGTCA,0
TCATGAGAGACTAAGT,0
TCATGAGAGGTAAAGG,0
TCATGAGAGTTAGTGA,1000
TCATGAGCACACCTTC,0
TCATGAGCACATCATG,0
TCATGAGCACATGAAA,1000
TCATGAGCACATTGTG,0
TCATGAGCACGCTATA,1000
TCATGAGCAGCGATTT,0
TCATGAGCAGCTTCCT,0
TCATGAGCATTCATCT,0
TCATGAGGTAGGACCA,0
TCATGAGGTCCGTTTC,0
TCATGAGGTGATCGTT,1000
TCATGAGGTTCTCGTC,2
TCATGAGGTTGCCTAA,3
TCATGAGTCCTGGGAC,0
TCATGAGTCCTTCTTC,0
TCATGAGTCGATGCTA,1
TCATGAGTCTTAGCTT,3
TCATGAGTCTTTCTAG,0
TCATGCCAGCCTCCAG,2
TCATGCCCAAGAATAC,0
TCATGCCCATGTGGCC,1000
TCATGCCGTCACAATC,1000
TCATGCCGTGGTCTGC,0
TCATGCCTCAGTGGGA,2
TCATGCCTCATAGCAC,0
TCATGCCTCATGCATG,0
TCATGCCTCTACTCAT,0
TCATGCCTCTGAGATC,0
TCATGCCTCTTCATGC,0
TCATGGAAGAAACCCG,1000
TCATGGAAGAGCTGAC,0
TCATGGAAGAGTTCGG,0
TCATGGAAGGAACGCT,0
TCATGGAAGTACTGGG,0
TCATGGACAACGCATT,0
TCATGGACAACTCATG,0
TCATGGACACCACTGG,0
TCATGGACAGGTGACA,3
TCATGGAGTAACCAGG,0
TCATGGAGTACAGAGC,0
TCATGGAGTATCCTCC,0
TCATGGAGTGAAGCGT,0
TCATGGATCGATGCAT,0
TCATGGATCGCAATGT,0
TCATGGATCGTCTACC,1000
TCATGGATCGTGCACG,0
TCATGGATCTGCGGCA,0
TCATGTTAGAATAACC,1000
TCATGTTAGCAATAAC,0
TCATGTTAGGCACTAG,0
TCATGTTAGTATGCAA,1000
TCATGTTAGTGAGTGC,0
TCATGTTCAAAGACGC,0
TCATGTTCAAGTTCCA,0
TCATGTTCACAATGAA,0
TCATGTTCACTATGTG,0
TCATGTTCAGATTCGT,1000
TCATGTTCAGCAGTGA,1000
TCATGTTCATCGGTTA,0
TCATGTTCATGAATCC,0
TCATGTTCATTGACAC,1000
TCATGTTGTCCGGTCA,0
TCATGTTGTTTATGCG,1
TCATGTTTCCTGTTAT,0
TCATGTTTCGTTAGTG,0
TCATGTTTCTGCCCTA,2
TCATTACAGCTACAAA,0
TCATTACAGGGCAGTT,0
TCATTACAGTCCTACA,1000
TCATTACAGTCTAGAA,0
TCATTACCAAGACGAC,0
TCATTACCACCCTTAC,0
TCATTACCACGCAAAG,1000
TCATTACGTCCTACAA,0
TCATTACGTCTACAGT,0
TCATTACGTGAGGAAA,0
TCATTACTCAGCATTG,0
TCATTACTCCTCCACA,0
TCATTACTCGCTACAA,3
TCATTCAAGATACTGA,0
TCATTCAAGCTGTCCG,0
TCATTCACACTCCTGT,0
TCATTCACAGAGGAAA,0
TCATTCACATCGTCCT,0
TCATTCACATGAGTAA,0
TCATTCAGTGCAGATG,3
TCATTCATCACTTCTA,1000
TCATTCATCCACAGCG,0
TCATTCATCCGTAATG,0
TCATTCATCGAGATAA,3
TCATTCATCTCTTCAA,0
TCATTGTAGAGCCCAA,0
TCATTGTAGAGGGTAA,0
TCATTGTAGCAGGGAG,0
TCATTGTAGCGTGCTC,0
TCATTGTAGCTTCGTA,0
TCATTGTAGTCAACAA,0
TCATTGTAGTTAGAAC,1
TCATTGTCAACCTATG,0
TCATTGTCACCTGATA,0
TCATTGTCAGAGATGC,2
TCATTGTCAGGATTCT,0
TCATTGTCAGGCTACC,1000
TCATTGTCAGTACTAC,3
TCATTGTCATCGGAGA,0
TCATTGTGTACCATAC,0
TCATTGTGTCAGCTTA,0
TCATTGTGTCCACACG,0
TCATTGTGTGAGTGAC,3
TCATTGTGTGATGTAA,1000
TCATTGTGTTACGCCG,3
TCATTGTGTTCCGGTG,2
TCATTGTGTTGCCGCA,1
TCATTGTTCCGATTAG,0
TCATTGTTCGCGATCG,0
TCATTGTTCTGAATCG,0
TCATTGTTCTTAAGGC,1000
TCATTGTTCTTTGCGC,2
TCATTTGAGATGTAGT,0
TCATTTGAGCATTGAA,0
TCATTTGAGGTGCATG,2
TCATTTGAGTCGAGGT,2
TCATTTGCACGCCAGT,0
TCATTTGCATTGGCAT,1000
TCATTTGGTCAGACGA,0
TCATTTGGTCCAGCGT,0
TCATTTGGTGGCAGAT,0
TCATTTGGTGTTTACG,0
TCATTTGTCTCAACGA,0
TCCACCAAGAAACCCG,3
TCCACCAAGACAACTA,0
TCCACCAAGATGCGAC,2
TCCACCAAGCGTTGTT,1
TCCACCAAGTCGTCTA,0
TCCACCAAGTGGTGAC,0
TCCACCACAAGGACAC,0
TCCACCACAATGAAAC,2
TCCACCACACATCCCT,1000
TCCACCACATAATGAG,0
TCCACCACATGATAGA,1000
TCCACCAGTACTTCCC,0
TCCACCAGTCACTTAG,0
TCCACCAGTCGTAATC,1000
TCCACCATCCCTGGTT,0
TCCACCATCCGACGGT,2
TCCACCATCTACCACC,1000
TCCACGTAGAAATGGG,0
TCCACGTAGACTGTTC,1
TCCACGTAGCTAAACA,0
TCCACGTAGCTTAAGA,1
TCCACGTAGGAAAGAC,0
TCCACGTAGGGCTTCC,0
TCCACGTCATATCTCT,3
TCCACGTCATGTCAGT,1
TCCACGTGTGTTACTG,0
TCCACGTGTTAACCTG,0
TCCACGTGTTATCTTC,0
TCCACGTTCCATTGCC,0
TCCACGTTCCCTAGGG,1
TCCACGTTCCCTCAAC,2
TCCACGTTCCGGTAAT,0
TCCACGTTCTCGAGTA,0
TCCAGAAAGCGCACAA,0
TCCAGAAAGTGCACCC,2
TCCAGAACAAACGTGG,0
TCCAGAACATGGCCAC,0
TCCAGAAGTACTCGCG,0
TCCAGAAGTAGCTTTG,0
TCCAGAAGTGCCCTTT,0
TCCAGAAGTGTGTTTG,0
TCCAGAAGTTGAATCC,0
TCCAGAATCAGACCTA,0
TCCAGAATCATTATCC,0
TCCAGAATCCCGAATA,0
TCCAGAATCCGATAGT,0
TCCAGAATCGTCCTTG,3
TCCAGAATCTCTCAAT,1000
TCCATCGAGAAGCGGG,0
TCCATCGAGAGGATGA,0
TCCATCGAGCGAACTG,0
TCCATCGAGCTAAACA,3
TCCATCGAGTTGTCGT,1000
TCCATCGCACACCTGG,0
TCCATCGCACCCTAAA,3
TCCATCGCACCTTCCA,0
TCCATCGCACCTTCGT,2
TCCATCGCACTCATAG,1000
TCCATCGGTGCAACAG,1
TCCATCGGTTCATCGA,0
TCCATCGTCCTACCAC,0
TCCATCGTCGAAGAAT,2
TCCATCGTCGAGAGCA,1000
TCCATCGTCGAGTACT,1000
TCCATGCAGACATGCG,2
TCCATGCAGATAGCTA,0
TCCATGCAGATTGCGG,1000
TCCATGCAGGACAAGA,2
TCCATGCAGGTTCTTG,0
TCCATGCAGTTCCGTA,1000
TCCATGCCAAATCAGA,1
TCCATGCCAACCCTCT,2
TCCATGCCACGTTGGC,0
TCCATGCGTATGTCAC,0
TCCATGCGTGTTCATG,2
TCCATGCTCATTTCGT,0
TCCATGCTCTCGGCTT,1000
TCCATGCTCTTCCACG,0
TCCCACAAGCAATTAG,0
TCCCACAAGCGGTAAC,0
TCCCACAAGGTTTGAA,1000
TCCCACACAACCGATT,0
TCCCACACAAGAGGTC,0
TCCCACACACCCTAGG,0
TCCCACACACCTCGTT,2
TCCCACACACGGTGAA,0
TCCCACAGTAGCGATG,0
TCCCACAGTCCGGTGT,1000
TCCCACAGTGGACTGA,0
TCCCACAGTTGCGGCT,0
TCCCACAGTTTCGCTC,3
TCCCACATCACGTAGT,0
TCCCACATCGGAATTC,3
TCCCACATCGGTCGGT,0
TCCCACATCTAGAACC,0
TCCCACATCTCTTGCG,0
TCCCACATCTTCACGC,0
TCCCAGTAGAAGTCCG,0
TCCCAGTAGAATCGTA,0
TCCCAGTAGAGTCGAC,1
TCCCAGTAGCATGCGA,0
TCCCAGTAGGTTGTTC,0
TCCCAGTAGTAGTCTC,0
TCCCAGTCAGCATTGT,0
TCCCAGTCAGGCCTGT,0
TCCCAGTCAGTTTCAG,0
TCCCAGTCATTGTGCA,0
TCCCAGTGTCCAGCCA,0
TCCCAGTGTGGAGAAA,0
TCCCAGTTCAAATAGG,2
TCCCAGTTCCCATAAG,1000
TCCCAGTTCCCTAGGG,1000
TCCCAGTTCGTAGAGG,3
TCCCAGTTCTCTTGCG,0
TCCCAGTTCTTCTGTA,0
TCCCATGAGAACCGCA,0
TCCCATGAGCTAGCCC,1
TCCCATGAGCTGGCCT,0
TCCCATGAGGATTACA,0
TCCCATGAGGCACCAA,2
TCCCATGGTAATTGGA,0
TCCCATGGTACGGATG,0
TCCCATGGTATGCGTT,0
TCCCATGGTCCAGCAC,0
TCCCATGGTGTCCGTG,0
TCCCATGGTTTGGGAG,3
TCCCATGTCAGCGCAC,1
TCCCATGTCATAGCAC,0
TCCCATGTCATGGGAG,0
TCCCATGTCCTACACC,2
TCCCATGTCCTGCCAT,0
TCCCATGTCGCAGATT,2
TCCGAAAAGCCGATCC,0
TCCGAAAAGCGATTCT,0
TCCGAAAAGGCCTTGC,0
TCCGAAAAGGCGCTTC,2
TCCGAAAAGGGTAATT,0
TCCGAAACAAATGAAC,0
TCCGAAAGTACAAGTA,0
TCCGAAAGTATCCTTT,0
TCCGAAATCCTATGGA,0
TCCGAAATCGAGCCTG,0
TCCGAAATCTAGGCCG,1
TCCGATCAGCCTGACC,3
TCCGATCAGCGCTTCG,2
TCCGATCAGCGTATAA,0
TCCGATCAGGCAGCTA,0
TCCGATCAGGCTAAAT,0
TCCGATCAGTGGAAGA,2
TCCGATCCACAATCTG,1
TCCGATCCAGAAACCG,0
TCCGATCGTACGACTT,0
TCCGATCGTGTTACTG,0
TCCGATCGTTCCTACC,2
TCCGATCTCATCAGTG,0
TCCGGGAAGACCATAA,1000
TCCGGGAAGCACGTCC,0
TCCGGGAAGCGGATCA,1
TCCGGGAAGTAAGAGG,3
TCCGGGAAGTCTTCGA,0
TCCGGGACAAACACGG,0
TCCGGGAGTAACCCGC,0
TCCGGGAGTACAGAGC,0
TCCGGGAGTAGTTAGA,0
TCCGGGAGTGTCCCTT,2
TCCGGGAGTTAGTTCG,0
TCCGGGAGTTCTCACC,1000
TCCGGGATCAAACGAA,2
TCCGGGATCACAACCA,2
TCCGGGATCAGAACCT,0
TCCGGGATCATCCCGT,3
TCCGGGATCCGATGTA,1000
TCCGGGATCCTAACAG,0
TCCGTGTAGATGTTAG,0
TCCGTGTCACAACGAG,0
TCCGTGTCAGACGCTC,0
TCCGTGTCATAATGCC,0
TCCGTGTCATGTGGCC,0
TCCGTGTGTAGAGCTG,2
TCCGTGTGTCCAGAAG,1000
TCCGTGTGTCGTTCAA,2
TCCGTGTGTCTGGTTA,0
TCCGTGTGTTTGGGTT,0
TCCGTGTTCCATCCGT,0
TCCGTGTTCCTACCGT,0
TCCGTGTTCGATTGAC,2
TCCGTGTTCGCCTATC,0
TCCGTGTTCGTGGAAG,2
TCCTAATAGCAGCGAT,1
TCCTAATAGTATGGCG,0
TCCTAATCAGATTAAG,0
TCCTAATCAGCGTGAA,0
TCCTAATCATCGCTGG,0
TCCTAATCATGAATCC,0
TCCTAATCATGAGATA,0
TCCTAATGTAGACGGT,0
TCCTAATGTCCTGTCT,0
TCCTAATGTTAGCGGA,0
TCCTAATGTTGGACTT,0
TCCTAATTCACGGTCG,2
TCCTAATTCGTTCCTG,0
TCCTAATTCTAGAGCT,1000
TCCTAATTCTGCGGGT,0
TCCTCCCAGCGGATCA,0
TCCTCCCAGCTGTCCG,0
TCCTCCCAGGTCTACT,0
TCCTCCCAGTGCAGCA,0
TCCTCCCCAACCGACC,0
TCCTCCCCAACGTATC,0
TCCTCCCCAGAAGTGC,0
TCCTCCCCAGACTGCC,1000
TCCTCCCCAGTGGTGA,1000
TCCTCCCCATTCTTCA,0
TCCTCCCGTATGCGGA,0
TCCTCCCGTCGCTGCA,0
TCCTCCCGTCTGATCA,3
TCCTCCCGTGACTGAG,0
TCCTCCCGTGGAGGTT,0
TCCTCCCGTGGCAGAT,1
TCCTCCCGTTTGAACC,1
TCCTCCCTCATCCCGT,2
TCCTCCCTCCCTTGTG,0
TCCTCCCTCGAGTTGT,0
TCCTCCCTCGCAAGAG,0
TCCTCCCTCGGCACTG,2
TCCTCCCTCTAAGCCA,0
TCCTCCCTCTGACGCG,1000
TCCTCCCTCTTCTTCC,0
TCCTCGAAGACAGCGT,0
TCCTCGAAGAGTGAAG,0
TCCTCGAAGTGGTTAA,1
TCCTCGACAATACGAA,0
TCCTCGACACATTGTG,1000
TCCTCGACACCGTGCA,2
TCCTCGACACGACCTG,0
TCCTCGACAGAGGCTA,0
TCCTCGACATCATTTC,0
TCCTCGACATGGAGAC,2
TCCTCGAGTAGGTAGC,0
TCCTCGAGTCTAGTGT,1
TCCTCGAGTTCTAAGC,0
TCCTCGATCAAGAAAC,1000
TCCTCGATCAGCAATC,0
TCCTCGATCAGCTGTA,0
TCCTCGATCGCAATGT,0
TCCTCGATCGCCAGAC,1000
TCCTCGATCGTCTAAG,0
TCCTCGATCTCTGCCA,1000
TCCTCTTAGAAGGGAT,1
TCCTCTTAGTATGGCG,2
TCCTCTTCAACGAGGT,0
TCCTCTTCAGGAGACT,0
TCCTCTTCATAACAGA,0
TCCTCTTGTAATGCTC,0
TCCTCTTGTAGGTAGC,0
TCCTCTTGTCACATTG,0
TCCTCTTGTCCAGCAC,0
TCCTCTTGTCCTCCAT,3
TCCTCTTGTCTACAGT,0
TCCTCTTGTGAATGTA,1000
TCCTCTTGTGACTGAG,0
TCCTCTTGTGTGACCC,0
TCCTCTTGTTAAGTCC,0
TCCTCTTTCCAAATGC,0
TCCTCTTTCGAAGCCC,0
TCCTCTTTCGTGGCTG,2
TCCTCTTTCTCGGCTT,0
TCCTCTTTCTTACCAT,2
TCCTGCAAGGAGTACC,0
TCCTGCAAGGCACGAT,0
TCCTGCAGTCCAGGTC,0
TCCTGCAGTGGTCCCA,2
TCCTGCATCATGCCAA,0
TCCTGCATCCAGTACA,0
TCCTGCATCCGTGTGG,2
TCCTGCATCGCTGATA,0
TCCTGCATCGGAATGG,0
TCCTGCATCTTCGTGC,1000
TCCTTCTAGACTACGG,1000
TCCTTCTAGCCAGTAG,1000
TCCTTCTAGCGTGCTC,0
TCCTTCTAGCGTTACT,0
TCCTTCTAGGCTGAAC,0
TCCTTCTAGGTAATCA,0
TCCTTCTAGGTAGTAT,0
TCCTTCTAGGTCTACT,0
TCCTTCTCATACTGTG,1
TCCTTCTCATCCTTCG,0
TCCTTCTGTACAAGCG,2
TCCTTCTGTATGTCCA,0
TCCTTTCAGACGGTCA,1000
TCCTTTCAGCACTGGA,0
TCCTTTCAGTTCATGC,0
TCCTTTCCAACTCGTA,1
TCCTTTCCACAGAAGC,1000
TCCTTTCCAGAGACTG,0
TCCTTTCCAGCAGACA,0
TCCTTTCCATAACCCA,1000
TCCTTTCGTCCCGTGA,0
TCCTTTCGTTCAGGTT,0
TCCTTTCTCCCGAGAC,0
TCCTTTCTCTACCAGA,0
TCCTTTCTCTAGTACG,0
TCGAACAAGGAAGTGA,0
TCGAACACATGAATCC,0
TCGAACAGTAGTCTTG,0
TCGAACAGTCAAGCGA,0
TCGAACAGTGATTCAC,0
TCGAACAGTTCCTAAG,3
TCGAACATCAACTGAC,0
TCGAACATCACCTGGG,0
TCGAACATCAGTGTTG,3
TCGAACATCCACTTTA,0
TCGAACATCCAGTACA,0
TCGAACATCCATTCAT,0
TCGAACATCGGCTGAC,0
TCGAAGTAGCGAGGAG,2
TCGAAGTAGCGGTATG,2
TCGAAGTAGGAATGTT,0
TCGAAGTAGGCTAGCA,0
TCGAAGTAGGCTCTCG,0
TCGAAGTAGTGGATAT,0
TCGAAGTAGTTCTCTT,0
TCGAAGTCAACATACC,0
TCGAAGTCAACCTATG,0
TCGAAGTCATAGACTC,2
TCGAAGTCATCCCGTT,0
TCGAAGTGTATCATGC,0
TCGAAGTGTATGCTAC,0
TCGAAGTGTCCCGCAA,0
TCGAAGTGTGACCTGC,0
TCGAAGTGTGTAAATG,0
TCGAAGTGTTTCGACA,0
TCGAAGTTCAAAGCCT,1000
TCGAAGTTCACCCTTG,0
TCGAAGTTCCGTCCTA,0
TCGAAGTTCCTTACCG,0
TCGACCTAGGCATCAG,0
TCGACCTCAGGCACTC,0
TCGACCTCAGGTTCCG,1000
TCGACCTCATGAGGGT,0
TCGACCTGTGCGAGTA,0
TCGACCTGTGGCCCAT,0
TCGACCTTCAAGAATG,0
TCGACCTTCAGGACGA,3
TCGACCTTCCGAGCTG,0
TCGACCTTCCTAAACG,0
TCGACCTTCTAAGAAG,0
TCGACCTTCTCACGAA,1000
TCGACGGAGAAGCCTG,0
TCGACGGAGAGATCGC,0
TCGACGGAGCGGTATG,0
TCGACGGAGTTCTACG,0
TCGACGGCAAATGCGG,1
TCGACGGCAACCACAT,0
TCGACGGCACGCTATA,1000
TCGACGGCAGAGGAAA,0
TCGACGGCAGAGGGTT,0
TCGACGGCATCTCATT,0
TCGACGGCATGAAGCG,0
TCGACGGGTACTCGCG,0
TCGACGGGTCGTTTCC,2
TCGACGGGTGAATTGA,0
TCGACGGTCACCGGTG,0
TCGACGGTCCAAGGGA,0
TCGACGGTCGGAACTT,1
TCGACGGTCGGCACTG,0
TCGACGGTCTCCGAGG,0
TCGATTTAGAATAGTC,0
TCGATTTAGACCGTTT,0
TCGATTTAGCCTGACC,0
TCGATTTAGGAAAGAC,0
TCGATTTAGGAAAGGT,0
TCGATTTCAATCACGT,0
TCGATTTCAATTGAGA,0
TCGATTTCACATTGTG,0
TCGATTTCAGCGTTGC,1
TCGATTTCATGAATAG,2
TCGATTTGTCCTTGTC,1000
TCGATTTGTGTCTTAG,2
TCGATTTGTTGTCTAG,0
TCGATTTTCACGGAGA,3
TCGATTTTCTCCTGCA,0
TCGCACTAGGTAGGCT,0
TCGCACTCAAACGAGC,2
TCGCACTCAACACACT,1
TCGCACTCAGAAATCA,0
TCGCACTCAGGTTTAC,0
TCGCACTCATGCGTGC,1
TCGCACTGTAATTGGA,0
TCGCACTGTACTAAGA,3
TCGCACTGTCATCCCT,1
TCGCACTGTGAGTGAC,2
TCGCACTGTGGGCTTC,0
TCGCACTTCAAAGCCT,0
TCGCACTTCCGCACGA,0
TCGCACTTCCTGTTGC,3
TCGCACTTCTCGTCAC,3
TCGCAGGAGCAAATGT,0
TCGCAGGAGTGCCCGT,0
TCGCAGGCAACAGAGC,0
TCGCAGGCACGCTGAC,0
TCGCAGGCATCCAATG,0
TCGCAGGCATTCTGTT,0
TCGCAGGGTAGACGTG,0
TCGCAGGGTAGATTAG,2
TCGCAGGGTATGACAA,0
TCGCAGGGTCATATGC,3
TCGCAGGGTCGAACAG,0
TCGCAGGGTTGCTCAA,0
TCGCAGGTCCATTGTT,0
TCGCAGGTCCGTGGCA,1000
TCGCTCAAGCATCTTG,1000
TCGCTCAAGGTGCCAA,0
TCGCTCACAATGCTCA,1
TCGCTCACACACCTTC,0
TCGCTCACACTACTTT,0
TCGCTCACAGAAGCGT,0
TCGCTCACATAGTCAC,0
TCGCTCACATTACGGT,0
TCGCTCAGTCCCTGTT,0
TCGCTCATCAACTGGT,0
TCGCTCATCCTTCTTC,0
TCGCTCATCGCCACTT,2
TCGCTCATCGGATACT,0
TCGCTTGAGATCCGAG,1000
TCGCTTGAGCCTATTG,1
TCGCTTGAGCTCTTCC,0
TCGCTTGAGTAGACAT,0
TCGCTTGAGTCACTAC,2
TCGCTTGCAACAGAGC,0
TCGCTTGCAGAAATTG,0
TCGCTTGCAGGGAGAG,1000
TCGCTTGGTAGCTTAC,1000
TCGCTTGGTAGGACCA,0
TCGCTTGGTCAACCTA,0
TCGCTTGGTGATACCT,0
TCGCTTGGTGTATACC,0
TCGCTTGTCTACTTCA,0
TCGCTTGTCTGAGAGG,0
TCGCTTGTCTGGGAGA,1
TCGCTTGTCTTACTGT,1000
TCGGATAAGCTTGTTG,0
TCGGATAAGTGCCAGA,0
TCGGATACAACTTGGT,1000
TCGGATACACCGTGAC,1
TCGGATAGTTGGGACA,1000
TCGGATATCCAGGACC,0
TCGGATATCGCTTTAT,0
TCGGATATCGTTCATT,1000
TCGGATATCTCCTGAC,0
TCGGGACAGCCATTGT,0
TCGGGACAGCCTCAGC,3
TCGGGACAGCGACCCT,0
TCGGGACAGGATACAT,0
TCGGGACAGTCGAAGC,0
TCGGGACCATTCACAG,0
TCGGGACGTAACATGA,0
TCGGGACGTCATCGGC,1000
TCGGGACGTCGTTGGC,0
TCGGGACGTTCAAGGG,1
TCGGGACTCCGCAAAT,0
TCGGGACTCTGCTTTA,0
TCGGGACTCTTACACT,0
TCGGGACTCTTCACAT,0
TCGGGACTCTTCTTCC,0
TCGGGCAAGCATCCCG,1000
TCGGGCAAGCGACATG,0
TCGGGCAAGGTCCCGT,0
TCGGGCAAGTCTAACC,0
TCGGGCACACCAGCCA,0
TCGGGCACACCCTGTT,0
TCGGGCACATGAAGGC,0
TCGGGCAGTACAGTAA,1
TCGGGCAGTAGGAGGG,1000
TCGGGCAGTATTTCTC,0
TCGGGCAGTCAACACT,1
TCGGGCAGTCAACCAT,3
TCGGGCAGTCTTGCTC,2
TCGGGCAGTGAATTGA,1
TCGGGCAGTTCGAAGG,0
TCGGGCAGTTCGGTAT,0
TCGGGCAGTTGGGATG,0
TCGGGCATCACGATCA,0
TCGGGCATCACGGTCG,3
TCGGGCATCATGCATG,0
TCGGGCATCCATACTT,0
TCGGGCATCGCAAGAG,2
TCGGGCATCTACACAG,0
TCGGGTGAGACTACCT,0
TCGGGTGAGCTACAAA,0
TCGGGTGCACAGTCAT,0
TCGGGTGCAGAGGTTG,0
TCGGGTGCATCATCTT,0
TCGGGTGGTACTAGCT,0
TCGGGTGGTCATGGCC,3
TCGGGTGGTCCGCAGT,0
TCGGGTGGTGCAACGA,0
TCGGGTGGTGTCCGGT,0
TCGGGTGGTTAGGGAC,0
TCGGGTGTCAGTGTGT,0
TCGGGTGTCCTGCCAT,0
TCGGGTGTCGAACGGA,0
TCGGGTGTCGGATACT,1
TCGGGTGTCGGTAACT,0
TCGGGTGTCGGTCGGT,2
TCGGTCTAGACAGCTG,1000
TCGGTCTAGACCTTTG,0
TCGGTCTAGCACTTTG,0
TCGGTCTCAGCTGCCA,0
TCGGTCTCAGTATGAA,1
TCGGTCTCATTCAGCA,0
TCGGTCTGTCCCTAAA,0
TCGGTCTGTTGTTGAC,0
TCGGTCTTCATCGCAA,1000
TCGTAGAAGAAGGGAT,0
TCGTAGAAGACCAGAC,0
TCGTAGAAGGCGACAT,3
TCGTAGAAGTCTGGTT,0
TCGTAGAAGTGGGAAA,0
TCGTAGACACCGGAAA,1000
TCGTAGACAGCCTACG,0
TCGTAGACAGGACAGT,0
TCGTAGACATCGGAGA,0
TCGTAGACATGATAGA,3
TCGTAGAGTGAGTAAT,3
TCGTAGAGTTCGCGTG,0
TCGTAGATCCGACATA,1
TCGTAGATCGACATTG,0
TCGTAGATCGACGAGA,0
TCGTAGATCGCATTAG,0
TCGTAGATCGTAGGGA,0
TCGTCCAAGGAGATAG,0
TCGTCCAAGGGTTTCT,0
TCGTCCACAACGCCCA,0
TCGTCCACACTAGGCC,2
TCGTCCACATCTCAAG,0
TCGTCCAGTACCCGAC,0
TCGTCCAGTACCTATG,0
TCGTCCAGTATGGTAA,0
TCGTCCAGTCCGGACT,1000
TCGTCCAGTCTAGGCC,2
TCGTCCAGTGACACAG,2
TCGTCCAGTGCTTATG,0
TCGTCCAGTTCAGCGC,0
TCGTCCATCACCATCC,1000
TCGTGCTAGATCACTC,0
TCGTGCTAGCAATAGT,0
TCGTGCTAGTGGCAGT,2
TCGTGCTAGTTTCGAC,3
TCGTGCTCACGCTGCA,3
TCGTGCTCACGTGTGC,1000
TCGTGCTCATCGTTCC,0
TCGTGCTCATCTAACG,1
TCGTGCTCATCTCATT,1
TCGTGCTGTCAGACTT,0
TCGTGCTGTCCAGCAC,0
TCGTGCTGTCTAGATC,0
TCGTGCTGTGATACTC,2
TCGTGCTTCAAGAAAC,0
TCGTGCTTCAGGCGAA,3
TCGTGCTTCCAACTGA,0
TCGTGCTTCCGAGTGC,0
TCGTGCTTCTCACCCA,2
TCGTGCTTCTCCGCAT,3
TCGTGCTTCTTGCAAG,0
TCGTGGGAGCAGGTCA,1000
TCGTGGGAGCCTATCA,0
TCGTGGGAGGAGGCAG,1000
TCGTGGGCAATTTCGG,2
TCGTGGGCACATAGCT,0
TCGTGGGCACGTCGGT,0
TCGTGGGCACTGCATA,2
TCGTGGGCATGATAGA,0
TCGTGGGGTGGGTCAA,0
TCGTGGGTCATTTGCT,0
TCGTGGGTCCGCAGTG,0
TCGTGGGTCCGTGTGG,0
TCGTGGGTCGCTATTT,0
TCGTGGGTCGTCGACG,2
TCGTGGGTCTAAGCGT,0
TCTAACTAGCCATTTG,1
TCTAACTCAAAGCAAT,0
TCTAACTCAGAATTCC,0
TCTAACTCATAATGCC,0
TCTAACTCATCGTCCT,2
TCTAACTCATTGTCGA,0
TCTAACTGTCGTTATG,0
TCTAACTGTCTGTGGC,0
TCTAACTGTCTTTCAT,0
TCTAACTGTGCCTGAC,0
TCTAACTTCCGGGACT,1
TCTAACTTCGCGTGAC,0
TCTAACTTCTGCTTTA,0
TCTAACTTCTTCCACG,0
TCTAACTTCTTGGAAC,3
TCTACATAGTTACGTC,0
TCTACATCAAGTACCT,0
TCTACATCAATGGCCC,0
TCTACATCAGGCTACC,0
TCTACATCAGGTTCGC,1
TCTACATCAGGTTTAC,0
TCTACATCAGTCAGTT,1000
TCTACATCAGTTTGGT,0
TCTACATGTGCTCTTC,1
TCTACATGTTAGGCCC,0
TCTACATTCAGGGATG,2
TCTACATTCATCACTT,0
TCTACATTCCGAGGCT,2
TCTACATTCCTGATAG,0
TCTACATTCGGTAACT,0
TCTACATTCTTGGTCC,0
TCTACCGAGGGCGAAG,0
TCTACCGAGGTTCCGC,0
TCTACCGAGTGCTACT,1
TCTACCGAGTGGTGGT,0
TCTACCGCACGCAGTC,0
TCTACCGCAGCAGTGA,0
TCTACCGCATCAGCAT,1000
TCTACCGCATGAAAGT,1000
TCTACCGGTACCGTGC,0
TCTACCGGTATTGCCA,0
TCTACCGGTCGTGATT,1000
TCTACCGTCAGCGTCG,2
TCTACCGTCATGAGGG,0
TCTACCGTCCAGTGCG,3
TCTACCGTCCTACAAG,1
TCTACCGTCGGAAACG,0
TCTACCGTCGGTCTAA,0
TCTACCGTCTCTGAGA,1000
TCTATACAGACGCCAA,0
TCTATACAGAGTTGAT,1000
TCTATACAGCCTGTCG,0
TCTATACAGCTTTGTG,3
TCTATACAGGTTACAA,0
TCTATACCAAGAGTAT,0
TCTATACCACTATGTG,0
TCTATACCAGGCGATA,0
TCTATACCAGTAGAGC,0
TCTATACGTAACGGTG,0
TCTATACGTATTCCTT,0
TCTATACGTCGCTCGA,0
TCTATACTCGTTCGCT,0
TCTATCAAGAAATCCA,0
TCTATCAAGCAGCACA,0
TCTATCAAGCCTTTGA,0
TCTATCAAGCGAGTCA,0
TCTATCAAGGGCTGAT,0
TCTATCAAGTGGTCAG,2
TCTATCAAGTTGCCTA,1
TCTATCAAGTTGTAAG,0
TCTATCACAAGACAAT,0
TCTATCACACAGCTGC,1
TCTATCACAGCGACAA,0
TCTATCACATGAAGCG,0
TCTATCAGTATTTCTC,0
TCTATCAGTCATAACC,0
TCTATCAGTCTCTCCA,0
TCTATCAGTGGTTTAC,0
TCTATCAGTTCCGCGA,0
TCTATCATCAGCTAGT,1000
TCTATCATCATACAGC,0
TCTATCATCATGGTAC,0
TCTATCATCGTGAGAG,2
TCTATCATCTGTACAG,0
TCTCACGAGATTACCC,1
TCTCACGAGGATGAGA,1000
TCTCACGAGTGGACTG,0
TCTCACGCAGGCATTT,0
TCTCACGCAGTAGAAT,0
TCTCACGCATAGTCAC,0
TCTCACGCATGCCATA,0
TCTCACGCATGCCGGT,0
TCTCACGGTCTCGACG,1
TCTCACGGTGAGTAGC,1
TCTCACGGTGTGTCCG,0
TCTCACGGTTTGACAC,0
TCTCACGTCAAGTAAG,0
TCTCACGTCAGTCCGG,2
TCTCACGTCCACCCTA,0
TCTCACGTCCATAGAC,3
TCTCACGTCGACGCTG,0
TCTCACGTCTTAATCC,1000
TCTCAGCAGCATTTGC,2
TCTCAGCAGCCACTCG,0
TCTCAGCCAAAGGCGT,1
TCTCAGCCAGCGACCT,0
TCTCAGCCATCTTTCA,2
TCTCAGCCATTCAGGT,0
TCTCAGCGTAAGCGGT,1
TCTCAGCGTATAATGG,0
TCTCAGCGTGAGACGT,0
TCTCAGCGTGAGTTTC,0
TCTCAGCTCAGAACCT,0
TCTCAGCTCCTCGCAT,0
TCTCAGCTCCTGTACC,0
TCTCAGCTCGGAGCAA,0
TCTCCGAAGACCAGCA,0
TCTCCGAAGCAGTCTT,0
TCTCCGAAGTCTCCTC,1000
TCTCCGACAACGATTC,0
TCTCCGACAGATCACT,0
TCTCCGACAGTCAGAG,0
TCTCCGAGTGCTCGTG,0
TCTCCGAGTGGTCTTA,0
TCTCCGATCCATCACC,1
TCTCCGATCTCTCAAT,0
TCTCCGATCTGAGTCA,0
TCTCCGATCTGCTGAA,1000
TCTCTGGAGCAGTACG,0
TCTCTGGAGGCCGCTT,0
TCTCTGGCAACTCCCT,3
TCTCTGGCACAGTGAG,0
TCTCTGGCAGCAAGAC,0
TCTCTGGCATTGGCAT,0
TCTCTGGGTCAGACTT,0
TCTCTGGGTCCATCTC,0
TCTCTGGGTCCCGTGA,3
TCTCTGGGTCGTGGTC,0
TCTCTGGGTTATTCCT,0
TCTCTGGTCACGAGGA,0
TCTCTGGTCAGTCATG,3
TCTGCCAAGAAGCTCG,0
TCTGCCAAGGACAACC,0
TCTGCCAAGGTGGTTG,0
TCTGCCACACCAGTAT,1000
TCTGCCACAGGATGAC,0
TCTGCCACAGTCGGTC,0
TCTGCCAGTAGGTCAG,1000
TCTGCCAGTCTTCATT,0
TCTGCCAGTGGATTTC,2
TCTGCCATCACCTTGC,0
TCTGCCATCACTGAAC,0
TCTGCCATCATAGCAC,0
TCTGCCATCGTTCTAT,0
TCTGGCTAGAGTGTTA,0
TCTGGCTAGGTAGTAT,0
TCTGGCTAGTTATGGA,0
TCTGGCTCAACGAGGT,3
TCTGGCTCACCGTCGA,1
TCTGGCTCATTGAGGG,1
TCTGGCTGTCAGCGTC,0
TCTGGCTGTCGCGTTG,0
TCTGGCTGTTCAGTAC,0
TCTGGCTTCAACGAGG,0
TCTGGCTTCCATAGGT,1000
TCTGTCGAGACTGAGC,0
TCTGTCGAGGTCCTGC,2
TCTGTCGAGGTGCAGT,0
TCTGTCGAGGTTGCCC,1
TCTGTCGCACGGCGTT,0
TCTGTCGCAGACACCC,0
TCTGTCGCAGACTGCC,0
TCTGTCGCAGGTCCCA,1
TCTGTCGCATAGTCAC,0
TCTGTCGGTAAGATCA,0
TCTGTCGGTCGAATTC,0
TCTGTCGGTGACAGGT,0
TCTGTCGTCAGATGCT,0
TCTGTCGTCCCAAGTA,0
TCTGTCGTCCGCTAGG,0
TCTGTCGTCTCGACCT,1
TCTGTCGTCTTACACT,3
TCTTAGTCAAATGCTC,1000
TCTTAGTCACAAGGTG,0
TCTTAGTGTAGCTTGT,0
TCTTAGTGTGACGCCT,0
TCTTAGTGTTCTCCTG,0
TCTTAGTGTTGCATAC,0
TCTTAGTGTTGGCCGT,0
TCTTAGTTCCTATTTG,0
TCTTAGTTCGACACCG,2
TCTTCCTAGACGGATC,0
TCTTCCTAGGCCTAAG,1000
TCTTCCTAGTCGTCTA,0
TCTTCCTCAAATTGGA,2
TCTTCCTCAAGACGGT,1000
TCTTCCTCACTCTGCT,0
TCTTCCTCAGCGAACA,0
TCTTCCTCATCTAGAC,1
TCTTCCTGTAACGATA,0
TCTTCCTGTGAGTCAG,0
TCTTCCTGTGCCCTTT,0
TCTTCCTGTGGTCTCG,1000
TCTTCCTGTTAATCGC,0
TCTTCCTGTTCATCGA,0
TCTTCCTTCACATCAG,0
TCTTCCTTCGACATCA,0
TCTTCCTTCGGTAGGA,1000
TCTTGCGAGACTCGAG,0
TCTTGCGAGAGTTCGG,0
TCTTGCGAGGACTAAT,0
TCTTGCGAGGCCCGTT,0
TCTTGCGCAAAGTGTA,2
TCTTGCGCAATTCTCT,0
TCTTGCGCAGAGGCTA,3
TCTTGCGCAGTCGGAA,2
TCTTGCGCATTGTGCA,0
TCTTGCGGTCGTGCCA,1000
TCTTGCGGTCTACAGT,3
TCTTGCGGTCTTGAGT,0
TCTTGCGGTTCGGCGT,0
TCTTGCGGTTGATCGT,0
TCTTGCGGTTTGCCGG,0
TCTTGCGTCCTGATAG,0
TCTTGCGTCGAAGCCC,0
TCTTGCGTCGCAGTGC,2
TCTTGCGTCGTGCGAC,0
TCTTTGAAGCAGCCTC,0
TCTTTGACACACTGGC,1000
TCTTTGACAGCGTGCT,1000
TCTTTGACAGGGCTTC,0
TCTTTGAGTGTACATC,1
TCTTTGAGTTTCGACA,0
TCTTTGATCATCGCCT,0
TCTTTGATCATGAGAA,0
TCTTTGATCGAACGCC,0
TCTTTGATCGGCAGTC,2
TCTTTGATCTAACGCA,0
TCTTTGATCTCTCTTC,2
TGAACGTAGAATCGAT,0
TGAACGTAGAATCGTA,0
TGAACGTAGAGGATCC,0
TGAACGTAGGGCAGGA,1000
TGAACGTAGTTGGGAC,1000
TGAACGTCAGAGTCAG,0
TGAACGTGTCGCGGTT,0
TGAACGTGTGAGCTCC,0
TGAACGTGTTCAATCG,1000
TGAACGTGTTTGTTCT,0
TGAACGTTCACCCTCA,0
TGAACGTTCATCGTAG,0
TGAACGTTCCTATTTG,0
TGAACGTTCCTTCTGG,0
TGAACGTTCGACGCGT,0
TGAATCGAGACCAAAT,0
TGAATCGAGGTCCAGA,0
TGAATCGAGTCCCAAT,0
TGAATCGCAACGATTC,2
TGAATCGCAGTTCCAA,1
TGAATCGCATGACGAG,0
TGAATCGGTACCAATC,1000
TGAATCGGTCCGAAAG,1000
TGAATCGGTCGAACAG,0
TGAATCGGTCGCACAC,0
TGAATCGGTGAATAAC,0
TGAATCGTCGCCTATC,2
TGAATGCAGCAAGGAA,3
TGAATGCAGCATATGA,0
TGAATGCAGCCGTCGT,1000
TGAATGCAGTTGGAGC,0
TGAATGCCACTAAACC,0
TGAATGCCACTGAATC,0
TGAATGCCAGTGTATC,0
TGAATGCGTAGATTAG,0
TGAATGCGTAGGGTAC,1
TGAATGCGTTTCGCTC,0
TGAATGCTCAAGCTGT,0
TGAATGCTCTGTCCGT,0
TGACAGTAGACATCAA,0
TGACAGTAGCACTAAA,0
TGACAGTAGTGATTCC,3
TGACAGTAGTGCAGCA,0
TGACAGTAGTTCCGTA,0
TGACAGTCAAGAGGCT,0
TGACAGTCACCAGGTC,1000
TGACAGTCATTGAAGA,3
TGACAGTGTTCTCCTG,0
TGACAGTTCCACTTTA,0
TGACAGTTCGGTGTTA,0
TGACCCTAGGATGAGA,0
TGACCCTAGGCCTAGA,0
TGACCCTCAACAAGAT,1000
TGACCCTCAATACGCT,0
TGACCCTCACCTCGTT,0
TGACCCTCACGTCTCT,0
TGACCCTCAGTCTCTC,2
TGACCCTCATGCCGGT,0
TGACCCTGTATTAAGG,0
TGACCCTGTCATCGGC,2
TGACCCTGTGTACATC,0
TGACCCTGTTAGGAGC,0
TGACCCTTCACTGTCC,2
TGACCCTTCAGACAAA,2
TGACCCTTCCCACAGG,0
TGACCCTTCCCGTAAA,0
TGACGCGAGACTTCAC,0
TGACGCGAGAGGACTC,0
TGACGCGAGGAGAGTA,0
TGACGCGCACAAATAG,0
TGACGCGCACATATGC,2
TGACGCGCACTTGGCG,0
TGACGCGCAGCCTACG,0
TGACGCGCATCGAGCC,0
TGACGCGGTAGCTTAC,0
TGACGCGTCCGATAAC,1000
TGACGCGTCCGTGCGA,2
TGACGCGTCTGCTGAA,0
TGACTCCAGCTTAGTC,1000
TGACTCCAGGATTTAG,0
TGACTCCAGGCTTCCG,0
TGACTCCAGTCCCGGT,0
TGACTCCCAATGTGGG,0
TGACTCCCACCGTCGA,0
TGACTCCCACTGTTCC,0
TGACTCCGTCCCAAAT,3
TGACTCCTCCGCTGTT,2
TGAGACTAGATAGTGT,3
TGAGACTAGGCCATAG,3
TGAGACTAGGGCCCTT,0
TGAGACTAGGTTCTTG,2
TGAGACTCAAAGCGTG,2
TGAGACTCAGTCCCGA,0
TGAGACTCATTCGATG,3
TGAGACTGTCAGTCCG,0
TGAGACTGTTAAAGTG,1
TGAGACTGTTACGGAG,0
TGAGACTTCGGAATTC,0
TGAGACTTCTAGAGCT,1
TGAGCATAGATCACCT,0
TGAGCATAGCGTTCCG,0
TGAGCATAGCTAGAGC,0
TGAGCATAGCTCCATA,0
TGAGCATAGGTGAGAA,0
TGAGCATCAATTGCTG,0
TGAGCATCACGTAACT,0
TGAGCATCAGAGTCTT,0
TGAGCATCAGATCCTA,0
TGAGCATCAGGCCTGT,2
TGAGCATCAGGCGAAT,0
TGAGCATGTAGTCACT,0
TGAGCATGTTTGAAAG,0
TGAGCATTCCAAGGGA,0
TGAGCATTCCGATAGT,0
TGAGCATTCGCGTCGA,0
TGAGCGCAGAGAATCT,0
TGAGCGCAGATGTAGT,0
TGAGCGCAGCAGGTCA,0
TGAGCGCCAACGGCCT,0
TGAGCGCCACGAGGAT,1
TGAGCGCCAGTGCGCT,2
TGAGCGCCATCCGGCA,0
TGAGCGCGTAACAGGC,0
TGAGCGCGTATAGCTC,0
TGAGCGCGTCACAATC,0
TGAGCGCGTCCAATCA,1000
TGAGCGCGTCCAGCGT,3
TGAGCGCGTGGGTATG,0
TGAGCGCGTTGGGCCT,0
TGAGCGCTCAATGCAC,0
TGAGCGCTCATTATCC,0
TGAGCGCTCATTGCCC,1
TGAGCGCTCCCGTGTT,3
TGAGCGCTCCTACGAA,3
TGAGCGCTCGACATAC,0
TGAGCGCTCGTAGGAG,0
TGAGGAGCAAGGTCAG,0
TGAGGAGCAGGCTTGC,0
TGAGGAGCATTATGCG,1000
TGAGGAGCATTGACCA,0
TGAGGAGGTACACGCC,0
TGAGGAGGTGCCGAAA,2
TGAGGAGGTGGTCTAT,0
TGAGGAGGTTAGTTCG,1000
TGAGGAGGTTCGGTAT,1
TGAGGGAAGATGGTCG,0
TGAGGGAAGCCTGTCG,0
TGAGGGAAGCTATCCA,0
TGAGGGAAGCTTTGTG,1
TGAGGGACAATAGTCC,0
TGAGGGACAGTGGGTA,0
TGAGGGACATGGATCT,0
TGAGGGAGTGTCATGT,3
TGAGGGAGTTCTATCT,0
TGAGGGATCCGCAACG,0
TGAGGGATCCGTGACG,0
TGAGGGATCGAATGCT,0
TGAGGGATCTCATTTG,0
TGAGGTTAGATGAAGG,0
TGAGGTTAGCGCCCAT,2
TGAGGTTCAACTTGCA,0
TGAGGTTCAGAACGCA,0
TGAGGTTGTACTGAGG,1000
TGAGGTTGTGGGCTTC,0
TGAGGTTTCGAGTACT,0
TGAGGTTTCGCAGTTA,1000
TGAGGTTTCGCTGATA,0
TGAGGTTTCTCCGAAA,1000
TGAGTCACAAAGCACG,0
TGAGTCACAAAGGAGA,2
TGAGTCACAAGACTGG,0
TGAGTCACACTGCACG,0
TGAGTCACATGTTACG,0
TGAGTCAGTAGGACCA,0
TGAGTCAGTGCCCAGT,0
TGAGTCAGTGGATGAC,0
TGAGTCAGTGTAGCAG,0
TGAGTCAGTGTGAGCA,0
TGAGTCAGTTACCGTA,0
TGAGTCAGTTGGCCGT,0
TGATCAGAGATCCAAA,0
TGATCAGAGGCCGCTT,0
TGATCAGCAAAGAACT,0
TGATCAGCACTGTCGG,0
TGATCAGCAGAACCGA,2
TGATCAGCAGACAATA,1000
TGATCAGCAGCTACCG,1
TGATCAGCAGGAACCA,0
TGATCAGGTAGTTCCA,1000
TGATCAGGTATCAAGA,0
TGATCAGGTGGATTTC,3
TGATCTTAGCGGTAGT,1000
TGATCTTAGGAAAGGT,0
TGATCTTAGGAAGTGA,0
TGATCTTAGGTAAGAG,1000
TGATCTTCAATAGGAT,1000
TGATCTTCACGAGGAT,2
TGATCTTCAGTATGAA,0
TGATCTTCATCCTCAC,0
TGATCTTGTACAACGG,1000
TGATCTTGTGGAATGC,1
TGATCTTGTTACCGTA,1000
TGATCTTGTTCTGAGT,2
TGATCTTTCGCACGAC,2
TGATCTTTCGGCATAT,0
TGATCTTTCTGGTGGC,0
TGATCTTTCTTAGTTC,0
TGATGCAAGAATTGTG,0
TGATGCAAGAGCAGTC,0
TGATGCAAGAGGTATT,2
TGATGCAAGCGTTAGG,0
TGATGCACAACCCTCT,1
TGATGCACAATAGGAT,0
TGATGCACACGGCTAC,1000
TGATGCACAGGTTCCG,3
TGATGCACATAGATCC,3
TGATGCACATCCAATG,2
TGATGCAGTAGATGTA,0
TGATGCAGTGCATGTT,0
TGATGCATCGCCATAA,0
TGATGCATCGTGCAGC,0
TGATGGTAGACCATTC,0
TGATGGTAGACGAGCT,0
TGATGGTAGTGGAATT,0
TGATGGTAGTGTAGTA,0
TGATGGTCAAATAAGC,0
TGATGGTCACCATATG,0
TGATGGTCAGATCCTA,0
TGATGGTGTCACCGCA,2
TGATGGTGTCTGTGGC,0
TGATGGTGTGCTCGTG,2
TGATGGTGTGTTCGAT,0
TGATGGTTCGACATCA,0
TGATTCTAGAATTCAG,0
TGATTCTAGTAGCCAG,0
TGATTCTCAGCTTCCT,0
TGATTCTCATCTCATT,0
TGATTCTGTACGCTAT,1000
TGATTCTGTACTAGCT,0
TGATTCTGTATCCCAA,1000
TGATTCTGTGAAGCGT,3
TGATTCTGTGACATCT,1000
TGATTCTGTGAGAACC,0
TGATTCTGTGGTAACG,0
TGATTCTTCACGTCCT,0
TGATTCTTCCTTGAAG,0
TGATTCTTCGATGCAT,3
TGATTCTTCTCTGAGA,0
TGATTCTTCTCTTGCG,2
TGATTCTTCTGACCCT,0
TGATTCTTCTGGACCG,0
TGATTCTTCTTGATTC,0
TGATTTCAGCAAGTGC,1000
TGATTTCAGTTCCGTA,3
TGATTTCAGTTGCTGT,0
TGATTTCCAACACAGG,3
TGATTTCCAAGAGCTG,1000
TGATTTCCACAAAGCG,2
TGATTTCCACACTGGC,0
TGATTTCCACGCCAGT,0
TGATTTCCACGCTGAC,1000
TGATTTCCATCTAACG,1000
TGATTTCCATTCCTAT,0
TGATTTCGTACCTAGT,0
TGATTTCGTGAGCCAA,1
TGATTTCGTGATCATC,0
TGATTTCGTGGGACAT,0
TGATTTCGTTGCCTAA,0
TGATTTCGTTTCGGCG,1000
TGATTTCTCAACCCGG,0
TGATTTCTCCAACCAA,0
TGATTTCTCCATAGAC,2
TGATTTCTCCGACATA,0
TGATTTCTCGTAGGAG,2
TGATTTCTCTAGTTCT,1
TGCACGGCAAGATCCT,0
TGCACGGCAATTGCGT,0
TGCACGGCACGCTGTG,1000
TGCACGGCATAGGCGA,0
TGCACGGGTATACCCA,1
TGCACGGGTCTGCAAT,1
TGCACGGTCAGCCTTC,0
TGCACGGTCCGCGAGT,0
TGCACGGTCGACGCGT,2
TGCACGGTCGAGTGAG,0
TGCACGGTCTGGAAGG,0
TGCACGGTCTTACGGA,0
TGCAGATAGAAGGTAG,0
TGCAGATAGCGACTAG,1000
TGCAGATAGCTCCACG,0
TGCAGATAGGTCTACT,1000
TGCAGATAGTCATGAA,0
TGCAGATCAAATGGTA,0
TGCAGATCAACACAAA,0
TGCAGATGTATCGGTT,0
TGCAGATGTCCGACGT,0
TGCAGATGTCTACTGA,2
TGCAGATGTGTTGACT,2
TGCAGATGTTCGTACA,0
TGCAGATGTTCTGAGT,0
TGCAGATTCAAATGCC,0
TGCAGATTCATTGCGA,0
TGCAGATTCGCGTTTC,0
TGCAGATTCGTGTCAA,0
TGCAGATTCTAGCAAC,2
TGCAGATTCTTCACGC,0
TGCAGGCAGGCATCTT,0
TGCAGGCAGTTGCTCA,1000
TGCAGGCCAAGAGTGC,2
TGCAGGCCAAGTTCCA,2
TGCAGGCCAGCTCCTT,0
TGCAGGCCAGTCAGCC,1000
TGCAGGCCATGAAGCG,0
TGCAGGCGTGACTAAA,0
TGCAGGCGTGAGAGGG,0
TGCAGGCGTGGCAGAT,0
TGCAGGCTCACTCACC,0
TGCAGGCTCACTGGTA,0
TGCAGGCTCATGAGAA,0
TGCAGGCTCCAACACA,0
TGCAGGCTCCTGCCAT,2
TGCAGGCTCGATGGAG,1000
TGCAGTAAGACTACCT,0
TGCAGTAAGTAGCATA,0
TGCAGTACAAGACGGT,1
TGCAGTACACGGTCTG,0
TGCAGTAGTCCACACG,2
TGCAGTAGTCTCAAGT,0
TGCAGTAGTCTGCGCA,0
TGCAGTAGTTATGTCG,2
TGCAGTAGTTGTGCCG,0
TGCAGTATCATACAGC,0
TGCAGTATCGTTGTGA,0
TGCAGTATCTCTCGAC,2
TGCATCCAGACCTCCG,0
TGCATCCAGGATTCAA,0
TGCATCCAGGCGCTTC,0
TGCATCCAGGGAGGCA,0
TGCATCCAGTGGTCAG,1
TGCATCCCAAACTCTG,0
TGCATCCCACACCGCA,0
TGCATCCCACCTCAGG,0
TGCATCCCACGCTGAC,0
TGCATCCGTAGCGAGT,1
TGCATCCGTGGCTCTG,1000
TGCATCCGTGTGTCCG,0
TGCATCCGTTCTTGCC,0
TGCATCCTCATTACTC,0
TGCATCCTCGCCTTTG,1000
TGCATGAAGGCTTAAA,0
TGCATGAAGGGAACAA,1
TGCATGAAGTTGCCCG,0
TGCATGACAAAGCACG,0
TGCATGACACGACGTC,0
TGCATGACAGCAGAAC,0
TGCATGACAGGCGATA,0
TGCATGACATGTTCGA,1000
TGCATGAGTTAGAAGT,0
TGCATGATCAACCGAT,0
TGCATGATCCCGTAAA,1000
TGCATGATCCGTATAG,0
TGCATGATCCTTGGAA,0
TGCATGATCGGCGATC,0
TGCATGATCTATACTC,0
TGCATGATCTGTCCCA,0
TGCCGAGAGAGAGTTT,0
TGCCGAGAGCATTGAA,0
TGCCGAGAGTAAAGCT,1000
TGCCGAGAGTCTACCA,0
TGCCGAGAGTGCTACT,1000
TGCCGAGCAAACGAGC,0
TGCCGAGCAGACCATT,0
TGCCGAGCAGGTCCGT,0
TGCCGAGGTAATGCGG,1000
TGCCGAGTCACTGCTC,1000
TGCCGAGTCATTTGGG,0
TGCCGAGTCCCTGGTT,0
TGCCGAGTCCTGGTCT,0
TGCCGAGTCGTTATCT,1000
TGCGACGAGACGATAT,0
TGCGACGAGATTAGTG,0
TGCGACGAGGCATCTT,0
TGCGACGAGGTGATAT,0
TGCGACGAGTAGGCCA,0
TGCGACGCAACACACT,0
TGCGACGCACTGCACG,0
TGCGACGGTACCGGAA,3
TGCGACGGTGATTGGG,2
TGCGACGGTTGCGGCT,0
TGCGACGTCAACGCTA,1000
TGCGACGTCAAGTCGT,0
TGCGACGTCAGCCTCT,0
TGCGACGTCGACCCAG,0
TGCGACGTCTGAATCG,1
TGCGATAAGAGTAACT,0
TGCGATAAGCGGCTCT,0
TGCGATAAGCTAATGA,1000
TGCGATAAGGTCGCCT,0
TGCGATAAGTTCAACC,0
TGCGATACACACCGCA,0
TGCGATACATATGGCT,0
TGCGATAGTCTACACA,0
TGCGATAGTTCGGACC,0
TGCGATAGTTGGCCTG,0
TGCGATATCCAACCAA,0
TGCGATATCCTCTCTT,0
TGCGGCAAGACGCATG,0
TGCGGCAAGCGACTGA,0
TGCGGCAAGGGTAATT,0
TGCGGCAAGGTATTGA,0
TGCGGCACACAAAGCG,1
TGCGGCACACATGGTT,0
TGCGGCACACGCACCA,0
TGCGGCACAGAGGTTG,0
TGCGGCACAGCTTCCT,0
TGCGGCATCAAGCTTG,1000
TGCGGCATCATTTACC,2
TGCGGCATCCATGATG,0
TGCGGCATCCTCATAT,0
TGCGGCATCGAGTCTA,0
TGCGGCATCGTAGGGA,2
TGCGGCATCTGTCAGA,1
TGCGGGTAGAAGTCTA,0
TGCGGGTAGCTAGAGC,1000
TGCGGGTAGGACGCTA,1000
TGCGGGTAGGATCATA,0
TGCGGGTAGGTATTGA,0
TGCGGGTCAATATCCG,0
TGCGGGTCACGCGTGT,0
TGCGGGTGTACGGCAA,0
TGCGGGTGTCAAACGG,0
TGCGGGTGTCAATCTG,0
TGCGGGTGTCGTAATC,3
TGCGGGTGTGGCAGAT,0
TGCGGGTGTGTCCACG,0
TGCGGGTTCAAGCTGT,2
TGCGGGTTCAATCAGC,0
TGCGGGTTCCATTGTT,3
TGCGGGTTCTACTGCC,1
TGCTCCAAGACTACGG,0
TGCTCCAAGACTTGTC,1000
TGCTCCAAGGCTTTCA,0
TGCTCCAAGTTGCCTA,0
TGCTCCACAAACCACT,1
TGCTCCACAAATTAGG,0
TGCTCCACAAGCTGCC,0
TGCTCCACACGAAGAC,3
TGCTCCACACGACTAT,0
TGCTCCACAGAGGACT,0
TGCTCCAGTAGCGTTT,0
TGCTCCAGTCGGATTT,0
TGCTCCAGTGACTAAA,0
TGCTCCAGTGTATCCA,0
TGCTCCAGTTAGGCTT,0
TGCTCCATCATTCGGA,1000
TGCTCCATCTAAGAAG,0
TGCTCCATCTGAGTCA,3
TGCTCGTAGAAGTCCG,1000
TGCTCGTAGAGTGTTA,0
TGCTCGTAGCACTCCG,0
TGCTCGTAGTGCAGGT,0
TGCTCGTCACTGCGAC,1
TGCTCGTCAGGGAATC,0
TGCTCGTCAGTTAGAA,0
TGCTCGTGTATAATGG,0
TGCTCGTGTGACAGGT,0
TGCTCGTTCACTTATC,0
TGCTCGTTCATACGGT,2
TGCTCGTTCCATTTAC,0
TGCTCGTTCCGGCAAC,0
TGCTCGTTCGGTAACT,0
TGCTGAAAGAGTCTGG,0
TGCTGAAAGGGTCTTT,3
TGCTGAACACAACGAG,1
TGCTGAACAGCACCCA,0
TGCTGAAGTACACGCC,0
TGCTGAAGTACTTGTG,0
TGCTGAAGTCCTACAA,0
TGCTGAAGTCGACGCT,0
TGCTGAAGTGAGGAAA,0
TGCTGAAGTGGACCAA,0
TGCTGAAGTTAGGCCC,0
TGCTGAATCAGCAGAG,0
TGCTGAATCCTTCTTC,0
TGCTGAATCGGACCAC,0
TGCTGAATCGTGGACC,0
TGCTTCGAGACATGCG,0
TGCTTCGAGACTGGGT,0
TGCTTCGAGCCTATCA,0
TGCTTCGAGCGCGTTC,0
TGCTTCGCAATTGCAC,0
TGCTTCGCACACCTGG,3
TGCTTCGCACACGTGC,0
TGCTTCGCACGCTGTG,3
TGCTTCGCAGGACTTT,0
TGCTTCGGTCCTATAG,0
TGCTTCGGTGAGCCAA,0
TGCTTCGGTGCTCGTG,1000
TGCTTCGGTGTGTGGA,0
TGCTTCGGTTGTGTAC,0
TGCTTCGTCAGACCCG,0
TGCTTCGTCGCTTGAA,1000
TGCTTCGTCGTTCAGA,0
TGCTTGCAGAAGAGCA,1
TGCTTGCAGATACGAT,0
TGCTTGCAGATGCTTC,0
TGCTTGCAGATTGTGA,0
TGCTTGCAGCGCACAA,2
TGCTTGCCAATTCACG,0
TGCTTGCCACACCGCA,0
TGCTTGCCATCTAACG,0
TGCTTGCCATCTTTCA,1
TGCTTGCGTACAGGTG,0
TGCTTGCTCACGTAGT,0
TGCTTGCTCATGCCCT,0
TGGAACTAGAATCGTA,0
TGGAACTAGATAGCAT,0
TGGAACTAGATGACCG,1
TGGAACTAGGAATTAC,0
TGGAACTAGGCTGTAG,0
TGGAACTCAAACAGGC,0
TGGAACTCAACCCGCA,0
TGGAACTCAACGACTT,0
TGGAACTCAGCGTTTA,0
TGGAACTGTACCGGAA,3
TGGAACTGTACTAACC,0
TGGAACTGTGGACCTC,1000
TGGAACTGTGTATACC,0
TGGAACTTCAACTCTT,1
TGGAACTTCAGTCATG,0
TGGAGAGAGAACCCGA,2
TGGAGAGAGACATAAC,0
TGGAGAGAGAGTGGCT,0
TGGAGAGAGATCACCT,0
TGGAGAGAGCAGCCTC,0
TGGAGAGAGCTCACTA,1
TGGAGAGAGGATGAGA,0
TGGAGAGAGGGCAACT,0
TGGAGAGAGTGGTTAA,1000
TGGAGAGCAAACCACT,2
TGGAGAGCAATACGAA,0
TGGAGAGCACGACGCT,0
TGGAGAGCACTGAATC,0
TGGAGAGCAGAATTCC,0
TGGAGAGGTAGAGTTA,0
TGGAGAGGTCGATTAC,1000
TGGAGAGGTGTGTGTT,0
TGGAGAGTCACCTCAC,1000
TGGAGAGTCTAACACG,0
TGGAGAGTCTCGCTTG,0
TGGAGGAAGAGTAACT,0
TGGAGGAAGCAACAAT,1000
TGGAGGAAGGGTTGCA,0
TGGAGGACACAACGTT,0
TGGAGGACACTGGCCA,1
TGGAGGACAGACCAAG,3
TGGAGGAGTATAATGG,0
TGGAGGAGTCAACCTA,0
TGGAGGAGTCGATGCC,1
TGGAGGATCATAGGCT,0
TGGAGGATCCCATGGG,1
TGGAGGATCTTCTGTA,3
TGGATCAAGCCTGTCG,1000
TGGATCAAGGATTACA,2
TGGATCACAAGAAACT,0
TGGATCACAATCGCAT,1
TGGATCACATGGCTAT,0
TGGATCAGTCGTTATG,1
TGGATCAGTCTCCTGT,0
TGGATCAGTGATTAGA,0
TGGATCAGTGCGGTAA,0
TGGATCAGTTGCGTAT,2
TGGATCATCATTTCGT,0
TGGATCATCGAACGCC,0
TGGATCATCGCCTATC,1000
TGGATCATCTTCCACG,0
TGGATGTAGAAGCCAC,0
TGGATGTAGAGGGTGG,0
TGGATGTAGCCAGAGT,1000
TGGATGTCAACGGTAG,0
TGGATGTCACCTCAGG,0
TGGATGTCACTGCATA,0
TGGATGTCAGTTAGAA,3
TGGATGTGTATGCAAA,0
TGGATGTGTCTGTGGC,0
TGGATGTTCAGTCATG,3
TGGATGTTCGACCTAA,1
TGGATGTTCGTAACTG,1000
TGGATGTTCTCTAAGG,0
TGGCGTGAGATACATG,1000
TGGCGTGAGTGCTCAT,0
TGGCGTGGTATTGCCA,3
TGGCGTGGTCGTCGGT,0
TGGCGTGGTCTACAAC,3
TGGCGTGGTGCAGGAT,0
TGGCGTGGTTCCACGG,0
TGGCGTGGTTCCTAGA,0
TGGCGTGGTTGGACTT,0
TGGCGTGGTTTGAACC,0
TGGCGTGTCATAAGGA,2
TGGCGTGTCCAAGCTA,0
TGGCGTGTCCGAAGGA,0
TGGCGTGTCCTTGAAG,3
TGGCGTGTCGTGTGGC,3
TGGCGTGTCGTTACCC,2
TGGGAAGAGAAGGGAT,3
TGGGAAGAGAATAGTC,0
TGGGAAGAGACCAGCA,0
TGGGAAGAGAGTGGCT,3
TGGGAAGAGGTGCTGA,0
TGGGAAGCAATACCCA,0
TGGGAAGCAGCAGTGA,3
TGGGAAGGTAGCTAAA,0
TGGGAAGGTAGGATAT,0
TGGGAAGGTCGCACGT,0
TGGGAAGGTCGCTCGA,1000
TGGGAAGGTTCGAACT,0
TGGGAAGTCATTTCCA,0
TGGGAAGTCCGGCAGT,2
TGGGAAGTCGAGAGAC,1000
TGGGAAGTCTAGCCTC,1
TGGGAAGTCTCATTTG,0
TGGGAGAAGATAGCAT,0
TGGGAGAAGTCCTGTA,0
TGGGAGAAGTGGTTAA,0
TGGGAGACAAGTTCCA,1
TGGGAGACAATTTCTC,2
TGGGAGACACTCCGAG,0
TGGGAGACACTCTGCT,0
TGGGAGACAGCATACT,0
TGGGAGAGTGCGGATA,0
TGGGAGATCACAAGGG,0
TGGGAGATCGAGTTGT,0
TGGGAGATCGCAACAT,0
TGGGAGATCTTTACAC,3
TGGGATTAGAAGCGAA,0
TGGGATTAGACGCATG,0
TGGGATTAGACTTCGT,0
TGGGATTAGCCAAGCA,1
TGGGATTAGCGCCTAC,0
TGGGATTAGTGAGGTC,0
TGGGATTCAGCTTCCT,0
TGGGATTCATAGACTC,1
TGGGATTCATGTGACT,1000
TGGGATTGTTCGTACA,0
TGGGATTTCCTCACTG,0
TGGGCGTAGATTGTGA,1
TGGGCGTAGTGGTGGT,1000
TGGGCGTCACTAACGT,0
TGGGCGTCACTTCAGA,0
TGGGCGTGTAACAGGC,1
TGGGCGTGTAACGTTC,1000
TGGGCGTGTGCATACT,2
TGGGCGTTCACATTGG,3
TGGGCGTTCCGAGGCT,1
TGGGCGTTCGATTCCC,0
TGGGCTGAGGACTAAT,0
TGGGCTGAGTAAACGT,0
TGGGCTGAGTGCTCAT,1
TGGGCTGCAACGATTC,2
TGGGCTGCACATGACT,0
TGGGCTGCACGGCCAT,0
TGGGCTGCAGGTGACA,0
TGGGCTGGTACGTAGG,0
TGGGCTGGTAGGTTTC,0
TGGGCTGGTCGGAAAC,0
TGGGCTGGTGACTATC,0
TGGGCTGGTTTGAACC,1000
TGGGCTGTCCCATTCG,1
TGGGCTGTCGGCCAAC,0
TGGGCTGTCTTTGCTA,2
TGGGTTAAGCGACTAG,1
TGGGTTAAGTTCCTGA,2
TGGGTTACAGCTGTAT,1
TGGGTTAGTAGGTTTC,0
TGGGTTAGTGATACAA,0
TGGGTTATCCGATAAC,0
TGGGTTATCCGCACGA,0
TGGGTTATCCTCACCA,0
TGGTACAAGGACATCG,0
TGGTACAAGTAATACG,0
TGGTACACAACCAATC,0
TGGTACACAATCGCGC,0
TGGTACACACAGTGAG,0
TGGTACACACATGACT,0
TGGTACACAGATACCT,0
TGGTACAGTACTCAAC,0
TGGTACAGTAGACGTG,0
TGGTACAGTGGTTCTA,0
TGGTACATCATCGCTC,1
TGGTAGTAGAAGGTAG,2
TGGTAGTAGACTTCGT,0
TGGTAGTAGAGATTCA,0
TGGTAGTAGCAGATAT,0
TGGTAGTAGCCGTTAT,0
TGGTAGTAGGACTTCT,0
TGGTAGTAGGTGCTGA,0
TGGTAGTAGTCATCGT,1
TGGTAGTCACGGCTAC,0
TGGTAGTCACGTATAC,0
TGGTAGTCACTCCTTG,0
TGGTAGTCAGCGGTCT,2
TGGTAGTGTAGTGGCA,0
TGGTAGTGTGGCCCAT,0
TGGTAGTGTTGCATAC,2
TGGTAGTTCACATTGG,0
TGGTAGTTCCGATAAC,1
TGGTAGTTCCGGTAGC,2
TGGTAGTTCCGTAGGC,0
TGGTAGTTCTAAGCGT,1000
TGGTGATAGCTAATCC,0
TGGTGATAGGTCCCTG,0
TGGTGATCAACAGTGG,1
TGGTGATCACAAAGCG,2
TGGTGATCAGTTAGGG,0
TGGTGATGTCTTGTCC,2
TGGTGATGTGAGACGT,0
TGGTGATGTGGACCTC,1000
TGGTGATTCCATTGCC,0
TGGTGATTCCTACGGG,0
TGGTGATTCGAGCTGC,3
TGGTTAGAGATTGGGC,0
TGGTTAGAGCTGCCAC,0
TGGTTAGAGGGAGTTC,0
TGGTTAGCAAGGATGC,0
TGGTTAGCAATAGGAT,1000
TGGTTAGCATCCTAAG,0
TGGTTAGCATCTCGTC,0
TGGTTAGGTGCAATGG,0
TGGTTAGGTGTACATC,0
TGGTTAGGTTGCCGCA,0
TGGTTAGTCACTCTTA,1
TGGTTAGTCCACCTGT,0
TGGTTAGTCCTAAACG,0
TGGTTAGTCGAACTCA,0
TGGTTAGTCGACCACG,0
TGGTTAGTCTGACAGT,1000
TGGTTAGTCTTTGATC,0
TGTAACGAGGTAAAGG,0
TGTAACGAGGTCGAGT,1000
TGTAACGAGGTTGGTG,0
TGTAACGAGTTGCTCA,1000
TGTAACGCAACAACAA,0
TGTAACGCAAGGCCTC,1
TGTAACGCACAATCTG,0
TGTAACGCACGAGGAT,0
TGTAACGCATGACCCG,0
TGTAACGGTCACCCTT,0
TGTAACGGTCCCAAAT,0
TGTAACGGTCGCCACA,0
TGTAACGGTCTGTGCG,0
TGTAACGGTGTTTGCA,1
TGTAACGGTTAAGACA,1000
TGTAACGGTTACCCTC,0
TGTAACGTCAAACTGC,1000
TGTAACGTCGACGTCG,0
TGTAACGTCGGTTCAA,0
TGTAAGCAGACTTCAC,0
TGTAAGCAGGACTTCT,1000
TGTAAGCAGGTCGTCC,1
TGTAAGCAGGTTACCT,0
TGTAAGCAGGTTGTTC,0
TGTAAGCCACTAGAGG,0
TGTAAGCCAGATTTCG,2
TGTAAGCCATGGTACT,1000
TGTAAGCGTAGCGATG,0
TGTAAGCGTCTTTCAT,0
TGTAAGCTCAGTGTGT,0
TGTAAGCTCCACTTTA,0
TGTAAGCTCCCATTTA,0
TGTAAGCTCGATGCTA,0
TGTAAGCTCGGTTGTA,0
TGTAAGCTCTGGCCAG,0
TGTAAGCTCTGGTGCG,0
TGTACAGAGACTTCAC,0
TGTACAGAGAGTACCG,1000
TGTACAGAGGTTCCGC,0
TGTACAGAGTCTGCGC,0
TGTACAGCAAGTACCT,0
TGTACAGGTCTGCATA,2
TGTACAGTCAATCGGT,0
TGTACAGTCCGTTGAA,1
TGTACAGTCCTATTTG,0
TGTACAGTCGCCGAAC,0
TGTACAGTCTAACACG,1000
TGTACAGTCTAACGCA,1000
TGTAGACAGAACCCGA,0
TGTAGACAGAGAGCAA,0
TGTAGACAGATGCGAC,1
TGTAGACAGCATCTTG,0
TGTAGACAGCCGCTTG,2
TGTAGACAGCGTTCAT,1
TGTAGACAGCTGTACT,2
TGTAGACAGTCATCCA,0
TGTAGACCACCCTAAA,1
TGTAGACCAGGATCTT,0
TGTAGACGTACCAATC,0
TGTAGACGTACTCCCT,1
TGTAGACGTACTGGGA,2
TGTAGACGTGCGACAA,0
TGTAGACGTTACACAC,0
TGTAGACGTTAGGCTT,0
TGTAGACTCATGAGTC,0
TGTAGACTCCATCTCG,0
TGTAGACTCCGTTGAA,3
TGTAGACTCGCCTTTG,0
TGTAGACTCGGTAAGG,0
TGTCAGAAGAAAGTCT,0
TGTCAGAAGAAGCCAC,0
TGTCAGAAGACATAAC,0
TGTCAGAAGCCTGTCG,2
TGTCAGAAGTTTAGGA,0
TGTCAGACACACCGAC,2
TGTCAGACACCTCTGT,3
TGTCAGACATATACCG,0
TGTCAGACATGGCACC,1000
TGTCAGAGTAACGATA,0
TGTCAGAGTGGAACCA,0
TGTCAGATCAGTGGGA,0
TGTCAGATCCAGTGTA,0
TGTCAGATCTATTGTC,0
TGTCAGATCTTTCGAT,1000
TGTCCACAGACTTCAC,0
TGTCCACAGCCTCATA,0
TGTCCACAGCTACGTT,1000
TGTCCACCAAGCGATG,0
TGTCCACCACAAGCCC,0
TGTCCACCACTTTAGG,2
TGTCCACCAGCTATTG,0
TGTCCACCATCACAGT,0
TGTCCACTCATGCATG,0
TGTCCACTCCTAACAG,0
TGTCCACTCGAGTACT,1000
TGTCCACTCGTAACTG,0
TGTCCCAAGCTCCATA,0
TGTCCCAAGGAATCGC,1000
TGTCCCAAGTGCGTCC,0
TGTCCCAAGTTGAATG,0
TGTCCCACATACTTTC,0
TGTCCCACATATAGCC,0
TGTCCCAGTAGATTAG,0
TGTCCCAGTCAAATCC,0
TGTCCCATCAGCTGTA,3
TGTCCCATCCTCTAGC,0
TGTCCCATCGCAATTG,0
TGTCCTGAGATTCGAA,0
TGTCCTGAGCAATTAG,0
TGTCCTGAGCAGCCCT,0
TGTCCTGAGTAATACG,0
TGTCCTGCACGTGAGA,0
TGTCCTGCAGTGGTGA,0
TGTCCTGGTAGAATAC,3
TGTCCTGGTCAAACGG,0
TGTCCTGGTCAGTCGC,0
TGTCCTGGTCCCTCAT,0
TGTCCTGGTCGTGGTC,0
TGTCCTGGTTCCGTTC,0
TGTCCTGGTTCGCGTG,0
TGTCCTGTCAGACATC,0
TGTCCTGTCTAAGCCA,0
TGTCCTGTCTAGGCCG,0
TGTCCTGTCTCTGGTC,3
TGTGAGTAGTCACGCC,0
TGTGAGTAGTCATCCA,0
TGTGAGTCAAGTCCAT,1000
TGTGAGTGTACGGCAA,0
TGTGAGTGTTGTCTAG,0
TGTGAGTTCCTCACTG,0
TGTGATGAGAGCCGTA,0
TGTGATGAGAGGATCC,1000
TGTGATGAGAGTCAGC,0
TGTGATGAGCAGGGAG,0
TGTGATGAGGTCCCTG,2
TGTGATGAGTATAACG,0
TGTGATGAGTCGGCAA,0
TGTGATGAGTTTGCTG,3
TGTGATGCAAGTTCGT,0
TGTGATGCACGCGCTA,3
TGTGATGCAGCTTCGG,3
TGTGATGCATGACTAC,0
TGTGATGCATTGGGAG,0
TGTGATGGTAGATCCT,0
TGTGATGTCACGGTCG,0
TGTGATGTCCTCTGCA,3
TGTGCGGCAAGCTGTT,0
TGTGCGGCACAACGTT,0
TGTGCGGCAGGAGACT,1000
TGTGCGGCATGAGGGT,0
TGTGCGGCATGGTACT,1
TGTGCGGGTAGACAGC,3
TGTGCGGGTATCAGCT,0
TGTGCGGGTCTCGGGT,1
TGTGCGGGTCTGTGCG,0
TGTGCGGGTCTTGCGG,1
TGTGCGGGTTATGTGC,1000
TGTGCGGTCAGCGGAA,0
TGTGCGGTCGATGGAG,3
TGTGCGGTCGCGCCAA,1
TGTGCGGTCGGCTGGT,0
TGTGCGGTCGGTAAGG,0
TGTGGCGAGACTTCCA,1
TGTGGCGAGCGGATCA,0
TGTGGCGAGTCACGCC,0
TGTGGCGCATAGGTAA,2
TGTGGCGCATCGTCCT,1
TGTGGCGGTGATCGTT,0
TGTGGCGGTGTCTAAC,0
TGTGGCGTCATAGACC,0
TGTGGCGTCGTGAGAG,2
TGTGGCGTCTCATGGA,0
TGTGTGAAGGTACATA,0
TGTGTGAAGTGCACAG,0
TGTGTGACAAAGTATG,0
TGTGTGACACATTACG,0
TGTGTGACAGATACCT,0
TGTGTGACAGTAACGG,0
TGTGTGAGTCCACGCA,0
TGTGTGAGTCGCGGTT,0
TGTGTGAGTGCAACAG,1000
TGTGTGAGTGCGTTTA,1
TGTGTGAGTGTTACAC,0
TGTGTGAGTTGACTAC,0
TGTGTGATCAGTGGGA,3
TGTGTGATCATCCTAT,1
TGTGTGATCATCGCAA,0
TGTGTGATCCGTGTAA,0
TGTGTGATCGACGACC,2
TGTTACTAGAGTGTGC,0
TGTTACTAGGGACAGG,1
TGTTACTAGGTGCAGT,0
TGTTACTAGTAGCTCT,0
TGTTACTCAAGAGGTC,0
TGTTACTCACAGGATG,0
TGTTACTCACGACGTC,2
TGTTACTCATGTTCGA,0
TGTTACTGTCCGTACG,0
TGTTACTTCCGTGTCT,0
TGTTACTTCCGTTTCG,1000
TGTTACTTCGTTCAGA,0
TGTTACTTCTGAGGTT,1
TGTTCATAGCCTCAGC,0
TGTTCATAGCCTTCTC,0
TGTTCATAGCGAACTG,0
TGTTCATAGCGTCAAG,3
TGTTCATAGGCCCAAA,1000
TGTTCATCAAAGGGTC,2
TGTTCATCAAATGAAC,0
TGTTCATCACGAGGTA,0
TGTTCATCACTAACGT,1000
TGTTCATCAGCAGAAC,0
TGTTCATCATGGTGGA,0
TGTTCATGTACAGTAA,0
TGTTCATGTATGAGCG,0
TGTTCATGTATGCAAA,0
TGTTCATGTCACGTGC,0
TGTTCATGTCCAGCAC,0
TGTTCATGTCGAGATG,0
TGTTCATGTGACGTCC,0
TGTTCATGTGCTTATG,1000
TGTTCATGTGGTAACG,0
TGTTCATTCCGACGGT,2
TGTTCATTCGACCTAA,0
TGTTCATTCGCGATCG,1000
TGTTCATTCGGTATGT,0
TGTTCATTCTGGTGCG,0
TGTTCCGAGAACGCGT,0
TGTTCCGAGACGGTCA,1
TGTTCCGAGGCAGCTA,0
TGTTCCGAGGTCACAG,1
TGTTCCGCAAAGTGTA,1
TGTTCCGCACTATCCC,1000
TGTTCCGCAGAACATA,0
TGTTCCGCAGCACAAG,1000
TGTTCCGCAGTTAGAA,3
TGTTCCGCATAACCCA,0
TGTTCCGGTGGCGTAA,0
TGTTCCGTCAAGCGTT,0
TGTTCCGTCACGATCA,0
TGTTCCGTCATTGGTG,1000
TGTTCCGTCCATGATG,0
TGTTCCGTCGAAGCCC,0
TGTTCCGTCTGAGCAT,0
TGTTCCGTCTTGGATG,0
TGTTCTAAGGTTCCGC,2
TGTTCTACAACATACC,1000
TGTTCTACACTTTAGG,0
TGTTCTACAGGTGTGA,3
TGTTCTAGTAGAGATT,0
TGTTCTATCACCGGGT,0
TGTTCTATCCATCTCG,0
TGTTCTATCCGGGACT,0
TGTTCTATCCGTTGAA,0
TGTTCTATCGCTCTCA,1
TGTTCTATCGGCTATA,3
TGTTCTATCTAAGCCA,1
TGTTCTATCTCTAGGA,0
TGTTCTATCTGTCCCA,0
TGTTGAGAGAAGAGCA,3
TGTTGAGAGATGAAGG,0
TGTTGAGAGGATTTGA,0
TGTTGAGCAAACGGCA,1000
TGTTGAGCACTCCACT,1000
TGTTGAGCAGTGCCTG,0
TGTTGAGGTACCGGAA,0
TGTTGAGGTACTGAGG,0
TGTTGAGGTATCGTGT,0
TGTTGAGGTCTAGGCC,1
TGTTGAGGTGGATCAG,0
TGTTGAGGTTCTTGCC,1000
TGTTGAGTCACCATCC,1000
TGTTGAGTCTTGAGCA,0
TGTTGGAAGACTCATC,0
TGTTGGAAGCTGTGCC,0
TGTTGGAAGGACGCTA,0
TGTTGGAAGTAATTGG,1000
TGTTGGAAGTGGCAGT,0
TGTTGGACACCATATG,0
TGTTGGACACTGTCCT,0
TGTTGGACAGACAAAT,0
TGTTGGACATAGAGGC,0
TGTTGGAGTCATGACT,0
TGTTGGAGTGGACAGT,0
TGTTGGAGTTTCGACA,0
TGTTGGATCTTGGTCC,1000
TGTTTGTAGAGTCAAT,0
TGTTTGTAGGGATGTC,0
TGTTTGTAGGTCCCTG,0
TGTTTGTCAACCGACC,0
TGTTTGTCAAGAAACT,3
TGTTTGTCAGACAAAT,0
TGTTTGTCATATGCGT,0
TGTTTGTCATTCTTCA,0
TGTTTGTGTAAGGCTG,1
TGTTTGTGTACAAGTA,0
TGTTTGTGTATGGGAC,0
TGTTTGTGTTCAGGTT,0
TGTTTGTTCCATTTGT,0
TGTTTGTTCGCTATTT,0
TGTTTGTTCGTCCTTG,0
TGTTTGTTCTACCAGA,0
TGTTTGTTCTCGACCT,0
TGTTTGTTCTCGCTCA,0
TGTTTGTTCTGCATGA,0
TTAATCCAGGTTGACG,0
TTAATCCAGTATAGGT,3
TTAATCCGTGAGATCG,0
TTAATCCGTGATAGTA,0
TTAATCCTCAGTAGGG,1
TTAATCCTCTTCCCAG,0
TTACAGGAGACTTAAG,0
TTACAGGAGATACTGA,0
TTACAGGAGTATGAAC,0
TTACAGGAGTTGCCCG,0
TTACAGGCACGAGGAT,0
TTACAGGCACTACCGG,0
TTACAGGGTATGCGGA,0
TTACAGGGTCAACATC,0
TTACAGGGTCTCACAA,3
TTACAGGGTGTCCAAT,0
TTACAGGGTTTGGCTA,1
TTACAGGTCACGAGGA,0
TTACAGGTCAGTGTGT,1
TTACAGGTCTATACGG,0
TTACCATAGAGCATAT,0
TTACCATAGAGGCCAT,0
TTACCATAGGCTCACC,0
TTACCATCACTATGTG,1000
TTACCATCACTCCTGT,0
TTACCATCAGGAACCA,0
TTACCATCAGGGAGAG,0
TTACCATCAGTCGCAC,1
TTACCATCATCCGAGC,0
TTACCATCATGACACT,1000
TTACCATGTAGACACG,0
TTACCATGTCTAGGTT,0
TTACCGCAGGCGCTTC,0
TTACCGCAGTTCATCG,0
TTACCGCCAACACGAG,3
TTACCGCCAACCCTCT,2
TTACCGCCAACGACTT,0
TTACCGCCAATCCTAG,0
TTACCGCCACGACGAA,0
TTACCGCCAGAGTGTG,0
TTACCGCCAGCACAGA,0
TTACCGCCATGGCCAC,0
TTACCGCGTCCTCCTA,3
TTACCGCGTGAGTAGC,0
TTACCGCGTTGAAGTA,0
TTACCGCTCGCGCCAA,0
TTACCGCTCTAACACG,0
TTACCGCTCTACACTT,0
TTACCGCTCTGGTGGC,0
TTACGCCAGACTAAGT,1000
TTACGCCAGCTGACCC,2
TTACGCCAGGTCTTTG,1000
TTACGCCAGTAAACGT,0
TTACGCCAGTAAGCAT,0
TTACGCCAGTTGCTCA,3
TTACGCCCAAAGGTTA,0
TTACGCCCAACCGACC,0
TTACGCCCAATGACCT,1
TTACGCCCACAAATGA,0
TTACGCCGTATCGGTT,0
TTACGCCGTCATTCCC,0
TTACGCCGTCTTGTCC,0
TTACGCCGTTCAAGTC,0
TTACGCCTCAAGCTTG,0
TTACGCCTCCGCCTAT,0
TTACGCCTCTCAACGA,2
TTACGTTAGAAGTATC,0
TTACGTTAGACTCGAG,1000
TTACGTTAGCGCTGCT,0
TTACGTTAGCTTTCCC,0
TTACGTTCACGGTCTG,1
TTACGTTGTAGTGCGA,0
TTACGTTGTCCCTCAT,0
TTACGTTGTCCGGACT,0
TTACGTTGTGCTTCAA,2
TTACGTTGTTACGATC,0
TTACGTTGTTCACCGG,0
TTACGTTGTTTAAGGA,2
TTACGTTTCATTCGGA,0
TTACTGTAGAACAAGG,0
TTACTGTAGACAGCTG,1000
TTACTGTAGATTGTGA,0
TTACTGTAGCGTACAG,0
TTACTGTAGGATAATC,0
TTACTGTAGGGAGGTG,3
TTACTGTAGTCATGAA,1000
TTACTGTCAACATACC,0
TTACTGTCACCGAATT,0
TTACTGTCAGAGTGAC,3
TTACTGTCAGCGTACC,0
TTACTGTGTCCACATA,1
TTACTGTGTGACAGCA,2
TTACTGTGTGTGCTTA,1
TTACTGTGTTCGGTCG,0
TTACTGTTCAGGTAAA,1000
TTAGGCAAGAACCGCA,0
TTAGGCAAGAGCCGAT,0
TTAGGCAAGATACATG,2
TTAGGCAAGCCGATAG,0
TTAGGCAAGCGAATGC,0
TTAGGCAAGGTGCATG,0
TTAGGCAAGTCTAACC,0
TTAGGCACAAGGCAAC,0
TTAGGCACAATTCTTC,0
TTAGGCACACGTGAGA,0
TTAGGCACAGACCAAG,3
TTAGGCAGTAAGATAC,0
TTAGGCAGTCCTGGGT,0
TTAGGCATCAAAGGTA,0
TTAGGCATCAACCTTT,0
TTAGGCATCACTAGCA,0
TTAGGCATCCCAGGCA,2
TTAGGCATCCGCGATG,0
TTAGGCATCCGTGCGA,0
TTAGGCATCGATACGT,0
TTAGGCATCTACCAGA,0
TTAGGGTAGGATAATC,0
TTAGGGTCAAGGTCAG,1000
TTAGGGTCACCAATTG,1
TTAGGGTCACTGTGTA,0
TTAGGGTCAGGTACGA,1000
TTAGGGTCAGGTCAGA,0
TTAGGGTGTAGAAACT,0
TTAGGGTGTGCACGCT,1
TTAGGGTGTTTAGAGA,0
TTAGGGTTCACCCATC,0
TTAGGGTTCATTCCTA,2
TTAGGGTTCGGCCCAA,1
TTAGGGTTCTAGTACG,0
TTAGGGTTCTCTATAC,0
TTAGGGTTCTGCCTCA,0
TTAGGGTTCTGTCCCA,0
TTAGTCTAGAAACTGT,0
TTAGTCTAGCACTCAT,0
TTAGTCTAGCTCGGCT,0
TTAGTCTAGTATGCAA,0
TTAGTCTCACACCGCA,0
TTAGTCTCAGAGACTG,0
TTAGTCTCAGTGGGTA,0
TTAGTCTCATGCCGCA,0
TTAGTCTGTAGCTGAG,0
TTAGTCTGTGACTATC,0
TTAGTCTGTGAGATCG,2
TTAGTCTGTGCAGGAT,3
TTAGTCTGTGCTGCAC,1000
TTAGTCTTCCAAACCA,0
TTAGTCTTCCCGAATA,1000
TTAGTCTTCCTTCAGC,0
TTAGTCTTCGAGATGG,0
TTAGTCTTCGCTTAAG,0
TTAGTCTTCTCGCAGG,0
TTATTGCAGTTCCAGT,1
TTATTGCAGTTGGAAT,0
TTATTGCCAAATACGA,0
TTATTGCCAACACGTT,1
TTATTGCCAAGCGCTC,0
TTATTGCCAATACCCA,0
TTATTGCCAGAACTTC,0
TTATTGCGTGATAGTA,1000
TTATTGCGTGTCACAT,2
TTATTGCGTTCGAAGG,0
TTATTGCGTTTGTTGG,0
TTATTGCTCACACCCT,2
TTCAATCAGGACGCTA,3
TTCAATCAGTCCCTAA,0
TTCAATCAGTCCGCCA,1
TTCAATCAGTGTTGAA,0
TTCAATCCACAGCGCT,3
TTCAATCGTAGAGTTA,0
TTCAATCGTAGGACTG,0
TTCAATCGTCTTGAGT,1
TTCAATCTCCAACCAA,0
TTCAATCTCCACGTAA,0
TTCAATCTCGCGATCG,0
TTCAATCTCGCTGTCT,1
TTCAATCTCTTACCGC,1000
TTCACCGAGAAGGCTC,0
TTCACCGAGTGAGCCA,3
TTCACCGCAAAGCGTG,0
TTCACCGCACATGTTG,0
TTCACCGGTACCTAAC,0
TTCACCGGTAGACAGC,0
TTCACCGGTCCTGTCT,2
TTCACCGGTGAGACGT,0
TTCACCGGTTCAGCTA,0
TTCACCGTCAGGGTAG,0
TTCACCGTCATGAGAA,1
TTCACCGTCGCCGAAC,0
TTCACCGTCTGGGTCG,1
TTCACGCAGGAAGTGA,0
TTCACGCAGGAATGTT,0
TTCACGCAGTACAACA,2
TTCACGCAGTCCCAGC,0
TTCACGCCAATGGCCC,3
TTCACGCCAGCACACC,0
TTCACGCGTAGATTAG,0
TTCACGCGTAGGAGTC,3
TTCACGCGTCGCTTAA,0
TTCACGCGTGTGCCTG,1000
TTCACGCTCAGAGCAG,0
TTCACGCTCATCTCTA,1
TTCACGCTCCAAACCA,0
TTCACGCTCCATGCAA,0
TTCACGCTCGGCGATC,0
TTCACGCTCGTCGGGT,2
TTCAGGAAGAGCAAGA,0
TTCAGGAAGGTAATCA,0
TTCAGGACACAAGTTC,0
TTCAGGACACGCCACA,0
TTCAGGACACTAAACC,1
TTCAGGACATGACCCG,0
TTCAGGAGTACAATAG,0
TTCAGGAGTGTGACCC,1
TTCAGGAGTTCGGCCA,0
TTCAGGATCACTGTTT,0
TTCAGGATCGTAACAC,0
TTCAGGATCTGCGTCT,0
TTCATGTAGATGAAGG,1000
TTCATGTAGGCTATCT,0
TTCATGTAGTAGATCA,0
TTCATGTCAATCGCGC,2
TTCATGTCACATCCCT,0
TTCATGTCACCCAACG,0
TTCATGTCAGAAGCTG,1
TTCATGTCAGTATACC,2
TTCATGTCAGTGTACT,3
TTCATGTCATCACAGT,0
TTCATGTGTATTAAGG,0
TTCATGTGTATTGGCT,0
TTCATGTGTGATGTAA,2
TTCATGTGTTTGTGGT,0
TTCATGTTCAAACTGC,2
TTCATGTTCACAGAGG,0
TTCATGTTCGACCATA,0
TTCATGTTCGGCCAAC,3
TTCATTGAGAACAGGA,3
TTCATTGAGAGGTCAC,3
TTCATTGAGATCCGAG,0
TTCATTGAGATTGCGG,2
TTCATTGAGGATGCGT,1
TTCATTGAGGGTTAGC,0
TTCATTGAGGGTTTCT,0
TTCATTGAGGTGCAGT,1
TTCATTGCAATTGAGA,0
TTCATTGCAGAAATCA,0
TTCATTGGTGGACTGA,0
TTCATTGTCAAGTTGC,0
TTCATTGTCACCCTTG,1000
TTCATTGTCATGGATC,1
TTCATTGTCGAACCAT,0
TTCATTGTCTGTACAG,0
TTCCAATAGCATCTTG,0
TTCCAATAGGAAAGTG,0
TTCCAATAGGCGAAGG,0
TTCCAATAGTATGTAG,3
TTCCAATCAATAGGGC,1
TTCCAATCACCACTGG,1000
TTCCAATCAGACACCC,0
TTCCAATCATATCTCT,0
TTCCAATCATGAGTAA,1000
TTCCAATGTGTACATC,0
TTCCAATGTGTGGACA,3
TTCCAATTCAGCGCGT,0
TTCCACGAGACCAGCA,1
TTCCACGAGCGACAGT,1
TTCCACGAGCGCCCAT,0
TTCCACGAGGGACACT,0
TTCCACGAGGGTGAAA,0
TTCCACGAGGTAGGCT,0
TTCCACGAGTGGACGT,1000
TTCCACGAGTGGCAGT,0
TTCCACGCAAATGGAT,1000
TTCCACGCAAGAGTGC,1
TTCCACGCACCCTTGT,0
TTCCACGCAGACATCT,2
TTCCACGCAGTCGCAC,0
TTCCACGCAGTGTGCC,0
TTCCACGCAGTTGGTT,0
TTCCACGTCATGCCAA,0
TTCCACGTCTAGTCAG,1
TTCCACGTCTGCTGAA,1000
TTCCGGTAGAAACCCG,0
TTCCGGTAGAGTTCGG,0
TTCCGGTAGCTTAGTC,1
TTCCGGTAGGAGGCAG,0
TTCCGGTAGGCATCGA,0
TTCCGGTAGTTTCGAC,0
TTCCGGTCAATACAGA,1
TTCCGGTCAGGGACTA,1000
TTCCGGTCAGGTTACT,0
TTCCGGTCAGTCTACA,1
TTCCGGTCATAAGCGG,0
TTCCGGTGTCCCACGA,1000
TTCCGGTGTCGCTGCA,0
TTCCGGTTCCCTGGTT,0
TTCCGGTTCGGTAACT,0
TTCCGTGAGATTACCC,0
TTCCGTGAGGGAGTTC,0
TTCCGTGCACCTGCGA,1
TTCCGTGCAGCGTAGA,3
TTCCGTGCAGGCGAAT,2
TTCCGTGCAGTAGAGC,2
TTCCGTGCATACTGAC,1
TTCCGTGGTCATAACC,2
TTCCGTGTCACCCATC,0
TTCCGTGTCGCGTCGA,0
TTCCGTGTCTACCCAC,0
TTCCGTGTCTATCGCC,0
TTCCGTGTCTCTATAC,0
TTCCTAAAGATTTGCC,2
TTCCTAAAGGACAACC,0
TTCCTAAAGGACTGGT,0
TTCCTAAAGGCCTGAA,0
TTCCTAACAACACTAC,0
TTCCTAACAATCTAGC,0
TTCCTAACACAACCGC,0
TTCCTAACACAGTACT,0
TTCCTAACACCGTCTT,0
TTCCTAACAGTCCCGA,3
TTCCTAACATAGCTGT,0
TTCCTAACATCTAACG,0
TTCCTAAGTACCTTCC,0
TTCCTAAGTATATGGA,2
TTCCTAAGTCCGGCAT,1000
TTCCTAAGTGCTATTG,0
TTCCTCTAGAATTCAG,1000
TTCCTCTAGAGACAAG,1
TTCCTCTAGCTTACGT,2
TTCCTCTCAAAGGGCT,0
TTCCTCTCAACACTAC,0
TTCCTCTCAACAGCCC,1000
TTCCTCTCACATTACG,0
TTCCTCTCACGGCACT,0
TTCCTCTCAGGTAGTG,0
TTCCTCTGTACTGCGC,0
TTCCTCTGTGAGACCA,2
TTCCTCTGTGCACGCT,1000
TTCCTCTGTGTCTTCC,1000
TTCCTCTTCAGTAGGG,3
TTCCTCTTCCCGAAAT,1
TTCCTCTTCCTGGGAC,1000
TTCCTCTTCGCCTTGT,0
TTCCTCTTCTCTCTAA,0
TTCCTCTTCTGCAGCG,0
TTCCTTCAGGAACTCG,0
TTCCTTCCAGGTACGA,0
TTCCTTCCATTCTCCG,0
TTCCTTCGTATCGAGG,0
TTCCTTCGTGAGTTTC,0
TTCCTTCGTTCACGAT,1
TTCCTTCGTTGTTGTG,0
TTCCTTCTCACCATAG,0
TTCCTTCTCATAGGCT,0
TTCGATTAGAACTGAT,0
TTCGATTAGCTACAAA,0
TTCGATTAGCTAGTTC,0
TTCGATTAGGAAGTGA,0
TTCGATTAGGACAGCT,0
TTCGATTAGGATCATA,0
TTCGATTAGTTAACGA,0
TTCGATTCACGACAGA,0
TTCGATTCACGGGTAA,1
TTCGATTCAGCGGTCT,0
TTCGATTCAGTTACCA,0
TTCGATTGTAAGCTCT,0
TTCGATTGTCAAAGAT,0
TTCGATTGTCCGGTGT,0
TTCGATTTCATGCAGT,0
TTCGATTTCTGCGATA,0
TTCGCTGAGACTGTTC,0
TTCGCTGAGCCACAAG,1000
TTCGCTGAGTAGTCAA,0
TTCGCTGCAAGACGGT,0
TTCGCTGCACATCATG,0
TTCGCTGCACGCGCTA,0
TTCGCTGCATTACGGT,0
TTCGCTGGTCGATTTG,0
TTCGCTGGTCTTCTAT,1
TTCGCTGGTGGTAACG,0
TTCGCTGTCTACGCGG,0
TTCGCTGTCTATTTCG,0
TTCGCTGTCTCAGGCG,0
TTCGCTGTCTCCAAGA,0
TTCGCTGTCTGGAAGG,2
TTCGGTCAGCGCTGAA,0
TTCGGTCAGGTCTGGA,1000
TTCGGTCAGTATCTGC,0
TTCGGTCAGTTAACGA,3
TTCGGTCCAGGCCTGT,0
TTCGGTCCATCGAGCC,1
TTCGGTCGTAGCGATG,1000
TTCGGTCGTAGTGTGG,0
TTCGGTCGTATCTTCT,0
TTCGGTCGTATGGAGC,0
TTCGGTCTCAAAGACA,0
TTCGGTCTCCACGTCT,0
TTCGGTCTCCCTAGGG,0
TTCGGTCTCCGCACGA,3
TTCTAACAGATAGTGT,1000
TTCTAACAGCCAACCC,1000
TTCTAACAGTCTCCTC,3
TTCTAACCACAAATGA,1000
TTCTAACCACACACGC,0
TTCTAACCACGGCCAT,0
TTCTAACCACTAAACC,1
TTCTAACCACTGTCGG,1000
TTCTAACCACTTCATT,0
TTCTAACCATTGTCGA,0
TTCTAACGTCACTCTC,0
TTCTAACGTGACACAG,0
TTCTAACGTGAGGATC,3
TTCTAACGTGGAGGTT,0
TTCTAACGTGGTTTGT,0
TTCTAACGTTTGGAGG,2
TTCTAACTCAGCGGAA,1
TTCTAACTCGACACCG,2
TTCTAACTCGCCTCTA,0
TTCTAACTCTGCTTTA,2
TTCTAGTAGAAGTCAT,0
TTCTAGTAGAATCGTA,2
TTCTAGTAGAGGATGA,0
TTCTAGTAGATAACAC,0
TTCTAGTAGGACTGGT,0
TTCTAGTAGGATTTAG,0
TTCTAGTAGGTAGACC,1
TTCTAGTAGGTTCAGG,0
TTCTAGTCAACTCGTA,1000
TTCTAGTGTAACTGCT,0
TTCTAGTGTAACTTCG,1000
TTCTAGTGTAAGGTCG,0
TTCTAGTGTCTTGAAC,0
TTCTAGTTCAAACGTC,3
TTCTAGTTCCAATGCA,1000
TTCTAGTTCCCTAGGG,3
TTCTAGTTCTGGCCGA,0
TTCTCTCAGACTCTAC,1
TTCTCTCAGATTCGAA,0
TTCTCTCAGCGTCAAG,0
TTCTCTCAGTGTAGTA,0
TTCTCTCCAAATCAAG,0
TTCTCTCCACACACTA,0
TTCTCTCCACGGGCTT,1
TTCTCTCCAGTTAAAG,3
TTCTCTCGTGGAAGTC,0
TTCTCTCTCATTCGTT,0
TTCTCTCTCCGTATGA,0
TTCTCTCTCCTATGGA,0
TTCTCTCTCGAGCCTG,0
TTCTCTCTCGATAACC,1
TTCTCTCTCTAGTACG,1000
TTCTCTCTCTCGGGAC,0
TTCTCTCTCTTTGATC,0
TTCTGTAAGACGGTCA,3
TTCTGTAAGCACTAAA,0
TTCTGTAAGCGTATAA,0
TTCTGTAAGCTCACTA,0
TTCTGTAAGGTTGAGC,0
TTCTGTACAATAGTGA,1000
TTCTGTACATATGGCT,0
TTCTGTAGTAAGCGGT,0
TTCTGTATCATCCTGC,0
TTCTGTATCATCTCTA,1
TTCTGTATCCACGGAC,0
TTCTGTATCTGTCTCG,0
TTCTTCCAGCAGGGAG,1000
TTCTTCCAGCCTCCAG,1
TTCTTCCAGCTAAACA,1000
TTCTTCCAGGGTATAT,3
TTCTTCCAGGTTTGAA,0
TTCTTCCAGTGAGGCT,0
TTCTTCCCAAGTCGTT,0
TTCTTCCCACAATGCT,0
TTCTTCCCACAGTCGC,0
TTCTTCCCAGAACGCA,0
TTCTTCCCAGGGTCTC,2
TTCTTCCCATGGAATA,0
TTCTTCCGTACTTCCC,1
TTCTTCCGTCACAGAG,0
TTCTTCCGTTTGCCGG,3
TTCTTCCTCACGGTCG,0
TTCTTCCTCCATGATG,0
TTCTTCCTCTAGCAAC,0
TTCTTCCTCTCGACGG,0
TTCTTCCTCTGATTCT,0
TTCTTCCTCTGGACTA,1000
TTCTTCCTCTTTCTTC,0
TTCTTGAAGAAATTCG,0
TTCTTGAAGAGAGGTA,2
TTCTTGAAGAGCATTA,0
TTCTTGAAGCTAATCC,0
TTCTTGAAGTCATCGT,1000
TTCTTGACAAGATCCT,3
TTCTTGACAAGCGCAA,0
TTCTTGACACGATTCA,1000
TTCTTGACACTACGGC,0
TTCTTGACAGTATTCG,2
TTCTTGACATCCTAAG,0
TTCTTGAGTAAGGCCA,0
TTCTTGAGTAATGCTC,0
TTCTTGAGTACTTGTG,0
TTCTTGAGTCACTCTC,1000
TTCTTGAGTCGTGGTC,0
TTCTTGAGTTCAAAGA,2
TTCTTGAGTTTCGTTT,0
TTCTTGATCATTATCC,2
TTCTTGATCGAGTGGA,0
TTCTTGATCTATCGCC,1000
TTCTTGATCTCTCAAT,3
TTGAACGAGACATCAA,1000
TTGAACGAGCGCTGCT,2
TTGAACGAGGAAGTAG,1
TTGAACGAGTAACCGG,0
TTGAACGAGTTGCTCA,0
TTGAACGCACATACTG,1000
TTGAACGCAGCCTATA,0
TTGAACGCAGGGATAC,1000
TTGAACGCATCATTGG,2
TTGAACGCATCCTAAG,0
TTGAACGGTGAACGGT,3
TTGAACGGTGACACGA,0
TTGAACGTCCTCTTTC,1
TTGAACGTCGTTGCCT,0
TTGACCCAGAGGTCAC,0
TTGACCCAGCCATGCC,0
TTGACCCAGCTTAGTC,0
TTGACCCAGGCGATAC,0
TTGACCCAGGGAGGCA,0
TTGACCCCAACGTTAC,0
TTGACCCCAAGCGATG,0
TTGACCCCACCACTGG,0
TTGACCCGTAGCTGCC,2
TTGACCCGTCCACACG,0
TTGACCCTCCATCTCG,1
TTGACCCTCGTAACCA,3
TTGACCCTCTGGTCAA,0
TTGAGTGAGACCTCCG,0
TTGAGTGAGACGCCAA,0
TTGAGTGAGCTAAATG,3
TTGAGTGAGGCAGGGA,0
TTGAGTGCAAGCCTGC,0
TTGAGTGCACACAGCC,2
TTGAGTGCACCGGAAA,0
TTGAGTGCATTGGGAG,0
TTGAGTGGTAGAATGT,1000
TTGAGTGGTCAGGCAA,0
TTGAGTGGTCTGTGTA,0
TTGAGTGGTGCGACAA,0
TTGAGTGGTTAAGGGC,0
TTGAGTGTCAACACGT,0
TTGAGTGTCACACCCT,2
TTGAGTGTCACCTTAT,1
TTGAGTGTCATGAGAA,0
TTGAGTGTCATTCTTG,0
TTGAGTGTCCCGAAAT,1000
TTGAGTGTCCGGGACT,0
TTGAGTGTCGGAGCAA,0
TTGAGTGTCTATCACT,1000
TTGATGGAGAAACCAT,3
TTGATGGAGCTAGAGC,2
TTGATGGAGGACATCG,0
TTGATGGAGGTGTGAC,0
TTGATGGAGTGTTCCA,1000
TTGATGGCAGCGAGTA,0
TTGATGGCAGTGCCTG,0
TTGATGGCAGTTAAAG,0
TTGATGGCATCTCGTC,2
TTGATGGGTAGGGTAC,0
TTGATGGGTGTTACAC,0
TTGATGGTCACTTGGA,1000
TTGATGGTCAGATTGC,0
TTGATGGTCCACTGAA,0
TTGATGGTCCATGATG,3
TTGATGGTCCTCTGCA,3
TTGATGGTCGAGCCAC,2
TTGATGGTCTGTCGCT,1
TTGCATTAGAGGATGA,0
TTGCATTAGGTTGAGC,0
TTGCATTAGTAGCATA,0
TTGCATTAGTCATTGC,0
TTGCATTCAACACAAA,2
TTGCATTCACCGGCTA,0
TTGCATTCAGGCAATG,0
TTGCATTCAGTCACGC,0
TTGCATTCATGGAAGC,0
TTGCATTGTCGGAACA,0
TTGCATTGTTCATCGA,0
TTGCATTGTTCGAACT,0
TTGCATTTCATTGCCC,0
TTGCATTTCCATCTCG,0
TTGCATTTCCCATAGA,1000
TTGCATTTCTTGAGCA,0
TTGCCTGAGCGTCAAG,1000
TTGCCTGAGCTTACGT,0
TTGCCTGAGGACTGGT,0
TTGCCTGAGGATTACA,0
TTGCCTGCAAGCCCAC,0
TTGCCTGCACCTCTAC,1
TTGCCTGCACGTTCGG,0
TTGCCTGCACGTTGGC,1000
TTGCCTGCAGAAATTG,1
TTGCCTGCAGCTGTCG,0
TTGCCTGCATCTAACG,2
TTGCCTGGTCGATTAC,0
TTGCCTGGTGTATCCA,2
TTGCCTGTCACCTCTG,0
TTGCCTGTCACTGTCC,2
TTGCCTGTCCCGGTAG,0
TTGCCTGTCCCTTGTG,0
TTGCCTGTCGATGCTA,0
TTGCCTGTCTATTGTC,1
TTGCCTGTCTGAGCAT,3
TTGCGTCAGCACGATG,0
TTGCGTCAGGCTTAGG,0
TTGCGTCAGGGAGAAT,0
TTGCGTCAGTGGAATT,3
TTGCGTCAGTGGTCAG,0
TTGCGTCCACACCGCA,0
TTGCGTCCAGATTAAG,0
TTGCGTCCAGCAGTAG,1000
TTGCGTCGTACCCGCA,2
TTGCGTCGTCGGAAAC,3
TTGCGTCGTGGTAATA,2
TTGCGTCTCACCTACC,2
TTGCGTCTCACCTTGC,3
TTGCGTCTCATCTATC,0
TTGCGTCTCATGCATG,0
TTGCGTCTCATTCTTG,0
TTGCGTCTCATTTGGG,1000
TTGCTGCAGAAATTCG,2
TTGCTGCAGAGTTGAT,2
TTGCTGCAGCCTAACT,3
TTGCTGCCAACCGTGC,0
TTGCTGCCAGACCAGA,0
TTGCTGCCAGAGGGTT,0
TTGCTGCTCAACACGT,0
TTGCTGCTCGCGTGCA,0
TTGCTGCTCGTCACCT,3
TTGCTGCTCGTCAGAT,0
TTGCTGCTCTCTATAC,0
TTGGATGAGTGGTCAG,0
TTGGATGCAAACACCT,0
TTGGATGCAAGTTCCA,0
TTGGATGCAGAGGCTA,0
TTGGATGCAGCCGTTG,1
TTGGATGCATATGCGT,0
TTGGATGCATTCTCTA,0
TTGGATGCATTGAAAG,0
TTGGATGGTAATCAGA,2
TTGGATGGTACAACGG,1000
TTGGATGGTACGCTAT,0
TTGGATGGTCATATGC,0
TTGGATGGTCCAGAAG,2
TTGGATGGTGCGGTAA,0
TTGGATGGTTCTCGTC,2
TTGGATGTCAGCGCAC,0
TTGGATGTCCGATCTC,0
TTGGGATAGATGAAGG,1000
TTGGGATAGCGAATGC,0
TTGGGATAGCTCGAAG,2
TTGGGATAGCTTTCTT,0
TTGGGATAGGGTACAC,3
TTGGGATCATACATCG,0
TTGGGATGTATCCTCC,0
TTGGGATGTGTCCAAT,1
TTGGGATGTTAGTTCG,0
TTGGGATGTTGCATCA,0
TTGGGATTCAAGTCGT,1000
TTGGGATTCACCATCC,0
TTGGGATTCAGTGGGA,2
TTGGGATTCCGCAGTG,0
TTGGGATTCGACGTCG,2
TTGGGCGAGGCCCAAA,0
TTGGGCGAGTAACCGG,1000
TTGGGCGAGTGAGTGC,2
TTGGGCGAGTTCCGTA,3
TTGGGCGCAACTTCTT,0
TTGGGCGCACTACGGC,0
TTGGGCGCACTTCATT,0
TTGGGCGCACTTGACA,2
TTGGGCGCAGAACTCT,0
TTGGGCGCAGAGACTG,3
TTGGGCGGTAACGTTC,0
TTGGGCGGTAGCGATG,3
TTGGGCGGTATGAAAC,0
TTGGGCGGTATGATCC,0
TTGGGCGGTGATACCT,1000
TTGGGCGGTTACGATC,0
TTGGGCGTCTCTGCCA,0
TTGGGTAAGAAATGGG,0
TTGGGTAAGCAAGTGC,1000
TTGGGTAAGCGTGTCC,0
TTGGGTAAGTATGTAG,1000
TTGGGTAAGTCGTCTA,3
TTGGGTACAAAGGTTA,0
TTGGGTACACGCGCTA,0
TTGGGTACAGAACTAA,0
TTGGGTACAGGTTTAC,0
TTGGGTAGTACAGAAT,0
TTGGGTAGTACTAAGA,3
TTGGGTAGTCAAGGCA,0
TTGGGTAGTGACAGGT,1
TTGGGTAGTGAGTCAG,0
TTGGGTAGTGCATACT,0
TTGGGTATCAGAACCT,0
TTGGGTATCCGTGACG,0
TTGGGTATCGCCTCTA,0
TTGGGTATCGGATACT,1000
TTGGGTATCTAACGGT,0
TTGGGTATCTGAGCAT,0
TTGGGTATCTGAGTCA,0
TTGGTTTAGGGCAGAG,2
TTGGTTTAGTCCCTAA,0
TTGGTTTAGTCTAGAA,0
TTGGTTTAGTGAGGTC,0
TTGGTTTCAAGAGCTG,0
TTGGTTTCAAGTGATA,0
TTGGTTTCAATTGAAG,0
TTGGTTTCACAACGCC,3
TTGGTTTCATTACTCT,0
TTGGTTTGTAGTACGG,0
TTGGTTTGTCAGGTGA,2
TTGGTTTGTCCATAGT,0
TTGGTTTGTGGCTTAT,0
TTGGTTTGTTATTCTC,1000
TTGGTTTTCCCTCATG,0
TTGGTTTTCGCAGTGC,1000
TTGGTTTTCGGATAAA,0
TTGGTTTTCTGGACTA,0
TTGGTTTTCTTCTAAC,0
TTGTGGAAGATTTGCC,0
TTGTGGAAGCTGTTAC,3
TTGTGGAAGCTTAAGA,1000
TTGTGGAAGTAAGGGA,0
TTGTGGAAGTCAGCGA,0
TTGTGGAAGTCTAGCT,1000
TTGTGGAAGTGGTTAA,0
TTGTGGACACCAGGTC,1
TTGTGGACAGCTGTTA,0
TTGTGGACATGACGAG,0
TTGTGGAGTAAGACCG,1
TTGTGGAGTCCGGTGT,0
TTGTGGAGTGATCATC,0
TTGTGGAGTGCTTATG,0
TTGTGGAGTGGTCCCA,0
TTGTGGAGTTCGAACT,0
TTGTGGAGTTCTAACG,0
TTGTGGAGTTCTTCAT,0
TTGTGGATCAAAGAAC,0
TTGTGGATCATTTCCA,0
TTGTGGATCCCAAGTA,0
TTGTGGATCCGAAGGA,0
TTGTGGATCTGAGCAT,0
TTGTGTTAGGCGTTAG,3
TTGTGTTCAAGAGGTC,0
TTGTGTTCATCACGGC,1
TTGTGTTGTACCGTCG,0
TTGTGTTGTAGTCGGA,1
TTGTGTTGTATTCTCT,1
TTGTGTTGTCGATGCC,0
TTGTGTTGTTAAGGAT,0
TTGTGTTTCCCAAGCG,0
TTGTGTTTCCTTATAC,0
TTGTTCAAGAGTCTTC,2
TTGTTCAAGCATATGA,0
TTGTTCACAGCATGCC,0
TTGTTCACAGTTCACA,0
TTGTTCACATATAGCC,0
TTGTTCACATTGAGCT,0
TTGTTCAGTCACGCTG,3
TTGTTCAGTCAGGAGT,0
TTGTTCAGTCAGTCGC,3
TTGTTCAGTCCGGCAT,1
TTGTTCAGTGAGCAGT,0
TTGTTCAGTTCTCCAC,0
TTGTTGTAGAAACCCG,2
TTGTTGTAGACGCCAA,2
TTGTTGTAGACGCCCT,0
TTGTTGTAGCGCAATG,3
TTGTTGTAGCGGGTAT,2
TTGTTGTAGGTGCGAT,0
TTGTTGTAGGTTACAA,0
TTGTTGTAGGTTGGTG,0
TTGTTGTCAAACAGGC,3
TTGTTGTCACGCGGTT,0
TTGTTGTCAGGCTATT,0
TTGTTGTGTAAGATCA,0
TTGTTGTGTATGGAAT,0
TTGTTGTGTCGGCTAC,0
TTGTTGTGTGACAGCA,3
TTGTTGTGTGGAGGTT,0
TTGTTGTGTGGCTTGC,0
TTGTTGTGTTAAACCC,2
TTGTTGTTCGACACTA,0
TTGTTGTTCGATACGT,2
TTGTTGTTCGATGCAT,0
TTGTTGTTCGTGTTCC,0
TTGTTGTTCTACCCAC,0
TTGTTGTTCTCCGCAT,0
TTGTTGTTCTGGGCGT,0
TTGTTTGAGACGCAGT,0
TTGTTTGAGAGTCAAT,0
TTGTTTGCAATGGCAG,0
TTGTTTGCAATTGCGT,0
TTGTTTGCACCAATTG,0
TTGTTTGCAGATACCT,3
TTGTTTGGTACTGCCG,1
TTGTTTGGTGCAACGA,0
TTGTTTGGTGTGACCC,0
TTGTTTGGTGTTGAGG,0
TTGTTTGGTTGTCATG,0
TTGTTTGTCAGTGTTG,1
TTGTTTGTCGGTAACT,0
TTTACCAAGATGGTCG,1
TTTACCAAGGATCATA,0
TTTACCAAGGCCTGAA,1000
TTTACCAAGTCGAATA,0
TTTACCAAGTTTAGGA,0
TTTACCACAAGGTCTT,2
TTTACCACACCAGCCA,0
TTTACCACATGAGAAT,0
TTTACCACATGGAAGC,0
TTTACCAGTACGATGG,0
TTTACCAGTGCAACGA,0
TTTACCATCACCGGTG,2
TTTACCATCAGCCTTC,1
TTTACCATCCATTGCC,0
TTTACCATCTGCCTGT,2
TTTACCATCTGCTTTA,0
TTTACGTAGACAACAT,1000
TTTACGTAGATGACCG,0
TTTACGTAGCACCGAA,0
TTTACGTAGGTCGTAG,0
TTTACGTAGTCCTGTA,0
TTTACGTCACACCTGG,2
TTTACGTCACGCCAGT,0
TTTACGTCATCCGTGG,0
TTTACGTGTGGAGAAA,0
TTTACGTGTTACACTG,0
TTTACGTGTTGGAGGT,0
TTTACGTGTTTGGAAA,0
TTTACGTTCACTGAAC,0
TTTACGTTCCACGTCT,0
TTTACGTTCCAGGACC,1
TTTACGTTCCTGGCTT,0
TTTACGTTCGAGCCAC,0
TTTACGTTCGGACTTA,1000
TTTACTGAGCTGTGCC,0
TTTACTGAGTTGTAAG,0
TTTACTGCACAGCCTG,0
TTTACTGCACGGGCTT,0
TTTACTGCACTACAGT,0
TTTACTGCAGACCAAG,0
TTTACTGCAGATCCTA,0
TTTACTGCAGCAGATG,0
TTTACTGGTAGAATAC,2
TTTACTGGTAGGGAGG,2
TTTACTGGTCGGTGAA,1000
TTTACTGGTTGGGAAC,0
TTTACTGTCACGTCCT,0
TTTACTGTCATCACTT,1
TTTACTGTCCCAATAG,0
TTTACTGTCTACCTTA,0
TTTACTGTCTCTGCCA,0
TTTAGTCAGAACGTGC,0
TTTAGTCAGAGTTGTA,0
TTTAGTCAGGGTTAGC,0
TTTAGTCAGTATGTAG,2
TTTAGTCAGTTCAACC,1000
TTTAGTCCACTCAGAT,1000
TTTAGTCGTACAATAG,1000
TTTAGTCGTATACCCA,1
TTTAGTCGTCTGTGGC,0
TTTAGTCGTCTTCCGT,0
TTTAGTCGTGATGGCA,0
TTTAGTCGTTTGTTGG,0
TTTAGTCTCCACGAAT,0
TTTAGTCTCGAAGAAT,2
TTTAGTCTCGTAGGAG,0
TTTAGTCTCTGATGGT,0
TTTATGCAGAGCAGCT,1
TTTATGCAGCACACCC,0
TTTATGCAGGCGTCCT,1000
TTTATGCAGGCGTTGA,0
TTTATGCAGGGCTTCC,2
TTTATGCCAGAGCGTA,2
TTTATGCCAGGCTTGC,1
TTTATGCGTACAAACA,0
TTTATGCGTCATCAGT,0
TTTATGCGTCCTGTTC,0
TTTATGCGTGTGTCCG,1000
TTTATGCTCAACTACG,0
TTTATGCTCCCGAAAT,2
TTTATGCTCGCCAGAC,1
TTTATGCTCGGAGTGA,0
TTTCACAAGATTGATG,0
TTTCACAAGGTAACTA,0
TTTCACACAACGTAAA,0
TTTCACACAATTGCAC,0
TTTCACACAGCCCAGT,1000
TTTCACACATCGCTCT,0
TTTCACAGTAACATCC,1000
TTTCACAGTATCTCTT,0
TTTCACAGTCACTACA,3
TTTCACAGTCATGACT,3
TTTCACAGTCGTCATA,0
TTTCACAGTTGCATTG,2
TTTCACATCAACCTTT,0
TTTCACATCAATGCAC,0
TTTCACATCACAACCA,1000
TTTCACATCCAACCAA,0
TTTCACATCCAAGAGG,0
TTTCACATCCACATAG,0
TTTCACATCCTCTAAT,1
TTTCACATCGTGGCTG,0
TTTCACATCGTGGTAT,0
TTTCACATCTCTATGT,2
TTTCAGTAGAATGTTG,0
TTTCAGTAGAGAACCC,0
TTTCAGTAGAGCATAT,0
TTTCAGTAGCCGCACT,0
TTTCAGTAGCTCGTGC,0
TTTCAGTCAAACGAGC,0
TTTCAGTGTCGAACAG,0
TTTCAGTGTCGAATGG,2
TTTCAGTGTCTTAGTG,2
TTTCAGTGTTGCTCCT,3
TTTCAGTTCAGCAGAG,1000
TTTCAGTTCAGTCATG,0
TTTCAGTTCCATCTAT,0
TTTCAGTTCCCAGCGA,0
TTTCAGTTCCGCGAGT,0
TTTCAGTTCGCAATGT,0
TTTCAGTTCGGCATTA,1000
TTTCATGAGACTGGGT,0
TTTCATGAGGTACATA,1000
TTTCATGAGGTCGAGT,0
TTTCATGAGTAACCGG,1000
TTTCATGAGTAGTCTC,0
TTTCATGCAAGAGGCT,1000
TTTCATGCAAGTGCTT,0
TTTCATGCACAATGAA,0
TTTCATGCAGTCTACA,0
TTTCATGCATACCAGT,0
TTTCATGGTGATTAGA,0
TTTCATGGTGGATACG,0
TTTCATGGTGTATTCG,2
TTTCATGGTTGTTGCA,0
TTTCATGTCCCAGGAC,0
TTTCATGTCGAGAGAC,0
TTTCATGTCGATAACC,1
TTTCATGTCGCCCAGA,1
TTTCCTCAGGGAGTGG,0
TTTCCTCAGTATTCCG,0
TTTCCTCAGTGGTTGG,2
TTTCCTCCAAATCGGG,0
TTTCCTCCAACAAGTA,0
TTTCCTCCACACTTAG,2
TTTCCTCCACTGAATC,0
TTTCCTCCAGATGCGA,0
TTTCCTCCAGCGCTTG,0
TTTCCTCCATCGATCA,0
TTTCCTCCATGGACAG,3
TTTCCTCGTGCGAGTA,2
TTTCCTCTCAGTGTGT,0
TTTCCTCTCCGTTGAA,0
TTTCCTCTCTCTAGGA,0
TTTCCTCTCTTCCGTG,0
TTTCCTCTCTTCTCAA,0
TTTCGATAGCAGTCTT,0
TTTCGATAGGTCATAA,0
TTTCGATAGTAATACG,1000
TTTCGATAGTCATCCA,0
TTTCGATCAAATGAAC,2
TTTCGATCACGCAGTC,0
TTTCGATCACTTGGCG,0
TTTCGATCAGCGGATA,1
TTTCGATCAGGACATG,0
TTTCGATCAGGTGGAT,0
TTTCGATCATTGCTGA,1
TTTCGATGTAGCACAG,1
TTTCGATTCAGGAACG,0
TTTCGATTCCTCACCA,1000
TTTCGATTCGAAGGAC,0
TTTCGATTCTTGTTAC,0
TTTGACTAGCTAAGTA,0
TTTGACTAGTAACCGG,1000
TTTGACTAGTTACGAA,0
TTTGACTCAAGGTCTT,0
TTTGACTCACAGTCCG,0
TTTGACTCATACCACA,0
TTTGACTCATGGATCT,0
TTTGACTGTATGTGTC,0
TTTGACTGTCCGGATC,3
TTTGACTGTGGAAATT,0
TTTGACTTCGTCACCT,1000
TTTGACTTCTAAGGAA,0
TTTGACTTCTGGGAGA,1000
TTTGATCAGAAGCCTG,2
TTTGATCAGTGCACAG,0
TTTGATCCAAACGTGG,0
TTTGATCCAGAAATTG,3
TTTGATCGTATGCGTT,0
TTTGATCGTGATCATC,0
TTTGATCGTTGCGTAT,0
TTTGATCGTTGCTCAA,0
TTTGATCGTTTAGAGA,0
TTTGATCTCACCTCAC,0
TTTGATCTCATTTGCT,0
TTTGATCTCATTTGGG,0
TTTGATCTCCAAAGGG,0
TTTGATCTCCATTGTT,0
TTTGATCTCCTAAGTG,0
TTTGATCTCGTGGGAA,0
TTTGATCTCTGAGATC,0
TTTGATCTCTGCTTAT,0
TTTGGAGAGACGTCCC,1
TTTGGAGAGCTACTAC,0
TTTGGAGAGGTCGTGA,1
TTTGGAGAGTGAGCCA,1000
TTTGGAGCAAAGGATT,0
TTTGGAGCAGACATCT,0
TTTGGAGCATAACCCA,1000
TTTGGAGGTAGACGGT,0
TTTGGAGGTCATAGTC,0
TTTGGAGGTCGCACAC,0
TTTGGAGGTCGTGTTA,1000
TTTGGAGGTGGATACG,0
TTTGGAGGTTTCCAAG,0
TTTGGAGGTTTGGGTT,0
TTTGGAGTCACTGTCC,1
TTTGGTTAGTTTCAGC,3
TTTGGTTCAAGGTACG,0
TTTGGTTCAATATCCG,0
TTTGGTTCAGACAATA,1
TTTGGTTCAGGATTCT,0
TTTGGTTCAGTCTGGC,0
TTTGGTTCATGAAAGT,0
TTTGGTTGTGCAGATG,0
TTTGGTTGTGTGGACA,0
TTTGTTGAGACTAAGT,0
TTTGTTGAGACTAGAT,0
TTTGTTGAGATCCCAT,0
TTTGTTGAGATTCGCT,0
TTTGTTGAGGAGCTGT,0
TTTGTTGAGGGACACT,0
TTTGTTGAGTTACGAA,0
TTTGTTGCAGCACACC,3
TTTGTTGCAGCACAGA,1
TTTGTTGGTAAGCGGT,0
TTTGTTGGTAGAGATT,0
TTTGTTGGTGGACTAG,0
TTTGTTGGTGTGTCGC,0
TTTGTTGGTTAGGAGC,0
TTTGTTGTCCAGCACG,2
TTTGTTGTCGGTCATA,0
