"cell_barcode","assignment"
"ATAGACCGTCGACTTA",10
"AGTACCAGTCCTTGTC",10
"TCGGTCTCAGCGAACA",5
"TCTTGCGCAGGCACTC",3
"GTGTTAGAGTCACGAG",10
"CACAGATTCAGACCTA",11
"TCGCTTGTCGGACGTC",7
"CAAGGGACAATGAACA",11
"AGCATCACAGCTCGGT",11
"GAGCTGCAGGCATTTC",4
"TACGGGCAGTCCCGGT",1000
"CGTTGGGCACTACTTT",1000
"ACTTAGGTCAGTCTTT",1000
"GAAGCCCTCGCTCTCA",8
"TAGGGTTGTCATCAGT",2
"ACTTTGTGTGGTAATA",7
"CCCAACTAGAGGATGA",8
"GAGTTACTCATGTCTT",10
"TTTCATGAGGCTTAGG",5
"TTCATGTTCGACGACC",2
"AGATGCTGTCAAGGCA",9
"CGTCAAATCATCACAG",3
"CTCAACCCACGCCAGT",3
"AGCGTCGTCATTCCTA",9
"GCAGCCAGTTGACGGA",7
"CTCCAACGTAAGATAC",9
"TTCGCTGCACGAGGAT",10
"GTCCCATCAACCGTAT",4
"TGTGGCGTCTGAGAGG",10
"GAGAGGTCATGGACAG",4
"CTGAGCGAGAGGTATT",5
"CAAAGAATCACTTTGT",9
"CGTGTCTGTTCCTTGC",2
"CACATGATCGCCTATC",9
"AAAGTGAAGCTAAACA",8
"CAATGACAGCAACTCT",8
"GCTTCACAGGAGAGGC",8
"CATGCAATCGACGATT",9
"CTCGAGGGTCAAAGCG",8
"GCCGATGCAAGGATGC",9
"TACGTCCTCTTTGATC",7
"TCTCACGGTAACAGTA",1000
"CTTACCGCACGCCAGT",3
"CTTCAATCAGTCTACA",10
"CCACACTGTTATTCCT",2
"GATGCTAAGATTAGTG",1
"GTGTAACCAGCTGGTC",9
"CTGCCTACAACCACGC",1
"CAGCACGTCATCGCCT",1000
"CAATACGCATGACTCA",8
"GACACGCGTGCTCGTG",11
"GGGTCTGGTGCCTATA",10
"TACACCCAGATTCGCT",2
"TCTATCAGTGGCTAGA",1000
"GTTTGGATCGACATAC",7
"GTGAGGACATGGGCAA",9
"CACAGATGTCTCAGAT",6
"TGCAGGCTCAGAGCAG",1
"CACTTCGAGCGATTCT",10
"GAAGCCCCACATCATG",1000
"TGAGTCAAGCGAAACC",9
"CCTCAACCAAAGGGCT",7
"TCACGGGTCCATCAGA",3
"ACCTACCAGAACCCGA",10
"TCTACATCATGACGGA",8
"TCTCTGGCAAAGTGTA",1
"TGCTCCAGTCGGTGTC",10
"CACTGGGGTGACGTCC",7
"CCGTTCAGTCTTCATT",10
"CTCTCGAGTGACCGTC",9
"AAGATAGAGGTAATCA",5
"CTATCTAGTAAGGAGA",1000
"ATCGGCGTCTTGAACG",3
"GCGTGCAGTCGTACTA",9
"CTAACTTTCGAGCCTG",11
"TACCCGTTCTCAGGCG",4
"GTAATGCAGACCAGAC",0
"CATGCTCGTTTGGAGG",8
"TGAGGAGAGCATCCCG",9
"TGCAGTAGTAGGATAT",10
"GTATTTCCACGCAGTC",10
"ATTTACCTCGCTAATG",6
"TTCTAGTCACCAACAT",9
"TTCTAACCAGACGGAT",1000
"CTTCGGTCATCCTAAG",9
"AACCACACACAGCATT",10
"GTATTTCTCGAGTGAG",9
"GGGTGTCCAATGGCCC",5
"AACACACGTGGCAGAT",5
"CGTGTCTTCGTAGGGA",9
"TCCACCAGTATGAAGT",8
"AACACACCATGGTACT",7
"TCCACCATCCTGCCAT",10
"CTGTACCGTCATACCA",1000
"AAGTTCGCATCCCACT",7
"AGGACGATCTCATTAC",4
"CAGGTATTCTTTCCAA",8
"GTATTGGTCGACACCG",2
"CGAATTGCATCGTGGC",11
"CCCTGATTCGCCTATC",1000
"AGTCATGAGGTGCGAT",3
"GTCCTCAGTATAATGG",1
"GAAGGGTGTTAAAGTG",5
"TTCACCGTCCAAATGC",9
"TAATCTCAGGAGAATG",10
"ATTTCTGCACACCGAC",7
"TCACAAGTCAACTCTT",10
"CATCGGGGTTGACGGA",10
"TTCTTGACATAGCTGT",3
"TTCTTCCGTCCCGGTA",10
"GAGGCCTAGGGATCAC",4
"TGACCCTCACTGGACC",2
"GCTTTCGAGAGATGCC",7
"ATGTCCCTCTGCGGGT",4
"CCTTTGGAGGCTTCCG",10
"TGCTTCGTCGTAGAGG",5
"AAGCCATGTTCCACAA",3
"TAGACTGTCATCTATC",1000
"TTTACCAGTACTAACC",11
"CTGCCTAAGACATCAA",10
"CAGTGCGTCACCGCTT",11
"ACACCAAGTCGCAACC",5
"GTGATGTCACCCTAGG",2
"GCGGAAAAGCAACAGC",8
"ATGCCTCAGATGTTGA",8
"GGGCCATAGCTGGAGT",8
"AGGTAGGAGGGCTTCC",5
"TTGAACGAGCTCGCAC",2
"CTGGCAGAGGACGCAT",3
"GTAGGAGTCCGTGCGA",6
"ATTCCATTCGCGCCAA",10
"TCAGTGATCAAACTGC",11
"CCCGAAGAGTGTCATC",10
"GATGCTAAGAGAGCAA",6
"AACCACACAGGAGGTT",5
"GAGGGATCATAGTCGT",9
"GTAAGTCGTCGAATGG",5
"TCGCTCAGTCACATTG",1000
"ATCCACCCAAAGGATT",10
"GATCACAGTACACTCA",8
"TCTTGCGAGGCACTCC",3
"AGAACCTAGAAGGCTC",3
"TCGGGCAGTCAATCTG",3
"TCCTGCAGTGACTGAG",2
"TAGACCACACACCTAA",9
"TTACCGCGTTTGTTCT",7
"CTACTATAGCAAGTGC",10
"AACCCAAAGCACGATG",10
"TCGGATAGTAGAGATT",8
"AAAGGTATCTCCATAT",7
"AACCCAACAGTCGAGA",1
"GTCTGTCGTAATTAGG",5
"GAAGCCCAGCGTTGTT",3
"CTCCTTTCAACAACAA",5
"TCATCCGGTGGCTTGC",10
"GTCATTTGTCTGTCCT",7
"TCCATCGCACTATCGA",6
"GATAGCTTCTCGACCT",6
"CGAAGGACAAGAATGT",10
"ACCATTTTCATGGATC",6
"CACCAAAAGAACCCGA",7
"CCTCTCCAGTAAGAGG",9
"GCCATTCAGCTCTATG",5
"TAAGTCGTCAAACGTC",9
"CAGCAGCAGGGCAATC",3
"AAGGAATGTTGCAACT",10
"GATCATGCAAACTCGT",10
"AAGTACCGTTTGAAAG",7
"TACTGCCCAGGTTACT",11
"CCACCATCACTGTGAT",9
"GATCAGTAGGATGTTA",9
"GTCTACCAGGCCTAAG",8
"AGTAGTCTCCATTGGA",11
"AAAGGGCGTGGGACAT",5
"CCAAGCGGTGGGTATG",8
"CTGCTCAAGTTAGTGA",10
"AGAGCCCTCTTCTTCC",3
"ACTGATGCATCTTCGC",1000
"GTGAGTTTCTTACTGT",7
"TGGGCTGTCTTCTGTA",7
"TATTGCTCATGTCAGT",2
"CAGCAATCATGGCTAT",8
"TACGTCCTCGCTGTCT",7
"GGGTGAACATCCGTTC",5
"GTAATGCTCCACCCTA",3
"GCACGTGGTCACTTCC",5
"ATGTCTTCAGCTCGGT",8
"GCAACCGAGAGTACCG",10
"ACAGGGAAGGGCGAGA",1000
"GTAGGTTTCGAGATAA",11
"TTCGATTGTCGCGTCA",7
"TGATGGTCAGTTAGAA",4
"GTTGTGATCTAACACG",1
"TATCGCCGTTCCGCTT",4
"AGTACTGGTACGGGAT",1
"TACGGGCAGCTTCTAG",7
"ATCGGCGTCACAAGGG",4
"CGGAACCGTCGCATGC",10
"GGGCTCACAGGCGTTC",2
"GGCTTTCGTCCAGCCA",4
"CCGATGGGTACACGCC",4
"CTACCTGCAGGCGAAT",3
"GTTACGAGTGTTGACT",0
"CTGGCAGAGGGAGGCA",9
"TGAACGTTCCAAGCAT",1000
"TGAGGTTTCAGCTTGA",6
"CCTCTCCTCTGTGCAA",9
"GCTTTCGAGCAACAAT",8
"CTACCCAAGCAGTAAT",9
"CTTGAGAGTCGAGTGA",9
"AGTGTTGAGGCAATGC",7
"TTGTGTTAGGAGAGGC",10
"GTCTGTCCAGTCAGTT",1000
"TCCATCGGTTCATCTT",1
"TCATGTTTCGGTAACT",10
"GACCAATTCTGTCCCA",10
"GGAATGGAGAAATCCA",10
"TGAGTCACAGAACCGA",3
"GCAGCCAGTTGAGAGC",1000
"ATTCCATCATCGGCCA",11
"GTAGGTTGTAGGACCA",5
"TTAGGGTTCCTAAACG",8
"GTTAGACGTGGCCCAT",5
"TCATCATCAAAGGGTC",6
"ATCGTAGGTAGCGTTT",1000
"GCGTGCATCGGTCGGT",10
"TTTCACATCCACTTCG",3
"GCGTTTCCAGCGTATT",7
"GACAGCCGTAGTGGCA",2
"ACTACGAGTTATCTTC",9
"TCTCTGGCAGTTGGTT",7
"GGGACTCAGTGTAGTA",10
"ATCAGGTGTTAGGACG",2
"GTCATCCTCTCAGTCC",5
"ATCGTCCTCGCTCATC",1
"ACACAGTAGCCAGACA",2
"CGCATAATCCTAGCCT",7
"CAAGAGGAGTTGAAGT",5
"AGGAAATCAGGTCCGT",10
"TAACGACTCCAATCTT",8
"TTGTTCATCAAGTTGC",1
"TACAGGTAGCGACTAG",3
"GCAACCGGTATGAAAC",10
"CATGCAACACGCTGCA",1
"ATGAAAGTCTAGTGTG",1
"ACCAACACACGGTGCT",2
"TCAAGTGGTTCGTGCG",3
"CGTGCTTCATAGCTGT",7
"TCACACCTCGAGAGAC",10
"TCCAGAAAGTCCCAAT",1000
"CCGATCTTCTCGTGAA",7
"AATCACGAGTCTAACC",7
"TTGTTGTCAGCATACT",2
"TGCACGGCAAGAATAC",4
"ATTCAGGGTCCTCCAT",2
"GGCACGTAGGATTTAG",1000
"GTGTGATAGCGTACAG",10
"CATTCCGGTCCACTTC",5
"GGTCACGAGCGATGCA",1000
"TTAGGGTAGGAGAGTA",11
"AAACGAATCAAGCTTG",5
"GACCCAGCAACACGAG",8
"GAGCTGCCAAATGCTC",3
"ATGATCGGTCGACGCT",11
"TTAGGCACAACAGCCC",5
"TGGATCATCCGGTTCT",5
"AGATCGTGTCAGTCTA",7
"TGTTGGAAGCGCAATG",5
"GGGACAATCTGAGCAT",10
"CTGTGGGAGGTGGTTG",5
"TGTAACGAGGCGTTGA",10
"TGTGGCGGTCATGACT",1000
"GATTGGTCAACCGTAT",7
"GACAGCCCAGCACACC",3
"GGGTTTATCGCTTACC",9
"ACTGCAAGTCCATAGT",3
"GTGTGATAGCTCCACG",3
"GTATTTCTCGGCTGGT",5
"CCGCAAGGTTAAAGTG",3
"GGAGCAAGTTACCTGA",1
"TCAGGGCCACATACGT",6
"CGGGCATCATTCTCCG",5
"TGTAACGCACAGTCGC",10
"GAAGGACTCAACCTCC",7
"CATGCCTTCGCCGAGT",7
"TTTACGTAGCACCCAC",7
"TGTCCCATCAGAGTGG",10
"GCCAGGTCAGCTACAT",8
"ACAACCAAGGTACATA",8
"TGGGATTCAAACACCT",11
"CATTCATAGAACCCGA",10
"CTCCAACCAACGGTAG",1000
"ACTATTCTCAGTCACA",8
"AGTCATGGTTGTTGAC",10
"AGGTGTTTCAGCTCTC",4
"ACGGTCGGTAGGTTTC",8
"AATGGCTTCATCGCTC",10
"CTGCAGGGTTGGATCT",9
"GGGTAGATCCGTAATG",9
"GTGCGTGTCGGCCTTT",7
"AGCTCAAGTTGCAACT",10
"TAGTGCAAGAGATCGC",2
"GTATTTCCACGATAGG",3
"CGTAAGTGTGCGTTTA",10
"TTCTTCCAGCTAAACA",8
"CAATTTCTCTTACTGT",7
"ACTGTGATCCTGCCAT",4
"ACATCCCGTACAAGTA",3
"CTAGACATCGTGGACC",7
"GGCACGTGTTAGGGTG",10
"CTGAGGCGTATCGGTT",2
"TTGCTGCAGTAACCGG",5
"CCATCACGTTCGGTAT",3
"CCGATGGCAGGTTCAT",1
"GACTCTCGTTCGTGCG",1000
"TCAGTTTGTTCAGCGC",3
"GAATCGTCAAATTGCC",9
"TCGATTTCATACATCG",6
"AAGCGTTTCGTCCTCA",10
"TGCTCGTCACAAACGG",5
"TCTGTCGCAGGTGTTT",7
"CTAGACAGTAGGCAGT",3
"TGGAGAGGTGTGATGG",7
"ATCTCTACAGTCCGTG",9
"AATCGTGGTTAGCTAC",8
"TTTGACTGTGTGTACT",2
"AAAGAACTCACAACCA",5
"GGCAGTCGTACCTATG",10
"CCAATGAAGGTCCAGA",1000
"AAAGGGCTCCGATCTC",2
"AGAGCAGTCTCCCTAG",1
"TAAGCGTCACTTCATT",4
"AGTAACCAGAAGGCTC",5
"TGGCGTGAGAGGTCGT",10
"TTTCGATAGACTCTAC",3
"GATCACATCTCATGGA",7
"TGCAGTAAGGTCGAGT",8
"TCGATTTCATTAGGAA",7
"ATCACGAAGCTAAACA",8
"TAACTTCTCCATCTCG",1000
"AAAGGGCTCTTTGCGC",1000
"CCAAGCGAGATGCTAA",11
"ATCAGGTGTATCATGC",2
"ACTTCGCCACACTGGC",2
"ACTATTCCATCAGCTA",4
"GACTGATAGGAAGTGA",5
"TGGATGTGTTCTTGTT",4
"CTAACCCGTTCCTAGA",4
"AACAAGACAGGTATGG",7
"TTGGATGGTCCACGCA",5
"ACTTTCAGTATAATGG",1000
"AGTGATCGTATGATCC",5
"ATGCGATCACCAGTTA",1
"CTGCTCAGTGACCGAA",3
"CTACCTGTCGTTGTGA",9
"AGGTCATGTTCCGCAG",6
"CTGCGAGCATTCCTAT",9
"CCAAGCGTCTGGGAGA",8
"CTGTCGTCAACTACGT",6
"TTGGGCGAGCACTCCG",5
"TTCCTCTTCCACTTCG",5
"CTAACCCGTATGCTAC",10
"TACCTGCAGCGTTGTT",5
"GGTAGAGTCCGTCACT",8
"AGATCCAGTGGCACTC",8
"GAACTGTAGTGCCGAA",9
"GATGATCTCCGCAAAT",5
"GATCACACAGCTCATA",0
"GCGAGAAAGGTTCTTG",11
"ACGATGTCATGTACGT",1
"CCGCAAGTCTATTGTC",10
"ATACCGATCTTTGGAG",10
"CTGGCAGTCCGATGTA",3
"GAAACCTCAAGGACAC",9
"TTCACGCTCCACTGAA",3
"ACAAGCTGTATCGAAA",3
"GTAGCTACACGACGTC",7
"GGAGGATTCGGATACT",10
"GTTCGCTCAGATTCGT",1000
"CGGACACGTGGAAGTC",3
"CCACGAGGTCCTTAAG",8
"TGGTTAGCACGCGTGT",1
"TGTAAGCTCTACCTTA",10
"TCACTATCATCGAGCC",3
"TCGTGGGTCGCTGCGA",1000
"CAATTTCGTGTCTTAG",8
"GTCACTCGTAGGAGGG",2
"GGCTTGGGTTCGAGCC",7
"AGTAGCTAGCGACCCT",3
"CAGAGCCAGTGCAGCA",4
"GATCACAGTGCACAAG",8
"ACTCCCAGTGCCTGAC",9
"CTAGACACAGGGAGAG",1000
"CTGTGAATCCGACAGC",5
"CTGCCATGTTAGGACG",7
"CGCGTGAGTGAGACGT",8
"TGGGAGAGTGGTCCCA",5
"TGTAACGCACATTCTT",7
"GAAACCTGTATCAGGG",9
"AGTGCCGGTGGCTGAA",2
"TACTTCATCCATCTGC",8
"AGACCCGCAAATCGTC",2
"GATCACAAGGAATGTT",6
"GTAGGAGCATTGAGGG",9
"GGTTGTACACCGGAAA",8
"CATTCATGTTCGGTTA",5
"CTGTATTGTATGGGAC",10
"GAGGCCTCACATTCTT",9
"CTATAGGTCGAACGGA",1000
"AGTCACAAGAAACCCG",4
"GACTGATAGAAGGGAT",6
"TCCTGCACAAGGTTGG",3
"TTCTCTCCAGGTCTCG",8
"GCAACATGTATTCCGA",8
"CATGCAAGTTTCTTAC",9
"AGCGCCATCGATAACC",9
"TACCTCGAGCGTGTCC",8
"CTTCGGTTCCGCACTT",5
"CACTGTCAGCGTGTTT",8
"CAAGAGGTCACGTAGT",6
"AGGTTACGTTATGTGC",2
"CCACAAAAGTAGTGCG",9
"CATGAGTCAGGCATTT",2
"GCGATCGGTTGCATGT",5
"TCTAACTAGGAGAGTA",10
"GGCGTCATCCGTGGCA",1000
"GTTCTATCAGATCACT",11
"TCGGGCAAGTCGCCAC",1000
"TTCACGCCACTTGGGC",9
"GAGTTGTGTTAAGTCC",5
"ATGTCTTGTGGCCACT",2
"AGATCCAAGACCAAAT",5
"CGTTAGAGTTTGTGGT",8
"CTCCTTTCACCAGTAT",2
"AGAGAATTCGACGCGT",3
"AGGAGGTAGGGCTTCC",5
"TATCCTAAGGCCCACT",5
"CTACCTGCAAGTGGCA",10
"TCGCAGGGTACATACC",3
"CCTCACAAGGTCCGAA",8
"CAATCGAAGGATTTGA",4
"ACGGTTACACTGCTTC",10
"ACCTGTCGTTGCTCCT",1000
"TCGTCCATCTGCAGCG",11
"AACACACGTACGGATG",9
"CCTCATGCAGAGATGC",3
"GCTACCTGTCACTAGT",8
"ACAAAGAAGTAGTGCG",1000
"CGGAACCCAATCGCGC",10
"TGTGCGGAGGCGCTTC",6
"GGTGAAGGTTCTGACA",7
"CCATCACCAATCTGCA",10
"CATCCCAAGCAGCGAT",1000
"AGATGAAAGTACAGCG",5
"GTTGTGACATGATAGA",8
"CGAAGGAGTAAGATAC",8
"AGATCGTGTTGGATCT",8
"TGTTCTATCGTGCAGC",4
"ACGGGTCAGGTCGTGA",6
"TCCCATGAGGTTTGAA",3
"AGGCCACAGTCTAGCT",1000
"GATAGCTAGACCAAGC",4
"TGTGAGTGTCTTAGTG",9
"ACGTCCTCATCGCTCT",2
"CGAATTGTCATGCCCT",10
"GTGTGGCTCTCGCCTA",4
"AGTTAGCAGCGATGGT",9
"CTGCGAGCAAGAGATT",7
"CGTGAATGTGTGCCTG",6
"TGCGGCAGTGCGACAA",3
"CCTGTTGTCGGTAAGG",5
"GTGTAACTCTTAGCAG",11
"GTACAGTAGAGGTGCT",1000
"TGTCAGACACTCCCTA",1
"TCCCAGTCACAGCTGC",10
"GTTACGACAAGACGGT",2
"CAATTTCTCAAACCCA",1
"TGGAGGACACGCACCA",6
"GTTCTATGTGATCGTT",2
"CACTAAGTCCTACGAA",8
"GTAGCTACACGGTAGA",2
"GTGTCCTTCCTGTTGC",3
"CTCGAGGCATCACCAA",9
"TAAGCACTCAACTCTT",7
"GAGTCTAAGTCCCGAC",6
"ATCCCTGTCCATGAGT",3
"CAATTTCGTGAGGAAA",10
"TGGTACAAGCATCTTG",10
"ATGGAGGCAGAACCGA",9
"GCCCAGAGTACCGTGC",1
"CTGTATTTCGAGAGAC",10
"CATGCCTCATTGTCGA",7
"GGGACAATCGTCAGAT",2
"TTCCAATAGTCCCAAT",9
"CACTGTCTCGGCTGGT",4
"GGGTTATTCGTCACCT",11
"GTAATGCGTCCCACGA",8
"AGACAAACACCTGTCT",8
"TTCCGGTGTCGGCCTA",3
"AGGCATTTCAACTCTT",11
"CTGTGGGTCAAGCCGC",5
"TTCATGTAGTTAGTGA",9
"TATACCTAGTGTCATC",8
"GGTTGTACACCCTTGT",2
"CATGAGTAGGAGAATG",8
"CAAGACTGTTCGTGCG",7
"TTCTCTCTCTACTGAG",1
"CCACAAAGTAGCTCGC",8
"CACAGGCAGAGTTGTA",11
"CATACCCTCCGCACGA",7
"TTCTGTACAAACTGCT",6
"GGATCTAGTCGGCACT",2
"GATAGAAGTTGGGACA",6
"CTCATTATCTGGACCG",1000
"AGAACCTGTTGGGATG",10
"GTCAGCGCATGGGATG",1
"GTCGCGATCAGGACGA",11
"GTCATGAAGATCGCCC",5
"TTAGGGTGTTGCTCAA",10
"TCATCCGAGTCATGAA",1
"AGGTGTTCAGGACGAT",4
"TGTTCATCATAGGCGA",6
"CATTCATGTCTAACGT",11
"TTTGGTTTCTCGTGAA",8
"CGTTGGGAGTACCGGA",1000
"GGCTGTGAGCGTTGTT",5
"TGCATGAAGATGCCGA",9
"TGTGAGTGTTCCTACC",8
"CGAAGTTTCCTCACGT",10
"GCTGGGTCAGCTCCTT",7
"GATGACTGTAGTGGCA",9
"TCGAAGTAGGAAGTAG",1
"TAAGCCAGTTGGGATG",9
"TTGTTCATCAGCTCTC",10
"TAGGAGGCATGGCTGC",10
"ATTTCACAGTCACTAC",9
"CGTTGGGGTTGGTACT",10
"GAGTGTTTCAGACAAA",10
"GATTGGTTCGGCATCG",9
"GGGCTACCAGAATTCC",7
"GACATCATCTGATGGT",1000
"GTCATGAGTAGCTTGT",1000
"GCGGATCTCATTTACC",10
"TGCTTGCCAGAGGTTG",1
"AGGCATTTCCTACGAA",1000
"GTTTACTGTGATACCT",10
"AGTGACTCATTAAGCC",3
"TGAATGCAGTCGAAAT",5
"TTACTGTGTCAGACTT",1
"TACCTCGCATCTGTTT",2
"TGTGCGGCACCGCTGA",4
"TGCCGAGCAACTCGAT",8
"AGTTAGCGTCCACACG",10
"GTAGCTAGTTACCTTT",9
"GTTGTCCGTAGGAGGG",5
"GTCTCACCACCCAATA",7
"GCTTGGGAGTGCACTT",4
"TGTGTGAAGCCGTTGC",6
"AACCTTTCAGGATTCT",7
"AGTACCAGTCAAGCCC",3
"AGCGCTGGTAAGATCA",6
"GTGCGTGAGTCTGTAC",1
"GTTCGCTGTCATATGC",5
"GAACGTTCACGAGAAC",3
"TGCGGCAGTATCGAGG",2
"CAACCTCGTGAGACCA",2
"GACCAATCACGGCACT",5
"CTGCATCGTAGCTGTT",7
"CAACAACCACCTCTAC",2
"TGTGCGGGTCGTCTCT",9
"TGCTTGCCAATAGAGT",3
"TCGTGGGCACGCGCAT",9
"TGGGATTGTCGTTGGC",6
"CTCTCAGGTACACGCC",9
"TAGGTTGCACCATTCC",8
"TGGTGATTCTTCTCAA",11
"GACCCAGCACTGAATC",2
"TGTGATGAGCCAGACA",9
"TATCTTGGTGGCGTAA",1
"TCCATGCGTAGAGATT",4
"TTCATTGGTATGTGTC",5
"CCCGGAATCCTCTAAT",1000
"TGGGATTGTGTAGTGG",1000
"GAAACCTAGTGCAGCA",8
"TACTTACGTCGGCTAC",7
"TGTCCACGTTCGGTTA",7
"TGGGTTAAGCTGAGTG",8
"AGATCCACAGGCCCTA",7
"ATTCTTGTCTCCTGTG",6
"GTAAGTCAGGCCTGAA",7
"AGAGAATTCTGGTTGA",2
"TAGGTACGTAGCGTAG",3
"GTTACAGGTTATTCCT",6
"CTTGAGATCTCAGGCG",9
"ATTACTCGTATCCTCC",0
"CGCCATTAGCGCCTTG",11
"TAACGACTCTACACTT",6
"AGCTTCCTCCGAAATC",1
"GCTTCACTCCATACAG",8
"TCCCAGTGTTACGATC",1000
"GGTGTCGTCTCGGTAA",9
"GGGTGAAGTCTAACTG",4
"GTCCTCACATCGCTAA",4
"CGTTGGGGTAGCTAAA",9
"TAGACTGTCGATTTCT",1000
"CATGCGGGTAAGTCAA",2
"ATTGGGTGTTGCTCAA",10
"GACTTCCCACAAATAG",8
"GCATTAGTCAGTAGGG",6
"CATCAAGAGGCTGTAG",7
"CATACCCAGTTTGCTG",8
"GCCCAGAGTTAATCGC",10
"ATGATCGGTTATGGTC",11
"TGATGGTGTGGTCCGT",11
"CGTGATAGTTAGCTAC",8
"TTGGTTTCACTGGAAG",5
"CCTGCATGTCGTATTG",4
"CTCATTATCGTAGGGA",2
"CTCCAACAGCGGGTTA",9
"GTCTCACCAAATGAGT",8
"CGACAGCCAGATACTC",1000
"AGCGATTGTATCACCA",1000
"ACCCTCAGTAGGCTCC",2
"CGAAGTTCATTCTTCA",7
"TTGCTGCGTCCCTGTT",6
"ATCTTCAGTAAGAACT",8
"AGACACTTCAACACCA",8
"CTGCGAGTCGCTGTTC",6
"CCACGTTAGTTTGGCT",9
"GGGACAAGTCATCGGC",8
"CGCCATTAGCGTGCTC",1000
"GTCATCCCACTTCAAG",3
"TGAGACTTCCCATAAG",5
"CCTATCGCAACTCCCT",0
"GTCATGAAGCCGTCGT",8
"TGCTTGCCACGTTCGG",6
"TGCAGTAAGAGTCAGC",6
"CAACCAACAAGGCCTC",3
"CAAGAGGGTCCCACGA",9
"GTTGAACGTTTGACAC",7
"CTCAATTAGCGATGAC",5
"GGGACCTTCTTGGGCG",3
"TGGAGAGCACAACCGC",5
"AAGCGAGAGGTAGTCG",3
"CCACAAAGTACCTAGT",2
"CTGCGAGGTGTGTGGA",9
"TCGGGTGGTAGGGTAC",2
"CTTCCGAAGTCACGCC",5
"GTATTGGCACCGTCGA",2
"CACAGATAGTTGGCTT",7
"GTCATCCAGCGATGCA",7
"CAACCTCTCCCTTGTG",10
"TGAACGTCATTCAGGT",10
"TGGGCGTCATGACTGT",4
"CATGGATCACGAGGAT",10
"ATGAAAGTCTTCGCTG",1
"CTCTCGATCATGTCAG",2
"CATTGAGGTACTCGTA",1000
"AGAACAACATAGCTGT",9
"AGATAGATCGGTAGAG",7
"GCTTGGGTCATAAGGA",3
"CTCAACCCATCGAACT",2
"GTAGATCCACATGAAA",11
"CACAGATGTAGCACGA",4
"TCCTTTCTCGTTGTTT",7
"AAGACAAAGCCAGAGT",9
"GACATCATCAGGGTAG",9
"CTGAATGTCTGACAGT",1000
"CGAAGTTGTAGGTAGC",3
"CCTACGTCAGGTCTCG",5
"GGAATGGTCGTTCAGA",5
"TCCCAGTAGGCCTTCG",1000
"TAACGACTCAAACCCA",7
"TACAACGGTCTCTCAC",2
"CAGATCATCTGTTGGA",10
"CACGAATAGACGCATG",10
"AGATGCTTCCGAGCTG",2
"GTACAACCACTGAATC",7
"TCCTGCATCAGACCGC",1
"GTGTCCTGTCATCTAG",7
"TCTGTCGTCGTAGCTA",9
"TATCCTATCTCCCTAG",10
"CACAGGCCACGCTGCA",10
"CTCTCAGCAACCAACT",4
"AGACCATGTACCACGC",5
"TACGGTAGTCTCTCCA",5
"TCGACGGGTTAAGGAT",10
"GCGAGAAGTGCATACT",7
"TAGGTTGGTTCCGCTT",4
"AGCGTATTCAATCTCT",4
"GAGGGTAGTACATACC",5
"TCTCAGCGTCTGTCAA",7
"GCCCGAAGTAAGTAGT",3
"TATTGGGTCATTGGTG",8
"GCACGGTTCCACAGCG",7
"CTCAGAATCATGAGGG",2
"ACTATTCGTCAGTCGC",1000
"TATACCTTCATTTGTC",3
"CATCCCATCTGGAAGG",11
"TTCACCGTCTGCACCT",1
"CAGGGCTGTGTTCAGT",1000
"AGGAAATAGTTCCAGT",2
"CGGGTCATCGCAGTGC",4
"TCACTCGCAACACACT",0
"CTCCACATCAGCAATC",9
"CAATACGAGGCGCTTC",11
"CTCCTCCCAAACCACT",1
"AGATCCAAGTCGTTAC",3
"TCCCATGGTTGCATCA",10
"TGATCAGAGGTAAGTT",10
"AGCGCCAAGCTCTGTA",3
"GGGCTACTCGGTATGT",6
"ATTCCCGCATTGCTGA",7
"TGTGATGCAGATACCT",1
"CATACAGGTTTCGGCG",5
"AGCTCAATCTACTCAT",10
"ATTCATCTCCGTTTCG",2
"AGGTTGTGTTTACGTG",11
"CCGTTCATCGTAGCTA",10
"ACACCAACACCTGATA",9
"AACTTCTCAAGAGGCT",9
"AGGCTGCCAATATCCG",10
"CGCCAGACATCCGAGC",8
"TCAGTTTGTGGACAGT",10
"TGTAGACGTAACACGG",3
"GTGAGCCCAGGACATG",0
"TGTCCTGCAGTCGGAA",11
"AGTACCAAGATCACTC",2
"ACTTTGTGTCGTACTA",1
"TGTTTGTAGAGAGGGC",2
"AATGGAAAGTAAACAC",4
"GGGATCCAGGACAGCT",4
"CAGGGCTCATGTTTGG",2
"GATCACACAGAACTAA",8
"GGGACCTAGAAGGATG",8
"GTTGCTCAGAGGTGCT",7
"GACAGCCAGCCTGCCA",2
"CGAGAAGTCGAAACAA",7
"GTCACGGGTTGCATGT",1000
"AGGACGAGTTCTCGTC",5
"CCTGTTGAGTCACACT",3
"GGTAGAGGTATGACAA",9
"CTGTAGAGTCGCGTTG",9
"AAACGAATCTCGACCT",3
"TCGATTTCAGGCACTC",2
"ACTGATGAGCACCGTC",8
"CGTGTCTAGCTCCCTT",6
"CTGAATGGTGAAGCTG",7
"TCATTCACAGCCGTTG",1
"CTCAATTTCGTTCGCT",6
"AGGGCCTCAGCCCAGT",7
"AAGTGAATCCCTCGTA",9
"TCACACCGTCGCTCGA",0
"ATGGAGGGTAGCACGA",7
"CTGTGGGTCACGGTCG",9
"TCTCACGGTTGTATGC",4
"GTCTAGAGTCTCGACG",10
"TCGTAGACAGTCTGGC",6
"CTACATTGTTGCCAAT",6
"TCCTAATAGGCTTAGG",3
"ACAACCAAGTAACCGG",5
"CTCCATGCACCGTGGT",3
"GGGATGATCAGAGTGG",7
"TCTATCAGTGCGTCGT",3
"GTCGTAATCGGTTCAA",5
"TAACACGTCACTGGTA",6
"TGTCCACCACAACGAG",8
"CGTAATGAGATGTTCC",6
"ATGTCTTAGGCAGTCA",8
"CACAGATAGTATGATG",2
"AACCCAACAGTAACGG",5
"TTCTTCCAGCCTATTG",9
"GGTTGTATCTTAGCCC",0
"AAGTGAAGTGCCAAGA",3
"CGGTCAGCAGCGTACC",3
"GGCTTGGAGGCCACTC",9
"CGCGTGATCGTAGAGG",2
"TCAAGCAGTTACGCCG",10
"TCGAAGTAGTAAGCAT",2
"GAAGGACAGGTCATAA",9
"TCATTTGCATACTGAC",4
"CTACGGGAGTCTACCA",6
"CGTTAGACAGTGGCTC",9
"ATTACTCAGTCAGCGA",5
"GTTTACTGTACCCGAC",8
"AAACGAAAGAGTCAGC",0
"GAAACCTTCGCTTGAA",7
"CACGGGTCATCCTATT",5
"CAAGACTAGCAATAAC",3
"TCCTTCTGTTGCATTG",6
"TAGACTGCAGCAAGAC",9
"AGGATAACAACTGAAA",9
"CCCAACTTCCACCTGT",5
"GCGGATCGTACTCGTA",1000
"ATTCCCGGTCTTTCAT",2
"CTTGAGAAGTACGAGC",2
"ATGGGAGCAGGAAGTC",11
"TGTGGCGTCCTCTCGA",3
"CTGGACGCATGTTCGA",3
"AGAGCAGAGAGCATAT",9
"GTGAGGAGTCTTGTCC",8
"TGCAGATTCCGCAAAT",2
"GTCTCACGTTCGTACA",7
"TCATTACCAGGACTTT",1000
"GCCGTGATCTATCACT",2
"TGCAGATAGACGGAAA",1000
"GGAGATGCAGTTAGAA",8
"GTGTTCCCACAGTCCG",1
"AGCTACAGTCGGAAAC",9
"CTCCCTCCAAGTTGGG",0
"TCCGGGATCTTAGGAC",3
"CATCGGGAGTGGCCTC",10
"AATGGCTAGTCCTACA",10
"TCGGATACAACGACAG",10
"TTGACCCCATGGATCT",6
"CCACGAGCACACACTA",4
"TCCTGCACATGGAACG",2
"AGGACGACAAGTGGAC",1000
"GTTGTGACAACACTAC",7
"CGAGGCTTCCCTTGGT",8
"ACTTAGGAGAGCCTGA",10
"AGATAGAGTAATGTGA",5
"ACGGTTAGTGTCCGGT",1000
"GGTGTCGCAAGGTTGG",5
"GGAGGTACAATACCTG",5
"GGTAACTTCTGGGAGA",2
"AGAGAGCTCCACGGAC",9
"CCCTCAAGTAGCGCCT",2
"ACTGTGATCAGTAGGG",8
"CATCAAGTCGTGCGAC",6
"CCCGAAGGTTGCCAAT",5
"ATTTACCCAGGTTCGC",2
"GCAACATGTCTGTAGT",1
"CTAGGTACAGCACCCA",5
"GTGTGATTCACCGGGT",9
"GCAACCGTCCTGGTCT",9
"ACACAGTGTGTCTTCC",6
"ATCCGTCCATTACTCT",7
"TTGGGCGCACGTCTCT",3
"CGAGGCTGTACCACGC",3
"TAACACGAGGGTCTTT",1000
"CCTTGTGGTCGAGTTT",1
"AACAGGGAGGACTAAT",7
"ATATCCTCAAGAGTAT",3
"CATGCGGCAGGTTCAT",2
"GAACGTTAGGTGAGAA",10
"GTAATGCCATTCAGCA",4
"GACCTTCTCGTAGGAG",8
"ACCATTTGTGGTAATA",9
"ACGGTCGCAGTTACCA",7
"AATGACCAGGTAAGAG",1000
"TGCAGTATCCACGAAT",7
"AATAGAGAGTATAGAC",1000
"CATACCCCATTCGGGC",8
"CCACGTTGTCTGTCCT",3
"AGAACCTGTCCGACGT",10
"ACAGGGACACGTCGGT",8
"GACATCAGTTGAGAGC",7
"CGTCCATTCTGCCTGT",10
"TGGGAAGTCGATGCAT",11
"GAAGGGTAGCGCTGCT",2
"TTGGGATCATGTGACT",2
"GCTGAATAGGCAATGC",9
"CCAAGCGGTCTGTGGC",4
"CCACCATAGTAACCGG",5
"GAGATGGGTTAAGAAC",6
"GTCAGCGCAGCTGAGA",2
"ACTTTGTCAAGATGTA",3
"GCCGTGATCGGTAAGG",7
"TCGAAGTGTACAGCGA",6
"GGGTAGATCCAGTTCC",2
"ACCAACATCGAACCAT",10
"CATTCTATCGGTTCAA",5
"GGGTTATGTATGTGTC",2
"GCAGTTAGTTAGCTAC",10
"TCATGAGAGTTCCGGC",4
"GATCCCTGTACCAGAG",8
"CTTCAATTCCTAAACG",7
"ACCTACCCATACTGAC",8
"ACGGAAGCACCTTCGT",10
"GCTTTCGAGGGTAATT",1000
"TTCATTGAGTTTCAGC",8
"CGAGTTATCGCTGTTC",2
"GGATCTAGTACCTGTA",6
"AGTTCCCCACTGTGAT",10
"TGATGGTAGCACAAAT",9
"TATCAGGCACACCAGC",10
"TGAGTCAGTTGGGACA",4
"CATACCCTCTATCCAT",6
"GGGAAGTCACCCGTAG",11
"CTCAGTCAGTTAGAAC",3
"AAAGGGCTCGGCTTCT",3
"CGACAGCCAACTTCTT",8
"CATCAAGCACTAGGCC",3
"GAGTCATGTTTACGTG",1000
"GGCACGTTCATGCCAA",8
"TGAGACTGTGTTCATG",7
"ACGGTTAAGCTGTACT",7
"TTCAATCAGACGGAAA",8
"CAGCACGTCCTGCTAC",10
"GTGGAAGAGTTCTACG",5
"GAGGCCTAGGACGCTA",1000
"CATCCACCAGGTCAGA",10
"AGAACAACAGTTGTCA",1
"CCGGTGAGTCTCTCTG",5
"CAATTTCCACAGCCTG",6
"GGTGAAGCACTGATTG",11
"TCAAGTGTCTAGAACC",1000
"AGCGATTTCGAGTGGA",4
"AGAAGTAAGTGAGCCA",1000
"CTATCTATCGCCATAA",5
"GTTGCTCGTATGTCTG",7
"CAATTTCGTATCGCTA",2
"GGAGCAAGTCAGGTAG",5
"ATCGGCGCACGACAGA",4
"GCTGCAGTCAGACCGC",1000
"CAAAGAATCCCAGGCA",3
"CCGCAAGAGACCATAA",9
"CTGCATCTCTGTCCCA",7
"ATGAGTCGTTAGAGTA",3
"CATCGTCTCCACTTTA",7
"CACGGGTTCTGGGTCG",3
"CGAGGAACACATATCG",11
"TCCTTCTAGCGATGAC",7
"CGTAATGTCATTGCGA",1000
"GAAGTAACAAGAGGCT",11
"GTAGTACTCTGTCCGT",3
"TGGAGGAGTCACAATC",1
"GAGACTTGTCCTGGGT",10
"ACTGTGACAAATTGCC",8
"TGTGATGGTCTATGAC",10
"GGAGGTAAGGTGAGAA",3
"ATCGGATTCAAGAATG",1000
"CTACCTGCAACCGTGC",1000
"AAACGCTAGGAAAGGT",8
"TCCACGTTCAGCGGAA",8
"TCCGATCTCCCACAGG",0
"CATGCAAAGTATGCAA",1
"TCTAACTTCTACACAG",5
"AAAGTCCGTGTCACAT",7
"GGAACCCCAGCTACCG",3
"CACTAAGGTACAAACA",10
"TTGGGCGGTACGATCT",4
"GATGGAGGTTATAGAG",6
"CATTGTTGTGCTGATT",4
"CTTCCTTTCTACTATC",4
"AGGCCACCAGTTCACA",2
"TCTAACTTCGAAGTGG",3
"TTCCGGTTCGTCTCAC",4
"TGTCCACAGGAACGAA",1000
"CCCAACTTCTCGACCT",9
"TGGATCAGTGTGTTTG",1000
"GCCATTCGTAGACACG",1000
"AGGTCATGTCAGATTC",5
"ACAGGGAGTAAGCAAT",5
"TACGGGCCATAATGCC",9
"GCAACATTCATTACGG",10
"GATGATCCACAGCATT",11
"CAGATACTCGGTGTTA",8
"TATCTGTCACCCAACG",1
"AGACAGGGTTACGCCG",6
"CTCTCAGAGGTACAAT",8
"CAGCAGCCATTACGGT",8
"AGTGATCAGCGAGTCA",11
"GACAGCCAGTGGTGAC",1
"ATCCTATGTAATGCGG",8
"TCACAAGCACGTTGGC",10
"AACAAAGTCTATGCCC",5
"TTTATGCCAAGAGGTC",7
"AGCCAATTCGGTCGAC",6
"GCACTAAGTAGAGACC",4
"GAGGCCTTCTTGGTGA",6
"AGTGACTAGGGACACT",3
"ATTCACTAGTTGGACG",5
"CCGGTAGCAGCGCGTT",10
"TCGAAGTCAGGCTCTG",2
"ACTTCGCGTAGGATAT",5
"CAAGAGGCAGTCTCTC",8
"ACCCTCATCTCTGAGA",3
"GCCGATGAGGGACAGG",5
"ACACGCGGTCGTAATC",6
"TAAGCCAGTGGCGCTT",4
"CAGAGCCCATAGGAGC",5
"TCGTGGGCAGTTAAAG",7
"TGCGATAGTCAAGTTC",7
"GAGATGGAGGCTCTCG",10
"GGCTTTCTCCGGCTTT",3
"CATGGATGTGTGACCC",8
"ATCACAGTCCACATAG",5
"TCCAGAAGTATGTCCA",7
"AAGCCATTCTTAGCAG",2
"TAGATCGAGGAAGTGA",6
"CGAGTGCTCGGCATCG",10
"CCCTCAACAGTTAGGG",6
"ACATCCCTCGCGTAGC",7
"CTGCCTACACTGGACC",1000
"GTTCATTTCGTAGTGT",3
"ATTTCTGCATTGCCGG",7
"CGAGGAAAGTCCCTAA",2
"GTCACGGAGAGCTTTC",4
"GGGTGAAAGACGATAT",11
"TAGCACACACCTGCTT",3
"CCGATGGTCCACTGGG",9
"CAATTTCTCGGTGTTA",2
"AAGCGAGCAGTTGTCA",2
"CTATCTAGTCTCAGAT",2
"GACTATGTCTACTATC",3
"GATGTTGGTTCGTACA",6
"GTGTTAGCAAGAGGCT",3
"GTAGAAAGTCTTACAG",3
"CCGGTGATCTGCGTCT",7
"GTAGAAATCTCGAGTA",11
"TGAGGAGAGCTGACCC",1000
"AATGCCAGTCTCCTGT",7
"AACAAAGAGGGCTTCC",5
"GACTTCCAGGGTTGCA",11
"CGATCGGCACACGGAA",5
"TAATTCCTCCTGTACC",11
"GTCATGAGTCATTGCA",3
"GTCGTAAAGACATCAA",5
"TGTCAGATCCGCTAGG",3
"TGGATGTAGTCCGCGT",3
"GTAGTACCAAAGACTA",1000
"CCAATTTAGCACAAAT",10
"TCCATCGTCTTCCACG",11
"GTCTAGATCTGGACCG",1
"GGGTTATTCCATTGTT",5
"CTCCAACTCAATGCAC",1000
"CGACAGCAGTCACTGT",1000
"AAGACTCCAAGCCTGC",6
"TTTATGCCATGAATCC",3
"ATCCACCGTCCACTCT",8
"GTCACGGGTACTGAGG",4
"AGGTCTAGTAATGATG",8
"AGCTCAAGTAGCGTCC",7
"TACGGGCGTAACCAGG",2
"TTACGTTTCCTAGCCT",2
"AGTCAACCAAGCACAG",3
"CATACCCCACACGGTC",1000
"AAAGGATTCTTCCACG",10
"AGAGCAGGTTCTCAGA",3
"TGATCTTAGCGACTGA",8
"TACACCCCATATGGCT",8
"CACGTTCCAAAGGATT",5
"GTCCCATTCGATACAC",11
"TAGCACAAGATAGTCA",7
"GTCATCCAGTCTCGTA",7
"TTCAATCGTGTATACC",10
"CACAGGCGTACAGAAT",5
"TTCTTCCTCTGCTAGA",6
"GTCCCATAGCTGTTAC",1000
"GCTCAAATCACTGTCC",6
"TCCTAATTCTCTATGT",2
"CTCCTCCCACATTCGA",9
"CACGTGGGTTATCTGG",4
"CTGCCATAGGAACGCT",10
"ATGTCTTGTCTAGGTT",9
"ACTTTCAAGTTCGGTT",0
"CCACAAAGTGGTCTTA",6
"GCTGCAGGTTGCCATA",7
"TTCCTTCCAGCTATAC",5
"GATGCTACAAATTGGA",5
"CAGCACGAGATCGGTG",4
"CCAATGATCTAGGCCG",7
"ACTACGAGTTATGACC",4
"TTTGTTGTCTTAGCTT",5
"TAACACGCACCAGCGT",7
"ATGCGATCAGCGTACC",2
"TCCAGAATCTGGACCG",1000
"TATTTCGCATGCTGCG",6
"TTCCACGCAAGCGATG",10
"GAGCTGCGTCCGAAGA",5
"GAACACTCACTGCGAC",1
"TCCCATGGTCGCCACA",6
"CATTGTTAGACAACTA",10
"CCGCAAGGTATCAGGG",1000
"AGGGAGTTCCACAGCG",3
"GTGCACGAGCGCCATC",2
"ACTCCCAGTGTGCTTA",5
"GTCATGAGTATTCTCT",5
"AGGACGAGTACGCGTC",4
"TGAGCGCTCAGTCACA",3
"TCGTCCAGTATCTCTT",8
"ACCCTTGGTACCCGAC",8
"AGAAGCGCAACTCGAT",1000
"GGGTAGATCCTCTGCA",10
"TCAGTCCTCACCATAG",2
"AGGCTGCCAACATACC",7
"GTCTTTAGTTGGCTAT",5
"TGATTTCCATATCTCT",1000
"GTTTACTGTCCTTGTC",10
"TCTATACGTCTAGATC",3
"CCTCACATCGCCAATA",3
"GTGTCCTTCGCTGCGA",10
"TTGGGATCAGTGTACT",7
"GTTACGAGTGTCTCCT",2
"ACCAACATCGCCAATA",7
"GTAGTACAGATACAGT",1
"CAATACGAGTCACGCC",2
"GTGCACGGTGGTCTGC",11
"GGAGATGTCCCATTCG",10
"GTGCAGCCAACCGCTG",9
"GGTGTTACATGACTAC",10
"TGCTGAAGTACTTGTG",7
"TTGAGTGAGTGCAGGT",2
"CCGGTGACAGGTGTGA",2
"GTATTGGTCACAAGGG",5
"GTGGAGAGTGACAACG",9
"CTCAGGGCAGCACAGA",4
"AGATGAAAGTCATAGA",5
"TGTCCTGCAGCGATTT",2
"CGGGTGTTCTTCGTGC",10
"TAGACTGAGTTTCAGC",8
"TTCCAATGTGATGTAA",7
"TAACGACCAAACACCT",5
"ATGCGATGTATCGTTG",1
"ACTTCCGGTCTGCATA",5
"CTTTCGGCAATGGCCC",11
"CCATCACGTCTTACTT",4
"TCCTCGATCAAGTGTC",3
"CAAGAGGCAGACGATG",2
"AGGTAGGGTACTCGCG",7
"ACATCCCGTCTTAGTG",1000
"TATATCCCATGCTGCG",5
"GGAGCAAAGGCACCAA",7
"CTTTCGGTCTACACTT",2
"CGGTCAGCACTGGAAG",2
"GGTCTGGGTTCTCAGA",2
"GTAACACTCGCGATCG",2
"CGCCATTTCTTGGGCG",6
"AGTAACCGTTGGCCGT",5
"AGCTACAAGTTATGGA",6
"CTCATGCTCTGTCAGA",1
"GTTACGATCACCCTTG",11
"TCGGATACACCATATG",1000
"TTGGGCGAGAATTGCA",10
"GGGCTCAGTGTCTTCC",2
"TGATCAGGTACCTAAC",3
"GTAGAAAGTCTCGACG",9
"GTCACTCCAAGGAGTC",9
"TACCGGGGTGTCTTCC",5
"TGTGTGAAGCCTTGAT",7
"TACGGGCAGTTGGCTT",9
"CTGTACCCAAGGAGTC",4
"GTTAGACGTACGATCT",3
"ACGTTCCCATCGTGGC",8
"ATTGGGTTCAGTCACA",1
"GGTTAACGTGGAGAAA",10
"TCTCTGGCAGCTACTA",2
"TGCTTCGCAAAGCGTG",1000
"AGTTCGACAGGCTATT",1000
"CCTACGTGTTCCGTTC",2
"TAGCACACATGGCCCA",1000
"GATGACTCATACCAGT",0
"TGTTCATCATCCCACT",4
"GTTCATTGTACACTCA",5
"GATAGCTCAATGCAAA",8
"CAAGACTCAGTCGCTG",8
"AACAAAGTCCTCACGT",1
"GTGATGTTCCACTAGA",6
"TGCACGGCATATACCG",7
"CGAGGAAAGCAGGCTA",4
"TTCCTTCAGAAGTCTA",5
"AGTAGTCGTTGCAACT",2
"AACACACGTACCTAGT",5
"GCACTAAGTGTGGTCC",8
"CCCGGAAGTGGTCCCA",9
"GTGCAGCTCTGTTGGA",2
"CGAGAAGAGCAACAAT",2
"TGAGTCACATTGACTG",5
"CCCAACTGTTACTCAG",9
"TGAGACTAGTAGACAT",5
"TGATCAGGTTGGATCT",1
"AGATGCTAGTGCACAG",6
"CGGTCAGGTTACCCAA",6
"GATAGAAAGATAGCTA",9
"GTCAGCGTCGAGAAAT",8
"ACTGTCCTCGAGCACC",3
"CGGACACAGTAGGATT",7
"GTTAGTGCAAAGAACT",8
"GTAATGCAGCTGGAGT",7
"ACATCCCGTGGCTCTG",1000
"TCATATCCACTTCAAG",7
"GTAACCATCCTACAAG",5
"ACCGTTCCAGCAGTCC",3
"AGACTCAAGACCTCCG",7
"CCGGACAAGAGCAGCT",4
"GCCCGAAAGGCATGCA",2
"CGGCAGTAGATACCAA",6
"CGCAGGTCAGACCTAT",8
"TCAATCTAGGCTCAAG",5
"GGGTGAACATCATTGG",3
"TTACGCCCACGGCTAC",5
"GTCCACTTCACAAGAA",8
"AGATGAAAGAGAACCC",4
"TACTGCCCAGACACAG",11
"ACTTTGTAGATTGACA",7
"GATCACAAGTGATGGC",4
"GTGGGAAGTATAGGAT",2
"GAAGAATCAAGTGCAG",1000
"CGGAGAAGTATCATGC",10
"AGGCATTCATATGCGT",1000
"GCCATTCGTGACAGGT",9
"TCAGTGAAGCCACCGT",7
"TACGGTAGTGAACCGA",1
"CCACTTGAGTAGTGCG",5
"TCAGGTATCCTACGAA",3
"TCTATCACAACTCCAA",8
"TGACGCGAGTCTAGCT",1000
"TTCTTCCTCTTGGTCC",2
"ACTGTGATCGACTCCT",11
"CCTCAGTGTACTGTTG",5
"GGCAGTCCAGTTGTTG",1000
"GTATTTCTCGCAAGAG",7
"CACAGGCCAATGTCTG",11
"GATTGGTTCATTACTC",5
"TTTCAGTAGAATCGCG",6
"TGGTAGTTCGGCAGTC",10
"GACATCACAGCAGATG",6
"TCTAACTGTCTCCCTA",11
"GTTATGGTCAGTCAGT",8
"ATCAGGTAGCACACAG",5
"ATTCGTTAGACGCAGT",1000
"AATGCCATCTGTGCTC",9
"TACATTCGTTGTTGAC",5
"AACGGGAAGGTAGGCT",7
"CTGCATCTCGAAGGAC",7
"TACGCTCAGAGCATAT",8
"CTACCCAAGGTTGACG",10
"TGTGGCGTCCATTCGC",3
"TGCACGGTCTTAATCC",1
"GATGATCGTCAGTCCG",7
"TAACTTCGTGACAGCA",11
"TGAACGTTCTTCTAAC",11
"ATCACTTTCTTGATTC",2
"ATCGCCTTCCACCCTA",10
"CCTTTGGAGGAAGTCC",6
"GTCATGAGTAAGACCG",10
"GGTCACGGTTACACTG",1000
"AAGTTCGCACGTACAT",4
"AGAAGCGGTAGTGCGA",9
"CCGGTAGGTCCTGTTC",4
"GTTATGGAGCTGAAGC",3
"GTGGCGTTCGCAGAGA",9
"AACAGGGAGAAGCGAA",2
"TGATTCTTCCGGTAGC",5
"TAATCTCAGCCAGTAG",10
"ATTTCTGCAAGGGTCA",10
"TCCACCAAGATTACCC",7
"TAATTCCAGTGGTTCT",2
"ACCGTTCGTAGACAAT",5
"GGCTTTCAGATGGCAC",10
"AGGGCTCTCGGTCTAA",8
"GCATCGGTCAGGCGAA",3
"ACTACGATCTACCAGA",5
"TTCTTCCGTTCGAGCC",7
"CCTATCGGTGTCCTAA",3
"TACTGCCTCGTCCTCA",11
"ATTCAGGGTTGCTTGA",10
"CACATGAGTAGCTGCC",4
"CTGTACCCAACGTTAC",1
"TTCGCTGCACTACCCT",1000
"CGTCAAAAGAATACAC",2
"GGGTGAATCGGTAGAG",8
"CATGAGTTCCCATACC",6
"GTTTACTAGGAACTAT",7
"CTATCCGCATTCACAG",4
"GTGACGCGTGCCTAAT",2
"GTGTAACTCCGCGATG",5
"AGTCTCCAGCGGACAT",3
"ACCCTCATCCAATGCA",8
"CGTCAAACAACCGTGC",0
"TTCCTAATCTACCTTA",3
"CTGATCCCAACGTAAA",2
"CGCCATTAGCAAATGT",6
"TCGCTTGTCTCTATGT",5
"AATTTCCAGTGGATTA",0
"GAACTGTCATGAAGCG",11
"CATCCCACATAACGGG",3
"GTGTAACTCTTGGGCG",6
"TTCCGGTAGAGGTGCT",1000
"AAGCATCAGGCAGGGA",10
"GCCAGGTTCTGCCCTA",8
"CGCGTGAGTCGATTTG",2
"GTCAGCGGTAGTATAG",1
"ACTGTGACACACTGGC",7
"TTGGATGTCTGCGGAC",4
"CAAAGAAGTCGCTTAA",5
"ACCAAACAGGTCCAGA",10
"GGGATCCCACCCTGAG",9
"TGGATCAAGTAGCAAT",8
"TAACACGAGGTAGTAT",2
"CTCGAGGAGCAGGTCA",5
"AGGAATATCCAGTGCG",7
"ACCCTTGGTTGTTTGG",10
"AAAGGTATCTGCGGGT",5
"GCATCGGGTGAACGGT",7
"ACTTCGCAGCTTAGTC",8
"TTGACCCCAGTAACGG",10
"ACCCAAAGTCTTGAAC",5
"TATTGCTCAACTCGAT",6
"AAAGGGCGTGACCGAA",8
"GAGGGTAGTGTCTTGA",5
"TGTGCGGTCGAGAAGC",5
"ATTTCTGAGTACCATC",6
"GACTCTCGTTGCGGAA",11
"CCCGGAACACGGTCTG",10
"GGCTTTCGTTTGGCTA",1
"AAGGAATCAAGTTTGC",1
"CGGAACCCACCTGCTT",1
"CTAGGTACACAGTATC",2
"TCGCTCAAGCGTATGG",9
"AGATCGTGTTTAGTCG",7
"GAATAGAGTAACTAAG",11
"AGCGCCACACAAGGTG",11
"CGGTCAGTCCCGAGAC",10
"AAGTTCGCATGTGCTA",6
"TAGACCAAGGACGCTA",10
"TCACATTGTAACCCGC",5
"AAGTCGTCATCAGTCA",11
"ACATCCCGTGAATTAG",4
"GTCCACTAGTCGCGAA",6
"TGAGGTTGTCATATGC",4
"GAATCACCACTCCGGA",1
"CAGAGCCGTAAGCAAT",4
"TGTGTGAGTGTGTTTG",5
"ATTATCCAGAATGTTG",3
"CGCATAAAGTCGGCCT",3
"AATTTCCTCTGGGATT",10
"GCAACATGTTCTCTCG",2
"CAGATCACACTGCATA",6
"GTAGAAAGTGGGCTTC",8
"ATCAGGTCAGGCCTGT",2
"CCTCAGTGTACCTGTA",8
"ACTATGGGTAACTAAG",9
"AAATGGACAAGCTACT",5
"AGGAGGTTCTCATGCC",7
"GACGCTGCACGACAAG",6
"CCACGAGAGGGATCAC",3
"AAGAACAGTGTCTCCT",5
"TGCGGGTTCTAAGCCA",1
"AAGATAGTCGCGGTAC",2
"ACCCTCATCGTACACA",3
"GATGCTAGTAGTCGGA",3
"GACCCTTTCTAGGCCG",3
"TCCCAGTCACCCTAGG",9
"AGATGCTGTGAGAACC",11
"CACAGGCTCTCATGGA",7
"CCTTGTGAGCCAAGCA",4
"TTTGATCCAAAGACTA",1000
"GATGGAGCAACTAGAA",2
"GGTGAAGCAGTGGCTC",11
"TGACAGTGTGTTAGCT",7
"AAGATAGTCTGGGAGA",9
"ATCGATGTCCGCAACG",8
"TGGAGAGCAATCGTCA",9
"GTATTGGCAGTCAGAG",11
"AACCACAGTTCTATCT",1
"GAAGGACTCTGAGAAA",10
"TCAAGCACATGTGGTT",4
"TCTAACTAGGGTTGCA",1000
"TCATTACTCCTCTCTT",5
"GGTCTGGGTACTTGTG",7
"TGGTAGTAGAGGGTGG",10
"ACGTTCCCACATGAAA",1
"TTTACTGAGCAAATCA",1000
"CTAACCCTCAAGCGTT",1000
"CCTACGTAGGGACCAT",3
"ACTTTGTCACCAAATC",2
"GTCGCGAAGAGGTTAT",7
"GTCGTAATCGCTTGAA",4
"AATCGACAGTATCCTG",4
"TGTAGACAGGTTGGAC",5
"CACTGAACATGAGAAT",2
"CCGCAAGCACCAAATC",0
"CTTCGGTGTATAGCTC",9
"TCAATCTCACAAATAG",9
"AAGGAATCACCCATAA",7
"CTACTATTCTTCCAGC",1000
"GAGGGTAAGGTTGGAC",1
"CATACCCCAAGTTTGC",3
"AGGACGATCCTACGGG",8
"GGGACCTAGAACCGCA",6
"CACACAACACGCAAAG",10
"GACCCAGGTCCTGTCT",8
"ATGCCTCTCGTGGGAA",11
"ACAAGCTGTATGTGTC",11
"ACGGTCGGTGCAGTGA",6
"TCACACCCATGTGGCC",10
"ATTCATCAGGCCACCT",5
"TGCGATAGTAGGTGCA",5
"GAAGAATCAGTATACC",8
"GGTTGTATCCAGTTCC",2
"CACGAATGTGCTTATG",4
"TATTGGGTCAATCGGT",10
"GGTTAACGTTGTGGAG",10
"TTGGGTACAACGGCTC",2
"ATCACGACACGAGAAC",11
"GTCCCATTCATTTGTC",4
"GTGACGCAGTTTCGGT",2
"CCACGAGGTAGGAAAG",2
"ATGAAAGTCCATGATG",3
"TGTGCGGTCGGTGAAG",11
"CATACAGCAGGTCAGA",7
"CCCTTAGAGATACTGA",3
"CCTCAACGTGAGTGAC",3
"CAGGTATTCCACACAA",3
"TGAACGTCAATGCAAA",11
"ACTGATGTCGATACAC",2
"GCATTAGGTATCACCA",0
"CATGCGGGTCTTGCTC",1000
"AGTGATCAGTATGGAT",1
"TCGCAGGCATGATGCT",10
"CTGATCCAGATAGTCA",8
"TCAGGGCGTCCACTCT",2
"CTACATTCAGAGTAAT",9
"ATCCATTTCTTGATTC",9
"CTAGGTATCGCATAGT",2
"ACAGCCGGTTCGGTCG",1000
"GGGATCCGTCTTCATT",5
"GAAGCGAGTCTCGACG",7
"GAGCTGCAGACTCGAG",5
"AATTTCCAGTAGATCA",7
"CGCATAAAGGCGTTAG",10
"TTCACGCGTCCACTCT",5
"GAGCCTGCACAATGCT",4
"CAGCAATGTCGTGGTC",1000
"CTATCTATCAAAGGAT",4
"CCTGTTGAGTTCGGTT",1000
"TCACACCAGAGGGTAA",2
"TCAGGGCCACAGAGAC",9
"GCACGGTCACGTCTCT",6
"AGAGCCCTCTATTTCG",3
"GACTCAATCTTCCGTG",11
"AAAGTCCCAGTCTTCC",5
"AAGCGTTCAACCCTCT",10
"CAGATCATCGTGCACG",4
"CAAGACTGTGAGACCA",5
"TCGTAGAGTGTCTTGA",7
"TCCGATCTCACCTTAT",7
"TTACGTTAGGCTATCT",7
"TGACCCTGTGTTAAAG",6
"ACACAGTGTTGGGTAG",1
"GATTGGTCAGCTTTCC",8
"CTCAACCCAGACAATA",10
"GAGTTTGGTTCAGTAC",4
"AGTCAACCACATATGC",0
"GGGTAGAGTAAGATCA",9
"GTAGAGGCAGGGAATC",10
"CCCATTGCAGATCCTA",1000
"AAGAACACAGATACCT",1000
"CACTTCGCAGGTGTGA",1000
"ATGACCACACTTACAG",1
"CAGATACAGGCCGCTT",2
"TTGGGATGTCCCTGAG",7
"ACAGGGAAGCATCAGG",6
"TCACGCTCACGAAAGC",10
"TAGGAGGAGGAAGTCC",8
"CGAGGCTCAGCGTTGC",3
"TGACCCTCAAGCGAAC",2
"GGTTCTCGTGATTAGA",6
"CTGTCGTCACAGAGCA",3
"GAAGGGTTCCGTATAG",0
"CTCAACCCAGCGGTTC",0
"CAGTTAGTCAAGTAAG",10
"CCACGAGAGGGCATGT",8
"CTGTACCCACTGTCCT",3
"ACAGGGACACAGTACT",8
"GTTCTATAGTGAGGTC",3
"TTTCAGTCAACCGCCA",6
"CTCATCGAGCATACTC",10
"TTCTTGAAGTACCCTA",8
"GCCATTCCACCTGATA",1000
"ATCCACCCATCTGGGC",4
"CCTCTCCCAGACCCGT",11
"GAGTTTGAGAGGTTAT",11
"CACATGACAGCTACTA",1000
"GTGAGTTTCGACATAC",3
"ATCACTTAGAAACTAC",1
"TACGCTCTCAGATGCT",6
"TCTACATTCGCGCCAA",9
"GCGATCGAGCGTGTCC",5
"CTACTATCAAGCACAG",2
"GCTTTCGGTCCAACGC",3
"TAGACCACATCCGCGA",7
"AGGTAGGCAGCGAGTA",2
"AGGCTGCAGATGCCGA",7
"AGGGTTTTCAGAGTGG",1
"CTGCTCATCGCACTCT",9
"ATGTCTTCATCACGGC",6
"GAGTTGTGTGCCCGTA",9
"CGAGTTACAAATCGGG",5
"CCTAACCTCTACCCAC",4
"GGGACTCAGGAAAGTG",6
"GTAGATCCAGCTACAT",5
"GCCAGGTGTGGTTCTA",1000
"GTCTACCGTGCGGCTT",5
"GAGTCATCACGTCTCT",8
"GGAATGGGTACGGATG",0
"TCGTGGGAGCTAAATG",7
"AGATCCACAAGCGCAA",7
"GTGTTAGCAATGAAAC",11
"CGGAACCAGGCACTCC",11
"CATGCAATCGTGCACG",7
"CATTGCCAGGACTAAT",6
"TGTTGGAGTGAGATAT",1000
"CCGTTCAGTAATCAGA",2
"AGTCTCCGTTGACTAC",8
"CATTGAGGTTCTCCTG",1
"AAGGAATCAGCTCATA",10
"GAGGCAATCACTTGTT",3
"GACGCTGAGCTGACTT",6
"AGAGCCCCACACACGC",1
"TTTCAGTAGGCACCAA",3
"AGGAAATGTCGGTACC",10
"GTGCGTGCAGCTCCTT",11
"TCTCCGATCACGGGCT",2
"AATGGCTGTTGCACGC",2
"TCAGTGACAACTAGAA",1000
"TAAGCACCAAGCTACT",3
"AGGTCATTCTTCCTAA",9
"CTCTCGAGTAGCTCGC",2
"TGGTAGTGTGTCCGTG",10
"AGGTCATAGAGGATGA",6
"TCATACTTCTGCCTGT",8
"AACCATGTCGCAATTG",9
"CCCTCTCGTCGTGGAA",2
"TCTTGCGGTATGAAAC",3
"CGAAGTTTCAAACCTG",11
"TGTCCTGAGGTCTGGA",6
"CAACGATGTGTTAACC",4
"GTCTGTCGTTCCTACC",1000
"TGGAGAGTCTGACCCT",2
"TCGGGTGGTTCAAAGA",3
"CGCAGGTTCATTTCGT",6
"AGGAGGTGTGCTTATG",2
"TAAGCCATCGAAGCAG",2
"GTCCACTTCCCGAGGT",1
"CTTTCGGTCTACAGGT",9
"TGAGGGACATTGACCA",3
"ACTATGGCACGATAGG",11
"GGCGTCATCTGAATGC",6
"CCTCTAGAGAAGTCCG",1000
"GCATGATGTGCGTGCT",10
"TCGACCTCAGCTATAC",7
"TTTACCATCTCTGACC",2
"CTCGAGGTCAGCTAGT",5
"ACCACAACACGAAGAC",9
"TGCTCGTAGGATACAT",10
"TACGTCCCAAGCGAAC",7
"GCTGGGTTCAGTGCGC",1
"TCACATTCATGTTACG",1
"AGCTTCCTCTGCTGAA",0
"CGGCAGTTCTTGCGCT",5
"ATTCTTGTCGCAGAGA",5
"CTTACCGTCAGAACCT",9
"GAGCTGCTCTTGGTGA",6
"GTGTGATGTTATGTGC",11
"GGTTGTACAAGCGCAA",10
"GCCATGGAGTTGGAAT",8
"CGCCATTAGCGGTAGT",3
"CTGAGGCAGGTTACCT",3
"TCATGCCCAACAAGAT",10
"CACATGATCTTGAACG",6
"GACTTCCGTACGAAAT",5
"GGGTCACCAATTGCTG",3
"GCTGCAGCAGCTCATA",10
"GTAATGCCAGGACATG",2
"CATGCTCTCTGGAAGG",5
"TAATTCCCAAGAAACT",5
"AGCTCAATCCGAGTGC",6
"TTTGGAGCAGTCTTCC",10
"ATCCATTCAATTCTCT",1000
"TCATCCGCATACACCA",0
"TTACGCCTCGTTCGCT",5
"GATCACACAGCTCCTT",9
"AATCACGGTTAAGACA",6
"CTCCTCCTCGTAGCCG",2
"CACGTGGGTATCACGT",0
"ACACAGTAGAAGCTGC",3
"ATCGCCTAGGGTACAC",7
"TGGGAGAGTAGACGTG",2
"ATGTCCCGTGTTAAAG",8
"TATCTGTAGTCACACT",4
"AGCTCAACATCTCGTC",2
"GCATGATGTGAATTAG",10
"ACCTGAACAATTAGGA",2
"ACTTTCACAACACGAG",9
"GTGGTTAGTATTCCGA",1000
"TTTGATCCAACCGACC",2
"ATCGTAGCACGTTCGG",8
"GCAACATGTGGAAATT",6
"ATTCCCGTCATAGGCT",6
"GAACACTAGATTGCGG",9
"CCTAAGAAGACTCTAC",9
"AGGCCACCAGTGGTGA",7
"AGTACCAAGATCCTAC",10
"TGCAGGCGTCGTATGT",9
"CATGAGTGTGTCTTGA",3
"CAGTGCGCAGTTTCGA",5
"TCGTAGACAATCGCGC",10
"TGACCCTTCGTCCTTG",8
"ACGGGTCAGGCGCTCT",10
"TTGGATGTCTTCCGTG",11
"CGTAATGCACGACAAG",9
"TCAATCTAGTGGTGAC",5
"GTAGTACGTACTAAGA",11
"CCCTTAGTCATGAAAG",9
"TCAGCCTAGGAGTACC",9
"CTACCTGCATCGCTAA",2
"TGGTGATAGGAGGCAG",1
"TCCATGCAGGATTTCC",4
"CCACACTCAAGACCGA",6
"AAGGAATCATGACGAG",0
"TGAGCATTCCTTCTGG",7
"TGCGACGAGGATTACA",0
"TTCTTCCGTCACCTTC",7
"TGCCGAGAGCCGCTTG",1000
"TCCCAGTGTCCGAAAG",9
"CTGGCAGAGGTGCAGT",3
"CGCGTGAAGAATTTGG",2
"AAGTTCGGTACTGCGC",6
"AGAAATGGTAGCGTAG",9
"GACTCTCGTGCTTATG",10
"CGGGTCAGTCACGACC",9
"AGTTCCCTCTCTTAAC",1000
"ATCCATTCAAGTGCTT",1
"ATCACGACAAAGAACT",1000
"TAATTCCAGGTACCTT",6
"GTCATTTAGAGGTTTA",5
"GGGTATTAGGTCGAGT",8
"ATTCTTGTCCGCTTAC",7
"AAGCGAGTCTTAGGAC",7
"GTTTACTGTCCGTACG",1000
"ATTGGGTTCGCCAACG",6
"TTCTTCCTCTCGGGAC",2
"CACTAAGGTAACATCC",9
"ACATGCACAATTCTTC",1
"CACACAACACCAGCTG",9
"CATGCTCAGGCAGGGA",8
"CTCTCAGAGTAGCTCT",11
"GCCATGGTCGTTGCCT",7
"GCCAGGTTCGGAAGGT",1000
"TTTCACATCAAATGAG",8
"TGGTTAGCAGTTGTTG",5
"AAGTACCTCCCGTGTT",2
"ATCCCTGAGGCTTTCA",7
"AACAGGGAGTCTCCTC",6
"CGCATAAAGTAGACCG",8
"ATGGGTTAGGTTCCGC",1000
"TAATTCCGTTAAACAG",7
"TGTTCATCAATACCTG",3
"CATCCACGTGCGACAA",4
"CTTGATTGTTGCATGT",0
"CGTGCTTGTAATGATG",0
"GAACACTGTACAAGCG",3
"CAAGGGATCCAAAGGG",1
"CATGCTCCAGAGATGC",8
"TACGGTACACGGCTAC",5
"GCTGCAGCATGGCGCT",3
"GAACGTTTCGCCTTGT",2
"GTTGTAGGTTCTCCAC",4
"AGAAATGTCCATTGGA",6
"GACCCAGAGATTAGCA",11
"CTTCAATCAAACCGGA",11
"ATTACCTAGGCAGTCA",7
"TGCGGCAAGTGTACAA",10
"CTCATTAAGAATTCAG",1000
"CGTCCATAGACTTAAG",4
"CTCCGATCAATGTCTG",0
"ATATCCTAGGCTTAAA",6
"TTATTGCTCAATGCAC",10
"TCTCCGAGTGTGAGCA",5
"CAGATTGCACCGTACG",1000
"GCGGAAACAATCCTTT",2
"CATCCCAGTGAATAAC",3
"TTTCAGTTCTAGTCAG",2
"CATTCATCATGAGATA",2
"ATGGAGGAGAACCGCA",10
"GTGTAACAGGCATCAG",8
"GAAGGACGTGGTCTCG",9
"ATGCCTCGTCGTAATC",2
"TATTTCGGTGATTCAC",2
"ACAGGGAAGATCGGTG",4
"TGCGACGAGCTAGCCC",10
"CTGCAGGCAGCGTGAA",4
"TCGCTTGAGGTCGTAG",0
"GACGCTGGTAATCAGA",10
"ACTTTCAGTGTGTCCG",8
"TCATTTGCATCGCTCT",8
"TACCCACCATCGTTCC",11
"TAAGTCGAGCGTCAAG",11
"TGATTTCGTATAGCTC",0
"GGAATGGAGGGCTGAT",1
"CACCAAAAGCGTCAAG",6
"CTTTCGGAGGAACGAA",10
"GTTTGGACATGGATCT",6
"GAGTTTGGTAGGCAAC",10
"TAGTGCAAGTGCGTCC",7
"AAAGGATTCCGCGAGT",10
"CCTCTCCAGATTCGAA",9
"CACGAATAGTAGTCCT",9
"TTTACCATCTTGATTC",0
"CATTCCGTCAGGTGTT",6
"ATGGGTTAGCACTAGG",1000
"GAGTCATGTATGTGTC",7
"CTTCAATTCAGCTGTA",1000
"CATCGCTTCAACCCGG",2
"CATAAGCAGCAGGTCA",6
"TTCTCTCAGACGTCGA",3
"GGCTTGGCACTGGATT",3
"GCGAGAAGTCCCTGAG",5
"GGTTGTACAAGTCCAT",5
"GGGCTACAGCACTCAT",3
"CGTGCTTAGGATTTGA",6
"TTCGCTGGTGAATGAT",6
"GGTCTGGCAGAGATGC",8
"CTCAGGGCACTGGCGT",3
"TGAGACTAGCCTTGAT",1000
"AGTTCCCCACGATAGG",5
"GATCATGTCGTGGGAA",11
"GACCAATTCAAGTCTG",1
"GGGATCCTCGTGCTCT",2
"TGATGGTAGCAATTCC",2
"TCCCACACAACGAGGT",5
"TGTGAGTAGAAGATCT",5
"GTTACAGTCAGGAACG",5
"GATCCCTCAAGCCCAC",6
"AATCACGCACCAATTG",4
"CTCTCGAGTTGTCCCT",2
"TTTCCTCTCCGTGGCA",7
"TACACCCGTGCAACAG",3
"CTCCCAACACTTGTGA",7
"ATAGACCCACAAACGG",7
"AGGGAGTTCGCCTTGT",1000
"ATTACCTAGCGTCGAA",2
"CTGCAGGGTGTTTACG",7
"GGTGAAGCACAAGGTG",6
"TGATGGTAGGTTTGAA",3
"GAGGCAACATGGCTAT",8
"TTAGTCTTCCACCTGT",6
"CACAACAGTGAGACCA",7
"TTCCTCTTCGTCGGGT",1000
"TCTGCCAGTTTCTTAC",5
"CGGAACCGTGGTCCCA",5
"TGGGAAGTCAAAGACA",3
"CATTCATAGCACCGAA",5
"AGCTACACATCCCGTT",3
"GGACGTCCATTGGCAT",7
"AATCACGAGTGGTCAG",5
"ATGGTTGTCGTGCTCT",3
"AACAACCGTTCTCGCT",8
"TCATACTAGATCGGTG",8
"TCTATCACATCATCCC",5
"GTCGTAAAGGAGCAAA",5
"GGGTTTACAGGCTACC",0
"TCAGCAACAATACCCA",1
"ATCGTAGCAGGTACGA",10
"TAGGAGGGTAGAGATT",1000
"ACCTACCCAGTCAGCC",8
"CCCATTGCACTTGAAC",11
"AGTAGTCGTCTTGTCC",2
"AACCCAAGTCCATACA",6
"TTTCGATTCACTTATC",6
"CACGTGGAGGTCTTTG",2
"GGGCGTTTCACTACGA",4
"CACGAATCAGAGGTTG",10
"TCCGAAAGTAGCACGA",0
"GAAGGACTCTCAGGCG",11
"CTAAGTGCAACGATCT",1
"TTTACTGTCAGCGGAA",8
"ATCTCTACACAATCTG",3
"TTACCGCTCCTCGATC",9
"TTGTTGTCATGACTGT",7
"CTTCTAAAGTGACCTT",9
"CTCATTATCATTTACC",10
"TTGGGTAGTCTACGTA",10
"CTCATGCAGAAGTCCG",1
"AAGCGAGAGTAACAGT",9
"AAACCCATCGTGTCAA",8
"TTATTGCGTAGACACG",9
"ACAAAGAGTGGATACG",8
"ATCACAGGTCAGTCCG",9
"CAAGACTTCTCGGTCT",8
"TCATCATCACTTGGGC",10
"ATGGGTTTCCAAAGGG",6
"CCTAACCTCTTAGTTC",0
"TGCGGCAGTCTCTCCA",5
"AACGTCAGTGAGACCA",8
"TCATGCCAGCTGCCTG",2
"GACATCACAGATCCAT",9
"GTTGAACAGTCACAGG",0
"GTGTTCCTCCCATTTA",7
"TTTCGATGTCTGTAGT",9
"CCGGACAGTACTCCCT",3
"CTGTATTCATGGGAAC",3
"GACCTTCGTTCTAAGC",4
"CCTAACCAGATCACCT",5
"CAGGGCTGTCGTCGGT",6
"ACCAAACTCTGCAGCG",11
"AGTCAACCACTGGCGT",7
"AGGATAAGTGTAACGG",11
"AGGATAATCTAGACAC",0
"AATAGAGAGTTACGAA",10
"TTTCATGAGGTTGCCC",11
"TCATTTGTCACCTGTC",10
"GATCATGTCCAGGACC",2
"TTCAATCAGAGCCCAA",8
"GACATCATCGACCAAT",7
"GATCCCTAGACAAGCC",3
"TCAAGTGCAGCCCACA",5
"GTCTCACGTTGGGCCT",2
"TCATCATAGGACACTG",7
"AGTCACACAATTGAGA",3
"GTTTGGACAGGCATTT",9
"GAGGGTAAGTCTGTAC",10
"GTAGTACTCCTAACAG",8
"ATTACTCAGCATGCGA",4
"AGTTCGAGTTGCAACT",8
"TCGGTCTCACCTGATA",11
"TCGCACTCAGAGGACT",3
"GATTCTTCAAGCGAAC",11
"ACGTTCCCACTCCTGT",2
"GATAGCTAGGAAGAAC",10
"GCGGAAACAGGACTTT",2
"GGTAGAGGTTCGGTTA",1000
"ACCACAAAGACTGGGT",8
"TGTTGAGGTAACAGTA",3
"AGCCAATGTGGCTGAA",2
"TCAAGACGTATGGGAC",10
"GCCATGGAGGTACAAT",4
"CCCTGATAGCGATGAC",7
"CTGCCTAGTCTAGGCC",7
"TTAATCCTCATTGCTT",1
"CCCTCTCCACTAACCA",10
"TGCTTCGGTGTTTACG",0
"CGTGAATTCTATCCAT",2
"AATCGTGAGAGTACCG",2
"CCGGTGACAGAACATA",11
"CGAGTTACACTGAGGA",11
"CTACCCAAGAGCAGAA",5
"GAAGCGATCACCCATC",5
"TCAATTCTCGCGGACT",6
"AACAAGATCGAGAGCA",7
"TTCACGCTCTGCGGCA",8
"AGCTTCCTCCTGATAG",1000
"TTTCACACAGCTCTGG",2
"CATCGGGTCAAGTTGC",7
"TAGACTGTCCATGCAA",1
"AAGAACATCGGAGTAG",7
"CCTTCAGCACGGGTAA",5
"ATTACTCCATACAGAA",3
"TCTTAGTTCCGTCACT",7
"GGTGAAGGTGACTCTA",6
"AGGACGAGTTCCTTGC",2
"CTAGACAAGGAAACGA",9
"CAGGCCAAGACGTCCC",7
"GTGATGTGTACTGCGC",4
"TTTCAGTAGATTTGCC",1000
"GTCTGTCAGGCCACCT",1
"AGGGTGATCTCATTAC",9
"AACAACCGTATCTCGA",9
"GAGGGATCATTCCTCG",5
"CTGGCAGGTATTCCTT",11
"TTTCACATCACCACAA",4
"TTACGCCAGCCTGACC",8
"ACCAAACCAAACGGCA",3
"CACGAATAGTAAACAC",10
"TACTTGTCAAGTGGCA",7
"GTGTTAGGTAGTCGGA",9
"GCCGTGATCAAGTAAG",9
"TGGATCATCACGGGCT",4
"CCCTGATAGCATGAAT",7
"TAGGGTTGTCTGTGGC",9
"CGAATTGGTTCGCGTG",0
"CTATCCGCATCACGGC",9
"CACCAAAAGACTAAGT",2
"TGTTGGACAGTATACC",1
"TTCTAACGTCTACGTA",0
"GCACATATCCGTAGGC",5
"TCTATACCAAACACCT",4
"GTCGTAAAGGAATTAC",11
"CCGTTCAGTGCTCCGA",2
"TATCAGGCATGGGTCC",8
"CCTTGTGTCGCAGTCG",9
"GACGTTATCAGAATAG",10
"TTCGCTGAGCCTTGAT",9
"CTCCATGAGTCATCCA",5
"AGACTCAAGACGTCGA",8
"TATCTGTTCGACATAC",3
"GACCGTGGTACAAACA",7
"GTCTACCGTAACTTCG",2
"TAATCTCTCCACACCT",7
"CCTATCGCAAGTTGGG",2
"GCTTTCGAGCACTCCG",5
"GCATGATAGTAACGAT",3
"ACATCCCGTCGGCCTA",2
"GATTCGATCTAGACCA",3
"GCTTGGGCAGCTACTA",8
"TCGGGCAGTTCGTTCC",6
"GTTGCGGCACGGGCTT",7
"ACCAACAGTGGCCCAT",7
"GGAATCTCACTCAAGT",11
"AGTGTTGTCCCATACC",11
"TCTTCCTAGTCCGCGT",10
"AAAGAACGTTCATCTT",1
"GCCGATGTCTCCGCAT",3
"CTTCCGAAGGATGAGA",10
"CAGATACTCACTCCGT",8
"GACTATGGTCCTGGGT",2
"TTTGGAGGTGCATCTA",3
"GCTGGGTGTGCTATTG",5
"TCATGGACAATTTCCT",2
"CTCAACCAGCCTGTGC",9
"TGCTTGCTCATCCCGT",6
"GTTAGACGTCGTAATC",11
"GTTGTAGGTGAGAGGG",7
"ACTGCAATCTGGGAGA",5
"GTAGGTTCAAATGGTA",4
"CATCCCAGTCCAGCAC",1
"TACCGGGAGATCACTC",4
"CAAAGAAGTCTTTCAT",1
"CGAGAAGTCCCATACC",6
"TAGGTACTCAAGTCTG",3
"TCGTCCAAGTCATACC",6
"ATTCCATGTAGAGACC",11
"TTCGGTCAGTTGTAAG",8
"ATCACAGGTACGATCT",10
"GTGAGCCTCACTGGGC",1000
"GACAGCCGTACGGGAT",2
"ATTACTCAGCCAAGTG",3
"ATCACAGCAAGGATGC",1
"AACAACCGTAGGAGTC",5
"GTTGTCCTCAAACTGC",5
"TTGCATTCAGACCTAT",4
"TTCCTAATCGCTGACG",7
"AACCAACTCGCTGACG",9
"TCGCTTGAGGCACAAC",7
"GAGACTTCATTCGGGC",9
"AGGAGGTTCGAAACAA",5
"AGAGAATGTTGTTTGG",3
"GCGAGAACATGTGTCA",3
"CCATCACGTACCAATC",3
"CCTTTGGCATTCAGGT",8
"TATCTTGAGAGTACCG",11
"GAACTGTTCATGGTAC",1
"ATTTCACCAACACTAC",6
"AGGAGGTCAACCAGAG",1
"CTACCTGTCCTTACCG",1000
"AGAGAATAGTCAGAGC",6
"AGGCATTCAGCTCCTT",6
"GTTGTCCAGAAACCCG",4
"GGTTCTCCAGCGCTTG",7
"TAGGTACAGGACGCAT",9
"ACCATTTAGATTGACA",1000
"TGTGCGGAGACTCTAC",2
"AGTTCCCTCTGGAGAG",7
"CCGTGAGAGGCGCTCT",1
"TCTCACGTCGTCTCAC",4
"CTACATTTCTCTGCCA",1000
"ATGGGTTCAGTAGTTC",0
"GGGTTTAAGCGTGTCC",9
"CGGAACCTCGGAATGG",5
"GCCGTGAGTCTAGGCC",8
"CAGATTGTCGAGCTGC",1000
"CAAGAGGTCTGATGGT",5
"CGGGCATTCCCGAAAT",6
"GAGTTTGGTTATAGAG",5
"TGAGGGATCACTGATG",2
"ATGGTTGTCTTGATTC",2
"CGATGGCGTCACAGAG",9
"CGTTCTGAGACATGCG",5
"GGAGATGAGCGATCGA",7
"CGAGTTACACTCCCTA",1000
"CCCTCTCAGCTCAGAG",10
"TGTCCTGCAACTGATC",2
"GGTCACGAGTAAATGC",0
"AATGGAACAGTGGGTA",2
"AGTCTCCGTGCATGTT",10
"GGGAGATCAAGGCTTT",6
"TCGTAGAAGGCGACAT",9
"GTCATCCAGACTTCAC",9
"GGGTCACTCGCACGAC",1
"TCATTTGTCTATCGTT",5
"ATTCTTGAGACGAGCT",3
"TCTATCATCGTAACCA",7
"GCGTGCACAACCACGC",4
"TCGCTCACATTGCTTT",11
"GATGCTAGTTAAGACA",4
"CAGGGCTGTATGGTTC",11
"CGCCAGATCCGGCTTT",1000
"AAGATAGCAATTGGTC",3
"ATCCGTCAGTAGCAAT",5
"TTCCACGAGGGTAATT",2
"TACCCGTGTTGTAAAG",5
"CCATCACTCGTTGTAG",5
"AGGACTTGTAGCTGCC",5
"TCGAAGTTCTCCCTAG",10
"TCTTCCTTCACGACTA",10
"CTCCCAAGTATGACAA",7
"GTAAGTCAGCGGATCA",4
"TGATTTCAGGGTACAC",6
"ACATCGACAGGACTAG",6
"AGTTCGAAGGCGAACT",2
"ATCCCTGGTTGGGCCT",3
"TGTTTGTAGGTTCTAC",5
"GCGTGCACAAACCGGA",6
"TACATTCGTCATAAAG",10
"CTGGTCTGTCCATACA",9
"AAACGCTAGATACATG",9
"GAAACCTTCCACACAA",11
"CTCATTACATGACACT",3
"TGTGATGTCACTCGAA",1000
"CATGGATAGGCGTCCT",1000
"CAGCAATCAAACCATC",6
"TTTGACTTCCTACCGT",3
"TCGACCTGTCAAGCCC",7
"GGTTCTCAGTTCACTG",4
"AACCACAGTTGCAAGG",6
"AAGCGAGCACTAACGT",1
"GATTCGACACTCCGAG",3
"GAGTTACAGCAGCCTC",3
"CATGCTCGTCACAATC",5
"TTACGCCGTGTACGCC",11
"GGTGTTACAGTCTGGC",1000
"CGAGGCTCATCCGAGC",3
"CCTAAGAAGCTGCCAC",9
"TAGAGTCCATTGACAC",9
"TTGTTTGCAGTAACGG",6
"TGAATGCAGAGGTTAT",11
"ATCGGCGCACTTGACA",7
"ATCCACCCAGACGGAT",4
"AATGCCACAGATAAAC",4
"TATTTCGCACACACGC",5
"GAAATGAGTACTGCCG",11
"AGAACCTTCACCCTTG",4
"AAAGTGAAGCCTAACT",2
"GGGCGTTGTTCAGCTA",8
"AGATCGTAGGGTCTTT",6
"CATTTCATCAGCCCAG",5
"TTCCAATTCTGCGAGC",1
"CGGCAGTGTGGTATGG",4
"TTTGACTGTTGCTCCT",9
"ACTTTCATCACGGGAA",6
"GGTGGCTAGCGCGTTC",3
"AAGAACACATCTTCGC",10
"AAGTTCGTCACCTCGT",7
"TGCAGGCAGATCACCT",3
"AACCATGGTAATGTGA",6
"GAAGTAAGTTCCGCAG",4
"AGTACTGCATATGAAG",5
"TGTGATGGTATGTCCA",1000
"ACTATCTCAATGGCAG",9
"TCACTCGAGCCGGAAT",3
"ATCTTCATCTGGGATT",0
"TATTGGGCATACATCG",2
"GTCTCACGTGTGATGG",6
"ATCGGCGAGGAATTAC",10
"CTTAGGAGTGCCTACG",3
"CTGTACCAGGTTCAGG",7
"TATCCTAAGCGTTCAT",8
"GTCGTTCGTCAATGGG",9
"ACTTTCAGTTCAGGTT",4
"AATGAAGTCGATGCAT",7
"ATTCCCGCACGATAGG",1
"CGTAAGTGTGGTCTAT",3
"CTCTCGAGTTGGATCT",3
"CTCGAGGGTCAAACGG",0
"AGAACAATCACTCGAA",7
"GTCACTCCAGCATCTA",5
"TTGCTGCAGAGAGCGG",10
"ATTCAGGGTTTGGAGG",4
"AGGGTGACAACTAGAA",7
"GCCCGAACAGCTGCCA",1000
"TCCTTCTGTTAGCTAC",3
"AGGGAGTTCTGGCCGA",6
"TCCATGCAGCTGACAG",1
"GCTTCACAGCTTGTTG",10
"CCCTAACGTAGCTTAC",7
"CGTCCATGTCAAAGCG",1
"CTTGAGAAGTAGTCAA",2
"TGTGTGACATGATAGA",5
"ATCGTCCGTTGCACGC",9
"AGTTCGAGTTCCACAA",2
"TTCTGTAGTTGTGCAT",11
"ATACCGAAGCCTGAGA",2
"CAAGGGAGTAAGATCA",10
"ATGTCCCTCTACGCAA",10
"ATCACGACACCAGCCA",2
"ATTCTACGTGTCTTAG",1
"TCCAGAAAGGTTTACC",0
"ATCGATGTCGTAGCCG",2
"CTCGAGGCACGTTCGG",10
"TACAGGTTCACCATAG",5
"GGAACCCAGTGAGGTC",3
"TCGGGACCATGAATAG",1000
"GAGTGTTGTACAGTTC",9
"AAGCATCTCTCTCTTC",2
"ATTTACCCACCTGAAT",4
"CTGATCCCATGCAGGA",6
"GGAGGATGTGTCCTAA",6
"CATGCCTGTCTTGAAC",9
"CATTGCCGTCCTCCAT",5
"TCTCCGAAGAACGCGT",6
"CATGCGGTCTGGGCCA",4
"GGTGTCGCATCGGTTA",11
"GAAATGATCCGACGGT",1000
"TAGAGTCCACATAGCT",3
"ATCACAGTCGCTGCGA",10
"TTGTTCAGTGCGTTTA",8
"TTAATCCCATCACAGT",3
"CTCCCTCCAATCACGT",1000
"GACCTTCAGATCCGAG",11
"GGGAGTAGTTGGGCCT",3
"GACTCAACATGTGGTT",8
"CGTGTCTTCAAGTCTG",11
"TACCGGGCATAGTCGT",10
"GAATCACGTCGAGCAA",8
"ATTCCCGCACGTTCGG",6
"GTTGCGGTCAACTTTC",6
"CTCTCGACAGCAGTCC",5
"TTGAGTGAGGACGCTA",7
"TCGGTCTAGCAGCACA",8
"GGGATGAAGCGCCATC",6
"CCTTCAGTCTCATTAC",9
"CGGAATTCAGGTTACT",2
"GACGCTGAGAAGGTAG",11
"GACTCTCAGCACTCGC",4
"GCCAACGCATATAGCC",3
"ATCGTCCCAACGGTAG",4
"CCTACGTGTAAGCAAT",3
"CTGGCAGAGTGCCAGA",5
"TGGGCTGCAAGAGTGC",9
"GTTCATTCAAGTACCT",5
"TGTTGAGAGAGAGGGC",9
"CCGGGTATCCTTGAAG",10
"AATGGAATCCATCGTC",8
"GGTCTGGCAGCTGTTA",0
"CCTTCAGTCCACTGAA",4
"TCGCTTGTCGTAATGC",1000
"GCACTAACATTCAGCA",8
"CCTCCTCTCAAATAGG",8
"TAATCTCTCGCTGATA",8
"CTCGAGGCAAATTGCC",4
"AGGTTGTAGGTACCTT",6
"AGCCACGTCTCCCTAG",5
"GACCAATTCTTCTAAC",8
"TGCTTCGCATTGACCA",11
"ATGAGGGCAGCTGTAT",1000
"AGGGTGACAGGATTCT",5
"CTGGTCTTCACTTGGA",1000
"GCACTAAGTGCCCGTA",1000
"TACCGAACAGCAGATG",3
"ATACCTTAGTGGTGAC",7
"TACCGGGCAGGTCAAG",8
"GACTCTCCAATGGCAG",4
"CTCAACCGTCAAAGTA",3
"GAGTTACCAGATACTC",8
"CCTCAGTGTTCGGTCG",1000
"TTCTAACAGCTCGTGC",1
"GCTGGGTAGTATCCTG",4
"ATTGGGTCACCCAAGC",7
"CTCTCGATCCCATTTA",7
"CATTCCGAGGCCTTCG",2
"GTTTACTTCTTCTTCC",2
"AACGAAACACCCTATC",9
"AACAAAGGTGTTGCCG",8
"CTACAGAAGGAGGTTC",5
"GTAGGAGAGAGCAGAA",3
"CTGCATCTCAAGGACG",10
"CACCGTTCAGTTAGAA",10
"TTACGCCCACTGGACC",3
"GACTCTCCATCGCTCT",1000
"TGGCGTGCAAGCGCTC",10
"CGGAATTTCTGCTAGA",1000
"AAATGGACATCGAGCC",8
"TTACGCCAGCAGGGAG",1
"AGCCAATTCTACGCAA",2
"GGGTTATAGCCTGAAG",10
"GATTCTTGTAACTGCT",5
"CGTTCTGAGAGTCAGC",1000
"TTCTGTAAGATCACCT",5
"CTCGAGGTCATAGACC",8
"GCAACCGGTCACTCAA",11
"AAGCCATCAATGTCAC",7
"TCATGAGCAGCGTACC",1000
"TGCTGAAAGTTGCGAG",10
"GAAGAATTCCGGCAAC",0
"CGATGGCGTGCGCTCA",0
"TGCGGGTAGTAGCTCT",7
"CTCCCTCGTCCGCAGT",8
"CATTGTTGTCATCACA",1000
"GCACTAAAGACAGCGT",9
"AGACAGGAGATAGCTA",6
"ATGGGAGGTGGACCAA",11
"GTGTGGCAGAGAGCAA",1000
"ACCAACAGTGATTGGG",9
"TGTACAGCACCCATAA",1000
"TATTGCTCAGGCTTGC",10
"TGTTCCGAGTAAACGT",5
"ACTTTGTAGTTGAATG",10
"TCTACCGGTACGTTCA",2
"TTTGACTCAAAGTATG",9
"GTAGGAGTCAACGCTA",1
"TGTGAGTTCTGTAACG",1
"CACTGTCAGTTACTCG",5
"GTTCGCTGTCTCACAA",1
"TGCTTGCGTTGCGAAG",1
"CCTTCAGCAGGACATG",3
"GCACATATCATAGACC",1
"AGATGAACACTCTAGA",10
"AGAGCAGTCGGAGATG",1
"TACGGTATCCGTAATG",3
"TCGGGTGAGCAGCCTC",9
"GTAACCATCCGCACGA",5
"CACTGTCTCTACGCGG",5
"GTCATTTAGGCTCTAT",7
"TGCCGAGAGCATTGTC",1000
"CACGGGTAGGACGCTA",5
"ACGATCAGTTACCGTA",1
"GGTAATCGTTGCGTAT",0
"AGCCACGAGCTCGTGC",0
"CATTGAGGTTTCACTT",7
"TCCACCATCGTCAGAT",3
"TCCTCTTAGCGTATAA",1
"ATTCGTTTCTTAGCTT",11
"CTCTGGTAGCCATCCG",3
"TCGTAGAAGTTGTACC",6
"CAATCGAGTCGTCATA",3
"ATGGAGGCAGCGACAA",0
"CCACGTTCACGCACCA",1000
"ATTCTTGAGATCCGAG",1
"GGGACAAAGTGACACG",4
"GGAATGGTCATGGGAG",2
"AACACACGTCTGGTTA",5
"AGGATCTTCCGCTAGG",4
"CTGTAGATCGTTCATT",11
"CTACATTAGAGTGACC",9
"GAGATGGCAGCGACAA",4
"GTGCGTGTCTTAGCAG",4
"TGGAACTAGACTCTTG",7
"CATTTCAGTCGATTCA",3
"CACTGAAAGTTCCAGT",6
"GAGGGATCAGGCTATT",2
"ATGGATCAGGCCGCTT",10
"ATGATCGCAAGCACAG",4
"TGTAGACAGGCTTCCG",2
"GGGAAGTGTCTGTGCG",3
"TTGTGGAGTACCGGCT",6
"AGATCGTAGGTCGTAG",6
"TCAATCTGTTGCACGC",10
"GTCCCATCAGACAAAT",2
"CCCTCTCCAGCACAGA",5
"GAACTGTCAATGACCT",2
"ATCACTTAGTATAGAC",2
"ATCCATTCACACCTAA",4
"GATAGAATCAGTGTCA",10
"AACCTTTTCTGTGTGA",5
"ATTCTTGGTTATCCAG",4
"CTTAGGATCGGCTGGT",5
"GATGTTGGTGGTAATA",0
"AGGACGAGTTACACAC",3
"TCCATGCAGTAGAATC",11
"GAAGTAAAGTGGATTA",5
"TGTGTGAAGCAGCAGT",7
"ACCTACCAGCCAGAGT",6
"AGGAAATCATGTTCGA",6
"CTCCCAACAAACGAGC",10
"CGCCATTCAGTCTACA",3
"GGAGGTATCATGCATG",2
"GGCTTGGGTCTGTCCT",2
"TATTGGGTCGATTCCC",1
"AGCCAGCCAAGCGCAA",10
"GGGAAGTAGTGCACCC",3
"GCCCGAAGTTGGCCGT",1000
"TTAATCCCATTAAGCC",3
"AGAAGTACAGCACCCA",2
"ATGCATGCATGCCGGT",1
"TAAGTCGAGGTCGACA",4
"TCGACGGAGACTCTAC",7
"TCGACCTTCATAGCAC",7
"ACGATCAAGTCTGTAC",8
"CTCAGAAGTAGCGAGT",11
"CACATGAGTTTCTATC",8
"TGTTGAGCAACTCGTA",5
"CTCCCTCGTGGAGGTT",11
"TTTACTGTCACCTTAT",3
"CAGGTATGTCTTGAAC",3
"GTAGGTTCAATGTTGC",8
"TTGCATTAGACGGTTG",1
"CATTCTACATCGGTTA",3
"GTACAACTCGTAGCCG",3
"CCACGTTGTGTTTCTT",4
"TTTACGTAGTGAGTTA",2
"TACAACGCAGACCTGC",2
"AAAGAACGTAGTATAG",10
"TGTGATGGTAGGTACG",7
"CTACATTTCCATCTAT",4
"GACGTTATCTGACCCT",5
"ACAGCCGGTAATGCGG",7
"TCGGTCTTCTGCCCTA",4
"CTAACCCCAAGAGTGC",8
"ATTTCACGTTTCGACA",4
"CGAAGTTTCGCGTTTC",10
"GCAGCCAAGTGCGACA",9
"GAACTGTCAAGGTCAG",2
"AGTCACATCCATAGGT",4
"TCATTGTGTCACAGAG",7
"GACTTCCAGTCTCCTC",8
"CTGAGGCTCCTCTAAT",7
"CCATCACTCATTGGTG",3
"TTCATGTGTGCGGTAA",5
"CCAAGCGGTCCTGTCT",4
"TCTCACGAGTGTTGTC",5
"AATCGACCATCAGCTA",4
"CTTCAATTCCTTATCA",0
"AGATGAACATAAGATG",7
"TGACGCGGTGAGCAGT",2
"CTAGACAGTAACCCGC",2
"GTTACAGCATTGACTG",1000
"AACCCAATCTGTCCGT",1
"ACACTGAAGTCAGCGA",5
"CTATAGGCAAACACCT",8
"TACATTCGTCCCGCAA",0
"TGCGGGTGTTGGGTAG",2
"AGGGCCTCATGTCGTA",2
"CATACAGGTGGACCTC",9
"ACGGGTCGTAGCTGAG",1000
"CCCTGATGTAGCACGA",0
"TATCTTGCAGGCACTC",11
"TTCCTCTCAGATTAAG",1000
"GGAGAACAGGTTATAG",11
"GCATGATAGATTGACA",1
"CCTCAACTCCACTAGA",6
"TACATTCGTGGCTTAT",8
"TAGGAGGAGCAGCACA",3
"CAATACGAGATTTGCC",7
"AAAGGGCAGGTCATAA",7
"TGGATCAGTCTGTGTA",2
"TGAGGAGAGGGCTAAC",6
"GTGACGCAGCGTACAG",8
"CATCGCTAGGAATCGC",3
"GTGGAGAGTTAAGGGC",3
"TTGGGCGAGTAAGACT",1000
"GGGTTATGTACCCACG",6
"TCAAGTGTCTCCTGCA",1
"AGGGCCTTCACCTTGC",7
"CCGTAGGCAAGTTCGT",8
"GAAATGATCGAACCTA",9
"TGCATCCAGGCATCAG",8
"AGCGCTGAGACGATAT",8
"AAGACTCAGCTGGTGA",2
"GGTGATTAGCCGTTGC",11
"AGATAGAAGCGGACAT",6
"GGGATGAGTAACACCT",10
"AAAGTGAAGCAAGCCA",10
"GATGATCAGCTTTCCC",1000
"ACAACCAGTACTTGTG",3
"ACTTATCGTGTATTCG",3
"GGATGTTCAGCAGACA",3
"CACTGGGGTCTACAAC",1
"CGAGGAATCTACTTCA",6
"CAGATCATCATCTGTT",5
"TCTCACGAGGGCTGAT",4
"AGCCAATCATCGTGGC",7
"ATTATCCCAGAGGTAC",1
"ATTCTTGAGCTGGCTC",10
"CCCTTAGAGGTTCATC",2
"CTATAGGCACGCTGTG",6
"CAGGCCAAGACGCCCT",4
"GTCACTCCAATTCGTG",10
"TGTTTGTTCATCCTAT",11
"TCATTCAAGAGCGACT",9
"ATGGGAGCACGCTTAA",1000
"CATTCCGAGATAGGGA",11
"AGCTACACAAGTTCCA",3
"TGAGGAGTCCTCCACA",7
"CAGGGCTAGAAGCGCT",8
"TGTCCCACACGTATAC",10
"CTCCCTCCATAATGCC",9
"CATAAGCCAACAACAA",4
"GAATAGAGTATGCTAC",9
"AGGACGAGTAATGATG",7
"TCTTTGAGTTAGGGTG",4
"CTCCACAAGTTGGACG",5
"TCATTGTAGCGCTGCT",9
"TCACACCAGCTGGAGT",8
"AGGCATTCAACACGTT",1000
"CAGATTGTCATTTGCT",7
"TAACTTCCATACCATG",11
"CAATGACTCTACGCGG",10
"CTCTCAGTCCATCCGT",1
"CACAGGCCACTCCGAG",0
"TCGGGACAGACTGAGC",7
"GGGATCCAGAAGCGCT",7
"GGTGTCGCAATATCCG",9
"ACACGCGCAGGTCCGT",9
"GGGTTATCAACTCCCT",1
"TCAAGTGGTCAAACGG",6
"GTACAGTCAGCGGTCT",0
"GAGACTTCAGGTATGG",1
"GATAGCTAGCGTATGG",1000
"TGATCAGCATGGCGCT",11
"AGTCTCCTCTGGAGAG",7
"GGGCGTTAGGATACCG",7
"CTCCCAATCTGGAAGG",8
"TCGCACTCAGCGCTTG",6
"GACTGATAGGAATGTT",7
"GTTACGAGTAGGACTG",10
"GTGTGGCAGCTCACTA",1
"GGAAGTGAGCAACTTC",2
"TCACTCGAGACGGTCA",4
"CAACGGCTCGAGTACT",7
"ATGTCCCTCGTTAGTG",3
"AGGGTTTGTAGTCGTT",5
"GTTATGGCAGAACGCA",10
"CAGGTATTCGTCACCT",9
"GTGTCCTAGTTACTCG",5
"AAAGTCCGTCCGTTTC",5
"GAATAGAGTTGCTCAA",2
"AATGCCAGTGTTATCG",6
"GTGTTAGGTCCTCCAT",1000
"ATGAGTCTCCCATTCG",0
"CCTCTAGAGAGATCGC",6
"TGATGCAGTGTAGCAG",11
"CGCGTGAAGGTAGTAT",4
"CGTTAGATCCCGAGTG",6
"GAAATGAAGAGCAGTC",10
"CTCTGGTCAACAGCCC",3
"AGGAAATTCTGGGAGA",4
"CATTGAGGTGTCGATT",6
"TGGGATTCAGGTGTGA",3
"CGGACACGTTTGGCTA",2
"GATCCCTGTCGTTATG",0
"GACTGATCACTACACA",1
"CAGCACGGTGCGGATA",6
"GTATTTCTCGTACCTC",3
"GGATGTTGTCACCACG",2
"CGTCAAACATCGCCTT",11
"CGGGTCATCAGCAGAG",10
"GAGCTGCTCAGCTTGA",7
"GTAGATCCACATATGC",8
"GCAGGCTGTTCGCGTG",5
"TGCAGGCGTGATTCAC",3
"AGTACTGAGTATCCTG",4
"CGAGGCTGTACGCGTC",9
"TTTCCTCAGGCGTTGA",9
"ACACAGTCAATGAAAC",8
"TCCATGCGTTGGTGTT",4
"TGTCCCAAGGTCGAGT",6
"GTGAGTTAGCATGATA",9
"TCGGTCTCAGACCTAT",11
"TTCCGGTAGTGGAAGA",11
"CTCCATGCATACCAGT",1
"GGTCACGTCGTTCTGC",1
"AGGCTGCTCCCATACC",6
"GACTCAATCTGGAGAG",5
"TATTGCTGTTTACCAG",8
"GTGGAAGTCCATTTGT",10
"AGAAATGCAACTCGAT",7
"TCCTAATCACTCAGAT",10
"ACTGCAAGTCGCGTCA",1000
"ATCGGATGTCAAATCC",3
"CGAGGAATCTCGCCTA",4
"TTACGCCGTGGGTATG",5
"TTCCTCTCACAGAAGC",3
"ACCTGTCGTAGACGGT",9
"GAGTCATCACCCTTAC",5
"TGTACAGTCACTGGTA",4
"CATCCACCAACTGAAA",7
"CAGTGCGTCGGCTATA",7
"AGGATCTCACTACTTT",3
"GTCGCGACAGTCTCTC",2
"CTATCTACAACGACTT",1000
"TTAGGCAAGCCATTTG",2
"GTCCTCATCAACTGAC",3
"GTAAGTCCATTCTTCA",2
"TTTACGTTCAGGAGAC",9
"GCTGAATGTTCTCCCA",10
"CATCCCAGTAACTAAG",5
"GGTAATCCAACCCGCA",8
"GGTCTGGCAGACAATA",10
"TGAGGGACAACAGAGC",1
"CAGCACGCAGCTAACT",2
"CATTGTTGTACCGTGC",3
"CATTGAGGTAACACCT",9
"ATGTCCCGTCAGCGTC",11
"TGTAACGGTTCGAACT",2
"AACAAGACATATAGCC",1
"CAAAGAAAGCCGTTAT",1
"CAACGATGTGCGTCGT",7
"ACCATTTTCTCGCCTA",0
"TCAGTCCTCTATCACT",4
"CCAATGAAGAAACTGT",5
"CTATCCGCATGGCCCA",1000
"TTCAATCCATCCGTTC",9
"CAACGGCCAACCGCTG",6
"CAAGCTATCTCTATGT",8
"GTGTAACGTAACGCGA",1000
"TTGTGGATCGTAGGAG",7
"GAGTTTGCACCAGTTA",3
"TCAGCCTAGTGGACGT",9
"ACTTATCCAAAGGAGA",4
"CTGTGGGGTTCTAACG",5
"CTGATCCGTAAGGCCA",10
"TCAGGGCCAGAGGCAT",7
"GGTTAACTCCATCTGC",1000
"GTCAAACCACACCTAA",3
"GATGGAGTCAGCACCG",1
"AGGCTGCGTAGTTACC",1000
"GGTTCTCCATGATAGA",0
"CTGAGCGGTTCAAGTC",0
"GAGCTGCTCGCTTGCT",6
"TGGTACACATAGATGA",11
"ACACGCGTCTGTCTCG",7
"TAGGGTTAGCTACTAC",5
"TGCTTGCGTGCATGAG",5
"GTCATCCCAGATTAAG",9
"ATCCCTGCAAAGCTCT",5
"AAGCATCAGTTTGGCT",7
"CTCCATGGTCACTCTC",4
"TCTACATCAGCGACAA",8
"TCACACCCAAGTCCAT",8
"CAGCAATTCGGTGAAG",3
"AAACCCAGTCCATACA",0
"GAATAGATCTGCTGAA",9
"AGTCACATCTGAACGT",7
"CTCATGCGTACACTCA",4
"CGTGATATCCTAGAGT",3
"CTTCCTTTCCGAGTGC",2
"ATACTTCGTGGAATGC",8
"TTAGGCACATGTGCTA",1
"CCCATTGGTGAGACCA",7
"TAGCACAGTAGTTCCA",5
"GTGAGCCAGTCAGAGC",1
"CCACGAGAGGTGCTTT",5
"TGTTCTATCGACACTA",6
"GTCCCATTCCTAGCTC",2
"TCTCAGCTCGGCCCAA",5
"CCATCACAGGATTCAA",7
"AACCCAAGTGCCTGAC",7
"CAACAACCAGAGGCAT",2
"TCCGATCGTTTATGCG",7
"GTGGAGACAAGCGATG",9
"CATCGGGTCCTACGAA",7
"AAGCGAGCAACCGGAA",0
"TATTGCTTCTTAAGGC",6
"ACAGGGATCTCTCTTC",8
"AGTGCCGCAAACCGGA",1000
"CTTCCGAGTCCGAAAG",2
"CTCATGCGTCGTATGT",2
"CATGCAAGTCCACACG",5
"ACATCGAGTCGTTATG",9
"GTTGTAGTCTATTGTC",5
"TGATCAGTCGGAAGGT",7
"GGTGTTAAGGCCTAGA",2
"ACTTAGGCACCGGAAA",7
"GTTACGAGTTATAGCC",10
"CTGTGGGCAACTGAAA",10
"CCGTAGGTCCCGAGTG",8
"ACTATCTCACCGTGGT",10
"CTCAAGATCATATGGC",2
"CAGCAGCCAGACATCT",4
"CTATAGGAGGTAATCA",1
"CAACGATTCCACGTCT",2
"GATAGCTGTGTCCATA",5
"AGGATAACAAGGCGTA",8
"TACCTCGTCAGATTGC",5
"ACGGAAGCACGCACCA",1000
"ATGGATCTCTCTATGT",7
"CCGGTGAGTTCGTACA",8
"GCCGATGAGTGCAAAT",4
"CCTCAGTCAGAGTGAC",10
"CCACACTCAGTGTATC",5
"ATCCATTAGACATGCG",6
"AGATGAACAACAGTGG",2
"TCTATCAGTTCTCTAT",6
"CCTTGTGCAGAAGTGC",2
"CGTGATACAGGACTTT",3
"TCATGCCCAGCTCATA",6
"AGAACAAAGCACTCCG",3
"ATACCTTAGTGCACTT",1000
"CTCAGAACATATCTCT",1000
"GAATCACGTAGGTGCA",10
"ACGGTCGAGCGCCTTG",2
"TGCACGGTCCTCACCA",0
"ATCGTAGCACGACGAA",2
"TTCACGCTCTATTCGT",6
"GTGCGTGGTAACTTCG",11
"TCCCAGTCAATCGCGC",3
"GGAGCAATCGACGCTG",10
"CTGTATTGTTCTTCAT",4
"GAATCACAGACTGTTC",0
"TCTCACGTCGTCCTTG",11
"ACACGCGCATCGTGGC",5
"TGCGGCACAATGTCAC",6
"TGTTCTACAGACGATG",3
"CTCCCAACAACTAGAA",3
"TAAGCCACACTGAGTT",3
"TCACAAGCAGTCACGC",10
"CTAACCCCAGTCACGC",10
"AGCGCCACACTACGGC",8
"GAGGGATAGCCTGTGC",3
"GGGATGAGTGGCAGAT",3
"TTCTAGTGTACTTGTG",4
"CTCCAACGTTACAGCT",8
"GTTACGACAGGGCTTC",11
"CTCCACAGTCGCTTAA",5
"TTCCTAATCTGAATGC",5
"CTCATGCTCGACTCCT",2
"CTGTAGATCCGAGAAG",4
"CGTGCTTGTTGAGAGC",1
"GCCTGTTCACACCTAA",6
"CGATGCGGTCGCGGTT",2
"AATGAAGCATTGAAGA",5
"TACCTGCTCGTCCATC",5
"CTTCTCTCACTCTAGA",1
"CTACCTGAGCTAAGTA",10
"GAGTCATGTTACGATC",1
"TCGGGACTCGCCTATC",1
"TCACATTTCTTTCCAA",4
"CTGTAGAAGTATCCTG",10
"GGAGATGCAGCTATAC",3
"CACTGGGCAGTGCCTG",5
"GAGTGTTAGGTAAACT",3
"GTTTACTTCTAACGGT",7
"TCGCTTGGTTCAAGTC",7
"AGATCCATCATTACCT",11
"ATTGTTCGTATTCCTT",4
"ATCAGGTTCACTGATG",2
"GGATGTTAGTGGCCTC",6
"AGGTAGGGTCCAAGAG",8
"TGAGCATAGAAGGGAT",6
"AGCGATTCACAAGGTG",7
"AGGTTGTCAAATTGGA",9
"GTGGAGAAGTAGCCAG",10
"TGAATCGGTTGTACGT",8
"AGAAGTAGTTTCGCTC",6
"GGGTTTAAGTTAACGA",11
"CCCTCAATCGGCATTA",3
"TCACTATAGACTCAAA",9
"GATCATGCATCCGATA",10
"CTACCCAGTAGGTACG",6
"GTCGTTCTCGGTCATA",0
"TCATGAGGTATTGGCT",2
"AGAGAATGTCGACTTA",5
"TGTCCTGGTTATTCCT",7
"TCTCAGCTCATTCACT",7
"TCAGCCTGTGTGAATA",0
"AGGGCTCCACATTCTT",3
"GTTACCCCACTCACTC",7
"TGTGATGTCTGAGAGG",5
"TATCCTAGTAGGATAT",2
"GAGTTACTCCCAGCGA",7
"TGCTGAAAGCACTAGG",7
"CTCAATTCATGAAAGT",1
"ATCTTCAAGTTTAGGA",5
"ACGGAAGTCACCCATC",9
"GCACTAAAGCGTCTGC",4
"GCACGGTCACCGTGGT",8
"GGAATGGCAGGGTTGA",3
"GTTAGACAGTACAGCG",3
"TAAGTCGGTATGAAGT",0
"TTTGATCCATCTGGGC",11
"GGTTCTCGTAATTGGA",7
"TAATTCCAGAAATGGG",0
"GGCAGTCTCCGACGGT",5
"CCCGAAGTCGACCAAT",10
"CTACATTCACACCTAA",4
"TTCACCGGTCATGACT",5
"ACAGAAAAGCACGTCC",3
"CTATCTACAGACTCTA",1
"AGGCATTGTCTTCGAA",0
"TCTACCGAGCGCCATC",3
"GCAGGCTTCCCTATTA",10
"TCCGGGACATGATCTG",2
"TTCTGTAGTTCATCTT",0
"CAGCCAGTCTTACACT",10
"GTATTGGGTCAAGTTC",9
"TTTCATGGTCACAGTT",10
"AGGTCATCAAGTGGGT",6
"GGATGTTAGCTTAAGA",6
"TGTCCTGAGCCGAACA",3
"TAAGCACTCGGTAGGA",7
"CTGGCAGTCTACTCAT",9
"CATGAGTGTTTGGGAG",1000
"AACACACTCATGCCAA",1
"GGAGATGTCGTCGACG",2
"TCGCAGGTCGACCAAT",10
"TTGGTTTTCACCTTAT",5
"TGATTTCAGTGCCTCG",1000
"GCCAGTGTCGCTGTTC",2
"TGCAGGCTCCTACACC",4
"CCTCATGTCGCTTTAT",9
"ATTATCCGTGGTCTGC",10
"TTTGGTTGTCTCAGAT",10
"ATTTCTGGTAAGGCCA",6
"TCTTTGAGTAACCCGC",10
"CCAATGAAGTTGGACG",6
"CCTCCAAAGCATTTGC",4
"GTTAGTGGTTGCCAAT",4
"GGAATGGCAAGAAATC",0
"GTGTTAGGTCAGATTC",1
"CCGTGAGCATATGGCT",11
"TGGCGTGGTCACCGCA",6
"GGTTCTCAGCGCGTTC",10
"TCTATACCAAACTCTG",6
"TGCATGACAAAGAGTT",9
"CTACCCATCGGTCTAA",9
"ACGTACATCATTGCGA",1000
"GCCCAGATCGAACACT",6
"GTTAGACCACTGGACC",2
"GTAGATCGTACTGAGG",6
"ACGGTTAAGGTCACAG",9
"CAAGCTAGTAGCGCTC",8
"ATCAGGTGTGTCTAAC",7
"CATTCATTCAGCTAGT",7
"TATCCTATCCAGTGCG",11
"CTCGAGGGTCAGGTGA",9
"ACACCAATCCAGTGTA",7
"AAGTACCAGCGTCTCG",0
"GTGGTTATCTTAGGAC",8
"CGTAATGAGTGCGTCC",5
"TCAGTCCTCGCCTTGT",0
"TCTCCGACAGCGATTT",11
"CGAGTTATCGGTGCAC",7
"CCGTAGGTCAAGTGGG",7
"AGGGTCCAGCTTGTGT",7
"GATGACTAGTCGAGGT",2
"CAGTTAGTCTTGAGCA",5
"TACCGGGTCAGTGTTG",6
"CATACAGTCGGTCACG",8
"GATGAGGCACAGCCAC",4
"CACTAAGGTTAATGAG",1
"CTCAACCAGGCTGTAG",11
"AGCGTATGTATAGGGC",1000
"GTGTCCTTCACTTGGA",11
"GAGTTACCAGTTTCAG",7
"TCAATTCGTCTGTGTA",1000
"CTGATCCAGGAGTATT",4
"GCATTAGTCCACTTTA",2
"TTCCTCTAGACATAAC",9
"TCATATCTCCGGTAAT",8
"CGCATAAGTCTGTCAA",10
"TCCTCCCGTTCGGGTC",9
"AGTAACCGTCACTAGT",10
"ATTTCTGAGAATTGCA",7
"TATCTGTAGCCACAAG",1000
"CCACAAAGTGCGTTTA",2
"CTGCAGGCACAAGTTC",6
"TGTGTGAGTATACGGG",4
"TCCGATCAGTCTTGGT",3
"AGTCAACGTTTCGACA",8
"AGGGAGTAGGAGAATG",4
"GACAGCCCAAACTCTG",7
"ATTCATCCAATCACGT",0
"CGACAGCCAACAGAGC",8
"TTCCTAATCGGCTATA",7
"ACACAGTAGAGTCGAC",7
"CCAAGCGAGTGGAAAG",2
"TGCTTCGTCGTTCCTG",4
"GTGATGTAGCGAGGAG",0
"CTCATTATCCACGGAC",4
"GCCGTGAGTGTTGACT",10
"CGAAGGACACGTGAGA",6
"TCCGAAAGTCGGTGAA",6
"GTCTACCCATTACGGT",7
"GTGCACGTCCGTCCTA",6
"CGGAGAACAAGAATGT",2
"GAGTCTACAAGGCCTC",1
"GCATCGGTCAAGGACG",8
"TTCGCTGAGAAACCCG",2
"TACCTCGGTCTCGGAC",1000
"TGTAGACGTTGAGTCT",3
"GGGACTCGTCTGTGGC",2
"CCGGACAAGTAGTCTC",9
"CTCATGCCAATGCAAA",5
"CATTGCCTCCAAATGC",10
"ACACTGAGTAGGACTG",10
"ACCACAACAACACTAC",6
"CTCAACCAGCAGCCCT",4
"CCGGTAGAGTTTGCTG",4
"GCACTAAGTTCCAGGC",2
"TCAGTGAAGCCTCACG",1000
"AGATCGTGTCGGCCTA",11
"ATCACGAAGTGATAGT",5
"TCATCATGTAATGTGA",9
"GAGGGATTCTCGTGAA",1000
"ACAGCCGTCCGTTGGG",4
"ACGTAACAGGCTAACG",5
"GTTAGTGAGTAAACAC",5
"ATCGGCGGTCGAAACG",7
"GGGCTCAGTTTCCATT",2
"CGTTGGGCAAGATTGA",5
"TGTGCGGGTCCGGACT",10
"CGAGTTACATCGAAGG",6
"TTTCGATGTGTTTACG",10
"ATCGGCGAGAGTGTGC",0
"ACGTACAGTCTGGTTA",7
"GCATGATAGCAACTTC",0
"GTGAGCCAGAACCGCA",0
"AGACAGGAGGTTGGTG",7
"TGCAGTATCATCCTAT",2
"AGGTTGTGTCCAGCGT",5
"GATGTTGAGCGTTGTT",2
"ACTTCGCAGCAATAGT",7
"GGTGATTAGGATGAGA",7
"CAGATACTCTGGTGCG",3
"GCTTCACAGGTTCAGG",0
"CTCAGAATCCATGATG",6
"GGGTCACGTGCTGATT",8
"CGATGGCGTTACGCCG",6
"TTAATCCCATTGAAAG",7
"TCCGAAAGTAAGCAAT",2
"GATCGTACATGTTCAG",1000
"TTTCCTCCACTCCCTA",1
"ACCTGAACATGTCAGT",7
"TTGCTGCAGGTACATA",8
"TTACGCCAGCTGGCCT",0
"AGGGTGATCTATTCGT",3
"CATTGAGGTTCCAGGC",9
"GTAGCTATCTCCGATC",1
"CCTGTTGCATCGTCCT",10
"ACAGCCGTCAGCTCTC",1000
"GTTGTAGCACCATATG",10
"ACCCTTGGTGGCTTGC",5
"TAATCTCGTTTACGTG",6
"ACTTCGCAGGAGTACC",11
"TGTGTGAAGATGTAGT",9
"AGACAGGTCGTGACTA",7
"AACGGGACAAACGTGG",5
"CGGCAGTTCCAGTGCG",11
"TGGGCGTCAATCCAGT",7
"GTGGAGAAGATGTTAG",8
"GATAGCTCAGCGAACA",8
"CCGGGTATCGGTAACT",9
"CAATTTCGTACCTGTA",9
"GGGACAATCGCCTCTA",5
"ATCGATGCAGGGAGAG",8
"TCTACCGTCGCCTTGT",10
"AACCTGAAGGTAGTAT",11
"ACGGTCGCAGTCCCGA",10
"CATGGATGTCTTTATC",11
"CTGGCAGTCACTTGTT",3
"CCACGTTAGTGGTGAC",2
"CCGTGAGCACCCGTAG",1
"TCAATTCGTCATAAAG",10
"GAAGCCCCAACGGCTC",10
"GAGTTTGCAAGCTGTT",4
"GGAATGGAGCCGCACT",5
"GATTGGTCACCGTCGA",7
"CATGAGTAGCCACTCG",6
"CGTGTCTAGCGTGCCT",6
"CTGGACGCATATAGCC",3
"GAGAAATTCGTGTGGC",9
"AACAACCAGCTATCCA",3
"GATGCTAGTTGCATTG",2
"GGAATGGAGTTGCCCG",10
"AAGCCATCACTTGACA",3
"TTGAGTGCAGCTGAAG",1000
"GTAGGAGGTATGGAAT",0
"AGACAAATCTGCTGAA",6
"AACAGGGAGACCAGCA",7
"TGTTACTTCTGTGCAA",10
"GTCGCGATCAGCGCAC",2
"AGTGCCGTCGTCGATA",0
"AACCCAACATCCTTCG",11
"ATCACGAGTGTTGCCG",5
"AGTCACAAGTGGCAGT",8
"ACCAACACAGACATCT",11
"TGCTCCAGTTATAGAG",11
"GGGACCTGTAGGTCAG",8
"GTGATGTGTGGCATCC",4
"GACTCAAAGACTAGAT",2
"AAAGGGCTCTTCCCAG",10
"CCTCACACACCTCAGG",10
"CACAACACAAGAGTAT",8
"AACGGGAGTTTACGTG",10
"GACCCAGAGCTGTGCC",6
"TGGCGTGAGCCTCTCT",3
"CCTCATGGTATCGTGT",11
"GAGTGTTTCTGTAACG",3
"TAGATCGTCGCTAGCG",7
"GTGCTTCTCGAAGCCC",10
"TCAGCAAAGTCCTGCG",6
"TTAATCCTCGTTACCC",5
"CACCGTTGTCGCACAC",7
"CTAACTTAGCGGGTAT",9
"GCACATATCGAAATCC",11
"GCTGCAGCACCATATG",10
"GCACATAAGCAGTACG",5
"AACCAACGTAGTGTGG",3
"TGACCCTAGCTTTCTT",0
"GATAGCTCATGACTAC",1
"GTCGTTCCACACCAGC",1000
"GTGTAACCAAATAGCA",6
"TCGAAGTAGTCGGCCT",6
"TCCTTTCGTGAGACGT",4
"CCCGAAGCAGACCAAG",8
"AAATGGAGTACAAAGT",10
"TCATGTTTCCATTGTT",8
"GTTGTAGGTGACTATC",3
"CGCCAGATCCGATCGG",6
"GCTACAAAGATGATTG",3
"TCAGTTTTCTGTGCTC",11
"ATGGGTTGTAAGACCG",3
"TTCTTCCAGCAATTAG",5
"CTCCATGCATGAAGCG",2
"AGACAGGCATGGCCAC",1
"AACGAAAAGATGAACT",7
"GTCTAGACAGCATACT",9
"CTCACTGTCCAACCGG",1
"TCTCAGCTCGTCCATC",9
"TGGAGGATCCTTACCG",5
"GTCTCACTCTCATGCC",5
"CGTTGGGAGCAAACAT",5
"AGAGCAGGTGAGAGGG",0
"CTGAGCGGTGCTTATG",3
"TATACCTTCTTAGCAG",4
"ACGGGTCAGATCCTAC",7
"CTCCCAAAGGTAAGAG",1000
"TCCTCGAAGTCACGCC",8
"AGGGTCCCAACGATTC",10
"CGTGTCTTCCCTTTGG",7
"GCTGGGTCAATTGAGA",9
"GATGAGGCAAGTGGGT",1000
"ACTCTCGAGGTTAGTA",7
"CTCTCAGGTCGCTTGG",2
"TGGTAGTTCCAGCAAT",2
"GGGAGATTCCCTCATG",7
"GGTTAACCAGTGTACT",7
"TGAATGCTCCTTGACC",5
"ACCGTTCGTGTGTCGC",5
"CTGAATGCACATACTG",3
"CTGAGCGCAAGTTCGT",1000
"ATCGCCTGTAGACAAT",3
"CCTTTGGTCGTGAGAG",10
"ATACCGAAGTGCTAGG",3
"CATGCAATCTCAGTCC",10
"CCGGGTAGTGGCCTCA",9
"CGCGTGAAGAGAGTTT",7
"TGAGGAGGTAGGCTGA",6
"ACCTGTCCAATGGCAG",7
"TTACGCCGTGGAATGC",5
"TGAACGTGTTTCGTTT",2
"AGAGCAGGTAACAGTA",11
"TGATGGTGTCATACCA",9
"TACCCGTGTACAGTTC",6
"TTTGACTGTGCTCGTG",7
"GGCTTTCGTATCGGTT",2
"CCGTGAGTCGTGGCGT",7
"CGAGGAAGTGATTAGA",9
"TGGAGAGAGATACGAT",0
"TTGGATGGTCATAGTC",0
"GAATCGTTCGTTAGAC",7
"TCAATTCTCTTCGTGC",3
"TGACAGTAGAAGCGCT",3
"ATAGGCTTCGGAGTGA",6
"GTAGATCGTTAGTTCG",9
"AAACGCTGTGTCCAAT",9
"TTGGGCGTCTTCCGTG",11
"TCATCCGGTCAGGCAA",2
"AGTTCGACAACGGCCT",7
"TTGTGGAAGGAACGTC",4
"TTCCTCTAGTTCCGTA",7
"AGCTCAAAGACCAACG",8
"TTGGTTTGTACAAACA",9
"GAAGTAATCATGACAC",10
"CTGTGGGAGACCTCCG",7
"CAACAGTTCTTCGCTG",5
"TTCTAGTAGTCACTAC",4
"TGGGATTGTTAGCGGA",4
"GACCAATCAGCGTGAA",2
"GTAGTACCATCGTTCC",5
"AGGAGGTGTACAGAAT",7
"AGAAGCGTCATCTACT",9
"AATTCCTCAAGTATAG",9
"AGCGCCAGTGGTATGG",10
"AGAAATGGTCCCGCAA",3
"GTCGCGAGTCAGTCTA",1000
"TAACCAGCAGGTGTTT",1000
"TGCCGAGGTATGAAAC",7
"TCAAGCAAGAGGGTCT",2
"ATCATTCAGCCTTGAT",5
"TCGGATATCGTTCTCG",5
"GGGAAGTTCGACCAAT",10
"TGGTAGTAGGCAGTCA",8
"TCTCAGCTCCCAGGAC",5
"TCACTATTCACAAGGG",8
"GAAGCGAGTAGCTTAC",10
"CATCGTCAGAGTCAAT",8
"TAGACCAAGGCCACCT",0
"CAGATCATCGGCCCAA",4
"TGCTCGTCAAACCACT",7
"AGTGACTCAGACCCGT",5
"CCGGACAAGCTGTGCC",10
"CTTGATTTCCGTAGGC",1
"AGGGTCCTCCCAGTGG",3
"GGTGGCTAGGTAGGCT",5
"TTCACCGCAATGGCAG",10
"TTACGTTTCCACCTGT",10
"GTACAGTCAGCGACAA",3
"TCGAAGTCACTTGGGC",9
"GCAGTTAAGTCATACC",10
"CAACGGCCAACCCGCA",10
"TCTACATCACGCCAGT",5
"ATACTTCTCAGAGTTC",3
"GTGTTAGAGCAGCCTC",8
"CGTTCTGCATCGGTTA",3
"ACGGGTCAGGGCCTCT",10
"GTAGCTAGTATACGGG",2
"CAGTTCCGTATTGCCA",9
"GCCAGCATCACTTGGA",6
"ATGACCAAGACGAGCT",10
"CATTGCCAGTGGCCTC",7
"CTGTGAACAATTGAAG",2
"GGCTTTCAGTAACGAT",10
"GATGCTAGTCCGATCG",7
"TGCGGCACACTACCGG",10
"AAGCGTTTCGCATTAG",7
"TGATCTTTCTACGCAA",7
"CGGAGAATCAAGCCGC",2
"CATTTCATCTCGACCT",5
"CTTACCGGTACGGTTT",1000
"GGAGAACGTCTACAGT",1
"CTCCCTCTCAGGACGA",8
"CAACGGCGTATGAGCG",2
"CGTGTCTGTATACCTG",2
"ATTTACCTCGGCTATA",2
"CAGCAATCATTCAGCA",8
"ACGGTCGGTGCAAGAC",11
"TAGCACACAGGAATAT",10
"ATCCTATGTCGAGTTT",9
"AGGTTGTTCGAATGCT",10
"CATACCCGTCAAGGCA",4
"GGTGATTAGTACCCTA",1
"GCACTAACATGGCGCT",4
"TGAATCGAGCCTCTGG",3
"AGTTAGCCAGTTCACA",5
"GCTACCTAGATGCGAC",7
"ACTATTCTCCCTCTAG",2
"TAAGTCGCAGCGAACA",10
"TACCTCGCAGAGTCTT",5
"TCGGATAAGTTTGCTG",10
"CAACAACCACACGTGC",9
"ACCCAAATCCCGATCT",2
"ACTACGATCTGCCTGT",11
"AACTTCTAGCCTCGTG",6
"CAACAACGTCACGCTG",4
"ACGTTCCAGGGCAGAG",1
"GATCGTAGTGAGATAT",4
"GCAACCGAGGCTAACG",9
"TTGCATTGTTCAAGTC",4
"AAGGTAAAGGTAAGTT",8
"AAGGAATAGGATTACA",4
"TAAGTCGCACCACTGG",10
"TCGCTTGGTAGCTGTT",7
"TAAGTCGCAGCCGTTG",9
"TGGTTAGCAGCAAGAC",5
"GCATCTCGTAGCGAGT",7
"AGTTCCCAGCAATAGT",7
"AGTAGTCCAGAGAGGG",3
"TTGGGATCACGGTAGA",1000
"TCCACGTGTGCCTACG",7
"CGGAACCCATATGCGT",11
"GATCCCTAGTCATTGC",7
"GCCAGCAGTCCCAAAT",10
"TTCCACGAGTCACTAC",3
"TGCAGGCCAGGCTTGC",9
"AGTTAGCGTAGGACCA",3
"GCAGCTGGTCATGGCC",6
"TAAGCACTCTGAACGT",6
"AAAGTGACAGCGTAGA",11
"GTCAAGTTCCATATGG",6
"CGTGAATCAGCTGCCA",2
"GAACACTCAACCGGAA",0
"TCAAGTGTCAATCTTC",4
"TTTCACAGTGATTAGA",3
"GGTGTCGCAGTAACGG",7
"TACTGCCGTCGTGCCA",3
"CGAATTGTCTCTGCTG",1000
"CTAGGTAAGAGTCTTC",4
"CAGCACGGTTGCATCA",5
"TCGCACTGTGGATGAC",11
"TCATCCGGTATCGAGG",11
"TCTCCGACAAATACGA",1
"TAGGTTGGTAACGATA",6
"TCCGATCAGAGGGTGG",10
"TTCGATTCATCCTGTC",2
"GACCCTTCAAAGGGCT",5
"GAGTGAGGTTGATCGT",2
"AGATCCAGTACTGGGA",7
"CTTAGGATCGACCTAA",0
"CAGTTAGTCTGAGCAT",8
"TCCTAATTCACTACGA",10
"TTCTGTAGTAAGGCTG",10
"GCTACAACAAGTAGTA",2
"AGGACGATCTCTCAAT",1000
"ACAGCCGGTCCAGTTA",1000
"GAGGGATCATGACTCA",0
"GAGGCAAAGCCTATCA",3
"TTGACCCTCATCGGGC",3
"GAAACCTTCTGTCAGA",8
"TTACGTTAGAGGTCGT",10
"ACGGGTCTCATGCCAA",11
"ATCTCTAAGATTTGCC",6
"GATCACAAGACGAAGA",5
"CCGTTCAGTTACGATC",2
"GAATCGTCATCAACCA",4
"GGGACTCCAAGTGGCA",8
"TCCATCGCAACGACAG",0
"GAAGCCCTCCCGAATA",3
"CTAGACAAGTTCCATG",4
"ATTGGGTTCCTGCTAC",1000
"CTAACTTAGTTGCCTA",1000
"ATCCATTTCCACGTGG",10
"TAGACTGCACGCGTCA",2
"TGTCCTGTCACCTTGC",1
"CGTCAAAGTTAATGAG",7
"GCAGTTATCACTGGTA",2
"CTCTCAGAGGGTACAC",2
"CTCAGAATCGCAGTTA",0
"TGGCGTGTCGTCGGGT",2
"ACCTACCGTTAAGACA",0
"GAGATGGCACGATTCA",8
"TAAGTCGGTCCTGTTC",10
"GACGTTACACGTCATA",11
"GCAGGCTGTTGACGGA",3
"GAGAAATGTAGGAAAG",4
"GGCTGTGTCATGCCAA",5
"GGGCTACTCGACGAGA",9
"ACCCTTGGTTCCAAAC",1
"GAGTGAGGTTATGTGC",0
"TCCACGTAGACATAGT",4
"AAAGTCCTCTGGACTA",2
"AATGACCTCGACGTCG",1000
"TCTATACGTTAGCGGA",9
"TCAAGACCACACGCCA",2
"GTAGGAGGTAGTCGTT",2
"AGACACTGTCGGTGAA",7
"CTGTGAAAGGATAATC",2
"TCCACGTCAATACCCA",5
"GAATCGTGTCTCTCTG",4
"GGGCGTTTCAATCCAG",4
"TCGATTTAGAACCCGA",10
"TAGGTACAGCGCACAA",7
"CTCAAGATCTTTGCTA",10
"GAAGAATAGTTGCCCG",10
"GCGATCGTCTTGAACG",2
"TGTTTGTAGAGAGCAA",11
"TTCTTGATCTGATGGT",2
"AGCGTATTCCTAGCCT",1
"TGCTTCGAGGAGACCT",11
"TCGATTTTCCATTTGT",5
"GTCAAACCATCCGCGA",6
"ATTCCTATCTATTGTC",10
"TACAACGCAACAGCTT",9
"CGAGAAGTCGTAACCA",1
"CGAGTGCTCCATCACC",7
"ATTACCTCATTGCCTC",11
"AGGCCACCAATCTAGC",7
"GTCACTCTCACGATAC",7
"CCGATGGAGCGGTAGT",9
"AGGTTACTCCATCAGA",0
"TGAGGGATCTTAGTTC",4
"GCCTGTTTCTGCTTAT",6
"GTGGAAGCAGCGTTTA",2
"TTACGCCTCTCGGTCT",11
"CCTCAGTGTTTCCAAG",5
"CCCTTAGGTCGTGGTC",11
"TCATGAGTCATTGTGG",5
"TACTTGTGTACATACC",1000
"GCATCGGCACATAACC",0
"ACTGCAAGTGACCGAA",10
"TTTACTGAGGTGCTAG",1
"TTTCAGTAGAGCTGAC",1
"TGGATCAAGCGATCGA",8
"GAGTTTGAGACATATG",5
"TACCTCGGTACGCTTA",7
"TCATCATGTTCAGGTT",9
"CATACAGGTCGGCCTA",7
"AGGACGACAATCAAGA",6
"GCCGATGAGTTTGCTG",10
"GGGCCATAGGTGGTTG",4
"GTGTGGCCAAGAGAGA",9
"TCAGTTTAGTCCCAAT",2
"TTCACGCTCTGTAAGC",5
"TAAGCGTTCCATAGAC",2
"AGAGAGCGTTAGCGGA",10
"ATCCATTTCGCTAAAC",3
"TACTTCAGTTGTGTAC",0
"TCTTAGTTCCACGGAC",6
"CGCATAATCTTCACAT",6
"GGGTGAATCGCAACAT",2
"TTCCGTGAGCAGCCCT",7
"AGTGCCGAGCGCCTCA",2
"AAGAACATCTTGGTGA",2
"ACCCAAATCCACAGGC",10
"ATGTCCCTCGTTACCC",10
"CGCCAGAAGGTGTGAC",5
"GTCAAACCAGAGCCCT",1000
"CATCGGGAGACTCTTG",7
"AGTAGTCAGACGCTCC",1
"CCTCACACAGTTGAAA",4
"AGTGCCGGTTTGACAC",7
"TTCTTGAGTAGGTCAG",2
"CTCCTTTTCCGGACTG",10
"TGAACGTAGGCGACAT",7
"TGGAGGATCTATTGTC",7
"GACCCAGAGCGCCCAT",8
"GATGTTGTCCCATAGA",9
"ATTCTACTCGCTGACG",4
"AAAGGATAGACCGCCT",4
"CTCCATGAGATAGCAT",4
"GACCGTGTCTGCGTCT",1
"GTGCTGGAGTATGCAA",7
"ATGTCTTCAGCGTATT",6
"TCATACTGTATACAGA",10
"ATCCTATGTGACAGCA",7
"ATTGGGTAGTACCGGA",0
"GATTCTTAGGTCTTTG",7
"CGTGCTTGTATATGGA",6
"GAGCCTGCAGCAGTCC",1
"ACCTGTCGTGAGGATC",6
"GATGGAGAGGATACCG",6
"AGGACTTCAGTCAGAG",4
"GTTGCTCCAGCACCCA",10
"CATACTTCAGCTGCCA",8
"CTCATGCCACGTTGGC",4
"TCATGTTGTACAAAGT",2
"TTCGGTCGTAAGAACT",2
"GTCACGGTCAGCCCAG",9
"TCACTATAGGGAACAA",1
"TTTATGCCAGATACCT",1000
"ATGCGATCACCACTGG",0
"GACCTTCTCTCTGGTC",10
"CTGCAGGCATGGAATA",7
"ACAACCAAGGCTAAAT",7
"GCTTTCGCACTCCACT",5
"CGAATTGCATAGATCC",9
"GGAAGTGTCAAATGCC",10
"AGAACAAAGTACTGTC",6
"ATAGACCAGTTGTAAG",9
"CGTAGTAAGCGTATGG",10
"GTGAGTTCAAGTATCC",10
"TCTATACAGGATTCCT",1
"TGAGCATAGTCTCGTA",3
"CATCCGTTCGTAATGC",2
"GACATCATCCATCTCG",3
"CTGGCAGAGACCACGA",10
"GGTAATCTCCATAGAC",3
"CCCTGATTCGAGAACG",10
"AGCCAATTCCTGATAG",6
"CCGGGTATCAAAGGAT",6
"CTAGGTACAGAGGCTA",3
"GGAATCTCAGTCGGAA",10
"CGCATAACAGACGATG",3
"TACATTCTCTAAGCCA",1
"TCCCACATCACGTAGT",10
"CATTCCGCAGTCTGGC",7
"CCCGGAATCATCGCCT",5
"CCTGCATAGCAAGCCA",4
"CATTGCCGTACGGGAT",6
"GATTTCTCATCCGTTC",4
"TCCACGTCAAGCTACT",11
"CAACGATAGGTTCCAT",6
"GGCTGTGAGGTCTACT",9
"AGATCCACACTCCACT",2
"ACAAAGAAGCGCAATG",8
"ACGTCCTCAGCAGAAC",5
"GACACGCGTATCGTAC",0
"CTCGAGGGTGCGGTAA",4
"TTCCTTCCAATTCACG",7
"CCTCAACTCGTCGATA",2
"TCGGTCTAGGGTTTCT",9
"AGAGAATCAAGGCGTA",2
"CGAATTGGTCCCTGTT",9
"CAAAGAACACTATCCC",4
"GAAGCGAAGACTCCGC",1
"GTCGAATAGCGAACTG",7
"CTACGGGCAAATCGTC",5
"TGTTGGAGTAGGACCA",0
"ACCAACACACTGGAAG",2
"CTTCTCTTCAGTGGGA",0
"AATGGAACAGGCACAA",9
"AGACCATAGCATAGGC",6
"GAAGGACGTACCCGCA",2
"GCTGAATCAGGCTCTG",5
"GTTTGGATCAAGGACG",7
"ACCCTCACAAACGTGG",6
"GTTTGGAAGCCATATC",3
"GCTACCTGTGGTTCTA",3
"CGCCAGAGTAGAGACC",9
"AGCGTATGTTGGAGGT",5
"AAGACAAAGTCTACCA",1
"TTGTTCAGTGTGAATA",1
"TAAGCCAAGCTGAAGC",2
"TGAGACTGTTAATCGC",2
"AGTACTGGTGGCCCAT",10
"GGTTGTAGTTGTACGT",8
"CAACCTCCAATATCCG",5
"CAACGATAGGATAATC",2
"CGTAGTAGTGGGTATG",10
"ATCCTATTCGGCATCG",8
"AATGAAGCACGGTGTC",9
"TACCCGTTCACAACCA",3
"GCAGTTAAGAGAGGGC",8
"CATTGTTCATCTAACG",7
"TCTTAGTTCCAACTGA",10
"TTCACCGTCCATTGCC",4
"CGAATTGAGCTCCACG",9
"AGGTCTACAGAGGCAT",7
"GCATCTCGTCCTGGGT",7
"CCGGTGAAGTTACTCG",8
"TGTCCACCACGCTGTG",10
"GGGATGAGTCATCTAG",10
"AATGGAACATGAAGGC",6
"CGCCATTCACTTGTGA",5
"CTCAGTCAGCGAAACC",6
"TCCGTGTTCAAGATAG",4
"GACGCTGTCCGTATAG",6
"CAGCCAGAGCGAAACC",11
"AACCCAAGTTATCCAG",1
"CCCGGAAAGCTGCCTG",4
"ATCACAGTCCAAATGC",9
"TTCACGCCACAAATCC",7
"GAGACTTAGTTGGAAT",11
"ACTACGATCCATCCGT",3
"ATACTTCCAGCTTTGA",10
"CATTGCCGTGAGGCAT",0
"CCTCTCCTCGAAGAAT",8
"TCCCACAGTGAATAAC",5
"GTAGAAAAGGACTGGT",0
"GGGACTCCAAGAGATT",3
"GGCTGTGGTAACGGTG",1000
"CGATGGCCAAGACGAC",0
"TTGTTGTGTGTGTTTG",11
"GGTGTTAAGAATCCCT",2
"CAAGAGGTCTCGACGG",7
"GCATTAGAGAGTACCG",10
"CTCAGAATCTCCCTAG",7
"AAAGGTAGTCAACACT",3
"TGTTCTACACAGACGA",7
"GCTGGGTCACAAGGTG",8
"AGCGCCAGTCCGGCAT",4
"CAAAGAATCCGATGCG",3
"GTACAGTCAGTTTGGT",1
"TTGTGGATCTCGGTAA",5
"AGGGCTCCAGGGCTTC",1
"TGAATCGGTGGCTCTG",11
"CATTCCGAGAGGGTGG",10
"TTGCGTCCATCCTGTC",5
"TGTCCTGGTATGCGTT",2
"TGACAGTGTTAGGACG",11
"AGGGAGTAGGACTAAT",6
"GACTCTCGTATGAAAC",1000
"TCCACGTTCTGGCCTT",2
"CTAGGTACACGCGGTT",7
"ATCGGCGTCATTGCGA",6
"GGGTTTAGTCTTCGAA",7
"GCCGATGTCCGTTGAA",10
"TTCATTGTCGAACCAT",5
"GATGGAGGTCTAGGCC",4
"CCATCACAGGTCCCTG",6
"TGACTCCCAGTAGATA",10
"TCACGGGGTCAGTCTA",3
"AGAAGCGGTGCATTTG",2
"AGCGATTCAGTGGTGA",0
"CGTAGTAAGAGGTCGT",10
"CATTCATAGCTAATGA",9
"TTCCGGTGTTTGCCGG",3
"TACCCGTCACACCGCA",10
"TCGTAGAGTGAGCAGT",4
"CACAGATAGACATACA",6
"GACTGATGTGTAGGAC",10
"GGAGAACCACATGTTG",7
"CATTTCATCGATGGAG",3
"CAACAACTCCCGAACG",3
"TTGGTTTAGTGAATAC",3
"GTCAGCGAGTGGTTAA",10
"CCTCTAGGTAGCACGA",3
"GAAGGGTGTTACCTTT",10
"GCCGATGCAAAGGGCT",3
"TCAGCCTGTACCAGAG",5
"CTGGACGCACTCCACT",10
"CCTGTTGAGCTACTGT",5
"GGAGCAACAAGCGAGT",3
"AGCCAATGTCTGCATA",3
"GGTGGCTCACGTACAT",2
"AGGGTCCCAAAGGCGT",10
"GTCTCACGTCAGACTT",6
"TAAGCGTAGAATTGCA",11
"GCGTGCATCACCCTCA",9
"TCCGTGTGTAGCGATG",2
"TTTAGTCTCGGTAGAG",3
"CCAATTTCAGGTTTAC",6
"AATGAAGAGGAGAGTA",4
"ACAGGGAAGACGCCAA",8
"TACGTCCCAGTAGGAC",10
"ACATCCCGTGGAATGC",7
"AGTCATGCAGACCATT",0
"TCTCTGGAGATGGTAT",1
"TGTCCACTCGTACACA",5
"GCTGAATAGTGTAGTA",5
"GTCTGTCGTGGTGATG",0
"CCACTTGCATCAGCAT",3
"CCAAGCGAGTATGATG",5
"TCCGGGAGTCAAAGCG",0
"CGTTGGGCAAGTTGGG",7
"TTCTTGAGTGTCATTG",11
"GACGCTGGTATCAGCT",10
"GAGGCCTCACGTACAT",0
"GATCAGTCACCATATG",3
"GGGAAGTAGGGCAGTT",2
"TCAATCTGTTCAAGGG",0
"TCGATTTGTGGACTGA",4
"CTGCGAGAGGTTAAAC",3
"CCCTAACAGTAGCTCT",3
"TTAGTCTAGTCTACCA",1
"CCTAAGACAGGCACAA",9
"TCAAGACCACCCGTAG",6
"GATCATGTCGTAGGAG",0
"GTCTTTACAGGCGAAT",11
"GCGTTTCCACTTCCTG",2
"CATAAGCTCCCGTTGT",7
"CCTAACCAGCCTAGGA",11
"GGTGGCTTCTGAATCG",9
"TATTGGGCATCCAATG",4
"TCTGCCATCTCTATAC",9
"AGAAGCGTCCATTGCC",10
"AGAAGTAAGCCAAGCA",0
"GCGATCGGTCTGCAAT",1
"CACAGATCACCGAATT",1
"TTACAGGTCCTCTAGC",7
"TCCATCGCAACACTAC",4
"AGTGCCGGTATTCTCT",8
"AGGTAGGCACGATAGG",8
"GGGAGATGTTCGCGTG",10
"TTGGGCGCAGCGAACA",4
"CTAGGTAAGCTAGAAT",10
"TTGGGCGTCGAACCAT",1
"GCTTCACTCCAACCAA",6
"GACTATGAGGACCCAA",9
"TACCTGCCAATAGAGT",11
"TTGTGGAGTGAATTGA",11
"CTCCCAATCTGGAGAG",11
"CACAGGCGTGGAGGTT",3
"TCGAAGTTCTACGGTA",7
"TTCCTTCGTTATCTGG",3
"TTGCATTGTAGCTGCC",0
"GGGTTATTCAGAGCAG",4
"AGCGTCGCAGCTTCGG",10
"TTCTTCCGTAGCGTAG",8
"GTCACTCAGGCCTGCT",8
"TTGTTCACACATACTG",4
"AACCTTTTCCTCTCGA",3
"CTCATCGGTTAAGAAC",10
"TTCTCTCCACATCATG",8
"TTGGGCGAGGTGCTTT",10
"ACACTGATCCTCACTG",4
"AGACACTCAATAGTAG",2
"CCCATTGTCACAACCA",11
"TCGCAGGGTAAGGTCG",10
"TCTGCCACATTCTGTT",3
"ATTCCCGCACTTCAAG",7
"TTAGGCATCATGCCCT",4
"TGGGCTGGTCCAGCGT",4
"GGGCTACTCCATTGGA",10
"TGTCCACAGCTGCGAA",7
"TACAACGAGGCCACTC",6
"CGGAACCAGAGTCAGC",0
"TTGCCTGGTCTCGACG",0
"AGTGTTGTCAGGGTAG",7
"CCTCAGTTCATGCATG",0
"GCCAGTGTCCGAGATT",0
"CATTGCCTCTTGTTAC",4
"AGACCCGTCCCATACC",6
"ATCAGGTGTTAGCTAC",7
"AATTCCTCAACCAGAG",4
"GATAGAATCCCGTGTT",7
"ATAGGCTTCTCGAACA",7
"AGTGATCAGATTGGGC",5
"CGGACACGTCGTACTA",2
"CCACCATCATCTCCCA",7
"TGAGTCACAGATTTCG",10
"TTAGTCTAGTCTAACC",5
"AGAGAGCGTCATTGCA",11
"TAGGTACCAAATCGTC",1000
"GACCCTTTCATTCACT",2
"CTTGAGAGTTGCATGT",2
"AACCCAATCAGTGTTG",9
"AGTCATGCAGGAGGAG",1
"ACAGGGAGTGACGCCT",7
"TCATGAGTCTGCATGA",10
"GAGCCTGCAAGTAGTA",10
"CTGAATGGTAATGCGG",7
"AACGAAATCCTTATCA",4
"GGAAGTGCAGGACTTT",6
"AGGTTACCAGACGCTC",2
"CATACTTAGTCGAATA",0
"TCCTCGACATCTGGGC",8
"GGGTCACTCTGCGGAC",9
"TTGCGTCTCCTGTTGC",4
"ACACCAAGTAAGTTGA",2
"TGATTTCGTCGAACGA",2
"TCAGTCCTCAACCGAT",3
"CCTACGTAGGCAATGC",10
"GCCAACGTCTGAGAGG",7
"CACTGAAAGGGCAATC",10
"CTAGGTACAGTGTGGA",10
"AGTACCACACGTAGTT",1
"AGAGCAGGTTGCTCAA",6
"TTTAGTCGTCCAGAAG",6
"CTGTCGTCACGGGTAA",4
"CCACCATTCGGTCACG",5
"GCCATGGCATCGAGCC",0
"GAGCCTGAGCGACCCT",6
"ATTCTACCATCATGAC",9
"GACAGCCGTTAGAGTA",3
"AAGGTAATCATGCAGT",8
"GCTCAAAAGACCCTTA",1
"GCTACAAAGTGCAGCA",2
"AGGCTGCCACAGGATG",9
"TGAACGTGTCTTCTAT",11
"GTTGTCCGTACTAAGA",11
"CCCATTGTCGTGGGTC",6
"CCCTCTCAGGATTCAA",5
"CGCATAAGTATCTCTT",2
"CCAATGAAGCGGCTCT",4
"CAAGCTAGTGTTCATG",8
"TCATTACCACCTGCTT",6
"GTGAGGATCTTTCCAA",4
"GTTAGTGAGCGTGCCT",2
"GTCAAACTCTCTCTTC",9
"AGAACAATCAACGAGG",2
"GTTCATTTCAATCGGT",3
"CGTCAAATCCATCGTC",6
"GAATCGTAGCGACATG",7
"TACCTCGGTCGGTGTC",2
"CGGCAGTGTCTTTCAT",5
"ATGCCTCCACCCTGTT",4
"AACGGGAAGAGAGGGC",2
"AAACGCTCAGGAATCG",7
"TCGTCCAAGTGTTGAA",7
"ATCCACCCAAGCCATT",3
"GTATTTCTCCTACGAA",8
"TTTGTTGCACAGCCAC",7
"ACGTTCCAGGTCGTCC",11
"TATCTTGTCGAGTTGT",2
"CCTAACCAGATGGTCG",1
"TCGAACACATCTGGGC",4
"ACCATTTAGATAGTCA",5
"TGTGGCGTCCACCTGT",6
"TTCAATCTCGAGCACC",1000
"ACAGCCGTCGGCTGTG",2
"GCCAGCAAGTGGACGT",1000
"GAGTCATCATGACTTG",3
"TGATTCTAGAGCATCG",5
"ACATGCAGTACAGAAT",7
"TGATTTCAGGCGCTTC",4
"GATTGGTCAGGCGAAT",4
"GGAGGATAGTTACGTC",9
"GTGGGAAAGAGCAGAA",7
"GTGCGTGGTCTCACAA",11
"TGCATGACAATTGCGT",10
"TAAGTCGGTATAGGGC",5
"CGTGCTTGTCCTGTCT",6
"AGTGTTGAGATGTAGT",8
"GTCACGGTCCACGTAA",11
"ACGCACGGTAGTTACC",2
"TCCAGAATCCGCAAAT",4
"TGGATCACATTAAGCC",1000
"TCACATTGTGTCCCTT",10
"GTGTGGCAGGGAGGAC",10
"CGAATTGGTGTTACAC",5
"CAAGGGACACGTGTGC",1000
"GGTGTCGTCTCTCAAT",5
"CACACAAGTACGATGG",11
"TGTGATGCACAACGTT",5
"AAATGGATCGTGGAAG",7
"AACAAAGCACGCAAAG",5
"GGAATGGCACGGGTAA",6
"CGAGTGCCAGAGGTAC",7
"GTTGCGGCAGTCGGAA",3
"GGGACTCCAAATACAG",1
"ACTATCTTCTAGCATG",4
"CTTACCGGTGGTAATA",2
"TTCCGTGCATGAGGGT",11
"GTGTCCTAGCGTGTTT",8
"GATGGAGCACGGCGTT",4
"ACGTAGTCAGTGCGCT",9
"TTTGGAGTCGCTGCGA",10
"ACATCCCTCGACATAC",9
"ACGCACGGTAGTCTTG",2
"TGGAGAGGTGTCATGT",4
"GGGATCCGTAGTCTTG",0
"AGACACTCATGGCTAT",7
"CTATCTAAGATGAACT",6
"GTGTAACGTAAGACCG",7
"CATGCTCCATCATGAC",11
"GATTCTTTCTTACACT",1000
"CCTCCTCGTTCTGACA",3
"ACTTTCATCTCCGCAT",7
"CAGCACGAGCGAACTG",1
"TTCTAGTCAACATACC",10
"CGCGTGATCACGTCCT",7
"GGGATCCCAGGACAGT",5
"GTAACACCAAGTGCTT",0
"CACCAAAAGCATGCAG",5
"TAGCACAAGACGACTG",7
"GAGAAATCATCGATCA",10
"GAAGCGACAACATCGT",4
"CATTGCCCATTCTTCA",8
"CAGCCAGGTGTTAGCT",7
"TCATCCGGTGGGAGAG",5
"GACCAATTCCCTCTAG",9
"TCGCTCAAGATGCCGA",9
"AGGCCACAGGTCATAA",5
"ATCCATTGTACGATTC",11
"AACGTCAAGGGTTGCA",6
"TTGTGGATCGGAATGG",0
"GCGAGAATCGAGAAAT",7
"ACAGCCGGTGAGTTGG",8
"ACGATCATCTTCACAT",6
"TGTAAGCAGCTGTACT",9
"TGCACGGTCCACTTCG",0
"GGTAATCTCGCAATTG",10
"TCTGGCTTCTCTCAAT",2
"CTCTGGTTCAGTGTGT",5
"GACTCAAGTTCAAGGG",10
"TCTATCAGTGCAATGG",10
"ATTTCTGGTTTGGGTT",2
"TTCCGTGTCGCAATTG",10
"CACAACAAGGCGAACT",7
"TAATCTCGTCACCACG",3
"CCACCATAGGTACATA",8
"TCACTCGAGCCAGAGT",0
"AAGACAAAGTACAGAT",11
"CGAAGGACAAATCAGA",4
"ATGGGAGAGCACTAAA",5
"CAACAACTCCTACGAA",4
"CACTGGGTCTTCGTGC",3
"CGGAATTGTGTGGTCC",3
"TCCGAAATCTCTCTAA",1
"GGTTAACGTTGTGGCC",9
"CAAGGGAGTCGTAATC",9
"CTGGCAGGTACGAAAT",7
"GTCAGCGGTCTCACGG",8
"CTCCACAGTCAGTCGC",3
"TCGTGGGGTGACAGGT",0
"AACCAACAGCACACAG",4
"TATTCCAGTTTACCTT",7
"GTTGTCCAGCAATTCC",11
"AGGGTTTGTCACTTAG",6
"TTCCAATTCTTGCAGA",2
"GTGTAACGTTCACCGG",8
"CCACTTGAGCGCTGAA",0
"CATACTTCAACGAGGT",4
"GATCACAAGCTCTATG",2
"ATCGGATCACTAGGTT",7
"GAGTCTAAGATTGACA",7
"GAACACTGTCCATACA",4
"CAGTTAGGTTTCACAG",4
"GTCAGCGGTCAAGTTC",8
"AGAGCCCGTCGTTCAA",11
"GACGCTGCATGACTAC",3
"CGATGCGAGCACACAG",7
"AGCGCCATCGTGCATA",7
"CCAAGCGTCTTGGTGA",9
"TTCTTGAGTACAGTTC",4
"AGAAATGTCCAAGCTA",1
"TGAGCGCTCCTATGGA",6
"GGTCTGGGTGTGAGCA",2
"CCCTGATGTAGGTAGC",9
"CGGCAGTAGGCTATCT",3
"TCAATTCAGGTCGAGT",1000
"TTGGGTAGTTAGAAAC",11
"AGGCCACTCGAAGGAC",1
"CCGGTAGTCTTACGGA",1
"GTTTGGAAGTGAGTGC",9
"TTGGATGAGCAGTAAT",1
"GCCGATGCAAGAGTTA",2
"TTGGGCGTCTCGGTCT",1
"CTCTCGAGTGGCACTC",9
"TTGGATGGTGACGCCT",3
"GGGACAATCTGGTGCG",4
"TACGTCCCAACACAGG",5
"TGACTCCGTACCGGCT",8
"TACGGTACAGAGATGC",9
"CCTCTCCAGCAACTCT",0
"CATAAGCAGTAGGATT",5
"TCCTCTTGTCAAAGCG",3
"ACGGAAGTCATTGCCC",6
"GTGGAAGTCAAGCTGT",11
"ACCAACACATACCATG",1000
"AGCGCCAGTAGGACCA",0
"TTCAATCAGCATCGAG",3
"TCCGATCAGACGGTTG",5
"AGGTGTTCAGAGTTGG",7
"TGAATCGTCCTACGAA",10
"TACGGTACAAGGAGTC",9
"CCACGAGCAAGAGATT",0
"CAATGACAGCTATCCA",0
"TCAGTTTCAGCATACT",9
"ACCCTTGTCTGGGCAC",1000
"TCTCCGAAGCATCAAA",8
"TCCTGCAAGTAACCGG",10
"ACTTAGGCAGCACAGA",9
"GGAGGTATCGATTTCT",4
"TACTTGTCAAGCGCAA",3
"CGTAATGTCCTTGACC",11
"AGGACTTGTAGGCTCC",5
"GGGATCCAGGTGCCTC",7
"GAGAAATTCTCGTTTA",7
"TGGGCTGCAGCAATTC",1
"GGTTGTACATCTAGAC",4
"AAGCATCTCTTGGTCC",0
"AGAGAATAGTGGATAT",3
"TTTACCATCATGGGAG",6
"TTGTTGTTCAATCTTC",1000
"TCCGATCTCGCACGAC",2
"GCCCGAACACTGCGAC",5
"CCCTCAACAGAGGCTA",6
"ATCGTCCGTCCACTCT",7
"GGTTAACTCACTGGTA",7
"CACTGTCTCACAACCA",9
"TGACCCTAGGCACTCC",7
"GGGCTACCAGTCAGCC",1
"GAGTGTTAGCATCCCG",6
"CCGGGTACATAGATGA",4
"CGAGTTAAGAGAGGGC",11
"TCAATCTAGCGCATCC",0
"ATTACTCTCCATTGTT",4
"ATGGTTGTCAATGTCG",0
"AGCCAATTCTATCGCC",4
"TCCATGCCAACACGTT",1000
"GGGATGACACGTCGGT",10
"AGGATAACACTTTATC",1
"TCTTTGACATTACTCT",2
"TACAGGTTCGATACGT",0
"CGTCCATAGTATGAAC",1
"GCAACCGTCCGTATAG",0
"CGCATAACACAGAAGC",11
"CGGAATTCAGTTGAAA",0
"TGAATGCTCTATCGCC",1
"CCTCTAGGTACAGGTG",2
"GATCAGTTCCTGTTGC",8
"GTCTAGATCACTTATC",5
"CAAGAGGAGCCGATTT",1
"CTTGATTAGGATACAT",6
"AGATCGTAGAAGCCTG",11
"ATTACCTGTGTTTCTT",10
"GTTCCGTGTCCCTGAG",9
"GGTTGTAGTTCTCTCG",7
"GTAATGCGTCTAGATC",8
"GTTCGCTCATAGAGGC",8
"CTGTGAACAGTGGTGA",6
"GACCCTTAGCAGCACA",11
"AAGGAATAGACCCTTA",10
"AGCCAATCACAAATGA",4
"GCACATATCCATCGTC",0
"CTATAGGGTCCCTAAA",10
"TGAGTCAAGCCTCTCT",8
"GACCGTGCAGCAGGAT",11
"ACGGTTAAGTAGGATT",4
"GATTCGACACCTGCGA",1000
"AGGACTTGTACTGCGC",10
"TCCTTCTAGCATCAAA",4
"GACTCAAGTATAGGAT",7
"AATCACGAGTATGTAG",0
"AGGATCTGTCGCATGC",4
"GAATCGTTCACCATAG",11
"CTACTATAGGATTCCT",8
"TTGTTCATCACAATGC",11
"ACGGGTCAGCTTGTGT",2
"TTTGACTAGAAGTCAT",10
"TCAGCAAAGCCAGAGT",3
"TCGTGCTCACGACGCT",5
"CATCCACAGACTTGTC",10
"TTCCTTCAGGACTGGT",3
"GATCATGTCTACGGTA",8
"GTAACCACAGATCCAT",4
"CATGGATGTCGAGCTC",3
"AACCATGGTCAAGCGA",1
"TTCATGTCAACAAGTA",7
"TAGCACACAACTGCTA",10
"GACCGTGGTGGAATGC",1
"GGTGTCGGTGGTGATG",0
"CTCTCAGCATCCAACA",0
"AAAGGTACACAGTCAT",4
"CATCGCTTCGATTCCC",7
"CTCACTGCATCATCCC",11
"TTACTGTGTATACGGG",9
"GGGCCATCATAGGTTC",2
"TCAGCCTGTCCCACGA",4
"AGACAGGCATGACGAG",4
"TTTCGATCATCAGCGC",1
"AATGGCTCAATCGCGC",9
"CCATAAGAGGGCCCTT",10
"TCGGGCACAATCTGCA",4
"GTCTAGAAGCTAATCC",0
"ACAAGCTTCAAAGGTA",0
"ACGTAACCATCCGTGG",1
"GACATCATCGTTCCTG",2
"TGGTTAGCACCGTCGA",5
"GACCGTGCATTACTCT",5
"GTTGCGGGTTAGTTCG",7
"AACAGGGGTTACGTAC",2
"AGGTCTAGTGAATGAT",2
"ACGTAGTAGGTTCACT",0
"TCGATTTCAACTCCCT",5
"TGCAGTACACGCTGCA",11
"ATCTTCATCGTCGACG",3
"CGGACACCACAGAGAC",9
"CTCAACCAGAATTTGG",3
"ATCACGACACGCGGTT",1
"CACTAAGGTAACGATA",6
"CTTCCGAGTCTAGATC",6
"TTTACGTGTACTAGCT",10
"TTTCGATAGACACACG",10
"CGCCATTAGAGGACTC",2
"AACCTGACACCGTGGT",11
"CTGCTCACATCAGTGT",9
"GCCATGGGTTATGTGC",3
"TTGGGATCATCGAAGG",5
"TCCTCTTGTCGGATTT",1000
"TCGCTTGGTCTCTCAC",3
"AAGTGAAGTACGCTTA",2
"TCCGATCGTCACTCGG",6
"AGACCATAGGTTCACT",2
"TATTGCTTCGGCTGAC",4
"CTTCTAAAGTCAGGGT",4
"CAGGGCTCAAGTATCC",3
"TGGTTAGCATGACTCA",5
"CTGTATTTCGTTATCT",7
"TGTTCTACATTCTCCG",10
"CTCAATTTCAGCAATC",9
"GTCTGTCAGACCACGA",1
"CCGATGGAGCTTTGTG",7
"AAGTCGTAGAGAACCC",7
"TTGGGATGTGGACTAG",4
"AGCTCAACAATGGCCC",10
"CACCGTTGTTCACCGG",7
"TGATTTCTCTCCGTGT",3
"CACTAAGAGAGCCATG",10
"TGACGCGCAAGTAGTA",6
"GCTGCAGCAAGGTCTT",9
"CAGCAGCTCGACATTG",10
"CTTCCTTGTCATACCA",7
"GGAGGATTCTCGACGG",0
"TTCATTGAGAAACCAT",3
"TACAACGGTCAACGCC",3
"AGAAATGCATGTCGTA",3
"ACGGAAGTCCAATCCC",0
"TCCTCCCGTGTTTCTT",6
"AGTAACCCACAGAGAC",5
"TTCTTCCCAACTCATG",10
"TCATACTGTCAAGGCA",4
"TATCTGTCATTCTCTA",1000
"TTCTAGTTCCATAAGC",5
"AACCTTTGTAACGATA",10
"ATCCATTGTCGGCTAC",8
"GTGGAAGTCTACGGGC",9
"TGGGAGATCGTGGGTC",2
"CGCGTGACAAGCTACT",8
"CAGTGCGGTTCGGTTA",3
"GAATCACCAGCTGTTA",2
"AAACCCATCCGCATAA",3
"GACGTTAGTAGCGCCT",3
"CGCAGGTGTATCGTTG",6
"GATGGAGAGCACCGTC",6
"TGTTGGATCCGCTTAC",3
"GTTACCCTCCATAAGC",5
"CATAAGCAGCGTGCCT",9
"GGGCTACCATAGATCC",4
"GACTATGAGTCAACAA",6
"CAGCCAGTCCCGTTCA",0
"GCCAGCACACTGCGAC",8
"TCGAAGTTCCGTCACT",11
"TCAGGGCAGAAGCGCT",3
"GATCACATCACTTTGT",9
"AATCGTGCAGTCGCTG",5
"CACCGTTTCAAGAATG",9
"CACAACACAAGTGGTG",6
"TCTGTCGCAACCACAT",1000
"GTTCTATAGTTACTCG",5
"AATTCCTAGCACCCAC",2
"ACGCACGCACGATTCA",7
"CATCGGGAGTAGTCCT",3
"CCACAAAGTATACGGG",1
"TCCACGTTCCAGTTCC",4
"GTAATGCAGAGTGTGC",0
"AGAACAACAAATTAGG",10
"AGGTCATGTAATGCTC",4
"ACGGGTCAGATAGGGA",11
"ACGCACGCAAGAAATC",5
"TGGTAGTTCCGTTGAA",9
"AGTAGTCAGCTACTGT",4
"GGTCACGTCTCGACGG",5
"TGATGGTCATGCCGCA",3
"TGAATCGTCACTGATG",8
"ATCCGTCGTCACGACC",3
"AGAACCTAGAGGTATT",10
"TTGCCTGTCGTTCTAT",10
"TAGCACAGTAGCTTTG",7
"CCTTCAGAGGCCTTCG",0
"TAGGTTGCACACCGCA",10
"AGACCCGGTTACCCAA",5
"GTAGAAAGTCACTCTC",0
"CCTACGTTCCGGACGT",11
"TAGTGCAGTAAGATAC",3
"TACCGGGAGCGTCAGA",10
"TCGGGCACAGTTAAAG",3
"CAGATTGGTCTTCCGT",2
"GTTGCGGTCGTAGCTA",3
"ATATCCTTCAAGTCGT",2
"CGAGTTATCCCGAAAT",11
"TACGGTAAGAATTTGG",11
"CGGAACCGTTGAGGAC",4
"GTGCGTGAGCGACTGA",1000
"TGAACGTGTATGTGTC",5
"CATTGAGGTCTAGGCC",5
"CATCGGGCAAGAGGTC",1
"TCAGTTTTCGCTACGG",10
"GCACGTGTCTGGTGCG",10
"CTTTCAACAAGAGTTA",5
"ACGGGTCAGCATAGGC",7
"AAGACTCGTGTGACCC",1000
"TCTGTCGAGACCTCCG",4
"CGCGTGATCCTTCAGC",2
"GCTTGGGTCATGAGTC",2
"AGAGAGCGTACCACGC",10
"TACACCCGTGTGTCGC",2
"GATCCCTAGGTAGTCG",11
"TCAGTGAGTGAATAAC",10
"GTACAACAGTGGTGAC",0
"GGTTAACAGGGCAGTT",10
"GTCAGCGGTTTCGACA",0
"CTCCTTTGTTCTTCAT",3
"TCGCACTTCCGATAGT",4
"GCGGAAAAGGTCGTCC",7
"TAAGCACGTTCTCTAT",8
"CGTTAGAGTGGATACG",4
"GACTTCCTCCGCAAAT",11
"GTGATGTAGCACGGAT",5
"CGAGGCTTCGAGAGCA",10
"AAGACTCGTGAATATG",10
"GTCTGTCTCCATCCGT",11
"ATTCGTTCAGCTGAGA",8
"GTTCTATGTGACCGTC",11
"CTTAGGATCCTACCGT",3
"GCTGCAGAGACGTCCC",3
"CGTGAATCATAACGGG",0
"TGTTCCGGTAGGTAGC",8
"CACCGTTGTTCTCACC",3
"TTTGTTGTCGCTGATA",5
"TCCACCATCTGCGATA",8
"GCTTGGGCAGGTTTAC",10
"TTACGTTGTGAGTAAT",4
"TGCTCGTTCTGGGCAC",11
"TAAGCACTCACGATAC",7
"TCATTTGAGGGAGTGG",10
"GGGAGATCAGCTGAGA",7
"GATGACTGTACCTAGT",4
"CGATGCGCATCCCACT",1
"CTCTCGAAGGCAGGTT",1
"TGTTGGAAGCTGTCCG",0
"TGTAGACAGGTCATCT",9
"CACGTGGTCCGACGGT",10
"CCTCTCCAGCCTCCAG",1000
"GAGATGGGTGTCTTGA",8
"ATGCCTCCACATTGTG",4
"AACCAACCACATGGTT",8
"GCCTGTTCACTCCGAG",9
"CGTGAATAGGCTCTAT",4
"CATCGTCTCCATTGCC",11
"CTGCATCTCAACGCTA",0
"TAGAGTCAGCGTGCTC",5
"TGCACGGCATTGACTG",7
"TATACCTCAGACCAAG",9
"AGGGCCTCATTGAAGA",4
"TCAAGACGTCTCAAGT",0
"AGAGAATCAAGCGAGT",2
"CTAGACAAGCTTGTTG",11
"CTCACTGTCATCAGTG",10
"AATGACCCACAGCGCT",10
"TTCTTCCCAGGTGACA",8
"CCGATCTAGACCTGGA",7
"CAATTTCCAGGCTCTG",2
"GCTGAATTCCGCGGAT",7
"CCACAAATCCATTTCA",3
"CAATGACAGTTTGCTG",8
"CCTCACACACATCCCT",3
"GTTACCCGTGCCTAAT",5
"GTAGCTAGTCAACCTA",1
"CAGAGCCGTCGATGCC",4
"CGCAGGTGTTTCACAG",10
"TTTGTTGGTCACCCTT",4
"GCATCGGAGTGCAAAT",8
"GGACGTCCATTGGATC",10
"GAGTTGTCACGCTGAC",3
"TTAGGGTCAGGAGACT",3
"CTAGACAAGTGGTTGG",11
"GTGGTTACACGCACCA",5
"TTCTCTCGTAGTTAGA",6
"ATGAAAGAGGACAGCT",10
"TTAGGCATCTCGTTTA",4
"CAACGATCACTGTGTA",8
"ATCTTCATCTCAAAGC",3
"AACAACCTCTCTAAGG",10
"CTGTATTGTTCGGCGT",0
"AGACAAAAGACTCTAC",1
"TGGAGGACAGCCCAGT",3
"TCATACTTCACGGAGA",7
"GTGTGATTCATGAAAG",10
"GTTCCGTCAACTCGAT",0
"GTCGTAAAGTAGTCCT",9
"GCAGGCTGTTAGGGTG",5
"CCACGAGAGACAGCGT",8
"TCCATGCAGGGCCTCT",7
"AGGCTGCCAGAAGCTG",9
"CAGTTAGTCACCATAG",6
"CTCAGTCTCTCCGCAT",3
"TGGGTTAGTCTGTGGC",2
"AAACGCTCACTGCACG",11
"CTACGGGGTGTGTGGA",10
"CCGTTCATCATCACCC",9
"TAATCTCGTGGTATGG",0
"GAGGCCTGTCGTTCAA",7
"TACCCACTCGTCGGGT",5
"GATTGGTCATTGCTTT",7
"GGTGTCGTCATCACTT",7
"GAACGTTAGGTAGTAT",3
"GCAGCTGAGACGCAGT",9
"CATTCTAGTGCTCGTG",9
"TGTTACTTCATGGAGG",3
"TCACACCTCAGATGCT",5
"CCGGGTAAGAGTTGTA",0
"GGGATGATCGGATACT",4
"ATCCTATAGGGAGTTC",3
"AGCGCCATCTCAATCT",1000
"AACAGGGAGTCTACCA",3
"TATATCCAGCCACCGT",11
"TTCTGTAAGGGAGATA",6
"CTAACCCGTGAGACGT",1
"GTATTGGCACGTGAGA",2
"CGAGGAACAGGCGTTC",3
"TGATGGTGTACGTGAG",0
"CATACCCCACGTCATA",4
"TTCACGCGTGTGCTTA",9
"CGCCATTGTGCCAAGA",11
"TAGCACATCTCAGGCG",10
"TGGGCGTAGGAATCGC",5
"GCTACAACACACCGCA",5
"TTTCACAGTAGATTAG",0
"AACGAAAAGTATGGAT",3
"TCAGGTACACTGATTG",7
"TCAGCCTAGTTCATGC",3
"TGGTACAAGCTCGGCT",2
"CACGTGGCAGAGCTAG",6
"ATGGGTTGTATGAGCG",5
"AGGTTACCACCTCTAC",3
"GTGCACGCACCGGTCA",3
"GCAACATTCAGTCATG",11
"TACGCTCTCAAGTTGC",4
"CCCTAACTCCGTCAAA",11
"TTTGTTGGTCTCACGG",10
"ATTACCTGTCTAGGCC",10
"TCCCACACAAACACCT",0
"AGGTCTAAGGGTCTTT",6
"ATGTCCCAGAGCAGCT",10
"AGACCCGGTTCTGACA",7
"CTTTCAAAGGAACGCT",6
"AGTTAGCTCACAGTGT",4
"CGGGCATTCACTCTTA",2
"TCTTCCTGTTTGGCTA",4
"AAACGCTTCGTAACAC",3
"TGACAGTGTTAATGAG",3
"AAGATAGTCGAGAATA",6
"CGAGGCTTCCAGCACG",4
"TGTGAGTGTCAGGCAA",8
"CCAAGCGTCGTTGTTT",2
"CTGCGAGCAGTTCCAA",3
"TTGATGGGTGTCATTG",0
"TCTTCCTTCAAGTCGT",8
"CCGTGAGTCGAGAGAC",11
"TGTTACTAGGATTCCT",7
"TTCCACGAGAGGGTCT",11
"AGCTTCCCAGCGAGTA",4
"GAGGCAAAGGTAGATT",4
"GAAGGACTCTGGACCG",3
"TCGCAGGTCTATACTC",9
"AACGTCAGTTCGATTG",11
"TATCGCCCAGGTGGAT",9
"AACAGGGGTCTCGACG",7
"CATGCCTGTACCGGAA",3
"TGCAGTACATTGCTGA",7
"ACTGTGAGTTGCATTG",7
"CATGCAAGTCAACATC",3
"TCTATACAGTGGTCAG",8
"AGACCCGTCGTTCTAT",11
"GGGCCATAGATGCTGG",7
"TAATCTCAGTCTGGAG",1
"GGCGTCAGTACTGCGC",0
"CTAGACATCTTCACGC",11
"CGGGACTCACCCAAGC",9
"CACTGTCGTCACGCTG",5
"CATCCCAGTCATCAGT",9
"GATCACACAATCTCTT",2
"GCAACCGTCTGACCCT",4
"CATAAGCAGGACACTG",5
"ATCCTATCAGTGTGGA",10
"GCTACAAAGACATCCT",2
"AAGTCGTGTGACCTGC",5
"GACATCACAATCAAGA",5
"CAGGCCATCCACCTGT",4
"AGAGAATGTCGCATTA",10
"TAGTGCACAGTGCCTG",10
"CGGCAGTTCATCGCTC",5
"GTCTAGAGTGCATTTG",1
"GTAAGTCAGCGTCTCG",1000
"TTCCAATCAGTTGCGC",7
"GTAACACTCGACATAC",0
"GATGTTGTCCCTCTAG",1
"TTCGGTCTCTATCGCC",10
"GAGGCCTAGAGTAACT",4
"ACCGTTCTCTATCGTT",10
"TGTTCCGGTATTTCCT",6
"GCCCAGACACCTGATA",0
"TCACATTAGAATCCCT",5
"CCCAACTCAGTTTGGT",6
"CTCATGCCAACTTGCA",8
"CATTCATAGATGGGCT",2
"TTGTTCACAGCGTGCT",6
"ATTATCCTCCAATGCA",9
"AGACCATGTTCGTAAC",11
"ATTTACCAGGGAGGTG",11
"GACATCAAGGTACAAT",9
"ATGGATCGTGGTCTAT",2
"AACGAAAGTACTTGTG",2
"TACAGGTGTGAAGCTG",7
"GGAGATGAGATGAACT",8
"TGTTGGACACGGAAGT",1
"GGCGTCAGTGAATATG",3
"ACCGTTCTCGCGCCAA",4
"ATAGACCAGGTCCTGC",10
"CGTAATGTCCCTCTTT",0
"CTCACTGAGTAACGAT",10
"TCGACGGGTCGGCACT",11
"ACGCACGCAGGATTCT",7
"ACTGCAAGTGCATGTT",6
"TGCACGGAGTGATCGG",1
"GCTTCACCAACGACTT",10
"GTGTTAGCACCTGCGA",6
"TATCTGTCAGCTTTCC",3
"TAACTTCCAGTATGAA",9
"CCCGAAGTCTCGTCAC",0
"ATGCATGGTAGGATAT",4
"ACCCTTGAGGCACCAA",6
"ATGTCTTTCTCTAAGG",2
"CATTCATCAGTGTGCC",8
"CATCAAGGTCAGCTTA",8
"CTCAAGATCACCGACG",0
"AATGAAGTCACGGAGA",0
"ACAAAGAGTCAACATC",6
"TGGTAGTTCATCTCTA",7
"CATTCATAGTTGCCCG",3
"TTACAGGCACTTCCTG",8
"ATGTCTTCAGTACTAC",6
"GTCGTTCTCAAGCCTA",2
"TATATCCCAAATGATG",8
"AATTCCTTCTATGCCC",5
"ACCTACCTCTCGTCAC",1000
"TGTAAGCTCGACGATT",10
"CATACCCGTTGCTCAA",0
"GACTGATGTAAGCAAT",7
"CTGTGAACAGTCGAGA",1
"TACAGGTTCGCACGAC",2
"TCCGTGTCACCTCGTT",2
"GAGACCCTCTATTGTC",2
"ATCGGCGGTGAATAAC",7
"ATGCCTCGTAGTCGTT",3
"AGACCCGTCCCAAGCG",10
"TATCAGGAGCCATCCG",6
"GAGTCATCAACGCATT",7
"GAAGCGACAAGAAACT",0
"TTCTTCCTCTCCCATG",5
"TCTATACCACTTTATC",11
"ACACAGTTCCTACCGT",3
"AGAACCTTCTCATGCC",0
"GGCGTCAGTTGAGGAC",5
"TAGCACACATAGGCGA",4
"GTTAGTGAGAAATTGC",3
"GATGACTCACCCTTGT",7
"ACGGGTCCAGAGACTG",11
"TAAGCACAGTTTCGAC",2
"GTAGGAGAGCATATGA",9
"TGCGATACATCGATCA",4
"CCGGACAGTATGAAAC",3
"GTGAGCCCAAAGGATT",9
"GCATGATTCAAGTCGT",11
"TTGTGGAGTACTCGCG",3
"GTCTTTACATTACTCT",4
"TGCAGATGTCACCGCA",3
"CAGCAGCAGATTGACA",2
"GGAATCTGTGTGACCC",9
"AGTCACACAGGTTCGC",8
"GCATCTCTCACGGTCG",10
"TGCAGTAAGTAGGTTA",8
"AGGAGGTTCTGGTGCG",10
"GATTCGATCGGCATCG",3
"CTGTAGATCCTAGCGG",7
"TGTCCTGCATGAGATA",10
"CTGCAGGAGGATACGC",4
"GTTGTAGAGAGGTTAT",0
"GTTACAGTCGAAGCAG",1
"TTGACCCTCCTTGACC",5
"TTCACGCCAGAGGCTA",6
"CTGAGGCGTAGATCGG",1
"CACGGGTGTTGAAGTA",7
"TTTGACTTCAACACCA",4
"TGCAGATGTTGTTGCA",10
"TGCGATAAGAAGTCTA",1
"TACTGCCCAAGGAGTC",1000
"CATCGGGCATGACGAG",10
"CTGTAGACAAAGCGTG",7
"AGGATAAGTCACAATC",11
"AGCGCCAGTGCCCACA",7
"CGAGTTAGTTCTTGCC",0
"GTTGCGGCAACTGCTA",0
"CTCCACACATCTTCGC",7
"ACCAAACGTTGCCATA",2
"CACTTCGGTGTCCATA",10
"ACTATGGGTTGAGGAC",9
"AGAAATGCACTTGTGA",9
"GCGTGCAAGCCATTGT",9
"GACCTTCCAAATGGTA",8
"CAGCACGCAGAAGCGT",6
"TTACAGGGTGTTCGTA",10
"ATTCGTTTCTTTGCTA",2
"CTTACCGGTATGAGGC",5
"TCATGGACATCTGTTT",9
"TGTAGACTCACCTCGT",8
"GTCATTTGTGCGGTAA",8
"AGTCTCCTCTGTGCGG",7
"TCCTTCTTCCAGTACA",10
"CGGACACTCGCCTCTA",3
"CCAATGAGTAGACGGT",3
"GTTTACTAGTCCGCGT",7
"CAAGGGACACACAGAG",3
"TGGTAGTGTTTCAGAC",10
"AAAGGTATCCATAGAC",5
"ATCACAGGTAATCAGA",7
"AATTCCTGTCGTGGTC",7
"GACATCAAGACGGATC",0
"CCTCACATCCCATTCG",0
"CCATAAGTCTTCTTCC",7
"AAACCCAGTGGATCAG",2
"TCCAGAAGTTCTCAGA",1
"TCTGGCTGTGGCAACA",10
"GAATAGAGTGCCGTAC",5
"TATCCTAGTACGCTTA",0
"TTTAGTCCACGGGTAA",3
"AAGTTCGAGGAATGTT",11
"GAGACTTGTTCAGCGC",4
"GAGACCCTCGGCATTA",6
"CGATGGCTCGGCGATC",10
"GAGAGGTGTCACTCGG",3
"TCGGGCAAGCATAGGC",8
"GAGGGATAGTTGGGAC",3
"GATGATCTCATCCTAT",10
"GTATTGGAGTGAGGCT",4
"CACATGATCAAGGACG",7
"GTAGGTTAGATCCAAA",3
"TTGCTGCAGATCACCT",5
"AATTTCCTCCCTCTTT",0
"GATTCTTAGGGCCCTT",7
"GATCCCTTCTTGGCTC",10
"TTGTGGAAGTACTGTC",2
"CATTCTAAGGTGCATG",7
"GTGACGCGTCTGATAC",6
"CGTAAGTTCTGGGAGA",10
"GACTATGTCCCGTAAA",0
"TCCTCCCTCGACCACG",2
"TAGCACACAGGAACCA",3
"GTTGTCCAGCCTCTCT",11
"TGGTAGTGTATGCTTG",2
"CAGCGTGGTATACCCA",11
"AATAGAGCACAACATC",10
"CAACAACAGTCGTTAC",6
"CTAACTTGTTCCGCAG",7
"GGTTAACAGCTTAGTC",8
"CCTTGTGTCTTCACGC",11
"AGGTCATGTCGTGGAA",10
"CACTAAGTCAACGAGG",0
"AAGCGTTCAAATGAGT",9
"AATGCCACAGCTGGTC",0
"AGGACTTGTATCGCAT",1
"GAAGAATGTGGTCTAT",7
"CTGATCCTCTATGCCC",10
"CGACAGCTCAAATGAG",6
"GATGTTGTCACCTCGT",8
"AGAAGCGAGCACGTCC",3
"GAGACCCCAGAACTTC",10
"GCCCAGAGTGGTCAAG",1
"GAGTTGTAGACCTCAT",1000
"ATGAGGGTCATACAGC",3
"CAGCAATTCTATTGTC",2
"TACAGGTCACGGAAGT",9
"GTTTACTCATAGCACT",10
"ACTTTGTGTTCCTAGA",5
"TGGGTTATCCTACACC",3
"TCATTTGTCCGCATAA",7
"CTGCCATAGTGATAAC",0
"CTGAGCGGTGGGTCAA",2
"TACACCCTCTGAATCG",0
"CACGAATAGTAATCCC",9
"TGGTTAGAGACTGAGC",0
"GGGTATTTCAGATGCT",10
"CATTGCCCACTTGTGA",7
"CCGAACGAGTTACGAA",0
"CGTTAGAGTGTTTACG",3
"ACATTTCGTTTCCAAG",7
"GGTGTTACATCCTCAC",8
"CCGATCTAGATAGCTA",2
"TGTAACGTCCTTCTAA",7
"CACTTCGAGGTTCATC",3
"CATCGCTTCGTGTGAT",9
"GTCAGCGGTGTCTTAG",7
"AACACACCAGCTGGTC",8
"GACGTTATCTTGCAAG",9
"GGAATGGAGGCACGAT",6
"CCTCATGAGTGGATTA",0
"CCTCAGTTCTTAGTTC",6
"GTAACACGTTCGTACA",0
"TCGATTTGTAACAGTA",9
"GGGCGTTGTCCGTACG",10
"CTTCTAAGTTACCCTC",9
"ACGTTCCGTATTTCGG",11
"GATTGGTTCCAGGACC",4
"CCCTTAGCAGACGGAT",4
"GTTACCCTCCTACAAG",10
"CAGTTCCAGGCGAAGG",3
"CATACTTTCTCGTCAC",10
"TGACAGTAGAGGTCAC",7
"CTCCACAGTGTTCGTA",7
"CACAACAAGTGTTGTC",10
"GACTATGCAGGGAGAG",10
"CGCAGGTTCAGGAAGC",0
"CCGGTGATCGACATTG",5
"ACCATTTCAATTTCCT",0
"GCCATGGTCCGCAACG",0
"TCGTCCAGTAGACAGC",10
"TTACTGTAGCGTACAG",7
"CTCAGGGCAAGACCTT",0
"GACTTCCTCAACACGT",2
"TGATTCTCAGAGAAAG",4
"CTTTCGGGTGATGGCA",7
"AATCGACCACGATTCA",4
"TTCTAACAGTACGTCT",11
"TCTACCGGTACAGGTG",2
"ACTTCGCGTCTTAGTG",9
"TGGGAAGGTCTCACAA",6
"TGCGACGTCACGACTA",2
"TGAATGCCACAACCGC",0
"CGCCAGAAGTACAGAT",4
"ATGAGGGTCAGCGCAC",7
"CTCCGATAGAAACACT",3
"AGTGCCGTCTCAGGCG",9
"TTCAGGATCTCCGTGT",0
"GTAATCGGTGTCCGTG",5
"GCACATAGTTTACCTT",5
"GTTCCGTAGGCTCCCA",4
"GGATCTAGTACTGGGA",5
"GTAGTACTCTTGATTC",3
"CCGATGGGTTGGGTAG",9
"GAACACTAGCGCTGCT",4
"TGTGTGACACACCTGG",10
"CTGCCATTCCGAGGCT",0
"TAGCACAGTGTTACTG",0
"GCTTGGGGTGCCGTAC",7
"TTACGTTTCCGTTTCG",7
"ACTTTGTCATAGACTC",5
"TAAGCGTAGGTCGTAG",7
"GTGTAACGTTCCACAA",1
"TCAGTTTCATGGCCCA",4
"GAAGTAAGTGGATGAC",2
"GTCAAACGTTCGGGTC",9
"AACCATGCAGTAGAAT",10
"TACAGGTGTGAAGCGT",8
"AAAGGATTCTCTGCCA",10
"ACGATCAAGCGTGCTC",2
"CCGCAAGAGTTACGAA",8
"GTGACGCAGAGAACCC",4
"ACTGCAATCCAGCAAT",10
"AATTCCTTCTGTCAGA",3
"TGTCCTGTCTATCGCC",4
"CTTCTCTTCATCACCC",2
"CTCAACCCAGGAGACT",3
"TACCGAATCACAAGGG",10
"ACAAAGACACGTGAGA",10
"TACGTCCAGATGGCGT",0
"GTACAGTGTCCAAAGG",5
"CCAATTTCACAGCCAC",8
"CAGCAGCGTTGCCGAC",7
"CTTCCTTGTCCTATAG",2
"ATGAGGGTCAGCGCGT",2
"GATGGAGCAACAGAGC",2
"TTCCTAAAGATAGCTA",2
"GCCAGTGGTCACAGAG",9
"ACACCAAAGTGGTCAG",7
"AGTGCCGGTTTGCCGG",2
"GAAGGGTGTCTACAGT",7
"ATTCTTGAGACTTAAG",9
"CTTCCTTCAGACCATT",2
"ATTTCACAGACGGATC",7
"CTCCTCCCAAGACCTT",7
"CATTCTAAGAGTCACG",10
"TAACACGAGGCACCAA",9
"AGGCATTGTTGTCAGT",4
"AGAGCAGGTCTGATAC",1
"GGTGTTACATCCTATT",8
"TGTTCTATCAGGTAAA",9
"TCCCAGTGTCTTGAGT",4
"TCATACTAGGTCGTGA",10
"GCTGCAGGTAACGTTC",10
"ATGCATGAGACGCCAA",4
"AGGTTGTTCACCTCTG",11
"CCTCCAAAGGCTTAAA",6
"GGTAACTCAGGCATTT",0
"GAAATGAGTCGAGCTC",2
"GCCATGGAGTCAGCCC",0
"AGAGAGCTCCCGAGAC",8
"TTGATGGTCATCAGTG",3
"TTTGGTTTCAGGACGA",8
"CATGCAATCCTAACAG",1
"GGCGTCAGTTAAACCC",10
"CGGAACCGTTCGGCTG",10
"CATGCCTAGCACCGAA",4
"GTACAACTCTCCCAAC",10
"GAATAGACACCTAAAC",2
"GCATCGGTCACAGTGT",8
"TCGCTTGTCTGAGTCA",10
"TGCGATAAGGCATGGT",10
"AATCACGGTAGACACG",6
"TAGACCAGTCATAAAG",5
"TAATCTCTCACTTGGA",10
"CGTGAATAGTGCACCC",3
"CATACCCCACTACAGT",5
"TTCCGGTAGTAACCGG",0
"TTTGATCAGATTGAGT",2
"TTGCTGCGTCCCGTGA",0
"TCACTATAGCTCCACG",7
"GGCTGTGGTGGAGGTT",3
"TGACGCGTCACCTCTG",6
"TCGCACTGTAGTGGCA",6
"GGGAGATTCCGTCAAA",8
"TGCGGCAGTTAGAGAT",0
"CGTGCTTCACTAAACC",11
"GTAGCTATCACTCCGT",4
"AGAACCTAGCTCTTCC",6
"CATTCATGTCGTCATA",0
"ATGGGTTTCCGCATAA",3
"TAGAGTCGTTAGCTAC",4
"CTTCAATTCTAGTCAG",10
"GCATCTCCAACAAAGT",7
"CAACCTCAGACTACGG",11
"TACCCACCAGCTACCG",4
"AGGATCTTCCATGAGT",2
"TTGTTTGAGTGCAAAT",9
"TACACCCGTAGCGAGT",10
"AACGTCACATGTCAGT",5
"CTACAGAGTCGTACAT",1000
"TTCTGTAAGTGAGGTC",3
"CGGAACCCAAATGGTA",1
"CCAATGAGTAGTATAG",6
"ATGTCCCTCATCCTGC",4
"GGTAATCTCCTGGGTG",5
"GTAGAAATCTGGACCG",7
"TGAGGGAAGTGCACCC",3
"CCTCACACAGAGTTGG",9
"TGTCCTGAGGCTGGAT",10
"GTAGGTTGTCGGTACC",7
"TCCTCCCCAGTAACAA",10
"TCGCTCAGTGCCTGCA",3
"CTACCTGTCCTGATAG",4
"CAGATACTCAAGTCTG",7
"AGTACTGAGTGAGGTC",3
"GATGAGGAGTATTCCG",10
"TCTTCCTTCAGTCACA",6
"ATTCCTATCTGGCCAG",6
"CAACCTCCACGGTAGA",8
"CATGAGTGTTCCGTTC",5
"CGCGTGATCGGCTTCT",3
"GGAATGGCAAATGAAC",7
"GATCATGTCTATACTC",5
"ACTCTCGTCCTCAGGG",7
"ATACCGATCTGGTCAA",10
"GAAGAATAGTGGAATT",2
"TATGTTCAGAGTGTTA",10
"AGTACTGGTGGCTGAA",3
"AAGTGAAGTGCAAGAC",3
"TGTAACGAGAAACTCA",3
"TGCTGAAAGTATGAAC",3
"GCCCGAACACACCGAC",11
"ATGTCTTGTCCGGACT",10
"TCTGGCTGTGGTACAG",10
"AGGCTGCAGCAGCACA",7
"TCTCAGCGTCATGCAT",1000
"GTGAGTTGTCGTGGTC",9
"AGCGCCATCTGGCCAG",9
"CAGGGCTGTCCGAAAG",11
"CATGGATAGAGCAGAA",6
"TCCTTCTTCCAAGCTA",4
"CTTGATTGTTATAGAG",11
"ACCTGTCGTAGTTCCA",9
"CTGTATTAGCAACTCT",8
"TCAGTGACAAGAGCTG",5
"CAACAGTTCCGAGAAG",3
"TGCAGTATCCGCCTAT",8
"TCGACCTCACGAGGTA",3
"CGACAGCCAACTCATG",6
"CGAAGTTCAACCAGAG",2
"GGGAGATGTTAGAAAC",6
"CACCGTTCAATGACCT",8
"ATGAGGGCAGGTCAGA",1000
"ATTGTTCCAGGACAGT",0
"CGACAGCAGACGCTCC",5
"AGTGACTTCGAACACT",6
"GCGATCGAGGCACTCC",3
"AAATGGATCCATCACC",4
"TTTACTGTCATTTGGG",1
"TATTGGGTCACAAGAA",11
"GGCTGTGCATTCATCT",3
"CAGCAGCTCAAGCCCG",3
"CTACAGAGTGGCTTAT",2
"CTACTATGTGCGGTAA",2
"TCCTCCCAGACAGTCG",0
"TCACGCTCACTCTCGT",9
"GCTACCTCAGTCGGTC",10
"TCTAACTTCCGAGCTG",0
"TTGTTCAGTGTGATGG",4
"TGCTTGCGTTTACACG",10
"ACCAACATCCCGAATA",3
"CTTGAGACACCTCAGG",4
"GCCATTCCATGACGTT",7
"TGCGGCAAGCATATGA",9
"CAACCTCTCGCATTAG",2
"AGGAATACACGCTATA",9
"TCCTCTTCACCTGCGA",4
"TATTCCACAGCAGTTT",1
"AGGTGTTAGTTTGCTG",2
"CCTATCGAGGTTGTTC",4
"GTGGAGATCGGCATTA",9
"CAGTTCCTCCTACAAG",10
"ATTTACCCACTCCGAG",0
"ATTCCCGGTCCCGCAA",0
"TACGGGCCAGCTATAC",1
"GGTGTTATCACATACG",3
"CTAACTTAGTTCACTG",5
"AGAGAATCAACTTGGT",6
"CTACAGACACACCTTC",9
"CTGTGAATCCTCTGCA",4
"TTGCTGCTCTGTCGCT",5
"ATGCGATCAGTGGTGA",7
"GATCATGAGTTAACGA",4
"CACTGTCAGCTCGTGC",4
"GGAGAACAGGTGCCTC",11
"ACTCTCGAGGGATGTC",2
"AAGCATCGTTGGGACA",9
"AGTCAACCAAACTAGA",1
"TGTTGAGCAGTTACCA",3
"TGCTGAAGTGATAGTA",3
"GAGTGTTAGTGTACCT",6
"ATCGCCTGTTGACTAC",3
"CAATACGGTATCGGTT",7
"CAGTTAGCACACCGAC",5
"TCTACCGTCGAAGGAC",10
"GGTGTCGGTTCTTGTT",5
"CATTCATTCACCCTGT",5
"TTCTTCCAGGCTATCT",7
"CATCAAGCAGGAACCA",2
"TCATTACTCCGAAATC",7
"TACCCGTGTGGCAACA",4
"TGTCCACTCTGCAGCG",7
"TATGTTCGTCAAGCCC",7
"TAGAGTCGTTGTCTAG",0
"ATCCACCAGTCCCAAT",9
"GAGTGTTAGAGTGTGC",5
"CGGGTGTGTTCCACGG",7
"CCTTTGGTCATTGGTG",0
"AGTACCACAAGACCTT",5
"CAGATCACATCGCTAA",4
"CTCATTATCATTTGTC",7
"CACATGAGTAGTTACC",5
"ATGCGATCACGTGAGA",9
"ACTTCCGTCACCGCTT",7
"TACACCCGTAGTCACT",10
"GTGCTTCGTGGTTCTA",1
"ACTTCCGGTTGACTGT",8
"TATGTTCTCTCATTAC",9
"TATCCTATCCCGAATA",0
"CTCATGCTCCGGTTCT",10
"TGAATGCTCGGCCTTT",10
"CTTCCTTTCTACTGAG",9
"TCTAACTGTACTGACT",0
"CCTATCGCACTGGAAG",2
"CAATACGCATTCGATG",11
"TGGGATTCAGTCTACA",10
"TCACATTGTAGACACG",2
"ATGCCTCTCTGTGCTC",7
"GGTGATTCAGCAGTGA",8
"CTGGTCTGTAACAGTA",4
"TCCGTGTTCACCATCC",3
"AGGACTTAGAGGTTAT",10
"ACTGCAAGTATCACGT",7
"TCCACGTGTGCCTTCT",5
"CTGAATGTCACAATGC",7
"TCGCACTGTGTGTGTT",10
"TCGTAGAGTCGCATTA",8
"ACAAAGAGTGAGACCA",10
"CGAGGAATCCATCTGC",4
"GAAGGGTGTAGGAGTC",8
"GACTTCCGTAACGTTC",0
"GCCTGTTAGCTTGTTG",7
"ACTTAGGAGTCCGCCA",10
"TGTAAGCTCACTTGGA",10
"TCACATTTCCGACAGC",7
"CAATACGGTGAACCGA",8
"GTCTTTAGTGTGGTCC",11
"TTCTTGAGTCTCTCTG",2
"GTGGGAATCTTCTAAC",3
"CTGTGAAAGGTGCTGA",7
"AATGGAAAGTATCCTG",3
"ACGATCATCACCATAG",0
"AGGGTGATCATGGGAG",5
"AATCGTGTCTTGGGCG",4
"GGAACCCCAACACTAC",0
"TGGAGAGCAAAGACTA",4
"CCCAACTGTCAGACGA",2
"CCGCAAGGTCTGTGAT",9
"GGCTTTCAGTCGGCCT",1
"CTATAGGTCCAAGCCG",9
"TGAATCGCATCCCGTT",8
"CCTCAACAGATTTGCC",4
"TGAGTCAGTCACTCGG",3
"CCATCACAGACTAAGT",2
"GAACGTTAGCAAGGAA",2
"TTAGGGTTCTCTCAAT",1
"TAGGTACTCAATCTCT",4
"CCTCCTCGTGGCATCC",5
"CTACCCACATGGCCAC",2
"AACAAAGAGTGAGCCA",10
"GAGTGAGAGAAATCCA",0
"CACACAACACTTCATT",7
"TTGGATGAGTTGCCCG",8
"TGCTTCGCAGGATGAC",10
"ACTTCGCGTATGGAGC",0
"GCCTGTTCACGCGCAT",7
"ACATTTCTCTCGACCT",3
"AGCGATTGTCACTAGT",3
"GTTACCCGTGTAAATG",4
"CATCGGGGTGCTCGTG",7
"CATGCAACACGGCCAT",0
"TGTCCACTCAGGAACG",4
"TTTCCTCCACAGTCAT",10
"GAGCTGCAGCGAGTCA",6
"CTCATCGGTGCAGTGA",3
"CAGCGTGAGAGGTCGT",10
"TCAGTCCTCCGTGACG",8
"TTTGGAGAGTATCTGC",7
"CATGGTACAGTTGTCA",2
"TCATTTGCACGGATCC",1000
"TGTAGACCAACTTGGT",7
"GGGCTACGTCTAGGTT",5
"GGGAGTATCTGAGATC",3
"CCCTTAGAGCGCACAA",4
"GTTCCGTTCGATTGAC",10
"GCAGCCAGTATACCTG",2
"TGTGATGTCGCAAGAG",2
"ATTTACCGTCACTAGT",0
"TCCTCCCCAGCCTATA",7
"TCATGAGGTTATGTCG",10
"TAGAGTCTCATGAGAA",11
"CTAAGTGCAATTCGTG",0
"CTTGATTCAATTAGGA",7
"GTGACGCGTATGGAAT",8
"CGAGAAGTCCCAAGCG",3
"CATGCAAGTATTGGCT",9
"ATTCACTTCATGAGTC",3
"CCACCATAGTGAGGTC",3
"TTCCTTCGTACGCTAT",3
"TATCTGTAGATGACCG",8
"CTCTCAGGTGCTGCAC",1
"TAAGCACCAAAGACTA",7
"CAACCTCAGAAGCTGC",3
"TCATTCACAGTGTGGA",10
"GACCCTTGTCTGTGCG",1
"ACGTAGTAGCGTGAGT",5
"TAAGCCAGTCCTTGTC",9
"TCGCACTCATGAGAAT",7
"GAGTCATGTACCCGCA",10
"TGGATCATCAGCACCG",3
"CATGCAAAGCGCTGAA",5
"CCACTTGTCCTTATAC",7
"TCCTCCCTCTGAACGT",0
"TTACCATGTTGGCCTG",5
"GAGTCTAGTCAGTCCG",10
"TACTGCCCAGGCATTT",0
"GGGCCATCATGGTGGA",3
"GACTATGCAAATACGA",3
"GACCAATAGATAGCAT",9
"CTCCACATCCTACCGT",10
"AACCACAGTGTGAGCA",7
"CCTCTAGAGTTAACAG",8
"AGGTCTAGTCGAATGG",0
"TGCGGCAGTACTGCCG",10
"ACTCTCGGTATTTCGG",1
"TGTTGAGAGGTGCTTT",9
"AATGGAATCCGCTTAC",10
"CGGAGAAGTGTAGGAC",5
"CTCAGAAGTTGCTCAA",0
"AGTTAGCGTAGCTAAA",9
"ACAGCCGAGTGAGTTA",3
"CCTCCTCCAGGAGACT",4
"TGTCCTGTCGTAACAC",6
"CATCCCATCTATCGGA",4
"CTACAGAAGACGAAGA",8
"GCTTCACTCGCATTGA",8
"CCACCATAGGCTAAAT",7
"TGTCCCAGTCACTCGG",4
"CCTACGTAGTGTAGTA",8
"CAGGGCTAGCTACTAC",8
"CTCTGGTCAGCATACT",1
"CCCTCAAGTCTTACAG",3
"ATCATTCCACAGAGAC",10
"GCTCAAAGTGATAGTA",9
"GTTGAACAGCCAAGCA",7
"CGTAAGTGTGAAAGTT",6
"GATAGCTCAGGACGAT",5
"GATGATCGTCATAACC",5
"TGTGGCGTCCCGAATA",3
"TTGATGGCAGTGACCC",2
"TCTACCGGTGGCCACT",4
"TAGTGCACACCTGCTT",3
"GGCTTTCGTAACGCGA",11
"GAGCCTGAGGCCATAG",1
"CTACGGGAGGCTAACG",7
"CAGAGCCGTTCACGAT",1
"TCGATTTGTCTCAAGT",6
"ACAAGCTGTACTGGGA",9
"TAAGTCGAGCCTCTGG",9
"AGTAGCTAGCTTACGT",11
"GCCAGTGTCGTGAGAG",5
"CTCATCGTCTTCGTGC",3
"GTCATTTTCGAGTTGT",3
"TCAGGGCAGACGGTTG",5
"TTCCGTGTCCAGCAAT",7
"GCAACCGTCGCAATGT",5
"AAGTCGTCACCTATCC",9
"CCTCCAAGTAGTCGTT",5
"GCCAGGTCACCTCAGG",0
"CCGTTCACACCGAATT",1
"CAGATACTCCGCACGA",5
"TCCCACAGTCTCAAGT",7
"GAAATGACAGTTGTTG",9
"TAGAGTCCAATGACCT",2
"GTCGAATCATTAGGAA",10
"TCAGGTAGTCTATGAC",2
"TACGGTATCGCCAGAC",1
"CAGTGCGTCAGAACCT",1
"TGTCCACGTCTTGAAC",8
"CTTCTAAGTGTAAATG",7
"TCTTTGATCTATTTCG",6
"TTCTGTAGTGTCTCCT",9
"GCAACATTCTTGCAGA",0
"GTGTGGCTCGTAACCA",8
"ACTGCAACAGACATCT",11
"TTTAGTCTCCCTCGTA",6
"GTGCTGGCAAGTTCGT",5
"ACCAACATCACTTTGT",7
"AGTCACAAGAGAGCCT",11
"TCGTCCAGTGCATCTA",7
"TCATGTTCAGTTTGGT",10
"GGGCGTTAGTCACTGT",8
"TGCTGAAGTGTATTGC",6
"CAAGACTGTTTCGCTC",0
"CTAACTTCATGACGGA",7
"GAGTTGTTCCGTATGA",3
"GTCAAGTTCTGAGAAA",0
"CCACCATGTCTCCCTA",10
"GGGTTTAAGTCTAACC",5
"GGAGATGAGGAGGGTG",0
"AGTACTGCACGCCACA",4
"CCGTGAGCAAGAATGT",10
"TGTTTGTAGTATGGCG",1000
"CATCGTCCAATTTCCT",10
"AACCTGATCGAACGCC",2
"CACCAAATCCTTATCA",0
"GACTCTCTCGAGAGCA",0
"GTGCTTCAGTAGTCTC",3
"ACAAGCTGTCACCCTT",7
"ACGATGTTCATGGGAG",1
"TCTTTGAAGTTCATCG",4
"TCCACGTGTCACGCTG",2
"GTCTCACGTGTCTTAG",3
"AGAAATGCATAATCCG",7
"TTGTGGAGTTTCGACA",10
"TGTTTGTCACCAGACC",4
"AGTGCCGGTCGAGCAA",3
"GTGCACGCACTATCCC",5
"ACGTAGTCATGGGAAC",3
"TTTATGCTCAACGAGG",11
"TCGTGCTCACAGTATC",2
"TGAGCGCAGTATCTGC",10
"ACAACCATCTGGACCG",3
"AGATGAATCGGCATCG",5
"GGGATCCAGTCATCGT",5
"CCTCATGTCAGAGCAG",5
"CATCCACTCGCCACTT",7
"CGGACACTCGACCATA",7
"CTAACTTCACCCATAA",5
"CGTGAATCAACGGCTC",10
"TCGATTTCACTGTGTA",2
"ACTTATCCATGCACTA",10
"TGTTCATCAACAGCTT",7
"ACAGAAAGTGACATCT",7
"AATTTCCGTAAGCGGT",0
"TCTTTGAAGCGCCTAC",7
"TTGACCCTCGCACGGT",9
"AGGTCTACATCTCATT",0
"GGGAAGTGTGTTATCG",10
"GGGACTCCAATCTAGC",1
"ATGTCCCCATAATCGC",2
"GTATTTCCATCATTTC",3
"GCATCTCGTAAGATCA",0
"AACGGGACACTAACGT",3
"AAGTGAATCCACTGAA",3
"TGCAGGCTCCATAGGT",6
"ATCCACCTCGCTTGAA",4
"TGCAGGCCACCTGATA",5
"CTTACCGAGAGGTCAC",7
"CATTCTAAGAGTCGAC",3
"ATGGGTTAGCACCTGC",0
"TACTGCCCAAGACCGA",5
"CAGGGCTTCGAGAACG",3
"ATTCCATTCAAGCCGC",5
"AAAGTCCAGGGCATGT",3
"CAATTTCAGCGTCTGC",9
"TGATCTTTCGTGCATA",4
"ATTCCTAAGTCTGTAC",0
"GATAGAATCCAGCACG",10
"AGCGCCAGTCCTTGTC",5
"CACATGAAGCGTGAAC",5
"ACGTAACTCTGGCCAG",6
"TACCCACGTCGTATGT",11
"GTTCATTTCGAGAAAT",5
"AGGGAGTCATATGCGT",5
"GTTGTGAAGACTTCAC",6
"GCACGGTCACATCCCT",5
"CGATGGCCATAGAATG",11
"ATTATCCAGGGTTAAT",10
"GGAATGGAGGCCTGCT",4
"CCAATGAGTTGACTGT",0
"CTACATTAGCACGGAT",8
"GAACTGTCAGCGCGTT",10
"GAAATGATCACTGTTT",0
"GAGTTACGTAACACCT",10
"CGTCAAACAGGTTCGC",0
"ATCGTAGGTCGGTGAA",1
"AGAGAATGTTTAAGGA",7
"ATAGACCAGAGGGTCT",5
"GGAGGTAGTTCCTACC",3
"ACTTATCAGAAACTGT",10
"GAGTGAGGTTTCAGAC",6
"AAAGGGCGTGGTCTGC",9
"CGTTCTGAGTCCTGCG",7
"AGTAGCTAGATTGATG",1
"CGTGATATCCATATGG",7
"CATCCCACACAAGTGG",10
"TCCACCACATTCACAG",9
"GATCAGTCAGACGCTC",0
"GATGTTGTCGCCTAGG",4
"TGAGCGCTCCACGTAA",11
"CACTGTCAGATCGCTT",11
"TCGCACTAGCGACCCT",5
"TGCAGTATCAATGCAC",8
"TCTGTCGAGCGGTAGT",11
"TACATTCAGTGCACAG",11
"AAAGTCCCAGACAAGC",5
"TGAATCGGTCGAATTC",2
"CTAACCCCACGTTGGC",9
"TACACCCGTCTATGAC",2
"GTTACGAAGCACCGTC",5
"ATGGATCGTCCAGTTA",5
"TAAGCGTTCTCGCTTG",8
"GCACGGTTCGGAATGG",0
"CACGGGTTCATAGAGA",0
"CATACAGCAGGGACTA",3
"CATAAGCTCGTAGCTA",2
"TAGACTGGTTGTCAGT",3
"GGGTGAACATTGCCGG",7
"GTTGTGATCATGAAAG",5
"CAACCTCTCCGGTAAT",3
"TCATTCAGTACGTAGG",4
"TGTAGACCAGTGTGCC",2
"GTCACGGAGCTCACTA",5
"AGGTCTATCAACGCTA",10
"GATGAGGGTACCATAC",9
"CGGGCATTCGCTGTTC",4
"TCACACCTCAGTCCGG",6
"GGAACCCCAACGACTT",10
"AGGTCTACACTATCGA",4
"TCGTCCATCCATCAGA",5
"CTGATCCGTTGTCAGT",2
"GCCCAGAAGAGCAAGA",6
"TGTTGGACAAGGCGTA",0
"GTAATGCGTGGTAATA",9
"TAACTTCGTACCGTGC",0
"TGGATGTGTTAATGAG",10
"AATCGACCACAAGCTT",7
"GCCATTCCAGCCCACA",5
"TTACAGGTCTTCACGC",3
"GACTGATAGCCAAGGT",9
"TGGGCGTGTTATCCAG",0
"ACCATTTCATCGCTAA",11
"TTGCTGCAGTGAGGTC",3
"AGTAGCTGTCGTGGAA",2
"ATTCATCGTCCAATCA",10
"CAGTGCGCAAGCGATG",7
"ATGGTTGTCGGTGTAT",0
"TTGCATTGTCACTCTC",9
"CAGTTCCAGCGTCAAG",3
"ATCACGAAGCCTATTG",9
"TTGGGTACATCGTGCG",9
"GCCGTGATCGTTCCCA",3
"CTGAGGCCAAGATCCT",2
"ACTATTCGTGCCGAAA",8
"CCAATGACACTATCCC",2
"AACCTGATCAAGAGTA",2
"GGGCTACAGAAACTAC",6
"TCAAGACGTTGGCCTG",5
"GTGCGTGTCGAACTCA",4
"GCAGGCTTCTCCACTG",5
"GGGTCACCACACCTGG",7
"ACATCCCGTGTAACGG",5
"CTACCCAAGGGAGAAT",0
"AGTGCCGGTAGATTAG",10
"AGCCACGAGCGAACTG",9
"TGGTACAAGCGGATCA",3
"CATGAGTGTTCGGACC",10
"GAGTTTGTCACGGGAA",4
"TGTTCTACAGATCCAT",2
"GAGGCAAGTTCCGGTG",10
"ATTACCTGTTCTGACA",1
"CAACGGCAGTAAATGC",4
"ACGATGTGTACCGGAA",7
"CAGGTATGTGGATCAG",9
"AGTGACTTCCCTCAAC",0
"TTAATCCCATTGCAAC",3
"CTGCGAGCAGAAATTG",10
"ACAGCCGGTGCGGTAA",0
"AGGACTTCACGACGAA",2
"AAAGTGATCGGTTCAA",9
"TAGGTACCACAGTATC",11
"TCAGTGAGTCGGATTT",6
"TTGAACGCAGTCAGCC",0
"CATAAGCCAAGTTGGG",3
"TCTACATAGCGATGAC",6
"GGGAGATCAAGTGGTG",6
"TGTCCACAGCTTTCTT",10
"ACTTATCGTTTACCTT",1000
"CACTGTCAGGGCATGT",11
"ACTCCCAAGTCACAGG",3
"CCTTCAGAGCAGGGAG",9
"CTAGACAGTATCGAGG",9
"ACGATCAAGGGATCAC",4
"GTAGATCGTCAGACGA",9
"TCGGGTGCATCGATCA",5
"CATCCCAAGGTCTTTG",10
"GGTGGCTAGGCCTAAG",0
"GTCCACTTCAGAATAG",9
"GCTACAAGTCCTGAAT",0
"GTCAAACTCGCTAAAC",9
"AGGACGATCGTTGTTT",7
"GATTCTTTCGTGCGAC",8
"AACTTCTAGTGATAGT",5
"CTGCATCCAAACGGCA",8
"TGAGGGACACGCACCA",10
"AGGCTGCAGTAGACAT",4
"AGGAGGTGTTTAGTCG",2
"GGGACCTAGAGCCGTA",10
"GACAGCCTCATAGAGA",11
"TGGGCGTTCATCTGTT",7
"AGAGCAGTCGGTCACG",6
"ATTACTCTCGCCTTTG",11
"GACCTTCAGGTAAGTT",7
"CCTCTAGAGGAGACCT",3
"GCGTTTCCATACAGAA",2
"GTTCCGTTCTAAACGC",2
"TGGAGAGCATCTCCCA",0
"GTGAGGATCTGCTAGA",3
"TCTCAGCCACTCGATA",10
"TCTGCCAAGGAAAGGT",7
"CCCGAAGTCTATACTC",2
"ATCGCCTTCCTTCTGG",5
"GTCGAATTCAAGCCTA",7
"TGGTAGTAGACGGTTG",5
"GGAGCAAAGGCTGGAT",3
"GCGGAAACACCATATG",6
"CTTTCGGCACCCGTAG",2
"GGGTCTGGTGTTTGCA",5
"GTGTTAGAGTATCTGC",2
"AATCGTGCACAAATAG",2
"CCTAACCAGACTGGGT",8
"GAACACTTCTGGGAGA",10
"GGTTCTCCAGAACTCT",10
"AGTAACCAGGAGTATT",1
"CGTTAGAGTCAACGCC",10
"AGTGCCGCATGGTACT",10
"TAAGCACTCAGCTTGA",9
"CATTCATTCTCGTCAC",5
"TATCGCCAGGTTGGTG",2
"TGAGTCATCGGTTAGT",4
"CACCGTTCAGCCATTA",4
"AGTACCATCTCCATAT",3
"AGACCCGTCGACCAAT",10
"TTCCTAATCACCATAG",8
"GTCTACCCACAATCTG",3
"AAATGGATCAGACCGC",2
"CCTGTTGTCTTCGTGC",6
"CTGAGGCCAAGTACCT",8
"TAATCTCGTGAGTCAG",9
"TGTAAGCGTGTTTGCA",7
"CTTCCTTAGACAGCGT",3
"GTTCTATAGGGAGATA",6
"TACTTGTAGTGCTCGC",5
"CCATCACAGCTCTGTA",7
"CATCGGGGTTGAATCC",9
"AGGGAGTCAAGACGAC",2
"GCTTCACTCTTGTGCC",10
"TCAAGACAGCAGGCTA",9
"TAGATCGCAGATTTCG",10
"GGTAATCAGAGCTTTC",9
"GGCTTGGGTACCATAC",2
"AGTTCGAAGAACAGGA",7
"GTAGGTTCAGTCGCAC",5
"CATCGCTGTCGTCGGT",1
"TCCTCGACAAAGGCGT",3
"TGGGAGACACGAGGTA",3
"AAGCGAGGTACTCAAC",3
"GAGTTTGCAGCAGAAC",3
"AGATCGTTCGCTTAAG",11
"GTCCACTTCGTTGTAG",7
"TAACTTCCATTCACAG",7
"TGCATCCTCTGCATGA",4
"AATGACCCACCATAAC",9
"CCCGGAAGTCACAGAG",6
"TCGGGTGGTTGCATAC",5
"ACACAGTGTGGACTGA",8
"GTTGCTCTCCTAACAG",8
"CCACAAACATTGCTTT",4
"GGTGTTAAGGCTCAAG",10
"ATCGGCGCAAATGCTC",4
"TAGGGTTCACCGTGAC",0
"TGAGTCAAGATTGCGG",9
"CTGGTCTCACGCCACA",5
"CATAAGCTCACTAGCA",11
"GGTTAACAGAATAACC",10
"TTGAGTGTCGGTTCAA",5
"ACTATGGAGTGCGACA",4
"AGCCAATTCATGAGTC",1000
"GTCACTCAGCTCAGAG",11
"TGAGGTTGTGCAATAA",0
"TGGTACACAGGTACGA",3
"TCCACCATCATCCTAT",8
"AGATAGATCGGCTGAC",0
"TGGAGAGGTTGCCGCA",2
"TCATGAGTCCTAAACG",4
"AATGAAGGTTGAGTCT",8
"GCACTAATCTAAGCGT",8
"CTTACCGAGAAGCGCT",3
"TGTTCTAAGCTGGAGT",8
"TCGAACAAGCGGGTTA",0
"ATTCAGGCACCAGCGT",9
"TATTCCATCTCAACGA",9
"TGCGGCACATTACTCT",2
"ACCACAACATAGTCAC",6
"AAGAACAGTCTTGTCC",10
"GTGAGTTTCGGCATTA",10
"TTGACCCCAAGACTGG",7
"AGTACCAGTGGCGCTT",8
"GAGTGAGAGTCCTGCG",5
"AAGCGAGCAACCGATT",2
"GCCAGGTGTGTATACC",0
"TTCTCTCTCCAAGCAT",3
"GCACATACAACTCATG",3
"GGAATGGTCTTCTGGC",1
"CATTGAGGTTCGAGCC",3
"CATTCTACACTGCACG",2
"CCCTCTCGTCGACGCT",3
"CCCGAAGGTTCTCTAT",5
"CTACATTGTACAGTTC",7
"TGACCCTCACGCTTAA",0
"CGAGTGCGTGGACTAG",8
"AAGATAGAGAGCAAGA",10
"AAGATAGTCTAAGCGT",0
"ATTCTACCAACATACC",0
"AATGACCGTTGTTGTG",2
"GCATCTCAGCTTAAGA",10
"AGAAGTATCAGTCACA",3
"AGTACCAGTCCTGGGT",9
"CAACAGTTCTGCGGCA",7
"GTGGAGAGTAGCACGA",9
"TTTATGCCAACGGCTC",10
"ATCATTCCATTATGCG",7
"TACTTCATCACTGCTC",0
"GCCCGAATCCATTCAT",11
"TCGCACTTCATACGGT",7
"TCGTAGATCACAGAGG",5
"ACCGTTCAGCGGTAGT",7
"CCACACTCATGCTGCG",10
"ATTGGGTGTAGTCGGA",10
"CGGAGAAGTTTAGAGA",9
"ATCCACCAGCCGATTT",3
"CCACCATAGGGCGAAG",10
"TACGTCCTCAAAGGTA",0
"AATGAAGCACGACGCT",7
"TCATTACCACGGGTAA",7
"CTCAGAAAGGGTGAGG",7
"TGTCCACTCCAAGAGG",8
"CCTGTTGCATTCATCT",3
"TCTACCGTCTTACACT",3
"TTCCGGTCAACACTAC",5
"GTGTTCCAGTAGGAAG",0
"TTGTTCAAGCAGCCTC",4
"AGGAGGTGTCTAACGT",2
"TAGCACAGTAGCTTGT",10
"CACTAAGCAGAGTGAC",2
"ACCCTCATCGATTCCC",0
"AGCGATTGTCGACTGC",7
"ACGTCCTTCTTAATCC",10
"GAATCACGTGCAGATG",2
"AGTGATCTCGCTATTT",7
"TCAGTTTAGTTGGACG",11
"GTCTAGACACTAGAGG",1
"TACTGCCCAGAGTTGG",2
"TTCATGTCATGACGTT",6
"GGTGTTACAGAAGCTG",7
"TTCCACGCAGCTACAT",3
"CTGTCGTCAGACCTGC",1
"ACTATTCTCGCTGTCT",11
"GGTGAAGCACACGTGC",11
"GCAGCTGCATGAATCC",5
"AACTTCTGTTACGCCG",7
"GACCCTTGTGGACAGT",7
"GTTAGTGGTTGAATCC",0
"GGAAGTGAGCTGTTAC",6
"ATCCACCAGCTGTTCA",10
"GGGAAGTAGGACGCAT",7
"CGTTAGAAGGCCTAAG",4
"AAAGGTAGTATTGCCA",7
"GTTATGGCAGAATGTA",7
"TCAAGCAAGTGAGGTC",9
"ATCACAGAGGCAGGTT",3
"TTCTTGAGTGCCTAAT",3
"CCGATGGTCGCCTTGT",2
"AAGCGAGCAATCTAGC",5
"CCATAAGGTACGGGAT",10
"GTTTACTCAATACCCA",3
"AACCACAAGTCGGCCT",4
"TCCCACACACAGCTGC",6
"TTACGTTAGCCTATTG",9
"GAGTCATGTGCGGATA",2
"TAGACTGTCAGCTTGA",9
"TTTCCTCTCACCCTGT",7
"ATTCCCGTCTGCGATA",10
"TGTTCTAGTTGCTCAA",6
"ATGTCTTAGACGGTTG",5
"CATTGTTGTTGCCAAT",1
"CTGAATGCAGGGAATC",0
"TCACGGGAGCGCTGAA",6
"TGAGGAGGTCATAGTC",0
"CGATGGCTCATGCATG",2
"AATGGAAAGAGCCGAT",3
"GGAATGGAGCGCCTAC",0
"TGATTTCCAAGTTGGG",4
"CCTACGTCAGGTGACA",4
"TTAGTCTAGCCAGAGT",9
"GTGTCCTAGGGCATGT",11
"AGGTTACCAGGATGAC",7
"GACAGCCGTCCGGTCA",10
"TCTGGCTTCTGTCGCT",2
"CTCACTGGTGTCATCA",0
"CGTTAGAAGCCGATAG",4
"GCATTAGTCCTCGATC",3
"GTGGAAGCAAGCACAG",4
"CACGAATGTGTGACCC",7
"AGGTTGTAGATGGCGT",10
"TTGAGTGTCGCTTGAA",4
"CCTAAGAGTGAGCTCC",10
"AGAGCAGGTGTGTGGA",5
"AGCCAGCGTCTGTCAA",0
"CTATCCGCACCAATTG",8
"TCAGGGCAGAGGTCAC",7
"TACTTGTAGAGTCAGC",0
"TAGACTGTCGGCCCAA",2
"CATCGCTAGCGTTGTT",10
"ACGTAACTCTATTGTC",10
"TCAAGTGCAGGACTTT",4
"TTCATTGTCTAAGCCA",2
"CTAAGTGTCCGCTTAC",4
"ATTCTTGGTAGCGCTC",8
"TGTTCCGGTCATTCCC",0
"AGTTCCCGTTCTCCCA",3
"AAATGGAAGGGTGGGA",4
"TCCTCGAAGCGCCGTT",9
"CGGAGAAGTTCTCGTC",2
"CTAGACATCATGGGAG",1
"TGCAGATTCTAACGCA",4
"ATCACTTGTTGCATCA",0
"TTGAACGTCGAACTCA",8
"GTTGTGACAGGAATCG",2
"CCTACGTAGGGCAAGG",0
"GTCGTAAGTGTCGCTG",0
"CTCATTAGTGGAGAAA",7
"CACCGTTTCCCTCAAC",8
"TAAGCACTCCGGTAGC",10
"ACATTTCGTGCGACAA",6
"AGAAGCGAGAGCTGCA",5
"CTTGATTAGATTGGGC",4
"GGGTTTATCGCATGAT",4
"TTTCAGTGTTCATCGA",9
"GCCGATGGTGTTTGCA",5
"GGAGGATGTGAGTAAT",10
"ATTTCACCAGCTTTCC",7
"CGATCGGCATGCACTA",6
"CGAGAAGGTTGTGGAG",0
"ATGAGGGAGTGGAAAG",11
"GCATCGGTCTCATTTG",10
"CTACCTGTCCAGTTCC",11
"AACAGGGCAGATGCGA",10
"AATGGCTAGACTTAAG",10
"TCGCACTCAGCAGATG",3
"AGCGCCATCGTAGCCG",5
"ACACCAACACGCGTGT",11
"CATTCCGAGACGCCAA",0
"GACCCAGAGTGATTCC",6
"AGTCATGCAATTGCTG",6
"GTGATGTGTAGAAACT",1
"TTGCTGCAGGCTAAAT",7
"TCATGTTGTACTCAAC",8
"CACTGGGAGACCATAA",3
"ATGGGAGCATGTGCCG",0
"TGATGGTTCGAAGCAG",1000
"GTAAGTCAGGAAGTCC",5
"GAGAAATGTCTGTCCT",8
"CGTGAATGTCCACACG",0
"ATTATCCGTGAGATAT",3
"AACAGGGAGTCATACC",2
"CACATGATCCATTTGT",5
"TCTGGCTTCCTAAACG",0
"CTGTCGTTCAGCCCAG",3
"GTGCAGCAGCACCAGA",3
"TTACGTTCATAATGCC",11
"TGGAACTTCTTGCAGA",8
"CGTTAGAAGCAACCAG",6
"AGGAATAAGGTGCAGT",4
"CTCCGATAGCCGTTAT",0
"TACATTCAGTCTTGGT",10
"ACGATCAAGTTCTACG",5
"ACGGTCGCAAAGTATG",0
"CAGATTGTCACCTGTC",11
"CGGGTGTGTAGACACG",2
"TTGCTGCTCGTGCTCT",0
"CACACAACAATCCTAG",10
"CACTGAAGTAACCCGC",3
"TGTAACGTCGGAATTC",3
"TCATGAGAGCCTTTCC",7
"CCTCCTCAGGTAGCAC",10
"GATGATCGTAATACCC",0
"TCTGCCAGTCGCACAC",4
"AACGGGACAAATAAGC",0
"CCTTGTGTCTGGGATT",0
"GTGCTTCGTTCTCTAT",2
"TCATGGAGTTTGGGTT",0
"ATGCCTCTCTGCTTTA",0
"GGGTGTCTCTTCGGTC",7
"ACAGGGACAGAGGCAT",6
"TTGGGCGAGTGGTGAC",7
"AACAACCGTTTCGTGA",7
"AAATGGAAGATCGACG",7
"TGCATCCAGGCACGAT",6
"TGGAGGAGTCACCCTT",0
"CATTCCGGTACTAAGA",9
"CTCAGGGTCTTCGACC",0
"TCGTGCTAGCAGTAAT",7
"TATCTGTTCAACACCA",10
"TGATGGTTCACGACTA",4
"AGATAGAAGTTACTCG",5
"CCTTTGGGTTAAACAG",4
"ATCTTCATCTTCACGC",11
"ACCAAACGTGCACAAG",7
"CGGGTCATCTTTGATC",9
"TTTACCATCGAGGCAA",5
"GTCTTTAAGGGCAGAG",11
"TCTTCCTCAAGGTTGG",5
"GTAATGCCATAATGAG",0
"CTTCCGACACCGTCGA",0
"GATGGAGAGATGTAGT",9
"CACCAAAGTTCTGACA",7
"CGATCGGGTTGGAGGT",3
"ACCCTTGCATGGGTCC",1
"CTATCTAGTCAAAGCG",9
"ATAGAGACAGCAGACA",3
"TCCCATGCACTGTTCC",9
"TTGTGGAGTATCCCTC",6
"TCTCAGCTCATTCCTA",1
"CCGATCTCATGGCCCA",3
"CGAGAAGTCGTTCTAT",11
"CTACATTCATCAGTCA",1
"AGGTAGGGTTTAGAGA",6
"GCGTGCAGTCATCTAG",4
"ATCACGAAGCCTAACT",2
"TGTTCTAAGTGCCGAA",7
"CATACTTAGTCACGCC",8
"ACCGTTCTCAGGTAAA",8
"GTACAGTAGCCATGCC",8
"GCCGATGAGTAGTGCG",5
"TCACAAGAGATTTGCC",8
"CGAGGAAGTTTCGTAG",9
"TCTGCCAGTCACAATC",4
"TTCATTGCACATACTG",0
"ATCTCTACAGTCGAGA",10
"CATGAGTCACGCCAGT",7
"CCGGTAGGTGGTACAG",0
"TGCGGCATCGGAAGGT",0
"ATGGGAGTCACCGCTT",7
"TCACTATCAGTAGTGG",8
"TGTTCTAAGCTCAGAG",0
"TGAGTCATCAGATTGC",5
"TACACCCCAGTCGGTC",3
"GAACTGTCAGCGACCT",4
"CTTCCGATCGACCACG",2
"TATACCTCATCGGAAG",9
"TCAGCCTGTCCTTAAG",3
"CCCGGAAGTGCCCAGT",9
"AGGGTGACACCAACAT",11
"CTCCATGGTATGAGAT",2
"AAGCATCAGACCACGA",4
"GGAGGTATCGTAGTGT",0
"CCCAACTGTGAGTCAG",7
"CTCAACCTCGCTGTTC",0
"ATACCTTAGGCTGTAG",10
"TCCTCTTCAATCCTTT",4
"AGCTTCCTCCCAGGCA",4
"CATGCAAAGGTTACAA",0
"CTGCAGGGTCCTGGTG",1
"TCCTCCCGTCGTATGT",2
"TGGGAGACAAATCGGG",3
"CACTGTCTCATCGTAG",9
"GACGCTGTCTGCTAGA",4
"TCGCACTTCACCATGA",4
"ATTCTTGGTAGTGGCA",0
"TACGGTAGTTCCCAAA",11
"TTACGCCGTTGAATCC",8
"GGGCTACAGAAGAACG",6
"ATTCATCAGCGGTAAC",8
"TCTGCCAGTAGTACGG",2
"TCACACCAGCATCCCG",0
"CTCAAGATCCACAGCG",8
"ACTTAGGTCTGGGCAC",10
"CGTTCTGCAACGTATC",0
"TATCAGGAGGAGATAG",3
"GGAGGTACAAGAGAGA",4
"GTCAAGTTCAATCTTC",7
"ATTCATCGTAGCTTAC",10
"AATCGACTCATTACGG",10
"CCCTCTCCAGCAGGAT",0
"TGATGCATCATCTCTA",7
"GCCAGCATCGTCCATC",3
"CCGCAAGTCTACTCAT",9
"GCCTGTTCACCCTCTA",7
"ACCATTTTCTAGTTCT",7
"GTAATGCGTTCGCGTG",9
"TTACAGGCAGTAACGG",3
"TTGCGTCGTGATACCT",9
"TGTACAGGTCTACTGA",5
"GGGTATTCAGCTATAC",9
"CACAGATTCCGGACTG",4
"GTCTACCGTTCTTGCC",0
"CAAAGAAGTCAAATCC",3
"CTCATGCGTTACGTAC",2
"TCAAGTGCAGTCAACT",0
"TGAACGTAGACCATTC",0
"CCGGTAGCATTGCTTT",3
"CTTCCGACAGCAGTGA",10
"CCTAAGAGTTCCAGGC",9
"GATGAGGTCGATACTG",7
"AGATGAACAAAGGTTA",7
"TCGCTCAGTCCATACA",7
"ATGAAAGCATCACAGT",0
"TAAGCACCACGCCACA",2
"TGCCGAGAGGAGAATG",3
"GAATCACCATCCTTCG",3
"GAAACCTGTGCCTATA",9
"AAAGAACAGCAGATAT",10
"TCCTCCCGTGACCGTC",9
"CTTCAATGTTAGAGTA",10
"GGAGGTAGTAGAGACC",9
"CATTGTTTCTTCCGTG",0
"TCATACTGTCCTCAGG",11
"TAGGGTTCAGCTACTA",8
"CAATCGAAGTGCAAAT",10
"TTCCGGTAGAGGTCAC",7
"CCCGGAATCTCAGGCG",0
"CTCCAACCAGCGAACA",7
"TCCCACACACGTCGGT",7
"GTTGCTCTCGGTTCAA",5
"AATGACCTCTACACAG",4
"CTACATTTCGGTCTAA",5
"ATCCACCCAGTTAGGG",9
"CTCCACAGTAGAAACT",7
"CCCGGAAGTTGCGTAT",2
"TGGCGTGCATCTTAGG",10
"CTCTCGAGTGGACCAA",0
"ATACTTCTCTACAGGT",4
"GCCAGCACAAGTGCTT",5
"GACCTTCCATCCGTTC",6
"ATTCATCGTCACTACA",9
"CTACCTGTCCACACAA",5
"ATTGGGTAGAGCCGTA",10
"ACTGTCCGTTCAGCGC",9
"TCATCATCATCCTTCG",0
"TCGCACTTCTACGCGG",8
"AGGTTACTCGTTGTAG",8
"TTCTAACCATGGCGCT",4
"ATTACTCGTCTACGAT",5
"GGGTTTATCAAGGAGC",3
"GGGAAGTAGGAATCGC",6
"TGCAGTATCACCTTAT",2
"ACTGATGGTCTTCCGT",1
"GCAGCCACAAGTGGGT",0
"GGGCGTTAGGCGTTGA",5
"GACGTTAGTGTATACC",2
"CTCTCGAGTGAGAGGG",5
"CATGGATAGATGCCGA",5
"GGGACCTGTTAACCTG",0
"GATGCTAGTGGGAGAG",0
"TCAAGTGGTGTTTCTT",11
"AGTTCGAAGTAGTCAA",6
"TTTACCATCCAGTACA",10
"AAAGGTAGTTCAAAGA",3
"AGCGTCGTCGTAGCTA",4
"AACGGGAAGCATCCTA",3
"GGGTATTGTACTCAAC",2
"CGTGTCTCAACGTTAC",9
"AGGCCACGTATCGTGT",4
"TAGTGCAAGTCTAGCT",0
"ATGCATGCATACCGTA",7
"CTGTACCCAGATCCAT",7
"ATTATCCGTGTGTCGC",7
"TGGGTTATCACTCGAA",5
"TATGTTCGTCCTCCTA",10
"GCCAGGTTCACAACCA",4
"CAATACGGTGGATCGA",9
"TGTTCTAAGCAACCAG",6
"ACTCCCAAGACCATAA",7
"GCGAGAAAGACCATGG",3
"CAATACGGTTCACCGG",4
"GGGCTCAAGCGAACTG",9
"CCTCAGTGTAGGCAGT",7
"TTACGCCCATACATCG",9
"TTTCATGAGAACTTCC",8
"GATAGAATCTTCTTCC",6
"GAGACCCCATCGATCA",8
"ACCCAAAGTTCCACAA",5
"CTCATCGCATCTGTTT",2
"TCATGGAAGTGATGGC",5
"ATAGACCTCGTGGACC",1
"CTGTGAACATCGAAGG",9
"CAGAGCCCATTACGGT",2
"CTCATTACACTAGAGG",7
"TAAGCGTCACAAATCC",2
"TTTCACACAGTCTTCC",2
"ATTTCTGTCCCTTCCC",0
"GAGTTGTGTCCTCATC",4
"TCGAAGTTCGCATAGT",0
"CTCAATTTCAGTCAGT",5
"GGGCTCAGTAGAATAC",8
"CTCCCAACAGGACAGT",7
"CTCAACCTCACTTCTA",5
"AAAGGATCACGTACAT",10
"ACTACGACATTCTCCG",2
"AGAACCTTCGATGCAT",3
"GGAACCCGTGTGATGG",4
"ACGCACGGTGAGTCAG",7
"GTCACTCGTGTATTCG",3
"CCGAACGAGGTCGTAG",10
"CCGGTAGTCGTCGGGT",0
"GCTTCACGTCTTTATC",5
"GCTACAAGTGACCTGC",3
"TTGCCTGGTTCTTCAT",8
"TTTCAGTAGTGCTCAT",8
"TGAGTCACACAGAGCA",2
"TCGATTTGTGAGATCG",7
"TGGTACAGTCGCTCGA",7
"AAGCCATCAACCCTAA",0
"AAATGGACAAACGGCA",3
"GATTCGATCCAGCAAT",5
"CGATCGGAGCGGATCA",10
"TCTCCGAGTCTTCGAA",7
"TATACCTTCCTTCGAC",9
"ATTACTCAGGCATCGA",11
"CTACATTAGGGCTAAC",4
"GCGTTTCCACACCGAC",2
"ACATCCCTCTCGGTCT",1
"TCTTCCTCATATAGCC",5
"ACCGTTCCATGAAGGC",0
"GTTTGGACACGTAGAG",9
"ATGCATGCATATTCGG",3
"CTGTGGGCACCCTCTA",9
"TCGTGGGTCTTGGATG",3
"GTGATGTAGTGGACTG",0
"AGCCAATCATATCTCT",3
"TCATTTGGTTCAGCGC",5
"ATTATCCGTGTTATCG",1
"TGAGGGATCTTGGCTC",4
"CGAAGGAGTGCCTTCT",11
"TGGGTTACAACGCATT",2
"CGTGTCTGTAGGGTAC",5
"GGGTTATGTTCAAGGG",8
"CAATCGACAAGTCCAT",9
"ACACAGTAGGATCATA",0
"AGGACGACAAAGACTA",0
"TCACATTGTAGAATAC",7
"CTATAGGCAATGTCAC",10
"GTTAGACTCGCACGGT",5
"TTGTTTGCATTGTACG",10
"ACGATCAGTATAGCTC",0
"GACCCTTTCACGGGCT",7
"AACGGGATCATTTCGT",9
"TCCTAATAGGAAACGA",11
"GACATCAAGTAAACAC",9
"CATTCATTCTTGATTC",6
"ATATCCTTCATAAGGA",2
"ACGATCATCACTTGGA",3
"AGGCCACTCTGCTCTG",8
"CATTCATTCACCTCAC",9
"ACGGTTAAGTCGGCCT",5
"CGTAGTAAGCAAGCCA",10
"GGGCGTTAGCGTTGTT",9
"GTGCTGGGTTGCTGAT",3
"TATATCCGTGATAGTA",7
"GATAGCTAGCTATCCA",2
"CGAGAAGTCGACCAAT",10
"AACCCAAGTGCAACGA",5
"CATAGACAGACCAGCA",8
"CTTGAGAAGTTTGTCG",6
"CAGATTGCACCTATCC",9
"TTGCCTGCAGTGACCC",2
"CTCATGCGTTCTCCCA",3
"GCCCAGACAAGGTCAG",10
"CAGATACGTATTTCCT",2
"ATGAAAGCAGCTGTTA",3
"GGCTGTGTCTGGCCAG",6
"AGCTTCCCACGCTTAA",10
"AACCCAAAGCATGATA",8
"CTTTCAATCGATGCAT",9
"GACTTCCCATAACCCA",0
"TCAATTCCAATCGCCG",5
"ACAAAGACATTGAAAG",7
"GATGTTGGTATGGTAA",5
"AGGGTTTAGCGATGAC",8
"AATTCCTCATCGAAGG",6
"AAATGGAAGGTGAGAA",8
"AATGAAGGTATACGGG",5
"ATCCATTTCTTCTGGC",10
"AGGCTGCGTGTTTACG",3
"CTACCCATCAATCCAG",8
"TGGATGTAGCTCCATA",2
"TGTTCTATCAGAGTTC",2
"GCACTAACACGTAACT",7
"TATACCTCACCAACAT",0
"TCGCTCAGTCTACGAT",8
"TAACTTCGTGCCCACA",2
"GGTCTGGTCAGCGTCG",2
"TTACAGGAGCTCAGAG",9
"ACTTATCGTTGGCCTG",7
"TAGGTACGTGACTAAA",7
"TTCTAACAGTGCGCTC",11
"GCATCGGGTTAGAAAC",0
"AGTCATGCACCAACAT",10
"ACGTTCCGTGTGTGTT",7
"GACGTTACAGTCGAGA",9
"GTCACTCAGTGCCGAA",7
"TGGATGTGTACAAGCG",3
"CTGCGAGCACCGTGCA",9
"GCTGCAGGTAAGGCCA",8
"ACCCTTGGTGTACATC",11
"CTTGAGACAATAACGA",0
"AACGTCACAGAACTTC",10
"CTCTGGTTCACTAGCA",5
"AACAAAGAGTTGTCAC",4
"AGCCACGAGGGCATGT",11
"ATTCATCAGGTGCGAT",4
"CTCCCTCTCTCATAGG",9
"TCCCACACAAAGCTCT",5
"AGTGTTGCATACTGAC",5
"AGAGAATTCTATTGTC",2
"GTTGAACGTTAAGCAA",6
"TTGGGTATCGTTCCCA",7
"AGACACTGTTAGGCTT",9
"CAATGACTCATGCAGT",10
"AGTAGCTCAGTAGGAC",0
"ATTACTCTCGCCTAGG",9
"GAGGCCTAGGTTGGAC",10
"TTGCTGCAGGGCGAAG",10
"CATCCGTAGCGAATGC",5
"GGGACTCTCGGCTCTT",9
"ACATGCATCAGAGTGG",2
"AACCTGAGTCACTACA",8
"GAGCTGCCAGCTTCCT",0
"TGTAAGCCAACCAGAG",0
"GCTCAAATCACTCGAA",1
"CGGGTGTGTCCTCAGG",5
"GTGAGTTTCTGGCCTT",9
"CTCACTGGTCGTGGAA",0
"ATGGAGGGTACCTTCC",9
"TTACAGGTCTTCCACG",1
"CATGAGTGTTGACTAC",9
"CCACCATCACAGTGTT",7
"TGGTGATGTTCTGACA",9
"AGTGCCGCATCTCGTC",5
"TATCGCCCACAGCTTA",4
"CCGGTGAAGGGTTAGC",8
"CATTCATAGATGGCGT",8
"AGCCACGCATCGTCCT",11
"TATTTCGCACGACGCT",9
"TCAATTCTCTGAATCG",9
"CTTACCGGTGGAAATT",10
"TGATCTTGTTCGATTG",10
"AACCTGAGTTTCAGAC",6
"CTGAGCGAGATCACCT",4
"CCGATCTAGGGACCAT",2
"TGTAGACAGGATCACG",3
"CGGGTCATCCATAGAC",5
"AGACACTTCCGAGTGC",9
"ATGCCTCGTCTAGTGT",4
"GCAGGCTGTGAGAACC",3
"GTATTTCCACGGCCAT",8
"ACCTGAAGTCCCACGA",2
"TATATCCCAGGCGAAT",5
"CGTAGTAAGCCTCTCT",3
"AACAGGGTCAAGAATG",5
"CGAGTTAGTATCTCTT",2
"AGGTTACCATGGCACC",8
"TTCTTCCAGAATACAC",7
"TCATTTGCACGATTCA",0
"GGGCGTTAGACGGTTG",5
"CACTGGGTCCTCTTTC",4
"ACAGAAAAGGATACGC",3
"TTCCAATTCGAGATGG",4
"ACTATCTCAACTGATC",4
"GTGCTTCGTTAGGACG",7
"TTCCGGTAGAAGCGCT",3
"CATTCTATCCTAACAG",8
"GATTCGATCACCTCGT",7
"CGTAGTAAGACGACGT",6
"CCCGAAGTCGTTCTAT",11
"TGACAGTAGTAACCGG",3
"TTCCGGTAGCCATGCC",8
"TGCATGACAGATACCT",2
"ACAAAGAGTTAGTCGT",10
"AGCCACGTCAGCGCGT",10
"AGTTCGAGTAGACAAT",5
"AGGGCCTTCATCTGTT",1
"CGTGAATGTTGAGGAC",5
"TGTCAGAGTATCCTTT",7
"TCCACGTCATGATGCT",4
"GGCACGTCACTCCACT",7
"AAAGTGAAGACGACGT",4
"TCGCTCAAGTGTGTTC",7
"AACCCAAGTTCCTAAG",2
"CCCGAAGTCCCAAGCG",10
"ATCACGAAGCGTCTCG",5
"GATTGGTGTTTACCTT",2
"ACCGTTCAGGTAAGTT",10
"GTCACTCGTTGGATCT",7
"TCCGGGAGTCACTTCC",4
"AGCCACGGTTGGACTT",2
"GGGTGTCCAGCACCCA",7
"CATTCTAGTCGCATTA",5
"CTGCCTAAGGGCGAAG",10
"ACAACCAAGGGCGAAG",10
"GATCAGTTCGGCTTCT",11
"TTAGTCTTCTCCTGAC",0
"ATCATTCTCGAGTGGA",10
"GTTGTGACAGGTGTGA",3
"CAGCAATAGAAGCGCT",3
"AATCACGAGCATCGAG",4
"GGTTCTCGTCGCGTCA",7
"ACCGTTCAGTGAGGTC",3
"ACCTGAAAGCCGATAG",4
"CATGCAACAGCTTCGG",9
"CACAGATCAGGAATCG",3
"TGGCGTGAGACGACGT",4
"CCTTGTGTCGTCGACG",3
"TCAGGGCAGTAACCGG",8
"CCACCATAGAGAGCGG",6
"AGGAATAAGCAATAGT",7
"AGGCTGCAGTACGTCT",11
"CTAGACATCGTCGACG",3
"TTCTAACAGCAGCACA",7
"CCACCATAGCGGTAGT",4
"TCACACCAGGCCTGCT",3
"TCTGGCTTCTTCTGGC",5
"TTCTTCCTCTTTCTTC",0
"TCTTCCTTCTTCTTCC",0
"TCAGTCCTCTTCGGTC",0
"CTCCTCCTCTCTCCTC",0
"GGA",0
