cell_barcode,assignment
TATCTGTGTAGGTGCA,8
AATAGAGCACATAACC,3
TGCGGCACAAACCATC,3
TACAGGTTCCCAGTGG,5
CTCTGGTAGGTACAAT,8
AATTCCTGTCTCCTGT,3
CGTTGGGTCACTGTTT,4
AGATAGACATCGATGT,7
AGTCAACGTAGTTAGA,5
AACACACGTATCGCGC,2
TCACACCGTACAAGTA,6
CTCAGAAGTGGATGAC,8
TTAGGGTAGTCAAGCG,4
CTACATTAGCACAAAT,3
ATGATCGGTAGTGATA,4
AGGGTGACATGTGTCA,8
AGACTCATCGAAGCAG,5
TATTTCGCAGGAAGTC,2
ATGACCACATAACAGA,1000
CTTACCGCAGTGGGTA,1000
GGGCTACGTCGGAAAC,6
GTCGAATGTTTCGTTT,3
CCACTTGCAAAGCTAA,1
GTGTTAGAGGTGTGAC,3
CCTCACACACTTCTCG,8
TGCAGGCGTCCACATA,5
CTGTATTCACTGTCGG,1000
GAGTTGTAGGGATCAC,4
TAGGTACCAACTCGTA,2
GTGTGGCAGGGAGGCA,2
AACAAAGCACGCAAAG,1000
CTGAGCGAGGTAGCCA,5
GAACTGTTCAGATGCT,3
AGTAACCAGTTACGGG,5
CAGATCAGTAACAAGT,5
GTAACCACAGGTATGG,1000
CATTCCGCATGAAAGT,1000
TCCTTTCTCGCCGATG,4
AGGTTACAGTTTCGGT,4
CCCTCAAAGAGGCGTT,2
GACTATGTCGGTCTGG,8
TGATGGTAGTGATTCC,5
ATAGACCGTATCGCTA,5
CGAATTGAGAGCGACT,4
CAGCGTGAGTGTAGTA,8
ACATCCCAGCCGGAAT,6
GACTATGCAGAATCGG,1
TAAGCGTAGCATGGGT,1000
GTTAGACAGACCCGCT,8
GAAATGACAGAGCCCT,2
TTCGCTGGTGTCTTCC,7
GACCAATAGACATAAC,1000
TTCATGTAGTGAACAT,3
TATTCCACAGCTATAC,8
TAATCTCTCGATCCAA,4
GACTCTCGTATAGGGC,5
CGTGTCTCACCAGCTG,4
GTCATCCCATTGCTTT,5
TATATCCAGAATTCAG,7
GTGACGCGTGTAGCAG,4
ATGTCTTTCAAAGGAT,1
AACGTCATCTGAGAGG,8
TCATACTGTGACTGAG,8
AGAAATGTCGGTCGGT,3
CTCAGGGCAACATACC,5
CGCAGGTGTCGAATTC,4
TCGGGTGGTGATTCAC,2
CTAGACACAGCGAGTA,6
TGATTTCTCGCCGTGA,6
CCGCAAGTCTCCAATT,3
TCGAAGTAGTGATTCC,1000
AGCCAATAGGGTCACA,2
ATGGGAGTCCTGCTAC,8
CGACAGCAGATGTTAG,3
ATCGTGAAGGTACAAT,1
CTGTAGAGTGAGTTGG,1
TGACAGTGTATCGCGC,1000
TGGCGTGCAGGCATTT,2
AGGTAGGGTCTTCCGT,8
TAAGCACTCCAGTGTA,3
CAGGTATGTATCACGT,8
AATGAAGGTTACCCAA,3
CGAGGAATCTCATGGA,3
CGCATGGCAGTAACCT,8
TCATCCGTCGTGGGTC,6
GCGTGCACATGGAGAC,1
GGATGTTGTTGGCCTG,8
AGGGCCTGTCTTGAAC,1000
TATCAGGTCAAACGAA,1000
CGTCAAAAGCTAGTTC,8
AACTTCTTCCCGAGAC,3
GGGCCATTCTTCTAAC,1000
AGATCCACAAACACCT,6
GACTCTCAGACTGGGT,5
CATGGATAGCTGTTCA,1
ACACGCGCACATGTTG,1
ATCGATGTCTGGGCGT,3
GTCATTTGTACAACGG,1
TGAATCGTCCAGTGCG,5
GAGACTTGTAGTCTGT,5
TCCACGTCATTGTACG,5
CAATCGAGTGGATTTC,1
CGTGAATTCGAGCCTG,1000
TCTGTCGTCACCATAG,1000
CAGCACGAGATAGCAT,1000
AAGAACAGTAAGGCCA,1000
ATCGGATAGTGAGGCT,4
CTCATCGGTTCGGGTC,5
CTGTATTAGGATACAT,3
CGATGCGAGGACTGGT,8
ACGATGTCAAGCAGGT,6
ATCACAGGTGTCACAT,5
ATTACCTCATTGCCTC,5
GCGAGAAGTGAATATG,3
TGTAGACGTGATTCAC,5
TCGACGGTCCGTAATG,4
ATACCTTTCAATCTCT,1
TTGTTGTCATACAGCT,2
AAGACAAGTCATTGCA,8
ATCGATGGTGATGAAT,7
ACAGGGATCCCTCTCC,2
TACCGGGTCTCATGCC,1
CACAGGCTCCTTCACG,6
CCTCTAGTCCAACTAG,3
CCTTTGGAGGCTTAGG,2
AGTCATGCAACAGTGG,3
ACGCACGCAAGCACCC,5
GCCAGCAGTGTATTCG,5
ACGGAAGCACCGTGCA,1
CCGTGAGTCGACACCG,2
CTTCTCTTCATTTGCT,2
TATCGCCAGCTGAGTG,5
CTCAAGAAGGATCATA,2
CCGGGTAAGTTGCCCG,8
GAAGAATTCAACTTTC,3
TGCGACGCACCAAATC,3
TTACGCCGTATCAGCT,2
CTTTCAAAGCTGTGCC,7
ACATTTCTCGTGCGAC,3
CGTCAAATCGGTAGGA,3
TTTGGTTGTTTCGTTT,3
CGTAATGCAACTACGT,5
TTCACCGGTGTCCACG,8
GGAATGGGTTAAGGAT,5
TTGTTGTCACATGACT,5
CTGCCTAGTTGCGGAA,7
TGTTCCGTCATCTGTT,5
GCTTCACGTGTAGTGG,3
GGTCACGCAAGCAGGT,5
CTTTCAAAGGTATCTC,3
CAATGACAGAGTCACG,5
CGTTAGACAGGTCCGT,8
GATTTCTTCGCGGTAC,2
GCATCTCGTTCCGTTC,4
ATATCCTAGCGTCGAA,2
CATTCTATCCAAAGGG,1
CTCTCGAGTTATGGTC,5
TGTGGCGAGACTCTTG,2
CCCAACTTCGCGGACT,2
CCGATCTTCGACACCG,3
CGATGCGTCGTAGTCA,7
GCAGCCAAGTCCGCCA,5
TCATGAGAGATGCTTC,2
ACTATGGAGTAGCAAT,6
TACCGGGGTAGTCCTA,1
GAGAGGTCAACACTAC,7
ACGGTCGGTAGGAGGG,5
CCTCCAATCTTGGGCG,1000
TTGTTCAAGAATCGCG,1
AATGACCCACGGTGTC,1
ACAGCCGCACATATCG,2
TCCTCCCAGAGCCGAT,4
GCACGTGAGTAGATCA,1000
TCGAACACAATTGCGT,2
GAGAAATAGGGACACT,6
GAGCCTGTCTTTCCGG,6
TGAATCGAGCAATTAG,4
AGGAATAAGATTAGAC,6
ATTCAGGTCCCAACTC,8
CATTCTATCACTAGCA,2
GGAAGTGTCCATTGGA,5
CCGCAAGGTATGAAGT,2
TCACACCTCGTAACAC,5
TATTGGGAGGACGGAG,2
TCTTAGTCACCTCTGT,1
GATAGCTCACGTAACT,7
TTGAGTGGTGTCATTG,1
TGATTTCGTTAAACAG,1
CCTCTCCAGTAGTCTC,2
TGCTGAATCGATACAC,4
GTCACGGAGCCAAGTG,1000
TCGTCCAGTTGGACTT,5
TTCCGGTTCCCTGGTT,5
GAGTGAGCATCTGCGG,6
CTCCCTCAGGGAGAAT,7
GTTTACTAGTAGGATT,1
TCAGGTATCCGGTAAT,6
ACCCTTGAGTTGAATG,2
GACTATGAGCTGTGCC,5
CTGGACGTCTGACAGT,1000
AGACTCACAATCGTCA,3
TGAGGTTAGTAGGATT,6
CTTCAATAGGAACGCT,3
CCTCACAGTTGAATCC,8
TAGGAGGTCTAGTACG,1000
GTGCAGCAGAATAACC,5
GAGACCCTCTACTGCC,1000
AACAAGACATCGTGCG,1000
CTCACTGGTATCACGT,1000
ACTTATCGTCATCGCG,1000
GCTGGGTTCGCCTTTG,3
GTTGTAGTCTGAGAAA,1000
AATTTCCTCACGACTA,6
GCATCGGCAGTTTCAG,8
GAGACTTCAACGAGGT,8
GCTACCTCATGGGTTT,3
TTCCTTCGTTCTTGTT,3
AAGACTCAGACTGTTC,1000
ACATCGATCGTTCGCT,6
ATGAGGGAGGGTGGGA,2
CAGAGCCCACGTATAC,3
TCAGTTTAGTCACGCC,8
TTCGCTGAGGCTGTAG,5
ACTTATCTCATTGGTG,1
TACGGGCCACTACCCT,7
AACAAAGCATTGAGCT,7
CAGCAATGTTGCTCCT,1000
AACCTTTAGTTCTCTT,5
GGTAATCGTTTAGAGA,5
AGCCAGCCAGGAGACT,3
ACTTAGGCAGAACTAA,7
ACTTCGCTCTGTAAGC,8
TCCTCTTTCTTGATTC,3
CCTCACAAGCCTGTCG,6
TGTCAGAGTGACGTCC,2
CCATCACCATAGAAAC,4
TGCGGCAGTCCAGCCA,1000
GAATAGAGTGTCCTAA,2
TTCCTTCAGGATCATA,3
CTACATTTCCGTATAG,1000
GCCTGTTCAGAGTTGG,7
GAGTGTTCATGGTGGA,5
TCGTCCAAGGATACCG,2
CTCCTCCCACGCGTGT,1000
GGGAGTACAGTCGAGA,1000
TACCGAACAGCCTACG,4
ATGTCTTGTTGTTGTG,1000
CTCAACCAGCTAGCCC,4
TTCCTTCCACTAGAGG,5
GGAGGTATCATTTGGG,3
GAGACCCCATGCGTGC,5
TACGGGCAGGCGACAT,8
ACGTTCCTCACCTTAT,4
TCGGGCACAAGAGTTA,7
GTCATTTAGATGCAGC,2
GCGGAAACACCAGCTG,7
TTTCGATGTTCTCACC,3
TCCTCCCAGTCTGCAT,2
GTTGTCCCATTGTACG,2
CTAGGTAGTAGCTCGC,2
TGTTTGTCATTAAGCC,2
CATCCCACACACCTGG,4
GGTGTTAAGGTCGTCC,5
GTCACGGTCTCTGAGA,8
GTTGTCCTCCTTGGAA,1000
CCTAACCCACGTCTCT,2
CACTGTCAGAGAGAAC,4
GGAGGTATCCCTCATG,7
CAACCAACAACACGTT,1
TTGTGTTCAAAGCTAA,3
GTCGAATAGCACCGAA,4
TGTAACGGTGGCTAGA,8
GACCGTGCAAGTGACG,5
TGTGATGAGGGTTAGC,7
TTGTTTGAGTCTAGCT,8
CTTGAGACACGGGCTT,5
CATAAGCGTGAGCCAA,4
CAACGGCCAGGTACGA,3
ACGGTCGCATCCCGTT,5
CCTCAGTAGACGATAT,1000
AGCTTCCTCCTAAACG,1
GAGACTTCATGCCGAC,4
GGTGTCGCATGATCTG,2
CTCAGGGTCGTTCCTG,4
CAACCAAGTTCCGCGA,7
CTCATGCGTCACCTTC,3
GATGATCCACTCCGGA,3
GACACGCGTGGCACTC,7
GAGGCAAAGGCGCTCT,7
TATTTCGTCCCGAGTG,3
CATTCATTCCCGTAAA,2
GCCATGGGTGGAACCA,6
CATTGTTCACGGTGTC,8
TCGCAGGGTAGCTTTG,4
TCAATTCGTCCCTGAG,2
CTTTCGGAGTCGGGAT,3
GTGACGCCATCCTGTC,6
TCTGGCTGTGCAATGG,8
AAACGCTTCTGAATGC,2
TGTCCTGTCGGTAAGG,4
GTGTCCTTCCTGGTCT,8
GTAATCGCAGGTCTCG,7
ATTCACTCATCTGGGC,8
CATCCGTAGCCAAGGT,4
TGTTACTAGACGGAAA,1
TACTTACCACCAGGTC,5
GATCCCTGTTCCATTT,1000
CACAGGCCACGACGCT,2
GACCCTTAGATGGTCG,6
ACCCAAACACTACGGC,3
ATGGGTTTCGGCATCG,4
CCCTTAGAGCTGCCTG,2
GGTAGAGGTTGAATCC,6
TACGGTAGTCTCAGAT,1000
GTATTGGTCGTGGTAT,1000
GTAGAAATCCCTTGGT,6
TCCGTGTTCGCGTGCA,6
GTGTTCCTCTCAGGCG,3
CTCTCGAGTCAATGGG,3
CCGAACGTCTGCATAG,5
TTACGTTTCGTCTCAC,2
TCTATACCAGCTCATA,5
TCAAGCAGTTTCTTAC,5
GAGAAATCAAGGACAC,7
ACCTACCAGATGTTAG,3
TCATCCGAGCGACTAG,1
GAAGAATTCCGATCTC,2
ACACAGTGTCTGCATA,4
TTGGTTTTCGATACTG,7
CCGCAAGAGTCTGTAC,1000
CCCAACTGTCCGAAGA,6
CTGTGAAGTCGTAATC,5
TATCCTAAGTTGCTGT,5
CCTTCAGTCGGCATAT,3
CAAGCTAAGCACACCC,7
GAGTTTGTCGCACGGT,8
GTGATGTAGGGCATGT,1000
ATCGTAGGTAGCTTTG,1
TTCCTTCGTGACTCGC,3
ACCTGTCAGACTTCCA,4
ATTCAGGCACCTCTGT,2
CCTCCAAAGCTAGAAT,7
CTGCCATCATGAAGGC,2
GGGTTATCACTACTTT,6
TCTACCGAGACTTAAG,8
CAGGCCACAAGCGCTC,3
CACATGACAACTTGGT,8
TCTTGCGGTCGCTTGG,6
CAGGCCAGTTCTCTAT,3
TTTATGCAGACCAGAC,2
TGAATCGTCTGAGGTT,4
TGAGCATAGGTCGTGA,1
GCGAGAACAAGCGATG,8
CAAAGAACACCAGGTC,5
TCCACGTCAAAGGATT,3
CGTCAAATCTGGCCAG,7
AACACACGTCGGAACA,3
ATGGAGGCATGGTACT,8
CAGTGCGGTTCGTACA,6
TTGAACGGTCGGAAAC,5
TTCGCTGCATCCAACA,1000
TGATGCAAGAGGCTGT,1
GTAACACAGGCTATCT,1
TGCAGATAGCCTCATA,3
CTACCTGTCGTAGGGA,2
AGGAATAAGTGACCTT,8
GTCGTTCTCCACGTAA,2
TCCATGCGTGGTTCTA,1000
CAAGCTATCCTAGCGG,3
ACCTACCGTAGTCTGT,1000
GATCGTACAACCACAT,8
GACTGATCACCTGATA,8
GAGATGGAGACTAGAT,3
AGAAATGGTGAGCAGT,2
ATGGATCTCCTACTGC,7
GAGGCAAGTATCCTTT,7
ATCGTGAGTCAAACGG,3
AGGAGGTAGAACGTGC,1000
ATCTTCAAGCCGATCC,4
CGATCGGCATACTGAC,1
TCACAAGGTTTCGATG,8
TATACCTGTGTTTGCA,8
TCCGATCGTGGTCTTA,8
AGAACCTCATCGCTAA,1
CTGCGAGGTTTACTTC,8
AAGCATCTCGAGGCAA,4
AGGGCCTCAAGGAGTC,1000
GTATTGGAGCCATGCC,5
GTAATGCCAATTCTCT,8
CGTGTCTGTAGCGAGT,2
AGCTCAACAACCCTAA,8
CCTGTTGCAGTTTCGA,5
CTCAGGGGTGCTGTCG,4
TGTTTGTTCCTACGAA,1
GAATCGTAGACGGAAA,1000
ACGGGTCGTTTGGGAG,7
ATCGGCGTCATCGCAA,4
TACTGCCTCACTGGTA,4
GTTGTCCTCATTCGGA,4
TCAGTTTTCGACGATT,2
CACTAAGTCCGTAGGC,6
GGGTTATCATAACAGA,7
ATGGGAGAGTCGAAAT,1
AGGATCTTCCAGGACC,1000
CTCTGGTGTCGCACGT,2
TGTGAGTCACGACTAT,3
CATAAGCCATTCAGCA,7
CCTCACAAGCGACTGA,4
GACTTCCCAAATGAAC,7
AGAGCCCCATGCCGAC,1
GGTTCTCCATGTTCGA,7
AGCGCCAGTGCATACT,5
AATGGCTAGCCGCACT,5
TTTAGTCGTGCTCTCT,3
TACCCACTCCTGGGAC,6
TGTGAGTGTTAGGCCC,5
GCCAGCAGTATGAAGT,7
TAACTTCTCTCACGAA,7
AACCAACCATAATGCC,4
GGCACGTGTGTATTCG,8
GGCGTCAAGGCAATGC,2
GGGCTCAAGCCTTTGA,1000
ATAGACCAGCCTGACC,8
ATCCGTCGTCATTGCA,7
AAGCCATTCGGTTCAA,1
CTGTACCGTCGAGCTC,3
CGTAGTACAGTCGCTG,1000
GCAGCCAAGGTCGTAG,6
ACGTTCCAGTAACCTC,6
GGCGTCAAGCGTCAAG,4
CTAGGTATCCGTGTCT,8
AGGGCTCCATATGGCT,2
TCCTCGAGTGGGACAT,1000
AAGTTCGAGGAAAGGT,3
TGTTACTGTAGACACG,5
TGCTTCGTCGTGGACC,8
TCATGGACATAAGCAA,4
GCACGGTAGCCGTTGC,1
ATGGGAGTCGGAATGG,3
TCCGAAAGTGGCTGCT,3
TGGTGATAGAAGAACG,5
TCCACCAAGTCGAGGT,1
ACAAAGAGTCTTACAG,4
GCCAACGCAGTGCCTG,1
AACCATGAGTGGAAAG,7
CTAGACAAGTAGAGTT,3
ATCACTTGTCCACACG,7
TGACCCTAGTGGAATT,5
CTACGGGTCGCATGAT,5
CTGGCAGTCGACGAGA,6
CGGGCATCATTGTACG,3
ATGATCGAGCCAGACA,2
CATTGCCAGTTACGTC,5
CAGGCCATCAACTGAC,6
CGTGAATAGAGGCTGT,3
GACTCTCGTGTGCTTA,3
TATCGCCCACCGTGAC,2
CTCTGGTTCTTCTAAC,4
GATGGAGAGCTAAGTA,8
CAATACGTCGATGGAG,6
TTCGCTGTCGTAGGAG,3
TCACTATGTCGCTCGA,3
TGTTACTAGAATCGCG,2
ATTCACTCAGCGAGTA,2
TATCAGGGTGGTTTGT,3
TTTCCTCTCATCGCTC,5
TGCTCCATCATGGCCG,1
GAGAAATTCGCCTTGT,8
ATTCACTTCTAGACAC,5
TCCCACACAGTTTGGT,7
GAACACTTCAGGTAAA,3
ACCTGTCGTATAGGAT,5
CATACAGGTGAGATTA,6
GTATTGGGTAGATCGG,3
GTGTTAGTCATGCCGG,3
TATTGGGGTATCGGTT,5
AGGAGGTCACTTTATC,8
ACAGAAACATCTTCGC,5
TCAAGTGTCACAGTGT,3
AACCCAAGTGAAGCTG,4
TGGTGATCATCAGCTA,5
AACCATGCATTGTAGC,1
CCTATCGAGCGGTAGT,7
TCTCACGGTGGAGGTT,7
TCGCAGGAGCTACTGT,4
TTGGGATCAATGTCTG,7
TGGCGTGCAGCTTCCT,4
TTTGACTTCGATAACC,7
CTTTCGGCAGGAATCG,4
CATGGATGTAGATGTA,2
CCACTTGAGCTCGAAG,8
TCTATCATCCAATGCA,4
CGGGCATCAGGAATAT,3
GTAATCGAGACGACGT,3
AAACGCTCAACCTATG,2
CGGCAGTGTCTGATCA,1000
GTAACCAAGGTCCCGT,8
TCTGCCACATATAGCC,1
CGACAGCCAGGGTTGA,1000
ACTGTCCGTCACTTCC,1000
GGTGTTAAGTAGGTTA,4
ATTCTACCATTGACTG,2
ACCCAAAAGACGCATG,1000
CTTAGGACAGTCAGTT,5
TCGGTCTAGGTAGCCA,1000
ACACTGATCGACGAGA,5
GGTAATCTCTATGCCC,6
GTGTGGCTCTCGCTTG,3
TTCGCTGGTGTCATTG,4
TAGGGTTAGCGTATGG,2
CCCAACTCATCATCCC,3
TGATGCACACCGCTAG,2
TATTCCAGTCGCTTAA,4
ACAGCCGCATACCAGT,8
GACACGCCACGACGTC,3
CTGTCGTTCACTCACC,6
TGATCAGAGGGATGTC,2
GGTTGTATCGTCAGAT,1000
ACCCTTGTCGGACGTC,2
AAGCGAGAGCATCTTG,7
ATCAGGTAGCGTCAGA,8
GTTCCGTCACCTGCAG,2
GACTCAACAAAGCTCT,8
ATTATCCTCCATTCAT,8
AGGACTTGTTAGAGTA,5
TCCGATCCAATGACCT,4
ACCCTTGAGACGGAAA,8
GCCATGGGTACGGCAA,2
TCATATCAGGGACCAT,2
TAGGTTGGTTCGTTCC,2
CACTAAGAGCGTATAA,2
TGATGGTAGAGCCGTA,2
TCCTTTCAGCTGTGCC,3
TGGTTAGAGATCCCGC,1
TCTACATCAGTTACCA,6
AAAGGATTCTTAGGAC,5
TAGTGCATCGTCGCTT,3
TGTTACTCAATCGCAT,7
TCAGTTTTCTCCACTG,1000
CATCCGTTCTTGGTCC,2
GGTGATTTCACCCTTG,1000
TCATTGTGTCTTGAAC,6
TTCCTTCAGTAAGGGA,7
AGGTCATTCGACCCAG,3
CCTAACCAGCTGTTCA,1
CCTCAGTAGCGGTATG,2
CCGGTGACACTTCAGA,1
AGGTAGGAGTTCCGTA,4
TCGTGGGAGTCTCGTA,5
AGAACCTAGGTGAGCT,2
CAGATCATCCGCGAGT,1000
TATATCCGTAACGATA,7
AGTGACTGTTGGGAAC,2
CGAATTGCAGCACCCA,3
GTAGCTATCTCCATAT,1000
CAGTTAGGTAAGATAC,1000
GTGGAAGCATCGAAGG,7
TAACTTCTCCAATCCC,3
AAAGTCCCACCGGTCA,5
CTCCATGCAGGGTCTC,1000
CCTCATGGTATGACAA,1000
ATTTACCTCATGCGGC,6
TTGTGGACAACCAACT,1
GACACGCGTGCAGATG,7
GGTTCTCTCCTCAGGG,1000
TCTATCAGTCTTTATC,3
AGTCAACCAAAGACGC,2
TAACCAGAGATGCTGG,1000
GGCAGTCAGAAATCCA,2
TTTCACAAGACGCAGT,5
CCGGGTATCGAGAGCA,2
TCGCTTGTCAGCGCGT,4
CGTCAAAAGGATACAT,1
AGCGCCAGTGTCATTG,3
TCAATTCGTCTGATAC,3
ACGTTCCCAAAGGAGA,2
TGGTGATAGAGGATCC,3
TTTCAGTAGTAGGGTC,1000
AACAAGACATGGGCAA,1
TCTGCCAAGGTAGGCT,7
ATAGACCTCATTTCGT,5
TGACAGTGTCGCATTA,2
TCAATTCCACTTCAAG,8
CTTCGGTGTGATACTC,1000
TTGACCCAGAATCGTA,3
AACAAAGGTAGAAACT,1000
TGAGCATAGCACGGAT,6
AACCACAGTTCAAGGG,8
CTACCCATCGGCATAT,5
GAATAGACAGCGCGTT,8
CCGCAAGTCAAACGTC,1
TACCCGTGTCTGTAGT,7
GAAGAATTCCGTTGAA,7
CTGCAGGGTCTTCTAT,6
TCTTAGTAGTAACCGG,6
TCGGGTGAGGGACAGG,4
TTACAGGCACTGGACC,8
GGATCTACAACTGCCG,5
CAACGATCAAACACGG,6
ATCGTAGAGTTCGGTT,6
AGAGAGCGTACCCACG,3
TCCGATCGTTTCGTAG,1
CATGCCTGTTTGGAAA,8
GTCGTAACACTGCACG,1000
GGGAAGTTCATACGGT,5
TATATCCAGCGATGCA,5
AGCGCCACAGACAATA,8
CAGCCAGGTCAACCTA,2
TCATATCCATGTGTCA,2
GTTCGCTTCGGTAGGA,1000
TCTACCGAGTCACTCA,7
CATGCAATCAAATGCC,1
CTACTATAGGTGCAGT,1
CAAGGGATCCTATGGA,8
CACTGTCAGGAACGAA,3
AACCACAGTCAGTCCG,1
CGGGTGTTCATAGCAC,6
ATGTCTTGTTGCACGC,4
TATCAGGCATGTTCGA,4
CGGGCATGTTCTAACG,7
CGCAGGTAGAACGCGT,2
CTGCATCTCTCTTCAA,5
CCGGACAAGAAACTCA,8
AGGCCACCACCACATA,8
AGATGCTTCATAGCAC,6
CCTCTCCCACTGATTG,6
GACATCACAATTGGTC,7
CGTAATGCATGGGTTT,5
CAATGACCAGCTGAAG,4
ATGCATGCACGCGCAT,1000
GGCTTTCCACGTACTA,2
TGGGCGTTCTACACAG,7
AACAAGATCCAGCTCT,7
TCGTGCTTCGAAGTGG,6
GGGTGTCAGCACCTGC,4
GTGCAGCTCTGATTCT,7
CTGCCTAGTTATAGCC,8
TTCCGTGAGCATTTGC,8
GATGCTAGTATTGACC,5
CACAACAAGGCGCTTC,8
ATCACGATCTTCTGTA,6
AATTTCCCAACAGCCC,1000
CATACCCCACGTCGGT,1000
GGTTAACTCTCGGCTT,4
GTGGCGTCAACTCGAT,2
ATTATCCAGTCATACC,3
TGATGCAAGTGGTTAA,3
TAGGTTGAGCATATGA,5
CAACCTCCAGATCATC,8
AGCGCCAGTAGGGAGG,5
AAGTACCGTCACTAGT,8
GATCATGTCGTGTTCC,4
ACTGTGATCATTACGG,6
ATGCATGCACATACTG,2
TAGAGTCGTATCGCTA,1000
AGCATCAAGGATTTAG,5
TGTAGACCACCGCTGA,3
GCCGATGCAAGTACCT,6
AGTTCCCAGCCTGAAG,1000
TGATGGTTCTATTGTC,4
TACGGTATCACACCCT,7
GTATTGGAGACAAGCC,4
GGCAGTCGTCACTACA,4
TTCTGTAGTGAGTTTC,1
GCGAGAAGTATGAAGT,1
AATAGAGCAGCAGTCC,8
TCATACTGTCATCTAG,6
TCAAGTGAGAACAGGA,5
CCTCATGAGGAGAGGC,3
CAGATTGCAGCGTTTA,1
CATGAGTTCAGCAATC,6
TTCATTGTCCCGTGTT,6
AGATGAACATGAATCC,1000
TGTCCCAAGAGTCACG,5
TACCTCGGTACCGGAA,5
GTAATCGAGGTACATA,1
GTCACGGAGTCGTTAC,4
TCAAGCATCACGTAGT,2
ATGGATCGTATTTCCT,4
AACCACACATTGAAGA,3
GCCAGTGAGTTAACAG,5
TGCGGGTCAGGCATGA,3
TGAGGTTTCCTACCGT,1
GGCTTGGAGAAATCCA,1
CCAATGATCATTGAGC,1000
CAGCCAGCAGACCAGA,2
ACGTTCCAGCACGGAT,6
CTGTACCTCCATTGTT,1000
GAGTGTTGTATGTCTG,5
CAAGAGGAGGATTTCC,6
GAAACCTGTGCACATT,6
ACAGAAATCGTTATCT,7
GAATCGTAGATGCTTC,3
GACTTCCGTCGTTTCC,3
AACCATGAGGTGATAT,8
CACAGATGTGGATTTC,8
CTTCTAAGTCAACACT,3
CAATCGAAGGTTCTAC,8
AGACCATAGTATAGAC,1000
CTTTCGGTCTTGGATG,3
CATGCGGAGCACTTTG,1000
CAAAGAAAGCCTGTGC,8
TGAGCGCCACGACAGA,8
CATCAAGAGGCGAAGG,2
TACTGCCGTTGTAAAG,6
TCGACCTAGTGAGGCT,4
GTAGGAGTCCCTCAAC,3
CTACGGGCACGGCTAC,8
GAATCACCACGCCAGT,7
GTGGAGACAAGCGAGT,1000
GAGACCCGTTGTTGTG,2
AGAAGCGAGAAACTAC,4
AGGTTACCAGTAACGG,2
TCCTCCCGTCGTGCCA,5
CTTGAGACAAATGGTA,1000
TTTGGAGCAAAGGGCT,5
CCTCTAGGTAACCAGG,8
AGCTTCCCACTGCGAC,2
CTGAGGCGTACAGTCT,4
AGCATCAGTAATACCC,1000
ACGGAAGAGTGGATTA,3
AGGTTGTAGTACTGGG,3
GCTACCTAGTGTTCCA,5
ACATCGAGTCACCACG,6
TGACTCCTCCGCGAGT,2
AATGGAACAAATCGGG,4
TGATCAGGTCCAAAGG,3
GTAACACGTCGCATCG,1
GAAGCCCCATTACTCT,1
CGTCCATCAATTCGTG,5
ACTGCAAAGCTCCACG,7
TGCAGGCTCGGCTGAC,4
AGTCTCCGTCTAGTGT,4
CGATGCGTCTGAATGC,8
GGTTAACTCTAAGCGT,1000
TGAATGCAGGAGTACC,1000
AGCCAGCTCTGTCTCG,3
CTCATGCTCCCTCTTT,2
GACTTCCCACGTTGGC,6
GCAGTTATCACCCTCA,6
TAACTTCGTCTACAGT,1000
AAGCGTTAGCGCCCAT,5
GAAGGACGTTCGGACC,1000
TGGTGATTCCATCTGC,6
TGTTACTGTTTACGTG,5
TGATTTCTCTAAGAAG,1
TAACGACAGCTGTTCA,1
TCGAAGTAGAGTCGAC,1000
ACGTCCTAGGGCAGAG,3
TCCATCGGTGAAGCGT,3
TTTGGTTGTAGCGTTT,7
AACCATGGTCTGTGTA,7
ATTACTCAGACATCAA,8
AGTCAACTCCGTGTCT,1000
ACTTAGGGTGGACTGA,6
GTCGAATGTTAGGCTT,1000
AGTTAGCAGCGTCAAG,1000
ATGCATGTCGGACTTA,3
CCTAACCGTTCAGGTT,7
CATTGCCCATAGAGGC,1000
GTAGGTTTCTGGAAGG,5
CGAGTGCGTTTGAACC,8
CGAGTGCTCAGGACAG,2
GCACGTGCATCAGCTA,7
GAACTGTTCAAGCCGC,6
TTCCTTCTCCTACCGT,2
ATGTCCCGTCACTGAT,8
AGTCACACAGAGTAAT,1000
AGCGTCGTCAGACATC,3
CAGCAGCGTTCAACGT,4
GTAACACCAATGTCTG,8
TATTGGGCAGGCCTGT,8
TTTCAGTAGCCTCAGC,3
TTACGTTAGTGGTTAA,3
TCTATACGTAGAGATT,5
GCCATTCAGAAAGCGA,7
TAGGGTTCAGAGACTG,4
ATTGTTCAGCTTGTGT,6
TCCATGCAGAACCCGA,2
CAAAGAATCTGCTTAT,8
TCTGTCGCACCAGCTG,4
TGGGAGATCCTCACGT,1
CCCGAAGTCTTGCAGA,4
GTTCCGTTCATGAAAG,8
GGGTATTCAGGTACGA,7
GTGTCCTCAACCGCCA,6
GAAGCGACACGTGAGA,7
AAGTACCGTGGCGCTT,4
GCCAGGTAGCAGCCCT,2
AAATGGACATGTTACG,8
AGGATCTCATAATCCG,1
AGGAGGTCAGTAGAAT,5
GTTTGGACATGCGTGC,8
AACACACGTTGTGCAT,1000
ATCACAGCAGTCAGAG,4
AGGGAGTCACTGGAAG,2
CTACGGGCACGAAAGC,1000
TGAGGGATCACCTCAC,1
CTCAGTCAGTCATACC,7
AAGGAATCAGTATGAA,2
TTCACCGGTGAATGTA,7
AAGTGAAAGCCGAACA,2
TGTTCTAGTAGGCTCC,4
AGCCAATAGACCCGCT,8
CATCCGTTCCACAAGT,1
GAAGTAACAATCCTAG,4
TCCTTTCTCTGATTCT,4
TTTCATGGTACACTCA,3
CCTCCAAGTAACCCGC,2
TGATGGTGTTAAAGTG,3
GAACGTTTCCCATAGA,7
CGATGCGGTACTGTTG,5
CGAGGAAAGATCGACG,3
TGAACGTGTTATCTTC,7
TCTGTCGCAGAGCCCT,7
TGGTAGTAGCCAGTAG,2
TTTGTTGTCGGCATAT,3
CAGCACGAGAGGATCC,1
GCGGATCGTCTTTCTA,8
AGGTCTACATGGGATG,8
GCCAACGCATGGTGGA,3
CAGCAGCAGCCTGAAG,4
AGAACCTAGCTAGATA,4
CTGTACCGTCCAAAGG,5
TCTCCGACACAGGATG,1000
GTAGTACTCAGCTGTA,8
TTCAATCGTACTGGGA,2
CGTAATGGTGCCGAAA,1000
ATCAGGTCAATCACGT,1
TGTACAGTCAGATTGC,5
TACACCCCAGCTTTGA,1000
CATCGGGAGTTCATGC,6
TCTACATTCTTCACGC,4
CTACCTGAGTGGAATT,1000
TCCATCGGTGAACGGT,5
TAAGTCGCAATAACGA,5
AGTGTTGGTCCGGTCA,1000
TCTCAGCTCAATCTTC,6
GATTTCTAGGCTTAGG,8
TTGCATTTCGTAATGC,3
TTGCCTGAGGAAAGTG,3
GTAGGTTGTGCCTGCA,3
ATACTTCGTAACAGTA,5
GAGGCCTGTCACGTGC,7
TCCGATCAGCGATGAC,3
GACCAATAGACTCCGC,7
TAGATCGCAACAACAA,6
AGTGCCGGTATCACGT,8
ATCATTCAGGTAAGTT,4
TCACTCGAGGTTCCAT,3
GAAATGATCGTAGGGA,4
CAATACGTCTAGCCAA,5
GCTTCACAGCCATTGT,1000
TCATGAGTCATACGAC,4
GCATCTCCAACCGGAA,1000
TTCATGTGTCAGACGA,6
TGAGCGCTCACTACTT,3
CATCGCTGTGCATGTT,5
GTTCGCTCAGACCAGA,5
AGGGTTTAGTCGGGAT,8
CAGCAATCAGTCTGGC,4
CTCAGTCCAGCGGATA,6
GTAGAAAGTTCAAGGG,3
CTAAGTGCACGACTAT,3
GGCTTTCTCTGGTGGC,5
GCAGCTGGTCGTGTTA,2
TAATTCCTCGCTCTAC,8
CATGCTCGTAGGGTAC,8
ATCGATGCAGTCGTTA,8
AACCAACCAACCTAAC,4
TGGTTAGGTACCGGAA,2
CGAGAAGCACACCGAC,1
CAATCGATCACCTCGT,2
AGGTTGTTCTGTGCTC,1000
ATCAGGTGTCCTTAAG,8
GTGGAGAGTCAGGTGA,6
TGATTTCCATCGTTCC,2
TCACAAGTCACCGGTG,1
GGTGATTAGCCTGGAA,3
ACACTGACAACTGGTT,3
CCACAAATCTCTTAAC,6
GGTAGAGCAGTAGATA,4
TCGGATAGTATCTTCT,3
TCGTGGGTCACCATCC,2
GGAATGGGTGAATTAG,5
TCGACGGGTTCTCGCT,5
AAGGAATAGTTAGTAG,6
GAAGGACGTAACATAG,8
TATTTCGGTTCAAAGA,7
TGATGCAAGCTGACCC,8
TCTTGCGGTATACCCA,7
AACAAGATCTTCCTAA,5
CCGGTGAGTTCTTAGG,8
TATCTTGCAATTCGTG,2
TGCGGGTTCTTGGTGA,8
CTCCTTTCAGGGAGAG,3
TTGATGGTCGGCTATA,8
CCACGAGAGATTAGAC,1
AGAAATGCACTTGAAC,7
TTCACCGAGGAGCAAA,2
AGACCCGTCACCATAG,1000
GAATCACGTTCTCGTC,4
GACTCAAGTGTTAAAG,3
TGTAACGAGCCTTCTC,6
GACCAATCAGTCGAGA,1
CAGCACGTCAAATGAG,2
ACACGCGTCGTCGACG,1
CTGAGGCAGGCTATCT,5
TTTGACTTCCTGGTCT,3
GTGGAGAAGGTGCTAG,1000
CACCGTTTCCTTCAGC,3
GCCAGCACATAATGAG,1
ACTGTCCTCCTACGAA,6
TTAGGCACATTCTGTT,4
GCTTGGGTCCTACACC,1000
TTCTAACGTCACTCTC,5
CCGGTAGCATTGGGAG,2
TCATGCCAGGCCTGAA,2
CGAATTGTCAAGAGGC,7
CGATGCGTCACTTTGT,7
ACAGAAATCTCTAGGA,6
CTCACTGTCACTGTCC,8
CTGTATTTCGGTAGGA,8
GTCAAGTAGAAGTCAT,4
ACGCACGAGTTCCTGA,5
CTTACCGAGCACCCAC,2
TGATCAGAGAATCGTA,2
ATTGGGTGTCACCACG,6
AGGTGTTGTACGTAGG,1000
GGGAGTAAGGCCACTC,3
TGTGAGTCATTCTTCA,7
AGATGCTCAAAGTATG,5
TCAATTCCAGCATTGT,3
CTCCCTCGTTACCTGA,8
AGACCCGAGTAACCGG,8
CCTCTAGAGTTCCATG,7
ACACTGACAGCGTAGA,3
GAACACTGTCAACGCC,5
TGGAGGAAGGGAGGTG,2
GCCAACGTCGAGAAGC,8
CTTCTAATCGGACTGC,3
GCCATGGAGTTTAGGA,1000
CACTTCGCAAGCGAAC,1000
ACATGCATCTAGACAC,7
TTCCGGTTCATTGAGC,4
GGCAGTCGTCTGTCCT,1000
TGACGCGCAGCTGAGA,8
ATTGTTCGTTTATGCG,7
TCGGGTGTCAAACGAA,7
TCCGGGAGTATCGATC,4
TGGTGATCAAGTGGTG,2
CAACCTCGTATGAGCG,4
GAGAGGTGTACCCGCA,8
ACGGAAGAGAGTCAAT,6
CGGGACTCAGTCCGTG,1
GACACGCAGTCACTCA,3
ACACTGACACATGACT,1000
TGGATCAAGACCATGG,3
TTCACGCAGTGGACTG,2
TGCTCCAGTAGTCGGA,5
TCAGGTAAGTTTGAGA,3
ACGATCAGTGTGACCC,3
CGGGTGTAGATTGATG,3
CTTCCGAGTCTGTGGC,6
CGATGGCAGTCCTACA,3
TCCGATCCATGCAGGA,2
AAACGCTCACTCTAGA,1000
GCCAGGTCACGTTGGC,1000
TCGGATAGTGTCATCA,2
ACTTTGTGTATTCTCT,5
CACTTCGGTAGATTGA,3
ATGCATGGTGCCCTTT,7
TTACCGCTCGAGAATA,1
AGGTTACCAATTAGGA,1
ACAACCAAGCTGCCAC,1000
AAGTCGTAGGAGCAAA,2
AGGGTGACAGCGACAA,1
TCTGCCATCTCGGTCT,2
TTTACCAAGTTGAATG,5
CTTAGGATCAACCTCC,5
CCTTCAGCAGCCGGTT,3
AGTGACTAGTGGCAGT,5
CCGTAGGGTAGTATAG,1000
AACCATGGTAATCAAG,5
CTTTCAACATCCTTGC,4
ACTTTGTGTTGGACCC,1
GAGGCAACAGTTACCA,6
ACGGGTCAGCAGGGAG,5
ACATGCACACTAGAGG,8
TGCTGAACAGGTTTAC,1000
GTTACAGTCGTGTCAA,1
TGTTCTAGTGTCATCA,3
ATTATCCAGGTCATCT,4
CAGCAATAGACTACCT,7
AAAGAACCACAGAAGC,2
CCGCAAGGTTAGCGGA,5
AGTTCCCAGCTTAAGA,8
GGGCCATCATACCGTA,1
TCTGTCGTCATCGCCT,5
ATTCCCGAGGTAGCAC,8
TAAGCGTGTAGTTAGA,3
GACTATGAGACGGATC,1
GGGTATTGTAGGAGTC,4
CCTGCATCAAAGACGC,6
GTGATGTTCCCTAGGG,6
GGGCTCAGTGTATACC,7
TTTCGATCAGGACAGT,8
CTGGCAGCATTATGCG,2
AAGATAGTCCAACTGA,2
CCACAAAAGGTACATA,1000
TAGGTACGTAATCAAG,2
GTTGCGGCACAACGCC,5
CAGTGCGGTGAAGCTG,1000
CAGCAGCTCTTCACAT,2
CAGGTATGTATGAAAC,5
CAATCGACATGCTGCG,1000
GTTGCGGGTCGTGATT,4
CGATGGCGTACTTGTG,4
TGATGCAGTTCGTAAC,1
CAGATACAGCGTCTCG,2
TCGACCTAGTGAACAT,3
TGACTCCGTATTCCGA,1
TGAATCGTCGTTCAGA,6
AGGGTGAAGCAATTCC,8
ACGGAAGGTATGCTAC,6
AGATCGTCATGATCTG,1000
CCTCACACAGCTGAAG,3
TCACTATAGATTGAGT,6
TGACGCGCAGCAGACA,1000
GCGTTTCGTCTACACA,5
ACTCTCGAGCGTATAA,2
ATTATCCCAGAGAAAG,2
GCACGGTTCTCTGACC,2
CCAATGAGTCAAGTTC,3
TGACTCCGTATTTCGG,3
CAGAGCCCACAACCGC,3
CTCATGCTCTCAACGA,8
CACAGGCCAAGTGTCT,6
GTGCACGGTATACAGA,2
AAGTTCGTCTTCACGC,8
CTGAGGCGTCGAAGCA,6
CAATACGCAGACAATA,5
GTTCTATAGGCGTCCT,5
ACATTTCCATCACAGT,2
TGTAAGCGTGGCACTC,3
AGTACCACATATCTCT,3
CAGTGCGTCGCACTCT,1000
ATCATTCTCACCGACG,4
AAGTGAAAGTCTAACC,1
CCAATTTCATGCCGCA,2
ATCCCTGGTGCCTACG,3
CGAAGGAAGTTGAAAC,1
TCCTTCTAGCCAACCC,7
GGTAGAGGTCCGATCG,7
ATCGTAGTCGCGCCAA,1000
CCGGACACATCTCATT,1000
AACGGGACACGACCTG,3
TTCAATCGTCGCTGCA,7
GGACGTCGTGGTTTAC,1000
AGGCATTTCACCTCTG,6
CACTTCGCAACAAGAT,4
CGTTCTGGTCTCGCGA,3
ATTCCTAGTCTACGAT,1
AGTTCGAGTCGTGATT,8
CCGCAAGTCCGCGGAT,7
ACTTTGTGTAGACAGC,1000
AAGCCATTCTTCGATT,4
GGGTTATAGCGAGGAG,2
CATCAAGGTCTTACAG,4
AATGAAGGTGTCCGTG,4
TACGGGCGTTTGACAC,4
AAGAACATCCTTATAC,5
CTCAAGACATACAGGG,4
TGAATCGGTGTTCATG,2
GGTTAACTCCATCAGA,3
GCCAGGTTCAGTCACA,6
GCTGCAGTCGTTGTTT,2
TACATTCGTAGATTGA,8
CAACAGTAGGCCTAAG,2
CATGCGGCACAAGTTC,3
ATGACCAAGCAGGCAT,8
TATCGCCAGATGATTG,8
TAGGAGGAGCTTCGTA,6
TAAGTCGTCTGGGAGA,3
TGACGCGTCAGCAGAG,1000
CGTAAGTGTACCTAAC,8
CTTAGGATCCTAGCCT,8
CCATAAGCAAAGCAAT,1
TGCATCCTCACCTCGT,3
CCACTTGGTCTAATCG,8
TGTCAGAGTCTACTGA,1
CCGGACAAGATCACCT,2
TTCCTAACACTGTGTA,5
GTAAGTCTCTTTGCAT,1000
CATCAAGAGCGGGTAT,2
TCATACTAGTAAGACT,2
AACCCAAAGTTCGGTT,7
TGTCCCACACCCATAA,8
TGTAACGCAACCGACC,6
ATCCCTGTCGAAGGAC,8
TCATTGTCAGGCATTT,2
CAGCAGCCAAGAATAC,4
TGGAGGACACCACTGG,8
TTGTGGATCTGGCTGG,1
GTAGAGGGTGGTTTGT,2
GCAGGCTTCCAGCTCT,1000
ATTTCACCAGCTCGGT,5
CGCCATTTCATTGCCC,1
CGATGCGAGACCATGG,2
ACACGCGTCTGGACCG,7
CTTCCGATCTGTCGCT,1
TCCGTGTTCGGAGTAG,3
CATTCCGGTTCACCGG,6
CGCAGGTGTTACCTTT,6
ATAGGCTGTCGCATTA,8
TCTGTCGAGATTTGCC,3
AGGACTTAGATTGCGG,3
AGGGTTTGTCTTACTT,2
GGTAATCAGCTAGTTC,1000
TGGGATTTCGGTGAAG,4
CACCGTTGTCTAGGCC,7
GTGGGAATCATTCCTA,3
CGAATTGTCAAATAGG,3
CATCGTCCAATACGAA,7
TACTTACTCTCGGTCT,4
AAAGGTAAGATACCAA,6
GACTTCCAGCACCAGA,6
GACTTCCGTCACTTCC,5
AGGATCTGTAGGAAAG,2
AATAGAGGTCGGCACT,1000
ACCTACCGTTCCTTGC,3
ATGAGTCCAACGACTT,6
CAACCTCTCTCTCGCA,6
ACGTACAAGTGGTTCT,8
TGAGGAGTCCATTGTT,2
TGGCGTGGTGGTACAG,6
GAGAGGTGTACGGGAT,6
GACTATGGTTAGAGTA,2
AGGTTACCACTAGGCC,6
CGGGTGTAGATCGACG,4
TTCATGTAGCCTTTCC,3
TCATGGAAGTGTACCT,8
ACTCTCGGTCCCGTGA,1
GACGTTAAGCCGCTTG,3
CGCATGGGTGACCGAA,8
GATTCGACAAAGAGTT,5
AGCTTCCGTCGGTAAG,3
CGCCATTGTCGATGCC,2
CAGATACAGGATGCGT,6
CCGGTGACAGAACTCT,5
TATTCCATCACATACG,6
GATGGAGCAGAAGTTA,7
GTGACGCCACTCAAGT,2
GCTTTCGCAGTTGAAA,5
CAACCTCAGATCACCT,2
AGGTCTAGTTGGGATG,3
GAGACCCAGTCACACT,1000
TACATTCTCATAAGGA,3
ACCATTTGTAGATTAG,6
TAACTTCCAACCTATG,3
GCCAGGTAGTGCCAGA,4
TCTCCGATCGCTCATC,3
TGCGACGCAATAGGGC,7
TGTGAGTCACATCATG,8
CAGGTATAGAGAGCAA,7
GTGCTTCCACATTCTT,5
TAGATCGGTATAGGAT,1000
AAGTGAACAGGCTCTG,6
TCCGATCTCAGGTAAA,3
AGTAGTCGTAATGCGG,1
GCCAGTGTCGTTCTAT,8
AGAACCTTCAAATGCC,1
CTCGAGGGTCGTAATC,6
AACAAAGCAAGAATAC,7
GTATTTCCACTGCACG,6
GAAGGACAGATGAATC,5
TGCGATAAGTAGATCA,8
CAATACGCAATCCTAG,1000
TTGTTTGTCGGAGTAG,8
CGTGATATCATTACGG,1000
AGACACTGTTGTTTGG,1000
TGATGGTAGACGTCGA,1000
CGGGTCACATCAGTGT,8
GTAATCGTCTGCGGCA,1000
GTTGCGGGTTGACGGA,8
GTTTACTAGGTCACAG,1000
TTTACCATCAGCATTG,3
CGCATGGTCTGCATAG,1000
GTTGAACGTTCCTAGA,1000
ACTCCCAGTCATAAAG,5
AGTAACCGTTGAGAGC,1000
CCTCCAACACGACGAA,6
TGTTCCGCATAGGAGC,5
ACATGCATCGGACAAG,4
ACACGCGGTTCAGCGC,8
GGGAGATCATACGCAT,7
ATGAAAGGTCCCAAAT,4
GTCATTTCAGGTTCGC,3
AACCTGATCTGTACAG,3
CTGTACCGTCGAAACG,8
ACTGATGAGATTCGAA,1
GATAGCTAGCACTAAA,2
GGTGTCGTCCGCAAAT,7
ATGACCATCTCACCCA,8
CTCTGGTCATTGCTGA,4
GTGGAAGGTGTAGCAG,2
ACTATTCCATTGCCGG,7
TCCACGTGTAACATGA,3
GGGCGTTAGTCCTGTA,7
TCCTTTCAGAAGTATC,4
ATAGAGATCTAAGGAA,5
CCTATCGGTTATCCAG,2
CACAGGCCAGGTGTTT,1
CTAGACAGTACGGTTT,2
ATCGATGGTTCTTGCC,4
AGCGCTGGTTCGGCTG,2
GTTACAGGTCAGACTT,2
GTGACGCAGATACTGA,7
TCCACGTTCATTTCGT,7
GGAATCTTCGGCTTCT,7
GTAACACGTATAGGGC,5
GCCCAGAGTCCCAAAT,2
CAATGACCAAGAGCTG,4
GATCGTAGTTCGTACA,8
AAGTACCCACACCTTC,1000
AGTCTCCTCCCTTTGG,7
GCAACATTCTGTCCCA,7
ACAACCAAGTTGTACC,2
TCCAGAATCGTGGAAG,1000
TGTTACTGTCCATCTC,5
ATCCTATGTGTCCTAA,8
AGGTTACGTATGCTAC,2
TACCCGTCAAAGCTAA,1000
ATGCGATAGAACTGAT,3
TCATCATGTTCCGGTG,5
GTGGGAACAAGCACAG,1000
TGACGCGCACAGTCAT,4
GAGTGAGGTGAGTAGC,2
TGAGGGAAGACATATG,5
GTTGTAGTCATGCCGG,1000
GATCGTATCATCGACA,1
AGCTCAAAGCGGTATG,3
ACAGGGAAGTCATGCT,2
ATTCAGGGTTGGTGTT,1000
GTCATCCTCGCCAACG,1
GGGAGTAGTCGTCAGC,7
TCATGCCGTATGCAAA,3
AAAGTGAGTGTTGATC,1000
GACGTTAGTAGCGCTC,2
ACTGCAACACATACTG,7
GACCCTTTCCTTCAGC,3
ATAGGCTTCCGGACTG,7
ACTGTGAGTGTAACGG,5
AGTAACCAGGGATCAC,1000
TTGTTGTTCCGGGACT,3
TGTTCTACATCTTAGG,3
CATACTTGTTTACCTT,1000
TAAGCGTTCCAACCAA,2
AGAACCTCAGATCACT,7
CACGGGTGTAATTAGG,1
GGTGTCGAGTTGTAGA,1000
CACTGTCCAATCCTAG,5
CGAAGTTGTGACCGAA,1000
TGGGCTGTCTATTTCG,1000
TCCGAAAGTGGCTTAT,8
ACGGAAGGTCCTCAGG,3
TCAGCCTTCACGTCCT,4
GCACATATCTTCGTAT,8
AAGATAGGTCAGCGTC,3
TCGTCCATCACACGAT,5
CAAGAGGCACTCTAGA,7
ATCCCTGTCATACAGC,7
GTGAGTTAGAAACACT,5
ACTATGGAGATTAGTG,4
TGCGGGTGTTGGACCC,3
ACTGTCCGTTGTTGCA,2
AGACACTTCCGTGGCA,7
GACACGCGTTGCCATA,8
TGACCCTAGTGCCAGA,1
TTGGATGTCTCTCTTC,5
GCCCAGACATCAGCTA,2
GGCAGTCTCGACCAAT,4
TCACACCAGCGGACAT,4
GTGGTTACAACACAAA,4
AGATGCTGTGCTCCGA,5
CAGCGTGAGGGATCGT,8
AGGGTGACACTTACAG,5
ACGGGTCGTGGCCCAT,4
GTTCATTAGTCATCGT,7
TTGCATTGTAGGTACG,6
GTCAAGTCAAATCGTC,8
CTTCCGAAGCCATTGT,1000
CTTCGGTAGAGTTGTA,3
GGGAGATCAATGAGCG,5
CTATCCGGTTGCTCAA,1000
TCAAGACGTCCCAAAT,8
CTCAAGAAGCGTGTTT,3
TCTATCACACAACGCC,5
GTTCGCTTCATTTGTC,7
CGAATTGTCCGAAATC,7
ACTCTCGCATGGGAAC,6
TACTTACCAGCCCAGT,1000
AGGACTTCAACAGCTT,5
CAAGGGAGTTTACGTG,7
CCCATTGAGGAACGTC,3
CCGTAGGTCTAAGCGT,7
CGGAATTGTTCAAGGG,1
TTTCAGTTCCAAGCCG,8
GCGGAAAAGTATCTGC,4
CTACATTAGCATAGGC,2
GCGAGAACAGTCTGGC,2
CGGGTGTTCTTACTGT,3
TTCACCGCAATCTCGA,1000
CACATGAGTCGTGCCA,1
CTCGAGGTCTTGGATG,6
TCGTGGGAGTTCTACG,7
ACCTGAACAGACAATA,5
ACGGGTCTCCGAAGGA,6
CGTGTCTAGTTACGTC,1000
TCAGCAAGTACTTCCC,1
GCTACCTTCTTAGCTT,8
TGGGAAGGTGTCACAT,6
CTCATGCGTTTGGGTT,1000
TCCACGTGTGAAAGTT,1000
TATATCCCAAGCGAAC,4
GAGCTGCAGCGCCGTT,6
TGGTTAGTCTTCGGTC,5
AATGGCTAGAGCAGAA,1
CTGAATGGTTTGCAGT,3
TCCCAGTTCGATACGT,6
CATTGTTAGGTGCGAT,5
AAGCCATAGTGGTTCT,8
TGAGACTGTTATCCAG,8
GGGTCTGTCTTCCACG,8
TGTAACGTCATCTCTA,3
TTAGTCTTCCATTGTT,8
CCACGTTGTTGCAACT,1
TGCGGGTTCTGTCCGT,3
TACATTCTCACCTCTG,5
AAGCGAGGTAATGCGG,6
TCTTTGACAGTGGCTC,8
AATGGAACAGTCACGC,1
TCTACATGTTATCTGG,4
CGACAGCCACAGCCTG,3
ACAGAAACATCCTAAG,8
CACTGTCTCAGATTGC,2
CACCGTTAGTTTAGGA,1000
CTCATTAGTGAAAGTT,3
CACCAAACACCCTGTT,2
TCGAAGTCATGACTAC,3
ATTCATCTCACCTGTC,2
GCCAGCAAGCCTTGAT,2
GTCAGCGTCACTGTCC,4
ACGTAACCACCACATA,3
TCACTCGCAGTTGCGC,1000
GTGGAAGTCCCATGGG,1000
TTACTGTGTTAAGTCC,8
GTGGGAAAGTAGCTCT,1000
AAGTCGTGTGATAGTA,3
CTGAATGTCGCGAAGA,3
CAATGACCAATTAGGA,6
TAACACGGTTCGGGTC,3
TTGTTCAGTACCTTCC,2
TCTACATGTAACCAGG,3
GCCAGTGTCCGGCTTT,4
CTGTATTTCACCTTGC,7
CAGTTCCTCTGTCGCT,3
AAAGGTATCCACGTCT,1000
TACGGGCTCCCTGTTG,3
TCAGCCTAGCAAGTCG,5
GTGATGTAGGAATCGC,2
GATTCGATCGCGTGAC,3
ATCCGTCAGCGAGAAA,3
AGGAGGTAGTTACGTC,7
ATGGTTGGTCCCTAAA,2
TCAGTTTGTTCCGCTT,7
TCATTCACAACTTGGT,3
ATCATTCAGACCATAA,8
GCCGATGTCGGCTGTG,1
AGAACCTAGTAGGGTC,8
AAGGAATGTTCTAAGC,7
TTACTGTTCGGCCTTT,5
GATGTTGAGGCTAGCA,6
CGGTCAGGTTATTCCT,1000
CCCTAACCAGCACGAA,4
CGTTCTGGTGGTACAG,8
CTAACTTAGAAACTAC,7
AATTCCTGTGCCTTCT,3
CAGTTCCAGCACAAAT,1
AGTGCCGAGGAAAGTG,5
TACCCACCAATGTGGG,7
ACACGCGCACAGTACT,1000
GAAGAATAGGCCTAGA,1000
TTCCGTGAGAATCCCT,7
CCGGTGACAGATACTC,5
GTCCTCAAGCTCATAC,7
GTTACGAGTAGAGATT,1
GCCAGGTAGATTAGTG,5
CGTGTCTTCGAAACAA,1
GCTTCACTCACTACTT,1000
CCTCACAAGGTCATCT,7
AGGAATAGTGGCTAGA,5
CATCCACAGTTCCGTA,2
TGGGTTATCATCGCAA,3
GCGTTTCCAGTGTACT,5
ATAGAGATCAGGAAGC,5
GTTCCGTGTCTCGACG,2
CGACAGCGTAGGTGCA,2
TCTATACAGTCGGCCT,8
GTCGTAACAAATAGCA,2
CCCTAACCAGCACACC,6
TTTCGATTCGTAGTCA,3
CGCATAAGTCCGGTCA,1000
GTAAGTCGTTACGATC,6
GTATTTCTCAAGCCGC,1000
CACACAAGTCTTTCTA,7
TGAACGTCAAGTGCAG,2
ATCCACCAGACATATG,5
CTAGACAAGGTCGCCT,7
AGAAATGTCTCGGCTT,1000
TTTGTTGTCTCCATAT,7
GAGCCTGGTGAGAGGG,8
TTCTTCCGTCTTACTT,3
AGGGTCCGTCATGCAT,1
CAATTTCGTAACCCGC,1
ACATCCCTCGGCTGGT,5
GACACGCCATGAGGGT,3
GATGACTCATTGACTG,3
CCTTCAGGTTCCTAAG,2
ATGCCTCCATAGTCGT,5
GTTCGCTCAAAGTATG,7
CCATCACCATCCGAAT,3
GATGAGGCACAAGTTC,5
TGGGCTGCATCCTCAC,4
TGGATGTTCTTACTGT,5
GTGGTTAAGATGGCGT,1000
CTCATCGAGATGCGAC,1000
CTCATGCGTGATTCAC,7
CTATAGGCAGCTTTGA,1000
GAACTGTAGTGCTAGG,5
TATACCTGTATGCTTG,6
GCATCGGGTAGCTGAG,5
AAAGGATGTCGGTGAA,1
AGGATAACATGTGTCA,2
CGAATTGGTGGATCAG,1
AGCTACATCGGAGCAA,4
CCGGGTACAGTCTCTC,8
TGAGGAGTCCGTGGGT,5
AATAGAGTCAGCTGTA,1000
CGTGATAGTTTCACTT,7
ATTTCACTCGGCATCG,5
TACTTCACATGGACAG,2
CGTCAAAAGGCCTGCT,2
TTGATGGGTGAGATCG,2
TCGAAGTCATTGTCGA,8
CACCAAATCTCTCGAC,1
TCATTGTAGTTGAAAC,6
AACGAAATCCCGAGGT,8
CTATAGGCAAGTGTCT,5
TTTGGTTAGCTTACGT,5
GTGCTGGAGAAGCTGC,5
ACCAACAAGGTTCACT,6
CGGTCAGCAGCTTTCC,8
GGATCTAGTGTTCCTC,4
CATAAGCTCAGGTAAA,6
CGAAGGAAGGTAAGGA,1000
CAAGACTGTTAGGGTG,1000
CAACCAAAGTGGGAAA,8
TGAGCGCCACGTATAC,1
TGGGAGACAGGTCAGA,7
GTTAGTGCAAGAGCTG,7
ATGGATCGTGTATACC,2
ACAAGCTAGGAACGAA,4
GTAGGTTAGGAGTCTG,3
ATCGGATAGAGCTGAC,6
TTCAGGATCAAAGAAC,2
GGAGGATCATGACAGG,7
TTGGGTATCGCTTAAG,6
GTCATTTAGGCTAGCA,7
CCTCAGTCAGCGTATT,4
TTTCCTCTCATGTCTT,8
ATTCAGGCACCGGTCA,3
GTGAGCCTCGATAACC,1000
TGGTAGTTCTGGTTGA,4
ATTCACTTCGTCAACA,8
GATAGCTGTATACGGG,1
TGAACGTAGTCTTGGT,1000
GGTAACTAGAGTAACT,2
GTAACACTCATTCGTT,3
AATGGCTTCCTTCTGG,7
TCCTTCTTCCCAGTGG,7
TTCCAATGTGAATATG,6
CCTCAGTAGAGCAACC,2
ACGTAACCAGAAATCA,5
TTCCTTCAGGATTTAG,1000
GTTACCCTCCTCCACA,1000
CATCGTCCAAGATGGC,5
CACACAAAGGCATGCA,2
TAAGCCAGTGACAACG,7
CACTGGGAGAGCATTA,1000
TGGGATTGTCACAATC,1000
AACTTCTTCTTGCAAG,6
GATCCCTGTCTTAGTG,1000
CCCGAAGGTCAAAGCG,3
CACTAAGCATCTCCCA,1000
CTAACTTCAGTAGAAT,6
ATGAGTCCACATACGT,2
TGTCAGAAGACTGGGT,8
ACTGATGCAGCTACAT,8
AGCGCCATCTGCTAGA,5
CGGGTCAAGCTTCTAG,7
GGAGGTATCCCTAGGG,6
AGTAACCCAATCGCCG,1000
GAGGCCTAGACATACA,4
GTCGTAATCTTGTTAC,2
GATGTTGAGTCCCTAA,1000
TTTCCTCAGAAGTCCG,1
CAATACGTCTTCCCAG,8
GGAGGATGTGCCTATA,1000
TCAGCAATCATTGTGG,3
ATTCACTAGTCATGCT,5
ATTCATCCACATATCG,1000
TCGCTCATCCGCCTAT,7
AGCATCAAGCAGCGAT,1000
GTAGGTTGTAACTAAG,1000
CATTTCACACCAGTAT,4
CAACAGTGTTCGTTCC,7
CTTCGGTGTTTGACAC,3
TAGAGTCCATTACTCT,1000
TTTGACTAGGCATCTT,5
GTTGCGGGTTATGGTC,3
CTCAGAAGTGTTCCTC,3
ACGGTCGTCTGTACAG,7
TATCTTGAGGTAGATT,6
AAGACAAAGTAACGAT,6
AGAGCCCAGTCTGGAG,8
CCTTGTGCAAGTCGTT,6
TTCCGTGAGGGAGATA,3
AACCTGAGTGTCCCTT,3
GGGACTCCATTAGGCT,5
CGTTGGGCAGAAGTGC,3
GGCAGTCAGGTTGCCC,1000
TCTACCGCATTCTCCG,1000
AAAGGTATCGTGCGAC,3
ATTCCATTCAGCGTCG,2
AAACGCTTCGTCCTTG,2
GCCAGGTGTATGTCTG,2
TTCACGCTCCTTACCG,5
AAAGGATAGACTGTTC,7
ATTGTTCCATTGCAAC,1000
CTCCCTCTCTTCTGTA,6
TGACGCGTCAAGTCGT,2
CAACGGCCATAGATCC,8
TACCTCGAGGGTACAC,5
TGTGAGTGTCGATTTG,1
CTATCTAGTCGAGTGA,5
CATTGTTCAATTGTGC,1000
ACGTAGTGTCCACTTC,1000
TTGTGTTCAGAGAGGG,7
ACTATTCCACCCAATA,7
TACTTACTCAAAGGAT,3
TAGCACAAGTGCACAG,3
CTCCGATTCCCGTGTT,3
GTCTAGAGTTAAACCC,3
CACTTCGTCCCATACC,4
AGAAATGGTGTCATCA,5
TGTTTGTCAAGCTACT,3
TGGGTTACATGGCTGC,1000
TAGATCGGTCGTATTG,6
CGGGTGTCAGCAATTC,1000
TTGTTTGGTATCGAAA,1000
TCAATCTAGTCGAAGC,5
TTCATGTAGAATCGAT,1000
GGGCTACTCTGAGAGG,7
TTTACTGAGCAATAAC,5
AACGGGAAGTCCCGAC,4
ATGGATCCATTCTCCG,1000
CGAGTTATCGCAATTG,6
GACAGCCCAAACTGCT,3
ACGATCACACGACGAA,6
TCATGTTCAATGCAAA,3
TTGTGTTAGCGTGTCC,4
CCCGAAGAGTTGTAAG,8
GTGCTGGTCAGCTAGT,7
GCGAGAATCCAGTGTA,1000
CACAACAAGCTCCGAC,8
TCCGTGTCAGACTGCC,2
AGCGCCACATTGAGCT,1
TCTGCCAGTACCGGCT,1000
GCCAACGGTCATAACC,1000
GAGTTTGTCCGCTTAC,6
CGTTCTGGTATGCGTT,6
TGCGATAAGCTAGAGC,3
AGAAGTACAATCTCGA,2
ACTTTCATCGCGTAGC,6
GATGAGGTCATCGGGC,4
ATTTACCCAAATGCGG,7
TTGCGTCAGGCAGCTA,1
CCCAACTTCTACGGGC,5
TGTAGACTCTCCTGTG,4
CTGCCATGTATGAAGT,5
GTATTGGCACATGACT,3
TATCGCCTCCGCAACG,6
ATTCCATCATGTTTGG,1000
TCACTCGGTAGTCCTA,6
ATACCTTTCCACGTAA,3
GGGTCTGTCAGTGTGT,5
GCACGTGCACTACTTT,6
GGAGATGTCATCGTAG,2
TCTGCCATCCTCAGGG,1000
ACTTCGCAGTATGCAA,2
AGGCATTGTAGACGTG,3
CGTGATATCGATCCCT,2
AATTTCCGTGGGTTGA,3
TTACTGTGTGGAGGTT,1000
TACGGTATCGAGCTGC,4
CGCGTGAAGACTAAGT,7
ACCCTTGGTACAAGTA,2
TATTCCACATTCCTCG,4
AAGCCATAGAGTTGTA,5
CAACGATTCGACACCG,4
TATCGCCCATGCGTGC,8
GACATCAAGTGAATAC,3
CTGTATTAGGCTTAAA,7
AGATGCTGTAATTAGG,2
ATGAGTCAGGCCTTGC,8
TTTATGCGTTACACTG,4
CCCTTAGAGTGCAAAT,3
GAATAGAAGGGATCAC,1
CTGGACGTCTTAGCTT,5
GTGGCGTGTAACAGGC,7
GGTGTCGGTTCTCTAT,4
ATGCCTCGTGGTATGG,8
TTTCCTCCATGGCTGC,2
CAATACGGTTAGGCCC,6
ATCACAGGTAGCGCTC,6
TGAGGTTCATGAGTAA,3
AGGTTACGTCCGGATC,2
TCGGGCAGTATGGGAC,2
TCCCATGAGTTGTAGA,2
TGGTGATAGAGTCAAT,8
AACAGGGGTTCCTAAG,7
GTTACCCAGCGAGTAC,7
CTCCATGCAGCGTACC,6
TTCCGGTTCTCTCTTC,6
TAAGCACGTTCATCTT,5
GAAACCTTCCACTAGA,1000
GTCATTTTCCAGCCTT,7
CTCATTATCTTTCAGT,2
AGTGCCGCAGTGACCC,3
GTGTCCTAGTTACGGG,1000
CATTGCCAGGGCAACT,7
TTGGGCGTCTAGCAAC,3
TTAGGGTAGGGTACGT,5
CATACCCTCGGTGCAC,1
TATCTGTGTTTACTTC,1000
TGGGCTGTCACGAGGA,4
TTGTGTTAGGGTGAGG,5
TTGCGTCAGCAATTAG,5
TTCTAACCAGTTCTAG,3
TTCCAATTCAGGAACG,8
CTTCGGTAGCCATCCG,8
TCGGGCAAGAGAATCT,6
ATCGTAGTCCAAGCTA,5
TACTTCAGTCCTCCAT,5
GCCGTGACAAGACGAC,3
GTGTGGCGTTAGTCGT,7
GTTACGAAGGTCCCGT,1000
TTACTGTTCGAACCAT,1
TGTAGACAGTTATGGA,3
TTTAGTCGTCTGTCCT,2
TACCTCGCAAGTTTGC,3
CATCGGGCAGGTATGG,8
GGATGTTGTATCAGGG,8
TTTCGATCAAAGCACG,2
ATTGGGTAGTGTACCT,2
AGGAGGTAGACAACTA,8
AGATGAAGTAGCCAGA,7
TTGCCTGAGTTGCGCC,7
TCCTAATGTATGCTAC,7
CATGAGTTCCGCTAGG,7
AGTCAACGTCTACGTA,1000
CATTCATGTGATAGTA,2
GTGCTGGCAGAGTGAC,6
AGTGATCCAGCATGCC,7
TTGGATGCAAGAGAGA,2
GGTCACGTCTACGGTA,1000
TCCACCACAGGCATGA,7
ACTGTCCCACGGTAGA,3
CCCGAAGCAGAGTGAC,1
ATTATCCGTCTCAAGT,6
AGTGATCAGCCATGCC,5
CAAAGAAGTATCGTTG,2
ATTCCCGTCGGCATTA,5
GCCTGTTTCGAGTGGA,1000
CTCCTCCTCGACGTCG,2
TGTAGACAGCAGTCTT,5
AGGACTTAGTTTCGAC,5
GCCATTCCATGTTCGA,3
TATCAGGGTGTAAACA,2
GTGCGTGAGTAGTGCG,3
AGCTCAATCCTTCTTC,6
ATTCACTCACTCCTGT,8
TAAGCGTGTATGGTTC,8
CTGCGAGGTAGTTCCA,5
ACTCCCAAGGCTTAAA,2
GGTGTTAGTAACCAGG,1
AACCATGCATGGATCT,1000
ATATCCTCAGCTACAT,3
GTTCGCTTCCTGGTCT,2
AGTGTTGTCAGGGTAG,1
GTACAGTTCACCTCAC,7
CTTCTAACAGGCACTC,2
AGTGATCTCGGTGCAC,6
ACCAACATCGGACCAC,2
CTGAATGTCGCTTGCT,4
GTTAGTGTCGCCAACG,1
TGTCCTGAGAAGTCTA,2
ATGACCAGTATCGCGC,6
ACTGCAAAGAGCATTA,8
GTCGCGAGTCGATTAC,1000
GGCGTCAGTGAGTGAC,1000
GTCTGTCTCTGATGGT,3
CCGTAGGAGATAACGT,1
CTGTGAAGTTCCACAA,2
TAACACGAGCCACAAG,8
GAGTGAGTCAGTCACA,5
TCATGGAAGGCCTTCG,4
TGTGGCGTCCATACAG,3
CAACAGTCAGCTACCG,3
TAAGTCGCAACTGCCG,2
TAGACTGAGTTCCTGA,8
GCACATATCAAGGACG,6
GTGTGGCGTTGGGACA,3
CAGCAATGTATTCTCT,6
AGGACTTCAGGATTCT,6
AATCGTGAGGTGAGCT,4
ATCGATGCATCGGTTA,1000
TTACTGTAGAGGTCAC,8
CCTGCATAGGGAGTTC,2
TCTTGCGCACTGAGGA,3
AATGACCTCAAGAGGC,6
GTCAAACCATACAGAA,6
ACTATTCAGCATGAAT,6
CGAGGAATCAACTGAC,3
CGGGTGTTCGACCAAT,3
ACAAAGACATCACGGC,1000
GCCAACGAGGATATAC,4
ATTCGTTTCGTGGCGT,5
TACTTCAGTATTTCTC,1000
ACGATCATCTGTGCAA,3
GGTCTGGAGGGCATGT,5
TAAGCCAAGAGGACTC,8
CGGAATTAGTAGGATT,1000
ATGCGATAGGTACTGG,2
AACAAGACAGAACTTC,1000
ACATGCAAGTAACCGG,2
CGTGATACATACTGAC,1000
TTCGGTCAGGGAGTGG,4
GTGAGGAGTATGAAGT,7
TACCGAAGTTCAATCG,2
CCGATGGGTAAGAACT,2
AGAGCCCCATGACTTG,3
ACATCGAAGTGGCAGT,5
GCACATATCCTTCAGC,4
CTCATTAAGCACCTGC,2
ACTCCCATCCCATACC,7
AAACGCTGTGAGGAAA,8
GTTACAGTCCTTCACG,1
TGATTCTCAAGCCCAC,1000
GCACTAATCGCTTGAA,8
AGATGCTGTCGCTGCA,3
ATTGGGTCAAGGTACG,2
CATCGTCGTATCGGTT,3
AACCAACCACGAGAAC,5
ACTATTCCATACTTTC,1000
CACTGGGTCTTCGCTG,6
ACTTAGGCAGAGTTGG,5
GAAGCCCGTTTAGAGA,4
AGGTAGGTCAAGGTGG,1000
TTCCAATTCAAGTAAG,2
GTCACGGGTCTCCCTA,4
CACAGATGTCATAACC,7
CTGGACGAGATTTGCC,4
CCGAACGCACCAAATC,2
ACCGTTCCATGGTACT,3
CAACAGTCATTGCTGA,1000
CATTTCAGTAAGTCAA,7
TCAGCCTCAACAAAGT,1000
CTGATCCTCGATTTCT,2
CTGCTCATCCGTGTAA,1000
CTGAGCGCATTATGCG,7
GCAACATCAGCATCTA,3
CAAGAGGGTATCTTCT,1000
TCCACGTCAGTCGGTC,4
CTCCCAAGTTGCGGCT,1
ATGTCTTCAACTGGTT,8
TTTCAGTAGCTAATCC,7
CCTCATGAGACGCTCC,2
CTTCAATCAGTAACGG,8
TACACCCTCGTCACCT,5
GGTAACTGTGCCTACG,7
ATCTCTATCAAAGAAC,2
CATGCGGTCTAGACAC,5
GTTATGGTCTCGACGG,5
TGGGAAGAGTACAGCG,1000
CCGCAAGTCACAAGGG,2
ACGGAAGCAATAGTAG,2
ATCCGTCGTAGTTAGA,3
TTTGGAGAGACAAGCC,2
GATGATCGTTCAGCGC,1000
TGACGCGCACCGGCTA,5
TTGGATGTCCGACGGT,6
TCAGGTAGTAGTTCCA,8
TGCGATAAGCTCGTGC,5
CATAGACAGATAACAC,6
TCCATGCAGCAAACAT,4
CAAGGGACACCAACAT,8
ATCGGCGGTATCCTCC,2
GAGGCAAGTGGCTTAT,2
TCATGTTTCTCTGGTC,1
CCGGACAAGACATGCG,3
ACTGTCCAGTTCCTGA,6
GAGGGATCATTCTTCA,1000
TAGGTTGTCCGATGCG,8
CTCTCGATCACAGAGG,7
AGAGAGCTCGGAACTT,1000
AACCCAAAGTTCGCAT,3
TACAGGTTCTGGAGAG,2
GCCAGTGTCTAGGAAA,5
CAGGTATAGTCCGCGT,8
ACACAGTAGAAAGCGA,4
CACGAATGTACCGTGC,2
GTGTGGCTCCAAGAGG,6
TATTGCTCACTATCGA,3
TCATGCCTCATTTCGT,1000
CGCATAATCGACATAC,3
CTATCTAAGTCTGTAC,5
ATTCCCGCATCTGCGG,3
CCACGAGGTTCTCACC,3
CTGATCCTCGTAACCA,7
CTGAGGCGTTATTCTC,4
ACACTGACAAGAATGT,8
CTAACTTTCTAGAACC,3
GAACACTCAATGAGCG,3
TACAACGAGGAAGTAG,3
CGACAGCGTATTTCTC,8
AACGTCAGTTTACGAC,1
CATGCGGTCCGCAACG,4
GATGATCTCTCGAACA,1000
GCCAGTGGTAACTAAG,2
TGTGAGTGTCACGCTG,5
AACGGGATCGACCAAT,2
CCTTTGGTCACCTCGT,5
AAGTTCGCAGAGTAAT,8
ATTCTTGTCCGCGATG,3
AGATGAAAGAGTCAAT,1
ATGATCGCATGGGCAA,6
TGCTGAATCGCCTTGT,4
GTATTGGCATGGAAGC,4
GTGCACGCAGGGCTTC,1000
AGTGTTGGTCGTCATA,8
GGAATCTTCTACGCAA,4
GCCAGTGCATTGGGAG,1000
AAAGGTACAAATCGGG,6
TTAGGCATCGTTCTCG,3
ACGATGTAGGATACAT,2
TCATTGTAGGAGGTTC,3
TGATGCATCCTTATAC,4
GGATGTTGTGCTAGCC,1000
CTGTCGTAGTTGAATG,4
ATTGTTCCATCATTTC,6
TCACAAGTCTGGGTCG,7
ATTCCATAGCAGCGAT,5
AAAGAACAGCCTATCA,5
TAGGAGGCATAGCACT,3
GGTAATCGTCTAACTG,5
AGCCAGCGTCTTCCGT,4
TTCATTGAGTGAGGTC,5
TCAGTTTAGAACTCCT,1
CTGTAGAGTTAAGGGC,3
CTTCAATAGCCTCTCT,8
TCAAGTGAGCAAATCA,1000
GGCTTTCTCTGGTGCG,6
AAACGCTAGCAAGGAA,4
GCAGCTGCATAGAAAC,3
GAGCTGCAGCGGCTCT,6
GGATGTTGTACGGCAA,1
GTAACCAAGAGGGTAA,5
GTCTTTACAAATACGA,3
ATGAAAGAGGGACAGG,1000
AATTTCCTCGTTCAGA,7
CGTGCTTGTGGTAATA,4
CTCCTTTGTTCTAAGC,5
TCTTCCTTCATTGTTC,1
TGGTGATGTGAAAGTT,5
CTGAGGCTCACGGGCT,1
AGGGAGTGTGTATCCA,3
CCAATGACAAACAGGC,3
CGTGTCTGTAACATAG,5
CGGCAGTTCATTTCGT,2
TGGGCGTAGCAATAAC,2
GACCCTTTCGCGAAGA,7
GGGAGTAAGCACCTGC,1
TCGTCCAGTAGTCTGT,2
CTTTCAACATTCTGTT,4
AGGGAGTAGGCACTAG,3
TGTTGAGTCTTGCAGA,1000
TTAATCCTCTGATTCT,2
GCCATTCGTATCGCTA,2
CACGTTCGTTGCACGC,1000
GATCGTACAGGTGAGT,1
CTGAGGCCAATCCTAG,1
ACTGCAAAGGTACTGG,4
ACTTATCTCTACCCAC,2
GTGCAGCCAAGCCCAC,7
TAGACCACATGTGGCC,5
GTACAGTAGACGGATC,8
GCATTAGGTCGACTGC,1
TAGACCACAAGTGGGT,1000
AGATGAAAGTTACGTC,4
TGAGCATGTACTGGGA,3
CAACAGTGTGTCGCTG,3
AGGATAAGTCTTCGAA,5
GTTACAGGTCACCTTC,7
GCATGATCAACGACAG,5
TCAGTTTCAAAGCGTG,8
TGCGATATCTGGGTCG,8
CGGCAGTCAAAGGCGT,1000
CAATACGGTAGATTGA,7
CATTTCAAGTGGTCAG,8
ACACTGATCTCGCCTA,2
GTGTTCCCATGACTTG,4
CCTCTCCCAATAGGAT,5
TTTGATCGTCGCCACA,3
AGAACCTGTATGCTAC,4
ACTACGACACCCAATA,4
CTCATGCAGTATGAGT,5
CAGATACGTACCCGCA,3
AGACAGGCATGTACGT,2
AAGTCGTCAAGACGGT,1
TGATTTCGTGTGACCC,1000
TCAAGACCAATGGGTG,5
AGGATAATCGACCCAG,2
AGCGTATCACGTATAC,5
TGGAGGAGTACTGACT,6
TATCAGGTCCGGTTCT,2
ACTATCTGTAGGCTGA,4
TGCTCCATCCACACCT,2
GTCATCCTCAAGCGTT,4
TCCACCACACATAGCT,1
AGTACTGGTGCCTATA,7
ATAGAGAGTTGGTACT,1000
GATTTCTCACCGTGAC,2
GGTTGTATCTTCCCAG,3
CTGGCAGGTATCGTAC,4
TCATCATCAAGGCGTA,3
ACAGCCGTCGGCTATA,1
TGTTCTAGTCGCTTAA,2
GGGCTCAAGGTAGTCG,6
TCACAAGTCTCAGAAC,5
CTTCGGTAGGGTAATT,8
GCATTAGTCAGCGCGT,2
CCTCCAAGTCCGCAGT,3
TGTGGCGAGGATTCCT,7
GTATTGGCAGACGATG,4
AGGTGTTCAATTGTGC,1000
ATTGGGTAGCATCTTG,2
CACCAAAAGACGACTG,8
CTCTCGAGTCCCTCAT,1000
AGACCCGAGGGTTGCA,3
ATCCATTTCGGCTTCT,4
CGGAGAAAGGTAAAGG,4
ATAGACCGTTCTTCAT,2
ACAAAGACACTACCGG,8
ACTTATCAGACATACA,8
CTACCTGTCACATACG,4
CATCCGTAGAGCATTA,8
TATTCCACACATCCCT,1000
CCTACGTTCTTCGGAA,6
GTGGTTATCTTCCTAA,1
AGACCCGTCCTACCGT,1
ATCGGATTCGTACACA,1
AGGGTGAGTGTGATGG,8
GCATTAGGTGGTAACG,2
GAGTGAGTCGCAGATT,3
GATTGGTTCCGATCGG,4
GTGATGTTCTCTTGCG,5
CATGAGTTCCATATGG,8
GTGTAACCAGCGTATT,7
TATCAGGTCCCATGGG,3
AGGCCACTCTCTGCTG,3
GGAGCAAGTATCATGC,1000
AGAGCAGTCATCGTAG,7
TCATGGATCAAACGTC,1
TACAGGTTCCTTCTAA,1000
GTTGTCCTCCTACGGG,5
GGTGGCTTCGGTCGAC,6
AGAAATGTCGCTCATC,6
TGAGTCACACTGTCGG,3
GTTCATTGTTCGTTCC,8
CTGGCAGGTTTACGTG,3
ATTCCATCATAACCCA,1000
CTCTCGACAGTCCCGA,6
CTAACTTGTCGTGGAA,7
TCGCTTGAGATAACAC,1
CCGAACGTCCCAAGTA,2
GCTCAAAGTAGCCCTG,7
GGCACGTAGGAAGTGA,3
TGTCCACAGCTAGATA,3
ATCATTCGTCGCAACC,8
ACCACAAAGGTTGGAC,1000
TCGCTCAGTCCGGTCA,7
AGCTTCCCAATAGGAT,8
TGGAGAGAGGAAAGGT,7
TACCCACCATTAAGCC,8
CATTCTAGTTCTAACG,3
GCTCAAAAGAATCGCG,2
TTAGGGTAGTAATCCC,8
TGGAGAGCAGTCGAGA,8
ATTCAGGAGTGGTTCT,1000
CTTGATTAGTGCCTCG,7
AGTGCCGGTGACGTCC,4
CTACTATGTTGCACGC,8
AACCCAAAGTAAGACT,1000
GGTGTTATCGAAACAA,1000
CCTTCAGTCAGTAGGG,6
ATCGATGCATTCTCTA,2
CATCCCATCGCCAATA,8
GAACGTTGTACGTTCA,1000
CTGTGAACAAACAGGC,5
TGTGTGAAGGTGCAGT,8
GCGTTTCCAGAGATTA,3
TGAATGCCATGATGCT,7
TCCGGGAGTTCCACGG,5
TTGTGGATCCGTGGCA,8
TCTGGCTGTAAGATCA,5
CGAGGCTTCCAATGCA,1
GTGCTTCAGACGACTG,7
ATAGAGATCGAGTCCG,8
CACGGGTAGATTGAGT,2
TTCTAGTTCTGTGCGG,5
TACCGGGAGGGTCAAC,7
CATGCAATCGACATTG,1000
TAGATCGCAGGTCAAG,3
GCCATTCAGGTGATCG,4
ATTCGTTTCACCATCC,1000
CCTCTCCGTAGGTTTC,2
CCTATCGTCTAAACGC,2
ACGGTCGAGTATGGCG,5
TACCGAACAAATGCTC,1000
TCTATCAAGATGGCGT,4
TCACGGGCAAGAATAC,3
CCGATCTGTGGAAATT,8
CGTCCATTCGTCCTTG,4
GAGATGGTCCGGCAGT,4
GCTGGGTTCCGTCCTA,7
AACGTCACAATCGTCA,1
AAGCCATTCTATGCCC,1
TCAAGACGTCTACAGT,7
CAGATCAAGATGCTTC,6
GTCGAATAGCATATGA,5
ACGTAGTGTTGAGAGC,2
CATTTCACAACTCGAT,2
TGGATCAGTCCAAATC,2
CAGATTGGTGCGAACA,1
AAGAACATCACCATCC,3
CATACTTTCCTTATGT,5
CAGTGCGGTACACTCA,4
TGCAGGCGTCGAACAG,1
GGAATCTCAAGGCGTA,3
GTAGTACGTCCATCTC,1000
GTGAGCCTCGAGGCAA,3
GTAATGCCACAAGCAG,8
CAGGTATGTGTCATCA,1
TCCACGTTCGGTGCAC,3
TGAGGTTCAGCTAACT,5
CTCAGGGAGTCATGAA,1000
TGAGTCATCACACCCT,1000
ACTTAGGGTAAGCGGT,8
GGTTGTATCAGAACCT,7
GTGGTTAGTATTCCGA,7
GTGAGGACAGTAGTGG,6
CAATCGAAGTCGGGAT,6
AACCATGCAGAGAATT,4
ACCACAACACGACGCT,1
ACAACCATCTGACCCT,8
CCTCTCCGTCAGACGA,2
TACAGGTCACCCTGAG,1000
GTGTTAGAGCGGGTAT,6
AGACCATAGCGTTAGG,4
CCTTCAGAGTATTAGG,8
CTCACTGTCCACGTAA,1
CACTTCGGTTGAGGAC,1000
TCATTGTAGCTCGTGC,2
TTGTTTGAGACATAGT,1000
ATTACCTCAAGGAGTC,6
TGTACAGAGAGGGTAA,1000
AAGGAATGTTTACGAC,3
AACAAAGTCCCGTTGT,5
TCCACGTTCAAGCCTA,3
TCGACCTAGTATTAGG,8
ACACCAATCGTTCCTG,1000
TCTTAGTGTGGCACTC,6
CACTGAACAGAGTCTT,4
TTGAGTGAGGCATGCA,2
ATGGGTTGTGCGGCTT,4
TCACAAGAGTCCGCGT,5
CACACAATCATGCAGT,2
AGCTACATCCCGTTGT,3
CAATACGCACAGAAGC,4
AAGTACCGTTGCCGAC,6
GGGTAGAAGGTAAAGG,5
CCCTGATGTACTGAGG,3
ATACTTCCAGTAACAA,2
GCCCAGAAGCGCCTCA,6
TACAACGCACCTCGTT,3
AAGGTAAGTTCTCGTC,1000
AATGGAAAGCTAGATA,5
CTAGACAAGCTCCCTT,5
GAATCACCAAGCTGCC,1
GTTGAACTCTGAGTCA,4
TTCTGTAGTCAGACTT,3
TAGAGTCCAGACCAGA,3
TCCCATGTCGAACCTA,4
GTGCGTGAGACAGCTG,1000
TTGGGATAGCCGATCC,4
GACTCAATCTCTTCAA,6
ATCACGAGTTCGGCTG,6
TTTAGTCAGGACTTCT,5
ACTATTCTCCGCACTT,2
GAAGTAAGTCCGACGT,3
AGGTTGTCAGTTGAAA,3
CATGCAATCCCAAGCG,4
ATCGCCTGTGGACCTC,1000
CCTGCATAGTTTCGAC,1000
TTTCATGAGTTGCTCA,1000
AACCATGAGCGACATG,6
CTCCGATCACCAGGTC,2
AGCGCTGCAGCTCTGG,4
CGAATTGGTGACCTGC,1000
TATTCCACATGGAGAC,6
GGAACCCAGTATCTGC,5
AGATCGTTCTGCGTCT,6
GGGCTACTCGCGTCGA,5
CTCCCTCGTGACTCGC,1000
AGGGAGTCAGATCCTA,1
TGACAGTAGATTGCGG,4
GTTCATTGTGCTATTG,4
CTCCTCCGTGAATTAG,3
ATGTCTTGTTGCATCA,7
GACGTTAAGGTTGGAC,2
GGGTAGAGTACAAGTA,4
GCTGCAGCATGGCCAC,1000
CTTCGGTGTACTCCGG,8
TGGTAGTAGGTAAACT,2
TTGATGGAGCAACAAT,7
GGGAGATCACTAGGTT,1
CACGGGTAGACCTCAT,1
AGTGTTGGTTTACGAC,8
AGGTCATCACAGTCAT,5
GAGGGATCACGGGTAA,2
TGCGGCAGTGTCCGTG,3
GGAATCTAGAGATCGC,8
TATTCCACAAATTAGG,8
CATCAAGTCATCAGTG,6
AAAGGATTCCAAGAGG,7
GAAATGAAGCGATGGT,2
GCACTAACAGGATGAC,1
TTCGCTGGTTCTTGCC,1000
GAACTGTTCCTTCTTC,8
GTTCATTCACGACAAG,3
GCACGTGGTACCGGCT,2
TACATTCCAGGCATGA,7
AAAGGTACAACACAGG,1000
AGTTCCCCATCTAACG,2
TCACTATCACTACCGG,5
ATCACGATCTGCAGCG,1000
AACCCAACAACGTTAC,5
TACTTGTAGACCCGCT,3
GGTGAAGTCCAAGCTA,2
CAGAGCCGTCTTCATT,3
TGCAGTATCTAGTGAC,8
AGAACCTAGGTTACAA,8
TCATGAGAGGCTCCCA,2
TAAGTCGGTTGGGTTT,1000
CGAGGAACATTACTCT,2
GGTAACTCATTCAGGT,1000
TTGGGTATCAGCCTTC,3
TGGGCTGCAGCACAGA,7
CTACATTGTGTACGCC,8
ATTCATCCAGAACCGA,1000
GGAGGTACAACTCGAT,4
GACCAATTCACTGTCC,2
CAACGATGTATTGCCA,1000
AATCGACCAACCCTCT,3
TGTTTGTAGTCCGCCA,5
ATACCTTGTTTCACTT,3
GTCATGAGTTGTAGCT,1000
TCTATCACAGAGTCAG,1000
ATTCGTTGTTTCCAAG,4
AAGTGAACAAAGCACG,4
CGAGGCTCACGTACTA,1000
CTGTAGACAAACGGCA,6
AAAGGATGTTAATCGC,3
GGGCGTTCAATAGTGA,2
TGTACAGCAAAGACTA,3
CTAGACACATAGTCGT,3
TCATGTTCACTGGATT,7
CCCGAAGGTAACCCGC,1
AGTAGTCCATGACAAA,3
GTCCTCAGTCTGTGCG,7
GTGCACGCAAGAATAC,5
TGTGTGACATGCCGAC,5
AACCTTTCAGTTGCGC,2
ACTGCAAGTAGAGACC,6
TAGGAGGCACGGCGTT,8
GCTTGGGTCGATCCCT,1000
ATCGGATCAGTTGTTG,4
CGAGTTAAGCGCTGAA,1000
AGATCGTCACTTCAAG,5
GAATCACAGAGATGCC,3
AGACAGGGTTTGCCGG,8
CACTTCGTCCATTTCA,1
TCGCTCAAGCTTCATG,4
CAGATACCAGAGTTGG,2
CATCGGGAGTGCACTT,7
ACACCAAAGTTCACTG,6
GAGACTTAGACGCAGT,7
TGATGCAAGTTACGGG,3
TTGTTCAAGCCAAGCA,5
ACCATTTAGGGACTGT,4
ATCACGAGTTCAGCTA,6
AGGATAATCATGAGAA,5
ACACCAACACTGCGAC,7
TGACGCGTCACAGAGG,1
CTGGACGTCCTGCCAT,5
ACGTACAGTCGAAGCA,6
TCACATTCAATTAGGA,1000
GGTAACTCATCCGGCA,6
TGTTCCGCAGGTAGTG,7
CGAGGAATCTATCCAT,8
CATAAGCCAGTCTTCC,4
CTTCCGATCAGTCATG,4
ACCTGAAGTATGTGTC,8
CTCCTCCAGCAGTAAT,6
CTGAGCGGTTACCTTT,8
AATGACCAGCCACAAG,2
TCTACCGGTGTAACGG,7
CATGCTCCATAGAGGC,5
TCAAGCACAAGAGGTC,2
GGGATGAGTCCACTTC,2
CGCATAACAAAGACGC,2
CTATAGGAGACTAAGT,1000
AGACACTCATTAGGAA,3
GTAGATCCAGCTCTGG,2
GTGCTTCGTATGACAA,3
ATCGTCCGTGGCCCAT,1000
ATGAAAGGTGCACGCT,1
GCAGCTGCAAACTCTG,6
AAGTGAAAGCCTGAAG,2
TGTCCTGTCCAAGGGA,1000
ACCTGTCTCTAGCCTC,3
ACAAGCTAGTGCACTT,2
CAAGAGGGTCGGAACA,1000
ACACTGAGTGTGCTTA,2
GGAGCAAGTAACGCGA,6
GTAGGTTCATAACAGA,8
TCGTGCTAGGTCGCCT,7
CACAACAGTTGGACCC,6
CCGATCTGTTCCGCGA,5
GCACTAACAAGTCCCG,2
CCTGCATTCGTCACCT,7
AATGAAGAGAGGGTAA,4
GCGGAAATCGGTCTAA,3
GCTGGGTTCTAGTCAG,2
CATACTTCATAGATCC,5
GTAACCACACATGGTT,5
GTCGTTCCATAGGTAA,7
ACTGTCCAGCCGATCC,2
GTCTAGAAGTGCTAGG,5
CTTCCGACACAGTACT,8
TTCTAGTCATGTGACT,2
AGTCACAGTAACAGTA,5
GAGTCTACATTCACCC,1000
TGAGTCATCGCACGAC,6
TCCGAAACATCGTCCT,3
ATGTCTTGTGCAATAA,5
TATTGCTCATCTCGTC,5
TCCACGTCACTTGGGC,1
AGCCAGCAGTGGAAAG,7
CCCATTGTCTTCGGTC,5
ATTCCTACACACAGAG,4
GTATTTCTCTTTCCGG,7
CTACAGAAGTGCAGCA,2
TCATGCCAGTAAACTG,6
CTGTGAAGTATGAAGT,5
GTGGCGTTCGTTCATT,1000
CTTCGGTAGGCATGGT,4
GCATCTCGTTGGTAGG,5
TTTACCATCGGAAACG,7
TCCTCCCCAATTCGTG,7
TGTTCCGAGATACGAT,2
AGGACTTAGTGCACAG,5
CCACGAGTCACAACCA,2
GCCTGTTGTACACGTT,2
AGAACCTTCATGAAAG,7
GCATCGGCAGGTGTTT,3
GCAGTTAGTTTATGCG,1
CTGTCGTAGGAGCTGT,3
AAGAACACATGTTACG,2
GTCGTAAAGAGCATCG,1000
GGGTGTCCAGGGTTGA,2
GATTCTTTCCATTCGC,7
GTGTAACTCGAGTCTA,1000
GCTTGGGCAGTCGCAC,1
TTCTTCCAGGTTCCAT,2
TTACGCCAGCTGGCTC,6
TTCTAGTGTCAACGCC,7
AGCTACAGTTTCGCTC,5
CAGAGCCAGAGCCGTA,5
GTCGTTCCATGCCGAC,1000
ATGGAGGAGAAGGCTC,1
ATAGAGACACCGGAAA,8
ACTGCAACATTCTGTT,2
TGGGAAGGTATTGCCA,5
ATCGGATGTCACTTCC,4
TCCACCAAGCCGGATA,3
CAGTGCGAGTCCTACA,1000
ATCCATTTCCTAACAG,4
CTCCAACTCGAACTCA,2
AACGTCACACCCTCTA,1000
GTGAGTTCATGTGACT,7
TTGTGGAGTATGGAGC,7
CAGCCAGGTTGGATCT,1
TGGATGTGTTGTATGC,2
TTGCATTGTGGTTTAC,1000
CTGAATGTCCATATGG,1000
AAGCCATCAGACCGCT,2
TACACCCGTACAGGTG,1
TCCTCGAAGAGCATAT,3
GCCGTGAAGACCTCCG,7
ACGGAAGCAAATACAG,1000
CGAATTGAGGGTTAGC,7
TGCTCGTTCATCTATC,8
GACCTTCAGTAACCGG,1000
CCGGACAAGACTAGAT,7
CGGGTCAGTCAAATCC,6
TCATTACAGCTGCCAC,3
TGTGTGAGTCTTACTT,3
TACGGTAGTTTACCAG,1
TGGGCTGCAGCAGTAG,7
TGGCGTGGTGCGACAA,3
TGGATGTTCCGTCAAA,4
ACTATGGAGAGTGTTA,4
GGGTCTGGTTTCCCAC,3
AGTTAGCTCGGTAAGG,1000
TCGGTCTGTTTCACTT,6
CAATTTCAGGACGCTA,3
GCTACCTGTGTGCTTA,1000
CTCTCGAGTGTTTGCA,1
TACCGGGTCGACGCGT,2
CCGGTAGTCATGGATC,5
GAGCCTGAGTACTCGT,2
TTACCATGTTAGTCGT,8
TACACCCCAGCAGTTT,5
CAGGCCAGTCAACCAT,2
TGAATCGAGACTGAGC,6
ACCCAAACAGTGCCTG,5
AACCTGACAGGTCTCG,6
GTGTGGCGTCCAATCA,3
AGAGAATGTCCACTTC,4
AGATGCTCACAGACGA,6
CATCGTCGTTCCATTT,2
GATCAGTCACTTTAGG,5
GAGGGTAAGGCAGGGA,5
TCGTGCTTCTATCGCC,1
AAAGGGCGTATGGGAC,4
TAGACTGCAATCGAAA,1000
AGATGCTCAGTGACCC,6
CGATCGGGTGGCTTGC,5
GGTTAACGTACGACAG,5
AGGATCTTCCTTCTGG,4
TCTCTGGTCATGCCAA,3
GTGAGGAGTAGCGATG,6
AATGACCCATGAAGCG,1
AAGATAGGTTGCCATA,8
TCATGGAAGACATAAC,7
CGCATAACAATAAGGT,6
AGCTACAGTAACGGTG,8
TGTAGACAGATCCCAT,2
AACCATGGTTGCATAC,6
AGGTTGTCAAGTGGCA,7
GGGACTCTCCTAGCGG,2
GTCAAGTTCAGTGCGC,7
AAGACAAGTTCGGCTG,1
ATCGTAGGTTCGTTCC,4
ACTGTGACACACCTAA,2
ATAGGCTTCAAAGACA,1000
GTCGTAAAGAGCAAGA,2
TACTGCCCAGCAGTTT,1
GTTCCGTGTTCTCCTG,2
AGGTTGTGTGTATACC,7
GAGAGGTCACGCTGTG,1000
ACCCTCACAAACACCT,7
GCCCAGAAGTTGCATC,8
ACATTTCAGCTGCGAA,3
TGCTCCATCCACAGGC,2
GACCTTCAGGAGTACC,2
GGGTATTAGCACGTCC,1000
GTCGTAACAACCAATC,8
CTTACCGAGGAAAGTG,5
TGAGCATCATCAGCAT,8
TTCAATCGTTTACCTT,5
GCCAACGGTAAGGAGA,1
TTCCACGTCCTCTCGA,5
GTGAGCCCATGAATAG,7
TTCTAGTCATAGATCC,8
TCCTTCTCATAGCACT,8
AACAAGAAGCACTCAT,8
CCTAACCAGGTCACAG,1000
GTCTGTCTCTGTCGCT,6
GTCACTCTCTTCGATT,5
TACTTCAGTCACTTAG,8
AGAGAATGTAGGTGCA,4
CGATGGCGTCCGGTGT,2
GCCAGCAGTAGTTACC,7
CAGTTAGAGTACAGCG,1000
ACTATTCCACAAATAG,1000
GACAGCCTCTAGACCA,8
TCTCAGCGTACAGTAA,5
GACTGATGTTCATCTT,8
CGGAATTCATCGTCCT,1
CATGCGGGTGTTAGCT,6
CTGGCAGAGTGTTGAA,5
AGGATAATCCTCGCAT,8
AGCGCCAGTCTAATCG,5
ATAGGCTGTGGAACCA,1000
GCATCTCCAAGATGGC,7
GAGCTGCTCTAGACCA,8
GAGACTTAGCGTCAGA,3
AAGATAGCAATTGCAC,1000
CTCCTTTCAAATTAGG,5
CCCTCTCGTCTCAGGC,8
TCTAACTGTACAGTCT,3
GTGTAACCAAGTAGTA,1000
ATTCGTTTCTGTTCAT,5
CGTGCTTCATCCAACA,1
TCATGCCGTTTGAAAG,2
TGGATCACAAGAAACT,6
GGTGTTATCTTCCAGC,2
TTGATGGAGGCAGTCA,4
TCGGATATCGATACAC,2
GAGAAATAGCTCTGTA,3
GAGCCTGTCTACGCAA,3
GGCTTTCCAAGGCGTA,8
CCCTTAGAGCTTCTAG,8
CTGTGGGCACTTGACA,4
ATGAGGGCATGTCAGT,8
AAGCATCGTCGTGGTC,1
ACACAGTCAAGAGTAT,4
CTACCCATCGCAATTG,4
GTAATCGGTTCCCAAA,2
GGGTAGAAGGAACGAA,7
TTCCTTCAGTAGCATA,3
GACACGCAGCTCGCAC,7
GGGTTATCACGTAGTT,1000
AATGAAGAGCGTTGTT,4
ATCCACCGTCAAATCC,1
TGAATGCAGGACTATA,5
TTGTTGTGTCTCGGAC,1
GGTCTGGGTAGGCTCC,1000
AGGGCCTAGGCTAAAT,4
TTGGATGAGTCCGTCG,2
TCTCCGAAGTGCAGGT,5
CCACGAGAGGTAGCAC,5
CATTGCCCATTGTAGC,5
AAAGTGACAGACGCTC,5
ACGATGTCAAGGAGTC,8
CTACCTGGTGACGCCT,8
AACCACAAGATGAACT,8
AGGGCTCCACCCAACG,1000
CTAACCCCAGCTACAT,8
CATCGGGGTCGACTTA,1
TGAGACTCACTTCCTG,2
GTGACGCGTCGTTATG,4
CTGGACGGTCTACGTA,3
AGGAAATGTTGCCAAT,8
ACATCGAGTACAAGCG,6
GGCGTCATCTGAATGC,1000
CTGCGAGGTCAGTCTA,5
TGCACGGGTTATCTGG,5
TTTCATGCACTCAAGT,2
AGGTCTAGTAGCTAAA,2
CAGGCCAAGGTATAGT,3
ATTCCCGCAAGCGAAC,8
ACTTTGTGTGGTTCTA,3
GTGAGTTAGCGCATCC,2
AGCATCAGTTTGGCTA,2
TTTGTTGCAGTAGATA,1000
GTGAGTTCACGATAGG,5
CAGATCAAGAGGGTAA,1
ATTCAGGAGAAGCGAA,1
AATGCCACACACACTA,6
TCGCTTGGTCTTCTAT,3
GGTAATCGTGGAAGTC,8
TGTGTGACAAATCAGA,3
AGTCACAGTCATTGCA,1000
TGTCCTGTCATACGAC,5
GCGAGAAAGGCTTTCA,1
GTGAGCCAGTTAACGA,7
TCATCATTCACGGTCG,3
AGCCAGCGTCAAAGAT,5
TGCTCCAGTAAGAACT,5
CCTAACCAGTGATAAC,7
CGAAGTTAGTTGCTCA,1000
TCTACCGTCTCCGAAA,7
TCAAGCAAGTTCGCAT,1
ACTTCGCTCTTCTCAA,7
GAGACCCAGATCGGTG,5
ATCCATTCAATGAACA,5
CGAGTGCAGACCATTC,1
ACTTAGGGTCTCTCCA,1000
GTAAGTCAGTTTCAGC,4
TAGATCGAGTATGAAC,3
AGCCAATTCTCGGCTT,5
GTCTACCCATCCTTCG,1000
AGATCGTAGTGCGACA,1000
AGCCAATTCAAATGAG,1
AGTTAGCAGGCCTAGA,1000
GAGATGGGTTCGGTTA,3
AGTTAGCAGAAGGTAG,1
GTAGGAGCAAGACGGT,2
TGAATGCGTATGCAAA,3
TCGGGTGAGCTTTCCC,7
GACTCTCGTCGAGCTC,1
TTCCACGGTGTACGCC,1
GGTAGAGGTTGCAAGG,1
CAATCGAGTCGACGCT,3
GTATTTCCAACTGATC,7
GCACTAAGTAATCAGA,8
AAAGGTATCTCGTGGG,1000
ACGTAGTGTACAACGG,5
TCACATTAGGTTGCCC,3
TCGAACATCTATCGTT,6
TTACAGGCATAGAATG,5
TCTTGCGCATTCAGGT,1
CCATCACCAAGTGGAC,1
GTCCCATTCAACTTTC,5
GACTATGGTCTTGCTC,1000
GGGAGTACAATTGCGT,3
TATACCTCAAGTGCAG,3
GTAATGCGTCATTGCA,3
CAGCACGTCCATATGG,5
CTGTATTTCAGATTGC,5
GAATAGAAGGAGGCAG,3
TTTACCACAGAATGTA,2
TACTTGTAGCAGATAT,5
TAATTCCGTAAGTAGT,8
TCAGTTTGTGCTCGTG,1000
TGGTACATCTCGTGAA,4
TAGAGTCGTCCTTTGC,7
GTCTACCGTTGTACGT,8
CAGATCATCCATTGGA,3
GGCACGTGTACCGGAA,8
TCTCTGGAGATGGCAC,7
GGGCCATAGTAGGGTC,1
GGTCACGAGCCTATTG,6
TCGGTCTCACACCTGG,8
GATGCTAAGTCTAGCT,3
AACAAAGAGCGTTCAT,4
GCCTGTTAGATAGTGT,1
GAAGAATAGATACCAA,3
TACTGCCCAGTCTCTC,5
AAATGGAGTCAGTCCG,3
GTGCTGGCAGTGTGGA,6
AAAGAACCAAATTGCC,3
TGTCAGAAGATCCGAG,3
ACTGTCCAGATGCGAC,2
TAGACCATCTGACAGT,3
AGGCCACGTCCCAAAT,5
CTTACCGCATGTTACG,1000
TGGTTAGTCAATCAGC,2
CCAATTTTCTAGATCG,5
GTGACGCGTAGGAAAG,2
GACCCAGTCGTGTGGC,7
ACTCCCATCCGTAGGC,4
GATGCTACAAGTCCAT,4
AGTGCCGGTTTAGAGA,7
ATTCCCGCATAGTCAC,5
CTCAACCTCTATCGCC,1000
CAATCGAAGACATGCG,3
CCTCACAGTTTGAACC,1000
ATGATCGCAGCGTTTA,5
TCATTACAGTATTCCG,7
CCACGTTAGCATTGAA,3
TCATTGTAGCTGCGAA,6
TTGGGTATCTCTTGCG,7
CAATGACAGCGGGTTA,5
ACACAGTTCGTTCATT,1000
CTCAATTCATACGCAT,7
TTATTGCGTAGACAAT,5
TAGATCGAGTCGCTAT,1
TCCACCAGTGGTAACG,5
GTTACGAAGACGCCCT,2
GTATTTCCAGGACTTT,1000
CTGAGCGAGATAGCTA,8
TGGATGTAGCGGATCA,5
GTCTACCAGTCATTGC,1000
GGGTTTAGTGGTAACG,7
ACAAAGACAGCCTTCT,1
CTCGAGGTCACTTGGA,4
AGCCAGCAGCCACAAG,6
AACGAAAAGGAAGTGA,8
TGGTAGTCAGAGGCAT,1000
AGGAATACACTGTTCC,7
TTACTGTTCGTGGTAT,4
TGAGTCATCAACCCGG,5
AGAGAATTCCGACGGT,7
AGGCTGCTCGTCGATA,2
TCACTCGAGGAGAGTA,4
CGGGTCAGTTCCAGGC,1000
GTCACGGTCAATGCAC,3
ACTATTCAGCGCCTTG,7
TCTTTGAAGCACCAGA,4
CTGCATCAGTCTTCGA,8
TATCTGTCATGAGGGT,3
AGGGTGAGTACAAGCG,1000
TATTTCGCATGGCCAC,5
AGGGTTTAGCGGACAT,4
CGGAACCCATGCACTA,4
AGTTCGATCCGTTGAA,1000
TTTCGATCAACGCCCA,8
GGAACCCAGCTGAGTG,1000
AGTAGCTTCATCTACT,7
TGTACAGGTTAAGACA,4
TGTAAGCGTATGCGGA,6
AACAGGGGTTACCCTC,8
GGAACCCAGCGTCGAA,2
TCCGAAAAGATTCGAA,3
ATCTTCACACAACGTT,1000
GTAGCTAGTTCCTACC,6
ACTATCTTCATTTGGG,4
ATTATCCCATGGGATG,4
TTCATGTAGCATCCCG,1
TCATGAGAGCACCGAA,6
TCACGGGGTGCGTGCT,8
TTACGTTCAAATCAGA,6
TCTCAGCAGGTGATCG,8
CAGTGCGTCGCGCTGA,2
GAAGTAACACACTTAG,8
CTGTCGTCATACTGTG,6
TCAGTCCAGGTCGCCT,5
AATGACCTCGAGCCAC,3
TAGAGTCAGCCTCTGG,8
TCCGAAAAGAACGCGT,2
AGTGCCGGTCGTATTG,1
CTCCAACTCAAAGACA,5
TCATATCTCTTCGACC,6
CATTGAGTCCCTTGGT,5
CAGTTAGTCTTCACGC,3
ACATGCAAGAATTCAG,7
TAACTTCTCCCTCTCC,1
AACCTTTGTTATGTCG,5
GTGTGGCGTGAGAACC,3
TCCATCGCATGTTCGA,1000
GGGAGATAGGTACTGG,7
ACACTGACACTTGAGT,4
GTCCCATCAATACCTG,8
GTGTGATGTTTAAGGA,4
GAGTGTTAGTTGCATC,7
GGGACCTAGCGATGAC,7
ATAGGCTTCAGTGGGA,3
TATCAGGTCATCTGTT,3
ATGGATCGTCGCATTA,7
TCCGAAAGTACTTGTG,2
TCTTAGTAGTTCCGGC,8
AGTACTGAGAAGGTAG,7
GTGAGCCGTCCGCAGT,2
ATTTCTGGTGAGGATC,1000
ACTTCGCAGTAACGAT,1000
GTCAGCGGTATTGACC,2
TCCCACATCATGCATG,3
CTGGTCTGTTCGAACT,2
ACAAGCTCAAGGTCTT,6
ACCCTTGAGGACACTG,4
CTTCAATAGGTTGCCC,4
CACTGAAAGTTAGTGA,1000
GTCCTCAAGTCCCAAT,3
TTACGCCCACTGGAAG,7
TCATGAGGTTTAGAGA,3
CTTACCGTCTATCGTT,1000
GAAGGACGTACGTGAG,7
GTGATGTGTCACCGCA,2
GGGAGTATCCAGCACG,3
TTTGGTTGTTAAACAG,1000
TCGTAGACAGTCGAGA,6
CTCAACCTCGGACAAG,2
CGCCAGAGTGTATACC,8
TTCCTAAGTGTTCAGT,1000
AGGAATACATAGAGGC,7
CGCGTGAAGAAACCCG,2
AGCTTCCCATACCAGT,3
GCAGCTGGTGATACTC,8
GCGAGAATCAGCCTCT,3
TGTTCTATCTTAGGAC,7
AAACCCAGTGTCACAT,8
GATCAGTTCTCGGTCT,5
CAAGGGATCTGAACGT,8
GTCTTTACAAGACCGA,2
CGGGTGTGTGAGTGAC,1000
CCACACTAGGGTATAT,2
GCAGGCTAGGTACTGG,8
AACCTGAAGATCCAAA,4
GTCAAACAGTCCCGGT,5
CAGATTGGTTCTCTCG,1000
CATGCCTAGGCATCGA,1
GTAAGTCGTATGGTTC,6
ATGATCGAGACAGCGT,2
GCCCGAAAGTCAGGGT,6
GTCATCCGTGGCTTAT,8
AACAGGGTCTGCCTCA,8
ACCTGTCGTATGAAGT,5
TAACCAGCATTAGGAA,3
AGGAAATGTAGCGCTC,4
AGGGTGATCATAGCAC,8
CTCCTTTTCTTCCAGC,8
GAGATGGAGTCATAGA,4
CTCAAGAAGACTTGTC,5
CTGCCATTCTTTGCTA,8
TTTACTGCACTTCATT,1
CGCATGGAGGTAGTAT,8
ATTATCCTCGAATGCT,4
GTGAGTTTCATCGCAA,1000
CTGCGAGGTGGCAACA,6
TTTACGTCACTAGGTT,6
GCACATATCAGCTAGT,8
TCAAGTGTCCCAACTC,6
ACTACGATCGTCGCTT,2
AGAAGCGAGTGATCGG,3
GCCGTGACAATATCCG,6
TGGTGATGTATGGGAC,5
GAGGGATTCTGGTTGA,4
AAAGAACCAAGAGAGA,8
CGAGGAACACCTATCC,5
AAAGTCCCACCGTACG,1000
CCGGACATCATTATCC,3
ATGACCAGTAGTACGG,4
ACATTTCTCGGCATCG,7
GTGTGGCTCCATCTAT,2
TACAGGTAGGAACGCT,5
CCCTTAGGTACCCGAC,5
GTAAGTCAGAATACAC,2
CAAGCTACAAGTATAG,7
TACTTCAAGTTTGCTG,2
ACTTCCGAGTCACAGG,4
CGGAACCGTAGTACGG,8
AGTCACAGTTAGAGTA,3
GCCTGTTTCGTACCTC,5
AGTGATCAGGTCATAA,6
GCGTTTCCACACTGGC,3
CTGTGAATCTCAACCC,3
CTAAGTGAGACATATG,7
CATGGTAGTGATATAG,3
AAGCGTTTCGGTGAAG,2
GCGAGAATCGATACGT,8
AGTTCCCTCTGACAGT,2
CATCCCACAAACTCGT,5
AGAGAGCTCAAGAGTA,2
GAAGGGTCACTACAGT,5
GTTGAACCAAGGTCAG,5
TCCATCGGTCCTGAAT,1
TGTGTGATCTCTAAGG,1000
CTATAGGTCCTGTTAT,2
GAGGGATCACCGTGCA,3
TCTGTCGCATCCAATG,8
GTCAGCGGTCAGTTTG,5
TAATCTCGTCTGTCCT,3
CCGCAAGAGGGCGAAG,2
TTGGGATTCATTTGCT,3
ACTTTGTCACGCTATA,8
TGATGGTGTTGCTTGA,3
TACGGTAGTTGGGTAG,4
CGATGGCAGAGCATAT,2
CCCTTAGTCTCTCGCA,2
AAAGGGCGTCATCCCT,1000
CTCCATGTCGGCTCTT,8
GTAACCACACCTTCGT,1000
GGAATGGTCAATCTCT,3
TCAGCAAGTTAGGAGC,7
TCGCTTGTCAAGCCTA,7
CTCATTATCGAGTCTA,3
TCAAGACTCGCTGTTC,1
CATGCCTTCGACGCTG,6
GAGTTACTCTATTTCG,2
GTAATCGTCGCCACTT,8
CGTAGTACATGTCTAG,1000
GTTACCCCATCAGCTA,6
CTTCCGAAGCCAAGCA,2
ACAAGCTAGGTCCCTG,1000
TCAAGCACACCGTGAC,1000
AAGCGTTAGGTTCACT,1000
GTGCTTCCAGTTACCA,3
AGGGTTTTCACAATGC,3
ACACTGAAGGTACATA,2
ATCTCTAGTGTCTCCT,1000
CTACAGACAGGTTCGC,1000
CGAATTGAGATGCTTC,1
AGGGTCCTCTTTCGAT,1000
GCGTTTCTCCGCACGA,6
CTTGATTAGCTGTGCC,2
TGTTCATGTCTACATG,8
AAAGTGATCTAGCATG,1000
TGCTGAAAGCCTGGAA,5
GGAGGATGTAGTGTGG,4
TGTGGCGGTTTCTATC,5
CTTCTAACATAAGCAA,1
AGGAGGTAGGTTTACC,2
TCCCACATCCGGCTTT,8
TCTGCCACACACGGTC,3
GGAGGATTCGGACCAC,3
TCTCTGGAGATTCGAA,4
CATGCTCCAGAGGGTT,1
TCATTACGTCTTTCTA,6
TAGGTACGTGACATCT,6
AGGGAGTAGACCTGGA,2
TACTGCCCATGGTACT,5
GGAGGATCAATGAAAC,1
ACTGATGAGAGAGCCT,4
TTCTGTATCTACCCAC,4
GCACATAAGAATAACC,1000
ATTCCCGCAACACACT,5
GGGACTCTCCGTGGTG,6
CTTCCGATCTTTGATC,8
AAGCGTTCAAGAATGT,2
TCATCCGAGGCCTAAG,7
CACTGAAGTGCAGATG,5
GTGTTCCTCTTACTGT,3
CTGCAGGGTAGATGTA,1
AGTGACTAGATACTGA,4
CAAGCTACAGCCTACG,6
GGTAACTTCGCATGAT,5
TGTGCGGTCTCATTTG,3
CCTTCAGCAACTGTGT,1
TCCTCTTAGTGAGGCT,5
AGTAACCGTGCCTACG,7
GACAGCCAGTTAGTAG,1000
CCACTTGTCACTGATG,3
AGAAATGTCCGCCTAT,6
GTCTAGACATACAGCT,3
AACTTCTCATGTTCGA,8
AACAAGATCCTCTCGA,2
TGAGACTGTAGGCTGA,7
CCAATTTTCCTAAACG,2
TCGATTTCAACCTAAC,3
ATGTCTTCAATCTCGA,8
TCAGTTTGTGAACGGT,5
GATGATCCACACGGAA,2
CACTTCGAGTCTTCGA,5
GTAAGTCCAAGTGCAG,4
GGAGGTAAGAGGCCAT,2
AAGCGAGTCTCTGCCA,6
GGAGCAAGTCCTTGTC,6
ACATCGACAGACGATG,4
AGGGTCCAGGCTGGAT,3
CAAGACTAGCCTGTCG,1000
TGACTCCTCAAGTGGG,7
GACGTTACAGCTTTGA,7
TCATACTGTCATGCAT,1
CCTCAACGTGTGTTTG,3
CGCATGGGTCCAGCGT,8
ATCACAGAGATCGCCC,3
AGACTCATCTTCTGGC,1
AGTACCAAGCATACTC,7
TTCACCGTCTTGCGCT,6
TTACCGCGTTCTCTCG,1000
AGAACCTCAGGTCAGA,2
GTTACCCTCAGCCTCT,4
CTGAGCGAGCGTCAGA,2
CGGGCATGTACAGGTG,2
GAGTCTACACGCCACA,6
TATCGCCTCGGCCAAC,4
CAGCAATGTCAATCTG,1
TGCTTGCCAATTGAGA,3
CATGCCTTCACGTAGT,7
ACTTCGCCATCGATGT,4
AGTAACCCACCGTCTT,2
GCCTGTTCAATAGAGT,8
TGTACAGAGAAGCCTG,6
TGCGATATCAGCGCAC,3
GGTTAACAGTAGACCG,1000
GTGTTAGTCGTGGAAG,4
AGATCCACACTGTCGG,5
TTGTTTGAGCTGGTGA,7
GTGCTTCCATCAGCGC,4
AGGATAAAGTGCGCTC,4
GTTCTATTCACCCATC,4
AAGACTCCACTTGAGT,6
AAAGAACAGATTGACA,8
ATGGGAGTCCCTATTA,7
GGTAGAGTCAAAGGTA,7
CTCCGATTCCGGTAGC,1
CTATAGGAGTCCCAGC,3
ATTCCCGTCTGGCCGA,4
CAGATTGCAGGTGGAT,2
AACCCAAGTATAGGGC,5
TCAGCCTAGCTGTCCG,1000
GCAGCTGAGAGTTGCG,5
TTTGACTCACCTAAAC,1
CGAGAAGGTGAGAGGG,4
GACCCTTGTTCAAGTC,3
CTCCCAACATCGGCCA,5
GGGCTACAGTTGCCCG,3
GTAGAAAAGCCGTTGC,6
TTTAGTCTCTCCAATT,5
CCAAGCGCACGTCTCT,1
TGATCTTCACGCTGAC,6
TTGAACGGTTAAACCC,4
AGAACCTCACCTCAGG,1000
AGCCACGGTGAGCGAT,8
AACGGGAGTATCGGTT,2
GTGATGTCATGGAATA,1000
ACAGGGAAGTTGCCTA,4
AGAGCAGCACGTATAC,1
CCTCATGGTCGTACAT,4
GCCATGGTCCTACAAG,5
GCCAGGTCATGTGGTT,5
CAGTTAGCAAGGCAAC,7
GCCGTGAAGGATACCG,7
TAATTCCCAGTGAGCA,3
AAGACTCGTTGCGGAA,1000
TGTTTGTCATACAGCT,5
TCTTAGTAGCAAGTGC,3
ATCACAGGTGTTCAGT,4
TCTTAGTTCGGCCTTT,1
ACCATTTCATAAGATG,7
TACGTCCGTACTGACT,3
GTGTTCCGTTATAGAG,8
GTCCTCAGTAGTCACT,3
GGGTTATCATCTAGAC,1
ACCTGAATCTCGCTCA,5
CTTGAGATCCGGACTG,5
GACCCAGTCAGGGTAG,3
GGGTTATCAGGTCCCA,7
ATTTCTGTCCCTCATG,3
TACGGTATCATTGCCC,6
TTACGTTCAGTAACGG,5
ATGTCCCGTTATTCTC,6
AGTTAGCAGACGCCCT,8
TTACGTTGTCACTCGG,2
ATTTACCAGACAGTCG,1000
ATTCGTTGTGACTCGC,2
TGTTGAGGTTGCAACT,3
AGGATCTGTCGTCATA,3
AACTTCTCATCCCACT,3
TGACCCTTCAAGCCAT,6
TCAAGACAGTATGACA,4
AGAACCTTCAAGGAGC,1000
AATCGACGTGACCGTC,4
TTGTTCAGTCACATTG,7
AGGAAATAGTTCGGTT,3
TCCTGCACATACTGAC,1000
CAGCCAGTCTGGTGCG,5
TACATTCCATTGTACG,8
CCTCAACGTTTCCAAG,1
CATACCCCAAGGAGTC,8
AGTCATGGTACTAAGA,8
GGTGAAGGTGACTCTA,2
AGACACTCATCATGAC,3
CAGCACGCACAGTCGC,1000
AGACACTTCCCTTGTG,3
GGGAGTAGTCACAGAG,1000
ATTCCCGAGGTGCATG,2
ACGTCCTTCTTAGCTT,3
TCTCCGATCAAGGACG,8
AATCGACGTGAGTGAC,8
AGTGCCGTCCTGCCAT,6
AGGTGTTAGCTCCCTT,3
TCTGGCTTCGAAATCC,1000
GTCCACTTCCCTTCCC,1
GCTTGGGCAAGAATAC,6
GGCGTCACAGCGTGCT,4
CATGCGGTCGCGGTAC,5
CTGCAGGGTCTACAGT,5
TGCTGAAGTTGTGGCC,2
GTTGTCCCACCGTGGT,5
CCTCAGTAGTGTACAA,8
AGGTTGTGTTGCCAAT,2
CGTTGGGGTTCAAACC,1
TCATCCGAGCCTGACC,5
TTCACGCAGTCCTACA,7
GTAAGTCCAGGTCCGT,1000
ATGACCAGTACAAACA,3
GATGATCAGGTCTTTG,3
TCGGGTGAGCGCTGCT,7
CTACCTGTCAACACGT,1000
TGCTCCACATTCACAG,2
TTGGATGCATGACTCA,5
TACCCGTGTGAGAACC,8
AAGTACCGTACTTGTG,4
ACTTCGCCAAGTTCCA,4
TACCTCGAGCCTCAGC,3
TGGATCACATGTACGT,2
CGAGGAAAGATAGCAT,1000
ATCTTCAGTCGCTCGA,3
TCTTCCTGTAGGTAGC,1000
AGCTTCCGTGTCTTCC,4
TCCTTCTGTTATTCCT,1000
GGGTATTGTTTCGTGA,8
ATGGGAGGTTAACCTG,2
CAGATTGCAAATCGTC,1000
TCAATTCCAGTAGAAT,2
CCGATGGAGTCATGCT,4
GTAGATCAGCCTCTCT,1
ACCTACCCATCGAACT,1000
AACCTGATCGTGGGAA,3
TCTCACGCAAGCAATA,4
GCCAACGGTATGAGGC,7
AGTGTTGGTTAGGCCC,6
GCATCTCGTCGATGCC,7
TGTACAGTCGTTCAGA,8
TCACATTTCGGACTGC,1000
GATGCTACAGTCAGAG,8
TCCTAATAGGCGCTTC,2
CTGTGAAGTCATCAGT,3
GATGTTGGTGTGAGCA,2
CATGCCTGTATCCCAA,4
GTGTGGCTCCCATTTA,6
AGCATCAAGTAAGAGG,2
CATTCTACAAGCAGGT,8
ACACCAACAAATCAGA,4
CCGATCTTCGGTGTTA,1000
ATTATCCGTCGGCTAC,8
TCGACCTAGATCGGTG,3
ATTTCACTCGTAATGC,3
AGCCACGAGGAGACCT,2
CATCGGGAGGTTACCT,8
ACCAAACTCGCAATTG,7
CACAGGCAGATGACCG,3
AGTAGCTGTATCAGCT,7
GGGCTCACAGAAACCG,2
CGGGTGTTCACGACTA,4
ATTACCTCATGACGTT,1000
GTACAACTCCGTGCGA,1000
AGCCACGAGCGTCAAG,3
AACACACAGACCCGCT,3
AACCATGAGGTATCTC,1000
AGCGTATGTCGTTGGC,8
TGCCGAGCACTGCTTC,2
CGTAATGAGTCAAGCG,5
ACTTTGTAGGTGGTTG,7
TCATGCCTCCAACCAA,7
GTGTTCCCAGAGATTA,3
GACCCAGTCCCTTTGG,1
TCACTCGTCAACTGGT,5
ATTCCTAAGGACATCG,5
CTAGACATCTGGGCAC,5
CACTGTCAGACATGCG,5
CTACGGGAGATTCGAA,5
CCAATTTAGGCTCAAG,1
ATCGATGCAGATACCT,5
AGTGATCCACCTCGTT,6
TCCTTCTCAAATCGGG,5
CTACATTAGACCAAGC,1
TTCTAGTAGATGGCGT,1000
AGTTCCCAGTGCAGGT,1000
ATCCTATGTAGATTGA,7
CTCAGGGAGCAGCCTC,4
GCAGTTACAGCTCCTT,2
GTCTACCAGTGGCCTC,8
GCAACATGTTGTTGAC,6
CGAAGGAGTACGGGAT,7
TCGAACAAGCACTAAA,5
TTGGATGAGATGCTGG,3
AGTAGTCCACTGGAAG,1000
TAGGAGGGTTGGGCCT,2
CAATCGAGTGCGGCTT,3
CTTCCGATCCCTATTA,2
GAAGAATCATTGACCA,2
TCTGGCTAGGCGTCCT,6
TGTCCACCACAAGGTG,4
GCCATGGTCGCATTGA,7
GAACACTGTGGGCTTC,3
CGATGCGCAGTAGAAT,1000
CGGCAGTGTAGGAAAG,7
TTCTAACGTCCATAGT,1
AATCACGCAGTTGAAA,3
CTCCATGGTTACCCAA,4
GAAGTAACAAGTGGAC,5
CGAGGCTCACTTGAGT,3
GTCTCACTCATGTCAG,2
AACAGGGTCACTAGCA,5
CCTGCATAGCTGACAG,7
AGGATCTCACCAACAT,5
GATTCTTAGGTAGCCA,8
CTCAATTAGGTTGGTG,7
AGACACTGTGCGAGTA,7
CCACAAATCCAAGCTA,2
CGTTCTGGTCGCGTCA,3
CTGGCAGGTTAGGAGC,8
ACTTAGGGTAACTTCG,5
TTTATGCAGCCTAACT,3
TGATTTCCACATTACG,1000
CAACCAAGTTAAACCC,2
AGAAGTAAGGGAGTGG,4
AGAACAAGTTCTCACC,1
CATTGCCTCGGAGTAG,2
ATGCGATCATCCGCGA,7
TTGGGCGCATCGGATT,6
GTCAAACGTGTGCTTA,3
AGACAGGAGTGGATTA,8
ACGTAGTGTCACTTCC,6
GTAAGTCGTCGGTGTC,2
AACCCAAGTATCCTCC,7
GGTAATCTCCGGGACT,7
TAGCACACAATCCTAG,1
ACCTGTCTCACCTGGG,5
CAGCACGAGGGCAGAG,2
CCGTGAGTCGAATGCT,1000
TACAACGCAATGACCT,3
ATTCCTAAGCCAACCC,8
AGACTCACATCAGTGT,1
TACTTCATCACGGGAA,7
AATTTCCAGGAATCGC,5
TTCATGTAGACTGTTC,6
CCTCAGTGTTGTAAAG,5
CAACCTCGTGCATCTA,2
TGCAGTAAGCTCGCAC,2
GAACACTTCGTTCTGC,8
GACACGCTCCACGTGG,1
TGATTCTGTGTAAACA,3
CCTTCAGAGAAACACT,2
CGGGACTTCAAGTGTC,3
CACGTTCCATGAGAAT,3
GAGAAATTCAACCTCC,3
CTGTGAAAGTATGAAC,8
TTGCATTTCCACGTCT,7
TGGGATTGTTCGTAAC,3
CCCTAACTCATTCGGA,5
TGGTTAGGTGTTATCG,1000
TACCTGCGTAGTGCGA,5
AGAACCTTCAAGAAAC,3
GTAGGTTCAAGAAATC,4
GTTTGGACAACCTAAC,7
GTCGTAACACAGAGCA,8
AAGTACCAGGAAACGA,3
ACCACAAAGCGTCAAG,3
ATGCATGCAACAAGTA,1000
TTCTCTCTCTGGGCCA,4
CTCAATTAGTAGGATT,1
AGGGTGACAATTCGTG,1000
AAAGGTATCTCAGAAC,6
TCGATTTAGAATTGCA,6
TGATCTTAGAGGCCAT,1000
GGGATGAGTTCCCACT,3
AGGAATAGTTCGGCGT,7
ATAGAGACAGCTTTGA,6
AATGCCATCGAGTACT,5
GTCAGCGCACTGCACG,5
GAAGTAAAGTGCAACG,1000
ATCTTCACAGGATCTT,6
TGCCGAGGTGCAGGAT,7
AAGAACAAGCTACAAA,7
GTGTTCCCATATTCGG,7
CCTTGTGTCGGTAGGA,4
CTTAGGAAGTAGAATC,5
TCGCACTGTAGCGAGT,2
GTGTGATTCCAGTGTA,1
AGTCTCCCACGCTATA,8
TCCTTTCGTATGGTAA,1000
GGAGATGAGCTGTACT,2
GTCACTCAGGAGAGTA,1
CTCAAGAGTGGATACG,2
TACGCTCAGCGGTATG,2
GTACAACAGCTGCCAC,1000
CACGTTCCACGTGTGC,1000
CGCATAATCCCTTCCC,2
TCGCTCAAGTCAGCCC,1000
TCAGCAAAGATGTAGT,5
GAACGTTCAAACACGG,1000
AAGTACCCAACTTGCA,2
TAGACCACACGCTTAA,3
TTCAGGAAGCCTCTTC,3
CGAGGCTCAATGGGTG,5
TCCTAATCATTCATCT,2
TGCATGATCGCGTGAC,8
AGCGATTGTGCGAACA,2
GGAATGGGTACGATGG,5
GGGAGTACAATGTGGG,8
AATTTCCGTGGACTGA,4
CGTCCATAGTCAGAGC,6
ACATTTCGTTGAGAGC,6
ACTTTCATCCACCTGT,6
AGTGATCTCTAGCATG,6
TGTTCCGAGCCACCGT,7
ACCATTTAGGTACTGG,5
CGATGGCAGCCATTGT,1000
CTGTGGGTCTCTTCAA,2
TTACAGGAGGTTCATC,1000
TTACCGCTCCGTTGGG,8
AGCGTATCAGGTAGTG,1000
GGGAGTAAGATGTTGA,1
CTCAATTAGCCAAGCA,6
GTCATTTCAGTGGGTA,7
TTACGCCAGGACAGCT,3
CCTAACCGTTTGAACC,8
GAGTGAGTCCACTGGG,7
CTAACTTCAGCGTACC,7
GATCAGTGTTTATGCG,8
GATTTCTAGAGATCGC,7
GAACGTTCAGCAGGAT,7
TATGTTCCATCGCTCT,7
AATTCCTGTCTCAGGC,8
ATAGAGATCGACATCA,5
CAACCTCCACGCGGTT,5
GTAGAGGAGTCAAGCG,5
GACTTCCTCGCTCTCA,3
ACCCTTGGTAGTGTGG,1000
CCTCAACCAGGGATAC,6
TGCATGACACTATCCC,2
TCGCAGGAGGATTCAA,8
CCGGGTATCTCGCGTT,3
TCAATTCAGGGCATGT,4
ATCGTAGCAGACGCTC,8
GTTCATTGTCCTTAAG,1000
TAATTCCTCGTTGCCT,8
CTCATGCTCATAGAGA,2
GTGCTTCCAGATCATC,1
GTGGAAGCAGGATGAC,4
TTACAGGTCGACATTG,4
GGAGATGTCTAGGCAT,6
TCTTAGTCAGGAAGTC,2
CGCCATTGTAATACCC,2
GATGATCGTCAGGTAG,4
TCCGAAAAGCTCCACG,6
GGGTGTCTCGAGTACT,3
CGGAGAACAGAGTTCT,7
CCCGAAGCAATGAAAC,3
TACCTCGAGAGTTGCG,3
TTCTCTCTCAACCCGG,7
ACTGTGAAGCGCAATG,1
AAGCATCGTACACTCA,2
TGCATCCTCCTTGAAG,2
ACACTGATCGCTTACC,2
TTATTGCGTTCTAACG,6
CTGTGGGAGCATATGA,8
TTGGGTAGTTGTGCAT,6
TATCGCCAGACCTCAT,7
AAGTGAATCCTGCCAT,2
GGCTGTGGTAGCCCTG,5
GAAGCGAGTGATAGAT,5
GATGTTGAGTACCGGA,2
TTTCACACACCGTGCA,7
TACCGAAGTATTTCCT,6
TTCATGTTCTCTGGTC,1000
GTCACTCGTATCTCTT,5
CATTGAGGTGTTCATG,5
TCTACATTCCATCTAT,1
TGGAGGACACTTGAGT,5
GTGCTTCCACAGGATG,2
CTAACCCTCGATTGGT,3
TGATCAGTCCGAAGGA,6
GAGCCTGAGTCAGGGT,3
GTGTTAGGTTAATCGC,2
TTGTTTGTCTGCATAG,3
CAAGCTAAGCTGCCTG,5
GCGTGCAAGTCAGCCC,7
GTCATTTTCAAGAAAC,1000
TTCCACGCACTGTCGG,5
TTGGTTTCAACCCGCA,4
GGTCACGTCCACACCT,6
AAAGTGATCGTAATGC,6
TGACTCCAGCGTGTCC,5
CGAATTGAGAACTTCC,1000
TATCCTAGTTAAGGAT,7
CACTAAGTCTACCAGA,8
AAGGTAAAGAGCGACT,4
GTACAGTGTTAGAAAC,6
TTTGGAGTCTTGGGCG,7
CGAGTTACAGACCGCT,5
GAAGAATGTGGTTTGT,8
GACCCTTTCACGGACC,5
CCACAAAAGTGGCAGT,1000
GATGTTGAGTGTTCCA,3
ACTTAGGGTTACACAC,2
AAAGTCCCATCCAACA,7
AGAACAAGTATGCAAA,4
GGTGTCGGTCACAATC,3
GCCCGAATCACAAGGG,5
GCAGTTACAGACAAGC,8
GCAGTTATCATCGCTC,4
GCACATAGTGTCTCCT,8
GACACGCCAAGTCCAT,5
CAGTGCGCAGACGCTC,7
AGAGCAGCACTCTAGA,1000
TGTTCTAGTACGGTTT,3
GACAGCCAGAGAGCGG,6
AGCTTCCCACACGGAA,6
AAGAACAAGGGAGGCA,7
AATGAAGAGACTAAGT,3
GGTGTTATCATTCACT,8
CTTCCGATCGTAGAGG,6
TGCATCCGTAGATTGA,4
TTGGATGCACGAGGAT,5
TTGGTTTCAAACGTGG,1000
TGGGAAGTCTCCGATC,3
CTGAGCGTCTCACCCA,1000
ACGGTTACAACTCCCT,7
ACAAAGATCTCTTGCG,3
GCAGGCTAGATGAACT,6
CTGAGGCAGAAGCTCG,3
TTCCGTGAGCGTCAAG,8
ACACTGATCGTCGCTT,3
GAAGAATGTTTGTTCT,6
GTGTAACCACACTGGC,3
AGCCAATAGCATTGAA,4
CCCAACTAGCGACCCT,3
TGCTTGCGTTAGTCGT,3
GTGTTAGCACAGCTGC,4
CAATCGATCGCAGAGA,3
CAAAGAAAGAGAGTGA,1000
GCATGATCAACAGCTT,3
GGATCTACAGACGATG,7
CCACGAGGTGTTTACG,8
CTACGGGAGAAGGATG,5
GATTCTTAGTAGACAT,1
CTCCTTTAGGAACGAA,3
AATCGTGGTCTGTAAC,2
ATGGGAGCACCATTCC,6
GTTAGTGTCAAGCCAT,6
TCGCTTGTCACTTTGT,5
AAGAACATCTCCCTAG,8
ACACTGACAGCGTATT,2
CAACGGCGTATACCTG,8
TAATCTCTCTAGGCAT,3
TGGGTTATCACTTCTA,3
AGACACTGTTGCCGAC,2
TTCACCGAGGACCCAA,2
GGCTGTGTCTTCTGGC,8
GTGCAGCAGTAGGCCA,1
TTGCTGCCAAGGATGC,7
CCTCAGTTCATGACAC,2
TAAGCACTCGTTGCCT,4
TACCCGTTCGGTAGGA,3
CTCAAGAGTATGAGGC,8
CCTCCAATCAGAGCAG,1
TTCTAGTTCAGGACGA,2
TGACCCTCAACGATCT,2
GGTGGCTCAAGGAGTC,2
GAGCTGCGTCATGGCC,1000
TTAGGCACACCAATTG,3
GTATTGGGTCGAGTTT,6
TGTTCTAAGGCCATAG,1000
CATAGACCAACTAGAA,3
TTCTAGTTCACGATAC,7
CGAGGCTAGGGCAGAG,3
TGCATGATCTGCAGCG,1
GAGTGAGGTCTCGGAC,3
CGGACACCATGGGAAC,8
AGTACTGCAATAGAGT,4
AGTAGTCGTAGGTGCA,1000
GTGAGGATCATTACTC,7
ATGAAAGTCCTAAGTG,1
ATTCCTAGTCTTTCAT,7
CCAAGCGCATCATCCC,3
ATGAGGGCACATACGT,2
CACAGATGTATTAAGG,5
CAATCGATCACCATCC,7
TACCGGGAGTGGAAAG,5
ATCACTTGTCTGTGTA,1000
CCTGCATAGTTGAAGT,7
CCACCATGTGCACATT,3
TTGGTTTCAACTGGTT,2
GTGAGTTCAGAGTGTG,8
ACATCGAAGTCGCCCA,1
TCTGGCTGTACCACGC,5
GAGACTTTCAGCTCTC,5
GTCCTCACACTAAACC,1
CACGGGTCACCGGTCA,1
AATGAAGTCCGTATAG,8
GAGTCTATCTAGGAAA,6
CTGTCGTCAACTAGAA,4
GCTACCTGTTGCACGC,7
TACACCCTCAAGGAGC,3
CCACACTGTTCGTAAC,8
ACCGTTCAGATGGGCT,1000
TCCTTTCGTCCTGTCT,1000
TGTTTGTCAAACAGGC,6
CTTACCGGTCCCAAAT,2
ATGGTTGAGATAGTGT,1000
CTGCTCACACTCACTC,1000
CTAGACAGTCTAATCG,7
CTCAGAACAGGGCTTC,3
AGTACCAAGCTGTTCA,4
TCAGTCCCATCCGAAT,5
AGTGATCAGCGGTAGT,3
AAGTTCGCAAGGCTTT,5
GTGATGTGTAAGAACT,8
TGGTGATTCTTACGTT,3
TGTTACTGTGGACTAG,1000
GGAGCAATCGAACGGA,7
CAACGATGTACTGACT,6
TAATTCCTCGAACTCA,1000
GATGAGGCAATTAGGA,2
CCACCATGTCACGTGC,4
GTAGGAGGTTATTCTC,7
GTAATGCGTGACTCTA,2
GGTCACGTCGCTGTTC,7
ACCCAAATCAAGAGGC,5
AACTTCTCAAGGCCTC,3
CGTAGTACAGTGTATC,5
TCGACGGGTAGAGACC,5
GATGGAGAGGATTCAA,3
AATGACCTCACGATCA,2
GCGGAAAAGGTGGCTA,5
TCAAGCATCTACTGCC,2
GCTGCAGGTGGATCAG,3
CAAGGGACAAGGATGC,5
ACCTGAATCTCGAACA,1000
CCCTGATCATCTTAGG,8
TAGCACAAGCGCTGAA,7
AAGTTCGTCGGTAAGG,3
TGCATGATCGGTAGAG,2
GATTGGTTCAGCATTG,4
AGATGCTGTATGCTAC,1000
AATCACGCAGCAAGAC,1000
GGTCACGCACGTTCGG,3
CTGGCAGGTTGTTGCA,5
CGTGAATCATTGAAAG,5
TGTAACGCACGTTCGG,1
CTACCTGCACCCATAA,2
CATACAGTCTGGAAGG,3
GCCAGCATCACTTTGT,2
ATTATCCTCCCTCGTA,4
TGGGAGATCCCGTGAG,4
GTGCAGCCACTCATAG,8
CTAAGTGGTGCCCGTA,3
GACCCTTGTATCCTTT,1000
TGGAGGAGTGGTCTTA,3
TCGGATAGTTATGACC,3
TGAGGAGGTAGGCTCC,1000
AGGTAGGTCGACTCCT,1000
TCATGAGAGTCATGGG,4
TTGCTGCTCGTCACCT,2
ACTTCGCCATCGGTTA,7
TTGCGTCCACACGGTC,2
GGGTATTTCAAGAATG,6
TGAGGAGTCCTCACGT,1000
GTAACACAGCAACAAT,1
CGGAGAACAACTCCAA,1
ACCGTTCAGAGCAGTC,8
TTGGTTTCATCCCGTT,4
CTGTGAAAGGGTGAGG,1000
TACTTACGTGATTCTG,3
TCACGGGGTGGTGATG,7
ATCGGATAGTCTTCCC,5
AGGACGATCTTGAGCA,7
GGAATCTAGAGTGACC,5
AATAGAGGTACGACAG,7
AACGAAAGTGTCCAAT,1
TTGTGTTGTACGAGTG,6
CCACCATTCACTGATG,2
TAGCACAAGCAGGTCA,1
CTCCAACGTAGCGATG,4
CAAGCTACAATGTCAC,3
AAGCGTTAGAGAGGTA,1000
AACAAAGCATAATGCC,8
GTCATCCGTGCACAAG,7
GCCAACGCATCAGCTA,1000
ATCACGATCCTACCGT,1
TGTTGAGTCAAATGCC,4
AGGAAATAGAGGTCGT,2
GGAGAACTCCTGGGTG,1000
TCAAGTGCATGGAACG,7
CTCTCAGCAACGGTAG,2
TGAATGCCAACCAACT,3
ACTGTGACATGGGATG,6
AGCGTATTCGCAAGAG,2
GGTGATTAGTATGAAC,5
CAGCAGCCACAACCGC,2
TGGTGATTCTGCTCTG,3
GATGTTGAGTTCCATG,2
GGTGTCGCAGAGTTGG,2
ACATTTCTCGGAGATG,4
GAATCACAGTTGGGAC,4
GATTCGACAGTGTGCC,1000
GAGTCATAGTGGCAGT,1000
GTAATCGAGATGCTTC,4
AGAAATGGTACACTCA,1000
GCAGGCTTCCCATAGA,1000
GTCACGGCAACCGTGC,7
CAATACGAGACTGTTC,7
ACCTGAACAATTAGGA,1000
CCGATGGCAAGTATAG,8
TCCCACAGTTAAACAG,7
TCGTAGATCACCTGGG,8
GGACGTCCACGGTAGA,6
GAAGAATGTATAGGGC,5
CTCTCGATCCTGGCTT,1000
CATCCGTCATCGTCCT,1000
ACTATGGTCCGGTTCT,5
TCGTCCAAGAGGCGTT,5
CTAAGTGGTACGACAG,4
GGAGCAAAGTGGTTGG,8
AGACTCAAGATGACCG,4
GTAGAGGCACGATAGG,1000
AAAGTGACAGTCCCGA,7
GCCATTCCACTACCGG,7
TGGGCTGGTCAGTTTG,8
TTGATGGGTTCAAGTC,7
GTTCGCTCACTTCAAG,8
AGATGCTTCAAGCCCG,2
GAGTTTGGTGCCCGTA,1000
GATCCCTGTATCGCAT,6
TACCGAAGTACGGCAA,8
TCGGATACAGGTAGTG,5
CCAAGCGTCACACCGG,8
ATGGATCCACTGTTCC,5
ATGCGATTCAAGGCTT,5
TCTACCGGTCCATCTC,5
TCCGGGAGTTTAGTCG,4
TACAACGGTCACAGAG,3
TGGTACACAATCCAGT,2
TAACGACTCCTCGATC,1
CATCAAGAGTCCTACA,7
TCAATCTAGGTTGAGC,8
TTACGTTCACTGGACC,6
GCCAGTGTCGTAACAC,5
AGGACGATCTTCGGTC,1000
CTTAGGAAGCCGTCGT,2
AGTACTGTCGTTCCTG,2
CCTCCTCAGCGTATGG,3
GATCATGCAAGTGCAG,1
CGTCAAATCTCTATAC,1
GCGATCGGTAGCTTTG,4
TGTCCTGCATATCTCT,4
TTGATGGGTCTCCCTA,7
GAAGTAATCAGCCTTC,6
ACTTTCACAGAAGTTA,7
ACAAAGACAACTACGT,7
TGATTTCGTCGCATCG,8
TGCATCCGTCATTGCA,2
GCAGCTGGTATCCCTC,7
ATTCACTAGGTATTGA,8
TCAGGTACATAATGAG,1000
TCGGGCAAGGGTGGGA,8
GTCTGTCAGGCGTCCT,7
GTTACCCCAATGAACA,4
AAGTACCGTTTAGTCG,8
AGCGCTGGTTATCCAG,7
AGGTCATAGATAGTGT,5
TGAGCGCAGAGAGCGG,5
GCTACAAGTTAAGCAA,5
TTATTGCTCGTTCTGC,5
TCGGATACACTTGAGT,3
AAAGAACCATACTTTC,1000
CATGCGGAGGTCATCT,6
GCATGATTCCGTGTAA,8
CGTGTCTTCCTTCTGG,5
GCAGCCACACCAATTG,4
CCAAGCGAGCCAAGTG,3
AGTGACTGTGTGGACA,2
CTATCCGGTTCACGAT,8
TTTCCTCGTCATTCCC,6
CAGGTATAGCAGTAAT,1000
CTGATCCTCGCGCCAA,1000
ACGATCAGTTCTAACG,6
AACAAGAAGACTGAGC,1000
TTCTGTAAGGTACCTT,6
TATCCTACAACAAAGT,1000
ATAGACCAGAACCGCA,1
TTTACTGGTTCCGCGA,1
TGAGCGCTCTGAGGTT,8
CCCTCTCAGCCGTAAG,5
CTGCATCTCTCTCGAC,6
AGTGTTGAGGGCCCTT,4
TCAATCTGTAATGATG,8
TGTAGACAGTGATCGG,5
TGGGAGATCCTATTGT,7
TCCTAATCATGCAGGA,2
CTACGGGAGGTTCTTG,3
CAATCGACACCGTGGT,2
TCGGGACTCCGCGATG,1000
GATCATGTCTTACTGT,1000
TCCGGGACAACTCCCT,7
ATTATCCCAACGCATT,6
ATCATTCCAATACCCA,2
TTACCATAGGAAGTAG,2
CCGTAGGGTGAAGCTG,7
GTCTACCAGTTCTACG,3
CAGATTGGTGCCGGTT,5
AGGGCCTGTGTGTCCG,3
ATGTCCCGTGTTAGCT,4
CAGCAGCGTTGCGGCT,1000
CTGGTCTCAACTCGTA,1000
CAGGGCTCACAACGAG,3
GTCTGTCGTATTTCTC,8
GTAGAGGTCTAGCCTC,5
CCTCAACTCGTAGCCG,5
GACCTTCAGTAGCCAG,6
TCATATCAGGTTAGTA,7
TACCGAATCGGTGAAG,5
TTCACCGAGAAATGGG,5
TGATTCTCACTCTCGT,2
CTACGGGCAGATTTCG,1000
GCTACCTAGATTAGCA,1000
CTGTGAAAGTACTGGG,6
CCAATGACAGCATACT,3
TCATGTTCAGCTTTGA,4
CCTAAGAAGGGTTTCT,6
CTCAATTAGAGTTCGG,5
TTCCTTCAGGCCTAAG,7
CTCCAACAGTTTCGAC,5
TAACCAGGTCTCAAGT,6
AATTTCCTCCACACAA,1
ATCGGCGCACAAAGTA,5
CATAGACTCTATCGTT,2
CTCTCAGGTCTAATCG,7
GGGTATTGTACGGGAT,8
ATGGGTTGTTGCAACT,7
CCCTAACTCCATTCAT,3
TTGTGTTCACGGGCTT,8
GCTTCACAGTGCAACG,8
GAGTTACAGCTGGCCT,8
TGACGCGGTTTATGCG,1000
GACAGCCTCTTTGCTA,3
GTTGTAGCAAACTCGT,5
AGTAGTCCAACACGAG,8
TACCTGCAGTGCTACT,1
GTTGAACCACACCTAA,1000
TAACACGCACGCTTAA,1000
AGATGCTTCGCGTGCA,5
TCCACGTAGATGACCG,8
CTCAAGACACGAGAAC,6
TCGCTTGGTTCAACGT,7
TGGTTAGAGCCGAACA,8
AGACCCGCATCCTAAG,4
TCAGTTTAGAGAGTGA,2
ATGGATCAGGGACCAT,5
TACGTCCTCCTATTTG,1
CACTGTCGTCTTCTAT,3
GTATTGGGTGTTCCTC,7
GGGTGAACAGCAGTGA,1000
ATCGTAGAGTGCCAGA,7
ATACTTCCATCCGTGG,8
GGCTTTCAGGTTGAGC,1000
ATCCACCGTGCCGAAA,3
GTTGTGAGTAGCTGCC,4
AACTTCTGTTACCTGA,4
GCCAGTGCAAATGCTC,4
AGGACTTGTCATCAGT,1
ATAGGCTCAACAGTGG,8
AGGGCCTAGCTTCGTA,3
TTCAGGAAGGGATCGT,4
GGGCGTTTCCGTAATG,6
GTAGAGGCACGTCTCT,3
ACCCAAACACTTGAGT,6
GATTCGATCCGTGTGG,3
GGTCACGAGGGTACGT,3
AGACACTGTGTCCACG,1000
CGATGGCAGCCACCGT,5
GGGTAGATCGCAGAGA,2
CCTGTTGTCTCCCATG,2
GATTCGAAGGCTTTCA,8
ATCGGATGTTGCGAAG,3
GAATCGTAGATTTGCC,7
TTAGGCATCGTTGTTT,5
CGTCAAATCACTAGCA,2
GTCAAACCAACATCGT,2
CTATAGGGTGAGACGT,5
TATCTTGTCTGTAACG,6
GTCATGACAGAACCGA,1
CAGGGCTCAATCCAGT,1000
CGGAATTTCCATTGGA,5
GGAATGGCAGAACATA,1000
TGAATGCGTCAAGCCC,6
TAGGTACCAGTCAACT,2
ATTTACCCAGCTGCCA,1
TGCAGTAGTGGTCCGT,2
ACCGTTCGTATCGCGC,1
TTGTTTGCACGACGAA,8
GACTCTCCATGGACAG,2
TGGTGATGTAAGATCA,6
AAACGAACATTATGCG,2
GTTCGCTTCGCACTCT,5
CTGTGAACAAGTGGGT,8
TCGGGTGTCTTGTTAC,5
TAGGTTGAGCACTGGA,8
TCAAGACTCTTTGCGC,2
TTGCCTGCACCTATCC,7
TAAGCACGTCGCTGCA,1000
GATCAGTAGTGGTTCT,3
GCATCGGCACGCCAGT,3
GTAGGTTGTTGCAAGG,8
TTGATGGGTGCGGCTT,3
AGATCGTCATGTGTCA,5
GCCAGTGCACACACGC,5
AATGGCTTCTTACTGT,7
TCTGTCGTCTCGCTTG,8
CCGGACAAGCGATCGA,4
CCAAGCGCAGAGATTA,4
GAGTTGTCAAATCGGG,7
TTCTCTCCAGTCGGAA,4
GGTGATTTCCGTTGGG,2
TGCTGAACAGCGAGTA,4
AGGAGGTAGCTGAGCA,1000
CGTCAAATCTGAGATC,7
AGGAAATTCGGCTTGG,8
CATCGTCTCTGAATGC,2
CTCATCGCATTCAGGT,2
ATTCCTACAACATCGT,7
AGTGATCGTAGCCAGA,1
CTTAGGAGTATATGGA,8
GCCAACGTCATGAGAA,7
ATCGCCTAGCTACGTT,1
TTCATTGCAAGTTCCA,2
GGGTTTATCTCCTGAC,2
CATCGGGCAGCTTCGG,1000
CTGAGGCGTAAGTTAG,1
CGGAGAACACGGCGTT,4
TTAGTCTTCATTTCCA,1000
GAGGCCTTCGAGTCTA,8
GAAGCCCCAACACGTT,1
TCCTTCTAGACGGTTG,6
GTGCAGCTCAAATGCC,2
GGTTAACAGGCGACAT,7
GATCATGCACAGTCCG,4
CTCAACCGTCCTCCTA,5
CCACTTGAGGCGAAGG,4
CTATCTAGTGAGCAGT,4
AGGCCACCATCGAAGG,8
CATCCGTCAGGTTCCG,3
CATCGGGAGAGAGGGC,5
TGTAAGCGTCACCTTC,3
GTTGTAGCAGCATACT,3
TCCGGGATCTGTCCGT,3
CGTAGTAGTAGATCGG,6
CCTATCGTCGTGCATA,3
CCGATGGAGCTTAGTC,5
CGTTGGGAGTGCCGAA,6
AGGAATAAGCGGTAGT,1000
GGTAACTGTAGATTAG,3
GTTGCTCCACAGTATC,8
CATCGGGAGTCAAGCG,1
CAATACGAGACTGAGC,3
TGCGACGTCGTTGTGA,5
AGGAGGTGTTCTGACA,1000
CTGTATTCATGTCGTA,2
CCTAAGAAGACGACGT,1
TACGCTCAGTAGGGTC,3
GCCCAGAAGGTAACTA,7
GTTACAGTCCGTATGA,2
AAAGTCCCAGTAACGG,5
CCTATCGCACTTTATC,5
GCTACCTTCAAGGACG,2
AACAAGACACCCTGAG,5
CATCCCACAGAGTGAC,2
GCAGGCTGTAGTTAGA,3
GGGTGAAGTACGCTTA,1000
TCACACCTCGAGAATA,3
GTGTCCTTCCGTGGTG,6
GGTAATCTCTGGAAGG,4
TCATATCGTATCGATC,2
GAGCTGCTCTATGTGG,6
GGGTGTCGTGTGTCGC,1000
AGGCATTCAAAGCTCT,3
CAAGACTCATCGCTAA,3
TCGCAGGCACGCACCA,3
CTGTATTGTCCGTTTC,3
ACAGGGAGTCGGATTT,6
TTTACGTAGGACATCG,1
CACCGTTTCACATACG,2
TTACGCCAGAGGCGTT,5
GCATCTCGTCACTACA,4
TCACGCTGTTCGGCTG,1000
TAGACCAGTGCTTATG,4
TCGAACAGTGGTCTGC,4
GGTGATTGTTGAGAGC,2
AAACCCACAGACAAAT,3
AACCATGAGCCTGAAG,1000
ATCGTAGGTGTTGCCG,3
TATTCCAAGGGTATAT,5
GTTCATTGTCAGACTT,7
GGCGTCATCCATAGAC,5
ATAGGCTCAAGAGCTG,3
TCTGGCTGTCTGTGAT,8
ATTCCCGCAGTGGGTA,2
CCTCCTCGTCGGTGTC,6
TCCTAATTCCCGATCT,5
ATGTCCCGTGGGAGAG,3
AACGAAATCACCTCTG,2
GTCCACTCACGTCGGT,8
GTGCTTCTCGTAGGAG,4
AAGCGAGCACGCAGTC,2
TCATGAGCATTACTCT,3
TTAGTCTTCTACTTCA,1000
TTAATCCAGTCTAGAA,3
CTGCGAGCAAACTCGT,2
GAGTTGTAGCTCTTCC,1000
GTTCGCTCATATGCGT,5
CCACCATTCTAGAACC,5
CTGCCTAGTATCTCTT,4
TGTAGACGTTTGAACC,3
GAGGCAAAGCCTTTGA,8
AGCCACGCAAACCGGA,7
GCTTGGGGTTTGTGGT,8
CACTAAGCACCGAATT,1000
AACCATGTCGTGTGAT,1
CCCTAACGTATAGCTC,3
ATTCAGGCAATGTGGG,5
CATCCGTGTCGCATTA,7
CTGTAGAGTTCTTCAT,7
GTATTTCGTTGCCATA,1
GACGCTGCAACTACGT,5
GTGTGGCAGCGGTAGT,5
GTTGTCCTCAAACGAA,3
GGAATGGCATCATCCC,5
TGGTGATCATCAGTCA,7
ACGTAGTGTCGAACAG,8
AGAAATGCATAGCTGT,6
TCCGGGATCTTGATTC,6
AACGTCATCTCAGAAC,8
CATGCCTAGGTCTACT,2
CCGATGGCAAGAGCTG,3
CCTTCAGGTTCTGACA,7
GTCTACCAGCCATTCA,1000
TTCCGTGTCTCGGGAC,1
TGTAACGCAAATACAG,8
GTAGGTTCAAGGACAC,3
GCATCTCGTACCAGAG,3
AGTACTGCAAGTATAG,4
ACAACCAGTCGCATGC,6
TGATTCTTCTCCGAGG,8
TTCTTGAGTGGACCAA,8
CTCACTGCAGACATCT,3
CGTTAGACAAGTTCGT,1
ACGCACGTCCGATAAC,8
TCAGGGCTCATGACAC,7
AGATGCTCAGGATCTT,8
GCGAGAATCAGCGGAA,3
GCAGTTACAACAGATA,3
TACCTGCAGACGTCCC,7
CCTATCGTCTGAGTCA,2
GGCTTTCAGGATATGT,1
AGATAGACAGTACTAC,5
TCAGTCCGTTAATCGC,5
ACTATCTTCAAGGAGC,1000
GTAGAGGAGGGCAACT,3
CTTTCAAGTTGACGGA,5
CCCTCAATCGGCTGTG,5
GCCCAGACAAAGAACT,3
ACATTTCCACGCTGAC,3
CAGCAATTCAGGAAAT,3
TGTACAGCAACCCTCT,8
TCTACCGTCCTCACCA,3
TGGATGTAGGCCCACT,5
CGGGTGTTCAGAGCAG,3
CTTACCGGTCACTGAT,4
CTTACCGCAGGAGACT,5
TACCTGCTCAGCTGAT,3
ATGGGTTTCTACCCAC,7
GCCAGTGTCATTTGGG,7
CCCTCTCTCTTCTAAC,2
CATTCTAGTCAATGGG,1
GATCACAGTATTGCCA,4
TCATACTAGATCGCTT,8
GGGTAGACAGTCGAGA,4
CTGCGAGGTCTACAAC,4
TGATGGTAGGACAACC,1
TTGGATGTCAGCATTG,5
TCAGTCCTCCTAGCCT,8
GCGTGCAAGGCAGGTT,7
TCTGGCTTCTTCACGC,3
ATCCTATAGTTGTAAG,7
TGTAACGGTTTAGACC,8
TTTACGTGTACGCGTC,3
CTCATCGAGCCTAGGA,8
CTCGAGGAGCCACTCG,1000
CGTCCATAGATCACCT,3
TTGACCCAGCGGGTAT,1
TGCTTCGTCAGACAAA,5
CTCTGGTTCTGCCTCA,7
AACCAACGTAATCAAG,3
TGCGATAGTAGACACG,8
AAGCGTTAGGCGACAT,1000
TCCTTTCCACCTGCAG,2
CCATCACTCTACTCAT,3
AGGAATACATGGCTAT,8
TTGGGTACAGGTCTCG,4
AATCACGGTCGTCATA,5
CTAGACAGTGATTGGG,2
TGATCTTTCTTAGCTT,3
CGAAGTTAGAGGTATT,2
CGCAGGTTCCTCTAGC,8
AGATGCTGTCAGTCGC,2
GGGCGTTAGTTGTAAG,1
TTAGGGTCAGCGTATT,2
AGTCTCCGTTTAGTCG,2
TGGGTTAGTCACCCTT,6
ACTCTCGAGGTCCTGC,8
TGAGGGACAAAGCAAT,3
CTGCCTAAGAGTCGAC,1000
TCATTCACAGGAATAT,1000
GCATGATGTCCGTACG,8
TGTCAGACATATTCGG,6
ACAGCCGCAGTCAACT,3
TTGGATGCAAGACCGA,1000
GAAATGAAGACACACG,2
CTGTGGGCAAGTGGCA,4
CAGAGCCAGGTTACAA,3
TGACGCGAGGTTTACC,2
CAGATACAGCGTACAG,5
CTGCCATCATCCTAAG,3
GGAGAACGTAGCTCGC,3
ATGGGAGGTGTGTCGC,2
CAGAGCCTCCCACAGG,8
TGAGGTTGTGCCTACG,1000
AAAGTGAGTACAAACA,3
AGAGCCCCAACAGAGC,5
GGTGATTAGAGCATAT,1
GTCTCACGTTTACCTT,1000
TTCGCTGGTGGACAGT,8
CCTGCATAGTGCGTCC,7
AACGGGAGTAGTACGG,5
GGGCCATCAGCAGATG,1000
AGACTCAAGTATGATG,1000
TGATTCTAGCCAGTAG,8
GGGTCTGGTGCCTGCA,3
TTACGTTCATAGAAAC,1
GGGTCTGAGGGTTTCT,8
GTGGAGAAGCAGAAAG,7
CATGAGTTCTCATAGG,1000
CATACTTCAGCGACAA,8
CTAAGTGTCGACTCCT,2
GCACGGTCAGGCACAA,4
TTTGGAGGTTCCACAA,1000
TCATGAGTCAGATGCT,5
CACTTCGGTGTATTCG,6
GCCTGTTGTTTACACG,7
CCTCCTCGTTGGCCTG,2
TTCGATTCAAGTGGGT,3
GCACTAAAGGTAGTAT,1
GCATCTCCACTAACGT,3
TGTAAGCGTGTATTCG,7
TTGGATGTCCGGGACT,2
CATACAGTCCATCACC,2
AGGTCATGTGGTCTTA,8
CTGCCATTCTGAATCG,8
TGCTTGCTCTCGACGG,1000
TCTAACTCACCCAACG,8
ACGATCATCATAGGCT,7
GGGTCACCACAGTGAG,6
GTAGTACCAGGTCAAG,4
AGTACCAGTTTATGCG,2
TAGACTGCAACTACGT,6
GCAGGCTAGAATTGCA,4
GGTAACTGTGCCTGCA,8
CTCAACCTCCCTATTA,1
GAAGTAAGTGTCGCTG,2
AATTCCTGTCGTCGGT,8
CGAGTGCGTGTCATGT,7
AACTTCTTCGAATGCT,6
TGTAAGCCAATTTCGG,1
ATGACCACACAGACGA,8
TGAGGTTAGCAAGTGC,8
TTCTCTCGTGCTCCGA,2
TAGACTGCACTTGACA,1
AGAGAGCAGGCATTTC,4
GACTCTCGTGGCTGCT,5
AGATAGAGTCACTGAT,3
AGAAGTACAAAGTATG,1000
TCGGTCTCACAGGATG,8
CGTTAGATCATTGTTC,3
TCTTCCTAGCCTGACC,5
GATCACACAACGACAG,8
GACTATGAGACAGCGT,2
CTTAGGAAGCGACATG,5
ATCGATGGTAGAATGT,7
AATCGACCACTACAGT,3
GGTAACTAGCACCTGC,8
TAACGACTCCGTTGGG,4
CTACCCAAGCAAATGT,3
CGGGTGTGTTACGATC,4
TCCGTGTCATGGCCCA,1000
ATTGTTCGTGGACTGA,2
ATTCATCCACGCTATA,2
GTTGCTCTCATTGTTC,3
AGAGAGCGTGAACGGT,2
AACACACGTGTTACAC,8
CGAGGCTGTTGGACTT,3
GAGTGAGCATCATCCC,1000
TCCAGAATCATTGAGC,1000
GATGAGGTCCGAGAAG,1
GTTCGCTTCAAGCCAT,1000
CATAGACTCTAAGGAA,5
TCATCCGCAAGCACAG,3
TCGGTCTAGAGCAGAA,1000
GTCACTCGTTTAGTCG,1000
TAACTTCAGGCGCTTC,6
TTTGGTTAGTAAGAGG,2
TTCCGTGTCTATTTCG,3
CGATGCGCATTAAAGG,1000
GCATCGGAGCCTCACG,3
GTAATGCTCTGAGATC,8
CAGCGTGGTGTGTACT,1
AAAGTGACACAGCTGC,2
GTGGAGAAGCGTGTCC,4
TATGTTCCAGCATCTA,8
ATCCTATAGAGTGAAG,4
TTACTGTTCCGTCAAA,3
GCACGGTTCTGCCCTA,6
GAGGGATTCACGGGAA,6
GCATTAGCATACAGAA,6
GGTGATTGTTCCAGGC,4
GCCAGCACAACACAAA,8
CAGATCACAGGTGTTT,1000
TGATTTCGTACACTCA,1000
AGACCATCATCGATCA,1
GTTGAACTCGTACCTC,2
TTGTTTGCACAAGTTC,5
TCCTCCCCACGGGTAA,3
TATTGCTCAGAACTCT,4
TCTATCAGTCTTCGAA,5
CTCCCAAGTTGTACGT,1000
GTTGTGATCCGTAATG,7
TACAGGTTCGGAAGGT,3
TATTGCTGTTGGATCT,3
CTCAGGGAGATTGAGT,8
GATCCCTAGGGCTTCC,8
TACCTGCCACGGGCTT,1000
GCAGTTATCAACTCTT,4
TTCCACGCACACCAGC,1
ACAGGGATCGGTTGTA,1000
GACTCAAAGTCGCCAC,3
AATGCCAAGACGCAGT,4
TGTCCACAGGGCCAAT,2
CGTTAGAGTCAAAGCG,6
AAAGGGCCATCCTATT,1000
GATGGAGTCTCCATAT,2
TTGTTGTCAGACTGCC,1000
AGTAGCTAGTTACGGG,4
TCCTTTCAGGTAAGTT,3
CATGGTATCATAAGGA,1000
ATTCCTAAGTGTACCT,3
AGTCTCCAGAATTTGG,6
GGGACCTTCGGAGATG,2
CTCATTACAGAGGACT,1000
GTAATCGGTTTGCAGT,4
GGGCTCAAGCAGGGAG,7
GGGAGTAAGCTGAGTG,5
ATGCGATGTGCGTTTA,4
TCAGCAAGTGTCCCTT,7
CTACTATAGGGATCGT,7
GTATTGGAGGAAAGAC,3
CCGGGTAAGAGCGACT,3
GGGATCCTCGCCGAGT,3
GCTTCACCATTGACTG,4
TCATTACCAGCGGATA,3
ACGGTTACAACTCATG,6
GTTGTAGAGCAGGCAT,1000
CAGCAATTCTTCTAAC,6
GAGATGGCACAGTCCG,3
CATGCTCCAAGCGATG,8
GTGAGCCCACAGTCAT,7
CAGTTCCTCGCAACAT,1
AGAGAATAGGATGGCT,1000
GACCAATAGACTTCCA,5
TACTTACAGGGAGAAT,6
CTGTGAAGTTGGTAGG,8
CCTGTTGTCCTACGGG,5
CGATGGCCAGCTATAC,3
AGGAAATGTCTTCGAA,3
CCGGTAGGTCTCGGGT,1
TTTACTGTCTCGCAGG,1000
TCCCACAGTGTGTTTG,1000
TGCTTCGGTGTAAATG,2
TCCTTCTCACAGTACT,6
TGCGATAGTCATCCGG,4
GAAGTAACAACTCGTA,3
GTCATGACACCATTCC,1000
GATGACTTCTGAGAAA,3
GTCACGGGTGTGAATA,8
CAATCGAGTCTGATAC,4
TCACGCTGTTCCACGG,3
CGAGGAACATTGCTTT,6
TGCGATAAGAGTTGTA,6
GGGCGTTCAAAGAGTT,7
TTCTAACGTCGAACGA,8
GACTGATGTACCTAAC,6
GGAACCCGTAGATTAG,5
AGTAGCTCAATCGCGC,6
TTAGGGTTCTACACAG,5
TGATCTTCAGCAGTAG,4
TGATCAGTCTATCGGA,5
CTACGGGGTGATGTAA,5
TCCTTCTTCGGATTAC,7
GGGAGATCACACGTGC,8
GCAGCCAAGCGCGTTC,5
GTTATGGGTGGCTTGC,1
CACTGGGAGCTGCGAA,8
TTTAGTCAGCTACAAA,7
ATCCATTAGACGCAGT,2
CCAATTTAGATCCAAA,3
CAGCAATTCCTCTTTC,4
CCTCTAGCACATAGCT,1000
AGGACTTAGGAAACGA,1
AACAGGGTCTAGTTCT,3
TACCTGCTCGGCATAT,1
CGATCGGTCTGTGCAA,4
TTCCTCTAGTGATCGG,5
CTTCTAATCAACCTCC,2
CTTAGGAGTTCCGCGA,4
CATGGATGTAGAGATT,6
CGGGACTGTAGCTGTT,7
CCTCAGTGTGTTCCAA,8
TACAACGCACCCTATC,7
CCTCTAGTCATGGCCG,4
TCTGCCAAGTCAACAA,1000
CCGGTGACATAATGAG,2
AAGCATCCACGCGTGT,1000
CACCAAAAGATTGCGG,4
TCACATTGTCAGCTTA,8
CATTGTTAGTGCCGAA,8
CATTCTACAAATTAGG,5
GAGCCTGGTGCTTCAA,1
GAGGGTACATCCGTTC,2
TCGTCCAGTCTCTCAC,3
AACACACTCACTTGGA,3
TGGGCTGAGTCCTGCG,5
CTGCCATCACACACTA,1000
AGCTACATCAAGCCAT,1000
CGAGGCTCATGATCTG,6
ACCAACATCATACGGT,1000
AGCGCTGCATGACCCG,6
ACTGATGGTAACGGTG,8
GCTCAAAAGTGCACAG,8
CAGATACCATTCTCTA,3
TCGCTTGTCACAAGGG,7
CTTCCGATCATTGCCC,4
AAAGGGCTCTGAGAAA,8
ATGAAAGGTTGCTCAA,1000
CACTGTCTCGTGTCAA,6
TGGGAGATCATCGGGC,1
ATTCATCAGTAAGAGG,7
CTTAGGACACCGGTCA,2
GGTGTCGAGACGATAT,7
TCCACCAGTCTCGACG,3
AAGCATCTCGTAGTCA,1
ATGGGTTCATACCACA,1000
GAGATGGGTACAAGTA,3
ATACCGAGTGGTCAAG,1000
TATTGGGAGCGCCATC,4
GACACGCAGGTTGGAC,4
TAACCAGTCCCATACC,1
GATGACTCACCGGCTA,1000
TTGTTTGCATATGAAG,8
GTCACGGTCATCACAG,1000
TTAGGGTCAGGATCTT,1000
TGGGAGACAGACGGAT,3
GACTCAAAGGTGATCG,8
TTGATGGAGTGCCCGT,1
CTCCCTCTCCAGCAAT,3
AACGTCAAGTAGGGTC,8
ATTCACTAGTAATACG,4
CTACCTGTCATGGCCG,7
TTTGATCCAAGACCGA,2
TACTTGTCATAAGCGG,8
CGCCAGAGTTACCTTT,7
TCAGCAAGTCTCCTGT,1000
TTCCACGGTCGGAACA,6
CGACAGCCATTGGGAG,2
GGGCTACGTGGTAATA,4
CTGCAGGGTCGCATCG,8
ACTTCGCGTGCCGTTG,5
GAACTGTAGATTGACA,5
TGTTCATGTCGACTTA,1000
TTGATGGTCCACGTGG,6
CATGAGTGTTTAGAGA,1
CGGAGAACACGACGCT,5
AGATGAAGTCCGAAAG,1000
TTACGTTAGCCTGACC,2
TGTGCGGAGTGAGGCT,6
TCCATGCCACCGGTCA,2
TCGCACTGTTTCTTAC,8
CGGAACCAGGTAGCCA,5
ATTCACTTCGCCCAGA,1000
CGCCAGAAGCTTTCTT,1000
TTTCGATGTGGTCCCA,4
CTTCTAATCTGAGATC,8
TATCTTGCAGGTCAGA,2
CATTGCCGTAGACTGG,7
GTGAGTTTCTGGGCCA,1000
TTTGTTGTCAGTAGGG,6
AGGAGGTCACCGGTCA,6
TGTGAGTGTAGGTACG,5
GAAGCGAAGCGCCTAC,4
TGGATCAGTGAATATG,4
TTTGATCTCCATATGG,2
CATCCACGTTGCAAGG,2
TGCACGGGTTGTCTAG,7
TTGGATGGTTGGTAGG,7
TGACGCGCACACCGAC,1000
ATTCACTTCCGATCTC,6
TATTGCTGTGGCAACA,1000
CTGCGAGAGCCATTCA,3
TAACACGCACATTACG,6
TGGAACTTCAGACCCG,1
GAAACCTCAATCCTTT,1000
TGTGTGATCATGTCAG,1000
TCGCAGGGTTCCAGGC,4
TGAATGCCACATGTTG,1
TTGTTCAGTAACGATA,6
AGTCAACTCGCACGGT,5
TGACGCGGTTTACTGG,2
ATTACCTAGATTGATG,4
CATCCGTCAACCCTCT,8
GCCGATGTCCGTCAAA,4
ACCAACAGTCGACTGC,8
GGTGAAGAGTCCTGCG,1
TCTGCCACACAAAGTA,2
GAAACCTGTTTCGTAG,1
ACGTCCTAGAGGCTGT,2
CTCTGGTGTCTGTAGT,7
GTATTGGCACTCTGCT,1000
TTCTAGTGTGAGTGAC,5
AAGGAATTCAAGGCTT,2
GTCACGGGTGGAGAAA,1000
AATAGAGCATGTGGTT,1
TCATGGACACCTGCGA,8
ATTTACCCAGCTTCGG,6
GGTGGCTGTTTCCATT,2
GTGGGAAAGTCACAGG,3
GATGACTTCAGCGGAA,5
GCATGATCAACGAGGT,3
GTTACAGTCGCTACAA,8
TCTATACAGGGAGAAT,4
GCATCTCCACCGAATT,3
CGGGCATAGCTTAAGA,1000
AGGATCTGTCCGGTCA,2
GGTTAACGTTAGCGGA,8
ACGGTCGGTTCCGGTG,3
TGTCAGAAGAATACAC,4
ACGATGTAGACCAGCA,1000
AACGTCACATCCTGTC,8
CATCCCACATCCTCAC,7
TGGGAAGGTAGAATGT,6
CTGATCCCAACAACAA,7
TAGGTACAGTGCGACA,1
ACCCTCAAGGACAACC,8
CGTTAGAAGACATGCG,5
CATTGCCGTTGCCTAA,1000
CGAGTTAAGTGATAGT,6
TAGACTGAGCAGCAGT,7
AACAAAGCAGTACTAC,8
ATGATCGCAGACAAGC,1
GTCAGCGTCTAAGCGT,8
CAGATCATCAGTCAGT,1000
TCCGTGTGTGGTCCGT,3
GTGGAGATCAAACGTC,2
GTTCGCTTCCACGAAT,1
GTTCTATCAGCAGTAG,1
GAAACCTGTGTCCCTT,7
CATCCACAGGCCACTC,1000
GTCATCCGTATCACCA,1000
GAGATGGAGAAGAACG,2
CACGTGGCAGTTAGGG,1000
TTGGGCGAGAGGTCGT,4
TTTCACACATTAGGCT,8
GTCCTCAGTTGCCATA,1000
CGCATGGTCATCCTAT,7
TAGAGTCCAACGATCT,1000
GTATTTCCACTACAGT,2
TTACGCCCAAGGCTTT,7
CTCTGGTGTCCTTGTC,4
CTTCAATTCACGGACC,1000
GAGCCTGAGATTAGTG,1
AGCATCATCTCGGGAC,1
TGACAGTTCCCTGTTG,2
TAACTTCCACAGTATC,1
TTCCTCTGTGGTAATA,1000
CAAAGAAAGCACGGAT,3
TGACCCTGTTGTGGAG,4
AACGAAATCCTCTAAT,8
ATTATCCCATTAGGAA,8
ACAAAGATCACCCTTG,8
TGAACGTGTGGACTAG,7
ACAGGGAAGCGGTAAC,2
ATTCGTTCAGCGTGAA,1
AATCGACAGGTAAGTT,8
CCATAAGTCTGCCTGT,1000
AGGGTTTCAAAGCGTG,5
CTGGTCTTCCGTGTCT,5
TTTCCTCTCGAGCCTG,5
AAGTTCGTCGCTATTT,7
ACAACCACAGTCTACA,7
CGATGCGCATCTCCCA,1
TCAGCAAAGATCACCT,1
AAAGTGAGTGTCCAAT,3
TTACGTTTCTTGTTAC,8
ACGTCCTTCGACCATA,3
GGACGTCCACACGTGC,2
TGCTTCGCATGAGGGT,1
TGCACGGCATGGCTAT,7
GCTACCTCAAGACAAT,2
TCGGGCAAGTAAACAC,1000
AACCTGACACCAAATC,3
TGTTCTAGTTGTGCCG,2
TCACTCGTCTTACCAT,3
CTAAGTGGTTCGTGCG,6
AATTTCCTCACCTGTC,8
TTGGGATCATTGGATC,2
CTACTATCATCTAGAC,3
TGGTGATTCACACCGG,1
GTCGCGAAGGCAGCTA,3
TTGATGGTCAGGCGAA,1000
CATAAGCCACGTCTCT,5
CGTAGTACATGACGTT,1000
GTGCTGGAGGGTGGGA,2
ATGGATCAGCGATGAC,8
GTATTTCGTTGACTGT,3
CTAACCCGTGAGTGAC,7
ACCCTCACACCAAAGG,8
GATGGAGGTTTGGAAA,1000
CGCGTGATCACCTCTG,7
ATTTCTGGTGTCTTCC,8
TTCTCTCAGTCTAGAA,5
AACAGGGGTACCATAC,1
AACCACAAGCTCATAC,3
AGTCTCCTCGCTGTTC,3
CATCCACCATGGCCCA,3
AGGTCATTCATTCCTA,1000
ACAAAGAAGATAGGGA,2
ATGCGATAGTTGCGCC,7
GTCGTTCCAGAGTGTG,4
CCACTTGGTTCCTAGA,1000
GGAATGGAGTGCGACA,6
GGTTGTATCTCGCCTA,2
CTCATTACAAGGCGTA,2
GAGTTGTCACGCTGTG,8
AGGATCTGTATGAGAT,1000
GTCACGGTCGACATCA,8
CCTAAGATCAGACCCG,5
AAACCCAGTACTGTTG,2
ATCCGTCAGTGATAAC,8
ATCGCCTTCCCATTTA,2
CAGCGTGTCTGGGAGA,4
GAGCCTGTCGTCAAAC,2
TGTGGCGTCTAGACAC,1000
ATTCACTTCCTTATAC,1
CAGATTGAGGCTTTCA,3
TTGAGTGTCACGGGCT,3
GAATAGATCGGTGTTA,5
GCACGTGAGTAAACAC,1
AGGAAATAGGACTATA,5
GTGGTTAAGAAGCCTG,3
AATTCCTCACTCCCTA,8
GAGGCCTCAGGTACGA,2
CTCCTCCCATTGACTG,2
ACGATCAGTAAGATTG,7
CGAATTGCAATACCCA,5
CAATTTCTCGGATTAC,3
CCTCAGTAGTCAACAA,3
TTCACCGTCCGTGTCT,1000
CAGCAGCAGCACTCGC,3
TGCACGGTCCGTAGGC,3
TGTAGACGTCGAGTTT,8
CACGAATCAGTTGTCA,3
GGCTGTGGTGTTATCG,3
TGGGAAGGTGGTAATA,3
CTCCCTCCATCCCGTT,1
AGGGTCCCAATAGTCC,8
AAGTACCCAGGACGAT,7
GAGAAATAGAACGCGT,3
CAGTGCGCAGACAATA,2
AGAACAACATGTTTGG,2
ATGACCACAGTAACGG,5
CTCAACCCAGCGACAA,8
GTGTAACGTAGAGACC,1000
AAGGTAAAGCTGTTCA,1000
TGGAGGAAGTGTACAA,1
GTGGTTAAGCAATAAC,7
AAACGCTAGCGTGTCC,1000
GTCAAGTAGTAGCCAG,3
AACCTGAAGCAGGCAT,2
GCAGGCTTCTACCACC,7
ACACCAATCCGACAGC,1000
GTTGTGAGTAGTGCGA,6
CAAGGGAGTTTGACAC,1000
TGTCCACGTCCGGACT,1000
CTAACCCTCCGATCGG,4
ACATGCAAGATAGCAT,7
ACGTAACAGTGAGTGC,5
GCTGGGTGTCTCGGGT,8
TTGGTTTCACGAGGAT,4
GAAGAATTCGTAGTGT,5
GTCCACTGTCATAGTC,5
CACCAAACAGAGTGAC,1000
ATCTTCAGTACGCGTC,3
GTGAGGAGTACAAGCG,1000
CTATCCGGTAGTTCCA,2
ACGTAACCACGCTGCA,1
GGTTGTACATCGCTGG,1000
AGATAGATCACCTCAC,1
CCCATTGAGCATTGTC,4
TGAATCGGTATGCTTG,3
GAGTTGTCAGAGGTTG,5
TGAACGTAGTCGGCCT,8
GGGTGTCAGGGTTTCT,1000
CCGGGTACAGCACCCA,2
TCAAGTGTCCCGAACG,1000
TATATCCAGGTGATAT,1
TCAATTCCAGCCGTTG,3
TTTCATGGTTGACTAC,8
TACGTCCAGGTCATCT,3
TATACCTCACTCCACT,7
ATGAGTCGTTTCAGAC,3
AGTGACTCAACAGCCC,5
TTGACCCGTCCAGCGT,2
TAGGTTGTCCCTTGGT,6
AGCTCAATCCATACAG,7
TGGTACAAGGTAAGTT,2
GAGGCAAAGTTGCTGT,3
TACCGAATCGCGCTGA,6
TTTACTGAGTCTACCA,8
CAATGACGTATCGTGT,6
TTACGTTCATCCAATG,1000
CAGAGCCAGGTGGCTA,2
AGATGCTGTGTCCATA,8
CTCCTCCCAGCCCACA,2
AATGGAAAGAGCTGCA,1000
CTTCGGTAGGAGAATG,3
GGCAGTCTCCTCAGAA,5
CAATGACTCCCATGGG,5
TCGAACATCTCTGAGA,4
CTACATTTCGTAGCCG,4
ACGGTCGGTATGATCC,8
CACCAAATCCAGGACC,2
GAGGGTAGTAGTTCCA,1
GTATTGGTCCCGTGTT,1000
GAGTCATGTGACTATC,2
GGATCTAAGTCCCAAT,4
AGGGTGATCCATCAGA,2
GTGCTGGGTAGTCGTT,7
AAACCCATCGGACTGC,2
TTGCCTGGTTGCTAGT,7
TAACTTCGTGCAGTGA,1
ATGGATCCAAGTGCTT,6
TTGGTTTGTTGCATCA,1000
CGCAGGTAGATGTTGA,5
TTGGGATTCAGCCTCT,7
GAGACCCGTCTTAGTG,4
ATCGATGGTGGACCTC,4
CGATCGGAGACGCCCT,1000
CGAGAAGAGAGAGGGC,5
CTTTCAAAGTAAAGCT,8
CGTCAAACACCAGCCA,3
GACCGTGAGCGATGGT,2
CATGAGTGTAGTTACC,1
GGGAGTAAGAAACCCG,8
CTGGCAGTCACAAGGG,1000
GGGTGAACATTATGCG,6
CAGGTATAGGTGTGAC,8
CACCGTTTCTGCCCTA,3
ATCGATGTCATCTGTT,1
AGCCAATCAAACTCGT,6
GGGACCTCACCTCTGT,6
CTGTGGGCAGTTGTTG,7
GTAGCTATCAGAGTGG,1
GTCTAGAGTGGCTTGC,1000
GCCGTGAGTATCTCTT,7
ATAGGCTTCCTTCGAC,1000
CCGGTAGGTGGCATCC,8
TCTGGCTCAAAGCAAT,6
AGTAGCTTCGTGGAAG,1000
AGGGCTCCACAGAGCA,4
GTGACGCCACGACAGA,1
GACATCAAGGATTACA,1
TCATGCCCAAGCACAG,4
CCCTTAGAGCAAATCA,4
CATTGCCAGTAGGTTA,2
CGTAATGCACGCTATA,1
TGCTCGTTCGCCGATG,5
TTGAACGGTGAGCAGT,5
TAACTTCAGACTTCAC,2
TTTGGAGAGCGGGTTA,7
GATCACAGTACGAAAT,5
ATCGTGAGTGCTAGCC,7
TGTCAGAAGAGCCGAT,7
GTGAGTTTCTAACGGT,5
GCAGCTGAGTTGGACG,4
CGTCCATTCTTGATTC,5
TTCTCTCCAGGACGAT,5
CTTCGGTGTTGCTGAT,5
TTGGATGGTAGGTACG,1
AGCATCATCAATGTCG,3
GTTACGATCGAAGAAT,5
TGTACAGGTTACCTTT,3
GGTGATTCAAACGGCA,8
GATAGCTCAATCGAAA,1000
TGTTACTGTACCTAAC,4
TCGCTTGTCTCTCGAC,5
ACATCGAAGGCCTGCT,8
GCTGCAGAGCGTTCAT,7
TCCTTTCTCTGCCTGT,2
CTTCCTTTCTTAGCCC,3
CAGCAATCAGAATTCC,3
AGGGCCTGTCGCATCG,6
CCCAACTGTGAGCAGT,1000
GGGAAGTAGGCCACCT,3
CATCCACAGCGTCTGC,8
CTCGAGGCAACGCATT,3
GACCGTGAGTTCACTG,2
GGACGTCTCGAGTGAG,3
AAAGAACGTGCTATTG,6
TATCAGGCAATTTCTC,7
AACAAGAAGGATTCCT,5
ACTGTGACAACAGTGG,5
ACAGGGATCTACCACC,8
CAATCGATCAACACGT,1000
GACGCTGCATCGGATT,3
GCTTCACTCACTGGTA,5
AGATCCAGTAATGCTC,2
TTGCATTTCCTGGGAC,2
GCACTAACATCGGAGA,3
AGACCATAGACTTAAG,1000
ATTGTTCCAGGGTCTC,2
ACTGTCCAGCGTGCCT,5
GGGTCTGAGATACCAA,4
CGGGCATAGTATCTGC,3
TTCCGTGTCCCGAATA,3
AATGGAAAGTTGCCTA,5
ACCAACAAGAATCTAG,1
TGAACGTTCAAGAGGC,3
GATTCTTAGCCACAAG,5
AACACACGTGCAGTGA,1
ACAACCAAGCGTGAGT,2
GATCGTAGTCAAGGCA,1000
CCGGGTATCTAGCCAA,6
CCACACTTCACCATCC,1000
CATCCACAGCCAAGCA,8
ATGGGAGAGTTCCTGA,6
GAAACCTTCACTGCTC,1
GGTTGTACAAACCGGA,3
CTGCCATAGATAACGT,2
TCCGTGTGTAGTCGTT,2
GAGGCCTAGGCTGAAC,7
CTACAGACACAAGCCC,8
TTGCCTGTCTCGGCTT,2
ATGTCTTAGCGGACAT,7
TATGTTCTCACTTATC,7
TCTTGCGCAACTCGAT,4
GCACGGTCATAGATGA,3
AATCACGGTTCTCTCG,8
GTTGCTCAGGCAGCTA,1
GTAATCGAGACAGCGT,5
ATAGACCCAGAACTTC,1000
ACAGGGATCTGGTTGA,3
AACCTGAGTAGGCTGA,1
AGATGAAAGTGGAAAG,3
AAACGCTAGACTGTTC,8
CATTCCGTCAGAGTGG,3
CTGTGAACATCGGATT,1000
TGTCAGAAGCGTCTGC,5
ATACCGATCGTGCAGC,6
AACTTCTGTTCAAGTC,7
AACCTTTGTGTTGACT,1000
TCAGGGCTCGCAGTGC,8
CAGGTATCATTGAGCT,4
CGCATAAGTGACCGAA,8
CATACCCAGTAAACTG,5
AGAGCCCTCTCTGAGA,7
GTCACGGGTGATGTAA,3
ACTTTGTAGAAATTCG,5
CTCAACCCAATTGAAG,6
TATTGCTTCTACAGGT,7
CCACGTTGTTTGTTGG,3
GTCAGCGAGGTACCTT,8
CCCGGAATCGCCTATC,5
GTAATGCGTAACATAG,3
TTTCATGCAGAGAATT,6
GGTAGAGAGTCTAACC,4
TCCTTCTAGCATAGGC,6
AAGTTCGTCCACGTCT,2
TCCTTCTAGAGCGACT,2
TTTGGAGCATGTGACT,1000
ACAAGCTCACTTCAAG,1
TAACCAGAGCAGCCCT,1000
AATGGCTCATGCAGCC,8
CCACACTCAGAGGACT,8
TTAGGGTAGATGATTG,6
GGGAGTATCATGCCCT,3
TAGGGTTAGATACTGA,5
ACAAGCTTCACGGTCG,1000
TCACTATTCTTGGTCC,5
TTGGGTACAGAGTGAC,3
GGGTTTAGTAACATAG,5
GAAGTAATCATGCGGC,2
CCGTGAGGTCAGGTGA,3
CATCGTCAGGGTTAGC,1000
GACTATGGTCTGCGCA,7
CCACCATCAAGTGACG,2
GGAGATGTCAAGTTGC,7
ACATCGAGTTGTCAGT,3
CCTTGTGAGCCGCACT,5
AACGTCATCTGAGGTT,1
TGTTTGTAGAGGTTTA,6
GGAAGTGGTAGAGTTA,7
CATCGTCCAATTGCGT,4
GCTTTCGTCATCGCAA,4
CTTCAATAGCCTTTCC,7
GTAGGAGCACCTCAGG,5
GCCGATGTCGACACTA,3
GTCATGAGTCGCGTTG,4
GGAATCTTCATCTACT,7
GGGTATTGTCACTCAA,7
TGTCCCAAGGCTCCCA,2
ACCGTTCGTCTGTGTA,4
CCCATTGTCTCTATGT,2
GTGATGTAGTGCGTCC,3
ATACCGACAGTCGGTC,5
TCCTCCCCATCCTGTC,6
ACTATCTAGCCTCTTC,2
CACAGGCAGGTGAGCT,1
CCGTTCACACACCTTC,8
TCAGGGCGTTGGGCCT,7
TATGTTCGTATCTTCT,1000
CAATCGACACGTAACT,3
TGCAGGCCATGTCTAG,8
TCAGGTAGTACTGACT,4
AATGGCTAGTTATGGA,5
GGTAATCTCGAGAAGC,5
CCGGTGATCCCATAGA,3
AACGGGAAGAGGTCAC,1
TGCACGGCACAATTCG,3
CTATCCGGTAGGACCA,8
GACTTCCGTAGGAGGG,1000
TCTCCGAAGGCCTGCT,3
GTTCATTCAGGTCCGT,2
CTGTGGGTCGCCTTGT,2
ACTCTCGGTATCACGT,3
TACATTCAGGAACGCT,5
TGAGTCAAGTTCGCAT,2
CATAAGCGTAACTGCT,7
CTTCTAAAGTCCTACA,4
TGAGACTAGGCACCAA,5
GAATAGAGTCTGTAAC,5
TACAGGTCATTAAAGG,1
CCACTTGCATCGGTTA,8
GACTGATCAACTCATG,1000
ATGAGTCTCTTTGGAG,4
ATACCTTGTCTCGGAC,6
TTACTGTAGAATACAC,4
CCACGTTGTCACTCAA,5
GACTGATTCGGAACTT,7
ACATCGAGTGATTCTG,6
CCGGGTATCAGACATC,4
ACTTAGGGTACTAGCT,1000
GTAATCGAGCGCCCAT,8
ATTCCCGTCTTTCAGT,6
CTTGATTTCGCAGTTA,3
TACATTCAGGCGACAT,1000
TAGGGTTAGTTGGGAC,1000
GGTAACTGTGCGTGCT,3
TCAGCAAGTGCCCTTT,7
CCGTGAGCACCACATA,3
CCGTTCACAACCAGAG,8
TTTGACTGTGGCTCTG,1000
TGGATGTGTAACAGTA,7
TCACACCTCCTACCGT,7
AAGCGAGCACCCAAGC,3
ACATTTCGTATGACAA,8
TTAGTCTCAATGTTGC,6
GCGAGAAAGAGCCGTA,8
TGTCCCACATGTTCGA,8
GTACAACAGCTCGTGC,4
CTATAGGGTCGGTACC,6
TCAAGACGTACGTGAG,5
TCGGGACCAGACCAAG,8
AAGTCGTAGCTCCATA,6
TACCCGTGTGGTCCGT,8
GTAATGCAGTATGATG,3
GTAATGCAGGTAGTAT,8
CCGAACGTCCCTCAAC,4
TGAGCATGTAACACGG,1
ATTGGGTGTTATGTGC,3
TGTGATGCACACGGAA,5
GAGATGGAGTTCCATG,5
CTGATCCGTTCGAACT,1
GCATTAGAGTAGAATC,1000
CACTAAGGTGAGCAGT,6
TCATTGTAGTCGGGAT,5
ACATTTCAGTAAATGC,1
TGAGCGCTCTACTCAT,4
CCCAACTAGAAGGGAT,3
AGGAATAAGCTGCGAA,6
CTGATCCAGGCGAACT,4
GTAGTACAGTGGACGT,8
ACGGGTCAGGGAGATA,5
TCCGAAAAGCAGAAAG,1
TACATTCAGGAGGGTG,3
CGAGAAGCAGGCTATT,3
ATTCCCGGTCTCAGAT,8
TCCCACATCAAACCTG,8
GACCTTCTCCACCTGT,3
TGTAACGCAGTGTGCC,8
ATTCATCCATCCAATG,6
TGTAACGAGAATTCAG,2
GTCATGAAGGGCAGTT,7
GTTACCCGTGCCTTTC,3
CAACCAAGTGGTACAG,5
CATACTTTCACCTCAC,5
CACATGATCAAGCTGT,2
TCCTCCCAGCGTCTCG,2
AGAGAGCTCTGCCCTA,3
CAGTTAGAGTCGGCAA,3
GGGTTATTCCGATAAC,1
CTCCAACAGTGCGTCC,2
TGATGGTCACTGCGTG,1
TAACACGGTTACCTGA,6
AGGAAATAGGGTATAT,3
TGGCGTGGTCCCACGA,1
GTACAGTGTATCGGTT,5
TCTTCCTCATCGTTCC,8
AAACGAATCTGGCTGG,8
TGATTTCTCTTGGAAC,2
GCACTAATCTTTCGAT,7
AGATGCTTCAAGCTTG,6
TGACGCGAGTGGAAGA,3
CTGAGCGGTACAAACA,6
CATGCGGGTATCGAAA,4
CCACTTGGTATGATCC,7
TTACGTTCATACACCA,5
AGCCAATCACTGGCGT,6
GGGTTTACAGAGGCTA,3
GGGAAGTCAATTCGTG,7
TGTAGACCAAGAATGT,1
CACTAAGGTTCGGGTC,5
CTGTAGAGTCCCGCAA,2
CAATTTCAGCAGCACA,3
GTCAAACGTCCCAAAT,1
TAGATCGCATGACACT,4
TCTATCAGTCGATTCA,5
GAGAGGTGTCTACAAC,1000
CACTTCGAGGTTGAGC,5
GTTTACTGTCGCTTGG,6
TGATCTTTCGTGTCAA,1000
AGTACCATCACACGAT,6
CGAGAAGGTTGGACCC,5
TCACATTGTACCCAGC,6
TGCAGATGTATCGAAA,7
CTCCTCCGTCTACTGA,1
GTAGATCCATCCTGTC,6
CGTTAGAAGCCTCTCT,3
CTCTCAGTCAGGAAAT,3
TGCTCCAAGCGATTCT,8
TAGCACAGTTATGACC,5
CCGGACAGTAGACAAT,2
CGTGCTTAGTGAGTTA,4
TACGTCCTCTCCACTG,4
GAATCGTTCTCTGACC,5
ATCTCTAAGCACTCAT,1000
GTAGTACAGCCTATCA,2
GCTACCTAGGGAGTGG,1000
TAAGCCAGTAGGTTTC,5
TCCCAGTAGACCTCCG,2
GAGTCATAGTAATTGG,5
GCGTGCACACAGAGAC,4
TGGAGAGCAACGTATC,2
CTCAGAACAGCGATTT,2
CCTCAGTGTAGGCTGA,8
AACCAACCACTTGTCC,2
ATGGATCGTAGGATAT,2
CGGGTGTTCTGAGTCA,6
CCTCATGTCACCCTTG,8
ACGGTTATCCATAGAC,2
CCGGTGACAGGTGACA,6
TGCTTCGCAAAGGAGA,3
GAGTGTTCAGGTTACT,4
AGAAATGGTCGATTCA,1000
TTCCACGTCGAAGGAC,3
AAGCGAGAGTGGCGAT,5
TCCATGCTCACTCGAA,7
TTTAGTCTCGTCAAAC,2
CAAGAGGAGCGATGCA,3
CACTAAGTCTCAAAGC,1000
TCGATTTCAGTCGGTC,3
TCTACATGTGTTTCTT,7
TGGTGATTCTAACGGT,2
TACTTACTCTCGTGAA,4
GATGCTATCTGGGCGT,1
TCATTTGGTAACAGTA,8
TTCGATTTCCCAAGTA,2
GTCCACTCATTGAGCT,1000
CTACAGAAGCGCCGTT,7
TGTCCCATCATGTCAG,7
ACTGATGAGCTATCCA,5
CTTCTAAGTGCCCTTT,3
ACTCTCGAGCGTCAAG,1000
TTTGACTGTTCGGCTG,4
TCGCTCAAGGGCTAAC,3
GACTGATAGAGTCTGG,1000
TATCCTATCGTTCAGA,8
CTGCCTAAGCTCCACG,2
AAACGCTGTATGTCAC,3
GTCTTTACAGCCGTCA,3
TGTAAGCAGTCCTGTA,3
AACAAGAAGCTTCGTA,6
AATGGAAGTGCCGGTT,2
GTGAGCCCACGTAGAG,1
AGACAAAAGCGAGTCA,1000
TCTGGCTCAAAGGTTA,1000
TCATTTGGTATACCCA,5
TGCTCGTCATATGCGT,8
GTTTACTTCACAGTGT,6
ATTTCACGTGAGACCA,2
AAGTCGTTCCACCTCA,3
CTGCATCCAAAGCGTG,7
TCGTCCAAGATGAAGG,1
CCTCCAATCTCAACCC,2
ATGGTTGGTTAGGGTG,6
TGTTGAGAGTCTGCGC,1
CTACCCATCTTACCAT,2
GTTAGTGGTATCGCTA,5
TGGTTAGCAATAAGGT,1000
TTGTGGAAGGTTACAA,6
AGTTCGACACAATCTG,1
AGACAAAAGTCTCTGA,2
CAAGCTACAGCTGAGA,3
AAGTACCCAGCGGTCT,5
ACCAAACTCACCCTTG,8
GTCGAATCAGGACTTT,3
CCCTGATTCAATGTCG,1000
GTCTACCTCAATCCAG,8
AGCGCCATCAAGCCAT,4
GTACAGTTCGGCAGTC,7
GCTTGGGTCCACACAA,7
TCCGAAAGTTCTTAGG,6
GAGCCTGGTTTGACAC,1000
GCGTTTCGTAGACACG,4
TCCCATGCACTTCAAG,3
AAGACTCAGTTAGTAG,4
TCCTCTTCAGAGCTAG,2
AGGTTACAGATGAACT,2
CATCCCAGTATTGACC,5
GAGGGTAGTAATGCTC,8
TCAGCAAAGACGGATC,5
ATCCGTCCAAGACCTT,7
TGCAGGCCAAGAGTTA,2
CTCAGAACAACCTATG,3
CTCAGTCTCTGCAGCG,3
GTAACCAAGCTCGCAC,7
TCTACATTCATTGCTT,3
GTTGCGGTCGGATTAC,6
TTTCACACATATCTCT,7
GAGATGGAGTGGACTG,8
CTCATTATCTCAGGCG,7
CAACAACTCGGAAGGT,1
GCGTGCATCTAAGCGT,7
GCTCAAAGTATCAGGG,7
AAGTGAAAGTAGACAT,1000
GACCCAGGTCCTACGG,5
TCTACATAGAAGGTAG,7
TCAGGTATCCGTGTCT,8
ACCCTTGTCAGATGCT,7
CGCGTGACACACTTAG,6
CAGGGCTGTCGGATTT,3
CAACCTCTCTTGATTC,1000
CGGTCAGAGCGAACTG,1
TTGTGGAAGTGGTGGT,6
GAGGGTACAAGTTCCA,1
TCGCTTGTCTAAGGAA,6
GCTCAAAGTCCTTTGC,1000
CAGAGCCGTACCAATC,5
AGTAGTCCAGGTCCCA,5
GTCACTCTCGCGAAGA,7
GTGTTAGTCCGGCTTT,3
TATTGGGCACTGGCGT,7
TGACCCTAGTCAGAGC,3
GTTCCGTTCCTGTAGA,7
TCACTCGAGACCAACG,8
CGCATAAGTCAAGGCA,1000
ACGGTTAGTCACGCTG,1000
CAAGCTATCGAATGCT,8
AGTCACAGTACTGACT,2
TCCCAGTAGTACAACA,8
TCACTATTCAGAGCAG,7
AAGCATCGTGTTTACG,1
GTAGGTTAGCTCAGAG,7
CTATCTAAGATCCCGC,5
GCCCGAAAGCTGACCC,3
CTACCTGTCACTTATC,5
GGGACCTTCGTAACTG,1000
AACAGGGCAAGAGAGA,7
TGGATCACACAGGATG,3
ATTATCCAGTGGGAAA,6
GGTGTTACACTTCTCG,2
ATTCTTGCATACAGAA,8
TAGGGTTCAATCACGT,5
CATTGAGAGTCTGCAT,7
TTTCCTCCAATCGTCA,1000
GTCTCACCAAATGCGG,4
GTTTACTTCTAAGCCA,3
TACTTGTCATGAGGGT,1000
GTGAGTTCACTGGATT,2
AGACTCAAGAAACCAT,8
GGAGGTAAGACGCATG,7
CTCAAGAAGCATCGAG,5
TCAAGACCAACGCCCA,1
TTGTTGTAGCCGTTAT,3
AGCGTCGCATGGGCAA,3
AACAAAGTCGCCGAAC,3
AATGGAACAACCGACC,3
CATCAAGCATGCAGGA,6
ATTCCATAGGTTATAG,2
ATCATTCCAAGTTTGC,2
TTTGTTGGTAGTGGCA,2
CACTGGGCATAAGCGG,1
GCACATATCGTTTACT,1000
TAGACTGAGAAGGGAT,1
TAGAGTCCAGTCGTTA,5
TGCGGGTCAACCACGC,3
GTGGAAGAGCGCTTCG,3
TTAGTCTGTCCAAGAG,3
TGCTCGTTCTCTGGTC,5
AGGACTTAGGCAGGTT,3
GCGGAAAAGAGGTTAT,6
TTAATCCGTTGGAGGT,1
GTAAGTCAGACATACA,2
GGTGGCTGTCAAAGCG,1
AGACCATCAGGCGTTC,2
AGGTGTTTCTAACACG,2
CTCCAACAGGGATGTC,1000
TCGGTCTCAGACCCGT,3
AATGCCACATGGCACC,6
GCCAGGTTCTGTCCGT,1
ACAGAAAGTGGCATCC,3
ACACCAATCAACCTCC,5
GGGAGTACAATTTCCT,6
TTAATCCGTTTGGGAG,7
AGACCCGAGGATATAC,6
TCATTCATCGGCTCTT,7
CTACCTGAGAAATTCG,4
TTGCCTGGTGGTCCGT,3
ACTTCCGAGTTGCCCG,1
CGGTCAGCAGTCGCAC,2
GAAGGACCACTGGCCA,5
GTCGTTCGTGATACAA,5
CATCCACAGTATGACA,3
GTGTCCTTCCGATAAC,1000
CTGCTCACATCGCTAA,2
TTTGACTCAGGCGAAT,1
GCTACAAGTCTGGTTA,3
TGCAGTAGTCTGCATA,5
TCCATCGGTCATTGCA,5
TGCTTGCAGAGTTGAT,3
ATTCCATAGCAAGGAA,6
CACCGTTTCCCGAATA,2
CAAAGAAGTATCTTCT,4
AAAGTCCTCGATGCTA,1000
TCGGGTGGTCGAACAG,7
TTCCACGCACTGCGAC,5
CTCAATTTCGCTGACG,3
TGTAAGCCAGGAGGAG,5
GCCGATGGTGCATACT,6
TTTCCTCGTTCTTGTT,1000
TTACGTTTCCTCCACA,6
ATTCCCGAGCAAATCA,1000
ATACTTCAGTCTTCCC,7
GGAATCTTCCCGTAAA,4
AACCATGCAATAGTAG,2
ACTTCGCGTAACATCC,1000
GGGTCTGAGTGCTACT,7
CCGGTGACAGATCACT,4
TTTCACATCTCGTTTA,3
CGCATAAAGAAGCTCG,1000
GCCAACGAGTGTTCAC,7
AGCTACACACGACGTC,8
CGGGTCAAGCCGCACT,1000
TGTGCGGGTGGCTGCT,7
TAGGTACCATCCAACA,4
ATCCGTCAGGCGATAC,1
GTCGTAAAGTGAATAC,6
CAACCAAAGCGATGGT,6
GGGTTTACATGTGACT,7
CTGATCCAGTATTCCG,3
GTCATTTAGTAATACG,7
GACTATGAGTCGGCAA,2
CTCCATGGTTCCGTTC,7
CCGATGGGTGATACTC,5
GTCTAGATCGTCACCT,2
GGAACCCTCAAGCCTA,3
CTATAGGGTCATACCA,7
ATTCTTGGTGAGTAGC,8
CTTTCGGGTCATATGC,7
AAACGAAGTTCTCCTG,7
CCGGACAAGTGGATAT,8
ATTGTTCTCCGAGATT,5
TACGTCCCACTCCTGT,1000
ATAGACCGTGAAGCGT,8
GATAGCTAGAGTCACG,3
GTTTGGAAGTTGCGCC,1000
TGAATCGAGATCGGTG,1
CTCCGATAGTTGCCTA,6
TGAGCGCAGGAAACGA,3
GCAACATTCATGGGAG,3
AATGACCTCCTTCAGC,1000
CTGGTCTAGCCTCATA,2
TCGACCTGTACGATGG,8
AGAAGCGTCCCTTGTG,5
GGAGATGCAGGACTAG,3
GGATGTTCACGCGCTA,1000
TAGGAGGAGACCAAAT,3
AAACCCAGTAACATCC,5
ACGGAAGCATAGATCC,7
GCAGCTGAGATACGAT,6
GGGACCTTCTAACACG,4
TTCTAACCACTGGATT,2
GGTCACGTCGTTGTGA,7
TTTACCAGTAAGATAC,7
GAAGGGTGTATCTCTT,6
ACTACGATCCTCAGAA,6
CGACAGCTCATTGAGC,3
ACATCGAAGCGGACAT,1000
CTCTGGTGTATACGGG,8
GGAGGTAAGATAACGT,3
CAACAGTCAATCGCCG,2
ACTTTCAGTCATTGCA,2
TACGCTCAGTGGTTAA,8
TGCCGAGAGAACCGCA,7
GTGTTCCTCTAAGCGT,4
CAGGCCATCTTACCGC,5
ATGGGAGGTCGTCGGT,8
ATAGGCTCAATTGAAG,7
GTTGCTCGTCAGACGA,7
CCCTAACTCGAATGCT,8
CAGGCCAGTACGTAGG,1000
TTTCATGCAACTTGCA,8
TACGTCCCAGACAAGC,1000
AATGGCTAGCGGGTTA,1000
TGGTGATGTCATGCAT,3
CTCCTCCCACTGAGTT,6
GATGACTGTAGACGGT,7
CCCTCTCGTATCACCA,3
AATCACGGTACTCAAC,8
GTGAGGAGTAACAGGC,2
GTGGAGATCGCCACTT,1
CCGTTCATCAGACCCG,5
AAGTGAATCCTCTCTT,6
AACAAGAAGCAGCCTC,8
GTCCCATTCCCAACTC,1
TGGAGGAGTTTCACAG,6
ATTACTCCATTGGGAG,3
GGAGCAAGTGTGTCGC,5
GTTGTCCAGGAGACCT,5
CTTCGGTAGAAGTCCG,6
CAAAGAAAGATTCGAA,1000
CCTATCGCACGGCTAC,7
GTGCGTGAGCCGTCGT,5
CTAACTTGTGACACGA,5
GCAGGCTAGGTTACCT,7
GGGTCTGGTGTCGATT,3
ATCAGGTGTCAGATTC,4
AGAGAGCGTACTGACT,3
TCATTGTTCTCCGCAT,5
AGCGATTTCACGGACC,6
AGTAGTCAGGGAGTTC,3
TGACAGTTCACCTGGG,1
GATTCGATCCGCAAAT,3
GGGCTCATCCGTGGTG,8
TGCTCCAAGTGACCTT,8
GGGTGAAGTCGGTGTC,6
TGCATCCCATTATGCG,1000
CCTCTCCAGTCGAGGT,8
TGGTAGTTCAAGCCTA,4
GGTAACTGTTGGCTAT,7
CTCCCAAGTATTCCTT,7
TGTCCTGTCCCATTCG,4
CGTTCTGCAACGCCCA,1000
GCCAGGTCACATTGTG,1000
AGTCAACCAGTCGCAC,1
ACTGTCCTCATCCTAT,7
TTCATGTCATCGGAAG,5
CTGCAGGCAATAGGAT,2
TGAATCGCAACAGAGC,7
ATCCGTCGTATAGGGC,4
TGTGGCGCAGCAGTAG,5
CCTAACCGTCGCCACA,6
AGACTCATCTCTGACC,6
CAATGACTCTCCCATG,4
TGTGGCGTCACTTTGT,5
TGACGCGCATGGCGCT,2
GGAGCAATCCACCCTA,2
CTGTGAACATACCACA,7
AGTCATGCAACAGCTT,3
GGGATCCCATTGTCGA,4
GTCTGTCTCCCTGGTT,1000
TCGGGCATCGTTGTGA,4
TACACCCTCGACGAGA,6
GTGCAGCGTTAACAGA,2
GTATTTCTCTAAGGAA,7
ACGGGTCGTCTTCCGT,1000
ATCAGGTTCTGACGCG,7
AATGCCATCTTCGCTG,4
CCTAACCAGCATAGGC,3
AAGCGTTAGACTTGTC,5
CCTCACACAACGCCCA,2
AAAGTCCCAATCGCGC,7
TCGGGCATCACCTCTG,5
CTACCCAAGGAATGTT,6
TGCGACGGTTCAAGGG,2
TCGACCTAGTGCTACT,2
ATCACGAAGCGTCAAG,7
ACGTAACGTGAGATAT,7
ACCGTTCAGTCCTGTA,3
GGTTCTCGTGTATTGC,3
AATGGAACAGAATGTA,8
GGCGTCACACAGAAGC,3
ACATCCCCACAGCATT,2
GTTACAGCAATCAAGA,2
TCTACATAGGAGATAG,3
ATTGGGTTCACCATCC,4
ATGCATGGTGCGGCTT,5
CGTGCTTTCACCTGTC,6
TCTTCCTGTAGCGTTT,7
ATCAGGTTCAATCTTC,1
CATACCCTCTTTCGAT,5
TAGGAGGTCCGACGGT,5
TATTGCTGTACGTAGG,3
TGAGGGAAGCTGTACT,6
TCCCAGTAGGATTCAA,3
ACATGCAAGGGCAGGA,4
AACCAACCACCTCTAC,3
TTCATGTGTGCCGTAC,4
AACAGGGAGCCGCACT,5
ATTCCCGCATAGGCGA,7
CTCTGGTCAGAAATCA,3
GTTACCCCAGATAAAC,3
ACGGAAGGTCCGGACT,1000
CTCAGGGCAGCTCGGT,1
TTCTTCCCAGTCGGAA,8
TAGGAGGCATGCACTA,6
CTCAAGATCTCTCTTC,5
CATTTCAGTTTCGTTT,2
TTTAGTCTCTTCCCGA,1000
CCTCTAGGTAGCTTTG,3
CTGTATTAGCAACAAT,8
CATCGTCCATAGTCGT,2
TCATATCAGTAATTGG,2
CAAAGAAAGGCAGCTA,1000
TCGCTTGCACAACATC,7
TTCCTAAGTTATCCAG,5
GTGTGGCTCCAGCCTT,1000
GATGAGGGTCCAGCGT,7
GACACGCGTTTATGCG,1000
CAATCGATCCGCGATG,4
GGTGTCGCAAGTGGTG,1
CTGCCATGTCATCCCT,1000
GTCATGAAGAGGGTAA,2
TCAATCTAGCATTTCG,7
GTGAGGACATTGTCGA,7
ACAGAAATCTCCTACG,7
GTCACTCGTAACGATA,7
TGAGCATTCCCTGGTT,8
GTAATCGCAGACCAAG,2
ATCGGCGTCGCTACGG,1000
ATACCTTAGGTAGTCG,4
CCGCAAGGTGAGTAGC,8
TCACAAGGTGTACAGG,3
ACACAGTAGAGGGCGA,4
ACAGAAAAGTCCTGCG,7
GTGAGGAGTTCCTAAG,3
ATCCCTGAGATTGGGC,3
GAGGCCTCAGCAGAAC,8
GACTTCCCATACCGTA,5
TTCTAGTAGGAAGAAC,5
GTGTTAGAGGTGATCG,7
AGCGCTGTCTGACAGT,5
TGCAGATCACCATATG,7
GCCAGTGGTCGCGTTG,2
AACCTGAAGCGATGCA,1000
AAATGGAGTACTGCCG,3
CAGTTAGTCCGTAATG,5
TTGGGATAGGCGACAT,5
CACTGGGGTCATCACA,1000
TAGACTGAGTGCTAGG,6
GGTTCTCTCAGTGATC,5
ATCCGTCCAGAAGCGT,1
GCGGAAAGTGACGCCT,6
AGACCCGGTTTGACAC,1000
TCCCAGTAGATAGCTA,7
TTGTGGAGTCCTTAAG,3
TGTTCCGGTACGAGCA,6
CATCCGTGTCACGTGC,8
TTACGCCTCAATCCAG,3
GCACTAAGTGCTCGTG,7
TCAAGTGCAATGTCTG,3
TGGAACTAGTCAGCCC,8
TCTCCGACAGAGGAAA,4
GGTCACGAGACCATTC,1
TCATTCACAATCGTCA,4
CATTTCATCAAGATAG,3
TAATCTCTCCTGTTGC,2
ATTTACCGTTCTATCT,2
ACGGAAGTCGCGTAGC,4
TTCGGTCCACACACTA,7
TTCACGCAGAGTTGAT,5
CATTGAGTCTTCCGTG,4
AAAGGATCAGCGCTTG,2
CCGTTCAGTGAAGCGT,3
CTTCCTTCACGCTATA,2
TGGAACTCAATTGCAC,5
CATTGTTTCTCACGAA,5
TACCGGGTCGCGTTTC,4
TCGGATACATGACTAC,1
GGGAGATCAAATCAGA,3
GGGAGATAGGAATCGC,6
CGGAATTCAATTGAAG,6
TTGCCTGCACATTCGA,5
CATCGTCAGTGGCGAT,7
CCGAACGGTTGAATCC,4
TGACGCGGTCCAGCGT,1
ACACTGATCCTCAGAA,4
AGTCTCCGTGTCCACG,4
ATAGGCTCAAGTGACG,1
ATACCGAAGCTAGATA,7
AGCTTCCCAAGTGGTG,5
GTTGTAGAGAGCGACT,3
CTCATCGCAAATCAAG,1000
CCGGACAAGAATCTAG,2
TCATATCTCAGTCATG,3
GCAGTTAGTACCTAGT,1000
ATTCCATAGGGTTTCT,6
GAGCTGCTCTCACCCA,7
AACCATGAGGACAGTC,2
ACACAGTCAACTCCAA,4
TCTACCGAGAGCCATG,4
GAAGGACTCAAGCGTT,3
GTGAGCCTCTATTCGT,7
CCACGTTAGCACCTGC,1000
ACTTCGCCACTGCATA,5
GATTCTTTCTTCGATT,4
GAGATGGAGAGCAAGA,2
TGATTCTGTACAGTAA,1
TCCGGGATCACACCCT,5
GACTTCCCAGGCATGA,1000
GGGAGTACATGGGTCC,1
ATGTCTTAGGCGAACT,4
TACCGAAAGTAGTCCT,6
CGTTAGATCACCTCTG,8
AATGCCAAGGATTCCT,2
GTCGAATAGAGTGAAG,8
GCTACCTGTTGCATTG,8
ACCATTTAGGCGTTAG,3
CTCCGATGTTCCAAAC,8
CACGAATTCGGACTTA,3
ATACCGAAGGACCCAA,3
GGTTCTCGTAGCGCCT,2
GTAACCAGTACGACAG,5
TAGGTACAGTTCCGGC,7
TACCCGTAGATAACGT,4
TGGCGTGGTGGCTAGA,7
ATTCCATGTCACGACC,8
AGGACGACATAATCCG,1000
TCCATGCGTCTGATCA,3
TCAAGACAGAGTTGTA,4
ATAGGCTTCGCGTGAC,2
ACAGAAAGTGCGTTTA,5
AGCGATTAGTCCCTAA,3
CAGTGCGAGTTACTCG,8
ACCGTTCTCGATCCCT,5
TTAGGCACACTACGGC,1
GGGAGATGTAACACGG,1
GCGATCGTCATCCCGT,6
GAAGAATCAACCCTAA,2
AACACACAGATGCCGA,2
TCAAGACTCAGAGTGG,3
CCGTAGGTCCTGGCTT,7
GATAGAAGTAGCGCCT,7
ACGTCCTGTAATTGGA,4
GTCATTTGTCAAAGAT,1000
GTGTGATAGGTTCAGG,2
CATACAGTCGAACGGA,4
TCGAAGTGTGAGTTTC,8
GTCTCACTCATTCGGA,6
CAACGATCAACTGCCG,8
TCACGGGCACAAATCC,5
ACCCTCACAGAGTAAT,7
CTCATCGAGTGTTGTC,6
TGAGTCAGTGGACTGA,5
CCACACTAGTGTTCCA,1000
ACTTCCGTCCTACCAC,2
GCGGAAACAGGGTTGA,3
AGTGCCGAGCAGTCTT,8
GACCGTGTCATACGGT,2
TGGGCTGTCGCCTAGG,6
GGGAGATGTGTAGTGG,1
TGTTCTAGTAGATCGG,1
TTGCATTAGGAGCAAA,1000
AGCTTCCAGGCACCAA,2
GACTCAACAAGAGCTG,5
CCGATGGGTCAGCTTA,1000
TCAAGACCAACTTCTT,2
TTAGGGTTCTAAGCCA,2
CAAAGAAAGCTGGCCT,7
GTAGATCCACCCTTGT,3
GTTACGATCGTTCCCA,1000
TTGGGCGAGCTGTTAC,5
TTCATTGTCATGAGTC,3
GGTGGCTGTACCATAC,5
GATGGAGTCAGCGCGT,5
TATCTTGGTCCAGCCA,7
GCGATCGTCATTGGTG,8
ACGTTCCCACCTCGTT,7
GATTTCTAGACTAGAT,2
TTCGGTCCATCGATAC,5
AGTCATGAGTATGACA,1
CGTAATGGTAACATAG,6
TAGCACAAGGCTTAAA,3
GTCCCATAGTAGCATA,6
TGCTTGCAGAGGCTGT,7
GGAACCCAGTTAGAAC,7
GTTCATTTCTCATAGG,7
ATCGATGGTCCAGCCA,3
CTTGATTGTCTTGGTA,2
AGACCATCATGCACTA,6
TATCTGTCACGGTAGA,1000
GGCTGTGGTCAGGTGA,8
CATTGAGAGGCTTAAA,1000
GGAATGGCAGCCCAGT,8
TACGCTCAGACGTCGA,1
TTCTAGTTCGCTTGAA,2
AGTCACATCTGCTGAA,3
TGGTAGTGTACGAGCA,4
GAGCTGCGTCACCACG,4
GGGAGTAAGTACTCGT,1000
AACGTCAGTAGGACCA,5
ACGTAACGTCGCATCG,8
AAAGGTAAGGTTCTAC,1000
CTCCCTCGTGTTCATG,7
CTGCGAGAGCAGTCTT,2
GTCAAGTCAATACCCA,5
GACGTTACACGACAAG,7
ATTACTCAGACGGATC,1000
GCCAGCAGTGCCGAAA,2
ACATCGAAGCGCTGCT,3
GACTATGTCGCATTAG,3
AAGTACCTCTGTGCTC,7
TCATGAGGTGTAAATG,2
ACATTTCAGCGGTAGT,8
CAGTGCGTCGCTCTAC,3
GCAACCGCAGGTAGTG,1
AGGGTGATCCATCACC,1
ATTCTACGTAGAGCTG,3
GAATAGATCAAGGTGG,2
AAAGGTACAAATGGAT,1000
GAGAGGTGTCATATGC,6
CGTAAGTTCATCGGGC,1000
AAGGAATTCACTGTCC,8
GCCAGGTTCCGTGTAA,8
GGAGAACAGTACTCGT,5
GACACGCTCCTGCCAT,5
AGCGATTGTGGCATCC,8
CTGTACCGTCCTCAGG,1000
TTACCATTCACGGACC,2
GACTATGAGATGGTAT,5
TCAGCAACAGCTTTGA,3
CAGCCAGCAGCGAGTA,2
GCTACCTCATGGTACT,1
GCAGTTACAGGACGAT,5
TTTGGAGTCCCAACTC,5
CCTTGTGAGGTCCTGC,2
TTCTAACCAAACACGG,1
TGTAGACCAAGTCCAT,5
TCGAAGTTCTCTAAGG,3
CTACCCAGTAGTAAGT,5
GATCGTAGTTTCGGCG,1000
ACGATCAAGACTCATC,7
ACTATCTGTCCTTTGC,5
CCTCACATCAAGTCGT,8
AACAACCTCGTGGACC,1000
TCGGGACCACGCGTCA,8
TGTCAGAGTCTTCTAT,3
GACCCTTTCCATTCAT,8
AGTAACCCACTAGGCC,2
GACCCTTCAGCTAACT,2
ACTATGGAGTGTTCAC,2
GTCAGCGCACGTTCGG,5
AGGCTGCTCCAAAGGG,4
AGTGATCTCCTCTCGA,6
CAGTGCGAGAGCATCG,2
CGCGTGATCGGTAAGG,3
GGTGTCGTCACTGTTT,8
TCATTACGTATCCTCC,8
ATCCCTGCATTCTGTT,8
CTACAGAAGGCATGGT,3
CGAGTGCAGGGCTGAT,3
TATCGCCGTCTACGAT,2
TCATGCCAGTGCAAAT,5
TCCTTCTAGCTCGAAG,4
TCATGTTCAAACGAGC,4
GGGAGATCAACGCATT,5
TCTCTGGCATCCGGTG,3
CATCCCATCTTGGATG,5
GCCAGCAGTCCTCAGG,5
TACACCCTCATGACAC,1000
CCTTGTGTCGACGCTG,5
CCTATCGCATTGCCTC,1
TTCTCTCCATTACTCT,5
GGACGTCGTGGAAGTC,8
GCCAGTGCAAGTTGGG,1000
AGTCTCCCAGCTTCCT,3
TGTGGCGCATACGCAT,2
GCATGATAGGTCGTAG,4
TTAATCCGTAGCTTAC,4
TATCCTATCACCCTTG,5
AAAGAACCACTTGACA,1
ATCCACCGTAGTAAGT,1
GAAGCCCTCATTCACT,4
TTTACTGGTGCATGTT,5
TTTCACATCAGCTTCC,5
TGTACAGAGATACAGT,1
CTGTATTAGTAGGGTC,7
CCGTAGGAGCAACAAT,1000
AGGCCACCAACCGGAA,8
CGCCATTCAATAGAGT,6
CGAGGCTCATCCTTGC,5
CATGCCTGTGCACGCT,1
TTCACCGTCTTGGTCC,3
TAGGTACGTTCACGAT,6
AGCGTCGTCTTTCGAT,4
CGCATAAGTATCCCAA,2
GCGGAAAGTGACTCTA,1000
TGACCCTCAGCCTACG,1
TGGATGTAGACCTTTG,4
GTTAGACCATTGAGGG,5
TATTTCGAGTCAGAGC,7
AGTCATGAGGCTAACG,4
CAAAGAATCTACCCAC,2
CTCACTGCAGTTTCAG,3
GCCCGAACAAATCGTC,6
TAGACCACATGTCAGT,4
GAACACTCAGCTGTCG,1
TGTCCCACACTCAGAT,1000
CTCCACAAGCCTTCTC,3
AAGCATCCACGTGAGA,5
TTTAGTCTCTACACAG,8
TCTATACGTATAGGGC,2
CGGAACCAGGTTGCCC,4
GGGACTCCAATTGCGT,1000
ACCGTTCAGTATGACA,8
GACTGATAGCAAGCCA,4
TGGCGTGAGAACGCGT,2
TCACGGGAGGAGCAAA,6
TTTATGCGTATGGGAC,3
GAGGCAAAGTTCATCG,8
CCGGTAGAGACGGTTG,7
TCGGATAAGATTGGGC,6
CGTTGGGGTTCTCTAT,1000
GTCAGCGTCTGTGCGG,2
AATGGAATCCGATAGT,7
AACCCAATCCACGAAT,7
ATGTCCCTCAAATGCC,5
GATCAGTTCCAATCTT,1
TCAGCAACAGGTCCGT,3
TCACGCTAGAGTCAGC,3
CAACCTCTCTATTCGT,3
AAAGGATGTGCCCAGT,2
TGTCCACTCCTGGTCT,7
AGGCATTCAACTACGT,4
ACAGGGAAGTAAACAC,3
GACGCTGCATATCTCT,3
TCAGCAACAGCAGAAC,1
CTTCTAACAACGGGTA,5
TCAGGTAAGGGTTTCT,5
CTGGCAGAGCACCTGC,4
CCATCACCATTCCTAT,1000
CGTTAGAAGGCACCAA,7
GTTAGACCATCAGCTA,6
GTTTACTTCGAAGCAG,5
CCACTTGGTAGGTCAG,2
TGAATGCTCCCGAAAT,6
AGGTAGGGTTTGGGTT,7
ATGAGGGTCCGAGATT,7
AGGGCCTTCGACCATA,1
AGGAATACACATGAAA,5
ATGATCGAGGGACACT,4
TTGCGTCGTAACTTCG,6
GGGCTACAGGTTCTTG,6
GCGGAAAAGGTGCTTT,8
GGTTAACTCCTTCTTC,8
CTGTGAATCCTTTGAT,4
CTCAGTCCACGAGGAT,3
CGTGCTTAGCATCGAG,1000
CCACCATCATCCAATG,5
CCTCACACACGCTTAA,1000
TGTCAGACATCTGTTT,6
AATGGCTTCAGGTGTT,2
AAACGCTCACCCTATC,8
TCCTCGAAGATACGAT,8
TGATCTTTCAAATGCC,2
CCCATTGAGTCAACAA,5
GTAGGTTTCTCGCTCA,8
CAACGGCTCCATTTAC,1000
TCCTGCACACGGTCTG,5
AACACACGTCGTTCAA,2
AGCATCACAGGAGACT,1000
CATTCATCATCGGATT,1000
TAGACCATCACCTTGC,3
AGGCTGCGTCTTCTAT,7
TCGTAGACACTTGGCG,8
TCGGATAGTATAGGGC,3
TTTGACTAGGAGGGTG,5
TCTTTGATCATCAGTG,4
CGGGCATAGTCACTAC,4
CGTCCATTCTACCTTA,6
GGTAACTCAAGTGATA,5
TACTTCAAGAGGTCAC,3
CCTCAGTCAGCTAACT,7
TGCCGAGCAAGAGAGA,2
CATAAGCTCGCGTCGA,6
GTAATGCCAATTCACG,6
AGTTCGAGTGTAGCAG,1000
TAAGCGTTCCTCATAT,2
GGGAAGTCAGCTGTTA,1000
GTTGTAGAGTTGCCTA,3
TGCAGGCAGGTTCCAT,5
CGGAGAAAGTCTCTGA,1000
GACCAATCAAACTCTG,2
CCTTTGGGTGTTCCTC,3
ACATGCATCATGCCAA,6
TCACTCGCACCCGTAG,8
ATGGTTGTCTTTGCTA,2
TGGATCATCCATACAG,3
GTGAGTTCATGATGCT,1000
GATGTTGAGTCCGTCG,6
GCCAACGTCGGCTGTG,6
CCCGGAAGTACGATCT,5
TAGCACAGTTGTCATG,6
GATTTCTTCATTTCGT,1
TCCCATGCAATGAACA,7
TCAGGGCGTAGCTTGT,7
GTGTAACCAAGGTTGG,3
TCTACCGAGGCGACAT,1000
GGGCTCATCCCTTGGT,8
GAGTGAGAGTCATGCT,2
AGACAAAAGCGGACAT,6
CCAATGATCAGGAAGC,2
AATCGACGTTTCAGAC,1
GTGAGCCAGCCTCTCT,4
TGGCGTGAGGAGGGTG,4
GGTAATCTCTTGGAAC,8
TGTTCCGCACTCCGAG,3
CGGAACCAGGCGCTTC,4
AGGCTGCAGAAATTGC,6
TTGACCCCATTGTGCA,4
TAAGCGTAGCACCGTC,1000
CTACCTGTCCATCACC,6
ACGTACAGTAGCGCCT,8
AACCTTTAGCCGGATA,6
CTGAGGCCAAACTCTG,3
TCGTGGGCAGCGAACA,8
CCGGACATCAGCACCG,4
ACAAAGAGTGTGTACT,3
AACCATGTCGCCACTT,2
GGGTTATCATGTTACG,7
TCACATTAGGATATGT,1000
TCTGTCGGTTGCACGC,8
CTGCATCCAAATGGCG,6
ACTCTCGGTTGTTGTG,7
CAGAGCCTCGGCCCAA,8
AACAACCCATGAGGGT,3
TAGAGTCAGGGTCAAC,4
GGCTTGGAGCGGGTAT,2
TCATTACCATGATGCT,3
AATAGAGGTCTTCCGT,1000
AGGCCACTCAGCACCG,2
CATCGCTGTGACCTGC,7
GTCTTTATCCTATTTG,3
GTTTACTTCTGCTTTA,2
CATGCAACAATAGGGC,6
TGGGAAGTCCAACACA,3
GGATCTACAGCGTGAA,5
ACCCAAACAAGAGGTC,4
CGGCAGTGTTTACCAG,3
ATTCGTTCACGCGCAT,8
GTTAGTGGTCTTCGAA,3
ATCACGATCTATGCCC,3
CACTGGGGTGAATGAT,4
CATCCACAGTAAACGT,8
TGGGCTGCATTGAAGA,1000
AACCTTTTCTACTCAT,3
GTCTGTCCAGGACAGT,5
ATCCCTGGTAGTAAGT,6
CTCAGGGTCACAGTGT,7
AGTACTGAGCGATGGT,8
TGCGGCAGTTCCCACT,4
ATAGAGACAGCTGTGC,2
GGCTGTGAGGATGGCT,8
CTTCCGATCCTACGGG,1
GCAGTTACAGCTGAAG,7
TCATCCGGTCGTGGAA,1
TTGGGTAAGGGAGGAC,2
TGCAGGCAGAGCCTGA,2
TTTGGTTTCTGGTGGC,3
CGTAAGTAGCGGTAAC,3
TTCGGTCCATGGAAGC,5
AACAAAGTCACTGTTT,6
GGGAAGTCACCTCTAC,4
GTGAGCCCAGCGAACA,3
ATACCGATCCGAACGC,1
GTTCTATGTGGGTCAA,3
CTCAATTTCATCCCGT,4
AGGATAACATCAGCTA,1000
TGTCCACCAGGTTCCG,3
TAGATCGTCTAAACGC,1
TCGGGTGGTGCCGGTT,8
GGGTCTGAGGATATAC,2
ACCTGAAAGACGCTCC,1000
TCACGCTCAGCCGTTG,3
AGCATCAAGACCGCCT,5
CGCGTGACAGCACAAG,3
CACACAATCTCATTAC,2
AAGACTCCACGCTGTG,4
TCAAGCACAAGCCCAC,1
AGAAATGGTGTCTTAG,6
TTGAACGGTCCCGGTA,4
TTCCTCTGTTTAGACC,3
ACTTTGTGTCTGTGCG,3
TTGTTGTCACTCCGAG,1
TACCGAAGTTGTTTGG,4
CATTCCGAGTAGTCAA,3
GTTGTAGCAAACACGG,5
GGGTTATGTGCGTGCT,5
CTGATCCCAAGTGGAC,7
CCTAACCTCACGATAC,3
TCCGAAAAGTGTTCCA,2
AGAGAATCACGTGAGA,2
TCTCACGCAACGCCCA,6
TTCCTTCGTAAGCAAT,1
TGCAGGCCAATTGCCA,2
AATGACCTCACAGAGG,6
AACGAAAAGTGATAGT,3
CGCCATTCACGTGTGC,5
CACTTCGTCGGTAGGA,4
AGATCGTTCATGCCGG,6
GAAGAATCAAAGCTCT,2
GAGGCCTAGCGTTCAT,4
CACAGGCTCGTTGTTT,7
AGGCTGCAGTAACAGT,8
CGGGTCATCGCATGAT,7
GCACTAAAGTCACGCC,5
GAATCACAGCTGGTGA,7
GCCCAGAAGGAAAGAC,2
GAGGCAAGTAAGTTAG,6
ATACCTTGTCTACAAC,8
GTCATCCAGGCATCGA,3
CATCGTCAGACTGTTC,1
CCTCATGGTCATCGGC,5
TTCGCTGTCGACATTG,7
CACACAAAGTCACGCC,3
CATTCCGGTTGCCGCA,8
ATGGGTTTCCCGAGGT,7
TATCTGTTCTAGCAAC,6
CGTAATGGTCGTGCCA,3
TTGATGGGTCACCACG,6
GTCACGGCACTGAATC,7
ACTATCTGTTCGGCGT,3
TACCTGCGTACTCCCT,7
CACGTGGGTCTTTCAT,2
TACTTACAGAGGATCC,6
CAAGCTAAGGCCATAG,1
AATTCCTAGACTCATC,6
AGTGATCCAGCCGTCA,8
CCCTGATCAACAGCCC,1000
ACATCGAGTACTCGAT,5
AGACCATCATCCGTGG,4
AGGGTCCGTTACGATC,6
GCCATGGCAACCAACT,5
AGACAGGAGATACGAT,1000
CCTCTAGAGGGAGGGT,1
GGCTGTGCATTGACAC,7
CCAATGATCTACCCAC,6
AACGAAAAGATCCCGC,3
TCATTGTAGTAAAGCT,7
ACCGTTCCATCTCCCA,2
CTACGGGGTACGTACT,6
CTCATGCAGTGTCATC,1000
GCAGCTGAGCAAATCA,5
CTGGTCTGTCACCGCA,4
GATTCGAAGTAGTCTC,3
ATGAAAGTCCTACACC,1
TCGATTTTCGACGCGT,4
TTTACTGCATGAGTAA,4
GCAGCTGCAGAGGCTA,2
CGGAACCAGTTGCGCC,1000
GAGAGGTTCATAGAGA,8
ACAGCCGTCCATTCGC,7
TTATTGCTCACATCAG,1000
TCAGCAATCCATCAGA,7
TCAAGTGCAGGGCTTC,7
GGTTAACCAGTAGGAC,1000
TGACAGTTCACCTCAC,7
CACTGAAAGTCACTAC,4
CTGTGGGCACAAACGG,6
TGGATGTGTGGACCAA,7
GGAATCTGTGTCATCA,6
TGTCCACCACTTCATT,4
ATCACAGTCTACCACC,7
GACTGATTCGAACGCC,5
TCACGGGAGACATAAC,5
TAGATCGCAGGAACCA,7
ATAGGCTTCGGCCTTT,3
ATCCCTGGTTACCCTC,5
TTGTTCATCCATCTGC,2
TCATTTGGTCGATTTG,8
TCTGTCGAGCGTTAGG,1000
TTCTTGATCTGCTTAT,2
TACCCGTGTATGAAGT,8
GGAGGTATCTGCTTTA,5
CGGCAGTAGTCATGAA,3
GACGCTGTCGCCTTGT,2
CGCCATTTCAGCATTG,6
TCTTAGTCAATCTAGC,7
GTGTCCTCACGACGTC,8
GTGCGTGCAGCATCTA,7
TCTGCCATCAGCTTGA,5
AGGCTGCTCCCGAGTG,1000
CTTAGGAAGAGCAACC,1
CCTAACCAGCACTAAA,8
TGCGGGTAGAATAACC,1000
TCGAACATCATAGCAC,5
GGAAGTGTCTCGCCTA,6
TCCACCATCTAAACGC,2
GAGACTTCACTTCATT,2
TTGGATGAGAAGTGTT,6
TGTTACTCATGTGTCA,7
CAGATACTCAGTCACA,1000
CCATCACTCGCTACAA,6
AGTGATCCAAGAAATC,1000
TATGTTCAGTAATACG,2
GCATCTCCAGTGCGCT,2
TTTGGTTTCACCCTCA,7
TCTGTCGCACGACAGA,1
CTGGACGAGTTGTCGT,4
AATGCCATCTGAATCG,2
ACTTAGGTCGGTAGAG,8
GTATTTCAGCAATTAG,4
TTCCGTGGTCTTGAAC,2
CTGCGAGGTCGTATTG,7
TGCAGTACATTAAAGG,4
AGGTGTTCATATCGGT,6
GTAGAAAGTGGCGCTT,3
CCTCAGTAGTAGAGTT,1
AAGAACACATATCGGT,7
CCACCATTCTTACTGT,1000
CCACACTGTTTGGGTT,3
GACTCAACATCACAGT,7
GATAGCTAGCATTGAA,8
GAAGTAATCCTCAGAA,2
TGTTCCGTCCCTTGGT,7
TTAGTCTAGGTAGCCA,2
TATGTTCAGTACTCGT,4
AGATCCACAGCTACTA,2
CATGCAAGTTTCACAG,5
CCAATTTAGGAATGTT,5
CAAGACTAGCATTTCG,2
GGTTAACCAGCTAACT,3
CATTCATTCGTACACA,1000
CGGGTGTTCGACCATA,1000
CTGCGAGAGGTGTGAC,5
TAGGGTTGTCCTCATC,8
GACTTCCTCATACGAC,1
TATCAGGTCCTCATAT,3
TGCGACGGTCGCGTCA,4
AGTGTTGCACAACGTT,1
ACGTTCCCATGTCAGT,8
GTGTGGCCACGTTCGG,6
TGGTACACAGAGGTTG,1000
GAGTTTGCAGATAAAC,1000
TGAACGTAGCTAATCC,7
GTACAGTTCGCCAGTG,2
CCCTCTCGTCAGTCCG,1000
CAATACGAGAATGTTG,3
TTTCCTCCACGATTCA,6
GTAATCGGTAACAGGC,1000
GAGTTACGTCACTACA,3
TGTCCACAGAATGTTG,2
TATTTCGCACATCCCT,4
GAGATGGAGTTACGAA,5
AGTGACTTCGGTAAGG,1000
GATCACATCCAAGGGA,1000
GAGTTTGTCCCTCGAT,6
GAAACCTCATATGCGT,3
ACTTCCGCAAATCAGA,2
GTTCCGTAGGACAGTC,1
TAAGCCACACCTCTGT,3
TCAAGACGTCCACAGC,4
CCCTGATGTCGAAACG,6
GGGAGTAAGGTCACAG,8
TCATGCCTCTAGAGCT,5
CCGTAGGTCCAGCAAT,5
CGTAATGTCTGGGAGA,5
ATGCGATCAACTGGTT,2
ATTCGTTCATCGGAAG,3
AGGTCATCATCTGTTT,1
TAGGAGGAGCATCGAG,1000
TGTTCATCACAACGCC,2
CTGATCCCAGAGATGC,8
ATTCTACAGTTGCTGT,6
GTTGAACAGTCACGAG,4
CAAAGAATCGGCTGGT,3
TGACGCGAGGAGTATT,5
AGATCCACACAAGTGG,2
ACACTGAGTCGCGTCA,1
AGAGCAGGTCAAGCCC,3
CCTAACCCATGACTCA,2
GTTTACTCAACTGCTA,8
TCATATCAGACATAAC,6
TGAGCATAGACTAAGT,1
CAACGATTCCACCTGT,5
TGATCTTGTCATAGTC,3
TCGGGCAGTGCCTATA,7
CCTCTCCTCGCAGAGA,1
AATTCCTAGCTTGTTG,1000
TGTGATGAGTCACTGT,1000
GATCGTAAGGCACCAA,8
TCTTCCTGTGTACATC,7
CCCGAAGAGTGTTGTC,8
TCAATTCTCGCTAATG,4
GGGATCCGTGAGGCAT,2
AGTTAGCGTGATGGCA,8
CCTATCGCATATCGGT,8
GACCTTCAGCAAACAT,6
TCAATCTAGCAGATAT,3
CTGTGGGTCACGTAGT,1000
GTTGCTCGTCGACTGC,4
TCCGATCAGGTGCCTC,2
CATCAAGGTGGGTTGA,5
CGGAATTTCCGCACTT,3
AGAACAAGTAGGGTAC,6
ATGTCCCAGACGTCGA,2
TACCTGCAGGGAGGTG,3
TACATTCCACTGCGAC,7
AGATCCAAGACAGCTG,1
TTCTGTAGTTGATGTC,5
ATTATCCAGCGCTTCG,2
TACCGAAAGGACGCTA,7
TCAGGGCGTTTCTATC,1
TGAGGAGAGCATTTGC,7
TCTCTGGCAAGTATAG,7
TCACAAGGTTTGAACC,1000
CCTACGTAGGCTTCCG,1000
GATGATCTCTAGTGAC,5
ATGTCTTTCTGAACGT,3
GAAGGACTCAACTCTT,3
GGGTATTGTACGCTTA,6
TAACGACAGTATGCAA,1
CAATGACGTCCTACGG,5
TTGAACGCAAATCAGA,3
CAATTTCCAAATGGAT,1000
ACGGAAGGTAGGTCAG,1000
ACAAGCTAGGGAGAAT,7
AGTAGTCGTACCCGCA,7
TCTTAGTCACTGTTCC,5
TAATCTCGTGTTCGAT,1000
TACGGTAAGTCGCCAC,6
AATTCCTAGTGGCGAT,2
TGCAGTAGTATCGTTG,7
AATTTCCCATTGTACG,7
TGTTGGAGTCACTAGT,1
TCAAGACGTTAGAAGT,2
AGTCAACCAGCCGTTG,1
CGGAATTAGAAACCCG,1000
CTTGAGATCATCAGTG,3
GAGTTACTCTAACACG,2
AACAAGAAGGTATAGT,1000
GATCACAGTAAGTCAA,3
GACCCAGAGAATTTGG,2
TCATATCTCAACCGAT,2
ACAAAGAGTGGCTTGC,1000
AGAGAGCAGGCCTGAA,1
TCTATACGTCGATTAC,5
CAGATACGTTCTAACG,6
AAGAACAGTTTCACTT,7
TTGTTTGAGTTCCTGA,6
ATCCTATAGGTGGCTA,6
ATGTCCCTCGGAGTAG,1
TCGGATACATTAAGCC,1
AGGTCTAAGGCGCTCT,5
GGGTATTGTAGCACGA,7
AAACGCTCATGATCTG,4
ACCTGTCAGTGTAGTA,2
TACCCACTCTGCATGA,7
TATCGCCAGTCTTCCC,7
TGGTACAGTGAGTGAC,6
TATCTTGCACCGCTGA,2
AGGTAGGAGTCGTTAC,1000
CATCCACGTTAGCGGA,5
ACAAGCTAGCTAGATA,1
GTCTGTCTCCGCGGAT,1000
CCACACTTCTCGTGGG,6
TCAGTGATCCTCTGCA,3
CTGAGGCTCCATCTAT,8
AGATGAAGTTGTGGCC,2
CTGTCGTCATCATCTT,2
ATTCCATGTGTGTGGA,6
ATGAAAGAGTACCGGA,3
CATCCACGTGAGTCAG,7
TTCCTAAGTTCTCTAT,1
AGCTACACATCCAACA,1000
ATGTCTTTCCCTGTTG,1
TGAGGTTTCAGGAAAT,2
TCGACGGTCTGGGATT,6
ATCACTTGTCTAGATC,1000
GAGCCTGAGATTGAGT,3
CCACACTAGGTCCCTG,1000
TTTCGATAGCCACCGT,3
TTCGATTGTTAGGGTG,3
TAATCTCTCATCGACA,4
TTACTGTAGCCTCTGG,8
CCTCAACCATACAGAA,1
CGCAGGTCAGATACCT,5
TACGCTCCAGAGCCCT,2
CATTGTTGTTGTGTAC,5
TTAGGCAAGGAGCAAA,6
CCTGTTGTCCGTAGTA,6
TAACGACGTCTCGGAC,7
TAGATCGCAGGAGGAG,2
GACTCAAGTTCGGGTC,5
CTCCTCCAGACCATAA,1000
AGTGTTGCAGCGAACA,7
CACTGTCAGCAGTACG,5
AAGTTCGTCTTTGGAG,5
CTCAATTGTGTGGTCC,2
TGTCCCACAAATGGAT,1
TCACATTCATCAGCTA,5
GCTGAATTCGAGCTGC,7
GGTGATTGTCACTACA,4
CTGCCATAGCAGTCTT,8
TGTCCTGGTAAGACCG,2
GCACTAAGTCGCATTA,1000
CTGTACCGTGGCCACT,4
GAGGCCTTCGGAGCAA,1
GATGAGGGTAGGCTGA,2
ACACGCGGTGAGATCG,1000
CCAAGCGTCTTCCTAA,4
GGTTAACGTACTGAGG,5
CGCATAATCAACGTGT,8
TCCTCTTGTCGATTCA,3
GTGCGTGGTACAAGTA,5
GAGTGTTAGACTTAAG,5
TCGGTCTCATGGAGAC,6
CATCGGGAGTAACAGT,7
CCACAAAGTTGACGGA,1000
CCTGCATAGCAGAAAG,4
TTGAGTGAGTTGGACG,1000
GTCAGCGCATCCGATA,5
TCATCATAGTATAGAC,3
CGAGAAGCAGGCGAAT,2
ACCCAAAAGCGTTCCG,1000
GAAGAATGTCTTCAAG,6
GTCATTTAGTCCTGCG,2
ATTATCCCAACCGATT,4
CCTACGTCACTAACCA,3
TGCGATATCAGCACCG,3
CGTGCTTTCCCAAGCG,3
GAGCTGCAGACCAGCA,6
GGAATGGTCATGAGTC,8
TTCATTGGTGCGTCGT,1000
CGGGTGTCACAGCCAC,1
ATGAGTCGTTCGAAGG,1000
CGGTCAGAGTCCCAAT,5
TCTCCGACACAGTGTT,1
ACCTACCAGGCACAAC,1000
TCTTTGAGTGATCGTT,6
TGATCAGCAACGCATT,1000
TTTCACATCTCACGAA,6
AGACTCATCCGTAGTA,7
ACACAGTCAGAGTGTG,7
TCCTTCTCATCCGGTG,5
TGCGGGTAGGGAGGTG,2
GTCGTAAGTAAGATCA,3
TGTGTGAAGATTAGTG,3
TCTTGCGGTCGTTGCG,1000
TTTATGCTCACGATAC,3
GTGTGATAGAGCTTTC,4
CAAGGGAAGTAGGAAG,4
GGATGTTGTGCCCGTA,3
CATTCATCATGACTAC,3
TGTTGAGCACGTAGTT,1
TTTAGTCCAGGCACAA,3
GGAGGTACACATAACC,4
GATTCTTTCTGAGAAA,7
TGATGGTAGGGCCTCT,6
CAATACGGTTTCGATG,5
TTCGATTCAAGAAATC,2
GTGGAGATCCATACAG,2
GCATCTCCAGCGACAA,8
GGTGTTAGTCTTCAAG,4
ACATCCCCACCAGTAT,8
GTGGAAGGTTTCGATG,3
ATGGGAGTCCGTAGTA,3
GTCCCATTCACAATGC,1000
TTCAATCCAAGGTCGA,2
GGATGTTGTGTGTCGC,1000
AGTCACAAGGAAGTGA,5
TTACTGTAGCGTGTCC,1000
ATTCCTAAGCCGAATG,3
GTGGTTAGTACGGCAA,3
GAGTGAGCAGCTGGTC,7
GGGTCACCAAGAGTGC,3
AAGACAACAGTGTGGA,5
TGACTCCAGACGAGCT,8
ATTCGTTAGATAGGGA,3
GACTCTCGTATGGTTC,2
TCGTCCAAGGAGATAG,7
TGCATCCCAACACTAC,6
ACAACCATCGCAGAGA,5
TCTTTGACATCGTCCT,8
TCGCAGGTCTGTCCGT,4
TCCATCGGTAGGTCAG,3
GCATCTCTCGTCTAAG,8
TCGGTCTAGATGGGCT,7
ATCGGCGCACCGTGGT,1000
ACCACAAAGCATTGAA,7
TACAACGAGAAGCGGG,1000
GGGCTCAAGGCTGTAG,7
ACGTACACACGGCACT,2
TGAGCATAGATACAGT,5
AGCCAGCCAGGTCAAG,2
GCCCGAAGTTCGTTCC,8
ACTATGGTCAAGTCTG,1000
ATTGGGTCAGAATCGG,5
ATGCATGCATTGACCA,7
AGACACTAGACCCGCT,7
CTGCATCGTGCCCACA,2
CAGATTGAGCTAAGTA,3
AAGGTAAAGCAAATCA,1
CGTGCTTAGCACCTGC,5
TGTTTGTCATCAGCGC,8
TAACCAGCATCCGCGA,4
CTCATCGAGGTAAGTT,3
GACCCTTGTTTGGAGG,1000
CGAGGAACAGGCGAAT,5
ATTGTTCTCGGTATGT,7
GCCGATGAGGAGAGTA,3
CGGGTCACAGGTGGAT,4
ACGATCAGTTAGGAGC,3
ATCGTAGAGAGTACCG,1000
AGAACAATCATTCGTT,7
CTTAGGAAGCGATCGA,8
GTGCTGGGTCAGCTTA,3
ATTATCCCACGCGTCA,1
ATCGTCCAGGATACAT,1
TTTACTGAGCACTTTG,7
CCTCTAGAGGGTTGCA,3
ACTGTCCGTTGAATCC,2
CCGGGTAAGCACGTCC,1
AACCATGGTTGATCGT,3
GGTCACGGTGTCATCA,5
ACCCTCACACTGTTCC,4
ACTGTGACACGCGCAT,5
GCACATATCCGAGGCT,2
CAGTTCCAGGCGCTCT,2
GCCGATGGTATGATCC,5
GCATCTCGTACTAAGA,1000
GGTAATCCACAAATCC,8
GGGTGAAGTTACACAC,2
TCTACATCAACCGACC,8
TACAGGTAGGAAACGA,4
TTACGCCCACCATTCC,7
GGGTAGATCCACACAA,1000
ACTTATCGTCCGGTCA,5
AGGACGATCTGTGCAA,2
TCTTGCGAGGGCAATC,1
ACCCTCAGTACTCCGG,1000
TAATCTCCAGACCAAG,6
GTACAACTCGAACCTA,2
CCTCTCCGTCTTCTAT,8
GCGTTTCTCCGTGTCT,8
TTCTTGAGTAACACCT,4
GACAGCCAGCGAAACC,8
TGTTACTAGCTCCCTT,5
TCAGTGATCACTCGAA,1000
CAGATCATCGATCCCT,4
CAGCAGCCACTTCATT,2
CGCAGGTCAAGAGATT,7
TATATCCTCCTACAAG,3
CAACCTCAGGTAGATT,7
GGAGATGGTGTTACAC,7
CTGTACCTCTCGACCT,5
ACTGCAAAGACATACA,5
AACCATGTCCATCAGA,1000
AGCTACAGTACATACC,7
CTCCCAAGTGGTTCTA,7
AACCAACCAGGTACGA,5
GATGGAGAGGTTGGAC,2
GTAGGTTGTAATTGGA,1000
CGGGTCAAGGCATCAG,4
AGTACTGAGTACTGTC,4
AGCCAATTCAAAGACA,1000
GTGCAGCCACTCTCGT,2
GGTCACGCAATCTAGC,2
GTCTGTCTCTATTCGT,1000
TTGGGCGGTCGGCTAC,5
GTAGAAACATCATTGG,6
AGACTCACACTGGAAG,8
TTACCATAGGTGCGAT,5
TGGTTAGCATGTGTCA,4
GATCATGCATCGTTCC,7
TGGTTAGAGCAGATAT,1
CATTCCGCACTGTCCT,5
GAGGCAAGTTGGTGTT,7
TCCTCTTGTGAATATG,2
ATCACTTGTATTTCCT,3
GCCTGTTAGCCGGATA,6
GTCTAGAGTATGGGAC,4
TCATTCATCCACCTGT,7
GAGTCTAGTGGCGTAA,4
TACACCCAGATTAGAC,4
CCGTGAGGTTATAGCC,1000
CGAAGGAAGCCGAATG,1000
AGATGCTTCACTCTTA,7
CGAGGCTTCTTTACAC,8
GTAGGAGGTACCCGAC,1000
AAACCCATCAGTAGGG,1000
TGCACGGGTACGGATG,6
CAAGCTAAGTTAGAAC,8
GACTCTCTCATTGCTT,7
CTTTCAAGTGTTACTG,5
CGTGATATCATGCCAA,3
GCTACCTCACATTACG,1000
GACTTCCAGTGCAAAT,1
GGAATGGAGGTCATTC,7
TGATTCTCAAGTCGTT,4
TTCTCTCGTACAGGTG,8
TGGGCGTGTACTGCCG,1
TCATTTGAGGACAGCT,1
GCCATGGCAGTTGGTT,1000
GTTGTCCAGGACCCAA,8
GTTGAACCATGAGATA,1
CACAACATCGTAGCTA,1000
CTCATCGCATCATTGG,4
AGTTAGCAGCCATCCG,1000
AGGATCTGTAGTTCCA,8
CTCCCTCGTCGCTTGG,6
GGTAGAGCAGACCATT,2
GCCCAGAGTTACACAC,2
CTCACTGTCCTAGCTC,1000
AACCCAACAAGATCCT,7
AGGATCTGTCGCTCGA,7
GTACAGTAGACCTCAT,5
ACCGTTCCAGGAGGTT,7
CATGAGTAGGAGTCTG,3
CGTAAGTAGGCGTCCT,1000
CTTCCGAGTCGACTTA,4
GACCCTTAGTCATACC,3
GCGTTTCAGATGCTTC,7
CTGTATTGTTTGTGGT,2
TGTCCTGCAAATTGGA,4
TCTTCCTCATCTGGGC,6
GCAACATCATGCTGCG,7
ACTGTGAAGACATACA,1000
TGGTACAAGCTACTAC,7
TCGGATATCCCGTAAA,1
CTACGGGGTAGATTGA,2
TCCCAGTAGGATTTGA,2
ACGATGTCAACTGATC,1
TTCCGGTGTCATCCGG,7
GGAATCTCAGCTAACT,1
AGGTCTACAGCGTTTA,1000
GTCGTTCTCAAGTCTG,1000
ACCAAACTCATGAGAA,6
GATCCCTAGGTCCTGC,8
ATTCAGGTCATGAGGG,8
TCCATGCGTCCGGTGT,3
GGGCTACGTGTGGACA,5
ACAGGGATCTAGTACG,5
GCATTAGTCTGGACTA,1
TGTAGACCAAGACCGA,1000
GCCGATGTCAGACAAA,1000
GCTACCTAGTCTGTAC,5
TACGGGCCAATGTCAC,1
TCTGGCTAGGCACAAC,4
CATCGTCGTGAATTAG,2
TTCATTGAGAAGCTCG,3
GTCCTCAAGCCGTTGC,1000
GGGCCATCATCGGATT,1000
ACTATTCTCTGGACTA,7
AGAACCTCAACTGGTT,3
TCGGGACTCCACCCTA,8
TCTGTCGTCTGTAAGC,4
TAGAGTCTCGTGGCTG,5
CAAGAGGGTCTCCCTA,1000
TTTATGCCATAGAATG,7
GACATCAAGGCTAACG,4
CAGCAGCCAGATAAAC,7
GCAGGCTAGTTGTCAC,8
CTCATTAGTCAGACTT,6
ATGGGTTTCTGAGCAT,5
AGACCCGGTAGCGAGT,2
ATGCCTCTCTCTATAC,7
GAGATGGCACTTCAAG,6
AGAAATGTCCGGCAAC,3
ATTCACTAGCTATCCA,6
TGATGCATCCGGCAAC,1
GATCATGCACTTCTCG,2
GTTTGGATCGGAATGG,7
AGAAATGGTTCATCTT,8
ATGAAAGGTTGTGTTG,5
GGAGGTACATGTCTAG,4
CACTTCGGTGTTCGAT,8
TCCATCGAGTTTGGCT,1
TCTGGCTAGATGAATC,5
CTCCGATTCATGCATG,5
ACCTGTCAGTAGAATC,2
GGCAGTCAGTGACCTT,6
GCTTCACTCTCTGACC,3
ATACCTTTCATTTCCA,8
GTCAGCGGTCCGAAGA,5
TACGCTCTCTAAGCGT,3
GTAGGAGGTGCAACGA,4
CTTGATTAGGTCGTGA,4
TGTGCGGGTACCCACG,8
AGTCATGCAGACAAAT,5
AGCCACGAGGTAGATT,1000
AGAGAGCAGATTGAGT,1000
ACTTTGTAGGTCACTT,4
TGATGGTGTTCGGTTA,8
GTAGAAAGTGAGTAAT,3
TTGCGTCAGGCACCAA,6
CGCGTGAAGGGTTAAT,8
TAATTCCTCTGAATCG,1000
CTGTCGTGTGATACTC,5
GCTTGGGAGCACGTCC,3
CTTCAATAGGATTTAG,3
TTTATGCCACGATTCA,1000
TAGCACAAGTCAATCC,4
AGCGCCACACACACGC,7
TGTGGCGCACGCTATA,7
TGACAGTAGATGTTAG,1000
CAACGATGTATCTTCT,7
CCACGTTGTCAAGCGA,4
TGTTGAGTCTGAGATC,7
CCTTGTGGTCTAGATC,2
AGGCTGCCACTATGTG,1000
GGCTTTCGTTCTCCTG,8
TCTTGCGGTACAACGG,3
GTGTGATAGCATGGGT,1
GGAGGTAGTCTCGACG,8
TCGTGCTTCCGACAGC,2
GTCTAGATCCCATGGG,4
CAACAACGTGATGTAA,3
GTTGTGAGTGTGAGCA,1
CAACCTCGTGAGCTCC,6
TTTCGATGTCTCCTGT,2
AGAACCTAGACCCGCT,5
CTCCAACAGGTAAGTT,4
TTGACCCTCGAAGAAT,7
GTTTGGATCACGGGAA,7
AAGTACCGTATTCTCT,8
CTCTCGATCAGACCCG,3
TCAGCAACAAGCACAG,1000
GTCATCCAGGTAGCAC,8
AACCAACCACTGTGTA,5
AACCAACGTTAGGGTG,2
CCACCATCATAACCCA,1000
ATCGATGCATAGCACT,2
TACACCCGTGCGAACA,8
GTCTAGACACGGTAGA,2
ATCCGTCTCAGAATAG,3
AATTCCTAGTCGCCAC,5
TGCGGCAAGGGAGTTC,5
CGTCCATGTTACACTG,5
TGAGGTTTCGTTCGCT,8
CTCAAGATCCTTGACC,4
TTGCTGCAGGCATGGT,4
TGTTACTAGGACTATA,2
GCGGAAAGTTGCATCA,2
AGTGCCGTCATTGCGA,1000
CATCCACGTACCCGAC,6
TTGCATTTCAGTGTCA,6
CGTAATGTCGTCGACG,6
ACTCTCGTCATACAGC,1
GTCATCCAGTTGTAAG,3
GAGTTGTTCCTCAGGG,2
TCAAGACTCTAAGCCA,5
GCCAACGGTGCATACT,4
GCCATGGCACTCTGCT,3
TAAGCCACATCACGGC,8
TGGGCGTAGCGCAATG,1000
ATGAAAGAGCGATGCA,7
ACCATTTCAAATGCTC,1
AGGTTACAGATGATTG,6
TACTTCATCCGGCAAC,6
ACCAACACAAGGTCAG,1000
GTCTCACCATCTCGTC,1000
CTAACTTAGGTATTGA,4
TGTGGCGAGAGTATAC,3
CCGGTAGAGAGTATAC,2
TGATGCAGTGGTTTAC,5
GCAACCGGTCCCAAAT,5
TACGTCCGTACTCAAC,6
TGGATGTGTTTACGTG,7
ACTTTCAAGCAAACAT,6
AGTTCGAGTACTTGTG,7
TGAGCATAGTAATACG,5
TTACGCCGTGAGCCAA,6
CTGCATCGTAGCTCGC,7
AACAAGATCTAGCCTC,3
TGGTACAAGTCAATCC,6
CGCCATTAGTAGTCAA,3
TATCCTACACTGAATC,2
TCCGGGAGTGTCACAT,1
GCTTGGGGTCTACGAT,5
AACAACCGTGGTTTAC,2
TGTGGCGCACTGTGTA,1000
GCCAGCACACACTTAG,3
GGAGGTATCGACGATT,4
CTGTCGTGTGTGGTCC,7
GGAGGATAGGAAGTAG,1000
TTGTTGTTCTTCTAAC,5
TTCCAATCACATTCGA,8
CTGATCCTCGGAAGGT,8
TACAGGTCAAGAGTGC,1000
CATTTCAGTCTCCCTA,1000
GGGTGAATCTTCACAT,3
TAGACCACACGCTATA,6
GTCTGTCTCGCTTAAG,5
TTAATCCTCCTCTGCA,1000
TTTGGAGAGACTACCT,5
AGATGCTAGATTACCC,2
TGACTCCGTCGAATTC,1
CCTCTCCCATCAGCAT,5
TCCTTCTTCACTGAAC,2
TTCAGGACATTGACTG,2
ATAGACCCAGGATCTT,5
CGAAGTTGTATCTCGA,1
GTTGCGGCATTAAAGG,7
GTTGTCCCATACAGCT,2
TACTTACGTTGCTCGG,1000
GCACGTGTCGGAGATG,7
TACCTGCCAGAAGTTA,5
CGTTGGGAGCTAGAAT,2
CAATGACGTATTTCGG,5
GTTGCTCCACTGTCGG,8
AGTGTTGAGCGTATAA,7
CGATGCGGTTCGGTCG,8
GAAGGACAGATACATG,5
GTTAGACCACCGGTCA,3
CCTCTAGCACGACTAT,3
TGTGCGGGTAACAAGT,8
CTCCACACAAAGAACT,2
TGTCCCAGTGTGTCCG,5
TCTATACCACGGGTAA,4
CAATCGAGTTGGATCT,5
GAATCGTGTCTGTGAT,7
AATGCCAAGAATCCCT,8
TCGTCCAGTCGCTTAA,6
AGGTCTAGTTACACAC,4
GTAATCGGTGCTCTCT,3
TACTTCATCCCGATCT,5
GCGATCGGTGGAGAAA,1
AGGGCCTGTGATACTC,1
AAGCATCGTCAACCAT,1000
GAGAGGTAGGGCATGT,2
AGGTCTATCTATGTGG,1
CCTGCATCAGTGAGCA,6
CACTTCGCACCGCTAG,5
AGACACTGTACAGCGA,2
TAGGAGGGTATCGTTG,3
GTTACGACAGATAAAC,5
TTCGATTCACTCCTTG,7
ATGGGTTTCGGCAGTC,7
CTCATCGAGAAACCAT,8
AATCACGCATCGCTGG,7
ACGGAAGAGACCAGAC,2
CTACAGATCTCCATAT,6
CGTGAATTCCATTTAC,7
GAAGCCCCAGTTGTTG,8
TCACAAGCAGCGTTGC,2
GACCTTCTCTCAATCT,3
ATTCGTTAGACCGCCT,3
GCGATCGTCCACCCTA,3
GTGGGAAAGAGCACTG,1000
TGGTGATCACAAGCAG,2
CATTTCAAGAACTTCC,1000
GTGATGTGTTCAGGTT,4
GTCATCCGTTTGGAAA,2
CCTCATGGTTCTCCAC,1000
TCGCACTCAGAGCTAG,1
CTGAGCGCATATCTGG,3
TGACGCGCAGGCGTTC,8
TTCCGTGAGTCACGAG,3
AGACAGGGTATTGAGA,5
GCCTGTTAGTCAGGGT,1
CAGCGTGAGCTCGAAG,3
TTTCATGCATACTTTC,7
CGAGTGCTCACGATAC,5
ATTGGGTTCCAACTAG,1000
GCACGGTCAACGATTC,4
GTGACGCAGCTGGCTC,2
ACAGGGAGTTCTCCTG,1000
TGGAACTCAGTGTACT,7
TGCGGGTTCCGCTGTT,1000
ACCTGTCGTCCCTGTT,7
TCGACCTTCAGTCTTT,5
CAACAACAGGTATCTC,1000
ACTTAGGCAGTCTACA,1000
TGGAGAGTCCCAGGCA,2
TTGGATGTCTACGCAA,3
GTTAGACGTATGGGAC,8
TTCCTTCCAGACCATT,5
GGACGTCGTGCGTTTA,2
CCTACGTGTTTCGACA,8
TTCGCTGAGGCATGGT,8
ATGCCTCCAGTAGAAT,3
GTACAGTCATACTGAC,2
TAAGTCGTCCGTACGG,6
TTACAGGCATCGCTAA,4
AATCGTGGTTAGGGTG,5
CCTCACAAGCCTCTTC,1000
CTACATTTCGTCACCT,6
CTTCTCTGTATGGGAC,5
CCCTCTCAGAGTCCGA,2
GTTGTAGGTTGCATGT,4
TCTTAGTGTCCTTTGC,8
GAAGCGACAACAAAGT,7
AAAGAACAGGGATCAC,6
ATTCGTTAGGGAGGTG,2
CAGTGCGAGGGAGGAC,7
AAGCGTTAGGCGTTGA,5
TATTCCACAATTGGTC,3
AGGGCTCTCATCTCTA,7
GTGACGCAGCGACTAG,3
TGGGATTTCTTAAGGC,3
AGTGACTAGAGCTGAC,8
GCATCGGAGGACTATA,7
TCCTTTCCAGATCCTA,5
GTAACCACACCGTCGA,6
CCATAAGCACGACAGA,5
ATTCAGGCAGCCATTA,5
TAACCAGTCGAAACAA,8
AACGTCACAAATGAAC,5
TGAGACTCACCACATA,5
CTCAACCTCGATACTG,2
CCACGAGGTAGACGTG,1000
AGCGATTTCAAGAAAC,1000
GTTGCGGGTGGAGAAA,1
CTCACTGAGTAGTCAA,3
GGGACCTGTACGATTC,5
GCCGTGAAGAAGGCTC,1
TCTTAGTAGGATACCG,6
TAGATCGTCTGACAGT,5
AGCTCAACAGTCGAGA,7
TTCTGTAAGGCCTGAA,8
ATATCCTAGTGACCTT,2
ACCCTTGCAGAAGTGC,1
TTGCTGCGTAGTACGG,1000
TCACGGGTCGATTGAC,5
AGAGAATTCCTAGCTC,7
TATTGCTCACTTGAAC,3
CCCATTGTCTTCGTGC,1000
GTCACTCTCAGTGGGA,8
ACAAAGAGTGTATTCG,1
GGAGGATTCGGTAGAG,3
GTGCTGGCAATGTCAC,5
CCTACGTCAGTCTACA,7
TTGCCTGTCGAGTGGA,1
ATCTCTATCGATTGAC,1000
CCAAGCGAGGGTCACA,6
GCCAGTGGTAATTAGG,4
GGAGATGTCGCCGAAC,2
AGGGTCCCAGAATCGG,5
GGGCCATTCTAAGGAA,1000
ACAGGGATCTTAGTTC,5
ATTGTTCTCGACATTG,4
TCCCACACACGTGTGC,5
ACGTCCTTCGAAACAA,3
GTTGCGGCAGTGTATC,4
AGGGCTCTCCGTAGGC,1000
CATGGATCAGAGTCTT,2
GAACGTTCAACACACT,6
CTCCTCCTCCTATGGA,2
TCATATCAGTAGCAAT,8
GTTACGATCGGATACT,7
ATCACGAAGGTTGGTG,3
AGAGAGCGTTTGCCGG,3
AGGACGAGTACGGATG,1000
GCCGTGAGTCCTGTCT,4
TGGATGTAGTCAGGGT,6
GAGGCAACATGGCTAT,5
CATACCCAGAGTTGCG,6
ACTATCTCAACCAATC,3
TTCACCGAGAAACCAT,7
GAAGTAAGTAGAAACT,5
TACCGAAGTGACAGCA,2
TCATCATTCGGAAACG,4
ATAGACCGTAGGCTCC,3
TTCACCGGTCTAGGTT,6
AGTGACTCAGCTACAT,1000
TGGTACAGTAGGCTGA,7
CGTTAGACATCATCTT,4
CACAACACAGGTCAGA,8
CTCATTAGTAACGCGA,4
TAGGTTGCACGTAGAG,3
TTCATTGAGCTCGCAC,8
ATACCTTAGGTATAGT,1
TGTTCATGTGAACCGA,6
TGCTTGCGTCGCGGTT,8
CAGCAGCAGGTAAGTT,6
TTCAATCCAAGGTACG,5
CTCAATTAGGCTCAAG,7
ACGTCCTGTACTAACC,1000
ATACCTTGTTCGGCGT,8
CATGCTCTCTAACGCA,5
ACGATGTCAAAGGCTG,1000
ATCGGATAGTCATCGT,1
ACTATCTCATTGAGGG,1
TTGTGGACACCTGCAG,3
AAGTACCCAGCGGATA,1000
CCCTCTCTCTGCTCTG,8
TCGAACATCTCTATAC,4
GGTGTTAAGTGATTCC,6
CTACGGGAGAGCAGCT,8
TATCTGTCACTGGATT,3
TGACGCGCAGCGTAGA,1000
GCATCGGCATACCGTA,2
TGGAGAGGTCAATGGG,3
CTTACCGTCAAGGACG,8
ACGCACGAGACAGCTG,2
CGGTCAGCAGCTTCGG,4
AGTACCAAGCATCAGG,6
CGGGACTTCACTGGGC,1000
GCAGGCTAGTAGTCCT,7
GCCGTGACAAGCGATG,2
GCATCGGCATAACAGA,7
TTTGGAGGTTGGCCTG,1
GACGCTGTCGGAGCAA,7
GGGAGATAGGCATGGT,7
GGGCTCACAAATGGTA,1000
GGCAGTCTCTCGGGAC,7
ATGGGTTTCGAAATCC,8
TTCTCTCCACATTACG,2
GCACATAAGATGCTTC,5
GGGCTCAGTTTCACTT,1000
GAGCTGCAGGACCCAA,3
GAGAGGTAGTGGATTA,1
CTGGCAGGTTTGTGGT,5
GTGAGGAGTTGGCTAT,7
ACAGGGACACCCTATC,8
CATCGCTGTTCTCCTG,3
TCTGGCTGTGGGCTTC,6
TCGACCTTCAATCTTC,3
TGTTTGTGTCCTCCTA,3
CCCGGAACATCCGAAT,1
AGCCACGCATGGCACC,1000
TCACAAGCACCGTGGT,5
TTTCATGGTCCAGAAG,3
GAGTCTAGTATTTCCT,2
ACTGCAAAGTCAAGCG,7
CCTAAGAGTCCTCCTA,5
ACATTTCAGCATACTC,5
GATTTCTAGAGTATAC,8
TTGGATGTCGATGCTA,5
GGTGTTATCACAGAGG,1
CTTTCAACATTAAAGG,8
GTAGAAAAGAAAGCGA,4
GAATCGTTCTCTCAAT,1
CACTGTCTCGACCAAT,1
TATTGCTAGCATCCCG,3
CCTCACAAGCCGATAG,6
GTTGCTCAGGTGATCG,1000
ACATCGATCCTGGGTG,8
AAGTACCCAGGAACCA,2
TGGTTAGAGTTCTCTT,4
CCGTGAGCACACCGAC,2
TGCTCGTTCGGCATCG,1
CAATTTCAGTACCATC,1
TGGGAAGGTGCCGTTG,5
TTTATGCGTTGATCGT,3
CAGCCAGGTTTCCAAG,6
ACTCTCGGTAGACAGC,8
GTCAGCGAGGGTAATT,1000
GAGTTGTTCTCTGACC,7
TACTTACTCTGGTGGC,3
GGGTAGATCCGATGCG,3
CATAGACTCTTCGATT,1
CTCCACACAACTAGAA,1
TCGAAGTTCTGTTGGA,5
GGCACGTTCGGCCCAA,1000
TTCCTAATCAACACGT,1
GGGCGTTGTGACGCCT,3
TAGTGCAAGACTACCT,7
AGCGCTGGTTTGACAC,3
GACAGCCGTTCCGCGA,3
CAACCTCAGGTCGACA,3
CTTACCGCAATTCACG,2
TCAGCAAGTCAAGTTC,3
ATCGGATTCTCCTGCA,8
TCACTCGTCAATCCGA,2
CAGATCACATGACGAG,1000
GGAGCAATCCCAGGCA,5
GGAGGTACAAACGGCA,1000
ATACTTCTCTAGTGAC,8
GGGCTCACATACTTTC,5
TATCTTGAGCTACGTT,7
GTCGTTCCACGCCACA,3
TACAGGTCATTCGATG,4
TAGGTTGCACCGTACG,2
GACATCAGTACCGTCG,8
TTCTCTCTCTGCAGCG,5
GCGAGAACAGTCTTCC,1
AGTGATCGTGTGGACA,1
CAACCTCAGGATATGT,4
TTATTGCAGTCGGGAT,1000
ACGGTTACACTGAATC,1
TACCCACAGCTCCATA,1000
ACATTTCTCCTAAACG,5
ATGCGATCATATGAAG,1
TCTCAGCCATTACGGT,7
TTGTTTGAGCATGCAG,5
TGTTCATTCTATACGG,1000
AACAGGGTCTAGTACG,2
GTTCCGTGTCGCTTGG,1000
ACAAGCTGTAACACCT,1
CTTCCTTAGAGCATTA,4
CCCGAAGTCTCGCGTT,4
TGTGGCGGTCCACTCT,2
TACGGGCCAAATCAAG,4
ACATCGACAACACACT,2
GAGTTACAGTGGTTGG,4
CCGTGAGCAGACTCTA,8
TTCTGTATCTATACGG,5
TCATGAGGTATCGATC,2
AATAGAGTCATCACTT,7
AGACTCATCCGCAGTG,3
ATGTCTTGTCCGTTTC,7
GCCATTCGTGTTCAGT,5
GTTATGGGTCCCAAAT,6
CTGTGGGGTACGTTCA,1
TAGGTACGTTATAGAG,7
AGGTTGTTCATGAGGG,3
CAAGAGGCACACCTAA,8
CAAAGAAGTCTTGAGT,7
CCGGTAGAGCCAGAGT,3
GAACGTTTCCATAAGC,4
TACGTCCTCCGATGTA,3
TATGTTCCAGGAAGTC,4
CGCATGGGTTACAGCT,1000
CATTCATTCGCTACGG,8
ATATCCTGTCAGACTT,6
CACGAATAGACGGTTG,3
TGTGATGAGACTGGGT,5
AAGACTCAGGGAGAAT,7
CTGTGAATCTTAATCC,3
GAGTGAGCAACTGATC,1000
CATCGTCTCTGTGTGA,4
TGTTGAGAGACAACAT,4
GGGACAATCAACACGT,2
ATGACCATCGTCAGAT,5
AGAAGTAAGACTCTAC,4
TGTCCACAGGTCCAGA,1
AAAGGGCGTTGCGTAT,3
CGTGATATCTGGAGAG,2
CACTGGGTCCTACTGC,3
GGCTTTCTCAGAGCGA,7
TACGCTCGTTGCAAGG,2
TCAGGTACATCGATAC,8
AGAAGTAGTACGGATG,3
AATCGACCAGGTTTAC,7
CTCAACCAGAATTTGG,7
CTTCTAAGTGTAAACA,7
CACTGGGCAAGTCGTT,1000
CATCGCTGTAACCAGG,8
CCCTGATAGCGTGAAC,6
CTTACCGGTTACGGAG,5
GCCCGAACAGGAGACT,4
AGGGTTTCACCTCAGG,8
CGGGCATAGGATTTCC,1
GTCCTCATCTAGCCAA,1000
CGATGCGTCGGACGTC,7
TGGTAGTCAGATCCAT,1
CGGAGAAAGTCATCGT,5
CGAATTGAGTTACGTC,5
CCAATGACATGCGTGC,1
GTCACGGAGATGCTAA,7
GGAGAACGTCTACAGT,7
ATCGTAGAGGAACTAT,1000
GTCGTTCAGTCCGCCA,1
GGTCACGAGAGAGCGG,3
CTCACTGGTAGCTAAA,5
TGAGTCAGTTCAAACC,3
AACCCAATCGATTTCT,1
CGAAGTTCACTGCATA,3
TCATGCCCACCGTACG,1000
TCCTCGAAGCACTTTG,6
AGTAGTCTCGAACCAT,8
GATGGAGAGCCAAGTG,3
GAGTTACTCTGGTGGC,5
TATCTGTGTGTTCGTA,1000
AAGTGAAGTGCCTTCT,2
TCATCCGCAGTCTCTC,7
AGCGATTAGATCGCCC,2
ACATGCAAGACCGTTT,2
AATGGAATCATAGGCT,3
CTCCTTTCATTGACTG,5
GGGACCTCAACGTAAA,1000
CGAAGTTGTTGCACGC,1000
CGTGCTTCAACGTAAA,1
AGGGTTTGTGACCTGC,8
GTCAAACGTGTCTTCC,7
AAAGTCCCAGGCACTC,5
ATTCGTTAGTGCGCTC,3
AAGAACAAGCGACCCT,1000
TTTGATCCAGTTGTTG,8
GACTTCCGTATGGGAC,8
TTTCGATTCAAGGACG,6
AATAGAGGTGTTGAGG,4
TGTGCGGGTGCATGTT,3
GGAATGGAGGATACCG,4
GGGCTACAGAACCCGA,8
TCAGCCTGTGCAGATG,7
ATATCCTGTCATCGCG,6
AGTGATCGTTGGAGAC,3
CACGTGGGTCTGTAAC,3
TGGAGAGCACAATGTC,3
AAAGTCCGTCGTCTCT,7
TTGGGCGAGAAGAGCA,1000
CGACAGCGTAACCCTA,5
TCGCTCATCTTGCGCT,4
TCCTTTCGTTATGTCG,7
TCGACCTAGCCTGCCA,7
GTTGTAGTCATTACTC,3
GACGTTACATGAAGCG,3
ATGCGATAGCTTCGTA,3
TTCCTCTCAATATCCG,3
TGTTCATGTCAATCTG,6
CGCCATTGTCTCGGAC,7
TAGGAGGAGTGGTCAG,5
ACTTCCGAGATTGTGA,1000
GAGAGGTAGGCGTTAG,6
TTGGGTAGTGGACTAG,1000
TACGCTCGTGTGTGTT,5
TCCTTCTAGTCTGTAC,4
TCCTGCAGTTCAAAGA,1000
GAATAGAGTCCGAAAG,1000
ATGCCTCGTACAGTCT,5
GATAGAAGTTCTCCAC,1000
AGAAGTATCGAGAGCA,1000
ATCCTATTCGTCAACA,3
TGTTGAGGTGTATTCG,3
CAACCAAAGTCAAGCG,1000
AGTACTGCATTCATCT,1
CACTGTCAGCGACAGT,8
TTTCATGAGTCCCAGC,6
GGTGTTAAGCCAGACA,7
TCAATTCTCACCGGTG,7
CGTGAATGTCTTGTCC,3
GGTTAACAGGAGTACC,1
TTAGGGTAGGTAGACC,8
GTTAGACAGGCTCTAT,3
ACATCCCCACCTGTCT,7
CCTTCAGCAAGCCTGC,6
TGCATGACATACCACA,6
GTTTGGAGTTTGTGGT,5
CATCCGTCAGAAGTGC,2
TCAAGACAGTAAATGC,5
TGGGATTGTCGCATCG,3
GCCAGGTTCTACACTT,3
GTAGGAGTCTACACAG,1000
TGTGGCGCACGACCTG,1000
TTGACCCGTATGATCC,2
TGTGGCGCACAGTCGC,7
ATGTCTTCAGTAGAGC,5
GATTCTTAGAACTGAT,1
TCATCCGAGATTAGCA,7
TTCTTCCAGAAGCGGG,7
CATCGGGAGCGCCCAT,1
GGTAATCTCTAGGCAT,4
GCGGATCCACCTATCC,4
TTTGACTTCGGAGATG,1000
CCTGTTGGTTTGGCTA,2
AAACCCACACTTCCTG,4
CATTGTTGTACCAGAG,6
AGTAGCTTCCCGTGAG,8
ACTATGGTCGGCGATC,3
TAAGCCACAGGGACTA,3
CACTGAACATAAGATG,3
CCTCAGTAGCCACTCG,3
TATCTTGGTGCTCCGA,3
AACAAAGGTCTGCGCA,4
AAACGCTCACACTTAG,5
AAAGAACAGAACTGAT,3
GTCAGCGAGAGGTGCT,5
GTTACGACAGCTTCGG,1000
GTGAGCCGTTCGGTCG,6
TCATATCAGGGTAATT,5
ACAAGCTTCCCTTCCC,1000
GCTACAATCCTACACC,7
TTGCGTCGTTACGATC,8
TGCCGAGGTGTTCCTC,5
AGACAAAGTGTCATGT,5
GAACACTAGGTTACCT,7
AATCACGCAGCAGTCC,2
TGGGATTTCTTTGGAG,5
CCGCAAGCAAGATGTA,6
TGAATGCCAACACGTT,1000
CAACAACCAGGCTACC,2
AACGAAAAGAGCAAGA,1000
CAAGACTGTCTGTGCG,5
GTCAAACCAAGAGTGC,1000
CAGTGCGAGGCGTCCT,4
TTCAGGATCCACTGGG,1000
ACGGTCGTCAATCAGC,5
GATGAGGGTTGCGGCT,8
TGCAGATAGCATTTGC,1000
CGCATAACAACACAAA,6
AGGTCATGTCTAGGCC,3
GGGAGTAGTTGGGATG,7
GTGCACGCAAACAGGC,6
AATGCCATCCTGTTAT,7
GTAGGAGGTGTAAACA,2
GCATGATCAGTTAGAA,8
CCGGTGATCGAACACT,6
AGACAAAGTGTGAGCA,6
TAGCACACAAACTAGA,4
TCACAAGGTAGCGTTT,8
TTTGGTTTCACTGGGC,4
AAGCGTTCAGAGTAAT,7
AGGAAATGTTAGAAGT,6
CACAACAGTATCGTGT,1000
CTGAGCGTCCCTTCCC,3
TCGAACAAGCGTATGG,5
TGAGTCAGTGCTCTTC,6
AAGTTCGCACTGTGAT,7
GTAGCTAAGAAGCCAC,1
CACTGAAAGAGAGTGA,4
AGGAAATTCATTGAGC,3
TTACCATCAATTCTCT,8
CAAGAGGGTCATCGGC,1
TTGCGTCCAGTCTTCC,4
TTGACCCAGCAGCAGT,5
CAGTTCCGTCATAGTC,5
TGAATCGTCGTAGGAG,1
AATGCCAAGTTTCAGC,5
GACAGCCGTGCCGTTG,3
TGTTGGAGTGTGTCGC,2
GCCAGCACAGCGACAA,6
ATATCCTAGAAGTCAT,5
CCTTTGGTCTGAGAGG,4
GACATCACAATCCTAG,8
GCACGTGAGTTGTCGT,7
GGAAGTGGTATCAGGG,8
TCGCACTAGTCTAACC,1
GTTACGATCTTGCGCT,2
AAAGGGCGTTCCGTTC,6
GCCAGCACAGTATGAA,5
TACCTGCGTGTGCTTA,1000
AGTCACAAGGTAACTA,2
CTACCCAGTTCCCACT,3
ATTCTACTCTGCTAGA,5
ATCCCTGAGTCTTCGA,2
GTGTCCTCATTCTCTA,6
GAATCACTCATGCGGC,2
AATCACGTCATTACGG,2
CTGCGAGTCAAGCGTT,6
CCGTAGGTCGGCTTCT,4
ACATCGACACTTGGGC,4
TTTCGATAGGTTACAA,7
TCAAGACTCTGTCCGT,1
TTTGACTCATGGAAGC,7
CATCAAGAGCAAGTGC,1
GTACAGTGTTGTTGAC,2
GAGAGGTCAGGGAGAG,4
CTCAGAACAACCAACT,3
ATTACTCGTGCATGAG,3
ATCGGATCATGACTTG,1
AGTCACACAGACGCTC,7
TCGGGACTCTCCGAGG,8
TGTTGGACAATTGCCA,8
TCGGGACCACATCCCT,7
AGAAGCGAGTCGAATA,4
ATGGATCAGAGCTGAC,1000
AGTAGCTCACTATGTG,3
TGAGCGCAGATAGTCA,1000
CCCTTAGGTTGAGGAC,3
CGATGCGTCAATGCAC,2
CCACGTTCAGAGGAAA,1000
TGCCGAGGTAGAGATT,6
GCGATCGGTGTATCCA,8
GTCTTTACAAGAATGT,1000
AGGTAGGGTGTCTAAC,2
CATCCGTAGTTGTCGT,8
CTGAGCGCAACGAGGT,4
CCTATCGGTAACACGG,2
GGAGATGTCTTCTTCC,2
CTGCTCAAGGCTTCCG,7
CAATTTCGTCTCCCTA,8
AATGGCTAGCAAATCA,3
AGTAGTCAGCAAATCA,8
GCGTGCAGTCTCAGGC,7
ATTTCACCAGTGCCTG,3
CGAAGTTCATACCGTA,3
TTTGGTTAGTCATGCT,8
AATCGACCAAGCCATT,7
GGGCCATAGGTATAGT,4
CAACGATCAACTCATG,4
AGTCTCCGTAAGCGGT,6
GACATCATCGACACTA,8
GTGAGCCAGCGACTGA,3
CGAGAAGGTTGCGTAT,2
CTTCCGACAGAATGTA,8
TGCGGCACATCGAACT,3
GATCGTAAGCGCTTCG,6
CTTGAGACACTGGCCA,7
TTCCTAACAATAGAGT,7
TAAGCACGTACTGACT,5
ACGGTTATCAGTCAGT,1000
CGTGCTTTCCTATGGA,6
CTCAACCAGGTAGGCT,3
CCTATCGGTAGCTAAA,8
GCGTTTCTCTGCGATA,2
CATGCTCGTTCTCTAT,1
AAGCGAGGTTCAAAGA,7
GGAGGTAAGACCAAAT,1
TTCTCTCCAAGAGTGC,3
CAAGCTAAGGTAATCA,1000
GCTTTCGTCTGGTGGC,3
TGGGAAGAGGAGTATT,6
TCCCATGTCGCCTCTA,3
TGCATGAGTGCCAAGA,6
GTAAGTCCAATTGAAG,3
CTGTGAAAGGCAGTCA,8
CATACAGTCATCGCTC,1
TGTGTGATCAAAGGAT,6
CCACTTGAGAGAATCT,2
GGGAGTATCGTTAGTG,2
GTATTGGCACTACTTT,6
TCGGGACTCAGCGCAC,1
ATCGCCTAGTGCTACT,6
CTGTGAAAGGATCATA,6
GATGTTGCAGCGTAGA,6
GTATTTCAGGTAACTA,5
GGGAGATAGCTGAGTG,4
CGGTCAGCAGGAACCA,8
GAACACTTCCAACACA,5
CTCCTTTAGTCACGCC,5
AGTCACATCTAGTCAG,2
GAATCACCATGGCTGC,3
TGCTTGCCACACCTAA,8
GAGAAATAGGGCTGAT,3
ACTGATGGTCTGTGCG,5
CACCGTTGTTGTTGCA,7
CACATGATCACAGTGT,4
AGGAAATTCAAGCCTA,2
CACCAAATCTGGCCGA,8
GACCTTCAGCATGGGT,2
GCGGAAAGTTCGGCTG,5
AGGTTACGTGTCTCCT,7
CTGTGAACACGTAGTT,1
GTGCTTCCAACAAGAT,1
TCATTGTAGGTGCTGA,1
GTCTAGATCAGGAACG,1000
GTCGCGATCAAAGGTA,7
TCTCCGAAGTTAACGA,2
AAACCCAGTTCTCAGA,2
CTCAAGAAGAAGGGAT,2
ACAACCAGTAACTTCG,8
CTTACCGAGTCATACC,1000
GGATGTTAGGCCATAG,5
CTCATGCTCGCCTTGT,6
CTCATGCCAACAAGTA,1000
CAATTTCTCTGTCTCG,2
GAAGAATCAGAAGTTA,7
CTACGGGCATCACCAA,1000
TGAGGTTCATGAAGGC,2
GGCTTTCTCCGTGTAA,1000
GATAGAACATCGGAAG,5
CATCGGGCACCCTATC,7
GACTCAACATCCTTCG,7
TAACGACGTCGAACGA,3
CCACAAATCCATTGGA,3
GGTGTTATCTCCAAGA,3
TAACGACGTGTTCATG,1
CTGTACCTCCCAAGCG,5
CCTCAACGTTGTGGAG,3
GCATCGGCACACGCCA,8
TATCAGGCAATAGGAT,5
AGGGTCCGTCGAAACG,5
TATCGCCAGGTATAGT,2
AGACACTCATCCTCAC,3
ACATGCACAGGTTCCG,2
CTTCTAAAGATGAACT,1
AATGACCGTCATTCCC,5
AAGTGAAGTGGTCTGC,2
TATTGGGTCCTTCTAA,8
AGAGCCCGTAGGGAGG,1000
CAGTTCCGTTGGAGGT,2
ATGTCTTCATACACCA,5
GATGGAGCAGACGCTC,3
CTCCATGAGTGATAAC,6
CAGGTATCAGACAAAT,3
AGATCGTTCCAGCCTT,5
CATACAGAGAACTTCC,1000
CTTCTAAGTATAGGGC,1
AGCATCATCGACGAGA,3
CATGGATAGCTGGCCT,3
CTCCAACTCTCAAAGC,1
TGTCCACCACTCCTGT,3
AGGAAATCATCCGGTG,5
TCGATTTTCATTACCT,7
GTCACGGTCATATGGC,1000
GGGTTATTCTTCGGAA,3
CTCTGGTTCTGCCTGT,7
AAGGAATTCCGAGAAG,6
GTTACCCAGCGACATG,2
AGTCAACCATACCATG,6
CCACACTGTACAGCGA,3
CAGGCCATCGTCAGAT,5
GAGGCAAGTCACCCTT,3
AAAGGGCCACACCTAA,3
AAACGCTTCGCTAAAC,4
GGGTGAAGTCATCCGG,3
TGTTACTTCGCTCTCA,4
GTCGTAAGTTACCCTC,5
GTTGTAGTCGAGAGCA,1
TCATGCCAGAGAAGGT,6
GACCGTGTCACCTACC,8
CGCATAATCCACACCT,1000
CGTGATATCCAAGCTA,5
GTGCAGCGTCCACTCT,2
GTCAGCGCACAAAGTA,3
GTGCAGCTCCAACACA,8
GTGTTAGAGGTCGAGT,1000
ATTGTTCAGACTTGTC,8
TGCAGGCGTGAAAGTT,6
GTTACCCGTACAAAGT,2
CCGTGAGCAATCGCAT,7
TTCCTAACACGGTGCT,3
AGTTCCCCAATGCTCA,3
ACTTAGGTCTTAGCCC,4
TATGTTCGTTCTCTCG,5
AAGACAATCCTCTGCA,1000
AGTGCCGTCCACACAA,5
GAGGGTAGTAAGTCAA,7
TCCATGCCATTCGATG,5
TGCTCCATCATGAGGG,1000
ATGAGGGGTCATAGTC,4
CGTGCTTCAACTTCTT,8
CTAAGTGAGGGATCTG,1000
TGCATGAGTCCGGTCA,1000
GAGTGTTAGCCGTTAT,1000
CTAAGTGTCACTAGCA,1000
GTTCATTTCTCCGAAA,8
AGACAAATCCACACCT,8
TTACTGTAGCAGGCTA,2
CATCCACCAATGGCCC,1
GGCAGTCTCTCCCAAC,4
TAACTTCCACAGCGCT,3
CCAATTTAGCTGAAAT,2
CTCATTAGTGGGCTCT,4
ATGATCGTCTTACGGA,8
CTCCCTCTCTGCCTGT,2
TTCCGTGCAACTGTGT,1000
TCACGCTTCTTCGATT,7
CAGGCCAGTGGCTTGC,6
CACTGAAAGTAATACG,2
GTGGCGTAGTATTCCG,8
AACGGGACAGAAACCG,5
CTTTCGGGTGTTGATC,2
TTGGGCGCACATTCTT,8
ACAGAAAAGTAACGTA,1000
AGCGTATAGAATTGCA,7
CTCAGGGAGACCAGCA,3
GATGGAGAGCTAGAAT,8
TATCTTGAGGGCCTCT,1000
TTTGACTCAAGTTCCA,6
TCGAAGTTCACTGATG,2
CGATGCGCACGACCTG,5
TTGTTGTAGCAATAGT,3
GGTGGCTCACATTACG,5
TCCGATCTCTTCCTAA,6
GTTCCGTCATCCGAAT,4
TACGGTAGTCCAGTTA,4
CCGTAGGGTAGCGATG,7
GGGCCATTCGTGCTCT,1
AAGTGAAAGTCAGGGT,2
GGGTTTATCCTTATGT,5
TTGTGTTTCTTAAGGC,3
AGGATCTAGGTGCTTT,3
ATGATCGAGGTCGTCC,5
GAGTTACTCGGTCTGG,7
CGATGCGAGGGTACGT,3
TTCGGTCGTACCGGCT,6
TGTCCCAGTAGTATAG,4
ACCCTCACAATACCTG,1000
TAACGACGTAGCTTAC,3
GGGTTATGTCAACATC,1
AACACACCAATTCACG,8
TTGTGGAAGGTCCAGA,1
AGAAGCGAGGAAAGAC,3
GATGATCAGAGATGCC,6
CTCGAGGCAGAGCTAG,1000
ATGACCAGTGGCAACA,1
GCGTTTCGTCCGAAGA,5
GGTTCTCTCACGAACT,1000
CAACAGTCAACTGATC,4
ATTATCCGTGACTCGC,1
TCTCAGCTCGGCTTGG,5
CTGTGGGCAAGCACAG,6
TGTTCATGTCAAAGAT,1000
AATTTCCGTTCCGGTG,1000
ATCGTCCGTTATGTCG,4
GAAGCCCTCCTGCTAC,8
CACTGGGAGGCTTAAA,6
CTAGACAAGCCATTCA,7
GAAGCGATCTGCCTGT,5
CTGTACCTCTAATTCC,2
GAGTCATAGACCATTC,6
CCTGTTGGTTGCCTAA,8
TCATGAGTCTCCTGAC,2
GGGACCTAGGACATCG,7
CTGAATGGTACAATAG,6
CGAGTTATCGTTCTGC,3
TTTGGAGCAAGCTGTT,1000
TATTGGGGTGAACCGA,7
CATCAAGTCGGTGTTA,4
TGGAACTGTTAAGTCC,3
TCAGCAATCCTATGGA,3
CAATGACTCACCCATC,7
GTAGAGGAGCCGTTAT,1000
TCGATTTAGTAAACGT,1
TCATTGTAGAATCGAT,8
ACTTCGCCAGTATGAA,7
TGTGCGGGTCTAGGTT,3
AACAACCTCCTATTTG,1000
AGCGTATCATATCTCT,1000
AGTGACTAGGTTCCGC,7
GCACATAAGGTACTGG,3
TGGGAAGAGCACTAAA,2
GGCGTCATCTTGCAGA,8
GTGTGGCTCTTCCACG,8
ATACCGAGTGGCTGCT,8
AATGGAACATAATGAG,8
GTCAAACCATCAGCTA,1000
AATCACGAGGTCCAGA,6
GGGTTATAGCCGCTTG,1
CATTCTAAGTCTAGAA,5
CTCCACAAGTGGAATT,1000
GCATCGGGTGAACCGA,4
ATCTCTAAGACGTCGA,1000
CTGCAGGCAGCTACTA,8
CACCAAATCTCTCAAT,2
CCGGTGATCATTACCT,7
AAAGTGAGTAACTGCT,8
GGAGGATGTCTTGTCC,1000
CTCCGATCAATAACCC,5
GTGATGTTCCTCATAT,5
TCAAGCACAGGGAATC,1000
GGGACAAAGAGCATTA,1000
TTTACCAAGGCGATAC,8
GTAGGTTTCACTTGGA,3
AGGAAATGTTGGGATG,5
GGGATGATCCTTACCG,1000
TCAGGGCCAAGTGATA,2
TGAGCGCTCTATCGTT,2
ATGACCAGTTGTGTAC,3
CAACCTCGTTGTGTTG,3
ACGGTTAAGGGTAGCT,5
AAGCCATCACTGTCGG,2
GTGTCCTGTGGCCACT,3
ACGTAACCAGCTGTGC,3
GTCATCCCACGATAGG,2
ATCGCCTGTCGTCGGT,6
CGACAGCTCCAAGCAT,3
TACCTCGGTGAATGAT,2
CGATGCGAGGTAAACT,3
AACCATGAGAGGTGCT,8
TAGTGCAAGACATCCT,2
AGTTAGCGTGGTAATA,1
ATCATTCAGCACTCTA,5
ACAGAAAGTGAGCAGT,3
TCACTCGAGCATGGGT,2
GGTGAAGTCTGGCCTT,6
GGCTTTCTCACGGAGA,7
GCGGAAAGTAACCCGC,7
AATCACGCAGCCGTTG,5
AACACACCAGACCAGA,8
CTCCGATCATTAGGCT,8
TGGTGATAGACCATAA,1000
GGGACAAAGCGTGAGT,8
GGATCTACAGCACGAA,2
AACACACTCCATACAG,3
GGTAATCCACATTACG,1000
AGGCATTTCTTACACT,5
TTTGGAGAGCTCTATG,6
AGCATCACAGGAAGTC,2
AATCACGCAGACAAGC,3
CAGTTAGCACCAACAT,3
ACGGTCGCATGGGAAC,2
ATCACGACATTACTCT,8
CTTACCGCATTCTGTT,1000
TAGAGTCTCAAGAGTA,1
TAGCACAAGCTGTCCG,7
TTCCTAACAAGGAGTC,8
GAGGCCTCATTGGGAG,8
CACGTTCGTCAAGTTC,1000
ACAGAAAAGTATAACG,2
CATCCGTCAACCAGAG,7
GCAACATAGGCATTTC,1000
AGGTTACTCTGTTCAT,2
AAGCCATGTCACTCGG,3
TTCGCTGCAGACACAG,6
TTTCACAGTATCGGTT,3
TGTAAGCTCCTCACGT,3
GCCTGTTGTCGCAACC,2
GTCAGCGAGTTGGACG,2
TGTGGCGAGCTCTTCC,5
CGATGGCTCTCTATAC,8
TGCAGTATCCGGCTTT,7
TCCGATCCAAGTATAG,4
GCACTAACAATCTCTT,6
CACTAAGGTCAGACGA,3
TGCAGTAAGCACTTTG,7
ACCATTTCAGTCTGGC,1000
CGAAGGACACTTGGGC,7
TAGAGTCAGAATTGCA,4
CTCATTAGTTGCATAC,1
CCGTTCACACCGCTGA,7
GATTTCTGTGTACAGG,1000
GGAATCTTCCACTAGA,1000
GGGTTTACAGAGAGGG,7
GTTACCCGTCGCACAC,6
TGGTAGTAGAGCCCAA,6
TCCCAGTCAGGCATTT,1
AAATGGACAGAACTAA,1
GAGAGGTAGATGACAT,8
TCATTCACAGCAGTCC,1
TGTTCCGAGCGATGGT,3
TCTCCGAGTTCAAGGG,6
GTAGGTTCAATACAGA,7
CGGAATTAGCGCACAA,3
GCTTCACCACTATCGA,1000
ACTCTCGAGCTGGTGA,5
ACAACCAAGGGTATAT,1000
CTATCTAGTCGTCGGT,1000
CAGATCAAGAGTCACG,3
ATGAGGGGTTACTCAG,4
TGTAAGCCAACAAGAT,1
TCCGTGTGTACTGACT,3
GAAGGACAGACGTCGA,3
TGATTCTCACACGGTC,7
GTTACGACAACACAAA,2
GGGAGTAGTCGGTGTC,4
GGGCTCACAGTCAGCC,6
ACTGCAATCACTCGAA,4
CACAGGCTCACCCTCA,7
TGCTCGTGTCAGGTGA,1000
ACCGTTCAGCTACGTT,2
TACCCGTAGCGTTCCG,7
TTAGTCTGTCAATGGG,2
CTTAGGAAGACATAAC,8
TCGGATAGTACAGTAA,8
GTAATGCCATCATTTC,6
AGCCAATCAGGACAGT,5
CTGGTCTGTCTCACGG,2
CATACAGCACCCAATA,3
GATGTTGAGGACCCAA,1000
TGTTGAGCAGACCATT,3
GACTGATTCGAGTTGT,7
TTCCACGGTAAGGTCG,3
AAAGGTAGTATCTCTT,2
GATGATCGTCTCACAA,1
TGAGTCATCATGGCCG,6
CAACAACAGCGAGGAG,3
TCGACCTCAGATGCGA,7
GCGGAAAAGCGTTGTT,1000
CACATGACAACTCATG,8
TCATTACAGGAAAGTG,4
TCATCCGTCTTCCCAG,3
TGGGCTGCAACATCGT,2
TATCCTACACAATTCG,4
CTGCCATTCATCTACT,5
TGATGCATCTTCTGTA,6
TGTGGCGTCCATACTT,5
TTCCACGTCTATTCGT,1000
GTTGAACGTTGTTGAC,1000
GGTCTGGCAGAGATTA,8
GAGACCCCAATCTCTT,6
GTCAGCGGTTCTTCAT,8
GATGCTAAGATCGCTT,6
GAGGGATCACCTGAAT,1000
AGAAGTATCATTTCGT,7
TATTGGGCACGACGTC,4
AATGGAAAGAGGATCC,2
CCGGACACAACGTATC,1000
TTCATGTCATCTCAAG,6
TCTGTCGAGGGTACGT,4
CATCCCAGTGACTATC,5
TCATGTTGTCAAGCCC,1000
CCACCATCACGACAGA,3
CACGTTCGTCACTTAG,6
CTGCCATGTTTACCAG,8
ATTCATCAGGGCAGAG,2
ATAGGCTCATGACAAA,7
GTACAGTCAAGAAACT,6
AAACCCATCAACACCA,5
GTTCGCTGTACGGCAA,1000
GAGTTACTCGCTACGG,1000
TCCATGCTCGCTGATA,1
GTAATCGGTGGTTTGT,2
TTTCACAGTGGTCTAT,1
GACTCTCGTTAAGTCC,1
TAGGTACGTGTATACC,1000
CGAGGAACATCCTAAG,1000
GTTACCCTCTCGAGTA,2
CATGCAAAGCGCCGTT,2
CACTAAGCAACACTAC,7
TCGCACTAGAAGCTGC,8
TTGGGATGTGCGGTAA,3
TCCTCCCAGACGGATC,2
CAACGGCGTACTAAGA,4
TCGTAGATCCCACAGG,7
AAGTACCAGGTGCCAA,3
CCTCTAGAGGGAGTGG,4
CTCTCAGAGCCATTCA,7
CGCATGGTCACCTCAC,1
AGGAATACAGTTAAAG,6
TCCGATCGTCGATTCA,5
TGCGATAGTACCGGAA,3
TGCTCCAAGTTGTAAG,7
AGCGCTGCAACCCTCT,3
GTGAGCCAGCCTTGAT,4
CATTGCCGTGCAATGG,1000
TTCTAACTCACACCGG,1
TTGTTGTGTACTAACC,6
CACTAAGAGTCATCGT,2
CCAATGATCCGCACTT,4
ATTTCACCAGCAAGAC,1
ACCCTCACACGCACCA,5
TGTACAGGTGTGTGTT,2
GAAGAATGTGCATCTA,8
AGTGCCGCACAACGTT,4
AGGATCTGTAGTCACT,1000
CTCAATTTCCCAGTGG,8
CATGGATAGCGGTAAC,5
TAGATCGTCAAGAATG,8
CAAGGGACATGCAGGA,8
TCTATACCAGCTACCG,1
TCATACTAGCCATTCA,2
AAGCGAGGTAAGGCTG,5
TCTCTGGGTGCTCTTC,5
GGAGATGAGGGCAACT,1
TACTTCAAGGTCGACA,4
TCGCTTGGTTTGCAGT,2
ATTCGTTGTGGTAACG,7
AGTTAGCGTGCCGAAA,6
GTCTAGAAGCTCGGCT,2
TTCACCGCAAGTCCCG,7
TCCATGCCAATCCAGT,6
GGTGGCTGTTACAGCT,1000
CAATTTCGTACTCAAC,2
AGGGCCTGTCAGGTAG,2
ATAGAGAGTACTGAGG,5
ATCAGGTCATCCGGTG,1000
AACCACATCCCAGGAC,1000
ATACTTCCACTGGCGT,2
TCATGCCTCCATGAGT,8
GATGACTAGCACTCGC,1000
GATTGGTGTTGCTTGA,1000
AACCCAAAGATCCCAT,5
GGTAACTGTCCATACA,4
AAGACAAGTAGGTCAG,6
TTCACGCCAGATCCTA,2
GTACAACGTAGCGCTC,5
GAGTCTATCGTGGGTC,3
GTCCCATCAGAACATA,8
GTTAGTGGTCGCCTAG,8
TACCGGGCAAGGGTCA,7
CTGTCGTTCGAGGCAA,7
TCTATACCATTCGATG,3
GACCTTCGTTGCTCGG,5
ACGTAACAGTAACGTA,3
ACCTGTCCATGCGTGC,1
ACAAGCTCATTCCTAT,4
GGAGGTATCATCACCC,1000
CCTGCATAGGTCGAGT,3
ACATCCCCAACTTGGT,8
TCTTGCGGTTGCCGAC,4
CTCCAACGTCTATGAC,1000
GCTGAATCAAGTGGTG,1
ATCCTATGTAGTCACT,5
GAGTTTGGTTACCGTA,2
AGGTCTATCTAACGCA,8
CCTCAACCAAGTTTGC,8
ACAACCAAGCGCTGCT,6
GTTTGGAGTATGCGTT,4
GTAGATCTCGCCTTTG,3
GTGTAACCACGCTTAA,1000
CAGCAATAGTCTCTGA,5
TTACGCCAGCGTTCAT,7
CATGAGTTCAGCTGTA,3
TTCATTGCAGCGTAGA,3
CACAACAGTCGTTCAA,4
CTATCCGCAGGTGGAT,5
ACACCAAGTGAGCGAT,5
TTCCGTGGTGCAAGAC,2
GTAGGTTGTCTCGACG,8
TCCGGGACAGAGTCAG,2
GTTAGACCAATTCTCT,5
TGTCCTGCACGAGGTA,3
TCCTTTCCAGGCTCTG,5
GAGTCTATCCAATCCC,5
CATCCGTCAGCTCGGT,7
TTTGGTTGTAACAGGC,7
TCCTCGACAATGGGTG,1000
CATAAGCGTACTAACC,3
TTGTTTGAGTTGGAAT,4
GTGCTTCTCGAAGCAG,1000
GTGGTTACAACCCTCT,3
TTACAGGCAATTGGTC,4
CCTCTCCTCGAAGGAC,3
TTCCTAATCAGCTGAT,3
TCGCTTGCAACCGATT,7
TCTGCCATCTGTCCGT,5
GAGGCCTAGGCCCAAA,3
AAGGTAACACTTCCTG,3
GCAACCGGTGCGAGTA,8
GACAGCCAGATGCGAC,1
TGCGATAAGACCTGGA,3
ATTCCATGTCGACTGC,2
TTGCCTGGTCCGTACG,1000
ACCAACATCGAGATGG,7
CTGTATTGTTCTGAGT,1000
CCAATGACACTGCATA,3
CCTATCGAGAGGATGA,1
TTCATTGTCGTGTTCC,3
TACCCACGTCGACTGC,6
CAATTTCTCACTCACC,8
AATGGCTGTCGTTATG,3
AGCGATTTCAAGAGGC,5
CAGGTATGTTAAAGTG,6
TGACAGTGTTCCGCAG,6
TTCCGTGCAGATACTC,8
CGTTGGGTCTGAACGT,3
ATCGTAGGTCAGTCCG,3
AGTGTTGGTGTAGGAC,5
ACAGAAATCGTTCATT,5
AATGGCTCAACGTATC,8
AACGTCACAACTGCTA,8
GGTGTCGTCCGGGACT,2
GCAACATTCAGACAAA,2
TGGAGGAGTCCCAAAT,1000
CTTTCGGAGGACACTG,1000
AGACAGGTCCCGTGAG,1
CTGTCGTTCACCCTGT,8
GGGTGTCAGGATATAC,1000
ACGATGTGTCGCACAC,3
GGGCTACTCCTTTGAT,7
TCGCACTAGGGCAAGG,5
CTGATCCCAAGAGGCT,1
CTCCCAACAAAGGATT,7
CGAGTTATCGCACGGT,2
AAAGTCCTCCTCACGT,2
TCAGCCTAGTCTGCGC,5
GTCTCACGTCTAACTG,8
CGGCAGTGTCTTTCTA,5
ATGTCCCGTATCAGGG,5
CCGAACGGTATGAGAT,4
TGTGATGTCCATGAGT,5
CCACACTTCCGATCTC,3
TAGATCGCAGTATGAA,6
GAATCACTCTCAGGCG,1000
CAAGAGGAGACAGCTG,1000
TGAGCATAGTCCCAGC,2
CAACAACTCGGTTAGT,8
ACCACAATCCTCTCTT,7
TCAAGTGTCCATCCGT,3
CCTAACCAGTTGAAAC,7
GAGGCCTCACAGCTGC,5
TCCTTTCCATCCCGTT,1
TCAATTCGTGACCGTC,5
AGGATCTGTTGTCTAG,4
AGCCAATTCAGGAAAT,8
AACGAAACAAGTGTCT,6
AGAGCAGTCCCGTTCA,7
AGCGCTGCAAACACCT,3
GCAGCCAAGAACTTCC,8
GTCAAGTTCGGAGTGA,3
TCAGTCCGTCCGATCG,2
GTAGGTTTCATTGTTC,3
GGAAGTGGTTTGGAGG,4
TCTTTGAGTTGATGTC,7
GGGTTTACATCGGATT,1000
GTTCTATGTATACAGA,8
TTCACCGAGTGGTGAC,6
CGCGTGAGTGCAACAG,8
TTCACGCGTTGGATCT,8
CATAAGCTCCAACTAG,2
AGATAGACATCCTGTC,3
CCTCATGAGGCAGTCA,2
CATTCATGTGCATGAG,2
TCACGCTGTGTAAACA,2
TCAGTGATCCAACTAG,8
TGCGATAAGATGGCAC,5
GGGTGAACAGAGAAAG,2
GAAGAATTCCACGGGT,7
AGTAGTCGTTCAGCTA,5
AATTCCTTCTCCATAT,1
AGTGACTGTCAACCTA,1
TACCTGCGTGTCTCCT,6
TGAGGAGCAGCACGAA,5
TAGTGCATCGCACGAC,2
ACTGCAATCACTAGCA,7
TATGTTCCAGAGTAAT,1
TAGGAGGTCAACGCTA,2
TGGATGTAGGATACAT,3
AGATGCTAGGACTGGT,5
AATGACCTCTGGCCTT,1000
GTTAGTGCACCGTCTT,3
CACCGTTAGCAGGCAT,1
AACAAAGCAGGCGTTC,8
TGACAGTTCTTTCCAA,5
GTTATGGGTTTCGCTC,7
TGTGATGGTAAGCAAT,8
TCGGGACTCACGGGAA,5
GGCTTGGGTTGCGGAA,1000
CACCGTTAGGCTAAAT,6
GAAGTAACACAACGCC,4
CGAGAAGTCATTATCC,8
CCGATGGTCGTAACTG,1
AAACGAACACTTCAGA,6
TCCCAGTAGCTTTGTG,7
TGATTTCTCTAAGCCA,4
TCGTGGGCACTTGACA,5
AGACAAAAGTATCCTG,6
TGTCAGAAGGTTCCGC,1000
ATCCACCCAAGTTCGT,3
CCCAACTCAATACCTG,1
AGTAACCCAGCTGCCA,1
TAATCTCTCTCGAACA,3
GATGAGGCAAATGGCG,4
ATTATCCAGGGCAAGG,4
TGTAGACTCTCGCAGG,4
TGATCAGAGACGGAAA,8
TGTTGGAAGTGATCGG,5
CAGGGCTGTCACCTTC,6
TGCATGATCACAAGAA,4
TCGTGGGGTAGGGTAC,5
AAAGTGACATCGATAC,2
ATAGACCAGCCACTCG,8
CTCGAGGCACTTGAAC,7
AGAGAATAGCTTTCCC,2
AGTTCCCTCACGTCCT,2
ATCGATGGTTTGAACC,8
CAGTTAGAGGCCGCTT,3
GTAGTACAGTCCTACA,1000
CAACGGCTCTAGATCG,8
TCGAACAGTTGCGAAG,8
AGATCGTAGAAACCCG,8
GGGAGTATCCGTGTAA,1000
CATGCAAAGTCGAAAT,2
TCATACTAGGGCTAAC,3
TCGGGACCAGTTTGGT,7
AACCTTTTCAGCCCAG,7
TGATGGTAGGGTCACA,7
GAGTCATAGTTACGAA,8
AGGATAAGTGTTAAAG,3
ACCAACATCCTTATCA,4
ACTATTCTCAGTGGGA,3
CTACAGAAGCTGACCC,6
CGAGGCTAGAGTCTTC,8
GGTTCTCCATGAGGGT,8
GAAGTAAAGTAGGCCA,2
ATTTACCTCAGCAATC,3
GATGTTGCAATCGCAT,7
TCTGCCAGTGCCCTTT,6
CAGTTAGAGGTACTGG,7
CCAATGATCACGGAGA,1000
GTCTTTACACGTCATA,5
CATCCGTCAAGACGGT,4
CTTTCAATCCTCCACA,8
TAAGCCACAGAATCGG,5
CTCCTCCGTACGCTAT,2
TGGATGTGTGCAATGG,3
AGACAGGCAGGCTCTG,5
CCGTGAGCAGTAGTTC,7
ATTACCTGTGCATGAG,8
TCATTTGAGGTGATCG,3
AGTCTCCTCTCCGCAT,6
AGGTAGGTCACGTAGT,8
CTTCTCTGTACTAACC,5
GGGAAGTTCGGACCAC,3
TACATTCCATACCGTA,3
GCCGATGCAGGTCAGA,4
AGACCCGGTACGATGG,8
GGAATGGAGTAACCGG,6
TGTTCTATCATGCCAA,2
TCAAGTGTCGATGCAT,4
ATCACGACAGTGTGGA,7
GAAATGACATTCACAG,6
ACAGAAAGTTTCCAAG,7
ATCATTCCAGGCGAAT,3
CGCAGGTTCTGCGAGC,2
GAGACTTTCGTGGACC,1000
CCAATGATCGTGGCGT,5
CGGAATTAGGCGAACT,1
CACTGGGCAATCAAGA,1000
TCGAACACACACCGCA,6
TGATGCACACACTTAG,7
GTCATGACAAGCGCTC,1000
AGGGTCCGTCGAACGA,5
ACTGATGTCTCATGGA,8
AAACCCAGTTGTCATG,1
GTCACGGCAGGATGAC,7
TTCTAACCATAACAGA,2
CACCGTTCACGCTTAA,8
CAAAGAAGTGAGGAAA,6
TTACGCCCATATCTCT,6
GTGCACGCAAGGGTCA,6
TTCTTCCGTCCTACGG,4
TAGAGTCCAAAGTGTA,8
GCCAACGGTGATATAG,1000
CTATAGGGTCCACACG,6
TGCGGGTTCGGTTGTA,4
ATTCGTTGTGGTCTGC,5
ACAAAGATCACTAGCA,7
ATAGAGATCAACCCGG,3
GGTCTGGGTCGTTTCC,8
TGTCCCAAGACAAGCC,6
CTCCCTCAGCGGACAT,5
AGTGTTGAGTCGTTAC,1
TGCGATAAGCCTCGTG,1000
AAACGAAGTCCTGAAT,6
AGTAGTCAGCACTCAT,7
ATAGACCAGACTCATC,4
GGCTGTGCAGGAGGAG,1
TGGGCGTAGTTGCTGT,3
GTAATCGAGAGATCGC,3
TATCCTACACTCTAGA,2
ACATCGACAAGGCGTA,2
TGGAGGAGTTTCGTAG,1000
CTCCTCCCATCGCCTT,4
CAAGAGGTCATATGGC,1
AAGCGTTCATTGAGGG,6
CCTAAGATCGCGAAGA,5
AGCTTCCAGTTCCAGT,2
ATGGTTGAGCTCGACC,6
GCAACATGTTGTGGCC,1
GACTCAATCTTCCACG,8
CTTCAATTCGGTGTTA,6
TGTGGCGAGTCCTACA,1000
GAAGTAAAGACCAACG,1
TATCTGTCAAATGATG,7
GGGAAGTCAGACCATT,4
CTGGTCTGTCAGACGA,7
ACAAGCTAGATGAACT,2
CAACAACAGACATACA,1000
TACCTGCGTTCATCTT,3
CTGGCAGTCTGTAACG,7
TCCATCGTCTGACGCG,2
TCGGTCTGTAGAAACT,3
ATAGAGATCAAGCCTA,5
CTCATGCAGTAAGGGA,4
TCGATTTTCAACACCA,5
GTAGAAAAGGAGCTGT,1000
CGCCAGAAGGACGCTA,3
CTCCATGCATCCAACA,4
CTACATTCACGGTAGA,1000
TCTGGCTAGACTCCGC,8
TGTTACTAGCGCCGTT,2
AGTGACTTCGTGGCGT,7
GACATCATCGTCGGGT,8
ATCGTGATCTACTATC,1000
TTTGACTAGCCATTTG,3
GCGTTTCGTTCGTGCG,7
CGTAATGTCCACCTGT,4
TGTCCCATCGCAGTGC,3
TTGTGTTGTGTTACAC,5
AGGGCCTTCTACCAGA,4
AGCATCAGTACGATCT,6
GGCTTGGTCTTGGTCC,1
CATGCTCTCAGCGCGT,7
TCGGGTGCACCTGTCT,8
GCCAGTGTCATGCTAG,3
ACACCAAGTCGGAACA,2
GATAGCTCATCGAGCC,2
CCTCCAACATGTCTAG,1
GAAACCTCACACAGAG,5
TACCTCGCATAGAGGC,1000
TCCTTCTAGCCTATTG,4
TCTATACGTCTAACTG,4
CTCAGGGGTGCCTATA,4
CTCCCTCGTAGAGATT,1000
AGTTCCCCACAAATAG,2
GAGACCCCATCGTGGC,7
GCCAGCATCCGATGCG,1
TGAATCGTCTCTGGTC,3
ACTTATCGTTGTATGC,7
TCAAGACGTGTTGACT,6
TTGTTGTGTCTGATCA,4
GTCTCACTCATCTATC,5
AAGTTCGTCTCTCTAA,6
AGCTCAATCTCACCCA,2
AGATCCACAGGGAATC,5
TGAGGAGTCTCATTGT,3
CGAGGAAGTCCTCCAT,1000
TTACCGCGTACGGCAA,6
CTCAATTGTCCAGTTA,4
TGAACGTAGTTCCGTA,5
TCACGGGCAGCATTGT,3
GACACGCCACAATTCG,6
CCTCACACAACGTAAA,6
ATCGGATAGAGTCGAC,2
GATAGAATCATTTGGG,6
AAATGGATCTCGGTCT,1000
CACTGTCAGTAGCATA,8
TTACTGTGTGTCCTAA,5
AGCGTCGCAGCGGTTC,1000
CAGTGCGCAGACCTAT,8
AAGCGTTTCACCATCC,5
GTAGAAAAGCTGGCTC,8
CAAGAGGCAAATACAG,1000
TGTAACGTCGGAAGGT,6
CGTAAGTGTGATAGAT,1000
CCTCCAAGTCCCGGTA,8
AACAAGAGTTGAAGTA,8
TAATCTCCAAATGAAC,3
TCTTAGTAGTCCTGTA,7
TAGGTTGGTCCTCCAT,3
AGATCGTGTTTCGTAG,3
AGAAGTATCGCGATCG,1000
TGCGGGTAGACGGTTG,4
TGCTCCAAGTTAACGA,1000
GCGATCGTCCCGTGAG,7
ATCGGCGGTGATTCTG,1000
AGTACTGAGAGACAAG,4
GCAGCCAAGGCTCACC,2
GTTGTCCAGGAGAGTA,2
TGATGGTCAAGTGATA,6
ACAACCATCTCATTTG,8
CTCAGTCGTAGCTTAC,2
TTCGATTCACAGTCGC,1000
CGTAATGAGCTGTTCA,3
TATCTTGCAGAGTGTG,1
GGCAGTCTCTCAGGCG,2
ACGATCACACGATAGG,1000
GCTGAATTCGACGAGA,4
ATCACAGAGACTTAAG,5
TTTGTTGAGCTGTTAC,1000
CTTCCGACAAGTGATA,3
TCATTGTAGGCATCTT,3
TTCGGTCGTTCATCGA,6
TCTACATCACTGCATA,2
TGTGCGGTCAGACCTA,8
ATCCTATGTGATAGAT,6
CCCTTAGAGGTACAAT,3
CCCTAACCAAAGCGTG,1000
CATTGAGTCTGAGTCA,5
ATTTCTGAGCCGTAAG,1
GTCCCATTCTTTGGAG,1
TGATTCTGTGGGATTG,3
CTCTCGAGTCTACGAT,6
ATGAGGGAGAAATGGG,2
TTACCATGTCTTGTCC,1000
AACCCAATCCCTGGTT,2
GCACGGTAGGAAGAAC,7
GGGTAGAGTCTCAGGC,5
GGGTTATTCATAAGGA,8
GCAGCTGAGTCAGCGA,7
GATCAGTGTATGCAAA,6
ATGAAAGTCAAGGCTT,8
ATCCACCGTAACATGA,2
ACGTACATCAGTCCGG,6
GACCAATTCGCCAACG,8
AAGTACCAGGCCTTCG,2
GTGCACGGTGATTCTG,3
TTACTGTAGTCAGAGC,5
TTCATTGTCTGTGTGA,5
CAGCAGCCACAAACGG,5
ATACCGAAGCACCGTC,3
ATATCCTCACCCAATA,2
GACCGTGTCTATGCCC,8
GTTCTATTCGTCAACA,1
CAGCACGGTGATACAA,6
GCTTTCGCATCATCCC,4
AATGAAGCAAGAAATC,5
CTCTGGTCACATGTTG,5
TCCATGCTCTGCTTTA,3
GTTACAGCACGGGCTT,2
AGAAATGCATGACAAA,3
CTGGACGGTGAGAACC,1
ATGGAGGAGCGGTAGT,5
TTCTGTACAGGGAGAG,4
ATGTCCCCAATCTGCA,3
CAGTTCCGTTGGGATG,5
AATGGCTAGTGAGTTA,4
TGATTTCTCACCTTAT,7
GTGAGCCTCGACCTAA,6
AAGCCATTCATCGGGC,4
CGTGATAAGGATACAT,3
TGATGGTCAGATAAAC,1000
GCGGATCTCGACGCGT,4
GTGAGTTTCGGCTTCT,6
GGGTGAAGTCCGGATC,5
GAACACTGTGTCCTAA,6
CATGAGTAGGAGAGTA,1000
AGGTGTTTCACATACG,8
TGTGCGGGTTGCAACT,5
CTATAGGTCATCAGTG,6
ACGTTCCAGGGAGGTG,2
GGAAGTGGTAGCACGA,8
CATTCATTCACGATAC,4
GGGAAGTCACGCCACA,3
GTAGGAGTCCCTGTTG,7
TTCCTAACAATGCAGG,1000
GTCTTTAAGAGTCAAT,3
ATGCATGCATTAGGAA,8
GGGACAATCCTGGCTT,8
ACACTGACATCTGCGG,1000
AACGGGAAGGATATAC,1000
GTATTGGAGTGAGCCA,6
AAGTGAAAGCAGCACA,1000
ATGCGATTCAGGCGAA,5
CGGAATTCATTAGGCT,8
TTACGTTAGCGAGTAC,8
CAGATCAGTGGCTTAT,3
TCGACGGCATGACAGG,3
TCAGGTAGTTAGAGAT,7
GATCATGCAGAGGCTA,5
GAGTCATTCTGGAAGG,7
TGGGCGTTCTGGGTCG,1000
AGCTACACAACGGCCT,1000
CATGCCTCAACACGTT,7
CTGTGAACATGACTAC,3
CGAGAAGTCGTCTACC,5
ACTCCCATCAAGCGTT,8
CGATGGCAGAATCGCG,5
CCGTAGGCAACACGAG,1
TTGCCTGGTACCTATG,2
GAGGGTATCAGTCTTT,6
CTAAGTGCAGAGGCAT,6
CTACGGGAGCTTCATG,5
ATGTCTTGTTCGTACA,6
CGAGTTAAGTCCGCGT,4
GCAACCGGTGCCCGTA,3
TACGGGCCAGCTAACT,1
CCCTCAAAGTAGGCCA,5
ATCCGTCTCGACACCG,2
GATCAGTTCACTGTTT,2
TCCCACAGTTCTCCTG,5
TTTAGTCGTTCAGCTA,3
GACGTTAGTCACAATC,7
GAGTGAGGTACCATAC,8
AGGTTGTAGTCACGAG,7
GAGTTACGTCGTGCCA,2
CTTTCAAAGTGTACCT,7
CTTCGGTAGATCCAAA,4
TTCCTAATCACGGTCG,2
TGGTGATGTGGCTACC,6
CGCCAGAAGTGGTGGT,1
AGATGAACAATCTAGC,1
TTCGATTCACAACATC,5
AGTCAACAGTCATAGA,2
AGAAGCGTCGTCTAAG,1
ACCATTTCACTACAGT,2
TGTAGACTCATGCGGC,8
GGTTGTATCGAGATGG,8
TGTCAGAGTTGTCATG,1
TACGGTATCCAACCAA,2
ATTACTCTCATCAGTG,6
CCTCAACTCACTGGTA,1000
GCCCAGACAGACACCC,3
ACATGCATCCTCTCTT,3
TACGGGCTCTCCGATC,6
GCACATACAGTCGCAC,1000
CGTTGGGAGTACGAGC,1000
ACAGAAACAATTGCTG,1000
GTTGTGATCTTCGGTC,2
GTCGTTCAGGCACGAT,6
ATCAGGTTCCCTTGGT,3
TCGTAGATCCCGATCT,2
TGCTTGCAGGTTCACT,6
ACCATTTAGGCGACAT,5
CAATGACGTCCGGTGT,6
ATCTTCAGTATGGTAA,4
GATAGCTCAGGAGGTT,4
ATTTCTGAGTGCGACA,3
CATTCCGTCCGCACTT,7
TCTAACTCAGGCTCTG,3
GACCGTGTCCACTTCG,8
TAATTCCAGAGCATTA,5
GGTCACGCAACAGCCC,8
TACCTCGAGGATTTGA,1000
AGATCGTAGCTTTGTG,5
GTTAGACTCTCTGAGA,8
ATACTTCAGACGAGCT,2
ATCACAGTCCCGAAAT,6
TTACGCCTCTGGTGCG,3
CTAGACAAGAAATTGC,1000
CAAAGAAGTGATATAG,5
TTCCGTGAGACAACAT,1000
CACGTGGTCGCTACAA,8
GGTAACTAGTCCCGGT,1000
CCGTTCAAGAGACAAG,4
TCTCTGGAGTGCCGAA,5
TCTGGCTGTGGTTTGT,4
CACATGAAGCCAGTAG,2
GTCATGAAGTCTTCGA,3
CTCACTGAGAGGTCAC,1000
GAGTTTGTCTACCAGA,6
TTGCGTCCAGGTAGTG,3
AGCTACACAACCGCTG,6
TTGAACGCACGGTCTG,3
AAGAACATCACTGATG,1000
ATCGATGCAGACGATG,8
ATAGGCTAGGATATAC,1000
ACAGGGATCGGTAAGG,3
GGGTTATTCGTGGTAT,7
TACCCGTAGCGCTGAA,5
AACGTCATCAATCGGT,6
ACCTGTCCAAGGTTGG,4
CGTCCATAGAGGTGCT,2
CAAAGAAAGTACAACA,2
TCGACGGCAAATGCGG,7
ACGTAGTGTCGTGGTC,6
TTGCCTGCATACGCAT,8
TTCTGTAGTAGGAGGG,7
CTATAGGGTCCTCAGG,4
TCGTCCAAGATGGCAC,1
GTCTGTCTCCGTTGAA,1000
AGGTTGTAGATGTAGT,6
GCGATCGAGCGCTTCG,1
GACATCAAGCAGTACG,1000
TAGATCGAGGCCACCT,4
TACGGGCGTCGACTGC,2
TCCTAATCAGGGAATC,1
GCATGATGTGGCTAGA,6
TCCTCGATCCGCGAGT,2
AAGCCATAGTGGATTA,8
AACCCAAAGCCACTCG,4
GGCACGTGTCACTCGG,6
ACATGCACATCGGTTA,1000
GGCGTCACAGAGGCTA,2
AATTTCCTCACAATGC,3
TCTTAGTGTGCCTTTC,2
CGATGGCTCGTCAACA,3
AATCACGTCCTCTCGA,3
TGAGGGATCTCGGCTT,6
GTCATTTGTTCATCGA,3
GATTCGACAACAACAA,3
CCGGACACACGTAGAG,3
ATTACCTGTCGCATGC,4
TATTCCACACGACCTG,1000
TGATGGTGTTTCGACA,8
GCCTGTTGTCATCAGT,4
ATGCGATAGGATAATC,1000
CTCATTAAGTAGTCTC,7
GTAACACAGGATACAT,5
TTCATGTTCCATACTT,5
TATCAGGGTGAGTAAT,5
GGGTGTCAGAACTCCT,5
ATAGAGAGTTGAGTCT,2
TTTCATGAGGGACTGT,6
ACCCTTGCAAGCTGTT,2
CCGGTGAAGTTGTCAC,1000
CCGCAAGGTGGATACG,1000
ACGATCAGTTGTGCCG,6
TACCTCGAGGACAGCT,7
CAAGCTAGTCATATGC,6
TCGGGCATCAACACGT,2
TCGCTCAAGCGAAACC,7
GAGAAATGTGAAGCGT,7
TGCATCCCATGGCTAT,2
GAAACCTTCTCTCCGA,8
AGAGCAGAGCGAGTAC,5
GCGTTTCGTGCACATT,7
CCGCAAGAGTTAACAG,8
CAAGCTAGTCAAAGTA,5
AGGTGTTAGTAGCTCT,1000
GGAATGGAGTCACTGT,1000
CATACCCCAACCGATT,1000
GTAACCATCCCTCATG,7
TTGGGATAGGGAGGTG,1000
GCGTTTCTCGCGTTTC,2
TCATTCAGTGTTCGTA,1
CACTGTCGTACTCGTA,6
GGAGCAAGTATGCGGA,1
TTTCACACAATTGGTC,4
GATCACACATGATGCT,2
TGATGCAAGTCTAGAA,6
TTGTTTGAGCGTCAGA,8
GCACGTGAGTCCGCGT,8
CTATCCGGTATTCCGA,1000
CCGTGAGGTGCCTTCT,5
CTTCTAAGTTGCCGCA,7
TGACAGTAGTGGTTGG,1000
GGGAGATCACAACATC,5
TTGCTGCTCCCGAATA,1000
GGTGTCGCAAGACCTT,4
CTGCCTATCATTCCTA,5
GATTCTTAGGGCTGAT,3
GGGTTTATCACGACTA,6
GTCTGTCCAAGGCTTT,6
TGAACGTTCTTTGGAG,2
TTGCGTCTCCGGTAGC,7
AACCACAGTTGGGAAC,6
TCCACGTTCTTAGGAC,2
GTTTGGACATGACAGG,7
ATGAAAGCAGCATGCC,1000
TGGAGAGGTTGAGGAC,8
CGACAGCTCAGACATC,5
AGCTACACAAGTGATA,2
ACACGCGCACGTAGTT,4
CTCCACAAGAGGCTGT,2
GTATTTCAGCACTCAT,2
ACAGCCGCATTGTACG,5
GCTGCAGAGTTGCCCG,8
TGTCCCATCACCGCTT,2
TGTTTGTGTTGGTGTT,5
TACGCTCGTCCATCTC,4
CGTGATACATGCGGTC,2
CATCGTCGTTAACCTG,6
CTGCGAGTCCATCACC,1000
AATTTCCCACCTCGTT,1000
AACGTCACACTACCCT,2
CTCCTCCCATTCACCC,5
GGATCTAAGACATCAA,5
TCGCTTGCAGCAGAAC,7
CGGCAGTAGTAGACCG,5
AGCATCAAGCGCTTCG,7
GCCAGTGGTTGGTAGG,7
TTCGATTCAGCGACCT,2
ACTCCCAAGGCATCGA,1000
GAATCGTGTGATGAAT,1000
TCATTACGTAGCTGCC,1000
GCGGAAAAGTAGCAAT,8
TTTGTTGCATAACCCA,1
CTCCGATGTATAGCTC,7
GGGACCTGTTGTGTAC,1000
GTACAACCAATTGCCA,5
GCTACCTGTAGGACTG,1
CTCACTGGTAGGCAAC,3
CCGAACGCATCAACCA,1000
GAGCTGCGTCTCGACG,2
TTGCCTGGTAATGCTC,4
CAGTTCCAGGTCGCCT,1000
GCCTGTTAGTTCCTGA,6
CTGCATCTCCGTCAAA,2
AAGACAATCCCGAATA,2
GATTCGATCTGTCTCG,2
CTTAGGAGTTGCCAAT,5
AACGTCATCTTCCAGC,3
GAACACTAGTAGACAT,2
AGCGCTGTCTTAGCTT,8
GTGAGTTGTACCAGAG,2
GCATCTCGTTTGGGTT,1000
TCCTCTTAGTTTGCTG,6
TAAGCACCATGGACAG,2
AGTACTGCAGGAATAT,2
CCTGTTGTCATTCGGA,5
CTGATCCAGTTGAATG,5
GGAGGTACACTGATTG,2
TGATCTTCACACCTGG,1
TACAACGAGGCACGAT,1000
TACACCCCACCGGAAA,5
GATTGGTCAGGTGGAT,2
TGATGGTTCCCGGTAG,2
GTCGTTCCAGAGGAAA,5
GTGCTTCGTCGAAGCA,3
AGGACTTTCGGAACTT,7
ATTATCCCAATACCCA,4
ATGGTTGCAACACACT,5
CAGATACGTTACCCAA,1000
CTCAGGGTCTGGGCGT,1
GTTCCGTAGTCCCAAT,6
GTCTCACTCCGTAGTA,3
GACACGCTCGGACGTC,2
GATGTTGGTCACCACG,3
GTGAGGATCATAAGGA,6
GATTGGTCAATGAACA,5
TACGGGCTCTAACGCA,5
CATTCCGGTCGATTCA,6
CATGAGTTCCATCGTC,3
AGGAGGTCAGGGTTGA,2
ATCCACCAGGACCCAA,3
GACGTTAAGTGGCAGT,4
AGAACCTGTATCGTTG,5
GCTCAAAGTGACTATC,5
GGGACCTGTTGTGTTG,1000
TTGCTGCAGAGTATAC,1000
CCTTCAGTCGACCCAG,8
TTCACCGGTCATTCCC,1000
TCCCATGGTTGTCCCT,1000
CTGGTCTAGCTCGGCT,5
GTCTAGATCTCGGCTT,5
GACCCTTCAAGGCAAC,8
TTCCTCTCAAGAATAC,1000
GACTATGGTTTACGAC,5
TCACAAGTCAGGACAG,7
GAAGCCCTCCGTGGCA,5
CATAAGCTCCCATACC,6
CTACCTGCAGGGCTTC,1
CTCAGAACATGCCGCA,3
TGGTTAGGTGAATAAC,3
GTCAAGTTCCTACGGG,1
GTTCTATTCGCGGTAC,1000
GACTTCCAGGTTCCGC,8
TCATACTAGTTTCTTC,1
AATGGAAGTCGGTACC,6
TGTGTGACAACGACTT,7
CGGGTGTTCCAATCTT,1000
GTCGTAAAGTGAGTTA,3
TTCCTCTGTTGGCCTG,1000
ACGGAAGAGAAATTGC,7
TTCGGTCTCGTAGGAG,1000
TGAGACTAGGCACAAC,6
TGCAGTAAGCTACGTT,3
CTGAATGAGTACAGAT,7
TCGCTTGAGAAACTGT,3
ACGTCCTTCGAGAGAC,8
TCCTAATCAGGCCTGT,3
GTTCGCTGTATGAAAC,3
CTTTCGGTCGCACGGT,3
CCTCACATCGAGAGAC,1000
TGTCAGATCACTGATG,8
GGGCTACTCTCCCTAG,1000
TGCAGATGTGTTTGCA,1000
CCTCTCCTCGTGCAGC,6
TCAAGACAGGGCAGAG,1000
CTGTGAAAGCTAAATG,5
TCCACGTAGCCTGTCG,8
CAATGACCAAGTTTGC,3
TCAGTGACACAGCATT,6
GTCGCGACATACTGAC,4
GTAGTACCAGCAGTCC,7
ACTGCAAAGGAGACCT,7
CTATCTACACATTCGA,8
GCGGAAATCACGGGCT,4
CATCGGGCAACCGGAA,1000
TATTGGGAGACAACAT,6
GTAGGTTCAGCTGCCA,2
TTCCGGTGTCCGGCAT,7
TGGTTAGGTGAGGCAT,3
GGAATGGTCTATCACT,3
TTCACCGTCAATGTCG,2
GTAACCACACACGTGC,5
TGGGAGAGTACAAGCG,6
TGGGAAGGTACCTAGT,5
CTGAGCGCATAAGATG,1000
CTCAGAAAGCTCAGAG,6
CCCTCTCAGTGTAGAT,7
TCGAAGTGTGACAACG,5
CCTCAACGTACCTAGT,1
CAGCGTGCAGGCGAAT,4
ATTCCCGGTATGTCTG,1
CCGTTCAAGCTCGACC,2
ATAGGCTTCCTTCAGC,3
TCATTGTAGGCTAAAT,7
GGAGAACAGATTCGCT,1
TCATTGTTCTAGCATG,6
GCACATACAAACGAGC,6
ATCCACCGTAAGGCCA,5
AGACCCGCATCGCTGG,4
CACGGGTCATTCGATG,2
GGATCTAGTGGATGAC,5
CCAAGCGCAGTAGTGG,2
AATCGTGCACCAGCGT,4
TAAGCCAAGGATCATA,5
ATTTCTGTCAGCACCG,1
TTCTGTACATACAGCT,5
TCCGATCGTAGATTGA,8
TTCTAGTGTATCGAGG,4
GGGTGAATCCGGTAGC,8
CGGGACTAGTTCATCG,3
GCACTAAGTTCCTAGA,6
CCTACGTCACTGCTTC,2
CCTATCGAGCAACAGC,1000
GGGTAGAGTACCCACG,1
GTTGCTCTCTCTGGTC,3
GCTACCTCACCGGAAA,2
TTAGGGTTCACCTACC,2
CCCGAAGCAGGTCCCA,6
CATTGTTCACTGCTTC,5
GGTGAAGTCAGCTCTC,7
TTGATGGAGGTTCCAT,1
GGGATGAGTCCGCAGT,2
TTTGATCAGACCCGCT,1
CATCAAGCACGACCTG,1000
AAGCGTTTCTGAACGT,1000
CGCGTGACATATCTCT,2
AATGGCTTCTTGGGCG,2
ACTATGGCAGAACGCA,3
TCAGTTTAGTTGTCGT,2
TCATGGAAGCACTCTA,6
CATACAGCAGACCATT,1000
CGTGAATTCCGTGCGA,7
GCCATTCAGAGTGGCT,4
ACGTAACTCTATGCCC,8
TCTTTGAAGACTGTTC,4
TTACTGTAGACCTTTG,3
TTGGGTATCATCGCTC,8
CTACAGAAGGACAACC,1000
CATGCGGCATGAATCC,7
GCCAGCAAGGCGAAGG,5
CGATCGGCACGCACCA,5
TTTCCTCGTCTTCGAA,6
ACGGGTCTCGGCCCAA,1000
TAGTGCAGTATCCTTT,6
TACCCGTCACATTCGA,8
CTCAGGGTCATATGGC,7
CATACTTAGTCGCGAA,1
GCTACCTCATACAGCT,8
CGTTCTGTCTCTCAAT,1000
TTCATGTTCGGCCTTT,5
TGGTAGTGTGTTGATC,7
ACCTGAAGTGGAAATT,1
GCCTGTTAGCGATGCA,8
TGCTTCGGTTTGGAAA,1000
TATTGCTCAGTATACC,5
CCCTGATAGTTCGCAT,8
CACCGTTAGAGCATTA,1000
GGGTCACTCACATACG,4
TTAGTCTAGGCGAACT,1
AGTTCCCTCAGGGTAG,3
AGTAGTCAGGCATGGT,3
TAGGTACTCTGTCGTC,4
GAAGGGTAGTTCAACC,8
AGTACCAAGAGGGTGG,7
TTACCATCAACGGGTA,1000
GTTAGTGTCGTGTTCC,6
TAAGTCGGTGTCCATA,5
TACTTACAGATTGATG,5
CCACGAGCACGAGGAT,7
CCGATGGCATGACAAA,6
CGGTCAGAGGTCTACT,6
CAGTGCGGTCATGCAT,6
TCACTCGTCGACATTG,5
AGATGCTAGTCCTGCG,2
GACCCTTGTATGGGAC,6
CCGAACGCACACGCCA,3
GGATGTTTCTAACGCA,1
TCGGGCAGTTGGTGTT,3
CCGGTGATCAAGGAGC,5
TCAGTCCCATAATCGC,1000
CAGCGTGAGCGTCAGA,1000
TGCAGGCAGGTCTGGA,2
TTACCGCAGTGCCCGT,4
GTTGTCCGTTCCGGTG,4
TCCTCCCCACAAGCTT,4
CACTGGGGTACGCTTA,8
TCGAAGTTCCGTAATG,6
CCTCCAAAGCGCACAA,7
CATCAAGTCGACACTA,7
TCTCTGGTCCACATAG,8
CCGATCTCACGAAGAC,5
ATTTCTGAGGATACAT,5
CATCAAGTCACCTCGT,7
AGATCCAGTTAAGGAT,4
GAGTTGTTCACGGGAA,3
TTGGTTTCATGGAGAC,1
AAGGAATCAGGTGTGA,7
CCACGAGCAGTCTTCC,7
CCACGTTAGGGTGAAA,6
AACCCAAAGCTACAAA,4
AGAGAATCATGGAACG,6
TTCTTCCAGCCTATTG,4
TTGATGGCATGAAGGC,1
CCGCAAGAGCCTAACT,7
AGTCACACACGGATCC,4
AGGGAGTCACTGTGAT,1000
CCTACGTGTTAAGGAT,1000
AAACGCTAGCTTTCCC,3
ACACCAACAGGCTACC,1000
TGGTTAGCAGAGGTTG,8
TACCGAAGTAGTTCCA,3
GCGTGCAAGAGCTTTC,7
GTTACCCGTCTTGGTA,1000
ACTTCGCGTTTCACAG,2
GGGTCTGTCGAACTCA,3
TCCAGAAGTCGGAACA,1
CTGTCGTAGCATGCAG,5
GTAGAGGGTTACGTAC,3
CAGCGTGAGGCGAAGG,8
AGCTTCCAGTGCAGCA,2
GACCGTGTCCGCACGA,6
TGGATCAAGGCACGAT,8
CAACAGTCAAGGGCAT,1
CAGCACGAGAAAGTCT,5
GGGTTTACATCCTAAG,5
ACAGGGAAGGTAGCAC,1000
GACCCAGTCACGACTA,5
GCTTCACGTCGGAACA,6
TAACCAGTCATACGAC,8
TCATCATGTCCCACGA,6
CTCAACCTCTGTTCAT,3
TCATTTGTCAAACCTG,8
TGAATGCAGTAAGAGG,5
GGGAAGTAGTATGATG,1
TACTTACTCCCAACTC,1
ATCCGTCAGTCCGTCG,2
TCCTTTCAGGAAGAAC,1000
TACCTCGTCCTTGGAA,6
TGAGGTTCAAATAGCA,2
CTATCTACAGCGACCT,6
CCCTTAGCAATACCCA,5
CCTCCAACATGTGGTT,3
TGGGAAGAGTCCTGTA,7
GAGTTGTCACAATGAA,8
GGTCACGAGGATATAC,7
TTCACGCCACACCAGC,7
AGCCACGTCGTTATCT,2
GGTGGCTAGACTGTTC,6
GAGCCTGCAATCTCGA,8
GTGGGAAAGGCGACAT,6
AACCAACTCACTACGA,8
TGGATCAGTTGCTCGG,5
TGATGCAGTATCGCGC,6
TCATATCGTGTTTGCA,5
TCGACCTAGGAGTATT,6
GTATTGGGTATATGGA,3
TTCATGTCAGCGTACC,5
GCACGGTGTCGTACTA,6
CAAGAGGTCAAGGCTT,1
GTTCATTAGTATTCCG,7
CCCATTGCACGCTGCA,2
CCGCAAGGTGACCGTC,1
GTAGTACAGGAGTATT,8
AGCTTCCAGCCTCGTG,1
TGCGGCACAACTACGT,8
CAGATTGGTGTTCAGT,1000
TTCCTAATCGTTTACT,6
CAAGGGATCACGAGGA,1000
TTTCATGAGCAACAGC,5
ACGGTTAGTTTGCAGT,6
AGTGTTGAGCGTGCCT,1000
AGTAGCTCATGTGACT,6
TCACAAGCACCAACAT,2
GTGTGATTCCCTTTGG,7
CTCAGAAAGGTGATAT,1
CTCCTTTCATACCATG,8
TGTAACGTCGTTAGTG,1000
GACTTCCGTTGATCGT,4
GGAGCAAGTAGCGCCT,1000
AGAACCTGTAATCAGA,7
AGTAGCTCACCCTATC,4
CATGCAAGTGATTCAC,1
TGACGCGGTCACCGAC,4
TGTGTGAGTACAATAG,7
CATTGAGCACATTGTG,5
TAGAGTCAGTGTCATC,2
CTGCCTATCGGTATGT,6
AGCCAGCGTCCATAGT,5
CCACCATGTCGTTTCC,2
CTCAACCTCCGTAGGC,3
TTCGATTCACCGTGAC,4
ATGTCTTGTACTGAGG,3
TACCGGGCACGCCACA,1
GGGTATTTCGTGGGTC,7
TTCACGCTCCTCTGCA,1000
AGAACCTTCAGCAATC,6
GAGCTGCGTTCTGACA,7
TAGAGTCAGCCAGACA,4
GACGCTGAGTTCAACC,8
ACATCCCCAGACCAAG,6
AACAAGAGTGGTCAAG,2
AGGCTGCCAATTCTTC,3
ACTACGACAGATGCGA,8
GAGTGAGTCGCACGAC,3
TGTTGAGAGGTATCTC,8
ATTCACTAGGTTAGTA,1000
TGACTCCGTTTGAAAG,1
GGAGGTATCGCGCTGA,8
TCAAGACAGATAACGT,3
TATCGCCCAACACGTT,7
CGAGTGCAGGACGCTA,8
TGATCAGTCGAACACT,3
ATCGATGTCCTACCGT,1000
TGGTGATAGAGGGTCT,6
GACGCTGTCTGACGCG,6
ATCGCCTTCAGTCCGG,3
GAGACTTAGGATTTGA,1000
AGTTAGCCAGAACATA,1
TCCGATCCAACCAATC,1000
TAACGACGTTTAGTCG,1000
TTTCAGTGTGTATACC,6
TGCTCGTAGAAGCTGC,2
CGGAATTGTGAGCAGT,6
CTAACTTTCTACGGTA,3
TCCGAAATCCGTCACT,3
CGGGCATGTGCCTGAC,2
GACACGCCAATCAAGA,2
CATAAGCGTCTAGATC,1000
TACATTCCATTAAGCC,1000
CGCAGGTAGCAGGTCA,3
GTAGCTATCTTTCCAA,3
AGGCATTGTGTAGCAG,5
TCGCTCACAAATCCCA,7
GATTTCTGTTCTAACG,8
TCTATACAGACGCTCC,7
TCGACCTAGATGCTGG,1000
CATAGACCAGAGTCTT,8
AACCAACTCGCATTGA,5
ATAGACCAGTCGAAGC,7
TCCTCCCCATAGATGA,4
ACATTTCTCCGTGGTG,5
TCACGGGAGCGTGTCC,6
TTGTGTTAGTGGGAAA,3
CATGCGGTCGCTAGCG,5
GTATTGGAGGCCTTGC,5
TTTACCAAGCTAGAAT,3
CAACGGCCATAGGCGA,8
TCGTGCTTCATTACTC,5
TCCTCTTTCATCAGTG,2
TTAGGGTAGGTTGGAC,3
AATGAAGGTTGTAGCT,6
TGACCCTGTATGCTAC,5
AGTACCAGTCAGATTC,8
CTCCTTTAGCGCCTTG,3
AGGCCACCAATTTCGG,7
GACTCAACAAAGTATG,1
TAAGCCAGTTCTCGCT,3
CGTCCATTCAAGTTGC,3
GCCAACGTCACATACG,7
GACACGCAGACGATAT,2
CTATAGGCACAGACGA,1000
TTGCCTGAGCGACTTT,7
ACCCAAATCGTGCAGC,4
TTTATGCAGCCAGTAG,4
CTGAGCGAGCGCCGTT,6
TTCACCGAGATAACGT,5
GGGATCCGTGAGTGAC,1
ATTCCATCAGTGTACT,5
GTCACGGCACCTGCGA,7
CTGAGGCCACTTCAAG,1
TCGCACTAGCTATCCA,2
CAGTTCCCAGATCCAT,3
AGTTCCCTCTACCTTA,8
CATTGCCCAGATTTCG,6
AAACGCTTCTTTGCGC,2
CAACGGCGTATCGTGT,5
TGCTCGTAGTGGTTCT,7
CGAAGTTAGCAATAAC,4
CCACGAGCATGGGTCC,3
CATGCAAAGTCTGCAT,3
TGAATCGTCACCTCGT,8
GGGTTATTCGCTCTAC,4
GGATGTTGTTGGTAGG,5
AGTCTCCGTGCTATTG,2
TGGAGAGGTCTGTGGC,3
CTCATTAAGAAACCAT,2
GAACGTTGTATCGAAA,5
GAGACCCAGTAGGATT,1
CAACGATTCCCTGTTG,1000
GAGTTGTGTCGCATTA,2
GCCCAGACATTCCTCG,1000
GGTGTTAGTCTGGTTA,2
TCTTGCGGTACTAGCT,7
GCTTGGGCAGCACACC,5
TAGACTGTCCGTCCTA,3
ACGTACAGTCTTGAGT,1000
AGAACAAAGAATGTTG,2
TGAACGTAGACTCATC,5
ACTTAGGTCCTAACAG,8
CAAGCTAAGAAAGCGA,4
GGAATCTCACTTACAG,5
CGGGTCATCACTGTTT,6
CTAGGTAAGAGGGTCT,2
CTGCCATAGTGGTTAA,5
CGTCAAATCTCAGAAC,8
CCCTGATCATCCGGCA,5
CTCCTCCGTACGTGAG,2
CAATCGACATGACGGA,1000
TACTTGTAGCACTAGG,6
CGTGTCTGTCCACGCA,3
TGAGGAGCAGGCCTGT,2
GGTGAAGTCGACCACG,6
ACGGGTCCACGTGAGA,4
GTAGGTTAGATGGCAC,4
CCTCCAAAGGGTCACA,8
ACTTTCACATGTGACT,5
TATCGCCGTTCAGCGC,2
ATGACCAGTATCTCTT,1
CAGCACGTCCACTTTA,2
ATCATTCTCACGGAGA,2
CTGAATGCACAAGGTG,1000
TCCATCGAGCGAAACC,4
CCCAACTAGAAGCTGC,1000
ATTCGTTCACAAAGCG,2
GACATCACAGACCCGT,6
CATGGATAGTCACACT,6
GACTGATCATCACCAA,3
ACTCTCGTCATGCGGC,2
TGAATGCGTGGGCTTC,5
GCTTGGGAGCCTGAGA,1
CTGTGAAGTGGTAATA,6
AGGTAGGAGCTTTCCC,5
AGAGAGCTCCGAACGC,4
TAATCTCTCCCTCGAT,6
TGACAGTTCCAGGACC,7
CACACAAGTGAAGCGT,6
TCGGGCATCTCCGAAA,1000
ATGGTTGCAAGTGGAC,4
CTACAGAAGAGATGCC,1000
TCCTCGACAGCAGTCC,1
TTCCTTCAGTACTGTC,2
ATGCCTCGTAACGCGA,1000
CTTACCGAGGTGCTTT,6
AGAAGCGAGGGACAGG,5
ATCTTCAGTTAAACAG,1000
AATGGCTAGCCTAGGA,1000
TGTGCGGCATACAGCT,2
GAGACTTGTCCTGTTC,1
AGATCGTCAACCGTAT,5
CCGTTCATCACCCTCA,7
GGGCCATAGGAAGAAC,7
TAAGTCGCACCGGAAA,3
GTTACGACACTTACAG,6
TACCGGGTCACGTAGT,6
GGGTCTGCAGGAGGAG,1
CCTCCTCGTGTGTGTT,1
GAGTGTTTCCTGGGAC,2
TTTGACTTCAAGCTTG,7
AGAGCCCCACAGGATG,7
TTTACGTTCTTTCCAA,8
ATTACCTTCAGGTAAA,8
TTTCAGTAGCAAGCCA,1000
TCACTCGGTACAAGTA,1000
GAGGCAAGTGTAGTGG,3
ATTTACCCAAAGGCAC,5
AGCTACACAGGTTTAC,3
CGTTGGGCACTCCTGT,6
AACGAAAGTTCGGCTG,2
GACCCTTCAGATTTCG,5
CACCAAAGTCCAGTTA,1000
GCGATCGAGTGGACGT,8
GGTCTGGGTGCCGAAA,4
AACCATGTCTCGCTTG,2
AACAAAGCATTGCCGG,2
CCAATGAGTAGCGAGT,5
AGTCTCCCAGAGTGAC,5
TGCTCCATCAGTCCGG,7
TTGGGATCAATTGTGC,5
ACTTCCGAGACCATTC,3
CAACCTCAGCTTGTGT,5
GATCAGTCACGTACTA,5
GACCAATGTTGGCTAT,4
TCACATTGTTGCATAC,4
TTAGGGTCACAAAGTA,5
GTGACGCAGTTGGAGC,3
AGAACAAAGGAGCTGT,3
GCCTGTTTCGGTCAGC,3
ACTGCAACACCCAAGC,7
TTTATGCAGAAAGCGA,4
TCAAGACCACGACTAT,2
TTTACCATCGACACTA,7
CTCAAGAGTGTGTGTT,3
CCGTAGGTCCCGTAAA,6
TCACGCTCATGGGTTT,1000
TCAGTTTTCTATCGCC,1000
TGCGGGTTCTCCGTGT,2
CTGCCTATCCCTTCCC,8
GCCCGAAGTGTTCCAA,5
CGCATGGTCTGCTAGA,4
ACATCCCGTTGGCCGT,8
GTCGTAAGTCTAATCG,3
CTTCTCTCAGGATCTT,6
CTCAGAAGTGTAACGG,1
TCATACTGTTATTCCT,3
GATCGTACATGCCGCA,1
TCCTAATCAGAGGGTT,5
CCCGGAATCACATTGG,8
TCCTTCTTCTACGGTA,4
CGTAAGTCAGTCCCGA,3
CAATTTCTCCCTCTAG,7
GTGTTAGTCGATACGT,8
TACACCCAGTTACGGG,1000
TCCTTCTCACAATTCG,5
CTAAGTGTCGTGTGAT,2
CATGGATAGGCTGAAC,4
ATGAAAGTCCATTTCA,4
CTGCCTATCAGCTGAT,5
AACAAGATCTAGCAAC,2
CCGGACAGTGAGGCAT,8
TCTTTGAGTAACCCTA,4
TATACCTGTAAGACCG,8
ATTCCATTCTTCGTAT,7
TCCACGTAGGAAAGGT,4
CATGCGGAGGCTCTAT,6
TAAGCCAAGTGGTGGT,5
TGTGATGTCGTCAGAT,3
GCAGGCTCACCTTCGT,5
GCCATGGTCTGCGTCT,7
GGGAAGTTCAAAGACA,5
ATTCAGGTCTATACTC,8
GTGGCGTTCCACTTCG,7
TATTCCACAATCGCAT,4
CGAAGTTTCACGAGGA,3
CGAGTTAGTCTTGCTC,1
TCTGTCGCACGCTTAA,3
GGGTGAACACTTCATT,3
ACATTTCTCTAGATCG,3
ATTCGTTTCATGCCCT,7
TGAGACTAGCTCACTA,3
GTACAACCACTAAACC,5
CTGAATGAGACTGGGT,6
AAGCGAGAGACCATGG,4
GCTGAATGTTCAGCTA,2
CCTCTCCAGCGTATGG,4
GTCCACTCAATTGCTG,5
TCCTGCACAGTTCTAG,1000
CTGGTCTGTGTCCGGT,1000
CGAGTTAAGCAGTAAT,6
TCGGGACCAAGTTCGT,6
GGGCGTTCAGCGACCT,1
CTATAGGCAAAGCTAA,2
GAGACCCGTGGCTGCT,8
GTGGGAAAGACGGAAA,8
CCCTCTCTCGGAACTT,5
GCACGTGAGTAACGTA,3
ACCTGTCGTTGATCGT,5
ATTACCTTCATTCATC,5
GGGCCATTCGCTCTCA,5
TGCTTGCTCACTCCGT,3
TACGGGCGTAGTCCTA,5
TGCGACGGTTCTTCAT,1000
CTCCGATTCACAGTGT,8
TCATTGTCATAAGCAA,5
CTCTCAGGTATTTCGG,4
GCATGATGTGAGTAAT,3
GGGTCTGGTAGGCTCC,2
AGACACTGTAACGATA,5
AACAGGGAGTACAACA,3
GCAGGCTTCACCTTAT,5
TGAATCGGTCACCCTT,8
TACGCTCCACCTGTCT,6
TGTGAGTGTATGACAA,6
TCATTACGTACAGCGA,2
GGATCTATCTCCGAGG,3
AACAAGATCCTGTAGA,8
CACAGATAGCATTGAA,4
TACCTCGAGGTTGGAC,6
ATATCCTGTAAGTTAG,3
ATCCATTCAATTTCTC,2
CCGCAAGTCAAATAGG,5
TATCCTATCGGTAGGA,1
TGACTCCCATTCGGGC,2
CATGGTACAGGCATTT,1000
TGCGATAAGCTCGACC,1000
GTCCCATCAATTGTGC,1000
GAAATGAGTATCAGCT,4
CAGCAATTCATCACCC,2
TCGCACTAGATCCCAT,2
ACGTTCCGTAGGCAGT,8
AGGATCTGTGGATACG,5
AACAGGGTCACTGGTA,2
ATCCATTCAAACAGGC,5
TAGGGTTAGTATGAAC,7
GTAGCTATCGAGGCAA,3
GACTCAAAGTGCACAG,2
TGGATGTAGAGTCACG,7
AACCTGACATGGCGCT,6
CAAGACTCATCTCATT,8
ATGACCAGTGACTAAA,1000
AGAACAAAGGACAACC,1000
TTCACCGCATCTCATT,1
TCCACGTCATGACAAA,6
TCTTGCGAGATGCCGA,7
AAACGAAGTGAGATTA,8
AGGCTGCTCGTCTAAG,3
CGTGTCTGTGAATGTA,3
CTGAATGAGTTGGAGC,3
TATATCCGTATTGACC,1000
TACCCACGTTACCCTC,4
TCGTGCTGTGAGCGAT,5
CTTCTAAAGTTGTCGT,5
GCCCGAAGTCAGTCGC,5
CCTAACCAGTCCCGAC,5
TGCTCCATCGATCCAA,7
GACTGATTCTGTCCCA,8
CCGTAGGGTATCCTTT,1000
TGCTGAACACAACCGC,3
CGTGCTTTCAAACGTC,3
GTGTTCCTCACGTCCT,1000
CTAACCCGTACCTTCC,5
CTGTCGTGTTGCGAAG,6
GTAGAAAGTTCAATCG,5
AGGTAGGGTAGTTACC,8
AACAAGAAGGATGCGT,2
TCATCATAGTTGTAAG,1
GACCCAGAGAGCCGTA,8
TCACATTGTGGTTTGT,3
CAACGATTCTTGGCTC,7
GACCTTCCACTGCATA,8
GACCTTCTCCTTTAGT,1
TGCTGAAGTTCAGCTA,4
ATCACAGAGTGAGGCT,4
AAAGAACAGAGCCTGA,1000
CATCGGGAGGGTCTTT,8
TGAGTCACAGGGAGAG,6
CTTCTCTGTGAAAGTT,1000
CTACTATGTCGTGGTC,2
CTCTCAGTCCTCACTG,1000
GCGTGCATCAACACGT,1
GAGCTGCAGTCGCTAT,6
GATAGCTAGAGAGCCT,4
ACTGTGAGTTAGAAGT,7
CGTTCTGTCAAAGAAC,1000
TACGGGCGTGTGTCCG,6
TCAGCCTTCCAACTAG,3
CACTAAGCATACAGAA,1000
TGAATGCTCTGGCCTT,2
CAGTTCCAGCCGTTGC,1000
GAGAAATTCTGTGCGG,3
ACTATGGAGATCACTC,2
TAACGACTCATACGAC,1000
TGGGAGAGTCCGAAAG,3
AAGTTCGCACCAACAT,3
GTATTTCCATCCGGTG,1000
TAGGGTTTCTGTGCAA,5
GATCACAGTACAGCGA,1000
TCCACGTCATGGCCCA,2
CCCTCTCAGAGTTGCG,8
TCGGGTGAGTCACTAC,4
CCTCCAATCAACTGAC,1
TACAACGAGACGACTG,7
TGTGATGTCCCTTTGG,1000
TTACAGGGTACTGAGG,5
TCGGGACTCTGACAGT,7
TTCGCTGAGCGACAGT,4
GTAACACGTTGGCTAT,1000
GTCATGACATACAGAA,4
CCGATGGTCGTACACA,2
GCAGGCTCAGCCTACG,1000
TCGAAGTTCAAGCCGC,5
CTGGACGTCAGCTTGA,2
GTTGCTCAGTTCATGC,3
GGTGATTCAATTCTCT,3
TCAGCCTTCGACCATA,6
TTCTTGATCCAACACA,3
AACCTGAAGCCGTTAT,8
TACTTGTAGTGCAGCA,6
CTACATTCACAGAGCA,5
TTGCTGCGTAGGAAAG,5
GATGAGGCAGGAGGAG,3
TAAGCCAGTCACCACG,7
TGAATCGTCATTTACC,4
TTGAGTGCAGCAGACA,6
GCCATGGTCTTTGCGC,5
ACCGTTCAGCGTGCTC,4
TCGACCTGTCAGTCGC,7
GTCAGCGTCGCAATGT,2
TCACAAGGTCTACACA,6
TCCGAAAGTGTTCCTC,4
TCTGCCACAGCATACT,1000
TGCTCCATCGTAGGAG,1000
GTAATGCAGGTTGAGC,3
GTGGGAATCTCGCGTT,1000
TCGAACATCAGCGGAA,1
ATGAGTCCATACAGAA,4
GAATCGTAGGCAGGTT,8
ATCGTAGTCCACGAAT,7
GTGCACGCATGTCAGT,6
AAACGCTTCGCCATAA,2
AGACAGGAGCCGTTGC,1000
TGTGAGTCAACACACT,1
TGACTCCCAAAGGCAC,5
ATCGGCGCATCCCACT,3
CAAGGGATCTTTGCGC,8
GAGAGGTAGACATAAC,3
AGGGAGTGTAACAGGC,8
AGCCAGCCATTCCTAT,4
GTCGTTCCAGATTAAG,3
CCCTCAAAGTTCATGC,1000
AGTCAACAGGGACACT,5
ATGAGGGAGAGGATCC,3
ACAGGGACATTGCTGA,5
TACGCTCCATACAGGG,4
ATCACAGAGCGTCTCG,4
CAGCAGCCACTGAGTT,5
GGGTGAAGTGGCTGAA,7
GATTCGATCTTCGGTC,5
TGCTTGCAGACAAGCC,4
GCACGGTCAGCTTCGG,1000
GACCTTCTCCACTGAA,1
GGGACTCTCCGATCTC,5
GTCCACTCAGTTAGAA,6
GATGCTAAGCCGTCGT,3
AACAAGAAGCATCCTA,2
GTCATCCTCACCGGTG,1
GGAGGATGTTACCCTC,1
ATCTTCAAGGGCAACT,6
TCTCACGGTAATGCTC,2
TTCGATTCAGGCGAAT,1000
ACGGTCGGTTATAGCC,7
CGTAGTAAGAGAGCGG,2
AGCATCAAGATAGTGT,3
CACCGTTAGCAACAGC,2
CTCCTTTGTGACACAG,3
CACACAATCGCTAATG,3
TATCTGTAGAAATGGG,8
TTCGCTGTCATCTCTA,5
AATCACGAGTCTTCCC,7
TGGTACAGTTAGGCTT,7
AGCCACGGTATGCGTT,3
TGTAAGCCACTCCTTG,8
CCTTCAGAGTGCCGAA,1000
ACTATCTAGCCATTCA,1000
AGGTGTTGTTGGCCGT,4
TGAGACTGTCTAACGT,4
AAGTGAATCCGGCAAC,3
GGTGATTGTAGGTAGC,7
GGGTCTGCACTTGGGC,8
TAGGTACCATAGATCC,3
CCGAACGGTGGTGATG,3
CGAGGAAGTCCTTTGC,2
CTACAGAAGTACTGGG,7
TTCCTAACATGGAATA,1
AATGACCTCCCGAGGT,1000
ACCTGAATCCATACAG,7
ATTACTCCACTCCGGA,7
ATTCCCGCATCTTTCA,3
ACTCCCAGTTCTTCAT,6
CTGAATGGTCTGTCAA,6
TCCTTTCAGGATACAT,2
GTTGAACGTACCAGAG,5
TTTAGTCTCGACCAAT,1000
TCGAACAAGGATACAT,6
GGGACAAAGATGACCG,2
ATTGTTCTCGAGTGGA,6
GCCATTCTCCACACAA,3
CCTCAACTCGGACGTC,7
TTTGATCAGCCAGACA,2
GGGTATTCAACGACAG,6
ACTATCTAGAAGTATC,1000
CAACAGTTCTATTGTC,3
CCTCAACCAGCTTTGA,1
TCTTCCTCAACAGATA,6
AAGTGAATCGCGTAGC,3
ATTCTACTCAGTCAGT,4
GTGGCGTCACGTAGTT,7
CACTGAAGTCCTCCAT,1000
GCACATACAGCTTCGG,4
CTCATTAAGAGCATCG,2
AGACCCGCAGCGTTGC,5
TTTCGATAGACTCAAA,3
GTCACGGCAGCTACAT,5
GTCCACTCATTCGATG,3
TAAGTCGTCACCACAA,1000
CGAAGGAGTGGCTGCT,2
GGTGGCTTCGTTCGCT,2
TGCTGAAAGATAGGGA,5
CAGCAGCGTCGGCTAC,8
CAGATCAAGAGGCCAT,1
GTCGTTCCAAGTGCTT,7
ACTCTCGTCTCATGGA,2
CTACAGACAAGTGGAC,1
AGTGACTTCACAAGAA,7
TGTGCGGAGAACTTCC,2
CAGGCCAAGCCGTTGC,7
GTGGGAACAAGAGAGA,8
AGTGCCGGTGTCCCTT,3
CTCTCAGCAAGCTGCC,3
CCGGTAGAGACATATG,6
ATGGAGGAGTCACTAC,2
GAGGGTACAAAGAACT,1000
TCCTCTTAGCGGGTAT,1
TCCACGTCAGTCGCTG,1000
CCAATGAGTTATAGCC,1000
GTTACAGCAAAGACTA,1
GCCATTCCACGCAAAG,7
AGATGAATCTACGGGC,1
CATCGCTGTGTAAATG,7
AGGGCCTGTCGATTTG,3
AACAAAGAGGAGGCAG,5
ACTATGGAGTAATTGG,5
TCCTCCCTCTGGAAGG,5
TCATGAGAGCGGGTAT,5
GACGCTGCACGTCATA,2
CCACCATTCCCTTGGT,3
CGATGCGTCATCGCCT,3
ATCGTCCCACGAGAAC,2
AGGGTCCAGCTGTACT,2
TGCACGGGTACCCGCA,1000
TCGTGGGCAGGCTTGC,8
GAGATGGGTGATTCTG,3
TGACAGTCAACGGCCT,3
AGCCAGCAGTCGCTAT,8
AGAACAATCGATCCCT,5
CATGCCTCAGATTTCG,1000
ATCGCCTAGTCGGCAA,8
GCAGCCAGTGGATACG,1
CTCAGAATCTCAGGCG,7
GTGAGGATCGCTACAA,1
GTATTTCTCACGAACT,7
TTTAGTCTCATCCTAT,2
AGCGATTTCAGGAAAT,7
CAAGGGAAGCGATGCA,6
CGCAGGTAGCTTAGTC,3
GGGAAGTTCTCACCCA,1
GATAGCTAGCTGAAGC,2
GTATTGGCACCGTACG,8
TTGTTGTGTAGATCGG,7
GCTCAAAAGGGATCGT,1
AGGTTACAGTATGAAC,6
CCGAACGGTACAAGCG,1
TCGGGTGGTTCGGGTC,7
CGGGTGTCAGACTCTA,3
CATGCAAAGTATGAGT,2
CTTTCGGTCAATCTTC,5
TGAGCGCAGGTGCTGA,1000
TGGAACTTCGCCACTT,3
TTCTTGATCCTACTGC,5
GGGCCATAGTCAATCC,2
CTTACCGCACGATTCA,4
GAAGCGAAGTACCGGA,2
GCCGATGTCCTCCACA,3
AAAGAACAGGCGAAGG,1000
TACTTGTAGTAGACAT,7
TTCCTCTCATTAGGCT,6
GCGATCGTCGATACAC,4
ATGAAAGAGCGTATAA,7
TCCCAGTGTGACAGCA,1000
TGATCAGCAACGACTT,2
GTCAAGTAGCTCGAAG,1000
CCTATCGAGCACCGTC,2
CGGACACGTGTGTGGA,1
CACGAATGTGATTCAC,6
AACGGGATCTGGTGGC,8
CCGTAGGGTGGTCAAG,8
CTCAAGAAGCAAGTCG,3
GTCGTTCCAATGTGGG,5
ACAGCCGCACACGTGC,1000
CGGGTGTTCCCTCTTT,1000
TTCGGTCAGTAACGAT,1000
AACGGGATCAGTGTGT,7
TCTTTGACAGCGGATA,1
GGGTATTAGTTGAATG,1000
TAGGTTGAGCTCGGCT,3
AGACAGGTCAGTAGGG,3
GTAGGAGCATTGGCAT,2
GTGACGCAGTAATACG,1000
TACCTCGGTCCTGGGT,6
TTCCTTCGTATGTCAC,5
CAGCACGGTACGCGTC,5
ATCTTCAGTGGCAGAT,5
TTTCATGCAAACTAAG,3
CAACAACTCATTCATC,2
AGGGTTTCAGCACGAA,2
CGTAAGTAGATCCTAC,5
GTCTAGAGTGTGTGTT,2
GTCAAGTTCTGTAAGC,1
ATCGTAGAGACAACTA,8
TCATTGTCAAGAAACT,8
CAAGAGGAGTTGCTGT,4
TCAGCCTAGCCGGATA,2
ATAGGCTAGCTGAAAT,8
CTCCCTCAGAGTTGTA,5
TGCTCGTTCTCCAAGA,5
GGTTGTATCGAACACT,8
GTGGAAGTCTCTCTAA,1
ACTACGAGTACTCGAT,1
TCATCCGGTTGACTGT,3
CGGCAGTAGCATCCTA,1000
TGTAGACGTACCAGAG,3
TCTCCGACAGATTTCG,1
ATTCTACCATGGGAAC,6
GGCACGTAGCCGTTGC,2
CTCTCAGTCTGGTCAA,2
TTGATGGGTATCTCGA,6
AGTTCCCCAATCTGCA,2
AACTTCTCAAATTGCC,6
CCGGTGACAGGCGTTC,8
CTAGGTAAGACTGGGT,7
ACGTACATCAGGAAAT,3
TGGTTAGCAGTGACCC,3
ATTGTTCGTAGTTAGA,4
ATGGATCCACTTTAGG,2
AACCTGACACAGAAGC,3
CTCATGCAGATTTGCC,1
CTCGAGGCATGACGGA,3
TCTCACGGTGTCCGGT,5
GGAGGATAGAAGCGGG,5
TGACCCTTCCGAAGGA,7
CTAACCCCATAGTCGT,6
CGTAAGTCAATGTGGG,3
AGACAGGTCTCACCCA,8
GAAGTAATCTGTGCTC,4
CGCAGGTAGCAATTCC,8
CTACTATGTGTCATCA,5
TTTCGATGTCGACTGC,6
CTTTCAACAACTTGCA,6
AACAAAGGTGGTCTAT,3
TACCTGCCAAGATGTA,1000
TTGTTGTTCCATTTAC,1000
GTCATGAAGGCTGAAC,6
ATCATTCAGATTCGAA,1
AAGCGTTTCATAGACC,3
CCAATGAGTAGGTTTC,1
CATGCAACAACATCGT,1000
AGCGATTCATCATCTT,4
TTGTGGAAGGGACTGT,1
CACTAAGGTAGCACGA,1000
AAACGCTGTCAGGTAG,8
ATTCCATCATGGGTCC,1000
TATCGCCGTACGTTCA,2
TCACACCAGTAATACG,3
AATGCCATCGCGATCG,6
GAGCCTGCACTGGACC,7
GCCATTCTCTCGTGAA,7
GTGGAGAGTTGCTCCT,4
TTAGGCAGTCGAGATG,2
GAGAGGTAGGTGGTTG,4
CTTCCGACAGCTACTA,4
CGATGGCGTGGGAGAG,4
CGTAGTACAGATCCAT,7
GACCTTCGTGTCCGGT,1000
TCCCATGCACACGTGC,6
GCTTTCGGTCCACGCA,5
TTCTTGATCTAACGCA,5
GGATGTTTCTCGCGTT,3
AGAGCAGAGATGCTTC,7
TTCTCTCAGGCCTGAA,3
ACCTGTCGTAGCGTAG,6
CAACAACCAAACCATC,1000
TTTGGTTAGACTTCGT,1000
GCCATGGAGACCAGCA,5
GTGAGTTGTACGATTC,1
TAAGCACCAACGATTC,3
TACCTCGTCTCGAACA,2
TGATTCTCAGCCGTCA,2
CCTATCGTCACACCCT,3
TTCCTTCAGTCACAGG,3
AAAGTGAAGTATAGAC,5
GATAGCTGTGGGTATG,1
TATTCCATCTTGGTCC,1000
GACGTTAGTGAGTGAC,4
TCTATCAGTTTCACTT,1000
AGTAACCTCCACACAA,3
GGTGAAGCACGAAAGC,1
ACGTAACCAAAGGGTC,2
AGGCCACGTTCCTAAG,1
ATTTACCCATACAGGG,1000
AGATAGAGTTACGTAC,3
CCTCAACGTGTAGTGG,8
GGAGGATCATAACAGA,8
GTGATGTAGTATTCCG,4
AGGGCCTAGAGATGCC,3
GAGAGGTAGTGTCATC,7
GCATGATCAGTAGAAT,3
CTTAGGAAGTCCCAAT,2
GCCAGTGGTGGCGCTT,5
TTTGGAGCAAAGGAGA,5
TGGTGATTCTGGCCGA,4
CGGTCAGTCACCATGA,8
ATAGAGAAGCGAAACC,1000
TAACGACCATCTAGAC,6
GGGTGTCCACGACAGA,1000
TTGTTGTTCTGGGCAC,3
TGGTAGTTCGTGGCGT,1000
CTTCCGACATGTGACT,2
CATCCCACAGCGGTCT,1000
TCCCATGAGGTAGCCA,1000
TGGGCGTAGGGTCACA,5
TAGGGTTGTCCGCAGT,7
TATACCTAGGACGGAG,6
CGGGCATTCATCACTT,8
TTCCGTGAGTGCACCC,6
ACGGTCGCACTAGAGG,5
GGAGAACAGCACACCC,3
GTGGAAGAGTTGCCCG,3
TCATATCTCAATCTTC,3
GTCAAGTCATGACTAC,1
CTTAGGAAGGGCAGTT,7
TATCGCCCAAATCGTC,2
CATTCTATCAACACCA,3
CGTCCATAGAACGCGT,1
TGACCCTAGGTACATA,5
ATCAGGTAGCTCGCAC,1
GGGACAATCTTACTGT,1000
CAGCAATTCGCTCATC,2
CGAATTGTCTTTCAGT,5
AGTCTCCGTCGCTCGA,3
GGTAACTTCCATTTGT,1000
CATACCCAGACCTCCG,5
ACAACCATCAGAGCGA,6
AACGAAATCCAAACCA,4
TACTTGTCATGGACAG,8
ATAGACCCAGTGGTGA,5
CAATCGAAGCCTATTG,8
AGGTAGGAGACGTCCC,5
CATGCAAGTTGTAGCT,1
GATTCGAGTCAGGAGT,2
GGTTCTCCATGCAGGA,3
TACCTGCAGGCTTAAA,2
TCATTCAGTTCGGCCA,5
CATTCCGGTCGTTGGC,2
CAAGACTGTCGATGCC,4
CATCGGGCATCCGTTC,3
AGGTTGTCAAAGACTA,1000
CGTGATACAAGCTGTT,8
CTGAATGAGGTTATAG,3
GAGATGGAGCACCAGA,2
CGATCGGCACTTGAGT,2
AGGATAAGTTACCTTT,8
TGACGCGAGTCAACAA,3
ATCGGATCAATTTCGG,7
CTCAGAAAGAAGGTAG,3
CGTAAGTTCTGGTCAA,7
GCATCTCCATCCTTGC,4
TCGCACTGTTTGATCG,2
GCAGCTGTCAGGGTAG,1
AATCGACCAGATACTC,2
ATCTTCAAGGTCTGGA,5
TAATTCCGTCAACATC,8
TATCAGGGTGCTCGTG,2
ACACCAAAGGGTTAAT,2
TAACTTCTCTGCTCTG,6
GAGTCATGTAGGATAT,5
CCTCACACACATTCTT,1000
GGTAACTAGCCTCAAT,7
AAGACTCTCTGCTAGA,6
ATTCTACTCGCCAGAC,7
CTCCACAAGGTCCCTG,7
CATTGTTTCCCTCATG,1000
TGGAGAGGTTTCGATG,7
GCACATAAGGTTCAGG,8
TAGACTGAGAGATGCC,1000
TCAGGGCCATCTCCCA,8
TCGACCTTCTAGGCCG,5
TCGATTTTCCACATAG,8
CCAAGCGCAAGACCGA,2
TGCTCCAAGTGCTCAT,8
TATCTTGGTAGAGTTA,4
TCAGTTTAGAAGAGCA,8
AGTCATGGTGTGTACT,2
ATCTTCATCGTTCCTG,6
CTCAACCGTTAGGGAC,3
GTGGTTACAACGGGTA,2
TGAGGAGAGCACCCAC,2
ACGGGTCCATTCTTCA,7
AGGAGGTCAGAGTTGG,5
AGACACTGTACCCGAC,8
GTCTAGATCTCCGAAA,1000
CTGGCAGGTTGCATCA,7
TACTTACCACTCTAGA,2
CCACTTGAGATCCAAA,6
CTGTCGTAGTCTACCA,5
ATGACCATCCAACTAG,3
ACTTATCTCTGACAGT,4
ACGATCACACATATCG,6
GACTATGAGGCGAACT,2
ATCCGTCCAGAATTCC,7
TTTGTTGTCCACTTTA,7
GCTCAAAGTCACTAGT,1000
CGATCGGCAGTGAGCA,1000
CAGATCACAAACACCT,6
GGTCTGGCAGTGCCTG,4
CCTTTGGAGATGGCAC,8
ATGTCCCGTTCGAGCC,3
GTAACACAGAGTGACC,5
AGGCATTAGGACAAGA,2
GACCCAGCATGGCACC,3
ATTCCTAGTGAGTAAT,8
GCCCGAAAGCAACAGC,6
TGCTGAAAGAGGCTGT,6
CCTACGTGTGAAAGTT,3
TCGAACAAGTTGGAAT,4
CTTCGGTTCCGCTAGG,3
GTCAAACCAACGCCCA,3
GTCATGACAGCCGGTT,3
CCACTTGTCCACGTAA,3
ACGTTCCTCTGTCTCG,6
AGCTCAAAGGCCACCT,5
GGTGTTATCCGCAACG,2
AGTGCCGAGAGTGTGC,8
TCAATCTCATCCTTCG,5
AGAGCAGAGAATCTAG,1
CTCAACCTCCACTAGA,3
ACTACGACACGCTGAC,5
CAACGATCAGTGGTGA,2
TCCTTTCCACTGAGTT,6
TACCGAAGTGCGGCTT,5
ACCACAAGTAGCGTCC,3
GTGTGATTCTCCAATT,7
CGAGGAAAGACGACTG,5
GGGAAGTTCACAAGGG,2
GCACATAAGCCTGACC,8
GTTGAACAGGCTCAAG,1000
AGGAATATCAACTTTC,2
TTCCAATGTGGCACTC,2
TTGCATTCAGGTGTTT,2
GGGCCATAGCGTCGAA,5
CCTCACAGTATGAGCG,8
CGTTGGGCATGCACTA,7
CATGCGGAGTGATAAC,4
ATCTCTAGTTGTATGC,1
CACTAAGCAGCAAGAC,8
CTGATCCAGCCGATTT,4
CCTTCAGCAAACGAGC,4
AGGTGTTAGGCAATGC,5
GGAACCCTCGGCATTA,4
TAAGCACCATGACGGA,2
TTACGTTGTCCGAAAG,8
TCCTCCCTCTCCGAAA,5
GGGTAGACATAGAATG,6
AGCGCCACAGAGCCCT,8
GTCCACTCACAATGTC,8
TGTCCACCATGACTCA,5
AATTCCTGTAAGCTCT,3
GATGACTGTAATCAGA,5
TCGTGCTAGATAGTGT,3
TGGGAGACAACCGATT,5
TCTATACCAGAAATTG,7
CTCTCAGAGGAGATAG,3
TGTGGCGAGGTTACAA,4
CGTCAAAGTTTACTTC,2
TCTATCAAGTCTTGGT,2
CTCCATGGTTCAAGTC,8
CTTCAATCACTAGGCC,7
CCTTCAGTCTCATGGA,2
CCTCACAAGTGGCCTC,2
CATGAGTCAAACTCGT,3
CTAGACACAAACTCTG,4
CTCAAGACACCGTGCA,1000
GCACATACAGTGCGCT,6
TGTTCCGAGTATGACA,4
ATAGGCTAGTCCCTAA,5
AAGTACCTCGGTCGAC,7
GCCATTCGTTACAGCT,8
GCCAGTGAGCATATGA,8
TGGTACAAGCTGTCCG,2
TGTACAGCAACTGGTT,1000
TCCTTCTAGCGAGAAA,1
TCCTAATCAGGACTAG,1
AGGTCATGTCGCTGCA,1000
GTTCCGTCAAGAGCTG,4
TCACACCGTCGGTACC,1000
CGTTCTGGTATTGAGA,6
TCCTCCCAGAACTGAT,2
CTCATTAGTTAAACCC,3
CTACTATCATTGGGAG,8
GTCATCCCAATTCGTG,3
TCACACCCAAAGGATT,3
GTAACCAAGAAACCCG,1000
ACACCAACAAGCGCTC,7
TACGGTAGTAGGCAAC,2
CGTGTCTGTATACCCA,1
CCACTTGAGCTTAAGA,2
CATTTCATCACTAGCA,4
AACCCAATCTAGTTCT,8
CGGCAGTAGCGTCGAA,2
TAGACCAAGCTTTCCC,4
TCATGAGAGATGATTG,3
TTGGGATGTACTGGGA,8
TGGGAGAGTTACTCAG,5
ATGCCTCCACTCCACT,6
CGGGTGTTCTCGAACA,3
CTAACTTTCCAAGAGG,1000
AGTTCCCCAGCCCACA,7
AGAACCTGTAGCTAAA,6
ATGGGAGCAGCAGTTT,1000
TCATCATGTGATCGTT,1000
GCGGATCCAGTCGAGA,6
TCGCTTGCACGCTATA,3
ACCCTCATCTCCCATG,8
GGACGTCCACTTGAAC,3
GTACAACCAACCGCCA,1
CTATCCGTCAGCGGAA,1
CCTGCATGTTCTCCAC,3
GTTTACTCAGTTGAAA,1000
TCTATACCAGCACCCA,3
CTAAGTGAGCCATATC,8
CAACAACAGAGGGCGA,3
TCAGCCTAGCTAGTTC,8
ACACGCGTCAATCCAG,8
CCCAACTGTCAGCTTA,1
ATTCGTTGTACGGTTT,5
CATTGTTCATTAGGAA,1
CTTGATTCACCTCTGT,3
CACGTGGCATGACTTG,2
CACAGGCAGTCTGGTT,8
ATCTCTAAGAAACCCG,1000
TGTAACGGTCCTCCTA,3
AACAAAGCAAGTACCT,7
AACCTGAAGACTTCAC,3
GCTTGGGGTGCCGAAA,2
GATCATGTCCGAGAAG,6
AACTTCTGTGCCCACA,5
TGTTCTACACGTAACT,1000
GCAACCGAGAGGCCAT,5
AGGTGTTCATCTGGGC,1000
TCTGTCGCAGAGAAAG,1000
CAGCGTGCAGGTTCCG,3
TTGTTGTGTGTGTCGC,7
TAACACGTCGAGAAAT,1
GAACGTTCACCCAAGC,5
TGAGCATCACCTGATA,8
ATCCACCAGAAGCTCG,4
GAGTTACGTAGCTTAC,3
TTCACCGTCCTCTTTC,1000
CTACATTGTTGTGCCG,8
ACGATGTTCCGGGACT,3
CTACAGAAGGACTAAT,8
ATTTACCGTCTTAGTG,6
GTTTACTGTGATTAGA,7
CGTAATGAGTATTCCG,5
GTGCAGCGTTGAGTCT,4
GTGAGGATCAGTCACA,5
GGGCGTTTCGAAACAA,2
GCATGATTCCACAAGT,1000
TGTCAGAAGCGTGAGT,4
TTGACCCGTCGCACGT,4
ATACCTTCATCGAACT,8
TCAATCTTCCATGCAA,8
TCCGGGACATGGGATG,1000
GAGCTGCCACCACATA,4
ACGGGTCAGAGTGTGC,7
ATAGGCTGTTGCATCA,3
TCCGAAATCATGCCCT,6
ATCTCTATCTCATGCC,4
CCAAGCGAGCACACCC,3
CATGCTCTCATCGTAG,5
GTTCATTCAATCTCGA,4
TGATCTTCACTCCGGA,1000
TGCTGAACACATACTG,1000
GTAATCGTCTACTGCC,4
TATCCTAGTCACTCGG,7
GATCCCTGTAGCTCGC,3
CGCAGGTTCATCTATC,1000
CCGCAAGTCGACATCA,1
GACTCAAGTGAACCGA,4
AACGTCAAGAGCTGAC,4
AGTACCACAGGTCCGT,8
CTATAGGGTTTGCCGG,3
CGGGCATCAACGTAAA,7
TACTTCAGTGGCTTAT,7
TATCCTACAAGTGACG,5
AGGTGTTGTGCGGCTT,1000
CATGGATCAACGCCCA,8
CAACAACCATGTGGCC,2
CTGGTCTAGTCCTGCG,3
TCCTAATGTACCACGC,2
TCGACGGCAATAAGGT,8
GGAGAACTCGCTGCGA,6
ATGTCTTGTTGGACCC,3
GGCTTGGAGGAACTAT,1000
ACGGTCGTCCGAAGGA,6
GATGGAGTCAGCAATC,1
CTACGGGGTGCTTCAA,1000
CTAGGTAGTAATGATG,1000
GCAACCGCAAGCGAAC,7
CGTGTCTGTGGATCGA,6
TTTATGCCATTGAAAG,2
ACAAGCTGTGCCCACA,8
CACCAAACAAGTCCAT,1000
CTGCGAGAGTCCTGTA,7
ACGTTCCGTTGTAGCT,7
TACCCGTAGCAGCCTC,8
TGTAACGCACGCTGCA,7
ATCACGACACGAAAGC,8
TGCTTCGAGCGAGTAC,3
TCTATCAGTCCTGTTC,2
GTGCTGGCACACACGC,1000
TGCAGGCGTAGATCCT,2
TTGGGATCAATACGCT,2
AGGGTGACATTGCAAC,7
TCCGATCGTAGATTAG,2
ACTCCCATCTTGGTCC,5
GACCTTCTCCGCCTAT,3
CTTGATTCATCATTGG,3
CATGCCTAGGTCCCGT,3
CGAATTGCATCGATAC,1
TGTTTGTAGCCTATCA,1000
GGTTGTACAACCCGCA,5
GTATTTCAGCTAATCC,6
GTTGTAGGTTAAGCAA,8
GATGAGGCAAACTCGT,1000
GTTGTAGCACATATCG,3
TCCTCCCTCTTGGGCG,8
TATTCCATCGCCGTGA,3
TCACTCGCATCCTTCG,4
TAACACGAGGTGGGTT,7
CCCTTAGGTGCGTTTA,7
TGTGAGTTCGATTCCC,2
AGGCCACTCGCCTTGT,6
AGAGCAGTCCACTTTA,2
TTGGGATAGCCTGCCA,8
GTTACCCCAGTGGCTC,2
TGCACGGCATTCGATG,1
TTGCCTGCAGGACATG,1
CTACGGGTCGATGGAG,4
TATTGGGCACGACGCT,5
TGAGGGACATCTGGGC,1000
TTCACGCAGGTAAGAG,8
GCTGGGTCAATAAGGT,5
TACCGGGGTTCCCACT,5
CCCTGATTCGGTTCAA,8
GAGGCCTAGCTCGCAC,1000
GTATTTCGTGGTACAG,8
ATCGGATTCAATCTCT,6
TCCGATCTCCCTTCCC,3
CCAATTTGTCGGTGTC,8
CTGAGGCCATACTGTG,6
AGCGCTGAGGCTATCT,5
CCTACGTTCATCGGGC,2
GTGAGCCTCTGGTCAA,5
ACACAGTCATTAGGAA,8
GGTTAACTCCGGACGT,2
TAGGGTTTCATTTCCA,4
TCGTCCAAGAAAGTCT,7
GCTGGGTAGCACTTTG,5
CGGGCATTCACCTGGG,1000
GAGTTGTTCTCTATGT,7
TCAGTTTAGAGCAGAA,1000
CAATTTCAGCAGAAAG,8
GTGGCGTAGTTATGGA,3
CCTGCATTCGGTAAGG,6
TCCACCACAAATTGGA,5
TCGGGCAAGTGGTTAA,7
AGCCACGAGACAACAT,2
AGAAGCGCAAGTGGAC,3
TCACTCGGTGTATTGC,1000
TGCATCCCACAGAAGC,8
GTCCTCACAGGCGTTC,8
CGGAATTTCGGAAGGT,2
GAGAAATGTGGGACAT,7
ACGTCCTTCTATTTCG,4
GCGTTTCAGCGGACAT,3
TTGATGGAGTTGCATC,6
GCAGCTGCAGCGACAA,3
TCATTCATCGAGAGAC,1
ATAGACCAGCAGGCTA,5
TACCGGGCACGTGTGC,3
AACGGGAAGAGCAGCT,8
GGGTCACTCACTGAAC,5
TGTAACGCATGACGGA,2
GGGTATTCAGTGGCTC,3
GGGTATTTCATTGTTC,3
AAAGTCCTCTGGCTGG,2
TGCGGCATCGACATCA,5
TGAGGGACACCTAAAC,7
CAGATCATCGTAGTGT,3
TTCGATTAGTCACGAG,5
TAGGTTGGTAGTCGTT,2
CCGTAGGTCTAAGCCA,6
TGTGCGGAGGTTCCAT,3
GCAGGCTGTCCTACAA,8
CTCCATGCAGGCTTGC,7
TTTATGCAGGCCACCT,6
ACTTTGTTCTCGTCAC,3
TCAATCTCAAGCGAAC,2
GGGTATTTCGCTGCGA,4
CTGTGAATCATTTGCT,5
GGTGGCTAGACATGCG,5
TCGGATACACGGCCAT,1000
CATTTCACACAGCTGC,4
TGGAGGATCACGAGGA,7
AGAGCAGAGCTGCGAA,3
ATTTCTGCAATACCCA,1000
AGATCCATCGGTCACG,5
TGAATGCTCGTCCTTG,6
AAAGGATTCTCTTAAC,6
CTCATTACACAACGAG,7
CTTAGGACATCCGTGG,3
CAACGGCGTACCCACG,5
CTGCAGGGTTCGAACT,8
TCATCCGGTAAGACCG,1
TTTCATGGTATGAGGC,1
AGTAACCGTGAGCAGT,1000
CTATAGGGTGCGACAA,6
GTGTGATTCAAGCGTT,1000
AATGAAGAGAATCTAG,6
CATGCCTAGAGGTCGT,8
AGCGCCATCATGCCAA,8
GTAGCTAAGCCTCTGG,3
GGATCTACATGGCCAC,4
AAGATAGGTCTAGTGT,8
TCTTGCGAGTGCACTT,6
GACCGTGCATTCCTCG,8
AGCCAATCAGGTGACA,3
GTAACACAGTTAGTGA,5
CCTCAACTCATAGCAC,2
GCAGTTAGTGGGCTCT,1000
CTAGGTATCCCTCGAT,1
ACACTGAAGGTGCGAT,1000
TCAGGGCAGTTGGGAC,4
GAGAAATGTGGTAACG,5
TGTTCCGTCTCTTCAA,1
CTTACCGTCCGAGATT,5
GATTCTTGTTTACCAG,2
GGGAGATAGTAAATGC,2
GGCTGTGTCATTCATC,6
GAATAGAGTCTCGGAC,3
GAATCGTGTGGTCAAG,6
CACTGAACAGACGGAT,6
TTGTTTGGTTGATCGT,4
CGTTCTGTCTATCGGA,2
CGAATTGCAGACCAAG,7
GAAGCGACACCGGAAA,6
TCGGGCAGTTAAACCC,1000
TTGATGGAGTGTCATC,1000
TAAGTCGTCGTGGGAA,6
ATTCACTCAAGATCCT,1
TCTATACGTCCACTCT,3
ACCACAAAGTAAGCAT,2
GGTCACGAGCTGTTAC,2
AGGGTTTCATTATGCG,6
CATACTTAGGATACAT,2
GAAGCGATCGGTGTTA,3
TCCGAAAAGATTCGCT,3
AAGGTAATCTTAGTTC,5
CATGCCTCAAGGTCAG,1000
TACATTCAGTTCCTGA,2
TCCTCCCAGATGCTAA,3
TCCATGCGTTATAGAG,4
CATCCGTAGGTTCACT,4
TGTTGGATCTGTGTGA,4
CATCCGTGTCCTTGTC,3
CCACGAGTCGCCGAGT,6
GATCATGTCTTCCCAG,3
TCGACGGTCAAGCCCG,5
CAGATACTCGTTCATT,5
TTTACTGCACTAGTAC,5
GGGCGTTAGGTTTACC,4
TCAATTCAGGAGATAG,5
TCTGGCTTCAAAGCCT,6
AGGACGACATCCGAAT,2
AGGACTTGTAGGTACG,8
ACAGCCGGTAGCCAGA,3
TTTGGTTTCGCAAGAG,1
GCACGGTAGACGCTCC,5
CCAATTTAGACTGGGT,8
TCCTTCTCAAAGGAGA,6
ACATCCCTCGCAGTGC,1
CTACCCAAGGGCAAGG,2
CACGAATGTAGGCTCC,8
CCTCTCCGTAAGGCCA,1000
GAGTGAGGTGTCTTGA,1
ACGCACGCATTGTGCA,5
CTAACTTAGTGGAATT,1000
TCTCACGCAATGCTCA,1
CTGAGGCTCGCCCAGA,3
GTTAGTGTCCTGATAG,4
TCATGCCAGCTGAGTG,3
CCTCCTCGTTCCATTT,6
ATGCCTCTCATGCCGG,8
CTTTCAACATCCAATG,8
GTACAGTGTAGGAGGG,2
CCTAAGACACGTACAT,1000
AACAAGAGTACCGTGC,4
ATTTACCAGACGAGCT,5
TCAATCTCAATCTCTT,8
ATTACTCGTCTGTTAG,5
ATTCACTGTAACATGA,3
GCACTAACATGGGATG,3
AACCCAAGTACTGAGG,2
TCATTACTCGCTATTT,3
TCCGGGAAGTCATAGA,3
GACCCAGGTCTCCTGT,8
ACGGTTACACACGGAA,5
CCATAAGGTCGCATGC,1
GTATTTCTCGATTTCT,5
TCTAACTCATTCAGCA,5
TTGTTGTCACAAATAG,6
TCGCTCACATAGTCGT,3
AACCTTTCAGAGCGTA,1000
AAGCGAGTCCAGCTCT,3
TACTTGTCAAAGGCGT,1000
GCCGATGGTCCGCAGT,3
GCCATGGCAAGATCCT,5
ACAGGGAAGCAAGTCG,3
AATCGTGTCCGCCTAT,6
GACCCTTTCGATGCTA,2
CATGCCTTCCGGTAAT,5
CTCTGGTAGCTGACTT,7
AGGTTGTTCTTACACT,3
ATTATCCTCATGACAC,5
ACAGCCGGTTAGTTCG,1000
GGCGTCATCTAGATCG,6
GGAATCTTCATAGCAC,5
CCTACGTCAGTTCCAA,2
CGAGGAATCGAGAGCA,4
TGTGAGTCAGAACTCT,1
CGGGCATTCGTTTACT,5
GCTACAAGTCCATACA,6
ATCTCTACAGTTAAAG,1
GAAGGACAGGTGCAGT,8
TTCTAACTCCTCACTG,3
TGGATCAGTGCCCGTA,2
AATGGAAAGATAGGGA,5
TGTAGACAGTCACTGT,2
CTACGGGAGGATTCCT,2
TCTCTGGAGAGTCAGC,3
AAACGCTTCGCCTATC,8
GTCATTTAGGTCCCTG,8
TCATGTTCAGTTAAAG,1
GAGCTGCCACAGTATC,7
AAAGGTACAACCGCCA,1
AGCTCAAGTACAGTCT,3
CCTGCATGTACAAACA,2
GCATTAGCACCGCTGA,4
CACAGATCACACCTGG,7
TCTATACAGAGGTTAT,3
TCGCTCATCATCTATC,1
TCGGGCAGTGTGAGCA,3
CTGGACGAGGAGCTGT,5
ATTGGGTCAGTAGGAC,2
GTCACTCGTGAGGATC,1000
TCAGGTATCTACGCGG,1
TGAGCGCTCAGTCCGG,5
CAAGAGGGTTAAGACA,8
TTGTGTTTCCCTCATG,4
CCACTTGTCGGATAAA,7
TGAATGCTCGACCTAA,8
TACTTCAGTGACATCT,3
CACTGGGCAACCGATT,8
AGAGCAGCATTGAAAG,6
GGTAACTTCGTCGATA,3
ACCTACCAGCTGACAG,5
GTTAGTGCAATACCTG,7
GACGTTATCACCCTCA,5
TCACGGGAGGTAGTAT,8
TATTTCGAGCCTGGAA,5
GTTCATTGTTCTGACA,2
GGGAAGTCACAGTCCG,2
TGAGCATTCAAGAGTA,8
GGTGATTAGTATTAGG,1000
GACTCTCTCACCTACC,1
GGAATGGGTACATACC,3
ATGAGGGGTCTGTAAC,3
TCAATTCGTACCGTGC,2
TTTCGATGTAGATTAG,1
TCATGAGAGGCTCTCG,5
AATCGACAGTAGGCCA,7
AGGGTGATCGCTTGAA,1000
GTGCTGGAGCGCTTCG,3
ATAGACCAGCTCGAAG,1
AATTCCTTCTAAGAAG,7
AACACACCACAGTGAG,3
AAACCCAGTTTGTTGG,7
CTTCGGTAGGAACATT,3
CTCCTCCGTCAGTCCG,5
GAGGGATCAATGAGCG,5
TGTACAGCATCATGAC,8
AAAGTCCCAGCCGTTG,5
CTACCTGTCCGTGTCT,5
GCAACATAGGTGGGTT,1
TAACGACGTAGCGCCT,3
CTCATTATCGATAACC,8
TCCCACAGTCACGACC,2
CATCCACCATGAGGGT,3
AAATGGAAGAGCACTG,1000
CATCCCACATCTCAAG,1000
GCATTAGGTAACAGTA,1
TTTGTTGCAATAGTAG,2
GGAGAACAGATCACTC,1
TGGAACTTCCAACTGA,1000
CGGGACTAGCTGGAGT,8
GTAGTACCAAGATGGC,3
CTCCCTCAGAGAGCCT,1
AAGACAAAGGAGATAG,2
GACCGTGTCCCTCTTT,7
GATTGGTGTACTTGTG,3
AGGCCACTCATGGTAC,2
ACGTAGTCACTAACCA,5
CACTGGGAGCTGTACT,8
TACCTGCAGGGTCTTT,8
AGCCACGGTATTAAGG,2
CTCAGAAGTTGCTCAA,7
AATTCCTAGTCACGAG,2
CGGAGAAAGCTCCGAC,1000
CAACCTCCACACGCCA,1
GTGAGTTGTGCTGTCG,4
GTTACGATCAGTCAGT,2
CCAATGAGTCGACGCT,1000
AAGTACCCATCGTGCG,7
TTGCGTCAGGCATCTT,3
CAGTGCGAGCACTAGG,5
GACCAATGTGCATCTA,1000
TAGACCACAGTTAGAA,4
ATAGAGACAGCAAGAC,7
ACACTGAAGTAAGGGA,5
ACCGTTCAGTATAACG,7
GAGGGTATCATCTACT,8
GTACAACTCAGCTCTC,3
TTTACGTTCCGTATAG,3
TCTCCGAGTGACTCGC,5
CGAGGAAAGCGAGTCA,6
GATCCCTCAACCTATG,1
GAGCCTGGTCGAATGG,3
TGCTCCAGTAGTGGCA,5
ACCCTTGCATCATCTT,8
AACCACAAGGCCCAAA,1
TGTACAGCACCTCTGT,5
AATAGAGGTGTTAACC,3
GGGTATTCACACCGCA,1
CTATAGGAGAGTCTGG,3
GATCCCTAGTACTGTC,3
TGTGGCGGTGTCGATT,3
CTGCAGGGTCCCTAAA,5
GAAGGGTAGAAGCTGC,7
ACTCCCAAGTTCATCG,7
CACTGTCGTTAAGACA,2
GTGCGTGGTCAGGTAG,6
ATTTCACAGGCAGTCA,8
TCGCTCAGTGTTACTG,7
CTGTCGTAGCTGTTAC,1000
CGGTCAGCACGCAGTC,1
ATCGATGGTTCGTACA,1000
TATTGCTAGCTAGAAT,2
CCACACTCAGCGCGTT,6
TTAGGCAAGTGCTACT,2
AAAGTCCGTCAACATC,6
CCGAACGCAAATCAGA,6
CAAAGAATCGATTGGT,5
CAATACGGTTGGCTAT,4
GGGAAGTGTGAATGAT,2
TTTACGTGTGAAAGTT,3
GCCAACGGTAGACAAT,1000
GTGTGATGTTCTATCT,8
GTCTGTCCACATATGC,4
AGGTTGTTCGCCTAGG,6
GTCATTTTCGTCAGAT,7
TGTACAGAGCAGGCTA,6
GTGGAAGTCGGCTATA,1000
ACTATGGAGAGTCTTC,4
TCCGGGAGTCGTACAT,5
GGTTCTCAGTTCGCAT,3
TTCCTCTCAATGTGGG,8
GAGTTGTGTTCGTGCG,1000
TAGACCAGTCGATTCA,1
AAGTTCGTCTGCGGGT,7
CAAGACTAGACCTTTG,8
GCCGATGCAACAGCCC,2
CTAGGTACAGCGTGCT,6
CGGTCAGGTTAGCTAC,1000
TTTCGATCAAACGGCA,6
CGATGCGAGTGCACCC,5
ACCCTCACATGGAACG,7
TGTAGACGTGGCTGCT,1000
CGGACACCATAAGCGG,5
TCCATCGGTGAATTGA,3
CAGTTCCAGAATTGCA,1000
GTCAGCGAGAGCAGAA,6
ATCACAGAGAAGTATC,7
TGAATCGAGACTCGAG,2
GGATCTATCTACCAGA,2
CAACAACAGTGTACAA,4
CATGCTCCACTGAGGA,1000
CTACCCAAGCAAGGAA,8
AGGATCTCAGCTTTGA,6
CAAGACTTCCCATAAG,1000
GGAGCAATCGACGTCG,1000
CATCGGGGTTTGACAC,1000
TCCACGTTCCACCTCA,2
TAGACCAAGACCAAAT,8
GTCCCATTCAGCTTCC,4
CTGCATCTCTCCGAAA,3
AACAGGGGTGGTTCTA,3
TACACCCGTGGGTATG,2
CATAAGCGTCCTTAAG,2
AACCACACATAATCCG,3
CTAACTTGTCGGTGAA,8
TCCGTGTTCCGATCTC,8
GAATCACAGGGTGGGA,4
ACTACGATCGGACTTA,2
CTACCTGTCGCTAGCG,3
AGAAATGGTACAGGTG,4
ATCCATTCATACATCG,1000
GGTGGCTGTACTGAGG,5
AGTAGCTTCGGAGCAA,6
CACAGGCGTATGTCAC,7
CACAACAGTCATAGTC,2
CACTGTCGTCATGACT,3
TCTCAGCTCAGACAAA,2
ATACCTTTCCCGAGAC,2
ATCGTCCTCCCTCTTT,4
GACCAATTCTAGCAAC,3
ATCCATTAGTCATACC,4
GTTGTCCAGCTCGGCT,8
TGCGATATCCAAGCTA,3
TTCTTCCTCTTCCCAG,3
TAACACGTCCAATGCA,2
TCGTAGACACTTGGGC,2
GACCTTCGTGTTTACG,5
GTCATGAAGACCACGA,7
ATCACTTTCTTCGCTG,7
AGGCTGCTCGCTCTAC,2
TGATTCTGTGCCTAAT,4
GGAATCTCACAATTCG,2
GAGGCCTCAGTATGAA,2
AGAGAGCTCAGTGATC,7
AAAGTCCTCTCAGGCG,4
ACGTCCTGTTGTGCAT,2
TCAATTCTCCACACAA,2
TCTAACTTCCTTTAGT,1000
AGACCCGGTACCGTCG,3
CCTCTAGTCGCACTCT,3
AGACACTCAGCACCCA,5
TATCTGTCACAAATGA,2
TGTCAGAAGGTAATCA,1000
CCCTGATCATACAGCT,2
CGATGGCGTAGGCAGT,6
GCTTGGGAGGTTCATC,1
TGATGCATCCGCAGTG,2
CAACCTCCATGCCGCA,2
TTGGTTTAGCATCAAA,5
ACAGAAACAGGTGAGT,2
CCGTTCACATGCAGCC,1
TGACAGTCAAATCAAG,5
TGTAAGCGTATCAAGA,3
CGTGAATGTACCTAAC,6
GATAGCTCATAGAAAC,4
TTCATTGGTCCACTTC,4
TCATCATTCGGTCAGC,1000
ACTTCCGAGGTCGTCC,6
ATGCGATGTACGATGG,7
GTCATCCCACCGAATT,3
TTTCATGAGGGAGAAT,4
AGCGTCGGTCGTGGAA,3
TCATCCGAGCCGATAG,5
AGACACTTCTTAGCTT,8
GTTCGCTTCGTTCCCA,3
GTTAGTGGTCCACAGC,1000
TGTAAGCTCACTACTT,1
GCCGATGAGTTTGTCG,2
GTCGCGATCTTCCGTG,2
CGCCAGACATTCTGTT,2
TCAATCTGTTGCCATA,4
GACATCATCTACTGAG,5
GTGCAGCTCGCTACGG,7
GGTGGCTCAGCACGAA,7
GCCCAGATCCTTTAGT,1000
CGGGACTGTGCAATGG,8
CTTAGGAGTTGAAGTA,1000
GTTTGGACACCACATA,7
CAATTTCAGTAGAATC,1000
CCTCTCCGTGTTCCTC,1
GTGTGATTCACTCGAA,5
GTCATGAGTACGAGTG,8
TCTACATCACGGGCTT,4
CTGGTCTAGGCTGTAG,5
ATTCGTTGTGAACGGT,7
CATCAAGCAGCTGTGC,7
AACGGGAGTACCAATC,6
AGTGCCGTCATATGGC,7
ACTGTCCGTCTAGATC,7
GCAGGCTGTCCTGTCT,8
GGGATCCCACGCTGCA,1000
CTCGAGGTCCACCTCA,1000
CCTCCTCCATTCACAG,3
TTGTGTTGTTTAGAGA,1
GTCAAGTCAGTGAGCA,7
CACGGGTTCGTGGGAA,7
ACTGCAAGTTTGGCTA,1
CTACAGAGTCTCAGAT,7
CAACCAAAGCAGATAT,7
TCTTTGAGTGGGTTGA,1
TCAAGCAGTTGCTGAT,4
CCGGACATCATTCGTT,2
TGAGCGCGTCAATCTG,6
AGTACCAAGATACAGT,1
CCTAACCAGGTACCTT,6
AGAGCAGAGGTATCTC,2
GTCATTTCAGAGAGGG,3
ATTGTTCGTTCGGCGT,1000
GACCCAGAGACTAAGT,2
CTTCGGTCAAATCAAG,2
CAGGTATAGGTTTACC,5
TCGACGGCATGGCACC,8
GTCATGAGTCGATTAC,7
TCGAACAGTCGAGCTC,5
GCCAGGTCATACCAGT,6
GGATGTTGTCTACATG,8
GAGGGTAGTACGCGTC,2
AACCCAATCCTCTCTT,5
CGGAACCAGAGACAAG,4
TTTGACTCAAGTCCAT,6
TGTAAGCCACGTAGTT,6
AGATCGTAGTTCATCG,1000
CAGTGCGAGCCATGCC,1000
GGTGTCGGTGGCTAGA,8
TCTAACTGTAAGTTGA,6
TGCACGGCAGATTCGT,2
TGGCGTGCAGCAGTCC,7
ACGCACGAGCACTCGC,1000
GTAGAAAGTTCAAGTC,1000
AGCCAATTCTAGAGCT,1000
TTAGGGTTCATTGTGG,2
GAAGAATAGGCATCTT,1000
AGGAATATCAGACCTA,5
TGCTCCAAGGTCCCGT,5
TTTGACTTCCGACGGT,8
TTCTAACTCGGAAACG,7
TGAACGTAGCCAGACA,1000
GTCTAGAAGCAAGGAA,7
TCCTGCAGTCGGCTAC,1
TCAAGTGAGCATTGTC,1000
CGAGTGCCATCATCTT,6
TACCTCGAGGGAGGGT,2
AGAGAGCCACTAGGCC,2
GGATGTTGTGATAGAT,8
AGGATCTTCAATCCAG,8
ATGTCCCAGTGAGTGC,1000
AGACACTTCTCGTCAC,5
TTGGGTAGTTCTCTCG,5
CATCCGTTCGTCTCAC,6
GCTACAATCTGGACTA,1000
GCAGCCAAGTCTCCTC,2
CATGAGTCACGCGGTT,3
ATGCCTCCACACCGAC,4
ATTCGTTTCATACAGC,6
AGCGCCACATTCGATG,4
TATCGCCGTATAGCTC,1
TGTTACTAGACGAAGA,6
GGTGGCTGTACCACGC,5
TTTGGTTGTTCCTACC,2
GACAGCCGTCTCACGG,1000
GAGCTGCTCAGGACAG,4
GAGGCCTTCAAGCTTG,8
CAGCAGCCACAGACGA,4
GTGCACGTCCAGCCTT,5
CCCTGATGTTCGGTCG,1000
TTGAACGGTGACCGAA,3
CCTCCAACATGTTCGA,3
TCATGAGAGCTGACAG,6
TACCCACCACGTACAT,4
ACCTGTCCACCTGCGA,1000
TGGATGTAGGACATCG,4
TTTGACTTCCGGACGT,7
TCAGTTTAGTCTAGCT,4
AGCCAGCTCAACTGAC,5
TGAGCGCAGACCACGA,6
TATACCTTCGGCAGTC,2
TTTGGAGGTTCACCGG,1
TGTAGACAGTTAGTGA,5
ATATCCTGTCACTCTC,2
ACGTAACCAATGCAAA,6
TTCCTCTCAGAATTCC,6
CCCTCTCAGTAGAGTT,4
AATAGAGTCCACGTCT,1
AGCGTCGCACTACAGT,3
AGAGCAGCAACTCCAA,2
TCGTCCAAGGCGACAT,1000
TTATTGCCATCCTTGC,5
AGAACAACACACCAGC,2
GTCAGCGAGAAACTCA,3
GCCCGAAAGACGCTCC,3
ATTCAGGCAACCGCCA,8
GGGTGAAAGGTGCTTT,2
TCGTGCTTCTCGACCT,5
CTAACTTGTGGTCTGC,3
TATTGCTAGCCTGTGC,2
TCATCATAGGTCGCCT,2
GCATGATCACATCATG,5
GACGTTAGTCTCGGAC,3
GTTGAACTCCGGGACT,2
TTCAGGAAGTCCCGAC,6
ACCTGAACAATGGCAG,2
CCACAAACATTGAGGG,4
TCGTGCTGTCTAACGT,3
GTGGGAAAGGACTATA,2
GCGGAAATCCTCACGT,5
CTAGACAGTGAGCAGT,5
TAGGGTTAGCCTGTGC,4
CTCAGTCGTTGAGTCT,4
AGATGCTCACACAGCC,2
CAATGACCAACTCATG,6
ATTTACCTCGCGCTGA,2
GACTTCCTCGTTGCCT,7
CACACAAGTAGCTAAA,1000
GTGGAAGTCTCTAAGG,7
AGGAGGTCAGAGAGGG,2
AGGAATAAGGCCTAAG,8
TTGTGGAGTAAGTTGA,1000
GTCAAACAGTGCCGAA,7
CAGCAATTCATGGTAC,1
CTTCCTTCACCTGCTT,8
CTGTACCCATATGGCT,5
GCCAGCAGTAAGGAGA,3
TCCTTCTGTGTGTGGA,6
TGTTGGAGTGACGCCT,1000
GTTGTGATCTTCGTGC,5
CAGATACAGGGAGGGT,6
CCTCAGTTCAGTGATC,8
AGTGATCCAGTGGCTC,2
TGCTTCGGTGGACTGA,7
GACTCAATCCTTTAGT,7
TCGTGGGGTATGCGGA,7
AGAACCTTCTAGTTCT,7
GTTCCGTCAACCTAAC,5
GCCATTCTCACCTGTC,1000
TCAGTGAGTTTCAGAC,3
GCAGTTAGTATATGGA,6
AACCATGGTCTGATCA,1000
GTTACCCAGCATGTTC,6
GACTTCCCAACACGTT,1000
GCACATAAGCTTTCTT,4
TCATGAGAGTCAGCGA,5
AATCACGGTAGCTGAG,6
CTGCTCACACTGGAAG,4
TGAGACTTCTAACGGT,1000
ACATCGATCCTGTACC,3
TCTATCACAGGCAATG,3
GGGCCATCAATACGAA,2
CGACAGCAGATGTTCC,2
CGAGTGCAGCCATTGT,8
CTATCCGCATCAGCGC,6
TTGCCTGCAAGTTTGC,5
ATTCCTACAGCCTTCT,5
GTCAAACAGATTGACA,3
GACCCAGGTCCCTGAG,7
CTAGACAGTGGCTACC,7
GTGTTAGGTGCCGTAC,5
GGGCGTTGTAACTTCG,4
TCTATACAGGCACGAT,6
GAGATGGGTCTGTGCG,5
AAGGTAAAGTCTGTAC,3
AGGGTTTCACCCTCTA,1000
TCACGGGAGATGAATC,2
GTTACCCAGCTCTGTA,5
CGCAGGTCACCTATCC,2
TCAAGTGGTTGTAGCT,8
GAGTTACCACACGGAA,6
AAGTACCAGAATCTAG,1000
CTGAGCGCAGGCAATG,5
ATAGGCTAGCCTCATA,5
GCCATTCAGACCATGG,4
CATGCAATCTTCCCGA,3
ATGTCTTAGGCTCTAT,1000
AAGACAAGTGAGGAAA,2
CCAAGCGGTACCCGAC,7
AGTAGCTTCCAACTGA,6
CACTGTCTCGCATAGT,7
TGCATGAGTGTCCAAT,8
AGACAAAGTACCAATC,6
GTAGAAACAGCACCCA,5
GACCCTTGTCACTGAT,7
GCACATACACTGAATC,8
TCATGAGAGTGTGTTC,5
GATGGAGCAACAGCCC,7
TCTCCGAAGATGCTGG,7
ATTCCCGAGACGAAGA,1000
ACTTCGCCATGGAACG,2
TTAGGCAAGCCAAGGT,3
CCAAGCGCAAAGTGTA,6
TCATTCAAGCACGGAT,8
ACCGTTCAGATGATTG,2
GGGTGAAGTAAGATTG,8
GTAGAGGCAACTGCTA,6
TCATTCAAGCGACTTT,4
CACACAATCCGTAATG,3
AGCGATTAGCGAGTCA,3
CTGGTCTCAGCATCTA,5
AGTAGTCGTGTCATTG,7
ACATCGATCATGGTAC,1
GTCTTTAAGTACGAGC,5
AGGGTTTTCCAGTGTA,6
GTTGTGATCAGTGCGC,6
CATGCCTTCCGTGACG,8
CCTCACAAGTATGGCG,5
TCTGCCAAGGTTGGTG,5
CTCATCGCAAGAGAGA,1
AGTACCACACCAGCCA,8
ATTTCTGCACGATTCA,3
ATCCGTCAGGTGATAT,7
CCCTGATCAAGCTCTA,1
GGGCCATTCGGCTATA,8
GACTCAAAGGGCAAGG,3
ATAGAGAAGATGAAGG,7
TCGCACTTCGAGAACG,4
TTGTTCACAGACAAGC,2
CTTCGGTCAAATCGGG,1
ATGGGTTGTCATAAAG,3
CCTACGTGTCTCCCTA,5
ACTATGGAGCGTCTCG,6
CTGTGGGGTGTGTTTG,3
CACGTTCTCAAGATAG,1000
GGTGTTAGTACCGCGT,2
TGACTCCCATCGAACT,5
AGGACTTCAGGACAGT,2
ATCGGCGTCAAGGCTT,4
GGTGAAGCATAGCACT,6
CAGCACGGTCCCAAAT,6
AGATGCTGTAGCGTTT,2
GTGCACGCACGTGAGA,1000
GACCTTCCAAGAGATT,3
ACGGTTATCAAGAGTA,1000
TCGCTCAAGTTTCTTC,3
TCTGTCGGTTGGATCT,3
GGACGTCTCTGAGAGG,2
TAAGTCGCAAGACGGT,2
ACTGCAACAAACTCGT,8
CAACAACGTGTTGCCG,1
AGTACCACAGAAATTG,7
CTCTCGATCTCCTACG,6
ATGGATCGTACCCAGC,3
AACTTCTTCCTCACTG,1
ACCGTTCAGGTAGCAC,5
CAATACGGTAACGCGA,7
TGGTAGTAGTCCCGGT,3
ACGGAAGAGGCGAACT,3
TGGGATTGTCGACTGC,8
CTGTCGTCAAGTAGTA,1
TTCGCTGGTGGCCCAT,8
AGGCATTTCCTTGAAG,4
CAGATTGCAGCCATTA,3
TACGCTCTCCTCCACA,7
CTCAACCGTCTCTCTG,1
TTTAGTCTCGAGCACC,8
GAGTGTTCACTTCAGA,7
CGAGAAGAGACATCCT,3
TTTATGCAGACATATG,3
TAAGCGTCATCCAATG,8
TGCATGATCGCCGATG,3
CCTCACAAGTGTTCCA,5
GGGAGTAAGCTAGCCC,8
GATGGAGTCCACGTCT,4
TAGACCAAGTCTGCGC,5
ATATCCTCAGTTGAAA,3
TCCCACATCAGCAGAG,4
AGAAGCGCAGAGCTAG,7
ACAACCACATGCAGCC,3
CGGGTCAAGAAATGGG,5
TGGCGTGAGACTCCGC,7
TTCCACGCATCGGAAG,5
ATGGTTGCAGTAGGAC,2
GCAGTTACACAGAGAC,4
CCTCTAGCACTGCGAC,3
TCAGGTATCGGACGTC,7
ATGAGGGTCGAACGGA,7
TGACAGTTCAGACTGT,4
CTCGAGGGTAGATTAG,7
TGTTACTCATATGAAG,2
GGGTCTGAGGACAAGA,8
TAACACGGTTTACGTG,5
ACTATTCTCATTGTTC,2
CTTCAATAGAAGCTGC,3
GTGGGAAAGCTACTAC,2
AATGACCGTTCGATTG,7
CCACAAACAGTTGAAA,3
TTATTGCGTGATGAAT,1
TCAGCCTAGTGCGCTC,2
TTGCTGCGTCCTCCAT,3
CCACTTGGTCCTACAA,1000
CGTTAGAGTTGGACTT,8
TGCTTCGTCTCTCTAA,6
CGTAATGGTTCTGAGT,1000
GCATTAGAGGATTTAG,6
TCAGTCCGTATTGACC,5
TAACCAGCAAGCTACT,3
AAATGGAGTAAGCGGT,2
CGAGGCTCAGCACGAA,6
CATTGTTTCGAATCCA,3
TCCATCGAGACCAAAT,8
TGCGATAAGACGAAGA,1000
TCGGATATCACGAGGA,7
GTCTAGATCATCGTAG,1
GTCATTTGTCTTGAGT,8
CCCTTAGCATAGTCGT,7
CATCAAGTCGAATCCA,8
GACTATGTCTCATTTG,2
AGAAATGGTGGTAATA,3
TCCGATCCAACGGGTA,7
CCACAAAGTTGCGAAG,3
TCGCTTGGTAAGATCA,5
GTCTTTATCGTTCTAT,1000
CTGAATGCAAATGCTC,5
ATGGTTGGTACAAAGT,1000
TCCACGTGTTGACTGT,6
AACGTCACATCTCAAG,3
TGATTCTCAGGGAGAG,1000
TACAACGAGCATGTTC,5
ACTATTCCAGGCGTTC,1000
ATGGAGGGTTGGATCT,2
TCTACCGTCACATTGG,7
CTGGACGTCAGGTAAA,7
CATTTCACACAGTCCG,1
AAAGGATGTATCACGT,3
TTAGGGTAGAGGTGCT,4
GGTGTTAGTTAACCTG,6
TTCTCTCAGGAGCAAA,7
TATATCCGTTGCGTAT,1000
CTGTGGGTCCGGCAGT,3
ACGTAACGTAGATTGA,7
AGTACTGTCTGTGCAA,3
CTGAATGGTAACTTCG,1000
GGCTGTGTCGGTCGAC,6
ATCACGACACAACATC,8
CTACATTGTACTGACT,5
GAATCGTGTCGTGGTC,1000
CTTACCGTCGCCTAGG,1000
TGATGCAAGGTCGTCC,6
CTCCCAACAGAGTAAT,1
TGATGGTAGCTGGCTC,8
AATGGAAGTTTGATCG,2
TGGGCTGAGATGCTGG,8
ACATTTCTCACCCTCA,6
TAGACCATCAGGAGAC,2
CGATGCGAGCGTTCCG,1
GAGAAATTCCACAGGC,2
AGCTTCCTCTGTCCCA,1
TCTCACGGTAGAGATT,3
TGTTGGAGTCTAACTG,7
CTCATGCCAACAGCTT,1
TATGTTCGTCAGCTTA,8
GAATCACTCGTCCTCA,8
AATCGTGGTAGCCAGA,3
AGTAACCAGCAAGTCG,2
AACGAAAAGGTCCCTG,2
GATCCCTTCTGCCTCA,2
TTTGACTGTTAAGGGC,7
GGAGCAAAGCCACAAG,3
GCATTAGAGCACTGGA,2
AAAGAACTCACTCGAA,1
AATAGAGTCTGTTCAT,7
TACGGTACAACTGCTA,1000
CTCAATTGTCAGACGA,4
TGGGAGAAGGTGTGAC,1000
AAGCGTTTCCCAGGCA,1000
CTCCTTTAGACTGAGC,4
CCTTCAGGTCCAAAGG,5
CTGGCAGTCCTCACGT,2
GCCAGTGCATGCGTGC,5
ATTATCCAGCTCTGTA,7
TCACTCGGTGTTCAGT,1
CATACTTTCGTGGACC,1
GCACGTGAGATGCTTC,1000
TCAGGGCGTACGATTC,4
TGAGGTTAGCAGAAAG,8
ATTCCTAGTGAGATTA,8
CTGCCATAGCCTGTGC,7
GAGTCATAGATTGAGT,1
GGAGGTAGTGAGACGT,1
CAGAGCCAGCTCCGAC,5
CGCGTGATCACTGTTT,5
CTCAATTTCACAGTGT,1000
ACGTAGTTCCGGTAGC,5
ATTCACTTCGTAGCTA,7
TCTCAGCAGTCTGCGC,3
GACGTTACAAAGGCAC,7
GCAGCCAAGCGGACAT,7
CCACTTGGTTTGGCTA,5
GTTACAGCATCTCATT,1
GAGTGAGTCGGAGATG,6
CAGAGCCGTTAATCGC,6
CAAGACTGTGACTGAG,3
GTAGGTTAGGGACACT,8
GATTCTTTCTGGTGCG,3
GGTGGCTGTTCTCCTG,1000
TGATTCTGTCACGTGC,7
GCTGGGTAGTGCTCGC,6
CGGCAGTAGTCTCTGA,8
ATTCCCGAGGTACAGC,3
GAGGCAATCAACACCA,1000
GATGTTGCAGCAGGAT,4
GCAGCCAGTACGGTTT,8
ACGTAGTGTGACCGTC,7
GTAAGTCAGGACGCTA,8
AATGAAGGTTCCTACC,5
GGCTGTGGTACCTTCC,7
CAACAGTAGCCGAACA,1000
TGGGATTGTACTGCGC,6
GCCATTCGTATACGGG,7
TCTCAGCGTTCCCACT,1
CTGCTCACACACGGTC,6
ATGGGTTGTACCAGAG,3
GTTACCCGTAACACGG,5
AGGGCTCGTGCCGGTT,3
ATCAGGTTCCTTCGAC,5
TCCTCTTAGCTTGTTG,3
CATTCCGTCAACCTCC,5
AAAGGATAGAGCTGAC,2
CGTGATATCAGGAGAC,3
CATTTCAGTCCAGGTC,7
CCACACTAGGTACTGG,7
GTCGTAATCCCATGGG,1000
TCTATACAGAGAATCT,7
TGGTAGTGTTGTGTAC,1000
TCGAACATCCGATAAC,8
ACCCTTGTCTAAGGAA,1000
CGCGTGATCCTATGGA,8
AAGCGAGCATCGATGT,7
GTGAGCCTCAGGTAAA,2
TATCCTAAGGCTATCT,7
AGAGAATAGCATCCTA,4
TGGTACACATGAGATA,8
CATCCACGTGGTCAAG,1000
CTGCCTAAGACGTCGA,4
TGTAACGGTTCCTAAG,3
ACGGAAGAGGCACTAG,6
GGAGATGAGGTAACTA,7
TGCGGGTAGGAATGTT,7
CCACGTTGTACTGCGC,1
GTGGAAGCATATGGCT,3
TCCTCGATCTCATTAC,3
TGTTTGTAGCGGACAT,6
CTACGGGTCACTTGGA,2
GGACGTCGTGTCTTGA,3
CATACCCCACGCGTCA,5
AGGACTTAGGTTGAGC,6
ATTACCTCATGACTAC,3
TATTGCTTCATAGAGA,1
AGGAGGTTCGCTACGG,1
ACGGGTCTCTCTATGT,8
GACCTTCTCTGAGCAT,2
GAAGTAAGTCCGGACT,6
ACAACCAAGGGCAATC,1000
TGTTCCGAGGTAAACT,7
GAGGGTACACACCAGC,2
TTCCTAATCTAAGCGT,4
CGCAGGTGTCCAAAGG,2
GTCAAACCATCAACCA,1000
AACCTTTGTCGTCGGT,3
AGCCACGGTTTACTGG,7
CATACCCTCGAGTGGA,1000
AGGATAACAGCAGATG,4
TAGCACACAAATGATG,3
TACCTGCGTGGACTGA,3
CGAATTGAGGTGGTTG,5
CATTCATTCGGAATTC,7
CTCAGTCGTTAACCTG,1
CCTTCAGTCATAGGCT,6
ATTCAGGTCAGCTTCC,3
GTCCACTTCTCTTCAA,2
ATTATCCAGAGTACCG,6
CTTAGGACAATCCTAG,4
AATGACCAGAAGCCTG,2
AGCCAATGTACAGGTG,2
ACCTGTCCAAACTAGA,8
AGGTCATCAGAGACTG,4
CCGTGAGGTCGTCATA,1000
CAATCGACAGAATTCC,5
TTGACCCTCGTAGTCA,8
TACGGTATCACAAGGG,4
GGGTATTCAAGACAAT,7
GCCGTGACATACAGGG,2
ATTCCATAGGGTTAAT,1000
TCGCACTCAGATAAAC,1000
AGAAGTACAGCACCCA,6
TTTCCTCGTAAGATAC,7
ATCCTATTCTATACTC,4
TCCCAGTTCTACGGTA,4
TCATTTGAGGGTACAC,2
CGTAAGTTCGTGACTA,2
AGATGAACATCCGGCA,7
TCTGTCGCAGCCTATA,1000
ATTCCCGCAAGTGGAC,2
TACAACGGTTGTGCCG,5
CTCATTAAGGTGGGTT,3
TCGATTTGTTCCGTTC,6
AACCCAAAGTGCACAG,1
AGGGAGTGTCGTTATG,6
AAGGTAACACACAGAG,3
GTGATGTAGTCCTGCG,4
ATTTCACCAGTAACAA,8
ATCGTGAGTTGACTAC,2
TGAGACTAGTCATCGT,8
CAGATACCATAGGTTC,8
GTTCTATTCCGATTAG,4
TGCTCCACACCATAAC,3
GTTATGGCAAATTGGA,5
CATCAAGAGTGTTGAA,5
GGCGTCACATGCCGCA,2
TCGGGACCAAAGCGTG,1000
ACAGCCGTCTACGCAA,7
CTTGATTTCTGGACCG,1000
GTAGGTTAGTATTAGG,5
GCGAGAATCTACGCAA,1000
AGACCATTCTCGTTTA,7
TCATTTGCAGTAACGG,5
AGCTCAACAACGTAAA,2
TAGGTTGAGGCACCAA,2
AAACCCACAGGACGAT,4
TTTGGAGTCTCATTGT,8
ACCACAAAGTAAACAC,1000
CTACATTGTATGGTAA,3
AACGAAACAGGCGAAT,6
GCTTGGGGTATCGCGC,3
CGGGCATGTGGAACCA,4
TTACGCCCAGGTACGA,3
AAATGGACAGCAGTGA,6
TGATGGTCATCTTCGC,1
AGGGTTTGTAGGGTAC,4
ATTCAGGCAGAGGCTA,1000
TGTCCCATCCAGCACG,5
GTTGCGGGTCAGTCCG,1
ACTGATGGTTCTTAGG,4
AAACGCTTCCGCAACG,7
TCATGAGAGTTCCAGT,1
CCTGTTGGTCCCTAAA,1000
ATTCCCGCATGAGTAA,1
TTGGTTTTCTCCATAT,1000
CACCGTTGTAACGATA,5
CGTGATACAAAGGCAC,2
AGGTTACAGGACGCAT,2
CCACTTGTCAACTACG,1000
TAGTGCATCGACATTG,3
GTGGTTAAGTATCTGC,3
AGCTTCCGTTGACTGT,8
TATCAGGTCTCCGATC,5
AAGATAGCAAATTAGG,2
AACAAGAGTAGCGCTC,3
GTTAGACAGGTGATAT,3
CAGTGCGCAGGTTTAC,3
AGACCATCAGAAGCTG,5
TTATTGCCACGTCGTG,4
AAGCGTTGTGCGAGTA,2
TTGTGTTAGCTGTCCG,5
AAAGAACCAAGCTGCC,3
CTCAACCAGCCATTCA,5
TCGGGTGAGCTGTCCG,1
ATACCGAGTTCTTAGG,1000
GCGTTTCCATCGATGT,3
CACCAAATCCGTATAG,7
AGGGCTCCAGTCTTCC,5
CTGGTCTGTGAATGTA,6
TTGCATTCAGGCTCTG,1
GAACACTGTATCGCTA,6
AAGCATCCAGTGCGCT,1
TCAATCTTCGGCATAT,7
TGTAACGCAAGGAGTC,1000
AACGGGAGTGGTCTCG,7
GATCACATCTCCTGTG,2
GACCGTGGTTACCCTC,2
GAACACTAGTCATCGT,2
TTCCGTGAGGTAAGGA,2
TGAACGTAGAGCCTGA,3
CTGAGCGAGTGCTCAT,1000
TGTTACTGTACCCACG,2
ATGGATCAGGCTTAAA,3
TCGATTTCATGACAAA,1000
TGCTTCGGTACAACGG,1
ATTCATCAGTTATGGA,4
CAGTTCCTCGCGTGCA,8
TTGCTGCGTCGTTGGC,5
TACACCCTCTGTTCAT,1
TGTCCTGGTTTACCAG,1000
TCAGGGCTCAACTGGT,4
CTATCTAAGAGAGCCT,5
TCGGGCACAATTAGGA,2
AGCCAATAGCTGAGTG,5
TCGGGCATCTGACAGT,5
CCACCATCACGTATAC,8
GTAAGTCCAAAGGGCT,1000
TCGCTTGGTACGACAG,3
AATTCCTAGCAGATAT,7
TAAGCACTCCAGCAAT,7
CTGAATGTCGGAATGG,6
TGAGCGCTCAGAGTGG,1000
CATTCATCATAATGAG,3
CTTCCTTTCCACTTCG,6
ATTATCCTCAACTTTC,5
GTCAAGTAGTGCTACT,1000
TATCCTACAATTGAGA,1000
AAAGGATCACATGAAA,1000
CGCCAGAAGTAAGCAT,1
CAGCAATGTTCCTAGA,1
TCACACCCATCCGCGA,8
CAAAGAATCCAAGCAT,6
CTCAACCTCTTAGCCC,1000
CTTCCGATCCCGGTAG,2
GGAGCAAAGAGGATGA,5
GAGGGATGTTGCCATA,2
GAGAAATCACTATGTG,3
GTGATGTGTTAAGAAC,4
TTCGATTTCTCCTGTG,3
CTCAAGATCTGTCTCG,8
TGCTCCAAGACGTCCC,2
CATCCGTCAAGTGGCA,5
AGTTCCCGTGGCACTC,4
GACGTTACATCCGGTG,4
GAGGGTAAGAGGGTCT,2
TAAGCCAGTGGAACCA,1000
CTTCTCTGTGGCCCAT,6
TTCCGTGTCCACTTCG,2
GAGAAATGTACTCGAT,8
CCCTTAGTCCTACGAA,3
AACCTGACACATATCG,8
CCGAACGTCTCCCTAG,5
ATTACCTAGTACGTCT,1000
CAGCCAGCAAATGATG,4
TCTTCCTCAAACTCGT,1
TAGACCACACCAGTAT,2
ATGGGAGTCGAACGCC,2
CTTTCAAAGAACTGAT,3
GCCAGGTTCGGCTGTG,3
ACTATGGCAAGCTGCC,5
CCTCCTCGTTAGGAGC,1000
AACCTTTAGCTTCTAG,8
AGGGCCTGTCCTCCTA,4
AGTACCACAGCGCTTG,6
ATTACTCTCCCTGGTT,5
TGGGCGTCAAGTGATA,6
TCCTAATCACCCAACG,6
AGGTGTTAGCTAGCCC,4
TGTAGACGTTCTCGTC,2
TCGGTCTTCGGTAGGA,5
AAGTTCGTCCTCAGAA,8
TCCCACACATGGCACC,3
TCGGGCATCGCACGAC,7
ACTATCTGTTATCTGG,4
CGATCGGTCTTGTTAC,1
CATCCACGTCATAACC,3
CATGGATTCTACGCAA,2
CGTAAGTGTTCCGCAG,1
ACTGTCCCATCCGAAT,8
TTTCCTCGTAGATGTA,5
AAGGTAACAGCTACAT,8
AGTGCCGCATACCGTA,1
ATCGTGACAACCGCCA,3
AGGTCTAGTACCGTCG,1000
GAAACCTGTCGGCCTA,4
AGGTAGGGTCATCGCG,4
GGTGATTTCGTACACA,3
GTTACAGTCGAGAACG,6
TTGTGTTAGAGCGACT,5
TCGGATACAGGCCTGT,1000
AACCACATCCGATTAG,3
TGGATCAGTGGATGAC,7
AGCATCACACCCTATC,7
AGACCATTCGCTGACG,1000
TCACAAGCATCAGCTA,3
TGCAGGCTCCCAAGCG,4
CCGCAAGAGTGTTGAA,2
GTCAAACGTTTCCCAC,4
GGAATGGTCACGAACT,1
TGTGCGGGTATACCCA,5
AGGATCTAGGCGTCCT,6
CTCATTACAAGAGTGC,4
CTACATTGTCTTGGTA,1000
CAGGGCTCACAGTACT,4
TTACAGGTCTGAGGTT,8
GGGTGTCAGATGCAGC,3
TTCCGTGCAATTGGTC,6
ACACAGTTCATTGTGG,2
AGACCCGAGATGGTCG,3
TAGACTGAGACATGCG,7
AGCGCTGAGTTGGAGC,4
GTCTGTCAGCGAACTG,5
GATTTCTTCACGTCCT,2
ACATGCAAGCTACTAC,8
CATTCATGTAACAAGT,3
GACATCATCATCTGTT,7
GAGGCCTAGAGGGCGA,7
ATTACTCTCTCTCAAT,2
ATACCGAGTTTCTTAC,2
CATAAGCTCCGCACGA,3
TCATTGTCAGGGTCTC,4
TTGTTTGAGGACACTG,6
GAGTCTATCTCCGAGG,3
GAGTTACAGAGCAGAA,1
CCGATGGGTTCTGAGT,4
CATTGAGGTACCGCGT,4
TTACGTTCAAATTAGG,5
CTAACTTTCCGGCAGT,5
GACAGCCAGCTCGTGC,3
CTGGCAGGTACATTGC,2
ATCCACCTCATTCTTG,4
GGATCTAAGGTGCATG,3
ATCGCCTTCTGATGGT,7
CTACCCACACCATTCC,7
ATCCCTGGTGTCTTGA,3
ACCTACCGTGCATGAG,5
CGTCCATTCGCCTTTG,5
CAGATCACAGTGACCC,1
GGCAGTCGTCATGCAT,8
GTCGTTCGTGTTACTG,8
TGATTTCGTCGATTTG,2
GTCAGCGAGTGGAAGA,3
AAGCATCTCACAGTGT,1
TCTACCGGTTTCGATG,1000
TAGGTTGAGGGACTGT,2
ATCCACCCACTTCAGA,3
CGAGTGCAGGTGATAT,5
CTCAGGGGTACGATCT,4
TGTTGAGCAGAGAAAG,7
CGCGTGAAGAGATGCC,8
CACGTGGCATTCCTCG,3
AACCCAAAGCACGTCC,1
TGTTACTGTGTCCGTG,8
GAGGGATCAGTGAGCA,3
CAAGACTCATTGGGAG,8
TTCATGTTCAAGAATG,7
GTAAGTCCAGAGTCAG,6
AAACGCTAGGAGGCAG,8
CTATCCGCATCGCTGG,4
AAAGGATCAGCACAAG,8
AACCATGCATAGGTTC,5
CAACCAAGTTGGGAAC,2
CCTACGTCAACGCCCA,3
TGGGCGTGTGCAGTGA,8
CAAGAGGCACAAATGA,1
TGAGGTTTCTAGCCAA,7
TCTCAGCAGGGATGTC,2
CAGGTATAGTCCCGGT,2
GAGTTACTCTGCGGGT,2
TTGACCCGTTTCGCTC,7
AATTTCCGTCGTGATT,4
AAATGGACATGTGACT,7
TAACTTCGTAGACACG,8
ATCGTCCAGATAACGT,7
TAGTGCAGTTCTCTCG,1
CTCTCAGCAAGCGATG,1000
TGTGATGAGGACAGTC,2
ATCGTAGTCGGCTTCT,5
GTCACGGTCCGCCTAT,1000
GTCACTCTCATTACGG,6
GTCTAGACACATCCCT,1
GGCACGTGTTTCGATG,2
CAAGGGACAAATCAGA,1000
GAATCACCATGGGATG,2
TCACTCGAGCTCCACG,5
CCCTGATAGGAGAATG,3
TGTAAGCAGCCTCGTG,7
AAAGTCCGTTGAGTCT,5
TCGCACTCACCAGCCA,2
CCCATTGAGTGGATTA,8
AGCGTATTCGAGATGG,6
GACTATGTCGTCGACG,4
TAACTTCCAGTCTTCC,7
CTTCCGAAGTGAGGCT,7
ACTTTGTAGACCGCCT,8
CCACGAGTCAGTCTTT,7
GACTCTCCACATGAAA,5
CTACATTAGCATTTCG,3
TACTTCACAGGTCCCA,7
CTGCCATAGAAGCTGC,4
TTCCAATCACTAGTAC,2
ACCCTCAAGATGAAGG,6
CTGCTCAAGTCTGGTT,2
AGTAGCTGTGACAGCA,5
GTTCATTCAGACATCT,7
ACTTTGTCAGAGATTA,4
ATGAGGGTCACTCCGT,1
GTGCAGCTCGAGAGCA,4
CCCTTAGTCGCATAGT,5
CAACGATCACGAGGAT,3
CCCTCTCTCCTGGCTT,8
AATGCCAGTGCGAGTA,1
CATTGTTTCTGGGTCG,3
CGTGCTTGTCTTAGTG,3
CGGCAGTGTTACAGCT,5
TCACAAGTCGAACGCC,4
CTCAACCTCACTCTTA,6
CACAACATCTTCTGGC,1000
CTAACCCTCGGACTTA,8
TTGCATTAGTCACACT,2
TACCTCGCACTAGTAC,2
GCAGCTGGTATAATGG,7
GTCAAGTCACAGTCAT,3
CACACAACAAGGTTGG,7
CCGTTCACATGACTCA,3
GCACTAAGTGCTTATG,1000
ATTATCCAGTCCGCCA,8
CTGCGAGAGGTAAGGA,5
GACTGATTCCAGTACA,7
TACGCTCCACGCAGTC,7
AGTCAACTCTTTGCAT,3
ATCCTATCACGGGTAA,3
CCCTTAGCATACTGAC,3
CCTTCAGTCCCTGTTG,1000
GATCGTAGTCCGGACT,2
GAACTGTGTGCGTTTA,5
TGTACAGTCGTTATCT,5
TCCCATGGTCCCGCAA,3
GATCACAAGAAGTCCG,7
TAACCAGAGCGTCTCG,3
ATCTTCACAGGTAGTG,1000
TGTTTGTAGATCCGAG,1
GCACGGTAGAGATCGC,1000
CTCAATTGTGTATACC,7
TACTTCAGTTTCGTAG,8
AGGCTGCAGTGGCCTC,1000
CATCGCTCAAGAGGCT,3
TTTACGTAGATTCGCT,8
ATTTCACAGGATACAT,6
TGAGCATGTGTTCCTC,3
TCATGCCAGCCTATTG,3
CGCGTGAAGTTGCGAG,2
AGAAATGGTCAAAGAT,4
TCGTGGGAGTTAGAAC,5
ATGCATGGTGTTCAGT,8
GGTGGCTCAACCACGC,6
ATAGAGACAACGCCCA,3
GATGACTTCATCACTT,5
TTACCATCACCAGCCA,8
GGGCCATTCCGCGGAT,7
CGCGTGAGTACTCGCG,2
GATCATGAGGAACTAT,8
GTCGTAAAGTGGACGT,5
CTCATGCAGGAAAGGT,5
TACGGGCTCTCTAAGG,4
GATCGTACACGACGCT,3
TGAGGGACAACGACTT,3
GTCTTTATCAGCGGAA,8
AGAGCCCGTGCCTTCT,6
CAAGGGAGTAATTGGA,6
AAAGGGCGTAGCGTCC,3
CATTCTACATCCAATG,5
GCTTTCGGTACAGCGA,1000
CTATAGGAGTCATGGG,4
GCCAGTGAGTCCCGAC,5
TGACTCCAGCACGATG,5
CTTCCGAAGACTTAAG,2
ATCCATTTCTCCGTGT,5
CTGAGCGTCTGTCGCT,2
CATACTTCATCCTATT,1000
TGTTTGTTCCAGGACC,1000
CGTGTCTAGACGTCGA,5
GACTTCCGTCGTGGTC,1
CCTCACATCACTAGCA,7
GTTGTCCGTATTGAGA,7
GGGATCCGTCAGGTAG,2
GTGTTCCTCGACCAAT,6
ACCCTCACATCGTGGC,8
AGGACTTGTTGTTGAC,8
GTGACGCAGTGCACCC,2
GCACGTGAGCATAGGC,1000
CGAGGAACACTAGGTT,8
AAACGCTCAGCTCGGT,2
CCACGTTAGCGGACAT,6
ACCTGTCTCTCTCCGA,4
CTCACTGAGAACTGAT,1
TCCTCTTAGCAGCAGT,5
CTACCCATCGTGGAAG,7
GTCATGACAAGACTGG,1
CTGTGAACAGTTTCAG,8
CATCGGGAGCGACCCT,3
TGGATGTCAGTCTACA,5
ACTGTCCTCGGTAAGG,6
TGACCCTGTGAACGGT,5
TGTGTGACACGGAAGT,6
AGTTCCCCAACTTGGT,7
ATCGGATCACTTGGCG,1000
CGGGTGTCACCTTCCA,1000
TCGTCCACAGTTTCAG,5
GCTACAAGTTCCGCGA,1000
AGCGATTGTATGGAAT,1000
TTTCCTCTCCGACATA,4
AGAAGCGGTAATCAAG,3
TCGTAGAGTTGTACGT,3
CGTTCTGTCCCGAACG,2
CACACAACAAATGCTC,6
CTGCGAGGTCTCAAGT,3
GGGTCTGAGCCACTCG,3
CGCATAAAGTGCCTCG,3
CTCCAACGTCCGGTGT,5
ACTGTGAGTACTGGGA,1000
TGGAACTCACTGGAAG,5
AATCACGTCTGAACGT,1000
TTCGATTTCGGTTCAA,3
AACCAACTCCTAGAGT,4
TAATTCCAGTCCGCCA,1
ACGGGTCTCGAACCAT,5
CATTCTAGTCATAGTC,6
ACACCAAAGCGATGCA,5
TGTAGACGTAACACCT,5
TCATTACAGCTGAAAT,8
TCATGTTGTTGGGTAG,2
ACAACCATCCGTGTCT,2
TCTCAGCCAGGGTTGA,8
TTCTCTCAGAATAGTC,7
ACTATCTTCTCTCGCA,1000
CGCAGGTAGTGAATAC,2
GCATCGGCAAGCAGGT,1000
TCCCATGTCCCTCGAT,1000
TTCCTTCAGACATAGT,6
TCGATTTAGGTATTGA,1000
TTGCGTCGTTGGGCCT,1000
GAGGGTAGTGGAGAAA,8
GAACTGTGTCCGTACG,1000
CCATCACCAGAGTCAG,8
GTGCAGCCAATTCTTC,5
TCATGAGCAGTTAGAA,5
GTTACCCGTAGGCAGT,1000
CACATGAGTAAGCAAT,1000
GCGTGCATCATGAGTC,5
AGTAGCTCATGCCGCA,5
TGGCGTGTCAGAATAG,7
AGAACAATCCCAAGCG,1000
CCCTGATGTAGGTAGC,1
CTTCTCTCATCCAATG,1000
AACAAAGTCAGAGCGA,1000
CCTCCAAAGGTCGTAG,8
CGAGAAGAGTGGCCTC,5
AGGGAGTTCGAACTCA,8
TAGACCACACTTCATT,6
TCTCAGCGTAACGTTC,4
GGAGGATCAAGACCGA,8
TGTGCGGGTACTGACT,7
ACCCTTGAGAGCCGAT,5
TCGGGTGGTTCACGAT,1000
CAGCAATTCGACATCA,5
GGAATGGCAAATGAAC,1000
CAGATCATCTGAGATC,5
GTGGTTACACATTCGA,3
TCCAGAATCCTACCGT,2
GATCATGAGCACACAG,7
TACCTCGCACAATGAA,8
GCTACCTTCCTGGTCT,6
TGTGGCGCAGGGAATC,2
GTTACAGGTCTTCATT,7
GAGGCCTGTGTGAGCA,4
ATGCCTCCAACATCGT,7
CCGATGGAGACCGCCT,1
TGGTAGTTCGACGATT,8
CAGGTATAGCCAGTAG,5
CGTTGGGAGCCGATCC,7
TTTATGCTCCTTCAGC,3
GTGAGTTAGAGGGTGG,8
ATCCCTGTCGAGTACT,3
ATTTCTGAGCCTGGAA,1
CGTAGTACAACAAGAT,3
GAGCTGCAGCTTAAGA,3
TACAACGCACGACAGA,6
GTGGAGACAATAGTAG,8
ACTTTGTTCAGCGCAC,1000
CTGCCTACATTGACCA,6
CAGCAGCTCCTTACCG,3
ATTTACCTCAGCGTCG,1
TGATGGTCAAGCGAGT,1000
TTACCATAGAGACAAG,2
CATCCACAGGGCAACT,3
CTGAGGCGTCTGTCAA,2
TCCACGTCAGCTGAAG,2
ACCATTTTCATACGAC,8
GAAGAATCATCCGTTC,2
CTCCCTCAGGTCCAGA,7
GCATGATTCCAGCCTT,4
TTGGGATAGGTTGACG,7
AATCGACCAGCTATTG,4
TCTACATAGGTTGTTC,7
GGGTATTCAACTACGT,3
TCAGTCCTCATCCCGT,1000
CCCATTGTCCAGGACC,7
CTTCAATAGCGTTGTT,8
CGAAGTTAGTGGCAGT,6
ACTACGATCGACGTCG,2
CCACGAGTCGCTCATC,1000
GTCACTCCAAGTGGCA,1000
AAAGAACCAACCGACC,8
CTCCCTCAGGAGTATT,1
TGACTCCTCTGAGATC,8
TGCTCGTAGAGAGTGA,5
GATGACTGTAGACACG,3
TAGCACACACCTAAAC,3
ACTGCAACAGAACTCT,1000
GCAGCCATCGAGTCCG,5
ATCACTTCATCCGTTC,5
TCTTGCGAGCGGTAAC,4
AAAGGATTCGATACGT,7
GGGTCACGTTGTGTTG,4
CCAATGACATTAGGCT,1000
CTCAAGAAGATGAACT,8
GTCGTTCGTCGACTGC,3
GGGTAGATCCATTGCC,7
GAAGCGAGTCCAGTTA,3
CTGCTCAAGGAATTAC,5
TACCTGCAGCATCAGG,5
GAGTGAGGTGGGTATG,1000
GGGTGAATCCGATAGT,4
TGACCCTGTCGTCTCT,7
TATCGCCGTTCGTTCC,3
GGAACCCAGGGCAAGG,6
TCTACCGCACACCTAA,5
ATGCGATCACCCTAGG,5
CGTAGTACAAGAGGTC,2
AATAGAGGTATTCCGA,3
CTCCCTCGTAATCAGA,8
GTTCGCTAGAGCAGAA,5
TCCTTCTAGTGACACG,6
ACTATCTCACCCTCTA,2
CACTGAATCACCCATC,8
TGTACAGAGAGAGGGC,8
AGAACCTTCTTCTTCC,2
TCGTAGACAGGAGGTT,5
GTTAGACAGGTTGAGC,6
GACTGATTCGTCAAAC,3
AGTCATGGTAAGGTCG,7
TACGGGCAGCATTGAA,2
TTGCCTGGTTGCATTG,2
ATACCTTCAGGCGAAT,6
ACGTAACAGCCTTCTC,3
GTTGCTCGTTTGGGTT,6
GACAGCCTCGAACCAT,7
ACTTTGTTCATAGACC,8
TGTGTGATCACTGTCC,6
TCGAACAGTATCCTCC,4
GACCCTTTCCCGAAAT,3
TATCTTGTCCACGGGT,2
GAGTGAGCAGCAGAAC,6
AGTAGTCAGGCTCAAG,3
CTGTACCTCTGCCTCA,3
ATTCACTAGCTAGCCC,5
CACAACATCCATCGTC,2
CCCATTGCAAGTATAG,5
TTACGTTAGACCAGAC,5
CGATCGGTCAGACATC,7
TAACACGAGTTGAAGT,7
GTGTTAGGTAACACGG,7
TGTTTGTCACAGCGCT,6
CTCAAGAAGTACTCGT,1000
CTGGTCTTCATTACCT,2
ATGAAAGTCACTCTTA,7
CATGCCTCACGTCGGT,2
TCCATCGGTACTGTTG,3
ACACCAAAGAAGAGCA,7
CCTCAGTAGTAGTGCG,1000
GTGCACGTCGAGCTGC,2
TTTACTGAGGCGCTTC,1
ATCCATTAGTACAGCG,4
TAAGTCGGTGTTATCG,7
ACGGGTCTCAGGTAAA,5
ACCTACCGTCACAGAG,5
ACATCCCGTTAGCGGA,2
GCAACCGTCAGCCTTC,4
GTCGTTCTCAGTGTTG,4
TTGGGATGTGTAACGG,1000
GTCATTTGTCCCTGAG,3
TATCGCCAGAAGCGAA,5
GACACGCAGATTTGCC,7
TCCGATCCATATCTCT,5
TACTGCCGTCCACATA,7
AGTTAGCTCGAGTACT,3
CTCACTGCAGCATTGT,6
CATACAGTCTAGTACG,2
GGTGAAGTCGCATGAT,1000
ATGGAGGGTGTTCATG,7
CATCGTCGTTTGTTGG,8
CAGGCCACATCGCTAA,3
ACTATCTTCGTTACCC,1000
CATTCTATCCGATCTC,5
TTCCGTGGTACTAACC,7
GTGAGGAGTCTTGCTC,7
CATTGAGGTACTAACC,3
TTCTTCCTCCAATGCA,1
GGGACAACATCGGCCA,2
AACAAAGAGGTCATAA,5
ACTTCGCCATCTATCT,5
TGTGGCGGTGGCTGAA,5
CGTGCTTAGCTCCACG,6
ACCAAACTCAAGAGGC,5
GCTGAATGTACCCACG,3
TCATGTTGTCAGACTT,5
AAAGAACAGCGTTAGG,7
CGTCAAACACAGTATC,2
GTGGAAGTCCGAAATC,3
AGCGTCGCAAGTGCAG,4
AGATCCATCCGACGGT,3
GACCCTTGTTGCCTAA,3
AAAGTCCTCTCTATGT,5
GTCCACTTCAAGTCGT,1000
CGGACACGTAAGGCTG,1
CAATGACTCAGGACAG,1000
TCCGGGATCATTCCTA,1000
AAGTCGTGTGTCCACG,4
GATAGAACACATCATG,8
GTCTCACGTCATGGCC,8
TGGTAGTAGTGGTTCT,1000
GTGAGGATCTCGGGAC,6
ATGGGTTCAACGCCCA,5
GCCCGAAGTCACCGCA,6
TGAATGCTCATACAGC,2
GCGTGCACATGACACT,7
TGTTACTCAGTTGAAA,1
TCATGGAGTGAACCGA,1
AGACACTAGCTGTGCC,5
CTCCGATAGAAATTCG,1
AGACAAAAGCGAATGC,7
ACTTATCGTGCCGAAA,3
GATGATCAGGTACATA,4
TGACTCCCAACGACTT,1
AAGTCGTAGCTGACTT,3
AGCTTCCTCTGTCAGA,7
AGGGTCCTCGACACTA,1000
GATGACTTCCATTGCC,5
AAACCCACATCCTAAG,4
CCGGACACATGGGTCC,2
AACACACCAATGGCAG,7
TCGCAGGTCGCATAGT,2
ATCGTGAAGTGGTCAG,6
TCATTGTAGAACGTGC,1
TGGAACTGTCAGTCCG,6
AGGGAGTCATAGGAGC,2
CATGCGGTCTCATTAC,5
GTCGTAATCGACGCTG,1000
TTTACTGTCACATCAG,7
AGGGAGTTCGCCATAA,4
CACAACAGTGTCCTAA,6
CTGTGAATCATAGAGA,1
TACCCGTCACGTATAC,5
TGATCAGCATAAGATG,3
TGCATGATCTAACACG,5
TGATTCTCACAGTACT,8
TAGGTACGTCGAGATG,5
GGTGTCGAGACGGATC,2
CATGCCTCAACGATTC,6
GTGAGGAAGGCGACAT,7
GAGAGGTTCCTTCACG,1000
GGAGGATAGGTACATA,1000
GCGATCGAGTAGGATT,4
CTTTCAAAGCTCTTCC,1
ACCCAAATCGCCTAGG,7
AATGAAGAGGGCCCTT,3
TCTTGCGAGCAGCGAT,2
GTTGAACTCCACGTCT,2
ACGATCATCCGTGACG,1000
GACGCTGTCGACATTG,4
GAGTCTAGTCCCAAAT,5
TCACACCTCAATCAGC,4
TTGATGGCATGGCCAC,5
GATGATCCATGTACGT,2
CTGATCCAGCACCTGC,3
AAGCGTTGTGATTCAC,7
TTCCTCTAGCTACTAC,7
CATTCCGGTGAGACCA,8
GAATCACTCGGATTAC,7
GAGAGGTGTCCTCCAT,1000
GGGTGTCCACAATGTC,3
TTAGTCTGTTAGGGAC,1000
GTCGTAATCAGCCCAG,6
GTTCATTCAAAGGGTC,2
TTAATCCCAAACCATC,6
TCCTTCTTCTGTAAGC,2
AAGCATCGTCAAGCCC,1000
CTGCCTATCCCGAGGT,3
TAACACGTCGGTCGAC,2
GTCGAATCACCCAAGC,3
CTCACTGCACATGGTT,4
TCTCAGCCAATACGAA,1000
CCGGACAGTTCTCGCT,3
GTGGTTAGTTATCCAG,1000
TCGGATATCTTCACGC,4
TGCCGAGAGACCGTTT,1000
CATGGTATCCTTCTTC,1000
GCAACCGCAATCGAAA,8
AGCGCTGGTAGTATAG,5
AGAAGCGAGGCTATCT,6
ACTGATGCACCTGCTT,4
TCGCTCAGTGAGACCA,6
AGCTACAGTGATAGTA,7
ACCGTTCAGAATTCAG,6
CATCCACTCCGAGATT,1
TTAGGGTCAGATTAAG,1000
TTAATCCTCCTTACCG,7
GGGACTCTCCATCCGT,4
CAGAGCCCAAGTCGTT,1
GAAGCGATCGGAGCAA,3
CTGCGAGAGGTCCCTG,5
GGGCTCAAGCCGCTTG,8
ATCCTATGTACTCGCG,4
ACTCCCAGTACAGAAT,3
TCATTCATCAGTCCGG,2
GGGACCTCAAGCACAG,1000
AATGACCCAGAACTCT,5
TTCCTTCGTTGTACGT,6
AAGAACACATAGCACT,5
GGCTGTGCAACGTATC,6
GTTCTATGTACGATCT,1000
TTGCCTGTCAACTGAC,7
GGGAGATGTCGTCTCT,8
CACAACAAGATACTGA,7
CTCCCTCCATACCGTA,4
CCCTCAATCACCATCC,7
GGGAAGTCAGACTCTA,3
TGTTCATCACATGAAA,5
CTCATTAAGATTGAGT,1000
ACTTCGCTCGCTCCTA,4
TGAGACTCATGGTACT,7
GCCATGGAGTGGATAT,3
GAACACTGTCACTAGT,5
AGGACTTTCGAGTCTA,7
CGAAGTTTCATGCAGT,1000
TTGTGGAGTTACTCAG,1
TCCAGAAAGAACCCGA,7
CCGTTCAGTTAGAAGT,1000
ATGAGGGAGACAGCGT,4
CTCCACATCCCGAGGT,7
ACCTGAAAGTGGATTA,4
CCTTTGGCAACTGATC,3
AAATGGAGTGAGGATC,3
TGTCCCAAGATTCGAA,7
ACCACAATCTGGGCGT,6
TACGGGCTCCTCTAGC,1000
GACATCACAAACTCTG,3
CGTGAATCACCGTGCA,6
CAGTTAGTCGCGTGCA,5
CTTAGGACACTAAACC,5
TCGGGCAGTGTTAAAG,5
CAATGACGTCGCACAC,1000
CCTCCTCAGATGATTG,1000
TCAGTGACAGGCCCTA,1000
ATTCACTTCAAGTCTG,4
TCAGTTTAGAGCCCAA,4
GTAGGAGGTTGGGTTT,1000
ACTGTCCCATACAGAA,7
TAGGGTTCATATCGGT,8
TGGTACACAGAGAAAG,4
TCCTGCATCCCTCTTT,8
TCAGGTATCACTGGGC,1000
ATGCATGCAGCGACAA,3
ACACCAATCAGACAAA,2
CACTGAAAGCCGCTTG,8
TCCGATCTCCTTTAGT,7
CCCGGAATCCAACCAA,3
GCAGTTATCACATTGG,2
ATCGTAGGTGCGGATA,4
TAGGGTTTCCCAAGCG,3
AATCGTGTCCGGACTG,4
GTAGAGGCACGGCTAC,5
ACATCGACAGTAACCT,6
GTTACAGGTTCATCGA,7
TAGGGTTGTTACGCCG,8
TTAGTCTTCTTACGGA,1000
GGCTGTGGTGGCTTAT,7
GCCAGGTAGACCGTTT,3
AACAACCTCCAAGAGG,6
TTCTCTCGTACAGTAA,7
TCGTGCTTCTTAAGGC,6
GTGGAAGAGTACAACA,2
AGATGCTAGCCATTGT,1000
CCGTAGGTCCCGAGGT,5
GCACGGTGTTTCAGAC,4
ACAGGGAGTTTCGGCG,6
TACTTGTCACTATCGA,7
CTGCCTACACCAGCCA,4
ACTTATCGTAGTACGG,1000
TTCTGTAGTCAGGTAG,6
AGGAATACAGGGAGAG,5
GACGTTACAACCTATG,8
AACCATGCACCAGCCA,4
GAGGGATCACAGACGA,3
TTGAGTGGTCGCGTCA,6
CCACGAGTCACCATCC,1000
ATTCGTTCACGCGTGT,5
CCTCCTCAGGCTCTAT,2
CCCAACTAGGCTAGCA,4
AGTGACTTCTACGGGC,3
TTCCTAACATATGCGT,8
CGTGCTTAGCCTCAAT,3
CAGATACCAGATAAAC,3
GATGAGGTCTGGAAGG,6
TTCGCTGCATCTCAAG,7
TTTCAGTTCCGAAGGA,5
GTAGGTTGTGGAACAC,1
TTAGTCTAGGTTTACC,1
GTGGAAGAGGGTACGT,1
TCAAGCAGTGTGCTTA,2
TCCGAAACAGGAATCG,6
ATTTCACAGCATATGA,1
TGTAAGCGTCTGTGGC,1
CTGGTCTTCTTCGGAA,3
AACGTCATCGCTCTCA,7
ACACTGAAGGACGCTA,7
CATGCCTAGAAGAACG,8
CATTTCATCATTGGTG,8
TTGAGTGAGGTTAAAC,1000
ACCATTTTCTTCTTCC,5
AAGGAATTCGACTCCT,3
AACCTTTCAGCCTACG,7
TTCACGCGTACAGGTG,7
TGCTTGCGTAGTGGCA,1
CACTTCGGTCGTACTA,6
TTGTGTTGTCTAATCG,6
TCCTTCTTCTCATTAC,7
TAGGGTTTCGATTGGT,4
TCGCACTCACATACGT,7
CCCTGATAGATAACGT,7
AGGAGGTTCGGTCGGT,7
GTGGAAGAGTGGAAGA,3
TGGAGGAAGCTCATAC,2
AGATAGAGTTGCAACT,2
GTTGCTCGTAACCCTA,3
TGAGGGACATTCTCCG,7
GAGTCATGTGGAGAAA,8
AGACAAATCATCGACA,3
TCATTGTCACTAGGTT,4
AATCACGTCACTTGTT,8
TCATCATTCGCGCTGA,2
TCGGGTGAGCGGTAGT,5
ATGTCTTCATTGGCAT,7
AAGACAAAGCTGAGTG,6
CATACAGCAGAACTAA,1000
TTACCATCAGTCTCTC,8
GGGTCACTCGACGCGT,5
CTCCTCCAGGTGCCAA,4
GTGGGAACAAGAGTTA,5
CCTGCATGTTGTTGTG,1000
GAAGAATAGTACCGGA,4
GTGCTTCAGTTTCAGC,1000
GTAATCGGTCAAAGAT,7
GTCAAGTTCCTTATAC,7
TCCTTTCAGAAACTAC,3
TTCGATTAGCTAGAAT,4
TGGATGTAGTAAGCAT,1
GTACAACCACTCCGGA,3
ATCACTTGTCGTCATA,1000
TACCGGGGTTACAGCT,2
GAACACTTCCTTATGT,3
CTTTCGGGTGGTCTCG,5
TGACAGTGTATGAGGC,7
GTGATGTAGTGGCCTC,3
AGGTCATAGGAGAGGC,1000
TTGAACGTCTGCGATA,7
AAGAACAAGGACAACC,7
GAGCCTGTCTCACCCA,1000
AGCGATTTCAAGTGGG,4
CAAAGAAGTGACCTGC,8
TGTACAGCAGCTACCG,6
CGGAGAACAAATGGTA,2
GACAGCCAGTGCGACA,3
AGCTTCCAGCCAGAGT,3
TCCTCGAAGACTAGAT,5
TCACTCGTCCCGATCT,6
CATGGATCAAGAGTAT,7
GCACGGTAGACGACGT,1
CTAACTTTCGCAGAGA,3
TCATCCGCAGGAATCG,1000
CCTCTCCAGACCATTC,5
CCTCCAAGTGGCAGAT,3
CTCACTGAGCGCCTTG,3
CTCAATTTCCTTGGAA,2
ACTATGGCATTCCTAT,4
AGAAGCGAGGATAATC,1000
AAACCCAGTACAGTTC,7
TTCTCTCAGGCTCTAT,8
CTTCAATAGTGCAGGT,2
GGGCGTTTCTGTCAGA,5
GTAACCAGTCGTATTG,2
ACCCTTGAGAGCCGTA,3
AATCACGGTTCTCACC,5
TGTACAGCATCCGAGC,8
GGCTGTGTCGAAATCC,1000
ATTCTTGCAGACCATT,5
TCATTACTCTGGCTGG,1000
TGGGAAGGTAGCTTTG,2
CCACGAGCAACGTATC,8
GATGTTGGTGTCATCA,5
GCCATTCAGCCGTAAG,5
ATTACCTAGCCTTGAT,2
CCCTGATTCTGGGATT,7
GTGTAACAGTGCGCTC,6
TACCTCGGTCAGTCTA,1000
CTGCCATTCGTTCAGA,3
ATGCCTCGTCGCATCG,5
CCTCTAGAGGATACCG,8
TCGTAGATCTATTTCG,4
GTCAAACGTAGAGGAA,1000
GAACGTTTCGGCACTG,2
GACCGTGTCGGTAGGA,2
AAACGCTGTCCACAGC,4
AGGACGACAGTCGGTC,1000
AGGGTGAAGAAGTCAT,7
GATCATGCATCATTGG,2
CCTTTGGGTTCATCGA,1000
GTGCAGCAGGCGTTAG,5
GTTACGATCTTAGGAC,3
TGGTTAGCATCCCGTT,3
CTCCAACAGTGTCATC,1
CGAAGTTCAAGCGAGT,8
CACACAACACCAGTAT,5
GCAGTTAGTAACATGA,1
CAAAGAAAGACCGCCT,3
TACCTCGCAACCACGC,7
TCCGATCCATTCTGTT,6
GACTGATAGCGTTCCG,8
CTCAAGAAGAGAATCT,1000
GTGTGGCAGACTCGAG,1
TGAGCATTCGAGGCAA,5
AAGCGTTAGCAAGTCG,6
TGCGGGTCACGTATAC,8
CACAGATCACGCTGCA,2
TATCAGGCACGCTTAA,5
TCCACCAAGCCAACCC,1000
GTCAGCGGTATCTCGA,5
ATGAGTCTCAAGGCTT,8
AGCGTCGGTACAGTCT,3
TCTTAGTCAGTCAGTT,3
TTGCCTGCACTACGGC,2
AGAAATGGTATCACGT,5
TCATGGATCGTAGGGA,6
GTGCTTCAGGCTCCCA,1000
CACCAAAGTGTTGATC,8
GGATGTTCACCGCTGA,8
TCATGCCCAACTTCTT,7
TGCCGAGTCGTGTGAT,1000
TTCATGTGTCGTGTTA,8
ACAAAGACAGGTCCCA,1000
CATTCATCAGAGTCAG,7
CTTCCTTGTGAATTAG,4
GATGCTACACGGCGTT,4
CGCCAGACAACCCTAA,3
AGCCACGAGATGTTGA,5
AGGTCATTCACCCTTG,7
GCACGTGGTCCACACG,8
GACTCTCAGAAGTGTT,8
TCCGGGAAGTTACGAA,1
CATCCCATCCAAGCCG,3
TTGGGTAAGTTGCCTA,5
CAGCGTGAGGTAGCAC,5
TGTCCCAAGAACCGCA,3
AGGGAGTCATGACACT,3
CATCCACGTTACCTTT,5
TTGCATTCAGAACCGA,1
TCAAGACTCTGTGCGG,5
GTGCACGTCCTAAACG,1000
CTGAATGGTTCGTAAC,5
TTAGTCTCATATGGCT,3
TGACGCGCAGCGACAA,5
CGGAACCGTTGTTGAC,8
CGTCCATAGTTCCAGT,3
TCAAGACTCTTAGCCC,1
CTTTCGGAGATAACAC,5
AGGTAGGAGCAGTAAT,4
ACGCACGGTCTAGGCC,4
GCAGCCACATGACGAG,5
CAAGACTGTACAAAGT,2
ACTATCTCAAGACGAC,3
TTTGATCAGTCACTGT,7
GAGCCTGGTGTATACC,5
GCATCTCCAAATGCGG,8
TCCTCCCCAAATGCGG,3
AGACACTGTGCAAGAC,8
GCATCTCTCATATGGC,6
CTTCCTTGTGGTCCGT,1
TGCTTGCTCAGGACAG,5
TCGACCTGTCGTCTCT,1000
GTCATCCTCACTTGTT,6
ACGTACAGTGGAGGTT,7
CTATCTATCTCGACCT,8
TTTCACATCCAAGAGG,4
CAAGAGGAGTTCATGC,5
AATGCCAGTGATGAAT,3
CCTCTCCGTTACGTAC,2
ATGGGAGAGGTATCTC,1
AGAAGCGGTTGTCCCT,5
GTCATGAAGCACACAG,1
AGTAACCGTCAACGCC,2
CATCGCTCAACTCCCT,1000
GGTTCTCGTAGGCAAC,6
AATGCCATCGCCAATA,3
GGGATGATCGTTCTGC,8
TCGTGGGGTGTGCCTG,8
TCCATGCGTATACCCA,7
GATAGCTAGAGCCATG,6
CCTATCGCACGCTATA,1000
TCTACCGGTCACAGTT,8
GAGTCTAGTGGGACAT,3
GCATCTCTCATGGGAG,2
CACACAAGTAACTTCG,1000
TACCTCGAGACCATGG,3
ACTTATCGTCATCAGT,2
GCCATGGAGAATTTGG,6
GCCAACGGTGATGTAA,7
CTCTGGTCACAGTGAG,1
GGAACCCTCCTTCTGG,4
AGTGCCGAGCTAGAGC,3
AGCGCTGCATCCTTGC,3
CAACGATGTGGGATTG,2
TGAATGCCAATGACCT,1000
CGTTGGGAGATGCAGC,3
ATGGAGGTCGAACGCC,5
TGTCCACCAGCAGTAG,1000
CTACCCACACCAGCGT,2
ACACGCGAGGGCTGAT,2
CACATGAGTACAGTCT,2
ACGGTTAGTCGGAACA,6
TAACCAGGTTTGGCTA,1000
TTCTAACTCACGAGGA,2
TCACAAGGTGCATACT,1000
CCTGTTGCACACACTA,1000
CACAGATCACGACGAA,3
AGGACTTAGGCCCACT,5
TCAGTGATCCACGTCT,2
ATAGGCTGTCCAAGAG,5
TCCGGGATCCTGTAGA,4
ATCGTAGGTTATAGAG,3
TGTTGAGGTGTCTTCC,7
CGAGAAGTCGTTAGAC,2
ATCACAGGTAACCCGC,1
AGGGTGAAGGAACTAT,7
TTCCGTGCACTTCATT,5
AATCGACGTAGGAGGG,7
GAACACTCAAGGCGTA,8
TTCATTGAGTCGCCAC,2
TCCTCCCAGCGTCTGC,1000
GTGCGTGCAAGAGGTC,6
TGAATGCAGTAATACG,7
AAGGAATAGACAAGCC,6
TCATGAGAGACATAGT,1
ACCACAAGTCAACCTA,1000
CTGTGGGCACCCTGAG,3
GTAACACTCACTCTTA,8
TCCGGGATCCGGTTCT,3
GCCAGTGCAAGCTGCC,5
TCAAGACAGTTAACAG,1000
GATCGTAGTCGCCTAG,4
AACCCAACACATATGC,5
GGATCTACATAGGCGA,4
AGATGCTCAACAAGTA,5
TGTTCCGCACAGTATC,8
TAGACTGGTGAGTTGG,3
AGTGCCGGTCGCCACA,1000
TGACAGTAGGCAATGC,7
TCATCCGAGATTCGCT,1
ACACTGATCATCGCTC,5
TCAATCTCAGATACCT,3
GTACAGTTCCTTGGAA,3
TTTGTTGAGCGCTGCT,3
TCCCACAGTCCTATAG,6
TAGAGTCAGATTTGCC,5
AGAACAAGTAAGGCCA,5
GCCGATGAGGTAGATT,7
TAAGCGTTCAAGCTTG,4
ACCTGTCTCTCCACTG,1000
GCATCGGGTCAGTTTG,4
TGACAGTCATGGGATG,6
GCTCAAAGTTTCAGAC,3
GTAGTACCAGACAAGC,4
GTGAGGATCAGCGCGT,3
AGGCCACCAACCAATC,8
ATCACGAAGTAAGCAT,1000
AATGGAAGTCTCAAGT,8
CTGCATCAGTAGGATT,4
TTGTGTTAGGCTATCT,4
TCTGTCGTCTTCCGTG,3
GATAGCTAGGAGAGTA,1
CCACCATTCATTGGTG,2
TATCTTGCACGTCTCT,1
CATACAGCACATCATG,8
AGGAGGTCATTAAGCC,8
AAAGTGAGTCCTTAAG,1000
TTGTTCAAGGACAGTC,3
CGGCAGTAGTCACGCC,1
TCAGGGCGTGGAGAAA,5
ACTCCCACAATCTCTT,3
CTGCAGGGTGTCCACG,1000
CATACCCCAGTCTGGC,7
CCTTTGGAGAATTGTG,5
GTTTACTCACAAGCAG,2
GCCAACGTCCATGCAA,2
TTCAGGATCTTGATTC,5
TTCCTAATCTCCGAGG,5
ATGAGTCCAACAGCTT,5
AAAGGATGTCGTATGT,8
CTGCCTAAGGGAGGGT,8
CATTGTTGTTGAGAGC,1000
TTAGTCTTCCATTCGC,7
CACTGTCCATGACGAG,2
CGAGTGCGTATACGGG,1000
AACCCAAAGCCGAATG,5
AAAGGATGTAAGTTAG,8
ACCATTTGTGGTCTCG,2
TGGTGATGTACACTCA,2
ACTTCGCAGGTGATAT,1000
TACTTCACATGGGTTT,4
GCAGCTGAGGGCAGGA,1
TATGTTCGTGCCTAAT,8
TGCTTCGAGCAAACAT,1000
CTAAGTGGTTCTAAGC,7
AAATGGACAAATCAGA,2
ACTGTGAGTCGAGATG,1000
GTGCACGTCAGGAACG,2
ACGCACGAGCCGATAG,2
TCGAAGTAGCGGTATG,5
GCCCAGATCTTTCCAA,4
GCGTGCATCGGTCGAC,5
TCGTGCTGTCAGTTTG,5
TCGACGGTCGTCACCT,5
CACACAAGTAGCTTTG,5
GAATAGAGTCAACATC,2
TGCAGATAGAAGCTCG,8
TATACCTAGCGAGAAA,8
TAACTTCTCAAGAAAC,7
CACAACAAGTTACTCG,5
CATGCCTAGTTGCCTA,6
GTAGTACAGTTTCTTC,3
GAATAGAGTCATTGCA,7
TGGAACTCACGACGCT,3
ACACCAAAGTGTTCAC,2
GTTTACTCAATGTCTG,3
ACAGAAACATTGTGCA,1
CTCATCGCAGAGTCTT,1
TGCTTGCGTTCTGACA,5
TTACCATCAGTCTACA,1
CACGGGTAGGATTACA,5
CATTGTTCAGGCTTGC,2
AAAGTGACATTCTTCA,1000
CATTCCGTCACAATGC,2
CGTGAATAGAGCATAT,5
TGGGAGAGTAAGACCG,7
TACTTCACAAATAAGC,2
GTGTGATCACAAGCTT,2
ACAGGGAAGCGACCCT,8
AAGACAAGTAGAGATT,7
CCGGTAGCACTGCTTC,5
TTCCGTGCACACTGGC,6
TTCGATTAGTCTAACC,5
GCCAGCAGTAACAGGC,5
GTATTTCCACATAACC,1000
GCCCGAAGTGCCCTTT,4
CCGCAAGTCCTTTAGT,4
CGGTCAGGTGTAAATG,2
GCTGGGTAGATGGGCT,1
GTAAGTCAGAATCGCG,2
CGGAACCCAGAGGCAT,4
ATCGTGAAGCTCGTGC,1000
GATCGTAGTAGTACGG,5
CTTCCTTGTATGAGAT,6
CTGGCAGGTCAAACGG,4
CCTCCTCAGTTTCTTC,5
ATAGGCTCAAGCGAGT,1000
GAGCCTGTCATGCAGT,6
TTCACCGAGTCAGAGC,5
AGTCACATCTTACCGC,5
AGAAATGCAATCAGCT,3
CTGCATCTCCGCATAA,2
ACACTGATCGCTGCGA,7
GCTTGGGGTTCATCGA,5
CAGATACGTGAATGAT,7
TTCATGTCACATGACT,8
TCTCTGGAGTACGAGC,1
ATTCCTATCGCGTGCA,7
TCGTAGAGTGGCATCC,5
CCGATGGCAATGGGTG,4
ATAGACCGTCTACGTA,2
ATCGTCCAGTATGAAC,3
CCTATCGGTCTCGCGA,1000
TTCTCTCAGTGACACG,8
CCCTCAAAGGCCCGTT,6
TGTAACGGTTGACTGT,3
CTCAATTGTAAGCGGT,1000
GTCACTCGTTGATCGT,1000
TATTCCACAACCGCCA,4
AGACTCAAGCAGGCAT,6
GAGGGTAAGGCCTAGA,5
AGCTCAAAGGCTAAAT,8
TAGGTTGAGAGGCGTT,5
GCACTAAGTTTCGGCG,2
AACAACCCAACGTAAA,2
CTAAGTGAGTGAATAC,3
CCCATTGCAGTTGAAA,6
GTTACCCAGGCCTAAG,1
AAGTACCGTCCGGCAT,1
TTGGGATAGGACCCAA,4
CTCATCGAGTGGTTCT,1
GGACGTCGTGGCGCTT,1000
CAAGAGGAGAAATCCA,5
TCCTCTTGTCACAATC,7
CGGAGAACACGTAGTT,5
CTGTGGGGTAAGCTCT,5
TGCTTGCAGGAAACGA,3
TTGTGTTTCGTGGGTC,4
TGATCTTTCGAACCAT,5
GTTAGACCAACCGCTG,1000
ACGGTCGGTAAGTCAA,3
CCGGACAAGAAGTCCG,4
CCTATCGGTGCTGTCG,3
TTTGGAGGTTTGGGAG,4
CTGTACCCACTACGGC,4
GATCAGTCAGTGGTGA,1
ATTCACTCACTCTAGA,8
TTGCCTGAGCATTGTC,1000
TAACGACTCGGACTGC,2
ATCCACCAGCTGTCCG,5
TCATTACGTGTTCCAA,4
CGAGTTACAACTAGAA,7
ATCCCTGCAGTTGTTG,5
ACGGGTCAGAAAGCGA,3
CTATAGGTCTCAACCC,6
CTTTCAACATGACGTT,3
CTCCACAAGGGAGGCA,3
CTCAACCCAAGAGTTA,2
CTCCACACATCGGCCA,5
ATTCCATTCTGGGATT,1000
CCGGACAAGGTAATCA,3
