cell_barcode,assignment,prior_neg,prior_singlet,prior_doublet,n_noise
AAACCTGAGATGTTAG,1,0.05,0.7,0.25,6
AAACCTGCATCGATTG,8,0.05,0.7,0.25,6
AAACCTGGTAGGGTAC,6,0.05,0.7,0.25,6
AAACCTGGTGCCTTGG,6,0.05,0.7,0.25,6
AAACCTGGTTGGAGGT,8,0.05,0.7,0.25,6
AAACCTGTCGAGAGCA,8,0.05,0.7,0.25,6
AAACGGGAGAAAGTGG,6,0.05,0.7,0.25,6
AAACGGGAGGAGCGTT,2,0.05,0.7,0.25,6
AAACGGGAGTGTACTC,3,0.05,0.7,0.25,6
AAACGGGCATGCAATC,3,0.05,0.7,0.25,6
AAAGATGAGAAACGAG,1,0.05,0.7,0.25,6
AAAGATGAGATATACG,2,0.05,0.7,0.25,6
AAAGATGAGTTTGCGT,1000,0.05,0.7,0.25,6
AAAGATGCAAGCGCTC,1000,0.05,0.7,0.25,6
AAAGATGCACTACAGT,4,0.05,0.7,0.25,6
AAAGATGCATTCACTT,4,0.05,0.7,0.25,6
AAAGATGGTAAGTAGT,8,0.05,0.7,0.25,6
AAAGATGGTCCAGTTA,8,0.05,0.7,0.25,6
AAAGATGGTTCCATGA,4,0.05,0.7,0.25,6
AAAGATGGTTCCGGCA,1000,0.05,0.7,0.25,6
AAAGATGGTTGGGACA,8,0.05,0.7,0.25,6
AAAGATGTCGGCCGAT,8,0.05,0.7,0.25,6
AAAGATGTCGTCTGAA,3,0.05,0.7,0.25,6
AAAGATGTCTAACTGG,4,0.05,0.7,0.25,6
AAAGCAAAGACGACGT,5,0.05,0.7,0.25,6
AAAGCAAAGCAGCGTA,2,0.05,0.7,0.25,6
AAAGCAAAGGGTGTTG,7,0.05,0.7,0.25,6
AAAGCAAAGTCATGCT,8,0.05,0.7,0.25,6
AAAGCAACATAGGATA,4,0.05,0.7,0.25,6
AAAGCAAGTTACGTCA,4,0.05,0.7,0.25,6
AAAGCAAGTTTAAGCC,7,0.05,0.7,0.25,6
AAAGCAAGTTTGACTG,7,0.05,0.7,0.25,6
AAAGCAATCTCTAGGA,1,0.05,0.7,0.25,6
AAAGTAGAGTACGTAA,3,0.05,0.7,0.25,6
AAAGTAGAGTGAAGTT,1000,0.05,0.7,0.25,6
AAAGTAGCAATGAATG,7,0.05,0.7,0.25,6
AAAGTAGGTATTAGCC,7,0.05,0.7,0.25,6
AAAGTAGGTCATGCAT,8,0.05,0.7,0.25,6
AAAGTAGGTGTTCGAT,8,0.05,0.7,0.25,6
AAAGTAGTCCGTCAAA,8,0.05,0.7,0.25,6
AAAGTAGTCGGAGCAA,8,0.05,0.7,0.25,6
AAATGCCAGAAACGAG,7,0.05,0.7,0.25,6
AAATGCCAGACTACAA,8,0.05,0.7,0.25,6
AAATGCCAGCTAACAA,6,0.05,0.7,0.25,6
AAATGCCAGTGTCCAT,4,0.05,0.7,0.25,6
AAATGCCCAACACCTA,1,0.05,0.7,0.25,6
AAATGCCCACAAGCCC,1,0.05,0.7,0.25,6
AAATGCCCAGATGGCA,4,0.05,0.7,0.25,6
AAATGCCGTCTAAAGA,5,0.05,0.7,0.25,6
AAATGCCGTTAGAACA,3,0.05,0.7,0.25,6
AAATGCCGTTCATGGT,1000,0.05,0.7,0.25,6
AAATGCCTCAAGGTAA,2,0.05,0.7,0.25,6
AAATGCCTCAGGCGAA,1000,0.05,0.7,0.25,6
AACACGTAGAAGGTTT,3,0.05,0.7,0.25,6
AACACGTAGATCCTGT,1000,0.05,0.7,0.25,6
AACACGTAGGTAGCCA,4,0.05,0.7,0.25,6
AACACGTCATAAGACA,3,0.05,0.7,0.25,6
AACACGTTCAACCATG,3,0.05,0.7,0.25,6
AACACGTTCACGGTTA,8,0.05,0.7,0.25,6
AACCATGAGAATGTGT,8,0.05,0.7,0.25,6
AACCATGAGAGTCTGG,8,0.05,0.7,0.25,6
AACCATGCAGGTGCCT,2,0.05,0.7,0.25,6
AACCATGCAGTATAAG,1000,0.05,0.7,0.25,6
AACCATGCAGTGAGTG,1,0.05,0.7,0.25,6
AACCATGGTACAAGTA,6,0.05,0.7,0.25,6
AACCATGGTACCCAAT,1000,0.05,0.7,0.25,6
AACCATGGTCAATACC,3,0.05,0.7,0.25,6
AACCATGGTGTGAATA,5,0.05,0.7,0.25,6
AACCATGTCACTCTTA,4,0.05,0.7,0.25,6
AACCATGTCGAGGTAG,6,0.05,0.7,0.25,6
AACCATGTCGCAGGCT,3,0.05,0.7,0.25,6
AACCATGTCGCGTAGC,3,0.05,0.7,0.25,6
AACCATGTCTTCGGTC,1,0.05,0.7,0.25,6
AACCGCGAGGGCACTA,5,0.05,0.7,0.25,6
AACCGCGAGTTTGCGT,1000,0.05,0.7,0.25,6
AACCGCGCAGCGAACA,3,0.05,0.7,0.25,6
AACCGCGCATATACGC,1,0.05,0.7,0.25,6
AACCGCGCATCCCATC,1,0.05,0.7,0.25,6
AACCGCGGTCGGGTCT,2,0.05,0.7,0.25,6
AACCGCGTCAGAGGTG,7,0.05,0.7,0.25,6
AACCGCGTCCCAGGTG,1,0.05,0.7,0.25,6
AACCGCGTCCTAGTGA,7,0.05,0.7,0.25,6
AACCGCGTCGACGGAA,4,0.05,0.7,0.25,6
AACCGCGTCTGTACGA,6,0.05,0.7,0.25,6
AACGTTGAGATCCTGT,3,0.05,0.7,0.25,6
AACGTTGAGCCTATGT,2,0.05,0.7,0.25,6
AACGTTGAGTGTCCAT,7,0.05,0.7,0.25,6
AACGTTGCAAACCTAC,1000,0.05,0.7,0.25,6
AACGTTGCAAGGGTCA,7,0.05,0.7,0.25,6
AACGTTGCAAGTTCTG,1,0.05,0.7,0.25,6
AACGTTGCAGGGATTG,3,0.05,0.7,0.25,6
AACGTTGGTGTAAGTA,2,0.05,0.7,0.25,6
AACGTTGGTTATGTGC,1,0.05,0.7,0.25,6
AACGTTGTCGTTGCCT,5,0.05,0.7,0.25,6
AACTCAGAGCGTCAAG,8,0.05,0.7,0.25,6
AACTCAGCAACACCCG,1,0.05,0.7,0.25,6
AACTCAGCAAGGCTCC,7,0.05,0.7,0.25,6
AACTCAGCACCAGGTC,3,0.05,0.7,0.25,6
AACTCAGCAGGATTGG,7,0.05,0.7,0.25,6
AACTCAGCATCGATGT,7,0.05,0.7,0.25,6
AACTCAGCATGGATGG,6,0.05,0.7,0.25,6
AACTCAGGTCAGAGGT,7,0.05,0.7,0.25,6
AACTCAGTCAAACCGT,3,0.05,0.7,0.25,6
AACTCAGTCCACGTTC,1,0.05,0.7,0.25,6
AACTCCCAGGCTAGCA,3,0.05,0.7,0.25,6
AACTCCCAGTCAATAG,1000,0.05,0.7,0.25,6
AACTCCCCAAACTGTC,2,0.05,0.7,0.25,6
AACTCCCCAAGTACCT,1,0.05,0.7,0.25,6
AACTCCCCAATGACCT,8,0.05,0.7,0.25,6
AACTCCCCACATTAGC,4,0.05,0.7,0.25,6
AACTCCCCACTGTCGG,4,0.05,0.7,0.25,6
AACTCCCCAGGCTCAC,3,0.05,0.7,0.25,6
AACTCCCGTCTAGCCG,4,0.05,0.7,0.25,6
AACTCCCGTGACTACT,3,0.05,0.7,0.25,6
AACTCCCGTGTCGCTG,4,0.05,0.7,0.25,6
AACTCCCGTTCCACTC,7,0.05,0.7,0.25,6
AACTCCCGTTTGGGCC,1000,0.05,0.7,0.25,6
AACTCCCTCACGCATA,8,0.05,0.7,0.25,6
AACTCCCTCCTAGTGA,1,0.05,0.7,0.25,6
AACTCCCTCTACCAGA,7,0.05,0.7,0.25,6
AACTCCCTCTCATTCA,3,0.05,0.7,0.25,6
AACTCCCTCTTAGAGC,7,0.05,0.7,0.25,6
AACTCTTAGACGCACA,3,0.05,0.7,0.25,6
AACTCTTAGAGTCGGT,2,0.05,0.7,0.25,6
AACTCTTAGCGCTTAT,8,0.05,0.7,0.25,6
AACTCTTAGCGGCTTC,5,0.05,0.7,0.25,6
AACTCTTAGCTAGGCA,7,0.05,0.7,0.25,6
AACTCTTAGTGTCCAT,2,0.05,0.7,0.25,6
AACTCTTCACGTCTCT,1,0.05,0.7,0.25,6
AACTCTTCAGACTCGC,3,0.05,0.7,0.25,6
AACTCTTGTCAATACC,3,0.05,0.7,0.25,6
AACTCTTTCAAGAAGT,6,0.05,0.7,0.25,6
AACTCTTTCCTTCAAT,7,0.05,0.7,0.25,6
AACTCTTTCGCGTTTC,1,0.05,0.7,0.25,6
AACTCTTTCGTAGATC,3,0.05,0.7,0.25,6
AACTGGTAGAGCAATT,2,0.05,0.7,0.25,6
AACTGGTAGAGCCTAG,3,0.05,0.7,0.25,6
AACTGGTAGCTATGCT,1000,0.05,0.7,0.25,6
AACTGGTCAAGTAATG,4,0.05,0.7,0.25,6
AACTGGTCACACATGT,3,0.05,0.7,0.25,6
AACTGGTCAGATGAGC,8,0.05,0.7,0.25,6
AACTGGTGTACCTACA,6,0.05,0.7,0.25,6
AACTGGTGTGCAACGA,3,0.05,0.7,0.25,6
AACTGGTGTTAAAGAC,1000,0.05,0.7,0.25,6
AACTGGTTCACTTATC,5,0.05,0.7,0.25,6
AACTTTCAGTACATGA,2,0.05,0.7,0.25,6
AACTTTCAGTAGCGGT,5,0.05,0.7,0.25,6
AACTTTCAGTCCAGGA,2,0.05,0.7,0.25,6
AACTTTCCAGTACACT,1000,0.05,0.7,0.25,6
AACTTTCCATGTCGAT,3,0.05,0.7,0.25,6
AACTTTCGTGGTCCGT,3,0.05,0.7,0.25,6
AACTTTCGTGGTTTCA,7,0.05,0.7,0.25,6
AACTTTCGTGTGAATA,6,0.05,0.7,0.25,6
AACTTTCGTTAGATGA,3,0.05,0.7,0.25,6
AACTTTCGTTGAACTC,4,0.05,0.7,0.25,6
AACTTTCTCTGCGGCA,2,0.05,0.7,0.25,6
AAGACCTAGCATGGCA,1,0.05,0.7,0.25,6
AAGACCTAGTCCGTAT,1,0.05,0.7,0.25,6
AAGACCTAGTGGCACA,2,0.05,0.7,0.25,6
AAGACCTCAAGACGTG,4,0.05,0.7,0.25,6
AAGACCTCAAGAGTCG,1000,0.05,0.7,0.25,6
AAGACCTCAGTTCCCT,8,0.05,0.7,0.25,6
AAGACCTCATCACAAC,2,0.05,0.7,0.25,6
AAGACCTGTGTGTGCC,4,0.05,0.7,0.25,6
AAGACCTGTTGCGTTA,4,0.05,0.7,0.25,6
AAGCCGCAGAGCTTCT,1000,0.05,0.7,0.25,6
AAGCCGCAGCACGCCT,3,0.05,0.7,0.25,6
AAGCCGCAGCGATATA,5,0.05,0.7,0.25,6
AAGCCGCAGCGGATCA,1,0.05,0.7,0.25,6
AAGCCGCAGCGTTTAC,1000,0.05,0.7,0.25,6
AAGCCGCAGGTTACCT,8,0.05,0.7,0.25,6
AAGCCGCCACCCAGTG,8,0.05,0.7,0.25,6
AAGCCGCGTGTAAGTA,8,0.05,0.7,0.25,6
AAGCCGCTCCAATGGT,2,0.05,0.7,0.25,6
AAGCCGCTCCCGACTT,1000,0.05,0.7,0.25,6
AAGGAGCAGGCTCAGA,2,0.05,0.7,0.25,6
AAGGAGCCACTCGACG,4,0.05,0.7,0.25,6
AAGGAGCGTAGCACGA,2,0.05,0.7,0.25,6
AAGGAGCGTGCACCAC,3,0.05,0.7,0.25,6
AAGGAGCGTGGCTCCA,4,0.05,0.7,0.25,6
AAGGAGCGTTGTTTGG,1,0.05,0.7,0.25,6
AAGGAGCTCAACGAAA,7,0.05,0.7,0.25,6
AAGGAGCTCCAGGGCT,6,0.05,0.7,0.25,6
AAGGAGCTCTCAAGTG,3,0.05,0.7,0.25,6
AAGGCAGAGACTTTCG,8,0.05,0.7,0.25,6
AAGGCAGAGAGCCCAA,1000,0.05,0.7,0.25,6
AAGGCAGAGCGATTCT,7,0.05,0.7,0.25,6
AAGGCAGAGGGTGTGT,3,0.05,0.7,0.25,6
AAGGCAGAGTTAACGA,3,0.05,0.7,0.25,6
AAGGCAGCACACTGCG,3,0.05,0.7,0.25,6
AAGGCAGCAGTAAGAT,8,0.05,0.7,0.25,6
AAGGCAGGTAAATGAC,7,0.05,0.7,0.25,6
AAGGCAGGTAGTAGTA,1000,0.05,0.7,0.25,6
AAGGCAGGTATCGCAT,4,0.05,0.7,0.25,6
AAGGCAGGTCCGCTGA,7,0.05,0.7,0.25,6
AAGGCAGGTGCAGGTA,7,0.05,0.7,0.25,6
AAGGCAGTCAACACGT,8,0.05,0.7,0.25,6
AAGGCAGTCTCGATGA,4,0.05,0.7,0.25,6
AAGGCAGTCTGCGTAA,1,0.05,0.7,0.25,6
AAGGCAGTCTGGTGTA,1000,0.05,0.7,0.25,6
AAGGCAGTCTGTCAAG,7,0.05,0.7,0.25,6
AAGGCAGTCTTCTGGC,2,0.05,0.7,0.25,6
AAGGTTCAGTATCTCG,2,0.05,0.7,0.25,6
AAGGTTCAGTGAAGTT,1,0.05,0.7,0.25,6
AAGGTTCAGTTAGCGG,3,0.05,0.7,0.25,6
AAGGTTCCAATGGAAT,1,0.05,0.7,0.25,6
AAGGTTCCACCGCTAG,6,0.05,0.7,0.25,6
AAGGTTCGTCTAGTCA,7,0.05,0.7,0.25,6
AAGGTTCTCCGTAGGC,1000,0.05,0.7,0.25,6
AAGGTTCTCGCCATAA,4,0.05,0.7,0.25,6
AAGGTTCTCTTCCTTC,8,0.05,0.7,0.25,6
AAGTCTGAGAGGACGG,1,0.05,0.7,0.25,6
AAGTCTGAGAGGTACC,1,0.05,0.7,0.25,6
AAGTCTGAGGAGTACC,4,0.05,0.7,0.25,6
AAGTCTGCACGCATCG,1,0.05,0.7,0.25,6
AAGTCTGCACGGCGTT,8,0.05,0.7,0.25,6
AAGTCTGCATTATCTC,4,0.05,0.7,0.25,6
AAGTCTGGTCAAACTC,2,0.05,0.7,0.25,6
AAGTCTGGTGTGAATA,6,0.05,0.7,0.25,6
AAGTCTGTCGAGAGCA,6,0.05,0.7,0.25,6
AATCCAGAGAATGTTG,4,0.05,0.7,0.25,6
AATCCAGAGTGGACGT,8,0.05,0.7,0.25,6
AATCCAGAGTTAGGTA,7,0.05,0.7,0.25,6
AATCCAGTCAACGAAA,8,0.05,0.7,0.25,6
AATCCAGTCCATTCTA,7,0.05,0.7,0.25,6
AATCCAGTCCTAGGGC,3,0.05,0.7,0.25,6
AATCGGTAGATGAGAG,2,0.05,0.7,0.25,6
AATCGGTAGCGCCTCA,3,0.05,0.7,0.25,6
AATCGGTAGGCGCTCT,1,0.05,0.7,0.25,6
AATCGGTAGTGCGATG,3,0.05,0.7,0.25,6
AATCGGTCAAAGTCAA,1,0.05,0.7,0.25,6
AATCGGTCAACTGCGC,1000,0.05,0.7,0.25,6
AATCGGTCACACCGAC,4,0.05,0.7,0.25,6
AATCGGTCATCCGCGA,1,0.05,0.7,0.25,6
AATCGGTCATCTATGG,1000,0.05,0.7,0.25,6
AATCGGTGTCGCGTGT,1,0.05,0.7,0.25,6
AATCGGTGTGTAAGTA,1,0.05,0.7,0.25,6
ACACCAACAAGGACAC,8,0.05,0.7,0.25,6
ACACCAACAAGTTCTG,2,0.05,0.7,0.25,6
ACACCAACATCTACGA,7,0.05,0.7,0.25,6
ACACCAAGTCCATGAT,7,0.05,0.7,0.25,6
ACACCAAGTCTGGTCG,1000,0.05,0.7,0.25,6
ACACCAAGTGTGACCC,8,0.05,0.7,0.25,6
ACACCAAGTTACCAGT,5,0.05,0.7,0.25,6
ACACCAAGTTCATGGT,8,0.05,0.7,0.25,6
ACACCAATCGCGGATC,4,0.05,0.7,0.25,6
ACACCAATCTCTGCTG,5,0.05,0.7,0.25,6
ACACCCTAGACAATAC,8,0.05,0.7,0.25,6
ACACCCTAGCTAGTTC,1,0.05,0.7,0.25,6
ACACCCTAGTATTGGA,1000,0.05,0.7,0.25,6
ACACCCTCAAGTTAAG,3,0.05,0.7,0.25,6
ACACCCTCACAGGAGT,8,0.05,0.7,0.25,6
ACACCCTCACTTGGAT,3,0.05,0.7,0.25,6
ACACCCTCAGCTTAAC,7,0.05,0.7,0.25,6
ACACCCTCAGTTCATG,1000,0.05,0.7,0.25,6
ACACCCTGTGTGACGA,4,0.05,0.7,0.25,6
ACACCCTTCCAAACTG,6,0.05,0.7,0.25,6
ACACCCTTCCTTGACC,1000,0.05,0.7,0.25,6
ACACCCTTCGCATGAT,2,0.05,0.7,0.25,6
ACACCCTTCGTACGGC,7,0.05,0.7,0.25,6
ACACCCTTCGTTTGCC,1000,0.05,0.7,0.25,6
ACACCGGAGACAAGCC,8,0.05,0.7,0.25,6
ACACCGGAGCGATGAC,8,0.05,0.7,0.25,6
ACACCGGAGCGTAGTG,8,0.05,0.7,0.25,6
ACACCGGAGGAGTCTG,7,0.05,0.7,0.25,6
ACACCGGGTATTACCG,1000,0.05,0.7,0.25,6
ACACCGGTCCGCTGTT,1,0.05,0.7,0.25,6
ACACCGGTCCTATTCA,2,0.05,0.7,0.25,6
ACACCGGTCGTACCGG,1,0.05,0.7,0.25,6
ACACCGGTCTTGTACT,8,0.05,0.7,0.25,6
ACACTGAAGATATGGT,3,0.05,0.7,0.25,6
ACACTGAAGATGTGGC,8,0.05,0.7,0.25,6
ACACTGAAGTAGCGGT,1,0.05,0.7,0.25,6
ACACTGACACAGTCGC,4,0.05,0.7,0.25,6
ACACTGACACCGCTAG,8,0.05,0.7,0.25,6
ACACTGACAGCTCGCA,8,0.05,0.7,0.25,6
ACACTGACAGTATCTG,0,0.05,0.7,0.25,6
ACACTGACAGTGGAGT,3,0.05,0.7,0.25,6
ACACTGAGTACCTACA,4,0.05,0.7,0.25,6
ACACTGAGTATGAAAC,1000,0.05,0.7,0.25,6
ACACTGAGTCCGAAGA,2,0.05,0.7,0.25,6
ACACTGAGTGAGGGTT,8,0.05,0.7,0.25,6
ACACTGAGTGTCGCTG,1,0.05,0.7,0.25,6
ACACTGATCACTTATC,4,0.05,0.7,0.25,6
ACACTGATCCCTCTTT,1000,0.05,0.7,0.25,6
ACACTGATCCTTGGTC,6,0.05,0.7,0.25,6
ACACTGATCGATAGAA,3,0.05,0.7,0.25,6
ACACTGATCTGTCAAG,7,0.05,0.7,0.25,6
ACACTGATCTGTCCGT,7,0.05,0.7,0.25,6
ACACTGATCTTCGAGA,3,0.05,0.7,0.25,6
ACAGCCGAGAGTTGGC,7,0.05,0.7,0.25,6
ACAGCCGAGGATGGAA,5,0.05,0.7,0.25,6
ACAGCCGAGTGCTGCC,4,0.05,0.7,0.25,6
ACAGCCGCAGCGAACA,4,0.05,0.7,0.25,6
ACAGCCGCAGTTCCCT,4,0.05,0.7,0.25,6
ACAGCCGCATCTACGA,4,0.05,0.7,0.25,6
ACAGCCGCATGCCTTC,3,0.05,0.7,0.25,6
ACAGCCGGTAGAGGAA,2,0.05,0.7,0.25,6
ACAGCCGTCTTGTTTG,6,0.05,0.7,0.25,6
ACAGCTAAGACCACGA,8,0.05,0.7,0.25,6
ACAGCTAAGCAGATCG,4,0.05,0.7,0.25,6
ACAGCTACAGTCGTGC,4,0.05,0.7,0.25,6
ACAGCTACATCCGCGA,1000,0.05,0.7,0.25,6
ACAGCTAGTCCAGTTA,1,0.05,0.7,0.25,6
ACAGCTAGTCCGTTAA,1000,0.05,0.7,0.25,6
ACAGCTATCAACGAAA,1,0.05,0.7,0.25,6
ACAGCTATCCGTTGTC,6,0.05,0.7,0.25,6
ACAGCTATCTGGTATG,1,0.05,0.7,0.25,6
ACATACGAGTGAATTG,4,0.05,0.7,0.25,6
ACATACGCAATGGAGC,3,0.05,0.7,0.25,6
ACATACGCACTTCGAA,4,0.05,0.7,0.25,6
ACATACGCAGTAACGG,8,0.05,0.7,0.25,6
ACATACGCAGTAGAGC,4,0.05,0.7,0.25,6
ACATACGCATCCCACT,7,0.05,0.7,0.25,6
ACATACGGTATAGGGC,1,0.05,0.7,0.25,6
ACATACGGTTCCACAA,8,0.05,0.7,0.25,6
ACATCAGAGGAGCGAG,1,0.05,0.7,0.25,6
ACATCAGAGTGGAGAA,1,0.05,0.7,0.25,6
ACATCAGCAATCCAAC,7,0.05,0.7,0.25,6
ACATCAGCAGCTATTG,1000,0.05,0.7,0.25,6
ACATCAGCAGTTCATG,4,0.05,0.7,0.25,6
ACATCAGGTAGGGTAC,3,0.05,0.7,0.25,6
ACATCAGGTCATACTG,3,0.05,0.7,0.25,6
ACATCAGTCAAACCGT,8,0.05,0.7,0.25,6
ACATCAGTCCTTAATC,8,0.05,0.7,0.25,6
ACATCAGTCCTTGACC,4,0.05,0.7,0.25,6
ACATCAGTCTCGTATT,1000,0.05,0.7,0.25,6
ACATCAGTCTCGTTTA,1000,0.05,0.7,0.25,6
ACATCAGTCTGAGGGA,8,0.05,0.7,0.25,6
ACATGGTCACCGGAAA,3,0.05,0.7,0.25,6
ACATGGTGTATCACCA,5,0.05,0.7,0.25,6
ACATGGTGTCTAGAGG,1,0.05,0.7,0.25,6
ACATGGTGTGCAGACA,7,0.05,0.7,0.25,6
ACCAGTAAGACAGAGA,1,0.05,0.7,0.25,6
ACCAGTAAGCTGCCCA,2,0.05,0.7,0.25,6
ACCAGTAAGGCAATTA,7,0.05,0.7,0.25,6
ACCAGTAAGTGTGAAT,8,0.05,0.7,0.25,6
ACCAGTACACCCATTC,1,0.05,0.7,0.25,6
ACCAGTACACGAAATA,7,0.05,0.7,0.25,6
ACCAGTACACTGAAGG,8,0.05,0.7,0.25,6
ACCAGTAGTAAGAGGA,7,0.05,0.7,0.25,6
ACCAGTAGTTACGTCA,8,0.05,0.7,0.25,6
ACCAGTATCCCTGACT,8,0.05,0.7,0.25,6
ACCAGTATCGCAGGCT,8,0.05,0.7,0.25,6
ACCAGTATCGCGCCAA,7,0.05,0.7,0.25,6
ACCAGTATCTGGTTCC,1,0.05,0.7,0.25,6
ACCCACTAGCCTCGTG,4,0.05,0.7,0.25,6
ACCCACTAGGGTTTCT,6,0.05,0.7,0.25,6
ACCCACTCAACGATGG,2,0.05,0.7,0.25,6
ACCCACTCACCAGTTA,1000,0.05,0.7,0.25,6
ACCCACTCACCCATGG,8,0.05,0.7,0.25,6
ACCCACTCATCTATGG,4,0.05,0.7,0.25,6
ACCCACTCATTCCTGC,1,0.05,0.7,0.25,6
ACCCACTGTAAGTGTA,2,0.05,0.7,0.25,6
ACCCACTGTAATTGGA,3,0.05,0.7,0.25,6
ACCCACTGTGACTCAT,3,0.05,0.7,0.25,6
ACCCACTGTGATGCCC,7,0.05,0.7,0.25,6
ACCCACTTCTCCAACC,1,0.05,0.7,0.25,6
ACCGTAAAGAGGGCTT,1000,0.05,0.7,0.25,6
ACCGTAAAGGATGGTC,3,0.05,0.7,0.25,6
ACCGTAAAGGTAGCTG,1000,0.05,0.7,0.25,6
ACCGTAACAAGACACG,3,0.05,0.7,0.25,6
ACCGTAACACCGGAAA,1,0.05,0.7,0.25,6
ACCGTAAGTATATCCG,7,0.05,0.7,0.25,6
ACCGTAAGTCCATGAT,2,0.05,0.7,0.25,6
ACCGTAAGTCTGATTG,8,0.05,0.7,0.25,6
ACCGTAAGTTGAGTTC,3,0.05,0.7,0.25,6
ACCGTAATCACTGGGC,5,0.05,0.7,0.25,6
ACCGTAATCACTTACT,1,0.05,0.7,0.25,6
ACCGTAATCAGGCCCA,4,0.05,0.7,0.25,6
ACCGTAATCATAAAGG,6,0.05,0.7,0.25,6
ACCTTTAAGAGCAATT,6,0.05,0.7,0.25,6
ACCTTTAAGCTGCAAG,3,0.05,0.7,0.25,6
ACCTTTACAATTGCTG,1,0.05,0.7,0.25,6
ACCTTTACACATTAGC,7,0.05,0.7,0.25,6
ACCTTTACATCACCCT,3,0.05,0.7,0.25,6
ACCTTTACATTAGCCA,8,0.05,0.7,0.25,6
ACCTTTAGTACGAAAT,1,0.05,0.7,0.25,6
ACCTTTAGTCCTAGCG,1000,0.05,0.7,0.25,6
ACCTTTAGTCGCATAT,1,0.05,0.7,0.25,6
ACCTTTAGTGCTCTTC,8,0.05,0.7,0.25,6
ACCTTTAGTGGTTTCA,1,0.05,0.7,0.25,6
ACCTTTAGTTGGAGGT,8,0.05,0.7,0.25,6
ACCTTTATCGTTGACA,2,0.05,0.7,0.25,6
ACGAGCCAGAAACCAT,1000,0.05,0.7,0.25,6
ACGAGCCAGACTAGGC,1000,0.05,0.7,0.25,6
ACGAGCCAGCGATCCC,3,0.05,0.7,0.25,6
ACGAGCCGTACCGCTG,1000,0.05,0.7,0.25,6
ACGAGCCGTCATACTG,4,0.05,0.7,0.25,6
ACGAGCCGTCATGCCG,1000,0.05,0.7,0.25,6
ACGAGCCGTCCGTTAA,4,0.05,0.7,0.25,6
ACGAGCCTCCCTCAGT,6,0.05,0.7,0.25,6
ACGAGCCTCTTTACAC,1,0.05,0.7,0.25,6
ACGAGGAAGACGACGT,6,0.05,0.7,0.25,6
ACGAGGACAATGGATA,8,0.05,0.7,0.25,6
ACGAGGACAGCTCCGA,7,0.05,0.7,0.25,6
ACGAGGACAGGTGGAT,5,0.05,0.7,0.25,6
ACGAGGAGTAGCTGCC,4,0.05,0.7,0.25,6
ACGAGGAGTCAATGTC,8,0.05,0.7,0.25,6
ACGAGGAGTGTTCTTT,7,0.05,0.7,0.25,6
ACGAGGATCACCTTAT,5,0.05,0.7,0.25,6
ACGAGGATCACTATTC,1,0.05,0.7,0.25,6
ACGAGGATCACTTACT,1,0.05,0.7,0.25,6
ACGAGGATCGGTTCGG,8,0.05,0.7,0.25,6
ACGAGGATCTCTGAGA,1000,0.05,0.7,0.25,6
ACGATACAGACAGGCT,2,0.05,0.7,0.25,6
ACGATACAGCCACCTG,8,0.05,0.7,0.25,6
ACGATACAGGTGCTTT,7,0.05,0.7,0.25,6
ACGATACAGTGGACGT,1,0.05,0.7,0.25,6
ACGATACCACACCGCA,7,0.05,0.7,0.25,6
ACGATACCAGGCAGTA,7,0.05,0.7,0.25,6
ACGATACGTAGAAAGG,8,0.05,0.7,0.25,6
ACGATACGTCTCTCTG,7,0.05,0.7,0.25,6
ACGATACGTTCTGTTT,5,0.05,0.7,0.25,6
ACGATACTCAATCTCT,8,0.05,0.7,0.25,6
ACGATACTCACATAGC,5,0.05,0.7,0.25,6
ACGATACTCGATAGAA,2,0.05,0.7,0.25,6
ACGATACTCGTCTGAA,6,0.05,0.7,0.25,6
ACGATACTCTAGCACA,7,0.05,0.7,0.25,6
ACGATGTAGAATAGGG,7,0.05,0.7,0.25,6
ACGATGTAGGACTGGT,7,0.05,0.7,0.25,6
ACGATGTAGGAGTAGA,6,0.05,0.7,0.25,6
ACGATGTAGTGTCTCA,1,0.05,0.7,0.25,6
ACGATGTCACGACGAA,5,0.05,0.7,0.25,6
ACGATGTGTAGCCTCG,1,0.05,0.7,0.25,6
ACGATGTGTCACTTCC,7,0.05,0.7,0.25,6
ACGATGTGTCCTAGCG,1000,0.05,0.7,0.25,6
ACGATGTGTCGACTAT,1000,0.05,0.7,0.25,6
ACGATGTGTTCCCGAG,8,0.05,0.7,0.25,6
ACGATGTTCAGGCAAG,2,0.05,0.7,0.25,6
ACGATGTTCATCGGAT,1000,0.05,0.7,0.25,6
ACGATGTTCGGAGCAA,6,0.05,0.7,0.25,6
ACGATGTTCTACTCAT,4,0.05,0.7,0.25,6
ACGCAGCAGCACAGGT,4,0.05,0.7,0.25,6
ACGCAGCAGGATCGCA,3,0.05,0.7,0.25,6
ACGCAGCAGTGTGGCA,1000,0.05,0.7,0.25,6
ACGCAGCCAGGCAGTA,7,0.05,0.7,0.25,6
ACGCAGCCAGTATGCT,2,0.05,0.7,0.25,6
ACGCAGCGTCATATCG,5,0.05,0.7,0.25,6
ACGCAGCTCCCAAGAT,2,0.05,0.7,0.25,6
ACGCAGCTCTACTTAC,4,0.05,0.7,0.25,6
ACGCAGCTCTGATACG,1,0.05,0.7,0.25,6
ACGCAGCTCTTGACGA,8,0.05,0.7,0.25,6
ACGCCAGAGCAACGGT,8,0.05,0.7,0.25,6
ACGCCAGAGCTGATAA,8,0.05,0.7,0.25,6
ACGCCAGAGGTCGGAT,1,0.05,0.7,0.25,6
ACGCCAGCATCCCATC,4,0.05,0.7,0.25,6
ACGCCAGCATTGGGCC,3,0.05,0.7,0.25,6
ACGCCAGGTAAAGTCA,4,0.05,0.7,0.25,6
ACGCCAGGTCGGGTCT,2,0.05,0.7,0.25,6
ACGCCAGTCTGCTGCT,8,0.05,0.7,0.25,6
ACGCCGAAGACTAGAT,3,0.05,0.7,0.25,6
ACGCCGAAGCCACGCT,1,0.05,0.7,0.25,6
ACGCCGAAGGCTAGGT,4,0.05,0.7,0.25,6
ACGCCGACAAGCCTAT,1000,0.05,0.7,0.25,6
ACGCCGACAGATGGCA,3,0.05,0.7,0.25,6
ACGCCGACAGCAGTTT,3,0.05,0.7,0.25,6
ACGCCGACAGCTGTGC,6,0.05,0.7,0.25,6
ACGCCGAGTTCCAACA,4,0.05,0.7,0.25,6
ACGCCGATCAACGGGA,6,0.05,0.7,0.25,6
ACGCCGATCAGGCCCA,3,0.05,0.7,0.25,6
ACGCCGATCAGTTAGC,7,0.05,0.7,0.25,6
ACGCCGATCGAGCCCA,7,0.05,0.7,0.25,6
ACGCCGATCTGGTTCC,1,0.05,0.7,0.25,6
ACGGAGAAGGACAGAA,6,0.05,0.7,0.25,6
ACGGAGACACGCATCG,3,0.05,0.7,0.25,6
ACGGAGAGTGATGATA,8,0.05,0.7,0.25,6
ACGGAGAGTTGCGCAC,8,0.05,0.7,0.25,6
ACGGAGAGTTTCCACC,3,0.05,0.7,0.25,6
ACGGAGATCCACGACG,3,0.05,0.7,0.25,6
ACGGAGATCCTAGTGA,1,0.05,0.7,0.25,6
ACGGAGATCGTCCAGG,6,0.05,0.7,0.25,6
ACGGAGATCTGAGTGT,1000,0.05,0.7,0.25,6
ACGGCCAAGATGTGGC,4,0.05,0.7,0.25,6
ACGGCCAAGCATCATC,8,0.05,0.7,0.25,6
ACGGCCACACGAAATA,8,0.05,0.7,0.25,6
ACGGCCACACTTCGAA,1,0.05,0.7,0.25,6
ACGGCCAGTGTGAATA,1,0.05,0.7,0.25,6
ACGGCCAGTGTGACCC,8,0.05,0.7,0.25,6
ACGGCCAGTGTTTGGT,2,0.05,0.7,0.25,6
ACGGCCATCCCTCTTT,1,0.05,0.7,0.25,6
ACGGCCATCGATGAGG,6,0.05,0.7,0.25,6
ACGGCCATCTTAGCCC,4,0.05,0.7,0.25,6
ACGGGCTAGGTGCTTT,1000,0.05,0.7,0.25,6
ACGGGCTAGTATCTCG,6,0.05,0.7,0.25,6
ACGGGCTCAAGTACCT,7,0.05,0.7,0.25,6
ACGGGCTCACCATGTA,3,0.05,0.7,0.25,6
ACGGGCTCACCCATTC,7,0.05,0.7,0.25,6
ACGGGCTGTCTAAAGA,3,0.05,0.7,0.25,6
ACGGGCTGTCTCCACT,1000,0.05,0.7,0.25,6
ACGGGCTTCCGAGCCA,3,0.05,0.7,0.25,6
ACGGGCTTCGCGCCAA,1000,0.05,0.7,0.25,6
ACGGGCTTCGCTTGTC,1,0.05,0.7,0.25,6
ACGGGCTTCTCACATT,3,0.05,0.7,0.25,6
ACGGGCTTCTGTGCAA,6,0.05,0.7,0.25,6
ACGGGTCAGCGAGAAA,1000,0.05,0.7,0.25,6
ACGGGTCAGCTACCGC,7,0.05,0.7,0.25,6
ACGGGTCAGGCAAAGA,4,0.05,0.7,0.25,6
ACGGGTCAGGCGCTCT,8,0.05,0.7,0.25,6
ACGGGTCAGTACGCCC,3,0.05,0.7,0.25,6
ACGGGTCCATCCTTGC,4,0.05,0.7,0.25,6
ACGGGTCCATGAACCT,3,0.05,0.7,0.25,6
ACGGGTCCATTCTTAC,1000,0.05,0.7,0.25,6
ACGGGTCGTATAGGTA,1,0.05,0.7,0.25,6
ACGGGTCGTTGTCTTT,3,0.05,0.7,0.25,6
ACGGGTCTCCAAATGC,8,0.05,0.7,0.25,6
ACGGGTCTCCCTTGTG,2,0.05,0.7,0.25,6
ACGTCAAAGCTGATAA,8,0.05,0.7,0.25,6
ACGTCAAAGGAATTAC,7,0.05,0.7,0.25,6
ACGTCAAAGTTGCAGG,7,0.05,0.7,0.25,6
ACGTCAACACATCTTT,4,0.05,0.7,0.25,6
ACGTCAACATTTCAGG,7,0.05,0.7,0.25,6
ACGTCAAGTGGTAACG,1,0.05,0.7,0.25,6
ACGTCAAGTTTAGGAA,1000,0.05,0.7,0.25,6
ACGTCAATCGCGGATC,8,0.05,0.7,0.25,6
ACTATCTAGCATGGCA,1000,0.05,0.7,0.25,6
ACTATCTAGCTCCTTC,2,0.05,0.7,0.25,6
ACTATCTAGTACACCT,5,0.05,0.7,0.25,6
ACTATCTCATCTCCCA,2,0.05,0.7,0.25,6
ACTATCTGTACCGTAT,6,0.05,0.7,0.25,6
ACTATCTGTAGCGATG,1000,0.05,0.7,0.25,6
ACTATCTTCGTCCAGG,4,0.05,0.7,0.25,6
ACTGAACAGAGAACAG,8,0.05,0.7,0.25,6
ACTGAACAGAGGTTGC,7,0.05,0.7,0.25,6
ACTGAACAGCTCCTTC,7,0.05,0.7,0.25,6
ACTGAACCAGCTCGCA,1,0.05,0.7,0.25,6
ACTGAACCAGTTCATG,8,0.05,0.7,0.25,6
ACTGAACGTCTACCTC,1,0.05,0.7,0.25,6
ACTGAACGTTCCTCCA,8,0.05,0.7,0.25,6
ACTGAACTCGGTTCGG,3,0.05,0.7,0.25,6
ACTGAGTAGAGGTTGC,3,0.05,0.7,0.25,6
ACTGAGTAGAGTACAT,3,0.05,0.7,0.25,6
ACTGAGTAGCTGCCCA,7,0.05,0.7,0.25,6
ACTGAGTAGGGTGTGT,1,0.05,0.7,0.25,6
ACTGAGTAGTTTGCGT,3,0.05,0.7,0.25,6
ACTGAGTCAAACGTGG,1000,0.05,0.7,0.25,6
ACTGAGTCACAGACAG,1,0.05,0.7,0.25,6
ACTGAGTCACCGCTAG,5,0.05,0.7,0.25,6
ACTGAGTCACTGTGTA,4,0.05,0.7,0.25,6
ACTGAGTCAGGCAGTA,1000,0.05,0.7,0.25,6
ACTGAGTCAGGTGGAT,3,0.05,0.7,0.25,6
ACTGAGTCATCGACGC,3,0.05,0.7,0.25,6
ACTGAGTGTAAAGTCA,4,0.05,0.7,0.25,6
ACTGAGTGTTGGGACA,3,0.05,0.7,0.25,6
ACTGAGTTCAAGGTAA,8,0.05,0.7,0.25,6
ACTGAGTTCCTCTAGC,3,0.05,0.7,0.25,6
ACTGAGTTCTACTCAT,3,0.05,0.7,0.25,6
ACTGATGAGAAACCGC,3,0.05,0.7,0.25,6
ACTGATGAGATGCGAC,2,0.05,0.7,0.25,6
ACTGATGCAGCATACT,5,0.05,0.7,0.25,6
ACTGATGGTGACGGTA,7,0.05,0.7,0.25,6
ACTGATGGTTGATTGC,4,0.05,0.7,0.25,6
ACTGATGTCAGTGCAT,8,0.05,0.7,0.25,6
ACTGATGTCCGCAGTG,7,0.05,0.7,0.25,6
ACTGATGTCCTTTCGG,1,0.05,0.7,0.25,6
ACTGATGTCTCAACTT,5,0.05,0.7,0.25,6
ACTGCTCAGATGGGTC,3,0.05,0.7,0.25,6
ACTGCTCAGCACAGGT,2,0.05,0.7,0.25,6
ACTGCTCAGTACGCGA,8,0.05,0.7,0.25,6
ACTGCTCAGTATTGGA,8,0.05,0.7,0.25,6
ACTGCTCGTAAGGATT,3,0.05,0.7,0.25,6
ACTGCTCGTCGCGTGT,1000,0.05,0.7,0.25,6
ACTGCTCTCACTATTC,2,0.05,0.7,0.25,6
ACTGCTCTCCAGGGCT,4,0.05,0.7,0.25,6
ACTGCTCTCTCCTATA,1000,0.05,0.7,0.25,6
ACTGCTCTCTTGACGA,1,0.05,0.7,0.25,6
ACTGTCCCAGTACACT,1,0.05,0.7,0.25,6
ACTGTCCCAGTATCTG,2,0.05,0.7,0.25,6
ACTGTCCCATGGGACA,1000,0.05,0.7,0.25,6
ACTGTCCGTCTTGTCC,4,0.05,0.7,0.25,6
ACTGTCCGTGCGAAAC,8,0.05,0.7,0.25,6
ACTGTCCGTGGTCCGT,8,0.05,0.7,0.25,6
ACTGTCCTCGAGAACG,1,0.05,0.7,0.25,6
ACTGTCCTCGTTTATC,4,0.05,0.7,0.25,6
ACTGTCCTCTCGCATC,5,0.05,0.7,0.25,6
ACTGTCCTCTGCTGTC,5,0.05,0.7,0.25,6
ACTGTCCTCTGCTTGC,4,0.05,0.7,0.25,6
ACTTACTAGATCCCGC,1,0.05,0.7,0.25,6
ACTTACTAGCGTTTAC,8,0.05,0.7,0.25,6
ACTTACTAGGCGCTCT,1000,0.05,0.7,0.25,6
ACTTACTCAACGCACC,4,0.05,0.7,0.25,6
ACTTACTCAATCGGTT,8,0.05,0.7,0.25,6
ACTTACTCACAGAGGT,3,0.05,0.7,0.25,6
ACTTACTCAGGAACGT,7,0.05,0.7,0.25,6
ACTTACTCATCCGGGT,0,0.05,0.7,0.25,6
ACTTACTGTACTTAGC,8,0.05,0.7,0.25,6
ACTTACTGTTCGTCTC,1,0.05,0.7,0.25,6
ACTTACTTCCAATGGT,8,0.05,0.7,0.25,6
ACTTACTTCCCTAACC,1,0.05,0.7,0.25,6
ACTTACTTCTAACTCT,4,0.05,0.7,0.25,6
ACTTGTTAGTCTTGCA,3,0.05,0.7,0.25,6
ACTTGTTCAATCCAAC,7,0.05,0.7,0.25,6
ACTTGTTCATACTCTT,5,0.05,0.7,0.25,6
ACTTGTTCATATGCTG,4,0.05,0.7,0.25,6
ACTTGTTCATCGGAAG,1,0.05,0.7,0.25,6
ACTTGTTGTAACGTTC,4,0.05,0.7,0.25,6
ACTTGTTGTGGTCTCG,6,0.05,0.7,0.25,6
ACTTGTTGTGTTCTTT,4,0.05,0.7,0.25,6
ACTTGTTGTTACAGAA,7,0.05,0.7,0.25,6
ACTTGTTGTTCGGGCT,6,0.05,0.7,0.25,6
ACTTTCAAGTTGTCGT,3,0.05,0.7,0.25,6
ACTTTCACAACGCACC,4,0.05,0.7,0.25,6
ACTTTCACACAAGACG,3,0.05,0.7,0.25,6
ACTTTCAGTACAGACG,7,0.05,0.7,0.25,6
ACTTTCAGTCGACTAT,2,0.05,0.7,0.25,6
ACTTTCAGTGTATGGG,8,0.05,0.7,0.25,6
ACTTTCAGTTCGTGAT,7,0.05,0.7,0.25,6
ACTTTCAGTTGATTGC,3,0.05,0.7,0.25,6
ACTTTCATCAGTCAGT,7,0.05,0.7,0.25,6
ACTTTCATCGGACAAG,1,0.05,0.7,0.25,6
AGAATAGAGTACGCGA,8,0.05,0.7,0.25,6
AGAATAGCAATGTTGC,4,0.05,0.7,0.25,6
AGAATAGGTAGCGTAG,3,0.05,0.7,0.25,6
AGAATAGGTATAGGGC,1,0.05,0.7,0.25,6
AGAATAGGTGTTGGGA,7,0.05,0.7,0.25,6
AGAATAGGTTGTTTGG,1000,0.05,0.7,0.25,6
AGAATAGGTTTCGCTC,8,0.05,0.7,0.25,6
AGACGTTAGCTTATCG,8,0.05,0.7,0.25,6
AGACGTTAGGCTAGAC,1000,0.05,0.7,0.25,6
AGACGTTAGGTGCACA,3,0.05,0.7,0.25,6
AGACGTTAGTCGTTTG,8,0.05,0.7,0.25,6
AGACGTTCAAAGTGCG,8,0.05,0.7,0.25,6
AGACGTTCACCTCGTT,1,0.05,0.7,0.25,6
AGACGTTCAGGCGATA,8,0.05,0.7,0.25,6
AGACGTTCATCGGACC,4,0.05,0.7,0.25,6
AGACGTTGTAAAGGAG,8,0.05,0.7,0.25,6
AGACGTTGTACCGCTG,2,0.05,0.7,0.25,6
AGACGTTGTCGCGGTT,1,0.05,0.7,0.25,6
AGACGTTGTGTGTGCC,4,0.05,0.7,0.25,6
AGACGTTTCCTTTCGG,4,0.05,0.7,0.25,6
AGACGTTTCGTCCAGG,1,0.05,0.7,0.25,6
AGAGCGAAGAGCAATT,1,0.05,0.7,0.25,6
AGAGCGAAGATATACG,5,0.05,0.7,0.25,6
AGAGCGAAGCAGGCTA,3,0.05,0.7,0.25,6
AGAGCGAAGCGCTTAT,3,0.05,0.7,0.25,6
AGAGCGAAGGAATTAC,7,0.05,0.7,0.25,6
AGAGCGAAGGAGCGAG,3,0.05,0.7,0.25,6
AGAGCGAAGGAGTCTG,6,0.05,0.7,0.25,6
AGAGCGACAGTACACT,1000,0.05,0.7,0.25,6
AGAGCGACAGTCGATT,7,0.05,0.7,0.25,6
AGAGCGACATCTACGA,8,0.05,0.7,0.25,6
AGAGCGAGTAGCGCTC,4,0.05,0.7,0.25,6
AGAGCGAGTCGCGTGT,1,0.05,0.7,0.25,6
AGAGCGAGTGGACGAT,3,0.05,0.7,0.25,6
AGAGCGAGTGGCGAAT,1,0.05,0.7,0.25,6
AGAGCTTCATGAAGTA,1000,0.05,0.7,0.25,6
AGAGCTTGTAAACACA,7,0.05,0.7,0.25,6
AGAGCTTGTCTAGCGC,8,0.05,0.7,0.25,6
AGAGCTTTCACATAGC,3,0.05,0.7,0.25,6
AGAGTGGAGAGCCTAG,4,0.05,0.7,0.25,6
AGAGTGGAGGCATTGG,1000,0.05,0.7,0.25,6
AGAGTGGCAACGATCT,1,0.05,0.7,0.25,6
AGAGTGGGTGTCTGAT,5,0.05,0.7,0.25,6
AGAGTGGGTTGTGGAG,1000,0.05,0.7,0.25,6
AGAGTGGTCAACGAAA,6,0.05,0.7,0.25,6
AGAGTGGTCACTTATC,8,0.05,0.7,0.25,6
AGAGTGGTCCGCATAA,8,0.05,0.7,0.25,6
AGATCTGAGCTAGTCT,2,0.05,0.7,0.25,6
AGATCTGCACGGATAG,1,0.05,0.7,0.25,6
AGATCTGGTAACGCGA,1000,0.05,0.7,0.25,6
AGATCTGTCATTTGGG,4,0.05,0.7,0.25,6
AGATCTGTCCCAAGAT,8,0.05,0.7,0.25,6
AGATCTGTCTACGAGT,8,0.05,0.7,0.25,6
AGATCTGTCTTCTGGC,2,0.05,0.7,0.25,6
AGATTGCAGCACACAG,4,0.05,0.7,0.25,6
AGATTGCAGGCTCATT,1000,0.05,0.7,0.25,6
AGATTGCAGGGCACTA,7,0.05,0.7,0.25,6
AGATTGCCAAAGTGCG,2,0.05,0.7,0.25,6
AGATTGCCAGACTCGC,7,0.05,0.7,0.25,6
AGATTGCCATCCGCGA,4,0.05,0.7,0.25,6
AGATTGCGTAAACCTC,1,0.05,0.7,0.25,6
AGATTGCGTGAGGGTT,1,0.05,0.7,0.25,6
AGATTGCTCATACGGT,5,0.05,0.7,0.25,6
AGCAGCCAGCGCCTCA,5,0.05,0.7,0.25,6
AGCAGCCAGGCTAGCA,4,0.05,0.7,0.25,6
AGCAGCCAGGGTCTCC,3,0.05,0.7,0.25,6
AGCAGCCCAGCGTTCG,8,0.05,0.7,0.25,6
AGCAGCCCATTGCGGC,5,0.05,0.7,0.25,6
AGCAGCCGTCAAGCGA,3,0.05,0.7,0.25,6
AGCAGCCGTCTTGTCC,1000,0.05,0.7,0.25,6
AGCAGCCGTTCGTGAT,1,0.05,0.7,0.25,6
AGCATACCATGTCCTC,1000,0.05,0.7,0.25,6
AGCCTAAAGCCGCCTA,1,0.05,0.7,0.25,6
AGCCTAAAGTGAACGC,3,0.05,0.7,0.25,6
AGCCTAACAGGATCGA,3,0.05,0.7,0.25,6
AGCCTAACAGTCACTA,1,0.05,0.7,0.25,6
AGCCTAAGTTGGAGGT,8,0.05,0.7,0.25,6
AGCCTAAGTTTGGCGC,4,0.05,0.7,0.25,6
AGCCTAATCACTCCTG,7,0.05,0.7,0.25,6
AGCCTAATCCCATTAT,2,0.05,0.7,0.25,6
AGCGGTCAGCTAGTGG,4,0.05,0.7,0.25,6
AGCGGTCAGGCTAGGT,0,0.05,0.7,0.25,6
AGCGGTCCAAGTCTAC,3,0.05,0.7,0.25,6
AGCGGTCCAATAGCGG,8,0.05,0.7,0.25,6
AGCGGTCCAATGGACG,8,0.05,0.7,0.25,6
AGCGGTCCAATGGTCT,7,0.05,0.7,0.25,6
AGCGGTCGTTCGTTGA,1,0.05,0.7,0.25,6
AGCGGTCGTTTGACTG,4,0.05,0.7,0.25,6
AGCGGTCTCCCTAACC,1,0.05,0.7,0.25,6
AGCGTATAGTAAGTAC,4,0.05,0.7,0.25,6
AGCGTATCACCTCGTT,2,0.05,0.7,0.25,6
AGCGTATCAGATGGCA,3,0.05,0.7,0.25,6
AGCGTATCATCCGCGA,8,0.05,0.7,0.25,6
AGCGTATCATGCTGGC,4,0.05,0.7,0.25,6
AGCGTATGTGGACGAT,2,0.05,0.7,0.25,6
AGCGTATGTTACGGAG,8,0.05,0.7,0.25,6
AGCGTATGTTGGTGGA,2,0.05,0.7,0.25,6
AGCGTATTCACCATAG,7,0.05,0.7,0.25,6
AGCGTATTCCAAGCCG,1,0.05,0.7,0.25,6
AGCGTATTCGAACGGA,1000,0.05,0.7,0.25,6
AGCGTATTCGCCAAAT,8,0.05,0.7,0.25,6
AGCGTATTCGCGCCAA,8,0.05,0.7,0.25,6
AGCGTCGAGAAACCAT,1,0.05,0.7,0.25,6
AGCGTCGAGACTAGAT,1,0.05,0.7,0.25,6
AGCGTCGAGACTTTCG,4,0.05,0.7,0.25,6
AGCGTCGAGTCTTGCA,3,0.05,0.7,0.25,6
AGCGTCGCAACGATGG,4,0.05,0.7,0.25,6
AGCGTCGCACTACAGT,1,0.05,0.7,0.25,6
AGCGTCGCATCGGGTC,2,0.05,0.7,0.25,6
AGCGTCGGTGAGGGTT,7,0.05,0.7,0.25,6
AGCGTCGGTGGTACAG,7,0.05,0.7,0.25,6
AGCGTCGGTGTTCTTT,3,0.05,0.7,0.25,6
AGCGTCGGTTAGTGGG,1,0.05,0.7,0.25,6
AGCGTCGTCAAGGCTT,8,0.05,0.7,0.25,6
AGCGTCGTCAATCACG,1,0.05,0.7,0.25,6
AGCGTCGTCGGCGGTT,8,0.05,0.7,0.25,6
AGCGTCGTCTGCGTAA,3,0.05,0.7,0.25,6
AGCTCCTAGAGAACAG,8,0.05,0.7,0.25,6
AGCTCCTAGCCCGAAA,3,0.05,0.7,0.25,6
AGCTCCTCAAGACGTG,6,0.05,0.7,0.25,6
AGCTCCTCACCGCTAG,1000,0.05,0.7,0.25,6
AGCTCCTCAGGGTTAG,5,0.05,0.7,0.25,6
AGCTCCTGTACATCCA,1,0.05,0.7,0.25,6
AGCTCCTGTAGAAAGG,2,0.05,0.7,0.25,6
AGCTCCTGTCGAAAGC,1,0.05,0.7,0.25,6
AGCTCCTGTCGACTGC,6,0.05,0.7,0.25,6
AGCTCCTTCGCGCCAA,1,0.05,0.7,0.25,6
AGCTCCTTCGTTGCCT,6,0.05,0.7,0.25,6
AGCTCTCAGGATGGAA,1000,0.05,0.7,0.25,6
AGCTCTCAGGCGACAT,8,0.05,0.7,0.25,6
AGCTCTCAGTATCGAA,8,0.05,0.7,0.25,6
AGCTCTCCATATACCG,1,0.05,0.7,0.25,6
AGCTCTCGTCTGCGGT,6,0.05,0.7,0.25,6
AGCTCTCTCACTCCTG,5,0.05,0.7,0.25,6
AGCTCTCTCCTATGTT,8,0.05,0.7,0.25,6
AGCTCTCTCGCCAGCA,1,0.05,0.7,0.25,6
AGCTCTCTCGGCATCG,1000,0.05,0.7,0.25,6
AGCTTGAAGATCCCAT,2,0.05,0.7,0.25,6
AGCTTGAAGCTGTCTA,7,0.05,0.7,0.25,6
AGCTTGAAGGCTAGAC,4,0.05,0.7,0.25,6
AGCTTGAAGGGTGTGT,2,0.05,0.7,0.25,6
AGCTTGAAGTACGTAA,5,0.05,0.7,0.25,6
AGCTTGAAGTGTCCAT,1,0.05,0.7,0.25,6
AGCTTGAAGTTACGGG,2,0.05,0.7,0.25,6
AGCTTGAAGTTCGCGC,1000,0.05,0.7,0.25,6
AGCTTGACATAAGACA,3,0.05,0.7,0.25,6
AGCTTGACATGACGGA,1000,0.05,0.7,0.25,6
AGCTTGAGTGACGGTA,6,0.05,0.7,0.25,6
AGCTTGAGTTAAAGTG,1000,0.05,0.7,0.25,6
AGCTTGATCAACACGT,7,0.05,0.7,0.25,6
AGCTTGATCCAAAGTC,7,0.05,0.7,0.25,6
AGCTTGATCGTTTATC,8,0.05,0.7,0.25,6
AGGCCACAGATGAGAG,1000,0.05,0.7,0.25,6
AGGCCACAGCTCTCGG,7,0.05,0.7,0.25,6
AGGCCACAGGGTCGAT,3,0.05,0.7,0.25,6
AGGCCACCAACACGCC,8,0.05,0.7,0.25,6
AGGCCACGTGATGCCC,1,0.05,0.7,0.25,6
AGGCCACGTTACAGAA,1,0.05,0.7,0.25,6
AGGCCACTCGAACGGA,5,0.05,0.7,0.25,6
AGGCCACTCGCGGATC,3,0.05,0.7,0.25,6
AGGCCACTCGTCTGCT,5,0.05,0.7,0.25,6
AGGCCACTCTCACATT,1,0.05,0.7,0.25,6
AGGCCGTAGCACACAG,5,0.05,0.7,0.25,6
AGGCCGTAGCCAGAAC,3,0.05,0.7,0.25,6
AGGCCGTAGCTACCGC,3,0.05,0.7,0.25,6
AGGCCGTAGGACCACA,7,0.05,0.7,0.25,6
AGGCCGTAGGGTCTCC,7,0.05,0.7,0.25,6
AGGCCGTCAAAGTCAA,8,0.05,0.7,0.25,6
AGGCCGTCACACTGCG,1000,0.05,0.7,0.25,6
AGGCCGTCACCGAAAG,1,0.05,0.7,0.25,6
AGGCCGTCATCGGGTC,1000,0.05,0.7,0.25,6
AGGCCGTCATGATCCA,8,0.05,0.7,0.25,6
AGGCCGTCATGGTCAT,4,0.05,0.7,0.25,6
AGGCCGTGTAATCACC,8,0.05,0.7,0.25,6
AGGCCGTGTTCAGTAC,7,0.05,0.7,0.25,6
AGGCCGTTCAACTCTT,5,0.05,0.7,0.25,6
AGGCCGTTCAGCTCGG,8,0.05,0.7,0.25,6
AGGCCGTTCAGTGTTG,4,0.05,0.7,0.25,6
AGGCCGTTCTTGTATC,3,0.05,0.7,0.25,6
AGGGAGTAGTTTGCGT,2,0.05,0.7,0.25,6
AGGGAGTCAATCAGAA,8,0.05,0.7,0.25,6
AGGGAGTCATGAAGTA,1,0.05,0.7,0.25,6
AGGGAGTCATTTCACT,5,0.05,0.7,0.25,6
AGGGAGTCATTTCAGG,1,0.05,0.7,0.25,6
AGGGAGTGTGTAAGTA,2,0.05,0.7,0.25,6
AGGGAGTTCACCCTCA,3,0.05,0.7,0.25,6
AGGGAGTTCTGACCTC,8,0.05,0.7,0.25,6
AGGGATGAGAATGTTG,8,0.05,0.7,0.25,6
AGGGATGAGCCAGTAG,4,0.05,0.7,0.25,6
AGGGATGAGCGTAATA,7,0.05,0.7,0.25,6
AGGGATGAGTACCGGA,2,0.05,0.7,0.25,6
AGGGATGCAAAGCAAT,7,0.05,0.7,0.25,6
AGGGATGCAAGCCGTC,3,0.05,0.7,0.25,6
AGGGATGGTAGAAAGG,7,0.05,0.7,0.25,6
AGGGATGTCCCACTTG,7,0.05,0.7,0.25,6
AGGGATGTCGATCCCT,7,0.05,0.7,0.25,6
AGGGTGAAGACACGAC,8,0.05,0.7,0.25,6
AGGGTGAAGACAGGCT,1,0.05,0.7,0.25,6
AGGGTGAAGCCACGTC,5,0.05,0.7,0.25,6
AGGGTGAAGCGCCTTG,1000,0.05,0.7,0.25,6
AGGGTGAAGTGCCATT,1,0.05,0.7,0.25,6
AGGGTGAAGTGGGATC,3,0.05,0.7,0.25,6
AGGGTGACACACGCTG,5,0.05,0.7,0.25,6
AGGGTGACATTAGCCA,8,0.05,0.7,0.25,6
AGGGTGAGTCCAGTGC,1,0.05,0.7,0.25,6
AGGGTGATCAGCGACC,5,0.05,0.7,0.25,6
AGGGTGATCATGTAGC,5,0.05,0.7,0.25,6
AGGGTGATCCAAGTAC,3,0.05,0.7,0.25,6
AGGGTGATCCCTCAGT,1,0.05,0.7,0.25,6
AGGGTGATCTCTAAGG,5,0.05,0.7,0.25,6
AGGTCATAGCGTAATA,5,0.05,0.7,0.25,6
AGGTCATAGTATTGGA,7,0.05,0.7,0.25,6
AGGTCATCACCACGTG,2,0.05,0.7,0.25,6
AGGTCATCACGGCCAT,5,0.05,0.7,0.25,6
AGGTCATCAGACAAAT,6,0.05,0.7,0.25,6
AGGTCATGTACCGGCT,3,0.05,0.7,0.25,6
AGGTCATGTCGCGGTT,3,0.05,0.7,0.25,6
AGGTCATGTGCACCAC,8,0.05,0.7,0.25,6
AGGTCATGTGCTCTTC,2,0.05,0.7,0.25,6
AGGTCATTCAATAAGG,3,0.05,0.7,0.25,6
AGGTCATTCATAACCG,6,0.05,0.7,0.25,6
AGGTCATTCTACGAGT,1,0.05,0.7,0.25,6
AGGTCATTCTGACCTC,4,0.05,0.7,0.25,6
AGGTCCGAGACAATAC,4,0.05,0.7,0.25,6
AGGTCCGAGCCCAATT,3,0.05,0.7,0.25,6
AGGTCCGAGGCTAGCA,8,0.05,0.7,0.25,6
AGGTCCGAGGGCACTA,4,0.05,0.7,0.25,6
AGGTCCGCAAGGTTTC,5,0.05,0.7,0.25,6
AGGTCCGCACATCCGG,3,0.05,0.7,0.25,6
AGGTCCGCAGGAATGC,8,0.05,0.7,0.25,6
AGGTCCGCATCGTCGG,3,0.05,0.7,0.25,6
AGGTCCGGTTCACGGC,5,0.05,0.7,0.25,6
AGGTCCGTCAGGTTCA,7,0.05,0.7,0.25,6
AGTAGTCAGAGGTACC,5,0.05,0.7,0.25,6
AGTAGTCCAAACGTGG,3,0.05,0.7,0.25,6
AGTAGTCCAATCTGCA,8,0.05,0.7,0.25,6
AGTAGTCCAATGGAAT,1,0.05,0.7,0.25,6
AGTAGTCCAGACTCGC,5,0.05,0.7,0.25,6
AGTAGTCGTCAGATAA,2,0.05,0.7,0.25,6
AGTAGTCGTGCATCTA,8,0.05,0.7,0.25,6
AGTAGTCGTGTCAATC,7,0.05,0.7,0.25,6
AGTAGTCTCAACCAAC,3,0.05,0.7,0.25,6
AGTAGTCTCACTTACT,2,0.05,0.7,0.25,6
AGTAGTCTCCATGCTC,8,0.05,0.7,0.25,6
AGTAGTCTCCCAGGTG,1000,0.05,0.7,0.25,6
AGTAGTCTCCTGTACC,4,0.05,0.7,0.25,6
AGTCTTTAGAAAGTGG,5,0.05,0.7,0.25,6
AGTCTTTAGACGCAAC,7,0.05,0.7,0.25,6
AGTCTTTAGGGAGTAA,4,0.05,0.7,0.25,6
AGTCTTTAGTGGGCTA,1000,0.05,0.7,0.25,6
AGTCTTTAGTGTCTCA,3,0.05,0.7,0.25,6
AGTCTTTCAATTGCTG,2,0.05,0.7,0.25,6
AGTCTTTCACGGCGTT,8,0.05,0.7,0.25,6
AGTCTTTCATGTCGAT,8,0.05,0.7,0.25,6
AGTCTTTGTCATGCAT,1000,0.05,0.7,0.25,6
AGTCTTTGTCTCAACA,1000,0.05,0.7,0.25,6
AGTCTTTTCAACGAAA,3,0.05,0.7,0.25,6
AGTCTTTTCCACGAAT,7,0.05,0.7,0.25,6
AGTCTTTTCCTTTACA,1000,0.05,0.7,0.25,6
AGTGAGGAGATGAGAG,7,0.05,0.7,0.25,6
AGTGAGGGTGCAACGA,5,0.05,0.7,0.25,6
AGTGAGGGTTCACGGC,3,0.05,0.7,0.25,6
AGTGAGGTCAAAGTAG,8,0.05,0.7,0.25,6
AGTGAGGTCGGTTCGG,2,0.05,0.7,0.25,6
AGTGGGAAGACTGTAA,3,0.05,0.7,0.25,6
AGTGGGACATGCCTAA,2,0.05,0.7,0.25,6
AGTGGGAGTAAATACG,1000,0.05,0.7,0.25,6
AGTGGGAGTAATCGTC,6,0.05,0.7,0.25,6
AGTGGGAGTACCGCTG,8,0.05,0.7,0.25,6
AGTGGGAGTTTGCATG,3,0.05,0.7,0.25,6
AGTGGGATCGCCTGTT,7,0.05,0.7,0.25,6
AGTGGGATCGTACGGC,2,0.05,0.7,0.25,6
AGTGGGATCTGCTTGC,8,0.05,0.7,0.25,6
AGTGTCAAGCGATATA,1,0.05,0.7,0.25,6
AGTGTCACAATGGACG,8,0.05,0.7,0.25,6
AGTGTCACAATGGATA,3,0.05,0.7,0.25,6
AGTGTCACAGATGGGT,7,0.05,0.7,0.25,6
AGTGTCAGTGTTTGGT,3,0.05,0.7,0.25,6
AGTGTCAGTTATCACG,5,0.05,0.7,0.25,6
AGTGTCATCACGCGGT,7,0.05,0.7,0.25,6
AGTGTCATCCTTTACA,7,0.05,0.7,0.25,6
AGTGTCATCGTGGGAA,4,0.05,0.7,0.25,6
AGTTGGTAGAAACCGC,7,0.05,0.7,0.25,6
AGTTGGTAGTCTCAAC,5,0.05,0.7,0.25,6
AGTTGGTCAGATCTGT,1,0.05,0.7,0.25,6
AGTTGGTGTAAGCACG,2,0.05,0.7,0.25,6
AGTTGGTGTCGTGGCT,1,0.05,0.7,0.25,6
AGTTGGTGTTACCGAT,1000,0.05,0.7,0.25,6
AGTTGGTTCACAAACC,3,0.05,0.7,0.25,6
AGTTGGTTCGTCTGAA,2,0.05,0.7,0.25,6
ATAACGCAGCGATCCC,3,0.05,0.7,0.25,6
ATAACGCCACAGATTC,4,0.05,0.7,0.25,6
ATAACGCCACGGATAG,1000,0.05,0.7,0.25,6
ATAACGCCATCACGAT,1,0.05,0.7,0.25,6
ATAACGCCATCTCGCT,2,0.05,0.7,0.25,6
ATAACGCGTCGCGTGT,8,0.05,0.7,0.25,6
ATAACGCGTTCAGCGC,6,0.05,0.7,0.25,6
ATAACGCTCAATCACG,5,0.05,0.7,0.25,6
ATAACGCTCGTCACGG,8,0.05,0.7,0.25,6
ATAAGAGAGGCTACGA,1000,0.05,0.7,0.25,6
ATAAGAGCAGATAATG,3,0.05,0.7,0.25,6
ATAAGAGCATGCCTAA,4,0.05,0.7,0.25,6
ATAAGAGCATGTAAGA,4,0.05,0.7,0.25,6
ATAAGAGTCATAAAGG,7,0.05,0.7,0.25,6
ATAAGAGTCGTCGTTC,8,0.05,0.7,0.25,6
ATAGACCAGCCGTCGT,1000,0.05,0.7,0.25,6
ATAGACCAGCGTGAGT,4,0.05,0.7,0.25,6
ATAGACCCAAGCCGCT,7,0.05,0.7,0.25,6
ATAGACCGTCCCGACA,1,0.05,0.7,0.25,6
ATAGACCGTCCGTCAG,4,0.05,0.7,0.25,6
ATAGACCGTCGCGAAA,7,0.05,0.7,0.25,6
ATAGACCGTGACCAAG,7,0.05,0.7,0.25,6
ATAGACCTCCAACCAA,8,0.05,0.7,0.25,6
ATAGACCTCTATCGCC,3,0.05,0.7,0.25,6
ATCACGAAGACTACAA,2,0.05,0.7,0.25,6
ATCACGAAGATACACA,2,0.05,0.7,0.25,6
ATCACGAAGGAATCGC,5,0.05,0.7,0.25,6
ATCACGAAGGATATAC,7,0.05,0.7,0.25,6
ATCACGAAGGTGCACA,5,0.05,0.7,0.25,6
ATCACGACAAAGTCAA,3,0.05,0.7,0.25,6
ATCACGACAAGTAATG,1,0.05,0.7,0.25,6
ATCACGACAAGTACCT,7,0.05,0.7,0.25,6
ATCACGACAGGGTACA,1000,0.05,0.7,0.25,6
ATCACGACAGTAACGG,7,0.05,0.7,0.25,6
ATCACGACATGTCCTC,6,0.05,0.7,0.25,6
ATCACGATCACGCATA,5,0.05,0.7,0.25,6
ATCACGATCAGCGACC,4,0.05,0.7,0.25,6
ATCACGATCTACGAGT,1,0.05,0.7,0.25,6
ATCATCTAGAGGTAGA,2,0.05,0.7,0.25,6
ATCATCTAGATCCCAT,1000,0.05,0.7,0.25,6
ATCATCTAGTGATCGG,2,0.05,0.7,0.25,6
ATCATCTCATTACGAC,2,0.05,0.7,0.25,6
ATCATCTGTACTCTCC,2,0.05,0.7,0.25,6
ATCATCTGTGAAAGAG,1,0.05,0.7,0.25,6
ATCATCTGTGCAACGA,2,0.05,0.7,0.25,6
ATCATCTGTTGGTAAA,8,0.05,0.7,0.25,6
ATCATCTTCAAAGTAG,1,0.05,0.7,0.25,6
ATCATCTTCACGACTA,3,0.05,0.7,0.25,6
ATCATCTTCGATGAGG,7,0.05,0.7,0.25,6
ATCATGGAGAGAACAG,5,0.05,0.7,0.25,6
ATCATGGAGCTAGTCT,1000,0.05,0.7,0.25,6
ATCATGGAGGGTATCG,5,0.05,0.7,0.25,6
ATCATGGAGTGTTTGC,8,0.05,0.7,0.25,6
ATCATGGCAAGGTGTG,3,0.05,0.7,0.25,6
ATCATGGCACCCAGTG,4,0.05,0.7,0.25,6
ATCATGGCATACGCCG,3,0.05,0.7,0.25,6
ATCATGGGTATTCTCT,8,0.05,0.7,0.25,6
ATCATGGGTTCCGGCA,3,0.05,0.7,0.25,6
ATCATGGTCGATAGAA,5,0.05,0.7,0.25,6
ATCATGGTCGGAGGTA,8,0.05,0.7,0.25,6
ATCATGGTCGTTTAGG,4,0.05,0.7,0.25,6
ATCCACCCAAGCTGAG,1000,0.05,0.7,0.25,6
ATCCACCCAATGGAGC,3,0.05,0.7,0.25,6
ATCCACCCAGCTGTGC,5,0.05,0.7,0.25,6
ATCCACCGTCTTGATG,3,0.05,0.7,0.25,6
ATCCACCGTGCAACGA,4,0.05,0.7,0.25,6
ATCCACCGTGCGCTTG,3,0.05,0.7,0.25,6
ATCCACCGTTATCGGT,1,0.05,0.7,0.25,6
ATCCACCTCAGAGCTT,1,0.05,0.7,0.25,6
ATCCACCTCCTGCTTG,1,0.05,0.7,0.25,6
ATCCACCTCGAATCCA,7,0.05,0.7,0.25,6
ATCCACCTCTCTGTCG,3,0.05,0.7,0.25,6
ATCCGAAAGAAGGACA,1,0.05,0.7,0.25,6
ATCCGAAAGATCGATA,1,0.05,0.7,0.25,6
ATCCGAAAGCAGGTCA,7,0.05,0.7,0.25,6
ATCCGAAAGCGTGTCC,2,0.05,0.7,0.25,6
ATCCGAAAGGAGTTGC,1000,0.05,0.7,0.25,6
ATCCGAACAATCAGAA,8,0.05,0.7,0.25,6
ATCCGAACACGGCCAT,2,0.05,0.7,0.25,6
ATCCGAACAGTAACGG,8,0.05,0.7,0.25,6
ATCCGAAGTCCCTACT,8,0.05,0.7,0.25,6
ATCCGAAGTCTAGTCA,3,0.05,0.7,0.25,6
ATCCGAAGTGACTACT,1,0.05,0.7,0.25,6
ATCCGAAGTGCACGAA,4,0.05,0.7,0.25,6
ATCCGAAGTGCTCTTC,1000,0.05,0.7,0.25,6
ATCCGAAGTTCCACTC,8,0.05,0.7,0.25,6
ATCCGAAGTTTCGCTC,7,0.05,0.7,0.25,6
ATCCGAATCAGTACGT,8,0.05,0.7,0.25,6
ATCCGAATCCAAATGC,3,0.05,0.7,0.25,6
ATCCGAATCCACGAAT,1,0.05,0.7,0.25,6
ATCCGAATCCGTACAA,8,0.05,0.7,0.25,6
ATCCGAATCCTCATTA,1000,0.05,0.7,0.25,6
ATCCGAATCTTGTCAT,8,0.05,0.7,0.25,6
ATCGAGTAGAGTTGGC,6,0.05,0.7,0.25,6
ATCGAGTAGCAGCCTC,2,0.05,0.7,0.25,6
ATCGAGTAGCTAGCCC,1,0.05,0.7,0.25,6
ATCGAGTAGTAGTGCG,3,0.05,0.7,0.25,6
ATCGAGTCAAATACAG,7,0.05,0.7,0.25,6
ATCGAGTCATCCTTGC,8,0.05,0.7,0.25,6
ATCGAGTGTTATCGGT,8,0.05,0.7,0.25,6
ATCGAGTTCACTCTTA,8,0.05,0.7,0.25,6
ATCGAGTTCTTACCTA,3,0.05,0.7,0.25,6
ATCTACTAGAATAGGG,1,0.05,0.7,0.25,6
ATCTACTAGACTAGGC,1,0.05,0.7,0.25,6
ATCTACTAGAGGGCTT,4,0.05,0.7,0.25,6
ATCTACTAGCCTCGTG,1,0.05,0.7,0.25,6
ATCTACTAGGAATGGA,3,0.05,0.7,0.25,6
ATCTACTAGGGTTTCT,5,0.05,0.7,0.25,6
ATCTACTCATCCGTGG,4,0.05,0.7,0.25,6
ATCTACTCATTCCTCG,1000,0.05,0.7,0.25,6
ATCTACTCATTCTCAT,2,0.05,0.7,0.25,6
ATCTACTGTATCGCAT,4,0.05,0.7,0.25,6
ATCTACTGTCAGATAA,1,0.05,0.7,0.25,6
ATCTACTTCAGTACGT,7,0.05,0.7,0.25,6
ATCTACTTCATACGGT,2,0.05,0.7,0.25,6
ATCTACTTCCGTCAAA,3,0.05,0.7,0.25,6
ATCTACTTCTGTCTAT,3,0.05,0.7,0.25,6
ATCTGCCAGACTAGGC,1,0.05,0.7,0.25,6
ATCTGCCAGAGGTTGC,4,0.05,0.7,0.25,6
ATCTGCCAGAGTGACC,5,0.05,0.7,0.25,6
ATCTGCCAGGGTTCCC,6,0.05,0.7,0.25,6
ATCTGCCCACCATCCT,8,0.05,0.7,0.25,6
ATCTGCCCACTAAGTC,1000,0.05,0.7,0.25,6
ATCTGCCCAGCCAATT,1,0.05,0.7,0.25,6
ATCTGCCCAGCTCCGA,1000,0.05,0.7,0.25,6
ATCTGCCCAGCTTCGG,8,0.05,0.7,0.25,6
ATCTGCCGTAAACACA,4,0.05,0.7,0.25,6
ATCTGCCGTCTCATCC,1000,0.05,0.7,0.25,6
ATCTGCCTCAAACCGT,1,0.05,0.7,0.25,6
ATCTGCCTCAGTTCGA,3,0.05,0.7,0.25,6
ATGAGGGAGCAACGGT,4,0.05,0.7,0.25,6
ATGAGGGGTAATCACC,8,0.05,0.7,0.25,6
ATGAGGGGTAGCAAAT,8,0.05,0.7,0.25,6
ATGAGGGGTAGCGTCC,7,0.05,0.7,0.25,6
ATGAGGGGTCCCTACT,1,0.05,0.7,0.25,6
ATGAGGGGTCCTGCTT,4,0.05,0.7,0.25,6
ATGAGGGGTCGTTGTA,3,0.05,0.7,0.25,6
ATGAGGGGTCTCCATC,5,0.05,0.7,0.25,6
ATGAGGGGTGCACCAC,2,0.05,0.7,0.25,6
ATGAGGGGTTAAAGTG,8,0.05,0.7,0.25,6
ATGAGGGGTTAAGATG,4,0.05,0.7,0.25,6
ATGAGGGGTTGCGCAC,1,0.05,0.7,0.25,6
ATGAGGGTCAGGCCCA,7,0.05,0.7,0.25,6
ATGCGATAGATCACGG,8,0.05,0.7,0.25,6
ATGCGATAGGAGTTGC,1,0.05,0.7,0.25,6
ATGCGATAGTGACTCT,4,0.05,0.7,0.25,6
ATGCGATCAAGTAGTA,4,0.05,0.7,0.25,6
ATGCGATGTTGTGGAG,8,0.05,0.7,0.25,6
ATGCGATTCAGCTCTC,2,0.05,0.7,0.25,6
ATGCGATTCCACTGGG,3,0.05,0.7,0.25,6
ATGCGATTCTACCAGA,7,0.05,0.7,0.25,6
ATGGGAGAGAGGGATA,6,0.05,0.7,0.25,6
ATGGGAGAGATGGGTC,1,0.05,0.7,0.25,6
ATGGGAGAGTCAATAG,4,0.05,0.7,0.25,6
ATGGGAGAGTCTCAAC,1000,0.05,0.7,0.25,6
ATGGGAGAGTGAACGC,2,0.05,0.7,0.25,6
ATGGGAGCACATTCGA,1,0.05,0.7,0.25,6
ATGGGAGCAGTCGATT,3,0.05,0.7,0.25,6
ATGGGAGCATGCTAGT,1000,0.05,0.7,0.25,6
ATGGGAGGTAGCAAAT,2,0.05,0.7,0.25,6
ATGGGAGGTGTCTGAT,3,0.05,0.7,0.25,6
ATGTGTGAGAAGATTC,8,0.05,0.7,0.25,6
ATGTGTGAGCTGAACG,1,0.05,0.7,0.25,6
ATGTGTGCAATGTAAG,8,0.05,0.7,0.25,6
ATGTGTGCACAGGTTT,3,0.05,0.7,0.25,6
ATGTGTGCACGCCAGT,8,0.05,0.7,0.25,6
ATGTGTGCATAGAAAC,7,0.05,0.7,0.25,6
ATGTGTGCATGGTCTA,5,0.05,0.7,0.25,6
ATGTGTGTCAGGCAAG,5,0.05,0.7,0.25,6
ATGTGTGTCCACGACG,3,0.05,0.7,0.25,6
ATGTGTGTCCCTAACC,4,0.05,0.7,0.25,6
ATGTGTGTCTATCGCC,8,0.05,0.7,0.25,6
ATTACTCAGGAGTTGC,4,0.05,0.7,0.25,6
ATTACTCCACCTGGTG,0,0.05,0.7,0.25,6
ATTACTCCACGCATCG,3,0.05,0.7,0.25,6
ATTACTCCACTTAAGC,7,0.05,0.7,0.25,6
ATTACTCGTAAATGAC,1,0.05,0.7,0.25,6
ATTACTCGTAGCGATG,0,0.05,0.7,0.25,6
ATTACTCGTATTACCG,8,0.05,0.7,0.25,6
ATTACTCGTTCCACTC,1,0.05,0.7,0.25,6
ATTACTCTCACAACGT,7,0.05,0.7,0.25,6
ATTACTCTCATGCTCC,8,0.05,0.7,0.25,6
ATTACTCTCCAGAAGG,1,0.05,0.7,0.25,6
ATTACTCTCCAGTAGT,1000,0.05,0.7,0.25,6
ATTACTCTCGGAAATA,8,0.05,0.7,0.25,6
ATTACTCTCGGTTAAC,1000,0.05,0.7,0.25,6
ATTACTCTCTCGCTTG,3,0.05,0.7,0.25,6
ATTATCCAGTAGGCCA,1000,0.05,0.7,0.25,6
ATTATCCAGTTACGGG,5,0.05,0.7,0.25,6
ATTATCCCAGCGTAAG,5,0.05,0.7,0.25,6
ATTATCCCAGGAACGT,1,0.05,0.7,0.25,6
ATTATCCGTCCGTTAA,1,0.05,0.7,0.25,6
ATTATCCGTCTCTTAT,1,0.05,0.7,0.25,6
ATTATCCGTGTCCTCT,1,0.05,0.7,0.25,6
ATTATCCTCAACGCTA,1,0.05,0.7,0.25,6
ATTATCCTCGCAGGCT,7,0.05,0.7,0.25,6
ATTCTACAGAGTGAGA,8,0.05,0.7,0.25,6
ATTCTACAGATGTGGC,6,0.05,0.7,0.25,6
ATTCTACAGCCACTAT,5,0.05,0.7,0.25,6
ATTCTACAGTGCAAGC,1000,0.05,0.7,0.25,6
ATTCTACAGTGGCACA,7,0.05,0.7,0.25,6
ATTCTACAGTTGAGAT,4,0.05,0.7,0.25,6
ATTCTACAGTTGTAGA,1,0.05,0.7,0.25,6
ATTCTACCAAGCGATG,2,0.05,0.7,0.25,6
ATTCTACCAAGGACAC,8,0.05,0.7,0.25,6
ATTCTACCACATTCGA,3,0.05,0.7,0.25,6
ATTCTACCAGATAATG,3,0.05,0.7,0.25,6
ATTCTACGTCATATGC,8,0.05,0.7,0.25,6
ATTCTACGTTAGGGTG,8,0.05,0.7,0.25,6
ATTCTACTCATCTGCC,4,0.05,0.7,0.25,6
ATTCTACTCCAAAGTC,3,0.05,0.7,0.25,6
ATTCTACTCTTACCTA,6,0.05,0.7,0.25,6
ATTGGACAGCTTCGCG,3,0.05,0.7,0.25,6
ATTGGACCAAAGTCAA,7,0.05,0.7,0.25,6
ATTGGACCACCGGAAA,8,0.05,0.7,0.25,6
ATTGGACCAGGATCGA,2,0.05,0.7,0.25,6
ATTGGACGTCCAGTTA,6,0.05,0.7,0.25,6
ATTGGACGTTCACGGC,2,0.05,0.7,0.25,6
ATTGGACTCCACGACG,2,0.05,0.7,0.25,6
ATTGGACTCGGCGCAT,3,0.05,0.7,0.25,6
ATTGGACTCTTGAGGT,4,0.05,0.7,0.25,6
ATTGGACTCTTTAGTC,1,0.05,0.7,0.25,6
ATTGGTGAGGATTCGG,8,0.05,0.7,0.25,6
ATTGGTGAGTCGTACT,7,0.05,0.7,0.25,6
ATTGGTGCAGCCAATT,8,0.05,0.7,0.25,6
ATTGGTGCAGGGTTAG,3,0.05,0.7,0.25,6
ATTGGTGGTACTTCTT,1,0.05,0.7,0.25,6
ATTGGTGGTAGGGTAC,5,0.05,0.7,0.25,6
ATTGGTGGTTCCCTTG,5,0.05,0.7,0.25,6
ATTGGTGGTTCCGTCT,1000,0.05,0.7,0.25,6
ATTTCTGAGAAGGTGA,3,0.05,0.7,0.25,6
ATTTCTGAGCTCAACT,3,0.05,0.7,0.25,6
ATTTCTGAGCTGCAAG,3,0.05,0.7,0.25,6
ATTTCTGCACTTGGAT,6,0.05,0.7,0.25,6
ATTTCTGCAGTTCCCT,4,0.05,0.7,0.25,6
ATTTCTGGTAGCTGCC,7,0.05,0.7,0.25,6
ATTTCTGGTCGAACAG,2,0.05,0.7,0.25,6
ATTTCTGTCACTTCAT,8,0.05,0.7,0.25,6
ATTTCTGTCAGCACAT,7,0.05,0.7,0.25,6
ATTTCTGTCATTGCCC,4,0.05,0.7,0.25,6
ATTTCTGTCGCTTGTC,8,0.05,0.7,0.25,6
ATTTCTGTCGGTGTCG,5,0.05,0.7,0.25,6
CAACCAAAGAACAACT,5,0.05,0.7,0.25,6
CAACCAAAGAAGGGTA,3,0.05,0.7,0.25,6
CAACCAAAGGCATGTG,2,0.05,0.7,0.25,6
CAACCAAAGTCTCGGC,1000,0.05,0.7,0.25,6
CAACCAACAACGATGG,4,0.05,0.7,0.25,6
CAACCAACATGAAGTA,4,0.05,0.7,0.25,6
CAACCAAGTCGCTTTC,3,0.05,0.7,0.25,6
CAACCAATCACGCATA,7,0.05,0.7,0.25,6
CAACCAATCTCTGTCG,8,0.05,0.7,0.25,6
CAACCTCAGGCAAAGA,1,0.05,0.7,0.25,6
CAACCTCAGGCTCATT,3,0.05,0.7,0.25,6
CAACCTCAGTCTCCTC,7,0.05,0.7,0.25,6
CAACCTCCAGGTCCAC,7,0.05,0.7,0.25,6
CAACCTCGTAGATTAG,1000,0.05,0.7,0.25,6
CAACCTCGTGCAACGA,2,0.05,0.7,0.25,6
CAACCTCTCCCTAATT,3,0.05,0.7,0.25,6
CAACCTCTCCTAGTGA,8,0.05,0.7,0.25,6
CAACCTCTCTCTGAGA,1,0.05,0.7,0.25,6
CAACTAGAGAGGGATA,6,0.05,0.7,0.25,6
CAACTAGAGGCACATG,4,0.05,0.7,0.25,6
CAACTAGAGGTGTTAA,7,0.05,0.7,0.25,6
CAACTAGCAAATACAG,2,0.05,0.7,0.25,6
CAACTAGCAAGCTGTT,1,0.05,0.7,0.25,6
CAACTAGCAGTCCTTC,8,0.05,0.7,0.25,6
CAACTAGCAGTGGAGT,0,0.05,0.7,0.25,6
CAACTAGCATTGGTAC,8,0.05,0.7,0.25,6
CAACTAGGTCACAAGG,1,0.05,0.7,0.25,6
CAACTAGGTCCGAATT,8,0.05,0.7,0.25,6
CAACTAGTCACATGCA,4,0.05,0.7,0.25,6
CAACTAGTCCGCGCAA,1,0.05,0.7,0.25,6
CAAGAAAAGACAGACC,7,0.05,0.7,0.25,6
CAAGAAAAGAGGTTGC,7,0.05,0.7,0.25,6
CAAGAAAAGGTGCACA,2,0.05,0.7,0.25,6
CAAGAAACAAGGTGTG,3,0.05,0.7,0.25,6
CAAGAAACACCACCAG,1,0.05,0.7,0.25,6
CAAGAAACAGCTGGCT,6,0.05,0.7,0.25,6
CAAGAAACATATGAGA,4,0.05,0.7,0.25,6
CAAGAAACATGTCGAT,1000,0.05,0.7,0.25,6
CAAGAAAGTTCCAACA,1000,0.05,0.7,0.25,6
CAAGAAATCACGAAGG,6,0.05,0.7,0.25,6
CAAGAAATCCAGTAGT,1,0.05,0.7,0.25,6
CAAGAAATCTTGTCAT,4,0.05,0.7,0.25,6
CAAGATCAGAAGGGTA,6,0.05,0.7,0.25,6
CAAGATCAGACCTAGG,4,0.05,0.7,0.25,6
CAAGATCAGGCCATAG,3,0.05,0.7,0.25,6
CAAGATCAGTATTGGA,2,0.05,0.7,0.25,6
CAAGATCAGTCGCCGT,1000,0.05,0.7,0.25,6
CAAGATCAGTGTCCCG,1000,0.05,0.7,0.25,6
CAAGATCCAAAGAATC,1000,0.05,0.7,0.25,6
CAAGATCCAAGGACAC,4,0.05,0.7,0.25,6
CAAGATCCATCTACGA,5,0.05,0.7,0.25,6
CAAGATCGTATATGGA,3,0.05,0.7,0.25,6
CAAGATCGTCCGAAGA,2,0.05,0.7,0.25,6
CAAGATCGTCCTGCTT,8,0.05,0.7,0.25,6
CAAGATCGTGCGGTAA,4,0.05,0.7,0.25,6
CAAGATCTCAAGGTAA,4,0.05,0.7,0.25,6
CAAGATCTCTCCAGGG,1,0.05,0.7,0.25,6
CAAGATCTCTTCGAGA,8,0.05,0.7,0.25,6
CAAGATCTCTTGGGTA,8,0.05,0.7,0.25,6
CAAGGCCAGACAATAC,1000,0.05,0.7,0.25,6
CAAGGCCAGAGCTATA,4,0.05,0.7,0.25,6
CAAGGCCAGGCGCTCT,8,0.05,0.7,0.25,6
CAAGGCCAGTGTCCAT,1,0.05,0.7,0.25,6
CAAGGCCCAATGAAAC,2,0.05,0.7,0.25,6
CAAGGCCCACACATGT,3,0.05,0.7,0.25,6
CAAGGCCCACAGTCGC,2,0.05,0.7,0.25,6
CAAGGCCCAGACAGGT,1000,0.05,0.7,0.25,6
CAAGGCCGTAAACCTC,5,0.05,0.7,0.25,6
CAAGGCCGTGTTCTTT,1,0.05,0.7,0.25,6
CAAGGCCGTTAAAGAC,1,0.05,0.7,0.25,6
CAAGGCCTCCTGCCAT,6,0.05,0.7,0.25,6
CAAGGCCTCCTGTACC,8,0.05,0.7,0.25,6
CAAGGCCTCTGCGTAA,7,0.05,0.7,0.25,6
CAAGGCCTCTTGGGTA,8,0.05,0.7,0.25,6
CAAGTTGAGAGGTTAT,1,0.05,0.7,0.25,6
CAAGTTGAGCAGACTG,4,0.05,0.7,0.25,6
CAAGTTGAGCCTATGT,2,0.05,0.7,0.25,6
CAAGTTGCAATAGCGG,1,0.05,0.7,0.25,6
CAAGTTGCAATGAAAC,1,0.05,0.7,0.25,6
CAAGTTGCACATGTGT,8,0.05,0.7,0.25,6
CAAGTTGGTCATGCAT,1,0.05,0.7,0.25,6
CAAGTTGGTCGCGGTT,7,0.05,0.7,0.25,6
CAAGTTGGTTCCGTCT,5,0.05,0.7,0.25,6
CAAGTTGTCCAACCAA,1,0.05,0.7,0.25,6
CAAGTTGTCCTCGCAT,2,0.05,0.7,0.25,6
CAAGTTGTCGTGGTCG,3,0.05,0.7,0.25,6
CAAGTTGTCTCTGCTG,1,0.05,0.7,0.25,6
CACAAACAGGTACTCT,7,0.05,0.7,0.25,6
CACAAACAGGTCATCT,6,0.05,0.7,0.25,6
CACAAACAGTGACATA,3,0.05,0.7,0.25,6
CACAAACCAAGTTGTC,1000,0.05,0.7,0.25,6
CACAAACCATACGCTA,4,0.05,0.7,0.25,6
CACAAACCATACTACG,2,0.05,0.7,0.25,6
CACAAACCATTCACTT,1000,0.05,0.7,0.25,6
CACAAACGTCCAGTGC,3,0.05,0.7,0.25,6
CACAAACGTCCGCTGA,1,0.05,0.7,0.25,6
CACAAACGTGATGTCT,1,0.05,0.7,0.25,6
CACAAACTCAGTTGAC,1000,0.05,0.7,0.25,6
CACAAACTCCAACCAA,4,0.05,0.7,0.25,6
CACAAACTCCTCATTA,5,0.05,0.7,0.25,6
CACAAACTCGGCGCTA,1000,0.05,0.7,0.25,6
CACACAAAGATCGATA,3,0.05,0.7,0.25,6
CACACAAAGCTAAGAT,7,0.05,0.7,0.25,6
CACACAAAGCTACCGC,1,0.05,0.7,0.25,6
CACACAAAGGCACATG,4,0.05,0.7,0.25,6
CACACAACAAGCTGAG,2,0.05,0.7,0.25,6
CACACAACAGCGTCCA,1,0.05,0.7,0.25,6
CACACAACATATACGC,2,0.05,0.7,0.25,6
CACACAAGTAGAAGGA,5,0.05,0.7,0.25,6
CACACAAGTCAGGACA,1000,0.05,0.7,0.25,6
CACACAATCATAAAGG,3,0.05,0.7,0.25,6
CACACAATCATAGCAC,5,0.05,0.7,0.25,6
CACACAATCCAATGGT,8,0.05,0.7,0.25,6
CACACAATCGTACCGG,8,0.05,0.7,0.25,6
CACACCTAGCTTATCG,1000,0.05,0.7,0.25,6
CACACCTAGGTCATCT,4,0.05,0.7,0.25,6
CACACCTAGTACATGA,8,0.05,0.7,0.25,6
CACACCTCAAACCTAC,5,0.05,0.7,0.25,6
CACACCTCAAGGTTTC,7,0.05,0.7,0.25,6
CACACCTGTACAGACG,8,0.05,0.7,0.25,6
CACACCTGTCTTCGTC,4,0.05,0.7,0.25,6
CACACCTGTGAACCTT,5,0.05,0.7,0.25,6
CACACCTGTGTTTGGT,7,0.05,0.7,0.25,6
CACACCTTCACAAACC,8,0.05,0.7,0.25,6
CACACCTTCGGCGCTA,1000,0.05,0.7,0.25,6
CACACCTTCTCAAACG,7,0.05,0.7,0.25,6
CACACTCGTACTCTCC,7,0.05,0.7,0.25,6
CACACTCGTCATCGGC,5,0.05,0.7,0.25,6
CACACTCGTTAAGATG,6,0.05,0.7,0.25,6
CACACTCGTTGGTAAA,4,0.05,0.7,0.25,6
CACACTCTCAGGCAAG,7,0.05,0.7,0.25,6
CACACTCTCTCAAACG,5,0.05,0.7,0.25,6
CACACTCTCTCCGGTT,4,0.05,0.7,0.25,6
CACACTCTCTTGAGGT,4,0.05,0.7,0.25,6
CACACTCTCTTGTTTG,4,0.05,0.7,0.25,6
CACAGGCAGCTGCAAG,1,0.05,0.7,0.25,6
CACAGGCAGTCATCCA,6,0.05,0.7,0.25,6
CACAGGCAGTGTACGG,1,0.05,0.7,0.25,6
CACAGGCCACCATCCT,1000,0.05,0.7,0.25,6
CACAGGCCAGATTGCT,8,0.05,0.7,0.25,6
CACAGGCCAGCATGAG,3,0.05,0.7,0.25,6
CACAGGCGTGTGGCTC,4,0.05,0.7,0.25,6
CACAGGCGTTCGGGCT,1,0.05,0.7,0.25,6
CACAGGCTCTAACTCT,1,0.05,0.7,0.25,6
CACAGTAAGACGCAAC,4,0.05,0.7,0.25,6
CACAGTACAAGCCGCT,1,0.05,0.7,0.25,6
CACAGTACAGACTCGC,3,0.05,0.7,0.25,6
CACAGTACATTCCTCG,8,0.05,0.7,0.25,6
CACAGTAGTGGCTCCA,1000,0.05,0.7,0.25,6
CACAGTAGTTTACTCT,4,0.05,0.7,0.25,6
CACAGTATCAACGCTA,3,0.05,0.7,0.25,6
CACAGTATCCTATGTT,8,0.05,0.7,0.25,6
CACAGTATCCTGCAGG,4,0.05,0.7,0.25,6
CACAGTATCCTTGGTC,1,0.05,0.7,0.25,6
CACAGTATCTGCGACG,3,0.05,0.7,0.25,6
CACATAGAGACCCACC,4,0.05,0.7,0.25,6
CACATAGAGGATGGAA,5,0.05,0.7,0.25,6
CACATAGCACTAGTAC,8,0.05,0.7,0.25,6
CACATAGCAGACGCTC,1000,0.05,0.7,0.25,6
CACATAGGTCAGGACA,3,0.05,0.7,0.25,6
CACATAGTCAGCCTAA,5,0.05,0.7,0.25,6
CACATAGTCATAGCAC,7,0.05,0.7,0.25,6
CACATAGTCGCGTAGC,5,0.05,0.7,0.25,6
CACATAGTCTAACCGA,3,0.05,0.7,0.25,6
CACATTTAGAGTACAT,7,0.05,0.7,0.25,6
CACATTTAGATGTTAG,1000,0.05,0.7,0.25,6
CACATTTCAATTCCTT,3,0.05,0.7,0.25,6
CACATTTCACAGATTC,2,0.05,0.7,0.25,6
CACATTTGTAAGGGCT,1000,0.05,0.7,0.25,6
CACATTTGTGACTCAT,3,0.05,0.7,0.25,6
CACATTTTCGTATCAG,1,0.05,0.7,0.25,6
CACCACTAGAGATGAG,1,0.05,0.7,0.25,6
CACCACTAGGGTCGAT,6,0.05,0.7,0.25,6
CACCACTAGGTTCCTA,1,0.05,0.7,0.25,6
CACCACTAGTGGAGAA,5,0.05,0.7,0.25,6
CACCACTAGTTACCCA,3,0.05,0.7,0.25,6
CACCACTCACACCGAC,3,0.05,0.7,0.25,6
CACCACTCATCCAACA,8,0.05,0.7,0.25,6
CACCACTTCGCCGTGA,1,0.05,0.7,0.25,6
CACCACTTCGTAGGTT,6,0.05,0.7,0.25,6
CACCACTTCTGCGACG,8,0.05,0.7,0.25,6
CACCAGGAGAACAACT,1,0.05,0.7,0.25,6
CACCAGGAGGAACTGC,8,0.05,0.7,0.25,6
CACCAGGAGGGAAACA,5,0.05,0.7,0.25,6
CACCAGGAGTAATCCC,7,0.05,0.7,0.25,6
CACCAGGCAAGCCGTC,7,0.05,0.7,0.25,6
CACCAGGCAAGTCTAC,7,0.05,0.7,0.25,6
CACCAGGCAGCTGGCT,4,0.05,0.7,0.25,6
CACCAGGGTGTAATGA,2,0.05,0.7,0.25,6
CACCAGGTCAACACTG,1000,0.05,0.7,0.25,6
CACCAGGTCATTGCGA,5,0.05,0.7,0.25,6
CACCAGGTCTCACATT,1,0.05,0.7,0.25,6
CACCTTGAGACAGAGA,3,0.05,0.7,0.25,6
CACCTTGAGTCCCACG,7,0.05,0.7,0.25,6
CACCTTGCACCCATTC,1,0.05,0.7,0.25,6
CACCTTGGTAAGGGCT,7,0.05,0.7,0.25,6
CACCTTGGTAGCGTGA,1,0.05,0.7,0.25,6
CACCTTGGTCTAGCCG,2,0.05,0.7,0.25,6
CACCTTGGTCTCCACT,2,0.05,0.7,0.25,6
CACCTTGGTGTTCGAT,5,0.05,0.7,0.25,6
CACCTTGGTTCGGCAC,8,0.05,0.7,0.25,6
CACCTTGTCTCTAGGA,5,0.05,0.7,0.25,6
CACTCCAAGCTCTCGG,2,0.05,0.7,0.25,6
CACTCCAAGGTACTCT,6,0.05,0.7,0.25,6
CACTCCACAGGGATTG,2,0.05,0.7,0.25,6
CACTCCACATTTCAGG,8,0.05,0.7,0.25,6
CACTCCACATTTGCTT,1,0.05,0.7,0.25,6
CACTCCAGTTGGTGGA,4,0.05,0.7,0.25,6
CACTCCATCAGTTTGG,1000,0.05,0.7,0.25,6
CACTCCATCCGAACGC,1,0.05,0.7,0.25,6
CAGAATCAGTGTACGG,8,0.05,0.7,0.25,6
CAGAATCCACTCTGTC,8,0.05,0.7,0.25,6
CAGAATCCATGTAGTC,3,0.05,0.7,0.25,6
CAGAATCGTACTTCTT,1,0.05,0.7,0.25,6
CAGAATCGTCCGAAGA,5,0.05,0.7,0.25,6
CAGAATCTCAACTCTT,7,0.05,0.7,0.25,6
CAGAGAGAGAGGACGG,7,0.05,0.7,0.25,6
CAGAGAGAGATGCGAC,8,0.05,0.7,0.25,6
CAGAGAGAGCAAATCA,8,0.05,0.7,0.25,6
CAGAGAGCAAGGACAC,1,0.05,0.7,0.25,6
CAGAGAGCAAGGCTCC,5,0.05,0.7,0.25,6
CAGAGAGCACGGCTAC,3,0.05,0.7,0.25,6
CAGAGAGGTCACAAGG,8,0.05,0.7,0.25,6
CAGAGAGGTCGGATCC,3,0.05,0.7,0.25,6
CAGAGAGGTGCTTCTC,7,0.05,0.7,0.25,6
CAGAGAGGTGGTGTAG,1,0.05,0.7,0.25,6
CAGAGAGGTGTGCCTG,1,0.05,0.7,0.25,6
CAGAGAGTCAGTGTTG,1000,0.05,0.7,0.25,6
CAGAGAGTCGAGCCCA,3,0.05,0.7,0.25,6
CAGAGAGTCTGGTGTA,2,0.05,0.7,0.25,6
CAGATCAAGAAGGACA,1000,0.05,0.7,0.25,6
CAGATCAAGGTGATAT,4,0.05,0.7,0.25,6
CAGATCACACTTCGAA,2,0.05,0.7,0.25,6
CAGATCACATGTAGTC,1000,0.05,0.7,0.25,6
CAGATCATCGTTACAG,5,0.05,0.7,0.25,6
CAGCAGCAGACTCGGA,7,0.05,0.7,0.25,6
CAGCAGCAGCGGATCA,1,0.05,0.7,0.25,6
CAGCAGCAGCTAAACA,8,0.05,0.7,0.25,6
CAGCAGCAGGCAGTCA,0,0.05,0.7,0.25,6
CAGCAGCAGTACGCCC,6,0.05,0.7,0.25,6
CAGCAGCAGTTGTAGA,8,0.05,0.7,0.25,6
CAGCAGCCAAAGGCGT,7,0.05,0.7,0.25,6
CAGCAGCCACTGTCGG,4,0.05,0.7,0.25,6
CAGCAGCCAGCGTTCG,6,0.05,0.7,0.25,6
CAGCAGCCAGTAACGG,5,0.05,0.7,0.25,6
CAGCATAAGAACTGTA,3,0.05,0.7,0.25,6
CAGCATAAGCAGCCTC,3,0.05,0.7,0.25,6
CAGCATAAGCGGCTTC,1,0.05,0.7,0.25,6
CAGCATAAGCTACCGC,8,0.05,0.7,0.25,6
CAGCATAAGGAGTCTG,4,0.05,0.7,0.25,6
CAGCATAAGTGCCATT,4,0.05,0.7,0.25,6
CAGCATACACCGAATT,1000,0.05,0.7,0.25,6
CAGCATACAGACGCTC,3,0.05,0.7,0.25,6
CAGCATAGTGTGTGCC,6,0.05,0.7,0.25,6
CAGCATATCAGTTCGA,6,0.05,0.7,0.25,6
CAGCATATCCAACCAA,1,0.05,0.7,0.25,6
CAGCATATCCATGAGT,2,0.05,0.7,0.25,6
CAGCCGAAGGGCTTGA,1000,0.05,0.7,0.25,6
CAGCCGACAGGTGCCT,2,0.05,0.7,0.25,6
CAGCCGAGTCATATCG,7,0.05,0.7,0.25,6
CAGCCGAGTTTCCACC,4,0.05,0.7,0.25,6
CAGCCGAGTTTGTGTG,1000,0.05,0.7,0.25,6
CAGCCGATCAAGATCC,3,0.05,0.7,0.25,6
CAGCCGATCCGTACAA,8,0.05,0.7,0.25,6
CAGCGACAGACACGAC,4,0.05,0.7,0.25,6
CAGCGACAGATGCCAG,7,0.05,0.7,0.25,6
CAGCGACAGCAATCTC,4,0.05,0.7,0.25,6
CAGCGACAGTCATGCT,1000,0.05,0.7,0.25,6
CAGCGACAGTTGTAGA,4,0.05,0.7,0.25,6
CAGCGACAGTTTAGGA,8,0.05,0.7,0.25,6
CAGCGACCACAAGTAA,1,0.05,0.7,0.25,6
CAGCGACCACATGGGA,1,0.05,0.7,0.25,6
CAGCGACCAGGCTGAA,3,0.05,0.7,0.25,6
CAGCGACGTCGGCATC,2,0.05,0.7,0.25,6
CAGCGACGTCTGCCAG,1000,0.05,0.7,0.25,6
CAGCGACGTTACGACT,4,0.05,0.7,0.25,6
CAGCGACTCAAGGTAA,5,0.05,0.7,0.25,6
CAGCGACTCACCATAG,1,0.05,0.7,0.25,6
CAGCGACTCAGGCGAA,3,0.05,0.7,0.25,6
CAGCGACTCTCGATGA,3,0.05,0.7,0.25,6
CAGCTAAAGCTAGTTC,6,0.05,0.7,0.25,6
CAGCTAAAGGCATGGT,4,0.05,0.7,0.25,6
CAGCTAAAGTGTCCCG,8,0.05,0.7,0.25,6
CAGCTAAGTCAAGCGA,1,0.05,0.7,0.25,6
CAGCTAAGTCTCCATC,4,0.05,0.7,0.25,6
CAGCTAAGTGTTAAGA,3,0.05,0.7,0.25,6
CAGCTAATCAACACAC,8,0.05,0.7,0.25,6
CAGCTAATCAGCACAT,7,0.05,0.7,0.25,6
CAGCTAATCTGGGCCA,1,0.05,0.7,0.25,6
CAGCTGGAGCTAACTC,3,0.05,0.7,0.25,6
CAGCTGGCACCATCCT,1,0.05,0.7,0.25,6
CAGCTGGCACCTCGTT,4,0.05,0.7,0.25,6
CAGCTGGCATTTCACT,5,0.05,0.7,0.25,6
CAGCTGGGTAAATGTG,1,0.05,0.7,0.25,6
CAGCTGGGTAACGCGA,4,0.05,0.7,0.25,6
CAGCTGGGTTGTCGCG,2,0.05,0.7,0.25,6
CAGCTGGTCCAAAGTC,3,0.05,0.7,0.25,6
CAGGTGCAGACCTTTG,2,0.05,0.7,0.25,6
CAGGTGCAGAGGTTGC,3,0.05,0.7,0.25,6
CAGGTGCAGCAGCCTC,1000,0.05,0.7,0.25,6
CAGGTGCAGCCACGTC,2,0.05,0.7,0.25,6
CAGGTGCAGGAGTTGC,8,0.05,0.7,0.25,6
CAGGTGCCAACTGGCC,8,0.05,0.7,0.25,6
CAGGTGCCAGTAAGCG,1000,0.05,0.7,0.25,6
CAGGTGCGTCTAAAGA,7,0.05,0.7,0.25,6
CAGGTGCGTGCACGAA,3,0.05,0.7,0.25,6
CAGGTGCTCCGCGTTT,1,0.05,0.7,0.25,6
CAGGTGCTCCTCAATT,2,0.05,0.7,0.25,6
CAGGTGCTCTGTGCAA,8,0.05,0.7,0.25,6
CAGGTGCTCTTAGCCC,3,0.05,0.7,0.25,6
CAGTAACAGATCCTGT,4,0.05,0.7,0.25,6
CAGTAACAGGCCCTCA,2,0.05,0.7,0.25,6
CAGTAACAGTAGCGGT,3,0.05,0.7,0.25,6
CAGTAACCAATAGCGG,2,0.05,0.7,0.25,6
CAGTAACCACAGCCCA,3,0.05,0.7,0.25,6
CAGTAACCAGTCTTCC,1000,0.05,0.7,0.25,6
CAGTAACTCAGTGTTG,1000,0.05,0.7,0.25,6
CAGTAACTCATTGCCC,5,0.05,0.7,0.25,6
CAGTAACTCGGAGCAA,8,0.05,0.7,0.25,6
CAGTAACTCGTGGGAA,1,0.05,0.7,0.25,6
CAGTAACTCTACTATC,3,0.05,0.7,0.25,6
CAGTAACTCTCGCTTG,8,0.05,0.7,0.25,6
CAGTAACTCTGATACG,1000,0.05,0.7,0.25,6
CAGTCCTAGAATGTTG,5,0.05,0.7,0.25,6
CAGTCCTAGAGTGACC,7,0.05,0.7,0.25,6
CAGTCCTAGCACAGGT,8,0.05,0.7,0.25,6
CAGTCCTCAAACTGTC,8,0.05,0.7,0.25,6
CAGTCCTGTAAGAGAG,4,0.05,0.7,0.25,6
CAGTCCTGTCTCCATC,8,0.05,0.7,0.25,6
CAGTCCTGTGTCTGAT,1,0.05,0.7,0.25,6
CAGTCCTTCGCCAAAT,2,0.05,0.7,0.25,6
CAGTCCTTCTTTAGTC,4,0.05,0.7,0.25,6
CATATGGAGATCGGGT,3,0.05,0.7,0.25,6
CATATGGAGGGTGTGT,2,0.05,0.7,0.25,6
CATATGGAGTACGCGA,7,0.05,0.7,0.25,6
CATATGGAGTAGGTGC,6,0.05,0.7,0.25,6
CATATGGGTACTCGCG,8,0.05,0.7,0.25,6
CATATGGGTCGTTGTA,1,0.05,0.7,0.25,6
CATATTCAGAGCAATT,8,0.05,0.7,0.25,6
CATATTCAGCACCGTC,1000,0.05,0.7,0.25,6
CATATTCAGCCAGAAC,3,0.05,0.7,0.25,6
CATATTCAGCGTGTCC,3,0.05,0.7,0.25,6
CATATTCCACCCTATC,1,0.05,0.7,0.25,6
CATATTCCAGGACCCT,8,0.05,0.7,0.25,6
CATATTCCAGGATTGG,4,0.05,0.7,0.25,6
CATATTCCAGTAAGAT,7,0.05,0.7,0.25,6
CATATTCGTCAAACTC,4,0.05,0.7,0.25,6
CATATTCGTCCCTACT,5,0.05,0.7,0.25,6
CATATTCGTGTTAAGA,1,0.05,0.7,0.25,6
CATATTCGTTTGGCGC,3,0.05,0.7,0.25,6
CATATTCTCATCTGCC,8,0.05,0.7,0.25,6
CATATTCTCATTGCCC,1000,0.05,0.7,0.25,6
CATATTCTCGATAGAA,5,0.05,0.7,0.25,6
CATATTCTCGTCGTTC,1,0.05,0.7,0.25,6
CATATTCTCTACCAGA,7,0.05,0.7,0.25,6
CATATTCTCTTGCCGT,1000,0.05,0.7,0.25,6
CATCAAGAGCTGTTCA,6,0.05,0.7,0.25,6
CATCAAGAGGGCACTA,1,0.05,0.7,0.25,6
CATCAAGAGTCCCACG,6,0.05,0.7,0.25,6
CATCAAGAGTGCTGCC,8,0.05,0.7,0.25,6
CATCAAGCAGATTGCT,6,0.05,0.7,0.25,6
CATCAAGCATCGATTG,4,0.05,0.7,0.25,6
CATCAAGCATTGCGGC,1000,0.05,0.7,0.25,6
CATCAAGGTACCGTTA,3,0.05,0.7,0.25,6
CATCAAGGTCTCTCGT,3,0.05,0.7,0.25,6
CATCAAGTCACAAACC,3,0.05,0.7,0.25,6
CATCAAGTCCTTGCCA,0,0.05,0.7,0.25,6
CATCAAGTCTCGATGA,4,0.05,0.7,0.25,6
CATCAAGTCTTCCTTC,1,0.05,0.7,0.25,6
CATCAGAAGAGTGAGA,3,0.05,0.7,0.25,6
CATCAGAAGATTACCC,2,0.05,0.7,0.25,6
CATCAGAAGCGTTCCG,8,0.05,0.7,0.25,6
CATCAGAAGGCATTGG,6,0.05,0.7,0.25,6
CATCAGAAGGTTACCT,7,0.05,0.7,0.25,6
CATCAGAAGTAGGCCA,3,0.05,0.7,0.25,6
CATCAGACAGTCAGCC,8,0.05,0.7,0.25,6
CATCAGACAGTTCATG,5,0.05,0.7,0.25,6
CATCAGAGTAGCTAAA,3,0.05,0.7,0.25,6
CATCAGAGTAGGCTGA,3,0.05,0.7,0.25,6
CATCAGAGTAGGGTAC,6,0.05,0.7,0.25,6
CATCAGAGTATTCGTG,7,0.05,0.7,0.25,6
CATCAGAGTCCGAAGA,6,0.05,0.7,0.25,6
CATCAGATCAACCATG,7,0.05,0.7,0.25,6
CATCAGATCATAGCAC,8,0.05,0.7,0.25,6
CATCCACCATAACCTG,5,0.05,0.7,0.25,6
CATCCACCATTTGCTT,8,0.05,0.7,0.25,6
CATCCACGTCATTAGC,4,0.05,0.7,0.25,6
CATCCACGTTGGAGGT,3,0.05,0.7,0.25,6
CATCCACTCAGTCAGT,8,0.05,0.7,0.25,6
CATCCACTCCAAATGC,4,0.05,0.7,0.25,6
CATCCACTCGATCCCT,7,0.05,0.7,0.25,6
CATCGAAAGAAACGCC,1,0.05,0.7,0.25,6
CATCGAAAGCGCTTAT,4,0.05,0.7,0.25,6
CATCGAAGTAAACGCG,1000,0.05,0.7,0.25,6
CATCGAAGTGGAAAGA,4,0.05,0.7,0.25,6
CATCGAATCACCATAG,1,0.05,0.7,0.25,6
CATCGAATCTCGTATT,5,0.05,0.7,0.25,6
CATCGAATCTGCGGCA,4,0.05,0.7,0.25,6
CATCGAATCTTACCGC,3,0.05,0.7,0.25,6
CATCGGGAGATCGGGT,1000,0.05,0.7,0.25,6
CATCGGGAGTGGAGTC,4,0.05,0.7,0.25,6
CATCGGGCAAGACGTG,1000,0.05,0.7,0.25,6
CATCGGGCAATAGAGT,1,0.05,0.7,0.25,6
CATCGGGCACACGCTG,3,0.05,0.7,0.25,6
CATCGGGCAGCCTGTG,3,0.05,0.7,0.25,6
CATCGGGCAGCGATCC,7,0.05,0.7,0.25,6
CATCGGGCAGCTGTTA,4,0.05,0.7,0.25,6
CATCGGGGTAACGTTC,2,0.05,0.7,0.25,6
CATCGGGGTAGGACAC,3,0.05,0.7,0.25,6
CATCGGGGTTTGCATG,8,0.05,0.7,0.25,6
CATCGGGTCGTTACAG,1000,0.05,0.7,0.25,6
CATGACAAGAGGTACC,1000,0.05,0.7,0.25,6
CATGACAAGCTAAGAT,8,0.05,0.7,0.25,6
CATGACACAACGATCT,4,0.05,0.7,0.25,6
CATGACACAATAGAGT,8,0.05,0.7,0.25,6
CATGACACAATCTGCA,3,0.05,0.7,0.25,6
CATGACAGTAGAGCTG,8,0.05,0.7,0.25,6
CATGACAGTCATGCAT,8,0.05,0.7,0.25,6
CATGACAGTGCACCAC,1,0.05,0.7,0.25,6
CATGACAGTTTAGGAA,1,0.05,0.7,0.25,6
CATGACATCCCAACGG,1,0.05,0.7,0.25,6
CATGACATCGCCAGCA,5,0.05,0.7,0.25,6
CATGACATCGTTGACA,2,0.05,0.7,0.25,6
CATGCCTCAAGAGTCG,8,0.05,0.7,0.25,6
CATGCCTCACAACGTT,4,0.05,0.7,0.25,6
CATGCCTCATCACAAC,7,0.05,0.7,0.25,6
CATGCCTGTACAGCAG,6,0.05,0.7,0.25,6
CATGCCTTCACCAGGC,1000,0.05,0.7,0.25,6
CATGCCTTCAGTCAGT,5,0.05,0.7,0.25,6
CATGCCTTCTAAGCCA,3,0.05,0.7,0.25,6
CATGGCGAGCTGCGAA,3,0.05,0.7,0.25,6
CATGGCGAGGCAATTA,1000,0.05,0.7,0.25,6
CATGGCGAGGCGATAC,1,0.05,0.7,0.25,6
CATGGCGAGTGACTCT,7,0.05,0.7,0.25,6
CATGGCGCAATACGCT,3,0.05,0.7,0.25,6
CATGGCGCACATGTGT,4,0.05,0.7,0.25,6
CATGGCGCACTCTGTC,3,0.05,0.7,0.25,6
CATGGCGGTATAGGGC,1000,0.05,0.7,0.25,6
CATGGCGGTCAGTGGA,6,0.05,0.7,0.25,6
CATGGCGGTCGTCTTC,4,0.05,0.7,0.25,6
CATGGCGGTGGTCCGT,3,0.05,0.7,0.25,6
CATGGCGGTGTCTGAT,6,0.05,0.7,0.25,6
CATGGCGTCCTTTCGG,8,0.05,0.7,0.25,6
CATGGCGTCTCTAAGG,1,0.05,0.7,0.25,6
CATTATCAGGCGATAC,1,0.05,0.7,0.25,6
CATTATCCAACACGCC,5,0.05,0.7,0.25,6
CATTATCCACATTAGC,1000,0.05,0.7,0.25,6
CATTATCGTCAATGTC,1,0.05,0.7,0.25,6
CATTATCGTCTCCATC,7,0.05,0.7,0.25,6
CATTATCGTGATGTCT,6,0.05,0.7,0.25,6
CATTATCGTGGCTCCA,1,0.05,0.7,0.25,6
CATTATCGTTAAAGTG,6,0.05,0.7,0.25,6
CATTATCGTTACGTCA,4,0.05,0.7,0.25,6
CATTATCGTTCCGGCA,2,0.05,0.7,0.25,6
CATTATCGTTGGTAAA,5,0.05,0.7,0.25,6
CATTATCTCCTTGGTC,5,0.05,0.7,0.25,6
CATTCGCAGCAGCCTC,3,0.05,0.7,0.25,6
CATTCGCAGTCAATAG,5,0.05,0.7,0.25,6
CATTCGCCACGAAAGC,1000,0.05,0.7,0.25,6
CATTCGCCAGTACACT,1000,0.05,0.7,0.25,6
CATTCGCGTTGATTGC,3,0.05,0.7,0.25,6
CATTCGCTCAGCGACC,2,0.05,0.7,0.25,6
CATTCGCTCTGAGGGA,7,0.05,0.7,0.25,6
CCAATCCAGAAACGAG,5,0.05,0.7,0.25,6
CCAATCCAGCTAGTTC,8,0.05,0.7,0.25,6
CCAATCCAGCTGCCCA,3,0.05,0.7,0.25,6
CCAATCCAGGGTCTCC,8,0.05,0.7,0.25,6
CCAATCCCACGTCAGC,2,0.05,0.7,0.25,6
CCAATCCCAGGATTGG,5,0.05,0.7,0.25,6
CCAATCCGTCAATACC,7,0.05,0.7,0.25,6
CCAATCCGTGTTTGGT,1000,0.05,0.7,0.25,6
CCAATCCTCACAACGT,8,0.05,0.7,0.25,6
CCAATCCTCCAAAGTC,3,0.05,0.7,0.25,6
CCAATCCTCTTGCCGT,6,0.05,0.7,0.25,6
CCACCTAAGGATGGTC,3,0.05,0.7,0.25,6
CCACCTAAGGCATTGG,7,0.05,0.7,0.25,6
CCACCTAAGTAGCCGA,1000,0.05,0.7,0.25,6
CCACCTAAGTGTTAGA,1,0.05,0.7,0.25,6
CCACCTACAGATCGGA,3,0.05,0.7,0.25,6
CCACCTACATCCGCGA,1,0.05,0.7,0.25,6
CCACCTAGTTATCGGT,7,0.05,0.7,0.25,6
CCACCTATCAGGCCCA,3,0.05,0.7,0.25,6
CCACCTATCAGTCCCT,8,0.05,0.7,0.25,6
CCACCTATCTTTACAC,2,0.05,0.7,0.25,6
CCACGGAAGACTGTAA,1,0.05,0.7,0.25,6
CCACGGAAGCTGTTCA,4,0.05,0.7,0.25,6
CCACGGACAAGACGTG,2,0.05,0.7,0.25,6
CCACGGACACCGAAAG,8,0.05,0.7,0.25,6
CCACGGACACCTCGTT,2,0.05,0.7,0.25,6
CCACGGACATTATCTC,1,0.05,0.7,0.25,6
CCACGGAGTCGCTTTC,6,0.05,0.7,0.25,6
CCACGGATCACTTATC,2,0.05,0.7,0.25,6
CCACGGATCCTAGAAC,3,0.05,0.7,0.25,6
CCACGGATCGGAAATA,7,0.05,0.7,0.25,6
CCACGGATCGTAGGAG,7,0.05,0.7,0.25,6
CCACGGATCTCTAAGG,8,0.05,0.7,0.25,6
CCACTACAGACGCTTT,3,0.05,0.7,0.25,6
CCACTACAGCCGATTT,3,0.05,0.7,0.25,6
CCACTACAGGCGACAT,8,0.05,0.7,0.25,6
CCACTACAGGCGTACA,1,0.05,0.7,0.25,6
CCACTACAGTTGCAGG,4,0.05,0.7,0.25,6
CCACTACCAAAGAATC,3,0.05,0.7,0.25,6
CCACTACCACCGGAAA,7,0.05,0.7,0.25,6
CCACTACCAGTCAGCC,4,0.05,0.7,0.25,6
CCACTACCATGGGAAC,1,0.05,0.7,0.25,6
CCACTACTCGCCGTGA,6,0.05,0.7,0.25,6
CCACTACTCGTACGGC,8,0.05,0.7,0.25,6
CCACTACTCTCCGGTT,1,0.05,0.7,0.25,6
CCACTACTCTGCAAGT,4,0.05,0.7,0.25,6
CCAGCGAAGAAGGACA,2,0.05,0.7,0.25,6
CCAGCGAAGGCAATTA,7,0.05,0.7,0.25,6
CCAGCGAAGGTGCACA,4,0.05,0.7,0.25,6
CCAGCGACAATGGATA,3,0.05,0.7,0.25,6
CCAGCGACACAGCGTC,7,0.05,0.7,0.25,6
CCAGCGACACGGACAA,3,0.05,0.7,0.25,6
CCAGCGACACTCGACG,8,0.05,0.7,0.25,6
CCAGCGACATAGAAAC,7,0.05,0.7,0.25,6
CCAGCGACATGGATGG,4,0.05,0.7,0.25,6
CCAGCGAGTAAGTTCC,1,0.05,0.7,0.25,6
CCAGCGAGTACAGCAG,1,0.05,0.7,0.25,6
CCAGCGAGTACAGTGG,2,0.05,0.7,0.25,6
CCAGCGAGTGAAATCA,3,0.05,0.7,0.25,6
CCAGCGAGTTGTCGCG,7,0.05,0.7,0.25,6
CCAGCGATCACAGTAC,5,0.05,0.7,0.25,6
CCAGCGATCACCTCGT,6,0.05,0.7,0.25,6
CCAGCGATCACTTATC,3,0.05,0.7,0.25,6
CCAGCGATCGAATCCA,2,0.05,0.7,0.25,6
CCATGTCAGCTGCGAA,6,0.05,0.7,0.25,6
CCATGTCAGTGTTTGC,4,0.05,0.7,0.25,6
CCATGTCAGTTTGCGT,7,0.05,0.7,0.25,6
CCATGTCCACAGACAG,3,0.05,0.7,0.25,6
CCATGTCCACCACCAG,4,0.05,0.7,0.25,6
CCATGTCCACCGATAT,6,0.05,0.7,0.25,6
CCATGTCCACGTAAGG,1,0.05,0.7,0.25,6
CCATGTCGTACCGAGA,8,0.05,0.7,0.25,6
CCATGTCGTCAGGACA,8,0.05,0.7,0.25,6
CCATGTCGTGAGGGTT,1000,0.05,0.7,0.25,6
CCATGTCGTTCCGGCA,8,0.05,0.7,0.25,6
CCATGTCTCAAGATCC,3,0.05,0.7,0.25,6
CCATGTCTCAGCATGT,2,0.05,0.7,0.25,6
CCATGTCTCCATTCTA,2,0.05,0.7,0.25,6
CCATGTCTCGATGAGG,8,0.05,0.7,0.25,6
CCATTCGAGACAGACC,1,0.05,0.7,0.25,6
CCATTCGAGACCGGAT,3,0.05,0.7,0.25,6
CCATTCGAGCAACGGT,8,0.05,0.7,0.25,6
CCATTCGAGGTAGCCA,6,0.05,0.7,0.25,6
CCATTCGAGTGAACGC,7,0.05,0.7,0.25,6
CCATTCGCAACACCTA,4,0.05,0.7,0.25,6
CCATTCGCACATTTCT,8,0.05,0.7,0.25,6
CCATTCGGTAAGAGGA,5,0.05,0.7,0.25,6
CCATTCGGTAATAGCA,7,0.05,0.7,0.25,6
CCATTCGGTCAGCTAT,3,0.05,0.7,0.25,6
CCATTCGGTGAACCTT,1,0.05,0.7,0.25,6
CCATTCGTCATGTAGC,2,0.05,0.7,0.25,6
CCATTCGTCGTATCAG,2,0.05,0.7,0.25,6
CCATTCGTCTTGCAAG,8,0.05,0.7,0.25,6
CCCAATCAGAATAGGG,8,0.05,0.7,0.25,6
CCCAATCCAACACCTA,6,0.05,0.7,0.25,6
CCCAATCCAAGAGGCT,8,0.05,0.7,0.25,6
CCCAATCCACAGACTT,4,0.05,0.7,0.25,6
CCCAATCCACGGTAGA,7,0.05,0.7,0.25,6
CCCAATCCACTGAAGG,6,0.05,0.7,0.25,6
CCCAATCCAGGGATTG,4,0.05,0.7,0.25,6
CCCAATCCATGCATGT,4,0.05,0.7,0.25,6
CCCAATCGTAAATACG,3,0.05,0.7,0.25,6
CCCAATCGTCTTCTCG,6,0.05,0.7,0.25,6
CCCAATCTCCCAGGTG,4,0.05,0.7,0.25,6
CCCAATCTCTAACTTC,3,0.05,0.7,0.25,6
CCCAATCTCTACTATC,1000,0.05,0.7,0.25,6
CCCAGTTAGAAACCGC,8,0.05,0.7,0.25,6
CCCAGTTAGATCCCGC,6,0.05,0.7,0.25,6
CCCAGTTAGTAATCCC,2,0.05,0.7,0.25,6
CCCAGTTCAAGCCGTC,2,0.05,0.7,0.25,6
CCCAGTTCACCCAGTG,7,0.05,0.7,0.25,6
CCCAGTTCATTCTTAC,1,0.05,0.7,0.25,6
CCCAGTTGTAGAGCTG,7,0.05,0.7,0.25,6
CCCAGTTGTAGGAGTC,1,0.05,0.7,0.25,6
CCCAGTTGTTTGGGCC,7,0.05,0.7,0.25,6
CCCAGTTTCTGTCAAG,1000,0.05,0.7,0.25,6
CCCATACAGAAGCCCA,7,0.05,0.7,0.25,6
CCCATACAGCTTATCG,8,0.05,0.7,0.25,6
CCCATACCAACACCCG,3,0.05,0.7,0.25,6
CCCATACCACCAGTTA,1,0.05,0.7,0.25,6
CCCATACCATCACGAT,1,0.05,0.7,0.25,6
CCCATACGTTAAGATG,4,0.05,0.7,0.25,6
CCCATACTCCACTGGG,5,0.05,0.7,0.25,6
CCCATACTCCTAGTGA,1000,0.05,0.7,0.25,6
CCCATACTCGCCCTTA,6,0.05,0.7,0.25,6
CCCATACTCTTACCTA,8,0.05,0.7,0.25,6
CCCTCCTAGAGTTGGC,8,0.05,0.7,0.25,6
CCCTCCTAGCAAATCA,4,0.05,0.7,0.25,6
CCCTCCTAGGCTCATT,1000,0.05,0.7,0.25,6
CCCTCCTAGGTAGCCA,4,0.05,0.7,0.25,6
CCCTCCTAGTCCTCCT,7,0.05,0.7,0.25,6
CCCTCCTCACCTGGTG,7,0.05,0.7,0.25,6
CCCTCCTCAGAGCCAA,8,0.05,0.7,0.25,6
CCCTCCTCAGGGATTG,1,0.05,0.7,0.25,6
CCCTCCTCATAACCTG,3,0.05,0.7,0.25,6
CCCTCCTCATGGAATA,2,0.05,0.7,0.25,6
CCCTCCTCATTCCTGC,7,0.05,0.7,0.25,6
CCCTCCTGTGCAGTAG,5,0.05,0.7,0.25,6
CCCTCCTTCCGCAGTG,3,0.05,0.7,0.25,6
CCCTCCTTCGCGCCAA,1,0.05,0.7,0.25,6
CCCTCCTTCTAGAGTC,4,0.05,0.7,0.25,6
CCGGGATAGACACTAA,2,0.05,0.7,0.25,6
CCGGGATAGCCCAATT,1,0.05,0.7,0.25,6
CCGGGATAGGAGTTGC,8,0.05,0.7,0.25,6
CCGGGATAGGCCGAAT,4,0.05,0.7,0.25,6
CCGGGATAGTATTGGA,2,0.05,0.7,0.25,6
CCGGGATAGTCGAGTG,7,0.05,0.7,0.25,6
CCGGGATGTCAGCTAT,1,0.05,0.7,0.25,6
CCGGGATGTTCAGGCC,1,0.05,0.7,0.25,6
CCGGGATGTTCCCGAG,1,0.05,0.7,0.25,6
CCGGGATGTTTACTCT,8,0.05,0.7,0.25,6
CCGGGATTCACATACG,1000,0.05,0.7,0.25,6
CCGGGATTCACGATGT,4,0.05,0.7,0.25,6
CCGGTAGAGACAGGCT,3,0.05,0.7,0.25,6
CCGGTAGAGCTAGTCT,8,0.05,0.7,0.25,6
CCGGTAGAGTATGACA,2,0.05,0.7,0.25,6
CCGGTAGAGTGGTAGC,3,0.05,0.7,0.25,6
CCGGTAGCAAACGTGG,1000,0.05,0.7,0.25,6
CCGGTAGCAGATCTGT,6,0.05,0.7,0.25,6
CCGGTAGCATCGACGC,4,0.05,0.7,0.25,6
CCGGTAGGTCTCCCTA,4,0.05,0.7,0.25,6
CCGGTAGTCATGTCTT,1,0.05,0.7,0.25,6
CCGGTAGTCGCGCCAA,3,0.05,0.7,0.25,6
CCGTACTAGCTCTCGG,2,0.05,0.7,0.25,6
CCGTACTAGTGTTGAA,5,0.05,0.7,0.25,6
CCGTACTCACAGACTT,4,0.05,0.7,0.25,6
CCGTACTCAGGGCATA,8,0.05,0.7,0.25,6
CCGTACTGTCATTAGC,8,0.05,0.7,0.25,6
CCGTACTGTCGGATCC,1000,0.05,0.7,0.25,6
CCGTACTGTTAAGTAG,4,0.05,0.7,0.25,6
CCGTACTGTTACGTCA,8,0.05,0.7,0.25,6
CCGTACTTCACGCGGT,4,0.05,0.7,0.25,6
CCGTACTTCAGTTAGC,4,0.05,0.7,0.25,6
CCGTACTTCGAACGGA,1000,0.05,0.7,0.25,6
CCGTACTTCTCAAACG,3,0.05,0.7,0.25,6
CCGTGGAAGATCCCGC,1,0.05,0.7,0.25,6
CCGTGGACAACGATCT,1,0.05,0.7,0.25,6
CCGTGGACAGCAGTTT,1,0.05,0.7,0.25,6
CCGTGGACAGCGAACA,1,0.05,0.7,0.25,6
CCGTGGAGTACGACCC,4,0.05,0.7,0.25,6
CCGTGGAGTCCTCCAT,7,0.05,0.7,0.25,6
CCGTGGAGTGAAGGCT,1000,0.05,0.7,0.25,6
CCGTGGATCACATGCA,1,0.05,0.7,0.25,6
CCGTGGATCTCTAAGG,3,0.05,0.7,0.25,6
CCGTTCAAGGACATTA,2,0.05,0.7,0.25,6
CCGTTCAAGGTGTTAA,1,0.05,0.7,0.25,6
CCGTTCAAGTGAACAT,8,0.05,0.7,0.25,6
CCGTTCACAATGACCT,5,0.05,0.7,0.25,6
CCGTTCAGTCACAAGG,2,0.05,0.7,0.25,6
CCGTTCAGTGACTCAT,1,0.05,0.7,0.25,6
CCGTTCAGTTAAGACA,6,0.05,0.7,0.25,6
CCGTTCATCGTGGACC,3,0.05,0.7,0.25,6
CCGTTCATCGTTACAG,0,0.05,0.7,0.25,6
CCTAAAGAGACAGGCT,8,0.05,0.7,0.25,6
CCTAAAGAGCTGTCTA,1000,0.05,0.7,0.25,6
CCTAAAGAGGATGGAA,1,0.05,0.7,0.25,6
CCTAAAGAGTCGCCGT,2,0.05,0.7,0.25,6
CCTAAAGAGTTATCGC,7,0.05,0.7,0.25,6
CCTAAAGCAAACTGTC,2,0.05,0.7,0.25,6
CCTAAAGCAAATCCGT,5,0.05,0.7,0.25,6
CCTAAAGCATCCGGGT,7,0.05,0.7,0.25,6
CCTAAAGCATTAGCCA,2,0.05,0.7,0.25,6
CCTAAAGGTAAGCACG,2,0.05,0.7,0.25,6
CCTAAAGGTACAGACG,8,0.05,0.7,0.25,6
CCTAAAGGTCGGCATC,4,0.05,0.7,0.25,6
CCTAAAGGTCTCCATC,4,0.05,0.7,0.25,6
CCTAAAGTCAACACCA,8,0.05,0.7,0.25,6
CCTAAAGTCAAGGCTT,3,0.05,0.7,0.25,6
CCTACACAGACTTGAA,4,0.05,0.7,0.25,6
CCTACACAGAGGACGG,7,0.05,0.7,0.25,6
CCTACACAGCGTGTCC,8,0.05,0.7,0.25,6
CCTACACAGTGAATTG,8,0.05,0.7,0.25,6
CCTACACCACCCTATC,1,0.05,0.7,0.25,6
CCTACACCAGATCTGT,1000,0.05,0.7,0.25,6
CCTACACCATAGTAAG,1,0.05,0.7,0.25,6
CCTACACGTACTTAGC,3,0.05,0.7,0.25,6
CCTACACGTATCGCAT,4,0.05,0.7,0.25,6
CCTACACGTCACACGC,1,0.05,0.7,0.25,6
CCTACACGTCCGTTAA,3,0.05,0.7,0.25,6
CCTACACGTGGGTATG,8,0.05,0.7,0.25,6
CCTACACGTTCAGACT,5,0.05,0.7,0.25,6
CCTACACTCATACGGT,1,0.05,0.7,0.25,6
CCTACCAAGGGAGTAA,3,0.05,0.7,0.25,6
CCTACCAAGTGCGATG,6,0.05,0.7,0.25,6
CCTACCACAGCGATCC,1000,0.05,0.7,0.25,6
CCTACCATCACCATAG,8,0.05,0.7,0.25,6
CCTACCATCCTACAGA,1,0.05,0.7,0.25,6
CCTAGCTAGCACCGTC,3,0.05,0.7,0.25,6
CCTAGCTAGCCATCGC,2,0.05,0.7,0.25,6
CCTAGCTAGCGTTTAC,4,0.05,0.7,0.25,6
CCTAGCTAGGTGCAAC,2,0.05,0.7,0.25,6
CCTAGCTAGTTACGGG,8,0.05,0.7,0.25,6
CCTAGCTAGTTGAGTA,1,0.05,0.7,0.25,6
CCTAGCTCAAACAACA,7,0.05,0.7,0.25,6
CCTAGCTCACACGCTG,8,0.05,0.7,0.25,6
CCTAGCTCATACCATG,8,0.05,0.7,0.25,6
CCTAGCTGTCGCCATG,4,0.05,0.7,0.25,6
CCTAGCTTCAACGGGA,2,0.05,0.7,0.25,6
CCTAGCTTCGGCATCG,1,0.05,0.7,0.25,6
CCTATTAAGTCCGGTC,8,0.05,0.7,0.25,6
CCTATTACACAGACTT,1,0.05,0.7,0.25,6
CCTATTACATCCGTGG,4,0.05,0.7,0.25,6
CCTATTACATCTGGTA,4,0.05,0.7,0.25,6
CCTATTAGTAGCTTGT,7,0.05,0.7,0.25,6
CCTATTATCACTCTTA,1,0.05,0.7,0.25,6
CCTCAGTAGCGTGTCC,1,0.05,0.7,0.25,6
CCTCAGTCAAGGCTCC,5,0.05,0.7,0.25,6
CCTCAGTCAGACAAAT,4,0.05,0.7,0.25,6
CCTCAGTCAGGTCTCG,5,0.05,0.7,0.25,6
CCTCAGTCAGTACACT,6,0.05,0.7,0.25,6
CCTCAGTGTTGACGTT,1,0.05,0.7,0.25,6
CCTCTGAAGGAGCGTT,3,0.05,0.7,0.25,6
CCTCTGAAGTGTTAGA,3,0.05,0.7,0.25,6
CCTCTGACAATGAAAC,8,0.05,0.7,0.25,6
CCTCTGACACATAACC,1,0.05,0.7,0.25,6
CCTCTGACACGGATAG,6,0.05,0.7,0.25,6
CCTCTGACAGTATCTG,2,0.05,0.7,0.25,6
CCTCTGACATCAGTCA,4,0.05,0.7,0.25,6
CCTCTGACATCCTTGC,8,0.05,0.7,0.25,6
CCTCTGACATGCTAGT,1,0.05,0.7,0.25,6
CCTCTGACATTGAGCT,4,0.05,0.7,0.25,6
CCTCTGAGTGACCAAG,5,0.05,0.7,0.25,6
CCTCTGAGTTAGGGTG,1000,0.05,0.7,0.25,6
CCTCTGATCAGTGCAT,3,0.05,0.7,0.25,6
CCTCTGATCCCATTAT,6,0.05,0.7,0.25,6
CCTCTGATCTGTCTCG,3,0.05,0.7,0.25,6
CCTTACGAGCCCAACC,2,0.05,0.7,0.25,6
CCTTACGAGTAAGTAC,0,0.05,0.7,0.25,6
CCTTACGAGTGGGCTA,6,0.05,0.7,0.25,6
CCTTACGAGTTTGCGT,3,0.05,0.7,0.25,6
CCTTACGCAAGCGCTC,1,0.05,0.7,0.25,6
CCTTACGCAGCTTCGG,7,0.05,0.7,0.25,6
CCTTACGCAGGCTCAC,1,0.05,0.7,0.25,6
CCTTACGGTATATGAG,3,0.05,0.7,0.25,6
CCTTACGGTTTGTTGG,7,0.05,0.7,0.25,6
CCTTACGTCAAGAAGT,7,0.05,0.7,0.25,6
CCTTACGTCACTTATC,4,0.05,0.7,0.25,6
CCTTACGTCAGGCGAA,2,0.05,0.7,0.25,6
CCTTCCCAGAGGGATA,5,0.05,0.7,0.25,6
CCTTCCCAGCCACTAT,8,0.05,0.7,0.25,6
CCTTCCCAGGATGGTC,7,0.05,0.7,0.25,6
CCTTCCCCAATGGAGC,3,0.05,0.7,0.25,6
CCTTCCCGTCGCGAAA,8,0.05,0.7,0.25,6
CCTTCCCGTTTAGCTG,1,0.05,0.7,0.25,6
CCTTCCCTCACAACGT,8,0.05,0.7,0.25,6
CCTTCCCTCCTAGTGA,6,0.05,0.7,0.25,6
CCTTCCCTCTAACGGT,7,0.05,0.7,0.25,6
CCTTCGAAGAACAACT,7,0.05,0.7,0.25,6
CCTTCGAAGAGAACAG,1,0.05,0.7,0.25,6
CCTTCGAAGAGCTGGT,7,0.05,0.7,0.25,6
CCTTCGAAGGAGTACC,1000,0.05,0.7,0.25,6
CCTTCGACATACGCTA,4,0.05,0.7,0.25,6
CCTTCGACATTCGACA,8,0.05,0.7,0.25,6
CCTTCGAGTAACGTTC,5,0.05,0.7,0.25,6
CCTTCGAGTACCGGCT,1000,0.05,0.7,0.25,6
CCTTCGAGTAGCGCAA,3,0.05,0.7,0.25,6
CCTTCGAGTATAGGTA,1000,0.05,0.7,0.25,6
CCTTCGAGTGCTAGCC,7,0.05,0.7,0.25,6
CCTTCGATCCTCGCAT,8,0.05,0.7,0.25,6
CCTTCGATCGCATGAT,4,0.05,0.7,0.25,6
CCTTCGATCGCTTAGA,8,0.05,0.7,0.25,6
CCTTTCTAGAATGTGT,7,0.05,0.7,0.25,6
CCTTTCTAGCACCGCT,8,0.05,0.7,0.25,6
CCTTTCTAGGCAATTA,7,0.05,0.7,0.25,6
CCTTTCTCAGGACCCT,1,0.05,0.7,0.25,6
CCTTTCTGTAAGTGGC,3,0.05,0.7,0.25,6
CCTTTCTGTGAGCGAT,3,0.05,0.7,0.25,6
CCTTTCTGTGTAAGTA,1000,0.05,0.7,0.25,6
CCTTTCTTCCTTGCCA,7,0.05,0.7,0.25,6
CCTTTCTTCTTCAACT,1,0.05,0.7,0.25,6
CGAACATAGAAGGCCT,4,0.05,0.7,0.25,6
CGAACATAGCCGATTT,3,0.05,0.7,0.25,6
CGAACATAGGCTCATT,7,0.05,0.7,0.25,6
CGAACATAGTTCGCGC,8,0.05,0.7,0.25,6
CGAACATCAACGCACC,7,0.05,0.7,0.25,6
CGAACATCAACTTGAC,3,0.05,0.7,0.25,6
CGAACATCAGCCTTTC,1,0.05,0.7,0.25,6
CGAACATCAGCTGCTG,8,0.05,0.7,0.25,6
CGAACATCATGCCCGA,3,0.05,0.7,0.25,6
CGAACATGTCATATCG,4,0.05,0.7,0.25,6
CGAACATGTCGATTGT,1000,0.05,0.7,0.25,6
CGAACATGTGCACTTA,3,0.05,0.7,0.25,6
CGAACATTCAGAGGTG,6,0.05,0.7,0.25,6
CGAATGTAGAGTACAT,4,0.05,0.7,0.25,6
CGAATGTAGCTGTCTA,7,0.05,0.7,0.25,6
CGAATGTAGTTAAGTG,3,0.05,0.7,0.25,6
CGAATGTCATTACCTT,4,0.05,0.7,0.25,6
CGAATGTGTTTAAGCC,6,0.05,0.7,0.25,6
CGAATGTTCCTCTAGC,3,0.05,0.7,0.25,6
CGACCTTCAGGACGTA,4,0.05,0.7,0.25,6
CGACCTTCAGGTTTCA,1,0.05,0.7,0.25,6
CGACCTTCATACGCCG,1000,0.05,0.7,0.25,6
CGACCTTTCACCGGGT,4,0.05,0.7,0.25,6
CGACCTTTCCACGACG,8,0.05,0.7,0.25,6
CGACTTCAGTTTGCGT,6,0.05,0.7,0.25,6
CGACTTCCAGCTGTGC,3,0.05,0.7,0.25,6
CGACTTCCATTAGGCT,4,0.05,0.7,0.25,6
CGACTTCGTCAGAATA,1000,0.05,0.7,0.25,6
CGACTTCGTCTTGATG,5,0.05,0.7,0.25,6
CGACTTCGTTACGTCA,1,0.05,0.7,0.25,6
CGACTTCGTTCCTCCA,7,0.05,0.7,0.25,6
CGACTTCTCATACGGT,7,0.05,0.7,0.25,6
CGACTTCTCTTGAGGT,8,0.05,0.7,0.25,6
CGAGAAGAGAAGAAGC,8,0.05,0.7,0.25,6
CGAGAAGAGCTGCGAA,3,0.05,0.7,0.25,6
CGAGAAGCAATGGTCT,3,0.05,0.7,0.25,6
CGAGAAGCAGCTGTTA,3,0.05,0.7,0.25,6
CGAGAAGCATCCGGGT,4,0.05,0.7,0.25,6
CGAGAAGGTGATAAAC,1000,0.05,0.7,0.25,6
CGAGAAGGTGATGTGG,3,0.05,0.7,0.25,6
CGAGAAGGTGCACTTA,1,0.05,0.7,0.25,6
CGAGAAGGTGTGAATA,7,0.05,0.7,0.25,6
CGAGAAGTCTTCCTTC,1000,0.05,0.7,0.25,6
CGAGCACAGCGTCAAG,4,0.05,0.7,0.25,6
CGAGCACAGCTGCAAG,4,0.05,0.7,0.25,6
CGAGCACCAAGTAGTA,8,0.05,0.7,0.25,6
CGAGCACCACACGCTG,3,0.05,0.7,0.25,6
CGAGCACCATTTCACT,1,0.05,0.7,0.25,6
CGAGCACGTAAGTGGC,2,0.05,0.7,0.25,6
CGAGCACGTAGCTTGT,2,0.05,0.7,0.25,6
CGAGCACGTCTGCGGT,8,0.05,0.7,0.25,6
CGAGCACTCACGCGGT,8,0.05,0.7,0.25,6
CGAGCCAAGTCTCAAC,3,0.05,0.7,0.25,6
CGAGCCACAATGCCAT,8,0.05,0.7,0.25,6
CGAGCCACATTCTCAT,7,0.05,0.7,0.25,6
CGAGCCACATTTCACT,3,0.05,0.7,0.25,6
CGAGCCAGTGGGTATG,2,0.05,0.7,0.25,6
CGATCGGAGACATAAC,4,0.05,0.7,0.25,6
CGATCGGAGCTAGCCC,4,0.05,0.7,0.25,6
CGATCGGAGGTGTGGT,8,0.05,0.7,0.25,6
CGATCGGAGTGTTGAA,8,0.05,0.7,0.25,6
CGATCGGCAAGCTGAG,8,0.05,0.7,0.25,6
CGATCGGCACAACTGT,6,0.05,0.7,0.25,6
CGATCGGCACCAGATT,8,0.05,0.7,0.25,6
CGATCGGCATTGGCGC,4,0.05,0.7,0.25,6
CGATCGGGTCCTCCAT,8,0.05,0.7,0.25,6
CGATCGGGTCGACTGC,1,0.05,0.7,0.25,6
CGATCGGGTCGTTGTA,7,0.05,0.7,0.25,6
CGATCGGGTTATGCGT,8,0.05,0.7,0.25,6
CGATCGGTCAAGCCTA,1000,0.05,0.7,0.25,6
CGATCGGTCACTTATC,7,0.05,0.7,0.25,6
CGATCGGTCCCGGATG,5,0.05,0.7,0.25,6
CGATCGGTCGCTAGCG,7,0.05,0.7,0.25,6
CGATCGGTCTGTCCGT,4,0.05,0.7,0.25,6
CGATGGCAGATCCCAT,3,0.05,0.7,0.25,6
CGATGGCAGCCAACAG,1000,0.05,0.7,0.25,6
CGATGGCAGCCTCGTG,3,0.05,0.7,0.25,6
CGATGGCAGCGTAATA,1000,0.05,0.7,0.25,6
CGATGGCAGGTAAACT,2,0.05,0.7,0.25,6
CGATGGCAGTACGTTC,3,0.05,0.7,0.25,6
CGATGGCCAAACGCGA,5,0.05,0.7,0.25,6
CGATGGCGTCTCCACT,3,0.05,0.7,0.25,6
CGATGGCTCAACACCA,2,0.05,0.7,0.25,6
CGATGTAAGACTAGAT,4,0.05,0.7,0.25,6
CGATGTAAGTCAAGGC,6,0.05,0.7,0.25,6
CGATGTACACAAGTAA,3,0.05,0.7,0.25,6
CGATGTACACGGTAAG,1,0.05,0.7,0.25,6
CGATGTACACTGTTAG,1000,0.05,0.7,0.25,6
CGATGTACATGATCCA,1,0.05,0.7,0.25,6
CGATGTACATTCTCAT,4,0.05,0.7,0.25,6
CGATGTAGTGAGGGAG,3,0.05,0.7,0.25,6
CGATTGAAGACCGGAT,4,0.05,0.7,0.25,6
CGATTGACAAGACGTG,1,0.05,0.7,0.25,6
CGATTGACAATCAGAA,5,0.05,0.7,0.25,6
CGATTGAGTATATGAG,1,0.05,0.7,0.25,6
CGCCAAGAGTGGGTTG,3,0.05,0.7,0.25,6
CGCCAAGCACTGAAGG,6,0.05,0.7,0.25,6
CGCCAAGCATACTACG,7,0.05,0.7,0.25,6
CGCCAAGGTGTGGTTT,4,0.05,0.7,0.25,6
CGCCAAGGTTTAAGCC,1,0.05,0.7,0.25,6
CGCCAAGGTTTCGCTC,7,0.05,0.7,0.25,6
CGCCAAGTCAGGTTCA,3,0.05,0.7,0.25,6
CGCCAAGTCCACTCCA,4,0.05,0.7,0.25,6
CGCCAAGTCCGTCAAA,8,0.05,0.7,0.25,6
CGCCAAGTCGTAGATC,1000,0.05,0.7,0.25,6
CGCCAAGTCTCTAGGA,5,0.05,0.7,0.25,6
CGCGGTAAGAGGTAGA,8,0.05,0.7,0.25,6
CGCGGTACAAGCCCAC,1,0.05,0.7,0.25,6
CGCGGTACAGTAAGAT,1000,0.05,0.7,0.25,6
CGCGGTAGTATCAGTC,3,0.05,0.7,0.25,6
CGCGGTAGTCATTAGC,8,0.05,0.7,0.25,6
CGCGGTAGTGAGTGAC,4,0.05,0.7,0.25,6
CGCGGTATCACATGCA,5,0.05,0.7,0.25,6
CGCGGTATCCGAAGAG,1,0.05,0.7,0.25,6
CGCGGTATCGTAGATC,1000,0.05,0.7,0.25,6
CGCGGTATCTACCAGA,7,0.05,0.7,0.25,6
CGCGTTTAGAGCTTCT,8,0.05,0.7,0.25,6
CGCGTTTAGGGTCGAT,4,0.05,0.7,0.25,6
CGCGTTTAGTGGAGAA,8,0.05,0.7,0.25,6
CGCGTTTCAAGAAAGG,3,0.05,0.7,0.25,6
CGCGTTTGTAACGACG,7,0.05,0.7,0.25,6
CGCGTTTGTCATTAGC,8,0.05,0.7,0.25,6
CGCGTTTGTGACTCAT,2,0.05,0.7,0.25,6
CGCGTTTTCATGCTCC,8,0.05,0.7,0.25,6
CGCGTTTTCGCCATAA,8,0.05,0.7,0.25,6
CGCGTTTTCGGCGCAT,4,0.05,0.7,0.25,6
CGCGTTTTCGGTGTCG,4,0.05,0.7,0.25,6
CGCGTTTTCTCCGGTT,7,0.05,0.7,0.25,6
CGCTATCAGAAGGTTT,4,0.05,0.7,0.25,6
CGCTATCAGGGTCGAT,7,0.05,0.7,0.25,6
CGCTATCCAACTTGAC,3,0.05,0.7,0.25,6
CGCTATCCAGATGAGC,7,0.05,0.7,0.25,6
CGCTATCTCAGAGCTT,3,0.05,0.7,0.25,6
CGCTATCTCAGCCTAA,4,0.05,0.7,0.25,6
CGCTATCTCCTAGAAC,4,0.05,0.7,0.25,6
CGCTGGAAGCTACCTA,2,0.05,0.7,0.25,6
CGCTGGACACTGAAGG,1000,0.05,0.7,0.25,6
CGCTGGACATGATCCA,4,0.05,0.7,0.25,6
CGCTGGAGTGGCAAAC,8,0.05,0.7,0.25,6
CGCTGGAGTTGAGTTC,8,0.05,0.7,0.25,6
CGCTGGAGTTGTGGCC,8,0.05,0.7,0.25,6
CGCTGGATCAAACCAC,3,0.05,0.7,0.25,6
CGCTGGATCAGAGCTT,7,0.05,0.7,0.25,6
CGCTGGATCGCGATCG,4,0.05,0.7,0.25,6
CGCTGGATCGCTTGTC,5,0.05,0.7,0.25,6
CGCTGGATCTGATTCT,7,0.05,0.7,0.25,6
CGCTGGATCTTCCTTC,1,0.05,0.7,0.25,6
CGCTTCAAGCCACTAT,8,0.05,0.7,0.25,6
CGCTTCAAGTGCGTGA,7,0.05,0.7,0.25,6
CGCTTCAAGTTGTAGA,7,0.05,0.7,0.25,6
CGCTTCACAACGATGG,1,0.05,0.7,0.25,6
CGCTTCACACAGGCCT,6,0.05,0.7,0.25,6
CGCTTCACATGAGCGA,8,0.05,0.7,0.25,6
CGCTTCAGTAATAGCA,1,0.05,0.7,0.25,6
CGCTTCATCAGAGCTT,5,0.05,0.7,0.25,6
CGGACACAGGAGTTGC,1000,0.05,0.7,0.25,6
CGGACACAGGTGATTA,4,0.05,0.7,0.25,6
CGGACACCAAACGTGG,7,0.05,0.7,0.25,6
CGGACACCAAGCTGTT,2,0.05,0.7,0.25,6
CGGACACCACCAGTTA,8,0.05,0.7,0.25,6
CGGACACCACGAGAGT,1,0.05,0.7,0.25,6
CGGACACCAGTAGAGC,1,0.05,0.7,0.25,6
CGGACACCATTATCTC,2,0.05,0.7,0.25,6
CGGACACGTATAAACG,2,0.05,0.7,0.25,6
CGGACACGTTAAGATG,1,0.05,0.7,0.25,6
CGGACACGTTTAGGAA,7,0.05,0.7,0.25,6
CGGACACTCGCCAAAT,1000,0.05,0.7,0.25,6
CGGACACTCTGTCCGT,4,0.05,0.7,0.25,6
CGGACGTAGGGTGTTG,4,0.05,0.7,0.25,6
CGGACGTAGTGGTAGC,8,0.05,0.7,0.25,6
CGGACGTAGTGTCCAT,2,0.05,0.7,0.25,6
CGGACGTCACAGAGGT,8,0.05,0.7,0.25,6
CGGACGTGTACGAAAT,5,0.05,0.7,0.25,6
CGGACGTGTAGAGCTG,2,0.05,0.7,0.25,6
CGGACGTGTTCGCTAA,1,0.05,0.7,0.25,6
CGGACGTGTTGATTCG,7,0.05,0.7,0.25,6
CGGACTGAGAAACCAT,3,0.05,0.7,0.25,6
CGGACTGAGACTACAA,1,0.05,0.7,0.25,6
CGGACTGAGACTAGGC,8,0.05,0.7,0.25,6
CGGACTGAGGCGATAC,7,0.05,0.7,0.25,6
CGGACTGAGTTCCACA,1000,0.05,0.7,0.25,6
CGGACTGCAAGAAGAG,4,0.05,0.7,0.25,6
CGGACTGCACAGACTT,1,0.05,0.7,0.25,6
CGGACTGCAGTTCATG,1,0.05,0.7,0.25,6
CGGACTGGTAAACCTC,8,0.05,0.7,0.25,6
CGGACTGGTAGGGACT,4,0.05,0.7,0.25,6
CGGACTGGTCGTTGTA,3,0.05,0.7,0.25,6
CGGACTGTCAGGCCCA,1000,0.05,0.7,0.25,6
CGGACTGTCCTTTCTC,3,0.05,0.7,0.25,6
CGGAGCTAGAGGTTAT,8,0.05,0.7,0.25,6
CGGAGCTAGCTAGGCA,8,0.05,0.7,0.25,6
CGGAGCTAGGCACATG,2,0.05,0.7,0.25,6
CGGAGCTAGTCCCACG,3,0.05,0.7,0.25,6
CGGAGCTAGTGCTGCC,4,0.05,0.7,0.25,6
CGGAGCTCACAACTGT,1,0.05,0.7,0.25,6
CGGAGCTCAGGTCCAC,8,0.05,0.7,0.25,6
CGGAGCTTCACCACCT,3,0.05,0.7,0.25,6
CGGAGCTTCACTTACT,4,0.05,0.7,0.25,6
CGGAGCTTCTTGACGA,3,0.05,0.7,0.25,6
CGGAGTCAGAGGGCTT,1000,0.05,0.7,0.25,6
CGGAGTCAGGACTGGT,4,0.05,0.7,0.25,6
CGGAGTCAGGTGATTA,1,0.05,0.7,0.25,6
CGGAGTCAGTGCGATG,3,0.05,0.7,0.25,6
CGGAGTCCAGCCAGAA,5,0.05,0.7,0.25,6
CGGAGTCCATATGCTG,4,0.05,0.7,0.25,6
CGGAGTCGTAGAGCTG,5,0.05,0.7,0.25,6
CGGAGTCGTCCATGAT,7,0.05,0.7,0.25,6
CGGAGTCGTCCGAATT,8,0.05,0.7,0.25,6
CGGAGTCTCGGGAGTA,3,0.05,0.7,0.25,6
CGGAGTCTCTCCCTGA,8,0.05,0.7,0.25,6
CGGCTAGAGAGATGAG,7,0.05,0.7,0.25,6
CGGCTAGCAGCAGTTT,5,0.05,0.7,0.25,6
CGGCTAGGTCTCAACA,6,0.05,0.7,0.25,6
CGGCTAGGTGTTCTTT,2,0.05,0.7,0.25,6
CGGCTAGTCACGCGGT,3,0.05,0.7,0.25,6
CGGCTAGTCGCGTTTC,8,0.05,0.7,0.25,6
CGGCTAGTCGGAGCAA,4,0.05,0.7,0.25,6
CGGCTAGTCGGCATCG,1,0.05,0.7,0.25,6
CGGCTAGTCGGTCCGA,3,0.05,0.7,0.25,6
CGGGTCAAGAATCTCC,5,0.05,0.7,0.25,6
CGGGTCAAGCGTAGTG,8,0.05,0.7,0.25,6
CGGGTCAAGGAGTCTG,1,0.05,0.7,0.25,6
CGGGTCAAGTACCGGA,5,0.05,0.7,0.25,6
CGGGTCACATTAACCG,2,0.05,0.7,0.25,6
CGGGTCAGTGCGCTTG,7,0.05,0.7,0.25,6
CGGGTCATCACAACGT,1,0.05,0.7,0.25,6
CGGGTCATCGGCGCTA,1000,0.05,0.7,0.25,6
CGGGTCATCTTTAGGG,2,0.05,0.7,0.25,6
CGGTTAACAAGTTAAG,8,0.05,0.7,0.25,6
CGGTTAACAGATTGCT,3,0.05,0.7,0.25,6
CGGTTAACAGTTTACG,3,0.05,0.7,0.25,6
CGGTTAAGTTTCCACC,6,0.05,0.7,0.25,6
CGGTTAATCCTCATTA,1,0.05,0.7,0.25,6
CGGTTAATCTCGAGTA,1000,0.05,0.7,0.25,6
CGGTTAATCTTGTATC,1,0.05,0.7,0.25,6
CGTAGCGAGACAATAC,5,0.05,0.7,0.25,6
CGTAGCGAGTCTCAAC,2,0.05,0.7,0.25,6
CGTAGCGCAAGGTTTC,6,0.05,0.7,0.25,6
CGTAGCGCACGTTGGC,1,0.05,0.7,0.25,6
CGTAGCGGTCGAATCT,7,0.05,0.7,0.25,6
CGTAGCGGTGGTAACG,2,0.05,0.7,0.25,6
CGTAGCGGTTCGTGAT,5,0.05,0.7,0.25,6
CGTAGCGTCCAAACAC,6,0.05,0.7,0.25,6
CGTAGCGTCTGTCTAT,4,0.05,0.7,0.25,6
CGTAGGCAGACTAAGT,7,0.05,0.7,0.25,6
CGTAGGCAGGGCTTCC,3,0.05,0.7,0.25,6
CGTAGGCCAAGAGGCT,2,0.05,0.7,0.25,6
CGTAGGCCACCTTGTC,8,0.05,0.7,0.25,6
CGTAGGCGTCGCATAT,1,0.05,0.7,0.25,6
CGTAGGCGTGTGAAAT,5,0.05,0.7,0.25,6
CGTAGGCTCACGGTTA,7,0.05,0.7,0.25,6
CGTAGGCTCAGCCTAA,1,0.05,0.7,0.25,6
CGTAGGCTCCCACTTG,7,0.05,0.7,0.25,6
CGTAGGCTCCTCAATT,4,0.05,0.7,0.25,6
CGTAGGCTCTATCGCC,1,0.05,0.7,0.25,6
CGTCACTAGCCAGGAT,3,0.05,0.7,0.25,6
CGTCACTAGGCAGGTT,6,0.05,0.7,0.25,6
CGTCACTAGGGATCTG,4,0.05,0.7,0.25,6
CGTCACTGTCGCGGTT,1000,0.05,0.7,0.25,6
CGTCACTTCGGAAATA,3,0.05,0.7,0.25,6
CGTCAGGAGCTAAACA,5,0.05,0.7,0.25,6
CGTCAGGCAATAGAGT,4,0.05,0.7,0.25,6
CGTCAGGGTTCAACCA,8,0.05,0.7,0.25,6
CGTCAGGTCATGCTCC,7,0.05,0.7,0.25,6
CGTCAGGTCCTACAGA,4,0.05,0.7,0.25,6
CGTCAGGTCTTACCGC,6,0.05,0.7,0.25,6
CGTCCATAGCCAGAAC,1000,0.05,0.7,0.25,6
CGTCCATAGCGTTGCC,1000,0.05,0.7,0.25,6
CGTCCATAGGTGATAT,8,0.05,0.7,0.25,6
CGTCCATCAATCACAC,5,0.05,0.7,0.25,6
CGTCCATCACCAGGTC,5,0.05,0.7,0.25,6
CGTCCATCACTTAACG,7,0.05,0.7,0.25,6
CGTCCATCAGTACACT,8,0.05,0.7,0.25,6
CGTCCATCATATGGTC,7,0.05,0.7,0.25,6
CGTCCATCATCCGCGA,1,0.05,0.7,0.25,6
CGTCCATGTTGGACCC,1,0.05,0.7,0.25,6
CGTCCATTCTGAGTGT,1,0.05,0.7,0.25,6
CGTCTACAGACGCACA,1,0.05,0.7,0.25,6
CGTCTACAGATATACG,8,0.05,0.7,0.25,6
CGTCTACAGATATGGT,8,0.05,0.7,0.25,6
CGTCTACAGTTCGCAT,8,0.05,0.7,0.25,6
CGTCTACCAAACGTGG,2,0.05,0.7,0.25,6
CGTCTACCACATCCGG,2,0.05,0.7,0.25,6
CGTCTACCACCCAGTG,1,0.05,0.7,0.25,6
CGTCTACCACTTGGAT,6,0.05,0.7,0.25,6
CGTCTACCAGACGCTC,8,0.05,0.7,0.25,6
CGTCTACCAGTGGAGT,7,0.05,0.7,0.25,6
CGTCTACCATTTCACT,3,0.05,0.7,0.25,6
CGTCTACGTCAAACTC,8,0.05,0.7,0.25,6
CGTCTACGTCATCCCT,8,0.05,0.7,0.25,6
CGTCTACGTCGGCATC,3,0.05,0.7,0.25,6
CGTCTACGTCTTTCAT,1,0.05,0.7,0.25,6
CGTCTACGTGGTACAG,3,0.05,0.7,0.25,6
CGTCTACTCCACGCAG,7,0.05,0.7,0.25,6
CGTCTACTCGCCATAA,4,0.05,0.7,0.25,6
CGTCTACTCTTAACCT,8,0.05,0.7,0.25,6
CGTGAGCAGAATAGGG,1,0.05,0.7,0.25,6
CGTGAGCAGCTAAACA,2,0.05,0.7,0.25,6
CGTGAGCAGTACACCT,1,0.05,0.7,0.25,6
CGTGAGCCAGTTCATG,7,0.05,0.7,0.25,6
CGTGAGCCATTACCTT,1,0.05,0.7,0.25,6
CGTGAGCCATTGGCGC,8,0.05,0.7,0.25,6
CGTGAGCGTCTCTCTG,1,0.05,0.7,0.25,6
CGTGAGCGTGCAACGA,6,0.05,0.7,0.25,6
CGTGAGCTCATTGCCC,3,0.05,0.7,0.25,6
CGTGAGCTCTACCAGA,4,0.05,0.7,0.25,6
CGTGTAAAGAAGGGTA,7,0.05,0.7,0.25,6
CGTGTAAAGATATGCA,7,0.05,0.7,0.25,6
CGTGTAAAGCCCAACC,7,0.05,0.7,0.25,6
CGTGTAAAGTTCGCGC,8,0.05,0.7,0.25,6
CGTGTAACAGGTCTCG,1,0.05,0.7,0.25,6
CGTGTAACAGTATAAG,4,0.05,0.7,0.25,6
CGTGTAACATGCCACG,3,0.05,0.7,0.25,6
CGTGTAAGTAACGACG,1,0.05,0.7,0.25,6
CGTGTAAGTAAGGGCT,1,0.05,0.7,0.25,6
CGTGTAAGTACTCTCC,8,0.05,0.7,0.25,6
CGTGTAAGTATCTGCA,4,0.05,0.7,0.25,6
CGTGTAAGTGCAGACA,8,0.05,0.7,0.25,6
CGTGTAAGTGCGAAAC,8,0.05,0.7,0.25,6
CGTGTAAGTGTGCGTC,1,0.05,0.7,0.25,6
CGTGTAATCACTTATC,0,0.05,0.7,0.25,6
CGTGTAATCGGTTCGG,4,0.05,0.7,0.25,6
CGTGTCTAGCACACAG,7,0.05,0.7,0.25,6
CGTGTCTCATGCATGT,6,0.05,0.7,0.25,6
CGTGTCTGTACAGACG,8,0.05,0.7,0.25,6
CGTGTCTGTACCGCTG,3,0.05,0.7,0.25,6
CGTGTCTGTCTCACCT,8,0.05,0.7,0.25,6
CGTGTCTGTCTGCGGT,1,0.05,0.7,0.25,6
CGTGTCTGTGCCTGTG,4,0.05,0.7,0.25,6
CGTGTCTGTTCCACGG,5,0.05,0.7,0.25,6
CGTGTCTGTTGTCTTT,1,0.05,0.7,0.25,6
CGTGTCTTCAATCACG,2,0.05,0.7,0.25,6
CGTGTCTTCACCCTCA,1,0.05,0.7,0.25,6
CGTGTCTTCCTTCAAT,8,0.05,0.7,0.25,6
CGTGTCTTCGGAAACG,4,0.05,0.7,0.25,6
CGTGTCTTCGGACAAG,3,0.05,0.7,0.25,6
CGTGTCTTCGGCCGAT,4,0.05,0.7,0.25,6
CGTGTCTTCGTAGGTT,5,0.05,0.7,0.25,6
CGTGTCTTCTGTCCGT,1,0.05,0.7,0.25,6
CGTTAGAAGACCGGAT,2,0.05,0.7,0.25,6
CGTTAGAAGTGGGATC,6,0.05,0.7,0.25,6
CGTTAGAAGTTTGCGT,5,0.05,0.7,0.25,6
CGTTAGACAACGATGG,8,0.05,0.7,0.25,6
CGTTAGACAAGCCTAT,1,0.05,0.7,0.25,6
CGTTAGACACCAACCG,8,0.05,0.7,0.25,6
CGTTAGAGTTGGTTTG,8,0.05,0.7,0.25,6
CGTTAGATCAGTTGAC,1,0.05,0.7,0.25,6
CGTTCTGAGATAGGAG,8,0.05,0.7,0.25,6
CGTTCTGCACGGTTTA,1,0.05,0.7,0.25,6
CGTTCTGGTAGGGTAC,3,0.05,0.7,0.25,6
CGTTCTGGTTAAGGGC,6,0.05,0.7,0.25,6
CGTTCTGGTTACGCGC,8,0.05,0.7,0.25,6
CGTTCTGTCACCGTAA,6,0.05,0.7,0.25,6
CGTTCTGTCCAAGTAC,7,0.05,0.7,0.25,6
CGTTCTGTCCTTTACA,7,0.05,0.7,0.25,6
CGTTCTGTCGGCGCTA,1,0.05,0.7,0.25,6
CGTTCTGTCTGAGGGA,6,0.05,0.7,0.25,6
CGTTGGGAGGGATCTG,1000,0.05,0.7,0.25,6
CGTTGGGAGTCCGGTC,7,0.05,0.7,0.25,6
CGTTGGGAGTTGAGAT,4,0.05,0.7,0.25,6
CGTTGGGCAAGTCATC,7,0.05,0.7,0.25,6
CGTTGGGCACAGCGTC,6,0.05,0.7,0.25,6
CGTTGGGCATTGGGCC,4,0.05,0.7,0.25,6
CGTTGGGGTGCAGGTA,3,0.05,0.7,0.25,6
CGTTGGGTCGTGACAT,3,0.05,0.7,0.25,6
CGTTGGGTCTTGGGTA,1,0.05,0.7,0.25,6
CTAACTTAGAGAACAG,1,0.05,0.7,0.25,6
CTAACTTAGATGTCGG,3,0.05,0.7,0.25,6
CTAACTTAGATGTGGC,3,0.05,0.7,0.25,6
CTAACTTAGCAGCCTC,2,0.05,0.7,0.25,6
CTAACTTAGGTAGCTG,7,0.05,0.7,0.25,6
CTAACTTAGGTGCACA,8,0.05,0.7,0.25,6
CTAACTTAGTCATCCA,7,0.05,0.7,0.25,6
CTAACTTCACCGCTAG,8,0.05,0.7,0.25,6
CTAACTTCAGGCAGTA,8,0.05,0.7,0.25,6
CTAACTTGTATATCCG,1000,0.05,0.7,0.25,6
CTAACTTTCAGTTCGA,1000,0.05,0.7,0.25,6
CTAACTTTCATTTGGG,4,0.05,0.7,0.25,6
CTAAGACAGACCTAGG,6,0.05,0.7,0.25,6
CTAAGACAGGGTGTGT,3,0.05,0.7,0.25,6
CTAAGACAGTGCAAGC,7,0.05,0.7,0.25,6
CTAAGACAGTGCTGCC,3,0.05,0.7,0.25,6
CTAAGACCAAATCCGT,7,0.05,0.7,0.25,6
CTAAGACCATAAGACA,4,0.05,0.7,0.25,6
CTAAGACGTACAGTTC,7,0.05,0.7,0.25,6
CTAAGACGTTCATGGT,1,0.05,0.7,0.25,6
CTAAGACTCACTATTC,1000,0.05,0.7,0.25,6
CTAAGACTCCAAATGC,5,0.05,0.7,0.25,6
CTAAGACTCCACGTGG,8,0.05,0.7,0.25,6
CTAAGACTCGGTCCGA,6,0.05,0.7,0.25,6
CTAATGGAGCTCTCGG,7,0.05,0.7,0.25,6
CTAATGGAGTTTAGGA,6,0.05,0.7,0.25,6
CTAATGGCAATGGAGC,1,0.05,0.7,0.25,6
CTAATGGCACCCTATC,3,0.05,0.7,0.25,6
CTAATGGCACTGTGTA,2,0.05,0.7,0.25,6
CTAATGGCAGAGTGTG,3,0.05,0.7,0.25,6
CTAATGGTCAACGGGA,3,0.05,0.7,0.25,6
CTAATGGTCGAGAACG,3,0.05,0.7,0.25,6
CTACACCAGAAGGCCT,1000,0.05,0.7,0.25,6
CTACACCAGTGGAGAA,4,0.05,0.7,0.25,6
CTACACCCATGCTGGC,6,0.05,0.7,0.25,6
CTACACCGTAAGTTCC,3,0.05,0.7,0.25,6
CTACACCGTAGGCTGA,3,0.05,0.7,0.25,6
CTACACCGTGACTCAT,1,0.05,0.7,0.25,6
CTACACCTCAGATAAG,8,0.05,0.7,0.25,6
CTACACCTCCGAAGAG,8,0.05,0.7,0.25,6
CTACATTAGACGACGT,3,0.05,0.7,0.25,6
CTACATTAGTTGTAGA,7,0.05,0.7,0.25,6
CTACATTAGTTGTCGT,7,0.05,0.7,0.25,6
CTACATTCACCATGTA,3,0.05,0.7,0.25,6
CTACATTCACGTTGGC,3,0.05,0.7,0.25,6
CTACATTCAGAAGCAC,3,0.05,0.7,0.25,6
CTACATTCAGATAATG,4,0.05,0.7,0.25,6
CTACATTCAGCTATTG,1,0.05,0.7,0.25,6
CTACATTGTAGCGCTC,7,0.05,0.7,0.25,6
CTACATTGTGTTAAGA,1000,0.05,0.7,0.25,6
CTACATTTCATGTCCC,7,0.05,0.7,0.25,6
CTACCCAAGATGTTAG,8,0.05,0.7,0.25,6
CTACCCAAGTACGCGA,1,0.05,0.7,0.25,6
CTACCCAAGTGGTCCC,4,0.05,0.7,0.25,6
CTACCCACAAGAGGCT,4,0.05,0.7,0.25,6
CTACCCACAATAGCGG,2,0.05,0.7,0.25,6
CTACCCACACTTCGAA,5,0.05,0.7,0.25,6
CTACCCACAGTCCTTC,6,0.05,0.7,0.25,6
CTACCCACATCGTCGG,3,0.05,0.7,0.25,6
CTACCCAGTAGGCTGA,8,0.05,0.7,0.25,6
CTACCCAGTCATGCCG,8,0.05,0.7,0.25,6
CTACCCAGTTATCGGT,2,0.05,0.7,0.25,6
CTACCCATCAGCTCTC,7,0.05,0.7,0.25,6
CTACCCATCATAACCG,3,0.05,0.7,0.25,6
CTACCCATCTGTCCGT,2,0.05,0.7,0.25,6
CTACGTCAGGATGTAT,2,0.05,0.7,0.25,6
CTACGTCAGGCAATTA,7,0.05,0.7,0.25,6
CTACGTCAGTAGGCCA,1000,0.05,0.7,0.25,6
CTACGTCCACTTACGA,7,0.05,0.7,0.25,6
CTACGTCCAGGGATTG,1000,0.05,0.7,0.25,6
CTACGTCCAGTAAGAT,2,0.05,0.7,0.25,6
CTACGTCCATACAGCT,2,0.05,0.7,0.25,6
CTACGTCGTACTTAGC,1,0.05,0.7,0.25,6
CTACGTCGTCGACTAT,7,0.05,0.7,0.25,6
CTACGTCGTTGGTTTG,4,0.05,0.7,0.25,6
CTACGTCTCAATAAGG,8,0.05,0.7,0.25,6
CTACGTCTCACAACGT,1,0.05,0.7,0.25,6
CTACGTCTCGGTCCGA,7,0.05,0.7,0.25,6
CTACGTCTCGTAGATC,8,0.05,0.7,0.25,6
CTACGTCTCTTACCGC,1,0.05,0.7,0.25,6
CTACGTCTCTTCAACT,1,0.05,0.7,0.25,6
CTAGAGTAGAAACCGC,3,0.05,0.7,0.25,6
CTAGAGTAGTGGTAGC,3,0.05,0.7,0.25,6
CTAGAGTCAATGGTCT,1000,0.05,0.7,0.25,6
CTAGAGTCACTTACGA,8,0.05,0.7,0.25,6
CTAGAGTCATACGCCG,8,0.05,0.7,0.25,6
CTAGAGTCATCACGTA,2,0.05,0.7,0.25,6
CTAGAGTGTACCCAAT,4,0.05,0.7,0.25,6
CTAGAGTGTGGTCCGT,1000,0.05,0.7,0.25,6
CTAGAGTTCCTTCAAT,1,0.05,0.7,0.25,6
CTAGAGTTCGTTTGCC,3,0.05,0.7,0.25,6
CTAGCCTAGCCAGGAT,3,0.05,0.7,0.25,6
CTAGCCTAGGGCTTGA,8,0.05,0.7,0.25,6
CTAGCCTAGTCCATAC,3,0.05,0.7,0.25,6
CTAGCCTAGTCGTACT,1,0.05,0.7,0.25,6
CTAGCCTAGTCTCCTC,8,0.05,0.7,0.25,6
CTAGCCTGTTCACCTC,4,0.05,0.7,0.25,6
CTAGCCTTCACTCCTG,4,0.05,0.7,0.25,6
CTAGCCTTCAGGCCCA,2,0.05,0.7,0.25,6
CTAGCCTTCATGCAAC,3,0.05,0.7,0.25,6
CTAGCCTTCATGCATG,2,0.05,0.7,0.25,6
CTAGCCTTCTCAAACG,8,0.05,0.7,0.25,6
CTAGTGAAGATGTTAG,7,0.05,0.7,0.25,6
CTAGTGAAGGAGTACC,1000,0.05,0.7,0.25,6
CTAGTGAAGGGTATCG,8,0.05,0.7,0.25,6
CTAGTGACAATAGCGG,7,0.05,0.7,0.25,6
CTAGTGACAATCAGAA,1000,0.05,0.7,0.25,6
CTAGTGACAGCCTTGG,1000,0.05,0.7,0.25,6
CTAGTGAGTGATGCCC,7,0.05,0.7,0.25,6
CTAGTGAGTTAAAGTG,7,0.05,0.7,0.25,6
CTAGTGAGTTCCCGAG,6,0.05,0.7,0.25,6
CTAGTGATCAGCGACC,8,0.05,0.7,0.25,6
CTAGTGATCGAATGGG,8,0.05,0.7,0.25,6
CTAGTGATCTCTTATG,2,0.05,0.7,0.25,6
CTCACACAGAGAACAG,6,0.05,0.7,0.25,6
CTCACACCAATCAGAA,8,0.05,0.7,0.25,6
CTCACACCACGGTTTA,8,0.05,0.7,0.25,6
CTCACACCAGATCTGT,3,0.05,0.7,0.25,6
CTCACACGTACAGTTC,1000,0.05,0.7,0.25,6
CTCACACGTAGTGAAT,3,0.05,0.7,0.25,6
CTCACACGTTGTACAC,1,0.05,0.7,0.25,6
CTCACACGTTGTTTGG,2,0.05,0.7,0.25,6
CTCACACTCGCGATCG,8,0.05,0.7,0.25,6
CTCACACTCGGTCTAA,1,0.05,0.7,0.25,6
CTCACACTCTTCGGTC,1,0.05,0.7,0.25,6
CTCACACTCTTGTCAT,7,0.05,0.7,0.25,6
CTCAGAAAGACTACAA,8,0.05,0.7,0.25,6
CTCAGAAAGATGTAAC,8,0.05,0.7,0.25,6
CTCAGAAAGCTTCGCG,8,0.05,0.7,0.25,6
CTCAGAAAGTCGCCGT,2,0.05,0.7,0.25,6
CTCAGAACACGGCCAT,4,0.05,0.7,0.25,6
CTCAGAACACGTAAGG,4,0.05,0.7,0.25,6
CTCAGAACATATACCG,3,0.05,0.7,0.25,6
CTCAGAACATTCTCAT,7,0.05,0.7,0.25,6
CTCAGAAGTACCCAAT,3,0.05,0.7,0.25,6
CTCAGAAGTATAATGG,8,0.05,0.7,0.25,6
CTCAGAAGTCAGTGGA,2,0.05,0.7,0.25,6
CTCAGAAGTTAAGATG,8,0.05,0.7,0.25,6
CTCAGAAGTTCAACCA,8,0.05,0.7,0.25,6
CTCAGAAGTTCAGTAC,4,0.05,0.7,0.25,6
CTCAGAAGTTGGGACA,5,0.05,0.7,0.25,6
CTCAGAATCCCGGATG,8,0.05,0.7,0.25,6
CTCAGAATCGTCTGAA,2,0.05,0.7,0.25,6
CTCAGAATCTTAGAGC,3,0.05,0.7,0.25,6
CTCATTAAGAACAATC,1,0.05,0.7,0.25,6
CTCATTAAGTCTCGGC,1,0.05,0.7,0.25,6
CTCATTACACCGAAAG,1000,0.05,0.7,0.25,6
CTCATTACAGGACCCT,7,0.05,0.7,0.25,6
CTCATTACAGGTCGTC,7,0.05,0.7,0.25,6
CTCATTACATCGGACC,6,0.05,0.7,0.25,6
CTCATTACATTCCTCG,3,0.05,0.7,0.25,6
CTCATTAGTAAACGCG,3,0.05,0.7,0.25,6
CTCATTAGTAAGTTCC,8,0.05,0.7,0.25,6
CTCATTAGTGCAACTT,5,0.05,0.7,0.25,6
CTCATTAGTGCCTGGT,1,0.05,0.7,0.25,6
CTCATTAGTGTAAGTA,2,0.05,0.7,0.25,6
CTCATTATCGAGAGCA,6,0.05,0.7,0.25,6
CTCATTATCGCGTTTC,1,0.05,0.7,0.25,6
CTCCTAGAGAGGTTGC,8,0.05,0.7,0.25,6
CTCCTAGAGATCTGAA,4,0.05,0.7,0.25,6
CTCCTAGAGGACACCA,2,0.05,0.7,0.25,6
CTCCTAGAGTCACGCC,1000,0.05,0.7,0.25,6
CTCCTAGCAATCTACG,2,0.05,0.7,0.25,6
CTCCTAGCACCAACCG,3,0.05,0.7,0.25,6
CTCCTAGCACCTGGTG,1000,0.05,0.7,0.25,6
CTCCTAGCATATGAGA,1000,0.05,0.7,0.25,6
CTCCTAGTCACGAAGG,3,0.05,0.7,0.25,6
CTCCTAGTCGCGCCAA,6,0.05,0.7,0.25,6
CTCCTAGTCGTTACAG,8,0.05,0.7,0.25,6
CTCCTAGTCTTCGAGA,2,0.05,0.7,0.25,6
CTCGAAAAGCCTATGT,6,0.05,0.7,0.25,6
CTCGAAAAGCTCTCGG,1,0.05,0.7,0.25,6
CTCGAAAAGGTGATAT,1000,0.05,0.7,0.25,6
CTCGAAAAGGTGTGGT,1,0.05,0.7,0.25,6
CTCGAAAAGTGGAGAA,1,0.05,0.7,0.25,6
CTCGAAAAGTTACGGG,3,0.05,0.7,0.25,6
CTCGAAAGTGTTGAGG,3,0.05,0.7,0.25,6
CTCGAAATCAATCACG,3,0.05,0.7,0.25,6
CTCGAAATCACCAGGC,1,0.05,0.7,0.25,6
CTCGAAATCGACCAGC,7,0.05,0.7,0.25,6
CTCGAGGCACAGAGGT,1,0.05,0.7,0.25,6
CTCGAGGGTAAGGGCT,7,0.05,0.7,0.25,6
CTCGAGGGTACCGTAT,8,0.05,0.7,0.25,6
CTCGAGGGTCCGCTGA,1000,0.05,0.7,0.25,6
CTCGAGGGTGACAAAT,1,0.05,0.7,0.25,6
CTCGAGGGTTAAGGGC,7,0.05,0.7,0.25,6
CTCGAGGTCAAGCCTA,5,0.05,0.7,0.25,6
CTCGAGGTCGCCGTGA,8,0.05,0.7,0.25,6
CTCGAGGTCTTTAGTC,8,0.05,0.7,0.25,6
CTCGGAGAGTAACCCT,1000,0.05,0.7,0.25,6
CTCGGAGCAACGATGG,6,0.05,0.7,0.25,6
CTCGGAGCACGACTCG,4,0.05,0.7,0.25,6
CTCGGAGCACTGCCAG,4,0.05,0.7,0.25,6
CTCGGAGCAGGGATTG,1,0.05,0.7,0.25,6
CTCGGAGTCAACGGGA,4,0.05,0.7,0.25,6
CTCGGAGTCAAGATCC,1,0.05,0.7,0.25,6
CTCGGAGTCTAGCACA,4,0.05,0.7,0.25,6
CTCGGAGTCTGATACG,4,0.05,0.7,0.25,6
CTCGGGACAATGGAGC,1,0.05,0.7,0.25,6
CTCGGGAGTCTAAACC,8,0.05,0.7,0.25,6
CTCGGGATCACATAGC,7,0.05,0.7,0.25,6
CTCGTACAGCCTATGT,1,0.05,0.7,0.25,6
CTCGTACAGTGGAGTC,3,0.05,0.7,0.25,6
CTCGTACCAATGTTGC,1,0.05,0.7,0.25,6
CTCGTACCAGTTCCCT,1,0.05,0.7,0.25,6
CTCGTACCATTAACCG,8,0.05,0.7,0.25,6
CTCGTACGTACAGTTC,1,0.05,0.7,0.25,6
CTCGTACGTATGAATG,6,0.05,0.7,0.25,6
CTCGTACGTGCACTTA,4,0.05,0.7,0.25,6
CTCGTACGTGGTCCGT,1000,0.05,0.7,0.25,6
CTCGTACTCACCTCGT,4,0.05,0.7,0.25,6
CTCGTACTCAGTTGAC,4,0.05,0.7,0.25,6
CTCGTACTCGACGGAA,1000,0.05,0.7,0.25,6
CTCGTACTCTCCTATA,2,0.05,0.7,0.25,6
CTCGTCAGTCAGAAGC,8,0.05,0.7,0.25,6
CTCGTCAGTCTGATCA,1,0.05,0.7,0.25,6
CTCGTCATCCGCATCT,1,0.05,0.7,0.25,6
CTCGTCATCGCATGAT,6,0.05,0.7,0.25,6
CTCGTCATCGGTGTTA,6,0.05,0.7,0.25,6
CTCTAATAGCGCTCCA,8,0.05,0.7,0.25,6
CTCTAATAGGAATGGA,1000,0.05,0.7,0.25,6
CTCTAATAGGCATTGG,3,0.05,0.7,0.25,6
CTCTAATCAACACGCC,3,0.05,0.7,0.25,6
CTCTAATCAATAGCAA,1,0.05,0.7,0.25,6
CTCTAATCAGACGCCT,1,0.05,0.7,0.25,6
CTCTAATGTACCTACA,7,0.05,0.7,0.25,6
CTCTAATGTACTCAAC,2,0.05,0.7,0.25,6
CTCTAATGTATGCTTG,1,0.05,0.7,0.25,6
CTCTAATGTCACCTAA,7,0.05,0.7,0.25,6
CTCTAATGTCCCGACA,8,0.05,0.7,0.25,6
CTCTAATTCCGTCAAA,4,0.05,0.7,0.25,6
CTCTAATTCTGGCGAC,8,0.05,0.7,0.25,6
CTCTAATTCTTGCATT,8,0.05,0.7,0.25,6
CTCTACGAGATGAGAG,1000,0.05,0.7,0.25,6
CTCTACGAGCGTGAAC,5,0.05,0.7,0.25,6
CTCTACGAGTGCCAGA,6,0.05,0.7,0.25,6
CTCTACGAGTGGGATC,3,0.05,0.7,0.25,6
CTCTACGGTCCGTCAG,6,0.05,0.7,0.25,6
CTCTACGGTGGTCCGT,1,0.05,0.7,0.25,6
CTCTACGTCAGCGATT,7,0.05,0.7,0.25,6
CTCTACGTCCGTTGTC,1,0.05,0.7,0.25,6
CTCTGGTCAACGATCT,1000,0.05,0.7,0.25,6
CTCTGGTCAACTGGCC,4,0.05,0.7,0.25,6
CTCTGGTCAGACGCAA,7,0.05,0.7,0.25,6
CTCTGGTCAGTCGTGC,2,0.05,0.7,0.25,6
CTCTGGTCATCCCACT,3,0.05,0.7,0.25,6
CTCTGGTCATGCAACT,1,0.05,0.7,0.25,6
CTCTGGTGTAAATGAC,0,0.05,0.7,0.25,6
CTCTGGTGTAACGACG,2,0.05,0.7,0.25,6
CTCTGGTGTATATCCG,2,0.05,0.7,0.25,6
CTCTGGTGTCACAAGG,1,0.05,0.7,0.25,6
CTCTGGTGTTAAGACA,3,0.05,0.7,0.25,6
CTCTGGTTCAACTCTT,3,0.05,0.7,0.25,6
CTCTGGTTCCTAGAAC,1,0.05,0.7,0.25,6
CTCTGGTTCGGATGTT,4,0.05,0.7,0.25,6
CTGAAACCAGATCCAT,6,0.05,0.7,0.25,6
CTGAAACCAGGAACGT,4,0.05,0.7,0.25,6
CTGAAACCATGTTGAC,8,0.05,0.7,0.25,6
CTGAAACGTAAGGGCT,7,0.05,0.7,0.25,6
CTGAAACTCAATAAGG,6,0.05,0.7,0.25,6
CTGAAACTCACAGGCC,3,0.05,0.7,0.25,6
CTGAAACTCTCAAGTG,6,0.05,0.7,0.25,6
CTGAAGTAGCGCTTAT,4,0.05,0.7,0.25,6
CTGAAGTAGGCTATCT,2,0.05,0.7,0.25,6
CTGAAGTAGTTATCGC,6,0.05,0.7,0.25,6
CTGAAGTGTAATAGCA,8,0.05,0.7,0.25,6
CTGAAGTGTGCAGTAG,1,0.05,0.7,0.25,6
CTGAAGTTCAACGCTA,4,0.05,0.7,0.25,6
CTGAAGTTCCACGACG,3,0.05,0.7,0.25,6
CTGAAGTTCGTACGGC,2,0.05,0.7,0.25,6
CTGAAGTTCTGCTGTC,6,0.05,0.7,0.25,6
CTGATAGAGTCCGGTC,3,0.05,0.7,0.25,6
CTGATAGAGTGCAAGC,7,0.05,0.7,0.25,6
CTGATAGCATAGGATA,8,0.05,0.7,0.25,6
CTGATAGGTACCATCA,3,0.05,0.7,0.25,6
CTGATAGGTCAGAAGC,3,0.05,0.7,0.25,6
CTGATAGGTGTGTGCC,8,0.05,0.7,0.25,6
CTGATCCAGCTAACAA,4,0.05,0.7,0.25,6
CTGATCCAGCTGAAAT,6,0.05,0.7,0.25,6
CTGATCCAGTGGGTTG,6,0.05,0.7,0.25,6
CTGATCCAGTGTACCT,2,0.05,0.7,0.25,6
CTGATCCAGTTAACGA,8,0.05,0.7,0.25,6
CTGATCCCAACTGGCC,1000,0.05,0.7,0.25,6
CTGATCCCAAGTTCTG,2,0.05,0.7,0.25,6
CTGATCCCAGGTGCCT,4,0.05,0.7,0.25,6
CTGATCCGTGAAAGAG,6,0.05,0.7,0.25,6
CTGATCCGTTCCCGAG,1000,0.05,0.7,0.25,6
CTGATCCTCACCTCGT,4,0.05,0.7,0.25,6
CTGATCCTCAGTGCAT,1000,0.05,0.7,0.25,6
CTGATCCTCATAAAGG,4,0.05,0.7,0.25,6
CTGCCTACACACCGAC,1,0.05,0.7,0.25,6
CTGCCTACACATGGGA,1000,0.05,0.7,0.25,6
CTGCCTACACTTGGAT,8,0.05,0.7,0.25,6
CTGCCTAGTAGAGGAA,3,0.05,0.7,0.25,6
CTGCCTAGTCGCGGTT,1,0.05,0.7,0.25,6
CTGCCTAGTCTCTTTA,1,0.05,0.7,0.25,6
CTGCCTAGTTACGACT,3,0.05,0.7,0.25,6
CTGCCTAGTTCCACGG,7,0.05,0.7,0.25,6
CTGCCTAGTTGGTTTG,2,0.05,0.7,0.25,6
CTGCCTATCACCAGGC,3,0.05,0.7,0.25,6
CTGCGGAAGCCGGTAA,4,0.05,0.7,0.25,6
CTGCGGAAGCTAAGAT,3,0.05,0.7,0.25,6
CTGCGGACAAGAAAGG,8,0.05,0.7,0.25,6
CTGCGGAGTTGTGGAG,0,0.05,0.7,0.25,6
CTGCGGATCCTGTAGA,6,0.05,0.7,0.25,6
CTGCGGATCTCCGGTT,1000,0.05,0.7,0.25,6
CTGCTGTAGGCGACAT,4,0.05,0.7,0.25,6
CTGCTGTCAAACGTGG,1,0.05,0.7,0.25,6
CTGCTGTCAGTCAGCC,2,0.05,0.7,0.25,6
CTGCTGTCATCCTTGC,2,0.05,0.7,0.25,6
CTGCTGTCATGATCCA,3,0.05,0.7,0.25,6
CTGCTGTGTAGCAAAT,3,0.05,0.7,0.25,6
CTGCTGTGTATAGGTA,8,0.05,0.7,0.25,6
CTGCTGTGTTAAAGTG,1000,0.05,0.7,0.25,6
CTGCTGTGTTTAGGAA,8,0.05,0.7,0.25,6
CTGCTGTTCTGCTGTC,4,0.05,0.7,0.25,6
CTGCTGTTCTGTCAAG,6,0.05,0.7,0.25,6
CTGGTCTAGAAGGGTA,2,0.05,0.7,0.25,6
CTGGTCTAGCTAACTC,4,0.05,0.7,0.25,6
CTGGTCTAGGGAGTAA,2,0.05,0.7,0.25,6
CTGGTCTCACCAGTTA,1000,0.05,0.7,0.25,6
CTGGTCTCACCTATCC,3,0.05,0.7,0.25,6
CTGGTCTCAGGAATCG,3,0.05,0.7,0.25,6
CTGGTCTCATACGCCG,3,0.05,0.7,0.25,6
CTGGTCTGTCAACTGT,5,0.05,0.7,0.25,6
CTGGTCTGTCCTAGCG,6,0.05,0.7,0.25,6
CTGGTCTTCACAGGCC,6,0.05,0.7,0.25,6
CTGGTCTTCGAACGGA,1000,0.05,0.7,0.25,6
CTGTGCTAGCTCTCGG,2,0.05,0.7,0.25,6
CTGTGCTAGGATGCGT,4,0.05,0.7,0.25,6
CTGTGCTAGTAAGTAC,2,0.05,0.7,0.25,6
CTGTGCTAGTATGACA,8,0.05,0.7,0.25,6
CTGTGCTAGTGCCAGA,2,0.05,0.7,0.25,6
CTGTGCTAGTTAACGA,7,0.05,0.7,0.25,6
CTGTGCTCACACATGT,1000,0.05,0.7,0.25,6
CTGTGCTCATCCAACA,6,0.05,0.7,0.25,6
CTGTGCTGTAGCGATG,3,0.05,0.7,0.25,6
CTGTGCTTCTAGAGTC,6,0.05,0.7,0.25,6
CTGTGCTTCTGTTGAG,5,0.05,0.7,0.25,6
CTGTTTAAGCAGATCG,2,0.05,0.7,0.25,6
CTGTTTAAGCCCTAAT,2,0.05,0.7,0.25,6
CTGTTTAAGTGACTCT,4,0.05,0.7,0.25,6
CTGTTTACACGGTAAG,7,0.05,0.7,0.25,6
CTGTTTACATGGTCTA,3,0.05,0.7,0.25,6
CTGTTTAGTGAGCGAT,8,0.05,0.7,0.25,6
CTGTTTATCTACCTGC,2,0.05,0.7,0.25,6
CTGTTTATCTTGCCGT,4,0.05,0.7,0.25,6
CTTAACTAGGCACATG,1000,0.05,0.7,0.25,6
CTTAACTAGTTGCAGG,1,0.05,0.7,0.25,6
CTTAACTCAGTCGTGC,1,0.05,0.7,0.25,6
CTTAACTGTAAGTGTA,7,0.05,0.7,0.25,6
CTTAACTGTATATCCG,1000,0.05,0.7,0.25,6
CTTAACTGTTCAGACT,8,0.05,0.7,0.25,6
CTTAACTTCAGGCCCA,1,0.05,0.7,0.25,6
CTTACCGAGGAACTGC,4,0.05,0.7,0.25,6
CTTACCGAGGCAAAGA,2,0.05,0.7,0.25,6
CTTACCGAGGCTCTTA,1000,0.05,0.7,0.25,6
CTTACCGCAACTGCGC,1,0.05,0.7,0.25,6
CTTACCGCAAGCTGAG,1,0.05,0.7,0.25,6
CTTACCGCAGCTGCAC,4,0.05,0.7,0.25,6
CTTACCGCATTGGGCC,4,0.05,0.7,0.25,6
CTTACCGGTAGCGATG,8,0.05,0.7,0.25,6
CTTACCGTCCAACCAA,5,0.05,0.7,0.25,6
CTTACCGTCCGCATCT,1,0.05,0.7,0.25,6
CTTACCGTCCGGCACA,2,0.05,0.7,0.25,6
CTTACCGTCGTTTGCC,1,0.05,0.7,0.25,6
CTTACCGTCTCGCTTG,3,0.05,0.7,0.25,6
CTTAGGAAGCGTCAAG,4,0.05,0.7,0.25,6
CTTAGGAAGCTGCCCA,2,0.05,0.7,0.25,6
CTTAGGAAGGCATTGG,5,0.05,0.7,0.25,6
CTTAGGAAGTCAAGCG,3,0.05,0.7,0.25,6
CTTAGGAAGTCATCCA,2,0.05,0.7,0.25,6
CTTAGGACAGATGGGT,4,0.05,0.7,0.25,6
CTTAGGACATTGAGCT,1000,0.05,0.7,0.25,6
CTTAGGAGTCTCTCTG,4,0.05,0.7,0.25,6
CTTAGGAGTTAGATGA,4,0.05,0.7,0.25,6
CTTAGGAGTTTGACTG,3,0.05,0.7,0.25,6
CTTAGGATCACGGTTA,3,0.05,0.7,0.25,6
CTTAGGATCACTCCTG,2,0.05,0.7,0.25,6
CTTAGGATCCTGCAGG,4,0.05,0.7,0.25,6
CTTCTCTAGCGCTTAT,2,0.05,0.7,0.25,6
CTTCTCTAGGGTATCG,3,0.05,0.7,0.25,6
CTTCTCTCAAGGACTG,2,0.05,0.7,0.25,6
CTTCTCTGTACACCGC,5,0.05,0.7,0.25,6
CTTCTCTGTCTTGCGG,7,0.05,0.7,0.25,6
CTTCTCTGTTTGACTG,7,0.05,0.7,0.25,6
CTTCTCTTCCCAAGAT,3,0.05,0.7,0.25,6
CTTCTCTTCTAACTGG,2,0.05,0.7,0.25,6
CTTCTCTTCTGTCTAT,5,0.05,0.7,0.25,6
CTTGGCTAGCCACGTC,7,0.05,0.7,0.25,6
CTTGGCTAGGACATTA,5,0.05,0.7,0.25,6
CTTGGCTCATGCAACT,1,0.05,0.7,0.25,6
CTTGGCTGTACGACCC,8,0.05,0.7,0.25,6
CTTGGCTGTCTGCGGT,5,0.05,0.7,0.25,6
CTTGGCTGTCTTGCGG,3,0.05,0.7,0.25,6
CTTGGCTGTGCGCTTG,4,0.05,0.7,0.25,6
CTTGGCTGTTAGGGTG,1,0.05,0.7,0.25,6
CTTGGCTGTTATCGGT,2,0.05,0.7,0.25,6
CTTGGCTTCCTTAATC,6,0.05,0.7,0.25,6
CTTGGCTTCGTGTAGT,2,0.05,0.7,0.25,6
CTTTGCGAGATCCCGC,1,0.05,0.7,0.25,6
CTTTGCGAGGGCTTCC,8,0.05,0.7,0.25,6
CTTTGCGCAAATACAG,7,0.05,0.7,0.25,6
CTTTGCGCACGGACAA,7,0.05,0.7,0.25,6
CTTTGCGCAGTCCTTC,6,0.05,0.7,0.25,6
CTTTGCGCATAGTAAG,3,0.05,0.7,0.25,6
CTTTGCGGTCACACGC,1,0.05,0.7,0.25,6
CTTTGCGGTCGCGAAA,5,0.05,0.7,0.25,6
CTTTGCGGTGCTGTAT,3,0.05,0.7,0.25,6
CTTTGCGTCAACGGCC,1000,0.05,0.7,0.25,6
CTTTGCGTCACTTCAT,3,0.05,0.7,0.25,6
CTTTGCGTCATCTGCC,3,0.05,0.7,0.25,6
CTTTGCGTCGTTTATC,1,0.05,0.7,0.25,6
CTTTGCGTCTCTGTCG,8,0.05,0.7,0.25,6
GAAACTCAGATAGGAG,7,0.05,0.7,0.25,6
GAAACTCAGATGGCGT,8,0.05,0.7,0.25,6
GAAACTCAGCTGCGAA,3,0.05,0.7,0.25,6
GAAACTCAGTAGGTGC,3,0.05,0.7,0.25,6
GAAACTCCACTTAAGC,4,0.05,0.7,0.25,6
GAAACTCCATTAGGCT,1,0.05,0.7,0.25,6
GAAACTCGTCCTAGCG,0,0.05,0.7,0.25,6
GAAACTCGTCGACTAT,3,0.05,0.7,0.25,6
GAAACTCGTGAAATCA,4,0.05,0.7,0.25,6
GAAACTCGTGACCAAG,3,0.05,0.7,0.25,6
GAAACTCGTGTGGCTC,4,0.05,0.7,0.25,6
GAAACTCTCTGGCGTG,2,0.05,0.7,0.25,6
GAAACTCTCTTGCCGT,1,0.05,0.7,0.25,6
GAAATGAAGACCGGAT,8,0.05,0.7,0.25,6
GAAATGAAGAGCTTCT,8,0.05,0.7,0.25,6
GAAATGAAGATGGCGT,3,0.05,0.7,0.25,6
GAAATGAAGCTCAACT,1,0.05,0.7,0.25,6
GAAATGAAGTAATCCC,2,0.05,0.7,0.25,6
GAAATGAAGTATCTCG,7,0.05,0.7,0.25,6
GAAATGAAGTGGAGTC,5,0.05,0.7,0.25,6
GAAATGACAGCTTCGG,2,0.05,0.7,0.25,6
GAAATGACATGGTAGG,4,0.05,0.7,0.25,6
GAAATGACATTTGCTT,2,0.05,0.7,0.25,6
GAAATGAGTTACGTCA,7,0.05,0.7,0.25,6
GAAATGATCCAAGTAC,1000,0.05,0.7,0.25,6
GAACATCAGATATACG,1000,0.05,0.7,0.25,6
GAACATCAGTATTGGA,5,0.05,0.7,0.25,6
GAACATCAGTCGCCGT,1000,0.05,0.7,0.25,6
GAACATCCAAGCCCAC,1,0.05,0.7,0.25,6
GAACATCCAGATGGCA,3,0.05,0.7,0.25,6
GAACATCGTCTAAACC,2,0.05,0.7,0.25,6
GAACATCTCCAGATCA,7,0.05,0.7,0.25,6
GAACATCTCCGCATAA,1000,0.05,0.7,0.25,6
GAACATCTCCTTGGTC,2,0.05,0.7,0.25,6
GAACATCTCTGATTCT,8,0.05,0.7,0.25,6
GAACATCTCTTCAACT,3,0.05,0.7,0.25,6
GAACCTAAGACACTAA,1,0.05,0.7,0.25,6
GAACCTAAGAGTACCG,7,0.05,0.7,0.25,6
GAACCTAAGGCAATTA,8,0.05,0.7,0.25,6
GAACCTACAAGGACTG,1000,0.05,0.7,0.25,6
GAACCTAGTTATGTGC,4,0.05,0.7,0.25,6
GAACGGAAGGAGCGAG,8,0.05,0.7,0.25,6
GAACGGAAGGTGTGGT,8,0.05,0.7,0.25,6
GAACGGACAATAACGA,3,0.05,0.7,0.25,6
GAACGGACATTGAGCT,1,0.05,0.7,0.25,6
GAACGGAGTAAGTGTA,1000,0.05,0.7,0.25,6
GAACGGAGTTACGTCA,7,0.05,0.7,0.25,6
GAACGGAGTTCCCTTG,4,0.05,0.7,0.25,6
GAACGGATCCAAAGTC,8,0.05,0.7,0.25,6
GAAGCAGAGACCACGA,1000,0.05,0.7,0.25,6
GAAGCAGAGAGCTGCA,3,0.05,0.7,0.25,6
GAAGCAGAGATGTTAG,6,0.05,0.7,0.25,6
GAAGCAGAGCTCAACT,6,0.05,0.7,0.25,6
GAAGCAGAGGGAGTAA,3,0.05,0.7,0.25,6
GAAGCAGAGTGTACCT,7,0.05,0.7,0.25,6
GAAGCAGCACCAGCAC,4,0.05,0.7,0.25,6
GAAGCAGCAGCTTAAC,3,0.05,0.7,0.25,6
GAAGCAGCAGTAACGG,2,0.05,0.7,0.25,6
GAAGCAGCATTAACCG,4,0.05,0.7,0.25,6
GAAGCAGGTGACGCCT,5,0.05,0.7,0.25,6
GAAGCAGGTTGCGTTA,1,0.05,0.7,0.25,6
GAAGCAGTCCTTCAAT,5,0.05,0.7,0.25,6
GAAGCAGTCGACCAGC,4,0.05,0.7,0.25,6
GAATAAGAGATGGGTC,7,0.05,0.7,0.25,6
GAATAAGAGGTGCTTT,2,0.05,0.7,0.25,6
GAATAAGAGTATCTCG,8,0.05,0.7,0.25,6
GAATAAGCAAGAGGCT,1,0.05,0.7,0.25,6
GAATAAGCAGACACTT,1000,0.05,0.7,0.25,6
GAATAAGCAGGTTTCA,2,0.05,0.7,0.25,6
GAATAAGGTAACGTTC,5,0.05,0.7,0.25,6
GAATAAGGTAGGCTGA,7,0.05,0.7,0.25,6
GAATAAGGTCCGAATT,3,0.05,0.7,0.25,6
GAATAAGGTCGGCACT,1,0.05,0.7,0.25,6
GAATAAGGTGCAGGTA,6,0.05,0.7,0.25,6
GAATAAGTCAGAGACG,1,0.05,0.7,0.25,6
GAATGAAAGGAACTGC,3,0.05,0.7,0.25,6
GAATGAAAGTACATGA,3,0.05,0.7,0.25,6
GAATGAAAGTATGACA,2,0.05,0.7,0.25,6
GAATGAAAGTCAAGGC,8,0.05,0.7,0.25,6
GAATGAACAAACAACA,4,0.05,0.7,0.25,6
GAATGAACAATAGCGG,3,0.05,0.7,0.25,6
GAATGAACATTATCTC,1,0.05,0.7,0.25,6
GAATGAAGTACCGAGA,1,0.05,0.7,0.25,6
GAATGAAGTAGGGTAC,4,0.05,0.7,0.25,6
GAATGAAGTCAGGACA,7,0.05,0.7,0.25,6
GAATGAAGTCCGAATT,3,0.05,0.7,0.25,6
GAATGAAGTGGACGAT,4,0.05,0.7,0.25,6
GAATGAAGTTAGTGGG,1000,0.05,0.7,0.25,6
GAATGAATCTATCCTA,2,0.05,0.7,0.25,6
GAATGAATCTCACATT,8,0.05,0.7,0.25,6
GAATGAATCTGCTGTC,1,0.05,0.7,0.25,6
GACACGCAGAAGCCCA,1,0.05,0.7,0.25,6
GACACGCAGAGCTGCA,8,0.05,0.7,0.25,6
GACACGCAGGGCACTA,1,0.05,0.7,0.25,6
GACACGCAGTGTGAAT,1,0.05,0.7,0.25,6
GACACGCCAAGCCATT,2,0.05,0.7,0.25,6
GACACGCCACATGTGT,7,0.05,0.7,0.25,6
GACACGCCAGTGACAG,1,0.05,0.7,0.25,6
GACACGCGTATGGTTC,8,0.05,0.7,0.25,6
GACACGCGTGAGCGAT,1,0.05,0.7,0.25,6
GACACGCTCCCAAGAT,3,0.05,0.7,0.25,6
GACACGCTCCTATTCA,2,0.05,0.7,0.25,6
GACAGAGAGCCTATGT,4,0.05,0.7,0.25,6
GACAGAGAGCTGTCTA,5,0.05,0.7,0.25,6
GACAGAGCACTTAACG,4,0.05,0.7,0.25,6
GACAGAGCAGCTATTG,1,0.05,0.7,0.25,6
GACAGAGCAGTCAGCC,8,0.05,0.7,0.25,6
GACAGAGCATAGGATA,1,0.05,0.7,0.25,6
GACAGAGCATTACCTT,1,0.05,0.7,0.25,6
GACAGAGGTCTAGAGG,3,0.05,0.7,0.25,6
GACAGAGGTGTGAAAT,1,0.05,0.7,0.25,6
GACAGAGGTTGGAGGT,3,0.05,0.7,0.25,6
GACAGAGTCACCTCGT,2,0.05,0.7,0.25,6
GACAGAGTCATATCGG,1,0.05,0.7,0.25,6
GACAGAGTCCACGCAG,7,0.05,0.7,0.25,6
GACAGAGTCCGCGTTT,8,0.05,0.7,0.25,6
GACAGAGTCGGCGCTA,6,0.05,0.7,0.25,6
GACAGAGTCTTCGAGA,3,0.05,0.7,0.25,6
GACCAATAGGTGATAT,2,0.05,0.7,0.25,6
GACCAATCAAGGGTCA,4,0.05,0.7,0.25,6
GACCAATCAATCAGAA,1000,0.05,0.7,0.25,6
GACCAATCAATGAATG,1,0.05,0.7,0.25,6
GACCAATCATGCAACT,7,0.05,0.7,0.25,6
GACCAATCATGCTGGC,1,0.05,0.7,0.25,6
GACCAATCATTGGTAC,1000,0.05,0.7,0.25,6
GACCAATGTAGGCATG,7,0.05,0.7,0.25,6
GACCAATGTATAGGTA,4,0.05,0.7,0.25,6
GACCAATTCGCAAACT,3,0.05,0.7,0.25,6
GACCAATTCTACCTGC,3,0.05,0.7,0.25,6
GACCTGGAGCTAAGAT,4,0.05,0.7,0.25,6
GACCTGGAGTCCAGGA,1,0.05,0.7,0.25,6
GACCTGGAGTGTGAAT,6,0.05,0.7,0.25,6
GACCTGGCAATGAATG,1,0.05,0.7,0.25,6
GACCTGGCACATAACC,6,0.05,0.7,0.25,6
GACCTGGCATGTTCCC,6,0.05,0.7,0.25,6
GACCTGGGTGTCGCTG,8,0.05,0.7,0.25,6
GACCTGGGTTTAAGCC,8,0.05,0.7,0.25,6
GACCTGGTCAGGTTCA,1,0.05,0.7,0.25,6
GACCTGGTCCCAGGTG,2,0.05,0.7,0.25,6
GACGCGTGTCCGAACC,3,0.05,0.7,0.25,6
GACGCGTGTTAGAACA,7,0.05,0.7,0.25,6
GACGCGTTCCAGTAGT,2,0.05,0.7,0.25,6
GACGCGTTCCGCGTTT,8,0.05,0.7,0.25,6
GACGCGTTCGGCTACG,1000,0.05,0.7,0.25,6
GACGGCTAGGCTACGA,4,0.05,0.7,0.25,6
GACGGCTAGGGTGTTG,1000,0.05,0.7,0.25,6
GACGGCTAGTCTCCTC,0,0.05,0.7,0.25,6
GACGGCTCACCTTGTC,3,0.05,0.7,0.25,6
GACGGCTCACTCGACG,3,0.05,0.7,0.25,6
GACGGCTGTATGGTTC,1000,0.05,0.7,0.25,6
GACGGCTGTGGTCCGT,7,0.05,0.7,0.25,6
GACGGCTGTTAAGGGC,7,0.05,0.7,0.25,6
GACGGCTGTTGTCTTT,2,0.05,0.7,0.25,6
GACGGCTTCCGCATCT,6,0.05,0.7,0.25,6
GACGGCTTCGACAGCC,4,0.05,0.7,0.25,6
GACGGCTTCGATAGAA,6,0.05,0.7,0.25,6
GACGGCTTCTGATACG,3,0.05,0.7,0.25,6
GACGGCTTCTTCATGT,2,0.05,0.7,0.25,6
GACGTGCAGCCATCGC,7,0.05,0.7,0.25,6
GACGTGCAGGCGACAT,7,0.05,0.7,0.25,6
GACGTGCAGGGCTTCC,3,0.05,0.7,0.25,6
GACGTGCAGTAGCGGT,2,0.05,0.7,0.25,6
GACGTGCCAGGTGCCT,5,0.05,0.7,0.25,6
GACGTGCCAGTTTACG,1,0.05,0.7,0.25,6
GACGTGCGTCGAACAG,8,0.05,0.7,0.25,6
GACGTGCGTGCCTGTG,4,0.05,0.7,0.25,6
GACGTGCTCGCGTAGC,2,0.05,0.7,0.25,6
GACGTTAAGATCCCGC,7,0.05,0.7,0.25,6
GACGTTAAGCAGCGTA,8,0.05,0.7,0.25,6
GACGTTAAGCTCCCAG,7,0.05,0.7,0.25,6
GACGTTAAGGGATCTG,1000,0.05,0.7,0.25,6
GACGTTAGTACGCACC,1,0.05,0.7,0.25,6
GACGTTAGTATCAGTC,3,0.05,0.7,0.25,6
GACGTTAGTTATGTGC,2,0.05,0.7,0.25,6
GACGTTAGTTGTACAC,1,0.05,0.7,0.25,6
GACGTTATCGTAGGAG,4,0.05,0.7,0.25,6
GACGTTATCTGCGACG,8,0.05,0.7,0.25,6
GACGTTATCTGCGGCA,8,0.05,0.7,0.25,6
GACTAACAGCGACGTA,4,0.05,0.7,0.25,6
GACTAACAGCTTCGCG,8,0.05,0.7,0.25,6
GACTAACAGGGTTTCT,4,0.05,0.7,0.25,6
GACTAACAGTCAAGGC,8,0.05,0.7,0.25,6
GACTAACAGTCTCGGC,7,0.05,0.7,0.25,6
GACTAACCACATCTTT,6,0.05,0.7,0.25,6
GACTAACGTATGCTTG,5,0.05,0.7,0.25,6
GACTAACGTCGCGTGT,8,0.05,0.7,0.25,6
GACTAACGTGGCCCTA,2,0.05,0.7,0.25,6
GACTAACGTTCACCTC,4,0.05,0.7,0.25,6
GACTAACGTTGGTTTG,1000,0.05,0.7,0.25,6
GACTAACTCACAACGT,1000,0.05,0.7,0.25,6
GACTAACTCATACGGT,0,0.05,0.7,0.25,6
GACTAACTCCTATGTT,7,0.05,0.7,0.25,6
GACTAACTCTTGTTTG,7,0.05,0.7,0.25,6
GACTACAAGACGCACA,8,0.05,0.7,0.25,6
GACTACAAGAGTACCG,4,0.05,0.7,0.25,6
GACTACAAGCAACGGT,7,0.05,0.7,0.25,6
GACTACAAGCCACCTG,4,0.05,0.7,0.25,6
GACTACAAGGAGCGTT,8,0.05,0.7,0.25,6
GACTACAAGTTGTCGT,1,0.05,0.7,0.25,6
GACTACACAATAAGCA,7,0.05,0.7,0.25,6
GACTACACACGTCTCT,1,0.05,0.7,0.25,6
GACTACACATGTCGAT,2,0.05,0.7,0.25,6
GACTACAGTAGGACAC,3,0.05,0.7,0.25,6
GACTACAGTATAGGGC,1,0.05,0.7,0.25,6
GACTACAGTCTAGTCA,6,0.05,0.7,0.25,6
GACTACAGTGTATGGG,4,0.05,0.7,0.25,6
GACTACATCCTATGTT,1,0.05,0.7,0.25,6
GACTACATCGTTACAG,5,0.05,0.7,0.25,6
GACTACATCTCGCTTG,1,0.05,0.7,0.25,6
GACTGCGAGGGAAACA,2,0.05,0.7,0.25,6
GACTGCGCAATTCCTT,1,0.05,0.7,0.25,6
GACTGCGCACGCCAGT,5,0.05,0.7,0.25,6
GACTGCGGTGATGTCT,6,0.05,0.7,0.25,6
GACTGCGGTTCCATGA,3,0.05,0.7,0.25,6
GACTGCGTCACAGTAC,6,0.05,0.7,0.25,6
GACTGCGTCAGAGACG,8,0.05,0.7,0.25,6
GAGCAGAAGATAGTCA,4,0.05,0.7,0.25,6
GAGCAGAAGCAATCTC,1,0.05,0.7,0.25,6
GAGCAGAAGTCAATAG,8,0.05,0.7,0.25,6
GAGCAGAAGTGCCATT,2,0.05,0.7,0.25,6
GAGCAGAAGTTTAGGA,3,0.05,0.7,0.25,6
GAGCAGACACGGTAGA,3,0.05,0.7,0.25,6
GAGCAGACAGTCTTCC,5,0.05,0.7,0.25,6
GAGCAGACATGCATGT,2,0.05,0.7,0.25,6
GAGCAGAGTACCAGTT,8,0.05,0.7,0.25,6
GAGCAGAGTCCTCTTG,7,0.05,0.7,0.25,6
GAGCAGAGTGATAAGT,0,0.05,0.7,0.25,6
GAGCAGAGTGTGCCTG,6,0.05,0.7,0.25,6
GAGCAGAGTTTGGGCC,7,0.05,0.7,0.25,6
GAGCAGATCGTGACAT,3,0.05,0.7,0.25,6
GAGCAGATCTACGAGT,7,0.05,0.7,0.25,6
GAGGTGAAGAAGCCCA,8,0.05,0.7,0.25,6
GAGGTGAAGAGCTATA,4,0.05,0.7,0.25,6
GAGGTGACAAGCTGGA,1,0.05,0.7,0.25,6
GAGGTGACAATTCCTT,1000,0.05,0.7,0.25,6
GAGGTGACAGCTCGCA,1,0.05,0.7,0.25,6
GAGGTGACAGGTCGTC,3,0.05,0.7,0.25,6
GAGGTGACATTATCTC,1,0.05,0.7,0.25,6
GAGGTGAGTAGAGTGC,1000,0.05,0.7,0.25,6
GAGGTGAGTGAACCTT,3,0.05,0.7,0.25,6
GAGGTGATCACCTTAT,4,0.05,0.7,0.25,6
GAGGTGATCCCTCTTT,4,0.05,0.7,0.25,6
GAGTCCGAGGATGGTC,3,0.05,0.7,0.25,6
GAGTCCGCACCCATGG,3,0.05,0.7,0.25,6
GAGTCCGCACCTATCC,8,0.05,0.7,0.25,6
GAGTCCGCAGTCGTGC,8,0.05,0.7,0.25,6
GAGTCCGCATAGAAAC,3,0.05,0.7,0.25,6
GAGTCCGCATCCGGGT,1000,0.05,0.7,0.25,6
GAGTCCGCATTCCTCG,3,0.05,0.7,0.25,6
GAGTCCGGTAGCGTCC,3,0.05,0.7,0.25,6
GAGTCCGGTCATATCG,7,0.05,0.7,0.25,6
GAGTCCGGTCCAGTAT,3,0.05,0.7,0.25,6
GAGTCCGTCACATAGC,1,0.05,0.7,0.25,6
GAGTCCGTCCGCGGTA,4,0.05,0.7,0.25,6
GATCAGTAGTACGTAA,2,0.05,0.7,0.25,6
GATCAGTCAGGATCGA,7,0.05,0.7,0.25,6
GATCAGTGTCCAAGTT,3,0.05,0.7,0.25,6
GATCAGTGTCGCCATG,3,0.05,0.7,0.25,6
GATCAGTGTGGCCCTA,7,0.05,0.7,0.25,6
GATCAGTGTGTCAATC,1,0.05,0.7,0.25,6
GATCAGTTCATCGATG,2,0.05,0.7,0.25,6
GATCAGTTCGGATGTT,1,0.05,0.7,0.25,6
GATCAGTTCGGCGCTA,8,0.05,0.7,0.25,6
GATCGATAGAGGACGG,6,0.05,0.7,0.25,6
GATCGATAGCAAATCA,7,0.05,0.7,0.25,6
GATCGATAGCAATATG,3,0.05,0.7,0.25,6
GATCGATAGGATGTAT,5,0.05,0.7,0.25,6
GATCGATAGGCCGAAT,3,0.05,0.7,0.25,6
GATCGATCAAAGTCAA,4,0.05,0.7,0.25,6
GATCGATCACAACGTT,4,0.05,0.7,0.25,6
GATCGATCAGGCTCAC,8,0.05,0.7,0.25,6
GATCGATGTACTCTCC,4,0.05,0.7,0.25,6
GATCGATGTTCCACTC,3,0.05,0.7,0.25,6
GATCGATTCGCTAGCG,8,0.05,0.7,0.25,6
GATCGATTCGTTACAG,8,0.05,0.7,0.25,6
GATCGATTCTGCGACG,2,0.05,0.7,0.25,6
GATCGCGAGTACGATA,8,0.05,0.7,0.25,6
GATCGCGCAAGGTGTG,4,0.05,0.7,0.25,6
GATCGCGGTACCCAAT,2,0.05,0.7,0.25,6
GATCGCGGTATGAAAC,3,0.05,0.7,0.25,6
GATCGCGGTGGGTATG,5,0.05,0.7,0.25,6
GATCGCGGTGTATGGG,1,0.05,0.7,0.25,6
GATCGCGTCACGCGGT,7,0.05,0.7,0.25,6
GATCGCGTCCTGCAGG,5,0.05,0.7,0.25,6
GATCGCGTCGTCCAGG,2,0.05,0.7,0.25,6
GATCGCGTCTGCGGCA,1,0.05,0.7,0.25,6
GATCGCGTCTTGGGTA,3,0.05,0.7,0.25,6
GATCGTAAGACCACGA,8,0.05,0.7,0.25,6
GATCGTAAGCTGCCCA,7,0.05,0.7,0.25,6
GATCGTACACCCTATC,8,0.05,0.7,0.25,6
GATCGTACAGATGAGC,1000,0.05,0.7,0.25,6
GATCGTACAGTGAGTG,4,0.05,0.7,0.25,6
GATCGTAGTAATCGTC,1,0.05,0.7,0.25,6
GATCGTATCTTTAGGG,2,0.05,0.7,0.25,6
GATCTAGAGAAACGCC,1,0.05,0.7,0.25,6
GATCTAGAGAAGCCCA,3,0.05,0.7,0.25,6
GATCTAGAGGATGCGT,1,0.05,0.7,0.25,6
GATCTAGAGGTAAACT,4,0.05,0.7,0.25,6
GATCTAGAGTACACCT,7,0.05,0.7,0.25,6
GATCTAGAGTATTGGA,8,0.05,0.7,0.25,6
GATCTAGAGTGGACGT,7,0.05,0.7,0.25,6
GATCTAGGTCATACTG,1000,0.05,0.7,0.25,6
GATCTAGGTCGACTAT,8,0.05,0.7,0.25,6
GATCTAGTCACGGTTA,3,0.05,0.7,0.25,6
GATCTAGTCCTGCAGG,8,0.05,0.7,0.25,6
GATCTAGTCGACGGAA,3,0.05,0.7,0.25,6
GATGAAAAGAGAACAG,6,0.05,0.7,0.25,6
GATGAAAAGCGATATA,1,0.05,0.7,0.25,6
GATGAAAAGGATGGAA,8,0.05,0.7,0.25,6
GATGAAAAGGGCATGT,3,0.05,0.7,0.25,6
GATGAAACAATTCCTT,8,0.05,0.7,0.25,6
GATGAAACACGTGAGA,3,0.05,0.7,0.25,6
GATGAAACAGTGAGTG,2,0.05,0.7,0.25,6
GATGAAAGTACGACCC,8,0.05,0.7,0.25,6
GATGAAAGTGAGGGAG,6,0.05,0.7,0.25,6
GATGAAAGTGAGGGTT,4,0.05,0.7,0.25,6
GATGAAATCACCGGGT,7,0.05,0.7,0.25,6
GATGAGGAGCAGCCTC,3,0.05,0.7,0.25,6
GATGAGGAGGCAAAGA,5,0.05,0.7,0.25,6
GATGAGGAGGCTAGCA,7,0.05,0.7,0.25,6
GATGAGGAGGTTCCTA,7,0.05,0.7,0.25,6
GATGAGGGTAATTGGA,3,0.05,0.7,0.25,6
GATGAGGTCGAGGTAG,7,0.05,0.7,0.25,6
GATGAGGTCGTAGATC,5,0.05,0.7,0.25,6
GATGCTACAGTATCTG,1,0.05,0.7,0.25,6
GATGCTAGTACGCTGC,3,0.05,0.7,0.25,6
GATGCTAGTGAGGGAG,1,0.05,0.7,0.25,6
GATGCTAGTTTGACAC,8,0.05,0.7,0.25,6
GATGCTATCACAATGC,8,0.05,0.7,0.25,6
GATGCTATCCTATGTT,1000,0.05,0.7,0.25,6
GATGCTATCTACTTAC,2,0.05,0.7,0.25,6
GATTCAGAGAAGAAGC,1,0.05,0.7,0.25,6
GATTCAGAGCACCGCT,1,0.05,0.7,0.25,6
GATTCAGAGGAATTAC,1,0.05,0.7,0.25,6
GATTCAGAGTCCATAC,2,0.05,0.7,0.25,6
GATTCAGAGTTCGCAT,8,0.05,0.7,0.25,6
GATTCAGCATCCGCGA,1,0.05,0.7,0.25,6
GATTCAGGTAACGCGA,2,0.05,0.7,0.25,6
GATTCAGTCATAAAGG,1,0.05,0.7,0.25,6
GATTCAGTCGCATGGC,2,0.05,0.7,0.25,6
GCAAACTAGGGCTCTC,8,0.05,0.7,0.25,6
GCAAACTCACGGACAA,3,0.05,0.7,0.25,6
GCAAACTGTTACGTCA,2,0.05,0.7,0.25,6
GCAAACTGTTAGGGTG,1000,0.05,0.7,0.25,6
GCAAACTTCACATAGC,8,0.05,0.7,0.25,6
GCAAACTTCCAAACTG,8,0.05,0.7,0.25,6
GCAAACTTCGCACTCT,8,0.05,0.7,0.25,6
GCAAACTTCGCTTGTC,4,0.05,0.7,0.25,6
GCAATCAAGACAGAGA,4,0.05,0.7,0.25,6
GCAATCAAGGATGTAT,2,0.05,0.7,0.25,6
GCAATCAAGTATCTCG,2,0.05,0.7,0.25,6
GCAATCACAATAGCAA,8,0.05,0.7,0.25,6
GCAATCACACAGACTT,6,0.05,0.7,0.25,6
GCAATCACACAGAGGT,5,0.05,0.7,0.25,6
GCAATCACACGGCGTT,1000,0.05,0.7,0.25,6
GCAATCACAGGATCGA,7,0.05,0.7,0.25,6
GCAATCACAGTATGCT,8,0.05,0.7,0.25,6
GCAATCACATATACGC,5,0.05,0.7,0.25,6
GCAATCACATCGGAAG,1000,0.05,0.7,0.25,6
GCAATCACATGCGCAC,3,0.05,0.7,0.25,6
GCAATCAGTACCATCA,1,0.05,0.7,0.25,6
GCAATCATCAACCATG,5,0.05,0.7,0.25,6
GCAATCATCAATACCG,5,0.05,0.7,0.25,6
GCAATCATCATTGCCC,2,0.05,0.7,0.25,6
GCAATCATCCTCAACC,4,0.05,0.7,0.25,6
GCAATCATCGTTACAG,4,0.05,0.7,0.25,6
GCAATCATCTAGAGTC,8,0.05,0.7,0.25,6
GCAATCATCTCGATGA,1,0.05,0.7,0.25,6
GCACATAAGGCAATTA,7,0.05,0.7,0.25,6
GCACATAAGTAGGTGC,1,0.05,0.7,0.25,6
GCACATACACCGTTGG,4,0.05,0.7,0.25,6
GCACATACACCTTGTC,4,0.05,0.7,0.25,6
GCACATACATGTAGTC,4,0.05,0.7,0.25,6
GCACATAGTCGCCATG,3,0.05,0.7,0.25,6
GCACATAGTGTGGTTT,5,0.05,0.7,0.25,6
GCACATAGTTCAGTAC,8,0.05,0.7,0.25,6
GCACATAGTTGAGTTC,8,0.05,0.7,0.25,6
GCACATATCACTCTTA,3,0.05,0.7,0.25,6
GCACATATCTGCAAGT,3,0.05,0.7,0.25,6
GCACATATCTTGGGTA,2,0.05,0.7,0.25,6
GCACTCTAGACATAAC,1,0.05,0.7,0.25,6
GCACTCTAGCCCAACC,1,0.05,0.7,0.25,6
GCACTCTGTACAGCAG,1,0.05,0.7,0.25,6
GCACTCTGTAGGGTAC,3,0.05,0.7,0.25,6
GCACTCTGTCGAACAG,4,0.05,0.7,0.25,6
GCACTCTGTCGAGTTT,1,0.05,0.7,0.25,6
GCACTCTGTCTAGTCA,1,0.05,0.7,0.25,6
GCACTCTGTCTCACCT,2,0.05,0.7,0.25,6
GCACTCTGTGCGAAAC,2,0.05,0.7,0.25,6
GCACTCTGTGTTGAGG,4,0.05,0.7,0.25,6
GCACTCTGTTCCCTTG,7,0.05,0.7,0.25,6
GCACTCTGTTTGCATG,8,0.05,0.7,0.25,6
GCACTCTTCTGGTGTA,4,0.05,0.7,0.25,6
GCAGCCAAGCAGATCG,3,0.05,0.7,0.25,6
GCAGCCAAGGGAGTAA,8,0.05,0.7,0.25,6
GCAGCCAAGGGTCGAT,8,0.05,0.7,0.25,6
GCAGCCAAGTTACGGG,5,0.05,0.7,0.25,6
GCAGCCACAACACCTA,5,0.05,0.7,0.25,6
GCAGCCACATGGGAAC,2,0.05,0.7,0.25,6
GCAGCCACATTCTCAT,5,0.05,0.7,0.25,6
GCAGCCAGTAATCACC,1000,0.05,0.7,0.25,6
GCAGCCAGTCTAGTCA,8,0.05,0.7,0.25,6
GCAGCCAGTTGCTCCT,4,0.05,0.7,0.25,6
GCAGCCATCCTGCTTG,4,0.05,0.7,0.25,6
GCAGCCATCTCGGACG,7,0.05,0.7,0.25,6
GCAGTTAAGACAGGCT,2,0.05,0.7,0.25,6
GCAGTTAAGATGTGGC,2,0.05,0.7,0.25,6
GCAGTTACAACGATCT,1000,0.05,0.7,0.25,6
GCAGTTACACAGCGTC,3,0.05,0.7,0.25,6
GCAGTTACAGACACTT,5,0.05,0.7,0.25,6
GCAGTTACAGGCTCAC,2,0.05,0.7,0.25,6
GCAGTTACATGGTTGT,8,0.05,0.7,0.25,6
GCAGTTAGTGTGACCC,2,0.05,0.7,0.25,6
GCATACAAGCCCAGCT,7,0.05,0.7,0.25,6
GCATACAAGCGTCTAT,4,0.05,0.7,0.25,6
GCATACAAGCTACCGC,7,0.05,0.7,0.25,6
GCATACAAGCTGCGAA,1,0.05,0.7,0.25,6
GCATACAAGCTGTTCA,2,0.05,0.7,0.25,6
GCATACAAGGAATTAC,1,0.05,0.7,0.25,6
GCATACACAGTCAGCC,3,0.05,0.7,0.25,6
GCATACAGTGCTCTTC,8,0.05,0.7,0.25,6
GCATACATCGGCTACG,4,0.05,0.7,0.25,6
GCATGATAGACTAAGT,4,0.05,0.7,0.25,6
GCATGATAGCTAGTGG,4,0.05,0.7,0.25,6
GCATGATAGTGGGTTG,3,0.05,0.7,0.25,6
GCATGATCAAACGCGA,1,0.05,0.7,0.25,6
GCATGATCAAAGCAAT,3,0.05,0.7,0.25,6
GCATGATCAAAGTGCG,8,0.05,0.7,0.25,6
GCATGATCAAGTTAAG,3,0.05,0.7,0.25,6
GCATGATGTAAGAGAG,8,0.05,0.7,0.25,6
GCATGATGTGATGTCT,4,0.05,0.7,0.25,6
GCATGATGTGCACGAA,5,0.05,0.7,0.25,6
GCATGATGTGCTTCTC,8,0.05,0.7,0.25,6
GCATGATGTTTACTCT,2,0.05,0.7,0.25,6
GCATGATTCACGCGGT,4,0.05,0.7,0.25,6
GCATGATTCAGCTTAG,3,0.05,0.7,0.25,6
GCATGATTCCGCGGTA,8,0.05,0.7,0.25,6
GCATGCGCACGAGGTA,6,0.05,0.7,0.25,6
GCATGCGCAGGTTTCA,3,0.05,0.7,0.25,6
GCATGCGGTACATGTC,8,0.05,0.7,0.25,6
GCATGCGGTAGGAGTC,6,0.05,0.7,0.25,6
GCATGCGGTCTTGCGG,7,0.05,0.7,0.25,6
GCATGCGGTGGCTCCA,3,0.05,0.7,0.25,6
GCATGCGGTGGTGTAG,6,0.05,0.7,0.25,6
GCATGCGGTTAAGAAC,3,0.05,0.7,0.25,6
GCATGCGTCCGAATGT,7,0.05,0.7,0.25,6
GCATGCGTCGATAGAA,4,0.05,0.7,0.25,6
GCATGTAAGCGATTCT,2,0.05,0.7,0.25,6
GCATGTAAGGAGCGAG,1,0.05,0.7,0.25,6
GCATGTAAGGGAAACA,7,0.05,0.7,0.25,6
GCATGTAAGTAGTGCG,3,0.05,0.7,0.25,6
GCATGTAAGTCCCACG,8,0.05,0.7,0.25,6
GCATGTACAAGTAGTA,8,0.05,0.7,0.25,6
GCATGTACATACGCCG,3,0.05,0.7,0.25,6
GCATGTAGTAGTGAAT,4,0.05,0.7,0.25,6
GCATGTAGTCTCTTTA,1,0.05,0.7,0.25,6
GCATGTAGTGACTCAT,7,0.05,0.7,0.25,6
GCATGTAGTGCAGTAG,3,0.05,0.7,0.25,6
GCATGTATCACGCATA,5,0.05,0.7,0.25,6
GCATGTATCCACGTGG,6,0.05,0.7,0.25,6
GCATGTATCTATGTGG,1,0.05,0.7,0.25,6
GCCAAATAGAAGGGTA,2,0.05,0.7,0.25,6
GCCAAATAGCTCCTCT,2,0.05,0.7,0.25,6
GCCAAATAGGAATCGC,4,0.05,0.7,0.25,6
GCCAAATCAATCACAC,2,0.05,0.7,0.25,6
GCCAAATGTAAGGGAA,8,0.05,0.7,0.25,6
GCCAAATTCAAACCGT,3,0.05,0.7,0.25,6
GCCAAATTCAGGATCT,4,0.05,0.7,0.25,6
GCCAAATTCAGTTAGC,1000,0.05,0.7,0.25,6
GCCAAATTCCTATGTT,5,0.05,0.7,0.25,6
GCCAAATTCGTTTGCC,8,0.05,0.7,0.25,6
GCCAAATTCTCTAGGA,3,0.05,0.7,0.25,6
GCCTCTAAGACTAGAT,5,0.05,0.7,0.25,6
GCCTCTAAGCTAGCCC,8,0.05,0.7,0.25,6
GCCTCTAAGGCATGTG,8,0.05,0.7,0.25,6
GCCTCTACAACTTGAC,1,0.05,0.7,0.25,6
GCCTCTACAGCCAATT,2,0.05,0.7,0.25,6
GCCTCTACATCAGTCA,3,0.05,0.7,0.25,6
GCCTCTACATTGAGCT,2,0.05,0.7,0.25,6
GCCTCTAGTAAGGGAA,1000,0.05,0.7,0.25,6
GCCTCTAGTACATCCA,5,0.05,0.7,0.25,6
GCCTCTAGTACTCTCC,1,0.05,0.7,0.25,6
GCCTCTAGTAGCGTCC,6,0.05,0.7,0.25,6
GCCTCTAGTGTTCGAT,6,0.05,0.7,0.25,6
GCCTCTAGTGTTTGGT,8,0.05,0.7,0.25,6
GCCTCTATCAGCTCGG,1000,0.05,0.7,0.25,6
GCCTCTATCATCATTC,3,0.05,0.7,0.25,6
GCCTCTATCTGTCCGT,1,0.05,0.7,0.25,6
GCGACCAAGACTTTCG,3,0.05,0.7,0.25,6
GCGACCAAGCACACAG,2,0.05,0.7,0.25,6
GCGACCACAATCGAAA,1000,0.05,0.7,0.25,6
GCGACCACAGTACACT,6,0.05,0.7,0.25,6
GCGACCAGTAGAAGGA,7,0.05,0.7,0.25,6
GCGACCAGTCAGTGGA,1000,0.05,0.7,0.25,6
GCGACCAGTCTTTCAT,8,0.05,0.7,0.25,6
GCGACCATCATGGTCA,1,0.05,0.7,0.25,6
GCGACCATCGGCGGTT,5,0.05,0.7,0.25,6
GCGACCATCGTCCGTT,7,0.05,0.7,0.25,6
GCGAGAAAGGTAGCTG,1,0.05,0.7,0.25,6
GCGAGAACACCTGGTG,1,0.05,0.7,0.25,6
GCGAGAACAGCTCGCA,8,0.05,0.7,0.25,6
GCGAGAAGTAATTGGA,3,0.05,0.7,0.25,6
GCGAGAAGTCCCTTGT,1,0.05,0.7,0.25,6
GCGAGAAGTGCTTCTC,3,0.05,0.7,0.25,6
GCGAGAATCAGAGACG,8,0.05,0.7,0.25,6
GCGCAACAGAAGCCCA,3,0.05,0.7,0.25,6
GCGCAACAGAGAGCTC,3,0.05,0.7,0.25,6
GCGCAACAGATGCCAG,7,0.05,0.7,0.25,6
GCGCAACAGTCAAGGC,1,0.05,0.7,0.25,6
GCGCAACAGTGCAAGC,2,0.05,0.7,0.25,6
GCGCAACCAACACGCC,1,0.05,0.7,0.25,6
GCGCAACCAAGGTGTG,2,0.05,0.7,0.25,6
GCGCAACCATCCCATC,2,0.05,0.7,0.25,6
GCGCAACGTAAAGGAG,4,0.05,0.7,0.25,6
GCGCAACGTAGCACGA,3,0.05,0.7,0.25,6
GCGCAACGTAGCTTGT,1,0.05,0.7,0.25,6
GCGCAACGTGCAGGTA,4,0.05,0.7,0.25,6
GCGCAACGTTAAGATG,5,0.05,0.7,0.25,6
GCGCAACTCATCGGAT,1,0.05,0.7,0.25,6
GCGCAACTCCCAAGTA,6,0.05,0.7,0.25,6
GCGCAGTAGTGGGTTG,8,0.05,0.7,0.25,6
GCGCAGTCACAAGCCC,1,0.05,0.7,0.25,6
GCGCAGTCACGAGAGT,3,0.05,0.7,0.25,6
GCGCAGTCATTGGTAC,8,0.05,0.7,0.25,6
GCGCAGTGTACCTACA,3,0.05,0.7,0.25,6
GCGCAGTGTATATCCG,4,0.05,0.7,0.25,6
GCGCAGTGTCACTTCC,1000,0.05,0.7,0.25,6
GCGCAGTGTCCAGTTA,7,0.05,0.7,0.25,6
GCGCAGTGTGCTTCTC,5,0.05,0.7,0.25,6
GCGCAGTGTTGACGTT,1000,0.05,0.7,0.25,6
GCGCAGTTCGCAAGCC,2,0.05,0.7,0.25,6
GCGCAGTTCTGCCAGG,5,0.05,0.7,0.25,6
GCGCCAAAGAAGCCCA,4,0.05,0.7,0.25,6
GCGCCAAAGCCAGTTT,6,0.05,0.7,0.25,6
GCGCCAAAGCTACCGC,6,0.05,0.7,0.25,6
GCGCCAAAGGGATGGG,7,0.05,0.7,0.25,6
GCGCCAACAATCAGAA,2,0.05,0.7,0.25,6
GCGCCAACACCGGAAA,2,0.05,0.7,0.25,6
GCGCCAACAGACAAGC,8,0.05,0.7,0.25,6
GCGCCAAGTCCCTTGT,6,0.05,0.7,0.25,6
GCGCCAAGTCTAAACC,5,0.05,0.7,0.25,6
GCGCCAAGTCTCATCC,3,0.05,0.7,0.25,6
GCGCCAAGTGACAAAT,4,0.05,0.7,0.25,6
GCGCCAATCATCACCC,5,0.05,0.7,0.25,6
GCGCCAATCCGCAAGC,1,0.05,0.7,0.25,6
GCGCCAATCCGTACAA,3,0.05,0.7,0.25,6
GCGCCAATCGGAAATA,1000,0.05,0.7,0.25,6
GCGCCAATCTACCAGA,6,0.05,0.7,0.25,6
GCGCCAATCTTATCTG,1,0.05,0.7,0.25,6
GCGCCAATCTTGTACT,2,0.05,0.7,0.25,6
GCGCGATGTAGGCATG,3,0.05,0.7,0.25,6
GCGCGATGTGGCTCCA,1,0.05,0.7,0.25,6
GCGCGATGTTGGTTTG,8,0.05,0.7,0.25,6
GCGCGATTCCCTCTTT,1,0.05,0.7,0.25,6
GCGGGTTAGAGTTGGC,1000,0.05,0.7,0.25,6
GCGGGTTAGGACAGCT,3,0.05,0.7,0.25,6
GCGGGTTAGGCAATTA,7,0.05,0.7,0.25,6
GCGGGTTCACACGCTG,3,0.05,0.7,0.25,6
GCGGGTTCACGCTTTC,7,0.05,0.7,0.25,6
GCGGGTTCAGGGTACA,6,0.05,0.7,0.25,6
GCGGGTTGTACCCAAT,3,0.05,0.7,0.25,6
GCGGGTTGTCCGTTAA,7,0.05,0.7,0.25,6
GCGGGTTGTCTCTTAT,1000,0.05,0.7,0.25,6
GCGGGTTGTGTTGAGG,8,0.05,0.7,0.25,6
GCGGGTTGTTGCGTTA,1,0.05,0.7,0.25,6
GCGGGTTTCACTGGGC,7,0.05,0.7,0.25,6
GCGGGTTTCCACGTTC,2,0.05,0.7,0.25,6
GCGGGTTTCGTAGGTT,6,0.05,0.7,0.25,6
GCGGGTTTCTGCAAGT,3,0.05,0.7,0.25,6
GCTCCTAAGAGTCTGG,8,0.05,0.7,0.25,6
GCTCCTAAGCGTAGTG,1,0.05,0.7,0.25,6
GCTCCTAAGGCGCTCT,1,0.05,0.7,0.25,6
GCTCCTAAGGTGATAT,7,0.05,0.7,0.25,6
GCTCCTACAGCCTTGG,7,0.05,0.7,0.25,6
GCTCCTAGTCGCGGTT,7,0.05,0.7,0.25,6
GCTCCTAGTCTGATCA,4,0.05,0.7,0.25,6
GCTCCTAGTCTGCAAT,8,0.05,0.7,0.25,6
GCTCCTATCGCCAAAT,7,0.05,0.7,0.25,6
GCTCCTATCTACCTGC,6,0.05,0.7,0.25,6
GCTCTGTAGGGCTCTC,3,0.05,0.7,0.25,6
GCTCTGTAGGTGCTAG,3,0.05,0.7,0.25,6
GCTCTGTCATGCCTTC,3,0.05,0.7,0.25,6
GCTCTGTGTCTCATCC,3,0.05,0.7,0.25,6
GCTCTGTTCAGAGACG,1,0.05,0.7,0.25,6
GCTCTGTTCTCTAGGA,1,0.05,0.7,0.25,6
GCTGCAGAGAGAGCTC,3,0.05,0.7,0.25,6
GCTGCAGAGGTAGCTG,8,0.05,0.7,0.25,6
GCTGCAGCACACAGAG,3,0.05,0.7,0.25,6
GCTGCAGGTCCTAGCG,2,0.05,0.7,0.25,6
GCTGCGAAGATTACCC,3,0.05,0.7,0.25,6
GCTGCGAAGCACGCCT,1,0.05,0.7,0.25,6
GCTGCGAAGGAGTAGA,1000,0.05,0.7,0.25,6
GCTGCGAAGTACACCT,8,0.05,0.7,0.25,6
GCTGCGACACGTCAGC,5,0.05,0.7,0.25,6
GCTGCGAGTTCCCGAG,8,0.05,0.7,0.25,6
GCTGCGATCCTACAGA,3,0.05,0.7,0.25,6
GCTGCGATCTCCGGTT,7,0.05,0.7,0.25,6
GCTGCTTAGCGTTTAC,1,0.05,0.7,0.25,6
GCTGCTTAGTTAGGTA,8,0.05,0.7,0.25,6
GCTGCTTCAACCGCCA,3,0.05,0.7,0.25,6
GCTGCTTCAGGGTACA,1,0.05,0.7,0.25,6
GCTGCTTGTCACTTCC,8,0.05,0.7,0.25,6
GCTGCTTGTGCCTGCA,3,0.05,0.7,0.25,6
GCTGCTTGTGTAATGA,7,0.05,0.7,0.25,6
GCTGCTTTCACGCGGT,2,0.05,0.7,0.25,6
GCTGCTTTCAGAGCTT,8,0.05,0.7,0.25,6
GCTGCTTTCATTGCCC,3,0.05,0.7,0.25,6
GCTGCTTTCCCGGATG,1,0.05,0.7,0.25,6
GCTGCTTTCTAACTCT,1,0.05,0.7,0.25,6
GCTGCTTTCTGCCCTA,8,0.05,0.7,0.25,6
GCTGGGTCAAACAACA,1000,0.05,0.7,0.25,6
GCTGGGTCAAGTTAAG,4,0.05,0.7,0.25,6
GCTGGGTCACGTCTCT,8,0.05,0.7,0.25,6
GCTGGGTGTGACGCCT,8,0.05,0.7,0.25,6
GCTGGGTGTGCAACTT,5,0.05,0.7,0.25,6
GCTGGGTGTTGAGGTG,3,0.05,0.7,0.25,6
GCTGGGTTCCAAATGC,6,0.05,0.7,0.25,6
GCTGGGTTCCGTAGTA,7,0.05,0.7,0.25,6
GCTTCCAAGCCGCCTA,4,0.05,0.7,0.25,6
GCTTCCAAGCTACCGC,3,0.05,0.7,0.25,6
GCTTCCACAAACTGCT,1,0.05,0.7,0.25,6
GCTTCCACAGACTCGC,3,0.05,0.7,0.25,6
GCTTCCACATAGACTC,7,0.05,0.7,0.25,6
GCTTCCAGTAAACGCG,6,0.05,0.7,0.25,6
GCTTCCAGTCAAGCGA,8,0.05,0.7,0.25,6
GCTTCCAGTCTCATCC,6,0.05,0.7,0.25,6
GCTTCCAGTGCATCTA,1000,0.05,0.7,0.25,6
GCTTCCATCCTTTACA,8,0.05,0.7,0.25,6
GCTTGAAAGACAAGCC,4,0.05,0.7,0.25,6
GCTTGAAAGCATCATC,1000,0.05,0.7,0.25,6
GCTTGAAAGCCACGCT,4,0.05,0.7,0.25,6
GCTTGAAAGTCACGCC,8,0.05,0.7,0.25,6
GCTTGAAAGTTCCACA,2,0.05,0.7,0.25,6
GCTTGAACACCAGGTC,7,0.05,0.7,0.25,6
GCTTGAACAGACTCGC,1000,0.05,0.7,0.25,6
GCTTGAAGTCTGCCAG,8,0.05,0.7,0.25,6
GCTTGAAGTTCGTTGA,3,0.05,0.7,0.25,6
GCTTGAAGTTTGGCGC,2,0.05,0.7,0.25,6
GCTTGAATCCCTCTTT,8,0.05,0.7,0.25,6
GCTTGAATCCTTTACA,8,0.05,0.7,0.25,6
GCTTGAATCGGCGGTT,2,0.05,0.7,0.25,6
GCTTGAATCTTTAGGG,4,0.05,0.7,0.25,6
GCTTGAATCTTTCCTC,3,0.05,0.7,0.25,6
GGAAAGCAGAGACTAT,3,0.05,0.7,0.25,6
GGAAAGCAGCCTCGTG,8,0.05,0.7,0.25,6
GGAAAGCAGTCCCACG,1000,0.05,0.7,0.25,6
GGAAAGCAGTGAAGTT,2,0.05,0.7,0.25,6
GGAAAGCCACACCGAC,8,0.05,0.7,0.25,6
GGAAAGCCACCAGGTC,6,0.05,0.7,0.25,6
GGAAAGCCACTTACGA,8,0.05,0.7,0.25,6
GGAAAGCGTAAGGGCT,2,0.05,0.7,0.25,6
GGAAAGCGTCCGAACC,8,0.05,0.7,0.25,6
GGAAAGCGTCTTCGTC,3,0.05,0.7,0.25,6
GGAAAGCTCACCAGGC,2,0.05,0.7,0.25,6
GGAAAGCTCCGCAAGC,2,0.05,0.7,0.25,6
GGAAAGCTCGCGTTTC,1,0.05,0.7,0.25,6
GGAAAGCTCTTTCCTC,4,0.05,0.7,0.25,6
GGAACTTAGGAGTCTG,1,0.05,0.7,0.25,6
GGAACTTCACCCATTC,8,0.05,0.7,0.25,6
GGAACTTCAGCTGCTG,3,0.05,0.7,0.25,6
GGAACTTCATACTACG,3,0.05,0.7,0.25,6
GGAACTTGTCGCATCG,7,0.05,0.7,0.25,6
GGAACTTGTGAAGGCT,7,0.05,0.7,0.25,6
GGAACTTGTTGAGGTG,1,0.05,0.7,0.25,6
GGAACTTTCACTCTTA,1,0.05,0.7,0.25,6
GGAACTTTCAGAAATG,4,0.05,0.7,0.25,6
GGAACTTTCAGCAACT,6,0.05,0.7,0.25,6
GGAACTTTCCGATATG,3,0.05,0.7,0.25,6
GGAATAAAGCCATCGC,3,0.05,0.7,0.25,6
GGAATAAAGCGTTCCG,6,0.05,0.7,0.25,6
GGAATAAAGTCATGCT,4,0.05,0.7,0.25,6
GGAATAAAGTCTCCTC,4,0.05,0.7,0.25,6
GGAATAACAATAACGA,4,0.05,0.7,0.25,6
GGAATAACAGGGAGAG,6,0.05,0.7,0.25,6
GGAATAAGTACCAGTT,7,0.05,0.7,0.25,6
GGAATAAGTATATGGA,2,0.05,0.7,0.25,6
GGAATAAGTCACTGGC,8,0.05,0.7,0.25,6
GGAATAAGTCAGCTAT,4,0.05,0.7,0.25,6
GGAATAAGTCGTCTTC,6,0.05,0.7,0.25,6
GGAATAATCAACTCTT,7,0.05,0.7,0.25,6
GGAATAATCAGATAAG,4,0.05,0.7,0.25,6
GGAATAATCTGTCAAG,4,0.05,0.7,0.25,6
GGACAAGAGAATCTCC,1000,0.05,0.7,0.25,6
GGACAAGAGTTGCAGG,4,0.05,0.7,0.25,6
GGACAAGCACTTACGA,7,0.05,0.7,0.25,6
GGACAAGCATAGACTC,1000,0.05,0.7,0.25,6
GGACAAGGTCTAGTCA,8,0.05,0.7,0.25,6
GGACAAGGTGGGTATG,7,0.05,0.7,0.25,6
GGACAAGGTGGTAACG,6,0.05,0.7,0.25,6
GGACAAGGTGTGAAAT,4,0.05,0.7,0.25,6
GGACAAGGTTACGACT,1,0.05,0.7,0.25,6
GGACAAGTCATCTGTT,8,0.05,0.7,0.25,6
GGACAAGTCTTAACCT,1,0.05,0.7,0.25,6
GGACAGAAGAACAATC,1,0.05,0.7,0.25,6
GGACAGAAGAGTGAGA,8,0.05,0.7,0.25,6
GGACAGAAGATCCCGC,8,0.05,0.7,0.25,6
GGACAGAAGCGCCTCA,8,0.05,0.7,0.25,6
GGACAGAAGCTCAACT,1000,0.05,0.7,0.25,6
GGACAGACAATAGAGT,8,0.05,0.7,0.25,6
GGACAGACACTTAACG,1,0.05,0.7,0.25,6
GGACAGACATCACAAC,3,0.05,0.7,0.25,6
GGACAGAGTACAGACG,4,0.05,0.7,0.25,6
GGACAGAGTAGGACAC,7,0.05,0.7,0.25,6
GGACAGAGTATAGGTA,6,0.05,0.7,0.25,6
GGACAGAGTCTCTCGT,8,0.05,0.7,0.25,6
GGACAGAGTGCCTGGT,8,0.05,0.7,0.25,6
GGACAGAGTTTGTGTG,7,0.05,0.7,0.25,6
GGACAGATCGTCCAGG,7,0.05,0.7,0.25,6
GGACAGATCGTTTATC,1,0.05,0.7,0.25,6
GGACATTAGCCACTAT,5,0.05,0.7,0.25,6
GGACATTAGTACATGA,1,0.05,0.7,0.25,6
GGACATTAGTTAGCGG,4,0.05,0.7,0.25,6
GGACATTCACGACGAA,7,0.05,0.7,0.25,6
GGACATTCAGGTCCAC,3,0.05,0.7,0.25,6
GGACATTGTAGAAGGA,1000,0.05,0.7,0.25,6
GGACATTGTAGGGTAC,1,0.05,0.7,0.25,6
GGACATTGTCGCGTGT,6,0.05,0.7,0.25,6
GGACATTGTGCGCTTG,7,0.05,0.7,0.25,6
GGACATTGTGTTAAGA,6,0.05,0.7,0.25,6
GGACATTGTTATCGGT,7,0.05,0.7,0.25,6
GGACATTTCCACGTGG,8,0.05,0.7,0.25,6
GGACATTTCGGAAATA,1,0.05,0.7,0.25,6
GGACGTCAGAAGATTC,2,0.05,0.7,0.25,6
GGACGTCAGCCGTCGT,1,0.05,0.7,0.25,6
GGACGTCAGTACGTAA,1,0.05,0.7,0.25,6
GGACGTCCAAAGTGCG,2,0.05,0.7,0.25,6
GGACGTCCAAGCGTAG,1,0.05,0.7,0.25,6
GGACGTCCACTATCTT,2,0.05,0.7,0.25,6
GGACGTCCACTCTGTC,3,0.05,0.7,0.25,6
GGACGTCGTACAGACG,2,0.05,0.7,0.25,6
GGACGTCGTTCATGGT,8,0.05,0.7,0.25,6
GGACGTCTCAGGCAAG,6,0.05,0.7,0.25,6
GGACGTCTCGTAGATC,3,0.05,0.7,0.25,6
GGACGTCTCGTCTGAA,8,0.05,0.7,0.25,6
GGACGTCTCTGGTGTA,2,0.05,0.7,0.25,6
GGAGCAAAGAGTCGGT,5,0.05,0.7,0.25,6
GGAGCAAAGTAGCGGT,5,0.05,0.7,0.25,6
GGAGCAAAGTGAACGC,8,0.05,0.7,0.25,6
GGAGCAAAGTGGGCTA,7,0.05,0.7,0.25,6
GGAGCAACACACTGCG,1,0.05,0.7,0.25,6
GGAGCAACAGTATAAG,3,0.05,0.7,0.25,6
GGAGCAAGTCAACTGT,4,0.05,0.7,0.25,6
GGAGCAAGTCCAACTA,1000,0.05,0.7,0.25,6
GGAGCAATCGAACGGA,4,0.05,0.7,0.25,6
GGATGTTAGAATTGTG,1,0.05,0.7,0.25,6
GGATGTTAGCTAACTC,3,0.05,0.7,0.25,6
GGATGTTAGGCTCTTA,8,0.05,0.7,0.25,6
GGATGTTCAAGCCCAC,1,0.05,0.7,0.25,6
GGATGTTGTATATCCG,1000,0.05,0.7,0.25,6
GGATGTTGTATTCGTG,7,0.05,0.7,0.25,6
GGATGTTGTCCAACTA,3,0.05,0.7,0.25,6
GGATGTTTCGCGGATC,7,0.05,0.7,0.25,6
GGATTACAGACAGAGA,1000,0.05,0.7,0.25,6
GGATTACAGAGACTAT,5,0.05,0.7,0.25,6
GGATTACAGCCCAATT,3,0.05,0.7,0.25,6
GGATTACAGTGCCAGA,7,0.05,0.7,0.25,6
GGATTACCAAGCGCTC,4,0.05,0.7,0.25,6
GGATTACCACTTGGAT,5,0.05,0.7,0.25,6
GGATTACCAGACACTT,6,0.05,0.7,0.25,6
GGATTACCATCCCATC,4,0.05,0.7,0.25,6
GGATTACCATCTACGA,1,0.05,0.7,0.25,6
GGATTACGTAGGACAC,3,0.05,0.7,0.25,6
GGATTACGTGTGTGCC,4,0.05,0.7,0.25,6
GGATTACTCAAAGACA,8,0.05,0.7,0.25,6
GGATTACTCATGTAGC,7,0.05,0.7,0.25,6
GGCAATTAGACCACGA,8,0.05,0.7,0.25,6
GGCAATTAGAGTCGGT,1,0.05,0.7,0.25,6
GGCAATTAGATGCCAG,8,0.05,0.7,0.25,6
GGCAATTAGTACACCT,6,0.05,0.7,0.25,6
GGCAATTAGTACGCCC,4,0.05,0.7,0.25,6
GGCAATTAGTTGAGTA,3,0.05,0.7,0.25,6
GGCAATTCAATAGCAA,4,0.05,0.7,0.25,6
GGCAATTCACCCATGG,8,0.05,0.7,0.25,6
GGCAATTCAGCATGAG,4,0.05,0.7,0.25,6
GGCAATTCATAGTAAG,5,0.05,0.7,0.25,6
GGCAATTCATGTCCTC,6,0.05,0.7,0.25,6
GGCAATTCATTAACCG,8,0.05,0.7,0.25,6
GGCAATTGTACCGTTA,2,0.05,0.7,0.25,6
GGCAATTGTCACACGC,8,0.05,0.7,0.25,6
GGCAATTGTCAGGACA,3,0.05,0.7,0.25,6
GGCAATTGTGCGCTTG,4,0.05,0.7,0.25,6
GGCAATTGTTCGTGAT,1000,0.05,0.7,0.25,6
GGCAATTGTTGAGTTC,8,0.05,0.7,0.25,6
GGCAATTTCATTGCGA,5,0.05,0.7,0.25,6
GGCAATTTCCAGTAGT,1000,0.05,0.7,0.25,6
GGCAATTTCCCTCAGT,5,0.05,0.7,0.25,6
GGCCGATAGTATTGGA,3,0.05,0.7,0.25,6
GGCCGATCAAGCCATT,4,0.05,0.7,0.25,6
GGCCGATCAGCCTATA,1,0.05,0.7,0.25,6
GGCCGATCAGCGTCCA,8,0.05,0.7,0.25,6
GGCCGATCAGGGATTG,1,0.05,0.7,0.25,6
GGCCGATCATGGTTGT,2,0.05,0.7,0.25,6
GGCCGATGTACCGCTG,2,0.05,0.7,0.25,6
GGCCGATGTCGCATAT,6,0.05,0.7,0.25,6
GGCCGATGTGACTACT,3,0.05,0.7,0.25,6
GGCCGATGTTACCAGT,4,0.05,0.7,0.25,6
GGCCGATGTTTGGGCC,1,0.05,0.7,0.25,6
GGCCGATTCTTCCTTC,4,0.05,0.7,0.25,6
GGCCGATTCTTGTATC,7,0.05,0.7,0.25,6
GGCGACTAGACACTAA,3,0.05,0.7,0.25,6
GGCGACTAGACAGACC,8,0.05,0.7,0.25,6
GGCGACTAGTGAACAT,7,0.05,0.7,0.25,6
GGCGACTCAAAGGCGT,8,0.05,0.7,0.25,6
GGCGACTCAAGCTGTT,4,0.05,0.7,0.25,6
GGCGACTCAAGTACCT,8,0.05,0.7,0.25,6
GGCGACTCATACCATG,4,0.05,0.7,0.25,6
GGCGACTGTATGGTTC,2,0.05,0.7,0.25,6
GGCGACTGTTGAACTC,1000,0.05,0.7,0.25,6
GGCGACTTCCACGTGG,8,0.05,0.7,0.25,6
GGCGTGTAGCTGTCTA,8,0.05,0.7,0.25,6
GGCGTGTAGTGATCGG,3,0.05,0.7,0.25,6
GGCGTGTCAACAACCT,6,0.05,0.7,0.25,6
GGCGTGTCACTTAACG,8,0.05,0.7,0.25,6
GGCGTGTCATTTCAGG,1,0.05,0.7,0.25,6
GGCGTGTGTACCGAGA,7,0.05,0.7,0.25,6
GGCGTGTGTCAGGACA,1,0.05,0.7,0.25,6
GGCGTGTGTTACCAGT,2,0.05,0.7,0.25,6
GGCGTGTGTTGGTAAA,7,0.05,0.7,0.25,6
GGCGTGTGTTTGTTGG,8,0.05,0.7,0.25,6
GGCGTGTTCCACTCCA,4,0.05,0.7,0.25,6
GGCGTGTTCCTTAATC,4,0.05,0.7,0.25,6
GGCTCGAAGAGCTATA,4,0.05,0.7,0.25,6
GGCTCGAAGTCCAGGA,5,0.05,0.7,0.25,6
GGCTCGACAATGGAAT,1000,0.05,0.7,0.25,6
GGCTCGACATTATCTC,2,0.05,0.7,0.25,6
GGCTCGAGTAATCGTC,8,0.05,0.7,0.25,6
GGCTCGAGTCTGATTG,3,0.05,0.7,0.25,6
GGCTCGATCACCGGGT,3,0.05,0.7,0.25,6
GGCTCGATCACTTATC,4,0.05,0.7,0.25,6
GGCTCGATCCACGACG,7,0.05,0.7,0.25,6
GGCTCGATCTCGTTTA,1,0.05,0.7,0.25,6
GGCTGGTAGTACTTGC,1,0.05,0.7,0.25,6
GGCTGGTAGTGACTCT,8,0.05,0.7,0.25,6
GGCTGGTCACATCTTT,1000,0.05,0.7,0.25,6
GGCTGGTGTAGCGTAG,2,0.05,0.7,0.25,6
GGCTGGTGTTCCGGCA,1,0.05,0.7,0.25,6
GGCTGGTGTTCGTTGA,8,0.05,0.7,0.25,6
GGCTGGTTCACGACTA,8,0.05,0.7,0.25,6
GGCTGGTTCCGCAAGC,7,0.05,0.7,0.25,6
GGCTGGTTCCGCTGTT,3,0.05,0.7,0.25,6
GGCTGGTTCGTACGGC,7,0.05,0.7,0.25,6
GGGAATGAGAATAGGG,8,0.05,0.7,0.25,6
GGGAATGAGCTATGCT,5,0.05,0.7,0.25,6
GGGAATGAGTGGTAGC,8,0.05,0.7,0.25,6
GGGAATGAGTGTGAAT,1000,0.05,0.7,0.25,6
GGGAATGCAATTCCTT,3,0.05,0.7,0.25,6
GGGAATGCAGTTTACG,6,0.05,0.7,0.25,6
GGGAATGCATCCGTGG,7,0.05,0.7,0.25,6
GGGAATGCATGGTTGT,2,0.05,0.7,0.25,6
GGGAATGCATTAACCG,4,0.05,0.7,0.25,6
GGGAATGCATTTCACT,1,0.05,0.7,0.25,6
GGGAATGTCCCTTGCA,1,0.05,0.7,0.25,6
GGGACCTAGACCACGA,5,0.05,0.7,0.25,6
GGGACCTAGACGCTTT,8,0.05,0.7,0.25,6
GGGACCTAGCAATCTC,7,0.05,0.7,0.25,6
GGGACCTAGGAGTACC,3,0.05,0.7,0.25,6
GGGACCTCACGGTAAG,4,0.05,0.7,0.25,6
GGGACCTCATGCTAGT,1,0.05,0.7,0.25,6
GGGACCTCATGGAATA,7,0.05,0.7,0.25,6
GGGACCTTCACTCCTG,4,0.05,0.7,0.25,6
GGGACCTTCGGAAACG,8,0.05,0.7,0.25,6
GGGACCTTCTTTACAC,4,0.05,0.7,0.25,6
GGGAGATAGATGGCGT,1,0.05,0.7,0.25,6
GGGAGATAGTCAAGGC,1000,0.05,0.7,0.25,6
GGGAGATCACCAGATT,7,0.05,0.7,0.25,6
GGGAGATCAGTATGCT,7,0.05,0.7,0.25,6
GGGAGATCATCCGTGG,2,0.05,0.7,0.25,6
GGGAGATGTAAGAGAG,5,0.05,0.7,0.25,6
GGGAGATGTACCATCA,8,0.05,0.7,0.25,6
GGGAGATGTGTGACCC,4,0.05,0.7,0.25,6
GGGAGATGTGTGCGTC,5,0.05,0.7,0.25,6
GGGAGATGTTGAGTTC,6,0.05,0.7,0.25,6
GGGAGATTCAGAAATG,8,0.05,0.7,0.25,6
GGGAGATTCCGTTGTC,7,0.05,0.7,0.25,6
GGGAGATTCTCCTATA,2,0.05,0.7,0.25,6
GGGAGATTCTTGACGA,8,0.05,0.7,0.25,6
GGGATGAAGATCTGAA,3,0.05,0.7,0.25,6
GGGATGAAGCGGATCA,3,0.05,0.7,0.25,6
GGGATGACACCAGTTA,1,0.05,0.7,0.25,6
GGGATGAGTCCGAATT,1,0.05,0.7,0.25,6
GGGATGAGTCTGCGGT,2,0.05,0.7,0.25,6
GGGATGAGTTCACCTC,7,0.05,0.7,0.25,6
GGGATGATCACCCTCA,3,0.05,0.7,0.25,6
GGGATGATCACGATGT,8,0.05,0.7,0.25,6
GGGATGATCGTGTAGT,3,0.05,0.7,0.25,6
GGGATGATCTGTACGA,2,0.05,0.7,0.25,6
GGGCACTAGGTAGCCA,4,0.05,0.7,0.25,6
GGGCACTAGTCCTCCT,7,0.05,0.7,0.25,6
GGGCACTCACTGTCGG,5,0.05,0.7,0.25,6
GGGCACTCAGGGTATG,1,0.05,0.7,0.25,6
GGGCACTCAGTTTACG,3,0.05,0.7,0.25,6
GGGCACTCATCCCACT,4,0.05,0.7,0.25,6
GGGCACTCATTACCTT,3,0.05,0.7,0.25,6
GGGCACTGTCGTGGCT,6,0.05,0.7,0.25,6
GGGCACTGTCTAGAGG,4,0.05,0.7,0.25,6
GGGCACTTCCACGACG,8,0.05,0.7,0.25,6
GGGCACTTCTAACTCT,1000,0.05,0.7,0.25,6
GGGCACTTCTCACATT,2,0.05,0.7,0.25,6
GGGCATCAGAATCTCC,8,0.05,0.7,0.25,6
GGGCATCAGCCACCTG,1,0.05,0.7,0.25,6
GGGCATCAGCGGCTTC,8,0.05,0.7,0.25,6
GGGCATCAGCTAAACA,8,0.05,0.7,0.25,6
GGGCATCAGTCATCCA,1,0.05,0.7,0.25,6
GGGCATCCACATTAGC,3,0.05,0.7,0.25,6
GGGCATCCAGTATGCT,7,0.05,0.7,0.25,6
GGGCATCCATCCCACT,8,0.05,0.7,0.25,6
GGGCATCCATCGATGT,6,0.05,0.7,0.25,6
GGGCATCGTAGAGCTG,8,0.05,0.7,0.25,6
GGGCATCGTCAGAATA,3,0.05,0.7,0.25,6
GGGCATCGTGCATCTA,3,0.05,0.7,0.25,6
GGGCATCGTTCGAATC,1000,0.05,0.7,0.25,6
GGGCATCTCAAGGCTT,1,0.05,0.7,0.25,6
GGGCATCTCAGCGATT,4,0.05,0.7,0.25,6
GGGCATCTCTGTTTGT,5,0.05,0.7,0.25,6
GGGTCTGAGCACGCCT,6,0.05,0.7,0.25,6
GGGTCTGAGGAGTCTG,2,0.05,0.7,0.25,6
GGGTCTGAGTCATCCA,8,0.05,0.7,0.25,6
GGGTCTGCAATACGCT,2,0.05,0.7,0.25,6
GGGTCTGCAGGAATCG,4,0.05,0.7,0.25,6
GGGTCTGGTATGAAAC,6,0.05,0.7,0.25,6
GGGTCTGGTCATCCCT,1,0.05,0.7,0.25,6
GGGTCTGGTCGCATCG,8,0.05,0.7,0.25,6
GGGTCTGTCACTTATC,8,0.05,0.7,0.25,6
GGGTCTGTCAGCTGGC,8,0.05,0.7,0.25,6
GGGTCTGTCATGCTCC,8,0.05,0.7,0.25,6
GGGTCTGTCCAGAAGG,3,0.05,0.7,0.25,6
GGGTCTGTCCTACAGA,3,0.05,0.7,0.25,6
GGGTCTGTCTCGAGTA,1,0.05,0.7,0.25,6
GGGTCTGTCTGTTTGT,1000,0.05,0.7,0.25,6
GGGTTGCAGAGTACCG,6,0.05,0.7,0.25,6
GGGTTGCAGCTCAACT,1,0.05,0.7,0.25,6
GGGTTGCCACGCTTTC,1,0.05,0.7,0.25,6
GGGTTGCGTATCACCA,3,0.05,0.7,0.25,6
GGGTTGCGTCAAGCGA,6,0.05,0.7,0.25,6
GGGTTGCGTGCAGGTA,1000,0.05,0.7,0.25,6
GGGTTGCGTTCCTCCA,5,0.05,0.7,0.25,6
GGTATTGAGATGTTAG,8,0.05,0.7,0.25,6
GGTATTGAGGACTGGT,5,0.05,0.7,0.25,6
GGTATTGCAGGGAGAG,8,0.05,0.7,0.25,6
GGTATTGCAGTCAGCC,2,0.05,0.7,0.25,6
GGTATTGGTAGAGTGC,3,0.05,0.7,0.25,6
GGTATTGGTCACAAGG,2,0.05,0.7,0.25,6
GGTATTGGTCAGAATA,1,0.05,0.7,0.25,6
GGTATTGGTGGTCTCG,4,0.05,0.7,0.25,6
GGTATTGTCACCGGGT,1000,0.05,0.7,0.25,6
GGTGAAGAGATCTGAA,6,0.05,0.7,0.25,6
GGTGAAGAGATGGCGT,1,0.05,0.7,0.25,6
GGTGAAGAGCATCATC,1000,0.05,0.7,0.25,6
GGTGAAGAGCGAAGGG,7,0.05,0.7,0.25,6
GGTGAAGAGTTAAGTG,7,0.05,0.7,0.25,6
GGTGAAGCAAGGACTG,8,0.05,0.7,0.25,6
GGTGAAGCACATCCGG,1,0.05,0.7,0.25,6
GGTGAAGCAGTCCTTC,3,0.05,0.7,0.25,6
GGTGAAGCATCCCATC,7,0.05,0.7,0.25,6
GGTGAAGGTAATAGCA,6,0.05,0.7,0.25,6
GGTGCGTAGCCCAATT,3,0.05,0.7,0.25,6
GGTGCGTAGCCTATGT,5,0.05,0.7,0.25,6
GGTGCGTCAATCTGCA,5,0.05,0.7,0.25,6
GGTGCGTCACGCATCG,8,0.05,0.7,0.25,6
GGTGCGTCAGCTGCAC,8,0.05,0.7,0.25,6
GGTGCGTCATGGTAGG,5,0.05,0.7,0.25,6
GGTGCGTGTAGCTCCG,1,0.05,0.7,0.25,6
GGTGCGTGTGTATGGG,6,0.05,0.7,0.25,6
GGTGCGTTCAGTGTTG,5,0.05,0.7,0.25,6
GGTGCGTTCCAAACAC,4,0.05,0.7,0.25,6
GGTGCGTTCGGCATCG,3,0.05,0.7,0.25,6
GGTGTTAAGATCTGCT,1,0.05,0.7,0.25,6
GGTGTTAAGGTCGGAT,1,0.05,0.7,0.25,6
GGTGTTAGTACTTGAC,8,0.05,0.7,0.25,6
GGTGTTAGTCTCAACA,2,0.05,0.7,0.25,6
GGTGTTAGTGATAAGT,7,0.05,0.7,0.25,6
GTAACGTAGCATCATC,3,0.05,0.7,0.25,6
GTAACGTAGTGAATTG,8,0.05,0.7,0.25,6
GTAACGTAGTTGTCGT,7,0.05,0.7,0.25,6
GTAACGTCAATGGAGC,3,0.05,0.7,0.25,6
GTAACGTCACCTCGTT,1000,0.05,0.7,0.25,6
GTAACGTCACGTCAGC,3,0.05,0.7,0.25,6
GTAACGTCAGGTGCCT,2,0.05,0.7,0.25,6
GTAACGTCAGTGGGAT,6,0.05,0.7,0.25,6
GTAACGTGTAAAGGAG,8,0.05,0.7,0.25,6
GTAACGTTCTGGCGTG,2,0.05,0.7,0.25,6
GTAACGTTCTTCAACT,2,0.05,0.7,0.25,6
GTAACTGAGAGTTGGC,5,0.05,0.7,0.25,6
GTAACTGAGATGTAAC,1,0.05,0.7,0.25,6
GTAACTGAGCAGACTG,2,0.05,0.7,0.25,6
GTAACTGAGGAGTTTA,6,0.05,0.7,0.25,6
GTAACTGAGGATATAC,7,0.05,0.7,0.25,6
GTAACTGCAAGTCTAC,5,0.05,0.7,0.25,6
GTAACTGGTAAGTGGC,4,0.05,0.7,0.25,6
GTAACTGGTCGGGTCT,1,0.05,0.7,0.25,6
GTAACTGGTTCTGGTA,1,0.05,0.7,0.25,6
GTAACTGGTTGCCTCT,4,0.05,0.7,0.25,6
GTAACTGTCCTAGTGA,7,0.05,0.7,0.25,6
GTAACTGTCCTTGGTC,3,0.05,0.7,0.25,6
GTACGTAAGACAGGCT,4,0.05,0.7,0.25,6
GTACGTAAGGGAACGG,8,0.05,0.7,0.25,6
GTACGTAAGGTTCCTA,3,0.05,0.7,0.25,6
GTACGTAAGTGGTAAT,8,0.05,0.7,0.25,6
GTACGTACACGAAACG,1,0.05,0.7,0.25,6
GTACGTACATCTGGTA,3,0.05,0.7,0.25,6
GTACGTATCAACCATG,2,0.05,0.7,0.25,6
GTACGTATCATGCATG,8,0.05,0.7,0.25,6
GTACGTATCTGCGACG,8,0.05,0.7,0.25,6
GTACTCCAGAACAACT,8,0.05,0.7,0.25,6
GTACTCCAGAGGACGG,4,0.05,0.7,0.25,6
GTACTCCAGATCCCGC,1,0.05,0.7,0.25,6
GTACTCCAGGACAGAA,8,0.05,0.7,0.25,6
GTACTCCAGGTGTGGT,1,0.05,0.7,0.25,6
GTACTCCCATCTGGTA,1,0.05,0.7,0.25,6
GTACTCCGTTTAGCTG,1,0.05,0.7,0.25,6
GTACTCCGTTTCCACC,8,0.05,0.7,0.25,6
GTACTCCTCAGAGACG,8,0.05,0.7,0.25,6
GTACTCCTCATCTGCC,1,0.05,0.7,0.25,6
GTACTCCTCCCAGGTG,2,0.05,0.7,0.25,6
GTACTCCTCTGGAGCC,1,0.05,0.7,0.25,6
GTACTTTAGAATGTGT,1,0.05,0.7,0.25,6
GTACTTTAGAGGTAGA,2,0.05,0.7,0.25,6
GTACTTTGTCAGGACA,7,0.05,0.7,0.25,6
GTACTTTGTCGAACAG,8,0.05,0.7,0.25,6
GTACTTTGTCTGATCA,3,0.05,0.7,0.25,6
GTACTTTGTGAAGGCT,5,0.05,0.7,0.25,6
GTACTTTTCAGCACAT,1,0.05,0.7,0.25,6
GTAGGCCAGAATTGTG,3,0.05,0.7,0.25,6
GTAGGCCAGTACGTTC,4,0.05,0.7,0.25,6
GTAGGCCCAAACGCGA,3,0.05,0.7,0.25,6
GTAGGCCCACATGGGA,1,0.05,0.7,0.25,6
GTAGGCCCAGTTCATG,8,0.05,0.7,0.25,6
GTAGGCCCATACCATG,8,0.05,0.7,0.25,6
GTAGGCCCATCCCACT,7,0.05,0.7,0.25,6
GTAGGCCCATCGGACC,6,0.05,0.7,0.25,6
GTAGGCCGTGGGTCAA,1,0.05,0.7,0.25,6
GTAGGCCGTGTTCGAT,1,0.05,0.7,0.25,6
GTAGGCCGTTCTGTTT,2,0.05,0.7,0.25,6
GTAGGCCTCACAAACC,1,0.05,0.7,0.25,6
GTAGGCCTCACCGTAA,5,0.05,0.7,0.25,6
GTAGGCCTCAGAGCTT,7,0.05,0.7,0.25,6
GTAGGCCTCATGTCTT,1,0.05,0.7,0.25,6
GTAGGCCTCGCTTAGA,3,0.05,0.7,0.25,6
GTAGGCCTCTGTACGA,1,0.05,0.7,0.25,6
GTAGGCCTCTTACCGC,3,0.05,0.7,0.25,6
GTAGTCAAGCCACCTG,1,0.05,0.7,0.25,6
GTAGTCACAAACGCGA,5,0.05,0.7,0.25,6
GTAGTCACAATGTAAG,1000,0.05,0.7,0.25,6
GTAGTCACACATCCAA,4,0.05,0.7,0.25,6
GTAGTCACACGGTAGA,3,0.05,0.7,0.25,6
GTAGTCACAGACAAAT,3,0.05,0.7,0.25,6
GTAGTCACAGGACGTA,3,0.05,0.7,0.25,6
GTAGTCACATAGTAAG,5,0.05,0.7,0.25,6
GTAGTCAGTAAGGGCT,1,0.05,0.7,0.25,6
GTAGTCAGTGGTTTCA,5,0.05,0.7,0.25,6
GTAGTCATCAACGGGA,1,0.05,0.7,0.25,6
GTAGTCATCCCAAGAT,5,0.05,0.7,0.25,6
GTAGTCATCGGAAACG,4,0.05,0.7,0.25,6
GTAGTCATCTTGTCAT,7,0.05,0.7,0.25,6
GTATCTTAGAGTGAGA,5,0.05,0.7,0.25,6
GTATCTTAGCGACGTA,8,0.05,0.7,0.25,6
GTATCTTAGGACCACA,2,0.05,0.7,0.25,6
GTATCTTCAAATCCGT,8,0.05,0.7,0.25,6
GTATCTTCACACGCTG,8,0.05,0.7,0.25,6
GTATCTTGTACTCAAC,6,0.05,0.7,0.25,6
GTATCTTGTAGGCATG,8,0.05,0.7,0.25,6
GTATCTTGTTCCCGAG,8,0.05,0.7,0.25,6
GTATCTTGTTGAGTTC,3,0.05,0.7,0.25,6
GTATCTTTCACGAAGG,3,0.05,0.7,0.25,6
GTATCTTTCCACTCCA,4,0.05,0.7,0.25,6
GTATCTTTCCGCGGTA,1,0.05,0.7,0.25,6
GTATCTTTCCGTAGGC,3,0.05,0.7,0.25,6
GTATCTTTCCTAGGGC,1,0.05,0.7,0.25,6
GTATCTTTCTCGTTTA,7,0.05,0.7,0.25,6
GTATTCTAGAGGACGG,6,0.05,0.7,0.25,6
GTATTCTAGTGAACGC,1000,0.05,0.7,0.25,6
GTATTCTCAATAAGCA,2,0.05,0.7,0.25,6
GTATTCTCAGATGGCA,7,0.05,0.7,0.25,6
GTATTCTCAGTCCTTC,1,0.05,0.7,0.25,6
GTATTCTCATCAGTCA,4,0.05,0.7,0.25,6
GTATTCTGTAGGCTGA,4,0.05,0.7,0.25,6
GTATTCTGTATTCGTG,3,0.05,0.7,0.25,6
GTATTCTGTGTCAATC,4,0.05,0.7,0.25,6
GTATTCTGTTCCAACA,5,0.05,0.7,0.25,6
GTATTCTGTTTGTTTC,1000,0.05,0.7,0.25,6
GTATTCTTCAACCAAC,1,0.05,0.7,0.25,6
GTATTCTTCAGTTTGG,1,0.05,0.7,0.25,6
GTATTCTTCCTTCAAT,4,0.05,0.7,0.25,6
GTATTCTTCGAGGTAG,3,0.05,0.7,0.25,6
GTCAAGTAGATGGCGT,2,0.05,0.7,0.25,6
GTCAAGTAGGTGCACA,8,0.05,0.7,0.25,6
GTCAAGTCAATCACAC,6,0.05,0.7,0.25,6
GTCAAGTCAATCAGAA,3,0.05,0.7,0.25,6
GTCAAGTCACGGATAG,7,0.05,0.7,0.25,6
GTCAAGTCAGGAATGC,4,0.05,0.7,0.25,6
GTCAAGTCAGGATTGG,7,0.05,0.7,0.25,6
GTCAAGTCATGTCGAT,4,0.05,0.7,0.25,6
GTCAAGTGTAGCTCCG,8,0.05,0.7,0.25,6
GTCAAGTGTTACCAGT,1000,0.05,0.7,0.25,6
GTCAAGTTCGCGCCAA,2,0.05,0.7,0.25,6
GTCAAGTTCTTTACAC,8,0.05,0.7,0.25,6
GTCACAAAGAGTAATC,4,0.05,0.7,0.25,6
GTCACAAAGCGATTCT,4,0.05,0.7,0.25,6
GTCACAAAGTCGCCGT,5,0.05,0.7,0.25,6
GTCACAACACATTAGC,3,0.05,0.7,0.25,6
GTCACAACACCGGAAA,3,0.05,0.7,0.25,6
GTCACAAGTATGAAAC,8,0.05,0.7,0.25,6
GTCACAATCCCATTAT,8,0.05,0.7,0.25,6
GTCACAATCCTCAACC,7,0.05,0.7,0.25,6
GTCACAATCGGACAAG,8,0.05,0.7,0.25,6
GTCACAATCTCTTATG,5,0.05,0.7,0.25,6
GTCACAATCTTTCCTC,1,0.05,0.7,0.25,6
GTCACGGAGCCGGTAA,3,0.05,0.7,0.25,6
GTCACGGCACAGCCCA,8,0.05,0.7,0.25,6
GTCACGGCATCGGTTA,8,0.05,0.7,0.25,6
GTCACGGCATCTACGA,6,0.05,0.7,0.25,6
GTCACGGGTAGCAAAT,7,0.05,0.7,0.25,6
GTCACGGGTCATATCG,6,0.05,0.7,0.25,6
GTCACGGGTCCGAATT,1,0.05,0.7,0.25,6
GTCACGGTCGGCGCAT,3,0.05,0.7,0.25,6
GTCATTTAGCTGATAA,2,0.05,0.7,0.25,6
GTCATTTAGGACAGAA,4,0.05,0.7,0.25,6
GTCATTTCAAACGTGG,2,0.05,0.7,0.25,6
GTCATTTCAATAGCAA,8,0.05,0.7,0.25,6
GTCATTTCACAGGCCT,3,0.05,0.7,0.25,6
GTCATTTCACGAAATA,5,0.05,0.7,0.25,6
GTCATTTCACTCAGGC,4,0.05,0.7,0.25,6
GTCATTTCAGCGTAAG,8,0.05,0.7,0.25,6
GTCATTTCATCGATGT,7,0.05,0.7,0.25,6
GTCATTTGTAGCACGA,4,0.05,0.7,0.25,6
GTCATTTGTCATTAGC,2,0.05,0.7,0.25,6
GTCATTTGTTTCGCTC,6,0.05,0.7,0.25,6
GTCATTTTCAACGCTA,2,0.05,0.7,0.25,6
GTCATTTTCCCTTGTG,4,0.05,0.7,0.25,6
GTCATTTTCGAGAGCA,6,0.05,0.7,0.25,6
GTCATTTTCGTAGGAG,5,0.05,0.7,0.25,6
GTCCTCACAGATGAGC,3,0.05,0.7,0.25,6
GTCCTCAGTAATAGCA,8,0.05,0.7,0.25,6
GTCCTCAGTATATGAG,1,0.05,0.7,0.25,6
GTCCTCAGTTGATTCG,2,0.05,0.7,0.25,6
GTCCTCATCCCGACTT,1000,0.05,0.7,0.25,6
GTCCTCATCTGTCAAG,1000,0.05,0.7,0.25,6
GTCCTCATCTTACCGC,2,0.05,0.7,0.25,6
GTCGGGTAGGCAGTCA,1,0.05,0.7,0.25,6
GTCGGGTAGGCTCAGA,7,0.05,0.7,0.25,6
GTCGGGTCAAGAGTCG,8,0.05,0.7,0.25,6
GTCGGGTCACCAGGTC,2,0.05,0.7,0.25,6
GTCGGGTCACCGAAAG,8,0.05,0.7,0.25,6
GTCGGGTCAGTGAGTG,5,0.05,0.7,0.25,6
GTCGGGTGTATCAGTC,3,0.05,0.7,0.25,6
GTCGGGTTCATATCGG,2,0.05,0.7,0.25,6
GTCGGGTTCCGATATG,1,0.05,0.7,0.25,6
GTCGGGTTCGACCAGC,4,0.05,0.7,0.25,6
GTCGTAAAGGTTACCT,0,0.05,0.7,0.25,6
GTCGTAAAGTGAATTG,2,0.05,0.7,0.25,6
GTCGTAACAGTCGATT,2,0.05,0.7,0.25,6
GTCGTAAGTCCGAATT,5,0.05,0.7,0.25,6
GTCGTAAGTGTTCGAT,1000,0.05,0.7,0.25,6
GTCGTAATCACGCGGT,6,0.05,0.7,0.25,6
GTCGTAATCAGTCAGT,8,0.05,0.7,0.25,6
GTCGTAATCATGCATG,3,0.05,0.7,0.25,6
GTCGTAATCATTATCC,3,0.05,0.7,0.25,6
GTCGTAATCCGTTGTC,3,0.05,0.7,0.25,6
GTCGTAATCCTTTCGG,3,0.05,0.7,0.25,6
GTCGTAATCGTTTGCC,4,0.05,0.7,0.25,6
GTCGTAATCTACCTGC,3,0.05,0.7,0.25,6
GTCTCGTCAAGCGAGT,3,0.05,0.7,0.25,6
GTCTCGTGTCAGAGGT,4,0.05,0.7,0.25,6
GTCTCGTGTGAAATCA,8,0.05,0.7,0.25,6
GTCTCGTGTGGCTCCA,2,0.05,0.7,0.25,6
GTCTCGTGTGTGGCTC,3,0.05,0.7,0.25,6
GTCTCGTGTTATGTGC,7,0.05,0.7,0.25,6
GTCTCGTGTTCCCGAG,6,0.05,0.7,0.25,6
GTCTCGTGTTCGCGAC,8,0.05,0.7,0.25,6
GTCTCGTTCCAAGTAC,5,0.05,0.7,0.25,6
GTCTTCGAGCCAGAAC,6,0.05,0.7,0.25,6
GTCTTCGAGGCTCTTA,7,0.05,0.7,0.25,6
GTCTTCGCAATAGCAA,2,0.05,0.7,0.25,6
GTCTTCGCACATTTCT,8,0.05,0.7,0.25,6
GTCTTCGCATTGGTAC,3,0.05,0.7,0.25,6
GTCTTCGGTTTGTTTC,7,0.05,0.7,0.25,6
GTCTTCGTCAAACAAG,8,0.05,0.7,0.25,6
GTCTTCGTCATTGCCC,6,0.05,0.7,0.25,6
GTCTTCGTCCTGCAGG,2,0.05,0.7,0.25,6
GTGAAGGAGAGCTGCA,1000,0.05,0.7,0.25,6
GTGAAGGCAGCGAACA,3,0.05,0.7,0.25,6
GTGAAGGGTACATGTC,3,0.05,0.7,0.25,6
GTGAAGGTCATGTCCC,8,0.05,0.7,0.25,6
GTGAAGGTCCATTCTA,7,0.05,0.7,0.25,6
GTGAAGGTCTCGTATT,3,0.05,0.7,0.25,6
GTGCAGCAGACGACGT,2,0.05,0.7,0.25,6
GTGCAGCAGATCTGAA,1,0.05,0.7,0.25,6
GTGCAGCAGCCGATTT,7,0.05,0.7,0.25,6
GTGCAGCAGGCATTGG,4,0.05,0.7,0.25,6
GTGCAGCAGGCGACAT,8,0.05,0.7,0.25,6
GTGCAGCAGTGGGTTG,4,0.05,0.7,0.25,6
GTGCAGCCACTTACGA,3,0.05,0.7,0.25,6
GTGCAGCGTGCGATAG,4,0.05,0.7,0.25,6
GTGCAGCTCAAGCCTA,8,0.05,0.7,0.25,6
GTGCAGCTCCATGCTC,6,0.05,0.7,0.25,6
GTGCAGCTCCTGTAGA,2,0.05,0.7,0.25,6
GTGCAGCTCGGATGTT,8,0.05,0.7,0.25,6
GTGCAGCTCTCTAAGG,2,0.05,0.7,0.25,6
GTGCATAAGCAGGTCA,7,0.05,0.7,0.25,6
GTGCATAAGCCACGCT,2,0.05,0.7,0.25,6
GTGCATAAGCTAGGCA,1,0.05,0.7,0.25,6
GTGCATAAGGCATTGG,8,0.05,0.7,0.25,6
GTGCATACAATCTACG,4,0.05,0.7,0.25,6
GTGCATACATCCTTGC,6,0.05,0.7,0.25,6
GTGCATACATCGGTTA,4,0.05,0.7,0.25,6
GTGCATAGTCTTCGTC,3,0.05,0.7,0.25,6
GTGCATAGTTACCGAT,8,0.05,0.7,0.25,6
GTGCATAGTTAGATGA,7,0.05,0.7,0.25,6
GTGCATATCCCTTGTG,8,0.05,0.7,0.25,6
GTGCGGTAGCTAAACA,4,0.05,0.7,0.25,6
GTGCGGTAGGTAGCTG,8,0.05,0.7,0.25,6
GTGCGGTCAAACTGCT,1,0.05,0.7,0.25,6
GTGCGGTCACCGGAAA,6,0.05,0.7,0.25,6
GTGCGGTCAGTTTACG,8,0.05,0.7,0.25,6
GTGCGGTCATTACCTT,4,0.05,0.7,0.25,6
GTGCGGTGTTGATTGC,3,0.05,0.7,0.25,6
GTGCGGTTCAATCACG,7,0.05,0.7,0.25,6
GTGCGGTTCTAAGCCA,8,0.05,0.7,0.25,6
GTGCGGTTCTTTCCTC,2,0.05,0.7,0.25,6
GTGCTTCAGAAGGTTT,7,0.05,0.7,0.25,6
GTGCTTCAGCCACGTC,2,0.05,0.7,0.25,6
GTGCTTCAGCGTGAAC,3,0.05,0.7,0.25,6
GTGCTTCGTATAATGG,1,0.05,0.7,0.25,6
GTGCTTCGTTCACGGC,2,0.05,0.7,0.25,6
GTGCTTCTCAAGGTAA,1,0.05,0.7,0.25,6
GTGCTTCTCAGAGACG,5,0.05,0.7,0.25,6
GTGCTTCTCCGGCACA,1,0.05,0.7,0.25,6
GTGCTTCTCCTACAGA,8,0.05,0.7,0.25,6
GTGGGTCAGACCTTTG,8,0.05,0.7,0.25,6
GTGGGTCAGAGAACAG,8,0.05,0.7,0.25,6
GTGGGTCAGATCCCGC,1000,0.05,0.7,0.25,6
GTGGGTCAGGTGCTAG,2,0.05,0.7,0.25,6
GTGGGTCCAGGGTTAG,2,0.05,0.7,0.25,6
GTGGGTCGTAAGTGTA,1,0.05,0.7,0.25,6
GTGGGTCGTCTAAAGA,6,0.05,0.7,0.25,6
GTGGGTCGTCTCCCTA,1000,0.05,0.7,0.25,6
GTGGGTCTCAAACAAG,1,0.05,0.7,0.25,6
GTGGGTCTCCAGGGCT,0,0.05,0.7,0.25,6
GTGGGTCTCGATAGAA,7,0.05,0.7,0.25,6
GTGGGTCTCGGAAATA,7,0.05,0.7,0.25,6
GTGTGCGAGACATAAC,4,0.05,0.7,0.25,6
GTGTGCGAGGGTCGAT,3,0.05,0.7,0.25,6
GTGTGCGAGTCAAGGC,3,0.05,0.7,0.25,6
GTGTGCGCAATCTGCA,4,0.05,0.7,0.25,6
GTGTGCGCAGTCGATT,8,0.05,0.7,0.25,6
GTGTGCGCATCTCCCA,3,0.05,0.7,0.25,6
GTGTGCGGTCTACCTC,1000,0.05,0.7,0.25,6
GTGTGCGGTCTCACCT,5,0.05,0.7,0.25,6
GTGTGCGTCCTGTACC,4,0.05,0.7,0.25,6
GTGTGCGTCGTCACGG,1,0.05,0.7,0.25,6
GTGTTAGAGCGTGTCC,3,0.05,0.7,0.25,6
GTGTTAGAGCGTTCCG,1000,0.05,0.7,0.25,6
GTGTTAGAGCTGAAAT,2,0.05,0.7,0.25,6
GTGTTAGAGGATGTAT,8,0.05,0.7,0.25,6
GTGTTAGCACACAGAG,2,0.05,0.7,0.25,6
GTGTTAGCACATGACT,3,0.05,0.7,0.25,6
GTGTTAGCACCATCCT,8,0.05,0.7,0.25,6
GTGTTAGCATCAGTCA,1,0.05,0.7,0.25,6
GTGTTAGCATCTATGG,8,0.05,0.7,0.25,6
GTGTTAGCATGTCCTC,1,0.05,0.7,0.25,6
GTGTTAGGTCACTTCC,6,0.05,0.7,0.25,6
GTGTTAGGTTAGTGGG,8,0.05,0.7,0.25,6
GTGTTAGTCCCAACGG,3,0.05,0.7,0.25,6
GTGTTAGTCTTACCGC,5,0.05,0.7,0.25,6
GTTAAGCAGACAGGCT,3,0.05,0.7,0.25,6
GTTAAGCAGACCACGA,1000,0.05,0.7,0.25,6
GTTAAGCAGCTCCCAG,3,0.05,0.7,0.25,6
GTTAAGCAGCTTCGCG,3,0.05,0.7,0.25,6
GTTAAGCCATCTCCCA,8,0.05,0.7,0.25,6
GTTAAGCCATTGGTAC,6,0.05,0.7,0.25,6
GTTAAGCGTACAGTTC,3,0.05,0.7,0.25,6
GTTAAGCGTACTTCTT,3,0.05,0.7,0.25,6
GTTAAGCGTTTGTGTG,1,0.05,0.7,0.25,6
GTTAAGCTCTCACATT,1,0.05,0.7,0.25,6
GTTACAGAGCCCAATT,3,0.05,0.7,0.25,6
GTTACAGAGTAACCCT,2,0.05,0.7,0.25,6
GTTACAGCAAAGGAAG,4,0.05,0.7,0.25,6
GTTACAGGTGTTTGTG,4,0.05,0.7,0.25,6
GTTACAGTCAATAAGG,7,0.05,0.7,0.25,6
GTTACAGTCGAGGTAG,7,0.05,0.7,0.25,6
GTTACAGTCTACTTAC,5,0.05,0.7,0.25,6
GTTACAGTCTGCGTAA,2,0.05,0.7,0.25,6
GTTACAGTCTTGCATT,8,0.05,0.7,0.25,6
GTTCATTCATCCCACT,6,0.05,0.7,0.25,6
GTTCATTGTCAAAGCG,1,0.05,0.7,0.25,6
GTTCATTTCAAGGCTT,6,0.05,0.7,0.25,6
GTTCATTTCACGGTTA,8,0.05,0.7,0.25,6
GTTCATTTCGTCTGAA,2,0.05,0.7,0.25,6
GTTCGGGAGACTACAA,8,0.05,0.7,0.25,6
GTTCGGGAGAGAACAG,8,0.05,0.7,0.25,6
GTTCGGGAGAGTCGGT,1,0.05,0.7,0.25,6
GTTCGGGCAACACGCC,6,0.05,0.7,0.25,6
GTTCGGGCACCAGCAC,7,0.05,0.7,0.25,6
GTTCGGGCACGTCAGC,1,0.05,0.7,0.25,6
GTTCGGGCAGACGCAA,4,0.05,0.7,0.25,6
GTTCGGGCATGGGACA,2,0.05,0.7,0.25,6
GTTCGGGGTAAAGGAG,3,0.05,0.7,0.25,6
GTTCGGGGTACAGCAG,7,0.05,0.7,0.25,6
GTTCGGGGTTACCGAT,7,0.05,0.7,0.25,6
GTTCGGGGTTCCACAA,3,0.05,0.7,0.25,6
GTTCGGGTCCCAAGAT,6,0.05,0.7,0.25,6
GTTCTCGAGACGCAAC,5,0.05,0.7,0.25,6
GTTCTCGAGAGATGAG,6,0.05,0.7,0.25,6
GTTCTCGCACGTCTCT,6,0.05,0.7,0.25,6
GTTCTCGCATTTCAGG,3,0.05,0.7,0.25,6
GTTCTCGGTGTCCTCT,3,0.05,0.7,0.25,6
GTTCTCGTCCCTTGCA,4,0.05,0.7,0.25,6
GTTCTCGTCCGAGCCA,7,0.05,0.7,0.25,6
GTTCTCGTCGGTCTAA,2,0.05,0.7,0.25,6
GTTTCTAAGACGCACA,1,0.05,0.7,0.25,6
GTTTCTAAGAGCCCAA,7,0.05,0.7,0.25,6
GTTTCTAAGAGTCGGT,8,0.05,0.7,0.25,6
GTTTCTAAGCTATGCT,4,0.05,0.7,0.25,6
GTTTCTAAGTTTGCGT,2,0.05,0.7,0.25,6
GTTTCTACAGATCTGT,8,0.05,0.7,0.25,6
GTTTCTACAGGATTGG,7,0.05,0.7,0.25,6
GTTTCTACAGGGTTAG,3,0.05,0.7,0.25,6
GTTTCTAGTTTGACTG,3,0.05,0.7,0.25,6
GTTTCTATCATGTCCC,8,0.05,0.7,0.25,6
GTTTCTATCCCAAGTA,4,0.05,0.7,0.25,6
GTTTCTATCGCGTAGC,3,0.05,0.7,0.25,6
GTTTCTATCGTTGCCT,6,0.05,0.7,0.25,6
TAAACCGAGGCATGGT,8,0.05,0.7,0.25,6
TAAACCGAGGCTATCT,8,0.05,0.7,0.25,6
TAAACCGAGTTAACGA,7,0.05,0.7,0.25,6
TAAACCGCAAAGGTGC,6,0.05,0.7,0.25,6
TAAACCGCATCGATGT,7,0.05,0.7,0.25,6
TAAACCGGTCATCCCT,1,0.05,0.7,0.25,6
TAAACCGGTGATGATA,6,0.05,0.7,0.25,6
TAAACCGTCATCATTC,3,0.05,0.7,0.25,6
TAAACCGTCCAGGGCT,3,0.05,0.7,0.25,6
TAAACCGTCGCTTAGA,4,0.05,0.7,0.25,6
TAAACCGTCGGACAAG,1,0.05,0.7,0.25,6
TAAACCGTCGTTACGA,1000,0.05,0.7,0.25,6
TAAACCGTCTAACTGG,4,0.05,0.7,0.25,6
TAAGAGAAGATGTCGG,8,0.05,0.7,0.25,6
TAAGAGAAGCCCGAAA,2,0.05,0.7,0.25,6
TAAGAGAAGTGGGATC,4,0.05,0.7,0.25,6
TAAGAGACAGTGAGTG,4,0.05,0.7,0.25,6
TAAGAGAGTAGCGTAG,4,0.05,0.7,0.25,6
TAAGAGAGTCAACATC,1000,0.05,0.7,0.25,6
TAAGAGATCAACGCTA,4,0.05,0.7,0.25,6
TAAGAGATCCTGTACC,3,0.05,0.7,0.25,6
TAAGAGATCGCAGGCT,4,0.05,0.7,0.25,6
TAAGAGATCTTATCTG,2,0.05,0.7,0.25,6
TAAGCGTCAAGTCTAC,4,0.05,0.7,0.25,6
TAAGCGTCACTGAAGG,7,0.05,0.7,0.25,6
TAAGCGTCAGTATGCT,4,0.05,0.7,0.25,6
TAAGCGTGTAGCGTCC,4,0.05,0.7,0.25,6
TAAGCGTGTCTCAACA,6,0.05,0.7,0.25,6
TAAGCGTGTTCGGCAC,4,0.05,0.7,0.25,6
TAAGCGTTCGTAGGTT,8,0.05,0.7,0.25,6
TAAGCGTTCTGGAGCC,8,0.05,0.7,0.25,6
TAAGCGTTCTTCGGTC,7,0.05,0.7,0.25,6
TAAGTGCAGTTTAGGA,1,0.05,0.7,0.25,6
TAAGTGCCAAACTGTC,5,0.05,0.7,0.25,6
TAAGTGCCAAGGTTTC,8,0.05,0.7,0.25,6
TAAGTGCCAGAGCCAA,3,0.05,0.7,0.25,6
TAAGTGCGTATAGGGC,7,0.05,0.7,0.25,6
TAAGTGCTCGTCGTTC,7,0.05,0.7,0.25,6
TAAGTGCTCTGCTGTC,2,0.05,0.7,0.25,6
TAAGTGCTCTTGACGA,4,0.05,0.7,0.25,6
TACACGAAGACTCGGA,6,0.05,0.7,0.25,6
TACACGAAGGGTCTCC,2,0.05,0.7,0.25,6
TACACGACACGTTGGC,2,0.05,0.7,0.25,6
TACACGACAGTCGTGC,5,0.05,0.7,0.25,6
TACACGACAGTGGAGT,8,0.05,0.7,0.25,6
TACACGAGTCGCGGTT,1,0.05,0.7,0.25,6
TACACGAGTCTCTCTG,2,0.05,0.7,0.25,6
TACACGAGTCTGCCAG,2,0.05,0.7,0.25,6
TACACGAGTGCGAAAC,7,0.05,0.7,0.25,6
TACACGAGTGCTTCTC,7,0.05,0.7,0.25,6
TACACGAGTTAAAGTG,2,0.05,0.7,0.25,6
TACACGAGTTCCATGA,8,0.05,0.7,0.25,6
TACAGTGAGGAACTGC,3,0.05,0.7,0.25,6
TACAGTGAGGCCCTCA,4,0.05,0.7,0.25,6
TACAGTGAGGGTTTCT,5,0.05,0.7,0.25,6
TACAGTGAGTATTGGA,1,0.05,0.7,0.25,6
TACAGTGCATATGGTC,5,0.05,0.7,0.25,6
TACAGTGCATCCTTGC,1000,0.05,0.7,0.25,6
TACAGTGCATCTACGA,5,0.05,0.7,0.25,6
TACAGTGGTCGATTGT,3,0.05,0.7,0.25,6
TACAGTGGTCTAGTGT,3,0.05,0.7,0.25,6
TACAGTGTCAACGGCC,3,0.05,0.7,0.25,6
TACAGTGTCCTAAGTG,1000,0.05,0.7,0.25,6
TACAGTGTCGCCTGAG,1000,0.05,0.7,0.25,6
TACCTATAGATGCGAC,3,0.05,0.7,0.25,6
TACCTATAGGCTATCT,0,0.05,0.7,0.25,6
TACCTATCAACACCTA,6,0.05,0.7,0.25,6
TACCTATCAGCCAATT,2,0.05,0.7,0.25,6
TACCTATCATTGGCGC,1000,0.05,0.7,0.25,6
TACCTATGTCAAACTC,8,0.05,0.7,0.25,6
TACCTATGTCTAAAGA,8,0.05,0.7,0.25,6
TACCTATGTTAAAGAC,6,0.05,0.7,0.25,6
TACCTATTCCGAGCCA,1000,0.05,0.7,0.25,6
TACCTATTCCGTTGTC,1,0.05,0.7,0.25,6
TACCTATTCCTGCCAT,1000,0.05,0.7,0.25,6
TACCTTAAGCGTGTCC,1,0.05,0.7,0.25,6
TACCTTAAGCTGAAAT,4,0.05,0.7,0.25,6
TACCTTAAGGACCACA,3,0.05,0.7,0.25,6
TACCTTAAGGTCGGAT,1,0.05,0.7,0.25,6
TACCTTAAGTTCGATC,3,0.05,0.7,0.25,6
TACCTTAGTAAGGATT,5,0.05,0.7,0.25,6
TACCTTAGTATCGCAT,2,0.05,0.7,0.25,6
TACCTTAGTCCGTGAC,7,0.05,0.7,0.25,6
TACCTTAGTCGCGAAA,8,0.05,0.7,0.25,6
TACCTTAGTGATGTCT,1,0.05,0.7,0.25,6
TACCTTATCACCGGGT,2,0.05,0.7,0.25,6
TACGGATAGCCAACAG,5,0.05,0.7,0.25,6
TACGGATAGGCTCTTA,2,0.05,0.7,0.25,6
TACGGATCAAGACGTG,3,0.05,0.7,0.25,6
TACGGATCAGGTCCAC,6,0.05,0.7,0.25,6
TACGGATCATTCCTCG,2,0.05,0.7,0.25,6
TACGGATGTATCTGCA,4,0.05,0.7,0.25,6
TACGGATGTTGTCTTT,2,0.05,0.7,0.25,6
TACGGATTCATCGATG,1,0.05,0.7,0.25,6
TACGGGCAGTACCGGA,3,0.05,0.7,0.25,6
TACGGGCCATCACGAT,4,0.05,0.7,0.25,6
TACGGGCGTATTACCG,6,0.05,0.7,0.25,6
TACGGGCGTCTCTTAT,2,0.05,0.7,0.25,6
TACGGGCTCACTTCAT,4,0.05,0.7,0.25,6
TACGGGCTCAGCCTAA,3,0.05,0.7,0.25,6
TACGGTAAGGTAAACT,2,0.05,0.7,0.25,6
TACGGTAAGTCGAGTG,1,0.05,0.7,0.25,6
TACGGTACACCATGTA,1000,0.05,0.7,0.25,6
TACGGTACACCGATAT,3,0.05,0.7,0.25,6
TACGGTAGTACCGCTG,8,0.05,0.7,0.25,6
TACTCATAGAGTGAGA,8,0.05,0.7,0.25,6
TACTCATAGCCACGCT,8,0.05,0.7,0.25,6
TACTCATAGCCGCCTA,1,0.05,0.7,0.25,6
TACTCATCAAATCCGT,5,0.05,0.7,0.25,6
TACTCATCAAGCCATT,4,0.05,0.7,0.25,6
TACTCATCATCCGTGG,8,0.05,0.7,0.25,6
TACTCATGTCAGATAA,4,0.05,0.7,0.25,6
TACTCATGTGACAAAT,1000,0.05,0.7,0.25,6
TACTCATTCAGCTGGC,1,0.05,0.7,0.25,6
TACTCATTCTTACCTA,4,0.05,0.7,0.25,6
TACTCGCAGACCCACC,1,0.05,0.7,0.25,6
TACTCGCAGGGTTTCT,3,0.05,0.7,0.25,6
TACTCGCCACCGATAT,1,0.05,0.7,0.25,6
TACTCGCCATACTACG,5,0.05,0.7,0.25,6
TACTCGCCATGAACCT,1000,0.05,0.7,0.25,6
TACTCGCGTACAAGTA,3,0.05,0.7,0.25,6
TACTCGCGTAGGCATG,1000,0.05,0.7,0.25,6
TACTCGCGTCGTTGTA,1,0.05,0.7,0.25,6
TACTCGCGTCTCAACA,8,0.05,0.7,0.25,6
TACTCGCTCAGCTCGG,8,0.05,0.7,0.25,6
TACTCGCTCCGTCATC,1000,0.05,0.7,0.25,6
TACTCGCTCTGGAGCC,7,0.05,0.7,0.25,6
TACTCGCTCTGGCGAC,2,0.05,0.7,0.25,6
TACTTACAGACTCGGA,1,0.05,0.7,0.25,6
TACTTACAGATCGGGT,4,0.05,0.7,0.25,6
TACTTACCAAGCGATG,3,0.05,0.7,0.25,6
TACTTACCAAGCGTAG,3,0.05,0.7,0.25,6
TACTTACGTCTCATCC,5,0.05,0.7,0.25,6
TACTTACGTGGCTCCA,2,0.05,0.7,0.25,6
TACTTACGTTATCACG,3,0.05,0.7,0.25,6
TACTTACGTTCAGGCC,8,0.05,0.7,0.25,6
TACTTACTCAGAAATG,4,0.05,0.7,0.25,6
TACTTACTCCAAATGC,5,0.05,0.7,0.25,6
TACTTACTCCAACCAA,2,0.05,0.7,0.25,6
TACTTACTCCTCAATT,8,0.05,0.7,0.25,6
TACTTGTAGAAGGCCT,4,0.05,0.7,0.25,6
TACTTGTAGGTAAACT,8,0.05,0.7,0.25,6
TACTTGTAGGTGATAT,7,0.05,0.7,0.25,6
TACTTGTAGTCGTTTG,1,0.05,0.7,0.25,6
TACTTGTGTCACTTCC,3,0.05,0.7,0.25,6
TACTTGTGTGGGTCAA,3,0.05,0.7,0.25,6
TACTTGTTCTCACATT,3,0.05,0.7,0.25,6
TAGACCAAGACCTTTG,3,0.05,0.7,0.25,6
TAGACCAAGCGTGAAC,1000,0.05,0.7,0.25,6
TAGACCAAGCTATGCT,7,0.05,0.7,0.25,6
TAGACCAAGTACATGA,8,0.05,0.7,0.25,6
TAGACCACACCAGCAC,3,0.05,0.7,0.25,6
TAGACCACACCAGGTC,8,0.05,0.7,0.25,6
TAGACCACACTACAGT,7,0.05,0.7,0.25,6
TAGACCACATCCTAGA,8,0.05,0.7,0.25,6
TAGACCAGTAAAGTCA,8,0.05,0.7,0.25,6
TAGACCAGTCACTTCC,4,0.05,0.7,0.25,6
TAGACCAGTTCCTCCA,6,0.05,0.7,0.25,6
TAGACCATCAAACCAC,1,0.05,0.7,0.25,6
TAGACCATCACTATTC,7,0.05,0.7,0.25,6
TAGACCATCACTTCAT,5,0.05,0.7,0.25,6
TAGAGCTAGCAATCTC,8,0.05,0.7,0.25,6
TAGAGCTAGCGTGAAC,1,0.05,0.7,0.25,6
TAGAGCTAGTAACCCT,8,0.05,0.7,0.25,6
TAGAGCTAGTGAATTG,8,0.05,0.7,0.25,6
TAGAGCTAGTTAGGTA,5,0.05,0.7,0.25,6
TAGAGCTCAAACAACA,3,0.05,0.7,0.25,6
TAGAGCTCACGGCGTT,4,0.05,0.7,0.25,6
TAGAGCTCAGGAATCG,7,0.05,0.7,0.25,6
TAGAGCTCAGGTCCAC,2,0.05,0.7,0.25,6
TAGAGCTCATTTGCCC,3,0.05,0.7,0.25,6
TAGAGCTGTCGCGTGT,4,0.05,0.7,0.25,6
TAGAGCTGTGTGAAAT,2,0.05,0.7,0.25,6
TAGCCGGAGAGACTAT,2,0.05,0.7,0.25,6
TAGCCGGAGCACCGCT,8,0.05,0.7,0.25,6
TAGCCGGCAAAGTGCG,3,0.05,0.7,0.25,6
TAGCCGGCAGCTGTGC,1,0.05,0.7,0.25,6
TAGCCGGGTGCCTTGG,3,0.05,0.7,0.25,6
TAGCCGGGTTCCTCCA,8,0.05,0.7,0.25,6
TAGCCGGTCGCATGAT,3,0.05,0.7,0.25,6
TAGGCATAGACTAGGC,4,0.05,0.7,0.25,6
TAGGCATAGAGGTACC,6,0.05,0.7,0.25,6
TAGGCATAGCTTCGCG,7,0.05,0.7,0.25,6
TAGGCATAGGCAAAGA,1,0.05,0.7,0.25,6
TAGGCATAGTAACCCT,6,0.05,0.7,0.25,6
TAGGCATAGTGAATTG,1000,0.05,0.7,0.25,6
TAGGCATCAAGCGCTC,1,0.05,0.7,0.25,6
TAGGCATCAGACAAAT,1000,0.05,0.7,0.25,6
TAGGCATCAGCTGCAC,1000,0.05,0.7,0.25,6
TAGGCATCATAGGATA,5,0.05,0.7,0.25,6
TAGGCATGTAAGGGAA,7,0.05,0.7,0.25,6
TAGGCATGTAAGTGTA,2,0.05,0.7,0.25,6
TAGGCATTCATTTGGG,6,0.05,0.7,0.25,6
TAGGCATTCGCATGAT,1,0.05,0.7,0.25,6
TAGTGGTAGAGGTTAT,1,0.05,0.7,0.25,6
TAGTGGTAGGGCACTA,7,0.05,0.7,0.25,6
TAGTGGTAGTCCCACG,3,0.05,0.7,0.25,6
TAGTGGTCAAGCGTAG,2,0.05,0.7,0.25,6
TAGTGGTCACACCGAC,1000,0.05,0.7,0.25,6
TAGTGGTCACAGACAG,8,0.05,0.7,0.25,6
TAGTGGTCACTTCGAA,4,0.05,0.7,0.25,6
TAGTGGTCAGCCTTGG,1000,0.05,0.7,0.25,6
TAGTGGTCAGTCGATT,7,0.05,0.7,0.25,6
TAGTGGTCATTGGTAC,1000,0.05,0.7,0.25,6
TAGTGGTGTCTAACGT,3,0.05,0.7,0.25,6
TAGTGGTGTGACGCCT,2,0.05,0.7,0.25,6
TAGTGGTGTTACTGAC,2,0.05,0.7,0.25,6
TAGTGGTTCACTTACT,6,0.05,0.7,0.25,6
TAGTGGTTCATCTGCC,4,0.05,0.7,0.25,6
TAGTGGTTCGGTTAAC,8,0.05,0.7,0.25,6
TAGTGGTTCTACCAGA,6,0.05,0.7,0.25,6
TAGTTGGCAATGTAAG,1000,0.05,0.7,0.25,6
TAGTTGGGTGCCTGCA,8,0.05,0.7,0.25,6
TAGTTGGGTGTAAGTA,7,0.05,0.7,0.25,6
TAGTTGGGTTGTACAC,7,0.05,0.7,0.25,6
TAGTTGGTCAAACAAG,4,0.05,0.7,0.25,6
TATCAGGAGCCATCGC,1,0.05,0.7,0.25,6
TATCAGGAGCTAGGCA,1000,0.05,0.7,0.25,6
TATCAGGAGGAGTAGA,7,0.05,0.7,0.25,6
TATCAGGAGGCGACAT,6,0.05,0.7,0.25,6
TATCAGGAGTAGATGT,3,0.05,0.7,0.25,6
TATCAGGCAATGGTCT,1,0.05,0.7,0.25,6
TATCAGGCACAGGCCT,2,0.05,0.7,0.25,6
TATCAGGCAGCTGTTA,2,0.05,0.7,0.25,6
TATCAGGCATATACCG,1,0.05,0.7,0.25,6
TATCAGGCATGTCGAT,3,0.05,0.7,0.25,6
TATCAGGGTAGCGATG,3,0.05,0.7,0.25,6
TATCAGGGTATCTGCA,3,0.05,0.7,0.25,6
TATCAGGGTCCTCCAT,8,0.05,0.7,0.25,6
TATCAGGGTGTGGCTC,1000,0.05,0.7,0.25,6
TATCAGGTCAGCCTAA,7,0.05,0.7,0.25,6
TATCAGGTCCTTTACA,1,0.05,0.7,0.25,6
TATCAGGTCGCCATAA,0,0.05,0.7,0.25,6
TATCAGGTCTTTAGGG,8,0.05,0.7,0.25,6
TATCTCACAGCGTCCA,7,0.05,0.7,0.25,6
TATCTCACAGTCAGCC,6,0.05,0.7,0.25,6
TATCTCACAGTGGAGT,3,0.05,0.7,0.25,6
TATCTCAGTAGATTAG,8,0.05,0.7,0.25,6
TATCTCAGTATATGGA,2,0.05,0.7,0.25,6
TATCTCAGTCCGTTAA,7,0.05,0.7,0.25,6
TATCTCATCATCGATG,2,0.05,0.7,0.25,6
TATCTCATCTAGAGTC,3,0.05,0.7,0.25,6
TATCTCATCTATCCCG,1,0.05,0.7,0.25,6
TATGCCCAGCTGCGAA,6,0.05,0.7,0.25,6
TATGCCCAGGGCTTCC,8,0.05,0.7,0.25,6
TATGCCCAGTACCGGA,3,0.05,0.7,0.25,6
TATGCCCAGTTCGATC,1,0.05,0.7,0.25,6
TATGCCCCAAGACACG,2,0.05,0.7,0.25,6
TATGCCCCATTACGAC,1,0.05,0.7,0.25,6
TATGCCCGTCAACTGT,6,0.05,0.7,0.25,6
TATGCCCGTCCGAACC,4,0.05,0.7,0.25,6
TATGCCCTCACCTCGT,4,0.05,0.7,0.25,6
TATGCCCTCATGCAAC,3,0.05,0.7,0.25,6
TATGCCCTCTTAACCT,6,0.05,0.7,0.25,6
TATTACCAGGGATACC,3,0.05,0.7,0.25,6
TATTACCCAGCGTCCA,3,0.05,0.7,0.25,6
TATTACCCAGGTGGAT,3,0.05,0.7,0.25,6
TATTACCGTCAACTGT,8,0.05,0.7,0.25,6
TATTACCGTTACGTCA,3,0.05,0.7,0.25,6
TATTACCGTTCATGGT,6,0.05,0.7,0.25,6
TATTACCTCACCAGGC,2,0.05,0.7,0.25,6
TATTACCTCCGGCACA,2,0.05,0.7,0.25,6
TCAACGAAGAACTCGG,7,0.05,0.7,0.25,6
TCAACGAAGGTCATCT,3,0.05,0.7,0.25,6
TCAACGAAGTGTGAAT,3,0.05,0.7,0.25,6
TCAACGAAGTTCCACA,6,0.05,0.7,0.25,6
TCAACGACAACGCACC,2,0.05,0.7,0.25,6
TCAACGACAATAGCGG,7,0.05,0.7,0.25,6
TCAACGACAGTAAGCG,4,0.05,0.7,0.25,6
TCAACGAGTCAGAATA,3,0.05,0.7,0.25,6
TCAACGAGTCTCATCC,1,0.05,0.7,0.25,6
TCAACGAGTGGTGTAG,4,0.05,0.7,0.25,6
TCAACGAGTTTCGCTC,1,0.05,0.7,0.25,6
TCAACGATCACCGGGT,5,0.05,0.7,0.25,6
TCAACGATCGCAAGCC,1,0.05,0.7,0.25,6
TCAACGATCTACTTAC,1,0.05,0.7,0.25,6
TCAATCTCACTAGTAC,3,0.05,0.7,0.25,6
TCAATCTGTTATCCGA,1000,0.05,0.7,0.25,6
TCAATCTGTTCAGTAC,4,0.05,0.7,0.25,6
TCAATCTGTTTGCATG,8,0.05,0.7,0.25,6
TCAATCTTCCCACTTG,7,0.05,0.7,0.25,6
TCAATCTTCGAGAACG,1000,0.05,0.7,0.25,6
TCAATCTTCTCGAGTA,3,0.05,0.7,0.25,6
TCAATCTTCTCTTGAT,1000,0.05,0.7,0.25,6
TCACAAGAGAAGGGTA,8,0.05,0.7,0.25,6
TCACAAGAGACTTTCG,4,0.05,0.7,0.25,6
TCACAAGAGATGGGTC,2,0.05,0.7,0.25,6
TCACAAGAGGTCGGAT,4,0.05,0.7,0.25,6
TCACAAGCAATCTACG,3,0.05,0.7,0.25,6
TCACAAGCACGGCCAT,5,0.05,0.7,0.25,6
TCACAAGCACGGCGTT,5,0.05,0.7,0.25,6
TCACAAGCATGGAATA,8,0.05,0.7,0.25,6
TCACAAGCATGTCTCC,4,0.05,0.7,0.25,6
TCACAAGGTACAGTGG,7,0.05,0.7,0.25,6
TCACAAGGTCTTCGTC,5,0.05,0.7,0.25,6
TCACAAGTCATTGCGA,8,0.05,0.7,0.25,6
TCACAAGTCCGCATCT,0,0.05,0.7,0.25,6
TCACGAAAGAGATGAG,1000,0.05,0.7,0.25,6
TCACGAAAGCCACTAT,1000,0.05,0.7,0.25,6
TCACGAACAAAGGAAG,1,0.05,0.7,0.25,6
TCACGAACATTCCTGC,1,0.05,0.7,0.25,6
TCACGAATCACCTTAT,1,0.05,0.7,0.25,6
TCACGAATCCAAACTG,3,0.05,0.7,0.25,6
TCAGATGAGTCAAGGC,7,0.05,0.7,0.25,6
TCAGATGCAAATCCGT,4,0.05,0.7,0.25,6
TCAGATGCAAGCCGTC,4,0.05,0.7,0.25,6
TCAGATGCAATGCCAT,6,0.05,0.7,0.25,6
TCAGATGCACTAAGTC,1000,0.05,0.7,0.25,6
TCAGATGCAGACTCGC,3,0.05,0.7,0.25,6
TCAGATGCAGATCTGT,8,0.05,0.7,0.25,6
TCAGATGGTTCATGGT,8,0.05,0.7,0.25,6
TCAGATGTCGGTCTAA,1,0.05,0.7,0.25,6
TCAGATGTCGTAGATC,7,0.05,0.7,0.25,6
TCAGATGTCTGGGCCA,6,0.05,0.7,0.25,6
TCAGATGTCTGTCTAT,1,0.05,0.7,0.25,6
TCAGATGTCTGTCTCG,3,0.05,0.7,0.25,6
TCAGCAAAGAACAACT,5,0.05,0.7,0.25,6
TCAGCAAAGCCTATGT,2,0.05,0.7,0.25,6
TCAGCAAAGGAACTGC,4,0.05,0.7,0.25,6
TCAGCAAAGGTGGGTT,2,0.05,0.7,0.25,6
TCAGCAAAGTTCGCGC,8,0.05,0.7,0.25,6
TCAGCAACATCGGAAG,7,0.05,0.7,0.25,6
TCAGCAAGTTACGACT,1,0.05,0.7,0.25,6
TCAGCAATCGGACAAG,8,0.05,0.7,0.25,6
TCAGCAATCTCAAGTG,3,0.05,0.7,0.25,6
TCAGCAATCTGAAAGA,8,0.05,0.7,0.25,6
TCAGCAATCTGTCAAG,1,0.05,0.7,0.25,6
TCAGCTCAGACCTAGG,4,0.05,0.7,0.25,6
TCAGCTCAGACGCAAC,2,0.05,0.7,0.25,6
TCAGCTCAGCGACGTA,7,0.05,0.7,0.25,6
TCAGCTCAGTACCGGA,4,0.05,0.7,0.25,6
TCAGCTCCACATCTTT,8,0.05,0.7,0.25,6
TCAGCTCGTAAGTTCC,8,0.05,0.7,0.25,6
TCAGCTCGTAGCTTGT,1,0.05,0.7,0.25,6
TCAGCTCGTCTGCGGT,3,0.05,0.7,0.25,6
TCAGCTCTCTGCTGCT,1000,0.05,0.7,0.25,6
TCAGCTCTCTTCCTTC,1000,0.05,0.7,0.25,6
TCAGGATAGCACACAG,4,0.05,0.7,0.25,6
TCAGGATAGTCCAGGA,2,0.05,0.7,0.25,6
TCAGGATAGTGCAAGC,4,0.05,0.7,0.25,6
TCAGGATCAGTTCCCT,2,0.05,0.7,0.25,6
TCAGGATGTATTCGTG,1,0.05,0.7,0.25,6
TCAGGATGTGTTAAGA,7,0.05,0.7,0.25,6
TCAGGATGTTAGAACA,4,0.05,0.7,0.25,6
TCAGGATGTTGGGACA,5,0.05,0.7,0.25,6
TCAGGATGTTTCCACC,6,0.05,0.7,0.25,6
TCAGGATTCACAGGCC,4,0.05,0.7,0.25,6
TCAGGATTCTTGAGAC,7,0.05,0.7,0.25,6
TCAGGTAAGACTGGGT,7,0.05,0.7,0.25,6
TCAGGTAAGATATACG,2,0.05,0.7,0.25,6
TCAGGTAAGCCACGTC,4,0.05,0.7,0.25,6
TCAGGTAAGCCCGAAA,2,0.05,0.7,0.25,6
TCAGGTATCTTGCATT,8,0.05,0.7,0.25,6
TCATTACAGCTACCTA,1,0.05,0.7,0.25,6
TCATTACAGGATCGCA,8,0.05,0.7,0.25,6
TCATTACCATAGACTC,8,0.05,0.7,0.25,6
TCATTACGTTCGGCAC,6,0.05,0.7,0.25,6
TCATTACTCATGTCCC,5,0.05,0.7,0.25,6
TCATTACTCGCCTGAG,5,0.05,0.7,0.25,6
TCATTACTCTACTATC,1,0.05,0.7,0.25,6
TCATTACTCTTAACCT,6,0.05,0.7,0.25,6
TCATTACTCTTAGCCC,1000,0.05,0.7,0.25,6
TCATTTGAGTGTGAAT,4,0.05,0.7,0.25,6
TCATTTGCAAAGCGGT,1000,0.05,0.7,0.25,6
TCATTTGCAAATTGCC,4,0.05,0.7,0.25,6
TCATTTGCACAACTGT,4,0.05,0.7,0.25,6
TCATTTGCAGGAATGC,3,0.05,0.7,0.25,6
TCATTTGCAGTCCTTC,1,0.05,0.7,0.25,6
TCATTTGGTCTGCAAT,1000,0.05,0.7,0.25,6
TCCACACAGATAGGAG,4,0.05,0.7,0.25,6
TCCACACAGCGATAGC,8,0.05,0.7,0.25,6
TCCACACCAACGATCT,3,0.05,0.7,0.25,6
TCCACACCAATTGCTG,7,0.05,0.7,0.25,6
TCCACACCACACAGAG,7,0.05,0.7,0.25,6
TCCACACCAGGCGATA,1000,0.05,0.7,0.25,6
TCCACACCATGTAGTC,4,0.05,0.7,0.25,6
TCCACACGTAAAGGAG,2,0.05,0.7,0.25,6
TCCACACGTGAAATCA,3,0.05,0.7,0.25,6
TCCACACGTTATCACG,8,0.05,0.7,0.25,6
TCCACACGTTTGCATG,8,0.05,0.7,0.25,6
TCCACACTCACCATAG,2,0.05,0.7,0.25,6
TCCCGATAGGAGTTGC,2,0.05,0.7,0.25,6
TCCCGATAGGAGTTTA,1000,0.05,0.7,0.25,6
TCCCGATAGTCGCCGT,8,0.05,0.7,0.25,6
TCCCGATAGTCGTACT,4,0.05,0.7,0.25,6
TCCCGATCACGGACAA,1000,0.05,0.7,0.25,6
TCCCGATCAGGCTCAC,1000,0.05,0.7,0.25,6
TCCCGATGTCCAAGTT,1000,0.05,0.7,0.25,6
TCCCGATGTCCTCTTG,1,0.05,0.7,0.25,6
TCCCGATGTTGTTTGG,7,0.05,0.7,0.25,6
TCCCGATTCCACGACG,2,0.05,0.7,0.25,6
TCCCGATTCGTTTGCC,4,0.05,0.7,0.25,6
TCGAGGCAGCACCGCT,8,0.05,0.7,0.25,6
TCGAGGCAGGCGTACA,1,0.05,0.7,0.25,6
TCGAGGCAGGTGCAAC,6,0.05,0.7,0.25,6
TCGAGGCAGTGTTTGC,1,0.05,0.7,0.25,6
TCGAGGCCAAGCGAGT,6,0.05,0.7,0.25,6
TCGAGGCCAATCTACG,7,0.05,0.7,0.25,6
TCGAGGCCAGGGTTAG,7,0.05,0.7,0.25,6
TCGAGGCGTCGAGATG,7,0.05,0.7,0.25,6
TCGAGGCGTCGCGTGT,8,0.05,0.7,0.25,6
TCGAGGCTCACTTCAT,1000,0.05,0.7,0.25,6
TCGAGGCTCCGTCATC,1,0.05,0.7,0.25,6
TCGAGGCTCGAGCCCA,3,0.05,0.7,0.25,6
TCGAGGCTCTTCATGT,3,0.05,0.7,0.25,6
TCGCGAGAGCACCGCT,7,0.05,0.7,0.25,6
TCGCGAGAGCAGCCTC,4,0.05,0.7,0.25,6
TCGCGAGAGCGTTGCC,2,0.05,0.7,0.25,6
TCGCGAGCAGTATCTG,5,0.05,0.7,0.25,6
TCGCGAGGTCGAATCT,5,0.05,0.7,0.25,6
TCGCGAGTCTGTACGA,7,0.05,0.7,0.25,6
TCGCGTTAGCCGTCGT,3,0.05,0.7,0.25,6
TCGCGTTAGCTGTTCA,5,0.05,0.7,0.25,6
TCGCGTTAGGAGTTGC,3,0.05,0.7,0.25,6
TCGCGTTCAAAGGAAG,8,0.05,0.7,0.25,6
TCGCGTTCAATGACCT,6,0.05,0.7,0.25,6
TCGCGTTCACAGCCCA,1,0.05,0.7,0.25,6
TCGCGTTCATAGTAAG,7,0.05,0.7,0.25,6
TCGCGTTGTAGCAAAT,1,0.05,0.7,0.25,6
TCGCGTTGTAGCTTGT,6,0.05,0.7,0.25,6
TCGCGTTGTGTGTGCC,4,0.05,0.7,0.25,6
TCGCGTTTCCCTTGTG,8,0.05,0.7,0.25,6
TCGGGACAGGAGTACC,1000,0.05,0.7,0.25,6
TCGGGACAGTCAAGCG,3,0.05,0.7,0.25,6
TCGGGACCACACATGT,1,0.05,0.7,0.25,6
TCGGGACCAGCCAATT,7,0.05,0.7,0.25,6
TCGGGACGTAAGTGTA,8,0.05,0.7,0.25,6
TCGGGACGTCCAAGTT,4,0.05,0.7,0.25,6
TCGGGACGTCCGAACC,3,0.05,0.7,0.25,6
TCGGGACGTCGAAAGC,3,0.05,0.7,0.25,6
TCGGGACTCATCATTC,1,0.05,0.7,0.25,6
TCGGGACTCCATGAGT,8,0.05,0.7,0.25,6
TCGGGACTCTAACTTC,1,0.05,0.7,0.25,6
TCGGGACTCTCGTTTA,8,0.05,0.7,0.25,6
TCGGGACTCTGTTTGT,7,0.05,0.7,0.25,6
TCGGTAAAGATCCCAT,1,0.05,0.7,0.25,6
TCGGTAAAGTCTCGGC,8,0.05,0.7,0.25,6
TCGGTAACACGTAAGG,1,0.05,0.7,0.25,6
TCGGTAACATACTCTT,8,0.05,0.7,0.25,6
TCGGTAACATGAGCGA,2,0.05,0.7,0.25,6
TCGGTAACATGGTCTA,5,0.05,0.7,0.25,6
TCGGTAACATTTCACT,5,0.05,0.7,0.25,6
TCGGTAAGTCGCTTCT,7,0.05,0.7,0.25,6
TCGGTAAGTGTAACGG,6,0.05,0.7,0.25,6
TCGGTAATCACGACTA,7,0.05,0.7,0.25,6
TCGGTAATCCCGGATG,8,0.05,0.7,0.25,6
TCGGTAATCCGAGCCA,8,0.05,0.7,0.25,6
TCGGTAATCGGCGCTA,7,0.05,0.7,0.25,6
TCGGTAATCGTCTGAA,7,0.05,0.7,0.25,6
TCGGTAATCTAGAGTC,6,0.05,0.7,0.25,6
TCGTACCAGATAGGAG,4,0.05,0.7,0.25,6
TCGTACCAGTAATCCC,7,0.05,0.7,0.25,6
TCGTACCCATTACCTT,7,0.05,0.7,0.25,6
TCGTACCGTAGAGGAA,8,0.05,0.7,0.25,6
TCGTACCGTATAGTAG,3,0.05,0.7,0.25,6
TCGTACCGTGTGAATA,5,0.05,0.7,0.25,6
TCGTACCGTTCTGTTT,3,0.05,0.7,0.25,6
TCGTACCTCAATACCG,8,0.05,0.7,0.25,6
TCGTACCTCAATCACG,1,0.05,0.7,0.25,6
TCGTACCTCAGCATGT,7,0.05,0.7,0.25,6
TCGTACCTCGCCTGAG,1,0.05,0.7,0.25,6
TCGTACCTCGGTGTTA,4,0.05,0.7,0.25,6
TCGTACCTCGTTACGA,3,0.05,0.7,0.25,6
TCGTAGAAGCTACCTA,3,0.05,0.7,0.25,6
TCGTAGAAGGCTAGGT,7,0.05,0.7,0.25,6
TCGTAGAAGTCAATAG,8,0.05,0.7,0.25,6
TCGTAGAAGTGAACGC,6,0.05,0.7,0.25,6
TCGTAGAAGTGACATA,1,0.05,0.7,0.25,6
TCGTAGACAAGGACTG,1000,0.05,0.7,0.25,6
TCGTAGACACAAGACG,4,0.05,0.7,0.25,6
TCGTAGACAGACGCAA,4,0.05,0.7,0.25,6
TCGTAGACAGTTTACG,3,0.05,0.7,0.25,6
TCGTAGACATGGAATA,4,0.05,0.7,0.25,6
TCGTAGAGTACCATCA,8,0.05,0.7,0.25,6
TCGTAGATCAGGCGAA,3,0.05,0.7,0.25,6
TCGTAGATCCATGAAC,8,0.05,0.7,0.25,6
TCGTAGATCCCAGGTG,3,0.05,0.7,0.25,6
TCGTAGATCTAACTGG,7,0.05,0.7,0.25,6
TCGTAGATCTATGTGG,8,0.05,0.7,0.25,6
TCGTAGATCTTGTCAT,7,0.05,0.7,0.25,6
TCTATTGAGAAGGTGA,7,0.05,0.7,0.25,6
TCTATTGAGAGTACCG,1,0.05,0.7,0.25,6
TCTATTGAGCAAATCA,3,0.05,0.7,0.25,6
TCTATTGAGGCGACAT,4,0.05,0.7,0.25,6
TCTATTGAGTCAAGCG,8,0.05,0.7,0.25,6
TCTATTGCAACGATGG,1,0.05,0.7,0.25,6
TCTATTGCACCAGATT,2,0.05,0.7,0.25,6
TCTATTGCACTATCTT,8,0.05,0.7,0.25,6
TCTATTGGTACACCGC,1000,0.05,0.7,0.25,6
TCTATTGGTCCTCTTG,1,0.05,0.7,0.25,6
TCTATTGGTCGAGATG,8,0.05,0.7,0.25,6
TCTATTGTCAAACAAG,8,0.05,0.7,0.25,6
TCTATTGTCAGAGGTG,1,0.05,0.7,0.25,6
TCTATTGTCGAACTGT,2,0.05,0.7,0.25,6
TCTATTGTCTGGCGAC,1000,0.05,0.7,0.25,6
TCTCATAAGAACTGTA,1,0.05,0.7,0.25,6
TCTCATAAGAAGGTTT,4,0.05,0.7,0.25,6
TCTCATAAGACCTAGG,7,0.05,0.7,0.25,6
TCTCATAAGCTGCGAA,4,0.05,0.7,0.25,6
TCTCATAAGTGCGATG,8,0.05,0.7,0.25,6
TCTCATAGTGCCTGTG,3,0.05,0.7,0.25,6
TCTCATAGTTCAGGCC,1,0.05,0.7,0.25,6
TCTCATATCCGGCACA,3,0.05,0.7,0.25,6
TCTCTAAAGATACACA,2,0.05,0.7,0.25,6
TCTCTAAGTTGCTCCT,7,0.05,0.7,0.25,6
TCTGAGAAGCTAACTC,3,0.05,0.7,0.25,6
TCTGAGAAGGATGGTC,3,0.05,0.7,0.25,6
TCTGAGAAGGGCTTCC,3,0.05,0.7,0.25,6
TCTGAGAAGTGTTTGC,5,0.05,0.7,0.25,6
TCTGAGACAGTAAGAT,3,0.05,0.7,0.25,6
TCTGAGACAGTATCTG,1,0.05,0.7,0.25,6
TCTGAGAGTGCAACGA,8,0.05,0.7,0.25,6
TCTGAGATCCTCCTAG,7,0.05,0.7,0.25,6
TCTGAGATCGGTTAAC,7,0.05,0.7,0.25,6
TCTGAGATCTACTCAT,7,0.05,0.7,0.25,6
TCTGAGATCTTCGGTC,1,0.05,0.7,0.25,6
TCTGGAAAGACTACAA,4,0.05,0.7,0.25,6
TCTGGAAAGAGACTAT,3,0.05,0.7,0.25,6
TCTGGAAAGTGAAGAG,4,0.05,0.7,0.25,6
TCTGGAAAGTGAAGTT,3,0.05,0.7,0.25,6
TCTGGAACACAACGCC,8,0.05,0.7,0.25,6
TCTGGAACAGTACACT,1000,0.05,0.7,0.25,6
TCTGGAAGTAGCGTCC,1,0.05,0.7,0.25,6
TCTGGAAGTCCCTTGT,7,0.05,0.7,0.25,6
TCTGGAAGTGACGCCT,8,0.05,0.7,0.25,6
TCTGGAAGTGGTTTCA,1000,0.05,0.7,0.25,6
TCTGGAATCCTGCAGG,3,0.05,0.7,0.25,6
TCTTCGGAGACGCAAC,6,0.05,0.7,0.25,6
TCTTCGGAGAGACGAA,8,0.05,0.7,0.25,6
TCTTCGGAGATCACGG,5,0.05,0.7,0.25,6
TCTTCGGAGCCAGTTT,8,0.05,0.7,0.25,6
TCTTCGGAGCGATAGC,2,0.05,0.7,0.25,6
TCTTCGGAGTCCAGGA,1,0.05,0.7,0.25,6
TCTTCGGAGTCCATAC,8,0.05,0.7,0.25,6
TCTTCGGCAACAACCT,2,0.05,0.7,0.25,6
TCTTCGGCAATCACAC,7,0.05,0.7,0.25,6
TCTTCGGCAGGTCGTC,7,0.05,0.7,0.25,6
TCTTCGGCATGCCCGA,8,0.05,0.7,0.25,6
TCTTCGGGTCAAAGCG,4,0.05,0.7,0.25,6
TCTTCGGGTCGAAAGC,2,0.05,0.7,0.25,6
TCTTCGGGTCTAGTGT,1,0.05,0.7,0.25,6
TCTTCGGGTGCCTTGG,8,0.05,0.7,0.25,6
TCTTCGGGTTCGAATC,3,0.05,0.7,0.25,6
TCTTCGGTCCAATGGT,2,0.05,0.7,0.25,6
TCTTCGGTCCCTCAGT,5,0.05,0.7,0.25,6
TCTTTCCCACTGTTAG,1000,0.05,0.7,0.25,6
TCTTTCCCAGATCGGA,4,0.05,0.7,0.25,6
TCTTTCCGTGATAAAC,5,0.05,0.7,0.25,6
TCTTTCCTCAAACCGT,2,0.05,0.7,0.25,6
TCTTTCCTCACCTTAT,3,0.05,0.7,0.25,6
TCTTTCCTCAGAGACG,4,0.05,0.7,0.25,6
TCTTTCCTCCGTCATC,6,0.05,0.7,0.25,6
TCTTTCCTCTCGTTTA,7,0.05,0.7,0.25,6
TCTTTCCTCTCTTGAT,4,0.05,0.7,0.25,6
TCTTTCCTCTTCGGTC,4,0.05,0.7,0.25,6
TCTTTCCTCTTTAGGG,1000,0.05,0.7,0.25,6
TGAAAGAAGCATGGCA,4,0.05,0.7,0.25,6
TGAAAGAAGCTCAACT,1000,0.05,0.7,0.25,6
TGAAAGAAGTAGCGGT,7,0.05,0.7,0.25,6
TGAAAGAAGTGGTAGC,5,0.05,0.7,0.25,6
TGAAAGACATGTTGAC,6,0.05,0.7,0.25,6
TGAAAGAGTGCAACTT,5,0.05,0.7,0.25,6
TGAAAGAGTTCGTGAT,4,0.05,0.7,0.25,6
TGAAAGATCATAAAGG,5,0.05,0.7,0.25,6
TGAAAGATCCCAAGAT,1000,0.05,0.7,0.25,6
TGAAAGATCGGTCTAA,5,0.05,0.7,0.25,6
TGACAACAGAGGTAGA,1000,0.05,0.7,0.25,6
TGACAACAGCTAGTCT,8,0.05,0.7,0.25,6
TGACAACAGGGTGTTG,1000,0.05,0.7,0.25,6
TGACAACAGTGCGATG,7,0.05,0.7,0.25,6
TGACAACAGTTACCCA,4,0.05,0.7,0.25,6
TGACAACCACTCAGGC,1,0.05,0.7,0.25,6
TGACAACCATCGATGT,3,0.05,0.7,0.25,6
TGACAACGTGCGGTAA,3,0.05,0.7,0.25,6
TGACAACGTTCGTGAT,1,0.05,0.7,0.25,6
TGACGGCAGTGCAAGC,4,0.05,0.7,0.25,6
TGACGGCAGTGTACTC,4,0.05,0.7,0.25,6
TGACGGCGTCACACGC,4,0.05,0.7,0.25,6
TGACGGCGTCAGCTAT,4,0.05,0.7,0.25,6
TGACGGCGTCCGTTAA,8,0.05,0.7,0.25,6
TGACGGCGTGGCTCCA,1,0.05,0.7,0.25,6
TGACGGCGTTATTCTC,3,0.05,0.7,0.25,6
TGACGGCGTTTGACAC,1,0.05,0.7,0.25,6
TGACGGCTCGCCGTGA,1000,0.05,0.7,0.25,6
TGACGGCTCTCCAGGG,6,0.05,0.7,0.25,6
TGACGGCTCTCGTTTA,7,0.05,0.7,0.25,6
TGACGGCTCTTGACGA,7,0.05,0.7,0.25,6
TGACGGCTCTTTAGTC,7,0.05,0.7,0.25,6
TGACTAGAGCACGCCT,8,0.05,0.7,0.25,6
TGACTAGCAAGCGATG,7,0.05,0.7,0.25,6
TGACTAGCAAGTCTGT,7,0.05,0.7,0.25,6
TGACTAGCACCTTGTC,5,0.05,0.7,0.25,6
TGACTAGGTGCGATAG,4,0.05,0.7,0.25,6
TGACTAGTCCCTTGCA,6,0.05,0.7,0.25,6
TGACTAGTCGTAGGAG,3,0.05,0.7,0.25,6
TGACTAGTCTGACCTC,4,0.05,0.7,0.25,6
TGACTAGTCTTGTACT,3,0.05,0.7,0.25,6
TGACTTTAGGTGTGGT,8,0.05,0.7,0.25,6
TGACTTTAGTTGTCGT,4,0.05,0.7,0.25,6
TGACTTTCAAACCTAC,3,0.05,0.7,0.25,6
TGACTTTCATACTACG,4,0.05,0.7,0.25,6
TGACTTTCATAGACTC,7,0.05,0.7,0.25,6
TGACTTTCATTATCTC,3,0.05,0.7,0.25,6
TGACTTTGTCGACTAT,8,0.05,0.7,0.25,6
TGACTTTGTCTCTCTG,1,0.05,0.7,0.25,6
TGACTTTGTGAGGCTA,4,0.05,0.7,0.25,6
TGACTTTGTGCGGTAA,6,0.05,0.7,0.25,6
TGACTTTTCACCACCT,6,0.05,0.7,0.25,6
TGACTTTTCATCTGCC,8,0.05,0.7,0.25,6
TGACTTTTCATTCACT,5,0.05,0.7,0.25,6
TGAGAGGAGATATGCA,8,0.05,0.7,0.25,6
TGAGAGGAGCCGATTT,1000,0.05,0.7,0.25,6
TGAGAGGAGGTCGGAT,8,0.05,0.7,0.25,6
TGAGAGGAGTAGCGGT,1,0.05,0.7,0.25,6
TGAGAGGAGTCTTGCA,1000,0.05,0.7,0.25,6
TGAGAGGCACGTTGGC,3,0.05,0.7,0.25,6
TGAGAGGCAGGTCCAC,8,0.05,0.7,0.25,6
TGAGAGGGTAGGCATG,1,0.05,0.7,0.25,6
TGAGAGGGTCTCCACT,8,0.05,0.7,0.25,6
TGAGAGGGTTCGTGAT,8,0.05,0.7,0.25,6
TGAGAGGTCAGGTTCA,2,0.05,0.7,0.25,6
TGAGAGGTCCACGTTC,1,0.05,0.7,0.25,6
TGAGAGGTCTGTTGAG,4,0.05,0.7,0.25,6
TGAGCATAGAAGATTC,2,0.05,0.7,0.25,6
TGAGCATCAATTCCTT,6,0.05,0.7,0.25,6
TGAGCATCAGCATGAG,4,0.05,0.7,0.25,6
TGAGCATCATCCTTGC,7,0.05,0.7,0.25,6
TGAGCATGTGAACCTT,1,0.05,0.7,0.25,6
TGAGCATGTGCAACTT,5,0.05,0.7,0.25,6
TGAGCATTCACGAAGG,1000,0.05,0.7,0.25,6
TGAGCCGCAATACGCT,4,0.05,0.7,0.25,6
TGAGCCGCAGTGGGAT,2,0.05,0.7,0.25,6
TGAGCCGCATAGTAAG,3,0.05,0.7,0.25,6
TGAGCCGGTACCAGTT,1,0.05,0.7,0.25,6
TGAGCCGGTCCGTCAG,5,0.05,0.7,0.25,6
TGAGCCGGTCTTTCAT,7,0.05,0.7,0.25,6
TGAGCCGGTTCCCGAG,4,0.05,0.7,0.25,6
TGAGCCGTCAATAAGG,1,0.05,0.7,0.25,6
TGAGCCGTCGCGCCAA,6,0.05,0.7,0.25,6
TGAGGGAAGAGATGAG,8,0.05,0.7,0.25,6
TGAGGGAAGTACGATA,3,0.05,0.7,0.25,6
TGAGGGAAGTGTACCT,7,0.05,0.7,0.25,6
TGAGGGACAAGTAGTA,4,0.05,0.7,0.25,6
TGAGGGACAGCCACCA,7,0.05,0.7,0.25,6
TGAGGGACATCAGTCA,7,0.05,0.7,0.25,6
TGAGGGAGTACCGTTA,7,0.05,0.7,0.25,6
TGAGGGAGTGCATCTA,5,0.05,0.7,0.25,6
TGAGGGAGTTCGGGCT,7,0.05,0.7,0.25,6
TGAGGGAGTTTGGCGC,5,0.05,0.7,0.25,6
TGAGGGATCACTGGGC,7,0.05,0.7,0.25,6
TGAGGGATCGCAGGCT,7,0.05,0.7,0.25,6
TGATTTCAGAGACTTA,6,0.05,0.7,0.25,6
TGATTTCAGCCAGTAG,4,0.05,0.7,0.25,6
TGATTTCAGCCCAGCT,1,0.05,0.7,0.25,6
TGATTTCAGCGTAGTG,8,0.05,0.7,0.25,6
TGATTTCAGGGCACTA,1,0.05,0.7,0.25,6
TGATTTCAGTGTACTC,2,0.05,0.7,0.25,6
TGATTTCCAAACCTAC,2,0.05,0.7,0.25,6
TGATTTCCAGCTTCGG,8,0.05,0.7,0.25,6
TGATTTCCATCGGTTA,5,0.05,0.7,0.25,6
TGATTTCGTAACGACG,8,0.05,0.7,0.25,6
TGATTTCGTCCGTTAA,1,0.05,0.7,0.25,6
TGATTTCGTGACAAAT,7,0.05,0.7,0.25,6
TGATTTCGTGATAAGT,7,0.05,0.7,0.25,6
TGATTTCGTGGCCCTA,6,0.05,0.7,0.25,6
TGATTTCTCAACGGGA,1000,0.05,0.7,0.25,6
TGATTTCTCATGTCCC,4,0.05,0.7,0.25,6
TGATTTCTCGTGTAGT,6,0.05,0.7,0.25,6
TGCACCTAGAAAGTGG,1,0.05,0.7,0.25,6
TGCACCTAGATCCGAG,1,0.05,0.7,0.25,6
TGCACCTCACAGGTTT,7,0.05,0.7,0.25,6
TGCACCTCACCTGGTG,2,0.05,0.7,0.25,6
TGCACCTGTCAACTGT,1000,0.05,0.7,0.25,6
TGCACCTGTGCAACGA,2,0.05,0.7,0.25,6
TGCACCTGTTCCCTTG,8,0.05,0.7,0.25,6
TGCACCTGTTCGTGAT,8,0.05,0.7,0.25,6
TGCACCTGTTGATTCG,4,0.05,0.7,0.25,6
TGCACCTTCAGGATCT,5,0.05,0.7,0.25,6
TGCACCTTCTTACCTA,8,0.05,0.7,0.25,6
TGCCAAAGTAGCTAAA,6,0.05,0.7,0.25,6
TGCCAAATCTCTTGAT,5,0.05,0.7,0.25,6
TGCCAAATCTTAGAGC,8,0.05,0.7,0.25,6
TGCCCATAGGCGTACA,1000,0.05,0.7,0.25,6
TGCCCATCACATCCGG,0,0.05,0.7,0.25,6
TGCCCATCACATCTTT,8,0.05,0.7,0.25,6
TGCCCATCACCAGGCT,1000,0.05,0.7,0.25,6
TGCCCATCAGCCTTGG,1000,0.05,0.7,0.25,6
TGCCCATGTAATAGCA,1,0.05,0.7,0.25,6
TGCCCATGTCAGAATA,5,0.05,0.7,0.25,6
TGCCCATGTTGCCTCT,2,0.05,0.7,0.25,6
TGCCCATTCCACTGGG,8,0.05,0.7,0.25,6
TGCCCATTCGCAGGCT,1,0.05,0.7,0.25,6
TGCCCATTCTCTTGAT,2,0.05,0.7,0.25,6
TGCCCATTCTTTAGGG,7,0.05,0.7,0.25,6
TGCCCTAAGTTAACGA,8,0.05,0.7,0.25,6
TGCCCTACAGCGTCCA,1,0.05,0.7,0.25,6
TGCCCTACATCGATGT,7,0.05,0.7,0.25,6
TGCCCTACATCTCGCT,4,0.05,0.7,0.25,6
TGCCCTACATGGGACA,3,0.05,0.7,0.25,6
TGCCCTATCACAACGT,3,0.05,0.7,0.25,6
TGCCCTATCAGGTAAA,1000,0.05,0.7,0.25,6
TGCGCAGAGCAGCCTC,2,0.05,0.7,0.25,6
TGCGCAGAGGCAAAGA,3,0.05,0.7,0.25,6
TGCGCAGAGTGGAGAA,3,0.05,0.7,0.25,6
TGCGCAGCACATTCGA,4,0.05,0.7,0.25,6
TGCGCAGCAGCCTTTC,8,0.05,0.7,0.25,6
TGCGGGTAGAGGGATA,2,0.05,0.7,0.25,6
TGCGGGTAGATCCCGC,3,0.05,0.7,0.25,6
TGCGGGTCAAGGCTCC,2,0.05,0.7,0.25,6
TGCGGGTCAGCTGCAC,8,0.05,0.7,0.25,6
TGCGGGTGTACGACCC,2,0.05,0.7,0.25,6
TGCGGGTGTTTAGCTG,1000,0.05,0.7,0.25,6
TGCGGGTTCTGACCTC,1,0.05,0.7,0.25,6
TGCGTGGAGACTGTAA,2,0.05,0.7,0.25,6
TGCGTGGAGGATTCGG,7,0.05,0.7,0.25,6
TGCGTGGAGGCGATAC,6,0.05,0.7,0.25,6
TGCGTGGAGGCTAGGT,4,0.05,0.7,0.25,6
TGCGTGGCACAGCGTC,4,0.05,0.7,0.25,6
TGCGTGGCACCATGTA,6,0.05,0.7,0.25,6
TGCGTGGCATTGGCGC,8,0.05,0.7,0.25,6
TGCGTGGGTCCTCCAT,8,0.05,0.7,0.25,6
TGCGTGGGTCTGGTCG,2,0.05,0.7,0.25,6
TGCGTGGGTGTGGCTC,4,0.05,0.7,0.25,6
TGCGTGGTCAGGCCCA,4,0.05,0.7,0.25,6
TGCTACCAGCTATGCT,1,0.05,0.7,0.25,6
TGCTACCCAAGCCATT,1,0.05,0.7,0.25,6
TGCTACCCACAAGTAA,8,0.05,0.7,0.25,6
TGCTACCCACAGACTT,1000,0.05,0.7,0.25,6
TGCTACCCATCCGCGA,7,0.05,0.7,0.25,6
TGCTACCGTACAGCAG,8,0.05,0.7,0.25,6
TGCTACCGTAGAAGGA,1,0.05,0.7,0.25,6
TGCTACCGTGGCAAAC,1,0.05,0.7,0.25,6
TGCTACCGTGGTCCGT,8,0.05,0.7,0.25,6
TGCTACCGTTGGAGGT,1,0.05,0.7,0.25,6
TGCTACCTCCGCGCAA,8,0.05,0.7,0.25,6
TGCTACCTCCTAGAAC,6,0.05,0.7,0.25,6
TGCTGCTAGCAGATCG,4,0.05,0.7,0.25,6
TGCTGCTAGCTGCCCA,4,0.05,0.7,0.25,6
TGCTGCTAGGATCGCA,4,0.05,0.7,0.25,6
TGCTGCTAGGGCACTA,3,0.05,0.7,0.25,6
TGCTGCTAGTATTGGA,7,0.05,0.7,0.25,6
TGCTGCTAGTGTCCCG,7,0.05,0.7,0.25,6
TGCTGCTCACGTCAGC,5,0.05,0.7,0.25,6
TGCTGCTGTATGCTTG,1000,0.05,0.7,0.25,6
TGCTGCTGTCCGCTGA,8,0.05,0.7,0.25,6
TGCTGCTGTCTGCAAT,8,0.05,0.7,0.25,6
TGGACGCAGAAGGTTT,4,0.05,0.7,0.25,6
TGGACGCAGCTAAGAT,7,0.05,0.7,0.25,6
TGGACGCAGCTCTCGG,5,0.05,0.7,0.25,6
TGGACGCAGTTGCAGG,1000,0.05,0.7,0.25,6
TGGACGCCAGACGCCT,8,0.05,0.7,0.25,6
TGGACGCGTATGAATG,1,0.05,0.7,0.25,6
TGGACGCGTTGGTAAA,5,0.05,0.7,0.25,6
TGGACGCTCCAAACTG,1,0.05,0.7,0.25,6
TGGACGCTCCAGTATG,1000,0.05,0.7,0.25,6
TGGCCAGAGACCGGAT,8,0.05,0.7,0.25,6
TGGCCAGAGCAGGCTA,1000,0.05,0.7,0.25,6
TGGCCAGAGGCCCTTG,1000,0.05,0.7,0.25,6
TGGCCAGAGTGAACAT,5,0.05,0.7,0.25,6
TGGCCAGCAAGACACG,1000,0.05,0.7,0.25,6
TGGCCAGCATCGTCGG,2,0.05,0.7,0.25,6
TGGCCAGGTCGAGTTT,3,0.05,0.7,0.25,6
TGGCCAGGTGTGGTTT,8,0.05,0.7,0.25,6
TGGCCAGTCACAACGT,1000,0.05,0.7,0.25,6
TGGCGCAAGCGCTTAT,4,0.05,0.7,0.25,6
TGGCGCAAGTACGTTC,3,0.05,0.7,0.25,6
TGGCGCACAACAACCT,8,0.05,0.7,0.25,6
TGGCGCACAAGGGTCA,5,0.05,0.7,0.25,6
TGGCGCACACCAGCAC,3,0.05,0.7,0.25,6
TGGCGCACACTAGTAC,4,0.05,0.7,0.25,6
TGGCGCACATGGTAGG,3,0.05,0.7,0.25,6
TGGCGCAGTGAAATCA,3,0.05,0.7,0.25,6
TGGCGCATCACCCTCA,1000,0.05,0.7,0.25,6
TGGCGCATCAGCGATT,4,0.05,0.7,0.25,6
TGGCGCATCAGCTCGG,3,0.05,0.7,0.25,6
TGGCTGGAGTCCGTAT,4,0.05,0.7,0.25,6
TGGCTGGCAATGACCT,6,0.05,0.7,0.25,6
TGGCTGGGTATCGCAT,3,0.05,0.7,0.25,6
TGGCTGGGTCTGCAAT,2,0.05,0.7,0.25,6
TGGCTGGTCCCGACTT,7,0.05,0.7,0.25,6
TGGCTGGTCTCGTTTA,8,0.05,0.7,0.25,6
TGGGAAGAGGAACTGC,2,0.05,0.7,0.25,6
TGGGAAGAGGAATTAC,2,0.05,0.7,0.25,6
TGGGAAGAGTACGTTC,7,0.05,0.7,0.25,6
TGGGAAGAGTAGGTGC,2,0.05,0.7,0.25,6
TGGGAAGAGTCCGTAT,4,0.05,0.7,0.25,6
TGGGAAGCACAGCCCA,4,0.05,0.7,0.25,6
TGGGAAGCAGAAGCAC,3,0.05,0.7,0.25,6
TGGGAAGCAGCCAGAA,8,0.05,0.7,0.25,6
TGGGAAGCATATACCG,4,0.05,0.7,0.25,6
TGGGAAGCATGCTAGT,2,0.05,0.7,0.25,6
TGGGAAGGTAATCGTC,2,0.05,0.7,0.25,6
TGGGAAGGTAGAGTGC,5,0.05,0.7,0.25,6
TGGGAAGTCCTGCCAT,4,0.05,0.7,0.25,6
TGGGAAGTCTGATTCT,8,0.05,0.7,0.25,6
TGGGAAGTCTGCTGTC,4,0.05,0.7,0.25,6
TGGGAAGTCTTCTGGC,1,0.05,0.7,0.25,6
TGGGCGTAGCTCTCGG,3,0.05,0.7,0.25,6
TGGGCGTAGGCTCTTA,3,0.05,0.7,0.25,6
TGGGCGTAGTTGCAGG,4,0.05,0.7,0.25,6
TGGGCGTCACGGTGTC,8,0.05,0.7,0.25,6
TGGGCGTCACTACAGT,4,0.05,0.7,0.25,6
TGGGCGTCAGTTCCCT,4,0.05,0.7,0.25,6
TGGGCGTCATTTCACT,8,0.05,0.7,0.25,6
TGGGCGTGTAGCGTAG,3,0.05,0.7,0.25,6
TGGGCGTGTATATGGA,7,0.05,0.7,0.25,6
TGGGCGTGTTGGTTTG,4,0.05,0.7,0.25,6
TGGTTAGAGGACAGCT,3,0.05,0.7,0.25,6
TGGTTAGAGGGCTTGA,6,0.05,0.7,0.25,6
TGGTTAGCATTTCACT,7,0.05,0.7,0.25,6
TGGTTAGGTGTGGCTC,2,0.05,0.7,0.25,6
TGGTTAGTCCACTCCA,2,0.05,0.7,0.25,6
TGGTTAGTCCTATTCA,6,0.05,0.7,0.25,6
TGGTTAGTCGGTCCGA,3,0.05,0.7,0.25,6
TGGTTAGTCTACTCAT,1,0.05,0.7,0.25,6
TGGTTAGTCTCCTATA,7,0.05,0.7,0.25,6
TGGTTCCAGAGAACAG,7,0.05,0.7,0.25,6
TGGTTCCAGGATCGCA,2,0.05,0.7,0.25,6
TGGTTCCAGGTGACCA,1000,0.05,0.7,0.25,6
TGGTTCCGTGCCTTGG,5,0.05,0.7,0.25,6
TGGTTCCGTGCTAGCC,3,0.05,0.7,0.25,6
TGGTTCCTCAGGTAAA,8,0.05,0.7,0.25,6
TGGTTCCTCGATCCCT,2,0.05,0.7,0.25,6
TGTATTCAGGGCTTCC,2,0.05,0.7,0.25,6
TGTATTCAGTGAACGC,2,0.05,0.7,0.25,6
TGTATTCAGTGAAGAG,5,0.05,0.7,0.25,6
TGTATTCCACGAAGCA,1,0.05,0.7,0.25,6
TGTATTCCATACCATG,1,0.05,0.7,0.25,6
TGTATTCGTCCATGAT,8,0.05,0.7,0.25,6
TGTATTCTCACTTATC,3,0.05,0.7,0.25,6
TGTATTCTCCACGCAG,7,0.05,0.7,0.25,6
TGTATTCTCGGTTAAC,3,0.05,0.7,0.25,6
TGTATTCTCTCTGAGA,6,0.05,0.7,0.25,6
TGTCCCAAGACGCACA,4,0.05,0.7,0.25,6
TGTCCCAAGAGTAAGG,4,0.05,0.7,0.25,6
TGTCCCAAGGGTCTCC,1,0.05,0.7,0.25,6
TGTCCCACAGTCCTTC,7,0.05,0.7,0.25,6
TGTCCCAGTCCGTCAG,2,0.05,0.7,0.25,6
TGTCCCAGTGTGCCTG,1,0.05,0.7,0.25,6
TGTCCCAGTTACGACT,2,0.05,0.7,0.25,6
TGTCCCATCACAGGCC,8,0.05,0.7,0.25,6
TGTCCCATCCCAGGTG,8,0.05,0.7,0.25,6
TGTCCCATCTCCGGTT,2,0.05,0.7,0.25,6
TGTGGTAAGACATAAC,6,0.05,0.7,0.25,6
TGTGGTAAGAGCTGGT,1,0.05,0.7,0.25,6
TGTGGTAAGCCACGTC,4,0.05,0.7,0.25,6
TGTGGTAAGGCGACAT,5,0.05,0.7,0.25,6
TGTGGTAAGGTGTTAA,4,0.05,0.7,0.25,6
TGTGGTAAGTGACTCT,3,0.05,0.7,0.25,6
TGTGGTACAAGTCTGT,7,0.05,0.7,0.25,6
TGTGGTAGTACCGAGA,7,0.05,0.7,0.25,6
TGTGGTAGTGTTCTTT,6,0.05,0.7,0.25,6
TGTGGTATCACATGCA,4,0.05,0.7,0.25,6
TGTGGTATCCAAACAC,1000,0.05,0.7,0.25,6
TGTGGTATCCGTAGTA,3,0.05,0.7,0.25,6
TGTGGTATCGGACAAG,7,0.05,0.7,0.25,6
TGTGGTATCGTACCGG,1,0.05,0.7,0.25,6
TGTGGTATCTGTCTCG,3,0.05,0.7,0.25,6
TGTGTTTAGGTGTGGT,6,0.05,0.7,0.25,6
TGTGTTTCAAACTGTC,4,0.05,0.7,0.25,6
TGTGTTTCAATCGAAA,8,0.05,0.7,0.25,6
TGTGTTTCAGATCCAT,2,0.05,0.7,0.25,6
TGTGTTTGTAAGGATT,7,0.05,0.7,0.25,6
TGTGTTTGTAGCGTAG,8,0.05,0.7,0.25,6
TGTGTTTGTCCAGTGC,3,0.05,0.7,0.25,6
TGTGTTTTCTTTCCTC,3,0.05,0.7,0.25,6
TGTTCCGAGAAGGTTT,7,0.05,0.7,0.25,6
TGTTCCGAGAGTAATC,7,0.05,0.7,0.25,6
TGTTCCGAGAGTGAGA,8,0.05,0.7,0.25,6
TGTTCCGAGCGTGAGT,5,0.05,0.7,0.25,6
TGTTCCGAGGGTGTTG,4,0.05,0.7,0.25,6
TGTTCCGCACTAGTAC,7,0.05,0.7,0.25,6
TGTTCCGCACTGTCGG,5,0.05,0.7,0.25,6
TGTTCCGCAGACAAGC,7,0.05,0.7,0.25,6
TGTTCCGCATCCAACA,2,0.05,0.7,0.25,6
TGTTCCGGTAAACACA,1,0.05,0.7,0.25,6
TGTTCCGGTAGCTGCC,8,0.05,0.7,0.25,6
TGTTCCGGTCGATTGT,4,0.05,0.7,0.25,6
TGTTCCGTCGGTGTTA,3,0.05,0.7,0.25,6
TGTTCCGTCGTTGACA,5,0.05,0.7,0.25,6
TGTTCCGTCTAAGCCA,1,0.05,0.7,0.25,6
TTAACTCAGCTTATCG,6,0.05,0.7,0.25,6
TTAACTCCAAAGGTGC,2,0.05,0.7,0.25,6
TTAACTCCAACGCACC,1,0.05,0.7,0.25,6
TTAACTCCAAGGTTTC,6,0.05,0.7,0.25,6
TTAACTCCATTAGGCT,3,0.05,0.7,0.25,6
TTAACTCGTGATAAAC,1,0.05,0.7,0.25,6
TTAACTCGTGGTTTCA,8,0.05,0.7,0.25,6
TTAACTCTCCAGAAGG,5,0.05,0.7,0.25,6
TTAACTCTCGGCGCAT,4,0.05,0.7,0.25,6
TTAACTCTCGGCTACG,4,0.05,0.7,0.25,6
TTAGGACAGATATGCA,2,0.05,0.7,0.25,6
TTAGGACAGATCTGCT,1,0.05,0.7,0.25,6
TTAGGACCAAACCTAC,4,0.05,0.7,0.25,6
TTAGGACCAAGTTGTC,8,0.05,0.7,0.25,6
TTAGGACCACCATCCT,8,0.05,0.7,0.25,6
TTAGGACCATGCAATC,3,0.05,0.7,0.25,6
TTAGGACGTAAGTGGC,3,0.05,0.7,0.25,6
TTAGGACTCAGTCAGT,4,0.05,0.7,0.25,6
TTAGGCAAGATAGTCA,1,0.05,0.7,0.25,6
TTAGGCAAGGGAGTAA,2,0.05,0.7,0.25,6
TTAGGCAAGTTGTAGA,8,0.05,0.7,0.25,6
TTAGGCACAGACGTAG,4,0.05,0.7,0.25,6
TTAGGCACAGGCTCAC,1,0.05,0.7,0.25,6
TTAGGCAGTACCGCTG,4,0.05,0.7,0.25,6
TTAGGCAGTTTAGCTG,4,0.05,0.7,0.25,6
TTAGGCATCATTATCC,3,0.05,0.7,0.25,6
TTAGGCATCTGCCAGG,4,0.05,0.7,0.25,6
TTAGTTCAGACGCTTT,5,0.05,0.7,0.25,6
TTAGTTCAGATGTCGG,4,0.05,0.7,0.25,6
TTAGTTCAGCTCCCAG,8,0.05,0.7,0.25,6
TTAGTTCAGGTGTGGT,5,0.05,0.7,0.25,6
TTAGTTCAGTGACATA,8,0.05,0.7,0.25,6
TTAGTTCCACCTGGTG,1000,0.05,0.7,0.25,6
TTAGTTCCACTGCCAG,8,0.05,0.7,0.25,6
TTAGTTCGTAATCACC,4,0.05,0.7,0.25,6
TTAGTTCGTCCGTTAA,5,0.05,0.7,0.25,6
TTAGTTCGTTCAGTAC,8,0.05,0.7,0.25,6
TTAGTTCTCACAGGCC,4,0.05,0.7,0.25,6
TTAGTTCTCAGAGGTG,7,0.05,0.7,0.25,6
TTAGTTCTCCAAATGC,1,0.05,0.7,0.25,6
TTAGTTCTCGCAAGCC,7,0.05,0.7,0.25,6
TTAGTTCTCGTAGGAG,7,0.05,0.7,0.25,6
TTAGTTCTCTTGCATT,1,0.05,0.7,0.25,6
TTATGCTAGAGGTTGC,3,0.05,0.7,0.25,6
TTATGCTAGGAACTGC,4,0.05,0.7,0.25,6
TTATGCTAGGCAGTCA,1000,0.05,0.7,0.25,6
TTATGCTAGGCATTGG,6,0.05,0.7,0.25,6
TTATGCTCAAACAACA,7,0.05,0.7,0.25,6
TTATGCTCACTCGACG,2,0.05,0.7,0.25,6
TTATGCTCATCCGCGA,2,0.05,0.7,0.25,6
TTATGCTTCCGTCAAA,4,0.05,0.7,0.25,6
TTATGCTTCTTATCTG,3,0.05,0.7,0.25,6
TTATGCTTCTTCTGGC,2,0.05,0.7,0.25,6
TTCCCAGAGGTCGGAT,3,0.05,0.7,0.25,6
TTCCCAGGTAGCTTGT,6,0.05,0.7,0.25,6
TTCCCAGGTCACCCAG,2,0.05,0.7,0.25,6
TTCCCAGGTCTGCAAT,4,0.05,0.7,0.25,6
TTCCCAGTCACCTCGT,8,0.05,0.7,0.25,6
TTCCCAGTCCCTTGTG,4,0.05,0.7,0.25,6
TTCCCAGTCGGAAATA,4,0.05,0.7,0.25,6
TTCCCAGTCGTAGGTT,6,0.05,0.7,0.25,6
TTCCCAGTCTTGAGGT,2,0.05,0.7,0.25,6
TTCGAAGAGATAGTCA,1000,0.05,0.7,0.25,6
TTCGAAGCAATCCAAC,4,0.05,0.7,0.25,6
TTCGAAGGTATTCTCT,3,0.05,0.7,0.25,6
TTCGAAGGTCCTCTTG,8,0.05,0.7,0.25,6
TTCGAAGTCACAAACC,3,0.05,0.7,0.25,6
TTCGGTCAGATGTGTA,3,0.05,0.7,0.25,6
TTCGGTCAGCGCCTTG,3,0.05,0.7,0.25,6
TTCGGTCCAGATGAGC,3,0.05,0.7,0.25,6
TTCGGTCCAGTGACAG,3,0.05,0.7,0.25,6
TTCGGTCGTAAGGGAA,2,0.05,0.7,0.25,6
TTCGGTCGTAGCTTGT,8,0.05,0.7,0.25,6
TTCTACAAGAACTGTA,3,0.05,0.7,0.25,6
TTCTACAAGCGCCTCA,1,0.05,0.7,0.25,6
TTCTACAAGTCTTGCA,1,0.05,0.7,0.25,6
TTCTACACAAAGTCAA,1000,0.05,0.7,0.25,6
TTCTACACAATAACGA,7,0.05,0.7,0.25,6
TTCTACACAGATCTGT,8,0.05,0.7,0.25,6
TTCTACAGTAAATGAC,5,0.05,0.7,0.25,6
TTCTACAGTAACGTTC,3,0.05,0.7,0.25,6
TTCTACAGTACATCCA,1000,0.05,0.7,0.25,6
TTCTACAGTCCGTTAA,5,0.05,0.7,0.25,6
TTCTACAGTCTTTCAT,2,0.05,0.7,0.25,6
TTCTACAGTGTTCGAT,1,0.05,0.7,0.25,6
TTCTACAGTTTGGCGC,6,0.05,0.7,0.25,6
TTCTACATCTTTACAC,1000,0.05,0.7,0.25,6
TTCTCAAAGAGGGATA,1,0.05,0.7,0.25,6
TTCTCAAAGCACCGCT,8,0.05,0.7,0.25,6
TTCTCAAAGCTAGTTC,7,0.05,0.7,0.25,6
TTCTCAAAGGACAGCT,4,0.05,0.7,0.25,6
TTCTCAAAGTCCGTAT,4,0.05,0.7,0.25,6
TTCTCAAAGTTCGCGC,4,0.05,0.7,0.25,6
TTCTCAACAGCTTAAC,2,0.05,0.7,0.25,6
TTCTCAACATAGGATA,3,0.05,0.7,0.25,6
TTCTCAACATCCCACT,6,0.05,0.7,0.25,6
TTCTCAACATCCTTGC,1000,0.05,0.7,0.25,6
TTCTCAAGTGTATGGG,8,0.05,0.7,0.25,6
TTCTCAATCGTAGGAG,1000,0.05,0.7,0.25,6
TTCTCCTAGCTACCGC,6,0.05,0.7,0.25,6
TTCTCCTAGCTAGGCA,8,0.05,0.7,0.25,6
TTCTCCTAGGGCATGT,7,0.05,0.7,0.25,6
TTCTCCTAGTCCAGGA,1000,0.05,0.7,0.25,6
TTCTCCTAGTCCGGTC,4,0.05,0.7,0.25,6
TTCTCCTAGTGGCACA,2,0.05,0.7,0.25,6
TTCTCCTCACGTGAGA,1000,0.05,0.7,0.25,6
TTCTCCTCACTGCCAG,7,0.05,0.7,0.25,6
TTCTCCTGTGTTGAGG,1000,0.05,0.7,0.25,6
TTCTCCTGTTCCTCCA,7,0.05,0.7,0.25,6
TTCTCCTGTTGATTGC,1000,0.05,0.7,0.25,6
TTCTCCTGTTTGGCGC,5,0.05,0.7,0.25,6
TTCTCCTTCATCACCC,3,0.05,0.7,0.25,6
TTCTTAGAGAAGGTGA,1,0.05,0.7,0.25,6
TTCTTAGAGCACACAG,7,0.05,0.7,0.25,6
TTCTTAGAGCTAGTTC,4,0.05,0.7,0.25,6
TTCTTAGCAAACGCGA,1000,0.05,0.7,0.25,6
TTCTTAGCAAGGCTCC,8,0.05,0.7,0.25,6
TTCTTAGCACGGATAG,1,0.05,0.7,0.25,6
TTCTTAGCATGGTCTA,4,0.05,0.7,0.25,6
TTCTTAGGTACTCGCG,1000,0.05,0.7,0.25,6
TTCTTAGTCACCTCGT,8,0.05,0.7,0.25,6
TTCTTAGTCACTTCAT,1,0.05,0.7,0.25,6
TTCTTAGTCAGAAATG,5,0.05,0.7,0.25,6
TTCTTAGTCAGCGATT,1,0.05,0.7,0.25,6
TTCTTAGTCATGTAGC,3,0.05,0.7,0.25,6
TTCTTAGTCCTCATTA,3,0.05,0.7,0.25,6
TTGAACGAGCGTCTAT,1,0.05,0.7,0.25,6
TTGAACGAGGCAATTA,8,0.05,0.7,0.25,6
TTGAACGAGTTCCACA,1,0.05,0.7,0.25,6
TTGAACGCAAAGCAAT,7,0.05,0.7,0.25,6
TTGAACGCAACTGCTA,1000,0.05,0.7,0.25,6
TTGAACGGTATAGGGC,5,0.05,0.7,0.25,6
TTGAACGGTCTTCTCG,1,0.05,0.7,0.25,6
TTGAACGGTGGGTATG,2,0.05,0.7,0.25,6
TTGAACGTCCCAACGG,8,0.05,0.7,0.25,6
TTGAACGTCCGTTGTC,7,0.05,0.7,0.25,6
TTGAACGTCCTGTACC,5,0.05,0.7,0.25,6
TTGAACGTCGGATGGA,4,0.05,0.7,0.25,6
TTGAACGTCTGATTCT,2,0.05,0.7,0.25,6
TTGACTTAGCGTAGTG,3,0.05,0.7,0.25,6
TTGACTTAGTCTTGCA,8,0.05,0.7,0.25,6
TTGACTTCAGGGTACA,3,0.05,0.7,0.25,6
TTGACTTCATGCTGGC,8,0.05,0.7,0.25,6
TTGACTTGTCGCGTGT,2,0.05,0.7,0.25,6
TTGACTTGTGTGAATA,7,0.05,0.7,0.25,6
TTGACTTTCATGCATG,8,0.05,0.7,0.25,6
TTGACTTTCGCCGTGA,7,0.05,0.7,0.25,6
TTGACTTTCTGAGGGA,4,0.05,0.7,0.25,6
TTGCCGTAGGACCACA,6,0.05,0.7,0.25,6
TTGCCGTAGGCTCAGA,7,0.05,0.7,0.25,6
TTGCCGTAGGCTCTTA,2,0.05,0.7,0.25,6
TTGCCGTAGGGATGGG,4,0.05,0.7,0.25,6
TTGCCGTAGTCGTACT,3,0.05,0.7,0.25,6
TTGCCGTAGTGTACCT,1000,0.05,0.7,0.25,6
TTGCCGTCACCTATCC,1,0.05,0.7,0.25,6
TTGCCGTCAGCTGCAC,4,0.05,0.7,0.25,6
TTGCCGTGTATTACCG,8,0.05,0.7,0.25,6
TTGCCGTGTCCGTCAG,8,0.05,0.7,0.25,6
TTGCCGTGTCGAACAG,7,0.05,0.7,0.25,6
TTGCCGTGTGACTCAT,6,0.05,0.7,0.25,6
TTGCCGTGTTATGTGC,5,0.05,0.7,0.25,6
TTGCCGTTCCATTCTA,4,0.05,0.7,0.25,6
TTGCCGTTCGCCAGCA,1,0.05,0.7,0.25,6
TTGCCGTTCGTTTAGG,3,0.05,0.7,0.25,6
TTGCCGTTCTAGCACA,2,0.05,0.7,0.25,6
TTGCGTCAGTTATCGC,3,0.05,0.7,0.25,6
TTGCGTCCAACGATGG,7,0.05,0.7,0.25,6
TTGCGTCCAATGGAAT,7,0.05,0.7,0.25,6
TTGCGTCCACCTGGTG,4,0.05,0.7,0.25,6
TTGCGTCCAGCGTTCG,6,0.05,0.7,0.25,6
TTGCGTCGTCACAAGG,4,0.05,0.7,0.25,6
TTGCGTCGTCTAACGT,2,0.05,0.7,0.25,6
TTGCGTCTCTGTCAAG,1000,0.05,0.7,0.25,6
TTGGAACAGGTAAACT,6,0.05,0.7,0.25,6
TTGGAACAGTCCAGGA,4,0.05,0.7,0.25,6
TTGGAACCAAGCGAGT,1000,0.05,0.7,0.25,6
TTGGAACCAATCCAAC,4,0.05,0.7,0.25,6
TTGGAACCACATGACT,3,0.05,0.7,0.25,6
TTGGAACCATCCCACT,8,0.05,0.7,0.25,6
TTGGAACCATGCATGT,1,0.05,0.7,0.25,6
TTGGAACGTACTCAAC,4,0.05,0.7,0.25,6
TTGGAACGTGGCAAAC,1000,0.05,0.7,0.25,6
TTGGAACGTTCCATGA,2,0.05,0.7,0.25,6
TTGGAACGTTTGCATG,0,0.05,0.7,0.25,6
TTGGAACTCCGAGCCA,2,0.05,0.7,0.25,6
TTGGCAAAGACAGACC,1,0.05,0.7,0.25,6
TTGGCAAAGTCGCCGT,7,0.05,0.7,0.25,6
TTGGCAAAGTGTTGAA,6,0.05,0.7,0.25,6
TTGGCAAGTTCATGGT,2,0.05,0.7,0.25,6
TTGGCAATCACAAACC,2,0.05,0.7,0.25,6
TTGGCAATCATGTCCC,3,0.05,0.7,0.25,6
TTGTAGGCAAACGTGG,2,0.05,0.7,0.25,6
TTGTAGGCAGCTCGCA,7,0.05,0.7,0.25,6
TTGTAGGGTGATGTGG,8,0.05,0.7,0.25,6
TTGTAGGTCACCCGAG,4,0.05,0.7,0.25,6
TTGTAGGTCCAAGCCG,8,0.05,0.7,0.25,6
TTTACTGAGGTCATCT,3,0.05,0.7,0.25,6
TTTACTGAGTGACATA,6,0.05,0.7,0.25,6
TTTACTGCAAGCGTAG,3,0.05,0.7,0.25,6
TTTACTGCAATCAGAA,4,0.05,0.7,0.25,6
TTTACTGCACAAGACG,1,0.05,0.7,0.25,6
TTTACTGCACACATGT,1,0.05,0.7,0.25,6
TTTACTGCATCGGAAG,1000,0.05,0.7,0.25,6
TTTACTGCATGCCTTC,7,0.05,0.7,0.25,6
TTTACTGCATGTCTCC,1,0.05,0.7,0.25,6
TTTACTGGTAGATTAG,8,0.05,0.7,0.25,6
TTTACTGGTGGGTATG,3,0.05,0.7,0.25,6
TTTACTGTCGCCTGTT,3,0.05,0.7,0.25,6
TTTATGCAGAAGGTTT,3,0.05,0.7,0.25,6
TTTATGCAGCTGTTCA,8,0.05,0.7,0.25,6
TTTATGCAGTGGAGTC,3,0.05,0.7,0.25,6
TTTATGCCAATCTGCA,5,0.05,0.7,0.25,6
TTTATGCCAATGTTGC,4,0.05,0.7,0.25,6
TTTATGCCAGTGGGAT,3,0.05,0.7,0.25,6
TTTATGCGTAGCACGA,6,0.05,0.7,0.25,6
TTTATGCTCAACGAAA,1000,0.05,0.7,0.25,6
TTTCCTCAGAGGTTGC,8,0.05,0.7,0.25,6
TTTCCTCAGCCGTCGT,6,0.05,0.7,0.25,6
TTTCCTCAGCTCCTTC,2,0.05,0.7,0.25,6
TTTCCTCAGGCTAGAC,6,0.05,0.7,0.25,6
TTTCCTCAGTAGGCCA,5,0.05,0.7,0.25,6
TTTCCTCAGTGGTAAT,1,0.05,0.7,0.25,6
TTTCCTCCAATCAGAA,3,0.05,0.7,0.25,6
TTTCCTCCATCGGAAG,7,0.05,0.7,0.25,6
TTTCCTCGTCGCCATG,8,0.05,0.7,0.25,6
TTTCCTCGTGACGGTA,4,0.05,0.7,0.25,6
TTTCCTCGTTCTCATT,1000,0.05,0.7,0.25,6
TTTCCTCTCAGTTGAC,4,0.05,0.7,0.25,6
TTTCCTCTCCCTAACC,3,0.05,0.7,0.25,6
TTTCCTCTCCGCATCT,6,0.05,0.7,0.25,6
TTTCCTCTCCGTAGTA,1000,0.05,0.7,0.25,6
TTTGCGCAGCAGATCG,3,0.05,0.7,0.25,6
TTTGCGCAGCGATATA,1000,0.05,0.7,0.25,6
TTTGCGCCAACAACCT,7,0.05,0.7,0.25,6
TTTGCGCGTAAAGGAG,5,0.05,0.7,0.25,6
TTTGCGCGTATAAACG,7,0.05,0.7,0.25,6
TTTGCGCGTCACTGGC,8,0.05,0.7,0.25,6
TTTGCGCGTCGAACAG,6,0.05,0.7,0.25,6
TTTGCGCGTTGTGGAG,2,0.05,0.7,0.25,6
TTTGCGCTCGCAGGCT,5,0.05,0.7,0.25,6
TTTGCGCTCGTCCAGG,5,0.05,0.7,0.25,6
TTTGCGCTCTTAACCT,3,0.05,0.7,0.25,6
TTTGGTTAGTGAACGC,2,0.05,0.7,0.25,6
TTTGGTTCAACGCACC,0,0.05,0.7,0.25,6
TTTGGTTGTCTGCGGT,7,0.05,0.7,0.25,6
TTTGGTTTCGGTGTTA,5,0.05,0.7,0.25,6
TTTGGTTTCTCCCTGA,8,0.05,0.7,0.25,6
TTTGGTTTCTTGCCGT,8,0.05,0.7,0.25,6
TTTGTCAAGCCCGAAA,7,0.05,0.7,0.25,6
TTTGTCAAGCGTGAGT,3,0.05,0.7,0.25,6
TTTGTCAAGGACGAAA,1,0.05,0.7,0.25,6
TTTGTCAAGGCCATAG,1,0.05,0.7,0.25,6
TTTGTCAAGGTGTTAA,2,0.05,0.7,0.25,6
TTTGTCACAAAGGTGC,8,0.05,0.7,0.25,6
TTTGTCACAGTCTTCC,7,0.05,0.7,0.25,6
TTTGTCACATGACATC,7,0.05,0.7,0.25,6
TTTGTCAGTTCGTTGA,0,0.05,0.7,0.25,6
TTTGTCATCATGCATG,7,0.05,0.7,0.25,6
TTTGTCATCCCTCAGT,8,0.05,0.7,0.25,6
TTTGTCATCCTGTACC,2,0.05,0.7,0.25,6
TTTGTCATCTGTCTAT,3,0.05,0.7,0.25,6
