"cell_barcode","assignment"
"X1_AAACCCAAGCAGCACA.1",1000
"X1_AAACCCAAGCATCTTG.1",7
"X1_AAACCCAAGGTAGATT.1",6
"X1_AAACCCAAGGTGGTTG.1",4
"X1_AAACCCAAGGTGTGAC.1",5
"X1_AAACCCAAGTAAAGCT.1",7
"X1_AAACCCAAGTAGAGTT.1",3
"X1_AAACCCAAGTGATAGT.1",3
"X1_AAACCCAAGTTGCATC.1",7
"X1_AAACCCAAGTTGTCGT.1",1000
"X1_AAACCCACAATCGCCG.1",7
"X1_AAACCCACAGCGGTTC.1",3
"X1_AAACCCACAGTCTACA.1",8
"X1_AAACCCACATAATGAG.1",3
"X1_AAACCCAGTCGATTCA.1",1000
"X1_AAACCCAGTCGCGTCA.1",1000
"X1_AAACCCAGTGAATTAG.1",1000
"X1_AAACCCAGTGAGTCAG.1",7
"X1_AAACCCAGTTAAGCAA.1",8
"X1_AAACCCAGTTCACCGG.1",5
"X1_AAACCCAGTTCCGCGA.1",6
"X1_AAACCCAGTTGCGGCT.1",1000
"X1_AAACCCAGTTGTAAAG.1",8
"X1_AAACCCATCAGAGCGA.1",8
"X1_AAACCCATCAGCTGTA.1",4
"X1_AAACCCATCATGCAGT.1",0
"X1_AAACCCATCATTACTC.1",8
"X1_AAACCCATCCGACGGT.1",7
"X1_AAACCCATCCGCAAAT.1",8
"X1_AAACCCATCGAACTCA.1",1000
"X1_AAACCCATCTAGGCCG.1",4
"X1_AAACGAAAGACCTGGA.1",8
"X1_AAACGAAAGGTAATCA.1",4
"X1_AAACGAAAGTTGCCCG.1",7
"X1_AAACGAAAGTTGGAAT.1",7
"X1_AAACGAACAACGAGGT.1",1000
"X1_AAACGAACAACTTCTT.1",2
"X1_AAACGAACAATCCTAG.1",7
"X1_AAACGAACACAAATGA.1",1000
"X1_AAACGAACACAATGTC.1",8
"X1_AAACGAACACCCATAA.1",3
"X1_AAACGAACAGCGTGCT.1",6
"X1_AAACGAACATCAGTGT.1",2
"X1_AAACGAACATGAGGGT.1",8
"X1_AAACGAACATTATGCG.1",1000
"X1_AAACGAAGTACACTCA.1",1000
"X1_AAACGAAGTCAAGCGA.1",8
"X1_AAACGAAGTCCGGACT.1",2
"X1_AAACGAAGTCGTGTTA.1",1000
"X1_AAACGAAGTGACTGTT.1",8
"X1_AAACGAAGTGATCGTT.1",0
"X1_AAACGAAGTGGAGGTT.1",7
"X1_AAACGAAGTGGATCAG.1",7
"X1_AAACGAAGTTATTCTC.1",8
"X1_AAACGAATCAGGGATG.1",5
"X1_AAACGAATCCACACAA.1",6
"X1_AAACGAATCCCTTGTG.1",1000
"X1_AAACGAATCCGTTGGG.1",1000
"X1_AAACGAATCGCTGACG.1",8
"X1_AAACGAATCTTTCCGG.1",5
"X1_AAACGCTAGACTTCGT.1",1000
"X1_AAACGCTAGCTGTGCC.1",2
"X1_AAACGCTAGGAACATT.1",1000
"X1_AAACGCTAGGAGATAG.1",2
"X1_AAACGCTCAAGTGGAC.1",1000
"X1_AAACGCTCAATGAAAC.1",1
"X1_AAACGCTCAATGAGCG.1",7
"X1_AAACGCTCACCAGCGT.1",2
"X1_AAACGCTCAGCCTATA.1",1000
"X1_AAACGCTCAGCTGTCG.1",1000
"X1_AAACGCTCAGTAACAA.1",6
"X1_AAACGCTGTACACTCA.1",1
"X1_AAACGCTGTACCGCGT.1",4
"X1_AAACGCTGTATCGCTA.1",7
"X1_AAACGCTGTCAGATTC.1",2
"X1_AAACGCTGTCTTTATC.1",1000
"X1_AAACGCTGTGCACGCT.1",1000
"X1_AAACGCTGTGCAGTGA.1",8
"X1_AAACGCTGTGTGCCTG.1",8
"X1_AAACGCTGTGTTAAAG.1",8
"X1_AAACGCTGTTATGACC.1",3
"X1_AAACGCTGTTATTCTC.1",3
"X1_AAACGCTGTTGTTGTG.1",3
"X1_AAACGCTTCATGACAC.1",7
"X1_AAACGCTTCCATCCGT.1",8
"X1_AAACGCTTCGGTGTTA.1",7
"X1_AAACGCTTCGTAGAGG.1",7
"X1_AAACGCTTCTCTCTAA.1",4
"X1_AAACGCTTCTCTTAAC.1",1000
"X1_AAACGCTTCTGCCCTA.1",8
"X1_AAAGAACAGATAGCAT.1",1000
"X1_AAAGAACAGCGCCTAC.1",2
"X1_AAAGAACAGTAGAGTT.1",1000
"X1_AAAGAACCAGCCGGTT.1",4
"X1_AAAGAACGTACACGCC.1",7
"X1_AAAGAACGTACGTTCA.1",4
"X1_AAAGAACGTCACTGAT.1",4
"X1_AAAGAACGTCCTTGTC.1",7
"X1_AAAGAACGTCGCATTA.1",2
"X1_AAAGAACGTTCAGGTT.1",7
"X1_AAAGAACGTTGTCTAG.1",8
"X1_AAAGAACGTTTCGGCG.1",2
"X1_AAAGAACTCAGGGTAG.1",5
"X1_AAAGAACTCATACAGC.1",5
"X1_AAAGAACTCATACGAC.1",4
"X1_AAAGAACTCCCATACC.1",7
"X1_AAAGAACTCCCTCAAC.1",4
"X1_AAAGAACTCCGACATA.1",3
"X1_AAAGAACTCGACCCAG.1",4
"X1_AAAGGATAGATTGGGC.1",3
"X1_AAAGGATAGCTGCCTG.1",6
"X1_AAAGGATAGGGATCTG.1",5
"X1_AAAGGATAGTAAACGT.1",8
"X1_AAAGGATAGTAGATCA.1",1000
"X1_AAAGGATAGTATGAGT.1",8
"X1_AAAGGATAGTTACTCG.1",7
"X1_AAAGGATCAAAGGTTA.1",7
"X1_AAAGGATCAAATAGCA.1",1000
"X1_AAAGGATCACAAAGTA.1",4
"X1_AAAGGATCACATCATG.1",1000
"X1_AAAGGATCAGCAGTCC.1",7
"X1_AAAGGATCAGCTGAGA.1",1000
"X1_AAAGGATCAGTTGAAA.1",1000
"X1_AAAGGATGTCAACGCC.1",1000
"X1_AAAGGATGTCTCAAGT.1",8
"X1_AAAGGATGTCTTGAAC.1",7
"X1_AAAGGATGTGGAACCA.1",3
"X1_AAAGGATGTGGAAGTC.1",8
"X1_AAAGGATGTGGTGATG.1",8
"X1_AAAGGATGTGTACATC.1",2
"X1_AAAGGATGTTCTCTAT.1",4
"X1_AAAGGATGTTGCCATA.1",3
"X1_AAAGGATGTTGCTCAA.1",3
"X1_AAAGGATTCCAAATGC.1",6
"X1_AAAGGATTCGACATCA.1",2
"X1_AAAGGATTCTCTCGAC.1",5
"X1_AAAGGGCAGACTCTAC.1",7
"X1_AAAGGGCAGATCGCTT.1",5
"X1_AAAGGGCAGCCAAGCA.1",8
"X1_AAAGGGCAGGATTACA.1",7
"X1_AAAGGGCAGTGCTACT.1",7
"X1_AAAGGGCCAACGCCCA.1",8
"X1_AAAGGGCCACAGGATG.1",8
"X1_AAAGGGCCACTCCCTA.1",2
"X1_AAAGGGCCAGACCTAT.1",4
"X1_AAAGGGCCAGAGTCAG.1",8
"X1_AAAGGGCCAGCTACAT.1",0
"X1_AAAGGGCCAGTCGCAC.1",7
"X1_AAAGGGCCATTCCTAT.1",2
"X1_AAAGGGCGTATTTCTC.1",8
"X1_AAAGGGCGTCATCAGT.1",1000
"X1_AAAGGGCGTCGCGTCA.1",7
"X1_AAAGGGCGTCTACGTA.1",7
"X1_AAAGGGCGTGCAGTGA.1",7
"X1_AAAGGGCGTGGAGGTT.1",3
"X1_AAAGGGCGTGGTTTGT.1",3
"X1_AAAGGGCGTTAGGCTT.1",8
"X1_AAAGGGCGTTCCCAAA.1",7
"X1_AAAGGGCGTTTCTTAC.1",7
"X1_AAAGGGCTCACCATAG.1",4
"X1_AAAGGGCTCACTACTT.1",1000
"X1_AAAGGGCTCCTAAACG.1",7
"X1_AAAGGGCTCGAAACAA.1",1000
"X1_AAAGGGCTCGACATCA.1",7
"X1_AAAGGGCTCGAGCCTG.1",1
"X1_AAAGGGCTCGGACAAG.1",8
"X1_AAAGGTAAGACCTGGA.1",1
"X1_AAAGGTAAGAGAGCGG.1",8
"X1_AAAGGTAAGAGGTATT.1",4
"X1_AAAGGTAAGCATATGA.1",7
"X1_AAAGGTAAGGTCATTC.1",8
"X1_AAAGGTAAGTATGTAG.1",1000
"X1_AAAGGTAAGTCAGAGC.1",1000
"X1_AAAGGTACAAACGTGG.1",3
"X1_AAAGGTACAAAGCACG.1",6
"X1_AAAGGTACAACACACT.1",2
"X1_AAAGGTACAAGAGGTC.1",0
"X1_AAAGGTACACGAAAGC.1",5
"X1_AAAGGTACACTTGTGA.1",7
"X1_AAAGGTACAGACACCC.1",7
"X1_AAAGGTACAGGACATG.1",4
"X1_AAAGGTACATGATAGA.1",4
"X1_AAAGGTAGTAAGGCCA.1",1000
"X1_AAAGGTAGTATAATGG.1",4
"X1_AAAGGTAGTGCACATT.1",3
"X1_AAAGGTAGTGGATTTC.1",1000
"X1_AAAGGTAGTGGCAACA.1",5
"X1_AAAGGTAGTGGTGATG.1",7
"X1_AAAGGTAGTTAGCTAC.1",1000
"X1_AAAGGTAGTTCCTAAG.1",7
"X1_AAAGGTAGTTTAGACC.1",8
"X1_AAAGGTATCACGATCA.1",7
"X1_AAAGGTATCACGGGCT.1",1
"X1_AAAGGTATCACTTGGA.1",7
"X1_AAAGGTATCAGCACCG.1",8
"X1_AAAGGTATCATTCACT.1",2
"X1_AAAGGTATCCGTATGA.1",3
"X1_AAAGGTATCGTGTCAA.1",1000
"X1_AAAGGTATCTAGTCAG.1",8
"X1_AAAGGTATCTATCCAT.1",2
"X1_AAAGGTATCTCGGCTT.1",8
"X1_AAAGTCCAGAAGATCT.1",4
"X1_AAAGTCCAGCTAATCC.1",8
"X1_AAAGTCCAGCTATCTG.1",1
"X1_AAAGTCCAGGACAACC.1",8
"X1_AAAGTCCAGGCGCTCT.1",1000
"X1_AAAGTCCAGTAGAGTT.1",1000
"X1_AAAGTCCAGTGTTGAA.1",4
"X1_AAAGTCCCAAACGGCA.1",1
"X1_AAAGTCCCAAGCCATT.1",6
"X1_AAAGTCCCAATTAGGA.1",4
"X1_AAAGTCCCACTGAATC.1",4
"X1_AAAGTCCCAGGTCTCG.1",2
"X1_AAAGTCCCATAGACTC.1",1000
"X1_AAAGTCCCATCCGGCA.1",1000
"X1_AAAGTCCCATGGCTGC.1",6
"X1_AAAGTCCCATTAAAGG.1",1000
"X1_AAAGTCCCATTCCTAT.1",7
"X1_AAAGTCCCATTGCAAC.1",7
"X1_AAAGTCCGTAACCCTA.1",5
"X1_AAAGTCCGTAACTAAG.1",4
"X1_AAAGTCCGTAAGAACT.1",1000
"X1_AAAGTCCGTACAGTAA.1",8
"X1_AAAGTCCGTATAGGAT.1",1000
"X1_AAAGTCCGTCCTCAGG.1",6
"X1_AAAGTCCGTCGCAACC.1",4
"X1_AAAGTCCGTCTAACGT.1",7
"X1_AAAGTCCGTGTCGCTG.1",7
"X1_AAAGTCCGTGTGTGTT.1",1
"X1_AAAGTCCTCCATTGCC.1",4
"X1_AAAGTCCTCCGTCACT.1",1000
"X1_AAAGTCCTCGGAATGG.1",1000
"X1_AAAGTCCTCTAAGGAA.1",1000
"X1_AAAGTGAAGAATCGTA.1",7
"X1_AAAGTGAAGAGAGGGC.1",8
"X1_AAAGTGAAGGGTGAAA.1",8
"X1_AAAGTGAAGGTAAGGA.1",8
"X1_AAAGTGAAGTATGTAG.1",8
"X1_AAAGTGAAGTTATGGA.1",7
"X1_AAAGTGACAAGAGGCT.1",6
"X1_AAAGTGACAAGATGTA.1",3
"X1_AAAGTGACAATCGAAA.1",1000
"X1_AAAGTGACACTACACA.1",6
"X1_AAAGTGACAGCAATTC.1",8
"X1_AAAGTGACAGCGCGTT.1",1
"X1_AAAGTGACAGGACATG.1",8
"X1_AAAGTGACATCCGCGA.1",1000
"X1_AAAGTGACATGTGTCA.1",7
"X1_AAAGTGACATTCAGGT.1",4
"X1_AAAGTGAGTCAGCGTC.1",2
"X1_AAAGTGAGTCATCACA.1",1
"X1_AAAGTGAGTCGAATGG.1",6
"X1_AAAGTGAGTGCAAGAC.1",6
"X1_AAAGTGAGTTAGGAGC.1",7
"X1_AAAGTGAGTTCCATTT.1",7
"X1_AAAGTGAGTTCTTCAT.1",7
"X1_AAAGTGAGTTGCTCAA.1",8
"X1_AAAGTGATCCACTGGG.1",1000
"X1_AAAGTGATCCGTATGA.1",3
"X1_AAAGTGATCCGTCACT.1",7
"X1_AAAGTGATCGAAGAAT.1",7
"X1_AAAGTGATCGACACTA.1",8
"X1_AAAGTGATCGAGGCAA.1",4
"X1_AAAGTGATCGAGTACT.1",1000
"X1_AAAGTGATCTCTCAAT.1",3
"X1_AAATGGAAGAGTCAGC.1",1000
"X1_AAATGGAAGATACGAT.1",5
"X1_AAATGGAAGCTCACTA.1",7
"X1_AAATGGAAGGAAGTCC.1",1
"X1_AAATGGAAGTACTGTC.1",8
"X1_AAATGGAAGTATAGGT.1",7
"X1_AAATGGAAGTCTAGAA.1",1000
"X1_AAATGGAAGTTGCCCG.1",1000
"X1_AAATGGACAAGACGAC.1",1000
"X1_AAATGGACAAGATGGC.1",1000
"X1_AAATGGACACCTTCCA.1",1000
"X1_AAATGGACACGTAGAG.1",1000
"X1_AAATGGACACTGAATC.1",3
"X1_AAATGGAGTAATGATG.1",3
"X1_AAATGGAGTACAAGCG.1",8
"X1_AAATGGAGTACGCTTA.1",4
"X1_AAATGGAGTAGACAAT.1",5
"X1_AAATGGAGTAGCCAGA.1",1000
"X1_AAATGGAGTCAACACT.1",1000
"X1_AAATGGAGTCAATCTG.1",4
"X1_AAATGGAGTCACCACG.1",4
"X1_AAATGGAGTCGATTTG.1",2
"X1_AAATGGAGTCGCGGTT.1",1
"X1_AAATGGAGTCTGCAAT.1",7
"X1_AAATGGAGTGGGTTGA.1",4
"X1_AAATGGAGTTAGAAAC.1",4
"X1_AAATGGATCAACACGT.1",1000
"X1_AAATGGATCACTGAAC.1",1000
"X1_AAATGGATCAGGAAGC.1",7
"X1_AAATGGATCAGTGTCA.1",7
"X1_AAATGGATCCCTTCCC.1",4
"X1_AAATGGATCCTACCGT.1",8
"X1_AAATGGATCGCCAGAC.1",8
"X1_AAATGGATCGCGTCGA.1",1000
"X1_AAATGGATCGGTATGT.1",7
"X1_AAATGGATCGTAACCA.1",3
"X1_AAATGGATCTTCCCAG.1",2
"X1_AAATGGATCTTGGAAC.1",8
"X1_AACAAAGAGAATCGTA.1",4
"X1_AACAAAGAGACCATGG.1",1000
"X1_AACAAAGAGAGTCTGG.1",4
"X1_AACAAAGAGATGGTAT.1",8
"X1_AACAAAGAGCTCGACC.1",1000
"X1_AACAAAGAGCTTGTGT.1",4
"X1_AACAAAGAGGATACAT.1",1
"X1_AACAAAGAGGTCGAGT.1",1000
"X1_AACAAAGAGTGCGCTC.1",1000
"X1_AACAAAGCAAAGGGCT.1",5
"X1_AACAAAGCAATAGTGA.1",6
"X1_AACAAAGCACGCTGTG.1",8
"X1_AACAAAGCAGTAGAAT.1",4
"X1_AACAAAGCAGTCGCTG.1",1000
"X1_AACAAAGGTAAGGAGA.1",6
"X1_AACAAAGGTCAAGCGA.1",8
"X1_AACAAAGGTCCACGCA.1",8
"X1_AACAAAGGTCTGTGTA.1",7
"X1_AACAAAGGTGACTCTA.1",7
"X1_AACAAAGGTTACCGTA.1",7
"X1_AACAAAGGTTATCTGG.1",1000
"X1_AACAAAGGTTCTAACG.1",8
"X1_AACAAAGGTTCTGAGT.1",8
"X1_AACAAAGGTTGAATCC.1",8
"X1_AACAAAGGTTGTAAAG.1",7
"X1_AACAAAGGTTTCACTT.1",3
"X1_AACAAAGTCACCGGGT.1",4
"X1_AACAAAGTCCATCACC.1",3
"X1_AACAAAGTCCCAATAG.1",1000
"X1_AACAAAGTCCGTCAAA.1",8
"X1_AACAAAGTCGAGAACG.1",8
"X1_AACAAAGTCGCCTTGT.1",2
"X1_AACAAAGTCGTGCGAC.1",8
"X1_AACAAAGTCTACGGTA.1",7
"X1_AACAAAGTCTCCAAGA.1",7
"X1_AACAAAGTCTTTGCTA.1",5
"X1_AACAACCAGCCTTTCC.1",4
"X1_AACAACCAGGCTTAGG.1",8
"X1_AACAACCAGGGCTGAT.1",8
"X1_AACAACCAGGTAAGAG.1",5
"X1_AACAACCAGTCAACAA.1",8
"X1_AACAACCAGTGGCAGT.1",7
"X1_AACAACCCAAACTAAG.1",2
"X1_AACAACCCAACTCGAT.1",1000
"X1_AACAACCCACACGTGC.1",1000
"X1_AACAACCCACAGTCCG.1",3
"X1_AACAACCCACATATCG.1",6
"X1_AACAACCCACCTGCTT.1",2
"X1_AACAACCCACTACACA.1",8
"X1_AACAACCCACTACGGC.1",5
"X1_AACAACCCACTCCGGA.1",1000
"X1_AACAACCCACTGTCCT.1",4
"X1_AACAACCCATCCGGCA.1",7
"X1_AACAACCCATGGATCT.1",1
"X1_AACAACCGTACGTTCA.1",7
"X1_AACAACCGTCAACCTA.1",1000
"X1_AACAACCGTCACCACG.1",2
"X1_AACAACCGTCATCTAG.1",7
"X1_AACAACCGTCCTGTTC.1",0
"X1_AACAACCGTCTGCAAT.1",8
"X1_AACAACCGTGCCCAGT.1",1000
"X1_AACAACCGTGGGCTTC.1",7
"X1_AACAACCGTGTATCCA.1",6
"X1_AACAACCGTTGTTTGG.1",1000
"X1_AACAACCTCAGGTGTT.1",7
"X1_AACAACCTCGAACCAT.1",3
"X1_AACAACCTCGGCATTA.1",4
"X1_AACAACCTCTTCCCGA.1",5
"X1_AACAACCTCTTTCGAT.1",8
"X1_AACAAGAAGACGAGCT.1",4
"X1_AACAAGAAGAGCCTGA.1",2
"X1_AACAAGAAGATTGGGC.1",8
"X1_AACAAGAAGCAGATAT.1",4
"X1_AACAAGAAGCAGCGAT.1",1000
"X1_AACAAGAAGCCGGATA.1",1000
"X1_AACAAGAAGCCTCATA.1",4
"X1_AACAAGAAGGTTACCT.1",3
"X1_AACAAGAAGTCCTGCG.1",3
"X1_AACAAGACAAATGGCG.1",1000
"X1_AACAAGACACCTATCC.1",4
"X1_AACAAGACACCTGATA.1",6
"X1_AACAAGACACGCCAGT.1",7
"X1_AACAAGACAGACACAG.1",2
"X1_AACAAGACAGGGTTGA.1",4
"X1_AACAAGACATAGGTAA.1",5
"X1_AACAAGACATCGATGT.1",8
"X1_AACAAGAGTATCGAGG.1",2
"X1_AACAAGAGTGCTGTCG.1",8
"X1_AACAAGAGTTCCGGTG.1",1000
"X1_AACAAGAGTTCGTTCC.1",4
"X1_AACAAGAGTTGCGGCT.1",2
"X1_AACAAGATCAGCTGAT.1",5
"X1_AACAAGATCCATGATG.1",7
"X1_AACAAGATCCATTGGA.1",1000
"X1_AACAAGATCCCAAGCG.1",1000
"X1_AACAAGATCCCGTTGT.1",7
"X1_AACAAGATCCCTGTTG.1",1
"X1_AACAAGATCTATCGTT.1",1000
"X1_AACAAGATCTTCCCGA.1",2
"X1_AACAAGATCTTCTGGC.1",5
"X1_AACACACAGAATACAC.1",6
"X1_AACACACAGAGTATAC.1",4
"X1_AACACACAGATAGCTA.1",8
"X1_AACACACAGCCTAACT.1",1000
"X1_AACACACAGCGTGTCC.1",1000
"X1_AACACACAGCTGCCAC.1",3
"X1_AACACACAGGCACAAC.1",5
"X1_AACACACAGGGTAATT.1",4
"X1_AACACACAGTCCGTCG.1",8
"X1_AACACACAGTCGCCAC.1",7
"X1_AACACACAGTGTGTTC.1",4
"X1_AACACACAGTTAACGA.1",6
"X1_AACACACCAATAGTAG.1",0
"X1_AACACACCAATGTCAC.1",7
"X1_AACACACCACAATGCT.1",1000
"X1_AACACACCACACTTAG.1",5
"X1_AACACACCAGCAGTCC.1",1000
"X1_AACACACCAGCTGGTC.1",6
"X1_AACACACCATAAGATG.1",2
"X1_AACACACGTAGATTGA.1",0
"X1_AACACACGTAGGCTCC.1",8
"X1_AACACACGTCACATTG.1",1000
"X1_AACACACGTCATCCGG.1",3
"X1_AACACACGTCGCTTGG.1",6
"X1_AACACACGTGAGATAT.1",7
"X1_AACACACTCACACGAT.1",7
"X1_AACACACTCACCGGTG.1",4
"X1_AACACACTCATCGACA.1",8
"X1_AACACACTCCGTAGGC.1",1000
"X1_AACACACTCGGCAGTC.1",5
"X1_AACACACTCGGTCTAA.1",8
"X1_AACACACTCGTGCTCT.1",1000
"X1_AACACACTCTCAGAAC.1",1000
"X1_AACACACTCTGTCTCG.1",3
"X1_AACACACTCTTAAGGC.1",4
"X1_AACACACTCTTAGCTT.1",8
"X1_AACAGGGAGACGCCAA.1",7
"X1_AACAGGGAGCTTGTGT.1",2
"X1_AACAGGGAGGTACATA.1",1000
"X1_AACAGGGAGGTAGTAT.1",1000
"X1_AACAGGGAGTTTAGGA.1",0
"X1_AACAGGGCAACACGAG.1",4
"X1_AACAGGGCAACTAGAA.1",7
"X1_AACAGGGCAAGTAGTA.1",8
"X1_AACAGGGCAATCCTAG.1",7
"X1_AACAGGGCACAAACGG.1",1000
"X1_AACAGGGCACAAGTTC.1",4
"X1_AACAGGGCAGAAATCA.1",8
"X1_AACAGGGCAGCTAACT.1",7
"X1_AACAGGGCAGTGTACT.1",7
"X1_AACAGGGCATAATCGC.1",1000
"X1_AACAGGGCATCCTTGC.1",8
"X1_AACAGGGCATGGGCAA.1",0
"X1_AACAGGGGTAACATGA.1",7
"X1_AACAGGGGTAGAATAC.1",8
"X1_AACAGGGGTCAACCTA.1",1000
"X1_AACAGGGGTCCAAATC.1",5
"X1_AACAGGGGTCGAGCTC.1",6
"X1_AACAGGGGTGAGCTCC.1",5
"X1_AACAGGGGTGGACCAA.1",6
"X1_AACAGGGGTGGGTTGA.1",7
"X1_AACAGGGGTGTCTTGA.1",7
"X1_AACAGGGGTGTTAAAG.1",1000
"X1_AACAGGGGTTAGGCTT.1",7
"X1_AACAGGGTCATTTCCA.1",8
"X1_AACAGGGTCCCAAGCG.1",1000
"X1_AACAGGGTCCTAAGTG.1",1000
"X1_AACAGGGTCCTGTAGA.1",4
"X1_AACAGGGTCGGTCTGG.1",7
"X1_AACAGGGTCGTCCTCA.1",5
"X1_AACCAACAGACCATGG.1",8
"X1_AACCAACAGAGTTCGG.1",7
"X1_AACCAACAGATCCGAG.1",1000
"X1_AACCAACAGCGCTGCT.1",8
"X1_AACCAACAGGTGGCTA.1",1
"X1_AACCAACAGTCAATCC.1",1000
"X1_AACCAACAGTCATGCT.1",1000
"X1_AACCAACAGTCCTACA.1",0
"X1_AACCAACCACCAAATC.1",1000
"X1_AACCAACCAGAAGCTG.1",7
"X1_AACCAACCAGAGTTCT.1",1000
"X1_AACCAACCAGCACAAG.1",4
"X1_AACCAACCATCCGATA.1",4
"X1_AACCAACCATCGGCCA.1",8
"X1_AACCAACGTAAGTCAA.1",1000
"X1_AACCAACGTACCTTCC.1",6
"X1_AACCAACGTATAGGGC.1",8
"X1_AACCAACGTCAAAGAT.1",4
"X1_AACCAACGTGACTCTA.1",8
"X1_AACCAACGTTCAGTAC.1",7
"X1_AACCAACTCATCGCTC.1",8
"X1_AACCAACTCCCATGGG.1",1000
"X1_AACCAACTCGCAAGAG.1",0
"X1_AACCAACTCGCACTCT.1",1
"X1_AACCAACTCGCTCCTA.1",1000
"X1_AACCAACTCGGTGTAT.1",5
"X1_AACCAACTCTAAGCGT.1",2
"X1_AACCAACTCTTCTAAC.1",3
"X1_AACCACAAGATGTTGA.1",6
"X1_AACCACAAGCGTGCTC.1",1000
"X1_AACCACAAGGCTCAAG.1",8
"X1_AACCACAAGGTATCTC.1",6
"X1_AACCACAAGGTGGTTG.1",1000
"X1_AACCACAAGGTTCAGG.1",1000
"X1_AACCACAAGTAGCCAG.1",1000
"X1_AACCACAAGTTTCAGC.1",8
"X1_AACCACACAACTGAAA.1",8
"X1_AACCACACAAGGCGTA.1",1000
"X1_AACCACACAATGGCCC.1",8
"X1_AACCACACAATGTCAC.1",7
"X1_AACCACACACCCATAA.1",1000
"X1_AACCACACACCTGCAG.1",4
"X1_AACCACACACTATGTG.1",1000
"X1_AACCACACAGACCCGT.1",1
"X1_AACCACACAGCATTGT.1",8
"X1_AACCACACAGCCCAGT.1",7
"X1_AACCACACAGTAGGAC.1",3
"X1_AACCACACAGTCGAGA.1",8
"X1_AACCACACATGGAAGC.1",1000
"X1_AACCACAGTAGGATAT.1",8
"X1_AACCACAGTATGGTTC.1",4
"X1_AACCACAGTCGAACGA.1",8
"X1_AACCACAGTCGTCAGC.1",7
"X1_AACCACAGTCGTGGTC.1",1
"X1_AACCACAGTCTGTCAA.1",7
"X1_AACCACAGTGGGTCAA.1",1000
"X1_AACCACAGTGTACATC.1",4
"X1_AACCACAGTGTGCCTG.1",6
"X1_AACCACAGTTCCTAGA.1",8
"X1_AACCACAGTTCGGCTG.1",0
"X1_AACCACAGTTGTTGCA.1",8
"X1_AACCACAGTTTACGAC.1",8
"X1_AACCACAGTTTCACTT.1",0
"X1_AACCACATCATTGCCC.1",1000
"X1_AACCACATCCACACCT.1",7
"X1_AACCACATCCACGGAC.1",3
"X1_AACCACATCCATTCGC.1",1000
"X1_AACCACATCCCAGGAC.1",3
"X1_AACCACATCCCGTGTT.1",8
"X1_AACCACATCCGCACGA.1",4
"X1_AACCACATCCGTTTCG.1",7
"X1_AACCACATCCTGCTAC.1",5
"X1_AACCACATCGAACGGA.1",1000
"X1_AACCACATCGATACTG.1",4
"X1_AACCACATCTATGCCC.1",8
"X1_AACCACATCTCAGTCC.1",1000
"X1_AACCACATCTCTCGAC.1",6
"X1_AACCACATCTCTGACC.1",7
"X1_AACCACATCTTGTTAC.1",4
"X1_AACCATGAGACAGTCG.1",7
"X1_AACCATGAGAGTCTTC.1",1000
"X1_AACCATGAGCGACATG.1",4
"X1_AACCATGAGGATTTCC.1",8
"X1_AACCATGAGGTGAGAA.1",2
"X1_AACCATGAGGTGAGCT.1",5
"X1_AACCATGAGTATGGAT.1",3
"X1_AACCATGAGTCATTGC.1",2
"X1_AACCATGAGTGATAAC.1",6
"X1_AACCATGCAACCAATC.1",7
"X1_AACCATGCAAGCTGTT.1",5
"X1_AACCATGCAGATTCGT.1",8
"X1_AACCATGCAGGAATAT.1",8
"X1_AACCATGCATCCGAGC.1",4
"X1_AACCATGCATTGACAC.1",1000
"X1_AACCATGGTACTGCCG.1",7
"X1_AACCATGGTCCGGACT.1",1000
"X1_AACCATGGTCTGTAAC.1",8
"X1_AACCATGGTGGCTAGA.1",3
"X1_AACCATGGTGTTACAC.1",1000
"X1_AACCATGGTTCGTTCC.1",5
"X1_AACCATGGTTGTGCAT.1",4
"X1_AACCATGGTTTCGACA.1",2
"X1_AACCATGTCAGACCCG.1",5
"X1_AACCATGTCAGTCACA.1",5
"X1_AACCATGTCATGGTAC.1",1000
"X1_AACCATGTCCACGTAA.1",1000
"X1_AACCATGTCGTGTGAT.1",8
"X1_AACCATGTCTTAAGGC.1",8
"X1_AACCCAAAGAGGTCAC.1",8
"X1_AACCCAAAGCCAGTAG.1",7
"X1_AACCCAAAGCTTGTGT.1",5
"X1_AACCCAAAGGGCCAAT.1",1000
"X1_AACCCAAAGGTCTACT.1",7
"X1_AACCCAAAGGTTCTAC.1",8
"X1_AACCCAAAGGTTGAGC.1",7
"X1_AACCCAAAGTGCCCGT.1",8
"X1_AACCCAACAAATACAG.1",1000
"X1_AACCCAACAACGACTT.1",1000
"X1_AACCCAACAACTACGT.1",6
"X1_AACCCAACACCTGCGA.1",1000
"X1_AACCCAACACGCTGAC.1",6
"X1_AACCCAACACGGGTAA.1",1000
"X1_AACCCAACAGATCACT.1",1000
"X1_AACCCAACATGTCTAG.1",8
"X1_AACCCAAGTAATTGGA.1",1
"X1_AACCCAAGTCCACACG.1",8
"X1_AACCCAAGTCGCTGCA.1",7
"X1_AACCCAAGTCTACTGA.1",5
"X1_AACCCAAGTCTTGCTC.1",8
"X1_AACCCAATCCCGTGTT.1",1000
"X1_AACCCAATCCGATGTA.1",7
"X1_AACCCAATCCTGGGAC.1",1000
"X1_AACCCAATCGAATCCA.1",8
"X1_AACCCAATCGGTTCAA.1",8
"X1_AACCCAATCGTCCTCA.1",1000
"X1_AACCCAATCTTCGGAA.1",3
"X1_AACCCAATCTTTCTAG.1",4
"X1_AACCTGAAGAACCCGA.1",7
"X1_AACCTGAAGGATCACG.1",3
"X1_AACCTGAAGTCACGCC.1",7
"X1_AACCTGAAGTCTAACC.1",2
"X1_AACCTGACAATGTCAC.1",7
"X1_AACCTGACATGGTACT.1",8
"X1_AACCTGAGTACCGCGT.1",4
"X1_AACCTGAGTAGATTGA.1",0
"X1_AACCTGAGTCGAACGA.1",6
"X1_AACCTGAGTGAATAAC.1",4
"X1_AACCTGAGTGCGAGTA.1",3
"X1_AACCTGAGTGCTCTCT.1",7
"X1_AACCTGAGTGTCACAT.1",7
"X1_AACCTGAGTTTGGAAA.1",3
"X1_AACCTGATCATTGAGC.1",2
"X1_AACCTGATCCATGATG.1",1000
"X1_AACCTGATCCTGTTAT.1",1000
"X1_AACCTGATCGCAATTG.1",1
"X1_AACCTGATCGTGAGAG.1",1000
"X1_AACCTGATCTCCTACG.1",8
"X1_AACCTGATCTCTTAAC.1",6
"X1_AACCTTTAGACGACGT.1",2
"X1_AACCTTTAGACTACGG.1",8
"X1_AACCTTTAGATGCTGG.1",8
"X1_AACCTTTAGGATATGT.1",8
"X1_AACCTTTAGGCATCTT.1",7
"X1_AACCTTTCACTTCAGA.1",8
"X1_AACCTTTCAGACACAG.1",7
"X1_AACCTTTCAGCACACC.1",6
"X1_AACCTTTCAGCACCCA.1",3
"X1_AACCTTTGTAACCCTA.1",5
"X1_AACCTTTGTATTAAGG.1",1000
"X1_AACCTTTGTGACTGAG.1",8
"X1_AACCTTTGTGATAGAT.1",1
"X1_AACCTTTGTTGGGATG.1",1000
"X1_AACCTTTTCGACGCGT.1",2
"X1_AACCTTTTCTGAGTCA.1",3
"X1_AACGAAAAGATTAGCA.1",5
"X1_AACGAAAAGCGACCCT.1",7
"X1_AACGAAAAGCGCCTTG.1",1000
"X1_AACGAAAAGGCTAACG.1",1000
"X1_AACGAAAAGTTACGGG.1",1000
"X1_AACGAAACAACACGAG.1",8
"X1_AACGAAACAACCGACC.1",4
"X1_AACGAAACACGGCACT.1",4
"X1_AACGAAACACGGTGCT.1",4
"X1_AACGAAACACTCCACT.1",3
"X1_AACGAAACAGGAGACT.1",1000
"X1_AACGAAACAGGCAATG.1",8
"X1_AACGAAACATCCGATA.1",1000
"X1_AACGAAAGTAACCCGC.1",5
"X1_AACGAAAGTAACGCGA.1",1000
"X1_AACGAAAGTCTACACA.1",1000
"X1_AACGAAAGTGGGCTTC.1",1000
"X1_AACGAAAGTGGGTCAA.1",3
"X1_AACGAAAGTGTTTACG.1",2
"X1_AACGAAAGTTGTCCCT.1",3
"X1_AACGAAATCACTCTTA.1",8
"X1_AACGAAATCACTTCTA.1",2
"X1_AACGAAATCGCAGTGC.1",7
"X1_AACGAAATCGCAGTTA.1",7
"X1_AACGAAATCGGAAGGT.1",6
"X1_AACGAAATCGTGCACG.1",7
"X1_AACGAAATCGTTGTAG.1",0
"X1_AACGAAATCGTTGTGA.1",4
"X1_AACGGGAAGCAAGTGC.1",0
"X1_AACGGGAAGCCTGACC.1",8
"X1_AACGGGAAGTATTCCG.1",1000
"X1_AACGGGAAGTTTGGCT.1",7
"X1_AACGGGACAAATCGTC.1",1000
"X1_AACGGGACACATAGCT.1",1000
"X1_AACGGGACACGCGTCA.1",1
"X1_AACGGGACACTACACA.1",1000
"X1_AACGGGACACTACAGT.1",1
"X1_AACGGGACAGTTAGGG.1",1
"X1_AACGGGACATCCTGTC.1",3
"X1_AACGGGAGTACGACAG.1",2
"X1_AACGGGAGTCAAAGCG.1",8
"X1_AACGGGAGTCTAACGT.1",1000
"X1_AACGGGAGTCTAGATC.1",0
"X1_AACGGGAGTGAAAGTT.1",8
"X1_AACGGGAGTGTAAACA.1",1
"X1_AACGGGAGTTGGGTTT.1",7
"X1_AACGGGATCATTATCC.1",1000
"X1_AACGGGATCCACGGAC.1",1000
"X1_AACGGGATCCCAGTGG.1",7
"X1_AACGGGATCCCATTCG.1",1000
"X1_AACGGGATCGATCCCT.1",4
"X1_AACGGGATCGTGCACG.1",1000
"X1_AACGGGATCGTTCTAT.1",7
"X1_AACGGGATCTTGAGCA.1",8
"X1_AACGTCAAGAATTGCA.1",3
"X1_AACGTCAAGAATTGTG.1",6
"X1_AACGTCAAGACCAACG.1",8
"X1_AACGTCAAGATGTTCC.1",3
"X1_AACGTCAAGCATGTTC.1",1000
"X1_AACGTCAAGCTAGATA.1",1000
"X1_AACGTCAAGGAGAGTA.1",4
"X1_AACGTCAAGGCCCAAA.1",1
"X1_AACGTCAAGGTGTGAC.1",5
"X1_AACGTCAAGTCCGCCA.1",4
"X1_AACGTCACAAGCCATT.1",1000
"X1_AACGTCACACTGTTCC.1",7
"X1_AACGTCACATAGACTC.1",1
"X1_AACGTCACATCCGTTC.1",0
"X1_AACGTCACATCTCGTC.1",2
"X1_AACGTCACATTAGGCT.1",7
"X1_AACGTCACATTGCCGG.1",1000
"X1_AACGTCAGTAGATGTA.1",6
"X1_AACGTCAGTATCGTTG.1",8
"X1_AACGTCAGTCACGCTG.1",7
"X1_AACGTCAGTCATGACT.1",1000
"X1_AACGTCAGTCTCGCGA.1",2
"X1_AACGTCAGTCTCTCAC.1",4
"X1_AACGTCAGTGAACGGT.1",3
"X1_AACGTCAGTGAATTAG.1",1000
"X1_AACGTCAGTGTTCAGT.1",1000
"X1_AACGTCAGTTTCACAG.1",8
"X1_AACGTCATCAAGGTGG.1",3
"X1_AACGTCATCATAGCAC.1",8
"X1_AACGTCATCCCATTTA.1",1000
"X1_AACGTCATCCCGTTCA.1",1000
"X1_AACGTCATCCGTTTCG.1",7
"X1_AACGTCATCCTTCAGC.1",1000
"X1_AACGTCATCGGTGAAG.1",8
"X1_AACGTCATCTGCTTAT.1",4
"X1_AACGTCATCTTACGTT.1",8
"X1_AACTTCTAGAAGCGAA.1",8
"X1_AACTTCTAGAGCTGCA.1",1000
"X1_AACTTCTAGCGACCCT.1",2
"X1_AACTTCTAGCTAATCC.1",1000
"X1_AACTTCTAGCTACAAA.1",1000
"X1_AACTTCTCAAGGATGC.1",8
"X1_AACTTCTCAATCTAGC.1",4
"X1_AACTTCTCAATGACCT.1",3
"X1_AACTTCTCACCGGAAA.1",7
"X1_AACTTCTCACGGCGTT.1",1000
"X1_AACTTCTCACTACGGC.1",4
"X1_AACTTCTCAGCATCTA.1",8
"X1_AACTTCTCAGCATTGT.1",7
"X1_AACTTCTCAGCCGTCA.1",0
"X1_AACTTCTCAGCGTGAA.1",0
"X1_AACTTCTCAGTAGTTC.1",1000
"X1_AACTTCTCATAGACTC.1",1000
"X1_AACTTCTCATCAGTCA.1",8
"X1_AACTTCTCATCTATCT.1",1000
"X1_AACTTCTCATGGTGGA.1",1
"X1_AACTTCTGTCTCAAGT.1",7
"X1_AACTTCTGTGACGCCT.1",1000
"X1_AACTTCTGTTCAAACC.1",1000
"X1_AACTTCTGTTCGGCTG.1",1000
"X1_AACTTCTTCAGACCCG.1",1000
"X1_AACTTCTTCCAAGAGG.1",1
"X1_AACTTCTTCCTCTAAT.1",8
"X1_AACTTCTTCCTCTTTC.1",6
"X1_AACTTCTTCGACGATT.1",8
"X1_AACTTCTTCGAGCACC.1",7
"X1_AACTTCTTCTGATTCT.1",6
"X1_AAGAACAAGAGTGGCT.1",1000
"X1_AAGAACAAGCCTGAGA.1",1
"X1_AAGAACAAGCGTTGTT.1",8
"X1_AAGAACAAGGCGTCCT.1",4
"X1_AAGAACAAGGTGGCTA.1",8
"X1_AAGAACACAAAGCTAA.1",1000
"X1_AAGAACACAAAGCTCT.1",4
"X1_AAGAACACACTTGACA.1",7
"X1_AAGAACACAGACGATG.1",2
"X1_AAGAACACAGAGTAAT.1",8
"X1_AAGAACACAGGAACCA.1",7
"X1_AAGAACACATAGTCGT.1",3
"X1_AAGAACACATATGCGT.1",7
"X1_AAGAACAGTAAGGCCA.1",4
"X1_AAGAACAGTAGCTGTT.1",1000
"X1_AAGAACAGTAGGTCAG.1",6
"X1_AAGAACAGTAGTATAG.1",1
"X1_AAGAACAGTATGAAAC.1",8
"X1_AAGAACAGTCATTCCC.1",5
"X1_AAGAACAGTGATACAA.1",7
"X1_AAGAACAGTGCATCTA.1",8
"X1_AAGAACAGTGGCTGCT.1",5
"X1_AAGAACAGTTCAATCG.1",8
"X1_AAGAACATCCCTAGGG.1",1
"X1_AAGAACATCGAGTACT.1",8
"X1_AAGAACATCTTGAGCA.1",5
"X1_AAGAACATCTTTCCGG.1",1
"X1_AAGAACATCTTTGATC.1",7
"X1_AAGACAAAGAGGATCC.1",7
"X1_AAGACAAAGAGGTATT.1",1000
"X1_AAGACAAAGCCGATAG.1",8
"X1_AAGACAAAGCTACAAA.1",7
"X1_AAGACAAAGCTTAAGA.1",4
"X1_AAGACAAAGCTTAGTC.1",0
"X1_AAGACAAAGGCCATAG.1",3
"X1_AAGACAAAGGTATCTC.1",1000
"X1_AAGACAAAGGTCGAGT.1",1000
"X1_AAGACAAAGGTGCTAG.1",0
"X1_AAGACAAAGTAACCTC.1",1000
"X1_AAGACAAAGTAAGACT.1",1
"X1_AAGACAACAACAACAA.1",8
"X1_AAGACAACAACGATTC.1",7
"X1_AAGACAACAACGGGTA.1",7
"X1_AAGACAACAACTGCTA.1",3
"X1_AAGACAACACTCCGAG.1",1000
"X1_AAGACAACACTTGTGA.1",5
"X1_AAGACAACAGACCTGC.1",7
"X1_AAGACAACAGCATACT.1",3
"X1_AAGACAACAGCCGTTG.1",8
"X1_AAGACAACAGTGTGCC.1",5
"X1_AAGACAACATACCATG.1",3
"X1_AAGACAAGTACAGAGC.1",4
"X1_AAGACAAGTCAACCAT.1",1
"X1_AAGACAAGTCTAGGCC.1",7
"X1_AAGACAAGTGCCTGAC.1",1000
"X1_AAGACAAGTGGTAACG.1",6
"X1_AAGACAAGTTCTCGTC.1",7
"X1_AAGACAATCAGGTGTT.1",8
"X1_AAGACAATCCACAGGC.1",2
"X1_AAGACAATCCAGTACA.1",5
"X1_AAGACAATCCTGATAG.1",7
"X1_AAGACAATCGCCATAA.1",7
"X1_AAGACTCAGAAGAGCA.1",1000
"X1_AAGACTCAGAGAACCC.1",2
"X1_AAGACTCAGATGAACT.1",2
"X1_AAGACTCAGCCAAGTG.1",4
"X1_AAGACTCAGCCTCCAG.1",1
"X1_AAGACTCAGGATGGCT.1",7
"X1_AAGACTCAGGGACACT.1",7
"X1_AAGACTCAGTACTGTC.1",1000
"X1_AAGACTCCAACCCTAA.1",4
"X1_AAGACTCCAAGAGGTC.1",3
"X1_AAGACTCCAATTTCTC.1",4
"X1_AAGACTCCACAGCCTG.1",5
"X1_AAGACTCCACCCTATC.1",7
"X1_AAGACTCCATAGAATG.1",1000
"X1_AAGACTCGTACAACGG.1",3
"X1_AAGACTCGTACGAGTG.1",4
"X1_AAGACTCGTAGCGCTC.1",7
"X1_AAGACTCGTAGGCAGT.1",0
"X1_AAGACTCGTAGGTAGC.1",7
"X1_AAGACTCGTGACTCGC.1",5
"X1_AAGACTCTCAGGTGTT.1",2
"X1_AAGACTCTCGATTGAC.1",3
"X1_AAGACTCTCGTTATCT.1",1000
"X1_AAGATAGAGAGGTATT.1",8
"X1_AAGATAGAGAGGTCGT.1",8
"X1_AAGATAGAGCAAGTCG.1",7
"X1_AAGATAGAGCCGATAG.1",8
"X1_AAGATAGAGCGCCTAC.1",1000
"X1_AAGATAGAGCGCTGAA.1",1000
"X1_AAGATAGAGGGCGAGA.1",7
"X1_AAGATAGAGGTCGCCT.1",1000
"X1_AAGATAGCACAGTGAG.1",2
"X1_AAGATAGCACTCCCTA.1",1000
"X1_AAGATAGCACTGGATT.1",8
"X1_AAGATAGCAGTCCGTG.1",7
"X1_AAGATAGCATTGCCGG.1",1000
"X1_AAGATAGGTAAGATTG.1",8
"X1_AAGATAGGTACTGCCG.1",2
"X1_AAGATAGGTCGATTTG.1",1
"X1_AAGATAGGTGACTCTA.1",8
"X1_AAGATAGGTGAGACCA.1",1000
"X1_AAGATAGGTGAGGAAA.1",5
"X1_AAGATAGGTGCTCTTC.1",7
"X1_AAGATAGTCACCTGTC.1",1
"X1_AAGATAGTCATGAGGG.1",8
"X1_AAGATAGTCCATGATG.1",1000
"X1_AAGATAGTCCGCACGA.1",8
"X1_AAGATAGTCGCTCATC.1",8
"X1_AAGATAGTCGGCATAT.1",8
"X1_AAGATAGTCGGTGAAG.1",1000
"X1_AAGATAGTCGTAGTCA.1",1000
"X1_AAGATAGTCTGGACTA.1",3
"X1_AAGATAGTCTTCCGTG.1",8
"X1_AAGATAGTCTTGTGCC.1",1000
"X1_AAGCATCAGAGTCAAT.1",0
"X1_AAGCATCAGGTTCCGC.1",0
"X1_AAGCATCAGGTTGAGC.1",8
"X1_AAGCATCCAAAGAGTT.1",1000
"X1_AAGCATCCACACCGAC.1",6
"X1_AAGCATCGTAATACCC.1",5
"X1_AAGCATCGTAGTTACC.1",1
"X1_AAGCATCGTCCACAGC.1",4
"X1_AAGCATCGTCCAGCAC.1",0
"X1_AAGCATCGTCCTTGTC.1",1000
"X1_AAGCATCGTCGAGCTC.1",7
"X1_AAGCATCGTCGCACAC.1",8
"X1_AAGCATCGTCGTAATC.1",3
"X1_AAGCATCGTGACAGCA.1",1000
"X1_AAGCATCGTTCTCGTC.1",7
"X1_AAGCATCGTTTACCAG.1",1000
"X1_AAGCATCGTTTCGTTT.1",5
"X1_AAGCATCTCATAGACC.1",4
"X1_AAGCATCTCCACTGGG.1",5
"X1_AAGCATCTCCGCCTAT.1",8
"X1_AAGCATCTCCGTGCGA.1",3
"X1_AAGCATCTCCTCCACA.1",8
"X1_AAGCATCTCGAGAACG.1",8
"X1_AAGCATCTCGCTGACG.1",0
"X1_AAGCCATAGGGTACAC.1",7
"X1_AAGCCATAGGTTGCCC.1",8
"X1_AAGCCATAGTAAGCAT.1",3
"X1_AAGCCATAGTACAGCG.1",8
"X1_AAGCCATAGTATAGGT.1",3
"X1_AAGCCATAGTCATCCA.1",8
"X1_AAGCCATCAAATCCCA.1",1000
"X1_AAGCCATCAACATACC.1",1000
"X1_AAGCCATCAATTCTCT.1",7
"X1_AAGCCATCACAATTCG.1",5
"X1_AAGCCATCACATGTTG.1",4
"X1_AAGCCATCACTGTCCT.1",4
"X1_AAGCCATCAGCCGTCA.1",7
"X1_AAGCCATCAGGCCCTA.1",4
"X1_AAGCCATCAGGGAGAG.1",6
"X1_AAGCCATCAGGTCTCG.1",4
"X1_AAGCCATCAGTATTCG.1",4
"X1_AAGCCATCATCAGCAT.1",1000
"X1_AAGCCATCATCCGTGG.1",5
"X1_AAGCCATCATCGCCTT.1",1000
"X1_AAGCCATCATGGCGCT.1",1000
"X1_AAGCCATCATTCTCCG.1",1000
"X1_AAGCCATGTACGGCAA.1",7
"X1_AAGCCATGTACGTTCA.1",7
"X1_AAGCCATGTCACTTAG.1",4
"X1_AAGCCATGTCTAACGT.1",0
"X1_AAGCCATGTCTTTCAT.1",4
"X1_AAGCCATGTGTGAATA.1",7
"X1_AAGCCATGTGTTATCG.1",2
"X1_AAGCCATGTTAAGACA.1",8
"X1_AAGCCATGTTACGATC.1",3
"X1_AAGCCATGTTGCACGC.1",8
"X1_AAGCCATGTTTCCCAC.1",1000
"X1_AAGCCATGTTTCGCTC.1",4
"X1_AAGCCATGTTTGGAAA.1",1
"X1_AAGCCATTCACTACTT.1",4
"X1_AAGCCATTCAGTCATG.1",1000
"X1_AAGCCATTCATGGATC.1",8
"X1_AAGCCATTCCAGCCTT.1",1000
"X1_AAGCCATTCCATACTT.1",4
"X1_AAGCCATTCCGAACGC.1",3
"X1_AAGCCATTCCGATAAC.1",1
"X1_AAGCCATTCGACCAAT.1",1000
"X1_AAGCCATTCGAGAGAC.1",8
"X1_AAGCCATTCGAGTACT.1",7
"X1_AAGCCATTCGCGGTAC.1",1
"X1_AAGCCATTCGTCACCT.1",1000
"X1_AAGCCATTCTAGAGCT.1",1000
"X1_AAGCGAGAGATGACCG.1",1000
"X1_AAGCGAGAGCACTAGG.1",7
"X1_AAGCGAGAGCTCGTGC.1",1000
"X1_AAGCGAGAGGCCCACT.1",3
"X1_AAGCGAGAGTCGAAAT.1",7
"X1_AAGCGAGAGTCTCCTC.1",1000
"X1_AAGCGAGAGTGGATAT.1",6
"X1_AAGCGAGAGTTTAGGA.1",5
"X1_AAGCGAGCAACACAAA.1",4
"X1_AAGCGAGCACAGCCAC.1",0
"X1_AAGCGAGCAGAATGTA.1",7
"X1_AAGCGAGCAGTATACC.1",3
"X1_AAGCGAGCAGTTAGAA.1",6
"X1_AAGCGAGGTACATTGC.1",2
"X1_AAGCGAGGTAGCTTTG.1",8
"X1_AAGCGAGGTCATGGCC.1",7
"X1_AAGCGAGGTCGTGCCA.1",3
"X1_AAGCGAGGTGCCCTTT.1",8
"X1_AAGCGAGGTGTTCATG.1",1
"X1_AAGCGAGGTTAGGCCC.1",7
"X1_AAGCGAGGTTGGATCT.1",3
"X1_AAGCGAGGTTGGCCGT.1",3
"X1_AAGCGAGGTTTCAGAC.1",8
"X1_AAGCGAGTCCATCCGT.1",1
"X1_AAGCGAGTCCCGAGGT.1",2
"X1_AAGCGAGTCCTCCACA.1",2
"X1_AAGCGAGTCGTACCTC.1",3
"X1_AAGCGAGTCTATGTGG.1",1
"X1_AAGCGAGTCTGAGGTT.1",1000
"X1_AAGCGAGTCTTTCCAA.1",4
"X1_AAGCGTTAGAATCTAG.1",1000
"X1_AAGCGTTAGATACCAA.1",8
"X1_AAGCGTTAGCCGTTAT.1",3
"X1_AAGCGTTAGCCTGAAG.1",1000
"X1_AAGCGTTAGGAAAGTG.1",1000
"X1_AAGCGTTAGGGAGTTC.1",8
"X1_AAGCGTTAGGGCCAAT.1",7
"X1_AAGCGTTAGTTAGTGA.1",1000
"X1_AAGCGTTCAAACTAGA.1",7
"X1_AAGCGTTCAAGAGTAT.1",8
"X1_AAGCGTTCACACTGGC.1",1000
"X1_AAGCGTTCACGACGCT.1",4
"X1_AAGCGTTCACTAGGTT.1",1
"X1_AAGCGTTCAGCTGTCG.1",8
"X1_AAGCGTTCAGGCCCTA.1",3
"X1_AAGCGTTCAGGGCTTC.1",7
"X1_AAGCGTTGTACCCAGC.1",1000
"X1_AAGCGTTGTCATACCA.1",7
"X1_AAGCGTTGTCCATAGT.1",3
"X1_AAGCGTTGTCCGGTGT.1",7
"X1_AAGCGTTGTCGGCTAC.1",8
"X1_AAGCGTTGTGACACAG.1",5
"X1_AAGCGTTGTGATACTC.1",1000
"X1_AAGCGTTGTGCCTACG.1",8
"X1_AAGCGTTGTGCGGTAA.1",4
"X1_AAGCGTTGTGTCCCTT.1",8
"X1_AAGCGTTGTTCGATTG.1",3
"X1_AAGCGTTTCCGATCTC.1",2
"X1_AAGCGTTTCCGCGATG.1",5
"X1_AAGCGTTTCGAGATAA.1",1000
"X1_AAGCGTTTCTCGGTAA.1",4
"X1_AAGCGTTTCTCTATGT.1",7
"X1_AAGCGTTTCTGGGATT.1",1
"X1_AAGGAATAGACCTCAT.1",8
"X1_AAGGAATAGAGTTGAT.1",3
"X1_AAGGAATAGGAGCAAA.1",4
"X1_AAGGAATAGGCTAAAT.1",1000
"X1_AAGGAATAGGGATGTC.1",1000
"X1_AAGGAATAGGTTCATC.1",1000
"X1_AAGGAATAGTTGAAGT.1",8
"X1_AAGGAATAGTTGGCGA.1",1000
"X1_AAGGAATCACAATGAA.1",1000
"X1_AAGGAATCACTATCGA.1",4
"X1_AAGGAATCACTCTGCT.1",7
"X1_AAGGAATCAGAAGCGT.1",1
"X1_AAGGAATCAGACACCC.1",3
"X1_AAGGAATCAGGTGACA.1",8
"X1_AAGGAATCAGTTGCGC.1",2
"X1_AAGGAATCATGAGTAA.1",5
"X1_AAGGAATGTAACTTCG.1",5
"X1_AAGGAATGTAAGTCAA.1",6
"X1_AAGGAATGTACCGTCG.1",5
"X1_AAGGAATGTCAAACGG.1",8
"X1_AAGGAATGTCCGACGT.1",1000
"X1_AAGGAATGTCCTCCTA.1",4
"X1_AAGGAATGTCTTGCTC.1",8
"X1_AAGGAATGTGTATACC.1",1000
"X1_AAGGAATGTTCACCGG.1",4
"X1_AAGGAATGTTGCATGT.1",8
"X1_AAGGAATGTTTCGCTC.1",8
"X1_AAGGAATTCAACGTGT.1",6
"X1_AAGGAATTCAAGCCAT.1",8
"X1_AAGGAATTCAGCATTG.1",2
"X1_AAGGAATTCATGGCCG.1",3
"X1_AAGGAATTCCGGGACT.1",4
"X1_AAGGAATTCCTACACC.1",7
"X1_AAGGAATTCGGCTCTT.1",1000
"X1_AAGGAATTCGGTATGT.1",1
"X1_AAGGAATTCGTTCATT.1",1000
"X1_AAGGAATTCTGCTTAT.1",7
"X1_AAGGTAAAGAGGTTAT.1",4
"X1_AAGGTAAAGCCGCTTG.1",7
"X1_AAGGTAAAGCCTTGAT.1",7
"X1_AAGGTAAAGCTTTCTT.1",1000
"X1_AAGGTAAAGGAAAGAC.1",1000
"X1_AAGGTAAAGGACTGGT.1",4
"X1_AAGGTAAAGGCTTAAA.1",7
"X1_AAGGTAAAGTGCTAGG.1",4
"X1_AAGGTAAAGTTGTCAC.1",7
"X1_AAGGTAACAACTGATC.1",0
"X1_AAGGTAACACATATGC.1",1000
"X1_AAGGTAACACGCCACA.1",1000
"X1_AAGGTAACAGCAGTCC.1",1000
"X1_AAGGTAACAGTAGGAC.1",7
"X1_AAGGTAACAGTCTACA.1",1000
"X1_AAGGTAACAGTGGTGA.1",1000
"X1_AAGGTAACATTCTCTA.1",0
"X1_AAGGTAACATTGTGCA.1",8
"X1_AAGGTAAGTACAACGG.1",4
"X1_AAGGTAAGTAGGTTTC.1",7
"X1_AAGGTAAGTATCTTCT.1",4
"X1_AAGGTAAGTCGAACAG.1",1
"X1_AAGGTAAGTCGGCACT.1",4
"X1_AAGGTAAGTGACTGAG.1",1000
"X1_AAGGTAAGTGAGATCG.1",8
"X1_AAGGTAAGTGTCTTAG.1",1
"X1_AAGGTAAGTTCAAAGA.1",7
"X1_AAGGTAAGTTGCTCCT.1",1000
"X1_AAGGTAATCCAACACA.1",5
"X1_AAGGTAATCCCTAGGG.1",4
"X1_AAGGTAATCGACCATA.1",3
"X1_AAGGTAATCGTCCATC.1",1000
"X1_AAGGTAATCTCGACGG.1",7
"X1_AAGGTAATCTCGGGAC.1",8
"X1_AAGGTAATCTCTATGT.1",6
"X1_AAGTACCAGAAGCTCG.1",1000
"X1_AAGTACCAGACTAGAT.1",4
"X1_AAGTACCAGATGTAGT.1",4
"X1_AAGTACCAGCCACAAG.1",1000
"X1_AAGTACCAGCCAGTAG.1",8
"X1_AAGTACCAGCGCCCAT.1",3
"X1_AAGTACCAGGCGCTTC.1",8
"X1_AAGTACCAGGGTCACA.1",2
"X1_AAGTACCAGGTACAAT.1",1000
"X1_AAGTACCAGGTACCTT.1",7
"X1_AAGTACCAGTAGCCAG.1",1000
"X1_AAGTACCCAAGGCCTC.1",4
"X1_AAGTACCCAATACGAA.1",4
"X1_AAGTACCCAATAGTAG.1",7
"X1_AAGTACCCACACCTGG.1",8
"X1_AAGTACCCACTCTCGT.1",8
"X1_AAGTACCCAGGAGGTT.1",2
"X1_AAGTACCCAGTCGGAA.1",5
"X1_AAGTACCCATACCACA.1",6
"X1_AAGTACCCATGGCTAT.1",8
"X1_AAGTACCGTACGAGTG.1",3
"X1_AAGTACCGTAGCTTAC.1",5
"X1_AAGTACCGTATCGAAA.1",1000
"X1_AAGTACCGTATGCTTG.1",1000
"X1_AAGTACCGTATGGGAC.1",1
"X1_AAGTACCGTCGCACAC.1",1
"X1_AAGTACCGTCGCATTA.1",1
"X1_AAGTACCGTCGGAACA.1",1000
"X1_AAGTACCGTGGTCTGC.1",1
"X1_AAGTACCGTTCCAGGC.1",3
"X1_AAGTACCGTTCGGTTA.1",1000
"X1_AAGTACCGTTCTCCAC.1",5
"X1_AAGTACCTCATCAGTG.1",4
"X1_AAGTACCTCCGATCGG.1",1000
"X1_AAGTACCTCCGTGTCT.1",1000
"X1_AAGTACCTCGACCTAA.1",4
"X1_AAGTACCTCGTAACTG.1",4
"X1_AAGTACCTCGTCAAAC.1",2
"X1_AAGTACCTCGTGTGAT.1",6
"X1_AAGTACCTCTATCGCC.1",4
"X1_AAGTCGTAGAGACAAG.1",1
"X1_AAGTCGTAGAGCATCG.1",7
"X1_AAGTCGTAGCCTGCCA.1",2
"X1_AAGTCGTAGGATACCG.1",1000
"X1_AAGTCGTAGGCCCGTT.1",5
"X1_AAGTCGTAGTCACACT.1",5
"X1_AAGTCGTAGTTAACGA.1",4
"X1_AAGTCGTAGTTGCGCC.1",3
"X1_AAGTCGTCAACACAGG.1",7
"X1_AAGTCGTCAATACCTG.1",4
"X1_AAGTCGTCACAAGCCC.1",7
"X1_AAGTCGTCACAATTCG.1",8
"X1_AAGTCGTCACAGGATG.1",5
"X1_AAGTCGTCACTCCGGA.1",7
"X1_AAGTCGTCAGCAGGAT.1",8
"X1_AAGTCGTCAGTCTACA.1",1000
"X1_AAGTCGTCATAGACTC.1",7
"X1_AAGTCGTCATTACGGT.1",1000
"X1_AAGTCGTCATTCTCCG.1",8
"X1_AAGTCGTGTCACAGTT.1",8
"X1_AAGTCGTGTCCAACGC.1",5
"X1_AAGTCGTGTCGACTGC.1",4
"X1_AAGTCGTGTCTAGTGT.1",1000
"X1_AAGTCGTGTCTCACGG.1",4
"X1_AAGTCGTTCACTGATG.1",1
"X1_AAGTCGTTCCGGCAAC.1",2
"X1_AAGTCGTTCGACGCTG.1",1000
"X1_AAGTCGTTCGTTCCTG.1",1000
"X1_AAGTCGTTCGTTCTGC.1",7
"X1_AAGTCGTTCTTACTGT.1",1
"X1_AAGTGAAAGAAGAACG.1",8
"X1_AAGTGAAAGACGGAAA.1",8
"X1_AAGTGAAAGATTAGTG.1",4
"X1_AAGTGAAAGCAAGTCG.1",6
"X1_AAGTGAAAGCACGGAT.1",7
"X1_AAGTGAAAGCCATATC.1",4
"X1_AAGTGAAAGCCTGACC.1",8
"X1_AAGTGAAAGGAACGCT.1",1000
"X1_AAGTGAAAGGATCACG.1",1000
"X1_AAGTGAAAGTATGTAG.1",0
"X1_AAGTGAAAGTGCACCC.1",7
"X1_AAGTGAAAGTGGCGAT.1",4
"X1_AAGTGAAAGTGGGAAA.1",3
"X1_AAGTGAAAGTTACTCG.1",5
"X1_AAGTGAAAGTTCCGGC.1",7
"X1_AAGTGAACAAGACCGA.1",1
"X1_AAGTGAACAAGCCCAC.1",8
"X1_AAGTGAACAATAGTCC.1",4
"X1_AAGTGAACACTTTAGG.1",8
"X1_AAGTGAACAGACCTGC.1",6
"X1_AAGTGAACAGCCGTCA.1",4
"X1_AAGTGAACAGCTGAGA.1",8
"X1_AAGTGAACAGTAGAGC.1",1000
"X1_AAGTGAACATAGCACT.1",7
"X1_AAGTGAACATAGGAGC.1",3
"X1_AAGTGAACATCGCTCT.1",1000
"X1_AAGTGAACATGGAGAC.1",7
"X1_AAGTGAACATTGACCA.1",8
"X1_AAGTGAAGTAGCGTTT.1",7
"X1_AAGTGAAGTATATGGA.1",8
"X1_AAGTGAAGTTAGTTCG.1",8
"X1_AAGTGAAGTTCGGCCA.1",1
"X1_AAGTGAAGTTGACTAC.1",7
"X1_AAGTGAAGTTGTCTAG.1",1000
"X1_AAGTGAATCAGTCCGG.1",6
"X1_AAGTGAATCGCAGTTA.1",7
"X1_AAGTGAATCGGCTGAC.1",8
"X1_AAGTGAATCGTTGCCT.1",1000
"X1_AAGTGAATCTGGCCGA.1",2
"X1_AAGTGAATCTTTGATC.1",3
"X1_AAGTTCGAGAAGCGGG.1",4
"X1_AAGTTCGAGCCTCAGC.1",1000
"X1_AAGTTCGAGCGATGAC.1",0
"X1_AAGTTCGAGGACCCAA.1",8
"X1_AAGTTCGAGGTCGAGT.1",1000
"X1_AAGTTCGAGTGCTCGC.1",1000
"X1_AAGTTCGCAAAGCAAT.1",6
"X1_AAGTTCGCAAATAGCA.1",6
"X1_AAGTTCGCACGGATCC.1",1000
"X1_AAGTTCGCACGTCTCT.1",8
"X1_AAGTTCGCACTCGATA.1",1000
"X1_AAGTTCGCACTTGAGT.1",1000
"X1_AAGTTCGCAGGCACAA.1",4
"X1_AAGTTCGCAGGTTTAC.1",1
"X1_AAGTTCGCAGTTGTCA.1",5
"X1_AAGTTCGCATAGGTAA.1",7
"X1_AAGTTCGCATCGATAC.1",4
"X1_AAGTTCGGTAGGAGGG.1",1000
"X1_AAGTTCGGTAGTCACT.1",1000
"X1_AAGTTCGGTGTGTCCG.1",5
"X1_AAGTTCGGTTATTCTC.1",4
"X1_AAGTTCGGTTGGGTAG.1",6
"X1_AAGTTCGTCACCCTTG.1",3
"X1_AAGTTCGTCATTACCT.1",8
"X1_AAGTTCGTCCGCTTAC.1",8
"X1_AAGTTCGTCCTAGCCT.1",8
"X1_AAGTTCGTCGTAGCCG.1",8
"X1_AAGTTCGTCTATCACT.1",5
"X1_AAGTTCGTCTCGACCT.1",1000
"X1_AAGTTCGTCTTAATCC.1",1
"X1_AAGTTCGTCTTGCAGA.1",0
"X1_AAGTTCGTCTTTCGAT.1",1000
"X1_AATAGAGAGAAGTCTA.1",1000
"X1_AATAGAGAGCACCGAA.1",1000
"X1_AATAGAGAGCCTCAGC.1",7
"X1_AATAGAGAGCTCACTA.1",4
"X1_AATAGAGAGTATCTGC.1",7
"X1_AATAGAGAGTCAATCC.1",2
"X1_AATAGAGCAAAGAACT.1",7
"X1_AATAGAGCAAATGGAT.1",1
"X1_AATAGAGCAAGAGTTA.1",1000
"X1_AATAGAGCAATCTCTT.1",1000
"X1_AATAGAGCACCTGAAT.1",4
"X1_AATAGAGCACGTAACT.1",6
"X1_AATAGAGCAGAAACCG.1",1000
"X1_AATAGAGCAGCCGGTT.1",0
"X1_AATAGAGCATCAGCTA.1",3
"X1_AATAGAGGTAAGATTG.1",7
"X1_AATAGAGGTACGCGTC.1",1000
"X1_AATAGAGGTAGAGATT.1",8
"X1_AATAGAGGTAGCGTCC.1",3
"X1_AATAGAGGTAGGAGTC.1",8
"X1_AATAGAGGTAGTGTGG.1",4
"X1_AATAGAGGTCGGATTT.1",7
"X1_AATAGAGGTCGTGTTA.1",8
"X1_AATAGAGGTTAGAAGT.1",8
"X1_AATAGAGGTTCCTAGA.1",4
"X1_AATAGAGTCACAGTGT.1",5
"X1_AATAGAGTCCCTCTAG.1",1
"X1_AATAGAGTCCGACATA.1",7
"X1_AATAGAGTCCGACGGT.1",4
"X1_AATAGAGTCCGATAGT.1",3
"X1_AATAGAGTCCTTTAGT.1",1
"X1_AATAGAGTCTCCGAAA.1",8
"X1_AATAGAGTCTGTAAGC.1",4
"X1_AATAGAGTCTTCACGC.1",1000
"X1_AATCACGAGAACCGCA.1",7
"X1_AATCACGAGCCATATC.1",3
"X1_AATCACGAGCCGCTTG.1",3
"X1_AATCACGAGCTACAAA.1",7
"X1_AATCACGAGGTAAACT.1",7
"X1_AATCACGAGGTGAGAA.1",0
"X1_AATCACGAGGTGCTTT.1",5
"X1_AATCACGAGTCAAGCG.1",1000
"X1_AATCACGAGTGAGTTA.1",8
"X1_AATCACGAGTGATAAC.1",3
"X1_AATCACGAGTTAACAG.1",8
"X1_AATCACGAGTTCGGTT.1",2
"X1_AATCACGCAAAGGGCT.1",7
"X1_AATCACGCAACCTATG.1",4
"X1_AATCACGCAAGTAGTA.1",8
"X1_AATCACGCAATCAAGA.1",5
"X1_AATCACGCACAAATAG.1",2
"X1_AATCACGCACGAGGTA.1",1000
"X1_AATCACGCACGCGGTT.1",7
"X1_AATCACGCACGGTGCT.1",5
"X1_AATCACGCAGCAGGAT.1",3
"X1_AATCACGCAGCTACCG.1",8
"X1_AATCACGCAGCTCGGT.1",8
"X1_AATCACGCAGGATTCT.1",0
"X1_AATCACGCATCCCGTT.1",3
"X1_AATCACGCATTGGCAT.1",1000
"X1_AATCACGGTGGACTAG.1",7
"X1_AATCACGGTTAGGACG.1",7
"X1_AATCACGTCAGCTGTA.1",2
"X1_AATCACGTCATGGTAC.1",5
"X1_AATCACGTCCCAACTC.1",7
"X1_AATCACGTCCCATACC.1",7
"X1_AATCACGTCCGGCAAC.1",8
"X1_AATCACGTCCGTCACT.1",8
"X1_AATCACGTCGGTTGTA.1",6
"X1_AATCACGTCTTGATTC.1",3
"X1_AATCACGTCTTTGATC.1",4
"X1_AATCGACAGAGAGAAC.1",1
"X1_AATCGACAGCTTGTGT.1",8
"X1_AATCGACAGGATAATC.1",3
"X1_AATCGACAGGCCCAAA.1",4
"X1_AATCGACAGGTACCTT.1",1
"X1_AATCGACAGTAAGACT.1",6
"X1_AATCGACAGTAGTCAA.1",2
"X1_AATCGACAGTGAGTTA.1",7
"X1_AATCGACCAACAGAGC.1",0
"X1_AATCGACCAAGCGATG.1",4
"X1_AATCGACCAAGTGACG.1",8
"X1_AATCGACCAATTGCTG.1",1
"X1_AATCGACCACCCAACG.1",8
"X1_AATCGACCACCGTGCA.1",8
"X1_AATCGACCACGTGAGA.1",6
"X1_AATCGACCACTTGGCG.1",8
"X1_AATCGACCAGGGTTGA.1",1000
"X1_AATCGACCAGGTCAAG.1",3
"X1_AATCGACCATACCAGT.1",7
"X1_AATCGACCATAGAATG.1",1000
"X1_AATCGACCATCCGAGC.1",8
"X1_AATCGACCATCGTTCC.1",8
"X1_AATCGACCATGAATAG.1",4
"X1_AATCGACGTAAGCTCT.1",6
"X1_AATCGACGTCACTGAT.1",3
"X1_AATCGACGTCCGGACT.1",4
"X1_AATCGACGTCTAACTG.1",1000
"X1_AATCGACGTCTTCTAT.1",8
"X1_AATCGACGTGAAGCTG.1",1
"X1_AATCGACGTGCCCGTA.1",1000
"X1_AATCGACGTGTAAATG.1",2
"X1_AATCGACGTTCAATCG.1",3
"X1_AATCGACGTTCGGTAT.1",5
"X1_AATCGACTCCCATTCG.1",5
"X1_AATCGACTCCTCGCAT.1",1000
"X1_AATCGACTCGCATAGT.1",3
"X1_AATCGACTCTAGACAC.1",4
"X1_AATCGACTCTATGTGG.1",7
"X1_AATCGACTCTCATTAC.1",4
"X1_AATCGACTCTGCCTCA.1",4
"X1_AATCGTGAGACATAAC.1",2
"X1_AATCGTGAGACATACA.1",1000
"X1_AATCGTGAGAGCATAT.1",3
"X1_AATCGTGAGATGCCGA.1",1000
"X1_AATCGTGAGGCTGAAC.1",1000
"X1_AATCGTGAGGTACATA.1",8
"X1_AATCGTGAGTACGTCT.1",6
"X1_AATCGTGAGTCGCTAT.1",1000
"X1_AATCGTGCAAATCAAG.1",1000
"X1_AATCGTGCACAATCTG.1",0
"X1_AATCGTGCACCTTCCA.1",1000
"X1_AATCGTGCACGCTTAA.1",5
"X1_AATCGTGCACGTAGTT.1",3
"X1_AATCGTGCACTAACGT.1",4
"X1_AATCGTGCAGCTATTG.1",1000
"X1_AATCGTGCAGGCCTGT.1",6
"X1_AATCGTGCAGTCAGTT.1",2
"X1_AATCGTGCAGTGACCC.1",6
"X1_AATCGTGCATCTCCCA.1",1
"X1_AATCGTGCATGATAGA.1",4
"X1_AATCGTGGTATCGGTT.1",1000
"X1_AATCGTGGTCCAGCGT.1",1000
"X1_AATCGTGGTCTAATCG.1",7
"X1_AATCGTGGTCTACGTA.1",1000
"X1_AATCGTGGTCTAGATC.1",1000
"X1_AATCGTGGTCTGATCA.1",4
"X1_AATCGTGGTGACTAAA.1",3
"X1_AATCGTGGTGAGTTGG.1",1000
"X1_AATCGTGGTGATACTC.1",4
"X1_AATCGTGGTGATTCAC.1",8
"X1_AATCGTGGTGTGCTTA.1",1000
"X1_AATCGTGGTTAAGACA.1",1000
"X1_AATCGTGGTTAGAAGT.1",7
"X1_AATCGTGGTTGCTGAT.1",4
"X1_AATCGTGTCACTTATC.1",5
"X1_AATCGTGTCCACCCTA.1",4
"X1_AATCGTGTCCATGATG.1",7
"X1_AATCGTGTCCCTAGGG.1",1000
"X1_AATCGTGTCCTATGGA.1",8
"X1_AATCGTGTCCTGGGAC.1",8
"X1_AATCGTGTCGGCTATA.1",7
"X1_AATCGTGTCGGTAGGA.1",1000
"X1_AATCGTGTCTACTTCA.1",4
"X1_AATCGTGTCTAGACAC.1",6
"X1_AATCGTGTCTCGCCTA.1",4
"X1_AATCGTGTCTCTCGCA.1",1000
"X1_AATCGTGTCTCTCTAA.1",4
"X1_AATGAAGAGAGCCGTA.1",7
"X1_AATGAAGAGCCTATCA.1",7
"X1_AATGAAGAGTAGATCA.1",7
"X1_AATGAAGCAAATCGTC.1",4
"X1_AATGAAGCAATTGAAG.1",8
"X1_AATGAAGCACACGGAA.1",1000
"X1_AATGAAGCACCCAACG.1",3
"X1_AATGAAGCAGGTTTAC.1",8
"X1_AATGAAGCATGCAGGA.1",7
"X1_AATGAAGCATTGCTTT.1",3
"X1_AATGAAGGTAAGGCTG.1",1000
"X1_AATGAAGGTACATTGC.1",4
"X1_AATGAAGGTACTGAGG.1",1000
"X1_AATGAAGGTAGGTGCA.1",1000
"X1_AATGAAGGTATGGTAA.1",7
"X1_AATGAAGGTCATTCCC.1",7
"X1_AATGAAGGTCGTTGCG.1",2
"X1_AATGAAGGTCTAGTGT.1",6
"X1_AATGAAGGTCTTGAAC.1",7
"X1_AATGAAGGTGCAATAA.1",1000
"X1_AATGAAGGTGGTCCGT.1",1000
"X1_AATGAAGGTTAGGCCC.1",1000
"X1_AATGAAGTCAACCTCC.1",8
"X1_AATGAAGTCCCGTTGT.1",7
"X1_AATGAAGTCCCTTCCC.1",1000
"X1_AATGAAGTCCTAAGTG.1",1000
"X1_AATGAAGTCTACCAGA.1",3
"X1_AATGAAGTCTCCACTG.1",5
"X1_AATGAAGTCTGGTGGC.1",1000
"X1_AATGACCAGAGCATAT.1",8
"X1_AATGACCAGATGCTAA.1",3
"X1_AATGACCAGGAGTCTG.1",2
"X1_AATGACCCAAATAAGC.1",3
"X1_AATGACCCAAATCAAG.1",5
"X1_AATGACCCAACATCGT.1",1000
"X1_AATGACCCAAGAATAC.1",1
"X1_AATGACCCAAGTGATA.1",7
"X1_AATGACCCAATAGTCC.1",7
"X1_AATGACCCACTCCTTG.1",1
"X1_AATGACCCAGAGATTA.1",7
"X1_AATGACCCAGAGGAAA.1",4
"X1_AATGACCGTACAGAGC.1",4
"X1_AATGACCGTACCTATG.1",7
"X1_AATGACCGTCCAAGAG.1",6
"X1_AATGACCGTCGTGGTC.1",3
"X1_AATGACCGTGCATTTG.1",3
"X1_AATGACCGTGCCTGAC.1",1000
"X1_AATGACCGTGGCTGAA.1",1
"X1_AATGACCGTTATGTCG.1",2
"X1_AATGACCGTTGGTGTT.1",2
"X1_AATGACCTCACGTCCT.1",7
"X1_AATGACCTCAGATGCT.1",4
"X1_AATGACCTCAGGCGAA.1",8
"X1_AATGACCTCATCCCGT.1",1000
"X1_AATGACCTCCGTTGAA.1",2
"X1_AATGACCTCCTGTACC.1",6
"X1_AATGACCTCGAAGTGG.1",8
"X1_AATGACCTCTACAGGT.1",4
"X1_AATGACCTCTACGGGC.1",7
"X1_AATGACCTCTCGACCT.1",8
"X1_AATGACCTCTCTATGT.1",3
"X1_AATGCCAAGACATGCG.1",4
"X1_AATGCCAAGAGGTATT.1",7
"X1_AATGCCAAGATTAGTG.1",1000
"X1_AATGCCAAGCAGGGAG.1",6
"X1_AATGCCAAGGCCTAAG.1",8
"X1_AATGCCAAGGCTGTAG.1",6
"X1_AATGCCAAGGGTTTCT.1",1000
"X1_AATGCCAAGTCTCGTA.1",5
"X1_AATGCCACAACAGTGG.1",3
"X1_AATGCCACAATCGCAT.1",5
"X1_AATGCCACAGAGAATT.1",7
"X1_AATGCCACAGCTCGGT.1",8
"X1_AATGCCACAGTTGTCA.1",8
"X1_AATGCCACATTCTGTT.1",2
"X1_AATGCCAGTAAGGTCG.1",1000
"X1_AATGCCAGTCATAAAG.1",1
"X1_AATGCCAGTCTAACTG.1",8
"X1_AATGCCAGTCTTACAG.1",6
"X1_AATGCCAGTTAAACCC.1",0
"X1_AATGCCAGTTACGATC.1",8
"X1_AATGCCAGTTTCGCTC.1",1000
"X1_AATGCCATCAAGAATG.1",7
"X1_AATGCCATCAAGGACG.1",3
"X1_AATGCCATCCGATCTC.1",6
"X1_AATGCCATCCGTGCGA.1",1000
"X1_AATGCCATCCTGCTAC.1",1000
"X1_AATGCCATCGCAGAGA.1",8
"X1_AATGCCATCGGCATCG.1",4
"X1_AATGCCATCTGAGAGG.1",1000
"X1_AATGCCATCTTACACT.1",8
"X1_AATGCCATCTTCTGGC.1",1000
"X1_AATGCCATCTTCTGTA.1",8
"X1_AATGGAAAGACCTTTG.1",7
"X1_AATGGAAAGACGGATC.1",1000
"X1_AATGGAAAGATGTAGT.1",7
"X1_AATGGAAAGCACTCAT.1",8
"X1_AATGGAAAGCGATTCT.1",1000
"X1_AATGGAAAGCTCGACC.1",8
"X1_AATGGAAAGGAGTATT.1",4
"X1_AATGGAAAGGCCCAAA.1",7
"X1_AATGGAAAGGGCAACT.1",1000
"X1_AATGGAAAGGGCATGT.1",3
"X1_AATGGAAAGGTAGATT.1",3
"X1_AATGGAAAGGTCATTC.1",4
"X1_AATGGAAAGTCGAAAT.1",8
"X1_AATGGAACAATGGCCC.1",7
"X1_AATGGAACAATTGTGC.1",1000
"X1_AATGGAACACACGGTC.1",3
"X1_AATGGAACACGTAGAG.1",4
"X1_AATGGAACAGTTCACA.1",7
"X1_AATGGAACAGTTGTTG.1",1000
"X1_AATGGAACATCTTCGC.1",7
"X1_AATGGAACATGGGCAA.1",1000
"X1_AATGGAAGTAACCCTA.1",1000
"X1_AATGGAAGTACTAACC.1",7
"X1_AATGGAAGTAGTTAGA.1",4
"X1_AATGGAAGTCTAGGTT.1",3
"X1_AATGGAAGTCTCACGG.1",7
"X1_AATGGAAGTGTAAACA.1",1000
"X1_AATGGAAGTTGCTTGA.1",1000
"X1_AATGGAAGTTTCGTGA.1",0
"X1_AATGGAAGTTTGGAGG.1",8
"X1_AATGGAATCAAAGAAC.1",1000
"X1_AATGGAATCAAGGCTT.1",8
"X1_AATGGAATCAGACCCG.1",8
"X1_AATGGAATCATCTCTA.1",6
"X1_AATGGAATCCCAAGTA.1",4
"X1_AATGGAATCGCTTGAA.1",1000
"X1_AATGGAATCGTCAAAC.1",1000
"X1_AATGGAATCTACCTTA.1",1000
"X1_AATGGAATCTGGAGAG.1",3
"X1_AATGGAATCTTTCGAT.1",1000
"X1_AATGGCTAGAATTTGG.1",4
"X1_AATGGCTAGCCTATTG.1",1
"X1_AATGGCTAGCGGCTCT.1",4
"X1_AATGGCTAGCTAGATA.1",7
"X1_AATGGCTAGTCATGAA.1",1000
"X1_AATGGCTCAACAAGTA.1",1000
"X1_AATGGCTCAATCAAGA.1",3
"X1_AATGGCTCACGACGAA.1",1000
"X1_AATGGCTCACGTCATA.1",7
"X1_AATGGCTCAGAGGCTA.1",7
"X1_AATGGCTCAGTAACGG.1",4
"X1_AATGGCTCAGTAGAGC.1",4
"X1_AATGGCTCAGTCGCTG.1",8
"X1_AATGGCTCAGTTGTTG.1",1
"X1_AATGGCTCATAATGCC.1",1000
"X1_AATGGCTCATAGAGGC.1",4
"X1_AATGGCTGTAATTGGA.1",6
"X1_AATGGCTGTACGATCT.1",1000
"X1_AATGGCTGTACGTGAG.1",6
"X1_AATGGCTGTAGTCTTG.1",8
"X1_AATGGCTGTCCGAAAG.1",3
"X1_AATGGCTGTCGAATTC.1",0
"X1_AATGGCTGTCGGTAAG.1",7
"X1_AATGGCTGTCTAACTG.1",0
"X1_AATGGCTGTCTTAGTG.1",8
"X1_AATGGCTGTTATCTTC.1",3
"X1_AATGGCTGTTGCTAGT.1",7
"X1_AATGGCTGTTGTGTTG.1",5
"X1_AATGGCTTCAAAGGAT.1",8
"X1_AATGGCTTCACCTACC.1",8
"X1_AATGGCTTCAGTGGGA.1",1000
"X1_AATGGCTTCCGATCGG.1",1000
"X1_AATGGCTTCCTTCTTC.1",7
"X1_AATGGCTTCTACGGGC.1",4
"X1_AATTCCTAGACGCAGT.1",2
"X1_AATTCCTAGATAACGT.1",8
"X1_AATTCCTAGCATGCGA.1",7
"X1_AATTCCTAGCCTGAGA.1",3
"X1_AATTCCTAGGAGATAG.1",3
"X1_AATTCCTAGGCTCACC.1",1000
"X1_AATTCCTAGGCTGGAT.1",1000
"X1_AATTCCTAGTCCGCCA.1",8
"X1_AATTCCTAGTCCTACA.1",8
"X1_AATTCCTAGTGTTGAA.1",7
"X1_AATTCCTCAAGACCGA.1",1000
"X1_AATTCCTCACGTAGAG.1",8
"X1_AATTCCTCAGCAGTAG.1",8
"X1_AATTCCTCATCGCTGG.1",8
"X1_AATTCCTGTACTGCCG.1",1
"X1_AATTCCTGTCCCGCAA.1",1000
"X1_AATTCCTGTGGTCTAT.1",1000
"X1_AATTCCTGTGTCCTAA.1",7
"X1_AATTCCTGTTGTCTAG.1",7
"X1_AATTCCTTCACCCTCA.1",8
"X1_AATTCCTTCCAACACA.1",5
"X1_AATTCCTTCCCGAAAT.1",1000
"X1_AATTCCTTCCGCTTAC.1",1
"X1_AATTCCTTCTCCCAAC.1",3
"X1_AATTTCCAGACTCTAC.1",4
"X1_AATTTCCAGAGGGTCT.1",7
"X1_AATTTCCAGCTGGTGA.1",0
"X1_AATTTCCAGGATCACG.1",1000
"X1_AATTTCCAGGCCACCT.1",2
"X1_AATTTCCAGGCCTTCG.1",7
"X1_AATTTCCAGGTGATCG.1",0
"X1_AATTTCCAGTGGCGAT.1",3
"X1_AATTTCCCACAACCGC.1",1000
"X1_AATTTCCCACATCATG.1",4
"X1_AATTTCCCACTGTGAT.1",1000
"X1_AATTTCCCAGGTGGAT.1",5
"X1_AATTTCCCAGGTGTGA.1",2
"X1_AATTTCCCATCAGCGC.1",5
"X1_AATTTCCCATGACGAG.1",3
"X1_AATTTCCGTACTCAAC.1",1000
"X1_AATTTCCGTCACAATC.1",8
"X1_AATTTCCGTCAGACGA.1",3
"X1_AATTTCCGTCAGACTT.1",8
"X1_AATTTCCGTCGTGCCA.1",1000
"X1_AATTTCCGTGAAAGTT.1",1000
"X1_AATTTCCGTTGTAAAG.1",1
"X1_AATTTCCGTTGTGCCG.1",1
"X1_AATTTCCTCACCGCTT.1",4
"X1_AATTTCCTCAGCTTCC.1",7
"X1_AATTTCCTCATGTCTT.1",8
"X1_AATTTCCTCCGTGGCA.1",1000
"X1_AATTTCCTCCGTGGGT.1",4
"X1_AATTTCCTCGAGTGAG.1",7
"X1_AATTTCCTCGCCGAGT.1",5
"X1_AATTTCCTCTATCGTT.1",1000
"X1_AATTTCCTCTCGTCAC.1",8
"X1_AATTTCCTCTCGTCGT.1",8
"X1_AATTTCCTCTGAATCG.1",5
"X1_AATTTCCTCTTGATTC.1",0
"X1_ACAAAGAAGCCATATC.1",1000
"X1_ACAAAGAAGGATGGCT.1",2
"X1_ACAAAGAAGGGCAGGA.1",2
"X1_ACAAAGAAGTCATCCA.1",7
"X1_ACAAAGAAGTCATGAA.1",2
"X1_ACAAAGAAGTGTAGAT.1",2
"X1_ACAAAGACACCTTCCA.1",5
"X1_ACAAAGACACTGATTG.1",5
"X1_ACAAAGACAGAAGCGT.1",7
"X1_ACAAAGACAGTAGTTC.1",1000
"X1_ACAAAGAGTAGACGTG.1",7
"X1_ACAAAGAGTAGATTAG.1",1000
"X1_ACAAAGAGTCCGTACG.1",4
"X1_ACAAAGAGTCCTTTGC.1",6
"X1_ACAAAGAGTCTACATG.1",8
"X1_ACAAAGAGTGTTAAAG.1",3
"X1_ACAAAGAGTGTTCCTC.1",3
"X1_ACAAAGAGTTCGATTG.1",0
"X1_ACAAAGAGTTGCCGCA.1",1
"X1_ACAAAGAGTTTGGAAA.1",1000
"X1_ACAAAGAGTTTGTGGT.1",1000
"X1_ACAAAGATCAACTACG.1",5
"X1_ACAAAGATCACTAGCA.1",1000
"X1_ACAAAGATCATGTCTT.1",4
"X1_ACAAAGATCCTGGGAC.1",4
"X1_ACAAAGATCGGTGAAG.1",7
"X1_ACAAAGATCGTTACCC.1",7
"X1_ACAACCAAGAATGTTG.1",3
"X1_ACAACCAAGAGGCCAT.1",1000
"X1_ACAACCAAGCAATTAG.1",7
"X1_ACAACCAAGCCACCGT.1",8
"X1_ACAACCAAGCCACTCG.1",1000
"X1_ACAACCAAGCGCTGAA.1",8
"X1_ACAACCAAGCTTAAGA.1",1000
"X1_ACAACCAAGCTTGTTG.1",4
"X1_ACAACCAAGGAAGTCC.1",1000
"X1_ACAACCAAGGACTAAT.1",1000
"X1_ACAACCAAGGAGGGTG.1",6
"X1_ACAACCAAGGTCTTTG.1",7
"X1_ACAACCAAGGTTAAAC.1",8
"X1_ACAACCAAGTAACAGT.1",1000
"X1_ACAACCAAGTTCGGTT.1",1000
"X1_ACAACCACAAATTGCC.1",1
"X1_ACAACCACACCGAATT.1",2
"X1_ACAACCACACTCAGAT.1",1000
"X1_ACAACCACACTCTAGA.1",2
"X1_ACAACCACACTCTGCT.1",4
"X1_ACAACCACAGGTACGA.1",4
"X1_ACAACCACAGTCTCTC.1",8
"X1_ACAACCACATCAGCAT.1",7
"X1_ACAACCACATCTAACG.1",4
"X1_ACAACCACATGACGTT.1",1000
"X1_ACAACCAGTCCACTTC.1",7
"X1_ACAACCAGTCCAGTTA.1",5
"X1_ACAACCAGTCGACTGC.1",8
"X1_ACAACCAGTCTAGGCC.1",4
"X1_ACAACCAGTGACTGTT.1",6
"X1_ACAACCAGTGGGTCAA.1",5
"X1_ACAACCAGTGGTCCGT.1",7
"X1_ACAACCAGTGTTTACG.1",1000
"X1_ACAACCATCAAGTGGG.1",4
"X1_ACAACCATCAATCCAG.1",8
"X1_ACAACCATCAATCCGA.1",0
"X1_ACAACCATCATTCGGA.1",7
"X1_ACAACCATCCAGTTCC.1",4
"X1_ACAACCATCCATTGCC.1",4
"X1_ACAACCATCCGAGCTG.1",4
"X1_ACAACCATCGATTCCC.1",7
"X1_ACAACCATCGCCAATA.1",0
"X1_ACAACCATCGCTGATA.1",1000
"X1_ACAACCATCGTTACCC.1",3
"X1_ACAACCATCTACACTT.1",4
"X1_ACAACCATCTGCTAGA.1",2
"X1_ACAACCATCTTCTAAC.1",8
"X1_ACAAGCTAGAGTTGAT.1",6
"X1_ACAAGCTAGATCGACG.1",1000
"X1_ACAAGCTAGGGTTAGC.1",6
"X1_ACAAGCTAGGTACAAT.1",4
"X1_ACAAGCTAGGTAGATT.1",1000
"X1_ACAAGCTAGTATGACA.1",7
"X1_ACAAGCTCAAACCGGA.1",1
"X1_ACAAGCTCAAAGGGTC.1",1000
"X1_ACAAGCTCAAGTGGCA.1",4
"X1_ACAAGCTCAATGGCCC.1",7
"X1_ACAAGCTCACCTCTGT.1",1000
"X1_ACAAGCTCACCTGCTT.1",5
"X1_ACAAGCTCACTCCTGT.1",1000
"X1_ACAAGCTCACTTGACA.1",8
"X1_ACAAGCTCAGAAGTTA.1",1000
"X1_ACAAGCTCAGTCCCGA.1",8
"X1_ACAAGCTCATGCCGCA.1",4
"X1_ACAAGCTCATTATGCG.1",6
"X1_ACAAGCTGTCAAGCGA.1",1000
"X1_ACAAGCTGTCCACGCA.1",4
"X1_ACAAGCTGTCCGGTGT.1",1000
"X1_ACAAGCTGTCGTGGAA.1",1000
"X1_ACAAGCTGTGAGCCAA.1",1000
"X1_ACAAGCTGTTACTCAG.1",1000
"X1_ACAAGCTTCAGAGTTC.1",3
"X1_ACAAGCTTCGTGGACC.1",8
"X1_ACAAGCTTCTAAGCGT.1",1
"X1_ACAAGCTTCTAGTACG.1",7
"X1_ACAAGCTTCTGTTCAT.1",3
"X1_ACACAGTAGGATGGCT.1",1000
"X1_ACACAGTAGGGTCTTT.1",7
"X1_ACACAGTAGTATTAGG.1",7
"X1_ACACAGTAGTTGCTGT.1",1000
"X1_ACACAGTCAAACAGGC.1",3
"X1_ACACAGTCAAGTGCAG.1",8
"X1_ACACAGTCACTTGGGC.1",1
"X1_ACACAGTCAGTCTCTC.1",3
"X1_ACACAGTCATCGCTCT.1",4
"X1_ACACAGTCATGCCGAC.1",3
"X1_ACACAGTGTACCATAC.1",1000
"X1_ACACAGTGTACCGGCT.1",3
"X1_ACACAGTGTATCAGGG.1",6
"X1_ACACAGTGTCAATCTG.1",3
"X1_ACACAGTGTCAGGAGT.1",1
"X1_ACACAGTGTCGATTCA.1",1
"X1_ACACAGTGTCTAACGT.1",0
"X1_ACACAGTGTGACACAG.1",5
"X1_ACACAGTGTGCCTACG.1",8
"X1_ACACAGTGTGTGTACT.1",1000
"X1_ACACAGTGTTAAACAG.1",6
"X1_ACACAGTGTTCTAACG.1",1000
"X1_ACACAGTTCAAGTGTC.1",4
"X1_ACACAGTTCACACGAT.1",1000
"X1_ACACAGTTCACGGAGA.1",1000
"X1_ACACAGTTCCTCAGAA.1",1000
"X1_ACACAGTTCCTTGGAA.1",2
"X1_ACACAGTTCGATCCAA.1",0
"X1_ACACCAAAGATGACAT.1",1000
"X1_ACACCAAAGCACTCCG.1",7
"X1_ACACCAAAGCATTTCG.1",6
"X1_ACACCAAAGCCATTGT.1",1000
"X1_ACACCAAAGGTATAGT.1",8
"X1_ACACCAAAGGTCACTT.1",1
"X1_ACACCAAAGTCATGAA.1",8
"X1_ACACCAAAGTCTGTAC.1",1000
"X1_ACACCAAAGTGTACCT.1",5
"X1_ACACCAAAGTTACGGG.1",0
"X1_ACACCAAAGTTCTACG.1",3
"X1_ACACCAACAAACGAGC.1",2
"X1_ACACCAACAAATTGGA.1",1000
"X1_ACACCAACAACAACAA.1",8
"X1_ACACCAACAATTCTCT.1",0
"X1_ACACCAACACACCAGC.1",1000
"X1_ACACCAACAGAGCCCT.1",1000
"X1_ACACCAACATACACCA.1",7
"X1_ACACCAACATCTTCGC.1",4
"X1_ACACCAAGTAGATGTA.1",7
"X1_ACACCAAGTAGTAAGT.1",1000
"X1_ACACCAAGTCCCTGAG.1",1000
"X1_ACACCAAGTCGACTGC.1",4
"X1_ACACCAAGTCGTACAT.1",4
"X1_ACACCAAGTGGTAATA.1",6
"X1_ACACCAAGTTGAAGTA.1",0
"X1_ACACCAAGTTGTGGAG.1",8
"X1_ACACCAATCAGCTAGT.1",1000
"X1_ACACCAATCATGAGTC.1",2
"X1_ACACCAATCCACAGGC.1",4
"X1_ACACCAATCCGTACGG.1",3
"X1_ACACCAATCCTATTGT.1",7
"X1_ACACCAATCGACTCCT.1",0
"X1_ACACCAATCGATGGAG.1",8
"X1_ACACCAATCGCTTGCT.1",6
"X1_ACACCAATCGGTCATA.1",7
"X1_ACACCAATCGTAACTG.1",6
"X1_ACACGCGAGAACGTGC.1",8
"X1_ACACGCGAGACCTCCG.1",7
"X1_ACACGCGAGAGATTCA.1",4
"X1_ACACGCGAGAGCCATG.1",0
"X1_ACACGCGAGCACGTCC.1",7
"X1_ACACGCGAGCTGTCCG.1",6
"X1_ACACGCGAGGGAGTTC.1",1000
"X1_ACACGCGAGGGTTGCA.1",2
"X1_ACACGCGAGGTCGTCC.1",7
"X1_ACACGCGAGTCGCCAC.1",3
"X1_ACACGCGAGTGACACG.1",8
"X1_ACACGCGCAAAGACTA.1",3
"X1_ACACGCGCAACTTGGT.1",4
"X1_ACACGCGCAAGAGTTA.1",8
"X1_ACACGCGCAAGCCATT.1",0
"X1_ACACGCGCAATCACGT.1",0
"X1_ACACGCGCACCAGACC.1",1000
"X1_ACACGCGCAGCCATTA.1",1000
"X1_ACACGCGCATCCGAGC.1",3
"X1_ACACGCGCATTCTCCG.1",1000
"X1_ACACGCGGTAACGTTC.1",5
"X1_ACACGCGGTACCCGAC.1",1000
"X1_ACACGCGGTAGGCTGA.1",1000
"X1_ACACGCGGTAGTGATA.1",2
"X1_ACACGCGGTATCAAGA.1",1000
"X1_ACACGCGGTATTCTCT.1",1
"X1_ACACGCGGTCCATACA.1",0
"X1_ACACGCGGTGAAGCGT.1",3
"X1_ACACGCGGTGACTGAG.1",1000
"X1_ACACGCGGTGTTTCTT.1",1000
"X1_ACACGCGGTTAAGAAC.1",4
"X1_ACACGCGGTTGGATCT.1",8
"X1_ACACGCGTCACCACAA.1",3
"X1_ACACGCGTCACCCTTG.1",4
"X1_ACACGCGTCACCTCAC.1",1
"X1_ACACGCGTCAGGCGAA.1",7
"X1_ACACGCGTCCAAGGGA.1",4
"X1_ACACGCGTCCATATGG.1",7
"X1_ACACGCGTCCCGAATA.1",1000
"X1_ACACGCGTCGATTTCT.1",5
"X1_ACACGCGTCTACCACC.1",6
"X1_ACACGCGTCTAGTCAG.1",6
"X1_ACACGCGTCTGACAGT.1",7
"X1_ACACTGAAGACGCATG.1",4
"X1_ACACTGAAGATTAGAC.1",1
"X1_ACACTGAAGCTCTTCC.1",1000
"X1_ACACTGAAGGCTCTCG.1",4
"X1_ACACTGAAGTATGGAT.1",1000
"X1_ACACTGAAGTCGCTAT.1",8
"X1_ACACTGACAATAGAGT.1",7
"X1_ACACTGACAATCGTCA.1",7
"X1_ACACTGACACAATGCT.1",4
"X1_ACACTGACACTCGATA.1",4
"X1_ACACTGACAGGACTTT.1",1000
"X1_ACACTGACAGTTAAAG.1",1000
"X1_ACACTGACATAGAAAC.1",4
"X1_ACACTGAGTACCCGAC.1",7
"X1_ACACTGAGTCGCTGCA.1",8
"X1_ACACTGAGTGACGCCT.1",4
"X1_ACACTGAGTGAGGATC.1",1000
"X1_ACACTGAGTTGTTGTG.1",2
"X1_ACACTGATCACAGAGG.1",1000
"X1_ACACTGATCACTAGCA.1",7
"X1_ACACTGATCATCGACA.1",1000
"X1_ACACTGATCCACGGGT.1",1000
"X1_ACACTGATCCCTAGGG.1",1000
"X1_ACACTGATCGACATTG.1",8
"X1_ACACTGATCGTTCATT.1",1000
"X1_ACACTGATCTACCAGA.1",2
"X1_ACACTGATCTATACGG.1",0
"X1_ACACTGATCTCGCCTA.1",5
"X1_ACACTGATCTGCGGGT.1",8
"X1_ACACTGATCTTCCTAA.1",5
"X1_ACAGAAAAGACTCTTG.1",7
"X1_ACAGAAAAGCATACTC.1",7
"X1_ACAGAAAAGCGCGTTC.1",7
"X1_ACAGAAAAGCTTCATG.1",8
"X1_ACAGAAAAGTGTAGAT.1",5
"X1_ACAGAAACAACGATTC.1",8
"X1_ACAGAAACAATGAGCG.1",1000
"X1_ACAGAAACAGAGGTTG.1",0
"X1_ACAGAAACAGCCGTCA.1",1000
"X1_ACAGAAACATAACAGA.1",1000
"X1_ACAGAAACATAGTCAC.1",1000
"X1_ACAGAAACATTAAGCC.1",5
"X1_ACAGAAACATTCGGGC.1",1000
"X1_ACAGAAAGTACAAAGT.1",8
"X1_ACAGAAAGTATACCTG.1",3
"X1_ACAGAAAGTATTCCGA.1",7
"X1_ACAGAAAGTCAGGTGA.1",6
"X1_ACAGAAAGTGCCGTTG.1",5
"X1_ACAGAAAGTGTACAGG.1",1
"X1_ACAGAAAGTGTATCCA.1",8
"X1_ACAGAAAGTTGCCGCA.1",7
"X1_ACAGAAAGTTTACTTC.1",7
"X1_ACAGAAATCACATCAG.1",4
"X1_ACAGAAATCATTTGGG.1",7
"X1_ACAGAAATCCCTCAAC.1",6
"X1_ACAGAAATCTAGAACC.1",3
"X1_ACAGAAATCTGGCCAG.1",1000
"X1_ACAGAAATCTGTCCGT.1",1000
"X1_ACAGCCGAGAATAACC.1",1
"X1_ACAGCCGAGAGGTGCT.1",4
"X1_ACAGCCGAGGATCACG.1",0
"X1_ACAGCCGCAAGTCCCG.1",4
"X1_ACAGCCGCAATATCCG.1",8
"X1_ACAGCCGCACCGCTGA.1",1
"X1_ACAGCCGCACTACTTT.1",1000
"X1_ACAGCCGCAGAAATTG.1",5
"X1_ACAGCCGCAGATCACT.1",1000
"X1_ACAGCCGCAGTGCCTG.1",1000
"X1_ACAGCCGCATACTGTG.1",3
"X1_ACAGCCGCATGGCTAT.1",3
"X1_ACAGCCGGTCATGACT.1",8
"X1_ACAGCCGGTCCTTGTC.1",7
"X1_ACAGCCGGTGGATGAC.1",5
"X1_ACAGCCGGTGGTATGG.1",7
"X1_ACAGCCGGTTCGAGCC.1",0
"X1_ACAGCCGGTTGTACGT.1",8
"X1_ACAGCCGTCAAACCTG.1",4
"X1_ACAGCCGTCAGTCACA.1",8
"X1_ACAGCCGTCCGACATA.1",2
"X1_ACAGCCGTCCGTACGG.1",8
"X1_ACAGCCGTCCTAGCGG.1",8
"X1_ACAGCCGTCCTTCGAC.1",7
"X1_ACAGCCGTCGATAACC.1",7
"X1_ACAGCCGTCGCGTGAC.1",7
"X1_ACAGCCGTCGGTAGAG.1",4
"X1_ACAGCCGTCTCCCAAC.1",1
"X1_ACAGGGAAGCACACCC.1",8
"X1_ACAGGGAAGCGTGAGT.1",1000
"X1_ACAGGGAAGGAGACCT.1",4
"X1_ACAGGGAAGGCCTGCT.1",7
"X1_ACAGGGAAGTAGCATA.1",4
"X1_ACAGGGAAGTCACTGT.1",3
"X1_ACAGGGACAAATTAGG.1",7
"X1_ACAGGGACAACGCATT.1",7
"X1_ACAGGGACAAGCACCC.1",4
"X1_ACAGGGACAAGTGCTT.1",1000
"X1_ACAGGGACACCGTACG.1",8
"X1_ACAGGGACACGCGCAT.1",3
"X1_ACAGGGACAGTCAGCC.1",8
"X1_ACAGGGACATAGAAAC.1",4
"X1_ACAGGGACATTCTCCG.1",6
"X1_ACAGGGAGTCACCGAC.1",7
"X1_ACAGGGAGTCATAACC.1",6
"X1_ACAGGGAGTCATCCCT.1",8
"X1_ACAGGGAGTGAGATTA.1",7
"X1_ACAGGGAGTGGCGTAA.1",4
"X1_ACAGGGAGTGTCCGTG.1",1000
"X1_ACAGGGAGTTAGGCTT.1",5
"X1_ACAGGGAGTTCTGAGT.1",8
"X1_ACAGGGAGTTGCGAAG.1",7
"X1_ACAGGGATCAAGCCGC.1",1000
"X1_ACAGGGATCAGCTTGA.1",4
"X1_ACAGGGATCATCGCAA.1",1000
"X1_ACAGGGATCCGACAGC.1",1000
"X1_ACAGGGATCCTATTGT.1",7
"X1_ACAGGGATCGAGAAAT.1",7
"X1_ACAGGGATCGCTGACG.1",5
"X1_ACAGGGATCGCTTGAA.1",8
"X1_ACAGGGATCGGATAAA.1",1000
"X1_ACAGGGATCTGTCAGA.1",1000
"X1_ACAGGGATCTTCGTGC.1",1000
"X1_ACAGGGATCTTCTGTA.1",5
"X1_ACATCCCAGCCAACCC.1",2
"X1_ACATCCCAGCCTTTGA.1",1
"X1_ACATCCCAGCGTTCCG.1",1000
"X1_ACATCCCAGCTTACGT.1",1000
"X1_ACATCCCAGGCCACTC.1",1000
"X1_ACATCCCAGGTACCTT.1",8
"X1_ACATCCCAGTCGTCTA.1",4
"X1_ACATCCCAGTGGCGAT.1",6
"X1_ACATCCCCAAATCAAG.1",7
"X1_ACATCCCCAAGACTGG.1",1000
"X1_ACATCCCCAATGTTGC.1",2
"X1_ACATCCCCAATTCTCT.1",4
"X1_ACATCCCCACTAACCA.1",1000
"X1_ACATCCCCAGGACATG.1",4
"X1_ACATCCCCAGTAACGG.1",1000
"X1_ACATCCCCATCCAACA.1",4
"X1_ACATCCCCATCCGATA.1",3
"X1_ACATCCCGTACGAGCA.1",1
"X1_ACATCCCGTAGAGACC.1",1
"X1_ACATCCCGTAGCGAGT.1",1000
"X1_ACATCCCGTCACCACG.1",1000
"X1_ACATCCCTCCAAGCTA.1",7
"X1_ACATCCCTCCGATGTA.1",4
"X1_ACATCCCTCCTTCTTC.1",7
"X1_ACATCCCTCGACCATA.1",5
"X1_ACATCCCTCGAGTCCG.1",1000
"X1_ACATCCCTCTACTATC.1",2
"X1_ACATCGAAGACCTCAT.1",4
"X1_ACATCGAAGACTTCGT.1",7
"X1_ACATCGAAGATTGATG.1",7
"X1_ACATCGAAGCAAATGT.1",8
"X1_ACATCGAAGCTATCTG.1",4
"X1_ACATCGACAACAGTGG.1",7
"X1_ACATCGACACCAGCCA.1",7
"X1_ACATCGACACGACGCT.1",1000
"X1_ACATCGACAGAGCCCT.1",1000
"X1_ACATCGACAGCTTCCT.1",1000
"X1_ACATCGACAGGATGAC.1",1000
"X1_ACATCGACAGTATACC.1",7
"X1_ACATCGACATCCGTGG.1",4
"X1_ACATCGACATGCAGCC.1",1000
"X1_ACATCGAGTAGAGGAA.1",4
"X1_ACATCGAGTATGATCC.1",8
"X1_ACATCGAGTCAGTCGC.1",1000
"X1_ACATCGAGTCTGTGTA.1",5
"X1_ACATCGAGTGCCGAAA.1",7
"X1_ACATCGAGTTAAGGGC.1",3
"X1_ACATCGATCAAGATAG.1",1000
"X1_ACATCGATCACGGGAA.1",3
"X1_ACATCGATCAGAGCGA.1",1000
"X1_ACATCGATCATGCCGG.1",1000
"X1_ACATCGATCCCAATAG.1",7
"X1_ACATCGATCCGCAGTG.1",8
"X1_ACATCGATCGCTGACG.1",4
"X1_ACATCGATCGCTTGAA.1",8
"X1_ACATCGATCGGCTGGT.1",8
"X1_ACATCGATCTCTCTTC.1",5
"X1_ACATCGATCTGGAGAG.1",8
"X1_ACATCGATCTGGGATT.1",5
"X1_ACATGCAAGAGATCGC.1",1
"X1_ACATGCAAGAGTGAAG.1",4
"X1_ACATGCAAGCAAGTCG.1",5
"X1_ACATGCAAGCACAAAT.1",5
"X1_ACATGCAAGCTCCATA.1",4
"X1_ACATGCAAGCTGACAG.1",8
"X1_ACATGCAAGGTACAGC.1",8
"X1_ACATGCAAGGTCTACT.1",1000
"X1_ACATGCAAGTATGATG.1",3
"X1_ACATGCAAGTGCCAGA.1",1000
"X1_ACATGCAAGTTCTCTT.1",4
"X1_ACATGCACAAACCGGA.1",8
"X1_ACATGCACAACCGCCA.1",1
"X1_ACATGCACAATGACCT.1",6
"X1_ACATGCACACACTTAG.1",3
"X1_ACATGCACACCCTGAG.1",3
"X1_ACATGCACATGACTAC.1",1
"X1_ACATGCAGTAACAAGT.1",1000
"X1_ACATGCAGTACGTAGG.1",1000
"X1_ACATGCAGTAGATTAG.1",4
"X1_ACATGCAGTATGTGTC.1",3
"X1_ACATGCAGTCAAAGCG.1",4
"X1_ACATGCAGTCCTACGG.1",1000
"X1_ACATGCAGTCGATTTG.1",7
"X1_ACATGCAGTCGTGCCA.1",1000
"X1_ACATGCAGTGGAAATT.1",3
"X1_ACATGCAGTGGTCCGT.1",4
"X1_ACATGCAGTGTATCCA.1",7
"X1_ACATGCAGTTCAAAGA.1",4
"X1_ACATGCAGTTGGAGGT.1",1000
"X1_ACATGCAGTTTGGAAA.1",0
"X1_ACATGCATCAAAGGTA.1",8
"X1_ACATGCATCACTACGA.1",1000
"X1_ACATGCATCGCCGAAC.1",1000
"X1_ACATGCATCGGCATCG.1",1000
"X1_ACATGCATCGTTCCCA.1",3
"X1_ACATGCATCTCCAATT.1",7
"X1_ACATGCATCTGCTTAT.1",8
"X1_ACATTTCAGAAATCCA.1",4
"X1_ACATTTCAGAATTCAG.1",7
"X1_ACATTTCAGACAACAT.1",3
"X1_ACATTTCAGACGGTTG.1",8
"X1_ACATTTCAGAGGATCC.1",3
"X1_ACATTTCAGAGGATGA.1",1000
"X1_ACATTTCAGCACCCAC.1",1000
"X1_ACATTTCAGCCTTTGA.1",3
"X1_ACATTTCAGGCCACTC.1",8
"X1_ACATTTCAGGGTCTTT.1",1000
"X1_ACATTTCAGGTGTGAC.1",1000
"X1_ACATTTCAGTAGAGTT.1",8
"X1_ACATTTCAGTGGTGAC.1",5
"X1_ACATTTCCAACCGGAA.1",8
"X1_ACATTTCCAAGAGTAT.1",7
"X1_ACATTTCCAAGTCCCG.1",5
"X1_ACATTTCCAATCAAGA.1",4
"X1_ACATTTCCAATGTTGC.1",1000
"X1_ACATTTCCACATAACC.1",8
"X1_ACATTTCCACATTGTG.1",1000
"X1_ACATTTCCAGGACGAT.1",4
"X1_ACATTTCCATACTGTG.1",4
"X1_ACATTTCCATCGATCA.1",3
"X1_ACATTTCCATCGTCCT.1",8
"X1_ACATTTCCATGACACT.1",1000
"X1_ACATTTCCATGGTGGA.1",8
"X1_ACATTTCCATTGACAC.1",6
"X1_ACATTTCGTAACACCT.1",1000
"X1_ACATTTCGTCATCACA.1",5
"X1_ACATTTCGTCTAGGCC.1",4
"X1_ACATTTCGTCTGTCCT.1",8
"X1_ACATTTCGTGGATGAC.1",7
"X1_ACATTTCGTGTACATC.1",1000
"X1_ACATTTCGTGTTCAGT.1",1
"X1_ACATTTCGTGTTTCTT.1",1
"X1_ACATTTCGTTAGGCCC.1",1000
"X1_ACATTTCGTTCAAAGA.1",3
"X1_ACATTTCGTTCCACGG.1",2
"X1_ACATTTCTCAACACCA.1",1000
"X1_ACATTTCTCAGCAGAG.1",7
"X1_ACATTTCTCCAGTACA.1",8
"X1_ACATTTCTCGGAGTGA.1",5
"X1_ACATTTCTCGGCTTCT.1",1000
"X1_ACATTTCTCGTGTGAT.1",1
"X1_ACCAAACAGACCAGAC.1",1000
"X1_ACCAAACAGACGCCAA.1",5
"X1_ACCAAACAGCTCATAC.1",4
"X1_ACCAAACAGGCAGGGA.1",1000
"X1_ACCAAACAGGGACTGT.1",1
"X1_ACCAAACAGGGTGAAA.1",1000
"X1_ACCAAACAGTAGACCG.1",3
"X1_ACCAAACAGTGTCATC.1",8
"X1_ACCAAACCAAATCAAG.1",8
"X1_ACCAAACCAAATCAGA.1",1000
"X1_ACCAAACCAACGGCTC.1",1000
"X1_ACCAAACCAATGCAGG.1",1000
"X1_ACCAAACCACCCAATA.1",4
"X1_ACCAAACCACGTTGGC.1",8
"X1_ACCAAACCACTCTCGT.1",4
"X1_ACCAAACCACTGTCCT.1",7
"X1_ACCAAACCAGTAGAAT.1",4
"X1_ACCAAACCATCAGCGC.1",8
"X1_ACCAAACCATGGTACT.1",8
"X1_ACCAAACGTAAGATCA.1",2
"X1_ACCAAACGTCAAAGTA.1",8
"X1_ACCAAACGTCACGACC.1",8
"X1_ACCAAACGTCCTTTGC.1",3
"X1_ACCAAACGTCGTGGTC.1",4
"X1_ACCAAACGTCTACAGT.1",7
"X1_ACCAAACGTTCGTAAC.1",5
"X1_ACCAAACGTTCGTGCG.1",1000
"X1_ACCAAACGTTGGACCC.1",8
"X1_ACCAAACGTTGTGTAC.1",5
"X1_ACCAAACTCACATTGG.1",1000
"X1_ACCAAACTCACGATCA.1",2
"X1_ACCAAACTCAGACAAA.1",1000
"X1_ACCAAACTCAGGACAG.1",8
"X1_ACCAAACTCAGGCGAA.1",8
"X1_ACCAAACTCCGAAATC.1",8
"X1_ACCAAACTCGAGCTGC.1",8
"X1_ACCAACAAGAAGCCAC.1",4
"X1_ACCAACAAGAGGGCGA.1",1000
"X1_ACCAACAAGCCTTGAT.1",1000
"X1_ACCAACAAGCTGTACT.1",7
"X1_ACCAACAAGGAAAGTG.1",3
"X1_ACCAACAAGGTAAGTT.1",4
"X1_ACCAACAAGGTACATA.1",3
"X1_ACCAACACACACGTGC.1",8
"X1_ACCAACACACTGATTG.1",3
"X1_ACCAACACACTTGACA.1",7
"X1_ACCAACACAGGATCTT.1",8
"X1_ACCAACAGTATACGGG.1",2
"X1_ACCAACAGTCACGCTG.1",8
"X1_ACCAACAGTCATCACA.1",1000
"X1_ACCAACAGTCCTTGTC.1",4
"X1_ACCAACAGTCGAATTC.1",5
"X1_ACCAACAGTCTCACAA.1",8
"X1_ACCAACAGTTACACTG.1",1000
"X1_ACCAACATCAGAGCAG.1",1000
"X1_ACCAACATCCACTGGG.1",1
"X1_ACCAACATCGAACGCC.1",8
"X1_ACCAACATCGCGTGAC.1",7
"X1_ACCAACATCTAGATCG.1",8
"X1_ACCACAAAGCCAGTAG.1",7
"X1_ACCACAAAGCCGATCC.1",1000
"X1_ACCACAAAGGCAGGGA.1",6
"X1_ACCACAAAGTGAGTTA.1",1
"X1_ACCACAAAGTGCAAAT.1",7
"X1_ACCACAACAATATCCG.1",0
"X1_ACCACAACACAAGTTC.1",7
"X1_ACCACAACACACGCCA.1",7
"X1_ACCACAACACAGTGAG.1",1000
"X1_ACCACAACACATAACC.1",7
"X1_ACCACAACACGTACTA.1",6
"X1_ACCACAACATGCTGCG.1",6
"X1_ACCACAAGTAAGTAGT.1",8
"X1_ACCACAAGTACTAACC.1",1000
"X1_ACCACAAGTACTTGTG.1",8
"X1_ACCACAAGTCACCACG.1",2
"X1_ACCACAAGTCATGGCC.1",0
"X1_ACCACAAGTGCAGATG.1",4
"X1_ACCACAAGTTACGTAC.1",6
"X1_ACCACAAGTTCCGGTG.1",8
"X1_ACCACAATCACCTGGG.1",4
"X1_ACCACAATCCATTCAT.1",7
"X1_ACCACAATCCGTTGAA.1",3
"X1_ACCACAATCCTTATCA.1",1000
"X1_ACCACAATCGGTGCAC.1",1000
"X1_ACCACAATCTACGCAA.1",4
"X1_ACCACAATCTCCGATC.1",1000
"X1_ACCACAATCTTTGCGC.1",1000
"X1_ACCATTTAGAACGCGT.1",3
"X1_ACCATTTAGAAGCCAC.1",4
"X1_ACCATTTAGACCTCAT.1",0
"X1_ACCATTTAGAGGGTAA.1",1000
"X1_ACCATTTAGCATGATA.1",5
"X1_ACCATTTAGGAAGAAC.1",1000
"X1_ACCATTTAGGATAATC.1",1000
"X1_ACCATTTAGGTTATAG.1",4
"X1_ACCATTTAGTATAGAC.1",8
"X1_ACCATTTAGTCACGCC.1",6
"X1_ACCATTTAGTCTGGTT.1",7
"X1_ACCATTTCAAAGGAGA.1",1000
"X1_ACCATTTCAATTGCAC.1",7
"X1_ACCATTTCACAACGCC.1",8
"X1_ACCATTTCACAATGCT.1",5
"X1_ACCATTTCACCTGCTT.1",5
"X1_ACCATTTCAGGAGGTT.1",5
"X1_ACCATTTCAGGTTACT.1",1000
"X1_ACCATTTCATGTGACT.1",1
"X1_ACCATTTGTAGCGTTT.1",8
"X1_ACCATTTGTGATTGGG.1",7
"X1_ACCATTTGTGCAATAA.1",7
"X1_ACCATTTGTGGGCTCT.1",4
"X1_ACCATTTGTGGTATGG.1",7
"X1_ACCATTTGTGGTGATG.1",1
"X1_ACCATTTGTGTACAGG.1",2
"X1_ACCATTTGTTAACCTG.1",8
"X1_ACCATTTGTTGGGATG.1",1000
"X1_ACCATTTGTTGTAAAG.1",8
"X1_ACCATTTTCACCTTAT.1",4
"X1_ACCATTTTCACTTCTA.1",4
"X1_ACCATTTTCACTTTGT.1",0
"X1_ACCATTTTCAGACCCG.1",4
"X1_ACCATTTTCAGGAACG.1",1000
"X1_ACCATTTTCATCTCTA.1",1000
"X1_ACCATTTTCCTATGGA.1",7
"X1_ACCATTTTCGCATTGA.1",8
"X1_ACCATTTTCGTAATGC.1",3
"X1_ACCATTTTCGTAGAGG.1",8
"X1_ACCATTTTCTACCTTA.1",8
"X1_ACCATTTTCTGTCGCT.1",3
"X1_ACCATTTTCTGTGTGA.1",8
"X1_ACCATTTTCTTCGGTC.1",1000
"X1_ACCCAAAAGACTGAGC.1",3
"X1_ACCCAAAAGAGAGGGC.1",1000
"X1_ACCCAAAAGATTGACA.1",1000
"X1_ACCCAAAAGCACTCCG.1",7
"X1_ACCCAAAAGCGTGAGT.1",1000
"X1_ACCCAAAAGCTGACCC.1",7
"X1_ACCCAAAAGGCTTCCG.1",7
"X1_ACCCAAAAGGTAGCAC.1",5
"X1_ACCCAAAAGGTTCCGC.1",1000
"X1_ACCCAAAAGTATGAGT.1",3
"X1_ACCCAAAAGTCGTCTA.1",8
"X1_ACCCAAAAGTTGTCAC.1",1000
"X1_ACCCAAACAAGAGTGC.1",1000
"X1_ACCCAAACACGCCAGT.1",8
"X1_ACCCAAACACGCTGCA.1",4
"X1_ACCCAAACAGCTGCCA.1",8
"X1_ACCCAAACAGCTGGTC.1",8
"X1_ACCCAAACATGAAGCG.1",1000
"X1_ACCCAAACATGAATAG.1",3
"X1_ACCCAAAGTCATCTAG.1",3
"X1_ACCCAAAGTCCTTTGC.1",3
"X1_ACCCAAAGTGGAAATT.1",7
"X1_ACCCAAAGTTTACTGG.1",6
"X1_ACCCAAATCATGGCCG.1",6
"X1_ACCCAAATCATTCTTG.1",1000
"X1_ACCCAAATCCAAGGGA.1",6
"X1_ACCCTCAAGAGTCTTC.1",8
"X1_ACCCTCAAGCGAATGC.1",7
"X1_ACCCTCAAGCGTGCTC.1",8
"X1_ACCCTCAAGTGACACG.1",6
"X1_ACCCTCACACGCTTAA.1",7
"X1_ACCCTCACACTACACA.1",2
"X1_ACCCTCACAGCAGGAT.1",7
"X1_ACCCTCACAGCGTAGA.1",1
"X1_ACCCTCAGTACAAGCG.1",8
"X1_ACCCTCAGTCAATCTG.1",8
"X1_ACCCTCAGTCACCCTT.1",3
"X1_ACCCTCAGTCCTACAA.1",8
"X1_ACCCTCAGTGTTGAGG.1",7
"X1_ACCCTCAGTTCCACGG.1",1000
"X1_ACCCTCAGTTTGTGGT.1",1000
"X1_ACCCTCATCGGTCATA.1",3
"X1_ACCCTCATCGTGGCGT.1",0
"X1_ACCCTCATCTGTTGGA.1",8
"X1_ACCCTTGAGAAATGGG.1",1000
"X1_ACCCTTGAGACATCCT.1",8
"X1_ACCCTTGAGACGGTTG.1",5
"X1_ACCCTTGAGCCGGAAT.1",1000
"X1_ACCCTTGAGCCTCTTC.1",7
"X1_ACCCTTGAGCGGTAAC.1",6
"X1_ACCCTTGAGGATATGT.1",1000
"X1_ACCCTTGAGGGTCTTT.1",8
"X1_ACCCTTGAGTCTCCTC.1",3
"X1_ACCCTTGAGTGGTGGT.1",1000
"X1_ACCCTTGAGTTGCTCA.1",7
"X1_ACCCTTGCAACACAGG.1",1000
"X1_ACCCTTGCAACGGGTA.1",3
"X1_ACCCTTGCAACGTATC.1",4
"X1_ACCCTTGCAAGCTGTT.1",2
"X1_ACCCTTGCACATACGT.1",4
"X1_ACCCTTGCACCGGAAA.1",4
"X1_ACCCTTGCAGGATGAC.1",1000
"X1_ACCCTTGCAGTACTAC.1",1
"X1_ACCCTTGCATGAAGCG.1",5
"X1_ACCCTTGCATGAGTAA.1",4
"X1_ACCCTTGGTAAGATAC.1",1000
"X1_ACCCTTGGTCTCCCTA.1",1000
"X1_ACCCTTGGTGAGTTGG.1",1000
"X1_ACCCTTGGTGGACCAA.1",8
"X1_ACCCTTGGTGTGACCC.1",7
"X1_ACCCTTGGTTATCTGG.1",3
"X1_ACCCTTGGTTCCTACC.1",4
"X1_ACCCTTGGTTCGAACT.1",8
"X1_ACCCTTGTCAAGCCAT.1",8
"X1_ACCCTTGTCACCGGGT.1",7
"X1_ACCCTTGTCCTTCTAA.1",7
"X1_ACCCTTGTCGATACTG.1",1000
"X1_ACCCTTGTCGCTACAA.1",1000
"X1_ACCCTTGTCGTTATCT.1",7
"X1_ACCCTTGTCTCCAATT.1",7
"X1_ACCCTTGTCTCTAAGG.1",2
"X1_ACCCTTGTCTTTGCGC.1",8
"X1_ACCGTTCAGACATACA.1",8
"X1_ACCGTTCAGACCACGA.1",1000
"X1_ACCGTTCAGACGACTG.1",7
"X1_ACCGTTCAGCATTTCG.1",7
"X1_ACCGTTCAGCTAATCC.1",2
"X1_ACCGTTCAGGCCCACT.1",6
"X1_ACCGTTCAGGCCTGAA.1",1000
"X1_ACCGTTCAGGTCACAG.1",8
"X1_ACCGTTCAGGTCGCCT.1",4
"X1_ACCGTTCAGTATGGCG.1",1000
"X1_ACCGTTCAGTGGACGT.1",5
"X1_ACCGTTCAGTTCCATG.1",1000
"X1_ACCGTTCCAACCGGAA.1",8
"X1_ACCGTTCCAAGGACAC.1",4
"X1_ACCGTTCCAATGACCT.1",3
"X1_ACCGTTCCACCATAAC.1",4
"X1_ACCGTTCCACCATATG.1",2
"X1_ACCGTTCCACCCTAAA.1",1000
"X1_ACCGTTCCAGTTCCAA.1",0
"X1_ACCGTTCGTACCGTCG.1",8
"X1_ACCGTTCGTAGAATGT.1",4
"X1_ACCGTTCGTATGAGGC.1",3
"X1_ACCGTTCGTATTCTCT.1",4
"X1_ACCGTTCGTCATCCGG.1",1000
"X1_ACCGTTCGTCGAATGG.1",4
"X1_ACCGTTCGTCGGTACC.1",1000
"X1_ACCGTTCGTCGTTGCG.1",1000
"X1_ACCGTTCGTCTCAAGT.1",5
"X1_ACCGTTCGTCTTACAG.1",8
"X1_ACCGTTCGTGAAAGTT.1",4
"X1_ACCGTTCGTTAGAAAC.1",4
"X1_ACCGTTCGTTCGGGTC.1",7
"X1_ACCGTTCTCCCAGGAC.1",1
"X1_ACCGTTCTCCTGTTAT.1",4
"X1_ACCGTTCTCTCGCGTT.1",4
"X1_ACCTACCAGACATCAA.1",7
"X1_ACCTACCAGCTTGTGT.1",6
"X1_ACCTACCAGGGATCGT.1",7
"X1_ACCTACCAGTACAACA.1",8
"X1_ACCTACCAGTGGGAAA.1",3
"X1_ACCTACCAGTGTGTTC.1",8
"X1_ACCTACCAGTTACGTC.1",7
"X1_ACCTACCCAACTGGTT.1",1000
"X1_ACCTACCCAAGCCTGC.1",8
"X1_ACCTACCCAAGGAGTC.1",1
"X1_ACCTACCCAATCGAAA.1",1000
"X1_ACCTACCCACAGCTGC.1",4
"X1_ACCTACCCACATGACT.1",3
"X1_ACCTACCCACCAAATC.1",1000
"X1_ACCTACCCACTTGAGT.1",3
"X1_ACCTACCCAGAGTCTT.1",1000
"X1_ACCTACCCATACCATG.1",1000
"X1_ACCTACCCATATGAAG.1",7
"X1_ACCTACCCATTCAGCA.1",7
"X1_ACCTACCGTACACTCA.1",1000
"X1_ACCTACCGTAGACGTG.1",4
"X1_ACCTACCGTGACTGTT.1",8
"X1_ACCTACCGTTAGAAGT.1",1000
"X1_ACCTACCGTTGGAGGT.1",1000
"X1_ACCTACCTCAGGACAG.1",1000
"X1_ACCTACCTCATATGGC.1",1
"X1_ACCTACCTCCTCGCAT.1",3
"X1_ACCTACCTCCTCTCGA.1",2
"X1_ACCTACCTCCTTCACG.1",5
"X1_ACCTACCTCGAAATCC.1",6
"X1_ACCTACCTCGACGCGT.1",1000
"X1_ACCTACCTCGGAATGG.1",0
"X1_ACCTACCTCTATTCGT.1",8
"X1_ACCTGAAAGAAAGTCT.1",1000
"X1_ACCTGAAAGAGGGTCT.1",3
"X1_ACCTGAAAGGCATCTT.1",2
"X1_ACCTGAAAGGGACTGT.1",6
"X1_ACCTGAAAGGGAGGCA.1",1000
"X1_ACCTGAAAGGTAAACT.1",7
"X1_ACCTGAAAGTGTGTTC.1",8
"X1_ACCTGAACAAAGGCAC.1",4
"X1_ACCTGAACACATTCGA.1",8
"X1_ACCTGAACAGGTATGG.1",1000
"X1_ACCTGAACAGGTGTGA.1",3
"X1_ACCTGAACAGTCGGTC.1",8
"X1_ACCTGAACAGTTACCA.1",5
"X1_ACCTGAACATTGTCGA.1",8
"X1_ACCTGAAGTAACGCGA.1",2
"X1_ACCTGAAGTACCGGCT.1",1000
"X1_ACCTGAAGTACGGATG.1",1
"X1_ACCTGAAGTAGCTCGC.1",2
"X1_ACCTGAAGTATGGTTC.1",8
"X1_ACCTGAAGTCATATGC.1",8
"X1_ACCTGAAGTCTTCTAT.1",3
"X1_ACCTGAAGTGAACGGT.1",7
"X1_ACCTGAAGTGACACAG.1",1000
"X1_ACCTGAAGTGATCATC.1",8
"X1_ACCTGAAGTGATTCAC.1",1000
"X1_ACCTGAAGTGCAATAA.1",6
"X1_ACCTGAAGTGGCCCAT.1",1000
"X1_ACCTGAAGTTCTTCAT.1",1000
"X1_ACCTGAAGTTGGGACA.1",1000
"X1_ACCTGAATCAGACAAA.1",2
"X1_ACCTGAATCAGCAGAG.1",1000
"X1_ACCTGAATCGTGACTA.1",8
"X1_ACCTGTCAGCGGGTAT.1",5
"X1_ACCTGTCAGCTCAGAG.1",1000
"X1_ACCTGTCAGGAAGTAG.1",3
"X1_ACCTGTCAGGCTGTAG.1",1000
"X1_ACCTGTCAGGGTACGT.1",8
"X1_ACCTGTCAGTGGACTG.1",8
"X1_ACCTGTCCAAGCCCAC.1",4
"X1_ACCTGTCCAATCGTCA.1",2
"X1_ACCTGTCCAGGACGAT.1",1
"X1_ACCTGTCCATACAGGG.1",8
"X1_ACCTGTCGTATCAGCT.1",8
"X1_ACCTGTCGTCATAAAG.1",7
"X1_ACCTGTCGTCCATACA.1",8
"X1_ACCTGTCGTCTGCGCA.1",1000
"X1_ACCTGTCGTGAGATAT.1",7
"X1_ACCTGTCGTGTGTGTT.1",3
"X1_ACCTGTCGTTATCTGG.1",1000
"X1_ACCTGTCTCACCCTGT.1",8
"X1_ACCTGTCTCATATGGC.1",8
"X1_ACCTGTCTCATTTCGT.1",3
"X1_ACCTGTCTCCATCACC.1",6
"X1_ACCTGTCTCGCCAACG.1",5
"X1_ACCTGTCTCTAGGAAA.1",7
"X1_ACCTGTCTCTGCTCTG.1",1000
"X1_ACCTGTCTCTTCACGC.1",1000
"X1_ACCTGTCTCTTTCTAG.1",8
"X1_ACGATCAAGAGCCCAA.1",8
"X1_ACGATCAAGAGCCGTA.1",7
"X1_ACGATCAAGCATCCCG.1",0
"X1_ACGATCAAGCTAGCCC.1",7
"X1_ACGATCAAGGAACATT.1",8
"X1_ACGATCAAGGCAGGTT.1",7
"X1_ACGATCAAGGTGCTGA.1",8
"X1_ACGATCACAAACCACT.1",8
"X1_ACGATCACAACCAACT.1",6
"X1_ACGATCACAGAGGCAT.1",7
"X1_ACGATCACAGCAAGAC.1",4
"X1_ACGATCACAGCAGATG.1",4
"X1_ACGATCACAGTTGGTT.1",6
"X1_ACGATCACATCATCTT.1",4
"X1_ACGATCACATGTCGTA.1",4
"X1_ACGATCAGTAAGAACT.1",1000
"X1_ACGATCAGTATCCTTT.1",1000
"X1_ACGATCAGTCCACAGC.1",2
"X1_ACGATCAGTCCGACGT.1",6
"X1_ACGATCAGTCTCCTGT.1",8
"X1_ACGATCAGTGAGAGGG.1",8
"X1_ACGATCAGTGGACAGT.1",2
"X1_ACGATCAGTTCCGCTT.1",7
"X1_ACGATCAGTTGGAGGT.1",4
"X1_ACGATCATCACCCTTG.1",5
"X1_ACGATCATCCATAAGC.1",4
"X1_ACGATCATCCATCTAT.1",1
"X1_ACGATCATCCCAGTGG.1",8
"X1_ACGATCATCGCTCTCA.1",1000
"X1_ACGATGTAGAAGATCT.1",1000
"X1_ACGATGTAGACAGCGT.1",1000
"X1_ACGATGTAGCCGTAAG.1",8
"X1_ACGATGTAGGAGGCAG.1",8
"X1_ACGATGTAGGGATCTG.1",1000
"X1_ACGATGTAGTCTTGGT.1",2
"X1_ACGATGTAGTTCGCAT.1",7
"X1_ACGATGTCAACAGCTT.1",7
"X1_ACGATGTCAAGCGAAC.1",8
"X1_ACGATGTCAAGGTCAG.1",7
"X1_ACGATGTCACACCAGC.1",5
"X1_ACGATGTCAGATCCAT.1",1000
"X1_ACGATGTCATCGGAAG.1",8
"X1_ACGATGTCATCGGTTA.1",0
"X1_ACGATGTCATTGGCAT.1",4
"X1_ACGATGTGTACCAATC.1",1000
"X1_ACGATGTGTATCGCGC.1",1000
"X1_ACGATGTGTATCTTCT.1",7
"X1_ACGATGTGTCAGTCGC.1",1000
"X1_ACGATGTGTGATCGTT.1",4
"X1_ACGATGTGTGCTCCGA.1",8
"X1_ACGATGTGTGGTAATA.1",7
"X1_ACGATGTGTGTGAATA.1",8
"X1_ACGATGTGTTGAGAGC.1",8
"X1_ACGATGTGTTTACGAC.1",1000
"X1_ACGATGTTCATGCAGT.1",1000
"X1_ACGATGTTCCACTTTA.1",8
"X1_ACGATGTTCCCATAGA.1",4
"X1_ACGATGTTCGGCATCG.1",4
"X1_ACGATGTTCTCATTAC.1",1000
"X1_ACGATGTTCTCCACTG.1",0
"X1_ACGCACGAGACTTCAC.1",4
"X1_ACGCACGAGATCGCCC.1",7
"X1_ACGCACGAGCATACTC.1",1000
"X1_ACGCACGAGCCATATC.1",1000
"X1_ACGCACGAGGCACCAA.1",0
"X1_ACGCACGAGTGTAGTA.1",5
"X1_ACGCACGCAAATCGGG.1",7
"X1_ACGCACGCAATGCTCA.1",5
"X1_ACGCACGCACAAGTGG.1",8
"X1_ACGCACGCACCCGTAG.1",2
"X1_ACGCACGCACCGGCTA.1",4
"X1_ACGCACGCAGACAAGC.1",4
"X1_ACGCACGCAGCCATTA.1",1000
"X1_ACGCACGCAGGGATAC.1",3
"X1_ACGCACGCAGTTTCGA.1",8
"X1_ACGCACGCATAACTCG.1",4
"X1_ACGCACGCATAGTCAC.1",2
"X1_ACGCACGCATGAATAG.1",1000
"X1_ACGCACGCATGACCCG.1",3
"X1_ACGCACGCATTGGATC.1",2
"X1_ACGCACGGTAGCGAGT.1",3
"X1_ACGCACGGTAGTGTGG.1",2
"X1_ACGCACGGTCAGTCTA.1",1000
"X1_ACGCACGGTGCCCTTT.1",2
"X1_ACGCACGGTTCCTTGC.1",7
"X1_ACGCACGGTTCGCGTG.1",4
"X1_ACGCACGGTTTACACG.1",8
"X1_ACGCACGTCAAGCCTA.1",1000
"X1_ACGCACGTCATTACTC.1",3
"X1_ACGCACGTCCTGCCAT.1",1000
"X1_ACGCACGTCGAACCTA.1",5
"X1_ACGCACGTCGAAGTGG.1",8
"X1_ACGCACGTCGGCATAT.1",1000
"X1_ACGCACGTCGGTAACT.1",7
"X1_ACGCACGTCTATTGTC.1",1000
"X1_ACGCACGTCTTCTAAC.1",1000
"X1_ACGGAAGAGAGCAACC.1",1
"X1_ACGGAAGAGAGCTGAC.1",8
"X1_ACGGAAGAGATTGGGC.1",7
"X1_ACGGAAGAGGAGATAG.1",3
"X1_ACGGAAGAGTTGAATG.1",8
"X1_ACGGAAGCAAGCTACT.1",3
"X1_ACGGAAGCACTGGCCA.1",1
"X1_ACGGAAGCAGCAAGAC.1",8
"X1_ACGGAAGCAGTGACCC.1",1000
"X1_ACGGAAGCATACATCG.1",1
"X1_ACGGAAGCATAGGTAA.1",1000
"X1_ACGGAAGCATATCGGT.1",1000
"X1_ACGGAAGCATGGCACC.1",3
"X1_ACGGAAGCATTCACAG.1",4
"X1_ACGGAAGGTACGTTCA.1",4
"X1_ACGGAAGGTCCAAGAG.1",1000
"X1_ACGGAAGGTCCGGCAT.1",1000
"X1_ACGGAAGGTGAATATG.1",1
"X1_ACGGAAGGTGATCGTT.1",3
"X1_ACGGAAGGTGCACATT.1",1000
"X1_ACGGAAGGTGGTCAAG.1",6
"X1_ACGGAAGGTGTTACTG.1",5
"X1_ACGGAAGGTGTTCGAT.1",2
"X1_ACGGAAGGTTCATCTT.1",4
"X1_ACGGAAGGTTGGATCT.1",3
"X1_ACGGAAGTCAAGCCTA.1",8
"X1_ACGGAAGTCAATGTCG.1",3
"X1_ACGGAAGTCAGGTGTT.1",1000
"X1_ACGGAAGTCCAAACCA.1",8
"X1_ACGGAAGTCCATCTCG.1",1000
"X1_ACGGAAGTCCTCTCGA.1",7
"X1_ACGGAAGTCGACGAGA.1",1000
"X1_ACGGAAGTCGGACAAG.1",5
"X1_ACGGAAGTCGGCCAAC.1",3
"X1_ACGGAAGTCTATTTCG.1",8
"X1_ACGGAAGTCTGCCTCA.1",6
"X1_ACGGAAGTCTTTCCAA.1",6
"X1_ACGGGTCAGAAACCCG.1",6
"X1_ACGGGTCAGACATCCT.1",1000
"X1_ACGGGTCAGAGATTCA.1",4
"X1_ACGGGTCAGATACGAT.1",0
"X1_ACGGGTCAGATCCGAG.1",4
"X1_ACGGGTCAGCCGTCGT.1",3
"X1_ACGGGTCAGCGTGAGT.1",4
"X1_ACGGGTCAGCTACTAC.1",7
"X1_ACGGGTCAGGATATAC.1",7
"X1_ACGGGTCAGGTAACTA.1",8
"X1_ACGGGTCAGTGCTAGG.1",1000
"X1_ACGGGTCAGTTGAAAC.1",7
"X1_ACGGGTCAGTTGTCAC.1",6
"X1_ACGGGTCAGTTTGTCG.1",7
"X1_ACGGGTCCAACAAGTA.1",6
"X1_ACGGGTCCAACACAAA.1",5
"X1_ACGGGTCCAAGCGAGT.1",3
"X1_ACGGGTCCAAGGTTGG.1",0
"X1_ACGGGTCCACCAGCTG.1",1000
"X1_ACGGGTCCACTACCGG.1",8
"X1_ACGGGTCCACTCATAG.1",4
"X1_ACGGGTCCATACAGAA.1",1000
"X1_ACGGGTCCATCATTTC.1",1000
"X1_ACGGGTCCATCGAGCC.1",5
"X1_ACGGGTCCATGCAGGA.1",2
"X1_ACGGGTCCATGTAACC.1",3
"X1_ACGGGTCGTAAGATCA.1",1000
"X1_ACGGGTCGTAAGATTG.1",4
"X1_ACGGGTCGTAAGCGGT.1",4
"X1_ACGGGTCGTAGGTGCA.1",7
"X1_ACGGGTCGTATACCCA.1",4
"X1_ACGGGTCGTATGGAGC.1",8
"X1_ACGGGTCGTGGTTCTA.1",8
"X1_ACGGGTCGTGTTTGCA.1",2
"X1_ACGGGTCGTTCGAAGG.1",1000
"X1_ACGGGTCGTTGAGTCT.1",3
"X1_ACGGGTCTCGCGTTTC.1",5
"X1_ACGGGTCTCGGAATTC.1",8
"X1_ACGGGTCTCGGCTTGG.1",5
"X1_ACGGGTCTCGGTCAGC.1",6
"X1_ACGGGTCTCTACTATC.1",1000
"X1_ACGGGTCTCTCGAGTA.1",1000
"X1_ACGGTCGAGACCCGCT.1",1000
"X1_ACGGTCGAGAGTGGCT.1",1000
"X1_ACGGTCGAGCATCCCG.1",8
"X1_ACGGTCGAGCTTTGTG.1",7
"X1_ACGGTCGAGGCTGGAT.1",3
"X1_ACGGTCGAGTCTCTGA.1",4
"X1_ACGGTCGAGTGATTCC.1",7
"X1_ACGGTCGAGTTGTACC.1",6
"X1_ACGGTCGCAATCCTTT.1",6
"X1_ACGGTCGCAATGGCCC.1",1000
"X1_ACGGTCGCACGATAGG.1",1000
"X1_ACGGTCGCACTATGTG.1",1000
"X1_ACGGTCGCAGTCGGAA.1",1000
"X1_ACGGTCGCATGTGACT.1",8
"X1_ACGGTCGGTACTCGTA.1",6
"X1_ACGGTCGGTACTTCCC.1",8
"X1_ACGGTCGGTATGCTAC.1",4
"X1_ACGGTCGGTCCGTTTC.1",8
"X1_ACGGTCGGTCTGTGGC.1",1000
"X1_ACGGTCGTCAGTGTGT.1",3
"X1_ACGGTCGTCCATACTT.1",8
"X1_ACGGTCGTCCTTCACG.1",6
"X1_ACGGTCGTCGGCATAT.1",1000
"X1_ACGGTCGTCGGTAGGA.1",4
"X1_ACGGTCGTCGGTATGT.1",4
"X1_ACGGTCGTCTTACCGC.1",5
"X1_ACGGTTAAGAGCAAGA.1",2
"X1_ACGGTTAAGAGTCAGC.1",1000
"X1_ACGGTTAAGAGTTGCG.1",3
"X1_ACGGTTAAGATCCCGC.1",7
"X1_ACGGTTAAGATTGTGA.1",8
"X1_ACGGTTAAGATTTGCC.1",8
"X1_ACGGTTAAGCATGGGT.1",8
"X1_ACGGTTAAGCGTGCTC.1",2
"X1_ACGGTTAAGGAGTACC.1",8
"X1_ACGGTTAAGGTTAAAC.1",4
"X1_ACGGTTAAGTAGCCAG.1",1000
"X1_ACGGTTAAGTGCGCTC.1",1000
"X1_ACGGTTAAGTTGCCTA.1",1000
"X1_ACGGTTACAAGATCCT.1",6
"X1_ACGGTTACAAGGAGTC.1",1000
"X1_ACGGTTACAAGTGGAC.1",3
"X1_ACGGTTACACATACGT.1",1000
"X1_ACGGTTACACGCGTCA.1",8
"X1_ACGGTTACAGATCCTA.1",7
"X1_ACGGTTACAGGATCTT.1",3
"X1_ACGGTTACAGGGTCTC.1",4
"X1_ACGGTTACAGGTTTAC.1",7
"X1_ACGGTTACATCTTTCA.1",8
"X1_ACGGTTACATGACACT.1",7
"X1_ACGGTTACATGACTAC.1",3
"X1_ACGGTTAGTACACGCC.1",1
"X1_ACGGTTAGTCTTGAAC.1",8
"X1_ACGGTTAGTGAGATAT.1",7
"X1_ACGGTTAGTTAACAGA.1",7
"X1_ACGGTTAGTTCCCAAA.1",5
"X1_ACGGTTAGTTCTCCAC.1",5
"X1_ACGGTTAGTTCTGACA.1",8
"X1_ACGGTTAGTTGGGTTT.1",7
"X1_ACGGTTATCAACGTGT.1",8
"X1_ACGGTTATCAGACAAA.1",4
"X1_ACGGTTATCCATAGAC.1",1
"X1_ACGGTTATCCCATTCG.1",8
"X1_ACGGTTATCCCGTGAG.1",8
"X1_ACGGTTATCCTGGTCT.1",2
"X1_ACGGTTATCGCGTAGC.1",8
"X1_ACGGTTATCTACTCAT.1",1000
"X1_ACGGTTATCTATTCGT.1",1000
"X1_ACGTAACAGACATCCT.1",8
"X1_ACGTAACAGCGCTTCG.1",3
"X1_ACGTAACAGGATACAT.1",1000
"X1_ACGTAACAGGGAACAA.1",4
"X1_ACGTAACAGGTAACTA.1",1000
"X1_ACGTAACAGTAAACTG.1",7
"X1_ACGTAACAGTACCCTA.1",4
"X1_ACGTAACAGTATGGCG.1",1000
"X1_ACGTAACAGTATTGCC.1",4
"X1_ACGTAACAGTCGAATA.1",1000
"X1_ACGTAACAGTTAGAAC.1",7
"X1_ACGTAACCAAATGATG.1",1000
"X1_ACGTAACCAACAGCCC.1",1000
"X1_ACGTAACCAACCGCTG.1",1
"X1_ACGTAACCAAGTTTGC.1",7
"X1_ACGTAACCAATTCTCT.1",8
"X1_ACGTAACCACAACGTT.1",7
"X1_ACGTAACCACTTCATT.1",1000
"X1_ACGTAACCAGAAGCGT.1",8
"X1_ACGTAACCAGAGGCTA.1",1000
"X1_ACGTAACCATGGACAG.1",4
"X1_ACGTAACGTAAGAACT.1",7
"X1_ACGTAACGTAGTATAG.1",1000
"X1_ACGTAACGTATGTCTG.1",8
"X1_ACGTAACGTCACTACA.1",1
"X1_ACGTAACGTGTATTCG.1",8
"X1_ACGTAACGTGTCACAT.1",4
"X1_ACGTAACGTTTCGACA.1",8
"X1_ACGTAACTCAAAGGTA.1",1000
"X1_ACGTAACTCAACACGT.1",1000
"X1_ACGTAACTCACATACG.1",4
"X1_ACGTAACTCAGCTAGT.1",7
"X1_ACGTAACTCAGGACAG.1",3
"X1_ACGTAACTCATAGGCT.1",5
"X1_ACGTAACTCATTCGGA.1",1000
"X1_ACGTAACTCCAACCGG.1",4
"X1_ACGTAACTCCGTCACT.1",2
"X1_ACGTAACTCGGCACTG.1",1000
"X1_ACGTAACTCTCAACCC.1",7
"X1_ACGTAACTCTGAACGT.1",1000
"X1_ACGTAACTCTGGGCGT.1",7
"X1_ACGTAACTCTTTCGAT.1",1000
"X1_ACGTACAAGAGCAGTC.1",4
"X1_ACGTACAAGCTCGCAC.1",0
"X1_ACGTACAAGCTGGCTC.1",1000
"X1_ACGTACAAGGTAGTAT.1",8
"X1_ACGTACAAGGTCATCT.1",1000
"X1_ACGTACAAGTGCCCGT.1",1
"X1_ACGTACAAGTTGCTCA.1",3
"X1_ACGTACACAAACCATC.1",4
"X1_ACGTACACACAACATC.1",7
"X1_ACGTACACACACCTTC.1",1000
"X1_ACGTACACACCAATTG.1",0
"X1_ACGTACACACGCTTAA.1",8
"X1_ACGTACACAGATAAAC.1",1000
"X1_ACGTACACAGATTAAG.1",4
"X1_ACGTACACAGCGCGTT.1",3
"X1_ACGTACACAGGTGGAT.1",1000
"X1_ACGTACACAGTCGCAC.1",1000
"X1_ACGTACACATCGTCCT.1",3
"X1_ACGTACACATGGGTCC.1",1000
"X1_ACGTACACATTGCTGA.1",7
"X1_ACGTACAGTACTTGTG.1",1000
"X1_ACGTACAGTAGCTAAA.1",1
"X1_ACGTACAGTCACTCGG.1",8
"X1_ACGTACAGTCGCATGC.1",4
"X1_ACGTACAGTGATCGTT.1",1000
"X1_ACGTACAGTTATGGTC.1",4
"X1_ACGTACAGTTATGTCG.1",5
"X1_ACGTACATCAGTCACA.1",1000
"X1_ACGTACATCATGGTAC.1",8
"X1_ACGTACATCATTACCT.1",5
"X1_ACGTACATCGAGCCTG.1",3
"X1_ACGTACATCGATCCCT.1",7
"X1_ACGTACATCGGACGTC.1",1
"X1_ACGTACATCGGCTATA.1",8
"X1_ACGTACATCTAGCAAC.1",5
"X1_ACGTACATCTAGCATG.1",4
"X1_ACGTAGTAGAACCGCA.1",7
"X1_ACGTAGTAGAATCGTA.1",6
"X1_ACGTAGTAGCAACTTC.1",4
"X1_ACGTAGTAGCCAAGTG.1",1000
"X1_ACGTAGTAGGTGTGAC.1",5
"X1_ACGTAGTAGGTTCATC.1",1
"X1_ACGTAGTAGTACAGAT.1",8
"X1_ACGTAGTAGTATAACG.1",7
"X1_ACGTAGTAGTCATGCT.1",3
"X1_ACGTAGTAGTTCTCTT.1",1000
"X1_ACGTAGTAGTTGTACC.1",8
"X1_ACGTAGTCACAACATC.1",7
"X1_ACGTAGTCATCACCAA.1",3
"X1_ACGTAGTCATCTATCT.1",8
"X1_ACGTAGTCATGAAAGT.1",5
"X1_ACGTAGTGTACGATGG.1",7
"X1_ACGTAGTGTCGATGCC.1",2
"X1_ACGTAGTGTGTAAACA.1",7
"X1_ACGTAGTTCCCTAGGG.1",0
"X1_ACGTAGTTCCGCAGTG.1",4
"X1_ACGTAGTTCCGTAGTA.1",1000
"X1_ACGTAGTTCGAGAAAT.1",7
"X1_ACGTAGTTCGCTTACC.1",1000
"X1_ACGTAGTTCGGCTCTT.1",7
"X1_ACGTAGTTCTGGAGAG.1",8
"X1_ACGTCCTAGATGGCAC.1",6
"X1_ACGTCCTAGCACTCGC.1",7
"X1_ACGTCCTAGCGTTCAT.1",1000
"X1_ACGTCCTAGGGTAGCT.1",1000
"X1_ACGTCCTAGTAACCTC.1",1000
"X1_ACGTCCTAGTTGTAGA.1",8
"X1_ACGTCCTCAACTGGTT.1",5
"X1_ACGTCCTCACGGCCAT.1",8
"X1_ACGTCCTCACGGGTAA.1",4
"X1_ACGTCCTCACTGTGAT.1",7
"X1_ACGTCCTCAGGCAATG.1",1000
"X1_ACGTCCTCAGGCTTGC.1",8
"X1_ACGTCCTCATATCGGT.1",1
"X1_ACGTCCTGTATCCCTC.1",7
"X1_ACGTCCTGTCCAACGC.1",1000
"X1_ACGTCCTGTCGCTTAA.1",4
"X1_ACGTCCTGTCTGTCAA.1",8
"X1_ACGTCCTGTGAGATTA.1",1000
"X1_ACGTCCTGTGAGTTTC.1",8
"X1_ACGTCCTGTGGCTGCT.1",1000
"X1_ACGTCCTGTGTAGCAG.1",4
"X1_ACGTCCTGTTAGGGTG.1",7
"X1_ACGTCCTGTTATCTGG.1",2
"X1_ACGTCCTGTTGCCGCA.1",1000
"X1_ACGTCCTGTTGTGTTG.1",0
"X1_ACGTCCTGTTTCCATT.1",4
"X1_ACGTCCTTCAACTACG.1",8
"X1_ACGTCCTTCATATGGC.1",1000
"X1_ACGTCCTTCCACATAG.1",6
"X1_ACGTCCTTCCACGAAT.1",1000
"X1_ACGTCCTTCCGTGGTG.1",1000
"X1_ACGTCCTTCCTAACAG.1",3
"X1_ACGTCCTTCGACGCGT.1",1
"X1_ACGTCCTTCTGATTCT.1",6
"X1_ACGTTCCAGACGCCAA.1",1
"X1_ACGTTCCAGCATCTTG.1",4
"X1_ACGTTCCAGCCTGGAA.1",8
"X1_ACGTTCCAGCCTTTCC.1",7
"X1_ACGTTCCAGCGCACAA.1",3
"X1_ACGTTCCAGGAACTCG.1",6
"X1_ACGTTCCAGGCATGGT.1",1000
"X1_ACGTTCCAGTAGCATA.1",7
"X1_ACGTTCCCAAACTAAG.1",2
"X1_ACGTTCCCAAACTCTG.1",1000
"X1_ACGTTCCCAACACAAA.1",2
"X1_ACGTTCCCAAGTGGCA.1",5
"X1_ACGTTCCCAATAGTGA.1",8
"X1_ACGTTCCCACTTGAGT.1",1000
"X1_ACGTTCCCAGCTCTGG.1",7
"X1_ACGTTCCCAGGTTACT.1",7
"X1_ACGTTCCCATGGCCCA.1",7
"X1_ACGTTCCGTCCAATCA.1",1000
"X1_ACGTTCCGTCCTCATC.1",3
"X1_ACGTTCCGTCGAATTC.1",0
"X1_ACGTTCCGTCTCACGG.1",8
"X1_ACGTTCCGTGAGATTA.1",4
"X1_ACGTTCCGTTCCAGGC.1",3
"X1_ACGTTCCGTTCTAAGC.1",4
"X1_ACGTTCCGTTTACTTC.1",4
"X1_ACGTTCCTCACACCCT.1",3
"X1_ACGTTCCTCGACCAAT.1",5
"X1_ACGTTCCTCGGATTAC.1",7
"X1_ACGTTCCTCTCATTTG.1",8
"X1_ACGTTCCTCTGCATAG.1",7
"X1_ACGTTCCTCTTCCCAG.1",2
"X1_ACTACGAAGAAATTGC.1",1000
"X1_ACTACGAAGAAGTGTT.1",1000
"X1_ACTACGAAGAGTTGAT.1",5
"X1_ACTACGAAGCGCCATC.1",1000
"X1_ACTACGAAGCGCCTAC.1",1000
"X1_ACTACGAAGGTCACAG.1",7
"X1_ACTACGAAGTGATGGC.1",7
"X1_ACTACGAAGTGGATTA.1",3
"X1_ACTACGACAAATTGGA.1",7
"X1_ACTACGACAAGATCCT.1",1000
"X1_ACTACGACACACAGAG.1",1000
"X1_ACTACGACAGACCATT.1",7
"X1_ACTACGACAGAGGACT.1",4
"X1_ACTACGACAGCCTACG.1",7
"X1_ACTACGACAGGGTTGA.1",7
"X1_ACTACGACAGTCTTCC.1",1000
"X1_ACTACGACATCCGAAT.1",1000
"X1_ACTACGACATTCGGGC.1",7
"X1_ACTACGAGTCAAAGTA.1",4
"X1_ACTACGAGTCATAACC.1",2
"X1_ACTACGAGTCCTGTCT.1",1000
"X1_ACTACGAGTCGGAACA.1",1000
"X1_ACTACGAGTGAGAACC.1",7
"X1_ACTACGAGTGCGCTCA.1",1000
"X1_ACTACGAGTGGAATGC.1",2
"X1_ACTACGAGTGTCCGTG.1",6
"X1_ACTACGAGTTAGCGGA.1",7
"X1_ACTACGAGTTCAAACC.1",1000
"X1_ACTACGAGTTCTCCCA.1",1000
"X1_ACTACGATCGACGAGA.1",1000
"X1_ACTACGATCGGCTTCT.1",8
"X1_ACTACGATCGTGGCTG.1",7
"X1_ACTACGATCGTTCCTG.1",1000
"X1_ACTACGATCTAACGCA.1",2
"X1_ACTATCTAGAAGGATG.1",1000
"X1_ACTATCTAGACCAACG.1",6
"X1_ACTATCTAGACCATAA.1",8
"X1_ACTATCTAGACCTGGA.1",8
"X1_ACTATCTAGATGACAT.1",0
"X1_ACTATCTAGATTGGGC.1",1000
"X1_ACTATCTAGCATCCTA.1",4
"X1_ACTATCTAGCCTGACC.1",8
"X1_ACTATCTAGGTCCCGT.1",5
"X1_ACTATCTAGGTCTACT.1",6
"X1_ACTATCTAGTGGAAGA.1",6
"X1_ACTATCTCAACTGGTT.1",3
"X1_ACTATCTCAAGTTGGG.1",1
"X1_ACTATCTCAATCGAAA.1",0
"X1_ACTATCTCACCCTATC.1",1000
"X1_ACTATCTCACCGGCTA.1",7
"X1_ACTATCTCAGAGTGTG.1",0
"X1_ACTATCTCAGCTACCG.1",2
"X1_ACTATCTCAGTCGCAC.1",7
"X1_ACTATCTCAGTTTCAG.1",7
"X1_ACTATCTCATATGCGT.1",4
"X1_ACTATCTCATGACTGT.1",1000
"X1_ACTATCTGTACCCGAC.1",6
"X1_ACTATCTGTACTGAGG.1",1000
"X1_ACTATCTGTATAATGG.1",4
"X1_ACTATCTGTATACAGA.1",7
"X1_ACTATCTGTCGTTCAA.1",5
"X1_ACTATCTGTGACAGCA.1",2
"X1_ACTATCTGTGAGGAAA.1",8
"X1_ACTATCTGTGCGGCTT.1",1000
"X1_ACTATCTGTGCTTATG.1",1000
"X1_ACTATCTGTTGCATTG.1",1000
"X1_ACTATCTGTTTACGAC.1",4
"X1_ACTATCTTCCCATACC.1",7
"X1_ACTATCTTCCCGAGTG.1",1000
"X1_ACTATCTTCCGCAAAT.1",8
"X1_ACTATCTTCGGTATGT.1",2
"X1_ACTATCTTCGTTCTCG.1",6
"X1_ACTATCTTCTCGCTCA.1",7
"X1_ACTATCTTCTCGTCGT.1",8
"X1_ACTATCTTCTGGCCTT.1",1
"X1_ACTATCTTCTTGTGCC.1",1000
"X1_ACTATGGAGAAGCGGG.1",3
"X1_ACTATGGAGAGTAACT.1",1
"X1_ACTATGGAGATACAGT.1",3
"X1_ACTATGGAGCAATTAG.1",3
"X1_ACTATGGAGCCACCGT.1",3
"X1_ACTATGGAGCCAGTAG.1",7
"X1_ACTATGGAGCTTAGTC.1",5
"X1_ACTATGGAGTAGTCCT.1",1000
"X1_ACTATGGAGTCGGGAT.1",0
"X1_ACTATGGAGTTGTAAG.1",4
"X1_ACTATGGAGTTTCGGT.1",4
"X1_ACTATGGCAAATGATG.1",4
"X1_ACTATGGCAAATTAGG.1",1000
"X1_ACTATGGCACAGAGCA.1",2
"X1_ACTATGGCACATAACC.1",4
"X1_ACTATGGCACATGACT.1",3
"X1_ACTATGGCACCCTCTA.1",1000
"X1_ACTATGGCAGACAATA.1",5
"X1_ACTATGGCAGAGAGGG.1",1000
"X1_ACTATGGCAGAGTCAG.1",8
"X1_ACTATGGCAGCTCGGT.1",1000
"X1_ACTATGGCAGGTGGAT.1",1
"X1_ACTATGGCATACAGAA.1",4
"X1_ACTATGGCATAGCACT.1",3
"X1_ACTATGGGTAGGTAGC.1",3
"X1_ACTATGGGTCCCTGTT.1",3
"X1_ACTATGGGTCGGTGAA.1",2
"X1_ACTATGGGTCTGTGTA.1",8
"X1_ACTATGGGTGGCACTC.1",6
"X1_ACTATGGGTGTCTTAG.1",8
"X1_ACTATGGGTTCTCCAC.1",4
"X1_ACTATGGGTTCTCGCT.1",4
"X1_ACTATGGGTTGTGGAG.1",3
"X1_ACTATGGTCATTGCGA.1",5
"X1_ACTATGGTCCCAGTGG.1",7
"X1_ACTATGGTCGGAAGGT.1",4
"X1_ACTATGGTCTAACACG.1",5
"X1_ACTATGGTCTCTTGCG.1",7
"X1_ACTATGGTCTTCGGAA.1",1000
"X1_ACTATTCAGACAGCTG.1",1
"X1_ACTATTCAGACTGAGC.1",6
"X1_ACTATTCAGAGTGGCT.1",1000
"X1_ACTATTCAGCAACAAT.1",1000
"X1_ACTATTCAGCCATTTG.1",1000
"X1_ACTATTCAGCTCCATA.1",8
"X1_ACTATTCAGGCCACTC.1",4
"X1_ACTATTCCAAGTGCTT.1",8
"X1_ACTATTCCACCGTGAC.1",2
"X1_ACTATTCCACCTTCGT.1",3
"X1_ACTATTCCACGTATAC.1",1000
"X1_ACTATTCCAGAAATCA.1",5
"X1_ACTATTCCAGCACGAA.1",4
"X1_ACTATTCCATCGAACT.1",8
"X1_ACTATTCGTCTACGAT.1",5
"X1_ACTATTCGTGACTCGC.1",7
"X1_ACTATTCGTGCATCTA.1",3
"X1_ACTATTCGTGCGGATA.1",4
"X1_ACTATTCGTGGACAGT.1",1000
"X1_ACTATTCGTGGGACAT.1",8
"X1_ACTATTCGTTAAGAAC.1",1000
"X1_ACTATTCGTTGGCTAT.1",8
"X1_ACTATTCGTTGGGCCT.1",1000
"X1_ACTATTCTCAAGTCGT.1",1000
"X1_ACTATTCTCACCATCC.1",4
"X1_ACTATTCTCATGAGTC.1",3
"X1_ACTATTCTCCCGAACG.1",7
"X1_ACTATTCTCCCGATCT.1",1
"X1_ACTATTCTCCCGGTAG.1",8
"X1_ACTATTCTCGCCAGTG.1",4
"X1_ACTATTCTCTATCGTT.1",7
"X1_ACTCCCAAGAGCAGCT.1",4
"X1_ACTCCCAAGAGCCGTA.1",6
"X1_ACTCCCAAGCTGCCAC.1",1000
"X1_ACTCCCAAGTACGTCT.1",4
"X1_ACTCCCACAACCACGC.1",1000
"X1_ACTCCCACAACCGTGC.1",8
"X1_ACTCCCACACAGTGTT.1",2
"X1_ACTCCCACAGGTCCGT.1",3
"X1_ACTCCCACAGTCGGAA.1",1
"X1_ACTCCCACATACAGCT.1",8
"X1_ACTCCCACATCGCCTT.1",1000
"X1_ACTCCCACATTAGGAA.1",8
"X1_ACTCCCACATTGACAC.1",8
"X1_ACTCCCAGTACGACAG.1",1000
"X1_ACTCCCAGTAGAAACT.1",8
"X1_ACTCCCAGTAGATCCT.1",2
"X1_ACTCCCAGTAGTGCGA.1",3
"X1_ACTCCCAGTGATTCAC.1",1000
"X1_ACTCCCAGTGTGCCTG.1",3
"X1_ACTCCCAGTTTCGCTC.1",1000
"X1_ACTCCCATCAGCGCGT.1",8
"X1_ACTCCCATCCATACTT.1",7
"X1_ACTCCCATCCGACATA.1",4
"X1_ACTCCCATCCTCGATC.1",3
"X1_ACTCCCATCCTGTAAG.1",8
"X1_ACTCCCATCTAAGCGT.1",3
"X1_ACTCTCGAGCTGTTCA.1",7
"X1_ACTCTCGAGGTCACCC.1",7
"X1_ACTCTCGAGTACTGGG.1",8
"X1_ACTCTCGCAAATGGCG.1",8
"X1_ACTCTCGCAAGCAATA.1",3
"X1_ACTCTCGCAAGTATAG.1",1
"X1_ACTCTCGCACCTGCAG.1",2
"X1_ACTCTCGCACTGAATC.1",1000
"X1_ACTCTCGCACTTCCTG.1",8
"X1_ACTCTCGCAGCCCAGT.1",3
"X1_ACTCTCGCAGCTGAGA.1",7
"X1_ACTCTCGCATGACTTG.1",1000
"X1_ACTCTCGGTAGGAGTC.1",3
"X1_ACTCTCGGTCACTAGT.1",8
"X1_ACTCTCGGTCATAAAG.1",7
"X1_ACTCTCGGTCTCAGAT.1",8
"X1_ACTCTCGGTGTAGTGG.1",7
"X1_ACTCTCGGTTGAAGTA.1",2
"X1_ACTCTCGGTTTGGAGG.1",8
"X1_ACTCTCGTCACAAGGG.1",6
"X1_ACTCTCGTCCAACTAG.1",8
"X1_ACTCTCGTCCTAGCCT.1",4
"X1_ACTCTCGTCTATTGTC.1",2
"X1_ACTCTCGTCTGTCTCG.1",8
"X1_ACTGATGAGAAACCAT.1",2
"X1_ACTGATGAGACTACCT.1",1
"X1_ACTGATGAGAGCCGTA.1",1000
"X1_ACTGATGAGATTACCC.1",8
"X1_ACTGATGAGCCATTGT.1",4
"X1_ACTGATGAGCCTGAGA.1",8
"X1_ACTGATGAGGTCACTT.1",1000
"X1_ACTGATGAGGTGCCTC.1",4
"X1_ACTGATGAGTCTTGGT.1",6
"X1_ACTGATGCAAAGACTA.1",4
"X1_ACTGATGCAACAAGTA.1",4
"X1_ACTGATGCAACGTTAC.1",8
"X1_ACTGATGCAATGAGCG.1",4
"X1_ACTGATGCACCGTACG.1",6
"X1_ACTGATGCACGAGGAT.1",8
"X1_ACTGATGCAGAGCTAG.1",5
"X1_ACTGATGCAGCCCAGT.1",8
"X1_ACTGATGCAGTTTCAG.1",5
"X1_ACTGATGCATAAGCGG.1",4
"X1_ACTGATGCATCTTAGG.1",2
"X1_ACTGATGGTAGATTGA.1",4
"X1_ACTGATGGTCATATGC.1",1000
"X1_ACTGATGGTCCAAGAG.1",4
"X1_ACTGATGGTCTACGTA.1",7
"X1_ACTGATGGTGACCGAA.1",1000
"X1_ACTGATGGTGGTACAG.1",4
"X1_ACTGATGGTGTACGCC.1",7
"X1_ACTGATGGTTCAAACC.1",8
"X1_ACTGATGTCAATGCAC.1",4
"X1_ACTGATGTCCAAACCA.1",1
"X1_ACTGATGTCCATCACC.1",1000
"X1_ACTGATGTCCATCTGC.1",1
"X1_ACTGATGTCCTCACGT.1",1000
"X1_ACTGATGTCCTGCCAT.1",1000
"X1_ACTGATGTCCTTCGAC.1",8
"X1_ACTGATGTCCTTGACC.1",6
"X1_ACTGATGTCGGTAGGA.1",8
"X1_ACTGATGTCTGTCTCG.1",1000
"X1_ACTGCAAAGACAGTCG.1",8
"X1_ACTGCAAAGCAAGGAA.1",7
"X1_ACTGCAAAGCTGTCCG.1",1000
"X1_ACTGCAAAGGTAAAGG.1",1000
"X1_ACTGCAAAGGTCCGAA.1",7
"X1_ACTGCAAAGGTCGTAG.1",1000
"X1_ACTGCAAAGGTGCTGA.1",7
"X1_ACTGCAAAGTTCACTG.1",1000
"X1_ACTGCAAAGTTGGCTT.1",7
"X1_ACTGCAACAAACTGCT.1",8
"X1_ACTGCAACAATTGTGC.1",7
"X1_ACTGCAACACCCTAGG.1",8
"X1_ACTGCAACACGACGAA.1",4
"X1_ACTGCAACACGCTGAC.1",7
"X1_ACTGCAACAGCAGTTT.1",1000
"X1_ACTGCAACAGCGTTGC.1",7
"X1_ACTGCAACATACAGGG.1",5
"X1_ACTGCAACATATGCGT.1",1000
"X1_ACTGCAACATGAGGGT.1",1000
"X1_ACTGCAAGTACAGCGA.1",1000
"X1_ACTGCAAGTACGGCAA.1",3
"X1_ACTGCAAGTCATAGTC.1",4
"X1_ACTGCAAGTCCACACG.1",7
"X1_ACTGCAAGTCGCATGC.1",3
"X1_ACTGCAAGTCGCCACA.1",1000
"X1_ACTGCAAGTCTCTCAC.1",1000
"X1_ACTGCAAGTGAAGCTG.1",1000
"X1_ACTGCAAGTGGAAATT.1",7
"X1_ACTGCAAGTGGATCAG.1",1000
"X1_ACTGCAAGTGTCCGGT.1",8
"X1_ACTGCAAGTGTCGCTG.1",3
"X1_ACTGCAAGTTCGGCGT.1",2
"X1_ACTGCAAGTTGAATCC.1",6
"X1_ACTGCAAGTTTAGAGA.1",1000
"X1_ACTGCAATCAGTCATG.1",3
"X1_ACTGCAATCCCATACC.1",1000
"X1_ACTGCAATCGACGTCG.1",3
"X1_ACTGCAATCGCTGCGA.1",1000
"X1_ACTGCAATCGGCATAT.1",7
"X1_ACTGCAATCGTCCATC.1",7
"X1_ACTGCAATCTAATTCC.1",8
"X1_ACTGCAATCTGTCTCG.1",5
"X1_ACTGCAATCTTGGATG.1",1000
"X1_ACTGTCCAGACATAGT.1",3
"X1_ACTGTCCAGCTAGAGC.1",3
"X1_ACTGTCCCAAACTCGT.1",8
"X1_ACTGTCCCAACGGGTA.1",2
"X1_ACTGTCCCAAGTGCTT.1",6
"X1_ACTGTCCCACAGTCCG.1",8
"X1_ACTGTCCCAGAGCCCT.1",8
"X1_ACTGTCCCAGTTGCGC.1",7
"X1_ACTGTCCCATCACGGC.1",7
"X1_ACTGTCCCATCATTGG.1",4
"X1_ACTGTCCCATGTGGTT.1",7
"X1_ACTGTCCGTAGCACGA.1",1000
"X1_ACTGTCCGTAGTGTGG.1",3
"X1_ACTGTCCGTCCACACG.1",2
"X1_ACTGTCCTCCCAGCGA.1",6
"X1_ACTGTCCTCGACCCAG.1",8
"X1_ACTGTCCTCGTCAGAT.1",6
"X1_ACTGTCCTCTGGAAGG.1",1000
"X1_ACTGTCCTCTGTGTGA.1",4
"X1_ACTGTCCTCTTCACAT.1",1000
"X1_ACTGTCCTCTTCGTAT.1",3
"X1_ACTGTGAAGATTAGCA.1",8
"X1_ACTGTGAAGCACTCCG.1",1000
"X1_ACTGTGAAGCAGCACA.1",7
"X1_ACTGTGAAGCATGCGA.1",8
"X1_ACTGTGAAGCATTTGC.1",1
"X1_ACTGTGAAGGTGGCTA.1",0
"X1_ACTGTGAAGTGCTAGG.1",1
"X1_ACTGTGACACCTCGTT.1",0
"X1_ACTGTGACACGACAAG.1",3
"X1_ACTGTGACACGGTGCT.1",4
"X1_ACTGTGACACTGCATA.1",1
"X1_ACTGTGACAGAGGGTT.1",1000
"X1_ACTGTGACAGCGGTCT.1",7
"X1_ACTGTGACAGGAACCA.1",8
"X1_ACTGTGACAGTGGGTA.1",1000
"X1_ACTGTGAGTAAGAACT.1",1000
"X1_ACTGTGAGTACAATAG.1",1000
"X1_ACTGTGAGTACCTGTA.1",1000
"X1_ACTGTGAGTATACCTG.1",1000
"X1_ACTGTGAGTATCGCTA.1",8
"X1_ACTGTGAGTATGCGGA.1",1000
"X1_ACTGTGAGTATGGAAT.1",1000
"X1_ACTGTGAGTCGTGTTA.1",1000
"X1_ACTGTGAGTGTAGCAG.1",8
"X1_ACTGTGAGTGTAGTGG.1",8
"X1_ACTGTGAGTTGCTTGA.1",1000
"X1_ACTGTGAGTTTCAGAC.1",7
"X1_ACTGTGATCAAAGAAC.1",4
"X1_ACTGTGATCAAGTCTG.1",7
"X1_ACTGTGATCATCGACA.1",8
"X1_ACTGTGATCATTCGGA.1",3
"X1_ACTGTGATCCGTAGGC.1",5
"X1_ACTGTGATCCTTCACG.1",3
"X1_ACTGTGATCGACGATT.1",1000
"X1_ACTGTGATCGAGATGG.1",2
"X1_ACTGTGATCGTGAGAG.1",1000
"X1_ACTGTGATCTTTCAGT.1",8
"X1_ACTTAGGAGCGTCTGC.1",8
"X1_ACTTAGGAGCTGACTT.1",1000
"X1_ACTTAGGAGGGCAGTT.1",7
"X1_ACTTAGGAGGGCTGAT.1",8
"X1_ACTTAGGAGGTATCTC.1",1000
"X1_ACTTAGGAGTACAGAT.1",5
"X1_ACTTAGGAGTGATCGG.1",5
"X1_ACTTAGGCAAGAGATT.1",7
"X1_ACTTAGGCAAGTGGCA.1",1000
"X1_ACTTAGGCAGTCTGGC.1",5
"X1_ACTTAGGCATGGCTAT.1",1000
"X1_ACTTAGGGTAGGCAAC.1",5
"X1_ACTTAGGGTATCCCTC.1",4
"X1_ACTTAGGGTCAAACGG.1",1000
"X1_ACTTAGGGTCGCCTAG.1",1000
"X1_ACTTAGGGTGACACAG.1",0
"X1_ACTTAGGGTGAGTAGC.1",7
"X1_ACTTAGGGTTCCCAAA.1",3
"X1_ACTTAGGGTTGCTCCT.1",4
"X1_ACTTAGGGTTGTAAAG.1",5
"X1_ACTTAGGTCATACAGC.1",8
"X1_ACTTAGGTCATAGAGA.1",2
"X1_ACTTAGGTCCTCAGAA.1",7
"X1_ACTTAGGTCGATTGGT.1",4
"X1_ACTTAGGTCTCTTAAC.1",8
"X1_ACTTAGGTCTGTCCCA.1",8
"X1_ACTTATCAGAAACCCG.1",4
"X1_ACTTATCAGACTTAAG.1",6
"X1_ACTTATCAGAGCATTA.1",0
"X1_ACTTATCAGATTGCGG.1",5
"X1_ACTTATCAGGGCAACT.1",8
"X1_ACTTATCAGTAACGAT.1",3
"X1_ACTTATCAGTCTTCGA.1",1
"X1_ACTTATCAGTGGTGAC.1",1000
"X1_ACTTATCAGTTATGGA.1",8
"X1_ACTTATCCAAATGCGG.1",7
"X1_ACTTATCCACCGCTGA.1",1000
"X1_ACTTATCCACTCCACT.1",7
"X1_ACTTATCCAGACCAAG.1",5
"X1_ACTTATCCAGGCTTGC.1",7
"X1_ACTTATCCATACCGTA.1",7
"X1_ACTTATCCATCAGCAT.1",4
"X1_ACTTATCGTCAATCTG.1",3
"X1_ACTTATCGTGAATGTA.1",5
"X1_ACTTATCGTTCGAGCC.1",4
"X1_ACTTATCGTTGCGAAG.1",7
"X1_ACTTATCGTTGTCATG.1",6
"X1_ACTTATCTCAAGAGGC.1",6
"X1_ACTTATCTCAAGCGTT.1",1000
"X1_ACTTATCTCAAGGCTT.1",7
"X1_ACTTATCTCACACGAT.1",7
"X1_ACTTATCTCAGCAATC.1",4
"X1_ACTTATCTCATCTATC.1",0
"X1_ACTTATCTCCGGTAGC.1",0
"X1_ACTTATCTCGCTTAAG.1",1000
"X1_ACTTATCTCTACTTCA.1",8
"X1_ACTTATCTCTAGTGTG.1",1000
"X1_ACTTATCTCTGCATGA.1",1000
"X1_ACTTATCTCTGGCCGA.1",3
"X1_ACTTCCGAGACCTCCG.1",7
"X1_ACTTCCGAGACGCCAA.1",8
"X1_ACTTCCGAGCATCTTG.1",7
"X1_ACTTCCGAGGATTTGA.1",1
"X1_ACTTCCGAGTCCCTAA.1",5
"X1_ACTTCCGCAAGCGATG.1",6
"X1_ACTTCCGCACAAGCTT.1",6
"X1_ACTTCCGCACACCGAC.1",3
"X1_ACTTCCGCACAGAGCA.1",1000
"X1_ACTTCCGCACCAGTTA.1",2
"X1_ACTTCCGCACGACGCT.1",8
"X1_ACTTCCGCACTACGGC.1",1000
"X1_ACTTCCGCACTGCGTG.1",8
"X1_ACTTCCGCATCAGCGC.1",1
"X1_ACTTCCGCATCTATCT.1",6
"X1_ACTTCCGCATGAGATA.1",1000
"X1_ACTTCCGGTAACGGTG.1",5
"X1_ACTTCCGGTAAGCTCT.1",8
"X1_ACTTCCGGTACCTATG.1",4
"X1_ACTTCCGGTCTAGGTT.1",1000
"X1_ACTTCCGGTCTGTCCT.1",5
"X1_ACTTCCGGTGGCTTAT.1",5
"X1_ACTTCCGGTTGAATCC.1",8
"X1_ACTTCCGGTTGTGGAG.1",1000
"X1_ACTTCCGGTTTACGTG.1",4
"X1_ACTTCCGGTTTGAAAG.1",7
"X1_ACTTCCGGTTTGCAGT.1",7
"X1_ACTTCCGTCACAAGGG.1",1000
"X1_ACTTCCGTCCCGATCT.1",8
"X1_ACTTCCGTCCTAGCGG.1",1000
"X1_ACTTCCGTCGCTACAA.1",4
"X1_ACTTCCGTCTCATAGG.1",1
"X1_ACTTCCGTCTTCGGAA.1",4
"X1_ACTTCGCAGAAAGTCT.1",8
"X1_ACTTCGCAGAACGTGC.1",8
"X1_ACTTCGCAGCGTGAGT.1",8
"X1_ACTTCGCAGCTTGTTG.1",7
"X1_ACTTCGCAGGATCACG.1",7
"X1_ACTTCGCAGTTCGCAT.1",7
"X1_ACTTCGCCAAACACGG.1",8
"X1_ACTTCGCCACAACGTT.1",4
"X1_ACTTCGCCACATGAAA.1",8
"X1_ACTTCGCCACCTGCTT.1",5
"X1_ACTTCGCCAGAACGCA.1",8
"X1_ACTTCGCCAGGTTCCG.1",7
"X1_ACTTCGCCAGTCGTTA.1",1000
"X1_ACTTCGCCATACGCAT.1",8
"X1_ACTTCGCCATCACGGC.1",7
"X1_ACTTCGCCATCAGCGC.1",8
"X1_ACTTCGCCATCCTTCG.1",7
"X1_ACTTCGCCATGTAACC.1",1000
"X1_ACTTCGCGTACATTGC.1",5
"X1_ACTTCGCGTACGAGCA.1",3
"X1_ACTTCGCGTAGGACTG.1",8
"X1_ACTTCGCGTCAAAGAT.1",8
"X1_ACTTCGCGTCCGACGT.1",1000
"X1_ACTTCGCGTGATAGAT.1",0
"X1_ACTTCGCGTGGGTCAA.1",2
"X1_ACTTCGCGTTGGGTAG.1",5
"X1_ACTTCGCTCATTACCT.1",1
"X1_ACTTCGCTCCAAGCCG.1",2
"X1_ACTTCGCTCCGGTAAT.1",1
"X1_ACTTCGCTCCGTGTCT.1",8
"X1_ACTTCGCTCCTCGATC.1",4
"X1_ACTTCGCTCCTTTAGT.1",1000
"X1_ACTTCGCTCGTAGCTA.1",5
"X1_ACTTCGCTCTATCCAT.1",3
"X1_ACTTCGCTCTATCGTT.1",7
"X1_ACTTCGCTCTGATTCT.1",7
"X1_ACTTTCAAGAAGGATG.1",1000
"X1_ACTTTCAAGATCCCAT.1",8
"X1_ACTTTCAAGGCCATAG.1",0
"X1_ACTTTCAAGTATAGAC.1",6
"X1_ACTTTCAAGTATGTAG.1",7
"X1_ACTTTCACACAGTACT.1",3
"X1_ACTTTCACAGCAGAAC.1",7
"X1_ACTTTCACATCTTCGC.1",8
"X1_ACTTTCACATGAGGGT.1",3
"X1_ACTTTCACATGGAAGC.1",7
"X1_ACTTTCACATGTAACC.1",1000
"X1_ACTTTCACATGTTTGG.1",1000
"X1_ACTTTCAGTAAGGAGA.1",7
"X1_ACTTTCAGTACGGGAT.1",3
"X1_ACTTTCAGTAGAGTTA.1",8
"X1_ACTTTCAGTAGGCAAC.1",1000
"X1_ACTTTCAGTCAAAGTA.1",3
"X1_ACTTTCAGTCAGTCCG.1",8
"X1_ACTTTCAGTCTGTGAT.1",2
"X1_ACTTTCAGTCTTCAAG.1",7
"X1_ACTTTCAGTGTTCCAA.1",4
"X1_ACTTTCAGTTAAAGTG.1",1
"X1_ACTTTCAGTTGCGTAT.1",1
"X1_ACTTTCATCAACTTTC.1",3
"X1_ACTTTCATCAAGAGTA.1",1000
"X1_ACTTTCATCCGAGGCT.1",8
"X1_ACTTTCATCCTAGCGG.1",1000
"X1_ACTTTCATCGACATCA.1",2
"X1_ACTTTCATCGCAGATT.1",1000
"X1_ACTTTCATCGTTCTAT.1",6
"X1_ACTTTCATCTGGAGAG.1",8
"X1_ACTTTCATCTTCTGGC.1",4
"X1_ACTTTGTAGACATCAA.1",7
"X1_ACTTTGTAGACCACGA.1",7
"X1_ACTTTGTAGACTTCAC.1",6
"X1_ACTTTGTAGAGATGCC.1",7
"X1_ACTTTGTAGCACCCAC.1",2
"X1_ACTTTGTAGCATCCCG.1",0
"X1_ACTTTGTAGGCTCACC.1",7
"X1_ACTTTGTAGTCTCCTC.1",1
"X1_ACTTTGTCAAAGACTA.1",7
"X1_ACTTTGTCAAGGGCAT.1",3
"X1_ACTTTGTCACGACGTC.1",2
"X1_ACTTTGTCACGGAAGT.1",8
"X1_ACTTTGTCAGAGTTCT.1",6
"X1_ACTTTGTCAGCAGGAT.1",7
"X1_ACTTTGTCAGGATTCT.1",1000
"X1_ACTTTGTGTAACGATA.1",1000
"X1_ACTTTGTGTCATCAGT.1",6
"X1_ACTTTGTGTGAGTGAC.1",8
"X1_ACTTTGTGTGGCTGCT.1",1000
"X1_ACTTTGTGTGTACGCC.1",6
"X1_ACTTTGTTCAAGAGGC.1",8
"X1_ACTTTGTTCCACGAAT.1",1
"X1_ACTTTGTTCCATAGGT.1",7
"X1_ACTTTGTTCGGCTTGG.1",6
"X1_ACTTTGTTCTTACCAT.1",7
"X1_AGAAATGAGACGACTG.1",8
"X1_AGAAATGAGAGGGTCT.1",8
"X1_AGAAATGAGCGGTAAC.1",8
"X1_AGAAATGAGGACAAGA.1",7
"X1_AGAAATGAGGTAGTCG.1",1000
"X1_AGAAATGAGTTCATCG.1",4
"X1_AGAAATGCAAACACGG.1",6
"X1_AGAAATGCAGAAATCA.1",7
"X1_AGAAATGCAGAAGTTA.1",7
"X1_AGAAATGCAGCATTGT.1",1000
"X1_AGAAATGCATCTCCCA.1",7
"X1_AGAAATGCATGAAAGT.1",8
"X1_AGAAATGGTCAACGCC.1",1000
"X1_AGAAATGGTCAAGCGA.1",5
"X1_AGAAATGGTCCGGTGT.1",1000
"X1_AGAAATGGTCGCCTAG.1",6
"X1_AGAAATGGTCGTGGTC.1",8
"X1_AGAAATGGTTAGGCTT.1",6
"X1_AGAAATGGTTCGAGCC.1",1
"X1_AGAAATGGTTGCCAAT.1",1000
"X1_AGAAATGGTTGCGAAG.1",1000
"X1_AGAAATGGTTGGCCTG.1",4
"X1_AGAAATGGTTTCGTAG.1",3
"X1_AGAAATGTCACCTGGG.1",6
"X1_AGAAATGTCACTTCTA.1",7
"X1_AGAAATGTCCCGTTGT.1",0
"X1_AGAAATGTCCTGGTCT.1",7
"X1_AGAAATGTCGTCGCTT.1",6
"X1_AGAAATGTCTCCGATC.1",8
"X1_AGAAATGTCTGATTCT.1",1000
"X1_AGAAATGTCTTGGCTC.1",1000
"X1_AGAACAAAGAGAGTTT.1",1000
"X1_AGAACAAAGCAGCAGT.1",1000
"X1_AGAACAAAGCATCAGG.1",8
"X1_AGAACAAAGTCTACCA.1",1000
"X1_AGAACAAAGTGCGCTC.1",4
"X1_AGAACAACAAACCACT.1",1000
"X1_AGAACAACAAACGAGC.1",1000
"X1_AGAACAACAACCCTAA.1",4
"X1_AGAACAACAAGATCCT.1",8
"X1_AGAACAACACCCTAGG.1",7
"X1_AGAACAACACGCCACA.1",1000
"X1_AGAACAAGTACAGAAT.1",8
"X1_AGAACAAGTACTTGTG.1",1000
"X1_AGAACAAGTAGTCACT.1",8
"X1_AGAACAAGTCGGTAAG.1",3
"X1_AGAACAAGTCTCTCCA.1",1000
"X1_AGAACAAGTGCGAGTA.1",8
"X1_AGAACAAGTGTCTAAC.1",8
"X1_AGAACAAGTTCGGGTC.1",6
"X1_AGAACAAGTTGACTGT.1",1000
"X1_AGAACAATCCTAAACG.1",3
"X1_AGAACAATCGAGATGG.1",7
"X1_AGAACAATCGGCATCG.1",1000
"X1_AGAACCTAGAATCCCT.1",3
"X1_AGAACCTAGACATCCT.1",3
"X1_AGAACCTAGCAATAAC.1",1
"X1_AGAACCTAGCACGATG.1",7
"X1_AGAACCTAGCATATGA.1",8
"X1_AGAACCTAGCCTGTGC.1",1000
"X1_AGAACCTAGGACTGGT.1",8
"X1_AGAACCTAGGTTTGAA.1",1000
"X1_AGAACCTAGTGAATAC.1",6
"X1_AGAACCTCAACCGACC.1",8
"X1_AGAACCTCAACTGTGT.1",4
"X1_AGAACCTCACAATGAA.1",6
"X1_AGAACCTCACATTCTT.1",1000
"X1_AGAACCTCACCATATG.1",5
"X1_AGAACCTCACTGGCCA.1",3
"X1_AGAACCTCACTTCAAG.1",2
"X1_AGAACCTCAGACGCTC.1",3
"X1_AGAACCTCAGATCCAT.1",1000
"X1_AGAACCTCAGGGTCTC.1",4
"X1_AGAACCTGTATGCTAC.1",3
"X1_AGAACCTGTCGCTCGA.1",3
"X1_AGAACCTGTGTAAACA.1",6
"X1_AGAACCTGTGTAACGG.1",7
"X1_AGAACCTGTGTATACC.1",1000
"X1_AGAACCTGTGTCCGTG.1",0
"X1_AGAACCTGTTCACCGG.1",1000
"X1_AGAACCTGTTCCAAAC.1",6
"X1_AGAACCTGTTTGTTGG.1",8
"X1_AGAACCTTCACTTGGA.1",7
"X1_AGAACCTTCAGCTGTA.1",2
"X1_AGAACCTTCATAGGCT.1",8
"X1_AGAACCTTCCAAGCAT.1",4
"X1_AGAACCTTCCACAGGC.1",1000
"X1_AGAACCTTCCCGTTCA.1",1000
"X1_AGAACCTTCCGTTTCG.1",7
"X1_AGAACCTTCCTATTTG.1",6
"X1_AGAACCTTCGAGCCAC.1",7
"X1_AGAACCTTCGAGTACT.1",1000
"X1_AGAACCTTCGGCCAAC.1",4
"X1_AGAACCTTCGTCCTTG.1",4
"X1_AGAACCTTCGTTATCT.1",4
"X1_AGAACCTTCTGTAAGC.1",8
"X1_AGAACCTTCTGTGTGA.1",4
"X1_AGAAGCGAGAAGCCAC.1",4
"X1_AGAAGCGAGAATTGCA.1",2
"X1_AGAAGCGAGACCTGGA.1",4
"X1_AGAAGCGAGAGCACTG.1",8
"X1_AGAAGCGAGCCGTAAG.1",7
"X1_AGAAGCGAGGCTAACG.1",1000
"X1_AGAAGCGAGTCGAGGT.1",8
"X1_AGAAGCGAGTCTTCCC.1",1000
"X1_AGAAGCGAGTGGATAT.1",4
"X1_AGAAGCGAGTTACTCG.1",8
"X1_AGAAGCGCAAGTACCT.1",4
"X1_AGAAGCGCAAGTAGTA.1",4
"X1_AGAAGCGCACTCCACT.1",8
"X1_AGAAGCGCACTGTCCT.1",2
"X1_AGAAGCGCAGCTATAC.1",4
"X1_AGAAGCGCAGTCAGAG.1",1
"X1_AGAAGCGCAGTTTCAG.1",1000
"X1_AGAAGCGGTATCCCTC.1",3
"X1_AGAAGCGGTCGCTTGG.1",7
"X1_AGAAGCGGTCTGTAGT.1",7
"X1_AGAAGCGGTGCTCTTC.1",3
"X1_AGAAGCGGTTCCACAA.1",8
"X1_AGAAGCGGTTGCAACT.1",1000
"X1_AGAAGCGGTTGCATAC.1",6
"X1_AGAAGCGGTTGCGGCT.1",1000
"X1_AGAAGCGGTTGTATGC.1",1000
"X1_AGAAGCGGTTTCTATC.1",3
"X1_AGAAGCGGTTTGAACC.1",6
"X1_AGAAGCGTCAGCATTG.1",3
"X1_AGAAGCGTCAGGACAG.1",1
"X1_AGAAGCGTCGATTTCT.1",4
"X1_AGAAGCGTCTGTCGTC.1",5
"X1_AGAAGTAAGCCTGAAG.1",3
"X1_AGAAGTAAGCGGTAAC.1",0
"X1_AGAAGTAAGGCCTAGA.1",1000
"X1_AGAAGTAAGGCTGGAT.1",2
"X1_AGAAGTAAGTGCACAG.1",4
"X1_AGAAGTACAACAAAGT.1",4
"X1_AGAAGTACACGGCTAC.1",3
"X1_AGAAGTACAGCTACTA.1",8
"X1_AGAAGTACAGGACATG.1",3
"X1_AGAAGTACAGGCTATT.1",6
"X1_AGAAGTAGTAACGTTC.1",1
"X1_AGAAGTAGTAATGCGG.1",1000
"X1_AGAAGTAGTCAGGCAA.1",4
"X1_AGAAGTAGTCCCACGA.1",7
"X1_AGAAGTAGTGGTCTCG.1",7
"X1_AGAAGTAGTGTGGACA.1",8
"X1_AGAAGTAGTGTTCCAA.1",1000
"X1_AGAAGTAGTTCCCAAA.1",7
"X1_AGAAGTAGTTCTTGTT.1",8
"X1_AGAAGTATCAAGTGTC.1",1
"X1_AGAAGTATCACGATCA.1",1000
"X1_AGAAGTATCACGGGAA.1",7
"X1_AGAAGTATCCAAGAGG.1",0
"X1_AGAAGTATCCCTGTTG.1",5
"X1_AGAAGTATCGAACGGA.1",3
"X1_AGAAGTATCGATTGGT.1",3
"X1_AGAAGTATCGCTGTTC.1",1000
"X1_AGAAGTATCGGCGATC.1",8
"X1_AGAAGTATCTGATTCT.1",6
"X1_AGAAGTATCTGGGATT.1",7
"X1_AGAAGTATCTTACGTT.1",7
"X1_AGACAAAAGACTTCGT.1",1000
"X1_AGACAAAAGACTTGTC.1",1000
"X1_AGACAAAAGCTAATGA.1",1000
"X1_AGACAAAAGGACAAGA.1",4
"X1_AGACAAAAGGCAATGC.1",8
"X1_AGACAAAAGTAGCAAT.1",1000
"X1_AGACAAACAACAGCCC.1",4
"X1_AGACAAACAACCAATC.1",8
"X1_AGACAAACAAGATTGA.1",6
"X1_AGACAAACACTTTAGG.1",4
"X1_AGACAAACAGACGGAT.1",1000
"X1_AGACAAACAGGGAGAG.1",8
"X1_AGACAAACAGTTAAAG.1",1000
"X1_AGACAAACATTAAGCC.1",7
"X1_AGACAAAGTACAGAGC.1",8
"X1_AGACAAAGTACTTGTG.1",2
"X1_AGACAAAGTAGCTGCC.1",1000
"X1_AGACAAAGTATGACAA.1",6
"X1_AGACAAAGTCGCTCGA.1",7
"X1_AGACAAAGTGAGATAT.1",4
"X1_AGACAAAGTGGCACTC.1",6
"X1_AGACAAAGTGGTAACG.1",7
"X1_AGACAAAGTGTCTTCC.1",1
"X1_AGACAAAGTTGTTGTG.1",1000
"X1_AGACAAAGTTTCCCAC.1",3
"X1_AGACAAATCACCGGTG.1",8
"X1_AGACAAATCAGGGTAG.1",8
"X1_AGACAAATCATTACCT.1",7
"X1_AGACAAATCCTAGCTC.1",5
"X1_AGACACTAGACGAAGA.1",1
"X1_AGACACTAGCAATTCC.1",8
"X1_AGACACTAGCCTTGAT.1",4
"X1_AGACACTAGCTTCGTA.1",1000
"X1_AGACACTAGGACAAGA.1",1000
"X1_AGACACTAGGCTCACC.1",1000
"X1_AGACACTAGTCTGGTT.1",0
"X1_AGACACTAGTTGGAGC.1",7
"X1_AGACACTCAAACGTGG.1",0
"X1_AGACACTCAACATACC.1",7
"X1_AGACACTCAACGCCCA.1",8
"X1_AGACACTCAAGAGTTA.1",1
"X1_AGACACTCACGATAGG.1",8
"X1_AGACACTCACTATGTG.1",2
"X1_AGACACTCAGACGGAT.1",8
"X1_AGACACTCATATGCGT.1",3
"X1_AGACACTGTAGACAGC.1",1000
"X1_AGACACTGTCTAACTG.1",4
"X1_AGACACTGTGGATGAC.1",7
"X1_AGACACTGTGTCACAT.1",1000
"X1_AGACACTGTGTTAACC.1",7
"X1_AGACACTGTTCGAGCC.1",3
"X1_AGACACTTCCAGTACA.1",1000
"X1_AGACACTTCCCAGCGA.1",1000
"X1_AGACACTTCCTTCTAA.1",2
"X1_AGACACTTCGTACCTC.1",2
"X1_AGACACTTCTAGGAAA.1",7
"X1_AGACACTTCTAGTACG.1",1000
"X1_AGACACTTCTATCACT.1",1000
"X1_AGACAGGAGAAACCAT.1",1000
"X1_AGACAGGAGACAGCTG.1",4
"X1_AGACAGGAGAGAACCC.1",1000
"X1_AGACAGGAGATTGATG.1",6
"X1_AGACAGGAGCTACTGT.1",8
"X1_AGACAGGAGTAGGCCA.1",4
"X1_AGACAGGAGTTGTAAG.1",1
"X1_AGACAGGCAATTGCAC.1",7
"X1_AGACAGGCACGGTCTG.1",8
"X1_AGACAGGCACTTCAGA.1",1000
"X1_AGACAGGCAGGCCTGT.1",7
"X1_AGACAGGCATAACAGA.1",6
"X1_AGACAGGCATCAGCTA.1",1000
"X1_AGACAGGGTACCTAGT.1",1000
"X1_AGACAGGGTCCACACG.1",0
"X1_AGACAGGGTCCGTTTC.1",8
"X1_AGACAGGGTCTTCCGT.1",7
"X1_AGACAGGGTCTTGCTC.1",1000
"X1_AGACAGGGTGCTCTCT.1",1000
"X1_AGACAGGGTGTGTACT.1",1000
"X1_AGACAGGGTTTGCCGG.1",1000
"X1_AGACAGGTCAAAGGAT.1",1000
"X1_AGACAGGTCACGTCCT.1",3
"X1_AGACAGGTCCACAGGC.1",3
"X1_AGACAGGTCCTCACGT.1",4
"X1_AGACAGGTCGACGATT.1",3
"X1_AGACAGGTCTCTATGT.1",7
"X1_AGACAGGTCTGACCCT.1",8
"X1_AGACCATAGACAGTCG.1",1000
"X1_AGACCATAGACTAAGT.1",1000
"X1_AGACCATAGAGCGACT.1",1000
"X1_AGACCATAGAGGCCAT.1",7
"X1_AGACCATAGATTCGAA.1",8
"X1_AGACCATAGCAACTTC.1",7
"X1_AGACCATAGCATCCTA.1",8
"X1_AGACCATAGCCTTGAT.1",5
"X1_AGACCATCAAACTCGT.1",4
"X1_AGACCATCAAATACGA.1",8
"X1_AGACCATCAAGACCGA.1",8
"X1_AGACCATCAAGAGATT.1",2
"X1_AGACCATCAATCTAGC.1",8
"X1_AGACCATCACAGTATC.1",8
"X1_AGACCATCACGCTGTG.1",8
"X1_AGACCATCACTACACA.1",8
"X1_AGACCATCAGCATCTA.1",3
"X1_AGACCATCAGCGATTT.1",1000
"X1_AGACCATCAGTTGTCA.1",6
"X1_AGACCATCATTCTGTT.1",5
"X1_AGACCATCATTGCCGG.1",3
"X1_AGACCATGTACTGACT.1",5
"X1_AGACCATGTAGATGTA.1",8
"X1_AGACCATGTAGGACTG.1",4
"X1_AGACCATGTAGGCAAC.1",1000
"X1_AGACCATGTCGCTCGA.1",1000
"X1_AGACCATGTTCGTGCG.1",5
"X1_AGACCATTCATTCACT.1",6
"X1_AGACCATTCCCAAGTA.1",5
"X1_AGACCATTCCTTCGAC.1",7
"X1_AGACCATTCGTCACCT.1",6
"X1_AGACCATTCTCCGTGT.1",4
"X1_AGACCCGAGACGACTG.1",5
"X1_AGACCCGAGCAGCGAT.1",4
"X1_AGACCCGAGGTCGTGA.1",7
"X1_AGACCCGAGGTTTACC.1",5
"X1_AGACCCGAGTAAGACT.1",1000
"X1_AGACCCGAGTATGGCG.1",3
"X1_AGACCCGAGTCTACCA.1",4
"X1_AGACCCGAGTGCTCAT.1",1
"X1_AGACCCGAGTTCCGGC.1",7
"X1_AGACCCGCAAGCGAAC.1",4
"X1_AGACCCGCACAGCTGC.1",1000
"X1_AGACCCGCACTATCCC.1",7
"X1_AGACCCGCACTCAGAT.1",7
"X1_AGACCCGCACTCATAG.1",8
"X1_AGACCCGCACTTGACA.1",7
"X1_AGACCCGCAGCGTTGC.1",3
"X1_AGACCCGCAGGGAATC.1",1
"X1_AGACCCGCATCTCGTC.1",1000
"X1_AGACCCGCATGATAGA.1",1000
"X1_AGACCCGCATGTCTAG.1",1000
"X1_AGACCCGGTACATTGC.1",3
"X1_AGACCCGGTAGTGCGA.1",8
"X1_AGACCCGGTCAACCAT.1",7
"X1_AGACCCGGTCTTGTCC.1",6
"X1_AGACCCGGTTCTCTCG.1",4
"X1_AGACCCGTCACCCTCA.1",0
"X1_AGACCCGTCACGAGGA.1",1
"X1_AGACCCGTCATAGAGA.1",4
"X1_AGACCCGTCCATTGTT.1",3
"X1_AGACCCGTCCTAGCGG.1",7
"X1_AGACCCGTCCTCTAGC.1",8
"X1_AGACCCGTCGAATCCA.1",1000
"X1_AGACCCGTCGTAGGAG.1",6
"X1_AGACCCGTCTTAAGGC.1",1000
"X1_AGACCCGTCTTCCAGC.1",8
"X1_AGACTCAAGAAGGTAG.1",4
"X1_AGACTCAAGACTAAGT.1",1000
"X1_AGACTCAAGACTCATC.1",1
"X1_AGACTCAAGAGCCATG.1",3
"X1_AGACTCAAGCAGTCTT.1",2
"X1_AGACTCAAGCCAAGCA.1",8
"X1_AGACTCAAGCCTGTGC.1",1000
"X1_AGACTCAAGGTTGCCC.1",1
"X1_AGACTCAAGTAAACGT.1",7
"X1_AGACTCAAGTGGTTCT.1",1000
"X1_AGACTCAAGTTCATGC.1",1
"X1_AGACTCACAAATGAGT.1",3
"X1_AGACTCACAACGCATT.1",1000
"X1_AGACTCACAATCGCCG.1",4
"X1_AGACTCACACGTAGAG.1",3
"X1_AGACTCACACTGAATC.1",1000
"X1_AGACTCACAGAGCGTA.1",7
"X1_AGACTCACAGCCGTTG.1",4
"X1_AGACTCACATAGGTAA.1",1000
"X1_AGACTCAGTACTTCCC.1",6
"X1_AGACTCAGTAGGGTAC.1",2
"X1_AGACTCAGTATCACGT.1",1000
"X1_AGACTCAGTATCGTGT.1",3
"X1_AGACTCAGTCCTACAA.1",7
"X1_AGACTCAGTCGAGCAA.1",1000
"X1_AGACTCAGTCGGTAAG.1",1000
"X1_AGACTCAGTGCTGCAC.1",6
"X1_AGACTCAGTTCAAAGA.1",1
"X1_AGACTCAGTTGCGTAT.1",1000
"X1_AGACTCAGTTGCTAGT.1",7
"X1_AGACTCATCAGGTAAA.1",1000
"X1_AGACTCATCCTAGCTC.1",8
"X1_AGACTCATCCTGTAGA.1",8
"X1_AGACTCATCTGCAGCG.1",6
"X1_AGACTCATCTTACACT.1",8
"X1_AGAGAATAGAGTGAAG.1",1000
"X1_AGAGAATAGCGACATG.1",8
"X1_AGAGAATAGGGCAAGG.1",1000
"X1_AGAGAATAGGTACCTT.1",1000
"X1_AGAGAATAGGTCACTT.1",8
"X1_AGAGAATCAACAAAGT.1",8
"X1_AGAGAATCAAGAAACT.1",2
"X1_AGAGAATCAAGCGCTC.1",1000
"X1_AGAGAATCAAGTGGAC.1",1000
"X1_AGAGAATCACCAGCTG.1",6
"X1_AGAGAATCACCCGTAG.1",6
"X1_AGAGAATCACCGAATT.1",5
"X1_AGAGAATCAGCAGAAC.1",7
"X1_AGAGAATCATACTTTC.1",0
"X1_AGAGAATGTAGGACCA.1",1
"X1_AGAGAATGTCGACGCT.1",3
"X1_AGAGAATGTCGAGCAA.1",4
"X1_AGAGAATGTCTTGCTC.1",1000
"X1_AGAGAATGTGAGCAGT.1",5
"X1_AGAGAATGTGATTCAC.1",7
"X1_AGAGAATGTGCCCACA.1",1000
"X1_AGAGAATGTGGTCTCG.1",6
"X1_AGAGAATGTTAGAGTA.1",4
"X1_AGAGAATGTTATGTGC.1",5
"X1_AGAGAATGTTCGGCGT.1",1000
"X1_AGAGAATGTTGCATCA.1",6
"X1_AGAGAATGTTGCCGCA.1",0
"X1_AGAGAATTCCGATCTC.1",6
"X1_AGAGAATTCCGGACTG.1",0
"X1_AGAGAATTCCTAACAG.1",6
"X1_AGAGAATTCCTCCACA.1",1000
"X1_AGAGAATTCGACGCTG.1",1000
"X1_AGAGAATTCGGACAAG.1",4
"X1_AGAGAATTCGGCAGTC.1",8
"X1_AGAGAATTCGGCTTGG.1",4
"X1_AGAGAATTCTACCACC.1",6
"X1_AGAGAATTCTGCGGAC.1",2
"X1_AGAGAATTCTTCTGGC.1",7
"X1_AGAGAGCAGAACTGAT.1",3
"X1_AGAGAGCAGAAGCGGG.1",7
"X1_AGAGAGCAGAGTCCGA.1",8
"X1_AGAGAGCAGAGTTGAT.1",7
"X1_AGAGAGCAGCAATTCC.1",7
"X1_AGAGAGCAGCAGGGAG.1",4
"X1_AGAGAGCAGCTAAGTA.1",4
"X1_AGAGAGCAGGAACGTC.1",1000
"X1_AGAGAGCAGGATATAC.1",4
"X1_AGAGAGCAGGCATGCA.1",3
"X1_AGAGAGCAGGTCCTGC.1",1000
"X1_AGAGAGCAGTCTTGGT.1",8
"X1_AGAGAGCAGTGATCGG.1",7
"X1_AGAGAGCCAAACTAGA.1",3
"X1_AGAGAGCCAACTCCCT.1",4
"X1_AGAGAGCCAACTGGTT.1",1000
"X1_AGAGAGCCAAGCACCC.1",3
"X1_AGAGAGCCAAGCGATG.1",8
"X1_AGAGAGCCACACCAGC.1",1000
"X1_AGAGAGCCACCAGCTG.1",3
"X1_AGAGAGCCACGGCGTT.1",5
"X1_AGAGAGCCAGGAAGTC.1",5
"X1_AGAGAGCCAGTAGATA.1",5
"X1_AGAGAGCCAGTCGTTA.1",4
"X1_AGAGAGCGTAACAGTA.1",1
"X1_AGAGAGCGTAGGTACG.1",7
"X1_AGAGAGCGTCAACATC.1",7
"X1_AGAGAGCGTCTGTCCT.1",1000
"X1_AGAGAGCGTGAGTCAG.1",2
"X1_AGAGAGCGTGTATACC.1",1000
"X1_AGAGAGCGTTATTCCT.1",1000
"X1_AGAGAGCTCACTACTT.1",1000
"X1_AGAGAGCTCCTCTCTT.1",7
"X1_AGAGAGCTCGGTGTTA.1",3
"X1_AGAGAGCTCGTAGCTA.1",7
"X1_AGAGAGCTCTCCGAGG.1",1000
"X1_AGAGAGCTCTGGCCTT.1",8
"X1_AGAGCAGAGGAGTATT.1",1000
"X1_AGAGCAGAGGATAATC.1",1000
"X1_AGAGCAGCACGGCACT.1",1000
"X1_AGAGCAGCACTTGAAC.1",1
"X1_AGAGCAGCAGCAGATG.1",8
"X1_AGAGCAGCATCACAGT.1",7
"X1_AGAGCAGGTCTTGAGT.1",1000
"X1_AGAGCAGGTTCGAACT.1",3
"X1_AGAGCAGGTTCGAGCC.1",8
"X1_AGAGCAGGTTCTATCT.1",7
"X1_AGAGCAGGTTCTCGCT.1",5
"X1_AGAGCAGTCAGTCATG.1",2
"X1_AGAGCAGTCCATTTAC.1",5
"X1_AGAGCAGTCCCTCAAC.1",8
"X1_AGAGCAGTCCTGGTCT.1",1000
"X1_AGAGCAGTCGTAACAC.1",0
"X1_AGAGCAGTCGTTCCTG.1",8
"X1_AGAGCAGTCTCCGCAT.1",8
"X1_AGAGCAGTCTTCGTGC.1",1
"X1_AGAGCAGTCTTGGCTC.1",7
"X1_AGAGCCCAGCAGAAAG.1",4
"X1_AGAGCCCAGCTTAAGA.1",2
"X1_AGAGCCCAGTATGGAT.1",3
"X1_AGAGCCCAGTTGTACC.1",4
"X1_AGAGCCCCACATACTG.1",1000
"X1_AGAGCCCCAGCTAACT.1",6
"X1_AGAGCCCCATGACGTT.1",8
"X1_AGAGCCCCATTGACAC.1",3
"X1_AGAGCCCGTACCCACG.1",1000
"X1_AGAGCCCGTACCCGCA.1",8
"X1_AGAGCCCGTAGGAGTC.1",3
"X1_AGAGCCCGTATCGCGC.1",1000
"X1_AGAGCCCGTGCAGTGA.1",8
"X1_AGAGCCCGTTAAAGTG.1",3
"X1_AGAGCCCTCCCTCAAC.1",7
"X1_AGAGCCCTCCGCGATG.1",5
"X1_AGAGCCCTCGCCAGAC.1",4
"X1_AGAGCCCTCGCTACAA.1",6
"X1_AGAGCCCTCTCTGCTG.1",7
"X1_AGAGCCCTCTTCACGC.1",5
"X1_AGATAGAAGAGCCGTA.1",1
"X1_AGATAGAAGCGGCTCT.1",4
"X1_AGATAGAAGGATTTCC.1",1000
"X1_AGATAGAAGGCAGGTT.1",1
"X1_AGATAGAAGGCCCACT.1",7
"X1_AGATAGAAGGCCCGTT.1",5
"X1_AGATAGAAGTTCCAGT.1",4
"X1_AGATAGAAGTTGCATC.1",8
"X1_AGATAGACAAATCGTC.1",4
"X1_AGATAGACAAATGAGT.1",3
"X1_AGATAGACAACCGGAA.1",4
"X1_AGATAGACAAGGCGTA.1",2
"X1_AGATAGACAAGTTTGC.1",1000
"X1_AGATAGACAGACCAAG.1",4
"X1_AGATAGACAGAGATGC.1",7
"X1_AGATAGACAGCCGTCA.1",1
"X1_AGATAGACATAGCACT.1",7
"X1_AGATAGACATCTATCT.1",7
"X1_AGATAGACATTCAGGT.1",7
"X1_AGATAGAGTAATCAAG.1",3
"X1_AGATAGAGTGATACAA.1",8
"X1_AGATAGAGTGATTCTG.1",8
"X1_AGATAGAGTGTTGACT.1",1000
"X1_AGATAGAGTTTCACTT.1",4
"X1_AGATAGAGTTTCGTGA.1",4
"X1_AGATAGATCACCTCTG.1",6
"X1_AGATAGATCACTTATC.1",6
"X1_AGATAGATCATTATCC.1",7
"X1_AGATAGATCCAAGCAT.1",8
"X1_AGATAGATCCCAATAG.1",8
"X1_AGATAGATCGTTCTAT.1",2
"X1_AGATCCAAGAGTTGCG.1",4
"X1_AGATCCAAGATGCGAC.1",8
"X1_AGATCCAAGCGAACTG.1",7
"X1_AGATCCAAGGCCTTGC.1",6
"X1_AGATCCAAGGCGAAGG.1",2
"X1_AGATCCAAGTTGAAAC.1",5
"X1_AGATCCACAATAGGGC.1",4
"X1_AGATCCACAATCGCAT.1",0
"X1_AGATCCACACGTACAT.1",4
"X1_AGATCCACAGAACTAA.1",7
"X1_AGATCCACAGCTACCG.1",6
"X1_AGATCCACAGGAAGTC.1",2
"X1_AGATCCACATATCTGG.1",5
"X1_AGATCCACATCTGCGG.1",8
"X1_AGATCCACATTAGGAA.1",6
"X1_AGATCCAGTAAGGCTG.1",8
"X1_AGATCCAGTAAGTCAA.1",3
"X1_AGATCCAGTACTGACT.1",1000
"X1_AGATCCAGTCAGACGA.1",8
"X1_AGATCCAGTGAGCTCC.1",7
"X1_AGATCCAGTGCTTCAA.1",5
"X1_AGATCCAGTGGGACAT.1",1000
"X1_AGATCCAGTTCAGCTA.1",1000
"X1_AGATCCAGTTGTGGAG.1",2
"X1_AGATCCAGTTTACTGG.1",7
"X1_AGATCCATCAGGAAGC.1",8
"X1_AGATCCATCATTGTTC.1",6
"X1_AGATCCATCATTTCCA.1",3
"X1_AGATCCATCCGGCTTT.1",4
"X1_AGATCCATCGAGATAA.1",3
"X1_AGATCCATCGGACGTC.1",3
"X1_AGATCCATCGGCGATC.1",7
"X1_AGATCCATCTTACACT.1",1000
"X1_AGATCCATCTTGGATG.1",4
"X1_AGATCGTAGAAGAGCA.1",8
"X1_AGATCGTAGCATAGGC.1",1
"X1_AGATCGTAGCTGCGAA.1",1000
"X1_AGATCGTAGGTCGTCC.1",1000
"X1_AGATCGTCAATAACCC.1",4
"X1_AGATCGTCACCCAACG.1",4
"X1_AGATCGTCACCTGAAT.1",4
"X1_AGATCGTCACTGTCGG.1",8
"X1_AGATCGTCAGGTCTCG.1",3
"X1_AGATCGTCAGTGTGGA.1",8
"X1_AGATCGTCATGCAGCC.1",6
"X1_AGATCGTGTATCGTTG.1",8
"X1_AGATCGTGTATGCGGA.1",1000
"X1_AGATCGTGTCCGTTTC.1",1000
"X1_AGATCGTGTCGAGCAA.1",6
"X1_AGATCGTGTCGGTGTC.1",1000
"X1_AGATCGTGTGTGTCCG.1",8
"X1_AGATCGTGTTACGATC.1",7
"X1_AGATCGTGTTGTGGAG.1",1000
"X1_AGATCGTGTTTGGAAA.1",4
"X1_AGATCGTTCAACGAGG.1",1
"X1_AGATCGTTCATACGAC.1",7
"X1_AGATCGTTCCTTCAGC.1",4
"X1_AGATCGTTCGTAGAGG.1",1000
"X1_AGATGAAAGGCTAACG.1",7
"X1_AGATGAAAGGGTGGGA.1",0
"X1_AGATGAAAGGTTGTTC.1",1000
"X1_AGATGAAAGTAAGGGA.1",8
"X1_AGATGAAAGTCCCAAT.1",4
"X1_AGATGAAAGTCGTCTA.1",7
"X1_AGATGAAAGTTGAAGT.1",1000
"X1_AGATGAACAACAAAGT.1",1000
"X1_AGATGAACAAGGTCGA.1",4
"X1_AGATGAACAAGTGGAC.1",1000
"X1_AGATGAACACAACATC.1",8
"X1_AGATGAACACAGGATG.1",4
"X1_AGATGAACACCGTACG.1",7
"X1_AGATGAACACTCTAGA.1",6
"X1_AGATGAACATATGAAG.1",1000
"X1_AGATGAACATCCCACT.1",1000
"X1_AGATGAACATCCTAAG.1",3
"X1_AGATGAACATGACTAC.1",8
"X1_AGATGAACATGACTTG.1",1000
"X1_AGATGAACATGTTCGA.1",1000
"X1_AGATGAAGTAGCGATG.1",4
"X1_AGATGAAGTCAGTCTA.1",1000
"X1_AGATGAAGTCCATAGT.1",1000
"X1_AGATGAAGTCGTATGT.1",7
"X1_AGATGAAGTCGTGGAA.1",3
"X1_AGATGAAGTGCTCCGA.1",7
"X1_AGATGAAGTGGCTAGA.1",1
"X1_AGATGAAGTTCTCGTC.1",6
"X1_AGATGAAGTTGACTGT.1",1000
"X1_AGATGAAGTTGCAAGG.1",1000
"X1_AGATGAATCAAGTTGC.1",4
"X1_AGATGAATCAGAGTTC.1",1
"X1_AGATGAATCATCCCGT.1",5
"X1_AGATGAATCATGCCCT.1",1000
"X1_AGATGAATCCACGAAT.1",2
"X1_AGATGAATCCTACGAA.1",8
"X1_AGATGAATCCTCACCA.1",6
"X1_AGATGAATCGCAAGAG.1",5
"X1_AGATGAATCGCGTTTC.1",7
"X1_AGATGAATCGGTAACT.1",1
"X1_AGATGAATCGTGGACC.1",8
"X1_AGATGAATCGTGGCTG.1",8
"X1_AGATGAATCGTGGGTC.1",4
"X1_AGATGCTAGCATGCGA.1",8
"X1_AGATGCTAGGGCAGGA.1",8
"X1_AGATGCTAGGTATAGT.1",8
"X1_AGATGCTAGGTGATAT.1",7
"X1_AGATGCTAGTAGCATA.1",7
"X1_AGATGCTAGTAGGAAG.1",8
"X1_AGATGCTAGTCGCCCA.1",1000
"X1_AGATGCTAGTTGTACC.1",1
"X1_AGATGCTCAAATGGTA.1",8
"X1_AGATGCTCAAGAGATT.1",4
"X1_AGATGCTCAAGCACAG.1",7
"X1_AGATGCTCAAGTCATC.1",7
"X1_AGATGCTCAGTCGGTC.1",4
"X1_AGATGCTCATAATCCG.1",1000
"X1_AGATGCTCATAGACTC.1",2
"X1_AGATGCTCATGCAGGA.1",6
"X1_AGATGCTGTAACATCC.1",1000
"X1_AGATGCTGTAACGGTG.1",7
"X1_AGATGCTGTACGACTT.1",4
"X1_AGATGCTGTAGACAGC.1",8
"X1_AGATGCTGTCATGGCC.1",7
"X1_AGATGCTGTCCGTACG.1",1000
"X1_AGATGCTGTCTGTCAA.1",3
"X1_AGATGCTGTGGCGCTT.1",3
"X1_AGATGCTGTGGTTTGT.1",1000
"X1_AGATGCTGTGTCCAAT.1",8
"X1_AGATGCTGTTACACTG.1",8
"X1_AGATGCTGTTGTTGCA.1",1000
"X1_AGATGCTTCAAATAGG.1",1000
"X1_AGATGCTTCAAATGAG.1",1000
"X1_AGATGCTTCAACGTGT.1",2
"X1_AGATGCTTCACCTCAC.1",1000
"X1_AGATGCTTCAGTGGGA.1",4
"X1_AGATGCTTCCATTGCC.1",4
"X1_AGATGCTTCCTCACGT.1",6
"X1_AGATGCTTCCTGATAG.1",2
"X1_AGATGCTTCTAGACCA.1",8
"X1_AGATGCTTCTGCGGGT.1",7
"X1_AGATGCTTCTGTGCAA.1",8
"X1_AGCATCAAGATTCGAA.1",1000
"X1_AGCATCAAGCGAGAAA.1",8
"X1_AGCATCACAACAGCCC.1",3
"X1_AGCATCACAACTTGCA.1",1000
"X1_AGCATCACAAGTATCC.1",7
"X1_AGCATCACAATAGTCC.1",1000
"X1_AGCATCACACACGGTC.1",5
"X1_AGCATCACACTTGTGA.1",4
"X1_AGCATCACAGAAGCTG.1",4
"X1_AGCATCACAGAGATGC.1",7
"X1_AGCATCACAGCTCATA.1",5
"X1_AGCATCACAGGTGTGA.1",1000
"X1_AGCATCACAGTCCCGA.1",8
"X1_AGCATCACATCGCTGG.1",8
"X1_AGCATCAGTCAACATC.1",0
"X1_AGCATCAGTCATGACT.1",6
"X1_AGCATCAGTCCTATAG.1",7
"X1_AGCATCAGTGACTGTT.1",1
"X1_AGCATCAGTGTAGTGG.1",7
"X1_AGCATCATCCATCTGC.1",7
"X1_AGCATCATCCTTATCA.1",8
"X1_AGCATCATCTCAGGCG.1",8
"X1_AGCATCATCTCTATAC.1",7
"X1_AGCATCATCTGGCCGA.1",4
"X1_AGCCAATAGAGGCGTT.1",7
"X1_AGCCAATAGATGACCG.1",1000
"X1_AGCCAATAGCAATTCC.1",2
"X1_AGCCAATAGCACGATG.1",1000
"X1_AGCCAATAGCCTCTGG.1",1000
"X1_AGCCAATAGCGATCGA.1",7
"X1_AGCCAATAGGAAGTCC.1",5
"X1_AGCCAATAGGGCAAGG.1",1000
"X1_AGCCAATAGGTCATCT.1",1
"X1_AGCCAATAGTGATGGC.1",1000
"X1_AGCCAATAGTTGCCCG.1",2
"X1_AGCCAATCAACCACGC.1",2
"X1_AGCCAATCAACCGGAA.1",1000
"X1_AGCCAATCAAGAATGT.1",7
"X1_AGCCAATCAAGCCTGC.1",1000
"X1_AGCCAATCAAGTCCAT.1",7
"X1_AGCCAATCACCAATTG.1",4
"X1_AGCCAATCACCGTGAC.1",1
"X1_AGCCAATCATCATGAC.1",7
"X1_AGCCAATGTACGCTTA.1",7
"X1_AGCCAATGTCTACTGA.1",2
"X1_AGCCAATGTCTCTCAC.1",1000
"X1_AGCCAATGTTGTAAAG.1",3
"X1_AGCCAATGTTTAAGGA.1",3
"X1_AGCCAATTCACGGAGA.1",5
"X1_AGCCAATTCATCGCCT.1",1000
"X1_AGCCAATTCCAATCTT.1",8
"X1_AGCCAATTCCCGAATA.1",3
"X1_AGCCAATTCGATACAC.1",8
"X1_AGCCAATTCGGCTGTG.1",4
"X1_AGCCAATTCGTGCAGC.1",3
"X1_AGCCAATTCTGGACTA.1",7
"X1_AGCCACGAGACCACGA.1",1000
"X1_AGCCACGAGACTCGAG.1",4
"X1_AGCCACGAGATCGACG.1",8
"X1_AGCCACGAGATGCCGA.1",6
"X1_AGCCACGAGCAGCGAT.1",1000
"X1_AGCCACGAGCGATGAC.1",3
"X1_AGCCACGAGGCTCTAT.1",1000
"X1_AGCCACGAGGTCCTGC.1",7
"X1_AGCCACGAGTCACACT.1",1000
"X1_AGCCACGAGTTACGTC.1",7
"X1_AGCCACGAGTTCGGTT.1",1000
"X1_AGCCACGCAACTAGAA.1",3
"X1_AGCCACGCAAGCGAGT.1",2
"X1_AGCCACGCAATGAGCG.1",3
"X1_AGCCACGCAGACGATG.1",1000
"X1_AGCCACGCAGCGTACC.1",1000
"X1_AGCCACGCAGTTAGAA.1",7
"X1_AGCCACGCAGTTCCAA.1",1000
"X1_AGCCACGCATCCTAAG.1",8
"X1_AGCCACGCATCTGTTT.1",1000
"X1_AGCCACGGTACTGAGG.1",1000
"X1_AGCCACGGTATGACAA.1",3
"X1_AGCCACGGTCCAGGTC.1",4
"X1_AGCCACGGTCCGAAAG.1",6
"X1_AGCCACGGTCCTGTTC.1",7
"X1_AGCCACGGTCGATTAC.1",7
"X1_AGCCACGGTCGATTTG.1",7
"X1_AGCCACGGTCTGCCTT.1",7
"X1_AGCCACGGTCTTCGAA.1",8
"X1_AGCCACGGTTCGTACA.1",8
"X1_AGCCACGGTTGAAGTA.1",4
"X1_AGCCACGTCAAATAGG.1",3
"X1_AGCCACGTCACCTGGG.1",2
"X1_AGCCACGTCAGAGTTC.1",1000
"X1_AGCCACGTCATCCTAT.1",1000
"X1_AGCCACGTCGAAGGAC.1",8
"X1_AGCCACGTCGATTGGT.1",0
"X1_AGCCACGTCGGAGCAA.1",3
"X1_AGCCACGTCGTTCATT.1",2
"X1_AGCCACGTCTGGTTGA.1",4
"X1_AGCCACGTCTGTCGCT.1",4
"X1_AGCCACGTCTTAGCAG.1",1000
"X1_AGCCACGTCTTCTTCC.1",3
"X1_AGCCAGCAGAAGCCTG.1",0
"X1_AGCCAGCAGATGACCG.1",8
"X1_AGCCAGCAGCATGGGT.1",2
"X1_AGCCAGCAGCGCACAA.1",1
"X1_AGCCAGCAGCTAAGTA.1",1000
"X1_AGCCAGCCAAGCGCTC.1",1000
"X1_AGCCAGCCAATGTCTG.1",8
"X1_AGCCAGCCACTAGGCC.1",1
"X1_AGCCAGCCAGCTGTGC.1",4
"X1_AGCCAGCCAGGGAGAG.1",8
"X1_AGCCAGCCAGTTGTTG.1",4
"X1_AGCCAGCCAGTTTCGA.1",1000
"X1_AGCCAGCCATCCTATT.1",1000
"X1_AGCCAGCCATGAAAGT.1",1
"X1_AGCCAGCCATGACTCA.1",1000
"X1_AGCCAGCCATTGAGCT.1",4
"X1_AGCCAGCGTACCGTGC.1",1000
"X1_AGCCAGCGTGACGTCC.1",7
"X1_AGCCAGCGTGAGTAGC.1",7
"X1_AGCCAGCGTGCAACGA.1",7
"X1_AGCCAGCGTGCGAGTA.1",4
"X1_AGCCAGCGTGTTACTG.1",4
"X1_AGCCAGCGTTCCGCAG.1",8
"X1_AGCCAGCGTTCTGACA.1",1000
"X1_AGCCAGCTCAAGCCTA.1",1000
"X1_AGCCAGCTCACTCCGT.1",4
"X1_AGCCAGCTCATGTCTT.1",1000
"X1_AGCCAGCTCGGACTGC.1",1000
"X1_AGCCAGCTCGTTGCCT.1",4
"X1_AGCCAGCTCTCCGCAT.1",4
"X1_AGCCAGCTCTCTGGTC.1",8
"X1_AGCCAGCTCTTAGCAG.1",7
"X1_AGCGATTAGAGTGTTA.1",8
"X1_AGCGATTAGCCACTCG.1",1000
"X1_AGCGATTAGCGCATCC.1",6
"X1_AGCGATTAGCTGCCTG.1",1000
"X1_AGCGATTAGGCCCACT.1",5
"X1_AGCGATTAGGCCGCTT.1",1000
"X1_AGCGATTAGGGAGTTC.1",1000
"X1_AGCGATTAGTGCAGGT.1",5
"X1_AGCGATTCAACGGGTA.1",1000
"X1_AGCGATTCAAGGAGTC.1",4
"X1_AGCGATTCACAGTCCG.1",1000
"X1_AGCGATTCACATTCTT.1",5
"X1_AGCGATTCACCTTCCA.1",8
"X1_AGCGATTCACGGCACT.1",7
"X1_AGCGATTCAGAACCGA.1",5
"X1_AGCGATTCAGCACACC.1",2
"X1_AGCGATTCAGCACGAA.1",1000
"X1_AGCGATTCAGGCCCTA.1",6
"X1_AGCGATTCATGACAAA.1",7
"X1_AGCGATTGTACTGCCG.1",7
"X1_AGCGATTGTAGAATAC.1",3
"X1_AGCGATTGTATAATGG.1",7
"X1_AGCGATTGTATGCTAC.1",4
"X1_AGCGATTGTCGCGTTG.1",3
"X1_AGCGATTGTCTGCCTT.1",8
"X1_AGCGATTGTGATTCTG.1",1
"X1_AGCGATTGTGTTACTG.1",8
"X1_AGCGATTGTTCTCTAT.1",7
"X1_AGCGATTGTTTCGATG.1",3
"X1_AGCGATTTCATTCGTT.1",8
"X1_AGCGATTTCCGACATA.1",1000
"X1_AGCGATTTCCGTATGA.1",7
"X1_AGCGATTTCGAACACT.1",1000
"X1_AGCGATTTCGCCTTGT.1",3
"X1_AGCGATTTCGGAAACG.1",1000
"X1_AGCGATTTCGTTGTGA.1",1000
"X1_AGCGATTTCTCGGGAC.1",4
"X1_AGCGATTTCTCTAGGA.1",7
"X1_AGCGATTTCTGTGTGA.1",1
"X1_AGCGCCAAGAGAGCCT.1",1000
"X1_AGCGCCAAGGGATCAC.1",5
"X1_AGCGCCAAGGGTGAAA.1",4
"X1_AGCGCCAAGGTGAGAA.1",1000
"X1_AGCGCCAAGTACGTCT.1",4
"X1_AGCGCCACAACTGGTT.1",7
"X1_AGCGCCACAATACCTG.1",1000
"X1_AGCGCCACACCAGCCA.1",1
"X1_AGCGCCACAGGTTACT.1",1000
"X1_AGCGCCACATCGCTGG.1",8
"X1_AGCGCCACATGCAGCC.1",1000
"X1_AGCGCCACATTCACAG.1",8
"X1_AGCGCCAGTAGGGAGG.1",5
"X1_AGCGCCAGTATCAGGG.1",6
"X1_AGCGCCAGTCAATGGG.1",3
"X1_AGCGCCAGTCCAGGTC.1",7
"X1_AGCGCCAGTGTGATGG.1",1
"X1_AGCGCCAGTTGCGAAG.1",1000
"X1_AGCGCCAGTTTGGGAG.1",8
"X1_AGCGCCATCAAACCCA.1",0
"X1_AGCGCCATCATCGCTC.1",3
"X1_AGCGCCATCATTTGCT.1",3
"X1_AGCGCCATCCATATGG.1",8
"X1_AGCGCCATCCCTTGGT.1",8
"X1_AGCGCCATCCTATGGA.1",6
"X1_AGCGCCATCGCGGTAC.1",6
"X1_AGCGCCATCTGAGAAA.1",8
"X1_AGCGCCATCTGTCGCT.1",7
"X1_AGCGCTGAGACCTTTG.1",4
"X1_AGCGCTGAGAGAAGGT.1",2
"X1_AGCGCTGAGGATGAGA.1",6
"X1_AGCGCTGAGTAGCCAG.1",8
"X1_AGCGCTGCAAATACAG.1",1
"X1_AGCGCTGCAAATGAGT.1",1000
"X1_AGCGCTGCAAGATGTA.1",8
"X1_AGCGCTGCAATGCAGG.1",5
"X1_AGCGCTGCACCGCTGA.1",8
"X1_AGCGCTGCACTCCTTG.1",1000
"X1_AGCGCTGCATAAGATG.1",8
"X1_AGCGCTGCATACCACA.1",4
"X1_AGCGCTGCATATACCG.1",8
"X1_AGCGCTGCATCAGTGT.1",7
"X1_AGCGCTGCATGCCATA.1",8
"X1_AGCGCTGGTACAACGG.1",7
"X1_AGCGCTGGTAGGCAGT.1",8
"X1_AGCGCTGGTCATCCGG.1",8
"X1_AGCGCTGGTCGACTTA.1",1000
"X1_AGCGCTGGTCGCTTGG.1",5
"X1_AGCGCTGGTCTACATG.1",1000
"X1_AGCGCTGGTGAGCTCC.1",2
"X1_AGCGCTGGTGCCGTAC.1",8
"X1_AGCGCTGGTGCCGTTG.1",7
"X1_AGCGCTGGTGGCACTC.1",7
"X1_AGCGCTGGTGGTCAAG.1",1000
"X1_AGCGCTGGTTTCGTTT.1",1000
"X1_AGCGCTGTCAACTCTT.1",1
"X1_AGCGCTGTCAGTGCGC.1",4
"X1_AGCGCTGTCATCCTAT.1",7
"X1_AGCGCTGTCCGGTAGC.1",4
"X1_AGCGCTGTCCGTAGTA.1",7
"X1_AGCGCTGTCCTTCAGC.1",6
"X1_AGCGCTGTCGCAGTCG.1",4
"X1_AGCGCTGTCGCTTGCT.1",6
"X1_AGCGCTGTCTCCTGAC.1",7
"X1_AGCGCTGTCTCTCAAT.1",1000
"X1_AGCGCTGTCTTACCAT.1",4
"X1_AGCGTATAGAGGCCAT.1",3
"X1_AGCGTATAGGATTTGA.1",2
"X1_AGCGTATAGGGACAGG.1",1000
"X1_AGCGTATAGTAGCCAG.1",1000
"X1_AGCGTATAGTGGAAAG.1",7
"X1_AGCGTATAGTGGATAT.1",7
"X1_AGCGTATCAACGATCT.1",8
"X1_AGCGTATCAACTCCCT.1",7
"X1_AGCGTATCAAGGCTTT.1",2
"X1_AGCGTATCAAGTGCAG.1",3
"X1_AGCGTATCACAAGCAG.1",1000
"X1_AGCGTATCACCCAAGC.1",1
"X1_AGCGTATCACTGTCCT.1",1000
"X1_AGCGTATCAGCGGATA.1",1000
"X1_AGCGTATCAGCTATAC.1",1
"X1_AGCGTATCATGACAAA.1",7
"X1_AGCGTATGTAAGATAC.1",1000
"X1_AGCGTATGTAGTCACT.1",8
"X1_AGCGTATGTCAATGGG.1",1000
"X1_AGCGTATGTCAGTCTA.1",5
"X1_AGCGTATGTCCAGCGT.1",8
"X1_AGCGTATGTCGTACAT.1",8
"X1_AGCGTATGTGCCCTTT.1",8
"X1_AGCGTATGTGGGTATG.1",5
"X1_AGCGTATGTGGTTTGT.1",2
"X1_AGCGTATGTGTCTCCT.1",7
"X1_AGCGTATGTTCCTACC.1",8
"X1_AGCGTATGTTCCTAGA.1",0
"X1_AGCGTATGTTCTAACG.1",1
"X1_AGCGTATTCAAGTGTC.1",2
"X1_AGCGTATTCCGGTAAT.1",7
"X1_AGCGTATTCCGTGACG.1",8
"X1_AGCGTATTCGAACACT.1",4
"X1_AGCGTATTCTAATTCC.1",7
"X1_AGCGTATTCTATCGGA.1",1000
"X1_AGCGTATTCTCGTCGT.1",1000
"X1_AGCGTCGAGAGGGCGA.1",8
"X1_AGCGTCGAGCATAGGC.1",3
"X1_AGCGTCGCAACCGCCA.1",8
"X1_AGCGTCGCAAGAGTTA.1",1000
"X1_AGCGTCGCAATACAGA.1",7
"X1_AGCGTCGCAATTGCCA.1",1
"X1_AGCGTCGCAGAGTCTT.1",1000
"X1_AGCGTCGCAGCAGTCC.1",7
"X1_AGCGTCGCAGGTCCGT.1",6
"X1_AGCGTCGCATCGAGCC.1",3
"X1_AGCGTCGCATTCTCCG.1",6
"X1_AGCGTCGGTACCCACG.1",8
"X1_AGCGTCGGTCTACGTA.1",1000
"X1_AGCGTCGGTGAAGCTG.1",7
"X1_AGCGTCGGTGACTGTT.1",1
"X1_AGCGTCGGTGATTGGG.1",4
"X1_AGCGTCGGTTATTCCT.1",8
"X1_AGCTACAAGAGCAGCT.1",1
"X1_AGCTACAAGCCTAACT.1",1000
"X1_AGCTACAAGGCTATCT.1",1
"X1_AGCTACAAGTGATAAC.1",4
"X1_AGCTACAAGTGGATTA.1",1000
"X1_AGCTACACAAGGACAC.1",7
"X1_AGCTACACAAGTGGCA.1",5
"X1_AGCTACACAGGCACTC.1",8
"X1_AGCTACACAGTTGCGC.1",7
"X1_AGCTACACATCGTTCC.1",4
"X1_AGCTACACATGAAAGT.1",1000
"X1_AGCTACACATTGACAC.1",1
"X1_AGCTACAGTACCAGAG.1",4
"X1_AGCTACAGTACCTAGT.1",2
"X1_AGCTACAGTAGCACAG.1",5
"X1_AGCTACAGTAGCGCTC.1",8
"X1_AGCTACAGTATCTCTT.1",1000
"X1_AGCTACAGTCGAAGCA.1",7
"X1_AGCTACAGTCGCTTGG.1",5
"X1_AGCTACAGTGGAAATT.1",7
"X1_AGCTACAGTTTCGCTC.1",1
"X1_AGCTACATCAATCCAG.1",5
"X1_AGCTACATCCATTGGA.1",2
"X1_AGCTACATCGGCGATC.1",4
"X1_AGCTACATCTCATTAC.1",8
"X1_AGCTACATCTCCGAGG.1",1000
"X1_AGCTACATCTTTCCAA.1",4
"X1_AGCTCAAAGACTGGGT.1",8
"X1_AGCTCAAAGAGGTCGT.1",1000
"X1_AGCTCAAAGCACGATG.1",8
"X1_AGCTCAAAGCGTTGTT.1",8
"X1_AGCTCAAAGGCATGGT.1",8
"X1_AGCTCAAAGGTCATCT.1",7
"X1_AGCTCAAAGTAACCTC.1",3
"X1_AGCTCAAAGTTAGAAC.1",8
"X1_AGCTCAACAAGGACAC.1",4
"X1_AGCTCAACAATAGTCC.1",3
"X1_AGCTCAACACACGGTC.1",8
"X1_AGCTCAACACCGGTCA.1",1000
"X1_AGCTCAACACTCAGAT.1",1000
"X1_AGCTCAACAGCCTACG.1",8
"X1_AGCTCAACAGGCACTC.1",6
"X1_AGCTCAACAGTAGATA.1",7
"X1_AGCTCAACAGTCGGTC.1",4
"X1_AGCTCAACAGTTGAAA.1",1
"X1_AGCTCAACATGTCGTA.1",3
"X1_AGCTCAAGTACAAACA.1",4
"X1_AGCTCAAGTACCACGC.1",1000
"X1_AGCTCAAGTCGTACAT.1",8
"X1_AGCTCAAGTGCTATTG.1",8
"X1_AGCTCAAGTGTCGCTG.1",4
"X1_AGCTCAAGTTTGGGAG.1",7
"X1_AGCTCAATCAAGAGTA.1",4
"X1_AGCTCAATCACCTCGT.1",8
"X1_AGCTCAATCCGCAACG.1",8
"X1_AGCTCAATCGCGTGCA.1",1000
"X1_AGCTCAATCTCCCAAC.1",1
"X1_AGCTCAATCTGTGCTC.1",1000
"X1_AGCTCAATCTTTGGAG.1",6
"X1_AGCTTCCAGAAGTCTA.1",1000
"X1_AGCTTCCAGACCTTTG.1",8
"X1_AGCTTCCAGACTCGAG.1",1
"X1_AGCTTCCAGAGTTGTA.1",4
"X1_AGCTTCCAGGTCTGGA.1",1000
"X1_AGCTTCCAGTGCAGCA.1",1
"X1_AGCTTCCAGTGCTCGC.1",7
"X1_AGCTTCCCAAGGGCAT.1",4
"X1_AGCTTCCCAATTTCCT.1",7
"X1_AGCTTCCCACCGCTGA.1",8
"X1_AGCTTCCCACCGTCGA.1",7
"X1_AGCTTCCCAGACAAGC.1",6
"X1_AGCTTCCCAGACCAGA.1",1
"X1_AGCTTCCCAGCAAGAC.1",7
"X1_AGCTTCCCAGCGTATT.1",0
"X1_AGCTTCCCAGCTACTA.1",7
"X1_AGCTTCCCAGTTGCGC.1",1
"X1_AGCTTCCCATCAGCGC.1",7
"X1_AGCTTCCGTACAGAAT.1",4
"X1_AGCTTCCGTATCGTGT.1",1000
"X1_AGCTTCCGTCCAGAAG.1",1000
"X1_AGCTTCCGTCGCGGTT.1",8
"X1_AGCTTCCGTCTCCCTA.1",7
"X1_AGCTTCCGTCTCGCGA.1",4
"X1_AGCTTCCGTGAGTAAT.1",7
"X1_AGCTTCCGTTGCATAC.1",7
"X1_AGCTTCCGTTGGGTAG.1",1
"X1_AGCTTCCTCATGCGGC.1",1000
"X1_AGCTTCCTCATTTGTC.1",3
"X1_AGCTTCCTCCACTAGA.1",8
"X1_AGCTTCCTCCGCGAGT.1",7
"X1_AGCTTCCTCGATAACC.1",1
"X1_AGCTTCCTCGCTTTAT.1",3
"X1_AGCTTCCTCTTCCCGA.1",8
"X1_AGGAAATAGATCCAAA.1",1000
"X1_AGGAAATAGCCTCAGC.1",8
"X1_AGGAAATAGCTAAACA.1",8
"X1_AGGAAATAGTCATGGG.1",1000
"X1_AGGAAATAGTTGGCGA.1",6
"X1_AGGAAATAGTTGGGAC.1",1000
"X1_AGGAAATAGTTGTAGA.1",5
"X1_AGGAAATCAACCACAT.1",7
"X1_AGGAAATCAATTCACG.1",1
"X1_AGGAAATCACCAGGTC.1",1000
"X1_AGGAAATCACGGTGTC.1",1000
"X1_AGGAAATCAGAGGCAT.1",5
"X1_AGGAAATCAGCGTGCT.1",8
"X1_AGGAAATCAGGAATAT.1",3
"X1_AGGAAATCAGTAGGAC.1",4
"X1_AGGAAATCATCCTTCG.1",6
"X1_AGGAAATCATGGTGGA.1",5
"X1_AGGAAATGTATGAGGC.1",1000
"X1_AGGAAATGTGATATAG.1",6
"X1_AGGAAATGTGTCCGTG.1",1
"X1_AGGAAATGTTACGATC.1",0
"X1_AGGAAATGTTCCGTTC.1",8
"X1_AGGAAATGTTTCGGCG.1",8
"X1_AGGAAATTCAATCGGT.1",3
"X1_AGGAAATTCACTGTTT.1",5
"X1_AGGAAATTCCAACACA.1",1000
"X1_AGGAAATTCCGCACTT.1",7
"X1_AGGAAATTCCGTGTAA.1",6
"X1_AGGAAATTCCGTTTCG.1",7
"X1_AGGAAATTCGGTAGGA.1",1000
"X1_AGGAAATTCGTTCTCG.1",7
"X1_AGGAAATTCTTACCGC.1",3
"X1_AGGAAATTCTTTGGAG.1",8
"X1_AGGAATAAGACCTGGA.1",6
"X1_AGGAATAAGCAAGTCG.1",4
"X1_AGGAATAAGCACAAAT.1",1000
"X1_AGGAATAAGCTTCATG.1",7
"X1_AGGAATAAGGATACCG.1",5
"X1_AGGAATAAGGTCGAGT.1",1000
"X1_AGGAATAAGTGCGTCC.1",1
"X1_AGGAATACAAATCCCA.1",1000
"X1_AGGAATACAACCTATG.1",1000
"X1_AGGAATACAAGAATGT.1",1000
"X1_AGGAATACAATCAGCT.1",1000
"X1_AGGAATACAATTTCCT.1",1000
"X1_AGGAATACACAGTGTT.1",1000
"X1_AGGAATACAGAAATCA.1",1000
"X1_AGGAATACAGCAGTTT.1",1000
"X1_AGGAATACATAGTCAC.1",0
"X1_AGGAATACATCGTGCG.1",1000
"X1_AGGAATACATTGCTGA.1",7
"X1_AGGAATAGTACCACGC.1",3
"X1_AGGAATAGTCAATGGG.1",4
"X1_AGGAATAGTCTCCCTA.1",2
"X1_AGGAATAGTGCAGATG.1",1000
"X1_AGGAATAGTTGGCCTG.1",3
"X1_AGGAATATCAAATGAG.1",3
"X1_AGGAATATCAAGCGTT.1",2
"X1_AGGAATATCACAACCA.1",7
"X1_AGGAATATCATCAGTG.1",4
"X1_AGGAATATCCGGTTCT.1",8
"X1_AGGAATATCGAGTCCG.1",3
"X1_AGGAATATCGAGTCTA.1",4
"X1_AGGAATATCGGTATGT.1",1000
"X1_AGGAATATCGTAACAC.1",1000
"X1_AGGAATATCGTAGGAG.1",1000
"X1_AGGAATATCGTGTGGC.1",1000
"X1_AGGAATATCGTTCCCA.1",3
"X1_AGGAATATCTAGCCTC.1",1000
"X1_AGGAATATCTCCGATC.1",8
"X1_AGGAATATCTGGCCGA.1",1
"X1_AGGAATATCTTAGGAC.1",1000
"X1_AGGAATATCTTCCACG.1",1000
"X1_AGGACGAAGAAGCGAA.1",6
"X1_AGGACGAAGCACTCCG.1",1000
"X1_AGGACGAAGCTCACTA.1",5
"X1_AGGACGAAGGTAGGCT.1",1000
"X1_AGGACGAAGTGAGGCT.1",3
"X1_AGGACGACACCAGGTC.1",3
"X1_AGGACGACACCCGTAG.1",8
"X1_AGGACGACATGACGTT.1",2
"X1_AGGACGACATGGAACG.1",1000
"X1_AGGACGACATGGGTCC.1",8
"X1_AGGACGAGTACCACGC.1",2
"X1_AGGACGAGTACCTATG.1",4
"X1_AGGACGAGTAGACGGT.1",1000
"X1_AGGACGAGTAGCTGCC.1",3
"X1_AGGACGAGTCCATAGT.1",2
"X1_AGGACGAGTGAATAAC.1",8
"X1_AGGACGAGTTTGACAC.1",1000
"X1_AGGACGATCAAGATAG.1",1000
"X1_AGGACGATCCGCAAAT.1",4
"X1_AGGACGATCGAACGGA.1",3
"X1_AGGACGATCTGCTAGA.1",8
"X1_AGGACTTAGAGAGTTT.1",6
"X1_AGGACTTAGATCGGTG.1",5
"X1_AGGACTTAGGACATCG.1",4
"X1_AGGACTTAGGTAGTCG.1",7
"X1_AGGACTTAGGTCTTTG.1",4
"X1_AGGACTTAGTACAGAT.1",4
"X1_AGGACTTAGTCACACT.1",1
"X1_AGGACTTAGTGCGACA.1",1000
"X1_AGGACTTAGTGCGCTC.1",5
"X1_AGGACTTAGTTACGGG.1",2
"X1_AGGACTTAGTTCCGTA.1",1000
"X1_AGGACTTCAACGACAG.1",1000
"X1_AGGACTTCAAGGATGC.1",3
"X1_AGGACTTCAATTGAAG.1",7
"X1_AGGACTTCACAACGCC.1",1000
"X1_AGGACTTCACGAAAGC.1",8
"X1_AGGACTTCAGTAACAA.1",4
"X1_AGGACTTCATAGAAAC.1",7
"X1_AGGACTTGTATTCCGA.1",8
"X1_AGGACTTGTCAATGGG.1",1000
"X1_AGGACTTGTCACTCGG.1",8
"X1_AGGACTTGTCATTCCC.1",1
"X1_AGGACTTGTCCCACGA.1",7
"X1_AGGACTTGTGTAAACA.1",8
"X1_AGGACTTGTTCGAAGG.1",1000
"X1_AGGACTTGTTCTCTAT.1",8
"X1_AGGACTTTCAATCAGC.1",7
"X1_AGGACTTTCACACGAT.1",5
"X1_AGGACTTTCACATACG.1",7
"X1_AGGACTTTCACTACGA.1",1000
"X1_AGGACTTTCATCTGTT.1",4
"X1_AGGACTTTCCGCTGTT.1",5
"X1_AGGACTTTCGACACTA.1",4
"X1_AGGACTTTCGCTGTTC.1",7
"X1_AGGACTTTCGGAAACG.1",8
"X1_AGGACTTTCGGAGTAG.1",7
"X1_AGGACTTTCGGTATGT.1",1
"X1_AGGACTTTCGTAACCA.1",1000
"X1_AGGACTTTCGTCAAAC.1",8
"X1_AGGACTTTCGTGTGAT.1",8
"X1_AGGACTTTCTCATTAC.1",1000
"X1_AGGACTTTCTGCGGAC.1",1000
"X1_AGGACTTTCTTCCGTG.1",4
"X1_AGGACTTTCTTTCCAA.1",4
"X1_AGGAGGTAGACAGCTG.1",1000
"X1_AGGAGGTAGCCTTGAT.1",8
"X1_AGGAGGTAGCGAAACC.1",8
"X1_AGGAGGTAGCTGTACT.1",4
"X1_AGGAGGTAGCTTTGTG.1",4
"X1_AGGAGGTAGGTTATAG.1",5
"X1_AGGAGGTAGTCATACC.1",8
"X1_AGGAGGTAGTCGAATA.1",3
"X1_AGGAGGTAGTCTTGGT.1",8
"X1_AGGAGGTCAAAGCGTG.1",1000
"X1_AGGAGGTCACAAATGA.1",6
"X1_AGGAGGTCACATATCG.1",1
"X1_AGGAGGTCACCAGCTG.1",3
"X1_AGGAGGTCACTGCACG.1",8
"X1_AGGAGGTCACTGTTCC.1",5
"X1_AGGAGGTCAGACCAAG.1",3
"X1_AGGAGGTCAGGAATCG.1",1000
"X1_AGGAGGTCATCCTGTC.1",8
"X1_AGGAGGTCATGGGCAA.1",1
"X1_AGGAGGTCATTAAGCC.1",1000
"X1_AGGAGGTGTAAGTTAG.1",8
"X1_AGGAGGTGTACGACAG.1",1000
"X1_AGGAGGTGTCCGGCAT.1",1000
"X1_AGGAGGTGTGAATTAG.1",3
"X1_AGGAGGTGTGCACATT.1",1
"X1_AGGAGGTGTGCCAAGA.1",1000
"X1_AGGAGGTGTTCTGAGT.1",1000
"X1_AGGAGGTTCAATCAGC.1",1000
"X1_AGGAGGTTCACTCTTA.1",0
"X1_AGGAGGTTCACTGGTA.1",4
"X1_AGGAGGTTCACTTGGA.1",3
"X1_AGGAGGTTCATTCCTA.1",8
"X1_AGGAGGTTCATTCGGA.1",7
"X1_AGGAGGTTCCAAGCTA.1",2
"X1_AGGAGGTTCCGAGCTG.1",1000
"X1_AGGAGGTTCGACCAAT.1",1000
"X1_AGGAGGTTCGCTACGG.1",0
"X1_AGGAGGTTCTCCTACG.1",1000
"X1_AGGAGGTTCTGCATGA.1",2
"X1_AGGAGGTTCTGGCTGG.1",7
"X1_AGGATAAAGAGTGGCT.1",1
"X1_AGGATAAAGCACCGTC.1",4
"X1_AGGATAAAGCAGCCCT.1",1000
"X1_AGGATAAAGGCTAACG.1",1000
"X1_AGGATAAAGTCTCGTA.1",1
"X1_AGGATAACAACCGACC.1",6
"X1_AGGATAACACAAGCAG.1",7
"X1_AGGATAACACACCTTC.1",1000
"X1_AGGATAACAGAGTAAT.1",7
"X1_AGGATAACAGATAAAC.1",3
"X1_AGGATAACAGGACGAT.1",7
"X1_AGGATAACAGGCACAA.1",7
"X1_AGGATAAGTAACACGG.1",3
"X1_AGGATAAGTAGTGATA.1",7
"X1_AGGATAAGTCAATCTG.1",1000
"X1_AGGATAAGTCCTACAA.1",4
"X1_AGGATAAGTCGCACGT.1",1000
"X1_AGGATAAGTCGCCTAG.1",3
"X1_AGGATAAGTCTTACTT.1",4
"X1_AGGATAAGTGAGCCAA.1",4
"X1_AGGATAAGTGCGGTAA.1",8
"X1_AGGATAAGTGCTGTCG.1",1000
"X1_AGGATAAGTTCCGCTT.1",5
"X1_AGGATAAGTTCGAACT.1",1000
"X1_AGGATAATCAAACCTG.1",8
"X1_AGGATAATCACTCACC.1",1000
"X1_AGGATAATCATTGAGC.1",7
"X1_AGGATAATCCAAAGGG.1",4
"X1_AGGATAATCCATTGGA.1",0
"X1_AGGATAATCCCTTGTG.1",6
"X1_AGGATAATCCGCGAGT.1",2
"X1_AGGATAATCGAAGCAG.1",1000
"X1_AGGATAATCGATTGAC.1",1000
"X1_AGGATAATCGGCCAAC.1",5
"X1_AGGATAATCTAACACG.1",2
"X1_AGGATAATCTGGCCTT.1",4
"X1_AGGATCTAGACCAACG.1",8
"X1_AGGATCTAGCATCGAG.1",8
"X1_AGGATCTAGCCGTTAT.1",5
"X1_AGGATCTAGCTCACTA.1",1000
"X1_AGGATCTAGGAAAGTG.1",4
"X1_AGGATCTAGGTTAAAC.1",1000
"X1_AGGATCTAGGTTCTAC.1",4
"X1_AGGATCTAGTACTGGG.1",8
"X1_AGGATCTAGTCACACT.1",2
"X1_AGGATCTAGTGGAAAG.1",7
"X1_AGGATCTAGTGGTGGT.1",3
"X1_AGGATCTCAAATAGCA.1",1
"X1_AGGATCTCAAGACGGT.1",7
"X1_AGGATCTCAAGCACCC.1",4
"X1_AGGATCTCAAGCGCAA.1",5
"X1_AGGATCTCAATGACCT.1",1000
"X1_AGGATCTCACCAGGTC.1",7
"X1_AGGATCTCACCCTTAC.1",4
"X1_AGGATCTCACTACCCT.1",3
"X1_AGGATCTCACTGTGAT.1",0
"X1_AGGATCTCAGCTGGTC.1",7
"X1_AGGATCTCATTGAAGA.1",5
"X1_AGGATCTGTACAGAAT.1",1000
"X1_AGGATCTGTCACTCAA.1",2
"X1_AGGATCTGTGGATGAC.1",3
"X1_AGGATCTGTGGTCAAG.1",7
"X1_AGGATCTGTGTGACCC.1",8
"X1_AGGATCTGTTATGTCG.1",7
"X1_AGGATCTGTTCGAAGG.1",2
"X1_AGGATCTTCACTGATG.1",1000
"X1_AGGATCTTCCATCACC.1",1000
"X1_AGGATCTTCCCTTGTG.1",7
"X1_AGGATCTTCCGAGAAG.1",1000
"X1_AGGATCTTCCGTAGGC.1",1000
"X1_AGGATCTTCCGTTGGG.1",1
"X1_AGGCATTAGAGAGCAA.1",1000
"X1_AGGCATTAGCCTCGTG.1",1
"X1_AGGCATTAGGCGCTCT.1",3
"X1_AGGCATTAGGTAGTAT.1",6
"X1_AGGCATTAGTAGGCCA.1",1000
"X1_AGGCATTAGTGGTGAC.1",8
"X1_AGGCATTAGTTTCAGC.1",4
"X1_AGGCATTCAACGACTT.1",7
"X1_AGGCATTCAATAGTGA.1",1000
"X1_AGGCATTCAATTGCAC.1",0
"X1_AGGCATTCACACGGAA.1",1000
"X1_AGGCATTCACGGCGTT.1",1000
"X1_AGGCATTCACTCCTGT.1",2
"X1_AGGCATTCAGTGACCC.1",8
"X1_AGGCATTCATCTGCGG.1",1000
"X1_AGGCATTGTAGAGGAA.1",1
"X1_AGGCATTGTAGTATAG.1",8
"X1_AGGCATTGTATTGGCT.1",1
"X1_AGGCATTGTCACCACG.1",1000
"X1_AGGCATTGTCACCGAC.1",3
"X1_AGGCATTGTCATATGC.1",8
"X1_AGGCATTGTCCCGCAA.1",7
"X1_AGGCATTGTCCTTGTC.1",1000
"X1_AGGCATTGTCGTTATG.1",8
"X1_AGGCATTGTGATGAAT.1",1000
"X1_AGGCATTGTGTGTCCG.1",3
"X1_AGGCATTGTGTTGATC.1",8
"X1_AGGCATTTCAAGATAG.1",1000
"X1_AGGCATTTCACACCGG.1",4
"X1_AGGCATTTCATCACTT.1",1
"X1_AGGCATTTCATTTGGG.1",1000
"X1_AGGCATTTCCAAATGC.1",5
"X1_AGGCATTTCCAATGCA.1",8
"X1_AGGCATTTCCGCATAA.1",5
"X1_AGGCATTTCCGCTGTT.1",1000
"X1_AGGCCACAGACGACTG.1",8
"X1_AGGCCACAGGCCACCT.1",8
"X1_AGGCCACAGGCCCACT.1",8
"X1_AGGCCACAGGGAGGTG.1",1000
"X1_AGGCCACAGGTTGTTC.1",3
"X1_AGGCCACAGTAAGAGG.1",3
"X1_AGGCCACAGTAGATCA.1",1000
"X1_AGGCCACAGTCTGTAC.1",8
"X1_AGGCCACAGTGATTCC.1",1000
"X1_AGGCCACCAAACTAAG.1",1000
"X1_AGGCCACCAAAGGCAC.1",1000
"X1_AGGCCACCACATGGTT.1",8
"X1_AGGCCACCACATTCTT.1",1000
"X1_AGGCCACCACGCCAGT.1",7
"X1_AGGCCACCAGAAGCGT.1",3
"X1_AGGCCACCAGCTTTCC.1",8
"X1_AGGCCACGTAAGGAGA.1",7
"X1_AGGCCACGTACGGATG.1",2
"X1_AGGCCACGTCTCTCAC.1",8
"X1_AGGCCACGTCTGTGTA.1",7
"X1_AGGCCACGTGCATACT.1",6
"X1_AGGCCACGTTACTCAG.1",4
"X1_AGGCCACGTTCTCTCG.1",3
"X1_AGGCCACGTTGTGCCG.1",3
"X1_AGGCCACTCAGCTGTA.1",7
"X1_AGGCCACTCCGTAGGC.1",4
"X1_AGGCCACTCGCGTTTC.1",1000
"X1_AGGCCACTCGGCTGAC.1",1000
"X1_AGGCCACTCTATTCGT.1",1
"X1_AGGCCACTCTGAATCG.1",8
"X1_AGGCTGCAGACGAGCT.1",4
"X1_AGGCTGCAGATCCTAC.1",1000
"X1_AGGCTGCAGGATATAC.1",7
"X1_AGGCTGCAGGGAGAAT.1",5
"X1_AGGCTGCAGGTCCGAA.1",3
"X1_AGGCTGCAGTCAACAA.1",1000
"X1_AGGCTGCAGTCTGGTT.1",2
"X1_AGGCTGCAGTTCCTGA.1",8
"X1_AGGCTGCAGTTGAAGT.1",8
"X1_AGGCTGCCAAGACGAC.1",8
"X1_AGGCTGCCAATGTCAC.1",5
"X1_AGGCTGCCAATTGCAC.1",8
"X1_AGGCTGCCACCGCTGA.1",1
"X1_AGGCTGCCACTTACAG.1",1000
"X1_AGGCTGCCAGGACGAT.1",6
"X1_AGGCTGCCAGGTGTTT.1",1000
"X1_AGGCTGCCATGGGTCC.1",8
"X1_AGGCTGCGTCCATACA.1",1000
"X1_AGGCTGCGTCGTCTCT.1",4
"X1_AGGCTGCGTCGTTATG.1",4
"X1_AGGCTGCGTCTCAGAT.1",4
"X1_AGGCTGCGTCTTTCAT.1",7
"X1_AGGCTGCGTGGATTTC.1",3
"X1_AGGCTGCGTGTGTGTT.1",1000
"X1_AGGCTGCGTTGCTTGA.1",4
"X1_AGGCTGCTCAGGGTAG.1",8
"X1_AGGCTGCTCATACAGC.1",1000
"X1_AGGCTGCTCCAGTACA.1",8
"X1_AGGCTGCTCCTACCGT.1",8
"X1_AGGCTGCTCCTGTACC.1",1000
"X1_AGGCTGCTCGACGACC.1",1000
"X1_AGGCTGCTCGACGAGA.1",2
"X1_AGGCTGCTCGTTACCC.1",4
"X1_AGGCTGCTCTAGATCG.1",7
"X1_AGGCTGCTCTGTAACG.1",0
"X1_AGGCTGCTCTTCCTAA.1",1000
"X1_AGGGAGTAGAATGTTG.1",1000
"X1_AGGGAGTAGACAGCGT.1",7
"X1_AGGGAGTAGACATACA.1",4
"X1_AGGGAGTAGACCAACG.1",7
"X1_AGGGAGTAGCAAGGAA.1",8
"X1_AGGGAGTAGCATGCAG.1",4
"X1_AGGGAGTAGGAAACGA.1",6
"X1_AGGGAGTAGGATGGCT.1",2
"X1_AGGGAGTAGGCGCTCT.1",8
"X1_AGGGAGTAGGTCATCT.1",4
"X1_AGGGAGTAGGTGCATG.1",1000
"X1_AGGGAGTAGTAAATGC.1",3
"X1_AGGGAGTCAAACACCT.1",8
"X1_AGGGAGTCAACGTTAC.1",0
"X1_AGGGAGTCAAGAGGCT.1",8
"X1_AGGGAGTCAATAAGGT.1",8
"X1_AGGGAGTCACAATGAA.1",3
"X1_AGGGAGTCACGGGCTT.1",1000
"X1_AGGGAGTCAGGATGAC.1",1000
"X1_AGGGAGTCAGTTTCGA.1",2
"X1_AGGGAGTCATCCGTGG.1",1000
"X1_AGGGAGTCATGTCAGT.1",1000
"X1_AGGGAGTGTAGTCTGT.1",1
"X1_AGGGAGTGTATCAGGG.1",1000
"X1_AGGGAGTGTCCCTGAG.1",1000
"X1_AGGGAGTGTGGTCCCA.1",7
"X1_AGGGAGTGTTTCGTAG.1",1000
"X1_AGGGAGTTCAGTGGGA.1",7
"X1_AGGGAGTTCATCCCGT.1",8
"X1_AGGGAGTTCCAGTGTA.1",7
"X1_AGGGAGTTCCCTCGAT.1",1000
"X1_AGGGAGTTCCGTCACT.1",8
"X1_AGGGAGTTCGGAATGG.1",2
"X1_AGGGAGTTCGTTGTGA.1",1
"X1_AGGGAGTTCTGTGCGG.1",4
"X1_AGGGCCTAGAGCAGCT.1",7
"X1_AGGGCCTAGAGCAGTC.1",0
"X1_AGGGCCTAGCACTCGC.1",8
"X1_AGGGCCTAGCCATTGT.1",1000
"X1_AGGGCCTAGCGGGTAT.1",8
"X1_AGGGCCTAGCTTCGTA.1",4
"X1_AGGGCCTAGGCGTTGA.1",7
"X1_AGGGCCTAGTAAGACT.1",1000
"X1_AGGGCCTAGTGGATAT.1",4
"X1_AGGGCCTCAGACAAGC.1",8
"X1_AGGGCCTCAGTGTGCC.1",0
"X1_AGGGCCTCAGTTAAAG.1",8
"X1_AGGGCCTCAGTTCTAG.1",4
"X1_AGGGCCTGTATGAAAC.1",1000
"X1_AGGGCCTGTCAACCTA.1",1000
"X1_AGGGCCTGTCTACAAC.1",2
"X1_AGGGCCTGTCTTCTAT.1",6
"X1_AGGGCCTGTGAGCGAT.1",8
"X1_AGGGCCTGTTAGAGAT.1",8
"X1_AGGGCCTGTTCCCAAA.1",4
"X1_AGGGCCTGTTCGGACC.1",0
"X1_AGGGCCTGTTCTCACC.1",5
"X1_AGGGCCTGTTGTGTTG.1",7
"X1_AGGGCCTTCAATCGGT.1",8
"X1_AGGGCCTTCAGGAACG.1",4
"X1_AGGGCCTTCTATCGCC.1",7
"X1_AGGGCTCAGATGGCGT.1",6
"X1_AGGGCTCAGTTTCAGC.1",1000
"X1_AGGGCTCCAAATCCCA.1",8
"X1_AGGGCTCCACAAGTGG.1",5
"X1_AGGGCTCCACTGTGAT.1",4
"X1_AGGGCTCCAGCCTATA.1",8
"X1_AGGGCTCCAGCTGTAT.1",3
"X1_AGGGCTCCAGGATGAC.1",8
"X1_AGGGCTCCAGTCAGCC.1",7
"X1_AGGGCTCCATCACCAA.1",7
"X1_AGGGCTCCATCATGAC.1",1000
"X1_AGGGCTCCATGATGCT.1",3
"X1_AGGGCTCGTAAGTTAG.1",4
"X1_AGGGCTCGTACGACAG.1",7
"X1_AGGGCTCGTGCGGCTT.1",1000
"X1_AGGGCTCGTGGGTATG.1",8
"X1_AGGGCTCGTGTCGATT.1",0
"X1_AGGGCTCGTTCAAGTC.1",1000
"X1_AGGGCTCTCAAGCGTT.1",1000
"X1_AGGGCTCTCAGTCAGT.1",7
"X1_AGGGCTCTCATTCATC.1",1000
"X1_AGGGCTCTCCAGTTCC.1",7
"X1_AGGGCTCTCCTCTTTC.1",7
"X1_AGGGCTCTCTGATGGT.1",1
"X1_AGGGCTCTCTGCATGA.1",5
"X1_AGGGTCCAGCTACGTT.1",0
"X1_AGGGTCCAGGGTTAAT.1",2
"X1_AGGGTCCAGGTCACTT.1",4
"X1_AGGGTCCAGGTCTGGA.1",1
"X1_AGGGTCCAGTAACGTA.1",1000
"X1_AGGGTCCCAAAGGGTC.1",4
"X1_AGGGTCCCAACAGCCC.1",1000
"X1_AGGGTCCCAAGGTCAG.1",1000
"X1_AGGGTCCCAATCCTAG.1",1000
"X1_AGGGTCCCACACCGCA.1",2
"X1_AGGGTCCCACCCAATA.1",1000
"X1_AGGGTCCCACCCTTAC.1",8
"X1_AGGGTCCCACGCTGTG.1",1000
"X1_AGGGTCCCACGGGTAA.1",1000
"X1_AGGGTCCCAGTTCTAG.1",1000
"X1_AGGGTCCCATGACGTT.1",1000
"X1_AGGGTCCCATGGATCT.1",4
"X1_AGGGTCCCATGTGTCA.1",1000
"X1_AGGGTCCCATTAGGAA.1",4
"X1_AGGGTCCGTAAGTTAG.1",1
"X1_AGGGTCCGTCAACACT.1",8
"X1_AGGGTCCGTCGACTGC.1",1000
"X1_AGGGTCCGTCGCATTA.1",1000
"X1_AGGGTCCGTCTGTTAG.1",8
"X1_AGGGTCCGTGCAGGAT.1",7
"X1_AGGGTCCGTGCGTCGT.1",4
"X1_AGGGTCCGTGTTCCAA.1",8
"X1_AGGGTCCGTTGTATGC.1",1000
"X1_AGGGTCCTCAAGGAGC.1",1
"X1_AGGGTCCTCCGTACGG.1",3
"X1_AGGGTCCTCCTTGGAA.1",4
"X1_AGGGTCCTCGTGCGAC.1",1000
"X1_AGGGTCCTCTGGGAGA.1",1000
"X1_AGGGTCCTCTGGGCGT.1",1000
"X1_AGGGTGAAGACTGGGT.1",1000
"X1_AGGGTGAAGAGTGACC.1",1000
"X1_AGGGTGAAGATTAGAC.1",8
"X1_AGGGTGAAGCGAACTG.1",7
"X1_AGGGTGAAGCTAGAAT.1",3
"X1_AGGGTGAAGGACAAGA.1",8
"X1_AGGGTGAAGGCTCTCG.1",0
"X1_AGGGTGACAATTGCAC.1",1000
"X1_AGGGTGACACTAACGT.1",8
"X1_AGGGTGACACTACTTT.1",8
"X1_AGGGTGACAGAGGCTA.1",8
"X1_AGGGTGACATTGTACG.1",8
"X1_AGGGTGAGTAACCAGG.1",1000
"X1_AGGGTGAGTAACGCGA.1",7
"X1_AGGGTGAGTAGCCCTG.1",0
"X1_AGGGTGAGTCAAAGAT.1",8
"X1_AGGGTGAGTCTGTGCG.1",5
"X1_AGGGTGAGTTCAATCG.1",4
"X1_AGGGTGAGTTGTGTTG.1",3
"X1_AGGGTGATCAACGCTA.1",3
"X1_AGGGTGATCACTTTGT.1",7
"X1_AGGGTGATCCTAGCCT.1",6
"X1_AGGGTGATCGAGTGGA.1",4
"X1_AGGGTGATCGGTAGAG.1",1
"X1_AGGGTGATCGTTTACT.1",7
"X1_AGGGTGATCTAGATCG.1",1000
"X1_AGGGTGATCTCAATCT.1",1000
"X1_AGGGTGATCTTCTAAC.1",1000
"X1_AGGGTGATCTTGTTAC.1",3
"X1_AGGGTTTAGAAGCCTG.1",4
"X1_AGGGTTTAGACTCATC.1",6
"X1_AGGGTTTAGACTTCCA.1",7
"X1_AGGGTTTAGAGGGTAA.1",4
"X1_AGGGTTTAGAGGTATT.1",4
"X1_AGGGTTTAGATCCGAG.1",5
"X1_AGGGTTTAGATCGCCC.1",4
"X1_AGGGTTTAGATTGATG.1",1000
"X1_AGGGTTTAGCCATTCA.1",4
"X1_AGGGTTTAGCCGAATG.1",6
"X1_AGGGTTTAGGCCTTGC.1",1000
"X1_AGGGTTTAGGCTTAAA.1",8
"X1_AGGGTTTAGGGCTAAC.1",7
"X1_AGGGTTTAGGTATCTC.1",1000
"X1_AGGGTTTAGTCGTCTA.1",1000
"X1_AGGGTTTAGTGTTCCA.1",1000
"X1_AGGGTTTCAAGTTGGG.1",1000
"X1_AGGGTTTCAATACCCA.1",1000
"X1_AGGGTTTCACAGGATG.1",7
"X1_AGGGTTTCACCGTGAC.1",3
"X1_AGGGTTTCACGGAAGT.1",8
"X1_AGGGTTTCACTTACAG.1",4
"X1_AGGGTTTCAGTCGGTC.1",7
"X1_AGGGTTTGTAGACTGG.1",7
"X1_AGGGTTTGTCCAACGC.1",5
"X1_AGGGTTTGTCGAGCTC.1",1000
"X1_AGGGTTTGTCGGCTAC.1",1000
"X1_AGGGTTTGTCGTTATG.1",5
"X1_AGGGTTTGTGGTGATG.1",8
"X1_AGGGTTTGTTAGTCGT.1",3
"X1_AGGGTTTGTTATCTTC.1",8
"X1_AGGGTTTGTTCAGGTT.1",8
"X1_AGGGTTTGTTGCGGCT.1",1000
"X1_AGGGTTTGTTTCGACA.1",4
"X1_AGGGTTTTCAACGAGG.1",6
"X1_AGGGTTTTCCAACTAG.1",1000
"X1_AGGGTTTTCCATAAGC.1",1000
"X1_AGGGTTTTCGCAGAGA.1",8
"X1_AGGGTTTTCGTCTACC.1",4
"X1_AGGTAGGAGAATCTAG.1",3
"X1_AGGTAGGAGAGCTTTC.1",6
"X1_AGGTAGGAGATGACAT.1",7
"X1_AGGTAGGAGCGACTGA.1",2
"X1_AGGTAGGAGCTGAGCA.1",1000
"X1_AGGTAGGAGCTTAAGA.1",8
"X1_AGGTAGGAGCTTCTAG.1",1
"X1_AGGTAGGAGTACCATC.1",6
"X1_AGGTAGGAGTTTAGGA.1",2
"X1_AGGTAGGCAAAGAACT.1",1000
"X1_AGGTAGGCAACCGTGC.1",3
"X1_AGGTAGGCACCTCAGG.1",3
"X1_AGGTAGGCAGAACTAA.1",1
"X1_AGGTAGGCAGAGTCTT.1",1000
"X1_AGGTAGGCAGATTTCG.1",1
"X1_AGGTAGGCAGCGGATA.1",1000
"X1_AGGTAGGCAGGATCTT.1",3
"X1_AGGTAGGCAGGTAGTG.1",7
"X1_AGGTAGGCAGTCGTTA.1",8
"X1_AGGTAGGCATTGCCTC.1",5
"X1_AGGTAGGGTACAAAGT.1",6
"X1_AGGTAGGGTGACACGA.1",7
"X1_AGGTAGGGTTCCGTTC.1",1000
"X1_AGGTAGGGTTTGGCTA.1",1000
"X1_AGGTAGGTCACCTCTG.1",6
"X1_AGGTAGGTCCATTGTT.1",4
"X1_AGGTAGGTCCTGCCAT.1",3
"X1_AGGTAGGTCGGTAGGA.1",1000
"X1_AGGTAGGTCGTGCGAC.1",7
"X1_AGGTAGGTCGTTAGAC.1",7
"X1_AGGTAGGTCTACCCAC.1",1
"X1_AGGTAGGTCTAGCCAA.1",1
"X1_AGGTCATAGAGCCGAT.1",4
"X1_AGGTCATAGAGGATGA.1",4
"X1_AGGTCATAGCATGCGA.1",8
"X1_AGGTCATAGGGACTGT.1",7
"X1_AGGTCATAGGTGCTGA.1",5
"X1_AGGTCATAGGTTGAGC.1",7
"X1_AGGTCATAGTAGCAAT.1",1000
"X1_AGGTCATCAACAGAGC.1",2
"X1_AGGTCATCAACGTAAA.1",4
"X1_AGGTCATCAAGCTACT.1",7
"X1_AGGTCATCAATCCAGT.1",0
"X1_AGGTCATCAATCGCAT.1",5
"X1_AGGTCATCAATGGCAG.1",1000
"X1_AGGTCATCAATGTGGG.1",0
"X1_AGGTCATCACACAGAG.1",1000
"X1_AGGTCATCACACTTAG.1",7
"X1_AGGTCATCACGCAGTC.1",7
"X1_AGGTCATCAGGAACCA.1",3
"X1_AGGTCATCAGGCGTTC.1",1
"X1_AGGTCATGTACCAATC.1",8
"X1_AGGTCATGTACTGCGC.1",8
"X1_AGGTCATGTATCGTTG.1",1000
"X1_AGGTCATGTCCAAATC.1",1000
"X1_AGGTCATGTCCACAGC.1",7
"X1_AGGTCATGTCCGGTGT.1",1
"X1_AGGTCATGTCGTTTCC.1",1
"X1_AGGTCATGTCTCCCTA.1",1000
"X1_AGGTCATGTGACTGTT.1",8
"X1_AGGTCATGTGTTCCAA.1",1000
"X1_AGGTCATGTTTCGATG.1",1000
"X1_AGGTCATGTTTGGCTA.1",6
"X1_AGGTCATTCACGATAC.1",4
"X1_AGGTCATTCAGGACGA.1",7
"X1_AGGTCATTCCCGTAAA.1",0
"X1_AGGTCATTCCTTATCA.1",4
"X1_AGGTCATTCGCTGACG.1",1000
"X1_AGGTCTAAGAATCGTA.1",8
"X1_AGGTCTAAGACCAAAT.1",8
"X1_AGGTCTAAGACTTAAG.1",7
"X1_AGGTCTAAGAGTGTTA.1",8
"X1_AGGTCTAAGATAGGGA.1",1000
"X1_AGGTCTAAGGCCACTC.1",7
"X1_AGGTCTAAGTCCGCGT.1",3
"X1_AGGTCTAAGTTCCAGT.1",5
"X1_AGGTCTACAAACTCTG.1",7
"X1_AGGTCTACAAATCCCA.1",3
"X1_AGGTCTACAAGGTACG.1",4
"X1_AGGTCTACAGAGTCAG.1",1
"X1_AGGTCTACATCCTTGC.1",3
"X1_AGGTCTAGTACTCGTA.1",1000
"X1_AGGTCTAGTATCGTAC.1",1
"X1_AGGTCTAGTCGTCTCT.1",4
"X1_AGGTCTAGTCGTGATT.1",1
"X1_AGGTCTAGTCTAACTG.1",4
"X1_AGGTCTAGTGAACTAA.1",1000
"X1_AGGTCTAGTTATCTGG.1",1000
"X1_AGGTCTAGTTTACCAG.1",3
"X1_AGGTCTAGTTTGGAGG.1",6
"X1_AGGTCTATCAAAGCCT.1",4
"X1_AGGTCTATCACCTTGC.1",8
"X1_AGGTCTATCATGGATC.1",7
"X1_AGGTCTATCCCTCTCC.1",1000
"X1_AGGTCTATCGACGCGT.1",7
"X1_AGGTCTATCGCTTAAG.1",8
"X1_AGGTCTATCGTTCATT.1",1000
"X1_AGGTCTATCTCGCCTA.1",4
"X1_AGGTGTTAGACCATAA.1",4
"X1_AGGTGTTAGATAGTCA.1",1000
"X1_AGGTGTTAGCAGCCCT.1",5
"X1_AGGTGTTAGCCGTTGC.1",7
"X1_AGGTGTTAGCTAGAGC.1",3
"X1_AGGTGTTAGGACACTG.1",4
"X1_AGGTGTTAGGATACAT.1",1000
"X1_AGGTGTTAGTCGAATA.1",1000
"X1_AGGTGTTCAACAAAGT.1",3
"X1_AGGTGTTCAACACGTT.1",4
"X1_AGGTGTTCAACGGGTA.1",8
"X1_AGGTGTTCAACGGTAG.1",3
"X1_AGGTGTTCACAGAGAC.1",1000
"X1_AGGTGTTCACCGAATT.1",7
"X1_AGGTGTTCACTCATAG.1",6
"X1_AGGTGTTCAGCTCTGG.1",4
"X1_AGGTGTTCAGTTCTAG.1",8
"X1_AGGTGTTCATTGGATC.1",2
"X1_AGGTGTTGTACAGTTC.1",8
"X1_AGGTGTTGTACGTAGG.1",4
"X1_AGGTGTTGTCCACTCT.1",0
"X1_AGGTGTTGTCCCGCAA.1",8
"X1_AGGTGTTGTCTGATAC.1",3
"X1_AGGTGTTGTGCTCTCT.1",8
"X1_AGGTGTTGTGGACCTC.1",8
"X1_AGGTGTTGTTCCCAAA.1",8
"X1_AGGTGTTGTTTGGGTT.1",1000
"X1_AGGTGTTTCAAACGTC.1",8
"X1_AGGTGTTTCACACCGG.1",3
"X1_AGGTGTTTCATCGCCT.1",7
"X1_AGGTGTTTCCCGTAAA.1",3
"X1_AGGTGTTTCCGCAGTG.1",1000
"X1_AGGTGTTTCGGCGATC.1",5
"X1_AGGTGTTTCGTCGGGT.1",4
"X1_AGGTGTTTCTCCCTAG.1",2
"X1_AGGTTACAGATGCGAC.1",1000
"X1_AGGTTACAGATGGTAT.1",8
"X1_AGGTTACAGCAATTAG.1",3
"X1_AGGTTACAGCGTCAGA.1",4
"X1_AGGTTACAGGCAGGGA.1",1000
"X1_AGGTTACAGTGTTCCA.1",8
"X1_AGGTTACCAATACCCA.1",7
"X1_AGGTTACCACAATGTC.1",7
"X1_AGGTTACCAGAAGTTA.1",8
"X1_AGGTTACCAGCAGAAC.1",4
"X1_AGGTTACCAGCGCTTG.1",0
"X1_AGGTTACCAGTGGGTA.1",6
"X1_AGGTTACGTCGCGGTT.1",0
"X1_AGGTTACGTGTCGATT.1",8
"X1_AGGTTACGTTCCACGG.1",1000
"X1_AGGTTACTCATTGAGC.1",1000
"X1_AGGTTACTCCATGATG.1",8
"X1_AGGTTACTCCGTGCGA.1",1000
"X1_AGGTTACTCGCCAATA.1",7
"X1_AGGTTACTCGCCTAGG.1",5
"X1_AGGTTACTCGGTCTGG.1",0
"X1_AGGTTACTCTCATTAC.1",1000
"X1_AGGTTACTCTTCTGTA.1",8
"X1_AGGTTACTCTTGCAAG.1",8
"X1_AGGTTGTAGATACTGA.1",1000
"X1_AGGTTGTAGCCTCAAT.1",3
"X1_AGGTTGTAGCTGCGAA.1",4
"X1_AGGTTGTAGCTTCGTA.1",1000
"X1_AGGTTGTAGGAGCTGT.1",8
"X1_AGGTTGTAGGATCACG.1",8
"X1_AGGTTGTAGGATTTAG.1",1000
"X1_AGGTTGTAGGGTCACA.1",2
"X1_AGGTTGTAGGTCGTCC.1",1000
"X1_AGGTTGTAGGTTACCT.1",7
"X1_AGGTTGTAGTGGAAAG.1",4
"X1_AGGTTGTCAACCGACC.1",1000
"X1_AGGTTGTCAAGCAGGT.1",3
"X1_AGGTTGTCAATCTCTT.1",3
"X1_AGGTTGTCACAAGCTT.1",8
"X1_AGGTTGTCACAGAGCA.1",1000
"X1_AGGTTGTCACTTTATC.1",8
"X1_AGGTTGTCAGGCAATG.1",5
"X1_AGGTTGTCAGTTCCAA.1",8
"X1_AGGTTGTCATGACAGG.1",1000
"X1_AGGTTGTCATGCCATA.1",4
"X1_AGGTTGTCATTAGGCT.1",6
"X1_AGGTTGTGTACAAGTA.1",1000
"X1_AGGTTGTGTCACATTG.1",4
"X1_AGGTTGTGTGACTAAA.1",1000
"X1_AGGTTGTGTTCATCTT.1",2
"X1_AGGTTGTGTTGCATCA.1",1
"X1_AGGTTGTGTTGTTTGG.1",5
"X1_AGGTTGTTCAACTGAC.1",4
"X1_AGGTTGTTCACGTCCT.1",1000
"X1_AGGTTGTTCGGAGTGA.1",3
"X1_AGGTTGTTCTCGACCT.1",1000
"X1_AGGTTGTTCTTACCAT.1",8
"X1_AGTAACCAGAACCGCA.1",7
"X1_AGTAACCAGGCAGCTA.1",7
"X1_AGTAACCAGGTCATTC.1",1000
"X1_AGTAACCAGTGGATTA.1",7
"X1_AGTAACCAGTTTGTCG.1",2
"X1_AGTAACCCAACACTAC.1",8
"X1_AGTAACCCAACAGCCC.1",7
"X1_AGTAACCCAAGCGAAC.1",7
"X1_AGTAACCCACCTGATA.1",6
"X1_AGTAACCCAGACACAG.1",3
"X1_AGTAACCCAGCGAACA.1",7
"X1_AGTAACCCAGTCAGTT.1",1000
"X1_AGTAACCCATAGCACT.1",5
"X1_AGTAACCGTATTTCGG.1",4
"X1_AGTAACCGTCTGTCCT.1",3
"X1_AGTAACCGTCTGTGTA.1",4
"X1_AGTAACCGTGACAGCA.1",8
"X1_AGTAACCGTGCCAAGA.1",1000
"X1_AGTAACCGTGGTACAG.1",1000
"X1_AGTAACCGTGTAGCAG.1",5
"X1_AGTAACCGTGTATTCG.1",8
"X1_AGTAACCTCAGCGCGT.1",1
"X1_AGTAACCTCGCAGATT.1",1000
"X1_AGTAACCTCGCTGCGA.1",6
"X1_AGTAACCTCGGAGCAA.1",8
"X1_AGTAACCTCGTAGTCA.1",8
"X1_AGTAACCTCTCCGAGG.1",8
"X1_AGTAACCTCTGGAGAG.1",1000
"X1_AGTACCAAGAAGTCCG.1",1000
"X1_AGTACCAAGAGAGAAC.1",1
"X1_AGTACCAAGCATGAAT.1",5
"X1_AGTACCAAGCCGGATA.1",1000
"X1_AGTACCAAGCGGACAT.1",6
"X1_AGTACCAAGCTGACTT.1",0
"X1_AGTACCAAGGTTCACT.1",3
"X1_AGTACCACAAGGTACG.1",4
"X1_AGTACCACAAGGTCAG.1",3
"X1_AGTACCACAGAAGTTA.1",7
"X1_AGTACCACAGCTTTGA.1",5
"X1_AGTACCACAGTCTCTC.1",1000
"X1_AGTACCACATATCTGG.1",2
"X1_AGTACCAGTAAGCTCT.1",1000
"X1_AGTACCAGTATTTCTC.1",1
"X1_AGTACCAGTCATAAAG.1",7
"X1_AGTACCAGTCATCTAG.1",1000
"X1_AGTACCAGTGAATGAT.1",0
"X1_AGTACCAGTGGCGCTT.1",4
"X1_AGTACCAGTTGTGTTG.1",8
"X1_AGTACCAGTTTGGAGG.1",7
"X1_AGTACCATCACTACTT.1",3
"X1_AGTACCATCATGGATC.1",4
"X1_AGTACCATCCGGACTG.1",7
"X1_AGTACCATCGACACCG.1",0
"X1_AGTACCATCGTAGGAG.1",6
"X1_AGTACTGAGACTGAGC.1",1000
"X1_AGTACTGAGCAAATCA.1",7
"X1_AGTACTGAGCAAGCCA.1",3
"X1_AGTACTGAGCTGTTCA.1",8
"X1_AGTACTGAGGTTAGTA.1",0
"X1_AGTACTGAGTAGGGTC.1",5
"X1_AGTACTGAGTCTACCA.1",5
"X1_AGTACTGCAAATAAGC.1",1
"X1_AGTACTGCAAGCAATA.1",1000
"X1_AGTACTGCAAGGCAAC.1",7
"X1_AGTACTGCAATTGCCA.1",5
"X1_AGTACTGCACATTCTT.1",1000
"X1_AGTACTGCACCTAAAC.1",1000
"X1_AGTACTGCAGGTTTAC.1",4
"X1_AGTACTGCATATCGGT.1",1000
"X1_AGTACTGCATCGATCA.1",1000
"X1_AGTACTGCATCTAGAC.1",1000
"X1_AGTACTGCATGACTGT.1",8
"X1_AGTACTGCATTGACAC.1",2
"X1_AGTACTGGTAACATCC.1",5
"X1_AGTACTGGTAAGAACT.1",8
"X1_AGTACTGGTATCGCTA.1",1
"X1_AGTACTGGTCGATTTG.1",8
"X1_AGTACTGGTCTCGACG.1",0
"X1_AGTACTGGTGCCTGCA.1",1
"X1_AGTACTGGTGCCTTCT.1",6
"X1_AGTACTGGTGCGACAA.1",1000
"X1_AGTACTGGTTTACGTG.1",8
"X1_AGTACTGTCAACCCGG.1",7
"X1_AGTACTGTCAAGCTGT.1",6
"X1_AGTACTGTCACAAGAA.1",1000
"X1_AGTACTGTCCGGTAAT.1",6
"X1_AGTACTGTCGCTACGG.1",3
"X1_AGTACTGTCGGTCGGT.1",8
"X1_AGTACTGTCGTAATGC.1",1000
"X1_AGTACTGTCGTGGACC.1",1000
"X1_AGTAGCTAGAATCGTA.1",1000
"X1_AGTAGCTAGACCCGCT.1",1000
"X1_AGTAGCTAGAGATCGC.1",3
"X1_AGTAGCTAGCCTCCAG.1",1000
"X1_AGTAGCTAGGCCTAAG.1",0
"X1_AGTAGCTAGGTACATA.1",1000
"X1_AGTAGCTAGGTGCCTC.1",7
"X1_AGTAGCTAGTCATTGC.1",7
"X1_AGTAGCTAGTGTACAA.1",4
"X1_AGTAGCTAGTTGAAGT.1",3
"X1_AGTAGCTAGTTGGCTT.1",8
"X1_AGTAGCTCAAGCGAGT.1",1000
"X1_AGTAGCTCAAGCGATG.1",8
"X1_AGTAGCTCAAGTGGCA.1",8
"X1_AGTAGCTCACCTGAAT.1",7
"X1_AGTAGCTCAGACCATT.1",2
"X1_AGTAGCTCAGACTGCC.1",3
"X1_AGTAGCTCAGCGTTGC.1",7
"X1_AGTAGCTCATAAGATG.1",1000
"X1_AGTAGCTCATCGATCA.1",1000
"X1_AGTAGCTGTAACAAGT.1",1000
"X1_AGTAGCTGTAAGCAAT.1",8
"X1_AGTAGCTGTAAGCTCT.1",4
"X1_AGTAGCTGTAAGTAGT.1",2
"X1_AGTAGCTGTATGACAA.1",8
"X1_AGTAGCTGTCAGATTC.1",7
"X1_AGTAGCTGTTAGAAAC.1",2
"X1_AGTAGCTGTTCAGCTA.1",1000
"X1_AGTAGCTGTTCGGTCG.1",4
"X1_AGTAGCTTCACTTCTA.1",8
"X1_AGTAGCTTCATCCCGT.1",1000
"X1_AGTAGCTTCCACGAAT.1",1000
"X1_AGTAGCTTCCACGGGT.1",8
"X1_AGTAGCTTCCGTGCGA.1",8
"X1_AGTAGCTTCGTGGAAG.1",1000
"X1_AGTAGCTTCGTGGGTC.1",8
"X1_AGTAGCTTCTACGCAA.1",1
"X1_AGTAGCTTCTCCGTGT.1",8
"X1_AGTAGCTTCTGTCGCT.1",1000
"X1_AGTAGTCAGAACGTGC.1",1000
"X1_AGTAGTCAGAACTCCT.1",3
"X1_AGTAGTCAGAAGCGAA.1",7
"X1_AGTAGTCAGACCCGCT.1",1
"X1_AGTAGTCAGAGAGGTA.1",4
"X1_AGTAGTCAGAGGCGGA.1",4
"X1_AGTAGTCAGATTACCC.1",5
"X1_AGTAGTCAGCATGAAT.1",7
"X1_AGTAGTCAGCGACCCT.1",7
"X1_AGTAGTCAGCTGTACT.1",4
"X1_AGTAGTCAGGTCCAGA.1",5
"X1_AGTAGTCAGTGGATTA.1",1000
"X1_AGTAGTCAGTTTCGGT.1",7
"X1_AGTAGTCCAACCCTCT.1",1000
"X1_AGTAGTCCAAGAGATT.1",3
"X1_AGTAGTCCAATGTTGC.1",7
"X1_AGTAGTCCAATTGAGA.1",7
"X1_AGTAGTCCACAAACGG.1",5
"X1_AGTAGTCCAGAGGCAT.1",7
"X1_AGTAGTCCAGCCTTCT.1",3
"X1_AGTAGTCCAGCTGAAG.1",7
"X1_AGTAGTCGTAAGAACT.1",1000
"X1_AGTAGTCGTAATGTGA.1",8
"X1_AGTAGTCGTAGCTTGT.1",1000
"X1_AGTAGTCGTATGATCC.1",1
"X1_AGTAGTCGTCACTCTC.1",5
"X1_AGTAGTCGTCTAACTG.1",2
"X1_AGTAGTCGTCTCACAA.1",7
"X1_AGTAGTCGTGCAGGAT.1",0
"X1_AGTAGTCGTGGTAATA.1",1000
"X1_AGTAGTCGTTCGAGCC.1",1
"X1_AGTAGTCTCATTCACT.1",2
"X1_AGTAGTCTCCGTGCGA.1",8
"X1_AGTAGTCTCGGCTGTG.1",7
"X1_AGTAGTCTCTGTGCAA.1",8
"X1_AGTCAACAGAAGGTAG.1",7
"X1_AGTCAACAGCACGGAT.1",3
"X1_AGTCAACAGCATCTTG.1",1000
"X1_AGTCAACAGCTGACTT.1",4
"X1_AGTCAACAGCTTTCCC.1",1000
"X1_AGTCAACAGGATGTTA.1",5
"X1_AGTCAACAGGTTGTTC.1",2
"X1_AGTCAACAGTCGGCCT.1",2
"X1_AGTCAACAGTCGTCTA.1",8
"X1_AGTCAACAGTTTGAGA.1",4
"X1_AGTCAACCAAAGGGTC.1",1000
"X1_AGTCAACCAAGGCTTT.1",1
"X1_AGTCAACCAATAAGGT.1",3
"X1_AGTCAACCACAGAGCA.1",4
"X1_AGTCAACCAGCCGTTG.1",8
"X1_AGTCAACCATTCTGTT.1",5
"X1_AGTCAACGTAATGCTC.1",7
"X1_AGTCAACGTACACGTT.1",4
"X1_AGTCAACGTACGTGTT.1",4
"X1_AGTCAACGTATCTCTT.1",8
"X1_AGTCAACGTTCCTAGA.1",5
"X1_AGTCAACTCGAATCCA.1",1000
"X1_AGTCAACTCGCTAAAC.1",8
"X1_AGTCAACTCGGATAAA.1",1000
"X1_AGTCAACTCGTCCTCA.1",8
"X1_AGTCAACTCGTTTACT.1",4
"X1_AGTCAACTCTTAAGGC.1",4
"X1_AGTCACAAGACGTCCC.1",8
"X1_AGTCACAAGCATGCAG.1",1000
"X1_AGTCACAAGGTTATAG.1",1000
"X1_AGTCACAAGTAGGAAG.1",1
"X1_AGTCACAAGTGGTCAG.1",4
"X1_AGTCACACAACACAGG.1",0
"X1_AGTCACACAAGACGGT.1",1000
"X1_AGTCACACAAGCAATA.1",8
"X1_AGTCACACACGGTGCT.1",1000
"X1_AGTCACACAGGACAGT.1",6
"X1_AGTCACAGTAAGGCTG.1",8
"X1_AGTCACAGTAATGCGG.1",7
"X1_AGTCACAGTACTCGCG.1",2
"X1_AGTCACAGTAGAAACT.1",6
"X1_AGTCACAGTAGCTTGT.1",7
"X1_AGTCACAGTAGTATAG.1",8
"X1_AGTCACAGTATCACGT.1",1000
"X1_AGTCACAGTCAAAGAT.1",1000
"X1_AGTCACAGTCACCTTC.1",7
"X1_AGTCACAGTCAGACTT.1",7
"X1_AGTCACAGTCGAACGA.1",8
"X1_AGTCACAGTCGGTGAA.1",7
"X1_AGTCACAGTGTGGACA.1",3
"X1_AGTCACAGTTAGAAAC.1",3
"X1_AGTCACAGTTCCAAAC.1",0
"X1_AGTCACAGTTGCAACT.1",1000
"X1_AGTCACAGTTGCTCGG.1",7
"X1_AGTCACAGTTGGCCTG.1",2
"X1_AGTCACAGTTGGGACA.1",7
"X1_AGTCACATCAAATGAG.1",1000
"X1_AGTCACATCAAATGCC.1",7
"X1_AGTCACATCAGTGTGT.1",1000
"X1_AGTCACATCCACTGAA.1",7
"X1_AGTCACATCGAGAACG.1",8
"X1_AGTCACATCTGGCCAG.1",3
"X1_AGTCATGAGAATTGTG.1",5
"X1_AGTCATGAGACCAGAC.1",0
"X1_AGTCATGAGACTACGG.1",4
"X1_AGTCATGAGAGAATCT.1",8
"X1_AGTCATGAGATAGGGA.1",5
"X1_AGTCATGAGCAGTAAT.1",4
"X1_AGTCATGAGCTGGCTC.1",1000
"X1_AGTCATGAGGACCCAA.1",1
"X1_AGTCATGAGGTCCAGA.1",8
"X1_AGTCATGAGTTGAAGT.1",2
"X1_AGTCATGAGTTTGTCG.1",4
"X1_AGTCATGCAACAGATA.1",1
"X1_AGTCATGCAACCCTCT.1",1000
"X1_AGTCATGCAAGGCCTC.1",8
"X1_AGTCATGCAATAACCC.1",7
"X1_AGTCATGCAGCGTTTA.1",8
"X1_AGTCATGCATCATCTT.1",8
"X1_AGTCATGCATCCGCGA.1",1000
"X1_AGTCATGCATCTTTCA.1",3
"X1_AGTCATGCATGATGCT.1",8
"X1_AGTCATGCATGGTGGA.1",8
"X1_AGTCATGGTACCAATC.1",1000
"X1_AGTCATGGTATACCTG.1",7
"X1_AGTCATGGTATTCCGA.1",1000
"X1_AGTCATGGTATTCTCT.1",8
"X1_AGTCATGGTCCACTCT.1",1000
"X1_AGTCATGGTCGGTAAG.1",8
"X1_AGTCATGGTTCTTGCC.1",8
"X1_AGTCATGTCAGACATC.1",4
"X1_AGTCATGTCAGCTGAT.1",6
"X1_AGTCATGTCATGGCCG.1",6
"X1_AGTCATGTCCACAAGT.1",4
"X1_AGTCATGTCGAAGTGG.1",3
"X1_AGTCATGTCGTGCGAC.1",1
"X1_AGTCATGTCTCGGGAC.1",1000
"X1_AGTCATGTCTGATTCT.1",1000
"X1_AGTCATGTCTTCCACG.1",6
"X1_AGTCTCCAGATCCCAT.1",8
"X1_AGTCTCCAGCACCCAC.1",6
"X1_AGTCTCCAGCGTCTGC.1",1
"X1_AGTCTCCAGGGAGTTC.1",1
"X1_AGTCTCCAGGGCAACT.1",5
"X1_AGTCTCCAGGTAACTA.1",4
"X1_AGTCTCCAGTGGAATT.1",1000
"X1_AGTCTCCAGTGGACTG.1",6
"X1_AGTCTCCAGTTTCTTC.1",6
"X1_AGTCTCCCAATGACCT.1",1000
"X1_AGTCTCCCAATGTTGC.1",8
"X1_AGTCTCCCACTTGTCC.1",8
"X1_AGTCTCCCAGGACAGT.1",1000
"X1_AGTCTCCCAGTCCCGA.1",7
"X1_AGTCTCCCATACCATG.1",6
"X1_AGTCTCCCATCGATAC.1",1000
"X1_AGTCTCCCATCGGCCA.1",8
"X1_AGTCTCCGTACCGTGC.1",1000
"X1_AGTCTCCGTAGTTAGA.1",1000
"X1_AGTCTCCGTATGAAAC.1",1000
"X1_AGTCTCCGTCACATTG.1",7
"X1_AGTCTCCGTCGTATTG.1",4
"X1_AGTCTCCGTGATCATC.1",8
"X1_AGTCTCCGTTAAACCC.1",1000
"X1_AGTCTCCGTTAAGGAT.1",1000
"X1_AGTCTCCTCAACTACG.1",1000
"X1_AGTCTCCTCGGTAGAG.1",1000
"X1_AGTCTCCTCGGTCACG.1",8
"X1_AGTCTCCTCTCATTAC.1",4
"X1_AGTGACTAGCATGCGA.1",1
"X1_AGTGACTAGGATATAC.1",8
"X1_AGTGACTAGTAGATCA.1",0
"X1_AGTGACTCAGAACTCT.1",0
"X1_AGTGACTGTAACATAG.1",8
"X1_AGTGACTGTAAGATAC.1",1000
"X1_AGTGACTGTACAAGCG.1",8
"X1_AGTGACTGTACGTTCA.1",1000
"X1_AGTGACTGTCATATGC.1",4
"X1_AGTGACTGTCTGTAGT.1",8
"X1_AGTGACTGTGGACCAA.1",1000
"X1_AGTGACTGTGGCTACC.1",1000
"X1_AGTGACTGTGTTAACC.1",7
"X1_AGTGACTTCAAACGAA.1",8
"X1_AGTGACTTCATGGTAC.1",7
"X1_AGTGACTTCCACTGAA.1",3
"X1_AGTGACTTCCCATTTA.1",2
"X1_AGTGACTTCCGTTGGG.1",4
"X1_AGTGACTTCCTAACAG.1",1
"X1_AGTGACTTCGGACTGC.1",5
"X1_AGTGACTTCGGTCGGT.1",1000
"X1_AGTGACTTCTACAGGT.1",1000
"X1_AGTGACTTCTGCGGGT.1",5
"X1_AGTGACTTCTTAAGGC.1",1000
"X1_AGTGATCAGAATCTAG.1",1000
"X1_AGTGATCAGAGGGTCT.1",4
"X1_AGTGATCAGCTAATCC.1",7
"X1_AGTGATCAGGTAAGAG.1",3
"X1_AGTGATCAGGTGGGTT.1",8
"X1_AGTGATCAGTAAAGCT.1",8
"X1_AGTGATCAGTAGAGTT.1",7
"X1_AGTGATCAGTCACTGT.1",7
"X1_AGTGATCAGTCCTGCG.1",0
"X1_AGTGATCCAAACACGG.1",1000
"X1_AGTGATCCAATTGTGC.1",4
"X1_AGTGATCCAGAGATTA.1",1000
"X1_AGTGATCCAGGTCCCA.1",1000
"X1_AGTGATCCAGTCGCAC.1",2
"X1_AGTGATCCAGTCTTCC.1",8
"X1_AGTGATCGTAATTAGG.1",4
"X1_AGTGATCGTCAGTTTG.1",7
"X1_AGTGATCGTGGATTTC.1",1000
"X1_AGTGATCGTTAGAGAT.1",1000
"X1_AGTGATCGTTGTGCCG.1",8
"X1_AGTGATCTCACCATCC.1",6
"X1_AGTGATCTCACCCATC.1",1
"X1_AGTGATCTCAGATTGC.1",8
"X1_AGTGATCTCATAGACC.1",8
"X1_AGTGATCTCCATTTAC.1",4
"X1_AGTGATCTCCCGAGTG.1",2
"X1_AGTGATCTCGAACCAT.1",1000
"X1_AGTGATCTCGCAGATT.1",8
"X1_AGTGATCTCTTACGGA.1",7
"X1_AGTGCCGAGACCGTTT.1",0
"X1_AGTGCCGAGAGCAGCT.1",3
"X1_AGTGCCGAGCAGAAAG.1",8
"X1_AGTGCCGAGTAGCCAG.1",2
"X1_AGTGCCGAGTCATCGT.1",7
"X1_AGTGCCGAGTTACGTC.1",8
"X1_AGTGCCGCAACCCTAA.1",4
"X1_AGTGCCGCAAGATCCT.1",1000
"X1_AGTGCCGCAATCTAGC.1",1
"X1_AGTGCCGCACGTTGGC.1",4
"X1_AGTGCCGCACTGGCGT.1",4
"X1_AGTGCCGCAGCTCATA.1",8
"X1_AGTGCCGCAGCTGTGC.1",8
"X1_AGTGCCGCAGCTGTTA.1",4
"X1_AGTGCCGCATAAGATG.1",5
"X1_AGTGCCGCATTCTGTT.1",7
"X1_AGTGCCGGTAATGATG.1",7
"X1_AGTGCCGGTACGGATG.1",1000
"X1_AGTGCCGGTCGCCTAG.1",4
"X1_AGTGCCGGTGGTATGG.1",1000
"X1_AGTGCCGGTTGCCAAT.1",5
"X1_AGTGCCGTCAACCTTT.1",1000
"X1_AGTGCCGTCCACGGAC.1",1000
"X1_AGTGCCGTCCATGCAA.1",7
"X1_AGTGCCGTCCCTTTGG.1",1000
"X1_AGTGCCGTCCTCCACA.1",8
"X1_AGTGCCGTCGAGTGAG.1",1000
"X1_AGTGCCGTCGCTACGG.1",1000
"X1_AGTGCCGTCGGTCTGG.1",6
"X1_AGTGCCGTCGTCTACC.1",1
"X1_AGTGCCGTCTGATGGT.1",7
"X1_AGTGTTGAGATGGTCG.1",8
"X1_AGTGTTGAGCAAATGT.1",6
"X1_AGTGTTGAGCATCGAG.1",4
"X1_AGTGTTGAGCGCCTCA.1",4
"X1_AGTGTTGAGCGCCTTG.1",6
"X1_AGTGTTGAGGAACGCT.1",3
"X1_AGTGTTGAGTCCGTCG.1",6
"X1_AGTGTTGAGTTCATGC.1",7
"X1_AGTGTTGCAACATCGT.1",7
"X1_AGTGTTGCAACTAGAA.1",1000
"X1_AGTGTTGCAAGCAGGT.1",2
"X1_AGTGTTGCAAGCGAAC.1",4
"X1_AGTGTTGCACCGTGAC.1",1000
"X1_AGTGTTGCACCTCAGG.1",1000
"X1_AGTGTTGCACGCACCA.1",1000
"X1_AGTGTTGCAGAACTAA.1",7
"X1_AGTGTTGCAGAGAGGG.1",7
"X1_AGTGTTGCAGCGAGTA.1",2
"X1_AGTGTTGCATACATCG.1",7
"X1_AGTGTTGCATCGGCCA.1",5
"X1_AGTGTTGCATTAGGCT.1",4
"X1_AGTGTTGGTAAGACCG.1",1000
"X1_AGTGTTGGTCCCTGTT.1",7
"X1_AGTGTTGGTCCTGAAT.1",7
"X1_AGTGTTGGTGTCATGT.1",6
"X1_AGTGTTGGTGTTCAGT.1",8
"X1_AGTGTTGGTTCGGCTG.1",8
"X1_AGTGTTGTCAACGCTA.1",7
"X1_AGTGTTGTCAAGTGTC.1",7
"X1_AGTGTTGTCCCTCATG.1",7
"X1_AGTGTTGTCCGGACGT.1",8
"X1_AGTGTTGTCGGAGCAA.1",1000
"X1_AGTGTTGTCGGCCTTT.1",3
"X1_AGTGTTGTCGTGTGGC.1",1000
"X1_AGTGTTGTCGTTGTGA.1",1000
"X1_AGTTAGCAGAAGAACG.1",3
"X1_AGTTAGCAGCATCCTA.1",4
"X1_AGTTAGCAGCTGACAG.1",4
"X1_AGTTAGCAGCTGCCTG.1",8
"X1_AGTTAGCAGGAACATT.1",2
"X1_AGTTAGCAGGATGTTA.1",1000
"X1_AGTTAGCAGGCTCTCG.1",4
"X1_AGTTAGCAGGGACACT.1",4
"X1_AGTTAGCAGGTACCTT.1",8
"X1_AGTTAGCCAAATGGCG.1",1000
"X1_AGTTAGCCAACGATCT.1",8
"X1_AGTTAGCCAATAACCC.1",8
"X1_AGTTAGCCACAACGTT.1",1000
"X1_AGTTAGCCACATGAAA.1",8
"X1_AGTTAGCCACATTCGA.1",1000
"X1_AGTTAGCCACTCACTC.1",2
"X1_AGTTAGCCACTGTGTA.1",5
"X1_AGTTAGCCAGTCAGAG.1",1000
"X1_AGTTAGCCAGTTAGGG.1",1
"X1_AGTTAGCCATACCACA.1",3
"X1_AGTTAGCCATGACGAG.1",8
"X1_AGTTAGCGTAATGCTC.1",5
"X1_AGTTAGCGTACTTCCC.1",5
"X1_AGTTAGCGTAGGTTTC.1",7
"X1_AGTTAGCGTATACCTG.1",1000
"X1_AGTTAGCGTCACGACC.1",1
"X1_AGTTAGCGTCTATGAC.1",4
"X1_AGTTAGCGTTCCCACT.1",3
"X1_AGTTAGCGTTCTCCCA.1",1
"X1_AGTTAGCGTTTCGGCG.1",0
"X1_AGTTAGCTCAACACCA.1",1000
"X1_AGTTAGCTCAAGTAAG.1",3
"X1_AGTTAGCTCAATCCAG.1",7
"X1_AGTTAGCTCACATACG.1",7
"X1_AGTTAGCTCACATCAG.1",7
"X1_AGTTAGCTCATCGCCT.1",3
"X1_AGTTAGCTCCATCGTC.1",1000
"X1_AGTTAGCTCCATTCAT.1",3
"X1_AGTTAGCTCCTCTAAT.1",2
"X1_AGTTAGCTCCTTCGAC.1",1000
"X1_AGTTAGCTCTGAGCAT.1",8
"X1_AGTTCCCAGACGAGCT.1",7
"X1_AGTTCCCAGAGCATTA.1",8
"X1_AGTTCCCAGCAGCACA.1",4
"X1_AGTTCCCAGCCATTTG.1",7
"X1_AGTTCCCAGGAAGAAC.1",8
"X1_AGTTCCCAGGCAGGTT.1",2
"X1_AGTTCCCAGGCCGCTT.1",7
"X1_AGTTCCCAGTACCCTA.1",7
"X1_AGTTCCCAGTCAGAGC.1",1000
"X1_AGTTCCCAGTCATCGT.1",4
"X1_AGTTCCCAGTCCCAAT.1",1000
"X1_AGTTCCCAGTTGGGAC.1",8
"X1_AGTTCCCCAACAGCTT.1",4
"X1_AGTTCCCCAAGACGGT.1",8
"X1_AGTTCCCCAAGTATAG.1",1000
"X1_AGTTCCCCAAGTCCCG.1",3
"X1_AGTTCCCCAATCGTCA.1",1000
"X1_AGTTCCCCACCCATAA.1",8
"X1_AGTTCCCCACCTCTGT.1",7
"X1_AGTTCCCCACCTGATA.1",1
"X1_AGTTCCCCACGTATAC.1",5
"X1_AGTTCCCCAGCTGTAT.1",8
"X1_AGTTCCCCAGTCTGGC.1",4
"X1_AGTTCCCCATCGGTTA.1",1000
"X1_AGTTCCCCATTGAGGG.1",1000
"X1_AGTTCCCGTCAACGCC.1",8
"X1_AGTTCCCGTCCATAGT.1",4
"X1_AGTTCCCGTCGAGTTT.1",8
"X1_AGTTCCCGTGAGACGT.1",8
"X1_AGTTCCCGTGGAACAC.1",5
"X1_AGTTCCCGTTAATGAG.1",3
"X1_AGTTCCCGTTTACGAC.1",1000
"X1_AGTTCCCTCGCATTGA.1",7
"X1_AGTTCCCTCGCCAACG.1",0
"X1_AGTTCCCTCGCTGTTC.1",3
"X1_AGTTCCCTCTACACAG.1",1000
"X1_AGTTCGAAGAGGGTCT.1",7
"X1_AGTTCGAAGCACACCC.1",1000
"X1_AGTTCGAAGCACCTGC.1",6
"X1_AGTTCGAAGCCACAAG.1",3
"X1_AGTTCGAAGCGGACAT.1",5
"X1_AGTTCGAAGGAATTAC.1",4
"X1_AGTTCGAAGGCATCTT.1",3
"X1_AGTTCGAAGGTTTGAA.1",8
"X1_AGTTCGAAGTAAACGT.1",1
"X1_AGTTCGAAGTCGAAGC.1",1000
"X1_AGTTCGAAGTGACCTT.1",8
"X1_AGTTCGAAGTTCATGC.1",8
"X1_AGTTCGACACCCAAGC.1",7
"X1_AGTTCGACACCGGAAA.1",1000
"X1_AGTTCGACACGTAACT.1",0
"X1_AGTTCGACAGCTACAT.1",5
"X1_AGTTCGACAGGACTAG.1",1
"X1_AGTTCGACATACTGAC.1",4
"X1_AGTTCGACATCGCCTT.1",7
"X1_AGTTCGACATGACACT.1",1000
"X1_AGTTCGAGTAAGCTCT.1",2
"X1_AGTTCGAGTACCACGC.1",1000
"X1_AGTTCGAGTAGTCTGT.1",8
"X1_AGTTCGAGTATGAAGT.1",1000
"X1_AGTTCGAGTCACGCTG.1",4
"X1_AGTTCGAGTCGCAACC.1",1000
"X1_AGTTCGAGTGATTAGA.1",1000
"X1_AGTTCGAGTGTCTAAC.1",6
"X1_AGTTCGAGTTGACTAC.1",1000
"X1_AGTTCGATCAAGTCTG.1",2
"X1_AGTTCGATCACAACCA.1",7
"X1_AGTTCGATCATCACTT.1",8
"X1_AGTTCGATCATGCCGG.1",2
"X1_AGTTCGATCCATCTAT.1",8
"X1_AGTTCGATCCCTCTAG.1",2
"X1_AGTTCGATCCGTGTAA.1",6
"X1_AGTTCGATCCTCTAAT.1",1000
"X1_AGTTCGATCGGCATAT.1",8
"X1_AGTTCGATCGGCATCG.1",1000
"X1_AGTTCGATCTAAGCCA.1",1000
"X1_AGTTCGATCTGGGCGT.1",1000
"X1_AGTTCGATCTTGTTAC.1",4
"X1_ATACCGAAGCACTCTA.1",7
"X1_ATACCGAAGCCTGAAG.1",6
"X1_ATACCGAAGGAGCAAA.1",2
"X1_ATACCGAAGTAATACG.1",4
"X1_ATACCGAAGTCATACC.1",4
"X1_ATACCGAAGTCGTTAC.1",1
"X1_ATACCGAAGTGGTGAC.1",4
"X1_ATACCGAAGTTCGCAT.1",1
"X1_ATACCGACAACACGAG.1",8
"X1_ATACCGACAATAGGAT.1",0
"X1_ATACCGACAATAGTCC.1",1000
"X1_ATACCGACACAAACGG.1",8
"X1_ATACCGACACCCAATA.1",1000
"X1_ATACCGACACCCTAGG.1",1000
"X1_ATACCGACACTGAGTT.1",1000
"X1_ATACCGACAGAGATTA.1",3
"X1_ATACCGACAGCAAGAC.1",3
"X1_ATACCGACATCCTAAG.1",8
"X1_ATACCGACATGACTGT.1",8
"X1_ATACCGAGTAGAGTTA.1",8
"X1_ATACCGAGTATAATGG.1",1000
"X1_ATACCGAGTATCCTTT.1",4
"X1_ATACCGAGTATGTCCA.1",7
"X1_ATACCGAGTCGAAGCA.1",4
"X1_ATACCGAGTCTGTCAA.1",1000
"X1_ATACCGAGTGAACGGT.1",3
"X1_ATACCGAGTGGCCACT.1",4
"X1_ATACCGAGTGGGACAT.1",7
"X1_ATACCGAGTTGACTAC.1",5
"X1_ATACCGATCACTCACC.1",4
"X1_ATACCGATCATACGGT.1",6
"X1_ATACCGATCCAACCGG.1",2
"X1_ATACCGATCCATCTGC.1",4
"X1_ATACCGATCCGAAATC.1",7
"X1_ATACCGATCGGTCTAA.1",1000
"X1_ATACCGATCTCTTAAC.1",5
"X1_ATACCTTAGAAGCTGC.1",6
"X1_ATACCTTAGTAATTGG.1",6
"X1_ATACCTTAGTGAGGTC.1",6
"X1_ATACCTTCAACTACGT.1",7
"X1_ATACCTTCACTGGACC.1",7
"X1_ATACCTTCAGCAGACA.1",4
"X1_ATACCTTCATACCATG.1",0
"X1_ATACCTTCATATCTCT.1",3
"X1_ATACCTTGTAACCAGG.1",6
"X1_ATACCTTGTACACTCA.1",8
"X1_ATACCTTGTACTTGTG.1",2
"X1_ATACCTTGTAGTCGTT.1",7
"X1_ATACCTTGTATCGGTT.1",3
"X1_ATACCTTGTCAACATC.1",7
"X1_ATACCTTGTCACTCTC.1",1000
"X1_ATACCTTGTCAGGAGT.1",7
"X1_ATACCTTGTCGGAAAC.1",8
"X1_ATACCTTGTGATATAG.1",3
"X1_ATACCTTGTTATCTGG.1",1000
"X1_ATACCTTGTTCTAACG.1",8
"X1_ATACCTTTCAACTACG.1",7
"X1_ATACCTTTCACAAGAA.1",7
"X1_ATACCTTTCACTAGCA.1",7
"X1_ATACCTTTCAGACCCG.1",4
"X1_ATACCTTTCATCGGGC.1",6
"X1_ATACCTTTCCCGAGGT.1",2
"X1_ATACCTTTCCTATTGT.1",1000
"X1_ATACCTTTCGTGTGAT.1",1000
"X1_ATACCTTTCTCATTGT.1",0
"X1_ATACTTCAGAACGTGC.1",1000
"X1_ATACTTCAGAGTAACT.1",7
"X1_ATACTTCAGCGGTAGT.1",3
"X1_ATACTTCAGGTTACCT.1",4
"X1_ATACTTCAGTGAGGTC.1",5
"X1_ATACTTCAGTGGTTCT.1",8
"X1_ATACTTCCAAGCGAAC.1",1000
"X1_ATACTTCCACTCGATA.1",2
"X1_ATACTTCCAGCCCAGT.1",1000
"X1_ATACTTCCAGCGACAA.1",8
"X1_ATACTTCCAGGTCCGT.1",1000
"X1_ATACTTCCAGTAGAGC.1",7
"X1_ATACTTCCATCGCTAA.1",7
"X1_ATACTTCGTACCAGAG.1",7
"X1_ATACTTCGTACCGGAA.1",7
"X1_ATACTTCGTATGCGGA.1",1
"X1_ATACTTCGTGACTGAG.1",8
"X1_ATACTTCGTGCATGAG.1",1000
"X1_ATACTTCGTGGGTCAA.1",2
"X1_ATACTTCGTTGCACGC.1",8
"X1_ATACTTCGTTGCCAAT.1",8
"X1_ATACTTCTCATGACAC.1",1000
"X1_ATACTTCTCCCATTTA.1",4
"X1_ATACTTCTCCGCGGAT.1",4
"X1_ATACTTCTCCTCTTTC.1",6
"X1_ATACTTCTCTAGAACC.1",1000
"X1_ATACTTCTCTCCGTGT.1",4
"X1_ATACTTCTCTCTCCGA.1",1
"X1_ATACTTCTCTGCGATA.1",4
"X1_ATACTTCTCTGGCCGA.1",6
"X1_ATAGACCAGACAAGCC.1",1000
"X1_ATAGACCAGACTAGAT.1",5
"X1_ATAGACCAGACTCCGC.1",8
"X1_ATAGACCAGACTGTTC.1",7
"X1_ATAGACCAGCGCACAA.1",8
"X1_ATAGACCAGGGAGGTG.1",8
"X1_ATAGACCAGTATGCAA.1",8
"X1_ATAGACCAGTGCGCTC.1",1000
"X1_ATAGACCAGTTGAATG.1",4
"X1_ATAGACCCAATGCAAA.1",8
"X1_ATAGACCCACACGGTC.1",8
"X1_ATAGACCCACCTGAAT.1",8
"X1_ATAGACCCACGAGGAT.1",6
"X1_ATAGACCCAGTAACCT.1",7
"X1_ATAGACCCATCGGTTA.1",7
"X1_ATAGACCGTATGACAA.1",1000
"X1_ATAGACCGTCACTTAG.1",7
"X1_ATAGACCGTCCGACGT.1",5
"X1_ATAGACCGTGACTATC.1",7
"X1_ATAGACCGTGCGGCTT.1",7
"X1_ATAGACCGTGCTAGCC.1",8
"X1_ATAGACCGTGTTCGTA.1",6
"X1_ATAGACCGTTATCTTC.1",7
"X1_ATAGACCGTTCTAAGC.1",1000
"X1_ATAGACCGTTGGACCC.1",5
"X1_ATAGACCGTTGTGTTG.1",8
"X1_ATAGACCGTTTAAGGA.1",3
"X1_ATAGACCTCAAGGTGG.1",3
"X1_ATAGACCTCCAGTACA.1",7
"X1_ATAGACCTCCCTTTGG.1",2
"X1_ATAGACCTCTACCACC.1",8
"X1_ATAGAGAAGATACGAT.1",5
"X1_ATAGAGAAGATGCTTC.1",8
"X1_ATAGAGAAGCGTGCTC.1",2
"X1_ATAGAGAAGCTCCCTT.1",1000
"X1_ATAGAGAAGCTTAAGA.1",1
"X1_ATAGAGAAGGCTGTAG.1",3
"X1_ATAGAGAAGGTGATCG.1",1000
"X1_ATAGAGAAGGTGCCAA.1",3
"X1_ATAGAGAAGGTTCACT.1",7
"X1_ATAGAGAAGTAAGAGG.1",1000
"X1_ATAGAGAAGTACCATC.1",8
"X1_ATAGAGACACAAATAG.1",1000
"X1_ATAGAGACACGAGAAC.1",3
"X1_ATAGAGACAGGCTTGC.1",7
"X1_ATAGAGACATCGATGT.1",1000
"X1_ATAGAGACATGGCTGC.1",4
"X1_ATAGAGAGTAACATAG.1",8
"X1_ATAGAGAGTAAGGAGA.1",1000
"X1_ATAGAGAGTAAGTAGT.1",8
"X1_ATAGAGAGTACGAGTG.1",1000
"X1_ATAGAGAGTAGTTCCA.1",1000
"X1_ATAGAGAGTCAGTCGC.1",5
"X1_ATAGAGAGTTATCTTC.1",1000
"X1_ATAGAGAGTTGTGGCC.1",2
"X1_ATAGAGATCACTACTT.1",4
"X1_ATAGAGATCCCTAGGG.1",7
"X1_ATAGAGATCCGTAGTA.1",8
"X1_ATAGAGATCGAATGCT.1",4
"X1_ATAGAGATCGAGAGCA.1",4
"X1_ATAGAGATCGATGCAT.1",4
"X1_ATAGAGATCGGCATCG.1",4
"X1_ATAGAGATCTAGTTCT.1",8
"X1_ATAGAGATCTCCATAT.1",7
"X1_ATAGGCTAGACTGGGT.1",4
"X1_ATAGGCTAGGTCCCTG.1",4
"X1_ATAGGCTAGGTTATAG.1",1000
"X1_ATAGGCTAGTCACGAG.1",4
"X1_ATAGGCTCAATAGTCC.1",8
"X1_ATAGGCTCACAAGCTT.1",8
"X1_ATAGGCTCACCCTTGT.1",7
"X1_ATAGGCTCAGACACCC.1",1000
"X1_ATAGGCTCAGACTGCC.1",4
"X1_ATAGGCTGTACCTAGT.1",5
"X1_ATAGGCTGTACGTTCA.1",2
"X1_ATAGGCTGTATAGGAT.1",6
"X1_ATAGGCTGTCAAGGCA.1",8
"X1_ATAGGCTGTCATTCCC.1",2
"X1_ATAGGCTGTGCCAAGA.1",2
"X1_ATAGGCTGTGCCCACA.1",8
"X1_ATAGGCTTCACGATCA.1",1000
"X1_ATAGGCTTCATCTGTT.1",2
"X1_ATAGGCTTCATTTGCT.1",1000
"X1_ATAGGCTTCCATTCAT.1",8
"X1_ATAGGCTTCCCGTTCA.1",6
"X1_ATAGGCTTCTAGCATG.1",3
"X1_ATAGGCTTCTCCTGAC.1",7
"X1_ATAGGCTTCTCTGCTG.1",1000
"X1_ATAGGCTTCTGTGCTC.1",7
"X1_ATAGGCTTCTTTCAGT.1",1
"X1_ATATCCTAGAAACTGT.1",8
"X1_ATATCCTAGAATCTAG.1",7
"X1_ATATCCTAGCCGTTGC.1",1000
"X1_ATATCCTAGGACAAGA.1",6
"X1_ATATCCTAGGTAGATT.1",8
"X1_ATATCCTAGTAGCAAT.1",5
"X1_ATATCCTAGTATGACA.1",4
"X1_ATATCCTAGTCACACT.1",8
"X1_ATATCCTAGTTTGCTG.1",5
"X1_ATATCCTCAAAGCAAT.1",8
"X1_ATATCCTCAATCCTTT.1",0
"X1_ATATCCTCAATTAGGA.1",1000
"X1_ATATCCTCACAACGCC.1",1
"X1_ATATCCTCACATATGC.1",8
"X1_ATATCCTCACCTCAGG.1",4
"X1_ATATCCTCACGAGGTA.1",7
"X1_ATATCCTCACTCAAGT.1",7
"X1_ATATCCTCAGATTTCG.1",6
"X1_ATATCCTCAGCCATTA.1",6
"X1_ATATCCTCATCGGAAG.1",3
"X1_ATATCCTGTAGTCTTG.1",5
"X1_ATATCCTGTATCACCA.1",1
"X1_ATATCCTGTCCAGTTA.1",2
"X1_ATATCCTGTCCCGCAA.1",6
"X1_ATATCCTGTCCTACGG.1",1000
"X1_ATATCCTGTCGCATTA.1",8
"X1_ATATCCTGTCTGTCCT.1",1
"X1_ATATCCTGTGTACATC.1",1000
"X1_ATATCCTGTTTCGATG.1",8
"X1_ATATCCTTCAAACCCA.1",5
"X1_ATATCCTTCCAAGGGA.1",1000
"X1_ATATCCTTCGACACCG.1",1000
"X1_ATATCCTTCGGAGCAA.1",1000
"X1_ATATCCTTCTGTGCGG.1",1000
"X1_ATCACAGAGAATTGTG.1",4
"X1_ATCACAGAGACGAAGA.1",0
"X1_ATCACAGAGCGACAGT.1",8
"X1_ATCACAGAGGGCCAAT.1",7
"X1_ATCACAGAGTCGGGAT.1",4
"X1_ATCACAGAGTGCGACA.1",8
"X1_ATCACAGAGTGCTACT.1",3
"X1_ATCACAGAGTGTTGTC.1",4
"X1_ATCACAGAGTTGCTGT.1",8
"X1_ATCACAGCAAAGCGTG.1",1000
"X1_ATCACAGCAAATCGTC.1",6
"X1_ATCACAGCACAAATCC.1",3
"X1_ATCACAGCACCATAAC.1",0
"X1_ATCACAGCACTACAGT.1",4
"X1_ATCACAGCAGCAGATG.1",2
"X1_ATCACAGCATCTCATT.1",6
"X1_ATCACAGCATTCCTAT.1",1000
"X1_ATCACAGCATTCTGTT.1",3
"X1_ATCACAGGTAACAAGT.1",8
"X1_ATCACAGGTAGACTGG.1",8
"X1_ATCACAGGTAGATTGA.1",4
"X1_ATCACAGGTAGCGTCC.1",4
"X1_ATCACAGGTCACTCGG.1",8
"X1_ATCACAGGTCGTATTG.1",7
"X1_ATCACAGGTCTCTCTG.1",1000
"X1_ATCACAGGTGCGGTAA.1",1
"X1_ATCACAGGTGGCTTGC.1",1000
"X1_ATCACAGGTTCTTAGG.1",8
"X1_ATCACAGGTTTACGAC.1",1000
"X1_ATCACAGTCATGGGAG.1",3
"X1_ATCACAGTCCTACGAA.1",3
"X1_ATCACAGTCGGAATTC.1",4
"X1_ATCACAGTCTAAACGC.1",1000
"X1_ATCACAGTCTTCCAGC.1",1000
"X1_ATCACGAAGCAACTTC.1",1000
"X1_ATCACGAAGCGTTAGG.1",5
"X1_ATCACGACAAAGGCTG.1",1000
"X1_ATCACGACAAAGGTTA.1",8
"X1_ATCACGACAACGGGTA.1",7
"X1_ATCACGACACCTCAGG.1",7
"X1_ATCACGACACTATCCC.1",4
"X1_ATCACGACAGCACAGA.1",1000
"X1_ATCACGACAGCATGCC.1",1000
"X1_ATCACGACAGCTACCG.1",8
"X1_ATCACGACAGGGCTTC.1",2
"X1_ATCACGACAGGTGTGA.1",8
"X1_ATCACGACATGGCTGC.1",7
"X1_ATCACGAGTACCGGAA.1",4
"X1_ATCACGAGTACTGCCG.1",7
"X1_ATCACGAGTAGTCACT.1",1000
"X1_ATCACGAGTCCTCCTA.1",6
"X1_ATCACGAGTGCTCTCT.1",4
"X1_ATCACGAGTGGGATTG.1",4
"X1_ATCACGAGTTACCTTT.1",1000
"X1_ATCACGAGTTCAAAGA.1",7
"X1_ATCACGAGTTGGGAAC.1",8
"X1_ATCACGATCAGACATC.1",1000
"X1_ATCACGATCATCGCCT.1",7
"X1_ATCACGATCATTCACT.1",4
"X1_ATCACGATCCAAGCAT.1",2
"X1_ATCACGATCCATACTT.1",0
"X1_ATCACGATCCGAAGGA.1",4
"X1_ATCACGATCCGGCTTT.1",5
"X1_ATCACGATCGCAACAT.1",8
"X1_ATCACGATCGGTCAGC.1",8
"X1_ATCACGATCTATTGTC.1",2
"X1_ATCACGATCTCGCTTG.1",2
"X1_ATCACGATCTTGCAAG.1",1000
"X1_ATCACTTAGACGCCCT.1",1000
"X1_ATCACTTAGATTCGAA.1",1
"X1_ATCACTTAGCCTCACG.1",1
"X1_ATCACTTAGCGTGCCT.1",1000
"X1_ATCACTTAGCTAGATA.1",8
"X1_ATCACTTAGGACAAGA.1",4
"X1_ATCACTTAGGACATCG.1",5
"X1_ATCACTTAGGATGGCT.1",7
"X1_ATCACTTAGGCTGAAC.1",1000
"X1_ATCACTTAGTGCAGGT.1",5
"X1_ATCACTTCACAGTCGC.1",1000
"X1_ATCACTTCACATGAAA.1",7
"X1_ATCACTTCACGAGGTA.1",1000
"X1_ATCACTTCACGGTGTC.1",7
"X1_ATCACTTCACTGTCCT.1",8
"X1_ATCACTTCAGGCGTTC.1",1000
"X1_ATCACTTCATAACCCA.1",1000
"X1_ATCACTTCATACTGAC.1",1000
"X1_ATCACTTGTAGTCGGA.1",5
"X1_ATCACTTGTCATGGCC.1",7
"X1_ATCACTTGTCGTATGT.1",8
"X1_ATCACTTGTGCATTAC.1",7
"X1_ATCACTTGTGCGGTAA.1",4
"X1_ATCACTTGTGGTCCGT.1",3
"X1_ATCACTTGTTAACCTG.1",6
"X1_ATCACTTGTTAGGGTG.1",1000
"X1_ATCACTTGTTCCAAAC.1",5
"X1_ATCACTTGTTGTAGCT.1",8
"X1_ATCACTTGTTTCGCTC.1",1000
"X1_ATCACTTTCAGCTAGT.1",0
"X1_ATCACTTTCATTACGG.1",4
"X1_ATCACTTTCGTACACA.1",3
"X1_ATCACTTTCTAGTTCT.1",1000
"X1_ATCACTTTCTCCAATT.1",1000
"X1_ATCACTTTCTGAGTCA.1",1000
"X1_ATCAGGTAGAATCGCG.1",7
"X1_ATCAGGTAGACCAACG.1",4
"X1_ATCAGGTAGACTCGAG.1",1000
"X1_ATCAGGTAGAGAGAAC.1",8
"X1_ATCAGGTAGCCTCAAT.1",1000
"X1_ATCAGGTAGGCATGGT.1",3
"X1_ATCAGGTAGGCGTTAG.1",0
"X1_ATCAGGTAGTCGAAAT.1",4
"X1_ATCAGGTAGTGACCTT.1",4
"X1_ATCAGGTCAAACTAAG.1",5
"X1_ATCAGGTCAACAGCCC.1",1000
"X1_ATCAGGTCACGTCATA.1",2
"X1_ATCAGGTCACGTGTGC.1",8
"X1_ATCAGGTCAGGTGGAT.1",1000
"X1_ATCAGGTCATACTGTG.1",3
"X1_ATCAGGTCATAGTCGT.1",4
"X1_ATCAGGTCATCGTCCT.1",4
"X1_ATCAGGTGTACGACTT.1",4
"X1_ATCAGGTGTAGATCGG.1",1000
"X1_ATCAGGTGTCGGATTT.1",1000
"X1_ATCAGGTGTCGTCGGT.1",6
"X1_ATCAGGTGTCTATGAC.1",7
"X1_ATCAGGTGTGAAGCGT.1",1
"X1_ATCAGGTGTGAATATG.1",1
"X1_ATCAGGTGTGGAACAC.1",1000
"X1_ATCAGGTGTGGACCAA.1",1000
"X1_ATCAGGTGTTATAGCC.1",8
"X1_ATCAGGTGTTATGTGC.1",2
"X1_ATCAGGTGTTGACGGA.1",1000
"X1_ATCAGGTGTTTGAAAG.1",2
"X1_ATCAGGTTCACCTACC.1",1000
"X1_ATCAGGTTCAGAGTTC.1",8
"X1_ATCAGGTTCAGGTAAA.1",2
"X1_ATCAGGTTCATGGCCG.1",7
"X1_ATCAGGTTCCACTGGG.1",7
"X1_ATCAGGTTCCCAAGCG.1",7
"X1_ATCAGGTTCGATTGGT.1",8
"X1_ATCAGGTTCTAGCATG.1",8
"X1_ATCAGGTTCTCCTGCA.1",5
"X1_ATCAGGTTCTGAGATC.1",7
"X1_ATCAGGTTCTGAGGTT.1",7
"X1_ATCATTCAGATCCTAC.1",6
"X1_ATCATTCAGCAGGGAG.1",1000
"X1_ATCATTCAGCCGTTAT.1",8
"X1_ATCATTCAGGACAGCT.1",3
"X1_ATCATTCAGGAGATAG.1",8
"X1_ATCATTCAGTATCTGC.1",7
"X1_ATCATTCCAACTGGTT.1",8
"X1_ATCATTCCAAGATTGA.1",6
"X1_ATCATTCCAATGCAGG.1",7
"X1_ATCATTCCAATTCTCT.1",7
"X1_ATCATTCCAATTGCTG.1",1000
"X1_ATCATTCCACCTGCGA.1",4
"X1_ATCATTCCACTCAGAT.1",4
"X1_ATCATTCCAGACCGCT.1",4
"X1_ATCATTCCAGCTTCGG.1",8
"X1_ATCATTCCATCGGAAG.1",8
"X1_ATCATTCCATGCCGAC.1",1000
"X1_ATCATTCCATGTACGT.1",6
"X1_ATCATTCGTAACAGTA.1",5
"X1_ATCATTCGTAATCAAG.1",4
"X1_ATCATTCGTACAAGCG.1",2
"X1_ATCATTCGTATAGGAT.1",1000
"X1_ATCATTCGTATCTTCT.1",6
"X1_ATCATTCGTCGGAAAC.1",4
"X1_ATCATTCGTCGTCTCT.1",1000
"X1_ATCATTCGTTAAGCAA.1",4
"X1_ATCATTCGTTCAGCGC.1",7
"X1_ATCATTCGTTCAGCTA.1",1000
"X1_ATCATTCGTTGGCCGT.1",7
"X1_ATCATTCTCACCCTCA.1",7
"X1_ATCATTCTCCACAGGC.1",6
"X1_ATCATTCTCCTTCAGC.1",1000
"X1_ATCATTCTCGCAAGAG.1",1000
"X1_ATCATTCTCGCGCCAA.1",4
"X1_ATCATTCTCGGCCTTT.1",1000
"X1_ATCATTCTCTCGACGG.1",4
"X1_ATCCACCAGAGCAGAA.1",1000
"X1_ATCCACCAGAGGATCC.1",0
"X1_ATCCACCAGCAACAGC.1",4
"X1_ATCCACCAGCGAAACC.1",3
"X1_ATCCACCAGGCATCGA.1",4
"X1_ATCCACCCAAGGATGC.1",7
"X1_ATCCACCCAAGTTCGT.1",7
"X1_ATCCACCCACAGCGCT.1",1000
"X1_ATCCACCCAGCTACTA.1",3
"X1_ATCCACCCAGCTTCGG.1",1000
"X1_ATCCACCCAGGACATG.1",1000
"X1_ATCCACCCAGGACTTT.1",8
"X1_ATCCACCCAGGCACAA.1",7
"X1_ATCCACCCATCAGCAT.1",7
"X1_ATCCACCCATGAATCC.1",0
"X1_ATCCACCGTAGAATAC.1",1000
"X1_ATCCACCGTAGAGCTG.1",4
"X1_ATCCACCGTCGTTCAA.1",4
"X1_ATCCACCGTCTTTCTA.1",4
"X1_ATCCACCGTGGTTTGT.1",8
"X1_ATCCACCGTGTAGTGG.1",8
"X1_ATCCACCTCAAAGAAC.1",4
"X1_ATCCACCTCAAGCCAT.1",1
"X1_ATCCACCTCAAGCTTG.1",3
"X1_ATCCACCTCAGGTGTT.1",1000
"X1_ATCCACCTCAGTCACA.1",5
"X1_ATCCACCTCCAACTAG.1",6
"X1_ATCCACCTCCGCTGTT.1",1000
"X1_ATCCACCTCCTACCAC.1",8
"X1_ATCCACCTCCTCTGCA.1",8
"X1_ATCCACCTCGCTGCGA.1",8
"X1_ATCCACCTCGTGCTCT.1",1000
"X1_ATCCACCTCTAGGCCG.1",7
"X1_ATCCACCTCTATTTCG.1",7
"X1_ATCCATTAGAAACCCG.1",3
"X1_ATCCATTAGAGTCACG.1",8
"X1_ATCCATTAGCTAGAAT.1",3
"X1_ATCCATTAGCTCGCAC.1",8
"X1_ATCCATTAGCTTCATG.1",4
"X1_ATCCATTAGTCGCCCA.1",7
"X1_ATCCATTAGTGACCTT.1",8
"X1_ATCCATTAGTGCAGGT.1",6
"X1_ATCCATTCAAAGGATT.1",0
"X1_ATCCATTCAAGGCAAC.1",1000
"X1_ATCCATTCAAGTATAG.1",7
"X1_ATCCATTCACATTCTT.1",1000
"X1_ATCCATTCACCGCTGA.1",4
"X1_ATCCATTCACGCTATA.1",8
"X1_ATCCATTCAGAAGCGT.1",6
"X1_ATCCATTCAGAGGCAT.1",2
"X1_ATCCATTCAGAGTAAT.1",7
"X1_ATCCATTCATGAATAG.1",8
"X1_ATCCATTGTACTGAGG.1",8
"X1_ATCCATTGTATAATGG.1",1000
"X1_ATCCATTGTCCTGTTC.1",1000
"X1_ATCCATTGTCTTTATC.1",4
"X1_ATCCATTGTGGCACTC.1",1000
"X1_ATCCATTGTTATGGTC.1",4
"X1_ATCCATTTCAAACCTG.1",6
"X1_ATCCATTTCCTCACTG.1",6
"X1_ATCCATTTCGCGCTGA.1",1000
"X1_ATCCCTGAGACCGCCT.1",1000
"X1_ATCCCTGAGCCTCAAT.1",4
"X1_ATCCCTGAGCGTTACT.1",8
"X1_ATCCCTGAGCTAGAGC.1",3
"X1_ATCCCTGAGCTGTGCC.1",6
"X1_ATCCCTGAGGAACTCG.1",1
"X1_ATCCCTGAGTAATACG.1",4
"X1_ATCCCTGCAATAAGGT.1",1
"X1_ATCCCTGCACATTACG.1",1000
"X1_ATCCCTGCACCAGCGT.1",8
"X1_ATCCCTGCACGGATCC.1",8
"X1_ATCCCTGCACTTCAGA.1",1000
"X1_ATCCCTGCATAATCCG.1",7
"X1_ATCCCTGCATCGATCA.1",4
"X1_ATCCCTGGTATCTCTT.1",8
"X1_ATCCCTGGTCAGACTT.1",5
"X1_ATCCCTGGTCGCACGT.1",1000
"X1_ATCCCTGGTCTGTTAG.1",7
"X1_ATCCCTGGTGAACTAA.1",4
"X1_ATCCCTGGTGATACTC.1",2
"X1_ATCCCTGGTGATGGCA.1",4
"X1_ATCCCTGGTGCATACT.1",1000
"X1_ATCCCTGTCATCGCCT.1",8
"X1_ATCCCTGTCCACCTGT.1",1000
"X1_ATCCCTGTCCATCTGC.1",1000
"X1_ATCCCTGTCCTGATAG.1",6
"X1_ATCCCTGTCCTGCCAT.1",3
"X1_ATCCCTGTCCTTATGT.1",1000
"X1_ATCCCTGTCGATTGAC.1",8
"X1_ATCCCTGTCGCGTAGC.1",8
"X1_ATCCCTGTCGGATTAC.1",7
"X1_ATCCCTGTCGTCCTTG.1",6
"X1_ATCCCTGTCTACCTTA.1",6
"X1_ATCCCTGTCTATACTC.1",2
"X1_ATCCCTGTCTTGCAGA.1",7
"X1_ATCCGTCAGAAACACT.1",1000
"X1_ATCCGTCAGCCTTGAT.1",3
"X1_ATCCGTCAGGCGACAT.1",1000
"X1_ATCCGTCAGGTACAGC.1",5
"X1_ATCCGTCAGGTTCATC.1",3
"X1_ATCCGTCAGTGCAAAT.1",7
"X1_ATCCGTCAGTGGATTA.1",1000
"X1_ATCCGTCCACAAGGTG.1",1000
"X1_ATCCGTCCACTAGGCC.1",3
"X1_ATCCGTCCAGAATGTA.1",0
"X1_ATCCGTCCAGACCATT.1",8
"X1_ATCCGTCCATAGGCGA.1",0
"X1_ATCCGTCCATTGCAAC.1",3
"X1_ATCCGTCGTACGCTTA.1",1000
"X1_ATCCGTCGTAGACACG.1",5
"X1_ATCCGTCGTAGGCAAC.1",1000
"X1_ATCCGTCGTCATAAAG.1",0
"X1_ATCCGTCGTCCAAATC.1",7
"X1_ATCCGTCGTCTGATCA.1",1000
"X1_ATCCGTCGTTCACGAT.1",8
"X1_ATCCGTCGTTCCGCAG.1",8
"X1_ATCCGTCGTTCCGCTT.1",0
"X1_ATCCGTCGTTGTTGAC.1",6
"X1_ATCCGTCTCCAAAGGG.1",5
"X1_ATCCGTCTCCATTCGC.1",5
"X1_ATCCGTCTCCCATAGA.1",1000
"X1_ATCCGTCTCCGAACGC.1",1000
"X1_ATCCGTCTCGGTAAGG.1",7
"X1_ATCCGTCTCGTAACAC.1",1000
"X1_ATCCTATAGCAACCAG.1",1000
"X1_ATCCTATAGTAGTCAA.1",4
"X1_ATCCTATAGTCCGCCA.1",1000
"X1_ATCCTATAGTGCTAGG.1",4
"X1_ATCCTATAGTGTGTTC.1",4
"X1_ATCCTATCAACCAACT.1",7
"X1_ATCCTATCAACCCTCT.1",1000
"X1_ATCCTATCAACTCGTA.1",2
"X1_ATCCTATCAATACCTG.1",3
"X1_ATCCTATCAATCTGCA.1",7
"X1_ATCCTATCAATTGCAC.1",3
"X1_ATCCTATCACAGCCAC.1",1
"X1_ATCCTATCACATAGCT.1",8
"X1_ATCCTATCACCAAATC.1",1000
"X1_ATCCTATCAGAGAAAG.1",6
"X1_ATCCTATCAGATGCGA.1",1
"X1_ATCCTATCAGGTCCGT.1",7
"X1_ATCCTATGTAACGATA.1",1000
"X1_ATCCTATGTAATTGGA.1",4
"X1_ATCCTATGTAGCCCTG.1",1000
"X1_ATCCTATGTAGCTTGT.1",7
"X1_ATCCTATGTCTGTAAC.1",1000
"X1_ATCCTATGTGCACATT.1",7
"X1_ATCCTATGTGCAGTGA.1",6
"X1_ATCCTATGTTAGAAAC.1",5
"X1_ATCCTATGTTATGGTC.1",3
"X1_ATCCTATTCAAGTGGG.1",1000
"X1_ATCCTATTCAATCGGT.1",4
"X1_ATCCTATTCAGTCCGG.1",4
"X1_ATCCTATTCGGTGTAT.1",1
"X1_ATCCTATTCTGCTTAT.1",0
"X1_ATCCTATTCTGGGAGA.1",0
"X1_ATCGATGAGAGCAGCT.1",1000
"X1_ATCGATGAGCAGGCTA.1",1
"X1_ATCGATGAGCCAGACA.1",1000
"X1_ATCGATGAGCGATCGA.1",7
"X1_ATCGATGAGGCCTTGC.1",7
"X1_ATCGATGAGGTCATCT.1",7
"X1_ATCGATGAGTGCAAAT.1",1000
"X1_ATCGATGAGTGCACCC.1",7
"X1_ATCGATGCAAACACCT.1",8
"X1_ATCGATGCAATTGCGT.1",7
"X1_ATCGATGCACAACGAG.1",8
"X1_ATCGATGCACTGAGGA.1",3
"X1_ATCGATGCACTGAGTT.1",1000
"X1_ATCGATGCAGGTTCAT.1",4
"X1_ATCGATGGTACACTCA.1",7
"X1_ATCGATGGTACTGCCG.1",1000
"X1_ATCGATGGTATTTCTC.1",8
"X1_ATCGATGGTCGGCACT.1",1000
"X1_ATCGATGGTGCGTTTA.1",1000
"X1_ATCGATGGTGTCCACG.1",8
"X1_ATCGATGGTTAAGACA.1",7
"X1_ATCGATGTCAACTGGT.1",7
"X1_ATCGATGTCAAGAATG.1",1000
"X1_ATCGATGTCCAGTGTA.1",1000
"X1_ATCGATGTCCCGAATA.1",6
"X1_ATCGATGTCCTGTACC.1",7
"X1_ATCGATGTCGAAGCAG.1",7
"X1_ATCGATGTCGAGGCAA.1",6
"X1_ATCGATGTCGCTAAAC.1",8
"X1_ATCGATGTCGTAATGC.1",6
"X1_ATCGATGTCGTGGGTC.1",7
"X1_ATCGATGTCTGCGGCA.1",4
"X1_ATCGATGTCTTTGCGC.1",1000
"X1_ATCGCCTAGAGCCGTA.1",7
"X1_ATCGCCTAGAGGATCC.1",8
"X1_ATCGCCTAGATGCTTC.1",1000
"X1_ATCGCCTAGCAGTACG.1",1000
"X1_ATCGCCTAGCGACTAG.1",4
"X1_ATCGCCTAGCGCCATC.1",5
"X1_ATCGCCTAGCGGTATG.1",1000
"X1_ATCGCCTAGGTCGTGA.1",1000
"X1_ATCGCCTAGTCTGGTT.1",1000
"X1_ATCGCCTCAACAGCCC.1",7
"X1_ATCGCCTCAACAGCTT.1",1000
"X1_ATCGCCTCAAGTGGGT.1",8
"X1_ATCGCCTCACAAGCAG.1",2
"X1_ATCGCCTCACCCTAAA.1",7
"X1_ATCGCCTCAGACTGCC.1",4
"X1_ATCGCCTCATGGATCT.1",8
"X1_ATCGCCTGTAGATCCT.1",1
"X1_ATCGCCTGTAGGAGGG.1",1000
"X1_ATCGCCTGTCAACCAT.1",7
"X1_ATCGCCTGTCACATTG.1",7
"X1_ATCGCCTGTCGAACAG.1",6
"X1_ATCGCCTGTGAGAACC.1",4
"X1_ATCGCCTGTGCTCGTG.1",8
"X1_ATCGCCTGTTCCGGTG.1",5
"X1_ATCGCCTGTTGGGATG.1",1000
"X1_ATCGCCTGTTGGTACT.1",1000
"X1_ATCGCCTTCAACTTTC.1",2
"X1_ATCGCCTTCCAACTGA.1",1000
"X1_ATCGCCTTCCACATAG.1",7
"X1_ATCGCCTTCCCAGGCA.1",1000
"X1_ATCGCCTTCCCTCTAG.1",1000
"X1_ATCGCCTTCCGCTAGG.1",8
"X1_ATCGCCTTCGCGGACT.1",8
"X1_ATCGCCTTCGGTGAAG.1",1000
"X1_ATCGCCTTCTGCATGA.1",1000
"X1_ATCGCCTTCTGGAGAG.1",4
"X1_ATCGGATAGACAACAT.1",4
"X1_ATCGGATAGACCCGCT.1",2
"X1_ATCGGATAGCCTGACC.1",5
"X1_ATCGGATAGCGTATGG.1",2
"X1_ATCGGATAGCTCAGAG.1",1000
"X1_ATCGGATAGCTCATAC.1",4
"X1_ATCGGATAGGCACAAC.1",5
"X1_ATCGGATAGTCTGCGC.1",1000
"X1_ATCGGATAGTCTGGAG.1",4
"X1_ATCGGATAGTTCCTGA.1",1000
"X1_ATCGGATAGTTGTCGT.1",2
"X1_ATCGGATCAACCTAAC.1",4
"X1_ATCGGATCAAGATGGC.1",8
"X1_ATCGGATCACGTACAT.1",1000
"X1_ATCGGATCACTAAACC.1",1000
"X1_ATCGGATCACTACAGT.1",3
"X1_ATCGGATCAGGTATGG.1",1
"X1_ATCGGATCATAGTCGT.1",1000
"X1_ATCGGATCATCTTAGG.1",8
"X1_ATCGGATGTAATCAGA.1",1000
"X1_ATCGGATGTAGTGTGG.1",7
"X1_ATCGGATGTCACAGAG.1",1
"X1_ATCGGATGTGCAACAG.1",8
"X1_ATCGGATGTGCACAAG.1",1000
"X1_ATCGGATGTGTATACC.1",3
"X1_ATCGGATGTTAGAAGT.1",8
"X1_ATCGGATGTTTCCATT.1",6
"X1_ATCGGATTCAGAGCAG.1",1
"X1_ATCGGATTCAGGTAAA.1",2
"X1_ATCGGATTCATAGCAC.1",8
"X1_ATCGGATTCATGCTAG.1",4
"X1_ATCGGATTCCACCTGT.1",7
"X1_ATCGGATTCGTGCTCT.1",1
"X1_ATCGGATTCTCGCGTT.1",0
"X1_ATCGGATTCTGATGGT.1",8
"X1_ATCGGATTCTGTAAGC.1",6
"X1_ATCGGCGAGACATAAC.1",4
"X1_ATCGGCGAGACTGAGC.1",7
"X1_ATCGGCGAGATTACCC.1",7
"X1_ATCGGCGAGCATGGGT.1",1000
"X1_ATCGGCGCAAAGGATT.1",7
"X1_ATCGGCGCAAATCCCA.1",1
"X1_ATCGGCGCACAAGCTT.1",7
"X1_ATCGGCGCAGCAGTAG.1",7
"X1_ATCGGCGCAGCTCATA.1",3
"X1_ATCGGCGCATACTTTC.1",1000
"X1_ATCGGCGCATCGGTTA.1",3
"X1_ATCGGCGGTACTCCCT.1",7
"X1_ATCGGCGGTCACAATC.1",4
"X1_ATCGGCGGTCGGTGTC.1",2
"X1_ATCGGCGGTGTGAATA.1",1000
"X1_ATCGGCGTCAAGTCTG.1",0
"X1_ATCGGCGTCATATGGC.1",2
"X1_ATCGGCGTCATCGCTC.1",5
"X1_ATCGGCGTCCACCTCA.1",8
"X1_ATCGGCGTCCACTAGA.1",3
"X1_ATCGGCGTCCATCCGT.1",7
"X1_ATCGGCGTCCGCTTAC.1",4
"X1_ATCGGCGTCGATCCAA.1",1000
"X1_ATCGGCGTCGGCATAT.1",8
"X1_ATCGGCGTCGGTCTGG.1",7
"X1_ATCGGCGTCTAGGCAT.1",1000
"X1_ATCGGCGTCTCTGCTG.1",8
"X1_ATCGTAGAGCAGTACG.1",1000
"X1_ATCGTAGAGTGATGGC.1",4
"X1_ATCGTAGAGTTGGAAT.1",4
"X1_ATCGTAGAGTTGGCTT.1",4
"X1_ATCGTAGCAAACGAGC.1",8
"X1_ATCGTAGCAAAGGAGA.1",7
"X1_ATCGTAGCAACTACGT.1",1000
"X1_ATCGTAGCAACTAGAA.1",2
"X1_ATCGTAGCAACTCCAA.1",1
"X1_ATCGTAGCAAGACCTT.1",1000
"X1_ATCGTAGCAATCGCCG.1",1
"X1_ATCGTAGCACAGGATG.1",1
"X1_ATCGTAGCACTTGTGA.1",1000
"X1_ATCGTAGCAGCTACTA.1",6
"X1_ATCGTAGCAGTGAGCA.1",7
"X1_ATCGTAGCATATACCG.1",1000
"X1_ATCGTAGCATGGAATA.1",1000
"X1_ATCGTAGCATTAAAGG.1",5
"X1_ATCGTAGGTAATCAGA.1",4
"X1_ATCGTAGGTACCGGCT.1",1000
"X1_ATCGTAGGTACTGACT.1",6
"X1_ATCGTAGGTCATCTAG.1",7
"X1_ATCGTAGGTCTACACA.1",1000
"X1_ATCGTAGGTCTACGAT.1",1000
"X1_ATCGTAGGTCTGATCA.1",0
"X1_ATCGTAGGTGCCCGTA.1",2
"X1_ATCGTAGGTGCGGATA.1",8
"X1_ATCGTAGGTTCGTAAC.1",4
"X1_ATCGTAGGTTTACTGG.1",8
"X1_ATCGTAGTCAATCCGA.1",1
"X1_ATCGTAGTCACGATAC.1",1
"X1_ATCGTAGTCCAAGAGG.1",4
"X1_ATCGTAGTCCATCTGC.1",3
"X1_ATCGTAGTCCTCTCTT.1",1000
"X1_ATCGTAGTCCTGTAGA.1",4
"X1_ATCGTAGTCGCAGTGC.1",6
"X1_ATCGTAGTCGTAGAGG.1",5
"X1_ATCGTAGTCTACACAG.1",1000
"X1_ATCGTAGTCTAGAACC.1",6
"X1_ATCGTAGTCTATTTCG.1",2
"X1_ATCGTCCAGACGACTG.1",1000
"X1_ATCGTCCAGCAATTCC.1",1000
"X1_ATCGTCCAGCACGGAT.1",1000
"X1_ATCGTCCAGCCTATCA.1",1000
"X1_ATCGTCCAGCGTACAG.1",7
"X1_ATCGTCCCAACACAAA.1",1000
"X1_ATCGTCCCAACGAGGT.1",7
"X1_ATCGTCCCAACGGCTC.1",1000
"X1_ATCGTCCCAAGTTCGT.1",1000
"X1_ATCGTCCCAATAGGGC.1",5
"X1_ATCGTCCCACGCGTCA.1",4
"X1_ATCGTCCCAGACGCTC.1",7
"X1_ATCGTCCCAGAGAGGG.1",8
"X1_ATCGTCCCAGTAGGAC.1",8
"X1_ATCGTCCCATCCGCGA.1",4
"X1_ATCGTCCCATTAAGCC.1",1000
"X1_ATCGTCCGTAATGCGG.1",8
"X1_ATCGTCCGTAGCGCCT.1",4
"X1_ATCGTCCGTCACCCTT.1",8
"X1_ATCGTCCGTCCACACG.1",7
"X1_ATCGTCCTCACTACTT.1",1000
"X1_ATCGTCCTCCAGCACG.1",7
"X1_ATCGTCCTCGCATTGA.1",1000
"X1_ATCGTCCTCTGCTTTA.1",5
"X1_ATCGTCCTCTGTTCAT.1",4
"X1_ATCGTGAAGACTACCT.1",4
"X1_ATCGTGAAGAGGCTGT.1",7
"X1_ATCGTGAAGAGTCTGG.1",1000
"X1_ATCGTGAAGAGTGACC.1",2
"X1_ATCGTGAAGCCTTCTC.1",8
"X1_ATCGTGAAGCGGGTTA.1",4
"X1_ATCGTGAAGGGTGAAA.1",6
"X1_ATCGTGAAGTCCCTAA.1",8
"X1_ATCGTGACAAGCACAG.1",8
"X1_ATCGTGACAATCAAGA.1",4
"X1_ATCGTGACAATTTCGG.1",8
"X1_ATCGTGACACAATCTG.1",7
"X1_ATCGTGACACACACGC.1",1000
"X1_ATCGTGACAGGTCCCA.1",1000
"X1_ATCGTGACATATGCGT.1",3
"X1_ATCGTGACATCGTGGC.1",1000
"X1_ATCGTGACATGATCTG.1",4
"X1_ATCGTGAGTAAGGCTG.1",3
"X1_ATCGTGAGTAGGTGCA.1",0
"X1_ATCGTGAGTAGTTCCA.1",4
"X1_ATCGTGAGTATGCTTG.1",8
"X1_ATCGTGAGTCGAACAG.1",3
"X1_ATCGTGAGTCGACTTA.1",7
"X1_ATCGTGAGTCGTAATC.1",7
"X1_ATCGTGAGTTTGCCGG.1",7
"X1_ATCGTGATCACTGATG.1",1000
"X1_ATCGTGATCAGACATC.1",5
"X1_ATCGTGATCTTGCGCT.1",1000
"X1_ATCTCTAAGAGTTGTA.1",7
"X1_ATCTCTAAGATACAGT.1",2
"X1_ATCTCTAAGCATTTCG.1",7
"X1_ATCTCTAAGTCCGTCG.1",8
"X1_ATCTCTACAACGCCCA.1",4
"X1_ATCTCTACAATCAGCT.1",3
"X1_ATCTCTACAATGTCTG.1",4
"X1_ATCTCTACACAACATC.1",7
"X1_ATCTCTACACCATAAC.1",1000
"X1_ATCTCTACACGTAGAG.1",8
"X1_ATCTCTACACTGTCCT.1",1
"X1_ATCTCTACAGAACCGA.1",2
"X1_ATCTCTACAGTGACCC.1",1000
"X1_ATCTCTACATAACAGA.1",1
"X1_ATCTCTACATGGCCCA.1",5
"X1_ATCTCTAGTACCTTCC.1",1000
"X1_ATCTCTAGTACTCGCG.1",5
"X1_ATCTCTAGTAGATTGA.1",1000
"X1_ATCTCTAGTCCTACGG.1",6
"X1_ATCTCTAGTCCTCATC.1",5
"X1_ATCTCTAGTCGTATGT.1",0
"X1_ATCTCTAGTCTTACAG.1",1
"X1_ATCTCTAGTGAAAGTT.1",7
"X1_ATCTCTAGTGCCTAAT.1",6
"X1_ATCTCTAGTGTTTCTT.1",7
"X1_ATCTCTAGTTGGGAAC.1",1000
"X1_ATCTCTATCACAATGC.1",3
"X1_ATCTCTATCAGCTGAT.1",0
"X1_ATCTCTATCAGTCATG.1",6
"X1_ATCTCTATCCATTCAT.1",1000
"X1_ATCTCTATCCATTGTT.1",7
"X1_ATCTCTATCCTCAGAA.1",1000
"X1_ATCTCTATCCTCTAAT.1",7
"X1_ATCTCTATCCTGCCAT.1",8
"X1_ATCTCTATCGGCACTG.1",4
"X1_ATCTCTATCGTAGCCG.1",8
"X1_ATCTCTATCTCAACCC.1",7
"X1_ATCTTCAAGAAGTGTT.1",0
"X1_ATCTTCAAGACCTCAT.1",7
"X1_ATCTTCAAGAGGCCAT.1",1000
"X1_ATCTTCAAGAGTGAAG.1",7
"X1_ATCTTCAAGATAACGT.1",4
"X1_ATCTTCAAGATGACAT.1",1
"X1_ATCTTCAAGCATCAAA.1",0
"X1_ATCTTCAAGCTAAATG.1",7
"X1_ATCTTCAAGGTCACAG.1",7
"X1_ATCTTCAAGTCGCGAA.1",8
"X1_ATCTTCAAGTCTAGAA.1",6
"X1_ATCTTCACAAGCACAG.1",1
"X1_ATCTTCACAATCCAGT.1",4
"X1_ATCTTCACACCAAAGG.1",1000
"X1_ATCTTCACACGACCTG.1",1000
"X1_ATCTTCACACGACGTC.1",1000
"X1_ATCTTCACAGACCCGT.1",3
"X1_ATCTTCACAGGTCTCG.1",8
"X1_ATCTTCACAGTCTACA.1",2
"X1_ATCTTCACATGGATCT.1",7
"X1_ATCTTCAGTAGAAACT.1",1000
"X1_ATCTTCAGTAGGACCA.1",8
"X1_ATCTTCAGTCAGTTTG.1",6
"X1_ATCTTCAGTGGCTAGA.1",4
"X1_ATCTTCAGTTACCGTA.1",8
"X1_ATCTTCAGTTAGTCGT.1",8
"X1_ATCTTCAGTTATTCTC.1",2
"X1_ATCTTCAGTTCCAGGC.1",4
"X1_ATCTTCAGTTCGCGTG.1",7
"X1_ATCTTCATCAACACGT.1",1
"X1_ATCTTCATCAAGCCCG.1",1
"X1_ATCTTCATCAAGCCTA.1",1000
"X1_ATCTTCATCAAGTTGC.1",1000
"X1_ATCTTCATCACCACAA.1",8
"X1_ATCTTCATCATCCCGT.1",7
"X1_ATCTTCATCATTTGCT.1",1000
"X1_ATCTTCATCCATCTAT.1",5
"X1_ATCTTCATCCGCATAA.1",4
"X1_ATCTTCATCGAACGCC.1",3
"X1_ATCTTCATCGAGTCCG.1",3
"X1_ATCTTCATCTATCGCC.1",1000
"X1_ATGAAAGAGACAGCGT.1",0
"X1_ATGAAAGAGAGTGTTA.1",3
"X1_ATGAAAGAGATCGCTT.1",1000
"X1_ATGAAAGAGCACTCGC.1",1000
"X1_ATGAAAGAGCAGGGAG.1",7
"X1_ATGAAAGAGCGTTAGG.1",1000
"X1_ATGAAAGAGCGTTGTT.1",1
"X1_ATGAAAGAGGGTACAC.1",8
"X1_ATGAAAGAGTACAGCG.1",4
"X1_ATGAAAGAGTCCCTAA.1",1000
"X1_ATGAAAGAGTCTTCGA.1",1000
"X1_ATGAAAGAGTGACCTT.1",1000
"X1_ATGAAAGCAACACAGG.1",1000
"X1_ATGAAAGCAATGGCCC.1",2
"X1_ATGAAAGCAGCAGGAT.1",4
"X1_ATGAAAGCATCTGGGC.1",8
"X1_ATGAAAGCATGAAGCG.1",1
"X1_ATGAAAGGTACGACAG.1",0
"X1_ATGAAAGGTTAGGCTT.1",1000
"X1_ATGAAAGTCAACTTTC.1",4
"X1_ATGAAAGTCATCGCTC.1",1
"X1_ATGAAAGTCCACTGGG.1",5
"X1_ATGAAAGTCCCATAGA.1",1000
"X1_ATGAAAGTCGCGTCGA.1",4
"X1_ATGAAAGTCTATTCGT.1",8
"X1_ATGAAAGTCTCAAAGC.1",5
"X1_ATGACCAAGATAGGGA.1",8
"X1_ATGACCAAGCACTAGG.1",1000
"X1_ATGACCAAGCAGGGAG.1",7
"X1_ATGACCAAGCGCAATG.1",5
"X1_ATGACCAAGCGCACAA.1",7
"X1_ATGACCAAGGGATGTC.1",1000
"X1_ATGACCAAGGTGGTTG.1",8
"X1_ATGACCAAGTGGCAGT.1",4
"X1_ATGACCACAAATGGTA.1",1000
"X1_ATGACCACAATAGTAG.1",1000
"X1_ATGACCACACGACGTC.1",1000
"X1_ATGACCACACGGGCTT.1",7
"X1_ATGACCACACTATCGA.1",4
"X1_ATGACCACAGACTCTA.1",1
"X1_ATGACCACATATGCGT.1",1000
"X1_ATGACCAGTAAGCTCT.1",5
"X1_ATGACCAGTAGATTGA.1",7
"X1_ATGACCAGTAGCTTGT.1",7
"X1_ATGACCAGTCAGTTTG.1",1000
"X1_ATGACCAGTCCAAAGG.1",1000
"X1_ATGACCAGTCGAACGA.1",1
"X1_ATGACCAGTGATTGGG.1",4
"X1_ATGACCAGTGTGCTTA.1",6
"X1_ATGACCATCCCTTGGT.1",5
"X1_ATGACCATCGCTGATA.1",7
"X1_ATGACCATCGGTCGAC.1",3
"X1_ATGACCATCTACACTT.1",6
"X1_ATGACCATCTACCAGA.1",1
"X1_ATGACCATCTCGGTCT.1",4
"X1_ATGACCATCTGGAGAG.1",4
"X1_ATGACCATCTGGGTCG.1",7
"X1_ATGACCATCTTACGGA.1",7
"X1_ATGAGGGAGACAGCTG.1",1000
"X1_ATGAGGGAGCATACTC.1",1
"X1_ATGAGGGAGTAACCGG.1",4
"X1_ATGAGGGAGTGGGAAA.1",0
"X1_ATGAGGGCAAAGGATT.1",4
"X1_ATGAGGGCAAATACGA.1",1000
"X1_ATGAGGGCAACCAATC.1",1000
"X1_ATGAGGGCAAGTCCCG.1",8
"X1_ATGAGGGCAAGTGGAC.1",1000
"X1_ATGAGGGCAATGAAAC.1",1000
"X1_ATGAGGGCAATTTCGG.1",0
"X1_ATGAGGGCAGAGCTAG.1",3
"X1_ATGAGGGCATGGACAG.1",1000
"X1_ATGAGGGCATTCCTCG.1",0
"X1_ATGAGGGGTACACGTT.1",6
"X1_ATGAGGGGTACCGCGT.1",1000
"X1_ATGAGGGGTAGGACCA.1",1000
"X1_ATGAGGGGTGAACGGT.1",6
"X1_ATGAGGGGTTCACCGG.1",1000
"X1_ATGAGGGGTTCCGCGA.1",7
"X1_ATGAGGGTCACCTCTG.1",1
"X1_ATGAGGGTCATTGAGC.1",8
"X1_ATGAGGGTCCATCGTC.1",6
"X1_ATGAGGGTCCCATAAG.1",7
"X1_ATGAGGGTCCTGTTGC.1",5
"X1_ATGAGGGTCGGTATGT.1",2
"X1_ATGAGGGTCTCTCAAT.1",4
"X1_ATGAGGGTCTTCGACC.1",8
"X1_ATGAGGGTCTTGTTAC.1",7
"X1_ATGAGTCAGAGAGAAC.1",2
"X1_ATGAGTCAGAGGGCGA.1",6
"X1_ATGAGTCAGATTAGAC.1",8
"X1_ATGAGTCAGATTCGAA.1",1
"X1_ATGAGTCAGATTGATG.1",8
"X1_ATGAGTCAGCAACCAG.1",2
"X1_ATGAGTCAGCAAGTGC.1",1
"X1_ATGAGTCAGGGCAATC.1",3
"X1_ATGAGTCAGGTTCTTG.1",7
"X1_ATGAGTCCACCCAAGC.1",1
"X1_ATGAGTCCACGCTGAC.1",4
"X1_ATGAGTCCAGACGGAT.1",3
"X1_ATGAGTCCAGCAGATG.1",1000
"X1_ATGAGTCCAGCTGCCA.1",3
"X1_ATGAGTCCATACACCA.1",1000
"X1_ATGAGTCCATAGATCC.1",3
"X1_ATGAGTCCATGAATCC.1",8
"X1_ATGAGTCCATTACGGT.1",5
"X1_ATGAGTCGTCGCATCG.1",8
"X1_ATGAGTCGTCGCGGTT.1",5
"X1_ATGAGTCGTTCTCCTG.1",4
"X1_ATGAGTCGTTTAAGGA.1",3
"X1_ATGAGTCTCACCATAG.1",5
"X1_ATGAGTCTCACCTCGT.1",7
"X1_ATGAGTCTCATAAGGA.1",7
"X1_ATGAGTCTCCATGATG.1",8
"X1_ATGAGTCTCTAAGCCA.1",4
"X1_ATGAGTCTCTAGACCA.1",4
"X1_ATGAGTCTCTATGCCC.1",2
"X1_ATGAGTCTCTGCTTTA.1",1
"X1_ATGAGTCTCTGGCTGG.1",2
"X1_ATGATCGAGACCTCCG.1",7
"X1_ATGATCGAGATGCTGG.1",8
"X1_ATGATCGAGCATCAGG.1",2
"X1_ATGATCGAGCCGATAG.1",0
"X1_ATGATCGAGCTGTTAC.1",4
"X1_ATGATCGAGGCTAGCA.1",3
"X1_ATGATCGCAATGCAGG.1",8
"X1_ATGATCGCACGTCGTG.1",0
"X1_ATGATCGCAGGATCTT.1",3
"X1_ATGATCGCAGTATTCG.1",7
"X1_ATGATCGCATCGGTTA.1",1000
"X1_ATGATCGGTAATGCTC.1",6
"X1_ATGATCGGTAGCGTTT.1",1000
"X1_ATGATCGGTCACTTCC.1",7
"X1_ATGATCGGTCCACACG.1",8
"X1_ATGATCGGTCCTCAGG.1",2
"X1_ATGATCGGTCTCACAA.1",3
"X1_ATGATCGGTGCCCTTT.1",8
"X1_ATGATCGGTGCTCCGA.1",1000
"X1_ATGATCGGTGGAAGTC.1",1
"X1_ATGATCGTCAAGAAAC.1",7
"X1_ATGATCGTCAGGGTAG.1",4
"X1_ATGATCGTCCATCCGT.1",2
"X1_ATGATCGTCCGATTAG.1",1000
"X1_ATGATCGTCGTGGCTG.1",7
"X1_ATGATCGTCTAGACAC.1",8
"X1_ATGCATGAGAACCGCA.1",8
"X1_ATGCATGAGCAAATCA.1",1000
"X1_ATGCATGAGCAGCAGT.1",7
"X1_ATGCATGAGCCAAGTG.1",7
"X1_ATGCATGAGTCTGCGC.1",1000
"X1_ATGCATGAGTGAGTGC.1",8
"X1_ATGCATGAGTTGCATC.1",4
"X1_ATGCATGAGTTTGCTG.1",3
"X1_ATGCATGCAACAGCTT.1",1000
"X1_ATGCATGCAATCTCGA.1",8
"X1_ATGCATGCAGTCAACT.1",3
"X1_ATGCATGCATAGCACT.1",8
"X1_ATGCATGGTAGCGCTC.1",1000
"X1_ATGCATGGTTAGAAAC.1",5
"X1_ATGCATGGTTGTACGT.1",1000
"X1_ATGCATGGTTTGAAAG.1",3
"X1_ATGCATGTCATCACTT.1",7
"X1_ATGCATGTCCATTGTT.1",2
"X1_ATGCATGTCCCTTGTG.1",2
"X1_ATGCATGTCGAGAACG.1",8
"X1_ATGCATGTCGAGTCTA.1",3
"X1_ATGCATGTCTTCGTGC.1",6
"X1_ATGCCTCAGACTAAGT.1",4
"X1_ATGCCTCAGAGAGTGA.1",5
"X1_ATGCCTCAGATTAGAC.1",2
"X1_ATGCCTCAGCTGAAGC.1",1
"X1_ATGCCTCAGGCATCGA.1",2
"X1_ATGCCTCAGGTCACAG.1",1000
"X1_ATGCCTCAGGTTGACG.1",4
"X1_ATGCCTCAGTAACCTC.1",8
"X1_ATGCCTCAGTCGTTAC.1",1000
"X1_ATGCCTCAGTGTCATC.1",1000
"X1_ATGCCTCCAAGACGAC.1",1000
"X1_ATGCCTCCAAGTATAG.1",8
"X1_ATGCCTCCACAGCATT.1",3
"X1_ATGCCTCCACCGCTGA.1",1000
"X1_ATGCCTCCACTGCACG.1",2
"X1_ATGCCTCCAGAAGCGT.1",1000
"X1_ATGCCTCCAGCGCTTG.1",3
"X1_ATGCCTCCAGGAGGTT.1",4
"X1_ATGCCTCCAGTAGAAT.1",1000
"X1_ATGCCTCCATGAATAG.1",4
"X1_ATGCCTCCATTACTCT.1",4
"X1_ATGCCTCGTAATGATG.1",1000
"X1_ATGCCTCGTAGCTTAC.1",5
"X1_ATGCCTCGTCATCTAG.1",8
"X1_ATGCCTCGTCATGACT.1",1
"X1_ATGCCTCGTCCTGGTG.1",7
"X1_ATGCCTCGTGGCCCAT.1",1000
"X1_ATGCCTCGTGTCTTGA.1",5
"X1_ATGCCTCGTTGAATCC.1",6
"X1_ATGCCTCTCACCCTTG.1",4
"X1_ATGCCTCTCGAGCCTG.1",1000
"X1_ATGCCTCTCGATTTCT.1",8
"X1_ATGCCTCTCTACACTT.1",1000
"X1_ATGCCTCTCTAGACCA.1",6
"X1_ATGCCTCTCTGCATGA.1",7
"X1_ATGCGATAGAAACTGT.1",3
"X1_ATGCGATAGCTGTTAC.1",8
"X1_ATGCGATAGGATACAT.1",7
"X1_ATGCGATAGGATGCGT.1",1000
"X1_ATGCGATAGGGAGATA.1",1
"X1_ATGCGATAGTAGTGCG.1",1000
"X1_ATGCGATCACAGTATC.1",8
"X1_ATGCGATCACCATATG.1",5
"X1_ATGCGATCACGCTGAC.1",1000
"X1_ATGCGATCAGAGCGTA.1",1000
"X1_ATGCGATCAGCCGTCA.1",5
"X1_ATGCGATCAGCCGTTG.1",8
"X1_ATGCGATCAGCGCGTT.1",1000
"X1_ATGCGATCATGCCATA.1",3
"X1_ATGCGATCATGGAACG.1",6
"X1_ATGCGATGTAGTCGTT.1",1000
"X1_ATGCGATGTATACGGG.1",8
"X1_ATGCGATGTATCGTTG.1",7
"X1_ATGCGATGTCGGCCTA.1",8
"X1_ATGCGATGTCTGTGCG.1",4
"X1_ATGCGATGTGTTGATC.1",7
"X1_ATGCGATGTTCCGCGA.1",1
"X1_ATGCGATGTTGTGCAT.1",3
"X1_ATGCGATGTTTCCCAC.1",7
"X1_ATGCGATTCAAAGGTA.1",7
"X1_ATGCGATTCACCACAA.1",4
"X1_ATGCGATTCAGGAGAC.1",7
"X1_ATGCGATTCATTCACT.1",7
"X1_ATGCGATTCCGCTTAC.1",1000
"X1_ATGCGATTCTTGCAGA.1",1000
"X1_ATGGAGGAGACTACCT.1",8
"X1_ATGGAGGAGAGCCGAT.1",2
"X1_ATGGAGGAGATTAGCA.1",3
"X1_ATGGAGGAGCGGATCA.1",1000
"X1_ATGGAGGAGTCCGCGT.1",1000
"X1_ATGGAGGAGTTGTAGA.1",8
"X1_ATGGAGGCAAATCCCA.1",8
"X1_ATGGAGGCAAGGTTGG.1",1000
"X1_ATGGAGGCACCGTGAC.1",8
"X1_ATGGAGGCACGCAAAG.1",3
"X1_ATGGAGGCACGGCCAT.1",7
"X1_ATGGAGGCACTAGGCC.1",3
"X1_ATGGAGGCATGACGTT.1",8
"X1_ATGGAGGCATTCTCCG.1",7
"X1_ATGGAGGGTACCACGC.1",6
"X1_ATGGAGGGTACTGGGA.1",4
"X1_ATGGAGGGTAGGCTGA.1",2
"X1_ATGGAGGGTCCATCTC.1",2
"X1_ATGGAGGGTCCTGTTC.1",7
"X1_ATGGAGGGTCTACGAT.1",1
"X1_ATGGAGGGTGAATTAG.1",7
"X1_ATGGAGGGTGACCTGC.1",7
"X1_ATGGAGGGTGACTGTT.1",8
"X1_ATGGAGGGTGATAGAT.1",7
"X1_ATGGAGGGTTACCCTC.1",1000
"X1_ATGGAGGGTTTACGTG.1",6
"X1_ATGGAGGTCATTACCT.1",1000
"X1_ATGGAGGTCCATTTGT.1",4
"X1_ATGGAGGTCCGCATAA.1",1000
"X1_ATGGAGGTCGAGCTGC.1",1000
"X1_ATGGAGGTCTACCCAC.1",7
"X1_ATGGAGGTCTCGGGAC.1",0
"X1_ATGGATCAGAGTAACT.1",6
"X1_ATGGATCAGCACCAGA.1",4
"X1_ATGGATCAGCCAAGGT.1",1000
"X1_ATGGATCAGCCTGAGA.1",8
"X1_ATGGATCAGCGTATAA.1",7
"X1_ATGGATCAGCTAATCC.1",8
"X1_ATGGATCAGTCAGCGA.1",0
"X1_ATGGATCAGTCTAACC.1",7
"X1_ATGGATCCAACGCCCA.1",4
"X1_ATGGATCCAATGACCT.1",4
"X1_ATGGATCCAATTGCCA.1",1000
"X1_ATGGATCCAGACAATA.1",4
"X1_ATGGATCCAGAGGTTG.1",8
"X1_ATGGATCCAGGATTCT.1",5
"X1_ATGGATCCATAACAGA.1",3
"X1_ATGGATCCATCCTTCG.1",4
"X1_ATGGATCCATGATCTG.1",8
"X1_ATGGATCCATGGGTCC.1",7
"X1_ATGGATCCATGTAACC.1",1000
"X1_ATGGATCCATTCGGGC.1",8
"X1_ATGGATCGTACAGTAA.1",1000
"X1_ATGGATCGTACCCAGC.1",4
"X1_ATGGATCGTACCTGTA.1",1000
"X1_ATGGATCGTATCGATC.1",1000
"X1_ATGGATCGTTCTAACG.1",1000
"X1_ATGGATCGTTCTGAGT.1",8
"X1_ATGGATCTCACTTCTA.1",8
"X1_ATGGATCTCCAATGCA.1",4
"X1_ATGGATCTCGAGCCTG.1",4
"X1_ATGGATCTCTCACGAA.1",7
"X1_ATGGATCTCTCATGGA.1",3
"X1_ATGGATCTCTTCACAT.1",4
"X1_ATGGGAGAGAACGTGC.1",8
"X1_ATGGGAGAGAAGCGAA.1",1000
"X1_ATGGGAGAGACATGCG.1",7
"X1_ATGGGAGAGCGCCATC.1",4
"X1_ATGGGAGAGCGGGTAT.1",3
"X1_ATGGGAGAGCTGGTGA.1",0
"X1_ATGGGAGAGGATGCGT.1",7
"X1_ATGGGAGAGGCTCAAG.1",8
"X1_ATGGGAGAGGTGGGTT.1",8
"X1_ATGGGAGAGTAGCTCT.1",4
"X1_ATGGGAGCAAGAGTAT.1",7
"X1_ATGGGAGCACCAGTTA.1",1000
"X1_ATGGGAGCACCGCTAG.1",5
"X1_ATGGGAGCATCGGTTA.1",1000
"X1_ATGGGAGCATTATGCG.1",6
"X1_ATGGGAGGTAGCCAGA.1",8
"X1_ATGGGAGGTAGTACGG.1",8
"X1_ATGGGAGGTATGAGGC.1",1
"X1_ATGGGAGGTCGGCTAC.1",7
"X1_ATGGGAGGTGGAAATT.1",1000
"X1_ATGGGAGTCACGGGAA.1",1000
"X1_ATGGGAGTCAGCACCG.1",1
"X1_ATGGGAGTCAGTGTGT.1",6
"X1_ATGGGAGTCCACGTAA.1",1000
"X1_ATGGGAGTCCTCACGT.1",8
"X1_ATGGGAGTCGCTCTCA.1",6
"X1_ATGGGAGTCGTGGGTC.1",1000
"X1_ATGGGAGTCGTTCTCG.1",4
"X1_ATGGGTTAGAGGGTAA.1",7
"X1_ATGGGTTAGCAAGTGC.1",1000
"X1_ATGGGTTAGTAGTCCT.1",8
"X1_ATGGGTTAGTATGATG.1",1
"X1_ATGGGTTAGTCAACAA.1",1000
"X1_ATGGGTTAGTGGTGAC.1",8
"X1_ATGGGTTCAAATAAGC.1",2
"X1_ATGGGTTCAATTCTTC.1",4
"X1_ATGGGTTCACACAGAG.1",5
"X1_ATGGGTTCACAGCTTA.1",7
"X1_ATGGGTTCACATTCGA.1",8
"X1_ATGGGTTCACCAGTAT.1",2
"X1_ATGGGTTCAGATTAAG.1",2
"X1_ATGGGTTCAGCTTTGA.1",3
"X1_ATGGGTTCAGTCGTTA.1",1000
"X1_ATGGGTTCAGTGTACT.1",6
"X1_ATGGGTTCATAAGATG.1",1
"X1_ATGGGTTCATAGGTAA.1",7
"X1_ATGGGTTGTAGCGTCC.1",1
"X1_ATGGGTTGTCAAAGTA.1",1
"X1_ATGGGTTGTCCATACA.1",2
"X1_ATGGGTTGTCGATTAC.1",1000
"X1_ATGGGTTGTGGAACCA.1",5
"X1_ATGGGTTGTGTTAGCT.1",2
"X1_ATGGGTTTCACCGGTG.1",6
"X1_ATGGGTTTCACGGGCT.1",1000
"X1_ATGGGTTTCATTTGTC.1",8
"X1_ATGGGTTTCGCGTCGA.1",8
"X1_ATGGGTTTCGGCATAT.1",8
"X1_ATGGGTTTCTCAGAAC.1",8
"X1_ATGGGTTTCTCGCTCA.1",4
"X1_ATGGTTGAGAATTGTG.1",1
"X1_ATGGTTGAGATCGCTT.1",4
"X1_ATGGTTGAGCGAGTAC.1",1000
"X1_ATGGTTGAGCGTTAGG.1",8
"X1_ATGGTTGAGCTACGTT.1",1000
"X1_ATGGTTGAGGACTGGT.1",1000
"X1_ATGGTTGAGGGAGATA.1",8
"X1_ATGGTTGAGGGCTTCC.1",3
"X1_ATGGTTGAGTACTGTC.1",1000
"X1_ATGGTTGAGTATGAAC.1",8
"X1_ATGGTTGCAAGGCAAC.1",1000
"X1_ATGGTTGCAAGGGTCA.1",1000
"X1_ATGGTTGCACAAATGA.1",8
"X1_ATGGTTGCACATTCGA.1",8
"X1_ATGGTTGCACGCGGTT.1",2
"X1_ATGGTTGCAGATAAAC.1",8
"X1_ATGGTTGCATACAGGG.1",1000
"X1_ATGGTTGCATATACCG.1",8
"X1_ATGGTTGCATGGCCCA.1",1000
"X1_ATGGTTGGTAGGAGTC.1",1000
"X1_ATGGTTGGTAGGGTAC.1",6
"X1_ATGGTTGGTATGCAAA.1",1
"X1_ATGGTTGGTCACCACG.1",8
"X1_ATGGTTGGTGGACAGT.1",2
"X1_ATGGTTGGTTCTCTAT.1",3
"X1_ATGGTTGGTTGAGAGC.1",4
"X1_ATGGTTGGTTGCACGC.1",1
"X1_ATGGTTGGTTGGGCCT.1",4
"X1_ATGGTTGGTTTAGACC.1",3
"X1_ATGGTTGGTTTCGGCG.1",1000
"X1_ATGGTTGGTTTGAAAG.1",8
"X1_ATGGTTGTCGAGTCCG.1",1000
"X1_ATGGTTGTCGCCTTTG.1",0
"X1_ATGTCCCAGACAACAT.1",1000
"X1_ATGTCCCAGATACTGA.1",7
"X1_ATGTCCCAGCGCAATG.1",1
"X1_ATGTCCCAGCGTACAG.1",8
"X1_ATGTCCCAGCTAAATG.1",1
"X1_ATGTCCCAGCTGTGCC.1",7
"X1_ATGTCCCAGGAGCAAA.1",1000
"X1_ATGTCCCAGGAGCTGT.1",4
"X1_ATGTCCCAGGTCACCC.1",7
"X1_ATGTCCCAGTACGAGC.1",8
"X1_ATGTCCCAGTCTACCA.1",4
"X1_ATGTCCCAGTTCCTGA.1",7
"X1_ATGTCCCCAAATAGCA.1",6
"X1_ATGTCCCCAAGTATAG.1",3
"X1_ATGTCCCCAAGTGCAG.1",1000
"X1_ATGTCCCCAAGTTCCA.1",1000
"X1_ATGTCCCCACTACGGC.1",1000
"X1_ATGTCCCCAGAGTCAG.1",8
"X1_ATGTCCCCAGCTATTG.1",6
"X1_ATGTCCCCATCCCGTT.1",1000
"X1_ATGTCCCCATGTGGTT.1",8
"X1_ATGTCCCGTACTGCGC.1",7
"X1_ATGTCCCGTAGGAAAG.1",5
"X1_ATGTCCCGTCGTTCAA.1",4
"X1_ATGTCCCGTCTTACTT.1",4
"X1_ATGTCCCTCAAGTTGC.1",0
"X1_ATGTCCCTCAGACATC.1",4
"X1_ATGTCCCTCATCACAG.1",8
"X1_ATGTCCCTCATTGTTC.1",5
"X1_ATGTCCCTCCTTGGAA.1",3
"X1_ATGTCCCTCGAGAGAC.1",1000
"X1_ATGTCCCTCGCCATAA.1",3
"X1_ATGTCCCTCTAGGCAT.1",1000
"X1_ATGTCCCTCTCATGCC.1",7
"X1_ATGTCCCTCTTCGCTG.1",1000
"X1_ATGTCCCTCTTGGATG.1",7
"X1_ATGTCTTAGACAACAT.1",1000
"X1_ATGTCTTAGCCTCATA.1",8
"X1_ATGTCTTAGCGCCGTT.1",1000
"X1_ATGTCTTAGCGTGTCC.1",6
"X1_ATGTCTTAGCTATCCA.1",1000
"X1_ATGTCTTAGGATACAT.1",3
"X1_ATGTCTTAGGCTTTCA.1",1
"X1_ATGTCTTAGGGAACAA.1",1000
"X1_ATGTCTTAGGTTAAAC.1",7
"X1_ATGTCTTAGTAACCGG.1",8
"X1_ATGTCTTAGTAACGAT.1",4
"X1_ATGTCTTAGTGGACTG.1",3
"X1_ATGTCTTCAACTCATG.1",4
"X1_ATGTCTTCAAGTGATA.1",8
"X1_ATGTCTTCAATGTCTG.1",7
"X1_ATGTCTTCAGAAGCGT.1",7
"X1_ATGTCTTCATCGGATT.1",1000
"X1_ATGTCTTGTAGGCAGT.1",7
"X1_ATGTCTTGTCACCTTC.1",2
"X1_ATGTCTTGTCAGTTTG.1",8
"X1_ATGTCTTGTCATTCCC.1",3
"X1_ATGTCTTGTTAAGGGC.1",6
"X1_ATGTCTTTCACCTCTG.1",8
"X1_ATGTCTTTCCAATGCA.1",4
"X1_ATGTCTTTCCCTTGTG.1",1000
"X1_ATGTCTTTCCGGTTCT.1",8
"X1_ATGTCTTTCGCATTAG.1",4
"X1_ATGTCTTTCTCCGAGG.1",1000
"X1_ATGTCTTTCTCCTGTG.1",5
"X1_ATGTCTTTCTCTGAGA.1",8
"X1_ATGTCTTTCTGTCCGT.1",1000
"X1_ATTACCTAGAACCCGA.1",1
"X1_ATTACCTAGACGCATG.1",6
"X1_ATTACCTAGTACAGAT.1",1000
"X1_ATTACCTAGTTGCATC.1",8
"X1_ATTACCTCAACCTATG.1",1
"X1_ATTACCTCAAGATCCT.1",1000
"X1_ATTACCTCAAGCGGAT.1",6
"X1_ATTACCTCAATGAGCG.1",3
"X1_ATTACCTCACAATGAA.1",1
"X1_ATTACCTCACGCGGTT.1",8
"X1_ATTACCTCACTTCAGA.1",1000
"X1_ATTACCTCAGTGGCTC.1",3
"X1_ATTACCTCATTGAAGA.1",6
"X1_ATTACCTGTACCGGAA.1",1000
"X1_ATTACCTGTCCTCCTA.1",1000
"X1_ATTACCTGTCTCCCTA.1",1000
"X1_ATTACCTGTGACAGCA.1",8
"X1_ATTACCTGTGCAGTGA.1",8
"X1_ATTACCTGTGCATGTT.1",8
"X1_ATTACCTGTTGCATCA.1",3
"X1_ATTACCTGTTTACTGG.1",8
"X1_ATTACCTTCAACCTTT.1",1000
"X1_ATTACCTTCATTACCT.1",6
"X1_ATTACCTTCATTCGTT.1",7
"X1_ATTACCTTCTCTCGCA.1",7
"X1_ATTACCTTCTGCTAGA.1",4
"X1_ATTACCTTCTTCGTGC.1",4
"X1_ATTACCTTCTTTGATC.1",7
"X1_ATTACTCAGAAACTGT.1",7
"X1_ATTACTCAGAATCGCG.1",1000
"X1_ATTACTCAGACTACCT.1",2
"X1_ATTACTCAGCCGATAG.1",4
"X1_ATTACTCAGCCTGCCA.1",7
"X1_ATTACTCAGCCTGTCG.1",5
"X1_ATTACTCAGCGAACTG.1",1000
"X1_ATTACTCAGCGTACAG.1",1000
"X1_ATTACTCAGGGTCAAC.1",8
"X1_ATTACTCAGGTGCGAT.1",1000
"X1_ATTACTCAGTTCCGGC.1",4
"X1_ATTACTCAGTTCGCAT.1",7
"X1_ATTACTCCAACTTCTT.1",2
"X1_ATTACTCCAAGTAGTA.1",1000
"X1_ATTACTCCAAGTGCAG.1",1000
"X1_ATTACTCCACAAAGCG.1",7
"X1_ATTACTCCAGACAAGC.1",0
"X1_ATTACTCCAGACCATT.1",6
"X1_ATTACTCCAGACTGCC.1",1
"X1_ATTACTCCAGAGTTCT.1",7
"X1_ATTACTCCAGCAGTTT.1",1000
"X1_ATTACTCCAGGCTATT.1",8
"X1_ATTACTCCATAACTCG.1",1000
"X1_ATTACTCCATCCCACT.1",1000
"X1_ATTACTCCATGGCACC.1",5
"X1_ATTACTCGTAAGATCA.1",3
"X1_ATTACTCGTAGGCTGA.1",3
"X1_ATTACTCGTCCTCCAT.1",3
"X1_ATTACTCGTGATACTC.1",0
"X1_ATTACTCGTTCACCGG.1",4
"X1_ATTACTCGTTGGGAAC.1",7
"X1_ATTACTCGTTTCGACA.1",6
"X1_ATTACTCTCCCGGTAG.1",6
"X1_ATTACTCTCCTGTAGA.1",1000
"X1_ATTACTCTCGACATCA.1",8
"X1_ATTACTCTCGCACTCT.1",4
"X1_ATTACTCTCGGACGTC.1",8
"X1_ATTACTCTCTGAGTCA.1",7
"X1_ATTATCCAGAACGCGT.1",6
"X1_ATTATCCAGAACGTGC.1",1
"X1_ATTATCCAGAGCCGTA.1",4
"X1_ATTATCCAGAGCTGCA.1",8
"X1_ATTATCCAGAGGCGTT.1",6
"X1_ATTATCCAGATCACCT.1",1000
"X1_ATTATCCAGCAACAGC.1",1
"X1_ATTATCCAGGAGATAG.1",5
"X1_ATTATCCAGGATAATC.1",3
"X1_ATTATCCAGGCTGTAG.1",7
"X1_ATTATCCAGGGTAATT.1",8
"X1_ATTATCCAGGTTCCGC.1",4
"X1_ATTATCCAGGTTGGAC.1",8
"X1_ATTATCCAGTAGTCCT.1",6
"X1_ATTATCCAGTTACGTC.1",1000
"X1_ATTATCCCAAACAGGC.1",8
"X1_ATTATCCCAACCTATG.1",8
"X1_ATTATCCCAAGCAGGT.1",7
"X1_ATTATCCCAAGGGTCA.1",8
"X1_ATTATCCCAATTAGGA.1",3
"X1_ATTATCCCACACCTTC.1",6
"X1_ATTATCCCACCGTGGT.1",1
"X1_ATTATCCCACGACGCT.1",8
"X1_ATTATCCCACTAGTAC.1",7
"X1_ATTATCCCAGCGTTGC.1",8
"X1_ATTATCCCATCAACCA.1",3
"X1_ATTATCCGTCAGGAGT.1",1
"X1_ATTATCCGTCATATGC.1",0
"X1_ATTATCCGTCATCACA.1",5
"X1_ATTATCCGTCCAACGC.1",1000
"X1_ATTATCCGTCCGGACT.1",3
"X1_ATTATCCGTCCTGTTC.1",1000
"X1_ATTATCCGTGATTCTG.1",7
"X1_ATTATCCGTGCAACAG.1",7
"X1_ATTATCCGTGGGTCAA.1",8
"X1_ATTATCCGTTCAATCG.1",1000
"X1_ATTATCCGTTCGAGCC.1",5
"X1_ATTATCCGTTTCGGCG.1",1000
"X1_ATTATCCTCATTGTGG.1",3
"X1_ATTATCCTCCAAGCTA.1",1000
"X1_ATTATCCTCCGACATA.1",7
"X1_ATTATCCTCCGTAGTA.1",2
"X1_ATTATCCTCCGTCACT.1",1000
"X1_ATTATCCTCCGTTTCG.1",7
"X1_ATTATCCTCCTACCGT.1",1000
"X1_ATTATCCTCCTCTGCA.1",4
"X1_ATTATCCTCTAGTTCT.1",1000
"X1_ATTATCCTCTCACGAA.1",1000
"X1_ATTATCCTCTCATGGA.1",3
"X1_ATTATCCTCTCATTAC.1",1000
"X1_ATTATCCTCTCGACCT.1",3
"X1_ATTCACTAGAACCCGA.1",4
"X1_ATTCACTAGACATACA.1",8
"X1_ATTCACTAGAGCCTGA.1",1000
"X1_ATTCACTAGCGGGTAT.1",7
"X1_ATTCACTAGGCATCGA.1",5
"X1_ATTCACTAGGCATGCA.1",4
"X1_ATTCACTAGTACGAGC.1",3
"X1_ATTCACTAGTTCTCTT.1",2
"X1_ATTCACTAGTTGCTCA.1",7
"X1_ATTCACTCAAAGGGCT.1",1000
"X1_ATTCACTCAAAGTATG.1",1000
"X1_ATTCACTCAACTGCTA.1",8
"X1_ATTCACTCAATTCTCT.1",8
"X1_ATTCACTCACATCATG.1",7
"X1_ATTCACTCACATTCGA.1",1000
"X1_ATTCACTCACCAGCCA.1",1000
"X1_ATTCACTCAGAATTCC.1",8
"X1_ATTCACTCAGACTGCC.1",4
"X1_ATTCACTCAGCAGTCC.1",1000
"X1_ATTCACTCAGCGGTCT.1",2
"X1_ATTCACTCATCCGAAT.1",7
"X1_ATTCACTGTACCCAGC.1",4
"X1_ATTCACTGTACTCCGG.1",8
"X1_ATTCACTGTATCGAAA.1",5
"X1_ATTCACTGTATGGAGC.1",1000
"X1_ATTCACTGTGGTGATG.1",8
"X1_ATTCACTGTGGTTTGT.1",7
"X1_ATTCACTGTGTCCGTG.1",1000
"X1_ATTCACTGTTCCACGG.1",5
"X1_ATTCACTGTTGAAGTA.1",6
"X1_ATTCACTTCAAGCTGT.1",3
"X1_ATTCACTTCATAGACC.1",5
"X1_ATTCACTTCCAGTACA.1",1
"X1_ATTCACTTCCGTGGGT.1",7
"X1_ATTCACTTCTACTGAG.1",3
"X1_ATTCACTTCTGATTCT.1",1000
"X1_ATTCAGGAGAGTAACT.1",7
"X1_ATTCAGGAGCACTCAT.1",8
"X1_ATTCAGGAGGGCGAGA.1",4
"X1_ATTCAGGAGGGCTGAT.1",4
"X1_ATTCAGGAGGTAGTAT.1",5
"X1_ATTCAGGAGTCCTGCG.1",1000
"X1_ATTCAGGCAACACAGG.1",8
"X1_ATTCAGGCAACGTATC.1",8
"X1_ATTCAGGCACGAGGTA.1",7
"X1_ATTCAGGCAGAACCGA.1",7
"X1_ATTCAGGCAGAGCCCT.1",8
"X1_ATTCAGGCAGAGGCTA.1",4
"X1_ATTCAGGCAGGTTCCG.1",4
"X1_ATTCAGGGTAGGAGGG.1",4
"X1_ATTCAGGGTCGCTCGA.1",8
"X1_ATTCAGGGTGAGATCG.1",1000
"X1_ATTCAGGGTGTCACAT.1",8
"X1_ATTCAGGTCAAGATAG.1",3
"X1_ATTCAGGTCATGAGTC.1",1000
"X1_ATTCAGGTCTTACCAT.1",1000
"X1_ATTCAGGTCTTCTAAC.1",1000
"X1_ATTCATCAGACTCGAG.1",4
"X1_ATTCATCAGAGTAACT.1",7
"X1_ATTCATCAGCACTGGA.1",7
"X1_ATTCATCAGCATATGA.1",1000
"X1_ATTCATCAGGCTCCCA.1",8
"X1_ATTCATCAGGGTGGGA.1",4
"X1_ATTCATCAGTCTCCTC.1",4
"X1_ATTCATCAGTGGTTAA.1",4
"X1_ATTCATCCAAACGAGC.1",6
"X1_ATTCATCCAACCGTGC.1",0
"X1_ATTCATCCAAGCGAGT.1",7
"X1_ATTCATCCAATACGAA.1",1000
"X1_ATTCATCCAATTCTTC.1",8
"X1_ATTCATCCAGAAGCGT.1",4
"X1_ATTCATCCAGCCTACG.1",5
"X1_ATTCATCCAGCGTATT.1",8
"X1_ATTCATCCATGCTGCG.1",8
"X1_ATTCATCGTACCGTCG.1",3
"X1_ATTCATCGTAGGATAT.1",7
"X1_ATTCATCGTCACTACA.1",1000
"X1_ATTCATCGTCCCGCAA.1",8
"X1_ATTCATCGTCCTGGGT.1",1
"X1_ATTCATCGTCGAACAG.1",1000
"X1_ATTCATCGTGCCCGTA.1",4
"X1_ATTCATCGTGCTTCAA.1",4
"X1_ATTCATCGTGGCTGCT.1",1
"X1_ATTCATCGTGGGCTTC.1",7
"X1_ATTCATCGTTTAGTCG.1",7
"X1_ATTCATCTCACGTCCT.1",8
"X1_ATTCATCTCAGAACCT.1",1000
"X1_ATTCATCTCCGAACGC.1",5
"X1_ATTCATCTCGGACGTC.1",1000
"X1_ATTCATCTCTCATGGA.1",1
"X1_ATTCATCTCTTAGCTT.1",1000
"X1_ATTCCATAGACCAAGC.1",1
"X1_ATTCCATAGAGCAACC.1",1000
"X1_ATTCCATAGCACTCGC.1",8
"X1_ATTCCATAGGGATCGT.1",1
"X1_ATTCCATAGGTGCTTT.1",4
"X1_ATTCCATAGGTTACCT.1",4
"X1_ATTCCATCAAGCAGGT.1",2
"X1_ATTCCATCACCCAATA.1",1000
"X1_ATTCCATCACGGCGTT.1",2
"X1_ATTCCATCACTGCGTG.1",7
"X1_ATTCCATCAGAACCGA.1",3
"X1_ATTCCATCAGAATCGG.1",8
"X1_ATTCCATCAGGCACAA.1",6
"X1_ATTCCATCAGGTCCGT.1",3
"X1_ATTCCATCAGTGTGCC.1",7
"X1_ATTCCATCATTGCCGG.1",8
"X1_ATTCCATGTAACATGA.1",1
"X1_ATTCCATGTATCTCTT.1",4
"X1_ATTCCATGTCGCATCG.1",1000
"X1_ATTCCATGTCGGCACT.1",7
"X1_ATTCCATGTCGGTGTC.1",4
"X1_ATTCCATGTGCACGCT.1",7
"X1_ATTCCATGTGCATTTG.1",1000
"X1_ATTCCATGTGGAATGC.1",1000
"X1_ATTCCATGTGGCCTCA.1",8
"X1_ATTCCATGTGGCGTAA.1",8
"X1_ATTCCATGTGTCGCTG.1",6
"X1_ATTCCATGTTGAAGTA.1",1
"X1_ATTCCATGTTTCACTT.1",1000
"X1_ATTCCATTCAAGCCCG.1",5
"X1_ATTCCATTCACCTACC.1",7
"X1_ATTCCATTCATCCTAT.1",4
"X1_ATTCCATTCCTACCGT.1",2
"X1_ATTCCATTCCTCGATC.1",3
"X1_ATTCCATTCGTGCGAC.1",1000
"X1_ATTCCATTCTGCGGCA.1",1000
"X1_ATTCCCGAGACCCGCT.1",3
"X1_ATTCCCGAGTTGTCAC.1",7
"X1_ATTCCCGCAAAGGTTA.1",1000
"X1_ATTCCCGCAAATGGAT.1",8
"X1_ATTCCCGCAACGGCCT.1",3
"X1_ATTCCCGCAAGTGATA.1",1000
"X1_ATTCCCGCACGGAAGT.1",4
"X1_ATTCCCGCAGGGATAC.1",8
"X1_ATTCCCGCAGTAACAA.1",2
"X1_ATTCCCGCATACGCAT.1",1000
"X1_ATTCCCGCATCCTTCG.1",8
"X1_ATTCCCGCATTGTAGC.1",3
"X1_ATTCCCGGTAACGATA.1",1000
"X1_ATTCCCGGTAAGTCAA.1",8
"X1_ATTCCCGGTACATACC.1",0
"X1_ATTCCCGGTAGACACG.1",7
"X1_ATTCCCGGTAGTCACT.1",8
"X1_ATTCCCGGTGACATCT.1",1
"X1_ATTCCCGGTGAGTTGG.1",3
"X1_ATTCCCGGTGCTGATT.1",2
"X1_ATTCCCGGTGGACTAG.1",7
"X1_ATTCCCGGTTCCACGG.1",1000
"X1_ATTCCCGGTTGTTGTG.1",1
"X1_ATTCCCGGTTTACTTC.1",8
"X1_ATTCCCGTCATTACCT.1",8
"X1_ATTCCCGTCCACTTCG.1",1000
"X1_ATTCCCGTCGCATTGA.1",7
"X1_ATTCCCGTCGGTCTGG.1",7
"X1_ATTCCCGTCGTAACTG.1",3
"X1_ATTCCCGTCTAGCATG.1",8
"X1_ATTCCTAAGAAGCTGC.1",1000
"X1_ATTCCTAAGATGCCGA.1",5
"X1_ATTCCTAAGCGTGAGT.1",5
"X1_ATTCCTAAGGCTCTCG.1",4
"X1_ATTCCTACAAATGGAT.1",1
"X1_ATTCCTACAACGGTAG.1",7
"X1_ATTCCTACACCTGCTT.1",7
"X1_ATTCCTACAGCACCCA.1",1
"X1_ATTCCTACATACACCA.1",1000
"X1_ATTCCTACATCGCTCT.1",0
"X1_ATTCCTACATTGACAC.1",1000
"X1_ATTCCTAGTGTGAATA.1",3
"X1_ATTCCTAGTGTGCTTA.1",8
"X1_ATTCCTAGTTAGGCCC.1",2
"X1_ATTCCTATCCATGATG.1",8
"X1_ATTCCTATCGACACTA.1",8
"X1_ATTCCTATCGCCTATC.1",7
"X1_ATTCCTATCGTTCATT.1",1000
"X1_ATTCCTATCTCTCTAA.1",4
"X1_ATTCCTATCTGAGGTT.1",1000
"X1_ATTCCTATCTGTAAGC.1",1000
"X1_ATTCCTATCTTTCCAA.1",7
"X1_ATTCGTTAGCCTCTCT.1",2
"X1_ATTCGTTAGGCGACAT.1",1000
"X1_ATTCGTTAGGGTTAGC.1",8
"X1_ATTCGTTAGGTTACCT.1",3
"X1_ATTCGTTAGTGCAGCA.1",2
"X1_ATTCGTTAGTTCCTGA.1",7
"X1_ATTCGTTCAAGGGCAT.1",6
"X1_ATTCGTTCAAGTGTCT.1",4
"X1_ATTCGTTCACTCAGAT.1",8
"X1_ATTCGTTCAGCGCGTT.1",3
"X1_ATTCGTTCATTAAAGG.1",1000
"X1_ATTCGTTCATTCCTAT.1",1000
"X1_ATTCGTTGTACCTTCC.1",8
"X1_ATTCGTTGTACTAACC.1",1000
"X1_ATTCGTTGTAGAGGAA.1",8
"X1_ATTCGTTGTAGATCCT.1",8
"X1_ATTCGTTGTAGGTAGC.1",4
"X1_ATTCGTTGTCACTTAG.1",1
"X1_ATTCGTTGTCCTCATC.1",1000
"X1_ATTCGTTGTCGATTCA.1",1000
"X1_ATTCGTTGTCTAGATC.1",8
"X1_ATTCGTTGTGACATCT.1",1000
"X1_ATTCGTTGTGCTCTCT.1",8
"X1_ATTCGTTGTGGACAGT.1",8
"X1_ATTCGTTGTTGGAGAC.1",4
"X1_ATTCGTTGTTTACACG.1",7
"X1_ATTCGTTTCACGAGGA.1",1000
"X1_ATTCGTTTCATCGTAG.1",1000
"X1_ATTCGTTTCCCTGTTG.1",1000
"X1_ATTCGTTTCCTCTCGA.1",1000
"X1_ATTCGTTTCGCACTCT.1",8
"X1_ATTCGTTTCGCAGTTA.1",1000
"X1_ATTCGTTTCGGAATGG.1",1000
"X1_ATTCGTTTCTACTCAT.1",1000
"X1_ATTCTACAGAGAAGGT.1",0
"X1_ATTCTACAGATGGGCT.1",3
"X1_ATTCTACAGCCATGCC.1",0
"X1_ATTCTACAGCTCCCTT.1",7
"X1_ATTCTACAGCTTACGT.1",1000
"X1_ATTCTACAGTAGGTTA.1",8
"X1_ATTCTACCAAACTCTG.1",1000
"X1_ATTCTACCAAGAAATC.1",0
"X1_ATTCTACCAAGCCTGC.1",6
"X1_ATTCTACCAAGGTCTT.1",3
"X1_ATTCTACCACAACGTT.1",7
"X1_ATTCTACCACAATTCG.1",8
"X1_ATTCTACCACGGCACT.1",3
"X1_ATTCTACCAGATCCAT.1",6
"X1_ATTCTACGTACTCAAC.1",3
"X1_ATTCTACGTATTTCGG.1",4
"X1_ATTCTACGTCAGTCCG.1",3
"X1_ATTCTACGTCGAAACG.1",1000
"X1_ATTCTACGTCGTTCAA.1",7
"X1_ATTCTACGTCGTTTCC.1",7
"X1_ATTCTACGTCTACGTA.1",8
"X1_ATTCTACGTGAACTAA.1",1
"X1_ATTCTACGTGAAGCTG.1",8
"X1_ATTCTACGTGCATCTA.1",2
"X1_ATTCTACGTGGCGTAA.1",7
"X1_ATTCTACGTTAGGCTT.1",0
"X1_ATTCTACGTTGTCAGT.1",4
"X1_ATTCTACTCACCCTTG.1",7
"X1_ATTCTACTCACTGAAC.1",1000
"X1_ATTCTACTCAGGACAG.1",7
"X1_ATTCTACTCAGGAGAC.1",3
"X1_ATTCTACTCATCACAG.1",1000
"X1_ATTCTACTCATTGGTG.1",6
"X1_ATTCTACTCCCGATCT.1",3
"X1_ATTCTACTCCCGGTAG.1",5
"X1_ATTCTACTCCGGCTTT.1",7
"X1_ATTCTACTCCTTGGAA.1",1000
"X1_ATTCTACTCGACATCA.1",7
"X1_ATTCTACTCTACTATC.1",1000
"X1_ATTCTACTCTCGTTTA.1",0
"X1_ATTCTTGAGACCAACG.1",3
"X1_ATTCTTGAGACTGTTC.1",0
"X1_ATTCTTGAGATTAGCA.1",8
"X1_ATTCTTGAGCAGTCTT.1",5
"X1_ATTCTTGAGCGGGTTA.1",4
"X1_ATTCTTGAGCTAGCCC.1",1000
"X1_ATTCTTGAGGAGTATT.1",1000
"X1_ATTCTTGAGTGAACAT.1",8
"X1_ATTCTTGAGTGGGAAA.1",5
"X1_ATTCTTGAGTTCCAGT.1",8
"X1_ATTCTTGCACATTCGA.1",8
"X1_ATTCTTGCACCTGCGA.1",1000
"X1_ATTCTTGCACTTGAAC.1",7
"X1_ATTCTTGCAGGTCAAG.1",4
"X1_ATTCTTGGTAATGTGA.1",8
"X1_ATTCTTGGTACAGTCT.1",3
"X1_ATTCTTGGTAGCTAAA.1",8
"X1_ATTCTTGGTAGGAGTC.1",4
"X1_ATTCTTGGTAGTCCTA.1",5
"X1_ATTCTTGGTCACCCTT.1",4
"X1_ATTCTTGGTCAGACGA.1",8
"X1_ATTCTTGGTCCGCAGT.1",1000
"X1_ATTCTTGGTTACAGCT.1",7
"X1_ATTCTTGGTTTCCATT.1",6
"X1_ATTCTTGTCAGCGCGT.1",0
"X1_ATTCTTGTCATAAGGA.1",8
"X1_ATTCTTGTCGCCAACG.1",7
"X1_ATTCTTGTCTAGAACC.1",7
"X1_ATTCTTGTCTCCGAAA.1",8
"X1_ATTCTTGTCTTCGTAT.1",3
"X1_ATTGGGTAGAAACCAT.1",3
"X1_ATTGGGTAGAGTAACT.1",8
"X1_ATTGGGTAGATTGCGG.1",8
"X1_ATTGGGTAGGTCACTT.1",8
"X1_ATTGGGTAGTCCCAGC.1",7
"X1_ATTGGGTCAACGGCTC.1",2
"X1_ATTGGGTCAATACCTG.1",1000
"X1_ATTGGGTCACATGAAA.1",1000
"X1_ATTGGGTCACCGTGGT.1",2
"X1_ATTGGGTCACCTGCAG.1",4
"X1_ATTGGGTCACTGAGGA.1",7
"X1_ATTGGGTCATCCCACT.1",6
"X1_ATTGGGTCATGACAGG.1",1000
"X1_ATTGGGTGTACGAGCA.1",3
"X1_ATTGGGTGTAGCTTAC.1",1000
"X1_ATTGGGTGTAGGAGTC.1",7
"X1_ATTGGGTGTATGAAGT.1",7
"X1_ATTGGGTGTCCTTTGC.1",0
"X1_ATTGGGTGTGACGCCT.1",1000
"X1_ATTGGGTGTGATGTAA.1",1000
"X1_ATTGGGTGTGTTGAGG.1",1000
"X1_ATTGGGTGTTGGAGAC.1",4
"X1_ATTGGGTGTTGGGACA.1",5
"X1_ATTGGGTTCAGGTGTT.1",8
"X1_ATTGGGTTCCACGTAA.1",5
"X1_ATTGGGTTCCCGAGAC.1",4
"X1_ATTGGGTTCCGAAATC.1",0
"X1_ATTGGGTTCCTTGAAG.1",6
"X1_ATTGGGTTCGACGCTG.1",3
"X1_ATTGGGTTCGCCACTT.1",0
"X1_ATTGGGTTCGCTAATG.1",1000
"X1_ATTGGGTTCGTAACTG.1",4
"X1_ATTGTTCAGACCGTTT.1",8
"X1_ATTGTTCAGTCAATCC.1",7
"X1_ATTGTTCAGTCTGCGC.1",8
"X1_ATTGTTCCAAAGCTCT.1",5
"X1_ATTGTTCCAACACGAG.1",7
"X1_ATTGTTCCACTGGACC.1",1000
"X1_ATTGTTCCATATCTGG.1",7
"X1_ATTGTTCCATCAACCA.1",5
"X1_ATTGTTCCATCCTTGC.1",4
"X1_ATTGTTCGTACTAGCT.1",7
"X1_ATTGTTCGTCGTCATA.1",8
"X1_ATTGTTCGTGTTACAC.1",7
"X1_ATTGTTCTCAGATGCT.1",7
"X1_ATTGTTCTCCATACTT.1",5
"X1_ATTGTTCTCCCAACTC.1",7
"X1_ATTGTTCTCGCGTAGC.1",7
"X1_ATTGTTCTCGTGGACC.1",4
"X1_ATTGTTCTCTTCCCAG.1",8
"X1_ATTTACCAGGCTGTAG.1",1000
"X1_ATTTACCAGTACCCTA.1",5
"X1_ATTTACCCAAAGAGTT.1",1000
"X1_ATTTACCCAAATCAGA.1",4
"X1_ATTTACCCAACACAGG.1",1000
"X1_ATTTACCCAAGGACAC.1",8
"X1_ATTTACCCACAGCCAC.1",2
"X1_ATTTACCCACGATTCA.1",8
"X1_ATTTACCCACGGATCC.1",4
"X1_ATTTACCCAGGACTAG.1",4
"X1_ATTTACCCATGAAGGC.1",6
"X1_ATTTACCGTCACAGTT.1",1000
"X1_ATTTACCGTCGGCCTA.1",4
"X1_ATTTACCGTGGTGATG.1",7
"X1_ATTTACCGTTGGGACA.1",1
"X1_ATTTACCGTTTAGTCG.1",1000
"X1_ATTTACCGTTTATGCG.1",7
"X1_ATTTACCTCAATCAGC.1",1000
"X1_ATTTACCTCAATGCAC.1",7
"X1_ATTTACCTCATAGAGA.1",4
"X1_ATTTACCTCATGCAGT.1",1000
"X1_ATTTACCTCATGCATG.1",8
"X1_ATTTACCTCCCTTGGT.1",1000
"X1_ATTTACCTCCTAGCTC.1",4
"X1_ATTTACCTCGAAGAAT.1",4
"X1_ATTTACCTCTCCGAGG.1",8
"X1_ATTTACCTCTGACAGT.1",4
"X1_ATTTACCTCTGATGGT.1",1000
"X1_ATTTCACAGAAGTGTT.1",1000
"X1_ATTTCACAGACCATAA.1",1000
"X1_ATTTCACAGACGCTCC.1",1000
"X1_ATTTCACAGCTCGACC.1",4
"X1_ATTTCACAGGAGGCAG.1",4
"X1_ATTTCACAGGCGCTTC.1",1000
"X1_ATTTCACAGGGCAGTT.1",8
"X1_ATTTCACAGTGCAGGT.1",5
"X1_ATTTCACAGTGTTGTC.1",4
"X1_ATTTCACAGTTGTCAC.1",8
"X1_ATTTCACCAAATGGTA.1",7
"X1_ATTTCACCAACGGCTC.1",6
"X1_ATTTCACCAAGGACAC.1",7
"X1_ATTTCACCAAGTCGTT.1",8
"X1_ATTTCACCACTCAAGT.1",0
"X1_ATTTCACCAGCTACTA.1",3
"X1_ATTTCACCAGGCCCTA.1",7
"X1_ATTTCACCAGTTCTAG.1",7
"X1_ATTTCACCATGCACTA.1",1000
"X1_ATTTCACCATTGCTGA.1",1000
"X1_ATTTCACCATTGGATC.1",1000
"X1_ATTTCACGTAACTAAG.1",4
"X1_ATTTCACGTACCCGAC.1",5
"X1_ATTTCACGTAGGCTCC.1",1000
"X1_ATTTCACGTCTCTCAC.1",4
"X1_ATTTCACGTTGAAGTA.1",0
"X1_ATTTCACGTTGTGCCG.1",8
"X1_ATTTCACGTTTGTTGG.1",1000
"X1_ATTTCACTCATGAGTC.1",3
"X1_ATTTCACTCCAGCAAT.1",8
"X1_ATTTCACTCCCGGTAG.1",1000
"X1_ATTTCACTCGTACCTC.1",8
"X1_ATTTCACTCGTGCGAC.1",1000
"X1_ATTTCTGAGAAGTCTA.1",5
"X1_ATTTCTGAGACTAGAT.1",0
"X1_ATTTCTGAGAGGGTCT.1",8
"X1_ATTTCTGAGAGTCAGC.1",8
"X1_ATTTCTGAGATGGCAC.1",1
"X1_ATTTCTGAGCGATCGA.1",7
"X1_ATTTCTGAGGAAACGA.1",1
"X1_ATTTCTGAGGATGAGA.1",4
"X1_ATTTCTGAGGGAGGGT.1",1
"X1_ATTTCTGAGTCACTCA.1",3
"X1_ATTTCTGAGTCGAAGC.1",6
"X1_ATTTCTGAGTGCCTCG.1",8
"X1_ATTTCTGAGTTGGCTT.1",8
"X1_ATTTCTGCAAGTGCAG.1",7
"X1_ATTTCTGCACAAAGCG.1",1000
"X1_ATTTCTGCACTGCGAC.1",2
"X1_ATTTCTGCACTTGAAC.1",8
"X1_ATTTCTGCAGAGGTAC.1",1000
"X1_ATTTCTGCATAACAGA.1",1
"X1_ATTTCTGGTAAGAACT.1",1
"X1_ATTTCTGGTCAGATTC.1",4
"X1_ATTTCTGGTCCGAAAG.1",4
"X1_ATTTCTGGTCGCACAC.1",6
"X1_ATTTCTGGTCTGGTTA.1",7
"X1_ATTTCTGGTTATGGTC.1",4
"X1_ATTTCTGGTTCAGTAC.1",4
"X1_ATTTCTGGTTCCGGTG.1",7
"X1_ATTTCTGGTTGAGAGC.1",8
"X1_ATTTCTGTCACCACAA.1",8
"X1_ATTTCTGTCCTCTAGC.1",5
"X1_ATTTCTGTCGGCATTA.1",7
"X1_ATTTCTGTCGGTAACT.1",4
"X1_ATTTCTGTCGTACCTC.1",4
"X1_ATTTCTGTCTCATAGG.1",7
"X1_ATTTCTGTCTCGCTCA.1",1000
"X1_ATTTCTGTCTCTGACC.1",1000
"X1_ATTTCTGTCTGGGAGA.1",8
"X1_ATTTCTGTCTTGGCTC.1",3
"X1_CAAAGAAAGAATCGTA.1",7
"X1_CAAAGAAAGACTGAGC.1",7
"X1_CAAAGAAAGAGTCGAC.1",8
"X1_CAAAGAAAGCGAGAAA.1",1000
"X1_CAAAGAAAGGGATGTC.1",7
"X1_CAAAGAAAGTAATACG.1",6
"X1_CAAAGAAAGTTCAACC.1",7
"X1_CAAAGAACAAAGCTCT.1",8
"X1_CAAAGAACAAGTGATA.1",1000
"X1_CAAAGAACAATACAGA.1",1000
"X1_CAAAGAACAGAGAGGG.1",8
"X1_CAAAGAAGTACAGTTC.1",4
"X1_CAAAGAAGTACGATTC.1",8
"X1_CAAAGAAGTCACCCTT.1",1000
"X1_CAAAGAAGTCCCTGAG.1",7
"X1_CAAAGAAGTGGGCTTC.1",5
"X1_CAAAGAAGTGTCTCCT.1",4
"X1_CAAAGAAGTTTGTGGT.1",3
"X1_CAAAGAATCACTTCTA.1",1000
"X1_CAAAGAATCAGATGCT.1",8
"X1_CAAAGAATCAGTGTCA.1",7
"X1_CAAAGAATCCGTGGGT.1",8
"X1_CAAAGAATCCTGGGAC.1",8
"X1_CAAAGAATCCTTATGT.1",8
"X1_CAAAGAATCGTCCTTG.1",1000
"X1_CAAAGAATCTGAGGCC.1",1000
"X1_CAAAGAATCTGCCCTA.1",8
"X1_CAAAGAATCTGGTGGC.1",8
"X1_CAACAACAGACTCGAG.1",8
"X1_CAACAACAGAGGATGA.1",4
"X1_CAACAACAGCATAGGC.1",4
"X1_CAACAACAGCATGCAG.1",0
"X1_CAACAACAGCGCTGCT.1",7
"X1_CAACAACAGCGTCGAA.1",1000
"X1_CAACAACAGGTAGTAT.1",7
"X1_CAACAACAGGTCACCC.1",3
"X1_CAACAACAGGTCATAA.1",8
"X1_CAACAACAGTCACTGT.1",2
"X1_CAACAACAGTCGGGAT.1",1000
"X1_CAACAACAGTCTAGCT.1",4
"X1_CAACAACAGTGAGTGC.1",8
"X1_CAACAACAGTTGAATG.1",6
"X1_CAACAACCAAAGGTTA.1",7
"X1_CAACAACCAAGTGGCA.1",6
"X1_CAACAACCAATACGAA.1",1000
"X1_CAACAACCAATAGGGC.1",1000
"X1_CAACAACCACATACGT.1",1000
"X1_CAACAACCACGTACTA.1",5
"X1_CAACAACCACTTCTCG.1",0
"X1_CAACAACCACTTGACA.1",4
"X1_CAACAACCAGAAGTGC.1",1
"X1_CAACAACCAGGAGACT.1",7
"X1_CAACAACCAGTTCTAG.1",4
"X1_CAACAACGTAGCGTTT.1",7
"X1_CAACAACGTCACATTG.1",0
"X1_CAACAACGTCACTCGG.1",4
"X1_CAACAACGTGCAGGAT.1",8
"X1_CAACAACGTGTCATTG.1",1000
"X1_CAACAACGTTCCCAAA.1",2
"X1_CAACAACGTTCGGCTG.1",2
"X1_CAACAACGTTCTCGCT.1",6
"X1_CAACAACTCATTCATC.1",1000
"X1_CAACAACTCCACTAGA.1",6
"X1_CAACAACTCCAGTGCG.1",1000
"X1_CAACAACTCGAGAGAC.1",7
"X1_CAACAACTCGATTGAC.1",8
"X1_CAACAACTCGCTGATA.1",7
"X1_CAACAACTCGCTGTCT.1",1000
"X1_CAACAACTCTCGTCAC.1",8
"X1_CAACAACTCTGTCGTC.1",7
"X1_CAACAACTCTTCACGC.1",1000
"X1_CAACAACTCTTCTGGC.1",6
"X1_CAACAGTAGATAGCAT.1",8
"X1_CAACAGTAGTAACAGT.1",1000
"X1_CAACAGTAGTTTCGGT.1",4
"X1_CAACAGTCAAATCGTC.1",0
"X1_CAACAGTCAAATGAGT.1",1000
"X1_CAACAGTCAACCAGAG.1",2
"X1_CAACAGTCAAGCCCAC.1",7
"X1_CAACAGTCACTCCCTA.1",2
"X1_CAACAGTCAGTCCGTG.1",2
"X1_CAACAGTCAGTTGGTT.1",4
"X1_CAACAGTCATCAGCAT.1",7
"X1_CAACAGTCATCCGATA.1",5
"X1_CAACAGTCATCGGTTA.1",7
"X1_CAACAGTCATGGACAG.1",1000
"X1_CAACAGTCATGGGATG.1",5
"X1_CAACAGTGTAAGACCG.1",8
"X1_CAACAGTGTAGACACG.1",1
"X1_CAACAGTGTATGAGAT.1",4
"X1_CAACAGTGTCAACCTA.1",4
"X1_CAACAGTGTGGCAACA.1",3
"X1_CAACAGTGTTCAAAGA.1",1000
"X1_CAACAGTGTTCTGAGT.1",7
"X1_CAACAGTGTTTACTTC.1",8
"X1_CAACAGTGTTTAGTCG.1",8
"X1_CAACAGTTCAAGAGTA.1",3
"X1_CAACAGTTCACAAGAA.1",3
"X1_CAACAGTTCAGGAACG.1",0
"X1_CAACAGTTCATAGGCT.1",8
"X1_CAACAGTTCCACCCTA.1",8
"X1_CAACAGTTCGAATGCT.1",7
"X1_CAACAGTTCGCCAGAC.1",4
"X1_CAACAGTTCGCTTACC.1",4
"X1_CAACAGTTCGTCTAAG.1",3
"X1_CAACAGTTCTCGAACA.1",4
"X1_CAACAGTTCTGCATGA.1",7
"X1_CAACAGTTCTGGGCCA.1",3
"X1_CAACCAAAGCCAAGTG.1",5
"X1_CAACCAAAGCGCCCAT.1",8
"X1_CAACCAAAGCTAGAGC.1",1000
"X1_CAACCAAAGGAATCGC.1",7
"X1_CAACCAAAGTCTGCGC.1",4
"X1_CAACCAACAACTACGT.1",4
"X1_CAACCAACAACTGTGT.1",1000
"X1_CAACCAACAAGATGTA.1",2
"X1_CAACCAACAAGCTCTA.1",4
"X1_CAACCAACAAGTGATA.1",1000
"X1_CAACCAACAAGTGGTG.1",1
"X1_CAACCAACACCCTTGT.1",2
"X1_CAACCAACAGCGTGCT.1",4
"X1_CAACCAACAGGTTCCG.1",7
"X1_CAACCAACAGTGCGCT.1",1000
"X1_CAACCAACATTGTAGC.1",5
"X1_CAACCAAGTACTGTTG.1",0
"X1_CAACCAAGTCCGGTCA.1",1000
"X1_CAACCAAGTCGGCACT.1",8
"X1_CAACCAAGTGAGATTA.1",4
"X1_CAACCAAGTGGAAATT.1",3
"X1_CAACCAAGTGGCAACA.1",4
"X1_CAACCAAGTTCCATTT.1",2
"X1_CAACCAAGTTCCGCAG.1",7
"X1_CAACCAAGTTGAATCC.1",3
"X1_CAACCAAGTTTACCTT.1",7
"X1_CAACCAATCAAACCTG.1",8
"X1_CAACCAATCAAGAATG.1",8
"X1_CAACCAATCACGATCA.1",1000
"X1_CAACCAATCAGGAAGC.1",1000
"X1_CAACCAATCAGTCACA.1",5
"X1_CAACCAATCGACCAAT.1",6
"X1_CAACCAATCGCCACTT.1",5
"X1_CAACCTCAGAGGTCAC.1",8
"X1_CAACCTCAGCAACCAG.1",4
"X1_CAACCTCAGCTGGTGA.1",5
"X1_CAACCTCAGTCCCAAT.1",4
"X1_CAACCTCAGTCTCCTC.1",4
"X1_CAACCTCAGTCTGCGC.1",1000
"X1_CAACCTCCAACTTGGT.1",4
"X1_CAACCTCCACATATCG.1",1000
"X1_CAACCTCCACCCTAAA.1",1000
"X1_CAACCTCCACCGCTGA.1",8
"X1_CAACCTCCACGGCACT.1",8
"X1_CAACCTCCACTGTCCT.1",6
"X1_CAACCTCCAGCAGACA.1",0
"X1_CAACCTCCAGCTAACT.1",8
"X1_CAACCTCCAGTGTGCC.1",3
"X1_CAACCTCCATACCACA.1",1000
"X1_CAACCTCCATCCGAAT.1",8
"X1_CAACCTCCATCTCAAG.1",1000
"X1_CAACCTCCATTCACCC.1",1000
"X1_CAACCTCGTAGCTGAG.1",3
"X1_CAACCTCGTCCGAAAG.1",3
"X1_CAACCTCGTCGATTTG.1",8
"X1_CAACCTCGTTGGCCGT.1",4
"X1_CAACCTCGTTGGGATG.1",0
"X1_CAACCTCTCATTGTGG.1",8
"X1_CAACCTCTCCCTAGGG.1",3
"X1_CAACCTCTCCCTCGAT.1",1000
"X1_CAACCTCTCCGATAAC.1",1000
"X1_CAACCTCTCCGTAGTA.1",1000
"X1_CAACCTCTCGACGAGA.1",8
"X1_CAACCTCTCGTCGCTT.1",7
"X1_CAACCTCTCTCAGTCC.1",7
"X1_CAACCTCTCTTAAGGC.1",2
"X1_CAACCTCTCTTCACAT.1",8
"X1_CAACGATAGACCATTC.1",8
"X1_CAACGATAGCATCCTA.1",8
"X1_CAACGATAGTCGTCTA.1",4
"X1_CAACGATAGTTTGAGA.1",5
"X1_CAACGATCAAATCAGA.1",8
"X1_CAACGATCAACCGACC.1",1000
"X1_CAACGATCACATCCCT.1",4
"X1_CAACGATCACGACAAG.1",7
"X1_CAACGATCACGGTGAA.1",6
"X1_CAACGATCACTTCAAG.1",8
"X1_CAACGATCAGGCACTC.1",1000
"X1_CAACGATCAGTCGCAC.1",5
"X1_CAACGATCATATCTCT.1",7
"X1_CAACGATGTACAAGCG.1",6
"X1_CAACGATGTACGATCT.1",4
"X1_CAACGATGTAGTACGG.1",2
"X1_CAACGATGTATTGACC.1",1000
"X1_CAACGATGTCTTTCAT.1",8
"X1_CAACGATGTGATATAG.1",5
"X1_CAACGATGTGGTCTGC.1",4
"X1_CAACGATGTGTAGTGG.1",1
"X1_CAACGATGTTAAGTCC.1",4
"X1_CAACGATGTTATCTTC.1",4
"X1_CAACGATGTTCTCAGA.1",8
"X1_CAACGATTCAATCTTC.1",1000
"X1_CAACGATTCATACGGT.1",7
"X1_CAACGATTCATTATCC.1",8
"X1_CAACGATTCCGATAGT.1",0
"X1_CAACGATTCGAAATCC.1",1
"X1_CAACGATTCGACACCG.1",7
"X1_CAACGATTCGAGTACT.1",4
"X1_CAACGATTCGCTAATG.1",3
"X1_CAACGATTCGGCACTG.1",0
"X1_CAACGATTCTTGGAAC.1",7
"X1_CAACGATTCTTTGATC.1",4
"X1_CAACGGCAGACATAGT.1",4
"X1_CAACGGCAGATACTGA.1",7
"X1_CAACGGCAGGTATAGT.1",5
"X1_CAACGGCAGGTTCTTG.1",2
"X1_CAACGGCAGTGCCGAA.1",6
"X1_CAACGGCAGTGGTTCT.1",4
"X1_CAACGGCCAACACGAG.1",1000
"X1_CAACGGCCAAGCGGAT.1",2
"X1_CAACGGCCAAGGATGC.1",7
"X1_CAACGGCCAATGAGCG.1",4
"X1_CAACGGCCACAACGTT.1",5
"X1_CAACGGCCACAATGCT.1",1000
"X1_CAACGGCCACGGCTAC.1",6
"X1_CAACGGCCAGACCTAT.1",7
"X1_CAACGGCCAGGCGTTC.1",7
"X1_CAACGGCCATCAGCTA.1",7
"X1_CAACGGCCATGGAACG.1",1000
"X1_CAACGGCGTCCTTAAG.1",7
"X1_CAACGGCGTCTCGGGT.1",5
"X1_CAACGGCGTCTGTTAG.1",5
"X1_CAACGGCGTCTTGCTC.1",5
"X1_CAACGGCGTTACCCAA.1",1000
"X1_CAACGGCTCAAATAGG.1",2
"X1_CAACGGCTCAACTCTT.1",1000
"X1_CAACGGCTCATGCATG.1",3
"X1_CAACGGCTCGACCTAA.1",8
"X1_CAACGGCTCGCTTTAT.1",2
"X1_CAACGGCTCGGCCTTT.1",1000
"X1_CAACGGCTCTGTCAGA.1",1000
"X1_CAAGACTAGAAATCCA.1",8
"X1_CAAGACTAGCAGTACG.1",5
"X1_CAAGACTAGCATCCTA.1",7
"X1_CAAGACTAGCCTATTG.1",0
"X1_CAAGACTAGCGAATGC.1",1
"X1_CAAGACTAGCTACGTT.1",8
"X1_CAAGACTAGCTCCGAC.1",7
"X1_CAAGACTAGGCCCGTT.1",1
"X1_CAAGACTAGGGCCTCT.1",1000
"X1_CAAGACTAGTCAGCGA.1",1000
"X1_CAAGACTAGTTGTACC.1",8
"X1_CAAGACTCAATTAGGA.1",6
"X1_CAAGACTCACAGCTGC.1",2
"X1_CAAGACTCACATATGC.1",7
"X1_CAAGACTCACTAGAGG.1",3
"X1_CAAGACTCACTGATTG.1",4
"X1_CAAGACTCATCGTTCC.1",7
"X1_CAAGACTCATGGAACG.1",8
"X1_CAAGACTGTACAAACA.1",1000
"X1_CAAGACTGTACCGTCG.1",5
"X1_CAAGACTGTACGGGAT.1",2
"X1_CAAGACTGTACTCAAC.1",7
"X1_CAAGACTGTCCAGCGT.1",1000
"X1_CAAGACTGTCGGAACA.1",6
"X1_CAAGACTGTCTCGGGT.1",1000
"X1_CAAGACTGTGCATCTA.1",1000
"X1_CAAGACTGTTCATCGA.1",0
"X1_CAAGACTGTTGATCGT.1",4
"X1_CAAGACTTCATGAGTC.1",7
"X1_CAAGACTTCCGGTTCT.1",3
"X1_CAAGACTTCCTGTAGA.1",4
"X1_CAAGACTTCGACTCCT.1",7
"X1_CAAGACTTCTTGGTGA.1",2
"X1_CAAGAGGAGAATCTAG.1",8
"X1_CAAGAGGAGCTGTACT.1",1000
"X1_CAAGAGGAGGCACGAT.1",4
"X1_CAAGAGGAGTGAGCCA.1",4
"X1_CAAGAGGAGTGCTCAT.1",1000
"X1_CAAGAGGCAACACAAA.1",1000
"X1_CAAGAGGCAACAGATA.1",8
"X1_CAAGAGGCAACGCATT.1",4
"X1_CAAGAGGCAATAGGAT.1",1000
"X1_CAAGAGGCAGGAACCA.1",7
"X1_CAAGAGGCAGTCAGCC.1",8
"X1_CAAGAGGCAGTGAGCA.1",6
"X1_CAAGAGGCAGTTAGAA.1",8
"X1_CAAGAGGGTACCTAAC.1",1000
"X1_CAAGAGGGTACGATGG.1",1000
"X1_CAAGAGGGTACGTGTT.1",3
"X1_CAAGAGGGTATGAGCG.1",8
"X1_CAAGAGGGTCCTCAGG.1",7
"X1_CAAGAGGGTTATTCTC.1",1
"X1_CAAGAGGGTTGCATCA.1",4
"X1_CAAGAGGGTTTCGTAG.1",8
"X1_CAAGAGGTCAAACGAA.1",1000
"X1_CAAGAGGTCATGCATG.1",7
"X1_CAAGAGGTCCAAACCA.1",3
"X1_CAAGAGGTCCACGGGT.1",8
"X1_CAAGAGGTCCTGGTCT.1",1000
"X1_CAAGAGGTCCTTTGAT.1",1000
"X1_CAAGAGGTCGCTGTCT.1",1000
"X1_CAAGAGGTCGTTAGAC.1",1000
"X1_CAAGAGGTCTAGACAC.1",1000
"X1_CAAGAGGTCTCCACTG.1",8
"X1_CAAGAGGTCTTCCCAG.1",4
"X1_CAAGCTAAGAAGCCAC.1",5
"X1_CAAGCTAAGAATAGTC.1",1000
"X1_CAAGCTAAGATCGCCC.1",8
"X1_CAAGCTAAGCGAGTAC.1",1000
"X1_CAAGCTAAGCTTCTAG.1",1000
"X1_CAAGCTAAGGCACTAG.1",1
"X1_CAAGCTAAGGTCTACT.1",1000
"X1_CAAGCTAAGGTTAGTA.1",8
"X1_CAAGCTAAGTAATTGG.1",7
"X1_CAAGCTAAGTAGCCAG.1",1
"X1_CAAGCTACACGTGAGA.1",4
"X1_CAAGCTACAGCAGTTT.1",8
"X1_CAAGCTACAGGTGTGA.1",1000
"X1_CAAGCTACATCATCTT.1",8
"X1_CAAGCTACATGGACAG.1",1
"X1_CAAGCTAGTAACACGG.1",1000
"X1_CAAGCTAGTACAAGCG.1",8
"X1_CAAGCTAGTCTGTTAG.1",6
"X1_CAAGCTAGTGCTAGCC.1",1000
"X1_CAAGCTAGTGCTATTG.1",8
"X1_CAAGCTAGTGGTCAAG.1",1000
"X1_CAAGCTAGTTCCTACC.1",0
"X1_CAAGCTAGTTCTCACC.1",1000
"X1_CAAGCTAGTTTACTGG.1",1000
"X1_CAAGCTAGTTTCGTAG.1",1000
"X1_CAAGCTATCAGACCGC.1",1000
"X1_CAAGCTATCATCGCCT.1",2
"X1_CAAGCTATCCATACAG.1",3
"X1_CAAGCTATCCGTTTCG.1",1000
"X1_CAAGCTATCTATTTCG.1",7
"X1_CAAGCTATCTTGTGCC.1",1
"X1_CAAGGGAAGCGCACAA.1",1000
"X1_CAAGGGAAGGACTATA.1",8
"X1_CAAGGGAAGGCGAAGG.1",7
"X1_CAAGGGAAGGTTCCGC.1",1000
"X1_CAAGGGAAGGTTGACG.1",7
"X1_CAAGGGAAGGTTGGAC.1",1000
"X1_CAAGGGACAAACCGGA.1",8
"X1_CAAGGGACAAATACAG.1",7
"X1_CAAGGGACAAATAGCA.1",1000
"X1_CAAGGGACACCAATTG.1",3
"X1_CAAGGGACACGTACTA.1",8
"X1_CAAGGGACACGTAGTT.1",1000
"X1_CAAGGGACACGTCATA.1",8
"X1_CAAGGGACAGATGCGA.1",4
"X1_CAAGGGACAGCACGAA.1",1000
"X1_CAAGGGACATACTGTG.1",2
"X1_CAAGGGAGTACGTGAG.1",4
"X1_CAAGGGAGTAGATCGG.1",3
"X1_CAAGGGAGTCAGACGA.1",1000
"X1_CAAGGGAGTCGGCTAC.1",1000
"X1_CAAGGGAGTCTACGAT.1",1000
"X1_CAAGGGATCACATACG.1",2
"X1_CAAGGGATCCGAAATC.1",7
"X1_CAAGGGATCCGACGGT.1",1000
"X1_CAAGGGATCGCCAATA.1",4
"X1_CAAGGGATCGCCGTGA.1",4
"X1_CAAGGGATCTCGTCAC.1",7
"X1_CAAGGGATCTGTACAG.1",2
"X1_CAATACGAGAGTCCGA.1",5
"X1_CAATACGAGATAGCTA.1",3
"X1_CAATACGAGATCGACG.1",1000
"X1_CAATACGAGATGCCGA.1",2
"X1_CAATACGAGCAAGTCG.1",1000
"X1_CAATACGAGCAGTACG.1",8
"X1_CAATACGAGCGCCATC.1",1000
"X1_CAATACGAGGAGTATT.1",8
"X1_CAATACGAGGATTCAA.1",4
"X1_CAATACGAGGTAACTA.1",4
"X1_CAATACGAGGTCGCCT.1",8
"X1_CAATACGAGTGCAGCA.1",8
"X1_CAATACGAGTGCGCTC.1",1000
"X1_CAATACGCACAAGCCC.1",1000
"X1_CAATACGCACACCGCA.1",1
"X1_CAATACGCAGCCGGTT.1",7
"X1_CAATACGCAGCGATTT.1",4
"X1_CAATACGCAGCTTCCT.1",7
"X1_CAATACGCATGAAAGT.1",7
"X1_CAATACGCATTAAAGG.1",7
"X1_CAATACGGTAAGAACT.1",1
"X1_CAATACGGTCAACCAT.1",1000
"X1_CAATACGGTCATCGGC.1",1000
"X1_CAATACGGTCCCGCAA.1",3
"X1_CAATACGGTCGTTTCC.1",1000
"X1_CAATACGGTGCAGGAT.1",2
"X1_CAATACGGTTACGGAG.1",7
"X1_CAATACGGTTATTCCT.1",7
"X1_CAATACGGTTCCGCGA.1",6
"X1_CAATACGGTTTGTGGT.1",1000
"X1_CAATACGTCAAGCGTT.1",4
"X1_CAATACGTCACCTCGT.1",7
"X1_CAATACGTCACTGCTC.1",7
"X1_CAATACGTCATGGCCG.1",1000
"X1_CAATACGTCATGTCTT.1",3
"X1_CAATACGTCATTCACT.1",4
"X1_CAATACGTCTACAGGT.1",4
"X1_CAATACGTCTAGGCAT.1",1000
"X1_CAATACGTCTGAGTCA.1",1000
"X1_CAATACGTCTTCCCAG.1",2
"X1_CAATCGAAGACATCAA.1",1
"X1_CAATCGAAGACTACCT.1",7
"X1_CAATCGAAGCTCGGCT.1",8
"X1_CAATCGAAGCTGTACT.1",4
"X1_CAATCGAAGCTGTGCC.1",1000
"X1_CAATCGAAGGATGAGA.1",8
"X1_CAATCGAAGGATGCGT.1",2
"X1_CAATCGAAGGTGATCG.1",8
"X1_CAATCGAAGTCCTGTA.1",6
"X1_CAATCGAAGTCTGCAT.1",3
"X1_CAATCGACAAGTATAG.1",3
"X1_CAATCGACACATTACG.1",4
"X1_CAATCGACACCAGTAT.1",8
"X1_CAATCGACACCGGCTA.1",8
"X1_CAATCGACAGGGTTGA.1",3
"X1_CAATCGACATATGCGT.1",8
"X1_CAATCGACATCAGTGT.1",1000
"X1_CAATCGACATTGTACG.1",8
"X1_CAATCGAGTAACCCGC.1",7
"X1_CAATCGAGTCAGGTGA.1",7
"X1_CAATCGAGTCCTGTCT.1",2
"X1_CAATCGAGTCCTTGTC.1",3
"X1_CAATCGAGTCGGTAAG.1",8
"X1_CAATCGAGTTACAGCT.1",4
"X1_CAATCGAGTTCTTCAT.1",8
"X1_CAATCGAGTTTGGCTA.1",1
"X1_CAATCGATCCGGCAGT.1",1000
"X1_CAATCGATCCGTCAAA.1",2
"X1_CAATCGATCCGTGACG.1",5
"X1_CAATCGATCCGTGTCT.1",7
"X1_CAATCGATCCTACTGC.1",3
"X1_CAATCGATCGTTACCC.1",1000
"X1_CAATCGATCGTTCGCT.1",4
"X1_CAATGACAGAAATGGG.1",5
"X1_CAATGACAGAGTCCGA.1",1000
"X1_CAATGACAGCCATTTG.1",1000
"X1_CAATGACAGCGTTCCG.1",8
"X1_CAATGACAGCTGGCTC.1",2
"X1_CAATGACAGCTGGTGA.1",0
"X1_CAATGACAGGAACATT.1",3
"X1_CAATGACAGGCAGGTT.1",8
"X1_CAATGACAGTATTCCG.1",5
"X1_CAATGACAGTTGCGCC.1",1000
"X1_CAATGACCAAATGCTC.1",8
"X1_CAATGACCACAGCGCT.1",8
"X1_CAATGACCAGTGTATC.1",6
"X1_CAATGACCATAGACTC.1",5
"X1_CAATGACCATCGCTGG.1",3
"X1_CAATGACCATGGACAG.1",4
"X1_CAATGACCATGGTACT.1",2
"X1_CAATGACCATTGGGAG.1",8
"X1_CAATGACGTAGGTGCA.1",8
"X1_CAATGACGTCTCAAGT.1",7
"X1_CAATGACGTGGCGTAA.1",1000
"X1_CAATGACGTTATTCCT.1",8
"X1_CAATGACGTTGTTGTG.1",1
"X1_CAATGACGTTTCACTT.1",7
"X1_CAATGACTCAAGTGGG.1",4
"X1_CAATGACTCAATGCAC.1",7
"X1_CAATGACTCAGGACGA.1",3
"X1_CAATGACTCATCAGTG.1",4
"X1_CAATGACTCATTGGTG.1",1
"X1_CAATGACTCATTTGCT.1",4
"X1_CAATGACTCCCTCATG.1",8
"X1_CAATGACTCGAACGCC.1",8
"X1_CAATGACTCGATTGAC.1",7
"X1_CAATGACTCTATGCCC.1",7
"X1_CAATTTCAGAAGTCCG.1",2
"X1_CAATTTCAGCACAAAT.1",3
"X1_CAATTTCAGCCAGTAG.1",8
"X1_CAATTTCAGGAAGAAC.1",5
"X1_CAATTTCCACAACGAG.1",7
"X1_CAATTTCCACACGCCA.1",4
"X1_CAATTTCCACGACGAA.1",8
"X1_CAATTTCCAGCGGATA.1",6
"X1_CAATTTCCAGCTACAT.1",1000
"X1_CAATTTCCAGTCGAGA.1",6
"X1_CAATTTCCATAGGAGC.1",2
"X1_CAATTTCCATATTCGG.1",6
"X1_CAATTTCCATCCTTCG.1",1000
"X1_CAATTTCCATGTCTAG.1",1
"X1_CAATTTCCATTGCCTC.1",1000
"X1_CAATTTCGTAAGTTGA.1",7
"X1_CAATTTCGTAGAATAC.1",7
"X1_CAATTTCGTATGACAA.1",7
"X1_CAATTTCGTATTAAGG.1",7
"X1_CAATTTCGTATTTCTC.1",6
"X1_CAATTTCGTCAGATTC.1",1000
"X1_CAATTTCGTCCCTCAT.1",7
"X1_CAATTTCGTCCTGGGT.1",2
"X1_CAATTTCGTCGAATGG.1",1000
"X1_CAATTTCGTCGTAATC.1",8
"X1_CAATTTCGTCTAATCG.1",1000
"X1_CAATTTCGTGAATTGA.1",7
"X1_CAATTTCGTGAGATAT.1",8
"X1_CAATTTCGTGGCAGAT.1",6
"X1_CAATTTCGTGGCGTAA.1",3
"X1_CAATTTCGTGTCCCTT.1",8
"X1_CAATTTCGTTTACTGG.1",7
"X1_CAATTTCTCCCGAGGT.1",7
"X1_CAATTTCTCCGCGATG.1",3
"X1_CAATTTCTCGTGCGAC.1",3
"X1_CAATTTCTCTCTCAAT.1",8
"X1_CACAACAAGAAATTCG.1",0
"X1_CACAACAAGCACGATG.1",1000
"X1_CACAACAAGCATCAAA.1",8
"X1_CACAACAAGCATCAGG.1",1000
"X1_CACAACAAGCCGGATA.1",1000
"X1_CACAACAAGCCTGTCG.1",6
"X1_CACAACAAGCTAGTTC.1",6
"X1_CACAACAAGGACAAGA.1",8
"X1_CACAACAAGGTTCCGC.1",5
"X1_CACAACAAGGTTGGAC.1",4
"X1_CACAACACAATCGCGC.1",8
"X1_CACAACACACTACCGG.1",7
"X1_CACAACACAGAAGCGT.1",1000
"X1_CACAACACAGACCGCT.1",0
"X1_CACAACACAGTAGATA.1",1000
"X1_CACAACACAGTCTTCC.1",6
"X1_CACAACACATATGAAG.1",8
"X1_CACAACACATGGCACC.1",1000
"X1_CACAACACATGGGATG.1",1
"X1_CACAACACATGTTCAG.1",1000
"X1_CACAACAGTAAGCAAT.1",8
"X1_CACAACAGTATCGCTA.1",8
"X1_CACAACAGTATTTCCT.1",6
"X1_CACAACAGTCAGGCAA.1",5
"X1_CACAACAGTCTCACGG.1",8
"X1_CACAACAGTGGAACCA.1",1000
"X1_CACAACATCAACTCTT.1",8
"X1_CACAACATCAATGTCG.1",8
"X1_CACAACATCATTACTC.1",8
"X1_CACAACATCCAACACA.1",2
"X1_CACAACATCCATCACC.1",1000
"X1_CACAACATCCGCGATG.1",5
"X1_CACAACATCGCTCATC.1",6
"X1_CACAACATCGGAGATG.1",1000
"X1_CACAACATCGTCGGGT.1",1000
"X1_CACAACATCTAACGCA.1",2
"X1_CACAACATCTAGGCCG.1",1000
"X1_CACAACATCTCTTCAA.1",1000
"X1_CACACAAAGAAACCAT.1",1000
"X1_CACACAAAGATGTTAG.1",5
"X1_CACACAAAGCCTGACC.1",7
"X1_CACACAAAGCGAGAAA.1",3
"X1_CACACAAAGCTGGAGT.1",1000
"X1_CACACAAAGGATTACA.1",1000
"X1_CACACAAAGGATTTCC.1",8
"X1_CACACAAAGGCCTGCT.1",2
"X1_CACACAAAGGGACTGT.1",1000
"X1_CACACAAAGTCGCCCA.1",8
"X1_CACACAAAGTGTTCAC.1",1000
"X1_CACACAACAATTGCTG.1",4
"X1_CACACAACACCGGTCA.1",4
"X1_CACACAACACTGCATA.1",7
"X1_CACACAACAGAGTAAT.1",7
"X1_CACACAACAGGCTTGC.1",3
"X1_CACACAACAGGTCAGA.1",1000
"X1_CACACAACATATGGCT.1",5
"X1_CACACAACATGCAGCC.1",4
"X1_CACACAACATGCCGAC.1",8
"X1_CACACAACATTCCTAT.1",7
"X1_CACACAACATTGAGCT.1",4
"X1_CACACAACATTGCCTC.1",0
"X1_CACACAAGTAAGATAC.1",1000
"X1_CACACAAGTAAGATCA.1",1000
"X1_CACACAAGTACACGCC.1",1000
"X1_CACACAAGTACGGCAA.1",1000
"X1_CACACAAGTAGTTAGA.1",1
"X1_CACACAAGTATCGCTA.1",2
"X1_CACACAAGTCCTGGTG.1",4
"X1_CACACAAGTTACCGTA.1",1000
"X1_CACACAAGTTGCCTAA.1",1
"X1_CACACAAGTTGCGGCT.1",2
"X1_CACACAATCCATTGTT.1",4
"X1_CACACAATCGTCTCAC.1",0
"X1_CACACAATCGTTGTAG.1",2
"X1_CACAGATAGCTCTGTA.1",1000
"X1_CACAGATAGGCCTGAA.1",8
"X1_CACAGATAGGTAGGCT.1",7
"X1_CACAGATAGGTGCCTC.1",4
"X1_CACAGATAGGTTGGAC.1",1
"X1_CACAGATCAACCCTCT.1",4
"X1_CACAGATCAGTGTGCC.1",1000
"X1_CACAGATCAGTGTGGA.1",8
"X1_CACAGATCATATGGCT.1",1000
"X1_CACAGATCATCCAATG.1",6
"X1_CACAGATCATCGCTAA.1",8
"X1_CACAGATCATCGCTGG.1",4
"X1_CACAGATCATCGGCCA.1",1000
"X1_CACAGATGTAATCAAG.1",1000
"X1_CACAGATGTAGAATAC.1",1000
"X1_CACAGATGTCAACACT.1",8
"X1_CACAGATGTCAGACGA.1",8
"X1_CACAGATGTCCAGCCA.1",1000
"X1_CACAGATGTCCATCTC.1",1000
"X1_CACAGATGTCGAGCTC.1",8
"X1_CACAGATGTGACCGTC.1",0
"X1_CACAGATGTGCCGTAC.1",1
"X1_CACAGATTCCGAGATT.1",2
"X1_CACAGATTCGAGGCAA.1",8
"X1_CACAGATTCGCCTCTA.1",1000
"X1_CACAGATTCGGACGTC.1",1000
"X1_CACAGATTCTCGTCAC.1",4
"X1_CACAGGCAGACTCATC.1",0
"X1_CACAGGCAGAGCAGCT.1",8
"X1_CACAGGCAGAGTCTTC.1",8
"X1_CACAGGCAGCACTAGG.1",7
"X1_CACAGGCAGCCTTTGA.1",1000
"X1_CACAGGCAGCTATCTG.1",7
"X1_CACAGGCAGGGCAAGG.1",8
"X1_CACAGGCAGTAGACCG.1",4
"X1_CACAGGCAGTATGAAC.1",8
"X1_CACAGGCAGTTGGACG.1",4
"X1_CACAGGCAGTTTCGGT.1",1
"X1_CACAGGCCACGTACTA.1",1000
"X1_CACAGGCCAGGTCTCG.1",8
"X1_CACAGGCCATGCCGGT.1",8
"X1_CACAGGCCATGGCACC.1",1000
"X1_CACAGGCGTACGATTC.1",8
"X1_CACAGGCGTCACCTTC.1",1000
"X1_CACAGGCGTCATAAAG.1",8
"X1_CACAGGCGTCCAGAAG.1",1000
"X1_CACAGGCGTGAATGAT.1",4
"X1_CACAGGCGTGAGGCAT.1",7
"X1_CACAGGCGTGATACCT.1",1000
"X1_CACAGGCGTGCTAGCC.1",1000
"X1_CACAGGCGTTCTCACC.1",6
"X1_CACAGGCGTTGTCATG.1",3
"X1_CACAGGCTCAACGTGT.1",2
"X1_CACAGGCTCAACTGAC.1",1000
"X1_CACAGGCTCATCACCC.1",5
"X1_CACAGGCTCGGAGTAG.1",7
"X1_CACAGGCTCTGACGCG.1",3
"X1_CACATGAAGCCGTTGC.1",4
"X1_CACATGAAGCCTATTG.1",1
"X1_CACATGAAGCTCATAC.1",4
"X1_CACATGAAGCTGCCTG.1",4
"X1_CACATGAAGTCCCAAT.1",2
"X1_CACATGAAGTCGGCCT.1",6
"X1_CACATGAAGTCTTCGA.1",1000
"X1_CACATGACAACGCATT.1",3
"X1_CACATGACAACTTGCA.1",7
"X1_CACATGACAAGTGGGT.1",5
"X1_CACATGACACAACGCC.1",1
"X1_CACATGACACGGGTAA.1",1
"X1_CACATGACAGACCATT.1",1000
"X1_CACATGACAGCGTTGC.1",5
"X1_CACATGACAGGCGTTC.1",6
"X1_CACATGACATGGCCAC.1",7
"X1_CACATGACATTCTCCG.1",0
"X1_CACATGAGTAACAGGC.1",6
"X1_CACATGAGTAACCAGG.1",1000
"X1_CACATGAGTCACCGAC.1",6
"X1_CACATGAGTCCAGAAG.1",7
"X1_CACATGAGTCCCGTGA.1",4
"X1_CACATGAGTCCGGTCA.1",7
"X1_CACATGAGTCCTCAGG.1",7
"X1_CACATGAGTCGTCGGT.1",7
"X1_CACATGAGTGTCGATT.1",8
"X1_CACATGAGTGTTGAGG.1",8
"X1_CACATGAGTTGGTAGG.1",8
"X1_CACATGAGTTTGCCGG.1",8
"X1_CACATGATCACCTTGC.1",5
"X1_CACATGATCACGAGGA.1",8
"X1_CACATGATCATTCGTT.1",1000
"X1_CACATGATCATTGTGG.1",1
"X1_CACATGATCCAATCCC.1",5
"X1_CACATGATCCACTTTA.1",4
"X1_CACATGATCCTACACC.1",1000
"X1_CACATGATCGATACGT.1",7
"X1_CACATGATCGGCGATC.1",8
"X1_CACCAAAAGATGCCGA.1",7
"X1_CACCAAAAGCCTTTGA.1",7
"X1_CACCAAAAGGGTGAGG.1",5
"X1_CACCAAAAGTAACCGG.1",1000
"X1_CACCAAAAGTTGAAAC.1",8
"X1_CACCAAAAGTTGTACC.1",8
"X1_CACCAAACAAGCCATT.1",8
"X1_CACCAAACAATACCTG.1",6
"X1_CACCAAACAATGACCT.1",3
"X1_CACCAAACACAGAAGC.1",4
"X1_CACCAAACAGCATCTA.1",8
"X1_CACCAAACAGTCCGTG.1",1000
"X1_CACCAAACATCACAGT.1",8
"X1_CACCAAACATCTCGTC.1",7
"X1_CACCAAACATTGAAAG.1",8
"X1_CACCAAAGTATGTGTC.1",5
"X1_CACCAAAGTCATGGCC.1",1000
"X1_CACCAAAGTCCGACGT.1",2
"X1_CACCAAAGTCGATGCC.1",1
"X1_CACCAAAGTCGGCCTA.1",1000
"X1_CACCAAAGTTAGAGAT.1",8
"X1_CACCAAAGTTATAGAG.1",3
"X1_CACCAAAGTTCACCGG.1",3
"X1_CACCAAATCAGGAACG.1",8
"X1_CACCAAATCCTATTTG.1",1000
"X1_CACCAAATCGCAGTTA.1",1
"X1_CACCAAATCTATTCGT.1",2
"X1_CACCAAATCTGCTTTA.1",1000
"X1_CACCGTTAGAAATTGC.1",7
"X1_CACCGTTAGATCCAAA.1",4
"X1_CACCGTTAGCCGTTAT.1",1
"X1_CACCGTTAGGGATCAC.1",8
"X1_CACCGTTAGGTGAGCT.1",1000
"X1_CACCGTTAGTATAGGT.1",8
"X1_CACCGTTAGTCCGCGT.1",1
"X1_CACCGTTAGTTAGTAG.1",3
"X1_CACCGTTCAAAGAGTT.1",7
"X1_CACCGTTCAACCACGC.1",1000
"X1_CACCGTTCAAGACGGT.1",2
"X1_CACCGTTCAATGGGTG.1",1000
"X1_CACCGTTCACACGGAA.1",1000
"X1_CACCGTTCACCCTGTT.1",1000
"X1_CACCGTTCAGAGGCTA.1",1000
"X1_CACCGTTCAGCAGGAT.1",1000
"X1_CACCGTTCAGCAGTTT.1",7
"X1_CACCGTTCAGTAGATA.1",7
"X1_CACCGTTCATTCTTCA.1",7
"X1_CACCGTTGTAGTACGG.1",3
"X1_CACCGTTGTGACCGAA.1",1000
"X1_CACCGTTGTGATACAA.1",8
"X1_CACCGTTGTGGCGTAA.1",7
"X1_CACCGTTGTGTGTACT.1",1000
"X1_CACCGTTGTTCTAAGC.1",1
"X1_CACCGTTGTTGACGGA.1",0
"X1_CACCGTTTCAAACCCA.1",4
"X1_CACCGTTTCAAACTGC.1",8
"X1_CACCGTTTCAGACCGC.1",1000
"X1_CACCGTTTCCGCGATG.1",8
"X1_CACCGTTTCCTTACCG.1",1000
"X1_CACCGTTTCCTTCAGC.1",3
"X1_CACCGTTTCGTGACTA.1",3
"X1_CACCGTTTCGTGTCAA.1",1000
"X1_CACCGTTTCTTCGTGC.1",5
"X1_CACGAATAGAACGCGT.1",6
"X1_CACGAATAGACAGCTG.1",0
"X1_CACGAATAGACTCCGC.1",1000
"X1_CACGAATAGGGACTGT.1",7
"X1_CACGAATAGGTGGTTG.1",4
"X1_CACGAATAGTATGAGT.1",5
"X1_CACGAATAGTTGAAAC.1",4
"X1_CACGAATCAAGTGGTG.1",8
"X1_CACGAATCAATGGCCC.1",4
"X1_CACGAATCACATATGC.1",7
"X1_CACGAATCACCAGTAT.1",3
"X1_CACGAATCACGAGGAT.1",8
"X1_CACGAATCAGTAGAAT.1",7
"X1_CACGAATCATCATTGG.1",7
"X1_CACGAATGTACAAAGT.1",7
"X1_CACGAATGTCAGCTTA.1",5
"X1_CACGAATGTCCCTAAA.1",7
"X1_CACGAATGTCTCGACG.1",8
"X1_CACGAATGTCTTACAG.1",8
"X1_CACGAATGTGCATGAG.1",1000
"X1_CACGAATGTGCCTTTC.1",7
"X1_CACGAATGTGCGAGTA.1",7
"X1_CACGAATGTTACCCAA.1",0
"X1_CACGAATGTTGGCCTG.1",7
"X1_CACGAATTCACTCCGT.1",1000
"X1_CACGAATTCAGCTCTC.1",2
"X1_CACGAATTCATCGACA.1",8
"X1_CACGAATTCCAACCAA.1",1000
"X1_CACGAATTCCGACATA.1",7
"X1_CACGAATTCGCGCCAA.1",1000
"X1_CACGAATTCGTGTCAA.1",1000
"X1_CACGAATTCTATCACT.1",7
"X1_CACGAATTCTGCTTAT.1",4
"X1_CACGGGTAGACCAGCA.1",8
"X1_CACGGGTAGACTAAGT.1",4
"X1_CACGGGTAGAGCCGAT.1",8
"X1_CACGGGTAGCACTGGA.1",1000
"X1_CACGGGTAGCATGATA.1",1000
"X1_CACGGGTAGCCTGACC.1",7
"X1_CACGGGTAGCTACGTT.1",6
"X1_CACGGGTAGGTCCAGA.1",3
"X1_CACGGGTCAAAGCAAT.1",4
"X1_CACGGGTCAACATACC.1",2
"X1_CACGGGTCAATACGCT.1",6
"X1_CACGGGTCACATAACC.1",4
"X1_CACGGGTCACCTTCCA.1",4
"X1_CACGGGTCACGACAAG.1",2
"X1_CACGGGTCACGCAAAG.1",1
"X1_CACGGGTCAGAACTAA.1",0
"X1_CACGGGTCATAATCCG.1",1
"X1_CACGGGTCATGAGTAA.1",1000
"X1_CACGGGTCATGCAGCC.1",7
"X1_CACGGGTCATGCTGCG.1",1
"X1_CACGGGTGTAACCCTA.1",4
"X1_CACGGGTGTAAGACCG.1",3
"X1_CACGGGTGTACTAACC.1",3
"X1_CACGGGTGTATGTCTG.1",1000
"X1_CACGGGTGTATTGGCT.1",1000
"X1_CACGGGTGTCGTATTG.1",8
"X1_CACGGGTGTGAGCCAA.1",4
"X1_CACGGGTGTGGAACCA.1",1000
"X1_CACGGGTGTGTATTCG.1",2
"X1_CACGGGTGTGTCCGGT.1",8
"X1_CACGGGTGTTTCCCAC.1",8
"X1_CACGGGTTCATAAGGA.1",2
"X1_CACGGGTTCCATAGGT.1",7
"X1_CACGGGTTCCGATAAC.1",2
"X1_CACGGGTTCGAGATAA.1",3
"X1_CACGGGTTCGTAGGGA.1",1000
"X1_CACGGGTTCTCACTCG.1",3
"X1_CACGTGGAGACGCCAA.1",4
"X1_CACGTGGAGAGAGCCT.1",1000
"X1_CACGTGGAGATTGCGG.1",8
"X1_CACGTGGAGCACCGTC.1",7
"X1_CACGTGGAGCGACAGT.1",1000
"X1_CACGTGGAGCTGAGTG.1",7
"X1_CACGTGGAGGGAGGGT.1",1000
"X1_CACGTGGAGGGTCAAC.1",1000
"X1_CACGTGGAGGTTGCCC.1",7
"X1_CACGTGGCACCCTTGT.1",8
"X1_CACGTGGCACGTCGTG.1",5
"X1_CACGTGGCAGAATCGG.1",1000
"X1_CACGTGGCAGACAAGC.1",4
"X1_CACGTGGCAGGTCAAG.1",8
"X1_CACGTGGCATATCTCT.1",4
"X1_CACGTGGCATGCCATA.1",8
"X1_CACGTGGGTATCAAGA.1",4
"X1_CACGTGGGTCGTGGTC.1",8
"X1_CACGTGGGTCTAGGCC.1",8
"X1_CACGTGGGTCTCCTGT.1",1000
"X1_CACGTGGGTCTGGTTA.1",1000
"X1_CACGTGGGTTGGGATG.1",1000
"X1_CACGTGGGTTTACGAC.1",6
"X1_CACGTGGGTTTGCCGG.1",7
"X1_CACGTGGTCAATGCAC.1",1
"X1_CACGTGGTCCAACCGG.1",7
"X1_CACGTGGTCCTAAACG.1",4
"X1_CACGTGGTCGACGAGA.1",7
"X1_CACGTGGTCTCGGCTT.1",8
"X1_CACGTGGTCTCTCTTC.1",4
"X1_CACGTTCAGCAAGCCA.1",1
"X1_CACGTTCAGGAGAGGC.1",1000
"X1_CACGTTCAGGATTCCT.1",7
"X1_CACGTTCAGGTTCATC.1",4
"X1_CACGTTCAGTACTGGG.1",1000
"X1_CACGTTCCAAGATGTA.1",8
"X1_CACGTTCCAATAAGGT.1",0
"X1_CACGTTCCAATCTCTT.1",4
"X1_CACGTTCCACCCATAA.1",1000
"X1_CACGTTCCACTTGGGC.1",8
"X1_CACGTTCCAGCGAGTA.1",7
"X1_CACGTTCCAGCTATTG.1",7
"X1_CACGTTCCAGGCTACC.1",8
"X1_CACGTTCCATCATTGG.1",0
"X1_CACGTTCCATGACGGA.1",8
"X1_CACGTTCCATTGTCGA.1",1000
"X1_CACGTTCGTAAGGCTG.1",7
"X1_CACGTTCGTAGAGTTA.1",8
"X1_CACGTTCGTAGCGATG.1",1000
"X1_CACGTTCGTAGTTACC.1",5
"X1_CACGTTCGTAGTTAGA.1",8
"X1_CACGTTCGTATGTGTC.1",1000
"X1_CACGTTCGTCCAGCCA.1",1000
"X1_CACGTTCGTCTGCAAT.1",1000
"X1_CACGTTCGTGGCCACT.1",8
"X1_CACGTTCGTGGTACAG.1",1
"X1_CACGTTCGTTCACCGG.1",8
"X1_CACGTTCGTTCATCGA.1",7
"X1_CACGTTCTCAATCGGT.1",2
"X1_CACGTTCTCACTCACC.1",2
"X1_CACGTTCTCAGCGCAC.1",8
"X1_CACGTTCTCATACGAC.1",0
"X1_CACGTTCTCCACTAGA.1",8
"X1_CACGTTCTCGATCCCT.1",0
"X1_CACGTTCTCGTCAACA.1",8
"X1_CACGTTCTCTAGTTCT.1",4
"X1_CACGTTCTCTCATTAC.1",0
"X1_CACTAAGAGCACTAAA.1",7
"X1_CACTAAGAGCTTCATG.1",1000
"X1_CACTAAGCAAGTGGCA.1",1000
"X1_CACTAAGCAATTGCTG.1",8
"X1_CACTAAGCACCAAATC.1",0
"X1_CACTAAGCACCAGCTG.1",3
"X1_CACTAAGCAGAAGCGT.1",8
"X1_CACTAAGCAGCACGAA.1",5
"X1_CACTAAGGTACGAGCA.1",4
"X1_CACTAAGGTACGATTC.1",6
"X1_CACTAAGGTATGAGCG.1",8
"X1_CACTAAGGTCACCCTT.1",1000
"X1_CACTAAGGTCCGACGT.1",4
"X1_CACTAAGGTCGGCACT.1",8
"X1_CACTAAGGTGGGTTGA.1",8
"X1_CACTAAGGTGTCGATT.1",6
"X1_CACTAAGGTTATAGCC.1",1000
"X1_CACTAAGGTTCCACGG.1",8
"X1_CACTAAGTCAGCTCTC.1",1000
"X1_CACTAAGTCAGTCATG.1",1
"X1_CACTAAGTCAGTGTCA.1",1
"X1_CACTAAGTCCAGCAAT.1",8
"X1_CACTAAGTCCGTGTCT.1",1000
"X1_CACTAAGTCCTATTGT.1",7
"X1_CACTAAGTCCTCTTTC.1",4
"X1_CACTAAGTCGAATGCT.1",1000
"X1_CACTAAGTCGACACTA.1",3
"X1_CACTAAGTCGCGAAGA.1",1000
"X1_CACTAAGTCGCGATCG.1",1000
"X1_CACTAAGTCGCGCTGA.1",4
"X1_CACTAAGTCGGAATTC.1",4
"X1_CACTAAGTCGTAGTCA.1",5
"X1_CACTAAGTCGTGTTCC.1",8
"X1_CACTGAAAGATACATG.1",1000
"X1_CACTGAAAGCGCCTAC.1",4
"X1_CACTGAAAGCTGTTAC.1",6
"X1_CACTGAAAGGTCCCGT.1",2
"X1_CACTGAAAGTCATGCT.1",8
"X1_CACTGAACAACAAGAT.1",8
"X1_CACTGAACAATGAAAC.1",5
"X1_CACTGAACAATGTTGC.1",1
"X1_CACTGAACAATTTCCT.1",4
"X1_CACTGAACACGTAACT.1",4
"X1_CACTGAACACTCATAG.1",1000
"X1_CACTGAACAGACTCTA.1",6
"X1_CACTGAACAGTAACGG.1",1
"X1_CACTGAACAGTTGTTG.1",8
"X1_CACTGAACATCCTAAG.1",8
"X1_CACTGAAGTACCAATC.1",4
"X1_CACTGAAGTAGCGCTC.1",7
"X1_CACTGAAGTCAAATCC.1",1000
"X1_CACTGAAGTCACGTGC.1",8
"X1_CACTGAAGTGAGAACC.1",6
"X1_CACTGAAGTGCGACAA.1",8
"X1_CACTGAAGTGGCTCTG.1",8
"X1_CACTGAAGTTGCTCCT.1",1000
"X1_CACTGAAGTTGGGACA.1",1000
"X1_CACTGAATCATGCATG.1",1000
"X1_CACTGAATCCATTTCA.1",3
"X1_CACTGAATCGATGGAG.1",3
"X1_CACTGAATCGTACACA.1",1
"X1_CACTGAATCTAAACGC.1",4
"X1_CACTGAATCTCGAACA.1",4
"X1_CACTGGGAGAACTGAT.1",1
"X1_CACTGGGAGACTGTTC.1",1000
"X1_CACTGGGAGCCGCACT.1",0
"X1_CACTGGGAGCTAGAAT.1",5
"X1_CACTGGGAGGGTCACA.1",2
"X1_CACTGGGAGTAAGAGG.1",7
"X1_CACTGGGAGTGACACG.1",1
"X1_CACTGGGCAAACAGGC.1",2
"X1_CACTGGGCAACTTGGT.1",4
"X1_CACTGGGCACATTGTG.1",8
"X1_CACTGGGCACCATAAC.1",1000
"X1_CACTGGGCACGACGCT.1",0
"X1_CACTGGGCACTCCTTG.1",2
"X1_CACTGGGCACTGGACC.1",1000
"X1_CACTGGGCACTTGGCG.1",1000
"X1_CACTGGGCAGAGCCCT.1",3
"X1_CACTGGGCATACGCAT.1",8
"X1_CACTGGGGTAGGAGGG.1",1
"X1_CACTGGGGTCCAGCCA.1",8
"X1_CACTGGGGTGTAGTGG.1",7
"X1_CACTGGGGTTAGAAGT.1",7
"X1_CACTGGGGTTGTCAGT.1",7
"X1_CACTGGGGTTTACGTG.1",1000
"X1_CACTGGGTCAGTAGGG.1",7
"X1_CACTGGGTCATGACAC.1",4
"X1_CACTGGGTCCTCCACA.1",1000
"X1_CACTGGGTCGCCTATC.1",3
"X1_CACTGGGTCGGTAGAG.1",1
"X1_CACTGGGTCGTAGCCG.1",1000
"X1_CACTGGGTCGTGCGAC.1",8
"X1_CACTGGGTCTGCGATA.1",1000
"X1_CACTGTCAGATAACGT.1",3
"X1_CACTGTCAGATGTTAG.1",1000
"X1_CACTGTCAGTCTACCA.1",7
"X1_CACTGTCCAAAGGATT.1",1000
"X1_CACTGTCCAAATCCCA.1",3
"X1_CACTGTCCAAGACGAC.1",7
"X1_CACTGTCCAAGCGCTC.1",4
"X1_CACTGTCCAATATCCG.1",8
"X1_CACTGTCCACACAGAG.1",1000
"X1_CACTGTCCACAGTCCG.1",4
"X1_CACTGTCCACTACAGT.1",7
"X1_CACTGTCCAGCCATTA.1",1000
"X1_CACTGTCGTAACGCGA.1",3
"X1_CACTGTCGTAATGCTC.1",2
"X1_CACTGTCGTAGGGAGG.1",2
"X1_CACTGTCGTAGTGATA.1",6
"X1_CACTGTCGTCATTGCA.1",6
"X1_CACTGTCGTGAGGCAT.1",7
"X1_CACTGTCGTGGGTTGA.1",1000
"X1_CACTGTCGTGTTCATG.1",1000
"X1_CACTGTCGTTGGGATG.1",1000
"X1_CACTGTCGTTTCCCAC.1",4
"X1_CACTGTCTCAAACTGC.1",8
"X1_CACTGTCTCAGACATC.1",8
"X1_CACTGTCTCCATAGGT.1",1000
"X1_CACTGTCTCCATCCGT.1",1000
"X1_CACTGTCTCCCTCGAT.1",0
"X1_CACTGTCTCGCGATCG.1",4
"X1_CACTGTCTCGGAAACG.1",1
"X1_CACTGTCTCGTCTCAC.1",2
"X1_CACTTCGAGCTCCCTT.1",4
"X1_CACTTCGAGCTGCCTG.1",7
"X1_CACTTCGAGCTGGCCT.1",3
"X1_CACTTCGAGGAACTAT.1",3
"X1_CACTTCGAGGGAGGAC.1",3
"X1_CACTTCGAGGGCGAGA.1",7
"X1_CACTTCGAGGGCTAAC.1",1
"X1_CACTTCGAGTAGTCAA.1",3
"X1_CACTTCGAGTCATCGT.1",4
"X1_CACTTCGAGTTGAAGT.1",8
"X1_CACTTCGAGTTGGGAC.1",1000
"X1_CACTTCGCAAGACTGG.1",1000
"X1_CACTTCGCAATTGCCA.1",1000
"X1_CACTTCGCACACGCCA.1",4
"X1_CACTTCGCACTACACA.1",8
"X1_CACTTCGCACTCCCTA.1",8
"X1_CACTTCGCAGAGTCTT.1",7
"X1_CACTTCGCAGCGCGTT.1",6
"X1_CACTTCGCAGTTGCGC.1",1
"X1_CACTTCGCATTGTAGC.1",1000
"X1_CACTTCGGTACCGGAA.1",1000
"X1_CACTTCGGTAGGGAGG.1",1000
"X1_CACTTCGGTATCGTTG.1",6
"X1_CACTTCGGTATTGCCA.1",3
"X1_CACTTCGGTCGCGGTT.1",8
"X1_CACTTCGGTCTACAAC.1",8
"X1_CACTTCGGTCTTGAAC.1",4
"X1_CACTTCGGTGCAGGAT.1",3
"X1_CACTTCGGTGGCTTAT.1",4
"X1_CACTTCGGTGTTCGTA.1",4
"X1_CACTTCGGTTTCTTAC.1",6
"X1_CACTTCGTCAAATAGG.1",1000
"X1_CACTTCGTCCACGAAT.1",8
"X1_CACTTCGTCCATTTCA.1",1000
"X1_CACTTCGTCCTTATGT.1",1
"X1_CACTTCGTCGGACTTA.1",1000
"X1_CACTTCGTCTCGACCT.1",8
"X1_CACTTCGTCTGTGTGA.1",7
"X1_CAGAGCCAGACTAGAT.1",1000
"X1_CAGAGCCAGACTTAAG.1",6
"X1_CAGAGCCAGAGGACTC.1",8
"X1_CAGAGCCAGAGTTGCG.1",6
"X1_CAGAGCCAGTGGATAT.1",3
"X1_CAGAGCCAGTGGTGAC.1",4
"X1_CAGAGCCAGTGTTCCA.1",4
"X1_CAGAGCCAGTTGAATG.1",7
"X1_CAGAGCCCAACCGTGC.1",8
"X1_CAGAGCCCAACGTATC.1",7
"X1_CAGAGCCCAACTGATC.1",4
"X1_CAGAGCCCACAATTCG.1",1000
"X1_CAGAGCCCACCGGAAA.1",1000
"X1_CAGAGCCCACGGCTAC.1",1000
"X1_CAGAGCCCACTACAGT.1",8
"X1_CAGAGCCCAGCAGACA.1",1000
"X1_CAGAGCCCAGCCTATA.1",4
"X1_CAGAGCCCATAAGCAA.1",7
"X1_CAGAGCCCATCGCTAA.1",5
"X1_CAGAGCCCATTATGCG.1",8
"X1_CAGAGCCGTACAGTTC.1",4
"X1_CAGAGCCGTACTCGAT.1",4
"X1_CAGAGCCGTAGCTCGC.1",1000
"X1_CAGAGCCGTCCTGGGT.1",7
"X1_CAGAGCCGTCGAGCTC.1",1000
"X1_CAGAGCCGTCGAGTTT.1",1000
"X1_CAGAGCCGTTGCTAGT.1",1000
"X1_CAGAGCCGTTGTGCAT.1",1000
"X1_CAGAGCCTCAAAGGAT.1",4
"X1_CAGAGCCTCAAGAATG.1",8
"X1_CAGAGCCTCCGCACTT.1",7
"X1_CAGAGCCTCTCTAAGG.1",4
"X1_CAGATACAGAACCCGA.1",8
"X1_CAGATACAGGCCACTC.1",4
"X1_CAGATACAGGCTAAAT.1",3
"X1_CAGATACAGGGCAATC.1",1000
"X1_CAGATACAGGTTCCGC.1",3
"X1_CAGATACCAATTGAGA.1",7
"X1_CAGATACCAGCACCCA.1",1000
"X1_CAGATACCAGTCGGTC.1",3
"X1_CAGATACCATCAGTCA.1",8
"X1_CAGATACGTACTCGCG.1",5
"X1_CAGATACGTAGGCAAC.1",8
"X1_CAGATACGTAGTCTGT.1",3
"X1_CAGATACGTCAGTCTA.1",1000
"X1_CAGATACGTCATTGCA.1",3
"X1_CAGATACGTCGATTCA.1",7
"X1_CAGATACGTGAATTAG.1",7
"X1_CAGATACGTGACCGTC.1",8
"X1_CAGATACGTGCTTCAA.1",7
"X1_CAGATACGTGGGATTG.1",1000
"X1_CAGATACGTGGTCCGT.1",8
"X1_CAGATACGTTGTGCAT.1",3
"X1_CAGATACTCATGAAAG.1",1000
"X1_CAGATACTCATTTGCT.1",8
"X1_CAGATACTCCGGACGT.1",7
"X1_CAGATACTCCGTATAG.1",7
"X1_CAGATACTCCTTATCA.1",3
"X1_CAGATACTCTAACACG.1",1000
"X1_CAGATACTCTAAGCGT.1",6
"X1_CAGATACTCTAGTTCT.1",4
"X1_CAGATACTCTGCTAGA.1",3
"X1_CAGATACTCTTGGTCC.1",0
"X1_CAGATCAAGACTTGTC.1",6
"X1_CAGATCAAGAGAGAAC.1",2
"X1_CAGATCAAGATCCGAG.1",7
"X1_CAGATCAAGCAAATGT.1",1000
"X1_CAGATCAAGCAGTACG.1",7
"X1_CAGATCAAGGGTGAGG.1",3
"X1_CAGATCACAAAGGCTG.1",6
"X1_CAGATCACAAGCGGAT.1",6
"X1_CAGATCACAATTCTTC.1",1000
"X1_CAGATCACAATTTCCT.1",8
"X1_CAGATCACACAATGAA.1",4
"X1_CAGATCACACCCAATA.1",1
"X1_CAGATCACACGCTGTG.1",3
"X1_CAGATCACACTACTTT.1",4
"X1_CAGATCACAGCTACAT.1",3
"X1_CAGATCACAGGATTCT.1",1000
"X1_CAGATCACAGTGAGCA.1",3
"X1_CAGATCACAGTGGCTC.1",7
"X1_CAGATCACATCAGTCA.1",3
"X1_CAGATCAGTAGCCCTG.1",4
"X1_CAGATCAGTATCAGCT.1",8
"X1_CAGATCAGTATCTCGA.1",7
"X1_CAGATCAGTATGACAA.1",3
"X1_CAGATCAGTCACGTGC.1",8
"X1_CAGATCAGTCCAAATC.1",8
"X1_CAGATCAGTCGAACAG.1",4
"X1_CAGATCAGTCGGATTT.1",7
"X1_CAGATCAGTGCAACGA.1",4
"X1_CAGATCAGTGCATTTG.1",7
"X1_CAGATCAGTTGTAGCT.1",8
"X1_CAGATCATCCACGGGT.1",7
"X1_CAGATCATCTACACTT.1",1
"X1_CAGATCATCTTGGATG.1",4
"X1_CAGATTGAGATGAACT.1",1000
"X1_CAGATTGAGCAAGCCA.1",5
"X1_CAGATTGAGCGACCCT.1",7
"X1_CAGATTGAGGCGAACT.1",7
"X1_CAGATTGAGGCTAGCA.1",8
"X1_CAGATTGAGGTGCTTT.1",7
"X1_CAGATTGCAACCGCCA.1",4
"X1_CAGATTGCACAATGAA.1",8
"X1_CAGATTGCAGAGTCAG.1",1000
"X1_CAGATTGCAGGTTACT.1",6
"X1_CAGATTGCAGTAGTGG.1",2
"X1_CAGATTGCATTCACCC.1",8
"X1_CAGATTGGTACCCAGC.1",1000
"X1_CAGATTGGTATGCGTT.1",7
"X1_CAGATTGGTCGTCAGC.1",7
"X1_CAGATTGGTGCCGGTT.1",1
"X1_CAGATTGGTGTATTCG.1",1
"X1_CAGATTGTCACTGCTC.1",1000
"X1_CAGATTGTCAGGAGAC.1",4
"X1_CAGATTGTCATAGACC.1",4
"X1_CAGATTGTCCTTCTAA.1",7
"X1_CAGATTGTCGTGCAGC.1",3
"X1_CAGATTGTCTAGCATG.1",8
"X1_CAGATTGTCTATGCCC.1",2
"X1_CAGCAATAGAGGATGA.1",8
"X1_CAGCAATAGAGTTGAT.1",1000
"X1_CAGCAATAGCACCCAC.1",7
"X1_CAGCAATAGCATTTGC.1",3
"X1_CAGCAATAGCGATGCA.1",8
"X1_CAGCAATAGGTAGCAC.1",4
"X1_CAGCAATAGTAACGAT.1",7
"X1_CAGCAATAGTACTCGT.1",1
"X1_CAGCAATAGTAGACAT.1",8
"X1_CAGCAATAGTCAGCCC.1",7
"X1_CAGCAATAGTGCAGCA.1",8
"X1_CAGCAATAGTGTGTTC.1",7
"X1_CAGCAATCAACGACTT.1",5
"X1_CAGCAATCAACGTAAA.1",6
"X1_CAGCAATCAAGCAGGT.1",1000
"X1_CAGCAATCACAACGTT.1",1
"X1_CAGCAATCACTTCTCG.1",7
"X1_CAGCAATCAGACCTGC.1",8
"X1_CAGCAATCAGAGCGTA.1",8
"X1_CAGCAATCAGTTGTTG.1",1000
"X1_CAGCAATCATAACAGA.1",1000
"X1_CAGCAATCATCGTGCG.1",1000
"X1_CAGCAATCATGATGCT.1",1000
"X1_CAGCAATGTGTTAAAG.1",8
"X1_CAGCAATGTGTTACAC.1",1000
"X1_CAGCAATGTGTTCGAT.1",3
"X1_CAGCAATGTTCTGACA.1",2
"X1_CAGCAATTCACCATAG.1",7
"X1_CAGCAATTCACTACTT.1",1000
"X1_CAGCAATTCACTTTGT.1",1000
"X1_CAGCAATTCATCGACA.1",1000
"X1_CAGCAATTCATGCATG.1",1000
"X1_CAGCAATTCCAAACCA.1",3
"X1_CAGCAATTCCCATTCG.1",4
"X1_CAGCAATTCCCTAGGG.1",1000
"X1_CAGCAATTCCTAGCTC.1",6
"X1_CAGCAATTCGCATAGT.1",3
"X1_CAGCAATTCTCATTGT.1",2
"X1_CAGCAATTCTGCAGCG.1",1000
"X1_CAGCAATTCTGGTCAA.1",3
"X1_CAGCACGAGACCAACG.1",7
"X1_CAGCACGAGAGCATTA.1",1000
"X1_CAGCACGAGCACCGTC.1",6
"X1_CAGCACGAGCCAGAGT.1",2
"X1_CAGCACGAGCTGCCAC.1",1000
"X1_CAGCACGAGGGAGGGT.1",1000
"X1_CAGCACGAGGTCCCGT.1",8
"X1_CAGCACGAGTCTCCTC.1",7
"X1_CAGCACGCAAACTGCT.1",4
"X1_CAGCACGCAAAGCAAT.1",0
"X1_CAGCACGCAACTGTGT.1",1000
"X1_CAGCACGCAAGCTGCC.1",1000
"X1_CAGCACGCACTACTTT.1",8
"X1_CAGCACGCAGAGCGTA.1",4
"X1_CAGCACGCATCGAAGG.1",7
"X1_CAGCACGCATGATGCT.1",7
"X1_CAGCACGGTAATACCC.1",8
"X1_CAGCACGGTACAACGG.1",2
"X1_CAGCACGGTATACGGG.1",1000
"X1_CAGCACGGTCCAGAAG.1",7
"X1_CAGCACGGTCGTACAT.1",1000
"X1_CAGCACGGTGAATATG.1",6
"X1_CAGCACGGTGTGGACA.1",4
"X1_CAGCACGGTTCACGAT.1",4
"X1_CAGCACGGTTGCGTAT.1",4
"X1_CAGCACGGTTTAGACC.1",8
"X1_CAGCACGTCACGGGCT.1",7
"X1_CAGCACGTCCACGGAC.1",2
"X1_CAGCACGTCCACTTCG.1",1000
"X1_CAGCACGTCCCTCGTA.1",5
"X1_CAGCACGTCCCTGTTG.1",7
"X1_CAGCACGTCCGCAGTG.1",7
"X1_CAGCACGTCCGGTAGC.1",1000
"X1_CAGCACGTCTACGGGC.1",3
"X1_CAGCACGTCTGCCTGT.1",1000
"X1_CAGCAGCAGACTAGAT.1",4
"X1_CAGCAGCAGAGTGGCT.1",6
"X1_CAGCAGCAGGCGAACT.1",1000
"X1_CAGCAGCAGTAAGAGG.1",8
"X1_CAGCAGCAGTAGACAT.1",7
"X1_CAGCAGCAGTCACGAG.1",2
"X1_CAGCAGCAGTGCACCC.1",0
"X1_CAGCAGCCAACAGCTT.1",1000
"X1_CAGCAGCCAAGAAATC.1",7
"X1_CAGCAGCCAAGATGTA.1",1000
"X1_CAGCAGCCACATACTG.1",7
"X1_CAGCAGCCACCGCTAG.1",1000
"X1_CAGCAGCCACGAAGAC.1",6
"X1_CAGCAGCCACGCGCTA.1",8
"X1_CAGCAGCCACTACGGC.1",1
"X1_CAGCAGCCAGCGTGAA.1",7
"X1_CAGCAGCCAGGCTTGC.1",1000
"X1_CAGCAGCCAGTAACAA.1",4
"X1_CAGCAGCCATCGTGCG.1",4
"X1_CAGCAGCCATTGCTGA.1",8
"X1_CAGCAGCGTAACTGCT.1",7
"X1_CAGCAGCGTAGGTCAG.1",1000
"X1_CAGCAGCGTGATACTC.1",3
"X1_CAGCAGCGTGCGAGTA.1",1000
"X1_CAGCAGCGTTTACGAC.1",0
"X1_CAGCAGCTCAGACTGT.1",0
"X1_CAGCAGCTCCACATAG.1",5
"X1_CAGCAGCTCCATTGCC.1",8
"X1_CAGCAGCTCCTCTTTC.1",1000
"X1_CAGCAGCTCGACGAGA.1",8
"X1_CAGCAGCTCGTGCAGC.1",1000
"X1_CAGCAGCTCTTTCCGG.1",8
"X1_CAGCCAGAGAGTGGCT.1",1000
"X1_CAGCCAGAGCAACTCT.1",8
"X1_CAGCCAGAGCCGAATG.1",7
"X1_CAGCCAGAGCTCGGCT.1",2
"X1_CAGCCAGAGGGACTGT.1",5
"X1_CAGCCAGAGTGCTCGC.1",7
"X1_CAGCCAGCAACGCCCA.1",8
"X1_CAGCCAGCAACGGGTA.1",3
"X1_CAGCCAGCAATACCCA.1",5
"X1_CAGCCAGCAATCGTCA.1",5
"X1_CAGCCAGCACCGGAAA.1",1000
"X1_CAGCCAGCACTTCAAG.1",1000
"X1_CAGCCAGCAGCAGTAG.1",8
"X1_CAGCCAGCAGGTCTCG.1",7
"X1_CAGCCAGCAGGTTTAC.1",6
"X1_CAGCCAGCAGTCGCAC.1",8
"X1_CAGCCAGCAGTTACCA.1",1000
"X1_CAGCCAGCATCTGTTT.1",4
"X1_CAGCCAGGTAGCCAGA.1",1000
"X1_CAGCCAGGTATCCTTT.1",0
"X1_CAGCCAGGTATGGGAC.1",7
"X1_CAGCCAGGTCAAGTTC.1",4
"X1_CAGCCAGGTCACTTAG.1",8
"X1_CAGCCAGGTCTCGCGA.1",1000
"X1_CAGCCAGGTCTTACAG.1",4
"X1_CAGCCAGGTGACTCGC.1",0
"X1_CAGCCAGGTGATGGCA.1",3
"X1_CAGCCAGGTGGCGCTT.1",7
"X1_CAGCCAGGTTCCTAAG.1",7
"X1_CAGCCAGGTTGTAAAG.1",4
"X1_CAGCCAGGTTGTCCCT.1",3
"X1_CAGCCAGGTTTCTTAC.1",4
"X1_CAGCCAGTCAAGCCGC.1",1000
"X1_CAGCCAGTCACCCATC.1",1
"X1_CAGCCAGTCAGCAATC.1",3
"X1_CAGCCAGTCATGGTAC.1",1000
"X1_CAGCCAGTCCCACAGG.1",3
"X1_CAGCCAGTCGAGAAGC.1",7
"X1_CAGCCAGTCGCGTCGA.1",4
"X1_CAGCCAGTCGCTTAAG.1",1000
"X1_CAGCCAGTCTCTCGCA.1",4
"X1_CAGCCAGTCTGACGCG.1",7
"X1_CAGCCAGTCTGCCTCA.1",8
"X1_CAGCCAGTCTGGCCAG.1",1
"X1_CAGCGTGAGCGCCTCA.1",8
"X1_CAGCGTGAGGAGAGGC.1",7
"X1_CAGCGTGAGGGTGAAA.1",4
"X1_CAGCGTGAGGTCATAA.1",7
"X1_CAGCGTGAGGTTTACC.1",5
"X1_CAGCGTGAGTATAACG.1",2
"X1_CAGCGTGAGTCTAGAA.1",6
"X1_CAGCGTGAGTTCATGC.1",7
"X1_CAGCGTGAGTTGCTCA.1",0
"X1_CAGCGTGAGTTGTAAG.1",1000
"X1_CAGCGTGCAACTGATC.1",8
"X1_CAGCGTGCACATGAAA.1",1000
"X1_CAGCGTGCACGCACCA.1",1000
"X1_CAGCGTGCAGACGGAT.1",6
"X1_CAGCGTGCAGCGTTGC.1",1
"X1_CAGCGTGCAGGACAGT.1",7
"X1_CAGCGTGGTACTTGTG.1",3
"X1_CAGCGTGGTCACCTTC.1",8
"X1_CAGCGTGGTCGCCACA.1",8
"X1_CAGCGTGGTGATACTC.1",1000
"X1_CAGCGTGGTTATCTTC.1",7
"X1_CAGCGTGTCAGGAAAT.1",1
"X1_CAGCGTGTCATGCGGC.1",3
"X1_CAGCGTGTCCCTCGAT.1",1000
"X1_CAGGCCAAGACGCCAA.1",1000
"X1_CAGGCCAAGAGCTGAC.1",1000
"X1_CAGGCCAAGATTCGAA.1",4
"X1_CAGGCCAAGGCAGGTT.1",1000
"X1_CAGGCCAAGGCCCAAA.1",1000
"X1_CAGGCCAAGGCGAAGG.1",7
"X1_CAGGCCAAGGTAAGGA.1",4
"X1_CAGGCCAAGGTCCAGA.1",7
"X1_CAGGCCAAGGTTCATC.1",1000
"X1_CAGGCCAAGTGACACG.1",1000
"X1_CAGGCCAAGTTTCAGC.1",1
"X1_CAGGCCACAAGAGATT.1",1000
"X1_CAGGCCACAAGCTCTA.1",1000
"X1_CAGGCCACACAAAGCG.1",6
"X1_CAGGCCACACGGTGCT.1",7
"X1_CAGGCCACAGAAATTG.1",6
"X1_CAGGCCACAGCGAACA.1",1000
"X1_CAGGCCACAGCTTCCT.1",8
"X1_CAGGCCACATAATGCC.1",1000
"X1_CAGGCCACATGAGGGT.1",6
"X1_CAGGCCAGTACCGGCT.1",1
"X1_CAGGCCAGTACCTGTA.1",8
"X1_CAGGCCAGTCGGAAAC.1",8
"X1_CAGGCCAGTGATGTAA.1",0
"X1_CAGGCCAGTGGCTTGC.1",7
"X1_CAGGCCAGTGGTCTTA.1",1000
"X1_CAGGCCAGTGTGTCGC.1",4
"X1_CAGGCCAGTTGGCCGT.1",3
"X1_CAGGCCATCAAGGCTT.1",8
"X1_CAGGCCATCAGGAAAT.1",1
"X1_CAGGCCATCAGTGCGC.1",7
"X1_CAGGCCATCATGGAGG.1",7
"X1_CAGGCCATCCGTTGGG.1",8
"X1_CAGGCCATCTCAGAAC.1",1000
"X1_CAGGGCTAGACTACCT.1",1000
"X1_CAGGGCTAGAGTATAC.1",5
"X1_CAGGGCTAGTATAGGT.1",1000
"X1_CAGGGCTAGTTGGCTT.1",7
"X1_CAGGGCTCAACCAGAG.1",6
"X1_CAGGGCTCAACCTAAC.1",4
"X1_CAGGGCTCAACTTCTT.1",1000
"X1_CAGGGCTCAATCAGCT.1",1000
"X1_CAGGGCTCAATGTGGG.1",5
"X1_CAGGGCTCAGCTACTA.1",6
"X1_CAGGGCTCAGCTGTGC.1",0
"X1_CAGGGCTCATAATCGC.1",4
"X1_CAGGGCTCATCCAATG.1",1000
"X1_CAGGGCTGTACTGACT.1",1
"X1_CAGGGCTGTACTGCCG.1",1000
"X1_CAGGGCTGTGACACGA.1",6
"X1_CAGGGCTGTGCTTATG.1",1
"X1_CAGGGCTGTGGGATTG.1",1
"X1_CAGGGCTGTTGCATGT.1",1000
"X1_CAGGGCTGTTGTTGAC.1",7
"X1_CAGGGCTGTTTCGCTC.1",1000
"X1_CAGGGCTTCACTGAAC.1",3
"X1_CAGGGCTTCACTGGGC.1",1000
"X1_CAGGGCTTCAGCTCTC.1",8
"X1_CAGGGCTTCATGAGTC.1",1000
"X1_CAGGGCTTCATTTACC.1",1
"X1_CAGGGCTTCCGCAACG.1",8
"X1_CAGGGCTTCCGTTGGG.1",3
"X1_CAGGGCTTCGACCAAT.1",1000
"X1_CAGGGCTTCGAGGCAA.1",0
"X1_CAGGGCTTCTATTGTC.1",6
"X1_CAGGGCTTCTCAGAAC.1",8
"X1_CAGGTATAGAAGGCTC.1",8
"X1_CAGGTATAGACATCCT.1",8
"X1_CAGGTATAGCATACTC.1",1000
"X1_CAGGTATAGGCATCTT.1",8
"X1_CAGGTATAGGCTCTCG.1",4
"X1_CAGGTATAGGTCGTCC.1",8
"X1_CAGGTATAGGTTGTTC.1",6
"X1_CAGGTATAGTACGTCT.1",8
"X1_CAGGTATAGTGGCGAT.1",1000
"X1_CAGGTATCAACTTCTT.1",5
"X1_CAGGTATCACATAACC.1",8
"X1_CAGGTATCACCGTCTT.1",4
"X1_CAGGTATCATAGTCGT.1",7
"X1_CAGGTATCATGATGCT.1",1000
"X1_CAGGTATGTCCTCCAT.1",8
"X1_CAGGTATGTCTACGTA.1",7
"X1_CAGGTATGTGACCGTC.1",6
"X1_CAGGTATGTGGGTATG.1",7
"X1_CAGGTATGTTGCCGAC.1",7
"X1_CAGGTATGTTTAGACC.1",8
"X1_CAGGTATTCAATCTTC.1",2
"X1_CAGGTATTCATTGGTG.1",7
"X1_CAGGTATTCCATTGTT.1",4
"X1_CAGGTATTCCGATGCG.1",7
"X1_CAGGTATTCGCAGATT.1",4
"X1_CAGGTATTCTACTTCA.1",4
"X1_CAGGTATTCTAGACAC.1",1000
"X1_CAGGTATTCTATCGCC.1",1000
"X1_CAGGTATTCTGGTTGA.1",5
"X1_CAGGTATTCTGTTCAT.1",4
"X1_CAGGTATTCTTGTGCC.1",1000
"X1_CAGTGCGAGAGAGTTT.1",8
"X1_CAGTGCGAGAGCAGCT.1",6
"X1_CAGTGCGAGCCGCACT.1",7
"X1_CAGTGCGAGCGCTGAA.1",1000
"X1_CAGTGCGAGGCGATAC.1",5
"X1_CAGTGCGAGGTACTGG.1",7
"X1_CAGTGCGAGTCAGGGT.1",4
"X1_CAGTGCGAGTGGCAGT.1",6
"X1_CAGTGCGAGTTCGCAT.1",1000
"X1_CAGTGCGAGTTCTCTT.1",6
"X1_CAGTGCGAGTTGCCTA.1",8
"X1_CAGTGCGCAAATCGGG.1",2
"X1_CAGTGCGCAACCACGC.1",1000
"X1_CAGTGCGCAACGACAG.1",2
"X1_CAGTGCGCAAGAGAGA.1",3
"X1_CAGTGCGCACACCGCA.1",8
"X1_CAGTGCGCACGCCACA.1",1000
"X1_CAGTGCGCACGGTGTC.1",3
"X1_CAGTGCGCACTGTCGG.1",4
"X1_CAGTGCGCAGCCCACA.1",1000
"X1_CAGTGCGCATACCACA.1",3
"X1_CAGTGCGCATACGCAT.1",1000
"X1_CAGTGCGCATCATGAC.1",1000
"X1_CAGTGCGGTAATCAAG.1",8
"X1_CAGTGCGGTACAAGTA.1",3
"X1_CAGTGCGGTAGACTGG.1",7
"X1_CAGTGCGGTCATCCGG.1",4
"X1_CAGTGCGGTGCACATT.1",7
"X1_CAGTGCGGTGTTTGCA.1",4
"X1_CAGTGCGGTTCCTTGC.1",4
"X1_CAGTGCGGTTCTTCAT.1",4
"X1_CAGTGCGTCAATCCAG.1",5
"X1_CAGTGCGTCAGACAAA.1",6
"X1_CAGTTAGAGATGAAGG.1",1000
"X1_CAGTTAGAGCATAGGC.1",4
"X1_CAGTTAGAGCCTCAAT.1",1000
"X1_CAGTTAGAGGATGCGT.1",3
"X1_CAGTTAGAGTTTGCTG.1",4
"X1_CAGTTAGCAAATTGCC.1",3
"X1_CAGTTAGCAACCGATT.1",1000
"X1_CAGTTAGCAACGAGGT.1",7
"X1_CAGTTAGCAATCGCAT.1",8
"X1_CAGTTAGCACGCAGTC.1",3
"X1_CAGTTAGCACTAACGT.1",7
"X1_CAGTTAGCAGGTGTTT.1",7
"X1_CAGTTAGCAGTGTATC.1",3
"X1_CAGTTAGCATTCAGGT.1",6
"X1_CAGTTAGGTAGGAAAG.1",0
"X1_CAGTTAGGTCCGTACG.1",8
"X1_CAGTTAGGTGAATGTA.1",8
"X1_CAGTTAGGTGTCACAT.1",7
"X1_CAGTTAGGTTAAACCC.1",3
"X1_CAGTTAGTCACCGCTT.1",0
"X1_CAGTTAGTCAGACAAA.1",0
"X1_CAGTTAGTCCAACACA.1",8
"X1_CAGTTAGTCGATGCTA.1",4
"X1_CAGTTAGTCTAAGCGT.1",8
"X1_CAGTTAGTCTACTGAG.1",6
"X1_CAGTTAGTCTAGTTCT.1",1000
"X1_CAGTTAGTCTTAGTTC.1",8
"X1_CAGTTAGTCTTTCCAA.1",3
"X1_CAGTTCCAGAAATCCA.1",8
"X1_CAGTTCCAGACAGCTG.1",1000
"X1_CAGTTCCAGAGGACTC.1",0
"X1_CAGTTCCAGATGCTGG.1",3
"X1_CAGTTCCAGCCGATCC.1",8
"X1_CAGTTCCAGCCTCGTG.1",1
"X1_CAGTTCCAGCTGACAG.1",8
"X1_CAGTTCCAGCTGAGCA.1",1000
"X1_CAGTTCCAGGACAGTC.1",6
"X1_CAGTTCCAGGCATGGT.1",3
"X1_CAGTTCCAGGCTCTAT.1",7
"X1_CAGTTCCAGGGTAATT.1",2
"X1_CAGTTCCAGTCGCGAA.1",3
"X1_CAGTTCCCAAAGTATG.1",3
"X1_CAGTTCCCAACCGACC.1",2
"X1_CAGTTCCCAAGTCCCG.1",1000
"X1_CAGTTCCCAGAACGCA.1",4
"X1_CAGTTCCCAGAGATTA.1",5
"X1_CAGTTCCCAGGGAATC.1",5
"X1_CAGTTCCCATGTACGT.1",8
"X1_CAGTTCCGTAACACCT.1",4
"X1_CAGTTCCGTACCCGAC.1",7
"X1_CAGTTCCGTATCTCTT.1",4
"X1_CAGTTCCGTATGGAGC.1",4
"X1_CAGTTCCGTGATAGAT.1",7
"X1_CAGTTCCGTTCCTAAG.1",4
"X1_CAGTTCCGTTGCCAAT.1",7
"X1_CAGTTCCGTTGTATGC.1",7
"X1_CAGTTCCGTTTCCATT.1",4
"X1_CAGTTCCGTTTGTTGG.1",6
"X1_CAGTTCCTCAGAACCT.1",2
"X1_CAGTTCCTCCACCTCA.1",8
"X1_CAGTTCCTCCCATACC.1",4
"X1_CAGTTCCTCCGTATAG.1",7
"X1_CAGTTCCTCCTGTAAG.1",5
"X1_CAGTTCCTCGCTTAAG.1",5
"X1_CAGTTCCTCGGAATGG.1",2
"X1_CAGTTCCTCGTGACTA.1",8
"X1_CAGTTCCTCTCGGGAC.1",8
"X1_CAGTTCCTCTGAGATC.1",8
"X1_CATAAGCAGAAAGCGA.1",1
"X1_CATAAGCAGACCATTC.1",0
"X1_CATAAGCAGACTCATC.1",3
"X1_CATAAGCAGCCAGAGT.1",4
"X1_CATAAGCAGCCATTGT.1",8
"X1_CATAAGCAGGCACAAC.1",1000
"X1_CATAAGCAGTTGGACG.1",2
"X1_CATAAGCCAAGAGATT.1",2
"X1_CATAAGCCACAAACGG.1",1000
"X1_CATAAGCCACAGACGA.1",5
"X1_CATAAGCCACGACGCT.1",8
"X1_CATAAGCCACTCTAGA.1",6
"X1_CATAAGCCACTGAATC.1",4
"X1_CATAAGCCAGAACATA.1",4
"X1_CATAAGCCAGGCTTGC.1",5
"X1_CATAAGCCATCCTCAC.1",2
"X1_CATAAGCCATGTGTCA.1",1000
"X1_CATAAGCGTACCTATG.1",1000
"X1_CATAAGCGTAGTGGCA.1",8
"X1_CATAAGCGTCAAATCC.1",5
"X1_CATAAGCGTCGTTATG.1",8
"X1_CATAAGCGTCTAACGT.1",1000
"X1_CATAAGCGTCTTGTCC.1",0
"X1_CATAAGCGTGCCCGTA.1",1000
"X1_CATAAGCGTGGATTTC.1",1000
"X1_CATAAGCGTGTTCATG.1",1000
"X1_CATAAGCGTTGCAACT.1",1000
"X1_CATAAGCGTTGCGTAT.1",1000
"X1_CATAAGCGTTTGTGGT.1",7
"X1_CATAAGCTCAAGCCCG.1",7
"X1_CATAAGCTCATCGCAA.1",8
"X1_CATAAGCTCATGGGAG.1",3
"X1_CATAAGCTCCGCTTAC.1",8
"X1_CATAAGCTCCTTGACC.1",3
"X1_CATAAGCTCTCCCTAG.1",8
"X1_CATACAGAGACCTTTG.1",6
"X1_CATACAGAGATGCCGA.1",1000
"X1_CATACAGAGCAATAAC.1",3
"X1_CATACAGAGCGGACAT.1",1000
"X1_CATACAGAGCTGAGCA.1",8
"X1_CATACAGAGGATACGC.1",5
"X1_CATACAGAGGTGGGTT.1",6
"X1_CATACAGAGGTTGTTC.1",7
"X1_CATACAGAGGTTTACC.1",3
"X1_CATACAGAGTTGGCGA.1",8
"X1_CATACAGCAACATCGT.1",6
"X1_CATACAGCAACTGAAA.1",8
"X1_CATACAGCAAGGCGTA.1",8
"X1_CATACAGCAATCGCCG.1",7
"X1_CATACAGCACAGCCTG.1",1000
"X1_CATACAGCACAGTATC.1",7
"X1_CATACAGCACCACATA.1",1000
"X1_CATACAGCAGACATCT.1",8
"X1_CATACAGCAGGTAGTG.1",5
"X1_CATACAGCAGTTGCGC.1",5
"X1_CATACAGCATTACTCT.1",8
"X1_CATACAGGTAGCTGAG.1",4
"X1_CATACAGGTGAATTGA.1",1000
"X1_CATACAGGTGAGACCA.1",4
"X1_CATACAGGTGCCGAAA.1",5
"X1_CATACAGGTGTATTCG.1",1000
"X1_CATACAGTCACATTGG.1",3
"X1_CATACAGTCATTGCCC.1",1000
"X1_CATACAGTCCACAGCG.1",7
"X1_CATACAGTCCGTTTCG.1",7
"X1_CATACAGTCGACCATA.1",8
"X1_CATACAGTCGCACGGT.1",1000
"X1_CATACAGTCGCAGATT.1",1000
"X1_CATACAGTCGGCTATA.1",4
"X1_CATACAGTCTATTGTC.1",1000
"X1_CATACAGTCTGTAACG.1",6
"X1_CATACAGTCTTACTGT.1",8
"X1_CATACCCAGACAGTCG.1",6
"X1_CATACCCAGAGGCGGA.1",1000
"X1_CATACCCAGCGTGCTC.1",1000
"X1_CATACCCAGCTTTCTT.1",1000
"X1_CATACCCAGGTTTGAA.1",3
"X1_CATACCCAGTATAGAC.1",8
"X1_CATACCCAGTTCGCAT.1",1000
"X1_CATACCCCAATACGAA.1",0
"X1_CATACCCCAATGTCAC.1",5
"X1_CATACCCCACCCTCTA.1",6
"X1_CATACCCCACTGCACG.1",4
"X1_CATACCCCAGCTATAC.1",5
"X1_CATACCCCAGTTAAAG.1",8
"X1_CATACCCCATCGCTAA.1",3
"X1_CATACCCGTACAATAG.1",1000
"X1_CATACCCGTACTCGAT.1",1000
"X1_CATACCCGTATTGCCA.1",1000
"X1_CATACCCGTCATCTAG.1",7
"X1_CATACCCGTCCCGCAA.1",4
"X1_CATACCCGTCCTCATC.1",1000
"X1_CATACCCGTCTGTGAT.1",1000
"X1_CATACCCGTTATAGCC.1",8
"X1_CATACCCGTTCGGCTG.1",0
"X1_CATACCCGTTTCCATT.1",0
"X1_CATACCCTCAAGAGGC.1",7
"X1_CATACCCTCCATCAGA.1",7
"X1_CATACCCTCCGGTAGC.1",8
"X1_CATACCCTCCTACAAG.1",7
"X1_CATACCCTCCTAGCGG.1",8
"X1_CATACCCTCTGACGCG.1",7
"X1_CATACTTAGAGGCGTT.1",3
"X1_CATACTTAGCGCGTTC.1",7
"X1_CATACTTAGGAACTAT.1",8
"X1_CATACTTAGGGAGTGG.1",1000
"X1_CATACTTAGTAGAGTT.1",1
"X1_CATACTTAGTGAGGTC.1",1
"X1_CATACTTAGTGCGCTC.1",8
"X1_CATACTTAGTTCCGTA.1",8
"X1_CATACTTCAAACTAGA.1",1000
"X1_CATACTTCAAATCAGA.1",3
"X1_CATACTTCAACGATCT.1",2
"X1_CATACTTCAACGCCCA.1",1
"X1_CATACTTCAATCTAGC.1",0
"X1_CATACTTCAATTGCCA.1",2
"X1_CATACTTCACCACATA.1",1000
"X1_CATACTTCACGCCAGT.1",0
"X1_CATACTTCAGAGAAAG.1",1000
"X1_CATACTTCAGAGGTTG.1",1000
"X1_CATACTTCAGCATTGT.1",3
"X1_CATACTTCAGTTGTCA.1",8
"X1_CATACTTGTAGCGTTT.1",1
"X1_CATACTTGTCAGACTT.1",1000
"X1_CATACTTGTCTACTGA.1",7
"X1_CATACTTGTCTCTCCA.1",3
"X1_CATACTTGTCTTAGTG.1",8
"X1_CATACTTGTCTTTCTA.1",7
"X1_CATACTTGTGACGCCT.1",6
"X1_CATACTTGTGATCATC.1",3
"X1_CATACTTGTTAGTTCG.1",7
"X1_CATACTTGTTGCTCGG.1",8
"X1_CATACTTGTTGGGACA.1",1000
"X1_CATACTTTCAAGTGTC.1",4
"X1_CATACTTTCACACCGG.1",4
"X1_CATACTTTCACGGTCG.1",2
"X1_CATACTTTCAGAGCGA.1",8
"X1_CATACTTTCTCCGATC.1",8
"X1_CATACTTTCTTGGATG.1",7
"X1_CATAGACAGACACACG.1",8
"X1_CATAGACAGATTGACA.1",1000
"X1_CATAGACAGCACGGAT.1",5
"X1_CATAGACAGCAGCGAT.1",8
"X1_CATAGACAGCATCGAG.1",1000
"X1_CATAGACAGCCTGTGC.1",2
"X1_CATAGACAGGCACAAC.1",5
"X1_CATAGACAGGCATGGT.1",5
"X1_CATAGACAGGCCACCT.1",4
"X1_CATAGACAGTAGTCAA.1",3
"X1_CATAGACCAAATTGCC.1",5
"X1_CATAGACCAATAGGGC.1",8
"X1_CATAGACCAATCGCCG.1",8
"X1_CATAGACCAATTGCTG.1",3
"X1_CATAGACCACGACGCT.1",2
"X1_CATAGACCAGATAAAC.1",4
"X1_CATAGACCATCGGCCA.1",1
"X1_CATAGACCATGGGATG.1",4
"X1_CATAGACGTAGCGTAG.1",4
"X1_CATAGACGTCCCAAAT.1",4
"X1_CATAGACGTCGCATTA.1",3
"X1_CATAGACGTGAGATAT.1",0
"X1_CATAGACGTGGTCTCG.1",2
"X1_CATAGACGTTGGGATG.1",1000
"X1_CATAGACTCGCCCAGA.1",1
"X1_CATAGACTCTTCGTAT.1",2
"X1_CATCAAGAGAGCAGCT.1",2
"X1_CATCAAGAGAGCATTA.1",8
"X1_CATCAAGAGATGAAGG.1",8
"X1_CATCAAGAGCGCGTTC.1",1000
"X1_CATCAAGAGGCCTAAG.1",7
"X1_CATCAAGAGGCGACAT.1",1000
"X1_CATCAAGAGGGCAGGA.1",4
"X1_CATCAAGAGGGTGAGG.1",3
"X1_CATCAAGAGGTAGCAC.1",1000
"X1_CATCAAGCAACATACC.1",3
"X1_CATCAAGCACAGCCTG.1",1000
"X1_CATCAAGCACCATAAC.1",1000
"X1_CATCAAGCACGTAACT.1",1000
"X1_CATCAAGCAGCGTTTA.1",3
"X1_CATCAAGCAGGTTCCG.1",1000
"X1_CATCAAGCATGACTGT.1",4
"X1_CATCAAGGTCATCGCG.1",7
"X1_CATCAAGGTCTGCATA.1",1000
"X1_CATCAAGGTTACGTAC.1",2
"X1_CATCAAGGTTGCGTAT.1",4
"X1_CATCAAGGTTGTGGAG.1",6
"X1_CATCAAGTCAGACATC.1",2
"X1_CATCAAGTCATGCTAG.1",6
"X1_CATCAAGTCCGAGAAG.1",4
"X1_CATCAAGTCCTCATAT.1",7
"X1_CATCAAGTCGATACTG.1",1000
"X1_CATCAAGTCGGAGATG.1",8
"X1_CATCAAGTCTACTATC.1",1000
"X1_CATCAAGTCTATTGTC.1",4
"X1_CATCCACAGAACGCGT.1",0
"X1_CATCCACAGACTAAGT.1",7
"X1_CATCCACAGCGGCTCT.1",1000
"X1_CATCCACAGGAGGTTC.1",7
"X1_CATCCACAGTAGTCCT.1",3
"X1_CATCCACCAACGTATC.1",7
"X1_CATCCACCAAGCACCC.1",7
"X1_CATCCACCAATAGTGA.1",8
"X1_CATCCACCACAAGTTC.1",0
"X1_CATCCACCACCTGCGA.1",1000
"X1_CATCCACCACTCATAG.1",7
"X1_CATCCACCACTTGGCG.1",8
"X1_CATCCACCATCGCCTT.1",1000
"X1_CATCCACCATGTGTCA.1",0
"X1_CATCCACCATTCTCTA.1",8
"X1_CATCCACGTACTGCCG.1",7
"X1_CATCCACGTATCACCA.1",1000
"X1_CATCCACGTCAAAGCG.1",1000
"X1_CATCCACGTCATCACA.1",1000
"X1_CATCCACGTCCACACG.1",8
"X1_CATCCACGTCCAGCAC.1",7
"X1_CATCCACGTCTGTAGT.1",7
"X1_CATCCACGTTTGCAGT.1",7
"X1_CATCCACTCAACCTCC.1",1000
"X1_CATCCACTCAAGTGGG.1",4
"X1_CATCCACTCCATCTCG.1",1000
"X1_CATCCACTCCCATACC.1",1000
"X1_CATCCACTCCGCAGTG.1",8
"X1_CATCCACTCGATACGT.1",8
"X1_CATCCACTCTCTAGGA.1",8
"X1_CATCCACTCTTGCAGA.1",1
"X1_CATCCCAAGAATCTAG.1",1000
"X1_CATCCCAAGACTGTTC.1",7
"X1_CATCCCAAGCCATATC.1",7
"X1_CATCCCAAGCGAGTCA.1",7
"X1_CATCCCAAGGTAGATT.1",3
"X1_CATCCCAAGGTTAGTA.1",4
"X1_CATCCCAAGTAGTGCG.1",6
"X1_CATCCCACAACCGACC.1",4
"X1_CATCCCACAATCGTCA.1",5
"X1_CATCCCACAATGGGTG.1",4
"X1_CATCCCACACCGTCTT.1",3
"X1_CATCCCACACGAGAAC.1",6
"X1_CATCCCACAGACCTAT.1",5
"X1_CATCCCACAGTCGGAA.1",7
"X1_CATCCCACATAGCTGT.1",8
"X1_CATCCCAGTAAGATAC.1",8
"X1_CATCCCAGTAGCTTTG.1",8
"X1_CATCCCAGTAGTCGGA.1",1000
"X1_CATCCCAGTATGAAGT.1",8
"X1_CATCCCAGTATTAAGG.1",1000
"X1_CATCCCAGTCACCGCA.1",7
"X1_CATCCCAGTGTCATCA.1",6
"X1_CATCCCAGTTCCGCAG.1",1000
"X1_CATCCCAGTTGTGTTG.1",8
"X1_CATCCCATCAGTGATC.1",4
"X1_CATCCCATCCAACTAG.1",8
"X1_CATCCCATCCACACAA.1",3
"X1_CATCCCATCCATACAG.1",4
"X1_CATCCCATCCATTCGC.1",5
"X1_CATCCCATCCGTGGGT.1",8
"X1_CATCCCATCGACATTG.1",1000
"X1_CATCCCATCGCCGAAC.1",1000
"X1_CATCCCATCGGCTCTT.1",8
"X1_CATCCCATCTAGCAAC.1",7
"X1_CATCCGTAGAAATTGC.1",8
"X1_CATCCGTAGACGCTCC.1",4
"X1_CATCCGTAGCACTGGA.1",3
"X1_CATCCGTAGCGATCGA.1",4
"X1_CATCCGTAGGACAACC.1",7
"X1_CATCCGTAGGGTACAC.1",1000
"X1_CATCCGTAGGTCATTC.1",4
"X1_CATCCGTCAAATGGTA.1",1000
"X1_CATCCGTCACAAATCC.1",4
"X1_CATCCGTCACACCTTC.1",1000
"X1_CATCCGTCACGAGGAT.1",0
"X1_CATCCGTCACTTGGCG.1",1000
"X1_CATCCGTGTACAGGTG.1",7
"X1_CATCCGTGTATGAGAT.1",1000
"X1_CATCCGTGTATTAAGG.1",5
"X1_CATCCGTGTCCAAGAG.1",7
"X1_CATCCGTGTCGCAACC.1",7
"X1_CATCCGTGTTACTCAG.1",4
"X1_CATCCGTGTTGCTAGT.1",8
"X1_CATCCGTGTTGCTCGG.1",4
"X1_CATCCGTTCACCGACG.1",3
"X1_CATCCGTTCACCGCTT.1",8
"X1_CATCCGTTCACTGTCC.1",1000
"X1_CATCCGTTCATTGCCC.1",7
"X1_CATCCGTTCCGCGGAT.1",4
"X1_CATCCGTTCGGTCAGC.1",8
"X1_CATCCGTTCTTCGATT.1",1000
"X1_CATCGCTAGACTCGAG.1",7
"X1_CATCGCTAGCACCGTC.1",4
"X1_CATCGCTAGGCTAAAT.1",7
"X1_CATCGCTAGGGCATGT.1",1000
"X1_CATCGCTAGGTGAGAA.1",8
"X1_CATCGCTAGTAGGCCA.1",8
"X1_CATCGCTAGTCATTGC.1",1000
"X1_CATCGCTAGTGTCATC.1",1000
"X1_CATCGCTCACGACCTG.1",4
"X1_CATCGCTCACGCGCAT.1",3
"X1_CATCGCTCAGCTGAGA.1",4
"X1_CATCGCTGTAACAAGT.1",1000
"X1_CATCGCTGTACCGTCG.1",7
"X1_CATCGCTGTACCTAGT.1",8
"X1_CATCGCTGTACGCTAT.1",1000
"X1_CATCGCTGTCACATTG.1",6
"X1_CATCGCTGTCACTGAT.1",1
"X1_CATCGCTGTCAGACTT.1",6
"X1_CATCGCTGTCATCCCT.1",4
"X1_CATCGCTGTCGCAGTC.1",6
"X1_CATCGCTGTCGTGCCA.1",8
"X1_CATCGCTGTGGCAGAT.1",4
"X1_CATCGCTGTTGAGAGC.1",8
"X1_CATCGCTTCCCTGTTG.1",1000
"X1_CATCGCTTCCTTTAGT.1",1000
"X1_CATCGCTTCGAAGGAC.1",3
"X1_CATCGCTTCGAGTGAG.1",7
"X1_CATCGGGAGAAGCGAA.1",8
"X1_CATCGGGAGAAGCTCG.1",2
"X1_CATCGGGAGATGAATC.1",3
"X1_CATCGGGAGCATTGTC.1",4
"X1_CATCGGGAGCGTGAAC.1",1000
"X1_CATCGGGAGCGTTACT.1",6
"X1_CATCGGGAGCTCACTA.1",2
"X1_CATCGGGAGCTGTTCA.1",7
"X1_CATCGGGAGGACAGCT.1",7
"X1_CATCGGGAGGAGATAG.1",1000
"X1_CATCGGGAGGATGTTA.1",8
"X1_CATCGGGAGGCCTAAG.1",8
"X1_CATCGGGAGGTTCTTG.1",7
"X1_CATCGGGAGGTTGGTG.1",8
"X1_CATCGGGAGTCATACC.1",1000
"X1_CATCGGGAGTCTGCGC.1",1000
"X1_CATCGGGAGTGAGTGC.1",8
"X1_CATCGGGAGTGTGTTC.1",8
"X1_CATCGGGCACCAAAGG.1",1000
"X1_CATCGGGCACTTTATC.1",4
"X1_CATCGGGCAGGTCAGA.1",8
"X1_CATCGGGGTAACGATA.1",1000
"X1_CATCGGGGTAATGTGA.1",4
"X1_CATCGGGGTACCAGAG.1",1
"X1_CATCGGGGTAGCCCTG.1",8
"X1_CATCGGGGTCACTGAT.1",7
"X1_CATCGGGGTCACTTCC.1",7
"X1_CATCGGGGTCAGCTTA.1",4
"X1_CATCGGGGTCGCTGCA.1",4
"X1_CATCGGGGTGGTCCGT.1",8
"X1_CATCGGGGTTTGCAGT.1",2
"X1_CATCGGGTCAAGGACG.1",1000
"X1_CATCGGGTCAGATTGC.1",2
"X1_CATCGGGTCAGCAATC.1",8
"X1_CATCGGGTCCATTTCA.1",5
"X1_CATCGGGTCGCTTTAT.1",7
"X1_CATCGGGTCGGACCAC.1",7
"X1_CATCGGGTCTTCCCAG.1",4
"X1_CATCGGGTCTTTACAC.1",1000
"X1_CATCGTCAGACGCATG.1",3
"X1_CATCGTCAGAGAAGGT.1",8
"X1_CATCGTCAGCGTTACT.1",7
"X1_CATCGTCAGGACAACC.1",8
"X1_CATCGTCAGGATGAGA.1",1000
"X1_CATCGTCAGGATGTTA.1",1000
"X1_CATCGTCAGGCATCTT.1",7
"X1_CATCGTCAGGCTTAAA.1",4
"X1_CATCGTCAGGTCATCT.1",8
"X1_CATCGTCAGTTCACTG.1",1000
"X1_CATCGTCAGTTTCGAC.1",7
"X1_CATCGTCCAACAGAGC.1",3
"X1_CATCGTCCAACTGAAA.1",1000
"X1_CATCGTCCACATAGCT.1",5
"X1_CATCGTCCACGTCTCT.1",0
"X1_CATCGTCCAGCAGTCC.1",8
"X1_CATCGTCCAGCATACT.1",7
"X1_CATCGTCCAGGTGGAT.1",5
"X1_CATCGTCCAGTAACAA.1",6
"X1_CATCGTCCAGTGTACT.1",1000
"X1_CATCGTCCATCGTGCG.1",8
"X1_CATCGTCCATGGGAAC.1",1000
"X1_CATCGTCGTACAAACA.1",7
"X1_CATCGTCGTAGCGTCC.1",8
"X1_CATCGTCGTATACGGG.1",3
"X1_CATCGTCGTCACTACA.1",1000
"X1_CATCGTCGTCGCATCG.1",1000
"X1_CATCGTCGTGAGTCAG.1",8
"X1_CATCGTCGTGTCTAAC.1",7
"X1_CATCGTCGTTAGGGTG.1",2
"X1_CATCGTCGTTCCGCGA.1",7
"X1_CATCGTCGTTGCATAC.1",8
"X1_CATCGTCGTTGCGAAG.1",7
"X1_CATCGTCGTTTGAAAG.1",1000
"X1_CATCGTCTCAGTGTGT.1",2
"X1_CATCGTCTCCACGTAA.1",8
"X1_CATCGTCTCCCTGTTG.1",1000
"X1_CATCGTCTCGAGCACC.1",8
"X1_CATCGTCTCGCTTTAT.1",1000
"X1_CATCGTCTCTCAGAAC.1",6
"X1_CATCGTCTCTCCCTAG.1",1000
"X1_CATCGTCTCTGGGCAC.1",0
"X1_CATGAGTAGAATCGTA.1",8
"X1_CATGAGTAGAATCTAG.1",8
"X1_CATGAGTAGAATGTTG.1",8
"X1_CATGAGTAGCACTCGC.1",8
"X1_CATGAGTAGCCTCAGC.1",1000
"X1_CATGAGTAGCTATCCA.1",1000
"X1_CATGAGTAGTAGACCG.1",7
"X1_CATGAGTAGTCGCCAC.1",1000
"X1_CATGAGTCAAACTCGT.1",1000
"X1_CATGAGTCAAATGCTC.1",8
"X1_CATGAGTCAACAACAA.1",4
"X1_CATGAGTCAACCGCTG.1",3
"X1_CATGAGTCAATCCTAG.1",1000
"X1_CATGAGTCACATACGT.1",7
"X1_CATGAGTCACCTCAGG.1",1000
"X1_CATGAGTCACTCATAG.1",1000
"X1_CATGAGTCAGACGATG.1",1000
"X1_CATGAGTCAGCTTCGG.1",7
"X1_CATGAGTCAGGTGTTT.1",8
"X1_CATGAGTCATAACCCA.1",1000
"X1_CATGAGTCATACTGTG.1",4
"X1_CATGAGTCATCATGAC.1",3
"X1_CATGAGTGTACTCGCG.1",8
"X1_CATGAGTGTCCTGTCT.1",4
"X1_CATGAGTGTGAGATCG.1",3
"X1_CATGAGTGTTAACAGA.1",7
"X1_CATGAGTGTTCAGCTA.1",2
"X1_CATGAGTTCACGATAC.1",7
"X1_CATGAGTTCATCTACT.1",1
"X1_CATGAGTTCCATTCAT.1",1000
"X1_CATGAGTTCCGACATA.1",1000
"X1_CATGAGTTCCGAGATT.1",8
"X1_CATGAGTTCCGATCGG.1",1000
"X1_CATGAGTTCCTATTGT.1",3
"X1_CATGAGTTCGCGGACT.1",2
"X1_CATGAGTTCTAGGCAT.1",6
"X1_CATGAGTTCTCTTAAC.1",4
"X1_CATGCAAAGCAACTCT.1",5
"X1_CATGCAAAGCAGTCTT.1",4
"X1_CATGCAAAGGAGTATT.1",7
"X1_CATGCAAAGTATAGGT.1",6
"X1_CATGCAACAAATTAGG.1",7
"X1_CATGCAACACTAGTAC.1",7
"X1_CATGCAACAGAGTCTT.1",1000
"X1_CATGCAACAGCTGGTC.1",8
"X1_CATGCAACAGTGGCTC.1",4
"X1_CATGCAACATCAGCTA.1",4
"X1_CATGCAAGTAGCGTCC.1",4
"X1_CATGCAAGTGACAACG.1",3
"X1_CATGCAATCCACCTGT.1",2
"X1_CATGCAATCCATTCGC.1",3
"X1_CATGCAATCGCTTACC.1",8
"X1_CATGCAATCTGGCTGG.1",2
"X1_CATGCAATCTGGGTCG.1",4
"X1_CATGCCTAGACCGCCT.1",1
"X1_CATGCCTAGAGTTGTA.1",1
"X1_CATGCCTAGATGAACT.1",1000
"X1_CATGCCTAGATGCCGA.1",1000
"X1_CATGCCTAGCCGTTGC.1",4
"X1_CATGCCTAGCCTCTTC.1",3
"X1_CATGCCTAGGAAGTAG.1",4
"X1_CATGCCTAGGAATGTT.1",4
"X1_CATGCCTAGGGACAGG.1",7
"X1_CATGCCTAGGGCCAAT.1",5
"X1_CATGCCTAGTCGTCTA.1",4
"X1_CATGCCTAGTGAGCCA.1",3
"X1_CATGCCTAGTTGCGAG.1",3
"X1_CATGCCTAGTTTCTTC.1",8
"X1_CATGCCTCAACCACAT.1",7
"X1_CATGCCTCACCTCTGT.1",1
"X1_CATGCCTCACGCGTGT.1",8
"X1_CATGCCTCACGGCGTT.1",1
"X1_CATGCCTCAGAAGCTG.1",0
"X1_CATGCCTCAGATCCTA.1",1000
"X1_CATGCCTCATACAGGG.1",6
"X1_CATGCCTGTACACGCC.1",2
"X1_CATGCCTGTAGCTGAG.1",1000
"X1_CATGCCTGTAGGCTGA.1",7
"X1_CATGCCTGTATCGTTG.1",7
"X1_CATGCCTGTCGCAGTC.1",1000
"X1_CATGCCTGTGAATGAT.1",1000
"X1_CATGCCTGTGTCACAT.1",8
"X1_CATGCCTTCACCCTCA.1",6
"X1_CATGCCTTCAGTCACA.1",6
"X1_CATGCCTTCAGTCCGG.1",1
"X1_CATGCCTTCATGGATC.1",8
"X1_CATGCCTTCATTGGTG.1",5
"X1_CATGCCTTCCGAGCTG.1",8
"X1_CATGCCTTCGATTGAC.1",2
"X1_CATGCCTTCTACACTT.1",8
"X1_CATGCCTTCTGTCGTC.1",6
"X1_CATGCCTTCTTTGCTA.1",1000
"X1_CATGCGGAGAGGGTGG.1",1000
"X1_CATGCGGAGAGTCTTC.1",7
"X1_CATGCGGAGAGTGGCT.1",8
"X1_CATGCGGAGCCTGCCA.1",1000
"X1_CATGCGGAGCGCCTTG.1",4
"X1_CATGCGGAGGCTTTCA.1",1000
"X1_CATGCGGAGTAGAATC.1",4
"X1_CATGCGGAGTCGAAGC.1",1
"X1_CATGCGGAGTGAGTTA.1",6
"X1_CATGCGGAGTGCGTCC.1",7
"X1_CATGCGGCAAATACAG.1",1000
"X1_CATGCGGCAATCAGCT.1",3
"X1_CATGCGGCACCAGTTA.1",7
"X1_CATGCGGCAGGACTTT.1",4
"X1_CATGCGGCAGGCACAA.1",3
"X1_CATGCGGCAGTGGCTC.1",2
"X1_CATGCGGCAGTTGAAA.1",1000
"X1_CATGCGGGTAGTATAG.1",1000
"X1_CATGCGGGTATCGCAT.1",7
"X1_CATGCGGGTCGGCCTA.1",3
"X1_CATGCGGGTCTCTCAC.1",1
"X1_CATGCGGGTGAACCGA.1",8
"X1_CATGCGGTCACGTAGT.1",7
"X1_CATGCGGTCATCGCAA.1",2
"X1_CATGCGGTCCATAGAC.1",0
"X1_CATGCGGTCGGACAAG.1",7
"X1_CATGCGGTCTCTAGGA.1",7
"X1_CATGCGGTCTTTGCTA.1",4
"X1_CATGCTCAGACCTCCG.1",6
"X1_CATGCTCAGACTCTTG.1",8
"X1_CATGCTCAGACTTCAC.1",1000
"X1_CATGCTCAGAGTCAGC.1",4
"X1_CATGCTCAGCTCCCTT.1",5
"X1_CATGCTCAGCTTGTTG.1",3
"X1_CATGCTCAGGACAGCT.1",8
"X1_CATGCTCAGGGTGGGA.1",7
"X1_CATGCTCAGTGCAGGT.1",5
"X1_CATGCTCAGTGGGAAA.1",4
"X1_CATGCTCAGTTTAGGA.1",4
"X1_CATGCTCCACTGCACG.1",4
"X1_CATGCTCCAGAGCTAG.1",4
"X1_CATGCTCCATACCACA.1",3
"X1_CATGCTCCATCTGGGC.1",7
"X1_CATGCTCCATGACTTG.1",8
"X1_CATGCTCGTAAGGCCA.1",3
"X1_CATGCTCGTAATGATG.1",1000
"X1_CATGCTCGTCCCGCAA.1",8
"X1_CATGCTCGTGACCTGC.1",7
"X1_CATGCTCGTGTATTCG.1",7
"X1_CATGCTCGTTCTAACG.1",1000
"X1_CATGCTCGTTGTGCAT.1",5
"X1_CATGCTCGTTTAAGGA.1",7
"X1_CATGCTCTCAAGAAAC.1",8
"X1_CATGCTCTCCACGAAT.1",7
"X1_CATGCTCTCCGTCCTA.1",4
"X1_CATGCTCTCCTTATCA.1",6
"X1_CATGCTCTCGAGTACT.1",4
"X1_CATGCTCTCGTACACA.1",8
"X1_CATGCTCTCGTGGTAT.1",8
"X1_CATGCTCTCTGACCCT.1",1000
"X1_CATGGATAGAAGGATG.1",7
"X1_CATGGATAGACTGTTC.1",5
"X1_CATGGATAGCACTCAT.1",6
"X1_CATGGATAGCCTCGTG.1",4
"X1_CATGGATAGCGAGGAG.1",8
"X1_CATGGATAGGTAGATT.1",4
"X1_CATGGATAGGTTCACT.1",8
"X1_CATGGATAGTTCATGC.1",4
"X1_CATGGATCAACAACAA.1",3
"X1_CATGGATCAATTGTGC.1",5
"X1_CATGGATCACCGGTCA.1",4
"X1_CATGGATCACTCAAGT.1",8
"X1_CATGGATCATTGCTGA.1",0
"X1_CATGGATGTATCGCTA.1",1000
"X1_CATGGATGTCAAAGCG.1",1000
"X1_CATGGATGTCTAACGT.1",6
"X1_CATGGATGTCTGGTTA.1",3
"X1_CATGGATGTTAAGCAA.1",7
"X1_CATGGATGTTCGCGTG.1",3
"X1_CATGGATGTTGCAACT.1",4
"X1_CATGGATGTTTCGGCG.1",7
"X1_CATGGATGTTTGGCTA.1",1000
"X1_CATGGATTCATCCTAT.1",1000
"X1_CATGGATTCCATATGG.1",1000
"X1_CATGGATTCTCGACCT.1",1000
"X1_CATGGATTCTGCTTAT.1",1000
"X1_CATGGATTCTGGACTA.1",3
"X1_CATGGATTCTTTCTAG.1",8
"X1_CATGGTAAGACCGTTT.1",1000
"X1_CATGGTAAGAGGTCGT.1",8
"X1_CATGGTAAGCTGACAG.1",3
"X1_CATGGTACAAAGGCGT.1",8
"X1_CATGGTACAAGAGGTC.1",8
"X1_CATGGTACACCAAAGG.1",8
"X1_CATGGTACAGAAATCA.1",1000
"X1_CATGGTACAGCCTATA.1",7
"X1_CATGGTACAGGTCTCG.1",2
"X1_CATGGTACAGTTGTCA.1",3
"X1_CATGGTACATACCATG.1",8
"X1_CATGGTACATAGTCGT.1",7
"X1_CATGGTAGTAACAGGC.1",1000
"X1_CATGGTAGTAGCACAG.1",4
"X1_CATGGTAGTAGCCAGA.1",2
"X1_CATGGTAGTCCTGTTC.1",1000
"X1_CATGGTAGTTGGCCTG.1",2
"X1_CATGGTAGTTTACACG.1",1000
"X1_CATGGTATCAAAGAAC.1",3
"X1_CATGGTATCAACCTCC.1",1000
"X1_CATGGTATCACCGGGT.1",5
"X1_CATGGTATCAGATTGC.1",3
"X1_CATGGTATCATCGACA.1",8
"X1_CATGGTATCCTAACAG.1",1000
"X1_CATTCATAGACCATGG.1",2
"X1_CATTCATAGCGATTCT.1",1
"X1_CATTCATAGGAATGTT.1",0
"X1_CATTCATAGGCATCAG.1",1000
"X1_CATTCATAGGCCATAG.1",7
"X1_CATTCATAGGCCCACT.1",2
"X1_CATTCATAGGCGATAC.1",1000
"X1_CATTCATAGGCTCTAT.1",4
"X1_CATTCATAGGTAAGTT.1",4
"X1_CATTCATAGTAATTGG.1",8
"X1_CATTCATAGTAGGTTA.1",8
"X1_CATTCATAGTATAGGT.1",8
"X1_CATTCATAGTGCGACA.1",1000
"X1_CATTCATCAAAGCTCT.1",1000
"X1_CATTCATCACGGATCC.1",1000
"X1_CATTCATCACTAACCA.1",8
"X1_CATTCATCAGCGTACC.1",7
"X1_CATTCATGTACGAAAT.1",4
"X1_CATTCATGTATCGTGT.1",5
"X1_CATTCATGTATGCGTT.1",7
"X1_CATTCATGTCGACTGC.1",8
"X1_CATTCATGTTAATGAG.1",1000
"X1_CATTCATGTTAGTCGT.1",7
"X1_CATTCATTCAAATGAG.1",3
"X1_CATTCATTCAAGAATG.1",2
"X1_CATTCATTCAAGCTGT.1",7
"X1_CATTCATTCCATACTT.1",6
"X1_CATTCATTCGCAATGT.1",4
"X1_CATTCATTCGCCAACG.1",7
"X1_CATTCATTCGCCATAA.1",1
"X1_CATTCATTCTCGAACA.1",1
"X1_CATTCATTCTCGTTTA.1",1000
"X1_CATTCCGAGATTAGAC.1",8
"X1_CATTCCGAGGCCCAAA.1",5
"X1_CATTCCGAGGTAATCA.1",2
"X1_CATTCCGAGGTACATA.1",5
"X1_CATTCCGAGTATAGAC.1",4
"X1_CATTCCGCAACATACC.1",7
"X1_CATTCCGCAATCCAGT.1",6
"X1_CATTCCGCAATGGGTG.1",3
"X1_CATTCCGCACACCTGG.1",7
"X1_CATTCCGCACGAGAAC.1",3
"X1_CATTCCGCACGCGTCA.1",1000
"X1_CATTCCGCAGCTGTAT.1",4
"X1_CATTCCGCAGGCGTTC.1",0
"X1_CATTCCGCAGTTCTAG.1",8
"X1_CATTCCGGTACGATTC.1",8
"X1_CATTCCGGTAGAGATT.1",1000
"X1_CATTCCGGTATGAAAC.1",4
"X1_CATTCCGGTCGAACAG.1",7
"X1_CATTCCGGTCTCTCCA.1",1
"X1_CATTCCGGTGACATCT.1",3
"X1_CATTCCGGTGACTCTA.1",8
"X1_CATTCCGGTGCATGAG.1",1000
"X1_CATTCCGGTGGCACTC.1",0
"X1_CATTCCGGTGGGATTG.1",4
"X1_CATTCCGGTTTCAGAC.1",1000
"X1_CATTCCGTCAAACCCA.1",7
"X1_CATTCCGTCAGATGCT.1",1
"X1_CATTCCGTCCTCAGGG.1",8
"X1_CATTCCGTCCTCTAAT.1",5
"X1_CATTCCGTCGTAACAC.1",7
"X1_CATTCCGTCTCGACCT.1",0
"X1_CATTCCGTCTTACACT.1",1000
"X1_CATTCCGTCTTGGATG.1",1000
"X1_CATTCTAAGAGTGTTA.1",8
"X1_CATTCTAAGCTCATAC.1",4
"X1_CATTCTAAGCTTCGTA.1",6
"X1_CATTCTAAGGACTGGT.1",1000
"X1_CATTCTAAGTAAGAGG.1",2
"X1_CATTCTAAGTCTGCGC.1",5
"X1_CATTCTACAAGGCCTC.1",8
"X1_CATTCTACACGACCTG.1",8
"X1_CATTCTACATCCTTCG.1",7
"X1_CATTCTAGTAACACGG.1",1000
"X1_CATTCTAGTCCGATCG.1",4
"X1_CATTCTAGTCTGATCA.1",1000
"X1_CATTCTAGTGTCACAT.1",8
"X1_CATTCTAGTTGCACGC.1",5
"X1_CATTCTAGTTGTATGC.1",4
"X1_CATTCTATCCCAGTGG.1",1000
"X1_CATTCTATCGCATTGA.1",8
"X1_CATTCTATCGCCGATG.1",1000
"X1_CATTGAGAGATTGATG.1",1000
"X1_CATTGAGAGCTACTAC.1",2
"X1_CATTGAGAGGCACTAG.1",4
"X1_CATTGAGAGGTTCCGC.1",1
"X1_CATTGAGCAACACGAG.1",8
"X1_CATTGAGCAAGCCATT.1",3
"X1_CATTGAGCACAGCATT.1",1000
"X1_CATTGAGCACGACCTG.1",1000
"X1_CATTGAGCACGCAGTC.1",8
"X1_CATTGAGCACTACCGG.1",8
"X1_CATTGAGCACTGGATT.1",8
"X1_CATTGAGCAGTATGAA.1",7
"X1_CATTGAGCATATGAAG.1",4
"X1_CATTGAGCATCTAGAC.1",7
"X1_CATTGAGCATGTGTCA.1",4
"X1_CATTGAGGTCTACATG.1",8
"X1_CATTGAGGTCTGTGGC.1",3
"X1_CATTGAGGTCTTCGAA.1",8
"X1_CATTGAGGTGGACTAG.1",1000
"X1_CATTGAGGTGGCCTCA.1",1000
"X1_CATTGAGGTTCAACGT.1",2
"X1_CATTGAGGTTCGGACC.1",1
"X1_CATTGAGGTTGCATTG.1",1
"X1_CATTGAGGTTGGGCCT.1",8
"X1_CATTGAGGTTGTATGC.1",7
"X1_CATTGAGTCAAGCGTT.1",8
"X1_CATTGAGTCATTCCTA.1",7
"X1_CATTGAGTCATTGGTG.1",1000
"X1_CATTGAGTCCGAGTGC.1",8
"X1_CATTGAGTCGAATGCT.1",8
"X1_CATTGAGTCGATACAC.1",2
"X1_CATTGAGTCGTGCAGC.1",8
"X1_CATTGAGTCGTTAGAC.1",5
"X1_CATTGAGTCTGAGAGG.1",8
"X1_CATTGCCAGAACTGAT.1",8
"X1_CATTGCCAGACATACA.1",4
"X1_CATTGCCAGAGAGGTA.1",7
"X1_CATTGCCAGAGAGTGA.1",1000
"X1_CATTGCCAGCACCGAA.1",6
"X1_CATTGCCAGCGTACAG.1",0
"X1_CATTGCCAGGCATCTT.1",8
"X1_CATTGCCCAAAGGGCT.1",8
"X1_CATTGCCCAAGAAACT.1",1000
"X1_CATTGCCCACCAACAT.1",1000
"X1_CATTGCCCACCGTCTT.1",3
"X1_CATTGCCCAGCTACCG.1",8
"X1_CATTGCCCAGTTGTTG.1",5
"X1_CATTGCCCATCCGCGA.1",4
"X1_CATTGCCCATCGTGGC.1",5
"X1_CATTGCCCATCTTTCA.1",1000
"X1_CATTGCCCATTGAAGA.1",8
"X1_CATTGCCGTAACTAAG.1",7
"X1_CATTGCCGTACGTGTT.1",3
"X1_CATTGCCGTAGAGACC.1",8
"X1_CATTGCCGTCCCTCAT.1",8
"X1_CATTGCCGTCGAAACG.1",3
"X1_CATTGCCGTGTCTTAG.1",3
"X1_CATTGCCGTTGAGAGC.1",8
"X1_CATTGCCGTTGTGCAT.1",4
"X1_CATTGCCTCATTCATC.1",0
"X1_CATTGCCTCCCAGGAC.1",8
"X1_CATTGCCTCCCTCGAT.1",1000
"X1_CATTGCCTCCGCGAGT.1",1
"X1_CATTGCCTCCTCAGAA.1",8
"X1_CATTGCCTCGTGACTA.1",3
"X1_CATTGCCTCTAGACAC.1",1000
"X1_CATTGCCTCTAGAGCT.1",1000
"X1_CATTGCCTCTAGTTCT.1",3
"X1_CATTGTTAGAGCATAT.1",4
"X1_CATTGTTAGCAACCAG.1",1
"X1_CATTGTTAGCACTGGA.1",1000
"X1_CATTGTTAGCGTATGG.1",1000
"X1_CATTGTTAGGAACGCT.1",1000
"X1_CATTGTTAGGAGAGTA.1",0
"X1_CATTGTTAGGCGTCCT.1",8
"X1_CATTGTTAGGTACATA.1",1000
"X1_CATTGTTAGGTGCCAA.1",7
"X1_CATTGTTAGTTCATCG.1",8
"X1_CATTGTTAGTTGCATC.1",8
"X1_CATTGTTCAACTCCAA.1",1000
"X1_CATTGTTCAACTGTGT.1",1000
"X1_CATTGTTCACACACGC.1",1000
"X1_CATTGTTCACTGTTCC.1",4
"X1_CATTGTTCATCAACCA.1",8
"X1_CATTGTTCATCACCAA.1",4
"X1_CATTGTTCATCCTGTC.1",4
"X1_CATTGTTCATCTGCGG.1",3
"X1_CATTGTTGTACCTGTA.1",7
"X1_CATTGTTGTACTAACC.1",5
"X1_CATTGTTGTATAGGAT.1",0
"X1_CATTGTTGTCCGACGT.1",8
"X1_CATTGTTGTCGCACAC.1",8
"X1_CATTGTTGTGCCCGTA.1",4
"X1_CATTGTTGTGCCTAAT.1",1000
"X1_CATTGTTGTGTTGAGG.1",1000
"X1_CATTGTTGTTGAGAGC.1",2
"X1_CATTGTTGTTGCTCCT.1",1000
"X1_CATTGTTGTTTGGGAG.1",3
"X1_CATTGTTTCAGAGCAG.1",1000
"X1_CATTGTTTCCCGAGTG.1",4
"X1_CATTGTTTCGCAGTGC.1",8
"X1_CATTGTTTCGCTCTCA.1",0
"X1_CATTGTTTCTCGGTAA.1",7
"X1_CATTGTTTCTGCGGAC.1",8
"X1_CATTGTTTCTTAGCTT.1",7
"X1_CATTTCAAGATTGACA.1",7
"X1_CATTTCAAGGATTACA.1",8
"X1_CATTTCAAGGTATAGT.1",1000
"X1_CATTTCAAGGTGATCG.1",4
"X1_CATTTCAAGTACTGTC.1",7
"X1_CATTTCAAGTTCACTG.1",4
"X1_CATTTCACAACAAGTA.1",6
"X1_CATTTCACAATTCGTG.1",7
"X1_CATTTCACAATTTCGG.1",7
"X1_CATTTCACACAAAGCG.1",0
"X1_CATTTCACACATCCCT.1",1000
"X1_CATTTCACACCAAAGG.1",1000
"X1_CATTTCACACCGGTCA.1",1000
"X1_CATTTCACACTGCACG.1",8
"X1_CATTTCACATCGAACT.1",7
"X1_CATTTCACATTACTCT.1",1000
"X1_CATTTCAGTAGATTAG.1",1000
"X1_CATTTCAGTATCACGT.1",3
"X1_CATTTCAGTCAGTCGC.1",1
"X1_CATTTCAGTGCGTTTA.1",1000
"X1_CATTTCAGTTATTCTC.1",7
"X1_CATTTCAGTTGCTTGA.1",7
"X1_CATTTCAGTTTACCAG.1",5
"X1_CATTTCATCGAGTACT.1",1000
"X1_CATTTCATCGCCGAAC.1",1
"X1_CATTTCATCGCGTTTC.1",1
"X1_CATTTCATCGTGTGGC.1",7
"X1_CATTTCATCTATCGTT.1",1000
"X1_CCAAGCGAGAGGTGCT.1",7
"X1_CCAAGCGAGCACCGAA.1",8
"X1_CCAAGCGAGGCCCAAA.1",2
"X1_CCAAGCGAGGTTAAAC.1",8
"X1_CCAAGCGAGTAACCGG.1",1000
"X1_CCAAGCGAGTATAGAC.1",8
"X1_CCAAGCGAGTCACACT.1",3
"X1_CCAAGCGAGTGCTCGC.1",8
"X1_CCAAGCGCAAATGCGG.1",8
"X1_CCAAGCGCAGAGAAAG.1",4
"X1_CCAAGCGCATACAGCT.1",8
"X1_CCAAGCGCATACATCG.1",7
"X1_CCAAGCGCATAGGAGC.1",2
"X1_CCAAGCGCATTGCCGG.1",8
"X1_CCAAGCGGTAGGCTGA.1",1000
"X1_CCAAGCGGTCAATGGG.1",6
"X1_CCAAGCGGTCTGATAC.1",8
"X1_CCAAGCGGTTACAGCT.1",4
"X1_CCAAGCGGTTTCCCAC.1",8
"X1_CCAAGCGTCAAGTTGC.1",4
"X1_CCAAGCGTCAGCCCAG.1",8
"X1_CCAAGCGTCATGTCAG.1",8
"X1_CCAAGCGTCCGGTTCT.1",3
"X1_CCAAGCGTCGCTGACG.1",1000
"X1_CCAAGCGTCTTAGGAC.1",5
"X1_CCAAGCGTCTTGAACG.1",4
"X1_CCAAGCGTCTTGGCTC.1",1000
"X1_CCAAGCGTCTTTCCGG.1",7
"X1_CCAATGAAGACCAGAC.1",5
"X1_CCAATGAAGATACCAA.1",5
"X1_CCAATGAAGCAAGTCG.1",1000
"X1_CCAATGAAGCGCGTTC.1",1000
"X1_CCAATGAAGCGTACAG.1",7
"X1_CCAATGAAGGGATGTC.1",7
"X1_CCAATGAAGGGTACAC.1",5
"X1_CCAATGACACCTATCC.1",4
"X1_CCAATGACACGTGTGC.1",2
"X1_CCAATGACACTCCTTG.1",4
"X1_CCAATGACAGAACTAA.1",4
"X1_CCAATGACATAGCTGT.1",7
"X1_CCAATGACATCCGATA.1",7
"X1_CCAATGACATTGGCAT.1",8
"X1_CCAATGAGTAACTTCG.1",7
"X1_CCAATGAGTACAGAAT.1",5
"X1_CCAATGAGTACATTGC.1",7
"X1_CCAATGAGTAGAGATT.1",2
"X1_CCAATGAGTAGCGAGT.1",7
"X1_CCAATGAGTATTCCTT.1",7
"X1_CCAATGAGTCAACACT.1",7
"X1_CCAATGAGTCGAGATG.1",8
"X1_CCAATGAGTCGTCGGT.1",1000
"X1_CCAATGAGTGACGCCT.1",0
"X1_CCAATGAGTGATGGCA.1",4
"X1_CCAATGAGTGGATTTC.1",4
"X1_CCAATGAGTTGTGGCC.1",8
"X1_CCAATGATCAAGCCGC.1",4
"X1_CCAATGATCACGAGGA.1",4
"X1_CCAATGATCCATACTT.1",7
"X1_CCAATGATCCCGAGGT.1",1000
"X1_CCAATGATCGAGATAA.1",8
"X1_CCAATGATCGCAGATT.1",7
"X1_CCAATGATCGCCATAA.1",7
"X1_CCAATGATCGCCGATG.1",1000
"X1_CCAATGATCGGCCAAC.1",7
"X1_CCAATGATCGGTGCAC.1",8
"X1_CCAATGATCTAGCAAC.1",7
"X1_CCAATGATCTCCGCAT.1",8
"X1_CCAATGATCTCTAGGA.1",8
"X1_CCAATTTAGACACACG.1",7
"X1_CCAATTTAGAGAGCGG.1",7
"X1_CCAATTTAGCACCGTC.1",0
"X1_CCAATTTAGCCGCACT.1",6
"X1_CCAATTTAGCTGACAG.1",1000
"X1_CCAATTTAGGATCACG.1",1000
"X1_CCAATTTAGGCATGGT.1",1000
"X1_CCAATTTAGTAACAGT.1",8
"X1_CCAATTTAGTGCAGCA.1",7
"X1_CCAATTTAGTTAGTAG.1",2
"X1_CCAATTTCAAACGGCA.1",3
"X1_CCAATTTCAACCGACC.1",1000
"X1_CCAATTTCACCCTAAA.1",1000
"X1_CCAATTTCAGAGTAAT.1",7
"X1_CCAATTTGTACCGTCG.1",7
"X1_CCAATTTGTAGCTTGT.1",1000
"X1_CCAATTTGTAGGAGTC.1",1000
"X1_CCAATTTGTATCGGTT.1",8
"X1_CCAATTTGTCACCGAC.1",1000
"X1_CCAATTTGTCCAGCAC.1",5
"X1_CCAATTTGTCGAACGA.1",4
"X1_CCAATTTGTCGCAACC.1",1000
"X1_CCAATTTGTCTTGTCC.1",1000
"X1_CCAATTTGTGAACTAA.1",1000
"X1_CCAATTTGTGATATAG.1",0
"X1_CCAATTTGTGCCGTTG.1",8
"X1_CCAATTTGTGTCCGGT.1",2
"X1_CCAATTTGTTCCATTT.1",3
"X1_CCAATTTTCAAGAGTA.1",7
"X1_CCAATTTTCACCCTGT.1",1000
"X1_CCAATTTTCGCGAAGA.1",1000
"X1_CCAATTTTCGCGTTTC.1",1000
"X1_CCAATTTTCGGTATGT.1",1000
"X1_CCAATTTTCTGCCCTA.1",5
"X1_CCACAAAAGAAGTATC.1",6
"X1_CCACAAAAGACGACGT.1",1000
"X1_CCACAAAAGATTCGAA.1",1000
"X1_CCACAAAAGGAGTCTG.1",1000
"X1_CCACAAAAGTGTTGTC.1",5
"X1_CCACAAAAGTTGAAAC.1",3
"X1_CCACAAACAACTGCCG.1",3
"X1_CCACAAACACATCATG.1",1000
"X1_CCACAAACACCATTCC.1",4
"X1_CCACAAACACGACAGA.1",7
"X1_CCACAAACACGGGTAA.1",1000
"X1_CCACAAACAGAAGCGT.1",5
"X1_CCACAAACAGTACTAC.1",1000
"X1_CCACAAACAGTATACC.1",8
"X1_CCACAAACATAGATCC.1",8
"X1_CCACAAACATGTCGTA.1",5
"X1_CCACAAAGTAGGCAGT.1",4
"X1_CCACAAAGTCGCATGC.1",8
"X1_CCACAAAGTCTACTGA.1",1
"X1_CCACAAAGTGGGTATG.1",8
"X1_CCACAAATCAACCTCC.1",7
"X1_CCACAAATCATTGGTG.1",2
"X1_CCACAAATCATTTGTC.1",4
"X1_CCACAAATCCCGAGGT.1",4
"X1_CCACAAATCCGATCGG.1",4
"X1_CCACAAATCGAGAATA.1",1000
"X1_CCACAAATCGCCGAGT.1",8
"X1_CCACAAATCGCGGACT.1",1000
"X1_CCACAAATCTACCCAC.1",8
"X1_CCACAAATCTAGAACC.1",1000
"X1_CCACAAATCTGGCCTT.1",4
"X1_CCACAAATCTGTGCGG.1",8
"X1_CCACACTAGCAACAGC.1",2
"X1_CCACACTAGCGGGTTA.1",5
"X1_CCACACTAGCTAGATA.1",6
"X1_CCACACTAGCTGGTGA.1",4
"X1_CCACACTAGGAGAATG.1",1000
"X1_CCACACTAGGCGACAT.1",5
"X1_CCACACTAGGTGCTAG.1",8
"X1_CCACACTAGTCGCGAA.1",1000
"X1_CCACACTCAAACACGG.1",7
"X1_CCACACTCAAAGACGC.1",7
"X1_CCACACTCAAGCCCAC.1",8
"X1_CCACACTCAAGGTCGA.1",1
"X1_CCACACTCAATTGAGA.1",6
"X1_CCACACTCACTAGAGG.1",3
"X1_CCACACTCACTAGTAC.1",1000
"X1_CCACACTCAGCTTCCT.1",8
"X1_CCACACTCATCATCCC.1",8
"X1_CCACACTGTACAAACA.1",1000
"X1_CCACACTGTCCAGCCA.1",8
"X1_CCACACTGTCTTCATT.1",4
"X1_CCACACTGTGTATCCA.1",8
"X1_CCACACTGTGTTGAGG.1",7
"X1_CCACACTGTTAAGTCC.1",4
"X1_CCACACTTCACATCAG.1",4
"X1_CCACACTTCAGGGATG.1",1
"X1_CCACACTTCATCACCC.1",8
"X1_CCACACTTCATCCCGT.1",1000
"X1_CCACACTTCATCCTGC.1",1
"X1_CCACACTTCCTAACAG.1",1000
"X1_CCACACTTCCTTATAC.1",2
"X1_CCACACTTCGAACGGA.1",7
"X1_CCACACTTCTACTTCA.1",5
"X1_CCACACTTCTAGCCTC.1",8
"X1_CCACACTTCTATCGGA.1",7
"X1_CCACACTTCTGGAGAG.1",1000
"X1_CCACACTTCTTGTGCC.1",8
"X1_CCACACTTCTTTGGAG.1",8
"X1_CCACCATAGCAACCAG.1",1000
"X1_CCACCATAGCATTTCG.1",2
"X1_CCACCATAGCTAAACA.1",6
"X1_CCACCATAGCTGCCTG.1",5
"X1_CCACCATAGGAACTCG.1",1
"X1_CCACCATAGGCAATGC.1",1000
"X1_CCACCATAGTTGGGAC.1",5
"X1_CCACCATCAATAACCC.1",7
"X1_CCACCATCAATCCTAG.1",8
"X1_CCACCATCATCGAACT.1",8
"X1_CCACCATCATCTATCT.1",1000
"X1_CCACCATCATTAAAGG.1",4
"X1_CCACCATGTACGATTC.1",1000
"X1_CCACCATGTAGACAAT.1",1000
"X1_CCACCATGTAGACAGC.1",4
"X1_CCACCATGTCATATGC.1",2
"X1_CCACCATGTCCTACAA.1",8
"X1_CCACCATGTGTTGACT.1",3
"X1_CCACCATGTTAGGACG.1",1000
"X1_CCACCATTCCACCCTA.1",1000
"X1_CCACCATTCGCTCTAC.1",4
"X1_CCACCATTCGGCTATA.1",1
"X1_CCACCATTCGTTCCTG.1",4
"X1_CCACCATTCTACAGGT.1",2
"X1_CCACCATTCTGGTCAA.1",3
"X1_CCACCATTCTTCTGGC.1",1000
"X1_CCACGAGAGCTGCCAC.1",2
"X1_CCACGAGAGGACAAGA.1",1000
"X1_CCACGAGAGGTAAGAG.1",8
"X1_CCACGAGAGTGTAGAT.1",1
"X1_CCACGAGAGTTAGTGA.1",4
"X1_CCACGAGCAACTCATG.1",3
"X1_CCACGAGCAACTGATC.1",0
"X1_CCACGAGCACAGTCAT.1",2
"X1_CCACGAGCAGGGTTGA.1",2
"X1_CCACGAGCAGTATGAA.1",1
"X1_CCACGAGCATTAGGAA.1",1000
"X1_CCACGAGGTAAGCAAT.1",1000
"X1_CCACGAGGTACAGTTC.1",1000
"X1_CCACGAGGTAGCTTGT.1",8
"X1_CCACGAGGTCAAACGG.1",8
"X1_CCACGAGGTCAACCAT.1",6
"X1_CCACGAGGTCCATCTC.1",1000
"X1_CCACGAGGTCGCTCGA.1",7
"X1_CCACGAGGTGAGGAAA.1",5
"X1_CCACGAGGTGTGTCCG.1",2
"X1_CCACGAGGTTGATCGT.1",5
"X1_CCACGAGGTTTCCATT.1",0
"X1_CCACGAGTCACTGAAC.1",7
"X1_CCACGAGTCCGTCCTA.1",8
"X1_CCACGAGTCGGAATTC.1",1000
"X1_CCACGAGTCGGACTGC.1",1000
"X1_CCACGTTAGAAGCTGC.1",2
"X1_CCACGTTAGACTTGTC.1",3
"X1_CCACGTTAGAGTGGCT.1",1000
"X1_CCACGTTAGCCTAGGA.1",8
"X1_CCACGTTAGGTGCGAT.1",1000
"X1_CCACGTTAGTCACGCC.1",7
"X1_CCACGTTAGTGCTCAT.1",7
"X1_CCACGTTCAACGCCCA.1",6
"X1_CCACGTTCAAGGTCGA.1",3
"X1_CCACGTTCACAGCTTA.1",8
"X1_CCACGTTCAGCTACTA.1",1
"X1_CCACGTTCAGGACAGT.1",8
"X1_CCACGTTCAGGAGGAG.1",1000
"X1_CCACGTTCAGTCTGGC.1",7
"X1_CCACGTTGTCCAGCGT.1",7
"X1_CCACGTTGTCGTTCAA.1",1000
"X1_CCACGTTGTCTTAGTG.1",1000
"X1_CCACGTTGTGACAGCA.1",1000
"X1_CCACGTTGTGAGAGGG.1",5
"X1_CCACGTTGTGAGCGAT.1",7
"X1_CCACGTTGTGGATCGA.1",3
"X1_CCACGTTGTGGCTGCT.1",7
"X1_CCACGTTGTTCTCTAT.1",1000
"X1_CCACGTTGTTTACTGG.1",1000
"X1_CCACGTTTCGAGTCTA.1",8
"X1_CCACGTTTCGCTAAAC.1",4
"X1_CCACGTTTCTGGGCCA.1",7
"X1_CCACGTTTCTTTGATC.1",1000
"X1_CCACTTGAGAAAGTCT.1",8
"X1_CCACTTGAGAGGCCAT.1",7
"X1_CCACTTGAGATCGCCC.1",4
"X1_CCACTTGAGCCAAGCA.1",8
"X1_CCACTTGAGCTCCGAC.1",5
"X1_CCACTTGAGGGCGAGA.1",1000
"X1_CCACTTGCAACACAAA.1",0
"X1_CCACTTGCAAGAGCTG.1",0
"X1_CCACTTGCACAGAGAC.1",1000
"X1_CCACTTGCACGTCTCT.1",8
"X1_CCACTTGCAGAGATTA.1",7
"X1_CCACTTGCAGGACTAG.1",8
"X1_CCACTTGCAGTATACC.1",8
"X1_CCACTTGCATGACTAC.1",5
"X1_CCACTTGCATGTCTAG.1",1000
"X1_CCACTTGGTAAGTTGA.1",4
"X1_CCACTTGGTAGTTACC.1",8
"X1_CCACTTGGTATCCTTT.1",4
"X1_CCACTTGGTCCTGTTC.1",3
"X1_CCACTTGGTCTACGAT.1",0
"X1_CCACTTGGTTCTCCTG.1",4
"X1_CCACTTGTCAGCGGAA.1",4
"X1_CCACTTGTCCATCTAT.1",1000
"X1_CCACTTGTCCGTCAAA.1",1000
"X1_CCACTTGTCTGAGTCA.1",7
"X1_CCATAAGAGCCAAGGT.1",1000
"X1_CCATAAGAGCCTGGAA.1",7
"X1_CCATAAGAGGTAGCCA.1",1000
"X1_CCATAAGAGTTGGAAT.1",7
"X1_CCATAAGCAACCTAAC.1",4
"X1_CCATAAGCAACTGCTA.1",1
"X1_CCATAAGCAATAGTGA.1",0
"X1_CCATAAGCAATCGCCG.1",1000
"X1_CCATAAGCAGAATCGG.1",1000
"X1_CCATAAGCATCCGCGA.1",7
"X1_CCATAAGCATCGATAC.1",3
"X1_CCATAAGCATGAATAG.1",4
"X1_CCATAAGCATGGGTTT.1",7
"X1_CCATAAGGTAACACCT.1",7
"X1_CCATAAGGTAGCTTGT.1",0
"X1_CCATAAGGTCAGACGA.1",7
"X1_CCATAAGGTCCACTTC.1",6
"X1_CCATAAGGTGCAGATG.1",4
"X1_CCATAAGGTGGCGCTT.1",1000
"X1_CCATAAGGTTAAGCAA.1",1000
"X1_CCATAAGGTTCATCTT.1",1000
"X1_CCATAAGGTTGGCCGT.1",3
"X1_CCATAAGGTTTCGCTC.1",5
"X1_CCATAAGTCACCTCTG.1",7
"X1_CCATAAGTCACGGAGA.1",8
"X1_CCATAAGTCACTGATG.1",8
"X1_CCATAAGTCAGACATC.1",3
"X1_CCATAAGTCCATAGGT.1",8
"X1_CCATAAGTCCATCCGT.1",8
"X1_CCATAAGTCCATTGCC.1",7
"X1_CCATAAGTCCCAGGAC.1",1000
"X1_CCATAAGTCGGAAGGT.1",8
"X1_CCATAAGTCTACACAG.1",1000
"X1_CCATAAGTCTACGCGG.1",1000
"X1_CCATAAGTCTGAATCG.1",8
"X1_CCATCACAGACTTGTC.1",4
"X1_CCATCACAGAGTTGAT.1",7
"X1_CCATCACAGATAGTGT.1",1000
"X1_CCATCACAGCAGCCCT.1",5
"X1_CCATCACAGGACAAGA.1",8
"X1_CCATCACAGGTAGGCT.1",7
"X1_CCATCACAGTCGTTAC.1",4
"X1_CCATCACCAAGTGGTG.1",1
"X1_CCATCACCAATGGCCC.1",8
"X1_CCATCACCACAAATCC.1",2
"X1_CCATCACCACACCTAA.1",8
"X1_CCATCACCACAGCCTG.1",2
"X1_CCATCACCACGGGTAA.1",7
"X1_CCATCACCAGCTGAAG.1",3
"X1_CCATCACCAGGCAATG.1",7
"X1_CCATCACCATATCTGG.1",3
"X1_CCATCACCATATGAAG.1",0
"X1_CCATCACCATCATCCC.1",4
"X1_CCATCACCATCCCGTT.1",4
"X1_CCATCACCATGACGGA.1",7
"X1_CCATCACGTACGAGCA.1",7
"X1_CCATCACGTAGTGCGA.1",8
"X1_CCATCACGTCATAGTC.1",1000
"X1_CCATCACGTGAGACCA.1",2
"X1_CCATCACGTGTTAACC.1",1000
"X1_CCATCACGTGTTCGAT.1",3
"X1_CCATCACGTTAGTCGT.1",8
"X1_CCATCACTCAAGCGTT.1",1000
"X1_CCATCACTCACTACGA.1",7
"X1_CCATCACTCACTACTT.1",1
"X1_CCATCACTCGACACTA.1",8
"X1_CCATCACTCGAGCCTG.1",7
"X1_CCATCACTCGCCTCTA.1",5
"X1_CCATCACTCGGCTATA.1",2
"X1_CCATCACTCGTCGACG.1",8
"X1_CCATCACTCGTCTAAG.1",1
"X1_CCATCACTCGTGGGTC.1",4
"X1_CCATCACTCGTGGTAT.1",7
"X1_CCATCACTCGTTCTCG.1",4
"X1_CCATCACTCTTCTGGC.1",1000
"X1_CCATCACTCTTTGGAG.1",5
"X1_CCCAACTAGACGTCGA.1",7
"X1_CCCAACTAGACTAAGT.1",1000
"X1_CCCAACTAGAGCTGAC.1",7
"X1_CCCAACTAGCCGAATG.1",8
"X1_CCCAACTAGCGCATCC.1",7
"X1_CCCAACTAGGTCCCTG.1",2
"X1_CCCAACTAGTAAGGGA.1",8
"X1_CCCAACTAGTCTTCCC.1",1000
"X1_CCCAACTCATGGACAG.1",2
"X1_CCCAACTGTAACAAGT.1",5
"X1_CCCAACTGTAAGATCA.1",0
"X1_CCCAACTGTACGAGCA.1",7
"X1_CCCAACTGTACGGTTT.1",3
"X1_CCCAACTGTACGTAGG.1",1
"X1_CCCAACTGTAGGTTTC.1",5
"X1_CCCAACTGTCATGGCC.1",1000
"X1_CCCAACTGTCTCGGAC.1",5
"X1_CCCAACTGTCTGTGCG.1",8
"X1_CCCAACTGTGTGTGTT.1",1000
"X1_CCCAACTGTTACGGAG.1",3
"X1_CCCAACTGTTGTCCCT.1",0
"X1_CCCAACTTCAACACCA.1",1000
"X1_CCCAACTTCCAACCAA.1",4
"X1_CCCAACTTCCAAGCTA.1",7
"X1_CCCAACTTCCCGATCT.1",4
"X1_CCCAACTTCCCTGTTG.1",1000
"X1_CCCAACTTCCTCTTTC.1",3
"X1_CCCAACTTCGGTATGT.1",6
"X1_CCCAACTTCGTAGGGA.1",1000
"X1_CCCAACTTCTGAATGC.1",2
"X1_CCCAACTTCTTCTGGC.1",1000
"X1_CCCATTGAGACTTAAG.1",7
"X1_CCCATTGAGAGGTATT.1",7
"X1_CCCATTGAGATTGATG.1",4
"X1_CCCATTGAGCACTAAA.1",0
"X1_CCCATTGAGCGACATG.1",8
"X1_CCCATTGAGCTCGACC.1",1
"X1_CCCATTGAGGGCCAAT.1",3
"X1_CCCATTGAGGTGTGAC.1",1000
"X1_CCCATTGAGTATAGGT.1",1000
"X1_CCCATTGAGTATTGCC.1",8
"X1_CCCATTGAGTTTGTCG.1",4
"X1_CCCATTGCAAACGTGG.1",5
"X1_CCCATTGCACATGGTT.1",8
"X1_CCCATTGCACCTCTAC.1",4
"X1_CCCATTGCAGAGAAAG.1",0
"X1_CCCATTGCAGCGTACC.1",7
"X1_CCCATTGCATCATTGG.1",1000
"X1_CCCATTGCATTGTGCA.1",1000
"X1_CCCATTGGTAGGAGGG.1",1000
"X1_CCCATTGGTAGTGGCA.1",2
"X1_CCCATTGGTCAACGCC.1",3
"X1_CCCATTGGTCATACCA.1",6
"X1_CCCATTGGTCTCACAA.1",8
"X1_CCCATTGGTCTGTAAC.1",8
"X1_CCCATTGGTGATATAG.1",3
"X1_CCCATTGGTGCCCACA.1",4
"X1_CCCATTGGTGGACTAG.1",8
"X1_CCCATTGGTTGGGTTT.1",6
"X1_CCCATTGTCCGATGTA.1",1000
"X1_CCCATTGTCCGCTTAC.1",8
"X1_CCCATTGTCGCCTTGT.1",8
"X1_CCCATTGTCGCGGACT.1",7
"X1_CCCATTGTCGTAACAC.1",4
"X1_CCCATTGTCGTGGACC.1",4
"X1_CCCATTGTCTATTGTC.1",6
"X1_CCCATTGTCTGAGAGG.1",1000
"X1_CCCGAAGAGAACCCGA.1",1000
"X1_CCCGAAGAGAATTCAG.1",7
"X1_CCCGAAGAGACATCCT.1",1000
"X1_CCCGAAGAGATAACAC.1",1000
"X1_CCCGAAGAGCGCTGAA.1",8
"X1_CCCGAAGAGCGGATCA.1",1000
"X1_CCCGAAGAGTAGCAAT.1",7
"X1_CCCGAAGAGTTCGGTT.1",4
"X1_CCCGAAGAGTTTAGGA.1",8
"X1_CCCGAAGCAAGATGTA.1",8
"X1_CCCGAAGCACCAATTG.1",5
"X1_CCCGAAGCACCACATA.1",1000
"X1_CCCGAAGCAGGCCTGT.1",3
"X1_CCCGAAGCAGTAACAA.1",2
"X1_CCCGAAGCAGTCAACT.1",7
"X1_CCCGAAGGTAAGCTCT.1",1000
"X1_CCCGAAGGTACACGTT.1",0
"X1_CCCGAAGGTACAGTAA.1",4
"X1_CCCGAAGGTACTAACC.1",5
"X1_CCCGAAGGTATCAGGG.1",8
"X1_CCCGAAGGTCGGATTT.1",1000
"X1_CCCGAAGGTCTCGGGT.1",4
"X1_CCCGAAGGTGCGACAA.1",4
"X1_CCCGAAGGTGGGACAT.1",4
"X1_CCCGAAGGTTGTCTAG.1",8
"X1_CCCGAAGTCAAGCCGC.1",4
"X1_CCCGAAGTCACCGGGT.1",1000
"X1_CCCGAAGTCCAACTAG.1",7
"X1_CCCGAAGTCCAGCACG.1",6
"X1_CCCGAAGTCCATTCAT.1",8
"X1_CCCGAAGTCGAGAACG.1",5
"X1_CCCGAAGTCGATCCCT.1",8
"X1_CCCGAAGTCGGTGAAG.1",4
"X1_CCCGAAGTCTCCCATG.1",3
"X1_CCCGAAGTCTCCGAAA.1",1000
"X1_CCCGAAGTCTGGCCTT.1",3
"X1_CCCGGAAAGAACTGAT.1",8
"X1_CCCGGAAAGAAGATCT.1",8
"X1_CCCGGAAAGAAGTCAT.1",8
"X1_CCCGGAAAGAGGCGTT.1",8
"X1_CCCGGAAAGAGGTATT.1",3
"X1_CCCGGAAAGATAGTGT.1",2
"X1_CCCGGAAAGCGTTCCG.1",0
"X1_CCCGGAAAGCTAAGTA.1",6
"X1_CCCGGAAAGGCACTAG.1",2
"X1_CCCGGAAAGGCTCTAT.1",6
"X1_CCCGGAAAGGGTCTTT.1",8
"X1_CCCGGAAAGGTCACAG.1",4
"X1_CCCGGAAAGGTTAAAC.1",2
"X1_CCCGGAACAACTCATG.1",7
"X1_CCCGGAACACCTAAAC.1",4
"X1_CCCGGAACACGCAAAG.1",8
"X1_CCCGGAACACGGCCAT.1",8
"X1_CCCGGAACAGCAATTC.1",3
"X1_CCCGGAACAGCAGTTT.1",7
"X1_CCCGGAACAGGCCTGT.1",1000
"X1_CCCGGAAGTACGGTTT.1",1000
"X1_CCCGGAAGTCAACATC.1",8
"X1_CCCGGAAGTCATCCCT.1",8
"X1_CCCGGAAGTCATGACT.1",1000
"X1_CCCGGAAGTCCATAGT.1",3
"X1_CCCGGAAGTCCGTACG.1",3
"X1_CCCGGAAGTGACACGA.1",5
"X1_CCCGGAAGTGTCCGGT.1",1000
"X1_CCCGGAAGTTAAGAAC.1",1000
"X1_CCCGGAAGTTATCTTC.1",8
"X1_CCCGGAAGTTCCCAAA.1",1000
"X1_CCCGGAAGTTCCGCGA.1",4
"X1_CCCGGAAGTTGGGTAG.1",1000
"X1_CCCGGAATCCACTTCG.1",7
"X1_CCCGGAATCCGAGAAG.1",0
"X1_CCCGGAATCCGGGACT.1",1
"X1_CCCGGAATCCGTTGGG.1",4
"X1_CCCGGAATCGGACTTA.1",8
"X1_CCCGGAATCTGCGGAC.1",3
"X1_CCCGGAATCTTCTGGC.1",8
"X1_CCCTAACAGAGGATCC.1",1
"X1_CCCTAACAGATGCCGA.1",2
"X1_CCCTAACAGCAACCAG.1",1000
"X1_CCCTAACAGCAGCCTC.1",4
"X1_CCCTAACAGCCAGACA.1",7
"X1_CCCTAACAGCCGGAAT.1",2
"X1_CCCTAACAGCGGTAGT.1",1
"X1_CCCTAACAGCGTTGTT.1",8
"X1_CCCTAACAGGAATTAC.1",1
"X1_CCCTAACAGGTAGCAC.1",1000
"X1_CCCTAACAGTGGTTGG.1",1000
"X1_CCCTAACCAACACGTT.1",1000
"X1_CCCTAACCAACATACC.1",1000
"X1_CCCTAACCAAGGTCAG.1",1
"X1_CCCTAACCACAGCCTG.1",1000
"X1_CCCTAACCACTTACAG.1",7
"X1_CCCTAACCAGAGAGGG.1",1
"X1_CCCTAACCAGCGTTGC.1",2
"X1_CCCTAACCAGCTTTCC.1",1000
"X1_CCCTAACGTAACAGTA.1",5
"X1_CCCTAACGTAGTGGCA.1",1000
"X1_CCCTAACGTCCACACG.1",6
"X1_CCCTAACGTGGCTAGA.1",2
"X1_CCCTAACGTGGGTCAA.1",0
"X1_CCCTAACGTTCCGCGA.1",7
"X1_CCCTAACGTTGACTAC.1",6
"X1_CCCTAACGTTGAGTCT.1",4
"X1_CCCTAACGTTGCTCGG.1",1000
"X1_CCCTAACTCAAAGGTA.1",1000
"X1_CCCTAACTCAACTACG.1",5
"X1_CCCTAACTCAAGCCTA.1",3
"X1_CCCTAACTCACACCCT.1",6
"X1_CCCTAACTCAGACCCG.1",5
"X1_CCCTAACTCCACGTCT.1",5
"X1_CCCTAACTCCCATAAG.1",3
"X1_CCCTAACTCCGATAAC.1",1000
"X1_CCCTAACTCGAGCCAC.1",1000
"X1_CCCTAACTCGCCAATA.1",7
"X1_CCCTAACTCGCCTTTG.1",1000
"X1_CCCTAACTCTACGGTA.1",8
"X1_CCCTCAAAGACGTCGA.1",4
"X1_CCCTCAAAGACTTCGT.1",1
"X1_CCCTCAAAGATGCGAC.1",8
"X1_CCCTCAAAGCTAGCCC.1",4
"X1_CCCTCAAAGGCTAAAT.1",4
"X1_CCCTCAAAGTAACCGG.1",1000
"X1_CCCTCAACACGCCACA.1",1000
"X1_CCCTCAACACGTTCGG.1",1000
"X1_CCCTCAACACTATCCC.1",8
"X1_CCCTCAACAGACCATT.1",6
"X1_CCCTCAACAGACGATG.1",7
"X1_CCCTCAACAGATCACT.1",8
"X1_CCCTCAACAGCATACT.1",8
"X1_CCCTCAACATAGACTC.1",4
"X1_CCCTCAACATCTTCGC.1",4
"X1_CCCTCAAGTACCGGCT.1",1
"X1_CCCTCAAGTCGTACAT.1",1000
"X1_CCCTCAAGTCTACACA.1",1000
"X1_CCCTCAAGTGCGGATA.1",1000
"X1_CCCTCAAGTGGAAATT.1",1000
"X1_CCCTCAAGTTAGAGAT.1",8
"X1_CCCTCAATCACGGAGA.1",1000
"X1_CCCTCAATCCGACGGT.1",8
"X1_CCCTCAATCCTCCACA.1",8
"X1_CCCTCAATCGCAGAGA.1",6
"X1_CCCTCAATCTAACGCA.1",3
"X1_CCCTCAATCTCCAATT.1",3
"X1_CCCTCAATCTCGTGGG.1",2
"X1_CCCTCAATCTTCTTCC.1",8
"X1_CCCTCTCAGAATCGAT.1",7
"X1_CCCTCTCAGACCGTTT.1",4
"X1_CCCTCTCAGACTTCGT.1",8
"X1_CCCTCTCAGCGTTCCG.1",6
"X1_CCCTCTCAGGGTTAGC.1",2
"X1_CCCTCTCAGTAGATCA.1",5
"X1_CCCTCTCAGTAGTGCG.1",8
"X1_CCCTCTCAGTCATTGC.1",4
"X1_CCCTCTCAGTGGAAAG.1",6
"X1_CCCTCTCAGTTGGCTT.1",8
"X1_CCCTCTCCAAGCCATT.1",7
"X1_CCCTCTCCACTGCGTG.1",3
"X1_CCCTCTCCACTTCCTG.1",4
"X1_CCCTCTCCAGAGGCTA.1",8
"X1_CCCTCTCCAGGGAGAG.1",7
"X1_CCCTCTCCATGTCTAG.1",7
"X1_CCCTCTCGTAGGAAAG.1",8
"X1_CCCTCTCGTCATGCAT.1",6
"X1_CCCTCTCGTGAATATG.1",7
"X1_CCCTCTCGTGGCCTCA.1",1000
"X1_CCCTCTCGTTGGCCTG.1",1000
"X1_CCCTCTCTCACCGACG.1",3
"X1_CCCTCTCTCATTTCCA.1",8
"X1_CCCTCTCTCCAACCAA.1",8
"X1_CCCTCTCTCCAGGACC.1",6
"X1_CCCTCTCTCCGATAAC.1",4
"X1_CCCTCTCTCGACCCAG.1",1
"X1_CCCTCTCTCGCTGTCT.1",2
"X1_CCCTCTCTCGTGGGAA.1",7
"X1_CCCTGATAGACTCTTG.1",1000
"X1_CCCTGATAGATGCAGC.1",0
"X1_CCCTGATAGCACACAG.1",6
"X1_CCCTGATAGCACCGTC.1",1000
"X1_CCCTGATAGGCATGGT.1",1000
"X1_CCCTGATAGGCCTGAA.1",7
"X1_CCCTGATAGGGAGGGT.1",4
"X1_CCCTGATAGGGTTTCT.1",1000
"X1_CCCTGATAGGTAAACT.1",8
"X1_CCCTGATAGTCCCGGT.1",3
"X1_CCCTGATAGTGGAAAG.1",4
"X1_CCCTGATAGTGGTCAG.1",4
"X1_CCCTGATAGTGTACCT.1",7
"X1_CCCTGATAGTTGTCGT.1",2
"X1_CCCTGATCAAAGACTA.1",6
"X1_CCCTGATCAACCAACT.1",8
"X1_CCCTGATCAACGACAG.1",1
"X1_CCCTGATCAATACCCA.1",1000
"X1_CCCTGATCACAGCTTA.1",7
"X1_CCCTGATCAGCAATTC.1",0
"X1_CCCTGATCAGCACACC.1",1000
"X1_CCCTGATCATAAGATG.1",8
"X1_CCCTGATCATACAGAA.1",1000
"X1_CCCTGATCATATTCGG.1",1000
"X1_CCCTGATCATCTTTCA.1",1000
"X1_CCCTGATGTCACAATC.1",4
"X1_CCCTGATGTCCGGTGT.1",8
"X1_CCCTGATGTCGAAGCA.1",7
"X1_CCCTGATGTCGCATGC.1",2
"X1_CCCTGATGTGTTTACG.1",8
"X1_CCCTGATGTTATGACC.1",1000
"X1_CCCTGATGTTCTGACA.1",8
"X1_CCCTGATGTTTCTTAC.1",8
"X1_CCCTGATTCCACTAGA.1",8
"X1_CCCTGATTCCGCTGTT.1",1000
"X1_CCCTGATTCCGGTAGC.1",4
"X1_CCCTGATTCCTGTAAG.1",7
"X1_CCCTGATTCCTTCTAA.1",1000
"X1_CCCTGATTCGCCAACG.1",3
"X1_CCCTGATTCGCCTCTA.1",3
"X1_CCCTGATTCGCTCTCA.1",4
"X1_CCCTGATTCGGCCTTT.1",5
"X1_CCCTGATTCTAGTGTG.1",1000
"X1_CCCTGATTCTGTCGTC.1",6
"X1_CCCTTAGAGACGGTTG.1",8
"X1_CCCTTAGAGATCGCTT.1",6
"X1_CCCTTAGAGCTCGGCT.1",1000
"X1_CCCTTAGAGGAAAGTG.1",8
"X1_CCCTTAGAGGATGCGT.1",5
"X1_CCCTTAGAGGTGTGAC.1",1000
"X1_CCCTTAGAGTAACGTA.1",8
"X1_CCCTTAGAGTATTCCG.1",8
"X1_CCCTTAGCACACCTGG.1",1000
"X1_CCCTTAGCACATGACT.1",8
"X1_CCCTTAGCAGCAGGAT.1",1
"X1_CCCTTAGCAGCTTTCC.1",1000
"X1_CCCTTAGGTAGCCCTG.1",1000
"X1_CCCTTAGGTAGGACCA.1",4
"X1_CCCTTAGGTATATGGA.1",8
"X1_CCCTTAGGTATGAGAT.1",1000
"X1_CCCTTAGGTATGGTAA.1",8
"X1_CCCTTAGGTCATTCCC.1",4
"X1_CCCTTAGGTCCACACG.1",8
"X1_CCCTTAGGTTATAGCC.1",7
"X1_CCCTTAGGTTTACGAC.1",8
"X1_CCCTTAGGTTTCAGAC.1",1000
"X1_CCCTTAGGTTTCTTAC.1",2
"X1_CCCTTAGTCAAGTCTG.1",1000
"X1_CCCTTAGTCATGACAC.1",8
"X1_CCCTTAGTCCCGTGAG.1",5
"X1_CCCTTAGTCTTTCGAT.1",4
"X1_CCGAACGAGACCGTTT.1",3
"X1_CCGAACGAGAGCACTG.1",7
"X1_CCGAACGAGAGGTTAT.1",2
"X1_CCGAACGAGATGCTTC.1",1000
"X1_CCGAACGAGCGTGCCT.1",7
"X1_CCGAACGAGGTTCATC.1",8
"X1_CCGAACGAGTCCGCGT.1",6
"X1_CCGAACGAGTCGGGAT.1",2
"X1_CCGAACGAGTGCCTCG.1",3
"X1_CCGAACGAGTGGTCAG.1",1000
"X1_CCGAACGCAAACCACT.1",1000
"X1_CCGAACGCAAGTGCTT.1",5
"X1_CCGAACGCAATACAGA.1",4
"X1_CCGAACGCAATCAAGA.1",3
"X1_CCGAACGCACTGGCGT.1",8
"X1_CCGAACGCAGGAGGAG.1",5
"X1_CCGAACGCAGGCGAAT.1",1000
"X1_CCGAACGCAGTGTATC.1",4
"X1_CCGAACGCATAACTCG.1",7
"X1_CCGAACGCATAGATCC.1",5
"X1_CCGAACGCATAGGCGA.1",8
"X1_CCGAACGCATCGGAAG.1",7
"X1_CCGAACGCATTCAGCA.1",7
"X1_CCGAACGGTCCCTGTT.1",7
"X1_CCGAACGGTCCGACGT.1",1000
"X1_CCGAACGGTCGCGTTG.1",1000
"X1_CCGAACGGTCTACGAT.1",1000
"X1_CCGAACGGTCTGCATA.1",1
"X1_CCGAACGGTGGACAGT.1",7
"X1_CCGAACGGTGGCTGCT.1",7
"X1_CCGAACGGTTCAGCGC.1",7
"X1_CCGAACGGTTCCAAAC.1",8
"X1_CCGAACGGTTGCCTAA.1",2
"X1_CCGAACGTCAAATAGG.1",8
"X1_CCGAACGTCAGTGTGT.1",7
"X1_CCGAACGTCCACGTCT.1",1000
"X1_CCGAACGTCCATAGGT.1",1
"X1_CCGAACGTCCTATTTG.1",7
"X1_CCGAACGTCCTCTGCA.1",1000
"X1_CCGAACGTCGACCTAA.1",6
"X1_CCGAACGTCGAGTCTA.1",7
"X1_CCGAACGTCGCTGCGA.1",2
"X1_CCGAACGTCGGACGTC.1",8
"X1_CCGAACGTCTCTCAAT.1",1
"X1_CCGATCTAGAGACAAG.1",3
"X1_CCGATCTAGCAATAAC.1",7
"X1_CCGATCTAGGGCCCTT.1",7
"X1_CCGATCTAGGTACTGG.1",3
"X1_CCGATCTAGTAGAGTT.1",7
"X1_CCGATCTCAAACTCGT.1",7
"X1_CCGATCTCAAAGGTTA.1",2
"X1_CCGATCTCAAATCAGA.1",1
"X1_CCGATCTCAACCACAT.1",8
"X1_CCGATCTCACAATGAA.1",8
"X1_CCGATCTCACATCCCT.1",4
"X1_CCGATCTCAGGTGACA.1",8
"X1_CCGATCTCATCTCATT.1",4
"X1_CCGATCTCATGAAGGC.1",7
"X1_CCGATCTGTATCGCTA.1",1000
"X1_CCGATCTGTCGATTCA.1",1
"X1_CCGATCTGTCGTCAGC.1",8
"X1_CCGATCTGTGAGTTTC.1",4
"X1_CCGATCTGTGCGAACA.1",0
"X1_CCGATCTTCAGAGTTC.1",1
"X1_CCGATCTTCCTTTAGT.1",1000
"X1_CCGATCTTCGGAAGGT.1",8
"X1_CCGATCTTCGTTCATT.1",7
"X1_CCGATCTTCTCAAAGC.1",4
"X1_CCGATCTTCTCTAAGG.1",8
"X1_CCGATCTTCTGCTAGA.1",1000
"X1_CCGATCTTCTTACCGC.1",1
"X1_CCGATCTTCTTGAGCA.1",4
"X1_CCGATGGAGAGTCCGA.1",4
"X1_CCGATGGAGAGTTGTA.1",8
"X1_CCGATGGAGCCTCAAT.1",8
"X1_CCGATGGAGCGGCTCT.1",4
"X1_CCGATGGAGCGTTAGG.1",4
"X1_CCGATGGAGCTCACTA.1",7
"X1_CCGATGGAGTAGCATA.1",5
"X1_CCGATGGAGTATAGGT.1",5
"X1_CCGATGGAGTGGAAAG.1",4
"X1_CCGATGGCAAGAAACT.1",1000
"X1_CCGATGGCAAGCGGAT.1",4
"X1_CCGATGGCAATTCTTC.1",8
"X1_CCGATGGCACCGTGGT.1",1000
"X1_CCGATGGCACTGCTTC.1",7
"X1_CCGATGGCAGTTAGGG.1",4
"X1_CCGATGGGTAAGGCTG.1",1000
"X1_CCGATGGGTACCGCGT.1",1000
"X1_CCGATGGGTAGGTAGC.1",8
"X1_CCGATGGGTATGAAGT.1",8
"X1_CCGATGGGTGACTCGC.1",1000
"X1_CCGATGGGTGTGAGCA.1",4
"X1_CCGATGGGTTGGGCCT.1",3
"X1_CCGATGGGTTTATGCG.1",7
"X1_CCGATGGTCCAATCCC.1",4
"X1_CCGATGGTCGGCTATA.1",1000
"X1_CCGATGGTCTGCATGA.1",1000
"X1_CCGCAAGAGACATGCG.1",7
"X1_CCGCAAGAGAGAGGTA.1",1
"X1_CCGCAAGAGAGGACTC.1",8
"X1_CCGCAAGAGTAGAGTT.1",0
"X1_CCGCAAGAGTGGTGGT.1",8
"X1_CCGCAAGCAAACTAGA.1",1000
"X1_CCGCAAGCAAGTATAG.1",8
"X1_CCGCAAGCACAGTATC.1",4
"X1_CCGCAAGCACCGCTGA.1",4
"X1_CCGCAAGCACTACTTT.1",5
"X1_CCGCAAGCATGAATCC.1",8
"X1_CCGCAAGCATGACCCG.1",2
"X1_CCGCAAGCATTATGCG.1",1000
"X1_CCGCAAGGTACCAGAG.1",1000
"X1_CCGCAAGGTACTGTTG.1",6
"X1_CCGCAAGGTGCGTTTA.1",8
"X1_CCGCAAGTCCCACAGG.1",1
"X1_CCGCAAGTCCGTTGAA.1",7
"X1_CCGCAAGTCGGAATTC.1",3
"X1_CCGCAAGTCTACGGGC.1",7
"X1_CCGCAAGTCTCCTACG.1",1000
"X1_CCGGACAAGAACGTGC.1",7
"X1_CCGGACAAGACGTCGA.1",1
"X1_CCGGACAAGATACTGA.1",3
"X1_CCGGACAAGCAAGTGC.1",1000
"X1_CCGGACAAGGATATAC.1",7
"X1_CCGGACAAGGGCCTCT.1",8
"X1_CCGGACAAGTAGACAT.1",7
"X1_CCGGACAAGTTCATCG.1",1000
"X1_CCGGACACAAGATGGC.1",3
"X1_CCGGACACAATCAAGA.1",1
"X1_CCGGACACAATTGTGC.1",4
"X1_CCGGACACACACTTAG.1",2
"X1_CCGGACACACAGAAGC.1",8
"X1_CCGGACACACTTTAGG.1",1000
"X1_CCGGACACAGAGACTG.1",8
"X1_CCGGACACAGTCTACA.1",7
"X1_CCGGACACATGACTAC.1",8
"X1_CCGGACAGTCAGACGA.1",7
"X1_CCGGACAGTCCGACGT.1",8
"X1_CCGGACAGTGCCTATA.1",1000
"X1_CCGGACAGTGTATACC.1",8
"X1_CCGGACAGTGTTGACT.1",4
"X1_CCGGACATCACCTCTG.1",5
"X1_CCGGACATCCGACATA.1",4
"X1_CCGGACATCCTATGGA.1",5
"X1_CCGGACATCGGCATCG.1",1000
"X1_CCGGACATCTCTGCCA.1",8
"X1_CCGGGTAAGAAGCGAA.1",8
"X1_CCGGGTAAGACCAACG.1",4
"X1_CCGGGTAAGCAGCACA.1",8
"X1_CCGGGTAAGCAGCGAT.1",6
"X1_CCGGGTAAGGTTACAA.1",8
"X1_CCGGGTAAGTGCTCGC.1",7
"X1_CCGGGTACAACGATCT.1",2
"X1_CCGGGTACAAGACCTT.1",1000
"X1_CCGGGTACAAGATGGC.1",0
"X1_CCGGGTACAAGCACAG.1",8
"X1_CCGGGTACAAGCTCTA.1",8
"X1_CCGGGTACAATCGAAA.1",1000
"X1_CCGGGTACACCTTCCA.1",0
"X1_CCGGGTACACTACCCT.1",1000
"X1_CCGGGTACAGGACGAT.1",1
"X1_CCGGGTACAGGTGTTT.1",8
"X1_CCGGGTACATTGACAC.1",8
"X1_CCGGGTAGTACAACGG.1",8
"X1_CCGGGTAGTATTTCCT.1",4
"X1_CCGGGTAGTCCAGGTC.1",8
"X1_CCGGGTAGTCCAGTTA.1",1000
"X1_CCGGGTAGTCGTCATA.1",1000
"X1_CCGGGTAGTGACACAG.1",5
"X1_CCGGGTAGTGACTGTT.1",1000
"X1_CCGGGTAGTGCAACAG.1",1000
"X1_CCGGGTAGTTAAGAAC.1",5
"X1_CCGGGTAGTTTACGTG.1",3
"X1_CCGGGTATCACGACTA.1",6
"X1_CCGGGTATCACTTTGT.1",4
"X1_CCGGGTATCCCGTTCA.1",6
"X1_CCGGGTATCCCGTTGT.1",4
"X1_CCGGGTATCCTAGCCT.1",8
"X1_CCGGGTATCCTTCAGC.1",7
"X1_CCGGGTATCTAACGCA.1",1000
"X1_CCGGGTATCTCACCCA.1",3
"X1_CCGGTAGAGAAGTCAT.1",1000
"X1_CCGGTAGAGACGGTCA.1",7
"X1_CCGGTAGAGCACGATG.1",5
"X1_CCGGTAGAGCTCACTA.1",7
"X1_CCGGTAGAGCTCGAAG.1",4
"X1_CCGGTAGAGTCACGCC.1",0
"X1_CCGGTAGAGTCCCAGC.1",0
"X1_CCGGTAGAGTTCTACG.1",4
"X1_CCGGTAGCAATGGGTG.1",1000
"X1_CCGGTAGCACCGTCGA.1",2
"X1_CCGGTAGCAGGTTACT.1",8
"X1_CCGGTAGCATGCAGGA.1",8
"X1_CCGGTAGGTAGGTAGC.1",7
"X1_CCGGTAGGTCGGAACA.1",4
"X1_CCGGTAGGTGATACCT.1",4
"X1_CCGGTAGGTGTGTCGC.1",1000
"X1_CCGGTAGGTTGCGTAT.1",7
"X1_CCGGTAGGTTGTAGCT.1",1000
"X1_CCGGTAGTCAGCACCG.1",3
"X1_CCGGTAGTCCAAATGC.1",4
"X1_CCGGTAGTCCGGCTTT.1",3
"X1_CCGGTAGTCCTTGACC.1",1000
"X1_CCGGTAGTCGGTGCAC.1",8
"X1_CCGGTAGTCTAACGCA.1",1000
"X1_CCGGTAGTCTAAGAAG.1",1000
"X1_CCGGTAGTCTGTCGCT.1",7
"X1_CCGGTGAAGACTCGAG.1",1000
"X1_CCGGTGAAGAGCATAT.1",1000
"X1_CCGGTGAAGCAAGTGC.1",4
"X1_CCGGTGAAGCCACTCG.1",1000
"X1_CCGGTGAAGGGTAATT.1",1000
"X1_CCGGTGAAGTCTCTGA.1",8
"X1_CCGGTGACAAGAGTGC.1",7
"X1_CCGGTGACAATCCAGT.1",6
"X1_CCGGTGACACATGACT.1",5
"X1_CCGGTGACACGTAGAG.1",2
"X1_CCGGTGACACGTCTCT.1",7
"X1_CCGGTGACAGACCGCT.1",3
"X1_CCGGTGACAGCCTTCT.1",7
"X1_CCGGTGACATCCAACA.1",1000
"X1_CCGGTGACATTGGCAT.1",7
"X1_CCGGTGAGTAACAGGC.1",3
"X1_CCGGTGAGTACCGGCT.1",5
"X1_CCGGTGAGTATACCTG.1",7
"X1_CCGGTGAGTCGCGTTG.1",5
"X1_CCGGTGAGTCTTTCTA.1",7
"X1_CCGGTGAGTTCCAGGC.1",2
"X1_CCGGTGAGTTGCATTG.1",8
"X1_CCGGTGAGTTGCGAAG.1",4
"X1_CCGGTGAGTTGCTGAT.1",8
"X1_CCGGTGATCAAAGCCT.1",5
"X1_CCGGTGATCAAGCCCG.1",8
"X1_CCGGTGATCAATCCGA.1",7
"X1_CCGGTGATCATCACCC.1",7
"X1_CCGGTGATCCATTGTT.1",1000
"X1_CCGGTGATCGAGAACG.1",4
"X1_CCGGTGATCGCCTAGG.1",7
"X1_CCGGTGATCGGACTTA.1",7
"X1_CCGGTGATCTTCACGC.1",8
"X1_CCGTAGGAGAGCAACC.1",1000
"X1_CCGTAGGAGATACCAA.1",3
"X1_CCGTAGGAGATCCAAA.1",7
"X1_CCGTAGGAGATGGCAC.1",1
"X1_CCGTAGGAGGGCCAAT.1",1000
"X1_CCGTAGGAGGTCATAA.1",8
"X1_CCGTAGGAGGTTAGTA.1",1000
"X1_CCGTAGGAGTACGAGC.1",8
"X1_CCGTAGGAGTCAAGCG.1",3
"X1_CCGTAGGAGTTGCGCC.1",1000
"X1_CCGTAGGCAAACGAGC.1",8
"X1_CCGTAGGCAAAGAACT.1",7
"X1_CCGTAGGCAATGCAGG.1",8
"X1_CCGTAGGCAATTAGGA.1",4
"X1_CCGTAGGCAATTGAAG.1",7
"X1_CCGTAGGCACACCAGC.1",4
"X1_CCGTAGGCACGAAAGC.1",1000
"X1_CCGTAGGCACTAGGCC.1",1000
"X1_CCGTAGGCACTGTGAT.1",8
"X1_CCGTAGGCAGGGAATC.1",4
"X1_CCGTAGGCATCCGGTG.1",7
"X1_CCGTAGGCATCCTGTC.1",4
"X1_CCGTAGGCATCGTGCG.1",7
"X1_CCGTAGGGTAACACCT.1",8
"X1_CCGTAGGGTACCTAGT.1",0
"X1_CCGTAGGGTACGTGTT.1",5
"X1_CCGTAGGGTAGCGTTT.1",7
"X1_CCGTAGGGTCCAAATC.1",6
"X1_CCGTAGGGTCCCTGTT.1",6
"X1_CCGTAGGGTCTGATCA.1",8
"X1_CCGTAGGGTGAAGCGT.1",1000
"X1_CCGTAGGGTGCTATTG.1",3
"X1_CCGTAGGGTTCAGCGC.1",8
"X1_CCGTAGGGTTGGAGAC.1",3
"X1_CCGTAGGTCACTGTTT.1",6
"X1_CCGTAGGTCAGCTCTC.1",1000
"X1_CCGTAGGTCCCATGGG.1",8
"X1_CCGTAGGTCTGACGCG.1",7
"X1_CCGTAGGTCTTCGTGC.1",1000
"X1_CCGTAGGTCTTTCCAA.1",1000
"X1_CCGTGAGAGAAATTGC.1",6
"X1_CCGTGAGAGAAGTCCG.1",1000
"X1_CCGTGAGAGATCGACG.1",1000
"X1_CCGTGAGAGCAACAAT.1",7
"X1_CCGTGAGAGCCAGAGT.1",8
"X1_CCGTGAGAGCGCCATC.1",8
"X1_CCGTGAGAGCTAGAGC.1",2
"X1_CCGTGAGAGGATACAT.1",8
"X1_CCGTGAGAGGGAGGAC.1",6
"X1_CCGTGAGAGGGTAATT.1",7
"X1_CCGTGAGCAACATCGT.1",3
"X1_CCGTGAGCAACTCGAT.1",4
"X1_CCGTGAGCAAGGTACG.1",1000
"X1_CCGTGAGCACAAGCAG.1",1
"X1_CCGTGAGCACGACTAT.1",8
"X1_CCGTGAGCACTGTCGG.1",5
"X1_CCGTGAGCAGAGCCCT.1",5
"X1_CCGTGAGCAGTGGCTC.1",1000
"X1_CCGTGAGCATACAGGG.1",3
"X1_CCGTGAGCATGACAAA.1",8
"X1_CCGTGAGGTATAATGG.1",0
"X1_CCGTGAGGTCTGTGTA.1",1000
"X1_CCGTGAGGTGACCTGC.1",5
"X1_CCGTGAGGTGTGGTCC.1",8
"X1_CCGTGAGGTTCTAAGC.1",1000
"X1_CCGTGAGGTTTGTGGT.1",8
"X1_CCGTGAGTCACACGAT.1",3
"X1_CCGTGAGTCAGCGCAC.1",1000
"X1_CCGTGAGTCATCAGTG.1",1000
"X1_CCGTGAGTCATGTCTT.1",1000
"X1_CCGTGAGTCTTACGGA.1",3
"X1_CCGTTCAAGACCGTTT.1",6
"X1_CCGTTCAAGAGTGAAG.1",1000
"X1_CCGTTCAAGCACCCAC.1",1000
"X1_CCGTTCAAGCGTCTCG.1",0
"X1_CCGTTCAAGGATTTGA.1",8
"X1_CCGTTCAAGGTCCGAA.1",7
"X1_CCGTTCACACGCTGAC.1",7
"X1_CCGTTCACAGGGACTA.1",3
"X1_CCGTTCAGTACAAGCG.1",8
"X1_CCGTTCAGTCAAATCC.1",1000
"X1_CCGTTCAGTCTACGAT.1",2
"X1_CCGTTCAGTCTCGACG.1",1000
"X1_CCGTTCAGTCTGTAAC.1",8
"X1_CCGTTCAGTGATGTAA.1",4
"X1_CCGTTCAGTGATTGGG.1",7
"X1_CCGTTCAGTTACCGTA.1",1000
"X1_CCGTTCAGTTGAGTCT.1",1
"X1_CCGTTCAGTTTCCAAG.1",7
"X1_CCGTTCATCATGCCAA.1",3
"X1_CCGTTCATCCAGTGCG.1",1000
"X1_CCGTTCATCCGATAAC.1",4
"X1_CCGTTCATCCGCACGA.1",8
"X1_CCGTTCATCGTGAGAG.1",7
"X1_CCGTTCATCTGGGCGT.1",5
"X1_CCTAACCAGACGAAGA.1",6
"X1_CCTAACCAGAGACAAG.1",4
"X1_CCTAACCAGAGGACTC.1",1
"X1_CCTAACCAGGCATCAG.1",8
"X1_CCTAACCAGTGCCTCG.1",1000
"X1_CCTAACCAGTGTCATC.1",3
"X1_CCTAACCCAAACGAGC.1",1000
"X1_CCTAACCCAAGGTACG.1",2
"X1_CCTAACCCAATCTAGC.1",4
"X1_CCTAACCCAATTTCCT.1",1
"X1_CCTAACCCACGTGTGC.1",1000
"X1_CCTAACCCAGCGCGTT.1",7
"X1_CCTAACCCAGGCGAAT.1",4
"X1_CCTAACCCATCCGAAT.1",8
"X1_CCTAACCCATTGCTTT.1",7
"X1_CCTAACCGTAATGATG.1",3
"X1_CCTAACCGTACGGATG.1",1000
"X1_CCTAACCGTCACTCTC.1",8
"X1_CCTAACCGTCATCGCG.1",8
"X1_CCTAACCGTCCCTGTT.1",4
"X1_CCTAACCGTCGAAGCA.1",1000
"X1_CCTAACCGTCGTATTG.1",2
"X1_CCTAACCGTCGTGTTA.1",1000
"X1_CCTAACCGTGCAGTGA.1",2
"X1_CCTAACCGTGCGACAA.1",4
"X1_CCTAACCGTGGAAATT.1",1000
"X1_CCTAACCGTGGGCTTC.1",6
"X1_CCTAACCGTGTATTGC.1",1000
"X1_CCTAACCTCATGCATG.1",8
"X1_CCTAACCTCCAACCGG.1",8
"X1_CCTAACCTCCACAGGC.1",1000
"X1_CCTAACCTCCTACACC.1",7
"X1_CCTAACCTCGCCAGTG.1",1000
"X1_CCTAACCTCTGCCCTA.1",7
"X1_CCTAAGAAGACAAGCC.1",1000
"X1_CCTAAGAAGCCATCCG.1",8
"X1_CCTAAGAAGGTGGCTA.1",1000
"X1_CCTAAGAAGTCTAACC.1",1000
"X1_CCTAAGACAACCAATC.1",2
"X1_CCTAAGACAAGAAACT.1",8
"X1_CCTAAGACAATTCACG.1",4
"X1_CCTAAGACACCCAAGC.1",4
"X1_CCTAAGACACCGGTCA.1",7
"X1_CCTAAGACACCGTCTT.1",7
"X1_CCTAAGACAGATCCTA.1",8
"X1_CCTAAGACAGGTCAAG.1",1000
"X1_CCTAAGACATACATCG.1",7
"X1_CCTAAGACATTGCAAC.1",4
"X1_CCTAAGAGTAACGCGA.1",8
"X1_CCTAAGAGTATTGAGA.1",4
"X1_CCTAAGAGTCACTTCC.1",1
"X1_CCTAAGAGTCGCTCGA.1",0
"X1_CCTAAGAGTCGTGGAA.1",3
"X1_CCTAAGAGTGCCCAGT.1",5
"X1_CCTAAGAGTGCCGTAC.1",1000
"X1_CCTAAGAGTGTTTGCA.1",3
"X1_CCTAAGAGTTACCGTA.1",4
"X1_CCTAAGAGTTAGCGGA.1",1000
"X1_CCTAAGAGTTCCACAA.1",2
"X1_CCTAAGAGTTCCCACT.1",7
"X1_CCTAAGAGTTCGGCCA.1",4
"X1_CCTAAGAGTTCGTTCC.1",5
"X1_CCTAAGATCAAATAGG.1",1000
"X1_CCTAAGATCAGCTGAT.1",4
"X1_CCTAAGATCATAGCAC.1",0
"X1_CCTAAGATCATCAGTG.1",5
"X1_CCTAAGATCCATTCAT.1",3
"X1_CCTAAGATCCGAGAAG.1",0
"X1_CCTAAGATCCGGCAGT.1",8
"X1_CCTAAGATCCTCTTTC.1",4
"X1_CCTAAGATCGAAGAAT.1",3
"X1_CCTAAGATCGACCCAG.1",1
"X1_CCTAAGATCGTCGGGT.1",1
"X1_CCTAAGATCTAGAGCT.1",4
"X1_CCTAAGATCTCCCAAC.1",8
"X1_CCTACGTAGAATGTTG.1",1000
"X1_CCTACGTAGGTGCTGA.1",1000
"X1_CCTACGTCAAACTCGT.1",3
"X1_CCTACGTCAATTTCGG.1",1
"X1_CCTACGTCACAAACGG.1",7
"X1_CCTACGTCACACCGAC.1",4
"X1_CCTACGTCAGCAGACA.1",3
"X1_CCTACGTCAGTAACAA.1",2
"X1_CCTACGTCAGTTTCGA.1",2
"X1_CCTACGTCATAGGTAA.1",1000
"X1_CCTACGTCATGGAACG.1",8
"X1_CCTACGTGTATTGACC.1",1000
"X1_CCTACGTGTCGACGCT.1",6
"X1_CCTACGTGTCGAGCTC.1",8
"X1_CCTACGTGTGACGCCT.1",3
"X1_CCTACGTGTGTCCTAA.1",8
"X1_CCTACGTGTTCATCTT.1",8
"X1_CCTACGTGTTGACGGA.1",1000
"X1_CCTACGTGTTTGGAAA.1",1000
"X1_CCTACGTTCACCATAG.1",8
"X1_CCTACGTTCCCGAATA.1",1000
"X1_CCTACGTTCCGCAGTG.1",8
"X1_CCTACGTTCGACGAGA.1",8
"X1_CCTACGTTCGATCCCT.1",7
"X1_CCTACGTTCGGACGTC.1",3
"X1_CCTACGTTCTGACGCG.1",8
"X1_CCTACGTTCTGGCCAG.1",3
"X1_CCTATCGAGACCTCCG.1",5
"X1_CCTATCGAGAGCCCAA.1",1000
"X1_CCTATCGAGCCTGTCG.1",8
"X1_CCTATCGAGGAAAGGT.1",2
"X1_CCTATCGAGGACAAGA.1",4
"X1_CCTATCGAGGAGAGGC.1",4
"X1_CCTATCGAGGTTCCGC.1",1000
"X1_CCTATCGAGTAAACAC.1",8
"X1_CCTATCGAGTCACGCC.1",3
"X1_CCTATCGAGTCTCTGA.1",8
"X1_CCTATCGAGTTATGGA.1",1000
"X1_CCTATCGCAACGATTC.1",3
"X1_CCTATCGCAAGTCCAT.1",8
"X1_CCTATCGCAATGTCAC.1",6
"X1_CCTATCGCACAACATC.1",1000
"X1_CCTATCGCACGACGTC.1",4
"X1_CCTATCGCAGACCAGA.1",7
"X1_CCTATCGCAGATTAAG.1",7
"X1_CCTATCGCATCAGTCA.1",8
"X1_CCTATCGCATCCCGTT.1",7
"X1_CCTATCGCATGACAAA.1",3
"X1_CCTATCGCATGACAGG.1",1000
"X1_CCTATCGCATGACGGA.1",8
"X1_CCTATCGCATGGTACT.1",4
"X1_CCTATCGGTACCTTCC.1",8
"X1_CCTATCGGTACTGGGA.1",1
"X1_CCTATCGGTAGACGGT.1",4
"X1_CCTATCGGTAGGACTG.1",8
"X1_CCTATCGGTAGGCAAC.1",1000
"X1_CCTATCGGTAGTGATA.1",8
"X1_CCTATCGGTCACATTG.1",8
"X1_CCTATCGGTCATACCA.1",1
"X1_CCTATCGGTCGTCAGC.1",1000
"X1_CCTATCGGTGTGAATA.1",1
"X1_CCTATCGTCACTGTCC.1",8
"X1_CCTATCGTCAGACAAA.1",3
"X1_CCTATCGTCATCGTAG.1",1000
"X1_CCTATCGTCGGATTAC.1",1
"X1_CCTATCGTCTAGCAAC.1",6
"X1_CCTATCGTCTATCGGA.1",7
"X1_CCTCAACAGAATTCAG.1",1000
"X1_CCTCAACAGACCGCCT.1",8
"X1_CCTCAACAGACGAGCT.1",4
"X1_CCTCAACAGCCTCCAG.1",1000
"X1_CCTCAACAGCGACTGA.1",4
"X1_CCTCAACAGCTAATCC.1",8
"X1_CCTCAACAGGCATCAG.1",3
"X1_CCTCAACAGGTACATA.1",3
"X1_CCTCAACAGTGTTCCA.1",7
"X1_CCTCAACCAAGTCCAT.1",8
"X1_CCTCAACCACCTGCGA.1",3
"X1_CCTCAACCACTTGAAC.1",8
"X1_CCTCAACCAGACGCTC.1",4
"X1_CCTCAACCAGAGAGGG.1",3
"X1_CCTCAACCAGTTTGGT.1",1
"X1_CCTCAACCATGTCGTA.1",7
"X1_CCTCAACCATTCTTCA.1",2
"X1_CCTCAACGTAAGCGGT.1",3
"X1_CCTCAACGTATTGACC.1",7
"X1_CCTCAACGTCAAGCGA.1",4
"X1_CCTCAACGTCGCAACC.1",7
"X1_CCTCAACGTCTCTCCA.1",1
"X1_CCTCAACGTGGATGAC.1",7
"X1_CCTCAACGTGTAGTGG.1",7
"X1_CCTCAACGTTCTCGTC.1",8
"X1_CCTCAACTCATAGAGA.1",4
"X1_CCTCAACTCCACACAA.1",8
"X1_CCTCAACTCCAGCTCT.1",4
"X1_CCTCAACTCCCTGGTT.1",4
"X1_CCTCAACTCCGCACTT.1",6
"X1_CCTCAACTCGAGATGG.1",8
"X1_CCTCAACTCGTAGTGT.1",8
"X1_CCTCAACTCGTCGGGT.1",1000
"X1_CCTCAACTCGTTCTAT.1",7
"X1_CCTCAACTCTAGCAAC.1",1000
"X1_CCTCAACTCTCGTCGT.1",1000
"X1_CCTCACAAGACTGAGC.1",4
"X1_CCTCACAAGATCGCCC.1",1000
"X1_CCTCACAAGATTTGCC.1",1000
"X1_CCTCACAAGCAGGGAG.1",7
"X1_CCTCACAAGCGCACAA.1",3
"X1_CCTCACAAGCGTCTCG.1",8
"X1_CCTCACAAGGATGCGT.1",3
"X1_CCTCACAAGTCTAGCT.1",8
"X1_CCTCACACAAGCGAGT.1",7
"X1_CCTCACACAAGTGTCT.1",4
"X1_CCTCACACAATGTTGC.1",8
"X1_CCTCACACACATTCTT.1",1000
"X1_CCTCACACACCCTGTT.1",8
"X1_CCTCACACACGTGAGA.1",1
"X1_CCTCACACACTACACA.1",3
"X1_CCTCACACACTGGCCA.1",4
"X1_CCTCACACAGATTAAG.1",1000
"X1_CCTCACACAGGCACTC.1",1000
"X1_CCTCACACATAGGTTC.1",4
"X1_CCTCACACATGTTACG.1",1000
"X1_CCTCACACATTAGGAA.1",2
"X1_CCTCACACATTGGCAT.1",8
"X1_CCTCACAGTAACCCTA.1",8
"X1_CCTCACAGTACAGGTG.1",5
"X1_CCTCACAGTCCTGGTG.1",7
"X1_CCTCACAGTCCTTTGC.1",8
"X1_CCTCACAGTCTCTCTG.1",5
"X1_CCTCACAGTGATACAA.1",1
"X1_CCTCACAGTGGCGTAA.1",1000
"X1_CCTCACAGTTCGGCGT.1",4
"X1_CCTCACAGTTCTCCTG.1",8
"X1_CCTCACATCAAAGGAT.1",1000
"X1_CCTCACATCCACTAGA.1",1000
"X1_CCTCACATCCGTGTAA.1",8
"X1_CCTCACATCCTTCGAC.1",7
"X1_CCTCACATCGCAATGT.1",2
"X1_CCTCACATCGGTAACT.1",1000
"X1_CCTCACATCTCCGTGT.1",8
"X1_CCTCACATCTGTCGTC.1",1000
"X1_CCTCAGTAGATAGTCA.1",7
"X1_CCTCAGTAGCCGTCGT.1",2
"X1_CCTCAGTAGCGCACAA.1",5
"X1_CCTCAGTAGCTTGTGT.1",3
"X1_CCTCAGTAGGAAACGA.1",3
"X1_CCTCAGTAGGCGTCCT.1",1
"X1_CCTCAGTAGGTGCAGT.1",7
"X1_CCTCAGTAGGTGCTGA.1",4
"X1_CCTCAGTAGTAAACTG.1",1000
"X1_CCTCAGTAGTCGCTAT.1",7
"X1_CCTCAGTAGTTTGCTG.1",4
"X1_CCTCAGTCAAACGGCA.1",5
"X1_CCTCAGTCACAAGTTC.1",1000
"X1_CCTCAGTCACAGCGCT.1",7
"X1_CCTCAGTCACTAAACC.1",7
"X1_CCTCAGTCACTGCTTC.1",7
"X1_CCTCAGTCACTTGAAC.1",4
"X1_CCTCAGTCAGCAGTCC.1",1000
"X1_CCTCAGTCAGGCATGA.1",8
"X1_CCTCAGTCAGTGGTGA.1",8
"X1_CCTCAGTCAGTTTCAG.1",8
"X1_CCTCAGTCATCAACCA.1",1000
"X1_CCTCAGTCATGGGTCC.1",5
"X1_CCTCAGTGTAACACCT.1",3
"X1_CCTCAGTGTGTACATC.1",1000
"X1_CCTCAGTGTTAAAGTG.1",7
"X1_CCTCAGTGTTGTAGCT.1",1000
"X1_CCTCAGTTCAAAGCCT.1",3
"X1_CCTCAGTTCAAGGCTT.1",7
"X1_CCTCAGTTCACAAGAA.1",4
"X1_CCTCAGTTCATTCATC.1",0
"X1_CCTCAGTTCCATTTAC.1",1000
"X1_CCTCAGTTCCCTCGTA.1",1
"X1_CCTCAGTTCCTTCACG.1",8
"X1_CCTCAGTTCGCACGGT.1",3
"X1_CCTCAGTTCGCCCAGA.1",8
"X1_CCTCAGTTCGGCTTGG.1",1000
"X1_CCTCAGTTCTCAGGCG.1",8
"X1_CCTCAGTTCTGGGATT.1",1000
"X1_CCTCAGTTCTTACTGT.1",2
"X1_CCTCATGAGAATCGAT.1",1000
"X1_CCTCATGAGACCATAA.1",6
"X1_CCTCATGAGAGTCCGA.1",7
"X1_CCTCATGAGCCTTTGA.1",1000
"X1_CCTCATGAGTACAGCG.1",6
"X1_CCTCATGAGTCGCCCA.1",6
"X1_CCTCATGAGTTGAATG.1",4
"X1_CCTCATGCAAAGTATG.1",5
"X1_CCTCATGCAAGGCAAC.1",1000
"X1_CCTCATGCACGACGAA.1",1000
"X1_CCTCATGCACGGCGTT.1",4
"X1_CCTCATGCACTCCTTG.1",1000
"X1_CCTCATGCACTGAGTT.1",7
"X1_CCTCATGCAGGCATTT.1",1000
"X1_CCTCATGCATAGCACT.1",1000
"X1_CCTCATGCATGGCGCT.1",4
"X1_CCTCATGCATTACTCT.1",2
"X1_CCTCATGGTATAGGAT.1",7
"X1_CCTCATGGTCACTCTC.1",1000
"X1_CCTCATGGTCTCACAA.1",8
"X1_CCTCATGGTCTGTGCG.1",4
"X1_CCTCATGGTTTCGTAG.1",6
"X1_CCTCATGTCAAGGCTT.1",1000
"X1_CCTCATGTCAGATGCT.1",4
"X1_CCTCATGTCATTCCTA.1",4
"X1_CCTCATGTCGGTCTGG.1",7
"X1_CCTCATGTCTAACGGT.1",7
"X1_CCTCATGTCTGGCCGA.1",1000
"X1_CCTCATGTCTGTACAG.1",8
"X1_CCTCATGTCTTTCCGG.1",7
"X1_CCTCCAAAGATAGGGA.1",1000
"X1_CCTCCAAAGCCACCGT.1",5
"X1_CCTCCAAAGGGTAATT.1",3
"X1_CCTCCAAAGGTGGCTA.1",3
"X1_CCTCCAAAGTGGTTGG.1",7
"X1_CCTCCAACAAGCAGGT.1",4
"X1_CCTCCAACACTCGATA.1",1
"X1_CCTCCAACAGCTGTGC.1",7
"X1_CCTCCAACAGGATTCT.1",1000
"X1_CCTCCAACATTAAGCC.1",1000
"X1_CCTCCAAGTAAGCAAT.1",6
"X1_CCTCCAAGTAAGTCAA.1",1000
"X1_CCTCCAAGTACATACC.1",7
"X1_CCTCCAAGTAGGAAAG.1",1000
"X1_CCTCCAAGTCCTCCTA.1",1000
"X1_CCTCCAAGTGCACATT.1",6
"X1_CCTCCAAGTGCTGATT.1",8
"X1_CCTCCAAGTGTGGTCC.1",1000
"X1_CCTCCAAGTTGTGGAG.1",7
"X1_CCTCCAATCAACTCTT.1",1
"X1_CCTCCAATCAAGCGTT.1",1000
"X1_CCTCCAATCACAACCA.1",7
"X1_CCTCCAATCAGGAAGC.1",1000
"X1_CCTCCAATCATTACTC.1",7
"X1_CCTCCAATCCGATCGG.1",1000
"X1_CCTCCAATCGATTCCC.1",8
"X1_CCTCCAATCGGCTCTT.1",3
"X1_CCTCCAATCTAGCAAC.1",4
"X1_CCTCCAATCTCTTAAC.1",7
"X1_CCTCCTCAGAATAACC.1",4
"X1_CCTCCTCAGACCAAGC.1",3
"X1_CCTCCTCAGATGGGCT.1",1000
"X1_CCTCCTCAGCTTTCCC.1",1000
"X1_CCTCCTCAGGAGACCT.1",8
"X1_CCTCCTCAGGATGAGA.1",2
"X1_CCTCCTCAGGGAGGTG.1",6
"X1_CCTCCTCAGGTCACTT.1",1000
"X1_CCTCCTCAGGTCGTGA.1",3
"X1_CCTCCTCAGTGCTCAT.1",8
"X1_CCTCCTCAGTGGTTCT.1",3
"X1_CCTCCTCAGTGTTCCA.1",7
"X1_CCTCCTCAGTTCACTG.1",7
"X1_CCTCCTCCAAATCCCA.1",3
"X1_CCTCCTCCAGGACGAT.1",4
"X1_CCTCCTCCAGGATGAC.1",1000
"X1_CCTCCTCCAGGGACTA.1",1000
"X1_CCTCCTCCATAGACTC.1",4
"X1_CCTCCTCCATCACAGT.1",1000
"X1_CCTCCTCCATGTTCAG.1",1000
"X1_CCTCCTCGTAGCGCTC.1",5
"X1_CCTCCTCGTAGCTAAA.1",4
"X1_CCTCCTCGTAGCTGCC.1",1
"X1_CCTCCTCGTCACTAGT.1",6
"X1_CCTCCTCGTGGCATCC.1",4
"X1_CCTCCTCGTGGTTTAC.1",7
"X1_CCTCCTCGTGTAACGG.1",8
"X1_CCTCCTCGTTATGTGC.1",2
"X1_CCTCCTCGTTTATGCG.1",8
"X1_CCTCCTCGTTTCACAG.1",1
"X1_CCTCCTCTCAAAGCCT.1",7
"X1_CCTCCTCTCAAGAGTA.1",1000
"X1_CCTCCTCTCAGGGTAG.1",8
"X1_CCTCCTCTCATCACTT.1",8
"X1_CCTCCTCTCCTCACCA.1",5
"X1_CCTCCTCTCGACCACG.1",3
"X1_CCTCCTCTCGACGTCG.1",8
"X1_CCTCCTCTCGTTCCCA.1",8
"X1_CCTCCTCTCTCGGCTT.1",8
"X1_CCTCCTCTCTGGTTGA.1",0
"X1_CCTCCTCTCTTGAGCA.1",6
"X1_CCTCCTCTCTTTCAGT.1",7
"X1_CCTCTAGAGATTAGTG.1",4
"X1_CCTCTAGAGCACCCAC.1",7
"X1_CCTCTAGAGCAGGCAT.1",1000
"X1_CCTCTAGAGCCTCTGG.1",8
"X1_CCTCTAGAGCTAGTTC.1",5
"X1_CCTCTAGAGCTGCGAA.1",1000
"X1_CCTCTAGAGTCGTCTA.1",1000
"X1_CCTCTAGAGTGTACCT.1",6
"X1_CCTCTAGAGTTCCGGC.1",4
"X1_CCTCTAGCAAACTAAG.1",4
"X1_CCTCTAGCAACCTAAC.1",8
"X1_CCTCTAGCACAAATGA.1",6
"X1_CCTCTAGCAGTCTCTC.1",8
"X1_CCTCTAGCATCAGCTA.1",1000
"X1_CCTCTAGCATTGGATC.1",6
"X1_CCTCTAGGTACAAGCG.1",7
"X1_CCTCTAGGTAGGCTCC.1",4
"X1_CCTCTAGGTCAAAGAT.1",1000
"X1_CCTCTAGGTCCCTAAA.1",7
"X1_CCTCTAGGTGAATATG.1",3
"X1_CCTCTAGGTGAGTAAT.1",1000
"X1_CCTCTAGGTGATCGTT.1",1000
"X1_CCTCTAGGTGGAAATT.1",1000
"X1_CCTCTAGGTTGCGGAA.1",6
"X1_CCTCTAGGTTGGCCTG.1",5
"X1_CCTCTAGGTTTACGAC.1",0
"X1_CCTCTAGTCATTGTTC.1",1000
"X1_CCTCTAGTCGAGTGGA.1",4
"X1_CCTCTAGTCGATCCCT.1",7
"X1_CCTCTAGTCGCTTGCT.1",8
"X1_CCTCTAGTCGGATAAA.1",8
"X1_CCTCTAGTCTCATTTG.1",1000
"X1_CCTCTAGTCTCCGTGT.1",1000
"X1_CCTCTAGTCTGCTGAA.1",3
"X1_CCTCTAGTCTGTGTGA.1",1000
"X1_CCTCTAGTCTTCACAT.1",5
"X1_CCTCTCCAGCCGGAAT.1",1000
"X1_CCTCTCCAGCTGCCAC.1",1000
"X1_CCTCTCCAGGTAAGGA.1",1000
"X1_CCTCTCCAGTCGTTAC.1",7
"X1_CCTCTCCAGTGGCAGT.1",7
"X1_CCTCTCCAGTTCCTGA.1",7
"X1_CCTCTCCCAAATTAGG.1",4
"X1_CCTCTCCCAACACGTT.1",8
"X1_CCTCTCCCAACCGACC.1",5
"X1_CCTCTCCCACCAGGTC.1",4
"X1_CCTCTCCCACCAGTAT.1",8
"X1_CCTCTCCCAGCCTATA.1",1000
"X1_CCTCTCCCATGACTCA.1",1000
"X1_CCTCTCCGTAGCTAAA.1",2
"X1_CCTCTCCGTCCTGTCT.1",1000
"X1_CCTCTCCGTCGCCACA.1",1000
"X1_CCTCTCCGTCTCAGAT.1",1000
"X1_CCTCTCCGTGTCCTAA.1",3
"X1_CCTCTCCGTTCGAACT.1",4
"X1_CCTCTCCGTTGCAACT.1",1000
"X1_CCTCTCCTCAACTCTT.1",7
"X1_CCTCTCCTCACAGAGG.1",8
"X1_CCTCTCCTCATTGGTG.1",8
"X1_CCTCTCCTCCCGATCT.1",7
"X1_CCTCTCCTCCGGTAAT.1",7
"X1_CCTCTCCTCCGTGTAA.1",1000
"X1_CCTCTCCTCGTGCAGC.1",3
"X1_CCTCTCCTCTACGGGC.1",7
"X1_CCTCTCCTCTCATTGT.1",5
"X1_CCTGCATAGACATGCG.1",5
"X1_CCTGCATAGAGAAGGT.1",3
"X1_CCTGCATAGATTGTGA.1",7
"X1_CCTGCATAGCAATAGT.1",1000
"X1_CCTGCATAGCAATTCC.1",3
"X1_CCTGCATAGCGGATCA.1",4
"X1_CCTGCATAGCTCGAAG.1",6
"X1_CCTGCATAGGAACGAA.1",2
"X1_CCTGCATAGGCTGGAT.1",1000
"X1_CCTGCATAGGGCCAAT.1",5
"X1_CCTGCATAGGTCATCT.1",1000
"X1_CCTGCATAGTGCACAG.1",8
"X1_CCTGCATAGTGGATAT.1",2
"X1_CCTGCATCAAGTCATC.1",5
"X1_CCTGCATCAAGTGATA.1",0
"X1_CCTGCATCAATGCTCA.1",8
"X1_CCTGCATCAATGTGGG.1",1
"X1_CCTGCATCACAGCGCT.1",4
"X1_CCTGCATCACCCGTAG.1",8
"X1_CCTGCATCACCGGAAA.1",8
"X1_CCTGCATCACGATTCA.1",3
"X1_CCTGCATCACGGCTAC.1",4
"X1_CCTGCATCACTAACCA.1",4
"X1_CCTGCATCAGCTCTGG.1",6
"X1_CCTGCATCAGGACATG.1",4
"X1_CCTGCATCAGTTGTTG.1",4
"X1_CCTGCATGTAGAAACT.1",1000
"X1_CCTGCATGTAGGCAGT.1",1000
"X1_CCTGCATGTCTCGACG.1",8
"X1_CCTGCATGTCTCGGGT.1",7
"X1_CCTGCATGTCTTCGAA.1",8
"X1_CCTGCATGTGCTGATT.1",1
"X1_CCTGCATGTGCTGTCG.1",1000
"X1_CCTGCATGTGGACCTC.1",7
"X1_CCTGCATGTGGCTTAT.1",3
"X1_CCTGCATGTGTATACC.1",8
"X1_CCTGCATGTTCGAAGG.1",3
"X1_CCTGCATGTTTATGCG.1",1000
"X1_CCTGCATGTTTCCAAG.1",4
"X1_CCTGCATGTTTGACAC.1",8
"X1_CCTGCATTCAAGCCTA.1",4
"X1_CCTGCATTCACCCTCA.1",8
"X1_CCTGCATTCATTTCGT.1",8
"X1_CCTGCATTCCCAAGTA.1",7
"X1_CCTGCATTCCTCGCAT.1",8
"X1_CCTGCATTCGTTCGCT.1",7
"X1_CCTGCATTCGTTCTAT.1",2
"X1_CCTGCATTCTCAGGCG.1",8
"X1_CCTGCATTCTCGTTTA.1",4
"X1_CCTGCATTCTCTAAGG.1",5
"X1_CCTGCATTCTTCTGTA.1",8
"X1_CCTGTTGAGAAACTAC.1",0
"X1_CCTGTTGAGAGTGTTA.1",1000
"X1_CCTGTTGAGATCCCAT.1",7
"X1_CCTGTTGAGCAACAAT.1",1
"X1_CCTGTTGAGCTCCCTT.1",1
"X1_CCTGTTGAGGATCACG.1",1000
"X1_CCTGTTGAGGGTCAAC.1",2
"X1_CCTGTTGAGTAAAGCT.1",5
"X1_CCTGTTGCAAACCATC.1",8
"X1_CCTGTTGCAAAGCGTG.1",1000
"X1_CCTGTTGCACAAATCC.1",1000
"X1_CCTGTTGCACACACGC.1",1000
"X1_CCTGTTGCAGAGATTA.1",2
"X1_CCTGTTGCAGCAATTC.1",7
"X1_CCTGTTGCAGCCTATA.1",7
"X1_CCTGTTGCAGGTCCCA.1",5
"X1_CCTGTTGCAGGTTCAT.1",8
"X1_CCTGTTGCATCGTCCT.1",3
"X1_CCTGTTGGTAATGTGA.1",6
"X1_CCTGTTGGTACAACGG.1",7
"X1_CCTGTTGGTATCGTTG.1",1000
"X1_CCTGTTGGTCAACGCC.1",7
"X1_CCTGTTGGTCGAGTTT.1",1000
"X1_CCTGTTGGTCGCAGTC.1",0
"X1_CCTGTTGGTGGACTGA.1",1000
"X1_CCTGTTGGTTACTCAG.1",1000
"X1_CCTGTTGGTTCAGCGC.1",3
"X1_CCTGTTGGTTGCATAC.1",2
"X1_CCTGTTGGTTGTTGTG.1",8
"X1_CCTGTTGTCAATGTCG.1",1000
"X1_CCTGTTGTCACCATGA.1",1000
"X1_CCTGTTGTCAGCGTCG.1",4
"X1_CCTGTTGTCCCAGGCA.1",8
"X1_CCTGTTGTCCCATAGA.1",4
"X1_CCTGTTGTCGCCTTGT.1",1000
"X1_CCTGTTGTCGTCAACA.1",4
"X1_CCTGTTGTCTATCGCC.1",8
"X1_CCTGTTGTCTGGCTGG.1",8
"X1_CCTTCAGAGACTACCT.1",1000
"X1_CCTTCAGAGCAAGGAA.1",6
"X1_CCTTCAGAGCACTCTA.1",1000
"X1_CCTTCAGAGGACGCAT.1",8
"X1_CCTTCAGAGGCCTGCT.1",3
"X1_CCTTCAGAGGTAACTA.1",0
"X1_CCTTCAGAGTAGGATT.1",8
"X1_CCTTCAGAGTTGTCAC.1",7
"X1_CCTTCAGCAAACTAGA.1",0
"X1_CCTTCAGCAATGAACA.1",3
"X1_CCTTCAGCACGATTCA.1",4
"X1_CCTTCAGCAGGCACTC.1",1000
"X1_CCTTCAGCAGTATGAA.1",1000
"X1_CCTTCAGCATCGTTCC.1",1000
"X1_CCTTCAGCATGGAAGC.1",2
"X1_CCTTCAGCATGTGCCG.1",8
"X1_CCTTCAGCATGTTCAG.1",8
"X1_CCTTCAGGTAACATGA.1",3
"X1_CCTTCAGGTACTGTTG.1",1000
"X1_CCTTCAGGTATGGAGC.1",1000
"X1_CCTTCAGGTGCAATGG.1",4
"X1_CCTTCAGGTGTCGCTG.1",8
"X1_CCTTCAGGTTAAGCAA.1",1
"X1_CCTTCAGGTTATCCAG.1",4
"X1_CCTTCAGGTTATGTCG.1",6
"X1_CCTTCAGGTTGTAAAG.1",8
"X1_CCTTCAGGTTTGTTGG.1",5
"X1_CCTTCAGTCACCGGGT.1",8
"X1_CCTTCAGTCAGACCGC.1",2
"X1_CCTTCAGTCCGTTTCG.1",1
"X1_CCTTCAGTCCTTCTAA.1",7
"X1_CCTTCAGTCTGGGCCA.1",6
"X1_CCTTCAGTCTGTCGTC.1",4
"X1_CCTTGTGAGAGAGGGC.1",0
"X1_CCTTGTGAGAGTGAAG.1",1000
"X1_CCTTGTGAGCCGCACT.1",7
"X1_CCTTGTGAGGCCATAG.1",2
"X1_CCTTGTGAGGCCTTGC.1",0
"X1_CCTTGTGCAAATTAGG.1",8
"X1_CCTTGTGCAACTAGAA.1",8
"X1_CCTTGTGCAAGCAATA.1",7
"X1_CCTTGTGCACACGGAA.1",5
"X1_CCTTGTGCACATAGCT.1",4
"X1_CCTTGTGCACCTGCAG.1",1000
"X1_CCTTGTGCAGCGTATT.1",8
"X1_CCTTGTGCAGGATTCT.1",0
"X1_CCTTGTGCAGTTGAAA.1",1000
"X1_CCTTGTGCATTCTGTT.1",1000
"X1_CCTTGTGCATTGGATC.1",5
"X1_CCTTGTGGTAGCTTGT.1",5
"X1_CCTTGTGGTAGTCGTT.1",1000
"X1_CCTTGTGGTATATGGA.1",4
"X1_CCTTGTGGTCCGACGT.1",7
"X1_CCTTGTGGTGACTCTA.1",7
"X1_CCTTGTGGTGCATACT.1",5
"X1_CCTTGTGGTTACCTGA.1",5
"X1_CCTTGTGGTTTCACAG.1",0
"X1_CCTTGTGTCCCTATTA.1",1
"X1_CCTTGTGTCCCTTTGG.1",7
"X1_CCTTGTGTCCGTGGCA.1",7
"X1_CCTTGTGTCGAAACAA.1",1
"X1_CCTTGTGTCGATGGAG.1",4
"X1_CCTTGTGTCGATTTCT.1",7
"X1_CCTTGTGTCGTAGGGA.1",1000
"X1_CCTTGTGTCTGGTGGC.1",8
"X1_CCTTTGGAGACCCTTA.1",1000
"X1_CCTTTGGAGACTCGAG.1",4
"X1_CCTTTGGAGAGGTTTA.1",1
"X1_CCTTTGGAGATACATG.1",7
"X1_CCTTTGGAGGATGAGA.1",1000
"X1_CCTTTGGAGGTTAAAC.1",4
"X1_CCTTTGGAGTAGGATT.1",8
"X1_CCTTTGGAGTTTCAGC.1",1000
"X1_CCTTTGGCAAGACGGT.1",0
"X1_CCTTTGGCACAGCATT.1",5
"X1_CCTTTGGCACCGTGCA.1",3
"X1_CCTTTGGCAGAATGTA.1",8
"X1_CCTTTGGCAGACGATG.1",8
"X1_CCTTTGGCAGCCGTCA.1",1000
"X1_CCTTTGGCAGGCACAA.1",6
"X1_CCTTTGGCAGTCCCGA.1",1
"X1_CCTTTGGCATCAGCTA.1",1000
"X1_CCTTTGGGTAGCCAGA.1",3
"X1_CCTTTGGGTAGCGCTC.1",3
"X1_CCTTTGGGTCTGCGCA.1",7
"X1_CCTTTGGGTGAGATTA.1",4
"X1_CCTTTGGGTGCATGAG.1",1000
"X1_CCTTTGGGTTATGGTC.1",3
"X1_CCTTTGGGTTGACTAC.1",4
"X1_CCTTTGGGTTGTGCAT.1",7
"X1_CCTTTGGTCACGGGCT.1",1000
"X1_CCTTTGGTCACTCGAA.1",1000
"X1_CCTTTGGTCAGGAAGC.1",7
"X1_CCTTTGGTCCAACCAA.1",8
"X1_CCTTTGGTCCACTGGG.1",8
"X1_CCTTTGGTCCCTCTAG.1",7
"X1_CCTTTGGTCCTGTACC.1",4
"X1_CCTTTGGTCGGAGCAA.1",8
"X1_CCTTTGGTCGGTATGT.1",4
"X1_CCTTTGGTCTCAGAAC.1",0
"X1_CGAAGGAAGAAGCTCG.1",1000
"X1_CGAAGGAAGAGAACCC.1",8
"X1_CGAAGGAAGATACTGA.1",1000
"X1_CGAAGGAAGCATATGA.1",3
"X1_CGAAGGAAGCATGATA.1",1000
"X1_CGAAGGAAGCCGAACA.1",5
"X1_CGAAGGAAGGATATAC.1",3
"X1_CGAAGGAAGGGAGGTG.1",8
"X1_CGAAGGAAGGTGAGAA.1",7
"X1_CGAAGGAAGGTGGGTT.1",3
"X1_CGAAGGAAGGTTCATC.1",1000
"X1_CGAAGGAAGTAGACCG.1",7
"X1_CGAAGGAAGTATTGCC.1",1000
"X1_CGAAGGAAGTGGTTAA.1",7
"X1_CGAAGGAAGTTGTACC.1",1000
"X1_CGAAGGACAAGAGATT.1",1000
"X1_CGAAGGACAAGTCCAT.1",2
"X1_CGAAGGACAGAGTTGG.1",3
"X1_CGAAGGACAGATAAAC.1",2
"X1_CGAAGGACAGATCCTA.1",2
"X1_CGAAGGACAGTCTGGC.1",8
"X1_CGAAGGACATCGTCCT.1",6
"X1_CGAAGGACATGGGCAA.1",1
"X1_CGAAGGAGTACGGCAA.1",4
"X1_CGAAGGAGTACGTTCA.1",4
"X1_CGAAGGAGTACTAGCT.1",7
"X1_CGAAGGAGTATCATGC.1",5
"X1_CGAAGGAGTATGAGCG.1",4
"X1_CGAAGGAGTGAATTAG.1",4
"X1_CGAAGGAGTGAGGAAA.1",1000
"X1_CGAAGGAGTGCGACAA.1",7
"X1_CGAAGGAGTGGGTCAA.1",3
"X1_CGAAGGAGTGGTCCGT.1",7
"X1_CGAAGGAGTGTATTCG.1",6
"X1_CGAAGGAGTTAAGGGC.1",3
"X1_CGAAGGAGTTATAGCC.1",1000
"X1_CGAAGGATCAAATGCC.1",7
"X1_CGAAGGATCATGCCAA.1",0
"X1_CGAAGGATCGACGCTG.1",7
"X1_CGAAGGATCGATACAC.1",1000
"X1_CGAAGGATCGTAATGC.1",8
"X1_CGAAGGATCGTCGCTT.1",1000
"X1_CGAAGGATCTAACACG.1",1000
"X1_CGAAGGATCTAGCAAC.1",7
"X1_CGAAGGATCTGATTCT.1",7
"X1_CGAAGGATCTTCGTAT.1",1000
"X1_CGAAGTTAGAAGGTAG.1",4
"X1_CGAAGTTAGCCAAGCA.1",2
"X1_CGAAGTTAGCGTTGTT.1",3
"X1_CGAAGTTAGGCCTGCT.1",1000
"X1_CGAAGTTAGGGCAGAG.1",7
"X1_CGAAGTTAGGGTACAC.1",7
"X1_CGAAGTTAGGGTCACA.1",8
"X1_CGAAGTTAGTAAATGC.1",7
"X1_CGAAGTTAGTTCCTGA.1",3
"X1_CGAAGTTAGTTGAAAC.1",1000
"X1_CGAAGTTCAAAGGCTG.1",4
"X1_CGAAGTTCACATCATG.1",6
"X1_CGAAGTTCACCACTGG.1",3
"X1_CGAAGTTCAGAAGTTA.1",8
"X1_CGAAGTTCAGACCATT.1",1000
"X1_CGAAGTTCAGAGGTAC.1",8
"X1_CGAAGTTCAGTTTCGA.1",3
"X1_CGAAGTTCATCTTCGC.1",3
"X1_CGAAGTTGTATGAAGT.1",1
"X1_CGAAGTTGTCCCGGTA.1",4
"X1_CGAAGTTGTCTCGACG.1",7
"X1_CGAAGTTGTTCTCAGA.1",7
"X1_CGAAGTTGTTTACCTT.1",7
"X1_CGAAGTTTCAACCTCC.1",4
"X1_CGAAGTTTCAGCGCGT.1",4
"X1_CGAAGTTTCATGCCCT.1",7
"X1_CGAAGTTTCCATAGGT.1",1000
"X1_CGAAGTTTCCCATTTA.1",1000
"X1_CGAAGTTTCCTCGCAT.1",8
"X1_CGAAGTTTCGACCACG.1",1000
"X1_CGAAGTTTCTGTCCGT.1",1000
"X1_CGAAGTTTCTGTCTCG.1",3
"X1_CGAATTGAGGCAGGGA.1",1000
"X1_CGAATTGAGGCTGGAT.1",1000
"X1_CGAATTGAGGGCGAGA.1",1000
"X1_CGAATTGAGTATAGAC.1",3
"X1_CGAATTGAGTCCCTAA.1",8
"X1_CGAATTGAGTGCAACG.1",1
"X1_CGAATTGCAAGTCCCG.1",7
"X1_CGAATTGCAATTGAGA.1",2
"X1_CGAATTGCACGGCCAT.1",3
"X1_CGAATTGCACTACACA.1",8
"X1_CGAATTGCACTCACTC.1",7
"X1_CGAATTGCAGGTTCCG.1",3
"X1_CGAATTGCATGGCACC.1",3
"X1_CGAATTGGTACCCGAC.1",4
"X1_CGAATTGGTACCGGCT.1",7
"X1_CGAATTGGTAGACGTG.1",4
"X1_CGAATTGGTAGATCGG.1",7
"X1_CGAATTGGTCCATAGT.1",3
"X1_CGAATTGGTCGCTCGA.1",2
"X1_CGAATTGGTCGGATTT.1",7
"X1_CGAATTGGTCTAGATC.1",1000
"X1_CGAATTGGTGTACGCC.1",8
"X1_CGAATTGGTTCAAACC.1",7
"X1_CGAATTGGTTCCGCGA.1",1000
"X1_CGAATTGTCACCGGGT.1",8
"X1_CGAATTGTCAGATTGC.1",0
"X1_CGAATTGTCCGCAACG.1",1
"X1_CGAATTGTCCGTTGAA.1",3
"X1_CGAATTGTCCGTTGGG.1",8
"X1_CGAATTGTCCTAAACG.1",8
"X1_CGAATTGTCCTACCAC.1",8
"X1_CGAATTGTCGAACGGA.1",8
"X1_CGAATTGTCGCGATCG.1",7
"X1_CGAATTGTCTGCACCT.1",6
"X1_CGACAGCAGAAACTCA.1",1
"X1_CGACAGCAGAGGATCC.1",1000
"X1_CGACAGCAGCACGTCC.1",1
"X1_CGACAGCAGCATCAAA.1",3
"X1_CGACAGCAGCTAATCC.1",1000
"X1_CGACAGCAGCTTTCTT.1",7
"X1_CGACAGCAGGACTATA.1",3
"X1_CGACAGCAGGGACCAT.1",1000
"X1_CGACAGCAGTAAACTG.1",7
"X1_CGACAGCCAAATTGGA.1",1000
"X1_CGACAGCCAACCGCTG.1",8
"X1_CGACAGCCACCATATG.1",8
"X1_CGACAGCCACTACGGC.1",6
"X1_CGACAGCCACTCCCTA.1",5
"X1_CGACAGCCACTGGACC.1",3
"X1_CGACAGCCAGCAGTTT.1",7
"X1_CGACAGCCAGCATACT.1",1000
"X1_CGACAGCCATCCTTGC.1",1000
"X1_CGACAGCGTACGGTTT.1",8
"X1_CGACAGCGTCCGAAGA.1",6
"X1_CGACAGCGTCTCACGG.1",1000
"X1_CGACAGCGTCTTCAAG.1",4
"X1_CGACAGCGTGCAACGA.1",4
"X1_CGACAGCGTGCTGTCG.1",6
"X1_CGACAGCGTGGCTCTG.1",6
"X1_CGACAGCTCAAACGAA.1",8
"X1_CGACAGCTCATAGACC.1",8
"X1_CGACAGCTCCATTGTT.1",1000
"X1_CGACAGCTCTAGCAAC.1",1000
"X1_CGACAGCTCTAGTCAG.1",1000
"X1_CGAGAAGAGATAGCTA.1",1000
"X1_CGAGAAGAGATGACCG.1",7
"X1_CGAGAAGAGGCTGTAG.1",8
"X1_CGAGAAGAGGGCCAAT.1",1
"X1_CGAGAAGAGTAATCCC.1",1000
"X1_CGAGAAGAGTGTTCCA.1",8
"X1_CGAGAAGCAAATCGTC.1",3
"X1_CGAGAAGCAATAACGA.1",6
"X1_CGAGAAGCAATTGCTG.1",5
"X1_CGAGAAGCAATTGTGC.1",1
"X1_CGAGAAGCAGAATCGG.1",1000
"X1_CGAGAAGCAGAGGCTA.1",0
"X1_CGAGAAGCAGCAGACA.1",3
"X1_CGAGAAGCAGTATACC.1",8
"X1_CGAGAAGCATTGGGAG.1",7
"X1_CGAGAAGGTAGATCGG.1",3
"X1_CGAGAAGGTCCTCATC.1",3
"X1_CGAGAAGGTGTCACAT.1",1000
"X1_CGAGAAGGTTATAGAG.1",6
"X1_CGAGAAGGTTGACTGT.1",6
"X1_CGAGAAGTCAACCTTT.1",0
"X1_CGAGAAGTCAATCCGA.1",4
"X1_CGAGAAGTCACTGCTC.1",1
"X1_CGAGAAGTCAGCCCAG.1",1
"X1_CGAGAAGTCCAACTGA.1",4
"X1_CGAGAAGTCCGCACGA.1",1000
"X1_CGAGAAGTCCGCGATG.1",1000
"X1_CGAGAAGTCGCCTATC.1",3
"X1_CGAGAAGTCGGCAGTC.1",1000
"X1_CGAGAAGTCGGTAGAG.1",3
"X1_CGAGGAAAGAAACTGT.1",1000
"X1_CGAGGAAAGACCCTTA.1",7
"X1_CGAGGAAAGCACTCAT.1",1
"X1_CGAGGAAAGCTTTCTT.1",7
"X1_CGAGGAAAGTGGTGGT.1",4
"X1_CGAGGAACAAATCAAG.1",8
"X1_CGAGGAACACTTCAGA.1",2
"X1_CGAGGAACAGGACTTT.1",7
"X1_CGAGGAACATGTGCTA.1",5
"X1_CGAGGAAGTAGCGTTT.1",4
"X1_CGAGGAAGTCACCGCA.1",1
"X1_CGAGGAAGTGATCGTT.1",1000
"X1_CGAGGAAGTGATTAGA.1",1000
"X1_CGAGGAAGTGCGCTCA.1",5
"X1_CGAGGAAGTGTAAATG.1",4
"X1_CGAGGAAGTTATCCAG.1",6
"X1_CGAGGAAGTTCGGCGT.1",7
"X1_CGAGGAAGTTTGAAAG.1",3
"X1_CGAGGAATCCATCGTC.1",8
"X1_CGAGGAATCGTTCTCG.1",1
"X1_CGAGGAATCTGTCCCA.1",8
"X1_CGAGGAATCTTCGTAT.1",4
"X1_CGAGGCTAGACTTCGT.1",1000
"X1_CGAGGCTAGATTGAGT.1",1000
"X1_CGAGGCTAGCAGTACG.1",4
"X1_CGAGGCTAGCCGATCC.1",3
"X1_CGAGGCTAGCCTGAAG.1",1000
"X1_CGAGGCTAGGAGACCT.1",1000
"X1_CGAGGCTAGGTAGTCG.1",1000
"X1_CGAGGCTAGGTCTTTG.1",5
"X1_CGAGGCTAGTCTCCTC.1",7
"X1_CGAGGCTAGTGCAGCA.1",7
"X1_CGAGGCTCAAATGGCG.1",7
"X1_CGAGGCTCAAGTGATA.1",5
"X1_CGAGGCTCACGTCGGT.1",1000
"X1_CGAGGCTCACTTTAGG.1",4
"X1_CGAGGCTCAGAGATTA.1",1000
"X1_CGAGGCTGTAACATGA.1",4
"X1_CGAGGCTGTACCATAC.1",0
"X1_CGAGGCTGTACCCGAC.1",1000
"X1_CGAGGCTGTAGCGTAG.1",3
"X1_CGAGGCTGTATGGTTC.1",2
"X1_CGAGGCTGTCCCACGA.1",6
"X1_CGAGGCTGTCCCTGAG.1",1
"X1_CGAGGCTGTGGCAGAT.1",5
"X1_CGAGGCTGTGTAGCAG.1",4
"X1_CGAGGCTGTTATCTTC.1",7
"X1_CGAGGCTGTTCCGCAG.1",1000
"X1_CGAGGCTTCAAGTAAG.1",8
"X1_CGAGGCTTCAGGAGAC.1",1
"X1_CGAGGCTTCATTGCCC.1",7
"X1_CGAGGCTTCCAAATGC.1",8
"X1_CGAGGCTTCCGCTTAC.1",1000
"X1_CGAGGCTTCGATGGAG.1",7
"X1_CGAGGCTTCGATTGAC.1",3
"X1_CGAGGCTTCTGGACCG.1",8
"X1_CGAGGCTTCTGGGCGT.1",1000
"X1_CGAGTGCAGAGAGCCT.1",5
"X1_CGAGTGCAGAGCAAGA.1",7
"X1_CGAGTGCAGATGTTCC.1",1000
"X1_CGAGTGCAGCTAGATA.1",7
"X1_CGAGTGCAGCTTAAGA.1",7
"X1_CGAGTGCAGGACAAGA.1",8
"X1_CGAGTGCAGGGCCCTT.1",8
"X1_CGAGTGCAGTAAGACT.1",1000
"X1_CGAGTGCAGTCACACT.1",1000
"X1_CGAGTGCAGTCTGGTT.1",8
"X1_CGAGTGCAGTTCATCG.1",3
"X1_CGAGTGCAGTTCCATG.1",8
"X1_CGAGTGCCAACTTCTT.1",5
"X1_CGAGTGCCACAACGTT.1",8
"X1_CGAGTGCCACCAGCGT.1",3
"X1_CGAGTGCCACCCTTAC.1",4
"X1_CGAGTGCCACCCTTGT.1",6
"X1_CGAGTGCCACCGTGCA.1",4
"X1_CGAGTGCCACGACGTC.1",3
"X1_CGAGTGCCAGGCTATT.1",8
"X1_CGAGTGCCAGTATTCG.1",8
"X1_CGAGTGCCATGCCGGT.1",8
"X1_CGAGTGCCATGGCTGC.1",4
"X1_CGAGTGCCATGTACGT.1",1
"X1_CGAGTGCGTACACGTT.1",7
"X1_CGAGTGCGTAGCACAG.1",8
"X1_CGAGTGCGTAGGCAAC.1",1000
"X1_CGAGTGCGTAGGCTCC.1",3
"X1_CGAGTGCGTATCGAAA.1",1000
"X1_CGAGTGCGTCAAACGG.1",3
"X1_CGAGTGCGTCAATCTG.1",1000
"X1_CGAGTGCGTCTGCGCA.1",7
"X1_CGAGTGCGTGACTGAG.1",1000
"X1_CGAGTGCGTGCACAAG.1",7
"X1_CGAGTGCGTGCGTCGT.1",4
"X1_CGAGTGCGTTCCCAAA.1",7
"X1_CGAGTGCTCAAGCCTA.1",1000
"X1_CGAGTGCTCAAGTGGG.1",6
"X1_CGAGTGCTCACCATAG.1",6
"X1_CGAGTGCTCACCTTAT.1",5
"X1_CGAGTGCTCGCTGCGA.1",3
"X1_CGAGTGCTCTTGAGCA.1",8
"X1_CGAGTTAAGAGCAGAA.1",8
"X1_CGAGTTAAGATCCAAA.1",0
"X1_CGAGTTAAGATGACAT.1",4
"X1_CGAGTTAAGCAGTACG.1",1000
"X1_CGAGTTAAGCGATTCT.1",1000
"X1_CGAGTTAAGCGCGTTC.1",1
"X1_CGAGTTAAGTGTTCAC.1",3
"X1_CGAGTTACAAGAAATC.1",1000
"X1_CGAGTTACACAACATC.1",1000
"X1_CGAGTTACAGACGCTC.1",1
"X1_CGAGTTACAGCGACCT.1",4
"X1_CGAGTTACAGGCATTT.1",3
"X1_CGAGTTACAGTCAGTT.1",7
"X1_CGAGTTACATATACCG.1",7
"X1_CGAGTTACATCCTGTC.1",4
"X1_CGAGTTACATCGAGCC.1",1000
"X1_CGAGTTACATGGAGAC.1",6
"X1_CGAGTTAGTAACATAG.1",8
"X1_CGAGTTAGTACCGTGC.1",1000
"X1_CGAGTTAGTAGTCACT.1",5
"X1_CGAGTTAGTATTCTCT.1",8
"X1_CGAGTTAGTCCACATA.1",8
"X1_CGAGTTAGTCCATACA.1",7
"X1_CGAGTTAGTTACCTTT.1",7
"X1_CGAGTTAGTTCAAGTC.1",1000
"X1_CGAGTTAGTTGCATAC.1",1
"X1_CGAGTTATCAACACCA.1",3
"X1_CGAGTTATCAAGTAAG.1",8
"X1_CGAGTTATCACATCAG.1",4
"X1_CGAGTTATCACCTACC.1",1000
"X1_CGAGTTATCAGACCCG.1",7
"X1_CGAGTTATCCACCCTA.1",4
"X1_CGAGTTATCCACGTGG.1",4
"X1_CGAGTTATCGGAGATG.1",6
"X1_CGAGTTATCTAGCCTC.1",5
"X1_CGAGTTATCTCTCTAA.1",2
"X1_CGATCGGAGACTGGGT.1",2
"X1_CGATCGGAGCACTTTG.1",4
"X1_CGATCGGAGCAGTCTT.1",5
"X1_CGATCGGAGCATCTTG.1",1000
"X1_CGATCGGAGGGTTGCA.1",8
"X1_CGATCGGAGTACCGGA.1",4
"X1_CGATCGGCAAACACCT.1",6
"X1_CGATCGGCAAAGCTAA.1",7
"X1_CGATCGGCAACACGAG.1",1000
"X1_CGATCGGCAACCGATT.1",0
"X1_CGATCGGCACTCCACT.1",1000
"X1_CGATCGGCAGAAGCGT.1",8
"X1_CGATCGGCAGCACAAG.1",2
"X1_CGATCGGCAGGTTCGC.1",8
"X1_CGATCGGCATCGTTCC.1",4
"X1_CGATCGGCATGACAGG.1",7
"X1_CGATCGGCATTGTGCA.1",0
"X1_CGATCGGGTACGACTT.1",2
"X1_CGATCGGGTATCGCAT.1",4
"X1_CGATCGGGTATTAAGG.1",2
"X1_CGATCGGGTCAAAGAT.1",4
"X1_CGATCGGGTCGCATCG.1",7
"X1_CGATCGGGTTCAAGGG.1",2
"X1_CGATCGGTCATCAGTG.1",6
"X1_CGATCGGTCGCTCATC.1",4
"X1_CGATCGGTCGGCCAAC.1",6
"X1_CGATCGGTCGTGTGGC.1",1000
"X1_CGATCGGTCTACCTTA.1",8
"X1_CGATCGGTCTTTGCGC.1",8
"X1_CGATGCGAGGAGTCTG.1",1000
"X1_CGATGCGAGGCTTCCG.1",8
"X1_CGATGCGAGGGCTTCC.1",1000
"X1_CGATGCGCAACACGAG.1",1000
"X1_CGATGCGCACACCTGG.1",8
"X1_CGATGCGCACGCGGTT.1",1000
"X1_CGATGCGCAGGATCTT.1",1000
"X1_CGATGCGCAGTGGCTC.1",1000
"X1_CGATGCGCATAGGCGA.1",4
"X1_CGATGCGCATCATTTC.1",7
"X1_CGATGCGCATTGTACG.1",8
"X1_CGATGCGGTAAGCAAT.1",4
"X1_CGATGCGGTACCTGTA.1",1000
"X1_CGATGCGGTACGCGTC.1",4
"X1_CGATGCGGTAGGGAGG.1",4
"X1_CGATGCGGTAGTGTGG.1",7
"X1_CGATGCGGTAGTTCCA.1",3
"X1_CGATGCGGTCAAGCCC.1",8
"X1_CGATGCGGTCACTCGG.1",7
"X1_CGATGCGGTGCCTACG.1",1
"X1_CGATGCGGTGGAAATT.1",1000
"X1_CGATGCGGTTCCGGTG.1",0
"X1_CGATGCGGTTGATCGT.1",4
"X1_CGATGCGGTTTCGATG.1",7
"X1_CGATGCGTCAACTTTC.1",0
"X1_CGATGCGTCCACTGGG.1",4
"X1_CGATGCGTCCTCTAAT.1",1000
"X1_CGATGCGTCCTTATCA.1",4
"X1_CGATGCGTCGACGCGT.1",1000
"X1_CGATGCGTCGCTGACG.1",7
"X1_CGATGCGTCGGCAGTC.1",3
"X1_CGATGCGTCTCCTGTG.1",8
"X1_CGATGCGTCTGAGTCA.1",4
"X1_CGATGCGTCTGGTTGA.1",4
"X1_CGATGGCAGACATCAA.1",1000
"X1_CGATGGCAGACGGTCA.1",1000
"X1_CGATGGCAGCCTCTCT.1",5
"X1_CGATGGCAGTCACGAG.1",1000
"X1_CGATGGCAGTGCAAAT.1",1000
"X1_CGATGGCAGTTGGAAT.1",7
"X1_CGATGGCAGTTTGTCG.1",5
"X1_CGATGGCCAACAAGAT.1",8
"X1_CGATGGCCAATTTCCT.1",8
"X1_CGATGGCCAGAATGTA.1",6
"X1_CGATGGCCAGAGCTAG.1",7
"X1_CGATGGCCAGCTGAAG.1",4
"X1_CGATGGCCAGTGCGCT.1",1
"X1_CGATGGCCATCCGTGG.1",3
"X1_CGATGGCCATGTTACG.1",3
"X1_CGATGGCGTAAGCGGT.1",1000
"X1_CGATGGCGTAGCGTCC.1",8
"X1_CGATGGCGTATGTGTC.1",4
"X1_CGATGGCGTCCAGGTC.1",5
"X1_CGATGGCGTCCGGTCA.1",4
"X1_CGATGGCGTCGAATGG.1",4
"X1_CGATGGCGTGGTAACG.1",1
"X1_CGATGGCGTGTGTCGC.1",1
"X1_CGATGGCGTTACACAC.1",4
"X1_CGATGGCGTTCCATTT.1",0
"X1_CGATGGCGTTCTGAGT.1",1000
"X1_CGATGGCTCACTGATG.1",7
"X1_CGATGGCTCAGCTGAT.1",1000
"X1_CGATGGCTCATTTGGG.1",1000
"X1_CGATGGCTCCTACCAC.1",1000
"X1_CGATGGCTCCTAGCCT.1",3
"X1_CGATGGCTCGCTCCTA.1",1
"X1_CGATGGCTCGGCATTA.1",4
"X1_CGATGGCTCTGGACCG.1",7
"X1_CGCAGGTAGAAATTGC.1",3
"X1_CGCAGGTAGCATTTGC.1",8
"X1_CGCAGGTAGCGAAACC.1",1000
"X1_CGCAGGTAGGGAGGTG.1",0
"X1_CGCAGGTAGGTCACCC.1",7
"X1_CGCAGGTAGTATTCCG.1",3
"X1_CGCAGGTAGTCACGCC.1",8
"X1_CGCAGGTCAAAGACGC.1",1000
"X1_CGCAGGTCAAATTAGG.1",1000
"X1_CGCAGGTCAACTCATG.1",5
"X1_CGCAGGTCAAGCCTGC.1",6
"X1_CGCAGGTCAATACCTG.1",1000
"X1_CGCAGGTCACAGACGA.1",1000
"X1_CGCAGGTCACCTTCGT.1",0
"X1_CGCAGGTCACGTAGTT.1",7
"X1_CGCAGGTCACTTCCTG.1",3
"X1_CGCAGGTCAGGCACTC.1",7
"X1_CGCAGGTCAGTCGGAA.1",3
"X1_CGCAGGTGTAAGGAGA.1",8
"X1_CGCAGGTGTACCTAAC.1",1
"X1_CGCAGGTGTATGTCAC.1",3
"X1_CGCAGGTGTCTAATCG.1",8
"X1_CGCAGGTGTGCAAGAC.1",7
"X1_CGCAGGTGTTTACTGG.1",3
"X1_CGCAGGTTCAGAGCGA.1",1000
"X1_CGCAGGTTCATTACGG.1",1000
"X1_CGCAGGTTCCAGTGCG.1",8
"X1_CGCAGGTTCCCTATTA.1",8
"X1_CGCAGGTTCCTTCTAA.1",1000
"X1_CGCAGGTTCGAAGAAT.1",8
"X1_CGCAGGTTCGAGAAGC.1",1000
"X1_CGCAGGTTCGTCTACC.1",0
"X1_CGCAGGTTCGTGCTCT.1",4
"X1_CGCAGGTTCTGGTGCG.1",7
"X1_CGCAGGTTCTTCCCGA.1",3
"X1_CGCATAAAGAAGTCTA.1",1000
"X1_CGCATAAAGATAGTGT.1",1000
"X1_CGCATAAAGCTACTGT.1",1000
"X1_CGCATAAAGCTCTATG.1",8
"X1_CGCATAACAAAGGTTA.1",1
"X1_CGCATAACAATCGCCG.1",1000
"X1_CGCATAACACGACAAG.1",1000
"X1_CGCATAACACGGAAGT.1",4
"X1_CGCATAACACGGTGTC.1",4
"X1_CGCATAACAGAGACTG.1",1000
"X1_CGCATAACAGGCACTC.1",8
"X1_CGCATAACATAACCCA.1",1000
"X1_CGCATAACATATGGCT.1",5
"X1_CGCATAACATCGGAGA.1",8
"X1_CGCATAACATGTGCCG.1",8
"X1_CGCATAAGTACGGATG.1",8
"X1_CGCATAAGTAGAGATT.1",1000
"X1_CGCATAAGTATGCAAA.1",1000
"X1_CGCATAAGTATGGAAT.1",1
"X1_CGCATAAGTCTGTCCT.1",8
"X1_CGCATAAGTGGTTTAC.1",5
"X1_CGCATAAGTTCAGTAC.1",8
"X1_CGCATAAGTTGCATTG.1",6
"X1_CGCATAATCAATCTTC.1",8
"X1_CGCATAATCATTGCCC.1",3
"X1_CGCATAATCCGCGATG.1",7
"X1_CGCATAATCGCGCTGA.1",8
"X1_CGCATAATCTCCCTAG.1",2
"X1_CGCATAATCTGAGAAA.1",4
"X1_CGCATAATCTGTCCCA.1",5
"X1_CGCATAATCTTCCACG.1",3
"X1_CGCATAATCTTTCCAA.1",7
"X1_CGCATGGAGACATAGT.1",5
"X1_CGCATGGAGACCTCAT.1",1000
"X1_CGCATGGAGATCGACG.1",8
"X1_CGCATGGAGCATCGAG.1",1000
"X1_CGCATGGAGCGGTAGT.1",1000
"X1_CGCATGGAGGAACGTC.1",6
"X1_CGCATGGAGGAAGTAG.1",5
"X1_CGCATGGAGTAGTCTC.1",5
"X1_CGCATGGAGTTGCGAG.1",7
"X1_CGCATGGCAAATGAGT.1",1000
"X1_CGCATGGCAACGGGTA.1",2
"X1_CGCATGGCAATACAGA.1",1000
"X1_CGCATGGCACCCTAAA.1",1000
"X1_CGCATGGCACGCGGTT.1",8
"X1_CGCATGGCACGGCGTT.1",3
"X1_CGCATGGCAGTCGCTG.1",8
"X1_CGCATGGCATGTGCTA.1",0
"X1_CGCATGGGTATCGTGT.1",1
"X1_CGCATGGGTATTAAGG.1",3
"X1_CGCATGGGTCATAAAG.1",6
"X1_CGCATGGGTCCAGCGT.1",8
"X1_CGCATGGGTGCCTATA.1",4
"X1_CGCATGGGTGTAACGG.1",2
"X1_CGCATGGGTTGCCGAC.1",0
"X1_CGCATGGGTTGTGCAT.1",1000
"X1_CGCATGGTCATTCTTG.1",6
"X1_CGCATGGTCGCATAGT.1",1000
"X1_CGCATGGTCGTCGGGT.1",8
"X1_CGCATGGTCTACACTT.1",4
"X1_CGCATGGTCTACCACC.1",5
"X1_CGCATGGTCTGTTGGA.1",0
"X1_CGCCAGAAGAGCAGAA.1",1
"X1_CGCCAGAAGCGCCCAT.1",2
"X1_CGCCAGAAGCGTACAG.1",4
"X1_CGCCAGAAGGACTAAT.1",7
"X1_CGCCAGAAGGAGTCTG.1",6
"X1_CGCCAGAAGGCTCAAG.1",7
"X1_CGCCAGAAGGTACAAT.1",1
"X1_CGCCAGACACAGAAGC.1",6
"X1_CGCCAGACACGACGCT.1",8
"X1_CGCCAGACACGTAGTT.1",1000
"X1_CGCCAGACAGGCATTT.1",1000
"X1_CGCCAGACAGGTTTAC.1",1000
"X1_CGCCAGACATGACTGT.1",4
"X1_CGCCAGACATGGCCCA.1",7
"X1_CGCCAGAGTATTCTCT.1",5
"X1_CGCCAGAGTCGCTGCA.1",8
"X1_CGCCAGATCATCTGTT.1",6
"X1_CGCCAGATCCATTTGT.1",7
"X1_CGCCAGATCCCATAAG.1",1000
"X1_CGCCAGATCCTCACTG.1",8
"X1_CGCCAGATCGCTACAA.1",3
"X1_CGCCAGATCTGGAAGG.1",8
"X1_CGCCAGATCTGGCTGG.1",1000
"X1_CGCCATTAGAACCGCA.1",8
"X1_CGCCATTAGACGACTG.1",2
"X1_CGCCATTAGAGTCCGA.1",1000
"X1_CGCCATTAGCTATCCA.1",1000
"X1_CGCCATTAGGTGCAGT.1",4
"X1_CGCCATTAGTAGATCA.1",1000
"X1_CGCCATTAGTCTTGGT.1",8
"X1_CGCCATTAGTGCTAGG.1",0
"X1_CGCCATTCAACCGCTG.1",5
"X1_CGCCATTCACAGAAGC.1",8
"X1_CGCCATTCACCGCTGA.1",7
"X1_CGCCATTCACTGTGTA.1",1000
"X1_CGCCATTCAGTCCGTG.1",4
"X1_CGCCATTGTACGCTAT.1",6
"X1_CGCCATTGTACTCGCG.1",7
"X1_CGCCATTGTATAGGGC.1",8
"X1_CGCCATTGTCAAAGCG.1",3
"X1_CGCCATTGTCATAAAG.1",0
"X1_CGCCATTGTCTGTTAG.1",6
"X1_CGCCATTGTTAAACCC.1",4
"X1_CGCCATTGTTAAGGGC.1",0
"X1_CGCCATTTCACCTGTC.1",7
"X1_CGCCATTTCGGCTCTT.1",1000
"X1_CGCCATTTCGTAACCA.1",1000
"X1_CGCCATTTCGTGGCTG.1",1000
"X1_CGCCATTTCTCATAGG.1",7
"X1_CGCCATTTCTCCGATC.1",3
"X1_CGCGTGAAGCAACAGC.1",3
"X1_CGCGTGAAGGCAGCTA.1",2
"X1_CGCGTGAAGTACAGCG.1",7
"X1_CGCGTGAAGTTGCCTA.1",1000
"X1_CGCGTGACAACGTTAC.1",7
"X1_CGCGTGACAATTGGTC.1",1000
"X1_CGCGTGACAGGGTTGA.1",3
"X1_CGCGTGACAGTGAGCA.1",3
"X1_CGCGTGACATAGCTGT.1",7
"X1_CGCGTGACATGAGATA.1",7
"X1_CGCGTGACATTGGCAT.1",7
"X1_CGCGTGAGTAGTAAGT.1",1000
"X1_CGCGTGAGTCATACCA.1",8
"X1_CGCGTGAGTCTGTTAG.1",4
"X1_CGCGTGAGTGTCACAT.1",7
"X1_CGCGTGAGTTAAGGAT.1",8
"X1_CGCGTGAGTTCCTAGA.1",8
"X1_CGCGTGAGTTCTTAGG.1",7
"X1_CGCGTGATCACCGACG.1",6
"X1_CGCGTGATCAGTAGGG.1",5
"X1_CGCGTGATCCACGTGG.1",7
"X1_CGCGTGATCCATTGCC.1",5
"X1_CGCGTGATCCCAGGAC.1",8
"X1_CGCGTGATCTAGCATG.1",8
"X1_CGCGTGATCTAGCCTC.1",1000
"X1_CGCGTGATCTGGGAGA.1",7
"X1_CGCGTGATCTTACGGA.1",3
"X1_CGCGTGATCTTCCGTG.1",7
"X1_CGGAACCAGACGGTCA.1",7
"X1_CGGAACCAGAGGATGA.1",1
"X1_CGGAACCAGAGGTCGT.1",3
"X1_CGGAACCAGCAAATGT.1",4
"X1_CGGAACCAGCCGCACT.1",1000
"X1_CGGAACCAGCTGTCCG.1",0
"X1_CGGAACCAGGTCCTGC.1",7
"X1_CGGAACCAGTGAGGCT.1",1000
"X1_CGGAACCAGTGGAATT.1",7
"X1_CGGAACCCAAATGGAT.1",7
"X1_CGGAACCCAACTCCCT.1",1000
"X1_CGGAACCCAAGAGGTC.1",8
"X1_CGGAACCCAAGCGGAT.1",1000
"X1_CGGAACCCAATCTAGC.1",4
"X1_CGGAACCCACCACATA.1",1
"X1_CGGAACCCAGAATCGG.1",4
"X1_CGGAACCCAGTCGGAA.1",5
"X1_CGGAACCCATAGCACT.1",1000
"X1_CGGAACCGTAACGATA.1",1000
"X1_CGGAACCGTAACGTTC.1",1000
"X1_CGGAACCGTACGTAGG.1",5
"X1_CGGAACCGTAGGATAT.1",4
"X1_CGGAACCGTAGGTAGC.1",1
"X1_CGGAACCGTATAGCTC.1",2
"X1_CGGAACCGTCGTGTTA.1",8
"X1_CGGAACCGTCGTTTCC.1",3
"X1_CGGAACCGTCTGATAC.1",8
"X1_CGGAACCGTGGAGGTT.1",0
"X1_CGGAACCGTTGGGACA.1",8
"X1_CGGAACCGTTGGGCCT.1",7
"X1_CGGAACCGTTGTTGCA.1",7
"X1_CGGAACCTCAAAGGTA.1",1000
"X1_CGGAACCTCATGGAGG.1",7
"X1_CGGAACCTCCAGCCTT.1",1000
"X1_CGGAACCTCGAAATCC.1",1000
"X1_CGGAACCTCGGTCATA.1",1
"X1_CGGAACCTCGTAGCTA.1",3
"X1_CGGAACCTCTATCACT.1",8
"X1_CGGAACCTCTCTTGCG.1",7
"X1_CGGAACCTCTTCTTCC.1",6
"X1_CGGAACCTCTTGTGCC.1",2
"X1_CGGAATTAGAGTGACC.1",1000
"X1_CGGAATTAGCCACAAG.1",4
"X1_CGGAATTAGCGTTAGG.1",4
"X1_CGGAATTAGCGTTCCG.1",3
"X1_CGGAATTAGCTCGGCT.1",2
"X1_CGGAATTAGGATTTGA.1",0
"X1_CGGAATTAGGCCTAAG.1",0
"X1_CGGAATTAGGCTTAAA.1",8
"X1_CGGAATTAGGGCAACT.1",1
"X1_CGGAATTAGGGCAGGA.1",1000
"X1_CGGAATTAGTGGCGAT.1",2
"X1_CGGAATTCAATGTCTG.1",8
"X1_CGGAATTCACATTACG.1",3
"X1_CGGAATTCACCGGCTA.1",2
"X1_CGGAATTCACTGGCCA.1",8
"X1_CGGAATTCACTTACAG.1",8
"X1_CGGAATTCATTCTCTA.1",1000
"X1_CGGAATTCATTGAAAG.1",5
"X1_CGGAATTGTAATACCC.1",6
"X1_CGGAATTGTACGACTT.1",7
"X1_CGGAATTGTATCGAGG.1",5
"X1_CGGAATTGTCACCTTC.1",4
"X1_CGGAATTGTGTAACGG.1",6
"X1_CGGAATTGTTAGAGTA.1",8
"X1_CGGAATTGTTTAAGGA.1",0
"X1_CGGAATTTCATCCCGT.1",6
"X1_CGGAATTTCATCGCAA.1",1000
"X1_CGGAATTTCCAAACCA.1",3
"X1_CGGAATTTCCTCTCGA.1",5
"X1_CGGAATTTCGAGAAAT.1",3
"X1_CGGAATTTCGCTAATG.1",5
"X1_CGGAATTTCTCCATAT.1",8
"X1_CGGAATTTCTCCTGCA.1",3
"X1_CGGAATTTCTTACCAT.1",2
"X1_CGGACACAGATGGCAC.1",1
"X1_CGGACACAGCAAATCA.1",2
"X1_CGGACACAGCGAACTG.1",1
"X1_CGGACACAGCTTGTGT.1",4
"X1_CGGACACAGGTTAAAC.1",8
"X1_CGGACACAGTGCCGAA.1",4
"X1_CGGACACAGTTCTACG.1",1000
"X1_CGGACACCAAAGAACT.1",1000
"X1_CGGACACCAAATCAGA.1",8
"X1_CGGACACCAACCGGAA.1",8
"X1_CGGACACCAATGCAAA.1",3
"X1_CGGACACCACATATGC.1",8
"X1_CGGACACCACGTGAGA.1",8
"X1_CGGACACCACGTGTGC.1",4
"X1_CGGACACCACTATCCC.1",8
"X1_CGGACACCACTCACTC.1",3
"X1_CGGACACCAGAATTCC.1",8
"X1_CGGACACCAGAGCGTA.1",4
"X1_CGGACACCATCAGCTA.1",7
"X1_CGGACACGTAACCCGC.1",4
"X1_CGGACACGTCCACTTC.1",3
"X1_CGGACACGTCGTTTCC.1",5
"X1_CGGACACGTGACTAAA.1",4
"X1_CGGACACGTGAGCTCC.1",1000
"X1_CGGACACGTGTCATCA.1",8
"X1_CGGACACGTTAGGGAC.1",1000
"X1_CGGACACGTTAGGGTG.1",8
"X1_CGGACACTCACGTAGT.1",4
"X1_CGGACACTCACTGTCC.1",8
"X1_CGGACACTCACTTATC.1",0
"X1_CGGACACTCCAACTAG.1",5
"X1_CGGACACTCCCTTTGG.1",4
"X1_CGGACACTCGGCCCAA.1",8
"X1_CGGACACTCTTACGGA.1",1000
"X1_CGGAGAAAGACCATAA.1",8
"X1_CGGAGAAAGCACTCTA.1",1000
"X1_CGGAGAAAGCATCAAA.1",8
"X1_CGGAGAAAGGATACGC.1",7
"X1_CGGAGAAAGGCATGGT.1",1000
"X1_CGGAGAAAGGTGTGAC.1",8
"X1_CGGAGAAAGTTGGCGA.1",4
"X1_CGGAGAAAGTTTGTCG.1",4
"X1_CGGAGAACAAATACGA.1",0
"X1_CGGAGAACAGACAATA.1",4
"X1_CGGAGAACAGGCACTC.1",7
"X1_CGGAGAACAGGTATGG.1",4
"X1_CGGAGAACAGTATTCG.1",1
"X1_CGGAGAACAGTGTATC.1",6
"X1_CGGAGAACATACATCG.1",7
"X1_CGGAGAACATCGGAGA.1",8
"X1_CGGAGAAGTAAGTCAA.1",7
"X1_CGGAGAAGTAGACGGT.1",1000
"X1_CGGAGAAGTAGCGATG.1",8
"X1_CGGAGAAGTGTAACGG.1",3
"X1_CGGAGAAGTGTCCATA.1",3
"X1_CGGAGAAGTTCGATTG.1",1000
"X1_CGGAGAAGTTGGGTTT.1",8
"X1_CGGAGAAGTTGTCATG.1",3
"X1_CGGAGAATCACACGAT.1",1000
"X1_CGGAGAATCACTGGTA.1",4
"X1_CGGAGAATCATCTGTT.1",6
"X1_CGGAGAATCCGATCTC.1",7
"X1_CGGAGAATCGCAGTCG.1",7
"X1_CGGAGAATCGGAAGGT.1",8
"X1_CGGAGAATCGTCAAAC.1",1000
"X1_CGGAGAATCGTCCTTG.1",6
"X1_CGGAGAATCTGTAAGC.1",5
"X1_CGGAGAATCTTAGCTT.1",5
"X1_CGGCAGTAGAAACCAT.1",4
"X1_CGGCAGTAGAGTTGAT.1",4
"X1_CGGCAGTAGGGAGAAT.1",1000
"X1_CGGCAGTAGTCAACAA.1",7
"X1_CGGCAGTCACATACTG.1",4
"X1_CGGCAGTCACATATGC.1",8
"X1_CGGCAGTCACCAGACC.1",3
"X1_CGGCAGTCACCTGCAG.1",6
"X1_CGGCAGTCAGAGCTAG.1",1000
"X1_CGGCAGTCATGACGGA.1",5
"X1_CGGCAGTGTATCCCAA.1",7
"X1_CGGCAGTGTATCGCTA.1",5
"X1_CGGCAGTGTATCTCGA.1",7
"X1_CGGCAGTGTCTTAGTG.1",5
"X1_CGGCAGTGTGACCGAA.1",3
"X1_CGGCAGTGTGTTTCTT.1",7
"X1_CGGCAGTGTTACCTGA.1",4
"X1_CGGCAGTGTTCAAGTC.1",1000
"X1_CGGCAGTGTTGCATCA.1",2
"X1_CGGCAGTGTTTGGAGG.1",1000
"X1_CGGCAGTTCCGACAGC.1",7
"X1_CGGCAGTTCTAGTCAG.1",8
"X1_CGGCAGTTCTCGGGAC.1",1000
"X1_CGGCAGTTCTGCAGCG.1",4
"X1_CGGGACTAGATTGATG.1",1
"X1_CGGGACTAGCCTGACC.1",4
"X1_CGGGACTAGGCCCAAA.1",8
"X1_CGGGACTAGGTCCCTG.1",1
"X1_CGGGACTAGTAGACAT.1",8
"X1_CGGGACTCAATGTGGG.1",1000
"X1_CGGGACTCACGACGAA.1",1
"X1_CGGGACTCAGTCAACT.1",8
"X1_CGGGACTCAGTCTTCC.1",1000
"X1_CGGGACTCATCGGATT.1",4
"X1_CGGGACTGTACAAAGT.1",8
"X1_CGGGACTGTATCAGCT.1",1000
"X1_CGGGACTGTATCGAGG.1",3
"X1_CGGGACTGTGAGGATC.1",7
"X1_CGGGACTGTTAGAAGT.1",0
"X1_CGGGACTGTTATAGAG.1",2
"X1_CGGGACTGTTGACTAC.1",5
"X1_CGGGACTGTTGGGAAC.1",8
"X1_CGGGACTTCATTCCTA.1",1000
"X1_CGGGACTTCCTCTCTT.1",7
"X1_CGGGACTTCGATTGGT.1",2
"X1_CGGGACTTCTCGTCAC.1",3
"X1_CGGGACTTCTTCGTAT.1",1000
"X1_CGGGCATAGACATGCG.1",4
"X1_CGGGCATAGACTGGGT.1",4
"X1_CGGGCATAGCATCGAG.1",2
"X1_CGGGCATAGCTGTTAC.1",8
"X1_CGGGCATAGGAGTATT.1",0
"X1_CGGGCATAGGTAATCA.1",1000
"X1_CGGGCATAGGTGCTAG.1",8
"X1_CGGGCATAGTTCATCG.1",7
"X1_CGGGCATCAAACTCTG.1",3
"X1_CGGGCATCAAATACGA.1",7
"X1_CGGGCATCAACGATCT.1",3
"X1_CGGGCATCAACGCATT.1",4
"X1_CGGGCATCAAGACTGG.1",4
"X1_CGGGCATCACTCAGAT.1",1000
"X1_CGGGCATCAGACGGAT.1",8
"X1_CGGGCATCAGCTGGTC.1",8
"X1_CGGGCATCAGGTCAAG.1",3
"X1_CGGGCATCAGTGGGTA.1",7
"X1_CGGGCATCATAGGTTC.1",6
"X1_CGGGCATCATAGTCGT.1",1000
"X1_CGGGCATCATCATTGG.1",1000
"X1_CGGGCATCATGTTTGG.1",8
"X1_CGGGCATGTACAATAG.1",1000
"X1_CGGGCATGTCACCCTT.1",7
"X1_CGGGCATGTCACTAGT.1",8
"X1_CGGGCATGTCAGTCGC.1",7
"X1_CGGGCATGTCGTCATA.1",5
"X1_CGGGCATGTGGGTTGA.1",8
"X1_CGGGCATGTTAAAGTG.1",3
"X1_CGGGCATGTTCGGTCG.1",8
"X1_CGGGCATGTTGGAGAC.1",1000
"X1_CGGGCATTCAACCTTT.1",5
"X1_CGGGCATTCACCGACG.1",1000
"X1_CGGGCATTCAGAATAG.1",4
"X1_CGGGCATTCCGATCTC.1",8
"X1_CGGGCATTCCTTATAC.1",3
"X1_CGGGCATTCGATCCAA.1",7
"X1_CGGGCATTCGCCGAGT.1",1000
"X1_CGGGCATTCGGAACTT.1",8
"X1_CGGGCATTCGTAGTGT.1",1000
"X1_CGGGCATTCTGGGCGT.1",8
"X1_CGGGTCAAGAAGATCT.1",6
"X1_CGGGTCAAGAAGGGAT.1",8
"X1_CGGGTCAAGAGCCCAA.1",2
"X1_CGGGTCAAGCTAAATG.1",1000
"X1_CGGGTCAAGCTCATAC.1",4
"X1_CGGGTCAAGCTGCGAA.1",8
"X1_CGGGTCAAGGCAGGTT.1",7
"X1_CGGGTCAAGGCATCTT.1",8
"X1_CGGGTCACAATACAGA.1",1000
"X1_CGGGTCACAATTGTGC.1",7
"X1_CGGGTCACACTGTCGG.1",3
"X1_CGGGTCACACTTTATC.1",4
"X1_CGGGTCACAGACTCTA.1",1000
"X1_CGGGTCACAGATTTCG.1",7
"X1_CGGGTCACATCCTTCG.1",8
"X1_CGGGTCACATGGGATG.1",6
"X1_CGGGTCACATGTGCCG.1",7
"X1_CGGGTCACATTGAGGG.1",1
"X1_CGGGTCAGTAGATTGA.1",6
"X1_CGGGTCAGTATCGTGT.1",3
"X1_CGGGTCAGTATGAGAT.1",2
"X1_CGGGTCAGTCCAAAGG.1",8
"X1_CGGGTCAGTGACTGTT.1",1000
"X1_CGGGTCAGTGCTATTG.1",1000
"X1_CGGGTCAGTTCAATCG.1",4
"X1_CGGGTCAGTTTCCATT.1",7
"X1_CGGGTCATCAACGAGG.1",3
"X1_CGGGTCATCCACAGCG.1",1
"X1_CGGGTCATCGCACTCT.1",4
"X1_CGGGTCATCGCTTAAG.1",2
"X1_CGGGTCATCGTACCTC.1",8
"X1_CGGGTCATCTCCATAT.1",7
"X1_CGGGTGTAGCAATAAC.1",1
"X1_CGGGTGTAGCACCCAC.1",8
"X1_CGGGTGTAGCATTGAA.1",1000
"X1_CGGGTGTAGGAGGCAG.1",2
"X1_CGGGTGTAGGATGTTA.1",8
"X1_CGGGTGTAGTACAGCG.1",6
"X1_CGGGTGTAGTACCCTA.1",1000
"X1_CGGGTGTAGTAGATCA.1",6
"X1_CGGGTGTCAATTCTTC.1",1000
"X1_CGGGTGTCACAACGTT.1",8
"X1_CGGGTGTCACACGGTC.1",6
"X1_CGGGTGTCACGACGCT.1",5
"X1_CGGGTGTCAGCGACAA.1",1000
"X1_CGGGTGTCATACAGCT.1",1000
"X1_CGGGTGTCATGTGGCC.1",6
"X1_CGGGTGTCATTGGCAT.1",7
"X1_CGGGTGTGTACGTGTT.1",7
"X1_CGGGTGTGTGAGCCAA.1",6
"X1_CGGGTGTGTTAGGAGC.1",1000
"X1_CGGGTGTGTTATTCCT.1",8
"X1_CGGGTGTGTTCCTAAG.1",1000
"X1_CGGGTGTGTTCGGGTC.1",1
"X1_CGGGTGTGTTGCCGCA.1",1000
"X1_CGGGTGTTCATACGGT.1",1000
"X1_CGGGTGTTCATCTGTT.1",4
"X1_CGGGTGTTCATTGAGC.1",1000
"X1_CGGGTGTTCCGCGGAT.1",8
"X1_CGGGTGTTCGTCTAAG.1",2
"X1_CGGGTGTTCTCGTGAA.1",1000
"X1_CGGGTGTTCTGACCCT.1",8
"X1_CGGTCAGAGCACCGAA.1",1000
"X1_CGGTCAGAGCTAATCC.1",1
"X1_CGGTCAGAGGATTCCT.1",1000
"X1_CGGTCAGAGGGCCTCT.1",7
"X1_CGGTCAGAGTATAGGT.1",1000
"X1_CGGTCAGAGTATGGAT.1",1000
"X1_CGGTCAGCAACAGAGC.1",1000
"X1_CGGTCAGCAATCGAAA.1",4
"X1_CGGTCAGCAATGTGGG.1",3
"X1_CGGTCAGCACAAGGTG.1",5
"X1_CGGTCAGCACGACAAG.1",4
"X1_CGGTCAGCACTCCTGT.1",1000
"X1_CGGTCAGCAGGATTCT.1",7
"X1_CGGTCAGCAGGTCCCA.1",4
"X1_CGGTCAGGTAAGTTAG.1",4
"X1_CGGTCAGGTATCCTTT.1",6
"X1_CGGTCAGGTCACTCTC.1",1000
"X1_CGGTCAGGTCCGGCAT.1",4
"X1_CGGTCAGGTCGCTGCA.1",2
"X1_CGGTCAGGTGTCATCA.1",1000
"X1_CGGTCAGGTGTCTTAG.1",3
"X1_CGGTCAGGTTATGGTC.1",7
"X1_CGGTCAGGTTATTCCT.1",7
"X1_CGGTCAGTCAAGTGGG.1",8
"X1_CGGTCAGTCAGATTGC.1",4
"X1_CGGTCAGTCCCTTGTG.1",6
"X1_CGGTCAGTCCTACAAG.1",6
"X1_CGGTCAGTCGCAGATT.1",8
"X1_CGGTCAGTCGCCGATG.1",8
"X1_CGGTCAGTCGTCCTTG.1",8
"X1_CGGTCAGTCTAATTCC.1",1000
"X1_CGGTCAGTCTCACCCA.1",3
"X1_CGGTCAGTCTCGAGTA.1",1000
"X1_CGGTCAGTCTTTCGAT.1",4
"X1_CGTAAGTAGACGGATC.1",4
"X1_CGTAAGTAGATCCGAG.1",8
"X1_CGTAAGTAGCCAGTAG.1",7
"X1_CGTAAGTAGCGACATG.1",4
"X1_CGTAAGTAGCGTATAA.1",8
"X1_CGTAAGTAGCTGAGTG.1",6
"X1_CGTAAGTAGGCGAACT.1",5
"X1_CGTAAGTAGTCTAGCT.1",7
"X1_CGTAAGTAGTTACGTC.1",1000
"X1_CGTAAGTCAAACGGCA.1",4
"X1_CGTAAGTCACAGTGAG.1",4
"X1_CGTAAGTCACATAGCT.1",4
"X1_CGTAAGTCACCGTCGA.1",1000
"X1_CGTAAGTCAGCTGTCG.1",4
"X1_CGTAAGTCAGCTTCGG.1",1000
"X1_CGTAAGTCAGTTAGGG.1",1000
"X1_CGTAAGTCATGAGGGT.1",8
"X1_CGTAAGTGTATGAAGT.1",1000
"X1_CGTAAGTGTCCTGGTG.1",1000
"X1_CGTAAGTGTCTTGCTC.1",1000
"X1_CGTAAGTGTGCATTTG.1",1000
"X1_CGTAAGTGTTCGGTCG.1",5
"X1_CGTAAGTGTTTGGCTA.1",8
"X1_CGTAAGTTCAGCTTGA.1",1
"X1_CGTAAGTTCATCGACA.1",6
"X1_CGTAAGTTCATGGTAC.1",4
"X1_CGTAAGTTCCTGCCAT.1",8
"X1_CGTAAGTTCTAAACGC.1",0
"X1_CGTAAGTTCTTACCGC.1",1000
"X1_CGTAATGAGAGGCCAT.1",1
"X1_CGTAATGAGATGTTCC.1",1
"X1_CGTAATGAGCGGTATG.1",1
"X1_CGTAATGAGGAACGCT.1",8
"X1_CGTAATGAGGAGTACC.1",7
"X1_CGTAATGAGGCTGTAG.1",6
"X1_CGTAATGAGTCCGCCA.1",1000
"X1_CGTAATGCAAATGGTA.1",1000
"X1_CGTAATGCAAGACAAT.1",8
"X1_CGTAATGCACACGGAA.1",8
"X1_CGTAATGCACAGGATG.1",1000
"X1_CGTAATGCACGGCACT.1",1000
"X1_CGTAATGCACTCCTTG.1",1
"X1_CGTAATGCAGAAGCTG.1",4
"X1_CGTAATGCAGACCAAG.1",8
"X1_CGTAATGCATCATCTT.1",1000
"X1_CGTAATGCATCCGTGG.1",1
"X1_CGTAATGCATGGTGGA.1",7
"X1_CGTAATGGTCACAGTT.1",5
"X1_CGTAATGGTCAGGCAA.1",1000
"X1_CGTAATGGTGAATATG.1",8
"X1_CGTAATGGTGAATTAG.1",4
"X1_CGTAATGGTGGGTTGA.1",3
"X1_CGTAATGGTGTCGATT.1",6
"X1_CGTAATGGTTACCGTA.1",8
"X1_CGTAATGGTTCTCCTG.1",1
"X1_CGTAATGTCAAAGGAT.1",8
"X1_CGTAATGTCAGGCGAA.1",8
"X1_CGTAATGTCCACAGCG.1",4
"X1_CGTAATGTCCCGAGGT.1",4
"X1_CGTAATGTCCGTGTGG.1",1000
"X1_CGTAATGTCCTATTGT.1",1000
"X1_CGTAATGTCCTATTTG.1",7
"X1_CGTAATGTCGGCTGTG.1",4
"X1_CGTAATGTCGTAGAGG.1",7
"X1_CGTAATGTCGTGCGAC.1",8
"X1_CGTAATGTCTACGGGC.1",4
"X1_CGTAATGTCTGTGCAA.1",7
"X1_CGTAGTAAGCAGTCTT.1",8
"X1_CGTAGTAAGCCATTCA.1",6
"X1_CGTAGTAAGGTCACTT.1",4
"X1_CGTAGTAAGTACTGGG.1",4
"X1_CGTAGTAAGTAGTGCG.1",7
"X1_CGTAGTAAGTTTGGCT.1",8
"X1_CGTAGTACAAACTGCT.1",3
"X1_CGTAGTACAAATGGCG.1",4
"X1_CGTAGTACAAGCCTGC.1",8
"X1_CGTAGTACATTCGGGC.1",4
"X1_CGTAGTAGTACAGAGC.1",1000
"X1_CGTAGTAGTACTCCCT.1",1000
"X1_CGTAGTAGTAGAGATT.1",8
"X1_CGTAGTAGTAGAGGAA.1",8
"X1_CGTAGTAGTCGTGGTC.1",7
"X1_CGTAGTAGTGGCTCTG.1",1
"X1_CGTAGTAGTGTTAGCT.1",7
"X1_CGTAGTAGTTCAAGGG.1",8
"X1_CGTAGTAGTTTAAGGA.1",4
"X1_CGTAGTATCAAGCTTG.1",3
"X1_CGTAGTATCAGTGATC.1",7
"X1_CGTAGTATCCACTAGA.1",8
"X1_CGTAGTATCCAGCCTT.1",8
"X1_CGTAGTATCGAAGCAG.1",7
"X1_CGTAGTATCGTCGCTT.1",4
"X1_CGTAGTATCTCGTCGT.1",4
"X1_CGTAGTATCTGATGGT.1",4
"X1_CGTAGTATCTGCATGA.1",4
"X1_CGTAGTATCTTCTGTA.1",7
"X1_CGTCAAAAGAGCGACT.1",4
"X1_CGTCAAAAGCAGCGAT.1",1
"X1_CGTCAAAAGCATGAAT.1",7
"X1_CGTCAAAAGCCACTCG.1",8
"X1_CGTCAAAAGCCAGACA.1",1000
"X1_CGTCAAAAGCTGCGAA.1",7
"X1_CGTCAAAAGGGAACAA.1",1000
"X1_CGTCAAAAGGGAGGGT.1",4
"X1_CGTCAAACAATCTAGC.1",1000
"X1_CGTCAAACACAACGCC.1",6
"X1_CGTCAAACACGGCCAT.1",1000
"X1_CGTCAAACATACCGTA.1",8
"X1_CGTCAAACATCGGATT.1",1
"X1_CGTCAAAGTAAGTTAG.1",0
"X1_CGTCAAAGTACCTAAC.1",1000
"X1_CGTCAAAGTATAGGGC.1",8
"X1_CGTCAAAGTCAAACGG.1",6
"X1_CGTCAAAGTCACGACC.1",1000
"X1_CGTCAAAGTCCAATCA.1",0
"X1_CGTCAAAGTCCCGGTA.1",8
"X1_CGTCAAAGTGACGCCT.1",8
"X1_CGTCAAAGTGAGAACC.1",8
"X1_CGTCAAAGTGGATACG.1",8
"X1_CGTCAAAGTGTCACAT.1",1000
"X1_CGTCAAATCATTTACC.1",4
"X1_CGTCAAATCCACTTCG.1",7
"X1_CGTCAAATCCAGTTCC.1",8
"X1_CGTCAAATCCGCTTAC.1",1
"X1_CGTCAAATCGATTGGT.1",7
"X1_CGTCAAATCGCCAACG.1",3
"X1_CGTCAAATCGTCGATA.1",4
"X1_CGTCAAATCTCCGCAT.1",8
"X1_CGTCAAATCTGCCTGT.1",7
"X1_CGTCAAATCTTCTAAC.1",8
"X1_CGTCCATAGAGCCGTA.1",1000
"X1_CGTCCATAGCCGTAAG.1",4
"X1_CGTCCATAGCTAATCC.1",7
"X1_CGTCCATAGGCCTAGA.1",4
"X1_CGTCCATAGGCTAAAT.1",8
"X1_CGTCCATAGGTGATAT.1",4
"X1_CGTCCATCAACGGCCT.1",4
"X1_CGTCCATCACGAGAAC.1",7
"X1_CGTCCATCACTGGACC.1",1000
"X1_CGTCCATCAGTATACC.1",1000
"X1_CGTCCATCATACAGCT.1",4
"X1_CGTCCATCATAGAAAC.1",0
"X1_CGTCCATGTACGGATG.1",3
"X1_CGTCCATGTACTCCGG.1",1000
"X1_CGTCCATGTAGCCCTG.1",7
"X1_CGTCCATGTATACCTG.1",8
"X1_CGTCCATGTCAGGAGT.1",3
"X1_CGTCCATGTCCGGCAT.1",4
"X1_CGTCCATGTGACTGAG.1",6
"X1_CGTCCATGTTGAAGTA.1",3
"X1_CGTCCATTCAAGGAGC.1",1000
"X1_CGTCCATTCAATCAGC.1",1000
"X1_CGTCCATTCACGGGAA.1",5
"X1_CGTCCATTCAGCCTCT.1",8
"X1_CGTCCATTCAGCTTGA.1",4
"X1_CGTCCATTCATTGCGA.1",5
"X1_CGTCCATTCCCGTAAA.1",1000
"X1_CGTCCATTCCGGTTCT.1",1000
"X1_CGTCCATTCTCTGGTC.1",3
"X1_CGTGAATAGACTCCGC.1",7
"X1_CGTGAATAGCGAATGC.1",8
"X1_CGTGAATAGCGCCATC.1",7
"X1_CGTGAATAGCGCCGTT.1",5
"X1_CGTGAATAGGAAAGTG.1",3
"X1_CGTGAATAGGTTCTTG.1",7
"X1_CGTGAATAGTCGAAGC.1",8
"X1_CGTGAATAGTTGGACG.1",7
"X1_CGTGAATCAAATGGTA.1",8
"X1_CGTGAATCAACAAAGT.1",1000
"X1_CGTGAATCAACCACAT.1",7
"X1_CGTGAATCAACTCCAA.1",1000
"X1_CGTGAATCAAGGATGC.1",1000
"X1_CGTGAATCAGGTGGAT.1",6
"X1_CGTGAATCAGTCGAGA.1",1000
"X1_CGTGAATGTATGAGAT.1",1000
"X1_CGTGAATGTCCATACA.1",1000
"X1_CGTGAATGTGAACCGA.1",4
"X1_CGTGAATGTGAATGAT.1",7
"X1_CGTGAATGTGCGTGCT.1",1000
"X1_CGTGAATGTGTGCCTG.1",8
"X1_CGTGAATGTTGGATCT.1",7
"X1_CGTGAATTCACCATGA.1",1
"X1_CGTGAATTCAGAGCAG.1",8
"X1_CGTGAATTCATCCTAT.1",4
"X1_CGTGAATTCCACAAGT.1",3
"X1_CGTGAATTCCATACTT.1",8
"X1_CGTGAATTCCTGGCTT.1",4
"X1_CGTGAATTCGTGTGAT.1",1000
"X1_CGTGAATTCTCTCTAA.1",7
"X1_CGTGATAAGACCATGG.1",8
"X1_CGTGATAAGCATTTCG.1",3
"X1_CGTGATAAGCCGTCGT.1",8
"X1_CGTGATAAGTACTCGT.1",4
"X1_CGTGATAAGTGCAAAT.1",1000
"X1_CGTGATACAAATGAGT.1",4
"X1_CGTGATACACCGTGGT.1",7
"X1_CGTGATACACCTATCC.1",7
"X1_CGTGATACACGGATCC.1",1000
"X1_CGTGATACATATGCGT.1",4
"X1_CGTGATACATCATCTT.1",2
"X1_CGTGATACATGGCTGC.1",1000
"X1_CGTGATAGTAGCTTTG.1",1000
"X1_CGTGATAGTATGTCCA.1",4
"X1_CGTGATAGTCCGAAGA.1",1
"X1_CGTGATAGTGCCTGAC.1",1000
"X1_CGTGATAGTGTCCATA.1",7
"X1_CGTGATAGTTAAGGAT.1",6
"X1_CGTGATAGTTCTGACA.1",7
"X1_CGTGATATCAACCGAT.1",4
"X1_CGTGATATCAACCTCC.1",7
"X1_CGTGATATCACTTGGA.1",8
"X1_CGTGATATCAGGTAAA.1",7
"X1_CGTGATATCCTCTCGA.1",8
"X1_CGTGATATCGAGAACG.1",1
"X1_CGTGATATCGTGCACG.1",5
"X1_CGTGATATCTACTCAT.1",1000
"X1_CGTGATATCTCGACGG.1",2
"X1_CGTGATATCTTCGACC.1",1000
"X1_CGTGCTTAGAGGCGTT.1",0
"X1_CGTGCTTAGCGGTATG.1",7
"X1_CGTGCTTAGGGTTAGC.1",2
"X1_CGTGCTTCAACACACT.1",5
"X1_CGTGCTTCAACTACGT.1",4
"X1_CGTGCTTCAAGTGACG.1",3
"X1_CGTGCTTCAATCAAGA.1",4
"X1_CGTGCTTCAGACGCTC.1",8
"X1_CGTGCTTCAGGTGTTT.1",6
"X1_CGTGCTTCAGGTTTAC.1",7
"X1_CGTGCTTCATCGCTCT.1",8
"X1_CGTGCTTCATGTCAGT.1",1000
"X1_CGTGCTTCATTCGGGC.1",1000
"X1_CGTGCTTGTACCACGC.1",3
"X1_CGTGCTTGTGGACAGT.1",1000
"X1_CGTGCTTGTGGCAGAT.1",8
"X1_CGTGCTTGTGGTAATA.1",0
"X1_CGTGCTTGTGTCATGT.1",7
"X1_CGTGCTTGTTAACCTG.1",6
"X1_CGTGCTTGTTGAAGTA.1",7
"X1_CGTGCTTTCACGGACC.1",1000
"X1_CGTGCTTTCATACGAC.1",3
"X1_CGTGCTTTCCCTCTCC.1",1000
"X1_CGTGCTTTCCGCAAAT.1",7
"X1_CGTGCTTTCCGTATGA.1",8
"X1_CGTGCTTTCGATGCAT.1",7
"X1_CGTGCTTTCGGACTTA.1",1000
"X1_CGTGCTTTCGTCTCAC.1",1
"X1_CGTGCTTTCTACTTCA.1",2
"X1_CGTGCTTTCTCGTGAA.1",1000
"X1_CGTGCTTTCTTTGCTA.1",2
"X1_CGTGTCTAGAGCCCAA.1",4
"X1_CGTGTCTAGCATCTTG.1",7
"X1_CGTGTCTAGGATATGT.1",1000
"X1_CGTGTCTAGGCGTCCT.1",8
"X1_CGTGTCTAGGGCCAAT.1",5
"X1_CGTGTCTAGGTGCTGA.1",7
"X1_CGTGTCTAGTACCCTA.1",5
"X1_CGTGTCTAGTACCGGA.1",1000
"X1_CGTGTCTCAACTGAAA.1",3
"X1_CGTGTCTCAAGGTCGA.1",3
"X1_CGTGTCTCAATAGGAT.1",1000
"X1_CGTGTCTCAATCGCGC.1",7
"X1_CGTGTCTCACTGCTTC.1",7
"X1_CGTGTCTCAGACACAG.1",4
"X1_CGTGTCTGTAACATAG.1",6
"X1_CGTGTCTGTAAGGTCG.1",8
"X1_CGTGTCTGTAGTGATA.1",2
"X1_CGTGTCTGTCATGACT.1",7
"X1_CGTGTCTGTGATTGGG.1",1000
"X1_CGTGTCTGTGCAATGG.1",1000
"X1_CGTGTCTGTGGTAATA.1",2
"X1_CGTGTCTGTGTCCGGT.1",7
"X1_CGTGTCTGTTCCACGG.1",1
"X1_CGTGTCTTCACTACGA.1",3
"X1_CGTGTCTTCATACAGC.1",3
"X1_CGTGTCTTCCTGTTAT.1",1000
"X1_CGTGTCTTCGGTTAGT.1",8
"X1_CGTGTCTTCGTACCTC.1",7
"X1_CGTGTCTTCTCTATAC.1",7
"X1_CGTGTCTTCTTCCGTG.1",1000
"X1_CGTTAGAAGAATAACC.1",1000
"X1_CGTTAGAAGACTGGGT.1",1000
"X1_CGTTAGAAGAGCATTA.1",7
"X1_CGTTAGAAGAGGACTC.1",1000
"X1_CGTTAGAAGCAGATAT.1",1000
"X1_CGTTAGAAGCAGCACA.1",3
"X1_CGTTAGAAGCCGTTGC.1",1000
"X1_CGTTAGAAGCGAATGC.1",1000
"X1_CGTTAGAAGCGAGGAG.1",5
"X1_CGTTAGAAGGAAACGA.1",1000
"X1_CGTTAGAAGGGACCAT.1",3
"X1_CGTTAGAAGTAGTGCG.1",7
"X1_CGTTAGAAGTCGAGGT.1",8
"X1_CGTTAGAAGTTCATCG.1",4
"X1_CGTTAGAAGTTCCGTA.1",1000
"X1_CGTTAGAAGTTGTAGA.1",8
"X1_CGTTAGACACGCGGTT.1",8
"X1_CGTTAGACACTTTAGG.1",7
"X1_CGTTAGACAGAATTCC.1",8
"X1_CGTTAGACATGAAAGT.1",1000
"X1_CGTTAGAGTAAGTTAG.1",4
"X1_CGTTAGAGTACGACAG.1",3
"X1_CGTTAGAGTAGAGGAA.1",7
"X1_CGTTAGAGTCATTCCC.1",4
"X1_CGTTAGAGTCCAGTTA.1",3
"X1_CGTTAGAGTCCGGTGT.1",1000
"X1_CGTTAGAGTCCTGTCT.1",1000
"X1_CGTTAGAGTCGCTCGA.1",1
"X1_CGTTAGAGTCTACGTA.1",1000
"X1_CGTTAGAGTGAGCGAT.1",3
"X1_CGTTAGAGTGGGACAT.1",5
"X1_CGTTAGAGTGGGTATG.1",8
"X1_CGTTAGAGTTGCTTGA.1",2
"X1_CGTTAGAGTTGGGACA.1",1000
"X1_CGTTAGATCAATCGGT.1",8
"X1_CGTTAGATCAGACAAA.1",7
"X1_CGTTAGATCATCGACA.1",8
"X1_CGTTAGATCATCGTAG.1",8
"X1_CGTTAGATCCATTGGA.1",4
"X1_CGTTAGATCCCTCGTA.1",8
"X1_CGTTAGATCGCAGATT.1",7
"X1_CGTTAGATCGCCAACG.1",8
"X1_CGTTAGATCGCGCCAA.1",7
"X1_CGTTAGATCGGTTGTA.1",7
"X1_CGTTAGATCTTCGTGC.1",1000
"X1_CGTTCTGAGACATCCT.1",7
"X1_CGTTCTGAGACGCTCC.1",8
"X1_CGTTCTGAGAGGGTGG.1",8
"X1_CGTTCTGAGCATTTGC.1",7
"X1_CGTTCTGAGCTCGAAG.1",7
"X1_CGTTCTGAGGACTAAT.1",1
"X1_CGTTCTGAGGATGAGA.1",8
"X1_CGTTCTGAGGCATTTC.1",4
"X1_CGTTCTGAGGGAGAAT.1",1000
"X1_CGTTCTGAGGTCTACT.1",8
"X1_CGTTCTGAGTCACTAC.1",1
"X1_CGTTCTGAGTGCCTCG.1",6
"X1_CGTTCTGAGTTCCATG.1",1000
"X1_CGTTCTGAGTTGCATC.1",1000
"X1_CGTTCTGAGTTGTAAG.1",1000
"X1_CGTTCTGCACATGGTT.1",5
"X1_CGTTCTGCACCTTCCA.1",7
"X1_CGTTCTGCACTGCACG.1",1000
"X1_CGTTCTGCAGAGTGTG.1",6
"X1_CGTTCTGCAGGTACGA.1",1000
"X1_CGTTCTGCATAATGAG.1",4
"X1_CGTTCTGCATCCCACT.1",1000
"X1_CGTTCTGCATGTGTCA.1",5
"X1_CGTTCTGGTACCTTCC.1",7
"X1_CGTTCTGGTACTCGAT.1",1000
"X1_CGTTCTGGTCAGTCGC.1",7
"X1_CGTTCTGGTCCAGCAC.1",4
"X1_CGTTCTGGTCGGCCTA.1",1000
"X1_CGTTCTGGTCTCGACG.1",1000
"X1_CGTTCTGGTGTAGTGG.1",4
"X1_CGTTCTGGTGTTAAAG.1",7
"X1_CGTTCTGGTTCTCACC.1",7
"X1_CGTTCTGGTTGTCCCT.1",2
"X1_CGTTCTGTCAAGATAG.1",7
"X1_CGTTCTGTCAAGGACG.1",0
"X1_CGTTCTGTCCACCTGT.1",1000
"X1_CGTTCTGTCCTTCTTC.1",2
"X1_CGTTCTGTCGCATTGA.1",7
"X1_CGTTCTGTCGTAGAGG.1",7
"X1_CGTTCTGTCTATGCCC.1",1000
"X1_CGTTGGGAGAAGGCTC.1",8
"X1_CGTTGGGAGCAGCCTC.1",8
"X1_CGTTGGGAGCGTGCTC.1",1000
"X1_CGTTGGGAGGAAAGGT.1",5
"X1_CGTTGGGAGGAACGCT.1",0
"X1_CGTTGGGAGGACTAAT.1",8
"X1_CGTTGGGAGGATTACA.1",1
"X1_CGTTGGGAGGGCCTCT.1",3
"X1_CGTTGGGAGTTTGAGA.1",1000
"X1_CGTTGGGCAAATGAAC.1",1000
"X1_CGTTGGGCAACTTGCA.1",1
"X1_CGTTGGGCAAGGTTGG.1",5
"X1_CGTTGGGCAATGAACA.1",5
"X1_CGTTGGGCACCATAAC.1",4
"X1_CGTTGGGCACGAGGAT.1",7
"X1_CGTTGGGCACTAGAGG.1",4
"X1_CGTTGGGCAGAAGCGT.1",8
"X1_CGTTGGGCAGCAGTCC.1",7
"X1_CGTTGGGCAGTGTACT.1",6
"X1_CGTTGGGCATACCAGT.1",3
"X1_CGTTGGGCATCTCATT.1",1000
"X1_CGTTGGGCATCTTTCA.1",1000
"X1_CGTTGGGCATGAAAGT.1",1000
"X1_CGTTGGGCATTATGCG.1",2
"X1_CGTTGGGGTATGGAGC.1",1000
"X1_CGTTGGGGTATTCCGA.1",1000
"X1_CGTTGGGGTGACAGCA.1",3
"X1_CGTTGGGGTGAGACCA.1",3
"X1_CGTTGGGGTGATTAGA.1",2
"X1_CGTTGGGGTGCGCTCA.1",1000
"X1_CGTTGGGGTGGATGAC.1",1000
"X1_CGTTGGGGTGTAACGG.1",3
"X1_CGTTGGGTCAACCTTT.1",1000
"X1_CGTTGGGTCAAGAGGC.1",6
"X1_CGTTGGGTCAATCTTC.1",4
"X1_CGTTGGGTCACCTACC.1",8
"X1_CGTTGGGTCCGCCTAT.1",7
"X1_CGTTGGGTCGCTAATG.1",1000
"X1_CGTTGGGTCTCGCGTT.1",1000
"X1_CGTTGGGTCTGTCAGA.1",1000
"X1_CGTTGGGTCTTCGATT.1",8
"X1_CTAACCCAGAATTCAG.1",8
"X1_CTAACCCAGACGGAAA.1",1000
"X1_CTAACCCAGAGTGACC.1",5
"X1_CTAACCCAGCCATCCG.1",7
"X1_CTAACCCAGCCTCACG.1",8
"X1_CTAACCCAGGATGTTA.1",1
"X1_CTAACCCAGTGATCGG.1",2
"X1_CTAACCCAGTGTTGAA.1",7
"X1_CTAACCCCAACAGATA.1",8
"X1_CTAACCCCAAGGGCAT.1",3
"X1_CTAACCCCACAAAGTA.1",8
"X1_CTAACCCCACAACGAG.1",1000
"X1_CTAACCCCACACAGAG.1",1000
"X1_CTAACCCCAGAACGCA.1",0
"X1_CTAACCCCAGAGGTAC.1",4
"X1_CTAACCCCAGCAGTCC.1",5
"X1_CTAACCCCATGAGATA.1",4
"X1_CTAACCCGTAAGGCTG.1",5
"X1_CTAACCCGTACTAGCT.1",5
"X1_CTAACCCGTCATGGCC.1",1000
"X1_CTAACCCGTCTACGTA.1",1000
"X1_CTAACCCGTCTCTCTG.1",7
"X1_CTAACCCGTGAATGAT.1",5
"X1_CTAACCCGTGCATGTT.1",6
"X1_CTAACCCGTGGGACAT.1",8
"X1_CTAACCCGTTGACGGA.1",3
"X1_CTAACCCTCAAAGCCT.1",1000
"X1_CTAACCCTCAAGCTTG.1",1000
"X1_CTAACCCTCCAATGCA.1",4
"X1_CTAACCCTCCGCATAA.1",1000
"X1_CTAACCCTCCTAGAGT.1",1000
"X1_CTAACCCTCCTTCTAA.1",4
"X1_CTAACCCTCGCAGTCG.1",4
"X1_CTAACCCTCGCTATTT.1",4
"X1_CTAACCCTCTAGAGCT.1",1
"X1_CTAACCCTCTAGTGAC.1",3
"X1_CTAACTTAGAAGATCT.1",1000
"X1_CTAACTTAGCCACAAG.1",6
"X1_CTAACTTAGCGTATGG.1",7
"X1_CTAACTTAGCTACAAA.1",7
"X1_CTAACTTAGCTCGACC.1",1000
"X1_CTAACTTAGCTCGGCT.1",1000
"X1_CTAACTTAGGATTTGA.1",7
"X1_CTAACTTAGGCTTCCG.1",4
"X1_CTAACTTAGGTTCAGG.1",7
"X1_CTAACTTAGGTTGACG.1",4
"X1_CTAACTTCAACACGTT.1",8
"X1_CTAACTTCAACACTAC.1",1
"X1_CTAACTTCAAGAGCTG.1",4
"X1_CTAACTTCACATTACG.1",7
"X1_CTAACTTCACGGTGCT.1",1
"X1_CTAACTTCAGAACATA.1",3
"X1_CTAACTTCAGAATCGG.1",4
"X1_CTAACTTCAGTCTTCC.1",1000
"X1_CTAACTTCATACACCA.1",8
"X1_CTAACTTCATACCATG.1",2
"X1_CTAACTTCATCTGCGG.1",8
"X1_CTAACTTCATGAATAG.1",7
"X1_CTAACTTCATGAGTAA.1",7
"X1_CTAACTTGTATCACGT.1",1
"X1_CTAACTTGTCTCGGGT.1",8
"X1_CTAACTTGTGCTATTG.1",1000
"X1_CTAACTTGTTTGGGAG.1",1
"X1_CTAACTTTCACGATAC.1",3
"X1_CTAACTTTCCGCAAAT.1",1000
"X1_CTAACTTTCCTCACTG.1",8
"X1_CTAACTTTCTCGTGGG.1",8
"X1_CTAACTTTCTGAGGTT.1",4
"X1_CTAAGTGAGACGTCGA.1",8
"X1_CTAAGTGAGGCACGAT.1",0
"X1_CTAAGTGAGGGACACT.1",1000
"X1_CTAAGTGCAAATCGGG.1",1000
"X1_CTAAGTGCAACCACGC.1",6
"X1_CTAAGTGCAACGATCT.1",8
"X1_CTAAGTGCACAGAGCA.1",4
"X1_CTAAGTGCACTCAGAT.1",1000
"X1_CTAAGTGCAGAATTCC.1",4
"X1_CTAAGTGCAGCGACAA.1",1000
"X1_CTAAGTGCAGTCACGC.1",3
"X1_CTAAGTGCAGTTACCA.1",8
"X1_CTAAGTGCATAGAGGC.1",8
"X1_CTAAGTGCATCATCCC.1",1000
"X1_CTAAGTGCATCGGATT.1",7
"X1_CTAAGTGCATGGAATA.1",8
"X1_CTAAGTGGTACCATAC.1",2
"X1_CTAAGTGGTATCGTTG.1",3
"X1_CTAAGTGGTCCGGATC.1",8
"X1_CTAAGTGGTCGGTGAA.1",1000
"X1_CTAAGTGGTGGCTGAA.1",1000
"X1_CTAAGTGGTTTGGAAA.1",1
"X1_CTAAGTGTCAAAGCCT.1",0
"X1_CTAAGTGTCACCTCAC.1",2
"X1_CTAAGTGTCACGGGAA.1",4
"X1_CTAAGTGTCAGATGCT.1",7
"X1_CTAAGTGTCAGCCTCT.1",8
"X1_CTAAGTGTCCGGGACT.1",8
"X1_CTAAGTGTCCTCTTTC.1",8
"X1_CTAAGTGTCGCCTTGT.1",5
"X1_CTAAGTGTCTCATGGA.1",1000
"X1_CTACAGAAGATGCGAC.1",3
"X1_CTACAGAAGCCATATC.1",8
"X1_CTACAGAAGGCGAACT.1",5
"X1_CTACAGAAGTCACAGG.1",1000
"X1_CTACAGAAGTCGAAAT.1",7
"X1_CTACAGAAGTCGCTAT.1",4
"X1_CTACAGAAGTGTACCT.1",1
"X1_CTACAGACAAGCGCAA.1",3
"X1_CTACAGACAATACGCT.1",8
"X1_CTACAGACACCGCTGA.1",2
"X1_CTACAGACACCTCAGG.1",5
"X1_CTACAGACACTTCAAG.1",8
"X1_CTACAGACAGACCGCT.1",1
"X1_CTACAGACAGAGATTA.1",2
"X1_CTACAGACAGAGGGTT.1",4
"X1_CTACAGACAGTATTCG.1",2
"X1_CTACAGACAGTCGTTA.1",8
"X1_CTACAGACATCTCGTC.1",1000
"X1_CTACAGACATGACACT.1",8
"X1_CTACAGAGTAGCTAAA.1",4
"X1_CTACAGAGTAGGAGGG.1",7
"X1_CTACAGAGTAGGGTAC.1",1000
"X1_CTACAGAGTCCACTCT.1",4
"X1_CTACAGAGTCTCAGAT.1",8
"X1_CTACAGAGTCTTGAGT.1",4
"X1_CTACAGAGTTATCTTC.1",8
"X1_CTACAGAGTTCAGCGC.1",4
"X1_CTACAGAGTTGGGTAG.1",8
"X1_CTACAGATCAACTACG.1",1000
"X1_CTACAGATCAAGTAAG.1",7
"X1_CTACAGATCACACGAT.1",1000
"X1_CTACAGATCAGCTTGA.1",8
"X1_CTACAGATCCACGGGT.1",1
"X1_CTACAGATCCATTGGA.1",1000
"X1_CTACAGATCCGTGTAA.1",4
"X1_CTACAGATCGAAGAAT.1",4
"X1_CTACATTAGAGATGCC.1",1000
"X1_CTACATTAGATCGACG.1",8
"X1_CTACATTAGATCGCTT.1",7
"X1_CTACATTAGATTGAGT.1",7
"X1_CTACATTAGCCTCTGG.1",8
"X1_CTACATTAGCCTTTCC.1",4
"X1_CTACATTAGCTTACGT.1",1
"X1_CTACATTAGGCACAAC.1",4
"X1_CTACATTAGGCTATCT.1",6
"X1_CTACATTAGGGTGGGA.1",8
"X1_CTACATTAGGTGCTAG.1",8
"X1_CTACATTAGTTACGAA.1",4
"X1_CTACATTAGTTACGGG.1",1000
"X1_CTACATTCAACCCTAA.1",2
"X1_CTACATTCAAGACCGA.1",1000
"X1_CTACATTCAATCCTTT.1",1000
"X1_CTACATTCACCGTCTT.1",8
"X1_CTACATTCAGACACAG.1",7
"X1_CTACATTGTACGGTTT.1",7
"X1_CTACATTGTAGGACTG.1",7
"X1_CTACATTGTCAAGCGA.1",0
"X1_CTACATTGTCATATGC.1",2
"X1_CTACATTGTCTCGGAC.1",8
"X1_CTACATTGTGAACGGT.1",5
"X1_CTACATTTCACCATAG.1",1000
"X1_CTACATTTCATCCCGT.1",1000
"X1_CTACATTTCATGCAGT.1",3
"X1_CTACATTTCCATTGGA.1",7
"X1_CTACATTTCCGTTTCG.1",1000
"X1_CTACATTTCCTGGTCT.1",1000
"X1_CTACATTTCTGGAAGG.1",1000
"X1_CTACCCAAGACGACTG.1",1000
"X1_CTACCCAAGATAGTGT.1",1000
"X1_CTACCCAAGCCGCACT.1",4
"X1_CTACCCAAGCCTTCTC.1",6
"X1_CTACCCAAGCTCAGAG.1",2
"X1_CTACCCAAGGCAATGC.1",4
"X1_CTACCCAAGGGATCTG.1",4
"X1_CTACCCAAGTATGTAG.1",1
"X1_CTACCCAAGTGAACAT.1",5
"X1_CTACCCAAGTGCACCC.1",4
"X1_CTACCCACAAGAGTTA.1",7
"X1_CTACCCACACACACTA.1",1
"X1_CTACCCACACCGTGCA.1",1000
"X1_CTACCCACACGGTGAA.1",4
"X1_CTACCCACAGAATTCC.1",7
"X1_CTACCCACAGCACACC.1",7
"X1_CTACCCACAGCGTTGC.1",3
"X1_CTACCCACAGCTTTGA.1",2
"X1_CTACCCACATCGCTAA.1",7
"X1_CTACCCACATTCATCT.1",3
"X1_CTACCCAGTACGGCAA.1",1000
"X1_CTACCCAGTAGTGCGA.1",4
"X1_CTACCCAGTCAACCTA.1",7
"X1_CTACCCAGTCCATCTC.1",5
"X1_CTACCCAGTGAATGTA.1",8
"X1_CTACCCAGTGTTCGTA.1",0
"X1_CTACCCAGTTGTAGCT.1",1000
"X1_CTACCCAGTTTCAGAC.1",8
"X1_CTACCCATCAATCGGT.1",3
"X1_CTACCCATCATCGACA.1",1000
"X1_CTACCCATCATGAGGG.1",8
"X1_CTACCCATCCGCAACG.1",1000
"X1_CTACCCATCGAACCAT.1",8
"X1_CTACCTGAGAATAACC.1",8
"X1_CTACCTGAGACTAAGT.1",8
"X1_CTACCTGAGGTTGAGC.1",4
"X1_CTACCTGCAACCCTAA.1",1000
"X1_CTACCTGCAACTCCAA.1",1000
"X1_CTACCTGCAAGAAACT.1",7
"X1_CTACCTGCAGAGTTGG.1",8
"X1_CTACCTGCAGTGCCTG.1",1
"X1_CTACCTGGTCGGAACA.1",8
"X1_CTACCTGGTGCTCTTC.1",1000
"X1_CTACCTGGTTGGTAGG.1",1000
"X1_CTACCTGTCAAAGCCT.1",8
"X1_CTACCTGTCACATACG.1",4
"X1_CTACCTGTCAGCTAGT.1",4
"X1_CTACCTGTCCATTGCC.1",3
"X1_CTACCTGTCCATTTCA.1",4
"X1_CTACCTGTCCCTATTA.1",5
"X1_CTACCTGTCCTAACAG.1",1000
"X1_CTACCTGTCGAGGCAA.1",2
"X1_CTACCTGTCTCACGAA.1",8
"X1_CTACCTGTCTCCCAAC.1",8
"X1_CTACCTGTCTTACACT.1",1000
"X1_CTACGGGAGAAGCGAA.1",1000
"X1_CTACGGGAGAGTGGCT.1",1000
"X1_CTACGGGAGAGTTCGG.1",1000
"X1_CTACGGGAGCAAGTGC.1",8
"X1_CTACGGGAGCAGGCTA.1",1000
"X1_CTACGGGAGCCATTGT.1",1000
"X1_CTACGGGAGGAAGTAG.1",0
"X1_CTACGGGAGGTGGCTA.1",1
"X1_CTACGGGAGTATCCTG.1",4
"X1_CTACGGGCAACTCCAA.1",7
"X1_CTACGGGCAAGCACAG.1",1
"X1_CTACGGGCAAGGTCGA.1",8
"X1_CTACGGGCACAAAGCG.1",3
"X1_CTACGGGCAGTTACCA.1",1000
"X1_CTACGGGGTAGACGTG.1",2
"X1_CTACGGGGTAGCTGTT.1",1000
"X1_CTACGGGGTCACTAGT.1",5
"X1_CTACGGGGTCATCGCG.1",6
"X1_CTACGGGGTCGAGTTT.1",1000
"X1_CTACGGGGTCTTGCGG.1",8
"X1_CTACGGGGTGCACGCT.1",3
"X1_CTACGGGGTGGCCACT.1",8
"X1_CTACGGGGTTGTATGC.1",2
"X1_CTACGGGTCAAAGGTA.1",4
"X1_CTACGGGTCAACTGGT.1",4
"X1_CTACGGGTCCATCTCG.1",2
"X1_CTACGGGTCGTAGCCG.1",1000
"X1_CTACGGGTCTGAGAAA.1",3
"X1_CTACGGGTCTGTCCCA.1",7
"X1_CTACTATAGATCACCT.1",8
"X1_CTACTATAGCAATTAG.1",1000
"X1_CTACTATAGCGTCAGA.1",5
"X1_CTACTATAGGTTCATC.1",0
"X1_CTACTATAGTCGTCTA.1",4
"X1_CTACTATAGTTCATGC.1",3
"X1_CTACTATCAAGCTACT.1",5
"X1_CTACTATCACAAGTTC.1",1000
"X1_CTACTATCACGCTTAA.1",1
"X1_CTACTATCACTCACTC.1",4
"X1_CTACTATCAGACCTGC.1",7
"X1_CTACTATCAGAGCTAG.1",1000
"X1_CTACTATCAGAGGTAC.1",3
"X1_CTACTATCATACTGAC.1",4
"X1_CTACTATCATCTATCT.1",1000
"X1_CTACTATCATGGGATG.1",2
"X1_CTACTATGTAGTTACC.1",1000
"X1_CTACTATGTCGTTGGC.1",5
"X1_CTACTATGTCTGTGGC.1",1
"X1_CTACTATGTGGAATGC.1",4
"X1_CTACTATGTGGATTTC.1",1000
"X1_CTACTATGTTAGCTAC.1",1
"X1_CTACTATGTTCTCTCG.1",7
"X1_CTACTATGTTGATGTC.1",2
"X1_CTACTATGTTGTCATG.1",8
"X1_CTACTATGTTTGATCG.1",8
"X1_CTACTATTCAACTACG.1",1000
"X1_CTACTATTCACTCTTA.1",1000
"X1_CTACTATTCCAAGGGA.1",7
"X1_CTACTATTCCGTGTGG.1",2
"X1_CTACTATTCCTGTAAG.1",7
"X1_CTACTATTCGAGAGAC.1",1000
"X1_CTACTATTCGATACAC.1",3
"X1_CTACTATTCGATGCTA.1",1000
"X1_CTACTATTCTACCTTA.1",6
"X1_CTACTATTCTATGTGG.1",8
"X1_CTACTATTCTATTTCG.1",1
"X1_CTACTATTCTCCCATG.1",4
"X1_CTACTATTCTGCCTCA.1",1
"X1_CTACTATTCTTCTCAA.1",4
"X1_CTAGACAAGAACGCGT.1",3
"X1_CTAGACAAGAATTGTG.1",3
"X1_CTAGACAAGACTCGAG.1",1000
"X1_CTAGACAAGCAATTCC.1",0
"X1_CTAGACAAGCTCTTCC.1",4
"X1_CTAGACAAGCTGGAGT.1",7
"X1_CTAGACAAGGAGCTGT.1",2
"X1_CTAGACAAGGATCACG.1",7
"X1_CTAGACAAGTAAGAGG.1",4
"X1_CTAGACAAGTATGAAC.1",0
"X1_CTAGACAAGTCACGAG.1",8
"X1_CTAGACACAACCCGCA.1",8
"X1_CTAGACACAAGGTTGG.1",4
"X1_CTAGACACACTAGGCC.1",6
"X1_CTAGACACAGAAACCG.1",4
"X1_CTAGACACAGAGTGAC.1",4
"X1_CTAGACACAGCGAGTA.1",5
"X1_CTAGACACAGGATGAC.1",6
"X1_CTAGACACAGTCAGTT.1",7
"X1_CTAGACACATCACAGT.1",7
"X1_CTAGACACATCCTATT.1",7
"X1_CTAGACACATGAGTAA.1",2
"X1_CTAGACAGTCTCTCTG.1",8
"X1_CTAGACAGTCTTCGAA.1",8
"X1_CTAGACAGTGGCACTC.1",4
"X1_CTAGACAGTGGTACAG.1",6
"X1_CTAGACAGTTCGAGCC.1",7
"X1_CTAGACAGTTCGGCCA.1",6
"X1_CTAGACAGTTCGTTCC.1",8
"X1_CTAGACAGTTGACTGT.1",7
"X1_CTAGACAGTTGGAGGT.1",1000
"X1_CTAGACATCACCATCC.1",8
"X1_CTAGACATCATGCCCT.1",7
"X1_CTAGACATCATTCACT.1",4
"X1_CTAGACATCATTGGTG.1",5
"X1_CTAGACATCCCGGTAG.1",3
"X1_CTAGACATCCGCTAGG.1",8
"X1_CTAGACATCGCCTTGT.1",2
"X1_CTAGACATCTCCATAT.1",1000
"X1_CTAGACATCTCCCATG.1",1000
"X1_CTAGGTAAGCCGAACA.1",5
"X1_CTAGGTAAGCGTGAAC.1",1000
"X1_CTAGGTAAGCTTACGT.1",8
"X1_CTAGGTAAGGTAATCA.1",4
"X1_CTAGGTAAGGTCGTAG.1",8
"X1_CTAGGTAAGGTGGGTT.1",6
"X1_CTAGGTAAGTAGGGTC.1",4
"X1_CTAGGTACAAGGTCGA.1",8
"X1_CTAGGTACAATCGCAT.1",0
"X1_CTAGGTACAATTAGGA.1",8
"X1_CTAGGTACACGATTCA.1",1000
"X1_CTAGGTACAGCGGTTC.1",4
"X1_CTAGGTACAGGAAGTC.1",7
"X1_CTAGGTACAGGCCTGT.1",1000
"X1_CTAGGTACAGGGAGAG.1",7
"X1_CTAGGTACATCTCGTC.1",4
"X1_CTAGGTACATGCCGCA.1",1000
"X1_CTAGGTAGTAAGGCTG.1",1000
"X1_CTAGGTAGTATCGGTT.1",8
"X1_CTAGGTAGTCGTATGT.1",8
"X1_CTAGGTAGTGAGACCA.1",7
"X1_CTAGGTAGTGGTAATA.1",7
"X1_CTAGGTAGTGTACAGG.1",8
"X1_CTAGGTAGTTCAGTAC.1",8
"X1_CTAGGTATCACTAGCA.1",2
"X1_CTAGGTATCATTCATC.1",8
"X1_CTAGGTATCCTCCACA.1",4
"X1_CTAGGTATCTAATTCC.1",7
"X1_CTAGGTATCTAGCCAA.1",4
"X1_CTAGGTATCTCTGACC.1",4
"X1_CTATAGGAGAACTGAT.1",4
"X1_CTATAGGAGAGTGACC.1",2
"X1_CTATAGGAGCCGCTTG.1",4
"X1_CTATAGGAGCCTGCCA.1",4
"X1_CTATAGGAGCTAGAGC.1",1000
"X1_CTATAGGAGCTGGCCT.1",1000
"X1_CTATAGGAGGAATCGC.1",4
"X1_CTATAGGAGGCGCTCT.1",7
"X1_CTATAGGAGGTGAGCT.1",4
"X1_CTATAGGAGTATGGCG.1",1
"X1_CTATAGGCAACTAGAA.1",1000
"X1_CTATAGGCAAGACAAT.1",2
"X1_CTATAGGCAAGTACCT.1",2
"X1_CTATAGGCAATTGTGC.1",4
"X1_CTATAGGCACAGCCTG.1",6
"X1_CTATAGGCACATGGTT.1",1000
"X1_CTATAGGCATGAAGCG.1",8
"X1_CTATAGGCATGTGACT.1",3
"X1_CTATAGGCATTCAGGT.1",6
"X1_CTATAGGGTCAAGGCA.1",5
"X1_CTATAGGGTCATAACC.1",1000
"X1_CTATAGGGTCCTATAG.1",1000
"X1_CTATAGGGTGAACGGT.1",1000
"X1_CTATAGGGTGAAGCTG.1",1
"X1_CTATAGGGTGAGATCG.1",7
"X1_CTATAGGGTGGATGAC.1",3
"X1_CTATAGGGTTGGAGGT.1",5
"X1_CTATAGGTCACAAGGG.1",7
"X1_CTATAGGTCACATCAG.1",8
"X1_CTATAGGTCACCTCGT.1",1000
"X1_CTATAGGTCATCCTAT.1",2
"X1_CTATAGGTCATCTCTA.1",1000
"X1_CTATAGGTCATGCGGC.1",4
"X1_CTATAGGTCCAAGAGG.1",1000
"X1_CTATAGGTCCAATCCC.1",4
"X1_CTATAGGTCCAGTTCC.1",2
"X1_CTATAGGTCCATTGGA.1",8
"X1_CTATAGGTCGACCATA.1",1000
"X1_CTATAGGTCGACGCGT.1",3
"X1_CTATAGGTCGGACTTA.1",7
"X1_CTATAGGTCTTTGCTA.1",1000
"X1_CTATCCGAGAAATCCA.1",4
"X1_CTATCCGAGAAATTCG.1",8
"X1_CTATCCGAGGACTAAT.1",1000
"X1_CTATCCGAGGCATTTC.1",8
"X1_CTATCCGAGGTCATTC.1",0
"X1_CTATCCGAGTATAGAC.1",1000
"X1_CTATCCGAGTCACGAG.1",4
"X1_CTATCCGAGTCTTGGT.1",5
"X1_CTATCCGAGTGCAAAT.1",1000
"X1_CTATCCGCAAAGACTA.1",7
"X1_CTATCCGCAAGACCTT.1",4
"X1_CTATCCGCACGATAGG.1",6
"X1_CTATCCGCACTAACCA.1",1000
"X1_CTATCCGCAGAGTCAG.1",1000
"X1_CTATCCGCAGTCACGC.1",7
"X1_CTATCCGGTATAGCTC.1",3
"X1_CTATCCGGTATGGGAC.1",1
"X1_CTATCCGGTCTACTGA.1",6
"X1_CTATCCGGTGAATTAG.1",0
"X1_CTATCCGGTGTAAACA.1",8
"X1_CTATCCGGTTCCGGTG.1",4
"X1_CTATCCGTCACTCACC.1",4
"X1_CTATCCGTCCCTATTA.1",1000
"X1_CTATCCGTCCGCTGTT.1",8
"X1_CTATCCGTCCTGGGTG.1",4
"X1_CTATCCGTCCTTCTAA.1",5
"X1_CTATCCGTCTCAGAAC.1",5
"X1_CTATCTAAGACTACGG.1",1000
"X1_CTATCTAAGCACCGTC.1",7
"X1_CTATCTAAGCGATGCA.1",1000
"X1_CTATCTAAGCTACTAC.1",8
"X1_CTATCTAAGGATGAGA.1",8
"X1_CTATCTAAGGCCTAAG.1",4
"X1_CTATCTAAGGGCAATC.1",6
"X1_CTATCTACAACGTATC.1",6
"X1_CTATCTACAATTAGGA.1",4
"X1_CTATCTACAATTGCAC.1",1000
"X1_CTATCTACATCATCTT.1",8
"X1_CTATCTAGTGAATGTA.1",0
"X1_CTATCTAGTGTATACC.1",1000
"X1_CTATCTAGTTAAGGGC.1",8
"X1_CTATCTAGTTATCCAG.1",6
"X1_CTATCTATCATGCGGC.1",4
"X1_CTATCTATCCACGTCT.1",5
"X1_CTATCTATCCTACCGT.1",8
"X1_CTATCTATCGCTAAAC.1",5
"X1_CTATCTATCGGTCAGC.1",8
"X1_CTATCTATCTCACGAA.1",7
"X1_CTATCTATCTGTCGTC.1",4
"X1_CTCAACCAGACAGCTG.1",0
"X1_CTCAACCAGCAAGTCG.1",0
"X1_CTCAACCAGTGCCGAA.1",2
"X1_CTCAACCCAACACACT.1",8
"X1_CTCAACCCACCTGCTT.1",4
"X1_CTCAACCCAGACAATA.1",4
"X1_CTCAACCCAGGAGACT.1",8
"X1_CTCAACCCAGGTTACT.1",1000
"X1_CTCAACCCATGGACAG.1",1000
"X1_CTCAACCCATTCTGTT.1",7
"X1_CTCAACCGTAGGCTGA.1",7
"X1_CTCAACCGTCACAGAG.1",1000
"X1_CTCAACCGTCCTTGTC.1",4
"X1_CTCAACCGTGCATCTA.1",1000
"X1_CTCAACCGTGCCGTTG.1",1000
"X1_CTCAACCGTTGTAAAG.1",2
"X1_CTCAACCGTTTCGACA.1",1000
"X1_CTCAACCTCAGGACAG.1",7
"X1_CTCAACCTCCCAGGAC.1",8
"X1_CTCAACCTCCTGGTCT.1",0
"X1_CTCAACCTCGGAGATG.1",1000
"X1_CTCAACCTCGTACCTC.1",1000
"X1_CTCAACCTCGTGTGAT.1",1000
"X1_CTCAACCTCTCTAAGG.1",6
"X1_CTCAACCTCTTAGCCC.1",4
"X1_CTCAAGAAGACGCAGT.1",1000
"X1_CTCAAGAAGATAGCAT.1",7
"X1_CTCAAGAAGCAACAGC.1",1000
"X1_CTCAAGAAGCAATTCC.1",1000
"X1_CTCAAGAAGCGATGAC.1",2
"X1_CTCAAGAAGCGGACAT.1",2
"X1_CTCAAGAAGCGGGTAT.1",2
"X1_CTCAAGAAGGCCTTCG.1",3
"X1_CTCAAGAAGGGCTTCC.1",8
"X1_CTCAAGAAGTAACCTC.1",1000
"X1_CTCAAGAAGTGGTGAC.1",6
"X1_CTCAAGACAAATCAGA.1",1000
"X1_CTCAAGACACACCGAC.1",2
"X1_CTCAAGACACATCCCT.1",8
"X1_CTCAAGACAGCAGTAG.1",1000
"X1_CTCAAGACAGTAGTTC.1",4
"X1_CTCAAGACAGTATTCG.1",7
"X1_CTCAAGACAGTCGCTG.1",1
"X1_CTCAAGACATCAGCAT.1",4
"X1_CTCAAGACATCCAATG.1",8
"X1_CTCAAGAGTAACGTTC.1",1000
"X1_CTCAAGAGTACGATCT.1",8
"X1_CTCAAGAGTATCGTGT.1",3
"X1_CTCAAGAGTCGAGTGA.1",1000
"X1_CTCAAGAGTCGTGATT.1",1000
"X1_CTCAAGAGTTGCTCGG.1",1000
"X1_CTCAAGAGTTTCCATT.1",2
"X1_CTCAAGATCAACTCTT.1",4
"X1_CTCAAGATCCCAATAG.1",3
"X1_CTCAAGATCCGATGTA.1",8
"X1_CTCAAGATCGCTTTAT.1",7
"X1_CTCAAGATCGTAGCTA.1",4
"X1_CTCAAGATCGTGCACG.1",3
"X1_CTCAAGATCTAGAACC.1",6
"X1_CTCAAGATCTTAGTTC.1",7
"X1_CTCAATTAGAAAGCGA.1",1000
"X1_CTCAATTAGAAGTCAT.1",7
"X1_CTCAATTAGATTGATG.1",5
"X1_CTCAATTAGCGTCGAA.1",8
"X1_CTCAATTAGCTAGAAT.1",4
"X1_CTCAATTAGCTGTGCC.1",4
"X1_CTCAATTAGGATGCGT.1",6
"X1_CTCAATTAGGCTTCCG.1",1000
"X1_CTCAATTAGGTGCTGA.1",8
"X1_CTCAATTAGGTTCATC.1",1000
"X1_CTCAATTAGTAGTCTC.1",7
"X1_CTCAATTAGTGGTGGT.1",0
"X1_CTCAATTAGTTCCAGT.1",0
"X1_CTCAATTCAAGGTTGG.1",7
"X1_CTCAATTCACAAGGTG.1",7
"X1_CTCAATTCACAGCGCT.1",8
"X1_CTCAATTCACATCATG.1",3
"X1_CTCAATTCACTGCGAC.1",7
"X1_CTCAATTCAGGATGAC.1",1000
"X1_CTCAATTCAGGGTTGA.1",8
"X1_CTCAATTCAGTGCCTG.1",1000
"X1_CTCAATTCATGCGTGC.1",8
"X1_CTCAATTCATTGGATC.1",0
"X1_CTCAATTGTAGACGGT.1",8
"X1_CTCAATTGTCGTTCAA.1",7
"X1_CTCAATTGTCTTGAAC.1",6
"X1_CTCAATTGTGGAAGTC.1",1000
"X1_CTCAATTGTTCAAAGA.1",6
"X1_CTCAATTGTTCCAGGC.1",7
"X1_CTCAATTGTTGCGAAG.1",1000
"X1_CTCAATTTCAGCAGAG.1",1
"X1_CTCAATTTCCACGGAC.1",0
"X1_CTCAATTTCCGCTGTT.1",1000
"X1_CTCAATTTCTTCGGAA.1",8
"X1_CTCACTGAGAGTTGAT.1",7
"X1_CTCACTGAGGACTTCT.1",1000
"X1_CTCACTGAGGATACAT.1",4
"X1_CTCACTGAGGCATCGA.1",7
"X1_CTCACTGAGGCCTTCG.1",5
"X1_CTCACTGAGGTTCATC.1",4
"X1_CTCACTGAGGTTGAGC.1",1000
"X1_CTCACTGAGTACAGCG.1",8
"X1_CTCACTGCACATTACG.1",0
"X1_CTCACTGCACTTGTCC.1",7
"X1_CTCACTGCAGCATGCC.1",3
"X1_CTCACTGCAGGCGTTC.1",1
"X1_CTCACTGCATGATGCT.1",7
"X1_CTCACTGGTAGAGATT.1",4
"X1_CTCACTGGTATGGTTC.1",7
"X1_CTCACTGGTCACTAGT.1",7
"X1_CTCACTGGTCAGTTTG.1",4
"X1_CTCACTGGTCCCTGTT.1",7
"X1_CTCACTGGTCGAGCTC.1",3
"X1_CTCACTGGTCGATTCA.1",4
"X1_CTCACTGGTCGTACAT.1",8
"X1_CTCACTGGTCGTCGGT.1",1000
"X1_CTCACTGGTGCTGCAC.1",7
"X1_CTCACTGGTGGCTTGC.1",4
"X1_CTCACTGGTTGCCGCA.1",1000
"X1_CTCACTGTCAAATGAG.1",3
"X1_CTCACTGTCAAGATAG.1",6
"X1_CTCACTGTCAAGGAGC.1",8
"X1_CTCACTGTCATCCTGC.1",1
"X1_CTCACTGTCGAGAATA.1",1000
"X1_CTCACTGTCGAGCTGC.1",4
"X1_CTCACTGTCTCTAGGA.1",4
"X1_CTCACTGTCTGGGTCG.1",1
"X1_CTCAGAAAGACAGCGT.1",8
"X1_CTCAGAAAGACGTCCC.1",4
"X1_CTCAGAAAGACTAGAT.1",7
"X1_CTCAGAAAGATCGGTG.1",6
"X1_CTCAGAAAGCTTTCTT.1",4
"X1_CTCAGAAAGGTGATCG.1",1000
"X1_CTCAGAAAGTAGAATC.1",1000
"X1_CTCAGAAAGTCCCGGT.1",4
"X1_CTCAGAAAGTCTGTAC.1",8
"X1_CTCAGAAAGTGAGCCA.1",1000
"X1_CTCAGAACAGGAAGTC.1",6
"X1_CTCAGAACAGGTAGTG.1",1000
"X1_CTCAGAACAGTGACCC.1",7
"X1_CTCAGAAGTAACAAGT.1",1000
"X1_CTCAGAAGTACAAGCG.1",1000
"X1_CTCAGAAGTACGATGG.1",1000
"X1_CTCAGAAGTACTGAGG.1",8
"X1_CTCAGAAGTAGGCAGT.1",8
"X1_CTCAGAAGTCCACAGC.1",3
"X1_CTCAGAAGTCGGCTAC.1",2
"X1_CTCAGAAGTGTGGTCC.1",8
"X1_CTCAGAAGTTCGGCTG.1",6
"X1_CTCAGAATCAGCATTG.1",8
"X1_CTCAGAATCAGTGATC.1",5
"X1_CTCAGAATCCGAAGGA.1",8
"X1_CTCAGAATCCGACATA.1",1000
"X1_CTCAGAATCCTACACC.1",8
"X1_CTCAGAATCTGCGTCT.1",8
"X1_CTCAGAATCTGGGCGT.1",1
"X1_CTCAGAATCTTCACGC.1",5
"X1_CTCAGAATCTTCTGTA.1",4
"X1_CTCAGGGAGAGGACTC.1",8
"X1_CTCAGGGAGCTAGATA.1",7
"X1_CTCAGGGAGGACTTCT.1",1000
"X1_CTCAGGGAGGCGAACT.1",1000
"X1_CTCAGGGAGGGAGGGT.1",7
"X1_CTCAGGGAGTGCTCGC.1",8
"X1_CTCAGGGAGTGTACCT.1",8
"X1_CTCAGGGCACACCGCA.1",8
"X1_CTCAGGGCACCGTGCA.1",5
"X1_CTCAGGGCAGACGATG.1",6
"X1_CTCAGGGCAGCGAACA.1",8
"X1_CTCAGGGCAGTCAGAG.1",8
"X1_CTCAGGGCATATCTCT.1",3
"X1_CTCAGGGCATCAGTCA.1",1000
"X1_CTCAGGGGTACTCGCG.1",3
"X1_CTCAGGGGTAGCTGCC.1",1
"X1_CTCAGGGGTAGGCAGT.1",5
"X1_CTCAGGGGTATTCCTT.1",1000
"X1_CTCAGGGGTCACAGAG.1",4
"X1_CTCAGGGGTCAGACGA.1",7
"X1_CTCAGGGGTCATGGCC.1",8
"X1_CTCAGGGGTTCTGACA.1",1000
"X1_CTCAGGGGTTGTTGAC.1",7
"X1_CTCAGGGTCATTCGTT.1",7
"X1_CTCAGGGTCATTGGTG.1",4
"X1_CTCAGGGTCCTGTAGA.1",4
"X1_CTCAGGGTCTACTCAT.1",5
"X1_CTCAGTCAGATTTGCC.1",0
"X1_CTCAGTCAGCCATTTG.1",7
"X1_CTCAGTCAGCGAACTG.1",4
"X1_CTCAGTCAGGATATGT.1",1000
"X1_CTCAGTCAGGCATGCA.1",5
"X1_CTCAGTCAGGCCGCTT.1",4
"X1_CTCAGTCAGGGTTGCA.1",4
"X1_CTCAGTCAGGTTCAGG.1",7
"X1_CTCAGTCAGTCTGTAC.1",4
"X1_CTCAGTCCAAATAAGC.1",2
"X1_CTCAGTCCAAGTTCGT.1",4
"X1_CTCAGTCCAATTGCAC.1",8
"X1_CTCAGTCCACCACTGG.1",2
"X1_CTCAGTCCACGCTATA.1",5
"X1_CTCAGTCCAGCACAAG.1",1000
"X1_CTCAGTCCAGGACTTT.1",8
"X1_CTCAGTCCAGTCCCGA.1",4
"X1_CTCAGTCCATAGGTTC.1",4
"X1_CTCAGTCGTCAACCAT.1",5
"X1_CTCAGTCGTGCCCACA.1",3
"X1_CTCAGTCGTGTGCCTG.1",1000
"X1_CTCAGTCGTGTGCTTA.1",8
"X1_CTCAGTCTCAGACATC.1",1000
"X1_CTCAGTCTCCGCCTAT.1",6
"X1_CTCAGTCTCGTCAACA.1",7
"X1_CTCAGTCTCTATCCAT.1",1000
"X1_CTCAGTCTCTCATGCC.1",8
"X1_CTCAGTCTCTGAGAAA.1",7
"X1_CTCATCGAGACATCAA.1",1
"X1_CTCATCGAGATGCTGG.1",7
"X1_CTCATCGAGCACGATG.1",7
"X1_CTCATCGAGCTCCATA.1",3
"X1_CTCATCGAGGCCCGTT.1",8
"X1_CTCATCGCAACCGCCA.1",4
"X1_CTCATCGCAAGTGGCA.1",7
"X1_CTCATCGCACTACCCT.1",3
"X1_CTCATCGCATGTACGT.1",1000
"X1_CTCATCGGTAAGATCA.1",1000
"X1_CTCATCGGTAAGTTAG.1",1000
"X1_CTCATCGGTAGGCAAC.1",1000
"X1_CTCATCGGTTAGCGGA.1",4
"X1_CTCATCGGTTAGGCTT.1",1000
"X1_CTCATCGGTTCCATTT.1",4
"X1_CTCATCGGTTCTCAGA.1",0
"X1_CTCATCGGTTGCCAAT.1",1
"X1_CTCATCGTCAATCGGT.1",4
"X1_CTCATCGTCCGATGCG.1",7
"X1_CTCATCGTCCGATGTA.1",0
"X1_CTCATCGTCCGTGTAA.1",4
"X1_CTCATCGTCCTTGGAA.1",1000
"X1_CTCATCGTCGAAGGAC.1",1000
"X1_CTCATCGTCGCTTACC.1",8
"X1_CTCATGCAGAACGCGT.1",3
"X1_CTCATGCAGAGCATTA.1",5
"X1_CTCATGCAGCCGATAG.1",1
"X1_CTCATGCAGCCGTAAG.1",1000
"X1_CTCATGCAGGAGCTGT.1",2
"X1_CTCATGCAGGCGACAT.1",1000
"X1_CTCATGCAGGGAGAAT.1",6
"X1_CTCATGCAGGTAGTCG.1",8
"X1_CTCATGCAGGTCTGGA.1",1000
"X1_CTCATGCAGTGGCCTC.1",1000
"X1_CTCATGCAGTTGGACG.1",3
"X1_CTCATGCCAACGTATC.1",3
"X1_CTCATGCCAAGCGAAC.1",6
"X1_CTCATGCCAATGGCCC.1",8
"X1_CTCATGCCACGCCACA.1",5
"X1_CTCATGCCAGCAGTAG.1",1000
"X1_CTCATGCCAGGAATCG.1",7
"X1_CTCATGCCATATGGCT.1",8
"X1_CTCATGCCATCCGGCA.1",1000
"X1_CTCATGCCATGGATCT.1",7
"X1_CTCATGCCATGTGCTA.1",1000
"X1_CTCATGCGTATGTCCA.1",7
"X1_CTCATGCGTCGTTATG.1",1000
"X1_CTCATGCGTGTGTGGA.1",1000
"X1_CTCATGCGTTAAGGAT.1",1000
"X1_CTCATGCGTTAGAGTA.1",8
"X1_CTCATGCGTTCAAACC.1",1000
"X1_CTCATGCGTTGGGATG.1",8
"X1_CTCATGCGTTTCGTGA.1",4
"X1_CTCATGCTCAAACGAA.1",8
"X1_CTCATGCTCAACTCTT.1",1000
"X1_CTCATGCTCAATCGGT.1",3
"X1_CTCATGCTCACCTCAC.1",3
"X1_CTCATGCTCATAGGCT.1",8
"X1_CTCATGCTCCGGACTG.1",4
"X1_CTCATGCTCCTTATCA.1",7
"X1_CTCATGCTCCTTCGAC.1",8
"X1_CTCATGCTCGAACGGA.1",2
"X1_CTCATGCTCGGTCGGT.1",1000
"X1_CTCATGCTCTTACTGT.1",7
"X1_CTCATTAAGAAATTGC.1",3
"X1_CTCATTAAGACGTCGA.1",8
"X1_CTCATTAAGACTGTTC.1",1000
"X1_CTCATTAAGCTGACAG.1",1000
"X1_CTCATTAAGGGAGAAT.1",1000
"X1_CTCATTAAGGTGCTAG.1",7
"X1_CTCATTAAGTACTGTC.1",8
"X1_CTCATTAAGTGATAAC.1",8
"X1_CTCATTAAGTTACGGG.1",1000
"X1_CTCATTAAGTTCCATG.1",1000
"X1_CTCATTACACTCATAG.1",8
"X1_CTCATTACACTCCGGA.1",7
"X1_CTCATTACAGAAACCG.1",1
"X1_CTCATTACAGAAGCTG.1",4
"X1_CTCATTACAGAGGGTT.1",2
"X1_CTCATTACAGAGTCTT.1",1000
"X1_CTCATTACAGCAGATG.1",5
"X1_CTCATTACAGCAGTCC.1",8
"X1_CTCATTACAGCGCGTT.1",0
"X1_CTCATTACAGCGTGCT.1",7
"X1_CTCATTACAGGTACGA.1",1000
"X1_CTCATTACATGCGGTC.1",4
"X1_CTCATTAGTAAGCAAT.1",2
"X1_CTCATTAGTAGGTCAG.1",1000
"X1_CTCATTAGTGTTATCG.1",1
"X1_CTCATTAGTGTTCGTA.1",6
"X1_CTCATTAGTTGATGTC.1",4
"X1_CTCATTAGTTTGGAAA.1",4
"X1_CTCATTATCACCCTTG.1",7
"X1_CTCATTATCACTACGA.1",1000
"X1_CTCATTATCACTCACC.1",1000
"X1_CTCATTATCACTTGGA.1",2
"X1_CTCATTATCATGACAC.1",1000
"X1_CTCATTATCCCATTTA.1",7
"X1_CTCATTATCCGCGAGT.1",5
"X1_CTCATTATCCGTCCTA.1",7
"X1_CTCATTATCGGACAAG.1",4
"X1_CTCATTATCGGACTTA.1",7
"X1_CTCATTATCGTCAACA.1",6
"X1_CTCATTATCTACTATC.1",5
"X1_CTCATTATCTTTCCGG.1",6
"X1_CTCCAACAGACCGTTT.1",7
"X1_CTCCAACAGACTCCGC.1",7
"X1_CTCCAACAGCTCGTGC.1",1000
"X1_CTCCAACAGGAGGGTG.1",3
"X1_CTCCAACAGGTCTTTG.1",7
"X1_CTCCAACAGGTGATCG.1",2
"X1_CTCCAACAGTAATCCC.1",8
"X1_CTCCAACAGTGGACTG.1",8
"X1_CTCCAACAGTGGTGGT.1",7
"X1_CTCCAACCAACGGCCT.1",8
"X1_CTCCAACCAAGTCCCG.1",4
"X1_CTCCAACCACGCCAGT.1",1000
"X1_CTCCAACCAGCACCCA.1",4
"X1_CTCCAACCAGCATTGT.1",4
"X1_CTCCAACCATGCAGCC.1",8
"X1_CTCCAACCATGCGTGC.1",5
"X1_CTCCAACGTACCATAC.1",4
"X1_CTCCAACGTAGTGTGG.1",8
"X1_CTCCAACGTCAACCAT.1",4
"X1_CTCCAACGTCACCACG.1",7
"X1_CTCCAACGTCGCAACC.1",8
"X1_CTCCAACGTCGCCACA.1",8
"X1_CTCCAACGTGACAGCA.1",5
"X1_CTCCAACGTGTAAATG.1",4
"X1_CTCCAACGTGTCTTGA.1",1000
"X1_CTCCAACGTTATCCAG.1",8
"X1_CTCCAACTCAATCAGC.1",4
"X1_CTCCAACTCATTCATC.1",4
"X1_CTCCAACTCCCAATAG.1",2
"X1_CTCCAACTCCTGCCAT.1",3
"X1_CTCCAACTCGACGTCG.1",1000
"X1_CTCCAACTCGCACGGT.1",2
"X1_CTCCAACTCGGACAAG.1",0
"X1_CTCCAACTCGTCGGGT.1",7
"X1_CTCCAACTCTTCCACG.1",8
"X1_CTCCACAAGAACGTGC.1",1
"X1_CTCCACAAGATAGGGA.1",1000
"X1_CTCCACAAGCAAGCCA.1",1000
"X1_CTCCACAAGCGTGAAC.1",8
"X1_CTCCACAAGCTGAAAT.1",1000
"X1_CTCCACAAGCTGCCAC.1",7
"X1_CTCCACAAGGCGAACT.1",6
"X1_CTCCACAAGGGACCAT.1",4
"X1_CTCCACAAGGGTTGCA.1",1000
"X1_CTCCACACAAGATGGC.1",2
"X1_CTCCACACAATCAGCT.1",1
"X1_CTCCACACAATCTGCA.1",4
"X1_CTCCACACAATTCTCT.1",2
"X1_CTCCACACACAACGAG.1",1
"X1_CTCCACACACCAGCGT.1",8
"X1_CTCCACACACGTACAT.1",3
"X1_CTCCACACACTCATAG.1",1000
"X1_CTCCACACAGATCATC.1",3
"X1_CTCCACACAGCGTGCT.1",2
"X1_CTCCACACAGTATGAA.1",2
"X1_CTCCACACATTGGGAG.1",7
"X1_CTCCACAGTACTGGGA.1",1000
"X1_CTCCACAGTAGTATAG.1",1000
"X1_CTCCACAGTATGTGTC.1",4
"X1_CTCCACAGTATTTCCT.1",8
"X1_CTCCACAGTCGTTATG.1",1
"X1_CTCCACAGTGACTATC.1",6
"X1_CTCCACAGTGCACATT.1",0
"X1_CTCCACAGTGGAAATT.1",7
"X1_CTCCACAGTGGGACAT.1",8
"X1_CTCCACAGTTATAGCC.1",6
"X1_CTCCACAGTTCGATTG.1",4
"X1_CTCCACATCACCGACG.1",8
"X1_CTCCACATCATGAGAA.1",3
"X1_CTCCACATCCATCTGC.1",0
"X1_CTCCACATCGAAGAAT.1",7
"X1_CTCCACATCGCTCATC.1",1000
"X1_CTCCACATCTACCACC.1",5
"X1_CTCCACATCTCCTACG.1",7
"X1_CTCCACATCTCGCTCA.1",6
"X1_CTCCACATCTGTGCTC.1",1000
"X1_CTCCACATCTTCGTGC.1",1000
"X1_CTCCATGAGAAAGCGA.1",5
"X1_CTCCATGAGAAGCGGG.1",1
"X1_CTCCATGAGAGCAACC.1",6
"X1_CTCCATGAGAGTGACC.1",4
"X1_CTCCATGAGATCGCCC.1",8
"X1_CTCCATGAGGAACGTC.1",1000
"X1_CTCCATGAGGAAGTCC.1",8
"X1_CTCCATGAGGTAGTAT.1",8
"X1_CTCCATGAGTGGACGT.1",4
"X1_CTCCATGCAAAGCAAT.1",1
"X1_CTCCATGCAAGAGTTA.1",8
"X1_CTCCATGCACAATGTC.1",8
"X1_CTCCATGCACCAGCGT.1",7
"X1_CTCCATGCACGGCCAT.1",7
"X1_CTCCATGCACTGAGGA.1",8
"X1_CTCCATGCAGACCAGA.1",8
"X1_CTCCATGCAGGTGGAT.1",1000
"X1_CTCCATGGTATCGCTA.1",1000
"X1_CTCCATGGTCCCTGTT.1",7
"X1_CTCCATGGTGCTCTTC.1",6
"X1_CTCCATGGTGTTTCTT.1",8
"X1_CTCCATGGTTCCTTGC.1",7
"X1_CTCCATGTCACCGGGT.1",8
"X1_CTCCATGTCAGAATAG.1",5
"X1_CTCCATGTCATTGCGA.1",7
"X1_CTCCATGTCCGAAGGA.1",7
"X1_CTCCATGTCTACCTTA.1",3
"X1_CTCCATGTCTTGATTC.1",6
"X1_CTCCCAAAGATGCTAA.1",8
"X1_CTCCCAAAGCAAGTGC.1",0
"X1_CTCCCAAAGCACACCC.1",8
"X1_CTCCCAAAGCCTGCCA.1",6
"X1_CTCCCAAAGCGGGTAT.1",1
"X1_CTCCCAAAGGCTCTAT.1",5
"X1_CTCCCAAAGGGCGAGA.1",1
"X1_CTCCCAAAGGTTCAGG.1",4
"X1_CTCCCAACACTCTCGT.1",4
"X1_CTCCCAACAGAGGAAA.1",4
"X1_CTCCCAACATAGAAAC.1",3
"X1_CTCCCAACATAGTCAC.1",1
"X1_CTCCCAACATGGGTCC.1",7
"X1_CTCCCAAGTGTTTCTT.1",8
"X1_CTCCCAAGTTGGCCTG.1",8
"X1_CTCCCAATCAGGAAAT.1",3
"X1_CTCCCAATCATGCAGT.1",3
"X1_CTCCCAATCCCACAGG.1",7
"X1_CTCCCAATCGACCACG.1",1000
"X1_CTCCCAATCGAGAATA.1",1
"X1_CTCCCAATCGCCTTGT.1",8
"X1_CTCCCAATCTCATTGT.1",8
"X1_CTCCCAATCTCTAAGG.1",8
"X1_CTCCCAATCTGAGATC.1",6
"X1_CTCCCTCAGACTACCT.1",4
"X1_CTCCCTCAGAGCAGAA.1",7
"X1_CTCCCTCAGAGTTGAT.1",3
"X1_CTCCCTCAGCATGGGT.1",4
"X1_CTCCCTCAGCTAGTTC.1",1000
"X1_CTCCCTCAGGTCGCCT.1",8
"X1_CTCCCTCAGTAGACCG.1",8
"X1_CTCCCTCAGTCACAGG.1",3
"X1_CTCCCTCAGTCATCGT.1",4
"X1_CTCCCTCCAAATTGCC.1",1000
"X1_CTCCCTCCACATGTTG.1",1000
"X1_CTCCCTCCACCTAAAC.1",4
"X1_CTCCCTCCACGCTGCA.1",5
"X1_CTCCCTCCACTCCTGT.1",7
"X1_CTCCCTCCACTTCATT.1",1000
"X1_CTCCCTCCAGTCGCAC.1",6
"X1_CTCCCTCCATCTCCCA.1",7
"X1_CTCCCTCGTAGCGCTC.1",8
"X1_CTCCCTCGTGACTGAG.1",4
"X1_CTCCCTCGTGCCGTTG.1",1000
"X1_CTCCCTCGTGGTTCTA.1",3
"X1_CTCCCTCGTGTCATGT.1",5
"X1_CTCCCTCGTTAGAAGT.1",4
"X1_CTCCCTCGTTCGTTCC.1",7
"X1_CTCCCTCGTTGCCAAT.1",7
"X1_CTCCCTCGTTGTCAGT.1",1000
"X1_CTCCCTCTCCCTCTCC.1",8
"X1_CTCCCTCTCCGATCTC.1",4
"X1_CTCCCTCTCCTTGGAA.1",4
"X1_CTCCCTCTCGATTGGT.1",8
"X1_CTCCCTCTCGCACTCT.1",8
"X1_CTCCCTCTCGCGCCAA.1",1
"X1_CTCCCTCTCGCGTCGA.1",4
"X1_CTCCCTCTCGGTAGAG.1",1
"X1_CTCCCTCTCGTAACCA.1",7
"X1_CTCCCTCTCTCTCCGA.1",5
"X1_CTCCCTCTCTGCACCT.1",8
"X1_CTCCCTCTCTGTCAGA.1",3
"X1_CTCCCTCTCTGTGTGA.1",4
"X1_CTCCGATAGAAGGCTC.1",1000
"X1_CTCCGATAGACCATAA.1",4
"X1_CTCCGATAGGGCAATC.1",1
"X1_CTCCGATAGGGTTAAT.1",7
"X1_CTCCGATAGTGCTAGG.1",3
"X1_CTCCGATCAAACGTGG.1",1000
"X1_CTCCGATCAAAGGATT.1",3
"X1_CTCCGATCAATGAACA.1",3
"X1_CTCCGATCAATGACCT.1",3
"X1_CTCCGATCACAATGTC.1",7
"X1_CTCCGATCACACTGGC.1",8
"X1_CTCCGATCACTCCTTG.1",5
"X1_CTCCGATCACTGTCGG.1",1000
"X1_CTCCGATCAGACAATA.1",4
"X1_CTCCGATCAGAGGAAA.1",8
"X1_CTCCGATCAGCATCTA.1",8
"X1_CTCCGATCAGCTACTA.1",8
"X1_CTCCGATCATCGGCCA.1",4
"X1_CTCCGATGTAATCAGA.1",4
"X1_CTCCGATGTATGACAA.1",8
"X1_CTCCGATGTCACGCTG.1",0
"X1_CTCCGATGTCTGGTTA.1",3
"X1_CTCCGATGTGAATGAT.1",5
"X1_CTCCGATGTGCAAGAC.1",2
"X1_CTCCGATGTGGTTTGT.1",1
"X1_CTCCGATGTGTTAACC.1",4
"X1_CTCCGATGTTGTTGTG.1",3
"X1_CTCCGATGTTTCACTT.1",1000
"X1_CTCCGATTCATTACTC.1",1000
"X1_CTCCGATTCGAAGCCC.1",8
"X1_CTCCGATTCTATCCAT.1",8
"X1_CTCCGATTCTGACAGT.1",1000
"X1_CTCCGATTCTTAGTTC.1",5
"X1_CTCCTCCAGAATTGCA.1",2
"X1_CTCCTCCAGCGACAGT.1",8
"X1_CTCCTCCAGCGATGAC.1",1000
"X1_CTCCTCCAGCGGATCA.1",1
"X1_CTCCTCCAGCGTCAGA.1",7
"X1_CTCCTCCAGCTAGCCC.1",5
"X1_CTCCTCCAGGATACAT.1",1000
"X1_CTCCTCCAGGTAGGCT.1",7
"X1_CTCCTCCAGTGCAGGT.1",5
"X1_CTCCTCCCAAGTCCCG.1",1000
"X1_CTCCTCCCAATGCAAA.1",7
"X1_CTCCTCCCACCGTCGA.1",1000
"X1_CTCCTCCCACGATTCA.1",1000
"X1_CTCCTCCCACTGTCCT.1",1000
"X1_CTCCTCCCAGAAACCG.1",5
"X1_CTCCTCCCAGTGTACT.1",1
"X1_CTCCTCCCATCGTTCC.1",1000
"X1_CTCCTCCCATGTGCTA.1",5
"X1_CTCCTCCGTACATACC.1",7
"X1_CTCCTCCGTAGCGTAG.1",4
"X1_CTCCTCCGTAGGAGGG.1",1000
"X1_CTCCTCCGTAGTGGCA.1",8
"X1_CTCCTCCGTCATCAGT.1",8
"X1_CTCCTCCGTCGAAGCA.1",1000
"X1_CTCCTCCGTCGCTCGA.1",8
"X1_CTCCTCCGTTAGGACG.1",7
"X1_CTCCTCCGTTCCGCAG.1",8
"X1_CTCCTCCGTTGCATGT.1",4
"X1_CTCCTCCTCAAGCCAT.1",7
"X1_CTCCTCCTCCCATTTA.1",8
"X1_CTCCTCCTCCTATGGA.1",4
"X1_CTCCTCCTCGCGTCGA.1",2
"X1_CTCCTCCTCGTCGACG.1",3
"X1_CTCCTCCTCTATCGCC.1",4
"X1_CTCCTCCTCTCCTGTG.1",8
"X1_CTCCTCCTCTGAGATC.1",4
"X1_CTCCTCCTCTGAGCAT.1",3
"X1_CTCCTCCTCTGTGCTC.1",7
"X1_CTCCTCCTCTTACACT.1",2
"X1_CTCCTCCTCTTCCGTG.1",1000
"X1_CTCCTTTAGACGCAGT.1",4
"X1_CTCCTTTAGATAGTCA.1",7
"X1_CTCCTTTAGGTTCTTG.1",1
"X1_CTCCTTTAGTAGGCCA.1",7
"X1_CTCCTTTAGTCTAGCT.1",1000
"X1_CTCCTTTCAAAGCGTG.1",1
"X1_CTCCTTTCAACGCATT.1",1000
"X1_CTCCTTTCACGGGTAA.1",7
"X1_CTCCTTTCACTCCCTA.1",3
"X1_CTCCTTTCAGACCAAG.1",8
"X1_CTCCTTTCAGCTACTA.1",4
"X1_CTCCTTTGTAGCTGTT.1",6
"X1_CTCCTTTGTCAGGCAA.1",8
"X1_CTCCTTTGTCTTGTCC.1",4
"X1_CTCCTTTGTGATTCAC.1",1000
"X1_CTCCTTTGTGCCTAAT.1",6
"X1_CTCCTTTGTGCGAGTA.1",4
"X1_CTCCTTTGTTTCCAAG.1",8
"X1_CTCCTTTTCACAACCA.1",8
"X1_CTCCTTTTCAGCACCG.1",6
"X1_CTCCTTTTCAGCTTCC.1",1
"X1_CTCCTTTTCAGGAAGC.1",3
"X1_CTCCTTTTCCCAAGCG.1",7
"X1_CTCCTTTTCCCTCTAG.1",8
"X1_CTCCTTTTCGACGACC.1",8
"X1_CTCCTTTTCGAGTGGA.1",5
"X1_CTCGAGGAGCCAAGGT.1",1
"X1_CTCGAGGAGGATCACG.1",7
"X1_CTCGAGGAGTAACGTA.1",8
"X1_CTCGAGGAGTACAACA.1",7
"X1_CTCGAGGAGTATCTGC.1",1
"X1_CTCGAGGAGTGGTTGG.1",5
"X1_CTCGAGGCAAAGCTAA.1",7
"X1_CTCGAGGCAACTCGAT.1",8
"X1_CTCGAGGCAAGCGCAA.1",7
"X1_CTCGAGGCACACAGCC.1",1000
"X1_CTCGAGGCAGAGGGTT.1",1000
"X1_CTCGAGGCATGGAAGC.1",5
"X1_CTCGAGGGTAACGATA.1",6
"X1_CTCGAGGGTACAACGG.1",1000
"X1_CTCGAGGGTATCACGT.1",7
"X1_CTCGAGGGTCCTTAAG.1",4
"X1_CTCGAGGGTGCGGATA.1",7
"X1_CTCGAGGGTGGAAATT.1",8
"X1_CTCGAGGGTGTCCTAA.1",4
"X1_CTCGAGGGTTAGCTAC.1",6
"X1_CTCGAGGGTTCTAACG.1",2
"X1_CTCGAGGGTTGGAGGT.1",1000
"X1_CTCGAGGTCACCGGGT.1",1
"X1_CTCGAGGTCCAACCAA.1",2
"X1_CTCGAGGTCCGCTGTT.1",1000
"X1_CTCGAGGTCCTTATAC.1",1
"X1_CTCGAGGTCGCCGAGT.1",4
"X1_CTCGAGGTCGCTTGAA.1",6
"X1_CTCGAGGTCGTCTAAG.1",4
"X1_CTCGAGGTCTAGCCAA.1",7
"X1_CTCGAGGTCTGGTTGA.1",4
"X1_CTCTCAGAGAAGCTGC.1",1000
"X1_CTCTCAGAGAGCAGTC.1",4
"X1_CTCTCAGAGATCCCGC.1",4
"X1_CTCTCAGAGCAGAAAG.1",2
"X1_CTCTCAGAGCGAGTCA.1",5
"X1_CTCTCAGAGTGATAAC.1",1000
"X1_CTCTCAGAGTTAGTAG.1",6
"X1_CTCTCAGCACAACATC.1",4
"X1_CTCTCAGCAGCATTGT.1",1
"X1_CTCTCAGCAGTGCGCT.1",7
"X1_CTCTCAGGTCACAGAG.1",5
"X1_CTCTCAGGTCATCCGG.1",7
"X1_CTCTCAGGTCATCGCG.1",2
"X1_CTCTCAGGTCCGATCG.1",1000
"X1_CTCTCAGGTCTTACTT.1",2
"X1_CTCTCAGGTGACACAG.1",1000
"X1_CTCTCAGGTGTTGAGG.1",7
"X1_CTCTCAGTCACACGAT.1",4
"X1_CTCTCAGTCAGCGCAC.1",4
"X1_CTCTCAGTCCGGTAAT.1",1000
"X1_CTCTCAGTCGACTCCT.1",1000
"X1_CTCTCAGTCGAGCCTG.1",5
"X1_CTCTCAGTCTCTCTTC.1",5
"X1_CTCTCGAAGAGCCATG.1",1000
"X1_CTCTCGAAGCACACAG.1",2
"X1_CTCTCGAAGGAAGAAC.1",1000
"X1_CTCTCGAAGGGAGTGG.1",1
"X1_CTCTCGAAGTACAGCG.1",1000
"X1_CTCTCGAAGTGACCTT.1",1000
"X1_CTCTCGAAGTGCAAAT.1",3
"X1_CTCTCGACAACATCGT.1",7
"X1_CTCTCGACAAGTTGGG.1",8
"X1_CTCTCGACACATACTG.1",1
"X1_CTCTCGACACCATTCC.1",8
"X1_CTCTCGACACGACAGA.1",8
"X1_CTCTCGACACGTAACT.1",1
"X1_CTCTCGACACGTGAGA.1",8
"X1_CTCTCGACAGGTCTCG.1",6
"X1_CTCTCGACATACCAGT.1",5
"X1_CTCTCGACATGAAAGT.1",7
"X1_CTCTCGACATGCCGAC.1",1000
"X1_CTCTCGAGTAGGTTTC.1",0
"X1_CTCTCGAGTATACCTG.1",1000
"X1_CTCTCGAGTATGAGCG.1",7
"X1_CTCTCGAGTCATCCCT.1",2
"X1_CTCTCGAGTCCACATA.1",4
"X1_CTCTCGAGTCTCACAA.1",8
"X1_CTCTCGAGTGTCCGGT.1",0
"X1_CTCTCGAGTTTCCATT.1",1000
"X1_CTCTCGATCAACGAGG.1",1000
"X1_CTCTCGATCACCTGTC.1",7
"X1_CTCTCGATCAGATGCT.1",7
"X1_CTCTCGATCCATCTGC.1",5
"X1_CTCTCGATCCCATACC.1",5
"X1_CTCTCGATCCGAGCTG.1",7
"X1_CTCTCGATCCTACCAC.1",4
"X1_CTCTCGATCCTAGCGG.1",7
"X1_CTCTCGATCGAGCTGC.1",3
"X1_CTCTCGATCGCTGTCT.1",2
"X1_CTCTCGATCTAGCAAC.1",6
"X1_CTCTGGTAGAGCCGAT.1",6
"X1_CTCTGGTAGCTTCATG.1",6
"X1_CTCTGGTAGGGTAGCT.1",5
"X1_CTCTGGTAGGTAAACT.1",1000
"X1_CTCTGGTAGGTCTTTG.1",7
"X1_CTCTGGTAGTAAATGC.1",7
"X1_CTCTGGTAGTCGTCTA.1",1000
"X1_CTCTGGTCAACCACAT.1",1000
"X1_CTCTGGTCAAGAATGT.1",8
"X1_CTCTGGTCAAGTATAG.1",1000
"X1_CTCTGGTCAGCACCCA.1",1000
"X1_CTCTGGTCAGCCCAGT.1",7
"X1_CTCTGGTCAGCTTCCT.1",4
"X1_CTCTGGTCAGTAACAA.1",1000
"X1_CTCTGGTCAGTAGTGG.1",7
"X1_CTCTGGTCAGTCGGAA.1",3
"X1_CTCTGGTCATGAGATA.1",8
"X1_CTCTGGTCATGTGACT.1",7
"X1_CTCTGGTGTACACTCA.1",8
"X1_CTCTGGTGTAGCTGTT.1",8
"X1_CTCTGGTGTATGGTTC.1",1000
"X1_CTCTGGTGTCATTGCA.1",1000
"X1_CTCTGGTGTGAGCCAA.1",7
"X1_CTCTGGTGTGGAGAAA.1",5
"X1_CTCTGGTGTGGGCTCT.1",8
"X1_CTCTGGTGTGTTCATG.1",0
"X1_CTCTGGTGTTGGGACA.1",3
"X1_CTCTGGTTCAAACTGC.1",1
"X1_CTCTGGTTCAAGCCCG.1",1000
"X1_CTCTGGTTCAGAGTGG.1",1000
"X1_CTCTGGTTCCAACTGA.1",3
"X1_CTCTGGTTCCATAAGC.1",4
"X1_CTCTGGTTCCATAGAC.1",8
"X1_CTCTGGTTCCTTCGAC.1",3
"X1_CTCTGGTTCGAGCCAC.1",8
"X1_CTGAATGAGACTCGAG.1",7
"X1_CTGAATGAGAGGTTAT.1",1
"X1_CTGAATGAGCACGATG.1",1000
"X1_CTGAATGAGCATCCCG.1",6
"X1_CTGAATGAGCATGTTC.1",1000
"X1_CTGAATGAGGACCCAA.1",3
"X1_CTGAATGAGGCCCAAA.1",1000
"X1_CTGAATGCAGAGGCTA.1",8
"X1_CTGAATGCAGAGTTCT.1",2
"X1_CTGAATGCATGGCACC.1",1000
"X1_CTGAATGGTACCTAAC.1",1000
"X1_CTGAATGGTAGTAAGT.1",5
"X1_CTGAATGGTCCATACA.1",8
"X1_CTGAATGGTCTGCATA.1",7
"X1_CTGAATGGTGGCGCTT.1",3
"X1_CTGAATGGTGGTCTGC.1",4
"X1_CTGAATGTCAACGTGT.1",8
"X1_CTGAATGTCAATCTTC.1",1000
"X1_CTGAATGTCGAGTCCG.1",5
"X1_CTGAATGTCGCGGACT.1",1000
"X1_CTGAATGTCGGAGATG.1",5
"X1_CTGAATGTCGTGACTA.1",2
"X1_CTGAATGTCTGAGAGG.1",8
"X1_CTGAATGTCTGAGATC.1",1000
"X1_CTGAGCGAGACCTCAT.1",4
"X1_CTGAGCGAGCGCAATG.1",4
"X1_CTGAGCGAGCGCCATC.1",1000
"X1_CTGAGCGAGCGCTGCT.1",6
"X1_CTGAGCGAGCGTATGG.1",7
"X1_CTGAGCGAGGCGATAC.1",1000
"X1_CTGAGCGAGGTTACAA.1",7
"X1_CTGAGCGCAAACAGGC.1",4
"X1_CTGAGCGCAACACACT.1",6
"X1_CTGAGCGCAAGAGGCT.1",1000
"X1_CTGAGCGCAGTAGGAC.1",8
"X1_CTGAGCGCATCGAACT.1",7
"X1_CTGAGCGCATGACTGT.1",1000
"X1_CTGAGCGCATTACGGT.1",7
"X1_CTGAGCGGTAACTTCG.1",1000
"X1_CTGAGCGGTATCTCTT.1",1
"X1_CTGAGCGGTCAGGCAA.1",8
"X1_CTGAGCGGTGAATGAT.1",8
"X1_CTGAGCGGTGGATCAG.1",4
"X1_CTGAGCGGTGGCTACC.1",7
"X1_CTGAGCGGTGTCCAAT.1",0
"X1_CTGAGCGGTTGTATGC.1",1000
"X1_CTGAGCGTCAAACGTC.1",7
"X1_CTGAGCGTCAATGTCG.1",1000
"X1_CTGAGCGTCATCCTAT.1",8
"X1_CTGAGCGTCATCGCAA.1",0
"X1_CTGAGCGTCATTCACT.1",5
"X1_CTGAGCGTCCACGGAC.1",3
"X1_CTGAGCGTCCCGAGGT.1",8
"X1_CTGAGCGTCCGACAGC.1",3
"X1_CTGAGCGTCTCTGGTC.1",6
"X1_CTGAGGCAGCCGATAG.1",2
"X1_CTGAGGCAGGGTACGT.1",7
"X1_CTGAGGCAGGTGTGAC.1",1000
"X1_CTGAGGCAGTGGCGAT.1",5
"X1_CTGAGGCCAAGAGGCT.1",4
"X1_CTGAGGCCAAGGACAC.1",0
"X1_CTGAGGCCAATTGCTG.1",6
"X1_CTGAGGCCACCAACAT.1",4
"X1_CTGAGGCGTCACTACA.1",1000
"X1_CTGAGGCGTGGTACAG.1",8
"X1_CTGAGGCGTTCGATTG.1",1000
"X1_CTGAGGCGTTGAGGAC.1",0
"X1_CTGAGGCTCAATGTCG.1",1000
"X1_CTGAGGCTCAGACCCG.1",1000
"X1_CTGAGGCTCCCAACTC.1",4
"X1_CTGAGGCTCGGCGATC.1",7
"X1_CTGAGGCTCTACAGGT.1",6
"X1_CTGAGGCTCTGCATAG.1",4
"X1_CTGAGGCTCTTGATTC.1",8
"X1_CTGATCCAGATACGAT.1",1000
"X1_CTGATCCAGATTACCC.1",7
"X1_CTGATCCAGCACTCGC.1",1000
"X1_CTGATCCAGCATTTGC.1",1
"X1_CTGATCCAGCCTCTTC.1",7
"X1_CTGATCCAGCTGTGCC.1",4
"X1_CTGATCCCAGCGAGTA.1",4
"X1_CTGATCCCAGGTCAGA.1",1000
"X1_CTGATCCCAGGTCTCG.1",2
"X1_CTGATCCCAGGTTACT.1",1000
"X1_CTGATCCCATCTCGTC.1",8
"X1_CTGATCCCATTGAAAG.1",8
"X1_CTGATCCGTATCCTCC.1",1000
"X1_CTGATCCGTATGCAAA.1",2
"X1_CTGATCCGTCGACGCT.1",3
"X1_CTGATCCGTGGCGCTT.1",7
"X1_CTGATCCGTGTATACC.1",1000
"X1_CTGATCCGTTCACGAT.1",7
"X1_CTGATCCGTTCAGCTA.1",3
"X1_CTGATCCGTTGAGGAC.1",8
"X1_CTGATCCGTTTGATCG.1",8
"X1_CTGATCCTCAAACCCA.1",4
"X1_CTGATCCTCAAGCGTT.1",2
"X1_CTGATCCTCACTACTT.1",7
"X1_CTGATCCTCACTTCTA.1",1000
"X1_CTGATCCTCATCAGTG.1",3
"X1_CTGATCCTCCAAATGC.1",4
"X1_CTGATCCTCCCTCTAG.1",1000
"X1_CTGATCCTCGAGTGAG.1",8
"X1_CTGATCCTCGCTACGG.1",7
"X1_CTGATCCTCTCAATCT.1",7
"X1_CTGCAGGAGACATCAA.1",4
"X1_CTGCAGGAGACCAACG.1",2
"X1_CTGCAGGAGATCGGTG.1",6
"X1_CTGCAGGAGATGCTGG.1",8
"X1_CTGCAGGAGATTTGCC.1",4
"X1_CTGCAGGAGCAAGTGC.1",4
"X1_CTGCAGGAGCCTCTTC.1",1
"X1_CTGCAGGAGCGTCAAG.1",7
"X1_CTGCAGGAGGCCTAGA.1",1000
"X1_CTGCAGGAGTGCAACG.1",1000
"X1_CTGCAGGAGTTACGTC.1",1000
"X1_CTGCAGGCAAGTCCAT.1",1000
"X1_CTGCAGGCAAGTGGAC.1",3
"X1_CTGCAGGCACGCGGTT.1",3
"X1_CTGCAGGCAGGTGACA.1",7
"X1_CTGCAGGCAGTAGTTC.1",7
"X1_CTGCAGGCATAGGAGC.1",4
"X1_CTGCAGGCATGAATAG.1",3
"X1_CTGCAGGCATGACGAG.1",8
"X1_CTGCAGGCATTCTTCA.1",8
"X1_CTGCAGGGTATCCCTC.1",7
"X1_CTGCAGGGTCAACGCC.1",8
"X1_CTGCAGGGTCACCTTC.1",1000
"X1_CTGCAGGGTCAGACTT.1",4
"X1_CTGCAGGGTGGATACG.1",1000
"X1_CTGCAGGGTTGCGTAT.1",6
"X1_CTGCAGGGTTGTAAAG.1",7
"X1_CTGCAGGTCACTCCGT.1",1000
"X1_CTGCAGGTCACTCGAA.1",8
"X1_CTGCAGGTCAGGGATG.1",4
"X1_CTGCAGGTCCGGACTG.1",7
"X1_CTGCAGGTCCTAACAG.1",1000
"X1_CTGCAGGTCCTAAGTG.1",8
"X1_CTGCAGGTCGCTAAAC.1",1
"X1_CTGCAGGTCTTCCGTG.1",8
"X1_CTGCAGGTCTTCTCAA.1",8
"X1_CTGCATCAGAGCCATG.1",4
"X1_CTGCATCAGAGTGTTA.1",1000
"X1_CTGCATCAGATAGTCA.1",8
"X1_CTGCATCAGCAATAGT.1",8
"X1_CTGCATCAGCCTGAAG.1",3
"X1_CTGCATCAGCCTTGAT.1",8
"X1_CTGCATCAGGTAATCA.1",7
"X1_CTGCATCAGTGAGTTA.1",8
"X1_CTGCATCAGTTGTCGT.1",1000
"X1_CTGCATCCAAGCACCC.1",1
"X1_CTGCATCCAAGGCGTA.1",0
"X1_CTGCATCCAATCGCAT.1",3
"X1_CTGCATCCACTCATAG.1",8
"X1_CTGCATCCAGCTATAC.1",7
"X1_CTGCATCCAGCTCGGT.1",1000
"X1_CTGCATCCAGGCCTGT.1",7
"X1_CTGCATCCATGGGTCC.1",1000
"X1_CTGCATCGTCAAGGCA.1",2
"X1_CTGCATCGTCCAGCAC.1",8
"X1_CTGCATCGTCCTACGG.1",1000
"X1_CTGCATCGTGAACCGA.1",4
"X1_CTGCATCGTGCAACAG.1",7
"X1_CTGCATCGTTCCTAAG.1",7
"X1_CTGCATCGTTTAAGGA.1",7
"X1_CTGCATCTCAACTCTT.1",0
"X1_CTGCATCTCACCGACG.1",1000
"X1_CTGCATCTCATAAGGA.1",4
"X1_CTGCATCTCATATGGC.1",7
"X1_CTGCATCTCATTACGG.1",8
"X1_CTGCATCTCCCTCGAT.1",7
"X1_CTGCATCTCCCTTGGT.1",7
"X1_CTGCATCTCCGGTAAT.1",5
"X1_CTGCATCTCGCACTCT.1",6
"X1_CTGCATCTCGTGCTCT.1",4
"X1_CTGCATCTCTTGCGCT.1",7
"X1_CTGCCATAGACTTCCA.1",3
"X1_CTGCCATAGCATTTCG.1",1000
"X1_CTGCCATAGGAGGGTG.1",3
"X1_CTGCCATAGGATTCAA.1",1
"X1_CTGCCATAGGCACAAC.1",1
"X1_CTGCCATAGGGCGAGA.1",1000
"X1_CTGCCATAGGTCGACA.1",7
"X1_CTGCCATAGGTGGCTA.1",5
"X1_CTGCCATCAAAGGGCT.1",8
"X1_CTGCCATCAACTGGTT.1",5
"X1_CTGCCATCAAGACTGG.1",5
"X1_CTGCCATCAATAGGGC.1",8
"X1_CTGCCATCAATGTGGG.1",1000
"X1_CTGCCATCACGACGTC.1",2
"X1_CTGCCATCACTTGTGA.1",3
"X1_CTGCCATCAGCCTATA.1",5
"X1_CTGCCATCAGCTGTTA.1",5
"X1_CTGCCATCAGTTACCA.1",8
"X1_CTGCCATCATCCTCAC.1",4
"X1_CTGCCATGTCACCCTT.1",8
"X1_CTGCCATGTCAGACGA.1",4
"X1_CTGCCATGTCTGTAGT.1",8
"X1_CTGCCATGTCTTCAAG.1",1000
"X1_CTGCCATGTGGATGAC.1",8
"X1_CTGCCATGTGTGTCGC.1",4
"X1_CTGCCATGTTCTTAGG.1",1
"X1_CTGCCATGTTTACTGG.1",1000
"X1_CTGCCATTCACGGGCT.1",1000
"X1_CTGCCATTCACTTTGT.1",7
"X1_CTGCCATTCTAAACGC.1",7
"X1_CTGCCATTCTATCACT.1",8
"X1_CTGCCATTCTGAGGCC.1",1
"X1_CTGCCATTCTGGCTGG.1",0
"X1_CTGCCATTCTTGGGCG.1",1000
"X1_CTGCCTAAGACTCATC.1",8
"X1_CTGCCTAAGCTGTTCA.1",8
"X1_CTGCCTAAGGCATCTT.1",3
"X1_CTGCCTAAGGGAGTTC.1",1
"X1_CTGCCTAAGGTCATTC.1",7
"X1_CTGCCTAAGTCCCAGC.1",3
"X1_CTGCCTAAGTGGCCTC.1",4
"X1_CTGCCTACACAAGCCC.1",8
"X1_CTGCCTACACCAGACC.1",4
"X1_CTGCCTACACCGTCTT.1",0
"X1_CTGCCTACACTTGAAC.1",3
"X1_CTGCCTACAGATTTCG.1",8
"X1_CTGCCTACAGCCTACG.1",1
"X1_CTGCCTACAGCTATTG.1",8
"X1_CTGCCTACAGTCGAGA.1",7
"X1_CTGCCTACATGTGCTA.1",8
"X1_CTGCCTAGTACTGCGC.1",4
"X1_CTGCCTAGTAGAAACT.1",1000
"X1_CTGCCTAGTAGATCCT.1",4
"X1_CTGCCTAGTAGGCTCC.1",1000
"X1_CTGCCTAGTGACATCT.1",0
"X1_CTGCCTAGTGGTCCCA.1",8
"X1_CTGCCTAGTGGTCTGC.1",5
"X1_CTGCCTAGTTGTAGCT.1",1000
"X1_CTGCCTATCACTTGTT.1",0
"X1_CTGCCTATCAGCGCGT.1",5
"X1_CTGCCTATCGAAGAAT.1",4
"X1_CTGCCTATCGAAGCAG.1",8
"X1_CTGCCTATCGATTCCC.1",1000
"X1_CTGCCTATCGCACGAC.1",1000
"X1_CTGCCTATCGCAGTCG.1",8
"X1_CTGCCTATCGCCTTTG.1",1
"X1_CTGCCTATCGGTCACG.1",3
"X1_CTGCCTATCTCAACCC.1",5
"X1_CTGCCTATCTCGGCTT.1",8
"X1_CTGCCTATCTTACCGC.1",7
"X1_CTGCCTATCTTCACGC.1",8
"X1_CTGCCTATCTTTCAGT.1",1000
"X1_CTGCGAGAGAGTCTTC.1",4
"X1_CTGCGAGAGATGAATC.1",8
"X1_CTGCGAGAGCACTCTA.1",5
"X1_CTGCGAGAGCATACTC.1",1
"X1_CTGCGAGAGCGATTCT.1",7
"X1_CTGCGAGAGCTAAACA.1",7
"X1_CTGCGAGAGGACAAGA.1",4
"X1_CTGCGAGAGGGAGGCA.1",3
"X1_CTGCGAGAGGTAGGCT.1",2
"X1_CTGCGAGAGGTATAGT.1",8
"X1_CTGCGAGAGGTCCCGT.1",1000
"X1_CTGCGAGAGTCAGCGA.1",3
"X1_CTGCGAGAGTCTCGTA.1",4
"X1_CTGCGAGCAAGATTGA.1",8
"X1_CTGCGAGCACATTCTT.1",3
"X1_CTGCGAGCACTCATAG.1",4
"X1_CTGCGAGCAGCTTCCT.1",2
"X1_CTGCGAGCATAACGGG.1",8
"X1_CTGCGAGCATCGATAC.1",7
"X1_CTGCGAGCATCGATGT.1",6
"X1_CTGCGAGCATCGGATT.1",8
"X1_CTGCGAGGTAACATGA.1",1000
"X1_CTGCGAGGTAACCCTA.1",1000
"X1_CTGCGAGGTCCCGGTA.1",3
"X1_CTGCGAGGTCGTACTA.1",8
"X1_CTGCGAGGTCTACGAT.1",5
"X1_CTGCGAGGTCTTGTCC.1",8
"X1_CTGCGAGGTGAGGAAA.1",8
"X1_CTGCGAGGTTCAAAGA.1",8
"X1_CTGCGAGTCAGTCAGT.1",8
"X1_CTGCGAGTCAGTGTTG.1",4
"X1_CTGCGAGTCCACGTGG.1",3
"X1_CTGCGAGTCCATAAGC.1",1000
"X1_CTGCGAGTCTGGGAGA.1",1000
"X1_CTGCTCAAGCATAGGC.1",7
"X1_CTGCTCAAGCCTGAGA.1",8
"X1_CTGCTCAAGCTGAGCA.1",1000
"X1_CTGCTCAAGGAGGCAG.1",1
"X1_CTGCTCACAAGGCTTT.1",8
"X1_CTGCTCACAGCCTTCT.1",4
"X1_CTGCTCACATGAGGGT.1",7
"X1_CTGCTCACATGGATCT.1",5
"X1_CTGCTCACATTCGATG.1",3
"X1_CTGCTCACATTCTGTT.1",3
"X1_CTGCTCAGTCGGATTT.1",8
"X1_CTGCTCAGTGACTCGC.1",1000
"X1_CTGCTCAGTGCAATAA.1",2
"X1_CTGCTCAGTGGACTGA.1",7
"X1_CTGCTCAGTGGCCCAT.1",4
"X1_CTGCTCAGTTATCTTC.1",4
"X1_CTGCTCAGTTCGAAGG.1",1000
"X1_CTGCTCAGTTGGGACA.1",2
"X1_CTGCTCAGTTGTGTAC.1",2
"X1_CTGCTCATCAAGTGGG.1",8
"X1_CTGCTCATCATTATCC.1",1
"X1_CTGCTCATCCGATCTC.1",1000
"X1_CTGCTCATCGCGTTTC.1",8
"X1_CTGCTCATCGTCGACG.1",4
"X1_CTGCTCATCTACACAG.1",4
"X1_CTGCTCATCTCAGGCG.1",1000
"X1_CTGCTCATCTTGGCTC.1",8
"X1_CTGGACGAGAGCCGAT.1",4
"X1_CTGGACGAGATTAGCA.1",4
"X1_CTGGACGAGCACTAAA.1",7
"X1_CTGGACGAGCACTCTA.1",1000
"X1_CTGGACGAGCCAGAGT.1",4
"X1_CTGGACGAGCCGTTGC.1",6
"X1_CTGGACGAGCGATCGA.1",1000
"X1_CTGGACGAGCTGTGCC.1",4
"X1_CTGGACGAGGTGATCG.1",4
"X1_CTGGACGAGTAGACCG.1",7
"X1_CTGGACGCAAGAGTTA.1",1000
"X1_CTGGACGCAAGCAATA.1",6
"X1_CTGGACGCAAGGTCGA.1",4
"X1_CTGGACGCAATGGCAG.1",2
"X1_CTGGACGCACAAATCC.1",7
"X1_CTGGACGCAGAACGCA.1",8
"X1_CTGGACGCAGAGAATT.1",6
"X1_CTGGACGCATGGACAG.1",8
"X1_CTGGACGCATGTTTGG.1",7
"X1_CTGGACGGTCAACGCC.1",5
"X1_CTGGACGGTCGAACAG.1",1000
"X1_CTGGACGGTGCTGTCG.1",4
"X1_CTGGACGGTGTCCGGT.1",1000
"X1_CTGGACGGTTGGAGGT.1",1000
"X1_CTGGACGTCAAATGAG.1",8
"X1_CTGGACGTCAAGCCAT.1",8
"X1_CTGGACGTCTAACGCA.1",2
"X1_CTGGACGTCTGTCAGA.1",4
"X1_CTGGCAGAGACGCCAA.1",5
"X1_CTGGCAGAGAGATGCC.1",5
"X1_CTGGCAGAGAGTTGAT.1",8
"X1_CTGGCAGAGATTGGGC.1",1000
"X1_CTGGCAGAGCAAGTGC.1",8
"X1_CTGGCAGAGCGTGAGT.1",8
"X1_CTGGCAGAGGGACACT.1",4
"X1_CTGGCAGAGGTAACTA.1",6
"X1_CTGGCAGAGTCCTGTA.1",6
"X1_CTGGCAGCAAAGACTA.1",8
"X1_CTGGCAGCAAGACAAT.1",2
"X1_CTGGCAGCAGCTAACT.1",1
"X1_CTGGCAGCATCGGAAG.1",1000
"X1_CTGGCAGCATGACTCA.1",1000
"X1_CTGGCAGCATGGGAAC.1",4
"X1_CTGGCAGGTAAGTTGA.1",1000
"X1_CTGGCAGGTACGACTT.1",1000
"X1_CTGGCAGGTCACAGAG.1",7
"X1_CTGGCAGGTCACTTAG.1",3
"X1_CTGGCAGGTCCCTGTT.1",2
"X1_CTGGCAGGTCGCATGC.1",4
"X1_CTGGCAGGTCTAGGTT.1",7
"X1_CTGGCAGGTGAATGAT.1",1000
"X1_CTGGCAGGTGAATTAG.1",4
"X1_CTGGCAGGTGAGATTA.1",8
"X1_CTGGCAGGTGAGCAGT.1",3
"X1_CTGGCAGGTGCTATTG.1",3
"X1_CTGGCAGGTGCTGATT.1",3
"X1_CTGGCAGGTGTCTTGA.1",1000
"X1_CTGGCAGTCAAGAAAC.1",4
"X1_CTGGCAGTCAGGACGA.1",8
"X1_CTGGCAGTCATGCCAA.1",0
"X1_CTGGCAGTCCGAGATT.1",4
"X1_CTGGCAGTCGGCTGAC.1",6
"X1_CTGGCAGTCTGCCTGT.1",8
"X1_CTGGTCTAGCCTGACC.1",1000
"X1_CTGGTCTAGGGCATGT.1",3
"X1_CTGGTCTAGTCGTTAC.1",4
"X1_CTGGTCTCAAATAAGC.1",7
"X1_CTGGTCTCAACGTAAA.1",7
"X1_CTGGTCTCAATCCTAG.1",7
"X1_CTGGTCTCACACCTTC.1",4
"X1_CTGGTCTCAGAAACCG.1",3
"X1_CTGGTCTCAGACCGCT.1",8
"X1_CTGGTCTCAGAGTTCT.1",3
"X1_CTGGTCTCAGCCCACA.1",1000
"X1_CTGGTCTCAGCCTTCT.1",8
"X1_CTGGTCTCATCTTTCA.1",4
"X1_CTGGTCTCATTCAGGT.1",8
"X1_CTGGTCTCATTGACAC.1",5
"X1_CTGGTCTGTAAGCAAT.1",8
"X1_CTGGTCTGTAGCCAGA.1",7
"X1_CTGGTCTGTAGGAAAG.1",4
"X1_CTGGTCTGTCCCTCAT.1",2
"X1_CTGGTCTGTCCGGTCA.1",4
"X1_CTGGTCTGTGCATTAC.1",3
"X1_CTGGTCTGTGGACAGT.1",4
"X1_CTGGTCTGTTACGATC.1",3
"X1_CTGGTCTGTTTAGACC.1",4
"X1_CTGGTCTTCCATCCGT.1",1000
"X1_CTGGTCTTCGACATCA.1",4
"X1_CTGGTCTTCGCTAATG.1",1000
"X1_CTGGTCTTCGCTGTTC.1",2
"X1_CTGGTCTTCTGCCTCA.1",8
"X1_CTGGTCTTCTGTACAG.1",4
"X1_CTGTACCAGAAGTCTA.1",8
"X1_CTGTACCAGACCTCCG.1",0
"X1_CTGTACCAGACTTCGT.1",8
"X1_CTGTACCAGATACGAT.1",1000
"X1_CTGTACCAGCGTATAA.1",1000
"X1_CTGTACCAGCTAATCC.1",3
"X1_CTGTACCAGCTCTGTA.1",4
"X1_CTGTACCAGGAAAGAC.1",1000
"X1_CTGTACCAGGGAGTTC.1",3
"X1_CTGTACCAGTTCGCAT.1",2
"X1_CTGTACCCACATAGCT.1",5
"X1_CTGTACCCACCAAAGG.1",8
"X1_CTGTACCCACTCCGAG.1",1000
"X1_CTGTACCCAGAGGCAT.1",3
"X1_CTGTACCCATGTGCCG.1",1000
"X1_CTGTACCGTAATGCGG.1",1000
"X1_CTGTACCGTACCAGAG.1",8
"X1_CTGTACCGTACGGCAA.1",3
"X1_CTGTACCGTATGCGTT.1",1000
"X1_CTGTACCGTCCTGGTG.1",3
"X1_CTGTACCGTCTAGTGT.1",1000
"X1_CTGTACCGTGAATGAT.1",1000
"X1_CTGTACCGTGAGGCAT.1",3
"X1_CTGTACCGTGATTGGG.1",7
"X1_CTGTACCGTGCAATGG.1",1000
"X1_CTGTACCGTGCACATT.1",0
"X1_CTGTACCGTGTCTTAG.1",1000
"X1_CTGTACCGTTGAGTCT.1",6
"X1_CTGTACCGTTGTCATG.1",8
"X1_CTGTACCTCAAGCGTT.1",8
"X1_CTGTACCTCACCTCGT.1",8
"X1_CTGTACCTCCACCCTA.1",1000
"X1_CTGTACCTCCATAAGC.1",8
"X1_CTGTACCTCCGTGGGT.1",1000
"X1_CTGTACCTCCTACCGT.1",6
"X1_CTGTACCTCCTTTAGT.1",4
"X1_CTGTACCTCGAGTACT.1",2
"X1_CTGTACCTCTAGACAC.1",1000
"X1_CTGTACCTCTGAGAAA.1",8
"X1_CTGTACCTCTGGAAGG.1",1000
"X1_CTGTACCTCTGTTCAT.1",1
"X1_CTGTAGAAGAAACTCA.1",3
"X1_CTGTAGAAGAAAGCGA.1",4
"X1_CTGTAGAAGAGAGTGA.1",0
"X1_CTGTAGAAGAGCATCG.1",3
"X1_CTGTAGAAGCTTAAGA.1",7
"X1_CTGTAGAAGGTAGCAC.1",8
"X1_CTGTAGACAACAAGTA.1",1000
"X1_CTGTAGACAAGCGATG.1",2
"X1_CTGTAGACACCACTGG.1",5
"X1_CTGTAGACACGTCATA.1",4
"X1_CTGTAGACACTATCCC.1",2
"X1_CTGTAGACAGAATCGG.1",4
"X1_CTGTAGAGTAGTGGCA.1",8
"X1_CTGTAGAGTCCCACGA.1",2
"X1_CTGTAGAGTCGCACGT.1",6
"X1_CTGTAGAGTCTCAAGT.1",1
"X1_CTGTAGAGTGAGCTCC.1",7
"X1_CTGTAGAGTGCCTGCA.1",6
"X1_CTGTAGAGTGGGTTGA.1",1000
"X1_CTGTAGAGTTGCTAGT.1",1
"X1_CTGTAGAGTTGGAGAC.1",4
"X1_CTGTAGAGTTTGGAGG.1",1
"X1_CTGTAGAGTTTGTGGT.1",7
"X1_CTGTAGATCAAATAGG.1",4
"X1_CTGTAGATCATGTCTT.1",2
"X1_CTGTAGATCCCTATTA.1",8
"X1_CTGTAGATCCGGACGT.1",8
"X1_CTGTAGATCCTGCTAC.1",8
"X1_CTGTAGATCGCAGTTA.1",0
"X1_CTGTAGATCTGGGCGT.1",1
"X1_CTGTAGATCTTCCCAG.1",1000
"X1_CTGTATTAGATAGCAT.1",0
"X1_CTGTATTAGATCACTC.1",3
"X1_CTGTATTAGATGACCG.1",1000
"X1_CTGTATTAGCAGCCTC.1",4
"X1_CTGTATTAGCATCTTG.1",1
"X1_CTGTATTAGCATGAAT.1",1000
"X1_CTGTATTAGCCGAACA.1",7
"X1_CTGTATTAGCCTCAAT.1",4
"X1_CTGTATTAGGACGCAT.1",7
"X1_CTGTATTAGGACGGAG.1",4
"X1_CTGTATTAGGCTCTAT.1",7
"X1_CTGTATTAGGGCAATC.1",7
"X1_CTGTATTAGGTCCCGT.1",8
"X1_CTGTATTAGGTGCATG.1",1000
"X1_CTGTATTAGTCATAGA.1",1000
"X1_CTGTATTCAAGACCGA.1",2
"X1_CTGTATTCACAAATGA.1",1
"X1_CTGTATTCACACGGAA.1",7
"X1_CTGTATTCACGACGCT.1",8
"X1_CTGTATTCAGACCCGT.1",1000
"X1_CTGTATTCATCACAGT.1",7
"X1_CTGTATTCATGACTAC.1",7
"X1_CTGTATTGTAGTACGG.1",1000
"X1_CTGTATTGTATGAAAC.1",7
"X1_CTGTATTGTCGGTGTC.1",1
"X1_CTGTATTGTGAGACGT.1",3
"X1_CTGTATTGTGCAACAG.1",3
"X1_CTGTATTGTGGTAATA.1",1000
"X1_CTGTATTGTGGTCAAG.1",4
"X1_CTGTATTGTTATAGCC.1",2
"X1_CTGTATTGTTGCATTG.1",6
"X1_CTGTATTTCAACTGAC.1",3
"X1_CTGTATTTCAAGTGGG.1",6
"X1_CTGTATTTCCCTTGTG.1",1000
"X1_CTGTATTTCGGCCTTT.1",8
"X1_CTGTATTTCTCTAGGA.1",8
"X1_CTGTCGTAGAAACTGT.1",1000
"X1_CTGTCGTAGACGAGCT.1",6
"X1_CTGTCGTAGACGATAT.1",4
"X1_CTGTCGTAGATAACAC.1",7
"X1_CTGTCGTAGCTCGAAG.1",8
"X1_CTGTCGTAGGGAACAA.1",7
"X1_CTGTCGTAGTCAGCCC.1",8
"X1_CTGTCGTAGTGTCATC.1",8
"X1_CTGTCGTCAAGTGGTG.1",1000
"X1_CTGTCGTCACTGGCGT.1",3
"X1_CTGTCGTGTAACCCTA.1",1000
"X1_CTGTCGTGTATACAGA.1",2
"X1_CTGTCGTGTCACTACA.1",6
"X1_CTGTCGTGTCAGACGA.1",7
"X1_CTGTCGTGTGAGCAGT.1",1000
"X1_CTGTCGTGTGCCCACA.1",7
"X1_CTGTCGTGTGTATACC.1",1
"X1_CTGTCGTGTGTCCGGT.1",1
"X1_CTGTCGTGTTCGGCGT.1",1000
"X1_CTGTCGTTCAACTCTT.1",3
"X1_CTGTCGTTCACCCTGT.1",1000
"X1_CTGTCGTTCAGCTGTA.1",8
"X1_CTGTCGTTCAGGCGAA.1",3
"X1_CTGTCGTTCATAGCAC.1",7
"X1_CTGTCGTTCCATCAGA.1",7
"X1_CTGTCGTTCCCGAAAT.1",1000
"X1_CTGTCGTTCCGAGGCT.1",4
"X1_CTGTCGTTCCGCGATG.1",7
"X1_CTGTCGTTCCGTAGTA.1",8
"X1_CTGTCGTTCTTGCAAG.1",1000
"X1_CTGTGAAAGAACGTGC.1",2
"X1_CTGTGAAAGAGGGTGG.1",1000
"X1_CTGTGAAAGATGATTG.1",3
"X1_CTGTGAAAGGCCTTCG.1",1000
"X1_CTGTGAAAGTAAACGT.1",6
"X1_CTGTGAAAGTCGTTAC.1",4
"X1_CTGTGAACAAATAAGC.1",3
"X1_CTGTGAACAACACGTT.1",6
"X1_CTGTGAACAAGATCCT.1",4
"X1_CTGTGAACACACCGAC.1",1000
"X1_CTGTGAACAGCGGATA.1",4
"X1_CTGTGAACAGTGTGCC.1",1000
"X1_CTGTGAACATCACCAA.1",7
"X1_CTGTGAACATCCGATA.1",1000
"X1_CTGTGAACATCGAACT.1",1000
"X1_CTGTGAACATGGAATA.1",1
"X1_CTGTGAACATTGCCTC.1",1000
"X1_CTGTGAAGTACAATAG.1",1000
"X1_CTGTGAAGTACGGCAA.1",5
"X1_CTGTGAAGTAGAGCTG.1",3
"X1_CTGTGAAGTAGGAGTC.1",4
"X1_CTGTGAAGTATCGCTA.1",3
"X1_CTGTGAAGTCAACCTA.1",5
"X1_CTGTGAAGTCGACTTA.1",4
"X1_CTGTGAAGTGCCCTTT.1",2
"X1_CTGTGAAGTGGATCGA.1",3
"X1_CTGTGAAGTGTCATGT.1",4
"X1_CTGTGAAGTGTCGCTG.1",2
"X1_CTGTGAAGTTCGGCGT.1",0
"X1_CTGTGAAGTTTATGCG.1",7
"X1_CTGTGAATCACTACGA.1",4
"X1_CTGTGAATCAGGAAGC.1",1000
"X1_CTGTGAATCCAAAGGG.1",8
"X1_CTGTGAATCCACCTCA.1",1000
"X1_CTGTGAATCCATCAGA.1",1000
"X1_CTGTGAATCGCACGGT.1",1000
"X1_CTGTGAATCGCCTAGG.1",1000
"X1_CTGTGAATCGTAGCCG.1",1000
"X1_CTGTGAATCGTCCTCA.1",4
"X1_CTGTGAATCTCGGTCT.1",1000
"X1_CTGTGGGAGAATAACC.1",8
"X1_CTGTGGGAGAATAGTC.1",0
"X1_CTGTGGGAGACCAAAT.1",8
"X1_CTGTGGGAGACGCCAA.1",1
"X1_CTGTGGGAGATACTGA.1",1000
"X1_CTGTGGGAGGTAAGAG.1",7
"X1_CTGTGGGAGTGAGGTC.1",3
"X1_CTGTGGGAGTGTGTTC.1",8
"X1_CTGTGGGAGTTCTACG.1",3
"X1_CTGTGGGCAAAGAGTT.1",4
"X1_CTGTGGGCACAATTCG.1",1000
"X1_CTGTGGGCACATTACG.1",1000
"X1_CTGTGGGCACTTGTGA.1",2
"X1_CTGTGGGCAGCGACAA.1",8
"X1_CTGTGGGCAGTCAGCC.1",1
"X1_CTGTGGGCATAGACTC.1",3
"X1_CTGTGGGCATATCGGT.1",5
"X1_CTGTGGGCATATGCGT.1",3
"X1_CTGTGGGCATCTCCCA.1",3
"X1_CTGTGGGGTAATTAGG.1",8
"X1_CTGTGGGGTCAACGCC.1",8
"X1_CTGTGGGGTCGAACGA.1",0
"X1_CTGTGGGGTGTAAACA.1",1000
"X1_CTGTGGGGTGTCCCTT.1",8
"X1_CTGTGGGGTGTGCTTA.1",7
"X1_CTGTGGGGTTGCAACT.1",5
"X1_CTGTGGGTCCTAGCTC.1",0
"X1_CTGTGGGTCGAGATAA.1",2
"X1_CTGTGGGTCTCATGCC.1",8
"X1_CTGTGGGTCTTTCCAA.1",4
"X1_CTGTGGGTCTTTGCGC.1",1000
"X1_CTTACCGAGCTGGAGT.1",8
"X1_CTTACCGAGGAACTAT.1",1000
"X1_CTTACCGAGGCATCTT.1",0
"X1_CTTACCGAGGGACCAT.1",7
"X1_CTTACCGAGGTAAAGG.1",8
"X1_CTTACCGCAAGGGCAT.1",7
"X1_CTTACCGCAAGTCCAT.1",3
"X1_CTTACCGCACCAGACC.1",4
"X1_CTTACCGCAGACGCTC.1",1
"X1_CTTACCGCATAGACTC.1",8
"X1_CTTACCGCATCCTAAG.1",2
"X1_CTTACCGCATGTGCCG.1",8
"X1_CTTACCGCATGTTTGG.1",1000
"X1_CTTACCGGTACGTTCA.1",4
"X1_CTTACCGGTAGCACAG.1",8
"X1_CTTACCGGTATGTGTC.1",3
"X1_CTTACCGGTCCATACA.1",3
"X1_CTTACCGGTGACGTCC.1",4
"X1_CTTACCGGTGGACAGT.1",7
"X1_CTTACCGGTTCCCAAA.1",1000
"X1_CTTACCGGTTCGGCCA.1",8
"X1_CTTACCGTCACTACTT.1",1000
"X1_CTTACCGTCAGGCGAA.1",1000
"X1_CTTACCGTCCGACGGT.1",7
"X1_CTTACCGTCGTTCCCA.1",7
"X1_CTTAGGAAGCATCAGG.1",1000
"X1_CTTAGGAAGCGTTGTT.1",8
"X1_CTTAGGAAGTAGTCCT.1",1
"X1_CTTAGGAAGTCAATCC.1",8
"X1_CTTAGGAAGTTCTACG.1",8
"X1_CTTAGGACAAGAAATC.1",1000
"X1_CTTAGGACAATGTCTG.1",1000
"X1_CTTAGGACACGTCTCT.1",6
"X1_CTTAGGACAGCTCTGG.1",1
"X1_CTTAGGACAGGACTAG.1",1000
"X1_CTTAGGACAGTGTGCC.1",8
"X1_CTTAGGACATCGTTCC.1",3
"X1_CTTAGGACATTCGATG.1",2
"X1_CTTAGGACATTGTGCA.1",8
"X1_CTTAGGAGTCTATGAC.1",7
"X1_CTTAGGAGTCTGATCA.1",8
"X1_CTTAGGAGTGCGGCTT.1",8
"X1_CTTAGGAGTGTGTCCG.1",4
"X1_CTTAGGAGTTATCTGG.1",5
"X1_CTTAGGAGTTCCAGGC.1",8
"X1_CTTAGGAGTTCTATCT.1",5
"X1_CTTAGGAGTTCTCCAC.1",3
"X1_CTTAGGATCACCCTGT.1",8
"X1_CTTAGGATCCAAGCAT.1",3
"X1_CTTAGGATCGATACGT.1",4
"X1_CTTAGGATCGTTCCTG.1",8
"X1_CTTAGGATCTGACCCT.1",1
"X1_CTTCAATAGCTGCCTG.1",5
"X1_CTTCAATAGCTTTGTG.1",4
"X1_CTTCAATAGGAAAGAC.1",1000
"X1_CTTCAATAGTATTAGG.1",1000
"X1_CTTCAATAGTGACCTT.1",4
"X1_CTTCAATAGTGTGTTC.1",7
"X1_CTTCAATAGTTTAGGA.1",1000
"X1_CTTCAATCAAACTAAG.1",1000
"X1_CTTCAATCAACGATCT.1",8
"X1_CTTCAATCAAGAGCTG.1",1000
"X1_CTTCAATCAATCCTAG.1",4
"X1_CTTCAATCAGAAATTG.1",8
"X1_CTTCAATCAGGTTACT.1",3
"X1_CTTCAATCAGTTGTCA.1",3
"X1_CTTCAATCATAATGAG.1",7
"X1_CTTCAATCATACCGTA.1",3
"X1_CTTCAATCATAGCTGT.1",1
"X1_CTTCAATCATATGCGT.1",8
"X1_CTTCAATGTAAGATCA.1",8
"X1_CTTCAATGTACTGACT.1",5
"X1_CTTCAATGTAGGCAGT.1",8
"X1_CTTCAATGTCATCGCG.1",7
"X1_CTTCAATGTCCTCCAT.1",1000
"X1_CTTCAATGTCTAGATC.1",5
"X1_CTTCAATGTCTAGTGT.1",0
"X1_CTTCAATGTCTCAGAT.1",8
"X1_CTTCAATGTCTGTGGC.1",7
"X1_CTTCAATGTGCTGCAC.1",4
"X1_CTTCAATGTGGCAACA.1",1000
"X1_CTTCAATGTTACCTTT.1",4
"X1_CTTCAATGTTAGAGAT.1",7
"X1_CTTCAATGTTTCACAG.1",2
"X1_CTTCAATGTTTGCCGG.1",8
"X1_CTTCAATTCACTCTTA.1",1000
"X1_CTTCAATTCACTGAAC.1",4
"X1_CTTCAATTCCAAGGGA.1",8
"X1_CTTCAATTCGCACGGT.1",1
"X1_CTTCAATTCGTTACCC.1",8
"X1_CTTCAATTCTAGCATG.1",7
"X1_CTTCAATTCTGAGGTT.1",8
"X1_CTTCAATTCTGGACCG.1",1000
"X1_CTTCCGAAGAAATTGC.1",8
"X1_CTTCCGAAGAGTCTGG.1",7
"X1_CTTCCGAAGCATCCCG.1",1000
"X1_CTTCCGAAGCCTTCTC.1",7
"X1_CTTCCGAAGGGCAGAG.1",6
"X1_CTTCCGAAGTCGAATA.1",8
"X1_CTTCCGACAAACGTGG.1",8
"X1_CTTCCGACAACAGCCC.1",7
"X1_CTTCCGACACGTAGTT.1",1000
"X1_CTTCCGACAGAGGCTA.1",8
"X1_CTTCCGACAGCTGTCG.1",4
"X1_CTTCCGACATGGCCCA.1",8
"X1_CTTCCGACATGTCAGT.1",4
"X1_CTTCCGAGTATGCGGA.1",7
"X1_CTTCCGAGTGAAGCGT.1",8
"X1_CTTCCGAGTGACTCTA.1",1000
"X1_CTTCCGAGTTCTCTAT.1",3
"X1_CTTCCGATCAACCTCC.1",4
"X1_CTTCCGATCACAACCA.1",3
"X1_CTTCCGATCCACAAGT.1",4
"X1_CTTCCGATCCATAGGT.1",8
"X1_CTTCCGATCCTCAGAA.1",3
"X1_CTTCCGATCCTCGATC.1",7
"X1_CTTCCGATCGACCTAA.1",6
"X1_CTTCCGATCGAGCTGC.1",4
"X1_CTTCCGATCGCTCTCA.1",1000
"X1_CTTCCGATCTCGACGG.1",1000
"X1_CTTCCGATCTTCGACC.1",5
"X1_CTTCCTTAGACCATGG.1",1000
"X1_CTTCCTTAGATTGAGT.1",4
"X1_CTTCCTTAGCCACAAG.1",8
"X1_CTTCCTTAGCCGCACT.1",8
"X1_CTTCCTTAGCGACATG.1",4
"X1_CTTCCTTAGCGGGTTA.1",1
"X1_CTTCCTTAGGAAGTGA.1",8
"X1_CTTCCTTCACAGCCAC.1",7
"X1_CTTCCTTCACGGTCTG.1",0
"X1_CTTCCTTCACGTCTCT.1",1000
"X1_CTTCCTTCACTAAACC.1",8
"X1_CTTCCTTCAGACCTAT.1",4
"X1_CTTCCTTCAGACTCTA.1",4
"X1_CTTCCTTCAGGCGATA.1",1000
"X1_CTTCCTTCAGGTCAAG.1",1000
"X1_CTTCCTTCATATCGGT.1",1000
"X1_CTTCCTTGTAAGGCTG.1",8
"X1_CTTCCTTGTAGCACGA.1",4
"X1_CTTCCTTGTCATCAGT.1",8
"X1_CTTCCTTGTCTGTGCG.1",7
"X1_CTTCCTTGTCTTCGAA.1",7
"X1_CTTCCTTGTGAGATCG.1",2
"X1_CTTCCTTGTGCCTTCT.1",5
"X1_CTTCCTTGTTAGAGAT.1",6
"X1_CTTCCTTGTTAGGACG.1",0
"X1_CTTCCTTGTTATGGTC.1",5
"X1_CTTCCTTGTTGGGTTT.1",8
"X1_CTTCCTTTCACCATCC.1",1000
"X1_CTTCCTTTCATGCGGC.1",7
"X1_CTTCCTTTCCGTCAAA.1",5
"X1_CTTCCTTTCCTGGCTT.1",1000
"X1_CTTCCTTTCGAAGCAG.1",3
"X1_CTTCCTTTCGAATCCA.1",1000
"X1_CTTCCTTTCTAGATCG.1",0
"X1_CTTCCTTTCTATCGGA.1",1000
"X1_CTTCCTTTCTTAAGGC.1",8
"X1_CTTCGGTAGACACACG.1",3
"X1_CTTCGGTAGACGAGCT.1",8
"X1_CTTCGGTAGATCCTAC.1",7
"X1_CTTCGGTAGCAAATCA.1",2
"X1_CTTCGGTAGCATCCTA.1",1000
"X1_CTTCGGTAGCTAATGA.1",1000
"X1_CTTCGGTAGGATTTGA.1",7
"X1_CTTCGGTAGGGAACAA.1",8
"X1_CTTCGGTAGTCAGAGC.1",7
"X1_CTTCGGTAGTTGCATC.1",3
"X1_CTTCGGTCAACCCTCT.1",1000
"X1_CTTCGGTCAAGACGGT.1",1000
"X1_CTTCGGTCAATAGTCC.1",0
"X1_CTTCGGTCAATCCTAG.1",6
"X1_CTTCGGTCACTGGAAG.1",7
"X1_CTTCGGTCAGATACCT.1",7
"X1_CTTCGGTCAGGCGATA.1",1000
"X1_CTTCGGTCATCTATCT.1",7
"X1_CTTCGGTCATGGACAG.1",6
"X1_CTTCGGTCATGTAACC.1",3
"X1_CTTCGGTGTATACAGA.1",7
"X1_CTTCGGTGTATTGGCT.1",8
"X1_CTTCGGTGTCCTCCTA.1",8
"X1_CTTCGGTGTCGACTGC.1",6
"X1_CTTCGGTGTGAGGAAA.1",6
"X1_CTTCGGTGTTAAACCC.1",8
"X1_CTTCGGTGTTAGCTAC.1",1000
"X1_CTTCGGTGTTCAAACC.1",1000
"X1_CTTCGGTGTTCCAGGC.1",1000
"X1_CTTCGGTTCAAGGTGG.1",7
"X1_CTTCGGTTCCACCTGT.1",4
"X1_CTTCGGTTCCGTGCGA.1",0
"X1_CTTCGGTTCGCGTGCA.1",4
"X1_CTTCTAAAGAGGGTCT.1",1000
"X1_CTTCTAAAGCACTCCG.1",7
"X1_CTTCTAAAGCATAGGC.1",7
"X1_CTTCTAAAGGTCGCCT.1",7
"X1_CTTCTAAAGGTCTACT.1",1000
"X1_CTTCTAAAGTGATGGC.1",6
"X1_CTTCTAAAGTTTCTTC.1",7
"X1_CTTCTAACAATCCTAG.1",7
"X1_CTTCTAACACAGCTTA.1",3
"X1_CTTCTAACACGACTAT.1",3
"X1_CTTCTAACACGGATCC.1",1000
"X1_CTTCTAACAGACACAG.1",8
"X1_CTTCTAACAGGTTCCG.1",4
"X1_CTTCTAACAGTCGAGA.1",2
"X1_CTTCTAACATGTACGT.1",1
"X1_CTTCTAAGTACAAGCG.1",8
"X1_CTTCTAAGTATCGGTT.1",1000
"X1_CTTCTAAGTCACTCGG.1",1000
"X1_CTTCTAAGTCCGGCAT.1",8
"X1_CTTCTAAGTCTGCATA.1",1000
"X1_CTTCTAAGTCTTCTAT.1",1000
"X1_CTTCTAAGTGACACGA.1",5
"X1_CTTCTAAGTGTCCGTG.1",4
"X1_CTTCTAAGTTATCTGG.1",8
"X1_CTTCTAAGTTCAAGGG.1",7
"X1_CTTCTAAGTTGTCCCT.1",7
"X1_CTTCTAAGTTTGGGTT.1",1000
"X1_CTTCTAATCAGCTCTC.1",1000
"X1_CTTCTAATCAGCTGAT.1",1000
"X1_CTTCTAATCATTGAGC.1",8
"X1_CTTCTAATCCCGATCT.1",4
"X1_CTTCTAATCGCTCTCA.1",3
"X1_CTTCTAATCGGTCACG.1",1
"X1_CTTCTAATCTCTAAGG.1",1000
"X1_CTTCTAATCTGCGTCT.1",8
"X1_CTTCTCTAGACCTCAT.1",1000
"X1_CTTCTCTAGATGAAGG.1",1000
"X1_CTTCTCTAGGCACGAT.1",7
"X1_CTTCTCTAGGCACTCC.1",5
"X1_CTTCTCTAGGCGAAGG.1",8
"X1_CTTCTCTAGGGCTGAT.1",7
"X1_CTTCTCTAGGGTGGGA.1",7
"X1_CTTCTCTAGTAGCAAT.1",8
"X1_CTTCTCTAGTCATGGG.1",3
"X1_CTTCTCTAGTCCGCGT.1",1000
"X1_CTTCTCTAGTTCTCTT.1",3
"X1_CTTCTCTCAAAGCAAT.1",3
"X1_CTTCTCTCAACGTTAC.1",1000
"X1_CTTCTCTCAAGGCCTC.1",3
"X1_CTTCTCTCAATGCTCA.1",1000
"X1_CTTCTCTCACTAACGT.1",1000
"X1_CTTCTCTCATTAAGCC.1",1
"X1_CTTCTCTCATTAGGCT.1",7
"X1_CTTCTCTCATTCATCT.1",5
"X1_CTTCTCTGTAAGGCTG.1",4
"X1_CTTCTCTGTAATGCTC.1",6
"X1_CTTCTCTGTACAAGCG.1",4
"X1_CTTCTCTGTCAGTTTG.1",7
"X1_CTTCTCTGTGAGATAT.1",1000
"X1_CTTCTCTGTGGCCTCA.1",3
"X1_CTTCTCTGTGTCGCTG.1",8
"X1_CTTCTCTGTGTGACCC.1",8
"X1_CTTCTCTGTTCGAAGG.1",8
"X1_CTTCTCTGTTGGCCTG.1",5
"X1_CTTCTCTTCACCTCTG.1",0
"X1_CTTCTCTTCAGGACGA.1",8
"X1_CTTCTCTTCATTTCCA.1",5
"X1_CTTCTCTTCGAAGCAG.1",1
"X1_CTTCTCTTCGCAACAT.1",7
"X1_CTTCTCTTCTCGCTCA.1",0
"X1_CTTGAGAAGAACAGGA.1",4
"X1_CTTGAGAAGAATTGCA.1",1
"X1_CTTGAGAAGAGAGCCT.1",3
"X1_CTTGAGAAGAGCAAGA.1",1
"X1_CTTGAGAAGGTTAAAC.1",1
"X1_CTTGAGACAACCGTAT.1",3
"X1_CTTGAGACACATATGC.1",7
"X1_CTTGAGACACCTGCTT.1",7
"X1_CTTGAGACACTGTCCT.1",5
"X1_CTTGAGACAGCTTTCC.1",1000
"X1_CTTGAGACAGTAGAGC.1",3
"X1_CTTGAGACATGACACT.1",7
"X1_CTTGAGAGTAGAGATT.1",2
"X1_CTTGAGAGTCAGGTGA.1",1000
"X1_CTTGAGAGTCATAGTC.1",1
"X1_CTTGAGAGTCCTCATC.1",8
"X1_CTTGAGAGTCTCTCAC.1",7
"X1_CTTGAGAGTCTGTAAC.1",2
"X1_CTTGAGAGTGGAGAAA.1",1000
"X1_CTTGAGAGTGGCATCC.1",1000
"X1_CTTGAGAGTGTACGCC.1",3
"X1_CTTGAGAGTGTCGCTG.1",6
"X1_CTTGAGAGTTTCGATG.1",1
"X1_CTTGAGAGTTTCGTAG.1",4
"X1_CTTGAGATCCAGCTCT.1",7
"X1_CTTGAGATCCGACGGT.1",1000
"X1_CTTGAGATCTACCAGA.1",7
"X1_CTTGAGATCTCGGTCT.1",4
"X1_CTTGAGATCTCTATGT.1",1000
"X1_CTTGATTAGCAACTCT.1",7
"X1_CTTGATTAGCATCCTA.1",7
"X1_CTTGATTAGCGTCAGA.1",8
"X1_CTTGATTAGGATGAGA.1",1000
"X1_CTTGATTAGGCCCAAA.1",5
"X1_CTTGATTAGGCGATAC.1",1
"X1_CTTGATTAGGTCCCTG.1",4
"X1_CTTGATTCAACCGGAA.1",3
"X1_CTTGATTCACTCATAG.1",7
"X1_CTTGATTCAGAGAGGG.1",1000
"X1_CTTGATTCATCACCAA.1",4
"X1_CTTGATTGTACAAGTA.1",7
"X1_CTTGATTGTACTGAGG.1",2
"X1_CTTGATTGTATCGTAC.1",6
"X1_CTTGATTGTCGAGCAA.1",4
"X1_CTTGATTGTCTAACGT.1",1000
"X1_CTTGATTGTGACACGA.1",4
"X1_CTTGATTGTGACAGCA.1",4
"X1_CTTGATTGTGTATTCG.1",4
"X1_CTTGATTGTTGCGGAA.1",8
"X1_CTTGATTTCATAGCAC.1",7
"X1_CTTGATTTCATGAGTC.1",7
"X1_CTTGATTTCCATTGTT.1",1000
"X1_CTTGATTTCCGAAGGA.1",8
"X1_CTTGATTTCCGTATGA.1",7
"X1_CTTGATTTCTCGCGTT.1",1000
"X1_CTTGATTTCTGCATGA.1",1
"X1_CTTGATTTCTGTGCTC.1",5
"X1_CTTGATTTCTTGTGCC.1",1
"X1_CTTTCAAAGACGCTCC.1",1000
"X1_CTTTCAAAGCCTGGAA.1",6
"X1_CTTTCAAAGGTATTGA.1",1000
"X1_CTTTCAAAGGTCGACA.1",1000
"X1_CTTTCAAAGTAGCATA.1",3
"X1_CTTTCAAAGTATTAGG.1",8
"X1_CTTTCAAAGTCCTGCG.1",8
"X1_CTTTCAAAGTGAGCCA.1",0
"X1_CTTTCAACAAGATCCT.1",7
"X1_CTTTCAACACGGTCTG.1",3
"X1_CTTTCAACACGTACTA.1",8
"X1_CTTTCAACACTATCCC.1",7
"X1_CTTTCAACACTTGTGA.1",3
"X1_CTTTCAACAGGTTTAC.1",1000
"X1_CTTTCAACATCCGTTC.1",3
"X1_CTTTCAACATCGATGT.1",1
"X1_CTTTCAACATGATGCT.1",7
"X1_CTTTCAACATGCAGGA.1",3
"X1_CTTTCAACATGGAACG.1",7
"X1_CTTTCAAGTACCAGAG.1",4
"X1_CTTTCAAGTCATTCCC.1",2
"X1_CTTTCAAGTCGTGATT.1",6
"X1_CTTTCAAGTGGCGTAA.1",3
"X1_CTTTCAAGTTAGAAAC.1",4
"X1_CTTTCAAGTTCGAGCC.1",1000
"X1_CTTTCAATCAGGACGA.1",3
"X1_CTTTCAATCATTGTTC.1",8
"X1_CTTTCAATCGAGCCTG.1",2
"X1_CTTTCAATCTCCCATG.1",8
"X1_CTTTCAATCTGATTCT.1",5
"X1_CTTTCGGAGATCACCT.1",3
"X1_CTTTCGGAGCCACAAG.1",7
"X1_CTTTCGGAGCGATGGT.1",8
"X1_CTTTCGGAGCTAGCCC.1",5
"X1_CTTTCGGAGGACGGAG.1",1
"X1_CTTTCGGAGGACTGGT.1",3
"X1_CTTTCGGAGGCTAAAT.1",7
"X1_CTTTCGGAGGTGCCTC.1",1000
"X1_CTTTCGGAGTCATCGT.1",4
"X1_CTTTCGGAGTTCTCTT.1",5
"X1_CTTTCGGAGTTGAAGT.1",5
"X1_CTTTCGGCAAAGGGTC.1",7
"X1_CTTTCGGCAAGTTTGC.1",4
"X1_CTTTCGGCAATACCCA.1",7
"X1_CTTTCGGCAATGAACA.1",1000
"X1_CTTTCGGCACCTATCC.1",8
"X1_CTTTCGGCACTGAGTT.1",3
"X1_CTTTCGGCAGCGGATA.1",1000
"X1_CTTTCGGCATCGCCTT.1",2
"X1_CTTTCGGGTAGACAGC.1",1000
"X1_CTTTCGGGTAGTCACT.1",7
"X1_CTTTCGGGTCCTGTCT.1",1000
"X1_CTTTCGGGTCGAGATG.1",8
"X1_CTTTCGGGTGGAGGTT.1",1000
"X1_CTTTCGGGTGGTTTGT.1",8
"X1_CTTTCGGGTGTATCCA.1",1000
"X1_CTTTCGGGTGTCACAT.1",6
"X1_CTTTCGGGTTAGAAGT.1",6
"X1_CTTTCGGGTTCGTACA.1",0
"X1_CTTTCGGTCAGGAACG.1",7
"X1_CTTTCGGTCATTACTC.1",4
"X1_CTTTCGGTCCATGAGT.1",4
"X1_CTTTCGGTCGAGAGCA.1",1
"X1_CTTTCGGTCTACCACC.1",4
"X1_CTTTCGGTCTAGTACG.1",4
"X1_CTTTCGGTCTATTGTC.1",1000
"X1_CTTTCGGTCTCCTGCA.1",6
"X1_GAAACCTAGATTCGAA.1",1000
"X1_GAAACCTAGCAGCCCT.1",5
"X1_GAAACCTAGGTATCTC.1",1
"X1_GAAACCTAGTCATGGG.1",8
"X1_GAAACCTAGTGAGGCT.1",5
"X1_GAAACCTAGTGCTCAT.1",7
"X1_GAAACCTCAAGAGTGC.1",5
"X1_GAAACCTCACCAGACC.1",3
"X1_GAAACCTCACGCTTAA.1",1000
"X1_GAAACCTCACTACACA.1",8
"X1_GAAACCTCATTGTAGC.1",4
"X1_GAAACCTGTACCTAGT.1",8
"X1_GAAACCTGTACGAAAT.1",5
"X1_GAAACCTGTAGCTTAC.1",5
"X1_GAAACCTGTAGTCCTA.1",8
"X1_GAAACCTGTCAGATTC.1",3
"X1_GAAACCTGTCCCAAAT.1",3
"X1_GAAACCTGTCCGGATC.1",3
"X1_GAAACCTGTCTCAGGC.1",8
"X1_GAAACCTGTTGGCCTG.1",5
"X1_GAAACCTGTTGTTGAC.1",7
"X1_GAAACCTTCAACTTTC.1",4
"X1_GAAACCTTCCAAGAGG.1",8
"X1_GAAACCTTCCCGTGAG.1",3
"X1_GAAACCTTCCGGTAAT.1",1000
"X1_GAAACCTTCGCAGTCG.1",7
"X1_GAAACCTTCGGTCTGG.1",4
"X1_GAAACCTTCGTCCATC.1",4
"X1_GAAACCTTCTTAGCCC.1",1000
"X1_GAAACCTTCTTGCAGA.1",1000
"X1_GAAACCTTCTTGGGCG.1",2
"X1_GAAATGAAGCATGAAT.1",7
"X1_GAAATGAAGCCGCTTG.1",1000
"X1_GAAATGAAGCCTGGAA.1",4
"X1_GAAATGAAGCGAGAAA.1",1000
"X1_GAAATGAAGCGAGTCA.1",7
"X1_GAAATGAAGGATCACG.1",1000
"X1_GAAATGAAGGCTTTCA.1",2
"X1_GAAATGAAGGTCACTT.1",4
"X1_GAAATGAAGTAATTGG.1",1000
"X1_GAAATGACAATCCTTT.1",4
"X1_GAAATGACAATGTGGG.1",1
"X1_GAAATGACACACTTAG.1",1000
"X1_GAAATGACACAGCCTG.1",1000
"X1_GAAATGACACGACCTG.1",3
"X1_GAAATGACACGCGTGT.1",6
"X1_GAAATGACACTACACA.1",3
"X1_GAAATGACAGCTGAAG.1",4
"X1_GAAATGACATGACGGA.1",7
"X1_GAAATGAGTATTTCGG.1",1000
"X1_GAAATGAGTCACTGAT.1",7
"X1_GAAATGAGTCAGTCGC.1",1
"X1_GAAATGAGTCATACCA.1",0
"X1_GAAATGAGTCTACACA.1",1000
"X1_GAAATGAGTCTCGGAC.1",2
"X1_GAAATGAGTCTGTGAT.1",6
"X1_GAAATGAGTGCTTCAA.1",7
"X1_GAAATGAGTGGAGAAA.1",1
"X1_GAAATGAGTGGGTTGA.1",8
"X1_GAAATGAGTTCAGTAC.1",4
"X1_GAAATGAGTTCTCTCG.1",0
"X1_GAAATGATCCATTCAT.1",8
"X1_GAAATGATCCCGGTAG.1",3
"X1_GAAATGATCCGCATAA.1",1000
"X1_GAAATGATCCTTCAGC.1",1000
"X1_GAAATGATCGGCTATA.1",5
"X1_GAAATGATCGTGGGTC.1",7
"X1_GAAATGATCTCTTCAA.1",7
"X1_GAAATGATCTGGTGCG.1",3
"X1_GAACACTAGCCAGACA.1",2
"X1_GAACACTAGCGCCCAT.1",0
"X1_GAACACTAGCTAAGTA.1",1000
"X1_GAACACTAGCTGAGTG.1",1000
"X1_GAACACTAGCTGTTAC.1",2
"X1_GAACACTAGGATAATC.1",3
"X1_GAACACTAGGATCACG.1",1000
"X1_GAACACTCAAATCGGG.1",0
"X1_GAACACTCAAGAATGT.1",1000
"X1_GAACACTCAATATCCG.1",1000
"X1_GAACACTCACACGTGC.1",2
"X1_GAACACTCACAGCCAC.1",7
"X1_GAACACTCACAGTACT.1",2
"X1_GAACACTCATCCTCAC.1",0
"X1_GAACACTCATCTCCCA.1",4
"X1_GAACACTCATGATAGA.1",1000
"X1_GAACACTGTAATGATG.1",4
"X1_GAACACTGTACAACGG.1",7
"X1_GAACACTGTAGAATAC.1",1000
"X1_GAACACTGTCGTTGCG.1",2
"X1_GAACACTGTGACACGA.1",1
"X1_GAACACTGTGTCCGTG.1",4
"X1_GAACACTGTTATCCAG.1",8
"X1_GAACACTGTTTCCAAG.1",1000
"X1_GAACACTTCACCATCC.1",1000
"X1_GAACACTTCACGGGAA.1",7
"X1_GAACACTTCAGACAAA.1",8
"X1_GAACACTTCATCGCCT.1",6
"X1_GAACACTTCATGTCTT.1",1000
"X1_GAACACTTCCACACAA.1",1000
"X1_GAACACTTCCGGTAAT.1",7
"X1_GAACACTTCCTTCTTC.1",1
"X1_GAACACTTCGAATGCT.1",7
"X1_GAACACTTCTATGTGG.1",4
"X1_GAACACTTCTCATGGA.1",1000
"X1_GAACACTTCTGGGATT.1",1000
"X1_GAACACTTCTTGTGCC.1",8
"X1_GAACACTTCTTGTTAC.1",6
"X1_GAACGTTAGACCATAA.1",4
"X1_GAACGTTAGAGATGCC.1",7
"X1_GAACGTTAGCACTCAT.1",2
"X1_GAACGTTAGCCTGTGC.1",3
"X1_GAACGTTAGGTGCGAT.1",1000
"X1_GAACGTTAGTCGGCAA.1",1000
"X1_GAACGTTCAATAGAGT.1",7
"X1_GAACGTTCACCAAAGG.1",8
"X1_GAACGTTCACCCAAGC.1",3
"X1_GAACGTTCACGACAGA.1",2
"X1_GAACGTTCACTAGAGG.1",8
"X1_GAACGTTCAGAGATTA.1",8
"X1_GAACGTTGTCAAAGCG.1",1000
"X1_GAACGTTGTCAGCTTA.1",8
"X1_GAACGTTGTCTCAAGT.1",6
"X1_GAACGTTGTCTTCCGT.1",7
"X1_GAACGTTGTTTAGTCG.1",6
"X1_GAACGTTGTTTCGTGA.1",1000
"X1_GAACGTTTCACTCACC.1",6
"X1_GAACGTTTCATGAGGG.1",1000
"X1_GAACGTTTCATTGCCC.1",5
"X1_GAACGTTTCCCGAAAT.1",7
"X1_GAACGTTTCCGTGGGT.1",5
"X1_GAACGTTTCGAGCCTG.1",7
"X1_GAACGTTTCGTGCATA.1",1
"X1_GAACGTTTCTGATTCT.1",2
"X1_GAACGTTTCTGCGGGT.1",6
"X1_GAACGTTTCTTTCCGG.1",4
"X1_GAACTGTAGCACCGAA.1",1000
"X1_GAACTGTAGCAGCGAT.1",1000
"X1_GAACTGTAGCATACTC.1",1000
"X1_GAACTGTAGCGTATGG.1",1000
"X1_GAACTGTAGGGCCCTT.1",1000
"X1_GAACTGTAGTACTGGG.1",7
"X1_GAACTGTAGTGATAGT.1",4
"X1_GAACTGTAGTGCAAAT.1",4
"X1_GAACTGTAGTTTGAGA.1",8
"X1_GAACTGTCAATAACCC.1",4
"X1_GAACTGTCACCAGACC.1",8
"X1_GAACTGTCACTTGAAC.1",1000
"X1_GAACTGTCAGCAGACA.1",1000
"X1_GAACTGTCAGCATACT.1",1000
"X1_GAACTGTCAGCGCTTG.1",1000
"X1_GAACTGTCATATCTCT.1",1
"X1_GAACTGTCATCCGAGC.1",7
"X1_GAACTGTCATTCGATG.1",2
"X1_GAACTGTGTAAGTAGT.1",4
"X1_GAACTGTGTACAATAG.1",6
"X1_GAACTGTGTACGCTAT.1",8
"X1_GAACTGTGTGTCTTAG.1",8
"X1_GAACTGTGTTGTTGAC.1",4
"X1_GAACTGTGTTTACGAC.1",7
"X1_GAACTGTTCAAACCCA.1",8
"X1_GAACTGTTCACGATCA.1",4
"X1_GAACTGTTCACTGGGC.1",4
"X1_GAACTGTTCAGCCTCT.1",7
"X1_GAACTGTTCGAGAGAC.1",8
"X1_GAACTGTTCGATTTCT.1",1000
"X1_GAACTGTTCGCCTAGG.1",3
"X1_GAACTGTTCGGCTCTT.1",3
"X1_GAACTGTTCTCCTGCA.1",4
"X1_GAAGAATAGAAGTCCG.1",8
"X1_GAAGAATAGACGCCAA.1",1000
"X1_GAAGAATAGGGCAGTT.1",1000
"X1_GAAGAATAGGTTATAG.1",4
"X1_GAAGAATAGTATAGGT.1",8
"X1_GAAGAATAGTCGAAAT.1",8
"X1_GAAGAATAGTCGCCAC.1",2
"X1_GAAGAATAGTGTAGAT.1",3
"X1_GAAGAATAGTTATGGA.1",1000
"X1_GAAGAATAGTTCTCTT.1",8
"X1_GAAGAATAGTTTAGGA.1",7
"X1_GAAGAATCAACTCGTA.1",4
"X1_GAAGAATCACAGAAGC.1",7
"X1_GAAGAATCACTGCGAC.1",5
"X1_GAAGAATCAGAACATA.1",2
"X1_GAAGAATCATAGGCGA.1",7
"X1_GAAGAATCATGCGTGC.1",7
"X1_GAAGAATGTATGATCC.1",8
"X1_GAAGAATGTCAGTCCG.1",1000
"X1_GAAGAATGTCTACGAT.1",8
"X1_GAAGAATGTCTAGGTT.1",2
"X1_GAAGAATGTCTCGCGA.1",3
"X1_GAAGAATGTGCAACGA.1",1000
"X1_GAAGAATGTGTACAGG.1",5
"X1_GAAGAATGTTAGCTAC.1",1000
"X1_GAAGAATGTTCCGGTG.1",5
"X1_GAAGAATTCAACCTCC.1",4
"X1_GAAGAATTCACCATAG.1",7
"X1_GAAGAATTCCTTCTGG.1",8
"X1_GAAGAATTCGCCGTGA.1",1000
"X1_GAAGAATTCGTTCGCT.1",6
"X1_GAAGAATTCTAGCCTC.1",6
"X1_GAAGAATTCTCGACCT.1",1000
"X1_GAAGCCCAGACCACGA.1",3
"X1_GAAGCCCAGGGACCAT.1",8
"X1_GAAGCCCAGGTTCAGG.1",5
"X1_GAAGCCCAGTAGCTCT.1",1000
"X1_GAAGCCCAGTGTCATC.1",7
"X1_GAAGCCCCAAAGAACT.1",1000
"X1_GAAGCCCCAAAGGATT.1",3
"X1_GAAGCCCCAACTGATC.1",8
"X1_GAAGCCCCAATAACGA.1",7
"X1_GAAGCCCCAATACGAA.1",7
"X1_GAAGCCCCACACTTAG.1",7
"X1_GAAGCCCCACCTGATA.1",4
"X1_GAAGCCCCACGTACAT.1",7
"X1_GAAGCCCCAGCTCTGG.1",2
"X1_GAAGCCCCATCGGAGA.1",2
"X1_GAAGCCCGTACGATCT.1",6
"X1_GAAGCCCGTAGTTACC.1",1000
"X1_GAAGCCCGTATGTGTC.1",4
"X1_GAAGCCCGTCCCTAAA.1",8
"X1_GAAGCCCGTCTGGTTA.1",2
"X1_GAAGCCCGTCTTGCTC.1",4
"X1_GAAGCCCGTGGCTAGA.1",1000
"X1_GAAGCCCGTTACGTAC.1",4
"X1_GAAGCCCGTTCGTACA.1",7
"X1_GAAGCCCTCAAGAAAC.1",6
"X1_GAAGCCCTCAAGTTGC.1",7
"X1_GAAGCCCTCATCTCTA.1",1000
"X1_GAAGCCCTCCCTATTA.1",8
"X1_GAAGCCCTCCTAGCGG.1",5
"X1_GAAGCCCTCCTCATAT.1",2
"X1_GAAGCCCTCGAACACT.1",4
"X1_GAAGCCCTCGCTGACG.1",3
"X1_GAAGCCCTCGGCTCTT.1",8
"X1_GAAGCCCTCTTCGATT.1",4
"X1_GAAGCGAAGAATTCAG.1",5
"X1_GAAGCGAAGATTGATG.1",1000
"X1_GAAGCGAAGCCTCTGG.1",1000
"X1_GAAGCGAAGCGTGCCT.1",7
"X1_GAAGCGAAGGAACGCT.1",7
"X1_GAAGCGAAGGACCCAA.1",6
"X1_GAAGCGAAGGCCACCT.1",5
"X1_GAAGCGAAGGCCCGTT.1",8
"X1_GAAGCGAAGGCGATAC.1",5
"X1_GAAGCGAAGGTCATAA.1",7
"X1_GAAGCGAAGGTCGTGA.1",7
"X1_GAAGCGAAGTGGAAAG.1",3
"X1_GAAGCGAAGTGGACGT.1",8
"X1_GAAGCGACAACTTGGT.1",3
"X1_GAAGCGACAGACCATT.1",6
"X1_GAAGCGACATAACAGA.1",1000
"X1_GAAGCGACATACACCA.1",1000
"X1_GAAGCGACATGTTTGG.1",1000
"X1_GAAGCGACATTACGGT.1",7
"X1_GAAGCGAGTACGTGAG.1",3
"X1_GAAGCGAGTAGTCCTA.1",6
"X1_GAAGCGAGTCTACGAT.1",7
"X1_GAAGCGAGTCTTCTAT.1",6
"X1_GAAGCGAGTGAGACGT.1",8
"X1_GAAGCGAGTGCCTGAC.1",3
"X1_GAAGCGAGTGTATCCA.1",4
"X1_GAAGCGAGTTATCTGG.1",8
"X1_GAAGCGAGTTGTCAGT.1",4
"X1_GAAGCGATCACAGAGG.1",1
"X1_GAAGCGATCCGATCGG.1",4
"X1_GAAGCGATCGAAGTGG.1",7
"X1_GAAGCGATCGTGCTCT.1",2
"X1_GAAGCGATCGTTACCC.1",7
"X1_GAAGCGATCTCAGTCC.1",4
"X1_GAAGCGATCTCGCAGG.1",1000
"X1_GAAGCGATCTTAGGAC.1",8
"X1_GAAGGACAGAGTATAC.1",4
"X1_GAAGGACAGATACAGT.1",8
"X1_GAAGGACCAAACAGGC.1",1000
"X1_GAAGGACCAAAGCTAA.1",8
"X1_GAAGGACCAACAACAA.1",5
"X1_GAAGGACCAACAGTGG.1",8
"X1_GAAGGACCAAGCGAGT.1",2
"X1_GAAGGACCAAGTTCCA.1",8
"X1_GAAGGACCAATAAGGT.1",5
"X1_GAAGGACCACAGCGCT.1",4
"X1_GAAGGACCACGGATCC.1",1000
"X1_GAAGGACCAGCATACT.1",4
"X1_GAAGGACCAGCCGGTT.1",1000
"X1_GAAGGACCAGGCCCTA.1",7
"X1_GAAGGACCATATAGCC.1",7
"X1_GAAGGACCATGACCCG.1",4
"X1_GAAGGACCATGTGGTT.1",1000
"X1_GAAGGACGTACTCCGG.1",0
"X1_GAAGGACGTACTTCCC.1",6
"X1_GAAGGACGTCTTACAG.1",1000
"X1_GAAGGACGTGGCTAGA.1",1000
"X1_GAAGGACGTGTAGCAG.1",8
"X1_GAAGGACGTTCCAAAC.1",1000
"X1_GAAGGACGTTGAGAGC.1",7
"X1_GAAGGACGTTGGATCT.1",1
"X1_GAAGGACGTTGTAAAG.1",8
"X1_GAAGGACTCAAGTGTC.1",7
"X1_GAAGGACTCACCTTGC.1",1
"X1_GAAGGACTCCTTATCA.1",3
"X1_GAAGGACTCGAACCTA.1",8
"X1_GAAGGACTCTGTGCGG.1",8
"X1_GAAGGGTAGACCATTC.1",7
"X1_GAAGGGTAGCACCGTC.1",2
"X1_GAAGGGTAGCAGTACG.1",8
"X1_GAAGGGTAGCGTTACT.1",7
"X1_GAAGGGTAGCTGTTAC.1",5
"X1_GAAGGGTAGTCCGCCA.1",1000
"X1_GAAGGGTAGTGGTTCT.1",4
"X1_GAAGGGTAGTTACGTC.1",3
"X1_GAAGGGTAGTTGTAGA.1",7
"X1_GAAGGGTCAATCTCTT.1",4
"X1_GAAGGGTCAATGAAAC.1",3
"X1_GAAGGGTCACCGTCGA.1",4
"X1_GAAGGGTCACTGGATT.1",8
"X1_GAAGGGTCAGCGTGCT.1",6
"X1_GAAGGGTCATAGCTGT.1",1000
"X1_GAAGGGTCATATCTGG.1",1000
"X1_GAAGGGTCATGGACAG.1",5
"X1_GAAGGGTGTAACATGA.1",7
"X1_GAAGGGTGTAGCTAAA.1",6
"X1_GAAGGGTGTATGTCAC.1",1000
"X1_GAAGGGTGTCCCGCAA.1",5
"X1_GAAGGGTGTGCCGTTG.1",8
"X1_GAAGGGTGTTAAGGGC.1",5
"X1_GAAGGGTGTTAGGCCC.1",2
"X1_GAAGGGTGTTAGTCGT.1",1000
"X1_GAAGGGTGTTCTAACG.1",7
"X1_GAAGGGTGTTGCAAGG.1",7
"X1_GAAGGGTGTTGGTAGG.1",7
"X1_GAAGGGTGTTTGGAAA.1",1
"X1_GAAGGGTTCAATCGGT.1",3
"X1_GAAGGGTTCACTCGAA.1",5
"X1_GAAGGGTTCCACACCT.1",1000
"X1_GAAGGGTTCCAGTGTA.1",4
"X1_GAAGGGTTCGAGAACG.1",8
"X1_GAAGGGTTCGCTTGAA.1",2
"X1_GAAGTAAAGAAATTGC.1",7
"X1_GAAGTAAAGATAACAC.1",7
"X1_GAAGTAAAGCTGAAAT.1",8
"X1_GAAGTAAAGCTGTGCC.1",3
"X1_GAAGTAAAGGACTATA.1",1000
"X1_GAAGTAAAGGGTACAC.1",7
"X1_GAAGTAAAGGTTGTTC.1",7
"X1_GAAGTAAAGTATAGAC.1",0
"X1_GAAGTAAAGTCAATCC.1",8
"X1_GAAGTAAAGTGTTCAC.1",3
"X1_GAAGTAAAGTTTGCTG.1",4
"X1_GAAGTAACACACACGC.1",6
"X1_GAAGTAACATAACTCG.1",3
"X1_GAAGTAACATAATGCC.1",4
"X1_GAAGTAACATAGTCGT.1",1000
"X1_GAAGTAACATCGGCCA.1",3
"X1_GAAGTAAGTAAGCTCT.1",5
"X1_GAAGTAAGTACTAAGA.1",1000
"X1_GAAGTAAGTAGAGACC.1",4
"X1_GAAGTAAGTGAACGGT.1",7
"X1_GAAGTAAGTGCACAAG.1",1
"X1_GAAGTAAGTGGTTTAC.1",1000
"X1_GAAGTAAGTGTTACTG.1",4
"X1_GAAGTAAGTTCGGCGT.1",6
"X1_GAAGTAAGTTCTAACG.1",5
"X1_GAAGTAATCAAATGAG.1",8
"X1_GAAGTAATCAACGAGG.1",1000
"X1_GAAGTAATCAATCCGA.1",1000
"X1_GAAGTAATCAGGAGAC.1",1000
"X1_GAAGTAATCATTACCT.1",7
"X1_GAAGTAATCCACGGGT.1",7
"X1_GAAGTAATCCGATCTC.1",8
"X1_GAATAGAAGAGTCAGC.1",5
"X1_GAATAGAAGAGTCCGA.1",1000
"X1_GAATAGAAGCATCGAG.1",4
"X1_GAATAGAAGCCACTCG.1",1000
"X1_GAATAGAAGGCTCACC.1",7
"X1_GAATAGAAGGGATCTG.1",8
"X1_GAATAGAAGGGTGGGA.1",4
"X1_GAATAGAAGTAATTGG.1",1000
"X1_GAATAGAAGTTCGCAT.1",1000
"X1_GAATAGACAAAGCTCT.1",1000
"X1_GAATAGACAACCACAT.1",2
"X1_GAATAGACAACCGGAA.1",8
"X1_GAATAGACAATAACGA.1",4
"X1_GAATAGACAATTCGTG.1",8
"X1_GAATAGACACCCTTGT.1",1000
"X1_GAATAGACACGACAAG.1",8
"X1_GAATAGACAGCCTACG.1",3
"X1_GAATAGACAGTAACAA.1",1
"X1_GAATAGACATCCCACT.1",1000
"X1_GAATAGACATGATCTG.1",3
"X1_GAATAGACATTGGATC.1",5
"X1_GAATAGAGTCAACATC.1",3
"X1_GAATAGAGTCACTGAT.1",5
"X1_GAATAGAGTCAGTCCG.1",2
"X1_GAATAGAGTCCTGAAT.1",1000
"X1_GAATAGAGTCTACATG.1",7
"X1_GAATAGAGTCTTTATC.1",1000
"X1_GAATAGAGTTGACTAC.1",1
"X1_GAATAGATCAGTGTGT.1",6
"X1_GAATAGATCCGGCTTT.1",8
"X1_GAATAGATCGCCGAAC.1",8
"X1_GAATAGATCGGACTGC.1",8
"X1_GAATAGATCGTTCTAT.1",3
"X1_GAATAGATCTAAGCGT.1",0
"X1_GAATAGATCTCGTGAA.1",1000
"X1_GAATAGATCTTTCAGT.1",8
"X1_GAATCACAGACGATAT.1",4
"X1_GAATCACAGGACATCG.1",0
"X1_GAATCACAGGGCGAAG.1",1000
"X1_GAATCACAGGTAAGAG.1",1000
"X1_GAATCACAGGTACAAT.1",6
"X1_GAATCACAGTCTAGCT.1",1000
"X1_GAATCACAGTGAGGTC.1",4
"X1_GAATCACAGTTCACTG.1",1000
"X1_GAATCACCAAATGGCG.1",5
"X1_GAATCACCACCTCTGT.1",0
"X1_GAATCACCACGACTAT.1",1000
"X1_GAATCACCAGCTTTCC.1",7
"X1_GAATCACCAGGTTTAC.1",8
"X1_GAATCACCATAGGCGA.1",1000
"X1_GAATCACCATGGCTAT.1",7
"X1_GAATCACGTCAAAGTA.1",3
"X1_GAATCACGTCAAGCCC.1",1000
"X1_GAATCACGTCCTCAGG.1",1
"X1_GAATCACGTCTGTGAT.1",1000
"X1_GAATCACGTGCAGATG.1",8
"X1_GAATCACGTTAGTTCG.1",1000
"X1_GAATCACGTTATGACC.1",3
"X1_GAATCACGTTCTCTCG.1",1000
"X1_GAATCACGTTGGCTAT.1",3
"X1_GAATCACGTTTCGCTC.1",2
"X1_GAATCACTCAAACGTC.1",8
"X1_GAATCACTCATCTCTA.1",1000
"X1_GAATCACTCCACTTCG.1",7
"X1_GAATCACTCGTGCGAC.1",3
"X1_GAATCACTCTTCGATT.1",7
"X1_GAATCGTAGAAATCCA.1",1
"X1_GAATCGTAGAGTCTTC.1",4
"X1_GAATCGTAGGGTTTCT.1",8
"X1_GAATCGTAGGTTTGAA.1",1000
"X1_GAATCGTAGTGAGTTA.1",8
"X1_GAATCGTAGTGCACTT.1",8
"X1_GAATCGTAGTTAGAAC.1",7
"X1_GAATCGTCAAAGGCGT.1",1
"X1_GAATCGTCAACCGATT.1",1000
"X1_GAATCGTCAAGGCTTT.1",1
"X1_GAATCGTCAAGTGGGT.1",1000
"X1_GAATCGTCACAAGTGG.1",1000
"X1_GAATCGTCACCAACAT.1",7
"X1_GAATCGTCACTTCCTG.1",8
"X1_GAATCGTCAGCGCGTT.1",3
"X1_GAATCGTCATCGGAGA.1",4
"X1_GAATCGTCATGACCCG.1",7
"X1_GAATCGTGTAAGGTCG.1",6
"X1_GAATCGTGTATTCCGA.1",7
"X1_GAATCGTGTCCGATCG.1",4
"X1_GAATCGTGTCCTATAG.1",7
"X1_GAATCGTGTCTCGGGT.1",1000
"X1_GAATCGTGTCTTTCAT.1",1000
"X1_GAATCGTGTGAGTTGG.1",1000
"X1_GAATCGTGTGGCCTCA.1",1
"X1_GAATCGTGTTAAGAAC.1",4
"X1_GAATCGTGTTCCCACT.1",8
"X1_GAATCGTGTTCTAAGC.1",4
"X1_GAATCGTTCGCGCTGA.1",1000
"X1_GAATCGTTCGTCCATC.1",8
"X1_GAATCGTTCTAAGAAG.1",4
"X1_GAATCGTTCTATTGTC.1",1000
"X1_GAATCGTTCTCGACCT.1",5
"X1_GAATCGTTCTGTGCAA.1",1000
"X1_GACACGCAGAGCCATG.1",2
"X1_GACACGCAGCCGAACA.1",4
"X1_GACACGCAGCGTACAG.1",8
"X1_GACACGCAGCTGGCCT.1",6
"X1_GACACGCAGGAGTACC.1",2
"X1_GACACGCAGGCATCAG.1",3
"X1_GACACGCAGTCTAGAA.1",2
"X1_GACACGCAGTTAACAG.1",1000
"X1_GACACGCCAACTACGT.1",6
"X1_GACACGCCAAGCAGGT.1",4
"X1_GACACGCCAGCAAGAC.1",1000
"X1_GACACGCCAGCGTACC.1",2
"X1_GACACGCCAGCTGTTA.1",4
"X1_GACACGCCAGGTTCGC.1",3
"X1_GACACGCCATCGAGCC.1",8
"X1_GACACGCGTAGCTCGC.1",8
"X1_GACACGCGTAGTATAG.1",7
"X1_GACACGCGTCGAGTTT.1",4
"X1_GACACGCGTCTCTCAC.1",8
"X1_GACACGCGTGAAGCGT.1",8
"X1_GACACGCGTGTCCATA.1",1000
"X1_GACACGCGTTAAGGAT.1",1000
"X1_GACACGCGTTGGGATG.1",2
"X1_GACACGCTCAAATAGG.1",0
"X1_GACACGCTCACAAGAA.1",8
"X1_GACACGCTCACTTGTT.1",1000
"X1_GACACGCTCAGTCACA.1",8
"X1_GACACGCTCATCGCTC.1",1000
"X1_GACACGCTCCGAAATC.1",1
"X1_GACACGCTCCGGACTG.1",7
"X1_GACACGCTCCGTGTCT.1",8
"X1_GACACGCTCGCGAAGA.1",1000
"X1_GACACGCTCGGCTGTG.1",4
"X1_GACACGCTCTCCTGCA.1",1000
"X1_GACACGCTCTCGGGAC.1",4
"X1_GACACGCTCTCTGCTG.1",8
"X1_GACACGCTCTGACCCT.1",1000
"X1_GACACGCTCTTAAGGC.1",3
"X1_GACACGCTCTTACCAT.1",3
"X1_GACAGCCAGAAATCCA.1",3
"X1_GACAGCCAGACTTAAG.1",8
"X1_GACAGCCAGATAGCTA.1",1000
"X1_GACAGCCAGATGGCAC.1",0
"X1_GACAGCCAGGAACGAA.1",1000
"X1_GACAGCCAGTCACGCC.1",4
"X1_GACAGCCAGTCAGCCC.1",3
"X1_GACAGCCAGTCCCAAT.1",8
"X1_GACAGCCCAACAGATA.1",7
"X1_GACAGCCCACAGACGA.1",7
"X1_GACAGCCCACGGCACT.1",7
"X1_GACAGCCCACTGAGTT.1",1000
"X1_GACAGCCCACTTCATT.1",8
"X1_GACAGCCCAGACCTAT.1",1000
"X1_GACAGCCCAGCACAAG.1",8
"X1_GACAGCCGTAGCGCCT.1",3
"X1_GACAGCCGTAGGCTGA.1",6
"X1_GACAGCCGTATGGAGC.1",8
"X1_GACAGCCGTCACTAGT.1",7
"X1_GACAGCCGTGCCTATA.1",7
"X1_GACAGCCGTGTCACAT.1",1
"X1_GACAGCCGTTCACGAT.1",4
"X1_GACAGCCGTTGCCTAA.1",6
"X1_GACAGCCGTTGGACCC.1",1
"X1_GACAGCCTCACGGACC.1",1000
"X1_GACAGCCTCACGTAGT.1",8
"X1_GACAGCCTCAGACCCG.1",6
"X1_GACAGCCTCCTATTGT.1",1
"X1_GACAGCCTCCTCTGCA.1",1
"X1_GACAGCCTCGAGAAGC.1",1
"X1_GACAGCCTCGCCACTT.1",0
"X1_GACAGCCTCTAGAACC.1",8
"X1_GACAGCCTCTCCCAAC.1",3
"X1_GACAGCCTCTGGACTA.1",3
"X1_GACATCAAGATACTGA.1",4
"X1_GACATCAAGATTAGCA.1",7
"X1_GACATCAAGCTACAAA.1",1000
"X1_GACATCAAGGAAGTGA.1",5
"X1_GACATCAAGTGGTGGT.1",4
"X1_GACATCAAGTTTAGGA.1",4
"X1_GACATCACAATTTCCT.1",3
"X1_GACATCACACAGAGCA.1",7
"X1_GACATCACACCGTGCA.1",7
"X1_GACATCACACGTAACT.1",3
"X1_GACATCACACTACAGT.1",1000
"X1_GACATCACACTACTTT.1",8
"X1_GACATCACACTCTGCT.1",7
"X1_GACATCACAGGAGACT.1",4
"X1_GACATCACAGTGGTGA.1",1000
"X1_GACATCACAGTTAGGG.1",8
"X1_GACATCACATCCAATG.1",7
"X1_GACATCACATCGTTCC.1",6
"X1_GACATCAGTAGAATAC.1",1000
"X1_GACATCAGTATCGAGG.1",3
"X1_GACATCAGTCTACACA.1",1000
"X1_GACATCAGTGGTCTAT.1",8
"X1_GACATCAGTTGCATGT.1",1000
"X1_GACATCAGTTTGACAC.1",8
"X1_GACATCATCACCATCC.1",4
"X1_GACATCATCACGGAGA.1",8
"X1_GACATCATCCAAGCTA.1",3
"X1_GACATCATCCAATGCA.1",8
"X1_GACATCATCCCGAGTG.1",8
"X1_GACATCATCCTGTACC.1",1000
"X1_GACATCATCGATTGGT.1",8
"X1_GACATCATCGGTTGTA.1",7
"X1_GACATCATCGTAACAC.1",8
"X1_GACATCATCGTACCTC.1",7
"X1_GACATCATCTAGCCAA.1",8
"X1_GACATCATCTGATTCT.1",5
"X1_GACCAATAGACGACTG.1",1000
"X1_GACCAATAGAGGACTC.1",8
"X1_GACCAATAGATTGAGT.1",1000
"X1_GACCAATAGCATGAAT.1",1
"X1_GACCAATAGCGGTATG.1",1
"X1_GACCAATAGCTACAAA.1",1000
"X1_GACCAATAGCTGAGTG.1",1000
"X1_GACCAATAGGCTTAGG.1",2
"X1_GACCAATAGGTGATCG.1",1000
"X1_GACCAATCAAATCAGA.1",1000
"X1_GACCAATCAACAAGAT.1",1
"X1_GACCAATCAAGGACAC.1",4
"X1_GACCAATCAATTTCTC.1",5
"X1_GACCAATCACAAATAG.1",8
"X1_GACCAATCACAAGTGG.1",8
"X1_GACCAATCACAGCGCT.1",4
"X1_GACCAATCACCGCTGA.1",7
"X1_GACCAATCACCGGAAA.1",2
"X1_GACCAATCAGAGGGTT.1",4
"X1_GACCAATCAGTCGCTG.1",1000
"X1_GACCAATCATAGGCGA.1",1000
"X1_GACCAATCATCCAACA.1",1
"X1_GACCAATGTAACGCGA.1",4
"X1_GACCAATGTAGTTCCA.1",3
"X1_GACCAATGTATCGTAC.1",1000
"X1_GACCAATGTATTTCGG.1",3
"X1_GACCAATGTGCCCAGT.1",1000
"X1_GACCAATGTGGCTCTG.1",1000
"X1_GACCAATGTGTTACAC.1",3
"X1_GACCAATTCACAAGAA.1",8
"X1_GACCAATTCACCCATC.1",4
"X1_GACCAATTCATGTCAG.1",8
"X1_GACCAATTCCAACTGA.1",1000
"X1_GACCAATTCCACAAGT.1",1000
"X1_GACCAATTCCACCTCA.1",4
"X1_GACCAATTCCCAATAG.1",1
"X1_GACCAATTCCCGTGTT.1",1000
"X1_GACCAATTCGAGATAA.1",1
"X1_GACCAATTCGCTGATA.1",7
"X1_GACCAATTCGTCCATC.1",1000
"X1_GACCAATTCTCTGCCA.1",7
"X1_GACCAATTCTGACGCG.1",5
"X1_GACCAATTCTGTTGGA.1",1
"X1_GACCCAGAGAAGCCTG.1",1000
"X1_GACCCAGAGAATTGTG.1",2
"X1_GACCCAGAGCGCACAA.1",0
"X1_GACCCAGAGGATACAT.1",0
"X1_GACCCAGAGGCCTTGC.1",1
"X1_GACCCAGAGGGAGGTG.1",8
"X1_GACCCAGAGGGTAATT.1",7
"X1_GACCCAGAGTGCTCGC.1",1
"X1_GACCCAGAGTGGAAGA.1",7
"X1_GACCCAGCAACAGCCC.1",4
"X1_GACCCAGCAAGAGAGA.1",8
"X1_GACCCAGCAAGCTGCC.1",8
"X1_GACCCAGCAATGACCT.1",3
"X1_GACCCAGCACTACACA.1",7
"X1_GACCCAGCAGAAACCG.1",8
"X1_GACCCAGCAGAAATCA.1",4
"X1_GACCCAGCAGGGTTGA.1",7
"X1_GACCCAGCATCAGCAT.1",1
"X1_GACCCAGCATCTGCGG.1",3
"X1_GACCCAGCATGGAACG.1",8
"X1_GACCCAGCATGTGCTA.1",1000
"X1_GACCCAGCATGTGTCA.1",1
"X1_GACCCAGGTAAGTTAG.1",5
"X1_GACCCAGGTACCTTCC.1",6
"X1_GACCCAGGTACTGCGC.1",7
"X1_GACCCAGGTACTTGTG.1",1
"X1_GACCCAGGTAGACACG.1",7
"X1_GACCCAGGTCTTACTT.1",8
"X1_GACCCAGGTGATGGCA.1",7
"X1_GACCCAGGTGCATTAC.1",3
"X1_GACCCAGGTGTCTAAC.1",1000
"X1_GACCCAGGTTTGGGTT.1",8
"X1_GACCCAGTCACATACG.1",3
"X1_GACCCAGTCACCCTGT.1",1000
"X1_GACCCAGTCACCTTAT.1",5
"X1_GACCCAGTCCCTATTA.1",8
"X1_GACCCAGTCGAACGCC.1",2
"X1_GACCCAGTCGGCTTGG.1",1000
"X1_GACCCAGTCGGTCGAC.1",6
"X1_GACCCAGTCGTCTCAC.1",8
"X1_GACCCAGTCTGAGGTT.1",7
"X1_GACCCTTAGCAATAGT.1",4
"X1_GACCCTTAGCACTCCG.1",1000
"X1_GACCCTTAGCAGATAT.1",1000
"X1_GACCCTTAGCTAAATG.1",8
"X1_GACCCTTAGGCGTTAG.1",5
"X1_GACCCTTAGTCATTGC.1",1000
"X1_GACCCTTAGTCCCAAT.1",8
"X1_GACCCTTCAAATCGGG.1",1000
"X1_GACCCTTCAATTTCGG.1",2
"X1_GACCCTTCACTCCTTG.1",4
"X1_GACCCTTCACTGTCCT.1",4
"X1_GACCCTTCAGATTAAG.1",1000
"X1_GACCCTTCAGGTATGG.1",5
"X1_GACCCTTCATGATAGA.1",1000
"X1_GACCCTTGTAGATTAG.1",8
"X1_GACCCTTGTAGTACGG.1",1000
"X1_GACCCTTGTCGTAATC.1",8
"X1_GACCCTTGTGTGCCTG.1",7
"X1_GACCCTTGTGTTGATC.1",8
"X1_GACCCTTTCAAAGCCT.1",1000
"X1_GACCCTTTCACGACTA.1",1000
"X1_GACCCTTTCAGCCTTC.1",1
"X1_GACCCTTTCATCGCCT.1",6
"X1_GACCCTTTCCAAGGGA.1",3
"X1_GACCCTTTCCTATTGT.1",1000
"X1_GACCGTGAGGAAGTCC.1",3
"X1_GACCGTGAGGAGAGTA.1",1000
"X1_GACCGTGAGGGTTGCA.1",8
"X1_GACCGTGAGTTCTACG.1",8
"X1_GACCGTGCAAATGATG.1",8
"X1_GACCGTGCAACTCGAT.1",8
"X1_GACCGTGCACTACACA.1",6
"X1_GACCGTGCACTCTGCT.1",5
"X1_GACCGTGCACTTGGGC.1",1000
"X1_GACCGTGCAGACACAG.1",1
"X1_GACCGTGCAGAGATGC.1",7
"X1_GACCGTGGTAACATCC.1",7
"X1_GACCGTGGTAGAGCTG.1",7
"X1_GACCGTGGTAGGTCAG.1",8
"X1_GACCGTGGTAGTCTGT.1",1000
"X1_GACCGTGGTCATCCCT.1",1000
"X1_GACCGTGGTCGTTTCC.1",1000
"X1_GACCGTGGTCTTACTT.1",5
"X1_GACCGTGGTTCGAAGG.1",0
"X1_GACCGTGTCACACCCT.1",8
"X1_GACCGTGTCACTTGGA.1",1000
"X1_GACCGTGTCCATTGCC.1",8
"X1_GACCGTGTCCTACGGG.1",1
"X1_GACCGTGTCCTCTCTT.1",4
"X1_GACCGTGTCGAAGGAC.1",3
"X1_GACCTTCAGAAGTCCG.1",1000
"X1_GACCTTCAGCATACTC.1",8
"X1_GACCTTCAGGCACTAG.1",1000
"X1_GACCTTCAGGCTAAAT.1",6
"X1_GACCTTCAGTGCTACT.1",8
"X1_GACCTTCCACAGTCAT.1",6
"X1_GACCTTCCACTAGAGG.1",7
"X1_GACCTTCCACTTGAGT.1",7
"X1_GACCTTCCAGCGAACA.1",3
"X1_GACCTTCCAGGCTTGC.1",5
"X1_GACCTTCGTAGTCTGT.1",1000
"X1_GACCTTCGTCGTTGCG.1",4
"X1_GACCTTCGTCTCTCAC.1",7
"X1_GACCTTCGTCTTCATT.1",8
"X1_GACCTTCGTCTTGCGG.1",1000
"X1_GACCTTCGTGAATAAC.1",4
"X1_GACCTTCGTGATGGCA.1",1000
"X1_GACCTTCGTGTATACC.1",3
"X1_GACCTTCGTTTCGATG.1",1000
"X1_GACCTTCTCAAGTGGG.1",3
"X1_GACCTTCTCCCATTCG.1",1000
"X1_GACCTTCTCCGTGACG.1",2
"X1_GACCTTCTCCTCATAT.1",1000
"X1_GACCTTCTCCTTATGT.1",7
"X1_GACCTTCTCGGATTAC.1",4
"X1_GACCTTCTCTCAATCT.1",3
"X1_GACCTTCTCTGGGATT.1",8
"X1_GACCTTCTCTGGGCCA.1",6
"X1_GACCTTCTCTTCGTAT.1",1
"X1_GACGCTGAGACCTGGA.1",8
"X1_GACGCTGAGCACACAG.1",7
"X1_GACGCTGAGGAACGAA.1",4
"X1_GACGCTGAGGATACAT.1",1000
"X1_GACGCTGAGGATTTCC.1",8
"X1_GACGCTGAGGCATCTT.1",8
"X1_GACGCTGAGGTAGCAC.1",1000
"X1_GACGCTGAGTCACGCC.1",7
"X1_GACGCTGCACAATTCG.1",4
"X1_GACGCTGCAGAACTTC.1",6
"X1_GACGCTGCAGAAGCTG.1",8
"X1_GACGCTGCAGAGGCTA.1",1000
"X1_GACGCTGCAGCCGTCA.1",7
"X1_GACGCTGCAGGTTCGC.1",1000
"X1_GACGCTGCAGTTGCGC.1",5
"X1_GACGCTGCATGGAATA.1",8
"X1_GACGCTGGTATCGCAT.1",7
"X1_GACGCTGGTCGAGTGA.1",8
"X1_GACGCTGGTCTATGAC.1",7
"X1_GACGCTGGTCTCTCCA.1",7
"X1_GACGCTGGTCTGTGCG.1",1000
"X1_GACGCTGGTGTACGCC.1",1
"X1_GACGCTGGTGTCCGGT.1",6
"X1_GACGCTGGTTGCACGC.1",1000
"X1_GACGCTGGTTTCTTAC.1",7
"X1_GACGCTGTCAAGAAAC.1",7
"X1_GACGCTGTCACCATCC.1",7
"X1_GACGCTGTCATGGAGG.1",4
"X1_GACGCTGTCATTGAGC.1",7
"X1_GACGCTGTCCAAGAGG.1",1000
"X1_GACGCTGTCCAGCCTT.1",2
"X1_GACGCTGTCCCTGTTG.1",7
"X1_GACGCTGTCTTCCAGC.1",3
"X1_GACGCTGTCTTCTTCC.1",1
"X1_GACGTTAAGAAGAGCA.1",3
"X1_GACGTTAAGACCAGAC.1",1000
"X1_GACGTTAAGCATACTC.1",8
"X1_GACGTTAAGCGATCGA.1",1000
"X1_GACGTTAAGCGGTAGT.1",1000
"X1_GACGTTAAGCTTACGT.1",2
"X1_GACGTTAAGGCTCTCG.1",5
"X1_GACGTTAAGTCGTCTA.1",1000
"X1_GACGTTAAGTTCGCAT.1",0
"X1_GACGTTACAAAGCGTG.1",4
"X1_GACGTTACACAGTCAT.1",8
"X1_GACGTTACATTCTTCA.1",8
"X1_GACGTTAGTATCGTAC.1",2
"X1_GACGTTAGTCAGGAGT.1",1000
"X1_GACGTTAGTGAGTTTC.1",5
"X1_GACGTTAGTGCCTATA.1",1000
"X1_GACGTTAGTTAAGACA.1",4
"X1_GACGTTAGTTACCCTC.1",0
"X1_GACGTTAGTTATTCTC.1",8
"X1_GACGTTAGTTGCTGAT.1",1000
"X1_GACGTTATCATGACAC.1",3
"X1_GACGTTATCCACGGAC.1",4
"X1_GACGTTATCCCGAATA.1",7
"X1_GACGTTATCCGCACGA.1",1000
"X1_GACGTTATCCGGTTCT.1",1000
"X1_GACGTTATCCTTCTAA.1",8
"X1_GACGTTATCTAGAGCT.1",5
"X1_GACTATGAGCACAAAT.1",4
"X1_GACTATGAGCAGTACG.1",6
"X1_GACTATGAGCATGTTC.1",4
"X1_GACTATGAGCTCCACG.1",4
"X1_GACTATGAGCTGACCC.1",1000
"X1_GACTATGAGGAGACCT.1",3
"X1_GACTATGAGGGAGGAC.1",8
"X1_GACTATGCAATCGCGC.1",8
"X1_GACTATGCACACCTTC.1",1000
"X1_GACTATGCACGTACTA.1",8
"X1_GACTATGCACTCACTC.1",7
"X1_GACTATGCAGAGGCAT.1",4
"X1_GACTATGCAGCCTTCT.1",8
"X1_GACTATGCAGGAATCG.1",6
"X1_GACTATGCAGTCAACT.1",4
"X1_GACTATGCATACTTTC.1",4
"X1_GACTATGGTAAGGCCA.1",7
"X1_GACTATGGTACCGGAA.1",1000
"X1_GACTATGGTATTAAGG.1",1000
"X1_GACTATGGTCAAGCCC.1",1000
"X1_GACTATGGTCATGCAT.1",3
"X1_GACTATGGTCCATCTC.1",8
"X1_GACTATGGTTACCCTC.1",1000
"X1_GACTATGGTTATGTCG.1",6
"X1_GACTATGGTTCTGAGT.1",1000
"X1_GACTATGTCCATACTT.1",4
"X1_GACTATGTCCTTCACG.1",3
"X1_GACTATGTCGGATTAC.1",1000
"X1_GACTATGTCGTAGAGG.1",7
"X1_GACTATGTCTCATGGA.1",4
"X1_GACTATGTCTGTACAG.1",4
"X1_GACTCAACAACCCGCA.1",1000
"X1_GACTCAACAACTGATC.1",4
"X1_GACTCAACAATGACCT.1",1
"X1_GACTCAACACAACGCC.1",3
"X1_GACTCAACACGCGCAT.1",3
"X1_GACTCAACACTTCAAG.1",7
"X1_GACTCAACAGATAAAC.1",8
"X1_GACTCAACAGTAACGG.1",7
"X1_GACTCAACATAGTCGT.1",1000
"X1_GACTCAACATATCTCT.1",1000
"X1_GACTCAACATCAGTGT.1",8
"X1_GACTCAACATCCGAAT.1",1000
"X1_GACTCAACATGATAGA.1",8
"X1_GACTCAACATGATCTG.1",8
"X1_GACTCAACATGTCGTA.1",8
"X1_GACTCAACATGTCTAG.1",4
"X1_GACTCAACATTGAGGG.1",1
"X1_GACTCAAGTAAGCAAT.1",6
"X1_GACTCAAGTAGAGACC.1",8
"X1_GACTCAAGTATGTGTC.1",8
"X1_GACTCAAGTCACTCTC.1",1000
"X1_GACTCAAGTCATCTAG.1",1000
"X1_GACTCAAGTCGTAATC.1",1000
"X1_GACTCAAGTGATAGTA.1",4
"X1_GACTCAAGTGCAACAG.1",7
"X1_GACTCAAGTGGCGTAA.1",1000
"X1_GACTCAAGTGTAGTGG.1",6
"X1_GACTCAAGTGTGATGG.1",1000
"X1_GACTCAAGTTGATCGT.1",7
"X1_GACTCAATCAGAGCGA.1",7
"X1_GACTCAATCCAACCAA.1",3
"X1_GACTCAATCCAACTAG.1",1
"X1_GACTCAATCCATTCGC.1",0
"X1_GACTCAATCCGAGCTG.1",1
"X1_GACTCAATCGGTCGGT.1",3
"X1_GACTCAATCGTAACTG.1",3
"X1_GACTCAATCGTTCCCA.1",8
"X1_GACTCAATCGTTCCTG.1",1000
"X1_GACTCAATCGTTCTGC.1",3
"X1_GACTCAATCTGACAGT.1",4
"X1_GACTCAATCTTGGGCG.1",3
"X1_GACTCTCAGAAACTCA.1",7
"X1_GACTCTCAGACGTCGA.1",5
"X1_GACTCTCAGCCACAAG.1",7
"X1_GACTCTCAGCCTCTCT.1",2
"X1_GACTCTCAGGACAAGA.1",4
"X1_GACTCTCAGGTTCATC.1",7
"X1_GACTCTCAGTCTACCA.1",1000
"X1_GACTCTCAGTTAGTGA.1",1000
"X1_GACTCTCCAAGAGTTA.1",6
"X1_GACTCTCCAAGGTCAG.1",6
"X1_GACTCTCCAAGTATCC.1",7
"X1_GACTCTCCACACGCCA.1",1
"X1_GACTCTCCACACGTGC.1",3
"X1_GACTCTCCACAGTGTT.1",7
"X1_GACTCTCCACTTCAAG.1",8
"X1_GACTCTCCAGACCTAT.1",7
"X1_GACTCTCCAGCAGTTT.1",6
"X1_GACTCTCCAGTAGATA.1",3
"X1_GACTCTCCAGTCAGTT.1",7
"X1_GACTCTCCAGTTGGTT.1",1
"X1_GACTCTCCATCCGTTC.1",7
"X1_GACTCTCGTAACGATA.1",4
"X1_GACTCTCGTAACTGCT.1",1000
"X1_GACTCTCGTAGATTAG.1",7
"X1_GACTCTCGTATTGGCT.1",5
"X1_GACTCTCGTCTAATCG.1",8
"X1_GACTCTCGTGACTATC.1",1000
"X1_GACTCTCGTGCACAAG.1",6
"X1_GACTCTCGTGGGATTG.1",7
"X1_GACTCTCGTGTGTACT.1",1000
"X1_GACTCTCGTTTGATCG.1",7
"X1_GACTCTCTCCGGCAGT.1",4
"X1_GACTCTCTCGCTAGCG.1",0
"X1_GACTCTCTCTAAGAAG.1",1000
"X1_GACTCTCTCTCATAGG.1",7
"X1_GACTCTCTCTCATGCC.1",2
"X1_GACTCTCTCTGGGAGA.1",8
"X1_GACTCTCTCTGGTGGC.1",4
"X1_GACTGATAGACAGCGT.1",4
"X1_GACTGATAGCACAAAT.1",7
"X1_GACTGATAGCAGGCAT.1",3
"X1_GACTGATAGCCGCTTG.1",8
"X1_GACTGATAGCGGTATG.1",1000
"X1_GACTGATAGCGTATGG.1",3
"X1_GACTGATAGGCATGCA.1",1000
"X1_GACTGATAGGTACATA.1",8
"X1_GACTGATAGGTGCATG.1",5
"X1_GACTGATAGTTCCTGA.1",2
"X1_GACTGATCAAATACGA.1",2
"X1_GACTGATCAATCGTCA.1",5
"X1_GACTGATCAATGAGCG.1",1000
"X1_GACTGATCACCCGTAG.1",1000
"X1_GACTGATCACCGTCTT.1",6
"X1_GACTGATCACGACTAT.1",7
"X1_GACTGATCACGGCTAC.1",5
"X1_GACTGATCACTGATTG.1",0
"X1_GACTGATCAGCGAGTA.1",7
"X1_GACTGATCATACGCAT.1",8
"X1_GACTGATCATGACCCG.1",1000
"X1_GACTGATGTCAAGTTC.1",4
"X1_GACTGATGTCAGCTTA.1",4
"X1_GACTGATGTCCAAATC.1",8
"X1_GACTGATGTCCAGCAC.1",2
"X1_GACTGATGTCGACGCT.1",1000
"X1_GACTGATGTGACACGA.1",1000
"X1_GACTGATGTGACTATC.1",7
"X1_GACTGATGTGTTACTG.1",1000
"X1_GACTGATGTGTTGACT.1",1000
"X1_GACTGATGTTCCACGG.1",3
"X1_GACTGATTCCATCTCG.1",4
"X1_GACTGATTCCGGACGT.1",3
"X1_GACTGATTCGGTTAGT.1",4
"X1_GACTGATTCGTACCTC.1",5
"X1_GACTGATTCGTCCATC.1",4
"X1_GACTTCCAGAATCCCT.1",4
"X1_GACTTCCAGATCGCCC.1",1000
"X1_GACTTCCAGCAGCCCT.1",1
"X1_GACTTCCAGCCAGTAG.1",1
"X1_GACTTCCAGCGCCTCA.1",6
"X1_GACTTCCAGGTTACAA.1",2
"X1_GACTTCCCAAGTGGTG.1",1000
"X1_GACTTCCCAATAAGGT.1",4
"X1_GACTTCCCACAAATAG.1",7
"X1_GACTTCCCACAAGCTT.1",4
"X1_GACTTCCCACCAATTG.1",7
"X1_GACTTCCCACGCGCAT.1",3
"X1_GACTTCCCACGGTGTC.1",1
"X1_GACTTCCCACTTCTCG.1",3
"X1_GACTTCCCAGTCGTTA.1",7
"X1_GACTTCCCATGTTTGG.1",3
"X1_GACTTCCGTATCAGCT.1",2
"X1_GACTTCCGTATCTCGA.1",3
"X1_GACTTCCGTATGAGAT.1",7
"X1_GACTTCCGTCATCCCT.1",8
"X1_GACTTCCGTCTTACAG.1",8
"X1_GACTTCCGTCTTACTT.1",1000
"X1_GACTTCCGTCTTAGTG.1",4
"X1_GACTTCCGTGACGTCC.1",1000
"X1_GACTTCCGTGCAATGG.1",7
"X1_GACTTCCGTGTATTGC.1",8
"X1_GACTTCCGTGTCACAT.1",5
"X1_GACTTCCGTGTGAATA.1",3
"X1_GACTTCCGTTCGGTTA.1",7
"X1_GACTTCCTCAAAGACA.1",4
"X1_GACTTCCTCAAGAGTA.1",7
"X1_GACTTCCTCATGCTAG.1",4
"X1_GACTTCCTCCTTATGT.1",1000
"X1_GACTTCCTCGCTTAAG.1",5
"X1_GACTTCCTCTGCCCTA.1",8
"X1_GAGAAATAGAACTCCT.1",7
"X1_GAGAAATAGAGGACTC.1",6
"X1_GAGAAATAGGCTAGCA.1",1000
"X1_GAGAAATAGGGAGGTG.1",2
"X1_GAGAAATAGGGAGTTC.1",4
"X1_GAGAAATAGTAAGAGG.1",1000
"X1_GAGAAATAGTGATCGG.1",1
"X1_GAGAAATAGTGCACCC.1",1000
"X1_GAGAAATAGTGTTCAC.1",7
"X1_GAGAAATCAAGACCGA.1",1000
"X1_GAGAAATCACTGGACC.1",8
"X1_GAGAAATCAGCAGATG.1",8
"X1_GAGAAATCAGCAGTGA.1",2
"X1_GAGAAATCATCCGGTG.1",7
"X1_GAGAAATCATGAAGCG.1",5
"X1_GAGAAATGTACTGCGC.1",1000
"X1_GAGAAATGTACTGGGA.1",8
"X1_GAGAAATGTAGCCAGA.1",7
"X1_GAGAAATGTAGTACGG.1",8
"X1_GAGAAATGTCACTGAT.1",4
"X1_GAGAAATGTGCTCTTC.1",3
"X1_GAGAAATGTGTCACAT.1",1000
"X1_GAGAAATGTTCGAAGG.1",8
"X1_GAGAAATGTTCTTAGG.1",7
"X1_GAGAAATGTTTGGGTT.1",4
"X1_GAGAAATTCACTACTT.1",1000
"X1_GAGAAATTCAGATTGC.1",1000
"X1_GAGAAATTCATTACCT.1",2
"X1_GAGAAATTCCAGCACG.1",8
"X1_GAGAAATTCCATCACC.1",3
"X1_GAGAAATTCCATTTCA.1",4
"X1_GAGAAATTCGGACTGC.1",4
"X1_GAGAAATTCGTAACCA.1",7
"X1_GAGAAATTCTAACGGT.1",4
"X1_GAGAAATTCTAGCAAC.1",8
"X1_GAGAAATTCTGCTCTG.1",1000
"X1_GAGACCCAGAATAGTC.1",4
"X1_GAGACCCAGAATCTAG.1",1000
"X1_GAGACCCAGAGACAAG.1",1
"X1_GAGACCCAGATTAGAC.1",5
"X1_GAGACCCAGCAACAAT.1",1
"X1_GAGACCCAGCACTCTA.1",2
"X1_GAGACCCAGGATTCAA.1",8
"X1_GAGACCCAGGCAGCTA.1",4
"X1_GAGACCCAGGCTCTAT.1",1000
"X1_GAGACCCAGTCGAAAT.1",4
"X1_GAGACCCCAACACACT.1",8
"X1_GAGACCCCAACCAGAG.1",8
"X1_GAGACCCCAACCCGCA.1",3
"X1_GAGACCCCAAGACTGG.1",8
"X1_GAGACCCCAATACGAA.1",8
"X1_GAGACCCCAGAAATTG.1",1000
"X1_GAGACCCCAGCACCCA.1",7
"X1_GAGACCCCAGGATGAC.1",4
"X1_GAGACCCCATGAAAGT.1",4
"X1_GAGACCCCATTACTCT.1",1000
"X1_GAGACCCGTACGGCAA.1",7
"X1_GAGACCCGTAGAATAC.1",5
"X1_GAGACCCGTATGAAGT.1",3
"X1_GAGACCCGTCCGGTCA.1",2
"X1_GAGACCCGTCGGATTT.1",7
"X1_GAGACCCGTGAAAGTT.1",1
"X1_GAGACCCGTGCATGTT.1",1000
"X1_GAGACCCGTTCATCTT.1",5
"X1_GAGACCCGTTCTTGTT.1",1000
"X1_GAGACCCTCACACCCT.1",3
"X1_GAGACCCTCCAACTGA.1",1
"X1_GAGACCCTCGATTGGT.1",3
"X1_GAGACCCTCGGAGTAG.1",7
"X1_GAGACCCTCGGCATCG.1",4
"X1_GAGACCCTCTGTCCGT.1",1000
"X1_GAGACCCTCTTCGACC.1",8
"X1_GAGACTTAGAGAATCT.1",1
"X1_GAGACTTAGAGGTTTA.1",1000
"X1_GAGACTTAGATCACTC.1",1000
"X1_GAGACTTAGCTAAATG.1",1000
"X1_GAGACTTAGGTGCTAG.1",8
"X1_GAGACTTCAAACACCT.1",1000
"X1_GAGACTTCAACCCTCT.1",4
"X1_GAGACTTCAAGGCAAC.1",1
"X1_GAGACTTCAAGGTACG.1",1000
"X1_GAGACTTCACAAATGA.1",3
"X1_GAGACTTCACGGCACT.1",7
"X1_GAGACTTCAGAGGGTT.1",1000
"X1_GAGACTTCAGGAGACT.1",1000
"X1_GAGACTTCATAATGCC.1",8
"X1_GAGACTTGTACGTTCA.1",5
"X1_GAGACTTGTAGCGCTC.1",3
"X1_GAGACTTGTCGCCACA.1",3
"X1_GAGACTTGTGAGTTGG.1",7
"X1_GAGACTTGTGGATCAG.1",4
"X1_GAGACTTGTTAGCTAC.1",1000
"X1_GAGACTTGTTAGGCTT.1",3
"X1_GAGACTTGTTGAGTCT.1",1000
"X1_GAGACTTGTTGCATAC.1",1000
"X1_GAGACTTGTTTGGGTT.1",2
"X1_GAGACTTTCAGCATTG.1",2
"X1_GAGACTTTCAGGTGTT.1",8
"X1_GAGACTTTCCATTGGA.1",8
"X1_GAGACTTTCCCATTCG.1",8
"X1_GAGACTTTCCCGAGTG.1",1000
"X1_GAGACTTTCCGTATGA.1",2
"X1_GAGACTTTCGACACCG.1",1000
"X1_GAGACTTTCGACATAC.1",8
"X1_GAGACTTTCGGTCGAC.1",6
"X1_GAGACTTTCTATTTCG.1",3
"X1_GAGACTTTCTTGGGCG.1",2
"X1_GAGAGGTAGACGATAT.1",4
"X1_GAGAGGTAGACTGTTC.1",1
"X1_GAGAGGTAGAGCCGAT.1",1000
"X1_GAGAGGTAGCAAGCCA.1",4
"X1_GAGAGGTAGCATAGGC.1",3
"X1_GAGAGGTAGCGGACAT.1",3
"X1_GAGAGGTAGCTACGTT.1",1000
"X1_GAGAGGTAGGCTATCT.1",3
"X1_GAGAGGTAGGGACACT.1",1000
"X1_GAGAGGTAGGGTACGT.1",8
"X1_GAGAGGTAGGTGATAT.1",5
"X1_GAGAGGTAGTAATCCC.1",8
"X1_GAGAGGTCAACAGATA.1",0
"X1_GAGAGGTCAACTGATC.1",1000
"X1_GAGAGGTCAAGGCAAC.1",4
"X1_GAGAGGTCAAGTCGTT.1",1000
"X1_GAGAGGTCAAGTGCTT.1",7
"X1_GAGAGGTCAATCTCGA.1",8
"X1_GAGAGGTCACCAATTG.1",8
"X1_GAGAGGTCACTACAGT.1",5
"X1_GAGAGGTCACTCAAGT.1",7
"X1_GAGAGGTCACTTGGGC.1",8
"X1_GAGAGGTCAGAACCGA.1",5
"X1_GAGAGGTCAGAGTGTG.1",4
"X1_GAGAGGTCAGTCGGAA.1",2
"X1_GAGAGGTCAGTGCCTG.1",6
"X1_GAGAGGTCATCATTGG.1",3
"X1_GAGAGGTCATCCGCGA.1",8
"X1_GAGAGGTCATGAAGCG.1",2
"X1_GAGAGGTGTAGACGTG.1",7
"X1_GAGAGGTGTAGAGTTA.1",7
"X1_GAGAGGTGTAGTCCTA.1",5
"X1_GAGAGGTGTATGCAAA.1",8
"X1_GAGAGGTGTCAAAGAT.1",8
"X1_GAGAGGTGTCAACATC.1",1000
"X1_GAGAGGTGTCATAGTC.1",1000
"X1_GAGAGGTGTCCAGGTC.1",4
"X1_GAGAGGTGTCCCTCAT.1",7
"X1_GAGAGGTGTTACTCAG.1",1000
"X1_GAGAGGTGTTATAGCC.1",2
"X1_GAGAGGTGTTGCATTG.1",3
"X1_GAGAGGTTCATTGCTT.1",0
"X1_GAGAGGTTCCACTAGA.1",4
"X1_GAGAGGTTCCCGAAAT.1",4
"X1_GAGAGGTTCCCGAGGT.1",8
"X1_GAGAGGTTCCGATAAC.1",8
"X1_GAGAGGTTCGAACCAT.1",2
"X1_GAGAGGTTCGCATTGA.1",1000
"X1_GAGAGGTTCGCGATCG.1",8
"X1_GAGAGGTTCGCTTAAG.1",1000
"X1_GAGAGGTTCTAGTGAC.1",1
"X1_GAGAGGTTCTCTCAAT.1",4
"X1_GAGAGGTTCTGCGGGT.1",8
"X1_GAGATGGAGAGTTGAT.1",5
"X1_GAGATGGAGCACTCGC.1",1000
"X1_GAGATGGAGCGTGCCT.1",7
"X1_GAGATGGAGGAAAGAC.1",1000
"X1_GAGATGGAGGACATCG.1",7
"X1_GAGATGGAGGTTGTTC.1",4
"X1_GAGATGGAGGTTTGAA.1",0
"X1_GAGATGGCAACGATCT.1",8
"X1_GAGATGGCAAGTGGAC.1",4
"X1_GAGATGGCACGTAACT.1",4
"X1_GAGATGGCAGATCACT.1",4
"X1_GAGATGGCAGCTGAGA.1",1000
"X1_GAGATGGCATACCGTA.1",1
"X1_GAGATGGCATGACTAC.1",8
"X1_GAGATGGCATTCGATG.1",7
"X1_GAGATGGGTGACTATC.1",8
"X1_GAGATGGGTGCGAGTA.1",1000
"X1_GAGATGGGTGGTCTTA.1",7
"X1_GAGATGGGTTCCCACT.1",0
"X1_GAGATGGGTTTGTGGT.1",3
"X1_GAGATGGTCATAGGCT.1",4
"X1_GAGATGGTCCTCGCAT.1",3
"X1_GAGATGGTCGTGGACC.1",6
"X1_GAGATGGTCTAAGCGT.1",1000
"X1_GAGATGGTCTTGTTAC.1",1
"X1_GAGCCTGAGAGAGTTT.1",8
"X1_GAGCCTGAGAGTCAGC.1",8
"X1_GAGCCTGAGCTCCACG.1",4
"X1_GAGCCTGAGGAATTAC.1",8
"X1_GAGCCTGAGGACGGAG.1",3
"X1_GAGCCTGAGGCTCTAT.1",4
"X1_GAGCCTGAGTAAGAGG.1",1000
"X1_GAGCCTGAGTGTACAA.1",3
"X1_GAGCCTGCAACGAGGT.1",4
"X1_GAGCCTGCAAGAATAC.1",4
"X1_GAGCCTGCAATAGGGC.1",1000
"X1_GAGCCTGCAATGGCAG.1",1
"X1_GAGCCTGCAATTGAGA.1",7
"X1_GAGCCTGCACCAGACC.1",7
"X1_GAGCCTGCACGCAAAG.1",1000
"X1_GAGCCTGCACGTGAGA.1",8
"X1_GAGCCTGCACTAGTAC.1",8
"X1_GAGCCTGCACTCCGAG.1",7
"X1_GAGCCTGCACTGAATC.1",5
"X1_GAGCCTGCACTGGACC.1",1000
"X1_GAGCCTGCAGATACTC.1",5
"X1_GAGCCTGCATAACCCA.1",0
"X1_GAGCCTGGTAGCACGA.1",7
"X1_GAGCCTGGTAGGAAAG.1",7
"X1_GAGCCTGGTCATCCCT.1",4
"X1_GAGCCTGGTCGTTATG.1",0
"X1_GAGCCTGGTGAGCGAT.1",1000
"X1_GAGCCTGGTGAGTTGG.1",1000
"X1_GAGCCTGGTGCATTTG.1",8
"X1_GAGCCTGGTGCGTGCT.1",4
"X1_GAGCCTGGTTCTAAGC.1",8
"X1_GAGCCTGGTTGCGGCT.1",4
"X1_GAGCCTGTCAAGGCTT.1",1000
"X1_GAGCCTGTCAAGTCGT.1",1000
"X1_GAGCCTGTCACAACCA.1",5
"X1_GAGCCTGTCCATTGGA.1",7
"X1_GAGCCTGTCCCATAGA.1",8
"X1_GAGCCTGTCCCTATTA.1",1000
"X1_GAGCCTGTCCGATGTA.1",0
"X1_GAGCCTGTCCTAAACG.1",1000
"X1_GAGCCTGTCCTAGCTC.1",8
"X1_GAGCCTGTCCTTGAAG.1",1000
"X1_GAGCCTGTCGGAACTT.1",4
"X1_GAGCCTGTCTAGGCCG.1",7
"X1_GAGCCTGTCTGTGCTC.1",8
"X1_GAGCCTGTCTTAGGAC.1",1
"X1_GAGCTGCAGAACTGAT.1",8
"X1_GAGCTGCAGCTCCGAC.1",7
"X1_GAGCTGCAGCTGTCCG.1",1000
"X1_GAGCTGCAGGAGTCTG.1",3
"X1_GAGCTGCAGGCTTAGG.1",8
"X1_GAGCTGCAGTATTCCG.1",1000
"X1_GAGCTGCAGTGTACCT.1",1000
"X1_GAGCTGCCAACAAAGT.1",8
"X1_GAGCTGCCAACCCGCA.1",7
"X1_GAGCTGCCAACTGTGT.1",0
"X1_GAGCTGCCACACCTAA.1",8
"X1_GAGCTGCCACAGAGCA.1",8
"X1_GAGCTGCCACATAACC.1",3
"X1_GAGCTGCCACCTTCGT.1",4
"X1_GAGCTGCCACGGTGAA.1",8
"X1_GAGCTGCCATAATCCG.1",7
"X1_GAGCTGCCATGGCGCT.1",1000
"X1_GAGCTGCGTACTAAGA.1",7
"X1_GAGCTGCGTACTAGCT.1",4
"X1_GAGCTGCGTCATCACA.1",5
"X1_GAGCTGCGTCTCCCTA.1",5
"X1_GAGCTGCGTCTGTGGC.1",1000
"X1_GAGCTGCGTGATTCTG.1",8
"X1_GAGCTGCGTTCCATTT.1",6
"X1_GAGCTGCGTTGCATCA.1",1000
"X1_GAGCTGCTCAAGCTTG.1",7
"X1_GAGCTGCTCAAGTGGG.1",5
"X1_GAGCTGCTCACCATCC.1",8
"X1_GAGCTGCTCAGGTGTT.1",3
"X1_GAGCTGCTCCTGTACC.1",7
"X1_GAGCTGCTCGAACGCC.1",3
"X1_GAGCTGCTCGGAGTAG.1",4
"X1_GAGCTGCTCGTTGCCT.1",1000
"X1_GAGGCAAAGACCTTTG.1",8
"X1_GAGGCAAAGACTGGGT.1",8
"X1_GAGGCAAAGCAACAAT.1",2
"X1_GAGGCAAAGGGTTTCT.1",4
"X1_GAGGCAACAACTGCCG.1",6
"X1_GAGGCAACAACTGCTA.1",7
"X1_GAGGCAACAATAGGGC.1",8
"X1_GAGGCAACAATGCAAA.1",7
"X1_GAGGCAACAGAGCTAG.1",4
"X1_GAGGCAACATGACAGG.1",4
"X1_GAGGCAACATGGGAAC.1",0
"X1_GAGGCAAGTAAGCAAT.1",8
"X1_GAGGCAAGTATAGCTC.1",1000
"X1_GAGGCAAGTATCAGCT.1",6
"X1_GAGGCAAGTCACTTCC.1",4
"X1_GAGGCAAGTCGCAGTC.1",7
"X1_GAGGCAAGTGATTAGA.1",8
"X1_GAGGCAAGTGGTCCCA.1",8
"X1_GAGGCAAGTGTTCGTA.1",1000
"X1_GAGGCAAGTTAGGGAC.1",7
"X1_GAGGCAAGTTCTCCTG.1",2
"X1_GAGGCAAGTTGTCAGT.1",3
"X1_GAGGCAATCAGTAGGG.1",1000
"X1_GAGGCAATCATTACCT.1",1000
"X1_GAGGCAATCCAACACA.1",8
"X1_GAGGCAATCCACGTGG.1",1000
"X1_GAGGCAATCCCTATTA.1",7
"X1_GAGGCAATCCGAGAAG.1",1000
"X1_GAGGCAATCGGCACTG.1",8
"X1_GAGGCAATCTAACGCA.1",8
"X1_GAGGCCTAGATGGCGT.1",7
"X1_GAGGCCTAGCGTTCAT.1",7
"X1_GAGGCCTAGGCTAACG.1",8
"X1_GAGGCCTAGTATCTGC.1",1
"X1_GAGGCCTCAATTTCTC.1",5
"X1_GAGGCCTCACACAGCC.1",8
"X1_GAGGCCTCACTGGACC.1",2
"X1_GAGGCCTCACTTCCTG.1",6
"X1_GAGGCCTCAGAACTTC.1",1000
"X1_GAGGCCTCAGGTGGAT.1",7
"X1_GAGGCCTGTAACACCT.1",7
"X1_GAGGCCTGTATCCTTT.1",8
"X1_GAGGCCTGTCGCCTAG.1",1000
"X1_GAGGCCTGTGTCGCTG.1",1000
"X1_GAGGCCTTCATCGTAG.1",5
"X1_GAGGCCTTCCCGAAAT.1",6
"X1_GAGGCCTTCCGAGGCT.1",8
"X1_GAGGCCTTCGACATTG.1",0
"X1_GAGGCCTTCGACGAGA.1",8
"X1_GAGGCCTTCGGCAGTC.1",1000
"X1_GAGGCCTTCGTAGGAG.1",8
"X1_GAGGCCTTCTACGCGG.1",7
"X1_GAGGGATAGACCTTTG.1",7
"X1_GAGGGATAGATGTTCC.1",7
"X1_GAGGGATAGCGCCTAC.1",1000
"X1_GAGGGATAGCTGAGTG.1",3
"X1_GAGGGATAGGCATCTT.1",8
"X1_GAGGGATCACAGTCAT.1",4
"X1_GAGGGATCACCGTCTT.1",1000
"X1_GAGGGATCATAACAGA.1",6
"X1_GAGGGATCATACTGAC.1",8
"X1_GAGGGATCATCAGTCA.1",1000
"X1_GAGGGATGTAATGCTC.1",4
"X1_GAGGGATGTATGCGTT.1",6
"X1_GAGGGATGTCCTTAAG.1",1000
"X1_GAGGGATGTGCGCTCA.1",3
"X1_GAGGGATGTGGTTCTA.1",6
"X1_GAGGGATGTTTACACG.1",1
"X1_GAGGGATTCAAGCCTA.1",7
"X1_GAGGGATTCAAGGAGC.1",1000
"X1_GAGGGATTCAAGTTGC.1",8
"X1_GAGGGATTCACCATCC.1",8
"X1_GAGGGATTCATGTCTT.1",3
"X1_GAGGGATTCCATTGCC.1",7
"X1_GAGGGATTCCCATAGA.1",2
"X1_GAGGGATTCCTCAGAA.1",1
"X1_GAGGGATTCCTCGCAT.1",8
"X1_GAGGGATTCGCGTGAC.1",8
"X1_GAGGGATTCGTGGAAG.1",7
"X1_GAGGGATTCTACCCAC.1",1000
"X1_GAGGGATTCTCAATCT.1",1000
"X1_GAGGGTAAGAAACTCA.1",8
"X1_GAGGGTAAGACCTCCG.1",4
"X1_GAGGGTAAGACTTCCA.1",1000
"X1_GAGGGTAAGATCCCAT.1",1000
"X1_GAGGGTAAGCATGGGT.1",7
"X1_GAGGGTAAGCCGGATA.1",2
"X1_GAGGGTAAGGGAGGCA.1",4
"X1_GAGGGTAAGTTGCTGT.1",4
"X1_GAGGGTACAACAGTGG.1",8
"X1_GAGGGTACAATTCTCT.1",1000
"X1_GAGGGTACACATCCCT.1",4
"X1_GAGGGTACAGATCCTA.1",7
"X1_GAGGGTACAGCTGGTC.1",1000
"X1_GAGGGTACAGGTCTCG.1",4
"X1_GAGGGTACATCCGAAT.1",8
"X1_GAGGGTACATGAGGGT.1",8
"X1_GAGGGTACATGTGACT.1",1000
"X1_GAGGGTACATTGTACG.1",1000
"X1_GAGGGTAGTAAGACCG.1",1000
"X1_GAGGGTAGTATCGCGC.1",1000
"X1_GAGGGTAGTCAAGTTC.1",3
"X1_GAGGGTAGTCGTGATT.1",1
"X1_GAGGGTAGTGCAATGG.1",1000
"X1_GAGGGTAGTGCACAAG.1",7
"X1_GAGGGTAGTTACGATC.1",1000
"X1_GAGGGTATCATGTCAG.1",3
"X1_GAGGGTATCATTACTC.1",3
"X1_GAGGGTATCCATAGAC.1",1000
"X1_GAGGGTATCCTTCACG.1",1000
"X1_GAGGGTATCTCCGCAT.1",7
"X1_GAGGGTATCTGAGCAT.1",3
"X1_GAGGGTATCTTCGGAA.1",1000
"X1_GAGGGTATCTTCGGTC.1",3
"X1_GAGTCATAGACAACAT.1",1000
"X1_GAGTCATAGACATCCT.1",6
"X1_GAGTCATAGACATGCG.1",3
"X1_GAGTCATAGCTCGGCT.1",1000
"X1_GAGTCATAGTACCATC.1",5
"X1_GAGTCATCACAAGCTT.1",3
"X1_GAGTCATCACCCAATA.1",1000
"X1_GAGTCATCACTGAGGA.1",1000
"X1_GAGTCATCAGACCTAT.1",1000
"X1_GAGTCATCAGCGAGTA.1",1000
"X1_GAGTCATCAGGTAGTG.1",4
"X1_GAGTCATCATGTCAGT.1",5
"X1_GAGTCATGTACCGCGT.1",3
"X1_GAGTCATGTCAGACGA.1",3
"X1_GAGTCATGTCCCTAAA.1",1000
"X1_GAGTCATGTGAGTTGG.1",2
"X1_GAGTCATGTGTCCGGT.1",6
"X1_GAGTCATGTTACACAC.1",4
"X1_GAGTCATTCACGGTCG.1",5
"X1_GAGTCATTCAGCTGAT.1",1000
"X1_GAGTCATTCATACGGT.1",8
"X1_GAGTCATTCCAAGAGG.1",8
"X1_GAGTCATTCCACAGGC.1",7
"X1_GAGTCATTCCGACAGC.1",1
"X1_GAGTCATTCGATTCCC.1",7
"X1_GAGTCATTCGCTTGCT.1",6
"X1_GAGTCATTCGGTCAGC.1",8
"X1_GAGTCATTCTGACAGT.1",7
"X1_GAGTCATTCTTGGTCC.1",4
"X1_GAGTCTAAGAAGTCCG.1",1000
"X1_GAGTCTAAGACGGATC.1",1000
"X1_GAGTCTAAGAGATTCA.1",6
"X1_GAGTCTAAGATACATG.1",8
"X1_GAGTCTAAGATAGCTA.1",4
"X1_GAGTCTAAGCATGCAG.1",2
"X1_GAGTCTAAGCCTGTCG.1",3
"X1_GAGTCTAAGCTCAGAG.1",4
"X1_GAGTCTAAGTACCCTA.1",1000
"X1_GAGTCTACAAGAGCTG.1",3
"X1_GAGTCTACAATCTAGC.1",4
"X1_GAGTCTACAATTCTTC.1",8
"X1_GAGTCTACACGGCGTT.1",1
"X1_GAGTCTACACGTCATA.1",1000
"X1_GAGTCTACAGAATCGG.1",1
"X1_GAGTCTACAGATCCTA.1",1000
"X1_GAGTCTACAGCATCTA.1",8
"X1_GAGTCTACATCCGCGA.1",5
"X1_GAGTCTACATCGCCTT.1",7
"X1_GAGTCTAGTACTTGTG.1",6
"X1_GAGTCTAGTCAACATC.1",0
"X1_GAGTCTAGTCACTCAA.1",7
"X1_GAGTCTAGTCTAGTGT.1",7
"X1_GAGTCTAGTGACAGGT.1",8
"X1_GAGTCTAGTGGTCTCG.1",1000
"X1_GAGTCTAGTGTCCCTT.1",8
"X1_GAGTCTAGTTACGGAG.1",1000
"X1_GAGTCTAGTTTCAGAC.1",2
"X1_GAGTCTATCAACGTGT.1",7
"X1_GAGTCTATCCGAGAAG.1",1000
"X1_GAGTCTATCGGCTGAC.1",1000
"X1_GAGTCTATCTCGCTTG.1",4
"X1_GAGTCTATCTTTCCGG.1",1000
"X1_GAGTGAGAGAATCGAT.1",1000
"X1_GAGTGAGAGATGCTGG.1",1000
"X1_GAGTGAGAGATGTTCC.1",1000
"X1_GAGTGAGAGCTGTTCA.1",1000
"X1_GAGTGAGAGGAACTAT.1",1000
"X1_GAGTGAGAGTAAGCAT.1",1000
"X1_GAGTGAGAGTAGTCTC.1",7
"X1_GAGTGAGAGTATGACA.1",8
"X1_GAGTGAGAGTTCCTGA.1",3
"X1_GAGTGAGCAAACGGCA.1",1000
"X1_GAGTGAGCACCCAACG.1",1000
"X1_GAGTGAGCACCTGATA.1",1000
"X1_GAGTGAGCACTGAGTT.1",1000
"X1_GAGTGAGCAGCTCCTT.1",1000
"X1_GAGTGAGCAGTCAGAG.1",1000
"X1_GAGTGAGCATTCACCC.1",1000
"X1_GAGTGAGCATTGGCAT.1",8
"X1_GAGTGAGGTCCATAGT.1",4
"X1_GAGTGAGGTCGCTTAA.1",8
"X1_GAGTGAGGTTAGGCTT.1",1000
"X1_GAGTGAGGTTGACTAC.1",7
"X1_GAGTGAGTCAGAGCGA.1",3
"X1_GAGTGAGTCATTTACC.1",5
"X1_GAGTGAGTCCACTAGA.1",2
"X1_GAGTGAGTCCGGGACT.1",7
"X1_GAGTGAGTCTGTGCTC.1",4
"X1_GAGTGAGTCTTTCCGG.1",3
"X1_GAGTGTTAGACCTCAT.1",1000
"X1_GAGTGTTAGCACCTGC.1",1000
"X1_GAGTGTTAGGAACGTC.1",5
"X1_GAGTGTTAGGATGAGA.1",7
"X1_GAGTGTTAGGTACCTT.1",7
"X1_GAGTGTTAGGTTCATC.1",0
"X1_GAGTGTTAGTCTCTGA.1",7
"X1_GAGTGTTAGTGCAGGT.1",4
"X1_GAGTGTTCAAACCATC.1",7
"X1_GAGTGTTCACCTGCGA.1",1000
"X1_GAGTGTTCACGTCGTG.1",1000
"X1_GAGTGTTCACTACACA.1",6
"X1_GAGTGTTCAGACAATA.1",2
"X1_GAGTGTTCAGCTGTTA.1",7
"X1_GAGTGTTCAGTTAAAG.1",3
"X1_GAGTGTTGTATCAAGA.1",7
"X1_GAGTGTTGTCAGGAGT.1",7
"X1_GAGTGTTGTCAGTCCG.1",1
"X1_GAGTGTTGTGAGACGT.1",1
"X1_GAGTGTTGTGCACATT.1",4
"X1_GAGTGTTTCAAGGACG.1",7
"X1_GAGTGTTTCAGCATTG.1",0
"X1_GAGTGTTTCCGCGATG.1",2
"X1_GAGTGTTTCCTGTAAG.1",1000
"X1_GAGTGTTTCGCACGGT.1",2
"X1_GAGTGTTTCTACCCAC.1",7
"X1_GAGTGTTTCTACTATC.1",4
"X1_GAGTTACAGCATGGGT.1",7
"X1_GAGTTACAGCCTGGAA.1",8
"X1_GAGTTACAGGTCCAGA.1",8
"X1_GAGTTACAGTAGCTCT.1",1000
"X1_GAGTTACCAACGGTAG.1",8
"X1_GAGTTACCAAGAGGCT.1",3
"X1_GAGTTACCAAGTGGCA.1",8
"X1_GAGTTACCACACCTGG.1",4
"X1_GAGTTACCACGTACAT.1",1000
"X1_GAGTTACCACTGTGAT.1",3
"X1_GAGTTACCAGCATGCC.1",8
"X1_GAGTTACCAGCGCGTT.1",1
"X1_GAGTTACCAGCGTTGC.1",1000
"X1_GAGTTACCAGCTTTGA.1",7
"X1_GAGTTACCAGGACATG.1",2
"X1_GAGTTACCAGTCTACA.1",1000
"X1_GAGTTACCATGAAGGC.1",7
"X1_GAGTTACCATGACTAC.1",4
"X1_GAGTTACCATGTGTCA.1",1000
"X1_GAGTTACGTCCGTACG.1",1000
"X1_GAGTTACGTCTCGCGA.1",1000
"X1_GAGTTACGTCTGTAAC.1",4
"X1_GAGTTACGTTGCAACT.1",4
"X1_GAGTTACTCACTCGAA.1",8
"X1_GAGTTACTCGAGGCAA.1",8
"X1_GAGTTACTCGGCATAT.1",8
"X1_GAGTTACTCTTGGTCC.1",5
"X1_GAGTTGTAGATTAGTG.1",7
"X1_GAGTTGTAGCAATAGT.1",7
"X1_GAGTTGTAGCCATTGT.1",6
"X1_GAGTTGTAGCGCCCAT.1",4
"X1_GAGTTGTAGCTTCGTA.1",0
"X1_GAGTTGTAGGTGATAT.1",1000
"X1_GAGTTGTAGTGCGACA.1",1
"X1_GAGTTGTAGTTTAGGA.1",3
"X1_GAGTTGTCAACAGAGC.1",1000
"X1_GAGTTGTCAATACCCA.1",2
"X1_GAGTTGTCAATGACCT.1",6
"X1_GAGTTGTCACCCTCTA.1",1000
"X1_GAGTTGTCACGCTGTG.1",4
"X1_GAGTTGTCAGAATGTA.1",1000
"X1_GAGTTGTCAGCTATTG.1",4
"X1_GAGTTGTCATCAGTGT.1",7
"X1_GAGTTGTCATCCGATA.1",4
"X1_GAGTTGTCATCCGTTC.1",3
"X1_GAGTTGTCATGATGCT.1",8
"X1_GAGTTGTGTACAGAAT.1",1000
"X1_GAGTTGTGTCTCTCTG.1",3
"X1_GAGTTGTGTGAGTGAC.1",1000
"X1_GAGTTGTGTGCATTAC.1",7
"X1_GAGTTGTGTTTCTATC.1",8
"X1_GAGTTGTGTTTGCCGG.1",8
"X1_GAGTTGTTCAAGGAGC.1",1000
"X1_GAGTTGTTCAGACAAA.1",8
"X1_GAGTTGTTCAGCTGTA.1",1000
"X1_GAGTTGTTCATTCTTG.1",8
"X1_GAGTTGTTCCATAGGT.1",8
"X1_GAGTTGTTCGAGTGGA.1",7
"X1_GAGTTGTTCGCTTGCT.1",4
"X1_GAGTTGTTCTGATTCT.1",8
"X1_GAGTTTGAGAACGCGT.1",8
"X1_GAGTTTGAGAAGCTGC.1",5
"X1_GAGTTTGAGACAAGCC.1",8
"X1_GAGTTTGAGAGCCGAT.1",8
"X1_GAGTTTGAGAGCTGCA.1",4
"X1_GAGTTTGAGATCGCCC.1",7
"X1_GAGTTTGAGATCGGTG.1",8
"X1_GAGTTTGAGGTTCATC.1",7
"X1_GAGTTTGAGGTTGAGC.1",4
"X1_GAGTTTGAGTAGGATT.1",7
"X1_GAGTTTGAGTCATCGT.1",2
"X1_GAGTTTGAGTGGAAGA.1",4
"X1_GAGTTTGAGTGTACAA.1",5
"X1_GAGTTTGAGTTCTACG.1",8
"X1_GAGTTTGCAAATCGGG.1",7
"X1_GAGTTTGCAATGGGTG.1",7
"X1_GAGTTTGCACCAAATC.1",7
"X1_GAGTTTGCACGATTCA.1",1000
"X1_GAGTTTGCACTGTCCT.1",4
"X1_GAGTTTGCAGAAGTGC.1",7
"X1_GAGTTTGCAGAGCGTA.1",6
"X1_GAGTTTGCAGTTGAAA.1",4
"X1_GAGTTTGCATATGAAG.1",1000
"X1_GAGTTTGCATCGCCTT.1",1000
"X1_GAGTTTGGTAAGTTAG.1",7
"X1_GAGTTTGGTCCACATA.1",8
"X1_GAGTTTGGTCTGCATA.1",1000
"X1_GAGTTTGGTGTTTCTT.1",1
"X1_GAGTTTGGTTCACCGG.1",1
"X1_GAGTTTGGTTGCCAAT.1",8
"X1_GAGTTTGGTTGCCGAC.1",8
"X1_GAGTTTGTCACATTGG.1",7
"X1_GAGTTTGTCACCTTAT.1",8
"X1_GAGTTTGTCCCTCTTT.1",7
"X1_GAGTTTGTCCGCTGTT.1",2
"X1_GAGTTTGTCCTCTAGC.1",1
"X1_GAGTTTGTCGTTAGAC.1",8
"X1_GAGTTTGTCTCGAGTA.1",4
"X1_GAGTTTGTCTCTGACC.1",8
"X1_GAGTTTGTCTCTGCCA.1",5
"X1_GAGTTTGTCTGAATGC.1",5
"X1_GAGTTTGTCTGCATGA.1",3
"X1_GATAGAAAGAGGGCGA.1",4
"X1_GATAGAAAGATGGCAC.1",8
"X1_GATAGAAAGGTTCCGC.1",1000
"X1_GATAGAAAGTAGGATT.1",3
"X1_GATAGAAAGTGCAAAT.1",5
"X1_GATAGAACAAAGCAAT.1",7
"X1_GATAGAACAACACAGG.1",5
"X1_GATAGAACAACCCTAA.1",1000
"X1_GATAGAACAATACCTG.1",3
"X1_GATAGAACACAGCCAC.1",1000
"X1_GATAGAACACGTAGTT.1",8
"X1_GATAGAACACGTCATA.1",1000
"X1_GATAGAACAGAAGTTA.1",1000
"X1_GATAGAACAGCGCGTT.1",3
"X1_GATAGAACAGGCTACC.1",3
"X1_GATAGAAGTAATCAGA.1",4
"X1_GATAGAAGTACCCACG.1",8
"X1_GATAGAAGTAGTCGGA.1",3
"X1_GATAGAAGTATTTCGG.1",8
"X1_GATAGAAGTCGTTGGC.1",1000
"X1_GATAGAAGTCTTCTAT.1",8
"X1_GATAGAAGTGACACGA.1",3
"X1_GATAGAAGTGGACCTC.1",1
"X1_GATAGAAGTGTATACC.1",6
"X1_GATAGAAGTTCTCACC.1",0
"X1_GATAGAATCCCAAGTA.1",3
"X1_GATAGAATCCTACGAA.1",1000
"X1_GATAGAATCGCTCTCA.1",4
"X1_GATAGAATCGGCTGGT.1",6
"X1_GATAGAATCGGTCAGC.1",1000
"X1_GATAGAATCTACGGGC.1",1
"X1_GATAGAATCTGGTTGA.1",7
"X1_GATAGCTAGACGACTG.1",7
"X1_GATAGCTAGATACAGT.1",7
"X1_GATAGCTAGCTATCTG.1",1000
"X1_GATAGCTAGGAGATAG.1",1000
"X1_GATAGCTAGGGTACGT.1",3
"X1_GATAGCTAGTAGGAAG.1",7
"X1_GATAGCTAGTGCAAAT.1",4
"X1_GATAGCTCAACGTATC.1",1000
"X1_GATAGCTCAAGGGCAT.1",7
"X1_GATAGCTCAAGTGCAG.1",1000
"X1_GATAGCTCAATGAACA.1",8
"X1_GATAGCTCACTAACCA.1",8
"X1_GATAGCTCACTACACA.1",4
"X1_GATAGCTCATCCTGTC.1",4
"X1_GATAGCTGTATTCCTT.1",7
"X1_GATAGCTGTATTGACC.1",2
"X1_GATAGCTGTCGTTTCC.1",3
"X1_GATAGCTGTGATCATC.1",7
"X1_GATAGCTGTTCCACGG.1",2
"X1_GATAGCTGTTCGGCTG.1",3
"X1_GATAGCTTCAACCTCC.1",1000
"X1_GATAGCTTCAAGATAG.1",4
"X1_GATAGCTTCACGTCCT.1",4
"X1_GATAGCTTCCAAGAGG.1",1000
"X1_GATAGCTTCCACAGGC.1",5
"X1_GATAGCTTCGTAGTCA.1",1000
"X1_GATAGCTTCTAGATCG.1",1000
"X1_GATAGCTTCTCTATAC.1",3
"X1_GATAGCTTCTGAGAGG.1",4
"X1_GATAGCTTCTTGTTAC.1",7
"X1_GATCACAAGAGTCGAC.1",5
"X1_GATCACAAGCACCTGC.1",7
"X1_GATCACAAGCATATGA.1",3
"X1_GATCACAAGCATGGGT.1",8
"X1_GATCACAAGGGTACAC.1",4
"X1_GATCACAAGTGTTGTC.1",7
"X1_GATCACACAACAGCCC.1",5
"X1_GATCACACAACCACGC.1",1000
"X1_GATCACACAATAGTGA.1",3
"X1_GATCACACAATCCTTT.1",8
"X1_GATCACACACCAGCGT.1",7
"X1_GATCACACACTGTCGG.1",1000
"X1_GATCACACAGCGTGAA.1",0
"X1_GATCACACAGTTAAAG.1",8
"X1_GATCACACATGAGATA.1",3
"X1_GATCACACATTAGGAA.1",1000
"X1_GATCACAGTACTCCGG.1",8
"X1_GATCACAGTAGCTGAG.1",1000
"X1_GATCACAGTAGCTTTG.1",4
"X1_GATCACAGTGACATCT.1",7
"X1_GATCACAGTTGTGTTG.1",1000
"X1_GATCACATCACTTGGA.1",1000
"X1_GATCACATCATCACTT.1",1000
"X1_GATCACATCCATCTGC.1",4
"X1_GATCACATCCTCATAT.1",3
"X1_GATCACATCGATACTG.1",4
"X1_GATCACATCGCGTGAC.1",1000
"X1_GATCACATCGGACTGC.1",1000
"X1_GATCACATCTCGGGAC.1",7
"X1_GATCACATCTCTATGT.1",5
"X1_GATCACATCTGGTGCG.1",8
"X1_GATCAGTAGAACAAGG.1",1000
"X1_GATCAGTAGAGTCACG.1",7
"X1_GATCAGTAGATTACCC.1",4
"X1_GATCAGTAGCAAATCA.1",1000
"X1_GATCAGTAGCCTCTGG.1",1000
"X1_GATCAGTAGCCTGCCA.1",1000
"X1_GATCAGTAGCTAGAGC.1",8
"X1_GATCAGTAGGCATGGT.1",4
"X1_GATCAGTAGGTTGCCC.1",1000
"X1_GATCAGTAGTAACCGG.1",3
"X1_GATCAGTAGTGGAATT.1",7
"X1_GATCAGTCAATGCAAA.1",7
"X1_GATCAGTCACCCTGTT.1",1000
"X1_GATCAGTCAGAGGCAT.1",5
"X1_GATCAGTCAGTCTTCC.1",7
"X1_GATCAGTCAGTGGGTA.1",4
"X1_GATCAGTCATAGGAGC.1",7
"X1_GATCAGTCATGTCGTA.1",3
"X1_GATCAGTCATTGCCTC.1",7
"X1_GATCAGTGTAGCGTCC.1",4
"X1_GATCAGTGTCATTGCA.1",7
"X1_GATCAGTGTCTCGCGA.1",6
"X1_GATCAGTGTCTTGCGG.1",1000
"X1_GATCAGTGTGAATAAC.1",3
"X1_GATCAGTGTGTTAAAG.1",5
"X1_GATCAGTGTTAAGCAA.1",8
"X1_GATCAGTGTTACAGCT.1",2
"X1_GATCAGTGTTGCAAGG.1",3
"X1_GATCAGTGTTGCATGT.1",8
"X1_GATCAGTTCAAACCTG.1",7
"X1_GATCAGTTCACCTACC.1",5
"X1_GATCAGTTCACTTGTT.1",2
"X1_GATCAGTTCATACAGC.1",5
"X1_GATCAGTTCCCGGTAG.1",2
"X1_GATCAGTTCGCAGATT.1",8
"X1_GATCAGTTCGTCGACG.1",8
"X1_GATCAGTTCTAACACG.1",3
"X1_GATCAGTTCTCGGCTT.1",8
"X1_GATCAGTTCTTTCAGT.1",7
"X1_GATCATGAGCAAGTCG.1",0
"X1_GATCATGAGGAACTCG.1",4
"X1_GATCATGAGGTCACCC.1",6
"X1_GATCATGAGTGGAATT.1",8
"X1_GATCATGAGTTGAAGT.1",1000
"X1_GATCATGCAAATGGAT.1",4
"X1_GATCATGCAAGGTCGA.1",8
"X1_GATCATGCAAGGTCTT.1",8
"X1_GATCATGCACGTAACT.1",3
"X1_GATCATGCACTGAATC.1",1000
"X1_GATCATGCAGGTTTAC.1",6
"X1_GATCATGCAGTGGCTC.1",1000
"X1_GATCATGCATATAGCC.1",1
"X1_GATCATGGTACCCAGC.1",1000
"X1_GATCATGGTACGCTAT.1",8
"X1_GATCATGGTATGAAAC.1",5
"X1_GATCATGGTATGAGCG.1",8
"X1_GATCATGGTATGCAAA.1",8
"X1_GATCATGGTATTGAGA.1",6
"X1_GATCATGGTCATGACT.1",1000
"X1_GATCATGGTCCAAAGG.1",7
"X1_GATCATGGTCTAGTGT.1",1000
"X1_GATCATGGTCTCCCTA.1",1000
"X1_GATCATGGTCTTGAAC.1",5
"X1_GATCATGGTGGCGTAA.1",1000
"X1_GATCATGGTTCAAGGG.1",4
"X1_GATCATGGTTCTCGTC.1",4
"X1_GATCATGGTTGGGTAG.1",6
"X1_GATCATGGTTTACTGG.1",8
"X1_GATCATGTCAGCTCTC.1",1000
"X1_GATCATGTCATCTGTT.1",7
"X1_GATCATGTCCGCGAGT.1",7
"X1_GATCATGTCCTCTCGA.1",4
"X1_GATCATGTCTACTGAG.1",7
"X1_GATCATGTCTCACTCG.1",8
"X1_GATCATGTCTGGTGCG.1",8
"X1_GATCATGTCTGTGCAA.1",8
"X1_GATCCCTAGAAAGCGA.1",8
"X1_GATCCCTAGAAGCGAA.1",5
"X1_GATCCCTAGCATTTGC.1",8
"X1_GATCCCTAGCGTGTTT.1",1000
"X1_GATCCCTAGCTATCCA.1",5
"X1_GATCCCTAGCTATCTG.1",4
"X1_GATCCCTAGGAACATT.1",0
"X1_GATCCCTAGGCCGCTT.1",3
"X1_GATCCCTAGGTTAGTA.1",1000
"X1_GATCCCTAGTCTTCGA.1",1000
"X1_GATCCCTCAAAGGAGA.1",3
"X1_GATCCCTCAACAGATA.1",7
"X1_GATCCCTCAATGCAAA.1",8
"X1_GATCCCTCACAGCATT.1",1000
"X1_GATCCCTCACGCCACA.1",8
"X1_GATCCCTCACTCACTC.1",3
"X1_GATCCCTCACTCGATA.1",7
"X1_GATCCCTCACTTTAGG.1",4
"X1_GATCCCTCAGGGAGAG.1",1
"X1_GATCCCTCATGACCCG.1",7
"X1_GATCCCTCATGCCGCA.1",4
"X1_GATCCCTCATTACTCT.1",1000
"X1_GATCCCTGTACTGGGA.1",1000
"X1_GATCCCTGTAGATGTA.1",4
"X1_GATCCCTGTCACTGAT.1",1000
"X1_GATCCCTGTCCACGCA.1",0
"X1_GATCCCTGTCTCACAA.1",8
"X1_GATCCCTGTCTTGGTA.1",8
"X1_GATCCCTGTGCGGCTT.1",1
"X1_GATCCCTGTGCTGATT.1",1
"X1_GATCCCTGTGGCTTAT.1",3
"X1_GATCCCTGTGTCATGT.1",8
"X1_GATCCCTGTGTGACCC.1",1000
"X1_GATCCCTGTTGATCGT.1",6
"X1_GATCCCTTCATTGCCC.1",4
"X1_GATCCCTTCCATGAGT.1",1000
"X1_GATCCCTTCCCGATCT.1",5
"X1_GATCCCTTCGAGAAGC.1",4
"X1_GATCCCTTCGCTACGG.1",7
"X1_GATCCCTTCGTGCGAC.1",1
"X1_GATCCCTTCTAGAACC.1",5
"X1_GATCCCTTCTGTGCTC.1",8
"X1_GATCCCTTCTTCCCGA.1",1
"X1_GATCGTAAGCGCCATC.1",7
"X1_GATCGTAAGGAACATT.1",7
"X1_GATCGTAAGGACTATA.1",7
"X1_GATCGTAAGGTGCAGT.1",2
"X1_GATCGTACAAATGAAC.1",1000
"X1_GATCGTACAACATCGT.1",1000
"X1_GATCGTACAACGTATC.1",1000
"X1_GATCGTACAAGTTTGC.1",8
"X1_GATCGTACACGGGCTT.1",1000
"X1_GATCGTACAGATTTCG.1",8
"X1_GATCGTACATGAGGGT.1",0
"X1_GATCGTACATTGAAAG.1",1000
"X1_GATCGTAGTATGGGAC.1",8
"X1_GATCGTAGTCAATGGG.1",1000
"X1_GATCGTAGTCGTTGGC.1",4
"X1_GATCGTAGTGACCGAA.1",4
"X1_GATCGTAGTGATTCAC.1",1000
"X1_GATCGTAGTGTTTCTT.1",6
"X1_GATCGTAGTTCACGAT.1",1
"X1_GATCGTAGTTCGAAGG.1",4
"X1_GATCGTAGTTTCTTAC.1",8
"X1_GATCGTATCACCTGTC.1",1000
"X1_GATCGTATCATGCTAG.1",8
"X1_GATCGTATCCTGTAAG.1",8
"X1_GATCGTATCGAAGCAG.1",3
"X1_GATCGTATCGAGAACG.1",6
"X1_GATCGTATCGAGTACT.1",1000
"X1_GATCGTATCGCGGTAC.1",4
"X1_GATCGTATCGTGCTCT.1",1000
"X1_GATCGTATCGTGTGAT.1",8
"X1_GATCGTATCGTTCTCG.1",6
"X1_GATCGTATCTCGCTTG.1",4
"X1_GATCGTATCTTCACGC.1",8
"X1_GATGACTAGACTGGGT.1",3
"X1_GATGACTAGATTGTGA.1",7
"X1_GATGACTAGCTACGTT.1",3
"X1_GATGACTAGCTGCGAA.1",1000
"X1_GATGACTAGCTGGCCT.1",7
"X1_GATGACTAGGCATGGT.1",1
"X1_GATGACTAGGCTATCT.1",0
"X1_GATGACTAGGGAGGTG.1",7
"X1_GATGACTAGTCAGGGT.1",4
"X1_GATGACTAGTGGTGGT.1",7
"X1_GATGACTCAAAGCGTG.1",1000
"X1_GATGACTCAAATGAAC.1",4
"X1_GATGACTCAAATTGGA.1",4
"X1_GATGACTCACATACTG.1",8
"X1_GATGACTCACGTACAT.1",8
"X1_GATGACTCACTAAACC.1",8
"X1_GATGACTCAGGATCTT.1",7
"X1_GATGACTCAGTCAACT.1",2
"X1_GATGACTCATAATCCG.1",7
"X1_GATGACTCATACAGGG.1",7
"X1_GATGACTCATAGATCC.1",6
"X1_GATGACTCATCCGAAT.1",8
"X1_GATGACTCATTGAAGA.1",1
"X1_GATGACTGTACCGTCG.1",8
"X1_GATGACTGTAGGCAAC.1",8
"X1_GATGACTGTATGTCAC.1",0
"X1_GATGACTGTCGACGCT.1",3
"X1_GATGACTGTCTGTCCT.1",4
"X1_GATGACTGTTAACAGA.1",8
"X1_GATGACTGTTCAAACC.1",2
"X1_GATGACTTCAAATAGG.1",4
"X1_GATGACTTCACATCAG.1",8
"X1_GATGACTTCACTGGGC.1",1000
"X1_GATGACTTCAGGTGTT.1",7
"X1_GATGACTTCGCGCTGA.1",1
"X1_GATGACTTCGGAACTT.1",7
"X1_GATGACTTCGTAGAGG.1",8
"X1_GATGACTTCTAATTCC.1",8
"X1_GATGACTTCTATGTGG.1",3
"X1_GATGACTTCTCTTAAC.1",1000
"X1_GATGACTTCTGTCTCG.1",8
"X1_GATGAGGAGCAAATGT.1",8
"X1_GATGAGGAGTATTCCG.1",7
"X1_GATGAGGCAACGGTAG.1",8
"X1_GATGAGGCAATGCTCA.1",8
"X1_GATGAGGCACAGCTTA.1",3
"X1_GATGAGGCACGATTCA.1",6
"X1_GATGAGGCACTTGTCC.1",3
"X1_GATGAGGCAGCGTGCT.1",1000
"X1_GATGAGGCAGGACTTT.1",8
"X1_GATGAGGCAGTCAGCC.1",8
"X1_GATGAGGCATGCACTA.1",7
"X1_GATGAGGGTAGCGTTT.1",4
"X1_GATGAGGGTAGGACCA.1",3
"X1_GATGAGGGTATCGCGC.1",8
"X1_GATGAGGGTCGGCTAC.1",1000
"X1_GATGAGGGTTCCTTGC.1",4
"X1_GATGAGGGTTCGGTAT.1",8
"X1_GATGAGGGTTTCACAG.1",7
"X1_GATGAGGTCAAATGCC.1",8
"X1_GATGAGGTCCAAACCA.1",4
"X1_GATGAGGTCCGTGTAA.1",8
"X1_GATGAGGTCCTTCTAA.1",7
"X1_GATGAGGTCGAAGTGG.1",7
"X1_GATGAGGTCGACATAC.1",7
"X1_GATGAGGTCGAGTGAG.1",5
"X1_GATGAGGTCGGAATTC.1",8
"X1_GATGAGGTCTTGGTCC.1",1000
"X1_GATGATCAGAATTTGG.1",6
"X1_GATGATCAGAGGCTGT.1",8
"X1_GATGATCAGATGGCGT.1",7
"X1_GATGATCAGCGACAGT.1",4
"X1_GATGATCAGGACTTCT.1",3
"X1_GATGATCAGGTTGCCC.1",3
"X1_GATGATCAGTCACAGG.1",5
"X1_GATGATCAGTGGACGT.1",7
"X1_GATGATCCACCCTAAA.1",3
"X1_GATGATCCACCGCTGA.1",7
"X1_GATGATCCACGACCTG.1",4
"X1_GATGATCCAGAGGAAA.1",3
"X1_GATGATCCAGTCTGGC.1",1000
"X1_GATGATCCATACAGCT.1",8
"X1_GATGATCCATTCGGGC.1",7
"X1_GATGATCGTAATGCGG.1",5
"X1_GATGATCGTACCGGAA.1",5
"X1_GATGATCGTCATTGCA.1",5
"X1_GATGATCGTCGTTCAA.1",3
"X1_GATGATCGTTCACGAT.1",3
"X1_GATGATCGTTTGCCGG.1",6
"X1_GATGATCTCACTGGTA.1",3
"X1_GATGATCTCAGGAACG.1",1000
"X1_GATGATCTCCGTGGTG.1",8
"X1_GATGATCTCTAAGGAA.1",4
"X1_GATGATCTCTTTGCGC.1",7
"X1_GATGCTAAGACCAGCA.1",1
"X1_GATGCTAAGATTTGCC.1",6
"X1_GATGCTAAGCCGATAG.1",4
"X1_GATGCTAAGCCTCAAT.1",8
"X1_GATGCTAAGCGGGTTA.1",8
"X1_GATGCTAAGCTGGCCT.1",4
"X1_GATGCTAAGGATCACG.1",7
"X1_GATGCTAAGGCAATGC.1",4
"X1_GATGCTAAGGCACAAC.1",8
"X1_GATGCTAAGGTGCCTC.1",8
"X1_GATGCTAAGTCAGCGA.1",1
"X1_GATGCTAAGTGCTACT.1",8
"X1_GATGCTACAAACTAGA.1",7
"X1_GATGCTACAAATGAGT.1",7
"X1_GATGCTACAATAAGGT.1",4
"X1_GATGCTACAATGTCTG.1",8
"X1_GATGCTACACAAGTTC.1",1
"X1_GATGCTACACCATATG.1",1000
"X1_GATGCTACACTAACGT.1",8
"X1_GATGCTACACTGTGAT.1",7
"X1_GATGCTACAGGAGGAG.1",4
"X1_GATGCTACAGGCTTGC.1",0
"X1_GATGCTACAGTTAGAA.1",4
"X1_GATGCTACATAGGAGC.1",3
"X1_GATGCTACATATTCGG.1",3
"X1_GATGCTAGTAGAGACC.1",2
"X1_GATGCTAGTCCGGTGT.1",1000
"X1_GATGCTAGTCGTGCCA.1",4
"X1_GATGCTAGTGGTTCTA.1",1000
"X1_GATGCTAGTTAAACCC.1",7
"X1_GATGCTAGTTCAAACC.1",5
"X1_GATGCTAGTTCTCACC.1",7
"X1_GATGCTATCAACCTTT.1",1000
"X1_GATGCTATCAAGTGTC.1",4
"X1_GATGCTATCACACCGG.1",1000
"X1_GATGCTATCCTGGGAC.1",7
"X1_GATGCTATCGAAGAAT.1",1000
"X1_GATGCTATCGATGCAT.1",7
"X1_GATGCTATCGTTCTAT.1",2
"X1_GATGGAGAGACAAGCC.1",7
"X1_GATGGAGAGATCACCT.1",7
"X1_GATGGAGAGCAAATCA.1",1000
"X1_GATGGAGAGCTTAGTC.1",8
"X1_GATGGAGAGGAATCGC.1",1000
"X1_GATGGAGAGGCGAACT.1",7
"X1_GATGGAGAGGGCATGT.1",1000
"X1_GATGGAGAGTCCCAGC.1",8
"X1_GATGGAGAGTTTGAGA.1",4
"X1_GATGGAGCAACGATTC.1",5
"X1_GATGGAGCAACTCGAT.1",1000
"X1_GATGGAGCAAGCAGGT.1",1000
"X1_GATGGAGCAGCTGTAT.1",2
"X1_GATGGAGCAGGTGTGA.1",7
"X1_GATGGAGCATGTGTCA.1",1000
"X1_GATGGAGCATGTTCAG.1",4
"X1_GATGGAGGTAACAAGT.1",8
"X1_GATGGAGGTCAACGCC.1",8
"X1_GATGGAGGTGAGTTGG.1",1000
"X1_GATGGAGGTGTAACGG.1",1000
"X1_GATGGAGGTTCAAACC.1",7
"X1_GATGGAGTCAAACCTG.1",1000
"X1_GATGGAGTCACAACCA.1",1
"X1_GATGGAGTCAGCCTTC.1",2
"X1_GATGGAGTCATCGTAG.1",3
"X1_GATGGAGTCATTACGG.1",8
"X1_GATGGAGTCCACGAAT.1",1000
"X1_GATGGAGTCGATAACC.1",2
"X1_GATGGAGTCGCTGATA.1",3
"X1_GATGGAGTCTCACTCG.1",1
"X1_GATGGAGTCTGATGGT.1",1
"X1_GATGGAGTCTTCCCGA.1",4
"X1_GATGTTGAGACTCTTG.1",4
"X1_GATGTTGAGCATCTTG.1",1000
"X1_GATGTTGAGCCTATTG.1",1
"X1_GATGTTGAGGAGTACC.1",7
"X1_GATGTTGAGGATCATA.1",2
"X1_GATGTTGAGGGTAATT.1",4
"X1_GATGTTGAGTAGCCAG.1",8
"X1_GATGTTGAGTAGGATT.1",2
"X1_GATGTTGAGTCACTCA.1",2
"X1_GATGTTGAGTGGTTCT.1",5
"X1_GATGTTGAGTTGGACG.1",4
"X1_GATGTTGCAACAAAGT.1",1000
"X1_GATGTTGCAAGACCTT.1",1000
"X1_GATGTTGCAATAGTGA.1",1000
"X1_GATGTTGCAATCCTAG.1",1000
"X1_GATGTTGCACCTCTGT.1",0
"X1_GATGTTGCACGCCAGT.1",1000
"X1_GATGTTGCACGGCACT.1",2
"X1_GATGTTGCACTGTCCT.1",3
"X1_GATGTTGCAGAGTGTG.1",1000
"X1_GATGTTGCAGCACGAA.1",1000
"X1_GATGTTGCATTAAGCC.1",1000
"X1_GATGTTGGTACGAAAT.1",1000
"X1_GATGTTGGTCGTATGT.1",3
"X1_GATGTTGGTCTGTAAC.1",4
"X1_GATGTTGGTGAGGATC.1",1000
"X1_GATGTTGGTGTCTTAG.1",2
"X1_GATGTTGGTTAGAGAT.1",4
"X1_GATGTTGGTTATCCAG.1",4
"X1_GATGTTGGTTGTTGAC.1",8
"X1_GATGTTGTCACCTGTC.1",1000
"X1_GATGTTGTCCAAGCCG.1",1000
"X1_GATGTTGTCGATGCAT.1",7
"X1_GATGTTGTCTACGCAA.1",8
"X1_GATTCGAAGAACCCGA.1",8
"X1_GATTCGAAGATCACTC.1",7
"X1_GATTCGAAGCTGAGCA.1",7
"X1_GATTCGAAGGCGAACT.1",1000
"X1_GATTCGAAGGTACAAT.1",0
"X1_GATTCGAAGTCGAAGC.1",1000
"X1_GATTCGAAGTGATTCC.1",3
"X1_GATTCGACAAAGGCAC.1",7
"X1_GATTCGACAACAGAGC.1",1000
"X1_GATTCGACACCTGAAT.1",1000
"X1_GATTCGACACGTACTA.1",4
"X1_GATTCGACACGTATAC.1",4
"X1_GATTCGACAGAAGCTG.1",3
"X1_GATTCGACAGAAGTTA.1",4
"X1_GATTCGACAGAGGTAC.1",1000
"X1_GATTCGACAGCAGTCC.1",8
"X1_GATTCGACAGCCTACG.1",7
"X1_GATTCGACAGCGCGTT.1",1000
"X1_GATTCGACATATGAAG.1",8
"X1_GATTCGACATGCCGGT.1",1
"X1_GATTCGACATGCGTGC.1",3
"X1_GATTCGAGTAACTTCG.1",6
"X1_GATTCGAGTAGCTTAC.1",1000
"X1_GATTCGAGTAGGGAGG.1",7
"X1_GATTCGAGTATCACCA.1",8
"X1_GATTCGAGTCAAAGTA.1",1
"X1_GATTCGAGTCACGACC.1",1000
"X1_GATTCGAGTGATACTC.1",7
"X1_GATTCGAGTGATTGGG.1",1000
"X1_GATTCGAGTGCAATAA.1",1000
"X1_GATTCGAGTGCCGTTG.1",1000
"X1_GATTCGAGTGTCATTG.1",8
"X1_GATTCGAGTGTGCTTA.1",8
"X1_GATTCGAGTTGCAAGG.1",1000
"X1_GATTCGATCAGTGTCA.1",1000
"X1_GATTCGATCCCATTCG.1",6
"X1_GATTCGATCCGTCAAA.1",4
"X1_GATTCGATCGAGAAAT.1",4
"X1_GATTCGATCGATCCCT.1",2
"X1_GATTCGATCTACCAGA.1",6
"X1_GATTCTTAGACATCAA.1",1000
"X1_GATTCTTAGATCGACG.1",8
"X1_GATTCTTAGCACTCCG.1",3
"X1_GATTCTTAGCAGCGAT.1",0
"X1_GATTCTTAGCCTGGAA.1",8
"X1_GATTCTTAGCTGCCAC.1",7
"X1_GATTCTTAGGAGAGGC.1",5
"X1_GATTCTTAGGTTCTAC.1",0
"X1_GATTCTTAGTCATACC.1",3
"X1_GATTCTTAGTCCTGCG.1",7
"X1_GATTCTTCAATGTGGG.1",7
"X1_GATTCTTCAGAATTCC.1",6
"X1_GATTCTTCAGATACTC.1",8
"X1_GATTCTTCAGCACCCA.1",3
"X1_GATTCTTCAGCAGTAG.1",2
"X1_GATTCTTCATGCAGCC.1",8
"X1_GATTCTTCATTGCTTT.1",1000
"X1_GATTCTTGTAAGCAAT.1",4
"X1_GATTCTTGTACCGGAA.1",1000
"X1_GATTCTTGTCTATGAC.1",8
"X1_GATTCTTGTGCTCTTC.1",8
"X1_GATTCTTGTGGACAGT.1",1000
"X1_GATTCTTGTTCATCTT.1",1000
"X1_GATTCTTGTTCTCACC.1",4
"X1_GATTCTTGTTGCATAC.1",4
"X1_GATTCTTGTTTCGACA.1",6
"X1_GATTCTTTCCACAGGC.1",1000
"X1_GATTCTTTCCATACAG.1",5
"X1_GATTCTTTCCATGATG.1",1000
"X1_GATTCTTTCCTACACC.1",5
"X1_GATTCTTTCTACTCAT.1",5
"X1_GATTCTTTCTATTCGT.1",1000
"X1_GATTCTTTCTGCTTTA.1",8
"X1_GATTCTTTCTTCTGGC.1",2
"X1_GATTGGTAGACGTCCC.1",3
"X1_GATTGGTAGACTTAAG.1",8
"X1_GATTGGTAGCCGTTAT.1",4
"X1_GATTGGTAGCGATGGT.1",1000
"X1_GATTGGTAGCGGGTTA.1",6
"X1_GATTGGTAGGAACGCT.1",4
"X1_GATTGGTAGTAATCCC.1",1000
"X1_GATTGGTAGTGCTACT.1",8
"X1_GATTGGTAGTGGATAT.1",1000
"X1_GATTGGTCACACCTAA.1",2
"X1_GATTGGTCACCGGTCA.1",6
"X1_GATTGGTCAGCTCCTT.1",3
"X1_GATTGGTCAGGTTACT.1",7
"X1_GATTGGTCATCCGATA.1",0
"X1_GATTGGTCATGCCGGT.1",4
"X1_GATTGGTGTCGCAGTC.1",7
"X1_GATTGGTGTCGTAATC.1",4
"X1_GATTGGTGTGCAACAG.1",8
"X1_GATTGGTGTTCACCGG.1",4
"X1_GATTGGTTCCGTACGG.1",5
"X1_GATTGGTTCGCTCATC.1",8
"X1_GATTGGTTCGTAGTCA.1",4
"X1_GATTGGTTCTCGAGTA.1",8
"X1_GATTGGTTCTCTCAAT.1",8
"X1_GATTTCTAGAAGCTCG.1",2
"X1_GATTTCTAGACAACTA.1",1000
"X1_GATTTCTAGAGCACTG.1",7
"X1_GATTTCTAGCATCTTG.1",8
"X1_GATTTCTAGGAACTCG.1",8
"X1_GATTTCTAGGTACTGG.1",6
"X1_GATTTCTAGTAATACG.1",1000
"X1_GATTTCTCAAATACGA.1",1000
"X1_GATTTCTCAACCGTAT.1",6
"X1_GATTTCTCAATACCTG.1",1000
"X1_GATTTCTCACACCTGG.1",3
"X1_GATTTCTCACATACGT.1",1000
"X1_GATTTCTCACTCGATA.1",8
"X1_GATTTCTCAGCCTTCT.1",7
"X1_GATTTCTCAGGTCCCA.1",1000
"X1_GATTTCTCAGTAGAGC.1",1000
"X1_GATTTCTCAGTAGATA.1",4
"X1_GATTTCTCAGTCCGTG.1",7
"X1_GATTTCTGTATGATCC.1",5
"X1_GATTTCTGTCACGCTG.1",4
"X1_GATTTCTGTCACTTAG.1",5
"X1_GATTTCTGTCCCTCAT.1",4
"X1_GATTTCTGTCTTACTT.1",3
"X1_GATTTCTGTGGACTAG.1",4
"X1_GATTTCTGTGGATCGA.1",1000
"X1_GATTTCTGTTTAGTCG.1",1000
"X1_GATTTCTTCACTGTCC.1",7
"X1_GATTTCTTCATCGGGC.1",7
"X1_GATTTCTTCCGCTTAC.1",1000
"X1_GATTTCTTCGAGATGG.1",4
"X1_GATTTCTTCGAGCTGC.1",1000
"X1_GATTTCTTCTAGTTCT.1",1
"X1_GATTTCTTCTCGCCTA.1",1000
"X1_GCAACATAGACATATG.1",1000
"X1_GCAACATAGAGTCCGA.1",5
"X1_GCAACATAGCGTGTCC.1",7
"X1_GCAACATAGTAAGGGA.1",3
"X1_GCAACATCAAAGGGTC.1",5
"X1_GCAACATCACAAAGCG.1",6
"X1_GCAACATCAGCTTCGG.1",1000
"X1_GCAACATCAGTCCGTG.1",3
"X1_GCAACATCATGAAAGT.1",4
"X1_GCAACATCATTACTCT.1",1000
"X1_GCAACATCATTGACCA.1",7
"X1_GCAACATGTAGCACGA.1",6
"X1_GCAACATGTATCCTCC.1",1000
"X1_GCAACATGTATCGCTA.1",1000
"X1_GCAACATGTCCCTGTT.1",8
"X1_GCAACATGTGTCCCTT.1",0
"X1_GCAACATGTGTTACAC.1",7
"X1_GCAACATGTTAGAGTA.1",6
"X1_GCAACATGTTGTCTAG.1",4
"X1_GCAACATTCACACCGG.1",6
"X1_GCAACATTCCGGTAGC.1",6
"X1_GCAACATTCCTTACCG.1",1
"X1_GCAACATTCGCATAGT.1",1000
"X1_GCAACCGAGAACGCGT.1",7
"X1_GCAACCGAGACTACGG.1",1000
"X1_GCAACCGAGAGTAACT.1",7
"X1_GCAACCGAGATAACGT.1",8
"X1_GCAACCGAGATTGCGG.1",1000
"X1_GCAACCGAGCACCTGC.1",8
"X1_GCAACCGAGCATCAGG.1",7
"X1_GCAACCGAGCCGAACA.1",2
"X1_GCAACCGAGCTCATAC.1",8
"X1_GCAACCGAGCTGAAAT.1",3
"X1_GCAACCGAGGGCCTCT.1",5
"X1_GCAACCGAGTATGAAC.1",0
"X1_GCAACCGAGTCTCGTA.1",7
"X1_GCAACCGCAACAACAA.1",7
"X1_GCAACCGCAAGTTCCA.1",4
"X1_GCAACCGCACACCTTC.1",8
"X1_GCAACCGCACGGTGTC.1",7
"X1_GCAACCGCACTAACGT.1",7
"X1_GCAACCGCAGCGTGCT.1",2
"X1_GCAACCGCATCACAGT.1",1000
"X1_GCAACCGCATCTGGGC.1",8
"X1_GCAACCGCATGCCGAC.1",8
"X1_GCAACCGGTCTTGCTC.1",6
"X1_GCAACCGGTGAAGCTG.1",8
"X1_GCAACCGGTGATGAAT.1",1000
"X1_GCAACCGGTGCTTATG.1",1000
"X1_GCAACCGTCTGCCCTA.1",8
"X1_GCACATAAGACTCTTG.1",4
"X1_GCACATAAGATAGTCA.1",7
"X1_GCACATAAGGACAAGA.1",0
"X1_GCACATAAGGATACCG.1",1000
"X1_GCACATAAGGCCTTCG.1",8
"X1_GCACATAAGGCTCCCA.1",3
"X1_GCACATAAGGGAGTGG.1",1000
"X1_GCACATAAGTAATACG.1",7
"X1_GCACATACAACTTGCA.1",1000
"X1_GCACATACAAGCGATG.1",0
"X1_GCACATACACAATGAA.1",7
"X1_GCACATACACCAGGTC.1",4
"X1_GCACATACACGAGGAT.1",8
"X1_GCACATACAGCACAAG.1",0
"X1_GCACATACAGCGGTTC.1",8
"X1_GCACATACATCACAGT.1",8
"X1_GCACATACATCTCCCA.1",5
"X1_GCACATACATGACAGG.1",1000
"X1_GCACATACATTAAAGG.1",1000
"X1_GCACATAGTAGCGAGT.1",1000
"X1_GCACATAGTAGGAGTC.1",2
"X1_GCACATAGTAGGTTTC.1",6
"X1_GCACATAGTCCTATAG.1",4
"X1_GCACATAGTCTATGAC.1",3
"X1_GCACATAGTCTTGCTC.1",2
"X1_GCACATAGTGATACCT.1",1
"X1_GCACATAGTGGAAATT.1",0
"X1_GCACATAGTGGCTAGA.1",1000
"X1_GCACATAGTGTGGTCC.1",1000
"X1_GCACATAGTTATCTGG.1",1000
"X1_GCACATAGTTATTCCT.1",4
"X1_GCACATAGTTCTTAGG.1",1000
"X1_GCACATATCATTGCTT.1",8
"X1_GCACATATCCCGAGGT.1",3
"X1_GCACATATCCTGATAG.1",5
"X1_GCACATATCCTTATCA.1",7
"X1_GCACATATCGCTTACC.1",8
"X1_GCACATATCTAGTCAG.1",1
"X1_GCACGGTAGCATGATA.1",8
"X1_GCACGGTAGCCGATAG.1",7
"X1_GCACGGTAGCTTGTTG.1",1000
"X1_GCACGGTAGGCCACCT.1",8
"X1_GCACGGTAGGGATGTC.1",1000
"X1_GCACGGTAGGGCTAAC.1",1000
"X1_GCACGGTAGGTGGCTA.1",8
"X1_GCACGGTAGTTCCAGT.1",1000
"X1_GCACGGTCAATCACGT.1",7
"X1_GCACGGTCACAGCCTG.1",4
"X1_GCACGGTCACGGTAGA.1",6
"X1_GCACGGTCACTCAGAT.1",3
"X1_GCACGGTCAGTCCGTG.1",8
"X1_GCACGGTCATATGCGT.1",8
"X1_GCACGGTCATCAGCTA.1",7
"X1_GCACGGTCATGGATCT.1",7
"X1_GCACGGTCATTGCCGG.1",6
"X1_GCACGGTGTATCGGTT.1",1000
"X1_GCACGGTGTATGTCAC.1",6
"X1_GCACGGTGTCACAATC.1",3
"X1_GCACGGTGTCCTGAAT.1",0
"X1_GCACGGTGTGTGTACT.1",7
"X1_GCACGGTGTTACCTGA.1",1
"X1_GCACGGTGTTCCTAAG.1",7
"X1_GCACGGTTCCCAATAG.1",1000
"X1_GCACGGTTCCGCGGAT.1",1000
"X1_GCACGGTTCCGTTGGG.1",8
"X1_GCACGGTTCGCTGATA.1",1000
"X1_GCACGGTTCTGGACTA.1",1
"X1_GCACGGTTCTGGAGAG.1",8
"X1_GCACGGTTCTTCGATT.1",4
"X1_GCACGTGAGAAACCCG.1",1000
"X1_GCACGTGAGACTTCCA.1",4
"X1_GCACGTGAGAGCATAT.1",3
"X1_GCACGTGAGCAATAAC.1",7
"X1_GCACGTGAGGATTTGA.1",1000
"X1_GCACGTGAGGTACCTT.1",6
"X1_GCACGTGAGTGAGTGC.1",7
"X1_GCACGTGAGTGGTTCT.1",1000
"X1_GCACGTGCAAAGGCTG.1",4
"X1_GCACGTGCAAGGCAAC.1",3
"X1_GCACGTGCACTTGTCC.1",4
"X1_GCACGTGCAGAAACCG.1",3
"X1_GCACGTGCAGCAGTTT.1",8
"X1_GCACGTGCAGCGTTTA.1",7
"X1_GCACGTGCATATAGCC.1",5
"X1_GCACGTGCATCCTAAG.1",2
"X1_GCACGTGCATGACTTG.1",8
"X1_GCACGTGGTAGCCAGA.1",7
"X1_GCACGTGGTATGTCTG.1",5
"X1_GCACGTGGTCCATCTC.1",4
"X1_GCACGTGGTGATGAAT.1",6
"X1_GCACGTGGTGCAGTGA.1",2
"X1_GCACGTGGTGCATTAC.1",4
"X1_GCACGTGGTGGTCAAG.1",1
"X1_GCACGTGGTGTTTCTT.1",7
"X1_GCACGTGGTTCCTAGA.1",6
"X1_GCACGTGGTTGAGGAC.1",1
"X1_GCACGTGTCAAACCCA.1",1000
"X1_GCACGTGTCAAATAGG.1",7
"X1_GCACGTGTCAGCAGAG.1",7
"X1_GCACGTGTCCCGAACG.1",8
"X1_GCACGTGTCCGGTAAT.1",1000
"X1_GCACGTGTCGGTGTTA.1",8
"X1_GCACGTGTCGTGGCTG.1",5
"X1_GCACTAAAGAAACCCG.1",8
"X1_GCACTAAAGAAGGATG.1",1
"X1_GCACTAAAGACCTCCG.1",8
"X1_GCACTAAAGCCTATCA.1",5
"X1_GCACTAAAGCTCCCTT.1",3
"X1_GCACTAAAGGCGCTTC.1",8
"X1_GCACTAAAGGCTCAAG.1",6
"X1_GCACTAAAGGGATGTC.1",2
"X1_GCACTAAAGGTCACTT.1",1
"X1_GCACTAAAGGTGGCTA.1",7
"X1_GCACTAAAGGTTGACG.1",4
"X1_GCACTAACACTCATAG.1",8
"X1_GCACTAACACTTGACA.1",5
"X1_GCACTAACAGAGATGC.1",1000
"X1_GCACTAACAGAGTCAG.1",1000
"X1_GCACTAACAGTTGCGC.1",2
"X1_GCACTAACATGGTACT.1",5
"X1_GCACTAAGTAAGATCA.1",2
"X1_GCACTAAGTCAGTCGC.1",7
"X1_GCACTAAGTCGGCACT.1",4
"X1_GCACTAAGTGGCATCC.1",1000
"X1_GCACTAAGTGGTTTGT.1",3
"X1_GCACTAAGTTGCCTAA.1",7
"X1_GCACTAATCACAAGGG.1",8
"X1_GCACTAATCCCGTTCA.1",2
"X1_GCACTAATCCCTCAAC.1",1000
"X1_GCACTAATCCGTATAG.1",1000
"X1_GCACTAATCGAACGGA.1",1000
"X1_GCACTAATCTGGAAGG.1",1000
"X1_GCAGCCAAGAGCAAGA.1",2
"X1_GCAGCCAAGATCCAAA.1",8
"X1_GCAGCCAAGATTTGCC.1",4
"X1_GCAGCCAAGCATCCCG.1",6
"X1_GCAGCCAAGCCTAACT.1",1000
"X1_GCAGCCAAGCGATGAC.1",1000
"X1_GCAGCCAAGCGCCATC.1",1000
"X1_GCAGCCAAGCGTACAG.1",0
"X1_GCAGCCAAGCTAGAAT.1",8
"X1_GCAGCCAAGGTCCGAA.1",7
"X1_GCAGCCAAGGTGCCTC.1",7
"X1_GCAGCCAAGTCTGCGC.1",5
"X1_GCAGCCACAAGATCCT.1",7
"X1_GCAGCCACAAGCTCTA.1",1000
"X1_GCAGCCACAAGTGCTT.1",3
"X1_GCAGCCACACAATGTC.1",1000
"X1_GCAGCCACACATATGC.1",4
"X1_GCAGCCACAGCACAGA.1",8
"X1_GCAGCCACAGCTGTGC.1",8
"X1_GCAGCCACATGGAATA.1",5
"X1_GCAGCCAGTAGTGATA.1",1000
"X1_GCAGCCAGTCATGCAT.1",8
"X1_GCAGCCAGTCTGCCTT.1",8
"X1_GCAGCCAGTGTGTACT.1",1000
"X1_GCAGCCAGTTCAGCTA.1",7
"X1_GCAGCCAGTTGTTGAC.1",2
"X1_GCAGCCATCAAAGGTA.1",1000
"X1_GCAGCCATCAAGGAGC.1",8
"X1_GCAGCCATCGACACTA.1",8
"X1_GCAGCCATCGACATCA.1",7
"X1_GCAGCCATCGGATAAA.1",8
"X1_GCAGCCATCGTCAACA.1",1000
"X1_GCAGCCATCGTGCTCT.1",1000
"X1_GCAGCCATCGTTCGCT.1",1000
"X1_GCAGCCATCTCCACTG.1",5
"X1_GCAGCTGAGAAGAACG.1",1000
"X1_GCAGCTGAGACTTAAG.1",6
"X1_GCAGCTGAGCACGATG.1",1
"X1_GCAGCTGAGCACGTCC.1",4
"X1_GCAGCTGAGCGCCATC.1",8
"X1_GCAGCTGAGGCACTAG.1",8
"X1_GCAGCTGAGGTAGACC.1",7
"X1_GCAGCTGAGTCATGGG.1",4
"X1_GCAGCTGCAACCCTAA.1",4
"X1_GCAGCTGCAAGTGGAC.1",7
"X1_GCAGCTGCACACACGC.1",3
"X1_GCAGCTGCACACTGGC.1",1000
"X1_GCAGCTGCACAGAGAC.1",6
"X1_GCAGCTGCACCAGTAT.1",4
"X1_GCAGCTGCACTCTAGA.1",8
"X1_GCAGCTGCAGAACGCA.1",6
"X1_GCAGCTGCAGACCAAG.1",7
"X1_GCAGCTGCATCCGTGG.1",8
"X1_GCAGCTGCATGTCTAG.1",5
"X1_GCAGCTGGTAAGTAGT.1",2
"X1_GCAGCTGGTACCGGCT.1",8
"X1_GCAGCTGGTAGTCACT.1",8
"X1_GCAGCTGGTATGCTTG.1",4
"X1_GCAGCTGGTCAATCTG.1",8
"X1_GCAGCTGGTCACCCTT.1",1000
"X1_GCAGCTGGTCACTACA.1",7
"X1_GCAGCTGGTCCAGTTA.1",8
"X1_GCAGCTGGTGCAATGG.1",2
"X1_GCAGCTGGTTCGTTCC.1",7
"X1_GCAGCTGGTTGAGTCT.1",3
"X1_GCAGCTGGTTGATGTC.1",0
"X1_GCAGCTGGTTGCGAAG.1",7
"X1_GCAGCTGGTTTAGTCG.1",8
"X1_GCAGCTGTCAAACGAA.1",0
"X1_GCAGCTGTCAGTCCGG.1",1000
"X1_GCAGCTGTCCCTGTTG.1",1000
"X1_GCAGCTGTCGCTAATG.1",4
"X1_GCAGCTGTCGCTAGCG.1",4
"X1_GCAGCTGTCGGCATAT.1",1
"X1_GCAGCTGTCGTTCCCA.1",4
"X1_GCAGCTGTCTCACTCG.1",3
"X1_GCAGGCTAGACGTCGA.1",8
"X1_GCAGGCTAGACTCCGC.1",1000
"X1_GCAGGCTAGATTGATG.1",2
"X1_GCAGGCTAGCGTCAGA.1",7
"X1_GCAGGCTAGCTACGTT.1",8
"X1_GCAGGCTAGGAACGCT.1",8
"X1_GCAGGCTAGGCGACAT.1",1000
"X1_GCAGGCTAGGCTGAAC.1",8
"X1_GCAGGCTAGGTACAGC.1",1000
"X1_GCAGGCTAGTGGTGGT.1",1000
"X1_GCAGGCTAGTTCCGTA.1",8
"X1_GCAGGCTCACATAGCT.1",3
"X1_GCAGGCTCACCGTCTT.1",7
"X1_GCAGGCTCACCTTCCA.1",7
"X1_GCAGGCTCACTACACA.1",6
"X1_GCAGGCTCACTACAGT.1",8
"X1_GCAGGCTCACTCATAG.1",8
"X1_GCAGGCTCAGACGGAT.1",1000
"X1_GCAGGCTCAGCATTGT.1",1000
"X1_GCAGGCTCAGGGTTGA.1",8
"X1_GCAGGCTCAGGTGACA.1",8
"X1_GCAGGCTCATCCTAAG.1",8
"X1_GCAGGCTCATGGGAAC.1",6
"X1_GCAGGCTCATTACGGT.1",7
"X1_GCAGGCTGTCACCGAC.1",2
"X1_GCAGGCTGTCGAACAG.1",6
"X1_GCAGGCTGTGCCTTTC.1",1
"X1_GCAGGCTGTTAGCTAC.1",3
"X1_GCAGGCTGTTATGTCG.1",8
"X1_GCAGGCTTCCAAACCA.1",7
"X1_GCAGGCTTCCATGCAA.1",7
"X1_GCAGGCTTCCGTCCTA.1",5
"X1_GCAGGCTTCCTACACC.1",4
"X1_GCAGGCTTCCTGCTAC.1",6
"X1_GCAGGCTTCCTTCAGC.1",0
"X1_GCAGGCTTCTACGGGC.1",7
"X1_GCAGTTAAGAGGGTGG.1",8
"X1_GCAGTTACAACAGAGC.1",8
"X1_GCAGTTACAATCTCGA.1",4
"X1_GCAGTTACACTTCATT.1",1
"X1_GCAGTTACAGCAGTCC.1",8
"X1_GCAGTTAGTAGAGGAA.1",1000
"X1_GCAGTTAGTAGTTAGA.1",1000
"X1_GCAGTTAGTTGACGGA.1",7
"X1_GCAGTTATCACGGTCG.1",6
"X1_GCAGTTATCCAAGCCG.1",7
"X1_GCAGTTATCCCAGGAC.1",5
"X1_GCAGTTATCTAGGAAA.1",6
"X1_GCAGTTATCTCCTGCA.1",8
"X1_GCAGTTATCTTAGCCC.1",4
"X1_GCAGTTATCTTCGATT.1",1000
"X1_GCATCGGAGGTATAGT.1",1000
"X1_GCATCGGCAAACTCTG.1",1000
"X1_GCATCGGCAAAGGAGA.1",4
"X1_GCATCGGCAAATCAAG.1",1000
"X1_GCATCGGCACAGCTGC.1",2
"X1_GCATCGGCACGGCACT.1",2
"X1_GCATCGGCAGCGACCT.1",3
"X1_GCATCGGCAGGTACGA.1",7
"X1_GCATCGGCATATCGGT.1",7
"X1_GCATCGGCATCCTAAG.1",8
"X1_GCATCGGGTATTGAGA.1",3
"X1_GCATCGGGTCAGGTGA.1",1000
"X1_GCATCGGGTCCAGGTC.1",6
"X1_GCATCGGGTCGTTCAA.1",1000
"X1_GCATCGGGTGAATGAT.1",1000
"X1_GCATCGGGTGCCGAAA.1",5
"X1_GCATCGGGTGCCGTAC.1",1
"X1_GCATCGGGTGTACGCC.1",8
"X1_GCATCGGGTTCTCCAC.1",4
"X1_GCATCGGGTTCTTCAT.1",1000
"X1_GCATCGGGTTGAGAGC.1",8
"X1_GCATCGGGTTTCGACA.1",1000
"X1_GCATCGGGTTTGTGGT.1",5
"X1_GCATCGGTCCACGGGT.1",1000
"X1_GCATCGGTCCGTACGG.1",4
"X1_GCATCGGTCCTATTGT.1",4
"X1_GCATCGGTCCTGGCTT.1",1000
"X1_GCATCGGTCGAACCTA.1",0
"X1_GCATCGGTCGGCTGAC.1",1000
"X1_GCATCTCAGATAGTCA.1",7
"X1_GCATCTCAGCATTTCG.1",8
"X1_GCATCTCAGGTGATAT.1",8
"X1_GCATCTCAGTCACTCA.1",1000
"X1_GCATCTCCAAATACAG.1",3
"X1_GCATCTCCAAGAGGTC.1",3
"X1_GCATCTCCAAGATGTA.1",6
"X1_GCATCTCCAAGCGCAA.1",3
"X1_GCATCTCCACGGGCTT.1",1000
"X1_GCATCTCCACTTTAGG.1",8
"X1_GCATCTCCAGACCCGT.1",7
"X1_GCATCTCCAGCTGTAT.1",5
"X1_GCATCTCCAGTACTAC.1",8
"X1_GCATCTCCATGCAGGA.1",8
"X1_GCATCTCCATTGCTTT.1",2
"X1_GCATCTCGTATGGGAC.1",4
"X1_GCATCTCGTCAATCTG.1",8
"X1_GCATCTCGTCACTCGG.1",1000
"X1_GCATCTCGTCATTGCA.1",4
"X1_GCATCTCGTCCACACG.1",1
"X1_GCATCTCGTCGTACTA.1",0
"X1_GCATCTCGTGATAGAT.1",1000
"X1_GCATCTCGTGTGAATA.1",4
"X1_GCATCTCGTGTGACCC.1",7
"X1_GCATCTCGTTATGGTC.1",7
"X1_GCATCTCGTTCACGAT.1",1000
"X1_GCATCTCGTTCTGAGT.1",1
"X1_GCATCTCGTTTGCAGT.1",7
"X1_GCATCTCTCAAACCTG.1",4
"X1_GCATCTCTCAAGCCAT.1",7
"X1_GCATCTCTCACGGGAA.1",8
"X1_GCATCTCTCACTTTGT.1",1000
"X1_GCATCTCTCCCGAGTG.1",6
"X1_GCATCTCTCCCGTAAA.1",8
"X1_GCATCTCTCGCCAGAC.1",7
"X1_GCATCTCTCGGTAGAG.1",2
"X1_GCATCTCTCGGTTCAA.1",7
"X1_GCATCTCTCGTCAGAT.1",1000
"X1_GCATCTCTCTTCCCAG.1",1000
"X1_GCATGATAGACCGTTT.1",1
"X1_GCATGATAGATGTTAG.1",4
"X1_GCATGATAGATTAGTG.1",1
"X1_GCATGATAGCGCCATC.1",2
"X1_GCATGATAGCGTTCCG.1",8
"X1_GCATGATAGGAATGTT.1",8
"X1_GCATGATAGTAGAATC.1",8
"X1_GCATGATAGTCAGCGA.1",3
"X1_GCATGATAGTGTCATC.1",8
"X1_GCATGATCACTCCTTG.1",4
"X1_GCATGATCAGCGGTCT.1",7
"X1_GCATGATCATAGGAGC.1",7
"X1_GCATGATCATCATGAC.1",8
"X1_GCATGATCATCTTAGG.1",1000
"X1_GCATGATGTACCACGC.1",0
"X1_GCATGATGTAGCGAGT.1",5
"X1_GCATGATGTATCACGT.1",7
"X1_GCATGATGTATCGTGT.1",1000
"X1_GCATGATGTCAAACGG.1",1000
"X1_GCATGATGTCACAGAG.1",8
"X1_GCATGATGTCATTCCC.1",7
"X1_GCATGATGTGAGAGGG.1",1000
"X1_GCATGATGTTCCAAAC.1",7
"X1_GCATGATGTTCGGACC.1",7
"X1_GCATGATTCAAGAATG.1",6
"X1_GCATGATTCAGACAAA.1",4
"X1_GCATGATTCCATTTGT.1",1000
"X1_GCATGATTCGAACCTA.1",1000
"X1_GCATGATTCGCAGTGC.1",1000
"X1_GCATGATTCGTGTGGC.1",8
"X1_GCATGATTCGTTCCCA.1",1000
"X1_GCATTAGAGAAGGCTC.1",1000
"X1_GCATTAGAGACTCATC.1",7
"X1_GCATTAGAGCACTGGA.1",3
"X1_GCATTAGAGTAGACAT.1",5
"X1_GCATTAGAGTCATTGC.1",5
"X1_GCATTAGAGTGGCGAT.1",1000
"X1_GCATTAGCAACAAGAT.1",8
"X1_GCATTAGCAACTCATG.1",1000
"X1_GCATTAGCAAGTTTGC.1",7
"X1_GCATTAGCACGCGCAT.1",1000
"X1_GCATTAGCAGGATCTT.1",4
"X1_GCATTAGCATCCGAGC.1",8
"X1_GCATTAGCATGACTAC.1",1000
"X1_GCATTAGCATTGTACG.1",7
"X1_GCATTAGGTCAGACGA.1",4
"X1_GCATTAGGTCCTATAG.1",8
"X1_GCATTAGGTCTCAGAT.1",4
"X1_GCATTAGGTGCAGGAT.1",8
"X1_GCATTAGGTGCGGCTT.1",1000
"X1_GCATTAGGTGCTGATT.1",1000
"X1_GCATTAGGTGGAACAC.1",1000
"X1_GCATTAGGTGTCATCA.1",8
"X1_GCATTAGGTGTGCCTG.1",1000
"X1_GCATTAGGTTAAGGAT.1",1000
"X1_GCATTAGGTTATGGTC.1",1000
"X1_GCATTAGTCAAGGCTT.1",7
"X1_GCATTAGTCCCGAGAC.1",5
"X1_GCATTAGTCCCTTTGG.1",1000
"X1_GCATTAGTCCGAAGGA.1",1000
"X1_GCATTAGTCGGCCCAA.1",7
"X1_GCATTAGTCGGTTGTA.1",1
"X1_GCATTAGTCTACTTCA.1",7
"X1_GCATTAGTCTAGTGAC.1",1
"X1_GCATTAGTCTCCATAT.1",8
"X1_GCCAACGAGAACTCCT.1",8
"X1_GCCAACGAGAGCATAT.1",0
"X1_GCCAACGAGCCTGGAA.1",8
"X1_GCCAACGAGGTAGTAT.1",1000
"X1_GCCAACGAGGTGTGAC.1",8
"X1_GCCAACGAGTTGGAAT.1",7
"X1_GCCAACGCAAATGGTA.1",7
"X1_GCCAACGCAATTGCCA.1",1000
"X1_GCCAACGCAATTTCGG.1",7
"X1_GCCAACGCACGCCAGT.1",1000
"X1_GCCAACGCAGCCTTCT.1",1000
"X1_GCCAACGCAGCTTCCT.1",7
"X1_GCCAACGCAGTCACGC.1",2
"X1_GCCAACGCATGTACGT.1",6
"X1_GCCAACGCATGTGCCG.1",6
"X1_GCCAACGCATTACGGT.1",6
"X1_GCCAACGGTAACGTTC.1",2
"X1_GCCAACGGTACGTTCA.1",7
"X1_GCCAACGGTCTTGAAC.1",8
"X1_GCCAACGGTCTTTCAT.1",2
"X1_GCCAACGGTTTGTTCT.1",7
"X1_GCCAACGTCAAAGACA.1",4
"X1_GCCAACGTCATGAAAG.1",7
"X1_GCCAACGTCCGCAACG.1",7
"X1_GCCAACGTCGCTACAA.1",3
"X1_GCCAACGTCGTAGCCG.1",2
"X1_GCCAACGTCGTGTTCC.1",3
"X1_GCCAACGTCTCAGTCC.1",6
"X1_GCCAGCAAGAAGCGAA.1",8
"X1_GCCAGCAAGACGGAAA.1",4
"X1_GCCAGCAAGATTGACA.1",8
"X1_GCCAGCAAGCAGCCCT.1",7
"X1_GCCAGCAAGCATGAAT.1",2
"X1_GCCAGCAAGCCTCGTG.1",8
"X1_GCCAGCAAGCTGTTAC.1",8
"X1_GCCAGCAAGTATGATG.1",1000
"X1_GCCAGCAAGTGACCTT.1",1000
"X1_GCCAGCAAGTGTTGAA.1",8
"X1_GCCAGCACAAGACGAC.1",7
"X1_GCCAGCACAATAGTGA.1",7
"X1_GCCAGCACACGTAGAG.1",4
"X1_GCCAGCACACTGCACG.1",1
"X1_GCCAGCACACTTGAAC.1",1000
"X1_GCCAGCACAGAGTAAT.1",4
"X1_GCCAGCACAGCATACT.1",8
"X1_GCCAGCAGTACTAACC.1",3
"X1_GCCAGCAGTAGAGATT.1",1
"X1_GCCAGCAGTCAGTTTG.1",8
"X1_GCCAGCAGTCTGCATA.1",1000
"X1_GCCAGCAGTGCAATAA.1",4
"X1_GCCAGCAGTTGCGAAG.1",1000
"X1_GCCAGCATCAATCGGT.1",1000
"X1_GCCAGCATCAGATGCT.1",4
"X1_GCCAGCATCAGGACAG.1",6
"X1_GCCAGCATCATCCCGT.1",8
"X1_GCCAGCATCATCCTAT.1",1000
"X1_GCCAGCATCCTGGCTT.1",7
"X1_GCCAGCATCGCATTAG.1",7
"X1_GCCAGCATCTCCCATG.1",8
"X1_GCCAGGTAGACCTGGA.1",1000
"X1_GCCAGGTAGAGGACTC.1",8
"X1_GCCAGGTAGGCGCTCT.1",6
"X1_GCCAGGTAGGTCGCCT.1",1000
"X1_GCCAGGTAGGTGCGAT.1",1000
"X1_GCCAGGTAGTCTTGGT.1",1000
"X1_GCCAGGTAGTGATGGC.1",7
"X1_GCCAGGTCAAACAGGC.1",4
"X1_GCCAGGTCAATGAAAC.1",8
"X1_GCCAGGTCACAGAGAC.1",1000
"X1_GCCAGGTCACCAACAT.1",1000
"X1_GCCAGGTCACGTACTA.1",7
"X1_GCCAGGTCAGCCGTTG.1",1
"X1_GCCAGGTCAGTCAGTT.1",7
"X1_GCCAGGTCATGGAACG.1",0
"X1_GCCAGGTCATTCGGGC.1",1000
"X1_GCCAGGTGTACCATAC.1",8
"X1_GCCAGGTGTAGACGGT.1",1
"X1_GCCAGGTGTAGTGATA.1",8
"X1_GCCAGGTGTGATAGTA.1",8
"X1_GCCAGGTGTGATCATC.1",3
"X1_GCCAGGTGTGCTGCAC.1",7
"X1_GCCAGGTGTTCTTCAT.1",7
"X1_GCCAGGTTCACCGGTG.1",1000
"X1_GCCAGGTTCACCTCTG.1",0
"X1_GCCAGGTTCCATCACC.1",0
"X1_GCCAGGTTCCTCATAT.1",8
"X1_GCCAGGTTCGACACTA.1",7
"X1_GCCAGGTTCTGGTGCG.1",8
"X1_GCCAGGTTCTTGAACG.1",8
"X1_GCCAGTGAGAAATTCG.1",4
"X1_GCCAGTGAGAACCGCA.1",8
"X1_GCCAGTGAGAAGGATG.1",7
"X1_GCCAGTGAGCGACTGA.1",1000
"X1_GCCAGTGAGGATATGT.1",8
"X1_GCCAGTGAGTTGAAAC.1",7
"X1_GCCAGTGCAACACAAA.1",1000
"X1_GCCAGTGCACCTCTGT.1",0
"X1_GCCAGTGCAGACAATA.1",1
"X1_GCCAGTGCAGCTTTCC.1",7
"X1_GCCAGTGGTAACAGTA.1",1000
"X1_GCCAGTGGTCACTCAA.1",1000
"X1_GCCAGTGGTCCCTCAT.1",1000
"X1_GCCAGTGTCATTGCGA.1",1000
"X1_GCCAGTGTCCACACCT.1",8
"X1_GCCAGTGTCCATGCAA.1",1000
"X1_GCCAGTGTCCATTGGA.1",8
"X1_GCCAGTGTCCTACCGT.1",1000
"X1_GCCAGTGTCGTCACCT.1",3
"X1_GCCAGTGTCTTCGTGC.1",3
"X1_GCCATGGAGATACTGA.1",1000
"X1_GCCATGGAGATGAACT.1",3
"X1_GCCATGGAGCTTCGTA.1",4
"X1_GCCATGGAGGAGCAAA.1",8
"X1_GCCATGGAGGGAGATA.1",8
"X1_GCCATGGAGGGCCCTT.1",3
"X1_GCCATGGAGTGGATTA.1",1000
"X1_GCCATGGCAACGACTT.1",2
"X1_GCCATGGCACAATTCG.1",8
"X1_GCCATGGCACGGTGAA.1",1000
"X1_GCCATGGCAGACAATA.1",7
"X1_GCCATGGCAGCAGTTT.1",2
"X1_GCCATGGCATGAAGCG.1",5
"X1_GCCATGGGTACGATCT.1",4
"X1_GCCATGGGTAGTCCTA.1",5
"X1_GCCATGGGTCACAATC.1",7
"X1_GCCATGGGTCGAAACG.1",5
"X1_GCCATGGGTGAGCTCC.1",5
"X1_GCCATGGGTGATTCTG.1",4
"X1_GCCATGGGTGCACAAG.1",1000
"X1_GCCATGGGTGTTGATC.1",8
"X1_GCCATGGGTTGTCCCT.1",1000
"X1_GCCATGGTCACTGGGC.1",3
"X1_GCCATGGTCAGCAGAG.1",7
"X1_GCCATGGTCGCAAGAG.1",8
"X1_GCCATGGTCTTGTGCC.1",8
"X1_GCCATTCAGAGCTGCA.1",8
"X1_GCCATTCAGAGTGTTA.1",4
"X1_GCCATTCAGCAGCAGT.1",1000
"X1_GCCATTCAGCGTACAG.1",1
"X1_GCCATTCAGTCGCCAC.1",1000
"X1_GCCATTCCAACAAGTA.1",3
"X1_GCCATTCCAAGCACCC.1",1
"X1_GCCATTCCACCTGCGA.1",7
"X1_GCCATTCCACGACAGA.1",2
"X1_GCCATTCCACGGTGCT.1",5
"X1_GCCATTCCAGAACTAA.1",2
"X1_GCCATTCCAGGAAGTC.1",8
"X1_GCCATTCCATTGTCGA.1",1000
"X1_GCCATTCGTACCACGC.1",1000
"X1_GCCATTCGTAGATCGG.1",6
"X1_GCCATTCGTATGTCCA.1",8
"X1_GCCATTCGTCATCAGT.1",4
"X1_GCCATTCGTCGCCTAG.1",7
"X1_GCCATTCGTTACACTG.1",6
"X1_GCCATTCGTTAGAGAT.1",1000
"X1_GCCATTCTCAAGAGTA.1",6
"X1_GCCATTCTCAAGGTGG.1",7
"X1_GCCATTCTCACCTACC.1",4
"X1_GCCATTCTCCACAGCG.1",7
"X1_GCCATTCTCGATTCCC.1",4
"X1_GCCATTCTCGTTCGCT.1",5
"X1_GCCATTCTCTAAGCGT.1",2
"X1_GCCATTCTCTACACAG.1",1000
"X1_GCCATTCTCTCACCCA.1",4
"X1_GCCATTCTCTCGAACA.1",6
"X1_GCCATTCTCTCGCTCA.1",1000
"X1_GCCCAGAAGACCTCAT.1",5
"X1_GCCCAGAAGATTGGGC.1",1
"X1_GCCCAGAAGCAGGCAT.1",3
"X1_GCCCAGAAGCGGTAAC.1",7
"X1_GCCCAGAAGGGCGAGA.1",8
"X1_GCCCAGAAGTATAACG.1",7
"X1_GCCCAGAAGTCAACAA.1",8
"X1_GCCCAGAAGTGAATAC.1",1000
"X1_GCCCAGAAGTGTACCT.1",1000
"X1_GCCCAGACAAGTTCCA.1",4
"X1_GCCCAGACACGTACAT.1",7
"X1_GCCCAGACACTACAGT.1",1000
"X1_GCCCAGACACTTCATT.1",1000
"X1_GCCCAGAGTAAGTTAG.1",2
"X1_GCCCAGAGTACAAACA.1",4
"X1_GCCCAGAGTACGACAG.1",1
"X1_GCCCAGAGTAGACAGC.1",7
"X1_GCCCAGAGTAGCACAG.1",2
"X1_GCCCAGAGTATACAGA.1",8
"X1_GCCCAGAGTCAGTCGC.1",8
"X1_GCCCAGAGTCCGCAGT.1",7
"X1_GCCCAGAGTCGGCACT.1",1000
"X1_GCCCAGAGTGACAGGT.1",7
"X1_GCCCAGAGTGTAAACA.1",8
"X1_GCCCAGAGTTAGGCTT.1",2
"X1_GCCCAGAGTTCCTAAG.1",8
"X1_GCCCAGATCCATGATG.1",3
"X1_GCCCAGATCCCATACC.1",1000
"X1_GCCCAGATCGACGATT.1",8
"X1_GCCCAGATCGCCACTT.1",3
"X1_GCCCAGATCTCAACGA.1",3
"X1_GCCCAGATCTCCGCAT.1",2
"X1_GCCCAGATCTTCACAT.1",7
"X1_GCCCAGATCTTTGATC.1",1
"X1_GCCCGAAAGACAAGCC.1",1000
"X1_GCCCGAAAGAGAACCC.1",3
"X1_GCCCGAAAGAGCAAGA.1",6
"X1_GCCCGAAAGAGGCCAT.1",5
"X1_GCCCGAAAGATGAATC.1",4
"X1_GCCCGAAAGCTATCTG.1",6
"X1_GCCCGAAAGGTTGAGC.1",1000
"X1_GCCCGAAAGTCCGCGT.1",7
"X1_GCCCGAACAAGCTACT.1",1000
"X1_GCCCGAACACCCTCTA.1",1000
"X1_GCCCGAACACGGCGTT.1",3
"X1_GCCCGAACAGAAACCG.1",7
"X1_GCCCGAACAGTCACGC.1",8
"X1_GCCCGAACAGTCGCAC.1",3
"X1_GCCCGAACAGTCGGAA.1",0
"X1_GCCCGAAGTACTAAGA.1",4
"X1_GCCCGAAGTACTCGTA.1",8
"X1_GCCCGAAGTAGCGAGT.1",1000
"X1_GCCCGAAGTATACCCA.1",1000
"X1_GCCCGAAGTCAAAGAT.1",4
"X1_GCCCGAAGTCCCGTGA.1",5
"X1_GCCCGAAGTGGAACCA.1",8
"X1_GCCCGAATCAAATGCC.1",1000
"X1_GCCCGAATCAGAGTTC.1",7
"X1_GCCCGAATCCACACAA.1",8
"X1_GCCCGAATCCCGAATA.1",0
"X1_GCCCGAATCCTCACTG.1",8
"X1_GCCCGAATCGAAATCC.1",1000
"X1_GCCCGAATCTGGTCAA.1",7
"X1_GCCGATGAGATCGGTG.1",4
"X1_GCCGATGAGCTTTCTT.1",6
"X1_GCCGATGAGGAAGAAC.1",8
"X1_GCCGATGAGGCGCTCT.1",4
"X1_GCCGATGAGTACAACA.1",1
"X1_GCCGATGAGTGAACAT.1",8
"X1_GCCGATGAGTGATAAC.1",5
"X1_GCCGATGAGTTGCGAG.1",8
"X1_GCCGATGAGTTTCTTC.1",4
"X1_GCCGATGCAAGAGGTC.1",7
"X1_GCCGATGCAAGATGGC.1",3
"X1_GCCGATGCACGCTATA.1",8
"X1_GCCGATGCACGTACTA.1",3
"X1_GCCGATGCAGTCTACA.1",1000
"X1_GCCGATGCATAATCGC.1",6
"X1_GCCGATGCATGAGAAT.1",1
"X1_GCCGATGCATGGCTAT.1",4
"X1_GCCGATGGTAGCTTAC.1",1000
"X1_GCCGATGGTCCGTTTC.1",8
"X1_GCCGATGGTCGAAGCA.1",1000
"X1_GCCGATGGTCGTCATA.1",5
"X1_GCCGATGGTCTACTGA.1",1000
"X1_GCCGATGGTGGTCAAG.1",1000
"X1_GCCGATGGTTACTCAG.1",6
"X1_GCCGATGGTTAGGCTT.1",1000
"X1_GCCGATGGTTTCGCTC.1",8
"X1_GCCGATGTCAAACCTG.1",8
"X1_GCCGATGTCAACGCTA.1",8
"X1_GCCGATGTCAGCAGAG.1",1000
"X1_GCCGATGTCCTCCACA.1",8
"X1_GCCGATGTCGTCTAAG.1",8
"X1_GCCGTGAAGAAATTCG.1",4
"X1_GCCGTGAAGAGTTGCG.1",8
"X1_GCCGTGAAGCCTTTGA.1",8
"X1_GCCGTGAAGCTGGTGA.1",7
"X1_GCCGTGAAGGTAGTAT.1",8
"X1_GCCGTGAAGTCTGGTT.1",6
"X1_GCCGTGACAACTCCAA.1",3
"X1_GCCGTGACAAGCGCAA.1",2
"X1_GCCGTGACAAGTCCAT.1",1000
"X1_GCCGTGACACTCCTGT.1",8
"X1_GCCGTGACAGAAGTGC.1",7
"X1_GCCGTGACAGCACCCA.1",8
"X1_GCCGTGACAGTATGAA.1",6
"X1_GCCGTGACATCGCTAA.1",1000
"X1_GCCGTGACATGGAAGC.1",0
"X1_GCCGTGAGTAATGATG.1",4
"X1_GCCGTGAGTAGAGATT.1",7
"X1_GCCGTGAGTCCCACGA.1",1000
"X1_GCCGTGAGTGACCGTC.1",2
"X1_GCCGTGAGTGGCTCTG.1",1000
"X1_GCCGTGAGTGTCTTGA.1",3
"X1_GCCGTGAGTTATGACC.1",7
"X1_GCCGTGAGTTGCTGAT.1",2
"X1_GCCGTGATCACATCAG.1",1000
"X1_GCCGTGATCACCATCC.1",3
"X1_GCCGTGATCGAGAACG.1",2
"X1_GCCGTGATCTATACGG.1",0
"X1_GCCGTGATCTATCCAT.1",4
"X1_GCCGTGATCTATCGTT.1",3
"X1_GCCTGTTAGATACCAA.1",3
"X1_GCCTGTTAGCTCTTCC.1",2
"X1_GCCTGTTAGGAACTCG.1",4
"X1_GCCTGTTCAAACACCT.1",4
"X1_GCCTGTTCAATCGCCG.1",4
"X1_GCCTGTTCACGCGCAT.1",1000
"X1_GCCTGTTCACTAACCA.1",1000
"X1_GCCTGTTCAGCAGATG.1",4
"X1_GCCTGTTCAGCTGTGC.1",8
"X1_GCCTGTTCAGGTCCCA.1",1000
"X1_GCCTGTTGTAAGTAGT.1",3
"X1_GCCTGTTGTACAACGG.1",8
"X1_GCCTGTTGTAGTGGCA.1",5
"X1_GCCTGTTGTCGTACAT.1",3
"X1_GCCTGTTGTCTGATAC.1",1000
"X1_GCCTGTTGTGACAGGT.1",5
"X1_GCCTGTTGTGTTTACG.1",6
"X1_GCCTGTTGTTCAATCG.1",3
"X1_GCCTGTTTCACGAACT.1",3
"X1_GCCTGTTTCCATTGGA.1",1000
"X1_GCCTGTTTCCCTAGGG.1",2
"X1_GCCTGTTTCGCGGACT.1",1000
"X1_GCCTGTTTCGCGTCGA.1",6
"X1_GCCTGTTTCGCTAATG.1",6
"X1_GCGAGAAAGAATCGTA.1",1000
"X1_GCGAGAAAGACTACCT.1",4
"X1_GCGAGAAAGCTGAGTG.1",4
"X1_GCGAGAAAGGGAGGGT.1",1
"X1_GCGAGAAAGTTCACTG.1",7
"X1_GCGAGAACAAGCTCTA.1",4
"X1_GCGAGAACACGCCACA.1",8
"X1_GCGAGAACAGAGTGAC.1",7
"X1_GCGAGAACAGATTCGT.1",1000
"X1_GCGAGAACAGCCTTCT.1",5
"X1_GCGAGAACAGGACTAG.1",4
"X1_GCGAGAACAGTCAACT.1",8
"X1_GCGAGAAGTACGGTTT.1",1000
"X1_GCGAGAAGTCCGACGT.1",4
"X1_GCGAGAAGTCTCTCTG.1",7
"X1_GCGAGAAGTGAGTTGG.1",1000
"X1_GCGAGAAGTGTACATC.1",8
"X1_GCGAGAATCAGTCCGG.1",1000
"X1_GCGAGAATCATGCTAG.1",5
"X1_GCGAGAATCATTCCTA.1",7
"X1_GCGAGAATCCAGCTCT.1",4
"X1_GCGAGAATCGCTATTT.1",2
"X1_GCGAGAATCGCTGTTC.1",4
"X1_GCGAGAATCGGTAAGG.1",1000
"X1_GCGAGAATCTTAGCTT.1",4
"X1_GCGAGAATCTTCCAGC.1",1000
"X1_GCGATCGAGACGCCAA.1",6
"X1_GCGATCGAGACTTCAC.1",4
"X1_GCGATCGAGAGAATCT.1",4
"X1_GCGATCGAGAGAGCGG.1",1000
"X1_GCGATCGAGAGATTCA.1",4
"X1_GCGATCGAGAGTGGCT.1",8
"X1_GCGATCGAGATGCAGC.1",1000
"X1_GCGATCGAGCATAGGC.1",1000
"X1_GCGATCGAGCGACTAG.1",1000
"X1_GCGATCGAGCGCCCAT.1",8
"X1_GCGATCGAGCGGGTTA.1",6
"X1_GCGATCGAGCTGACTT.1",2
"X1_GCGATCGAGTGTTCCA.1",2
"X1_GCGATCGAGTTAACAG.1",1000
"X1_GCGATCGCAATCAGCT.1",1000
"X1_GCGATCGCAATGGGTG.1",2
"X1_GCGATCGCAATTGTGC.1",1000
"X1_GCGATCGCACGCAAAG.1",1
"X1_GCGATCGCACGTCATA.1",6
"X1_GCGATCGCAGGACTTT.1",7
"X1_GCGATCGCATACCATG.1",7
"X1_GCGATCGCATGACACT.1",1000
"X1_GCGATCGCATGCCGAC.1",5
"X1_GCGATCGCATGGAACG.1",8
"X1_GCGATCGGTAAGTTGA.1",1000
"X1_GCGATCGGTACCCGCA.1",2
"X1_GCGATCGGTATAGCTC.1",4
"X1_GCGATCGGTCAAGGCA.1",8
"X1_GCGATCGGTCAGGTGA.1",4
"X1_GCGATCGGTGCCTTCT.1",1000
"X1_GCGATCGGTGTTAAAG.1",8
"X1_GCGATCGGTTATTCTC.1",2
"X1_GCGATCGGTTCAAAGA.1",3
"X1_GCGATCGGTTGACTGT.1",8
"X1_GCGATCGGTTGCTTGA.1",1000
"X1_GCGATCGTCCCTCATG.1",4
"X1_GCGATCGTCCGCGAGT.1",8
"X1_GCGATCGTCTCGGTAA.1",1000
"X1_GCGATCGTCTTCCAGC.1",7
"X1_GCGGAAAAGACATATG.1",7
"X1_GCGGAAAAGAGGGCGA.1",8
"X1_GCGGAAAAGCAGGCAT.1",1000
"X1_GCGGAAAAGCCTTTGA.1",8
"X1_GCGGAAAAGGCTTAGG.1",4
"X1_GCGGAAAAGGGCGAGA.1",2
"X1_GCGGAAAAGGTCATAA.1",1
"X1_GCGGAAAAGGTGGCTA.1",8
"X1_GCGGAAAAGTTAGTAG.1",1000
"X1_GCGGAAACAACGACAG.1",2
"X1_GCGGAAACAATAACGA.1",7
"X1_GCGGAAACAATCGCCG.1",4
"X1_GCGGAAACACGTAACT.1",3
"X1_GCGGAAACAGACCATT.1",8
"X1_GCGGAAACAGTTAAAG.1",1000
"X1_GCGGAAACAGTTCACA.1",1000
"X1_GCGGAAAGTACGGTTT.1",1000
"X1_GCGGAAAGTAGCTAAA.1",8
"X1_GCGGAAAGTATCTCGA.1",8
"X1_GCGGAAAGTCACAATC.1",8
"X1_GCGGAAAGTCAGACGA.1",4
"X1_GCGGAAAGTCCAATCA.1",4
"X1_GCGGAAAGTCCTCATC.1",1000
"X1_GCGGAAAGTGAGAACC.1",5
"X1_GCGGAAAGTGCATGAG.1",5
"X1_GCGGAAAGTGGGTTGA.1",1000
"X1_GCGGAAAGTGTGGACA.1",7
"X1_GCGGAAAGTTCGGACC.1",1000
"X1_GCGGAAAGTTGTGTTG.1",7
"X1_GCGGAAATCAGCTCTC.1",7
"X1_GCGGAAATCAGCTTCC.1",1000
"X1_GCGGAAATCATGCATG.1",1000
"X1_GCGGAAATCCATTGGA.1",4
"X1_GCGGAAATCCTGTACC.1",0
"X1_GCGGAAATCGGTCACG.1",7
"X1_GCGGAAATCTAAGGAA.1",7
"X1_GCGGAAATCTCCGCAT.1",1
"X1_GCGGAAATCTGTCGCT.1",8
"X1_GCGGAAATCTTTGCTA.1",1000
"X1_GCGGATCAGAGAAGGT.1",3
"X1_GCGGATCAGATTGACA.1",4
"X1_GCGGATCAGATTTGCC.1",0
"X1_GCGGATCAGCATTTGC.1",1000
"X1_GCGGATCAGGATCATA.1",2
"X1_GCGGATCAGTGAGTTA.1",7
"X1_GCGGATCAGTGGTGGT.1",7
"X1_GCGGATCCAACCAGAG.1",8
"X1_GCGGATCCAACTGGTT.1",5
"X1_GCGGATCCACACAGAG.1",8
"X1_GCGGATCCATACCGTA.1",1000
"X1_GCGGATCCATGAGGGT.1",4
"X1_GCGGATCGTACCTAAC.1",5
"X1_GCGGATCGTATAGGGC.1",8
"X1_GCGGATCGTCACCGAC.1",6
"X1_GCGGATCGTCACTGAT.1",1000
"X1_GCGGATCGTCTGTGCG.1",7
"X1_GCGGATCGTGAGACGT.1",6
"X1_GCGGATCGTTCAGTAC.1",8
"X1_GCGGATCTCACTCGAA.1",8
"X1_GCGGATCTCAGAATAG.1",1
"X1_GCGGATCTCATATGGC.1",7
"X1_GCGGATCTCATGCTAG.1",6
"X1_GCGGATCTCATTGCCC.1",8
"X1_GCGGATCTCCCTATTA.1",4
"X1_GCGGATCTCGAGTACT.1",4
"X1_GCGGATCTCTGGACCG.1",4
"X1_GCGGATCTCTGGGCCA.1",1000
"X1_GCGGATCTCTGTTCAT.1",7
"X1_GCGTGCAAGAAACCCG.1",4
"X1_GCGTGCAAGAGCAGTC.1",1000
"X1_GCGTGCAAGCGACTTT.1",7
"X1_GCGTGCAAGGGCTAAC.1",1000
"X1_GCGTGCAAGGTGCTAG.1",7
"X1_GCGTGCAAGTACTGGG.1",4
"X1_GCGTGCAAGTCATCGT.1",7
"X1_GCGTGCAAGTTGGAAT.1",7
"X1_GCGTGCACACGAAAGC.1",8
"X1_GCGTGCACACTAACCA.1",1000
"X1_GCGTGCACACTCTCGT.1",7
"X1_GCGTGCACATGACTTG.1",4
"X1_GCGTGCACATTGGGAG.1",8
"X1_GCGTGCAGTACGATCT.1",1000
"X1_GCGTGCAGTAGGTAGC.1",1
"X1_GCGTGCAGTAGTCACT.1",4
"X1_GCGTGCAGTATACCTG.1",8
"X1_GCGTGCAGTATCGCAT.1",3
"X1_GCGTGCAGTCCGCAGT.1",4
"X1_GCGTGCAGTGTCCGGT.1",1000
"X1_GCGTGCAGTGTCTAAC.1",3
"X1_GCGTGCAGTTAGGCTT.1",8
"X1_GCGTGCAGTTTGACAC.1",8
"X1_GCGTGCATCCATTTAC.1",2
"X1_GCGTGCATCCTGGGTG.1",8
"X1_GCGTGCATCGGTCATA.1",3
"X1_GCGTGCATCTACCACC.1",8
"X1_GCGTTTCAGACCTTTG.1",1000
"X1_GCGTTTCAGAGGATGA.1",2
"X1_GCGTTTCAGCAGTAAT.1",4
"X1_GCGTTTCAGCGTGTCC.1",4
"X1_GCGTTTCAGGCTTAAA.1",4
"X1_GCGTTTCAGGTAGCAC.1",1000
"X1_GCGTTTCAGGTCGACA.1",1000
"X1_GCGTTTCAGGTGCAGT.1",1
"X1_GCGTTTCAGGTGGCTA.1",8
"X1_GCGTTTCAGTGACCTT.1",1
"X1_GCGTTTCAGTGCTACT.1",1000
"X1_GCGTTTCAGTGGTCAG.1",8
"X1_GCGTTTCAGTTGTCAC.1",5
"X1_GCGTTTCCAACCACAT.1",7
"X1_GCGTTTCCAAGACGAC.1",1000
"X1_GCGTTTCCAAGAGCTG.1",1000
"X1_GCGTTTCCAATTTCGG.1",7
"X1_GCGTTTCCACAGCCTG.1",1000
"X1_GCGTTTCCATAGGTTC.1",3
"X1_GCGTTTCCATCACCAA.1",4
"X1_GCGTTTCGTAACGTTC.1",1000
"X1_GCGTTTCGTACGGTTT.1",4
"X1_GCGTTTCGTAGCGTTT.1",1000
"X1_GCGTTTCGTAGTGCGA.1",8
"X1_GCGTTTCGTGCAATAA.1",8
"X1_GCGTTTCGTGCATTAC.1",2
"X1_GCGTTTCGTGTTCGTA.1",1000
"X1_GCGTTTCTCCCGTGTT.1",6
"X1_GCGTTTCTCCTGTACC.1",4
"X1_GCGTTTCTCGACGAGA.1",4
"X1_GCGTTTCTCGCATGAT.1",3
"X1_GCGTTTCTCGGACTTA.1",2
"X1_GCGTTTCTCTCCGAGG.1",3
"X1_GCGTTTCTCTGAATGC.1",8
"X1_GCGTTTCTCTGGTGCG.1",5
"X1_GCTACAAAGACGCATG.1",8
"X1_GCTACAAAGACTAAGT.1",7
"X1_GCTACAAAGAGATTCA.1",1
"X1_GCTACAAAGGAACGCT.1",7
"X1_GCTACAACAAAGACTA.1",3
"X1_GCTACAACACCATTCC.1",1000
"X1_GCTACAACACGCGTGT.1",1000
"X1_GCTACAACAGAAGCTG.1",1000
"X1_GCTACAACAGTCTTCC.1",1000
"X1_GCTACAACATCGGCCA.1",3
"X1_GCTACAACATGGTACT.1",4
"X1_GCTACAACATGTGACT.1",1000
"X1_GCTACAACATTCAGCA.1",4
"X1_GCTACAAGTAGCTCGC.1",7
"X1_GCTACAAGTATAGGAT.1",5
"X1_GCTACAAGTCCTCCAT.1",5
"X1_GCTACAAGTCTTCAAG.1",8
"X1_GCTACAAGTGATACCT.1",4
"X1_GCTACAAGTGCCTACG.1",0
"X1_GCTACAAGTGCCTGAC.1",8
"X1_GCTACAAGTGGGTTGA.1",4
"X1_GCTACAAGTTAAACCC.1",4
"X1_GCTACAAGTTATCTTC.1",4
"X1_GCTACAAGTTCAGCTA.1",5
"X1_GCTACAATCACTGCTC.1",8
"X1_GCTACAATCACTGTCC.1",7
"X1_GCTACAATCATACGAC.1",3
"X1_GCTACAATCCATAGGT.1",8
"X1_GCTACAATCCCTTCCC.1",7
"X1_GCTACAATCGAGAGAC.1",3
"X1_GCTACAATCTTGTGCC.1",7
"X1_GCTACAATCTTGTTAC.1",7
"X1_GCTACCTAGAACGTGC.1",0
"X1_GCTACCTAGAAGAGCA.1",8
"X1_GCTACCTAGCGAGTAC.1",4
"X1_GCTACCTAGGATACGC.1",4
"X1_GCTACCTAGGTTACCT.1",2
"X1_GCTACCTAGTCCTGCG.1",5
"X1_GCTACCTCAACGATCT.1",1
"X1_GCTACCTCAACGCATT.1",4
"X1_GCTACCTCAAGAATGT.1",8
"X1_GCTACCTCACACCGCA.1",4
"X1_GCTACCTCACACCTGG.1",4
"X1_GCTACCTCACTAGTAC.1",7
"X1_GCTACCTCAGCGACCT.1",7
"X1_GCTACCTCATAGACTC.1",2
"X1_GCTACCTCATGTCAGT.1",1
"X1_GCTACCTGTACAGCGA.1",6
"X1_GCTACCTGTAGAATAC.1",8
"X1_GCTACCTGTAGCTCGC.1",4
"X1_GCTACCTGTATCACGT.1",5
"X1_GCTACCTGTATTTCCT.1",6
"X1_GCTACCTGTCAGTCTA.1",1000
"X1_GCTACCTGTCCCTAAA.1",1
"X1_GCTACCTGTCTTACAG.1",1000
"X1_GCTACCTGTGCCTGAC.1",1000
"X1_GCTACCTGTGTAAATG.1",8
"X1_GCTACCTTCACTGTTT.1",4
"X1_GCTACCTTCAGCGCGT.1",1000
"X1_GCTACCTTCCACAGGC.1",4
"X1_GCTACCTTCGATCCCT.1",1000
"X1_GCTACCTTCGGCGATC.1",1000
"X1_GCTACCTTCTCATAGG.1",3
"X1_GCTACCTTCTCGCCTA.1",8
"X1_GCTCAAAAGAAACTAC.1",5
"X1_GCTCAAAAGAAGCGCT.1",4
"X1_GCTCAAAAGAGGGCGA.1",3
"X1_GCTCAAAAGAGTGGCT.1",7
"X1_GCTCAAAAGAGTTGAT.1",8
"X1_GCTCAAAAGATAGCAT.1",8
"X1_GCTCAAAAGCAACAGC.1",7
"X1_GCTCAAAAGGACAGCT.1",7
"X1_GCTCAAAAGGCAGGGA.1",4
"X1_GCTCAAAAGTGTTGAA.1",0
"X1_GCTCAAACAAGGCGTA.1",1000
"X1_GCTCAAACAGACCAAG.1",1000
"X1_GCTCAAACAGCGTTTA.1",8
"X1_GCTCAAACAGGTTCCG.1",1
"X1_GCTCAAACATCAGCGC.1",4
"X1_GCTCAAACATGACCCG.1",7
"X1_GCTCAAAGTAAGGCCA.1",7
"X1_GCTCAAAGTACTCGTA.1",1000
"X1_GCTCAAAGTCAGCTTA.1",5
"X1_GCTCAAAGTCCTATAG.1",3
"X1_GCTCAAAGTCTCTCCA.1",3
"X1_GCTCAAAGTGGTCTAT.1",8
"X1_GCTCAAAGTTAAGTCC.1",4
"X1_GCTCAAAGTTCTCTCG.1",8
"X1_GCTCAAAGTTTACGAC.1",4
"X1_GCTCAAAGTTTCACTT.1",5
"X1_GCTCAAATCACTCTTA.1",1000
"X1_GCTCAAATCCTTTAGT.1",0
"X1_GCTCAAATCGCTCATC.1",1
"X1_GCTCAAATCTAACACG.1",3
"X1_GCTCAAATCTCGAGTA.1",6
"X1_GCTCAAATCTGGTGCG.1",8
"X1_GCTGAATAGAGAGCAA.1",1000
"X1_GCTGAATAGAGCATCG.1",8
"X1_GCTGAATAGAGGGTCT.1",4
"X1_GCTGAATAGCGAACTG.1",1
"X1_GCTGAATAGGAGTATT.1",1000
"X1_GCTGAATAGGTCGTAG.1",1000
"X1_GCTGAATAGGTTCCAT.1",1000
"X1_GCTGAATAGTAGAGTT.1",7
"X1_GCTGAATAGTCTCGTA.1",5
"X1_GCTGAATAGTTGCTGT.1",1000
"X1_GCTGAATCAACAGTGG.1",7
"X1_GCTGAATCAAGACCGA.1",6
"X1_GCTGAATCAATAGTAG.1",1000
"X1_GCTGAATCACAAAGTA.1",1000
"X1_GCTGAATCACACGGTC.1",8
"X1_GCTGAATCACCTCTAC.1",1000
"X1_GCTGAATCACCTTCCA.1",8
"X1_GCTGAATCAGAAGTGC.1",7
"X1_GCTGAATCAGGCTATT.1",4
"X1_GCTGAATCAGTAGTGG.1",5
"X1_GCTGAATCAGTGCGCT.1",7
"X1_GCTGAATCATCGCTCT.1",6
"X1_GCTGAATGTAACAAGT.1",2
"X1_GCTGAATGTGAGTTTC.1",3
"X1_GCTGAATGTGGAACAC.1",1000
"X1_GCTGAATGTGTACGCC.1",8
"X1_GCTGAATGTGTTCCAA.1",1000
"X1_GCTGAATGTTCGTAAC.1",2
"X1_GCTGAATTCAGAACCT.1",7
"X1_GCTGAATTCATGCCGG.1",7
"X1_GCTGAATTCATTCATC.1",7
"X1_GCTGAATTCCAAGCTA.1",7
"X1_GCTGAATTCCACAGGC.1",1000
"X1_GCTGAATTCCATTTGT.1",8
"X1_GCTGAATTCCTAGCGG.1",4
"X1_GCTGAATTCTCAACCC.1",6
"X1_GCTGAATTCTCTGGTC.1",7
"X1_GCTGAATTCTGCGAGC.1",1000
"X1_GCTGAATTCTGGAGAG.1",8
"X1_GCTGCAGAGATGCTTC.1",2
"X1_GCTGCAGAGCAGCGAT.1",1000
"X1_GCTGCAGAGCTGGAGT.1",1000
"X1_GCTGCAGAGGATACAT.1",7
"X1_GCTGCAGAGTCACTGT.1",4
"X1_GCTGCAGAGTGGCGAT.1",6
"X1_GCTGCAGCACAAGCTT.1",8
"X1_GCTGCAGCACAGAGCA.1",7
"X1_GCTGCAGCACTCAAGT.1",8
"X1_GCTGCAGCAGCGTGAA.1",4
"X1_GCTGCAGCATGTGGCC.1",7
"X1_GCTGCAGGTAATACCC.1",1000
"X1_GCTGCAGGTATGGTTC.1",7
"X1_GCTGCAGGTATGTGTC.1",1000
"X1_GCTGCAGGTCGGAAAC.1",1000
"X1_GCTGCAGGTGAGTGAC.1",1000
"X1_GCTGCAGGTGCGCTCA.1",1
"X1_GCTGCAGGTGGCTACC.1",1
"X1_GCTGCAGGTGTGCTTA.1",8
"X1_GCTGCAGGTTCCACAA.1",7
"X1_GCTGCAGGTTGCAACT.1",7
"X1_GCTGCAGTCCCTGGTT.1",2
"X1_GCTGCAGTCGACGACC.1",0
"X1_GCTGCAGTCGGTCACG.1",7
"X1_GCTGCAGTCGTGTCAA.1",4
"X1_GCTGGGTAGAATCTAG.1",3
"X1_GCTGGGTAGCAGCACA.1",1000
"X1_GCTGGGTAGGCAATGC.1",6
"X1_GCTGGGTAGGCTGGAT.1",6
"X1_GCTGGGTAGTCAGCGA.1",1000
"X1_GCTGGGTAGTCCCGGT.1",6
"X1_GCTGGGTAGTGCAGCA.1",6
"X1_GCTGGGTCAACGACAG.1",3
"X1_GCTGGGTCAATAACCC.1",4
"X1_GCTGGGTCAATAAGGT.1",8
"X1_GCTGGGTCAATTCTTC.1",0
"X1_GCTGGGTCACAAATAG.1",5
"X1_GCTGGGTCACCAACAT.1",7
"X1_GCTGGGTCACGCGCTA.1",6
"X1_GCTGGGTCACGTCTCT.1",7
"X1_GCTGGGTCAGAACTCT.1",8
"X1_GCTGGGTCAGACCTGC.1",8
"X1_GCTGGGTCATCCGGTG.1",3
"X1_GCTGGGTCATCGGAGA.1",4
"X1_GCTGGGTGTAACATGA.1",7
"X1_GCTGGGTGTATCGGTT.1",3
"X1_GCTGGGTGTATGCTTG.1",0
"X1_GCTGGGTGTGAATTAG.1",4
"X1_GCTGGGTGTGAATTGA.1",6
"X1_GCTGGGTGTGCTCCGA.1",2
"X1_GCTGGGTGTGGTAACG.1",5
"X1_GCTGGGTGTTCGGCGT.1",7
"X1_GCTGGGTTCACCCATC.1",5
"X1_GCTGGGTTCCGCATAA.1",2
"X1_GCTGGGTTCCTATTTG.1",7
"X1_GCTGGGTTCCTCGCAT.1",8
"X1_GCTGGGTTCGCACGGT.1",1000
"X1_GCTGGGTTCGGACTTA.1",8
"X1_GCTGGGTTCGTTCCCA.1",1000
"X1_GCTGGGTTCTCAAAGC.1",7
"X1_GCTGGGTTCTGTTCAT.1",1000
"X1_GCTGGGTTCTTCGGTC.1",3
"X1_GCTTCACAGACATAAC.1",1000
"X1_GCTTCACAGACTAAGT.1",8
"X1_GCTTCACAGAGGACTC.1",7
"X1_GCTTCACAGAGTGACC.1",4
"X1_GCTTCACAGCAGCACA.1",1000
"X1_GCTTCACAGCCTAACT.1",1000
"X1_GCTTCACAGCTAGAAT.1",1000
"X1_GCTTCACAGGACTATA.1",1000
"X1_GCTTCACAGGCATGCA.1",8
"X1_GCTTCACCAACAAGAT.1",4
"X1_GCTTCACCACGGTGCT.1",1000
"X1_GCTTCACCAGCCTTCT.1",1000
"X1_GCTTCACCAGCGTGCT.1",8
"X1_GCTTCACCATCCGGTG.1",7
"X1_GCTTCACCATCGAAGG.1",1
"X1_GCTTCACGTAGTTAGA.1",8
"X1_GCTTCACGTGGTCTAT.1",2
"X1_GCTTCACGTTTGTGGT.1",1
"X1_GCTTCACTCAACTCTT.1",0
"X1_GCTTCACTCATGAGTC.1",7
"X1_GCTTCACTCCTCAGGG.1",2
"X1_GCTTCACTCGAGAACG.1",6
"X1_GCTTCACTCGCTTACC.1",4
"X1_GCTTCACTCGGAAGGT.1",4
"X1_GCTTCACTCTAGTACG.1",4
"X1_GCTTGGGAGAAGAACG.1",1000
"X1_GCTTGGGAGCATGTTC.1",6
"X1_GCTTGGGAGGGTAATT.1",7
"X1_GCTTGGGAGTAAACAC.1",2
"X1_GCTTGGGAGTACAGCG.1",1000
"X1_GCTTGGGAGTCCCGAC.1",2
"X1_GCTTGGGAGTCTAACC.1",1000
"X1_GCTTGGGAGTGGCGAT.1",1000
"X1_GCTTGGGAGTTGCTCA.1",4
"X1_GCTTGGGCAATACCCA.1",4
"X1_GCTTGGGCACACAGAG.1",7
"X1_GCTTGGGCACGCTGTG.1",8
"X1_GCTTGGGCAGACTGCC.1",3
"X1_GCTTGGGCATGAAGCG.1",4
"X1_GCTTGGGCATTGAAAG.1",2
"X1_GCTTGGGGTATCGCAT.1",3
"X1_GCTTGGGGTCCAATCA.1",1000
"X1_GCTTGGGGTGACACAG.1",8
"X1_GCTTGGGGTTGGACCC.1",1000
"X1_GCTTGGGGTTGTAAAG.1",4
"X1_GCTTGGGTCAAGGACG.1",0
"X1_GCTTGGGTCAGGAGAC.1",5
"X1_GCTTGGGTCCAGCTCT.1",1
"X1_GCTTGGGTCCTTCTGG.1",8
"X1_GCTTGGGTCGAAGAAT.1",2
"X1_GCTTGGGTCGACGACC.1",8
"X1_GCTTGGGTCGCGTTTC.1",8
"X1_GCTTGGGTCGTAATGC.1",3
"X1_GCTTGGGTCGTGCAGC.1",0
"X1_GCTTGGGTCTAATTCC.1",8
"X1_GCTTGGGTCTATTCGT.1",7
"X1_GCTTGGGTCTGCAGCG.1",4
"X1_GCTTGGGTCTGCTCTG.1",4
"X1_GCTTGGGTCTGGGAGA.1",8
"X1_GCTTGGGTCTGTCTCG.1",1000
"X1_GCTTGGGTCTTTGCGC.1",7
"X1_GCTTTCGAGATGTAGT.1",1000
"X1_GCTTTCGAGCATCGAG.1",7
"X1_GCTTTCGAGGAACGTC.1",4
"X1_GCTTTCGAGGTTGGTG.1",7
"X1_GCTTTCGAGTCGTCTA.1",1000
"X1_GCTTTCGAGTTCCATG.1",7
"X1_GCTTTCGCAATGAGCG.1",7
"X1_GCTTTCGCAGTACTAC.1",5
"X1_GCTTTCGCAGTTACCA.1",4
"X1_GCTTTCGCAGTTGTTG.1",1000
"X1_GCTTTCGCATTGCCGG.1",8
"X1_GCTTTCGGTAGAGACC.1",4
"X1_GCTTTCGGTAGGTTTC.1",8
"X1_GCTTTCGGTCAAATCC.1",3
"X1_GCTTTCGGTCCGGATC.1",1000
"X1_GCTTTCGGTCGTGGTC.1",1
"X1_GCTTTCGGTCTGTCCT.1",1000
"X1_GCTTTCGGTGAGATTA.1",7
"X1_GCTTTCGGTTTCCATT.1",3
"X1_GCTTTCGTCCATCTAT.1",1000
"X1_GCTTTCGTCGCTCTAC.1",1000
"X1_GCTTTCGTCTCCCATG.1",5
"X1_GCTTTCGTCTGTCGTC.1",3
"X1_GCTTTCGTCTTCACGC.1",5
"X1_GGAACCCAGCTGCCTG.1",8
"X1_GGAACCCAGTAAACAC.1",7
"X1_GGAACCCAGTGTTCAC.1",3
"X1_GGAACCCAGTTGGCTT.1",6
"X1_GGAACCCCAATAGTCC.1",8
"X1_GGAACCCCAATGAACA.1",2
"X1_GGAACCCCACACAGCC.1",1
"X1_GGAACCCCACCTCGTT.1",7
"X1_GGAACCCCAGAAGCGT.1",1000
"X1_GGAACCCCAGCATGCC.1",4
"X1_GGAACCCCAGCCGGTT.1",1
"X1_GGAACCCCAGTCCGTG.1",8
"X1_GGAACCCCAGTTGTCA.1",1000
"X1_GGAACCCCATGTGCCG.1",8
"X1_GGAACCCCATTAAAGG.1",8
"X1_GGAACCCCATTCACAG.1",1000
"X1_GGAACCCGTAACACCT.1",4
"X1_GGAACCCGTAACATCC.1",1000
"X1_GGAACCCGTCAATCTG.1",8
"X1_GGAACCCGTCCACGCA.1",7
"X1_GGAACCCGTCGCCACA.1",0
"X1_GGAACCCGTCGTCATA.1",1000
"X1_GGAACCCGTGGTCAAG.1",8
"X1_GGAACCCGTGTCTTCC.1",8
"X1_GGAACCCGTTAAGGGC.1",1
"X1_GGAACCCGTTAGAAAC.1",7
"X1_GGAACCCTCCCAACTC.1",1000
"X1_GGAACCCTCCTACCGT.1",4
"X1_GGAACCCTCCTACTGC.1",3
"X1_GGAACCCTCCTGGGTG.1",4
"X1_GGAACCCTCGCATAGT.1",1000
"X1_GGAACCCTCTCCAATT.1",7
"X1_GGAACCCTCTTAGCAG.1",5
"X1_GGAAGTGAGAGCATCG.1",8
"X1_GGAAGTGAGGATTTAG.1",4
"X1_GGAAGTGAGGCTATCT.1",1000
"X1_GGAAGTGAGGCTCAAG.1",1000
"X1_GGAAGTGAGGGCAGAG.1",1000
"X1_GGAAGTGAGGTAGATT.1",4
"X1_GGAAGTGAGTTGCATC.1",1000
"X1_GGAAGTGCAAAGAGTT.1",7
"X1_GGAAGTGCAATCTCGA.1",5
"X1_GGAAGTGCACACGGTC.1",1000
"X1_GGAAGTGCAGCATTGT.1",8
"X1_GGAAGTGCAGCTGTTA.1",1000
"X1_GGAAGTGCATTGTCGA.1",1000
"X1_GGAAGTGGTATCGAAA.1",2
"X1_GGAAGTGGTCATATGC.1",0
"X1_GGAAGTGGTCCACAGC.1",1000
"X1_GGAAGTGGTGGAACCA.1",6
"X1_GGAAGTGGTGTGGACA.1",6
"X1_GGAAGTGGTTATGACC.1",8
"X1_GGAAGTGGTTCGGTAT.1",7
"X1_GGAAGTGGTTGTTGCA.1",2
"X1_GGAAGTGTCAACCTTT.1",8
"X1_GGAAGTGTCACCATCC.1",4
"X1_GGAAGTGTCAGTAGGG.1",1
"X1_GGAAGTGTCCCAGGAC.1",7
"X1_GGAAGTGTCTAGACAC.1",3
"X1_GGAAGTGTCTGAATGC.1",4
"X1_GGAAGTGTCTGCCTCA.1",7
"X1_GGAAGTGTCTTGTTAC.1",1000
"X1_GGAATCTAGACGCCAA.1",0
"X1_GGAATCTAGCCTGACC.1",1000
"X1_GGAATCTAGCGGGTAT.1",0
"X1_GGAATCTAGCGTGTCC.1",8
"X1_GGAATCTAGGCGTTAG.1",0
"X1_GGAATCTAGGTCACAG.1",8
"X1_GGAATCTAGTCGCTAT.1",1000
"X1_GGAATCTAGTTGGCGA.1",7
"X1_GGAATCTCAAGACGAC.1",1
"X1_GGAATCTCAAGCCCAC.1",7
"X1_GGAATCTCAAGCGCAA.1",1000
"X1_GGAATCTCACAATCTG.1",8
"X1_GGAATCTCACCAGCTG.1",7
"X1_GGAATCTCAGTTAGAA.1",8
"X1_GGAATCTCATAGGAGC.1",1000
"X1_GGAATCTCATCGATCA.1",5
"X1_GGAATCTGTAAGCAAT.1",1000
"X1_GGAATCTGTACCATAC.1",4
"X1_GGAATCTGTAGGCAGT.1",4
"X1_GGAATCTGTATGCAAA.1",4
"X1_GGAATCTGTCTGTCCT.1",1
"X1_GGAATCTGTGAAGCTG.1",1000
"X1_GGAATCTGTGACGCCT.1",8
"X1_GGAATCTGTGCACAAG.1",8
"X1_GGAATCTGTTACCCTC.1",1
"X1_GGAATCTTCAAAGAAC.1",1000
"X1_GGAATCTTCAACTGAC.1",3
"X1_GGAATCTTCAGGGATG.1",1
"X1_GGAATCTTCAGTGTGT.1",1
"X1_GGAATCTTCATTACTC.1",2
"X1_GGAATCTTCCCATAGA.1",7
"X1_GGAATCTTCCGGTAAT.1",8
"X1_GGAATCTTCTAGACCA.1",1000
"X1_GGAATCTTCTCAACGA.1",8
"X1_GGAATCTTCTCTGGTC.1",1000
"X1_GGAATGGAGACCATAA.1",1000
"X1_GGAATGGAGCCAAGCA.1",8
"X1_GGAATGGAGGAATGTT.1",1
"X1_GGAATGGAGGAATTAC.1",5
"X1_GGAATGGAGTCGTTAC.1",7
"X1_GGAATGGAGTTACGAA.1",1000
"X1_GGAATGGAGTTACGTC.1",8
"X1_GGAATGGAGTTCAACC.1",8
"X1_GGAATGGCAACAGAGC.1",3
"X1_GGAATGGCAACTGGTT.1",0
"X1_GGAATGGCAGGCACTC.1",4
"X1_GGAATGGCATGCTGCG.1",4
"X1_GGAATGGGTCAGCGTC.1",6
"X1_GGAATGGGTCCACATA.1",5
"X1_GGAATGGGTCGCTCGA.1",3
"X1_GGAATGGGTGATCATC.1",1000
"X1_GGAATGGGTGTATCCA.1",1000
"X1_GGAATGGGTGTGAATA.1",7
"X1_GGAATGGGTTAAAGTG.1",8
"X1_GGAATGGTCAAGTTGC.1",8
"X1_GGAATGGTCACCGGTG.1",4
"X1_GGAATGGTCCGTACGG.1",8
"X1_GGAATGGTCGGAAGGT.1",1000
"X1_GGAATGGTCGGCCTTT.1",1000
"X1_GGACGTCAGAGAATCT.1",8
"X1_GGACGTCAGAGATGCC.1",7
"X1_GGACGTCAGAGGCGGA.1",1
"X1_GGACGTCAGATGAAGG.1",4
"X1_GGACGTCAGGCATGCA.1",5
"X1_GGACGTCAGTATGATG.1",7
"X1_GGACGTCAGTTTGGCT.1",7
"X1_GGACGTCCAAACGTGG.1",2
"X1_GGACGTCCAAGTCGTT.1",3
"X1_GGACGTCCACAATGCT.1",1000
"X1_GGACGTCCAGAGGAAA.1",1000
"X1_GGACGTCCAGTCGTTA.1",4
"X1_GGACGTCCAGTTTCAG.1",4
"X1_GGACGTCCATAGAAAC.1",1000
"X1_GGACGTCGTAATGCTC.1",1000
"X1_GGACGTCGTACAACGG.1",1000
"X1_GGACGTCGTAGGAGGG.1",8
"X1_GGACGTCGTAGGCAGT.1",3
"X1_GGACGTCGTCAAATCC.1",3
"X1_GGACGTCGTCGTGTTA.1",6
"X1_GGACGTCGTCTCGGGT.1",8
"X1_GGACGTCGTTAAACCC.1",3
"X1_GGACGTCGTTCGAGCC.1",1000
"X1_GGACGTCTCAACGAGG.1",3
"X1_GGACGTCTCAAGCCCG.1",8
"X1_GGACGTCTCACGGTCG.1",4
"X1_GGACGTCTCACTAGCA.1",6
"X1_GGACGTCTCAGATGCT.1",4
"X1_GGACGTCTCAGTGGGA.1",1000
"X1_GGACGTCTCCAAATGC.1",7
"X1_GGACGTCTCCACACAA.1",7
"X1_GGACGTCTCCATCACC.1",1000
"X1_GGACGTCTCCTGGCTT.1",2
"X1_GGACGTCTCGACATAC.1",7
"X1_GGACGTCTCGCACGAC.1",3
"X1_GGACGTCTCGTGGGAA.1",1000
"X1_GGACGTCTCTAGTACG.1",7
"X1_GGACGTCTCTTACTGT.1",4
"X1_GGAGAACAGCCTTTCC.1",3
"X1_GGAGAACAGCTGTCCG.1",7
"X1_GGAGAACAGGACAGTC.1",8
"X1_GGAGAACAGTCGCCAC.1",4
"X1_GGAGAACAGTGTCATC.1",8
"X1_GGAGAACAGTTCTACG.1",5
"X1_GGAGAACCAAGATGTA.1",4
"X1_GGAGAACCAAGTGTCT.1",4
"X1_GGAGAACCACCCTATC.1",1000
"X1_GGAGAACCACTCACTC.1",1000
"X1_GGAGAACCAGCACACC.1",8
"X1_GGAGAACCAGGTGACA.1",7
"X1_GGAGAACCAGTAGATA.1",8
"X1_GGAGAACCATCCTTCG.1",0
"X1_GGAGAACCATTGCTTT.1",4
"X1_GGAGAACGTACCTAAC.1",1000
"X1_GGAGAACGTAGGTGCA.1",8
"X1_GGAGAACGTATCCCTC.1",1000
"X1_GGAGAACGTATTGAGA.1",2
"X1_GGAGAACGTGAGCAGT.1",6
"X1_GGAGAACGTTTCTATC.1",0
"X1_GGAGAACTCATTGCCC.1",8
"X1_GGAGAACTCCCTCTCC.1",6
"X1_GGAGAACTCGACGTCG.1",1000
"X1_GGAGAACTCGCATTAG.1",2
"X1_GGAGAACTCGGAGATG.1",2
"X1_GGAGAACTCGTACACA.1",7
"X1_GGAGAACTCGTCAACA.1",8
"X1_GGAGAACTCGTCACCT.1",8
"X1_GGAGAACTCTGGGCCA.1",7
"X1_GGAGATGAGAAGCCAC.1",7
"X1_GGAGATGAGAGAAGGT.1",8
"X1_GGAGATGAGAGAGAAC.1",7
"X1_GGAGATGAGCAATAGT.1",5
"X1_GGAGATGAGCAGCCTC.1",1000
"X1_GGAGATGAGCGAGTAC.1",1000
"X1_GGAGATGAGGCGAAGG.1",1
"X1_GGAGATGAGTACGTCT.1",8
"X1_GGAGATGAGTCGCCAC.1",7
"X1_GGAGATGCAACTTCTT.1",1000
"X1_GGAGATGCAATGCAGG.1",2
"X1_GGAGATGCACTACAGT.1",4
"X1_GGAGATGCAGTAGAAT.1",4
"X1_GGAGATGCATCAGTGT.1",1000
"X1_GGAGATGCATCTCATT.1",1000
"X1_GGAGATGCATTGGATC.1",1000
"X1_GGAGATGGTACTTGTG.1",4
"X1_GGAGATGGTAGTCTTG.1",2
"X1_GGAGATGGTCAACACT.1",4
"X1_GGAGATGGTCTAACGT.1",3
"X1_GGAGATGGTGACCTGC.1",1000
"X1_GGAGATGGTGGCACTC.1",4
"X1_GGAGATGGTGTATTCG.1",6
"X1_GGAGATGGTTCTCCAC.1",5
"X1_GGAGATGGTTCTCTCG.1",7
"X1_GGAGATGTCCCGTGTT.1",7
"X1_GGAGATGTCCGAGGCT.1",8
"X1_GGAGATGTCGTAACTG.1",4
"X1_GGAGATGTCTATCGCC.1",8
"X1_GGAGATGTCTTCCTAA.1",4
"X1_GGAGATGTCTTGGATG.1",1000
"X1_GGAGCAAAGAGCTTTC.1",1000
"X1_GGAGCAAAGCACGGAT.1",8
"X1_GGAGCAAAGCATTGTC.1",7
"X1_GGAGCAAAGCCGTTAT.1",3
"X1_GGAGCAAAGGCAGTCA.1",7
"X1_GGAGCAAAGTAAGGGA.1",7
"X1_GGAGCAAAGTAGGTTA.1",1
"X1_GGAGCAAAGTCAAGCG.1",1
"X1_GGAGCAAAGTGGTTGG.1",1000
"X1_GGAGCAACAATACAGA.1",8
"X1_GGAGCAACAATCGCAT.1",5
"X1_GGAGCAACACAAGCTT.1",7
"X1_GGAGCAACAGACGGAT.1",8
"X1_GGAGCAACAGCTATTG.1",8
"X1_GGAGCAACATCCAATG.1",7
"X1_GGAGCAACATCTCAAG.1",8
"X1_GGAGCAAGTAGTGATA.1",6
"X1_GGAGCAAGTATCAAGA.1",3
"X1_GGAGCAAGTCAAAGCG.1",8
"X1_GGAGCAAGTCAAGTTC.1",1
"X1_GGAGCAAGTCAGTCGC.1",7
"X1_GGAGCAAGTCCGACGT.1",1
"X1_GGAGCAAGTCGTGGTC.1",8
"X1_GGAGCAAGTGATACAA.1",0
"X1_GGAGCAAGTGTGACCC.1",4
"X1_GGAGCAAGTTCGTACA.1",8
"X1_GGAGCAATCAGGCGAA.1",7
"X1_GGAGCAATCCCGAGAC.1",7
"X1_GGAGCAATCGCTAAAC.1",1
"X1_GGAGCAATCGCTGCGA.1",8
"X1_GGAGCAATCGGCATTA.1",7
"X1_GGAGCAATCGTAACCA.1",6
"X1_GGAGCAATCTACTTCA.1",2
"X1_GGAGCAATCTAGATCG.1",1000
"X1_GGAGCAATCTCGCAGG.1",8
"X1_GGAGGATAGAAGTATC.1",1000
"X1_GGAGGATAGAGTTGCG.1",1000
"X1_GGAGGATAGATAGCTA.1",1000
"X1_GGAGGATAGCCAACCC.1",3
"X1_GGAGGATAGCCATGCC.1",3
"X1_GGAGGATAGGACAACC.1",2
"X1_GGAGGATAGGACGGAG.1",4
"X1_GGAGGATAGGCACTCC.1",1000
"X1_GGAGGATAGGGTAATT.1",4
"X1_GGAGGATAGGTACAGC.1",8
"X1_GGAGGATAGTAAACTG.1",6
"X1_GGAGGATAGTAACGTA.1",4
"X1_GGAGGATAGTCTGCAT.1",7
"X1_GGAGGATCAATTGGTC.1",7
"X1_GGAGGATCACAACGCC.1",1000
"X1_GGAGGATCACAGCTTA.1",1000
"X1_GGAGGATCACTTCAGA.1",1000
"X1_GGAGGATCACTTGAAC.1",2
"X1_GGAGGATCAGCACACC.1",1
"X1_GGAGGATCAGGCACAA.1",5
"X1_GGAGGATCAGGCTACC.1",1000
"X1_GGAGGATCATGAGGGT.1",2
"X1_GGAGGATCATTAGGAA.1",3
"X1_GGAGGATGTACTGACT.1",8
"X1_GGAGGATGTATAGCTC.1",7
"X1_GGAGGATGTATGAAGT.1",6
"X1_GGAGGATGTCATATGC.1",1000
"X1_GGAGGATGTCGCATGC.1",1000
"X1_GGAGGATGTGACATCT.1",1000
"X1_GGAGGATGTGATAGAT.1",5
"X1_GGAGGATGTGATAGTA.1",7
"X1_GGAGGATGTGGCTCTG.1",8
"X1_GGAGGATGTGTGCTTA.1",3
"X1_GGAGGATGTTGTAAAG.1",8
"X1_GGAGGATTCAATCCGA.1",1000
"X1_GGAGGATTCACCGGGT.1",7
"X1_GGAGGATTCCAAGCAT.1",8
"X1_GGAGGATTCGCATAGT.1",4
"X1_GGAGGATTCGTGACTA.1",1000
"X1_GGAGGATTCTAAGAAG.1",3
"X1_GGAGGATTCTCGTCAC.1",2
"X1_GGAGGATTCTGGTTGA.1",1000
"X1_GGAGGATTCTTTGCTA.1",6
"X1_GGAGGTAAGCACTCTA.1",7
"X1_GGAGGTAAGGAGGGTG.1",1000
"X1_GGAGGTAAGGATAATC.1",7
"X1_GGAGGTACAAATTAGG.1",8
"X1_GGAGGTACACATGGTT.1",4
"X1_GGAGGTACAGGGAGAG.1",8
"X1_GGAGGTACAGTGTATC.1",2
"X1_GGAGGTACAGTTAGGG.1",0
"X1_GGAGGTACAGTTTGGT.1",1000
"X1_GGAGGTACATCCGATA.1",7
"X1_GGAGGTACATCTGGGC.1",1000
"X1_GGAGGTAGTATCAGGG.1",1
"X1_GGAGGTAGTCGACTGC.1",8
"X1_GGAGGTAGTGGTCCGT.1",0
"X1_GGAGGTAGTTAAACCC.1",8
"X1_GGAGGTAGTTTCGTGA.1",0
"X1_GGAGGTATCATGCCGG.1",2
"X1_GGAGGTATCCACATAG.1",1000
"X1_GGAGGTATCCTTATGT.1",3
"X1_GGAGGTATCGACACTA.1",1000
"X1_GGAGGTATCGGACCAC.1",8
"X1_GGAGGTATCGGACGTC.1",7
"X1_GGAGGTATCTCACCCA.1",7
"X1_GGAGGTATCTGAACGT.1",8
"X1_GGATCTAAGACGGATC.1",1000
"X1_GGATCTAAGACGGTTG.1",3
"X1_GGATCTAAGCCGATCC.1",1000
"X1_GGATCTAAGCCTCCAG.1",4
"X1_GGATCTAAGCTCCGAC.1",1
"X1_GGATCTAAGCTCGAAG.1",1000
"X1_GGATCTAAGCTTCTAG.1",7
"X1_GGATCTAAGGGTATAT.1",4
"X1_GGATCTAAGGTCGTGA.1",4
"X1_GGATCTAAGGTTCAGG.1",8
"X1_GGATCTAAGGTTTACC.1",8
"X1_GGATCTACAAACACCT.1",5
"X1_GGATCTACAACATCGT.1",7
"X1_GGATCTACAACCTATG.1",3
"X1_GGATCTACACAAGTGG.1",1
"X1_GGATCTACACGCTGCA.1",7
"X1_GGATCTACAGTCGAGA.1",6
"X1_GGATCTACATGCAGCC.1",8
"X1_GGATCTAGTACAGTCT.1",8
"X1_GGATCTAGTAGCTGCC.1",1000
"X1_GGATCTAGTCTCTCAC.1",8
"X1_GGATCTAGTGCTAGCC.1",5
"X1_GGATCTAGTGTTCATG.1",3
"X1_GGATCTAGTTACCCAA.1",3
"X1_GGATCTAGTTACGGAG.1",7
"X1_GGATCTAGTTCTTGCC.1",7
"X1_GGATCTAGTTTGAAAG.1",8
"X1_GGATCTATCAGACCTA.1",8
"X1_GGATCTATCAGCATTG.1",0
"X1_GGATCTATCAGTCACA.1",8
"X1_GGATCTATCCATTGGA.1",6
"X1_GGATCTATCCCTTGTG.1",8
"X1_GGATCTATCGACATAC.1",1000
"X1_GGATCTATCGATACTG.1",5
"X1_GGATCTATCGATTGAC.1",2
"X1_GGATCTATCGTAATGC.1",1000
"X1_GGATCTATCTGACCCT.1",8
"X1_GGATCTATCTGGGAGA.1",7
"X1_GGATGTTAGAAACTAC.1",7
"X1_GGATGTTAGCAAGCCA.1",7
"X1_GGATGTTAGCACGATG.1",1000
"X1_GGATGTTAGCCGATTT.1",4
"X1_GGATGTTAGGACTATA.1",1000
"X1_GGATGTTAGGGTCACA.1",1000
"X1_GGATGTTAGGTCATTC.1",4
"X1_GGATGTTAGGTTGGAC.1",1
"X1_GGATGTTAGTAAACGT.1",4
"X1_GGATGTTAGTAACCGG.1",8
"X1_GGATGTTCAACACGAG.1",7
"X1_GGATGTTCAAGACCTT.1",1000
"X1_GGATGTTCACGCGCAT.1",6
"X1_GGATGTTCACGTTCGG.1",7
"X1_GGATGTTCAGTTGAAA.1",4
"X1_GGATGTTCAGTTGGTT.1",5
"X1_GGATGTTCATCAGCGC.1",1
"X1_GGATGTTCATCGAACT.1",1000
"X1_GGATGTTCATCGTTCC.1",1000
"X1_GGATGTTCATGCGTGC.1",3
"X1_GGATGTTCATGGCCAC.1",7
"X1_GGATGTTCATGTGGCC.1",1000
"X1_GGATGTTCATTCTCCG.1",1000
"X1_GGATGTTGTAGATCGG.1",1000
"X1_GGATGTTGTAGATTAG.1",8
"X1_GGATGTTGTGGAGAAA.1",1000
"X1_GGATGTTGTGTCATGT.1",7
"X1_GGATGTTGTGTCTTGA.1",1000
"X1_GGATGTTGTGTTCATG.1",8
"X1_GGATGTTGTTACACAC.1",1000
"X1_GGATGTTTCAAACCCA.1",3
"X1_GGATGTTTCAGACAAA.1",8
"X1_GGATGTTTCAGATTGC.1",4
"X1_GGATGTTTCCACTGGG.1",1
"X1_GGATGTTTCCATCAGA.1",4
"X1_GGATGTTTCCCTGTTG.1",7
"X1_GGATGTTTCCGTTGGG.1",8
"X1_GGATGTTTCCTGTAGA.1",1
"X1_GGATGTTTCGACGTCG.1",1000
"X1_GGATGTTTCTCCAATT.1",7
"X1_GGATGTTTCTCGTGAA.1",0
"X1_GGCACGTAGAAGGATG.1",2
"X1_GGCACGTAGAAGTGTT.1",1
"X1_GGCACGTAGAGGTTAT.1",1000
"X1_GGCACGTAGATTGATG.1",7
"X1_GGCACGTAGCGCCCAT.1",1000
"X1_GGCACGTAGCTAGATA.1",3
"X1_GGCACGTAGCTCCACG.1",1000
"X1_GGCACGTAGGGAGAAT.1",1
"X1_GGCACGTCAACACGAG.1",1000
"X1_GGCACGTCACGACAAG.1",4
"X1_GGCACGTCACGCTATA.1",8
"X1_GGCACGTCACGGTGCT.1",1000
"X1_GGCACGTCAGAACTTC.1",1000
"X1_GGCACGTCAGAGGAAA.1",7
"X1_GGCACGTCAGCAAGAC.1",1000
"X1_GGCACGTCAGTGCGCT.1",8
"X1_GGCACGTCAGTTCTAG.1",3
"X1_GGCACGTCATAACTCG.1",4
"X1_GGCACGTCATAGCACT.1",6
"X1_GGCACGTCATATACCG.1",4
"X1_GGCACGTCATCTAGAC.1",4
"X1_GGCACGTCATGCGTGC.1",4
"X1_GGCACGTCATTGCTGA.1",8
"X1_GGCACGTGTATGGGAC.1",1000
"X1_GGCACGTGTCCAATCA.1",4
"X1_GGCACGTGTCGAACAG.1",8
"X1_GGCACGTGTCGCTTGG.1",4
"X1_GGCACGTGTCGTGGAA.1",0
"X1_GGCACGTGTCTCTCTG.1",7
"X1_GGCACGTGTGCGCTCA.1",4
"X1_GGCACGTGTGCTCGTG.1",2
"X1_GGCACGTGTGTAAATG.1",7
"X1_GGCACGTGTTGGACCC.1",8
"X1_GGCACGTGTTTGAACC.1",7
"X1_GGCACGTTCCCTATTA.1",1000
"X1_GGCACGTTCGCGTAGC.1",8
"X1_GGCACGTTCTCAATCT.1",1000
"X1_GGCACGTTCTCGCAGG.1",3
"X1_GGCACGTTCTTGAGCA.1",6
"X1_GGCAGTCAGATAACAC.1",4
"X1_GGCAGTCAGCCAAGGT.1",5
"X1_GGCAGTCAGCGTATGG.1",8
"X1_GGCAGTCAGCTACGTT.1",5
"X1_GGCAGTCAGCTCATAC.1",0
"X1_GGCAGTCAGGACGCAT.1",1000
"X1_GGCAGTCAGGTAAGTT.1",4
"X1_GGCAGTCAGTGCCGAA.1",3
"X1_GGCAGTCCAAGACCTT.1",3
"X1_GGCAGTCCAAGGCCTC.1",1000
"X1_GGCAGTCCAAGTGGCA.1",7
"X1_GGCAGTCCAATCACGT.1",7
"X1_GGCAGTCCACAATGTC.1",7
"X1_GGCAGTCCACGAAGAC.1",7
"X1_GGCAGTCCACGATAGG.1",6
"X1_GGCAGTCCAGCGTATT.1",1000
"X1_GGCAGTCGTCAACCTA.1",8
"X1_GGCAGTCGTCCAGCAC.1",7
"X1_GGCAGTCGTCGCGTCA.1",1000
"X1_GGCAGTCGTGAAGCTG.1",6
"X1_GGCAGTCGTGTGTCCG.1",7
"X1_GGCAGTCGTTCAAACC.1",7
"X1_GGCAGTCTCAAGAGGC.1",7
"X1_GGCAGTCTCAAGAGTA.1",8
"X1_GGCAGTCTCACAATGC.1",1000
"X1_GGCAGTCTCATTATCC.1",8
"X1_GGCAGTCTCATTCGGA.1",1000
"X1_GGCAGTCTCATTGAGC.1",8
"X1_GGCAGTCTCATTTCCA.1",0
"X1_GGCAGTCTCCAAGCCG.1",6
"X1_GGCAGTCTCGATCCCT.1",1
"X1_GGCAGTCTCGCATGAT.1",4
"X1_GGCAGTCTCGCTACAA.1",6
"X1_GGCGTCAAGAATTTGG.1",3
"X1_GGCGTCAAGACGTCCC.1",7
"X1_GGCGTCAAGATTCGAA.1",7
"X1_GGCGTCAAGCGCTGCT.1",8
"X1_GGCGTCAAGCGGTAAC.1",4
"X1_GGCGTCAAGCGGTAGT.1",7
"X1_GGCGTCAAGTAAAGCT.1",7
"X1_GGCGTCAAGTGATTCC.1",7
"X1_GGCGTCACACAATTCG.1",7
"X1_GGCGTCACACCTTCGT.1",7
"X1_GGCGTCACACGAGAAC.1",8
"X1_GGCGTCACACTTGTGA.1",7
"X1_GGCGTCACAGAACTAA.1",7
"X1_GGCGTCACAGACCTAT.1",7
"X1_GGCGTCACAGCTACTA.1",4
"X1_GGCGTCAGTACGCGTC.1",1
"X1_GGCGTCAGTAGTTCCA.1",5
"X1_GGCGTCAGTCAGGTAG.1",1000
"X1_GGCGTCAGTGCAGATG.1",7
"X1_GGCGTCAGTGGTCCGT.1",1000
"X1_GGCGTCAGTTGATGTC.1",7
"X1_GGCGTCAGTTGCGTAT.1",3
"X1_GGCGTCAGTTGGGTTT.1",1000
"X1_GGCGTCATCAAGCCAT.1",1000
"X1_GGCGTCATCAAGTGTC.1",3
"X1_GGCGTCATCAGCAATC.1",1000
"X1_GGCGTCATCCATCTGC.1",4
"X1_GGCGTCATCCCTAGGG.1",7
"X1_GGCGTCATCGTGGGTC.1",1
"X1_GGCGTCATCTGAATCG.1",1000
"X1_GGCGTCATCTGTACAG.1",4
"X1_GGCTGTGAGAAATTGC.1",2
"X1_GGCTGTGAGACATAGT.1",1000
"X1_GGCTGTGAGATCCCAT.1",1000
"X1_GGCTGTGAGCACTCTA.1",8
"X1_GGCTGTGAGCTCCGAC.1",8
"X1_GGCTGTGAGCTGGAGT.1",4
"X1_GGCTGTGAGTCTCCTC.1",7
"X1_GGCTGTGCAACCACAT.1",8
"X1_GGCTGTGCAACTCCAA.1",3
"X1_GGCTGTGCAAGTGGCA.1",1000
"X1_GGCTGTGCAGACCCGT.1",1000
"X1_GGCTGTGCAGAGACTG.1",8
"X1_GGCTGTGCAGCGGTCT.1",8
"X1_GGCTGTGCATGACTAC.1",1000
"X1_GGCTGTGGTCCGGTGT.1",8
"X1_GGCTGTGGTGATAGTA.1",1000
"X1_GGCTGTGGTGTTCGTA.1",7
"X1_GGCTGTGGTTAAGACA.1",1000
"X1_GGCTGTGGTTCCTAAG.1",7
"X1_GGCTGTGGTTGCACGC.1",1000
"X1_GGCTGTGTCACGGACC.1",5
"X1_GGCTGTGTCACTGTTT.1",1000
"X1_GGCTGTGTCCGGTTCT.1",6
"X1_GGCTGTGTCGTACACA.1",1000
"X1_GGCTTGGAGACTTCCA.1",7
"X1_GGCTTGGAGATGCCGA.1",2
"X1_GGCTTGGAGGATCACG.1",1000
"X1_GGCTTGGAGGATGTTA.1",4
"X1_GGCTTGGAGGCCTTCG.1",1000
"X1_GGCTTGGAGGCTGAAC.1",0
"X1_GGCTTGGAGGTCATCT.1",3
"X1_GGCTTGGAGTCACACT.1",7
"X1_GGCTTGGCAAGCGAAC.1",1000
"X1_GGCTTGGCAATAGGAT.1",8
"X1_GGCTTGGCAATCAGCT.1",3
"X1_GGCTTGGCAATCCTAG.1",3
"X1_GGCTTGGCACACTTAG.1",5
"X1_GGCTTGGCACAGCCAC.1",8
"X1_GGCTTGGCACTACACA.1",3
"X1_GGCTTGGCAGAGATGC.1",6
"X1_GGCTTGGCAGGCTTGC.1",8
"X1_GGCTTGGCAGTCAGAG.1",0
"X1_GGCTTGGGTACCACGC.1",4
"X1_GGCTTGGGTACGTAGG.1",4
"X1_GGCTTGGGTATGTCCA.1",1000
"X1_GGCTTGGGTCCGGCAT.1",4
"X1_GGCTTGGGTCGTACAT.1",7
"X1_GGCTTGGGTGAGGATC.1",2
"X1_GGCTTGGGTGTTCCAA.1",8
"X1_GGCTTGGGTTGCGGCT.1",4
"X1_GGCTTGGTCAAATGAG.1",1000
"X1_GGCTTGGTCAACTACG.1",1000
"X1_GGCTTGGTCAAGATAG.1",1000
"X1_GGCTTGGTCAAGGACG.1",4
"X1_GGCTTGGTCGAGATAA.1",7
"X1_GGCTTGGTCGCAAGAG.1",4
"X1_GGCTTGGTCGTTCTGC.1",6
"X1_GGCTTGGTCTAGTGAC.1",8
"X1_GGCTTGGTCTGCACCT.1",1000
"X1_GGCTTTCAGAACTGAT.1",8
"X1_GGCTTTCAGAAGGGAT.1",7
"X1_GGCTTTCAGCATGCAG.1",1
"X1_GGCTTTCAGCGACCCT.1",8
"X1_GGCTTTCAGCGCTGCT.1",4
"X1_GGCTTTCAGGCTGAAC.1",2
"X1_GGCTTTCAGTAGGATT.1",1000
"X1_GGCTTTCAGTAGGGTC.1",1
"X1_GGCTTTCAGTCAGCCC.1",4
"X1_GGCTTTCAGTGAGTGC.1",3
"X1_GGCTTTCCAACTGGTT.1",1000
"X1_GGCTTTCCACAGTCGC.1",8
"X1_GGCTTTCCACCCAACG.1",6
"X1_GGCTTTCCAGCCATTA.1",7
"X1_GGCTTTCCAGCCCAGT.1",7
"X1_GGCTTTCCAGTCGGTC.1",8
"X1_GGCTTTCCATCGATAC.1",3
"X1_GGCTTTCCATCTAACG.1",7
"X1_GGCTTTCCATGCAGCC.1",1000
"X1_GGCTTTCCATGTCAGT.1",1000
"X1_GGCTTTCGTAATGTGA.1",1000
"X1_GGCTTTCGTACAGCGA.1",2
"X1_GGCTTTCGTACCATAC.1",3
"X1_GGCTTTCGTACGAAAT.1",3
"X1_GGCTTTCGTAGGAGGG.1",4
"X1_GGCTTTCGTCACATTG.1",2
"X1_GGCTTTCGTCCGCAGT.1",1000
"X1_GGCTTTCGTGAATAAC.1",1000
"X1_GGCTTTCGTGTGCCTG.1",7
"X1_GGCTTTCGTGTTAACC.1",8
"X1_GGCTTTCGTTACCCTC.1",7
"X1_GGCTTTCGTTAGTCGT.1",1000
"X1_GGCTTTCGTTGCTGAT.1",8
"X1_GGCTTTCGTTTCACAG.1",3
"X1_GGCTTTCTCACTGGGC.1",7
"X1_GGCTTTCTCAGACCTA.1",6
"X1_GGCTTTCTCCACCTGT.1",4
"X1_GGCTTTCTCCATTCGC.1",1000
"X1_GGCTTTCTCCATTGCC.1",1000
"X1_GGCTTTCTCCGAACGC.1",7
"X1_GGCTTTCTCCTTCACG.1",1000
"X1_GGCTTTCTCGAAGCCC.1",8
"X1_GGCTTTCTCGAGAAGC.1",4
"X1_GGCTTTCTCGATGCTA.1",2
"X1_GGCTTTCTCGGTCTAA.1",5
"X1_GGCTTTCTCTGACAGT.1",4
"X1_GGCTTTCTCTTGCAGA.1",1000
"X1_GGGAAGTAGAGGTCAC.1",7
"X1_GGGAAGTAGAGTGACC.1",1000
"X1_GGGAAGTAGCAGAAAG.1",1000
"X1_GGGAAGTAGGGTTAGC.1",8
"X1_GGGAAGTAGTTCTACG.1",4
"X1_GGGAAGTCACAGTACT.1",1000
"X1_GGGAAGTCACCGTGGT.1",8
"X1_GGGAAGTCACTGGATT.1",3
"X1_GGGAAGTCAGAATGTA.1",3
"X1_GGGAAGTCAGCACGAA.1",1
"X1_GGGAAGTCAGGCATTT.1",8
"X1_GGGAAGTCATGGGTTT.1",1000
"X1_GGGAAGTGTAGAATAC.1",2
"X1_GGGAAGTGTCACCCTT.1",1000
"X1_GGGAAGTGTCGCTCGA.1",3
"X1_GGGAAGTGTCTAGGCC.1",0
"X1_GGGAAGTGTGCTGCAC.1",8
"X1_GGGAAGTGTGCTGTCG.1",1000
"X1_GGGAAGTGTGGAGAAA.1",1000
"X1_GGGAAGTGTGGGACAT.1",8
"X1_GGGAAGTGTGTCCCTT.1",7
"X1_GGGAAGTGTTCAAAGA.1",1000
"X1_GGGAAGTGTTTACACG.1",3
"X1_GGGAAGTTCAGAGTGG.1",1000
"X1_GGGAAGTTCATTGTTC.1",2
"X1_GGGAAGTTCCATTGTT.1",6
"X1_GGGAAGTTCCGTAGTA.1",7
"X1_GGGAAGTTCCGTATGA.1",1000
"X1_GGGAAGTTCGACTCCT.1",1000
"X1_GGGACAAAGAAACTCA.1",0
"X1_GGGACAAAGAAGGGAT.1",8
"X1_GGGACAAAGATCGGTG.1",8
"X1_GGGACAAAGATGGCGT.1",8
"X1_GGGACAAAGCAACAAT.1",6
"X1_GGGACAAAGCACTCTA.1",1000
"X1_GGGACAAAGGAAAGGT.1",1000
"X1_GGGACAAAGTAGGGTC.1",1000
"X1_GGGACAAAGTGACCTT.1",5
"X1_GGGACAACACAGCCTG.1",8
"X1_GGGACAACACTGCACG.1",1000
"X1_GGGACAACAGAGATTA.1",1
"X1_GGGACAACAGCATTGT.1",1
"X1_GGGACAACAGGGAGAG.1",7
"X1_GGGACAACATACATCG.1",7
"X1_GGGACAACATTACGGT.1",4
"X1_GGGACAAGTACCTATG.1",2
"X1_GGGACAAGTCACTTCC.1",1000
"X1_GGGACAAGTCCGCAGT.1",7
"X1_GGGACAAGTCGTGGTC.1",2
"X1_GGGACAAGTTCAGCGC.1",4
"X1_GGGACAATCATAGGCT.1",3
"X1_GGGACAATCATTCGGA.1",2
"X1_GGGACAATCCACAAGT.1",3
"X1_GGGACAATCCACAGCG.1",5
"X1_GGGACAATCCGGTAAT.1",8
"X1_GGGACAATCGAAGCCC.1",0
"X1_GGGACAATCGACACCG.1",7
"X1_GGGACAATCGGATAAA.1",1
"X1_GGGACAATCTAGAACC.1",8
"X1_GGGACAATCTCCGAAA.1",3
"X1_GGGACAATCTGTCGCT.1",6
"X1_GGGACAATCTTTGATC.1",3
"X1_GGGACCTAGACCGTTT.1",8
"X1_GGGACCTAGACTCTAC.1",1000
"X1_GGGACCTAGAGTGACC.1",4
"X1_GGGACCTAGCAGCGAT.1",8
"X1_GGGACCTAGCATGAAT.1",8
"X1_GGGACCTAGGTTTACC.1",1000
"X1_GGGACCTAGTAATACG.1",2
"X1_GGGACCTAGTATCCTG.1",6
"X1_GGGACCTAGTCTGGAG.1",1000
"X1_GGGACCTAGTTAACGA.1",8
"X1_GGGACCTCAAACTCTG.1",7
"X1_GGGACCTCAAGTGCAG.1",3
"X1_GGGACCTCACAACATC.1",2
"X1_GGGACCTCACGGATCC.1",1000
"X1_GGGACCTCACGGTGAA.1",4
"X1_GGGACCTCAGAAATCA.1",4
"X1_GGGACCTGTACAGTCT.1",7
"X1_GGGACCTGTAGGAAAG.1",7
"X1_GGGACCTGTAGGGAGG.1",1000
"X1_GGGACCTGTGATCGTT.1",7
"X1_GGGACCTGTGTAAACA.1",1000
"X1_GGGACCTGTTGGGATG.1",0
"X1_GGGACCTGTTGTATGC.1",1000
"X1_GGGACCTTCAAGGCTT.1",4
"X1_GGGACCTTCAGTCACA.1",7
"X1_GGGACCTTCCCTGTTG.1",7
"X1_GGGACCTTCCTACACC.1",1000
"X1_GGGACCTTCGAGGCAA.1",4
"X1_GGGACCTTCGATACGT.1",7
"X1_GGGACCTTCGGAGTAG.1",3
"X1_GGGACCTTCGGTCACG.1",1000
"X1_GGGACCTTCGTAATGC.1",1000
"X1_GGGACCTTCGTACACA.1",8
"X1_GGGACCTTCGTGGGAA.1",5
"X1_GGGACCTTCTTCTAAC.1",8
"X1_GGGACCTTCTTTGATC.1",1000
"X1_GGGACTCAGAGAGCCT.1",1000
"X1_GGGACTCAGATACGAT.1",1000
"X1_GGGACTCAGCAGCCTC.1",3
"X1_GGGACTCAGGAACGTC.1",6
"X1_GGGACTCAGGGATCTG.1",1000
"X1_GGGACTCAGTCAGAGC.1",1000
"X1_GGGACTCAGTGTAGAT.1",1
"X1_GGGACTCAGTTGCGAG.1",8
"X1_GGGACTCCAAAGGCGT.1",1000
"X1_GGGACTCCACACCTGG.1",7
"X1_GGGACTCCACGGCACT.1",3
"X1_GGGACTCCAGAACCGA.1",2
"X1_GGGACTCCAGACAAGC.1",7
"X1_GGGACTCCAGAGTCTT.1",7
"X1_GGGACTCCAGGCATGA.1",8
"X1_GGGACTCGTACCGTGC.1",8
"X1_GGGACTCGTAGTTCCA.1",7
"X1_GGGACTCGTCCGGCAT.1",2
"X1_GGGACTCGTCGAGCTC.1",1000
"X1_GGGACTCGTTACACTG.1",1000
"X1_GGGACTCGTTGTGTTG.1",6
"X1_GGGACTCGTTTCGTTT.1",8
"X1_GGGACTCGTTTGACAC.1",8
"X1_GGGACTCTCCGTGACG.1",1000
"X1_GGGACTCTCGCCAACG.1",2
"X1_GGGACTCTCTCCTGTG.1",8
"X1_GGGAGATAGAGAATCT.1",1000
"X1_GGGAGATAGCATTTGC.1",5
"X1_GGGAGATAGCCAACCC.1",6
"X1_GGGAGATAGGTAGACC.1",0
"X1_GGGAGATAGTCCTACA.1",1
"X1_GGGAGATAGTGGTGAC.1",7
"X1_GGGAGATCAAATACAG.1",1000
"X1_GGGAGATCAAGCGAAC.1",1000
"X1_GGGAGATCAAGGAGTC.1",7
"X1_GGGAGATCAATGTCTG.1",8
"X1_GGGAGATCACCTAAAC.1",7
"X1_GGGAGATCAGACACAG.1",1000
"X1_GGGAGATCAGCGTGAA.1",5
"X1_GGGAGATCAGCTTTGA.1",3
"X1_GGGAGATCATCGAACT.1",3
"X1_GGGAGATGTAAGTCAA.1",6
"X1_GGGAGATGTACAGTAA.1",8
"X1_GGGAGATGTCAACGCC.1",2
"X1_GGGAGATGTGAGATCG.1",5
"X1_GGGAGATGTGCCTAAT.1",1000
"X1_GGGAGATGTGGATTTC.1",7
"X1_GGGAGATTCAAGAATG.1",8
"X1_GGGAGATTCAAGCTGT.1",1000
"X1_GGGAGATTCATCACCC.1",7
"X1_GGGAGATTCCAATCTT.1",2
"X1_GGGAGATTCGAGTTGT.1",7
"X1_GGGAGATTCGATGGAG.1",7
"X1_GGGAGATTCGCATTAG.1",5
"X1_GGGAGATTCTCGCTCA.1",3
"X1_GGGAGATTCTCGTTTA.1",7
"X1_GGGAGTAAGAATTTGG.1",4
"X1_GGGAGTAAGACCTTTG.1",7
"X1_GGGAGTAAGCACTAAA.1",7
"X1_GGGAGTAAGCATTGAA.1",4
"X1_GGGAGTAAGCTAGATA.1",8
"X1_GGGAGTAAGCTGAGTG.1",1000
"X1_GGGAGTAAGGTAGACC.1",4
"X1_GGGAGTAAGGTCGTGA.1",2
"X1_GGGAGTAAGTACAACA.1",1000
"X1_GGGAGTAAGTACGAGC.1",8
"X1_GGGAGTAAGTATGTAG.1",3
"X1_GGGAGTACAATAGGAT.1",7
"X1_GGGAGTACACGCCAGT.1",6
"X1_GGGAGTACACTCCCTA.1",6
"X1_GGGAGTACACTCCGGA.1",1
"X1_GGGAGTACACTGGATT.1",6
"X1_GGGAGTACAGAGAAAG.1",6
"X1_GGGAGTACAGCTACCG.1",8
"X1_GGGAGTACAGGTCCGT.1",1000
"X1_GGGAGTACAGGTTTAC.1",3
"X1_GGGAGTACAGTCACGC.1",8
"X1_GGGAGTACATGTGGTT.1",5
"X1_GGGAGTAGTACCCACG.1",5
"X1_GGGAGTAGTACCTTCC.1",4
"X1_GGGAGTAGTCAAGCGA.1",3
"X1_GGGAGTAGTGGGTTGA.1",1000
"X1_GGGAGTAGTGTTATCG.1",8
"X1_GGGAGTAGTTAACCTG.1",8
"X1_GGGAGTAGTTGTCAGT.1",1
"X1_GGGAGTATCAAACGTC.1",1000
"X1_GGGAGTATCAGTCTTT.1",1000
"X1_GGGAGTATCCCTCATG.1",7
"X1_GGGAGTATCCTAGCTC.1",7
"X1_GGGAGTATCCTGTTAT.1",7
"X1_GGGAGTATCGACCACG.1",5
"X1_GGGAGTATCTAGATCG.1",1000
"X1_GGGAGTATCTATCGTT.1",2
"X1_GGGAGTATCTGCGATA.1",4
"X1_GGGAGTATCTTCGTAT.1",1000
"X1_GGGAGTATCTTTCGAT.1",3
"X1_GGGAGTATCTTTGCAT.1",1000
"X1_GGGATCCAGAGTTGAT.1",7
"X1_GGGATCCAGCCGATTT.1",7
"X1_GGGATCCAGCGGCTCT.1",4
"X1_GGGATCCAGGCATCAG.1",7
"X1_GGGATCCAGGCTAACG.1",1000
"X1_GGGATCCAGGGAGGAC.1",1
"X1_GGGATCCAGTAACCGG.1",7
"X1_GGGATCCAGTAGTCAA.1",7
"X1_GGGATCCAGTCTAGCT.1",1000
"X1_GGGATCCCAAGATGGC.1",5
"X1_GGGATCCCAAGGGCAT.1",1000
"X1_GGGATCCCACCGTGGT.1",7
"X1_GGGATCCCACGCTGTG.1",1
"X1_GGGATCCCAGCATTGT.1",1000
"X1_GGGATCCCAGTCGGAA.1",4
"X1_GGGATCCCATCCCGTT.1",1000
"X1_GGGATCCCATCTTAGG.1",0
"X1_GGGATCCGTACGAGCA.1",7
"X1_GGGATCCGTAGAATAC.1",5
"X1_GGGATCCGTATAATGG.1",4
"X1_GGGATCCGTATCGGTT.1",3
"X1_GGGATCCGTATTTCCT.1",4
"X1_GGGATCCGTCACTACA.1",8
"X1_GGGATCCGTCCGACGT.1",1000
"X1_GGGATCCGTCTAGTGT.1",7
"X1_GGGATCCGTGAATAAC.1",3
"X1_GGGATCCGTGACGCCT.1",2
"X1_GGGATCCGTGCTGTCG.1",1000
"X1_GGGATCCGTGGGCTTC.1",7
"X1_GGGATCCGTTAGGCCC.1",1000
"X1_GGGATCCTCAAAGACA.1",7
"X1_GGGATCCTCAGCTGAT.1",2
"X1_GGGATCCTCCAGCACG.1",5
"X1_GGGATCCTCCCTTGTG.1",8
"X1_GGGATCCTCTAGAGCT.1",8
"X1_GGGATCCTCTCCACTG.1",0
"X1_GGGATCCTCTTGCGCT.1",8
"X1_GGGATGAAGAAATCCA.1",8
"X1_GGGATGAAGCCATTCA.1",1
"X1_GGGATGAAGCTCGTGC.1",7
"X1_GGGATGAAGGATTCAA.1",1000
"X1_GGGATGAAGGCCACTC.1",1000
"X1_GGGATGAAGTAGGATT.1",7
"X1_GGGATGAAGTATTCCG.1",1000
"X1_GGGATGACAAACTCTG.1",5
"X1_GGGATGACAATAAGGT.1",8
"X1_GGGATGACAATCGCGC.1",4
"X1_GGGATGACACCCTGAG.1",8
"X1_GGGATGACACGTCTCT.1",3
"X1_GGGATGAGTAGGACTG.1",7
"X1_GGGATGAGTCTTCTAT.1",7
"X1_GGGATGAGTGAGATAT.1",8
"X1_GGGATGAGTTCTCACC.1",1
"X1_GGGATGATCAAGCTTG.1",1000
"X1_GGGATGATCACACCCT.1",1000
"X1_GGGATGATCACTCTTA.1",1000
"X1_GGGATGATCCACAAGT.1",3
"X1_GGGATGATCCCTATTA.1",1000
"X1_GGGATGATCCGAGATT.1",2
"X1_GGGATGATCCTAGCGG.1",1000
"X1_GGGATGATCGTCGACG.1",8
"X1_GGGATGATCTCGCTCA.1",8
"X1_GGGATGATCTTGATTC.1",3
"X1_GGGCCATAGAATCCCT.1",2
"X1_GGGCCATAGACGATAT.1",4
"X1_GGGCCATAGATTAGCA.1",1000
"X1_GGGCCATAGGAGCTGT.1",4
"X1_GGGCCATAGGCTCTCG.1",8
"X1_GGGCCATAGGGCTGAT.1",8
"X1_GGGCCATCAAAGGATT.1",4
"X1_GGGCCATCAATTCGTG.1",7
"X1_GGGCCATCACGCAAAG.1",1000
"X1_GGGCCATCACTAAACC.1",3
"X1_GGGCCATCAGCTCCTT.1",8
"X1_GGGCCATGTCTTGTCC.1",3
"X1_GGGCCATGTGAATATG.1",6
"X1_GGGCCATGTGACTATC.1",4
"X1_GGGCCATGTGAGGATC.1",7
"X1_GGGCCATGTGTGAATA.1",7
"X1_GGGCCATGTTACGATC.1",7
"X1_GGGCCATTCAAGCCCG.1",7
"X1_GGGCCATTCACAATGC.1",0
"X1_GGGCCATTCCTTGGAA.1",7
"X1_GGGCCATTCGCGTGAC.1",8
"X1_GGGCCATTCGGAAACG.1",1000
"X1_GGGCCATTCGGCGATC.1",1
"X1_GGGCCATTCTGGTGGC.1",1000
"X1_GGGCGTTAGACTCAAA.1",0
"X1_GGGCGTTAGCATGCAG.1",7
"X1_GGGCGTTAGCTGAAAT.1",8
"X1_GGGCGTTAGGGTAATT.1",4
"X1_GGGCGTTAGGTCCCGT.1",1000
"X1_GGGCGTTAGTACCGGA.1",1000
"X1_GGGCGTTAGTCCCTAA.1",3
"X1_GGGCGTTCAACGGGTA.1",8
"X1_GGGCGTTCAAGATTGA.1",3
"X1_GGGCGTTCAAGCGAAC.1",2
"X1_GGGCGTTCAAGCTGTT.1",4
"X1_GGGCGTTCACACCTAA.1",4
"X1_GGGCGTTCACCAGACC.1",7
"X1_GGGCGTTCACTCTGCT.1",8
"X1_GGGCGTTCAGCGATTT.1",8
"X1_GGGCGTTCAGTCGCAC.1",1000
"X1_GGGCGTTCATGCGGTC.1",8
"X1_GGGCGTTCATGGAGAC.1",7
"X1_GGGCGTTCATTGCTGA.1",8
"X1_GGGCGTTGTCACCACG.1",4
"X1_GGGCGTTGTCGACGCT.1",1000
"X1_GGGCGTTGTCGAGCAA.1",8
"X1_GGGCGTTGTCGGTACC.1",4
"X1_GGGCGTTGTGCTATTG.1",4
"X1_GGGCGTTGTGTGCCTG.1",1000
"X1_GGGCGTTTCAAACCCA.1",8
"X1_GGGCGTTTCAAATAGG.1",1000
"X1_GGGCGTTTCAAGATAG.1",5
"X1_GGGCGTTTCAGCGGAA.1",3
"X1_GGGCGTTTCCATTTCA.1",7
"X1_GGGCGTTTCCCTTGTG.1",4
"X1_GGGCGTTTCCGTCAAA.1",7
"X1_GGGCGTTTCCTATGGA.1",8
"X1_GGGCGTTTCGACGCGT.1",1000
"X1_GGGCGTTTCGTTCTGC.1",7
"X1_GGGCGTTTCTATACGG.1",1000
"X1_GGGCGTTTCTGAGAAA.1",1000
"X1_GGGCGTTTCTGCAGCG.1",4
"X1_GGGCTACAGCTGACCC.1",4
"X1_GGGCTACAGGGATCGT.1",1000
"X1_GGGCTACAGTGCACAG.1",3
"X1_GGGCTACCAACTCCAA.1",7
"X1_GGGCTACCAACTCCCT.1",8
"X1_GGGCTACCACACGCCA.1",7
"X1_GGGCTACCACCACTGG.1",8
"X1_GGGCTACCACTGCGAC.1",3
"X1_GGGCTACCAGAGAGGG.1",7
"X1_GGGCTACCAGTCGTTA.1",4
"X1_GGGCTACCATGATGCT.1",8
"X1_GGGCTACCATTGACCA.1",4
"X1_GGGCTACCATTGGCAT.1",7
"X1_GGGCTACGTATCGTTG.1",1000
"X1_GGGCTACGTCCCTAAA.1",8
"X1_GGGCTACGTGAATTAG.1",3
"X1_GGGCTACGTTCACCGG.1",6
"X1_GGGCTACGTTTGGGAG.1",6
"X1_GGGCTACTCAAGAGTA.1",1
"X1_GGGCTACTCAATCCGA.1",5
"X1_GGGCTACTCACAGAGG.1",5
"X1_GGGCTACTCATAAGGA.1",0
"X1_GGGCTACTCATTCTTG.1",4
"X1_GGGCTACTCATTGCCC.1",8
"X1_GGGCTACTCCACATAG.1",7
"X1_GGGCTACTCCGTGTGG.1",6
"X1_GGGCTACTCGTTACCC.1",7
"X1_GGGCTACTCTCGGTCT.1",7
"X1_GGGCTACTCTTCCACG.1",5
"X1_GGGCTCAAGAATTGTG.1",7
"X1_GGGCTCAAGAGCAGCT.1",0
"X1_GGGCTCAAGATACCAA.1",1
"X1_GGGCTCAAGGCCCACT.1",4
"X1_GGGCTCAAGTCACGAG.1",5
"X1_GGGCTCAAGTCCCTAA.1",1000
"X1_GGGCTCACAAACCATC.1",1000
"X1_GGGCTCACAAGCGCTC.1",4
"X1_GGGCTCACAAGTCCAT.1",1000
"X1_GGGCTCACACCCTTGT.1",7
"X1_GGGCTCACACGGCACT.1",3
"X1_GGGCTCACAGGGTCTC.1",1000
"X1_GGGCTCACAGTCGGAA.1",1000
"X1_GGGCTCACATTACTCT.1",4
"X1_GGGCTCAGTACAATAG.1",1000
"X1_GGGCTCAGTAGGGTAC.1",4
"X1_GGGCTCAGTGAGTGAC.1",2
"X1_GGGCTCAGTGTGTCCG.1",1000
"X1_GGGCTCAGTTTCTATC.1",6
"X1_GGGCTCATCAGTGGGA.1",1000
"X1_GGGCTCATCCGCAGTG.1",3
"X1_GGGCTCATCCGGCAAC.1",4
"X1_GGGCTCATCGGAGCAA.1",1
"X1_GGGCTCATCGGCATAT.1",1000
"X1_GGGCTCATCGTGGCTG.1",1000
"X1_GGGCTCATCTAGACAC.1",4
"X1_GGGTAGAAGACCATAA.1",8
"X1_GGGTAGAAGACGGAAA.1",8
"X1_GGGTAGAAGCCGTTGC.1",1000
"X1_GGGTAGAAGCTGGCTC.1",8
"X1_GGGTAGAAGGAGTCTG.1",6
"X1_GGGTAGAAGGTGAGCT.1",1000
"X1_GGGTAGAAGGTTACAA.1",7
"X1_GGGTAGAAGGTTCAGG.1",5
"X1_GGGTAGACAAGTATCC.1",2
"X1_GGGTAGACACACCTAA.1",1000
"X1_GGGTAGACATATGAAG.1",4
"X1_GGGTAGACATCGCTGG.1",5
"X1_GGGTAGACATGAGGGT.1",1
"X1_GGGTAGACATGTGACT.1",1000
"X1_GGGTAGAGTACTTCCC.1",1000
"X1_GGGTAGAGTAGAATGT.1",7
"X1_GGGTAGAGTATCGGTT.1",8
"X1_GGGTAGAGTCCGAAAG.1",7
"X1_GGGTAGAGTCTACAGT.1",6
"X1_GGGTAGAGTCTGCATA.1",7
"X1_GGGTAGAGTTCCTTGC.1",7
"X1_GGGTAGAGTTCTAACG.1",7
"X1_GGGTAGAGTTGCTCCT.1",1000
"X1_GGGTAGAGTTGTGCAT.1",8
"X1_GGGTAGATCCGTGTGG.1",8
"X1_GGGTAGATCGCAATGT.1",1000
"X1_GGGTAGATCTAGCCTC.1",4
"X1_GGGTAGATCTATACTC.1",2
"X1_GGGTAGATCTCTGCCA.1",7
"X1_GGGTAGATCTTCGTGC.1",8
"X1_GGGTATTAGAATCGTA.1",0
"X1_GGGTATTAGAATTCAG.1",3
"X1_GGGTATTAGACGACTG.1",5
"X1_GGGTATTAGAGCTGAC.1",1000
"X1_GGGTATTAGATGGTCG.1",4
"X1_GGGTATTAGCGTGTCC.1",8
"X1_GGGTATTAGGCTCTAT.1",1000
"X1_GGGTATTAGGGTAATT.1",8
"X1_GGGTATTAGGGTATAT.1",6
"X1_GGGTATTAGTGGACTG.1",8
"X1_GGGTATTCAAATGGAT.1",5
"X1_GGGTATTCACATACGT.1",7
"X1_GGGTATTCACCAGACC.1",8
"X1_GGGTATTCACGGTAGA.1",8
"X1_GGGTATTCACTTGGCG.1",7
"X1_GGGTATTCATCCTGTC.1",1000
"X1_GGGTATTCATGAATAG.1",0
"X1_GGGTATTGTACAGAAT.1",3
"X1_GGGTATTGTAGCTAAA.1",1000
"X1_GGGTATTGTATCTCTT.1",7
"X1_GGGTATTGTTCGGACC.1",3
"X1_GGGTATTTCAAGTCTG.1",3
"X1_GGGTATTTCAGACTGT.1",1000
"X1_GGGTATTTCAGTGTTG.1",4
"X1_GGGTATTTCATTGCTT.1",7
"X1_GGGTATTTCCATACAG.1",2
"X1_GGGTATTTCCCAGGAC.1",7
"X1_GGGTATTTCGTAACCA.1",7
"X1_GGGTATTTCGTGGTAT.1",8
"X1_GGGTATTTCTACCTTA.1",4
"X1_GGGTATTTCTCAATCT.1",1000
"X1_GGGTATTTCTCCGCAT.1",5
"X1_GGGTATTTCTCGTCAC.1",7
"X1_GGGTATTTCTGCGGCA.1",1
"X1_GGGTATTTCTTAATCC.1",7
"X1_GGGTATTTCTTCCCAG.1",1000
"X1_GGGTATTTCTTTACAC.1",1000
"X1_GGGTCACAGAAATGGG.1",8
"X1_GGGTCACAGCTCACTA.1",0
"X1_GGGTCACAGCTCTTCC.1",4
"X1_GGGTCACAGGTTCATC.1",5
"X1_GGGTCACAGTCCCAGC.1",8
"X1_GGGTCACCACGTCATA.1",7
"X1_GGGTCACCAGAAATCA.1",0
"X1_GGGTCACCAGGCACAA.1",8
"X1_GGGTCACCATCCTATT.1",8
"X1_GGGTCACCATTCACAG.1",1000
"X1_GGGTCACGTACAAGCG.1",4
"X1_GGGTCACGTACAGAGC.1",2
"X1_GGGTCACGTAGCACGA.1",4
"X1_GGGTCACGTAGCCAGA.1",1000
"X1_GGGTCACGTCGCATGC.1",5
"X1_GGGTCACGTGAGATTA.1",1000
"X1_GGGTCACGTGAGTAGC.1",1000
"X1_GGGTCACGTGCCTATA.1",2
"X1_GGGTCACTCAAGCTTG.1",8
"X1_GGGTCACTCAGATGCT.1",1000
"X1_GGGTCACTCGAACCTA.1",7
"X1_GGGTCACTCTACTGAG.1",1000
"X1_GGGTCACTCTAGATCG.1",8
"X1_GGGTCACTCTCGTCAC.1",3
"X1_GGGTCACTCTGAGTCA.1",1000
"X1_GGGTCTGAGAAGTCCG.1",7
"X1_GGGTCTGAGCCACTCG.1",1000
"X1_GGGTCTGAGCCGTTGC.1",1
"X1_GGGTCTGAGCCTAACT.1",6
"X1_GGGTCTGAGCCTCTGG.1",7
"X1_GGGTCTGAGGTTCCAT.1",1000
"X1_GGGTCTGAGTAGCAAT.1",1
"X1_GGGTCTGCACATAACC.1",3
"X1_GGGTCTGCACATTGTG.1",8
"X1_GGGTCTGCACTGCATA.1",4
"X1_GGGTCTGCAGAAATTG.1",8
"X1_GGGTCTGCAGAACCGA.1",2
"X1_GGGTCTGCAGCCTATA.1",8
"X1_GGGTCTGCAGGTACGA.1",4
"X1_GGGTCTGCAGGTCTCG.1",7
"X1_GGGTCTGCAGGTTACT.1",4
"X1_GGGTCTGCAGGTTCCG.1",6
"X1_GGGTCTGCATCGCCTT.1",1000
"X1_GGGTCTGCATTGACCA.1",1000
"X1_GGGTCTGGTACCCAGC.1",4
"X1_GGGTCTGGTACGTACT.1",7
"X1_GGGTCTGGTATACCTG.1",1
"X1_GGGTCTGGTATCAGCT.1",5
"X1_GGGTCTGGTATGCAAA.1",2
"X1_GGGTCTGGTATGCGGA.1",8
"X1_GGGTCTGGTCCAGCCA.1",7
"X1_GGGTCTGGTCTGTGAT.1",8
"X1_GGGTCTGGTCTTGCGG.1",6
"X1_GGGTCTGGTGATCATC.1",7
"X1_GGGTCTGGTTGCTCCT.1",6
"X1_GGGTCTGGTTGTGCCG.1",8
"X1_GGGTCTGTCAGACCTA.1",1000
"X1_GGGTCTGTCATTACCT.1",1000
"X1_GGGTCTGTCCACTTCG.1",5
"X1_GGGTCTGTCCTGTTGC.1",4
"X1_GGGTCTGTCGCTACAA.1",8
"X1_GGGTCTGTCGGCACTG.1",7
"X1_GGGTCTGTCGTTCATT.1",4
"X1_GGGTCTGTCGTTCTGC.1",4
"X1_GGGTCTGTCTCGCCTA.1",0
"X1_GGGTGAAAGAGCATAT.1",2
"X1_GGGTGAAAGCAGGCTA.1",6
"X1_GGGTGAAAGCCTGGAA.1",7
"X1_GGGTGAAAGCTAGAAT.1",7
"X1_GGGTGAAAGGATACGC.1",8
"X1_GGGTGAAAGGGTAGCT.1",5
"X1_GGGTGAAAGGTGTGAC.1",6
"X1_GGGTGAACAACCGCTG.1",1000
"X1_GGGTGAACAATACGCT.1",8
"X1_GGGTGAACACAGCGCT.1",1000
"X1_GGGTGAACACGATAGG.1",3
"X1_GGGTGAACACTGGCCA.1",4
"X1_GGGTGAACAGAGATGC.1",1
"X1_GGGTGAACAGAGGCTA.1",7
"X1_GGGTGAACAGTCACGC.1",8
"X1_GGGTGAAGTACGACTT.1",3
"X1_GGGTGAAGTACTAAGA.1",8
"X1_GGGTGAAGTAGTGATA.1",8
"X1_GGGTGAAGTATGTGTC.1",1000
"X1_GGGTGAAGTCCACTTC.1",0
"X1_GGGTGAAGTCCCTCAT.1",8
"X1_GGGTGAAGTCTAACTG.1",4
"X1_GGGTGAAGTCTTCAAG.1",5
"X1_GGGTGAAGTTGACGGA.1",7
"X1_GGGTGAATCATGAGTC.1",1000
"X1_GGGTGAATCATTGAGC.1",1000
"X1_GGGTGAATCCCGAAAT.1",6
"X1_GGGTGAATCGTAGCTA.1",7
"X1_GGGTGTCAGAGAGGTA.1",1000
"X1_GGGTGTCAGAGCTGAC.1",3
"X1_GGGTGTCAGATTGATG.1",4
"X1_GGGTGTCAGCGCACAA.1",4
"X1_GGGTGTCAGCGCCTCA.1",1000
"X1_GGGTGTCAGCTACGTT.1",1000
"X1_GGGTGTCAGGTGATCG.1",6
"X1_GGGTGTCAGTCGTTAC.1",2
"X1_GGGTGTCCACCGCTGA.1",1000
"X1_GGGTGTCCACCGTCGA.1",5
"X1_GGGTGTCCAGGAATCG.1",5
"X1_GGGTGTCCATCCTCAC.1",7
"X1_GGGTGTCGTAACATCC.1",7
"X1_GGGTGTCGTACGGTTT.1",7
"X1_GGGTGTCGTAGCACGA.1",7
"X1_GGGTGTCGTCACCCTT.1",6
"X1_GGGTGTCGTCCCGTGA.1",8
"X1_GGGTGTCGTGCGTTTA.1",2
"X1_GGGTGTCGTGGTCTCG.1",3
"X1_GGGTGTCTCCGAGATT.1",0
"X1_GGGTGTCTCCTACTGC.1",7
"X1_GGGTGTCTCGAACCAT.1",1000
"X1_GGGTGTCTCGACATTG.1",1000
"X1_GGGTGTCTCGAGCACC.1",7
"X1_GGGTGTCTCGGTAGGA.1",0
"X1_GGGTGTCTCTTGAGCA.1",4
"X1_GGGTTATAGAAGCCTG.1",1000
"X1_GGGTTATAGAATAACC.1",4
"X1_GGGTTATAGACATAGT.1",1000
"X1_GGGTTATAGACGATAT.1",1000
"X1_GGGTTATAGCAAGTCG.1",1000
"X1_GGGTTATAGGAAAGAC.1",0
"X1_GGGTTATAGTAGAATC.1",6
"X1_GGGTTATAGTATAGAC.1",1000
"X1_GGGTTATAGTCTCCTC.1",1000
"X1_GGGTTATAGTTGGAAT.1",1000
"X1_GGGTTATCAAATCGGG.1",7
"X1_GGGTTATCAACGACAG.1",7
"X1_GGGTTATCAAGTGCAG.1",4
"X1_GGGTTATCACAATGCT.1",4
"X1_GGGTTATCACGTGAGA.1",3
"X1_GGGTTATCACTACGGC.1",1000
"X1_GGGTTATCAGAAACCG.1",1000
"X1_GGGTTATCAGCTCGGT.1",1000
"X1_GGGTTATCAGGTTCGC.1",4
"X1_GGGTTATCAGTTTCAG.1",8
"X1_GGGTTATCATAATCCG.1",8
"X1_GGGTTATCATCCGAGC.1",8
"X1_GGGTTATCATCCTATT.1",2
"X1_GGGTTATCATCGTGGC.1",8
"X1_GGGTTATCATGAGAAT.1",3
"X1_GGGTTATCATGGCGCT.1",4
"X1_GGGTTATGTAACTTCG.1",6
"X1_GGGTTATGTAATACCC.1",4
"X1_GGGTTATGTAGACTGG.1",0
"X1_GGGTTATGTAGTTAGA.1",4
"X1_GGGTTATGTATCCTTT.1",1000
"X1_GGGTTATGTCAGTCTA.1",4
"X1_GGGTTATGTCCTGGGT.1",7
"X1_GGGTTATGTCTTTCTA.1",2
"X1_GGGTTATGTGATAGTA.1",1000
"X1_GGGTTATGTGCATTTG.1",4
"X1_GGGTTATGTGGAAATT.1",1
"X1_GGGTTATGTGTATTGC.1",7
"X1_GGGTTATGTGTGGTCC.1",0
"X1_GGGTTATGTTCAGCTA.1",1000
"X1_GGGTTATGTTGTGGAG.1",4
"X1_GGGTTATGTTGTGGCC.1",0
"X1_GGGTTATGTTTCGACA.1",3
"X1_GGGTTATTCCGGCTTT.1",4
"X1_GGGTTATTCGATCCAA.1",7
"X1_GGGTTTAAGACCTCCG.1",8
"X1_GGGTTTAAGCTATCTG.1",2
"X1_GGGTTTAAGCTGCCTG.1",8
"X1_GGGTTTAAGGCCTGAA.1",2
"X1_GGGTTTAAGGCTTAAA.1",4
"X1_GGGTTTAAGGGCGAGA.1",1000
"X1_GGGTTTAAGGGTTTCT.1",1000
"X1_GGGTTTAAGGTAGCCA.1",5
"X1_GGGTTTAAGTGGAATT.1",7
"X1_GGGTTTAAGTGGCGAT.1",1000
"X1_GGGTTTACAACCTATG.1",1000
"X1_GGGTTTACAATACGAA.1",7
"X1_GGGTTTACAATCGTCA.1",1000
"X1_GGGTTTACACCTCTAC.1",1000
"X1_GGGTTTACACGACGAA.1",8
"X1_GGGTTTACACGTACAT.1",1000
"X1_GGGTTTACAGAGACTG.1",4
"X1_GGGTTTACATAGCACT.1",5
"X1_GGGTTTACATCAGCTA.1",3
"X1_GGGTTTACATCATGAC.1",2
"X1_GGGTTTAGTACACGTT.1",1000
"X1_GGGTTTAGTACGGATG.1",7
"X1_GGGTTTAGTAGATTGA.1",1000
"X1_GGGTTTAGTCCGGACT.1",0
"X1_GGGTTTAGTCCTCAGG.1",8
"X1_GGGTTTAGTCGTACAT.1",1000
"X1_GGGTTTAGTGCTTATG.1",7
"X1_GGGTTTAGTGGACCAA.1",1000
"X1_GGGTTTAGTTGGTAGG.1",1000
"X1_GGGTTTAGTTTAAGGA.1",5
"X1_GGGTTTATCAACCCGG.1",0
"X1_GGGTTTATCAGATGCT.1",0
"X1_GGGTTTATCCTACCAC.1",1
"X1_GGGTTTATCGTCCTTG.1",1000
"X1_GGGTTTATCTTGGATG.1",1
"X1_GGTAACTAGCGATGCA.1",4
"X1_GGTAACTAGCTGGCCT.1",4
"X1_GGTAACTAGGGCGAAG.1",7
"X1_GGTAACTAGGTGCCAA.1",1000
"X1_GGTAACTAGTAACGAT.1",7
"X1_GGTAACTAGTCACTCA.1",7
"X1_GGTAACTAGTGAGCCA.1",8
"X1_GGTAACTCAAGTGACG.1",3
"X1_GGTAACTCACCCTGTT.1",1000
"X1_GGTAACTCACTAAACC.1",2
"X1_GGTAACTCAGCATTGT.1",4
"X1_GGTAACTCATCTCAAG.1",7
"X1_GGTAACTCATTGCCTC.1",8
"X1_GGTAACTGTACCACGC.1",1000
"X1_GGTAACTGTACGTGAG.1",7
"X1_GGTAACTGTCACGCTG.1",7
"X1_GGTAACTGTGAGTAAT.1",1000
"X1_GGTAACTGTGTGTCGC.1",4
"X1_GGTAACTGTTATCTGG.1",8
"X1_GGTAACTGTTCCTAAG.1",7
"X1_GGTAACTTCAAATGCC.1",3
"X1_GGTAACTTCAAGAATG.1",8
"X1_GGTAACTTCAATCGGT.1",7
"X1_GGTAACTTCACATTGG.1",1000
"X1_GGTAACTTCATCACAG.1",3
"X1_GGTAACTTCATGCTAG.1",1000
"X1_GGTAACTTCATGGGAG.1",1000
"X1_GGTAACTTCCCGTAAA.1",6
"X1_GGTAACTTCCCTATTA.1",8
"X1_GGTAACTTCGCGGTAC.1",8
"X1_GGTAACTTCTAACGGT.1",8
"X1_GGTAACTTCTTACCGC.1",8
"X1_GGTAACTTCTTGGGCG.1",4
"X1_GGTAATCAGAGCAAGA.1",8
"X1_GGTAATCAGCACCAGA.1",4
"X1_GGTAATCAGGTACAAT.1",2
"X1_GGTAATCAGGTATTGA.1",2
"X1_GGTAATCAGGTGAGAA.1",8
"X1_GGTAATCAGTCACGCC.1",7
"X1_GGTAATCAGTGGCGAT.1",1000
"X1_GGTAATCCAAGAGTGC.1",7
"X1_GGTAATCCAAGTGGTG.1",7
"X1_GGTAATCCAAGTGTCT.1",5
"X1_GGTAATCCACCTGCAG.1",4
"X1_GGTAATCCACGAAAGC.1",3
"X1_GGTAATCCACGGTCTG.1",7
"X1_GGTAATCCAGGTATGG.1",7
"X1_GGTAATCCATCCGGCA.1",1
"X1_GGTAATCGTAATTAGG.1",1000
"X1_GGTAATCGTATCGTGT.1",4
"X1_GGTAATCGTCATGCAT.1",1000
"X1_GGTAATCGTGAGGCAT.1",6
"X1_GGTAATCGTGCTGTCG.1",4
"X1_GGTAATCGTTCCACGG.1",3
"X1_GGTAATCTCAACACCA.1",4
"X1_GGTAATCTCACGGTCG.1",8
"X1_GGTAATCTCGGAAGGT.1",2
"X1_GGTAATCTCGTGCACG.1",8
"X1_GGTAATCTCGTTCCTG.1",1000
"X1_GGTAATCTCTCTCTTC.1",1000
"X1_GGTAGAGAGCCGGATA.1",8
"X1_GGTAGAGAGCCTAGGA.1",1000
"X1_GGTAGAGAGGCGATAC.1",1000
"X1_GGTAGAGAGGGCTTCC.1",0
"X1_GGTAGAGAGGTCACAG.1",1000
"X1_GGTAGAGCAAGCCTGC.1",8
"X1_GGTAGAGCAAGGTACG.1",4
"X1_GGTAGAGCAAGTGGGT.1",3
"X1_GGTAGAGCACCCAATA.1",1
"X1_GGTAGAGCACTGTCGG.1",6
"X1_GGTAGAGCAGGTTACT.1",1000
"X1_GGTAGAGCATAACAGA.1",1000
"X1_GGTAGAGGTACTCCGG.1",1000
"X1_GGTAGAGGTAGGACTG.1",8
"X1_GGTAGAGGTCGCATTA.1",2
"X1_GGTAGAGGTCTCAAGT.1",1000
"X1_GGTAGAGGTGTCGCTG.1",7
"X1_GGTAGAGGTTCAGTAC.1",7
"X1_GGTAGAGGTTGCATGT.1",1000
"X1_GGTAGAGGTTGTGGCC.1",2
"X1_GGTAGAGGTTGTTGTG.1",7
"X1_GGTAGAGTCATTGGTG.1",5
"X1_GGTAGAGTCCAGTACA.1",4
"X1_GGTAGAGTCCCTTGTG.1",1
"X1_GGTAGAGTCCTACCGT.1",3
"X1_GGTAGAGTCCTGTACC.1",7
"X1_GGTAGAGTCGCTAATG.1",1000
"X1_GGTAGAGTCTCCGAGG.1",8
"X1_GGTAGAGTCTGAGAAA.1",8
"X1_GGTCACGAGAAACTGT.1",1000
"X1_GGTCACGAGAACTCCT.1",1000
"X1_GGTCACGAGCAACTCT.1",8
"X1_GGTCACGAGGATTCAA.1",8
"X1_GGTCACGAGGATTTAG.1",2
"X1_GGTCACGAGGCAGTCA.1",4
"X1_GGTCACGAGGCTTCCG.1",8
"X1_GGTCACGAGGGATCAC.1",6
"X1_GGTCACGAGTAGCCAG.1",1000
"X1_GGTCACGAGTGCCTCG.1",1000
"X1_GGTCACGCAAATGGAT.1",4
"X1_GGTCACGCAACCAACT.1",1000
"X1_GGTCACGCAAGATGGC.1",1000
"X1_GGTCACGCAAGTATCC.1",7
"X1_GGTCACGCACATGGTT.1",5
"X1_GGTCACGCACCGTGAC.1",8
"X1_GGTCACGCAGACCAGA.1",8
"X1_GGTCACGCAGTCGCTG.1",1000
"X1_GGTCACGCATACAGAA.1",8
"X1_GGTCACGCATCGGTTA.1",2
"X1_GGTCACGCATGTCAGT.1",8
"X1_GGTCACGGTCACAGTT.1",6
"X1_GGTCACGGTCATATGC.1",1
"X1_GGTCACGGTCGGAACA.1",8
"X1_GGTCACGGTCTTTATC.1",4
"X1_GGTCACGGTGAGTCAG.1",1
"X1_GGTCACGGTGATAGTA.1",7
"X1_GGTCACGGTTAGCGGA.1",4
"X1_GGTCACGGTTCCGGTG.1",7
"X1_GGTCACGGTTTCGCTC.1",1000
"X1_GGTCACGTCACAATGC.1",1000
"X1_GGTCACGTCAGCCTTC.1",1
"X1_GGTCACGTCAGTGGGA.1",3
"X1_GGTCACGTCAGTGTTG.1",3
"X1_GGTCACGTCCAAATGC.1",2
"X1_GGTCACGTCCAACCAA.1",1000
"X1_GGTCACGTCCCGAATA.1",3
"X1_GGTCACGTCGAACGGA.1",8
"X1_GGTCACGTCGAAGAAT.1",7
"X1_GGTCACGTCGCACGAC.1",7
"X1_GGTCACGTCTCCAATT.1",4
"X1_GGTCACGTCTCGACGG.1",8
"X1_GGTCACGTCTGAGAAA.1",7
"X1_GGTCACGTCTGTAACG.1",8
"X1_GGTCTGGAGATCGACG.1",4
"X1_GGTCTGGAGCTACTGT.1",3
"X1_GGTCTGGAGGCACTAG.1",1000
"X1_GGTCTGGAGGCGATAC.1",4
"X1_GGTCTGGAGGCTCAAG.1",4
"X1_GGTCTGGAGTATGTAG.1",2
"X1_GGTCTGGAGTGCGACA.1",1
"X1_GGTCTGGAGTGCTAGG.1",7
"X1_GGTCTGGAGTGTAGAT.1",1000
"X1_GGTCTGGAGTTGCCCG.1",4
"X1_GGTCTGGCAACACAGG.1",8
"X1_GGTCTGGCAATAGTGA.1",1
"X1_GGTCTGGCACTAAACC.1",1000
"X1_GGTCTGGCAGACACCC.1",7
"X1_GGTCTGGCAGAGCTAG.1",1
"X1_GGTCTGGCAGTCGAGA.1",1000
"X1_GGTCTGGCAGTGCCTG.1",1000
"X1_GGTCTGGCATACACCA.1",1000
"X1_GGTCTGGCATGAAGGC.1",1000
"X1_GGTCTGGCATTCTCTA.1",1
"X1_GGTCTGGCATTGGGAG.1",1000
"X1_GGTCTGGGTAGAGTTA.1",8
"X1_GGTCTGGGTCATGGCC.1",1
"X1_GGTCTGGGTCGATGCC.1",5
"X1_GGTCTGGGTGACCTGC.1",1000
"X1_GGTCTGGGTTCCTAGA.1",1000
"X1_GGTCTGGGTTTGAACC.1",8
"X1_GGTCTGGTCAAGGAGC.1",6
"X1_GGTCTGGTCATTGCCC.1",6
"X1_GGTCTGGTCCAGGACC.1",4
"X1_GGTCTGGTCGAGTGAG.1",3
"X1_GGTCTGGTCGTTAGAC.1",5
"X1_GGTCTGGTCTCGTGGG.1",3
"X1_GGTCTGGTCTTGGGCG.1",8
"X1_GGTGAAGAGACGTCCC.1",7
"X1_GGTGAAGAGAGGATCC.1",5
"X1_GGTGAAGAGCAAGTGC.1",1000
"X1_GGTGAAGAGGATGCGT.1",7
"X1_GGTGAAGAGGCTAGCA.1",7
"X1_GGTGAAGAGTCAACAA.1",8
"X1_GGTGAAGCAACAGATA.1",3
"X1_GGTGAAGCAACGTATC.1",6
"X1_GGTGAAGCAAGTACCT.1",8
"X1_GGTGAAGCAAGTGACG.1",1000
"X1_GGTGAAGCAATAGAGT.1",3
"X1_GGTGAAGCACTCTCGT.1",8
"X1_GGTGAAGCACTTGTCC.1",4
"X1_GGTGAAGCAGAGTGAC.1",1000
"X1_GGTGAAGCAGCAGGAT.1",6
"X1_GGTGAAGCAGGACAGT.1",8
"X1_GGTGAAGCATAGTCAC.1",7
"X1_GGTGAAGCATCACCAA.1",8
"X1_GGTGAAGCATCCTATT.1",4
"X1_GGTGAAGCATGTGACT.1",7
"X1_GGTGAAGGTAAGTTAG.1",1000
"X1_GGTGAAGGTACAGTCT.1",8
"X1_GGTGAAGGTACGTAGG.1",7
"X1_GGTGAAGGTACTAAGA.1",1
"X1_GGTGAAGGTCATCCGG.1",1000
"X1_GGTGAAGGTCTTCGAA.1",1000
"X1_GGTGAAGGTGAGATCG.1",1000
"X1_GGTGAAGGTGCTCCGA.1",1000
"X1_GGTGAAGGTGTCCGTG.1",1
"X1_GGTGAAGGTGTCCTAA.1",7
"X1_GGTGAAGGTTATAGAG.1",8
"X1_GGTGAAGTCAATCCGA.1",1000
"X1_GGTGAAGTCCACGTCT.1",4
"X1_GGTGAAGTCCGCCTAT.1",7
"X1_GGTGAAGTCCGGTAGC.1",7
"X1_GGTGAAGTCGATTGAC.1",2
"X1_GGTGAAGTCTCCCAAC.1",8
"X1_GGTGAAGTCTCCGAGG.1",7
"X1_GGTGATTAGACATCCT.1",7
"X1_GGTGATTAGACTTGTC.1",1000
"X1_GGTGATTAGATCGCTT.1",7
"X1_GGTGATTAGCACTGGA.1",2
"X1_GGTGATTAGCATGGGT.1",1000
"X1_GGTGATTAGCGTTACT.1",3
"X1_GGTGATTAGGCATCTT.1",2
"X1_GGTGATTAGGTCACAG.1",1000
"X1_GGTGATTAGTTGGGAC.1",1000
"X1_GGTGATTCAAAGTGTA.1",4
"X1_GGTGATTCAAGAAACT.1",1
"X1_GGTGATTCAAGTCCAT.1",8
"X1_GGTGATTCACAAATAG.1",3
"X1_GGTGATTCACAATGTC.1",1000
"X1_GGTGATTCACAGCCTG.1",4
"X1_GGTGATTCACCGTCGA.1",8
"X1_GGTGATTCACGTTGGC.1",5
"X1_GGTGATTCACTATCGA.1",1000
"X1_GGTGATTCAGCCATTA.1",7
"X1_GGTGATTCAGCCGTCA.1",3
"X1_GGTGATTCAGCTATTG.1",3
"X1_GGTGATTCAGGTGACA.1",4
"X1_GGTGATTCATAAGCGG.1",3
"X1_GGTGATTCATCAGCTA.1",6
"X1_GGTGATTCATGTGTCA.1",3
"X1_GGTGATTGTAACACGG.1",7
"X1_GGTGATTGTCAATCTG.1",4
"X1_GGTGATTGTCCACTTC.1",1000
"X1_GGTGATTGTCGATGCC.1",1000
"X1_GGTGATTGTCGGTAAG.1",2
"X1_GGTGATTGTTAAGACA.1",8
"X1_GGTGATTGTTAGAGAT.1",8
"X1_GGTGATTGTTCCGCTT.1",3
"X1_GGTGATTTCACTCACC.1",4
"X1_GGTGATTTCATAGAGA.1",8
"X1_GGTGATTTCATCGACA.1",2
"X1_GGTGATTTCATCTACT.1",7
"X1_GGTGATTTCCGCGAGT.1",4
"X1_GGTGATTTCCTATTGT.1",7
"X1_GGTGATTTCCTTATGT.1",8
"X1_GGTGATTTCGAACGGA.1",1000
"X1_GGTGATTTCTACTCAT.1",8
"X1_GGTGATTTCTTCCTAA.1",1000
"X1_GGTGGCTAGAAACACT.1",4
"X1_GGTGGCTAGACGAAGA.1",4
"X1_GGTGGCTAGCACTTTG.1",1000
"X1_GGTGGCTAGCATCCTA.1",1000
"X1_GGTGGCTAGCTACTAC.1",7
"X1_GGTGGCTAGCTGGAGT.1",1000
"X1_GGTGGCTAGGACTTCT.1",1000
"X1_GGTGGCTAGGCTCAAG.1",8
"X1_GGTGGCTAGTGGCGAT.1",4
"X1_GGTGGCTCAAGGTCTT.1",8
"X1_GGTGGCTCACCAGCTG.1",4
"X1_GGTGGCTCACGACGAA.1",2
"X1_GGTGGCTCATGACTCA.1",7
"X1_GGTGGCTGTACCGTCG.1",4
"X1_GGTGGCTGTAGGCAAC.1",8
"X1_GGTGGCTGTCCCTAAA.1",2
"X1_GGTGGCTGTCGTGGAA.1",1
"X1_GGTGGCTGTGTGTGGA.1",4
"X1_GGTGGCTGTTCTCGCT.1",7
"X1_GGTGGCTTCAACACGT.1",4
"X1_GGTGGCTTCACCTGGG.1",4
"X1_GGTGGCTTCACTACGA.1",5
"X1_GGTGGCTTCATTTCGT.1",5
"X1_GGTGGCTTCGCGAAGA.1",8
"X1_GGTGGCTTCGTTCTAT.1",1000
"X1_GGTGGCTTCTTTGCGC.1",8
"X1_GGTGTCGAGACTCTTG.1",3
"X1_GGTGTCGAGAGTTGAT.1",1000
"X1_GGTGTCGAGCAGTCTT.1",1000
"X1_GGTGTCGAGCCTCTGG.1",4
"X1_GGTGTCGAGCGCATCC.1",2
"X1_GGTGTCGAGCGGTAAC.1",0
"X1_GGTGTCGAGGACATCG.1",8
"X1_GGTGTCGAGTGGTTAA.1",6
"X1_GGTGTCGCAAAGACGC.1",8
"X1_GGTGTCGCACAAAGTA.1",8
"X1_GGTGTCGCACCGAATT.1",3
"X1_GGTGTCGCACGTCGGT.1",7
"X1_GGTGTCGCAGACGGAT.1",4
"X1_GGTGTCGCATCACGGC.1",3
"X1_GGTGTCGCATGGTACT.1",2
"X1_GGTGTCGGTAAGGCTG.1",1000
"X1_GGTGTCGGTACGAGCA.1",4
"X1_GGTGTCGGTAGGATAT.1",4
"X1_GGTGTCGGTCCTACAA.1",8
"X1_GGTGTCGGTGCTGTCG.1",1
"X1_GGTGTCGGTGGAACAC.1",4
"X1_GGTGTCGGTGGCTGCT.1",4
"X1_GGTGTCGGTGTTCGTA.1",4
"X1_GGTGTCGGTTGGTAGG.1",7
"X1_GGTGTCGTCAATGCAC.1",1000
"X1_GGTGTCGTCAGTGATC.1",8
"X1_GGTGTCGTCCACGGAC.1",8
"X1_GGTGTCGTCCAGCACG.1",3
"X1_GGTGTCGTCGCCGATG.1",1000
"X1_GGTGTCGTCGGCCCAA.1",8
"X1_GGTGTCGTCGTGACTA.1",1
"X1_GGTGTCGTCTATCGTT.1",7
"X1_GGTGTCGTCTGACCCT.1",4
"X1_GGTGTCGTCTTAAGGC.1",7
"X1_GGTGTTAAGAATCGAT.1",1000
"X1_GGTGTTAAGAATTGCA.1",1000
"X1_GGTGTTAAGCACGTCC.1",1000
"X1_GGTGTTAAGCGTTGTT.1",3
"X1_GGTGTTAAGGAGTCTG.1",1000
"X1_GGTGTTAAGGCGCTCT.1",6
"X1_GGTGTTAAGGTACTGG.1",2
"X1_GGTGTTAAGGTATTGA.1",8
"X1_GGTGTTAAGTACAGAT.1",5
"X1_GGTGTTAAGTAGGATT.1",8
"X1_GGTGTTAAGTCCTGCG.1",1000
"X1_GGTGTTAAGTTGCTCA.1",2
"X1_GGTGTTAAGTTTAGGA.1",7
"X1_GGTGTTAAGTTTGGCT.1",3
"X1_GGTGTTACAACATCGT.1",0
"X1_GGTGTTACAAGTACCT.1",4
"X1_GGTGTTACACGGCACT.1",1000
"X1_GGTGTTACACGTTCGG.1",7
"X1_GGTGTTACACTAGAGG.1",2
"X1_GGTGTTACACTCCCTA.1",1
"X1_GGTGTTACAGATACCT.1",7
"X1_GGTGTTACAGGTCTCG.1",0
"X1_GGTGTTACAGTCAGTT.1",0
"X1_GGTGTTACATAATCCG.1",2
"X1_GGTGTTACATGATCTG.1",1000
"X1_GGTGTTACATGGGATG.1",4
"X1_GGTGTTACATGTTTGG.1",2
"X1_GGTGTTAGTAGCGATG.1",1000
"X1_GGTGTTAGTAGCTGCC.1",1
"X1_GGTGTTAGTATCGTTG.1",1
"X1_GGTGTTAGTTAGGGAC.1",1000
"X1_GGTGTTAGTTGTTGTG.1",8
"X1_GGTGTTATCAAGGAGC.1",4
"X1_GGTGTTATCGAACGGA.1",7
"X1_GGTGTTATCGCTATTT.1",8
"X1_GGTGTTATCGGACGTC.1",3
"X1_GGTGTTATCGGTATGT.1",8
"X1_GGTGTTATCGTTATCT.1",7
"X1_GGTGTTATCGTTGTAG.1",7
"X1_GGTGTTATCTAGGAAA.1",7
"X1_GGTGTTATCTCAACCC.1",2
"X1_GGTTAACAGAAATGGG.1",7
"X1_GGTTAACAGATACATG.1",5
"X1_GGTTAACAGCATGCAG.1",1000
"X1_GGTTAACAGCGTATAA.1",5
"X1_GGTTAACAGGTGCAGT.1",1000
"X1_GGTTAACAGTGGACGT.1",1000
"X1_GGTTAACAGTGGGAAA.1",2
"X1_GGTTAACCAACACGTT.1",7
"X1_GGTTAACCAAGTTCCA.1",8
"X1_GGTTAACCACAACCGC.1",3
"X1_GGTTAACCACCACATA.1",8
"X1_GGTTAACCACGACGTC.1",7
"X1_GGTTAACCACGATTCA.1",7
"X1_GGTTAACCAGTCGTTA.1",5
"X1_GGTTAACCATAACTCG.1",5
"X1_GGTTAACCATGAGGGT.1",1000
"X1_GGTTAACCATGGCCAC.1",4
"X1_GGTTAACCATTGAAAG.1",1000
"X1_GGTTAACGTAACTGCT.1",8
"X1_GGTTAACGTATGAAGT.1",7
"X1_GGTTAACGTCAACATC.1",8
"X1_GGTTAACGTCGCATGC.1",1000
"X1_GGTTAACGTGACAACG.1",8
"X1_GGTTAACGTGACCGAA.1",1000
"X1_GGTTAACGTGCAGGAT.1",8
"X1_GGTTAACGTGGCATCC.1",1000
"X1_GGTTAACGTTAATGAG.1",8
"X1_GGTTAACTCAACCTCC.1",7
"X1_GGTTAACTCAACTTTC.1",1000
"X1_GGTTAACTCCATCTCG.1",4
"X1_GGTTAACTCCGTCACT.1",5
"X1_GGTTAACTCGAACGGA.1",0
"X1_GGTTAACTCTGTGCTC.1",8
"X1_GGTTCTCAGAAGAGCA.1",8
"X1_GGTTCTCAGAATCGTA.1",8
"X1_GGTTCTCAGCATTGAA.1",3
"X1_GGTTCTCAGCCGATTT.1",7
"X1_GGTTCTCAGCTAGAAT.1",1000
"X1_GGTTCTCAGGTCCAGA.1",1
"X1_GGTTCTCAGGTCCGAA.1",7
"X1_GGTTCTCAGTTCATGC.1",4
"X1_GGTTCTCAGTTCCAGT.1",7
"X1_GGTTCTCCAAGCCATT.1",1000
"X1_GGTTCTCCAATACCTG.1",1000
"X1_GGTTCTCCACGACAAG.1",1000
"X1_GGTTCTCCACGCCAGT.1",1
"X1_GGTTCTCCACTCAAGT.1",4
"X1_GGTTCTCCAGCATGCC.1",5
"X1_GGTTCTCCAGGAATCG.1",8
"X1_GGTTCTCCAGGCATGA.1",7
"X1_GGTTCTCCAGGTAGTG.1",5
"X1_GGTTCTCCATCCAACA.1",8
"X1_GGTTCTCCATGACGTT.1",3
"X1_GGTTCTCGTAGGAAAG.1",7
"X1_GGTTCTCGTAGTAAGT.1",4
"X1_GGTTCTCGTATAGGGC.1",3
"X1_GGTTCTCGTATCAGGG.1",2
"X1_GGTTCTCGTCAAACGG.1",6
"X1_GGTTCTCGTCTGTCAA.1",2
"X1_GGTTCTCGTGAAAGTT.1",6
"X1_GGTTCTCGTGAACTAA.1",1
"X1_GGTTCTCGTGTTGCCG.1",1000
"X1_GGTTCTCGTTGTCTAG.1",1000
"X1_GGTTCTCGTTTGGAGG.1",6
"X1_GGTTCTCTCACCTTGC.1",3
"X1_GGTTCTCTCCCTCATG.1",4
"X1_GGTTCTCTCGAGGCAA.1",1
"X1_GGTTCTCTCGATAACC.1",8
"X1_GGTTCTCTCGATGCAT.1",4
"X1_GGTTCTCTCGCAGATT.1",8
"X1_GGTTCTCTCGGCATCG.1",7
"X1_GGTTCTCTCTCTCTTC.1",4
"X1_GGTTCTCTCTGAGGTT.1",7
"X1_GGTTGTAAGACATACA.1",4
"X1_GGTTGTAAGCCTGAGA.1",4
"X1_GGTTGTAAGCTATCCA.1",6
"X1_GGTTGTAAGGAAAGAC.1",4
"X1_GGTTGTAAGGAGATAG.1",1000
"X1_GGTTGTAAGGGACTGT.1",7
"X1_GGTTGTAAGGGAGGCA.1",8
"X1_GGTTGTAAGGTAAGTT.1",1000
"X1_GGTTGTAAGTGGTGGT.1",1000
"X1_GGTTGTACAGAAGCTG.1",4
"X1_GGTTGTACAGAGGTTG.1",1000
"X1_GGTTGTACATGGGTTT.1",8
"X1_GGTTGTACATTCACAG.1",1000
"X1_GGTTGTAGTATTGACC.1",2
"X1_GGTTGTAGTCTGTGCG.1",1000
"X1_GGTTGTAGTCTTTCTA.1",7
"X1_GGTTGTAGTGGGTTGA.1",3
"X1_GGTTGTAGTGTCTCCT.1",3
"X1_GGTTGTAGTGTTACAC.1",1000
"X1_GGTTGTAGTGTTGATC.1",3
"X1_GGTTGTATCAATCGGT.1",1000
"X1_GGTTGTATCACTTATC.1",7
"X1_GGTTGTATCCATATGG.1",0
"X1_GGTTGTATCCTTATGT.1",4
"X1_GGTTGTATCGTGCGAC.1",8
"X1_GTAACACAGAAACTAC.1",1
"X1_GTAACACAGAAGAGCA.1",1000
"X1_GTAACACAGATCCCAT.1",1000
"X1_GTAACACAGATGTTAG.1",1000
"X1_GTAACACAGCATCAGG.1",3
"X1_GTAACACAGCATCGAG.1",1000
"X1_GTAACACAGTCCCGAC.1",3
"X1_GTAACACCAACTTGGT.1",7
"X1_GTAACACCACGTTGGC.1",1000
"X1_GTAACACCACTCACTC.1",1000
"X1_GTAACACCAGGGCTTC.1",1000
"X1_GTAACACGTAGCTTGT.1",3
"X1_GTAACACGTCCAGCAC.1",6
"X1_GTAACACGTCGAAACG.1",0
"X1_GTAACACGTCGAATGG.1",4
"X1_GTAACACGTCTACACA.1",8
"X1_GTAACACGTGATAGAT.1",5
"X1_GTAACACGTTTACACG.1",1000
"X1_GTAACACTCAGCTTCC.1",4
"X1_GTAACACTCATTGCGA.1",1000
"X1_GTAACACTCCAGTGTA.1",4
"X1_GTAACACTCGCATGAT.1",4
"X1_GTAACACTCGGCTTCT.1",1
"X1_GTAACACTCGGTAACT.1",1000
"X1_GTAACACTCTCTCTTC.1",8
"X1_GTAACCAAGAATTGTG.1",0
"X1_GTAACCAAGACGAAGA.1",3
"X1_GTAACCAAGACTTCGT.1",4
"X1_GTAACCAAGATGCTGG.1",1000
"X1_GTAACCAAGATTAGCA.1",3
"X1_GTAACCAAGCACCCAC.1",8
"X1_GTAACCAAGGTTCCGC.1",1000
"X1_GTAACCAAGTAACGTA.1",2
"X1_GTAACCAAGTCTTGGT.1",1000
"X1_GTAACCAAGTTCAACC.1",4
"X1_GTAACCAAGTTGCATC.1",4
"X1_GTAACCACAAATCGGG.1",7
"X1_GTAACCACAACACGTT.1",8
"X1_GTAACCACAACGGTAG.1",7
"X1_GTAACCACACGCGCTA.1",1000
"X1_GTAACCACAGAACATA.1",1000
"X1_GTAACCACAGGATCTT.1",0
"X1_GTAACCACATGTTACG.1",0
"X1_GTAACCAGTATGCGTT.1",5
"X1_GTAACCAGTCTCAAGT.1",1000
"X1_GTAACCAGTGACTCTA.1",1000
"X1_GTAACCAGTTAAGACA.1",3
"X1_GTAACCAGTTCGGCGT.1",1000
"X1_GTAACCAGTTCTGAGT.1",8
"X1_GTAACCAGTTTCCAAG.1",6
"X1_GTAACCATCAAACCTG.1",8
"X1_GTAACCATCAACTACG.1",6
"X1_GTAACCATCAAGGTGG.1",0
"X1_GTAACCATCACTGATG.1",4
"X1_GTAACCATCATACGAC.1",1000
"X1_GTAACCATCATCGCAA.1",2
"X1_GTAACCATCATGGGAG.1",1000
"X1_GTAACCATCCACAAGT.1",7
"X1_GTAACCATCCGATCTC.1",4
"X1_GTAACCATCCGATGTA.1",5
"X1_GTAACCATCGATTGAC.1",1000
"X1_GTAACCATCGGTCTGG.1",7
"X1_GTAACCATCTTAGCAG.1",1000
"X1_GTAAGTCAGCAGGCAT.1",8
"X1_GTAAGTCAGCCTCGTG.1",3
"X1_GTAAGTCAGCTCCACG.1",4
"X1_GTAAGTCAGCTGAAGC.1",1000
"X1_GTAAGTCAGGCCTTGC.1",8
"X1_GTAAGTCAGGGTCACA.1",1000
"X1_GTAAGTCAGGTCGAGT.1",8
"X1_GTAAGTCAGGTGCCAA.1",1000
"X1_GTAAGTCAGGTTGGTG.1",1000
"X1_GTAAGTCAGTAGCAAT.1",1000
"X1_GTAAGTCAGTGGGAAA.1",6
"X1_GTAAGTCCAAAGGGTC.1",5
"X1_GTAAGTCCAATTCTCT.1",2
"X1_GTAAGTCCACTGCACG.1",8
"X1_GTAAGTCCACTGCTTC.1",2
"X1_GTAAGTCCAGTCACGC.1",7
"X1_GTAAGTCCATCGGAGA.1",2
"X1_GTAAGTCCATTGAGCT.1",4
"X1_GTAAGTCGTATACCCA.1",4
"X1_GTAAGTCGTGATTCAC.1",3
"X1_GTAAGTCGTGCAAGAC.1",2
"X1_GTAAGTCGTGCCTAAT.1",8
"X1_GTAAGTCGTTAGGGTG.1",0
"X1_GTAAGTCGTTGCGGCT.1",8
"X1_GTAAGTCTCAAACTGC.1",7
"X1_GTAAGTCTCATTTCGT.1",2
"X1_GTAAGTCTCCAGCTCT.1",7
"X1_GTAAGTCTCCGGCTTT.1",8
"X1_GTAAGTCTCCGGGACT.1",1000
"X1_GTAAGTCTCGACGAGA.1",6
"X1_GTAAGTCTCGATACGT.1",4
"X1_GTAAGTCTCGATGCTA.1",8
"X1_GTAAGTCTCGCTCCTA.1",4
"X1_GTAAGTCTCGTGAGAG.1",3
"X1_GTAAGTCTCTCTTCAA.1",1000
"X1_GTAAGTCTCTGCGGCA.1",3
"X1_GTAAGTCTCTGCTAGA.1",7
"X1_GTAAGTCTCTTCGACC.1",7
"X1_GTAATCGAGAAGAACG.1",1000
"X1_GTAATCGAGGAAGTCC.1",8
"X1_GTAATCGAGGATACCG.1",0
"X1_GTAATCGAGTAAACTG.1",2
"X1_GTAATCGAGTAGTCCT.1",7
"X1_GTAATCGCAACCGTGC.1",0
"X1_GTAATCGCACAGCATT.1",4
"X1_GTAATCGCACAGGATG.1",1000
"X1_GTAATCGCACCCAATA.1",1000
"X1_GTAATCGCAGGCTATT.1",1000
"X1_GTAATCGCAGGCTCTG.1",4
"X1_GTAATCGCATAGAATG.1",1000
"X1_GTAATCGCATCCGTTC.1",4
"X1_GTAATCGGTACTGCCG.1",7
"X1_GTAATCGGTCCAAGAG.1",1
"X1_GTAATCGGTCCGGCAT.1",8
"X1_GTAATCGGTCCTATAG.1",1000
"X1_GTAATCGGTGATAGAT.1",7
"X1_GTAATCGGTGCACAAG.1",1000
"X1_GTAATCGGTGTCCTAA.1",7
"X1_GTAATCGGTTACTCAG.1",6
"X1_GTAATCGGTTCCTAGA.1",8
"X1_GTAATCGGTTTCCAAG.1",4
"X1_GTAATCGTCAACACCA.1",1000
"X1_GTAATCGTCACAATGC.1",1
"X1_GTAATCGTCAGTGTGT.1",8
"X1_GTAATCGTCATGCCAA.1",6
"X1_GTAATCGTCCAATGCA.1",4
"X1_GTAATCGTCGCTGATA.1",8
"X1_GTAATGCAGATGCCGA.1",1000
"X1_GTAATGCAGCAAGGAA.1",5
"X1_GTAATGCAGCATCGAG.1",8
"X1_GTAATGCAGCCTATTG.1",1000
"X1_GTAATGCAGGATTCAA.1",8
"X1_GTAATGCAGGCGATAC.1",8
"X1_GTAATGCAGGTGTGAC.1",7
"X1_GTAATGCAGTCCCGAC.1",1000
"X1_GTAATGCAGTGTAGAT.1",1000
"X1_GTAATGCAGTTGCTGT.1",1000
"X1_GTAATGCCAAATTGCC.1",1
"X1_GTAATGCCAAGCAGGT.1",7
"X1_GTAATGCCAATCGCGC.1",3
"X1_GTAATGCCACAGCTGC.1",3
"X1_GTAATGCCACCGGCTA.1",7
"X1_GTAATGCCACTAAACC.1",8
"X1_GTAATGCCACTCTGCT.1",8
"X1_GTAATGCCAGACAATA.1",8
"X1_GTAATGCCAGCAGTCC.1",1
"X1_GTAATGCCAGTAGGAC.1",3
"X1_GTAATGCCATCAGTCA.1",7
"X1_GTAATGCGTAACACGG.1",4
"X1_GTAATGCGTAAGATCA.1",7
"X1_GTAATGCGTACGAGTG.1",1000
"X1_GTAATGCGTAGTATAG.1",0
"X1_GTAATGCGTCACTTCC.1",1000
"X1_GTAATGCGTCATCCCT.1",1
"X1_GTAATGCGTCGAACGA.1",4
"X1_GTAATGCGTGCTGCAC.1",1000
"X1_GTAATGCGTGGAAATT.1",1000
"X1_GTAATGCGTGTTTCTT.1",2
"X1_GTAATGCGTTAAGTCC.1",1000
"X1_GTAATGCTCAACTCTT.1",2
"X1_GTAATGCTCATGAGTC.1",2
"X1_GTAATGCTCGACGACC.1",1000
"X1_GTAATGCTCGCTCCTA.1",4
"X1_GTAATGCTCTCAGAAC.1",4
"X1_GTAATGCTCTCCTGAC.1",8
"X1_GTAATGCTCTCTGCTG.1",5
"X1_GTAATGCTCTGGGCGT.1",1000
"X1_GTACAACAGAAGTCAT.1",6
"X1_GTACAACAGACTACGG.1",1000
"X1_GTACAACAGGCGATAC.1",2
"X1_GTACAACAGGTAAGTT.1",4
"X1_GTACAACAGGTTTACC.1",1000
"X1_GTACAACAGTCATGGG.1",5
"X1_GTACAACAGTCTGGTT.1",1000
"X1_GTACAACAGTGAGCCA.1",1000
"X1_GTACAACAGTGCCTCG.1",4
"X1_GTACAACAGTGGTCAG.1",1000
"X1_GTACAACCAACTGTGT.1",1
"X1_GTACAACCAAGTTGGG.1",7
"X1_GTACAACCACATTCGA.1",8
"X1_GTACAACCACTCGATA.1",2
"X1_GTACAACCAGCCCACA.1",7
"X1_GTACAACCATCGAAGG.1",3
"X1_GTACAACCATCGAGCC.1",7
"X1_GTACAACGTATACGGG.1",7
"X1_GTACAACGTCACGTGC.1",8
"X1_GTACAACGTCGGTGAA.1",8
"X1_GTACAACGTCTCTCCA.1",8
"X1_GTACAACGTGAAAGTT.1",5
"X1_GTACAACGTGCGTCGT.1",7
"X1_GTACAACGTGCTGCAC.1",7
"X1_GTACAACGTGGAGGTT.1",8
"X1_GTACAACGTGTCCGTG.1",8
"X1_GTACAACGTTCTATCT.1",3
"X1_GTACAACGTTTAGACC.1",5
"X1_GTACAACTCAAAGAAC.1",8
"X1_GTACAACTCACAAGAA.1",1000
"X1_GTACAACTCACACCGG.1",1000
"X1_GTACAACTCCAGCCTT.1",4
"X1_GTACAACTCCGAGTGC.1",7
"X1_GTACAACTCCTGTTAT.1",8
"X1_GTACAACTCCTTCTTC.1",4
"X1_GTACAACTCTACTGCC.1",7
"X1_GTACAACTCTGGCTGG.1",7
"X1_GTACAACTCTGGTGCG.1",1000
"X1_GTACAGTAGAAACTGT.1",4
"X1_GTACAGTAGACTTCAC.1",1
"X1_GTACAGTAGCTAGCCC.1",3
"X1_GTACAGTAGGATGGCT.1",7
"X1_GTACAGTAGGGAGGGT.1",8
"X1_GTACAGTAGTCAACAA.1",3
"X1_GTACAGTAGTGTTGAA.1",8
"X1_GTACAGTCAAATGGTA.1",8
"X1_GTACAGTCAAATTGCC.1",7
"X1_GTACAGTCAAGTGGGT.1",2
"X1_GTACAGTCAATTTCTC.1",8
"X1_GTACAGTCACAAGTGG.1",5
"X1_GTACAGTCACAGCATT.1",1000
"X1_GTACAGTCAGAGGCTA.1",1000
"X1_GTACAGTCAGAGTCTT.1",1000
"X1_GTACAGTCAGATAAAC.1",7
"X1_GTACAGTCAGGCACAA.1",7
"X1_GTACAGTCAGTCGCAC.1",7
"X1_GTACAGTCAGTCGGTC.1",8
"X1_GTACAGTGTACAAACA.1",4
"X1_GTACAGTGTCAACGCC.1",8
"X1_GTACAGTGTCACAGAG.1",1000
"X1_GTACAGTGTCACTTAG.1",8
"X1_GTACAGTGTCGAACAG.1",1000
"X1_GTACAGTGTGCACGCT.1",2
"X1_GTACAGTGTTACTCAG.1",1000
"X1_GTACAGTGTTAGCTAC.1",8
"X1_GTACAGTGTTCCGGTG.1",8
"X1_GTACAGTGTTGCTGAT.1",6
"X1_GTACAGTGTTGGTAGG.1",1
"X1_GTACAGTGTTTGGGTT.1",1000
"X1_GTACAGTTCAATCCAG.1",7
"X1_GTACAGTTCACTCGAA.1",1000
"X1_GTACAGTTCAGCACCG.1",6
"X1_GTACAGTTCAGGACGA.1",1
"X1_GTACAGTTCAGGCGAA.1",8
"X1_GTACAGTTCCATCCGT.1",8
"X1_GTACAGTTCCGAAATC.1",7
"X1_GTACAGTTCCTCACCA.1",7
"X1_GTACAGTTCGACGACC.1",4
"X1_GTACAGTTCGAGTCTA.1",7
"X1_GTACAGTTCGAGTTGT.1",7
"X1_GTACAGTTCGCCAATA.1",3
"X1_GTACAGTTCGGACGTC.1",8
"X1_GTACAGTTCGGCACTG.1",1
"X1_GTACAGTTCGGTAGAG.1",3
"X1_GTACAGTTCTGGACCG.1",1
"X1_GTACAGTTCTGGCCTT.1",1000
"X1_GTAGAAAAGCCTCATA.1",5
"X1_GTAGAAAAGCGACTGA.1",7
"X1_GTAGAAAAGCGTGCCT.1",4
"X1_GTAGAAAAGGAAAGTG.1",3
"X1_GTAGAAAAGGATACAT.1",6
"X1_GTAGAAAAGGATATGT.1",4
"X1_GTAGAAACAACAAGAT.1",8
"X1_GTAGAAACAAGAATGT.1",1000
"X1_GTAGAAACACCAAATC.1",4
"X1_GTAGAAACACGGCACT.1",8
"X1_GTAGAAACAGATAAAC.1",6
"X1_GTAGAAACAGTAGAAT.1",1000
"X1_GTAGAAACATTCTCCG.1",6
"X1_GTAGAAAGTCATCCGG.1",1000
"X1_GTAGAAAGTCTCTCCA.1",5
"X1_GTAGAAAGTCTGTAAC.1",2
"X1_GTAGAAAGTGAATATG.1",5
"X1_GTAGAAAGTGCTCCGA.1",1000
"X1_GTAGAAAGTGGCTTAT.1",2
"X1_GTAGAAAGTGTTGCCG.1",1000
"X1_GTAGAAAGTTAGGGAC.1",8
"X1_GTAGAAATCAGTGATC.1",3
"X1_GTAGAAATCCATAGAC.1",8
"X1_GTAGAAATCCATTGGA.1",8
"X1_GTAGAAATCGTAGTCA.1",8
"X1_GTAGAGGAGAATTGTG.1",1000
"X1_GTAGAGGAGCCACCGT.1",4
"X1_GTAGAGGAGCGACCCT.1",1000
"X1_GTAGAGGAGGAAAGAC.1",3
"X1_GTAGAGGAGGGAGGGT.1",8
"X1_GTAGAGGAGGGTCACA.1",1000
"X1_GTAGAGGAGGTAGTCG.1",8
"X1_GTAGAGGAGGTCGACA.1",3
"X1_GTAGAGGAGTCATGAA.1",7
"X1_GTAGAGGAGTTGAAGT.1",8
"X1_GTAGAGGAGTTGTACC.1",8
"X1_GTAGAGGCAAAGGCGT.1",4
"X1_GTAGAGGCAACCCGCA.1",3
"X1_GTAGAGGCAAGGCTTT.1",7
"X1_GTAGAGGCAATAAGGT.1",8
"X1_GTAGAGGCACTAACCA.1",3
"X1_GTAGAGGCACTCCTTG.1",0
"X1_GTAGAGGCAGCGGTTC.1",4
"X1_GTAGAGGCAGGACGAT.1",7
"X1_GTAGAGGCAGTGTACT.1",7
"X1_GTAGAGGCATAGAAAC.1",7
"X1_GTAGAGGCATATGAAG.1",2
"X1_GTAGAGGCATCCGAGC.1",7
"X1_GTAGAGGCATGGCCAC.1",5
"X1_GTAGAGGCATTCTCTA.1",2
"X1_GTAGAGGGTCAGACTT.1",7
"X1_GTAGAGGGTCGTCGGT.1",1
"X1_GTAGAGGGTCTCTCCA.1",8
"X1_GTAGAGGGTGGTCTAT.1",1000
"X1_GTAGAGGTCAGCTCTC.1",8
"X1_GTAGAGGTCATACAGC.1",7
"X1_GTAGAGGTCCACAAGT.1",1000
"X1_GTAGATCAGACTTCCA.1",1000
"X1_GTAGATCAGAGGCGGA.1",7
"X1_GTAGATCAGCAGGCTA.1",8
"X1_GTAGATCAGCGTCGAA.1",5
"X1_GTAGATCAGCTACTAC.1",3
"X1_GTAGATCAGGAAGTGA.1",8
"X1_GTAGATCAGGCCTTCG.1",7
"X1_GTAGATCAGGGTGAGG.1",1000
"X1_GTAGATCCAAATGGAT.1",8
"X1_GTAGATCCAACCCGCA.1",5
"X1_GTAGATCCACTGTTCC.1",7
"X1_GTAGATCCAGACACAG.1",2
"X1_GTAGATCCAGAGGGTT.1",0
"X1_GTAGATCCAGCTGAAG.1",1
"X1_GTAGATCCATAATCGC.1",4
"X1_GTAGATCCATCAGCGC.1",8
"X1_GTAGATCGTAGCGATG.1",1000
"X1_GTAGATCGTATCTTCT.1",2
"X1_GTAGATCGTCACTACA.1",7
"X1_GTAGATCGTCTGTCCT.1",0
"X1_GTAGATCGTGACGCCT.1",1000
"X1_GTAGATCGTTTGCCGG.1",6
"X1_GTAGATCTCACACCGG.1",7
"X1_GTAGATCTCATGAGTC.1",5
"X1_GTAGATCTCATTCATC.1",8
"X1_GTAGATCTCCATCGTC.1",8
"X1_GTAGATCTCCGATCTC.1",1000
"X1_GTAGATCTCTAGTTCT.1",6
"X1_GTAGATCTCTGTCGTC.1",2
"X1_GTAGCTAAGACCATGG.1",1000
"X1_GTAGCTAAGGTGATAT.1",6
"X1_GTAGCTAAGGTTCATC.1",1000
"X1_GTAGCTAAGTGGTCAG.1",8
"X1_GTAGCTACAACTGCTA.1",7
"X1_GTAGCTACAAGATCCT.1",1000
"X1_GTAGCTACAAGGTCAG.1",7
"X1_GTAGCTACAATAGGGC.1",1
"X1_GTAGCTACAATCGCAT.1",5
"X1_GTAGCTACAATTTCGG.1",4
"X1_GTAGCTACAGATTAAG.1",1
"X1_GTAGCTACAGGGACTA.1",1
"X1_GTAGCTACAGGTTCCG.1",4
"X1_GTAGCTACAGTATACC.1",1000
"X1_GTAGCTACATAGAGGC.1",1000
"X1_GTAGCTAGTAGACGTG.1",4
"X1_GTAGCTAGTCACCGCA.1",1000
"X1_GTAGCTAGTTGCTCCT.1",1000
"X1_GTAGCTATCATCGCCT.1",7
"X1_GTAGCTATCCATAGGT.1",8
"X1_GTAGCTATCCGTAGGC.1",1000
"X1_GTAGCTATCCTATTGT.1",1000
"X1_GTAGCTATCCTGCTAC.1",1000
"X1_GTAGCTATCCTTGGAA.1",1
"X1_GTAGCTATCTGAGATC.1",7
"X1_GTAGCTATCTGGGCAC.1",7
"X1_GTAGGAGAGACTACGG.1",1
"X1_GTAGGAGAGACTTCCA.1",1000
"X1_GTAGGAGAGAGAGCCT.1",1
"X1_GTAGGAGAGAGTCTGG.1",3
"X1_GTAGGAGAGCAGCCTC.1",8
"X1_GTAGGAGAGCAGTACG.1",8
"X1_GTAGGAGAGCGTTAGG.1",7
"X1_GTAGGAGAGGTAGCCA.1",4
"X1_GTAGGAGAGGTGCTGA.1",4
"X1_GTAGGAGAGTAGACCG.1",1
"X1_GTAGGAGCAACCTAAC.1",7
"X1_GTAGGAGCAAGAGTTA.1",1000
"X1_GTAGGAGCAAGATGTA.1",4
"X1_GTAGGAGCACTGAGTT.1",1000
"X1_GTAGGAGCAGTGACCC.1",1000
"X1_GTAGGAGCATATCTCT.1",1000
"X1_GTAGGAGCATCAGCGC.1",1000
"X1_GTAGGAGCATCATTGG.1",1000
"X1_GTAGGAGCATGCACTA.1",2
"X1_GTAGGAGCATTCTCTA.1",2
"X1_GTAGGAGGTCAAGTTC.1",8
"X1_GTAGGAGGTCTTGAAC.1",7
"X1_GTAGGAGGTTACGATC.1",1
"X1_GTAGGAGGTTGCATTG.1",7
"X1_GTAGGAGGTTTACTGG.1",8
"X1_GTAGGAGGTTTGTGGT.1",1000
"X1_GTAGGAGTCAACGAGG.1",8
"X1_GTAGGAGTCATTGTGG.1",7
"X1_GTAGGAGTCGTGCATA.1",1000
"X1_GTAGGAGTCGTGGCGT.1",8
"X1_GTAGGAGTCTCGGGAC.1",7
"X1_GTAGGAGTCTTGGTCC.1",1000
"X1_GTAGGTTAGAACAGGA.1",1000
"X1_GTAGGTTAGAGGTTTA.1",6
"X1_GTAGGTTAGATCCGAG.1",4
"X1_GTAGGTTAGGATTACA.1",7
"X1_GTAGGTTAGGATTTAG.1",1000
"X1_GTAGGTTAGGCCTGCT.1",5
"X1_GTAGGTTAGGCTTCCG.1",1000
"X1_GTAGGTTAGGTTGTTC.1",1000
"X1_GTAGGTTAGTGCTACT.1",1
"X1_GTAGGTTCAAATGCGG.1",6
"X1_GTAGGTTCAAGCTACT.1",1000
"X1_GTAGGTTCAATGCAGG.1",1000
"X1_GTAGGTTCACAGAGAC.1",5
"X1_GTAGGTTCACCGGAAA.1",7
"X1_GTAGGTTCAGCGTATT.1",4
"X1_GTAGGTTCAGGACATG.1",8
"X1_GTAGGTTCAGGCGAAT.1",0
"X1_GTAGGTTCATACCATG.1",8
"X1_GTAGGTTCATAGAGGC.1",4
"X1_GTAGGTTCATATCTCT.1",1000
"X1_GTAGGTTCATCTCAAG.1",7
"X1_GTAGGTTCATGACACT.1",1000
"X1_GTAGGTTCATGGGATG.1",7
"X1_GTAGGTTGTACGTACT.1",1000
"X1_GTAGGTTGTACTCGTA.1",1000
"X1_GTAGGTTGTCCGTTTC.1",4
"X1_GTAGGTTGTCGAATTC.1",3
"X1_GTAGGTTGTCTAGATC.1",3
"X1_GTAGGTTGTGGCCCAT.1",7
"X1_GTAGGTTGTGTCGCTG.1",3
"X1_GTAGGTTGTTGTGCCG.1",6
"X1_GTAGGTTTCAAGCCAT.1",4
"X1_GTAGGTTTCACTGCTC.1",4
"X1_GTAGGTTTCATCCCGT.1",2
"X1_GTAGGTTTCCCGAGGT.1",1000
"X1_GTAGGTTTCCTCAGGG.1",3
"X1_GTAGGTTTCGACGACC.1",2
"X1_GTAGGTTTCGCTGTTC.1",1000
"X1_GTAGGTTTCTAGTTCT.1",8
"X1_GTAGGTTTCTCCCTAG.1",7
"X1_GTAGGTTTCTCCTGAC.1",0
"X1_GTAGTACAGAGAACCC.1",4
"X1_GTAGTACAGCCATGCC.1",1
"X1_GTAGTACAGCGTCGAA.1",1000
"X1_GTAGTACAGGGACACT.1",4
"X1_GTAGTACAGGTTCATC.1",0
"X1_GTAGTACCAAATTGGA.1",8
"X1_GTAGTACCAACGCATT.1",4
"X1_GTAGTACCACACTGGC.1",1000
"X1_GTAGTACCACAGAGAC.1",8
"X1_GTAGTACCACAGTACT.1",7
"X1_GTAGTACCACCAACAT.1",4
"X1_GTAGTACCAGACCCGT.1",7
"X1_GTAGTACCAGAGGTTG.1",8
"X1_GTAGTACCAGCGACAA.1",5
"X1_GTAGTACCATAGGAGC.1",3
"X1_GTAGTACGTAACCAGG.1",8
"X1_GTAGTACGTCTGTTAG.1",2
"X1_GTAGTACGTGAATTAG.1",1000
"X1_GTAGTACGTGCAGTGA.1",8
"X1_GTAGTACTCAGGAAAT.1",6
"X1_GTAGTACTCAGGTAAA.1",8
"X1_GTAGTACTCCACGTAA.1",4
"X1_GTAGTACTCCATTCAT.1",4
"X1_GTAGTACTCCCGTTCA.1",7
"X1_GTAGTACTCCGGCTTT.1",4
"X1_GTAGTACTCGTAACAC.1",0
"X1_GTAGTACTCTACTGCC.1",8
"X1_GTAGTACTCTGCGATA.1",8
"X1_GTATTGGAGAACTGAT.1",1000
"X1_GTATTGGCAAATGATG.1",7
"X1_GTATTGGCACCGCTAG.1",8
"X1_GTATTGGCAGCGTTTA.1",1000
"X1_GTATTGGCATACCATG.1",1000
"X1_GTATTGGCATCGGATT.1",5
"X1_GTATTGGCATGGAACG.1",3
"X1_GTATTGGGTAATCAGA.1",1000
"X1_GTATTGGGTAGCCCTG.1",1000
"X1_GTATTGGGTATGCGTT.1",0
"X1_GTATTGGGTCCGGACT.1",1000
"X1_GTATTGGGTCTTGAAC.1",7
"X1_GTATTGGGTGCAGTGA.1",8
"X1_GTATTGGGTGGAAGTC.1",1000
"X1_GTATTGGGTGGCTCTG.1",8
"X1_GTATTGGGTGTCCCTT.1",7
"X1_GTATTGGGTTACACAC.1",6
"X1_GTATTGGGTTAGAGTA.1",6
"X1_GTATTGGGTTATGTGC.1",4
"X1_GTATTGGGTTTGCAGT.1",8
"X1_GTATTGGTCAGGACGA.1",1000
"X1_GTATTGGTCATATGGC.1",1000
"X1_GTATTGGTCATGCAGT.1",1000
"X1_GTATTGGTCCAGCAAT.1",4
"X1_GTATTGGTCCATCACC.1",1000
"X1_GTATTGGTCCGATCTC.1",1000
"X1_GTATTGGTCGACATTG.1",3
"X1_GTATTTCAGAACCCGA.1",1
"X1_GTATTTCAGGAAAGTG.1",1000
"X1_GTATTTCAGGATTACA.1",1
"X1_GTATTTCAGGCTAGCA.1",4
"X1_GTATTTCAGGGCAAGG.1",4
"X1_GTATTTCAGGTTACCT.1",1
"X1_GTATTTCAGTATTCCG.1",0
"X1_GTATTTCAGTGAGGCT.1",6
"X1_GTATTTCAGTGGTGGT.1",1000
"X1_GTATTTCAGTTCCATG.1",7
"X1_GTATTTCAGTTGCCCG.1",1000
"X1_GTATTTCCAAAGGCTG.1",7
"X1_GTATTTCCAAATGGAT.1",6
"X1_GTATTTCCACACACGC.1",1000
"X1_GTATTTCCACGGCACT.1",1000
"X1_GTATTTCCACTATGTG.1",8
"X1_GTATTTCCACTGGCGT.1",4
"X1_GTATTTCCACTTGGCG.1",1000
"X1_GTATTTCCAGCTTTCC.1",1000
"X1_GTATTTCCAGGGAGAG.1",7
"X1_GTATTTCCAGGTCCCA.1",3
"X1_GTATTTCCAGTGTACT.1",1000
"X1_GTATTTCCATACAGCT.1",1
"X1_GTATTTCCATCGATCA.1",8
"X1_GTATTTCCATGGTACT.1",1000
"X1_GTATTTCGTAACCAGG.1",7
"X1_GTATTTCGTATCCCTC.1",3
"X1_GTATTTCGTATCTCTT.1",1000
"X1_GTATTTCGTCGCACAC.1",2
"X1_GTATTTCGTCGCAGTC.1",7
"X1_GTATTTCGTCTTAGTG.1",7
"X1_GTATTTCGTGACACGA.1",1000
"X1_GTATTTCGTGAGATTA.1",1000
"X1_GTATTTCGTGAGTGAC.1",4
"X1_GTATTTCGTGCCCTTT.1",4
"X1_GTATTTCGTGGCTGCT.1",1000
"X1_GTATTTCGTTGCCAAT.1",1000
"X1_GTATTTCTCATGCCCT.1",5
"X1_GTATTTCTCCGATCGG.1",4
"X1_GTATTTCTCGCTCTAC.1",0
"X1_GTATTTCTCGTACCTC.1",6
"X1_GTCAAACAGAAGGGAT.1",3
"X1_GTCAAACAGAGGTATT.1",2
"X1_GTCAAACAGGCCTAAG.1",8
"X1_GTCAAACAGGCGTTAG.1",7
"X1_GTCAAACAGTTGGACG.1",4
"X1_GTCAAACCAACGAGGT.1",7
"X1_GTCAAACCAATCTAGC.1",1000
"X1_GTCAAACCACAACGTT.1",3
"X1_GTCAAACCACCTGATA.1",8
"X1_GTCAAACCACTAACCA.1",4
"X1_GTCAAACCAGAAATCA.1",1000
"X1_GTCAAACCAGCGACAA.1",8
"X1_GTCAAACCAGGGAGAG.1",3
"X1_GTCAAACCAGGTGAGT.1",2
"X1_GTCAAACCATCCGAGC.1",7
"X1_GTCAAACGTACCGGCT.1",1000
"X1_GTCAAACGTATGAAGT.1",0
"X1_GTCAAACGTCACGTGC.1",6
"X1_GTCAAACGTCTAATCG.1",0
"X1_GTCAAACGTCTCAAGT.1",2
"X1_GTCAAACGTCTTGAGT.1",1000
"X1_GTCAAACGTGCGCTCA.1",1000
"X1_GTCAAACGTGTCCCTT.1",0
"X1_GTCAAACGTTACCTGA.1",1000
"X1_GTCAAACGTTACTCAG.1",4
"X1_GTCAAACGTTCAAAGA.1",8
"X1_GTCAAACGTTCGGTAT.1",4
"X1_GTCAAACGTTGCCGCA.1",1000
"X1_GTCAAACGTTTACCAG.1",4
"X1_GTCAAACGTTTAGACC.1",7
"X1_GTCAAACGTTTCGTTT.1",1000
"X1_GTCAAACTCAGGACGA.1",8
"X1_GTCAAACTCATGAAAG.1",2
"X1_GTCAAACTCCTTTAGT.1",0
"X1_GTCAAACTCTCTAGGA.1",4
"X1_GTCAAACTCTTTGGAG.1",7
"X1_GTCAAGTAGACGGTCA.1",7
"X1_GTCAAGTAGAGAGCGG.1",6
"X1_GTCAAGTAGAGGATCC.1",7
"X1_GTCAAGTAGCACTCTA.1",7
"X1_GTCAAGTAGCTATCTG.1",2
"X1_GTCAAGTAGGGCCAAT.1",7
"X1_GTCAAGTAGGTGCTAG.1",3
"X1_GTCAAGTAGTCTTCCC.1",8
"X1_GTCAAGTCAAAGGATT.1",8
"X1_GTCAAGTCAATCCTAG.1",8
"X1_GTCAAGTCACAGCTGC.1",3
"X1_GTCAAGTCACGTATAC.1",7
"X1_GTCAAGTCACTAACGT.1",8
"X1_GTCAAGTCACTGGACC.1",1000
"X1_GTCAAGTCACTTCCTG.1",3
"X1_GTCAAGTCATACACCA.1",4
"X1_GTCAAGTCATACTGAC.1",1000
"X1_GTCAAGTCATCAGTGT.1",5
"X1_GTCAAGTCATTGGGAG.1",1
"X1_GTCAAGTGTAACACGG.1",8
"X1_GTCAAGTGTAGCTGTT.1",7
"X1_GTCAAGTGTCCCTCAT.1",6
"X1_GTCAAGTGTCCGTACG.1",7
"X1_GTCAAGTGTCTACAGT.1",1
"X1_GTCAAGTGTTATCTGG.1",1000
"X1_GTCAAGTGTTGCAAGG.1",5
"X1_GTCAAGTTCAGACATC.1",8
"X1_GTCAAGTTCAGGTGTT.1",1000
"X1_GTCAAGTTCCGCCTAT.1",8
"X1_GTCAAGTTCGAGTGGA.1",4
"X1_GTCAAGTTCGGCATTA.1",0
"X1_GTCACGGAGACCGTTT.1",8
"X1_GTCACGGAGACTTCCA.1",1000
"X1_GTCACGGAGATTGAGT.1",1000
"X1_GTCACGGAGCTAGCCC.1",1
"X1_GTCACGGAGGGTAATT.1",8
"X1_GTCACGGAGGTACCTT.1",8
"X1_GTCACGGAGGTAGACC.1",2
"X1_GTCACGGAGTGGAAAG.1",6
"X1_GTCACGGCAACCAACT.1",8
"X1_GTCACGGCAAGGAGTC.1",3
"X1_GTCACGGCAATGCTCA.1",5
"X1_GTCACGGCAATTGAAG.1",6
"X1_GTCACGGCACACAGAG.1",8
"X1_GTCACGGCACGGTAGA.1",1000
"X1_GTCACGGCACTGCTTC.1",4
"X1_GTCACGGCAGGCAATG.1",8
"X1_GTCACGGCAGGCATTT.1",1000
"X1_GTCACGGCATCCAACA.1",1000
"X1_GTCACGGGTACTCGCG.1",1000
"X1_GTCACGGGTCCGGCAT.1",5
"X1_GTCACGGGTCCTCCTA.1",1000
"X1_GTCACGGGTCGTTCAA.1",8
"X1_GTCACGGGTTCAAACC.1",7
"X1_GTCACGGGTTCGTAAC.1",1000
"X1_GTCACGGTCAAGTTGC.1",7
"X1_GTCACGGTCACTCTTA.1",8
"X1_GTCACGGTCATGACAC.1",1000
"X1_GTCACGGTCATTGGTG.1",5
"X1_GTCACGGTCCCACAGG.1",7
"X1_GTCACGGTCCGATCGG.1",7
"X1_GTCACGGTCCGGCAGT.1",1
"X1_GTCACGGTCTGGCCTT.1",3
"X1_GTCACGGTCTGTCGTC.1",5
"X1_GTCACGGTCTTGAGCA.1",1000
"X1_GTCACTCAGACATCCT.1",8
"X1_GTCACTCAGATGCCGA.1",8
"X1_GTCACTCAGGTCATTC.1",6
"X1_GTCACTCAGTAGTCAA.1",2
"X1_GTCACTCCAATAACGA.1",2
"X1_GTCACTCCAGCTGTCG.1",8
"X1_GTCACTCCATCGCTGG.1",7
"X1_GTCACTCGTAACCAGG.1",1
"X1_GTCACTCGTACCCGAC.1",2
"X1_GTCACTCGTCAAGCCC.1",3
"X1_GTCACTCGTCACGTGC.1",1000
"X1_GTCACTCGTGACACGA.1",1000
"X1_GTCACTCGTGCGGCTT.1",1000
"X1_GTCACTCGTGGTCCCA.1",1000
"X1_GTCACTCGTGTCCACG.1",4
"X1_GTCACTCGTTACCCAA.1",8
"X1_GTCACTCGTTCTGACA.1",7
"X1_GTCACTCGTTGCTGAT.1",2
"X1_GTCACTCTCAACACGT.1",5
"X1_GTCACTCTCATAGAGA.1",1000
"X1_GTCACTCTCATTTACC.1",4
"X1_GTCACTCTCCCTGTTG.1",1000
"X1_GTCACTCTCCGCGAGT.1",1000
"X1_GTCACTCTCGACATAC.1",8
"X1_GTCACTCTCGAGTCTA.1",8
"X1_GTCACTCTCTGGTGGC.1",1000
"X1_GTCAGCGAGATGACCG.1",8
"X1_GTCAGCGAGATGCTTC.1",7
"X1_GTCAGCGAGGGCGAGA.1",1000
"X1_GTCAGCGAGGTTGCCC.1",4
"X1_GTCAGCGAGTAAACTG.1",6
"X1_GTCAGCGAGTCACGAG.1",5
"X1_GTCAGCGAGTTGGCGA.1",7
"X1_GTCAGCGCACCCAATA.1",3
"X1_GTCAGCGCAGCTGGTC.1",7
"X1_GTCAGCGCATAGGCGA.1",1
"X1_GTCAGCGCATCATCTT.1",0
"X1_GTCAGCGCATCGAAGG.1",1000
"X1_GTCAGCGCATTGAAAG.1",2
"X1_GTCAGCGGTCCAGGTC.1",1
"X1_GTCAGCGGTGTATACC.1",8
"X1_GTCAGCGGTTAATGAG.1",1000
"X1_GTCAGCGGTTGCAAGG.1",3
"X1_GTCAGCGGTTTATGCG.1",4
"X1_GTCAGCGTCACCACAA.1",3
"X1_GTCAGCGTCAGACAAA.1",1000
"X1_GTCAGCGTCATCGCAA.1",1000
"X1_GTCAGCGTCATTCTTG.1",8
"X1_GTCAGCGTCCACGTAA.1",7
"X1_GTCAGCGTCGCACGAC.1",4
"X1_GTCAGCGTCGCTAAAC.1",8
"X1_GTCAGCGTCTAGACCA.1",5
"X1_GTCAGCGTCTGTGCGG.1",8
"X1_GTCATCCAGAATCGAT.1",4
"X1_GTCATCCAGACACACG.1",1000
"X1_GTCATCCAGATAGGGA.1",3
"X1_GTCATCCAGATTCGCT.1",2
"X1_GTCATCCAGCACCCAC.1",4
"X1_GTCATCCAGCAGTAAT.1",8
"X1_GTCATCCAGCCAGAGT.1",0
"X1_GTCATCCAGCGACTTT.1",7
"X1_GTCATCCAGGAAAGGT.1",8
"X1_GTCATCCAGGAGGCAG.1",5
"X1_GTCATCCAGTACAGCG.1",1000
"X1_GTCATCCAGTGGTCAG.1",8
"X1_GTCATCCCAAATGAAC.1",1000
"X1_GTCATCCCAACTTCTT.1",5
"X1_GTCATCCCAAGAGGCT.1",1000
"X1_GTCATCCCACACACTA.1",1000
"X1_GTCATCCCACCCAAGC.1",5
"X1_GTCATCCCACGGTAGA.1",8
"X1_GTCATCCCAGACGATG.1",8
"X1_GTCATCCCAGGTCAAG.1",7
"X1_GTCATCCCAGGTGACA.1",1000
"X1_GTCATCCCAGTTTGGT.1",4
"X1_GTCATCCCATCCGCGA.1",7
"X1_GTCATCCCATGCTGCG.1",1000
"X1_GTCATCCGTAAGATTG.1",6
"X1_GTCATCCGTACGATGG.1",1000
"X1_GTCATCCGTACTGCGC.1",4
"X1_GTCATCCGTAGAGGAA.1",8
"X1_GTCATCCGTAGTGCGA.1",3
"X1_GTCATCCGTCGCATTA.1",5
"X1_GTCATCCGTGAGTCAG.1",1000
"X1_GTCATCCGTGATAGAT.1",7
"X1_GTCATCCGTTCAATCG.1",4
"X1_GTCATCCGTTGCTCAA.1",8
"X1_GTCATCCTCACCGGTG.1",1000
"X1_GTCATCCTCAGTGATC.1",5
"X1_GTCATCCTCATGGAGG.1",4
"X1_GTCATCCTCATTACCT.1",4
"X1_GTCATCCTCCAATCCC.1",8
"X1_GTCATCCTCCATTGGA.1",1000
"X1_GTCATGAAGAAACTCA.1",1000
"X1_GTCATGAAGATGATTG.1",1000
"X1_GTCATGAAGCACGATG.1",8
"X1_GTCATGAAGCGGACAT.1",1000
"X1_GTCATGAAGCTAGAAT.1",7
"X1_GTCATGAAGGAAAGAC.1",1000
"X1_GTCATGAAGGAGATAG.1",3
"X1_GTCATGAAGTATAGAC.1",6
"X1_GTCATGAAGTGCCAGA.1",3
"X1_GTCATGACAACGATTC.1",2
"X1_GTCATGACAATACCCA.1",4
"X1_GTCATGACACCCTGTT.1",4
"X1_GTCATGACACCGCTAG.1",1000
"X1_GTCATGACAGAGGACT.1",4
"X1_GTCATGACAGCCCAGT.1",2
"X1_GTCATGACAGTCCGTG.1",8
"X1_GTCATGACATATCTGG.1",4
"X1_GTCATGACATGACTCA.1",4
"X1_GTCATGACATGAGTAA.1",1000
"X1_GTCATGACATGCCGAC.1",0
"X1_GTCATGAGTACGATTC.1",1000
"X1_GTCATGAGTCCGGATC.1",1000
"X1_GTCATGAGTGAATAAC.1",1000
"X1_GTCATGAGTGCAGTGA.1",1000
"X1_GTCATGAGTGCCGGTT.1",1000
"X1_GTCATGAGTTCCGTTC.1",5
"X1_GTCATGATCCATTGCC.1",6
"X1_GTCATGATCCGTATAG.1",8
"X1_GTCATGATCGAGAAGC.1",8
"X1_GTCATGATCGTCTCAC.1",7
"X1_GTCATGATCTGTGCAA.1",2
"X1_GTCATTTAGCCTGAAG.1",0
"X1_GTCATTTAGCTGACTT.1",8
"X1_GTCATTTAGGAGATAG.1",5
"X1_GTCATTTAGGCGAACT.1",7
"X1_GTCATTTAGGTGTGAC.1",3
"X1_GTCATTTAGGTTGCCC.1",3
"X1_GTCATTTAGTATCTGC.1",1
"X1_GTCATTTCACTATCCC.1",7
"X1_GTCATTTCACTCCTTG.1",8
"X1_GTCATTTCACTGGATT.1",1
"X1_GTCATTTCACTGTGAT.1",7
"X1_GTCATTTCAGATTTCG.1",4
"X1_GTCATTTCAGGTCCGT.1",8
"X1_GTCATTTCATAATCCG.1",7
"X1_GTCATTTCATGACTTG.1",8
"X1_GTCATTTGTAGATCCT.1",6
"X1_GTCATTTGTAGTCACT.1",8
"X1_GTCATTTGTATGCTTG.1",1000
"X1_GTCATTTGTCTTGTCC.1",8
"X1_GTCATTTGTGGAAGTC.1",1000
"X1_GTCATTTGTGGTATGG.1",7
"X1_GTCATTTGTGTATTGC.1",2
"X1_GTCATTTTCATATGGC.1",2
"X1_GTCATTTTCCTTACCG.1",8
"X1_GTCATTTTCGAACGCC.1",8
"X1_GTCATTTTCGGCTGGT.1",7
"X1_GTCATTTTCGTTAGAC.1",7
"X1_GTCATTTTCTGAATCG.1",2
"X1_GTCATTTTCTGGCCGA.1",8
"X1_GTCATTTTCTGGTGGC.1",4
"X1_GTCATTTTCTTGAGCA.1",1000
"X1_GTCATTTTCTTGTGCC.1",8
"X1_GTCCACTAGAAACTGT.1",6
"X1_GTCCACTAGAGGGCGA.1",1000
"X1_GTCCACTAGGTAGGCT.1",7
"X1_GTCCACTAGTAATACG.1",7
"X1_GTCCACTAGTATGATG.1",4
"X1_GTCCACTAGTCGGGAT.1",1000
"X1_GTCCACTCAAGTGGGT.1",6
"X1_GTCCACTCACCCTATC.1",7
"X1_GTCCACTCAGGTAGTG.1",7
"X1_GTCCACTCATCCGGTG.1",3
"X1_GTCCACTCATCGTGGC.1",1000
"X1_GTCCACTCATGAGATA.1",3
"X1_GTCCACTGTACCCAGC.1",8
"X1_GTCCACTGTAGGCTGA.1",1000
"X1_GTCCACTGTATCACGT.1",1000
"X1_GTCCACTGTATGCTAC.1",1000
"X1_GTCCACTGTCCATACA.1",7
"X1_GTCCACTGTGCTTATG.1",3
"X1_GTCCACTGTGCTTCAA.1",1000
"X1_GTCCACTGTTAGGGTG.1",7
"X1_GTCCACTGTTGGTGTT.1",8
"X1_GTCCACTTCAAGGCTT.1",2
"X1_GTCCACTTCCCTATTA.1",1000
"X1_GTCCACTTCCTTGAAG.1",1000
"X1_GTCCACTTCGGTAAGG.1",8
"X1_GTCCACTTCTCAAAGC.1",5
"X1_GTCCCATAGACTGAGC.1",3
"X1_GTCCCATAGAGAATCT.1",4
"X1_GTCCCATAGATACCAA.1",8
"X1_GTCCCATAGCCTCTCT.1",3
"X1_GTCCCATAGCTGAGTG.1",1
"X1_GTCCCATAGGACAACC.1",7
"X1_GTCCCATAGGATTCAA.1",4
"X1_GTCCCATAGTATGCAA.1",6
"X1_GTCCCATAGTCAAGCG.1",1
"X1_GTCCCATCAACTGCCG.1",3
"X1_GTCCCATCAAGGCTTT.1",7
"X1_GTCCCATCAAGTATCC.1",6
"X1_GTCCCATCAATACGAA.1",8
"X1_GTCCCATCACAGTATC.1",8
"X1_GTCCCATCAGAGCGTA.1",8
"X1_GTCCCATCATGGGAAC.1",7
"X1_GTCCCATCATTGGCAT.1",1000
"X1_GTCCCATGTAGACACG.1",7
"X1_GTCCCATGTAGATCGG.1",8
"X1_GTCCCATGTCATCTAG.1",0
"X1_GTCCCATGTCATGGCC.1",5
"X1_GTCCCATGTGGTTCTA.1",3
"X1_GTCCCATTCCCATAGA.1",3
"X1_GTCCCATTCCGCTTAC.1",7
"X1_GTCCCATTCCGTGGTG.1",1
"X1_GTCCCATTCCTCTAAT.1",5
"X1_GTCCCATTCGTAGTCA.1",2
"X1_GTCCCATTCTAGCCAA.1",8
"X1_GTCCCATTCTTCACGC.1",7
"X1_GTCCTCAAGACGGTCA.1",1
"X1_GTCCTCAAGAGTCGAC.1",1000
"X1_GTCCTCAAGCCGTTAT.1",4
"X1_GTCCTCAAGTCTTCCC.1",1000
"X1_GTCCTCACAGCGATTT.1",5
"X1_GTCCTCACAGTCGGTC.1",7
"X1_GTCCTCACAGTCTGGC.1",0
"X1_GTCCTCACATCGTTCC.1",4
"X1_GTCCTCAGTAGGGTAC.1",8
"X1_GTCCTCAGTCACAGAG.1",3
"X1_GTCCTCAGTCAGTCGC.1",1000
"X1_GTCCTCAGTCCAGCCA.1",7
"X1_GTCCTCAGTCCATAGT.1",7
"X1_GTCCTCAGTGAGACCA.1",3
"X1_GTCCTCAGTGAGACGT.1",5
"X1_GTCCTCAGTGAGTTTC.1",1000
"X1_GTCCTCAGTGTATACC.1",1000
"X1_GTCCTCAGTGTCTTCC.1",8
"X1_GTCCTCAGTGTTTACG.1",5
"X1_GTCCTCAGTTAGAGTA.1",5
"X1_GTCCTCAGTTCAACGT.1",1000
"X1_GTCCTCATCAAGGAGC.1",6
"X1_GTCCTCATCAAGTAAG.1",1000
"X1_GTCCTCATCAAGTGGG.1",3
"X1_GTCCTCATCACCTGTC.1",7
"X1_GTCCTCATCATGAGAA.1",8
"X1_GTCCTCATCCAAGGGA.1",1000
"X1_GTCCTCATCCCGTAAA.1",7
"X1_GTCCTCATCGGTTGTA.1",4
"X1_GTCCTCATCTACGCAA.1",8
"X1_GTCCTCATCTAGGAAA.1",7
"X1_GTCCTCATCTAGGCAT.1",3
"X1_GTCCTCATCTCCATAT.1",7
"X1_GTCCTCATCTCTTCAA.1",7
"X1_GTCCTCATCTTCCACG.1",1000
"X1_GTCGAATAGAAGCCAC.1",8
"X1_GTCGAATAGCAACAAT.1",3
"X1_GTCGAATAGCTAATGA.1",0
"X1_GTCGAATAGGATACAT.1",7
"X1_GTCGAATAGTAACAGT.1",8
"X1_GTCGAATAGTACTGTC.1",7
"X1_GTCGAATAGTAGAATC.1",1
"X1_GTCGAATAGTCTTCCC.1",7
"X1_GTCGAATCAAATGGTA.1",1000
"X1_GTCGAATCAACTCATG.1",4
"X1_GTCGAATCAAGCCATT.1",3
"X1_GTCGAATCAAGGTTGG.1",8
"X1_GTCGAATCACAAATCC.1",1000
"X1_GTCGAATCACATATCG.1",4
"X1_GTCGAATCATGACCCG.1",3
"X1_GTCGAATCATTGACCA.1",1000
"X1_GTCGAATGTCCCGTGA.1",5
"X1_GTCGAATGTCCTGAAT.1",4
"X1_GTCGAATGTCTCTCTG.1",8
"X1_GTCGAATGTTCACCGG.1",6
"X1_GTCGAATGTTCTCGTC.1",1000
"X1_GTCGAATGTTGCAACT.1",4
"X1_GTCGAATGTTGGCTAT.1",7
"X1_GTCGAATTCAAAGAAC.1",1000
"X1_GTCGAATTCATATGGC.1",7
"X1_GTCGAATTCATCGCTC.1",8
"X1_GTCGAATTCATTTGTC.1",6
"X1_GTCGAATTCCACACCT.1",3
"X1_GTCGAATTCCCGGTAG.1",7
"X1_GTCGAATTCCCGTTCA.1",3
"X1_GTCGAATTCCGTAATG.1",1000
"X1_GTCGAATTCCGTGGTG.1",4
"X1_GTCGAATTCCTCTAGC.1",2
"X1_GTCGAATTCGCCTCTA.1",1000
"X1_GTCGAATTCGTCAACA.1",6
"X1_GTCGAATTCGTGGGAA.1",8
"X1_GTCGAATTCTTCCCGA.1",8
"X1_GTCGAATTCTTTACAC.1",7
"X1_GTCGCGAAGATTAGTG.1",1000
"X1_GTCGCGAAGCTTCTAG.1",8
"X1_GTCGCGAAGGAAACGA.1",8
"X1_GTCGCGAAGGAGTATT.1",1000
"X1_GTCGCGAAGGATTCAA.1",4
"X1_GTCGCGAAGGTACATA.1",8
"X1_GTCGCGAAGTGGTTGG.1",8
"X1_GTCGCGACACAAGCTT.1",5
"X1_GTCGCGACACAGTGTT.1",8
"X1_GTCGCGACACCATAAC.1",4
"X1_GTCGCGACACCCATAA.1",7
"X1_GTCGCGACAGGCATTT.1",1000
"X1_GTCGCGACATGAGAAT.1",1
"X1_GTCGCGACATTATGCG.1",7
"X1_GTCGCGAGTAACACCT.1",7
"X1_GTCGCGAGTATGTCAC.1",1000
"X1_GTCGCGAGTCAAACGG.1",2
"X1_GTCGCGAGTCACCGAC.1",3
"X1_GTCGCGAGTCATCGCG.1",2
"X1_GTCGCGAGTCTCAGGC.1",1000
"X1_GTCGCGAGTCTGCATA.1",4
"X1_GTCGCGAGTGACAGCA.1",1000
"X1_GTCGCGAGTTGCACGC.1",5
"X1_GTCGCGAGTTTCCAAG.1",7
"X1_GTCGCGATCAACGTGT.1",8
"X1_GTCGCGATCCCAGGAC.1",4
"X1_GTCGCGATCGACGATT.1",1000
"X1_GTCGCGATCGCGCCAA.1",8
"X1_GTCGCGATCGGCCCAA.1",8
"X1_GTCGCGATCGGTCATA.1",7
"X1_GTCGCGATCGGTGCAC.1",7
"X1_GTCGCGATCTGAGCAT.1",1000
"X1_GTCGCGATCTTAGCCC.1",4
"X1_GTCGTAAAGAGGGTGG.1",4
"X1_GTCGTAAAGCAATAAC.1",4
"X1_GTCGTAAAGTACAGAT.1",1000
"X1_GTCGTAAAGTGATTCC.1",1000
"X1_GTCGTAACAAACACCT.1",8
"X1_GTCGTAACAACGCATT.1",7
"X1_GTCGTAACAACTCATG.1",2
"X1_GTCGTAACAACTGATC.1",7
"X1_GTCGTAACAAGGGTCA.1",4
"X1_GTCGTAACAATCAGCT.1",4
"X1_GTCGTAACACCATTCC.1",7
"X1_GTCGTAACACCTCAGG.1",1000
"X1_GTCGTAACACGGGCTT.1",3
"X1_GTCGTAACAGCTGAGA.1",7
"X1_GTCGTAACAGGTATGG.1",4
"X1_GTCGTAACATAGTCGT.1",8
"X1_GTCGTAACATATCTGG.1",1000
"X1_GTCGTAAGTCCGACGT.1",1000
"X1_GTCGTAAGTCGATTAC.1",3
"X1_GTCGTAAGTCGGCTAC.1",1000
"X1_GTCGTAAGTCTCAAGT.1",1000
"X1_GTCGTAAGTTGATCGT.1",4
"X1_GTCGTAAGTTGATGTC.1",4
"X1_GTCGTAAGTTTACTGG.1",3
"X1_GTCGTAATCAAAGACA.1",2
"X1_GTCGTAATCACCATAG.1",8
"X1_GTCGTAATCACGGAGA.1",8
"X1_GTCGTAATCATCACAG.1",1000
"X1_GTCGTAATCCCGATCT.1",1000
"X1_GTCGTAATCCGTGTCT.1",7
"X1_GTCGTAATCCGTTTCG.1",7
"X1_GTCGTAATCGATTGGT.1",8
"X1_GTCGTAATCGCGTTTC.1",8
"X1_GTCGTAATCGTTACCC.1",1000
"X1_GTCGTAATCTGCAGCG.1",8
"X1_GTCGTTCAGAGATGCC.1",2
"X1_GTCGTTCAGATTACCC.1",3
"X1_GTCGTTCAGATTAGAC.1",7
"X1_GTCGTTCAGCACTTTG.1",8
"X1_GTCGTTCAGGAGCTGT.1",4
"X1_GTCGTTCAGGATGGCT.1",1000
"X1_GTCGTTCAGGGAGGAC.1",4
"X1_GTCGTTCAGGTTGCCC.1",8
"X1_GTCGTTCAGTCGAGGT.1",4
"X1_GTCGTTCAGTTTCTTC.1",4
"X1_GTCGTTCCAAATGGTA.1",1000
"X1_GTCGTTCCACAAGCAG.1",8
"X1_GTCGTTCCAGCTGAAG.1",1000
"X1_GTCGTTCCATTGGCAT.1",5
"X1_GTCGTTCGTACCAATC.1",1000
"X1_GTCGTTCGTCGCTTAA.1",5
"X1_GTCGTTCGTGCTTCAA.1",4
"X1_GTCGTTCGTTTCGACA.1",7
"X1_GTCGTTCTCACACGAT.1",1000
"X1_GTCGTTCTCAGACAAA.1",1000
"X1_GTCGTTCTCAGACTGT.1",4
"X1_GTCGTTCTCAGGGTAG.1",7
"X1_GTCGTTCTCCGATAAC.1",7
"X1_GTCGTTCTCCTCTAAT.1",8
"X1_GTCGTTCTCGCCGTGA.1",4
"X1_GTCGTTCTCGGTCGAC.1",4
"X1_GTCGTTCTCGTGGAAG.1",7
"X1_GTCGTTCTCTCGTCAC.1",7
"X1_GTCGTTCTCTTTGCAT.1",1000
"X1_GTCTACCAGAGCCATG.1",1000
"X1_GTCTACCAGAGGGTGG.1",8
"X1_GTCTACCAGAGTCCGA.1",3
"X1_GTCTACCAGCACTCAT.1",7
"X1_GTCTACCAGCATTTCG.1",8
"X1_GTCTACCAGCCAGACA.1",7
"X1_GTCTACCAGGTACAGC.1",1000
"X1_GTCTACCAGTCGGGAT.1",1000
"X1_GTCTACCCAAACGGCA.1",8
"X1_GTCTACCCAAGAAACT.1",3
"X1_GTCTACCCAAGATGTA.1",1000
"X1_GTCTACCCAAGCACCC.1",8
"X1_GTCTACCCAATTGCCA.1",8
"X1_GTCTACCCACAAGCAG.1",8
"X1_GTCTACCCACTTACAG.1",5
"X1_GTCTACCCAGAACATA.1",1000
"X1_GTCTACCCAGAGGTTG.1",7
"X1_GTCTACCCAGCAGAAC.1",6
"X1_GTCTACCCATCACCAA.1",1000
"X1_GTCTACCGTACGGTTT.1",4
"X1_GTCTACCGTAGTCTGT.1",8
"X1_GTCTACCGTCACGCTG.1",6
"X1_GTCTACCGTCAGATTC.1",1
"X1_GTCTACCGTCATAAAG.1",8
"X1_GTCTACCGTCCCACGA.1",7
"X1_GTCTACCGTCTGCAAT.1",8
"X1_GTCTACCGTCTTCTAT.1",7
"X1_GTCTACCGTGAGCCAA.1",4
"X1_GTCTACCGTTCATCGA.1",1
"X1_GTCTACCGTTGCGGAA.1",7
"X1_GTCTACCTCAGAGTGG.1",4
"X1_GTCTACCTCATGGATC.1",6
"X1_GTCTACCTCCAGTACA.1",1000
"X1_GTCTAGAAGAAACTCA.1",8
"X1_GTCTAGAAGAAAGCGA.1",8
"X1_GTCTAGAAGAACGTGC.1",5
"X1_GTCTAGAAGCTCTATG.1",5
"X1_GTCTAGAAGGGTCACA.1",6
"X1_GTCTAGAAGGTTGCCC.1",1000
"X1_GTCTAGAAGTAAGACT.1",3
"X1_GTCTAGAAGTAGAATC.1",5
"X1_GTCTAGAAGTCATGCT.1",8
"X1_GTCTAGAAGTCGGCAA.1",8
"X1_GTCTAGAAGTGATCGG.1",0
"X1_GTCTAGACAAATACAG.1",1000
"X1_GTCTAGACAACCGTGC.1",7
"X1_GTCTAGACACAAAGCG.1",6
"X1_GTCTAGACACACCGCA.1",1
"X1_GTCTAGACACGGTGAA.1",4
"X1_GTCTAGACACTGTTCC.1",7
"X1_GTCTAGACAGCTTTCC.1",1000
"X1_GTCTAGACATTGCTGA.1",7
"X1_GTCTAGAGTCCGCAGT.1",1000
"X1_GTCTAGAGTCGTTGGC.1",7
"X1_GTCTAGAGTGACAGCA.1",0
"X1_GTCTAGAGTGCTCTCT.1",4
"X1_GTCTAGAGTTACGTAC.1",7
"X1_GTCTAGAGTTTGTTGG.1",1000
"X1_GTCTAGATCCCTCTTT.1",5
"X1_GTCTAGATCCTACAAG.1",7
"X1_GTCTAGATCGCATTAG.1",8
"X1_GTCTAGATCGCTCTCA.1",8
"X1_GTCTAGATCTCATGGA.1",7
"X1_GTCTAGATCTCTCGCA.1",8
"X1_GTCTAGATCTGAGATC.1",3
"X1_GTCTAGATCTTCGGAA.1",1000
"X1_GTCTCACAGAAGTCTA.1",8
"X1_GTCTCACAGCAGGCAT.1",1000
"X1_GTCTCACAGCGTACAG.1",6
"X1_GTCTCACAGCTACTGT.1",1
"X1_GTCTCACAGCTCCACG.1",8
"X1_GTCTCACAGGAGGCAG.1",7
"X1_GTCTCACAGGATGAGA.1",4
"X1_GTCTCACAGGCCATAG.1",3
"X1_GTCTCACAGGGTCACA.1",4
"X1_GTCTCACAGGTTCTAC.1",2
"X1_GTCTCACAGTGAGTTA.1",6
"X1_GTCTCACAGTTGTCAC.1",1000
"X1_GTCTCACCAAATCAAG.1",8
"X1_GTCTCACCAAGACCGA.1",1000
"X1_GTCTCACCAGATCACT.1",4
"X1_GTCTCACCATGTGCTA.1",8
"X1_GTCTCACGTACGCTAT.1",8
"X1_GTCTCACGTAGACACG.1",0
"X1_GTCTCACGTAGCGTAG.1",1000
"X1_GTCTCACGTATACCTG.1",1000
"X1_GTCTCACGTATCACCA.1",5
"X1_GTCTCACGTATTTCTC.1",3
"X1_GTCTCACGTCCATAGT.1",8
"X1_GTCTCACGTCTAACTG.1",5
"X1_GTCTCACGTGGCCTCA.1",1000
"X1_GTCTCACGTTGGCTAT.1",7
"X1_GTCTCACTCACTTATC.1",1
"X1_GTCTCACTCAGACCTA.1",0
"X1_GTCTCACTCATACGGT.1",8
"X1_GTCTCACTCCATGAGT.1",2
"X1_GTCTCACTCCCATTTA.1",4
"X1_GTCTCACTCGAGATGG.1",5
"X1_GTCTCACTCGATGCAT.1",1
"X1_GTCTCACTCGCAAGAG.1",7
"X1_GTCTCACTCGGCTTCT.1",4
"X1_GTCTCACTCGGTCATA.1",3
"X1_GTCTCACTCGTCGCTT.1",7
"X1_GTCTCACTCGTTTACT.1",0
"X1_GTCTCACTCTCTTGCG.1",6
"X1_GTCTCACTCTTACGTT.1",1000
"X1_GTCTGTCAGACAGCTG.1",8
"X1_GTCTGTCAGACATGCG.1",7
"X1_GTCTGTCAGCAAGTCG.1",8
"X1_GTCTGTCAGCAGCAGT.1",1000
"X1_GTCTGTCAGCCTCGTG.1",8
"X1_GTCTGTCAGGGAGATA.1",4
"X1_GTCTGTCAGTAATCCC.1",1
"X1_GTCTGTCAGTCTTGGT.1",1000
"X1_GTCTGTCCAAATGGCG.1",1000
"X1_GTCTGTCCAATGTGGG.1",4
"X1_GTCTGTCCACCGAATT.1",1000
"X1_GTCTGTCCACGACTAT.1",1000
"X1_GTCTGTCCAGAGGCTA.1",8
"X1_GTCTGTCCAGGACTTT.1",4
"X1_GTCTGTCCAGGTGACA.1",2
"X1_GTCTGTCCAGTCTCTC.1",6
"X1_GTCTGTCCATGCGTGC.1",8
"X1_GTCTGTCGTAACACCT.1",3
"X1_GTCTGTCGTAAGCGGT.1",1000
"X1_GTCTGTCGTACAATAG.1",5
"X1_GTCTGTCGTACGGATG.1",1000
"X1_GTCTGTCGTAGGCTGA.1",7
"X1_GTCTGTCGTCAAATCC.1",7
"X1_GTCTGTCGTCCTGTTC.1",3
"X1_GTCTGTCGTCTTCTAT.1",1000
"X1_GTCTGTCGTGACAGGT.1",1000
"X1_GTCTGTCGTGGCTGCT.1",5
"X1_GTCTGTCGTTACACTG.1",4
"X1_GTCTGTCGTTAGTCGT.1",1000
"X1_GTCTGTCGTTTCACAG.1",8
"X1_GTCTGTCTCAAACTGC.1",7
"X1_GTCTGTCTCCTTTGAT.1",1000
"X1_GTCTGTCTCTAGCCAA.1",4
"X1_GTCTGTCTCTCACGAA.1",8
"X1_GTCTGTCTCTGATTCT.1",4
"X1_GTCTGTCTCTGGACTA.1",1000
"X1_GTCTGTCTCTGTCAGA.1",7
"X1_GTCTTTAAGAGGTTAT.1",7
"X1_GTCTTTAAGATTAGTG.1",8
"X1_GTCTTTAAGCACTCAT.1",7
"X1_GTCTTTAAGCCTCTCT.1",8
"X1_GTCTTTAAGCGTCAGA.1",3
"X1_GTCTTTAAGGATAATC.1",5
"X1_GTCTTTAAGTAGGTTA.1",8
"X1_GTCTTTACAAAGGATT.1",1
"X1_GTCTTTACACACCAGC.1",1000
"X1_GTCTTTACACCCTAGG.1",5
"X1_GTCTTTACACGACGAA.1",2
"X1_GTCTTTACACGCTGCA.1",7
"X1_GTCTTTACAGTCCCGA.1",1000
"X1_GTCTTTACAGTCGGTC.1",1000
"X1_GTCTTTACATAGGTTC.1",7
"X1_GTCTTTACATCCGAGC.1",1000
"X1_GTCTTTAGTAGCGTTT.1",1
"X1_GTCTTTAGTAGGCTGA.1",8
"X1_GTCTTTAGTAGTGCGA.1",4
"X1_GTCTTTAGTATAATGG.1",1000
"X1_GTCTTTAGTCAACCAT.1",8
"X1_GTCTTTAGTCTCGGGT.1",4
"X1_GTCTTTAGTGCAAGAC.1",8
"X1_GTCTTTAGTGTAGCAG.1",1000
"X1_GTCTTTAGTGTTCCAA.1",5
"X1_GTCTTTAGTGTTCGTA.1",8
"X1_GTCTTTAGTTGGCCTG.1",1
"X1_GTCTTTAGTTGTGTAC.1",7
"X1_GTCTTTAGTTTACTTC.1",1000
"X1_GTCTTTATCATGACAC.1",1000
"X1_GTCTTTATCATGTCAG.1",7
"X1_GTCTTTATCCACAGGC.1",5
"X1_GTCTTTATCCCTATTA.1",7
"X1_GTCTTTATCCTCACGT.1",7
"X1_GTCTTTATCCTGCTAC.1",6
"X1_GTCTTTATCCTGTTAT.1",7
"X1_GTCTTTATCGATTTCT.1",6
"X1_GTCTTTATCGGCTGTG.1",4
"X1_GTCTTTATCGTCCTTG.1",1000
"X1_GTCTTTATCTACACAG.1",8
"X1_GTCTTTATCTACTATC.1",8
"X1_GTGACGCAGATAGTGT.1",4
"X1_GTGACGCAGATTGAGT.1",1000
"X1_GTGACGCAGGATCACG.1",8
"X1_GTGACGCAGTTGGCGA.1",7
"X1_GTGACGCCAAATCGGG.1",1000
"X1_GTGACGCCAACAAAGT.1",1000
"X1_GTGACGCCAAGAAATC.1",1
"X1_GTGACGCCACTGAATC.1",2
"X1_GTGACGCCAGCAAGAC.1",7
"X1_GTGACGCCATCGCTGG.1",8
"X1_GTGACGCCATGAATAG.1",3
"X1_GTGACGCGTAAGACCG.1",5
"X1_GTGACGCGTACACGCC.1",4
"X1_GTGACGCGTACAGAAT.1",4
"X1_GTGACGCGTAGCACAG.1",2
"X1_GTGACGCGTCAAACGG.1",3
"X1_GTGACGCGTCCGATCG.1",8
"X1_GTGACGCGTGACCTGC.1",7
"X1_GTGACGCGTGCTATTG.1",1000
"X1_GTGACGCGTTGTATGC.1",1000
"X1_GTGACGCGTTGTCAGT.1",1000
"X1_GTGACGCTCAAACTGC.1",8
"X1_GTGACGCTCAAGTGTC.1",1000
"X1_GTGACGCTCAGCATTG.1",2
"X1_GTGACGCTCCATTTAC.1",1000
"X1_GTGACGCTCGACATTG.1",2
"X1_GTGACGCTCGAGAACG.1",7
"X1_GTGACGCTCGAGATAA.1",1
"X1_GTGACGCTCGAGCTGC.1",1000
"X1_GTGACGCTCGTACCTC.1",1000
"X1_GTGACGCTCGTTCCTG.1",3
"X1_GTGACGCTCGTTGTTT.1",8
"X1_GTGACGCTCTACCAGA.1",1000
"X1_GTGACGCTCTGACAGT.1",7
"X1_GTGACGCTCTTAGCCC.1",7
"X1_GTGAGCCAGAGTGTGC.1",7
"X1_GTGAGCCAGATGACCG.1",8
"X1_GTGAGCCAGATGCAGC.1",7
"X1_GTGAGCCAGCATTTCG.1",8
"X1_GTGAGCCAGGACTAAT.1",8
"X1_GTGAGCCAGGACTGGT.1",4
"X1_GTGAGCCAGGCATCTT.1",5
"X1_GTGAGCCAGGTGCCTC.1",4
"X1_GTGAGCCAGGTTTGAA.1",1000
"X1_GTGAGCCAGTAAAGCT.1",1
"X1_GTGAGCCCAAGTAGTA.1",1000
"X1_GTGAGCCCACAACATC.1",1000
"X1_GTGAGCCCACAGCTTA.1",8
"X1_GTGAGCCCACATACTG.1",6
"X1_GTGAGCCCATCTCATT.1",1000
"X1_GTGAGCCCATTGAGCT.1",2
"X1_GTGAGCCGTACTGGGA.1",8
"X1_GTGAGCCGTATGAGGC.1",7
"X1_GTGAGCCGTATGCTTG.1",3
"X1_GTGAGCCGTCATCGGC.1",2
"X1_GTGAGCCGTCATCTAG.1",1000
"X1_GTGAGCCGTCTTGAGT.1",5
"X1_GTGAGCCGTGATTCAC.1",8
"X1_GTGAGCCGTTAGGGAC.1",2
"X1_GTGAGCCGTTCATCGA.1",7
"X1_GTGAGCCGTTTCTATC.1",7
"X1_GTGAGCCTCACCTCTG.1",1000
"X1_GTGAGCCTCACGGACC.1",7
"X1_GTGAGCCTCCACGGAC.1",7
"X1_GTGAGCCTCCACTGAA.1",4
"X1_GTGAGCCTCTCCGATC.1",1000
"X1_GTGAGCCTCTCGTGAA.1",1000
"X1_GTGAGCCTCTGCATAG.1",7
"X1_GTGAGGAAGACATGCG.1",1000
"X1_GTGAGGAAGACGGAAA.1",6
"X1_GTGAGGAAGACTTGTC.1",3
"X1_GTGAGGAAGAGAAGGT.1",1000
"X1_GTGAGGAAGCTCATAC.1",1000
"X1_GTGAGGAAGGGAGGAC.1",7
"X1_GTGAGGAAGGTAACTA.1",1000
"X1_GTGAGGAAGTTAGTGA.1",5
"X1_GTGAGGAAGTTGTACC.1",4
"X1_GTGAGGACAACCCTAA.1",4
"X1_GTGAGGACAACTTGCA.1",1000
"X1_GTGAGGACAATAGAGT.1",8
"X1_GTGAGGACACGACAAG.1",1
"X1_GTGAGGACAGAACTAA.1",8
"X1_GTGAGGACAGGGTCTC.1",0
"X1_GTGAGGACAGTAGTGG.1",8
"X1_GTGAGGACATCCGGCA.1",8
"X1_GTGAGGACATCGAAGG.1",0
"X1_GTGAGGACATGAAGGC.1",8
"X1_GTGAGGAGTAGACACG.1",8
"X1_GTGAGGAGTCCTTGTC.1",8
"X1_GTGAGGAGTCTTAGTG.1",3
"X1_GTGAGGAGTCTTGCTC.1",1
"X1_GTGAGGAGTGGACAGT.1",4
"X1_GTGAGGAGTTGTGGAG.1",4
"X1_GTGAGGAGTTTCGTAG.1",4
"X1_GTGAGGATCACTTGGA.1",1000
"X1_GTGAGGATCATCACTT.1",7
"X1_GTGAGGATCCATTCGC.1",4
"X1_GTGAGGATCCCTCATG.1",7
"X1_GTGAGGATCCTCAGGG.1",0
"X1_GTGAGGATCCTTCTAA.1",4
"X1_GTGAGGATCGAGAACG.1",1000
"X1_GTGAGGATCTACTGAG.1",8
"X1_GTGAGTTAGAAGGTAG.1",3
"X1_GTGAGTTAGATCGCCC.1",7
"X1_GTGAGTTAGATGACCG.1",8
"X1_GTGAGTTAGCACTAGG.1",8
"X1_GTGAGTTAGCATCGAG.1",2
"X1_GTGAGTTAGCATTGTC.1",1000
"X1_GTGAGTTAGCCACCGT.1",4
"X1_GTGAGTTAGCCTCCAG.1",7
"X1_GTGAGTTAGGAAACGA.1",5
"X1_GTGAGTTAGGAATGTT.1",2
"X1_GTGAGTTAGGATACAT.1",1000
"X1_GTGAGTTAGGGCAGAG.1",1000
"X1_GTGAGTTAGTCTCTGA.1",3
"X1_GTGAGTTAGTCTGCGC.1",0
"X1_GTGAGTTAGTTCCGGC.1",8
"X1_GTGAGTTCAAGGTCAG.1",7
"X1_GTGAGTTCACGTGAGA.1",4
"X1_GTGAGTTCACTACAGT.1",1000
"X1_GTGAGTTCAGTGAGCA.1",7
"X1_GTGAGTTCATCAGCAT.1",1000
"X1_GTGAGTTCATGGATCT.1",8
"X1_GTGAGTTGTAAGGTCG.1",1000
"X1_GTGAGTTGTAATCAAG.1",1000
"X1_GTGAGTTGTACAGTTC.1",1000
"X1_GTGAGTTGTATCGTAC.1",3
"X1_GTGAGTTGTCACATTG.1",4
"X1_GTGAGTTGTGATGTAA.1",8
"X1_GTGAGTTGTGCATCTA.1",1
"X1_GTGAGTTGTGCGTTTA.1",7
"X1_GTGAGTTGTGTCCCTT.1",1000
"X1_GTGAGTTGTTCTGAGT.1",5
"X1_GTGAGTTGTTGGCCTG.1",7
"X1_GTGAGTTTCAAGTGTC.1",6
"X1_GTGAGTTTCCAAGAGG.1",8
"X1_GTGAGTTTCCCACAGG.1",1000
"X1_GTGAGTTTCCTTCAGC.1",5
"X1_GTGAGTTTCGACGTCG.1",8
"X1_GTGAGTTTCTCAACGA.1",8
"X1_GTGATGTAGATACATG.1",1000
"X1_GTGATGTAGCCATATC.1",3
"X1_GTGATGTAGGCGTTGA.1",4
"X1_GTGATGTAGTAAAGCT.1",0
"X1_GTGATGTAGTCAGGGT.1",4
"X1_GTGATGTAGTGCAAAT.1",1000
"X1_GTGATGTAGTGGAATT.1",3
"X1_GTGATGTCAAGGGTCA.1",5
"X1_GTGATGTCAATACCCA.1",4
"X1_GTGATGTCACATCCCT.1",1000
"X1_GTGATGTCATATGGCT.1",8
"X1_GTGATGTCATCCCGTT.1",1000
"X1_GTGATGTGTCCATACA.1",6
"X1_GTGATGTGTCGTTTCC.1",6
"X1_GTGATGTGTGTACAGG.1",8
"X1_GTGATGTGTTGGATCT.1",8
"X1_GTGATGTGTTTCAGAC.1",6
"X1_GTGATGTTCATACGAC.1",1000
"X1_GTGATGTTCCTTATGT.1",8
"X1_GTGATGTTCGAGGCAA.1",4
"X1_GTGATGTTCGGAGCAA.1",7
"X1_GTGATGTTCGTAACTG.1",5
"X1_GTGATGTTCTGCGGAC.1",4
"X1_GTGATGTTCTGCTAGA.1",8
"X1_GTGATGTTCTTACGTT.1",1000
"X1_GTGATGTTCTTGCGCT.1",6
"X1_GTGCACGAGACGGTTG.1",7
"X1_GTGCACGAGCCAGTAG.1",4
"X1_GTGCACGAGCCTTCTC.1",1000
"X1_GTGCACGAGCCTTGAT.1",5
"X1_GTGCACGAGCTGACTT.1",5
"X1_GTGCACGAGGTAAGTT.1",7
"X1_GTGCACGAGTAATCCC.1",7
"X1_GTGCACGAGTAGATCA.1",7
"X1_GTGCACGCAACGATTC.1",1
"X1_GTGCACGCAAGAAATC.1",4
"X1_GTGCACGCACACCTAA.1",7
"X1_GTGCACGCACTAGGTT.1",8
"X1_GTGCACGCACTGCTTC.1",7
"X1_GTGCACGCAGAGAATT.1",4
"X1_GTGCACGCAGCTAACT.1",8
"X1_GTGCACGCAGCTACTA.1",1
"X1_GTGCACGCAGCTCGGT.1",8
"X1_GTGCACGCATTGAAAG.1",7
"X1_GTGCACGGTAGAGTTA.1",1000
"X1_GTGCACGGTATGAGGC.1",1000
"X1_GTGCACGGTATTCTCT.1",6
"X1_GTGCACGGTCAATCTG.1",1000
"X1_GTGCACGGTCCAAATC.1",4
"X1_GTGCACGGTCCCGGTA.1",4
"X1_GTGCACGGTCTGTAGT.1",1000
"X1_GTGCACGGTTGCTTGA.1",4
"X1_GTGCACGGTTGTAGCT.1",3
"X1_GTGCACGTCAACGCTA.1",1000
"X1_GTGCACGTCAGCAGAG.1",1
"X1_GTGCACGTCCATTTAC.1",3
"X1_GTGCACGTCCGCGATG.1",8
"X1_GTGCACGTCCTCGATC.1",1000
"X1_GTGCACGTCGAAACAA.1",0
"X1_GTGCACGTCGCCAGAC.1",4
"X1_GTGCACGTCGGTCGAC.1",8
"X1_GTGCACGTCGTCGCTT.1",8
"X1_GTGCAGCAGAATGTTG.1",8
"X1_GTGCAGCAGAGAGTGA.1",4
"X1_GTGCAGCAGCCTTCTC.1",4
"X1_GTGCAGCAGGTGATCG.1",1000
"X1_GTGCAGCAGTTTGTCG.1",5
"X1_GTGCAGCCAGTCCCGA.1",8
"X1_GTGCAGCCATACATCG.1",7
"X1_GTGCAGCGTAAGATCA.1",2
"X1_GTGCAGCGTACATTGC.1",3
"X1_GTGCAGCGTACTTGTG.1",3
"X1_GTGCAGCGTCAATGGG.1",1000
"X1_GTGCAGCGTCCACTTC.1",4
"X1_GTGCAGCGTCGAATTC.1",8
"X1_GTGCAGCGTCGACTGC.1",8
"X1_GTGCAGCGTCGCCACA.1",8
"X1_GTGCAGCGTCTCGGGT.1",5
"X1_GTGCAGCTCACCTGGG.1",7
"X1_GTGCAGCTCAGCCTTC.1",1000
"X1_GTGCAGCTCCATGCAA.1",8
"X1_GTGCAGCTCCGCAGTG.1",5
"X1_GTGCAGCTCGGCTGTG.1",3
"X1_GTGCAGCTCTCTGCTG.1",3
"X1_GTGCGTGAGGACACTG.1",5
"X1_GTGCGTGAGGCGAAGG.1",1000
"X1_GTGCGTGAGGGCAAGG.1",8
"X1_GTGCGTGAGGTGAGCT.1",6
"X1_GTGCGTGAGGTGATAT.1",4
"X1_GTGCGTGAGGTTGCCC.1",2
"X1_GTGCGTGAGTAGGATT.1",1
"X1_GTGCGTGAGTCCCGAC.1",1000
"X1_GTGCGTGCAACAAAGT.1",8
"X1_GTGCGTGCAAGACGGT.1",4
"X1_GTGCGTGCACAATCTG.1",2
"X1_GTGCGTGCACAGTGAG.1",7
"X1_GTGCGTGCACCCTCTA.1",1000
"X1_GTGCGTGCAGAGATGC.1",4
"X1_GTGCGTGCAGCAGAAC.1",4
"X1_GTGCGTGCAGCGATTT.1",1000
"X1_GTGCGTGCAGCTCCTT.1",7
"X1_GTGCGTGCAGTAACGG.1",1000
"X1_GTGCGTGCAGTTGTCA.1",7
"X1_GTGCGTGCATCGATCA.1",6
"X1_GTGCGTGCATCGCTCT.1",3
"X1_GTGCGTGGTATCGCAT.1",3
"X1_GTGCGTGGTATGCTTG.1",7
"X1_GTGCGTGGTCCGGTGT.1",1000
"X1_GTGCGTGGTCGGCCTA.1",3
"X1_GTGCGTGGTCTTCAAG.1",7
"X1_GTGCGTGGTCTTGCTC.1",8
"X1_GTGCGTGGTGTTCATG.1",1000
"X1_GTGCGTGGTTGCCTAA.1",8
"X1_GTGCGTGGTTGCTAGT.1",7
"X1_GTGCGTGTCAAATGCC.1",4
"X1_GTGCGTGTCATGGAGG.1",4
"X1_GTGCGTGTCGCTTTAT.1",0
"X1_GTGCGTGTCGTAGAGG.1",4
"X1_GTGCGTGTCTCCATAT.1",7
"X1_GTGCGTGTCTCTTGCG.1",1000
"X1_GTGCTGGAGACCGTTT.1",8
"X1_GTGCTGGAGAGATCGC.1",7
"X1_GTGCTGGAGAGTCAGC.1",8
"X1_GTGCTGGAGCGTTAGG.1",4
"X1_GTGCTGGAGGAGCAAA.1",5
"X1_GTGCTGGAGGGTTAAT.1",0
"X1_GTGCTGGAGTAAAGCT.1",3
"X1_GTGCTGGCAAACGTGG.1",4
"X1_GTGCTGGCAACACTAC.1",1000
"X1_GTGCTGGCACAGTGTT.1",8
"X1_GTGCTGGCACTGCGTG.1",4
"X1_GTGCTGGCAGAGCCCT.1",5
"X1_GTGCTGGCAGTCGCAC.1",3
"X1_GTGCTGGCATGACAAA.1",1
"X1_GTGCTGGGTAACAGGC.1",2
"X1_GTGCTGGGTAATGATG.1",1000
"X1_GTGCTGGGTACCATAC.1",1000
"X1_GTGCTGGGTATTTCCT.1",7
"X1_GTGCTGGGTCCACATA.1",4
"X1_GTGCTGGGTCCAGAAG.1",1000
"X1_GTGCTGGGTCCTGTCT.1",7
"X1_GTGCTGGGTGAGTAGC.1",2
"X1_GTGCTGGGTGCTGTCG.1",7
"X1_GTGCTGGGTGTAAATG.1",6
"X1_GTGCTGGGTGTGTTTG.1",7
"X1_GTGCTGGGTTTACTGG.1",8
"X1_GTGCTGGTCACGAGGA.1",1000
"X1_GTGCTGGTCAGTCATG.1",8
"X1_GTGCTGGTCATTGCGA.1",7
"X1_GTGCTGGTCATTGGTG.1",7
"X1_GTGCTGGTCCATTTAC.1",1000
"X1_GTGCTGGTCCGTAGGC.1",8
"X1_GTGCTGGTCTTCGACC.1",7
"X1_GTGCTTCAGCCTGTGC.1",2
"X1_GTGCTTCAGTGGATAT.1",1000
"X1_GTGCTTCCAACAGAGC.1",1000
"X1_GTGCTTCCAAGCTGCC.1",7
"X1_GTGCTTCCAATTGCGT.1",8
"X1_GTGCTTCCACCATAAC.1",4
"X1_GTGCTTCCACGCTATA.1",1000
"X1_GTGCTTCCATACAGGG.1",8
"X1_GTGCTTCCATCCTATT.1",0
"X1_GTGCTTCGTACTCGAT.1",4
"X1_GTGCTTCGTATCTCGA.1",7
"X1_GTGCTTCGTCACGACC.1",5
"X1_GTGCTTCGTCACTACA.1",8
"X1_GTGCTTCGTGATTGGG.1",1000
"X1_GTGCTTCGTTACACAC.1",7
"X1_GTGCTTCGTTACAGCT.1",7
"X1_GTGCTTCGTTCGGTCG.1",7
"X1_GTGCTTCTCAAGAAAC.1",1000
"X1_GTGCTTCTCACCCTCA.1",1000
"X1_GTGCTTCTCATTCCTA.1",1000
"X1_GTGCTTCTCGCCTAGG.1",5
"X1_GTGCTTCTCGGTTGTA.1",4
"X1_GTGCTTCTCTACCACC.1",2
"X1_GTGCTTCTCTAGTTCT.1",1000
"X1_GTGCTTCTCTCCCTAG.1",7
"X1_GTGGAAGAGACCTCCG.1",2
"X1_GTGGAAGAGATCGGTG.1",4
"X1_GTGGAAGAGCATCAAA.1",8
"X1_GTGGAAGAGGTGCTTT.1",1000
"X1_GTGGAAGAGTATTGCC.1",1000
"X1_GTGGAAGAGTGCACCC.1",1000
"X1_GTGGAAGCAATAGTAG.1",8
"X1_GTGGAAGCACAAACGG.1",4
"X1_GTGGAAGCACCGGAAA.1",4
"X1_GTGGAAGCACGGCTAC.1",6
"X1_GTGGAAGCAGACATCT.1",4
"X1_GTGGAAGCAGAGGACT.1",3
"X1_GTGGAAGCAGCCTACG.1",1
"X1_GTGGAAGCAGCTGCCA.1",5
"X1_GTGGAAGCAGGGATAC.1",3
"X1_GTGGAAGCATAAGCGG.1",6
"X1_GTGGAAGCATCCGAAT.1",7
"X1_GTGGAAGCATCCGAGC.1",3
"X1_GTGGAAGGTCACATTG.1",5
"X1_GTGGAAGGTCTTCATT.1",8
"X1_GTGGAAGGTGCATCTA.1",5
"X1_GTGGAAGTCAACACGT.1",4
"X1_GTGGAAGTCACCTGTC.1",1000
"X1_GTGGAAGTCCGCACTT.1",1
"X1_GTGGAAGTCCTCTCTT.1",8
"X1_GTGGAAGTCGCCCAGA.1",4
"X1_GTGGAAGTCGCTACGG.1",5
"X1_GTGGAAGTCGTGTCAA.1",1
"X1_GTGGAAGTCTCCTGTG.1",4
"X1_GTGGAAGTCTGGGCAC.1",8
"X1_GTGGAAGTCTTGGTGA.1",0
"X1_GTGGAGAAGAGGCGGA.1",3
"X1_GTGGAGAAGCTTGTTG.1",0
"X1_GTGGAGAAGTCATCGT.1",4
"X1_GTGGAGAAGTTCATCG.1",7
"X1_GTGGAGACAAACTAAG.1",7
"X1_GTGGAGACACAGTCGC.1",7
"X1_GTGGAGACACCTGCGA.1",3
"X1_GTGGAGACACGTACAT.1",1000
"X1_GTGGAGACAGGATCTT.1",7
"X1_GTGGAGACAGTCAGCC.1",1000
"X1_GTGGAGACAGTGCCTG.1",4
"X1_GTGGAGACATAGGCGA.1",3
"X1_GTGGAGACATCGGCCA.1",6
"X1_GTGGAGACATGACACT.1",7
"X1_GTGGAGACATGGCCCA.1",1000
"X1_GTGGAGACATTGAGCT.1",1000
"X1_GTGGAGAGTAATGTGA.1",8
"X1_GTGGAGAGTAGACAGC.1",8
"X1_GTGGAGAGTAGTCTGT.1",1000
"X1_GTGGAGAGTCACCGAC.1",7
"X1_GTGGAGAGTCGCATGC.1",2
"X1_GTGGAGAGTCTAACTG.1",1000
"X1_GTGGAGAGTGACTATC.1",3
"X1_GTGGAGAGTGGAAGTC.1",2
"X1_GTGGAGAGTGGTCTAT.1",8
"X1_GTGGAGAGTTGTGTAC.1",2
"X1_GTGGAGATCAACCCGG.1",8
"X1_GTGGAGATCAAGGTGG.1",8
"X1_GTGGAGATCACGACTA.1",3
"X1_GTGGAGATCACTACTT.1",1000
"X1_GTGGAGATCCCGAAAT.1",6
"X1_GTGGAGATCCCGGTAG.1",8
"X1_GTGGAGATCCCTCAAC.1",2
"X1_GTGGAGATCCTTATAC.1",3
"X1_GTGGAGATCCTTTGAT.1",3
"X1_GTGGAGATCGCTTGCT.1",8
"X1_GTGGAGATCTCGTCGT.1",5
"X1_GTGGAGATCTCTCTAA.1",3
"X1_GTGGAGATCTTTCAGT.1",4
"X1_GTGGAGATCTTTGCAT.1",5
"X1_GTGGCGTAGATAGCTA.1",8
"X1_GTGGCGTAGGCTTAAA.1",0
"X1_GTGGCGTAGGGTGAGG.1",1000
"X1_GTGGCGTAGTACCGGA.1",0
"X1_GTGGCGTCAAGTGCTT.1",5
"X1_GTGGCGTCACCCTCTA.1",1000
"X1_GTGGCGTCACTATCCC.1",2
"X1_GTGGCGTCACTCAAGT.1",3
"X1_GTGGCGTGTGGCAGAT.1",1
"X1_GTGGCGTGTGGTTCTA.1",1000
"X1_GTGGCGTGTTAACAGA.1",1000
"X1_GTGGCGTTCAACTGGT.1",3
"X1_GTGGCGTTCAAGAATG.1",3
"X1_GTGGCGTTCGAAATCC.1",8
"X1_GTGGCGTTCGAGGCAA.1",8
"X1_GTGGCGTTCGGCCTTT.1",4
"X1_GTGGCGTTCGGTGCAC.1",7
"X1_GTGGCGTTCTAAGCGT.1",8
"X1_GTGGCGTTCTCCGAGG.1",3
"X1_GTGGCGTTCTTAAGGC.1",5
"X1_GTGGGAAAGACCAACG.1",6
"X1_GTGGGAAAGCCAGACA.1",8
"X1_GTGGGAAAGGATTACA.1",8
"X1_GTGGGAAAGGGAGTTC.1",4
"X1_GTGGGAAAGTCCCAAT.1",8
"X1_GTGGGAACAAACTAAG.1",1
"X1_GTGGGAACACGCGCAT.1",3
"X1_GTGGGAACACGGTGCT.1",7
"X1_GTGGGAACACGTAGAG.1",3
"X1_GTGGGAACACTATCCC.1",7
"X1_GTGGGAACAGGCCTGT.1",1000
"X1_GTGGGAACATCGTTCC.1",1000
"X1_GTGGGAAGTACACTCA.1",1000
"X1_GTGGGAAGTAGCGATG.1",1
"X1_GTGGGAAGTCCATCTC.1",4
"X1_GTGGGAAGTCTGTGCG.1",2
"X1_GTGGGAAGTCTTGAGT.1",1000
"X1_GTGGGAAGTGCAGTGA.1",3
"X1_GTGGGAAGTGCTAGCC.1",5
"X1_GTGGGAAGTTGTCAGT.1",2
"X1_GTGGGAATCAACTCTT.1",2
"X1_GTGGGAATCAAGCCTA.1",1000
"X1_GTGGGAATCATTATCC.1",1000
"X1_GTGGGAATCCGAGTGC.1",8
"X1_GTGGGAATCCTTATGT.1",8
"X1_GTGGGAATCGACACTA.1",1000
"X1_GTGGGAATCGAGTACT.1",1000
"X1_GTGGGAATCGCGCTGA.1",7
"X1_GTGGTTAAGACCTCAT.1",4
"X1_GTGGTTAAGAGAGCAA.1",1000
"X1_GTGGTTAAGATCGACG.1",4
"X1_GTGGTTAAGCACTCGC.1",7
"X1_GTGGTTAAGCCAAGTG.1",1000
"X1_GTGGTTAAGCCTTTCC.1",1000
"X1_GTGGTTAAGGTGAGAA.1",3
"X1_GTGGTTAAGTAAGGGA.1",8
"X1_GTGGTTAAGTCGAAGC.1",7
"X1_GTGGTTAAGTGGATAT.1",7
"X1_GTGGTTAAGTGGCGAT.1",7
"X1_GTGGTTAAGTTCTACG.1",4
"X1_GTGGTTACACAAATCC.1",1000
"X1_GTGGTTACACAATGCT.1",6
"X1_GTGGTTACACATGAAA.1",3
"X1_GTGGTTACAGGTGGAT.1",3
"X1_GTGGTTACATGACGAG.1",1000
"X1_GTGGTTAGTAACATGA.1",8
"X1_GTGGTTAGTACTAACC.1",7
"X1_GTGGTTAGTAGGACTG.1",8
"X1_GTGGTTAGTAGGAGTC.1",8
"X1_GTGGTTAGTCACTGAT.1",4
"X1_GTGGTTAGTCCGGTCA.1",1000
"X1_GTGGTTAGTCGTATTG.1",7
"X1_GTGGTTAGTGAGATTA.1",7
"X1_GTGGTTATCACTGCTC.1",1000
"X1_GTGGTTATCATGCCGG.1",5
"X1_GTGGTTATCCACCCTA.1",8
"X1_GTGGTTATCCCAGGCA.1",0
"X1_GTGGTTATCCCTTCCC.1",8
"X1_GTGGTTATCCGAGTGC.1",8
"X1_GTGGTTATCCTGTACC.1",1000
"X1_GTGGTTATCGAGATGG.1",1000
"X1_GTGGTTATCGCTAATG.1",1000
"X1_GTGGTTATCGGCCTTT.1",1000
"X1_GTGGTTATCGGTAAGG.1",1000
"X1_GTGGTTATCTACTCAT.1",3
"X1_GTGGTTATCTCACTCG.1",7
"X1_GTGGTTATCTCCCATG.1",7
"X1_GTGTAACAGAGAGAAC.1",3
"X1_GTGTAACAGCCGATTT.1",1000
"X1_GTGTAACAGCGAGTCA.1",5
"X1_GTGTAACAGTTTCGAC.1",1000
"X1_GTGTAACCAAATACGA.1",8
"X1_GTGTAACCAACGTTAC.1",5
"X1_GTGTAACCAACTGCCG.1",8
"X1_GTGTAACCAAGATTGA.1",0
"X1_GTGTAACCAAGGATGC.1",8
"X1_GTGTAACCAAGGTACG.1",1000
"X1_GTGTAACCAAGTGATA.1",3
"X1_GTGTAACCATGACCCG.1",7
"X1_GTGTAACCATGGCTGC.1",1
"X1_GTGTAACGTAACAGGC.1",4
"X1_GTGTAACGTAAGGAGA.1",8
"X1_GTGTAACGTACAAGTA.1",1000
"X1_GTGTAACGTCAGTTTG.1",8
"X1_GTGTAACGTCGACGCT.1",1000
"X1_GTGTAACGTGTACATC.1",8
"X1_GTGTAACTCAACTGGT.1",4
"X1_GTGTAACTCAAGAGTA.1",1000
"X1_GTGTAACTCAGACTGT.1",4
"X1_GTGTAACTCCAGCACG.1",5
"X1_GTGTAACTCCCAGCGA.1",1000
"X1_GTGTAACTCCGTAATG.1",1000
"X1_GTGTAACTCGTACACA.1",4
"X1_GTGTAACTCGTTCCCA.1",2
"X1_GTGTAACTCTCCAAGA.1",2
"X1_GTGTAACTCTCTTCAA.1",6
"X1_GTGTAACTCTGTAACG.1",7
"X1_GTGTAACTCTGTCAGA.1",8
"X1_GTGTCCTAGACCCTTA.1",4
"X1_GTGTCCTAGATTGGGC.1",8
"X1_GTGTCCTAGGAATCGC.1",7
"X1_GTGTCCTAGGATATGT.1",3
"X1_GTGTCCTAGGTACTGG.1",1000
"X1_GTGTCCTAGGTCACAG.1",1000
"X1_GTGTCCTAGGTTACCT.1",0
"X1_GTGTCCTAGTCGGCCT.1",4
"X1_GTGTCCTAGTGCGCTC.1",1000
"X1_GTGTCCTAGTTCGCAT.1",7
"X1_GTGTCCTCAACTGCTA.1",4
"X1_GTGTCCTCACAAGGTG.1",1000
"X1_GTGTCCTCACACACGC.1",1000
"X1_GTGTCCTCACGCGCAT.1",2
"X1_GTGTCCTCAGCGTGAA.1",1000
"X1_GTGTCCTCAGGACTTT.1",1
"X1_GTGTCCTCAGGGAGAG.1",1
"X1_GTGTCCTCAGGTCAGA.1",1000
"X1_GTGTCCTCAGGTGTGA.1",7
"X1_GTGTCCTCAGTAGGAC.1",2
"X1_GTGTCCTCATCCGATA.1",8
"X1_GTGTCCTCATCTGTTT.1",7
"X1_GTGTCCTCATGAATAG.1",1000
"X1_GTGTCCTCATTCTCCG.1",8
"X1_GTGTCCTGTAACCAGG.1",3
"X1_GTGTCCTGTAAGGTCG.1",8
"X1_GTGTCCTGTACACGTT.1",4
"X1_GTGTCCTGTACGCTAT.1",1000
"X1_GTGTCCTGTATACAGA.1",3
"X1_GTGTCCTGTATGGTTC.1",3
"X1_GTGTCCTGTCGGTGTC.1",8
"X1_GTGTCCTGTGAGCCAA.1",3
"X1_GTGTCCTGTGCCTACG.1",2
"X1_GTGTCCTGTGGACCTC.1",1000
"X1_GTGTCCTGTTGCGAAG.1",5
"X1_GTGTCCTGTTTCGTAG.1",8
"X1_GTGTCCTTCAAATGCC.1",1
"X1_GTGTCCTTCAGACCGC.1",1000
"X1_GTGTCCTTCGAGAAGC.1",1000
"X1_GTGTCCTTCGTTAGTG.1",1000
"X1_GTGTCCTTCTGAGTCA.1",8
"X1_GTGTCCTTCTGCACCT.1",8
"X1_GTGTCCTTCTGCCCTA.1",1000
"X1_GTGTCCTTCTTAGCCC.1",7
"X1_GTGTGATAGACCACGA.1",1000
"X1_GTGTGATAGCCATTTG.1",6
"X1_GTGTGATAGGGCAGTT.1",6
"X1_GTGTGATAGGTGGGTT.1",6
"X1_GTGTGATAGTACTGTC.1",5
"X1_GTGTGATCAACAGTGG.1",3
"X1_GTGTGATCAACCACAT.1",8
"X1_GTGTGATCATGACGAG.1",7
"X1_GTGTGATGTACGACAG.1",4
"X1_GTGTGATGTACGATTC.1",2
"X1_GTGTGATGTCTTGCTC.1",1000
"X1_GTGTGATTCAGCACCG.1",4
"X1_GTGTGATTCCCAATAG.1",1000
"X1_GTGTGATTCCCGTAAA.1",8
"X1_GTGTGGCAGACAGTCG.1",1000
"X1_GTGTGGCAGATTAGTG.1",1
"X1_GTGTGGCAGGTGCGAT.1",5
"X1_GTGTGGCAGTCACACT.1",2
"X1_GTGTGGCAGTGCGCTC.1",5
"X1_GTGTGGCCAAAGCTAA.1",7
"X1_GTGTGGCCAGATGCGA.1",8
"X1_GTGTGGCCAGCAGTTT.1",4
"X1_GTGTGGCCAGGCTTGC.1",7
"X1_GTGTGGCCATTAGGAA.1",7
"X1_GTGTGGCCATTCTCCG.1",1000
"X1_GTGTGGCCATTGTCGA.1",4
"X1_GTGTGGCGTAAGCAAT.1",7
"X1_GTGTGGCGTACGAGCA.1",5
"X1_GTGTGGCGTACTTGTG.1",1000
"X1_GTGTGGCGTCACTCGG.1",8
"X1_GTGTGGCGTCCAGCAC.1",1000
"X1_GTGTGGCGTCTTCCGT.1",3
"X1_GTGTGGCGTGAGATAT.1",1000
"X1_GTGTGGCGTGAGCGAT.1",7
"X1_GTGTGGCGTGTCTTCC.1",1000
"X1_GTGTGGCTCACCACAA.1",0
"X1_GTGTGGCTCCACACAA.1",1000
"X1_GTGTGGCTCCACACCT.1",8
"X1_GTGTGGCTCCCAATAG.1",4
"X1_GTGTGGCTCCGTGCGA.1",1
"X1_GTGTGGCTCGAACGGA.1",1
"X1_GTGTGGCTCGAATGCT.1",5
"X1_GTGTGGCTCTAAGGAA.1",1
"X1_GTGTGGCTCTAGTGAC.1",8
"X1_GTGTGGCTCTGAGTCA.1",1000
"X1_GTGTTAGAGAACAAGG.1",8
"X1_GTGTTAGAGAATGTTG.1",5
"X1_GTGTTAGAGACAGCGT.1",7
"X1_GTGTTAGAGACATCCT.1",8
"X1_GTGTTAGAGACTACGG.1",1000
"X1_GTGTTAGAGATGAAGG.1",7
"X1_GTGTTAGAGCGCTTCG.1",7
"X1_GTGTTAGAGGCCACTC.1",1000
"X1_GTGTTAGAGTTGCATC.1",1000
"X1_GTGTTAGCAAGACCTT.1",6
"X1_GTGTTAGCACGGCGTT.1",7
"X1_GTGTTAGCAGAACTCT.1",1000
"X1_GTGTTAGCAGGATTCT.1",4
"X1_GTGTTAGCAGTAACCT.1",1000
"X1_GTGTTAGCATAACAGA.1",2
"X1_GTGTTAGCATGGCCAC.1",7
"X1_GTGTTAGGTAAGGCTG.1",8
"X1_GTGTTAGGTAATTGGA.1",8
"X1_GTGTTAGGTACAGTCT.1",7
"X1_GTGTTAGGTAGGAGTC.1",1000
"X1_GTGTTAGGTATCGAAA.1",1000
"X1_GTGTTAGGTATTCCTT.1",3
"X1_GTGTTAGGTCGATGCC.1",8
"X1_GTGTTAGGTCTTACAG.1",4
"X1_GTGTTAGGTGGACCAA.1",1000
"X1_GTGTTAGTCACCTTGC.1",8
"X1_GTGTTAGTCACGACTA.1",4
"X1_GTGTTAGTCATTGCTT.1",7
"X1_GTGTTAGTCCCATGGG.1",6
"X1_GTGTTAGTCCGCTTAC.1",4
"X1_GTGTTAGTCCTTCTAA.1",1000
"X1_GTGTTAGTCTAGAACC.1",8
"X1_GTGTTAGTCTCCAATT.1",8
"X1_GTGTTAGTCTTGCAGA.1",1000
"X1_GTGTTAGTCTTTGGAG.1",1000
"X1_GTGTTCCAGACGCATG.1",8
"X1_GTGTTCCAGCTGAAAT.1",4
"X1_GTGTTCCAGGCACGAT.1",4
"X1_GTGTTCCAGGCCTAAG.1",4
"X1_GTGTTCCAGGGTTAGC.1",0
"X1_GTGTTCCAGTACCATC.1",7
"X1_GTGTTCCAGTCATGAA.1",7
"X1_GTGTTCCAGTGTAGAT.1",1000
"X1_GTGTTCCCAAGAGTGC.1",5
"X1_GTGTTCCCACGGCACT.1",3
"X1_GTGTTCCCAGAACCGA.1",1000
"X1_GTGTTCCCAGCCGGTT.1",1
"X1_GTGTTCCCAGCGTGCT.1",4
"X1_GTGTTCCCATGACAGG.1",6
"X1_GTGTTCCCATGGAGAC.1",7
"X1_GTGTTCCCATGTTACG.1",7
"X1_GTGTTCCCATTGAGCT.1",1000
"X1_GTGTTCCGTCCAGCCA.1",1000
"X1_GTGTTCCGTCTTCATT.1",6
"X1_GTGTTCCGTGGCTTGC.1",7
"X1_GTGTTCCGTTGGATCT.1",2
"X1_GTGTTCCGTTGGCCGT.1",8
"X1_GTGTTCCGTTTCTATC.1",3
"X1_GTGTTCCTCAACGTGT.1",1000
"X1_GTGTTCCTCAAGTTGC.1",8
"X1_GTGTTCCTCAGACCGC.1",2
"X1_GTGTTCCTCCAATCCC.1",3
"X1_GTGTTCCTCCTTGGAA.1",1000
"X1_GTGTTCCTCGAATGCT.1",1000
"X1_GTGTTCCTCGCAACAT.1",1000
"X1_GTTACAGAGCAGGCAT.1",8
"X1_GTTACAGAGCTGACAG.1",0
"X1_GTTACAGAGGCCGCTT.1",0
"X1_GTTACAGAGGGTGGGA.1",6
"X1_GTTACAGAGTCACACT.1",8
"X1_GTTACAGAGTGCACAG.1",1000
"X1_GTTACAGAGTGTAGAT.1",1
"X1_GTTACAGCAAATGAGT.1",7
"X1_GTTACAGCAACTTGCA.1",8
"X1_GTTACAGCAACTTGGT.1",1000
"X1_GTTACAGCAAGTGGGT.1",3
"X1_GTTACAGCAATACCCA.1",1000
"X1_GTTACAGCAATTCTCT.1",7
"X1_GTTACAGCACCGTACG.1",4
"X1_GTTACAGCACCTGCTT.1",2
"X1_GTTACAGCACTCCGAG.1",3
"X1_GTTACAGCAGACTGCC.1",5
"X1_GTTACAGCAGATACTC.1",1000
"X1_GTTACAGCAGCGTTTA.1",8
"X1_GTTACAGCAGCTATAC.1",8
"X1_GTTACAGCAGTCCGTG.1",1000
"X1_GTTACAGCATCTCGTC.1",1000
"X1_GTTACAGCATGAATCC.1",1000
"X1_GTTACAGGTACAAGCG.1",8
"X1_GTTACAGGTACGTGTT.1",4
"X1_GTTACAGGTAGAGACC.1",6
"X1_GTTACAGGTAGCTTAC.1",1000
"X1_GTTACAGGTCCTTAAG.1",5
"X1_GTTACAGGTCGAACGA.1",1000
"X1_GTTACAGGTCTGATCA.1",3
"X1_GTTACAGGTGATTAGA.1",5
"X1_GTTACAGGTGCAATGG.1",7
"X1_GTTACAGGTGGCTGAA.1",6
"X1_GTTACAGGTGGGTCAA.1",7
"X1_GTTACAGGTTCCAAAC.1",1000
"X1_GTTACAGGTTTCACAG.1",7
"X1_GTTACAGGTTTCCCAC.1",1
"X1_GTTACAGTCAGGAGAC.1",8
"X1_GTTACAGTCCAATCTT.1",8
"X1_GTTACAGTCCGTATGA.1",1000
"X1_GTTACAGTCCTCACGT.1",0
"X1_GTTACAGTCCTCAGGG.1",6
"X1_GTTACAGTCGCAGATT.1",8
"X1_GTTACAGTCTCCTGAC.1",1000
"X1_GTTACAGTCTTAATCC.1",7
"X1_GTTACCCAGAACAAGG.1",7
"X1_GTTACCCAGCTGCCAC.1",1000
"X1_GTTACCCAGCTGCCTG.1",1000
"X1_GTTACCCAGGCTGTAG.1",7
"X1_GTTACCCAGGTTGTTC.1",8
"X1_GTTACCCAGTGGAAAG.1",7
"X1_GTTACCCAGTTGTAAG.1",1000
"X1_GTTACCCCAAAGGCAC.1",4
"X1_GTTACCCCAAATGATG.1",8
"X1_GTTACCCCAATTCGTG.1",1000
"X1_GTTACCCCACACTGGC.1",1000
"X1_GTTACCCCACCCTGTT.1",7
"X1_GTTACCCCACCGCTAG.1",7
"X1_GTTACCCCACTGCACG.1",7
"X1_GTTACCCCACTTTAGG.1",7
"X1_GTTACCCCAGCCCAGT.1",1000
"X1_GTTACCCCAGGGATAC.1",8
"X1_GTTACCCCAGTAGAAT.1",1
"X1_GTTACCCCATATGAAG.1",7
"X1_GTTACCCCATCCGGCA.1",3
"X1_GTTACCCCATTCCTCG.1",4
"X1_GTTACCCGTAAGATAC.1",1000
"X1_GTTACCCGTAGATCGG.1",1000
"X1_GTTACCCGTAGATTAG.1",3
"X1_GTTACCCGTATCTTCT.1",1000
"X1_GTTACCCGTCCACGCA.1",5
"X1_GTTACCCGTCTAGGTT.1",1000
"X1_GTTACCCGTGAAGCGT.1",1000
"X1_GTTACCCGTGAGGAAA.1",8
"X1_GTTACCCGTGGTTTAC.1",7
"X1_GTTACCCGTGTCACAT.1",1000
"X1_GTTACCCGTGTGTGGA.1",4
"X1_GTTACCCGTGTTAGCT.1",8
"X1_GTTACCCGTGTTGCCG.1",1000
"X1_GTTACCCGTTGCGTAT.1",1000
"X1_GTTACCCGTTGGACCC.1",8
"X1_GTTACCCGTTGGGCCT.1",6
"X1_GTTACCCTCATCTCTA.1",4
"X1_GTTACCCTCATGCCAA.1",5
"X1_GTTACCCTCATTTCGT.1",8
"X1_GTTACCCTCCATGAGT.1",4
"X1_GTTACCCTCCCTATTA.1",2
"X1_GTTACCCTCCTACGGG.1",1000
"X1_GTTACCCTCCTGGGTG.1",6
"X1_GTTACCCTCGATCCAA.1",1000
"X1_GTTACCCTCGCTCTAC.1",4
"X1_GTTACCCTCGGCATTA.1",7
"X1_GTTACCCTCGTCGCTT.1",7
"X1_GTTACCCTCTGGCCAG.1",1000
"X1_GTTACCCTCTTCCGTG.1",8
"X1_GTTACGAAGAAATGGG.1",8
"X1_GTTACGAAGAATAGTC.1",7
"X1_GTTACGAAGACTCTAC.1",8
"X1_GTTACGAAGAGAGCCT.1",5
"X1_GTTACGAAGCTGACTT.1",7
"X1_GTTACGAAGCTTACGT.1",4
"X1_GTTACGAAGGCGAACT.1",1000
"X1_GTTACGAAGGCTCACC.1",1000
"X1_GTTACGAAGGGTTGCA.1",3
"X1_GTTACGAAGGTACCTT.1",1000
"X1_GTTACGAAGTAGGTTA.1",8
"X1_GTTACGAAGTTAACGA.1",1000
"X1_GTTACGAAGTTACTCG.1",4
"X1_GTTACGAAGTTCCATG.1",7
"X1_GTTACGAAGTTTAGGA.1",4
"X1_GTTACGACAAACGTGG.1",1000
"X1_GTTACGACAACAAGAT.1",7
"X1_GTTACGACAATGAGCG.1",7
"X1_GTTACGACACGGCACT.1",7
"X1_GTTACGACACGGTGAA.1",7
"X1_GTTACGACAGCACACC.1",5
"X1_GTTACGACAGCATACT.1",3
"X1_GTTACGACAGCGGTCT.1",1000
"X1_GTTACGACAGCGTATT.1",7
"X1_GTTACGACAGTCGAGA.1",1000
"X1_GTTACGACATACCACA.1",7
"X1_GTTACGACATGGTACT.1",7
"X1_GTTACGAGTACCGTGC.1",7
"X1_GTTACGAGTAGGACTG.1",1000
"X1_GTTACGAGTCAGTCGC.1",1
"X1_GTTACGAGTCCAGCGT.1",6
"X1_GTTACGAGTCCCTGTT.1",6
"X1_GTTACGAGTTATAGCC.1",6
"X1_GTTACGAGTTATGGTC.1",2
"X1_GTTACGATCCGCGGAT.1",7
"X1_GTTACGATCCTTACCG.1",1
"X1_GTTACGATCGTTGCCT.1",8
"X1_GTTACGATCTGCCCTA.1",1
"X1_GTTAGACAGATAGCTA.1",3
"X1_GTTAGACAGCCTGGAA.1",6
"X1_GTTAGACAGCTTAAGA.1",4
"X1_GTTAGACAGGACTTCT.1",1000
"X1_GTTAGACAGGGCAAGG.1",4
"X1_GTTAGACAGGGCTAAC.1",2
"X1_GTTAGACAGGTTACCT.1",0
"X1_GTTAGACAGTAAACTG.1",4
"X1_GTTAGACAGTATGAGT.1",4
"X1_GTTAGACAGTGCAAAT.1",6
"X1_GTTAGACAGTGTCATC.1",7
"X1_GTTAGACCAATCGAAA.1",8
"X1_GTTAGACCACCGTCGA.1",2
"X1_GTTAGACCAGGGACTA.1",1000
"X1_GTTAGACCAGGTCAGA.1",1000
"X1_GTTAGACCAGTGTGCC.1",7
"X1_GTTAGACCATCCGGTG.1",3
"X1_GTTAGACGTCCGGACT.1",3
"X1_GTTAGACGTCTACGTA.1",5
"X1_GTTAGACGTCTAGTGT.1",2
"X1_GTTAGACGTGTCTTCC.1",1000
"X1_GTTAGACGTGTGAATA.1",2
"X1_GTTAGACGTTACACAC.1",7
"X1_GTTAGACGTTGGTACT.1",8
"X1_GTTAGACGTTTCAGAC.1",7
"X1_GTTAGACTCATGGATC.1",1000
"X1_GTTAGACTCCCATAAG.1",7
"X1_GTTAGACTCCGGCTTT.1",0
"X1_GTTAGACTCGCCGAGT.1",7
"X1_GTTAGACTCGCGTCGA.1",6
"X1_GTTAGACTCGGCTATA.1",8
"X1_GTTAGACTCGTGACTA.1",8
"X1_GTTAGACTCTATGCCC.1",3
"X1_GTTAGACTCTCGGCTT.1",5
"X1_GTTAGACTCTCTGAGA.1",1
"X1_GTTAGACTCTTCACGC.1",8
"X1_GTTAGTGAGAATCGTA.1",8
"X1_GTTAGTGAGCTGACTT.1",4
"X1_GTTAGTGAGCTTGTGT.1",7
"X1_GTTAGTGAGGATGGCT.1",7
"X1_GTTAGTGAGTCGAAAT.1",4
"X1_GTTAGTGAGTCGTTAC.1",5
"X1_GTTAGTGAGTTGGAAT.1",1000
"X1_GTTAGTGAGTTGTAGA.1",2
"X1_GTTAGTGCAACATACC.1",3
"X1_GTTAGTGCAAGGTCAG.1",8
"X1_GTTAGTGCAGGTCCCA.1",5
"X1_GTTAGTGCAGTAACAA.1",8
"X1_GTTAGTGGTAACGGTG.1",8
"X1_GTTAGTGGTACCGCGT.1",1000
"X1_GTTAGTGGTACGCGTC.1",7
"X1_GTTAGTGGTACGCTAT.1",4
"X1_GTTAGTGGTATGTCTG.1",1000
"X1_GTTAGTGGTCTCTCAC.1",1000
"X1_GTTAGTGGTCTGCAAT.1",4
"X1_GTTAGTGGTCTGTAGT.1",7
"X1_GTTAGTGGTTAGGACG.1",1000
"X1_GTTAGTGGTTCCTTGC.1",3
"X1_GTTAGTGGTTCTGAGT.1",2
"X1_GTTAGTGTCAGGGTAG.1",4
"X1_GTTAGTGTCCATTGTT.1",5
"X1_GTTAGTGTCCCGTGTT.1",4
"X1_GTTAGTGTCCGCCTAT.1",1
"X1_GTTAGTGTCGTTCTGC.1",8
"X1_GTTAGTGTCTGCCCTA.1",4
"X1_GTTATGGAGAACAGGA.1",3
"X1_GTTATGGAGATACCAA.1",3
"X1_GTTATGGAGGACGCTA.1",1000
"X1_GTTATGGAGGAGGTTC.1",1000
"X1_GTTATGGAGGCGACAT.1",1000
"X1_GTTATGGAGGTCCCGT.1",7
"X1_GTTATGGAGGTTGAGC.1",2
"X1_GTTATGGAGTCCGCGT.1",1000
"X1_GTTATGGAGTTGCATC.1",1
"X1_GTTATGGCAAATGCTC.1",4
"X1_GTTATGGCAAGTGGAC.1",8
"X1_GTTATGGCAATTGCCA.1",7
"X1_GTTATGGCACAGCATT.1",7
"X1_GTTATGGCACCAGGTC.1",8
"X1_GTTATGGCATAACTCG.1",8
"X1_GTTATGGGTACGAGTG.1",6
"X1_GTTATGGGTACGGCAA.1",5
"X1_GTTATGGGTAGTCACT.1",4
"X1_GTTATGGGTCAGACGA.1",8
"X1_GTTATGGGTCCTATAG.1",4
"X1_GTTATGGGTGCTTCAA.1",6
"X1_GTTATGGGTGGCAGAT.1",1000
"X1_GTTATGGGTGTCACAT.1",8
"X1_GTTATGGGTTCCCAAA.1",1000
"X1_GTTATGGGTTCCGCAG.1",1
"X1_GTTATGGGTTCGCGTG.1",8
"X1_GTTATGGGTTTGAACC.1",7
"X1_GTTATGGTCAACCTTT.1",2
"X1_GTTATGGTCACGATCA.1",1000
"X1_GTTATGGTCCCATAAG.1",1000
"X1_GTTATGGTCGCAATTG.1",1000
"X1_GTTATGGTCGCGAAGA.1",1
"X1_GTTATGGTCTCTCGCA.1",8
"X1_GTTATGGTCTGCTTAT.1",1000
"X1_GTTCATTAGATCACTC.1",1000
"X1_GTTCATTAGCATGGGT.1",1000
"X1_GTTCATTAGCCTCATA.1",7
"X1_GTTCATTAGGAGACCT.1",2
"X1_GTTCATTAGTCGAATA.1",6
"X1_GTTCATTAGTGTTGAA.1",8
"X1_GTTCATTCAAACTGCT.1",7
"X1_GTTCATTCAACAGAGC.1",2
"X1_GTTCATTCAACCAATC.1",2
"X1_GTTCATTCAACTCATG.1",1000
"X1_GTTCATTCAATGCAAA.1",8
"X1_GTTCATTCACAAAGTA.1",6
"X1_GTTCATTCACCAACAT.1",1
"X1_GTTCATTCACGACGTC.1",0
"X1_GTTCATTCAGACTGCC.1",1000
"X1_GTTCATTCAGAGGAAA.1",4
"X1_GTTCATTCAGTAGGAC.1",3
"X1_GTTCATTCATCCTCAC.1",1000
"X1_GTTCATTGTCAGTCTA.1",3
"X1_GTTCATTGTCGTTCAA.1",7
"X1_GTTCATTGTGCCCACA.1",8
"X1_GTTCATTGTGCCTGAC.1",7
"X1_GTTCATTGTGGCGTAA.1",0
"X1_GTTCATTGTGTTGCCG.1",8
"X1_GTTCATTGTTACACAC.1",3
"X1_GTTCATTGTTGCCGCA.1",1000
"X1_GTTCATTGTTGTTGAC.1",8
"X1_GTTCATTGTTTGGAAA.1",8
"X1_GTTCATTTCAAACTGC.1",1000
"X1_GTTCATTTCACTCCGT.1",5
"X1_GTTCATTTCATCGTAG.1",1000
"X1_GTTCATTTCTACGCGG.1",1
"X1_GTTCATTTCTGTCGCT.1",3
"X1_GTTCCGTAGAATTTGG.1",3
"X1_GTTCCGTAGAGGTCAC.1",1000
"X1_GTTCCGTAGATTAGTG.1",8
"X1_GTTCCGTAGCATGAAT.1",5
"X1_GTTCCGTAGGAGACCT.1",4
"X1_GTTCCGTAGGATGAGA.1",4
"X1_GTTCCGTAGGTTGAGC.1",6
"X1_GTTCCGTAGTAACGTA.1",8
"X1_GTTCCGTAGTGGAAAG.1",7
"X1_GTTCCGTCAAACACCT.1",5
"X1_GTTCCGTCACACGTGC.1",1000
"X1_GTTCCGTCACCGTCGA.1",4
"X1_GTTCCGTCACCGTGAC.1",2
"X1_GTTCCGTCACGAGGTA.1",2
"X1_GTTCCGTCACGCGCAT.1",7
"X1_GTTCCGTCACGCTGAC.1",1000
"X1_GTTCCGTCACGGCTAC.1",8
"X1_GTTCCGTCACTCCGAG.1",6
"X1_GTTCCGTCAGACCGCT.1",5
"X1_GTTCCGTCAGACCTGC.1",3
"X1_GTTCCGTCATCGATGT.1",1000
"X1_GTTCCGTCATGACAGG.1",7
"X1_GTTCCGTCATTCATCT.1",5
"X1_GTTCCGTGTAATTGGA.1",7
"X1_GTTCCGTGTACGTAGG.1",1000
"X1_GTTCCGTGTCTACGAT.1",3
"X1_GTTCCGTGTCTGATCA.1",1000
"X1_GTTCCGTGTTAAGAAC.1",3
"X1_GTTCCGTGTTTACTGG.1",4
"X1_GTTCCGTTCACCCTCA.1",1000
"X1_GTTCCGTTCGCGTGAC.1",4
"X1_GTTCCGTTCGGTGAAG.1",4
"X1_GTTCCGTTCGTGCAGC.1",8
"X1_GTTCCGTTCTGGAGAG.1",2
"X1_GTTCGCTAGGATACAT.1",4
"X1_GTTCGCTAGGCAGTCA.1",5
"X1_GTTCGCTAGGTACAAT.1",8
"X1_GTTCGCTAGGTTGGAC.1",8
"X1_GTTCGCTAGTCTCGTA.1",3
"X1_GTTCGCTCAAGGGCAT.1",1000
"X1_GTTCGCTCACCAGACC.1",8
"X1_GTTCGCTCACCTCGTT.1",1000
"X1_GTTCGCTCAGGCCTGT.1",4
"X1_GTTCGCTGTACAAAGT.1",8
"X1_GTTCGCTGTACGTTCA.1",4
"X1_GTTCGCTGTATGTGTC.1",8
"X1_GTTCGCTGTCACGACC.1",7
"X1_GTTCGCTGTCATAAAG.1",1000
"X1_GTTCGCTGTCCCTGAG.1",8
"X1_GTTCGCTGTCTCTCCA.1",1000
"X1_GTTCGCTGTCTGTGTA.1",5
"X1_GTTCGCTGTCTTCATT.1",4
"X1_GTTCGCTGTGATAGTA.1",8
"X1_GTTCGCTGTTAGGCTT.1",1
"X1_GTTCGCTGTTGGCTAT.1",7
"X1_GTTCGCTGTTGTGCAT.1",8
"X1_GTTCGCTGTTTCGATG.1",2
"X1_GTTCGCTTCAGCATTG.1",1000
"X1_GTTCGCTTCCAAGCAT.1",1000
"X1_GTTCGCTTCCATTTGT.1",3
"X1_GTTCGCTTCGACCACG.1",7
"X1_GTTCGCTTCGGTCGAC.1",8
"X1_GTTCGCTTCGTGTTCC.1",4
"X1_GTTCGCTTCTCACTCG.1",8
"X1_GTTCGCTTCTCAGAAC.1",4
"X1_GTTCGCTTCTCTGCTG.1",1000
"X1_GTTCGCTTCTGACCCT.1",4
"X1_GTTCGCTTCTTGTGCC.1",2
"X1_GTTCTATAGCCACCGT.1",3
"X1_GTTCTATAGGTAAGGA.1",8
"X1_GTTCTATCAAATTGCC.1",2
"X1_GTTCTATCAAGTGCTT.1",3
"X1_GTTCTATCAATATCCG.1",8
"X1_GTTCTATCACCAAAGG.1",1000
"X1_GTTCTATCACTTGTGA.1",8
"X1_GTTCTATCAGAGGCTA.1",3
"X1_GTTCTATCAGGCATGA.1",7
"X1_GTTCTATCAGGCGAAT.1",3
"X1_GTTCTATCATCGGAGA.1",8
"X1_GTTCTATCATTCAGGT.1",1
"X1_GTTCTATGTACTAACC.1",2
"X1_GTTCTATGTAGAAACT.1",1000
"X1_GTTCTATGTCATCCGG.1",7
"X1_GTTCTATGTCGTATGT.1",7
"X1_GTTCTATGTGCATTTG.1",7
"X1_GTTCTATTCAGATTGC.1",6
"X1_GTTCTATTCAGCATTG.1",7
"X1_GTTCTATTCATCACAG.1",4
"X1_GTTCTATTCCCGTGTT.1",3
"X1_GTTCTATTCCGTCCTA.1",7
"X1_GTTGAACAGACTAGAT.1",7
"X1_GTTGAACAGAGAATCT.1",3
"X1_GTTGAACAGGACTTCT.1",1000
"X1_GTTGAACAGGGAGGCA.1",3
"X1_GTTGAACAGGGAGTTC.1",0
"X1_GTTGAACAGTATGGAT.1",7
"X1_GTTGAACAGTGCTCGC.1",3
"X1_GTTGAACAGTTCTACG.1",5
"X1_GTTGAACAGTTGAAGT.1",0
"X1_GTTGAACCAACTCGAT.1",2
"X1_GTTGAACCACTTCCTG.1",8
"X1_GTTGAACCATCGATAC.1",3
"X1_GTTGAACCATGACAGG.1",4
"X1_GTTGAACGTATGGTAA.1",7
"X1_GTTGAACGTCAGGTGA.1",1000
"X1_GTTGAACGTCGCATTA.1",8
"X1_GTTGAACGTGCATTTG.1",8
"X1_GTTGAACTCAAGCTGT.1",2
"X1_GTTGAACTCAGAGTTC.1",1
"X1_GTTGAACTCGATTGAC.1",4
"X1_GTTGAACTCGCTGTCT.1",4
"X1_GTTGAACTCTTGGATG.1",3
"X1_GTTGCGGAGAGGATGA.1",1000
"X1_GTTGCGGAGCCGATCC.1",7
"X1_GTTGCGGAGGGCAGGA.1",1000
"X1_GTTGCGGAGTAAACTG.1",4
"X1_GTTGCGGCAACGATTC.1",8
"X1_GTTGCGGCAACGCATT.1",3
"X1_GTTGCGGCAAGAGTAT.1",7
"X1_GTTGCGGCAAGTGCTT.1",8
"X1_GTTGCGGCACCACTGG.1",8
"X1_GTTGCGGCAGAGAAAG.1",7
"X1_GTTGCGGCAGCAAGAC.1",3
"X1_GTTGCGGCATACGCAT.1",4
"X1_GTTGCGGGTAACAGTA.1",1000
"X1_GTTGCGGGTAACGATA.1",4
"X1_GTTGCGGGTATCCTCC.1",8
"X1_GTTGCGGGTATCCTTT.1",7
"X1_GTTGCGGGTGATGAAT.1",7
"X1_GTTGCGGGTGTTCGTA.1",2
"X1_GTTGCGGTCAACCGAT.1",1000
"X1_GTTGCGGTCACTTATC.1",3
"X1_GTTGCGGTCAGAATAG.1",0
"X1_GTTGCGGTCCCTTGGT.1",6
"X1_GTTGCGGTCGAGGCAA.1",1000
"X1_GTTGCGGTCGCAGATT.1",8
"X1_GTTGCGGTCTACTATC.1",1000
"X1_GTTGCTCAGAATCGAT.1",3
"X1_GTTGCTCAGAGAGTGA.1",1000
"X1_GTTGCTCAGCTAAACA.1",6
"X1_GTTGCTCAGGTGTGAC.1",1000
"X1_GTTGCTCAGTACTGTC.1",5
"X1_GTTGCTCAGTATAACG.1",8
"X1_GTTGCTCAGTCACACT.1",6
"X1_GTTGCTCAGTCATAGA.1",7
"X1_GTTGCTCAGTTGCTGT.1",7
"X1_GTTGCTCCAAAGCTAA.1",2
"X1_GTTGCTCCAACACTAC.1",8
"X1_GTTGCTCCAAGGTACG.1",5
"X1_GTTGCTCCACCGTCGA.1",1
"X1_GTTGCTCCACTTGAAC.1",7
"X1_GTTGCTCCAGACAATA.1",7
"X1_GTTGCTCCAGCTCCTT.1",7
"X1_GTTGCTCCAGGAACCA.1",1000
"X1_GTTGCTCCAGGCGAAT.1",4
"X1_GTTGCTCCATCGATGT.1",8
"X1_GTTGCTCCATGGCTGC.1",3
"X1_GTTGCTCCATTCGATG.1",4
"X1_GTTGCTCGTCGAAGCA.1",2
"X1_GTTGCTCGTGCTCCGA.1",1000
"X1_GTTGCTCGTTATCCAG.1",4
"X1_GTTGCTCTCACTACGA.1",1000
"X1_GTTGCTCTCAGTCACA.1",7
"X1_GTTGCTCTCCAACCGG.1",0
"X1_GTTGCTCTCCCAAGCG.1",5
"X1_GTTGCTCTCCGACATA.1",1000
"X1_GTTGCTCTCCGTCACT.1",4
"X1_GTTGCTCTCCTCAGAA.1",4
"X1_GTTGCTCTCGAAGCAG.1",1000
"X1_GTTGCTCTCTTGCAGA.1",2
"X1_GTTGTAGAGATGCTAA.1",1000
"X1_GTTGTAGAGCATGAAT.1",5
"X1_GTTGTAGAGCTTAAGA.1",4
"X1_GTTGTAGAGGGCAACT.1",4
"X1_GTTGTAGAGGTCATAA.1",5
"X1_GTTGTAGAGTTGCGAG.1",7
"X1_GTTGTAGAGTTGTCGT.1",2
"X1_GTTGTAGCAATGTCTG.1",1000
"X1_GTTGTAGCACACCGCA.1",1000
"X1_GTTGTAGCAGAACTTC.1",8
"X1_GTTGTAGCAGATTAAG.1",8
"X1_GTTGTAGCAGCACAAG.1",8
"X1_GTTGTAGCATCTTTCA.1",1000
"X1_GTTGTAGCATGAGAAT.1",7
"X1_GTTGTAGGTAGACAAT.1",3
"X1_GTTGTAGGTATGAGGC.1",1000
"X1_GTTGTAGGTCAAAGAT.1",1000
"X1_GTTGTAGGTCACTCAA.1",4
"X1_GTTGTAGGTCTGTAGT.1",7
"X1_GTTGTAGGTGTGGTCC.1",1000
"X1_GTTGTAGGTTCCGTTC.1",1000
"X1_GTTGTAGGTTGCTCCT.1",1
"X1_GTTGTAGGTTGGTAGG.1",0
"X1_GTTGTAGGTTGTTGCA.1",1000
"X1_GTTGTAGTCACAACCA.1",6
"X1_GTTGTAGTCATTGCCC.1",1000
"X1_GTTGTAGTCCATACTT.1",5
"X1_GTTGTAGTCGACATAC.1",4
"X1_GTTGTAGTCTGGCCAG.1",1
"X1_GTTGTCCAGAGAGGGC.1",7
"X1_GTTGTCCAGCAACAAT.1",4
"X1_GTTGTCCAGCAAGGAA.1",8
"X1_GTTGTCCAGCGTGAAC.1",1
"X1_GTTGTCCAGGCGTTGA.1",8
"X1_GTTGTCCAGGTCATTC.1",6
"X1_GTTGTCCAGTATGGCG.1",5
"X1_GTTGTCCAGTTCCTGA.1",8
"X1_GTTGTCCCAACTGAAA.1",8
"X1_GTTGTCCCACATTACG.1",3
"X1_GTTGTCCCACCTTCGT.1",5
"X1_GTTGTCCCACGTAGTT.1",5
"X1_GTTGTCCCACTCAGAT.1",5
"X1_GTTGTCCCAGCGATTT.1",5
"X1_GTTGTCCCAGTAACGG.1",7
"X1_GTTGTCCCATCCCGTT.1",3
"X1_GTTGTCCCATCCGATA.1",2
"X1_GTTGTCCGTAACGATA.1",8
"X1_GTTGTCCGTCAGCTTA.1",4
"X1_GTTGTCCGTCATGCAT.1",8
"X1_GTTGTCCGTGGCAACA.1",1000
"X1_GTTGTCCGTGGTCTTA.1",7
"X1_GTTGTCCGTGTGTCCG.1",4
"X1_GTTGTCCGTTCATCTT.1",4
"X1_GTTGTCCGTTCCGCTT.1",4
"X1_GTTGTCCGTTGAAGTA.1",1000
"X1_GTTGTCCGTTGAATCC.1",4
"X1_GTTGTCCGTTGGGTTT.1",5
"X1_GTTGTCCGTTTACTGG.1",8
"X1_GTTGTCCTCAATCCGA.1",1000
"X1_GTTGTCCTCATACGAC.1",8
"X1_GTTGTCCTCCCTCATG.1",1000
"X1_GTTGTCCTCCCTTGTG.1",2
"X1_GTTGTGAAGATGGCAC.1",1000
"X1_GTTGTGAAGCCTCGTG.1",8
"X1_GTTGTGAAGGAGAGTA.1",3
"X1_GTTGTGAAGGATTCAA.1",1000
"X1_GTTGTGAAGGTCACTT.1",7
"X1_GTTGTGAAGTGTTCAC.1",8
"X1_GTTGTGACAATTCTCT.1",4
"X1_GTTGTGACAGCTGTGC.1",3
"X1_GTTGTGACAGGTGACA.1",2
"X1_GTTGTGACATATAGCC.1",1000
"X1_GTTGTGACATCGATCA.1",1000
"X1_GTTGTGACATGATCTG.1",1000
"X1_GTTGTGAGTACACTCA.1",7
"X1_GTTGTGAGTATCGAAA.1",8
"X1_GTTGTGAGTCACAGAG.1",1
"X1_GTTGTGAGTGAAGCTG.1",1000
"X1_GTTGTGAGTGGCGCTT.1",2
"X1_GTTGTGAGTTCCACGG.1",6
"X1_GTTGTGATCAAGGTGG.1",1000
"X1_GTTGTGATCTTAGCAG.1",6
"X1_GTTTACTAGACCAAAT.1",8
"X1_GTTTACTAGACTGGGT.1",5
"X1_GTTTACTAGAGTCCGA.1",5
"X1_GTTTACTAGCACTAAA.1",2
"X1_GTTTACTAGCCAACCC.1",3
"X1_GTTTACTAGCCTCGTG.1",2
"X1_GTTTACTAGCGCTTCG.1",6
"X1_GTTTACTAGCTGCCAC.1",1000
"X1_GTTTACTAGGAAAGAC.1",5
"X1_GTTTACTAGGCCTGAA.1",5
"X1_GTTTACTAGGCTAAAT.1",8
"X1_GTTTACTAGTGACACG.1",1000
"X1_GTTTACTCAACCAATC.1",8
"X1_GTTTACTCACACAGAG.1",8
"X1_GTTTACTCACCAATTG.1",7
"X1_GTTTACTCAGAGTGTG.1",3
"X1_GTTTACTCAGCTCGGT.1",3
"X1_GTTTACTCAGGCTTGC.1",1000
"X1_GTTTACTCAGGTTTAC.1",8
"X1_GTTTACTCAGTCGCAC.1",4
"X1_GTTTACTCAGTGCCTG.1",2
"X1_GTTTACTCATACCACA.1",4
"X1_GTTTACTCATCATCTT.1",7
"X1_GTTTACTCATGACTGT.1",6
"X1_GTTTACTGTACAGTTC.1",4
"X1_GTTTACTGTAGGCTCC.1",0
"X1_GTTTACTGTCCCGGTA.1",7
"X1_GTTTACTGTGAAAGTT.1",5
"X1_GTTTACTGTGAATTGA.1",8
"X1_GTTTACTGTGACAGCA.1",7
"X1_GTTTACTGTGAGGAAA.1",7
"X1_GTTTACTGTTTGAACC.1",1000
"X1_GTTTACTGTTTGTGGT.1",7
"X1_GTTTACTTCACTTGTT.1",4
"X1_GTTTACTTCATCGCCT.1",4
"X1_GTTTACTTCATCTCTA.1",7
"X1_GTTTACTTCCATTCGC.1",1000
"X1_GTTTACTTCCCAAGCG.1",3
"X1_GTTTACTTCCCTTGGT.1",1000
"X1_GTTTACTTCGACCATA.1",5
"X1_GTTTACTTCGAGAATA.1",1000
"X1_GTTTACTTCGTTCTCG.1",5
"X1_GTTTACTTCTTAGGAC.1",1000
"X1_GTTTGGAAGAGCCCAA.1",7
"X1_GTTTGGAAGAGGGCGA.1",8
"X1_GTTTGGAAGATAGTCA.1",7
"X1_GTTTGGAAGCACACCC.1",1000
"X1_GTTTGGAAGCATCCCG.1",7
"X1_GTTTGGAAGCTCCCTT.1",6
"X1_GTTTGGAAGGGTACAC.1",1000
"X1_GTTTGGAAGGGTTAAT.1",1000
"X1_GTTTGGAAGGTCCCTG.1",8
"X1_GTTTGGAAGGTGCTTT.1",7
"X1_GTTTGGAAGTCGCGAA.1",1000
"X1_GTTTGGAAGTGTAGAT.1",1000
"X1_GTTTGGAAGTTTCAGC.1",4
"X1_GTTTGGACAAGCGCTC.1",8
"X1_GTTTGGACAAGTCCAT.1",1000
"X1_GTTTGGACAATCAAGA.1",1000
"X1_GTTTGGACACACCTAA.1",1000
"X1_GTTTGGACACGTAGTT.1",1000
"X1_GTTTGGACACTGCGTG.1",8
"X1_GTTTGGACAGCATTGT.1",8
"X1_GTTTGGACAGTTAGGG.1",4
"X1_GTTTGGACATAGTCAC.1",2
"X1_GTTTGGACATCATTTC.1",1000
"X1_GTTTGGAGTATGCTAC.1",8
"X1_GTTTGGAGTCACAGTT.1",6
"X1_GTTTGGAGTCACCACG.1",7
"X1_GTTTGGAGTGCTTCAA.1",1000
"X1_GTTTGGAGTGGAACCA.1",6
"X1_GTTTGGAGTGGCTCTG.1",7
"X1_GTTTGGAGTTCCTAGA.1",4
"X1_GTTTGGAGTTCGTAAC.1",3
"X1_GTTTGGAGTTGGATCT.1",8
"X1_GTTTGGATCACTTCTA.1",7
"X1_GTTTGGATCATAGACC.1",1000
"X1_GTTTGGATCCATTGCC.1",1000
"X1_GTTTGGATCGAGTCTA.1",8
"X1_GTTTGGATCGCTACGG.1",3
"X1_GTTTGGATCGTAGTGT.1",8
"X1_GTTTGGATCTAGTACG.1",2
"X1_GTTTGGATCTCATTGT.1",8
"X1_GTTTGGATCTCCAATT.1",1000
"X1_GTTTGGATCTGCGTCT.1",1000
"X1_GTTTGGATCTTCTGGC.1",4
"X1_TAACACGAGAACGTGC.1",7
"X1_TAACACGAGACGGAAA.1",5
"X1_TAACACGAGAGAGGTA.1",7
"X1_TAACACGAGCACCGTC.1",8
"X1_TAACACGAGCCTCAAT.1",4
"X1_TAACACGAGCCTGCCA.1",1000
"X1_TAACACGAGGAAGTAG.1",1000
"X1_TAACACGAGGCCTAAG.1",3
"X1_TAACACGCAACATCGT.1",3
"X1_TAACACGCAATAGAGT.1",4
"X1_TAACACGCACATCATG.1",1000
"X1_TAACACGCACATGTTG.1",1000
"X1_TAACACGCACGTAACT.1",1000
"X1_TAACACGCAGCAGTTT.1",6
"X1_TAACACGCAGTGTACT.1",5
"X1_TAACACGCATAGAATG.1",6
"X1_TAACACGCATATGAAG.1",1000
"X1_TAACACGGTAACACGG.1",6
"X1_TAACACGGTAGACAAT.1",7
"X1_TAACACGGTCAAAGAT.1",2
"X1_TAACACGGTCCAAGAG.1",1
"X1_TAACACGGTCCGATCG.1",8
"X1_TAACACGGTGCTCTTC.1",1000
"X1_TAACACGGTTAGAGTA.1",1000
"X1_TAACACGGTTCGGGTC.1",7
"X1_TAACACGGTTTCCAAG.1",6
"X1_TAACACGTCAACGAGG.1",5
"X1_TAACACGTCCTGCTAC.1",4
"X1_TAACACGTCGCCAGAC.1",1000
"X1_TAACACGTCGGTAGAG.1",3
"X1_TAACCAGAGAACTCCT.1",7
"X1_TAACCAGAGACCGTTT.1",8
"X1_TAACCAGAGAGCATCG.1",6
"X1_TAACCAGAGATACGAT.1",7
"X1_TAACCAGAGCCGTCGT.1",1000
"X1_TAACCAGAGGAACTAT.1",8
"X1_TAACCAGAGGAGACCT.1",8
"X1_TAACCAGAGGCGATAC.1",3
"X1_TAACCAGAGGTATTGA.1",1000
"X1_TAACCAGAGGTCATTC.1",1000
"X1_TAACCAGAGTAAACTG.1",0
"X1_TAACCAGAGTCAGGGT.1",8
"X1_TAACCAGAGTCGAATA.1",4
"X1_TAACCAGAGTCGTCTA.1",1000
"X1_TAACCAGAGTGAGGCT.1",4
"X1_TAACCAGAGTGATAGT.1",7
"X1_TAACCAGAGTTGCGAG.1",3
"X1_TAACCAGCAACGAGGT.1",1000
"X1_TAACCAGCACAAACGG.1",7
"X1_TAACCAGCACATATGC.1",1000
"X1_TAACCAGCAGATTCGT.1",0
"X1_TAACCAGCAGCTGTTA.1",1
"X1_TAACCAGCAGTGTGGA.1",7
"X1_TAACCAGCATACAGAA.1",2
"X1_TAACCAGCATATGAAG.1",1000
"X1_TAACCAGCATGGCACC.1",8
"X1_TAACCAGGTCACAGAG.1",8
"X1_TAACCAGGTCCATAGT.1",8
"X1_TAACCAGGTGCCCACA.1",1
"X1_TAACCAGGTTCCGCAG.1",7
"X1_TAACCAGGTTGTTTGG.1",1000
"X1_TAACCAGTCAACGAGG.1",6
"X1_TAACCAGTCACGGACC.1",0
"X1_TAACCAGTCAGAATAG.1",0
"X1_TAACCAGTCATCCTAT.1",4
"X1_TAACCAGTCGCCGAAC.1",8
"X1_TAACCAGTCGCTATTT.1",8
"X1_TAACCAGTCGTGTTCC.1",1000
"X1_TAACCAGTCTCCACTG.1",7
"X1_TAACGACAGGCCTAGA.1",1000
"X1_TAACGACAGTCGCGAA.1",0
"X1_TAACGACAGTGCAAAT.1",2
"X1_TAACGACAGTTACGTC.1",3
"X1_TAACGACCAACGACAG.1",1000
"X1_TAACGACCAATTCTTC.1",1000
"X1_TAACGACCACACAGAG.1",7
"X1_TAACGACCAGAGCCCT.1",7
"X1_TAACGACCATGATAGA.1",3
"X1_TAACGACCATGCAGCC.1",8
"X1_TAACGACCATGGAACG.1",7
"X1_TAACGACGTAGCCCTG.1",8
"X1_TAACGACGTATGCGGA.1",4
"X1_TAACGACGTCACCGAC.1",7
"X1_TAACGACGTCCAAGAG.1",7
"X1_TAACGACGTCCCTGAG.1",1000
"X1_TAACGACGTCGCTTGG.1",8
"X1_TAACGACGTGCACAAG.1",1000
"X1_TAACGACGTGGCGCTT.1",4
"X1_TAACGACGTGTGTGGA.1",8
"X1_TAACGACGTTGCCTAA.1",3
"X1_TAACGACTCAGACCGC.1",8
"X1_TAACGACTCCAACCGG.1",1000
"X1_TAACGACTCCCGAGAC.1",2
"X1_TAACGACTCCCGTTCA.1",8
"X1_TAACGACTCCGTAGTA.1",7
"X1_TAACGACTCGACGCTG.1",7
"X1_TAACGACTCGATTGAC.1",1000
"X1_TAACGACTCTATGCCC.1",1000
"X1_TAACGACTCTCTGGTC.1",8
"X1_TAACTTCAGAAGCGCT.1",1000
"X1_TAACTTCAGAATAGTC.1",5
"X1_TAACTTCAGACGCATG.1",1000
"X1_TAACTTCAGAGTCTGG.1",1000
"X1_TAACTTCAGCCTCTCT.1",4
"X1_TAACTTCAGCGATGAC.1",1000
"X1_TAACTTCAGGCCTTGC.1",7
"X1_TAACTTCAGGGATGTC.1",8
"X1_TAACTTCAGGGCATGT.1",0
"X1_TAACTTCAGGTAGACC.1",4
"X1_TAACTTCAGGTTCCAT.1",8
"X1_TAACTTCCAATAGAGT.1",7
"X1_TAACTTCCACCGGCTA.1",1000
"X1_TAACTTCCACGGCTAC.1",0
"X1_TAACTTCCAGACCATT.1",1000
"X1_TAACTTCCAGCAATTC.1",1
"X1_TAACTTCCAGCTTTGA.1",1000
"X1_TAACTTCGTCCATAGT.1",6
"X1_TAACTTCGTCGTCTCT.1",4
"X1_TAACTTCGTCTAGGTT.1",1000
"X1_TAACTTCGTCTATGAC.1",2
"X1_TAACTTCGTCTCAGGC.1",8
"X1_TAACTTCGTCTGTCAA.1",6
"X1_TAACTTCGTGATATAG.1",1000
"X1_TAACTTCGTGCCCAGT.1",8
"X1_TAACTTCGTGTATTGC.1",7
"X1_TAACTTCGTTATTCTC.1",5
"X1_TAACTTCGTTGACTAC.1",7
"X1_TAACTTCGTTGAGAGC.1",8
"X1_TAACTTCGTTGGGAAC.1",1000
"X1_TAACTTCGTTTCGGCG.1",7
"X1_TAACTTCTCAATGTCG.1",1000
"X1_TAACTTCTCACTCGAA.1",3
"X1_TAACTTCTCAGAGTTC.1",1000
"X1_TAACTTCTCAGTAGGG.1",8
"X1_TAACTTCTCCCGTTCA.1",0
"X1_TAACTTCTCCTCAGAA.1",4
"X1_TAACTTCTCCTGTAGA.1",5
"X1_TAACTTCTCCTTGACC.1",7
"X1_TAACTTCTCGAGCCAC.1",4
"X1_TAACTTCTCGTAACCA.1",8
"X1_TAACTTCTCGTCGACG.1",6
"X1_TAAGCACAGAAGAGCA.1",8
"X1_TAAGCACAGACCTCCG.1",1000
"X1_TAAGCACAGAGAAGGT.1",1000
"X1_TAAGCACAGAGCAACC.1",3
"X1_TAAGCACAGCATATGA.1",1
"X1_TAAGCACAGCATGAAT.1",7
"X1_TAAGCACAGGCCCACT.1",4
"X1_TAAGCACAGGGCTTCC.1",3
"X1_TAAGCACAGGTGAGCT.1",4
"X1_TAAGCACAGTACAGCG.1",4
"X1_TAAGCACAGTATGAGT.1",6
"X1_TAAGCACAGTGGTTCT.1",2
"X1_TAAGCACAGTTCATGC.1",6
"X1_TAAGCACCAAGAATGT.1",3
"X1_TAAGCACCAAGCGATG.1",1000
"X1_TAAGCACCAAGTGATA.1",5
"X1_TAAGCACCAATCTCTT.1",4
"X1_TAAGCACCAGCGCGTT.1",7
"X1_TAAGCACCAGCTACTA.1",4
"X1_TAAGCACCAGGAACCA.1",4
"X1_TAAGCACCAGTGACCC.1",1000
"X1_TAAGCACCATAGGTTC.1",8
"X1_TAAGCACCATGCTGCG.1",1000
"X1_TAAGCACGTACCGTCG.1",5
"X1_TAAGCACGTACTAAGA.1",1000
"X1_TAAGCACGTATCAGGG.1",6
"X1_TAAGCACGTATCCCAA.1",8
"X1_TAAGCACGTATGAGGC.1",5
"X1_TAAGCACGTCATCACA.1",7
"X1_TAAGCACGTCTGTAAC.1",1000
"X1_TAAGCACGTTCTATCT.1",0
"X1_TAAGCACGTTGCCTAA.1",7
"X1_TAAGCACGTTTGGAGG.1",8
"X1_TAAGCACTCACACCGG.1",7
"X1_TAAGCACTCACTACTT.1",4
"X1_TAAGCACTCATGAGTC.1",8
"X1_TAAGCACTCATGGCCG.1",0
"X1_TAAGCACTCCACTAGA.1",8
"X1_TAAGCACTCCATCTAT.1",7
"X1_TAAGCACTCGGCTTGG.1",3
"X1_TAAGCACTCTATCGTT.1",7
"X1_TAAGCACTCTCTATAC.1",4
"X1_TAAGCACTCTGTACAG.1",2
"X1_TAAGCCAAGACGATAT.1",1000
"X1_TAAGCCAAGATGGGCT.1",1000
"X1_TAAGCCAAGCAGGCTA.1",7
"X1_TAAGCCAAGCCGCTTG.1",4
"X1_TAAGCCAAGCGTCTGC.1",7
"X1_TAAGCCAAGCTAAACA.1",4
"X1_TAAGCCAAGGCCATAG.1",1000
"X1_TAAGCCAAGTAGATCA.1",7
"X1_TAAGCCAAGTAGCTCT.1",1
"X1_TAAGCCAAGTAGGGTC.1",1000
"X1_TAAGCCAAGTTCCGTA.1",1
"X1_TAAGCCACAAACTCTG.1",4
"X1_TAAGCCACAAAGGCAC.1",1
"X1_TAAGCCACAAAGTATG.1",3
"X1_TAAGCCACAACTCGTA.1",7
"X1_TAAGCCACACCTGTCT.1",1000
"X1_TAAGCCACACGAGAAC.1",0
"X1_TAAGCCACACTTTAGG.1",8
"X1_TAAGCCACACTTTATC.1",8
"X1_TAAGCCACAGAGATGC.1",8
"X1_TAAGCCACAGATAAAC.1",6
"X1_TAAGCCACAGCTCCTT.1",5
"X1_TAAGCCACAGTTCTAG.1",1000
"X1_TAAGCCAGTACCTAAC.1",4
"X1_TAAGCCAGTATGGGAC.1",1000
"X1_TAAGCCAGTCAAAGAT.1",7
"X1_TAAGCCAGTCAACATC.1",1
"X1_TAAGCCAGTCCACTTC.1",8
"X1_TAAGCCAGTGGACTAG.1",8
"X1_TAAGCCAGTGGTCTAT.1",1000
"X1_TAAGCCAGTTCCTAGA.1",1
"X1_TAAGCCAGTTTGCCGG.1",1000
"X1_TAAGCCATCAGACCGC.1",1000
"X1_TAAGCCATCCAATCCC.1",8
"X1_TAAGCCATCCACTAGA.1",1000
"X1_TAAGCCATCCATACTT.1",1000
"X1_TAAGCCATCCGTGGTG.1",1000
"X1_TAAGCCATCGTACACA.1",7
"X1_TAAGCCATCGTTGTGA.1",1000
"X1_TAAGCCATCTGCGGCA.1",7
"X1_TAAGCCATCTTCCAGC.1",4
"X1_TAAGCGTAGACAGTCG.1",0
"X1_TAAGCGTAGATGCTAA.1",1000
"X1_TAAGCGTAGATGCTGG.1",1000
"X1_TAAGCGTAGCAGCCTC.1",1000
"X1_TAAGCGTAGGAGGGTG.1",8
"X1_TAAGCGTAGGATTCCT.1",2
"X1_TAAGCGTAGGGAGGAC.1",8
"X1_TAAGCGTAGTACTGGG.1",1000
"X1_TAAGCGTAGTCACACT.1",8
"X1_TAAGCGTAGTCATGAA.1",7
"X1_TAAGCGTAGTTTGAGA.1",4
"X1_TAAGCGTCAACCAGAG.1",5
"X1_TAAGCGTCAAGACGGT.1",4
"X1_TAAGCGTCAGAGACTG.1",8
"X1_TAAGCGTCAGAGATTA.1",4
"X1_TAAGCGTCAGAGGACT.1",4
"X1_TAAGCGTCATCGGAAG.1",4
"X1_TAAGCGTCATTGAGGG.1",8
"X1_TAAGCGTGTCGTCGGT.1",7
"X1_TAAGCGTGTGACAACG.1",7
"X1_TAAGCGTGTGATACTC.1",1000
"X1_TAAGCGTGTGCCCAGT.1",4
"X1_TAAGCGTGTGGTAATA.1",1000
"X1_TAAGCGTGTTAGAGAT.1",1
"X1_TAAGCGTGTTCAATCG.1",7
"X1_TAAGCGTGTTCAGTAC.1",4
"X1_TAAGCGTGTTCGCGTG.1",7
"X1_TAAGCGTTCAACTCTT.1",6
"X1_TAAGCGTTCAAGTCTG.1",1000
"X1_TAAGCGTTCCTAGCCT.1",3
"X1_TAAGCGTTCGAGCACC.1",1
"X1_TAAGCGTTCGCCGTGA.1",3
"X1_TAAGCGTTCTGAGAGG.1",7
"X1_TAAGTCGAGAATAACC.1",3
"X1_TAAGTCGAGAGAGGTA.1",8
"X1_TAAGTCGAGCCAACCC.1",1000
"X1_TAAGTCGAGCGTTAGG.1",8
"X1_TAAGTCGAGGAACTAT.1",2
"X1_TAAGTCGAGGTAGCAC.1",6
"X1_TAAGTCGAGTTTCTTC.1",3
"X1_TAAGTCGCAACTACGT.1",1
"X1_TAAGTCGCAAGGGCAT.1",1000
"X1_TAAGTCGCAGACACAG.1",1000
"X1_TAAGTCGCAGGTTCGC.1",1
"X1_TAAGTCGCAGTGCCTG.1",6
"X1_TAAGTCGCATCACCAA.1",1000
"X1_TAAGTCGGTCAAATCC.1",1000
"X1_TAAGTCGGTCGACTTA.1",4
"X1_TAAGTCGGTCGTCGGT.1",1000
"X1_TAAGTCGGTGATACTC.1",1000
"X1_TAAGTCGGTGATGGCA.1",1000
"X1_TAAGTCGGTTCGTTCC.1",6
"X1_TAAGTCGGTTGACGGA.1",0
"X1_TAAGTCGTCACCTTAT.1",1000
"X1_TAAGTCGTCAGCTGAT.1",4
"X1_TAAGTCGTCCTTCAGC.1",4
"X1_TAAGTCGTCCTTGAAG.1",1000
"X1_TAAGTCGTCGAGTGAG.1",7
"X1_TAAGTCGTCTCATGGA.1",1
"X1_TAAGTCGTCTCCGAGG.1",8
"X1_TAAGTCGTCTGGCCAG.1",4
"X1_TAATCTCAGAAGTCAT.1",4
"X1_TAATCTCAGACATCAA.1",7
"X1_TAATCTCAGAGCAGAA.1",7
"X1_TAATCTCAGAGGATGA.1",4
"X1_TAATCTCAGAGGTATT.1",8
"X1_TAATCTCAGCGAGAAA.1",5
"X1_TAATCTCAGCGTATAA.1",4
"X1_TAATCTCAGCTAGATA.1",1000
"X1_TAATCTCAGGACAGTC.1",8
"X1_TAATCTCAGGCACAAC.1",4
"X1_TAATCTCAGGCACTAG.1",2
"X1_TAATCTCAGGCGATAC.1",8
"X1_TAATCTCAGGTGATAT.1",8
"X1_TAATCTCAGTACCATC.1",6
"X1_TAATCTCAGTGATTCC.1",1000
"X1_TAATCTCCAATAGTAG.1",3
"X1_TAATCTCCACAATGCT.1",1000
"X1_TAATCTCCACGGTAGA.1",1000
"X1_TAATCTCCATGAGTAA.1",1000
"X1_TAATCTCGTACGTGTT.1",8
"X1_TAATCTCGTACTAGCT.1",1
"X1_TAATCTCGTACTCGAT.1",4
"X1_TAATCTCGTAGTTAGA.1",8
"X1_TAATCTCGTATTTCGG.1",8
"X1_TAATCTCGTCGTACAT.1",8
"X1_TAATCTCGTCTTTATC.1",3
"X1_TAATCTCGTGAAGCGT.1",7
"X1_TAATCTCGTGGTATGG.1",5
"X1_TAATCTCGTGTTCCAA.1",1000
"X1_TAATCTCGTTACACAC.1",4
"X1_TAATCTCGTTATCCAG.1",8
"X1_TAATCTCGTTCCGCAG.1",1000
"X1_TAATCTCTCAGACAAA.1",7
"X1_TAATCTCTCATTGAGC.1",1000
"X1_TAATCTCTCCATTGGA.1",1000
"X1_TAATCTCTCCTTCTTC.1",1000
"X1_TAATCTCTCTAAACGC.1",5
"X1_TAATCTCTCTAGGAAA.1",4
"X1_TAATCTCTCTGTACAG.1",5
"X1_TAATCTCTCTTCCTAA.1",8
"X1_TAATTCCAGAATAGTC.1",8
"X1_TAATTCCAGAATCCCT.1",1000
"X1_TAATTCCAGATGCAGC.1",5
"X1_TAATTCCAGCAGAAAG.1",4
"X1_TAATTCCAGCTGACTT.1",3
"X1_TAATTCCAGGTCCAGA.1",3
"X1_TAATTCCAGGTGAGCT.1",7
"X1_TAATTCCAGTATGACA.1",3
"X1_TAATTCCCACCTGATA.1",2
"X1_TAATTCCCACTAACGT.1",6
"X1_TAATTCCCAGAGCCCT.1",1000
"X1_TAATTCCCAGTCGAGA.1",8
"X1_TAATTCCCATGAGAAT.1",1000
"X1_TAATTCCGTACTCGTA.1",4
"X1_TAATTCCGTAGGTACG.1",6
"X1_TAATTCCGTATGAAAC.1",4
"X1_TAATTCCGTCAGTCTA.1",8
"X1_TAATTCCGTCTGATCA.1",1000
"X1_TAATTCCGTGACAACG.1",1000
"X1_TAATTCCGTGACCGTC.1",4
"X1_TAATTCCGTGGAAATT.1",8
"X1_TAATTCCGTGTCGATT.1",0
"X1_TAATTCCGTTACGTAC.1",7
"X1_TAATTCCGTTAGAAGT.1",1000
"X1_TAATTCCGTTCCAGGC.1",1000
"X1_TAATTCCGTTCTCACC.1",1000
"X1_TAATTCCTCATCGCTC.1",2
"X1_TAATTCCTCCAGCCTT.1",1000
"X1_TAATTCCTCCCGTTGT.1",7
"X1_TAATTCCTCGCGCTGA.1",6
"X1_TAATTCCTCTGTTGGA.1",3
"X1_TAATTCCTCTTCGGTC.1",3
"X1_TACAACGAGACAGCTG.1",6
"X1_TACAACGAGAGCGACT.1",7
"X1_TACAACGAGATTAGCA.1",3
"X1_TACAACGAGCCTGACC.1",1000
"X1_TACAACGAGGACAACC.1",4
"X1_TACAACGAGGATTCAA.1",3
"X1_TACAACGCAAAGACTA.1",1
"X1_TACAACGCAACACACT.1",4
"X1_TACAACGCAATGAAAC.1",8
"X1_TACAACGCACTAACGT.1",4
"X1_TACAACGCACTACACA.1",1000
"X1_TACAACGCAGCTATAC.1",3
"X1_TACAACGCAGCTCGGT.1",0
"X1_TACAACGCATAGGAGC.1",1000
"X1_TACAACGCATCGATCA.1",2
"X1_TACAACGGTAGACGTG.1",4
"X1_TACAACGGTATCAGGG.1",4
"X1_TACAACGGTATGAGGC.1",4
"X1_TACAACGGTATGGAGC.1",7
"X1_TACAACGGTCGAGCAA.1",3
"X1_TACAACGGTTCTTGTT.1",1000
"X1_TACAACGGTTGTCAGT.1",1000
"X1_TACAACGGTTTGAAAG.1",1000
"X1_TACAACGTCACAAGGG.1",1000
"X1_TACAACGTCATCACCC.1",4
"X1_TACAACGTCCAACACA.1",1000
"X1_TACAACGTCGTCAACA.1",1000
"X1_TACAACGTCTGATGGT.1",1000
"X1_TACAACGTCTTCCCGA.1",4
"X1_TACACCCAGATGATTG.1",7
"X1_TACACCCAGCACACAG.1",8
"X1_TACACCCAGGACTAAT.1",1000
"X1_TACACCCAGGTGTGAC.1",1000
"X1_TACACCCAGGTTCCGC.1",0
"X1_TACACCCAGTACTGGG.1",8
"X1_TACACCCAGTCCCAGC.1",4
"X1_TACACCCCAACACTAC.1",7
"X1_TACACCCCAACAGCCC.1",8
"X1_TACACCCCAAGATCCT.1",4
"X1_TACACCCCAAGCTGCC.1",1000
"X1_TACACCCCAAGGTTGG.1",7
"X1_TACACCCCAAGTCCCG.1",1
"X1_TACACCCCAATACGAA.1",1000
"X1_TACACCCCAATGTCAC.1",7
"X1_TACACCCCAGTAGTTC.1",7
"X1_TACACCCGTACGCTAT.1",1000
"X1_TACACCCGTATGGAGC.1",2
"X1_TACACCCGTCATAACC.1",1000
"X1_TACACCCGTCGAATTC.1",1000
"X1_TACACCCGTCGTTATG.1",3
"X1_TACACCCGTGGCAGAT.1",6
"X1_TACACCCGTTTACACG.1",8
"X1_TACACCCTCACCTGTC.1",1
"X1_TACACCCTCCTTGAAG.1",7
"X1_TACACCCTCGTGTCAA.1",1000
"X1_TACACCCTCTTGGTCC.1",2
"X1_TACAGGTAGAAACCCG.1",2
"X1_TACAGGTAGACATAGT.1",5
"X1_TACAGGTAGACTGGGT.1",8
"X1_TACAGGTAGCATCAAA.1",7
"X1_TACAGGTAGCATCAGG.1",1000
"X1_TACAGGTAGCATTGTC.1",5
"X1_TACAGGTAGCCAGAGT.1",4
"X1_TACAGGTAGCGTACAG.1",8
"X1_TACAGGTCAAATCGGG.1",1000
"X1_TACAGGTCAAGTAGTA.1",7
"X1_TACAGGTCAATACCCA.1",8
"X1_TACAGGTCACGGTCTG.1",1000
"X1_TACAGGTCAGGCTACC.1",8
"X1_TACAGGTCAGGTGTGA.1",3
"X1_TACAGGTCAGTATACC.1",7
"X1_TACAGGTCATAGGAGC.1",5
"X1_TACAGGTCATCCTTGC.1",1000
"X1_TACAGGTCATCTCGTC.1",7
"X1_TACAGGTCATGAAGGC.1",1000
"X1_TACAGGTGTCCTCCTA.1",0
"X1_TACAGGTGTGTAAATG.1",1000
"X1_TACAGGTGTTAGAAAC.1",7
"X1_TACAGGTGTTCCACAA.1",4
"X1_TACAGGTGTTGCTGAT.1",7
"X1_TACAGGTGTTGGGACA.1",1
"X1_TACAGGTTCATCACTT.1",4
"X1_TACAGGTTCATGAAAG.1",7
"X1_TACAGGTTCGACACCG.1",1000
"X1_TACAGGTTCGCGTTTC.1",3
"X1_TACAGGTTCTACTGAG.1",3
"X1_TACAGGTTCTCGCAGG.1",1000
"X1_TACATTCAGCACTCAT.1",3
"X1_TACATTCAGCATATGA.1",7
"X1_TACATTCAGCGGTATG.1",1000
"X1_TACATTCAGGTAAACT.1",1
"X1_TACATTCAGGTCTGGA.1",1000
"X1_TACATTCAGTAACGTA.1",3
"X1_TACATTCAGTACGTCT.1",7
"X1_TACATTCAGTAGCATA.1",4
"X1_TACATTCAGTCATGAA.1",3
"X1_TACATTCCAAAGAACT.1",3
"X1_TACATTCCAAATGGAT.1",1000
"X1_TACATTCCAATTCTCT.1",1000
"X1_TACATTCCACACCGCA.1",4
"X1_TACATTCCACTTGTGA.1",7
"X1_TACATTCCAGTCAACT.1",8
"X1_TACATTCCAGTGTATC.1",8
"X1_TACATTCCATACCAGT.1",1000
"X1_TACATTCCATATACCG.1",8
"X1_TACATTCCATCCTTGC.1",1000
"X1_TACATTCCATGTCGTA.1",4
"X1_TACATTCGTAACGGTG.1",6
"X1_TACATTCGTAGCGCCT.1",8
"X1_TACATTCGTAGGGTAC.1",1000
"X1_TACATTCGTATCATGC.1",4
"X1_TACATTCGTCGTTATG.1",1000
"X1_TACATTCGTGACTCTA.1",6
"X1_TACATTCGTGATCGTT.1",5
"X1_TACATTCGTGCTCCGA.1",1000
"X1_TACATTCGTTACGGAG.1",1000
"X1_TACATTCGTTCGTACA.1",4
"X1_TACATTCTCAACCCGG.1",6
"X1_TACATTCTCACACCCT.1",8
"X1_TACATTCTCACGACTA.1",0
"X1_TACATTCTCAGCGCAC.1",7
"X1_TACATTCTCCCAGCGA.1",6
"X1_TACATTCTCCCATAAG.1",4
"X1_TACATTCTCGACGATT.1",1000
"X1_TACATTCTCTCGCTTG.1",1000
"X1_TACATTCTCTTCCCAG.1",4
"X1_TACATTCTCTTCGTGC.1",4
"X1_TACCCACAGATAGCTA.1",4
"X1_TACCCACAGATTTGCC.1",4
"X1_TACCCACAGGCTTAGG.1",1000
"X1_TACCCACAGGTGAGAA.1",4
"X1_TACCCACAGGTGATAT.1",3
"X1_TACCCACAGTAGGATT.1",7
"X1_TACCCACAGTGATAAC.1",0
"X1_TACCCACAGTTGCTGT.1",1000
"X1_TACCCACCAACGATTC.1",6
"X1_TACCCACCACGAAGAC.1",0
"X1_TACCCACCACTGGAAG.1",7
"X1_TACCCACCAGTATACC.1",8
"X1_TACCCACGTAGATGTA.1",8
"X1_TACCCACGTCAAGGCA.1",2
"X1_TACCCACGTCACAGAG.1",1000
"X1_TACCCACGTCCCTAAA.1",8
"X1_TACCCACGTGAACCGA.1",7
"X1_TACCCACGTGCTTCAA.1",8
"X1_TACCCACGTGGCTGAA.1",3
"X1_TACCCACTCACAATGC.1",1
"X1_TACCCACTCAGCAATC.1",1000
"X1_TACCCACTCATGTCAG.1",1000
"X1_TACCCACTCATTCCTA.1",6
"X1_TACCCACTCCATAGAC.1",5
"X1_TACCCACTCCCGAAAT.1",1000
"X1_TACCCACTCGAGCCTG.1",4
"X1_TACCCACTCGGATTAC.1",6
"X1_TACCCACTCTGCGGCA.1",7
"X1_TACCCACTCTGCGGGT.1",1000
"X1_TACCCGTAGAATTGTG.1",1000
"X1_TACCCGTAGCATACTC.1",7
"X1_TACCCGTAGGACAACC.1",2
"X1_TACCCGTAGGCGAAGG.1",4
"X1_TACCCGTAGGTCACAG.1",1000
"X1_TACCCGTAGTATGAAC.1",5
"X1_TACCCGTAGTATGAGT.1",4
"X1_TACCCGTCAATCTCTT.1",7
"X1_TACCCGTCACTCCCTA.1",8
"X1_TACCCGTCACTGAGTT.1",8
"X1_TACCCGTCACTGGCCA.1",4
"X1_TACCCGTCAGGGAATC.1",1000
"X1_TACCCGTCATTGGATC.1",3
"X1_TACCCGTGTATCTCTT.1",5
"X1_TACCCGTGTCATAAAG.1",1000
"X1_TACCCGTGTGAGGCAT.1",3
"X1_TACCCGTGTGGGTATG.1",8
"X1_TACCCGTGTGGTCTAT.1",2
"X1_TACCCGTGTGTCCCTT.1",1000
"X1_TACCCGTGTTGGACTT.1",3
"X1_TACCCGTTCACAGTGT.1",7
"X1_TACCCGTTCAGCCTCT.1",4
"X1_TACCCGTTCGTCCTTG.1",5
"X1_TACCCGTTCTGGCCTT.1",8
"X1_TACCGAAAGAAACTGT.1",1000
"X1_TACCGAAAGGACGCTA.1",8
"X1_TACCGAAAGGCAGGTT.1",8
"X1_TACCGAAAGGCTGTAG.1",4
"X1_TACCGAAAGTCCCTAA.1",4
"X1_TACCGAAAGTTCCGGC.1",1000
"X1_TACCGAACAAAGACTA.1",6
"X1_TACCGAACAACTTCTT.1",1
"X1_TACCGAACAAGAGCTG.1",5
"X1_TACCGAACAAGGATGC.1",1
"X1_TACCGAACACCTCGTT.1",7
"X1_TACCGAACAGCCCAGT.1",6
"X1_TACCGAACAGCGATTT.1",7
"X1_TACCGAACAGCGCGTT.1",1000
"X1_TACCGAACATCAACCA.1",1000
"X1_TACCGAAGTACCTTCC.1",1000
"X1_TACCGAAGTACTGTTG.1",3
"X1_TACCGAAGTCCAGTTA.1",3
"X1_TACCGAAGTGAATGAT.1",7
"X1_TACCGAAGTGACTGTT.1",1000
"X1_TACCGAAGTGCGAACA.1",8
"X1_TACCGAAGTGCTATTG.1",1000
"X1_TACCGAAGTGTGAATA.1",8
"X1_TACCGAAGTTACACTG.1",0
"X1_TACCGAATCAAGGCTT.1",8
"X1_TACCGAATCACAGTGT.1",7
"X1_TACCGAATCAGAATAG.1",7
"X1_TACCGAATCCCGTTGT.1",0
"X1_TACCGAATCCGCACTT.1",8
"X1_TACCGAATCGTGGGAA.1",1000
"X1_TACCGAATCTAGTCAG.1",1000
"X1_TACCGAATCTCTAAGG.1",7
"X1_TACCGAATCTCTCAAT.1",7
"X1_TACCGAATCTGCTAGA.1",1
"X1_TACCGGGAGACATCCT.1",3
"X1_TACCGGGAGACCCGCT.1",4
"X1_TACCGGGAGATGCCGA.1",7
"X1_TACCGGGAGCAAACAT.1",2
"X1_TACCGGGAGGAACGTC.1",4
"X1_TACCGGGAGGCTTTCA.1",1000
"X1_TACCGGGAGTTGGGAC.1",5
"X1_TACCGGGCAAACTCGT.1",4
"X1_TACCGGGCAACAAAGT.1",5
"X1_TACCGGGCAAGCGGAT.1",8
"X1_TACCGGGCAAGTCATC.1",1000
"X1_TACCGGGCATTGACTG.1",5
"X1_TACCGGGGTACGGGAT.1",1000
"X1_TACCGGGGTAGAGATT.1",1
"X1_TACCGGGGTATCATGC.1",5
"X1_TACCGGGGTCACGTGC.1",4
"X1_TACCGGGGTCCGAAAG.1",1
"X1_TACCGGGGTCGCTTAA.1",4
"X1_TACCGGGGTGAGGCAT.1",8
"X1_TACCGGGGTGGCTCTG.1",7
"X1_TACCGGGGTGGGAGAG.1",1000
"X1_TACCGGGGTGTAAACA.1",1000
"X1_TACCGGGGTGTTACTG.1",4
"X1_TACCGGGGTTCTCTCG.1",8
"X1_TACCGGGGTTGCATGT.1",7
"X1_TACCGGGGTTGTGCCG.1",1000
"X1_TACCGGGTCACCTACC.1",7
"X1_TACCGGGTCATCGTAG.1",7
"X1_TACCGGGTCATTCGTT.1",3
"X1_TACCGGGTCCGCTTAC.1",8
"X1_TACCGGGTCGAGATGG.1",7
"X1_TACCGGGTCGTTAGAC.1",1
"X1_TACCGGGTCTACGGTA.1",7
"X1_TACCGGGTCTCATGGA.1",1000
"X1_TACCGGGTCTTGCAAG.1",6
"X1_TACCTCGAGATGCTAA.1",7
"X1_TACCTCGAGCATCGAG.1",7
"X1_TACCTCGAGCTCCACG.1",3
"X1_TACCTCGAGGTACCTT.1",1000
"X1_TACCTCGAGTATTGCC.1",2
"X1_TACCTCGCAAACCGGA.1",8
"X1_TACCTCGCAAGAAATC.1",3
"X1_TACCTCGCAAGGATGC.1",7
"X1_TACCTCGCACATACTG.1",4
"X1_TACCTCGCACCGAATT.1",1
"X1_TACCTCGCAGAACGCA.1",1000
"X1_TACCTCGCAGCTGAAG.1",3
"X1_TACCTCGCATCTTAGG.1",2
"X1_TACCTCGCATGTCAGT.1",7
"X1_TACCTCGGTACGGGAT.1",1
"X1_TACCTCGGTCAAATCC.1",1000
"X1_TACCTCGGTCCGGACT.1",1000
"X1_TACCTCGGTCGCGTCA.1",1000
"X1_TACCTCGGTGAGCAGT.1",2
"X1_TACCTCGGTGATTGGG.1",0
"X1_TACCTCGGTTCCGCTT.1",8
"X1_TACCTCGTCACGGAGA.1",6
"X1_TACCTCGTCAGGAACG.1",1
"X1_TACCTCGTCGTTGTGA.1",8
"X1_TACCTCGTCTAAGGAA.1",4
"X1_TACCTGCAGACCTCCG.1",8
"X1_TACCTGCAGACTCGAG.1",8
"X1_TACCTGCAGAGGTTAT.1",4
"X1_TACCTGCAGATGGCAC.1",8
"X1_TACCTGCAGGTAGTCG.1",8
"X1_TACCTGCAGGTCTGGA.1",0
"X1_TACCTGCAGGTGAGCT.1",2
"X1_TACCTGCAGTGTCATC.1",8
"X1_TACCTGCAGTTCGGTT.1",1000
"X1_TACCTGCAGTTGTCAC.1",8
"X1_TACCTGCCAAACTCTG.1",0
"X1_TACCTGCCAACAGCCC.1",1000
"X1_TACCTGCCAACCGCCA.1",8
"X1_TACCTGCCAACTCATG.1",7
"X1_TACCTGCCAATACCCA.1",2
"X1_TACCTGCCAATACGCT.1",2
"X1_TACCTGCCAATATCCG.1",8
"X1_TACCTGCCACAGAGCA.1",8
"X1_TACCTGCCACCGTCTT.1",8
"X1_TACCTGCCACTGCGTG.1",1000
"X1_TACCTGCCATGTGACT.1",0
"X1_TACCTGCGTACCACGC.1",1000
"X1_TACCTGCGTAGACAAT.1",7
"X1_TACCTGCGTATCGTGT.1",1000
"X1_TACCTGCGTCCACATA.1",3
"X1_TACCTGCGTGAATTAG.1",7
"X1_TACCTGCGTGGTTCTA.1",6
"X1_TACCTGCGTTAAGGGC.1",6
"X1_TACCTGCGTTCTCCTG.1",7
"X1_TACCTGCTCAACCTTT.1",6
"X1_TACCTGCTCATGCATG.1",6
"X1_TACCTGCTCCCAGGAC.1",8
"X1_TACCTGCTCGCTTAAG.1",7
"X1_TACCTGCTCTACAGGT.1",3
"X1_TACCTGCTCTACTCAT.1",4
"X1_TACCTGCTCTATCGCC.1",4
"X1_TACCTGCTCTTCGTGC.1",2
"X1_TACGCTCAGCACTAGG.1",1000
"X1_TACGCTCAGCCATGCC.1",1000
"X1_TACGCTCAGCGCTGCT.1",7
"X1_TACGCTCAGCTGACCC.1",1000
"X1_TACGCTCAGGCAGTCA.1",7
"X1_TACGCTCCACCTGCGA.1",7
"X1_TACGCTCCACGTAACT.1",8
"X1_TACGCTCCACTACACA.1",4
"X1_TACGCTCCAGAATGTA.1",5
"X1_TACGCTCCAGAGGCTA.1",1000
"X1_TACGCTCCAGTTGGTT.1",0
"X1_TACGCTCGTAACTTCG.1",7
"X1_TACGCTCGTACGAGCA.1",1
"X1_TACGCTCGTCGCCACA.1",4
"X1_TACGCTCGTGCCGTTG.1",1000
"X1_TACGCTCGTGGCAACA.1",7
"X1_TACGCTCGTGGCTTGC.1",5
"X1_TACGCTCGTGTGTGGA.1",1
"X1_TACGCTCGTTAATCGC.1",1000
"X1_TACGCTCTCACTACTT.1",1
"X1_TACGCTCTCAGTGCGC.1",1000
"X1_TACGCTCTCCATACTT.1",8
"X1_TACGCTCTCCGCTGTT.1",4
"X1_TACGCTCTCGCCTTTG.1",1000
"X1_TACGCTCTCTAAGAAG.1",8
"X1_TACGCTCTCTAAGCGT.1",8
"X1_TACGCTCTCTCCTGTG.1",4
"X1_TACGCTCTCTTGCGCT.1",7
"X1_TACGGGCAGAAGTGTT.1",1
"X1_TACGGGCAGACCAAGC.1",1000
"X1_TACGGGCAGAGAGTGA.1",8
"X1_TACGGGCAGAGCCGAT.1",3
"X1_TACGGGCAGCCACCGT.1",8
"X1_TACGGGCAGGTAATCA.1",1000
"X1_TACGGGCAGTTCCGTA.1",1000
"X1_TACGGGCCAAAGTATG.1",3
"X1_TACGGGCCAAATGAGT.1",8
"X1_TACGGGCCAACTGATC.1",8
"X1_TACGGGCCAATCAGCT.1",4
"X1_TACGGGCCACTAACCA.1",3
"X1_TACGGGCCAGGCCTGT.1",1000
"X1_TACGGGCCAGGTATGG.1",4
"X1_TACGGGCCATAACTCG.1",8
"X1_TACGGGCCATGAGTAA.1",1000
"X1_TACGGGCGTAACCCGC.1",1000
"X1_TACGGGCGTAGTCTTG.1",8
"X1_TACGGGCGTATGCAAA.1",4
"X1_TACGGGCGTCCTCATC.1",3
"X1_TACGGGCGTCCTTGTC.1",5
"X1_TACGGGCGTGGCGTAA.1",3
"X1_TACGGGCGTGGGAGAG.1",5
"X1_TACGGGCGTGTTCATG.1",2
"X1_TACGGGCGTTCAGCTA.1",8
"X1_TACGGGCGTTGTACGT.1",1
"X1_TACGGGCGTTGTATGC.1",8
"X1_TACGGGCTCAGGAGAC.1",8
"X1_TACGGGCTCCTCTCTT.1",8
"X1_TACGGGCTCTCCAATT.1",8
"X1_TACGGGCTCTGTCGTC.1",1
"X1_TACGGGCTCTGTGTGA.1",3
"X1_TACGGGCTCTTCACAT.1",8
"X1_TACGGTAAGACGCCCT.1",1000
"X1_TACGGTAAGAGGGCGA.1",1000
"X1_TACGGTAAGATGCGAC.1",8
"X1_TACGGTAAGCACCGAA.1",8
"X1_TACGGTAAGCGCTGCT.1",6
"X1_TACGGTAAGCTAGAAT.1",1000
"X1_TACGGTAAGGCCTGCT.1",0
"X1_TACGGTAAGGGATCGT.1",8
"X1_TACGGTAAGTAGCCAG.1",1000
"X1_TACGGTAAGTGCAGCA.1",1000
"X1_TACGGTAAGTGGTGGT.1",1000
"X1_TACGGTAAGTTTCGGT.1",8
"X1_TACGGTACAAAGGAGA.1",8
"X1_TACGGTACAACAAAGT.1",7
"X1_TACGGTACAACCGGAA.1",6
"X1_TACGGTACACGCCACA.1",8
"X1_TACGGTACACGCGTCA.1",1000
"X1_TACGGTACACTCAAGT.1",7
"X1_TACGGTACAGCGCTTG.1",1000
"X1_TACGGTACATAGGTAA.1",8
"X1_TACGGTACATCAGTCA.1",7
"X1_TACGGTACATCATCCC.1",4
"X1_TACGGTAGTAACGTTC.1",3
"X1_TACGGTAGTATACCTG.1",1000
"X1_TACGGTAGTCAAATCC.1",6
"X1_TACGGTAGTCTTTCAT.1",4
"X1_TACGGTAGTCTTTCTA.1",7
"X1_TACGGTAGTTCGGCTG.1",2
"X1_TACGGTATCAGTGGGA.1",7
"X1_TACGGTATCATAGACC.1",4
"X1_TACGGTATCCCATAGA.1",8
"X1_TACGGTATCGAACCTA.1",4
"X1_TACGGTATCGCGAAGA.1",2
"X1_TACGGTATCGGAGATG.1",8
"X1_TACGGTATCTCGCGTT.1",1000
"X1_TACGGTATCTCGTGAA.1",7
"X1_TACGGTATCTCTCGCA.1",7
"X1_TACGGTATCTGTGTGA.1",4
"X1_TACGGTATCTTCTTCC.1",1000
"X1_TACGTCCAGAAGAACG.1",8
"X1_TACGTCCAGAATCCCT.1",1000
"X1_TACGTCCAGCCTCAAT.1",1000
"X1_TACGTCCAGCCTCCAG.1",1000
"X1_TACGTCCAGCTACAAA.1",3
"X1_TACGTCCAGCTAGAGC.1",0
"X1_TACGTCCAGGTAGTAT.1",3
"X1_TACGTCCAGTCGCGAA.1",8
"X1_TACGTCCAGTGAATAC.1",8
"X1_TACGTCCCAAACTCGT.1",1
"X1_TACGTCCCAATACCCA.1",1000
"X1_TACGTCCCACGACTAT.1",1000
"X1_TACGTCCCACGTAGAG.1",1000
"X1_TACGTCCCACTGCGAC.1",4
"X1_TACGTCCCAGAGGCAT.1",7
"X1_TACGTCCCAGCACAAG.1",3
"X1_TACGTCCCAGGCGTTC.1",1000
"X1_TACGTCCGTATGCGTT.1",1000
"X1_TACGTCCGTGTGAGCA.1",0
"X1_TACGTCCGTGTTGATC.1",4
"X1_TACGTCCGTTACCTTT.1",4
"X1_TACGTCCGTTAGGAGC.1",5
"X1_TACGTCCGTTGGGACA.1",3
"X1_TACGTCCGTTGTACGT.1",2
"X1_TACGTCCTCAACCTCC.1",8
"X1_TACGTCCTCAGCCCAG.1",5
"X1_TACGTCCTCAGCCTTC.1",6
"X1_TACGTCCTCAGGACGA.1",8
"X1_TACGTCCTCCACTTCG.1",2
"X1_TACGTCCTCCATTGCC.1",4
"X1_TACGTCCTCCCGAACG.1",1000
"X1_TACGTCCTCGATACTG.1",7
"X1_TACGTCCTCGGAGCAA.1",1000
"X1_TACGTCCTCGGCATCG.1",7
"X1_TACGTCCTCTTCTGTA.1",8
"X1_TACTGCCAGAAGCGAA.1",8
"X1_TACTGCCAGAAGTCTA.1",7
"X1_TACTGCCAGCAAGGAA.1",1
"X1_TACTGCCAGCCGCTTG.1",0
"X1_TACTGCCAGCTCATAC.1",8
"X1_TACTGCCAGGACAGTC.1",7
"X1_TACTGCCAGGCACGAT.1",4
"X1_TACTGCCAGGCGAACT.1",8
"X1_TACTGCCAGGCTGTAG.1",6
"X1_TACTGCCCAATAGTGA.1",7
"X1_TACTGCCCAATCGAAA.1",1
"X1_TACTGCCCAATTTCGG.1",5
"X1_TACTGCCCACAAGGTG.1",1000
"X1_TACTGCCCACCCTGTT.1",2
"X1_TACTGCCCACGCGTCA.1",2
"X1_TACTGCCCAGAGGACT.1",6
"X1_TACTGCCCAGCCCACA.1",8
"X1_TACTGCCCAGCGAACA.1",7
"X1_TACTGCCCATATACCG.1",3
"X1_TACTGCCCATTGTAGC.1",1000
"X1_TACTGCCGTACAATAG.1",6
"X1_TACTGCCGTTTAGAGA.1",6
"X1_TACTGCCTCCTAAGTG.1",1000
"X1_TACTGCCTCGACACTA.1",6
"X1_TACTGCCTCGTGAGAG.1",1000
"X1_TACTGCCTCTACACTT.1",8
"X1_TACTTACAGAGAAGGT.1",3
"X1_TACTTACAGAGCTGCA.1",8
"X1_TACTTACAGATTCGAA.1",1
"X1_TACTTACAGCTTCATG.1",8
"X1_TACTTACAGGATCATA.1",1000
"X1_TACTTACAGTTGAAAC.1",1000
"X1_TACTTACCAAAGGATT.1",1
"X1_TACTTACCACGGATCC.1",7
"X1_TACTTACCACGTAGAG.1",1000
"X1_TACTTACCACTAGTAC.1",1000
"X1_TACTTACCAGTCACGC.1",4
"X1_TACTTACCATGACAGG.1",7
"X1_TACTTACGTAACACCT.1",1000
"X1_TACTTACGTAGCTCGC.1",7
"X1_TACTTACGTAGGCTCC.1",8
"X1_TACTTACGTAGTGGCA.1",1000
"X1_TACTTACGTATGTGTC.1",7
"X1_TACTTACGTCCGTACG.1",1000
"X1_TACTTACGTCGCATTA.1",1000
"X1_TACTTACGTCTACAAC.1",8
"X1_TACTTACGTGAAGCGT.1",3
"X1_TACTTACGTGCATTAC.1",3
"X1_TACTTACGTTAAGTCC.1",1000
"X1_TACTTACGTTGATCGT.1",8
"X1_TACTTACTCAATCCGA.1",5
"X1_TACTTACTCATAGACC.1",4
"X1_TACTTACTCCCATTCG.1",1000
"X1_TACTTACTCCTCACGT.1",1000
"X1_TACTTACTCCTGCTAC.1",7
"X1_TACTTACTCCTTTGAT.1",7
"X1_TACTTACTCGTAGGGA.1",5
"X1_TACTTACTCGTCCTTG.1",6
"X1_TACTTACTCGTGGAAG.1",8
"X1_TACTTACTCGTTCTGC.1",1
"X1_TACTTACTCTCTAAGG.1",7
"X1_TACTTCAAGCAAGTCG.1",2
"X1_TACTTCAAGGCCATAG.1",8
"X1_TACTTCAAGGTTCAGG.1",1000
"X1_TACTTCAAGTAAGAGG.1",1000
"X1_TACTTCAAGTTGGGAC.1",1000
"X1_TACTTCACAATGAGCG.1",6
"X1_TACTTCACACCAATTG.1",5
"X1_TACTTCACACGTACTA.1",3
"X1_TACTTCACACTATGTG.1",5
"X1_TACTTCACAGTATACC.1",4
"X1_TACTTCACAGTTGTTG.1",5
"X1_TACTTCACATCAGTCA.1",8
"X1_TACTTCAGTAAGCAAT.1",1
"X1_TACTTCAGTAGAGCTG.1",8
"X1_TACTTCAGTCATCTAG.1",7
"X1_TACTTCAGTGACACGA.1",7
"X1_TACTTCAGTGAGGAAA.1",2
"X1_TACTTCAGTGCGGTAA.1",3
"X1_TACTTCAGTTGCAAGG.1",8
"X1_TACTTCATCAAGGCTT.1",1000
"X1_TACTTCATCCGTCACT.1",8
"X1_TACTTCATCCTATGGA.1",1000
"X1_TACTTCATCTCACTCG.1",3
"X1_TACTTCATCTCTTAAC.1",3
"X1_TACTTGTAGAACAAGG.1",1000
"X1_TACTTGTAGATAGCAT.1",3
"X1_TACTTGTAGGAGGCAG.1",3
"X1_TACTTGTAGGCTCACC.1",7
"X1_TACTTGTAGTAACCGG.1",1000
"X1_TACTTGTAGTCCTGCG.1",6
"X1_TACTTGTAGTTGGACG.1",7
"X1_TACTTGTCACGTAACT.1",7
"X1_TACTTGTCACTGGATT.1",6
"X1_TACTTGTCAGAATTCC.1",1000
"X1_TACTTGTCAGCACAAG.1",8
"X1_TACTTGTCAGTTCTAG.1",1000
"X1_TACTTGTCATATCTCT.1",4
"X1_TACTTGTCATTGTCGA.1",8
"X1_TACTTGTGTAGAGACC.1",8
"X1_TACTTGTGTCAAGGCA.1",1000
"X1_TACTTGTGTCATCTAG.1",4
"X1_TACTTGTGTCGCAGTC.1",4
"X1_TACTTGTGTGGATTTC.1",1
"X1_TACTTGTGTTAAGACA.1",7
"X1_TACTTGTGTTCGTTCC.1",2
"X1_TACTTGTGTTCTTAGG.1",5
"X1_TACTTGTGTTGACGGA.1",8
"X1_TACTTGTGTTGCAACT.1",5
"X1_TACTTGTTCATTTCCA.1",6
"X1_TACTTGTTCCAAGCAT.1",8
"X1_TACTTGTTCCTGTAGA.1",7
"X1_TACTTGTTCGAAGCAG.1",4
"X1_TACTTGTTCGATACTG.1",6
"X1_TAGACCAAGAGTGACC.1",5
"X1_TAGACCAAGCAGGCTA.1",8
"X1_TAGACCAAGCGCGTTC.1",7
"X1_TAGACCAAGGAGACCT.1",7
"X1_TAGACCAAGTATAGAC.1",3
"X1_TAGACCAAGTTGCTGT.1",1
"X1_TAGACCACAAATGGCG.1",6
"X1_TAGACCACAATGTCTG.1",8
"X1_TAGACCACACTGGCGT.1",7
"X1_TAGACCACAGTTAAAG.1",1000
"X1_TAGACCACAGTTGCGC.1",3
"X1_TAGACCAGTAGTCGGA.1",2
"X1_TAGACCAGTATCGAGG.1",1000
"X1_TAGACCAGTATGGAAT.1",7
"X1_TAGACCAGTATGTCCA.1",8
"X1_TAGACCAGTCATCCGG.1",1000
"X1_TAGACCAGTCCCTCAT.1",1000
"X1_TAGACCAGTGCTCTCT.1",4
"X1_TAGACCAGTGTTAGCT.1",5
"X1_TAGACCAGTTTCGACA.1",1000
"X1_TAGACCATCATACGAC.1",6
"X1_TAGACCATCCCTGGTT.1",1000
"X1_TAGACCATCCGACATA.1",1000
"X1_TAGACCATCCGCATAA.1",3
"X1_TAGACCATCGAGATAA.1",8
"X1_TAGACCATCGGACCAC.1",7
"X1_TAGACCATCGTCGACG.1",7
"X1_TAGACCATCTAAGGAA.1",7
"X1_TAGACCATCTAGTACG.1",8
"X1_TAGACCATCTATCACT.1",3
"X1_TAGACCATCTCATGGA.1",8
"X1_TAGACTGAGCAATAAC.1",6
"X1_TAGACTGAGCCTATCA.1",3
"X1_TAGACTGAGCCTTCTC.1",1000
"X1_TAGACTGAGGTTAGTA.1",2
"X1_TAGACTGAGTAGTGCG.1",4
"X1_TAGACTGAGTATCTGC.1",6
"X1_TAGACTGAGTCGAAGC.1",4
"X1_TAGACTGCACCAGCGT.1",4
"X1_TAGACTGCACCTCTAC.1",7
"X1_TAGACTGCAGAGGTTG.1",4
"X1_TAGACTGCAGAGTTCT.1",8
"X1_TAGACTGCAGCGTAGA.1",3
"X1_TAGACTGCAGTTGTTG.1",1
"X1_TAGACTGCATACCGTA.1",4
"X1_TAGACTGCATAGAAAC.1",1000
"X1_TAGACTGCATCACCAA.1",6
"X1_TAGACTGGTAACGGTG.1",3
"X1_TAGACTGGTCGGTGTC.1",7
"X1_TAGACTGGTGACATCT.1",1000
"X1_TAGACTGGTGACTGTT.1",1000
"X1_TAGACTGGTGAGTAGC.1",1000
"X1_TAGACTGGTGAGTCAG.1",5
"X1_TAGACTGGTTAAGCAA.1",0
"X1_TAGACTGGTTTCACTT.1",1000
"X1_TAGACTGTCCGAGATT.1",1000
"X1_TAGACTGTCCGTCCTA.1",8
"X1_TAGACTGTCCTGGGAC.1",1000
"X1_TAGACTGTCGCTAATG.1",1
"X1_TAGAGTCAGAAAGCGA.1",4
"X1_TAGAGTCAGCAGGTCA.1",3
"X1_TAGAGTCAGCGAAACC.1",8
"X1_TAGAGTCAGGATTTCC.1",7
"X1_TAGAGTCAGGGTTTCT.1",8
"X1_TAGAGTCAGTCGAATA.1",1000
"X1_TAGAGTCAGTGGACGT.1",6
"X1_TAGAGTCAGTGTACAA.1",3
"X1_TAGAGTCCAACTGGTT.1",7
"X1_TAGAGTCCAAGAAACT.1",1000
"X1_TAGAGTCCAATTCGTG.1",1000
"X1_TAGAGTCCACACGGAA.1",7
"X1_TAGAGTCCACCAGTAT.1",0
"X1_TAGAGTCCACTTTAGG.1",1000
"X1_TAGAGTCCAGACGGAT.1",7
"X1_TAGAGTCGTAACATCC.1",6
"X1_TAGAGTCGTAGATCCT.1",8
"X1_TAGAGTCGTAGGGTAC.1",6
"X1_TAGAGTCGTATCCTCC.1",8
"X1_TAGAGTCGTCACAGTT.1",3
"X1_TAGAGTCGTCGTTATG.1",3
"X1_TAGAGTCGTCGTTCAA.1",7
"X1_TAGAGTCGTCTAGATC.1",1000
"X1_TAGAGTCGTGGACAGT.1",3
"X1_TAGAGTCGTGTTGCCG.1",3
"X1_TAGAGTCGTTCGGTAT.1",1000
"X1_TAGAGTCTCATACAGC.1",1000
"X1_TAGAGTCTCCGTAGTA.1",3
"X1_TAGAGTCTCCGTGCGA.1",6
"X1_TAGAGTCTCTCAGAAC.1",8
"X1_TAGAGTCTCTCTCTTC.1",5
"X1_TAGATCGAGACCAGCA.1",1000
"X1_TAGATCGAGAGCACTG.1",8
"X1_TAGATCGAGATCGCCC.1",1000
"X1_TAGATCGAGATGGTCG.1",7
"X1_TAGATCGAGCGCAATG.1",1000
"X1_TAGATCGAGCTGTACT.1",1000
"X1_TAGATCGAGGAAAGGT.1",2
"X1_TAGATCGAGGGTTAAT.1",1000
"X1_TAGATCGAGTATAACG.1",1
"X1_TAGATCGAGTGTACCT.1",1000
"X1_TAGATCGAGTTCACTG.1",6
"X1_TAGATCGAGTTGCGCC.1",4
"X1_TAGATCGCAATCTGCA.1",2
"X1_TAGATCGCACACGTGC.1",6
"X1_TAGATCGCACCAGCTG.1",6
"X1_TAGATCGCACGTACAT.1",7
"X1_TAGATCGCACTGCACG.1",8
"X1_TAGATCGCACTGTCCT.1",3
"X1_TAGATCGCAGAGGTAC.1",1
"X1_TAGATCGCAGTGGTGA.1",3
"X1_TAGATCGCATCATGAC.1",7
"X1_TAGATCGGTATTGCCA.1",7
"X1_TAGATCGGTCCACTTC.1",1
"X1_TAGATCGGTCCGTTTC.1",4
"X1_TAGATCGGTCTAGATC.1",1000
"X1_TAGATCGGTCTCGGGT.1",6
"X1_TAGATCGGTCTGTGCG.1",4
"X1_TAGATCGGTGACAGCA.1",3
"X1_TAGATCGGTGAGATAT.1",1000
"X1_TAGATCGGTGTCTTAG.1",2
"X1_TAGATCGGTTAAAGTG.1",6
"X1_TAGATCGGTTGCTGAT.1",1000
"X1_TAGATCGGTTGGCCGT.1",4
"X1_TAGATCGGTTTAGAGA.1",4
"X1_TAGATCGGTTTCACTT.1",1000
"X1_TAGATCGTCAACCTCC.1",4
"X1_TAGATCGTCACCATGA.1",1
"X1_TAGATCGTCAGATTGC.1",8
"X1_TAGATCGTCCGATAGT.1",5
"X1_TAGATCGTCCGTAGGC.1",7
"X1_TAGATCGTCGATTGAC.1",4
"X1_TAGATCGTCGGCTGAC.1",3
"X1_TAGATCGTCGTTAGAC.1",1000
"X1_TAGATCGTCTATCGGA.1",4
"X1_TAGATCGTCTCAACCC.1",0
"X1_TAGATCGTCTCAACGA.1",3
"X1_TAGATCGTCTTTCAGT.1",6
"X1_TAGCACAAGAGGCGGA.1",1000
"X1_TAGCACAAGCCTCTCT.1",8
"X1_TAGCACAAGCGCTGCT.1",8
"X1_TAGCACAAGGCCTGCT.1",3
"X1_TAGCACAAGGTTGACG.1",7
"X1_TAGCACAAGTCGCCCA.1",1000
"X1_TAGCACACAACAGAGC.1",8
"X1_TAGCACACAAGTTGGG.1",4
"X1_TAGCACACACAGCTTA.1",7
"X1_TAGCACACACGCGCAT.1",7
"X1_TAGCACACACGGGTAA.1",1000
"X1_TAGCACACACGTCATA.1",1
"X1_TAGCACACAGCTGTCG.1",4
"X1_TAGCACACATAGTCAC.1",1000
"X1_TAGCACACATGGACAG.1",1000
"X1_TAGCACACATGGGTCC.1",7
"X1_TAGCACACATTGTAGC.1",1000
"X1_TAGCACAGTAATGCGG.1",7
"X1_TAGCACAGTAGTCCTA.1",1000
"X1_TAGCACAGTCATCTAG.1",2
"X1_TAGCACAGTGCTGATT.1",8
"X1_TAGCACAGTTAGTCGT.1",4
"X1_TAGCACAGTTGAGAGC.1",1000
"X1_TAGCACAGTTGCGAAG.1",3
"X1_TAGCACAGTTGCTAGT.1",7
"X1_TAGCACAGTTGGACCC.1",1000
"X1_TAGCACATCATTTGCT.1",7
"X1_TAGCACATCCCAGGCA.1",1000
"X1_TAGCACATCCGGCAGT.1",7
"X1_TAGCACATCGACGCTG.1",1000
"X1_TAGCACATCGAGTACT.1",1
"X1_TAGCACATCTCCCATG.1",4
"X1_TAGCACATCTCTCGCA.1",2
"X1_TAGCACATCTGCATAG.1",2
"X1_TAGCACATCTGGGCAC.1",0
"X1_TAGGAGGAGATGACAT.1",4
"X1_TAGGAGGAGCAGGCTA.1",8
"X1_TAGGAGGAGCTGGCCT.1",3
"X1_TAGGAGGAGGTTATAG.1",3
"X1_TAGGAGGAGTCCGCCA.1",7
"X1_TAGGAGGAGTGTTCCA.1",7
"X1_TAGGAGGCAACTACGT.1",8
"X1_TAGGAGGCACTCACTC.1",6
"X1_TAGGAGGCAGCTGTTA.1",1000
"X1_TAGGAGGCAGGTACGA.1",5
"X1_TAGGAGGGTACGAGTG.1",8
"X1_TAGGAGGGTAGATCGG.1",6
"X1_TAGGAGGGTAGCGCTC.1",8
"X1_TAGGAGGGTATGCTTG.1",4
"X1_TAGGAGGGTCCTTAAG.1",7
"X1_TAGGAGGGTCGGAAAC.1",4
"X1_TAGGAGGGTGGACAGT.1",3
"X1_TAGGAGGGTGGCCCAT.1",4
"X1_TAGGAGGGTTACCTTT.1",4
"X1_TAGGAGGGTTATGACC.1",8
"X1_TAGGAGGGTTCTCGTC.1",3
"X1_TAGGAGGGTTGTCTAG.1",1000
"X1_TAGGAGGTCAAGTAAG.1",4
"X1_TAGGAGGTCATCGGGC.1",0
"X1_TAGGAGGTCCACGTGG.1",5
"X1_TAGGAGGTCCCGAGTG.1",1000
"X1_TAGGAGGTCCGATTAG.1",4
"X1_TAGGAGGTCGACGTCG.1",0
"X1_TAGGAGGTCTCCTGAC.1",8
"X1_TAGGAGGTCTGAATCG.1",5
"X1_TAGGAGGTCTTAATCC.1",3
"X1_TAGGAGGTCTTCGACC.1",7
"X1_TAGGGTTAGAATCGTA.1",7
"X1_TAGGGTTAGACGACTG.1",3
"X1_TAGGGTTAGACTACGG.1",8
"X1_TAGGGTTAGAGCAGTC.1",7
"X1_TAGGGTTAGCTTAGTC.1",7
"X1_TAGGGTTAGTCCGTCG.1",8
"X1_TAGGGTTAGTGCGTCC.1",1000
"X1_TAGGGTTCAAACTCTG.1",1
"X1_TAGGGTTCAACCGACC.1",1000
"X1_TAGGGTTCAACGGCTC.1",6
"X1_TAGGGTTCAATCACGT.1",1
"X1_TAGGGTTCACAAGTGG.1",4
"X1_TAGGGTTCACCAAAGG.1",1
"X1_TAGGGTTCACGCGTGT.1",3
"X1_TAGGGTTCACGCTATA.1",1000
"X1_TAGGGTTCACTCACTC.1",6
"X1_TAGGGTTCAGTCCCGA.1",8
"X1_TAGGGTTCAGTTAGGG.1",0
"X1_TAGGGTTCATGGCTGC.1",8
"X1_TAGGGTTCATGTGGTT.1",6
"X1_TAGGGTTCATTACTCT.1",2
"X1_TAGGGTTGTCTCGACG.1",1000
"X1_TAGGGTTGTGGGACAT.1",1000
"X1_TAGGGTTGTGGTCTAT.1",4
"X1_TAGGGTTGTTGTAAAG.1",7
"X1_TAGGGTTTCACTTGTT.1",1000
"X1_TAGGGTTTCATTCGGA.1",3
"X1_TAGGGTTTCCCTCATG.1",1000
"X1_TAGGGTTTCCGAAGGA.1",1
"X1_TAGGGTTTCCTCACGT.1",3
"X1_TAGGGTTTCTAGCATG.1",4
"X1_TAGGTACAGGCTCACC.1",8
"X1_TAGGTACAGGGCCTCT.1",1000
"X1_TAGGTACAGGGCGAGA.1",1000
"X1_TAGGTACAGGTAAAGG.1",1
"X1_TAGGTACAGTAAGAGG.1",1000
"X1_TAGGTACCAATCCAGT.1",7
"X1_TAGGTACCACACCTAA.1",8
"X1_TAGGTACCACCTCGTT.1",6
"X1_TAGGTACCACGTAGAG.1",4
"X1_TAGGTACCAGAGCCCT.1",8
"X1_TAGGTACCAGCAATTC.1",7
"X1_TAGGTACCAGTTAGAA.1",7
"X1_TAGGTACCATCATTTC.1",8
"X1_TAGGTACGTAGCACAG.1",2
"X1_TAGGTACGTTGGTAGG.1",2
"X1_TAGGTACGTTGTTTGG.1",8
"X1_TAGGTACGTTTCAGAC.1",8
"X1_TAGGTACTCATTTGGG.1",7
"X1_TAGGTACTCCCTCTTT.1",1000
"X1_TAGGTACTCCGGTAAT.1",8
"X1_TAGGTACTCCTGTTGC.1",7
"X1_TAGGTACTCCTTTAGT.1",8
"X1_TAGGTACTCGACATTG.1",7
"X1_TAGGTACTCGATGGAG.1",7
"X1_TAGGTACTCGCTAGCG.1",1000
"X1_TAGGTACTCGGAATGG.1",6
"X1_TAGGTACTCGTCCTTG.1",1
"X1_TAGGTACTCTACACTT.1",7
"X1_TAGGTACTCTCTGAGA.1",4
"X1_TAGGTTGAGAGGGCGA.1",1000
"X1_TAGGTTGAGCGACATG.1",1000
"X1_TAGGTTGAGCTCTGTA.1",3
"X1_TAGGTTGAGGAGTCTG.1",1000
"X1_TAGGTTGAGGCATCGA.1",3
"X1_TAGGTTGAGGTGAGAA.1",1000
"X1_TAGGTTGAGTAGGCCA.1",1000
"X1_TAGGTTGCAAATTGCC.1",1000
"X1_TAGGTTGCAATAGGGC.1",5
"X1_TAGGTTGCAATTCGTG.1",1000
"X1_TAGGTTGCAGCGTGAA.1",2
"X1_TAGGTTGCAGCGTTGC.1",7
"X1_TAGGTTGCAGTAGGAC.1",7
"X1_TAGGTTGGTATGCGGA.1",4
"X1_TAGGTTGGTGTTCGTA.1",8
"X1_TAGGTTGGTTTGGGAG.1",3
"X1_TAGGTTGTCACATCAG.1",4
"X1_TAGGTTGTCAGGTGTT.1",6
"X1_TAGGTTGTCATTCATC.1",0
"X1_TAGGTTGTCCAAGCAT.1",3
"X1_TAGGTTGTCCACGTCT.1",1000
"X1_TAGGTTGTCCAGGACC.1",8
"X1_TAGGTTGTCGACATCA.1",4
"X1_TAGGTTGTCGCTCTCA.1",8
"X1_TAGGTTGTCGGTTCAA.1",7
"X1_TAGGTTGTCGTCAGAT.1",1000
"X1_TAGGTTGTCTCATGCC.1",8
"X1_TAGTGCAAGACAAGCC.1",7
"X1_TAGTGCAAGAGGTCAC.1",1000
"X1_TAGTGCAAGATCACCT.1",3
"X1_TAGTGCAAGCAGTCTT.1",1000
"X1_TAGTGCAAGCGATGGT.1",1
"X1_TAGTGCAAGCGTCAGA.1",1000
"X1_TAGTGCAAGGAGGGTG.1",3
"X1_TAGTGCAAGGGACCAT.1",8
"X1_TAGTGCAAGGTCATTC.1",8
"X1_TAGTGCAAGGTGCTAG.1",5
"X1_TAGTGCAAGTATTGCC.1",4
"X1_TAGTGCACAACACAGG.1",1000
"X1_TAGTGCACAAGGTTGG.1",1000
"X1_TAGTGCACACCTGCTT.1",3
"X1_TAGTGCACACGATAGG.1",8
"X1_TAGTGCACACGTGTGC.1",4
"X1_TAGTGCACAGACATCT.1",1000
"X1_TAGTGCACATTGGATC.1",7
"X1_TAGTGCAGTACCTTCC.1",6
"X1_TAGTGCAGTAGCGATG.1",1000
"X1_TAGTGCAGTCAACACT.1",7
"X1_TAGTGCAGTCCGAAGA.1",1000
"X1_TAGTGCAGTCTGCGCA.1",8
"X1_TAGTGCAGTGGAAATT.1",7
"X1_TAGTGCAGTGGAACCA.1",4
"X1_TAGTGCAGTGTCCCTT.1",7
"X1_TAGTGCAGTGTGTGGA.1",8
"X1_TAGTGCAGTGTTACTG.1",8
"X1_TAGTGCATCAAGGTGG.1",3
"X1_TAGTGCATCCACCCTA.1",1
"X1_TAGTGCATCCCGTGAG.1",1000
"X1_TAGTGCATCCCTCATG.1",1000
"X1_TAGTGCATCCTTCTTC.1",4
"X1_TAGTGCATCGGCCTTT.1",1000
"X1_TAGTGCATCGTCCTTG.1",8
"X1_TAGTGCATCTGAGGTT.1",1000
"X1_TAGTGCATCTGCTAGA.1",6
"X1_TATACCTAGAGCATTA.1",1000
"X1_TATACCTAGCATGCGA.1",8
"X1_TATACCTAGCTACTAC.1",7
"X1_TATACCTAGGGCCCTT.1",1000
"X1_TATACCTAGGGTCACA.1",7
"X1_TATACCTAGTGCTAGG.1",2
"X1_TATACCTCAAAGGCAC.1",5
"X1_TATACCTCAACCGCTG.1",2
"X1_TATACCTCACATATCG.1",3
"X1_TATACCTCACCTGCTT.1",8
"X1_TATACCTCACGCGCAT.1",8
"X1_TATACCTCACGGTAGA.1",1000
"X1_TATACCTCAGACATCT.1",4
"X1_TATACCTCAGAGGCAT.1",8
"X1_TATACCTCAGTCAGAG.1",8
"X1_TATACCTCAGTTAGAA.1",1000
"X1_TATACCTCATCTATCT.1",1000
"X1_TATACCTCATGCCGCA.1",7
"X1_TATACCTCATTGACAC.1",2
"X1_TATACCTGTACCCACG.1",3
"X1_TATACCTGTACGCTTA.1",7
"X1_TATACCTGTACTCCCT.1",5
"X1_TATACCTGTACTGAGG.1",7
"X1_TATACCTGTCGAAACG.1",4
"X1_TATACCTGTGTTCCTC.1",7
"X1_TATACCTTCACTTCTA.1",1000
"X1_TATACCTTCAGCGCGT.1",3
"X1_TATACCTTCAGCGTCG.1",6
"X1_TATACCTTCATCACAG.1",4
"X1_TATACCTTCCAAGCCG.1",8
"X1_TATACCTTCCGAGCTG.1",8
"X1_TATACCTTCCTCGATC.1",3
"X1_TATACCTTCCTGCTAC.1",8
"X1_TATACCTTCCTGGCTT.1",6
"X1_TATACCTTCGCGCCAA.1",3
"X1_TATACCTTCGCTTAAG.1",1000
"X1_TATACCTTCGGTGCAC.1",4
"X1_TATATCCAGACCAGCA.1",1
"X1_TATATCCAGAGAATCT.1",4
"X1_TATATCCAGATGCTTC.1",4
"X1_TATATCCAGCAAGGAA.1",1000
"X1_TATATCCAGCCATTGT.1",7
"X1_TATATCCAGCCTTTCC.1",8
"X1_TATATCCAGCGTGAGT.1",4
"X1_TATATCCAGCGTGCCT.1",8
"X1_TATATCCAGGAGAGTA.1",2
"X1_TATATCCAGGTAGGCT.1",4
"X1_TATATCCAGTCACGAG.1",8
"X1_TATATCCAGTGCTCAT.1",6
"X1_TATATCCAGTGGAAAG.1",1000
"X1_TATATCCAGTTGTAAG.1",4
"X1_TATATCCCAGAGTGAC.1",4
"X1_TATATCCCAGCGTACC.1",7
"X1_TATATCCCAGTAACCT.1",8
"X1_TATATCCGTAATGTGA.1",1
"X1_TATATCCGTATGCTTG.1",5
"X1_TATATCCGTCATCACA.1",4
"X1_TATATCCGTCTCGGAC.1",7
"X1_TATATCCGTGAGTAGC.1",1000
"X1_TATATCCGTGTCCAAT.1",7
"X1_TATATCCGTTAGGCCC.1",8
"X1_TATATCCGTTATTCTC.1",7
"X1_TATATCCGTTTCGACA.1",1
"X1_TATATCCTCAAAGGAT.1",8
"X1_TATATCCTCATGACAC.1",4
"X1_TATATCCTCCATAAGC.1",8
"X1_TATATCCTCCATTTAC.1",8
"X1_TATATCCTCCCGGTAG.1",8
"X1_TATATCCTCCGCAAAT.1",1000
"X1_TATATCCTCCGGACGT.1",8
"X1_TATATCCTCTACTGCC.1",8
"X1_TATATCCTCTATTGTC.1",4
"X1_TATATCCTCTCCTGTG.1",2
"X1_TATATCCTCTTGCAGA.1",4
"X1_TATCAGGAGGATACCG.1",8
"X1_TATCAGGAGGGCAGGA.1",3
"X1_TATCAGGAGTAGCATA.1",7
"X1_TATCAGGAGTATGAAC.1",4
"X1_TATCAGGAGTCTACCA.1",6
"X1_TATCAGGAGTGATCGG.1",6
"X1_TATCAGGCACAATGCT.1",1000
"X1_TATCAGGCACGCTGAC.1",8
"X1_TATCAGGCACTTGAAC.1",4
"X1_TATCAGGCAGAGACTG.1",5
"X1_TATCAGGCAGGGATAC.1",1
"X1_TATCAGGCATAGGAGC.1",1000
"X1_TATCAGGCATCGAGCC.1",4
"X1_TATCAGGCATGACAAA.1",1000
"X1_TATCAGGCATTGCCGG.1",1000
"X1_TATCAGGGTAGTTACC.1",1000
"X1_TATCAGGGTCAGTCTA.1",7
"X1_TATCAGGGTGGCTTAT.1",4
"X1_TATCAGGGTGTCCAAT.1",1000
"X1_TATCAGGGTTCATCTT.1",1000
"X1_TATCAGGTCATATGGC.1",1000
"X1_TATCAGGTCATGAGGG.1",1000
"X1_TATCAGGTCTCGCGTT.1",3
"X1_TATCAGGTCTTACACT.1",1
"X1_TATCCTAAGATCGCTT.1",1000
"X1_TATCCTAAGATTGCGG.1",8
"X1_TATCCTAAGCCTCATA.1",4
"X1_TATCCTAAGCTGGAGT.1",8
"X1_TATCCTAAGGGTGAGG.1",3
"X1_TATCCTAAGTGCCAGA.1",7
"X1_TATCCTACAACCAATC.1",8
"X1_TATCCTACAACGTATC.1",5
"X1_TATCCTACACCTCTGT.1",7
"X1_TATCCTACATGTTTGG.1",8
"X1_TATCCTAGTACCGCGT.1",1000
"X1_TATCCTAGTACGTACT.1",2
"X1_TATCCTAGTATCAGGG.1",5
"X1_TATCCTAGTATCGGTT.1",1000
"X1_TATCCTAGTCACCCTT.1",8
"X1_TATCCTAGTCCTTGTC.1",8
"X1_TATCCTAGTCGCATCG.1",5
"X1_TATCCTAGTCGTCATA.1",4
"X1_TATCCTAGTGACACAG.1",7
"X1_TATCCTAGTGATCATC.1",8
"X1_TATCCTAGTGGCCCAT.1",1
"X1_TATCCTAGTGGTCTCG.1",0
"X1_TATCCTATCAAGGAGC.1",1000
"X1_TATCCTATCCGAGAAG.1",7
"X1_TATCCTATCCGATAAC.1",7
"X1_TATCCTATCTGCCTGT.1",3
"X1_TATCCTATCTGCTTTA.1",8
"X1_TATCGCCAGAAAGTCT.1",7
"X1_TATCGCCAGCAAGGAA.1",5
"X1_TATCGCCAGCCGGAAT.1",8
"X1_TATCGCCAGCCGTTAT.1",8
"X1_TATCGCCAGCGATGAC.1",1000
"X1_TATCGCCAGGACGCTA.1",2
"X1_TATCGCCAGGTGATAT.1",1
"X1_TATCGCCAGTAGAGTT.1",7
"X1_TATCGCCAGTTGTACC.1",8
"X1_TATCGCCCAAGTGACG.1",6
"X1_TATCGCCCAATCACGT.1",6
"X1_TATCGCCCACACACTA.1",3
"X1_TATCGCCCACACGCCA.1",0
"X1_TATCGCCCACCTGCTT.1",2
"X1_TATCGCCCAGCACAAG.1",1000
"X1_TATCGCCCAGCGCTTG.1",1
"X1_TATCGCCCAGTATGAA.1",5
"X1_TATCGCCCAGTGAGCA.1",8
"X1_TATCGCCCATCGCCTT.1",3
"X1_TATCGCCCATGACTGT.1",8
"X1_TATCGCCGTACCCACG.1",7
"X1_TATCGCCGTACCTGTA.1",1
"X1_TATCGCCGTATGCGTT.1",0
"X1_TATCGCCGTCACTTAG.1",7
"X1_TATCGCCGTCCTCCTA.1",1000
"X1_TATCGCCGTGCCTATA.1",1000
"X1_TATCGCCGTGGTCTTA.1",8
"X1_TATCGCCGTGTGTCGC.1",8
"X1_TATCGCCGTTAGGGTG.1",1
"X1_TATCGCCGTTCGAAGG.1",0
"X1_TATCGCCGTTGAATCC.1",8
"X1_TATCGCCGTTGGCCGT.1",7
"X1_TATCGCCGTTTACGTG.1",7
"X1_TATCGCCTCAAGTAAG.1",1000
"X1_TATCGCCTCACTACGA.1",3
"X1_TATCGCCTCAGTGGGA.1",1
"X1_TATCGCCTCCACACAA.1",1000
"X1_TATCGCCTCCGTCACT.1",8
"X1_TATCGCCTCGCCAACG.1",7
"X1_TATCGCCTCTTTCTAG.1",1000
"X1_TATCTGTAGCCGCTTG.1",8
"X1_TATCTGTAGCTAAGTA.1",5
"X1_TATCTGTAGCTCGCAC.1",5
"X1_TATCTGTAGGAGCTGT.1",8
"X1_TATCTGTAGGATACGC.1",3
"X1_TATCTGTAGGATGTTA.1",4
"X1_TATCTGTAGGCGCTTC.1",5
"X1_TATCTGTAGTAGCAAT.1",8
"X1_TATCTGTAGTCGTCTA.1",8
"X1_TATCTGTAGTGATAGT.1",6
"X1_TATCTGTAGTGTTGTC.1",1000
"X1_TATCTGTCAACAACAA.1",7
"X1_TATCTGTCAACCGGAA.1",4
"X1_TATCTGTCAAGAGGTC.1",8
"X1_TATCTGTCAATAGTGA.1",5
"X1_TATCTGTCAATTGCCA.1",4
"X1_TATCTGTCACAATCTG.1",3
"X1_TATCTGTCACACGGTC.1",1000
"X1_TATCTGTCACACTGGC.1",8
"X1_TATCTGTCACCCTATC.1",7
"X1_TATCTGTCACTTGAAC.1",7
"X1_TATCTGTCAGCCTATA.1",8
"X1_TATCTGTCATACCATG.1",4
"X1_TATCTGTCATCGCCTT.1",8
"X1_TATCTGTCATGTTCGA.1",4
"X1_TATCTGTGTCAACATC.1",6
"X1_TATCTGTGTCCGGTCA.1",8
"X1_TATCTGTGTCTCTCCA.1",8
"X1_TATCTGTGTGATGGCA.1",1000
"X1_TATCTGTGTGCATACT.1",1000
"X1_TATCTGTGTGTCTTCC.1",7
"X1_TATCTGTGTTAAACCC.1",8
"X1_TATCTGTGTTCTCCAC.1",1000
"X1_TATCTGTTCACACCCT.1",0
"X1_TATCTGTTCATGGCCG.1",7
"X1_TATCTGTTCCCATTTA.1",8
"X1_TATCTGTTCCGATCTC.1",8
"X1_TATCTGTTCGATACAC.1",1000
"X1_TATCTGTTCGCATTAG.1",1000
"X1_TATCTGTTCGTTCTCG.1",8
"X1_TATCTGTTCTCGGTCT.1",5
"X1_TATCTGTTCTGGTCAA.1",1000
"X1_TATCTGTTCTGTCAGA.1",5
"X1_TATCTTGAGAATCGTA.1",5
"X1_TATCTTGAGAGTGAAG.1",4
"X1_TATCTTGAGCTGGTGA.1",0
"X1_TATCTTGAGGACAGTC.1",8
"X1_TATCTTGAGGATACAT.1",4
"X1_TATCTTGAGGGACTGT.1",7
"X1_TATCTTGAGTCATAGA.1",8
"X1_TATCTTGAGTCTTCGA.1",7
"X1_TATCTTGAGTGCAACG.1",2
"X1_TATCTTGCAAGGTTGG.1",8
"X1_TATCTTGCACGACTAT.1",8
"X1_TATCTTGCACTTCTCG.1",8
"X1_TATCTTGCAGAACGCA.1",5
"X1_TATCTTGCAGAATCGG.1",1000
"X1_TATCTTGCAGCGTATT.1",5
"X1_TATCTTGCAGTAGAGC.1",2
"X1_TATCTTGCATAGTCAC.1",1000
"X1_TATCTTGGTAGATCGG.1",8
"X1_TATCTTGGTAGTCGGA.1",1000
"X1_TATCTTGGTATCTTCT.1",4
"X1_TATCTTGGTCTTACAG.1",7
"X1_TATCTTGGTGACACGA.1",7
"X1_TATCTTGGTGGATCGA.1",5
"X1_TATCTTGGTGGTACAG.1",7
"X1_TATCTTGGTTAAGACA.1",5
"X1_TATCTTGTCACCTGTC.1",8
"X1_TATCTTGTCAGCCTCT.1",2
"X1_TATCTTGTCCTGCCAT.1",8
"X1_TATCTTGTCGAGGCAA.1",5
"X1_TATCTTGTCGATTGAC.1",3
"X1_TATCTTGTCTCGTGAA.1",1000
"X1_TATGTTCAGAACTCCT.1",1000
"X1_TATGTTCAGATTAGAC.1",7
"X1_TATGTTCAGCTAGCCC.1",1000
"X1_TATGTTCAGCTCTTCC.1",4
"X1_TATGTTCAGCTTGTTG.1",8
"X1_TATGTTCAGGATATGT.1",1000
"X1_TATGTTCAGGCATTTC.1",3
"X1_TATGTTCCAACCAATC.1",5
"X1_TATGTTCCACCTATCC.1",1000
"X1_TATGTTCCAGGTTCGC.1",8
"X1_TATGTTCCATCGGCCA.1",1
"X1_TATGTTCGTAGAGACC.1",8
"X1_TATGTTCGTAGTATAG.1",1000
"X1_TATGTTCGTATCCCTC.1",7
"X1_TATGTTCGTATGTCAC.1",8
"X1_TATGTTCGTCAAGCGA.1",1000
"X1_TATGTTCGTCTACATG.1",1000
"X1_TATGTTCGTGCAGATG.1",1
"X1_TATGTTCGTGGCCTCA.1",1
"X1_TATGTTCGTTAACAGA.1",7
"X1_TATGTTCGTTAGGGAC.1",4
"X1_TATGTTCGTTCGTTCC.1",7
"X1_TATGTTCGTTTCGTGA.1",1000
"X1_TATGTTCTCATTTGTC.1",2
"X1_TATGTTCTCCACTTCG.1",7
"X1_TATGTTCTCCCGATCT.1",1000
"X1_TATGTTCTCCTCAGGG.1",0
"X1_TATGTTCTCGCATTGA.1",3
"X1_TATGTTCTCGCCTTTG.1",7
"X1_TATGTTCTCGGTGAAG.1",8
"X1_TATGTTCTCTACGGGC.1",1
"X1_TATGTTCTCTTCCGTG.1",7
"X1_TATTCCAAGAAAGCGA.1",8
"X1_TATTCCAAGAGCCGAT.1",1
"X1_TATTCCAAGATGCAGC.1",1000
"X1_TATTCCAAGCCAAGTG.1",1000
"X1_TATTCCAAGCGCCTAC.1",7
"X1_TATTCCAAGTAAGAGG.1",2
"X1_TATTCCAAGTCGCTAT.1",7
"X1_TATTCCACAAACTAGA.1",8
"X1_TATTCCACAACAGTGG.1",6
"X1_TATTCCACAAGATGGC.1",1000
"X1_TATTCCACACTATGTG.1",5
"X1_TATTCCACAGGTCCCA.1",8
"X1_TATTCCACATAATGAG.1",1000
"X1_TATTCCACATCCGGTG.1",3
"X1_TATTCCAGTAACATGA.1",2
"X1_TATTCCAGTACTCAAC.1",7
"X1_TATTCCAGTAGGATAT.1",1000
"X1_TATTCCAGTCACCGCA.1",2
"X1_TATTCCAGTCAGGCAA.1",8
"X1_TATTCCAGTCCGAAAG.1",6
"X1_TATTCCAGTCCTGTTC.1",8
"X1_TATTCCAGTCTCAGAT.1",1000
"X1_TATTCCAGTGGATCAG.1",8
"X1_TATTCCAGTGTCCGGT.1",1000
"X1_TATTCCAGTGTTACTG.1",4
"X1_TATTCCAGTTGTAAAG.1",1000
"X1_TATTCCATCACTACGA.1",5
"X1_TATTCCATCAGCGGAA.1",3
"X1_TATTCCATCAGGGTAG.1",1000
"X1_TATTCCATCCCAGTGG.1",3
"X1_TATTCCATCCCTCTAG.1",6
"X1_TATTCCATCGTTCATT.1",3
"X1_TATTCCATCTACTATC.1",1000
"X1_TATTCCATCTGCGGAC.1",1
"X1_TATTGCTAGACAGCTG.1",2
"X1_TATTGCTAGAGCATTA.1",4
"X1_TATTGCTAGCAAGTCG.1",2
"X1_TATTGCTAGGGCCTCT.1",1
"X1_TATTGCTAGGTGCCTC.1",4
"X1_TATTGCTCAAAGGATT.1",8
"X1_TATTGCTCAAGTTCCA.1",3
"X1_TATTGCTCACAACGCC.1",1000
"X1_TATTGCTCACCACATA.1",7
"X1_TATTGCTCACTAACCA.1",8
"X1_TATTGCTCACTCACTC.1",1000
"X1_TATTGCTCAGACCAAG.1",1000
"X1_TATTGCTCAGCTCCTT.1",2
"X1_TATTGCTCAGGTCCGT.1",1000
"X1_TATTGCTGTATGAGGC.1",3
"X1_TATTGCTGTCGATTAC.1",1000
"X1_TATTGCTGTCTAGGTT.1",8
"X1_TATTGCTGTCTAGTGT.1",2
"X1_TATTGCTGTGACTGAG.1",3
"X1_TATTGCTGTGTAGCAG.1",1000
"X1_TATTGCTGTTTGAAAG.1",1
"X1_TATTGCTTCACGGTCG.1",7
"X1_TATTGCTTCCATCTAT.1",7
"X1_TATTGCTTCCTACACC.1",4
"X1_TATTGCTTCGTCCTCA.1",1000
"X1_TATTGCTTCTCAGGCG.1",7
"X1_TATTGCTTCTGTAAGC.1",8
"X1_TATTGCTTCTTTGCGC.1",8
"X1_TATTGGGAGACTCATC.1",5
"X1_TATTGGGAGAGTCCGA.1",0
"X1_TATTGGGAGCGCCTCA.1",1000
"X1_TATTGGGAGGAAGTGA.1",3
"X1_TATTGGGAGGACCCAA.1",4
"X1_TATTGGGAGTATTAGG.1",2
"X1_TATTGGGCACCTGCGA.1",1000
"X1_TATTGGGCACGCGTCA.1",7
"X1_TATTGGGCACGGTGCT.1",8
"X1_TATTGGGCAGGGAGAG.1",5
"X1_TATTGGGCAGTCTACA.1",2
"X1_TATTGGGCATGGCCCA.1",4
"X1_TATTGGGCATTGACAC.1",7
"X1_TATTGGGGTACTGAGG.1",7
"X1_TATTGGGGTATCAAGA.1",1000
"X1_TATTGGGGTCCGGATC.1",6
"X1_TATTGGGGTCGCATGC.1",1000
"X1_TATTGGGGTGCATACT.1",4
"X1_TATTGGGGTGTCATGT.1",6
"X1_TATTGGGGTTAAGGGC.1",4
"X1_TATTGGGGTTGGCCTG.1",4
"X1_TATTGGGTCATATGGC.1",7
"X1_TATTGGGTCCACTTTA.1",8
"X1_TATTGGGTCCGTGTAA.1",6
"X1_TATTGGGTCGACCAAT.1",4
"X1_TATTGGGTCGCTCTCA.1",3
"X1_TATTGGGTCTAGCCTC.1",3
"X1_TATTTCGAGAAAGCGA.1",1000
"X1_TATTTCGAGAACTGAT.1",1000
"X1_TATTTCGAGACATAGT.1",7
"X1_TATTTCGAGAGGTCGT.1",7
"X1_TATTTCGAGATCCTAC.1",1000
"X1_TATTTCGAGCTGTTCA.1",3
"X1_TATTTCGAGGTCTACT.1",1000
"X1_TATTTCGAGGTGCCAA.1",5
"X1_TATTTCGAGGTTAAAC.1",2
"X1_TATTTCGAGTAATTGG.1",0
"X1_TATTTCGAGTATAACG.1",4
"X1_TATTTCGAGTGTAGAT.1",8
"X1_TATTTCGCAATGGGTG.1",6
"X1_TATTTCGCACAGCTGC.1",2
"X1_TATTTCGCACCCAATA.1",8
"X1_TATTTCGCACCGTACG.1",6
"X1_TATTTCGCAGAACTCT.1",0
"X1_TATTTCGCAGTCCGTG.1",8
"X1_TATTTCGCAGTTACCA.1",2
"X1_TATTTCGCATATGGCT.1",2
"X1_TATTTCGCATTGGGAG.1",4
"X1_TATTTCGGTACCAGAG.1",4
"X1_TATTTCGGTATGAGAT.1",4
"X1_TATTTCGGTCATATGC.1",1000
"X1_TATTTCGGTCTGATAC.1",8
"X1_TATTTCGGTTACGTAC.1",2
"X1_TATTTCGGTTCCATTT.1",1000
"X1_TATTTCGGTTGCACGC.1",3
"X1_TATTTCGTCAGAGTTC.1",1000
"X1_TATTTCGTCCGCACGA.1",6
"X1_TATTTCGTCGACGACC.1",1000
"X1_TATTTCGTCGTGTGAT.1",7
"X1_TATTTCGTCTGTGCTC.1",8
"X1_TATTTCGTCTTCGACC.1",6
"X1_TCAAGACAGATGCTTC.1",3
"X1_TCAAGACAGCATCTTG.1",8
"X1_TCAAGACAGGAGCAAA.1",8
"X1_TCAAGACAGGCCCAAA.1",1
"X1_TCAAGACAGTGCAGGT.1",1000
"X1_TCAAGACCAAAGGGCT.1",0
"X1_TCAAGACCAATGGGTG.1",8
"X1_TCAAGACCAGGACAGT.1",3
"X1_TCAAGACCAGTATTCG.1",1000
"X1_TCAAGACCATCCTTCG.1",4
"X1_TCAAGACGTAATTGGA.1",7
"X1_TCAAGACGTCAACCTA.1",1000
"X1_TCAAGACGTCTCTCTG.1",0
"X1_TCAAGACGTGAACTAA.1",8
"X1_TCAAGACGTTAGAGAT.1",1
"X1_TCAAGACGTTCCTACC.1",4
"X1_TCAAGACGTTCTCGCT.1",7
"X1_TCAAGACGTTGCACGC.1",4
"X1_TCAAGACTCAGACTGT.1",4
"X1_TCAAGACTCCACTGGG.1",6
"X1_TCAAGACTCCACTTCG.1",4
"X1_TCAAGACTCCCTAGGG.1",1000
"X1_TCAAGACTCCCTCAAC.1",8
"X1_TCAAGACTCCGTTTCG.1",1000
"X1_TCAAGACTCGCCGTGA.1",0
"X1_TCAAGACTCGTGCTCT.1",1000
"X1_TCAAGACTCGTTGCCT.1",3
"X1_TCAAGACTCTACACTT.1",7
"X1_TCAAGCAAGACTTCGT.1",1000
"X1_TCAAGCAAGCCGATCC.1",8
"X1_TCAAGCAAGCTGCCAC.1",4
"X1_TCAAGCAAGCTTGTTG.1",8
"X1_TCAAGCAAGGGACCAT.1",4
"X1_TCAAGCAAGGTCCGAA.1",8
"X1_TCAAGCACAATACCTG.1",5
"X1_TCAAGCACACAGTCGC.1",5
"X1_TCAAGCACACTACCGG.1",1000
"X1_TCAAGCACACTATCCC.1",1000
"X1_TCAAGCACAGCGTGCT.1",1000
"X1_TCAAGCACATACCGTA.1",5
"X1_TCAAGCACATCGTTCC.1",7
"X1_TCAAGCAGTACGATTC.1",4
"X1_TCAAGCAGTAGACAGC.1",0
"X1_TCAAGCAGTAGATTAG.1",4
"X1_TCAAGCAGTCAAAGCG.1",1000
"X1_TCAAGCAGTCCAGTTA.1",7
"X1_TCAAGCAGTCCGAAAG.1",3
"X1_TCAAGCAGTGATTCAC.1",8
"X1_TCAAGCAGTGCCTGCA.1",7
"X1_TCAAGCAGTTCCAAAC.1",3
"X1_TCAAGCAGTTGGGATG.1",7
"X1_TCAAGCATCCAAGAGG.1",1000
"X1_TCAAGCATCCACTGGG.1",8
"X1_TCAAGCATCCCGAGTG.1",4
"X1_TCAAGCATCCGGTTCT.1",1
"X1_TCAAGCATCGAGCACC.1",1000
"X1_TCAAGCATCGGTCATA.1",7
"X1_TCAAGCATCGTTAGTG.1",8
"X1_TCAAGCATCTCTCGCA.1",4
"X1_TCAAGCATCTGCCCTA.1",4
"X1_TCAAGCATCTTACGTT.1",0
"X1_TCAAGTGAGAGAGTGA.1",2
"X1_TCAAGTGAGAGTTGCG.1",6
"X1_TCAAGTGAGCAGTAAT.1",3
"X1_TCAAGTGAGCATTGAA.1",7
"X1_TCAAGTGAGCCTCAGC.1",1
"X1_TCAAGTGAGCCTGGAA.1",7
"X1_TCAAGTGAGCGTGCTC.1",7
"X1_TCAAGTGAGTTCAACC.1",1000
"X1_TCAAGTGAGTTCGGTT.1",7
"X1_TCAAGTGCAAGTGGCA.1",6
"X1_TCAAGTGCACCTGCTT.1",4
"X1_TCAAGTGCACGACGAA.1",5
"X1_TCAAGTGCACGGTCTG.1",8
"X1_TCAAGTGCAGATCCTA.1",5
"X1_TCAAGTGCATTGCTGA.1",1000
"X1_TCAAGTGCATTGTGCA.1",4
"X1_TCAAGTGGTAACTTCG.1",8
"X1_TCAAGTGGTAAGCGGT.1",4
"X1_TCAAGTGGTACCTAAC.1",1000
"X1_TCAAGTGGTAGAATAC.1",1000
"X1_TCAAGTGGTAGCTGAG.1",3
"X1_TCAAGTGGTAGTTCCA.1",7
"X1_TCAAGTGGTATCTTCT.1",4
"X1_TCAAGTGGTCGGCACT.1",1
"X1_TCAAGTGGTCTGTCAA.1",8
"X1_TCAAGTGGTGACAGGT.1",1000
"X1_TCAAGTGGTGCCCACA.1",2
"X1_TCAAGTGGTGCGACAA.1",1000
"X1_TCAAGTGGTGTTAACC.1",4
"X1_TCAAGTGTCATAGAGA.1",4
"X1_TCAAGTGTCCAGGACC.1",1000
"X1_TCAAGTGTCCTCAGGG.1",1000
"X1_TCAAGTGTCGCTTAAG.1",8
"X1_TCAAGTGTCGGAGATG.1",1000
"X1_TCAAGTGTCGGCTATA.1",1000
"X1_TCAAGTGTCTGCACCT.1",2
"X1_TCAAGTGTCTGGCCAG.1",5
"X1_TCAAGTGTCTTCGACC.1",0
"X1_TCAATCTAGACACACG.1",7
"X1_TCAATCTAGCGTTCCG.1",2
"X1_TCAATCTAGGGTACGT.1",1000
"X1_TCAATCTAGTATGTAG.1",1000
"X1_TCAATCTAGTCCGTCG.1",4
"X1_TCAATCTAGTGCGACA.1",5
"X1_TCAATCTCAACCACGC.1",7
"X1_TCAATCTCAATTGCAC.1",6
"X1_TCAATCTCACCAGACC.1",1000
"X1_TCAATCTCACGGCCAT.1",3
"X1_TCAATCTCATAATCCG.1",1000
"X1_TCAATCTCATCATTGG.1",2
"X1_TCAATCTGTACCCAGC.1",1000
"X1_TCAATCTGTAGCTGAG.1",0
"X1_TCAATCTGTAGTAAGT.1",8
"X1_TCAATCTGTCACCCTT.1",8
"X1_TCAATCTGTGCCGGTT.1",8
"X1_TCAATCTGTGCCTACG.1",1000
"X1_TCAATCTGTGTTCGTA.1",8
"X1_TCAATCTGTTATCTGG.1",5
"X1_TCAATCTGTTCTGACA.1",1000
"X1_TCAATCTTCATAGCAC.1",7
"X1_TCAATCTTCCAGTGCG.1",1000
"X1_TCAATCTTCCGTATAG.1",1000
"X1_TCAATCTTCGACCATA.1",1
"X1_TCAATCTTCGATACGT.1",1000
"X1_TCAATCTTCTAGGAAA.1",8
"X1_TCAATCTTCTCATTAC.1",8
"X1_TCAATCTTCTGCGGGT.1",2
"X1_TCAATCTTCTTCGGTC.1",7
"X1_TCAATTCAGAGTGTTA.1",7
"X1_TCAATTCAGATTGACA.1",7
"X1_TCAATTCAGCCGTTAT.1",7
"X1_TCAATTCAGGAACGTC.1",6
"X1_TCAATTCAGGATGTTA.1",1000
"X1_TCAATTCAGGATTTAG.1",5
"X1_TCAATTCAGGGTAATT.1",8
"X1_TCAATTCAGTCAGCCC.1",7
"X1_TCAATTCAGTTGCTCA.1",8
"X1_TCAATTCCAAGATGTA.1",2
"X1_TCAATTCCAAGTAGTA.1",1000
"X1_TCAATTCCACTAAACC.1",3
"X1_TCAATTCCAGAAGCTG.1",1000
"X1_TCAATTCCAGCGGTTC.1",7
"X1_TCAATTCCAGCGTTTA.1",4
"X1_TCAATTCCAGGCATGA.1",6
"X1_TCAATTCCAGGTCAAG.1",4
"X1_TCAATTCCATAGTCGT.1",0
"X1_TCAATTCCATCAGCTA.1",8
"X1_TCAATTCGTACCTGTA.1",7
"X1_TCAATTCGTAGGAAAG.1",6
"X1_TCAATTCGTCAATGGG.1",8
"X1_TCAATTCGTCACTCAA.1",0
"X1_TCAATTCGTCCATCTC.1",8
"X1_TCAATTCGTCGTATTG.1",2
"X1_TCAATTCGTCTCTCAC.1",4
"X1_TCAATTCGTGAGATTA.1",1000
"X1_TCAATTCGTGTGGACA.1",1
"X1_TCAATTCGTTACCCAA.1",4
"X1_TCAATTCGTTCTCTCG.1",4
"X1_TCAATTCGTTGCAACT.1",2
"X1_TCAATTCTCCGCGAGT.1",7
"X1_TCAATTCTCCTCTTTC.1",3
"X1_TCAATTCTCGAATCCA.1",8
"X1_TCAATTCTCGCAACAT.1",7
"X1_TCAATTCTCGCAGATT.1",1000
"X1_TCAATTCTCTTCGATT.1",2
"X1_TCAATTCTCTTCTCAA.1",8
"X1_TCACAAGAGAGATGCC.1",7
"X1_TCACAAGAGAGGCGTT.1",5
"X1_TCACAAGAGCCTTTGA.1",5
"X1_TCACAAGAGGAGGTTC.1",7
"X1_TCACAAGAGGATATAC.1",3
"X1_TCACAAGAGGGTAATT.1",8
"X1_TCACAAGAGGTCGTGA.1",1000
"X1_TCACAAGAGTAACAGT.1",2
"X1_TCACAAGAGTCGTCTA.1",4
"X1_TCACAAGAGTTGTACC.1",1000
"X1_TCACAAGCAAAGTATG.1",1000
"X1_TCACAAGCAAGTGCAG.1",1000
"X1_TCACAAGCACAACGAG.1",1000
"X1_TCACAAGCACTCAAGT.1",8
"X1_TCACAAGCACTTCAGA.1",8
"X1_TCACAAGCAGACCTGC.1",4
"X1_TCACAAGCAGACTGCC.1",2
"X1_TCACAAGCAGAGTTCT.1",7
"X1_TCACAAGCAGCAGTCC.1",8
"X1_TCACAAGCAGTCTACA.1",5
"X1_TCACAAGGTACTTCCC.1",8
"X1_TCACAAGGTCCAGTTA.1",7
"X1_TCACAAGGTGGTTTAC.1",1
"X1_TCACAAGGTGTAAATG.1",8
"X1_TCACAAGGTGTGAGCA.1",1000
"X1_TCACAAGGTTCGTTCC.1",8
"X1_TCACAAGGTTTGAACC.1",7
"X1_TCACAAGTCAGAATAG.1",4
"X1_TCACAAGTCATCCTAT.1",3
"X1_TCACAAGTCGAACGCC.1",7
"X1_TCACAAGTCGAACTCA.1",7
"X1_TCACAAGTCGCCTAGG.1",7
"X1_TCACACCAGAGCAGTC.1",6
"X1_TCACACCAGAGTGTTA.1",1000
"X1_TCACACCAGATTGGGC.1",0
"X1_TCACACCAGCATAGGC.1",7
"X1_TCACACCAGCGGCTCT.1",3
"X1_TCACACCAGGAAGTAG.1",7
"X1_TCACACCAGTGCTACT.1",7
"X1_TCACACCAGTTAACAG.1",3
"X1_TCACACCCAAACGAGC.1",1000
"X1_TCACACCCAACCGATT.1",2
"X1_TCACACCCAACTAGAA.1",4
"X1_TCACACCCACAAAGTA.1",3
"X1_TCACACCCACGTCATA.1",2
"X1_TCACACCCAGTGCGCT.1",8
"X1_TCACACCCATCGCTAA.1",7
"X1_TCACACCCATGTTTGG.1",2
"X1_TCACACCGTAACTAAG.1",4
"X1_TCACACCGTACATTGC.1",4
"X1_TCACACCGTCAAGTTC.1",3
"X1_TCACACCGTCCTATAG.1",4
"X1_TCACACCGTCTTACTT.1",8
"X1_TCACACCGTGGGTATG.1",7
"X1_TCACACCGTGTGATGG.1",6
"X1_TCACACCGTTCTTCAT.1",1000
"X1_TCACACCTCACACCGG.1",3
"X1_TCACACCTCAGACTGT.1",4
"X1_TCACACCTCATCACTT.1",6
"X1_TCACACCTCATTTCCA.1",3
"X1_TCACACCTCCGCGAGT.1",7
"X1_TCACACCTCGAACCAT.1",1000
"X1_TCACACCTCGGCCAAC.1",4
"X1_TCACACCTCGGCTATA.1",0
"X1_TCACACCTCGGCTCTT.1",8
"X1_TCACACCTCTCCAAGA.1",8
"X1_TCACATTAGAAGCCAC.1",7
"X1_TCACATTAGAATACAC.1",1000
"X1_TCACATTAGAATCTAG.1",1000
"X1_TCACATTAGACGTCCC.1",4
"X1_TCACATTAGATTGAGT.1",7
"X1_TCACATTAGATTGCGG.1",1000
"X1_TCACATTAGCAGGTCA.1",4
"X1_TCACATTAGCTCTTCC.1",0
"X1_TCACATTAGGAATCGC.1",4
"X1_TCACATTAGGAGTACC.1",1000
"X1_TCACATTAGGCGAAGG.1",1000
"X1_TCACATTAGGCTCCCA.1",8
"X1_TCACATTAGGGCAGAG.1",3
"X1_TCACATTAGTAAAGCT.1",7
"X1_TCACATTAGTAACCGG.1",7
"X1_TCACATTAGTGCTACT.1",1000
"X1_TCACATTCAACGGTAG.1",7
"X1_TCACATTCAATAACCC.1",7
"X1_TCACATTCACAATGTC.1",8
"X1_TCACATTCACGCTGTG.1",1000
"X1_TCACATTCACTGCGTG.1",6
"X1_TCACATTCAGATTTCG.1",4
"X1_TCACATTCAGGCCTGT.1",7
"X1_TCACATTCAGGCTCTG.1",4
"X1_TCACATTCATTCAGCA.1",4
"X1_TCACATTGTAACGATA.1",8
"X1_TCACATTGTAGCGTCC.1",4
"X1_TCACATTGTATCGTGT.1",1
"X1_TCACATTGTATCTCTT.1",4
"X1_TCACATTGTCATCGCG.1",8
"X1_TCACATTGTCCCGGTA.1",1000
"X1_TCACATTGTCCGAAAG.1",1000
"X1_TCACATTGTCCGACGT.1",5
"X1_TCACATTGTGATACCT.1",1000
"X1_TCACATTGTGATTCTG.1",1000
"X1_TCACATTGTGTATCCA.1",8
"X1_TCACATTGTGTTACAC.1",4
"X1_TCACATTGTTGCGAAG.1",0
"X1_TCACATTGTTTGACAC.1",1000
"X1_TCACATTTCTTTCCGG.1",8
"X1_TCACGCTAGAAGGCTC.1",1000
"X1_TCACGCTAGACCCGCT.1",6
"X1_TCACGCTAGATACTGA.1",1000
"X1_TCACGCTAGCCTCCAG.1",1000
"X1_TCACGCTAGCGTATGG.1",6
"X1_TCACGCTAGCGTGAAC.1",1000
"X1_TCACGCTAGGTCGTCC.1",4
"X1_TCACGCTAGGTTCATC.1",3
"X1_TCACGCTAGTGCTAGG.1",8
"X1_TCACGCTAGTTCAACC.1",3
"X1_TCACGCTCAAATCCCA.1",1000
"X1_TCACGCTCAAGTCATC.1",1000
"X1_TCACGCTCACCACATA.1",5
"X1_TCACGCTCAGAAATCA.1",3
"X1_TCACGCTCAGAACTCT.1",5
"X1_TCACGCTCAGGAATAT.1",7
"X1_TCACGCTCAGTCTGGC.1",7
"X1_TCACGCTCAGTGAGCA.1",3
"X1_TCACGCTCATAGAGGC.1",2
"X1_TCACGCTCATCGTGGC.1",7
"X1_TCACGCTCATCTCGTC.1",7
"X1_TCACGCTCATGGAGAC.1",7
"X1_TCACGCTCATTGCCTC.1",0
"X1_TCACGCTGTATGCTAC.1",4
"X1_TCACGCTGTCCAGGTC.1",1000
"X1_TCACGCTGTCCATACA.1",7
"X1_TCACGCTGTTCAAAGA.1",7
"X1_TCACGCTGTTCGGTCG.1",6
"X1_TCACGCTTCAGGGATG.1",8
"X1_TCACGCTTCCAGCCTT.1",4
"X1_TCACGCTTCCCGATCT.1",7
"X1_TCACGCTTCCGACGGT.1",2
"X1_TCACGCTTCCTAACAG.1",8
"X1_TCACGCTTCGAGCTGC.1",1000
"X1_TCACGCTTCGCTGCGA.1",1000
"X1_TCACGCTTCGCTTTAT.1",1000
"X1_TCACGCTTCGTTGTAG.1",7
"X1_TCACGCTTCTCCGCAT.1",8
"X1_TCACGCTTCTGCTAGA.1",3
"X1_TCACGCTTCTTAGTTC.1",7
"X1_TCACGCTTCTTCCACG.1",1000
"X1_TCACGCTTCTTGAACG.1",4
"X1_TCACGGGAGATGGTCG.1",8
"X1_TCACGGGAGGACAGCT.1",8
"X1_TCACGGGAGGACAGTC.1",3
"X1_TCACGGGAGGATTTCC.1",2
"X1_TCACGGGAGTGGATAT.1",1000
"X1_TCACGGGCAAGAGCTG.1",1
"X1_TCACGGGCACGGCCAT.1",7
"X1_TCACGGGCAGCCTTCT.1",4
"X1_TCACGGGCATCCGTGG.1",7
"X1_TCACGGGGTATGTGTC.1",6
"X1_TCACGGGGTTGCATTG.1",1000
"X1_TCACGGGGTTGTCAGT.1",6
"X1_TCACGGGGTTTGACAC.1",1000
"X1_TCACGGGTCATGGAGG.1",1000
"X1_TCACGGGTCGCTCTAC.1",7
"X1_TCACGGGTCTAGCATG.1",6
"X1_TCACGGGTCTGAGAAA.1",1000
"X1_TCACGGGTCTTCGACC.1",0
"X1_TCACTATAGGGACTGT.1",7
"X1_TCACTATAGGGCATGT.1",8
"X1_TCACTATAGTTTGCTG.1",8
"X1_TCACTATCAACCGTAT.1",1000
"X1_TCACTATCAAGACCGA.1",1
"X1_TCACTATCACGACGCT.1",4
"X1_TCACTATCACTCGATA.1",4
"X1_TCACTATCACTGGCGT.1",8
"X1_TCACTATCAGCAGTTT.1",1000
"X1_TCACTATCAGGCATTT.1",1
"X1_TCACTATGTAACTAAG.1",7
"X1_TCACTATGTAGACAAT.1",8
"X1_TCACTATGTATAATGG.1",3
"X1_TCACTATGTATGACAA.1",8
"X1_TCACTATGTATTTCTC.1",5
"X1_TCACTATGTCAGGCAA.1",4
"X1_TCACTATGTCTTGAAC.1",8
"X1_TCACTATGTGAGATCG.1",7
"X1_TCACTATGTGTCATTG.1",4
"X1_TCACTATTCAGAGCGA.1",1000
"X1_TCACTATTCAGTGATC.1",3
"X1_TCACTATTCCCGAACG.1",7
"X1_TCACTATTCGCTCTCA.1",2
"X1_TCACTATTCTGCGGGT.1",1000
"X1_TCACTATTCTGTAAGC.1",3
"X1_TCACTCGAGACAGTCG.1",8
"X1_TCACTCGAGAGCTGCA.1",1000
"X1_TCACTCGAGCAAATGT.1",3
"X1_TCACTCGAGCTATCCA.1",3
"X1_TCACTCGAGCTTAGTC.1",6
"X1_TCACTCGAGGACTATA.1",6
"X1_TCACTCGAGGTCATTC.1",2
"X1_TCACTCGAGTGCAACG.1",6
"X1_TCACTCGCACATCCCT.1",7
"X1_TCACTCGCACATGTTG.1",4
"X1_TCACTCGCACTCCTGT.1",8
"X1_TCACTCGCAGCGTTGC.1",7
"X1_TCACTCGCAGGCATGA.1",4
"X1_TCACTCGCATCGATAC.1",4
"X1_TCACTCGGTAGGTGCA.1",3
"X1_TCACTCGGTCACGACC.1",8
"X1_TCACTCGGTCCCTCAT.1",8
"X1_TCACTCGGTCCTGTCT.1",7
"X1_TCACTCGGTCTAGATC.1",5
"X1_TCACTCGGTCTCGACG.1",7
"X1_TCACTCGGTGAGACGT.1",2
"X1_TCACTCGGTGCATCTA.1",8
"X1_TCACTCGGTGCCGTTG.1",1000
"X1_TCACTCGGTGTTAACC.1",8
"X1_TCACTCGGTTAAACAG.1",7
"X1_TCACTCGGTTCAAACC.1",7
"X1_TCACTCGGTTTACTTC.1",1000
"X1_TCACTCGTCACTGTCC.1",7
"X1_TCACTCGTCCATTTAC.1",3
"X1_TCACTCGTCCTCAGAA.1",8
"X1_TCACTCGTCGCATTAG.1",3
"X1_TCACTCGTCGTTAGAC.1",1000
"X1_TCACTCGTCTAGAACC.1",1000
"X1_TCACTCGTCTAGCAAC.1",1000
"X1_TCACTCGTCTCGACCT.1",1
"X1_TCAGCAAAGAAGGTAG.1",1000
"X1_TCAGCAAAGAATTGTG.1",1000
"X1_TCAGCAAAGATTGACA.1",5
"X1_TCAGCAAAGCCGGAAT.1",8
"X1_TCAGCAAAGCTACAAA.1",5
"X1_TCAGCAAAGGAAACGA.1",8
"X1_TCAGCAAAGGAACGCT.1",5
"X1_TCAGCAAAGGACAACC.1",1000
"X1_TCAGCAAAGGTCTACT.1",1000
"X1_TCAGCAAAGTAGGAAG.1",1000
"X1_TCAGCAAAGTAGGGTC.1",4
"X1_TCAGCAAAGTGCCGAA.1",1
"X1_TCAGCAAAGTTGCTGT.1",4
"X1_TCAGCAACAAACTAGA.1",1000
"X1_TCAGCAACAAGCTGCC.1",8
"X1_TCAGCAACAAGTCCCG.1",4
"X1_TCAGCAACACAAATAG.1",5
"X1_TCAGCAACACGTTGGC.1",4
"X1_TCAGCAACACTACACA.1",8
"X1_TCAGCAACACTGAATC.1",1000
"X1_TCAGCAACACTGGCCA.1",7
"X1_TCAGCAACACTTGAAC.1",7
"X1_TCAGCAACAGCTGAAG.1",8
"X1_TCAGCAAGTATCCTCC.1",4
"X1_TCAGCAAGTCTAGGCC.1",8
"X1_TCAGCAAGTGGACCTC.1",1000
"X1_TCAGCAAGTGGAGGTT.1",1000
"X1_TCAGCAAGTGGCCTCA.1",4
"X1_TCAGCAAGTGTTTGCA.1",4
"X1_TCAGCAAGTTACCTTT.1",7
"X1_TCAGCAAGTTCAAGTC.1",8
"X1_TCAGCAAGTTGGATCT.1",0
"X1_TCAGCAAGTTGGCCGT.1",7
"X1_TCAGCAATCAATCTCT.1",6
"X1_TCAGCAATCCTTATAC.1",1000
"X1_TCAGCAATCGAGAGAC.1",7
"X1_TCAGCAATCTTGGAAC.1",1000
"X1_TCAGCCTAGAAAGTCT.1",8
"X1_TCAGCCTAGATGAATC.1",1
"X1_TCAGCCTCAACCTAAC.1",6
"X1_TCAGCCTCAAGTTCGT.1",8
"X1_TCAGCCTCAGAGGCAT.1",3
"X1_TCAGCCTCAGTACTAC.1",1000
"X1_TCAGCCTCAGTGTACT.1",0
"X1_TCAGCCTCATATCTGG.1",2
"X1_TCAGCCTCATCAGCGC.1",1000
"X1_TCAGCCTCATTGAGGG.1",4
"X1_TCAGCCTGTACTAACC.1",1
"X1_TCAGCCTGTAGAATAC.1",8
"X1_TCAGCCTGTAGTGATA.1",1000
"X1_TCAGCCTGTCCTATAG.1",1000
"X1_TCAGCCTGTCTACAAC.1",3
"X1_TCAGCCTGTCTGTTAG.1",1000
"X1_TCAGCCTGTGCGGCTT.1",1000
"X1_TCAGCCTGTGGGTCAA.1",8
"X1_TCAGCCTGTGTCTTAG.1",1000
"X1_TCAGCCTGTTAGGACG.1",4
"X1_TCAGCCTGTTCTCTCG.1",1000
"X1_TCAGCCTGTTGCGTAT.1",1000
"X1_TCAGCCTTCAAGATAG.1",8
"X1_TCAGCCTTCATTGGTG.1",6
"X1_TCAGCCTTCTCTCTAA.1",8
"X1_TCAGCCTTCTGCTAGA.1",7
"X1_TCAGCCTTCTTGGATG.1",8
"X1_TCAGGGCAGAGGGTAA.1",1000
"X1_TCAGGGCAGGAGGGTG.1",1000
"X1_TCAGGGCAGTCACTCA.1",8
"X1_TCAGGGCCAAAGGTTA.1",8
"X1_TCAGGGCCAACGACAG.1",3
"X1_TCAGGGCCAATGTCTG.1",5
"X1_TCAGGGCCACAACGTT.1",4
"X1_TCAGGGCCACAGGATG.1",3
"X1_TCAGGGCCAGAGGACT.1",1000
"X1_TCAGGGCCATAACCCA.1",8
"X1_TCAGGGCCATCGGCCA.1",6
"X1_TCAGGGCGTATCATGC.1",7
"X1_TCAGGGCGTCGACTGC.1",7
"X1_TCAGGGCGTCTAGTGT.1",1000
"X1_TCAGGGCGTGATCATC.1",7
"X1_TCAGGGCGTGGCCCAT.1",1000
"X1_TCAGGGCGTGGTCCCA.1",6
"X1_TCAGGGCGTTCGGCTG.1",7
"X1_TCAGGGCTCACTCTTA.1",1000
"X1_TCAGGGCTCAGAGCGA.1",1000
"X1_TCAGGGCTCATGACAC.1",7
"X1_TCAGGGCTCCGATGCG.1",7
"X1_TCAGGGCTCCGCAAAT.1",0
"X1_TCAGGGCTCCGTCACT.1",8
"X1_TCAGGGCTCCTACCGT.1",7
"X1_TCAGGGCTCGCATTAG.1",8
"X1_TCAGGGCTCGCGATCG.1",8
"X1_TCAGGGCTCGGCACTG.1",1000
"X1_TCAGGGCTCGTCCTCA.1",2
"X1_TCAGGGCTCTAGCCTC.1",3
"X1_TCAGGTAAGAACTTCC.1",8
"X1_TCAGGTAAGAAGGATG.1",8
"X1_TCAGGTAAGCGGGTTA.1",1000
"X1_TCAGGTAAGCTACTAC.1",8
"X1_TCAGGTAAGGCCACTC.1",1000
"X1_TCAGGTAAGGTGCATG.1",1
"X1_TCAGGTAAGGTTAGTA.1",8
"X1_TCAGGTACAAAGCGTG.1",5
"X1_TCAGGTACACGACAAG.1",3
"X1_TCAGGTACAGCGGTCT.1",1000
"X1_TCAGGTACAGGCTACC.1",7
"X1_TCAGGTACAGTTTGGT.1",0
"X1_TCAGGTACATTGCTGA.1",1
"X1_TCAGGTAGTAACATAG.1",4
"X1_TCAGGTAGTAGGACTG.1",1000
"X1_TCAGGTAGTAGGCTCC.1",1
"X1_TCAGGTAGTATACCCA.1",1000
"X1_TCAGGTAGTATCGCTA.1",4
"X1_TCAGGTAGTATCGTAC.1",8
"X1_TCAGGTAGTCGCTCGA.1",7
"X1_TCAGGTAGTCTCGACG.1",5
"X1_TCAGGTAGTGACACAG.1",3
"X1_TCAGGTAGTGGATCAG.1",8
"X1_TCAGGTAGTGGCCACT.1",4
"X1_TCAGGTAGTTTATGCG.1",4
"X1_TCAGGTATCAGAGTTC.1",4
"X1_TCAGGTATCCCGAACG.1",7
"X1_TCAGGTATCCGCTTAC.1",4
"X1_TCAGGTATCGCCAACG.1",8
"X1_TCAGGTATCGGCGATC.1",1000
"X1_TCAGGTATCGTGCATA.1",1000
"X1_TCAGGTATCTCTGGTC.1",1000
"X1_TCAGTCCAGACTGAGC.1",4
"X1_TCAGTCCAGCCAAGTG.1",7
"X1_TCAGTCCAGCCGAATG.1",1000
"X1_TCAGTCCAGCGTATGG.1",3
"X1_TCAGTCCAGCTAATCC.1",8
"X1_TCAGTCCAGGAAAGAC.1",1000
"X1_TCAGTCCAGGAGATAG.1",8
"X1_TCAGTCCAGTGAGCCA.1",7
"X1_TCAGTCCAGTTGCTCA.1",4
"X1_TCAGTCCAGTTGGAAT.1",3
"X1_TCAGTCCCAATAGTCC.1",4
"X1_TCAGTCCCAATGACCT.1",1000
"X1_TCAGTCCCACGAGGAT.1",0
"X1_TCAGTCCCAGGTCTCG.1",4
"X1_TCAGTCCCAGTATTCG.1",3
"X1_TCAGTCCCATAGATGA.1",4
"X1_TCAGTCCCATTGGATC.1",4
"X1_TCAGTCCGTAGGAGGG.1",1000
"X1_TCAGTCCGTAGGTGCA.1",1000
"X1_TCAGTCCGTAGTTCCA.1",8
"X1_TCAGTCCGTATTCCGA.1",6
"X1_TCAGTCCGTCCGATCG.1",1000
"X1_TCAGTCCGTCCGTTTC.1",3
"X1_TCAGTCCGTCTTTCAT.1",2
"X1_TCAGTCCGTGAGGAAA.1",8
"X1_TCAGTCCGTGATACTC.1",3
"X1_TCAGTCCGTGCACGCT.1",1
"X1_TCAGTCCGTGGCCTCA.1",7
"X1_TCAGTCCGTGTATTGC.1",3
"X1_TCAGTCCGTGTCGCTG.1",0
"X1_TCAGTCCGTGTTCGTA.1",7
"X1_TCAGTCCTCACAAGGG.1",7
"X1_TCAGTCCTCACGTCCT.1",7
"X1_TCAGTCCTCATCTGTT.1",8
"X1_TCAGTCCTCCACCTCA.1",1
"X1_TCAGTCCTCCACTGGG.1",8
"X1_TCAGTCCTCCATACTT.1",1000
"X1_TCAGTCCTCCGCATAA.1",8
"X1_TCAGTCCTCCGCTTAC.1",8
"X1_TCAGTCCTCCTAACAG.1",1000
"X1_TCAGTCCTCCTTATGT.1",7
"X1_TCAGTCCTCGAGAGAC.1",3
"X1_TCAGTCCTCTCTAAGG.1",6
"X1_TCAGTCCTCTGGGTCG.1",7
"X1_TCAGTCCTCTGTTGGA.1",8
"X1_TCAGTGAAGAACCCGA.1",6
"X1_TCAGTGAAGCCTCCAG.1",8
"X1_TCAGTGAAGCGCCTTG.1",6
"X1_TCAGTGAAGGATGGCT.1",7
"X1_TCAGTGAAGGGTGAGG.1",4
"X1_TCAGTGAAGTCACACT.1",8
"X1_TCAGTGAAGTGATAAC.1",5
"X1_TCAGTGAAGTGCACAG.1",8
"X1_TCAGTGACAAGATGGC.1",7
"X1_TCAGTGACACAAGCTT.1",1000
"X1_TCAGTGACACGGGCTT.1",1
"X1_TCAGTGACACTGGACC.1",8
"X1_TCAGTGAGTATCGTGT.1",3
"X1_TCAGTGAGTATGAGAT.1",8
"X1_TCAGTGAGTCATTGCA.1",3
"X1_TCAGTGAGTCCCTAAA.1",7
"X1_TCAGTGAGTCGGATTT.1",5
"X1_TCAGTGAGTGCATACT.1",5
"X1_TCAGTGAGTGTAAACA.1",1000
"X1_TCAGTGAGTTCACCGG.1",4
"X1_TCAGTGAGTTGGGAAC.1",2
"X1_TCAGTGATCATAAGGA.1",6
"X1_TCAGTGATCATACAGC.1",4
"X1_TCAGTGATCATATGGC.1",1000
"X1_TCAGTGATCATTGCCC.1",4
"X1_TCAGTGATCCACAAGT.1",1000
"X1_TCAGTGATCCATGATG.1",4
"X1_TCAGTGATCCGCCTAT.1",1000
"X1_TCAGTGATCCTCTAAT.1",7
"X1_TCAGTGATCTACGCGG.1",7
"X1_TCAGTGATCTAGCCAA.1",8
"X1_TCAGTGATCTCCTGAC.1",1
"X1_TCAGTTTAGAAATTGC.1",3
"X1_TCAGTTTAGAGCAACC.1",2
"X1_TCAGTTTAGAGGACTC.1",2
"X1_TCAGTTTAGAGGTTAT.1",1000
"X1_TCAGTTTAGCTCGACC.1",8
"X1_TCAGTTTAGGTGATCG.1",1000
"X1_TCAGTTTAGTATTCCG.1",1
"X1_TCAGTTTAGTCGGCCT.1",3
"X1_TCAGTTTCAAGCTGTT.1",2
"X1_TCAGTTTCAATATCCG.1",6
"X1_TCAGTTTCAATCGCGC.1",7
"X1_TCAGTTTCACATTACG.1",1000
"X1_TCAGTTTCACCCTAAA.1",5
"X1_TCAGTTTCACTCAGAT.1",4
"X1_TCAGTTTCACTGGATT.1",7
"X1_TCAGTTTCAGAGGTAC.1",1000
"X1_TCAGTTTCAGAGTTCT.1",1000
"X1_TCAGTTTCAGCACCCA.1",5
"X1_TCAGTTTCAGTCTCTC.1",5
"X1_TCAGTTTCATGCTGCG.1",8
"X1_TCAGTTTGTAGTGGCA.1",4
"X1_TCAGTTTGTCAGTTTG.1",1000
"X1_TCAGTTTGTCTTTATC.1",2
"X1_TCAGTTTGTGAGCTCC.1",1000
"X1_TCAGTTTGTGTACATC.1",5
"X1_TCAGTTTGTTCATCGA.1",1000
"X1_TCAGTTTGTTTGGGTT.1",8
"X1_TCAGTTTGTTTGTTGG.1",1000
"X1_TCAGTTTTCACCGCTT.1",4
"X1_TCAGTTTTCAGGACGA.1",7
"X1_TCAGTTTTCAGTCACA.1",5
"X1_TCAGTTTTCCCATTTA.1",4
"X1_TCAGTTTTCCCGAGAC.1",3
"X1_TCAGTTTTCCCTTGTG.1",3
"X1_TCAGTTTTCTGGGTCG.1",1000
"X1_TCAGTTTTCTTTGCTA.1",8
"X1_TCATACTAGAAGCGAA.1",8
"X1_TCATACTAGAATTTGG.1",1000
"X1_TCATACTAGATGCCGA.1",3
"X1_TCATACTAGCATCAAA.1",8
"X1_TCATACTAGGCTAACG.1",1000
"X1_TCATACTAGGTATTGA.1",1000
"X1_TCATACTCAAATCAAG.1",4
"X1_TCATACTCAATGTCAC.1",1000
"X1_TCATACTCACAGAGAC.1",4
"X1_TCATACTCACATTACG.1",1000
"X1_TCATACTCACGTACAT.1",8
"X1_TCATACTCAGAACTTC.1",1000
"X1_TCATACTCAGCTGGTC.1",7
"X1_TCATACTGTAACCCTA.1",1000
"X1_TCATACTGTACCGCGT.1",7
"X1_TCATACTGTATGAAAC.1",1000
"X1_TCATACTGTATTGCCA.1",1000
"X1_TCATACTGTCGCATTA.1",4
"X1_TCATACTGTGAGGCAT.1",7
"X1_TCATACTGTGATTGGG.1",3
"X1_TCATACTGTGCTGCAC.1",4
"X1_TCATACTGTGGGCTCT.1",1
"X1_TCATACTGTTTAAGGA.1",1000
"X1_TCATACTGTTTGTTCT.1",8
"X1_TCATACTTCATCCCGT.1",3
"X1_TCATACTTCATCGCCT.1",7
"X1_TCATACTTCATTATCC.1",1000
"X1_TCATACTTCCATGAGT.1",2
"X1_TCATACTTCGCTACAA.1",6
"X1_TCATACTTCGGTCGGT.1",8
"X1_TCATACTTCGTAACCA.1",4
"X1_TCATACTTCGTGCGAC.1",4
"X1_TCATACTTCTGACGCG.1",8
"X1_TCATACTTCTGATGGT.1",1000
"X1_TCATATCAGATGGCAC.1",8
"X1_TCATATCAGCCTCACG.1",1000
"X1_TCATATCAGGAGCAAA.1",1000
"X1_TCATATCAGTATGAAC.1",4
"X1_TCATATCAGTATGAGT.1",4
"X1_TCATATCAGTCACGCC.1",1000
"X1_TCATATCAGTTGCCTA.1",1000
"X1_TCATATCAGTTTCAGC.1",7
"X1_TCATATCCAAAGGGCT.1",3
"X1_TCATATCCAAATCCCA.1",8
"X1_TCATATCCACACCTAA.1",1000
"X1_TCATATCCACTACCCT.1",7
"X1_TCATATCCACTAGAGG.1",7
"X1_TCATATCCACTGGAAG.1",0
"X1_TCATATCCAGAGTAAT.1",7
"X1_TCATATCCATGCAGGA.1",4
"X1_TCATATCCATTCAGGT.1",7
"X1_TCATATCGTATGAGAT.1",8
"X1_TCATATCGTATGCGGA.1",4
"X1_TCATATCGTGAGATCG.1",0
"X1_TCATATCGTGGGCTCT.1",6
"X1_TCATATCGTGTTACTG.1",3
"X1_TCATATCGTGTTAGCT.1",5
"X1_TCATATCGTTGTGTAC.1",4
"X1_TCATATCTCACAAGGG.1",3
"X1_TCATATCTCCACGGAC.1",7
"X1_TCATATCTCCGCAAAT.1",8
"X1_TCATATCTCCGTCACT.1",3
"X1_TCATATCTCGCCGTGA.1",5
"X1_TCATATCTCGGTTGTA.1",8
"X1_TCATATCTCGTGTCAA.1",4
"X1_TCATATCTCTAGACCA.1",3
"X1_TCATCATAGAACGTGC.1",2
"X1_TCATCATAGACTTCGT.1",1
"X1_TCATCATAGCATATGA.1",1000
"X1_TCATCATAGCATCGAG.1",1000
"X1_TCATCATAGGAATTAC.1",2
"X1_TCATCATAGGTAGTAT.1",3
"X1_TCATCATAGTGCTAGG.1",1000
"X1_TCATCATAGTGGAAGA.1",6
"X1_TCATCATAGTTGTCAC.1",8
"X1_TCATCATCAACACAGG.1",8
"X1_TCATCATCAACCGGAA.1",1000
"X1_TCATCATCACAAAGTA.1",1000
"X1_TCATCATCACATAACC.1",7
"X1_TCATCATCACCTCAGG.1",8
"X1_TCATCATCAGACTGCC.1",3
"X1_TCATCATCAGCATGCC.1",7
"X1_TCATCATCAGGAACCA.1",1000
"X1_TCATCATCAGGAAGTC.1",8
"X1_TCATCATCAGTCAGTT.1",8
"X1_TCATCATCATACAGAA.1",1
"X1_TCATCATCATCGATCA.1",8
"X1_TCATCATCATCGATGT.1",7
"X1_TCATCATCATGGAACG.1",6
"X1_TCATCATCATGTCAGT.1",1000
"X1_TCATCATCATTGGCAT.1",1
"X1_TCATCATGTATAGGGC.1",5
"X1_TCATCATGTATGACAA.1",8
"X1_TCATCATGTCAACCAT.1",3
"X1_TCATCATGTGGTATGG.1",7
"X1_TCATCATGTTAGAAGT.1",8
"X1_TCATCATGTTGACTAC.1",4
"X1_TCATCATTCACCTACC.1",2
"X1_TCATCATTCAGCCCAG.1",8
"X1_TCATCATTCATCGCAA.1",8
"X1_TCATCATTCCACGTAA.1",7
"X1_TCATCATTCCAGGACC.1",2
"X1_TCATCATTCCATTGCC.1",5
"X1_TCATCATTCCCATAAG.1",5
"X1_TCATCATTCCGCAGTG.1",8
"X1_TCATCATTCGAGTGGA.1",3
"X1_TCATCATTCTAAGAAG.1",2
"X1_TCATCATTCTCGCGTT.1",4
"X1_TCATCATTCTTAGCAG.1",5
"X1_TCATCCGAGACCAGAC.1",4
"X1_TCATCCGAGCAACAAT.1",1
"X1_TCATCCGAGCCAACCC.1",1000
"X1_TCATCCGAGGGCCAAT.1",8
"X1_TCATCCGAGGTAAAGG.1",1
"X1_TCATCCGAGTGATAAC.1",3
"X1_TCATCCGCAACACGTT.1",8
"X1_TCATCCGCAAGTTGGG.1",8
"X1_TCATCCGCACATTCGA.1",1000
"X1_TCATCCGCACTTCATT.1",8
"X1_TCATCCGGTACGACAG.1",3
"X1_TCATCCGGTAGCTTGT.1",1
"X1_TCATCCGGTATGCGTT.1",1000
"X1_TCATCCGGTCCCTAAA.1",8
"X1_TCATCCGGTCTTCGAA.1",1000
"X1_TCATCCGGTGAGACGT.1",7
"X1_TCATCCGGTTCCTTGC.1",8
"X1_TCATCCGTCCCGTGTT.1",1000
"X1_TCATCCGTCGAGGCAA.1",7
"X1_TCATCCGTCGCCACTT.1",2
"X1_TCATCCGTCGCGGTAC.1",3
"X1_TCATCCGTCTACCAGA.1",4
"X1_TCATCCGTCTACTTCA.1",2
"X1_TCATCCGTCTCAGTCC.1",1000
"X1_TCATCCGTCTCGTTTA.1",1000
"X1_TCATGAGAGATAACAC.1",0
"X1_TCATGAGAGCGCTGCT.1",7
"X1_TCATGAGAGGAAGTCC.1",8
"X1_TCATGAGAGGTAAGGA.1",1000
"X1_TCATGAGAGTGCACTT.1",1000
"X1_TCATGAGAGTGGTGAC.1",1
"X1_TCATGAGCAAAGGCTG.1",1000
"X1_TCATGAGCAAGGTACG.1",7
"X1_TCATGAGGTAAGATAC.1",5
"X1_TCATGAGGTAATGCTC.1",1000
"X1_TCATGAGGTCGCATGC.1",7
"X1_TCATGAGGTCGCGGTT.1",4
"X1_TCATGAGGTCTGCCTT.1",1000
"X1_TCATGAGGTGCGGTAA.1",4
"X1_TCATGAGGTGTCATCA.1",1000
"X1_TCATGAGGTTACGTAC.1",8
"X1_TCATGAGGTTATGGTC.1",1000
"X1_TCATGAGGTTATGTGC.1",0
"X1_TCATGAGGTTCCGCTT.1",7
"X1_TCATGAGGTTGTGTAC.1",0
"X1_TCATGAGTCAAAGGTA.1",4
"X1_TCATGAGTCACATTGG.1",2
"X1_TCATGAGTCAGAGCGA.1",8
"X1_TCATGAGTCATAGGCT.1",0
"X1_TCATGAGTCATGTCTT.1",1000
"X1_TCATGAGTCCCAGTGG.1",1000
"X1_TCATGAGTCCGTGTGG.1",3
"X1_TCATGAGTCCTGTTGC.1",5
"X1_TCATGAGTCGCTATTT.1",5
"X1_TCATGAGTCGGTCATA.1",7
"X1_TCATGAGTCTACTTCA.1",3
"X1_TCATGCCAGACATCCT.1",4
"X1_TCATGCCAGATAGTGT.1",1000
"X1_TCATGCCAGCTCCGAC.1",6
"X1_TCATGCCAGCTTCTAG.1",8
"X1_TCATGCCAGGCAGGGA.1",5
"X1_TCATGCCAGGTGCAGT.1",4
"X1_TCATGCCAGTAGTCCT.1",3
"X1_TCATGCCAGTATGACA.1",3
"X1_TCATGCCCAACAAGAT.1",0
"X1_TCATGCCCAGAATTCC.1",6
"X1_TCATGCCCAGACATCT.1",7
"X1_TCATGCCCAGCCGGTT.1",1000
"X1_TCATGCCCAGTTGTTG.1",7
"X1_TCATGCCCATACTGAC.1",2
"X1_TCATGCCGTACAGAGC.1",8
"X1_TCATGCCGTACATACC.1",1
"X1_TCATGCCGTAGGAGTC.1",1000
"X1_TCATGCCGTATAATGG.1",1000
"X1_TCATGCCGTATGATCC.1",1000
"X1_TCATGCCGTCACCGAC.1",2
"X1_TCATGCCGTCATCGCG.1",7
"X1_TCATGCCGTCCGGATC.1",8
"X1_TCATGCCGTCGGTGTC.1",1000
"X1_TCATGCCGTGCCTACG.1",1000
"X1_TCATGCCGTGTCCTAA.1",7
"X1_TCATGCCGTGTTCAGT.1",8
"X1_TCATGCCTCAGTCAGT.1",1
"X1_TCATGCCTCCATCGTC.1",4
"X1_TCATGCCTCCGGTAAT.1",7
"X1_TCATGCCTCCGTGGGT.1",1000
"X1_TCATGCCTCGCCAGAC.1",1
"X1_TCATGCCTCTAAGGAA.1",7
"X1_TCATGCCTCTAGTGTG.1",6
"X1_TCATGCCTCTCCGCAT.1",1000
"X1_TCATGCCTCTTGGCTC.1",1000
"X1_TCATGGAAGCCATCCG.1",1000
"X1_TCATGGAAGCGTTCCG.1",7
"X1_TCATGGAAGGACCCAA.1",4
"X1_TCATGGAAGGCAGGTT.1",1000
"X1_TCATGGAAGGGCTTCC.1",3
"X1_TCATGGAAGTCTCGTA.1",8
"X1_TCATGGACAAAGGCAC.1",5
"X1_TCATGGACACAACGCC.1",4
"X1_TCATGGACACATAGCT.1",7
"X1_TCATGGACACCCTGTT.1",1000
"X1_TCATGGACACCGGTCA.1",4
"X1_TCATGGACACTTCCTG.1",4
"X1_TCATGGACAGCGCTTG.1",1000
"X1_TCATGGACAGGCATGA.1",4
"X1_TCATGGACATACCGTA.1",8
"X1_TCATGGAGTAGCACAG.1",8
"X1_TCATGGAGTCCAGAAG.1",1000
"X1_TCATGGAGTGTTCGAT.1",1000
"X1_TCATGGAGTTCGTAAC.1",8
"X1_TCATGGAGTTTACTTC.1",4
"X1_TCATGGAGTTTGAAAG.1",1000
"X1_TCATGGATCAAATGCC.1",8
"X1_TCATGGATCATACAGC.1",7
"X1_TCATGGATCGTCGGGT.1",8
"X1_TCATGGATCTAGCAAC.1",7
"X1_TCATGGATCTTAATCC.1",1000
"X1_TCATGTTAGAAAGTCT.1",1000
"X1_TCATGTTAGAATTTGG.1",8
"X1_TCATGTTAGAGCCTGA.1",2
"X1_TCATGTTAGAGGCGGA.1",8
"X1_TCATGTTAGGCGATAC.1",1
"X1_TCATGTTAGGCTAACG.1",4
"X1_TCATGTTAGGGCAATC.1",5
"X1_TCATGTTAGGTGATCG.1",4
"X1_TCATGTTAGTCCGTCG.1",1000
"X1_TCATGTTAGTCGAATA.1",5
"X1_TCATGTTAGTGCAGGT.1",1000
"X1_TCATGTTCAAAGGCAC.1",6
"X1_TCATGTTCAAAGTATG.1",7
"X1_TCATGTTCAACAACAA.1",3
"X1_TCATGTTCAACAGTGG.1",8
"X1_TCATGTTCACCGCTAG.1",1000
"X1_TCATGTTCACGTAGAG.1",7
"X1_TCATGTTCACTGCACG.1",8
"X1_TCATGTTCATCGTCCT.1",8
"X1_TCATGTTGTACAAGCG.1",6
"X1_TCATGTTGTAGAAACT.1",1000
"X1_TCATGTTGTAGCGTCC.1",1000
"X1_TCATGTTGTCACCGCA.1",5
"X1_TCATGTTGTCATAACC.1",4
"X1_TCATGTTGTCCACGCA.1",8
"X1_TCATGTTGTCCAGCAC.1",0
"X1_TCATGTTGTCCGAAAG.1",7
"X1_TCATGTTGTCGGTACC.1",5
"X1_TCATGTTGTGCTGATT.1",8
"X1_TCATGTTTCAAGCTTG.1",3
"X1_TCATGTTTCAAGTCGT.1",5
"X1_TCATGTTTCAGATGCT.1",8
"X1_TCATGTTTCATTGGTG.1",1000
"X1_TCATGTTTCCCGAGGT.1",8
"X1_TCATGTTTCCCTGGTT.1",1000
"X1_TCATGTTTCGGTCTAA.1",4
"X1_TCATGTTTCGTTCTAT.1",4
"X1_TCATGTTTCTACCACC.1",3
"X1_TCATGTTTCTGGCCGA.1",4
"X1_TCATGTTTCTGTCGCT.1",1000
"X1_TCATGTTTCTTCCGTG.1",1
"X1_TCATTACAGCAGCCTC.1",7
"X1_TCATTACAGCCTCTGG.1",1
"X1_TCATTACAGGTCACTT.1",8
"X1_TCATTACAGGTTGGAC.1",1000
"X1_TCATTACAGGTTTGAA.1",0
"X1_TCATTACAGTTGTACC.1",6
"X1_TCATTACCAAGTTTGC.1",1000
"X1_TCATTACCACTAACCA.1",3
"X1_TCATTACCACTTGAAC.1",4
"X1_TCATTACCATCATTGG.1",5
"X1_TCATTACCATCTTTCA.1",8
"X1_TCATTACGTAAGGAGA.1",8
"X1_TCATTACGTACGAGTG.1",6
"X1_TCATTACGTAGTTACC.1",6
"X1_TCATTACGTCACTACA.1",1000
"X1_TCATTACGTCCGCAGT.1",4
"X1_TCATTACGTCTGTAAC.1",8
"X1_TCATTACGTCTTACAG.1",8
"X1_TCATTACGTGTCGATT.1",1000
"X1_TCATTACGTTATGACC.1",7
"X1_TCATTACTCAGTCTTT.1",1000
"X1_TCATTACTCCACCTCA.1",3
"X1_TCATTACTCCGTCACT.1",8
"X1_TCATTACTCGCCACTT.1",8
"X1_TCATTACTCTGCATAG.1",8
"X1_TCATTCAAGACCATTC.1",1000
"X1_TCATTCAAGCGCCGTT.1",0
"X1_TCATTCAAGGCCTAAG.1",7
"X1_TCATTCAAGGGACCAT.1",3
"X1_TCATTCAAGGTAAACT.1",2
"X1_TCATTCAAGTAGCTCT.1",4
"X1_TCATTCAAGTCATAGA.1",7
"X1_TCATTCAAGTGGAATT.1",7
"X1_TCATTCAAGTGGACTG.1",0
"X1_TCATTCACAATCGCCG.1",1000
"X1_TCATTCACAATCTAGC.1",1000
"X1_TCATTCACAGCGGTCT.1",0
"X1_TCATTCACATGATGCT.1",0
"X1_TCATTCAGTACAGAGC.1",3
"X1_TCATTCAGTCGCATCG.1",1000
"X1_TCATTCAGTGAGCTCC.1",2
"X1_TCATTCAGTGGAGGTT.1",1000
"X1_TCATTCATCATAGGCT.1",4
"X1_TCATTCATCATTACCT.1",7
"X1_TCATTCATCCGTCAAA.1",7
"X1_TCATTCATCGTCTAAG.1",7
"X1_TCATTGTAGCGTTCAT.1",3
"X1_TCATTGTAGCTTCTAG.1",2
"X1_TCATTGTAGGTCGTCC.1",8
"X1_TCATTGTAGTCTGTAC.1",1
"X1_TCATTGTAGTGGGAAA.1",1
"X1_TCATTGTAGTTCCGGC.1",4
"X1_TCATTGTAGTTTCGGT.1",4
"X1_TCATTGTCAACGTTAC.1",5
"X1_TCATTGTCAAGAGCTG.1",4
"X1_TCATTGTCACCGGAAA.1",7
"X1_TCATTGTCACCGTGAC.1",6
"X1_TCATTGTCACTAGGTT.1",8
"X1_TCATTGTCACTTGAAC.1",8
"X1_TCATTGTCAGACCATT.1",4
"X1_TCATTGTCAGCACACC.1",1000
"X1_TCATTGTCAGCGCTTG.1",8
"X1_TCATTGTCAGTAGGAC.1",4
"X1_TCATTGTCATGATCTG.1",8
"X1_TCATTGTGTAATGTGA.1",4
"X1_TCATTGTGTACTTCCC.1",1000
"X1_TCATTGTGTAGAGTTA.1",8
"X1_TCATTGTGTCAAGCCC.1",7
"X1_TCATTGTGTCACTGAT.1",1
"X1_TCATTGTGTCATCCCT.1",7
"X1_TCATTGTGTCTTGTCC.1",8
"X1_TCATTGTGTGGCCACT.1",7
"X1_TCATTGTGTTCCAGGC.1",7
"X1_TCATTGTGTTGAGAGC.1",1000
"X1_TCATTGTTCACATACG.1",7
"X1_TCATTGTTCAGCCTCT.1",7
"X1_TCATTGTTCCATTTCA.1",8
"X1_TCATTGTTCCCAAGTA.1",8
"X1_TCATTGTTCCGTCAAA.1",6
"X1_TCATTGTTCCTCTCGA.1",6
"X1_TCATTGTTCGCGTAGC.1",1000
"X1_TCATTGTTCGCTGTCT.1",4
"X1_TCATTGTTCTAGTGAC.1",3
"X1_TCATTGTTCTCCGATC.1",8
"X1_TCATTGTTCTGGCCAG.1",5
"X1_TCATTTGAGAAACCAT.1",4
"X1_TCATTTGAGAGAACCC.1",1000
"X1_TCATTTGAGATGTTCC.1",1000
"X1_TCATTTGAGATTTGCC.1",2
"X1_TCATTTGAGCATAGGC.1",1000
"X1_TCATTTGAGCTGTTAC.1",8
"X1_TCATTTGAGGTGAGAA.1",2
"X1_TCATTTGAGTAACAGT.1",5
"X1_TCATTTGAGTGATTCC.1",3
"X1_TCATTTGAGTGGACTG.1",8
"X1_TCATTTGCAATCAAGA.1",2
"X1_TCATTTGCACAGAGCA.1",5
"X1_TCATTTGCACCAGCCA.1",6
"X1_TCATTTGCACGACGCT.1",1
"X1_TCATTTGCAGCTGTGC.1",4
"X1_TCATTTGCATAGCACT.1",5
"X1_TCATTTGCATGAGAAT.1",7
"X1_TCATTTGGTAGCGTTT.1",7
"X1_TCATTTGGTATAGCTC.1",0
"X1_TCATTTGGTCGGTAAG.1",7
"X1_TCATTTGGTCTAACTG.1",4
"X1_TCATTTGGTGACCTGC.1",4
"X1_TCATTTGGTGCGTGCT.1",6
"X1_TCATTTGGTGCTCGTG.1",1000
"X1_TCATTTGGTGTAAATG.1",2
"X1_TCATTTGGTGTACAGG.1",1000
"X1_TCATTTGGTTAATCGC.1",0
"X1_TCATTTGGTTGCTTGA.1",4
"X1_TCATTTGGTTGTCATG.1",6
"X1_TCATTTGTCATTCACT.1",3
"X1_TCATTTGTCCACAGCG.1",3
"X1_TCATTTGTCCCAGGAC.1",0
"X1_TCATTTGTCCGGGACT.1",1000
"X1_TCATTTGTCCGGTTCT.1",6
"X1_TCATTTGTCCGTCCTA.1",7
"X1_TCATTTGTCGGTAGAG.1",1000
"X1_TCATTTGTCGTCTAAG.1",7
"X1_TCATTTGTCTGCAGCG.1",3
"X1_TCATTTGTCTTGGCTC.1",1000
"X1_TCATTTGTCTTGTTAC.1",6
"X1_TCCACCAAGAACGTGC.1",7
"X1_TCCACCAAGAACTTCC.1",4
"X1_TCCACCAAGCAGCGAT.1",7
"X1_TCCACCAAGCTAATCC.1",1000
"X1_TCCACCAAGCTCCGAC.1",7
"X1_TCCACCAAGGTCGTGA.1",7
"X1_TCCACCAAGTGCCAGA.1",3
"X1_TCCACCACAACTCCCT.1",6
"X1_TCCACCACAAGAGGCT.1",3
"X1_TCCACCACACACCTTC.1",1000
"X1_TCCACCACACATAGCT.1",7
"X1_TCCACCACACGCTGCA.1",1
"X1_TCCACCACAGATCACT.1",1000
"X1_TCCACCACAGCGGTTC.1",4
"X1_TCCACCACAGTCCGTG.1",1000
"X1_TCCACCACATCCCGTT.1",3
"X1_TCCACCACATGGGAAC.1",1000
"X1_TCCACCAGTAGACGGT.1",3
"X1_TCCACCAGTCAAACGG.1",8
"X1_TCCACCAGTGCCGAAA.1",4
"X1_TCCACCAGTGTTTCTT.1",7
"X1_TCCACCAGTTAAACCC.1",6
"X1_TCCACCATCACACGAT.1",0
"X1_TCCACCATCACCATAG.1",3
"X1_TCCACCATCCGATAGT.1",7
"X1_TCCACCATCGCACGGT.1",5
"X1_TCCACCATCGCGTAGC.1",7
"X1_TCCACCATCGGAGTAG.1",1000
"X1_TCCACCATCTCTCCGA.1",8
"X1_TCCACCATCTTACGTT.1",1000
"X1_TCCACCATCTTCTGGC.1",7
"X1_TCCACGTAGACCAAGC.1",3
"X1_TCCACGTAGCACTTTG.1",7
"X1_TCCACGTAGCTCAGAG.1",8
"X1_TCCACGTAGGGAGGCA.1",2
"X1_TCCACGTAGGTCCCTG.1",8
"X1_TCCACGTAGGTTCTTG.1",2
"X1_TCCACGTAGTAATCCC.1",1000
"X1_TCCACGTAGTGGATTA.1",8
"X1_TCCACGTAGTTGGAGC.1",1000
"X1_TCCACGTCAACCCTAA.1",3
"X1_TCCACGTCAACCTATG.1",6
"X1_TCCACGTCACCCTATC.1",8
"X1_TCCACGTCACGAAGAC.1",1000
"X1_TCCACGTCACGTGAGA.1",8
"X1_TCCACGTCAGACCAAG.1",6
"X1_TCCACGTCAGCCTTCT.1",1
"X1_TCCACGTCAGGCAATG.1",7
"X1_TCCACGTGTATTAAGG.1",1000
"X1_TCCACGTGTCTACAGT.1",7
"X1_TCCACGTGTGAGGCAT.1",7
"X1_TCCACGTGTGCCCAGT.1",1000
"X1_TCCACGTGTTGGCCTG.1",1000
"X1_TCCACGTGTTGGTGTT.1",1000
"X1_TCCACGTGTTTGGAGG.1",1000
"X1_TCCACGTTCAAGAGTA.1",7
"X1_TCCACGTTCAAGGTGG.1",1000
"X1_TCCACGTTCACGTAGT.1",3
"X1_TCCACGTTCAGATGCT.1",1
"X1_TCCACGTTCGACACTA.1",7
"X1_TCCACGTTCGTTTACT.1",1000
"X1_TCCACGTTCTGGCCTT.1",7
"X1_TCCACGTTCTTCGGTC.1",5
"X1_TCCAGAAAGACCCTTA.1",4
"X1_TCCAGAAAGCAACAGC.1",8
"X1_TCCAGAAAGCCTTTCC.1",0
"X1_TCCAGAAAGTAACAGT.1",1000
"X1_TCCAGAACAACCACAT.1",1
"X1_TCCAGAACAATAGTAG.1",5
"X1_TCCAGAACACGCTATA.1",3
"X1_TCCAGAACACGCTGCA.1",3
"X1_TCCAGAACACGTCATA.1",7
"X1_TCCAGAACACTTCATT.1",3
"X1_TCCAGAACAGCGGTCT.1",4
"X1_TCCAGAACAGGCTACC.1",3
"X1_TCCAGAACATGGTACT.1",4
"X1_TCCAGAAGTAAGACCG.1",4
"X1_TCCAGAAGTCAGCTTA.1",8
"X1_TCCAGAAGTCGATGCC.1",2
"X1_TCCAGAAGTCTGTGCG.1",1
"X1_TCCAGAAGTGGTAATA.1",4
"X1_TCCAGAAGTGTCATCA.1",4
"X1_TCCAGAAGTGTCCGGT.1",4
"X1_TCCAGAATCAAGTCGT.1",0
"X1_TCCAGAATCAGACTGT.1",4
"X1_TCCAGAATCATTGCTT.1",4
"X1_TCCAGAATCCCTAGGG.1",4
"X1_TCCAGAATCCTCGCAT.1",1000
"X1_TCCAGAATCCTGTTGC.1",2
"X1_TCCAGAATCGGAGATG.1",4
"X1_TCCAGAATCGTTAGTG.1",1000
"X1_TCCAGAATCTACACAG.1",7
"X1_TCCAGAATCTCATGGA.1",4
"X1_TCCAGAATCTCGGCTT.1",4
"X1_TCCAGAATCTTCCTAA.1",5
"X1_TCCATCGAGAAATGGG.1",8
"X1_TCCATCGAGCATCGAG.1",3
"X1_TCCATCGAGCCTGTCG.1",3
"X1_TCCATCGAGCGTCTCG.1",7
"X1_TCCATCGAGCTCATAC.1",5
"X1_TCCATCGAGGGCGAAG.1",8
"X1_TCCATCGAGGGTACAC.1",6
"X1_TCCATCGAGTGTGTTC.1",8
"X1_TCCATCGCAACATACC.1",1000
"X1_TCCATCGCAACTGGTT.1",1
"X1_TCCATCGCAAGTCGTT.1",7
"X1_TCCATCGCAATATCCG.1",7
"X1_TCCATCGCAATTCTCT.1",1000
"X1_TCCATCGCACAATCTG.1",7
"X1_TCCATCGCACGAAGAC.1",5
"X1_TCCATCGCACGGCACT.1",4
"X1_TCCATCGCACTAGGCC.1",4
"X1_TCCATCGCAGACTGCC.1",7
"X1_TCCATCGCAGCAAGAC.1",4
"X1_TCCATCGCATGATAGA.1",1000
"X1_TCCATCGGTAATACCC.1",0
"X1_TCCATCGGTAGCACGA.1",4
"X1_TCCATCGGTGGATGAC.1",5
"X1_TCCATCGGTGGCATCC.1",8
"X1_TCCATCGGTGTCCGGT.1",8
"X1_TCCATCGGTGTCTAAC.1",1
"X1_TCCATCGTCACCCATC.1",1
"X1_TCCATCGTCATTGGTG.1",4
"X1_TCCATCGTCGACTCCT.1",1000
"X1_TCCATCGTCGCTATTT.1",8
"X1_TCCATCGTCTACACAG.1",4
"X1_TCCATCGTCTATACTC.1",0
"X1_TCCATCGTCTTGGGCG.1",1000
"X1_TCCATGCAGATGGTAT.1",7
"X1_TCCATGCAGCATGTTC.1",8
"X1_TCCATGCAGGATATGT.1",2
"X1_TCCATGCAGTAAGGGA.1",3
"X1_TCCATGCAGTCGAAAT.1",4
"X1_TCCATGCAGTTTCTTC.1",7
"X1_TCCATGCCAAGACCTT.1",3
"X1_TCCATGCCAAGCAATA.1",1000
"X1_TCCATGCCAAGCGCAA.1",8
"X1_TCCATGCCAAGTTGGG.1",8
"X1_TCCATGCCAATCAAGA.1",7
"X1_TCCATGCCACAATCTG.1",1000
"X1_TCCATGCCACCCGTAG.1",7
"X1_TCCATGCCACCTGATA.1",7
"X1_TCCATGCCAGCTTCCT.1",5
"X1_TCCATGCCATTCACAG.1",1000
"X1_TCCATGCGTAACATCC.1",1000
"X1_TCCATGCGTCACTGAT.1",4
"X1_TCCATGCGTCCTATAG.1",2
"X1_TCCATGCGTCGTACTA.1",6
"X1_TCCATGCGTGAATGAT.1",7
"X1_TCCATGCGTGACACGA.1",8
"X1_TCCATGCGTGCACATT.1",0
"X1_TCCATGCGTTCGAGCC.1",4
"X1_TCCATGCGTTGCTCCT.1",7
"X1_TCCATGCTCATTTGTC.1",7
"X1_TCCATGCTCCAACTAG.1",1000
"X1_TCCATGCTCCAGCTCT.1",1000
"X1_TCCATGCTCCGATAAC.1",8
"X1_TCCATGCTCGGTGAAG.1",4
"X1_TCCATGCTCTACTTCA.1",1
"X1_TCCATGCTCTCGAACA.1",0
"X1_TCCATGCTCTTAGGAC.1",8
"X1_TCCCACAAGAGGGTGG.1",5
"X1_TCCCACAAGCCATCCG.1",1000
"X1_TCCCACAAGCCGCTTG.1",1
"X1_TCCCACAAGCCTTTCC.1",4
"X1_TCCCACAAGCGTCTCG.1",0
"X1_TCCCACAAGCTAGTTC.1",7
"X1_TCCCACAAGGATTTCC.1",1000
"X1_TCCCACAAGGGAGGGT.1",6
"X1_TCCCACAAGGGCCTCT.1",8
"X1_TCCCACAAGTGATCGG.1",1000
"X1_TCCCACACAAATCAAG.1",6
"X1_TCCCACACAACAGATA.1",7
"X1_TCCCACACACAGAGAC.1",7
"X1_TCCCACACACCGTGAC.1",4
"X1_TCCCACACACCTTCCA.1",2
"X1_TCCCACACAGAGGACT.1",7
"X1_TCCCACACAGCTCTGG.1",1000
"X1_TCCCACACAGCTGAAG.1",1000
"X1_TCCCACACATCGGCCA.1",3
"X1_TCCCACACATCTCAAG.1",8
"X1_TCCCACACATGGGCAA.1",8
"X1_TCCCACAGTAACGCGA.1",8
"X1_TCCCACAGTACAGAGC.1",0
"X1_TCCCACAGTCGTTTCC.1",4
"X1_TCCCACAGTTATAGCC.1",6
"X1_TCCCACAGTTCATCTT.1",1
"X1_TCCCACATCAACTGAC.1",8
"X1_TCCCACATCACCATGA.1",0
"X1_TCCCACATCGCTATTT.1",4
"X1_TCCCACATCGTGTTCC.1",1000
"X1_TCCCACATCTACGCAA.1",1000
"X1_TCCCAGTAGAAGTATC.1",1000
"X1_TCCCAGTAGACATATG.1",1000
"X1_TCCCAGTAGAGAGCCT.1",4
"X1_TCCCAGTAGCAGGGAG.1",8
"X1_TCCCAGTAGCTACTGT.1",1000
"X1_TCCCAGTAGGCACAAC.1",1000
"X1_TCCCAGTAGGCCCAAA.1",8
"X1_TCCCAGTAGGCGATAC.1",4
"X1_TCCCAGTAGTAGAATC.1",1000
"X1_TCCCAGTCAACAGCCC.1",4
"X1_TCCCAGTCAACGATTC.1",1000
"X1_TCCCAGTCAACTCGAT.1",4
"X1_TCCCAGTCAAGGGTCA.1",8
"X1_TCCCAGTCAAGGTTGG.1",2
"X1_TCCCAGTCACAACCGC.1",1000
"X1_TCCCAGTCACTAGGTT.1",1000
"X1_TCCCAGTCAGAGTCAG.1",7
"X1_TCCCAGTCAGCCGGTT.1",8
"X1_TCCCAGTCATAACCCA.1",8
"X1_TCCCAGTCATACACCA.1",1000
"X1_TCCCAGTCATCCGGTG.1",3
"X1_TCCCAGTCATGCCATA.1",4
"X1_TCCCAGTCATTGAGCT.1",7
"X1_TCCCAGTCATTGTAGC.1",7
"X1_TCCCAGTGTACAGCGA.1",8
"X1_TCCCAGTGTACTCGAT.1",1000
"X1_TCCCAGTGTAGGTCAG.1",7
"X1_TCCCAGTGTATACCCA.1",2
"X1_TCCCAGTGTATCTTCT.1",8
"X1_TCCCAGTGTCGAACGA.1",3
"X1_TCCCAGTGTCGGCCTA.1",8
"X1_TCCCAGTGTGTATCCA.1",8
"X1_TCCCAGTGTTAAGGAT.1",4
"X1_TCCCAGTGTTACGTAC.1",1000
"X1_TCCCAGTGTTCAAGTC.1",1000
"X1_TCCCAGTGTTCTATCT.1",6
"X1_TCCCAGTTCCAAGGGA.1",8
"X1_TCCCAGTTCGTGACTA.1",1000
"X1_TCCCAGTTCTGAATCG.1",1000
"X1_TCCCAGTTCTTCTGGC.1",6
"X1_TCCCATGAGAAACACT.1",8
"X1_TCCCATGAGATGACAT.1",7
"X1_TCCCATGAGGGCAGTT.1",1000
"X1_TCCCATGAGGTTACAA.1",1000
"X1_TCCCATGAGTGATAAC.1",3
"X1_TCCCATGAGTGCTCAT.1",8
"X1_TCCCATGCAAACGTGG.1",8
"X1_TCCCATGCACACGGTC.1",6
"X1_TCCCATGCACAGTGTT.1",1000
"X1_TCCCATGCACTACTTT.1",5
"X1_TCCCATGCACTCCGAG.1",7
"X1_TCCCATGCAGCACACC.1",7
"X1_TCCCATGCAGCTCGGT.1",1000
"X1_TCCCATGCAGGCATTT.1",7
"X1_TCCCATGGTAGAAACT.1",8
"X1_TCCCATGGTCACCGAC.1",4
"X1_TCCCATGGTCCAAAGG.1",5
"X1_TCCCATGGTCCGAAAG.1",8
"X1_TCCCATGGTCGAGTTT.1",4
"X1_TCCCATGGTGAACGGT.1",1000
"X1_TCCCATGGTGTCTTGA.1",1
"X1_TCCCATGGTGTGAGCA.1",5
"X1_TCCCATGGTTGCCGAC.1",1000
"X1_TCCCATGTCACGATAC.1",7
"X1_TCCCATGTCGCATTAG.1",1000
"X1_TCCCATGTCGGTGTTA.1",2
"X1_TCCCATGTCGTCAGAT.1",4
"X1_TCCCATGTCGTTGTTT.1",1000
"X1_TCCCATGTCTGTCGCT.1",7
"X1_TCCCATGTCTTAGGAC.1",7
"X1_TCCGAAAAGAAGTATC.1",4
"X1_TCCGAAAAGACATGCG.1",1000
"X1_TCCGAAAAGAGTGTTA.1",8
"X1_TCCGAAAAGCAAATCA.1",7
"X1_TCCGAAAAGGAAGTAG.1",4
"X1_TCCGAAAAGGGACCAT.1",1000
"X1_TCCGAAAAGGGAGTGG.1",8
"X1_TCCGAAACAACCAGAG.1",4
"X1_TCCGAAACAAGCTCTA.1",2
"X1_TCCGAAACACTCTAGA.1",8
"X1_TCCGAAACAGAACTAA.1",4
"X1_TCCGAAACAGCCGTTG.1",4
"X1_TCCGAAACAGGGAATC.1",4
"X1_TCCGAAACAGTTCTAG.1",7
"X1_TCCGAAACATAATGCC.1",4
"X1_TCCGAAACATTCAGCA.1",1000
"X1_TCCGAAAGTATCGATC.1",8
"X1_TCCGAAAGTCCGGTCA.1",6
"X1_TCCGAAAGTCTAACTG.1",5
"X1_TCCGAAAGTCTGTCCT.1",5
"X1_TCCGAAAGTTACCTGA.1",1000
"X1_TCCGAAAGTTCCGCAG.1",8
"X1_TCCGAAATCAATCCAG.1",4
"X1_TCCGAAATCAGCACCG.1",7
"X1_TCCGAAATCCGCACGA.1",1000
"X1_TCCGAAATCGCATGAT.1",0
"X1_TCCGAAATCTCATTGT.1",2
"X1_TCCGATCAGAGAATCT.1",7
"X1_TCCGATCAGAGCCCAA.1",1000
"X1_TCCGATCAGAGGCGGA.1",4
"X1_TCCGATCAGATACCAA.1",1000
"X1_TCCGATCAGCCGTTGC.1",3
"X1_TCCGATCAGCGCAATG.1",5
"X1_TCCGATCAGTCTAGAA.1",3
"X1_TCCGATCAGTCTGCGC.1",1000
"X1_TCCGATCAGTTAACAG.1",1
"X1_TCCGATCAGTTGGCGA.1",7
"X1_TCCGATCCAAATCAGA.1",3
"X1_TCCGATCCAACTACGT.1",8
"X1_TCCGATCCAAGATCCT.1",4
"X1_TCCGATCCAATGAACA.1",1000
"X1_TCCGATCCAATGCAAA.1",8
"X1_TCCGATCCACAATGTC.1",3
"X1_TCCGATCCACAGCCAC.1",1
"X1_TCCGATCCACCGAATT.1",0
"X1_TCCGATCCACGGTGCT.1",8
"X1_TCCGATCCACTAGAGG.1",3
"X1_TCCGATCCAGAGTAAT.1",1
"X1_TCCGATCCATCAGCGC.1",1000
"X1_TCCGATCCATCATTTC.1",1
"X1_TCCGATCCATGACTAC.1",1000
"X1_TCCGATCGTACAGAGC.1",1000
"X1_TCCGATCGTGGAAATT.1",1000
"X1_TCCGATCGTGGTAATA.1",7
"X1_TCCGATCGTGTACAGG.1",1000
"X1_TCCGATCGTGTACATC.1",8
"X1_TCCGATCGTTAAACCC.1",1000
"X1_TCCGATCGTTGAATCC.1",1000
"X1_TCCGATCGTTGTGTAC.1",7
"X1_TCCGATCGTTTAAGGA.1",7
"X1_TCCGATCTCAAACGAA.1",1000
"X1_TCCGATCTCACGAACT.1",1000
"X1_TCCGATCTCGTCACCT.1",1000
"X1_TCCGATCTCGTTGTAG.1",1000
"X1_TCCGGGAAGCAAGGAA.1",3
"X1_TCCGGGAAGCCTATCA.1",6
"X1_TCCGGGAAGCGAGTCA.1",5
"X1_TCCGGGAAGGAAGAAC.1",4
"X1_TCCGGGAAGGAGATAG.1",4
"X1_TCCGGGAAGGCACAAC.1",1000
"X1_TCCGGGAAGGGATCAC.1",3
"X1_TCCGGGAAGGGCAAGG.1",1000
"X1_TCCGGGAAGGTCTTTG.1",7
"X1_TCCGGGAAGTAACAGT.1",0
"X1_TCCGGGAAGTTACTCG.1",1000
"X1_TCCGGGACAAACGGCA.1",2
"X1_TCCGGGACAACCAATC.1",1
"X1_TCCGGGACAACGATCT.1",1000
"X1_TCCGGGACACGACGTC.1",7
"X1_TCCGGGACAGAGGACT.1",8
"X1_TCCGGGACAGCTCTGG.1",8
"X1_TCCGGGACATCTATCT.1",1000
"X1_TCCGGGACATCTCGTC.1",1000
"X1_TCCGGGACATGAATCC.1",7
"X1_TCCGGGAGTAATACCC.1",8
"X1_TCCGGGAGTACCCAGC.1",7
"X1_TCCGGGAGTACGGATG.1",5
"X1_TCCGGGAGTAGCACGA.1",1000
"X1_TCCGGGAGTCGTCATA.1",4
"X1_TCCGGGAGTTCTCCAC.1",1000
"X1_TCCGGGAGTTTACCTT.1",7
"X1_TCCGGGAGTTTGTTCT.1",7
"X1_TCCGGGAGTTTGTTGG.1",1000
"X1_TCCGGGATCAACCCGG.1",1000
"X1_TCCGGGATCAACGTGT.1",0
"X1_TCCGGGATCATTGCTT.1",5
"X1_TCCGGGATCCACCTGT.1",8
"X1_TCCGGGATCCAGTACA.1",5
"X1_TCCGGGATCCCTCGTA.1",7
"X1_TCCGGGATCGACGACC.1",3
"X1_TCCGGGATCGCTGTTC.1",1000
"X1_TCCGGGATCGGACTTA.1",8
"X1_TCCGGGATCGTGAGAG.1",1
"X1_TCCGGGATCTATTTCG.1",1000
"X1_TCCGGGATCTCGTCAC.1",1000
"X1_TCCGGGATCTTCGTAT.1",4
"X1_TCCGTGTCAAACTAAG.1",8
"X1_TCCGTGTCAACCTAAC.1",1000
"X1_TCCGTGTCAACGACAG.1",1000
"X1_TCCGTGTCAAGGATGC.1",8
"X1_TCCGTGTCAATTGCGT.1",7
"X1_TCCGTGTCACCAATTG.1",1000
"X1_TCCGTGTCACGCAGTC.1",7
"X1_TCCGTGTCACTAGAGG.1",2
"X1_TCCGTGTCACTATGTG.1",2
"X1_TCCGTGTCAGCACAGA.1",1000
"X1_TCCGTGTCATGACTAC.1",4
"X1_TCCGTGTCATGCTGCG.1",8
"X1_TCCGTGTCATGGCCCA.1",8
"X1_TCCGTGTGTAGACAAT.1",1
"X1_TCCGTGTGTAGCCAGA.1",2
"X1_TCCGTGTGTCGGCACT.1",1000
"X1_TCCGTGTGTCTGTGAT.1",2
"X1_TCCGTGTGTGGTTTAC.1",4
"X1_TCCGTGTGTTGTCATG.1",0
"X1_TCCGTGTTCACCGACG.1",7
"X1_TCCGTGTTCAGAATAG.1",3
"X1_TCCGTGTTCGCGCCAA.1",1000
"X1_TCCGTGTTCTGGGATT.1",8
"X1_TCCGTGTTCTTAGTTC.1",8
"X1_TCCTAATAGAAAGTCT.1",1000
"X1_TCCTAATAGACCTCCG.1",5
"X1_TCCTAATAGAGAGAAC.1",1000
"X1_TCCTAATAGCCACAAG.1",2
"X1_TCCTAATAGCGGTAGT.1",5
"X1_TCCTAATAGGCCCACT.1",1000
"X1_TCCTAATAGGCTCCCA.1",8
"X1_TCCTAATAGTAAACTG.1",4
"X1_TCCTAATAGTTACGTC.1",8
"X1_TCCTAATCACCGGAAA.1",4
"X1_TCCTAATCACCTCTGT.1",5
"X1_TCCTAATCAGAACTTC.1",3
"X1_TCCTAATCAGGTCTCG.1",2
"X1_TCCTAATGTAACATAG.1",3
"X1_TCCTAATGTAACGCGA.1",7
"X1_TCCTAATGTAGACGGT.1",4
"X1_TCCTAATGTCAGTCGC.1",7
"X1_TCCTAATGTCCTACGG.1",8
"X1_TCCTAATGTCGTACAT.1",1000
"X1_TCCTAATGTGGGATTG.1",4
"X1_TCCTAATGTGGTCTGC.1",5
"X1_TCCTAATGTGTTCAGT.1",1000
"X1_TCCTAATGTTAGGAGC.1",1000
"X1_TCCTAATGTTATGTCG.1",7
"X1_TCCTAATGTTTAGACC.1",4
"X1_TCCTAATGTTTCTATC.1",4
"X1_TCCTAATTCAGTCCGG.1",8
"X1_TCCTAATTCCACGTGG.1",3
"X1_TCCTAATTCCAGCAAT.1",1000
"X1_TCCTAATTCCGTGGGT.1",1000
"X1_TCCTAATTCCTCTAAT.1",2
"X1_TCCTAATTCGAATGCT.1",2
"X1_TCCTAATTCGCATTAG.1",5
"X1_TCCTAATTCGCCTATC.1",4
"X1_TCCTAATTCGGCATTA.1",1000
"X1_TCCTCCCAGAAGGCTC.1",1000
"X1_TCCTCCCAGAGTCAAT.1",6
"X1_TCCTCCCAGCACTCCG.1",7
"X1_TCCTCCCAGCTCCACG.1",3
"X1_TCCTCCCAGGAACGAA.1",1000
"X1_TCCTCCCAGTCATCGT.1",7
"X1_TCCTCCCAGTGCCGAA.1",5
"X1_TCCTCCCAGTGCGTCC.1",3
"X1_TCCTCCCCAACACGAG.1",8
"X1_TCCTCCCCAACGTATC.1",3
"X1_TCCTCCCCAAGGGTCA.1",1000
"X1_TCCTCCCCACAACGAG.1",1
"X1_TCCTCCCCACCCGTAG.1",4
"X1_TCCTCCCCAGTCTCTC.1",7
"X1_TCCTCCCCATGACGGA.1",1
"X1_TCCTCCCGTACAGGTG.1",8
"X1_TCCTCCCGTACCACGC.1",8
"X1_TCCTCCCGTACTAAGA.1",8
"X1_TCCTCCCGTCATTCCC.1",7
"X1_TCCTCCCGTGAACTAA.1",2
"X1_TCCTCCCGTGACACAG.1",1000
"X1_TCCTCCCGTGCACAAG.1",4
"X1_TCCTCCCGTGTCCACG.1",1000
"X1_TCCTCCCGTTAAGGGC.1",2
"X1_TCCTCCCGTTCGGTTA.1",8
"X1_TCCTCCCGTTTGTTCT.1",1000
"X1_TCCTCCCTCATGCCAA.1",3
"X1_TCCTCCCTCGCACTCT.1",5
"X1_TCCTCCCTCGCTGCGA.1",1000
"X1_TCCTCCCTCTGAGCAT.1",1000
"X1_TCCTCCCTCTGCATAG.1",4
"X1_TCCTCGAAGACGACTG.1",0
"X1_TCCTCGAAGCAAGCCA.1",1000
"X1_TCCTCGAAGCACGTCC.1",1000
"X1_TCCTCGAAGCTAGAGC.1",1000
"X1_TCCTCGAAGGCAGCTA.1",1000
"X1_TCCTCGAAGTGCAGCA.1",0
"X1_TCCTCGAAGTGGTCAG.1",2
"X1_TCCTCGACAAAGCAAT.1",1000
"X1_TCCTCGACAAATCAAG.1",7
"X1_TCCTCGACAAATTGGA.1",4
"X1_TCCTCGACAAGGGTCA.1",1000
"X1_TCCTCGACAAGTCATC.1",0
"X1_TCCTCGACAATTGAAG.1",1000
"X1_TCCTCGACACACGGAA.1",7
"X1_TCCTCGACACTACGGC.1",8
"X1_TCCTCGACAGAGTAAT.1",3
"X1_TCCTCGACAGGTGACA.1",1
"X1_TCCTCGACAGTTTCGA.1",2
"X1_TCCTCGACATCCAATG.1",6
"X1_TCCTCGACATGACAGG.1",2
"X1_TCCTCGAGTACCACGC.1",0
"X1_TCCTCGAGTAGCTAAA.1",7
"X1_TCCTCGAGTAGGACTG.1",8
"X1_TCCTCGAGTATTAAGG.1",1000
"X1_TCCTCGAGTATTGACC.1",1000
"X1_TCCTCGAGTCAACCTA.1",6
"X1_TCCTCGAGTCAAGCCC.1",8
"X1_TCCTCGAGTGAGGATC.1",6
"X1_TCCTCGAGTGTAGTGG.1",2
"X1_TCCTCGAGTTTCGATG.1",5
"X1_TCCTCGATCCATCCGT.1",3
"X1_TCCTCGATCCCGGTAG.1",1
"X1_TCCTCGATCCTACACC.1",1000
"X1_TCCTCGATCGTAGCCG.1",1000
"X1_TCCTCGATCTACTCAT.1",8
"X1_TCCTCGATCTTGGGCG.1",4
"X1_TCCTCGATCTTTACAC.1",8
"X1_TCCTCTTAGCTCATAC.1",1000
"X1_TCCTCTTAGGTCTACT.1",4
"X1_TCCTCTTAGTAAACTG.1",8
"X1_TCCTCTTAGTACTGTC.1",7
"X1_TCCTCTTAGTTACGGG.1",5
"X1_TCCTCTTCAAAGTGTA.1",1000
"X1_TCCTCTTCAAGCGCAA.1",1000
"X1_TCCTCTTCAAGGTTGG.1",7
"X1_TCCTCTTCAATCACGT.1",2
"X1_TCCTCTTCAATTCTCT.1",6
"X1_TCCTCTTCACCGTGAC.1",1
"X1_TCCTCTTCAGAGATTA.1",2
"X1_TCCTCTTCATAAGATG.1",1000
"X1_TCCTCTTGTACTCGTA.1",7
"X1_TCCTCTTGTAGATCGG.1",8
"X1_TCCTCTTGTATCGCTA.1",8
"X1_TCCTCTTGTGATGAAT.1",8
"X1_TCCTCTTGTGCAACGA.1",7
"X1_TCCTCTTGTTACCCTC.1",4
"X1_TCCTCTTGTTCAAGTC.1",1000
"X1_TCCTCTTGTTCCACGG.1",4
"X1_TCCTCTTGTTCCTAAG.1",2
"X1_TCCTCTTTCCATTTAC.1",4
"X1_TCCTCTTTCCGCAGTG.1",5
"X1_TCCTCTTTCGCCAACG.1",7
"X1_TCCTCTTTCGTAGTGT.1",2
"X1_TCCTCTTTCGTCAAAC.1",3
"X1_TCCTCTTTCTGGGCAC.1",7
"X1_TCCTCTTTCTTGAGCA.1",2
"X1_TCCTCTTTCTTGATTC.1",4
"X1_TCCTGCAAGATCCCGC.1",1
"X1_TCCTGCAAGATGACAT.1",3
"X1_TCCTGCAAGGACCCAA.1",1000
"X1_TCCTGCAAGGTCCAGA.1",1000
"X1_TCCTGCAAGTAAACGT.1",8
"X1_TCCTGCAAGTGATAAC.1",1000
"X1_TCCTGCACAAACTCTG.1",1000
"X1_TCCTGCACAATCAAGA.1",4
"X1_TCCTGCACACCATTCC.1",5
"X1_TCCTGCACACGTCGGT.1",3
"X1_TCCTGCACACTGTGTA.1",8
"X1_TCCTGCACAGCTACAT.1",0
"X1_TCCTGCACATCATTTC.1",3
"X1_TCCTGCACATCGGAAG.1",3
"X1_TCCTGCACATGACAAA.1",6
"X1_TCCTGCAGTACACGTT.1",2
"X1_TCCTGCAGTAGTTAGA.1",7
"X1_TCCTGCAGTCTGCATA.1",7
"X1_TCCTGCAGTGGAACAC.1",1000
"X1_TCCTGCAGTGTTGATC.1",4
"X1_TCCTGCAGTTAGGGAC.1",3
"X1_TCCTGCATCACCTGGG.1",8
"X1_TCCTGCATCGCCAACG.1",8
"X1_TCCTGCATCGTAGTCA.1",6
"X1_TCCTTCTAGACTAGAT.1",7
"X1_TCCTTCTAGAGTGACC.1",1000
"X1_TCCTTCTAGATGCCGA.1",0
"X1_TCCTTCTAGCGAGGAG.1",3
"X1_TCCTTCTAGGAAAGGT.1",4
"X1_TCCTTCTAGGTACATA.1",8
"X1_TCCTTCTAGGTAGCCA.1",2
"X1_TCCTTCTAGTGGCCTC.1",7
"X1_TCCTTCTCAACCCTCT.1",4
"X1_TCCTTCTCACACCGAC.1",4
"X1_TCCTTCTCAGCAGATG.1",1000
"X1_TCCTTCTCAGCAGTAG.1",3
"X1_TCCTTCTCATGATCTG.1",8
"X1_TCCTTCTCATTCTGTT.1",1000
"X1_TCCTTCTGTAACGTTC.1",2
"X1_TCCTTCTGTAGTCGTT.1",1000
"X1_TCCTTCTGTCCTCAGG.1",0
"X1_TCCTTCTGTCTGTAAC.1",7
"X1_TCCTTCTGTCTTCCGT.1",1000
"X1_TCCTTCTGTGCCGAAA.1",1000
"X1_TCCTTCTGTTCTTGCC.1",3
"X1_TCCTTCTTCACGGGAA.1",7
"X1_TCCTTCTTCCATCGTC.1",1
"X1_TCCTTCTTCCCAGCGA.1",7
"X1_TCCTTCTTCCCGTTCA.1",7
"X1_TCCTTCTTCTCATTTG.1",8
"X1_TCCTTCTTCTGCGGAC.1",5
"X1_TCCTTCTTCTGGCCGA.1",1000
"X1_TCCTTTCAGATCGCTT.1",1
"X1_TCCTTTCAGCACTAGG.1",1000
"X1_TCCTTTCAGCTGACCC.1",1000
"X1_TCCTTTCAGGCTCAAG.1",1000
"X1_TCCTTTCCAACTGTGT.1",5
"X1_TCCTTTCCAATGGGTG.1",1000
"X1_TCCTTTCCACCAAATC.1",1000
"X1_TCCTTTCCACCAACAT.1",2
"X1_TCCTTTCCACGGAAGT.1",6
"X1_TCCTTTCCAGAGCCCT.1",4
"X1_TCCTTTCCAGATTTCG.1",2
"X1_TCCTTTCCATACGCAT.1",8
"X1_TCCTTTCCATCTCAAG.1",4
"X1_TCCTTTCGTACCCGCA.1",5
"X1_TCCTTTCGTAGTGCGA.1",6
"X1_TCCTTTCGTATCACCA.1",4
"X1_TCCTTTCGTCCAAAGG.1",3
"X1_TCCTTTCGTCCAAATC.1",4
"X1_TCCTTTCGTCGAATTC.1",8
"X1_TCCTTTCGTCGAGCAA.1",5
"X1_TCCTTTCGTCTCGGGT.1",1
"X1_TCCTTTCGTGGCTTAT.1",1000
"X1_TCCTTTCGTTCATCTT.1",1
"X1_TCCTTTCGTTTACACG.1",4
"X1_TCCTTTCTCAAGCCGC.1",4
"X1_TCCTTTCTCACTTATC.1",1000
"X1_TCCTTTCTCATGCTAG.1",7
"X1_TCCTTTCTCCAGTGTA.1",1000
"X1_TCCTTTCTCGTAGTCA.1",8
"X1_TCGAACAAGAAGCGAA.1",1000
"X1_TCGAACAAGATGTTGA.1",7
"X1_TCGAACAAGCCGAATG.1",4
"X1_TCGAACAAGGAGACCT.1",1
"X1_TCGAACAAGGCGAAGG.1",2
"X1_TCGAACAAGTGTTCAC.1",1000
"X1_TCGAACACAACCGGAA.1",8
"X1_TCGAACACACACACTA.1",0
"X1_TCGAACACACTGAGGA.1",1000
"X1_TCGAACACAGAACATA.1",1000
"X1_TCGAACACAGGGAGAG.1",3
"X1_TCGAACAGTACCAGAG.1",7
"X1_TCGAACAGTATGTGTC.1",1000
"X1_TCGAACAGTCACTCAA.1",3
"X1_TCGAACAGTCTAATCG.1",8
"X1_TCGAACAGTGCGTGCT.1",8
"X1_TCGAACATCAAAGCCT.1",2
"X1_TCGAACATCAACTTTC.1",7
"X1_TCGAACATCACCGGTG.1",2
"X1_TCGAACATCACTGTCC.1",6
"X1_TCGAACATCGTTCGCT.1",4
"X1_TCGAAGTAGACCAAAT.1",3
"X1_TCGAAGTAGATCCTAC.1",4
"X1_TCGAAGTAGCACTCGC.1",3
"X1_TCGAAGTAGGAACATT.1",7
"X1_TCGAAGTAGGACCCAA.1",1000
"X1_TCGAAGTAGGCTAAAT.1",1000
"X1_TCGAAGTAGGGCAAGG.1",8
"X1_TCGAAGTAGGTGAGCT.1",4
"X1_TCGAAGTAGTCGGCAA.1",4
"X1_TCGAAGTCAAAGACGC.1",5
"X1_TCGAAGTCAACGCATT.1",4
"X1_TCGAAGTCAAGACGGT.1",1000
"X1_TCGAAGTCACGAGGTA.1",1000
"X1_TCGAAGTCACGTCGGT.1",3
"X1_TCGAAGTCAGAGAATT.1",1000
"X1_TCGAAGTCAGCGCTTG.1",0
"X1_TCGAAGTCAGGTTCGC.1",1000
"X1_TCGAAGTCATCGCTCT.1",3
"X1_TCGAAGTCATGAAGGC.1",4
"X1_TCGAAGTGTACCACGC.1",6
"X1_TCGAAGTGTCAGATTC.1",7
"X1_TCGAAGTGTCTACATG.1",1000
"X1_TCGAAGTGTGAACGGT.1",1000
"X1_TCGAAGTGTGATTAGA.1",7
"X1_TCGAAGTGTGTATACC.1",1000
"X1_TCGAAGTGTTCCTACC.1",8
"X1_TCGAAGTTCAAGATAG.1",1000
"X1_TCGAAGTTCCAGTTCC.1",6
"X1_TCGAAGTTCGAACTCA.1",7
"X1_TCGACCTAGAGTCTGG.1",1000
"X1_TCGACCTAGCATGTTC.1",1
"X1_TCGACCTAGCCGTAAG.1",1000
"X1_TCGACCTAGGAATCGC.1",1000
"X1_TCGACCTAGGCACGAT.1",3
"X1_TCGACCTAGGCGTTGA.1",4
"X1_TCGACCTAGGGATCGT.1",5
"X1_TCGACCTCAACCCGCA.1",7
"X1_TCGACCTCAAGGTTGG.1",1000
"X1_TCGACCTCAATCTAGC.1",0
"X1_TCGACCTCACATCCCT.1",2
"X1_TCGACCTCACTACTTT.1",5
"X1_TCGACCTCAGTTACCA.1",3
"X1_TCGACCTCATCCGCGA.1",1000
"X1_TCGACCTCATTCTTCA.1",1000
"X1_TCGACCTGTACCAGAG.1",8
"X1_TCGACCTGTACCCACG.1",1000
"X1_TCGACCTGTAGCGAGT.1",1000
"X1_TCGACCTGTAGGATAT.1",6
"X1_TCGACCTGTGACAGGT.1",3
"X1_TCGACCTGTTATAGCC.1",0
"X1_TCGACCTGTTCTAACG.1",7
"X1_TCGACCTGTTGGGATG.1",1
"X1_TCGACCTGTTGGTGTT.1",7
"X1_TCGACCTGTTTCAGAC.1",3
"X1_TCGACCTTCACTCGAA.1",7
"X1_TCGACCTTCGACATCA.1",1000
"X1_TCGACCTTCGCGTGCA.1",7
"X1_TCGACCTTCTGCAGCG.1",8
"X1_TCGACGGAGACGGATC.1",7
"X1_TCGACGGAGAGAATCT.1",3
"X1_TCGACGGAGAGTGACC.1",1000
"X1_TCGACGGAGGATGCGT.1",1000
"X1_TCGACGGAGGCCTGAA.1",8
"X1_TCGACGGAGGGATCAC.1",1000
"X1_TCGACGGAGGTTAAAC.1",1000
"X1_TCGACGGAGTTTCGAC.1",5
"X1_TCGACGGCAAGCAATA.1",8
"X1_TCGACGGCACAAAGTA.1",1000
"X1_TCGACGGCACACGTGC.1",3
"X1_TCGACGGCACTTGTCC.1",1000
"X1_TCGACGGCATGCAGCC.1",8
"X1_TCGACGGCATGTCGTA.1",3
"X1_TCGACGGGTAGTTACC.1",2
"X1_TCGACGGGTCCAGCCA.1",3
"X1_TCGACGGGTCTTGGTA.1",4
"X1_TCGACGGGTGGCAACA.1",5
"X1_TCGACGGGTTCCACGG.1",4
"X1_TCGACGGGTTCGCGTG.1",6
"X1_TCGACGGGTTGAGAGC.1",5
"X1_TCGACGGGTTTGTTCT.1",8
"X1_TCGACGGTCAAGAATG.1",1000
"X1_TCGACGGTCAGCCCAG.1",1000
"X1_TCGACGGTCATCCCGT.1",8
"X1_TCGACGGTCATCCTGC.1",4
"X1_TCGACGGTCATGCATG.1",7
"X1_TCGACGGTCCCTCTCC.1",8
"X1_TCGACGGTCCGTGTGG.1",1000
"X1_TCGACGGTCGAACACT.1",2
"X1_TCGACGGTCGACGCTG.1",8
"X1_TCGACGGTCTATACTC.1",4
"X1_TCGATTTAGAATACAC.1",1000
"X1_TCGATTTAGACCTTTG.1",7
"X1_TCGATTTAGCACAAAT.1",7
"X1_TCGATTTAGCCTAACT.1",5
"X1_TCGATTTAGGCATCAG.1",6
"X1_TCGATTTAGGCGAACT.1",1000
"X1_TCGATTTAGGGTGGGA.1",5
"X1_TCGATTTAGTTTGTCG.1",6
"X1_TCGATTTCACCAGGTC.1",1000
"X1_TCGATTTCATAGACTC.1",8
"X1_TCGATTTCATAGGTAA.1",8
"X1_TCGATTTCATCGATCA.1",1000
"X1_TCGATTTCATCGTCCT.1",8
"X1_TCGATTTGTACGTAGG.1",1000
"X1_TCGATTTGTAGCGCTC.1",8
"X1_TCGATTTGTCAGGTAG.1",4
"X1_TCGATTTGTCCATACA.1",8
"X1_TCGATTTGTCCTCCAT.1",8
"X1_TCGATTTGTGAGAGGG.1",6
"X1_TCGATTTGTGGACTAG.1",1
"X1_TCGATTTGTGGATCGA.1",1000
"X1_TCGATTTGTGTCATCA.1",5
"X1_TCGATTTGTGTCCGGT.1",7
"X1_TCGATTTGTTAGGAGC.1",3
"X1_TCGATTTGTTATGTCG.1",0
"X1_TCGATTTGTTCTCGCT.1",6
"X1_TCGATTTGTTGGTACT.1",7
"X1_TCGATTTGTTTGAAAG.1",7
"X1_TCGATTTTCAGGAGAC.1",1000
"X1_TCGATTTTCCTTCTAA.1",1000
"X1_TCGATTTTCGCCACTT.1",3
"X1_TCGATTTTCGCTGTCT.1",1000
"X1_TCGATTTTCGTAACTG.1",3
"X1_TCGATTTTCTCAATCT.1",4
"X1_TCGATTTTCTTTCTAG.1",1
"X1_TCGATTTTCTTTGGAG.1",1000
"X1_TCGCACTAGACTTCGT.1",5
"X1_TCGCACTAGCATGAAT.1",1000
"X1_TCGCACTAGCATGCAG.1",1
"X1_TCGCACTAGCCTGAGA.1",8
"X1_TCGCACTAGGCACCAA.1",5
"X1_TCGCACTAGTCACGAG.1",1
"X1_TCGCACTAGTCCTACA.1",3
"X1_TCGCACTAGTTGCCCG.1",3
"X1_TCGCACTCACGACGTC.1",1000
"X1_TCGCACTCACGAGGTA.1",1000
"X1_TCGCACTCATGACCCG.1",4
"X1_TCGCACTGTAAGTCAA.1",1000
"X1_TCGCACTGTAGACGTG.1",7
"X1_TCGCACTGTAGGATAT.1",7
"X1_TCGCACTGTAGGGTAC.1",5
"X1_TCGCACTGTCACTACA.1",8
"X1_TCGCACTGTGGCTCTG.1",7
"X1_TCGCACTGTTAGGGTG.1",3
"X1_TCGCACTTCCCAACTC.1",2
"X1_TCGCACTTCCCGTTCA.1",0
"X1_TCGCACTTCTGGGCGT.1",6
"X1_TCGCACTTCTGTCTCG.1",1
"X1_TCGCACTTCTTACGTT.1",2
"X1_TCGCAGGAGACACACG.1",7
"X1_TCGCAGGAGAGGTGCT.1",4
"X1_TCGCAGGAGATACTGA.1",2
"X1_TCGCAGGAGATGGTCG.1",8
"X1_TCGCAGGAGGCCATAG.1",4
"X1_TCGCAGGAGGCTCACC.1",1000
"X1_TCGCAGGAGTAGGATT.1",8
"X1_TCGCAGGCACAATGCT.1",1
"X1_TCGCAGGCACAGCTTA.1",5
"X1_TCGCAGGCAGCCGGTT.1",7
"X1_TCGCAGGCATGGCGCT.1",7
"X1_TCGCAGGGTACATACC.1",7
"X1_TCGCAGGGTACCAATC.1",1000
"X1_TCGCAGGGTCAGGCAA.1",4
"X1_TCGCAGGGTCGAACGA.1",1000
"X1_TCGCAGGGTCTACGTA.1",1000
"X1_TCGCAGGGTGTTACAC.1",5
"X1_TCGCAGGGTTAATCGC.1",3
"X1_TCGCAGGGTTGTGTAC.1",1
"X1_TCGCAGGTCACGGTCG.1",8
"X1_TCGCAGGTCCGCTAGG.1",4
"X1_TCGCAGGTCCTCGCAT.1",4
"X1_TCGCAGGTCGAGATAA.1",1000
"X1_TCGCAGGTCGAGCCAC.1",2
"X1_TCGCAGGTCTGTCTCG.1",8
"X1_TCGCTCAAGAAATCCA.1",6
"X1_TCGCTCAAGACGCCCT.1",1000
"X1_TCGCTCAAGTAATCCC.1",7
"X1_TCGCTCAAGTGTACCT.1",1000
"X1_TCGCTCACAAAGCAAT.1",3
"X1_TCGCTCACAACTACGT.1",7
"X1_TCGCTCACAACTCCAA.1",2
"X1_TCGCTCACAAGTCCAT.1",1000
"X1_TCGCTCACACATTGTG.1",8
"X1_TCGCTCACATGCCGAC.1",4
"X1_TCGCTCAGTAACGGTG.1",5
"X1_TCGCTCAGTATCTTCT.1",1
"X1_TCGCTCAGTCGAATTC.1",8
"X1_TCGCTCAGTGCACGCT.1",3
"X1_TCGCTCAGTTATCTGG.1",6
"X1_TCGCTCAGTTGCATCA.1",8
"X1_TCGCTCAGTTGCTCGG.1",3
"X1_TCGCTCATCAGACTGT.1",3
"X1_TCGCTCATCCGTGGTG.1",1000
"X1_TCGCTCATCCTCTCGA.1",5
"X1_TCGCTCATCGGCTGAC.1",7
"X1_TCGCTTGAGAACGCGT.1",1000
"X1_TCGCTTGAGAACTGAT.1",1000
"X1_TCGCTTGAGACAGTCG.1",7
"X1_TCGCTTGAGACGTCCC.1",8
"X1_TCGCTTGAGCATCAAA.1",5
"X1_TCGCTTGAGCTACAAA.1",6
"X1_TCGCTTGAGCTAGAAT.1",3
"X1_TCGCTTGAGGACAACC.1",3
"X1_TCGCTTGAGTACCATC.1",8
"X1_TCGCTTGAGTATGCAA.1",7
"X1_TCGCTTGAGTATTGCC.1",1000
"X1_TCGCTTGAGTCATACC.1",8
"X1_TCGCTTGCAAGCACAG.1",0
"X1_TCGCTTGCACAGACGA.1",3
"X1_TCGCTTGCACGGTGTC.1",7
"X1_TCGCTTGCACTATCCC.1",3
"X1_TCGCTTGCACTGCTTC.1",4
"X1_TCGCTTGCAGAGCTAG.1",4
"X1_TCGCTTGCAGCGACCT.1",1000
"X1_TCGCTTGCAGGAATAT.1",2
"X1_TCGCTTGCAGGCCCTA.1",1000
"X1_TCGCTTGCATGGCTAT.1",8
"X1_TCGCTTGGTATACCTG.1",8
"X1_TCGCTTGGTCGTGTTA.1",1000
"X1_TCGCTTGGTGAACGGT.1",7
"X1_TCGCTTGGTGATAGAT.1",7
"X1_TCGCTTGGTGGTCTGC.1",6
"X1_TCGCTTGGTTCGGTCG.1",8
"X1_TCGCTTGGTTCTCCAC.1",1000
"X1_TCGCTTGGTTGTACGT.1",7
"X1_TCGCTTGTCAAAGCCT.1",7
"X1_TCGCTTGTCCCAGGCA.1",2
"X1_TCGCTTGTCGAAGCCC.1",1000
"X1_TCGCTTGTCGATGCTA.1",3
"X1_TCGCTTGTCGTCTACC.1",4
"X1_TCGCTTGTCTCTAGGA.1",8
"X1_TCGCTTGTCTTCACGC.1",7
"X1_TCGCTTGTCTTCGTGC.1",8
"X1_TCGGATAAGACGCTCC.1",1000
"X1_TCGGATAAGCGGGTAT.1",4
"X1_TCGGATAAGCTAGCCC.1",1
"X1_TCGGATAAGGAGTCTG.1",1000
"X1_TCGGATAAGGCATCGA.1",4
"X1_TCGGATAAGGCTCCCA.1",1000
"X1_TCGGATAAGGCTCTAT.1",3
"X1_TCGGATAAGGCTGGAT.1",1
"X1_TCGGATAAGGGCATGT.1",1000
"X1_TCGGATAAGGTTAAAC.1",8
"X1_TCGGATAAGTATGCAA.1",7
"X1_TCGGATAAGTCATAGA.1",6
"X1_TCGGATAAGTCTTGGT.1",4
"X1_TCGGATAAGTTGAAGT.1",8
"X1_TCGGATACAACCAACT.1",7
"X1_TCGGATACAACCACGC.1",3
"X1_TCGGATACAACCCTAA.1",8
"X1_TCGGATACAATTCTTC.1",8
"X1_TCGGATACACAATGCT.1",7
"X1_TCGGATACACCAACAT.1",8
"X1_TCGGATACACTTTAGG.1",1000
"X1_TCGGATACAGAGCGTA.1",7
"X1_TCGGATACAGCATGCC.1",7
"X1_TCGGATACATCCTAAG.1",1000
"X1_TCGGATACATGCCGCA.1",4
"X1_TCGGATAGTAAGACCG.1",5
"X1_TCGGATAGTAAGCTCT.1",7
"X1_TCGGATAGTACACTCA.1",3
"X1_TCGGATAGTACGAGCA.1",8
"X1_TCGGATAGTACTGGGA.1",3
"X1_TCGGATAGTAGAATAC.1",7
"X1_TCGGATAGTAGATTAG.1",4
"X1_TCGGATAGTCATCGGC.1",2
"X1_TCGGATAGTCTTCATT.1",7
"X1_TCGGATAGTGGTCTCG.1",4
"X1_TCGGATAGTTGGTACT.1",1000
"X1_TCGGATATCAATCGGT.1",2
"X1_TCGGATATCACTTTGT.1",0
"X1_TCGGATATCCACGGGT.1",1000
"X1_TCGGATATCCACTGGG.1",6
"X1_TCGGATATCCCATGGG.1",8
"X1_TCGGATATCCTATTGT.1",1000
"X1_TCGGATATCGACGAGA.1",4
"X1_TCGGATATCTCGCTCA.1",3
"X1_TCGGATATCTCTTAAC.1",7
"X1_TCGGATATCTGTTGGA.1",3
"X1_TCGGGACAGAACTTCC.1",3
"X1_TCGGGACAGCAATAAC.1",0
"X1_TCGGGACAGCCTCCAG.1",0
"X1_TCGGGACAGCCTGACC.1",3
"X1_TCGGGACAGCTAAATG.1",8
"X1_TCGGGACAGCTTTCCC.1",8
"X1_TCGGGACAGTCGCCCA.1",3
"X1_TCGGGACCAAGAGTTA.1",3
"X1_TCGGGACCAAGGCGTA.1",4
"X1_TCGGGACCAAGTGATA.1",3
"X1_TCGGGACCAATGTCTG.1",1000
"X1_TCGGGACCACCTGCGA.1",5
"X1_TCGGGACCAGAACCGA.1",4
"X1_TCGGGACCAGCTCTGG.1",8
"X1_TCGGGACCAGGTGGAT.1",3
"X1_TCGGGACGTAGGAGGG.1",1000
"X1_TCGGGACGTATGGTAA.1",4
"X1_TCGGGACGTCGCTCGA.1",7
"X1_TCGGGACGTGCATTTG.1",8
"X1_TCGGGACGTGCGTGCT.1",1000
"X1_TCGGGACGTTAACCTG.1",4
"X1_TCGGGACGTTAAGACA.1",7
"X1_TCGGGACGTTCGCGTG.1",8
"X1_TCGGGACGTTGCGAAG.1",7
"X1_TCGGGACGTTGTGCAT.1",5
"X1_TCGGGACTCCTTCAGC.1",7
"X1_TCGGGACTCGACGAGA.1",1000
"X1_TCGGGACTCTCCGAAA.1",7
"X1_TCGGGACTCTTCCCGA.1",1000
"X1_TCGGGCAAGAACGCGT.1",8
"X1_TCGGGCAAGAAGTATC.1",1
"X1_TCGGGCAAGAATACAC.1",1000
"X1_TCGGGCAAGACTCTTG.1",8
"X1_TCGGGCAAGCCGTTAT.1",2
"X1_TCGGGCAAGTAACAGT.1",8
"X1_TCGGGCAAGTCACTAC.1",4
"X1_TCGGGCACAAACTCGT.1",3
"X1_TCGGGCACAAATCAGA.1",2
"X1_TCGGGCACACAAGCAG.1",1000
"X1_TCGGGCACACTGAGGA.1",7
"X1_TCGGGCACAGTTTCGA.1",6
"X1_TCGGGCACATGGCGCT.1",5
"X1_TCGGGCACATTCAGGT.1",7
"X1_TCGGGCAGTAAGATTG.1",1000
"X1_TCGGGCAGTATACCCA.1",8
"X1_TCGGGCAGTCCTCATC.1",4
"X1_TCGGGCAGTCGAGATG.1",3
"X1_TCGGGCAGTCTAACTG.1",8
"X1_TCGGGCAGTGGTTCTA.1",8
"X1_TCGGGCAGTTCGTGCG.1",4
"X1_TCGGGCATCACGGTCG.1",8
"X1_TCGGGCATCAGCGCAC.1",4
"X1_TCGGGCATCAGCTTGA.1",2
"X1_TCGGGCATCATAAGGA.1",5
"X1_TCGGGCATCGACGACC.1",7
"X1_TCGGGCATCGCTGCGA.1",1000
"X1_TCGGGCATCGCTTGCT.1",8
"X1_TCGGGCATCGGTCGGT.1",1000
"X1_TCGGGCATCTAACGGT.1",8
"X1_TCGGGCATCTAGCATG.1",4
"X1_TCGGGCATCTGCATGA.1",8
"X1_TCGGGCATCTGCGAGC.1",2
"X1_TCGGGTGAGCCATCCG.1",8
"X1_TCGGGTGAGCCTATTG.1",7
"X1_TCGGGTGAGCTAAATG.1",4
"X1_TCGGGTGAGCTTGTTG.1",2
"X1_TCGGGTGCAACCGATT.1",1000
"X1_TCGGGTGCAAGAGGTC.1",1000
"X1_TCGGGTGCAAGCCATT.1",1000
"X1_TCGGGTGCAAGGACAC.1",8
"X1_TCGGGTGCAATCCAGT.1",7
"X1_TCGGGTGCAGTCCGTG.1",5
"X1_TCGGGTGCAGTTCACA.1",1000
"X1_TCGGGTGCATAGTCGT.1",5
"X1_TCGGGTGGTACAAGTA.1",1000
"X1_TCGGGTGGTACAGTTC.1",8
"X1_TCGGGTGGTACTGTTG.1",7
"X1_TCGGGTGGTAGCTTAC.1",2
"X1_TCGGGTGGTATGTCCA.1",1000
"X1_TCGGGTGGTCCGCAGT.1",1000
"X1_TCGGGTGGTCGAGCTC.1",5
"X1_TCGGGTGGTCTGTCCT.1",8
"X1_TCGGGTGGTGACTCTA.1",2
"X1_TCGGGTGGTGAGCCAA.1",5
"X1_TCGGGTGGTTATGACC.1",2
"X1_TCGGGTGTCAAGATAG.1",7
"X1_TCGGGTGTCAAGTTGC.1",8
"X1_TCGGGTGTCACTAGCA.1",3
"X1_TCGGGTGTCACTGGGC.1",6
"X1_TCGGGTGTCGCCGTGA.1",3
"X1_TCGGGTGTCGGTCGAC.1",7
"X1_TCGGGTGTCGTCCATC.1",7
"X1_TCGGTCTAGAAGTATC.1",1000
"X1_TCGGTCTAGACATCAA.1",8
"X1_TCGGTCTAGACTAAGT.1",2
"X1_TCGGTCTAGCCGAATG.1",8
"X1_TCGGTCTAGGACACTG.1",3
"X1_TCGGTCTAGGAGTCTG.1",8
"X1_TCGGTCTAGGGACAGG.1",1
"X1_TCGGTCTAGGGCAGTT.1",4
"X1_TCGGTCTAGGGCTGAT.1",4
"X1_TCGGTCTAGTAAAGCT.1",6
"X1_TCGGTCTAGTCCCGGT.1",1
"X1_TCGGTCTAGTGATAGT.1",3
"X1_TCGGTCTCAACACACT.1",1000
"X1_TCGGTCTCAAGCTGTT.1",8
"X1_TCGGTCTCAAGTGGTG.1",5
"X1_TCGGTCTCAGCGTTGC.1",4
"X1_TCGGTCTCAGCTGGTC.1",8
"X1_TCGGTCTGTACCAGAG.1",4
"X1_TCGGTCTGTACTCGAT.1",3
"X1_TCGGTCTGTATTTCTC.1",1000
"X1_TCGGTCTGTCCGACGT.1",3
"X1_TCGGTCTGTGAGAACC.1",8
"X1_TCGGTCTGTTACAGCT.1",4
"X1_TCGGTCTGTTCAGGTT.1",8
"X1_TCGGTCTGTTGGCCGT.1",1000
"X1_TCGGTCTGTTGGGCCT.1",8
"X1_TCGGTCTGTTTAGAGA.1",7
"X1_TCGGTCTTCAACCGAT.1",7
"X1_TCGGTCTTCCCTCGAT.1",4
"X1_TCGGTCTTCCCTCTAG.1",8
"X1_TCGGTCTTCCGCGGAT.1",8
"X1_TCGGTCTTCTGCTAGA.1",7
"X1_TCGTAGAAGAAGCCAC.1",5
"X1_TCGTAGAAGCAATTAG.1",1000
"X1_TCGTAGAAGCAGGCTA.1",2
"X1_TCGTAGAAGCGCCTTG.1",7
"X1_TCGTAGAAGGCATCGA.1",0
"X1_TCGTAGAAGGTCGTGA.1",7
"X1_TCGTAGAAGGTTAGTA.1",8
"X1_TCGTAGAAGTTACGAA.1",7
"X1_TCGTAGAAGTTGGACG.1",1000
"X1_TCGTAGACAAGGACAC.1",8
"X1_TCGTAGACACGGCACT.1",3
"X1_TCGTAGACACGGTGAA.1",1000
"X1_TCGTAGACAGAGTGTG.1",7
"X1_TCGTAGACATAGCACT.1",8
"X1_TCGTAGACATCTGTTT.1",8
"X1_TCGTAGAGTGTAGGAC.1",0
"X1_TCGTAGAGTGTTTACG.1",4
"X1_TCGTAGAGTTGATGTC.1",1000
"X1_TCGTAGAGTTGTCATG.1",1000
"X1_TCGTAGATCACTGAAC.1",8
"X1_TCGTAGATCATCACTT.1",8
"X1_TCGTAGATCCCTCTTT.1",8
"X1_TCGTAGATCGCAGTTA.1",2
"X1_TCGTAGATCTCAATCT.1",4
"X1_TCGTAGATCTTGAACG.1",6
"X1_TCGTCCAAGAGGTCAC.1",4
"X1_TCGTCCAAGGAAGTAG.1",8
"X1_TCGTCCAAGGGAGGCA.1",8
"X1_TCGTCCAAGTCTTCCC.1",7
"X1_TCGTCCACAAGTGCTT.1",6
"X1_TCGTCCACAATCGAAA.1",1000
"X1_TCGTCCACAATCTCTT.1",5
"X1_TCGTCCACAATTTCGG.1",1000
"X1_TCGTCCACACAGCCAC.1",1
"X1_TCGTCCACAGAGTTGG.1",1000
"X1_TCGTCCACAGCTACCG.1",5
"X1_TCGTCCACATCTATCT.1",6
"X1_TCGTCCAGTACCACGC.1",4
"X1_TCGTCCAGTAGGATAT.1",7
"X1_TCGTCCAGTATCGTGT.1",8
"X1_TCGTCCAGTCACCCTT.1",1000
"X1_TCGTCCAGTCCAGAAG.1",3
"X1_TCGTCCAGTCCTGGTG.1",5
"X1_TCGTCCAGTCGTGCCA.1",8
"X1_TCGTCCAGTCTTCTAT.1",4
"X1_TCGTCCAGTTCCGCTT.1",1000
"X1_TCGTCCATCATGAGGG.1",1000
"X1_TCGTCCATCGAAGAAT.1",6
"X1_TCGTCCATCGTGGAAG.1",8
"X1_TCGTCCATCGTTCCCA.1",4
"X1_TCGTCCATCTCGCGTT.1",8
"X1_TCGTCCATCTGTGCGG.1",3
"X1_TCGTGCTAGATTAGCA.1",7
"X1_TCGTGCTAGCACTCTA.1",1
"X1_TCGTGCTAGCCATTCA.1",7
"X1_TCGTGCTAGGCAGCTA.1",7
"X1_TCGTGCTAGGTAGGCT.1",7
"X1_TCGTGCTAGTATGATG.1",5
"X1_TCGTGCTCAAACACGG.1",1000
"X1_TCGTGCTCAAACTAGA.1",1000
"X1_TCGTGCTCAAGACTGG.1",8
"X1_TCGTGCTCAAGATGTA.1",4
"X1_TCGTGCTCAATCTGCA.1",2
"X1_TCGTGCTCAATTCGTG.1",1000
"X1_TCGTGCTCACATTCTT.1",8
"X1_TCGTGCTCACCAACAT.1",4
"X1_TCGTGCTCACTGCGAC.1",8
"X1_TCGTGCTCAGAACATA.1",3
"X1_TCGTGCTCATCTCCCA.1",1000
"X1_TCGTGCTGTAATCAAG.1",8
"X1_TCGTGCTGTACAAACA.1",1000
"X1_TCGTGCTGTAGATCGG.1",7
"X1_TCGTGCTGTAGCGCTC.1",4
"X1_TCGTGCTGTCACTTAG.1",1000
"X1_TCGTGCTGTCGGATTT.1",1
"X1_TCGTGCTGTCTCAGGC.1",0
"X1_TCGTGCTGTCTGTAAC.1",8
"X1_TCGTGCTGTGCATCTA.1",4
"X1_TCGTGCTGTTACCCAA.1",7
"X1_TCGTGCTGTTGATGTC.1",6
"X1_TCGTGCTGTTGTATGC.1",1000
"X1_TCGTGCTGTTTCACAG.1",4
"X1_TCGTGCTTCCAGCACG.1",8
"X1_TCGTGCTTCCATTCAT.1",1000
"X1_TCGTGCTTCCCGTGTT.1",8
"X1_TCGTGCTTCGAAGGAC.1",8
"X1_TCGTGCTTCGATTGGT.1",3
"X1_TCGTGCTTCGCAATTG.1",7
"X1_TCGTGCTTCGCCAGAC.1",4
"X1_TCGTGCTTCGTTCGCT.1",3
"X1_TCGTGCTTCTAGCAAC.1",8
"X1_TCGTGCTTCTCAGAAC.1",4
"X1_TCGTGCTTCTCCACTG.1",1000
"X1_TCGTGGGAGAGCAGCT.1",8
"X1_TCGTGGGAGATGAACT.1",8
"X1_TCGTGGGAGCAAGCCA.1",6
"X1_TCGTGGGAGCACAAAT.1",8
"X1_TCGTGGGAGCCTGAGA.1",3
"X1_TCGTGGGAGGCGTCCT.1",1000
"X1_TCGTGGGAGGGATCTG.1",5
"X1_TCGTGGGAGGTAGGCT.1",6
"X1_TCGTGGGAGTACGAGC.1",4
"X1_TCGTGGGAGTAGGTTA.1",5
"X1_TCGTGGGAGTGCAAAT.1",7
"X1_TCGTGGGCAAAGACGC.1",3
"X1_TCGTGGGCAAAGCGTG.1",1000
"X1_TCGTGGGCAATTCACG.1",6
"X1_TCGTGGGCACTATCGA.1",5
"X1_TCGTGGGCACTCTAGA.1",7
"X1_TCGTGGGCAGAGAATT.1",1000
"X1_TCGTGGGCAGATACCT.1",7
"X1_TCGTGGGCAGCACCCA.1",7
"X1_TCGTGGGGTAATGCTC.1",2
"X1_TCGTGGGGTAGCGTAG.1",1000
"X1_TCGTGGGGTATGGGAC.1",1000
"X1_TCGTGGGGTCATGGCC.1",8
"X1_TCGTGGGGTCCAGAAG.1",8
"X1_TCGTGGGGTCTGCAAT.1",1000
"X1_TCGTGGGGTGCCGTAC.1",7
"X1_TCGTGGGGTGTAAATG.1",1000
"X1_TCGTGGGTCCACCTCA.1",1000
"X1_TCGTGGGTCCCGTTGT.1",1000
"X1_TCGTGGGTCCGCATAA.1",8
"X1_TCGTGGGTCGACGTCG.1",4
"X1_TCGTGGGTCGGCCTTT.1",1000
"X1_TCTAACTAGACTCATC.1",1000
"X1_TCTAACTAGCCTGGAA.1",3
"X1_TCTAACTAGCTTACGT.1",2
"X1_TCTAACTAGTCAGAGC.1",4
"X1_TCTAACTCAAATACGA.1",3
"X1_TCTAACTCAATTCTTC.1",1000
"X1_TCTAACTCACATCATG.1",4
"X1_TCTAACTCACCACTGG.1",8
"X1_TCTAACTCAGAAGCGT.1",1000
"X1_TCTAACTCAGGTACGA.1",1000
"X1_TCTAACTCATACCGTA.1",1000
"X1_TCTAACTGTAACAGGC.1",8
"X1_TCTAACTGTCCTCATC.1",7
"X1_TCTAACTGTGTATTCG.1",1000
"X1_TCTAACTGTGTCATCA.1",1000
"X1_TCTAACTGTTGACTGT.1",7
"X1_TCTAACTGTTGTGGAG.1",8
"X1_TCTAACTGTTTGTGGT.1",8
"X1_TCTAACTTCAACCTCC.1",5
"X1_TCTAACTTCACGATAC.1",5
"X1_TCTAACTTCAGCGTCG.1",4
"X1_TCTAACTTCCTACTGC.1",8
"X1_TCTAACTTCCTTCACG.1",5
"X1_TCTAACTTCGCGCCAA.1",7
"X1_TCTAACTTCTCCGTGT.1",5
"X1_TCTAACTTCTGCGGAC.1",8
"X1_TCTACATAGCTTTCTT.1",8
"X1_TCTACATAGGAGAATG.1",8
"X1_TCTACATAGGATAATC.1",2
"X1_TCTACATAGGCACAAC.1",8
"X1_TCTACATAGGGTGGGA.1",2
"X1_TCTACATAGTCACACT.1",7
"X1_TCTACATAGTGCACTT.1",8
"X1_TCTACATAGTTACGTC.1",4
"X1_TCTACATAGTTTCGAC.1",2
"X1_TCTACATCAAACTAAG.1",3
"X1_TCTACATCAAAGAGTT.1",7
"X1_TCTACATCAAGCAGGT.1",5
"X1_TCTACATCACGGTCTG.1",1000
"X1_TCTACATCACGTCATA.1",5
"X1_TCTACATCACTACTTT.1",5
"X1_TCTACATCAGATGCGA.1",5
"X1_TCTACATCAGCAGTCC.1",7
"X1_TCTACATCAGCCTATA.1",1000
"X1_TCTACATCAGGCCCTA.1",1000
"X1_TCTACATCATCCGGTG.1",8
"X1_TCTACATCATGAAGCG.1",6
"X1_TCTACATGTACGATTC.1",8
"X1_TCTACATGTATGAGGC.1",1000
"X1_TCTACATGTATGGAAT.1",7
"X1_TCTACATGTCAGATTC.1",3
"X1_TCTACATGTCCGGATC.1",1
"X1_TCTACATGTCGAAGCA.1",8
"X1_TCTACATGTCTAGGCC.1",5
"X1_TCTACATGTGCGGATA.1",8
"X1_TCTACATGTTGCGGAA.1",8
"X1_TCTACATGTTGTTGTG.1",5
"X1_TCTACATTCGCAGTCG.1",1000
"X1_TCTACATTCGGTAAGG.1",7
"X1_TCTACCGAGACATAGT.1",4
"X1_TCTACCGAGACGGTTG.1",1000
"X1_TCTACCGAGCATTGAA.1",4
"X1_TCTACCGAGTCACGAG.1",5
"X1_TCTACCGAGTCATGAA.1",4
"X1_TCTACCGAGTTGCCCG.1",8
"X1_TCTACCGCAAATGGAT.1",1000
"X1_TCTACCGCAACTGCTA.1",7
"X1_TCTACCGCAAGTGTCT.1",7
"X1_TCTACCGCACACGGTC.1",7
"X1_TCTACCGCACAGAGCA.1",7
"X1_TCTACCGCACTGTTCC.1",8
"X1_TCTACCGGTATGTCCA.1",1000
"X1_TCTACCGGTATTGAGA.1",8
"X1_TCTACCGGTCGATGCC.1",4
"X1_TCTACCGGTCTAGGTT.1",1
"X1_TCTACCGGTGAGTAAT.1",4
"X1_TCTACCGGTGCACAAG.1",8
"X1_TCTACCGGTGCATTAC.1",3
"X1_TCTACCGGTTAGCTAC.1",1000
"X1_TCTACCGGTTCTGACA.1",7
"X1_TCTACCGTCCAACACA.1",3
"X1_TCTACCGTCCAGTGTA.1",1000
"X1_TCTACCGTCGAGTGAG.1",8
"X1_TCTACCGTCGCTACGG.1",2
"X1_TCTACCGTCGGTAACT.1",1000
"X1_TCTACCGTCGGTGAAG.1",4
"X1_TCTACCGTCGTTAGAC.1",7
"X1_TCTACCGTCTCGTCAC.1",3
"X1_TCTATACAGACAGCTG.1",1000
"X1_TCTATACAGCACTTTG.1",3
"X1_TCTATACAGCCATCCG.1",1
"X1_TCTATACAGCGAGTAC.1",3
"X1_TCTATACAGCGGCTCT.1",3
"X1_TCTATACAGGCACCAA.1",3
"X1_TCTATACAGGCTAACG.1",1000
"X1_TCTATACAGGGATCGT.1",7
"X1_TCTATACAGTCACGAG.1",4
"X1_TCTATACAGTCGAGGT.1",7
"X1_TCTATACAGTGCAACG.1",4
"X1_TCTATACCAAGAGGTC.1",3
"X1_TCTATACCAAGAGTTA.1",7
"X1_TCTATACCACCTAAAC.1",7
"X1_TCTATACCACGATAGG.1",7
"X1_TCTATACCACGATTCA.1",3
"X1_TCTATACCAGGCGTTC.1",5
"X1_TCTATACCATAGTCGT.1",4
"X1_TCTATACCATCCGGTG.1",5
"X1_TCTATACCATCGGATT.1",3
"X1_TCTATACGTGAAAGTT.1",7
"X1_TCTATACGTGATGGCA.1",1000
"X1_TCTATACGTGCCTGAC.1",1000
"X1_TCTATACGTGGATACG.1",5
"X1_TCTATACGTTGTTGCA.1",1000
"X1_TCTATACTCACTCTTA.1",1
"X1_TCTATACTCCATTTGT.1",1000
"X1_TCTATACTCGGATTAC.1",1000
"X1_TCTATACTCGTTGTGA.1",3
"X1_TCTATACTCTACTGCC.1",7
"X1_TCTATACTCTCGGTAA.1",7
"X1_TCTATACTCTGTAACG.1",1000
"X1_TCTATACTCTTCTGTA.1",3
"X1_TCTATCAAGACCTGGA.1",7
"X1_TCTATCAAGACTTCAC.1",7
"X1_TCTATCAAGATTCGCT.1",3
"X1_TCTATCAAGCTTTGTG.1",6
"X1_TCTATCAAGGAACTCG.1",1000
"X1_TCTATCAAGGCTCTAT.1",3
"X1_TCTATCAAGGTAAGAG.1",8
"X1_TCTATCAAGTGTAGTA.1",1000
"X1_TCTATCACAAACTCGT.1",7
"X1_TCTATCACAAGCGATG.1",1000
"X1_TCTATCACACGTACTA.1",0
"X1_TCTATCACAGGTGGAT.1",8
"X1_TCTATCACAGTGTGGA.1",1
"X1_TCTATCACATTGACCA.1",1000
"X1_TCTATCAGTACGACAG.1",3
"X1_TCTATCAGTACGGGAT.1",6
"X1_TCTATCAGTACTCCCT.1",5
"X1_TCTATCAGTATCGCAT.1",4
"X1_TCTATCAGTGACGCCT.1",4
"X1_TCTATCAGTGACTGAG.1",4
"X1_TCTATCAGTGCATCTA.1",7
"X1_TCTATCAGTGGCACTC.1",2
"X1_TCTATCAGTTAAGACA.1",6
"X1_TCTATCAGTTCTCCTG.1",6
"X1_TCTATCAGTTTCGTAG.1",1000
"X1_TCTATCATCAGCATTG.1",2
"X1_TCTATCATCCATACAG.1",6
"X1_TCTATCATCCATGAGT.1",4
"X1_TCTATCATCCGGTAAT.1",5
"X1_TCTATCATCCGTAATG.1",4
"X1_TCTATCATCGCACGGT.1",7
"X1_TCTATCATCGTAGAGG.1",3
"X1_TCTATCATCTCGTTTA.1",8
"X1_TCTATCATCTGGGATT.1",1000
"X1_TCTCACGAGAAAGTCT.1",4
"X1_TCTCACGAGACAAGCC.1",1
"X1_TCTCACGAGATGCAGC.1",8
"X1_TCTCACGAGATGCCGA.1",4
"X1_TCTCACGAGCCTAACT.1",1000
"X1_TCTCACGAGCTTACGT.1",4
"X1_TCTCACGAGGTATTGA.1",3
"X1_TCTCACGCAACAGCCC.1",7
"X1_TCTCACGCAACGGTAG.1",7
"X1_TCTCACGCACCAGTTA.1",7
"X1_TCTCACGCACTAGGCC.1",3
"X1_TCTCACGCACTCCGGA.1",3
"X1_TCTCACGCAGGCCCTA.1",1000
"X1_TCTCACGCAGTCTACA.1",4
"X1_TCTCACGCATATGCGT.1",5
"X1_TCTCACGCATCGCCTT.1",1000
"X1_TCTCACGCATGACTAC.1",5
"X1_TCTCACGCATTATGCG.1",4
"X1_TCTCACGGTAGCGTTT.1",1000
"X1_TCTCACGGTAGCTCGC.1",8
"X1_TCTCACGGTCATATGC.1",6
"X1_TCTCACGGTCCGGTGT.1",3
"X1_TCTCACGGTGGATGAC.1",2
"X1_TCTCACGTCACCTCTG.1",6
"X1_TCTCACGTCCGGACGT.1",2
"X1_TCTCACGTCCGTGTAA.1",8
"X1_TCTCACGTCCGTTGAA.1",6
"X1_TCTCACGTCCTGGGTG.1",6
"X1_TCTCACGTCGCTCTAC.1",8
"X1_TCTCAGCAGACGCATG.1",2
"X1_TCTCAGCAGAGAGGTA.1",3
"X1_TCTCAGCAGGAGAATG.1",8
"X1_TCTCAGCAGGGTTAAT.1",1
"X1_TCTCAGCAGGTGTGAC.1",7
"X1_TCTCAGCAGTAACCTC.1",4
"X1_TCTCAGCAGTACGTCT.1",4
"X1_TCTCAGCAGTGCAAAT.1",1000
"X1_TCTCAGCAGTTAGTGA.1",3
"X1_TCTCAGCCAAGCACAG.1",3
"X1_TCTCAGCCAATCTAGC.1",4
"X1_TCTCAGCCACGGCTAC.1",4
"X1_TCTCAGCCACGTATAC.1",8
"X1_TCTCAGCCAGATCCTA.1",3
"X1_TCTCAGCCATCCAACA.1",7
"X1_TCTCAGCCATTATGCG.1",1000
"X1_TCTCAGCGTACTCCCT.1",8
"X1_TCTCAGCGTACTGGGA.1",1000
"X1_TCTCAGCGTAGCTGTT.1",8
"X1_TCTCAGCGTATGTCAC.1",6
"X1_TCTCAGCGTCATCTAG.1",7
"X1_TCTCAGCGTGGTCCCA.1",5
"X1_TCTCAGCGTTCAGTAC.1",8
"X1_TCTCAGCTCCTAAGTG.1",1000
"X1_TCTCAGCTCCTACGGG.1",8
"X1_TCTCAGCTCGAAATCC.1",1000
"X1_TCTCAGCTCGTAATGC.1",7
"X1_TCTCAGCTCTGTCGTC.1",3
"X1_TCTCCGAAGACCGCCT.1",7
"X1_TCTCCGAAGAGTGTTA.1",7
"X1_TCTCCGAAGCGTTCAT.1",2
"X1_TCTCCGAAGGTAGTCG.1",7
"X1_TCTCCGAAGTATTAGG.1",8
"X1_TCTCCGAAGTCGGGAT.1",1000
"X1_TCTCCGACAAACACCT.1",7
"X1_TCTCCGACAAACGAGC.1",2
"X1_TCTCCGACAACCAATC.1",4
"X1_TCTCCGACAACGAGGT.1",6
"X1_TCTCCGACAAGTGCAG.1",1000
"X1_TCTCCGACACACCTGG.1",3
"X1_TCTCCGACACAGGATG.1",0
"X1_TCTCCGACACATCATG.1",1000
"X1_TCTCCGACACTGGCCA.1",8
"X1_TCTCCGACAGATCATC.1",5
"X1_TCTCCGACAGATTTCG.1",8
"X1_TCTCCGACAGCATCTA.1",6
"X1_TCTCCGACAGGTCTCG.1",5
"X1_TCTCCGACAGTTTCGA.1",7
"X1_TCTCCGAGTAACGTTC.1",0
"X1_TCTCCGAGTAAGAACT.1",6
"X1_TCTCCGAGTACGGCAA.1",1000
"X1_TCTCCGAGTATGCGGA.1",8
"X1_TCTCCGAGTCGGAAAC.1",7
"X1_TCTCCGAGTCGTACTA.1",3
"X1_TCTCCGAGTCTAGGTT.1",1000
"X1_TCTCCGAGTGCCTGCA.1",8
"X1_TCTCCGAGTTAAGGAT.1",1000
"X1_TCTCCGAGTTCGTGCG.1",2
"X1_TCTCCGAGTTGCTCGG.1",3
"X1_TCTCCGAGTTGGTGTT.1",7
"X1_TCTCCGATCACCTTGC.1",4
"X1_TCTCCGATCACTCTTA.1",1000
"X1_TCTCCGATCAGAGCAG.1",4
"X1_TCTCCGATCATACGAC.1",7
"X1_TCTCCGATCATTCACT.1",0
"X1_TCTCCGATCCACCTGT.1",7
"X1_TCTCCGATCCACTGGG.1",1000
"X1_TCTCCGATCCAGCAAT.1",1000
"X1_TCTCCGATCCATTTCA.1",1000
"X1_TCTCCGATCCCGTGTT.1",0
"X1_TCTCCGATCCGACGGT.1",8
"X1_TCTCCGATCCTAGCGG.1",8
"X1_TCTCCGATCGATACGT.1",1000
"X1_TCTCCGATCGGTGCAC.1",4
"X1_TCTCCGATCGTGCATA.1",8
"X1_TCTCCGATCGTTACCC.1",1
"X1_TCTCCGATCTTCACGC.1",4
"X1_TCTCTGGAGACGCTCC.1",2
"X1_TCTCTGGAGAGAGGGC.1",1000
"X1_TCTCTGGAGAGCAGTC.1",8
"X1_TCTCTGGAGCACAAAT.1",1000
"X1_TCTCTGGAGCACCGAA.1",1000
"X1_TCTCTGGAGCCTCCAG.1",8
"X1_TCTCTGGAGCTAATGA.1",7
"X1_TCTCTGGAGCTGACCC.1",7
"X1_TCTCTGGAGCTGAGTG.1",8
"X1_TCTCTGGAGGTTTGAA.1",0
"X1_TCTCTGGCAAGGGTCA.1",1000
"X1_TCTCTGGCAATAGTAG.1",5
"X1_TCTCTGGCAATGGCCC.1",1000
"X1_TCTCTGGCACAAATAG.1",2
"X1_TCTCTGGCACACACTA.1",8
"X1_TCTCTGGCACAGCCAC.1",1000
"X1_TCTCTGGCACCCTAAA.1",1
"X1_TCTCTGGCACTCGATA.1",4
"X1_TCTCTGGCAGCGCTTG.1",7
"X1_TCTCTGGCATCCGGTG.1",4
"X1_TCTCTGGCATCTGCGG.1",3
"X1_TCTCTGGGTACGATTC.1",7
"X1_TCTCTGGGTACTCAAC.1",1000
"X1_TCTCTGGGTAGCTGTT.1",1000
"X1_TCTCTGGGTATTCCGA.1",1000
"X1_TCTCTGGGTGCTCTCT.1",1
"X1_TCTCTGGTCACACCCT.1",7
"X1_TCTCTGGTCACCGGTG.1",2
"X1_TCTCTGGTCCAACCGG.1",3
"X1_TCTCTGGTCGACACTA.1",4
"X1_TCTCTGGTCGTTATCT.1",3
"X1_TCTGCCAAGACAGCTG.1",5
"X1_TCTGCCAAGAGTTGTA.1",4
"X1_TCTGCCAAGCACTGGA.1",7
"X1_TCTGCCAAGCATTGTC.1",0
"X1_TCTGCCAAGCTGCGAA.1",0
"X1_TCTGCCAAGCTGTTAC.1",1000
"X1_TCTGCCAAGGAAACGA.1",8
"X1_TCTGCCAAGGTATCTC.1",5
"X1_TCTGCCAAGGTTGGTG.1",1000
"X1_TCTGCCAAGTCGTCTA.1",4
"X1_TCTGCCAAGTTCGGTT.1",3
"X1_TCTGCCACAATTGCCA.1",7
"X1_TCTGCCACACTAACGT.1",8
"X1_TCTGCCACACTGGATT.1",1000
"X1_TCTGCCACAGCAGATG.1",5
"X1_TCTGCCACAGCGGTTC.1",0
"X1_TCTGCCACAGTATACC.1",1000
"X1_TCTGCCACATAACTCG.1",8
"X1_TCTGCCACATCTCATT.1",1
"X1_TCTGCCACATTGCCGG.1",1000
"X1_TCTGCCAGTACCAGAG.1",1000
"X1_TCTGCCAGTAGGTAGC.1",1000
"X1_TCTGCCAGTAGTTCCA.1",1000
"X1_TCTGCCAGTCACCGCA.1",1000
"X1_TCTGCCAGTCCGCAGT.1",8
"X1_TCTGCCAGTCCTGTCT.1",3
"X1_TCTGCCAGTTACAGCT.1",5
"X1_TCTGCCAGTTCCGCTT.1",0
"X1_TCTGCCATCCCGTGAG.1",7
"X1_TCTGCCATCCGGCAAC.1",1000
"X1_TCTGCCATCCGTGGGT.1",7
"X1_TCTGCCATCGCAATGT.1",3
"X1_TCTGCCATCGCCAGTG.1",5
"X1_TCTGCCATCGTCGCTT.1",8
"X1_TCTGCCATCGTTACCC.1",8
"X1_TCTGCCATCTCCCAAC.1",0
"X1_TCTGCCATCTCGCTTG.1",7
"X1_TCTGCCATCTTAAGGC.1",3
"X1_TCTGCCATCTTGGGCG.1",8
"X1_TCTGGCTAGAAGGCTC.1",1000
"X1_TCTGGCTAGATAGTGT.1",5
"X1_TCTGGCTAGGAGCTGT.1",8
"X1_TCTGGCTAGGCTTTCA.1",4
"X1_TCTGGCTAGGTTCCAT.1",3
"X1_TCTGGCTCAAAGGGTC.1",1000
"X1_TCTGGCTCAACCGACC.1",1000
"X1_TCTGGCTCACACCTTC.1",3
"X1_TCTGGCTCACGAAGAC.1",6
"X1_TCTGGCTCAGATACTC.1",7
"X1_TCTGGCTCAGGCTACC.1",4
"X1_TCTGGCTCAGTAGTTC.1",7
"X1_TCTGGCTCAGTGGTGA.1",1
"X1_TCTGGCTGTAGGAAAG.1",5
"X1_TCTGGCTGTAGTCTTG.1",6
"X1_TCTGGCTGTATCGGTT.1",3
"X1_TCTGGCTGTCGATTCA.1",7
"X1_TCTGGCTGTCTTTCTA.1",5
"X1_TCTGGCTGTGAACTAA.1",7
"X1_TCTGGCTGTGTCTTAG.1",1
"X1_TCTGGCTGTTAGGAGC.1",4
"X1_TCTGGCTGTTGGAGGT.1",1000
"X1_TCTGGCTTCAAGGAGC.1",8
"X1_TCTGGCTTCACTACTT.1",8
"X1_TCTGGCTTCAGCTGTA.1",8
"X1_TCTGGCTTCAGTGTTG.1",4
"X1_TCTGGCTTCGGAGATG.1",7
"X1_TCTGGCTTCGTCGATA.1",8
"X1_TCTGGCTTCTACCTTA.1",1000
"X1_TCTGGCTTCTCGCCTA.1",1000
"X1_TCTGGCTTCTGAATGC.1",3
"X1_TCTGGCTTCTTTGGAG.1",7
"X1_TCTGTCGAGATGAACT.1",8
"X1_TCTGTCGAGCAATAAC.1",7
"X1_TCTGTCGAGCACTAAA.1",7
"X1_TCTGTCGAGCCTCAGC.1",6
"X1_TCTGTCGAGCTTGTTG.1",8
"X1_TCTGTCGAGCTTTCCC.1",1000
"X1_TCTGTCGAGGGCGAGA.1",7
"X1_TCTGTCGAGTGAGTGC.1",1000
"X1_TCTGTCGCAAACGTGG.1",7
"X1_TCTGTCGCAAAGAACT.1",1000
"X1_TCTGTCGCAACAGCCC.1",3
"X1_TCTGTCGCAACGTAAA.1",3
"X1_TCTGTCGCAACTGTGT.1",6
"X1_TCTGTCGCAAGAGTGC.1",3
"X1_TCTGTCGCACACGTGC.1",1000
"X1_TCTGTCGCACGTATAC.1",7
"X1_TCTGTCGCACTATCCC.1",1000
"X1_TCTGTCGGTAATGCTC.1",1000
"X1_TCTGTCGGTAGAGACC.1",4
"X1_TCTGTCGGTAGCCAGA.1",1000
"X1_TCTGTCGGTAGCGTAG.1",1000
"X1_TCTGTCGGTCAGATTC.1",4
"X1_TCTGTCGGTCCCGCAA.1",6
"X1_TCTGTCGGTGTACAGG.1",8
"X1_TCTGTCGGTTAGAAAC.1",6
"X1_TCTGTCGGTTAGAGTA.1",1
"X1_TCTGTCGGTTGGGCCT.1",7
"X1_TCTGTCGTCAAGGACG.1",5
"X1_TCTGTCGTCAATCCAG.1",8
"X1_TCTGTCGTCCATAAGC.1",1000
"X1_TCTGTCGTCCTAGCTC.1",2
"X1_TCTGTCGTCCTTGGAA.1",4
"X1_TCTGTCGTCGAGAACG.1",3
"X1_TCTGTCGTCGATAACC.1",1000
"X1_TCTGTCGTCGCCGATG.1",3
"X1_TCTGTCGTCGGAGCAA.1",6
"X1_TCTTAGTAGACTCGAG.1",7
"X1_TCTTAGTAGAGTTGAT.1",3
"X1_TCTTAGTAGCACACAG.1",7
"X1_TCTTAGTAGCCAGACA.1",2
"X1_TCTTAGTAGGATTACA.1",0
"X1_TCTTAGTAGGCTTAAA.1",1000
"X1_TCTTAGTAGGGTAGCT.1",7
"X1_TCTTAGTAGGTCCGAA.1",8
"X1_TCTTAGTCAACCCTCT.1",7
"X1_TCTTAGTCAACCGTAT.1",6
"X1_TCTTAGTCAATAGTGA.1",2
"X1_TCTTAGTCACACCTTC.1",5
"X1_TCTTAGTCACATACTG.1",1000
"X1_TCTTAGTCACGGGCTT.1",8
"X1_TCTTAGTCAGGAATAT.1",5
"X1_TCTTAGTCAGGAGGAG.1",1000
"X1_TCTTAGTCAGTCCCGA.1",1000
"X1_TCTTAGTCATCCAATG.1",4
"X1_TCTTAGTGTAGATCGG.1",5
"X1_TCTTAGTGTAGTTACC.1",1000
"X1_TCTTAGTGTCACGTGC.1",1
"X1_TCTTAGTGTCCTTGTC.1",1
"X1_TCTTAGTGTCGGCCTA.1",2
"X1_TCTTAGTGTGAACTAA.1",8
"X1_TCTTAGTGTGCTAGCC.1",1000
"X1_TCTTAGTGTGTCCAAT.1",5
"X1_TCTTAGTGTTCCAGGC.1",7
"X1_TCTTAGTGTTGGGTTT.1",5
"X1_TCTTAGTGTTGTTGAC.1",7
"X1_TCTTAGTTCAACACCA.1",4
"X1_TCTTAGTTCCATACTT.1",1000
"X1_TCTTAGTTCCCTTGTG.1",2
"X1_TCTTAGTTCGCGGACT.1",4
"X1_TCTTAGTTCTTGTTAC.1",8
"X1_TCTTCCTAGACGAAGA.1",1000
"X1_TCTTCCTAGACTGAGC.1",1000
"X1_TCTTCCTAGCCTCTCT.1",0
"X1_TCTTCCTAGCGAGAAA.1",4
"X1_TCTTCCTAGGGACACT.1",1000
"X1_TCTTCCTCAAATGATG.1",4
"X1_TCTTCCTCAAATTAGG.1",8
"X1_TCTTCCTCAATTGCAC.1",1000
"X1_TCTTCCTCACATTGTG.1",1000
"X1_TCTTCCTCACCATTCC.1",7
"X1_TCTTCCTCACCCTCTA.1",2
"X1_TCTTCCTCACTACTTT.1",1000
"X1_TCTTCCTCAGAGGAAA.1",0
"X1_TCTTCCTCAGCTGGTC.1",8
"X1_TCTTCCTCAGTTCCAA.1",3
"X1_TCTTCCTCATCACGGC.1",4
"X1_TCTTCCTCATGGAATA.1",1000
"X1_TCTTCCTGTACACTCA.1",2
"X1_TCTTCCTGTAGGAGTC.1",8
"X1_TCTTCCTGTATGAAAC.1",1
"X1_TCTTCCTGTCGAAGCA.1",1000
"X1_TCTTCCTGTCGTATTG.1",1000
"X1_TCTTCCTGTCTACAGT.1",8
"X1_TCTTCCTGTCTTGAAC.1",8
"X1_TCTTCCTGTGCGACAA.1",4
"X1_TCTTCCTGTGGTATGG.1",3
"X1_TCTTCCTGTTACCTTT.1",2
"X1_TCTTCCTGTTGCATAC.1",6
"X1_TCTTCCTGTTGCGGAA.1",4
"X1_TCTTCCTTCAAGCTTG.1",1000
"X1_TCTTCCTTCACTGGTA.1",3
"X1_TCTTCCTTCAGATTGC.1",5
"X1_TCTTCCTTCAGCATTG.1",5
"X1_TCTTCCTTCGTCAACA.1",7
"X1_TCTTCCTTCGTTCCTG.1",1000
"X1_TCTTCCTTCTATCGCC.1",2
"X1_TCTTCCTTCTCCCATG.1",1000
"X1_TCTTCCTTCTGCGGCA.1",7
"X1_TCTTCCTTCTTCCCAG.1",6
"X1_TCTTGCGAGAAGTCTA.1",7
"X1_TCTTGCGAGAATACAC.1",4
"X1_TCTTGCGAGACATAAC.1",5
"X1_TCTTGCGAGACTTGTC.1",1000
"X1_TCTTGCGAGAGGATGA.1",1000
"X1_TCTTGCGAGATGTTGA.1",4
"X1_TCTTGCGAGCGATGGT.1",4
"X1_TCTTGCGAGCTGGAGT.1",8
"X1_TCTTGCGAGGAATCGC.1",1000
"X1_TCTTGCGAGGTTCACT.1",6
"X1_TCTTGCGAGTGGTGAC.1",3
"X1_TCTTGCGCAAGGCGTA.1",1000
"X1_TCTTGCGCAATAGAGT.1",1000
"X1_TCTTGCGCAGCTGAAG.1",3
"X1_TCTTGCGCAGTCACGC.1",4
"X1_TCTTGCGCATCCCACT.1",1000
"X1_TCTTGCGCATCGCCTT.1",1
"X1_TCTTGCGCATTGAAGA.1",5
"X1_TCTTGCGGTAGGTTTC.1",1000
"X1_TCTTGCGGTAGTCCTA.1",8
"X1_TCTTGCGGTATCATGC.1",1000
"X1_TCTTGCGGTCCTCCTA.1",1000
"X1_TCTTGCGGTGCATACT.1",0
"X1_TCTTGCGGTGTCCTAA.1",7
"X1_TCTTGCGGTTAGTTCG.1",7
"X1_TCTTGCGGTTGAGGAC.1",1000
"X1_TCTTGCGTCCGAGTGC.1",4
"X1_TCTTGCGTCGACACTA.1",1000
"X1_TCTTGCGTCTGCTGAA.1",8
"X1_TCTTTGAAGACATCAA.1",0
"X1_TCTTTGAAGAGTAACT.1",6
"X1_TCTTTGAAGCAAGGAA.1",5
"X1_TCTTTGAAGCGTCAAG.1",8
"X1_TCTTTGAAGTGGAATT.1",5
"X1_TCTTTGACAACATACC.1",1
"X1_TCTTTGACACAGTACT.1",7
"X1_TCTTTGACACCTAAAC.1",8
"X1_TCTTTGACACGAGAAC.1",8
"X1_TCTTTGACAGGAATCG.1",4
"X1_TCTTTGACAGGCTTGC.1",7
"X1_TCTTTGACATCGGAGA.1",1000
"X1_TCTTTGAGTACAATAG.1",5
"X1_TCTTTGAGTAGCGAGT.1",1000
"X1_TCTTTGAGTCCAAAGG.1",4
"X1_TCTTTGAGTCCTTGTC.1",7
"X1_TCTTTGAGTCGCCACA.1",5
"X1_TCTTTGAGTGACACGA.1",1000
"X1_TCTTTGAGTGGAATGC.1",1000
"X1_TCTTTGAGTTAGAGAT.1",7
"X1_TCTTTGAGTTGCCTAA.1",8
"X1_TCTTTGATCACATACG.1",4
"X1_TCTTTGATCATCAGTG.1",0
"X1_TCTTTGATCCGGACGT.1",5
"X1_TCTTTGATCGGTCGGT.1",8
"X1_TGAACGTAGAAGGATG.1",8
"X1_TGAACGTAGCGCCTCA.1",1000
"X1_TGAACGTAGCGTCGAA.1",4
"X1_TGAACGTAGCTGACCC.1",8
"X1_TGAACGTAGGATTCAA.1",5
"X1_TGAACGTAGTGTAGTA.1",2
"X1_TGAACGTAGTTGTAAG.1",8
"X1_TGAACGTCAAATGGCG.1",8
"X1_TGAACGTCAGAATCGG.1",4
"X1_TGAACGTCAGCGACCT.1",1000
"X1_TGAACGTCAGCGTGCT.1",1000
"X1_TGAACGTCAGGGTCTC.1",2
"X1_TGAACGTCAGTCTACA.1",4
"X1_TGAACGTCATAGAATG.1",1000
"X1_TGAACGTCATCAACCA.1",4
"X1_TGAACGTCATGCACTA.1",1000
"X1_TGAACGTGTATAGGAT.1",7
"X1_TGAACGTGTATTTCGG.1",8
"X1_TGAACGTGTCACAGTT.1",4
"X1_TGAACGTGTCACCACG.1",1000
"X1_TGAACGTGTCCGCAGT.1",5
"X1_TGAACGTGTGAGCAGT.1",4
"X1_TGAACGTGTTGCTAGT.1",1000
"X1_TGAACGTGTTGTGCCG.1",5
"X1_TGAACGTTCCATCTGC.1",8
"X1_TGAACGTTCCCAAGTA.1",1000
"X1_TGAACGTTCGTAATGC.1",3
"X1_TGAACGTTCTAGAGCT.1",4
"X1_TGAACGTTCTTAAGGC.1",2
"X1_TGAATCGAGACACACG.1",8
"X1_TGAATCGAGATGGTAT.1",3
"X1_TGAATCGAGCACTGGA.1",1000
"X1_TGAATCGAGCTAAATG.1",7
"X1_TGAATCGAGCTGTTCA.1",7
"X1_TGAATCGAGTCTGGTT.1",8
"X1_TGAATCGAGTGTTCCA.1",1000
"X1_TGAATCGAGTTAACGA.1",7
"X1_TGAATCGCAAATCAGA.1",1000
"X1_TGAATCGCAAGGCAAC.1",4
"X1_TGAATCGCAATCTAGC.1",8
"X1_TGAATCGCACTGTCGG.1",1000
"X1_TGAATCGCAGCATCTA.1",6
"X1_TGAATCGCAGGACTAG.1",8
"X1_TGAATCGCAGGCAATG.1",7
"X1_TGAATCGCATCCCACT.1",8
"X1_TGAATCGGTACGTGAG.1",4
"X1_TGAATCGGTAGTGATA.1",8
"X1_TGAATCGGTATCCTCC.1",4
"X1_TGAATCGGTCACCGCA.1",1000
"X1_TGAATCGGTCGCTCGA.1",1
"X1_TGAATCGGTGCTCCGA.1",3
"X1_TGAATCGGTGTGTGTT.1",8
"X1_TGAATCGTCACACCCT.1",7
"X1_TGAATCGTCACTCACC.1",1000
"X1_TGAATCGTCATCACCC.1",5
"X1_TGAATCGTCCAAGCAT.1",1
"X1_TGAATCGTCCGAGATT.1",8
"X1_TGAATCGTCGAGAGAC.1",5
"X1_TGAATCGTCGGAGTGA.1",1000
"X1_TGAATGCAGAGAACCC.1",8
"X1_TGAATGCAGCCATTTG.1",2
"X1_TGAATGCAGCGAACTG.1",3
"X1_TGAATGCAGGTTTACC.1",1
"X1_TGAATGCAGTGTTGAA.1",1000
"X1_TGAATGCCAAAGGAGA.1",7
"X1_TGAATGCCAATCCTTT.1",8
"X1_TGAATGCCACTGCACG.1",7
"X1_TGAATGCCATCACAGT.1",7
"X1_TGAATGCCATCTTTCA.1",1000
"X1_TGAATGCGTACTCGTA.1",1000
"X1_TGAATGCGTCAATCTG.1",3
"X1_TGAATGCGTCCGGCAT.1",1000
"X1_TGAATGCGTTTAGACC.1",8
"X1_TGAATGCTCAGTCCGG.1",1000
"X1_TGAATGCTCCATCTGC.1",1000
"X1_TGAATGCTCCGACATA.1",1000
"X1_TGAATGCTCGCAGATT.1",1000
"X1_TGAATGCTCGCCAATA.1",1000
"X1_TGAATGCTCGCTAAAC.1",8
"X1_TGAATGCTCTAGAACC.1",1000
"X1_TGAATGCTCTCTGAGA.1",1000
"X1_TGAATGCTCTGCACCT.1",3
"X1_TGACAGTAGCAGCACA.1",4
"X1_TGACAGTAGCCAGAGT.1",6
"X1_TGACAGTAGCCTCCAG.1",8
"X1_TGACAGTAGCTGTTAC.1",1000
"X1_TGACAGTAGGCCCACT.1",1000
"X1_TGACAGTAGGTAGCCA.1",6
"X1_TGACAGTAGTGCAACG.1",8
"X1_TGACAGTAGTTCATCG.1",4
"X1_TGACAGTCAAACCACT.1",7
"X1_TGACAGTCAAACTGCT.1",3
"X1_TGACAGTCAATAGTGA.1",1000
"X1_TGACAGTCACAAATGA.1",8
"X1_TGACAGTCACTGCACG.1",3
"X1_TGACAGTCAGAATGTA.1",7
"X1_TGACAGTCAGGAAGTC.1",4
"X1_TGACAGTCAGTCTTCC.1",2
"X1_TGACAGTCATAGAGGC.1",7
"X1_TGACAGTCATAGATCC.1",3
"X1_TGACAGTCATCAGCAT.1",6
"X1_TGACAGTCATCCCACT.1",3
"X1_TGACAGTGTACGCTAT.1",7
"X1_TGACAGTGTCCTTGTC.1",3
"X1_TGACAGTGTCGATTTG.1",1
"X1_TGACAGTGTGAAAGTT.1",1000
"X1_TGACAGTGTGAGAGGG.1",8
"X1_TGACAGTGTGCGCTCA.1",5
"X1_TGACAGTGTGGTATGG.1",0
"X1_TGACAGTGTGTCCAAT.1",8
"X1_TGACAGTGTTCTCGTC.1",7
"X1_TGACAGTGTTGGGCCT.1",8
"X1_TGACAGTTCAGACTGT.1",1000
"X1_TGACAGTTCAGAGCGA.1",1
"X1_TGACAGTTCAGTCACA.1",1000
"X1_TGACAGTTCCATTCGC.1",1000
"X1_TGACAGTTCCATTTCA.1",8
"X1_TGACAGTTCCGTCAAA.1",3
"X1_TGACAGTTCGCTAAAC.1",7
"X1_TGACAGTTCGCTGATA.1",1
"X1_TGACAGTTCGTGGGAA.1",2
"X1_TGACAGTTCTCGGTCT.1",2
"X1_TGACAGTTCTTACCGC.1",8
"X1_TGACCCTAGACAGCTG.1",1000
"X1_TGACCCTAGATGGGCT.1",1000
"X1_TGACCCTAGCCTGCCA.1",7
"X1_TGACCCTAGCGTTCCG.1",5
"X1_TGACCCTAGGAGCTGT.1",6
"X1_TGACCCTAGGGAGGTG.1",1000
"X1_TGACCCTAGGGTTGCA.1",7
"X1_TGACCCTAGTATGACA.1",7
"X1_TGACCCTAGTCCGCGT.1",8
"X1_TGACCCTAGTGAATAC.1",3
"X1_TGACCCTAGTTCTCTT.1",1000
"X1_TGACCCTCAACCGCCA.1",7
"X1_TGACCCTCAATACAGA.1",3
"X1_TGACCCTCACACCTTC.1",1000
"X1_TGACCCTCACATCCCT.1",1000
"X1_TGACCCTCACCCTCTA.1",6
"X1_TGACCCTCACTCCCTA.1",1
"X1_TGACCCTCAGAGAAAG.1",7
"X1_TGACCCTCAGAGTCAG.1",8
"X1_TGACCCTCAGTAGATA.1",2
"X1_TGACCCTCAGTGTACT.1",7
"X1_TGACCCTCATAGCTGT.1",2
"X1_TGACCCTGTACTGTTG.1",7
"X1_TGACCCTGTGCGTTTA.1",1000
"X1_TGACCCTGTGGAAGTC.1",5
"X1_TGACCCTGTGGCCTCA.1",7
"X1_TGACCCTGTGTCCGGT.1",6
"X1_TGACCCTGTTCGTTCC.1",1000
"X1_TGACCCTTCACCCTCA.1",4
"X1_TGACCCTTCAGGGATG.1",4
"X1_TGACCCTTCAGTCAGT.1",1000
"X1_TGACCCTTCCCTCTTT.1",2
"X1_TGACCCTTCGCGTGCA.1",4
"X1_TGACCCTTCGGACTTA.1",5
"X1_TGACCCTTCGTCAGAT.1",1000
"X1_TGACCCTTCTCTGCCA.1",1000
"X1_TGACCCTTCTGCGGAC.1",7
"X1_TGACGCGAGACCCTTA.1",8
"X1_TGACGCGAGCACCTGC.1",2
"X1_TGACGCGAGCCGAACA.1",0
"X1_TGACGCGAGCTGTACT.1",3
"X1_TGACGCGAGCTTAAGA.1",4
"X1_TGACGCGAGGCTCTCG.1",2
"X1_TGACGCGAGGGCTAAC.1",3
"X1_TGACGCGAGGGTTGCA.1",8
"X1_TGACGCGAGTCGAAAT.1",4
"X1_TGACGCGCAATAACCC.1",1000
"X1_TGACGCGCAGTCAGTT.1",4
"X1_TGACGCGCATACTGAC.1",7
"X1_TGACGCGCATTGCAAC.1",2
"X1_TGACGCGGTACCAATC.1",4
"X1_TGACGCGGTACTGACT.1",7
"X1_TGACGCGGTAGCGCTC.1",1000
"X1_TGACGCGGTAGGTAGC.1",8
"X1_TGACGCGGTCCATACA.1",3
"X1_TGACGCGGTCCTGAAT.1",1000
"X1_TGACGCGGTCTTGAAC.1",1000
"X1_TGACGCGGTGATCATC.1",1000
"X1_TGACGCGGTTGCTGAT.1",1000
"X1_TGACGCGTCAACTGAC.1",4
"X1_TGACGCGTCCCTTGGT.1",4
"X1_TGACGCGTCGATACTG.1",7
"X1_TGACGCGTCTCTCTAA.1",4
"X1_TGACGCGTCTTAAGGC.1",1000
"X1_TGACTCCAGCTCGAAG.1",1000
"X1_TGACTCCAGTCACGCC.1",3
"X1_TGACTCCAGTCTCTGA.1",7
"X1_TGACTCCAGTTCACTG.1",3
"X1_TGACTCCCAACCAACT.1",8
"X1_TGACTCCCACATAGCT.1",1000
"X1_TGACTCCCACTCCGGA.1",1000
"X1_TGACTCCCAGCACACC.1",0
"X1_TGACTCCCAGCATTGT.1",1000
"X1_TGACTCCCAGCCCACA.1",8
"X1_TGACTCCCAGTCGTTA.1",1000
"X1_TGACTCCCATTCAGCA.1",4
"X1_TGACTCCGTACGTACT.1",8
"X1_TGACTCCGTATTCTCT.1",3
"X1_TGACTCCGTCGGAACA.1",0
"X1_TGACTCCGTGTCATCA.1",7
"X1_TGACTCCGTTTCACTT.1",7
"X1_TGACTCCTCAACACGT.1",1000
"X1_TGACTCCTCCAAGGGA.1",1000
"X1_TGACTCCTCCAGTACA.1",8
"X1_TGACTCCTCGCACGGT.1",6
"X1_TGACTCCTCGCTGCGA.1",4
"X1_TGACTCCTCTTTGGAG.1",8
"X1_TGAGACTAGACTTAAG.1",4
"X1_TGAGACTAGAGGGCGA.1",4
"X1_TGAGACTAGAGTAACT.1",1000
"X1_TGAGACTAGATGCTAA.1",4
"X1_TGAGACTAGCGTGCTC.1",3
"X1_TGAGACTAGCTCTGTA.1",1000
"X1_TGAGACTAGGATACGC.1",7
"X1_TGAGACTCAACCACGC.1",7
"X1_TGAGACTCAACGGCCT.1",4
"X1_TGAGACTCAAGAATGT.1",1000
"X1_TGAGACTCACCCTAAA.1",4
"X1_TGAGACTCACGTGAGA.1",1000
"X1_TGAGACTCACTCTCGT.1",5
"X1_TGAGACTCAGACACAG.1",6
"X1_TGAGACTCAGACTCTA.1",4
"X1_TGAGACTCATCCGCGA.1",4
"X1_TGAGACTGTATGATCC.1",7
"X1_TGAGACTGTCACATTG.1",1000
"X1_TGAGACTGTCTGATAC.1",7
"X1_TGAGACTGTGAAGCGT.1",1000
"X1_TGAGACTGTTCAGCTA.1",1000
"X1_TGAGACTTCCAACCGG.1",1000
"X1_TGAGACTTCCTTACCG.1",8
"X1_TGAGACTTCGCGTTTC.1",8
"X1_TGAGACTTCGGATTAC.1",8
"X1_TGAGACTTCTCATTTG.1",8
"X1_TGAGACTTCTCGTGAA.1",2
"X1_TGAGACTTCTGAGATC.1",3
"X1_TGAGCATAGAAGTGTT.1",7
"X1_TGAGCATAGAATAACC.1",8
"X1_TGAGCATAGCACACCC.1",4
"X1_TGAGCATAGCCTTTGA.1",8
"X1_TGAGCATAGGAGCAAA.1",3
"X1_TGAGCATAGGATCACG.1",1000
"X1_TGAGCATAGGCTCACC.1",1000
"X1_TGAGCATAGTATGACA.1",6
"X1_TGAGCATAGTTGCATC.1",4
"X1_TGAGCATAGTTTGTCG.1",3
"X1_TGAGCATCAACAGCCC.1",4
"X1_TGAGCATCAACTGGTT.1",1000
"X1_TGAGCATCACACACGC.1",1
"X1_TGAGCATCACCACTGG.1",7
"X1_TGAGCATCAGCATCTA.1",1000
"X1_TGAGCATCAGCTATTG.1",4
"X1_TGAGCATCAGTGTGGA.1",1000
"X1_TGAGCATCATCACCAA.1",7
"X1_TGAGCATCATCAGCGC.1",7
"X1_TGAGCATCATCGGCCA.1",1000
"X1_TGAGCATGTACTAAGA.1",3
"X1_TGAGCATGTCATCTAG.1",3
"X1_TGAGCATGTCCAAGAG.1",1
"X1_TGAGCATGTCGAGTGA.1",4
"X1_TGAGCATGTTCGTTCC.1",4
"X1_TGAGCATTCAGCAGAG.1",7
"X1_TGAGCATTCGAAGGAC.1",1
"X1_TGAGCATTCGATCCCT.1",5
"X1_TGAGCATTCTCTGGTC.1",5
"X1_TGAGCATTCTGTGCTC.1",7
"X1_TGAGCGCAGACATCAA.1",2
"X1_TGAGCGCAGACTAAGT.1",2
"X1_TGAGCGCAGAGAGCGG.1",8
"X1_TGAGCGCAGCCTTTCC.1",6
"X1_TGAGCGCAGCTTGTGT.1",1000
"X1_TGAGCGCAGGGATCAC.1",7
"X1_TGAGCGCAGGGCAGAG.1",2
"X1_TGAGCGCAGTCTAACC.1",8
"X1_TGAGCGCCAACCGGAA.1",3
"X1_TGAGCGCCACAAGCAG.1",4
"X1_TGAGCGCCAGAGTAAT.1",1000
"X1_TGAGCGCCAGGTTCGC.1",8
"X1_TGAGCGCCATACGCAT.1",7
"X1_TGAGCGCCATCTTTCA.1",3
"X1_TGAGCGCCATGGCCAC.1",6
"X1_TGAGCGCGTACTGTTG.1",1
"X1_TGAGCGCGTCATCGGC.1",3
"X1_TGAGCGCGTCATTCCC.1",8
"X1_TGAGCGCGTCCAATCA.1",5
"X1_TGAGCGCGTCCTCCTA.1",4
"X1_TGAGCGCGTCTACGAT.1",3
"X1_TGAGCGCGTGGATGAC.1",5
"X1_TGAGCGCGTTATGTGC.1",8
"X1_TGAGCGCGTTCGGTCG.1",0
"X1_TGAGCGCGTTGCTAGT.1",1000
"X1_TGAGCGCGTTTCTTAC.1",7
"X1_TGAGCGCGTTTGCCGG.1",1000
"X1_TGAGCGCTCCCGAAAT.1",4
"X1_TGAGCGCTCCCTCATG.1",7
"X1_TGAGCGCTCCTCTGCA.1",8
"X1_TGAGCGCTCCTTTGAT.1",8
"X1_TGAGCGCTCGAACCTA.1",8
"X1_TGAGCGCTCGAGCCAC.1",7
"X1_TGAGCGCTCGCCCAGA.1",3
"X1_TGAGCGCTCGGTGTAT.1",8
"X1_TGAGCGCTCGGTGTTA.1",8
"X1_TGAGCGCTCGTTCGCT.1",4
"X1_TGAGCGCTCTCTGGTC.1",1
"X1_TGAGGAGAGATACAGT.1",1
"X1_TGAGGAGAGCGTCTGC.1",3
"X1_TGAGGAGAGTGGCAGT.1",1000
"X1_TGAGGAGAGTTAGAAC.1",1000
"X1_TGAGGAGCAACAGAGC.1",3
"X1_TGAGGAGCACCCAAGC.1",3
"X1_TGAGGAGCACGCCACA.1",3
"X1_TGAGGAGCACGCGGTT.1",6
"X1_TGAGGAGCACTGAGTT.1",1000
"X1_TGAGGAGCAGATCATC.1",3
"X1_TGAGGAGCAGTAGATA.1",4
"X1_TGAGGAGGTAGCCCTG.1",5
"X1_TGAGGAGGTCACAGTT.1",8
"X1_TGAGGAGGTCGAGCAA.1",8
"X1_TGAGGAGGTGCTTCAA.1",7
"X1_TGAGGAGGTGGCATCC.1",5
"X1_TGAGGAGGTTCTCGCT.1",3
"X1_TGAGGAGTCAGAGCGA.1",3
"X1_TGAGGAGTCATTGCGA.1",3
"X1_TGAGGAGTCCATCCGT.1",8
"X1_TGAGGAGTCGAAGGAC.1",0
"X1_TGAGGAGTCGACGATT.1",2
"X1_TGAGGAGTCGACGTCG.1",1000
"X1_TGAGGAGTCGCATGAT.1",1000
"X1_TGAGGAGTCGCTGTTC.1",7
"X1_TGAGGAGTCGGCTTCT.1",8
"X1_TGAGGAGTCGGTAGAG.1",4
"X1_TGAGGAGTCGTAGTGT.1",4
"X1_TGAGGAGTCTAGCATG.1",1000
"X1_TGAGGGAAGAAGCCAC.1",4
"X1_TGAGGGAAGAGAGAAC.1",1000
"X1_TGAGGGAAGAGTGGCT.1",8
"X1_TGAGGGAAGCTAATGA.1",5
"X1_TGAGGGAAGGACGCTA.1",0
"X1_TGAGGGAAGGTGTGAC.1",8
"X1_TGAGGGAAGTTGCGAG.1",1000
"X1_TGAGGGACAAGGTCGA.1",4
"X1_TGAGGGACACGACGCT.1",8
"X1_TGAGGGACACGCAGTC.1",6
"X1_TGAGGGACACTAACCA.1",1000
"X1_TGAGGGACAGAAGCGT.1",1000
"X1_TGAGGGAGTAAGGCCA.1",7
"X1_TGAGGGAGTCCCACGA.1",1000
"X1_TGAGGGAGTGAGATCG.1",1000
"X1_TGAGGGAGTGCGAACA.1",1000
"X1_TGAGGGAGTGCGAGTA.1",4
"X1_TGAGGGAGTGTAGGAC.1",5
"X1_TGAGGGAGTTTCAGAC.1",0
"X1_TGAGGGATCAAATGAG.1",2
"X1_TGAGGGATCCAAGCTA.1",1000
"X1_TGAGGGATCGAGAAAT.1",3
"X1_TGAGGGATCGAGAATA.1",4
"X1_TGAGGGATCGCAGATT.1",1000
"X1_TGAGGGATCGGTGTAT.1",8
"X1_TGAGGGATCTATCGGA.1",4
"X1_TGAGGGATCTCTGCTG.1",8
"X1_TGAGGGATCTTGGAAC.1",6
"X1_TGAGGTTAGCGCCTCA.1",7
"X1_TGAGGTTAGGTAGCAC.1",5
"X1_TGAGGTTAGGTTCAGG.1",1
"X1_TGAGGTTAGTTAGTGA.1",8
"X1_TGAGGTTCAAATCGGG.1",4
"X1_TGAGGTTCAACCACAT.1",8
"X1_TGAGGTTCAAGTCGTT.1",1000
"X1_TGAGGTTCACACCGCA.1",8
"X1_TGAGGTTCACTATGTG.1",8
"X1_TGAGGTTCAGAATCGG.1",6
"X1_TGAGGTTCATCTCCCA.1",4
"X1_TGAGGTTGTACCAGAG.1",1000
"X1_TGAGGTTGTCTACAAC.1",1
"X1_TGAGGTTGTGAGAACC.1",1000
"X1_TGAGGTTGTTGTGCCG.1",1000
"X1_TGAGGTTTCAAGTAAG.1",3
"X1_TGAGGTTTCACCGCTT.1",8
"X1_TGAGGTTTCATCGACA.1",3
"X1_TGAGGTTTCATCTGTT.1",4
"X1_TGAGGTTTCCACAGGC.1",1000
"X1_TGAGGTTTCCGTAGTA.1",1
"X1_TGAGGTTTCGGCAGTC.1",2
"X1_TGAGGTTTCGTTAGAC.1",4
"X1_TGAGGTTTCTCTATGT.1",8
"X1_TGAGGTTTCTTAAGGC.1",7
"X1_TGAGTCAAGAAGATCT.1",1000
"X1_TGAGTCAAGAGAGGGC.1",4
"X1_TGAGTCAAGAGATTCA.1",8
"X1_TGAGTCAAGAGTGAAG.1",2
"X1_TGAGTCAAGCAGCAGT.1",6
"X1_TGAGTCAAGCTGTTCA.1",7
"X1_TGAGTCAAGGCATCTT.1",1
"X1_TGAGTCAAGGGTCAAC.1",3
"X1_TGAGTCAAGTAACGTA.1",6
"X1_TGAGTCAAGTCATACC.1",5
"X1_TGAGTCAAGTCTTGGT.1",1000
"X1_TGAGTCACAACACACT.1",8
"X1_TGAGTCACAAGACGGT.1",4
"X1_TGAGTCACACACCGCA.1",8
"X1_TGAGTCACACCAAATC.1",4
"X1_TGAGTCACACCAGCTG.1",0
"X1_TGAGTCACAGTCAGTT.1",1000
"X1_TGAGTCACAGTTTCGA.1",4
"X1_TGAGTCACATACCACA.1",4
"X1_TGAGTCACATATTCGG.1",5
"X1_TGAGTCACATTGCTTT.1",1
"X1_TGAGTCAGTACAACGG.1",7
"X1_TGAGTCAGTAGGGTAC.1",7
"X1_TGAGTCAGTCAGGTAG.1",8
"X1_TGAGTCAGTCGTGGAA.1",4
"X1_TGAGTCAGTTCGGCTG.1",3
"X1_TGAGTCAGTTGCCATA.1",1
"X1_TGAGTCATCAGGAAAT.1",5
"X1_TGAGTCATCCCATTTA.1",1000
"X1_TGAGTCATCCTGGCTT.1",7
"X1_TGAGTCATCGAGTGAG.1",8
"X1_TGAGTCATCGCTAATG.1",8
"X1_TGAGTCATCGTAACAC.1",4
"X1_TGAGTCATCGTGGCGT.1",3
"X1_TGAGTCATCTTAGTTC.1",1000
"X1_TGATCAGAGAAATTCG.1",7
"X1_TGATCAGAGAATTCAG.1",8
"X1_TGATCAGAGATGGTAT.1",3
"X1_TGATCAGAGCAAGCCA.1",2
"X1_TGATCAGAGCCACCGT.1",8
"X1_TGATCAGAGCTCCCTT.1",7
"X1_TGATCAGAGGACATCG.1",1000
"X1_TGATCAGAGGAGGGTG.1",1000
"X1_TGATCAGAGGGAGGGT.1",4
"X1_TGATCAGAGGTCATTC.1",4
"X1_TGATCAGAGGTCGAGT.1",3
"X1_TGATCAGAGTGCACCC.1",7
"X1_TGATCAGAGTTCGGTT.1",1000
"X1_TGATCAGCAAATCGGG.1",1000
"X1_TGATCAGCAAGGGTCA.1",6
"X1_TGATCAGCAATCGCGC.1",4
"X1_TGATCAGCACCTTCCA.1",8
"X1_TGATCAGCACTTGAGT.1",3
"X1_TGATCAGCAGACTCTA.1",8
"X1_TGATCAGCATCCGAGC.1",1000
"X1_TGATCAGCATCTGCGG.1",7
"X1_TGATCAGCATTCATCT.1",7
"X1_TGATCAGGTACAACGG.1",3
"X1_TGATCAGGTACCTAAC.1",4
"X1_TGATCAGGTATTAAGG.1",3
"X1_TGATCAGGTCTTAGTG.1",5
"X1_TGATCAGGTGGCACTC.1",3
"X1_TGATCAGGTTACGATC.1",7
"X1_TGATCAGGTTCCGCAG.1",5
"X1_TGATCAGGTTCGGTAT.1",2
"X1_TGATCAGGTTGACTAC.1",1
"X1_TGATCAGGTTGGTAGG.1",3
"X1_TGATCAGGTTTAGAGA.1",7
"X1_TGATCAGTCATCGCAA.1",7
"X1_TGATCAGTCATTCCTA.1",1000
"X1_TGATCAGTCCGCAAAT.1",8
"X1_TGATCAGTCCTCGATC.1",4
"X1_TGATCAGTCCTGCCAT.1",1000
"X1_TGATCAGTCGTAGGGA.1",8
"X1_TGATCAGTCTAGTACG.1",1000
"X1_TGATCAGTCTATTGTC.1",1000
"X1_TGATCTTAGAGTCAGC.1",7
"X1_TGATCTTAGATACATG.1",1000
"X1_TGATCTTAGCGCTTCG.1",0
"X1_TGATCTTAGGTCGTAG.1",7
"X1_TGATCTTAGGTTCACT.1",8
"X1_TGATCTTCACACAGCC.1",2
"X1_TGATCTTCACAGTACT.1",8
"X1_TGATCTTCACATATCG.1",8
"X1_TGATCTTCACGCGTGT.1",0
"X1_TGATCTTCACTGTGTA.1",1000
"X1_TGATCTTCAGGACTTT.1",8
"X1_TGATCTTCATCGAACT.1",1000
"X1_TGATCTTGTAACAGGC.1",1000
"X1_TGATCTTGTACCATAC.1",2
"X1_TGATCTTGTACGATGG.1",0
"X1_TGATCTTGTAGCTTGT.1",1
"X1_TGATCTTGTAGTGCGA.1",7
"X1_TGATCTTGTATGTGTC.1",5
"X1_TGATCTTGTGCAACGA.1",6
"X1_TGATCTTTCAATGCAC.1",7
"X1_TGATCTTTCACGGAGA.1",4
"X1_TGATCTTTCCATCGTC.1",4
"X1_TGATCTTTCCTTGAAG.1",0
"X1_TGATCTTTCGGCTTCT.1",3
"X1_TGATCTTTCGTAGCTA.1",7
"X1_TGATCTTTCGTCCATC.1",1000
"X1_TGATCTTTCGTGACTA.1",3
"X1_TGATCTTTCTATTTCG.1",1000
"X1_TGATCTTTCTCTTAAC.1",1
"X1_TGATCTTTCTGCATAG.1",1000
"X1_TGATCTTTCTGCGGAC.1",1000
"X1_TGATGCAAGAACGCGT.1",4
"X1_TGATGCAAGACTGGGT.1",8
"X1_TGATGCAAGACTTCCA.1",7
"X1_TGATGCAAGCCTATCA.1",4
"X1_TGATGCAAGCCTCACG.1",8
"X1_TGATGCAAGGCAGCTA.1",7
"X1_TGATGCAAGTCAACAA.1",1000
"X1_TGATGCAAGTTCATCG.1",1000
"X1_TGATGCACAAGACCGA.1",7
"X1_TGATGCACAAGACCTT.1",1000
"X1_TGATGCACACATGGTT.1",3
"X1_TGATGCACACCTGCTT.1",8
"X1_TGATGCACACGTAACT.1",5
"X1_TGATGCACAGTAGAAT.1",1000
"X1_TGATGCAGTACAAGTA.1",3
"X1_TGATGCAGTATCATGC.1",8
"X1_TGATGCAGTCCAACGC.1",8
"X1_TGATGCAGTCGTGGTC.1",7
"X1_TGATGCAGTCTGTGTA.1",1000
"X1_TGATGCAGTCTTGGTA.1",8
"X1_TGATGCAGTGCAACGA.1",4
"X1_TGATGCAGTGGGTCAA.1",6
"X1_TGATGCAGTGTAAATG.1",2
"X1_TGATGCAGTTGTACGT.1",3
"X1_TGATGCAGTTTCGACA.1",3
"X1_TGATGCATCAAATGCC.1",8
"X1_TGATGCATCACCTTAT.1",7
"X1_TGATGCATCATTACGG.1",1000
"X1_TGATGCATCCTACCGT.1",2
"X1_TGATGCATCGAGCTGC.1",8
"X1_TGATGCATCGGCTTGG.1",8
"X1_TGATGCATCTATCGTT.1",6
"X1_TGATGCATCTTACGGA.1",8
"X1_TGATGCATCTTCCAGC.1",8
"X1_TGATGGTAGACTTCCA.1",5
"X1_TGATGGTAGATGTTAG.1",7
"X1_TGATGGTAGATTGAGT.1",3
"X1_TGATGGTAGCGTTACT.1",4
"X1_TGATGGTAGGTAGCAC.1",2
"X1_TGATGGTAGGTGCATG.1",7
"X1_TGATGGTAGTTGGGAC.1",1000
"X1_TGATGGTAGTTTGCTG.1",7
"X1_TGATGGTCAAACTAGA.1",5
"X1_TGATGGTCAACAGCCC.1",8
"X1_TGATGGTCAAGTATAG.1",4
"X1_TGATGGTCAATGGGTG.1",1000
"X1_TGATGGTCACCCTTGT.1",2
"X1_TGATGGTCACCTGAAT.1",4
"X1_TGATGGTCAGAAGCTG.1",4
"X1_TGATGGTCAGAGGCTA.1",7
"X1_TGATGGTCAGGCCCTA.1",4
"X1_TGATGGTCATAGAGGC.1",6
"X1_TGATGGTGTAAGACCG.1",4
"X1_TGATGGTGTACAGTTC.1",1
"X1_TGATGGTGTATTCCTT.1",6
"X1_TGATGGTGTGAACGGT.1",8
"X1_TGATGGTGTGCAGGAT.1",4
"X1_TGATGGTGTGGACAGT.1",2
"X1_TGATGGTGTGGTAATA.1",1000
"X1_TGATGGTGTTCCCACT.1",1000
"X1_TGATGGTTCAAACCTG.1",3
"X1_TGATGGTTCAGGAGAC.1",6
"X1_TGATGGTTCCAACACA.1",4
"X1_TGATGGTTCCCAGGCA.1",1000
"X1_TGATGGTTCCGTATAG.1",1
"X1_TGATTCTAGAAGCTGC.1",4
"X1_TGATTCTAGACATATG.1",1000
"X1_TGATTCTAGATGCAGC.1",8
"X1_TGATTCTAGATGCCGA.1",8
"X1_TGATTCTAGCCGATCC.1",4
"X1_TGATTCTAGGATGAGA.1",1000
"X1_TGATTCTAGGCACTCC.1",5
"X1_TGATTCTAGGGCAGAG.1",8
"X1_TGATTCTAGTAAACTG.1",1000
"X1_TGATTCTAGTGAGGTC.1",4
"X1_TGATTCTCAACCGCTG.1",4
"X1_TGATTCTCAATAGAGT.1",1000
"X1_TGATTCTCACAATCTG.1",1000
"X1_TGATTCTCAGATCCTA.1",7
"X1_TGATTCTCAGCATACT.1",1
"X1_TGATTCTCAGCGACAA.1",7
"X1_TGATTCTCAGTCGAGA.1",1000
"X1_TGATTCTCATCCTCAC.1",1
"X1_TGATTCTCATTCTCTA.1",1000
"X1_TGATTCTGTAACCAGG.1",2
"X1_TGATTCTGTACTAAGA.1",8
"X1_TGATTCTGTCCTGTTC.1",1
"X1_TGATTCTGTCGAAGCA.1",1000
"X1_TGATTCTGTCTACGTA.1",5
"X1_TGATTCTGTGCGTCGT.1",7
"X1_TGATTCTGTGCTCTTC.1",7
"X1_TGATTCTGTGGAGAAA.1",1000
"X1_TGATTCTGTGTAGCAG.1",0
"X1_TGATTCTGTTAGAAGT.1",5
"X1_TGATTCTGTTGCTCGG.1",6
"X1_TGATTCTGTTTAGAGA.1",1000
"X1_TGATTCTTCACCCTCA.1",5
"X1_TGATTCTTCACTGTCC.1",1000
"X1_TGATTCTTCAGAGCGA.1",4
"X1_TGATTCTTCAGTGATC.1",7
"X1_TGATTCTTCATTGCTT.1",8
"X1_TGATTCTTCCAAACCA.1",4
"X1_TGATTCTTCTTGCGCT.1",1000
"X1_TGATTTCAGACACACG.1",7
"X1_TGATTTCAGACTACGG.1",1000
"X1_TGATTTCAGACTCAAA.1",8
"X1_TGATTTCAGCCTGAAG.1",1000
"X1_TGATTTCAGCGCATCC.1",1000
"X1_TGATTTCAGCGGGTTA.1",7
"X1_TGATTTCAGCGTATAA.1",1000
"X1_TGATTTCAGCGTTCAT.1",1000
"X1_TGATTTCAGGCGTTAG.1",1000
"X1_TGATTTCAGTGGAAGA.1",1000
"X1_TGATTTCCAAGCCTGC.1",1000
"X1_TGATTTCCAAGCTCTA.1",1000
"X1_TGATTTCCAATGGCCC.1",8
"X1_TGATTTCCACACGCCA.1",1000
"X1_TGATTTCCACTAACGT.1",8
"X1_TGATTTCCAGCGCGTT.1",1
"X1_TGATTTCCAGGAACCA.1",1000
"X1_TGATTTCCAGTCGGTC.1",6
"X1_TGATTTCCATAAGCAA.1",1000
"X1_TGATTTCCATAGACTC.1",1000
"X1_TGATTTCGTAACATCC.1",3
"X1_TGATTTCGTACGCTAT.1",1
"X1_TGATTTCGTATCCTTT.1",7
"X1_TGATTTCGTCACTAGT.1",1000
"X1_TGATTTCGTCGCTTAA.1",0
"X1_TGATTTCGTCTGCAAT.1",1000
"X1_TGATTTCGTGACACAG.1",8
"X1_TGATTTCGTGCCCTTT.1",3
"X1_TGATTTCGTGCGTTTA.1",4
"X1_TGATTTCGTGCTTCAA.1",3
"X1_TGATTTCGTTCTCTCG.1",1000
"X1_TGATTTCTCAGACCCG.1",3
"X1_TGATTTCTCAGACCTA.1",1000
"X1_TGATTTCTCATTGCTT.1",8
"X1_TGATTTCTCCCAATAG.1",8
"X1_TGATTTCTCCCGTTGT.1",4
"X1_TGATTTCTCCGTGACG.1",7
"X1_TGATTTCTCGACCTAA.1",8
"X1_TGATTTCTCTGAGAGG.1",4
"X1_TGCACGGAGAGGTCGT.1",1000
"X1_TGCACGGAGAGTTCGG.1",8
"X1_TGCACGGAGAGTTGTA.1",7
"X1_TGCACGGAGCCGGAAT.1",3
"X1_TGCACGGAGGTCCAGA.1",1000
"X1_TGCACGGAGTCACGAG.1",1000
"X1_TGCACGGAGTGTGTTC.1",1000
"X1_TGCACGGCAAGGCGTA.1",1000
"X1_TGCACGGCACACACTA.1",1000
"X1_TGCACGGCACGGGCTT.1",8
"X1_TGCACGGCAGTTCACA.1",1000
"X1_TGCACGGCATCGTTCC.1",4
"X1_TGCACGGCATCTCATT.1",8
"X1_TGCACGGGTCGCTTAA.1",2
"X1_TGCACGGGTCGTACTA.1",5
"X1_TGCACGGGTCTAGTGT.1",1000
"X1_TGCACGGGTGCCCACA.1",8
"X1_TGCACGGGTGTACAGG.1",1000
"X1_TGCACGGGTTATGGTC.1",1000
"X1_TGCACGGGTTGTGCCG.1",7
"X1_TGCACGGTCAGGAGAC.1",6
"X1_TGCACGGTCCACGAAT.1",8
"X1_TGCACGGTCGCATTGA.1",7
"X1_TGCACGGTCGGAATGG.1",8
"X1_TGCACGGTCTGGTTGA.1",3
"X1_TGCAGATAGCACTAGG.1",7
"X1_TGCAGATAGCAGCGAT.1",8
"X1_TGCAGATAGCCGATCC.1",1000
"X1_TGCAGATAGGCGTCCT.1",1
"X1_TGCAGATAGGCTAACG.1",2
"X1_TGCAGATAGGTAACTA.1",1
"X1_TGCAGATAGTATGGAT.1",4
"X1_TGCAGATAGTATTGCC.1",3
"X1_TGCAGATCAAAGGGTC.1",8
"X1_TGCAGATCAATCGCGC.1",1000
"X1_TGCAGATCACCTGCTT.1",7
"X1_TGCAGATCACTTGGGC.1",1000
"X1_TGCAGATCACTTGTGA.1",1000
"X1_TGCAGATCAGCTACTA.1",1000
"X1_TGCAGATCAGGTGACA.1",3
"X1_TGCAGATCATGTGGCC.1",7
"X1_TGCAGATGTACAAGTA.1",8
"X1_TGCAGATGTACCTGTA.1",5
"X1_TGCAGATGTACTGTTG.1",8
"X1_TGCAGATGTAGACTGG.1",8
"X1_TGCAGATGTGAATGAT.1",8
"X1_TGCAGATGTGGGAGAG.1",7
"X1_TGCAGATGTGTGAATA.1",4
"X1_TGCAGATGTTCTCACC.1",8
"X1_TGCAGATTCAAACCTG.1",1000
"X1_TGCAGATTCAATCCGA.1",1000
"X1_TGCAGATTCACCTCTG.1",1000
"X1_TGCAGATTCCGATGTA.1",7
"X1_TGCAGATTCTACTTCA.1",5
"X1_TGCAGATTCTGAGCAT.1",7
"X1_TGCAGGCAGAAGAGCA.1",2
"X1_TGCAGGCAGAAGTCAT.1",1000
"X1_TGCAGGCAGATAGGGA.1",1000
"X1_TGCAGGCAGCACCTGC.1",8
"X1_TGCAGGCAGCCAGACA.1",1000
"X1_TGCAGGCAGGTGCTGA.1",1000
"X1_TGCAGGCAGTCAGAGC.1",8
"X1_TGCAGGCCAACTGAAA.1",8
"X1_TGCAGGCCAAGTTTGC.1",1000
"X1_TGCAGGCCACGATAGG.1",8
"X1_TGCAGGCCACTCACTC.1",1000
"X1_TGCAGGCCACTTGAAC.1",5
"X1_TGCAGGCCAGCGAGTA.1",1000
"X1_TGCAGGCCAGGCTATT.1",0
"X1_TGCAGGCCATAAGATG.1",0
"X1_TGCAGGCCATCGGAGA.1",3
"X1_TGCAGGCGTCCTGGGT.1",7
"X1_TGCAGGCGTGACTATC.1",3
"X1_TGCAGGCGTGTCCTAA.1",4
"X1_TGCAGGCGTGTTACAC.1",8
"X1_TGCAGGCGTGTTGATC.1",4
"X1_TGCAGGCGTTCTCAGA.1",1000
"X1_TGCAGGCGTTGCCAAT.1",7
"X1_TGCAGGCGTTGCTGAT.1",4
"X1_TGCAGGCTCACCGCTT.1",1000
"X1_TGCAGGCTCGTACACA.1",1000
"X1_TGCAGGCTCTGACGCG.1",4
"X1_TGCAGGCTCTGTTGGA.1",4
"X1_TGCAGTAAGATGGTAT.1",1000
"X1_TGCAGTAAGCTCCCTT.1",4
"X1_TGCAGTAAGGACAACC.1",7
"X1_TGCAGTAAGTGCAGCA.1",1000
"X1_TGCAGTACAAACTCTG.1",5
"X1_TGCAGTACAACCCTAA.1",1000
"X1_TGCAGTACAACGGTAG.1",3
"X1_TGCAGTACAATTTCGG.1",8
"X1_TGCAGTACACATTCTT.1",1
"X1_TGCAGTACACTACACA.1",4
"X1_TGCAGTACAGTAACCT.1",0
"X1_TGCAGTACATAGATGA.1",6
"X1_TGCAGTAGTATCCTCC.1",5
"X1_TGCAGTAGTCCGACGT.1",1000
"X1_TGCAGTAGTCGGCTAC.1",1000
"X1_TGCAGTAGTCTGTAAC.1",1000
"X1_TGCAGTAGTGATAGTA.1",8
"X1_TGCAGTATCACTGGGC.1",4
"X1_TGCAGTATCACTTATC.1",1
"X1_TGCAGTATCAGCAGAG.1",4
"X1_TGCAGTATCATCGTAG.1",1000
"X1_TGCAGTATCCAGCACG.1",8
"X1_TGCAGTATCCCTTGGT.1",7
"X1_TGCAGTATCCCTTTGG.1",2
"X1_TGCAGTATCCGTAGGC.1",1000
"X1_TGCAGTATCGAGCCAC.1",4
"X1_TGCAGTATCGGTCGGT.1",3
"X1_TGCAGTATCTACTGAG.1",1000
"X1_TGCATCCAGAAACACT.1",8
"X1_TGCATCCAGAAAGCGA.1",7
"X1_TGCATCCAGACTCTTG.1",1000
"X1_TGCATCCAGCAAATCA.1",3
"X1_TGCATCCAGGAGAGGC.1",1000
"X1_TGCATCCAGGCCCGTT.1",5
"X1_TGCATCCAGGTCCTGC.1",4
"X1_TGCATCCAGTCATACC.1",1000
"X1_TGCATCCCAAATGGAT.1",6
"X1_TGCATCCCAAATTGGA.1",3
"X1_TGCATCCCAAGCTGTT.1",8
"X1_TGCATCCCAAGTTGGG.1",7
"X1_TGCATCCCACAAGTTC.1",1000
"X1_TGCATCCCACCGGCTA.1",2
"X1_TGCATCCCAGGTCCCA.1",1
"X1_TGCATCCCATACACCA.1",1000
"X1_TGCATCCCATCACAGT.1",4
"X1_TGCATCCGTACACGTT.1",5
"X1_TGCATCCGTACTAACC.1",3
"X1_TGCATCCGTCAAGGCA.1",8
"X1_TGCATCCGTCATCCCT.1",8
"X1_TGCATCCGTCTGGTTA.1",3
"X1_TGCATCCGTCTTACAG.1",3
"X1_TGCATCCGTGAATGTA.1",0
"X1_TGCATCCGTGCATACT.1",1000
"X1_TGCATCCGTGCTGTCG.1",4
"X1_TGCATCCGTGGTAATA.1",1
"X1_TGCATCCGTGTTTACG.1",1000
"X1_TGCATCCGTTAAACAG.1",1000
"X1_TGCATCCGTTAAACCC.1",4
"X1_TGCATCCGTTCGGTTA.1",1000
"X1_TGCATCCGTTTATGCG.1",3
"X1_TGCATCCTCAGCGCAC.1",8
"X1_TGCATCCTCAGCTCTC.1",6
"X1_TGCATCCTCCCGAGGT.1",8
"X1_TGCATCCTCCGCATAA.1",5
"X1_TGCATCCTCCGTGTCT.1",1000
"X1_TGCATCCTCCTGGGTG.1",6
"X1_TGCATCCTCGTTAGTG.1",8
"X1_TGCATCCTCTAAGCCA.1",1000
"X1_TGCATCCTCTCGGGAC.1",1000
"X1_TGCATCCTCTCTGGTC.1",7
"X1_TGCATCCTCTCTTGCG.1",4
"X1_TGCATCCTCTTGGAAC.1",6
"X1_TGCATGAAGAAATCCA.1",4
"X1_TGCATGAAGACCAACG.1",4
"X1_TGCATGAAGACGACGT.1",4
"X1_TGCATGAAGAGCCGTA.1",5
"X1_TGCATGAAGATCGCTT.1",3
"X1_TGCATGAAGCAACTCT.1",8
"X1_TGCATGAAGCCAAGTG.1",4
"X1_TGCATGAAGCTAATGA.1",4
"X1_TGCATGAAGCTGCGAA.1",7
"X1_TGCATGAAGGTGCCTC.1",1000
"X1_TGCATGAAGTAGAGTT.1",4
"X1_TGCATGAAGTGTCATC.1",7
"X1_TGCATGACAAACTCTG.1",1
"X1_TGCATGACAATATCCG.1",7
"X1_TGCATGACACAGAGAC.1",1000
"X1_TGCATGACAGCGTATT.1",5
"X1_TGCATGACATGTCGTA.1",4
"X1_TGCATGACATTGCCTC.1",1000
"X1_TGCATGAGTAATACCC.1",1000
"X1_TGCATGAGTATGGGAC.1",1000
"X1_TGCATGAGTCACTCGG.1",1000
"X1_TGCATGAGTCCTTGTC.1",1000
"X1_TGCATGAGTGTCTAAC.1",4
"X1_TGCATGATCAAGATAG.1",5
"X1_TGCATGATCACCGGTG.1",7
"X1_TGCATGATCAGTCAGT.1",4
"X1_TGCATGATCCACTTTA.1",1000
"X1_TGCATGATCCCATACC.1",8
"X1_TGCATGATCCTATTTG.1",3
"X1_TGCATGATCCTGTAGA.1",7
"X1_TGCATGATCGAGCTGC.1",5
"X1_TGCATGATCGATGGAG.1",6
"X1_TGCATGATCGTAACTG.1",4
"X1_TGCATGATCGTCAGAT.1",4
"X1_TGCATGATCTCCCAAC.1",7
"X1_TGCCGAGAGAGCTTTC.1",1000
"X1_TGCCGAGAGCATTGAA.1",0
"X1_TGCCGAGAGCCTAACT.1",3
"X1_TGCCGAGAGCTAATGA.1",1000
"X1_TGCCGAGAGCTCTGTA.1",7
"X1_TGCCGAGAGTAAGAGG.1",1000
"X1_TGCCGAGAGTATGAGT.1",1000
"X1_TGCCGAGCAAATACGA.1",1000
"X1_TGCCGAGCAAGCGCTC.1",6
"X1_TGCCGAGCAAGGCGTA.1",7
"X1_TGCCGAGCACATGTTG.1",2
"X1_TGCCGAGCAGGGCTTC.1",3
"X1_TGCCGAGCATAGAGGC.1",8
"X1_TGCCGAGCATAGCACT.1",1000
"X1_TGCCGAGCATCAGTCA.1",8
"X1_TGCCGAGCATGTTCAG.1",1000
"X1_TGCCGAGGTCAAAGCG.1",7
"X1_TGCCGAGGTCAGTCCG.1",1
"X1_TGCCGAGGTCCAGCAC.1",4
"X1_TGCCGAGGTCCAGCCA.1",3
"X1_TGCCGAGGTCCTGTTC.1",8
"X1_TGCCGAGGTCGTTTCC.1",4
"X1_TGCCGAGGTCTCTCCA.1",1000
"X1_TGCCGAGGTGAGCGAT.1",4
"X1_TGCCGAGGTGCACGCT.1",6
"X1_TGCCGAGTCAAAGGTA.1",1
"X1_TGCCGAGTCACTCGAA.1",1000
"X1_TGCCGAGTCAGAGCGA.1",8
"X1_TGCCGAGTCAGCTCTC.1",5
"X1_TGCCGAGTCATTGCTT.1",1000
"X1_TGCCGAGTCCACTGGG.1",5
"X1_TGCCGAGTCCCAGTGG.1",6
"X1_TGCCGAGTCCCGTTCA.1",8
"X1_TGCCGAGTCCTATGGA.1",3
"X1_TGCCGAGTCGAACTCA.1",3
"X1_TGCCGAGTCGAGGCAA.1",1
"X1_TGCCGAGTCGCTTTAT.1",1000
"X1_TGCCGAGTCTATCGCC.1",7
"X1_TGCGACGAGACTTCAC.1",7
"X1_TGCGACGAGAGTTGAT.1",8
"X1_TGCGACGAGATCCGAG.1",2
"X1_TGCGACGAGATCGGTG.1",8
"X1_TGCGACGAGCTGGCCT.1",1000
"X1_TGCGACGAGGCCTAAG.1",1000
"X1_TGCGACGAGGCTAGCA.1",4
"X1_TGCGACGAGGTCGTAG.1",2
"X1_TGCGACGAGTAATACG.1",8
"X1_TGCGACGCAAAGTATG.1",1000
"X1_TGCGACGCACTTGGCG.1",1000
"X1_TGCGACGCACTTGTCC.1",8
"X1_TGCGACGCACTTTATC.1",1000
"X1_TGCGACGCAGACAATA.1",3
"X1_TGCGACGCAGATCCTA.1",1000
"X1_TGCGACGCATATCGGT.1",0
"X1_TGCGACGCATCGCTGG.1",7
"X1_TGCGACGCATTCTCTA.1",3
"X1_TGCGACGGTAACATCC.1",4
"X1_TGCGACGGTATCGATC.1",3
"X1_TGCGACGGTATGCGGA.1",8
"X1_TGCGACGGTGTATACC.1",8
"X1_TGCGACGGTTAGGCTT.1",8
"X1_TGCGACGGTTCGTAAC.1",4
"X1_TGCGACGGTTCTCCTG.1",5
"X1_TGCGACGTCACATACG.1",8
"X1_TGCGACGTCGGAGATG.1",7
"X1_TGCGACGTCGTCGGGT.1",5
"X1_TGCGACGTCTCGACCT.1",3
"X1_TGCGATAAGATGCAGC.1",1000
"X1_TGCGATAAGCCTCATA.1",1000
"X1_TGCGATAAGTAGTCTC.1",0
"X1_TGCGATAAGTTGGGAC.1",4
"X1_TGCGATACAAAGTGTA.1",7
"X1_TGCGATACAACGCCCA.1",7
"X1_TGCGATACAAGTCCAT.1",6
"X1_TGCGATACAAGTGGCA.1",7
"X1_TGCGATACACACTGGC.1",3
"X1_TGCGATACACAGCCAC.1",1000
"X1_TGCGATACAGAATCGG.1",1
"X1_TGCGATACAGAGATGC.1",4
"X1_TGCGATACATGTTCGA.1",1
"X1_TGCGATACATTACTCT.1",8
"X1_TGCGATAGTAGAGACC.1",1000
"X1_TGCGATAGTAGCTAAA.1",3
"X1_TGCGATAGTATACCCA.1",2
"X1_TGCGATAGTATATGGA.1",1000
"X1_TGCGATAGTCAGTCGC.1",4
"X1_TGCGATAGTCTCGACG.1",4
"X1_TGCGATAGTGAGTGAC.1",8
"X1_TGCGATAGTGATATAG.1",8
"X1_TGCGATAGTGCATGAG.1",4
"X1_TGCGATATCAGCCCAG.1",8
"X1_TGCGATATCCCAGGAC.1",5
"X1_TGCGATATCCCTCTAG.1",0
"X1_TGCGATATCCGGTAAT.1",4
"X1_TGCGATATCCTAGCTC.1",7
"X1_TGCGATATCGCGTGAC.1",1000
"X1_TGCGATATCTGAGAAA.1",5
"X1_TGCGATATCTTCGATT.1",8
"X1_TGCGATATCTTGCAGA.1",1000
"X1_TGCGGCAAGCACACCC.1",3
"X1_TGCGGCAAGCCGAACA.1",7
"X1_TGCGGCAAGCGACTGA.1",1000
"X1_TGCGGCAAGCGCTGCT.1",1000
"X1_TGCGGCAAGCGTGCTC.1",0
"X1_TGCGGCAAGCTTTCCC.1",1000
"X1_TGCGGCAAGGTATTGA.1",8
"X1_TGCGGCAAGTATGATG.1",1
"X1_TGCGGCAAGTCATCGT.1",1000
"X1_TGCGGCAAGTCATGAA.1",4
"X1_TGCGGCAAGTGGCCTC.1",1000
"X1_TGCGGCACAACCGCTG.1",1000
"X1_TGCGGCACAATGCTCA.1",7
"X1_TGCGGCACACAGCTTA.1",7
"X1_TGCGGCACACCGTACG.1",4
"X1_TGCGGCACATCTAACG.1",8
"X1_TGCGGCACATGAAAGT.1",1000
"X1_TGCGGCAGTAGCGTTT.1",3
"X1_TGCGGCAGTAGTCACT.1",3
"X1_TGCGGCAGTATCGCAT.1",7
"X1_TGCGGCAGTCAACACT.1",7
"X1_TGCGGCAGTCAATGGG.1",4
"X1_TGCGGCAGTCGCTTAA.1",1
"X1_TGCGGCAGTCTCTCAC.1",8
"X1_TGCGGCAGTGTCCACG.1",2
"X1_TGCGGCAGTGTGTACT.1",1000
"X1_TGCGGCAGTGTTCGTA.1",1000
"X1_TGCGGCAGTTTACACG.1",8
"X1_TGCGGCAGTTTGATCG.1",8
"X1_TGCGGCATCACAAGAA.1",1000
"X1_TGCGGCATCACCTACC.1",1000
"X1_TGCGGCATCACTAGCA.1",1000
"X1_TGCGGCATCCTTTGAT.1",7
"X1_TGCGGCATCGCTACGG.1",1000
"X1_TGCGGCATCTATTCGT.1",7
"X1_TGCGGCATCTCCAATT.1",1000
"X1_TGCGGCATCTGAGCAT.1",8
"X1_TGCGGCATCTGTCGCT.1",1000
"X1_TGCGGGTAGATGAACT.1",4
"X1_TGCGGGTAGCCGTAAG.1",7
"X1_TGCGGGTAGCGTGAGT.1",1
"X1_TGCGGGTAGGCTCTAT.1",8
"X1_TGCGGGTCAAACTAGA.1",3
"X1_TGCGGGTCAACCGTGC.1",1000
"X1_TGCGGGTCAAGGTACG.1",8
"X1_TGCGGGTCAATGAACA.1",8
"X1_TGCGGGTCACTACAGT.1",8
"X1_TGCGGGTCAGAAGCGT.1",8
"X1_TGCGGGTCAGAGCGTA.1",4
"X1_TGCGGGTCAGTGGGTA.1",1000
"X1_TGCGGGTCATCATCTT.1",3
"X1_TGCGGGTCATTAAAGG.1",8
"X1_TGCGGGTGTACCCAGC.1",4
"X1_TGCGGGTGTAGCGTTT.1",1000
"X1_TGCGGGTGTCCTACAA.1",1000
"X1_TGCGGGTGTCGAGTTT.1",1
"X1_TGCGGGTGTGCTCTTC.1",3
"X1_TGCGGGTGTGGGATTG.1",1000
"X1_TGCGGGTGTTCTCACC.1",8
"X1_TGCGGGTGTTGCTTGA.1",6
"X1_TGCGGGTGTTGGTAGG.1",8
"X1_TGCGGGTGTTTCCAAG.1",1000
"X1_TGCGGGTTCAAACCTG.1",1000
"X1_TGCGGGTTCAGCCCAG.1",1000
"X1_TGCGGGTTCAGGTAAA.1",1000
"X1_TGCGGGTTCCCTTCCC.1",1000
"X1_TGCGGGTTCCGGGACT.1",8
"X1_TGCGGGTTCGAGATAA.1",6
"X1_TGCGGGTTCGCTAAAC.1",1000
"X1_TGCGGGTTCTGTAACG.1",8
"X1_TGCTCCAAGCAGGCAT.1",8
"X1_TGCTCCAAGCCACAAG.1",1000
"X1_TGCTCCAAGCCGTCGT.1",3
"X1_TGCTCCAAGCGCCATC.1",1000
"X1_TGCTCCAAGCTTCGTA.1",8
"X1_TGCTCCAAGTCAGCGA.1",1000
"X1_TGCTCCAAGTCATAGA.1",8
"X1_TGCTCCACAAATTGGA.1",3
"X1_TGCTCCACAATTGCCA.1",2
"X1_TGCTCCACAGGCGAAT.1",4
"X1_TGCTCCACAGGGCTTC.1",3
"X1_TGCTCCACAGGTGAGT.1",1000
"X1_TGCTCCACATCAACCA.1",0
"X1_TGCTCCACATCGGAAG.1",1000
"X1_TGCTCCACATGACGTT.1",1000
"X1_TGCTCCAGTACATTGC.1",8
"X1_TGCTCCAGTAGAGGAA.1",8
"X1_TGCTCCAGTATAATGG.1",4
"X1_TGCTCCAGTCAGATTC.1",8
"X1_TGCTCCAGTCGAATTC.1",1000
"X1_TGCTCCAGTCTTCAAG.1",7
"X1_TGCTCCAGTTGGGAAC.1",4
"X1_TGCTCCAGTTTCGGCG.1",7
"X1_TGCTCCATCCAGCCTT.1",7
"X1_TGCTCCATCCGTACGG.1",8
"X1_TGCTCCATCCTGTTAT.1",8
"X1_TGCTCCATCGACGACC.1",1000
"X1_TGCTCCATCGATGGAG.1",1000
"X1_TGCTCCATCTCTTCAA.1",1
"X1_TGCTCGTAGAACAGGA.1",5
"X1_TGCTCGTAGAACCGCA.1",8
"X1_TGCTCGTAGAGATTCA.1",4
"X1_TGCTCGTAGCACTTTG.1",1
"X1_TGCTCGTAGCAGCGAT.1",4
"X1_TGCTCGTAGCCATCCG.1",8
"X1_TGCTCGTAGCTTGTTG.1",1000
"X1_TGCTCGTAGGCTTTCA.1",8
"X1_TGCTCGTAGGTAGTCG.1",6
"X1_TGCTCGTAGGTTCATC.1",5
"X1_TGCTCGTAGGTTGGTG.1",1000
"X1_TGCTCGTAGTCTCGTA.1",7
"X1_TGCTCGTCAACGGCTC.1",7
"X1_TGCTCGTCAAGCGCAA.1",1000
"X1_TGCTCGTCACAAGGTG.1",8
"X1_TGCTCGTCACGGTAGA.1",8
"X1_TGCTCGTCACTTGGGC.1",8
"X1_TGCTCGTCAGCAGAAC.1",1000
"X1_TGCTCGTCAGCTTTCC.1",7
"X1_TGCTCGTCAGGACATG.1",1000
"X1_TGCTCGTCAGTAGATA.1",1000
"X1_TGCTCGTCAGTGCCTG.1",4
"X1_TGCTCGTCATCGCCTT.1",1000
"X1_TGCTCGTCATGCTGCG.1",8
"X1_TGCTCGTGTAACACCT.1",4
"X1_TGCTCGTGTACGTAGG.1",1000
"X1_TGCTCGTGTATCTCGA.1",3
"X1_TGCTCGTGTCCACTTC.1",4
"X1_TGCTCGTGTCTTCAAG.1",5
"X1_TGCTCGTGTGAGATTA.1",8
"X1_TGCTCGTGTGGTCCGT.1",8
"X1_TGCTCGTGTTCGGGTC.1",8
"X1_TGCTCGTGTTCTCCCA.1",3
"X1_TGCTCGTGTTGAGAGC.1",3
"X1_TGCTCGTTCAAATAGG.1",7
"X1_TGCTCGTTCACCTCAC.1",1000
"X1_TGCTCGTTCAGAACCT.1",1000
"X1_TGCTCGTTCAGGGATG.1",3
"X1_TGCTCGTTCCGGTAAT.1",8
"X1_TGCTCGTTCGCTTACC.1",8
"X1_TGCTCGTTCTAACGGT.1",7
"X1_TGCTCGTTCTTTGCTA.1",2
"X1_TGCTGAAAGCACACCC.1",8
"X1_TGCTGAAAGCAGGCTA.1",1000
"X1_TGCTGAAAGTCGCCAC.1",1000
"X1_TGCTGAACAAAGAGTT.1",8
"X1_TGCTGAACAAAGGCAC.1",1000
"X1_TGCTGAACAACTAGAA.1",4
"X1_TGCTGAACAAGGTCTT.1",5
"X1_TGCTGAACACGTTGGC.1",3
"X1_TGCTGAACAGAACGCA.1",3
"X1_TGCTGAACAGACCTGC.1",1000
"X1_TGCTGAACAGAGAAAG.1",7
"X1_TGCTGAACAGGCATGA.1",8
"X1_TGCTGAACAGGTAGTG.1",7
"X1_TGCTGAACATCTGTTT.1",2
"X1_TGCTGAACATGTGACT.1",7
"X1_TGCTGAAGTAGCGAGT.1",1000
"X1_TGCTGAAGTAGGGTAC.1",4
"X1_TGCTGAAGTCTCTCAC.1",2
"X1_TGCTGAAGTGGCATCC.1",6
"X1_TGCTGAAGTGGTGATG.1",1000
"X1_TGCTGAAGTGTTAAAG.1",5
"X1_TGCTGAATCACCTTAT.1",8
"X1_TGCTGAATCACTACGA.1",4
"X1_TGCTGAATCCATGAGT.1",4
"X1_TGCTGAATCCATTGTT.1",1000
"X1_TGCTGAATCCTGGGTG.1",2
"X1_TGCTGAATCCTTATAC.1",3
"X1_TGCTGAATCGGCATAT.1",7
"X1_TGCTGAATCGTAACCA.1",0
"X1_TGCTGAATCGTCGACG.1",8
"X1_TGCTGAATCGTTATCT.1",1
"X1_TGCTTCGAGATAGCAT.1",7
"X1_TGCTTCGAGGAACGAA.1",4
"X1_TGCTTCGAGGCTAAAT.1",1000
"X1_TGCTTCGAGTCTAGAA.1",2
"X1_TGCTTCGCACAACATC.1",7
"X1_TGCTTCGCACACAGCC.1",4
"X1_TGCTTCGCACCGTACG.1",8
"X1_TGCTTCGCACGAGGAT.1",8
"X1_TGCTTCGCAGCGACAA.1",8
"X1_TGCTTCGCAGGTCCGT.1",1000
"X1_TGCTTCGCAGTATGAA.1",4
"X1_TGCTTCGCATACCACA.1",8
"X1_TGCTTCGCATGAGAAT.1",7
"X1_TGCTTCGCATGTGGTT.1",1000
"X1_TGCTTCGCATGTGTCA.1",1000
"X1_TGCTTCGGTAAGGCTG.1",1000
"X1_TGCTTCGGTACTGACT.1",8
"X1_TGCTTCGGTAGGACCA.1",8
"X1_TGCTTCGGTAGGCTGA.1",7
"X1_TGCTTCGGTCAGTCGC.1",7
"X1_TGCTTCGGTGTGCCTG.1",4
"X1_TGCTTCGGTTGTAGCT.1",7
"X1_TGCTTCGTCAGAGCGA.1",7
"X1_TGCTTCGTCAGCTTCC.1",1000
"X1_TGCTTCGTCATAGAGA.1",2
"X1_TGCTTCGTCCGATCTC.1",3
"X1_TGCTTCGTCGCGGTAC.1",1
"X1_TGCTTCGTCGCGTGAC.1",7
"X1_TGCTTCGTCGGTGAAG.1",1
"X1_TGCTTCGTCGTGTGAT.1",8
"X1_TGCTTCGTCGTTCATT.1",8
"X1_TGCTTCGTCTCAGGCG.1",1000
"X1_TGCTTCGTCTTAGCCC.1",8
"X1_TGCTTCGTCTTCCGTG.1",3
"X1_TGCTTGCAGACATAGT.1",5
"X1_TGCTTGCAGACCCGCT.1",4
"X1_TGCTTGCAGCAACAAT.1",4
"X1_TGCTTGCAGCCGGATA.1",7
"X1_TGCTTGCAGCGATTCT.1",8
"X1_TGCTTGCAGGTACTGG.1",1000
"X1_TGCTTGCAGGTCCTGC.1",1000
"X1_TGCTTGCAGTAACCGG.1",6
"X1_TGCTTGCAGTATTGCC.1",2
"X1_TGCTTGCAGTCTACCA.1",1000
"X1_TGCTTGCAGTGGATTA.1",1000
"X1_TGCTTGCAGTTGGCTT.1",3
"X1_TGCTTGCCACAAAGCG.1",1000
"X1_TGCTTGCCACACCTTC.1",3
"X1_TGCTTGCCACTGGACC.1",6
"X1_TGCTTGCCAGATCATC.1",0
"X1_TGCTTGCCAGGGATAC.1",7
"X1_TGCTTGCCATAAGCGG.1",7
"X1_TGCTTGCCATATGAAG.1",1000
"X1_TGCTTGCCATCGGAGA.1",4
"X1_TGCTTGCCATGTGACT.1",6
"X1_TGCTTGCGTAACAGTA.1",1000
"X1_TGCTTGCGTAGACGGT.1",1
"X1_TGCTTGCGTCCTTTGC.1",5
"X1_TGCTTGCGTCGACTTA.1",4
"X1_TGCTTGCGTCGAGATG.1",7
"X1_TGCTTGCGTGTCATGT.1",7
"X1_TGCTTGCGTTCGTAAC.1",1000
"X1_TGCTTGCGTTGACTAC.1",2
"X1_TGCTTGCTCAGAGTTC.1",2
"X1_TGCTTGCTCCGACAGC.1",8
"X1_TGCTTGCTCCGGACGT.1",1000
"X1_TGCTTGCTCCGGACTG.1",4
"X1_TGCTTGCTCGCAGTCG.1",1000
"X1_TGCTTGCTCGCTGATA.1",3
"X1_TGCTTGCTCGGAGCAA.1",4
"X1_TGCTTGCTCGTCAAAC.1",1000
"X1_TGCTTGCTCGTGGAAG.1",2
"X1_TGCTTGCTCTATCGTT.1",8
"X1_TGCTTGCTCTCCACTG.1",2
"X1_TGCTTGCTCTCCTGCA.1",8
"X1_TGCTTGCTCTTCGGAA.1",2
"X1_TGGAACTAGACATCCT.1",1000
"X1_TGGAACTAGAGGCGGA.1",4
"X1_TGGAACTAGATAGTCA.1",7
"X1_TGGAACTAGCCATCCG.1",1000
"X1_TGGAACTAGGATGTTA.1",2
"X1_TGGAACTAGGGATCGT.1",1000
"X1_TGGAACTAGGTTACAA.1",1000
"X1_TGGAACTAGTCGGGAT.1",8
"X1_TGGAACTAGTTTGTCG.1",1000
"X1_TGGAACTCAACCGCCA.1",1000
"X1_TGGAACTCAATCGCGC.1",8
"X1_TGGAACTCACAAATGA.1",5
"X1_TGGAACTCACCAGACC.1",1000
"X1_TGGAACTCACTCGATA.1",1000
"X1_TGGAACTCAGAGAAAG.1",1000
"X1_TGGAACTCAGAGCTAG.1",5
"X1_TGGAACTCAGTAGTTC.1",8
"X1_TGGAACTCATGACTCA.1",5
"X1_TGGAACTGTAGACACG.1",1
"X1_TGGAACTGTCTGTGCG.1",1000
"X1_TGGAACTGTGCACGCT.1",7
"X1_TGGAACTGTGCGTCGT.1",7
"X1_TGGAACTGTTAGAGTA.1",1000
"X1_TGGAACTGTTGGAGAC.1",1000
"X1_TGGAACTGTTGGCCTG.1",4
"X1_TGGAACTTCACACGAT.1",8
"X1_TGGAACTTCACCTCTG.1",1000
"X1_TGGAACTTCATGGTAC.1",1
"X1_TGGAACTTCGCCGAGT.1",7
"X1_TGGAACTTCTGGGCAC.1",6
"X1_TGGAGAGAGCTACTGT.1",3
"X1_TGGAGAGAGCTGTACT.1",1000
"X1_TGGAGAGAGGAACATT.1",1000
"X1_TGGAGAGAGGCGACAT.1",1
"X1_TGGAGAGAGGCTTTCA.1",7
"X1_TGGAGAGAGGGAGGAC.1",8
"X1_TGGAGAGAGTGTACAA.1",4
"X1_TGGAGAGAGTTCAACC.1",7
"X1_TGGAGAGAGTTCCTGA.1",5
"X1_TGGAGAGCAAAGGAGA.1",7
"X1_TGGAGAGCAACACTAC.1",7
"X1_TGGAGAGCACACCTAA.1",1000
"X1_TGGAGAGCACTATGTG.1",1000
"X1_TGGAGAGCAGCAGTTT.1",4
"X1_TGGAGAGCATCATCTT.1",1
"X1_TGGAGAGCATCGATGT.1",1
"X1_TGGAGAGCATTCGGGC.1",1000
"X1_TGGAGAGGTAAGTTGA.1",1000
"X1_TGGAGAGGTCGCTGCA.1",6
"X1_TGGAGAGGTCTAACGT.1",4
"X1_TGGAGAGGTCTCTCTG.1",3
"X1_TGGAGAGGTGGACAGT.1",6
"X1_TGGAGAGTCATCTGTT.1",1
"X1_TGGAGAGTCCATTCGC.1",1
"X1_TGGAGAGTCCTGATAG.1",2
"X1_TGGAGAGTCCTGTTGC.1",7
"X1_TGGAGAGTCGATGCAT.1",7
"X1_TGGAGAGTCGTGGGAA.1",1000
"X1_TGGAGAGTCTCGTCAC.1",1000
"X1_TGGAGAGTCTGTAACG.1",3
"X1_TGGAGGAAGCCTGAAG.1",8
"X1_TGGAGGAAGCTTTCTT.1",1000
"X1_TGGAGGAAGGAAACGA.1",8
"X1_TGGAGGAAGTCATGAA.1",1000
"X1_TGGAGGACAAATCAAG.1",2
"X1_TGGAGGACAAATGCGG.1",1000
"X1_TGGAGGACAACCGCCA.1",4
"X1_TGGAGGACAAGACAAT.1",3
"X1_TGGAGGACAGCGTTGC.1",0
"X1_TGGAGGACAGGAAGTC.1",4
"X1_TGGAGGACATAACTCG.1",8
"X1_TGGAGGACATCCTCAC.1",1
"X1_TGGAGGACATGAAGCG.1",7
"X1_TGGAGGACATGACACT.1",2
"X1_TGGAGGACATTGCTTT.1",1
"X1_TGGAGGAGTACCCACG.1",1000
"X1_TGGAGGAGTCAAGCGA.1",6
"X1_TGGAGGAGTTGCGTAT.1",3
"X1_TGGAGGATCCCTAGGG.1",8
"X1_TGGAGGATCCGTATAG.1",6
"X1_TGGAGGATCCTAAGTG.1",2
"X1_TGGAGGATCCTTCTTC.1",8
"X1_TGGAGGATCGACGCGT.1",4
"X1_TGGAGGATCGCTTGAA.1",8
"X1_TGGAGGATCGGTCATA.1",6
"X1_TGGAGGATCGTTGTGA.1",1
"X1_TGGAGGATCTATCACT.1",4
"X1_TGGAGGATCTCATGGA.1",8
"X1_TGGAGGATCTGCGGGT.1",8
"X1_TGGAGGATCTTAGCTT.1",1000
"X1_TGGAGGATCTTGGTCC.1",3
"X1_TGGATCAAGACGACTG.1",1000
"X1_TGGATCAAGAGTCACG.1",8
"X1_TGGATCAAGCAGTAAT.1",4
"X1_TGGATCAAGCTAATGA.1",7
"X1_TGGATCAAGGCCATAG.1",8
"X1_TGGATCAAGGCGAAGG.1",4
"X1_TGGATCAAGGTTCATC.1",1000
"X1_TGGATCAAGTAGGAAG.1",1
"X1_TGGATCAAGTATTGCC.1",4
"X1_TGGATCACAAGATGGC.1",7
"X1_TGGATCACAAGTGTCT.1",7
"X1_TGGATCACAATCCTTT.1",1
"X1_TGGATCACACAACATC.1",5
"X1_TGGATCACACGAGGTA.1",8
"X1_TGGATCACACGCTTAA.1",6
"X1_TGGATCACAGCAGTCC.1",1000
"X1_TGGATCACAGCTATTG.1",7
"X1_TGGATCACAGCTCTGG.1",1000
"X1_TGGATCACAGTGGGTA.1",8
"X1_TGGATCAGTAACGGTG.1",4
"X1_TGGATCAGTACGCGTC.1",6
"X1_TGGATCAGTATTTCGG.1",1000
"X1_TGGATCAGTCCGACGT.1",6
"X1_TGGATCAGTCGTTTCC.1",2
"X1_TGGATCAGTGACACAG.1",8
"X1_TGGATCAGTTACACAC.1",7
"X1_TGGATCAGTTAGGCCC.1",7
"X1_TGGATCATCAATCCAG.1",8
"X1_TGGATCATCAATCTTC.1",8
"X1_TGGATCATCACACCCT.1",5
"X1_TGGATCATCATGCCGG.1",3
"X1_TGGATCATCCCAAGTA.1",8
"X1_TGGATCATCCGAACGC.1",2
"X1_TGGATCATCCGACAGC.1",6
"X1_TGGATCATCCGAGGCT.1",0
"X1_TGGATCATCCTAGCTC.1",4
"X1_TGGATCATCGATTCCC.1",6
"X1_TGGATCATCGCAATGT.1",8
"X1_TGGATCATCGCCTCTA.1",5
"X1_TGGATCATCGGACTGC.1",1
"X1_TGGATCATCTTACACT.1",3
"X1_TGGATGTAGACCTTTG.1",1000
"X1_TGGATGTAGCAATAGT.1",1000
"X1_TGGATGTAGCCGTTAT.1",1000
"X1_TGGATGTAGCGTACAG.1",8
"X1_TGGATGTAGGCACTCC.1",1000
"X1_TGGATGTAGGCCTGAA.1",1
"X1_TGGATGTAGGCTGGAT.1",1
"X1_TGGATGTAGGGTGAAA.1",1000
"X1_TGGATGTAGTATGAAC.1",6
"X1_TGGATGTAGTTTCAGC.1",6
"X1_TGGATGTCAAAGGCGT.1",8
"X1_TGGATGTCAACACAGG.1",2
"X1_TGGATGTCAAGGCGTA.1",4
"X1_TGGATGTCAAGTATAG.1",7
"X1_TGGATGTCAATAGGAT.1",4
"X1_TGGATGTCACATCCCT.1",8
"X1_TGGATGTCACCGTACG.1",8
"X1_TGGATGTCAGCCGTTG.1",7
"X1_TGGATGTCAGCGACCT.1",8
"X1_TGGATGTCAGTGCCTG.1",7
"X1_TGGATGTCATGGCTAT.1",7
"X1_TGGATGTCATTCAGGT.1",6
"X1_TGGATGTGTACCAGAG.1",4
"X1_TGGATGTGTACGCGTC.1",8
"X1_TGGATGTGTACTCCCT.1",8
"X1_TGGATGTGTATGCTTG.1",1
"X1_TGGATGTGTCAGCGTC.1",3
"X1_TGGATGTGTCGTCGGT.1",8
"X1_TGGATGTGTGAATGTA.1",7
"X1_TGGATGTGTGACTGTT.1",1000
"X1_TGGATGTGTGCAATGG.1",1000
"X1_TGGATGTGTTAAAGTG.1",1000
"X1_TGGATGTGTTTATGCG.1",6
"X1_TGGATGTTCAAGCCGC.1",3
"X1_TGGATGTTCCCAACTC.1",5
"X1_TGGATGTTCCTCTCTT.1",8
"X1_TGGATGTTCGTGACTA.1",1000
"X1_TGGATGTTCTCTCAAT.1",8
"X1_TGGATGTTCTCTTCAA.1",8
"X1_TGGATGTTCTGCATGA.1",8
"X1_TGGCGTGAGAAATTCG.1",3
"X1_TGGCGTGAGAACCGCA.1",3
"X1_TGGCGTGAGAGGCCAT.1",7
"X1_TGGCGTGAGATACATG.1",1000
"X1_TGGCGTGAGCCATCCG.1",8
"X1_TGGCGTGAGCTAGAGC.1",8
"X1_TGGCGTGAGGGCAACT.1",7
"X1_TGGCGTGCAAAGACTA.1",4
"X1_TGGCGTGCAACCGCCA.1",7
"X1_TGGCGTGCAACCTAAC.1",6
"X1_TGGCGTGCAACGGTAG.1",3
"X1_TGGCGTGCAGAGTTGG.1",0
"X1_TGGCGTGCATCATCCC.1",8
"X1_TGGCGTGCATTGTAGC.1",7
"X1_TGGCGTGGTACAACGG.1",7
"X1_TGGCGTGGTAGGCTGA.1",7
"X1_TGGCGTGGTAGTACGG.1",3
"X1_TGGCGTGGTCCTACGG.1",3
"X1_TGGCGTGGTCTTACAG.1",7
"X1_TGGCGTGGTGAGTTGG.1",2
"X1_TGGCGTGGTGTGAATA.1",1000
"X1_TGGCGTGGTGTTAACC.1",1000
"X1_TGGCGTGGTTAACCTG.1",5
"X1_TGGCGTGGTTCAAGTC.1",4
"X1_TGGCGTGTCACCCTGT.1",6
"X1_TGGCGTGTCACCTCTG.1",8
"X1_TGGCGTGTCACTTGTT.1",1000
"X1_TGGCGTGTCATCTGTT.1",1
"X1_TGGCGTGTCCTTATAC.1",4
"X1_TGGCGTGTCCTTATGT.1",1
"X1_TGGCGTGTCCTTCGAC.1",5
"X1_TGGCGTGTCGACGTCG.1",8
"X1_TGGCGTGTCGCTGACG.1",7
"X1_TGGCGTGTCGGTCGAC.1",1000
"X1_TGGCGTGTCTACGGGC.1",2
"X1_TGGGAAGAGAAGGTAG.1",3
"X1_TGGGAAGAGCACTCAT.1",8
"X1_TGGGAAGAGCATTGTC.1",1
"X1_TGGGAAGAGGCTAGCA.1",7
"X1_TGGGAAGAGGGCGAGA.1",2
"X1_TGGGAAGAGGTCGAGT.1",2
"X1_TGGGAAGAGTTGTACC.1",8
"X1_TGGGAAGAGTTTGCTG.1",1000
"X1_TGGGAAGCAAAGAGTT.1",7
"X1_TGGGAAGCAATACCCA.1",1000
"X1_TGGGAAGCACTAAACC.1",7
"X1_TGGGAAGCACTGTGTA.1",7
"X1_TGGGAAGCATATCGGT.1",8
"X1_TGGGAAGCATTGCTGA.1",1000
"X1_TGGGAAGGTACTCGCG.1",1000
"X1_TGGGAAGGTCTCACGG.1",4
"X1_TGGGAAGGTTAGTCGT.1",5
"X1_TGGGAAGGTTCTCCAC.1",4
"X1_TGGGAAGGTTTAAGGA.1",5
"X1_TGGGAAGTCAACCTCC.1",2
"X1_TGGGAAGTCATCGCCT.1",3
"X1_TGGGAAGTCATGCAGT.1",4
"X1_TGGGAAGTCCAAGCAT.1",1000
"X1_TGGGAAGTCGAAGTGG.1",1000
"X1_TGGGAAGTCGACACCG.1",2
"X1_TGGGAAGTCGGAAACG.1",2
"X1_TGGGAAGTCTCCTACG.1",1000
"X1_TGGGAGAAGACATAAC.1",1000
"X1_TGGGAGAAGACTTGTC.1",8
"X1_TGGGAGAAGCGAAACC.1",3
"X1_TGGGAGAAGCTCACTA.1",2
"X1_TGGGAGAAGCTGTTCA.1",2
"X1_TGGGAGAAGGGAACAA.1",1
"X1_TGGGAGAAGGTACAGC.1",7
"X1_TGGGAGAAGTAATCCC.1",7
"X1_TGGGAGAAGTAGGCCA.1",8
"X1_TGGGAGACAAGCGATG.1",8
"X1_TGGGAGACAATCGAAA.1",7
"X1_TGGGAGACACCAACAT.1",4
"X1_TGGGAGACACGCTGTG.1",6
"X1_TGGGAGACAGCTGTTA.1",7
"X1_TGGGAGACAGCTTCGG.1",7
"X1_TGGGAGACAGTCTACA.1",1000
"X1_TGGGAGACATCGGCCA.1",4
"X1_TGGGAGACATTGCTTT.1",4
"X1_TGGGAGAGTAGTGATA.1",1000
"X1_TGGGAGAGTATGGGAC.1",7
"X1_TGGGAGAGTCATGGCC.1",4
"X1_TGGGAGAGTCGGTGTC.1",6
"X1_TGGGAGAGTCTGTGCG.1",4
"X1_TGGGAGAGTGCGCTCA.1",6
"X1_TGGGAGAGTGGTCTGC.1",0
"X1_TGGGAGAGTGTGCTTA.1",1000
"X1_TGGGAGAGTGTTCATG.1",1000
"X1_TGGGAGATCCAACACA.1",5
"X1_TGGGAGATCCAAGCTA.1",3
"X1_TGGGAGATCCACGAAT.1",8
"X1_TGGGAGATCCGAGGCT.1",1000
"X1_TGGGAGATCCGAGTGC.1",1000
"X1_TGGGAGATCCGTAATG.1",3
"X1_TGGGAGATCCTACGAA.1",2
"X1_TGGGATTAGACGCCCT.1",7
"X1_TGGGATTAGATGTAGT.1",1000
"X1_TGGGATTAGGATAATC.1",7
"X1_TGGGATTAGGTCGACA.1",4
"X1_TGGGATTAGGTGCTAG.1",1000
"X1_TGGGATTAGGTTGAGC.1",4
"X1_TGGGATTAGTATTAGG.1",4
"X1_TGGGATTAGTGACACG.1",6
"X1_TGGGATTAGTTCACTG.1",1000
"X1_TGGGATTCAACAAGTA.1",2
"X1_TGGGATTCACTACACA.1",8
"X1_TGGGATTCAGAACTAA.1",5
"X1_TGGGATTCAGAATGTA.1",1000
"X1_TGGGATTCATACATCG.1",1000
"X1_TGGGATTCATCATCCC.1",7
"X1_TGGGATTGTACTTGTG.1",1000
"X1_TGGGATTGTAGTCCTA.1",0
"X1_TGGGATTGTCAACACT.1",8
"X1_TGGGATTGTTTAGAGA.1",4
"X1_TGGGATTGTTTGCAGT.1",1000
"X1_TGGGATTTCACGAGGA.1",0
"X1_TGGGATTTCCAATGCA.1",8
"X1_TGGGATTTCGCTGCGA.1",1000
"X1_TGGGATTTCTGTCCGT.1",1000
"X1_TGGGATTTCTTCGGTC.1",8
"X1_TGGGCGTAGGCGTCCT.1",7
"X1_TGGGCGTAGGTTACCT.1",7
"X1_TGGGCGTAGTGGTTGG.1",1000
"X1_TGGGCGTCAAGTGGTG.1",8
"X1_TGGGCGTCAATCCAGT.1",1000
"X1_TGGGCGTCACTCACTC.1",4
"X1_TGGGCGTCAGAGCGTA.1",7
"X1_TGGGCGTCAGGTCCCA.1",7
"X1_TGGGCGTCAGTGCCTG.1",4
"X1_TGGGCGTCATCCGAAT.1",1
"X1_TGGGCGTCATGACTAC.1",4
"X1_TGGGCGTGTAGGCAAC.1",1000
"X1_TGGGCGTGTATCGGTT.1",7
"X1_TGGGCGTGTCCGGTGT.1",8
"X1_TGGGCGTGTCGCTGCA.1",8
"X1_TGGGCGTGTCGGTGTC.1",4
"X1_TGGGCGTGTCGTGTTA.1",8
"X1_TGGGCGTGTGCTCTCT.1",4
"X1_TGGGCGTGTTGTGGAG.1",6
"X1_TGGGCGTTCATGTCAG.1",3
"X1_TGGGCGTTCCAACCGG.1",2
"X1_TGGGCGTTCCAGCAAT.1",7
"X1_TGGGCGTTCGAGTGGA.1",7
"X1_TGGGCGTTCGCGGTAC.1",4
"X1_TGGGCGTTCGCTACGG.1",8
"X1_TGGGCGTTCGGACAAG.1",1000
"X1_TGGGCGTTCTGTGCGG.1",5
"X1_TGGGCTGAGACCTCAT.1",5
"X1_TGGGCTGAGACGCTCC.1",7
"X1_TGGGCTGAGATGGTCG.1",7
"X1_TGGGCTGAGATGTTGA.1",1000
"X1_TGGGCTGAGCATTGTC.1",7
"X1_TGGGCTGAGCCTCTTC.1",8
"X1_TGGGCTGAGCGGACAT.1",2
"X1_TGGGCTGAGGAGCAAA.1",8
"X1_TGGGCTGAGGTACAAT.1",3
"X1_TGGGCTGAGTCACAGG.1",7
"X1_TGGGCTGAGTCATGCT.1",4
"X1_TGGGCTGAGTTGCTCA.1",8
"X1_TGGGCTGCAACACGAG.1",4
"X1_TGGGCTGCAAGGAGTC.1",8
"X1_TGGGCTGCAAGGCGTA.1",8
"X1_TGGGCTGCAATCGCAT.1",1000
"X1_TGGGCTGCACCGTGAC.1",2
"X1_TGGGCTGCACGGCGTT.1",8
"X1_TGGGCTGCAGCACCCA.1",3
"X1_TGGGCTGCAGCTGTAT.1",3
"X1_TGGGCTGCATCAGCAT.1",8
"X1_TGGGCTGCATCGAAGG.1",5
"X1_TGGGCTGGTAACCAGG.1",2
"X1_TGGGCTGGTAACGGTG.1",7
"X1_TGGGCTGGTACGAGCA.1",1000
"X1_TGGGCTGGTAGATGTA.1",7
"X1_TGGGCTGGTCACTGAT.1",7
"X1_TGGGCTGGTCGTATGT.1",8
"X1_TGGGCTGGTCGTTGGC.1",7
"X1_TGGGCTGGTTCAGGTT.1",8
"X1_TGGGCTGGTTGTGGAG.1",3
"X1_TGGGCTGGTTTGTTCT.1",4
"X1_TGGGCTGTCAAAGACA.1",4
"X1_TGGGCTGTCAAGCTGT.1",5
"X1_TGGGCTGTCACCCATC.1",1000
"X1_TGGGCTGTCCATTTCA.1",7
"X1_TGGGCTGTCCCTCATG.1",7
"X1_TGGGCTGTCTCCATAT.1",4
"X1_TGGGCTGTCTGGGATT.1",1000
"X1_TGGGCTGTCTGTAAGC.1",5
"X1_TGGGCTGTCTTTGCGC.1",2
"X1_TGGGTTAAGACCATTC.1",3
"X1_TGGGTTAAGACGCAGT.1",8
"X1_TGGGTTAAGACGGATC.1",8
"X1_TGGGTTAAGCGTGAAC.1",1000
"X1_TGGGTTAAGGACGCTA.1",8
"X1_TGGGTTAAGGCAGTCA.1",1
"X1_TGGGTTAAGTATGACA.1",4
"X1_TGGGTTAAGTCGAAGC.1",2
"X1_TGGGTTACAACATACC.1",7
"X1_TGGGTTACAAGCTGTT.1",7
"X1_TGGGTTACAGCATCTA.1",8
"X1_TGGGTTACAGCTATTG.1",1
"X1_TGGGTTACATAGATCC.1",1000
"X1_TGGGTTACATAGGAGC.1",4
"X1_TGGGTTACATTACTCT.1",8
"X1_TGGGTTAGTACGGGAT.1",8
"X1_TGGGTTAGTAGCGCTC.1",2
"X1_TGGGTTAGTCAGGCAA.1",1000
"X1_TGGGTTAGTCGAACGA.1",5
"X1_TGGGTTAGTCTTGTCC.1",6
"X1_TGGGTTAGTTAGCGGA.1",1000
"X1_TGGGTTAGTTCGGCCA.1",6
"X1_TGGGTTAGTTGGCCTG.1",4
"X1_TGGGTTAGTTGGGTAG.1",4
"X1_TGGGTTATCATTTCGT.1",6
"X1_TGGGTTATCGACACTA.1",5
"X1_TGGGTTATCGGCTATA.1",5
"X1_TGGGTTATCTACGGTA.1",8
"X1_TGGGTTATCTTCCAGC.1",1000
"X1_TGGTACAAGACGACGT.1",7
"X1_TGGTACAAGAGTCAAT.1",1000
"X1_TGGTACAAGATTGAGT.1",1000
"X1_TGGTACAAGCACTCTA.1",4
"X1_TGGTACAAGGACAGCT.1",8
"X1_TGGTACAAGTCGAAAT.1",1000
"X1_TGGTACAAGTCGCCCA.1",3
"X1_TGGTACAAGTGCACCC.1",4
"X1_TGGTACAAGTGGTGAC.1",7
"X1_TGGTACAAGTTGAATG.1",3
"X1_TGGTACACAAATGCGG.1",8
"X1_TGGTACACAACAGAGC.1",1
"X1_TGGTACACAAGTATCC.1",5
"X1_TGGTACACAATCCTTT.1",8
"X1_TGGTACACACTTCATT.1",1
"X1_TGGTACACACTTGGCG.1",3
"X1_TGGTACACAGATTCGT.1",7
"X1_TGGTACACAGTCAGAG.1",4
"X1_TGGTACACATTCCTAT.1",1000
"X1_TGGTACAGTATTCCTT.1",7
"X1_TGGTACAGTCAAAGCG.1",4
"X1_TGGTACAGTCCTCCAT.1",4
"X1_TGGTACAGTCGTTGCG.1",7
"X1_TGGTACAGTGTCATGT.1",6
"X1_TGGTACAGTGTTAAAG.1",8
"X1_TGGTACAGTTCAAACC.1",5
"X1_TGGTACAGTTCCTTGC.1",1000
"X1_TGGTACAGTTTCCCAC.1",3
"X1_TGGTACATCAACTACG.1",8
"X1_TGGTACATCACGGGAA.1",1000
"X1_TGGTACATCACGGGCT.1",0
"X1_TGGTACATCAGAGTTC.1",4
"X1_TGGTACATCATTCCTA.1",2
"X1_TGGTACATCCTGCCAT.1",1000
"X1_TGGTACATCCTGTTGC.1",3
"X1_TGGTACATCGGTCAGC.1",1000
"X1_TGGTACATCTCAGAAC.1",8
"X1_TGGTACATCTTGTTAC.1",7
"X1_TGGTAGTAGCAGGTCA.1",2
"X1_TGGTAGTAGGTACTGG.1",3
"X1_TGGTAGTCAATCAGCT.1",1000
"X1_TGGTAGTCACCAGACC.1",4
"X1_TGGTAGTCACCGGTCA.1",7
"X1_TGGTAGTCACGCTGTG.1",2
"X1_TGGTAGTCACGTGAGA.1",7
"X1_TGGTAGTCAGCAAGAC.1",8
"X1_TGGTAGTCATCTCAAG.1",7
"X1_TGGTAGTGTAGCCCTG.1",7
"X1_TGGTAGTGTATTGGCT.1",6
"X1_TGGTAGTGTCAAGCCC.1",0
"X1_TGGTAGTGTCATAAAG.1",1000
"X1_TGGTAGTGTCGCACAC.1",5
"X1_TGGTAGTGTCGGTACC.1",1000
"X1_TGGTAGTGTCTCTCTG.1",2
"X1_TGGTAGTGTGAAGCGT.1",5
"X1_TGGTAGTGTGAGGAAA.1",4
"X1_TGGTAGTGTGCACATT.1",1
"X1_TGGTAGTGTGGTCAAG.1",3
"X1_TGGTAGTGTGTTCGAT.1",7
"X1_TGGTAGTGTTGCCTAA.1",5
"X1_TGGTAGTTCAGCATTG.1",3
"X1_TGGTAGTTCAGGTGTT.1",4
"X1_TGGTAGTTCAGTCCGG.1",1000
"X1_TGGTAGTTCATCGACA.1",7
"X1_TGGTAGTTCATGAAAG.1",1000
"X1_TGGTAGTTCGCCGTGA.1",7
"X1_TGGTAGTTCGCGGACT.1",7
"X1_TGGTAGTTCTACCCAC.1",1000
"X1_TGGTAGTTCTATCGGA.1",1000
"X1_TGGTAGTTCTGGTTGA.1",1000
"X1_TGGTAGTTCTTACACT.1",2
"X1_TGGTAGTTCTTCTGTA.1",6
"X1_TGGTGATAGACCTCAT.1",4
"X1_TGGTGATAGAGGTTTA.1",8
"X1_TGGTGATAGGCATGGT.1",1000
"X1_TGGTGATAGGGATCTG.1",1000
"X1_TGGTGATAGTCCCAGC.1",7
"X1_TGGTGATCAAAGCAAT.1",7
"X1_TGGTGATCACCATTCC.1",2
"X1_TGGTGATCACCGGCTA.1",8
"X1_TGGTGATCACCGTCGA.1",1000
"X1_TGGTGATCACGCTGCA.1",8
"X1_TGGTGATCACGCTGTG.1",5
"X1_TGGTGATCAGGAAGTC.1",6
"X1_TGGTGATCAGTAACAA.1",4
"X1_TGGTGATGTACTTCCC.1",5
"X1_TGGTGATGTATATGGA.1",3
"X1_TGGTGATGTCCTACGG.1",0
"X1_TGGTGATGTCCTATAG.1",6
"X1_TGGTGATGTCTAACGT.1",4
"X1_TGGTGATGTGACAACG.1",3
"X1_TGGTGATGTGTGAGCA.1",8
"X1_TGGTGATGTTAAACAG.1",1000
"X1_TGGTGATGTTCAGTAC.1",5
"X1_TGGTGATGTTCCAGGC.1",2
"X1_TGGTGATTCCGAACGC.1",7
"X1_TGGTGATTCCGTGTCT.1",1000
"X1_TGGTGATTCGAGTGGA.1",1000
"X1_TGGTGATTCGCAGTGC.1",6
"X1_TGGTGATTCGGATTAC.1",1000
"X1_TGGTGATTCGTCCTCA.1",4
"X1_TGGTGATTCTAGCAAC.1",6
"X1_TGGTGATTCTGCCTCA.1",8
"X1_TGGTGATTCTTCGCTG.1",4
"X1_TGGTTAGAGACTAAGT.1",5
"X1_TGGTTAGAGAGCAGAA.1",1000
"X1_TGGTTAGAGATTAGTG.1",8
"X1_TGGTTAGAGCCAGACA.1",4
"X1_TGGTTAGAGCGACTTT.1",1000
"X1_TGGTTAGAGGAAAGGT.1",8
"X1_TGGTTAGAGGCGTCCT.1",8
"X1_TGGTTAGAGTGGACTG.1",8
"X1_TGGTTAGAGTTTGTCG.1",5
"X1_TGGTTAGCAATCGCAT.1",8
"X1_TGGTTAGCAATGTCAC.1",3
"X1_TGGTTAGCACCAGTTA.1",2
"X1_TGGTTAGCAGAGTCAG.1",3
"X1_TGGTTAGCATTATGCG.1",4
"X1_TGGTTAGGTCACATTG.1",4
"X1_TGGTTAGGTGCCCTTT.1",3
"X1_TGGTTAGGTGCTCTCT.1",8
"X1_TGGTTAGGTGCTGCAC.1",7
"X1_TGGTTAGGTGGAGAAA.1",1000
"X1_TGGTTAGGTTGATGTC.1",7
"X1_TGGTTAGGTTGTTGCA.1",7
"X1_TGGTTAGTCAAAGAAC.1",1000
"X1_TGGTTAGTCAGCCTTC.1",1000
"X1_TGGTTAGTCGGTCTAA.1",2
"X1_TGGTTAGTCTGTCTCG.1",7
"X1_TGTAACGAGAAGCGAA.1",7
"X1_TGTAACGAGATAACAC.1",2
"X1_TGTAACGAGATGTTGA.1",1000
"X1_TGTAACGAGCACTCAT.1",2
"X1_TGTAACGAGCCACCGT.1",7
"X1_TGTAACGAGCGACTGA.1",6
"X1_TGTAACGAGCGCAATG.1",6
"X1_TGTAACGAGGACAAGA.1",1000
"X1_TGTAACGAGTCCCAAT.1",3
"X1_TGTAACGAGTCGCGAA.1",1000
"X1_TGTAACGAGTGAGCCA.1",3
"X1_TGTAACGCACCCTAGG.1",4
"X1_TGTAACGCACGTTCGG.1",6
"X1_TGTAACGCAGAACTTC.1",1000
"X1_TGTAACGCAGGCACAA.1",6
"X1_TGTAACGCAGTTTGGT.1",4
"X1_TGTAACGCATAGTCGT.1",8
"X1_TGTAACGCATCCGGTG.1",1000
"X1_TGTAACGCATCGAGCC.1",8
"X1_TGTAACGCATGGGTCC.1",1000
"X1_TGTAACGCATGTTCGA.1",1000
"X1_TGTAACGGTCATTGCA.1",7
"X1_TGTAACGGTCGTACTA.1",8
"X1_TGTAACGGTTACCGTA.1",4
"X1_TGTAACGGTTGCCATA.1",8
"X1_TGTAACGGTTGTTTGG.1",5
"X1_TGTAACGTCACCTCGT.1",4
"X1_TGTAACGTCATTCGGA.1",4
"X1_TGTAACGTCATTCTTG.1",2
"X1_TGTAACGTCCTTCACG.1",6
"X1_TGTAACGTCGACCAAT.1",4
"X1_TGTAACGTCTCGGTAA.1",7
"X1_TGTAACGTCTGCCTCA.1",4
"X1_TGTAACGTCTGTCAGA.1",5
"X1_TGTAACGTCTTGGGCG.1",7
"X1_TGTAAGCAGACGCATG.1",7
"X1_TGTAAGCAGCAGGGAG.1",3
"X1_TGTAAGCAGGACAGCT.1",5
"X1_TGTAAGCAGTAAAGCT.1",1000
"X1_TGTAAGCAGTACTGTC.1",7
"X1_TGTAAGCAGTTCCGGC.1",0
"X1_TGTAAGCCAACCAATC.1",5
"X1_TGTAAGCCAACGACTT.1",0
"X1_TGTAAGCCACCAAATC.1",5
"X1_TGTAAGCCACCTCAGG.1",1000
"X1_TGTAAGCCACTGTTCC.1",1000
"X1_TGTAAGCCAGATCCTA.1",1
"X1_TGTAAGCCAGCCCACA.1",7
"X1_TGTAAGCGTCACGCTG.1",7
"X1_TGTAAGCGTCGCTTGG.1",1000
"X1_TGTAAGCGTCGTCAGC.1",1
"X1_TGTAAGCGTGCAGGAT.1",1000
"X1_TGTAAGCGTGGAACAC.1",3
"X1_TGTAAGCGTGTGGACA.1",4
"X1_TGTAAGCGTTCGTACA.1",8
"X1_TGTAAGCGTTTCGCTC.1",7
"X1_TGTAAGCTCAGCTAGT.1",4
"X1_TGTAAGCTCCAGTACA.1",6
"X1_TGTACAGAGAAGCGCT.1",4
"X1_TGTACAGAGAATAACC.1",8
"X1_TGTACAGAGAGGTTTA.1",1000
"X1_TGTACAGAGCAAACAT.1",1000
"X1_TGTACAGAGCATGCAG.1",4
"X1_TGTACAGAGCCAACCC.1",3
"X1_TGTACAGAGTACAGCG.1",1
"X1_TGTACAGAGTTGGAGC.1",3
"X1_TGTACAGCAAGAGGCT.1",1000
"X1_TGTACAGCACACGGTC.1",4
"X1_TGTACAGCACTAACCA.1",6
"X1_TGTACAGCACTTGGGC.1",2
"X1_TGTACAGCAGAAATTG.1",7
"X1_TGTACAGCAGCGTGCT.1",2
"X1_TGTACAGCAGTAGTGG.1",8
"X1_TGTACAGCATAGAAAC.1",5
"X1_TGTACAGCATCGATAC.1",1000
"X1_TGTACAGCATGACTTG.1",5
"X1_TGTACAGGTACTTGTG.1",1000
"X1_TGTACAGGTATCGAGG.1",7
"X1_TGTACAGGTGCAACGA.1",1000
"X1_TGTACAGGTGCACGCT.1",3
"X1_TGTACAGGTGCGAACA.1",7
"X1_TGTACAGGTGGACTGA.1",4
"X1_TGTACAGGTGTTAAAG.1",4
"X1_TGTACAGGTTATTCCT.1",7
"X1_TGTACAGGTTGCACGC.1",7
"X1_TGTACAGGTTGCATTG.1",1000
"X1_TGTACAGTCAACGTGT.1",5
"X1_TGTACAGTCACCACAA.1",8
"X1_TGTACAGTCCATTGTT.1",8
"X1_TGTACAGTCGCAATTG.1",3
"X1_TGTACAGTCTATCGCC.1",8
"X1_TGTACAGTCTATTCGT.1",1000
"X1_TGTACAGTCTTCTGGC.1",8
"X1_TGTAGACAGATAGCAT.1",1000
"X1_TGTAGACAGCACGATG.1",8
"X1_TGTAGACAGCCATTTG.1",1
"X1_TGTAGACAGCCTATTG.1",7
"X1_TGTAGACAGGATAATC.1",5
"X1_TGTAGACAGGATGGCT.1",1000
"X1_TGTAGACAGGGAACAA.1",8
"X1_TGTAGACAGGTACATA.1",5
"X1_TGTAGACAGTCATACC.1",4
"X1_TGTAGACAGTCTCCTC.1",1000
"X1_TGTAGACCACTAGTAC.1",7
"X1_TGTAGACCACTGAATC.1",8
"X1_TGTAGACCAGAACTTC.1",7
"X1_TGTAGACCAGAAGCTG.1",8
"X1_TGTAGACCAGCTACAT.1",8
"X1_TGTAGACCATGTAACC.1",8
"X1_TGTAGACGTACATACC.1",3
"X1_TGTAGACGTACCCACG.1",7
"X1_TGTAGACGTAGAGCTG.1",7
"X1_TGTAGACGTCTAACGT.1",1000
"X1_TGTAGACGTGAGATTA.1",6
"X1_TGTAGACGTGTCTTCC.1",6
"X1_TGTAGACGTGTGCCTG.1",7
"X1_TGTAGACGTGTTACTG.1",1000
"X1_TGTAGACGTTATGGTC.1",4
"X1_TGTAGACGTTCGAAGG.1",7
"X1_TGTAGACGTTCTTAGG.1",8
"X1_TGTAGACGTTGCACGC.1",1000
"X1_TGTAGACGTTGGTACT.1",3
"X1_TGTAGACTCAAACCCA.1",8
"X1_TGTAGACTCACCATAG.1",1000
"X1_TGTAGACTCCAACACA.1",5
"X1_TGTAGACTCCTACCAC.1",0
"X1_TGTAGACTCGGTTGTA.1",2
"X1_TGTAGACTCGTAACCA.1",1000
"X1_TGTAGACTCTCGAGTA.1",5
"X1_TGTCAGAAGAACGCGT.1",1000
"X1_TGTCAGAAGAGAGGGC.1",8
"X1_TGTCAGAAGATTGCGG.1",5
"X1_TGTCAGAAGCAGCCCT.1",5
"X1_TGTCAGAAGGAGTATT.1",1000
"X1_TGTCAGAAGGCCACTC.1",1000
"X1_TGTCAGAAGGCCTTGC.1",1000
"X1_TGTCAGAAGGGTGAGG.1",7
"X1_TGTCAGAAGGTATTGA.1",1000
"X1_TGTCAGAAGTGGAAAG.1",7
"X1_TGTCAGACAAATGATG.1",1
"X1_TGTCAGACAAGCTGCC.1",1000
"X1_TGTCAGACACATACGT.1",1
"X1_TGTCAGACACCAACAT.1",2
"X1_TGTCAGACAGCGTGAA.1",4
"X1_TGTCAGACATCGGAAG.1",7
"X1_TGTCAGAGTCCGGCAT.1",7
"X1_TGTCAGAGTCCTTGTC.1",8
"X1_TGTCAGAGTGCTGATT.1",1000
"X1_TGTCAGAGTGTACGCC.1",2
"X1_TGTCAGAGTGTGTGTT.1",7
"X1_TGTCAGAGTTACAGCT.1",3
"X1_TGTCAGAGTTCGGCCA.1",1
"X1_TGTCAGATCACAAGGG.1",1
"X1_TGTCAGATCACATTGG.1",8
"X1_TGTCAGATCACGACTA.1",4
"X1_TGTCAGATCAGTCAGT.1",4
"X1_TGTCAGATCTCTTGCG.1",1000
"X1_TGTCCACAGAGCTGAC.1",1
"X1_TGTCCACAGGTCCCTG.1",4
"X1_TGTCCACCAACCGTGC.1",3
"X1_TGTCCACCACAAATAG.1",1000
"X1_TGTCCACCACACCAGC.1",1000
"X1_TGTCCACCAGCGAGTA.1",4
"X1_TGTCCACCAGTTACCA.1",8
"X1_TGTCCACCATCATTTC.1",6
"X1_TGTCCACCATGACACT.1",7
"X1_TGTCCACGTAACGGTG.1",6
"X1_TGTCCACGTACGCTAT.1",4
"X1_TGTCCACGTAGCTTAC.1",6
"X1_TGTCCACGTAGGAAAG.1",1000
"X1_TGTCCACGTAGTAAGT.1",1000
"X1_TGTCCACGTCGAAGCA.1",1000
"X1_TGTCCACGTCGCTCGA.1",7
"X1_TGTCCACGTCGTTTCC.1",1
"X1_TGTCCACGTGACCGTC.1",7
"X1_TGTCCACGTGAGCGAT.1",3
"X1_TGTCCACGTGCCCAGT.1",1000
"X1_TGTCCACGTTCTCTCG.1",1000
"X1_TGTCCACGTTGTTGCA.1",0
"X1_TGTCCACGTTTCTTAC.1",8
"X1_TGTCCACTCAAGCTGT.1",1000
"X1_TGTCCACTCAAGTGTC.1",1000
"X1_TGTCCACTCATCGGGC.1",1000
"X1_TGTCCACTCATGACAC.1",7
"X1_TGTCCACTCGTCCTTG.1",1000
"X1_TGTCCACTCGTGTGAT.1",4
"X1_TGTCCACTCTTACGGA.1",3
"X1_TGTCCACTCTTTCTAG.1",8
"X1_TGTCCCAAGAGTGACC.1",7
"X1_TGTCCCAAGCAGGCAT.1",8
"X1_TGTCCCAAGCCTAGGA.1",8
"X1_TGTCCCAAGCGCCTAC.1",1000
"X1_TGTCCCAAGGCCACTC.1",3
"X1_TGTCCCAAGGTAAGGA.1",1000
"X1_TGTCCCAAGTGCAAAT.1",1000
"X1_TGTCCCACAAAGGCTG.1",8
"X1_TGTCCCACACAAGCAG.1",6
"X1_TGTCCCACACCCTCTA.1",1000
"X1_TGTCCCACACGATTCA.1",1000
"X1_TGTCCCACACGGTGTC.1",8
"X1_TGTCCCACACTGTGAT.1",8
"X1_TGTCCCACAGAAGCGT.1",8
"X1_TGTCCCACAGAGCGTA.1",6
"X1_TGTCCCACAGATACCT.1",2
"X1_TGTCCCACAGGACAGT.1",7
"X1_TGTCCCACATGACCCG.1",8
"X1_TGTCCCACATGTTCGA.1",7
"X1_TGTCCCAGTACCGTCG.1",8
"X1_TGTCCCAGTACGGCAA.1",7
"X1_TGTCCCAGTACGGTTT.1",4
"X1_TGTCCCAGTACGTAGG.1",7
"X1_TGTCCCAGTCGAGTTT.1",6
"X1_TGTCCCAGTCTAGGCC.1",3
"X1_TGTCCCAGTCTTTCAT.1",7
"X1_TGTCCCAGTGAGGAAA.1",1000
"X1_TGTCCCAGTGCTCCGA.1",2
"X1_TGTCCCAGTGGTCCGT.1",1
"X1_TGTCCCAGTGTCCGGT.1",1
"X1_TGTCCCAGTTCTGAGT.1",1000
"X1_TGTCCCATCAAACGTC.1",3
"X1_TGTCCCATCAATCAGC.1",7
"X1_TGTCCCATCACAGAGG.1",1
"X1_TGTCCCATCACGTAGT.1",4
"X1_TGTCCCATCGACGCGT.1",1000
"X1_TGTCCCATCGTTTACT.1",8
"X1_TGTCCCATCTACGGTA.1",4
"X1_TGTCCCATCTCCGAGG.1",1000
"X1_TGTCCTGAGACTCGAG.1",1000
"X1_TGTCCTGAGCTAAACA.1",8
"X1_TGTCCTGAGGCCCACT.1",5
"X1_TGTCCTGAGGTCTTTG.1",6
"X1_TGTCCTGAGTAGGAAG.1",3
"X1_TGTCCTGCAACGAGGT.1",1
"X1_TGTCCTGCAAGAATGT.1",6
"X1_TGTCCTGCAGGGAATC.1",1000
"X1_TGTCCTGCATCCAACA.1",4
"X1_TGTCCTGCATCTAGAC.1",8
"X1_TGTCCTGCATGACAAA.1",5
"X1_TGTCCTGCATGTTACG.1",1
"X1_TGTCCTGGTAACGCGA.1",7
"X1_TGTCCTGGTAAGATAC.1",8
"X1_TGTCCTGGTATCTCTT.1",1000
"X1_TGTCCTGGTATGCAAA.1",1000
"X1_TGTCCTGGTCCATCTC.1",8
"X1_TGTCCTGGTCCCACGA.1",8
"X1_TGTCCTGGTCGAACGA.1",4
"X1_TGTCCTGGTCTGATCA.1",4
"X1_TGTCCTGGTGGCTCTG.1",8
"X1_TGTCCTGTCAAAGGTA.1",1000
"X1_TGTCCTGTCACCGCTT.1",8
"X1_TGTCCTGTCCACACAA.1",7
"X1_TGTCCTGTCCTGGCTT.1",3
"X1_TGTGAGTAGAAGCGAA.1",1000
"X1_TGTGAGTAGCATATGA.1",1000
"X1_TGTGAGTAGCGTTCAT.1",1000
"X1_TGTGAGTAGGTGGGTT.1",7
"X1_TGTGAGTAGTATGTAG.1",8
"X1_TGTGAGTAGTGCACCC.1",0
"X1_TGTGAGTCAAATGGAT.1",6
"X1_TGTGAGTCAACTCCAA.1",6
"X1_TGTGAGTCAACTCGTA.1",7
"X1_TGTGAGTCAATGACCT.1",1000
"X1_TGTGAGTCAGACCGCT.1",0
"X1_TGTGAGTCAGAGTAAT.1",7
"X1_TGTGAGTCATTCTTCA.1",3
"X1_TGTGAGTGTAATGCGG.1",8
"X1_TGTGAGTGTAGGCTGA.1",8
"X1_TGTGAGTGTAGTGTGG.1",4
"X1_TGTGAGTGTCGACTGC.1",4
"X1_TGTGAGTGTGTCATGT.1",1000
"X1_TGTGAGTTCAAAGGAT.1",4
"X1_TGTGAGTTCCAAACCA.1",4
"X1_TGTGAGTTCCCGAATA.1",7
"X1_TGTGAGTTCGTTACCC.1",5
"X1_TGTGAGTTCTGGGCAC.1",3
"X1_TGTGATGAGGTTGACG.1",7
"X1_TGTGATGAGTGGATAT.1",0
"X1_TGTGATGCAAGGCAAC.1",8
"X1_TGTGATGCACCAGTTA.1",1
"X1_TGTGATGCAGATTAAG.1",0
"X1_TGTGATGCAGCAAGAC.1",4
"X1_TGTGATGCATTCACCC.1",0
"X1_TGTGATGGTACCTAGT.1",7
"X1_TGTGATGGTCTACGAT.1",1000
"X1_TGTGATGGTCTCACGG.1",1000
"X1_TGTGATGGTGAGCGAT.1",8
"X1_TGTGATGGTGCTCCGA.1",4
"X1_TGTGATGGTGGAACAC.1",7
"X1_TGTGATGGTTGTCCCT.1",7
"X1_TGTGATGTCAAGGCTT.1",7
"X1_TGTGATGTCACCACAA.1",4
"X1_TGTGATGTCACTAGCA.1",1000
"X1_TGTGATGTCAGTCATG.1",1000
"X1_TGTGATGTCCAACTAG.1",7
"X1_TGTGATGTCCCGATCT.1",1000
"X1_TGTGATGTCCGCTAGG.1",1000
"X1_TGTGATGTCCTACCGT.1",8
"X1_TGTGATGTCCTTCACG.1",8
"X1_TGTGATGTCGCCGAAC.1",1000
"X1_TGTGATGTCGGAACTT.1",1000
"X1_TGTGATGTCTTCCACG.1",4
"X1_TGTGCGGAGAAACCAT.1",1000
"X1_TGTGCGGAGGACGCAT.1",4
"X1_TGTGCGGAGGCTCACC.1",7
"X1_TGTGCGGAGTCACTCA.1",1000
"X1_TGTGCGGAGTGATTCC.1",6
"X1_TGTGCGGAGTTTGTCG.1",4
"X1_TGTGCGGCACTCCGAG.1",7
"X1_TGTGCGGCAGAGGCAT.1",1000
"X1_TGTGCGGGTAACGATA.1",3
"X1_TGTGCGGGTCGTAATC.1",8
"X1_TGTGCGGGTTCTCACC.1",5
"X1_TGTGCGGTCAACCTTT.1",1000
"X1_TGTGCGGTCACCTACC.1",8
"X1_TGTGCGGTCATGGATC.1",8
"X1_TGTGCGGTCCTTCACG.1",4
"X1_TGTGCGGTCTCCACTG.1",0
"X1_TGTGCGGTCTTAGCTT.1",3
"X1_TGTGCGGTCTTAGGAC.1",7
"X1_TGTGGCGAGACATACA.1",1000
"X1_TGTGGCGAGATCACCT.1",1000
"X1_TGTGGCGAGATGAATC.1",1000
"X1_TGTGGCGAGCACGATG.1",1000
"X1_TGTGGCGAGCATGGGT.1",8
"X1_TGTGGCGAGCTAGCCC.1",2
"X1_TGTGGCGAGCTATCCA.1",1
"X1_TGTGGCGAGGAGTATT.1",8
"X1_TGTGGCGAGGCCTAAG.1",1000
"X1_TGTGGCGAGGTAGATT.1",4
"X1_TGTGGCGAGTCTGCAT.1",1000
"X1_TGTGGCGAGTGCGCTC.1",1000
"X1_TGTGGCGCAATCGAAA.1",8
"X1_TGTGGCGCACAGTCGC.1",7
"X1_TGTGGCGCACGTAGAG.1",1000
"X1_TGTGGCGCACTGATTG.1",7
"X1_TGTGGCGCAGATTCGT.1",3
"X1_TGTGGCGCAGCAATTC.1",1000
"X1_TGTGGCGCAGGCGTTC.1",4
"X1_TGTGGCGCAGTCAGCC.1",8
"X1_TGTGGCGCATAGAAAC.1",6
"X1_TGTGGCGCATTGAGCT.1",7
"X1_TGTGGCGGTACTGACT.1",7
"X1_TGTGGCGGTAGACAGC.1",7
"X1_TGTGGCGGTAGAGGAA.1",7
"X1_TGTGGCGGTAGGTACG.1",7
"X1_TGTGGCGGTCCGGACT.1",1000
"X1_TGTGGCGGTCGCATGC.1",8
"X1_TGTGGCGGTGATACTC.1",4
"X1_TGTGGCGGTTACAGCT.1",1
"X1_TGTGGCGTCAAACCTG.1",7
"X1_TGTGGCGTCAACACCA.1",6
"X1_TGTGGCGTCAACCGAT.1",1000
"X1_TGTGGCGTCAGTGTCA.1",7
"X1_TGTGGCGTCATGCATG.1",7
"X1_TGTGGCGTCCCTGTTG.1",8
"X1_TGTGGCGTCCTCACGT.1",4
"X1_TGTGGCGTCCTCTAGC.1",1000
"X1_TGTGGCGTCCTCTGCA.1",7
"X1_TGTGGCGTCGAGTTGT.1",8
"X1_TGTGGCGTCTCTAGGA.1",7
"X1_TGTGGCGTCTTCTCAA.1",8
"X1_TGTGGCGTCTTTGGAG.1",8
"X1_TGTGTGAAGAGGTGCT.1",8
"X1_TGTGTGAAGCGCCTCA.1",1000
"X1_TGTGTGAAGTAGGGTC.1",8
"X1_TGTGTGAAGTGCAAAT.1",7
"X1_TGTGTGAAGTGGTTAA.1",1
"X1_TGTGTGACAACCCTCT.1",1000
"X1_TGTGTGACAACGTTAC.1",1000
"X1_TGTGTGACACAATGCT.1",4
"X1_TGTGTGACAGCACAGA.1",7
"X1_TGTGTGACAGCGACAA.1",0
"X1_TGTGTGACAGCGGTCT.1",8
"X1_TGTGTGACAGCTCATA.1",7
"X1_TGTGTGACATAGGCGA.1",5
"X1_TGTGTGAGTAACATGA.1",0
"X1_TGTGTGAGTAATTGGA.1",6
"X1_TGTGTGAGTAGCTGCC.1",6
"X1_TGTGTGAGTCCAGGTC.1",1000
"X1_TGTGTGAGTCGTGGAA.1",5
"X1_TGTGTGAGTCTTTCTA.1",1000
"X1_TGTGTGAGTGGAGAAA.1",5
"X1_TGTGTGAGTTAGAAGT.1",1000
"X1_TGTGTGAGTTGCATCA.1",4
"X1_TGTGTGAGTTTGGCTA.1",7
"X1_TGTGTGATCAACCTTT.1",1000
"X1_TGTGTGATCATGCAGT.1",8
"X1_TGTGTGATCGCACTCT.1",4
"X1_TGTGTGATCGTTGTGA.1",1000
"X1_TGTGTGATCTGGGTCG.1",3
"X1_TGTGTGATCTTTCAGT.1",2
"X1_TGTTACTAGCATACTC.1",7
"X1_TGTTACTAGCTAAATG.1",4
"X1_TGTTACTAGGTTGGAC.1",1
"X1_TGTTACTAGTCAACAA.1",8
"X1_TGTTACTCAATAGGGC.1",8
"X1_TGTTACTCAATGAAAC.1",1000
"X1_TGTTACTCAATGCAAA.1",6
"X1_TGTTACTCATTCTCTA.1",8
"X1_TGTTACTGTACCCAGC.1",4
"X1_TGTTACTGTACGTGAG.1",7
"X1_TGTTACTGTAGTCGTT.1",8
"X1_TGTTACTGTAGTGATA.1",7
"X1_TGTTACTGTCCATACA.1",1000
"X1_TGTTACTGTCCCAAAT.1",7
"X1_TGTTACTGTCGTTGCG.1",4
"X1_TGTTACTGTGTGGTCC.1",4
"X1_TGTTACTGTTAAGACA.1",8
"X1_TGTTACTGTTGCAACT.1",1000
"X1_TGTTACTGTTGCCGCA.1",1000
"X1_TGTTACTGTTGTTGCA.1",8
"X1_TGTTACTGTTTCAGAC.1",7
"X1_TGTTACTTCCCAGCGA.1",8
"X1_TGTTACTTCGACGCTG.1",1000
"X1_TGTTACTTCGCGCCAA.1",1000
"X1_TGTTACTTCTGTAACG.1",1000
"X1_TGTTACTTCTGTCGTC.1",1
"X1_TGTTACTTCTTCTGTA.1",8
"X1_TGTTCATAGATGAATC.1",1000
"X1_TGTTCATAGCAATTAG.1",7
"X1_TGTTCATAGGCAGCTA.1",8
"X1_TGTTCATAGGGTCAAC.1",4
"X1_TGTTCATAGTATGTAG.1",4
"X1_TGTTCATCAACTGGTT.1",5
"X1_TGTTCATCAAGGCTTT.1",1000
"X1_TGTTCATCAAGTGGAC.1",7
"X1_TGTTCATCACGCCAGT.1",7
"X1_TGTTCATCACGGAAGT.1",8
"X1_TGTTCATCACGGCTAC.1",8
"X1_TGTTCATCAGCACACC.1",1000
"X1_TGTTCATGTACCTAGT.1",1000
"X1_TGTTCATGTCAAATCC.1",1
"X1_TGTTCATGTCCAATCA.1",0
"X1_TGTTCATGTCGGAACA.1",6
"X1_TGTTCATGTCTCTCCA.1",1000
"X1_TGTTCATGTGCGAACA.1",2
"X1_TGTTCATTCACCATAG.1",5
"X1_TGTTCATTCACCATGA.1",4
"X1_TGTTCATTCGCATTGA.1",1
"X1_TGTTCATTCGCTTGAA.1",2
"X1_TGTTCATTCTATACTC.1",8
"X1_TGTTCATTCTCAGGCG.1",3
"X1_TGTTCATTCTGGAGAG.1",1
"X1_TGTTCCGAGATGCTAA.1",8
"X1_TGTTCCGAGCGCGTTC.1",4
"X1_TGTTCCGAGCTGTGCC.1",4
"X1_TGTTCCGAGGTGCATG.1",1000
"X1_TGTTCCGAGTCACACT.1",3
"X1_TGTTCCGAGTCACGAG.1",7
"X1_TGTTCCGAGTCACGCC.1",4
"X1_TGTTCCGCACCATTCC.1",4
"X1_TGTTCCGCACTATCGA.1",1000
"X1_TGTTCCGCATCATCCC.1",1000
"X1_TGTTCCGCATCTGCGG.1",2
"X1_TGTTCCGGTACCTATG.1",1000
"X1_TGTTCCGGTGAATGAT.1",8
"X1_TGTTCCGGTGCTGATT.1",5
"X1_TGTTCCGGTGGGTCAA.1",7
"X1_TGTTCCGGTTAAAGTG.1",8
"X1_TGTTCCGGTTCAGTAC.1",0
"X1_TGTTCCGGTTCTTAGG.1",7
"X1_TGTTCCGGTTTGCAGT.1",8
"X1_TGTTCCGTCCTCTAGC.1",1000
"X1_TGTTCCGTCGCTGTCT.1",5
"X1_TGTTCCGTCTCTAGGA.1",4
"X1_TGTTCCGTCTTGTGCC.1",3
"X1_TGTTCTAAGAAGATCT.1",1000
"X1_TGTTCTAAGAATAGTC.1",8
"X1_TGTTCTAAGACGACGT.1",7
"X1_TGTTCTAAGACTCTTG.1",7
"X1_TGTTCTAAGCAAATGT.1",3
"X1_TGTTCTAAGCGTCAAG.1",4
"X1_TGTTCTAAGCTAAACA.1",1000
"X1_TGTTCTAAGGGCAAGG.1",8
"X1_TGTTCTAAGGTACCTT.1",8
"X1_TGTTCTAAGGTATCTC.1",4
"X1_TGTTCTAAGGTTGAGC.1",3
"X1_TGTTCTAAGTCATCGT.1",8
"X1_TGTTCTAAGTTCCGGC.1",1000
"X1_TGTTCTACAAACTAGA.1",2
"X1_TGTTCTACAATGCTCA.1",4
"X1_TGTTCTACACCGTACG.1",7
"X1_TGTTCTACACTGGATT.1",6
"X1_TGTTCTACAGATAAAC.1",1000
"X1_TGTTCTACAGCTTCGG.1",1000
"X1_TGTTCTACAGTATGAA.1",8
"X1_TGTTCTACAGTCAGAG.1",8
"X1_TGTTCTACATCAGCGC.1",8
"X1_TGTTCTACATCTGCGG.1",3
"X1_TGTTCTAGTACTCGAT.1",8
"X1_TGTTCTAGTAGACTGG.1",1000
"X1_TGTTCTAGTAGCTAAA.1",8
"X1_TGTTCTAGTTAAGTCC.1",8
"X1_TGTTCTAGTTCTCTAT.1",5
"X1_TGTTCTAGTTGACGGA.1",1000
"X1_TGTTCTAGTTTCACTT.1",1000
"X1_TGTTCTATCAATGTCG.1",4
"X1_TGTTCTATCCAGCAAT.1",7
"X1_TGTTCTATCGAGTGAG.1",8
"X1_TGTTCTATCGGCATAT.1",8
"X1_TGTTCTATCTACGGGC.1",8
"X1_TGTTCTATCTATCGTT.1",3
"X1_TGTTCTATCTCTGAGA.1",1000
"X1_TGTTCTATCTGACGCG.1",1000
"X1_TGTTGAGAGCGCTGCT.1",7
"X1_TGTTGAGAGCGGATCA.1",8
"X1_TGTTGAGAGGCAGGGA.1",1000
"X1_TGTTGAGAGGCCCGTT.1",4
"X1_TGTTGAGAGGCGCTCT.1",4
"X1_TGTTGAGCAACCGTGC.1",2
"X1_TGTTGAGCACTACCCT.1",8
"X1_TGTTGAGCAGAAGTGC.1",8
"X1_TGTTGAGCATAGAAAC.1",5
"X1_TGTTGAGCATGAGTAA.1",3
"X1_TGTTGAGGTAGGAGTC.1",3
"X1_TGTTGAGGTAGTCTGT.1",6
"X1_TGTTGAGGTATAGGAT.1",6
"X1_TGTTGAGGTATCTCTT.1",6
"X1_TGTTGAGGTCATCGCG.1",1000
"X1_TGTTGAGGTCCCAAAT.1",1
"X1_TGTTGAGGTTAAGGGC.1",8
"X1_TGTTGAGGTTACGATC.1",4
"X1_TGTTGAGGTTAGAAGT.1",5
"X1_TGTTGAGGTTCGTACA.1",3
"X1_TGTTGAGTCAACACCA.1",8
"X1_TGTTGAGTCAAGATAG.1",5
"X1_TGTTGAGTCAGGACGA.1",0
"X1_TGTTGAGTCCGCTTAC.1",8
"X1_TGTTGAGTCGAGAACG.1",8
"X1_TGTTGAGTCGGTCATA.1",3
"X1_TGTTGGAAGAGCAGAA.1",1000
"X1_TGTTGGAAGCTCTATG.1",3
"X1_TGTTGGAAGGGCATGT.1",7
"X1_TGTTGGAAGGTCCGAA.1",8
"X1_TGTTGGAAGTTTCAGC.1",3
"X1_TGTTGGACAACACAGG.1",7
"X1_TGTTGGACAATCCTTT.1",7
"X1_TGTTGGACACAGTGAG.1",4
"X1_TGTTGGACACGAAGAC.1",7
"X1_TGTTGGACACGCCACA.1",1000
"X1_TGTTGGACACTTGGCG.1",4
"X1_TGTTGGACAGAGGCAT.1",4
"X1_TGTTGGACAGATTTCG.1",4
"X1_TGTTGGACAGGCAATG.1",7
"X1_TGTTGGACAGTGCGCT.1",1000
"X1_TGTTGGACAGTTTCGA.1",4
"X1_TGTTGGACATCAGTGT.1",4
"X1_TGTTGGAGTACGCTTA.1",1000
"X1_TGTTGGAGTATGGAGC.1",7
"X1_TGTTGGAGTCGAGTTT.1",5
"X1_TGTTGGAGTCGTAATC.1",5
"X1_TGTTGGAGTGAACCGA.1",8
"X1_TGTTGGAGTTAAAGTG.1",1000
"X1_TGTTGGAGTTAGAGAT.1",8
"X1_TGTTGGAGTTGGACCC.1",0
"X1_TGTTGGATCACCTGTC.1",1
"X1_TGTTGGATCCATAGGT.1",1000
"X1_TGTTGGATCGATTGGT.1",7
"X1_TGTTGGATCGCAATTG.1",1
"X1_TGTTGGATCGTTCGCT.1",8
"X1_TGTTGGATCTAGCATG.1",1000
"X1_TGTTGGATCTAGGCCG.1",5
"X1_TGTTTGTAGGACGGAG.1",6
"X1_TGTTTGTAGGATTCCT.1",1000
"X1_TGTTTGTAGTAAGACT.1",4
"X1_TGTTTGTAGTCTCCTC.1",8
"X1_TGTTTGTAGTGGCGAT.1",1000
"X1_TGTTTGTCAAATGGCG.1",1000
"X1_TGTTTGTCAACTTGGT.1",7
"X1_TGTTTGTCACCTCGTT.1",4
"X1_TGTTTGTCAGGCAATG.1",1000
"X1_TGTTTGTCAGGCGATA.1",7
"X1_TGTTTGTCATCCTTCG.1",7
"X1_TGTTTGTGTAACATAG.1",7
"X1_TGTTTGTGTATCGCAT.1",4
"X1_TGTTTGTGTGACATCT.1",4
"X1_TGTTTGTGTGCGTCGT.1",1000
"X1_TGTTTGTGTTCGGTCG.1",7
"X1_TGTTTGTTCAACGAGG.1",8
"X1_TGTTTGTTCACCCTTG.1",2
"X1_TGTTTGTTCACTGAAC.1",0
"X1_TGTTTGTTCCACATAG.1",2
"X1_TGTTTGTTCCCTTGTG.1",1000
"X1_TGTTTGTTCCGCGAGT.1",4
"X1_TGTTTGTTCGAATCCA.1",7
"X1_TGTTTGTTCGCCTTGT.1",1
"X1_TGTTTGTTCTCCATAT.1",8
"X1_TGTTTGTTCTCGCGTT.1",7
"X1_TTAATCCAGACATACA.1",5
"X1_TTAATCCAGATTACCC.1",7
"X1_TTAATCCAGCTATCCA.1",1000
"X1_TTAATCCAGCTGTTCA.1",0
"X1_TTAATCCAGTAATACG.1",7
"X1_TTAATCCCACGGTCTG.1",4
"X1_TTAATCCCACTCGATA.1",4
"X1_TTAATCCCAGAATTCC.1",8
"X1_TTAATCCCAGCTGTAT.1",7
"X1_TTAATCCCATAAGCGG.1",4
"X1_TTAATCCCATAATCGC.1",1000
"X1_TTAATCCCATCCGGTG.1",1000
"X1_TTAATCCGTAAGGCTG.1",6
"X1_TTAATCCGTCCATACA.1",1000
"X1_TTAATCCGTGAAAGTT.1",1000
"X1_TTAATCCGTGACAACG.1",1000
"X1_TTAATCCGTTACCTGA.1",8
"X1_TTAATCCGTTTGTGGT.1",1000
"X1_TTAATCCTCACGTAGT.1",7
"X1_TTAATCCTCCATACTT.1",7
"X1_TTAATCCTCCTGGTCT.1",0
"X1_TTAATCCTCGAACGGA.1",1000
"X1_TTAATCCTCGAGCTGC.1",7
"X1_TTAATCCTCGCCAGAC.1",1
"X1_TTAATCCTCGCGGACT.1",8
"X1_TTAATCCTCTAGATCG.1",7
"X1_TTAATCCTCTCACGAA.1",1000
"X1_TTAATCCTCTCTGAGA.1",1000
"X1_TTAATCCTCTTTGCGC.1",3
"X1_TTACAGGAGACTTAAG.1",1000
"X1_TTACAGGAGCGGATCA.1",1000
"X1_TTACAGGAGGCATGCA.1",1
"X1_TTACAGGAGGCTCACC.1",5
"X1_TTACAGGAGGTCGACA.1",5
"X1_TTACAGGCAATCTGCA.1",8
"X1_TTACAGGCACAGCTGC.1",7
"X1_TTACAGGCACCCATAA.1",6
"X1_TTACAGGCACCTGAAT.1",8
"X1_TTACAGGCACCTGCAG.1",7
"X1_TTACAGGCACTCCGAG.1",1000
"X1_TTACAGGGTCACTTCC.1",3
"X1_TTACAGGGTCGAGATG.1",1
"X1_TTACAGGGTCTTACAG.1",7
"X1_TTACAGGGTCTTGGTA.1",4
"X1_TTACAGGGTTATGACC.1",5
"X1_TTACAGGGTTCAAGTC.1",1000
"X1_TTACAGGGTTTACCTT.1",7
"X1_TTACAGGTCAATCCAG.1",6
"X1_TTACAGGTCACTCGAA.1",1000
"X1_TTACAGGTCACTTGTT.1",4
"X1_TTACAGGTCCCGTGTT.1",1000
"X1_TTACAGGTCCTCACGT.1",1000
"X1_TTACAGGTCGACGCGT.1",1
"X1_TTACAGGTCGATCCCT.1",7
"X1_TTACAGGTCTGGGTCG.1",1000
"X1_TTACAGGTCTGTCTCG.1",8
"X1_TTACCATAGACCGTTT.1",1000
"X1_TTACCATAGAGACAAG.1",3
"X1_TTACCATAGATACATG.1",1
"X1_TTACCATAGCACCTGC.1",1
"X1_TTACCATAGGCTAGCA.1",7
"X1_TTACCATAGTGCTACT.1",4
"X1_TTACCATCAAACTAAG.1",8
"X1_TTACCATCAAAGGGCT.1",7
"X1_TTACCATCAAATGGAT.1",1000
"X1_TTACCATCACTTTATC.1",4
"X1_TTACCATCAGACCTAT.1",1000
"X1_TTACCATGTACCACGC.1",4
"X1_TTACCATGTAGGTAGC.1",7
"X1_TTACCATGTCATCACA.1",4
"X1_TTACCATGTCGAAGCA.1",6
"X1_TTACCATGTGCGTGCT.1",7
"X1_TTACCATGTGTTAGCT.1",5
"X1_TTACCATGTGTTTCTT.1",4
"X1_TTACCATTCAACCGAT.1",1000
"X1_TTACCATTCATGTCAG.1",1000
"X1_TTACCATTCCTGTAAG.1",4
"X1_TTACCATTCGAGAACG.1",5
"X1_TTACCATTCGAGTCTA.1",6
"X1_TTACCATTCGATTCCC.1",1000
"X1_TTACCATTCGCGTCGA.1",3
"X1_TTACCATTCGCTCTAC.1",1000
"X1_TTACCATTCGGTCGAC.1",4
"X1_TTACCATTCGTCGGGT.1",1000
"X1_TTACCATTCTACGGTA.1",1000
"X1_TTACCATTCTGCAGCG.1",0
"X1_TTACCATTCTTTCCGG.1",8
"X1_TTACCGCAGAAGTGTT.1",1000
"X1_TTACCGCAGATTAGAC.1",7
"X1_TTACCGCAGGCCCGTT.1",5
"X1_TTACCGCAGGTAGACC.1",7
"X1_TTACCGCAGGTGGCTA.1",3
"X1_TTACCGCAGTAAACTG.1",7
"X1_TTACCGCAGTCGTCTA.1",8
"X1_TTACCGCAGTGATAGT.1",8
"X1_TTACCGCCAATCTCTT.1",3
"X1_TTACCGCCACAAGCCC.1",0
"X1_TTACCGCCACGGTGTC.1",1
"X1_TTACCGCCACGTCGTG.1",4
"X1_TTACCGCCACTTCCTG.1",1000
"X1_TTACCGCCAGCAGTGA.1",6
"X1_TTACCGCCAGGACAGT.1",1
"X1_TTACCGCCATCGAACT.1",1000
"X1_TTACCGCCATCGTGCG.1",5
"X1_TTACCGCCATGATAGA.1",4
"X1_TTACCGCGTACGACTT.1",1000
"X1_TTACCGCGTAGTCTGT.1",8
"X1_TTACCGCGTCAAGCGA.1",1
"X1_TTACCGCGTCACCACG.1",7
"X1_TTACCGCGTCGGATTT.1",4
"X1_TTACCGCGTGTCATGT.1",7
"X1_TTACCGCGTGTGTCCG.1",8
"X1_TTACCGCGTTGGAGGT.1",1000
"X1_TTACCGCGTTTACTTC.1",1000
"X1_TTACCGCGTTTAGAGA.1",6
"X1_TTACCGCGTTTGGAGG.1",1
"X1_TTACCGCTCAAGCCAT.1",7
"X1_TTACCGCTCCATCGTC.1",0
"X1_TTACCGCTCCGACATA.1",1000
"X1_TTACCGCTCCGAGTGC.1",8
"X1_TTACCGCTCCGTGGTG.1",7
"X1_TTACCGCTCCTAGCGG.1",7
"X1_TTACCGCTCCTCACGT.1",1000
"X1_TTACCGCTCCTTCTTC.1",1000
"X1_TTACCGCTCGCATTGA.1",1000
"X1_TTACCGCTCGTGAGAG.1",8
"X1_TTACCGCTCTCCTGTG.1",3
"X1_TTACCGCTCTCGCTTG.1",1000
"X1_TTACCGCTCTCTCTTC.1",7
"X1_TTACCGCTCTGCGAGC.1",5
"X1_TTACCGCTCTTAGCAG.1",0
"X1_TTACCGCTCTTTCGAT.1",1000
"X1_TTACGCCAGATGGTAT.1",7
"X1_TTACGCCAGATGTTAG.1",8
"X1_TTACGCCAGCCATCCG.1",1000
"X1_TTACGCCAGCCTATTG.1",0
"X1_TTACGCCAGCGTCAAG.1",6
"X1_TTACGCCAGGATACAT.1",1000
"X1_TTACGCCAGTCACTGT.1",1000
"X1_TTACGCCAGTCTAACC.1",5
"X1_TTACGCCAGTGACCTT.1",1000
"X1_TTACGCCCAAAGCAAT.1",8
"X1_TTACGCCCAACCGTAT.1",1000
"X1_TTACGCCCAACCTAAC.1",3
"X1_TTACGCCCACAAGGTG.1",3
"X1_TTACGCCCACTAGTAC.1",3
"X1_TTACGCCCACTCCGGA.1",0
"X1_TTACGCCCATGAGATA.1",8
"X1_TTACGCCCATGAGTAA.1",1000
"X1_TTACGCCGTCAGGAGT.1",1
"X1_TTACGCCGTCATGGCC.1",1000
"X1_TTACGCCGTCGAACAG.1",7
"X1_TTACGCCGTCGGTAAG.1",2
"X1_TTACGCCGTGAATAAC.1",8
"X1_TTACGCCGTTGCTCAA.1",1000
"X1_TTACGCCGTTTACTGG.1",4
"X1_TTACGCCTCATCCTAT.1",7
"X1_TTACGCCTCATGGGAG.1",1000
"X1_TTACGCCTCATTGCGA.1",7
"X1_TTACGCCTCGCAACAT.1",1000
"X1_TTACGCCTCGGCACTG.1",8
"X1_TTACGCCTCTAGTGTG.1",6
"X1_TTACGCCTCTGAGAGG.1",1000
"X1_TTACGTTAGCACTGGA.1",1000
"X1_TTACGTTAGCCAGACA.1",1000
"X1_TTACGTTAGCGAGTAC.1",3
"X1_TTACGTTAGGATACGC.1",1
"X1_TTACGTTAGGGACACT.1",7
"X1_TTACGTTAGGTGAGAA.1",8
"X1_TTACGTTAGTCCTACA.1",6
"X1_TTACGTTAGTGTTGAA.1",7
"X1_TTACGTTCACAGCCAC.1",3
"X1_TTACGTTCACCTAAAC.1",7
"X1_TTACGTTCAGACTCTA.1",1000
"X1_TTACGTTCAGACTGCC.1",6
"X1_TTACGTTCAGCGGTCT.1",4
"X1_TTACGTTCAGCTGTCG.1",0
"X1_TTACGTTCAGTTTCAG.1",1000
"X1_TTACGTTCATAGGTAA.1",8
"X1_TTACGTTCATGGAGAC.1",3
"X1_TTACGTTCATTGAAAG.1",1
"X1_TTACGTTGTAGCCCTG.1",1000
"X1_TTACGTTGTGAGCTCC.1",5
"X1_TTACGTTGTTGTTGCA.1",7
"X1_TTACGTTTCCCGTAAA.1",1000
"X1_TTACGTTTCCGAGCTG.1",0
"X1_TTACGTTTCCGTAGGC.1",7
"X1_TTACGTTTCGACCCAG.1",4
"X1_TTACGTTTCGAGAACG.1",1000
"X1_TTACTGTAGCATCCCG.1",5
"X1_TTACTGTAGCCATTTG.1",4
"X1_TTACTGTAGCGGATCA.1",0
"X1_TTACTGTAGGGAGAAT.1",1000
"X1_TTACTGTAGTGGTTGG.1",1000
"X1_TTACTGTCAAAGACGC.1",6
"X1_TTACTGTCAAATACAG.1",1000
"X1_TTACTGTCAACTCCAA.1",7
"X1_TTACTGTCAAGTTGGG.1",5
"X1_TTACTGTCACAAGCTT.1",8
"X1_TTACTGTCACGGAAGT.1",7
"X1_TTACTGTCAGCACAAG.1",4
"X1_TTACTGTCAGCACAGA.1",7
"X1_TTACTGTCAGCATTGT.1",3
"X1_TTACTGTCAGCGAGTA.1",1000
"X1_TTACTGTCATTGAGCT.1",4
"X1_TTACTGTGTAACTGCT.1",4
"X1_TTACTGTGTACGTACT.1",4
"X1_TTACTGTGTAGAATGT.1",1000
"X1_TTACTGTGTCGCCACA.1",4
"X1_TTACTGTGTCGTGGTC.1",1000
"X1_TTACTGTGTGATTGGG.1",6
"X1_TTACTGTGTTTATGCG.1",3
"X1_TTACTGTTCACCGCTT.1",8
"X1_TTACTGTTCAGTGTCA.1",4
"X1_TTACTGTTCATGGCCG.1",2
"X1_TTACTGTTCCATAAGC.1",1000
"X1_TTACTGTTCTTGGTGA.1",1
"X1_TTAGGCAAGAAAGTCT.1",1000
"X1_TTAGGCAAGACGCATG.1",5
"X1_TTAGGCAAGATTGATG.1",1000
"X1_TTAGGCAAGCTGACTT.1",8
"X1_TTAGGCAAGGAGATAG.1",8
"X1_TTAGGCAAGGATTTGA.1",4
"X1_TTAGGCAAGTAGGTTA.1",4
"X1_TTAGGCACAATGGCAG.1",1000
"X1_TTAGGCACACAAGTTC.1",1000
"X1_TTAGGCACACTCCGGA.1",1000
"X1_TTAGGCACATGTGACT.1",1000
"X1_TTAGGCACATTGTCGA.1",1000
"X1_TTAGGCAGTACGGCAA.1",7
"X1_TTAGGCAGTACTCGCG.1",8
"X1_TTAGGCAGTAGCACAG.1",5
"X1_TTAGGCAGTATGTGTC.1",7
"X1_TTAGGCAGTCCAAATC.1",1000
"X1_TTAGGCAGTCTGGTTA.1",8
"X1_TTAGGCAGTCTTGGTA.1",8
"X1_TTAGGCAGTTAAGTCC.1",5
"X1_TTAGGCAGTTACCGTA.1",6
"X1_TTAGGCAGTTCTCGTC.1",7
"X1_TTAGGCATCATTCCTA.1",7
"X1_TTAGGCATCCCGAGTG.1",7
"X1_TTAGGCATCCGCTAGG.1",8
"X1_TTAGGCATCCGTACGG.1",8
"X1_TTAGGCATCCGTGGGT.1",2
"X1_TTAGGCATCCGTTTCG.1",3
"X1_TTAGGCATCGTAGTGT.1",4
"X1_TTAGGCATCTAATTCC.1",4
"X1_TTAGGCATCTCATTAC.1",1000
"X1_TTAGGCATCTCCCATG.1",3
"X1_TTAGGGTAGCGCAATG.1",0
"X1_TTAGGGTAGGCAGGGA.1",1000
"X1_TTAGGGTAGTCTTCGA.1",8
"X1_TTAGGGTAGTTGGGAC.1",4
"X1_TTAGGGTCAAGCTCTA.1",8
"X1_TTAGGGTCACAGTGTT.1",1000
"X1_TTAGGGTCATCTTTCA.1",1000
"X1_TTAGGGTGTAAGCTCT.1",1
"X1_TTAGGGTGTACAACGG.1",4
"X1_TTAGGGTGTACAGTAA.1",1000
"X1_TTAGGGTGTACCATAC.1",8
"X1_TTAGGGTGTAGGATAT.1",3
"X1_TTAGGGTGTCGTCATA.1",1000
"X1_TTAGGGTGTGGATACG.1",1000
"X1_TTAGGGTGTGGCAACA.1",6
"X1_TTAGGGTGTTAGGCCC.1",8
"X1_TTAGGGTTCACTTTGT.1",4
"X1_TTAGGGTTCAGAGCAG.1",1
"X1_TTAGGGTTCATACGAC.1",8
"X1_TTAGGGTTCATGCCCT.1",3
"X1_TTAGGGTTCATTACCT.1",4
"X1_TTAGGGTTCCACGAAT.1",1000
"X1_TTAGGGTTCCATTCGC.1",7
"X1_TTAGGGTTCCCTTGTG.1",1000
"X1_TTAGGGTTCCGTGTGG.1",8
"X1_TTAGGGTTCCTACCAC.1",4
"X1_TTAGGGTTCGCACGAC.1",2
"X1_TTAGGGTTCGCTGCGA.1",8
"X1_TTAGGGTTCGGCCTTT.1",7
"X1_TTAGGGTTCTACCCAC.1",8
"X1_TTAGTCTAGAAGGATG.1",4
"X1_TTAGTCTAGCCTATTG.1",4
"X1_TTAGTCTAGCGAGGAG.1",1000
"X1_TTAGTCTAGCTCCACG.1",2
"X1_TTAGTCTAGGAACGTC.1",5
"X1_TTAGTCTAGGAGTCTG.1",2
"X1_TTAGTCTAGGTAGATT.1",7
"X1_TTAGTCTAGTAGCCAG.1",4
"X1_TTAGTCTAGTGGTCAG.1",7
"X1_TTAGTCTAGTTCTACG.1",1000
"X1_TTAGTCTCAACGGGTA.1",4
"X1_TTAGTCTCAATGTGGG.1",6
"X1_TTAGTCTCAATTGTGC.1",1
"X1_TTAGTCTCACAAGTGG.1",7
"X1_TTAGTCTCACACACGC.1",1000
"X1_TTAGTCTCACCGTACG.1",4
"X1_TTAGTCTCACGATTCA.1",1000
"X1_TTAGTCTCAGCGATTT.1",2
"X1_TTAGTCTCAGGTGGAT.1",1000
"X1_TTAGTCTCATAGCTGT.1",4
"X1_TTAGTCTCATCCGTGG.1",0
"X1_TTAGTCTCATTGCAAC.1",6
"X1_TTAGTCTGTACCGTGC.1",1000
"X1_TTAGTCTGTACTGAGG.1",1000
"X1_TTAGTCTGTATGACAA.1",1000
"X1_TTAGTCTGTCATGACT.1",4
"X1_TTAGTCTGTCCACGCA.1",1000
"X1_TTAGTCTGTCCCTGAG.1",1
"X1_TTAGTCTGTGCCTATA.1",7
"X1_TTAGTCTGTTATAGAG.1",8
"X1_TTAGTCTGTTGGGATG.1",1000
"X1_TTAGTCTGTTTACACG.1",4
"X1_TTAGTCTTCAACGAGG.1",1000
"X1_TTAGTCTTCACGATCA.1",3
"X1_TTAGTCTTCACTGCTC.1",8
"X1_TTAGTCTTCATACGGT.1",7
"X1_TTAGTCTTCCCTCTCC.1",6
"X1_TTAGTCTTCCCTTTGG.1",1000
"X1_TTAGTCTTCCTAGCCT.1",4
"X1_TTAGTCTTCCTTTGAT.1",8
"X1_TTAGTCTTCGACCACG.1",8
"X1_TTAGTCTTCGGCATCG.1",1000
"X1_TTAGTCTTCGTGTGAT.1",7
"X1_TTAGTCTTCTCGTTTA.1",1000
"X1_TTAGTCTTCTGAGTCA.1",7
"X1_TTAGTCTTCTTGGATG.1",3
"X1_TTATTGCAGACCTTTG.1",7
"X1_TTATTGCAGAGGACTC.1",5
"X1_TTATTGCAGAGTTGAT.1",8
"X1_TTATTGCAGCACTCAT.1",4
"X1_TTATTGCAGCCACAAG.1",8
"X1_TTATTGCAGGAAACGA.1",3
"X1_TTATTGCAGGTCACAG.1",8
"X1_TTATTGCAGTCATCCA.1",3
"X1_TTATTGCAGTCTGTAC.1",7
"X1_TTATTGCCAAAGGCTG.1",8
"X1_TTATTGCCAATGCAAA.1",5
"X1_TTATTGCCACGACGTC.1",7
"X1_TTATTGCCACTCTCGT.1",1000
"X1_TTATTGCCAGGCTATT.1",5
"X1_TTATTGCCAGTGGCTC.1",6
"X1_TTATTGCCATAACAGA.1",6
"X1_TTATTGCCATAGGTAA.1",1000
"X1_TTATTGCCATCGGAGA.1",4
"X1_TTATTGCCATTGGATC.1",1000
"X1_TTATTGCGTAAGTAGT.1",7
"X1_TTATTGCGTAGTCCTA.1",4
"X1_TTATTGCGTCAGTCTA.1",1000
"X1_TTATTGCGTCCATACA.1",7
"X1_TTATTGCGTGGAGAAA.1",4
"X1_TTATTGCGTTCAAGTC.1",8
"X1_TTATTGCGTTCCGCAG.1",8
"X1_TTATTGCGTTGTGCAT.1",1000
"X1_TTATTGCGTTTGGCTA.1",1
"X1_TTATTGCTCAAGTGGG.1",8
"X1_TTATTGCTCATGCGGC.1",7
"X1_TTATTGCTCCTTATCA.1",8
"X1_TTATTGCTCGAACGGA.1",8
"X1_TTATTGCTCGTCTAAG.1",7
"X1_TTCAATCAGAATAACC.1",3
"X1_TTCAATCAGAGCATTA.1",3
"X1_TTCAATCAGCTCGAAG.1",5
"X1_TTCAATCAGGGTTAGC.1",1
"X1_TTCAATCAGGTACCTT.1",0
"X1_TTCAATCCAACCGCTG.1",0
"X1_TTCAATCCACGCGTCA.1",7
"X1_TTCAATCCACTCTGCT.1",8
"X1_TTCAATCCACTTCAGA.1",4
"X1_TTCAATCCAGATTAAG.1",2
"X1_TTCAATCCAGCTACAT.1",1000
"X1_TTCAATCGTCATTGCA.1",8
"X1_TTCAATCGTCTCTCCA.1",8
"X1_TTCAATCGTCTTTATC.1",6
"X1_TTCAATCGTTCACCGG.1",6
"X1_TTCAATCGTTGGGACA.1",7
"X1_TTCAATCGTTTAGACC.1",5
"X1_TTCAATCGTTTGGGAG.1",1000
"X1_TTCAATCTCAAACCCA.1",2
"X1_TTCAATCTCAACGAGG.1",8
"X1_TTCAATCTCCCATACC.1",4
"X1_TTCAATCTCGGCTGAC.1",8
"X1_TTCAATCTCGTCGATA.1",1000
"X1_TTCAATCTCGTCTCAC.1",8
"X1_TTCAATCTCGTGTGGC.1",1000
"X1_TTCACCGAGACATAAC.1",5
"X1_TTCACCGAGCAAACAT.1",7
"X1_TTCACCGAGCATGCGA.1",3
"X1_TTCACCGAGCTAATCC.1",5
"X1_TTCACCGAGGATAATC.1",8
"X1_TTCACCGAGTCGGCAA.1",7
"X1_TTCACCGCAAGTCCCG.1",1000
"X1_TTCACCGCACGACTAT.1",3
"X1_TTCACCGCAGCGTACC.1",2
"X1_TTCACCGCAGTCACGC.1",7
"X1_TTCACCGCAGTTGCGC.1",1000
"X1_TTCACCGCATCATCCC.1",1000
"X1_TTCACCGCATCGAGCC.1",7
"X1_TTCACCGCATTCCTCG.1",4
"X1_TTCACCGCATTGAGGG.1",4
"X1_TTCACCGCATTGCTTT.1",7
"X1_TTCACCGGTAACCAGG.1",1000
"X1_TTCACCGGTAAGCAAT.1",4
"X1_TTCACCGGTACAAAGT.1",7
"X1_TTCACCGGTACCGTGC.1",1000
"X1_TTCACCGGTCGGCACT.1",1000
"X1_TTCACCGGTCGTGTTA.1",1000
"X1_TTCACCGGTGGATTTC.1",2
"X1_TTCACCGGTTTGGAAA.1",5
"X1_TTCACCGTCAAATGAG.1",3
"X1_TTCACCGTCAACCCGG.1",7
"X1_TTCACCGTCCCATAAG.1",8
"X1_TTCACCGTCGGTATGT.1",1000
"X1_TTCACCGTCTCGGTCT.1",1000
"X1_TTCACGCAGCAAATGT.1",1000
"X1_TTCACGCAGCAGGTCA.1",8
"X1_TTCACGCAGCCACAAG.1",8
"X1_TTCACGCAGCTAGATA.1",1
"X1_TTCACGCAGCTCGTGC.1",1000
"X1_TTCACGCAGGAAGTAG.1",6
"X1_TTCACGCAGGTGCTTT.1",1000
"X1_TTCACGCAGGTTGAGC.1",1000
"X1_TTCACGCAGGTTGTTC.1",1000
"X1_TTCACGCAGTGCGACA.1",0
"X1_TTCACGCAGTGGTTGG.1",1
"X1_TTCACGCAGTTACTCG.1",1000
"X1_TTCACGCCAAGATTGA.1",7
"X1_TTCACGCCAGAACTAA.1",1000
"X1_TTCACGCCAGCGATTT.1",5
"X1_TTCACGCCAGGACTAG.1",1
"X1_TTCACGCCATCGGTTA.1",8
"X1_TTCACGCCATTCCTAT.1",7
"X1_TTCACGCGTCAACCAT.1",1000
"X1_TTCACGCGTCTCACAA.1",1000
"X1_TTCACGCGTGCTTATG.1",6
"X1_TTCACGCGTGTAAACA.1",3
"X1_TTCACGCGTGTTAAAG.1",1000
"X1_TTCACGCGTGTTGAGG.1",8
"X1_TTCACGCGTTTCGATG.1",0
"X1_TTCACGCTCAAAGACA.1",1
"X1_TTCACGCTCAGACCCG.1",1000
"X1_TTCACGCTCAGCGCAC.1",7
"X1_TTCACGCTCATTCTTG.1",8
"X1_TTCACGCTCCGTAGGC.1",1000
"X1_TTCACGCTCGCCGAAC.1",6
"X1_TTCACGCTCGTCCTTG.1",8
"X1_TTCACGCTCTCTCCGA.1",1000
"X1_TTCACGCTCTTGAGCA.1",3
"X1_TTCAGGAAGAAGCTGC.1",4
"X1_TTCAGGAAGACCAAAT.1",1000
"X1_TTCAGGAAGAGAAGGT.1",4
"X1_TTCAGGAAGAGGTGCT.1",3
"X1_TTCAGGAAGAGTCCGA.1",1000
"X1_TTCAGGAAGATCACTC.1",7
"X1_TTCAGGAAGCAATTAG.1",7
"X1_TTCAGGAAGCAGGCTA.1",8
"X1_TTCAGGAAGCGAGTCA.1",4
"X1_TTCAGGAAGCGGTAGT.1",5
"X1_TTCAGGAAGCTATCCA.1",1
"X1_TTCAGGAAGCTTTGTG.1",7
"X1_TTCAGGAAGGAGTATT.1",7
"X1_TTCAGGAAGGATGGCT.1",1000
"X1_TTCAGGAAGGCCCAAA.1",7
"X1_TTCAGGAAGTCAAGCG.1",3
"X1_TTCAGGACAACGTAAA.1",2
"X1_TTCAGGACACACGGAA.1",1
"X1_TTCAGGACACACTGGC.1",2
"X1_TTCAGGACACCCTAGG.1",3
"X1_TTCAGGACACTCCGAG.1",1000
"X1_TTCAGGACAGGTTACT.1",8
"X1_TTCAGGACAGTGTGCC.1",8
"X1_TTCAGGACAGTTTCGA.1",2
"X1_TTCAGGACATACCAGT.1",8
"X1_TTCAGGACATCAGCAT.1",0
"X1_TTCAGGACATCGATAC.1",7
"X1_TTCAGGACATGGGAAC.1",1000
"X1_TTCAGGAGTACCCACG.1",1000
"X1_TTCAGGAGTACGTGAG.1",8
"X1_TTCAGGAGTAGGAGGG.1",7
"X1_TTCAGGAGTAGTGTGG.1",4
"X1_TTCAGGAGTCCCAAAT.1",4
"X1_TTCAGGAGTCGACTGC.1",5
"X1_TTCAGGAGTGAACTAA.1",6
"X1_TTCAGGAGTGGACCTC.1",3
"X1_TTCAGGAGTTGACTAC.1",1000
"X1_TTCAGGAGTTTACGAC.1",8
"X1_TTCAGGATCAAGGCTT.1",4
"X1_TTCAGGATCAAGTGGG.1",1000
"X1_TTCAGGATCATCTATC.1",1000
"X1_TTCAGGATCCCAAGCG.1",4
"X1_TTCAGGATCCGTATGA.1",6
"X1_TTCAGGATCCTGTACC.1",1000
"X1_TTCAGGATCGTCGCTT.1",8
"X1_TTCAGGATCTAGCCAA.1",8
"X1_TTCATGTAGAAGCGGG.1",3
"X1_TTCATGTAGAATTCAG.1",8
"X1_TTCATGTAGAGAGCCT.1",5
"X1_TTCATGTAGAGGTTTA.1",1000
"X1_TTCATGTAGCATTTCG.1",8
"X1_TTCATGTAGGTCCCTG.1",8
"X1_TTCATGTAGTATTCCG.1",7
"X1_TTCATGTCAAATGAAC.1",3
"X1_TTCATGTCACGGGTAA.1",1000
"X1_TTCATGTCACGGTGCT.1",8
"X1_TTCATGTCAGAACTAA.1",1
"X1_TTCATGTCAGATACTC.1",6
"X1_TTCATGTCAGATCATC.1",5
"X1_TTCATGTCAGGGCTTC.1",8
"X1_TTCATGTCATCACCAA.1",8
"X1_TTCATGTGTCCGGATC.1",8
"X1_TTCATGTGTCCGTTTC.1",8
"X1_TTCATGTGTCTTGCTC.1",1000
"X1_TTCATGTGTGAATAAC.1",5
"X1_TTCATGTGTGTTACAC.1",5
"X1_TTCATGTGTTCATCTT.1",7
"X1_TTCATGTGTTGATCGT.1",3
"X1_TTCATGTGTTGGGTAG.1",7
"X1_TTCATGTTCACCTCGT.1",6
"X1_TTCATGTTCATGGCCG.1",3
"X1_TTCATGTTCCCTTGGT.1",8
"X1_TTCATGTTCCTTGGAA.1",2
"X1_TTCATGTTCGGAACTT.1",1000
"X1_TTCATGTTCGGCAGTC.1",3
"X1_TTCATTGAGATGCTAA.1",1000
"X1_TTCATTGAGCATCGAG.1",6
"X1_TTCATTGAGCTGAAGC.1",2
"X1_TTCATTGAGGAGAGTA.1",7
"X1_TTCATTGCAACGTAAA.1",4
"X1_TTCATTGCAACTTGGT.1",7
"X1_TTCATTGCAAGACCTT.1",3
"X1_TTCATTGCAAGCCATT.1",4
"X1_TTCATTGCAATCGCGC.1",8
"X1_TTCATTGCACAGCTTA.1",5
"X1_TTCATTGCACCTATCC.1",2
"X1_TTCATTGCACTTGAAC.1",3
"X1_TTCATTGCAGAGGTTG.1",1
"X1_TTCATTGCAGCAAGAC.1",8
"X1_TTCATTGCAGGCAATG.1",0
"X1_TTCATTGCAGTCCCGA.1",3
"X1_TTCATTGCATAAGCGG.1",7
"X1_TTCATTGGTAGACAGC.1",1000
"X1_TTCATTGGTATAGGAT.1",0
"X1_TTCATTGGTCCAATCA.1",8
"X1_TTCATTGGTCTAGGTT.1",7
"X1_TTCATTGGTCTGTAGT.1",3
"X1_TTCATTGGTGACAGCA.1",6
"X1_TTCATTGGTGATAGTA.1",7
"X1_TTCATTGGTGGTACAG.1",8
"X1_TTCATTGTCCGTAATG.1",6
"X1_TTCATTGTCGTCAAAC.1",1
"X1_TTCATTGTCGTGGGTC.1",8
"X1_TTCATTGTCTACCAGA.1",3
"X1_TTCATTGTCTCTTAAC.1",1000
"X1_TTCATTGTCTTCTTCC.1",8
"X1_TTCCAATAGAGTCAGC.1",3
"X1_TTCCAATAGCCGGAAT.1",4
"X1_TTCCAATAGCGCCTCA.1",7
"X1_TTCCAATAGGAACGAA.1",1
"X1_TTCCAATAGGCTTAAA.1",8
"X1_TTCCAATAGGTGAGAA.1",8
"X1_TTCCAATAGTAACCGG.1",1000
"X1_TTCCAATAGTCCGTCG.1",8
"X1_TTCCAATAGTGATCGG.1",1000
"X1_TTCCAATAGTGCAACG.1",8
"X1_TTCCAATAGTTAGTAG.1",1000
"X1_TTCCAATAGTTCCAGT.1",1
"X1_TTCCAATCAAACACCT.1",7
"X1_TTCCAATCAAAGACTA.1",5
"X1_TTCCAATCAACGGTAG.1",8
"X1_TTCCAATCAACTGATC.1",8
"X1_TTCCAATCAAGTGGTG.1",5
"X1_TTCCAATCAATCGCGC.1",5
"X1_TTCCAATCACCAGGTC.1",4
"X1_TTCCAATCACGAAGAC.1",1000
"X1_TTCCAATCACGCGTGT.1",4
"X1_TTCCAATCAGACCGCT.1",1000
"X1_TTCCAATCAGCGTACC.1",1
"X1_TTCCAATCAGGTTACT.1",5
"X1_TTCCAATCAGTCGCTG.1",5
"X1_TTCCAATCAGTTTCAG.1",1000
"X1_TTCCAATCATAGAAAC.1",1000
"X1_TTCCAATCATGCCGCA.1",4
"X1_TTCCAATGTACCACGC.1",7
"X1_TTCCAATGTATTAAGG.1",2
"X1_TTCCAATGTCAGGTAG.1",1000
"X1_TTCCAATGTCAGTCGC.1",8
"X1_TTCCAATGTCCGGTCA.1",8
"X1_TTCCAATGTCTACTGA.1",7
"X1_TTCCAATGTGGTCTCG.1",1000
"X1_TTCCAATGTTGCTCGG.1",2
"X1_TTCCAATGTTTCCAAG.1",4
"X1_TTCCAATGTTTCGTAG.1",6
"X1_TTCCAATTCCATTGCC.1",7
"X1_TTCCAATTCCGTATAG.1",8
"X1_TTCCAATTCCGTTTCG.1",0
"X1_TTCCAATTCCTAGCGG.1",6
"X1_TTCCAATTCCTTTAGT.1",8
"X1_TTCCAATTCGCTGCGA.1",1000
"X1_TTCCAATTCGGAAGGT.1",4
"X1_TTCCAATTCGGATTAC.1",3
"X1_TTCCAATTCGGCTTGG.1",8
"X1_TTCCACGAGACTGGGT.1",1000
"X1_TTCCACGAGAGAGGGC.1",1000
"X1_TTCCACGAGGAACTCG.1",4
"X1_TTCCACGAGTTGAAAC.1",3
"X1_TTCCACGCAAGTTGGG.1",8
"X1_TTCCACGCACACAGAG.1",4
"X1_TTCCACGCACCGTCTT.1",1000
"X1_TTCCACGCACCTGCGA.1",8
"X1_TTCCACGCACTATGTG.1",8
"X1_TTCCACGCACTGCGAC.1",3
"X1_TTCCACGCAGAAACCG.1",1000
"X1_TTCCACGCAGGAACCA.1",4
"X1_TTCCACGCAGGGTCTC.1",3
"X1_TTCCACGCATACATCG.1",8
"X1_TTCCACGCATGCCGGT.1",1000
"X1_TTCCACGGTACTGGGA.1",1
"X1_TTCCACGGTAGGTAGC.1",0
"X1_TTCCACGGTCACCCTT.1",7
"X1_TTCCACGGTCATGGCC.1",5
"X1_TTCCACGGTCCCTGAG.1",8
"X1_TTCCACGGTCGTTGGC.1",3
"X1_TTCCACGGTGGACCAA.1",7
"X1_TTCCACGGTTCCTTGC.1",2
"X1_TTCCACGGTTGGGTTT.1",1000
"X1_TTCCACGGTTGTATGC.1",3
"X1_TTCCACGGTTGTGCAT.1",8
"X1_TTCCACGTCAACACGT.1",6
"X1_TTCCACGTCAACGTGT.1",7
"X1_TTCCACGTCACCGCTT.1",7
"X1_TTCCACGTCAGCCCAG.1",4
"X1_TTCCACGTCCGTGGTG.1",5
"X1_TTCCACGTCGAAGCAG.1",7
"X1_TTCCACGTCGCCAGAC.1",6
"X1_TTCCACGTCGGTTCAA.1",7
"X1_TTCCACGTCTTGGCTC.1",7
"X1_TTCCGGTAGAAACTCA.1",7
"X1_TTCCGGTAGACCAACG.1",3
"X1_TTCCGGTAGCACTCGC.1",1000
"X1_TTCCGGTAGGTCCCTG.1",7
"X1_TTCCGGTAGTATCCTG.1",1000
"X1_TTCCGGTAGTTCATGC.1",1000
"X1_TTCCGGTCACGCTGAC.1",5
"X1_TTCCGGTCACGTAGAG.1",8
"X1_TTCCGGTCAGTAGATA.1",7
"X1_TTCCGGTCATCGGCCA.1",7
"X1_TTCCGGTCATGGCTGC.1",4
"X1_TTCCGGTCATGTGCCG.1",8
"X1_TTCCGGTGTAATACCC.1",5
"X1_TTCCGGTGTAGACAAT.1",8
"X1_TTCCGGTGTGCTGCAC.1",8
"X1_TTCCGGTGTGGCCACT.1",8
"X1_TTCCGGTGTTGAATCC.1",1000
"X1_TTCCGGTGTTTACGTG.1",8
"X1_TTCCGGTTCAGCGCGT.1",7
"X1_TTCCGGTTCATAAGGA.1",8
"X1_TTCCGGTTCATTTGTC.1",5
"X1_TTCCGGTTCGAACACT.1",1000
"X1_TTCCGGTTCGAAGCCC.1",1000
"X1_TTCCGGTTCGACGACC.1",8
"X1_TTCCGGTTCGCTGTTC.1",5
"X1_TTCCGGTTCTAGGAAA.1",7
"X1_TTCCGGTTCTAGTGAC.1",4
"X1_TTCCGGTTCTTAGCCC.1",1000
"X1_TTCCGTGAGAAGGGAT.1",8
"X1_TTCCGTGAGACATACA.1",8
"X1_TTCCGTGAGATGGCAC.1",6
"X1_TTCCGTGAGCATGCAG.1",3
"X1_TTCCGTGAGCGATCGA.1",1
"X1_TTCCGTGAGCGATGAC.1",7
"X1_TTCCGTGAGGCGAAGG.1",6
"X1_TTCCGTGAGTAACCGG.1",7
"X1_TTCCGTGAGTACCCTA.1",1000
"X1_TTCCGTGAGTAGTGCG.1",7
"X1_TTCCGTGAGTCTAACC.1",1000
"X1_TTCCGTGAGTGCTAGG.1",8
"X1_TTCCGTGAGTTGCTCA.1",8
"X1_TTCCGTGCAAAGGCAC.1",6
"X1_TTCCGTGCAAATAGCA.1",4
"X1_TTCCGTGCAAATTGGA.1",1000
"X1_TTCCGTGCACGCAGTC.1",7
"X1_TTCCGTGCACGGCCAT.1",7
"X1_TTCCGTGCACGGTGAA.1",1000
"X1_TTCCGTGCAGAGTGAC.1",0
"X1_TTCCGTGCAGCGTTTA.1",4
"X1_TTCCGTGCAGCTCTGG.1",8
"X1_TTCCGTGCAGTTAGGG.1",8
"X1_TTCCGTGCATAGATCC.1",3
"X1_TTCCGTGGTAGCTTTG.1",3
"X1_TTCCGTGGTAGTCGGA.1",8
"X1_TTCCGTGGTCAACATC.1",8
"X1_TTCCGTGGTCCACTCT.1",3
"X1_TTCCGTGGTCGTAATC.1",6
"X1_TTCCGTGGTGCAGATG.1",3
"X1_TTCCGTGGTGGTAACG.1",7
"X1_TTCCGTGGTTATCCAG.1",1000
"X1_TTCCGTGGTTCGAGCC.1",3
"X1_TTCCGTGGTTGAAGTA.1",6
"X1_TTCCGTGTCAAGTAAG.1",1000
"X1_TTCCGTGTCAGAGCAG.1",3
"X1_TTCCGTGTCAGCTGAT.1",4
"X1_TTCCGTGTCCCTCGAT.1",2
"X1_TTCCGTGTCCGAGATT.1",2
"X1_TTCCGTGTCCTAGCGG.1",3
"X1_TTCCGTGTCGATTCCC.1",8
"X1_TTCCGTGTCGGCTGGT.1",6
"X1_TTCCGTGTCGTGTGAT.1",1000
"X1_TTCCGTGTCTCGGGAC.1",8
"X1_TTCCGTGTCTCGTCAC.1",1000
"X1_TTCCGTGTCTGCGTCT.1",1
"X1_TTCCGTGTCTTCCACG.1",1000
"X1_TTCCTAAAGAATAGTC.1",8
"X1_TTCCTAAAGAGCTTTC.1",1000
"X1_TTCCTAAAGATGCAGC.1",5
"X1_TTCCTAAAGCATAGGC.1",4
"X1_TTCCTAAAGCATGCAG.1",6
"X1_TTCCTAAAGCCAGAGT.1",1000
"X1_TTCCTAAAGGGCCAAT.1",8
"X1_TTCCTAAAGGTTCTAC.1",8
"X1_TTCCTAACAATTTCTC.1",8
"X1_TTCCTAACACACCAGC.1",8
"X1_TTCCTAACACGTGAGA.1",7
"X1_TTCCTAACACTCCCTA.1",8
"X1_TTCCTAACAGACCATT.1",3
"X1_TTCCTAACAGAGAATT.1",1000
"X1_TTCCTAACAGCAGGAT.1",7
"X1_TTCCTAACAGGCGTTC.1",7
"X1_TTCCTAACATGGATCT.1",0
"X1_TTCCTAAGTAGCGTCC.1",1000
"X1_TTCCTAAGTCCACTTC.1",4
"X1_TTCCTAAGTGAATTGA.1",8
"X1_TTCCTAAGTGCATGTT.1",8
"X1_TTCCTAAGTGGAAGTC.1",5
"X1_TTCCTAAGTGGTTTAC.1",1
"X1_TTCCTAAGTTAAGTCC.1",4
"X1_TTCCTAAGTTATGGTC.1",1000
"X1_TTCCTAAGTTTACGAC.1",8
"X1_TTCCTAATCGAGTGAG.1",6
"X1_TTCCTAATCGCCTAGG.1",8
"X1_TTCCTAATCTCTGGTC.1",4
"X1_TTCCTAATCTGTCGCT.1",2
"X1_TTCCTAATCTTAGCAG.1",8
"X1_TTCCTCTAGAGAATCT.1",8
"X1_TTCCTCTAGAGGGCGA.1",7
"X1_TTCCTCTAGCCGTTGC.1",4
"X1_TTCCTCTAGCCTGGAA.1",1
"X1_TTCCTCTAGCGTTACT.1",1
"X1_TTCCTCTAGGAACGTC.1",2
"X1_TTCCTCTAGGCGATAC.1",4
"X1_TTCCTCTAGGCTCACC.1",1000
"X1_TTCCTCTAGGTTATAG.1",4
"X1_TTCCTCTAGTCGAGGT.1",2
"X1_TTCCTCTCAAATGCGG.1",5
"X1_TTCCTCTCAACAAGTA.1",7
"X1_TTCCTCTCAACGATCT.1",3
"X1_TTCCTCTCAAGACGAC.1",7
"X1_TTCCTCTCACAGTGAG.1",8
"X1_TTCCTCTCAGAACATA.1",4
"X1_TTCCTCTCAGAGTGAC.1",7
"X1_TTCCTCTCAGAGTTCT.1",4
"X1_TTCCTCTCATCCTCAC.1",1000
"X1_TTCCTCTGTACCGGAA.1",8
"X1_TTCCTCTGTAGCTTAC.1",7
"X1_TTCCTCTGTCGCATCG.1",1000
"X1_TTCCTCTGTGTGAGCA.1",5
"X1_TTCCTCTGTTAGGCTT.1",1000
"X1_TTCCTCTTCAAGTGGG.1",7
"X1_TTCCTCTTCACAACCA.1",8
"X1_TTCCTCTTCACCATGA.1",1000
"X1_TTCCTCTTCACCCTTG.1",4
"X1_TTCCTCTTCAGGTAAA.1",1000
"X1_TTCCTCTTCCACCCTA.1",1000
"X1_TTCCTCTTCCGGACTG.1",4
"X1_TTCCTCTTCCTTCACG.1",7
"X1_TTCCTCTTCGAGATGG.1",1000
"X1_TTCCTCTTCGATCCCT.1",7
"X1_TTCCTCTTCGATTCCC.1",6
"X1_TTCCTCTTCGTCCTCA.1",4
"X1_TTCCTCTTCTATCACT.1",4
"X1_TTCCTCTTCTCTAAGG.1",1000
"X1_TTCCTCTTCTTCGATT.1",1000
"X1_TTCCTCTTCTTGCGCT.1",8
"X1_TTCCTTCAGACCACGA.1",6
"X1_TTCCTTCAGAGTTGTA.1",1000
"X1_TTCCTTCAGGCGTTGA.1",0
"X1_TTCCTTCAGGGAGGCA.1",2
"X1_TTCCTTCAGTAGATCA.1",3
"X1_TTCCTTCAGTATTGCC.1",1000
"X1_TTCCTTCAGTCTGCGC.1",4
"X1_TTCCTTCAGTCTGGTT.1",1000
"X1_TTCCTTCAGTTGCTCA.1",1
"X1_TTCCTTCCAAAGCAAT.1",1000
"X1_TTCCTTCCACCTAAAC.1",1000
"X1_TTCCTTCCACTATCCC.1",3
"X1_TTCCTTCCAGAGCGTA.1",8
"X1_TTCCTTCCATGAAGCG.1",8
"X1_TTCCTTCGTACAGTCT.1",0
"X1_TTCCTTCGTATATGGA.1",3
"X1_TTCCTTCGTCAGGCAA.1",4
"X1_TTCCTTCGTTATGTCG.1",8
"X1_TTCCTTCGTTCCGGTG.1",3
"X1_TTCCTTCTCAGCACCG.1",7
"X1_TTCCTTCTCCATTCAT.1",7
"X1_TTCCTTCTCGACACTA.1",7
"X1_TTCCTTCTCGATCCCT.1",5
"X1_TTCCTTCTCGGAATGG.1",4
"X1_TTCCTTCTCTCAACGA.1",3
"X1_TTCCTTCTCTCTTCAA.1",8
"X1_TTCGATTAGAATCGAT.1",1000
"X1_TTCGATTAGATCACTC.1",1
"X1_TTCGATTAGCACTCCG.1",0
"X1_TTCGATTAGCTAATGA.1",2
"X1_TTCGATTAGGAGCAAA.1",2
"X1_TTCGATTAGGTGTGAC.1",3
"X1_TTCGATTAGGTTCTAC.1",4
"X1_TTCGATTAGTAAGACT.1",4
"X1_TTCGATTAGTGTAGTA.1",8
"X1_TTCGATTAGTGTTCCA.1",8
"X1_TTCGATTCAAATCGTC.1",7
"X1_TTCGATTCAACCTATG.1",5
"X1_TTCGATTCAAGCACAG.1",8
"X1_TTCGATTCAATTGCTG.1",1000
"X1_TTCGATTCACAGCCTG.1",8
"X1_TTCGATTCAGACGCTC.1",7
"X1_TTCGATTCAGAGTTCT.1",8
"X1_TTCGATTCAGCACAAG.1",6
"X1_TTCGATTCAGCTACTA.1",1000
"X1_TTCGATTCAGTATGAA.1",6
"X1_TTCGATTCATTGGCAT.1",5
"X1_TTCGATTGTAGCCCTG.1",5
"X1_TTCGATTGTCCAACGC.1",3
"X1_TTCGATTGTCTTGTCC.1",2
"X1_TTCGATTGTGATAGTA.1",1000
"X1_TTCGATTGTGCTGATT.1",6
"X1_TTCGATTGTGTGTGGA.1",8
"X1_TTCGATTGTGTTCCAA.1",4
"X1_TTCGATTGTTCGTACA.1",7
"X1_TTCGATTGTTGCATCA.1",1000
"X1_TTCGATTGTTGGAGGT.1",2
"X1_TTCGATTGTTGTAAAG.1",7
"X1_TTCGATTTCCCTCGAT.1",2
"X1_TTCGATTTCCGCAAAT.1",3
"X1_TTCGATTTCCGTGTAA.1",3
"X1_TTCGATTTCGTAGCCG.1",1000
"X1_TTCGATTTCTCACGAA.1",8
"X1_TTCGATTTCTCGTGAA.1",7
"X1_TTCGATTTCTGGTTGA.1",1
"X1_TTCGATTTCTGTCTCG.1",5
"X1_TTCGATTTCTTCTGGC.1",2
"X1_TTCGATTTCTTGGGCG.1",1000
"X1_TTCGCTGAGAAAGTCT.1",3
"X1_TTCGCTGAGAAGGTAG.1",4
"X1_TTCGCTGAGCATCCTA.1",3
"X1_TTCGCTGAGCGAGTCA.1",1000
"X1_TTCGCTGAGCTATCCA.1",8
"X1_TTCGCTGAGGTGAGAA.1",7
"X1_TTCGCTGAGTGTGTTC.1",0
"X1_TTCGCTGAGTTTCAGC.1",1000
"X1_TTCGCTGCAAAGGATT.1",7
"X1_TTCGCTGCAATGTCAC.1",8
"X1_TTCGCTGCAATGTGGG.1",4
"X1_TTCGCTGCAATTAGGA.1",3
"X1_TTCGCTGCACGGTCTG.1",4
"X1_TTCGCTGCAGTTAAAG.1",8
"X1_TTCGCTGCATCAGCAT.1",3
"X1_TTCGCTGCATCGAGCC.1",8
"X1_TTCGCTGCATGCTGCG.1",8
"X1_TTCGCTGGTACTCCGG.1",1000
"X1_TTCGCTGGTATCCCTC.1",8
"X1_TTCGCTGGTATCTCTT.1",8
"X1_TTCGCTGGTCGAATTC.1",0
"X1_TTCGCTGGTCGTATGT.1",4
"X1_TTCGCTGGTCGTGCCA.1",7
"X1_TTCGCTGGTGAGTAGC.1",6
"X1_TTCGCTGGTGATTCAC.1",8
"X1_TTCGCTGGTGGAACCA.1",5
"X1_TTCGCTGGTGGCAACA.1",7
"X1_TTCGCTGGTTACACAC.1",8
"X1_TTCGCTGGTTCCTAAG.1",7
"X1_TTCGCTGGTTGCATTG.1",6
"X1_TTCGCTGGTTGTAAAG.1",7
"X1_TTCGCTGGTTGTAGCT.1",3
"X1_TTCGCTGTCAAAGGAT.1",8
"X1_TTCGCTGTCAGCGGAA.1",1000
"X1_TTCGCTGTCATTTGTC.1",4
"X1_TTCGCTGTCGACGTCG.1",1000
"X1_TTCGCTGTCGCTATTT.1",3
"X1_TTCGCTGTCGCTCATC.1",3
"X1_TTCGCTGTCGGAACTT.1",1
"X1_TTCGCTGTCGTCCATC.1",7
"X1_TTCGCTGTCTAAGCGT.1",4
"X1_TTCGCTGTCTCAACCC.1",7
"X1_TTCGCTGTCTGTCGCT.1",2
"X1_TTCGGTCAGAAACTGT.1",1000
"X1_TTCGGTCAGACGACGT.1",4
"X1_TTCGGTCAGATCCAAA.1",7
"X1_TTCGGTCAGCAGCCTC.1",1000
"X1_TTCGGTCAGCCTTGAT.1",1000
"X1_TTCGGTCAGGAATGTT.1",1000
"X1_TTCGGTCAGGACATCG.1",0
"X1_TTCGGTCAGGAGGCAG.1",7
"X1_TTCGGTCAGTAGCATA.1",4
"X1_TTCGGTCAGTCAGCCC.1",1
"X1_TTCGGTCCAATTGCGT.1",6
"X1_TTCGGTCCACGACAGA.1",1000
"X1_TTCGGTCCAGCGGATA.1",4
"X1_TTCGGTCCAGGGCTTC.1",5
"X1_TTCGGTCCAGTTAGAA.1",1000
"X1_TTCGGTCCATCGATGT.1",4
"X1_TTCGGTCCATGGGCAA.1",2
"X1_TTCGGTCGTACGGATG.1",1000
"X1_TTCGGTCGTAGATCGG.1",2
"X1_TTCGGTCGTATCGAAA.1",8
"X1_TTCGGTCGTCATCAGT.1",1000
"X1_TTCGGTCGTCATTCCC.1",8
"X1_TTCGGTCGTGGAGAAA.1",6
"X1_TTCGGTCGTGGGACAT.1",8
"X1_TTCGGTCGTGTGTTTG.1",1000
"X1_TTCGGTCGTTAGCTAC.1",1000
"X1_TTCGGTCGTTCGGCCA.1",1000
"X1_TTCGGTCGTTTACCAG.1",4
"X1_TTCGGTCTCAAGGCTT.1",1000
"X1_TTCGGTCTCACATACG.1",8
"X1_TTCGGTCTCACCATGA.1",7
"X1_TTCGGTCTCCACTAGA.1",7
"X1_TTCGGTCTCCTGATAG.1",4
"X1_TTCGGTCTCGGTCTAA.1",7
"X1_TTCGGTCTCTCAGGCG.1",5
"X1_TTCGGTCTCTGCGGAC.1",6
"X1_TTCGGTCTCTTCGTAT.1",4
"X1_TTCTAACAGAGAGGGC.1",1
"X1_TTCTAACAGATAACAC.1",1000
"X1_TTCTAACAGCCATTCA.1",7
"X1_TTCTAACAGCGACTAG.1",1000
"X1_TTCTAACAGGATGTTA.1",6
"X1_TTCTAACAGGTTGACG.1",1000
"X1_TTCTAACAGTAGCCAG.1",3
"X1_TTCTAACCAAACACGG.1",8
"X1_TTCTAACCAACAACAA.1",8
"X1_TTCTAACCAAGACAAT.1",3
"X1_TTCTAACCAATCCTTT.1",3
"X1_TTCTAACCACAATGTC.1",1000
"X1_TTCTAACCACCAGTTA.1",1000
"X1_TTCTAACCACCCATAA.1",7
"X1_TTCTAACCACGAAAGC.1",1000
"X1_TTCTAACCACGAGGTA.1",0
"X1_TTCTAACCACTCTCGT.1",6
"X1_TTCTAACCAGTTGAAA.1",1
"X1_TTCTAACCATGACGAG.1",7
"X1_TTCTAACCATGACTCA.1",1000
"X1_TTCTAACCATTGAAAG.1",3
"X1_TTCTAACCATTGTAGC.1",8
"X1_TTCTAACGTAGCTTGT.1",1000
"X1_TTCTAACGTAGTGCGA.1",8
"X1_TTCTAACGTATGAGAT.1",8
"X1_TTCTAACGTCAAGGCA.1",1000
"X1_TTCTAACGTCAGGTGA.1",4
"X1_TTCTAACGTCCGGACT.1",8
"X1_TTCTAACGTGATAGTA.1",3
"X1_TTCTAACGTGATTGGG.1",6
"X1_TTCTAACGTGCAAGAC.1",1000
"X1_TTCTAACGTGCATGAG.1",8
"X1_TTCTAACGTGTGAGCA.1",1000
"X1_TTCTAACGTGTTCATG.1",0
"X1_TTCTAACGTGTTCCAA.1",8
"X1_TTCTAACGTTCGGTTA.1",5
"X1_TTCTAACGTTCTAAGC.1",8
"X1_TTCTAACTCATCACAG.1",8
"X1_TTCTAACTCCAAGGGA.1",5
"X1_TTCTAACTCCATTCAT.1",8
"X1_TTCTAACTCCGAGGCT.1",8
"X1_TTCTAACTCCTCTGCA.1",4
"X1_TTCTAACTCCTGTAAG.1",1000
"X1_TTCTAACTCGGCTGTG.1",4
"X1_TTCTAACTCTACACAG.1",1
"X1_TTCTAACTCTACGGGC.1",3
"X1_TTCTAACTCTGAGAAA.1",1
"X1_TTCTAACTCTGGGCCA.1",3
"X1_TTCTAACTCTGGTGCG.1",8
"X1_TTCTAACTCTTTGGAG.1",1000
"X1_TTCTAGTAGAAGATCT.1",1000
"X1_TTCTAGTAGACCAGAC.1",7
"X1_TTCTAGTAGATACAGT.1",8
"X1_TTCTAGTAGCTGGCCT.1",3
"X1_TTCTAGTAGGTACCTT.1",4
"X1_TTCTAGTAGTCCGCGT.1",8
"X1_TTCTAGTAGTGAGCCA.1",2
"X1_TTCTAGTCAAGGTTGG.1",3
"X1_TTCTAGTCAATAGGGC.1",8
"X1_TTCTAGTCATCGCCTT.1",3
"X1_TTCTAGTCATGACTAC.1",7
"X1_TTCTAGTGTATGGTTC.1",8
"X1_TTCTAGTGTCCGACGT.1",3
"X1_TTCTAGTGTGACCTGC.1",7
"X1_TTCTAGTGTGTTGATC.1",1000
"X1_TTCTAGTTCAACTGAC.1",4
"X1_TTCTAGTTCGTCAAAC.1",6
"X1_TTCTAGTTCTACTATC.1",1
"X1_TTCTAGTTCTATGCCC.1",8
"X1_TTCTAGTTCTGACGCG.1",7
"X1_TTCTAGTTCTGCGATA.1",3
"X1_TTCTAGTTCTGGCCGA.1",7
"X1_TTCTCTCAGGACTATA.1",4
"X1_TTCTCTCAGTGAGGCT.1",1
"X1_TTCTCTCAGTGCAAAT.1",1000
"X1_TTCTCTCAGTGCACTT.1",8
"X1_TTCTCTCAGTTCGCAT.1",5
"X1_TTCTCTCCAAATTAGG.1",8
"X1_TTCTCTCCAACCACAT.1",7
"X1_TTCTCTCCACAGACGA.1",6
"X1_TTCTCTCCACTGCACG.1",3
"X1_TTCTCTCCACTTGTCC.1",0
"X1_TTCTCTCCACTTTAGG.1",0
"X1_TTCTCTCCAGCTGAGA.1",4
"X1_TTCTCTCCAGGAATAT.1",2
"X1_TTCTCTCCAGTAGATA.1",6
"X1_TTCTCTCCAGTAGGAC.1",1
"X1_TTCTCTCCATAACCCA.1",4
"X1_TTCTCTCCATAGAAAC.1",8
"X1_TTCTCTCGTACGTACT.1",1
"X1_TTCTCTCGTCAAGCCC.1",8
"X1_TTCTCTCGTCCTTAAG.1",4
"X1_TTCTCTCGTGAGTAAT.1",8
"X1_TTCTCTCGTGCACGCT.1",8
"X1_TTCTCTCGTGTGGACA.1",1000
"X1_TTCTCTCGTTCCAAAC.1",8
"X1_TTCTCTCTCACCTGGG.1",6
"X1_TTCTCTCTCATCGCAA.1",4
"X1_TTCTCTCTCCACAAGT.1",7
"X1_TTCTCTCTCCGCACGA.1",3
"X1_TTCTCTCTCGACTCCT.1",8
"X1_TTCTCTCTCGGAAGGT.1",3
"X1_TTCTCTCTCGGCCCAA.1",1000
"X1_TTCTCTCTCGGCTTCT.1",1000
"X1_TTCTCTCTCGTAGTCA.1",1000
"X1_TTCTCTCTCGTGCTCT.1",7
"X1_TTCTCTCTCGTGGCGT.1",5
"X1_TTCTCTCTCTCCTGTG.1",4
"X1_TTCTCTCTCTTAGCAG.1",1000
"X1_TTCTGTAAGATAGTGT.1",1000
"X1_TTCTGTAAGCAGTACG.1",7
"X1_TTCTGTAAGCCTGAAG.1",1000
"X1_TTCTGTAAGCGACTAG.1",8
"X1_TTCTGTAAGCTAATCC.1",1000
"X1_TTCTGTAAGCTCGTGC.1",1000
"X1_TTCTGTAAGGAGATAG.1",7
"X1_TTCTGTAAGGATTCCT.1",1
"X1_TTCTGTAAGGCTTAAA.1",1000
"X1_TTCTGTAAGGTAAGGA.1",1
"X1_TTCTGTAAGTGAGCCA.1",1000
"X1_TTCTGTACAAAGACGC.1",1000
"X1_TTCTGTACACTCAGAT.1",1
"X1_TTCTGTACAGTTCACA.1",1000
"X1_TTCTGTACATTGGGAG.1",1000
"X1_TTCTGTAGTAGATCCT.1",7
"X1_TTCTGTAGTAGTTACC.1",1
"X1_TTCTGTAGTATCAGCT.1",1000
"X1_TTCTGTAGTATCATGC.1",1000
"X1_TTCTGTAGTCCAGTTA.1",1000
"X1_TTCTGTAGTCCTGTCT.1",8
"X1_TTCTGTAGTCGTGCCA.1",7
"X1_TTCTGTAGTGCATTAC.1",7
"X1_TTCTGTAGTGCCCACA.1",3
"X1_TTCTGTAGTTTACACG.1",5
"X1_TTCTGTAGTTTCGATG.1",1000
"X1_TTCTGTATCCCACAGG.1",1000
"X1_TTCTGTATCCCTCAAC.1",1000
"X1_TTCTGTATCCTCAGAA.1",8
"X1_TTCTGTATCGAGTCCG.1",7
"X1_TTCTGTATCGTTCCCA.1",1000
"X1_TTCTGTATCTCGGCTT.1",8
"X1_TTCTGTATCTGTGCAA.1",5
"X1_TTCTTCCAGAAACTAC.1",2
"X1_TTCTTCCAGATAACGT.1",3
"X1_TTCTTCCAGCCTATTG.1",7
"X1_TTCTTCCAGCTCGCAC.1",4
"X1_TTCTTCCAGGTCCCGT.1",8
"X1_TTCTTCCAGTACCGGA.1",5
"X1_TTCTTCCAGTATTCCG.1",1000
"X1_TTCTTCCAGTGGCAGT.1",2
"X1_TTCTTCCAGTTCATCG.1",4
"X1_TTCTTCCCAAATGATG.1",7
"X1_TTCTTCCCAACGATTC.1",8
"X1_TTCTTCCCAACGGGTA.1",7
"X1_TTCTTCCCAATAGTCC.1",1000
"X1_TTCTTCCCACCAATTG.1",2
"X1_TTCTTCCCACTTGGCG.1",1000
"X1_TTCTTCCCAGACCAGA.1",5
"X1_TTCTTCCCAGACGCTC.1",7
"X1_TTCTTCCCAGCCCAGT.1",8
"X1_TTCTTCCCAGCTGTAT.1",1000
"X1_TTCTTCCCATAATGAG.1",7
"X1_TTCTTCCCATAGTCGT.1",7
"X1_TTCTTCCCATGGAGAC.1",1000
"X1_TTCTTCCCATTAAGCC.1",7
"X1_TTCTTCCGTACTCCCT.1",3
"X1_TTCTTCCGTAGGTACG.1",1000
"X1_TTCTTCCGTCAAAGAT.1",4
"X1_TTCTTCCGTCACTTCC.1",0
"X1_TTCTTCCGTCAGATTC.1",1000
"X1_TTCTTCCGTCCGGACT.1",2
"X1_TTCTTCCGTGAATGAT.1",1000
"X1_TTCTTCCGTGCAGATG.1",7
"X1_TTCTTCCGTGCCCGTA.1",3
"X1_TTCTTCCGTGTTGATC.1",3
"X1_TTCTTCCGTTCCGCGA.1",4
"X1_TTCTTCCTCACTGTCC.1",1000
"X1_TTCTTCCTCCCTATTA.1",4
"X1_TTCTTCCTCCTCTTTC.1",7
"X1_TTCTTCCTCGGCTGGT.1",3
"X1_TTCTTCCTCTCCCATG.1",8
"X1_TTCTTCCTCTCTGACC.1",7
"X1_TTCTTCCTCTTACCGC.1",7
"X1_TTCTTCCTCTTTCTAG.1",8
"X1_TTCTTGAAGAATCGTA.1",4
"X1_TTCTTGAAGATAACGT.1",5
"X1_TTCTTGAAGATTGTGA.1",3
"X1_TTCTTGAAGCAATAAC.1",8
"X1_TTCTTGAAGGACAACC.1",3
"X1_TTCTTGAAGGTAGTAT.1",3
"X1_TTCTTGACAAATCAAG.1",4
"X1_TTCTTGACAACTCGAT.1",7
"X1_TTCTTGACACATTCGA.1",5
"X1_TTCTTGACACCGTGAC.1",0
"X1_TTCTTGACAGTAGAGC.1",6
"X1_TTCTTGACATAAGCAA.1",4
"X1_TTCTTGACATGACTGT.1",3
"X1_TTCTTGACATGTCTAG.1",1000
"X1_TTCTTGAGTACAGTAA.1",1000
"X1_TTCTTGAGTAGACTGG.1",7
"X1_TTCTTGAGTAGAGCTG.1",7
"X1_TTCTTGAGTATCGTAC.1",5
"X1_TTCTTGAGTCCTTTGC.1",1000
"X1_TTCTTGAGTCGGCTAC.1",1000
"X1_TTCTTGAGTCTTGGTA.1",3
"X1_TTCTTGAGTGAACGGT.1",5
"X1_TTCTTGAGTGGCGTAA.1",7
"X1_TTCTTGAGTTCAAGGG.1",3
"X1_TTCTTGAGTTGATCGT.1",8
"X1_TTCTTGAGTTGCATGT.1",1000
"X1_TTCTTGAGTTTCGTGA.1",1000
"X1_TTCTTGAGTTTGTTCT.1",8
"X1_TTCTTGATCAAGTGGG.1",8
"X1_TTCTTGATCACAAGAA.1",7
"X1_TTCTTGATCACCTTGC.1",8
"X1_TTCTTGATCAGAGCGA.1",1000
"X1_TTCTTGATCCACTGAA.1",1000
"X1_TTCTTGATCCTGATAG.1",5
"X1_TTCTTGATCGACATCA.1",1000
"X1_TTCTTGATCGGCTGAC.1",7
"X1_TTCTTGATCGGCTTCT.1",1000
"X1_TTCTTGATCGTGGAAG.1",5
"X1_TTCTTGATCGTGGCGT.1",1000
"X1_TTCTTGATCTACGCAA.1",3
"X1_TTCTTGATCTGCACCT.1",4
"X1_TTCTTGATCTTACCAT.1",4
"X1_TTGAACGAGAGAGGTA.1",5
"X1_TTGAACGAGAGCAAGA.1",8
"X1_TTGAACGAGCTAATGA.1",4
"X1_TTGAACGAGTCAACAA.1",8
"X1_TTGAACGAGTCCCTAA.1",7
"X1_TTGAACGAGTCCGCGT.1",3
"X1_TTGAACGAGTTTCAGC.1",0
"X1_TTGAACGCAAATAGCA.1",5
"X1_TTGAACGCAGAGGAAA.1",8
"X1_TTGAACGCATAGAGGC.1",7
"X1_TTGAACGCATTGGGAG.1",5
"X1_TTGAACGGTACAACGG.1",6
"X1_TTGAACGGTACTAGCT.1",8
"X1_TTGAACGGTCCCTGAG.1",1000
"X1_TTGAACGGTTATAGCC.1",3
"X1_TTGAACGGTTCGTACA.1",1
"X1_TTGAACGTCAAGAGGC.1",7
"X1_TTGAACGTCAGACATC.1",1000
"X1_TTGAACGTCAGTCACA.1",7
"X1_TTGAACGTCATCCCGT.1",5
"X1_TTGAACGTCATCGCCT.1",1000
"X1_TTGAACGTCCAAGCCG.1",1000
"X1_TTGAACGTCCGTTGAA.1",8
"X1_TTGAACGTCCGTTTCG.1",1000
"X1_TTGAACGTCGAAGCCC.1",1
"X1_TTGAACGTCGAGTACT.1",1000
"X1_TTGAACGTCGGAGTAG.1",3
"X1_TTGAACGTCGGCCTTT.1",4
"X1_TTGAACGTCGTCCATC.1",1000
"X1_TTGAACGTCTCCCAAC.1",1000
"X1_TTGAACGTCTGGTTGA.1",4
"X1_TTGAACGTCTTTGCAT.1",1000
"X1_TTGACCCAGAAGTCCG.1",7
"X1_TTGACCCAGATTCGCT.1",7
"X1_TTGACCCAGCATCTTG.1",1000
"X1_TTGACCCAGCGATGAC.1",6
"X1_TTGACCCAGGAGTACC.1",3
"X1_TTGACCCAGGTAATCA.1",0
"X1_TTGACCCAGTCATGAA.1",3
"X1_TTGACCCAGTCATGCT.1",1000
"X1_TTGACCCAGTCCCGAC.1",8
"X1_TTGACCCAGTGAACAT.1",3
"X1_TTGACCCAGTTACGTC.1",4
"X1_TTGACCCCAAATACAG.1",5
"X1_TTGACCCCAAATCGGG.1",4
"X1_TTGACCCCAGACAAAT.1",6
"X1_TTGACCCCAGCAGTGA.1",8
"X1_TTGACCCCAGCCTTCT.1",2
"X1_TTGACCCCAGCGATTT.1",8
"X1_TTGACCCCAGCTAACT.1",5
"X1_TTGACCCCAGCTACCG.1",8
"X1_TTGACCCCAGCTCTGG.1",3
"X1_TTGACCCCATGAAAGT.1",4
"X1_TTGACCCGTAATCAAG.1",5
"X1_TTGACCCGTATCAGCT.1",1000
"X1_TTGACCCGTCGATTTG.1",1000
"X1_TTGACCCGTGCGGCTT.1",6
"X1_TTGACCCGTGTACATC.1",6
"X1_TTGACCCGTTCGTACA.1",7
"X1_TTGACCCGTTCTCCCA.1",8
"X1_TTGACCCGTTGAGGAC.1",0
"X1_TTGACCCTCACACCGG.1",8
"X1_TTGACCCTCAGCGCAC.1",1000
"X1_TTGACCCTCCACAGCG.1",8
"X1_TTGACCCTCCAGTTCC.1",5
"X1_TTGACCCTCCATTCGC.1",1000
"X1_TTGACCCTCCCGAGTG.1",8
"X1_TTGACCCTCTGGAAGG.1",1000
"X1_TTGAGTGAGACTACCT.1",4
"X1_TTGAGTGAGCCATTTG.1",7
"X1_TTGAGTGAGCCTCGTG.1",2
"X1_TTGAGTGAGCGCTTCG.1",4
"X1_TTGAGTGAGGACGCAT.1",7
"X1_TTGAGTGAGGAGGTTC.1",4
"X1_TTGAGTGAGGTGGGTT.1",7
"X1_TTGAGTGAGTGACCTT.1",2
"X1_TTGAGTGCAACTTCTT.1",7
"X1_TTGAGTGCAATAGAGT.1",1000
"X1_TTGAGTGCACGACTAT.1",8
"X1_TTGAGTGCACGCCAGT.1",5
"X1_TTGAGTGCACTGTCCT.1",6
"X1_TTGAGTGCAGCAGTTT.1",1000
"X1_TTGAGTGCATTATGCG.1",7
"X1_TTGAGTGGTACAAAGT.1",1000
"X1_TTGAGTGGTACTGTTG.1",6
"X1_TTGAGTGGTAGAAACT.1",8
"X1_TTGAGTGGTAGCGTAG.1",1000
"X1_TTGAGTGGTCGATGCC.1",1000
"X1_TTGAGTGGTGATGTAA.1",3
"X1_TTGAGTGGTGCACGCT.1",1000
"X1_TTGAGTGGTGGTTCTA.1",6
"X1_TTGAGTGGTGTACAGG.1",3
"X1_TTGAGTGGTGTCACAT.1",8
"X1_TTGAGTGGTGTTAAAG.1",2
"X1_TTGAGTGGTGTTTACG.1",3
"X1_TTGAGTGGTTACCCAA.1",7
"X1_TTGAGTGTCAAGAATG.1",1000
"X1_TTGAGTGTCAAGTGGG.1",3
"X1_TTGAGTGTCAATCCAG.1",1000
"X1_TTGAGTGTCAGCCTCT.1",1000
"X1_TTGAGTGTCTTGCGCT.1",8
"X1_TTGATGGAGAATGTTG.1",8
"X1_TTGATGGAGCATCTTG.1",6
"X1_TTGATGGAGCGTGCCT.1",1000
"X1_TTGATGGAGCTAGTTC.1",7
"X1_TTGATGGAGGCTTCCG.1",8
"X1_TTGATGGAGTACTGTC.1",3
"X1_TTGATGGAGTGCAGCA.1",7
"X1_TTGATGGAGTGCCTCG.1",8
"X1_TTGATGGAGTTCGGTT.1",1000
"X1_TTGATGGCAAGCTCTA.1",7
"X1_TTGATGGCACTGCGTG.1",6
"X1_TTGATGGCAGGTGACA.1",1000
"X1_TTGATGGCAGTTCACA.1",4
"X1_TTGATGGGTCTGCATA.1",1000
"X1_TTGATGGGTCTTCTAT.1",5
"X1_TTGATGGGTGTTAAAG.1",6
"X1_TTGATGGGTGTTTGCA.1",4
"X1_TTGATGGGTTATCTTC.1",1
"X1_TTGATGGGTTTCCCAC.1",4
"X1_TTGATGGTCAGTCTTT.1",8
"X1_TTGATGGTCCCGAACG.1",1
"X1_TTGATGGTCGAACTCA.1",7
"X1_TTGATGGTCGATACTG.1",2
"X1_TTGATGGTCGGACGTC.1",4
"X1_TTGATGGTCTCCGAGG.1",4
"X1_TTGATGGTCTGTCTCG.1",1000
"X1_TTGATGGTCTTCGTGC.1",3
"X1_TTGCATTAGAAGCCAC.1",1000
"X1_TTGCATTAGACAGCGT.1",8
"X1_TTGCATTAGAGTACCG.1",1
"X1_TTGCATTAGAGTCAGC.1",1
"X1_TTGCATTAGATACGAT.1",8
"X1_TTGCATTAGATCCCGC.1",7
"X1_TTGCATTAGATGGTCG.1",2
"X1_TTGCATTAGCAGCCCT.1",5
"X1_TTGCATTAGCGTACAG.1",4
"X1_TTGCATTAGCTGACAG.1",8
"X1_TTGCATTAGGACGCTA.1",4
"X1_TTGCATTAGGCCTAGA.1",5
"X1_TTGCATTAGTCACTGT.1",1000
"X1_TTGCATTAGTGAATAC.1",7
"X1_TTGCATTAGTGCCCGT.1",3
"X1_TTGCATTCAACGCATT.1",8
"X1_TTGCATTCAAGAAATC.1",1
"X1_TTGCATTCAATATCCG.1",3
"X1_TTGCATTCACACCAGC.1",7
"X1_TTGCATTCACATAACC.1",0
"X1_TTGCATTCACGCTATA.1",7
"X1_TTGCATTCACGGAAGT.1",1
"X1_TTGCATTCACGTTGGC.1",8
"X1_TTGCATTCAGGTTCAT.1",1000
"X1_TTGCATTCATATGGCT.1",2
"X1_TTGCATTGTAAGATTG.1",5
"X1_TTGCATTGTCAATCTG.1",1
"X1_TTGCATTGTCCACTTC.1",6
"X1_TTGCATTTCAATCCGA.1",1000
"X1_TTGCATTTCAGCTGTA.1",4
"X1_TTGCATTTCAGTGTTG.1",7
"X1_TTGCATTTCCACCTCA.1",4
"X1_TTGCATTTCCATTTGT.1",8
"X1_TTGCATTTCCTGCCAT.1",1000
"X1_TTGCATTTCGGCATTA.1",8
"X1_TTGCATTTCGTAGAGG.1",4
"X1_TTGCATTTCTAAGGAA.1",2
"X1_TTGCATTTCTGCTAGA.1",8
"X1_TTGCATTTCTTACCGC.1",8
"X1_TTGCCTGAGAAGGTAG.1",3
"X1_TTGCCTGAGGCGAAGG.1",1000
"X1_TTGCCTGAGGTATCTC.1",1000
"X1_TTGCCTGAGTATGAGT.1",7
"X1_TTGCCTGAGTTCTCTT.1",8
"X1_TTGCCTGCAAATCGGG.1",4
"X1_TTGCCTGCAAGGTTGG.1",2
"X1_TTGCCTGCAATGAAAC.1",4
"X1_TTGCCTGCACCTTCCA.1",3
"X1_TTGCCTGCAGGACGAT.1",2
"X1_TTGCCTGCAGTCGTTA.1",8
"X1_TTGCCTGCATTGAAGA.1",5
"X1_TTGCCTGGTACAGTAA.1",1000
"X1_TTGCCTGGTAGTACGG.1",4
"X1_TTGCCTGGTCAAAGAT.1",4
"X1_TTGCCTGGTCAAAGTA.1",4
"X1_TTGCCTGGTGCTTCAA.1",1000
"X1_TTGCCTGGTGGACCAA.1",8
"X1_TTGCCTGTCAAGTCGT.1",8
"X1_TTGCCTGTCAATGTCG.1",3
"X1_TTGCCTGTCAGCAGAG.1",6
"X1_TTGCCTGTCCACCCTA.1",1000
"X1_TTGCCTGTCCAGTGCG.1",7
"X1_TTGCCTGTCCCAGGCA.1",4
"X1_TTGCCTGTCTGTGCAA.1",8
"X1_TTGCGTCAGCTGGAGT.1",5
"X1_TTGCGTCAGCTTAAGA.1",1000
"X1_TTGCGTCAGGATAATC.1",7
"X1_TTGCGTCAGGCTAACG.1",1000
"X1_TTGCGTCAGTGTTGAA.1",2
"X1_TTGCGTCCACCGCTAG.1",1
"X1_TTGCGTCCACTGGCGT.1",1000
"X1_TTGCGTCCATTCGATG.1",8
"X1_TTGCGTCGTACAATAG.1",7
"X1_TTGCGTCGTATGAGAT.1",1000
"X1_TTGCGTCGTCATTGCA.1",1000
"X1_TTGCGTCGTCCATAGT.1",5
"X1_TTGCGTCGTCCGGATC.1",8
"X1_TTGCGTCGTCTCAGAT.1",6
"X1_TTGCGTCGTCTCGGAC.1",8
"X1_TTGCGTCGTCTGTGTA.1",1000
"X1_TTGCGTCGTGGAAATT.1",1000
"X1_TTGCGTCGTTAGAGAT.1",7
"X1_TTGCGTCGTTCTCGTC.1",4
"X1_TTGCGTCGTTTGATCG.1",6
"X1_TTGCGTCTCATGGGAG.1",1000
"X1_TTGCGTCTCCAAGCCG.1",4
"X1_TTGCGTCTCCACACAA.1",8
"X1_TTGCGTCTCCCTTGGT.1",6
"X1_TTGCGTCTCCGACATA.1",3
"X1_TTGCGTCTCCGTTGGG.1",4
"X1_TTGCGTCTCTAGGCCG.1",7
"X1_TTGCTGCAGACATCAA.1",3
"X1_TTGCTGCAGAGAATCT.1",1000
"X1_TTGCTGCAGCATTTCG.1",0
"X1_TTGCTGCAGCTCTTCC.1",5
"X1_TTGCTGCAGTTCGGTT.1",5
"X1_TTGCTGCAGTTGAATG.1",1000
"X1_TTGCTGCAGTTGTCAC.1",1000
"X1_TTGCTGCAGTTTCGGT.1",1
"X1_TTGCTGCCACATTGTG.1",3
"X1_TTGCTGCCACTACGGC.1",3
"X1_TTGCTGCCAGATTAAG.1",3
"X1_TTGCTGCCAGCTGTAT.1",1000
"X1_TTGCTGCCAGGACAGT.1",5
"X1_TTGCTGCCAGTTCCAA.1",1000
"X1_TTGCTGCCATCGCTAA.1",3
"X1_TTGCTGCGTAGAAACT.1",3
"X1_TTGCTGCGTATCAGCT.1",6
"X1_TTGCTGCGTATCGGTT.1",8
"X1_TTGCTGCGTCAAAGCG.1",8
"X1_TTGCTGCGTCATTCCC.1",7
"X1_TTGCTGCGTCCACATA.1",4
"X1_TTGCTGCGTCGAAACG.1",1000
"X1_TTGCTGCGTTCGGTAT.1",4
"X1_TTGCTGCGTTCTCGTC.1",3
"X1_TTGCTGCTCACGGGCT.1",7
"X1_TTGCTGCTCAGCCTTC.1",8
"X1_TTGCTGCTCCCGAGAC.1",8
"X1_TTGCTGCTCGCTGTTC.1",1
"X1_TTGCTGCTCGGACTTA.1",7
"X1_TTGCTGCTCTAGTGTG.1",5
"X1_TTGCTGCTCTTGCAGA.1",8
"X1_TTGGATGAGACGAAGA.1",4
"X1_TTGGATGAGAGATGCC.1",2
"X1_TTGGATGAGAGGGTCT.1",1000
"X1_TTGGATGAGCAACAAT.1",4
"X1_TTGGATGAGCAATTAG.1",7
"X1_TTGGATGAGCGAAACC.1",1
"X1_TTGGATGAGTCAGAGC.1",7
"X1_TTGGATGAGTGAACAT.1",6
"X1_TTGGATGCAACGACAG.1",8
"X1_TTGGATGCAAGATTGA.1",1000
"X1_TTGGATGCAAGTGGCA.1",7
"X1_TTGGATGCAATCTGCA.1",3
"X1_TTGGATGCACCTTCCA.1",1000
"X1_TTGGATGCACGGGCTT.1",3
"X1_TTGGATGCACTGGAAG.1",1000
"X1_TTGGATGCAGACGCTC.1",1000
"X1_TTGGATGCAGAGAGGG.1",6
"X1_TTGGATGCAGATACTC.1",8
"X1_TTGGATGCAGCACACC.1",8
"X1_TTGGATGGTAATACCC.1",1000
"X1_TTGGATGGTACTGAGG.1",6
"X1_TTGGATGGTAGATCGG.1",8
"X1_TTGGATGGTCGCCTAG.1",8
"X1_TTGGATGGTGGATCAG.1",7
"X1_TTGGATGGTTCAGCTA.1",7
"X1_TTGGATGGTTCCTAGA.1",3
"X1_TTGGATGTCGACCATA.1",8
"X1_TTGGATGTCTAAGCGT.1",1000
"X1_TTGGATGTCTACTATC.1",1000
"X1_TTGGATGTCTAGTGAC.1",7
"X1_TTGGATGTCTCCGAAA.1",8
"X1_TTGGATGTCTCTCTAA.1",1000
"X1_TTGGGATAGGTCACTT.1",4
"X1_TTGGGATAGTAACCTC.1",7
"X1_TTGGGATCAACACGTT.1",8
"X1_TTGGGATCAAGACGGT.1",1000
"X1_TTGGGATCAAGCGAAC.1",8
"X1_TTGGGATCAAGTGGTG.1",4
"X1_TTGGGATCAATGAAAC.1",5
"X1_TTGGGATCAATGTGGG.1",7
"X1_TTGGGATCACATGAAA.1",3
"X1_TTGGGATCACATTCTT.1",4
"X1_TTGGGATCACCGTGAC.1",7
"X1_TTGGGATCACCTCTGT.1",8
"X1_TTGGGATCACGATAGG.1",7
"X1_TTGGGATCACTATCGA.1",7
"X1_TTGGGATCACTCATAG.1",4
"X1_TTGGGATCACTTCATT.1",4
"X1_TTGGGATCAGAGGCTA.1",1000
"X1_TTGGGATGTACGAGCA.1",1000
"X1_TTGGGATGTAGATCCT.1",4
"X1_TTGGGATGTCAGTTTG.1",4
"X1_TTGGGATGTGGGTTGA.1",7
"X1_TTGGGATGTGTAACGG.1",7
"X1_TTGGGATGTGTCCCTT.1",7
"X1_TTGGGATGTGTGATGG.1",7
"X1_TTGGGATGTTCGGCGT.1",1000
"X1_TTGGGATGTTCGGTTA.1",7
"X1_TTGGGATGTTTCACAG.1",4
"X1_TTGGGATTCGCACGAC.1",8
"X1_TTGGGATTCGTTGTTT.1",2
"X1_TTGGGCGAGAATGTTG.1",7
"X1_TTGGGCGAGCAACAGC.1",8
"X1_TTGGGCGAGCCTATCA.1",1000
"X1_TTGGGCGAGGGAGGCA.1",1000
"X1_TTGGGCGCAATCAAGA.1",7
"X1_TTGGGCGCACATATCG.1",3
"X1_TTGGGCGCACGATAGG.1",5
"X1_TTGGGCGCACTTCCTG.1",8
"X1_TTGGGCGCAGCGACAA.1",1000
"X1_TTGGGCGCAGCTCGGT.1",4
"X1_TTGGGCGCATCCTTGC.1",8
"X1_TTGGGCGCATCTTTCA.1",2
"X1_TTGGGCGGTAAGCTCT.1",7
"X1_TTGGGCGGTACGTGTT.1",6
"X1_TTGGGCGGTCCAGAAG.1",1000
"X1_TTGGGCGGTCCGGATC.1",4
"X1_TTGGGCGGTGGTATGG.1",8
"X1_TTGGGCGGTGTGCTTA.1",8
"X1_TTGGGCGGTTAAGGGC.1",2
"X1_TTGGGCGGTTCGAAGG.1",5
"X1_TTGGGCGGTTGGCCGT.1",7
"X1_TTGGGCGGTTGGGCCT.1",7
"X1_TTGGGCGGTTTACTTC.1",5
"X1_TTGGGCGTCACGGACC.1",8
"X1_TTGGGCGTCAGGACGA.1",1000
"X1_TTGGGCGTCCAAGAGG.1",0
"X1_TTGGGCGTCGTAATGC.1",4
"X1_TTGGGTAAGACGCCCT.1",8
"X1_TTGGGTAAGCCAGAGT.1",0
"X1_TTGGGTAAGCCTAACT.1",1000
"X1_TTGGGTAAGGGCTTCC.1",0
"X1_TTGGGTAAGGTCATAA.1",2
"X1_TTGGGTAAGGTGAGCT.1",4
"X1_TTGGGTAAGTGCTAGG.1",1
"X1_TTGGGTACAAATGCGG.1",2
"X1_TTGGGTACAACCACAT.1",4
"X1_TTGGGTACAAGATGTA.1",6
"X1_TTGGGTACACATAGCT.1",3
"X1_TTGGGTACACTGTGTA.1",3
"X1_TTGGGTACAGGCCTGT.1",3
"X1_TTGGGTACATCGTCCT.1",2
"X1_TTGGGTACATGGAGAC.1",4
"X1_TTGGGTACATTGTCGA.1",8
"X1_TTGGGTAGTAGCGAGT.1",8
"X1_TTGGGTAGTATGCAAA.1",1
"X1_TTGGGTAGTCACTAGT.1",1000
"X1_TTGGGTAGTCGAATTC.1",8
"X1_TTGGGTAGTGGCTCTG.1",8
"X1_TTGGGTATCCATTGTT.1",3
"X1_TTGGGTATCCGATAGT.1",4
"X1_TTGGGTATCGATTGAC.1",3
"X1_TTGGGTATCTACCTTA.1",4
"X1_TTGGGTATCTAGCCAA.1",5
"X1_TTGGGTATCTTCCGTG.1",7
"X1_TTGGGTATCTTCGTAT.1",5
"X1_TTGGTTTAGAGGGTGG.1",7
"X1_TTGGTTTAGCAGGCAT.1",6
"X1_TTGGTTTAGGAACGCT.1",8
"X1_TTGGTTTAGGAACTCG.1",7
"X1_TTGGTTTAGGCATCAG.1",1000
"X1_TTGGTTTAGTATGATG.1",2
"X1_TTGGTTTCAACTTGCA.1",7
"X1_TTGGTTTCACAGACGA.1",7
"X1_TTGGTTTCAGAAACCG.1",7
"X1_TTGGTTTCATAAGCAA.1",3
"X1_TTGGTTTCATGGGAAC.1",1000
"X1_TTGGTTTGTAGCTGTT.1",1000
"X1_TTGGTTTGTCTGTGCG.1",1
"X1_TTGGTTTGTGAGCAGT.1",8
"X1_TTGGTTTGTTCAAGGG.1",1000
"X1_TTGGTTTGTTCCGCTT.1",4
"X1_TTGGTTTGTTGCACGC.1",4
"X1_TTGGTTTTCAAGATAG.1",1000
"X1_TTGGTTTTCCCTTTGG.1",4
"X1_TTGGTTTTCCGTCAAA.1",3
"X1_TTGGTTTTCCGTTGAA.1",8
"X1_TTGGTTTTCGGCTGAC.1",1000
"X1_TTGGTTTTCTGCACCT.1",4
"X1_TTGTGGAAGATAGTCA.1",3
"X1_TTGTGGAAGCCTCAGC.1",8
"X1_TTGTGGAAGGTCATAA.1",4
"X1_TTGTGGAAGTAACCTC.1",3
"X1_TTGTGGAAGTAGGCCA.1",0
"X1_TTGTGGAAGTATAGGT.1",8
"X1_TTGTGGAAGTGCTAGG.1",1000
"X1_TTGTGGAAGTGTACAA.1",7
"X1_TTGTGGACAATCAGCT.1",3
"X1_TTGTGGACACAATTCG.1",8
"X1_TTGTGGACACGACGCT.1",7
"X1_TTGTGGACACGTATAC.1",1000
"X1_TTGTGGACAGAGGTAC.1",1
"X1_TTGTGGACAGCTATAC.1",1
"X1_TTGTGGACAGGCGAAT.1",8
"X1_TTGTGGACATCCAACA.1",1000
"X1_TTGTGGACATTGACCA.1",1000
"X1_TTGTGGAGTACCTAAC.1",6
"X1_TTGTGGAGTACTCGAT.1",1
"X1_TTGTGGAGTAGTATAG.1",4
"X1_TTGTGGAGTATACCTG.1",1000
"X1_TTGTGGAGTGATTGGG.1",1000
"X1_TTGTGGAGTGCAATAA.1",1
"X1_TTGTGGAGTGCCTTTC.1",1000
"X1_TTGTGGAGTGCGCTCA.1",3
"X1_TTGTGGAGTGGAAGTC.1",7
"X1_TTGTGGAGTGTAACGG.1",8
"X1_TTGTGGAGTTGTAAAG.1",7
"X1_TTGTGGATCAACGCTA.1",8
"X1_TTGTGGATCGCCAATA.1",8
"X1_TTGTGGATCGCCCAGA.1",1000
"X1_TTGTGGATCGGCTGAC.1",7
"X1_TTGTGGATCGGTGTAT.1",5
"X1_TTGTGGATCTGCTCTG.1",8
"X1_TTGTGGATCTGTGTGA.1",2
"X1_TTGTGTTAGAGTCTGG.1",2
"X1_TTGTGTTAGCCAAGCA.1",3
"X1_TTGTGTTAGGAAGTCC.1",4
"X1_TTGTGTTAGGCTCTAT.1",1000
"X1_TTGTGTTAGGTGCAGT.1",3
"X1_TTGTGTTAGTGGTTCT.1",4
"X1_TTGTGTTAGTGTTCCA.1",7
"X1_TTGTGTTCAACGGGTA.1",3
"X1_TTGTGTTCACATTACG.1",5
"X1_TTGTGTTCACCCTTAC.1",7
"X1_TTGTGTTCAGACATCT.1",2
"X1_TTGTGTTCAGGACATG.1",4
"X1_TTGTGTTCATCCTTCG.1",1
"X1_TTGTGTTGTAGCTGAG.1",3
"X1_TTGTGTTGTCAGTCTA.1",1000
"X1_TTGTGTTGTCGAGCAA.1",1000
"X1_TTGTGTTGTCGTATGT.1",7
"X1_TTGTGTTTCAACTACG.1",1000
"X1_TTGTGTTTCCAGGACC.1",7
"X1_TTGTGTTTCCTAAGTG.1",1
"X1_TTGTGTTTCGTTGTAG.1",7
"X1_TTGTGTTTCTAGTACG.1",1
"X1_TTGTGTTTCTCCGAAA.1",1000
"X1_TTGTGTTTCTCTGAGA.1",1000
"X1_TTGTTCAAGAACTCCT.1",7
"X1_TTGTTCAAGATTAGCA.1",1000
"X1_TTGTTCAAGCGATGAC.1",7
"X1_TTGTTCAAGCGGCTCT.1",4
"X1_TTGTTCAAGCTCATAC.1",7
"X1_TTGTTCAAGGAGAATG.1",7
"X1_TTGTTCAAGGCAATGC.1",7
"X1_TTGTTCAAGGTACTGG.1",7
"X1_TTGTTCAAGTCAAGCG.1",8
"X1_TTGTTCAAGTTACGAA.1",8
"X1_TTGTTCACAACTCGTA.1",1000
"X1_TTGTTCACAATCGCAT.1",2
"X1_TTGTTCACACAGTCGC.1",1000
"X1_TTGTTCACACATCATG.1",5
"X1_TTGTTCACACTCCCTA.1",1
"X1_TTGTTCACAGGTGTTT.1",1000
"X1_TTGTTCACATACGCAT.1",8
"X1_TTGTTCACATGTCGTA.1",2
"X1_TTGTTCAGTACTGCCG.1",8
"X1_TTGTTCAGTAGAATGT.1",8
"X1_TTGTTCAGTAGTGGCA.1",3
"X1_TTGTTCAGTATAATGG.1",6
"X1_TTGTTCAGTATACCTG.1",1000
"X1_TTGTTCAGTCACTAGT.1",4
"X1_TTGTTCAGTCTTCTAT.1",6
"X1_TTGTTCAGTGAGAGGG.1",4
"X1_TTGTTCAGTGCAGTGA.1",0
"X1_TTGTTCAGTGGCCCAT.1",1000
"X1_TTGTTCAGTTAACCTG.1",4
"X1_TTGTTCAGTTCGGTCG.1",7
"X1_TTGTTCAGTTCGTGCG.1",3
"X1_TTGTTCATCACTGTTT.1",8
"X1_TTGTTCATCAGAATAG.1",1000
"X1_TTGTTCATCAGACAAA.1",3
"X1_TTGTTCATCATTCATC.1",8
"X1_TTGTTCATCCACTGAA.1",8
"X1_TTGTTCATCCCTCTAG.1",4
"X1_TTGTTCATCCGAGTGC.1",7
"X1_TTGTTCATCGAACACT.1",1
"X1_TTGTTCATCGTTCCTG.1",4
"X1_TTGTTCATCTGCTGAA.1",4
"X1_TTGTTGTAGACCATAA.1",7
"X1_TTGTTGTAGATGTTCC.1",2
"X1_TTGTTGTAGCATTGTC.1",4
"X1_TTGTTGTAGGCGATAC.1",1000
"X1_TTGTTGTAGTAGTGCG.1",3
"X1_TTGTTGTCAATGGCCC.1",7
"X1_TTGTTGTCACCTGCAG.1",7
"X1_TTGTTGTCAGACAATA.1",0
"X1_TTGTTGTCAGAGATTA.1",1000
"X1_TTGTTGTCAGCTACTA.1",6
"X1_TTGTTGTCATAGCACT.1",7
"X1_TTGTTGTCATGGCCCA.1",8
"X1_TTGTTGTGTACCATAC.1",1000
"X1_TTGTTGTGTATCATGC.1",1000
"X1_TTGTTGTGTCAAGTTC.1",4
"X1_TTGTTGTGTGACTATC.1",1000
"X1_TTGTTGTGTGTGTCGC.1",1
"X1_TTGTTGTGTTCAGCTA.1",1000
"X1_TTGTTGTGTTGCTCCT.1",1000
"X1_TTGTTGTTCAATCGGT.1",0
"X1_TTGTTGTTCATTGGTG.1",7
"X1_TTGTTGTTCCACACCT.1",1000
"X1_TTGTTGTTCGGCTATA.1",3
"X1_TTGTTGTTCGTCGACG.1",7
"X1_TTGTTTGAGACACACG.1",1000
"X1_TTGTTTGAGAGATGCC.1",1000
"X1_TTGTTTGAGATCCCAT.1",1000
"X1_TTGTTTGAGCAGTAAT.1",1000
"X1_TTGTTTGAGCTACTAC.1",1000
"X1_TTGTTTGAGCTTCATG.1",7
"X1_TTGTTTGAGGCAGGGA.1",6
"X1_TTGTTTGAGTTCCATG.1",4
"X1_TTGTTTGCAAGGAGTC.1",7
"X1_TTGTTTGCAATAGTGA.1",8
"X1_TTGTTTGCACCCAAGC.1",7
"X1_TTGTTTGCAGCGTGAA.1",7
"X1_TTGTTTGCATGGATCT.1",8
"X1_TTGTTTGCATTCACCC.1",1000
"X1_TTGTTTGGTACCTATG.1",2
"X1_TTGTTTGGTAGGCAAC.1",4
"X1_TTGTTTGGTAGGTCAG.1",5
"X1_TTGTTTGGTCAGCTTA.1",4
"X1_TTGTTTGGTCTGTGAT.1",7
"X1_TTGTTTGGTGAGTTGG.1",1000
"X1_TTGTTTGGTTAGGCTT.1",1000
"X1_TTGTTTGGTTTACGAC.1",8
"X1_TTGTTTGTCACCTCAC.1",3
"X1_TTGTTTGTCCAAGAGG.1",7
"X1_TTGTTTGTCCCTCTAG.1",5
"X1_TTGTTTGTCGCAACAT.1",2
"X1_TTGTTTGTCGTACACA.1",8
"X1_TTGTTTGTCTACTTCA.1",1000
"X1_TTGTTTGTCTATACGG.1",0
"X1_TTGTTTGTCTGTAAGC.1",4
"X1_TTTACCAAGCGCCATC.1",4
"X1_TTTACCAAGGGTCACA.1",8
"X1_TTTACCAAGTCCTGTA.1",7
"X1_TTTACCACACGCACCA.1",1000
"X1_TTTACCACAGTATTCG.1",3
"X1_TTTACCAGTCGTGTTA.1",1000
"X1_TTTACCAGTGTTATCG.1",8
"X1_TTTACCAGTTACGTAC.1",1000
"X1_TTTACCAGTTCAATCG.1",0
"X1_TTTACCAGTTGGACCC.1",1000
"X1_TTTACCATCAACTACG.1",4
"X1_TTTACCATCAGGACGA.1",1000
"X1_TTTACCATCATAAGGA.1",1000
"X1_TTTACCATCGAGTCTA.1",8
"X1_TTTACCATCGTCCTCA.1",7
"X1_TTTACGTAGTAGTGCG.1",5
"X1_TTTACGTAGTGGATTA.1",4
"X1_TTTACGTCAATACCTG.1",7
"X1_TTTACGTCAATCAAGA.1",1000
"X1_TTTACGTCACACCTGG.1",7
"X1_TTTACGTCACTATCCC.1",7
"X1_TTTACGTCACTCCCTA.1",3
"X1_TTTACGTCAGGTCCGT.1",1
"X1_TTTACGTCAGGTGTGA.1",1
"X1_TTTACGTCAGTAACGG.1",4
"X1_TTTACGTCATATAGCC.1",2
"X1_TTTACGTGTAACCCTA.1",1000
"X1_TTTACGTGTACATTGC.1",1000
"X1_TTTACGTGTAGTTAGA.1",4
"X1_TTTACGTGTCACTGAT.1",1000
"X1_TTTACGTGTCCAGAAG.1",7
"X1_TTTACGTGTGACAGCA.1",4
"X1_TTTACGTGTGATACAA.1",3
"X1_TTTACGTGTGGTGATG.1",4
"X1_TTTACGTGTTGAATCC.1",2
"X1_TTTACGTTCAAGGCTT.1",8
"X1_TTTACGTTCCCAAGCG.1",5
"X1_TTTACGTTCGCCAGTG.1",7
"X1_TTTACGTTCGCTTGAA.1",7
"X1_TTTACGTTCTCGCTTG.1",5
"X1_TTTACTGAGAAGGGAT.1",8
"X1_TTTACTGAGCCTATCA.1",8
"X1_TTTACTGAGGATACAT.1",1000
"X1_TTTACTGAGGGAGAAT.1",1000
"X1_TTTACTGAGTAACGTA.1",3
"X1_TTTACTGAGTGATTCC.1",7
"X1_TTTACTGCAACCGCCA.1",1000
"X1_TTTACTGCAAGAGTAT.1",1000
"X1_TTTACTGCACAATCTG.1",3
"X1_TTTACTGCACAGGATG.1",8
"X1_TTTACTGCACATTCGA.1",5
"X1_TTTACTGCACCCAATA.1",8
"X1_TTTACTGCACCTCGTT.1",0
"X1_TTTACTGCACGGATCC.1",7
"X1_TTTACTGCACTTCAAG.1",2
"X1_TTTACTGCATACAGGG.1",5
"X1_TTTACTGCATACTGTG.1",8
"X1_TTTACTGCATAGGAGC.1",5
"X1_TTTACTGCATGACTGT.1",7
"X1_TTTACTGGTAGCGCTC.1",1
"X1_TTTACTGGTAGCGTCC.1",0
"X1_TTTACTGGTATTCTCT.1",7
"X1_TTTACTGGTCATCTAG.1",1000
"X1_TTTACTGGTCATGACT.1",1000
"X1_TTTACTGGTCTCACGG.1",4
"X1_TTTACTGGTGACATCT.1",8
"X1_TTTACTGTCACTGAAC.1",6
"X1_TTTACTGTCAGACAAA.1",4
"X1_TTTACTGTCAGACCGC.1",8
"X1_TTTACTGTCCGTGGTG.1",3
"X1_TTTACTGTCCTACACC.1",4
"X1_TTTACTGTCTAGGCCG.1",1
"X1_TTTACTGTCTGCTCTG.1",8
"X1_TTTACTGTCTGTCCGT.1",0
"X1_TTTACTGTCTTGCAGA.1",8
"X1_TTTAGTCAGAATCGTA.1",2
"X1_TTTAGTCAGAGGACTC.1",8
"X1_TTTAGTCAGATACATG.1",4
"X1_TTTAGTCAGATGAAGG.1",1000
"X1_TTTAGTCAGCATTGAA.1",3
"X1_TTTAGTCAGCTTAAGA.1",1
"X1_TTTAGTCAGGCCTTGC.1",1000
"X1_TTTAGTCAGTAACCGG.1",8
"X1_TTTAGTCAGTCTAGAA.1",1000
"X1_TTTAGTCCAAAGCTAA.1",1000
"X1_TTTAGTCCAAGACCGA.1",6
"X1_TTTAGTCCAAGGCGTA.1",1000
"X1_TTTAGTCCACATATGC.1",1000
"X1_TTTAGTCCACCGGTCA.1",3
"X1_TTTAGTCCACTAACGT.1",1000
"X1_TTTAGTCCATCGTGCG.1",1000
"X1_TTTAGTCGTAACTAAG.1",1000
"X1_TTTAGTCGTAGCACAG.1",1
"X1_TTTAGTCGTAGGGTAC.1",7
"X1_TTTAGTCGTAGTGGCA.1",1000
"X1_TTTAGTCGTATGAAGT.1",1000
"X1_TTTAGTCGTCATGACT.1",1000
"X1_TTTAGTCGTCCTCATC.1",1000
"X1_TTTAGTCGTCTACAAC.1",2
"X1_TTTAGTCGTGATCATC.1",7
"X1_TTTAGTCGTTCCACAA.1",8
"X1_TTTAGTCGTTGCCAAT.1",8
"X1_TTTAGTCGTTGGAGAC.1",8
"X1_TTTAGTCTCAGACAAA.1",1000
"X1_TTTAGTCTCAGCTTGA.1",5
"X1_TTTAGTCTCCATATGG.1",2
"X1_TTTAGTCTCCCACAGG.1",6
"X1_TTTAGTCTCGACCAAT.1",1000
"X1_TTTAGTCTCGCTAATG.1",3
"X1_TTTAGTCTCGCTCTAC.1",6
"X1_TTTAGTCTCGTTAGTG.1",8
"X1_TTTAGTCTCTGCCTGT.1",8
"X1_TTTAGTCTCTTGATTC.1",7
"X1_TTTATGCAGAGGTCAC.1",1000
"X1_TTTATGCAGGTCTACT.1",4
"X1_TTTATGCAGGTGCAGT.1",5
"X1_TTTATGCAGGTGCATG.1",2
"X1_TTTATGCAGTATTCCG.1",7
"X1_TTTATGCCAACCAATC.1",7
"X1_TTTATGCCAATTCTCT.1",3
"X1_TTTATGCCACATGAAA.1",0
"X1_TTTATGCCACGAAAGC.1",5
"X1_TTTATGCCAGGGTCTC.1",7
"X1_TTTATGCCATAATCCG.1",4
"X1_TTTATGCCATGTACGT.1",4
"X1_TTTATGCGTATCACCA.1",4
"X1_TTTATGCGTATGGAGC.1",1000
"X1_TTTATGCGTCATCAGT.1",1000
"X1_TTTATGCGTCCTATAG.1",3
"X1_TTTATGCGTCGAGATG.1",1
"X1_TTTATGCGTCGTATTG.1",2
"X1_TTTATGCGTCTTGTCC.1",4
"X1_TTTATGCGTGCACGCT.1",1000
"X1_TTTATGCGTTAACAGA.1",8
"X1_TTTATGCGTTAGCTAC.1",2
"X1_TTTATGCGTTCCCAAA.1",1000
"X1_TTTATGCGTTGGTACT.1",7
"X1_TTTATGCTCAAGAGGC.1",7
"X1_TTTATGCTCCATTGGA.1",5
"X1_TTTATGCTCCTATTTG.1",7
"X1_TTTATGCTCCTGTAAG.1",7
"X1_TTTATGCTCTATTCGT.1",0
"X1_TTTATGCTCTCCCATG.1",6
"X1_TTTATGCTCTCTCTTC.1",7
"X1_TTTATGCTCTTTGGAG.1",3
"X1_TTTCACAAGGAAACGA.1",7
"X1_TTTCACAAGGAGGCAG.1",1000
"X1_TTTCACAAGGGAGTTC.1",5
"X1_TTTCACAAGGGCATGT.1",4
"X1_TTTCACAAGTTACGTC.1",4
"X1_TTTCACAAGTTCCAGT.1",8
"X1_TTTCACACACTGCATA.1",8
"X1_TTTCACACACTTCAAG.1",1000
"X1_TTTCACAGTAATTAGG.1",3
"X1_TTTCACAGTACCTTCC.1",3
"X1_TTTCACAGTACTGTTG.1",8
"X1_TTTCACAGTCAACCAT.1",7
"X1_TTTCACAGTCAGCTTA.1",8
"X1_TTTCACAGTGCAGTGA.1",8
"X1_TTTCACAGTGCCGGTT.1",3
"X1_TTTCACAGTGTCATGT.1",3
"X1_TTTCACAGTGTTCGTA.1",2
"X1_TTTCACAGTTCCTACC.1",1000
"X1_TTTCACAGTTCGGTAT.1",8
"X1_TTTCACATCCATTGCC.1",1000
"X1_TTTCACATCCGTCAAA.1",3
"X1_TTTCACATCGAGTTGT.1",8
"X1_TTTCACATCGCATGAT.1",6
"X1_TTTCACATCGTAGTCA.1",1000
"X1_TTTCACATCGTTCAGA.1",1
"X1_TTTCACATCTTTGCGC.1",3
"X1_TTTCAGTAGACTCAAA.1",3
"X1_TTTCAGTAGAGACAAG.1",1
"X1_TTTCAGTAGAGAGGTA.1",1000
"X1_TTTCAGTAGATACTGA.1",1000
"X1_TTTCAGTAGCAACAAT.1",8
"X1_TTTCAGTAGGCTAAAT.1",7
"X1_TTTCAGTAGGGAGTTC.1",6
"X1_TTTCAGTAGTGATGGC.1",1000
"X1_TTTCAGTAGTTAACGA.1",8
"X1_TTTCAGTCAAACACGG.1",3
"X1_TTTCAGTCAAAGGAGA.1",2
"X1_TTTCAGTCAAGCGCTC.1",4
"X1_TTTCAGTCAAGGTCTT.1",5
"X1_TTTCAGTCAATAACCC.1",1000
"X1_TTTCAGTCACATGACT.1",7
"X1_TTTCAGTCACCAGTTA.1",4
"X1_TTTCAGTCACCTTCGT.1",1000
"X1_TTTCAGTCATGCCGGT.1",3
"X1_TTTCAGTGTACCCGAC.1",1000
"X1_TTTCAGTGTAGAATAC.1",8
"X1_TTTCAGTGTATGAAAC.1",5
"X1_TTTCAGTGTATGTCTG.1",7
"X1_TTTCAGTGTGACAGCA.1",1000
"X1_TTTCAGTGTGCGAACA.1",1000
"X1_TTTCAGTGTGGAACAC.1",8
"X1_TTTCAGTTCAACACCA.1",3
"X1_TTTCAGTTCAGCCCAG.1",5
"X1_TTTCAGTTCAGGACAG.1",8
"X1_TTTCAGTTCATAGGCT.1",1000
"X1_TTTCAGTTCCAAACCA.1",2
"X1_TTTCAGTTCCATCCGT.1",0
"X1_TTTCAGTTCCCTTTGG.1",4
"X1_TTTCAGTTCGAACCAT.1",3
"X1_TTTCATGAGTTGCCCG.1",1000
"X1_TTTCATGCAAGACCTT.1",4
"X1_TTTCATGCAAGATTGA.1",4
"X1_TTTCATGCACTGGCCA.1",8
"X1_TTTCATGCAGACTCTA.1",4
"X1_TTTCATGCAGCGTTTA.1",1000
"X1_TTTCATGCAGGTCAAG.1",1
"X1_TTTCATGCATATGGCT.1",8
"X1_TTTCATGGTAACAAGT.1",1000
"X1_TTTCATGGTAGCCCTG.1",1000
"X1_TTTCATGGTCAATCTG.1",1000
"X1_TTTCATGGTCCTCCAT.1",8
"X1_TTTCATGGTCGGCACT.1",1000
"X1_TTTCATGGTCGTCAGC.1",1
"X1_TTTCATGGTGATTAGA.1",1000
"X1_TTTCATGGTGCGACAA.1",4
"X1_TTTCATGGTTAAGACA.1",4
"X1_TTTCATGTCAGTCAGT.1",1000
"X1_TTTCATGTCATTACCT.1",0
"X1_TTTCATGTCTGATGGT.1",4
"X1_TTTCATGTCTTGATTC.1",4
"X1_TTTCATGTCTTGCGCT.1",8
"X1_TTTCCTCAGAGACAAG.1",7
"X1_TTTCCTCAGAGCACTG.1",4
"X1_TTTCCTCAGAGGTGCT.1",7
"X1_TTTCCTCAGCATGTTC.1",7
"X1_TTTCCTCAGGAACATT.1",8
"X1_TTTCCTCAGGTGCCTC.1",8
"X1_TTTCCTCCAAAGTATG.1",1000
"X1_TTTCCTCCAGACAATA.1",1000
"X1_TTTCCTCCAGTTCCAA.1",5
"X1_TTTCCTCCATACAGAA.1",3
"X1_TTTCCTCGTAAGGTCG.1",8
"X1_TTTCCTCGTAAGTTAG.1",8
"X1_TTTCCTCGTATGTCCA.1",1000
"X1_TTTCCTCGTGGTCTCG.1",6
"X1_TTTCCTCGTTCGGTTA.1",1
"X1_TTTCCTCTCACGTAGT.1",7
"X1_TTTCCTCTCATGTCTT.1",1
"X1_TTTCCTCTCCCAGGAC.1",3
"X1_TTTCCTCTCGCTAGCG.1",8
"X1_TTTCCTCTCTACTTCA.1",7
"X1_TTTCCTCTCTAGAACC.1",4
"X1_TTTCGATAGAGAGCGG.1",4
"X1_TTTCGATAGATTTGCC.1",8
"X1_TTTCGATAGCCGGATA.1",2
"X1_TTTCGATAGCCGTTGC.1",7
"X1_TTTCGATAGCTGACAG.1",1000
"X1_TTTCGATAGCTGTTAC.1",7
"X1_TTTCGATAGGCCTTCG.1",0
"X1_TTTCGATAGTCTCTGA.1",1000
"X1_TTTCGATCACAACGCC.1",1000
"X1_TTTCGATCACAATGAA.1",8
"X1_TTTCGATCACTCCACT.1",1
"X1_TTTCGATCAGAGGGTT.1",1
"X1_TTTCGATCAGCTAACT.1",4
"X1_TTTCGATCATCCTTCG.1",1000
"X1_TTTCGATCATCGGAGA.1",8
"X1_TTTCGATGTAACAGGC.1",3
"X1_TTTCGATGTAGATCCT.1",1
"X1_TTTCGATGTCACTAGT.1",6
"X1_TTTCGATGTCATCCCT.1",4
"X1_TTTCGATGTCGGAACA.1",7
"X1_TTTCGATGTCTCTCCA.1",5
"X1_TTTCGATGTCTTGGTA.1",1000
"X1_TTTCGATGTGATCATC.1",1000
"X1_TTTCGATGTGCAGGAT.1",7
"X1_TTTCGATGTGCCTGAC.1",1
"X1_TTTCGATGTGCGGTAA.1",1000
"X1_TTTCGATGTGTCCATA.1",8
"X1_TTTCGATGTTGTGCAT.1",2
"X1_TTTCGATGTTTACGTG.1",2
"X1_TTTCGATTCAGAGCAG.1",8
"X1_TTTCGATTCAGGAGAC.1",8
"X1_TTTCGATTCATAGGCT.1",7
"X1_TTTCGATTCCACTTCG.1",3
"X1_TTTCGATTCGCTACGG.1",7
"X1_TTTCGATTCTGGCTGG.1",4
"X1_TTTGACTAGCACTAGG.1",3
"X1_TTTGACTAGCCTCCAG.1",1000
"X1_TTTGACTAGGCTGAAC.1",1
"X1_TTTGACTAGGGAGGAC.1",1000
"X1_TTTGACTAGTCTACCA.1",1000
"X1_TTTGACTAGTTAGTGA.1",8
"X1_TTTGACTCAAGACGGT.1",4
"X1_TTTGACTCAATCAAGA.1",5
"X1_TTTGACTCAATCTCGA.1",6
"X1_TTTGACTCAATTCACG.1",4
"X1_TTTGACTCAGAACGCA.1",1
"X1_TTTGACTCAGAAGTTA.1",4
"X1_TTTGACTCAGACCGCT.1",4
"X1_TTTGACTCAGCTAACT.1",8
"X1_TTTGACTCATACGCAT.1",5
"X1_TTTGACTCATATGCGT.1",1000
"X1_TTTGACTGTAATCAAG.1",8
"X1_TTTGACTGTACATTGC.1",1000
"X1_TTTGACTGTAGGATAT.1",1000
"X1_TTTGACTGTCGAACGA.1",3
"X1_TTTGACTGTCGATTAC.1",5
"X1_TTTGACTGTCGTTGGC.1",4
"X1_TTTGACTGTCTAGTGT.1",3
"X1_TTTGACTGTCTTGCGG.1",5
"X1_TTTGACTGTGCGTGCT.1",0
"X1_TTTGACTGTGCTCGTG.1",1000
"X1_TTTGACTGTGTGTGGA.1",6
"X1_TTTGACTGTTGCCATA.1",1000
"X1_TTTGACTTCCCGTGAG.1",1000
"X1_TTTGACTTCCGTGGCA.1",1000
"X1_TTTGACTTCCTACGGG.1",5
"X1_TTTGACTTCGCTCATC.1",2
"X1_TTTGACTTCTACACAG.1",6
"X1_TTTGACTTCTTGAACG.1",8
"X1_TTTGATCAGATAACAC.1",8
"X1_TTTGATCAGATCACCT.1",3
"X1_TTTGATCAGATTAGCA.1",2
"X1_TTTGATCAGCCAAGCA.1",7
"X1_TTTGATCAGCCATTCA.1",1000
"X1_TTTGATCAGGCAATGC.1",1000
"X1_TTTGATCAGGGACACT.1",1
"X1_TTTGATCAGTTTGCTG.1",8
"X1_TTTGATCCAAACACGG.1",0
"X1_TTTGATCCAAAGACGC.1",3
"X1_TTTGATCCACAAGCAG.1",1
"X1_TTTGATCCACGCGTGT.1",1000
"X1_TTTGATCCACGGGCTT.1",8
"X1_TTTGATCCACGTCTCT.1",7
"X1_TTTGATCCACTGCATA.1",4
"X1_TTTGATCCAGAGTGTG.1",1000
"X1_TTTGATCCAGTTACCA.1",8
"X1_TTTGATCCATAATCGC.1",5
"X1_TTTGATCCATCCGTTC.1",5
"X1_TTTGATCCATGATAGA.1",1000
"X1_TTTGATCCATGGCCAC.1",8
"X1_TTTGATCGTAGAGTTA.1",6
"X1_TTTGATCGTCATATGC.1",3
"X1_TTTGATCGTCCCGTGA.1",4
"X1_TTTGATCGTTCAACGT.1",8
"X1_TTTGATCGTTGCTGAT.1",4
"X1_TTTGATCGTTGTTGAC.1",7
"X1_TTTGATCTCACGAGGA.1",1000
"X1_TTTGATCTCCGGCTTT.1",4
"X1_TTTGATCTCCTATGGA.1",7
"X1_TTTGATCTCGACACCG.1",4
"X1_TTTGATCTCTCTAAGG.1",4
"X1_TTTGGAGAGAATTTGG.1",3
"X1_TTTGGAGAGACCTTTG.1",3
"X1_TTTGGAGAGATTGGGC.1",5
"X1_TTTGGAGAGCCGTAAG.1",4
"X1_TTTGGAGAGCTCCGAC.1",8
"X1_TTTGGAGAGTAAACGT.1",7
"X1_TTTGGAGAGTGGTTCT.1",8
"X1_TTTGGAGCAAAGAACT.1",1000
"X1_TTTGGAGCAAAGGAGA.1",8
"X1_TTTGGAGCAAGACAAT.1",4
"X1_TTTGGAGCAATTGTGC.1",3
"X1_TTTGGAGCACCCTGTT.1",4
"X1_TTTGGAGCACGCCACA.1",6
"X1_TTTGGAGCACTTGGGC.1",8
"X1_TTTGGAGCAGAACTCT.1",8
"X1_TTTGGAGCAGCTATAC.1",4
"X1_TTTGGAGCAGTGCCTG.1",1000
"X1_TTTGGAGCATCGGATT.1",1000
"X1_TTTGGAGCATCGTTCC.1",5
"X1_TTTGGAGCATCTTCGC.1",1000
"X1_TTTGGAGCATGACTAC.1",4
"X1_TTTGGAGGTACGCTTA.1",5
"X1_TTTGGAGGTCACATTG.1",0
"X1_TTTGGAGGTCGCAGTC.1",7
"X1_TTTGGAGGTCTTAGTG.1",2
"X1_TTTGGAGGTCTTTCTA.1",8
"X1_TTTGGAGGTGAATTGA.1",4
"X1_TTTGGAGGTGCGACAA.1",1000
"X1_TTTGGAGGTTAGGAGC.1",4
"X1_TTTGGAGGTTCGTACA.1",4
"X1_TTTGGAGGTTTGGGAG.1",1000
"X1_TTTGGAGTCCAGCCTT.1",1000
"X1_TTTGGAGTCCCAGTGG.1",3
"X1_TTTGGAGTCCGATTAG.1",7
"X1_TTTGGAGTCCGTGCGA.1",1000
"X1_TTTGGAGTCGGACTTA.1",7
"X1_TTTGGAGTCGTGCACG.1",0
"X1_TTTGGAGTCTCCAAGA.1",7
"X1_TTTGGAGTCTGCGGGT.1",7
"X1_TTTGGTTAGAGACAAG.1",3
"X1_TTTGGTTAGATTGTGA.1",1000
"X1_TTTGGTTAGCTCATAC.1",7
"X1_TTTGGTTAGCTTTCCC.1",4
"X1_TTTGGTTAGGAACTAT.1",4
"X1_TTTGGTTAGTCCCGGT.1",5
"X1_TTTGGTTAGTGCAACG.1",0
"X1_TTTGGTTCAAAGCTAA.1",1000
"X1_TTTGGTTCAGGAGGAG.1",8
"X1_TTTGGTTCAGTTGTTG.1",3
"X1_TTTGGTTCATAGACTC.1",8
"X1_TTTGGTTGTCGAGCAA.1",5
"X1_TTTGGTTGTCGCACAC.1",1000
"X1_TTTGGTTGTCTCGGGT.1",8
"X1_TTTGGTTGTCTCTCAC.1",1000
"X1_TTTGGTTGTGTCCGTG.1",4
"X1_TTTGGTTGTTACGATC.1",6
"X1_TTTGGTTGTTCATCGA.1",3
"X1_TTTGGTTGTTTCCAAG.1",8
"X1_TTTGGTTTCAAGTCTG.1",0
"X1_TTTGGTTTCCGATAGT.1",8
"X1_TTTGGTTTCCGTAGGC.1",1000
"X1_TTTGGTTTCCGTGTAA.1",8
"X1_TTTGGTTTCTATCGGA.1",8
"X1_TTTGTTGAGCCTTTGA.1",3
"X1_TTTGTTGAGGACTGGT.1",7
"X1_TTTGTTGAGTGGATTA.1",1000
"X1_TTTGTTGAGTTATGGA.1",0
"X1_TTTGTTGAGTTGCCTA.1",4
"X1_TTTGTTGCAACAAGAT.1",1000
"X1_TTTGTTGCAAGTCGTT.1",5
"X1_TTTGTTGCACATGACT.1",1000
"X1_TTTGTTGCAGCTGAGA.1",4
"X1_TTTGTTGCAGGCACTC.1",2
"X1_TTTGTTGCATGACTCA.1",4
"X1_TTTGTTGCATGCAGGA.1",1000
"X1_TTTGTTGCATTGCAAC.1",4
"X1_TTTGTTGGTAGCACAG.1",5
"X1_TTTGTTGGTCAACCTA.1",7
"X1_TTTGTTGGTTCCTAGA.1",5
"X1_TTTGTTGTCAACCGAT.1",3
"X1_TTTGTTGTCACCATGA.1",1000
"X1_TTTGTTGTCAGGTGTT.1",3
"X1_TTTGTTGTCATGTCAG.1",1000
"X1_TTTGTTGTCCACGGAC.1",8
"X1_TTTGTTGTCCATACTT.1",3
"X1_TTTGTTGTCCATTTCA.1",2
"X1_TTTGTTGTCCGTGTCT.1",8
"X1_TTTGTTGTCGGCAGTC.1",4
"X1_TTTGTTGTCTCGCCTA.1",8
