"cell_barcode","assignment"
"AAACCTGAGAAGGACA",59
"AAACCTGAGACAAAGG",25
"AAACCTGAGCCCAACC",46
"AAACCTGAGCTGCAAG",1000
"AAACCTGAGGAATGGA",1000
"AAACCTGAGGAATTAC",25
"AAACCTGAGTTACCCA",11
"AAACCTGAGTTATCGC",91
"AAACCTGCAAAGCAAT",11
"AAACCTGCAAGAAAGG",25
"AAACCTGCAAGCTGAG",68
"AAACCTGCAAGTCTAC",47
"AAACCTGCAGCTGCAC",94
"AAACCTGCATCTCCCA",1000
"AAACCTGCATTCCTCG",35
"AAACCTGGTAGGACAC",90
"AAACCTGGTCAGATAA",77
"AAACCTGGTCGAACAG",84
"AAACCTGGTTAAGATG",34
"AAACCTGTCCTCGCAT",68
"AAACCTGTCGTCCGTT",84
"AAACCTGTCTTTCCTC",69
"AAACGGGAGACAGGCT",71
"AAACGGGAGAGATGAG",25
"AAACGGGAGAGGGCTT",70
"AAACGGGAGAGTAATC",34
"AAACGGGAGCGATATA",1000
"AAACGGGAGGACAGAA",46
"AAACGGGAGGCTACGA",79
"AAACGGGAGGGAAACA",1000
"AAACGGGAGTCCCACG",62
"AAACGGGAGTGTTTGC",33
"AAACGGGCAAAGTCAA",85
"AAACGGGCAAGGGTCA",55
"AAACGGGCACGAAGCA",35
"AAACGGGCAGACTCGC",1000
"AAACGGGCAGTAACGG",1000
"AAACGGGCATGCAACT",43
"AAACGGGGTAAGTGTA",58
"AAACGGGGTATTCTCT",1000
"AAACGGGGTCTTGCGG",53
"AAACGGGTCCAAATGC",1000
"AAACGGGTCCGCGCAA",70
"AAAGATGAGACACGAC",67
"AAAGATGAGACTAGAT",22
"AAAGATGAGACTGTAA",13
"AAAGATGAGAGACTAT",57
"AAAGATGAGCTAGTCT",60
"AAAGATGAGGTGACCA",71
"AAAGATGAGTATCGAA",59
"AAAGATGAGTATTGGA",87
"AAAGATGCAAACCTAC",35
"AAAGATGCACACAGAG",82
"AAAGATGCATAAGACA",70
"AAAGATGGTCATATCG",10
"AAAGATGGTCGACTAT",91
"AAAGATGGTGCAACTT",44
"AAAGATGGTGCACCAC",37
"AAAGATGGTGCATCTA",1000
"AAAGATGTCAAACCAC",1000
"AAAGATGTCAACACTG",19
"AAAGATGTCACGATGT",47
"AAAGATGTCCCTTGCA",22
"AAAGATGTCGAGAACG",24
"AAAGATGTCGATGAGG",58
"AAAGATGTCGCGTAGC",71
"AAAGATGTCGGATGGA",1000
"AAAGATGTCTGCCCTA",22
"AAAGATGTCTTAGCCC",32
"AAAGCAAAGACCTTTG",60
"AAAGCAAAGACGCACA",94
"AAAGCAAAGATATGCA",10
"AAAGCAAAGATCGGGT",60
"AAAGCAAAGCGTTTAC",56
"AAAGCAAAGCTGTTCA",31
"AAAGCAAAGGTGATAT",35
"AAAGCAAAGTACGATA",1000
"AAAGCAAAGTAGATGT",1000
"AAAGCAAAGTAGGTGC",55
"AAAGCAACACATTAGC",58
"AAAGCAACACGCATCG",82
"AAAGCAACAGACACTT",67
"AAAGCAACAGCCAGAA",37
"AAAGCAACAGCTGCAC",1000
"AAAGCAACATCCCACT",95
"AAAGCAACATGGGAAC",1000
"AAAGCAAGTAGAAAGG",1000
"AAAGCAAGTAGCAAAT",71
"AAAGCAAGTAGCGCTC",71
"AAAGCAAGTAGCGTAG",35
"AAAGCAAGTCACTTCC",76
"AAAGCAAGTCAGATAA",72
"AAAGCAAGTCGACTGC",89
"AAAGCAAGTCTTGATG",82
"AAAGCAAGTGTGGTTT",35
"AAAGCAAGTTACCGAT",9
"AAAGCAATCACTGGGC",68
"AAAGCAATCCGTTGTC",59
"AAAGCAATCCTCATTA",56
"AAAGCAATCGTTTATC",37
"AAAGCAATCTTTACGT",92
"AAAGTAGAGAGCTATA",46
"AAAGTAGAGATCCGAG",71
"AAAGTAGAGATGTTAG",94
"AAAGTAGAGGACTGGT",46
"AAAGTAGCAAAGCAAT",13
"AAAGTAGCAAGGACTG",94
"AAAGTAGCAAGTTCTG",64
"AAAGTAGCACACGCTG",60
"AAAGTAGCAGCCACCA",96
"AAAGTAGCAGGCTCAC",34
"AAAGTAGCAGTCAGCC",82
"AAAGTAGGTACTTCTT",59
"AAAGTAGGTCATCGGC",55
"AAAGTAGGTCCAAGTT",47
"AAAGTAGGTCGCATAT",1000
"AAAGTAGGTCGCCATG",74
"AAAGTAGGTCTGGTCG",72
"AAAGTAGGTGCGAAAC",5
"AAAGTAGGTGCTTCTC",82
"AAAGTAGGTGTGACGA",44
"AAAGTAGGTTACGTCA",32
"AAAGTAGGTTGTGGAG",82
"AAAGTAGGTTTAGGAA",25
"AAAGTAGTCACTTACT",47
"AAAGTAGTCATTGCGA",60
"AAAGTAGTCTATCCCG",38
"AAAGTAGTCTGAGTGT",92
"AAATGCCAGAACAATC",70
"AAATGCCAGACTGTAA",80
"AAATGCCAGAGGACGG",1000
"AAATGCCAGATCGGGT",47
"AAATGCCAGCAGACTG",82
"AAATGCCAGCCAGTAG",94
"AAATGCCAGCGTAATA",80
"AAATGCCAGGATGGTC",27
"AAATGCCAGTCGATAA",84
"AAATGCCCAACTTGAC",37
"AAATGCCCAAGGACTG",58
"AAATGCCCAATAGCGG",36
"AAATGCCCAGAGTGTG",10
"AAATGCCCAGCGAACA",23
"AAATGCCCAGGTGGAT",82
"AAATGCCCATACAGCT",23
"AAATGCCCATTCGACA",75
"AAATGCCCATTGGGCC",23
"AAATGCCGTAGCGCTC",96
"AAATGCCGTCAAAGAT",46
"AAATGCCGTCGGCACT",7
"AAATGCCGTGAAATCA",86
"AAATGCCGTGTAACGG",2
"AAATGCCGTGTGACCC",68
"AAATGCCGTTCGCGAC",96
"AAATGCCGTTTGTTTC",58
"AAATGCCTCATTCACT",47
"AAATGCCTCCTGCAGG",22
"AAATGCCTCGGCGGTT",11
"AAATGCCTCGTTACAG",34
"AAATGCCTCTATCGCC",94
"AAATGCCTCTCTAAGG",30
"AAATGCCTCTGATTCT",84
"AACACGTAGAATCTCC",59
"AACACGTAGATATACG",73
"AACACGTAGCAGCCTC",1000
"AACACGTAGCGTCAAG",1000
"AACACGTAGCTAGTTC",8
"AACACGTAGGAGTACC",87
"AACACGTAGTGAAGTT",91
"AACACGTAGTTGAGAT",43
"AACACGTCAAAGCGGT",91
"AACACGTCAACGCACC",23
"AACACGTCAAGGACAC",96
"AACACGTCACATTCGA",73
"AACACGTCACGCTTTC",82
"AACACGTCACGGATAG",25
"AACACGTCAGAGCCAA",77
"AACACGTCATAGAAAC",94
"AACACGTCATATGGTC",1000
"AACACGTGTCAGGACA",22
"AACACGTGTCCCGACA",70
"AACACGTGTCGCATAT",90
"AACACGTGTCGCGGTT",37
"AACACGTGTCGTGGCT",19
"AACACGTGTTTACTCT",82
"AACACGTTCCTTGGTC",11
"AACACGTTCGCTTAGA",1000
"AACACGTTCGGATGTT",35
"AACACGTTCTGGTTCC",25
"AACCATGAGAAACGCC",94
"AACCATGAGCTAACAA",1000
"AACCATGAGCTAGTTC",81
"AACCATGAGCTTTGGT",46
"AACCATGAGGAATCGC",41
"AACCATGCAATGGAAT",91
"AACCATGCACGCCAGT",67
"AACCATGCAGACAAAT",1000
"AACCATGCAGCTGTTA",1000
"AACCATGCAGGGATTG",23
"AACCATGCAGGGCATA",83
"AACCATGCAGTAAGAT",79
"AACCATGCAGTGGGAT",72
"AACCATGCATCGTCGG",93
"AACCATGGTATCGCAT",47
"AACCATGGTCAGATAA",49
"AACCATGGTCCAAGTT",1000
"AACCATGGTCGTGGCT",27
"AACCATGGTCTAAAGA",47
"AACCATGGTGAAATCA",82
"AACCATGGTGCCTGGT",70
"AACCATGGTGTTAAGA",46
"AACCATGGTTCTGTTT",91
"AACCATGGTTGGTAAA",1000
"AACCATGTCCAAACAC",81
"AACCATGTCCTTTCGG",58
"AACCATGTCGCATGGC",94
"AACCATGTCGTGGACC",46
"AACCGCGAGCCACGTC",46
"AACCGCGAGCTCTCGG",84
"AACCGCGAGCTGAAAT",5
"AACCGCGAGGGCTCTC",22
"AACCGCGAGTACGTTC",58
"AACCGCGAGTCCTCCT",46
"AACCGCGAGTGAACAT",10
"AACCGCGAGTGGCACA",59
"AACCGCGAGTGGTAAT",59
"AACCGCGAGTGTGGCA",47
"AACCGCGCAACGCACC",60
"AACCGCGCAAGCCTAT",71
"AACCGCGCAAGGCTCC",58
"AACCGCGCACAGACTT",95
"AACCGCGCACATGTGT",20
"AACCGCGCACTAGTAC",35
"AACCGCGCAGTATGCT",72
"AACCGCGCATAACCTG",13
"AACCGCGCATACTCTT",11
"AACCGCGCATCACAAC",1000
"AACCGCGCATCGTCGG",65
"AACCGCGGTACCGAGA",10
"AACCGCGGTGACGCCT",36
"AACCGCGGTGGCTCCA",33
"AACCGCGGTGTGTGCC",1000
"AACCGCGGTTACCAGT",84
"AACCGCGGTTAGAACA",95
"AACCGCGGTTGGGACA",80
"AACCGCGGTTTACTCT",11
"AACCGCGTCATCATTC",45
"AACCGCGTCCTACAGA",96
"AACCGCGTCCTTGACC",79
"AACCGCGTCTAACTCT",1000
"AACCGCGTCTTCATGT",82
"AACGTTGAGAACTGTA",95
"AACGTTGAGACAAGCC",1000
"AACGTTGAGTGTGAAT",94
"AACGTTGCAAGCCGTC",58
"AACGTTGCAAGCTGGA",36
"AACGTTGCAAGGGTCA",85
"AACGTTGCAATGGAAT",8
"AACGTTGCACAAGACG",79
"AACGTTGCAGCTGGCT",29
"AACGTTGCAGGTCCAC",70
"AACGTTGCATCCGGGT",58
"AACGTTGCATGCTGGC",1000
"AACGTTGCATGTCGAT",32
"AACGTTGCATGTTCCC",10
"AACGTTGCATTCGACA",92
"AACGTTGCATTCTCAT",33
"AACGTTGGTACTCGCG",47
"AACGTTGGTGAGGCTA",47
"AACGTTGGTGCACTTA",1000
"AACGTTGGTGTCGCTG",22
"AACGTTGGTTAAGTAG",55
"AACGTTGGTTCCGTCT",10
"AACGTTGGTTTAGCTG",38
"AACGTTGTCACTTACT",0
"AACGTTGTCAGAGCTT",37
"AACGTTGTCAGTTAGC",63
"AACGTTGTCATAAAGG",72
"AACGTTGTCCTCAATT",1000
"AACGTTGTCGTCTGAA",79
"AACGTTGTCGTTTAGG",74
"AACGTTGTCTCGATGA",59
"AACGTTGTCTCTGTCG",39
"AACGTTGTCTCTTATG",94
"AACTCAGAGACGACGT",68
"AACTCAGAGATCCCGC",43
"AACTCAGAGATGTGGC",41
"AACTCAGAGGACATTA",1
"AACTCAGAGGATGGAA",2
"AACTCAGAGTAGTGCG",64
"AACTCAGAGTCATGCT",2
"AACTCAGAGTTACCCA",79
"AACTCAGCAAGGTTTC",70
"AACTCAGCACTTACGA",1000
"AACTCAGCAGATCGGA",11
"AACTCAGCAGCATGAG",22
"AACTCAGCATACAGCT",92
"AACTCAGGTACCATCA",13
"AACTCAGGTCAGAAGC",34
"AACTCAGGTGATAAGT",1000
"AACTCAGGTTAAAGTG",47
"AACTCAGTCAACCAAC",20
"AACTCAGTCACGATGT",11
"AACTCAGTCCACGACG",49
"AACTCAGTCGATAGAA",72
"AACTCAGTCTCACATT",84
"AACTCCCAGAAGGACA",58
"AACTCCCAGAATGTGT",32
"AACTCCCAGATGCGAC",65
"AACTCCCAGCACAGGT",61
"AACTCCCAGCCCTAAT",1000
"AACTCCCAGCCGATTT",82
"AACTCCCAGTAGATGT",91
"AACTCCCAGTGAATTG",46
"AACTCCCCAATGTAAG",78
"AACTCCCCACAGACTT",1000
"AACTCCCCACCTCGGA",8
"AACTCCCCACGTAAGG",23
"AACTCCCCACGTCTCT",2
"AACTCCCCAGTATCTG",61
"AACTCCCCATTAGCCA",37
"AACTCCCGTAAAGTCA",92
"AACTCCCGTAATCGTC",1000
"AACTCCCGTAGCCTCG",90
"AACTCCCGTAGGAGTC",20
"AACTCCCGTATATGGA",20
"AACTCCCGTATCAGTC",74
"AACTCCCGTCCAGTAT",43
"AACTCCCGTGCAGACA",47
"AACTCCCGTGGCCCTA",1000
"AACTCCCGTTATCCGA",1000
"AACTCCCTCAAAGACA",55
"AACTCCCTCAATACCG",43
"AACTCCCTCACATACG",2
"AACTCCCTCACGAAGG",79
"AACTCCCTCAGCGATT",50
"AACTCCCTCCGCAGTG",11
"AACTCCCTCGCCCTTA",1000
"AACTCCCTCGGAAACG",76
"AACTCCCTCTTGTACT",34
"AACTCTTAGAAGGTGA",5
"AACTCTTAGAATTCCC",94
"AACTCTTAGCGTTGCC",46
"AACTCTTAGGAGTCTG",96
"AACTCTTAGGATGCGT",10
"AACTCTTAGGTGACCA",47
"AACTCTTAGGTTCCTA",82
"AACTCTTAGTAGGCCA",60
"AACTCTTAGTAGGTGC",1000
"AACTCTTAGTGGAGAA",88
"AACTCTTAGTGGCACA",35
"AACTCTTCACAACGTT",2
"AACTCTTCACAGCGTC",64
"AACTCTTCACATCCGG",19
"AACTCTTCACATCTTT",71
"AACTCTTCACGGTGTC",65
"AACTCTTCACTCTGTC",46
"AACTCTTCACTGTTAG",3
"AACTCTTCAGATGGCA",96
"AACTCTTCAGTATCTG",47
"AACTCTTGTAAGGATT",20
"AACTCTTGTAAGTGTA",84
"AACTCTTGTCAACTGT",46
"AACTCTTGTCCATGAT",22
"AACTCTTGTCTGCCAG",94
"AACTCTTGTCTGGTCG",8
"AACTCTTGTCTTGCGG",22
"AACTCTTGTGGTACAG",49
"AACTCTTGTTAAGACA",34
"AACTCTTGTTACCAGT",85
"AACTCTTGTTGTACAC",1000
"AACTCTTGTTTGTTGG",84
"AACTCTTTCAACCATG",47
"AACTCTTTCACCATAG",35
"AACTCTTTCACGACTA",70
"AACTCTTTCCTAGTGA",68
"AACTCTTTCGGTGTTA",43
"AACTCTTTCTAACTCT",23
"AACTCTTTCTTAGCCC",37
"AACTGGTAGACGCAAC",2
"AACTGGTAGATAGGAG",82
"AACTGGTAGCACCGTC",11
"AACTGGTAGCGCCTCA",47
"AACTGGTAGCTACCGC",53
"AACTGGTAGGACCACA",85
"AACTGGTAGGAGTTGC",20
"AACTGGTAGTCACGCC",72
"AACTGGTAGTGAATTG",73
"AACTGGTAGTGGCACA",81
"AACTGGTAGTTAGCGG",3
"AACTGGTAGTTGAGTA",74
"AACTGGTCAAACGCGA",73
"AACTGGTCAAATACAG",58
"AACTGGTCACCACCAG",13
"AACTGGTCACTGTGTA",67
"AACTGGTCAGTAGAGC",80
"AACTGGTCAGTCCTTC",13
"AACTGGTCATACTACG",68
"AACTGGTCATCGGAAG",85
"AACTGGTGTAAACGCG",1000
"AACTGGTGTAAAGGAG",35
"AACTGGTGTAGAGCTG",95
"AACTGGTGTAGTAGTA",2
"AACTGGTGTTCACGGC",34
"AACTGGTGTTCGGGCT",1000
"AACTGGTGTTCTGGTA",22
"AACTGGTGTTTAAGCC",85
"AACTGGTGTTTGACTG",14
"AACTGGTTCAAACGGG",68
"AACTGGTTCAGCTCTC",1000
"AACTTTCAGACAGACC",61
"AACTTTCAGACTCGGA",59
"AACTTTCAGTATCTCG",1000
"AACTTTCAGTCAAGGC",24
"AACTTTCAGTTCGCAT",95
"AACTTTCCAAGTTCTG",56
"AACTTTCCAATAACGA",1000
"AACTTTCCACATAACC",46
"AACTTTCCACCAACCG",76
"AACTTTCCACGGTAGA",61
"AACTTTCCACGGTGTC",14
"AACTTTCCAGAAGCAC",56
"AACTTTCCAGACACTT",18
"AACTTTCCAGATGGGT",34
"AACTTTCCAGGGTTAG",47
"AACTTTCCATACAGCT",80
"AACTTTCCATATACGC",23
"AACTTTCGTATCGCAT",5
"AACTTTCGTATTACCG",2
"AACTTTCGTGAGGGAG",1000
"AACTTTCGTGATGTGG",1000
"AACTTTCGTTACCGAT",46
"AACTTTCTCAAGATCC",59
"AACTTTCTCAGCTCGG",59
"AACTTTCTCATTGCCC",22
"AACTTTCTCCGAGCCA",1000
"AACTTTCTCCTGCCAT",23
"AACTTTCTCGTATCAG",70
"AACTTTCTCTCAACTT",92
"AAGACCTAGATGCGAC",7
"AAGACCTAGCAGACTG",84
"AAGACCTAGCCAGTAG",32
"AAGACCTAGCGTTCCG",46
"AAGACCTAGGAATCGC",82
"AAGACCTAGGACAGCT",90
"AAGACCTAGGACTGGT",60
"AAGACCTAGGATCGCA",35
"AAGACCTAGGATGGAA",1000
"AAGACCTAGGGCTCTC",59
"AAGACCTAGTCGTACT",58
"AAGACCTAGTTTCCTT",47
"AAGACCTCAAGCCGCT",11
"AAGACCTCAAGTACCT",1000
"AAGACCTCACACTGCG",20
"AAGACCTCACTATCTT",55
"AAGACCTCACTTCGAA",47
"AAGACCTCAGCGATCC",94
"AAGACCTCAGGATTGG",1000
"AAGACCTCATCACCCT",70
"AAGACCTCATGATCCA",10
"AAGACCTGTAGGCTGA",44
"AAGACCTGTATAGTAG",59
"AAGACCTGTATATCCG",80
"AAGACCTGTCCGTCAG",32
"AAGACCTGTGCACCAC",72
"AAGACCTGTGTGAATA",90
"AAGACCTGTTAAGTAG",1000
"AAGACCTGTTAGAACA",59
"AAGACCTTCATGCAAC",60
"AAGACCTTCCGCGCAA",13
"AAGACCTTCCGCTGTT",1000
"AAGACCTTCCGTAGTA",71
"AAGACCTTCTATCCTA",35
"AAGCCGCAGAGCCTAG",44
"AAGCCGCAGCGTTCCG",39
"AAGCCGCAGGATGCGT",95
"AAGCCGCAGGCATGTG",61
"AAGCCGCAGGCTATCT",1000
"AAGCCGCAGTCACGCC",10
"AAGCCGCAGTGTTAGA",22
"AAGCCGCAGTTATCGC",41
"AAGCCGCCAAATCCGT",19
"AAGCCGCCAACTTGAC",25
"AAGCCGCCAGTCGATT",23
"AAGCCGCCATGCCTAA",53
"AAGCCGCCATGTAAGA",1000
"AAGCCGCCATTGGGCC",71
"AAGCCGCGTACAGACG",71
"AAGCCGCGTACTTAGC",72
"AAGCCGCGTAGAGGAA",60
"AAGCCGCGTCCAGTTA",20
"AAGCCGCGTCTTGCGG",71
"AAGCCGCGTTCACGGC",44
"AAGCCGCGTTTGACAC",11
"AAGCCGCTCAACGCTA",91
"AAGCCGCTCACTATTC",70
"AAGCCGCTCATGTAGC",22
"AAGCCGCTCCGAATGT",58
"AAGCCGCTCCGTAGGC",94
"AAGCCGCTCGGCCGAT",70
"AAGCCGCTCGGTCTAA",46
"AAGCCGCTCGTCCGTT",5
"AAGCCGCTCTACTCAT",63
"AAGCCGCTCTCCAACC",28
"AAGCCGCTCTCGATGA",76
"AAGGAGCAGAAGGTGA",45
"AAGGAGCAGCACGCCT",76
"AAGGAGCCAAAGGCGT",1000
"AAGGAGCCAATAGAGT",46
"AAGGAGCCACACATGT",8
"AAGGAGCCACAGATTC",58
"AAGGAGCCACCTTGTC",11
"AAGGAGCCACGAGAGT",96
"AAGGAGCCACGGTTTA",46
"AAGGAGCCATTGGTAC",68
"AAGGAGCGTAAGTAGT",34
"AAGGAGCGTACAGACG",71
"AAGGAGCGTCCAGTGC",35
"AAGGAGCGTCGACTAT",37
"AAGGAGCGTCGTTGTA",62
"AAGGAGCGTGACAAAT",1
"AAGGAGCGTGGTCTCG",1000
"AAGGAGCGTTCACGGC",79
"AAGGAGCGTTCATGGT",46
"AAGGAGCGTTCGGCAC",46
"AAGGAGCGTTGCTCCT",58
"AAGGAGCTCAGTGTTG",11
"AAGGAGCTCCGTTGCT",37
"AAGGAGCTCTATCCCG",5
"AAGGAGCTCTCCTATA",49
"AAGGAGCTCTTGAGAC",35
"AAGGCAGAGAGCTGGT",1000
"AAGGCAGAGATGTAAC",1000
"AAGGCAGAGCTCAACT",44
"AAGGCAGAGGTTCCTA",32
"AAGGCAGAGTCCCACG",23
"AAGGCAGAGTCGTTTG",1000
"AAGGCAGAGTCTTGCA",1000
"AAGGCAGAGTGGGTTG",48
"AAGGCAGAGTTGAGTA",1000
"AAGGCAGCAAACTGCT",43
"AAGGCAGCAATAGCGG",81
"AAGGCAGCACTTGGAT",39
"AAGGCAGCAGGATTGG",71
"AAGGCAGGTAAGGGCT",80
"AAGGCAGGTAAGTGTA",84
"AAGGCAGGTCGAACAG",59
"AAGGCAGGTCGAGTTT",29
"AAGGCAGGTCTCTTTA",1000
"AAGGCAGGTGAAAGAG",1000
"AAGGCAGGTTACGCGC",44
"AAGGCAGTCCATGAGT",45
"AAGGCAGTCCGCATAA",22
"AAGGCAGTCCGTTGCT",72
"AAGGCAGTCGGATGGA",84
"AAGGCAGTCGTTACGA",72
"AAGGCAGTCTCGTTTA",94
"AAGGCAGTCTTCCTTC",35
"AAGGTTCAGACTCGGA",71
"AAGGTTCAGAGACGAA",71
"AAGGTTCAGAGACTTA",58
"AAGGTTCAGATGCCAG",35
"AAGGTTCAGCTAGTCT",1000
"AAGGTTCAGGGCTTCC",58
"AAGGTTCAGTACGCGA",1000
"AAGGTTCAGTGAACGC",47
"AAGGTTCCAAGTTAAG",47
"AAGGTTCCACACTGCG",1000
"AAGGTTCCACGCCAGT",71
"AAGGTTCCAGCTCGAC",56
"AAGGTTCCAGCTGGCT",34
"AAGGTTCCAGTCACTA",11
"AAGGTTCCAGTGGAGT",70
"AAGGTTCGTACTCTCC",23
"AAGGTTCGTAGCCTAT",31
"AAGGTTCGTATAATGG",84
"AAGGTTCGTATAGGTA",53
"AAGGTTCGTCCGAAGA",1000
"AAGGTTCGTCTACCTC",20
"AAGGTTCGTGTGCGTC",44
"AAGGTTCGTGTGTGCC",83
"AAGGTTCGTTACCAGT",35
"AAGGTTCTCAAACCGT",89
"AAGGTTCTCACGACTA",62
"AAGGTTCTCATCGATG",85
"AAGGTTCTCATCGGAT",75
"AAGGTTCTCCAAAGTC",59
"AAGGTTCTCCCATTTA",35
"AAGGTTCTCCTTGGTC",72
"AAGGTTCTCTACCTGC",26
"AAGGTTCTCTCTAGGA",1000
"AAGGTTCTCTTAACCT",23
"AAGGTTCTCTTCAACT",34
"AAGTCTGAGACTACAA",1000
"AAGTCTGAGAGTAAGG",56
"AAGTCTGAGATCACGG",1000
"AAGTCTGAGCAGATCG",46
"AAGTCTGAGCCCAATT",96
"AAGTCTGAGGCTATCT",51
"AAGTCTGAGGTTACCT",45
"AAGTCTGAGTCCGGTC",10
"AAGTCTGCAAGGACAC",72
"AAGTCTGCAATCTACG",1000
"AAGTCTGCACATTAGC",96
"AAGTCTGCACGCGAAA",35
"AAGTCTGCACTCTGTC",76
"AAGTCTGCAGCTCCGA",8
"AAGTCTGCAGCTGTAT",34
"AAGTCTGCAGTCAGAG",72
"AAGTCTGCATGCCACG",35
"AAGTCTGGTAGAAAGG",1000
"AAGTCTGGTCAACATC",37
"AAGTCTGGTCCATGAT",1000
"AAGTCTGGTGTCAATC",59
"AAGTCTGGTTAGAACA",11
"AAGTCTGTCAGTTCGA",60
"AAGTCTGTCCAAATGC",1000
"AAGTCTGTCCAATGGT",19
"AAGTCTGTCGATAGAA",96
"AAGTCTGTCGCAGGCT",48
"AAGTCTGTCTGCGTAA",34
"AATCCAGAGAGCCTAG",1000
"AATCCAGAGATGAGAG",1000
"AATCCAGAGCACCGCT",78
"AATCCAGAGCGTTCCG",22
"AATCCAGAGGCCGAAT",60
"AATCCAGAGGTTACCT",84
"AATCCAGAGTAACCCT",71
"AATCCAGAGTAGCGGT",44
"AATCCAGAGTGGTAAT",9
"AATCCAGCAAGCTGTT",14
"AATCCAGCAAGGTTTC",11
"AATCCAGCAGCATACT",46
"AATCCAGCAGCGTTCG",88
"AATCCAGCATCACCCT",19
"AATCCAGCATTAACCG",66
"AATCCAGCATTATCTC",58
"AATCCAGCATTTGCTT",76
"AATCCAGGTAAGCACG",35
"AATCCAGGTACGAAAT",44
"AATCCAGGTAGAAGGA",47
"AATCCAGGTATAGGTA",96
"AATCCAGGTCGAAAGC",19
"AATCCAGGTCTCCCTA",53
"AATCCAGGTCTTCGTC",69
"AATCCAGGTGGTACAG",64
"AATCCAGGTTGCTCCT",11
"AATCCAGTCAAACAAG",46
"AATCCAGTCACTTATC",66
"AATCCAGTCCTATGTT",59
"AATCCAGTCGACCAGC",71
"AATCGGTAGACGACGT",44
"AATCGGTAGACTTTCG",84
"AATCGGTAGATGGCGT",34
"AATCGGTAGCGTTGCC",63
"AATCGGTAGGGTTCCC",8
"AATCGGTAGTACGCCC",45
"AATCGGTCAAAGTCAA",72
"AATCGGTCAATCAGAA",82
"AATCGGTCACCAACCG",82
"AATCGGTCAGTTTACG",70
"AATCGGTCATCCTAGA",66
"AATCGGTCATGCAATC",1000
"AATCGGTGTACACCGC",72
"AATCGGTGTACTTGAC",95
"AATCGGTGTGCAGACA",2
"AATCGGTGTGTCAATC",72
"AATCGGTGTTACAGAA",47
"AATCGGTGTTACCGAT",1
"AATCGGTGTTGGGACA",27
"AATCGGTGTTGTACAC",18
"AATCGGTTCACCGTAA",9
"AATCGGTTCACTTACT",55
"AATCGGTTCAGCATGT",22
"AATCGGTTCCACGACG",59
"AATCGGTTCCAGAAGG",91
"AATCGGTTCGAACTGT",1000
"ACACCAAAGAATTGTG",96
"ACACCAAAGAGTACAT",47
"ACACCAAAGATCACGG",11
"ACACCAAAGGAGTTGC",82
"ACACCAAAGGTGCACA",13
"ACACCAAAGGTGCTAG",11
"ACACCAAAGTATTGGA",68
"ACACCAAAGTCCTCCT",59
"ACACCAACAATCTGCA",73
"ACACCAACACATTAGC",82
"ACACCAACACCACCAG",80
"ACACCAACAGCTGCTG",94
"ACACCAACAGTAGAGC",46
"ACACCAACATAAGACA",71
"ACACCAACATGCCACG",49
"ACACCAAGTAAGTAGT",56
"ACACCAAGTACGCACC",32
"ACACCAAGTAGCCTCG",72
"ACACCAAGTATCAGTC",81
"ACACCAAGTCTTCGTC",18
"ACACCAAGTTATTCTC",86
"ACACCAAGTTCGTGAT",1000
"ACACCAATCACCACCT",1000
"ACACCAATCATCGGAT",90
"ACACCAATCCCTTGTG",94
"ACACCAATCGACCAGC",82
"ACACCAATCTCGCATC",32
"ACACCAATCTTACCGC",78
"ACACCCTAGACAATAC",58
"ACACCCTAGCAAATCA",87
"ACACCCTAGGCTACGA",22
"ACACCCTAGTCCGGTC",53
"ACACCCTAGTCCGTAT",37
"ACACCCTAGTCGATAA",0
"ACACCCTAGTTTGCGT",59
"ACACCCTCAAGCGTAG",71
"ACACCCTCAAGGTGTG",19
"ACACCCTCAAGTTCTG",25
"ACACCCTCAATCCAAC",49
"ACACCCTCACCAACCG",23
"ACACCCTCAGCGTAAG",86
"ACACCCTGTACTTAGC",82
"ACACCCTGTCAGCTAT",72
"ACACCCTGTCGAGTTT",58
"ACACCCTGTGAAATCA",82
"ACACCCTGTGCAACTT",14
"ACACCCTGTTTCCACC",10
"ACACCCTTCACTCCTG",47
"ACACCCTTCATAAAGG",43
"ACACCCTTCCACTGGG",94
"ACACCCTTCCAGTATG",11
"ACACCCTTCCGATATG",1000
"ACACCCTTCTACCTGC",11
"ACACCCTTCTCTTGAT",36
"ACACCCTTCTTGGGTA",63
"ACACCGGAGAACAATC",22
"ACACCGGAGACTGGGT",22
"ACACCGGAGCCACCTG",45
"ACACCGGAGCTCTCGG",23
"ACACCGGAGGAGCGAG",59
"ACACCGGAGTCTCAAC",50
"ACACCGGAGTGTACCT",46
"ACACCGGAGTTATCGC",60
"ACACCGGCAACACGCC",59
"ACACCGGCAAGGTGTG",45
"ACACCGGCACCGCTAG",29
"ACACCGGCACGAAGCA",1000
"ACACCGGCACGAGGTA",22
"ACACCGGCATGGAATA",34
"ACACCGGCATGTTGAC",13
"ACACCGGGTACCGTTA",29
"ACACCGGGTCACCCAG",35
"ACACCGGGTCCGCTGA",33
"ACACCGGGTCGCATCG",2
"ACACCGGGTGATGTGG",35
"ACACCGGGTTGTGGCC",19
"ACACCGGTCAAACCGT",1000
"ACACCGGTCAGCTCGG",70
"ACACCGGTCATCTGCC",43
"ACACCGGTCATGCATG",36
"ACACCGGTCCAATGGT",69
"ACACCGGTCCGGCACA",84
"ACACCGGTCGTGGACC",43
"ACACCGGTCTGCTGCT",95
"ACACTGAAGAAAGTGG",35
"ACACTGAAGACAATAC",71
"ACACTGAAGACACGAC",10
"ACACTGAAGAGTTGGC",64
"ACACTGAAGCACACAG",23
"ACACTGAAGCCAGTAG",59
"ACACTGAAGCCGGTAA",20
"ACACTGAAGGAACTGC",1000
"ACACTGAAGGGCACTA",21
"ACACTGAAGGGCTTCC",61
"ACACTGAAGTACGTTC",11
"ACACTGAAGTCAATAG",47
"ACACTGACAAGACACG",94
"ACACTGACAATGGACG",94
"ACACTGACAATGGATA",17
"ACACTGACACAACGCC",20
"ACACTGACAGATCGGA",46
"ACACTGAGTGTCCTCT",11
"ACACTGAGTTAAGGGC",1000
"ACACTGAGTTGAGTTC",46
"ACACTGATCAGGCAAG",74
"ACACTGATCATAAAGG",95
"ACACTGATCCACGACG",47
"ACACTGATCCAGAAGG",47
"ACACTGATCCCTCAGT",29
"ACACTGATCCGGCACA",80
"ACACTGATCTACCAGA",67
"ACACTGATCTATCCTA",59
"ACACTGATCTCTAAGG",39
"ACACTGATCTGATACG",70
"ACACTGATCTTGAGAC",95
"ACAGCCGAGACAGGCT",11
"ACAGCCGAGATATACG",55
"ACAGCCGAGATGGCGT",22
"ACAGCCGAGCTGCAAG",60
"ACAGCCGAGTGTCTCA",1000
"ACAGCCGAGTTGTAGA",82
"ACAGCCGCAAGTCTGT",11
"ACAGCCGCAAGTTGTC",32
"ACAGCCGCAATTCCTT",19
"ACAGCCGCACAACTGT",1000
"ACAGCCGCACCCATGG",38
"ACAGCCGCACTAGTAC",23
"ACAGCCGCAGATGAGC",82
"ACAGCCGCAGCTGGCT",88
"ACAGCCGCAGGAATCG",58
"ACAGCCGCAGTATAAG",49
"ACAGCCGCATGCGCAC",47
"ACAGCCGCATGGATGG",11
"ACAGCCGCATTGGCGC",56
"ACAGCCGGTAATTGGA",1000
"ACAGCCGGTCCGTTAA",84
"ACAGCCGGTCGACTAT",26
"ACAGCCGGTCTTGTCC",37
"ACAGCCGGTTACGTCA",58
"ACAGCCGTCACAACGT",57
"ACAGCCGTCACGCGGT",1000
"ACAGCCGTCATCTGTT",82
"ACAGCCGTCATTATCC",70
"ACAGCCGTCGTTTAGG",56
"ACAGCTAAGCCACGCT",58
"ACAGCTAAGGAATTAC",23
"ACAGCTAAGGCCATAG",3
"ACAGCTAAGGCTATCT",61
"ACAGCTAAGTCAAGGC",55
"ACAGCTAAGTTACCCA",14
"ACAGCTAAGTTTGCGT",71
"ACAGCTACAAAGAATC",11
"ACAGCTACAAATCCGT",77
"ACAGCTACAAGGACTG",79
"ACAGCTACAAGTCTAC",45
"ACAGCTACAATGAATG",36
"ACAGCTACAATGCCAT",7
"ACAGCTACACCCATTC",25
"ACAGCTACACTATCTT",61
"ACAGCTACAGACGCTC",22
"ACAGCTACAGCGATCC",8
"ACAGCTACAGCTGTGC",31
"ACAGCTACAGCTGTTA",68
"ACAGCTACAGTATAAG",58
"ACAGCTAGTAAATACG",95
"ACAGCTAGTAAGTAGT",1000
"ACAGCTAGTACACCGC",20
"ACAGCTAGTAGCGATG",59
"ACAGCTAGTATTCGTG",59
"ACAGCTAGTCATATGC",23
"ACAGCTAGTCCGAAGA",72
"ACAGCTAGTGATGATA",1000
"ACAGCTAGTTCACGGC",76
"ACAGCTAGTTCAGGCC",58
"ACAGCTATCAATCTCT",85
"ACAGCTATCCGCATAA",46
"ACAGCTATCTATGTGG",47
"ACAGCTATCTCAAGTG",49
"ACATACGAGCTGTCTA",23
"ACATACGAGGGAACGG",0
"ACATACGAGTGGTAGC",23
"ACATACGAGTTGAGTA",35
"ACATACGAGTTTGCGT",1000
"ACATACGCAACACCCG",20
"ACATACGCAAGTTCTG",46
"ACATACGCACACAGAG",58
"ACATACGCACCATGTA",47
"ACATACGCAGAAGCAC",34
"ACATACGCAGCTTAAC",89
"ACATACGCAGTAGAGC",94
"ACATACGCATGCCCGA",59
"ACATACGGTAGGGACT",58
"ACATACGGTATAGGTA",34
"ACATACGGTATATGGA",25
"ACATACGGTCACAAGG",22
"ACATACGGTCGCGAAA",56
"ACATACGGTCTCACCT",10
"ACATACGGTTAAGACA",59
"ACATACGGTTCAACCA",56
"ACATACGGTTCTGAAC",11
"ACATACGTCAGCTGGC",70
"ACATACGTCATGTCTT",1000
"ACATACGTCATTCACT",11
"ACATACGTCCTGCTTG",43
"ACATACGTCCTTAATC",0
"ACATACGTCGCGGATC",11
"ACATACGTCTATCCCG",94
"ACATACGTCTGCCCTA",44
"ACATCAGAGATATGCA",1000
"ACATCAGAGCGTTCCG",72
"ACATCAGAGGCGCTCT",82
"ACATCAGAGGGTCTCC",57
"ACATCAGAGTCCTCCT",5
"ACATCAGAGTGTTAGA",1000
"ACATCAGAGTTAGGTA",1000
"ACATCAGCAAGTTGTC",46
"ACATCAGCACATAACC",70
"ACATCAGCACATCCGG",25
"ACATCAGCATATGGTC",72
"ACATCAGCATTGGTAC",68
"ACATCAGGTACAGCAG",64
"ACATCAGGTGCGCTTG",70
"ACATCAGGTGTCCTCT",1000
"ACATCAGGTTAGATGA",72
"ACATCAGTCACCTCGT",8
"ACATCAGTCAGAGCTT",1000
"ACATCAGTCATCTGCC",56
"ACATCAGTCATGTGGT",58
"ACATCAGTCCATGAAC",35
"ACATCAGTCCCAAGAT",23
"ACATCAGTCTAAGCCA",96
"ACATCAGTCTGTTGAG",1
"ACATGGTAGAATAGGG",84
"ACATGGTAGCATCATC",26
"ACATGGTAGCCGGTAA",58
"ACATGGTAGCTCTCGG",11
"ACATGGTAGGAGCGTT",1000
"ACATGGTAGGAGTTGC",11
"ACATGGTCAATGGAGC",45
"ACATGGTCACGAAGCA",44
"ACATGGTCACTAGTAC",83
"ACATGGTCAGACAAGC",32
"ACATGGTCAGCTATTG",53
"ACATGGTCAGCTTAAC",66
"ACATGGTCATAGAAAC",82
"ACATGGTCATGGTAGG",10
"ACATGGTCATTCACTT",34
"ACATGGTCATTTGCCC",11
"ACATGGTGTACCAGTT",70
"ACATGGTGTAGCAAAT",37
"ACATGGTGTATAGTAG",1000
"ACATGGTGTCTAGGTT",67
"ACATGGTGTGAGGGAG",23
"ACATGGTGTGTGTGCC",59
"ACATGGTTCAAACGGG",71
"ACATGGTTCAATAAGG",58
"ACATGGTTCCCTCTTT",84
"ACATGGTTCCGTACAA",83
"ACATGGTTCGTACGGC",96
"ACATGGTTCTAGCACA",34
"ACATGGTTCTCCAACC",80
"ACATGGTTCTGCGGCA",47
"ACCAGTAAGAATGTTG",23
"ACCAGTAAGACAGACC",69
"ACCAGTAAGAGGTTGC",59
"ACCAGTAAGATCTGCT",95
"ACCAGTAAGCAGCGTA",37
"ACCAGTAAGCAGGTCA",78
"ACCAGTAAGGGTATCG",44
"ACCAGTAAGTACGACG",44
"ACCAGTAAGTGCTGCC",71
"ACCAGTAAGTTCCACA",1000
"ACCAGTACAAGGTTCT",1000
"ACCAGTACAATGTAAG",11
"ACCAGTACACCGCTAG",53
"ACCAGTACACTCTGTC",96
"ACCAGTACAGGCAGTA",19
"ACCAGTACAGTACACT",1000
"ACCAGTACATCGATTG",70
"ACCAGTACATGCCTAA",37
"ACCAGTAGTAAGTTCC",55
"ACCAGTAGTGATGATA",59
"ACCAGTAGTGCACCAC",95
"ACCAGTATCAAACAAG",36
"ACCAGTATCAACACTG",72
"ACCAGTATCAAGGTAA",81
"ACCAGTATCACAAACC",1000
"ACCAGTATCACGATGT",11
"ACCAGTATCAGCTCTC",62
"ACCAGTATCCAAACTG",85
"ACCAGTATCCCATTAT",67
"ACCAGTATCCTAGGGC",47
"ACCAGTATCGTTTGCC",9
"ACCAGTATCTCGATGA",1000
"ACCAGTATCTCTGAGA",37
"ACCAGTATCTGAAAGA",44
"ACCAGTATCTGTCCGT",21
"ACCAGTATCTTAACCT",1000
"ACCCACTAGCCTTGAT",20
"ACCCACTAGGAACTGC",86
"ACCCACTAGGAATTAC",58
"ACCCACTAGGACGAAA",71
"ACCCACTAGGCAGTCA",38
"ACCCACTAGGTGCTTT",60
"ACCCACTAGTCATGCT",2
"ACCCACTAGTCTCGGC",78
"ACCCACTAGTGCGATG",35
"ACCCACTAGTTAGGTA",1000
"ACCCACTAGTTTCCTT",20
"ACCCACTCAAAGCAAT",64
"ACCCACTCAAAGGTGC",11
"ACCCACTCACAACGCC",34
"ACCCACTCACTAGTAC",1000
"ACCCACTCAGATGAGC",47
"ACCCACTCAGTAGAGC",23
"ACCCACTGTACTCTCC",82
"ACCCACTGTCCGTTAA",10
"ACCCACTGTCGAGATG",70
"ACCCACTGTCGGGTCT",68
"ACCCACTGTCTCTCTG",22
"ACCCACTGTTGCGCAC",11
"ACCCACTTCACCAGGC",80
"ACCCACTTCATCGGAT",23
"ACCCACTTCCAAACTG",34
"ACCCACTTCCACGCAG",49
"ACCCACTTCCTACAGA",69
"ACCCACTTCCTTTCTC",1000
"ACCCACTTCGCCTGTT",52
"ACCCACTTCGTATCAG",2
"ACCGTAAAGAAGGGTA",94
"ACCGTAAAGAATTCCC",1000
"ACCGTAAAGAGGTTGC",1000
"ACCGTAAAGCCAGTTT",10
"ACCGTAAAGCCTATGT",46
"ACCGTAAAGGAATGGA",52
"ACCGTAAAGGGAACGG",83
"ACCGTAAAGGGTGTGT",44
"ACCGTAACACAGCCCA",11
"ACCGTAACACCCAGTG",9
"ACCGTAACACGACGAA",59
"ACCGTAACACTTACGA",59
"ACCGTAACAGACAAAT",22
"ACCGTAACATGCCTTC",46
"ACCGTAACATTAGCCA",5
"ACCGTAACATTGGGCC",11
"ACCGTAAGTAACGACG",23
"ACCGTAAGTAATTGGA",35
"ACCGTAAGTAGAGTGC",11
"ACCGTAAGTAGCGCTC",92
"ACCGTAAGTATCGCAT",73
"ACCGTAAGTCAGCTAT",20
"ACCGTAAGTCCGTTAA",56
"ACCGTAAGTGGCCCTA",71
"ACCGTAAGTGTCGCTG",71
"ACCGTAAGTTCCAACA",65
"ACCGTAATCAACGGGA",34
"ACCGTAATCACATACG",47
"ACCGTAATCAGTGTTG",72
"ACCGTAATCCGAACGC",35
"ACCGTAATCCGCATCT",1000
"ACCGTAATCCGGCACA",75
"ACCGTAATCCTCAATT",82
"ACCGTAATCGACAGCC",95
"ACCGTAATCGATCCCT",94
"ACCGTAATCGCTTGTC",57
"ACCTTTAAGATCGATA",56
"ACCTTTAAGCTTCGCG",91
"ACCTTTAAGGAACTGC",68
"ACCTTTAAGGAGCGTT",20
"ACCTTTAAGGGCTTGA",84
"ACCTTTAAGGTGATAT",85
"ACCTTTAAGTAATCCC",23
"ACCTTTACAAGGTGTG",1000
"ACCTTTACACAGCCCA",80
"ACCTTTACACCCATGG",94
"ACCTTTACACCTCGGA",58
"ACCTTTACAGATCTGT",23
"ACCTTTACAGCCTTGG",23
"ACCTTTACAGGTTTCA",72
"ACCTTTACAGTCACTA",47
"ACCTTTACAGTGAGTG",37
"ACCTTTACAGTTAACC",59
"ACCTTTACATGACATC",1000
"ACCTTTACATGGATGG",61
"ACCTTTAGTAAGGGCT",36
"ACCTTTAGTATGAATG",35
"ACCTTTAGTATTACCG",50
"ACCTTTAGTCAGAGGT",84
"ACCTTTAGTCCGCTGA",21
"ACCTTTAGTCTCTTAT",22
"ACCTTTAGTGTGAAAT",79
"ACCTTTAGTTATCCGA",56
"ACCTTTAGTTGTGGAG",10
"ACCTTTAGTTTGGGCC",49
"ACCTTTAGTTTGTTGG",1000
"ACCTTTATCCGTAGTA",35
"ACCTTTATCTACCTGC",96
"ACCTTTATCTGTTGAG",72
"ACGAGCCAGAAGGTGA",1000
"ACGAGCCAGAATTCCC",37
"ACGAGCCAGCCGGTAA",69
"ACGAGCCAGCGTGAAC",8
"ACGAGCCAGGACGAAA",1000
"ACGAGCCAGGCAGTCA",95
"ACGAGCCAGGGCTCTC",19
"ACGAGCCAGTAACCCT",94
"ACGAGCCAGTCGTACT",1000
"ACGAGCCAGTGGACGT",79
"ACGAGCCCACGAAGCA",11
"ACGAGCCCACGGTAAG",2
"ACGAGCCCAGCCACCA",84
"ACGAGCCCAGGCTCAC",1000
"ACGAGCCCATTACCTT",64
"ACGAGCCGTCAAGCGA",86
"ACGAGCCGTCACCCAG",52
"ACGAGCCGTCAGCTAT",46
"ACGAGCCGTCGGGTCT",11
"ACGAGCCGTCTCCACT",7
"ACGAGCCGTCTTGATG",46
"ACGAGCCGTGGGTATG",52
"ACGAGCCGTGTGACCC",95
"ACGAGCCGTTTGTTTC",78
"ACGAGCCTCAACACGT",1000
"ACGAGCCTCAAGGCTT",86
"ACGAGCCTCACAAACC",71
"ACGAGCCTCACATAGC",20
"ACGAGCCTCAGTGCAT",26
"ACGAGCCTCATGTCCC",70
"ACGAGCCTCCATGAAC",47
"ACGAGCCTCGCACTCT",59
"ACGAGCCTCGGCGCTA",34
"ACGAGCCTCTCTGCTG",47
"ACGAGCCTCTGAGTGT",13
"ACGAGCCTCTTGAGAC",1000
"ACGAGGAAGAAGCCCA",80
"ACGAGGAAGAGAGCTC",94
"ACGAGGAAGAGGACGG",20
"ACGAGGAAGAGGGCTT",83
"ACGAGGAAGATCCCGC",13
"ACGAGGAAGCCGCCTA",47
"ACGAGGAAGCTCCCAG",10
"ACGAGGAAGGCCGAAT",47
"ACGAGGAAGGGATCTG",10
"ACGAGGAAGGGTTCCC",1000
"ACGAGGAAGGTGCTTT",85
"ACGAGGAAGTGGGATC",69
"ACGAGGACAAAGGAAG",80
"ACGAGGACAATGGAGC",1000
"ACGAGGACACATCCGG",70
"ACGAGGACACCCTATC",1000
"ACGAGGACACGAAAGC",1000
"ACGAGGACACTTCTGC",0
"ACGAGGACAGATTGCT",35
"ACGAGGACAGCCAATT",73
"ACGAGGACAGCTCGAC",43
"ACGAGGACAGGAACGT",81
"ACGAGGACAGGAATGC",11
"ACGAGGACAGTATAAG",2
"ACGAGGACAGTCACTA",89
"ACGAGGACAGTGGAGT",73
"ACGAGGAGTCCGTCAG",72
"ACGAGGAGTCGAGATG",13
"ACGAGGAGTGAACCTT",94
"ACGAGGAGTGAGGGAG",75
"ACGAGGAGTGAGTGAC",10
"ACGAGGAGTGGTGTAG",58
"ACGAGGAGTTCGAATC",1000
"ACGAGGATCACAGTAC",55
"ACGAGGATCAGGCAAG",56
"ACGAGGATCCACGTTC",94
"ACGAGGATCCTACAGA",31
"ACGAGGATCGGAATCT",58
"ACGAGGATCTCGTATT",86
"ACGAGGATCTGATTCT",46
"ACGATACAGAACAACT",82
"ACGATACAGAGGGCTT",33
"ACGATACAGCCCGAAA",1000
"ACGATACAGGCGATAC",13
"ACGATACAGGTGACCA",11
"ACGATACAGTCGCCGT",1000
"ACGATACCAAATACAG",1000
"ACGATACCAAGTCTGT",35
"ACGATACCACAGGAGT",57
"ACGATACCACCACCAG",10
"ACGATACCACCAGGTC",70
"ACGATACCACTATCTT",1000
"ACGATACCAGACGTAG",35
"ACGATACCAGCGATCC",1000
"ACGATACCATCGGAAG",10
"ACGATACGTAGAGCTG",22
"ACGATACGTAGCTTGT",44
"ACGATACGTCAGATAA",32
"ACGATACGTCCTCCAT",70
"ACGATACGTCTCTCTG",8
"ACGATACGTTAGAACA",9
"ACGATACGTTCACGGC",35
"ACGATACTCACCCTCA",19
"ACGATACTCAGTCAGT",93
"ACGATACTCAGTTCGA",94
"ACGATACTCCAGGGCT",23
"ACGATACTCCTGCTTG",60
"ACGATACTCGAGAACG",22
"ACGATACTCGCAGGCT",37
"ACGATACTCGGCGCTA",11
"ACGATACTCTGGTGTA",94
"ACGATGTAGAAAGTGG",80
"ACGATGTAGACAAAGG",86
"ACGATGTAGAGTACAT",72
"ACGATGTAGATGTCGG",82
"ACGATGTAGCACCGCT",35
"ACGATGTAGCCAGAAC",63
"ACGATGTAGCCCAACC",33
"ACGATGTAGCCGTCGT",44
"ACGATGTAGCTTTGGT",82
"ACGATGTAGGCTATCT",10
"ACGATGTAGGGAAACA",1000
"ACGATGTCACAACTGT",86
"ACGATGTCACCCATGG",47
"ACGATGTCAGTTAACC",80
"ACGATGTCATAAGACA",1000
"ACGATGTCATCACAAC",24
"ACGATGTCATCGATGT",43
"ACGATGTCATGTCCTC",2
"ACGATGTGTAGCTTGT",59
"ACGATGTGTAGTGAAT",49
"ACGATGTGTCAAACTC",82
"ACGATGTGTCTGCCAG",94
"ACGATGTGTGCCTGTG",49
"ACGATGTGTTACAGAA",92
"ACGATGTGTTGCGCAC",95
"ACGATGTTCGCCCTTA",96
"ACGATGTTCGGCTTGG",32
"ACGATGTTCGTGGTCG",46
"ACGATGTTCTGCCCTA",84
"ACGCAGCAGCCCTAAT",62
"ACGCAGCAGCGTAATA",58
"ACGCAGCAGGCTCTTA",95
"ACGCAGCAGTCGAGTG",29
"ACGCAGCAGTGGACGT",10
"ACGCAGCCAAGCCTAT",2
"ACGCAGCCACGAAAGC",19
"ACGCAGCCAGACAGGT",11
"ACGCAGCCAGACGCAA",77
"ACGCAGCCAGGATCGA",46
"ACGCAGCCAGTAAGAT",1000
"ACGCAGCCATCCCACT",61
"ACGCAGCGTACCTACA",8
"ACGCAGCGTACTTCTT",11
"ACGCAGCGTAGCGCAA",70
"ACGCAGCGTCCGTTAA",80
"ACGCAGCGTCGTCTTC",34
"ACGCAGCGTGACAAAT",59
"ACGCAGCGTTACGCGC",71
"ACGCAGCGTTGAGTTC",46
"ACGCAGCGTTTGACAC",71
"ACGCAGCTCAAACCAC",70
"ACGCAGCTCACAAACC",92
"ACGCAGCTCACTTACT",1000
"ACGCAGCTCCATGCTC",61
"ACGCAGCTCCTAGAAC",1000
"ACGCAGCTCGCCCTTA",1000
"ACGCAGCTCTAACCGA",44
"ACGCAGCTCTGTCCGT",2
"ACGCCAGAGAGGGATA",1000
"ACGCCAGAGCACCGTC",35
"ACGCCAGAGCATCATC",34
"ACGCCAGAGCGTGTCC",68
"ACGCCAGAGGATCGCA",94
"ACGCCAGAGGATGCGT",56
"ACGCCAGAGGCATGGT",96
"ACGCCAGAGGCCGAAT",34
"ACGCCAGAGGTGGGTT",10
"ACGCCAGAGTCTCGGC",25
"ACGCCAGAGTGGGTTG",49
"ACGCCAGCAACCGCCA",96
"ACGCCAGCACATGGGA",34
"ACGCCAGCACCAGATT",35
"ACGCCAGCACCAGCAC",34
"ACGCCAGCACCGAAAG",13
"ACGCCAGCACGGTGTC",88
"ACGCCAGCAGCTCGAC",1000
"ACGCCAGCAGCTGTGC",1000
"ACGCCAGCATGTCCTC",23
"ACGCCAGCATTCCTCG",72
"ACGCCAGGTAAAGTCA",57
"ACGCCAGGTACCGTAT",83
"ACGCCAGGTATATCCG",1000
"ACGCCAGGTCGCTTCT",85
"ACGCCAGGTCTCGTTC",1000
"ACGCCAGGTGAAAGAG",11
"ACGCCAGGTGCGGTAA",22
"ACGCCAGGTGGCTCCA",56
"ACGCCAGGTGTAATGA",21
"ACGCCAGGTTCGCTAA",72
"ACGCCAGGTTTGCATG",71
"ACGCCAGTCAACCATG",55
"ACGCCAGTCACTATTC",95
"ACGCCAGTCACTTCAT",57
"ACGCCAGTCAGCGATT",91
"ACGCCAGTCAGGTTCA",85
"ACGCCAGTCGTTTGCC",76
"ACGCCGAAGACGCACA",1000
"ACGCCGAAGGGAACGG",1000
"ACGCCGAAGGGAGTAA",86
"ACGCCGAAGGGCTTCC",44
"ACGCCGAAGGTGACCA",23
"ACGCCGAAGTATCGAA",44
"ACGCCGACAGATCGGA",20
"ACGCCGACAGCCAATT",60
"ACGCCGACATGCATGT",1000
"ACGCCGAGTACAGTTC",46
"ACGCCGAGTAGTACCT",95
"ACGCCGAGTCCAGTGC",79
"ACGCCGAGTCCATGAT",7
"ACGCCGAGTCTCTTTA",63
"ACGCCGAGTGTGTGCC",20
"ACGCCGAGTTCCACGG",92
"ACGCCGAGTTGGACCC",34
"ACGCCGATCAACACCA",58
"ACGCCGATCAGCAACT",87
"ACGCCGATCATCACCC",1000
"ACGCCGATCATCGATG",20
"ACGCCGATCCAAACTG",66
"ACGCCGATCTAACTGG",1000
"ACGGAGAAGAACTCGG",10
"ACGGAGAAGAGTGAGA",38
"ACGGAGAAGGATGCGT",71
"ACGGAGAAGTAATCCC",82
"ACGGAGAAGTAGATGT",72
"ACGGAGAAGTGAAGAG",1000
"ACGGAGACAAGCTGGA",74
"ACGGAGACAAGCTGTT",1000
"ACGGAGACAAGGTTCT",77
"ACGGAGACACAGGCCT",82
"ACGGAGACACGGATAG",20
"ACGGAGACACTATCTT",58
"ACGGAGACACTTAACG",93
"ACGGAGACACTTAAGC",61
"ACGGAGACAGACTCGC",79
"ACGGAGACAGCTTCGG",34
"ACGGAGACAGGATCGA",80
"ACGGAGACAGTATCTG",47
"ACGGAGACATCCAACA",78
"ACGGAGACATTCCTGC",1000
"ACGGAGACATTTGCCC",50
"ACGGAGAGTATTCTCT",34
"ACGGAGAGTCATCCCT",19
"ACGGAGAGTCCGTTAA",31
"ACGGAGAGTCGAGTTT",24
"ACGGAGAGTGATGCCC",11
"ACGGAGAGTGCAGTAG",44
"ACGGAGAGTTGCCTCT",72
"ACGGAGATCAATCTCT",20
"ACGGAGATCAGCACAT",66
"ACGGAGATCGGCGGTT",20
"ACGGAGATCTCGTATT",92
"ACGGAGATCTCTGTCG",13
"ACGGCCAAGAGGTTGC",35
"ACGGCCAAGCGAGAAA",1000
"ACGGCCAAGCGATGAC",1000
"ACGGCCAAGCTAGGCA",22
"ACGGCCAAGCTGAAAT",94
"ACGGCCAAGGGCATGT",70
"ACGGCCAAGGTGATAT",23
"ACGGCCAAGTGAAGAG",2
"ACGGCCAAGTGTACTC",71
"ACGGCCAAGTTCCACA",60
"ACGGCCACAAGAAGAG",1000
"ACGGCCACAAGTACCT",65
"ACGGCCACACATCCGG",11
"ACGGCCACACCATGTA",62
"ACGGCCACACCTCGGA",43
"ACGGCCACACGAAATA",10
"ACGGCCAGTAATAGCA",69
"ACGGCCAGTCGCTTCT",58
"ACGGCCAGTGGGTCAA",47
"ACGGCCAGTTAAGTAG",70
"ACGGCCAGTTACAGAA",57
"ACGGCCAGTTACGACT",7
"ACGGCCATCAAGCCTA",1000
"ACGGCCATCCAAACTG",11
"ACGGCCATCCATGCTC",82
"ACGGCCATCCCTTGCA",72
"ACGGCCATCCGGCACA",10
"ACGGCCATCGGATGGA",1000
"ACGGCCATCGTAGGAG",1000
"ACGGCCATCTGAGGGA",35
"ACGGCCATCTTGAGGT",1000
"ACGGGCTAGAGCCCAA",28
"ACGGGCTAGATCCGAG",35
"ACGGGCTAGATGGCGT",60
"ACGGGCTAGCACACAG",49
"ACGGGCTAGGCGATAC",56
"ACGGGCTAGGGTCGAT",32
"ACGGGCTAGTGGCACA",11
"ACGGGCTAGTGGTAAT",38
"ACGGGCTCAAGCCTAT",72
"ACGGGCTCAATACGCT",14
"ACGGGCTCACAGATTC",25
"ACGGGCTCACGGCGTT",82
"ACGGGCTCATCGGAAG",44
"ACGGGCTGTATGAATG",47
"ACGGGCTGTCGAACAG",58
"ACGGGCTGTCGGCTCA",47
"ACGGGCTGTTAGGGTG",10
"ACGGGCTGTTCGAATC",31
"ACGGGCTTCAACACTG",78
"ACGGGCTTCACCATAG",70
"ACGGGCTTCACGAAGG",34
"ACGGGCTTCACTTCAT",47
"ACGGGCTTCATTTGGG",96
"ACGGGCTTCCACTGGG",46
"ACGGGCTTCCTTGGTC",47
"ACGGGCTTCTATCCTA",47
"ACGGGCTTCTGTACGA",70
"ACGGGTCAGAATGTTG",13
"ACGGGTCAGCTAAGAT",30
"ACGGGTCAGGAATTAC",92
"ACGGGTCAGGACACCA",23
"ACGGGTCAGTACCGGA",1000
"ACGGGTCAGTACGTTC",48
"ACGGGTCAGTCCAGGA",70
"ACGGGTCCAAGAAGAG",35
"ACGGGTCCAAGCGCTC",64
"ACGGGTCCAATTCCTT",25
"ACGGGTCCACGTCAGC",80
"ACGGGTCCACTTAACG",94
"ACGGGTCCAGGCTGAA",60
"ACGGGTCCATACTACG",19
"ACGGGTCCATAGACTC",1000
"ACGGGTCGTCCGCTGA",67
"ACGGGTCGTGCATCTA",56
"ACGGGTCGTGCGATAG",1000
"ACGGGTCGTGGTCTCG",44
"ACGGGTCGTTACCGAT",74
"ACGGGTCGTTAGTGGG",58
"ACGGGTCGTTCGCTAA",92
"ACGGGTCGTTGTCGCG",95
"ACGGGTCGTTGTTTGG",76
"ACGGGTCTCAGTGCAT",95
"ACGGGTCTCCACTCCA",22
"ACGGGTCTCCAGAAGG",59
"ACGGGTCTCCGAAGAG",34
"ACGGGTCTCGAGCCCA",49
"ACGGGTCTCGGGAGTA",94
"ACGGGTCTCGGTGTCG",8
"ACGGGTCTCGTACCGG",21
"ACGGGTCTCGTAGGAG",37
"ACGTCAAAGACCACGA",75
"ACGTCAAAGAGGTTGC",1000
"ACGTCAAAGATTACCC",59
"ACGTCAAAGGGTCGAT",1000
"ACGTCAACAAGAAGAG",94
"ACGTCAACACACCGCA",11
"ACGTCAACACAGAGGT",84
"ACGTCAACACCCTATC",46
"ACGTCAACATCTACGA",32
"ACGTCAACATGGTCTA",96
"ACGTCAAGTAACGTTC",82
"ACGTCAAGTAATCACC",47
"ACGTCAAGTCACTGGC",32
"ACGTCAAGTCTCAACA",1000
"ACGTCAAGTGAAAGAG",24
"ACGTCAAGTGCATCTA",45
"ACGTCAAGTGCGCTTG",35
"ACGTCAAGTTAAGATG",2
"ACGTCAAGTTCACCTC",32
"ACGTCAAGTTTAGGAA",59
"ACGTCAAGTTTGCATG",94
"ACGTCAATCAAAGTAG",69
"ACGTCAATCAGAGCTT",84
"ACGTCAATCATGTAGC",44
"ACGTCAATCCATGAGT",10
"ACGTCAATCCGGGTGT",1000
"ACGTCAATCGGAAACG",62
"ACGTCAATCTCCGGTT",79
"ACTATCTAGATCTGAA",79
"ACTATCTAGCGATATA",47
"ACTATCTAGCGATCCC",1
"ACTATCTAGTACGCCC",37
"ACTATCTCAAACAACA",83
"ACTATCTCAAGTTGTC",25
"ACTATCTCAATAGAGT",23
"ACTATCTCACATTTCT",59
"ACTATCTCATCGTCGG",11
"ACTATCTGTAACGTTC",59
"ACTATCTGTAGAGGAA",46
"ACTATCTGTAGTAGTA",1000
"ACTATCTGTATGAATG",81
"ACTATCTGTCATCGGC",1000
"ACTATCTGTGACCAAG",34
"ACTATCTGTGTTTGGT",11
"ACTATCTGTTAAGATG",82
"ACTATCTGTTACAGAA",1000
"ACTATCTGTTATGCGT",46
"ACTATCTGTTGGTGGA",10
"ACTATCTTCAACCATG",46
"ACTATCTTCACCATAG",67
"ACTATCTTCACCCGAG",22
"ACTATCTTCAGGTTCA",11
"ACTATCTTCCCAACGG",34
"ACTATCTTCGCAGGCT",46
"ACTATCTTCTGTCTCG",24
"ACTGAACAGCGTCTAT",67
"ACTGAACAGCGTGTCC",1000
"ACTGAACCAAAGTGCG",71
"ACTGAACCAAGTAGTA",23
"ACTGAACCAGATCGGA",47
"ACTGAACCATCACAAC",91
"ACTGAACCATCCGTGG",10
"ACTGAACCATGGATGG",82
"ACTGAACGTACTTAGC",32
"ACTGAACGTAGCCTCG",72
"ACTGAACGTCACAAGG",71
"ACTGAACTCAGGTTCA",11
"ACTGAACTCATTGCCC",61
"ACTGAACTCGCCTGAG",70
"ACTGAACTCGTCCAGG",8
"ACTGAGTAGAAACCGC",84
"ACTGAGTAGAGACTAT",37
"ACTGAGTAGATCCTGT",11
"ACTGAGTAGATTACCC",22
"ACTGAGTAGCAATCTC",56
"ACTGAGTAGCACCGCT",2
"ACTGAGTAGCGAAGGG",56
"ACTGAGTAGCTAACAA",6
"ACTGAGTAGGGCATGT",67
"ACTGAGTAGTACATGA",4
"ACTGAGTAGTGTACTC",82
"ACTGAGTCAAAGGCGT",19
"ACTGAGTCACCATCCT",35
"ACTGAGTCACGTTGGC",94
"ACTGAGTCAGACGCCT",20
"ACTGAGTCAGCGATCC",75
"ACTGAGTCAGGGTTAG",67
"ACTGAGTCATCCGGGT",8
"ACTGAGTCATTGTGCA",70
"ACTGAGTGTAAAGGAG",58
"ACTGAGTGTAAGTTCC",25
"ACTGAGTGTACTCAAC",70
"ACTGAGTGTAGAGGAA",82
"ACTGAGTGTAGGCTGA",23
"ACTGAGTGTCCAGTTA",11
"ACTGAGTGTCGGGTCT",25
"ACTGAGTGTGTAAGTA",8
"ACTGAGTGTGTCGCTG",34
"ACTGAGTGTTTAGGAA",81
"ACTGAGTTCAAACCAC",74
"ACTGAGTTCACGAAGG",1000
"ACTGAGTTCACTCCTG",58
"ACTGAGTTCAGGATCT",1000
"ACTGAGTTCATCGGAT",8
"ACTGAGTTCATTGCGA",20
"ACTGAGTTCCACGTGG",34
"ACTGAGTTCCAGAAGG",95
"ACTGAGTTCTAGCACA",22
"ACTGATGAGAAGGCCT",23
"ACTGATGAGAGACTAT",1000
"ACTGATGAGGAATGGA",82
"ACTGATGAGGCACATG",25
"ACTGATGAGGCATGGT",90
"ACTGATGAGGCCCGTT",70
"ACTGATGAGGCTCATT",54
"ACTGATGAGGGAAACA",55
"ACTGATGAGGTAGCTG",11
"ACTGATGAGTGGACGT",58
"ACTGATGCAATGGAAT",23
"ACTGATGCACAGCGTC",39
"ACTGATGCAGGACCCT",70
"ACTGATGCATCACGAT",79
"ACTGATGCATCTGGTA",1000
"ACTGATGGTAAGTAGT",1000
"ACTGATGGTAAGTGGC",69
"ACTGATGGTAGCCTCG",10
"ACTGATGGTAGCGTCC",54
"ACTGATGGTCCGACGT",43
"ACTGATGGTCTCTCGT",77
"ACTGATGGTGAGGGTT",88
"ACTGATGGTGTGACGA",24
"ACTGATGTCAACGCTA",1000
"ACTGATGTCAGTGTTG",58
"ACTGATGTCATGTCCC",34
"ACTGATGTCCAGAGGA",22
"ACTGATGTCCTTCAAT",1000
"ACTGATGTCGATAGAA",58
"ACTGATGTCGGCGCAT",68
"ACTGATGTCTCAAGTG",56
"ACTGATGTCTCTGCTG",82
"ACTGATGTCTTCTGGC",61
"ACTGATGTCTTTAGTC",56
"ACTGCTCAGAAGGTGA",37
"ACTGCTCAGAATGTTG",11
"ACTGCTCAGATCTGAA",7
"ACTGCTCAGCCATCGC",35
"ACTGCTCAGCTAACTC",74
"ACTGCTCAGCTAGGCA",71
"ACTGCTCAGGAGTAGA",37
"ACTGCTCAGGCAAAGA",1000
"ACTGCTCAGGTTACCT",77
"ACTGCTCAGTGGGCTA",23
"ACTGCTCCAAATACAG",64
"ACTGCTCCAACACCTA",92
"ACTGCTCCAATGGTCT",1000
"ACTGCTCCACACCGCA",10
"ACTGCTCCACGGCCAT",48
"ACTGCTCCAGCCACCA",96
"ACTGCTCCAGCTGTGC",1000
"ACTGCTCCAGTATGCT",86
"ACTGCTCCATCGGAAG",59
"ACTGCTCGTCACTTCC",11
"ACTGCTCGTCCTCCAT",92
"ACTGCTCGTGCAACGA",94
"ACTGCTCGTTGTCGCG",94
"ACTGCTCTCACCATAG",1000
"ACTGCTCTCAGGCAAG",35
"ACTGCTCTCCGTAGGC",72
"ACTGCTCTCCTTCAAT",76
"ACTGCTCTCGAGCCCA",11
"ACTGCTCTCTGGAGCC",34
"ACTGTCCAGAAGAAGC",38
"ACTGTCCAGCATCATC",1000
"ACTGTCCAGCGTCTAT",35
"ACTGTCCAGGATGGAA",29
"ACTGTCCAGGCTAGAC",93
"ACTGTCCAGTACTTGC",92
"ACTGTCCAGTAGTGCG",44
"ACTGTCCAGTTTCCTT",56
"ACTGTCCCACATTCGA",78
"ACTGTCCCACGGTTTA",71
"ACTGTCCCAGCCTTTC",84
"ACTGTCCCAGTCAGAG",38
"ACTGTCCCATAAAGGT",67
"ACTGTCCCATGCCACG",37
"ACTGTCCCATGTCTCC",32
"ACTGTCCGTACCGTAT",20
"ACTGTCCGTAGGGTAC",5
"ACTGTCCGTCCGAATT",59
"ACTGTCCGTCCTGCTT",46
"ACTGTCCGTCGATTGT",64
"ACTGTCCGTCGTTGTA",71
"ACTGTCCGTGCCTGGT",82
"ACTGTCCGTGTGCGTC",22
"ACTGTCCGTGTTTGTG",20
"ACTGTCCTCAAACAAG",47
"ACTGTCCTCACTCCTG",1000
"ACTGTCCTCACTTACT",11
"ACTGTCCTCCGTACAA",53
"ACTGTCCTCGGAGCAA",59
"ACTGTCCTCGGCATCG",43
"ACTGTCCTCGGCGCAT",8
"ACTGTCCTCGTCGTTC",1000
"ACTGTCCTCTGAAAGA",69
"ACTTACTAGAAACCTA",35
"ACTTACTAGAACTGTA",71
"ACTTACTAGATGGGTC",96
"ACTTACTAGCGTAGTG",1000
"ACTTACTAGTAAGTAC",84
"ACTTACTCAAGTTCTG",1000
"ACTTACTCAATTGCTG",26
"ACTTACTCACGACTCG",21
"ACTTACTCATATACGC",94
"ACTTACTCATGTTGAC",1000
"ACTTACTCATTCACTT",72
"ACTTACTGTAAACACA",56
"ACTTACTGTAAATGAC",95
"ACTTACTGTAACGACG",7
"ACTTACTGTAGCCTCG",56
"ACTTACTGTAGCGCTC",61
"ACTTACTGTAGTACCT",70
"ACTTACTGTCTCACCT",1000
"ACTTACTGTCTCTTAT",19
"ACTTACTGTCTCTTTA",35
"ACTTACTGTTATGCGT",95
"ACTTACTGTTCGCTAA",29
"ACTTACTGTTGGGACA",31
"ACTTACTTCAGCTCGG",57
"ACTTACTTCAGTCCCT",70
"ACTTACTTCCTAGGGC",94
"ACTTACTTCGTTTGCC",10
"ACTTACTTCTCTAGGA",82
"ACTTACTTCTTGAGAC",1000
"ACTTACTTCTTGTTTG",58
"ACTTACTTCTTTAGGG",35
"ACTTGTTAGAGGTAGA",1000
"ACTTGTTAGCGTAATA",44
"ACTTGTTAGGCCCTCA",96
"ACTTGTTAGGTGTGGT",64
"ACTTGTTAGTACGATA",33
"ACTTGTTAGTACGCCC",68
"ACTTGTTAGTGACATA",93
"ACTTGTTCAATGGTCT",20
"ACTTGTTCACAGGTTT",22
"ACTTGTTCACATTCGA",22
"ACTTGTTCAGCGTCCA",23
"ACTTGTTCAGCTATTG",67
"ACTTGTTCATCTGGTA",20
"ACTTGTTCATGACATC",34
"ACTTGTTCATGTTGAC",13
"ACTTGTTGTATTCGTG",57
"ACTTGTTGTCCGTGAC",13
"ACTTGTTGTCGGATCC",71
"ACTTGTTGTGTCTGAT",1000
"ACTTGTTGTGTGCCTG",47
"ACTTGTTGTTAAAGAC",1000
"ACTTGTTGTTGAGTTC",47
"ACTTGTTTCAAGATCC",59
"ACTTGTTTCACATACG",69
"ACTTGTTTCAGCGATT",90
"ACTTGTTTCGGTCTAA",46
"ACTTGTTTCGTCCGTT",34
"ACTTGTTTCTGAGGGA",46
"ACTTGTTTCTGTGCAA",74
"ACTTTCAAGAAGGTGA",65
"ACTTTCAAGAGCCTAG",68
"ACTTTCAAGCAACGGT",11
"ACTTTCAAGCCCTAAT",53
"ACTTTCAAGCGCTTAT",56
"ACTTTCAAGGGATCTG",34
"ACTTTCAAGGGTGTGT",49
"ACTTTCAAGTACGCGA",31
"ACTTTCAAGTCGTACT",49
"ACTTTCACAACGCACC",66
"ACTTTCACAATAGAGT",47
"ACTTTCACACGGTTTA",95
"ACTTTCACAGATGAGC",22
"ACTTTCACAGCCTTGG",94
"ACTTTCACATGGTAGG",58
"ACTTTCAGTAAGAGGA",1000
"ACTTTCAGTAGCGTCC",41
"ACTTTCAGTAGTACCT",11
"ACTTTCAGTATAGGGC",84
"ACTTTCAGTGAGCGAT",59
"ACTTTCAGTGTAACGG",94
"ACTTTCAGTGTGCCTG",95
"ACTTTCATCAAACGGG",1000
"ACTTTCATCAACGAAA",66
"ACTTTCATCAAGATCC",58
"ACTTTCATCAGATAAG",34
"ACTTTCATCAGCGACC",11
"ACTTTCATCAGCGATT",82
"ACTTTCATCATGTAGC",94
"ACTTTCATCCACTGGG",18
"ACTTTCATCCCAACGG",11
"ACTTTCATCCTCAACC",71
"ACTTTCATCGAACTGT",73
"ACTTTCATCTGATTCT",10
"ACTTTCATCTGTCAAG",1000
"ACTTTCATCTTACCGC",11
"ACTTTCATCTTCCTTC",22
"ACTTTCATCTTCGAGA",34
"AGAATAGAGACAAGCC",72
"AGAATAGAGACCACGA",34
"AGAATAGAGACTACAA",1
"AGAATAGAGAGCCTAG",55
"AGAATAGAGCCAGAAC",72
"AGAATAGAGCCGGTAA",71
"AGAATAGAGGATTCGG",82
"AGAATAGAGGGTCGAT",31
"AGAATAGAGTATCGAA",1000
"AGAATAGCAATGGATA",67
"AGAATAGCACCATCCT",66
"AGAATAGCACCGCTAG",59
"AGAATAGCACGAGGTA",23
"AGAATAGCACTTACGA",22
"AGAATAGCAGCTCGCA",1000
"AGAATAGCAGGACCCT",69
"AGAATAGCATGCATGT",59
"AGAATAGCATTCTTAC",22
"AGAATAGGTCCGAAGA",1000
"AGAATAGGTTGTTTGG",71
"AGAATAGTCACGAAGG",1000
"AGAATAGTCACGACTA",70
"AGAATAGTCAGAGGTG",47
"AGAATAGTCGAGAGCA",1000
"AGAATAGTCGGAATCT",27
"AGAATAGTCTAACGGT",94
"AGAATAGTCTCAAACG",71
"AGACGTTAGAGCTGCA",92
"AGACGTTAGGCGTACA",58
"AGACGTTAGGGAGTAA",43
"AGACGTTAGGTGCTTT",59
"AGACGTTCAAGCCCAC",1000
"AGACGTTCAAGCCGTC",1000
"AGACGTTCACCAGCAC",70
"AGACGTTCAGGACCCT",41
"AGACGTTCATCTCCCA",36
"AGACGTTGTACCGTAT",41
"AGACGTTGTATTACCG",11
"AGACGTTGTCCGAGTC",80
"AGACGTTGTGCGGTAA",94
"AGACGTTGTGGCGAAT",35
"AGACGTTGTTCCACAA",59
"AGACGTTTCCAGAGGA",38
"AGACGTTTCCAGATCA",85
"AGACGTTTCCTGTAGA",61
"AGACGTTTCGAGCCCA",89
"AGACGTTTCGCTGATA",37
"AGACGTTTCTAACGGT",70
"AGACGTTTCTGAAAGA",34
"AGACGTTTCTTGAGAC",68
"AGAGCGAAGATCCCAT",67
"AGAGCGAAGCAAATCA",31
"AGAGCGAAGCAGGCTA",7
"AGAGCGAAGCGATATA",94
"AGAGCGAAGCTGGAAC",72
"AGAGCGAAGTGGGATC",77
"AGAGCGAAGTGTGAAT",84
"AGAGCGACAACTGGCC",47
"AGAGCGACAATGACCT",19
"AGAGCGACACCGCTAG",43
"AGAGCGACACGGCCAT",94
"AGAGCGACAGTAAGCG",82
"AGAGCGACATAGAAAC",1000
"AGAGCGACATGTTGAC",11
"AGAGCGAGTACAGACG",10
"AGAGCGAGTACATGTC",13
"AGAGCGAGTAGAAGGA",43
"AGAGCGAGTAGCTTGT",1000
"AGAGCGAGTCAAACTC",72
"AGAGCGAGTCCCGACA",35
"AGAGCGAGTGGTGTAG",80
"AGAGCGAGTGTCAATC",57
"AGAGCGAGTTGAACTC",1000
"AGAGCGAGTTGACGTT",36
"AGAGCGATCAAGCCTA",46
"AGAGCGATCCACGTTC",67
"AGAGCGATCGCATGGC",1000
"AGAGCGATCGGCTTGG",82
"AGAGCGATCGTTACAG",20
"AGAGCGATCGTTTGCC",18
"AGAGCGATCTCTAGGA",52
"AGAGCGATCTGCGTAA",81
"AGAGCGATCTGCTGCT",55
"AGAGCTTAGACAGAGA",23
"AGAGCTTAGACGACGT",84
"AGAGCTTAGACTAGAT",18
"AGAGCTTAGATCCCAT",88
"AGAGCTTAGATGCCAG",72
"AGAGCTTAGCCCAATT",1000
"AGAGCTTAGCGTTGCC",61
"AGAGCTTAGGATTCGG",1000
"AGAGCTTAGGCGTACA",71
"AGAGCTTAGGTGCACA",8
"AGAGCTTAGTGTTTGC",19
"AGAGCTTAGTTAACGA",89
"AGAGCTTCAAAGCAAT",55
"AGAGCTTCAATGTAAG",17
"AGAGCTTCACACGCTG",47
"AGAGCTTCACAGGCCT",64
"AGAGCTTCACGGTAGA",86
"AGAGCTTCACTGAAGG",1000
"AGAGCTTCAGAGTGTG",56
"AGAGCTTCAGATAATG",72
"AGAGCTTCAGTCCTTC",68
"AGAGCTTCATCATCCC",55
"AGAGCTTCATGCAATC",67
"AGAGCTTCATTGTGCA",47
"AGAGCTTGTAGAGTGC",96
"AGAGCTTGTCCGAGTC",1000
"AGAGCTTGTCCGTGAC",22
"AGAGCTTGTGAGGGTT",37
"AGAGCTTGTGTTGAGG",34
"AGAGCTTGTTTGGCGC",44
"AGAGCTTTCACCTCGT",60
"AGAGCTTTCACGAAGG",59
"AGAGCTTTCCTGCTTG",43
"AGAGCTTTCGCCTGTT",13
"AGAGCTTTCGCGTAGC",13
"AGAGCTTTCGCTTGTC",71
"AGAGTGGAGACAAGCC",58
"AGAGTGGAGACGACGT",33
"AGAGTGGAGACTAGAT",56
"AGAGTGGAGAGTTGGC",11
"AGAGTGGAGCGCCTTG",1000
"AGAGTGGAGCTAGGCA",1000
"AGAGTGGAGCTTTGGT",35
"AGAGTGGAGGCATTGG",70
"AGAGTGGAGTCGATAA",35
"AGAGTGGAGTGTTTGC",25
"AGAGTGGCACCGGAAA",77
"AGAGTGGCACTCTGTC",22
"AGAGTGGCAGGTGGAT",11
"AGAGTGGCATCCCATC",1000
"AGAGTGGGTAAGTGTA",1000
"AGAGTGGGTAGAGGAA",35
"AGAGTGGGTCGGCACT",1000
"AGAGTGGGTGTAACGG",94
"AGAGTGGGTTAAAGTG",44
"AGAGTGGGTTAGTGGG",76
"AGAGTGGGTTCCGTCT",55
"AGAGTGGTCAACACTG",84
"AGAGTGGTCACGCGGT",55
"AGAGTGGTCCGTAGGC",35
"AGAGTGGTCCTTTCGG",46
"AGAGTGGTCGAATGGG",58
"AGAGTGGTCGCACTCT",47
"AGAGTGGTCGCAGGCT",32
"AGAGTGGTCTAACGGT",1
"AGAGTGGTCTCTGTCG",1000
"AGAGTGGTCTGGCGAC",46
"AGATCTGAGACTACAA",84
"AGATCTGAGACTTGAA",10
"AGATCTGAGATGTGTA",69
"AGATCTGAGCCAGTTT",1000
"AGATCTGAGCGATGAC",94
"AGATCTGAGGAACTGC",94
"AGATCTGAGGGATGGG",11
"AGATCTGAGTTACCCA",58
"AGATCTGAGTTCGCGC",49
"AGATCTGAGTTGAGAT",82
"AGATCTGCAAGCGAGT",1
"AGATCTGCACCTTGTC",1000
"AGATCTGCATGCCACG",93
"AGATCTGGTAAGAGGA",15
"AGATCTGGTAGAGCTG",31
"AGATCTGGTATCGCAT",82
"AGATCTGGTCAGATAA",25
"AGATCTGGTCGAACAG",58
"AGATCTGGTCTCACCT",32
"AGATCTGGTCTTTCAT",58
"AGATCTGGTGAAAGAG",5
"AGATCTGGTGCAACGA",22
"AGATCTGGTGCACCAC",37
"AGATCTGGTGGAAAGA",23
"AGATCTGGTTAGAACA",72
"AGATCTGTCAACACGT",31
"AGATCTGTCCAGGGCT",58
"AGATCTGTCCATGAAC",5
"AGATCTGTCGGTTAAC",1000
"AGATCTGTCTAACTGG",5
"AGATCTGTCTGCTTGC",34
"AGATTGCAGACCGGAT",47
"AGATTGCAGATGCCTT",46
"AGATTGCAGTCCAGGA",58
"AGATTGCCAAGTACCT",20
"AGATTGCCAAGTAGTA",71
"AGATTGCCACAACGTT",44
"AGATTGCCACCAACCG",96
"AGATTGCCACCCAGTG",52
"AGATTGCCAGTATAAG",96
"AGATTGCCATTTGCTT",1000
"AGATTGCGTAAGAGGA",10
"AGATTGCGTAATAGCA",46
"AGATTGCGTACCGAGA",35
"AGATTGCGTCTACCTC",44
"AGATTGCGTGGCGAAT",32
"AGATTGCGTTCAGACT",94
"AGATTGCTCATCGGAT",60
"AGATTGCTCATGCTCC",25
"AGATTGCTCATGTAGC",19
"AGATTGCTCCGCTGTT",85
"AGATTGCTCCTCAACC",57
"AGATTGCTCGCCAAAT",26
"AGATTGCTCGCGATCG",47
"AGATTGCTCGTCCGTT",22
"AGATTGCTCTACCAGA",93
"AGCAGCCAGAGGTTAT",37
"AGCAGCCAGCTAGTCT",58
"AGCAGCCAGGAGTCTG",43
"AGCAGCCAGGATGGTC",11
"AGCAGCCCAAACTGTC",71
"AGCAGCCCAATAAGCA",9
"AGCAGCCCAATCACAC",75
"AGCAGCCCACCCATGG",86
"AGCAGCCCAGAAGCAC",85
"AGCAGCCCAGCTCGAC",21
"AGCAGCCCAGTAAGCG",11
"AGCAGCCCAGTAGAGC",70
"AGCAGCCCATACAGCT",25
"AGCAGCCCATGTAGTC",58
"AGCAGCCCATGTCCTC",11
"AGCAGCCGTAAACACA",81
"AGCAGCCGTAAGGGCT",4
"AGCAGCCGTAGGGTAC",71
"AGCAGCCGTATCACCA",57
"AGCAGCCGTATGAAAC",72
"AGCAGCCGTCCCGACA",5
"AGCAGCCGTCGCCATG",94
"AGCAGCCGTCTTCAAG",82
"AGCAGCCGTGCTCTTC",11
"AGCAGCCGTTAAGACA",52
"AGCAGCCGTTTAAGCC",43
"AGCAGCCTCAATAAGG",19
"AGCAGCCTCACCGTAA",85
"AGCAGCCTCATCGCTC",1000
"AGCAGCCTCATGTGGT",7
"AGCAGCCTCCAGTAGT",37
"AGCAGCCTCCCTAATT",56
"AGCAGCCTCCTAAGTG",22
"AGCAGCCTCGTAGATC",46
"AGCAGCCTCGTAGGTT",31
"AGCAGCCTCTTGAGAC",70
"AGCATACAGAGAACAG",95
"AGCATACAGCCACCTG",55
"AGCATACAGGACTGGT",82
"AGCATACCAATTCCTT",80
"AGCATACCAGATCTGT",70
"AGCATACCAGATGGCA",47
"AGCATACCAGCTCCGA",69
"AGCATACCAGCTTAAC",84
"AGCATACCATGCCTAA",35
"AGCATACCATGTCGAT",62
"AGCATACGTACCGCTG",1000
"AGCATACGTACTCGCG",1000
"AGCATACGTATTAGCC",46
"AGCATACGTCCGAAGA",83
"AGCATACGTCGTGGCT",67
"AGCATACGTCTCTTTA",70
"AGCATACGTCTGCCAG",25
"AGCATACGTGTTTGGT",1000
"AGCATACGTTCAGACT",80
"AGCATACGTTGTCGCG",1000
"AGCATACTCAAACCGT",63
"AGCATACTCACAGGCC",74
"AGCATACTCACCACCT",59
"AGCATACTCACTCTTA",53
"AGCATACTCAGGATCT",26
"AGCATACTCATGTCTT",71
"AGCATACTCCACGTGG",84
"AGCATACTCCACGTTC",92
"AGCATACTCGCCCTTA",58
"AGCATACTCGTATCAG",59
"AGCATACTCTGAGTGT",43
"AGCCTAAAGAAGGACA",46
"AGCCTAAAGCAATCTC",32
"AGCCTAAAGCAGGTCA",58
"AGCCTAAAGCGTCAAG",87
"AGCCTAAAGCTAAACA",58
"AGCCTAAAGGTACTCT",47
"AGCCTAAAGTCCGGTC",8
"AGCCTAAAGTTGCAGG",71
"AGCCTAACAAGAGGCT",36
"AGCCTAACAAGGTTTC",1000
"AGCCTAACAATAGCAA",93
"AGCCTAACACCAGTTA",17
"AGCCTAACACCGTTGG",11
"AGCCTAACACGAGGTA",70
"AGCCTAACATCAGTAC",70
"AGCCTAACATCCAACA",84
"AGCCTAACATGGAATA",93
"AGCCTAAGTACCCAAT",22
"AGCCTAAGTAGCTAAA",33
"AGCCTAAGTCGCATCG",1000
"AGCCTAAGTCTCTTAT",1000
"AGCCTAAGTGGCTCCA",44
"AGCCTAAGTGGTAACG",23
"AGCCTAAGTTATCACG",35
"AGCCTAAGTTCAGACT",67
"AGCCTAAGTTCCGTCT",11
"AGCCTAATCCGAATGT",70
"AGCCTAATCCGTCATC",84
"AGCCTAATCGGAAATA",1000
"AGCCTAATCTCAAGTG",32
"AGCCTAATCTCCTATA",92
"AGCGGTCAGAACAATC",82
"AGCGGTCAGACTGTAA",1000
"AGCGGTCAGCCACCTG",47
"AGCGGTCAGGAATTAC",23
"AGCGGTCAGGCATTGG",61
"AGCGGTCAGGCCATAG",34
"AGCGGTCAGGGTCTCC",70
"AGCGGTCCAAGAGTCG",52
"AGCGGTCCAAGCGTAG",82
"AGCGGTCCAATCAGAA",24
"AGCGGTCCACCAGGTC",35
"AGCGGTCCATCTCGCT",91
"AGCGGTCCATGACGGA",1000
"AGCGGTCGTAAAGGAG",84
"AGCGGTCGTAACGTTC",72
"AGCGGTCGTATTCGTG",1
"AGCGGTCGTCATTAGC",20
"AGCGGTCGTCGTTGTA",70
"AGCGGTCGTCTAGTGT",49
"AGCGGTCGTGCTAGCC",80
"AGCGGTCGTGGTTTCA",96
"AGCGGTCGTTACGTCA",34
"AGCGGTCGTTCAGGCC",1
"AGCGGTCTCATGTCTT",70
"AGCGGTCTCGGAAATA",32
"AGCGGTCTCGTTGACA",96
"AGCGTATAGACTTTCG",95
"AGCGTATAGCATCATC",71
"AGCGTATAGCTGAAAT",30
"AGCGTATAGCTGCCCA",53
"AGCGTATAGGCAAAGA",58
"AGCGTATAGGCTACGA",63
"AGCGTATAGGTCGGAT",22
"AGCGTATAGTCGTACT",11
"AGCGTATAGTGGGATC",1000
"AGCGTATCAAAGGCGT",5
"AGCGTATCAAAGGTGC",1000
"AGCGTATCAAGAGGCT",94
"AGCGTATCAAGCCCAC",31
"AGCGTATCACAACGTT",10
"AGCGTATCAGCGTAAG",11
"AGCGTATCAGCTTCGG",23
"AGCGTATCATCTGGTA",35
"AGCGTATGTAAGGGAA",23
"AGCGTATGTATTCTCT",11
"AGCGTATGTCATATGC",34
"AGCGTATGTCGAAAGC",67
"AGCGTATGTCTCTTAT",96
"AGCGTATGTGCCTGTG",20
"AGCGTATGTGGTACAG",1000
"AGCGTATGTTAGAACA",72
"AGCGTATGTTCCAACA",94
"AGCGTATTCACCATAG",22
"AGCGTATTCACTGGGC",59
"AGCGTATTCAGCTGGC",80
"AGCGTATTCCCATTAT",71
"AGCGTATTCGAGAGCA",70
"AGCGTATTCGAGGTAG",34
"AGCGTATTCGGCGCAT",47
"AGCGTATTCTGTACGA",11
"AGCGTCGAGCAATATG",90
"AGCGTCGAGCCTATGT",28
"AGCGTCGAGTACATGA",78
"AGCGTCGAGTCGATAA",71
"AGCGTCGCAATCGAAA",35
"AGCGTCGCACATTAGC",47
"AGCGTCGCACCACGTG",87
"AGCGTCGCACTCAGGC",22
"AGCGTCGGTAGAGCTG",1000
"AGCGTCGGTAGCTCCG",35
"AGCGTCGGTCAGAATA",59
"AGCGTCGGTGATAAAC",23
"AGCGTCGGTGGTCCGT",72
"AGCGTCGGTTAAGTAG",51
"AGCGTCGGTTATCACG",23
"AGCGTCGGTTATGCGT",66
"AGCGTCGGTTCCACGG",46
"AGCGTCGGTTCCGTCT",47
"AGCGTCGTCACGACTA",46
"AGCGTCGTCCAAGCCG",38
"AGCGTCGTCGATCCCT",82
"AGCGTCGTCTGATACG",11
"AGCTCCTAGACGCTTT",60
"AGCTCCTAGAGGTACC",35
"AGCTCCTAGATCACGG",95
"AGCTCCTAGATGTGGC",39
"AGCTCCTAGCAGCGTA",22
"AGCTCCTAGCCACGCT",19
"AGCTCCTAGCCCAACC",58
"AGCTCCTAGGCCCTCA",44
"AGCTCCTAGGCTACGA",21
"AGCTCCTAGTTCCACA",22
"AGCTCCTCAAGCTGTT",1000
"AGCTCCTCAATCTACG",1000
"AGCTCCTCAATGACCT",1
"AGCTCCTCACACGCTG",80
"AGCTCCTCAGGGTACA",47
"AGCTCCTCAGTATGCT",51
"AGCTCCTCAGTCGTGC",70
"AGCTCCTCATAAGACA",22
"AGCTCCTCATCACAAC",1000
"AGCTCCTCATCGGAAG",37
"AGCTCCTCATGGTTGT",7
"AGCTCCTGTAAGGGCT",56
"AGCTCCTGTAGGCATG",72
"AGCTCCTGTCCATGAT",1000
"AGCTCCTGTGAAAGAG",34
"AGCTCCTGTGCACTTA",84
"AGCTCCTGTTTAAGCC",83
"AGCTCCTGTTTGTGTG",1000
"AGCTCCTTCAGCTCGG",22
"AGCTCCTTCCGTCATC",43
"AGCTCCTTCGCGTTTC",1000
"AGCTCCTTCTCTTATG",11
"AGCTCCTTCTTCTGGC",8
"AGCTCTCAGACTCGGA",75
"AGCTCTCAGACTGGGT",24
"AGCTCTCAGATATACG",74
"AGCTCTCAGATGCCTT",70
"AGCTCTCAGATTACCC",60
"AGCTCTCAGTCTCGGC",34
"AGCTCTCAGTTAGCGG",70
"AGCTCTCCACAGGTTT",33
"AGCTCTCCACGGACAA",65
"AGCTCTCCAGACGCAA",82
"AGCTCTCCAGCCACCA",18
"AGCTCTCCATGGAATA",49
"AGCTCTCCATGTCTCC",1000
"AGCTCTCGTAACGACG",47
"AGCTCTCGTACCCAAT",1000
"AGCTCTCGTAGTAGTA",35
"AGCTCTCGTATGAATG",11
"AGCTCTCGTCACTTCC",8
"AGCTCTCGTCCATGAT",37
"AGCTCTCGTGGCAAAC",23
"AGCTCTCGTTGCGTTA",81
"AGCTCTCTCCCACTTG",70
"AGCTCTCTCCTCTAGC",95
"AGCTCTCTCGTTACGA",23
"AGCTCTCTCTATCGCC",8
"AGCTCTCTCTGGTATG",35
"AGCTCTCTCTTGTATC",82
"AGCTTGAAGAATTGTG",84
"AGCTTGAAGAGTACAT",23
"AGCTTGAAGCCTCGTG",94
"AGCTTGAAGTACACCT",37
"AGCTTGAAGTACGATA",93
"AGCTTGAAGTGACTCT",58
"AGCTTGACAATAAGCA",68
"AGCTTGACAGCGTTCG",23
"AGCTTGACATAGACTC",46
"AGCTTGACATGTCTCC",34
"AGCTTGAGTAACGCGA",1000
"AGCTTGAGTCAACTGT",82
"AGCTTGAGTCGAAAGC",27
"AGCTTGAGTCGGATCC",23
"AGCTTGAGTCTCCCTA",44
"AGCTTGAGTGCCTGGT",1000
"AGCTTGAGTGGGTCAA",71
"AGCTTGAGTTAAGACA",1000
"AGCTTGAGTTACGGAG",46
"AGCTTGATCATCGATG",35
"AGCTTGATCCAGATCA",1000
"AGCTTGATCCCTAATT",70
"AGCTTGATCCGAATGT",82
"AGCTTGATCGAGAACG",50
"AGCTTGATCGCAAACT",76
"AGCTTGATCGCAGGCT",59
"AGCTTGATCGCGCCAA",38
"AGCTTGATCGTAGGAG",23
"AGCTTGATCTAACTGG",90
"AGGCCACAGACAAAGG",72
"AGGCCACAGACAGACC",1000
"AGGCCACAGAGCTGCA",1000
"AGGCCACAGTATGACA",5
"AGGCCACAGTGGGTTG",52
"AGGCCACAGTGTGAAT",1000
"AGGCCACCAGGTCCAC",1000
"AGGCCACCAGTGGGAT",84
"AGGCCACCATAGTAAG",59
"AGGCCACCATCCGTGG",14
"AGGCCACCATCGGTTA",72
"AGGCCACGTAAATGTG",70
"AGGCCACGTAGCTTGT",69
"AGGCCACGTAGTGAAT",67
"AGGCCACGTCGTCTTC",1000
"AGGCCACGTCTTGTCC",82
"AGGCCACGTGAAATCA",45
"AGGCCACGTGCTCTTC",11
"AGGCCACGTGTGGCTC",1000
"AGGCCACGTTCATGGT",81
"AGGCCACGTTCCACAA",84
"AGGCCACGTTTAAGCC",92
"AGGCCACTCACCAGGC",27
"AGGCCACTCACCTTAT",61
"AGGCCACTCAGCTTAG",60
"AGGCCACTCGCATGGC",61
"AGGCCGTAGAGTAATC",25
"AGGCCGTAGATGTAAC",83
"AGGCCGTAGCGTTCCG",33
"AGGCCGTAGGACACCA",13
"AGGCCGTAGTTGAGTA",76
"AGGCCGTAGTTTCCTT",1000
"AGGCCGTAGTTTGCGT",1000
"AGGCCGTCAAGGTTTC",1000
"AGGCCGTCACAGGAGT",35
"AGGCCGTCAGCTGCTG",1000
"AGGCCGTCAGCTGGCT",70
"AGGCCGTCATGGATGG",1000
"AGGCCGTGTAGTAGTA",70
"AGGCCGTGTCCGAACC",58
"AGGCCGTGTCGCGGTT",2
"AGGCCGTGTCTAGAGG",11
"AGGCCGTGTCTAGCGC",54
"AGGCCGTGTGACAAAT",1000
"AGGCCGTGTGCTGTAT",7
"AGGCCGTGTTCAGCGC",11
"AGGCCGTTCCAACCAA",72
"AGGCCGTTCCGTCAAA",59
"AGGCCGTTCGGTCTAA",1000
"AGGCCGTTCTTCATGT",43
"AGGGAGTAGAACAATC",10
"AGGGAGTAGACGACGT",34
"AGGGAGTAGTTCGCAT",70
"AGGGAGTCAAAGTCAA",84
"AGGGAGTCAAGAAAGG",1000
"AGGGAGTCAATGGATA",38
"AGGGAGTCACAGAGGT",23
"AGGGAGTCAGATGGCA",20
"AGGGAGTCATTAGGCT",20
"AGGGAGTGTAAATGTG",78
"AGGGAGTGTACAGTGG",1000
"AGGGAGTGTCGACTAT",10
"AGGGAGTGTGATGTCT",52
"AGGGAGTGTGTCAATC",8
"AGGGAGTGTTACGGAG",72
"AGGGAGTGTTCAGGCC",44
"AGGGAGTGTTCCAACA",7
"AGGGAGTGTTCCGTCT",69
"AGGGAGTGTTTCCACC",94
"AGGGAGTTCAACTCTT",94
"AGGGAGTTCCCACTTG",82
"AGGGAGTTCCTTAATC",22
"AGGGAGTTCGGTTCGG",47
"AGGGAGTTCTATCCCG",26
"AGGGATGAGAAACCTA",74
"AGGGATGAGAGCTGGT",31
"AGGGATGAGATCGGGT",9
"AGGGATGAGCACCGTC",1000
"AGGGATGAGCAGGTCA",47
"AGGGATGAGCCACTAT",1000
"AGGGATGAGGAGCGAG",47
"AGGGATGAGGTAGCTG",89
"AGGGATGAGTACCGGA",71
"AGGGATGAGTTACCCA",59
"AGGGATGCAAGGACAC",11
"AGGGATGCACAGACTT",1000
"AGGGATGCACATCCAA",58
"AGGGATGCACGGATAG",10
"AGGGATGCACGGCGTT",1000
"AGGGATGCAGATGAGC",24
"AGGGATGCAGCTATTG",94
"AGGGATGCAGCTTCGG",82
"AGGGATGCAGGCGATA",82
"AGGGATGCATATGAGA",10
"AGGGATGCATTGGTAC",59
"AGGGATGGTAGCTAAA",71
"AGGGATGGTCATATCG",10
"AGGGATGGTCTCACCT",1000
"AGGGATGGTCTTGATG",19
"AGGGATGGTGTCAATC",79
"AGGGATGGTTCCTCCA",13
"AGGGATGTCAACACGT",57
"AGGGATGTCAGAGCTT",56
"AGGGATGTCAGTTTGG",23
"AGGGATGTCATAACCG",64
"AGGGATGTCCTTAATC",91
"AGGGATGTCGGATGGA",67
"AGGGATGTCTAACGGT",47
"AGGGATGTCTGGTGTA",1000
"AGGGATGTCTTCGAGA",25
"AGGGTGAAGAAGATTC",96
"AGGGTGAAGACAATAC",1000
"AGGGTGAAGACCACGA",79
"AGGGTGAAGACTGGGT",82
"AGGGTGAAGATCCCAT",55
"AGGGTGAAGATCCTGT",9
"AGGGTGAAGCCTTGAT",21
"AGGGTGAAGCGTGTCC",22
"AGGGTGAAGGAGTACC",24
"AGGGTGAAGGCGTACA",1
"AGGGTGAAGGGTTCCC",19
"AGGGTGAAGTCGATAA",1000
"AGGGTGAAGTGGCACA",1000
"AGGGTGACAATAAGCA",95
"AGGGTGACACACAGAG",29
"AGGGTGACACCGATAT",71
"AGGGTGACACGAAGCA",75
"AGGGTGACATGGATGG",1000
"AGGGTGACATTGCGGC",8
"AGGGTGAGTCGCGTGT",70
"AGGGTGAGTCTTGTCC",55
"AGGGTGAGTGCAGGTA",71
"AGGGTGAGTTACTGAC",47
"AGGGTGAGTTCCACAA",65
"AGGGTGAGTTGACGTT",55
"AGGGTGAGTTGAGGTG",22
"AGGGTGATCCAGATCA",1000
"AGGGTGATCCATTCTA",10
"AGGGTGATCCCAGGTG",47
"AGGGTGATCCGGCACA",71
"AGGGTGATCCGGGTGT",22
"AGGGTGATCCTCGCAT",73
"AGGGTGATCTAACGGT",88
"AGGGTGATCTGACCTC",46
"AGGGTGATCTGCGACG",1000
"AGGGTGATCTTGAGAC",59
"AGGTCATAGAAGGTTT",32
"AGGTCATAGACAAGCC",13
"AGGTCATAGACACTAA",60
"AGGTCATAGAGACTAT",74
"AGGTCATAGCTCTCGG",9
"AGGTCATAGTGAAGTT",70
"AGGTCATCAAGTTGTC",91
"AGGTCATCACCCTATC",1
"AGGTCATCACCTTGTC",64
"AGGTCATCACGTCAGC",56
"AGGTCATCAGACAGGT",81
"AGGTCATCATCACAAC",80
"AGGTCATCATGATCCA",3
"AGGTCATCATGGATGG",35
"AGGTCATCATGGGACA",58
"AGGTCATCATTGGGCC",44
"AGGTCATGTAAGAGGA",72
"AGGTCATGTACATGTC",34
"AGGTCATGTATAGTAG",11
"AGGTCATGTCATGCAT",53
"AGGTCATGTGGAAAGA",1000
"AGGTCATGTTCCAACA",14
"AGGTCATGTTCGTGAT",1000
"AGGTCATTCATAGCAC",11
"AGGTCATTCCAAATGC",37
"AGGTCATTCCCGACTT",1000
"AGGTCATTCCCTGACT",59
"AGGTCATTCTCTTGAT",2
"AGGTCATTCTGTCTCG",94
"AGGTCATTCTTGCATT",46
"AGGTCCGAGAACTGTA",72
"AGGTCCGAGATGTTAG",47
"AGGTCCGAGCGTAATA",29
"AGGTCCGAGGCAAAGA",34
"AGGTCCGAGGGAACGG",77
"AGGTCCGAGGTTCCTA",59
"AGGTCCGAGTACGCCC",41
"AGGTCCGAGTGAAGAG",70
"AGGTCCGAGTGCGATG",47
"AGGTCCGAGTTAGCGG",1000
"AGGTCCGCAATGAATG",72
"AGGTCCGCACGTCAGC",49
"AGGTCCGCATGCCTAA",1000
"AGGTCCGCATTGGTAC",17
"AGGTCCGGTCGAAAGC",94
"AGGTCCGGTCGAGATG",55
"AGGTCCGGTGTTCGAT",14
"AGGTCCGGTTACAGAA",37
"AGGTCCGTCAAAGACA",1000
"AGGTCCGTCAGGCGAA",70
"AGGTCCGTCCTATTCA",1000
"AGGTCCGTCGTCACGG",95
"AGGTCCGTCTCAACTT",82
"AGGTCCGTCTCGGACG",71
"AGGTCCGTCTGTCAAG",34
"AGGTCCGTCTTCGGTC",1000
"AGTAGTCAGAAACGCC",52
"AGTAGTCAGACATAAC",69
"AGTAGTCAGACCGGAT",82
"AGTAGTCAGATCCCGC",96
"AGTAGTCAGCAATATG",22
"AGTAGTCAGCGGATCA",1000
"AGTAGTCAGGACACCA",72
"AGTAGTCAGTACGTAA",23
"AGTAGTCAGTCCTCCT",72
"AGTAGTCAGTGGAGAA",1000
"AGTAGTCCAATAGCAA",1000
"AGTAGTCCACGACTCG",11
"AGTAGTCCAGATCGGA",49
"AGTAGTCCAGTATCTG",92
"AGTAGTCGTAACGCGA",96
"AGTAGTCGTACAGTTC",94
"AGTAGTCGTATTCGTG",46
"AGTAGTCGTGAAATCA",57
"AGTAGTCGTGTGAATA",94
"AGTAGTCGTTAAGATG",11
"AGTAGTCGTTTGCATG",49
"AGTAGTCGTTTGGCGC",10
"AGTAGTCTCGATGAGG",82
"AGTAGTCTCTACTATC",61
"AGTAGTCTCTTTACGT",96
"AGTCTTTAGAAACGCC",68
"AGTCTTTAGAATGTGT",47
"AGTCTTTAGAGCCCAA",4
"AGTCTTTAGAGGACGG",62
"AGTCTTTAGATCCCGC",71
"AGTCTTTAGCTCCTCT",35
"AGTCTTTAGTACCGGA",92
"AGTCTTTCAAAGGCGT",19
"AGTCTTTCACGACTCG",60
"AGTCTTTCACGTCTCT",56
"AGTCTTTCAGACGCTC",8
"AGTCTTTCAGAGCCAA",62
"AGTCTTTCAGCTGCTG",23
"AGTCTTTCATGTAGTC",60
"AGTCTTTGTAAGAGAG",80
"AGTCTTTGTAAGTGGC",1000
"AGTCTTTGTCAACATC",1000
"AGTCTTTGTGACGGTA",58
"AGTCTTTGTGTGACCC",48
"AGTCTTTGTTCCACAA",92
"AGTCTTTTCAGGTTCA",84
"AGTCTTTTCAGTGCAT",1000
"AGTCTTTTCATCATTC",93
"AGTCTTTTCATTGCCC",95
"AGTCTTTTCCATTCTA",57
"AGTCTTTTCCCGACTT",2
"AGTCTTTTCCGTTGCT",94
"AGTCTTTTCCTATGTT",76
"AGTCTTTTCCTCAACC",27
"AGTCTTTTCCTTGCCA",31
"AGTCTTTTCGAACTGT",34
"AGTCTTTTCGCCTGAG",10
"AGTCTTTTCGTAGGTT",84
"AGTCTTTTCGTTTAGG",1000
"AGTCTTTTCTGGTGTA",11
"AGTCTTTTCTTAGCCC",37
"AGTCTTTTCTTTCCTC",83
"AGTGAGGAGAAACCGC",46
"AGTGAGGAGAATGTTG",31
"AGTGAGGAGAGTGAGA",55
"AGTGAGGAGCTAACTC",13
"AGTGAGGAGCTGGAAC",1000
"AGTGAGGAGGCAAAGA",25
"AGTGAGGAGTGTGAAT",84
"AGTGAGGCAACGATCT",94
"AGTGAGGCAATCGGTT",22
"AGTGAGGCACATCTTT",55
"AGTGAGGCACGGTAGA",23
"AGTGAGGCAGAGTGTG",34
"AGTGAGGCAGTGGAGT",1000
"AGTGAGGGTAGCGATG",20
"AGTGAGGGTCAAAGCG",94
"AGTGAGGGTGCAACGA",2
"AGTGAGGGTGCAGGTA",68
"AGTGAGGGTGTATGGG",11
"AGTGAGGGTTTACTCT",94
"AGTGAGGGTTTGGGCC",53
"AGTGAGGTCCCTAATT",69
"AGTGAGGTCGCAAGCC",46
"AGTGAGGTCGTTTAGG",67
"AGTGAGGTCTAAGCCA",67
"AGTGAGGTCTTCAACT",10
"AGTGAGGTCTTGTTTG",83
"AGTGGGAAGAACTGTA",18
"AGTGGGAAGAGGGCTT",11
"AGTGGGAAGAGGTTGC",57
"AGTGGGAAGATGAGAG",11
"AGTGGGAAGCGACGTA",22
"AGTGGGAAGCGCCTCA",11
"AGTGGGAAGGATTCGG",1000
"AGTGGGAAGGCCCGTT",69
"AGTGGGAAGGCGTACA",8
"AGTGGGAAGTACGCCC",44
"AGTGGGAAGTCGAGTG",82
"AGTGGGAAGTCGATAA",71
"AGTGGGACACCAGGTC",11
"AGTGGGACACGAGAGT",67
"AGTGGGACAGCCAGAA",25
"AGTGGGACAGGCTCAC",47
"AGTGGGACATCCGGGT",0
"AGTGGGACATTCTTAC",10
"AGTGGGAGTAAACGCG",11
"AGTGGGAGTAAGGATT",71
"AGTGGGAGTACAGCAG",23
"AGTGGGAGTCAAAGAT",57
"AGTGGGAGTCCAACTA",13
"AGTGGGAGTGTGCGTC",52
"AGTGGGAGTTCGGGCT",88
"AGTGGGATCACTTATC",72
"AGTGGGATCAGCCTAA",96
"AGTGGGATCCCACTTG",34
"AGTGGGATCCGCGTTT",79
"AGTGGGATCCTTTCTC",8
"AGTGGGATCTGTCAAG",55
"AGTGGGATCTTAGAGC",67
"AGTGTCAAGAATAGGG",71
"AGTGTCAAGGAGTCTG",1000
"AGTGTCAAGTGCAAGC",72
"AGTGTCAAGTTGTCGT",22
"AGTGTCACAAGAGGCT",29
"AGTGTCACAAGGTTCT",1000
"AGTGTCACACACGCTG",58
"AGTGTCACACCTCGGA",49
"AGTGTCACAGCTTCGG",70
"AGTGTCACAGTACACT",31
"AGTGTCACATAAGACA",47
"AGTGTCACATGCTAGT",1000
"AGTGTCACATTTGCCC",34
"AGTGTCAGTCGAACAG",94
"AGTGTCAGTCTCCACT",11
"AGTGTCAGTCTCTTTA",1000
"AGTGTCAGTGATGTGG",72
"AGTGTCAGTGGCCCTA",60
"AGTGTCATCACGGTTA",1000
"AGTGTCATCATCGCTC",88
"AGTGTCATCCAAAGTC",59
"AGTGTCATCCAACCAA",47
"AGTGTCATCCAGGGCT",78
"AGTGTCATCCTGCAGG",58
"AGTGTCATCGGCGCAT",56
"AGTGTCATCGGCGGTT",1000
"AGTGTCATCGTTTGCC",95
"AGTGTCATCTCGTTTA",87
"AGTGTCATCTGGTGTA",58
"AGTTGGTAGACAGACC",14
"AGTTGGTAGAGTCGGT",82
"AGTTGGTAGCAGCCTC",91
"AGTTGGTAGCCACCTG",23
"AGTTGGTAGGTAAACT",47
"AGTTGGTAGTGCAAGC",71
"AGTTGGTAGTTGCAGG",56
"AGTTGGTCAAGCGCTC",22
"AGTTGGTCACCAGGCT",11
"AGTTGGTCACCCAGTG",1000
"AGTTGGTCACCGCTAG",72
"AGTTGGTCAGGCGATA",37
"AGTTGGTCAGTTCATG",87
"AGTTGGTCATAGAAAC",11
"AGTTGGTCATGGTCAT",72
"AGTTGGTGTAAGCACG",52
"AGTTGGTGTACACCGC",46
"AGTTGGTGTCTGGAGA",1000
"AGTTGGTGTGGTACAG",92
"AGTTGGTGTTCAACCA",1000
"AGTTGGTTCATACGGT",55
"AGTTGGTTCATCTGTT",71
"AGTTGGTTCTGCAAGT",22
"ATAACGCAGCACGCCT",96
"ATAACGCAGCGGATCA",32
"ATAACGCAGCGTGAGT",70
"ATAACGCAGCTAGTTC",94
"ATAACGCAGCTGGAAC",1000
"ATAACGCAGCTTCGCG",19
"ATAACGCAGGAGTTGC",56
"ATAACGCCAATAGCAA",1000
"ATAACGCCAATCTACG",34
"ATAACGCCAATGGTCT",59
"ATAACGCCACAACGTT",24
"ATAACGCCACAGTCGC",41
"ATAACGCCACCGAAAG",47
"ATAACGCCACGGTAGA",84
"ATAACGCCAGCCTGTG",13
"ATAACGCCAGGTGGAT",57
"ATAACGCCATAAGACA",84
"ATAACGCGTAAGGGAA",11
"ATAACGCGTAATTGGA",23
"ATAACGCGTATCTGCA",82
"ATAACGCGTCAGAAGC",1000
"ATAACGCGTCGAACAG",13
"ATAACGCGTCTAGTGT",47
"ATAACGCGTGAAGGCT",55
"ATAACGCGTGTAAGTA",37
"ATAACGCGTTAGAACA",84
"ATAACGCGTTCAGGCC",5
"ATAACGCGTTTGGCGC",58
"ATAACGCTCACCCGAG",59
"ATAACGCTCATGCTCC",19
"ATAACGCTCCTAAGTG",58
"ATAACGCTCGAATGCT",70
"ATAACGCTCGGATGTT",85
"ATAACGCTCTAACCGA",44
"ATAACGCTCTCTTATG",72
"ATAACGCTCTGCGGCA",96
"ATAACGCTCTTTAGTC",7
"ATAAGAGAGACTGTAA",58
"ATAAGAGAGAGCAATT",1000
"ATAAGAGAGATGCCTT",94
"ATAAGAGAGCCCGAAA",2
"ATAAGAGAGCGATAGC",1000
"ATAAGAGAGGCTCATT",46
"ATAAGAGAGGGCATGT",23
"ATAAGAGAGGGTCTCC",50
"ATAAGAGAGGTAAACT",1000
"ATAAGAGAGTCATGCT",20
"ATAAGAGCAAAGGAAG",69
"ATAAGAGCAAGACGTG",58
"ATAAGAGCAATTCCTT",25
"ATAAGAGCACGACGAA",70
"ATAAGAGCACGGATAG",1000
"ATAAGAGCAGGGCATA",63
"ATAAGAGCAGGTCCAC",1000
"ATAAGAGCAGTTAACC",1000
"ATAAGAGCAGTTTACG",91
"ATAAGAGCATAGTAAG",58
"ATAAGAGCATGCGCAC",1000
"ATAAGAGCATGTTGAC",58
"ATAAGAGGTAAAGGAG",7
"ATAAGAGGTAGGGACT",23
"ATAAGAGGTCACACGC",35
"ATAAGAGGTCACCTAA",1000
"ATAAGAGGTCCCGACA",70
"ATAAGAGGTCCTAGCG",46
"ATAAGAGGTGGACGAT",35
"ATAAGAGGTGGTGTAG",37
"ATAAGAGTCATGCAAC",59
"ATAAGAGTCCCTAACC",71
"ATAAGAGTCCGTAGTA",23
"ATAAGAGTCCTAAGTG",65
"ATAAGAGTCGCAGGCT",18
"ATAAGAGTCTGGAGCC",1000
"ATAAGAGTCTTGTATC",90
"ATAGACCAGCAACGGT",72
"ATAGACCAGCAGGCTA",1000
"ATAGACCAGCCCAGCT",1000
"ATAGACCAGGCAGTCA",11
"ATAGACCAGTATCTCG",59
"ATAGACCAGTCCCACG",23
"ATAGACCCAAGGACAC",47
"ATAGACCCAATGACCT",35
"ATAGACCCACAAGCCC",92
"ATAGACCCACGACTCG",94
"ATAGACCCACTGTCGG",43
"ATAGACCCAGCATACT",20
"ATAGACCCAGTTTACG",71
"ATAGACCCATCTATGG",46
"ATAGACCCATGCCTTC",25
"ATAGACCCATGGTTGT",45
"ATAGACCCATTGAGCT",57
"ATAGACCGTACCAGTT",11
"ATAGACCGTACCCAAT",19
"ATAGACCGTACCGCTG",94
"ATAGACCGTATCGCAT",1000
"ATAGACCGTCAAAGCG",9
"ATAGACCGTTATGTGC",55
"ATAGACCGTTGCGTTA",48
"ATAGACCTCAATACCG",82
"ATAGACCTCAGGTAAA",47
"ATAGACCTCCAGGGCT",13
"ATAGACCTCCGAATGT",35
"ATAGACCTCGTCCAGG",11
"ATAGACCTCTATCCCG",82
"ATCACGAAGATACACA",58
"ATCACGAAGCCACCTG",57
"ATCACGAAGCGTGAGT",21
"ATCACGAAGGCGATAC",10
"ATCACGAAGGCTAGGT",82
"ATCACGAAGTCTCAAC",50
"ATCACGACAATACGCT",25
"ATCACGACACAACTGT",68
"ATCACGACACAGGTTT",34
"ATCACGACACATTAGC",22
"ATCACGACACTGTCGG",80
"ATCACGACAGTTTACG",1000
"ATCACGACATGTAGTC",11
"ATCACGACATTCTCAT",21
"ATCACGAGTAAGGATT",1
"ATCACGAGTATCGCAT",37
"ATCACGAGTCGCATCG",94
"ATCACGAGTGCGCTTG",19
"ATCACGAGTGCTCTTC",32
"ATCACGAGTGGGTATG",20
"ATCACGAGTGTGAATA",1000
"ATCACGAGTGTTGAGG",68
"ATCACGAGTTCTGGTA",71
"ATCACGAGTTTGGCGC",43
"ATCACGATCCACGTGG",10
"ATCACGATCCCACTTG",20
"ATCACGATCGCACTCT",1000
"ATCACGATCGCCAAAT",59
"ATCACGATCTAGCACA",48
"ATCACGATCTGGCGAC",58
"ATCATCTAGATGCCTT",94
"ATCATCTAGCACCGTC",71
"ATCATCTAGCGAGAAA",45
"ATCATCTAGGCAAAGA",53
"ATCATCTCAAGCCGCT",58
"ATCATCTCACAGACTT",55
"ATCATCTCAGTCGTGC",59
"ATCATCTCAGTGGAGT",43
"ATCATCTCATACGCTA",71
"ATCATCTCATCAGTCA",64
"ATCATCTGTAAGCACG",44
"ATCATCTGTACTCAAC",59
"ATCATCTGTAGCTTGT",64
"ATCATCTGTCACTGGC",91
"ATCATCTGTGTGAAAT",10
"ATCATCTGTTCAGGCC",14
"ATCATCTGTTTGACTG",23
"ATCATCTTCAAGCCTA",95
"ATCATCTTCACCTCGT",1000
"ATCATCTTCAGCCTAA",1000
"ATCATCTTCATTATCC",94
"ATCATCTTCCACTGGG",70
"ATCATCTTCCTCTAGC",67
"ATCATCTTCTCGATGA",1
"ATCATGGAGAAACGCC",31
"ATCATGGAGACTGGGT",61
"ATCATGGAGATGTGTA",70
"ATCATGGAGCTCTCGG",32
"ATCATGGAGCTGCAAG",35
"ATCATGGAGGCCCGTT",29
"ATCATGGAGGGCATGT",71
"ATCATGGAGTGCGTGA",13
"ATCATGGCAAGCCGCT",82
"ATCATGGCAATGAATG",1000
"ATCATGGCAATGACCT",94
"ATCATGGCAATGGAGC",32
"ATCATGGCAATTCCTT",82
"ATCATGGCACATCTTT",70
"ATCATGGCAGAAGCAC",31
"ATCATGGCAGCTCCGA",59
"ATCATGGCAGCTTAAC",10
"ATCATGGCAGTATAAG",1000
"ATCATGGCATACGCCG",90
"ATCATGGCATTAGGCT",81
"ATCATGGGTAGCACGA",11
"ATCATGGGTAGCGATG",35
"ATCATGGGTATAAACG",1000
"ATCATGGGTCAGATAA",53
"ATCATGGGTCGATTGT",10
"ATCATGGGTCGGCTCA",37
"ATCATGGGTCTTCAAG",1000
"ATCATGGGTGAAATCA",86
"ATCATGGGTTAAGGGC",47
"ATCATGGTCAAACCAC",53
"ATCATGGTCACTTCAT",47
"ATCATGGTCAGCTCGG",72
"ATCATGGTCCAAGTAC",31
"ATCATGGTCCGTACAA",82
"ATCATGGTCGATAGAA",35
"ATCATGGTCGATGAGG",35
"ATCATGGTCTGCGTAA",87
"ATCATGGTCTTAACCT",34
"ATCATGGTCTTCGGTC",22
"ATCCACCAGACTACAA",70
"ATCCACCAGCGGCTTC",57
"ATCCACCAGCGTTGCC",80
"ATCCACCAGCTGTTCA",53
"ATCCACCAGGAGTACC",1000
"ATCCACCAGGCTAGGT",11
"ATCCACCAGTCGTACT",76
"ATCCACCAGTGGACGT",75
"ATCCACCAGTGGAGAA",82
"ATCCACCCAACTGCGC",25
"ATCCACCCAACTGCTA",71
"ATCCACCCAAGTAATG",1000
"ATCCACCCAATGGAGC",22
"ATCCACCCACATTCGA",70
"ATCCACCCACCCTATC",1000
"ATCCACCCACCTCGTT",43
"ATCCACCCAGATCCAT",32
"ATCCACCCATGGTTGT",32
"ATCCACCGTACCCAAT",11
"ATCCACCGTAGCGCTC",23
"ATCCACCGTGAGGGAG",1000
"ATCCACCGTGAGGGTT",22
"ATCCACCGTGATGTGG",23
"ATCCACCGTGTCCTCT",58
"ATCCACCGTTGTTTGG",20
"ATCCACCTCATGCTCC",55
"ATCCACCTCATTATCC",10
"ATCCACCTCGAATGGG",11
"ATCCACCTCGCCGTGA",89
"ATCCACCTCGCTTGTC",31
"ATCCACCTCGTAGGAG",11
"ATCCACCTCGTCTGCT",93
"ATCCGAAAGAAACGAG",2
"ATCCGAAAGCATCATC",79
"ATCCGAAAGCCAACAG",84
"ATCCGAAAGCCAGTTT",1000
"ATCCGAAAGCCTTGAT",1000
"ATCCGAAAGCGTGTCC",91
"ATCCGAAAGCTAGTGG",11
"ATCCGAAAGGCGCTCT",82
"ATCCGAAAGTACACCT",1000
"ATCCGAAAGTAGCGGT",10
"ATCCGAAAGTATCGAA",92
"ATCCGAAAGTCGAGTG",59
"ATCCGAAAGTGATCGG",71
"ATCCGAAAGTGCCAGA",23
"ATCCGAAAGTTAACGA",22
"ATCCGAACAAAGTCAA",84
"ATCCGAACAGACGCTC",57
"ATCCGAACAGCCTTTC",59
"ATCCGAACAGTACACT",94
"ATCCGAACATCCGTGG",47
"ATCCGAACATGACATC",1000
"ATCCGAACATTGGTAC",83
"ATCCGAAGTATCACCA",70
"ATCCGAAGTCAGATAA",74
"ATCCGAAGTCCATCCT",70
"ATCCGAAGTCTTCAAG",49
"ATCCGAAGTTAAGTAG",1000
"ATCCGAAGTTCACCTC",1000
"ATCCGAAGTTCCATGA",82
"ATCCGAAGTTGTCTTT",95
"ATCCGAATCAAACGGG",1000
"ATCCGAATCACTATTC",37
"ATCCGAATCAGAGACG",55
"ATCCGAATCCGAATGT",1000
"ATCCGAATCGCCAGCA",85
"ATCCGAATCGTACGGC",23
"ATCCGAATCGTCGTTC",10
"ATCCGAATCGTCTGCT",95
"ATCGAGTAGACACGAC",77
"ATCGAGTAGAGCCTAG",59
"ATCGAGTAGATCTGCT",6
"ATCGAGTAGGATATAC",81
"ATCGAGTAGGCTACGA",71
"ATCGAGTAGGGCTCTC",59
"ATCGAGTAGTAGATGT",58
"ATCGAGTAGTGCGTGA",75
"ATCGAGTAGTGGAGAA",1000
"ATCGAGTAGTTACGGG",32
"ATCGAGTCAAGCTGAG",35
"ATCGAGTCACGACGAA",60
"ATCGAGTCAGCGAACA",1000
"ATCGAGTCAGCTGTAT",82
"ATCGAGTCAGGCTGAA",91
"ATCGAGTCAGTCGATT",10
"ATCGAGTCAGTTAACC",69
"ATCGAGTCAGTTCCCT",25
"ATCGAGTGTAGCTAAA",56
"ATCGAGTGTATAAACG",25
"ATCGAGTGTCAGAATA",35
"ATCGAGTGTCTCCATC",44
"ATCGAGTGTTCGGCAC",23
"ATCGAGTTCAACGAAA",19
"ATCGAGTTCAGAAATG",1000
"ATCGAGTTCCACGTGG",36
"ATCGAGTTCCATGAAC",14
"ATCGAGTTCGGAATCT",64
"ATCGAGTTCTCTTATG",2
"ATCTACTAGAATGTGT",61
"ATCTACTAGCGGATCA",84
"ATCTACTAGCGTAATA",22
"ATCTACTAGGAGCGAG",10
"ATCTACTAGGGCTCTC",1000
"ATCTACTCAACGCACC",11
"ATCTACTCAATTGCTG",85
"ATCTACTCACAGTCGC",34
"ATCTACTCACGGCTAC",81
"ATCTACTCAGCATACT",75
"ATCTACTCAGCTCGCA",30
"ATCTACTCAGTCCTTC",34
"ATCTACTCATCACGTA",57
"ATCTACTCATCGGGTC",10
"ATCTACTCATCTATGG",73
"ATCTACTCATGGGAAC",44
"ATCTACTGTACAAGTA",92
"ATCTACTGTAGCCTAT",60
"ATCTACTGTAGCGTGA",37
"ATCTACTGTAGGCATG",21
"ATCTACTGTATAGTAG",37
"ATCTACTGTCAACTGT",11
"ATCTACTGTCGCATAT",58
"ATCTACTGTCTCAACA",1000
"ATCTACTGTCTTCGTC",77
"ATCTACTGTGATGTGG",1000
"ATCTACTGTGCCTGTG",13
"ATCTACTGTGTTAAGA",47
"ATCTACTGTTACCAGT",58
"ATCTACTGTTCAGCGC",72
"ATCTACTGTTCCACGG",51
"ATCTACTGTTCGGGCT",84
"ATCTACTGTTGAGGTG",94
"ATCTACTTCATACGGT",1000
"ATCTACTTCCAAATGC",57
"ATCTGCCAGAAACCAT",96
"ATCTGCCAGCGTCAAG",96
"ATCTGCCAGCGTTTAC",84
"ATCTGCCAGCTGCCCA",1000
"ATCTGCCAGGGTGTTG",20
"ATCTGCCAGGTGATAT",5
"ATCTGCCAGTCGTTTG",32
"ATCTGCCCACAAGACG",60
"ATCTGCCCACAAGCCC",50
"ATCTGCCCACCCATTC",70
"ATCTGCCCAGATAATG",57
"ATCTGCCCAGATCTGT",74
"ATCTGCCCAGGGTACA",59
"ATCTGCCCATGGGAAC",44
"ATCTGCCCATTACCTT",9
"ATCTGCCGTAACGACG",1000
"ATCTGCCGTACGCACC",1000
"ATCTGCCGTCCGTTAA",47
"ATCTGCCGTCGTGGCT",58
"ATCTGCCGTGAGGGAG",69
"ATCTGCCGTGGTACAG",46
"ATCTGCCGTGTGTGCC",1000
"ATCTGCCGTTAAGATG",35
"ATCTGCCGTTCCAACA",86
"ATCTGCCGTTCCTCCA",11
"ATCTGCCTCAGCCTAA",1000
"ATCTGCCTCGGCGCTA",58
"ATCTGCCTCGTGACAT",46
"ATCTGCCTCTTGTATC",82
"ATGAGGGAGAGAGCTC",35
"ATGAGGGAGCCGCCTA",72
"ATGAGGGAGCGATGAC",11
"ATGAGGGAGCGCTTAT",59
"ATGAGGGAGCGTTTAC",76
"ATGAGGGAGGGCATGT",94
"ATGAGGGAGTAACCCT",2
"ATGAGGGAGTACGTAA",92
"ATGAGGGAGTCAAGGC",11
"ATGAGGGAGTGGGATC",91
"ATGAGGGCACTGTTAG",14
"ATGAGGGCATCTCGCT",18
"ATGAGGGGTAAGGATT",31
"ATGAGGGGTCCTCTTG",33
"ATGAGGGGTCGCTTTC",79
"ATGAGGGGTGAGGGTT",82
"ATGAGGGGTGTCGCTG",56
"ATGAGGGGTGTGGTTT",94
"ATGAGGGGTTAAGGGC",26
"ATGAGGGTCCACGTTC",1
"ATGAGGGTCCGAATGT",80
"ATGAGGGTCGATCCCT",35
"ATGAGGGTCGGCGCAT",35
"ATGAGGGTCTATCGCC",84
"ATGAGGGTCTTATCTG",72
"ATGAGGGTCTTGCCGT",29
"ATGCGATAGACAGACC",53
"ATGCGATAGCACAGGT",1000
"ATGCGATAGCCGATTT",81
"ATGCGATAGCGCCTTG",85
"ATGCGATAGGATGTAT",1000
"ATGCGATAGGTGCACA",85
"ATGCGATAGTCCTCCT",23
"ATGCGATAGTGCGTGA",84
"ATGCGATAGTTACCCA",82
"ATGCGATCAAGCGCTC",74
"ATGCGATCACAGCCCA",94
"ATGCGATCACGGTTTA",18
"ATGCGATCACTACAGT",79
"ATGCGATCACTGTGTA",49
"ATGCGATCAGACGCCT",28
"ATGCGATCAGCCTGTG",60
"ATGCGATCAGTAAGAT",51
"ATGCGATCATCCGTGG",21
"ATGCGATCATGGTAGG",1
"ATGCGATCATTCCTGC",93
"ATGCGATCATTGTGCA",72
"ATGCGATGTAAGAGAG",74
"ATGCGATGTAGCGCTC",20
"ATGCGATGTCCAGTTA",59
"ATGCGATGTCCGACGT",1
"ATGCGATGTCTCATCC",1
"ATGCGATGTCTGATTG",58
"ATGCGATGTCTGGTCG",20
"ATGCGATGTGACTACT",44
"ATGCGATGTGCCTTGG",70
"ATGCGATGTGTGCCTG",72
"ATGCGATTCAACGGGA",70
"ATGCGATTCAAGATCC",81
"ATGCGATTCACCAGGC",72
"ATGCGATTCAGTTCGA",25
"ATGCGATTCCACTGGG",70
"ATGCGATTCCCTCAGT",37
"ATGCGATTCCGCAGTG",19
"ATGCGATTCCTTCAAT",23
"ATGGGAGAGACGCAAC",46
"ATGGGAGAGATGTGGC",26
"ATGGGAGAGCGTCTAT",83
"ATGGGAGAGCTTATCG",36
"ATGGGAGAGGATGTAT",94
"ATGGGAGAGTCATCCA",11
"ATGGGAGAGTGAACAT",1
"ATGGGAGCAAGTTCTG",45
"ATGGGAGCAAGTTGTC",93
"ATGGGAGCACATTCGA",1000
"ATGGGAGCACGCCAGT",82
"ATGGGAGCACTCTGTC",72
"ATGGGAGCAGGTCCAC",43
"ATGGGAGCAGTCGTGC",96
"ATGGGAGCAGTGGAGT",1
"ATGGGAGCATGCTAGT",19
"ATGGGAGGTAATCGTC",11
"ATGGGAGGTATAGTAG",95
"ATGGGAGGTGCCTTGG",37
"ATGGGAGGTGTTCTTT",19
"ATGGGAGGTTCAACCA",31
"ATGGGAGTCAGGTTCA",83
"ATGGGAGTCCCTAACC",83
"ATGGGAGTCCTACAGA",11
"ATGGGAGTCGGGAGTA",94
"ATGGGAGTCTGACCTC",94
"ATGGGAGTCTGGTGTA",67
"ATGGGAGTCTGTCAAG",32
"ATGTGTGAGAAGGACA",44
"ATGTGTGAGAGACGAA",34
"ATGTGTGAGTTATCGC",32
"ATGTGTGCACAAGCCC",89
"ATGTGTGCACCGAATT",23
"ATGTGTGCACGAAGCA",57
"ATGTGTGCACGGTGTC",22
"ATGTGTGCACTGCCAG",1
"ATGTGTGCACTGTCGG",66
"ATGTGTGCATGTCGAT",20
"ATGTGTGGTAACGCGA",79
"ATGTGTGGTAGCTAAA",1000
"ATGTGTGGTCCGAGTC",95
"ATGTGTGGTCTCACCT",83
"ATGTGTGGTGGCAAAC",70
"ATGTGTGGTGTCGCTG",8
"ATGTGTGTCACAATGC",1000
"ATGTGTGTCACATACG",60
"ATGTGTGTCCGAATGT",10
"ATGTGTGTCCTAGAAC",43
"ATTACTCAGAGCTGCA",29
"ATTACTCAGATCTGCT",95
"ATTACTCAGCCAACAG",71
"ATTACTCAGCCCGAAA",35
"ATTACTCAGGAATGGA",59
"ATTACTCAGGACTGGT",34
"ATTACTCAGGCAAAGA",13
"ATTACTCAGGCTATCT",71
"ATTACTCAGTCTTGCA",29
"ATTACTCCAAGGCTCC",18
"ATTACTCCACACCGCA",50
"ATTACTCCACACTGCG",2
"ATTACTCCACGCCAGT",22
"ATTACTCCACGGACAA",67
"ATTACTCCAGATTGCT",0
"ATTACTCCAGGTCTCG",88
"ATTACTCCAGTTTACG",74
"ATTACTCCATATACGC",1000
"ATTACTCGTAACGCGA",1000
"ATTACTCGTACGAAAT",37
"ATTACTCGTGTAAGTA",96
"ATTACTCGTGTATGGG",14
"ATTACTCGTTTGGGCC",22
"ATTACTCTCACATACG",70
"ATTACTCTCAGGCGAA",70
"ATTACTCTCATACGGT",38
"ATTACTCTCATCTGTT",59
"ATTACTCTCCGCGCAA",23
"ATTACTCTCCTTAATC",59
"ATTACTCTCGACAGCC",61
"ATTACTCTCGCCATAA",60
"ATTACTCTCGGGAGTA",44
"ATTACTCTCGTTGACA",13
"ATTACTCTCTAGAGTC",23
"ATTATCCAGACAGGCT",71
"ATTATCCAGACGCAAC",22
"ATTATCCAGATATGGT",15
"ATTATCCAGATCCCAT",84
"ATTATCCAGCCCGAAA",32
"ATTATCCAGCGTGTCC",23
"ATTATCCAGGCTAGCA",84
"ATTATCCCAAAGGCGT",71
"ATTATCCCAAGCGCTC",96
"ATTATCCCAAGGACAC",67
"ATTATCCCAATAGCGG",54
"ATTATCCCACCTATCC",10
"ATTATCCCATCACCCT",34
"ATTATCCCATCGGACC",35
"ATTATCCCATCGTCGG",70
"ATTATCCCATGAGCGA",60
"ATTATCCCATGGTCTA",1000
"ATTATCCCATTTGCCC",1000
"ATTATCCGTAGTACCT",23
"ATTATCCGTCGACTGC",1000
"ATTATCCGTCGCATAT",72
"ATTATCCGTCTCCACT",1000
"ATTATCCGTCTTCGTC",22
"ATTATCCTCAAACAAG",1000
"ATTATCCTCAAGATCC",1000
"ATTATCCTCAAGGCTT",23
"ATTATCCTCACTATTC",21
"ATTATCCTCACTCCTG",1000
"ATTATCCTCCGATATG",45
"ATTATCCTCGCATGGC",68
"ATTATCCTCGTTTAGG",11
"ATTATCCTCTTATCTG",92
"ATTATCCTCTTGTTTG",94
"ATTCTACAGACTTGAA",1000
"ATTCTACAGAGTCGGT",43
"ATTCTACAGGGTTCCC",36
"ATTCTACAGTGGAGTC",34
"ATTCTACAGTGTTGAA",23
"ATTCTACCAATGACCT",44
"ATTCTACCAATTGCTG",11
"ATTCTACCACAAGCCC",44
"ATTCTACCACAGCCCA",13
"ATTCTACCACCCAGTG",80
"ATTCTACCACCGATAT",2
"ATTCTACCACTACAGT",58
"ATTCTACCAGTAAGCG",62
"ATTCTACCATGGATGG",94
"ATTCTACCATGTCTCC",92
"ATTCTACGTACAGTGG",37
"ATTCTACGTACGCTGC",20
"ATTCTACGTCCGTTAA",11
"ATTCTACGTCTCGTTC",34
"ATTCTACGTTCAGCGC",84
"ATTCTACTCAGTGTTG",94
"ATTCTACTCCAAGTAC",13
"ATTCTACTCCAGATCA",60
"ATTCTACTCCGCTGTT",72
"ATTCTACTCGCAAGCC",84
"ATTCTACTCTGGTATG",69
"ATTGGACAGAAACCTA",58
"ATTGGACAGAAGGTTT",67
"ATTGGACAGAGGTTGC",1000
"ATTGGACAGATGTGTA",93
"ATTGGACAGCAAATCA",75
"ATTGGACAGCGTGAGT",18
"ATTGGACAGTAGGTGC",48
"ATTGGACCAAGTCATC",81
"ATTGGACCAAGTCTGT",94
"ATTGGACCACAGTCGC",83
"ATTGGACCACATGGGA",58
"ATTGGACCACGAAGCA",11
"ATTGGACCAGCTCCGA",71
"ATTGGACCATGCAACT",13
"ATTGGACGTATAAACG",95
"ATTGGACGTCCGAAGA",58
"ATTGGACGTCCGTCAG",23
"ATTGGACGTGACTCAT",23
"ATTGGACGTTGCCTCT",2
"ATTGGACTCACGGTTA",49
"ATTGGACTCAGGATCT",23
"ATTGGACTCCATTCTA",35
"ATTGGACTCCGCATAA",59
"ATTGGACTCCTTGCCA",1000
"ATTGGACTCGTGGGAA",23
"ATTGGACTCGTTTATC",1000
"ATTGGACTCTGATTCT",80
"ATTGGACTCTGTCAAG",94
"ATTGGACTCTGTTTGT",41
"ATTGGACTCTTCTGGC",1000
"ATTGGTGAGAAGGGTA",2
"ATTGGTGAGAGAGCTC",1000
"ATTGGTGAGCGATTCT",31
"ATTGGTGAGCTGAAAT",19
"ATTGGTGAGTGCGATG",8
"ATTGGTGAGTTACCCA",11
"ATTGGTGCACAGGCCT",71
"ATTGGTGCACGACTCG",1000
"ATTGGTGCATATACCG",57
"ATTGGTGCATATGGTC",1000
"ATTGGTGCATCAGTAC",10
"ATTGGTGCATCCGGGT",1000
"ATTGGTGGTTCCCGAG",2
"ATTGGTGGTTTGTTGG",94
"ATTGGTGTCACCATAG",11
"ATTGGTGTCACCGGGT",19
"ATTGGTGTCAGCATGT",48
"ATTGGTGTCCGTAGTA",61
"ATTGGTGTCGACAGCC",94
"ATTGGTGTCGCCGTGA",60
"ATTGGTGTCTCGGACG",94
"ATTTCTGAGAGCTATA",73
"ATTTCTGAGATCCGAG",59
"ATTTCTGAGATCCTGT",85
"ATTTCTGAGCTAGTTC",53
"ATTTCTGAGGAGTAGA",23
"ATTTCTGAGGTCATCT",22
"ATTTCTGAGTGGGCTA",37
"ATTTCTGCAACACGCC",80
"ATTTCTGCAAGCCCAC",84
"ATTTCTGCAAGTTCTG",60
"ATTTCTGCAATCACAC",32
"ATTTCTGCAGCTCGAC",93
"ATTTCTGCATAGACTC",81
"ATTTCTGCATCCGTGG",19
"ATTTCTGGTAGAAGGA",37
"ATTTCTGGTAGCACGA",1000
"ATTTCTGGTCTCCCTA",44
"ATTTCTGGTCTGATTG",56
"ATTTCTGGTGACGCCT",37
"ATTTCTGTCAATAAGG",82
"ATTTCTGTCACAACGT",1000
"ATTTCTGTCACGAAGG",92
"ATTTCTGTCATTGCCC",61
"ATTTCTGTCCGCATAA",1000
"ATTTCTGTCCTTGGTC",62
"ATTTCTGTCGTGACAT",77
"ATTTCTGTCTCGGACG",91
"ATTTCTGTCTTGTACT",96
"ATTTCTGTCTTGTTTG",20
"CAACCAAAGAGCTGCA",81
"CAACCAAAGAGCTTCT",23
"CAACCAAAGCGCTTAT",60
"CAACCAAAGCTAAACA",82
"CAACCAAAGGTTCCTA",87
"CAACCAAAGTAGGTGC",46
"CAACCAAAGTGGACGT",87
"CAACCAACACATTCGA",95
"CAACCAACACGGCCAT",47
"CAACCAACATAAGACA",55
"CAACCAAGTAGATTAG",90
"CAACCAAGTAGGAGTC",11
"CAACCAAGTCAATGTC",1000
"CAACCAAGTCATGCCG",74
"CAACCAAGTCGTCTTC",11
"CAACCAAGTGCCTGTG",71
"CAACCAAGTTCCATGA",70
"CAACCAAGTTTAAGCC",10
"CAACCAAGTTTCCACC",11
"CAACCAAGTTTGTTTC",89
"CAACCAATCCGCGCAA",58
"CAACCAATCCGCGGTA",68
"CAACCAATCCTTCAAT",45
"CAACCTCAGCAGGCTA",56
"CAACCTCAGCTGATAA",96
"CAACCTCAGGACACCA",58
"CAACCTCAGGATGCGT",22
"CAACCTCAGGCATGGT",20
"CAACCTCAGTTTGCGT",94
"CAACCTCCAACTGGCC",94
"CAACCTCCAAGGACAC",10
"CAACCTCCAAGGTGTG",58
"CAACCTCCAATGGAAT",46
"CAACCTCCAATGTTGC",73
"CAACCTCCACCGTTGG",8
"CAACCTCCAGTACACT",1000
"CAACCTCCATCAGTCA",47
"CAACCTCCATCCTTGC",36
"CAACCTCGTAGCGTCC",22
"CAACCTCGTGCTTCTC",1000
"CAACCTCGTTCAGACT",84
"CAACCTCGTTCCATGA",8
"CAACCTCTCAATAAGG",44
"CAACCTCTCACAACGT",84
"CAACCTCTCACCTTAT",1000
"CAACCTCTCACGACTA",63
"CAACCTCTCCAAAGTC",1
"CAACCTCTCCGTTGCT",81
"CAACCTCTCCTAGTGA",94
"CAACCTCTCGCGCCAA",74
"CAACCTCTCGTGGACC",10
"CAACCTCTCTACGAGT",71
"CAACCTCTCTGTTGAG",47
"CAACCTCTCTTGTACT",86
"CAACTAGAGAACTCGG",57
"CAACTAGAGAGCAATT",24
"CAACTAGAGATCCCGC",82
"CAACTAGAGCAAATCA",1000
"CAACTAGAGCAGATCG",95
"CAACTAGAGCCTTGAT",56
"CAACTAGAGCGCCTTG",1000
"CAACTAGAGCTGCAAG",96
"CAACTAGAGGAATGGA",14
"CAACTAGAGGAGCGAG",76
"CAACTAGAGGCTAGCA",80
"CAACTAGCAACTTGAC",1000
"CAACTAGCATACTACG",11
"CAACTAGCATCCCATC",21
"CAACTAGGTACCAGTT",1000
"CAACTAGGTAGGGACT",22
"CAACTAGGTCTCGTTC",20
"CAACTAGGTTCGTTGA",95
"CAACTAGGTTGATTCG",8
"CAACTAGGTTTGTTTC",69
"CAACTAGTCAAACCGT",90
"CAACTAGTCACGACTA",45
"CAACTAGTCAGAGACG",72
"CAACTAGTCCAAACTG",94
"CAACTAGTCCAACCAA",1000
"CAACTAGTCCTCATTA",92
"CAACTAGTCCTCTAGC",58
"CAACTAGTCCTTGCCA",94
"CAACTAGTCTAACCGA",73
"CAACTAGTCTACTCAT",43
"CAACTAGTCTCCCTGA",56
"CAAGAAAAGCTAGCCC",29
"CAAGAAAAGGAACTGC",1000
"CAAGAAAAGGCAGTCA",82
"CAAGAAAAGTGAAGAG",1000
"CAAGAAAAGTGCGTGA",84
"CAAGAAACAACAACCT",25
"CAAGAAACAACTGCTA",2
"CAAGAAACAAGAGTCG",51
"CAAGAAACAAGCCATT",22
"CAAGAAACACCCATGG",39
"CAAGAAACACGTAAGG",90
"CAAGAAACAGCGAACA",8
"CAAGAAACAGTAGAGC",70
"CAAGAAAGTAAATACG",1000
"CAAGAAAGTAATCACC",95
"CAAGAAAGTACGCACC",1000
"CAAGAAAGTAGGGACT",1000
"CAAGAAAGTCATGCAT",19
"CAAGAAAGTGATGTGG",44
"CAAGAAAGTGTTCGAT",82
"CAAGAAAGTTCCCTTG",55
"CAAGAAAGTTTGCATG",23
"CAAGAAAGTTTGGCGC",22
"CAAGAAAGTTTGGGCC",35
"CAAGAAATCACTGGGC",35
"CAAGAAATCCGCATCT",23
"CAAGAAATCTGCTTGC",39
"CAAGATCAGAATTGTG",48
"CAAGATCAGACCACGA",1000
"CAAGATCAGAGGACGG",72
"CAAGATCAGCGGATCA",1000
"CAAGATCAGGTTACCT",13
"CAAGATCCAAACGCGA",83
"CAAGATCCAATGTTGC",47
"CAAGATCCAGTCAGAG",1000
"CAAGATCCATGTCGAT",26
"CAAGATCCATTTGCCC",24
"CAAGATCGTAACGCGA",62
"CAAGATCGTATAGGGC",25
"CAAGATCGTATATCCG",46
"CAAGATCGTATTAGCC",66
"CAAGATCGTCATACTG",96
"CAAGATCGTCCCTACT",1000
"CAAGATCGTCCGACGT",1000
"CAAGATCGTGCCTGGT",1
"CAAGATCGTGCTCTTC",11
"CAAGATCGTTAGAACA",58
"CAAGATCGTTCACGGC",84
"CAAGATCTCACCTTAT",84
"CAAGATCTCACTGGGC",10
"CAAGATCTCAGTCCCT",61
"CAAGATCTCATGCATG",58
"CAAGATCTCTCATTCA",94
"CAAGGCCAGAATGTTG",57
"CAAGGCCAGCGTCTAT",52
"CAAGGCCAGGCGCTCT",58
"CAAGGCCAGTGCAAGC",46
"CAAGGCCAGTGGAGTC",59
"CAAGGCCAGTGTTAGA",1000
"CAAGGCCCAAGCTGTT",58
"CAAGGCCCAAGGTTCT",1000
"CAAGGCCCAATCAGAA",93
"CAAGGCCCACCTATCC",35
"CAAGGCCCACGGCCAT",61
"CAAGGCCCACGGTAAG",35
"CAAGGCCCAGTCCTTC",84
"CAAGGCCCAGTGGGAT",71
"CAAGGCCCATCAGTCA",37
"CAAGGCCCATCGGACC",92
"CAAGGCCGTAACGTTC",72
"CAAGGCCGTAAGTGTA",23
"CAAGGCCGTTCACGGC",72
"CAAGGCCTCAAGGCTT",70
"CAAGGCCTCACATACG",1000
"CAAGGCCTCATACGGT",51
"CAAGGCCTCGCCCTTA",33
"CAAGGCCTCGGCCGAT",22
"CAAGGCCTCTATCCTA",1
"CAAGGCCTCTCATTCA",72
"CAAGGCCTCTGATACG",23
"CAAGTTGAGACTCGGA",68
"CAAGTTGAGACTGTAA",94
"CAAGTTGAGAGCTGCA",82
"CAAGTTGAGAGTACAT",1000
"CAAGTTGAGCAAATCA",1000
"CAAGTTGAGCAGGCTA",19
"CAAGTTGAGCCATCGC",23
"CAAGTTGAGCCCTAAT",58
"CAAGTTGAGCTGTCTA",88
"CAAGTTGAGGCAGGTT",72
"CAAGTTGAGGGCACTA",64
"CAAGTTGAGGGTCGAT",11
"CAAGTTGAGGGTTCCC",70
"CAAGTTGAGGTAGCTG",95
"CAAGTTGCAAGCTGTT",35
"CAAGTTGCAGCGTAAG",58
"CAAGTTGCAGCTGCAC",1000
"CAAGTTGCAGGCTCAC",94
"CAAGTTGCAGTATCTG",53
"CAAGTTGCAGTCCTTC",58
"CAAGTTGCATAGACTC",10
"CAAGTTGGTAGCGATG",73
"CAAGTTGGTCAGCTAT",1
"CAAGTTGGTCGACTGC",61
"CAAGTTGGTGCCTGGT",36
"CAAGTTGGTGGGTATG",64
"CAAGTTGTCACATACG",11
"CAAGTTGTCAGTCAGT",47
"CAAGTTGTCAGTGCAT",1000
"CAAGTTGTCATCGCTC",56
"CAAGTTGTCGACCAGC",94
"CAAGTTGTCGGAGGTA",21
"CAAGTTGTCTTGTACT",47
"CACAAACAGAAAGTGG",11
"CACAAACAGAAGAAGC",13
"CACAAACAGAATCTCC",9
"CACAAACAGACCCACC",95
"CACAAACAGAGGTAGA",58
"CACAAACAGATGCCAG",56
"CACAAACAGCAATCTC",1000
"CACAAACAGCACACAG",59
"CACAAACAGCGATTCT",56
"CACAAACAGTCTCAAC",57
"CACAAACAGTGCGTGA",53
"CACAAACAGTGTCTCA",71
"CACAAACAGTTAAGTG",53
"CACAAACCAAAGTCAA",32
"CACAAACCAAGTCTGT",35
"CACAAACCACGTAAGG",34
"CACAAACCAGATGAGC",94
"CACAAACCAGGATTGG",72
"CACAAACCAGGCTGAA",34
"CACAAACCATCACGAT",94
"CACAAACCATCTGGTA",95
"CACAAACGTAACGTTC",19
"CACAAACGTAAGTAGT",44
"CACAAACGTGAAGGCT",13
"CACAAACGTGCGCTTG",20
"CACAAACGTTATCCGA",62
"CACAAACTCAATAAGG",11
"CACAAACTCACCAGGC",19
"CACAAACTCACGCGGT",72
"CACAAACTCATAGCAC",11
"CACAAACTCCTCCTAG",1000
"CACAAACTCGCGTAGC",91
"CACAAACTCGTTTGCC",58
"CACAAACTCTACTCAT",1000
"CACAAACTCTTGAGGT",82
"CACAAACTCTTGTATC",79
"CACACAAAGATCGATA",82
"CACACAAAGCTAACAA",21
"CACACAAAGGAACTGC",1000
"CACACAAAGGCAATTA",2
"CACACAAAGTTCGATC",69
"CACACAACAATTCCTT",20
"CACACAACACAAGTAA",7
"CACACAACACTCAGGC",1000
"CACACAACATCTATGG",70
"CACACAACATGTCCTC",32
"CACACAAGTATGGTTC",47
"CACACAAGTCAAACTC",96
"CACACAAGTCCGTGAC",71
"CACACAAGTGTTCGAT",1000
"CACACAATCAGAGACG",13
"CACACAATCAGCTCGG",31
"CACACAATCATGCAAC",46
"CACACAATCATTATCC",71
"CACACAATCCACGACG",94
"CACACAATCCCTAATT",45
"CACACAATCGAACTGT",58
"CACACAATCGCAAGCC",29
"CACACAATCGTCCAGG",55
"CACACAATCGTTGCCT",2
"CACACAATCTGACCTC",50
"CACACAATCTGCTTGC",58
"CACACCTAGAGACTAT",80
"CACACCTAGCTTCGCG",22
"CACACCTAGGCCGAAT",82
"CACACCTAGTAATCCC",58
"CACACCTAGTATTGGA",47
"CACACCTCAAGCTGTT",31
"CACACCTCACTAGTAC",55
"CACACCTCAGACAGGT",22
"CACACCTCAGCGATCC",43
"CACACCTGTAAGGGCT",1000
"CACACCTGTAGATTAG",37
"CACACCTGTATCTGCA",2
"CACACCTGTATTAGCC",20
"CACACCTGTCAACTGT",95
"CACACCTGTCGAACAG",11
"CACACCTGTGAGCGAT",53
"CACACCTTCACAGGCC",46
"CACACCTTCACTGGGC",70
"CACACCTTCATAAAGG",70
"CACACCTTCATCGATG",35
"CACACCTTCCCTAATT",56
"CACACCTTCCCTCAGT",82
"CACACCTTCCCTTGTG",87
"CACACCTTCGAATGCT",71
"CACACCTTCTGTCTCG",96
"CACACCTTCTTGAGAC",71
"CACACCTTCTTGCATT",96
"CACACTCAGCAGCCTC",1000
"CACACTCAGCCTTGAT",59
"CACACTCAGGCAGGTT",58
"CACACTCAGGTACTCT",84
"CACACTCAGGTGATAT",70
"CACACTCAGGTGTTAA",20
"CACACTCAGTACGTTC",1000
"CACACTCAGTAGCGGT",4
"CACACTCAGTCCTCCT",96
"CACACTCAGTGTGGCA",1000
"CACACTCCAATCGAAA",47
"CACACTCCAATGGTCT",25
"CACACTCCACATGACT",46
"CACACTCCAGCGATCC",96
"CACACTCCAGTGGGAT",20
"CACACTCGTACGAAAT",70
"CACACTCGTAGCGATG",58
"CACACTCGTAGCGTCC",14
"CACACTCGTATAGGGC",47
"CACACTCGTCAAGCGA",58
"CACACTCGTCAGAAGC",59
"CACACTCGTCCATCCT",46
"CACACTCGTCTTCAAG",4
"CACACTCGTGCTCTTC",63
"CACACTCGTTAAAGAC",69
"CACACTCGTTCGCTAA",19
"CACACTCGTTTCGCTC",96
"CACACTCGTTTGTTGG",70
"CACACTCTCAGTCCCT",47
"CACACTCTCCCTTGTG",47
"CACACTCTCCTACAGA",1000
"CACACTCTCGCCGTGA",35
"CACACTCTCGTACCGG",43
"CACACTCTCGTAGATC",96
"CACACTCTCTCATTCA",96
"CACACTCTCTTCAACT",25
"CACAGGCAGACAGAGA",94
"CACAGGCAGACGCAAC",72
"CACAGGCAGATGTTAG",10
"CACAGGCAGCAAATCA",20
"CACAGGCAGCACGCCT",23
"CACAGGCAGCCCAGCT",65
"CACAGGCAGCTGCCCA",1000
"CACAGGCAGGAATCGC",82
"CACAGGCAGTCTCGGC",91
"CACAGGCAGTGATCGG",8
"CACAGGCAGTGCGTGA",35
"CACAGGCCACGTCTCT",1000
"CACAGGCCACTCTGTC",76
"CACAGGCCACTTCGAA",67
"CACAGGCCAGGATCGA",1000
"CACAGGCGTAGAGCTG",69
"CACAGGCGTAGCTTGT",94
"CACAGGCGTATGAAAC",69
"CACAGGCGTCATCCCT",1000
"CACAGGCGTGACCAAG",11
"CACAGGCGTGCCTGCA",58
"CACAGGCGTGCGGTAA",48
"CACAGGCGTGTTTGGT",37
"CACAGGCGTTAAAGAC",54
"CACAGGCGTTATGTGC",94
"CACAGGCTCAAACCAC",53
"CACAGGCTCAAACGGG",23
"CACAGGCTCAACACGT",71
"CACAGGCTCAACCATG",94
"CACAGGCTCAGCATGT",56
"CACAGGCTCAGTGTTG",82
"CACAGGCTCGGAGCAA",11
"CACAGGCTCGGATGTT",1000
"CACAGGCTCGTGGTCG",94
"CACAGGCTCTAGAGTC",87
"CACAGTAAGACTACAA",91
"CACAGTAAGCTAGCCC",11
"CACAGTAAGTCGCCGT",94
"CACAGTAAGTTAGCGG",10
"CACAGTACAAGCTGTT",47
"CACAGTACAAGTCTGT",23
"CACAGTACACACCGCA",22
"CACAGTACACGGACAA",72
"CACAGTACACGGCCAT",1000
"CACAGTACAGTCTTCC",59
"CACAGTACAGTTCCCT",69
"CACAGTACATAGAAAC",22
"CACAGTAGTACGCACC",72
"CACAGTAGTCCAGTAT",81
"CACAGTAGTCTAGGTT",85
"CACAGTAGTCTTCTCG",93
"CACAGTAGTGTTTGGT",84
"CACAGTAGTTGGTAAA",80
"CACAGTATCAAACAAG",1000
"CACAGTATCAAAGTAG",85
"CACAGTATCACTTCAT",13
"CACAGTATCCAATGGT",13
"CACAGTATCCGCGCAA",61
"CACAGTATCCTCGCAT",58
"CACAGTATCGGAGGTA",94
"CACATAGAGAGGTACC",23
"CACATAGAGATAGTCA",58
"CACATAGAGATGCCAG",50
"CACATAGAGGCCCTTG",1000
"CACATAGAGGTGCTTT",80
"CACATAGCAAGAAAGG",2
"CACATAGCAATGAATG",56
"CACATAGCAATTGCTG",83
"CACATAGCACGAAATA",47
"CACATAGCAGTAACGG",55
"CACATAGCATGTCGAT",71
"CACATAGCATTCTTAC",43
"CACATAGGTAAGAGGA",46
"CACATAGGTACTTGAC",11
"CACATAGGTCAGAGGT",25
"CACATAGGTCTGATCA",70
"CACATAGGTCTTGATG",8
"CACATAGGTTACCGAT",94
"CACATAGTCAAACAAG",67
"CACATAGTCAAGGTAA",91
"CACATAGTCAGGCAAG",56
"CACATAGTCATAACCG",1000
"CACATAGTCCGCGGTA",68
"CACATAGTCCGTCAAA",1000
"CACATAGTCGCTAGCG",1000
"CACATAGTCGGCATCG",61
"CACATAGTCTTTACAC",44
"CACATTTAGACTGTAA",80
"CACATTTAGAGCAATT",1
"CACATTTAGATAGCAT",13
"CACATTTAGCCACGTC",57
"CACATTTAGCCCAATT",1
"CACATTTAGCGACGTA",94
"CACATTTAGCGATTCT",8
"CACATTTAGGAGTTGC",85
"CACATTTAGTTACGGG",10
"CACATTTCAAACCTAC",13
"CACATTTCAAACGTGG",60
"CACATTTCAAAGAATC",72
"CACATTTCACAAGACG",60
"CACATTTCAGGAATGC",29
"CACATTTCATCCCATC",94
"CACATTTGTACATGTC",11
"CACATTTGTATTACCG",1000
"CACATTTGTCTTGCGG",96
"CACATTTGTGGGTATG",94
"CACATTTGTTACCAGT",23
"CACATTTGTTAGGGTG",1000
"CACATTTGTTTGTGTG",1000
"CACATTTTCAACCAAC",47
"CACATTTTCCCAAGTA",39
"CACATTTTCGTAGGTT",84
"CACATTTTCTAACCGA",29
"CACATTTTCTGGAGCC",1000
"CACCACTAGAAACGAG",77
"CACCACTAGATGGCGT",69
"CACCACTAGCACGCCT",70
"CACCACTAGCCACTAT",23
"CACCACTAGTAGCCGA",82
"CACCACTCAAACCTAC",72
"CACCACTCAACTGGCC",71
"CACCACTCAATCAGAA",34
"CACCACTCACAGATTC",26
"CACCACTCACGGTTTA",74
"CACCACTCAGACTCGC",51
"CACCACTCATAGTAAG",2
"CACCACTCATCCCATC",26
"CACCACTCATGAACCT",13
"CACCACTCATGCCTTC",59
"CACCACTCATTAGCCA",95
"CACCACTGTAAGTAGT",1000
"CACCACTGTACTTGAC",58
"CACCACTGTAGAAGGA",1000
"CACCACTGTATATGAG",80
"CACCACTGTATATGGA",1000
"CACCACTGTCCGTTAA",52
"CACCACTGTCTCTCGT",92
"CACCACTGTGTGTGCC",92
"CACCACTGTTGATTCG",35
"CACCACTTCAAGCCTA",80
"CACCACTTCAGCTCTC",47
"CACCACTTCATCTGCC",70
"CACCACTTCATTATCC",23
"CACCACTTCCTCATTA",91
"CACCACTTCTACTCAT",35
"CACCACTTCTCTGCTG",47
"CACCACTTCTGTTGAG",1000
"CACCAGGAGAGGGATA",1000
"CACCAGGAGATCCCAT",11
"CACCAGGAGCACACAG",22
"CACCAGGAGCCACTAT",44
"CACCAGGAGCGCCTTG",71
"CACCAGGAGCTAGTCT",22
"CACCAGGAGGTGGGTT",22
"CACCAGGAGTACTTGC",82
"CACCAGGAGTTCCACA",1000
"CACCAGGCAAGCCCAC",8
"CACCAGGCAAGGGTCA",96
"CACCAGGCAAGTTAAG",59
"CACCAGGCACCAGATT",58
"CACCAGGCACCTCGGA",26
"CACCAGGCATGCAATC",51
"CACCAGGCATGCTAGT",92
"CACCAGGCATTTCAGG",67
"CACCAGGGTAAACGCG",72
"CACCAGGGTAAGGGAA",35
"CACCAGGGTAAGGGCT",82
"CACCAGGGTAGCACGA",13
"CACCAGGGTATTCTCT",55
"CACCAGGGTCGCGGTT",11
"CACCAGGGTCGTCTTC",76
"CACCAGGGTCTAACGT",94
"CACCAGGGTCTCCACT",2
"CACCAGGGTGAAAGAG",1000
"CACCAGGGTGTCCTCT",82
"CACCAGGGTTATCCGA",88
"CACCAGGGTTATGCGT",22
"CACCAGGGTTTCGCTC",89
"CACCAGGTCCCATTAT",19
"CACCAGGTCCTCCTAG",91
"CACCAGGTCGTACGGC",68
"CACCAGGTCTCAAACG",22
"CACCAGGTCTTAGAGC",1000
"CACCAGGTCTTCTGGC",46
"CACCTTGAGAACTCGG",72
"CACCTTGAGACTTTCG",41
"CACCTTGAGGAGCGAG",59
"CACCTTGAGTACGTTC",94
"CACCTTGAGTGACATA",56
"CACCTTGAGTTAACGA",82
"CACCTTGCAACGCACC",47
"CACCTTGCACAAGACG",13
"CACCTTGCACAAGCCC",59
"CACCTTGCACAGGAGT",37
"CACCTTGCACGGTAGA",92
"CACCTTGCACGTCAGC",94
"CACCTTGCAGATGGCA",23
"CACCTTGCAGCGAACA",25
"CACCTTGCAGGAATGC",47
"CACCTTGCAGGTGCCT",1000
"CACCTTGCATGGAATA",80
"CACCTTGGTAGTGAAT",59
"CACCTTGGTATGAAAC",92
"CACCTTGGTCAATGTC",44
"CACCTTGGTCTAGTGT",1000
"CACCTTGGTCTGATTG",1000
"CACCTTGGTGAAAGAG",29
"CACCTTGGTGGCCCTA",53
"CACCTTGGTGTGTGCC",46
"CACCTTGGTTATTCTC",84
"CACCTTGGTTGTGGAG",56
"CACCTTGTCACGACTA",37
"CACCTTGTCACGCATA",59
"CACCTTGTCAGAGCTT",58
"CACCTTGTCCCAAGAT",35
"CACCTTGTCCCTAACC",84
"CACCTTGTCGGATGGA",1000
"CACCTTGTCTGCAAGT",1000
"CACCTTGTCTTGTTTG",62
"CACTCCAAGACGACGT",23
"CACTCCAAGAGAACAG",89
"CACTCCAAGAGACGAA",94
"CACTCCAAGATGAGAG",83
"CACTCCAAGCCAACAG",37
"CACTCCAAGCGACGTA",1000
"CACTCCAAGGCTAGCA",94
"CACTCCAAGTTTCCTT",92
"CACTCCACAAACTGTC",91
"CACTCCACACCATGTA",11
"CACTCCACACTTCTGC",37
"CACTCCACAGGACCCT",80
"CACTCCACATGGTAGG",95
"CACTCCACATTGAGCT",85
"CACTCCAGTACTTAGC",1000
"CACTCCAGTCCGTGAC",1000
"CACTCCATCACTCTTA",1000
"CACTCCATCAGTTAGC",1000
"CACTCCATCCACTGGG",36
"CACTCCATCGAATGCT",8
"CACTCCATCGCAAGCC",1000
"CACTCCATCGCCGTGA",60
"CACTCCATCTATCGCC",95
"CAGAATCAGAAGGACA",13
"CAGAATCAGACCACGA",91
"CAGAATCAGCCGTCGT",35
"CAGAATCAGCTAGGCA",96
"CAGAATCAGGGTCGAT",83
"CAGAATCAGGTGACCA",95
"CAGAATCCACATCTTT",57
"CAGAATCCACCAGCAC",14
"CAGAATCCACTAGTAC",71
"CAGAATCCAGAGCCAA",92
"CAGAATCCAGCGAACA",34
"CAGAATCCATCACGAT",1000
"CAGAATCCATCGGACC",71
"CAGAATCGTAAATACG",8
"CAGAATCGTAAGTTCC",5
"CAGAATCGTAGCCTAT",94
"CAGAATCGTCTCAACA",21
"CAGAATCGTCTGATCA",79
"CAGAATCGTTAGATGA",71
"CAGAATCGTTCAGGCC",75
"CAGAATCGTTCATGGT",70
"CAGAATCTCAAGGTAA",23
"CAGAATCTCCCAGGTG",84
"CAGAATCTCCTTTCGG",36
"CAGAATCTCGCGTTTC",14
"CAGAATCTCGGTGTTA",35
"CAGAATCTCGTCCAGG",60
"CAGAATCTCTACTATC",85
"CAGAGAGAGAAACGAG",69
"CAGAGAGAGAACAACT",1000
"CAGAGAGAGACCACGA",23
"CAGAGAGAGCGCCTTG",58
"CAGAGAGAGGGAAACA",66
"CAGAGAGAGGGCATGT",1000
"CAGAGAGAGGTGCACA",47
"CAGAGAGAGTGCCATT",22
"CAGAGAGAGTGGACGT",49
"CAGAGAGCAAGGCTCC",58
"CAGAGAGCAATAAGCA",96
"CAGAGAGCACCTGGTG",59
"CAGAGAGCACGTTGGC",59
"CAGAGAGCAGATGGGT",1000
"CAGAGAGCAGTAACGG",23
"CAGAGAGCAGTATCTG",1
"CAGAGAGCAGTATGCT",82
"CAGAGAGGTCCAAGTT",71
"CAGAGAGGTCCGAAGA",35
"CAGAGAGGTCTGCCAG",60
"CAGAGAGGTGCAACGA",43
"CAGAGAGGTGTGAATA",43
"CAGAGAGGTTAGGGTG",59
"CAGAGAGGTTCCCGAG",1000
"CAGAGAGGTTCCGGCA",1000
"CAGAGAGTCAGCGATT",10
"CAGAGAGTCCTGCTTG",68
"CAGAGAGTCGAGCCCA",64
"CAGAGAGTCGCATGGC",19
"CAGAGAGTCTCTGAGA",7
"CAGAGAGTCTGCGACG",70
"CAGAGAGTCTGGCGAC",91
"CAGAGAGTCTGGTGTA",13
"CAGAGAGTCTTACCTA",44
"CAGATCAAGACGCAAC",47
"CAGATCAAGATGGGTC",95
"CAGATCAAGATGTGGC",20
"CAGATCAAGCAGATCG",93
"CAGATCAAGGCCATAG",70
"CAGATCAAGGGAAACA",70
"CAGATCAAGGGCATGT",1000
"CAGATCAAGGTGCACA",70
"CAGATCAAGTCTCCTC",43
"CAGATCAAGTTTGCGT",22
"CAGATCACAAATACAG",70
"CAGATCACAACACCCG",34
"CAGATCACAAGTTCTG",22
"CAGATCACAATGCCAT",93
"CAGATCACAATGGATA",34
"CAGATCACACAACGTT",59
"CAGATCACACGGTTTA",95
"CAGATCACAGCCTTGG",39
"CAGATCACAGTCAGAG",35
"CAGATCACATCTACGA",45
"CAGATCACATGATCCA",56
"CAGATCAGTAATCGTC",70
"CAGATCAGTAGCTTGT",71
"CAGATCAGTAGGCTGA",95
"CAGATCAGTCGTTGTA",20
"CAGATCAGTCTCTTTA",38
"CAGATCAGTGAGCGAT",47
"CAGATCAGTGGTGTAG",20
"CAGATCAGTTGCGCAC",58
"CAGATCATCACTCCTG",35
"CAGATCATCATGCAAC",46
"CAGATCATCCCTCAGT",40
"CAGATCATCTCCGGTT",70
"CAGATCATCTTAGAGC",47
"CAGCAGCAGAAACCAT",80
"CAGCAGCAGAAAGTGG",11
"CAGCAGCAGATCCGAG",1000
"CAGCAGCAGCTAAGAT",58
"CAGCAGCAGGAATGGA",1000
"CAGCAGCAGGACAGCT",0
"CAGCAGCAGTACCGGA",58
"CAGCAGCAGTGAAGAG",13
"CAGCAGCAGTGTACCT",1000
"CAGCAGCCAAGAAAGG",1000
"CAGCAGCCAATAACGA",38
"CAGCAGCCAATCGGTT",20
"CAGCAGCCACATGGGA",82
"CAGCAGCCACCGCTAG",71
"CAGCAGCCACGAGGTA",72
"CAGCAGCCACTGAAGG",81
"CAGCAGCCACTGCCAG",22
"CAGCAGCCACTGTGTA",31
"CAGCAGCCAGCATACT",73
"CAGCAGCCAGGGTATG",82
"CAGCAGCCAGTCAGCC",70
"CAGCAGCGTCATGCCG",46
"CAGCAGCGTCCGAGTC",20
"CAGCAGCGTCCGTTAA",58
"CAGCAGCGTCTGATTG",22
"CAGCAGCGTCTGCCAG",22
"CAGCAGCGTGATAAAC",68
"CAGCAGCTCAGTCAGT",1000
"CAGCAGCTCCACGAAT",76
"CAGCAGCTCCACGTTC",76
"CAGCAGCTCCAGAAGG",1000
"CAGCAGCTCCATTCTA",71
"CAGCAGCTCGAGAACG",47
"CAGCAGCTCTGATACG",78
"CAGCAGCTCTTGACGA",7
"CAGCATAAGAAGGGTA",44
"CAGCATAAGAAGGTGA",11
"CAGCATAAGACATAAC",96
"CAGCATAAGATCCCAT",2
"CAGCATAAGATCCCGC",25
"CAGCATAAGATCTGAA",96
"CAGCATAAGATGAGAG",33
"CAGCATAAGCACAGGT",1000
"CAGCATAAGCGATTCT",43
"CAGCATAAGGTAAACT",92
"CAGCATAAGTGTCCCG",1000
"CAGCATACAATGTAAG",85
"CAGCATACACCACCAG",8
"CAGCATACACGGTGTC",69
"CAGCATACAGGACCCT",72
"CAGCATACAGTAGAGC",59
"CAGCATACATCACCCT",81
"CAGCATACATCCCATC",92
"CAGCATAGTAGCACGA",1000
"CAGCATAGTCTTCGTC",60
"CAGCATAGTTTGGCGC",59
"CAGCATAGTTTGTTTC",71
"CAGCATATCACCGGGT",7
"CAGCATATCACTCTTA",83
"CAGCATATCACTTCAT",1000
"CAGCATATCAGAGGTG",22
"CAGCATATCATGTCCC",81
"CAGCATATCGTTACGA",96
"CAGCATATCGTTTATC",86
"CAGCATATCTATCGCC",37
"CAGCATATCTCGCTTG",1000
"CAGCATATCTTAGCCC",59
"CAGCATATCTTCATGT",44
"CAGCATATCTTTACGT",47
"CAGCCGAAGAAACGAG",54
"CAGCCGAAGAGTAATC",11
"CAGCCGAAGGAACTGC",87
"CAGCCGAAGTGCTGCC",1000
"CAGCCGACAAGGCTCC",68
"CAGCCGACACCGCTAG",1000
"CAGCCGACAGACAAGC",23
"CAGCCGACATATACGC",53
"CAGCCGAGTACAGTTC",1000
"CAGCCGAGTAGCACGA",3
"CAGCCGAGTCATACTG",46
"CAGCCGAGTTCTCATT",96
"CAGCCGATCAGATAAG",53
"CAGCCGATCATCTGTT",84
"CAGCCGATCCGAAGAG",43
"CAGCCGATCCGTTGTC",5
"CAGCCGATCGTGGTCG",35
"CAGCCGATCTACTCAT",86
"CAGCCGATCTATCCTA",46
"CAGCCGATCTCATTCA",58
"CAGCCGATCTGCGGCA",56
"CAGCCGATCTTCGAGA",78
"CAGCGACAGATGCCAG",70
"CAGCGACAGCTGCCCA",74
"CAGCGACAGGCTCAGA",1000
"CAGCGACAGTGCTGCC",79
"CAGCGACAGTGGCACA",23
"CAGCGACAGTTGAGTA",1000
"CAGCGACCAAACGCGA",25
"CAGCGACCAATCACAC",72
"CAGCGACCACTACAGT",61
"CAGCGACCATATGAGA",70
"CAGCGACCATGACGGA",59
"CAGCGACCATTCGACA",35
"CAGCGACGTACCGAGA",44
"CAGCGACGTAGCAAAT",82
"CAGCGACGTATATGAG",88
"CAGCGACGTATTCGTG",71
"CAGCGACGTCGAATCT",11
"CAGCGACGTTGTCTTT",72
"CAGCGACGTTTGTGTG",11
"CAGCGACTCAGCTCGG",35
"CAGCGACTCAGCTGGC",71
"CAGCGACTCAGTGTTG",84
"CAGCGACTCAGTTCGA",13
"CAGCGACTCATGCTCC",47
"CAGCGACTCCCTAATT",23
"CAGCGACTCCTTTCTC",71
"CAGCGACTCGCGATCG",84
"CAGCGACTCGTGTAGT",84
"CAGCGACTCTCGCATC",37
"CAGCGACTCTGACCTC",70
"CAGCGACTCTGCGACG",1000
"CAGCGACTCTTCGGTC",46
"CAGCTAAAGAAGGCCT",82
"CAGCTAAAGATACACA",67
"CAGCTAAAGATGTGTA",44
"CAGCTAAAGCAGGTCA",5
"CAGCTAAAGCTCCTCT",1000
"CAGCTAAAGGCACATG",89
"CAGCTAAAGGCAGTCA",1000
"CAGCTAAAGGGTGTTG",59
"CAGCTAAAGTAGCGGT",91
"CAGCTAAAGTCGTACT",76
"CAGCTAAAGTGCCAGA",23
"CAGCTAAAGTGTACTC",33
"CAGCTAAAGTTCGATC",70
"CAGCTAAAGTTCGCGC",36
"CAGCTAAAGTTTAGGA",58
"CAGCTAACAAGCGTAG",14
"CAGCTAACAATCTACG",23
"CAGCTAACACGCCAGT",35
"CAGCTAACAGGATTGG",52
"CAGCTAACATCTCCCA",71
"CAGCTAACATTGGGCC",63
"CAGCTAAGTAATCACC",1000
"CAGCTAAGTACCGAGA",10
"CAGCTAAGTCACCTAA",58
"CAGCTAAGTCATATCG",32
"CAGCTAAGTCCGAAGA",10
"CAGCTAAGTCTCACCT",7
"CAGCTAAGTCTTCGTC",59
"CAGCTAAGTGCAGTAG",35
"CAGCTAAGTGCGATAG",23
"CAGCTAAGTTACAGAA",47
"CAGCTAAGTTCGTGAT",59
"CAGCTAATCACTCTTA",1000
"CAGCTAATCAGAAATG",79
"CAGCTAATCAGCGATT",43
"CAGCTAATCAGGTTCA",35
"CAGCTAATCCCAACGG",56
"CAGCTAATCCGCGGTA",84
"CAGCTAATCCTATGTT",1000
"CAGCTAATCGGAGCAA",96
"CAGCTAATCTCCAACC",91
"CAGCTGGAGAACTCGG",70
"CAGCTGGAGCCTTGAT",24
"CAGCTGGAGGAGTAGA",62
"CAGCTGGAGTCGATAA",83
"CAGCTGGCAACTGCGC",92
"CAGCTGGCAATCAGAA",64
"CAGCTGGCACATCCAA",47
"CAGCTGGCACGAAAGC",11
"CAGCTGGCAGCTGTGC",46
"CAGCTGGCAGTCTTCC",94
"CAGCTGGGTAAACCTC",32
"CAGCTGGGTCGCCATG",44
"CAGCTGGGTGTGGCTC",44
"CAGCTGGGTTCTGAAC",49
"CAGCTGGTCAACACCA",81
"CAGCTGGTCAAGATCC",34
"CAGCTGGTCGCCTGAG",82
"CAGCTGGTCTGATTCT",20
"CAGGTGCAGACTTTCG",1000
"CAGGTGCAGCGTGAAC",1000
"CAGGTGCAGCGTGTCC",8
"CAGGTGCAGCTATGCT",11
"CAGGTGCAGGCCCGTT",32
"CAGGTGCAGGGCTTGA",49
"CAGGTGCAGGGTTCCC",43
"CAGGTGCAGGTGGGTT",37
"CAGGTGCCACACTGCG",94
"CAGGTGCCACCACCAG",82
"CAGGTGCCACCTATCC",1000
"CAGGTGCCACTCAGGC",59
"CAGGTGCCAGCGAACA",56
"CAGGTGCCATACTCTT",71
"CAGGTGCGTAGGCTGA",46
"CAGGTGCGTCACAAGG",74
"CAGGTGCGTCACCTAA",1000
"CAGGTGCGTCGCTTTC",49
"CAGGTGCGTCTAGCGC",1000
"CAGGTGCGTCTCGTTC",92
"CAGGTGCGTCTGGTCG",38
"CAGGTGCGTCTTCAAG",94
"CAGGTGCGTGCCTGTG",84
"CAGGTGCGTTCCGGCA",34
"CAGGTGCTCAGCATGT",96
"CAGGTGCTCATACGGT",68
"CAGGTGCTCCATGAGT",11
"CAGGTGCTCCGAGCCA",23
"CAGGTGCTCCTGCCAT",25
"CAGGTGCTCGGAATCT",38
"CAGGTGCTCGTAGGTT",1000
"CAGTAACAGAAGGGTA",85
"CAGTAACAGACCTTTG",81
"CAGTAACAGCAGCGTA",59
"CAGTAACAGGACTGGT",37
"CAGTAACAGGCTCAGA",94
"CAGTAACAGGGAAACA",34
"CAGTAACAGGTAAACT",46
"CAGTAACAGTATTGGA",76
"CAGTAACCAAGCTGTT",23
"CAGTAACCACAGATTC",71
"CAGTAACCACAGGAGT",34
"CAGTAACCAGATCTGT",1000
"CAGTAACCATTAGCCA",1000
"CAGTAACGTAAAGGAG",47
"CAGTAACGTAAGTGGC",76
"CAGTAACGTAGGAGTC",13
"CAGTAACGTCGCGTGT",84
"CAGTAACGTGATGTGG",60
"CAGTAACGTGTAAGTA",23
"CAGTAACGTTAAGGGC",71
"CAGTAACGTTATCGGT",29
"CAGTAACGTTCCCTTG",64
"CAGTAACTCATAGCAC",34
"CAGTAACTCCACGACG",72
"CAGTAACTCCCATTTA",59
"CAGTAACTCCCTTGTG",58
"CAGTCCTAGACTAAGT",2
"CAGTCCTAGCTCCTCT",82
"CAGTCCTAGGGATCTG",1000
"CAGTCCTAGGTACTCT",71
"CAGTCCTCAACTTGAC",37
"CAGTCCTCAAGAGGCT",94
"CAGTCCTCAATCTGCA",70
"CAGTCCTCACAGCGTC",1000
"CAGTCCTCAGAGCCAA",58
"CAGTCCTCAGTACACT",22
"CAGTCCTCAGTTCCCT",34
"CAGTCCTCATGAACCT",36
"CAGTCCTCATGGTTGT",70
"CAGTCCTGTAACGTTC",1000
"CAGTCCTGTAATAGCA",49
"CAGTCCTGTGATAAAC",10
"CAGTCCTGTGTGCCTG",46
"CAGTCCTGTTCCACGG",36
"CAGTCCTGTTTCCACC",59
"CAGTCCTTCACGCATA",62
"CAGTCCTTCAGTACGT",61
"CAGTCCTTCCCACTTG",13
"CAGTCCTTCCCGACTT",58
"CAGTCCTTCTAACCGA",84
"CAGTCCTTCTACTCAT",70
"CAGTCCTTCTCAAACG",94
"CAGTCCTTCTCAAGTG",81
"CAGTCCTTCTGGGCCA",1
"CATATGGAGAACTGTA",32
"CATATGGAGAGACTTA",71
"CATATGGAGCCAACAG",55
"CATATGGAGCCCAGCT",14
"CATATGGAGCTACCGC",46
"CATATGGAGGTAGCCA",61
"CATATGGAGTACATGA",68
"CATATGGAGTTCGCGC",89
"CATATGGAGTTTGCGT",71
"CATATGGCAACTGCGC",1000
"CATATGGCAATGGACG",1000
"CATATGGCACCGGAAA",96
"CATATGGCAGAGCCAA",94
"CATATGGCATGCCACG",23
"CATATGGGTCACCTAA",43
"CATATGGGTGCACCAC",23
"CATATGGGTTAGATGA",94
"CATATGGGTTTAGCTG",84
"CATATGGTCACTGGGC",82
"CATATGGTCAGGCAAG",58
"CATATGGTCATCGATG",8
"CATATGGTCATGCAAC",45
"CATATGGTCATGCATG",68
"CATATGGTCTAACCGA",58
"CATATGGTCTACTCAT",44
"CATATGGTCTGCTGCT",64
"CATATGGTCTGCTTGC",69
"CATATGGTCTGTTTGT",72
"CATATTCAGCCGATTT",63
"CATATTCAGCGGATCA",59
"CATATTCAGGCCCTTG",57
"CATATTCAGGCTAGAC",64
"CATATTCAGGGTCTCC",66
"CATATTCAGGTACTCT",26
"CATATTCAGGTCGGAT",87
"CATATTCAGGTGATAT",87
"CATATTCAGTCGAGTG",29
"CATATTCAGTTCGCGC",3
"CATATTCAGTTTAGGA",1000
"CATATTCCACACCGAC",47
"CATATTCCACCAGATT",22
"CATATTCCACCATGTA",59
"CATATTCCACGTAAGG",71
"CATATTCCACTAGTAC",19
"CATATTCCAGCTGTGC",1000
"CATATTCCATGCAATC",43
"CATATTCCATTAGCCA",84
"CATATTCGTAGCGTAG",1000
"CATATTCGTATTAGCC",1000
"CATATTCGTCGGCTCA",13
"CATATTCGTCTAGGTT",47
"CATATTCGTCTAGTCA",11
"CATATTCGTCTCCATC",71
"CATATTCGTGGCAAAC",8
"CATATTCGTGTGAATA",80
"CATATTCGTTACCGAT",37
"CATATTCTCACCTCGT",59
"CATATTCTCAGCGACC",62
"CATATTCTCAGCTCGG",56
"CATATTCTCAGGTAAA",79
"CATATTCTCATCGGAT",1000
"CATATTCTCCCTAATT",11
"CATATTCTCCTAAGTG",38
"CATATTCTCGGCGCTA",47
"CATATTCTCTATCCCG",1000
"CATCAAGAGACGCAAC",35
"CATCAAGAGACTTGAA",95
"CATCAAGAGCGACGTA",59
"CATCAAGAGGAATGGA",58
"CATCAAGAGTGCCATT",58
"CATCAAGCAATAGAGT",35
"CATCAAGCAATGACCT",19
"CATCAAGCACTTCGAA",36
"CATCAAGCAGCATACT",43
"CATCAAGCAGCGATCC",82
"CATCAAGCAGGTGGAT",1000
"CATCAAGCAGTACACT",1000
"CATCAAGCATACCATG",1000
"CATCAAGCATGCTGGC",35
"CATCAAGCATTGCGGC",11
"CATCAAGGTACCGCTG",1000
"CATCAAGGTATCGCAT",17
"CATCAAGGTCAGCTAT",17
"CATCAAGGTCCTGCTT",96
"CATCAAGGTGAGCGAT",31
"CATCAAGGTGTAAGTA",72
"CATCAAGGTGTCTGAT",45
"CATCAAGTCAAGGTAA",90
"CATCAAGTCACTGGGC",1000
"CATCAAGTCCAAATGC",84
"CATCAAGTCCAGAGGA",47
"CATCAAGTCTCTTGAT",29
"CATCAGAAGACTGTAA",22
"CATCAGAAGAGCTGCA",94
"CATCAGAAGATGCCTT",91
"CATCAGAAGCAAATCA",69
"CATCAGAAGCCACGTC",11
"CATCAGAAGGCTAGCA",1000
"CATCAGAAGGTGTGGT",57
"CATCAGAAGTAGCCGA",19
"CATCAGAAGTCTTGCA",22
"CATCAGACAACGATGG",84
"CATCAGACAATAACGA",35
"CATCAGACACTTCGAA",64
"CATCAGACAGCCAATT",60
"CATCAGACAGCTGCTG",58
"CATCAGACATGTCTCC",60
"CATCAGAGTAGCTGCC",82
"CATCAGAGTCTCCCTA",47
"CATCAGAGTGCGATAG",66
"CATCAGAGTGTCAATC",1000
"CATCAGAGTGTGCCTG",91
"CATCAGAGTTGTGGAG",82
"CATCAGATCATGTCTT",10
"CATCAGATCCATGAAC",11
"CATCAGATCGAATCCA",62
"CATCAGATCGCCTGAG",96
"CATCAGATCGGCTACG",72
"CATCAGATCGTAGATC",72
"CATCCACAGACAATAC",60
"CATCCACAGACCTTTG",94
"CATCCACAGCAGCGTA",69
"CATCCACAGCAGGTCA",19
"CATCCACAGCATCATC",46
"CATCCACAGCGTTTAC",49
"CATCCACAGGCAGTCA",34
"CATCCACAGTACGTTC",58
"CATCCACAGTGTTAGA",70
"CATCCACCAAACGCGA",23
"CATCCACCAATGGAAT",11
"CATCCACCACACGCTG",9
"CATCCACCATGCAACT",20
"CATCCACCATGCTAGT",37
"CATCCACGTAAACACA",11
"CATCCACGTACAGACG",94
"CATCCACGTAGGCATG",35
"CATCCACGTATTCGTG",22
"CATCCACGTCTAAACC",47
"CATCCACGTGCTGTAT",10
"CATCCACGTTCATGGT",44
"CATCCACGTTCCGGCA",59
"CATCCACGTTGCGCAC",1000
"CATCCACTCAAGATCC",69
"CATCCACTCATTCACT",3
"CATCCACTCCAGAAGG",34
"CATCCACTCCTCCTAG",84
"CATCCACTCGTTGCCT",25
"CATCCACTCTAAGCCA",10
"CATCCACTCTATCGCC",55
"CATCCACTCTGTCTCG",23
"CATCGAAAGACAGACC",59
"CATCGAAAGAGCCTAG",44
"CATCGAAAGATCCCAT",72
"CATCGAAAGATTACCC",81
"CATCGAAAGCAGCGTA",71
"CATCGAAAGCATCATC",96
"CATCGAAAGCCAGGAT",56
"CATCGAAAGCGTCAAG",82
"CATCGAAAGGACACCA",67
"CATCGAAAGTCCAGGA",79
"CATCGAAAGTTAAGTG",58
"CATCGAACAAGACGTG",1000
"CATCGAACAAGTTGTC",60
"CATCGAACAGACTCGC",82
"CATCGAACAGAGTGTG",20
"CATCGAACAGGAACGT",2
"CATCGAACAGGGATTG",5
"CATCGAACAGTATAAG",82
"CATCGAACATAACCTG",58
"CATCGAACATGAGCGA",61
"CATCGAAGTCCCTTGT",11
"CATCGAAGTCCGTGAC",60
"CATCGAAGTTTGACAC",81
"CATCGAATCAACACCA",35
"CATCGAATCAACACGT",82
"CATCGAATCACCGTAA",43
"CATCGAATCAGTTAGC",1000
"CATCGAATCATCACCC",84
"CATCGAATCATGGTCA",46
"CATCGAATCATGTCTT",71
"CATCGAATCCACTCCA",1000
"CATCGAATCCCGGATG",91
"CATCGAATCCGCAGTG",1000
"CATCGAATCCTACAGA",46
"CATCGAATCGAGCCCA",43
"CATCGAATCGTACGGC",62
"CATCGAATCTCCCTGA",95
"CATCGAATCTTACCGC",35
"CATCGAATCTTGCATT",82
"CATCGGGAGCCTCGTG",47
"CATCGGGAGCGTGTCC",1000
"CATCGGGAGCTCCTCT",59
"CATCGGGAGGCAAAGA",91
"CATCGGGAGGGTATCG",72
"CATCGGGAGTACATGA",67
"CATCGGGAGTCAATAG",74
"CATCGGGCAACAACCT",94
"CATCGGGCAAGAAGAG",41
"CATCGGGCAAGTCTAC",72
"CATCGGGCAATAGCGG",10
"CATCGGGCACAGACTT",8
"CATCGGGCAGACTCGC",11
"CATCGGGCAGGAATGC",45
"CATCGGGCATCCGTGG",95
"CATCGGGGTCACACGC",34
"CATCGGGGTCCTAGCG",22
"CATCGGGGTCGGCTCA",53
"CATCGGGGTCTAACGT",59
"CATCGGGGTCTTCAAG",18
"CATCGGGGTGGTTTCA",82
"CATCGGGGTGTCTGAT",21
"CATCGGGGTTCCACTC",21
"CATCGGGGTTCGCGAC",1000
"CATCGGGGTTCGTGAT",59
"CATCGGGTCCGTAGTA",22
"CATCGGGTCCTCGCAT",88
"CATCGGGTCGAGGTAG",91
"CATCGGGTCGCAGGCT",35
"CATCGGGTCGTAGGAG",71
"CATCGGGTCTGCTGCT",88
"CATGACAAGAACTCGG",2
"CATGACAAGAGGGATA",96
"CATGACAAGCAGGTCA",46
"CATGACAAGCCACTAT",1000
"CATGACAAGCCCAGCT",1000
"CATGACAAGCGATTCT",22
"CATGACAAGCGTAGTG",1000
"CATGACAAGCTTCGCG",91
"CATGACAAGGAATGGA",58
"CATGACAAGGACACCA",49
"CATGACAAGTATCGAA",60
"CATGACAAGTGACATA",83
"CATGACACAACTGCGC",70
"CATGACACACCGAATT",8
"CATGACACAGGTCTCG",1000
"CATGACACATCATCCC",72
"CATGACAGTATATCCG",78
"CATGACAGTCCGTTAA",20
"CATGACAGTCTAAAGA",29
"CATGACAGTGTGGCTC",94
"CATGACATCAAACCAC",1000
"CATGACATCAGGCAAG",23
"CATGACATCATTGCGA",92
"CATGACATCCAAACAC",58
"CATGACATCCGCAAGC",69
"CATGACATCGTCACGG",47
"CATGACATCTTACCGC",71
"CATGCCTAGCAGGTCA",71
"CATGCCTAGCCAGAAC",1000
"CATGCCTAGCTGCCCA",23
"CATGCCTAGGAGTCTG",82
"CATGCCTAGGTGACCA",44
"CATGCCTCACCGCTAG",1000
"CATGCCTCAGCTGTAT",34
"CATGCCTCAGTGACAG",94
"CATGCCTCATGAACCT",7
"CATGCCTGTACCAGTT",4
"CATGCCTGTCCGAACC",52
"CATGCCTGTCGACTGC",58
"CATGCCTGTCTTGTCC",59
"CATGCCTGTGACCAAG",82
"CATGCCTGTGTGTGCC",63
"CATGCCTGTTGTCTTT",96
"CATGCCTTCAATAAGG",46
"CATGCCTTCACGGTTA",72
"CATGCCTTCAGTTCGA",43
"CATGCCTTCATAGCAC",10
"CATGCCTTCATCTGCC",11
"CATGCCTTCCCATTTA",20
"CATGCCTTCGCACTCT",92
"CATGCCTTCGGACAAG",71
"CATGCCTTCGGTTCGG",37
"CATGCCTTCTCGGACG",11
"CATGCCTTCTTACCGC",48
"CATGGCGAGAACTCGG",95
"CATGGCGAGCGCCTTG",74
"CATGGCGAGCGTTGCC",34
"CATGGCGAGCTAACTC",78
"CATGGCGAGGGTCTCC",71
"CATGGCGAGGTGCTTT",10
"CATGGCGCAAAGTCAA",94
"CATGGCGCAATAGCGG",1000
"CATGGCGCAATCGGTT",11
"CATGGCGCACATTAGC",23
"CATGGCGCACGTAAGG",11
"CATGGCGCAGAGTGTG",1000
"CATGGCGCAGTACACT",10
"CATGGCGCATGCGCAC",19
"CATGGCGGTAATAGCA",84
"CATGGCGGTACCGTAT",69
"CATGGCGGTAGAAGGA",60
"CATGGCGGTCATACTG",11
"CATGGCGGTCCGTCAG",86
"CATGGCGGTGCCTTGG",72
"CATGGCGGTGGACGAT",46
"CATGGCGGTGTGGTTT",1000
"CATGGCGGTTTAGGAA",71
"CATGGCGTCACCCGAG",84
"CATGGCGTCAGAGCTT",1000
"CATGGCGTCGTATCAG",94
"CATGGCGTCTCACATT",47
"CATGGCGTCTTCGAGA",78
"CATTATCAGCAGCCTC",58
"CATTATCAGGAATCGC",94
"CATTATCAGTCCTCCT",90
"CATTATCAGTTACGGG",61
"CATTATCCAACTGCGC",8
"CATTATCCAAGAAAGG",1000
"CATTATCCACAACTGT",7
"CATTATCCAGCGTAAG",91
"CATTATCCAGGACGTA",70
"CATTATCCAGGCAGTA",1000
"CATTATCCATACCATG",72
"CATTATCCATCCGTGG",64
"CATTATCCATTGGCGC",23
"CATTATCGTACGACCC",11
"CATTATCGTCCGAAGA",1000
"CATTATCGTCGGGTCT",59
"CATTATCGTGAACCTT",96
"CATTATCGTGTCTGAT",37
"CATTATCTCACTCTTA",11
"CATTATCTCCGCGGTA",23
"CATTATCTCCTCATTA",67
"CATTATCTCGTTTATC",70
"CATTATCTCTGTGCAA",60
"CATTATCTCTTGCATT",1000
"CATTCGCAGAAACGCC",94
"CATTCGCAGAATTCCC",69
"CATTCGCAGCTAGCCC",8
"CATTCGCAGGCTATCT",92
"CATTCGCAGTGAAGAG",1000
"CATTCGCCACATTCGA",84
"CATTCGCCACCCAGTG",94
"CATTCGCCACCTCGGA",63
"CATTCGCCACGAAATA",72
"CATTCGCCAGTGAGTG",1000
"CATTCGCCATCGTCGG",82
"CATTCGCCATGAAGTA",82
"CATTCGCGTAGCTGCC",23
"CATTCGCGTATCACCA",1000
"CATTCGCGTCGAGATG",67
"CATTCGCGTCGCGTGT",59
"CATTCGCGTGAACCTT",22
"CATTCGCGTGAGTGAC",1000
"CATTCGCGTGCTGTAT",10
"CATTCGCGTTCCACTC",75
"CATTCGCGTTCTGGTA",1000
"CATTCGCTCAGTTAGC",35
"CATTCGCTCAGTTCGA",35
"CATTCGCTCATAGCAC",38
"CATTCGCTCATGCATG",1000
"CATTCGCTCCACGTTC",79
"CATTCGCTCGGAGGTA",11
"CATTCGCTCGGGAGTA",49
"CATTCGCTCGTACGGC",1000
"CATTCGCTCGTTTGCC",1000
"CATTCGCTCTCAACTT",67
"CATTCGCTCTTGAGAC",94
"CCAATCCAGAAGGACA",25
"CCAATCCAGCTGCAAG",47
"CCAATCCAGGGCTCTC",59
"CCAATCCAGGTTACCT",40
"CCAATCCAGTATCGAA",23
"CCAATCCAGTCATGCT",68
"CCAATCCAGTCCAGGA",62
"CCAATCCCAACGATGG",11
"CCAATCCCAAGGTTCT",32
"CCAATCCCAAGGTTTC",58
"CCAATCCCAATACGCT",81
"CCAATCCCACCGGAAA",70
"CCAATCCCACGACGAA",13
"CCAATCCCACGCGAAA",49
"CCAATCCCAGCTGTGC",80
"CCAATCCCATCGGTTA",93
"CCAATCCCATTACGAC",22
"CCAATCCCATTGAGCT",53
"CCAATCCGTATATGAG",11
"CCAATCCGTCCGTCAG",84
"CCAATCCGTCGCGTGT",22
"CCAATCCGTCGCTTCT",1000
"CCAATCCGTCGGCTCA",92
"CCAATCCGTCGGGTCT",11
"CCAATCCGTTATCACG",14
"CCAATCCGTTATCGGT",59
"CCAATCCTCCAACCAA",1000
"CCAATCCTCCAAGCCG",58
"CCAATCCTCCTCGCAT",70
"CCAATCCTCCTTGACC",47
"CCAATCCTCGTGACAT",80
"CCAATCCTCTACCTGC",1000
"CCAATCCTCTGGTGTA",1000
"CCACCTAAGAGGTACC",1
"CCACCTAAGGGCTTGA",86
"CCACCTAAGGTAGCCA",13
"CCACCTAAGTCATGCT",22
"CCACCTAAGTGTGGCA",35
"CCACCTACAAAGGAAG",35
"CCACCTACACCATGTA",65
"CCACCTAGTACGCACC",70
"CCACCTAGTAGAGCTG",94
"CCACCTAGTAGCGCAA",94
"CCACCTAGTAGCTTGT",29
"CCACCTAGTGATAAGT",1000
"CCACCTAGTTAAGGGC",47
"CCACCTAGTTCACCTC",35
"CCACCTAGTTGGTGGA",95
"CCACCTAGTTGGTTTG",61
"CCACCTATCAACGCTA",1
"CCACCTATCCGGCACA",1000
"CCACCTATCTCGCTTG",1000
"CCACCTATCTGTCCGT",31
"CCACGGAAGATATGGT",47
"CCACGGAAGCTAACAA",95
"CCACGGAAGGATTCGG",22
"CCACGGAAGTCAAGGC",84
"CCACGGACAAGACGTG",1000
"CCACGGACACAGGAGT",70
"CCACGGACACTTCGAA",71
"CCACGGACAGGACGTA",68
"CCACGGACAGGTGCCT",64
"CCACGGACATAAGACA",59
"CCACGGACATCACCCT",7
"CCACGGACATCCGTGG",1000
"CCACGGAGTAACGCGA",84
"CCACGGAGTAGGCATG",22
"CCACGGAGTATGAATG",37
"CCACGGAGTATTCGTG",80
"CCACGGAGTCCATCCT",22
"CCACGGAGTCCTGCTT",1000
"CCACGGAGTCGAATCT",62
"CCACGGAGTCGGATCC",9
"CCACGGAGTCTGATTG",37
"CCACGGAGTCTGCAAT",58
"CCACGGAGTGCCTTGG",33
"CCACGGATCAACTCTT",71
"CCACGGATCAGCTTAG",11
"CCACGGATCAGTTAGC",43
"CCACGGATCATGTCTT",1000
"CCACGGATCGAGGTAG",70
"CCACGGATCGCAGGCT",63
"CCACGGATCTCTAGGA",94
"CCACGGATCTGTGCAA",35
"CCACGGATCTTGAGAC",84
"CCACTACAGAAGATTC",1000
"CCACTACAGAATAGGG",94
"CCACTACAGACGCTTT",71
"CCACTACAGATCCTGT",82
"CCACTACAGCCGATTT",59
"CCACTACAGGCCCTTG",59
"CCACTACAGGGCACTA",33
"CCACTACAGTCGATAA",72
"CCACTACCAAGCTGAG",1000
"CCACTACCAAGTAGTA",94
"CCACTACCACATTTCT",11
"CCACTACCACCCATTC",61
"CCACTACCACGTGAGA",20
"CCACTACCAGTGACAG",47
"CCACTACCATACGCCG",47
"CCACTACCATGTCGAT",23
"CCACTACGTATAGGGC",91
"CCACTACGTATGAAAC",44
"CCACTACGTATTCGTG",58
"CCACTACGTCAGAAGC",60
"CCACTACGTCTAGTGT",71
"CCACTACGTCTTGTCC",0
"CCACTACGTGATAAGT",7
"CCACTACGTGCTCTTC",8
"CCACTACGTTGAGGTG",1000
"CCACTACTCAGATAAG",46
"CCACTACTCCTCCTAG",34
"CCACTACTCGACCAGC",27
"CCACTACTCGGATGGA",47
"CCACTACTCTAACCGA",47
"CCACTACTCTAACGGT",1000
"CCACTACTCTCGAGTA",1000
"CCACTACTCTGGCGAC",1000
"CCACTACTCTTGCCGT",47
"CCAGCGAAGATCTGAA",1000
"CCAGCGAAGCACACAG",1000
"CCAGCGAAGCATGGCA",1000
"CCAGCGAAGCTAAACA",10
"CCAGCGAAGCTGCCCA",71
"CCAGCGAAGGACCACA",59
"CCAGCGAAGGATGCGT",58
"CCAGCGAAGGCATTGG",71
"CCAGCGAAGTTAAGTG",33
"CCAGCGACAAGCCATT",95
"CCAGCGACACCTATCC",8
"CCAGCGACACTAGTAC",76
"CCAGCGACACTTCTGC",94
"CCAGCGACAGCTGTAT",23
"CCAGCGACAGTCGTGC",46
"CCAGCGACATCACCCT",56
"CCAGCGACATCGGACC",1000
"CCAGCGACATCTCCCA",37
"CCAGCGAGTCCCTACT",59
"CCAGCGAGTCCCTTGT",37
"CCAGCGAGTCTAGTCA",85
"CCAGCGAGTGCATCTA",1000
"CCAGCGAGTTTGCATG",56
"CCAGCGAGTTTGGGCC",91
"CCAGCGAGTTTGTTTC",1000
"CCAGCGATCACCGTAA",1000
"CCAGCGATCAGTACGT",59
"CCAGCGATCCGCATCT",55
"CCAGCGATCCTAGAAC",53
"CCAGCGATCGATGAGG",82
"CCAGCGATCGGACAAG",25
"CCATGTCAGACTCGGA",26
"CCATGTCAGCCTCGTG",91
"CCATGTCAGGGAACGG",11
"CCATGTCAGGTTACCT",1
"CCATGTCAGTTAAGTG",1000
"CCATGTCCACAGGAGT",35
"CCATGTCCATGGATGG",95
"CCATGTCGTAAGGGCT",43
"CCATGTCGTACCGAGA",76
"CCATGTCGTAGCGTCC",80
"CCATGTCGTATTACCG",1000
"CCATGTCGTCGCTTTC",36
"CCATGTCGTGAGTATA",22
"CCATGTCTCAGAGCTT",96
"CCATTCGAGAAGGGTA",8
"CCATTCGAGAATTCCC",50
"CCATTCGAGACAAGCC",70
"CCATTCGAGACACTAA",46
"CCATTCGAGACTAAGT",83
"CCATTCGAGATGCCAG",8
"CCATTCGAGCAAATCA",84
"CCATTCGAGCGAAGGG",23
"CCATTCGAGTCACGCC",35
"CCATTCGAGTTATCGC",70
"CCATTCGCAACACCCG",59
"CCATTCGCAACACCTA",11
"CCATTCGCAACGCACC",62
"CCATTCGCAAGTTGTC",22
"CCATTCGCAATCTACG",49
"CCATTCGCACACCGAC",22
"CCATTCGCACAGCCCA",92
"CCATTCGCACCAGGCT",21
"CCATTCGCACCCAGTG",1000
"CCATTCGCACCCATTC",11
"CCATTCGCACGAAATA",35
"CCATTCGCAGCCAATT",86
"CCATTCGCATACTACG",70
"CCATTCGCATCCCATC",66
"CCATTCGCATGCCACG",82
"CCATTCGGTAAGTTCC",80
"CCATTCGGTACAAGTA",59
"CCATTCGGTAGAGCTG",1
"CCATTCGGTATATCCG",44
"CCATTCGGTCATATCG",35
"CCATTCGGTCCCTACT",43
"CCATTCGGTCTCTTAT",94
"CCATTCGGTGTTCTTT",22
"CCATTCGGTTCAGCGC",23
"CCATTCGGTTTGTTTC",80
"CCATTCGTCATCATTC",46
"CCATTCGTCATGGTCA",13
"CCATTCGTCCCAGGTG",57
"CCATTCGTCCGCATAA",92
"CCATTCGTCCTAGGGC",10
"CCATTCGTCGCAAACT",44
"CCATTCGTCGGAGGTA",1000
"CCATTCGTCGTTACGA",43
"CCATTCGTCTGATTCT",94
"CCATTCGTCTTTCCTC",75
"CCCAATCAGAGACTTA",44
"CCCAATCAGCCAGTTT",23
"CCCAATCAGCGACGTA",82
"CCCAATCAGGCCGAAT",58
"CCCAATCAGGCTCAGA",10
"CCCAATCAGGGTGTGT",66
"CCCAATCAGGTTACCT",83
"CCCAATCCACAACGCC",31
"CCCAATCCACCATGTA",84
"CCCAATCCACGGTTTA",2
"CCCAATCCACTAAGTC",65
"CCCAATCCAGGATCGA",91
"CCCAATCCATACGCCG",47
"CCCAATCGTACCCAAT",13
"CCCAATCGTACCGAGA",37
"CCCAATCGTAGCCTCG",43
"CCCAATCGTATAGGGC",86
"CCCAATCGTGAGCGAT",46
"CCCAATCTCAAGCCTA",14
"CCCAATCTCCTTCAAT",5
"CCCAATCTCTACTATC",1000
"CCCAATCTCTATCCTA",22
"CCCAGTTAGAGACTAT",68
"CCCAGTTAGAGTAATC",84
"CCCAGTTAGCACCGCT",1000
"CCCAGTTAGCGATCCC",2
"CCCAGTTAGCTGATAA",11
"CCCAGTTAGGCAATTA",8
"CCCAGTTAGTGGGCTA",57
"CCCAGTTAGTTCGCAT",22
"CCCAGTTCAAGGTTTC",64
"CCCAGTTCACATAACC",75
"CCCAGTTCACCAGGTC",19
"CCCAGTTCACCGGAAA",60
"CCCAGTTCAGCTGTTA",96
"CCCAGTTCAGGATTGG",95
"CCCAGTTCAGGGATTG",82
"CCCAGTTCAGGTGGAT",61
"CCCAGTTCAGTTCCCT",14
"CCCAGTTCATCTGGTA",59
"CCCAGTTCATGCGCAC",81
"CCCAGTTCATGGTCTA",58
"CCCAGTTCATGTTCCC",7
"CCCAGTTGTAAACCTC",93
"CCCAGTTGTCGCTTTC",49
"CCCAGTTGTCTTCGTC",77
"CCCAGTTGTGCCTGTG",57
"CCCAGTTGTGTGACCC",58
"CCCAGTTTCACTCTTA",94
"CCCAGTTTCAGAGGTG",35
"CCCAGTTTCATTGCCC",10
"CCCAGTTTCCGAATGT",10
"CCCAGTTTCGGAAATA",1000
"CCCAGTTTCGTAGGTT",21
"CCCAGTTTCTCGGACG",58
"CCCAGTTTCTGCGACG",33
"CCCATACAGAAGAAGC",34
"CCCATACAGATATGGT",1000
"CCCATACAGCCGTCGT",71
"CCCATACAGCGTTTAC",67
"CCCATACAGCTAACAA",1000
"CCCATACAGGCGTACA",10
"CCCATACAGGTGTTAA",44
"CCCATACAGTAGATGT",56
"CCCATACAGTGGTCCC",85
"CCCATACAGTGTCCAT",35
"CCCATACCAAACCTAC",46
"CCCATACCAAACGTGG",47
"CCCATACCAACAACCT",1
"CCCATACCAATCGGTT",82
"CCCATACCACAACGTT",23
"CCCATACCACAGACTT",22
"CCCATACCACGGATAG",90
"CCCATACCACTGAAGG",31
"CCCATACCAGCTATTG",84
"CCCATACCAGGGATTG",22
"CCCATACGTATAAACG",19
"CCCATACGTATAGGTA",2
"CCCATACGTATGCTTG",13
"CCCATACGTCCCGACA",45
"CCCATACGTCGTGGCT",43
"CCCATACGTCTTCGTC",1000
"CCCATACGTGCTCTTC",56
"CCCATACGTTATCCGA",91
"CCCATACTCACCACCT",25
"CCCATACTCCGAATGT",1000
"CCCATACTCCGCAAGC",10
"CCCATACTCCGCGGTA",35
"CCCATACTCCGTAGTA",1000
"CCCATACTCCTTTCTC",58
"CCCATACTCGCTTAGA",29
"CCCATACTCGCTTGTC",32
"CCCATACTCGGCTTGG",94
"CCCTCCTAGATACACA",44
"CCCTCCTAGCAGCCTC",37
"CCCTCCTAGCCGATTT",78
"CCCTCCTAGCGTTGCC",11
"CCCTCCTAGGTCATCT",34
"CCCTCCTAGTAACCCT",69
"CCCTCCTAGTATGACA",29
"CCCTCCTAGTCTCAAC",47
"CCCTCCTAGTTCGCAT",70
"CCCTCCTCAACTTGAC",94
"CCCTCCTCAAGCCATT",1000
"CCCTCCTCACATCTTT",70
"CCCTCCTCACTAGTAC",85
"CCCTCCTCAGCTCGCA",8
"CCCTCCTCATGACATC",58
"CCCTCCTCATGGTCAT",95
"CCCTCCTGTACTCGCG",60
"CCCTCCTGTAGCTGCC",81
"CCCTCCTGTAGCTTGT",55
"CCCTCCTGTCATGCCG",32
"CCCTCCTGTCTGGAGA",21
"CCCTCCTTCAAACAAG",59
"CCCTCCTTCACGAAGG",35
"CCCTCCTTCAGCGACC",96
"CCCTCCTTCCAGTAGT",68
"CCCTCCTTCTATCCCG",21
"CCGGGATAGACAAAGG",59
"CCGGGATAGACATAAC",95
"CCGGGATAGAGCAATT",35
"CCGGGATAGCACGCCT",83
"CCGGGATAGCGTAATA",10
"CCGGGATAGCGTTCCG",1000
"CCGGGATAGTAGGCCA",5
"CCGGGATAGTGGCACA",8
"CCGGGATAGTTGTAGA",86
"CCGGGATCAAGACACG",56
"CCGGGATCAGATAATG",23
"CCGGGATCATACGCCG",1000
"CCGGGATCATCACGTA",72
"CCGGGATCATCGGACC",56
"CCGGGATCATGCCCGA",1000
"CCGGGATCATTATCTC",91
"CCGGGATGTACACCGC",1000
"CCGGGATGTATAAACG",32
"CCGGGATGTATATGGA",1000
"CCGGGATGTTATGTGC",25
"CCGGGATTCGCCGTGA",1
"CCGGGATTCTGGCGAC",72
"CCGGGATTCTGTTTGT",25
"CCGGGATTCTTGCATT",96
"CCGGTAGAGCGTAGTG",46
"CCGGTAGAGCTGGAAC",67
"CCGGTAGAGGCAATTA",56
"CCGGTAGAGTGACATA",1000
"CCGGTAGCAAACCCAT",45
"CCGGTAGCAAGTAGTA",55
"CCGGTAGCACCTGGTG",1000
"CCGGTAGCAGACAAAT",58
"CCGGTAGCAGTCAGAG",1000
"CCGGTAGCATATACCG",63
"CCGGTAGCATGTCGAT",11
"CCGGTAGGTAAACGCG",59
"CCGGTAGGTAGATTAG",58
"CCGGTAGGTAGCTAAA",3
"CCGGTAGGTCCATGAT",58
"CCGGTAGGTCGCTTTC",41
"CCGGTAGGTGCAGACA",96
"CCGGTAGGTGCTCTTC",37
"CCGGTAGGTGGACGAT",23
"CCGGTAGGTTATGTGC",32
"CCGGTAGGTTCGTTGA",1000
"CCGGTAGGTTGGAGGT",34
"CCGGTAGTCCCGGATG",76
"CCGGTAGTCCCTGACT",85
"CCGGTAGTCCGCATCT",7
"CCGGTAGTCCGGGTGT",1000
"CCGGTAGTCGCCGTGA",35
"CCGGTAGTCTATCCTA",86
"CCGGTAGTCTCCAACC",82
"CCGGTAGTCTCCAGGG",76
"CCGGTAGTCTGTCCGT",56
"CCGTACTAGATGGGTC",10
"CCGTACTAGCTAGTTC",94
"CCGTACTAGGACATTA",1000
"CCGTACTAGGGTCGAT",59
"CCGTACTAGGTGACCA",11
"CCGTACTAGTGTGGCA",70
"CCGTACTAGTTACGGG",67
"CCGTACTAGTTCGATC",1000
"CCGTACTCAAACGCGA",69
"CCGTACTCAACACCTA",1000
"CCGTACTCACATGACT",1000
"CCGTACTCACATTCGA",95
"CCGTACTCACCCATTC",94
"CCGTACTCATGCTAGT",24
"CCGTACTCATGTCTCC",50
"CCGTACTGTACATGTC",24
"CCGTACTGTAGTAGTA",41
"CCGTACTGTATCACCA",92
"CCGTACTGTATGGTTC",17
"CCGTACTGTCGACTAT",10
"CCGTACTGTCTTCGTC",58
"CCGTACTGTCTTGATG",1000
"CCGTACTGTTAGTGGG",62
"CCGTACTGTTCCGGCA",10
"CCGTACTTCACCAGGC",82
"CCGTACTTCATCTGCC",25
"CCGTACTTCATGGTCA",32
"CCGTACTTCCACGCAG",96
"CCGTACTTCCTGTAGA",92
"CCGTACTTCTCCTATA",71
"CCGTACTTCTGCTTGC",44
"CCGTGGAAGAAGAAGC",1
"CCGTGGAAGACACTAA",22
"CCGTGGAAGAGTACCG",44
"CCGTGGAAGTACGCGA",88
"CCGTGGAAGTCCATAC",94
"CCGTGGAAGTGCGATG",32
"CCGTGGACAAATACAG",29
"CCGTGGACAAGCGATG",1000
"CCGTGGACACATTAGC",11
"CCGTGGACACCATGTA",59
"CCGTGGACACTCTGTC",86
"CCGTGGACAGATGGCA",1000
"CCGTGGACAGCCAGAA",23
"CCGTGGACAGTATAAG",11
"CCGTGGACATGAGCGA",44
"CCGTGGAGTAAACACA",95
"CCGTGGAGTAAGAGAG",70
"CCGTGGAGTACTTAGC",80
"CCGTGGAGTCAATGTC",37
"CCGTGGAGTCACTGGC",20
"CCGTGGAGTCGCGAAA",11
"CCGTGGAGTCTCCACT",45
"CCGTGGAGTGCCTTGG",1000
"CCGTGGAGTGGAAAGA",34
"CCGTGGAGTGGTCCGT",57
"CCGTGGAGTTCCTCCA",47
"CCGTGGAGTTCTGGTA",35
"CCGTGGAGTTGAGTTC",53
"CCGTGGATCAGCGATT",43
"CCGTGGATCGAATCCA",60
"CCGTGGATCGCGTTTC",60
"CCGTTCAAGACTAGGC",79
"CCGTTCAAGCGGCTTC",94
"CCGTTCAAGGACATTA",50
"CCGTTCAAGGCAGTCA",25
"CCGTTCAAGTGTGGCA",59
"CCGTTCAAGTTGAGAT",70
"CCGTTCACAAACGCGA",1000
"CCGTTCACAAACTGCT",94
"CCGTTCACACATTAGC",72
"CCGTTCACAGTCAGAG",22
"CCGTTCACATTGCGGC",69
"CCGTTCAGTAAATGAC",61
"CCGTTCAGTACAGTTC",68
"CCGTTCAGTATAATGG",47
"CCGTTCAGTATCGCAT",92
"CCGTTCAGTCCGCTGA",1000
"CCGTTCAGTCTCACCT",59
"CCGTTCAGTCTGATCA",45
"CCGTTCAGTGACAAAT",5
"CCGTTCAGTGATAAAC",72
"CCGTTCAGTTACCAGT",29
"CCGTTCAGTTATCACG",56
"CCGTTCAGTTGTACAC",21
"CCGTTCATCAACACAC",96
"CCGTTCATCACCCGAG",11
"CCGTTCATCACCTTAT",34
"CCGTTCATCAGGTTCA",58
"CCGTTCATCGACCAGC",1
"CCGTTCATCGCAAACT",7
"CCGTTCATCGTGGACC",61
"CCGTTCATCTGCAGTA",7
"CCTAAAGAGACTAGGC",82
"CCTAAAGAGCATCATC",70
"CCTAAAGAGCGCCTTG",40
"CCTAAAGAGCTGCCCA",21
"CCTAAAGAGGAGTTGC",1000
"CCTAAAGAGGATGGTC",46
"CCTAAAGAGGCTCATT",70
"CCTAAAGAGTAGTGCG",57
"CCTAAAGAGTCCGGTC",53
"CCTAAAGCAATGCCAT",32
"CCTAAAGCACAAGTAA",32
"CCTAAAGCACCGTTGG",47
"CCTAAAGCAGATGGGT",25
"CCTAAAGCAGGATTGG",22
"CCTAAAGCAGTAAGAT",1000
"CCTAAAGCATGGTAGG",13
"CCTAAAGCATTTGCTT",61
"CCTAAAGGTACCATCA",23
"CCTAAAGGTACTTGAC",89
"CCTAAAGGTCATATGC",1000
"CCTAAAGGTGTTCTTT",1000
"CCTAAAGGTTACGACT",44
"CCTAAAGGTTGTCGCG",1000
"CCTAAAGTCAAGCCTA",49
"CCTAAAGTCAATAAGG",1000
"CCTAAAGTCATAAAGG",23
"CCTAAAGTCCGTAGTA",68
"CCTAAAGTCCTTGGTC",95
"CCTAAAGTCTCTTATG",74
"CCTAAAGTCTTTCCTC",96
"CCTACACAGAGGGATA",95
"CCTACACAGCCATCGC",71
"CCTACACAGCTTCGCG",49
"CCTACACAGGATGGAA",56
"CCTACACCAAGTTCTG",93
"CCTACACCACATAACC",55
"CCTACACCACCGAAAG",60
"CCTACACCACCTCGGA",1
"CCTACACCAGCATACT",94
"CCTACACCATCGGAAG",47
"CCTACACGTAGCCTAT",96
"CCTACACGTCAGCTAT",8
"CCTACACGTCCTCCAT",32
"CCTACACGTCGCCATG",70
"CCTACACTCAATACCG",13
"CCTACACTCAGATAAG",45
"CCTACACTCAGTCCCT",32
"CCTACACTCCACGCAG",91
"CCTACACTCCTTAATC",59
"CCTACACTCGGTTCGG",57
"CCTACCAAGACTTGAA",91
"CCTACCAAGAGGACGG",11
"CCTACCAAGCAGATCG",8
"CCTACCAAGCTAACTC",3
"CCTACCAAGGACATTA",72
"CCTACCAAGGTTCCTA",5
"CCTACCAAGTCCGGTC",35
"CCTACCACAAGACACG",37
"CCTACCACACAAGCCC",36
"CCTACCACACGCATCG",59
"CCTACCACACGTCTCT",11
"CCTACCACACTAGTAC",53
"CCTACCACAGTCGATT",83
"CCTACCACAGTGACAG",86
"CCTACCAGTACGCTGC",86
"CCTACCAGTCGCATCG",74
"CCTACCAGTCGCGTGT",56
"CCTACCAGTCTGGTCG",1000
"CCTACCAGTGAGCGAT",59
"CCTACCAGTGCTCTTC",47
"CCTACCAGTTAGGGTG",80
"CCTACCAGTTCCACAA",35
"CCTACCAGTTTGTTTC",35
"CCTACCATCACTCTTA",1000
"CCTACCATCAGTCCCT",73
"CCTACCATCATCATTC",55
"CCTACCATCATCTGCC",75
"CCTACCATCCAAGTAC",44
"CCTACCATCTTGTACT",61
"CCTACCATCTTTAGGG",56
"CCTAGCTAGAGGTTGC",11
"CCTAGCTAGCAGGTCA",2
"CCTAGCTAGCTCCTCT",1
"CCTAGCTAGTCGTACT",79
"CCTAGCTAGTTATCGC",70
"CCTAGCTCAACTGCTA",95
"CCTAGCTCAATCCGAT",59
"CCTAGCTCAGCTGTGC",1000
"CCTAGCTGTAACGCGA",49
"CCTAGCTGTATCACCA",82
"CCTAGCTGTCAGTGGA",2
"CCTAGCTGTCATCGGC",58
"CCTAGCTGTGAGTGAC",72
"CCTAGCTGTTCACGGC",84
"CCTAGCTGTTGAGGTG",94
"CCTAGCTGTTGGTAAA",82
"CCTAGCTTCAATACCG",34
"CCTAGCTTCCAAACTG",22
"CCTAGCTTCCCAAGTA",64
"CCTAGCTTCGGAGCAA",50
"CCTAGCTTCGGTCTAA",91
"CCTAGCTTCGTAGGAG",2
"CCTAGCTTCTCGCTTG",74
"CCTAGCTTCTTATCTG",71
"CCTAGCTTCTTGTACT",37
"CCTAGCTTCTTTACAC",1000
"CCTATTAAGCCCTAAT",24
"CCTATTAAGCGATATA",1000
"CCTATTAAGGTGGGTT",82
"CCTATTAAGTACCGGA",40
"CCTATTAAGTACGCGA",91
"CCTATTAAGTGAACAT",46
"CCTATTAAGTGTCCAT",19
"CCTATTACACATGGGA",67
"CCTATTACACGGCGTT",71
"CCTATTACACTCAGGC",24
"CCTATTACAGATGGCA",58
"CCTATTACAGCTGTGC",69
"CCTATTACATCGGTTA",11
"CCTATTACATTAGCCA",62
"CCTATTAGTACTCGCG",26
"CCTATTAGTAGAGTGC",11
"CCTATTAGTATTCGTG",91
"CCTATTAGTCCATCCT",23
"CCTATTAGTCGCGGTT",26
"CCTATTAGTCTGATCA",37
"CCTATTAGTGACCAAG",79
"CCTATTAGTGAGGGAG",59
"CCTATTAGTGAGTATA",83
"CCTATTAGTTAAGGGC",47
"CCTATTATCAACCAAC",74
"CCTATTATCAGCAACT",22
"CCTATTATCAGCGATT",19
"CCTATTATCCTGTACC",85
"CCTATTATCGAGGTAG",45
"CCTATTATCGTGGACC",1000
"CCTATTATCTAAGCCA",1000
"CCTATTATCTCCAGGG",70
"CCTATTATCTCGTATT",34
"CCTCAGTAGATGCCTT",11
"CCTCAGTAGCAGACTG",65
"CCTCAGTAGCAGATCG",2
"CCTCAGTAGCGCCTTG",32
"CCTCAGTAGGCCCGTT",11
"CCTCAGTAGTAACCCT",20
"CCTCAGTAGTGGAGAA",67
"CCTCAGTAGTGGCACA",1000
"CCTCAGTCAATGGAGC",23
"CCTCAGTCAATGGTCT",96
"CCTCAGTCACTATCTT",20
"CCTCAGTCAGACACTT",56
"CCTCAGTCAGGAATCG",46
"CCTCAGTCAGGGTATG",10
"CCTCAGTCATCCGCGA",46
"CCTCAGTGTATATGAG",52
"CCTCAGTGTCACACGC",8
"CCTCAGTGTCCTCTTG",11
"CCTCAGTGTTCAACCA",82
"CCTCAGTTCAACGAAA",94
"CCTCAGTTCACTGGGC",70
"CCTCAGTTCGCAAACT",50
"CCTCAGTTCGCAAGCC",66
"CCTCAGTTCTGCCCTA",85
"CCTCAGTTCTTCGAGA",34
"CCTCTGAAGACACGAC",47
"CCTCTGAAGAGCCCAA",23
"CCTCTGAAGGATGGTC",70
"CCTCTGAAGGGATCTG",70
"CCTCTGAAGGGCATGT",1000
"CCTCTGACAAAGTCAA",72
"CCTCTGACAAGTAATG",10
"CCTCTGACACGGACAA",71
"CCTCTGACACTCGACG",1000
"CCTCTGACACTGTGTA",22
"CCTCTGACAGGGTACA",46
"CCTCTGACAGTAAGAT",95
"CCTCTGAGTACTTCTT",20
"CCTCTGAGTCGTGGCT",37
"CCTCTGAGTCTGCCAG",91
"CCTCTGAGTGAACCTT",95
"CCTCTGAGTGTTCGAT",25
"CCTCTGAGTGTTGGGA",46
"CCTCTGATCATAACCG",46
"CCTTACGAGAAACGCC",67
"CCTTACGAGAGGGCTT",32
"CCTTACGAGAGGTACC",68
"CCTTACGAGAGTACAT",41
"CCTTACGAGATCCCAT",58
"CCTTACGAGCGATCCC",1000
"CCTTACGAGCGCTCCA",80
"CCTTACGAGCTCCTCT",55
"CCTTACGAGGATATAC",1
"CCTTACGAGTGGGATC",10
"CCTTACGCAAGGTTCT",84
"CCTTACGCAAGTCTAC",93
"CCTTACGCACAACTGT",1000
"CCTTACGCAGACGTAG",59
"CCTTACGCAGGACGTA",70
"CCTTACGCAGTAAGCG",10
"CCTTACGCATCCGTGG",73
"CCTTACGGTAAAGGAG",71
"CCTTACGGTCATCCCT",8
"CCTTACGGTCCAACTA",35
"CCTTACGGTGATGTGG",37
"CCTTACGGTTCTCATT",84
"CCTTACGGTTTGTTTC",1000
"CCTTACGTCAGCGATT",56
"CCTTACGTCATGCTCC",94
"CCTTACGTCCAGATCA",10
"CCTTACGTCCCAAGTA",58
"CCTTACGTCCTTTCTC",67
"CCTTACGTCGTATCAG",19
"CCTTACGTCTTGACGA",58
"CCTTCCCAGAACTCGG",46
"CCTTCCCAGACCTAGG",32
"CCTTCCCAGCCCAATT",10
"CCTTCCCAGCCTTGAT",51
"CCTTCCCAGCGCCTTG",22
"CCTTCCCAGGACACCA",1000
"CCTTCCCAGGCATGTG",35
"CCTTCCCAGGCCCTTG",47
"CCTTCCCAGTGAACAT",1000
"CCTTCCCAGTGTTAGA",43
"CCTTCCCCAAATTGCC",71
"CCTTCCCCACGTCAGC",71
"CCTTCCCCACTGCCAG",46
"CCTTCCCCAGGGTATG",61
"CCTTCCCCATTATCTC",72
"CCTTCCCCATTCACTT",83
"CCTTCCCGTACAGACG",43
"CCTTCCCGTACCGAGA",91
"CCTTCCCGTCCATCCT",13
"CCTTCCCGTTAAAGAC",34
"CCTTCCCTCAACCAAC",59
"CCTTCCCTCAAGATCC",8
"CCTTCCCTCACCGGGT",79
"CCTTCCCTCCCTCTTT",58
"CCTTCCCTCCTAGGGC",31
"CCTTCCCTCGATCCCT",58
"CCTTCCCTCTACCTGC",72
"CCTTCCCTCTCACATT",35
"CCTTCCCTCTTTACGT",1000
"CCTTCGAAGAAGCCCA",94
"CCTTCGAAGAGAGCTC",92
"CCTTCGAAGAGGTAGA",11
"CCTTCGAAGATCGATA",11
"CCTTCGAAGCGCTCCA",1000
"CCTTCGAAGCGGATCA",31
"CCTTCGAAGCGTGAAC",69
"CCTTCGAAGGCCCGTT",82
"CCTTCGAAGTGTTTGC",80
"CCTTCGACAATGCCAT",58
"CCTTCGACACCGCTAG",10
"CCTTCGACACCTGGTG",1000
"CCTTCGACATATGAGA",86
"CCTTCGACATCGGTTA",59
"CCTTCGAGTCTCAACA",38
"CCTTCGAGTTAGGGTG",11
"CCTTCGAGTTCCCTTG",25
"CCTTCGATCACTATTC",37
"CCTTCGATCCAAGTAC",34
"CCTTCGATCCCTGACT",82
"CCTTCGATCGAACGGA",37
"CCTTCGATCTAACCGA",91
"CCTTCGATCTAGCACA",61
"CCTTCGATCTGATTCT",83
"CCTTCGATCTGCAAGT",70
"CCTTCGATCTGCGGCA",21
"CCTTCGATCTGTCTCG",40
"CCTTTCTAGAGGTTGC",70
"CCTTTCTAGCGGATCA",56
"CCTTTCTAGCTCAACT",25
"CCTTTCTAGGCGACAT",94
"CCTTTCTAGGCTACGA",71
"CCTTTCTAGTAGGTGC",23
"CCTTTCTAGTGCCAGA",70
"CCTTTCTAGTGCTGCC",1000
"CCTTTCTAGTGTTGAA",82
"CCTTTCTCAAGGTGTG",73
"CCTTTCTCAAGGTTTC",15
"CCTTTCTCAAGTTGTC",25
"CCTTTCTCAATACGCT",43
"CCTTTCTCAATGCCAT",67
"CCTTTCTCACCGGAAA",1000
"CCTTTCTCAGTTAACC",58
"CCTTTCTCATCAGTCA",72
"CCTTTCTGTCGACTAT",59
"CCTTTCTGTGAGTGAC",1000
"CCTTTCTTCATAAAGG",44
"CCTTTCTTCCGCATCT",23
"CCTTTCTTCGGAAACG",70
"CCTTTCTTCTGTGCAA",11
"CGAACATAGAGCTGCA",67
"CGAACATAGAGGACGG",71
"CGAACATAGCCAACAG",83
"CGAACATAGCGTCAAG",84
"CGAACATAGCTATGCT",22
"CGAACATAGGACGAAA",1000
"CGAACATAGGCTAGGT",72
"CGAACATAGGCTATCT",20
"CGAACATCAAGACACG",51
"CGAACATCAAGTTGTC",1000
"CGAACATCAATCCAAC",84
"CGAACATCACCTCGTT",60
"CGAACATCACGCTTTC",59
"CGAACATCAGACGTAG",1000
"CGAACATCAGAGCCAA",44
"CGAACATCAGCTATTG",70
"CGAACATCAGGATTGG",33
"CGAACATCAGGGTATG",1000
"CGAACATGTAAATGAC",1000
"CGAACATGTATAAACG",93
"CGAACATGTCAGATAA",58
"CGAACATGTCTAGTGT",70
"CGAACATGTCTGATTG",1000
"CGAACATGTGATGATA",79
"CGAACATTCAATCACG",2
"CGAACATTCACCCGAG",73
"CGAACATTCAGGTTCA",10
"CGAACATTCCAGATCA",78
"CGAACATTCCTATTCA",94
"CGAACATTCGCTAGCG",27
"CGAACATTCGGGAGTA",35
"CGAACATTCTGATACG",76
"CGAACATTCTGTACGA",34
"CGAACATTCTTCATGT",60
"CGAATGTAGACTAGAT",20
"CGAATGTAGAGTAATC",80
"CGAATGTAGGAATGGA",84
"CGAATGTAGTCAAGCG",35
"CGAATGTAGTCTTGCA",82
"CGAATGTCAAATACAG",85
"CGAATGTCAAGCTGAG",5
"CGAATGTCACAGACTT",23
"CGAATGTCACGGTTTA",74
"CGAATGTCAGATCTGT",59
"CGAATGTCAGCTTAAC",24
"CGAATGTCATTCGACA",59
"CGAATGTCATTGGTAC",91
"CGAATGTGTAGAGTGC",74
"CGAATGTGTCCGTGAC",23
"CGAATGTGTGACTCAT",95
"CGAATGTGTGTAATGA",11
"CGAATGTGTGTTTGTG",91
"CGAATGTGTTCGTGAT",93
"CGAATGTTCACCAGGC",82
"CGAATGTTCACCCGAG",91
"CGAATGTTCACGAAGG",69
"CGAATGTTCATGCTCC",96
"CGAATGTTCGTTACGA",58
"CGAATGTTCTCGCTTG",56
"CGAATGTTCTGCTGTC",11
"CGACCTTAGAGTGAGA",35
"CGACCTTAGATATGCA",17
"CGACCTTAGCTCCCAG",32
"CGACCTTAGCTGCCCA",1000
"CGACCTTAGGAGTACC",1000
"CGACCTTAGGCCATAG",23
"CGACCTTAGTGAACGC",84
"CGACCTTAGTGACATA",71
"CGACCTTAGTGGAGAA",32
"CGACCTTAGTTCGCAT",77
"CGACCTTCAAATCCGT",35
"CGACCTTCAATGAAAC",80
"CGACCTTCACATGTGT",10
"CGACCTTCAGAGCCAA",23
"CGACCTTCAGGCGATA",71
"CGACCTTCATCAGTAC",74
"CGACCTTCATGCCCGA",11
"CGACCTTCATGGAATA",59
"CGACCTTGTCATCGGC",64
"CGACCTTGTCTCCATC",95
"CGACCTTGTGGTCTCG",45
"CGACCTTTCAGCTCGG",23
"CGACCTTTCTAACTTC",82
"CGACCTTTCTGAGGGA",91
"CGACCTTTCTGGTTCC",94
"CGACTTCAGATGGCGT",61
"CGACTTCAGCCACGCT",22
"CGACTTCAGCCTATGT",56
"CGACTTCAGCGCCTCA",20
"CGACTTCAGCGTAGTG",69
"CGACTTCAGCTTTGGT",1000
"CGACTTCAGGTTCCTA",11
"CGACTTCAGTACGCGA",1000
"CGACTTCAGTAGGCCA",23
"CGACTTCAGTCAATAG",71
"CGACTTCAGTCTCGGC",15
"CGACTTCCAAACCCAT",35
"CGACTTCCAAATTGCC",60
"CGACTTCCAAGAGGCT",20
"CGACTTCCACGAAATA",82
"CGACTTCCACTAAGTC",51
"CGACTTCCAGCTGCTG",43
"CGACTTCCAGTCGTGC",60
"CGACTTCCAGTTCCCT",37
"CGACTTCCATGCCACG",35
"CGACTTCCATGCTAGT",95
"CGACTTCCATGTCCTC",60
"CGACTTCGTAGCACGA",58
"CGACTTCGTATTAGCC",61
"CGACTTCGTCCAGTTA",60
"CGACTTCGTGGTCCGT",94
"CGACTTCTCATAAAGG",62
"CGACTTCTCCTAGGGC",58
"CGACTTCTCCTGTAGA",96
"CGACTTCTCGCGTTTC",69
"CGACTTCTCGGTGTCG",1000
"CGACTTCTCTGTCTAT",70
"CGAGAAGAGAAGAAGC",72
"CGAGAAGAGAATGTTG",35
"CGAGAAGAGACGCACA",58
"CGAGAAGAGCGACGTA",86
"CGAGAAGAGGGCTCTC",23
"CGAGAAGAGTCTCAAC",19
"CGAGAAGAGTGGTAAT",35
"CGAGAAGCAAGTCTAC",11
"CGAGAAGCACCGAAAG",72
"CGAGAAGCACGTGAGA",84
"CGAGAAGCAGTAACGG",57
"CGAGAAGCATGGGAAC",35
"CGAGAAGCATTACCTT",50
"CGAGAAGGTAACGCGA",63
"CGAGAAGGTAGAAAGG",79
"CGAGAAGGTATTAGCC",84
"CGAGAAGGTCCATGAT",47
"CGAGAAGGTCGGCATC",80
"CGAGAAGGTCTGCGGT",11
"CGAGAAGGTGACGCCT",83
"CGAGAAGGTGGCGAAT",59
"CGAGAAGGTGGGTCAA",1000
"CGAGAAGGTGTCGCTG",13
"CGAGAAGGTTACGGAG",70
"CGAGAAGGTTCCACGG",58
"CGAGAAGGTTGCTCCT",0
"CGAGAAGGTTGTACAC",70
"CGAGAAGTCATAAAGG",37
"CGAGAAGTCATTATCC",61
"CGAGAAGTCCCGGATG",1000
"CGAGAAGTCCGGGTGT",60
"CGAGAAGTCCTATGTT",46
"CGAGAAGTCGCCGTGA",58
"CGAGAAGTCGTTGACA",14
"CGAGAAGTCTTTACGT",32
"CGAGCACAGACTAGGC",18
"CGAGCACAGACTGGGT",1000
"CGAGCACAGATATACG",76
"CGAGCACCAAATACAG",45
"CGAGCACCAAATTGCC",23
"CGAGCACCACGGCGTT",59
"CGAGCACCAGCGTCCA",47
"CGAGCACCAGCTGTTA",55
"CGAGCACCAGGAATGC",2
"CGAGCACCATTGGTAC",85
"CGAGCACGTATGCTTG",60
"CGAGCACGTCTCTCTG",1000
"CGAGCACGTTAAAGAC",56
"CGAGCACGTTAAGAAC",47
"CGAGCACGTTGGGACA",34
"CGAGCACTCAAACGGG",87
"CGAGCACTCCTCGCAT",49
"CGAGCACTCGCAAGCC",94
"CGAGCACTCGGCTACG",13
"CGAGCACTCGTCTGCT",60
"CGAGCACTCGTTACGA",8
"CGAGCACTCTGTCAAG",34
"CGAGCACTCTTTACGT",35
"CGAGCCAAGAACAATC",85
"CGAGCCAAGAGTAATC",78
"CGAGCCAAGATCCCAT",75
"CGAGCCAAGATGTGGC",47
"CGAGCCAAGCCCTAAT",22
"CGAGCCAAGGCTAGCA",1000
"CGAGCCAAGTATCGAA",82
"CGAGCCAAGTTCGATC",79
"CGAGCCACAAAGGAAG",58
"CGAGCCACAAGCTGAG",54
"CGAGCCACAGATGGCA",1000
"CGAGCCACAGCCTATA",23
"CGAGCCACAGTAAGCG",63
"CGAGCCACATCGGAAG",76
"CGAGCCACATGCTAGT",67
"CGAGCCAGTAAATACG",71
"CGAGCCAGTCAGTGGA",22
"CGAGCCAGTGTGGCTC",71
"CGAGCCAGTTCAGGCC",1000
"CGAGCCAGTTCCAACA",60
"CGAGCCAGTTTAGGAA",46
"CGAGCCAGTTTCGCTC",87
"CGAGCCATCACGACTA",1000
"CGAGCCATCCGAGCCA",11
"CGAGCCATCCGCTGTT",82
"CGAGCCATCGGCCGAT",7
"CGAGCCATCGTAGGAG",84
"CGAGCCATCTATCCCG",23
"CGAGCCATCTCACATT",76
"CGATCGGAGACCTAGG",70
"CGATCGGAGATATACG",53
"CGATCGGAGCCAGAAC",68
"CGATCGGAGCCTATGT",26
"CGATCGGAGCTGCCCA",4
"CGATCGGAGGCCCGTT",80
"CGATCGGAGTACATGA",84
"CGATCGGAGTCATCCA",92
"CGATCGGAGTGAAGTT",67
"CGATCGGAGTGATCGG",22
"CGATCGGCAATGAAAC",1000
"CGATCGGCACATGTGT",71
"CGATCGGCACCGGAAA",35
"CGATCGGCACGACTCG",58
"CGATCGGCAGCAGTTT",34
"CGATCGGCATTTGCTT",25
"CGATCGGGTACAGACG",71
"CGATCGGGTACTCTCC",71
"CGATCGGGTAGCGCAA",22
"CGATCGGGTATGAATG",11
"CGATCGGGTCAGAATA",94
"CGATCGGGTCATGCCG",14
"CGATCGGGTCTCCACT",85
"CGATCGGGTGACTCAT",70
"CGATCGGGTTACGCGC",2
"CGATCGGGTTTCGCTC",1000
"CGATCGGTCAACTCTT",11
"CGATCGGTCACGGTTA",11
"CGATCGGTCAGCATGT",10
"CGATCGGTCATCTGTT",56
"CGATCGGTCATGCAAC",82
"CGATCGGTCATTGCCC",83
"CGATCGGTCCAAATGC",52
"CGATCGGTCCTTTCGG",35
"CGATCGGTCGCAAGCC",1000
"CGATCGGTCGCGATCG",1000
"CGATCGGTCGGACAAG",35
"CGATCGGTCGTGGACC",47
"CGATCGGTCTACTATC",80
"CGATCGGTCTCGGACG",20
"CGATGGCAGACAAGCC",10
"CGATGGCAGAGCAATT",44
"CGATGGCAGCACACAG",10
"CGATGGCAGCACCGTC",95
"CGATGGCAGCTGATAA",74
"CGATGGCAGGAGTTTA",1000
"CGATGGCAGGTGCAAC",10
"CGATGGCAGTGAAGTT",1000
"CGATGGCAGTTCCACA",22
"CGATGGCAGTTCGATC",19
"CGATGGCCAATGGACG",23
"CGATGGCCACCCAGTG",85
"CGATGGCCAGTCAGCC",58
"CGATGGCGTCACAAGG",10
"CGATGGCGTCACTGGC",74
"CGATGGCGTGCTGTAT",71
"CGATGGCGTGGCCCTA",23
"CGATGGCGTGTGTGCC",11
"CGATGGCGTTCAGACT",76
"CGATGGCTCACTATTC",1000
"CGATGGCTCAGGCGAA",75
"CGATGGCTCAGTGTTG",25
"CGATGGCTCCACGTGG",67
"CGATGGCTCTGTCAAG",70
"CGATGTAAGAGAGCTC",75
"CGATGTAAGGTGTTAA",1000
"CGATGTAAGTAGGTGC",83
"CGATGTAAGTGACTCT",23
"CGATGTACAATCTGCA",20
"CGATGTACACCTCGTT",37
"CGATGTACAGCATACT",70
"CGATGTACAGCTGGCT",1000
"CGATGTACAGCTGTGC",71
"CGATGTACAGTATCTG",93
"CGATGTACATGCAATC",85
"CGATGTAGTAAATGAC",1000
"CGATGTAGTACTCAAC",37
"CGATGTAGTAGCGATG",2
"CGATGTAGTAGGCATG",72
"CGATGTAGTGCCTGCA",43
"CGATGTAGTTAAGATG",96
"CGATGTAGTTATGCGT",47
"CGATGTAGTTTGGCGC",25
"CGATGTATCACAAACC",76
"CGATGTATCACCTTAT",55
"CGATGTATCACTTATC",19
"CGATGTATCCAGAGGA",44
"CGATGTATCCCATTTA",2
"CGATGTATCCGTAGGC",95
"CGATGTATCCTACAGA",34
"CGATGTATCGAGCCCA",47
"CGATGTATCGGTTCGG",68
"CGATGTATCGTTTGCC",59
"CGATGTATCTGAGTGT",47
"CGATGTATCTTGGGTA",45
"CGATTGAAGAACAACT",35
"CGATTGAAGACTAGGC",84
"CGATTGAAGAGAGCTC",1000
"CGATTGAAGGACACCA",47
"CGATTGAAGGGAGTAA",84
"CGATTGAAGGGCTTGA",71
"CGATTGAAGGGTCTCC",23
"CGATTGAAGTCCTCCT",94
"CGATTGACAAGTAGTA",59
"CGATTGACAATACGCT",1000
"CGATTGACACAGACAG",23
"CGATTGACAGTCAGAG",1000
"CGATTGACATCACGTA",1000
"CGATTGAGTAAGAGAG",95
"CGATTGAGTCTCTTTA",83
"CGATTGAGTGGTTTCA",69
"CGATTGAGTGTTCGAT",26
"CGATTGAGTTGAGGTG",26
"CGATTGAGTTGGACCC",68
"CGATTGAGTTTACTCT",78
"CGATTGATCACGGTTA",69
"CGATTGATCCCTAATT",1000
"CGATTGATCCGTTGCT",47
"CGATTGATCTCTTATG",64
"CGATTGATCTGATTCT",83
"CGATTGATCTTTAGTC",94
"CGCCAAGAGAAAGTGG",84
"CGCCAAGAGAATAGGG",8
"CGCCAAGAGATGGGTC",86
"CGCCAAGAGCAATATG",59
"CGCCAAGAGCGCTTAT",35
"CGCCAAGAGGCCGAAT",5
"CGCCAAGAGGGCTTGA",1000
"CGCCAAGAGGTGTGGT",61
"CGCCAAGAGTATGACA",59
"CGCCAAGCAAACAACA",46
"CGCCAAGCAAGCTGGA",48
"CGCCAAGCACAAGCCC",59
"CGCCAAGCACAGCCCA",34
"CGCCAAGCACCAACCG",1000
"CGCCAAGCACTGAAGG",22
"CGCCAAGCAGATCTGT",1
"CGCCAAGCAGTTCCCT",67
"CGCCAAGCATCAGTAC",58
"CGCCAAGCATCCAACA",81
"CGCCAAGCATTAGCCA",84
"CGCCAAGCATTGGGCC",57
"CGCCAAGGTAGGCTGA",34
"CGCCAAGGTATATGGA",17
"CGCCAAGGTCAACATC",64
"CGCCAAGGTCTGCCAG",23
"CGCCAAGGTTAAGGGC",10
"CGCCAAGGTTCTGAAC",11
"CGCCAAGGTTTCGCTC",81
"CGCCAAGTCAACGCTA",58
"CGCCAAGTCAAGGTAA",96
"CGCCAAGTCCAAACAC",55
"CGCCAAGTCCGGGTGT",86
"CGCCAAGTCGTAGGTT",58
"CGCCAAGTCTAAGCCA",1000
"CGCCAAGTCTGCTGTC",58
"CGCGGTAAGAGTACAT",22
"CGCGGTAAGCGTAATA",21
"CGCGGTAAGTAATCCC",45
"CGCGGTACAAAGTCAA",25
"CGCGGTACAGCATGAG",72
"CGCGGTACATCCCACT",73
"CGCGGTACATCGGGTC",59
"CGCGGTACATGGAATA",83
"CGCGGTACATGTCTCC",46
"CGCGGTAGTCGAGATG",81
"CGCGGTAGTCGCTTCT",35
"CGCGGTAGTGGTACAG",92
"CGCGGTAGTTCCATGA",59
"CGCGGTAGTTCCCGAG",70
"CGCGGTATCACCGGGT",72
"CGCGGTATCCAACCAA",35
"CGCGGTATCCCAGGTG",94
"CGCGGTATCCGCATCT",82
"CGCGGTATCGCAAACT",59
"CGCGGTATCTATCCTA",96
"CGCGGTATCTCCTATA",47
"CGCGGTATCTGTCCGT",79
"CGCGGTATCTTGCATT",59
"CGCGTTTAGACTACAA",1000
"CGCGTTTAGCATGGCA",85
"CGCGTTTAGCTGCCCA",60
"CGCGTTTAGGCTAGAC",36
"CGCGTTTAGTGCAAGC",59
"CGCGTTTAGTGCGATG",71
"CGCGTTTCAACACCTA",20
"CGCGTTTCAATGAATG",70
"CGCGTTTCAGCGTCCA",13
"CGCGTTTGTAGAAGGA",96
"CGCGTTTGTATCACCA",11
"CGCGTTTGTCATCCCT",1000
"CGCGTTTGTGCAACTT",17
"CGCGTTTGTGCGCTTG",33
"CGCGTTTGTTCTGTTT",22
"CGCGTTTGTTGATTGC",52
"CGCGTTTTCAACACAC",69
"CGCGTTTTCAGCGACC",1000
"CGCGTTTTCATGTCCC",10
"CGCGTTTTCCACTCCA",23
"CGCGTTTTCCTATTCA",46
"CGCGTTTTCGTGACAT",72
"CGCGTTTTCTCTTGAT",47
"CGCGTTTTCTGCTTGC",71
"CGCTATCAGAGCCCAA",71
"CGCTATCAGAGTCGGT",82
"CGCTATCAGATATGCA",35
"CGCTATCAGCCAGGAT",84
"CGCTATCAGCGTGAAC",44
"CGCTATCAGGTGCTTT",59
"CGCTATCAGTCCATAC",50
"CGCTATCAGTGGCACA",62
"CGCTATCAGTGTACGG",92
"CGCTATCCAAGCGAGT",56
"CGCTATCCAATCAGAA",37
"CGCTATCCACGGCGTT",58
"CGCTATCCAGTAGAGC",1000
"CGCTATCCATAACCTG",60
"CGCTATCCATTCGACA",1
"CGCTATCGTCATATCG",58
"CGCTATCGTCATCCCT",87
"CGCTATCGTCCATCCT",82
"CGCTATCGTCTAGCGC",22
"CGCTATCGTCTTGATG",95
"CGCTATCGTGGCGAAT",19
"CGCTATCTCACGACTA",58
"CGCTATCTCAGCATGT",56
"CGCTATCTCCATTCTA",47
"CGCTATCTCCGGCACA",22
"CGCTATCTCCGTTGCT",47
"CGCTATCTCCTTGCCA",37
"CGCTATCTCGCCATAA",25
"CGCTATCTCGCCTGTT",46
"CGCTATCTCGTGGTCG",46
"CGCTATCTCTCTAGGA",74
"CGCTGGAAGACCCACC",13
"CGCTGGAAGACGCAAC",68
"CGCTGGAAGCCAGGAT",62
"CGCTGGAAGCGACGTA",81
"CGCTGGAAGCGGCTTC",47
"CGCTGGAAGCGTGTCC",22
"CGCTGGAAGCTGGAAC",11
"CGCTGGAAGGGCACTA",34
"CGCTGGAAGTACCGGA",96
"CGCTGGAAGTCCAGGA",10
"CGCTGGAAGTCGTTTG",35
"CGCTGGACACATCTTT",35
"CGCTGGACACCGAATT",58
"CGCTGGACACGGCTAC",84
"CGCTGGACAGCCTTGG",71
"CGCTGGACAGTTCATG",96
"CGCTGGACATATGAGA",11
"CGCTGGACATCCGTGG",13
"CGCTGGACATCTGGTA",1000
"CGCTGGAGTACCGAGA",77
"CGCTGGAGTACTCTCC",37
"CGCTGGAGTCAACTGT",72
"CGCTGGAGTCATGCCG",69
"CGCTGGAGTCCGTGAC",29
"CGCTGGAGTCGACTGC",58
"CGCTGGAGTCTTCGTC",67
"CGCTGGAGTGATAAGT",1000
"CGCTGGAGTGGCGAAT",22
"CGCTGGAGTGGCTCCA",11
"CGCTGGAGTGGTAACG",34
"CGCTGGAGTTCCGTCT",58
"CGCTGGAGTTCGTCTC",93
"CGCTGGATCAACGCTA",1000
"CGCTGGATCAGCACAT",94
"CGCTGGATCAGCATGT",84
"CGCTGGATCGAGAGCA",33
"CGCTGGATCGGTGTCG",66
"CGCTGGATCGTGTAGT",44
"CGCTGGATCTGCAAGT",46
"CGCTGGATCTGGTTCC",5
"CGCTTCAAGCAAATCA",72
"CGCTTCAAGGCAAAGA",93
"CGCTTCAAGTACGCGA",46
"CGCTTCAAGTATCGAA",59
"CGCTTCAAGTGCAAGC",23
"CGCTTCAAGTTAGGTA",93
"CGCTTCACAAATTGCC",80
"CGCTTCACAAGTTGTC",22
"CGCTTCACACAGATTC",81
"CGCTTCACACTCAGGC",48
"CGCTTCACACTGTCGG",46
"CGCTTCACAGCGTAAG",11
"CGCTTCACAGGACCCT",20
"CGCTTCAGTCACCTAA",1000
"CGCTTCAGTTAGATGA",22
"CGCTTCAGTTGTGGCC",72
"CGCTTCAGTTTAGCTG",43
"CGCTTCATCAAACGGG",72
"CGCTTCATCACTCCTG",1000
"CGCTTCATCATCATTC",35
"CGCTTCATCCAACCAA",22
"CGCTTCATCCATGCTC",79
"CGCTTCATCCGTAGTA",1
"CGCTTCATCCGTCATC",32
"CGCTTCATCGCGGATC",91
"CGCTTCATCGGCTTGG",23
"CGCTTCATCGTGGTCG",36
"CGCTTCATCGTTACAG",1000
"CGCTTCATCTCTAGGA",25
"CGCTTCATCTGATACG",60
"CGCTTCATCTTTCCTC",53
"CGGACACAGAAACGAG",57
"CGGACACAGAATTCCC",82
"CGGACACAGGAATCGC",47
"CGGACACAGGTGATTA",8
"CGGACACAGGTGTGGT",2
"CGGACACAGTACACCT",1000
"CGGACACAGTGGCACA",10
"CGGACACCAACTTGAC",89
"CGGACACCACTCTGTC",70
"CGGACACCAGGGAGAG",1000
"CGGACACCAGGGCATA",22
"CGGACACCATAACCTG",4
"CGGACACCATAGAAAC",70
"CGGACACCATCGATTG",58
"CGGACACCATGACGGA",58
"CGGACACCATGTAAGA",61
"CGGACACCATTTCAGG",74
"CGGACACGTAGGACAC",80
"CGGACACGTAGGGACT",57
"CGGACACGTCTCAACA",37
"CGGACACGTGCTGTAT",72
"CGGACACGTGTGGCTC",44
"CGGACACGTTACCAGT",35
"CGGACACGTTTAGCTG",96
"CGGACACGTTTCGCTC",1000
"CGGACACTCAAACCAC",70
"CGGACACTCAAGCCTA",59
"CGGACACTCATAACCG",20
"CGGACACTCATTATCC",64
"CGGACACTCCAAACAC",75
"CGGACACTCCGCGCAA",46
"CGGACACTCCTAGTGA",11
"CGGACACTCGGCTACG",34
"CGGACACTCGTTGCCT",95
"CGGACACTCTCTGAGA",61
"CGGACACTCTGCTGTC",53
"CGGACACTCTTACCGC",70
"CGGACGTAGACCCACC",59
"CGGACGTAGATACACA",1000
"CGGACGTAGCAGGTCA",72
"CGGACGTAGCTAAGAT",94
"CGGACGTAGCTAGTGG",59
"CGGACGTAGGCTCTTA",55
"CGGACGTAGTATCTCG",71
"CGGACGTAGTGGAGAA",35
"CGGACGTAGTTAGCGG",53
"CGGACGTCACGGTAAG",59
"CGGACGTCACTCAGGC",45
"CGGACGTCAGCCAATT",70
"CGGACGTCAGCTATTG",91
"CGGACGTCAGGGTTAG",71
"CGGACGTCAGGTGCCT",78
"CGGACGTCAGGTTTCA",59
"CGGACGTCATAGACTC",59
"CGGACGTGTAAATGAC",58
"CGGACGTGTACCGAGA",70
"CGGACGTGTAGAGCTG",55
"CGGACGTGTCGTTGTA",84
"CGGACGTGTCTGATCA",11
"CGGACGTGTGGGTCAA",11
"CGGACGTGTGGTGTAG",78
"CGGACGTGTTGAGTTC",56
"CGGACGTTCAGCTCGG",47
"CGGACGTTCCGAAGAG",56
"CGGACGTTCCGGCACA",59
"CGGACGTTCGCCATAA",60
"CGGACGTTCGTCACGG",1000
"CGGACGTTCTACTCAT",60
"CGGACTGAGCACACAG",0
"CGGACTGAGCAGGCTA",33
"CGGACTGAGCCCGAAA",81
"CGGACTGAGGCATGTG",35
"CGGACTGAGTGTACGG",14
"CGGACTGAGTTCGATC",22
"CGGACTGCAAGAAGAG",56
"CGGACTGCACAGGTTT",92
"CGGACTGCACCTGGTG",60
"CGGACTGCACGAAATA",1000
"CGGACTGCACGAGAGT",31
"CGGACTGCACTAAGTC",37
"CGGACTGCAGAGTGTG",58
"CGGACTGCAGGGTATG",11
"CGGACTGCATAGACTC",55
"CGGACTGCATATACCG",36
"CGGACTGCATATGAGA",70
"CGGACTGCATCAGTCA",34
"CGGACTGCATCCAACA",71
"CGGACTGCATTAGGCT",26
"CGGACTGGTAACGCGA",30
"CGGACTGGTAGGAGTC",13
"CGGACTGGTCACCTAA",67
"CGGACTGGTCTAGTCA",47
"CGGACTGGTGTCCTCT",66
"CGGACTGGTTCCACTC",72
"CGGACTGTCATCTGCC",52
"CGGACTGTCCACGACG",1000
"CGGACTGTCCAGAGGA",70
"CGGACTGTCCCATTTA",72
"CGGACTGTCGCAGGCT",38
"CGGACTGTCGGCGCTA",39
"CGGACTGTCTTAACCT",70
"CGGAGCTAGATAGCAT",51
"CGGAGCTAGCTAGTCT",77
"CGGAGCTAGCTCCCAG",26
"CGGAGCTAGGAACTGC",74
"CGGAGCTAGGACACCA",34
"CGGAGCTAGGGCTTGA",72
"CGGAGCTAGTCAAGGC",1000
"CGGAGCTCAAGCCTAT",71
"CGGAGCTCAATGTAAG",8
"CGGAGCTCACAACGTT",11
"CGGAGCTCACAGACAG",67
"CGGAGCTCACCTCGGA",91
"CGGAGCTCACGAAGCA",62
"CGGAGCTCACGACTCG",46
"CGGAGCTCACTGTGTA",31
"CGGAGCTCAGCTATTG",46
"CGGAGCTCAGGAATGC",19
"CGGAGCTCAGGTCCAC",26
"CGGAGCTCAGTAACGG",74
"CGGAGCTCAGTCAGAG",1000
"CGGAGCTCATAGAAAC",59
"CGGAGCTCATCGATTG",35
"CGGAGCTCATTCTTAC",32
"CGGAGCTGTACCGCTG",61
"CGGAGCTGTAGAGGAA",71
"CGGAGCTGTCAAGCGA",75
"CGGAGCTGTGTGCGTC",35
"CGGAGCTTCAGTTGAC",34
"CGGAGCTTCGACAGCC",54
"CGGAGCTTCGCATGGC",70
"CGGAGCTTCGGTTCGG",63
"CGGAGCTTCTATCCTA",1000
"CGGAGCTTCTGGCGTG",84
"CGGAGCTTCTGTCTAT",44
"CGGAGCTTCTTGTCAT",57
"CGGAGTCAGAACTGTA",77
"CGGAGTCAGAATGTTG",60
"CGGAGTCAGAGAGCTC",20
"CGGAGTCAGAGCTATA",34
"CGGAGTCAGATCTGCT",96
"CGGAGTCAGCCCAATT",22
"CGGAGTCAGCGATAGC",85
"CGGAGTCAGGAATCGC",60
"CGGAGTCAGGGATACC",57
"CGGAGTCAGTCCTCCT",7
"CGGAGTCAGTGTGAAT",44
"CGGAGTCCAAGACGTG",25
"CGGAGTCCAAGAGGCT",94
"CGGAGTCCAAGGACTG",72
"CGGAGTCCAATGAATG",11
"CGGAGTCCAGACAGGT",96
"CGGAGTCCAGGATCGA",1000
"CGGAGTCCAGGGATTG",82
"CGGAGTCGTCAATACC",60
"CGGAGTCGTGCAGACA",11
"CGGAGTCGTGCATCTA",58
"CGGAGTCGTGCTTCTC",23
"CGGAGTCGTTCCATGA",93
"CGGAGTCGTTTGACTG",59
"CGGAGTCTCAAACAAG",1000
"CGGAGTCTCACTCTTA",70
"CGGAGTCTCCTTCAAT",46
"CGGAGTCTCGTAGATC",43
"CGGAGTCTCTCCAGGG",45
"CGGAGTCTCTGCTGCT",17
"CGGAGTCTCTGTCAAG",22
"CGGAGTCTCTTCGGTC",35
"CGGCTAGAGAATGTGT",34
"CGGCTAGAGACTAGAT",58
"CGGCTAGAGAGCTGGT",44
"CGGCTAGAGATGTGGC",1000
"CGGCTAGAGCTAGGCA",47
"CGGCTAGAGTCAATAG",59
"CGGCTAGCAAAGTCAA",13
"CGGCTAGCACCTATCC",47
"CGGCTAGCACGACGAA",64
"CGGCTAGCATATACCG",50
"CGGCTAGCATCGATGT",75
"CGGCTAGCATCTCGCT",59
"CGGCTAGGTATAGGTA",34
"CGGCTAGGTCAGATAA",23
"CGGCTAGGTCCATCCT",67
"CGGCTAGGTCGAATCT",11
"CGGCTAGGTCGGATCC",47
"CGGCTAGGTCGGCTCA",43
"CGGCTAGGTCTAGAGG",84
"CGGCTAGGTGAGTATA",92
"CGGCTAGGTGTCCTCT",94
"CGGCTAGGTGTTCTTT",22
"CGGCTAGGTTTGGCGC",56
"CGGCTAGTCAGCATGT",70
"CGGCTAGTCATTGCCC",35
"CGGCTAGTCCCAGGTG",84
"CGGCTAGTCCTCAATT",11
"CGGCTAGTCCTGCCAT",34
"CGGCTAGTCCTTGACC",1000
"CGGCTAGTCGAACGGA",89
"CGGCTAGTCTTGGGTA",59
"CGGGTCAAGCCACTAT",59
"CGGGTCAAGCGCCTTG",1000
"CGGGTCAAGGATGCGT",96
"CGGGTCAAGGCAGTCA",31
"CGGGTCAAGGCCATAG",92
"CGGGTCAAGGTGCTTT",34
"CGGGTCAAGTGATCGG",70
"CGGGTCAAGTTAGGTA",70
"CGGGTCACAAAGTGCG",46
"CGGGTCACACGGCTAC",75
"CGGGTCACACTGTTAG",94
"CGGGTCACATATACCG",72
"CGGGTCACATGCCTTC",84
"CGGGTCAGTAAGAGGA",87
"CGGGTCAGTTCGCGAC",1000
"CGGGTCATCACCATAG",20
"CGGGTCATCACCCTCA",34
"CGGGTCATCCAAATGC",35
"CGGGTCATCCTTCAAT",62
"CGGGTCATCCTTTCTC",89
"CGGGTCATCGTATCAG",83
"CGGGTCATCTCAAACG",1000
"CGGGTCATCTCTTATG",20
"CGGGTCATCTGCCAGG",61
"CGGTTAAAGAAGAAGC",35
"CGGTTAAAGACACTAA",94
"CGGTTAAAGCGTGAGT",92
"CGGTTAAAGGATGTAT",46
"CGGTTAAAGGGCACTA",47
"CGGTTAACAAGGTTCT",2
"CGGTTAACACCATCCT",54
"CGGTTAACACGGCTAC",10
"CGGTTAACAGCTCCGA",44
"CGGTTAACAGTATAAG",71
"CGGTTAACATACTCTT",61
"CGGTTAACATGCCTTC",35
"CGGTTAACATGGATGG",92
"CGGTTAACATGTAAGA",23
"CGGTTAACATTTGCCC",60
"CGGTTAAGTAGAGCTG",19
"CGGTTAAGTCATGCAT",37
"CGGTTAAGTCGCGGTT",11
"CGGTTAAGTCGCTTTC",81
"CGGTTAAGTCTAGTCA",35
"CGGTTAAGTCTCATCC",59
"CGGTTAAGTTAGGGTG",83
"CGGTTAAGTTTACTCT",56
"CGGTTAAGTTTGACTG",32
"CGGTTAATCAACGAAA",23
"CGGTTAATCAGCCTAA",1000
"CGGTTAATCAGGCAAG",1000
"CGGTTAATCATTGCCC",92
"CGGTTAATCCTGTACC",47
"CGGTTAATCCTTTACA",71
"CGGTTAATCTCTTATG",73
"CGGTTAATCTTGCCGT",88
"CGTAGCGAGATCCTGT",59
"CGTAGCGAGATGGCGT",17
"CGTAGCGAGCCACTAT",56
"CGTAGCGAGGTGTGGT",45
"CGTAGCGCAATGGATA",1000
"CGTAGCGCACATCCAA",22
"CGTAGCGCACCGAAAG",10
"CGTAGCGCACTTCGAA",71
"CGTAGCGCAGAAGCAC",68
"CGTAGCGCAGCCACCA",23
"CGTAGCGCAGGGATTG",32
"CGTAGCGCATGGTCTA",91
"CGTAGCGCATGTTGAC",57
"CGTAGCGGTACATGTC",95
"CGTAGCGGTCGATTGT",1000
"CGTAGCGGTCGCTTCT",11
"CGTAGCGGTTCACCTC",10
"CGTAGCGGTTCAGCGC",34
"CGTAGCGGTTCCAACA",1000
"CGTAGCGTCAGAGCTT",70
"CGTAGCGTCCAAACTG",60
"CGTAGCGTCCACGACG",18
"CGTAGCGTCGTTTGCC",39
"CGTAGCGTCTAACGGT",0
"CGTAGCGTCTACCTGC",35
"CGTAGCGTCTACTTAC",11
"CGTAGCGTCTCGTTTA",92
"CGTAGCGTCTCTGAGA",59
"CGTAGGCAGCGATAGC",21
"CGTAGGCAGCTAAACA",72
"CGTAGGCAGGACATTA",10
"CGTAGGCAGTAGTGCG",23
"CGTAGGCAGTTCCACA",1000
"CGTAGGCCACCAGATT",22
"CGTAGGCCACCAGGCT",60
"CGTAGGCCACTCAGGC",23
"CGTAGGCCAGGTCGTC",70
"CGTAGGCCATTGCGGC",85
"CGTAGGCGTCGGCATC",23
"CGTAGGCGTCTAACGT",63
"CGTAGGCGTGACAAAT",59
"CGTAGGCGTGCTGTAT",20
"CGTAGGCGTTATGCGT",85
"CGTAGGCGTTTAGGAA",25
"CGTAGGCTCCAAAGTC",22
"CGTAGGCTCCGGCACA",46
"CGTAGGCTCCGTCAAA",20
"CGTAGGCTCGATGAGG",95
"CGTAGGCTCGGAGGTA",20
"CGTAGGCTCGGCTTGG",45
"CGTAGGCTCGTCTGCT",19
"CGTAGGCTCTCGGACG",75
"CGTCACTAGAAACCAT",82
"CGTCACTAGAAGGACA",70
"CGTCACTAGACACGAC",5
"CGTCACTAGACACTAA",79
"CGTCACTAGAGGTAGA",55
"CGTCACTAGATATGCA",50
"CGTCACTAGCAGCGTA",22
"CGTCACTAGGATGTAT",59
"CGTCACTAGTACGTTC",79
"CGTCACTAGTGAACGC",7
"CGTCACTCAAAGCGGT",35
"CGTCACTCAAATTGCC",13
"CGTCACTCAAGCCGTC",84
"CGTCACTCAATCTACG",58
"CGTCACTCACAGCCCA",25
"CGTCACTCACATCCAA",1000
"CGTCACTCAGCCTATA",85
"CGTCACTCATACGCTA",35
"CGTCACTGTACCCAAT",13
"CGTCACTGTAGAGGAA",36
"CGTCACTGTGGTACAG",90
"CGTCACTGTTCGAATC",71
"CGTCACTTCAGAGCTT",34
"CGTCACTTCAGCTTAG",58
"CGTCACTTCAGTTCGA",35
"CGTCACTTCCGCATCT",1
"CGTCACTTCCTCAATT",71
"CGTCACTTCCTTTCGG",29
"CGTCACTTCGACAGCC",35
"CGTCACTTCGGAGGTA",94
"CGTCACTTCGGGAGTA",55
"CGTCACTTCGTGACAT",47
"CGTCACTTCTAGCACA",56
"CGTCACTTCTCCAACC",57
"CGTCAGGAGAACAACT",35
"CGTCAGGAGACCTTTG",11
"CGTCAGGAGAGACTAT",96
"CGTCAGGAGATGCCTT",68
"CGTCAGGAGCCCAATT",52
"CGTCAGGAGTGCGATG",67
"CGTCAGGAGTTGTAGA",35
"CGTCAGGCAAGCGAGT",69
"CGTCAGGCAATAACGA",94
"CGTCAGGCACCAGGCT",56
"CGTCAGGCAGGCGATA",58
"CGTCAGGCATAGGATA",50
"CGTCAGGGTCGTCTTC",46
"CGTCAGGGTCTTCAAG",23
"CGTCAGGGTGCACGAA",70
"CGTCAGGGTGCAGACA",11
"CGTCAGGGTTAAGTAG",90
"CGTCAGGGTTACCAGT",70
"CGTCAGGGTTACTGAC",11
"CGTCAGGTCAACACCA",1000
"CGTCAGGTCAAGATCC",8
"CGTCAGGTCCCATTAT",43
"CGTCAGGTCCGGCACA",82
"CGTCAGGTCCTGCAGG",57
"CGTCAGGTCGATCCCT",1000
"CGTCAGGTCGATGAGG",96
"CGTCAGGTCGCGGATC",80
"CGTCAGGTCGGTGTTA",71
"CGTCAGGTCGTCTGCT",54
"CGTCAGGTCTCCTATA",11
"CGTCAGGTCTGTACGA",70
"CGTCAGGTCTGTCTCG",71
"CGTCCATAGAAACGAG",1000
"CGTCCATAGAATTGTG",71
"CGTCCATAGACCTAGG",8
"CGTCCATAGATCCTGT",92
"CGTCCATAGATCTGCT",38
"CGTCCATAGCGCTTAT",10
"CGTCCATAGGATATAC",47
"CGTCCATAGGTGTTAA",38
"CGTCCATAGTGGTAAT",82
"CGTCCATCAAGGCTCC",60
"CGTCCATCACACGCTG",55
"CGTCCATCACCTCGTT",95
"CGTCCATCACTATCTT",93
"CGTCCATCAGAGTGTG",1000
"CGTCCATCAGATCGGA",59
"CGTCCATCATGGAATA",59
"CGTCCATCATTAGGCT",89
"CGTCCATGTAGCGATG",68
"CGTCCATGTATAGTAG",80
"CGTCCATGTCACTGGC",80
"CGTCCATGTGATGATA",23
"CGTCCATGTGCGGTAA",62
"CGTCCATGTGCTTCTC",58
"CGTCCATTCCCATTTA",71
"CGTCCATTCCCGACTT",37
"CGTCCATTCCGCATCT",59
"CGTCCATTCCTAGGGC",2
"CGTCCATTCGACGGAA",95
"CGTCCATTCGGATGGA",7
"CGTCCATTCTAACCGA",78
"CGTCCATTCTTCGAGA",84
"CGTCCATTCTTGGGTA",1000
"CGTCTACAGATCCCAT",44
"CGTCTACAGCCAGTTT",5
"CGTCTACAGCTTCGCG",41
"CGTCTACAGGAGTACC",10
"CGTCTACAGGAGTTGC",25
"CGTCTACAGGCTAGCA",29
"CGTCTACAGGGCTCTC",23
"CGTCTACAGTTGCAGG",47
"CGTCTACCAAAGGCGT",85
"CGTCTACCACATAACC",1000
"CGTCTACCACATCCGG",56
"CGTCTACCACTGCCAG",44
"CGTCTACCAGTACACT",91
"CGTCTACCATGTAGTC",46
"CGTCTACCATTACGAC",11
"CGTCTACCATTGGTAC",94
"CGTCTACGTAAACACA",94
"CGTCTACGTCGAATCT",92
"CGTCTACGTGAAATCA",77
"CGTCTACGTGAGGCTA",91
"CGTCTACGTGTTAAGA",79
"CGTCTACGTTGTTTGG",32
"CGTCTACTCAAGGCTT",59
"CGTCTACTCCACGTGG",91
"CGTCTACTCCTGTACC",37
"CGTCTACTCGAGAACG",36
"CGTCTACTCGCATGGC",82
"CGTCTACTCGGAGGTA",92
"CGTCTACTCGGCTTGG",21
"CGTCTACTCTCGCTTG",33
"CGTCTACTCTTCGAGA",1000
"CGTGAGCAGAAGAAGC",34
"CGTGAGCAGACTGGGT",69
"CGTGAGCAGAGACTAT",1000
"CGTGAGCAGATGTGTA",95
"CGTGAGCAGCACGCCT",47
"CGTGAGCAGGACAGAA",82
"CGTGAGCAGGGCACTA",1000
"CGTGAGCCAAACCCAT",44
"CGTGAGCCAAGGTTTC",94
"CGTGAGCCACTGAAGG",92
"CGTGAGCCAGTTAACC",13
"CGTGAGCCATATGCTG",24
"CGTGAGCCATGTAGTC",11
"CGTGAGCCATTGCGGC",10
"CGTGAGCGTAAGAGAG",11
"CGTGAGCGTAAGGGAA",82
"CGTGAGCGTAAGTGGC",10
"CGTGAGCGTACATCCA",1000
"CGTGAGCGTACGAAAT",11
"CGTGAGCGTATAGGTA",46
"CGTGAGCGTCAATACC",59
"CGTGAGCGTCTCCCTA",46
"CGTGAGCGTCTTCAAG",48
"CGTGAGCGTGAGCGAT",11
"CGTGAGCGTGCAGTAG",32
"CGTGAGCGTTCACCTC",13
"CGTGAGCGTTCGCTAA",1000
"CGTGAGCGTTGCCTCT",10
"CGTGAGCGTTTCCACC",47
"CGTGAGCTCCCATTAT",58
"CGTGAGCTCGAATCCA",1
"CGTGAGCTCTGGCGAC",24
"CGTGTAAAGACGCAAC",61
"CGTGTAAAGCCACCTG",1000
"CGTGTAAAGGATTCGG",95
"CGTGTAAAGGGCATGT",79
"CGTGTAAAGTCCATAC",84
"CGTGTAAAGTCCGGTC",25
"CGTGTAAAGTCGTACT",56
"CGTGTAAAGTGTGGCA",50
"CGTGTAACAAGGTTCT",1000
"CGTGTAACACGAGGTA",56
"CGTGTAACACGTTGGC",72
"CGTGTAACAGATTGCT",1000
"CGTGTAACAGCGTTCG",82
"CGTGTAACAGGCTGAA",25
"CGTGTAACAGTCGATT",25
"CGTGTAACATGAGCGA",37
"CGTGTAACATGGGACA",59
"CGTGTAACATTTCACT",83
"CGTGTAAGTAAACCTC",13
"CGTGTAAGTACTCTCC",70
"CGTGTAAGTATAGGTA",41
"CGTGTAAGTATTCTCT",23
"CGTGTAAGTCCGAACC",91
"CGTGTAAGTCGCGTGT",80
"CGTGTAAGTCGTTGTA",6
"CGTGTAAGTCTCATCC",1000
"CGTGTAAGTCTCTCGT",11
"CGTGTAAGTGTTTGGT",49
"CGTGTAAGTTAGGGTG",67
"CGTGTAAGTTCCCTTG",34
"CGTGTAAGTTGGTAAA",53
"CGTGTAAGTTTCGCTC",11
"CGTGTAATCAGATAAG",1000
"CGTGTAATCAGCTTAG",23
"CGTGTAATCATACGGT",32
"CGTGTAATCATCTGTT",1000
"CGTGTAATCCACGCAG",60
"CGTGTAATCCACGTGG",1000
"CGTGTAATCCGCTGTT",92
"CGTGTAATCTATCGCC",2
"CGTGTAATCTGTCAAG",72
"CGTGTCTAGAATGTGT",86
"CGTGTCTAGAGCTGGT",43
"CGTGTCTAGCGATGAC",35
"CGTGTCTAGCTCAACT",34
"CGTGTCTAGCTCCTTC",43
"CGTGTCTAGGAGTACC",22
"CGTGTCTAGGCCATAG",61
"CGTGTCTAGGCTAGAC",82
"CGTGTCTAGGCTCTTA",70
"CGTGTCTAGTGTGAAT",74
"CGTGTCTCAAAGCGGT",8
"CGTGTCTCAAATTGCC",1000
"CGTGTCTCAACGATGG",34
"CGTGTCTCACACAGAG",1000
"CGTGTCTCACAGGCCT",21
"CGTGTCTCACCAGCAC",95
"CGTGTCTCACCTATCC",13
"CGTGTCTCACGAAACG",58
"CGTGTCTCAGGATTGG",46
"CGTGTCTGTACTTAGC",79
"CGTGTCTGTAGCGTAG",41
"CGTGTCTGTCTTCGTC",47
"CGTGTCTGTGTGACCC",1000
"CGTGTCTGTTCGCTAA",77
"CGTGTCTTCACCGGGT",56
"CGTGTCTTCACCGTAA",88
"CGTGTCTTCATTATCC",31
"CGTGTCTTCGAATGGG",22
"CGTGTCTTCTGCCCTA",1000
"CGTGTCTTCTGCTGTC",94
"CGTGTCTTCTTAGAGC",32
"CGTGTCTTCTTCAACT",26
"CGTTAGAAGATATGGT",70
"CGTTAGAAGCGTGAGT",11
"CGTTAGAAGGCAGTCA",61
"CGTTAGAAGTCATGCT",11
"CGTTAGACAATGGAGC",63
"CGTTAGACACTATCTT",73
"CGTTAGACAGCCAGAA",72
"CGTTAGACAGCTGTGC",95
"CGTTAGACAGTAAGAT",44
"CGTTAGACATACTCTT",70
"CGTTAGACATCGGTTA",20
"CGTTAGACATTGCGGC",72
"CGTTAGAGTAGATTAG",60
"CGTTAGAGTATATCCG",1
"CGTTAGAGTTAAAGTG",48
"CGTTAGAGTTAAGACA",1000
"CGTTAGAGTTACGGAG",2
"CGTTAGAGTTGACGTT",60
"CGTTAGATCATGCTCC",1000
"CGTTAGATCCGTCAAA",13
"CGTTAGATCGGTCCGA",41
"CGTTAGATCGTACCGG",91
"CGTTAGATCTCTGCTG",1000
"CGTTAGATCTGCGACG",44
"CGTTCTGAGAGGTACC",71
"CGTTCTGAGAGTCTGG",91
"CGTTCTGAGATGGGTC",58
"CGTTCTGAGCCGCCTA",35
"CGTTCTGAGCTAACTC",11
"CGTTCTGAGGTGCTAG",23
"CGTTCTGAGTTTCCTT",83
"CGTTCTGCACCAGATT",92
"CGTTCTGCACGAGAGT",81
"CGTTCTGCACGGACAA",82
"CGTTCTGCACTACAGT",64
"CGTTCTGCAGTCAGCC",95
"CGTTCTGCATATACGC",30
"CGTTCTGCATGTTGAC",67
"CGTTCTGCATTTCAGG",13
"CGTTCTGGTAAACGCG",83
"CGTTCTGGTCACTGGC",56
"CGTTCTGGTCATGCAT",82
"CGTTCTGGTCTAGTCA",35
"CGTTCTGGTGATGCCC",58
"CGTTCTGGTTCCATGA",41
"CGTTCTGTCAACACAC",11
"CGTTCTGTCAAGAAGT",71
"CGTTCTGTCCCGACTT",23
"CGTTCTGTCGCAAACT",35
"CGTTCTGTCGCTTGTC",60
"CGTTCTGTCTCTGCTG",84
"CGTTCTGTCTGCTGTC",37
"CGTTCTGTCTGTCAAG",1000
"CGTTCTGTCTTTACGT",72
"CGTTGGGAGAGGTAGA",10
"CGTTGGGAGAGTACAT",1000
"CGTTGGGAGCACCGTC",96
"CGTTGGGAGCCAGAAC",34
"CGTTGGGAGCTCCTCT",32
"CGTTGGGAGGCTAGGT",46
"CGTTGGGAGGGATGGG",1000
"CGTTGGGCAAAGGAAG",80
"CGTTGGGCAAGTCTAC",18
"CGTTGGGCACCTATCC",59
"CGTTGGGCAGATGGGT",47
"CGTTGGGCAGTGGAGT",47
"CGTTGGGCATAGAAAC",60
"CGTTGGGCATATGAGA",21
"CGTTGGGCATCTGGTA",58
"CGTTGGGCATTACCTT",19
"CGTTGGGCATTCGACA",47
"CGTTGGGCATTTCAGG",47
"CGTTGGGGTAAACCTC",31
"CGTTGGGGTAGCTAAA",46
"CGTTGGGGTATGAAAC",1000
"CGTTGGGGTCTTCTCG",35
"CGTTGGGGTGCGATAG",59
"CGTTGGGGTTAAGATG",47
"CGTTGGGGTTAAGTAG",14
"CGTTGGGGTTGACGTT",72
"CGTTGGGTCCCATTTA",34
"CGTTGGGTCCCTAACC",10
"CGTTGGGTCCGTACAA",58
"CGTTGGGTCCTAGTGA",44
"CGTTGGGTCGAGGTAG",64
"CGTTGGGTCGGAGCAA",59
"CTAACTTAGACCGGAT",29
"CTAACTTAGCGATATA",71
"CTAACTTAGGAATTAC",67
"CTAACTTAGTCTTGCA",82
"CTAACTTAGTTACGGG",70
"CTAACTTAGTTCGATC",95
"CTAACTTCAATGTTGC",1000
"CTAACTTCACATGACT",56
"CTAACTTCACCACCAG",47
"CTAACTTCAGTCCTTC",33
"CTAACTTCATAAAGGT",23
"CTAACTTCATCTCCCA",81
"CTAACTTCATGCCTTC",81
"CTAACTTCATGGTCTA",72
"CTAACTTGTAGTAGTA",13
"CTAACTTGTCTGATTG",34
"CTAACTTGTGCTTCTC",35
"CTAACTTGTGTGACCC",94
"CTAACTTGTGTTGGGA",1000
"CTAACTTGTTAAGACA",46
"CTAACTTGTTCATGGT",96
"CTAACTTGTTGAACTC",55
"CTAACTTTCACATAGC",82
"CTAACTTTCACCTCGT",29
"CTAACTTTCATACGGT",78
"CTAACTTTCCCTTGTG",7
"CTAACTTTCCGTACAA",8
"CTAACTTTCGGTCTAA",10
"CTAACTTTCGTATCAG",1000
"CTAACTTTCTAAGCCA",1
"CTAACTTTCTCTAAGG",80
"CTAAGACAGACGCACA",68
"CTAAGACAGACTGTAA",22
"CTAAGACAGCGGCTTC",22
"CTAAGACAGGCCATAG",17
"CTAAGACAGGTTACCT",23
"CTAAGACAGTGTACTC",47
"CTAAGACCAAGCCATT",35
"CTAAGACCAAGCCGCT",84
"CTAAGACCACATTTCT",44
"CTAAGACCACGTGAGA",96
"CTAAGACCAGCGTTCG",11
"CTAAGACCAGCTTAAC",1000
"CTAAGACCATCAGTCA",34
"CTAAGACGTCAAGCGA",95
"CTAAGACGTCCGTCAG",62
"CTAAGACGTCCTAGCG",59
"CTAAGACGTCCTCTTG",25
"CTAAGACGTCTTCGTC",1000
"CTAAGACTCAACCAAC",34
"CTAAGACTCCCACTTG",59
"CTAAGACTCCCTGACT",94
"CTAAGACTCGGTGTCG",1000
"CTAATGGAGAAGGTGA",1000
"CTAATGGAGACTACAA",44
"CTAATGGAGATAGGAG",71
"CTAATGGAGATGTGGC",72
"CTAATGGAGCGCCTCA",82
"CTAATGGAGTATCTCG",71
"CTAATGGAGTCAAGGC",19
"CTAATGGAGTCACGCC",22
"CTAATGGAGTGTACCT",11
"CTAATGGCAAGAGGCT",81
"CTAATGGCAATCACAC",59
"CTAATGGCAGCCTTGG",67
"CTAATGGCATCCAACA",74
"CTAATGGGTACTTCTT",82
"CTAATGGGTCAGAAGC",22
"CTAATGGGTCAGCTAT",25
"CTAATGGGTCGACTAT",63
"CTAATGGGTGGTCTCG",22
"CTAATGGGTTAAGAAC",22
"CTAATGGGTTATTCTC",44
"CTAATGGGTTCGCGAC",85
"CTAATGGGTTGCTCCT",84
"CTAATGGGTTGGTGGA",10
"CTAATGGGTTTGACAC",94
"CTAATGGTCAGTGTTG",72
"CTAATGGTCCGCTGTT",1000
"CTAATGGTCGCTGATA",95
"CTAATGGTCTTCGAGA",18
"CTACACCAGAAGGACA",64
"CTACACCAGACTAAGT",1000
"CTACACCAGAGTAAGG",67
"CTACACCAGCAGATCG",72
"CTACACCAGGACGAAA",77
"CTACACCAGTATGACA",66
"CTACACCCAAATTGCC",84
"CTACACCCAAGGGTCA",79
"CTACACCCAAGGTTCT",85
"CTACACCCACGGTGTC",1000
"CTACACCCAGGAACGT",95
"CTACACCCATAGAAAC",79
"CTACACCCATCACAAC",13
"CTACACCCATTGCGGC",94
"CTACACCGTAAGTAGT",27
"CTACACCGTAGAGCTG",1000
"CTACACCGTATCTGCA",86
"CTACACCGTCCGTTAA",90
"CTACACCGTCCTCCAT",11
"CTACACCGTCGGCACT",1000
"CTACACCGTCTGCAAT",47
"CTACACCGTCTTGATG",22
"CTACACCGTGCCTTGG",70
"CTACACCGTGCTTCTC",94
"CTACACCGTTGGGACA",1000
"CTACACCGTTGTCTTT",10
"CTACACCGTTGTTTGG",96
"CTACACCTCAAACAAG",59
"CTACACCTCATCTGCC",24
"CTACACCTCCAAGCCG",35
"CTACACCTCTTAGAGC",10
"CTACATTAGACTAGAT",92
"CTACATTAGAGTACAT",35
"CTACATTAGCCGGTAA",94
"CTACATTAGCGCTCCA",23
"CTACATTAGGATGCGT",11
"CTACATTAGGGTGTTG",22
"CTACATTAGGTGTTAA",70
"CTACATTAGTGTTAGA",8
"CTACATTCAAGTCTGT",29
"CTACATTCAATAAGCA",57
"CTACATTCAATAGCAA",61
"CTACATTCAATGAAAC",35
"CTACATTCAATGGACG",13
"CTACATTCACACTGCG",57
"CTACATTCACATCCGG",46
"CTACATTCAGGTGGAT",1000
"CTACATTCAGTCAGAG",81
"CTACATTCAGTCCTTC",10
"CTACATTCATCACAAC",67
"CTACATTGTAAGGGCT",72
"CTACATTGTACCGGCT",94
"CTACATTGTACTCGCG",62
"CTACATTGTAGCTCCG",91
"CTACATTGTAGTACCT",59
"CTACATTGTCCTCTTG",80
"CTACATTGTCGGGTCT",0
"CTACATTGTGTCCTCT",72
"CTACATTGTTCCCTTG",56
"CTACATTTCAAACGGG",34
"CTACATTTCACAATGC",55
"CTACATTTCACTCTTA",1000
"CTACATTTCAGGTTCA",23
"CTACATTTCCCAAGTA",13
"CTACATTTCCCGACTT",35
"CTACATTTCCGTCATC",70
"CTACATTTCCTGTACC",19
"CTACATTTCGCCTGTT",1000
"CTACATTTCGGCGGTT",35
"CTACATTTCTCATTCA",49
"CTACCCAAGAAACCTA",95
"CTACCCAAGAAAGTGG",56
"CTACCCAAGACAGAGA",47
"CTACCCAAGACCCACC",1000
"CTACCCAAGAGGTACC",13
"CTACCCAAGAGTCTGG",22
"CTACCCAAGGCAGTCA",58
"CTACCCAAGGCCATAG",22
"CTACCCAAGTACGCCC",58
"CTACCCAAGTAGTGCG",34
"CTACCCAAGTCGTTTG",0
"CTACCCAAGTGACATA",70
"CTACCCAAGTGCTGCC",72
"CTACCCACAACAACCT",1000
"CTACCCACAAGAAAGG",34
"CTACCCACAAGTCATC",94
"CTACCCACACATTCGA",76
"CTACCCACACCCATTC",82
"CTACCCACACGAGAGT",1000
"CTACCCACAGGATTGG",68
"CTACCCACAGTCAGAG",67
"CTACCCACATCGTCGG",96
"CTACCCAGTAAAGGAG",34
"CTACCCAGTAAAGTCA",72
"CTACCCAGTAACGACG",66
"CTACCCAGTACCGTAT",93
"CTACCCAGTAGCACGA",55
"CTACCCAGTGATGTGG",1
"CTACCCAGTGCACTTA",35
"CTACCCAGTGCTTCTC",89
"CTACCCAGTTCTCATT",20
"CTACCCATCTGGTGTA",94
"CTACCCATCTGTACGA",48
"CTACCCATCTTGTACT",95
"CTACGTCAGACACTAA",86
"CTACGTCAGATCCGAG",1000
"CTACGTCAGCAGATCG",71
"CTACGTCAGCAGCCTC",1000
"CTACGTCAGCCAACAG",91
"CTACGTCAGGACATTA",34
"CTACGTCAGGAGTTTA",10
"CTACGTCAGGGCTTGA",77
"CTACGTCAGTACGACG",34
"CTACGTCAGTCCATAC",1000
"CTACGTCAGTGTACCT",57
"CTACGTCAGTGTTGAA",72
"CTACGTCCAAGCCCAC",95
"CTACGTCCAATACGCT",79
"CTACGTCCAATCCGAT",84
"CTACGTCCAATCGAAA",59
"CTACGTCCACATTTCT",37
"CTACGTCCACCATCCT",23
"CTACGTCCATGCCACG",72
"CTACGTCGTATTCTCT",30
"CTACGTCGTCACTTCC",47
"CTACGTCGTCTTGTCC",9
"CTACGTCGTTCACCTC",1000
"CTACGTCTCAGCGACC",23
"CTACGTCTCCAAACAC",59
"CTACGTCTCCAACCAA",54
"CTACGTCTCCATGAGT",1000
"CTACGTCTCCTAAGTG",49
"CTACGTCTCTATGTGG",84
"CTAGAGTAGACTAGGC",47
"CTAGAGTAGACTTGAA",82
"CTAGAGTAGAGATGAG",74
"CTAGAGTAGGAATGGA",92
"CTAGAGTAGGGTCGAT",8
"CTAGAGTAGTAGGCCA",77
"CTAGAGTAGTCACGCC",70
"CTAGAGTCAAGCCATT",72
"CTAGAGTCAAGCGCTC",47
"CTAGAGTCACATAACC",34
"CTAGAGTCACGGATAG",34
"CTAGAGTCACTTGGAT",58
"CTAGAGTCAGCCTGTG",82
"CTAGAGTCAGGTCGTC",86
"CTAGAGTCAGGTGCCT",69
"CTAGAGTCAGGTTTCA",61
"CTAGAGTCATCACGTA",79
"CTAGAGTGTAATAGCA",1000
"CTAGAGTGTCATCGGC",94
"CTAGAGTGTCGAGTTT",19
"CTAGAGTGTGGTGTAG",31
"CTAGAGTGTTCCACTC",72
"CTAGAGTGTTCCGGCA",69
"CTAGAGTGTTTAGCTG",70
"CTAGAGTGTTTGGGCC",11
"CTAGAGTTCACATGCA",72
"CTAGAGTTCACCACCT",71
"CTAGAGTTCAGGTAAA",64
"CTAGAGTTCCCGGATG",70
"CTAGAGTTCCGAATGT",60
"CTAGAGTTCGAATGCT",1000
"CTAGAGTTCGAATGGG",13
"CTAGAGTTCTTTACGT",62
"CTAGCCTAGACTGTAA",72
"CTAGCCTAGAGGTACC",1000
"CTAGCCTAGCCGGTAA",23
"CTAGCCTAGCGTAGTG",34
"CTAGCCTAGCGTCTAT",70
"CTAGCCTAGGGTTTCT",95
"CTAGCCTAGGTGTTAA",90
"CTAGCCTAGTACGTAA",11
"CTAGCCTAGTACGTTC",37
"CTAGCCTAGTATCGAA",13
"CTAGCCTAGTCTCGGC",43
"CTAGCCTCAAGTACCT",15
"CTAGCCTCACAAGTAA",29
"CTAGCCTCACAGCCCA",58
"CTAGCCTCACAGTCGC",59
"CTAGCCTCACCGTTGG",1000
"CTAGCCTCACTTACGA",75
"CTAGCCTCAGGTCGTC",67
"CTAGCCTCAGTCGTGC",1
"CTAGCCTCAGTCTTCC",95
"CTAGCCTCAGTTTACG",2
"CTAGCCTCATACGCCG",23
"CTAGCCTGTAAGGATT",96
"CTAGCCTGTAGGAGTC",62
"CTAGCCTGTCACACGC",10
"CTAGCCTGTTAGATGA",61
"CTAGCCTGTTCAGACT",63
"CTAGCCTGTTCGGGCT",82
"CTAGCCTGTTTGCATG",26
"CTAGCCTTCCCAACGG",1000
"CTAGCCTTCCGTAGGC",66
"CTAGCCTTCTAACGGT",90
"CTAGCCTTCTACGAGT",10
"CTAGCCTTCTGCGACG",1000
"CTAGTGAAGAAACGAG",21
"CTAGTGAAGAACAACT",43
"CTAGTGAAGAAGAAGC",96
"CTAGTGAAGATGAGAG",71
"CTAGTGAAGCGGATCA",85
"CTAGTGAAGTCGTTTG",1000
"CTAGTGACAAGCCGTC",47
"CTAGTGACACGGCGTT",1000
"CTAGTGACAGATAATG",60
"CTAGTGACAGCCTTGG",1000
"CTAGTGACAGCTATTG",79
"CTAGTGACATGCCCGA",13
"CTAGTGAGTCAAACTC",2
"CTAGTGAGTCCTAGCG",1000
"CTAGTGAGTGATGTCT",33
"CTAGTGAGTGCGCTTG",74
"CTAGTGAGTGCTCTTC",35
"CTAGTGAGTGGGTATG",96
"CTAGTGAGTGTCAATC",82
"CTAGTGATCAACGAAA",82
"CTAGTGATCACAACGT",95
"CTAGTGATCAGCTCGG",1000
"CTAGTGATCATGCTCC",96
"CTAGTGATCCACGCAG",14
"CTAGTGATCCGAGCCA",29
"CTAGTGATCGCCCTTA",34
"CTAGTGATCGCGCCAA",24
"CTCACACAGACACTAA",86
"CTCACACAGAGGGATA",7
"CTCACACAGCCATCGC",17
"CTCACACAGCGTGAGT",23
"CTCACACAGCTTCGCG",1000
"CTCACACAGGAATCGC",35
"CTCACACAGGCCCTCA",19
"CTCACACAGTGAATTG",37
"CTCACACAGTGCCATT",70
"CTCACACAGTGGAGTC",70
"CTCACACCAAACTGCT",94
"CTCACACCAATGAAAC",8
"CTCACACCACATTTCT",69
"CTCACACCAGCTGCAC",49
"CTCACACCAGGGTTAG",48
"CTCACACGTACGAAAT",49
"CTCACACGTAGAGTGC",1000
"CTCACACGTAGCCTAT",71
"CTCACACGTCCTAGCG",59
"CTCACACGTCGCATCG",21
"CTCACACGTCGTTGTA",64
"CTCACACGTCTAGAGG",2
"CTCACACGTGCAGTAG",94
"CTCACACGTTCTCATT",96
"CTCACACTCAAACAAG",60
"CTCACACTCAAACCAC",84
"CTCACACTCACCCTCA",92
"CTCACACTCAGTCCCT",91
"CTCACACTCCGCATCT",46
"CTCACACTCGAGGTAG",14
"CTCACACTCTGACCTC",11
"CTCACACTCTGTACGA",10
"CTCAGAAAGATATGCA",1000
"CTCAGAAAGGTGCTAG",25
"CTCAGAAAGTCCTCCT",72
"CTCAGAAAGTTCGCAT",25
"CTCAGAACAAAGGTGC",70
"CTCAGAACAACACCCG",8
"CTCAGAACAAGAAAGG",10
"CTCAGAACACAACTGT",17
"CTCAGAACACCGTTGG",19
"CTCAGAACACTAAGTC",54
"CTCAGAACAGCGTAAG",58
"CTCAGAACAGCTTAAC",33
"CTCAGAACAGGCTGAA",6
"CTCAGAACATTAGGCT",18
"CTCAGAAGTACAAGTA",61
"CTCAGAAGTAGAAGGA",26
"CTCAGAAGTCACAAGG",44
"CTCAGAAGTTATCCGA",78
"CTCAGAAGTTGATTCG",55
"CTCAGAAGTTTGCATG",36
"CTCAGAATCCGAACGC",60
"CTCAGAATCCGCATAA",70
"CTCAGAATCCGCGTTT",1000
"CTCAGAATCCGTTGCT",34
"CTCAGAATCCTAGGGC",44
"CTCAGAATCGCATGAT",1000
"CTCAGAATCGCCGTGA",1000
"CTCAGAATCGTTACAG",84
"CTCAGAATCTGCAAGT",79
"CTCATTAAGAGACTAT",10
"CTCATTAAGAGCCTAG",94
"CTCATTAAGCACCGCT",81
"CTCATTAAGGATCGCA",82
"CTCATTAAGGCCCTCA",35
"CTCATTAAGGGTGTGT",1000
"CTCATTAAGTAGATGT",46
"CTCATTAAGTCGCCGT",1000
"CTCATTAAGTGGTCCC",64
"CTCATTACAAGAAGAG",10
"CTCATTACAAGCCTAT",80
"CTCATTACACGACGAA",84
"CTCATTACACTTCGAA",1000
"CTCATTACAGGAATCG",36
"CTCATTACATAAAGGT",58
"CTCATTACATAGGATA",43
"CTCATTACATCCAACA",95
"CTCATTAGTAGAGGAA",35
"CTCATTAGTAGGCTGA",92
"CTCATTAGTCACTGGC",37
"CTCATTAGTCCAAGTT",94
"CTCATTAGTCCGTTAA",68
"CTCATTAGTGAGTATA",35
"CTCATTAGTGTTCGAT",1000
"CTCATTAGTTCATGGT",1
"CTCATTAGTTGTACAC",35
"CTCATTATCACCCGAG",1000
"CTCATTATCAGCGACC",79
"CTCATTATCCGCAAGC",32
"CTCATTATCCGCGCAA",53
"CTCATTATCGTGGTCG",25
"CTCATTATCTGCCCTA",11
"CTCCTAGAGACCACGA",91
"CTCCTAGAGAGGTACC",96
"CTCCTAGAGAGTAAGG",23
"CTCCTAGAGCAGCCTC",59
"CTCCTAGAGCATGGCA",84
"CTCCTAGAGCGAAGGG",20
"CTCCTAGAGCTAACAA",70
"CTCCTAGAGCTGCCCA",46
"CTCCTAGAGTCTCAAC",82
"CTCCTAGAGTGCTGCC",80
"CTCCTAGCAATAACGA",14
"CTCCTAGCACCATCCT",10
"CTCCTAGCACGAAAGC",50
"CTCCTAGCAGTGGGAT",47
"CTCCTAGCAGTTCATG",11
"CTCCTAGCATGGTCAT",26
"CTCCTAGGTACCCAAT",81
"CTCCTAGGTCTGCCAG",59
"CTCCTAGGTCTTGATG",59
"CTCCTAGGTCTTTCAT",10
"CTCCTAGTCAGTTCGA",11
"CTCCTAGTCAGTTTGG",56
"CTCCTAGTCATTGCCC",94
"CTCCTAGTCCACGAAT",67
"CTCCTAGTCCATGAAC",13
"CTCCTAGTCCTTAATC",1000
"CTCCTAGTCGAATGCT",47
"CTCCTAGTCGCAAACT",10
"CTCCTAGTCGCGCCAA",14
"CTCCTAGTCGTTACAG",22
"CTCCTAGTCTTCTGGC",1000
"CTCCTAGTCTTGTATC",60
"CTCGAAAAGAAGATTC",2
"CTCGAAAAGACGCACA",47
"CTCGAAAAGAGTAATC",22
"CTCGAAAAGGAGTTGC",79
"CTCGAAAAGGATGGAA",19
"CTCGAAAAGTCATGCT",35
"CTCGAAACAAAGCGGT",11
"CTCGAAACAAATTGCC",17
"CTCGAAACAACGATGG",96
"CTCGAAACAAGGCTCC",1000
"CTCGAAACAAGGGTCA",50
"CTCGAAACACAACTGT",81
"CTCGAAACACAAGTAA",73
"CTCGAAACAGATCCAT",34
"CTCGAAACATCGGACC",69
"CTCGAAAGTAGATTAG",82
"CTCGAAAGTCATATGC",61
"CTCGAAAGTGGTACAG",1000
"CTCGAAAGTGTGACGA",66
"CTCGAAAGTGTGGCTC",6
"CTCGAAAGTTGAGGTG",34
"CTCGAAATCAGCAACT",82
"CTCGAAATCAGCTCGG",8
"CTCGAAATCTTTACAC",64
"CTCGAGGAGAGGTTGC",84
"CTCGAGGAGGAGTCTG",22
"CTCGAGGAGGGATACC",47
"CTCGAGGAGGTGCAAC",25
"CTCGAGGAGGTGCTTT",82
"CTCGAGGAGTTGTCGT",72
"CTCGAGGCAAGGGTCA",96
"CTCGAGGCACAACTGT",60
"CTCGAGGCACATTAGC",94
"CTCGAGGCACGTCTCT",44
"CTCGAGGCAGTATGCT",94
"CTCGAGGCATGACATC",29
"CTCGAGGCATGCTAGT",47
"CTCGAGGCATGGTAGG",69
"CTCGAGGGTAACGACG",7
"CTCGAGGGTACGCACC",25
"CTCGAGGGTCGAGATG",37
"CTCGAGGGTCTAGCCG",38
"CTCGAGGGTTGTCGCG",1000
"CTCGAGGTCAACGCTA",11
"CTCGAGGTCACTCTTA",1000
"CTCGAGGTCATCGATG",48
"CTCGAGGTCCAAATGC",38
"CTCGAGGTCCCTCTTT",8
"CTCGAGGTCGCAAGCC",67
"CTCGGAGAGAATTCCC",47
"CTCGGAGAGACTACAA",84
"CTCGGAGAGATGTAAC",35
"CTCGGAGAGGATGGAA",1000
"CTCGGAGAGTCCGTAT",50
"CTCGGAGAGTCGATAA",70
"CTCGGAGAGTGCCAGA",94
"CTCGGAGAGTGGACGT",37
"CTCGGAGCAAGGGTCA",1000
"CTCGGAGCAGCTATTG",34
"CTCGGAGCAGTACACT",33
"CTCGGAGCATCGTCGG",11
"CTCGGAGGTAAGAGAG",57
"CTCGGAGGTAAGGATT",25
"CTCGGAGGTAGCACGA",67
"CTCGGAGGTAGTACCT",47
"CTCGGAGGTATATGAG",47
"CTCGGAGGTCTCTTTA",79
"CTCGGAGGTGACTCAT",35
"CTCGGAGGTGCGGTAA",72
"CTCGGAGTCAACACCA",67
"CTCGGAGTCCGCATAA",2
"CTCGGAGTCGAACTGT",1000
"CTCGGAGTCTCGCTTG",7
"CTCGGAGTCTCTAGGA",1000
"CTCGGAGTCTTCAACT",15
"CTCGGGAAGAAGATTC",1000
"CTCGGGAAGCTTTGGT",46
"CTCGGGAAGTGTGGCA",78
"CTCGGGAAGTGTTAGA",84
"CTCGGGACAAAGGAAG",64
"CTCGGGACAAAGTGCG",72
"CTCGGGACAATTCCTT",95
"CTCGGGACACGAAATA",1000
"CTCGGGACATACGCTA",10
"CTCGGGACATTCCTGC",46
"CTCGGGAGTACAAGTA",1000
"CTCGGGAGTCTTCGTC",35
"CTCGGGAGTCTTGTCC",22
"CTCGGGAGTGCACTTA",67
"CTCGGGAGTTTGACAC",1000
"CTCGGGATCAAGAAGT",23
"CTCGGGATCACGACTA",22
"CTCGGGATCCTAGTGA",94
"CTCGGGATCGGCATCG",58
"CTCGGGATCTCTTATG",84
"CTCGGGATCTTTACGT",56
"CTCGTACAGACAGAGA",95
"CTCGTACAGACATAAC",81
"CTCGTACAGACCTAGG",25
"CTCGTACAGAGCTGGT",72
"CTCGTACAGATCCCGC",69
"CTCGTACAGGCGACAT",46
"CTCGTACCACCGAAAG",11
"CTCGTACCACGAAACG",47
"CTCGTACCACTTCTGC",58
"CTCGTACCAGCCTGTG",47
"CTCGTACCAGGGAGAG",68
"CTCGTACCAGGTGGAT",34
"CTCGTACGTAATCACC",47
"CTCGTACGTCTTGATG",11
"CTCGTACGTCTTTCAT",22
"CTCGTACTCAACCATG",22
"CTCGTACTCAGTTAGC",43
"CTCGTACTCCAACCAA",53
"CTCGTACTCCACGCAG",1000
"CTCGTACTCCCTGACT",34
"CTCGTACTCCTACAGA",47
"CTCGTACTCCTTTACA",1000
"CTCGTACTCTCGATGA",64
"CTCGTACTCTTAGAGC",81
"CTCGTCAAGATCCTGT",36
"CTCGTCAAGGGCTTCC",1000
"CTCGTCAAGTGGGATC",57
"CTCGTCACAAAGTCAA",69
"CTCGTCACAATCGGTT",34
"CTCGTCACAATCTGCA",84
"CTCGTCACACCAACCG",64
"CTCGTCACACCAGGCT",60
"CTCGTCACACCCATTC",58
"CTCGTCACACTATCTT",26
"CTCGTCACACTCGACG",68
"CTCGTCACACTTGGAT",45
"CTCGTCACAGACTCGC",70
"CTCGTCACAGCCAGAA",61
"CTCGTCACAGCCTATA",83
"CTCGTCACAGGTCGTC",64
"CTCGTCACATCCGGGT",1000
"CTCGTCACATCGATGT",82
"CTCGTCACATGACATC",70
"CTCGTCACATGACGGA",22
"CTCGTCACATGCAACT",82
"CTCGTCACATTCCTGC",19
"CTCGTCAGTAAGAGAG",35
"CTCGTCAGTAAGGGCT",1
"CTCGTCAGTACCGGCT",32
"CTCGTCAGTAGCAAAT",68
"CTCGTCAGTCACTGGC",47
"CTCGTCAGTCGAGTTT",63
"CTCGTCAGTGGTCTCG",84
"CTCGTCAGTTAAAGTG",29
"CTCGTCATCCCTAACC",22
"CTCGTCATCTGCGACG",71
"CTCTAATAGAAACCTA",82
"CTCTAATAGAAACGCC",20
"CTCTAATAGACTAAGT",49
"CTCTAATAGATACACA",1000
"CTCTAATAGATCGATA",47
"CTCTAATAGCCTATGT",58
"CTCTAATAGCGTCTAT",82
"CTCTAATAGGACATTA",86
"CTCTAATAGTAAGTAC",47
"CTCTAATCACAAGCCC",13
"CTCTAATCAGCCTATA",37
"CTCTAATCAGCTGGCT",34
"CTCTAATCAGTTAACC",36
"CTCTAATCATCACCCT",1000
"CTCTAATGTAAACACA",84
"CTCTAATGTAAAGTCA",71
"CTCTAATGTAGGCTGA",62
"CTCTAATGTCAGGACA",94
"CTCTAATGTGCAGGTA",2
"CTCTAATGTTACGCGC",82
"CTCTAATGTTGTTTGG",67
"CTCTAATTCAACGAAA",58
"CTCTAATTCAGAGACG",29
"CTCTAATTCAGCATGT",82
"CTCTAATTCAGGCGAA",83
"CTCTAATTCCGAATGT",34
"CTCTAATTCCTGCTTG",82
"CTCTAATTCGCAAACT",82
"CTCTAATTCGGCGGTT",54
"CTCTAATTCTCTGAGA",94
"CTCTACGAGAAGGGTA",94
"CTCTACGAGACCCACC",22
"CTCTACGAGACCTTTG",47
"CTCTACGAGCCAGTAG",84
"CTCTACGAGCGTAGTG",53
"CTCTACGAGTCATCCA",20
"CTCTACGAGTGACTCT",11
"CTCTACGAGTTACCCA",19
"CTCTACGCAAGTCATC",35
"CTCTACGCAATAGCGG",96
"CTCTACGCAATGCCAT",86
"CTCTACGCACATTAGC",95
"CTCTACGCACCACGTG",58
"CTCTACGCACGAAGCA",59
"CTCTACGCACGACTCG",22
"CTCTACGCACGCTTTC",1000
"CTCTACGCACGGACAA",59
"CTCTACGCAGGGCATA",53
"CTCTACGCAGGGTTAG",50
"CTCTACGCAGGTCCAC",23
"CTCTACGCAGTCAGCC",49
"CTCTACGCATATACGC",94
"CTCTACGCATCGATGT",1000
"CTCTACGCATTCTTAC",1000
"CTCTACGGTAAACACA",7
"CTCTACGGTACGCACC",47
"CTCTACGGTAGAAGGA",1000
"CTCTACGGTAGCCTCG",76
"CTCTACGGTAGCGATG",96
"CTCTACGGTAGCGTCC",61
"CTCTACGGTAGGAGTC",1
"CTCTACGGTAGGCATG",59
"CTCTACGGTCTCTTTA",1000
"CTCTACGGTTACGACT",37
"CTCTACGGTTCATGGT",14
"CTCTACGGTTCCCTTG",38
"CTCTACGGTTCGCTAA",29
"CTCTACGGTTTCGCTC",93
"CTCTACGTCAGGATCT",37
"CTCTACGTCATGCTCC",1000
"CTCTACGTCCGTCAAA",1000
"CTCTACGTCGCATGGC",22
"CTCTACGTCGCCCTTA",47
"CTCTACGTCGGCTACG",47
"CTCTACGTCGTTTATC",1000
"CTCTGGTAGCATGGCA",1000
"CTCTGGTAGCCCTAAT",58
"CTCTGGTAGCTCCCAG",59
"CTCTGGTAGGGCACTA",13
"CTCTGGTAGGTGATTA",37
"CTCTGGTAGTACCGGA",47
"CTCTGGTCAAGAAAGG",91
"CTCTGGTCAAGCGCTC",71
"CTCTGGTCAAGCGTAG",81
"CTCTGGTCACCGCTAG",37
"CTCTGGTCACTGAAGG",24
"CTCTGGTCAGTCTTCC",31
"CTCTGGTCATGCAACT",1000
"CTCTGGTGTCCTAGCG",70
"CTCTGGTGTCGGATCC",70
"CTCTGGTGTCTAGTCA",19
"CTCTGGTGTGAAGGCT",80
"CTCTGGTGTGACGGTA",60
"CTCTGGTGTTCAACCA",70
"CTCTGGTGTTTGGCGC",29
"CTCTGGTTCACAGTAC",93
"CTCTGGTTCAGAAATG",80
"CTCTGGTTCAGGCGAA",83
"CTCTGGTTCATAACCG",10
"CTCTGGTTCCACGTTC",29
"CTCTGGTTCGCATGGC",23
"CTCTGGTTCGGCGCAT",84
"CTCTGGTTCGTAGATC",44
"CTCTGGTTCTCGGACG",59
"CTCTGGTTCTCTTATG",13
"CTCTGGTTCTGTCAAG",32
"CTCTGGTTCTGTCCGT",58
"CTCTGGTTCTGTTGAG",2
"CTCTGGTTCTTACCTA",85
"CTCTGGTTCTTTAGGG",1000
"CTGAAACAGAATGTGT",20
"CTGAAACAGATCCCGC",35
"CTGAAACAGCGAGAAA",10
"CTGAAACAGGATGGTC",58
"CTGAAACAGGATGTAT",36
"CTGAAACAGTACACCT",47
"CTGAAACAGTCGTTTG",44
"CTGAAACAGTGTCCCG",56
"CTGAAACAGTTAAGTG",1000
"CTGAAACCAAGCCGCT",8
"CTGAAACCAATCACAC",74
"CTGAAACCAATCAGAA",68
"CTGAAACGTACCAGTT",11
"CTGAAACGTACGACCC",79
"CTGAAACGTATAGGTA",19
"CTGAAACGTCCAGTAT",84
"CTGAAACGTCCGTTAA",64
"CTGAAACGTCTCCATC",11
"CTGAAACGTCTTCAAG",58
"CTGAAACGTGACCAAG",47
"CTGAAACGTGATGCCC",18
"CTGAAACGTGTGCCTG",25
"CTGAAACGTTTGGCGC",31
"CTGAAACTCACCACCT",68
"CTGAAACTCAGCTTAG",83
"CTGAAACTCATTCACT",47
"CTGAAACTCCAGTATG",96
"CTGAAACTCCTTTCTC",25
"CTGAAACTCGGCTACG",55
"CTGAAACTCTACTATC",78
"CTGAAACTCTGTCAAG",58
"CTGAAGTAGACTTTCG",21
"CTGAAGTAGAGGTAGA",78
"CTGAAGTAGATCTGAA",34
"CTGAAGTCAAAGGAAG",23
"CTGAAGTCAAAGTGCG",62
"CTGAAGTCACAACGTT",1000
"CTGAAGTCACAGAGGT",47
"CTGAAGTCACGAAATA",37
"CTGAAGTCACGCATCG",22
"CTGAAGTCACGTCTCT",1000
"CTGAAGTCAGACGTAG",84
"CTGAAGTCAGCTGCAC",70
"CTGAAGTCAGGTGGAT",1000
"CTGAAGTCAGTCCTTC",84
"CTGAAGTCATCGGTTA",82
"CTGAAGTCATCTACGA",59
"CTGAAGTGTAACGTTC",61
"CTGAAGTGTAAGGGAA",72
"CTGAAGTGTCCCGACA",58
"CTGAAGTGTCCGAGTC",10
"CTGAAGTGTCTGATTG",58
"CTGAAGTGTGACGGTA",74
"CTGAAGTGTGGCCCTA",69
"CTGAAGTGTGGCTCCA",31
"CTGAAGTGTTACAGAA",58
"CTGAAGTGTTCAGCGC",71
"CTGAAGTTCAACACTG",70
"CTGAAGTTCACAATGC",57
"CTGAAGTTCAGAGGTG",22
"CTGAAGTTCATTTGGG",59
"CTGAAGTTCCACGTGG",72
"CTGAAGTTCCGCGTTT",58
"CTGAAGTTCTAACTTC",22
"CTGATAGAGAAACCAT",13
"CTGATAGAGACTTTCG",0
"CTGATAGAGCCGGTAA",47
"CTGATAGAGGACCACA",1000
"CTGATAGAGGATGGAA",46
"CTGATAGAGGGATCTG",82
"CTGATAGAGGGTCTCC",64
"CTGATAGAGTAGGTGC",82
"CTGATAGCAAAGTCAA",54
"CTGATAGCACGTCAGC",11
"CTGATAGCAGCCAGAA",90
"CTGATAGCAGTATCTG",57
"CTGATAGCATAGGATA",59
"CTGATAGCATCCTTGC",32
"CTGATAGCATCGGGTC",43
"CTGATAGGTAATCGTC",72
"CTGATAGGTACATCCA",81
"CTGATAGGTACGCTGC",38
"CTGATAGGTCAATACC",35
"CTGATAGGTGATGTCT",56
"CTGATAGGTGCACTTA",22
"CTGATAGGTTACGTCA",84
"CTGATAGGTTGGAGGT",13
"CTGATAGTCACGACTA",1000
"CTGATAGTCAGTGCAT",58
"CTGATAGTCCTAGTGA",23
"CTGATAGTCTGTCCGT",29
"CTGATAGTCTGTCTCG",1
"CTGATAGTCTTACCGC",1000
"CTGATAGTCTTTAGGG",94
"CTGATCCAGACCACGA",44
"CTGATCCAGAGATGAG",71
"CTGATCCAGCCCGAAA",43
"CTGATCCAGCGTGTCC",52
"CTGATCCAGCTAACTC",10
"CTGATCCAGGCATGTG",82
"CTGATCCAGTGCGATG",31
"CTGATCCCAAACCCAT",37
"CTGATCCCAAGCTGGA",1000
"CTGATCCCAAGCTGTT",23
"CTGATCCCACCGTTGG",1000
"CTGATCCCAGATCCAT",96
"CTGATCCCAGCTGTTA",35
"CTGATCCCATATACGC",70
"CTGATCCCATCCGCGA",22
"CTGATCCCATTTCACT",1000
"CTGATCCGTATAAACG",94
"CTGATCCGTATGCTTG",58
"CTGATCCGTATGGTTC",1000
"CTGATCCGTCAAACTC",34
"CTGATCCGTCACCCAG",70
"CTGATCCGTGCACCAC",8
"CTGATCCGTTCAGTAC",59
"CTGATCCGTTCTGGTA",71
"CTGATCCGTTTGACTG",11
"CTGATCCTCACCAGGC",90
"CTGATCCTCATGCTCC",9
"CTGATCCTCCCGGATG",10
"CTGATCCTCCGCATCT",81
"CTGATCCTCGCAAACT",95
"CTGATCCTCGTACCGG",11
"CTGCCTAAGACATAAC",11
"CTGCCTAAGACCCACC",70
"CTGCCTAAGAGGACGG",84
"CTGCCTAAGCAGGCTA",1000
"CTGCCTAAGCCCTAAT",23
"CTGCCTAAGCGTGAGT",54
"CTGCCTAAGGAATTAC",46
"CTGCCTAAGGATGGAA",90
"CTGCCTAAGGTGCTTT",70
"CTGCCTAAGTTTAGGA",43
"CTGCCTACAAGTTGTC",84
"CTGCCTACAATCTGCA",47
"CTGCCTACACCCAGTG",10
"CTGCCTACACGTCAGC",56
"CTGCCTACAGATAATG",13
"CTGCCTACAGTAAGAT",84
"CTGCCTACAGTATAAG",58
"CTGCCTACATCCGCGA",80
"CTGCCTAGTAATTGGA",1000
"CTGCCTAGTAGCACGA",92
"CTGCCTAGTCACAAGG",0
"CTGCCTAGTGCAGACA",1000
"CTGCCTAGTGTATGGG",17
"CTGCCTAGTTAAGGGC",13
"CTGCCTAGTTCCACAA",71
"CTGCCTATCACTTACT",46
"CTGCCTATCGCCAAAT",94
"CTGCGGAAGAAGATTC",95
"CTGCGGAAGATATACG",0
"CTGCGGAAGATCCCAT",70
"CTGCGGAAGATCGGGT",58
"CTGCGGAAGCGACGTA",94
"CTGCGGAAGCTTTGGT",95
"CTGCGGAAGGGCATGT",82
"CTGCGGAAGGTAAACT",22
"CTGCGGAAGTCGATAA",23
"CTGCGGACAAACCTAC",80
"CTGCGGACAAGCCATT",37
"CTGCGGACAGTCCTTC",23
"CTGCGGACATTCGACA",1000
"CTGCGGAGTAAAGTCA",95
"CTGCGGAGTCCATGAT",1000
"CTGCGGAGTCCGAAGA",47
"CTGCGGAGTCGCGAAA",36
"CTGCGGAGTCTCACCT",33
"CTGCGGAGTGACAAAT",91
"CTGCGGAGTGACGCCT",81
"CTGCGGAGTGGCAAAC",74
"CTGCGGAGTGTTTGTG",13
"CTGCGGAGTTCCCGAG",34
"CTGCGGAGTTCTGTTT",58
"CTGCGGAGTTGTACAC",84
"CTGCGGATCACCGGGT",59
"CTGCGGATCCGGCACA",47
"CTGCGGATCGACGGAA",60
"CTGCGGATCGTCTGAA",86
"CTGCGGATCGTTACAG",49
"CTGCGGATCGTTTATC",86
"CTGCGGATCTCGTATT",75
"CTGCGGATCTGATTCT",94
"CTGCGGATCTTGCCGT",59
"CTGCTGTAGAAGGTGA",35
"CTGCTGTAGATAGGAG",65
"CTGCTGTAGGATTCGG",84
"CTGCTGTAGTCATGCT",57
"CTGCTGTAGTCTTGCA",1000
"CTGCTGTCAAACGCGA",23
"CTGCTGTCAAGCCGCT",1000
"CTGCTGTCAATCAGAA",72
"CTGCTGTCACAGGTTT",95
"CTGCTGTCACGAAAGC",60
"CTGCTGTCACGTTGGC",78
"CTGCTGTCAGATGAGC",22
"CTGCTGTCAGGATTGG",34
"CTGCTGTCAGTATCTG",37
"CTGCTGTCAGTTCCCT",52
"CTGCTGTGTACAGCAG",1000
"CTGCTGTGTACGCACC",19
"CTGCTGTGTACTCGCG",2
"CTGCTGTGTAGAGCTG",1000
"CTGCTGTGTCAGATAA",62
"CTGCTGTGTCCCGACA",72
"CTGCTGTGTCGACTGC",85
"CTGCTGTGTGAGTGAC",31
"CTGCTGTGTGGCGAAT",24
"CTGCTGTGTTAGATGA",82
"CTGCTGTGTTGAACTC",79
"CTGCTGTGTTGAGGTG",10
"CTGCTGTGTTGTCGCG",1000
"CTGCTGTGTTGTGGAG",1000
"CTGCTGTTCACTTACT",72
"CTGCTGTTCATGGTCA",10
"CTGCTGTTCGAATGCT",34
"CTGCTGTTCGCATGGC",63
"CTGCTGTTCGCCAGCA",64
"CTGGTCTAGAAGAAGC",73
"CTGGTCTAGAAGCCCA",22
"CTGGTCTAGACAGACC",71
"CTGGTCTAGACGCACA",82
"CTGGTCTAGACTTGAA",94
"CTGGTCTAGCAGCGTA",1000
"CTGGTCTAGCAGGTCA",8
"CTGGTCTAGCCCGAAA",81
"CTGGTCTAGCCTTGAT",33
"CTGGTCTAGCGGATCA",60
"CTGGTCTAGCTTATCG",51
"CTGGTCTAGGAATGGA",43
"CTGGTCTAGGCCCTCA",77
"CTGGTCTAGGCCCTTG",82
"CTGGTCTAGGCGCTCT",35
"CTGGTCTCAACACCTA",59
"CTGGTCTCAACTTGAC",11
"CTGGTCTCAAGGTGTG",70
"CTGGTCTCAATGGAAT",70
"CTGGTCTCACCCAGTG",11
"CTGGTCTCACGAAATA",1000
"CTGGTCTCACTATCTT",34
"CTGGTCTCAGCCTGTG",8
"CTGGTCTCAGCGTAAG",96
"CTGGTCTCAGTATCTG",56
"CTGGTCTCATAGGATA",1000
"CTGGTCTCATCCCACT",1000
"CTGGTCTCATGGTAGG",24
"CTGGTCTGTGCCTGCA",94
"CTGGTCTGTTAGGGTG",34
"CTGGTCTGTTGTCGCG",82
"CTGGTCTGTTTGACAC",58
"CTGGTCTTCACAGGCC",95
"CTGGTCTTCACCCTCA",94
"CTGGTCTTCACCGGGT",14
"CTGGTCTTCAGGCAAG",1000
"CTGGTCTTCATGTAGC",35
"CTGGTCTTCCAAACTG",1
"CTGGTCTTCCAGGGCT",11
"CTGGTCTTCGAACGGA",95
"CTGGTCTTCGGCATCG",84
"CTGTGCTAGATCTGAA",71
"CTGTGCTAGCAGGCTA",1000
"CTGTGCTAGCCTATGT",92
"CTGTGCTAGCCTCGTG",35
"CTGTGCTAGCGCTTAT",9
"CTGTGCTAGCTAAACA",1000
"CTGTGCTAGTCCTCCT",37
"CTGTGCTAGTGTCCAT",46
"CTGTGCTAGTTTAGGA",71
"CTGTGCTCAAAGAATC",29
"CTGTGCTCAAGTTAAG",25
"CTGTGCTCAATAAGCA",10
"CTGTGCTCACGGACAA",79
"CTGTGCTCAGATCGGA",1000
"CTGTGCTCATAGAAAC",1000
"CTGTGCTCATCTCGCT",84
"CTGTGCTGTCCGCTGA",35
"CTGTGCTGTCTACCTC",70
"CTGTGCTGTGTCTGAT",22
"CTGTGCTGTGTGGCTC",13
"CTGTGCTGTGTTCGAT",1000
"CTGTGCTGTTAAGATG",72
"CTGTGCTTCAAGCCTA",63
"CTGTGCTTCAATCTCT",32
"CTGTGCTTCACATACG",68
"CTGTGCTTCCCATTTA",35
"CTGTGCTTCCGCGGTA",67
"CTGTGCTTCGGAGCAA",70
"CTGTGCTTCGGTCCGA",43
"CTGTGCTTCGTCTGCT",72
"CTGTGCTTCGTTACGA",34
"CTGTGCTTCTACCTGC",62
"CTGTGCTTCTGCTTGC",46
"CTGTTTAAGACCCACC",33
"CTGTTTAAGCGCTCCA",1000
"CTGTTTAAGCTCCTCT",72
"CTGTTTAAGCTCTCGG",43
"CTGTTTAAGGAGTTTA",26
"CTGTTTAAGGTAGCCA",1000
"CTGTTTACAAATCCGT",11
"CTGTTTACAAGAAGAG",58
"CTGTTTACACGAGAGT",59
"CTGTTTACAGACGCCT",1000
"CTGTTTACAGTTAACC",94
"CTGTTTACAGTTCATG",32
"CTGTTTAGTACCTACA",10
"CTGTTTAGTACTTGAC",82
"CTGTTTAGTCACAAGG",1
"CTGTTTAGTCGGGTCT",71
"CTGTTTAGTGAGTATA",64
"CTGTTTAGTGTAATGA",65
"CTGTTTAGTTACCAGT",80
"CTGTTTATCAACCATG",71
"CTGTTTATCCGCAGTG",1000
"CTGTTTATCCGTTGCT",1000
"CTGTTTATCCTCCTAG",1000
"CTGTTTATCGACCAGC",72
"CTGTTTATCGGAAACG",82
"CTGTTTATCGTTGCCT",76
"CTGTTTATCTCTGCTG",43
"CTGTTTATCTGCTGCT",1
"CTGTTTATCTTGTTTG",1
"CTTAACTAGAATCTCC",1000
"CTTAACTAGACAGAGA",87
"CTTAACTAGATGTGGC",55
"CTTAACTAGATGTGTA",83
"CTTAACTAGCAGCGTA",59
"CTTAACTAGCATGGCA",1
"CTTAACTAGCGATATA",1000
"CTTAACTAGGTCATCT",13
"CTTAACTAGTAGATGT",49
"CTTAACTAGTAGCGGT",59
"CTTAACTAGTGAACAT",23
"CTTAACTAGTGTACCT",23
"CTTAACTCAAACCCAT",43
"CTTAACTCAAAGGAAG",70
"CTTAACTCACAGGCCT",82
"CTTAACTCACCACGTG",84
"CTTAACTCACGAAATA",1000
"CTTAACTCACGGCGTT",92
"CTTAACTCAGCATACT",1000
"CTTAACTCATCGATTG",56
"CTTAACTCATGCTGGC",71
"CTTAACTCATGGTAGG",96
"CTTAACTCATTCCTGC",22
"CTTAACTGTAATCACC",58
"CTTAACTGTAGCCTCG",23
"CTTAACTGTCAACATC",94
"CTTAACTGTCGACTGC",22
"CTTAACTGTCTTTCAT",68
"CTTAACTGTTCAGTAC",56
"CTTAACTGTTCGTTGA",72
"CTTAACTTCAGGTAAA",1000
"CTTAACTTCATAAAGG",23
"CTTAACTTCCACGTGG",11
"CTTAACTTCCCACTTG",20
"CTTAACTTCGTTTATC",58
"CTTAACTTCTGGTTCC",1000
"CTTAACTTCTGTGCAA",58
"CTTACCGAGAGGGATA",11
"CTTACCGAGGAGTCTG",2
"CTTACCGAGTAAGTAC",95
"CTTACCGAGTAGCCGA",34
"CTTACCGAGTGTCCAT",1000
"CTTACCGCAAAGAATC",60
"CTTACCGCAAGAGTCG",1000
"CTTACCGCACATAACC",25
"CTTACCGCAGCAGTTT",53
"CTTACCGCAGGTTTCA",22
"CTTACCGGTCAAGCGA",71
"CTTACCGGTCCTCTTG",67
"CTTACCGGTGCGGTAA",11
"CTTACCGGTGGTCTCG",23
"CTTACCGGTGTGCCTG",83
"CTTACCGGTTGAGTTC",35
"CTTACCGTCAAACAAG",11
"CTTACCGTCAACACCA",47
"CTTACCGTCAACACTG",5
"CTTACCGTCAGTTCGA",23
"CTTACCGTCCGTTGTC",95
"CTTACCGTCCTGTACC",13
"CTTACCGTCGCTGATA",50
"CTTACCGTCGGCGCTA",86
"CTTACCGTCTACTTAC",66
"CTTACCGTCTCCGGTT",45
"CTTACCGTCTGCGGCA",32
"CTTACCGTCTGCTGCT",95
"CTTACCGTCTTGTATC",1000
"CTTACCGTCTTGTTTG",1000
"CTTACCGTCTTTACGT",1000
"CTTAGGAAGAGGACGG",94
"CTTAGGAAGATCCCAT",1000
"CTTAGGAAGGACCACA",77
"CTTAGGAAGTCTTGCA",70
"CTTAGGAAGTGTCTCA",55
"CTTAGGACAAACCTAC",1000
"CTTAGGACAAGCTGTT",35
"CTTAGGACACCAGCAC",1
"CTTAGGACACGAAACG",71
"CTTAGGACACGGTAGA",44
"CTTAGGACACTTCTGC",56
"CTTAGGACAGACGCTC",82
"CTTAGGACAGCGAACA",95
"CTTAGGACATATACCG",55
"CTTAGGAGTACCCAAT",69
"CTTAGGAGTACTCTCC",47
"CTTAGGAGTAGGCTGA",55
"CTTAGGAGTCATGCCG",1000
"CTTAGGAGTCCGAACC",58
"CTTAGGAGTCGCCATG",47
"CTTAGGAGTGAGTATA",86
"CTTAGGATCACTATTC",92
"CTTAGGATCACTTCAT",69
"CTTAGGATCCCTAATT",52
"CTTAGGATCGAGAGCA",84
"CTTAGGATCGGAGGTA",94
"CTTAGGATCGTCGTTC",26
"CTTAGGATCTAAGCCA",45
"CTTAGGATCTGCTTGC",11
"CTTCTCTCACCTTGTC",58
"CTTCTCTCACGAAATA",23
"CTTCTCTCACGGATAG",8
"CTTCTCTCAGATGGGT",65
"CTTCTCTGTAAGGATT",1000
"CTTCTCTGTAAGTGTA",71
"CTTCTCTGTACGACCC",10
"CTTCTCTGTAGCTGCC",48
"CTTCTCTGTCACTGGC",1000
"CTTCTCTGTCCCTACT",23
"CTTCTCTGTCTAGCCG",60
"CTTCTCTGTCTCGTTC",63
"CTTCTCTGTCTTGTCC",59
"CTTCTCTGTGGCGAAT",59
"CTTCTCTGTTGAACTC",71
"CTTCTCTTCATTTGGG",30
"CTTCTCTTCCATGAGT",1000
"CTTCTCTTCGGAAACG",48
"CTTCTCTTCTCGCTTG",35
"CTTGGCTAGAAGGACA",95
"CTTGGCTAGACGCACA",35
"CTTGGCTAGGCAGTCA",33
"CTTGGCTAGGCTCTTA",70
"CTTGGCTAGTCATCCA",67
"CTTGGCTAGTTATCGC",50
"CTTGGCTCAACTTGAC",19
"CTTGGCTCAGACGCCT",41
"CTTGGCTCAGCCTATA",32
"CTTGGCTCATCCGCGA",84
"CTTGGCTGTAATCGTC",37
"CTTGGCTGTCAGATAA",91
"CTTGGCTGTCGAACAG",23
"CTTGGCTGTCTAGTGT",11
"CTTGGCTGTCTGGAGA",25
"CTTGGCTGTGAGCGAT",71
"CTTGGCTGTGATGTGG",55
"CTTGGCTGTGCGATAG",11
"CTTGGCTGTGGTAACG",1000
"CTTGGCTGTGTTCGAT",59
"CTTGGCTGTTAAGAAC",58
"CTTGGCTGTTAGGGTG",83
"CTTGGCTGTTCAACCA",71
"CTTGGCTGTTCGTGAT",48
"CTTGGCTTCACTCTTA",44
"CTTGGCTTCATAAAGG",38
"CTTGGCTTCATAACCG",47
"CTTGGCTTCCATGAAC",27
"CTTGGCTTCCGAATGT",10
"CTTGGCTTCCGGCACA",79
"CTTGGCTTCGTAGATC",91
"CTTGGCTTCGTGGGAA",56
"CTTGGCTTCTCTAAGG",1000
"CTTTGCGAGAAGGCCT",37
"CTTTGCGAGAGTGAGA",82
"CTTTGCGAGATGTGGC",11
"CTTTGCGAGCAGCGTA",82
"CTTTGCGAGCCGTCGT",83
"CTTTGCGAGCTAAGAT",32
"CTTTGCGAGGCGTACA",45
"CTTTGCGAGGGCATGT",58
"CTTTGCGAGGGCTTGA",1000
"CTTTGCGAGGTGACCA",71
"CTTTGCGAGTACTTGC",48
"CTTTGCGCAATCGGTT",82
"CTTTGCGCAATTCCTT",35
"CTTTGCGCACGTAAGG",34
"CTTTGCGCACTTAACG",1000
"CTTTGCGCACTTAAGC",82
"CTTTGCGCAGCCTTTC",67
"CTTTGCGCAGCTTCGG",1000
"CTTTGCGCAGGAATGC",71
"CTTTGCGCAGGCGATA",11
"CTTTGCGCATCGATTG",49
"CTTTGCGCATGAACCT",72
"CTTTGCGGTAAAGGAG",47
"CTTTGCGGTAACGACG",11
"CTTTGCGGTAAGAGGA",1000
"CTTTGCGGTAGTACCT",1000
"CTTTGCGGTATGGTTC",1000
"CTTTGCGGTCGCATAT",92
"CTTTGCGGTCGCGTGT",55
"CTTTGCGGTCGTCTTC",22
"CTTTGCGGTCTAGCCG",80
"CTTTGCGGTCTAGGTT",58
"CTTTGCGGTGAAATCA",47
"CTTTGCGGTGACGCCT",68
"CTTTGCGGTGTTCTTT",49
"CTTTGCGTCAACCATG",25
"CTTTGCGTCACGCGGT",1
"CTTTGCGTCAGATAAG",76
"CTTTGCGTCAGCTTAG",34
"CTTTGCGTCCACGAAT",22
"CTTTGCGTCCACGACG",69
"CTTTGCGTCCGCGGTA",92
"CTTTGCGTCCGGCACA",35
"CTTTGCGTCCGTAGTA",58
"CTTTGCGTCGAATCCA",85
"GAAACTCAGAGGTTAT",95
"GAAACTCAGCAGGCTA",71
"GAAACTCAGCGATGAC",62
"GAAACTCAGCGTGAAC",47
"GAAACTCAGCTCTCGG",79
"GAAACTCAGGTGCTTT",22
"GAAACTCAGTATCTCG",64
"GAAACTCAGTGCCATT",1000
"GAAACTCAGTGCTGCC",7
"GAAACTCAGTTGTAGA",4
"GAAACTCCAAGAAAGG",70
"GAAACTCCACACTGCG",4
"GAAACTCCACGCATCG",19
"GAAACTCCACGGCCAT",35
"GAAACTCCAGCTCCGA",21
"GAAACTCCAGGGAGAG",49
"GAAACTCGTACCGTAT",50
"GAAACTCGTACTTGAC",10
"GAAACTCGTGACTCAT",71
"GAAACTCGTGCAGGTA",69
"GAAACTCGTGCCTGTG",69
"GAAACTCGTTCCGGCA",10
"GAAACTCGTTCCTCCA",14
"GAAACTCTCAGCTTAG",41
"GAAACTCTCCTCAACC",88
"GAAACTCTCCTGTACC",60
"GAAATGAAGCCGGTAA",49
"GAAATGAAGCTAGGCA",1
"GAAATGAAGGCAAAGA",1000
"GAAATGAAGGTTACCT",60
"GAAATGAAGTTGTCGT",17
"GAAATGACAAACGCGA",38
"GAAATGACAAACTGTC",53
"GAAATGACAAGCCATT",1000
"GAAATGACACAACGTT",47
"GAAATGACAGACGCCT",92
"GAAATGACATAGACTC",62
"GAAATGACATCGGTTA",17
"GAAATGACATGCAACT",45
"GAAATGACATTAACCG",35
"GAAATGACATTAGGCT",1000
"GAAATGACATTGGCGC",24
"GAAATGACATTTCACT",52
"GAAATGAGTAGTACCT",91
"GAAATGAGTATATGAG",1000
"GAAATGAGTCTACCTC",49
"GAAATGAGTCTTGCGG",63
"GAAATGATCACAGGCC",32
"GAAATGATCCCGACTT",46
"GAAATGATCTGCTGTC",70
"GAAATGATCTGGGCCA",44
"GAACATCAGAAACGCC",71
"GAACATCAGAGTACAT",1000
"GAACATCAGCCAACAG",71
"GAACATCAGCTAGCCC",34
"GAACATCAGGAGTTGC",94
"GAACATCAGGCCCTTG",73
"GAACATCAGTGAATTG",29
"GAACATCCAAGCCATT",1000
"GAACATCCAAGTTGTC",84
"GAACATCCACACGCTG",93
"GAACATCCAGATAATG",49
"GAACATCCATAAGACA",1000
"GAACATCCATCACCCT",58
"GAACATCCATCAGTCA",54
"GAACATCCATCCTAGA",11
"GAACATCCATTCCTGC",70
"GAACATCGTCGAGATG",26
"GAACATCGTCTAGTGT",8
"GAACATCTCACCATAG",35
"GAACATCTCACCTCGT",24
"GAACATCTCAGTCCCT",77
"GAACATCTCCAGTAGT",95
"GAACATCTCCGATATG",81
"GAACATCTCCTATTCA",1000
"GAACATCTCCTCGCAT",95
"GAACATCTCGCTGATA",91
"GAACATCTCGGATGTT",47
"GAACATCTCTCGTTTA",95
"GAACATCTCTCTGTCG",56
"GAACATCTCTGCCAGG",23
"GAACCTAAGACGCAAC",1000
"GAACCTAAGCATGGCA",70
"GAACCTAAGCGTTGCC",82
"GAACCTAAGCTACCTA",1000
"GAACCTAAGGATGGAA",34
"GAACCTAAGGCAAAGA",1000
"GAACCTAAGGCATGGT",94
"GAACCTACAAAGAATC",34
"GAACCTACAACGCACC",44
"GAACCTACAAGCCTAT",7
"GAACCTACAAGGCTCC",56
"GAACCTACACAGCCCA",23
"GAACCTACACGAAATA",72
"GAACCTACACTCAGGC",11
"GAACCTACAGCATACT",51
"GAACCTACAGCCAATT",35
"GAACCTACATACAGCT",64
"GAACCTACATCACAAC",25
"GAACCTACATCCTAGA",70
"GAACCTACATTAACCG",34
"GAACCTAGTAGTACCT",62
"GAACCTAGTCATCGGC",79
"GAACCTAGTCCAAGTT",65
"GAACCTAGTCCGAATT",11
"GAACCTAGTCTAGTGT",4
"GAACCTAGTGACGCCT",64
"GAACCTAGTGCACGAA",32
"GAACCTAGTTATTCTC",20
"GAACCTAGTTCCACTC",35
"GAACCTAGTTCCCTTG",84
"GAACCTAGTTTGCATG",32
"GAACCTATCACCCTCA",70
"GAACCTATCATTATCC",72
"GAACCTATCGCGATCG",71
"GAACCTATCGTGTAGT",13
"GAACGGAAGAGAACAG",58
"GAACGGAAGCAGATCG",70
"GAACGGAAGGAGTCTG",67
"GAACGGAAGGCCCTTG",80
"GAACGGAAGTGGGCTA",26
"GAACGGACACAGACTT",7
"GAACGGACACTATCTT",1000
"GAACGGACACTCAGGC",35
"GAACGGACAGAGCCAA",1
"GAACGGACAGGAATGC",46
"GAACGGACAGGCAGTA",63
"GAACGGACATAAAGGT",7
"GAACGGACATACAGCT",1000
"GAACGGACATGAGCGA",58
"GAACGGACATGTCTCC",7
"GAACGGAGTAATCACC",43
"GAACGGAGTCAAACTC",53
"GAACGGAGTCATCCCT",37
"GAACGGAGTCTCCCTA",32
"GAACGGAGTCTTCTCG",37
"GAACGGAGTGATGTGG",1000
"GAACGGAGTGTCGCTG",62
"GAACGGAGTTGTGGAG",22
"GAACGGATCAACCATG",10
"GAACGGATCAAGAAGT",94
"GAACGGATCACAGGCC",1000
"GAACGGATCACAGTAC",1000
"GAACGGATCAGTTGAC",57
"GAACGGATCATCGCTC",95
"GAACGGATCCTAGTGA",61
"GAACGGATCGCGTAGC",23
"GAACGGATCTGACCTC",34
"GAAGCAGAGCCAGAAC",82
"GAAGCAGAGGATTCGG",1
"GAAGCAGCAAACGCGA",1000
"GAAGCAGCAAGGTTCT",1000
"GAAGCAGCAAGTTAAG",47
"GAAGCAGCACATCCAA",1000
"GAAGCAGCACCAGCAC",8
"GAAGCAGCACCTCGGA",1
"GAAGCAGCACTTACGA",73
"GAAGCAGGTACTCAAC",1000
"GAAGCAGGTAGCGTAG",71
"GAAGCAGGTCATGCAT",14
"GAAGCAGGTCGCGAAA",1000
"GAAGCAGTCAGAGACG",58
"GAAGCAGTCATACGGT",47
"GAAGCAGTCCGCTGTT",1000
"GAAGCAGTCCTCTAGC",87
"GAAGCAGTCTCAAGTG",1000
"GAAGCAGTCTGGTTCC",1000
"GAAGCAGTCTGTCTCG",93
"GAAGCAGTCTTGAGGT",60
"GAATAAGAGCACACAG",46
"GAATAAGAGCCAGTAG",1000
"GAATAAGAGTCCGTAT",59
"GAATAAGAGTGTGGCA",73
"GAATAAGCACAGGAGT",23
"GAATAAGCACCAGCAC",34
"GAATAAGCACCAGTTA",47
"GAATAAGCACGCATCG",47
"GAATAAGCAGACACTT",69
"GAATAAGCAGCGTAAG",83
"GAATAAGCATCGATGT",11
"GAATAAGGTCAAACTC",11
"GAATAAGGTCGAGTTT",19
"GAATAAGGTCGGATCC",22
"GAATAAGGTTCCACAA",1000
"GAATAAGGTTCGGCAC",38
"GAATAAGGTTGATTGC",1000
"GAATAAGGTTGGTTTG",1
"GAATAAGGTTGTACAC",67
"GAATAAGGTTGTGGAG",19
"GAATAAGTCAAGGTAA",37
"GAATAAGTCAGGCCCA",32
"GAATAAGTCATGCATG",10
"GAATAAGTCCATGAAC",44
"GAATAAGTCGCCAAAT",90
"GAATAAGTCGCGTTTC",35
"GAATAAGTCTGAGGGA",71
"GAATAAGTCTGTCTCG",1000
"GAATGAAAGAGGTTAT",95
"GAATGAAAGCCCTAAT",11
"GAATGAAAGGGTCGAT",43
"GAATGAAAGTGAACAT",94
"GAATGAAAGTGCAAGC",78
"GAATGAAAGTGCGATG",31
"GAATGAAAGTGTTTGC",69
"GAATGAACAAGGACTG",67
"GAATGAACAATAAGCA",1000
"GAATGAACACCGGAAA",47
"GAATGAACAGGGAGAG",58
"GAATGAACAGGGTACA",2
"GAATGAACATCGGGTC",86
"GAATGAAGTAAATGAC",71
"GAATGAAGTAGAGGAA",71
"GAATGAAGTATATGAG",96
"GAATGAAGTCGCTTCT",49
"GAATGAAGTCGGATCC",85
"GAATGAAGTCTAACGT",78
"GAATGAAGTCTGATTG",94
"GAATGAAGTGAAAGAG",1
"GAATGAAGTGGGTCAA",1000
"GAATGAAGTGTTGGGA",84
"GAATGAAGTTAAGATG",46
"GAATGAAGTTTGGCGC",22
"GAATGAATCAAACCGT",35
"GAATGAATCAAAGACA",95
"GAATGAATCCTGCTTG",58
"GAATGAATCTGCTTGC",1000
"GAATGAATCTGGCGTG",95
"GAATGAATCTTGAGAC",11
"GAATGAATCTTTAGGG",88
"GACACGCAGAAGGCCT",44
"GACACGCAGAGCTTCT",1000
"GACACGCAGATCCCGC",37
"GACACGCAGCGAAGGG",47
"GACACGCAGCTGTCTA",92
"GACACGCAGGGCACTA",55
"GACACGCAGGTAGCCA",59
"GACACGCAGGTGTTAA",70
"GACACGCAGTATTGGA",59
"GACACGCCAATGGTCT",61
"GACACGCCACCAACCG",70
"GACACGCCACTGAAGG",11
"GACACGCCAGCTGTGC",23
"GACACGCCAGTAACGG",95
"GACACGCGTAAGAGAG",82
"GACACGCGTACTCGCG",1000
"GACACGCGTACTCTCC",59
"GACACGCGTATGCTTG",72
"GACACGCGTCTCAACA",2
"GACACGCGTCTCTCGT",23
"GACACGCGTTCAGTAC",69
"GACACGCTCGAGAACG",11
"GACACGCTCTGCTTGC",71
"GACACGCTCTTCGGTC",70
"GACAGAGAGAAGAAGC",57
"GACAGAGAGAGGACGG",63
"GACAGAGAGGATGGTC",36
"GACAGAGAGGCAGTCA",51
"GACAGAGAGGGTTCCC",13
"GACAGAGAGGTGCAAC",57
"GACAGAGAGTCACGCC",1000
"GACAGAGAGTCTCCTC",63
"GACAGAGAGTGGTAGC",75
"GACAGAGCAAAGTCAA",60
"GACAGAGCAACACCCG",43
"GACAGAGCAATACGCT",7
"GACAGAGCAATCGGTT",4
"GACAGAGCACAGGTTT",37
"GACAGAGCACCATCCT",44
"GACAGAGCAGATGAGC",81
"GACAGAGCAGCATGAG",84
"GACAGAGCAGGAATCG",81
"GACAGAGCAGTAGAGC",7
"GACAGAGGTAAATACG",1000
"GACAGAGGTAATCGTC",89
"GACAGAGGTAGAAGGA",44
"GACAGAGGTCAACATC",95
"GACAGAGGTCAGAAGC",11
"GACAGAGGTCAGAATA",72
"GACAGAGGTGACGGTA",8
"GACAGAGGTTAGATGA",0
"GACAGAGTCAGTCAGT",72
"GACAGAGTCATGGTCA",96
"GACAGAGTCCATTCTA",70
"GACAGAGTCCGAATGT",58
"GACAGAGTCCGAGCCA",29
"GACAGAGTCGGCGCAT",1000
"GACAGAGTCTGGAGCC",64
"GACAGAGTCTGTCAAG",72
"GACAGAGTCTGTCTAT",53
"GACCAATAGAACTGTA",34
"GACCAATAGACAGACC",19
"GACCAATAGCGTAGTG",13
"GACCAATAGGAGTACC",34
"GACCAATAGTACCGGA",37
"GACCAATAGTGAATTG",82
"GACCAATAGTGTACTC",23
"GACCAATCAAGTCTGT",64
"GACCAATCAATAAGCA",71
"GACCAATCACCACGTG",10
"GACCAATCACGAAGCA",71
"GACCAATCAGCATACT",87
"GACCAATCAGGATCGA",94
"GACCAATCAGGGTTAG",0
"GACCAATCATGAGCGA",46
"GACCAATCATGGAATA",22
"GACCAATGTAAACACA",72
"GACCAATGTAAATGTG",83
"GACCAATGTAAGTTCC",79
"GACCAATGTAATCGTC",59
"GACCAATGTACAGACG",10
"GACCAATGTCAAAGAT",81
"GACCAATGTCCATGAT",14
"GACCAATGTCTCAACA",1000
"GACCAATGTTTGACTG",1000
"GACCAATTCAAACCGT",1000
"GACCAATTCGACGGAA",84
"GACCAATTCGTACCGG",70
"GACCAATTCTGCTTGC",11
"GACCAATTCTTACCGC",72
"GACCAATTCTTGAGAC",94
"GACCAATTCTTGCAAG",20
"GACCTGGAGAAAGTGG",7
"GACCTGGAGAACTGTA",1000
"GACCTGGAGACTAGGC",8
"GACCTGGAGATATGGT",90
"GACCTGGAGCTAGTCT",22
"GACCTGGAGGGTGTTG",82
"GACCTGGAGTGCGATG",1000
"GACCTGGCAATGGATA",45
"GACCTGGCACAGATTC",91
"GACCTGGCAGGAATGC",35
"GACCTGGCAGTTAACC",57
"GACCTGGCATCACGTA",20
"GACCTGGCATCAGTAC",23
"GACCTGGCATTAGCCA",50
"GACCTGGGTAGCACGA",8
"GACCTGGGTAGCGTCC",87
"GACCTGGGTGTATGGG",94
"GACCTGGGTGTTGAGG",35
"GACCTGGGTTAAGACA",44
"GACCTGGGTTGCGTTA",24
"GACCTGGTCAAACAAG",70
"GACCTGGTCACAATGC",39
"GACCTGGTCAGGATCT",11
"GACCTGGTCGTATCAG",47
"GACCTGGTCTCTGAGA",1000
"GACCTGGTCTTAACCT",10
"GACGCGTAGAAAGTGG",1000
"GACGCGTAGAACAATC",9
"GACGCGTAGAGGACGG",45
"GACGCGTAGATCTGCT",11
"GACGCGTAGCCTATGT",83
"GACGCGTAGTCGTTTG",60
"GACGCGTAGTGGGCTA",11
"GACGCGTAGTGGTCCC",38
"GACGCGTAGTTACGGG",35
"GACGCGTCACAACGCC",34
"GACGCGTCACGGTGTC",84
"GACGCGTCACGTCTCT",46
"GACGCGTCAGTTCCCT",20
"GACGCGTCATAAAGGT",94
"GACGCGTCATCTGGTA",1000
"GACGCGTCATGGATGG",23
"GACGCGTGTAAACCTC",59
"GACGCGTGTAAGGGAA",37
"GACGCGTGTACTCTCC",94
"GACGCGTGTAGGACAC",22
"GACGCGTGTATTCGTG",11
"GACGCGTGTCAGGACA",47
"GACGCGTGTCTAGAGG",1000
"GACGCGTGTTCCATGA",13
"GACGCGTTCAGCCTAA",44
"GACGCGTTCCTTTCTC",43
"GACGCGTTCGGCGCAT",23
"GACGCGTTCTAGCACA",82
"GACGCGTTCTCCAACC",84
"GACGCGTTCTCGATGA",46
"GACGCGTTCTTATCTG",33
"GACGGCTAGACCTAGG",92
"GACGGCTAGGAGCGTT",70
"GACGGCTAGGATGTAT",10
"GACGGCTAGGGCTCTC",71
"GACGGCTAGGTTCCTA",59
"GACGGCTAGTGAAGTT",47
"GACGGCTAGTGAATTG",1000
"GACGGCTAGTTAAGTG",11
"GACGGCTCAATACGCT",46
"GACGGCTCAATCGGTT",19
"GACGGCTCACACCGAC",47
"GACGGCTCACCGCTAG",23
"GACGGCTCAGCCACCA",35
"GACGGCTCAGGAACGT",46
"GACGGCTCAGGACCCT",4
"GACGGCTGTAAAGGAG",56
"GACGGCTGTAATAGCA",18
"GACGGCTGTACTCGCG",93
"GACGGCTGTAGATTAG",60
"GACGGCTGTAGGAGTC",59
"GACGGCTGTATCGCAT",53
"GACGGCTGTCCGAATT",53
"GACGGCTGTGCAACGA",82
"GACGGCTGTTACGGAG",91
"GACGGCTGTTAGAACA",45
"GACGGCTGTTTAAGCC",1000
"GACGGCTTCAAGGCTT",95
"GACGGCTTCAGTGTTG",1000
"GACGGCTTCCAATGGT",35
"GACGGCTTCCACTCCA",35
"GACGGCTTCCCTCAGT",82
"GACGGCTTCGGACAAG",60
"GACGGCTTCTTCGAGA",56
"GACGGCTTCTTGTACT",46
"GACGTGCAGAGGTAGA",53
"GACGTGCAGCTTATCG",84
"GACGTGCAGGCATGTG",1000
"GACGTGCAGGGCTTGA",1000
"GACGTGCAGGTTCCTA",58
"GACGTGCAGTCTTGCA",95
"GACGTGCAGTGCGTGA",95
"GACGTGCAGTGGTAAT",80
"GACGTGCCAAGAAGAG",71
"GACGTGCCAATGAATG",70
"GACGTGCCATAAGACA",76
"GACGTGCCATGTCGAT",94
"GACGTGCGTAAGTTCC",20
"GACGTGCGTATTCTCT",82
"GACGTGCGTCCGTCAG",82
"GACGTGCGTCGATTGT",62
"GACGTGCGTCTGGTCG",64
"GACGTGCGTGCACTTA",64
"GACGTGCGTTAAGATG",55
"GACGTGCTCAAGAAGT",8
"GACGTGCTCACTCTTA",91
"GACGTGCTCAGATAAG",95
"GACGTGCTCAGTTTGG",11
"GACGTGCTCATTCACT",96
"GACGTGCTCCACGCAG",23
"GACGTGCTCCCAGGTG",47
"GACGTGCTCCTAGGGC",58
"GACGTGCTCGCATGGC",59
"GACGTGCTCGTACCGG",35
"GACGTGCTCTAACTGG",71
"GACGTGCTCTGTCTAT",33
"GACGTGCTCTGTGCAA",85
"GACGTTAAGAATGTGT",91
"GACGTTAAGAGGTACC",93
"GACGTTAAGAGGTAGA",10
"GACGTTAAGCCAGTTT",69
"GACGTTAAGGACTGGT",1000
"GACGTTAAGGCATGTG",20
"GACGTTACAAGCGAGT",1000
"GACGTTACAATAAGCA",77
"GACGTTACACATTAGC",82
"GACGTTACACCACGTG",70
"GACGTTACACGAAGCA",63
"GACGTTACAGTCCTTC",71
"GACGTTACATGGAATA",35
"GACGTTAGTAGGGACT",35
"GACGTTAGTAGTACCT",82
"GACGTTAGTCCAAGTT",11
"GACGTTAGTCCAGTAT",22
"GACGTTAGTCGCCATG",76
"GACGTTAGTGATAAAC",34
"GACGTTAGTGTAACGG",43
"GACGTTAGTGTAAGTA",47
"GACGTTAGTGTCCTCT",35
"GACGTTAGTTGGAGGT",37
"GACGTTATCCGAAGAG",64
"GACGTTATCCGTAGTA",43
"GACGTTATCCGTCAAA",20
"GACGTTATCGAGGTAG",58
"GACGTTATCGCGGATC",84
"GACGTTATCGCTTGTC",70
"GACGTTATCGGCGCTA",58
"GACGTTATCTGCGGCA",1000
"GACGTTATCTTGTATC",57
"GACTAACAGAGGTACC",79
"GACTAACAGCCTCGTG",13
"GACTAACAGCGCTTAT",44
"GACTAACAGGGAAACA",56
"GACTAACAGTCACGCC",72
"GACTAACAGTGCGATG",46
"GACTAACAGTGGGCTA",60
"GACTAACAGTGGTAGC",46
"GACTAACAGTGTTAGA",26
"GACTAACAGTTACGGG",23
"GACTAACCAAGCTGTT",70
"GACTAACCAAGGACTG",34
"GACTAACCACAACGTT",82
"GACTAACCATCCCATC",37
"GACTAACCATGAGCGA",55
"GACTAACCATGTCCTC",11
"GACTAACCATTACGAC",92
"GACTAACGTAAATGTG",44
"GACTAACGTAGCTAAA",34
"GACTAACGTAGTAGTA",11
"GACTAACGTCATACTG",91
"GACTAACGTCCCTACT",74
"GACTAACGTCCGAGTC",22
"GACTAACGTGGAAAGA",71
"GACTAACGTGGCTCCA",73
"GACTAACGTTACGGAG",3
"GACTAACTCACAAACC",11
"GACTAACTCATGTCCC",76
"GACTAACTCCACGTTC",81
"GACTAACTCCGTTGTC",68
"GACTAACTCCTTTACA",58
"GACTAACTCGATGAGG",48
"GACTAACTCTATCGCC",11
"GACTACAAGATCGATA",46
"GACTACAAGCCACTAT",74
"GACTACAAGCGAAGGG",60
"GACTACAAGCTCCTCT",58
"GACTACAAGGTAAACT",19
"GACTACAAGTAGCCGA",58
"GACTACAAGTTTCCTT",1000
"GACTACACAAACTGTC",58
"GACTACACAAATACAG",10
"GACTACACAAGTAATG",69
"GACTACACAATCCAAC",35
"GACTACACACAACGCC",46
"GACTACACACAGGCCT",59
"GACTACACACCTCGTT",76
"GACTACACAGATGGCA",14
"GACTACACAGGCGATA",37
"GACTACACAGGGTACA",25
"GACTACACAGTGACAG",59
"GACTACACATCGACGC",58
"GACTACACATGCTGGC",1000
"GACTACAGTATTAGCC",19
"GACTACAGTCATCGGC",35
"GACTACAGTCGCCATG",85
"GACTACAGTCGGCTCA",64
"GACTACAGTTCCCTTG",37
"GACTACAGTTGTCTTT",55
"GACTACATCAAACCGT",82
"GACTACATCAACACAC",70
"GACTACATCCGTAGTA",94
"GACTACATCCGTCATC",6
"GACTACATCCTCTAGC",59
"GACTACATCCTTGCCA",76
"GACTGCGAGAGTGAGA",68
"GACTGCGAGATCCCAT",13
"GACTGCGAGGAATCGC",82
"GACTGCGAGGTGATAT",19
"GACTGCGAGTCTCGGC",78
"GACTGCGAGTTAGCGG",19
"GACTGCGCAAGCCGCT",1000
"GACTGCGCACCACCAG",94
"GACTGCGCAGCCAATT",22
"GACTGCGCAGGCTGAA",81
"GACTGCGCATACCATG",94
"GACTGCGCATCGGTTA",11
"GACTGCGCATGGGAAC",91
"GACTGCGGTACCGGCT",11
"GACTGCGGTACGCTGC",69
"GACTGCGGTACTTCTT",11
"GACTGCGGTCAAAGCG",34
"GACTGCGGTCGGATCC",54
"GACTGCGGTTTGTTTC",71
"GACTGCGTCCGTAGGC",26
"GACTGCGTCCTGCAGG",76
"GACTGCGTCGACCAGC",41
"GACTGCGTCGCCAAAT",96
"GACTGCGTCGCCTGTT",1000
"GACTGCGTCGTGACAT",10
"GACTGCGTCTACTCAT",89
"GAGCAGAAGAGGTTAT",84
"GAGCAGAAGATAGGAG",1000
"GAGCAGAAGATCCCGC",15
"GAGCAGAAGCCAGTAG",91
"GAGCAGAAGCTGAACG",1000
"GAGCAGAAGGGTCTCC",11
"GAGCAGAAGTCAAGCG",70
"GAGCAGACAAAGAATC",11
"GAGCAGACAAGACACG",25
"GAGCAGACAATCTACG",22
"GAGCAGACAATTGCTG",1
"GAGCAGACACAGACAG",11
"GAGCAGACAGTTCATG",1000
"GAGCAGACATCGATTG",65
"GAGCAGACATGACGGA",22
"GAGCAGACATGCAACT",22
"GAGCAGACATGGGAAC",59
"GAGCAGAGTAACGCGA",20
"GAGCAGAGTAGAGCTG",47
"GAGCAGAGTATAGTAG",37
"GAGCAGAGTATATGAG",1000
"GAGCAGAGTATTCTCT",47
"GAGCAGAGTCAGCTAT",20
"GAGCAGAGTGGTGTAG",95
"GAGCAGAGTTCCTCCA",96
"GAGCAGAGTTGAACTC",1000
"GAGCAGAGTTGAGGTG",71
"GAGCAGATCAAGATCC",35
"GAGCAGATCATCGGAT",84
"GAGCAGATCCAACCAA",61
"GAGCAGATCTACTCAT",95
"GAGCAGATCTGCAGTA",72
"GAGCAGATCTTCGGTC",92
"GAGGTGAAGACGACGT",10
"GAGGTGAAGCAGGCTA",74
"GAGGTGAAGCCAGGAT",91
"GAGGTGAAGCGAAGGG",86
"GAGGTGAAGCTACCGC",46
"GAGGTGAAGGGCTCTC",1
"GAGGTGAAGTGTCCCG",1000
"GAGGTGACACATGGGA",67
"GAGGTGACATAGGATA",1000
"GAGGTGACATCCGGGT",34
"GAGGTGAGTAACGTTC",58
"GAGGTGAGTAGATTAG",57
"GAGGTGAGTATCACCA",23
"GAGGTGAGTCATGCAT",29
"GAGGTGAGTCCTCCAT",55
"GAGGTGAGTCTGCGGT",96
"GAGGTGAGTTCCCGAG",37
"GAGGTGAGTTCCGGCA",34
"GAGGTGATCAAACCAC",1
"GAGGTGATCACTCTTA",82
"GAGGTGATCAGCATGT",15
"GAGGTGATCATCGGAT",1000
"GAGGTGATCCAATGGT",34
"GAGGTGATCCAGGGCT",14
"GAGGTGATCGACAGCC",13
"GAGGTGATCGCACTCT",1000
"GAGGTGATCTGTACGA",22
"GAGGTGATCTTACCGC",20
"GAGGTGATCTTTAGGG",71
"GAGTCCGAGAAACGCC",1000
"GAGTCCGAGAACAATC",58
"GAGTCCGAGAACTGTA",11
"GAGTCCGAGACTAGAT",66
"GAGTCCGAGAGGTACC",96
"GAGTCCGAGATCCCAT",60
"GAGTCCGAGCCAACAG",72
"GAGTCCGAGCCAGGAT",54
"GAGTCCGAGCTAACAA",47
"GAGTCCGAGGGATACC",1000
"GAGTCCGAGGGTCGAT",72
"GAGTCCGAGTGTTGAA",25
"GAGTCCGCAACACCTA",58
"GAGTCCGCAAGCTGAG",34
"GAGTCCGCAAGCTGTT",48
"GAGTCCGCAGTTCCCT",72
"GAGTCCGCATGGAATA",10
"GAGTCCGGTAAAGTCA",1000
"GAGTCCGGTAAGAGGA",1
"GAGTCCGGTGCAACGA",94
"GAGTCCGGTTCCACAA",1000
"GAGTCCGGTTTGCATG",11
"GAGTCCGTCCAAGTAC",85
"GAGTCCGTCCAGAAGG",70
"GAGTCCGTCCAGTATG",57
"GAGTCCGTCTAACTGG",13
"GAGTCCGTCTACCAGA",55
"GAGTCCGTCTGCCAGG",11
"GAGTCCGTCTGTCTCG",82
"GAGTCCGTCTTGACGA",54
"GATCAGTAGACTAGGC",64
"GATCAGTAGATGCCTT",23
"GATCAGTAGCAGACTG",13
"GATCAGTAGCATCATC",35
"GATCAGTAGGACAGAA",49
"GATCAGTAGGAGCGTT",34
"GATCAGTAGTACCGGA",10
"GATCAGTAGTCCGGTC",95
"GATCAGTAGTTAAGTG",15
"GATCAGTCAAGAGGCT",82
"GATCAGTCAAGCCCAC",34
"GATCAGTCAGGATCGA",5
"GATCAGTCATTTCAGG",96
"GATCAGTGTCATACTG",7
"GATCAGTGTCATTAGC",47
"GATCAGTGTCCTCCAT",71
"GATCAGTGTCTAGTCA",67
"GATCAGTGTCTCGTTC",72
"GATCAGTGTGTGGTTT",60
"GATCAGTGTTATCCGA",22
"GATCAGTGTTTACTCT",73
"GATCAGTTCAAACAAG",59
"GATCAGTTCAAGGTAA",60
"GATCAGTTCAATACCG",34
"GATCAGTTCACTTATC",59
"GATCAGTTCAGTCCCT",59
"GATCAGTTCCCGACTT",1000
"GATCAGTTCCCTTGTG",20
"GATCAGTTCGAGAACG",93
"GATCAGTTCGAGAGCA",46
"GATCAGTTCGCTGATA",23
"GATCAGTTCTTAACCT",95
"GATCAGTTCTTGACGA",72
"GATCGATAGCAGATCG",58
"GATCGATAGCCAGTTT",21
"GATCGATAGCTAACAA",1000
"GATCGATAGCTGTCTA",48
"GATCGATAGTCGTACT",92
"GATCGATAGTGGCACA",59
"GATCGATAGTTATCGC",11
"GATCGATCAGCTCCGA",35
"GATCGATCAGTAGAGC",72
"GATCGATGTAAGAGAG",47
"GATCGATGTACCGAGA",94
"GATCGATGTCAAAGCG",95
"GATCGATGTCACCCAG",58
"GATCGATGTCTAGCGC",84
"GATCGATGTGAAAGAG",1000
"GATCGATGTGAAATCA",46
"GATCGATGTGAGCGAT",45
"GATCGATGTTGGGACA",80
"GATCGATTCCACTGGG",60
"GATCGATTCCTGCCAT",1000
"GATCGATTCCTTGACC",72
"GATCGATTCGAACGGA",58
"GATCGATTCGGCTACG",1000
"GATCGATTCGTCTGCT",75
"GATCGATTCTGCGTAA",82
"GATCGCGAGACTAAGT",1000
"GATCGCGAGAGTAAGG",53
"GATCGCGAGATCCTGT",86
"GATCGCGAGCGTGAGT",1000
"GATCGCGAGGTGCTAG",1000
"GATCGCGAGTTAACGA",23
"GATCGCGCAAACCTAC",47
"GATCGCGCAAAGAATC",58
"GATCGCGCACAGCCCA",35
"GATCGCGCACCAGGTC",82
"GATCGCGCACGGTAGA",13
"GATCGCGCACGTCAGC",84
"GATCGCGCACGTGAGA",1000
"GATCGCGCACTCGACG",43
"GATCGCGCAGCTATTG",79
"GATCGCGCAGTATAAG",37
"GATCGCGCATATACCG",47
"GATCGCGCATGCCTAA",1000
"GATCGCGCATGGTCTA",11
"GATCGCGCATGTAAGA",21
"GATCGCGGTAGCGCTC",57
"GATCGCGGTCATACTG",46
"GATCGCGGTGAGGGAG",2
"GATCGCGGTGGGTATG",71
"GATCGCGGTGGTACAG",84
"GATCGCGGTTGTTTGG",84
"GATCGCGTCCCTAATT",46
"GATCGCGTCTAAGCCA",45
"GATCGCGTCTTAGCCC",96
"GATCGTAAGACCGGAT",8
"GATCGTAAGCTAACAA",58
"GATCGTAAGGACCACA",73
"GATCGTAAGGAGCGTT",1000
"GATCGTAAGTATCGAA",1000
"GATCGTAAGTCACGCC",55
"GATCGTAAGTCGTTTG",63
"GATCGTACAATGCCAT",11
"GATCGTACACAGACTT",53
"GATCGTACACGACGAA",34
"GATCGTACAGACAAGC",29
"GATCGTACATAGACTC",43
"GATCGTACATCGATGT",68
"GATCGTACATGAAGTA",77
"GATCGTAGTACCCAAT",91
"GATCGTAGTACGCTGC",11
"GATCGTAGTCAGCTAT",32
"GATCGTAGTCGCATCG",61
"GATCGTAGTCTAGCCG",36
"GATCGTAGTTCCACAA",11
"GATCGTAGTTCGCTAA",46
"GATCGTATCAAACCAC",47
"GATCGTATCACAGGCC",68
"GATCGTATCATGTCCC",18
"GATCGTATCCAAACTG",35
"GATCGTATCGATAGAA",19
"GATCTAGAGCTGTTCA",85
"GATCTAGAGTCCGTAT",83
"GATCTAGAGTGCGATG",1000
"GATCTAGCAACACGCC",62
"GATCTAGCACACATGT",84
"GATCTAGCAGATGGGT",70
"GATCTAGCAGCTATTG",60
"GATCTAGCATGAACCT",94
"GATCTAGCATTCTCAT",1000
"GATCTAGCATTGGTAC",29
"GATCTAGGTAGAAAGG",70
"GATCTAGGTCGTGGCT",41
"GATCTAGGTGTAATGA",20
"GATCTAGGTTACGTCA",58
"GATCTAGGTTCAGCGC",5
"GATCTAGGTTCCATGA",82
"GATCTAGGTTCCGTCT",58
"GATCTAGGTTGCGCAC",35
"GATCTAGGTTGGGACA",23
"GATCTAGGTTTGTGTG",82
"GATCTAGTCAACACGT",1000
"GATCTAGTCACTGGGC",68
"GATCTAGTCAGTACGT",70
"GATCTAGTCATGTCCC",7
"GATCTAGTCATTGCCC",35
"GATCTAGTCCAAACTG",66
"GATCTAGTCCAGAGGA",84
"GATCTAGTCCCAGGTG",1000
"GATCTAGTCCGCATAA",35
"GATCTAGTCCGTTGTC",57
"GATCTAGTCGGTTCGG",46
"GATCTAGTCGTAGGTT",20
"GATCTAGTCTTCATGT",23
"GATCTAGTCTTCTGGC",62
"GATCTAGTCTTTACAC",44
"GATGAAAAGTAGGTGC",1000
"GATGAAAAGTGTCCAT",8
"GATGAAAAGTGTCTCA",19
"GATGAAACAAAGGAAG",37
"GATGAAACACATTCGA",84
"GATGAAACATCACGTA",77
"GATGAAACATGTAGTC",46
"GATGAAAGTAGGCTGA",46
"GATGAAAGTATATCCG",35
"GATGAAAGTCATCGGC",80
"GATGAAAGTCCATCCT",94
"GATGAAAGTCTACCTC",41
"GATGAAAGTGGGTATG",20
"GATGAAAGTTGTCTTT",47
"GATGAAATCACCTTAT",74
"GATGAAATCACTTACT",32
"GATGAAATCCAATGGT",73
"GATGAAATCCCTAATT",1000
"GATGAAATCCTTGGTC",59
"GATGAAATCGATCCCT",56
"GATGAAATCGGCTACG",22
"GATGAAATCTACCAGA",92
"GATGAAATCTATCCTA",37
"GATGAAATCTGCTTGC",91
"GATGAAATCTGTACGA",47
"GATGAGGAGACACGAC",56
"GATGAGGAGACTGGGT",94
"GATGAGGAGAGCTTCT",11
"GATGAGGAGAGGACGG",77
"GATGAGGAGATGGGTC",70
"GATGAGGAGGTGTGGT",53
"GATGAGGAGTGACATA",94
"GATGAGGCAAACGCGA",1000
"GATGAGGCAAGTCTGT",46
"GATGAGGCACCCATGG",3
"GATGAGGCACTTACGA",71
"GATGAGGCATAGACTC",94
"GATGAGGCATAGGATA",58
"GATGAGGGTAGCAAAT",82
"GATGAGGGTAGGAGTC",55
"GATGAGGGTATATCCG",58
"GATGAGGGTATCGCAT",1000
"GATGAGGGTCCATCCT",36
"GATGAGGGTGAAGGCT",71
"GATGAGGGTTACAGAA",22
"GATGAGGGTTCCCGAG",72
"GATGAGGTCACGCATA",37
"GATGAGGTCAGCAACT",19
"GATGAGGTCAGGCCCA",23
"GATGAGGTCCGCGGTA",84
"GATGCTAAGAATGTTG",67
"GATGCTAAGAGACTTA",56
"GATGCTAAGATCTGCT",55
"GATGCTAAGCCAGAAC",58
"GATGCTAAGCCTCGTG",96
"GATGCTAAGCGTGAAC",25
"GATGCTAAGCTGAACG",1000
"GATGCTAAGCTGCCCA",58
"GATGCTAAGGTCATCT",71
"GATGCTAAGTCCCACG",68
"GATGCTAAGTGTACCT",44
"GATGCTACAAAGTCAA",83
"GATGCTACAAGCCATT",70
"GATGCTACACATCTTT",43
"GATGCTACAGGCTGAA",10
"GATGCTACAGTATCTG",66
"GATGCTACATCATCCC",84
"GATGCTAGTACCGTTA",60
"GATGCTAGTAGAGCTG",34
"GATGCTAGTCGCGGTT",20
"GATGCTAGTGCTAGCC",11
"GATGCTAGTTACGCGC",14
"GATGCTAGTTATCCGA",10
"GATGCTAGTTTGGCGC",58
"GATGCTATCAAACAAG",23
"GATGCTATCACGACTA",46
"GATGCTATCCAAATGC",22
"GATGCTATCCCTAACC",57
"GATGCTATCTACCAGA",89
"GATGCTATCTTAGCCC",69
"GATTCAGAGACATAAC",0
"GATTCAGAGACTGGGT",1000
"GATTCAGAGAGCTATA",37
"GATTCAGAGATGAGAG",23
"GATTCAGAGCGGATCA",48
"GATTCAGAGGACATTA",20
"GATTCAGAGGTGCACA",71
"GATTCAGAGTCATCCA",47
"GATTCAGAGTGGACGT",13
"GATTCAGAGTTGCAGG",1000
"GATTCAGCAAACCTAC",22
"GATTCAGCAATCCAAC",93
"GATTCAGCACACGCTG",54
"GATTCAGCACTTACGA",22
"GATTCAGCAGCCTTGG",22
"GATTCAGCAGGAATGC",25
"GATTCAGCAGTTCCCT",36
"GATTCAGCATCGGAAG",10
"GATTCAGCATCTGGTA",1000
"GATTCAGCATGAGCGA",47
"GATTCAGCATGTAAGA",41
"GATTCAGCATGTAGTC",1000
"GATTCAGGTAAATGAC",55
"GATTCAGGTAGGGTAC",11
"GATTCAGGTCACTGGC",13
"GATTCAGGTCCATCCT",1000
"GATTCAGGTCCGTTAA",46
"GATTCAGGTGAGGGAG",5
"GATTCAGGTGTGCGTC",94
"GATTCAGGTTCCTCCA",76
"GATTCAGGTTGGACCC",1000
"GATTCAGTCAAGGCTT",57
"GATTCAGTCAGTTTGG",11
"GATTCAGTCATGTCTT",1000
"GATTCAGTCGAACGGA",1000
"GATTCAGTCTGAGTGT",29
"GATTCAGTCTGCAGTA",58
"GATTCAGTCTGTCTAT",63
"GATTCAGTCTTCGAGA",22
"GCAAACTAGACTAAGT",92
"GCAAACTAGATGGCGT",1000
"GCAAACTAGATGTAAC",96
"GCAAACTAGGACACCA",59
"GCAAACTAGGGTTTCT",22
"GCAAACTAGGTGGGTT",73
"GCAAACTCACAAGTAA",18
"GCAAACTCACAGATTC",49
"GCAAACTCACCACGTG",57
"GCAAACTCACGGTAAG",44
"GCAAACTCACGTTGGC",15
"GCAAACTCATGCTGGC",70
"GCAAACTCATTAGGCT",60
"GCAAACTGTACCTACA",82
"GCAAACTGTACGCTGC",94
"GCAAACTGTATAGGGC",1000
"GCAAACTGTCCAACTA",1000
"GCAAACTGTCCATGAT",72
"GCAAACTGTCTGCCAG",95
"GCAAACTGTGAGCGAT",10
"GCAAACTGTGTGTGCC",71
"GCAAACTGTGTTGGGA",29
"GCAAACTGTTGTACAC",68
"GCAAACTGTTTGCATG",73
"GCAAACTTCAAAGACA",40
"GCAAACTTCAGCGATT",49
"GCAAACTTCCTCAATT",72
"GCAAACTTCCTCATTA",72
"GCAAACTTCGGGAGTA",70
"GCAAACTTCTGCAGTA",1000
"GCAAACTTCTGTTTGT",92
"GCAAACTTCTTCGAGA",22
"GCAATCAAGCGATAGC",70
"GCAATCAAGCGATTCT",84
"GCAATCAAGGAGCGTT",26
"GCAATCAAGTGTACGG",44
"GCAATCACAAACTGCT",78
"GCAATCACAAGAGTCG",1000
"GCAATCACAATTCCTT",11
"GCAATCACACAACGCC",69
"GCAATCACACAGTCGC",1000
"GCAATCACACCACGTG",44
"GCAATCACAGATCGGA",66
"GCAATCACAGCCAGAA",68
"GCAATCACAGGCTCAC",1000
"GCAATCACAGGGTATG",83
"GCAATCACAGTGAGTG",95
"GCAATCAGTATCTGCA",17
"GCAATCAGTGATAAAC",34
"GCAATCAGTGTTCTTT",84
"GCAATCAGTGTTGGGA",70
"GCAATCAGTTTCGCTC",8
"GCAATCATCAACACGT",55
"GCAATCATCAAGATCC",10
"GCAATCATCAATAAGG",83
"GCAATCATCAGTTAGC",23
"GCAATCATCGCCGTGA",57
"GCAATCATCTCACATT",47
"GCAATCATCTGTGCAA",71
"GCACATAAGATACACA",70
"GCACATAAGCAGATCG",19
"GCACATAAGCGATTCT",56
"GCACATAAGCGCTTAT",26
"GCACATAAGCGTGAGT",95
"GCACATAAGCTAGGCA",80
"GCACATAAGCTAGTCT",58
"GCACATAAGCTGGAAC",1000
"GCACATAAGCTTATCG",35
"GCACATAAGGGCTCTC",23
"GCACATAAGGTGCTAG",25
"GCACATAAGTATCTCG",84
"GCACATAAGTGTTTGC",1000
"GCACATACAAACTGTC",52
"GCACATACAAGGTTCT",1000
"GCACATACAATGGAGC",1000
"GCACATACAATGGTCT",56
"GCACATACACCCATTC",49
"GCACATACACGTGAGA",47
"GCACATACAGTGACAG",92
"GCACATACATAAAGGT",1000
"GCACATACATCGGGTC",8
"GCACATACATCTATGG",49
"GCACATACATTCGACA",23
"GCACATACATTGGGCC",46
"GCACATAGTACCGTTA",43
"GCACATAGTAGCGTAG",35
"GCACATAGTCGAGTTT",19
"GCACATAGTGCCTGCA",23
"GCACATAGTTTGCATG",35
"GCACATATCATGCAAC",22
"GCACATATCCCGACTT",1000
"GCACATATCCGAAGAG",10
"GCACATATCCGAGCCA",96
"GCACATATCGGGAGTA",84
"GCACATATCTACCTGC",70
"GCACATATCTTAGAGC",79
"GCACATATCTTGGGTA",91
"GCACATATCTTGTACT",1000
"GCACATATCTTTACGT",96
"GCACTCTAGAACAATC",47
"GCACTCTAGACTGTAA",23
"GCACTCTAGAGCAATT",78
"GCACTCTAGCCTCGTG",1000
"GCACTCTAGCGAAGGG",79
"GCACTCTAGCTAAGAT",35
"GCACTCTAGTCTCAAC",82
"GCACTCTAGTGGAGAA",2
"GCACTCTCAAGAGGCT",47
"GCACTCTCAAGTACCT",1000
"GCACTCTCAATACGCT",1000
"GCACTCTCACATCCGG",44
"GCACTCTCACCGCTAG",46
"GCACTCTCACGTAAGG",1000
"GCACTCTCACTTACGA",59
"GCACTCTCAGTCTTCC",37
"GCACTCTCATTACGAC",72
"GCACTCTCATTTCAGG",10
"GCACTCTGTAAAGGAG",71
"GCACTCTGTAATTGGA",37
"GCACTCTGTACCAGTT",1000
"GCACTCTGTACCGAGA",54
"GCACTCTGTCCTGCTT",70
"GCACTCTGTCGCGAAA",70
"GCACTCTGTTACCAGT",18
"GCACTCTTCAAACGGG",47
"GCACTCTTCGAGAACG",1000
"GCACTCTTCTCCAGGG",58
"GCACTCTTCTGCGGCA",84
"GCACTCTTCTGTTGAG",91
"GCAGCCAAGATATACG",47
"GCAGCCAAGATCCGAG",64
"GCAGCCAAGCTCTCGG",23
"GCAGCCAAGGATATAC",19
"GCAGCCAAGGCAGGTT",23
"GCAGCCAAGGGTTTCT",83
"GCAGCCAAGTACGACG",23
"GCAGCCAAGTGGACGT",47
"GCAGCCAAGTGTGGCA",70
"GCAGCCACAAGAAGAG",60
"GCAGCCACAAGCGAGT",96
"GCAGCCACAATCTGCA",37
"GCAGCCACAGATCTGT",84
"GCAGCCACAGATGGCA",84
"GCAGCCACATACGCCG",80
"GCAGCCACATCCGTGG",69
"GCAGCCACATGATCCA",74
"GCAGCCACATGTAAGA",95
"GCAGCCACATTGAGCT",23
"GCAGCCAGTACACCGC",81
"GCAGCCAGTAGGCATG",61
"GCAGCCAGTCATATGC",35
"GCAGCCAGTCATGCAT",37
"GCAGCCAGTCATTAGC",22
"GCAGCCAGTGGTAACG",1
"GCAGCCAGTGTGCGTC",58
"GCAGCCAGTTAGATGA",44
"GCAGCCAGTTGACGTT",47
"GCAGCCATCACAACGT",93
"GCAGCCATCACTCTTA",82
"GCAGCCATCAGCAACT",22
"GCAGCCATCAGTGTTG",21
"GCAGCCATCATCTGTT",35
"GCAGCCATCCAAAGTC",70
"GCAGCCATCCACGTGG",95
"GCAGCCATCCAGGGCT",85
"GCAGCCATCCGAGCCA",35
"GCAGCCATCCTTGACC",58
"GCAGCCATCGAGCCCA",70
"GCAGCCATCGCGGATC",1000
"GCAGCCATCTCAAGTG",41
"GCAGCCATCTGCAAGT",37
"GCAGCCATCTGCGACG",1000
"GCAGTTAAGAAACCTA",34
"GCAGTTAAGAACAATC",23
"GCAGTTAAGAACTGTA",71
"GCAGTTAAGACAAGCC",95
"GCAGTTAAGATAGTCA",20
"GCAGTTAAGCACCGCT",1000
"GCAGTTAAGCGTGAAC",47
"GCAGTTAAGCTGTTCA",96
"GCAGTTAAGGCCGAAT",35
"GCAGTTAAGGCTCAGA",70
"GCAGTTAAGTACGACG",67
"GCAGTTAAGTTATCGC",52
"GCAGTTACAAAGCAAT",45
"GCAGTTACACATCTTT",34
"GCAGTTACAGAGCCAA",82
"GCAGTTACATGTCCTC",47
"GCAGTTAGTAAACACA",79
"GCAGTTAGTACAGTTC",65
"GCAGTTAGTCAAAGAT",84
"GCAGTTAGTCCGACGT",11
"GCAGTTAGTCGACTAT",94
"GCAGTTAGTGCGATAG",86
"GCAGTTAGTTCACGGC",91
"GCAGTTAGTTGATTGC",22
"GCAGTTATCAACACTG",95
"GCAGTTATCACTATTC",38
"GCAGTTATCAGCAACT",14
"GCAGTTATCGGTCTAA",58
"GCAGTTATCGTCGTTC",47
"GCAGTTATCGTCTGAA",84
"GCAGTTATCTAGAGTC",56
"GCAGTTATCTGCAAGT",22
"GCAGTTATCTGCTGTC",11
"GCAGTTATCTTCAACT",25
"GCATACAAGAATGTTG",63
"GCATACAAGATTACCC",47
"GCATACAAGCGACGTA",92
"GCATACAAGGCAATTA",46
"GCATACACACAAGTAA",1000
"GCATACACAGATGGGT",1000
"GCATACACAGATTGCT",17
"GCATACACATAGTAAG",32
"GCATACACATATGAGA",37
"GCATACACATGAGCGA",43
"GCATACACATTTGCTT",1000
"GCATACAGTACATCCA",1000
"GCATACAGTCCGAGTC",10
"GCATACAGTCCTCTTG",10
"GCATACAGTCTGATTG",60
"GCATACAGTGTGTGCC",61
"GCATACAGTTAAGAAC",35
"GCATACAGTTCTGTTT",1000
"GCATACATCACCATAG",32
"GCATACATCATACGGT",35
"GCATACATCCCATTTA",4
"GCATACATCCCTAACC",1000
"GCATACATCCTAAGTG",37
"GCATACATCGAGAACG",1000
"GCATACATCGAGAGCA",59
"GCATACATCGCGTAGC",10
"GCATACATCGCTTGTC",22
"GCATACATCTGGCGTG",49
"GCATACATCTTGTCAT",1000
"GCATGATAGAGCTATA",11
"GCATGATAGAGGTACC",93
"GCATGATAGAGTGACC",59
"GCATGATAGATGCCAG",54
"GCATGATAGCACACAG",56
"GCATGATAGGCCATAG",26
"GCATGATAGGCTAGAC",1000
"GCATGATAGGGTATCG",92
"GCATGATAGTGTACGG",74
"GCATGATAGTTTAGGA",1000
"GCATGATCAAACGTGG",72
"GCATGATCAAATCCGT",23
"GCATGATCAAGGACAC",23
"GCATGATCACGGACAA",20
"GCATGATCAGGTCCAC",57
"GCATGATCATGTAGTC",70
"GCATGATGTAAGTGTA",14
"GCATGATGTAATTGGA",10
"GCATGATGTATGCTTG",1000
"GCATGATGTCCCGACA",65
"GCATGATGTCCGACGT",94
"GCATGATGTGACTACT",23
"GCATGATGTGAGGCTA",32
"GCATGATGTGAGGGAG",23
"GCATGATGTGCCTGCA",87
"GCATGATTCAAAGACA",1000
"GCATGATTCACCCTCA",65
"GCATGATTCAGTTAGC",33
"GCATGATTCCTAGAAC",85
"GCATGATTCGATAGAA",8
"GCATGATTCGTAGGTT",72
"GCATGATTCGTTTATC",94
"GCATGCGAGAGAGCTC",96
"GCATGCGAGAGGGCTT",58
"GCATGCGAGAGTAATC",34
"GCATGCGAGATATACG",74
"GCATGCGAGATCACGG",22
"GCATGCGAGATCCCAT",67
"GCATGCGAGCGTGAAC",49
"GCATGCGAGCGTGAGT",79
"GCATGCGAGCGTTCCG",1000
"GCATGCGAGGCCCTCA",32
"GCATGCGAGGGAGTAA",94
"GCATGCGAGGTGATAT",85
"GCATGCGAGTACGATA",71
"GCATGCGAGTCCAGGA",48
"GCATGCGCAAGTAATG",58
"GCATGCGCAAGTTGTC",61
"GCATGCGCACGGATAG",71
"GCATGCGCACGGTTTA",57
"GCATGCGCACGTAAGG",33
"GCATGCGCAGCTGCTG",37
"GCATGCGCAGGTGGAT",45
"GCATGCGCATATACCG",84
"GCATGCGCATGGTCAT",35
"GCATGCGGTAAGGATT",19
"GCATGCGGTAGCACGA",32
"GCATGCGGTATGAATG",69
"GCATGCGGTCGAGATG",71
"GCATGCGGTCGGGTCT",56
"GCATGCGGTCTACCTC",57
"GCATGCGGTGTGGTTT",63
"GCATGCGGTTATCCGA",58
"GCATGCGGTTGTTTGG",91
"GCATGCGTCAAAGACA",5
"GCATGCGTCACGACTA",1000
"GCATGCGTCAGCACAT",36
"GCATGCGTCATATCGG",72
"GCATGCGTCATCGGAT",82
"GCATGCGTCCAAGTAC",1000
"GCATGCGTCCAGTATG",8
"GCATGCGTCCGCTGTT",82
"GCATGCGTCCGTCAAA",13
"GCATGCGTCGAACTGT",96
"GCATGCGTCGCACTCT",13
"GCATGCGTCGCTAGCG",11
"GCATGCGTCTCACATT",11
"GCATGCGTCTGTCTAT",1000
"GCATGTAAGAGCTTCT",44
"GCATGTAAGATCGGGT",84
"GCATGTAAGCAATCTC",56
"GCATGTAAGCCTCGTG",67
"GCATGTAAGCTAAGAT",71
"GCATGTAAGGAGTACC",47
"GCATGTAAGGCTAGGT",81
"GCATGTAAGGGAGTAA",1000
"GCATGTAAGTATTGGA",37
"GCATGTACAAGTAATG",70
"GCATGTACAATGACCT",31
"GCATGTACAGCTGTGC",71
"GCATGTACATTGGCGC",64
"GCATGTAGTAAAGGAG",1000
"GCATGTAGTAAAGTCA",8
"GCATGTAGTATGCTTG",11
"GCATGTAGTCCAACTA",36
"GCATGTAGTGCAACGA",79
"GCATGTAGTGGTTTCA",56
"GCATGTAGTTACGGAG",52
"GCATGTATCAAACCAC",85
"GCATGTATCACTCCTG",46
"GCATGTATCATATCGG",82
"GCATGTATCCATGAAC",7
"GCATGTATCCGTTGTC",84
"GCATGTATCGGAGGTA",76
"GCATGTATCTAACGGT",1000
"GCATGTATCTGTTGAG",28
"GCATGTATCTTACCTA",13
"GCCAAATAGATATGGT",1000
"GCCAAATAGCGAGAAA",58
"GCCAAATAGCTGTCTA",23
"GCCAAATAGTGCTGCC",80
"GCCAAATCAATGGTCT",57
"GCCAAATCACATGACT",11
"GCCAAATCAGACAAAT",88
"GCCAAATCATGAAGTA",41
"GCCAAATGTAATAGCA",85
"GCCAAATGTAGCAAAT",1000
"GCCAAATGTATGAAAC",36
"GCCAAATGTCCGTTAA",70
"GCCAAATGTCGAGTTT",82
"GCCAAATGTTAAGAAC",1000
"GCCAAATGTTGGACCC",91
"GCCAAATTCAAACGGG",10
"GCCAAATTCCGCGTTT",82
"GCCTCTAAGATAGCAT",46
"GCCTCTAAGCTACCTA",10
"GCCTCTAAGCTCAACT",34
"GCCTCTAAGTAGATGT",70
"GCCTCTAAGTTGAGTA",89
"GCCTCTACAAGTAGTA",58
"GCCTCTACACCACCAG",23
"GCCTCTACACGAAGCA",10
"GCCTCTACAGATGGCA",95
"GCCTCTACAGGGTATG",58
"GCCTCTACAGTATGCT",46
"GCCTCTACAGTTTACG",71
"GCCTCTACATCACCCT",56
"GCCTCTACATCACGAT",85
"GCCTCTACATCATCCC",71
"GCCTCTAGTAATCGTC",46
"GCCTCTAGTACAGTGG",95
"GCCTCTAGTACCGTTA",20
"GCCTCTAGTAGCTAAA",74
"GCCTCTAGTGGCAAAC",22
"GCCTCTAGTTGCGCAC",1
"GCCTCTAGTTGCGTTA",63
"GCCTCTAGTTGGACCC",8
"GCCTCTATCACGCATA",46
"GCCTCTATCACTCTTA",94
"GCCTCTATCAGAGGTG",70
"GCCTCTATCATAGCAC",55
"GCCTCTATCATCGCTC",37
"GCCTCTATCATGTGGT",81
"GCCTCTATCCGTAGTA",25
"GCCTCTATCCTCAACC",1000
"GCCTCTATCGGAGGTA",90
"GCCTCTATCGGCCGAT",33
"GCCTCTATCGTAGGTT",22
"GCCTCTATCTATCCCG",32
"GCCTCTATCTGGAGCC",47
"GCGACCAAGAGCAATT",94
"GCGACCAAGATGGCGT",47
"GCGACCAAGCCCGAAA",95
"GCGACCAAGGATGGAA",73
"GCGACCAAGGCCGAAT",19
"GCGACCAAGTACGATA",68
"GCGACCACAATGACCT",72
"GCGACCACACTATCTT",72
"GCGACCACAGCCTATA",95
"GCGACCACATACAGCT",62
"GCGACCAGTAAGTTCC",5
"GCGACCAGTACCATCA",13
"GCGACCAGTACCGGCT",23
"GCGACCAGTCAGAGGT",1000
"GCGACCAGTCCGAACC",46
"GCGACCAGTGGCCCTA",73
"GCGACCAGTTAAGACA",22
"GCGACCAGTTCCACAA",24
"GCGACCATCAAACGGG",22
"GCGACCATCACTATTC",7
"GCGACCATCCATTCTA",71
"GCGACCATCGGCCGAT",11
"GCGACCATCGTTTATC",54
"GCGACCATCTTGAGGT",91
"GCGAGAAAGAAGCCCA",19
"GCGAGAAAGACCTAGG",1000
"GCGAGAAAGCCAGGAT",2
"GCGAGAAAGCCATCGC",19
"GCGAGAAAGCTGTCTA",94
"GCGAGAAAGGTGATAT",1000
"GCGAGAAAGTGATCGG",23
"GCGAGAAAGTGGAGAA",11
"GCGAGAAAGTGGGATC",46
"GCGAGAACACAGCCCA",35
"GCGAGAACACGACTCG",58
"GCGAGAACACGGCGTT",91
"GCGAGAACAGAAGCAC",58
"GCGAGAACAGACAAGC",1000
"GCGAGAACAGGACGTA",80
"GCGAGAACATCAGTCA",96
"GCGAGAACATTGGTAC",1000
"GCGAGAAGTACAGCAG",32
"GCGAGAAGTAGAGGAA",94
"GCGAGAAGTAGTACCT",3
"GCGAGAAGTATGAATG",64
"GCGAGAAGTCGCGAAA",20
"GCGAGAAGTGTGAAAT",83
"GCGAGAAGTTAAGTAG",6
"GCGAGAAGTTCGTCTC",1000
"GCGAGAAGTTTGACTG",34
"GCGAGAATCACTTATC",44
"GCGAGAATCCGTAGGC",58
"GCGAGAATCCTTTCTC",71
"GCGAGAATCGATAGAA",13
"GCGAGAATCGCAAACT",67
"GCGAGAATCGCCAGCA",17
"GCGAGAATCGCGCCAA",76
"GCGAGAATCTGCTGCT",44
"GCGCAACAGACAGACC",49
"GCGCAACAGCTGCCCA",1000
"GCGCAACAGGTAGCTG",7
"GCGCAACAGTCACGCC",1000
"GCGCAACCAAGAGGCT",1000
"GCGCAACCACTAAGTC",95
"GCGCAACCAGCCTTGG",1000
"GCGCAACCAGGGTTAG",59
"GCGCAACCAGTTCATG",1000
"GCGCAACGTAAGGGAA",37
"GCGCAACGTAAGTAGT",93
"GCGCAACGTACTTCTT",52
"GCGCAACGTCGGCTCA",72
"GCGCAACGTCTTCGTC",70
"GCGCAACGTCTTGATG",46
"GCGCAACGTTAAGATG",96
"GCGCAACTCAAGAAGT",47
"GCGCAACTCACTCCTG",8
"GCGCAACTCATCGGAT",59
"GCGCAACTCATGCAAC",93
"GCGCAACTCCAAATGC",58
"GCGCAACTCCACGAAT",56
"GCGCAACTCCAGTAGT",20
"GCGCAACTCCATGAGT",94
"GCGCAACTCCATGCTC",94
"GCGCAACTCCCGGATG",44
"GCGCAACTCCGGCACA",58
"GCGCAGTAGAATCTCC",21
"GCGCAGTAGATCCCGC",70
"GCGCAGTAGCAACGGT",32
"GCGCAGTAGCCAACAG",52
"GCGCAGTAGCCAGGAT",24
"GCGCAGTAGCCGTCGT",47
"GCGCAGTAGCGCCTCA",50
"GCGCAGTAGCTAGTGG",11
"GCGCAGTAGCTGAACG",43
"GCGCAGTAGGGATACC",71
"GCGCAGTAGTACCGGA",22
"GCGCAGTAGTCATCCA",47
"GCGCAGTCACATAACC",35
"GCGCAGTCACCATCCT",96
"GCGCAGTCACCGATAT",71
"GCGCAGTCACGGATAG",20
"GCGCAGTCACGGCGTT",17
"GCGCAGTCACGTAAGG",1000
"GCGCAGTCATGGATGG",60
"GCGCAGTGTAAACCTC",11
"GCGCAGTGTAAGTGGC",46
"GCGCAGTGTAGAGCTG",94
"GCGCAGTGTATAGTAG",1000
"GCGCAGTGTATGGTTC",67
"GCGCAGTGTCGTCTTC",47
"GCGCAGTGTGACAAAT",46
"GCGCAGTGTGTGAATA",70
"GCGCAGTGTTATCGGT",78
"GCGCAGTGTTGATTCG",53
"GCGCAGTTCACATGCA",69
"GCGCAGTTCAGCTCTC",72
"GCGCAGTTCAGGCAAG",81
"GCGCAGTTCTATCGCC",79
"GCGCAGTTCTCAAGTG",69
"GCGCCAAAGAGGGATA",96
"GCGCCAAAGATGGGTC",22
"GCGCCAAAGCACCGTC",72
"GCGCCAAAGCCCTAAT",92
"GCGCCAAAGCGCCTCA",67
"GCGCCAAAGGAGCGAG",59
"GCGCCAAAGGATGGAA",38
"GCGCCAAAGGGTCTCC",19
"GCGCCAAAGTGGTCCC",26
"GCGCCAAAGTTAGGTA",22
"GCGCCAACAAAGCAAT",1000
"GCGCCAACAAAGTCAA",37
"GCGCCAACAAATCCGT",73
"GCGCCAACAGCATGAG",2
"GCGCCAACATCCGGGT",71
"GCGCCAACATGTTCCC",11
"GCGCCAAGTACAGCAG",68
"GCGCCAAGTAGCTGCC",59
"GCGCCAAGTATGCTTG",35
"GCGCCAAGTCACCTAA",1000
"GCGCCAAGTCATTAGC",33
"GCGCCAAGTCGACTGC",67
"GCGCCAAGTGAGGGAG",35
"GCGCCAAGTGATGCCC",49
"GCGCCAAGTGGTCTCG",59
"GCGCCAATCGGAAACG",44
"GCGCCAATCTCTGCTG",76
"GCGCCAATCTGGTTCC",80
"GCGCCAATCTTCTGGC",23
"GCGCGATAGCTAGTCT",71
"GCGCGATAGGAATCGC",1000
"GCGCGATAGTGCGATG",7
"GCGCGATCAAGAGTCG",56
"GCGCGATCAATCTACG",35
"GCGCGATCACGTAAGG",1000
"GCGCGATCAGTATAAG",95
"GCGCGATCATCTGGTA",82
"GCGCGATCATGACATC",70
"GCGCGATCATTTCACT",1000
"GCGCGATGTACAGTGG",11
"GCGCGATGTCTCTTTA",67
"GCGCGATGTGAGGGAG",24
"GCGCGATGTGATGATA",23
"GCGCGATGTGATGTCT",47
"GCGCGATGTTCCACTC",22
"GCGCGATTCAAGAAGT",82
"GCGCGATTCAGAGGTG",1000
"GCGCGATTCCAATGGT",91
"GCGCGATTCCACTCCA",7
"GCGCGATTCCTATTCA",64
"GCGCGATTCGCGATCG",1
"GCGCGATTCTTATCTG",35
"GCGGGTTAGATGGCGT",47
"GCGGGTTAGCGTGTCC",44
"GCGGGTTAGGTGCTAG",23
"GCGGGTTCAATGTAAG",4
"GCGGGTTCACAGACTT",92
"GCGGGTTCACGTCAGC",1000
"GCGGGTTCACTATCTT",84
"GCGGGTTCAGATCTGT",5
"GCGGGTTCAGCCTTTC",80
"GCGGGTTCAGTGGAGT",73
"GCGGGTTCAGTGGGAT",84
"GCGGGTTCATCGGTTA",60
"GCGGGTTGTAGAGGAA",47
"GCGGGTTGTCAATGTC",49
"GCGGGTTGTCTTTCAT",46
"GCGGGTTGTGTGACGA",62
"GCGGGTTGTTATTCTC",80
"GCGGGTTGTTCCCTTG",82
"GCGGGTTTCACAGGCC",46
"GCGGGTTTCAGATAAG",1000
"GCGGGTTTCATATCGG",35
"GCGGGTTTCCGCATAA",49
"GCGGGTTTCCGTAGGC",48
"GCGGGTTTCGAATGCT",84
"GCGGGTTTCGTTACGA",71
"GCTCCTAAGAGTCTGG",95
"GCTCCTAAGGACAGCT",49
"GCTCCTAAGGAGTTTA",68
"GCTCCTAAGGCTAGAC",80
"GCTCCTAAGGTTCCTA",55
"GCTCCTACAAGGTGTG",10
"GCTCCTACACAGCCCA",94
"GCTCCTACACGTAAGG",70
"GCTCCTACAGATGGCA",3
"GCTCCTACATCACGAT",11
"GCTCCTACATCAGTCA",9
"GCTCCTACATTCTCAT",85
"GCTCCTAGTAAACACA",55
"GCTCCTAGTACAGACG",8
"GCTCCTAGTACTCAAC",1000
"GCTCCTAGTAGTACCT",67
"GCTCCTAGTGCATCTA",11
"GCTCCTAGTGGCAAAC",38
"GCTCCTAGTGTTGGGA",8
"GCTCCTAGTTACAGAA",58
"GCTCCTAGTTACGCGC",5
"GCTCCTATCAACACTG",22
"GCTCCTATCAGCAACT",95
"GCTCCTATCCAGATCA",34
"GCTCCTATCGAGCCCA",1000
"GCTCCTATCTAACTGG",34
"GCTCCTATCTTCCTTC",1000
"GCTCTGTAGACACGAC",93
"GCTCTGTAGCCACCTG",94
"GCTCTGTAGCCCAGCT",77
"GCTCTGTAGCTTATCG",20
"GCTCTGTAGGCAATTA",20
"GCTCTGTAGGCCCTCA",1000
"GCTCTGTAGGCGACAT",26
"GCTCTGTAGGGTGTTG",44
"GCTCTGTAGTACGTAA",94
"GCTCTGTAGTAGCCGA",34
"GCTCTGTCAAAGTCAA",8
"GCTCTGTCAACACGCC",32
"GCTCTGTCAAGTCTGT",53
"GCTCTGTCAATAGAGT",72
"GCTCTGTCACAGGAGT",33
"GCTCTGTCACCAGGCT",25
"GCTCTGTCACCCATGG",10
"GCTCTGTCAGACTCGC",94
"GCTCTGTCAGTCGTGC",35
"GCTCTGTCATCCAACA",58
"GCTCTGTCATTTCAGG",58
"GCTCTGTGTAATCACC",61
"GCTCTGTGTATAAACG",1000
"GCTCTGTGTCCAAGTT",26
"GCTCTGTGTCCGAATT",20
"GCTCTGTGTCTGATCA",81
"GCTCTGTGTGCGGTAA",37
"GCTCTGTGTTAGGGTG",72
"GCTCTGTGTTATTCTC",1000
"GCTCTGTGTTGTCGCG",32
"GCTCTGTTCAACACAC",29
"GCTCTGTTCCACGACG",1000
"GCTCTGTTCCGCTGTT",1000
"GCTCTGTTCGCATGAT",95
"GCTCTGTTCGTGTAGT",57
"GCTCTGTTCGTTTGCC",80
"GCTGCAGAGAAGAAGC",92
"GCTGCAGAGAGACTTA",81
"GCTGCAGAGAGCAATT",70
"GCTGCAGAGAGGGCTT",1000
"GCTGCAGAGAGTACAT",96
"GCTGCAGAGAGTTGGC",43
"GCTGCAGAGCAACGGT",68
"GCTGCAGAGGGTGTGT",67
"GCTGCAGAGTAACCCT",11
"GCTGCAGAGTACCGGA",84
"GCTGCAGCAAGCTGAG",80
"GCTGCAGCACCTCGGA",1000
"GCTGCAGCACGAGGTA",23
"GCTGCAGCAGTTCATG",35
"GCTGCAGCATTATCTC",55
"GCTGCAGCATTGTGCA",71
"GCTGCAGGTAAGAGGA",92
"GCTGCAGGTACATCCA",13
"GCTGCAGGTAGCGATG",94
"GCTGCAGGTAGGGACT",60
"GCTGCAGGTCGCGGTT",34
"GCTGCAGGTCGGCATC",34
"GCTGCAGGTCTACCTC",93
"GCTGCAGGTCTTGCGG",92
"GCTGCAGGTGAGCGAT",57
"GCTGCAGGTGAGGGTT",67
"GCTGCAGGTGGTTTCA",83
"GCTGCAGGTGTGTGCC",56
"GCTGCAGGTTGATTGC",32
"GCTGCAGGTTTAGCTG",77
"GCTGCAGGTTTCCACC",75
"GCTGCAGTCACCCTCA",11
"GCTGCAGTCCTAGTGA",10
"GCTGCAGTCCTCATTA",1000
"GCTGCAGTCGCCAAAT",11
"GCTGCAGTCGCGTAGC",84
"GCTGCAGTCTTACCGC",10
"GCTGCGAAGAACAATC",1000
"GCTGCGAAGAACTGTA",32
"GCTGCGAAGAGCCCAA",72
"GCTGCGAAGAGTAATC",72
"GCTGCGAAGCATGGCA",1000
"GCTGCGAAGCCACTAT",23
"GCTGCGAAGCGATCCC",14
"GCTGCGAAGCTCCTTC",2
"GCTGCGAAGGCAATTA",57
"GCTGCGAAGGGTCTCC",96
"GCTGCGAAGGTGTTAA",22
"GCTGCGAAGTATTGGA",23
"GCTGCGAAGTGAACGC",35
"GCTGCGACAACAACCT",34
"GCTGCGACAATAGAGT",1000
"GCTGCGACACAGATTC",70
"GCTGCGACACCACCAG",18
"GCTGCGACACCGCTAG",56
"GCTGCGACACGGATAG",32
"GCTGCGACAGACGCTC",11
"GCTGCGACAGTCGTGC",60
"GCTGCGAGTAATCACC",34
"GCTGCGAGTACGCTGC",11
"GCTGCGAGTCGGCATC",47
"GCTGCGAGTCTAGTGT",29
"GCTGCGAGTCTGGTCG",58
"GCTGCGAGTGGCCCTA",70
"GCTGCGAGTGTTTGGT",46
"GCTGCGAGTTGACGTT",66
"GCTGCGAGTTTGTTGG",47
"GCTGCGATCAACCATG",8
"GCTGCGATCAGCGACC",79
"GCTGCGATCAGTTCGA",82
"GCTGCGATCCTAGGGC",69
"GCTGCGATCGCGGATC",11
"GCTGCGATCGTCGTTC",90
"GCTGCGATCGTTACAG",46
"GCTGCGATCGTTTAGG",67
"GCTGCGATCTAAGCCA",82
"GCTGCGATCTCAACTT",71
"GCTGCTTAGACACGAC",1000
"GCTGCTTAGCTAACTC",10
"GCTGCTTAGGTGGGTT",94
"GCTGCTTAGTTAAGTG",58
"GCTGCTTCAATGTAAG",91
"GCTGCTTCACTTAAGC",20
"GCTGCTTCATCGTCGG",34
"GCTGCTTCATGCAACT",1000
"GCTGCTTGTAGCACGA",4
"GCTGCTTGTAGGGTAC",1000
"GCTGCTTGTCAAAGCG",1000
"GCTGCTTGTCAACTGT",46
"GCTGCTTGTCCGCTGA",77
"GCTGCTTGTCGTTGTA",90
"GCTGCTTGTCTCCATC",59
"GCTGCTTGTCTTGATG",95
"GCTGCTTGTTCAGGCC",1000
"GCTGCTTGTTCTGAAC",14
"GCTGCTTTCAAAGACA",59
"GCTGCTTTCAAGCCTA",10
"GCTGCTTTCAGGCCCA",70
"GCTGCTTTCAGTTAGC",61
"GCTGCTTTCCTGCTTG",96
"GCTGCTTTCTAGAGTC",35
"GCTGGGTAGAATCTCC",96
"GCTGGGTAGACACTAA",1000
"GCTGGGTAGACCACGA",32
"GCTGGGTAGAGATGAG",59
"GCTGGGTAGAGGTTAT",23
"GCTGGGTAGGCCATAG",72
"GCTGGGTAGGCGTACA",1000
"GCTGGGTAGTGCGATG",56
"GCTGGGTCAAAGGCGT",1000
"GCTGGGTCAAATACAG",71
"GCTGGGTCAAGACGTG",72
"GCTGGGTCACAGTCGC",25
"GCTGGGTCACGCTTTC",25
"GCTGGGTCACTCGACG",44
"GCTGGGTCATAGTAAG",83
"GCTGGGTGTACATCCA",96
"GCTGGGTGTACCGTAT",57
"GCTGGGTGTAGCACGA",1000
"GCTGGGTGTATGCTTG",37
"GCTGGGTGTCCAGTGC",95
"GCTGGGTGTCCGTTAA",1000
"GCTGGGTGTCTACCTC",22
"GCTGGGTGTGCGATAG",1000
"GCTGGGTGTGTATGGG",34
"GCTGGGTGTTACGTCA",26
"GCTGGGTGTTGGAGGT",92
"GCTGGGTTCACAGGCC",82
"GCTGGGTTCACGATGT",58
"GCTGGGTTCAGTCAGT",31
"GCTGGGTTCCGCTGTT",79
"GCTGGGTTCCTATGTT",44
"GCTGGGTTCGCGCCAA",71
"GCTGGGTTCGGAATCT",58
"GCTGGGTTCGGCTTGG",1000
"GCTGGGTTCTATCCCG",73
"GCTGGGTTCTCGTATT",92
"GCTGGGTTCTTACCTA",21
"GCTGGGTTCTTGGGTA",1
"GCTTCCAAGATCTGCT",11
"GCTTCCAAGCAGATCG",10
"GCTTCCAAGCCACGTC",60
"GCTTCCAAGCGTAATA",1000
"GCTTCCAAGGCTATCT",74
"GCTTCCAAGTCAAGCG",47
"GCTTCCAAGTGCGATG",33
"GCTTCCAAGTTAAGTG",1000
"GCTTCCACACATCCAA",57
"GCTTCCACACGAAAGC",1000
"GCTTCCACAGCGTTCG",1000
"GCTTCCACAGCTGCAC",19
"GCTTCCAGTACATGTC",35
"GCTTCCAGTACTCGCG",70
"GCTTCCAGTAGCTAAA",1000
"GCTTCCAGTCAACTGT",95
"GCTTCCAGTCAGATAA",57
"GCTTCCAGTCGTTGTA",49
"GCTTCCAGTGCAGACA",72
"GCTTCCAGTGCCTGCA",71
"GCTTCCAGTGGTCCGT",33
"GCTTCCAGTTATGTGC",91
"GCTTCCAGTTCCGTCT",1000
"GCTTCCATCAACTCTT",25
"GCTTCCATCACATAGC",20
"GCTTCCATCGCCCTTA",71
"GCTTCCATCGCTTAGA",37
"GCTTGAAAGATCTGCT",70
"GCTTGAAAGCCCGAAA",70
"GCTTGAAAGGAGTTTA",1000
"GCTTGAAAGGCGCTCT",35
"GCTTGAAAGGTTACCT",95
"GCTTGAAAGTATCGAA",1000
"GCTTGAAAGTATCTCG",64
"GCTTGAAAGTCGATAA",70
"GCTTGAAAGTGAACGC",94
"GCTTGAACACATCTTT",58
"GCTTGAACAGCCTATA",54
"GCTTGAACAGGAACGT",1000
"GCTTGAACAGTAAGCG",77
"GCTTGAACATATACCG",45
"GCTTGAACATGTCGAT",7
"GCTTGAAGTAAATGAC",58
"GCTTGAAGTACCATCA",92
"GCTTGAAGTATAATGG",92
"GCTTGAAGTATGAATG",58
"GCTTGAAGTATGCTTG",11
"GCTTGAAGTCATCCCT",91
"GCTTGAAGTGTTAAGA",85
"GCTTGAAGTTATGCGT",80
"GCTTGAAGTTCGCGAC",1000
"GCTTGAATCAATACCG",92
"GCTTGAATCCAGAGGA",70
"GCTTGAATCCCTAACC",13
"GCTTGAATCCGAATGT",47
"GCTTGAATCGGCGGTT",73
"GCTTGAATCGTAGGAG",34
"GGAAAGCAGAAGGACA",57
"GGAAAGCAGACAGGCT",18
"GGAAAGCAGCCAGTAG",5
"GGAAAGCAGTATTGGA",70
"GGAAAGCAGTGCGATG",84
"GGAAAGCCAAACTGTC",90
"GGAAAGCCACGGATAG",49
"GGAAAGCCAGGTCGTC",58
"GGAAAGCCATCGACGC",61
"GGAAAGCGTAAACACA",9
"GGAAAGCGTAGCGTGA",56
"GGAAAGCGTGCCTGCA",68
"GGAAAGCGTTACGCGC",72
"GGAAAGCGTTGCGCAC",64
"GGAAAGCTCAACCAAC",23
"GGAAAGCTCAGGCCCA",1000
"GGAAAGCTCATCTGTT",36
"GGAAAGCTCCAAGCCG",1000
"GGAAAGCTCGAGAACG",64
"GGAAAGCTCGGACAAG",1000
"GGAAAGCTCTACCAGA",69
"GGAAAGCTCTTGCATT",83
"GGAACTTAGAAGGACA",53
"GGAACTTAGACTAGGC",94
"GGAACTTAGACTTGAA",58
"GGAACTTAGAGACTTA",62
"GGAACTTAGCAAATCA",1000
"GGAACTTAGCTGTCTA",82
"GGAACTTAGGGAAACA",59
"GGAACTTAGGTGCACA",1
"GGAACTTAGGTTCCTA",22
"GGAACTTAGTAGCCGA",68
"GGAACTTCAAGGCTCC",58
"GGAACTTCAAGTAATG",5
"GGAACTTCACAACGTT",34
"GGAACTTCACCGTTGG",96
"GGAACTTGTCGTCTTC",67
"GGAACTTGTGACAAAT",53
"GGAACTTGTTAAGAAC",47
"GGAACTTGTTACAGAA",10
"GGAACTTGTTATCACG",71
"GGAACTTGTTGCGTTA",1
"GGAACTTTCAGCGATT",93
"GGAACTTTCATCTGCC",76
"GGAACTTTCCCTAACC",68
"GGAACTTTCGACAGCC",49
"GGAACTTTCGCGCCAA",85
"GGAACTTTCGTCACGG",83
"GGAACTTTCTAACGGT",94
"GGAACTTTCTGGGCCA",68
"GGAATAAAGATCCGAG",11
"GGAATAAAGGGCACTA",19
"GGAATAAAGTAGCCGA",59
"GGAATAAAGTGCGTGA",1000
"GGAATAAAGTGGCACA",79
"GGAATAAAGTGGGATC",43
"GGAATAAAGTGTCTCA",9
"GGAATAACAAGGCTCC",25
"GGAATAACACGGCTAC",23
"GGAATAACAGCTGTAT",10
"GGAATAACAGGTCGTC",11
"GGAATAACATATACGC",25
"GGAATAACATGTCTCC",21
"GGAATAAGTAAACGCG",10
"GGAATAAGTAATAGCA",41
"GGAATAAGTAGCACGA",55
"GGAATAAGTATGAATG",11
"GGAATAAGTCAGAAGC",58
"GGAATAAGTCAGTGGA",1000
"GGAATAAGTTACGGAG",23
"GGAATAAGTTCATGGT",64
"GGAATAATCAAACGGG",25
"GGAATAATCAACACGT",64
"GGAATAATCAGCTTAG",57
"GGAATAATCAGTTTGG",44
"GGAATAATCATGCTCC",47
"GGAATAATCATGTGGT",92
"GGAATAATCCGCAGTG",1000
"GGAATAATCTGTTGAG",79
"GGAATAATCTTACCTA",47
"GGAATAATCTTAGAGC",70
"GGACAAGAGATGCCAG",51
"GGACAAGAGCTAACAA",1000
"GGACAAGAGCTGAACG",22
"GGACAAGAGCTGCCCA",61
"GGACAAGAGGATGGAA",1000
"GGACAAGAGTTGCAGG",46
"GGACAAGCAAAGGCGT",54
"GGACAAGCACAGTCGC",55
"GGACAAGCAGCATGAG",56
"GGACAAGCAGTCCTTC",32
"GGACAAGCAGTTTACG",58
"GGACAAGCATGACGGA",43
"GGACAAGCATGCGCAC",64
"GGACAAGGTCTAAAGA",80
"GGACAAGGTGTAACGG",0
"GGACAAGGTGTGAAAT",70
"GGACAAGGTTGAGGTG",1000
"GGACAAGTCAAACCGT",82
"GGACAAGTCAAGGTAA",47
"GGACAAGTCGTCACGG",70
"GGACAAGTCTAACTCT",11
"GGACAAGTCTCCCTGA",43
"GGACAGAAGAGGTTGC",36
"GGACAGAAGTGGGCTA",11
"GGACAGAAGTGTACTC",13
"GGACAGAAGTTATCGC",1000
"GGACAGACAAGCGTAG",58
"GGACAGACAAGGCTCC",35
"GGACAGACAAGTCTAC",70
"GGACAGACACTCTGTC",95
"GGACAGACAGCCACCA",8
"GGACAGACAGCTATTG",35
"GGACAGACAGCTTCGG",63
"GGACAGACATGGAATA",47
"GGACAGAGTCCTCTTG",79
"GGACAGAGTCGACTAT",1000
"GGACAGAGTGAAATCA",83
"GGACAGAGTGACAAAT",15
"GGACAGAGTTGTTTGG",11
"GGACAGATCAAACCGT",47
"GGACAGATCAACTCTT",45
"GGACAGATCCCAAGAT",19
"GGACAGATCCCAGGTG",1000
"GGACAGATCCGCAGTG",1000
"GGACAGATCGCGCCAA",34
"GGACAGATCGTAGATC",94
"GGACAGATCGTGGTCG",79
"GGACAGATCGTTACAG",82
"GGACAGATCTCTGCTG",47
"GGACAGATCTGCAGTA",1000
"GGACAGATCTGCTTGC",67
"GGACATTAGAAGGGTA",70
"GGACATTAGAATTGTG",47
"GGACATTAGCATCATC",49
"GGACATTAGCTCCTTC",37
"GGACATTAGTCCTCCT",11
"GGACATTAGTGGGCTA",76
"GGACATTAGTTGTCGT",19
"GGACATTCAAGAAAGG",1000
"GGACATTCACCATGTA",77
"GGACATTCACCTTGTC",1000
"GGACATTCACGGCCAT",54
"GGACATTCAGCCTTGG",10
"GGACATTCAGCGTCCA",35
"GGACATTCAGGACCCT",2
"GGACATTCAGGTGCCT",61
"GGACATTCAGTATCTG",58
"GGACATTGTACGACCC",36
"GGACATTGTCAATGTC",63
"GGACATTGTCCGAAGA",23
"GGACATTGTCGAGTTT",83
"GGACATTGTCTCTCGT",1000
"GGACATTGTGGCGAAT",1000
"GGACATTGTTAGAACA",13
"GGACATTTCACATAGC",59
"GGACATTTCACCTCGT",37
"GGACATTTCACTTATC",58
"GGACATTTCAGTTCGA",48
"GGACATTTCCCACTTG",39
"GGACATTTCGCATGAT",11
"GGACATTTCGGATGTT",60
"GGACATTTCTCCCTGA",11
"GGACATTTCTGCGACG",1000
"GGACGTCAGAATTGTG",79
"GGACGTCAGACTGGGT",1000
"GGACGTCAGATGAGAG",59
"GGACGTCAGATGTGTA",20
"GGACGTCAGCAGATCG",79
"GGACGTCAGTGCAAGC",74
"GGACGTCAGTGGTAGC",8
"GGACGTCAGTGGTCCC",45
"GGACGTCCACCAGATT",47
"GGACGTCCACCAGCAC",34
"GGACGTCCACCTTGTC",73
"GGACGTCCACTGCCAG",25
"GGACGTCCATCCTAGA",1000
"GGACGTCCATGAGCGA",79
"GGACGTCGTAGCAAAT",35
"GGACGTCGTAGTGAAT",10
"GGACGTCGTCTAGGTT",23
"GGACGTCGTCTTCTCG",67
"GGACGTCGTTATCCGA",81
"GGACGTCGTTCAGGCC",22
"GGACGTCTCCCTCTTT",44
"GGACGTCTCGTCGTTC",49
"GGACGTCTCGTTACGA",1000
"GGACGTCTCGTTGCCT",22
"GGACGTCTCTACTATC",8
"GGACGTCTCTCCGGTT",96
"GGACGTCTCTTGCATT",89
"GGACGTCTCTTTAGTC",1000
"GGAGCAAAGCGATGAC",59
"GGAGCAAAGCGTAGTG",1000
"GGAGCAAAGGGATACC",35
"GGAGCAAAGGGCACTA",23
"GGAGCAAAGGTACTCT",39
"GGAGCAAAGTACGTAA",11
"GGAGCAAAGTGAAGTT",72
"GGAGCAAAGTGGGCTA",10
"GGAGCAACACGTCTCT",54
"GGAGCAACAGCGAACA",23
"GGAGCAACAGGGATTG",1000
"GGAGCAAGTAAACCTC",1000
"GGAGCAAGTAACGACG",94
"GGAGCAAGTATGGTTC",1
"GGAGCAAGTCGAATCT",1000
"GGAGCAAGTGAGTGAC",1000
"GGAGCAAGTTCCAACA",1000
"GGAGCAATCAAGCCTA",44
"GGAGCAATCAGCTTAG",33
"GGAGCAATCCAAATGC",23
"GGAGCAATCCAGAGGA",43
"GGAGCAATCTACCAGA",71
"GGAGCAATCTACCTGC",1000
"GGAGCAATCTGGTATG",46
"GGAGCAATCTGTCTAT",90
"GGATGTTAGAAACCAT",94
"GGATGTTAGACCGGAT",41
"GGATGTTAGACTAAGT",20
"GGATGTTAGACTAGAT",8
"GGATGTTAGACTTTCG",44
"GGATGTTAGCGCTTAT",1000
"GGATGTTAGGCAGTCA",46
"GGATGTTAGGGCTTCC",11
"GGATGTTAGTCACGCC",19
"GGATGTTAGTCGCCGT",71
"GGATGTTAGTGGACGT",79
"GGATGTTAGTGTCCAT",64
"GGATGTTCAAGCTGTT",59
"GGATGTTCAGCCACCA",46
"GGATGTTCAGGTCCAC",47
"GGATGTTCATCTCCCA",21
"GGATGTTCATGCCCGA",17
"GGATGTTCATTAGGCT",34
"GGATGTTGTACCAGTT",11
"GGATGTTGTACGAAAT",29
"GGATGTTGTAGCTCCG",46
"GGATGTTGTTCCCGAG",84
"GGATGTTGTTGTGGAG",74
"GGATGTTGTTTGCATG",1000
"GGATGTTTCAGCATGT",24
"GGATGTTTCCATGAGT",95
"GGATGTTTCCGTACAA",85
"GGATGTTTCCTAGAAC",86
"GGATGTTTCGTTTAGG",22
"GGATGTTTCTCTTGAT",2
"GGATGTTTCTGGAGCC",70
"GGATGTTTCTTGTTTG",82
"GGATGTTTCTTTAGGG",15
"GGATTACAGAATTCCC",1000
"GGATTACAGACATAAC",46
"GGATTACAGAGAGCTC",73
"GGATTACAGATGCCAG",82
"GGATTACAGATGTAAC",94
"GGATTACAGGACAGAA",70
"GGATTACAGGCTCAGA",14
"GGATTACAGTTACCCA",82
"GGATTACCAAAGGAAG",46
"GGATTACCACACTGCG",23
"GGATTACCACGAAACG",1000
"GGATTACCACGGATAG",84
"GGATTACCACTTCTGC",1000
"GGATTACCAGATCCAT",96
"GGATTACCAGCCTGTG",10
"GGATTACCAGTCCTTC",37
"GGATTACCATCAGTAC",80
"GGATTACCATGCCCGA",84
"GGATTACCATTCCTGC",94
"GGATTACGTCCAGTGC",71
"GGATTACGTTCTGGTA",37
"GGATTACGTTTAAGCC",35
"GGATTACTCAACACGT",11
"GGATTACTCAAGATCC",20
"GGATTACTCAAGGCTT",11
"GGATTACTCACGCGGT",70
"GGATTACTCATGCATG",10
"GGATTACTCCCGGATG",11
"GGATTACTCCCTCTTT",96
"GGATTACTCCGAGCCA",1000
"GGATTACTCGCCTGAG",46
"GGATTACTCGCTGATA",1000
"GGATTACTCGTAGGTT",57
"GGATTACTCTCCCTGA",81
"GGATTACTCTTGCAAG",1000
"GGCAATTAGCAGACTG",43
"GGCAATTAGCTACCTA",1000
"GGCAATTAGCTCCTCT",11
"GGCAATTAGCTGAAAT",19
"GGCAATTAGGGCTTCC",1000
"GGCAATTCAATCGAAA",35
"GGCAATTCACATTCGA",73
"GGCAATTCACGAAACG",56
"GGCAATTCACGCATCG",29
"GGCAATTCAGTAACGG",94
"GGCAATTGTATAGGGC",35
"GGCAATTGTATATGGA",71
"GGCAATTGTCATCCCT",79
"GGCAATTGTCTAGCGC",74
"GGCAATTGTGGAAAGA",1000
"GGCAATTGTTAAAGAC",59
"GGCAATTGTTAAGGGC",2
"GGCAATTGTTCGAATC",20
"GGCAATTGTTCGCGAC",1000
"GGCAATTTCACGAAGG",1000
"GGCAATTTCACTCTTA",86
"GGCAATTTCCTGTAGA",94
"GGCAATTTCCTTGACC",22
"GGCAATTTCGGAAATA",37
"GGCAATTTCTATCCTA",15
"GGCAATTTCTCGTTTA",70
"GGCAATTTCTTCAACT",11
"GGCAATTTCTTTACGT",93
"GGCCGATAGAAGGTGA",72
"GGCCGATAGAGTGAGA",61
"GGCCGATAGGTAGCCA",84
"GGCCGATCACCAGCAC",93
"GGCCGATCACTCGACG",1000
"GGCCGATCACTTCTGC",1000
"GGCCGATCAGACAAGC",92
"GGCCGATCAGCCACCA",77
"GGCCGATCAGGAACGT",95
"GGCCGATCATCATCCC",2
"GGCCGATGTAAGAGAG",21
"GGCCGATGTCCGAACC",70
"GGCCGATGTCCGTGAC",72
"GGCCGATGTCTAACGT",33
"GGCCGATGTTACGGAG",1000
"GGCCGATGTTGTCTTT",94
"GGCCGATGTTTGACTG",92
"GGCCGATTCACCGGGT",34
"GGCCGATTCAGGATCT",72
"GGCCGATTCCAAGCCG",58
"GGCCGATTCCACGAAT",82
"GGCCGATTCGGACAAG",31
"GGCCGATTCGTACCGG",47
"GGCGACTAGAGCTGGT",23
"GGCGACTAGATGGGTC",82
"GGCGACTAGCCAACAG",69
"GGCGACTAGCCAGTTT",1000
"GGCGACTAGCCTATGT",43
"GGCGACTAGTACGTTC",79
"GGCGACTCAACTGCGC",93
"GGCGACTCAAGCCGTC",1000
"GGCGACTCATCGGTTA",71
"GGCGACTCATGCGCAC",1000
"GGCGACTCATTGCGGC",20
"GGCGACTGTACACCGC",14
"GGCGACTGTATTCGTG",65
"GGCGACTGTCAATACC",23
"GGCGACTGTCCTAGCG",92
"GGCGACTGTCCTCTTG",47
"GGCGACTGTCTCTCGT",37
"GGCGACTGTGGAAAGA",47
"GGCGACTGTGTTGAGG",45
"GGCGACTGTGTTTGTG",1000
"GGCGACTTCACAGTAC",82
"GGCGACTTCCGAATGT",20
"GGCGACTTCCTATTCA",13
"GGCGACTTCCTGCCAT",5
"GGCGACTTCGAACTGT",89
"GGCGACTTCTACGAGT",80
"GGCGACTTCTGCAGTA",72
"GGCGACTTCTTCGAGA",1000
"GGCGTGTAGACAGACC",79
"GGCGTGTAGACTTTCG",83
"GGCGTGTAGAGGGCTT",92
"GGCGTGTAGATCCCAT",52
"GGCGTGTAGCAACGGT",53
"GGCGTGTAGGAATGGA",95
"GGCGTGTAGTACACCT",73
"GGCGTGTAGTAGGTGC",35
"GGCGTGTAGTATTGGA",37
"GGCGTGTAGTGGTAGC",20
"GGCGTGTAGTTTGCGT",1000
"GGCGTGTCAAAGGCGT",1000
"GGCGTGTCAAAGTGCG",84
"GGCGTGTCAAGCTGTT",1000
"GGCGTGTCAAGTCTAC",71
"GGCGTGTCAATGGATA",92
"GGCGTGTCACGAGGTA",96
"GGCGTGTCAGACGTAG",46
"GGCGTGTCAGCTGCTG",56
"GGCGTGTCAGGACCCT",59
"GGCGTGTCAGTGGAGT",26
"GGCGTGTCATTCGACA",49
"GGCGTGTGTGATAAGT",35
"GGCGTGTGTGCACCAC",70
"GGCGTGTGTGCTCTTC",70
"GGCGTGTGTGGCTCCA",19
"GGCGTGTGTGGTAACG",79
"GGCGTGTGTGGTACAG",68
"GGCGTGTGTTCCGGCA",49
"GGCGTGTGTTCCTCCA",86
"GGCGTGTGTTTAGGAA",81
"GGCGTGTTCCCTGACT",10
"GGCGTGTTCCGAACGC",37
"GGCGTGTTCGGGAGTA",64
"GGCGTGTTCTGCGACG",71
"GGCTCGAAGACTAGAT",1000
"GGCTCGAAGCAATATG",47
"GGCTCGAAGGAGCGAG",84
"GGCTCGAAGGCTAGAC",96
"GGCTCGAAGTGGAGTC",11
"GGCTCGAAGTGTTAGA",81
"GGCTCGACAAAGTCAA",68
"GGCTCGACAAGCTGGA",34
"GGCTCGACAAGGCTCC",61
"GGCTCGACACATAACC",22
"GGCTCGACACCCTATC",39
"GGCTCGACAGAGCCAA",45
"GGCTCGACAGATAATG",70
"GGCTCGACAGCATACT",58
"GGCTCGACAGCATGAG",57
"GGCTCGACAGGAATCG",76
"GGCTCGACATATGAGA",26
"GGCTCGACATGCCTTC",33
"GGCTCGAGTACAAGTA",11
"GGCTCGAGTATTACCG",66
"GGCTCGAGTCGGCACT",58
"GGCTCGAGTGGAAAGA",1000
"GGCTCGAGTGTTTGTG",11
"GGCTCGAGTTGGGACA",70
"GGCTCGATCACGCGGT",58
"GGCTCGATCATCGGAT",59
"GGCTCGATCCAAACAC",44
"GGCTCGATCCTGTACC",23
"GGCTCGATCTGCTGTC",53
"GGCTCGATCTTCATGT",1000
"GGCTCGATCTTCCTTC",22
"GGCTGGTAGAGAGCTC",10
"GGCTGGTAGATGTTAG",1000
"GGCTGGTAGGAGCGTT",35
"GGCTGGTAGGCATTGG",45
"GGCTGGTCAATCTGCA",85
"GGCTGGTCACTCGACG",72
"GGCTGGTCAGCAGTTT",56
"GGCTGGTCAGCGTCCA",23
"GGCTGGTCAGGTCTCG",1000
"GGCTGGTCATAGTAAG",20
"GGCTGGTGTACATCCA",74
"GGCTGGTGTAGATTAG",59
"GGCTGGTGTAGGGTAC",94
"GGCTGGTGTAGTACCT",19
"GGCTGGTGTCGCGGTT",94
"GGCTGGTGTCGGCATC",93
"GGCTGGTGTGCACTTA",4
"GGCTGGTGTGTTAAGA",49
"GGCTGGTGTTCCCTTG",49
"GGCTGGTGTTGAACTC",61
"GGCTGGTTCAACACAC",37
"GGCTGGTTCAACGGCC",47
"GGCTGGTTCACCCTCA",46
"GGCTGGTTCCACGCAG",92
"GGCTGGTTCTATCGCC",79
"GGCTGGTTCTTTCCTC",95
"GGGAATGAGACGCTTT",37
"GGGAATGAGACTTTCG",19
"GGGAATGAGAGCTATA",1000
"GGGAATGAGATAGGAG",84
"GGGAATGAGCAATATG",94
"GGGAATGAGCGGCTTC",76
"GGGAATGAGCGTTTAC",10
"GGGAATGAGGCATTGG",80
"GGGAATGAGGCCCTTG",58
"GGGAATGCAACTTGAC",72
"GGGAATGCAAGCGTAG",2
"GGGAATGCAAGCTGGA",85
"GGGAATGCACCTCGTT",80
"GGGAATGCAGCTGTTA",9
"GGGAATGCAGTACACT",62
"GGGAATGCATGCCTTC",11
"GGGAATGCATGGTCTA",58
"GGGAATGGTAATTGGA",59
"GGGAATGGTACGCACC",1000
"GGGAATGGTCGAAAGC",22
"GGGAATGGTCTAGTGT",20
"GGGAATGGTCTCACCT",1000
"GGGAATGGTGAGGGTT",82
"GGGAATGGTGGCCCTA",55
"GGGAATGGTGTCTGAT",64
"GGGAATGTCCTTCAAT",76
"GGGAATGTCTGCCCTA",25
"GGGAATGTCTGTCAAG",11
"GGGACCTAGAATCTCC",95
"GGGACCTAGAGGTTAT",72
"GGGACCTAGCGATAGC",94
"GGGACCTAGGAGTTGC",45
"GGGACCTAGGGATACC",57
"GGGACCTAGGTAGCTG",11
"GGGACCTAGTCATGCT",47
"GGGACCTCAATGCCAT",72
"GGGACCTCACCACCAG",22
"GGGACCTCAGCCAATT",1000
"GGGACCTCAGCTTAAC",8
"GGGACCTCAGGACGTA",48
"GGGACCTCATCCCACT",46
"GGGACCTCATCCTTGC",58
"GGGACCTGTAGCGTAG",76
"GGGACCTGTCATTAGC",72
"GGGACCTGTGTAACGG",84
"GGGACCTGTGTGACCC",80
"GGGACCTGTTAGTGGG",58
"GGGACCTGTTCAGTAC",34
"GGGACCTTCCAAGCCG",46
"GGGACCTTCCATTCTA",32
"GGGACCTTCCCAAGAT",13
"GGGACCTTCCGCAGTG",81
"GGGACCTTCGCTGATA",89
"GGGACCTTCGGCCGAT",84
"GGGACCTTCGGCGCTA",43
"GGGACCTTCGTCTGAA",60
"GGGACCTTCGTTTGCC",26
"GGGACCTTCTATCCTA",88
"GGGAGATAGACTAGGC",23
"GGGAGATAGCATGGCA",59
"GGGAGATAGCGATTCT",25
"GGGAGATAGCGTTTAC",22
"GGGAGATAGGCATGTG",1000
"GGGAGATAGGGATGGG",1000
"GGGAGATAGTACCGGA",78
"GGGAGATAGTCAAGCG",91
"GGGAGATAGTTTGCGT",59
"GGGAGATCAATGGAGC",91
"GGGAGATCAGGATCGA",55
"GGGAGATCAGGTTTCA",8
"GGGAGATCAGTATCTG",22
"GGGAGATCATTAACCG",47
"GGGAGATGTACAGACG",66
"GGGAGATGTACGCACC",3
"GGGAGATGTACTCGCG",51
"GGGAGATGTCACCCAG",59
"GGGAGATGTCTCACCT",91
"GGGAGATGTTACCAGT",11
"GGGAGATTCAGTGTTG",34
"GGGAGATTCCGTAGGC",94
"GGGAGATTCCTCTAGC",52
"GGGAGATTCCTGCTTG",35
"GGGAGATTCGCTTAGA",61
"GGGAGATTCGGAAATA",64
"GGGAGATTCTCGTTTA",76
"GGGAGATTCTTCCTTC",56
"GGGATGAAGAGGTTGC",45
"GGGATGAAGGGAAACA",29
"GGGATGAAGGGATACC",49
"GGGATGAAGGGTGTGT",73
"GGGATGAAGGTTACCT",43
"GGGATGAAGTATTGGA",22
"GGGATGAAGTCATCCA",56
"GGGATGAAGTGGTCCC",55
"GGGATGACAAGTTCTG",21
"GGGATGACACATAACC",82
"GGGATGACACCAACCG",64
"GGGATGACACCTGGTG",1000
"GGGATGACAGCCTTTC",80
"GGGATGACAGCTCGCA",79
"GGGATGACAGCTGTAT",34
"GGGATGACAGTAGAGC",61
"GGGATGACATACGCCG",1000
"GGGATGACATGTAAGA",60
"GGGATGAGTACCGAGA",47
"GGGATGAGTACGAAAT",46
"GGGATGAGTAGCGCAA",72
"GGGATGAGTATAATGG",1000
"GGGATGAGTCTAACGT",34
"GGGATGAGTCTTGCGG",37
"GGGATGAGTGACGGTA",74
"GGGATGAGTGAGTATA",34
"GGGATGAGTGCCTGCA",29
"GGGATGAGTGGTAACG",58
"GGGATGAGTGTGGTTT",44
"GGGATGAGTTCGGGCT",70
"GGGATGATCAACTCTT",77
"GGGATGATCAATACCG",53
"GGGATGATCATGTCCC",72
"GGGATGATCCACGAAT",57
"GGGATGATCCGTAGGC",1000
"GGGATGATCGCGTAGC",71
"GGGATGATCGTCACGG",82
"GGGATGATCGTCTGAA",94
"GGGATGATCTAACCGA",91
"GGGATGATCTGTCTAT",1000
"GGGATGATCTTAGAGC",56
"GGGATGATCTTGGGTA",86
"GGGCACTAGATACACA",82
"GGGCACTAGCAATATG",96
"GGGCACTAGCCTCGTG",1000
"GGGCACTAGCGATAGC",95
"GGGCACTAGGATTCGG",34
"GGGCACTAGGCCCGTT",30
"GGGCACTAGGGCTTCC",23
"GGGCACTAGGGCTTGA",58
"GGGCACTAGGGTTCCC",35
"GGGCACTAGGTGGGTT",83
"GGGCACTAGGTGTTAA",32
"GGGCACTAGTACATGA",34
"GGGCACTAGTAGCCGA",47
"GGGCACTAGTGAAGTT",84
"GGGCACTCAACGATGG",77
"GGGCACTCACGAAGCA",86
"GGGCACTCACGGTTTA",35
"GGGCACTCAGTCAGAG",84
"GGGCACTCATGCCTTC",49
"GGGCACTCATGTCGAT",20
"GGGCACTCATTTGCTT",35
"GGGCACTGTAGAAAGG",82
"GGGCACTGTATTCTCT",13
"GGGCACTGTCGGCTCA",96
"GGGCACTGTCTCCCTA",47
"GGGCACTGTGGTTTCA",55
"GGGCACTGTGTTTGGT",10
"GGGCACTGTTATGTGC",25
"GGGCACTTCAACTCTT",34
"GGGCACTTCAAGAAGT",71
"GGGCACTTCAGGTTCA",35
"GGGCACTTCAGTTGAC",61
"GGGCACTTCGGAGCAA",71
"GGGCACTTCTGAGGGA",34
"GGGCACTTCTGTCTCG",82
"GGGCATCAGAAACCTA",59
"GGGCATCAGAAGGTGA",71
"GGGCATCAGAGTCGGT",29
"GGGCATCAGGCCATAG",59
"GGGCATCAGTCGAGTG",82
"GGGCATCCAAACCTAC",47
"GGGCATCCAATCACAC",86
"GGGCATCCACAGGAGT",11
"GGGCATCCATCCGCGA",10
"GGGCATCCATCGGGTC",70
"GGGCATCCATGGTAGG",47
"GGGCATCGTACAAGTA",24
"GGGCATCGTAGAAGGA",1
"GGGCATCGTCACTGGC",47
"GGGCATCGTCTAACGT",11
"GGGCATCGTCTGATTG",22
"GGGCATCGTGAAATCA",34
"GGGCATCGTGTTAAGA",47
"GGGCATCGTGTTTGGT",47
"GGGCATCGTTACGCGC",82
"GGGCATCTCGCTTGTC",94
"GGGTCTGAGAGACTAT",34
"GGGTCTGAGCGATAGC",1000
"GGGTCTGAGCTGAAAT",47
"GGGTCTGAGGATGCGT",36
"GGGTCTGAGGCGACAT",53
"GGGTCTGAGTGCGATG",31
"GGGTCTGAGTTACCCA",82
"GGGTCTGCAAGTTAAG",1000
"GGGTCTGCAGCCTTGG",55
"GGGTCTGCAGCTGTAT",32
"GGGTCTGCATCACGAT",11
"GGGTCTGCATCAGTAC",77
"GGGTCTGCATTACGAC",26
"GGGTCTGGTACGAAAT",35
"GGGTCTGGTCGAGTTT",1000
"GGGTCTGGTCGGCACT",25
"GGGTCTGGTGAGGGTT",22
"GGGTCTGGTGTATGGG",19
"GGGTCTGGTTCCAACA",54
"GGGTCTGTCAGCGATT",23
"GGGTCTGTCAGGCAAG",37
"GGGTCTGTCCAGTAGT",71
"GGGTCTGTCCCTCAGT",13
"GGGTCTGTCCTATTCA",75
"GGGTCTGTCGAGAACG",71
"GGGTCTGTCGGACAAG",19
"GGGTCTGTCTGAAAGA",11
"GGGTTGCAGACTCGGA",17
"GGGTTGCAGCCGTCGT",1
"GGGTTGCAGGGCTTGA",82
"GGGTTGCAGGTTCCTA",20
"GGGTTGCAGTACTTGC",1000
"GGGTTGCAGTTGTAGA",1000
"GGGTTGCCAAACTGCT",23
"GGGTTGCCAAGGACTG",43
"GGGTTGCCAATCCAAC",75
"GGGTTGCCAGACAAGC",62
"GGGTTGCCAGAGTGTG",51
"GGGTTGCGTAAGTGGC",1000
"GGGTTGCGTACGCTGC",24
"GGGTTGCGTAGGCTGA",20
"GGGTTGCGTATATGAG",48
"GGGTTGCGTCAGGACA",70
"GGGTTGCGTCTTCTCG",25
"GGGTTGCGTGCATCTA",20
"GGGTTGCGTGTGAATA",82
"GGGTTGCTCATACGGT",70
"GGGTTGCTCCGCAAGC",1000
"GGGTTGCTCCGGGTGT",1000
"GGGTTGCTCCTCAATT",8
"GGGTTGCTCGTTTGCC",23
"GGGTTGCTCTCTTGAT",1000
"GGGTTGCTCTTTCCTC",90
"GGTATTGAGAGACTTA",1000
"GGTATTGAGATGTAAC",22
"GGTATTGAGCATGGCA",36
"GGTATTGAGCCGATTT",41
"GGTATTGAGCGATATA",20
"GGTATTGAGGTCGGAT",66
"GGTATTGAGTTACGGG",94
"GGTATTGCAAACCCAT",47
"GGTATTGCAATAACGA",22
"GGTATTGCACAGCCCA",1000
"GGTATTGCACCGAATT",1000
"GGTATTGCACTCGACG",70
"GGTATTGCAGACGCAA",47
"GGTATTGCATATGAGA",38
"GGTATTGCATCACGTA",47
"GGTATTGGTACAGCAG",8
"GGTATTGGTCAAACTC",90
"GGTATTGGTCGAGTTT",57
"GGTATTGGTCTCCCTA",94
"GGTATTGGTCTCTCGT",4
"GGTATTGGTCTTGATG",70
"GGTATTGGTGTTAAGA",37
"GGTATTGGTTACTGAC",35
"GGTATTGGTTCGGCAC",51
"GGTATTGGTTCGGGCT",13
"GGTATTGGTTGTTTGG",58
"GGTATTGTCAATACCG",62
"GGTATTGTCACTTCAT",11
"GGTATTGTCCCAAGTA",55
"GGTATTGTCCCACTTG",10
"GGTATTGTCCTGTACC",93
"GGTATTGTCTGAGGGA",1
"GGTATTGTCTTCAACT",1000
"GGTATTGTCTTGTTTG",79
"GGTGAAGAGAGTGACC",95
"GGTGAAGAGCTACCTA",10
"GGTGAAGAGGATGCGT",62
"GGTGAAGAGGATGGTC",11
"GGTGAAGAGTCGTTTG",13
"GGTGAAGAGTGCAAGC",46
"GGTGAAGAGTGGCACA",91
"GGTGAAGAGTTTAGGA",91
"GGTGAAGCAAAGCAAT",46
"GGTGAAGCAAATACAG",77
"GGTGAAGCAAGAAAGG",36
"GGTGAAGCAAGGGTCA",47
"GGTGAAGCAATGGAGC",56
"GGTGAAGCACAAGTAA",83
"GGTGAAGCACATTAGC",72
"GGTGAAGCACGGTTTA",58
"GGTGAAGCACTTACGA",22
"GGTGAAGCAGTAAGCG",13
"GGTGAAGCATATGCTG",49
"GGTGAAGCATCCGTGG",1000
"GGTGAAGGTCTAAACC",37
"GGTGAAGGTCTGATCA",94
"GGTGAAGGTGACTCAT",43
"GGTGAAGGTGTCGCTG",35
"GGTGAAGTCACAGGCC",19
"GGTGAAGTCGGTGTCG",34
"GGTGAAGTCGTGGGAA",57
"GGTGAAGTCTACGAGT",10
"GGTGAAGTCTGGGCCA",46
"GGTGCGTAGAATTCCC",6
"GGTGCGTAGACAAAGG",96
"GGTGCGTAGACACTAA",36
"GGTGCGTAGAGCAATT",1000
"GGTGCGTAGAGGTAGA",65
"GGTGCGTAGATGTGGC",78
"GGTGCGTAGCAATCTC",92
"GGTGCGTAGCCACGCT",8
"GGTGCGTAGCTAACAA",58
"GGTGCGTAGCTAGGCA",96
"GGTGCGTAGCTTATCG",1000
"GGTGCGTAGTAACCCT",78
"GGTGCGTAGTACTTGC",84
"GGTGCGTCAAGCTGGA",32
"GGTGCGTCAATGGAAT",71
"GGTGCGTCACAACGTT",62
"GGTGCGTCACATAACC",37
"GGTGCGTCACCGGAAA",11
"GGTGCGTCAGGGTTAG",8
"GGTGCGTCATACGCTA",8
"GGTGCGTGTAACGACG",84
"GGTGCGTGTACGCACC",56
"GGTGCGTGTCAAACTC",62
"GGTGCGTGTCCGAACC",53
"GGTGCGTGTTACGGAG",72
"GGTGCGTTCACATAGC",95
"GGTGCGTTCAGGCGAA",60
"GGTGCGTTCATCGCTC",44
"GGTGCGTTCCCTAACC",10
"GGTGCGTTCGAACTGT",35
"GGTGCGTTCGAATCCA",67
"GGTGCGTTCGCATGGC",95
"GGTGCGTTCGTCGTTC",72
"GGTGCGTTCGTTGCCT",26
"GGTGCGTTCTGCAGTA",94
"GGTGCGTTCTGCCAGG",38
"GGTGCGTTCTGTTGAG",84
"GGTGCGTTCTTCGGTC",22
"GGTGCGTTCTTGAGGT",77
"GGTGTTAAGCCACGTC",82
"GGTGTTAAGCCTATGT",94
"GGTGTTAAGGAGCGAG",3
"GGTGTTAAGGCCGAAT",25
"GGTGTTAAGGTGCAAC",55
"GGTGTTAAGTGCTGCC",1000
"GGTGTTAAGTTCCACA",56
"GGTGTTACACAGGTTT",48
"GGTGTTACACATTAGC",77
"GGTGTTACAGTTCCCT",1000
"GGTGTTACATCTCCCA",59
"GGTGTTACATGGTCTA",11
"GGTGTTACATTACGAC",59
"GGTGTTAGTAAGAGAG",47
"GGTGTTAGTACCGCTG",46
"GGTGTTAGTATCGCAT",59
"GGTGTTAGTCCGCTGA",39
"GGTGTTAGTCGCGGTT",67
"GGTGTTAGTGTCAATC",81
"GGTGTTAGTGTTCTTT",71
"GGTGTTAGTTAGAACA",62
"GGTGTTAGTTTGGGCC",71
"GGTGTTATCAAACAAG",20
"GGTGTTATCACCAGGC",1000
"GGTGTTATCACCATAG",67
"GGTGTTATCACGCATA",33
"GGTGTTATCCTCATTA",55
"GGTGTTATCGTACCGG",64
"GGTGTTATCTACTATC",61
"GGTGTTATCTGCAAGT",70
"GGTGTTATCTTTAGGG",23
"GTAACGTAGAAGGCCT",43
"GTAACGTAGATTACCC",95
"GTAACGTAGCACACAG",58
"GTAACGTAGCTAAACA",14
"GTAACGTAGGAGTTGC",80
"GTAACGTAGGCTACGA",84
"GTAACGTAGGCTAGCA",4
"GTAACGTAGGGTCTCC",70
"GTAACGTCAAAGCAAT",89
"GTAACGTCACATGACT",22
"GTAACGTCACCAGCAC",87
"GTAACGTCAGACAAAT",60
"GTAACGTCAGGGTACA",1000
"GTAACGTCATACGCCG",1000
"GTAACGTCATATGAGA",95
"GTAACGTGTAAATGTG",1000
"GTAACGTGTACGAAAT",1000
"GTAACGTGTACGCACC",46
"GTAACGTGTATATCCG",68
"GTAACGTGTCACCTAA",20
"GTAACGTGTGGCAAAC",10
"GTAACGTGTGGTACAG",46
"GTAACGTGTGTCAATC",46
"GTAACGTGTTAAAGAC",37
"GTAACGTGTTACCGAT",70
"GTAACGTGTTACGTCA",61
"GTAACGTGTTAGATGA",5
"GTAACGTGTTCCCTTG",80
"GTAACGTGTTCTGTTT",94
"GTAACGTGTTTGGGCC",76
"GTAACGTTCACCCTCA",44
"GTAACGTTCACTATTC",66
"GTAACGTTCATAACCG",1000
"GTAACGTTCGTACGGC",65
"GTAACTGAGAGGGCTT",49
"GTAACTGAGAGTAAGG",49
"GTAACTGAGCAACGGT",88
"GTAACTGAGCTATGCT",34
"GTAACTGAGCTCCTTC",94
"GTAACTGAGGCTCAGA",47
"GTAACTGAGGGCTTCC",25
"GTAACTGAGGTGATTA",91
"GTAACTGAGTGCGATG",71
"GTAACTGAGTGGGCTA",37
"GTAACTGCAAACCTAC",19
"GTAACTGCAAGTCATC",86
"GTAACTGCACAGGAGT",0
"GTAACTGCACGTCTCT",83
"GTAACTGCACTGTGTA",22
"GTAACTGCAGTATCTG",8
"GTAACTGCATATGAGA",70
"GTAACTGCATCACCCT",10
"GTAACTGGTCTGCCAG",1000
"GTAACTGGTGAAATCA",20
"GTAACTGGTGCCTGGT",31
"GTAACTGTCATTCACT",91
"GTAACTGTCCTCAACC",84
"GTAACTGTCGTATCAG",1000
"GTAACTGTCTAGCACA",0
"GTAACTGTCTGCGACG",52
"GTAACTGTCTGGCGTG",43
"GTAACTGTCTGGGCCA",1000
"GTAACTGTCTGTCTAT",45
"GTAACTGTCTTTAGGG",10
"GTACGTAAGAGTCGGT",95
"GTACGTAAGCACAGGT",72
"GTACGTAAGCTAGCCC",82
"GTACGTAAGGAGCGAG",65
"GTACGTAAGGTGCAAC",96
"GTACGTAAGTACACCT",67
"GTACGTAAGTACGCGA",44
"GTACGTACAACACCCG",56
"GTACGTACACGACGAA",55
"GTACGTACAGACGCTC",69
"GTACGTACAGCATACT",70
"GTACGTACATCCAACA",1000
"GTACGTAGTCAAAGAT",59
"GTACGTAGTCCGAATT",38
"GTACGTAGTGTGGCTC",56
"GTACGTAGTGTTGAGG",84
"GTACGTAGTTGGGACA",82
"GTACGTATCAACCAAC",47
"GTACGTATCAACGCTA",70
"GTACGTATCACAGTAC",72
"GTACGTATCAGTGTTG",20
"GTACGTATCCTTGACC",24
"GTACGTATCGCCCTTA",32
"GTACGTATCGGGAGTA",58
"GTACGTATCTGCGTAA",71
"GTACGTATCTTGGGTA",94
"GTACGTATCTTGTTTG",84
"GTACGTATCTTTACAC",7
"GTACTCCAGAATGTGT",52
"GTACTCCAGACCCACC",63
"GTACTCCAGCTAACAA",5
"GTACTCCAGCTGCCCA",82
"GTACTCCAGGCCATAG",61
"GTACTCCAGGGTGTGT",58
"GTACTCCAGTATGACA",13
"GTACTCCAGTCTTGCA",82
"GTACTCCAGTGTTAGA",91
"GTACTCCCAAACCCAT",71
"GTACTCCCAACTGCTA",84
"GTACTCCCAAGAGTCG",59
"GTACTCCCAAGTTCTG",84
"GTACTCCCAGGATCGA",45
"GTACTCCCATGCAATC",8
"GTACTCCCATTGCGGC",57
"GTACTCCGTACGACCC",94
"GTACTCCGTACTTAGC",1000
"GTACTCCGTCATATCG",14
"GTACTCCGTCATGCAT",47
"GTACTCCGTCTAAAGA",43
"GTACTCCGTGTGCCTG",34
"GTACTCCGTTCTGTTT",49
"GTACTCCGTTGAGTTC",67
"GTACTCCTCCCTTGCA",13
"GTACTCCTCCGCGCAA",23
"GTACTCCTCGCATGAT",82
"GTACTCCTCTCTAGGA",75
"GTACTTTAGCACAGGT",23
"GTACTTTAGCGATGAC",94
"GTACTTTAGCGTTTAC",35
"GTACTTTAGTTTAGGA",11
"GTACTTTCACAAGCCC",48
"GTACTTTCACAGATTC",76
"GTACTTTCACGAAGCA",71
"GTACTTTCACGGACAA",81
"GTACTTTCACTCGACG",8
"GTACTTTCAGCATACT",0
"GTACTTTCAGCTGCAC",1000
"GTACTTTCATATACGC",35
"GTACTTTCATGCCTTC",80
"GTACTTTCATGGTCTA",71
"GTACTTTGTACCAGTT",46
"GTACTTTGTCTAAACC",60
"GTACTTTGTCTAGTGT",70
"GTACTTTGTGGTAACG",95
"GTACTTTGTGTGAAAT",89
"GTACTTTGTTGGACCC",1000
"GTACTTTTCAGTACGT",32
"GTACTTTTCCAAGCCG",32
"GTACTTTTCCCAAGTA",77
"GTACTTTTCCCAGGTG",11
"GTACTTTTCGAATCCA",72
"GTACTTTTCGGAATCT",1000
"GTACTTTTCGTATCAG",46
"GTACTTTTCTACGAGT",90
"GTACTTTTCTCTGAGA",1000
"GTACTTTTCTGGTTCC",23
"GTACTTTTCTGTCTAT",1000
"GTAGGCCAGACAAAGG",8
"GTAGGCCAGTGACATA",96
"GTAGGCCCAAACTGCT",63
"GTAGGCCCAAGCGATG",60
"GTAGGCCCAAGTTCTG",84
"GTAGGCCCAATGGTCT",1000
"GTAGGCCCACATGTGT",81
"GTAGGCCCACCGTTGG",70
"GTAGGCCCACGCCAGT",96
"GTAGGCCCAGCTGTTA",62
"GTAGGCCCATGGGACA",71
"GTAGGCCGTAATCACC",81
"GTAGGCCGTCCGAAGA",94
"GTAGGCCGTCGTGGCT",1000
"GTAGGCCGTCTCCCTA",61
"GTAGGCCGTGGTTTCA",47
"GTAGGCCGTTCTGGTA",72
"GTAGGCCGTTGGAGGT",37
"GTAGGCCTCGAGAACG",95
"GTAGGCCTCGATGAGG",68
"GTAGGCCTCTCTTGAT",84
"GTAGGCCTCTGGTGTA",45
"GTAGTCAAGAAAGTGG",5
"GTAGTCAAGAGCCCAA",58
"GTAGTCAAGATGGCGT",79
"GTAGTCAAGGAATCGC",10
"GTAGTCAAGGCCATAG",67
"GTAGTCAAGTCTCAAC",89
"GTAGTCACAACCGCCA",71
"GTAGTCACACACGCTG",59
"GTAGTCACACTGTTAG",53
"GTAGTCACAGTCAGAG",34
"GTAGTCACATGATCCA",1000
"GTAGTCACATGCATGT",70
"GTAGTCACATGGTAGG",47
"GTAGTCACATTTCAGG",94
"GTAGTCAGTATGCTTG",84
"GTAGTCAGTCTTCGTC",58
"GTAGTCATCAACGGCC",32
"GTAGTCATCCGCGGTA",34
"GTAGTCATCCTCAATT",59
"GTAGTCATCGGAATCT",80
"GTAGTCATCGTGGTCG",95
"GTAGTCATCTAACCGA",22
"GTAGTCATCTTCGGTC",47
"GTAGTCATCTTGACGA",1000
"GTATCTTAGAAACGCC",22
"GTATCTTAGAATGTGT",59
"GTATCTTAGCAATATG",96
"GTATCTTAGCATCATC",82
"GTATCTTAGCGATGAC",83
"GTATCTTAGTCCGTAT",59
"GTATCTTAGTGAAGTT",1000
"GTATCTTCAGCCTATA",1000
"GTATCTTCAGCTATTG",36
"GTATCTTCAGGAATGC",82
"GTATCTTCATGGGACA",35
"GTATCTTCATGGTCTA",67
"GTATCTTGTCACCCAG",46
"GTATCTTGTCGGCACT",69
"GTATCTTTCAACGCTA",2
"GTATCTTTCACTATTC",8
"GTATCTTTCACTTATC",1000
"GTATCTTTCAGAGACG",22
"GTATCTTTCAGCTTAG",22
"GTATCTTTCAGGATCT",1000
"GTATCTTTCAGGTTCA",35
"GTATCTTTCAGTGCAT",59
"GTATCTTTCATTTGGG",55
"GTATCTTTCCTAGTGA",94
"GTATCTTTCGTTTGCC",34
"GTATTCTAGATTACCC",35
"GTATTCTAGCAGGTCA",47
"GTATTCTAGCTAACTC",70
"GTATTCTAGCTGCAAG",1000
"GTATTCTAGGAACTGC",8
"GTATTCTAGGATCGCA",45
"GTATTCTAGGCTCTTA",1000
"GTATTCTAGGGCTCTC",76
"GTATTCTCAAAGCAAT",35
"GTATTCTCAAATTGCC",92
"GTATTCTCAAGCCGTC",37
"GTATTCTCACAGACAG",1000
"GTATTCTCACCTCGTT",84
"GTATTCTCACGCTTTC",41
"GTATTCTCAGGTTTCA",81
"GTATTCTCAGTCGATT",22
"GTATTCTCATAGACTC",67
"GTATTCTCATATGCTG",33
"GTATTCTCATATGGTC",23
"GTATTCTCATGCCTAA",35
"GTATTCTGTAATAGCA",37
"GTATTCTGTACTTAGC",83
"GTATTCTGTCAAAGAT",92
"GTATTCTGTCATACTG",58
"GTATTCTGTGGCTCCA",11
"GTATTCTGTGTATGGG",35
"GTATTCTGTTCCACAA",46
"GTATTCTTCAACGGCC",56
"GTATTCTTCACCAGGC",44
"GTATTCTTCAGGCGAA",70
"GTATTCTTCCTACAGA",96
"GTATTCTTCCTTCAAT",69
"GTATTCTTCGCCATAA",36
"GTATTCTTCTGTGCAA",43
"GTCAAGTAGATTACCC",58
"GTCAAGTAGCAGATCG",72
"GTCAAGTAGCAGGTCA",1000
"GTCAAGTAGCTCTCGG",84
"GTCAAGTAGGCTAGAC",74
"GTCAAGTAGTAATCCC",25
"GTCAAGTAGTGCTGCC",70
"GTCAAGTCAATAGAGT",70
"GTCAAGTCACATTAGC",74
"GTCAAGTCACCCATTC",84
"GTCAAGTCACGGTGTC",22
"GTCAAGTCACGTAAGG",22
"GTCAAGTCAGAAGCAC",70
"GTCAAGTCAGATCTGT",91
"GTCAAGTCAGCTGGCT",82
"GTCAAGTCATGATCCA",1000
"GTCAAGTGTAAAGTCA",34
"GTCAAGTGTGCTGTAT",27
"GTCAAGTGTTCGTTGA",92
"GTCAAGTGTTTCCACC",64
"GTCAAGTTCACGACTA",58
"GTCAAGTTCAGCGATT",47
"GTCAAGTTCAGGCGAA",11
"GTCAAGTTCAGTTGAC",71
"GTCAAGTTCCACGACG",94
"GTCAAGTTCCACGTGG",10
"GTCAAGTTCCCAAGAT",59
"GTCAAGTTCTAACTCT",44
"GTCACAAAGAAGGCCT",31
"GTCACAAAGAATGTTG",71
"GTCACAAAGCCATCGC",84
"GTCACAAAGCGAAGGG",68
"GTCACAAAGGCACATG",22
"GTCACAAAGTACGCCC",40
"GTCACAAAGTACGTAA",25
"GTCACAAAGTCGATAA",35
"GTCACAAAGTGGACGT",11
"GTCACAAAGTTCGATC",1000
"GTCACAACACAGCCCA",59
"GTCACAACACGACGAA",70
"GTCACAACAGCATACT",78
"GTCACAACAGGTGGAT",46
"GTCACAACATCGACGC",71
"GTCACAACATGCAATC",68
"GTCACAACATGTAGTC",22
"GTCACAAGTAAGAGAG",33
"GTCACAAGTAATAGCA",59
"GTCACAAGTACTTGAC",44
"GTCACAAGTAGATTAG",44
"GTCACAAGTCATGCCG",36
"GTCACAAGTCGCGAAA",23
"GTCACAATCAAACAAG",1000
"GTCACAATCAAGCCTA",70
"GTCACAATCACTATTC",11
"GTCACAATCAGCATGT",88
"GTCACAATCAGCTCGG",25
"GTCACAATCGAACTGT",64
"GTCACAATCGAGAACG",11
"GTCACAATCGTTTGCC",23
"GTCACAATCTGCTGTC",34
"GTCACAATCTTGTACT",68
"GTCACGGAGATGGGTC",1000
"GTCACGGAGCTGCAAG",35
"GTCACGGAGCTGTCTA",80
"GTCACGGAGTCTCCTC",1000
"GTCACGGCAAGCCGCT",92
"GTCACGGCACACCGCA",68
"GTCACGGCATGAAGTA",46
"GTCACGGGTAGGGTAC",37
"GTCACGGGTCGTGGCT",44
"GTCACGGGTCTCTTAT",92
"GTCACGGGTGTTTGTG",24
"GTCACGGGTTACGGAG",1000
"GTCACGGGTTATGCGT",47
"GTCACGGTCACATACG",8
"GTCACGGTCACCATAG",92
"GTCACGGTCCACGTGG",94
"GTCACGGTCCGAAGAG",94
"GTCACGGTCGCGATCG",59
"GTCACGGTCGGAGGTA",56
"GTCACGGTCTCTAGGA",53
"GTCACGGTCTGATTCT",46
"GTCATTTAGACAAAGG",22
"GTCATTTAGCTCCCAG",23
"GTCATTTAGGTGCTTT",1000
"GTCATTTAGTAGTGCG",75
"GTCATTTCAATCAGAA",20
"GTCATTTCAGGCGATA",82
"GTCATTTCAGTTCATG",58
"GTCATTTCATAGGATA",13
"GTCATTTCATCCCACT",21
"GTCATTTGTACGAAAT",37
"GTCATTTGTCCGTCAG",88
"GTCATTTGTCTTGTCC",41
"GTCATTTGTGGACGAT",96
"GTCATTTGTGGCAAAC",95
"GTCATTTGTTTCGCTC",56
"GTCATTTTCCTAGTGA",36
"GTCATTTTCGAATGCT",19
"GTCATTTTCGGATGGA",47
"GTCATTTTCGTACGGC",84
"GTCATTTTCTGTTTGT",13
"GTCCTCAAGAATTCCC",58
"GTCCTCAAGCTCCTCT",84
"GTCCTCAAGGGTGTTG",79
"GTCCTCAAGGTGACCA",51
"GTCCTCAAGTCGTACT",11
"GTCCTCACAACGCACC",91
"GTCCTCACAATACGCT",1000
"GTCCTCACAATGCCAT",46
"GTCCTCACACAACTGT",19
"GTCCTCACACAAGCCC",83
"GTCCTCACACGACGAA",1
"GTCCTCACACTTAAGC",79
"GTCCTCACAGCTGCAC",79
"GTCCTCACATCTCGCT",10
"GTCCTCAGTAAGGGAA",91
"GTCCTCAGTACTCTCC",46
"GTCCTCAGTCGATTGT",32
"GTCCTCAGTCTAGGTT",34
"GTCCTCAGTCTAGTCA",74
"GTCCTCAGTGGTGTAG",92
"GTCCTCAGTGTGAATA",79
"GTCCTCAGTTCGGCAC",62
"GTCCTCATCACGACTA",27
"GTCCTCATCAGCAACT",21
"GTCCTCATCCAAAGTC",4
"GTCCTCATCCATGAAC",37
"GTCCTCATCCCGGATG",34
"GTCCTCATCGGTTAAC",1000
"GTCCTCATCGTCACGG",8
"GTCCTCATCTTAGAGC",22
"GTCGGGTAGATGGCGT",8
"GTCGGGTAGGAATTAC",11
"GTCGGGTAGTTACCCA",82
"GTCGGGTAGTTTGCGT",1000
"GTCGGGTCAAGTCTGT",47
"GTCGGGTCAATCGAAA",19
"GTCGGGTCAGTCGTGC",62
"GTCGGGTCATGTTCCC",43
"GTCGGGTCATTGGTAC",23
"GTCGGGTGTAGAGGAA",64
"GTCGGGTGTCCGTGAC",20
"GTCGGGTGTCGACTAT",29
"GTCGGGTGTCGAGATG",41
"GTCGGGTGTCTCTCGT",92
"GTCGGGTGTTCAGGCC",1000
"GTCGGGTGTTGTACAC",77
"GTCGGGTTCACAACGT",80
"GTCGGGTTCCCGGATG",11
"GTCGGGTTCGCGATCG",93
"GTCGGGTTCGTGACAT",90
"GTCGTAAAGAACAACT",10
"GTCGTAAAGAAGGTGA",23
"GTCGTAAAGACGCTTT",47
"GTCGTAAAGCACCGCT",82
"GTCGTAAAGGTGGGTT",96
"GTCGTAAAGGTGTGGT",1000
"GTCGTAAAGTGGTAAT",70
"GTCGTAACAAAGTCAA",82
"GTCGTAACAATGAAAC",35
"GTCGTAACAGCGATCC",21
"GTCGTAACAGTGGAGT",58
"GTCGTAACATCGTCGG",7
"GTCGTAAGTAAGTGTA",13
"GTCGTAAGTACCGTTA",67
"GTCGTAAGTCAAACTC",89
"GTCGTAAGTGCAGACA",85
"GTCGTAAGTGCTGTAT",36
"GTCGTAAGTTCCCGAG",34
"GTCGTAAGTTCGAATC",65
"GTCGTAATCACATAGC",1000
"GTCGTAATCACGCGGT",1000
"GTCGTAATCCCTGACT",95
"GTCGTAATCGTTGACA",95
"GTCGTAATCTAACTGG",61
"GTCGTAATCTTGCCGT",44
"GTCTCGTAGAACAACT",47
"GTCTCGTAGATATACG",70
"GTCTCGTAGATGTAAC",95
"GTCTCGTAGCAATCTC",36
"GTCTCGTAGGAACTGC",80
"GTCTCGTAGGAGTAGA",96
"GTCTCGTAGGATGCGT",71
"GTCTCGTAGGATGTAT",45
"GTCTCGTAGGCCGAAT",1000
"GTCTCGTAGGGTTCCC",59
"GTCTCGTAGGTGTGGT",76
"GTCTCGTAGTCCGTAT",1000
"GTCTCGTAGTGGTAGC",94
"GTCTCGTAGTTCGCGC",13
"GTCTCGTCACCATGTA",62
"GTCTCGTCACGAGGTA",96
"GTCTCGTCACGTCTCT",71
"GTCTCGTCAGTATCTG",23
"GTCTCGTCATGTAGTC",32
"GTCTCGTGTAATAGCA",35
"GTCTCGTGTCACCTAA",82
"GTCTCGTGTCATGCAT",80
"GTCTCGTGTCCGAACC",71
"GTCTCGTGTCTGCAAT",70
"GTCTCGTGTCTTCGTC",37
"GTCTCGTGTTAAGACA",59
"GTCTCGTGTTCACCTC",10
"GTCTCGTGTTCAGGCC",8
"GTCTCGTTCAGTCCCT",29
"GTCTCGTTCCCTTGCA",19
"GTCTCGTTCTCATTCA",37
"GTCTCGTTCTTAGAGC",23
"GTCTTCGAGATGGGTC",22
"GTCTTCGAGCATGGCA",61
"GTCTTCGAGGACAGAA",81
"GTCTTCGAGGACTGGT",1000
"GTCTTCGAGGGATACC",47
"GTCTTCGAGTACGTTC",96
"GTCTTCGCAAGTACCT",64
"GTCTTCGCACACCGAC",11
"GTCTTCGCACCATGTA",44
"GTCTTCGCACCGATAT",71
"GTCTTCGCACGAGAGT",34
"GTCTTCGCACTAGTAC",70
"GTCTTCGCAGGTTTCA",56
"GTCTTCGCATGAAGTA",96
"GTCTTCGCATGCCACG",8
"GTCTTCGGTAACGCGA",72
"GTCTTCGGTAAGGGCT",1000
"GTCTTCGGTACGAAAT",87
"GTCTTCGGTAGATTAG",95
"GTCTTCGGTAGCGTCC",36
"GTCTTCGGTATATCCG",35
"GTCTTCGGTCGAGATG",34
"GTCTTCGGTGTGAAAT",46
"GTCTTCGGTTATCGGT",59
"GTCTTCGGTTGCTCCT",81
"GTCTTCGGTTTGACTG",10
"GTCTTCGTCAACCATG",65
"GTCTTCGTCACATAGC",90
"GTCTTCGTCCACTCCA",58
"GTCTTCGTCCGAAGAG",35
"GTCTTCGTCGCCGTGA",80
"GTCTTCGTCTACGAGT",71
"GTCTTCGTCTCTAGGA",35
"GTCTTCGTCTGCTGCT",1000
"GTCTTCGTCTGGCGAC",61
"GTCTTCGTCTTGGGTA",86
"GTGAAGGAGACAGAGA",85
"GTGAAGGAGGCACATG",58
"GTGAAGGAGTGCGTGA",10
"GTGAAGGAGTTAGGTA",10
"GTGAAGGCAAGGCTCC",73
"GTGAAGGCACCCATGG",84
"GTGAAGGCAGAGTGTG",76
"GTGAAGGCAGCCTTTC",1000
"GTGAAGGCATAAGACA",68
"GTGAAGGCATGAAGTA",52
"GTGAAGGCATTCACTT",82
"GTGAAGGCATTCTCAT",22
"GTGAAGGCATTTCACT",92
"GTGAAGGGTCCTCTTG",41
"GTGAAGGGTCTAGTCA",34
"GTGAAGGGTGTTTGGT",62
"GTGAAGGGTTGCTCCT",86
"GTGAAGGGTTTGTTTC",11
"GTGAAGGTCAACGGCC",56
"GTGAAGGTCAGAGACG",94
"GTGAAGGTCAGCAACT",33
"GTGAAGGTCATTATCC",43
"GTGAAGGTCCAAACAC",83
"GTGAAGGTCCACTCCA",66
"GTGAAGGTCCGTTGCT",84
"GTGAAGGTCCTTGCCA",22
"GTGAAGGTCGCTTAGA",82
"GTGAAGGTCTCACATT",8
"GTGAAGGTCTGGTATG",71
"GTGCAGCAGACCTAGG",22
"GTGCAGCAGATGTGTA",94
"GTGCAGCAGGGCTCTC",56
"GTGCAGCCACCCATTC",1000
"GTGCAGCCACGAGAGT",80
"GTGCAGCCAGGGATTG",38
"GTGCAGCCATCCCATC",59
"GTGCAGCCATGATCCA",37
"GTGCAGCCATGTCCTC",91
"GTGCAGCGTACCTACA",47
"GTGCAGCGTATTAGCC",10
"GTGCAGCGTATTCTCT",14
"GTGCAGCGTGAGTATA",1000
"GTGCAGCGTTCGAATC",35
"GTGCAGCTCAATCACG",1000
"GTGCAGCTCATTATCC",70
"GTGCAGCTCCAAACAC",59
"GTGCAGCTCTCTGCTG",1000
"GTGCAGCTCTGGTATG",44
"GTGCAGCTCTTGCCGT",56
"GTGCATAAGACAGACC",71
"GTGCATAAGAGAGCTC",70
"GTGCATAAGAGGGCTT",83
"GTGCATAAGATAGGAG",11
"GTGCATAAGCGATTCT",1000
"GTGCATAAGTACTTGC",50
"GTGCATAAGTGAACAT",1000
"GTGCATAAGTGGGCTA",10
"GTGCATAAGTTCGCGC",22
"GTGCATACAAACGTGG",85
"GTGCATACACCTCGTT",44
"GTGCATACACGTCTCT",47
"GTGCATACAGCTCGAC",44
"GTGCATACAGTGAGTG",70
"GTGCATACATTAGGCT",68
"GTGCATAGTAGCGTGA",43
"GTGCATAGTAGGACAC",1000
"GTGCATAGTAGGAGTC",46
"GTGCATAGTATATGGA",21
"GTGCATAGTCAGAATA",1000
"GTGCATAGTGTCTGAT",84
"GTGCATAGTTCAGTAC",1000
"GTGCATAGTTGGGACA",5
"GTGCATAGTTGTTTGG",82
"GTGCATATCAAGGCTT",70
"GTGCATATCCACGTGG",1000
"GTGCATATCCTTGGTC",35
"GTGCATATCTGCGACG",22
"GTGCGGTAGAGACTTA",2
"GTGCGGTAGAGCCCAA",70
"GTGCGGTAGAGCTTCT",58
"GTGCGGTAGGGATCTG",35
"GTGCGGTAGTGTCCAT",44
"GTGCGGTCAACTGCGC",52
"GTGCGGTCACAGGTTT",72
"GTGCGGTCACCACCAG",44
"GTGCGGTCACGAGGTA",40
"GTGCGGTCAGATCGGA",1000
"GTGCGGTCAGGACGTA",1000
"GTGCGGTCAGTATCTG",92
"GTGCGGTCATCGATGT",80
"GTGCGGTCATCTGGTA",23
"GTGCGGTGTAACGACG",95
"GTGCGGTGTCAAAGAT",1000
"GTGCGGTGTCTAGAGG",96
"GTGCGGTGTCTCTTTA",24
"GTGCGGTGTCTTGTCC",74
"GTGCGGTGTTCGCGAC",39
"GTGCGGTGTTTGGCGC",20
"GTGCGGTTCAACCATG",11
"GTGCGGTTCACGATGT",49
"GTGCGGTTCATCTGTT",1000
"GTGCGGTTCATTTGGG",58
"GTGCGGTTCCGAGCCA",84
"GTGCGGTTCCTAGAAC",96
"GTGCGGTTCTGGCGAC",8
"GTGCTTCAGAGCCCAA",53
"GTGCTTCAGAGCTTCT",57
"GTGCTTCAGAGGTACC",44
"GTGCTTCAGATAGCAT",23
"GTGCTTCAGCAGACTG",20
"GTGCTTCAGCAGCGTA",47
"GTGCTTCAGCTAACTC",94
"GTGCTTCAGGGTTCCC",43
"GTGCTTCAGGTGATAT",58
"GTGCTTCAGTTAGCGG",67
"GTGCTTCCAAAGGCGT",56
"GTGCTTCCAAGCGAGT",82
"GTGCTTCCAATACGCT",81
"GTGCTTCCACTGCCAG",91
"GTGCTTCCAGGTGCCT",58
"GTGCTTCCAGTATAAG",35
"GTGCTTCCATCGACGC",58
"GTGCTTCGTCACTTCC",1000
"GTGCTTCGTCATGCAT",46
"GTGCTTCGTCCGTCAG",43
"GTGCTTCGTCGAATCT",69
"GTGCTTCGTCGAGTTT",94
"GTGCTTCGTTCACGGC",49
"GTGCTTCTCAGGTTCA",78
"GTGCTTCTCAGTCCCT",20
"GTGCTTCTCCCTGACT",90
"GTGCTTCTCCGTTGCT",1000
"GTGCTTCTCCTTTACA",68
"GTGCTTCTCGGAAACG",44
"GTGCTTCTCGGAGCAA",25
"GTGCTTCTCTATCGCC",71
"GTGCTTCTCTCCGGTT",59
"GTGGGTCAGAGGGCTT",58
"GTGGGTCAGATATGGT",47
"GTGGGTCAGCCAGGAT",22
"GTGGGTCAGCGTCAAG",41
"GTGGGTCAGTGATCGG",1000
"GTGGGTCAGTGCTGCC",34
"GTGGGTCAGTTGAGTA",94
"GTGGGTCCAAACCTAC",46
"GTGGGTCCACCAACCG",19
"GTGGGTCCACCAGTTA",70
"GTGGGTCCAGGCTGAA",94
"GTGGGTCCAGTATAAG",96
"GTGGGTCCATCACGAT",67
"GTGGGTCCATGCCTAA",70
"GTGGGTCCATTTCACT",52
"GTGGGTCGTAAGGGCT",95
"GTGGGTCGTACAGTTC",63
"GTGGGTCGTACCGAGA",23
"GTGGGTCGTAGCGATG",57
"GTGGGTCGTAGCGCAA",84
"GTGGGTCGTCAGAAGC",72
"GTGGGTCGTCATTAGC",47
"GTGGGTCGTGGACGAT",23
"GTGGGTCGTGTGCGTC",34
"GTGGGTCGTTATTCTC",71
"GTGGGTCGTTCATGGT",78
"GTGGGTCGTTTGACAC",37
"GTGGGTCTCAAACAAG",58
"GTGGGTCTCAGGCAAG",49
"GTGGGTCTCATCTGTT",22
"GTGGGTCTCATGTCTT",86
"GTGGGTCTCCGTAGGC",82
"GTGGGTCTCCTCATTA",11
"GTGGGTCTCCTGTAGA",56
"GTGGGTCTCGCTTAGA",7
"GTGGGTCTCGTAGATC",58
"GTGGGTCTCGTCACGG",76
"GTGTGCGAGAAACCAT",44
"GTGTGCGAGACCACGA",94
"GTGTGCGAGCATGGCA",5
"GTGTGCGAGCCCGAAA",23
"GTGTGCGAGGGCTCTC",66
"GTGTGCGAGTACGTTC",35
"GTGTGCGCAAAGGCGT",43
"GTGTGCGCAACTGCGC",71
"GTGTGCGCAAGCGATG",62
"GTGTGCGCACCGCTAG",49
"GTGTGCGCAGAGTGTG",1000
"GTGTGCGCAGATCGGA",58
"GTGTGCGCAGGGCATA",80
"GTGTGCGCAGTCACTA",34
"GTGTGCGCAGTTCCCT",55
"GTGTGCGCATACGCCG",78
"GTGTGCGCATCATCCC",41
"GTGTGCGGTAAAGTCA",1
"GTGTGCGGTATTCTCT",56
"GTGTGCGGTGAACCTT",58
"GTGTGCGGTTGACGTT",23
"GTGTGCGGTTGTGGCC",1000
"GTGTGCGGTTTGGGCC",94
"GTGTGCGTCATAAAGG",59
"GTGTGCGTCATATCGG",1000
"GTGTGCGTCCTATTCA",49
"GTGTGCGTCGAACTGT",1000
"GTGTGCGTCTGCTGTC",8
"GTGTGCGTCTGCTTGC",23
"GTGTGCGTCTGTCTAT",47
"GTGTGCGTCTTAGCCC",67
"GTGTTAGAGAAGGCCT",76
"GTGTTAGAGCCAGTAG",84
"GTGTTAGAGCTTATCG",84
"GTGTTAGAGGACAGCT",47
"GTGTTAGAGGGTGTGT",70
"GTGTTAGAGTGCGATG",1000
"GTGTTAGAGTTTGCGT",24
"GTGTTAGCAAGCTGAG",91
"GTGTTAGCACATTTCT",90
"GTGTTAGCACGCGAAA",60
"GTGTTAGCACTCAGGC",1000
"GTGTTAGCAGGCAGTA",83
"GTGTTAGCATATGCTG",80
"GTGTTAGCATGTCCTC",38
"GTGTTAGGTCGACTGC",1000
"GTGTTAGGTGGGTCAA",63
"GTGTTAGGTGTCCTCT",43
"GTGTTAGGTTCGGGCT",79
"GTGTTAGTCAGCTCGG",59
"GTGTTAGTCATGTAGC",22
"GTGTTAGTCCCAAGTA",31
"GTGTTAGTCCCTGACT",59
"GTGTTAGTCGCGTAGC",55
"GTGTTAGTCGGAAATA",47
"GTGTTAGTCTCGCATC",38
"GTGTTAGTCTTGCAAG",82
"GTGTTAGTCTTGTCAT",59
"GTTAAGCAGCATCATC",23
"GTTAAGCAGCTGCAAG",1000
"GTTAAGCAGCTGTTCA",13
"GTTAAGCAGCTTATCG",47
"GTTAAGCAGTAACCCT",92
"GTTAAGCCAACGATCT",11
"GTTAAGCCAAGGTGTG",91
"GTTAAGCCACACCGCA",50
"GTTAAGCCAGCGATCC",8
"GTTAAGCCATGAACCT",59
"GTTAAGCCATGTCGAT",71
"GTTAAGCCATTTGCCC",7
"GTTAAGCGTAATAGCA",58
"GTTAAGCGTAGCCTCG",53
"GTTAAGCGTCCGTCAG",35
"GTTAAGCGTGATGATA",24
"GTTAAGCGTGATGTGG",8
"GTTAAGCGTGTGTGCC",77
"GTTAAGCGTTCCACTC",46
"GTTAAGCGTTGGTAAA",93
"GTTAAGCTCACAGGCC",96
"GTTAAGCTCAGAGGTG",96
"GTTAAGCTCAGTTCGA",46
"GTTAAGCTCATCTGCC",90
"GTTAAGCTCCAGGGCT",1000
"GTTAAGCTCCCATTTA",55
"GTTAAGCTCGTGGGAA",91
"GTTAAGCTCTGTCTCG",59
"GTTACAGAGAGGGCTT",58
"GTTACAGAGAGTACAT",82
"GTTACAGAGATCGGGT",55
"GTTACAGAGTAGCCGA",47
"GTTACAGAGTCCTCCT",72
"GTTACAGAGTCTCCTC",15
"GTTACAGAGTTACGGG",44
"GTTACAGCAAGCCATT",1000
"GTTACAGCAATGACCT",95
"GTTACAGCAATGTAAG",18
"GTTACAGCACGGCCAT",92
"GTTACAGCAGAAGCAC",71
"GTTACAGCATCCGCGA",57
"GTTACAGCATGGGACA",55
"GTTACAGCATTTCACT",35
"GTTACAGGTAAGAGAG",69
"GTTACAGGTACCCAAT",70
"GTTACAGGTACTTAGC",56
"GTTACAGGTCAAACTC",79
"GTTACAGGTCGCCATG",20
"GTTACAGGTCTTGATG",62
"GTTACAGGTGGCTCCA",14
"GTTACAGGTTGCGCAC",47
"GTTACAGTCAAGCCTA",83
"GTTACAGTCACCTCGT",59
"GTTACAGTCGATGAGG",1000
"GTTACAGTCGGCGCTA",10
"GTTACAGTCGTATCAG",84
"GTTACAGTCTACTTAC",81
"GTTCATTAGAAACCTA",21
"GTTCATTAGAAGGGTA",9
"GTTCATTAGAATTGTG",31
"GTTCATTAGGCCGAAT",11
"GTTCATTAGTCCAGGA",22
"GTTCATTAGTGAACAT",1000
"GTTCATTCACACGCTG",70
"GTTCATTCACTCTGTC",25
"GTTCATTCATAGGATA",1000
"GTTCATTCATATGCTG",50
"GTTCATTCATCACGTA",94
"GTTCATTCATCGGTTA",43
"GTTCATTCATTTCAGG",11
"GTTCATTGTCGGCATC",47
"GTTCATTGTTCAGGCC",22
"GTTCATTGTTCGGGCT",94
"GTTCATTGTTGCGTTA",57
"GTTCATTGTTGGAGGT",81
"GTTCATTGTTTGGCGC",70
"GTTCATTTCAACACAC",1000
"GTTCATTTCATTGCGA",13
"GTTCATTTCCCTAATT",82
"GTTCATTTCCGTCATC",60
"GTTCATTTCGCACTCT",46
"GTTCATTTCTTGTTTG",56
"GTTCGGGAGAACTCGG",2
"GTTCGGGAGAAGGCCT",47
"GTTCGGGAGAAGGGTA",37
"GTTCGGGAGAGTAATC",10
"GTTCGGGAGAGTACCG",35
"GTTCGGGAGATAGGAG",82
"GTTCGGGAGCAGACTG",43
"GTTCGGGAGCGTCAAG",21
"GTTCGGGAGGGTGTGT",70
"GTTCGGGAGTAAGTAC",69
"GTTCGGGAGTACACCT",45
"GTTCGGGAGTTACGGG",1000
"GTTCGGGCACAGCGTC",46
"GTTCGGGCAGGTCTCG",25
"GTTCGGGCAGTCAGCC",94
"GTTCGGGCATGCGCAC",57
"GTTCGGGGTAAAGGAG",47
"GTTCGGGGTACTTAGC",7
"GTTCGGGGTAGCGTGA",1000
"GTTCGGGGTAGTACCT",94
"GTTCGGGGTCGGGTCT",96
"GTTCGGGGTTACCGAT",10
"GTTCGGGGTTGTGGCC",67
"GTTCGGGTCAGAGACG",43
"GTTCGGGTCCAAAGTC",7
"GTTCGGGTCGCCTGTT",2
"GTTCTCGAGAAACCAT",31
"GTTCTCGAGAAACGCC",68
"GTTCTCGAGATGTGGC",35
"GTTCTCGAGGAGTAGA",20
"GTTCTCGAGGCTAGGT",1000
"GTTCTCGAGTACACCT",1000
"GTTCTCGAGTCAAGCG",34
"GTTCTCGAGTCACGCC",70
"GTTCTCGAGTGACTCT",23
"GTTCTCGCAACTGGCC",69
"GTTCTCGCAAGGCTCC",71
"GTTCTCGCACGGTGTC",11
"GTTCTCGCAGCCTGTG",11
"GTTCTCGCAGGAATGC",35
"GTTCTCGCAGGCTGAA",58
"GTTCTCGCAGGTGGAT",71
"GTTCTCGCAGTAAGCG",1000
"GTTCTCGCATGATCCA",1000
"GTTCTCGGTGGCGAAT",44
"GTTCTCGTCCCATTTA",1
"GTTCTCGTCGAACTGT",96
"GTTCTCGTCGGGAGTA",77
"GTTCTCGTCTACGAGT",56
"GTTCTCGTCTATCGCC",37
"GTTCTCGTCTCAAACG",46
"GTTTCTAAGAGATGAG",10
"GTTTCTAAGCGAGAAA",34
"GTTTCTAAGCTGCGAA",19
"GTTTCTAAGTACACCT",96
"GTTTCTACAAGCCATT",11
"GTTTCTACAAGCGCTC",59
"GTTTCTACAAGTTCTG",63
"GTTTCTACAATGAAAC",61
"GTTTCTACAATTCCTT",59
"GTTTCTACACCGTTGG",1000
"GTTTCTACACGCGAAA",96
"GTTTCTACAGCGTTCG",2
"GTTTCTACAGGAACGT",56
"GTTTCTACAGTGGAGT",55
"GTTTCTACATGGGACA",64
"GTTTCTAGTAGCTAAA",1000
"GTTTCTAGTATATCCG",26
"GTTTCTAGTCATGCCG",94
"GTTTCTAGTCCGAATT",75
"GTTTCTAGTCTAGTCA",1000
"GTTTCTAGTTATGTGC",31
"GTTTCTATCAACCATG",23
"GTTTCTATCACCGGGT",1000
"GTTTCTATCAGCTGGC",95
"GTTTCTATCATGTGGT",37
"GTTTCTATCCACTGGG",56
"GTTTCTATCCGAAGAG",82
"GTTTCTATCCGAATGT",47
"GTTTCTATCCGCATAA",1000
"GTTTCTATCCTGCCAT",84
"GTTTCTATCTCCAACC",76
"GTTTCTATCTGCTTGC",58
"GTTTCTATCTGTCCGT",46
"GTTTCTATCTTGTATC",59
"TAAACCGAGAAGGGTA",59
"TAAACCGAGACGCAAC",84
"TAAACCGAGCGATCCC",56
"TAAACCGAGCGATTCT",15
"TAAACCGAGCGTTGCC",34
"TAAACCGAGCTTTGGT",1000
"TAAACCGAGGCTCAGA",31
"TAAACCGCACGAAAGC",23
"TAAACCGCAGATGAGC",26
"TAAACCGCAGGGTTAG",68
"TAAACCGCAGTTAACC",72
"TAAACCGCATTTCACT",63
"TAAACCGGTACGACCC",34
"TAAACCGGTAGCGCTC",71
"TAAACCGGTCTCGTTC",5
"TAAACCGGTGAGTGAC",1000
"TAAACCGGTGTTTGTG",1000
"TAAACCGGTTATCACG",7
"TAAACCGGTTCCATGA",11
"TAAACCGGTTTGTGTG",23
"TAAACCGTCAACCATG",96
"TAAACCGTCATCGGAT",96
"TAAACCGTCATCTGTT",47
"TAAACCGTCCTCAATT",5
"TAAACCGTCGGTGTCG",47
"TAAACCGTCGTCCGTT",94
"TAAACCGTCGTTACGA",94
"TAAACCGTCGTTGCCT",68
"TAAACCGTCTTCTGGC",70
"TAAGAGAAGCAATATG",95
"TAAGAGAAGCCACGTC",43
"TAAGAGAAGCCAGTTT",75
"TAAGAGAAGCCGATTT",34
"TAAGAGAAGGACCACA",8
"TAAGAGAAGGGTCTCC",75
"TAAGAGAAGTAGATGT",8
"TAAGAGAAGTCATGCT",25
"TAAGAGAAGTGAACGC",58
"TAAGAGAAGTGCCAGA",84
"TAAGAGACAAAGCGGT",17
"TAAGAGACACTTCTGC",70
"TAAGAGAGTAAAGGAG",92
"TAAGAGAGTAAAGTCA",1000
"TAAGAGAGTAATCACC",95
"TAAGAGAGTACCATCA",68
"TAAGAGAGTGATAAGT",24
"TAAGAGATCAAACAAG",1000
"TAAGAGATCAGAGACG",79
"TAAGAGATCATACGGT",47
"TAAGAGATCCCTCAGT",48
"TAAGAGATCCGTAGTA",55
"TAAGAGATCCTATGTT",37
"TAAGAGATCGTTACGA",72
"TAAGAGATCGTTGACA",23
"TAAGAGATCTGGTGTA",59
"TAAGCGTAGACAAGCC",46
"TAAGCGTAGACCGGAT",22
"TAAGCGTAGAGAGCTC",10
"TAAGCGTAGCAAATCA",1000
"TAAGCGTAGCCGATTT",68
"TAAGCGTAGCTGAAAT",10
"TAAGCGTAGCTGCCCA",59
"TAAGCGTAGGCGACAT",59
"TAAGCGTAGTCATCCA",44
"TAAGCGTAGTCCATAC",55
"TAAGCGTAGTGGTAGC",1000
"TAAGCGTAGTGTACGG",10
"TAAGCGTCAAAGGTGC",1000
"TAAGCGTCAATGCCAT",71
"TAAGCGTCACCCATGG",37
"TAAGCGTCACTTAAGC",23
"TAAGCGTGTAACGACG",1000
"TAAGCGTGTAGTGAAT",28
"TAAGCGTGTCCCTACT",81
"TAAGCGTGTGAGCGAT",23
"TAAGCGTTCACAAACC",84
"TAAGCGTTCACCGGGT",22
"TAAGCGTTCACGACTA",59
"TAAGCGTTCATAACCG",25
"TAAGCGTTCCACGAAT",82
"TAAGCGTTCCGAACGC",82
"TAAGCGTTCCGCGTTT",65
"TAAGCGTTCCGTAGTA",82
"TAAGCGTTCCTACAGA",25
"TAAGCGTTCGAGGTAG",59
"TAAGCGTTCGCCAAAT",71
"TAAGCGTTCGGTGTCG",22
"TAAGCGTTCTGAGGGA",33
"TAAGCGTTCTGAGTGT",1000
"TAAGTGCAGCTAGTCT",1000
"TAAGTGCAGGAGTACC",66
"TAAGTGCAGTCGTACT",15
"TAAGTGCAGTTATCGC",84
"TAAGTGCCAACACCTA",82
"TAAGTGCCAAGCCCAC",86
"TAAGTGCCACATTAGC",10
"TAAGTGCCACGCCAGT",52
"TAAGTGCCAGCTGTAT",1000
"TAAGTGCCATAGGATA",1000
"TAAGTGCCATCCTTGC",37
"TAAGTGCCATGAAGTA",80
"TAAGTGCGTACAGTTC",58
"TAAGTGCGTGCGCTTG",1000
"TAAGTGCGTGCTGTAT",1
"TAAGTGCGTGCTTCTC",34
"TAAGTGCGTGGTAACG",23
"TAAGTGCGTGTTAAGA",1000
"TAAGTGCTCCTCAACC",11
"TAAGTGCTCGTGTAGT",59
"TAAGTGCTCTAGCACA",10
"TACACGAAGCCAGTTT",84
"TACACGAAGGAGTAGA",1000
"TACACGAAGGCTCATT",23
"TACACGAAGGGCTCTC",57
"TACACGAAGGTTACCT",17
"TACACGAAGTGAACGC",46
"TACACGACAACACCTA",55
"TACACGACAACTTGAC",70
"TACACGACACCAGCAC",43
"TACACGACAGCCACCA",37
"TACACGACAGTGGAGT",8
"TACACGACATCACGTA",44
"TACACGAGTACAAGTA",43
"TACACGAGTACCGAGA",11
"TACACGAGTAGCTCCG",58
"TACACGAGTATCAGTC",18
"TACACGAGTATTACCG",1000
"TACACGAGTCGACTAT",56
"TACACGAGTCTAGGTT",72
"TACACGAGTGACGCCT",96
"TACACGAGTGCGAAAC",10
"TACACGAGTTCTCATT",58
"TACACGATCAATAAGG",21
"TACACGATCACTATTC",11
"TACACGATCAGAGCTT",37
"TACACGATCAGCATGT",92
"TACACGATCAGTTCGA",83
"TACACGATCATCATTC",77
"TACACGATCATTGCGA",72
"TACACGATCCAAGCCG",1000
"TACACGATCCCAAGAT",69
"TACACGATCCGTAGGC",70
"TACACGATCGACGGAA",41
"TACACGATCGTCTGAA",25
"TACACGATCTATCGCC",23
"TACACGATCTTGAGAC",43
"TACAGTGAGCGCCTCA",14
"TACAGTGAGGACCACA",34
"TACAGTGAGGAGTACC",44
"TACAGTGAGGCAAAGA",95
"TACAGTGAGGCTAGGT",84
"TACAGTGAGGTGCTTT",95
"TACAGTGAGTCCAGGA",71
"TACAGTGCAAACCCAT",70
"TACAGTGCAAGTTGTC",71
"TACAGTGCAATGAAAC",21
"TACAGTGCACGGATAG",91
"TACAGTGCACGGTTTA",83
"TACAGTGCACGTCTCT",23
"TACAGTGCACTACAGT",35
"TACAGTGCAGGTCTCG",89
"TACAGTGCAGTCAGCC",11
"TACAGTGCATGGAATA",13
"TACAGTGCATGGGAAC",70
"TACAGTGGTAAACGCG",70
"TACAGTGGTAGGGTAC",25
"TACAGTGGTCGGCTCA",15
"TACAGTGGTGTGGTTT",45
"TACAGTGTCAATACCG",91
"TACAGTGTCAGAGACG",32
"TACAGTGTCATAGCAC",61
"TACAGTGTCCAACCAA",35
"TACAGTGTCCACGTTC",47
"TACAGTGTCCTTCAAT",96
"TACAGTGTCGTTTAGG",1000
"TACAGTGTCTCGCATC",57
"TACAGTGTCTCGGACG",55
"TACAGTGTCTGAGTGT",11
"TACCTATAGAACAACT",93
"TACCTATAGAGCTTCT",70
"TACCTATAGATAGCAT",71
"TACCTATAGCCAGTTT",8
"TACCTATAGCGCCTTG",34
"TACCTATAGGATGGTC",43
"TACCTATAGTACGATA",4
"TACCTATAGTCGAGTG",47
"TACCTATCAAACTGTC",1000
"TACCTATCAATACGCT",48
"TACCTATCAATGAATG",70
"TACCTATCACAGGCCT",11
"TACCTATCACATCTTT",94
"TACCTATCACGTTGGC",1000
"TACCTATCAGATGGGT",68
"TACCTATCAGGTCGTC",60
"TACCTATCATTCGACA",80
"TACCTATGTAAACCTC",1000
"TACCTATGTACCAGTT",62
"TACCTATGTCTCCCTA",47
"TACCTATTCATCATTC",71
"TACCTATTCATCGGAT",11
"TACCTATTCCCAAGAT",1000
"TACCTATTCCGATATG",45
"TACCTATTCCGTAGTA",1000
"TACCTATTCCTTGCCA",11
"TACCTATTCGCAAACT",57
"TACCTATTCGGCATCG",36
"TACCTATTCTGTCAAG",1
"TACCTATTCTTTACGT",44
"TACCTTAAGACAGACC",29
"TACCTTAAGACTCGGA",46
"TACCTTAAGAGACTTA",94
"TACCTTAAGCACGCCT",66
"TACCTTAAGCTGCAAG",46
"TACCTTAAGGTAAACT",59
"TACCTTAAGGTTCCTA",95
"TACCTTAAGTTGCAGG",58
"TACCTTACAAATCCGT",35
"TACCTTACAATCCAAC",10
"TACCTTACAATTCCTT",11
"TACCTTACACTGCCAG",37
"TACCTTACAGGAACGT",46
"TACCTTACATGTTGAC",91
"TACCTTAGTATATGGA",91
"TACCTTAGTCATCGGC",1000
"TACCTTAGTCTAACGT",38
"TACCTTATCACCTCGT",1000
"TACCTTATCACTTACT",22
"TACCTTATCAGATAAG",70
"TACCTTATCAGGTAAA",4
"TACCTTATCAGTTCGA",35
"TACCTTATCAGTTTGG",58
"TACCTTATCCAACCAA",34
"TACCTTATCCACGTTC",35
"TACCTTATCCATGAAC",83
"TACCTTATCGAATGCT",47
"TACCTTATCTATGTGG",61
"TACGGATAGATGCGAC",59
"TACGGATAGCATGGCA",67
"TACGGATAGCCACGTC",11
"TACGGATAGCCTTGAT",94
"TACGGATAGCTAGTCT",47
"TACGGATAGCTTTGGT",1000
"TACGGATAGTGACTCT",70
"TACGGATAGTGGGCTA",47
"TACGGATAGTGTCTCA",59
"TACGGATCACAACTGT",80
"TACGGATCACAGGTTT",47
"TACGGATCACATGACT",54
"TACGGATCACCTTGTC",10
"TACGGATCAGACAGGT",71
"TACGGATCAGACGTAG",1000
"TACGGATCAGATCTGT",71
"TACGGATCAGCTGTGC",58
"TACGGATCAGTAACGG",95
"TACGGATGTAAGTGGC",35
"TACGGATGTCGCTTTC",92
"TACGGATGTCTAGGTT",11
"TACGGATGTGAAATCA",96
"TACGGATGTGATGCCC",1000
"TACGGATGTGCGATAG",1000
"TACGGATGTGTCAATC",14
"TACGGATGTTGGACCC",71
"TACGGATTCAACGCTA",58
"TACGGATTCATAAAGG",8
"TACGGATTCGGAATCT",53
"TACGGATTCTCCAGGG",47
"TACGGGCAGACAAAGG",57
"TACGGGCAGACTACAA",58
"TACGGGCAGAGCTGGT",82
"TACGGGCAGATGCGAC",34
"TACGGGCAGCCAGGAT",57
"TACGGGCAGCCTCGTG",67
"TACGGGCAGCGATAGC",53
"TACGGGCAGCTACCGC",1000
"TACGGGCAGGGCTCTC",23
"TACGGGCAGTCCAGGA",58
"TACGGGCAGTCCTCCT",11
"TACGGGCCAATCTACG",10
"TACGGGCCACGAGAGT",47
"TACGGGCCACTTGGAT",61
"TACGGGCCAGATCGGA",84
"TACGGGCCAGCTATTG",37
"TACGGGCCAGCTCGAC",4
"TACGGGCCATGCCACG",5
"TACGGGCCATGCCTTC",1000
"TACGGGCCATTCCTGC",1000
"TACGGGCCATTTCACT",77
"TACGGGCGTACCGAGA",13
"TACGGGCGTAGCTAAA",1000
"TACGGGCGTAGTACCT",53
"TACGGGCGTATTAGCC",83
"TACGGGCGTCCCTACT",41
"TACGGGCGTCGACTGC",7
"TACGGGCGTCGTCTTC",20
"TACGGGCGTCTAGCCG",68
"TACGGGCGTGAAGGCT",1000
"TACGGGCGTGACGGTA",82
"TACGGGCGTGACTACT",43
"TACGGGCGTGCGATAG",47
"TACGGGCGTTCCAACA",47
"TACGGGCGTTCCACTC",10
"TACGGGCTCAAGCCTA",79
"TACGGGCTCACTTACT",22
"TACGGGCTCAGTCAGT",25
"TACGGGCTCCCGGATG",93
"TACGGGCTCCTTGGTC",17
"TACGGGCTCGATGAGG",64
"TACGGGCTCGCCTGTT",70
"TACGGGCTCTAACTCT",11
"TACGGGCTCTCTTATG",1000
"TACGGGCTCTGACCTC",96
"TACGGTAAGAGTAAGG",4
"TACGGTAAGAGTACCG",22
"TACGGTAAGATTACCC",22
"TACGGTAAGCCGCCTA",18
"TACGGTAAGCTGAACG",96
"TACGGTAAGCTTATCG",1000
"TACGGTAAGGAATCGC",36
"TACGGTAAGGTCATCT",58
"TACGGTAAGGTGTTAA",95
"TACGGTACAAACCTAC",21
"TACGGTACAAAGTGCG",58
"TACGGTACACCTGGTG",46
"TACGGTACACGCCAGT",81
"TACGGTACAGCATACT",44
"TACGGTACAGTCGTGC",70
"TACGGTACATGTAGTC",26
"TACGGTAGTAAGTGTA",83
"TACGGTAGTAGCGTAG",51
"TACGGTAGTGAGCGAT",46
"TACGGTAGTGCTAGCC",84
"TACGGTAGTGGGTCAA",74
"TACGGTATCACGCGGT",82
"TACGGTATCAGCTCTC",1000
"TACGGTATCCGATATG",44
"TACGGTATCCGTAGTA",1000
"TACGGTATCCTGTACC",13
"TACGGTATCTAACCGA",23
"TACGGTATCTAACTTC",1
"TACGGTATCTTTCCTC",58
"TACTCATAGACGCTTT",59
"TACTCATAGAGACGAA",58
"TACTCATAGGCAGTCA",70
"TACTCATAGTACGACG",35
"TACTCATAGTGTACCT",44
"TACTCATAGTTATCGC",78
"TACTCATCAACTTGAC",59
"TACTCATCAAGTCTGT",1000
"TACTCATCAATGGTCT",47
"TACTCATCAGCATACT",58
"TACTCATCATGGTTGT",80
"TACTCATGTCGCATAT",68
"TACTCATGTCGTTGTA",60
"TACTCATGTGCCTTGG",96
"TACTCATGTGCGAAAC",22
"TACTCATGTTTGACTG",68
"TACTCATTCAAACCAC",49
"TACTCATTCAACGGGA",58
"TACTCATTCACATGCA",47
"TACTCATTCACTCTTA",1000
"TACTCATTCAGCTTAG",11
"TACTCATTCAGTGCAT",13
"TACTCATTCCATGAGT",34
"TACTCATTCCCTAATT",11
"TACTCATTCCGTAGTA",19
"TACTCATTCGCGGATC",47
"TACTCATTCGGTCTAA",23
"TACTCATTCTACTATC",74
"TACTCATTCTCTGCTG",59
"TACTCATTCTTAGAGC",10
"TACTCATTCTTATCTG",70
"TACTCATTCTTGAGGT",55
"TACTCGCAGAACTCGG",22
"TACTCGCAGAGCCTAG",1000
"TACTCGCAGATGCGAC",35
"TACTCGCAGCCAGTTT",53
"TACTCGCAGGATGGAA",44
"TACTCGCAGGTGTGGT",79
"TACTCGCAGTCGTACT",5
"TACTCGCAGTTTAGGA",7
"TACTCGCCAAGCTGGA",95
"TACTCGCCACCTGGTG",1000
"TACTCGCCAGTATGCT",70
"TACTCGCCATGTCTCC",1000
"TACTCGCGTAGCGTCC",1000
"TACTCGCGTCATGCCG",94
"TACTCGCGTCCATCCT",83
"TACTCGCGTGACAAAT",23
"TACTCGCGTGTCAATC",22
"TACTCGCGTGTTCTTT",81
"TACTCGCTCAGCTTAG",76
"TACTCGCTCATTCACT",72
"TACTCGCTCCACGACG",58
"TACTCGCTCCCGACTT",1000
"TACTCGCTCCTGCCAT",72
"TACTCGCTCCTTTCGG",11
"TACTCGCTCGCCCTTA",37
"TACTCGCTCTCGTTTA",67
"TACTTACAGACAAGCC",1000
"TACTTACAGCAGCGTA",92
"TACTTACAGCCAGTAG",47
"TACTTACAGGAATTAC",1000
"TACTTACAGGAGTCTG",8
"TACTTACAGTAAGTAC",5
"TACTTACAGTGGGTTG",89
"TACTTACCAACTGCGC",55
"TACTTACCAAGTCATC",34
"TACTTACCACACAGAG",56
"TACTTACCACTCGACG",1000
"TACTTACCAGACGCCT",4
"TACTTACCATGCTGGC",34
"TACTTACCATTGGTAC",62
"TACTTACGTAAGAGGA",32
"TACTTACGTACCCAAT",11
"TACTTACGTACTTAGC",1000
"TACTTACGTAGAAGGA",86
"TACTTACGTCGAACAG",83
"TACTTACGTCTCACCT",58
"TACTTACGTCTCCATC",61
"TACTTACGTCTGCGGT",82
"TACTTACGTGTAACGG",93
"TACTTACGTGTCTGAT",65
"TACTTACGTTATGTGC",1000
"TACTTACGTTGACGTT",29
"TACTTACGTTGATTGC",34
"TACTTACGTTGCGCAC",49
"TACTTACGTTGTACAC",70
"TACTTACTCACTCTTA",94
"TACTTACTCATCGATG",53
"TACTTACTCATGGTCA",23
"TACTTACTCCCAAGAT",59
"TACTTACTCCCTAACC",22
"TACTTACTCGGCTTGG",31
"TACTTACTCGTAGATC",19
"TACTTACTCTCACATT",40
"TACTTACTCTCTAGGA",7
"TACTTACTCTGTCAAG",94
"TACTTGTAGAAGATTC",69
"TACTTGTAGACAATAC",77
"TACTTGTAGATCCTGT",22
"TACTTGTAGATGGGTC",22
"TACTTGTAGCCGTCGT",11
"TACTTGTAGCCTCGTG",1000
"TACTTGTAGCTTATCG",60
"TACTTGTAGGAACTGC",1000
"TACTTGTAGGCATTGG",46
"TACTTGTAGGGCTTGA",94
"TACTTGTAGTGGGATC",59
"TACTTGTCAATAGAGT",58
"TACTTGTCATGGGACA",36
"TACTTGTGTAAGGATT",47
"TACTTGTGTACGCTGC",23
"TACTTGTGTCAAGCGA",96
"TACTTGTGTCAATACC",58
"TACTTGTGTCCAGTGC",73
"TACTTGTGTCTCTCTG",70
"TACTTGTGTCTGGTCG",44
"TACTTGTGTGCAACTT",58
"TACTTGTGTGGCGAAT",94
"TACTTGTGTTACGGAG",95
"TACTTGTGTTCACCTC",32
"TACTTGTTCGAACTGT",11
"TACTTGTTCGCCTGTT",64
"TACTTGTTCGGGAGTA",84
"TACTTGTTCGTTTATC",57
"TACTTGTTCTTGTCAT",68
"TAGACCAAGACACTAA",72
"TAGACCAAGACTAGAT",14
"TAGACCAAGCTCCTTC",35
"TAGACCAAGGGATGGG",56
"TAGACCAAGTGAACGC",66
"TAGACCAAGTGAAGAG",21
"TAGACCAAGTGATCGG",37
"TAGACCACAACAACCT",95
"TAGACCACAAGTCATC",23
"TAGACCACAATTGCTG",1000
"TAGACCACACAGGAGT",72
"TAGACCACACCAACCG",71
"TAGACCACAGACGCTC",83
"TAGACCACATCCTAGA",62
"TAGACCACATGTAGTC",58
"TAGACCAGTAAGAGGA",56
"TAGACCAGTAAGCACG",76
"TAGACCAGTACTCAAC",78
"TAGACCAGTACTTGAC",22
"TAGACCAGTCATATGC",93
"TAGACCAGTCTAGAGG",58
"TAGACCAGTCTCCATC",7
"TAGACCAGTGCACCAC",91
"TAGACCAGTTTCCACC",82
"TAGACCATCAACGCTA",23
"TAGACCATCAATCTCT",58
"TAGACCATCACTTACT",58
"TAGACCATCCACGAAT",47
"TAGACCATCCATTCTA",58
"TAGACCATCTGTTGAG",1000
"TAGAGCTAGACAGGCT",94
"TAGAGCTAGACTTGAA",71
"TAGAGCTAGCAATCTC",49
"TAGAGCTAGCAGCCTC",95
"TAGAGCTAGCCGTCGT",61
"TAGAGCTAGCTAGGCA",9
"TAGAGCTAGTGGCACA",46
"TAGAGCTAGTTGCAGG",11
"TAGAGCTCACAACGTT",32
"TAGAGCTCACATAACC",81
"TAGAGCTCACTTAACG",1000
"TAGAGCTCAGCCTGTG",47
"TAGAGCTCAGTGGAGT",2
"TAGAGCTGTAACGACG",23
"TAGAGCTGTAAGTGGC",55
"TAGAGCTGTCAAACTC",47
"TAGAGCTGTCTAGAGG",24
"TAGAGCTGTGATGATA",94
"TAGAGCTGTGATGTCT",58
"TAGAGCTGTGGCTCCA",82
"TAGAGCTGTGTCAATC",32
"TAGAGCTGTTAAGATG",94
"TAGAGCTTCAGTACGT",55
"TAGAGCTTCATATCGG",55
"TAGAGCTTCCAACCAA",91
"TAGAGCTTCCAAGTAC",1000
"TAGAGCTTCCGTTGCT",2
"TAGAGCTTCTCCAACC",35
"TAGCCGGAGAAGGGTA",36
"TAGCCGGAGAGCTGGT",43
"TAGCCGGAGCCCTAAT",94
"TAGCCGGAGCTGCCCA",59
"TAGCCGGAGGGAACGG",82
"TAGCCGGAGGGTCGAT",23
"TAGCCGGAGTCAATAG",77
"TAGCCGGAGTCATGCT",47
"TAGCCGGAGTGGGCTA",83
"TAGCCGGCAATGGTCT",64
"TAGCCGGCACAGCGTC",58
"TAGCCGGCACGAAATA",91
"TAGCCGGCAGAAGCAC",59
"TAGCCGGCATCGGAAG",72
"TAGCCGGGTAAAGTCA",67
"TAGCCGGGTCAGCTAT",1000
"TAGCCGGGTGACGCCT",61
"TAGCCGGGTGAGGCTA",22
"TAGCCGGGTGAGTATA",59
"TAGCCGGTCAACCATG",76
"TAGCCGGTCACCTTAT",70
"TAGCCGGTCATGCAAC",82
"TAGCCGGTCATTCACT",22
"TAGCCGGTCCATTCTA",1000
"TAGCCGGTCCGAAGAG",79
"TAGCCGGTCCTCAACC",73
"TAGCCGGTCGATGAGG",70
"TAGCCGGTCGGCGCTA",1000
"TAGCCGGTCTACCAGA",24
"TAGGCATAGAAGGACA",1000
"TAGGCATAGAATGTTG",10
"TAGGCATAGACAAGCC",8
"TAGGCATAGAGGGCTT",72
"TAGGCATAGATAGCAT",42
"TAGGCATAGATAGTCA",1000
"TAGGCATAGATGGCGT",23
"TAGGCATAGCACGCCT",85
"TAGGCATAGCCGGTAA",10
"TAGGCATAGCGCCTCA",20
"TAGGCATAGGAGTTTA",11
"TAGGCATAGGCGTACA",94
"TAGGCATAGTACGCGA",47
"TAGGCATAGTTACCCA",69
"TAGGCATCAAGCCGCT",24
"TAGGCATCAATGAAAC",26
"TAGGCATCACCAGATT",10
"TAGGCATCACCGGAAA",82
"TAGGCATCAGGCAGTA",0
"TAGGCATCATGCTGGC",59
"TAGGCATCATGTCCTC",78
"TAGGCATCATGTTCCC",47
"TAGGCATCATTACCTT",94
"TAGGCATCATTCCTCG",34
"TAGGCATGTACAGTGG",34
"TAGGCATGTACTTGAC",82
"TAGGCATGTAGCGCTC",89
"TAGGCATGTCACACGC",36
"TAGGCATGTCCGACGT",37
"TAGGCATGTCTACCTC",63
"TAGGCATGTGCTAGCC",31
"TAGGCATGTGCTCTTC",59
"TAGGCATGTGTCGCTG",1000
"TAGGCATGTTAGATGA",1000
"TAGGCATTCAGAGCTT",10
"TAGGCATTCCGATATG",1000
"TAGGCATTCCGTAGGC",47
"TAGGCATTCTACCAGA",84
"TAGGCATTCTCCAGGG",53
"TAGGCATTCTCCTATA",93
"TAGGCATTCTCTGTCG",23
"TAGGCATTCTGCGGCA",23
"TAGGCATTCTGCGTAA",1000
"TAGTGGTAGCACCGCT",67
"TAGTGGTAGCAGCGTA",22
"TAGTGGTAGGACAGAA",31
"TAGTGGTAGGAGCGTT",27
"TAGTGGTAGGGTCGAT",62
"TAGTGGTAGGTGCTAG",84
"TAGTGGTCAGGTGCCT",46
"TAGTGGTCAGTCTTCC",72
"TAGTGGTGTACCGGCT",10
"TAGTGGTGTAGCCTCG",70
"TAGTGGTGTCAAACTC",1000
"TAGTGGTGTCAGAAGC",25
"TAGTGGTGTGTGAATA",23
"TAGTGGTGTTGGTAAA",35
"TAGTGGTTCACAATGC",10
"TAGTGGTTCAGGCCCA",43
"TAGTGGTTCCGTAGGC",62
"TAGTGGTTCCGTAGTA",58
"TAGTGGTTCCGTCAAA",34
"TAGTGGTTCCGTTGTC",1000
"TAGTGGTTCCTATGTT",46
"TAGTGGTTCTACTATC",43
"TAGTGGTTCTGTCTCG",67
"TAGTTGGAGATGTAAC",70
"TAGTTGGAGCTGTTCA",70
"TAGTTGGAGGTGCAAC",82
"TAGTTGGAGTACGCCC",79
"TAGTTGGAGTAGTGCG",41
"TAGTTGGAGTGACATA",60
"TAGTTGGAGTGTCTCA",1000
"TAGTTGGCAACTGCTA",47
"TAGTTGGCAAGAAAGG",95
"TAGTTGGCAAGCTGAG",67
"TAGTTGGCAAGTTCTG",11
"TAGTTGGCAATAAGCA",56
"TAGTTGGCACACGCTG",22
"TAGTTGGCACCAGGCT",23
"TAGTTGGCACGAAAGC",13
"TAGTTGGCACTTCTGC",58
"TAGTTGGCAGGATCGA",84
"TAGTTGGCATATGGTC",94
"TAGTTGGCATGAAGTA",71
"TAGTTGGCATTGCGGC",73
"TAGTTGGGTCAGAGGT",46
"TAGTTGGGTCCAACTA",23
"TAGTTGGGTCGCCATG",22
"TAGTTGGGTCGGGTCT",82
"TAGTTGGGTCTACCTC",81
"TAGTTGGGTGAGGGTT",83
"TAGTTGGGTGCTTCTC",60
"TAGTTGGGTGTGAATA",96
"TAGTTGGGTGTTTGGT",25
"TAGTTGGGTTACAGAA",84
"TAGTTGGGTTCTCATT",1000
"TAGTTGGGTTGTTTGG",24
"TAGTTGGTCAATACCG",95
"TAGTTGGTCACGATGT",2
"TAGTTGGTCACTTCAT",56
"TAGTTGGTCAGTTTGG",46
"TAGTTGGTCATGTCTT",71
"TAGTTGGTCCAATGGT",68
"TAGTTGGTCCACTGGG",46
"TAGTTGGTCCCTTGTG",30
"TAGTTGGTCCGATATG",78
"TAGTTGGTCCGCTGTT",34
"TAGTTGGTCGAGGTAG",1000
"TAGTTGGTCGGTTCGG",61
"TAGTTGGTCTAAGCCA",19
"TAGTTGGTCTGAAAGA",11
"TAGTTGGTCTTATCTG",77
"TAGTTGGTCTTGCCGT",34
"TATCAGGAGAACTCGG",59
"TATCAGGAGAGTAATC",83
"TATCAGGAGATGGGTC",96
"TATCAGGAGGGTGTTG",1000
"TATCAGGCAAGGTTCT",7
"TATCAGGCAATCCAAC",62
"TATCAGGCAATGTTGC",35
"TATCAGGCACCAACCG",74
"TATCAGGCAGACAAGC",33
"TATCAGGCAGCTGGCT",68
"TATCAGGCAGGCTGAA",10
"TATCAGGCAGGGAGAG",1000
"TATCAGGCATCCCATC",83
"TATCAGGGTGAGGGTT",95
"TATCAGGGTGGAAAGA",53
"TATCAGGGTGGGTCAA",4
"TATCAGGGTGTTAAGA",96
"TATCAGGGTTATGTGC",92
"TATCAGGGTTCACCTC",24
"TATCAGGTCCTTTCTC",48
"TATCAGGTCGCGCCAA",58
"TATCAGGTCGCTTAGA",2
"TATCAGGTCGGAGGTA",8
"TATCAGGTCGTAGATC",63
"TATCAGGTCTGCAGTA",64
"TATCAGGTCTGGCGAC",47
"TATCTCAAGCTAAGAT",11
"TATCTCAAGTCATCCA",85
"TATCTCAAGTTACGGG",35
"TATCTCACAAGTCTAC",70
"TATCTCACAATCCAAC",94
"TATCTCACACACCGCA",26
"TATCTCACACCCATTC",34
"TATCTCACACGGTAGA",60
"TATCTCACACTCAGGC",32
"TATCTCACAGCAGTTT",9
"TATCTCACATCGGAAG",44
"TATCTCACATGGTAGG",34
"TATCTCAGTGGGTCAA",23
"TATCTCAGTTCACGGC",1000
"TATCTCAGTTTGTGTG",1000
"TATCTCATCAATACCG",1000
"TATCTCATCAGGCCCA",1000
"TATCTCATCAGTACGT",52
"TATCTCATCATTGCCC",1000
"TATCTCATCCGTCATC",94
"TATCTCATCGCAAGCC",70
"TATCTCATCTGTCTCG",35
"TATGCCCAGAATTGTG",69
"TATGCCCAGACGCACA",59
"TATGCCCAGACTTGAA",22
"TATGCCCAGCCACGCT",34
"TATGCCCAGCCACGTC",1000
"TATGCCCAGGAACTGC",94
"TATGCCCAGGCGATAC",10
"TATGCCCAGTATCTCG",91
"TATGCCCCAAACGTGG",23
"TATGCCCCACGGTAAG",1000
"TATGCCCCAGCGAACA",1000
"TATGCCCCAGGGTTAG",84
"TATGCCCCATCACCCT",58
"TATGCCCGTACAAGTA",1000
"TATGCCCGTCAAGCGA",1000
"TATGCCCGTGTTAAGA",36
"TATGCCCGTTAAGATG",11
"TATGCCCGTTCAGACT",33
"TATGCCCTCAGGCGAA",22
"TATGCCCTCCTAGGGC",43
"TATGCCCTCGTGGTCG",71
"TATGCCCTCTAACTGG",84
"TATGCCCTCTTTCCTC",11
"TATTACCAGATTACCC",37
"TATTACCAGCTAAACA",25
"TATTACCAGGAGCGTT",1000
"TATTACCAGGGCTTGA",35
"TATTACCAGTACGTTC",37
"TATTACCCAAGGTTTC",71
"TATTACCCAATGCCAT",1000
"TATTACCCACAGGTTT",22
"TATTACCCAGGGTATG",11
"TATTACCGTAAATGAC",59
"TATTACCGTACCATCA",56
"TATTACCGTAGCACGA",10
"TATTACCGTAGCTGCC",35
"TATTACCGTAGGCATG",1000
"TATTACCGTAGTACCT",35
"TATTACCGTCATACTG",34
"TATTACCGTGACGGTA",1000
"TATTACCGTGCTCTTC",34
"TATTACCGTGGTGTAG",71
"TATTACCGTTTGGGCC",47
"TATTACCTCACAGTAC",58
"TATTACCTCAGCTGGC",74
"TATTACCTCAGTTAGC",83
"TATTACCTCCCATTAT",44
"TATTACCTCCGTCAAA",46
"TATTACCTCCTGCTTG",11
"TATTACCTCGAGCCCA",5
"TATTACCTCTCGTATT",1000
"TATTACCTCTTGACGA",11
"TCAACGAAGAGTTGGC",58
"TCAACGAAGCGGATCA",56
"TCAACGAAGGACAGCT",34
"TCAACGAAGGTCGGAT",13
"TCAACGACAAGAGTCG",2
"TCAACGACAGTAAGAT",70
"TCAACGACATAGGATA",8
"TCAACGAGTAAGAGGA",45
"TCAACGAGTAAGTTCC",79
"TCAACGAGTAATCGTC",95
"TCAACGAGTATCAGTC",57
"TCAACGAGTCGAAAGC",91
"TCAACGAGTGCTAGCC",35
"TCAACGAGTGTATGGG",59
"TCAACGAGTTCCATGA",69
"TCAACGAGTTCGTCTC",96
"TCAACGATCAAACCGT",23
"TCAACGATCATACGGT",66
"TCAACGATCCTTGACC",22
"TCAACGATCTTTAGTC",94
"TCAATCTAGAACAATC",70
"TCAATCTAGAGTCGGT",84
"TCAATCTAGATGAGAG",61
"TCAATCTAGTTGTAGA",46
"TCAATCTCAAAGGTGC",47
"TCAATCTCACGGATAG",25
"TCAATCTCACTTAAGC",61
"TCAATCTCATGCCTTC",70
"TCAATCTCATTGGCGC",13
"TCAATCTGTACCAGTT",74
"TCAATCTGTAGCACGA",96
"TCAATCTGTCAGTGGA",11
"TCAATCTGTCATATGC",95
"TCAATCTGTCTCTCTG",36
"TCAATCTGTGGTGTAG",70
"TCAATCTGTTACTGAC",83
"TCAATCTGTTCGTCTC",95
"TCAATCTGTTGGTGGA",82
"TCAATCTTCACAGGCC",39
"TCAATCTTCACCTTAT",1000
"TCAATCTTCAGGATCT",1000
"TCAATCTTCATACGGT",91
"TCAATCTTCGACCAGC",46
"TCAATCTTCGAGAGCA",70
"TCAATCTTCGGCGCTA",60
"TCAATCTTCGTTTAGG",85
"TCAATCTTCTCATTCA",1000
"TCAATCTTCTTGGGTA",1000
"TCAATCTTCTTTACGT",1000
"TCACAAGAGAACTCGG",22
"TCACAAGAGCGATATA",68
"TCACAAGAGCGTTGCC",47
"TCACAAGAGCTGATAA",22
"TCACAAGAGCTGTTCA",66
"TCACAAGAGGCCCTTG",46
"TCACAAGAGGTAAACT",1000
"TCACAAGCAAACCCAT",41
"TCACAAGCAACACCTA",1000
"TCACAAGCAAGGACTG",83
"TCACAAGCACCCTATC",48
"TCACAAGCACGAGAGT",46
"TCACAAGCATCCTTGC",8
"TCACAAGGTAAAGTCA",21
"TCACAAGGTAATCACC",34
"TCACAAGGTAGAGCTG",67
"TCACAAGGTATGGTTC",1000
"TCACAAGGTCAAAGAT",82
"TCACAAGGTCCAGTTA",1000
"TCACAAGGTCCTGCTT",76
"TCACAAGGTGGGTATG",1000
"TCACAAGGTGGTCCGT",78
"TCACAAGGTGTGCGTC",78
"TCACAAGTCAGGTAAA",1000
"TCACAAGTCATGTCCC",96
"TCACAAGTCCACTGGG",1000
"TCACAAGTCCATGAGT",37
"TCACAAGTCCGCAGTG",72
"TCACAAGTCGATGAGG",23
"TCACAAGTCGCCGTGA",11
"TCACAAGTCGGCATCG",1000
"TCACAAGTCGGTTCGG",46
"TCACAAGTCTCGGACG",95
"TCACAAGTCTCTGTCG",95
"TCACGAAAGAGCAATT",1000
"TCACGAAAGATCCGAG",10
"TCACGAAAGGCTCTTA",1000
"TCACGAAAGTAGGCCA",71
"TCACGAACAGACGCCT",94
"TCACGAACAGTAACGG",83
"TCACGAACATCCCATC",82
"TCACGAAGTAGCAAAT",32
"TCACGAAGTATTCTCT",38
"TCACGAAGTCATATGC",93
"TCACGAAGTCGCGAAA",58
"TCACGAAGTCTGCGGT",77
"TCACGAAGTGCAGGTA",86
"TCACGAAGTTCCGGCA",1000
"TCACGAAGTTGCCTCT",47
"TCACGAAGTTGTGGCC",11
"TCACGAAGTTTAGGAA",85
"TCACGAATCAATCTCT",70
"TCACGAATCCAGAGGA",63
"TCACGAATCTACTATC",58
"TCACGAATCTCCTATA",77
"TCACGAATCTCGATGA",22
"TCACGAATCTGGTTCC",46
"TCACGAATCTTCCTTC",49
"TCAGATGAGACAAGCC",58
"TCAGATGAGCGATGAC",32
"TCAGATGAGGCAATTA",72
"TCAGATGAGTATGACA",20
"TCAGATGAGTGGTCCC",35
"TCAGATGAGTTTCCTT",34
"TCAGATGCACGAGAGT",14
"TCAGATGCATCACGTA",41
"TCAGATGGTAAACGCG",84
"TCAGATGGTAGCTGCC",95
"TCAGATGGTAGTAGTA",95
"TCAGATGGTATGGTTC",71
"TCAGATGGTATTCTCT",44
"TCAGATGGTCATCCCT",39
"TCAGATGGTCCAGTAT",65
"TCAGATGGTCCAGTGC",70
"TCAGATGGTCCGTTAA",1
"TCAGATGGTCGATTGT",82
"TCAGATGGTGCAGGTA",72
"TCAGATGGTGTCTGAT",11
"TCAGATGGTTGTCGCG",1000
"TCAGATGTCAAACGGG",80
"TCAGATGTCAACTCTT",70
"TCAGATGTCAGTCCCT",22
"TCAGATGTCAGTTGAC",55
"TCAGATGTCCTTTCTC",70
"TCAGATGTCTGAGGGA",71
"TCAGCAAAGATCTGCT",93
"TCAGCAAAGCATGGCA",1000
"TCAGCAAAGCGCCTCA",58
"TCAGCAAAGGCCATAG",47
"TCAGCAAAGGCCCTCA",35
"TCAGCAAAGGTGCTTT",35
"TCAGCAAAGTGGAGTC",2
"TCAGCAAAGTGGGATC",50
"TCAGCAACAAATCCGT",83
"TCAGCAACAAGCGAGT",77
"TCAGCAACAAGGCTCC",11
"TCAGCAACAATGGATA",80
"TCAGCAACACATAACC",9
"TCAGCAACACATTAGC",34
"TCAGCAACACCGAAAG",47
"TCAGCAACATGCTGGC",82
"TCAGCAACATGTCCTC",59
"TCAGCAACATTACCTT",60
"TCAGCAAGTAGCTCCG",56
"TCAGCAAGTCACTTCC",70
"TCAGCAAGTCCTCCAT",83
"TCAGCAAGTCTAGCCG",22
"TCAGCAAGTCTGATCA",75
"TCAGCAAGTCTGCAAT",81
"TCAGCAAGTGAGGGTT",95
"TCAGCAAGTGCGGTAA",2
"TCAGCAATCACATAGC",22
"TCAGCAATCACGAAGG",7
"TCAGCAATCATGTGGT",58
"TCAGCAATCATTGCGA",57
"TCAGCAATCCTCAACC",83
"TCAGCAATCGATAGAA",37
"TCAGCAATCGGATGTT",71
"TCAGCAATCGGCGCAT",35
"TCAGCTCAGAATAGGG",46
"TCAGCTCAGACAAAGG",27
"TCAGCTCAGACAAGCC",60
"TCAGCTCAGATCGGGT",69
"TCAGCTCAGCTAACTC",34
"TCAGCTCAGCTCCCAG",57
"TCAGCTCAGGAGTTTA",25
"TCAGCTCAGGATGTAT",1000
"TCAGCTCAGGCCCTCA",93
"TCAGCTCAGGTACTCT",1000
"TCAGCTCAGGTGTGGT",92
"TCAGCTCAGTAGGCCA",58
"TCAGCTCAGTATCTCG",32
"TCAGCTCAGTCAATAG",1000
"TCAGCTCCAAAGGCGT",10
"TCAGCTCCAAGCTGTT",35
"TCAGCTCCAATCAGAA",82
"TCAGCTCCACAAGCCC",58
"TCAGCTCCAGGGTTAG",77
"TCAGCTCCAGTCGTGC",81
"TCAGCTCCATATGGTC",32
"TCAGCTCCATCCCATC",38
"TCAGCTCCATGACGGA",21
"TCAGCTCCATGTAGTC",1000
"TCAGCTCGTCTAAAGA",23
"TCAGCTCGTCTTCGTC",37
"TCAGCTCGTGGTGTAG",94
"TCAGCTCGTGTCCTCT",72
"TCAGCTCGTTCCGGCA",45
"TCAGCTCGTTGACGTT",95
"TCAGCTCGTTGTCTTT",26
"TCAGCTCGTTTGACTG",96
"TCAGCTCTCACCCGAG",23
"TCAGCTCTCCGATATG",1000
"TCAGCTCTCCGCATCT",82
"TCAGCTCTCCTTAATC",75
"TCAGCTCTCGAACGGA",9
"TCAGCTCTCTAAGCCA",82
"TCAGGATAGAACTCGG",1000
"TCAGGATAGACTACAA",32
"TCAGGATAGACTAGAT",60
"TCAGGATAGCAGACTG",77
"TCAGGATAGCCCAATT",30
"TCAGGATAGCCCGAAA",59
"TCAGGATAGGAATGGA",57
"TCAGGATAGGCAGGTT",80
"TCAGGATAGGGAAACA",1000
"TCAGGATAGGGATCTG",80
"TCAGGATAGGGTGTGT",47
"TCAGGATAGTAGCCGA",62
"TCAGGATAGTCCGTAT",68
"TCAGGATAGTGTACCT",47
"TCAGGATAGTTACCCA",34
"TCAGGATAGTTGAGAT",23
"TCAGGATCAACTTGAC",55
"TCAGGATCACGAGAGT",72
"TCAGGATCAGGCTCAC",29
"TCAGGATCAGGTTTCA",31
"TCAGGATGTAAATACG",20
"TCAGGATGTCCCGACA",96
"TCAGGATGTCCGAATT",83
"TCAGGATGTCGCTTCT",82
"TCAGGATGTCTCCATC",90
"TCAGGATGTTCAGCGC",1000
"TCAGGATTCAGGCGAA",7
"TCAGGATTCATCATTC",20
"TCAGGATTCCGCATAA",82
"TCAGGATTCGCCCTTA",1000
"TCAGGATTCTCTTATG",72
"TCAGGATTCTGAAAGA",70
"TCAGGATTCTTCGAGA",25
"TCAGGTAAGATGTGTA",77
"TCAGGTAAGGCTAGGT",70
"TCAGGTAAGGTGTTAA",1000
"TCAGGTAAGTCACGCC",14
"TCAGGTAAGTGACATA",95
"TCAGGTAAGTGGTCCC",1
"TCAGGTAAGTGTACTC",49
"TCAGGTACAACAACCT",45
"TCAGGTACACAGACTT",84
"TCAGGTACACCTCGTT",70
"TCAGGTACAGTATCTG",64
"TCAGGTACATCGATTG",77
"TCAGGTACATTCCTCG",23
"TCAGGTAGTAAACCTC",70
"TCAGGTAGTAGAGTGC",13
"TCAGGTAGTCCGCTGA",37
"TCAGGTAGTCTAGTCA",1000
"TCAGGTAGTCTCATCC",46
"TCAGGTAGTGAGTGAC",8
"TCAGGTAGTGCTCTTC",84
"TCAGGTAGTTCGTCTC",33
"TCAGGTATCACGCATA",1000
"TCAGGTATCATAACCG",35
"TCAGGTATCATGGTCA",23
"TCAGGTATCGCATGAT",34
"TCATTACAGAAACCTA",35
"TCATTACAGAGTCGGT",59
"TCATTACAGCCGCCTA",56
"TCATTACAGCGCTCCA",94
"TCATTACAGGCAGTCA",46
"TCATTACAGTCAAGCG",47
"TCATTACAGTCACGCC",67
"TCATTACAGTGTCCCG",56
"TCATTACAGTTTAGGA",95
"TCATTACCAAGGACTG",43
"TCATTACCAAGGCTCC",56
"TCATTACCAATCAGAA",46
"TCATTACCACAGCCCA",4
"TCATTACCACCGAAAG",1000
"TCATTACCACCTCGTT",95
"TCATTACCAGACAAGC",60
"TCATTACCAGGGTACA",1000
"TCATTACCATCCCATC",35
"TCATTACGTAAAGGAG",58
"TCATTACGTAACGCGA",25
"TCATTACGTCAACTGT",1000
"TCATTACGTCAGATAA",1000
"TCATTACGTCGATTGT",43
"TCATTACGTCGGGTCT",36
"TCATTACGTTAAGTAG",57
"TCATTACTCACAGTAC",84
"TCATTTGAGACGACGT",60
"TCATTTGAGATGTGGC",59
"TCATTTGAGCCGCCTA",82
"TCATTTGAGGATGTAT",92
"TCATTTGAGTAGGCCA",46
"TCATTTGAGTCAATAG",70
"TCATTTGCAAAGTCAA",73
"TCATTTGCACTGTCGG",44
"TCATTTGCAGGGTATG",1000
"TCATTTGCAGTCACTA",84
"TCATTTGCAGTCGTGC",23
"TCATTTGCAGTGGAGT",34
"TCATTTGCATGGTAGG",59
"TCATTTGGTCAAAGCG",19
"TCATTTGGTCACAAGG",64
"TCATTTGGTCTAGAGG",32
"TCATTTGGTGGCGAAT",13
"TCATTTGGTTGATTCG",1000
"TCATTTGGTTGCGTTA",44
"TCATTTGTCAGTCAGT",10
"TCATTTGTCATGTAGC",95
"TCATTTGTCCCTGACT",29
"TCATTTGTCCTGCAGG",58
"TCATTTGTCGTCTGAA",23
"TCATTTGTCTCGTTTA",94
"TCATTTGTCTGTCCGT",60
"TCCACACAGACAGACC",70
"TCCACACAGAGCAATT",20
"TCCACACAGCACCGCT",59
"TCCACACAGCCCTAAT",23
"TCCACACAGCCGCCTA",96
"TCCACACAGGACAGAA",96
"TCCACACAGGAGTCTG",96
"TCCACACAGGCATTGG",22
"TCCACACAGTGATCGG",25
"TCCACACCAAGGTTTC",35
"TCCACACCACGTAAGG",8
"TCCACACCACGTCTCT",35
"TCCACACCACTGTCGG",2
"TCCACACCAGACTCGC",1000
"TCCACACCATAGGATA",80
"TCCACACCATATGCTG",96
"TCCACACCATCGACGC",94
"TCCACACCATCGTCGG",47
"TCCACACGTAATCGTC",11
"TCCACACTCAAGATCC",72
"TCCACACTCATGCATG",1000
"TCCACACTCCGCAGTG",1000
"TCCACACTCCTAGTGA",83
"TCCACACTCTAACTCT",10
"TCCCGATAGACTTGAA",44
"TCCCGATAGATCGGGT",32
"TCCCGATAGCACGCCT",56
"TCCCGATAGTACGTAA",11
"TCCCGATAGTTATCGC",1000
"TCCCGATAGTTTCCTT",57
"TCCCGATCAACCGCCA",81
"TCCCGATCAAGCGTAG",2
"TCCCGATCAAGGTTTC",7
"TCCCGATCAAGTTCTG",95
"TCCCGATCAATGAATG",37
"TCCCGATCAATGCCAT",35
"TCCCGATCACAGGTTT",71
"TCCCGATCACATGTGT",82
"TCCCGATCACCACCAG",1000
"TCCCGATCACGAAACG",11
"TCCCGATCACGTAAGG",59
"TCCCGATCAGACGCCT",61
"TCCCGATCAGCTGTTA",35
"TCCCGATCATGCTAGT",34
"TCCCGATGTATAAACG",45
"TCCCGATGTCGTGGCT",1000
"TCCCGATGTGCCTGCA",94
"TCCCGATGTGCTAGCC",1000
"TCCCGATTCAGCAACT",88
"TCCCGATTCAGTTCGA",25
"TCCCGATTCATGCTCC",1000
"TCCCGATTCCAATGGT",46
"TCCCGATTCCGCAGTG",36
"TCCCGATTCCTCCTAG",7
"TCCCGATTCGCCGTGA",23
"TCCCGATTCGTGGACC",14
"TCCCGATTCTACTATC",43
"TCCCGATTCTTACCGC",20
"TCCCGATTCTTAGCCC",70
"TCGAGGCAGAAGCCCA",15
"TCGAGGCAGACTTTCG",70
"TCGAGGCAGAGTGAGA",22
"TCGAGGCAGCCTCGTG",38
"TCGAGGCAGCGCTCCA",1
"TCGAGGCAGGGAAACA",25
"TCGAGGCAGGGATCTG",14
"TCGAGGCAGTGCAAGC",71
"TCGAGGCAGTGGCACA",38
"TCGAGGCCAGATGGCA",77
"TCGAGGCCAGGATCGA",70
"TCGAGGCCAGGCTGAA",58
"TCGAGGCCATGTTGAC",86
"TCGAGGCGTACTTAGC",20
"TCGAGGCGTAGGCATG",23
"TCGAGGCGTAGTGAAT",23
"TCGAGGCGTCAGAGGT",76
"TCGAGGCGTGTAAGTA",5
"TCGAGGCTCCCACTTG",60
"TCGAGGCTCCGCGTTT",72
"TCGAGGCTCGAACTGT",34
"TCGAGGCTCGCGATCG",11
"TCGAGGCTCTACTTAC",1000
"TCGCGAGAGAGAACAG",94
"TCGCGAGAGATCCTGT",35
"TCGCGAGAGCGCTTAT",71
"TCGCGAGAGCGTTGCC",46
"TCGCGAGAGGATGCGT",71
"TCGCGAGAGGGTCTCC",1000
"TCGCGAGCAATTCCTT",23
"TCGCGAGCACTATCTT",19
"TCGCGAGCACTCTGTC",23
"TCGCGAGCATGCCTTC",3
"TCGCGAGGTAAGAGGA",82
"TCGCGAGGTAAGCACG",17
"TCGCGAGGTAGCCTCG",59
"TCGCGAGGTAGCGCAA",21
"TCGCGAGGTAGCGTGA",54
"TCGCGAGGTCAACTGT",13
"TCGCGAGGTCATACTG",39
"TCGCGAGGTCCGCTGA",11
"TCGCGAGGTCGATTGT",94
"TCGCGAGGTCGTCTTC",23
"TCGCGAGGTTACCAGT",1000
"TCGCGAGTCGGCGCAT",34
"TCGCGAGTCTTGCAAG",11
"TCGCGTTAGAATTCCC",71
"TCGCGTTAGACTAGGC",55
"TCGCGTTAGATCTGCT",58
"TCGCGTTAGCGCCTTG",20
"TCGCGTTAGTACGCCC",56
"TCGCGTTAGTCGATAA",45
"TCGCGTTAGTGATCGG",23
"TCGCGTTCAAGACACG",49
"TCGCGTTCACGACTCG",11
"TCGCGTTCATATGCTG",49
"TCGCGTTCATCACGTA",23
"TCGCGTTGTAGAAAGG",85
"TCGCGTTGTATAAACG",94
"TCGCGTTGTATAGGGC",61
"TCGCGTTGTCACACGC",33
"TCGCGTTGTCAGAGGT",1000
"TCGCGTTGTCATATCG",2
"TCGCGTTGTCATCGGC",58
"TCGCGTTGTCGACTGC",96
"TCGCGTTGTGCGATAG",60
"TCGCGTTGTTCAGTAC",59
"TCGCGTTTCAGTACGT",31
"TCGCGTTTCAGTGTTG",37
"TCGCGTTTCCAATGGT",1000
"TCGCGTTTCCAGAGGA",1000
"TCGCGTTTCCGTCAAA",79
"TCGCGTTTCCTATGTT",54
"TCGCGTTTCCTGTAGA",11
"TCGCGTTTCGAACTGT",69
"TCGCGTTTCGAATGGG",75
"TCGCGTTTCTGTCAAG",46
"TCGCGTTTCTGTCTCG",41
"TCGGGACAGAACTGTA",1000
"TCGGGACAGAATAGGG",2
"TCGGGACAGACTACAA",62
"TCGGGACAGAGTCTGG",10
"TCGGGACAGCTGGAAC",59
"TCGGGACAGGCTAGAC",68
"TCGGGACAGGGTGTGT",72
"TCGGGACAGTCAAGGC",64
"TCGGGACAGTGTTAGA",23
"TCGGGACCAAACTGCT",22
"TCGGGACCAAGGTTTC",80
"TCGGGACCAATAACGA",52
"TCGGGACCACAACTGT",43
"TCGGGACCACATCTTT",70
"TCGGGACCACCTCGTT",28
"TCGGGACCAGACAGGT",11
"TCGGGACCAGGTCCAC",23
"TCGGGACCAGTATCTG",59
"TCGGGACCATCAGTAC",59
"TCGGGACCATCCGGGT",58
"TCGGGACCATTCCTGC",75
"TCGGGACCATTTCACT",96
"TCGGGACGTAAGCACG",11
"TCGGGACGTATGAATG",11
"TCGGGACGTCACCTAA",70
"TCGGGACGTCCGAAGA",90
"TCGGGACGTGTCTGAT",92
"TCGGGACTCACTGGGC",10
"TCGGGACTCATCGCTC",1000
"TCGGGACTCCAAATGC",35
"TCGGGACTCGGTGTTA",7
"TCGGGACTCTACCTGC",69
"TCGGGACTCTCTGCTG",70
"TCGGGACTCTGGCGAC",68
"TCGGTAAAGCCCGAAA",1000
"TCGGTAAAGCTGTCTA",33
"TCGGTAAAGCTGTTCA",29
"TCGGTAAAGGATGCGT",60
"TCGGTAAAGGATGGAA",46
"TCGGTAAAGGCAAAGA",94
"TCGGTAAAGGCCATAG",58
"TCGGTAAAGGCTCTTA",66
"TCGGTAAAGTGAACGC",4
"TCGGTAACAAAGGTGC",69
"TCGGTAACAAAGTGCG",5
"TCGGTAACAAGACACG",46
"TCGGTAACAAGGTTCT",94
"TCGGTAACAATCCGAT",44
"TCGGTAACAGCTGCTG",95
"TCGGTAACATCACGAT",58
"TCGGTAACATGTCGAT",55
"TCGGTAAGTAAATGTG",82
"TCGGTAAGTACACCGC",91
"TCGGTAAGTAGCTCCG",84
"TCGGTAAGTCACTTCC",47
"TCGGTAAGTCATATCG",34
"TCGGTAAGTGTTCTTT",26
"TCGGTAAGTTACTGAC",82
"TCGGTAAGTTGGTGGA",21
"TCGGTAATCAAACGGG",83
"TCGGTAATCAAAGACA",43
"TCGGTAATCCGCTGTT",8
"TCGGTAATCGGGAGTA",2
"TCGGTAATCGTACCGG",21
"TCGGTAATCTTAGAGC",91
"TCGTACCAGACAATAC",95
"TCGTACCAGGCGCTCT",22
"TCGTACCAGGGTCTCC",56
"TCGTACCAGTGACATA",44
"TCGTACCAGTGCCAGA",84
"TCGTACCCAATAGCGG",1
"TCGTACCCACCTCGGA",70
"TCGTACCCAGATCGGA",84
"TCGTACCCAGCTTCGG",58
"TCGTACCCAGGCAGTA",59
"TCGTACCCATGCCACG",56
"TCGTACCCATTGTGCA",1000
"TCGTACCGTAATCGTC",8
"TCGTACCGTAGTACCT",7
"TCGTACCGTCAGGACA",33
"TCGTACCGTCTAGCGC",23
"TCGTACCGTTAAAGAC",58
"TCGTACCGTTACGCGC",44
"TCGTACCGTTCAGCGC",19
"TCGTACCTCCACGTGG",43
"TCGTACCTCCGAACGC",60
"TCGTACCTCCGCATCT",23
"TCGTACCTCCTGCCAT",9
"TCGTACCTCGTACCGG",34
"TCGTACCTCGTCCGTT",95
"TCGTACCTCGTTACGA",96
"TCGTACCTCTCCAACC",94
"TCGTACCTCTCGATGA",1
"TCGTACCTCTGGTGTA",96
"TCGTACCTCTTGAGAC",82
"TCGTAGAAGAAGCCCA",60
"TCGTAGAAGATAGGAG",83
"TCGTAGAAGCCTTGAT",7
"TCGTAGAAGGCTACGA",22
"TCGTAGAAGGCTAGAC",34
"TCGTAGAAGTGTGGCA",2
"TCGTAGAAGTGTTTGC",58
"TCGTAGACAAAGCGGT",33
"TCGTAGACAAAGTGCG",58
"TCGTAGACAAGCGAGT",88
"TCGTAGACACATAACC",11
"TCGTAGACACCAGATT",84
"TCGTAGACACCGAATT",26
"TCGTAGACACGGTGTC",96
"TCGTAGACAGACAGGT",70
"TCGTAGACAGGTCTCG",47
"TCGTAGACAGTGGGAT",46
"TCGTAGACATCACGAT",53
"TCGTAGACATGTAAGA",58
"TCGTAGACATGTCCTC",63
"TCGTAGAGTACGCTGC",1000
"TCGTAGAGTATATGAG",1000
"TCGTAGAGTCAAAGAT",1000
"TCGTAGAGTGACTACT",1000
"TCGTAGAGTGTGAATA",1000
"TCGTAGAGTTGCGTTA",10
"TCGTAGAGTTTGTGTG",10
"TCGTAGATCAAAGTAG",58
"TCGTAGATCAAGGTAA",46
"TCGTAGATCACCTCGT",82
"TCGTAGATCCAATGGT",60
"TCGTAGATCCAGAAGG",53
"TCGTAGATCGAGGTAG",68
"TCGTAGATCGTCCAGG",59
"TCGTAGATCTGGCGTG",23
"TCGTAGATCTTGACGA",67
"TCTATTGAGACAGAGA",74
"TCTATTGAGATGAGAG",13
"TCTATTGAGCGTGTCC",44
"TCTATTGAGCTGAACG",31
"TCTATTGAGGGTCGAT",59
"TCTATTGAGTTTGCGT",29
"TCTATTGCAAACAACA",46
"TCTATTGCAACTGGCC",84
"TCTATTGCAAGCGTAG",1000
"TCTATTGCACAGCCCA",94
"TCTATTGCACATCCGG",38
"TCTATTGCACCAGTTA",27
"TCTATTGCACCTCGTT",68
"TCTATTGCAGACGCCT",1000
"TCTATTGCATGGGACA",1000
"TCTATTGCATGTCCTC",22
"TCTATTGGTACAGCAG",82
"TCTATTGGTACCCAAT",38
"TCTATTGGTATAATGG",82
"TCTATTGGTATGAATG",96
"TCTATTGGTCAAACTC",1000
"TCTATTGGTCAGCTAT",96
"TCTATTGGTCATACTG",1000
"TCTATTGGTCCAACTA",8
"TCTATTGGTCCCGACA",1
"TCTATTGGTCTGCGGT",72
"TCTATTGGTTACAGAA",59
"TCTATTGGTTTGTGTG",41
"TCTATTGGTTTGTTGG",11
"TCTATTGTCAAACCAC",59
"TCTATTGTCACGCATA",56
"TCTATTGTCAGAGCTT",55
"TCTATTGTCAGCCTAA",23
"TCTATTGTCCCTCAGT",34
"TCTATTGTCGCCCTTA",84
"TCTATTGTCGGAATCT",82
"TCTATTGTCGGTCCGA",13
"TCTATTGTCTCGTTTA",74
"TCTATTGTCTGACCTC",58
"TCTATTGTCTTCAACT",43
"TCTCATAAGCACCGCT",58
"TCTCATAAGCGAAGGG",46
"TCTCATAAGCGAGAAA",1000
"TCTCATAAGCGATATA",31
"TCTCATAAGGAGCGTT",5
"TCTCATACACATCTTT",39
"TCTCATACACGCGAAA",77
"TCTCATACACTACAGT",96
"TCTCATACAGCCTTTC",21
"TCTCATACAGCGAACA",94
"TCTCATACAGCTGGCT",94
"TCTCATACAGTCACTA",1000
"TCTCATACATGACGGA",46
"TCTCATACATTATCTC",49
"TCTCATAGTAACGCGA",22
"TCTCATAGTAATTGGA",56
"TCTCATAGTCGTTGTA",82
"TCTCATAGTGCTCTTC",85
"TCTCATAGTGTAACGG",59
"TCTCATAGTTCAGTAC",11
"TCTCATAGTTTAGGAA",1000
"TCTCATATCAATACCG",71
"TCTCATATCATCTGCC",89
"TCTCATATCCGCGCAA",35
"TCTCATATCCTCAATT",34
"TCTCATATCGCGCCAA",91
"TCTCTAAAGAATTGTG",81
"TCTCTAAAGACGCACA",1000
"TCTCTAAAGAGGTAGA",90
"TCTCTAAAGCCAGTTT",1000
"TCTCTAAAGCCTCGTG",34
"TCTCTAAAGGGATCTG",23
"TCTCTAAAGGGCATGT",62
"TCTCTAAAGTGTTAGA",11
"TCTCTAACAAACGTGG",95
"TCTCTAACAAAGCAAT",80
"TCTCTAACAAGCTGTT",19
"TCTCTAACACAACTGT",7
"TCTCTAACACCCATTC",22
"TCTCTAACATAAAGGT",17
"TCTCTAACATTCCTCG",71
"TCTCTAACATTGAGCT",92
"TCTCTAAGTACCATCA",64
"TCTCTAAGTACTCTCC",78
"TCTCTAAGTATTACCG",86
"TCTCTAAGTCCGTCAG",33
"TCTCTAAGTGCCTGGT",62
"TCTCTAAGTGGGTATG",94
"TCTCTAAGTTAGAACA",55
"TCTCTAAGTTGCCTCT",20
"TCTCTAAGTTGCGCAC",59
"TCTCTAAGTTTAGGAA",96
"TCTCTAATCAACGGCC",11
"TCTCTAATCATGGTCA",13
"TCTCTAATCCGGCACA",23
"TCTCTAATCCTGCTTG",35
"TCTCTAATCGATCCCT",59
"TCTCTAATCGCAAGCC",56
"TCTCTAATCGGAGGTA",44
"TCTCTAATCGGTTAAC",71
"TCTCTAATCTGATTCT",1000
"TCTGAGAAGACCCACC",82
"TCTGAGAAGATTACCC",20
"TCTGAGAAGCGACGTA",76
"TCTGAGAAGGCTAGAC",1000
"TCTGAGAAGTGTACTC",59
"TCTGAGAAGTTCCACA",19
"TCTGAGACAATGGACG",33
"TCTGAGACAATGGTCT",23
"TCTGAGACACAGGTTT",45
"TCTGAGACAGGACCCT",26
"TCTGAGACATTTGCCC",47
"TCTGAGACATTTGCTT",86
"TCTGAGAGTAAGGGCT",34
"TCTGAGAGTAGGCATG",91
"TCTGAGAGTCCGACGT",46
"TCTGAGAGTCCGTTAA",92
"TCTGAGAGTGAAGGCT",33
"TCTGAGAGTGCGCTTG",71
"TCTGAGAGTGGCAAAC",71
"TCTGAGAGTGTGAATA",2
"TCTGAGAGTTGAGTTC",84
"TCTGAGAGTTGATTCG",94
"TCTGAGAGTTGTGGAG",58
"TCTGAGATCAGCGATT",41
"TCTGAGATCCACGACG",59
"TCTGAGATCCCTGACT",59
"TCTGAGATCCTCAACC",81
"TCTGAGATCCTGTAGA",63
"TCTGAGATCGCAAACT",80
"TCTGAGATCGCAAGCC",59
"TCTGAGATCGGCCGAT",94
"TCTGAGATCTCCGGTT",76
"TCTGGAAAGATGGGTC",61
"TCTGGAAAGCCGATTT",72
"TCTGGAAAGGAATGGA",58
"TCTGGAAAGTGAACGC",1000
"TCTGGAAAGTGACATA",37
"TCTGGAAAGTGGGCTA",59
"TCTGGAAAGTGTGAAT",60
"TCTGGAACAAACCTAC",57
"TCTGGAACACAACGTT",32
"TCTGGAACACCAGCAC",11
"TCTGGAACAGACAAGC",23
"TCTGGAACAGATGGGT",20
"TCTGGAACAGCCTATA",83
"TCTGGAACAGTCGTGC",67
"TCTGGAAGTAAGAGGA",11
"TCTGGAAGTACCGGCT",59
"TCTGGAAGTAGTACCT",92
"TCTGGAAGTCATATGC",1000
"TCTGGAAGTCCGAACC",1000
"TCTGGAAGTGCAGTAG",64
"TCTGGAATCAGCTCTC",33
"TCTGGAATCCAAATGC",59
"TCTGGAATCCACGAAT",37
"TCTGGAATCCAGTAGT",56
"TCTGGAATCGGACAAG",47
"TCTGGAATCTTTAGTC",45
"TCTTCGGAGAGATGAG",37
"TCTTCGGAGATCTGCT",57
"TCTTCGGAGGACAGAA",58
"TCTTCGGAGGGCACTA",89
"TCTTCGGAGGGCTCTC",94
"TCTTCGGAGTATTGGA",23
"TCTTCGGAGTGGTAAT",35
"TCTTCGGCAAGGTTTC",10
"TCTTCGGCAATGAATG",34
"TCTTCGGCACGAAGCA",13
"TCTTCGGCACGTCTCT",1000
"TCTTCGGCATACTACG",49
"TCTTCGGCATTTCAGG",22
"TCTTCGGGTAAACCTC",11
"TCTTCGGGTAAGCACG",84
"TCTTCGGGTCAGAAGC",1000
"TCTTCGGGTCCAGTAT",23
"TCTTCGGGTCCCGACA",81
"TCTTCGGGTCGCTTTC",58
"TCTTCGGGTTACGGAG",57
"TCTTCGGGTTAGGGTG",72
"TCTTCGGTCAGAGACG",35
"TCTTCGGTCAGAGGTG",94
"TCTTCGGTCATGTCTT",0
"TCTTCGGTCCTGTAGA",44
"TCTTCGGTCGAGAGCA",94
"TCTTCGGTCGCGCCAA",94
"TCTTCGGTCGTGGACC",61
"TCTTCGGTCTCGAGTA",58
"TCTTTCCAGACCTAGG",60
"TCTTTCCAGAGGTTAT",13
"TCTTTCCAGAGTACAT",92
"TCTTTCCAGATATACG",23
"TCTTTCCAGATCGGGT",1000
"TCTTTCCAGCCGCCTA",58
"TCTTTCCAGGGAGTAA",70
"TCTTTCCAGGTAGCTG",85
"TCTTTCCAGTGGAGTC",34
"TCTTTCCCAAGAGTCG",35
"TCTTTCCCAAGCTGAG",58
"TCTTTCCCAAGGACTG",95
"TCTTTCCCACGACGAA",2
"TCTTTCCCATACCATG",1000
"TCTTTCCCATGAACCT",63
"TCTTTCCCATGGTTGT",83
"TCTTTCCCATGTCCTC",84
"TCTTTCCGTAAAGTCA",35
"TCTTTCCGTCAGAAGC",82
"TCTTTCCGTCATTAGC",38
"TCTTTCCGTCGCTTCT",47
"TCTTTCCGTGGCGAAT",69
"TCTTTCCGTGGTCTCG",70
"TCTTTCCGTTAAAGTG",84
"TCTTTCCGTTAGATGA",82
"TCTTTCCGTTCGGCAC",44
"TCTTTCCTCAATCTCT",47
"TCTTTCCTCAGTGTTG",35
"TCTTTCCTCGAATGGG",84
"TCTTTCCTCGCCGTGA",34
"TCTTTCCTCGTTTATC",11
"TCTTTCCTCTGCAGTA",94
"TCTTTCCTCTGTCTAT",64
"TCTTTCCTCTTCTGGC",47
"TGAAAGAAGAAACCGC",20
"TGAAAGAAGACAGACC",1000
"TGAAAGAAGATCGGGT",94
"TGAAAGAAGCGTTCCG",55
"TGAAAGAAGCTAACAA",64
"TGAAAGAAGCTGAAAT",1000
"TGAAAGAAGGGAAACA",1000
"TGAAAGAAGTACGTTC",71
"TGAAAGAAGTGTTAGA",1000
"TGAAAGAAGTTAACGA",32
"TGAAAGAAGTTCGCGC",1000
"TGAAAGACACACTGCG",5
"TGAAAGACACATGGGA",33
"TGAAAGACAGAGCCAA",1000
"TGAAAGACAGTAAGAT",71
"TGAAAGACAGTATAAG",64
"TGAAAGACAGTGAGTG",57
"TGAAAGACATTTCAGG",58
"TGAAAGAGTAGAAGGA",1000
"TGAAAGAGTAGGACAC",64
"TGAAAGAGTCCGCTGA",86
"TGAAAGAGTCGTTGTA",96
"TGAAAGAGTGTCAATC",45
"TGAAAGAGTTCCACAA",31
"TGAAAGATCCAATGGT",33
"TGAAAGATCCGTTGTC",85
"TGAAAGATCCTCAATT",1000
"TGAAAGATCGGATGTT",65
"TGAAAGATCGTGGTCG",1000
"TGAAAGATCTCGTATT",58
"TGAAAGATCTTACCGC",70
"TGAAAGATCTTGTACT",11
"TGACAACAGAATAGGG",34
"TGACAACAGACCGGAT",58
"TGACAACAGGACGAAA",81
"TGACAACCAAAGCGGT",34
"TGACAACCAAGCTGTT",70
"TGACAACCAATGACCT",1
"TGACAACCACCCAGTG",56
"TGACAACCACTCAGGC",70
"TGACAACCAGCCACCA",11
"TGACAACCAGCGAACA",18
"TGACAACCAGGCTGAA",82
"TGACAACCAGTCGTGC",1000
"TGACAACCATACCATG",19
"TGACAACCATATGAGA",70
"TGACAACCATCGATTG",35
"TGACAACCATGCAATC",90
"TGACAACGTATTCGTG",79
"TGACAACGTCAATACC",32
"TGACAACGTCAGAATA",1000
"TGACAACGTGGGTCAA",67
"TGACAACGTGTTAAGA",25
"TGACAACTCACAGGCC",1000
"TGACAACTCATCACCC",19
"TGACAACTCATGGTCA",70
"TGACAACTCCGGGTGT",70
"TGACAACTCTATCCTA",32
"TGACAACTCTCCCTGA",32
"TGACAACTCTCGTTTA",71
"TGACAACTCTGCGACG",71
"TGACAACTCTGGTGTA",1000
"TGACAACTCTTGTATC",47
"TGACGGCAGACTGTAA",68
"TGACGGCAGCATCATC",43
"TGACGGCAGCCCGAAA",22
"TGACGGCAGCCGCCTA",76
"TGACGGCAGCGTTCCG",37
"TGACGGCAGCTAACAA",70
"TGACGGCAGCTTATCG",59
"TGACGGCAGTAGCGGT",35
"TGACGGCAGTGCGATG",2
"TGACGGCCAAGAAAGG",55
"TGACGGCCAAGACACG",11
"TGACGGCCAATGAAAC",47
"TGACGGCCACAGTCGC",58
"TGACGGCCAGCTGCTG",22
"TGACGGCCATGGATGG",94
"TGACGGCCATGTAAGA",1000
"TGACGGCGTAAGGATT",43
"TGACGGCGTACTCTCC",37
"TGACGGCGTCTAGGTT",69
"TGACGGCGTCTTCAAG",47
"TGACGGCGTCTTTCAT",23
"TGACGGCGTGACGCCT",1000
"TGACGGCGTGCCTGGT",36
"TGACGGCGTGGTGTAG",1000
"TGACGGCGTTGTACAC",48
"TGACGGCTCAAACAAG",1000
"TGACGGCTCAAACCGT",94
"TGACGGCTCACTTATC",94
"TGACGGCTCCCTCAGT",11
"TGACGGCTCGAGAACG",23
"TGACGGCTCGGAGCAA",11
"TGACGGCTCGGTGTTA",1000
"TGACTAGAGAATAGGG",34
"TGACTAGAGCAGCGTA",95
"TGACTAGAGCATCATC",14
"TGACTAGAGTGGTAGC",11
"TGACTAGCAAATCCGT",52
"TGACTAGCAAGCTGAG",56
"TGACTAGCAAGGCTCC",11
"TGACTAGCAAGTTAAG",7
"TGACTAGCACCCATGG",58
"TGACTAGCACCCTATC",31
"TGACTAGCACGTGAGA",11
"TGACTAGCAGCTGCAC",57
"TGACTAGCAGGAATGC",82
"TGACTAGCAGGGAGAG",95
"TGACTAGCATGGTAGG",20
"TGACTAGCATTAACCG",91
"TGACTAGGTAAGTTCC",11
"TGACTAGGTACTCTCC",11
"TGACTAGGTAGCTAAA",1000
"TGACTAGGTATTCTCT",61
"TGACTAGGTCAATGTC",17
"TGACTAGGTCACCTAA",82
"TGACTAGGTCAGCTAT",34
"TGACTAGGTCCAGTTA",20
"TGACTAGGTCGCATCG",68
"TGACTAGGTGAGGGTT",39
"TGACTAGGTTAGAACA",1000
"TGACTAGGTTTCGCTC",68
"TGACTAGTCAACCAAC",91
"TGACTAGTCAGAGCTT",25
"TGACTAGTCAGCGACC",1000
"TGACTAGTCCGCATCT",1000
"TGACTAGTCCGTCATC",59
"TGACTAGTCCTACAGA",47
"TGACTAGTCGTCTGAA",35
"TGACTAGTCTCATTCA",71
"TGACTAGTCTTCAACT",70
"TGACTTTAGACGACGT",56
"TGACTTTAGAGGACGG",8
"TGACTTTAGATCGGGT",8
"TGACTTTAGCTAACAA",35
"TGACTTTAGCTGCGAA",11
"TGACTTTAGGGATACC",44
"TGACTTTAGGTGCACA",1000
"TGACTTTAGGTGGGTT",96
"TGACTTTAGTCCGTAT",46
"TGACTTTCAAACGCGA",13
"TGACTTTCAAGAGGCT",54
"TGACTTTCAATAGCAA",94
"TGACTTTCACACGCTG",59
"TGACTTTCACGGACAA",44
"TGACTTTCAGATGGGT",82
"TGACTTTCATACGCCG",32
"TGACTTTCATCCCATC",1000
"TGACTTTCATCTCGCT",93
"TGACTTTGTAGGCATG",11
"TGACTTTGTCATACTG",43
"TGACTTTGTCTCTTTA",69
"TGACTTTGTCTTTCAT",71
"TGACTTTGTGAGGGAG",11
"TGACTTTGTGTCAATC",23
"TGACTTTGTTACAGAA",22
"TGACTTTTCAACCAAC",4
"TGACTTTTCAAGCCTA",23
"TGACTTTTCACCACCT",94
"TGACTTTTCAGCTTAG",95
"TGACTTTTCAGTTCGA",13
"TGACTTTTCCGCGGTA",4
"TGACTTTTCCTAGAAC",59
"TGACTTTTCGGTCTAA",1000
"TGACTTTTCTGAGGGA",13
"TGAGAGGAGAGCCCAA",71
"TGAGAGGAGGTGCTAG",34
"TGAGAGGAGTGAATTG",44
"TGAGAGGAGTGCGTGA",94
"TGAGAGGAGTTGAGAT",5
"TGAGAGGCAAACTGTC",68
"TGAGAGGCACGACTCG",46
"TGAGAGGCAGCCTTGG",96
"TGAGAGGCATGAGCGA",24
"TGAGAGGGTAACGACG",1000
"TGAGAGGGTACATGTC",69
"TGAGAGGGTTATGCGT",63
"TGAGAGGTCACGGTTA",23
"TGAGAGGTCATGTGGT",58
"TGAGAGGTCCAGTAGT",1000
"TGAGAGGTCGAGAACG",71
"TGAGAGGTCTGCCCTA",23
"TGAGAGGTCTTCGGTC",80
"TGAGCATAGAATCTCC",22
"TGAGCATAGAATGTTG",80
"TGAGCATAGAATTGTG",20
"TGAGCATAGGCTACGA",82
"TGAGCATAGTCTCCTC",75
"TGAGCATCAAGAGTCG",94
"TGAGCATCACCGTTGG",58
"TGAGCATCACGAAGCA",92
"TGAGCATCACTCTGTC",60
"TGAGCATCAGATTGCT",55
"TGAGCATCAGTTCATG",69
"TGAGCATCATGTCGAT",77
"TGAGCATCATTAGCCA",1000
"TGAGCATGTCCGTCAG",21
"TGAGCATGTGATGTCT",71
"TGAGCATGTTAAGACA",71
"TGAGCATGTTGACGTT",64
"TGAGCATGTTTCGCTC",35
"TGAGCATTCAAGGTAA",1000
"TGAGCATTCAATCACG",22
"TGAGCATTCACCAGGC",11
"TGAGCATTCATGCATG",11
"TGAGCATTCCACGTGG",59
"TGAGCATTCCATGCTC",8
"TGAGCATTCCCAAGAT",93
"TGAGCATTCGATAGAA",36
"TGAGCATTCGGTCCGA",61
"TGAGCATTCTAACGGT",10
"TGAGCATTCTACTCAT",82
"TGAGCATTCTTCAACT",10
"TGAGCATTCTTGTCAT",19
"TGAGCCGAGAATAGGG",70
"TGAGCCGAGACGACGT",37
"TGAGCCGAGATAGCAT",95
"TGAGCCGAGCGATATA",22
"TGAGCCGAGCTGTTCA",55
"TGAGCCGAGGCTCTTA",35
"TGAGCCGAGTGTACCT",11
"TGAGCCGCAAACAACA",1000
"TGAGCCGCAAAGGAAG",23
"TGAGCCGCAAAGTGCG",62
"TGAGCCGCAAATCCGT",1000
"TGAGCCGCAACTGCGC",95
"TGAGCCGCAAGGTTCT",88
"TGAGCCGCACACCGCA",81
"TGAGCCGCACCAGCAC",1000
"TGAGCCGCACGAAACG",1000
"TGAGCCGCAGCCTTTC",59
"TGAGCCGCAGCTCCGA",47
"TGAGCCGCATTGAGCT",8
"TGAGCCGGTACGCTGC",73
"TGAGCCGGTCGCGTGT",11
"TGAGCCGGTGACTCAT",25
"TGAGCCGTCAGCGACC",20
"TGAGCCGTCATGCATG",20
"TGAGCCGTCGGCCGAT",45
"TGAGCCGTCGGTTAAC",70
"TGAGCCGTCTAACTGG",10
"TGAGCCGTCTCCAACC",64
"TGAGCCGTCTTCAACT",1000
"TGAGGGAAGCACACAG",1000
"TGAGGGAAGCTCTCGG",60
"TGAGGGAAGGAATGGA",35
"TGAGGGAAGGGTCTCC",95
"TGAGGGAAGGTAGCCA",59
"TGAGGGACAATAGCGG",70
"TGAGGGACACGGCCAT",68
"TGAGGGACACTAAGTC",94
"TGAGGGACAGTATGCT",23
"TGAGGGACAGTGACAG",94
"TGAGGGACATACTACG",37
"TGAGGGACATAGAAAC",94
"TGAGGGACATAGTAAG",73
"TGAGGGACATCACGTA",35
"TGAGGGACATGTCGAT",72
"TGAGGGAGTATATCCG",23
"TGAGGGAGTCTAGCGC",96
"TGAGGGAGTGGCCCTA",38
"TGAGGGAGTGTGCCTG",47
"TGAGGGATCAAACAAG",1000
"TGAGGGATCAAACCAC",46
"TGAGGGATCAATAAGG",59
"TGAGGGATCACCCGAG",58
"TGAGGGATCAGCCTAA",93
"TGAGGGATCATCATTC",11
"TGAGGGATCTCATTCA",36
"TGAGGGATCTCTGAGA",34
"TGAGGGATCTGAGGGA",10
"TGAGGGATCTTGTACT",94
"TGATTTCAGAAGGACA",96
"TGATTTCAGAGGTAGA",95
"TGATTTCAGCACCGCT",91
"TGATTTCAGGGCACTA",68
"TGATTTCCAACAACCT",7
"TGATTTCCAATAACGA",1
"TGATTTCCACGAGAGT",60
"TGATTTCCACGGTAAG",22
"TGATTTCCAGCTGCTG",69
"TGATTTCCATAGTAAG",5
"TGATTTCCATTACGAC",72
"TGATTTCGTAAGGGCT",1000
"TGATTTCGTCTCCATC",48
"TGATTTCGTCTCGTTC",70
"TGATTTCGTGCGGTAA",1000
"TGATTTCGTGCTGTAT",34
"TGATTTCGTGGTACAG",58
"TGATTTCGTGGTTTCA",1000
"TGATTTCGTTAAGATG",1000
"TGATTTCGTTATGTGC",1000
"TGATTTCGTTCGTCTC",11
"TGATTTCTCAACACTG",61
"TGATTTCTCACGCATA",44
"TGATTTCTCGACAGCC",71
"TGATTTCTCGCCAAAT",62
"TGATTTCTCTGCGTAA",58
"TGATTTCTCTTAACCT",13
"TGCACCTAGAGCTATA",59
"TGCACCTAGAGCTTCT",1000
"TGCACCTAGATGCGAC",82
"TGCACCTAGCACAGGT",77
"TGCACCTAGCCACCTG",82
"TGCACCTAGCCTATGT",0
"TGCACCTAGGGTTTCT",13
"TGCACCTAGTACCGGA",11
"TGCACCTAGTAGATGT",80
"TGCACCTAGTCCAGGA",1000
"TGCACCTAGTGAACGC",3
"TGCACCTCACACATGT",31
"TGCACCTCACGACGAA",34
"TGCACCTCACGTCTCT",59
"TGCACCTCAGACGTAG",59
"TGCACCTCAGATCTGT",37
"TGCACCTCATCACCCT",95
"TGCACCTGTATGGTTC",35
"TGCACCTGTATTCTCT",22
"TGCACCTGTCGCGAAA",22
"TGCACCTGTGATGATA",13
"TGCACCTGTGCAGGTA",74
"TGCACCTGTGGCCCTA",83
"TGCACCTGTGGGTATG",56
"TGCACCTGTTAAGAAC",23
"TGCACCTGTTCCACTC",20
"TGCACCTGTTTAGGAA",75
"TGCACCTGTTTGTTTC",7
"TGCACCTTCAATACCG",26
"TGCACCTTCACCTCGT",70
"TGCACCTTCATGTGGT",26
"TGCACCTTCCCTAACC",60
"TGCACCTTCCTGCAGG",94
"TGCACCTTCGCAGGCT",1000
"TGCACCTTCTCGATGA",33
"TGCCAAAAGACAAGCC",74
"TGCCAAAAGCCACGTC",49
"TGCCAAAAGGTGCACA",17
"TGCCAAAAGTGTCCCG",72
"TGCCAAAAGTTCGCAT",14
"TGCCAAACAAGACACG",59
"TGCCAAACAAGCTGTT",55
"TGCCAAACACCAGGCT",82
"TGCCAAACAGGACGTA",11
"TGCCAAACAGTCGATT",58
"TGCCAAAGTAAGAGGA",35
"TGCCAAAGTAATCGTC",25
"TGCCAAAGTCTAGTCA",69
"TGCCAAAGTTAGGGTG",35
"TGCCAAAGTTCCACTC",1000
"TGCCAAAGTTCGGGCT",95
"TGCCAAATCAATAAGG",90
"TGCCAAATCACTTATC",23
"TGCCAAATCCGTCATC",69
"TGCCAAATCGTGGGAA",95
"TGCCAAATCTAACTTC",20
"TGCCCATAGAAGGTTT",10
"TGCCCATAGAGTAATC",71
"TGCCCATAGCAGACTG",36
"TGCCCATAGCCGCCTA",26
"TGCCCATAGCCGTCGT",1000
"TGCCCATAGTACGTAA",47
"TGCCCATAGTCATCCA",89
"TGCCCATAGTGTACTC",52
"TGCCCATCAAACTGCT",25
"TGCCCATCAAAGTCAA",20
"TGCCCATCAACTGCTA",72
"TGCCCATCAATGCCAT",13
"TGCCCATCACTTGGAT",57
"TGCCCATCAGATGAGC",79
"TGCCCATCATACCATG",59
"TGCCCATCATGCATGT",1000
"TGCCCATCATGGATGG",64
"TGCCCATCATTCCTCG",33
"TGCCCATGTAAACGCG",70
"TGCCCATGTAGCAAAT",18
"TGCCCATGTAGTGAAT",34
"TGCCCATGTATTACCG",11
"TGCCCATGTGCTTCTC",23
"TGCCCATGTGTGGCTC",10
"TGCCCATGTGTTTGTG",51
"TGCCCATGTTATCACG",35
"TGCCCATTCAACACCA",68
"TGCCCATTCAGTACGT",96
"TGCCCATTCATATCGG",35
"TGCCCATTCATGCTCC",83
"TGCCCATTCCGTCATC",82
"TGCCCATTCCTTTCTC",32
"TGCCCATTCGCTGATA",35
"TGCCCATTCTATCCTA",58
"TGCCCATTCTGGGCCA",22
"TGCCCATTCTTACCTA",58
"TGCCCATTCTTCAACT",73
"TGCCCTAAGAGGTACC",69
"TGCCCTAAGATATGGT",31
"TGCCCTAAGCACAGGT",47
"TGCCCTAAGCTAGTCT",22
"TGCCCTAAGGACCACA",83
"TGCCCTAAGGCATGGT",85
"TGCCCTAAGTACTTGC",11
"TGCCCTAAGTGGGCTA",34
"TGCCCTAAGTTGAGTA",50
"TGCCCTACAAACAACA",20
"TGCCCTACAAGAGGCT",71
"TGCCCTACAAGTCTGT",10
"TGCCCTACACCTCGGA",58
"TGCCCTACACTTCGAA",71
"TGCCCTACAGACGCAA",49
"TGCCCTACAGTTAACC",85
"TGCCCTACATAAAGGT",44
"TGCCCTACATGGTCTA",11
"TGCCCTACATTGGCGC",82
"TGCCCTAGTACAGTGG",19
"TGCCCTAGTACTCAAC",1000
"TGCCCTAGTCAGATAA",82
"TGCCCTAGTCAGTGGA",74
"TGCCCTAGTCGTGGCT",10
"TGCCCTAGTGCGATAG",58
"TGCCCTAGTGTTTGTG",79
"TGCCCTAGTTATGTGC",11
"TGCCCTAGTTCTGTTT",55
"TGCCCTAGTTGTCGCG",49
"TGCCCTATCCGCAGTG",79
"TGCCCTATCCTGCAGG",45
"TGCCCTATCTATCCCG",5
"TGCCCTATCTCAACTT",79
"TGCGCAGAGAAGCCCA",35
"TGCGCAGAGAGGGATA",23
"TGCGCAGAGAGGGCTT",81
"TGCGCAGAGCAACGGT",82
"TGCGCAGAGGGTGTGT",20
"TGCGCAGAGTCCCACG",49
"TGCGCAGAGTGTCTCA",1000
"TGCGCAGCAAGCGATG",34
"TGCGCAGCAAGCTGGA",37
"TGCGCAGCAAGTCTAC",44
"TGCGCAGCAATGTAAG",70
"TGCGCAGCAATTGCTG",85
"TGCGCAGCACACCGAC",11
"TGCGCAGCACATGTGT",9
"TGCGCAGCACGAGGTA",64
"TGCGCAGCAGACGTAG",25
"TGCGCAGGTAACGCGA",71
"TGCGCAGGTAAGAGGA",95
"TGCGCAGGTAAGCACG",82
"TGCGCAGGTACAGCAG",67
"TGCGCAGGTAGGCATG",59
"TGCGCAGGTAGTGAAT",35
"TGCGCAGGTCAGATAA",73
"TGCGCAGGTCGAATCT",1000
"TGCGCAGGTCTTCTCG",10
"TGCGCAGGTTAGTGGG",1000
"TGCGCAGGTTCCCGAG",72
"TGCGCAGGTTCGCGAC",25
"TGCGCAGTCACTTACT",71
"TGCGCAGTCATGTCCC",35
"TGCGCAGTCATTGCCC",2
"TGCGCAGTCCACGACG",56
"TGCGCAGTCCGGGTGT",47
"TGCGCAGTCGCCCTTA",35
"TGCGCAGTCGGAGCAA",95
"TGCGGGTAGAATTGTG",1000
"TGCGGGTAGCGTGAGT",94
"TGCGGGTAGGCATGTG",23
"TGCGGGTAGGCCCTTG",70
"TGCGGGTAGGCGTACA",59
"TGCGGGTAGGTTACCT",10
"TGCGGGTAGTCACGCC",96
"TGCGGGTAGTTGAGTA",95
"TGCGGGTAGTTGCAGG",22
"TGCGGGTCAAGTAGTA",1000
"TGCGGGTCAATCGAAA",23
"TGCGGGTCACACGCTG",22
"TGCGGGTCACATCTTT",76
"TGCGGGTCAGATGGGT",19
"TGCGGGTCAGTTAACC",19
"TGCGGGTCATATACGC",1000
"TGCGGGTCATTCTCAT",55
"TGCGGGTCATTTCACT",93
"TGCGGGTGTAAACGCG",1000
"TGCGGGTGTACCAGTT",2
"TGCGGGTGTACCGTTA",3
"TGCGGGTGTAGCGCTC",83
"TGCGGGTGTCGAACAG",1000
"TGCGGGTGTGACAAAT",91
"TGCGGGTGTGGGTCAA",47
"TGCGGGTGTTAAGTAG",1000
"TGCGGGTTCAAGAAGT",10
"TGCGGGTTCCGTTGCT",62
"TGCGGGTTCGTGACAT",10
"TGCGGGTTCTACGAGT",95
"TGCGTGGAGAACTGTA",68
"TGCGTGGAGAGATGAG",34
"TGCGTGGAGATGTGGC",82
"TGCGTGGAGCTCTCGG",72
"TGCGTGGAGCTGTCTA",1000
"TGCGTGGAGGCAGTCA",71
"TGCGTGGAGGCGTACA",37
"TGCGTGGAGGTGCTAG",23
"TGCGTGGAGTAATCCC",21
"TGCGTGGAGTACGCGA",35
"TGCGTGGAGTAGCGGT",87
"TGCGTGGAGTAGTGCG",90
"TGCGTGGAGTGCCATT",72
"TGCGTGGAGTTGTCGT",95
"TGCGTGGCAATGGTCT",35
"TGCGTGGCACGTTGGC",1000
"TGCGTGGCAGATGAGC",79
"TGCGTGGCATGAGCGA",71
"TGCGTGGGTCACTGGC",14
"TGCGTGGGTCGCGTGT",82
"TGCGTGGGTCTCACCT",26
"TGCGTGGGTGTGCCTG",1000
"TGCGTGGTCAAAGACA",1000
"TGCGTGGTCACTGGGC",91
"TGCGTGGTCAGCACAT",72
"TGCGTGGTCATCATTC",44
"TGCGTGGTCATGTCTT",70
"TGCGTGGTCCAATGGT",70
"TGCGTGGTCCCATTAT",80
"TGCGTGGTCCTTGACC",22
"TGCGTGGTCGCCATAA",58
"TGCGTGGTCGGCTTGG",59
"TGCGTGGTCTAACCGA",93
"TGCGTGGTCTTCATGT",74
"TGCTACCAGATGGCGT",63
"TGCTACCAGCCAACAG",1000
"TGCTACCAGCGCTTAT",84
"TGCTACCAGCGTTGCC",69
"TGCTACCAGCTCCTTC",41
"TGCTACCAGCTGATAA",59
"TGCTACCAGGTCGGAT",55
"TGCTACCAGTACGACG",10
"TGCTACCAGTAGATGT",25
"TGCTACCAGTCGAGTG",10
"TGCTACCCAATCGAAA",26
"TGCTACCCACTCAGGC",10
"TGCTACCCAGCATACT",46
"TGCTACCCAGCCTTGG",71
"TGCTACCCAGGCAGTA",96
"TGCTACCCATCTCCCA",72
"TGCTACCCATTTCAGG",19
"TGCTACCGTAAACCTC",77
"TGCTACCGTCAAAGAT",35
"TGCTACCGTCGAAAGC",1000
"TGCTACCGTCTAACGT",1000
"TGCTACCGTCTCATCC",67
"TGCTACCGTGCGATAG",71
"TGCTACCGTGTCGCTG",93
"TGCTACCGTTAAGGGC",1000
"TGCTACCGTTCGCTAA",71
"TGCTACCTCCCTAATT",46
"TGCTACCTCGTACGGC",1000
"TGCTACCTCTGATACG",19
"TGCTGCTAGAAACCGC",56
"TGCTGCTAGAGCTATA",56
"TGCTGCTAGCAATATG",75
"TGCTGCTAGCGATGAC",35
"TGCTGCTAGCTGCAAG",1000
"TGCTGCTAGGAGTACC",56
"TGCTGCTAGGGCATGT",47
"TGCTGCTAGGTAGCCA",58
"TGCTGCTAGTCTCCTC",83
"TGCTGCTCAAGCCATT",13
"TGCTGCTCAAGCCGTC",20
"TGCTGCTCAATGGTCT",61
"TGCTGCTCACATCCGG",47
"TGCTGCTCACCGAATT",1000
"TGCTGCTCACCTTGTC",41
"TGCTGCTCACGGATAG",11
"TGCTGCTCACTGCCAG",96
"TGCTGCTCACTGTCGG",93
"TGCTGCTGTAAAGTCA",72
"TGCTGCTGTCTAGCCG",41
"TGCTGCTGTGCCTGGT",91
"TGCTGCTGTTGGACCC",58
"TGCTGCTGTTGGTTTG",58
"TGCTGCTGTTTAGGAA",9
"TGCTGCTTCACGACTA",1000
"TGCTGCTTCCAAAGTC",58
"TGCTGCTTCGCTGATA",25
"TGCTGCTTCGGCATCG",95
"TGCTGCTTCGGGAGTA",13
"TGCTGCTTCTAGAGTC",1000
"TGCTGCTTCTCTGCTG",58
"TGCTGCTTCTTTACAC",1000
"TGGACGCAGAACAACT",96
"TGGACGCAGATGTGGC",58
"TGGACGCAGCCAGGAT",33
"TGGACGCAGGACAGAA",66
"TGGACGCAGGCAATTA",1000
"TGGACGCAGGTGTTAA",90
"TGGACGCAGTCCATAC",61
"TGGACGCAGTGCGATG",71
"TGGACGCCAAGCGAGT",1000
"TGGACGCCAGCTGGCT",21
"TGGACGCCATACGCTA",71
"TGGACGCGTAAATGAC",70
"TGGACGCGTCATATGC",80
"TGGACGCGTCGGCACT",1000
"TGGACGCGTGTCAATC",82
"TGGACGCGTGTGAATA",72
"TGGACGCGTTACGCGC",8
"TGGACGCGTTGTGGAG",10
"TGGACGCTCAAGATCC",58
"TGGACGCTCACGAAGG",11
"TGGACGCTCATGTCTT",31
"TGGACGCTCCGAACGC",35
"TGGACGCTCCGCATAA",71
"TGGACGCTCGGTGTTA",94
"TGGACGCTCGTTTATC",11
"TGGACGCTCTAACCGA",94
"TGGACGCTCTCCAACC",35
"TGGACGCTCTCGATGA",38
"TGGACGCTCTGTTGAG",55
"TGGCCAGAGAAGAAGC",19
"TGGCCAGAGCAGGTCA",1000
"TGGCCAGAGCGATATA",94
"TGGCCAGAGGACTGGT",58
"TGGCCAGAGTAGCGGT",70
"TGGCCAGAGTCACGCC",32
"TGGCCAGAGTGCGTGA",59
"TGGCCAGAGTTGAGAT",62
"TGGCCAGCAAACCCAT",71
"TGGCCAGCAAGCGCTC",85
"TGGCCAGCAATAAGCA",64
"TGGCCAGCACATGACT",11
"TGGCCAGCAGATCCAT",76
"TGGCCAGCAGGTGGAT",95
"TGGCCAGCAGTAACGG",20
"TGGCCAGCAGTGGGAT",82
"TGGCCAGCATTGGCGC",10
"TGGCCAGCATTGGGCC",24
"TGGCCAGGTCTCCACT",70
"TGGCCAGGTCTGATCA",44
"TGGCCAGGTCTTTCAT",84
"TGGCCAGGTGCCTGTG",36
"TGGCCAGGTTCAGCGC",11
"TGGCCAGTCAACTCTT",41
"TGGCCAGTCCACGTGG",1000
"TGGCCAGTCCGCGCAA",62
"TGGCCAGTCGCGCCAA",95
"TGGCCAGTCGGTGTCG",37
"TGGCCAGTCGTAGGAG",59
"TGGCGCAAGAACTCGG",67
"TGGCGCAAGAAGGGTA",19
"TGGCGCAAGAGTACCG",32
"TGGCGCAAGCAATCTC",1000
"TGGCGCAAGCTCAACT",2
"TGGCGCAAGGCGTACA",73
"TGGCGCAAGGGATCTG",1000
"TGGCGCAAGGTGATAT",1000
"TGGCGCAAGTCGCCGT",47
"TGGCGCACAAGGACAC",20
"TGGCGCACACGCTTTC",11
"TGGCGCACACGTTGGC",85
"TGGCGCACACTACAGT",2
"TGGCGCACATAACCTG",1000
"TGGCGCACATCAGTAC",58
"TGGCGCAGTAGCTTGT",1000
"TGGCGCAGTATTCTCT",13
"TGGCGCAGTCATCCCT",77
"TGGCGCAGTGGCAAAC",34
"TGGCGCAGTTGACGTT",13
"TGGCGCAGTTGATTCG",7
"TGGCGCAGTTGTCTTT",56
"TGGCGCATCAACCAAC",96
"TGGCGCATCACGGTTA",34
"TGGCGCATCATGTAGC",91
"TGGCGCATCATGTCCC",1000
"TGGCGCATCATTGCGA",41
"TGGCGCATCCTTTCGG",31
"TGGCGCATCGCAAACT",35
"TGGCGCATCGCAAGCC",58
"TGGCGCATCGTCGTTC",62
"TGGCGCATCTCGTTTA",71
"TGGCGCATCTTGTCAT",82
"TGGCGCATCTTTCCTC",84
"TGGCTGGAGATACACA",46
"TGGCTGGAGATATACG",20
"TGGCTGGAGATCGATA",1000
"TGGCTGGAGCGTAGTG",59
"TGGCTGGAGCTAACAA",1
"TGGCTGGAGCTACCTA",20
"TGGCTGGAGGTGATTA",10
"TGGCTGGAGTACACCT",72
"TGGCTGGAGTACGTTC",35
"TGGCTGGAGTGTTTGC",94
"TGGCTGGCAAGGTGTG",22
"TGGCTGGCAAGGTTCT",23
"TGGCTGGCACATTCGA",83
"TGGCTGGCAGGTGCCT",35
"TGGCTGGCAGGTGGAT",82
"TGGCTGGCAGTACACT",79
"TGGCTGGCATCATCCC",94
"TGGCTGGCATCGGAAG",22
"TGGCTGGCATGGTCTA",52
"TGGCTGGCATTATCTC",80
"TGGCTGGCATTGTGCA",82
"TGGCTGGGTAATAGCA",45
"TGGCTGGGTAGCTAAA",58
"TGGCTGGGTAGTGAAT",17
"TGGCTGGGTCCTCTTG",78
"TGGCTGGGTCGCTTCT",43
"TGGCTGGGTTACCAGT",20
"TGGCTGGTCACCACCT",34
"TGGCTGGTCAGAGGTG",22
"TGGCTGGTCATTTGGG",68
"TGGCTGGTCTCGGACG",72
"TGGCTGGTCTCTAAGG",65
"TGGCTGGTCTGTCAAG",44
"TGGCTGGTCTGTTGAG",94
"TGGCTGGTCTTGTATC",36
"TGGGAAGAGACACGAC",71
"TGGGAAGAGAGCAATT",15
"TGGGAAGAGAGGTAGA",96
"TGGGAAGAGATATGCA",11
"TGGGAAGAGCGTAATA",94
"TGGGAAGAGCGTGAAC",34
"TGGGAAGAGCTTATCG",50
"TGGGAAGAGGTGATTA",82
"TGGGAAGAGTACGCGA",2
"TGGGAAGCAAACGCGA",11
"TGGGAAGCAAGTCTAC",46
"TGGGAAGCACGAAACG",76
"TGGGAAGCAGGATTGG",55
"TGGGAAGCAGGTGGAT",35
"TGGGAAGCATCTGGTA",70
"TGGGAAGCATGAAGTA",94
"TGGGAAGGTATAAACG",1000
"TGGGAAGGTATTCTCT",70
"TGGGAAGGTCATACTG",34
"TGGGAAGGTCTCATCC",92
"TGGGAAGGTGGCGAAT",1000
"TGGGAAGGTTATCGGT",43
"TGGGAAGTCAACGAAA",20
"TGGGAAGTCACCCGAG",2
"TGGGAAGTCCGCTGTT",44
"TGGGAAGTCCGTAGGC",23
"TGGGCGTAGAACTCGG",56
"TGGGCGTAGAGCCTAG",91
"TGGGCGTAGCATGGCA",20
"TGGGCGTAGCCAACAG",1000
"TGGGCGTAGCTGTCTA",95
"TGGGCGTAGTGGAGAA",58
"TGGGCGTAGTGTCCAT",59
"TGGGCGTAGTTCGATC",80
"TGGGCGTCAATAGAGT",72
"TGGGCGTCAATTGCTG",27
"TGGGCGTCACCACCAG",84
"TGGGCGTCACTTGGAT",78
"TGGGCGTCAGGACGTA",58
"TGGGCGTCAGGATTGG",34
"TGGGCGTGTAAGAGGA",71
"TGGGCGTGTCATCCCT",84
"TGGGCGTGTGATGATA",96
"TGGGCGTGTGATGTCT",91
"TGGGCGTGTGGCGAAT",1000
"TGGGCGTGTTCAGCGC",39
"TGGGCGTGTTGGGACA",82
"TGGGCGTTCAACACTG",94
"TGGGCGTTCACAGGCC",11
"TGGGCGTTCATACGGT",46
"TGGGCGTTCCAGAAGG",62
"TGGGCGTTCCCTGACT",35
"TGGGCGTTCCGCGTTT",32
"TGGGCGTTCCGCTGTT",72
"TGGGCGTTCCTCAACC",35
"TGGGCGTTCGCAAACT",94
"TGGGCGTTCGTGGACC",58
"TGGGCGTTCTCCCTGA",1000
"TGGGCGTTCTGCGACG",89
"TGGTTAGAGACACGAC",1000
"TGGTTAGAGACGCACA",46
"TGGTTAGAGAGCCCAA",55
"TGGTTAGAGCAATCTC",32
"TGGTTAGAGCATCATC",96
"TGGTTAGAGCCTATGT",59
"TGGTTAGAGCGTTTAC",23
"TGGTTAGAGGATTCGG",34
"TGGTTAGAGTTACCCA",11
"TGGTTAGCAATCAGAA",22
"TGGTTAGCACGAAGCA",3
"TGGTTAGCACGCATCG",7
"TGGTTAGCAGCTCCGA",11
"TGGTTAGCATCATCCC",67
"TGGTTAGGTAAATGTG",47
"TGGTTAGGTCGGGTCT",1000
"TGGTTAGGTGTTGGGA",71
"TGGTTAGGTTGAGTTC",20
"TGGTTAGGTTTGGCGC",48
"TGGTTAGTCATTATCC",22
"TGGTTAGTCCGGCACA",92
"TGGTTAGTCGGAAACG",62
"TGGTTAGTCGGTTAAC",23
"TGGTTAGTCTAACTTC",87
"TGGTTAGTCTACTATC",82
"TGGTTAGTCTGTTGAG",1000
"TGGTTCCAGACAAGCC",79
"TGGTTCCAGCACGCCT",7
"TGGTTCCAGTGCGATG",64
"TGGTTCCCAATGTTGC",84
"TGGTTCCCACTAAGTC",4
"TGGTTCCCAGCTGTTA",59
"TGGTTCCCAGGGTATG",49
"TGGTTCCGTAATAGCA",70
"TGGTTCCGTCACTGGC",35
"TGGTTCCGTCCCTACT",72
"TGGTTCCGTCGCTTTC",11
"TGGTTCCGTGAGGCTA",74
"TGGTTCCGTGCATCTA",1000
"TGGTTCCGTTAAGACA",63
"TGGTTCCGTTCGAATC",23
"TGGTTCCTCCGGGTGT",46
"TGGTTCCTCGGATGGA",55
"TGGTTCCTCGTCCGTT",84
"TGGTTCCTCTAACTTC",94
"TGGTTCCTCTCCGGTT",34
"TGGTTCCTCTGCCCTA",69
"TGGTTCCTCTGCTGCT",13
"TGGTTCCTCTTATCTG",1000
"TGTATTCAGACAAAGG",1000
"TGTATTCAGACTAGAT",70
"TGTATTCAGCCACTAT",1000
"TGTATTCAGCCATCGC",55
"TGTATTCAGCCCTAAT",70
"TGTATTCAGCTGCAAG",11
"TGTATTCAGCTGGAAC",47
"TGTATTCAGGATGGTC",32
"TGTATTCAGGCGATAC",70
"TGTATTCAGGGCTCTC",95
"TGTATTCAGTACGATA",1000
"TGTATTCAGTACGCGA",95
"TGTATTCAGTCCGGTC",22
"TGTATTCAGTGAACAT",35
"TGTATTCCAAATTGCC",70
"TGTATTCCAATAGCAA",58
"TGTATTCCACATCTTT",90
"TGTATTCCACCAGATT",10
"TGTATTCCACGGTAGA",56
"TGTATTCCACTTAAGC",1000
"TGTATTCCAGCTGGCT",60
"TGTATTCCATCACCCT",93
"TGTATTCCATGGTAGG",47
"TGTATTCCATTTGCCC",19
"TGTATTCGTAAATACG",58
"TGTATTCGTCAAAGAT",20
"TGTATTCGTCTAACGT",44
"TGTATTCGTCTGATCA",1000
"TGTATTCGTGATGATA",72
"TGTATTCGTGGACGAT",23
"TGTATTCGTGTGACCC",71
"TGTATTCGTTACGGAG",11
"TGTATTCGTTATCCGA",56
"TGTATTCGTTCCACAA",24
"TGTATTCTCAAGATCC",11
"TGTATTCTCACAATGC",23
"TGTATTCTCTACCTGC",46
"TGTATTCTCTTGCAAG",53
"TGTCCCAAGGCAGTCA",2
"TGTCCCAAGTGAATTG",47
"TGTCCCACAATGAAAC",82
"TGTCCCACACCATCCT",79
"TGTCCCACACCGGAAA",82
"TGTCCCACAGACGCAA",5
"TGTCCCACAGCATACT",61
"TGTCCCACAGTCTTCC",83
"TGTCCCACATCGGACC",70
"TGTCCCACATTATCTC",36
"TGTCCCAGTAAACACA",69
"TGTCCCAGTACAGCAG",71
"TGTCCCAGTATCGCAT",32
"TGTCCCAGTATCTGCA",23
"TGTCCCAGTCTCGTTC",1
"TGTCCCAGTCTTCGTC",10
"TGTCCCATCAACCAAC",59
"TGTCCCATCAACTCTT",47
"TGTCCCATCACTCCTG",11
"TGTCCCATCCAACCAA",22
"TGTCCCATCCAGAAGG",58
"TGTCCCATCCCTTGCA",23
"TGTCCCATCTCAAGTG",23
"TGTGGTAAGATATGCA",53
"TGTGGTAAGATGTTAG",25
"TGTGGTAAGCGTAGTG",43
"TGTGGTAAGCTGGAAC",9
"TGTGGTAAGTTCGCGC",46
"TGTGGTACAATGACCT",22
"TGTGGTACACACATGT",1000
"TGTGGTACACCCTATC",56
"TGTGGTACACTTAACG",13
"TGTGGTACATCCTAGA",67
"TGTGGTAGTACTCGCG",82
"TGTGGTAGTATCAGTC",57
"TGTGGTAGTCCGAAGA",23
"TGTGGTAGTCTGCGGT",59
"TGTGGTAGTCTGGTCG",36
"TGTGGTAGTTAGAACA",1000
"TGTGTTTAGAGTCGGT",71
"TGTGTTTAGCACGCCT",49
"TGTGTTTAGTATGACA",34
"TGTGTTTCAAAGCAAT",11
"TGTGTTTCAAATTGCC",71
"TGTGTTTCAAGTCTGT",82
"TGTGTTTCACAGTCGC",96
"TGTGTTTCACCCATTC",86
"TGTGTTTCACCTCGGA",8
"TGTGTTTCAGATGAGC",25
"TGTGTTTCAGGAATGC",56
"TGTGTTTCAGGACCCT",31
"TGTGTTTCAGTGAGTG",34
"TGTGTTTCATAGACTC",47
"TGTGTTTCATCTCCCA",1000
"TGTGTTTCATGCATGT",27
"TGTGTTTGTAATCGTC",1000
"TGTGTTTGTACCGAGA",60
"TGTGTTTGTCGAGTTT",11
"TGTGTTTGTGAGTATA",67
"TGTGTTTGTGGTACAG",69
"TGTGTTTGTGTAAGTA",85
"TGTGTTTGTTAAAGAC",11
"TGTGTTTGTTCGCGAC",32
"TGTGTTTTCAACACTG",38
"TGTGTTTTCGCGTTTC",1000
"TGTGTTTTCGGTTAAC",1000
"TGTGTTTTCTCCGGTT",82
"TGTGTTTTCTTGTATC",1000
"TGTTCCGAGAACAACT",70
"TGTTCCGAGCGACGTA",52
"TGTTCCGAGGATTCGG",56
"TGTTCCGAGGCAAAGA",41
"TGTTCCGAGGGCATGT",25
"TGTTCCGAGGTGCAAC",68
"TGTTCCGAGTACGATA",70
"TGTTCCGCAAGGTGTG",71
"TGTTCCGCAAGTAGTA",1000
"TGTTCCGCACAGGCCT",58
"TGTTCCGCACATGTGT",96
"TGTTCCGCAGTGAGTG",56
"TGTTCCGCATAGTAAG",37
"TGTTCCGCATCAGTAC",89
"TGTTCCGCATTGGCGC",72
"TGTTCCGGTAAGAGAG",56
"TGTTCCGGTATATCCG",53
"TGTTCCGGTCAAAGAT",27
"TGTTCCGGTCAAAGCG",14
"TGTTCCGGTCAAGCGA",63
"TGTTCCGGTCACAAGG",83
"TGTTCCGGTCCAGTGC",40
"TGTTCCGGTCTAGGTT",1000
"TGTTCCGGTGAAATCA",1000
"TGTTCCGGTGCAACTT",11
"TGTTCCGGTGCGCTTG",1000
"TGTTCCGGTGCTAGCC",69
"TGTTCCGTCAAGGTAA",71
"TGTTCCGTCACTTATC",10
"TGTTCCGTCATCACCC",1
"TGTTCCGTCATGTCTT",74
"TGTTCCGTCATTGCGA",11
"TGTTCCGTCCCTCAGT",19
"TGTTCCGTCCGAAGAG",1000
"TGTTCCGTCCGCTGTT",91
"TGTTCCGTCCTTGACC",70
"TGTTCCGTCGCAAGCC",95
"TGTTCCGTCGGCTACG",43
"TGTTCCGTCTTATCTG",94
"TGTTCCGTCTTCATGT",71
"TTAACTCAGACTTGAA",96
"TTAACTCAGCAGACTG",91
"TTAACTCAGCCCAGCT",94
"TTAACTCAGGCGCTCT",25
"TTAACTCAGGGATGGG",13
"TTAACTCAGGTAGCCA",44
"TTAACTCAGGTGACCA",70
"TTAACTCAGTCCTCCT",34
"TTAACTCAGTTTAGGA",46
"TTAACTCCAACTGGCC",47
"TTAACTCCAAGAAAGG",32
"TTAACTCCAATGAATG",68
"TTAACTCCACTGAAGG",93
"TTAACTCCAGGACGTA",25
"TTAACTCCATGCTAGT",1000
"TTAACTCCATTCTTAC",44
"TTAACTCGTAAATGAC",67
"TTAACTCGTAAGGGAA",1000
"TTAACTCGTAGAGCTG",70
"TTAACTCGTAGTGAAT",21
"TTAACTCGTATCACCA",67
"TTAACTCGTTATCGGT",37
"TTAACTCGTTGATTGC",82
"TTAACTCTCACCTTAT",46
"TTAACTCTCAGCTGGC",43
"TTAACTCTCAGTTTGG",23
"TTAACTCTCCCTTGTG",39
"TTAACTCTCCTAGAAC",95
"TTAACTCTCCTTTCGG",11
"TTAACTCTCGAATCCA",25
"TTAACTCTCGTAGATC",70
"TTAACTCTCGTTACAG",50
"TTAACTCTCGTTTATC",71
"TTAACTCTCTCCAACC",23
"TTAGGACAGAGTAAGG",56
"TTAGGACAGATGGGTC",23
"TTAGGACAGCAATATG",2
"TTAGGACAGCGTAATA",59
"TTAGGACAGCGTCTAT",71
"TTAGGACAGCTTCGCG",70
"TTAGGACAGGACAGCT",90
"TTAGGACAGTCCGGTC",46
"TTAGGACCAAAGCGGT",1
"TTAGGACCAATAGCAA",10
"TTAGGACCACAGCGTC",82
"TTAGGACCACATGTGT",46
"TTAGGACCACTGCCAG",44
"TTAGGACCAGTTTACG",24
"TTAGGACCATGCGCAC",38
"TTAGGACGTATGAAAC",14
"TTAGGACGTATTCGTG",70
"TTAGGACGTCATGCAT",86
"TTAGGACGTCGGGTCT",72
"TTAGGACGTCTTGTCC",58
"TTAGGACGTGATAAGT",82
"TTAGGACGTGATGCCC",91
"TTAGGACGTGGGTATG",1000
"TTAGGACGTTACGACT",1000
"TTAGGACGTTGCTCCT",1000
"TTAGGACTCACAAACC",23
"TTAGGACTCTTGACGA",1000
"TTAGGCAAGAAGAAGC",96
"TTAGGCAAGACGCTTT",44
"TTAGGCAAGGCTACGA",7
"TTAGGCAAGGCTCATT",13
"TTAGGCACAATACGCT",46
"TTAGGCACACGGCTAC",58
"TTAGGCACACGGTAAG",22
"TTAGGCACACTTCTGC",23
"TTAGGCACAGCATGAG",92
"TTAGGCACAGGCTGAA",47
"TTAGGCACAGTACACT",1000
"TTAGGCACATGCTAGT",35
"TTAGGCACATGGTCAT",44
"TTAGGCAGTACTTCTT",59
"TTAGGCAGTTGTTTGG",32
"TTAGGCATCCGCATAA",2
"TTAGGCATCGAATGCT",82
"TTAGGCATCGATGAGG",59
"TTAGGCATCTCCGGTT",1000
"TTAGGCATCTCTTATG",1000
"TTAGGCATCTGTCCGT",1000
"TTAGTTCAGAGTGACC",81
"TTAGTTCAGATGTGGC",64
"TTAGTTCAGGTTACCT",58
"TTAGTTCAGTACCGGA",1000
"TTAGTTCAGTGGGCTA",58
"TTAGTTCCAAGCGTAG",57
"TTAGTTCCACGGCTAC",1000
"TTAGTTCCACTGAAGG",80
"TTAGTTCCAGAAGCAC",20
"TTAGTTCCAGGACGTA",47
"TTAGTTCCAGTTCATG",11
"TTAGTTCCAGTTCCCT",82
"TTAGTTCGTAAATGTG",64
"TTAGTTCGTAAGAGAG",31
"TTAGTTCGTCAACATC",45
"TTAGTTCGTCCATGAT",71
"TTAGTTCGTGTCTGAT",54
"TTAGTTCGTGTTTGGT",1000
"TTAGTTCGTTGCTCCT",1000
"TTAGTTCGTTTGGGCC",32
"TTAGTTCTCACTTACT",11
"TTAGTTCTCAGCCTAA",41
"TTAGTTCTCATGTCCC",96
"TTAGTTCTCCGAATGT",1000
"TTAGTTCTCGCTAGCG",94
"TTAGTTCTCTAGCACA",2
"TTAGTTCTCTGAGTGT",23
"TTAGTTCTCTGTCAAG",57
"TTAGTTCTCTTGACGA",46
"TTAGTTCTCTTGCAAG",72
"TTATGCTAGAGCCTAG",22
"TTATGCTAGCAGGTCA",85
"TTATGCTAGCGTTTAC",34
"TTATGCTCAGGGTTAG",34
"TTATGCTCATATGAGA",53
"TTATGCTCATGCCCGA",1000
"TTATGCTGTATATGGA",11
"TTATGCTGTCAAAGAT",47
"TTATGCTGTCAGTGGA",58
"TTATGCTGTGTTTGTG",19
"TTATGCTGTTCGCTAA",70
"TTATGCTGTTGCGCAC",56
"TTATGCTTCAGTACGT",59
"TTATGCTTCAGTGCAT",82
"TTATGCTTCAGTTCGA",71
"TTATGCTTCCCTTGTG",8
"TTATGCTTCCGGCACA",23
"TTATGCTTCTCGCATC",70
"TTATGCTTCTTGCATT",1000
"TTCCCAGAGAACAACT",1000
"TTCCCAGAGAATGTTG",1000
"TTCCCAGAGAGCAATT",60
"TTCCCAGAGAGTACCG",94
"TTCCCAGAGATATACG",79
"TTCCCAGAGATGCGAC",10
"TTCCCAGAGCCGGTAA",47
"TTCCCAGAGGACATTA",36
"TTCCCAGAGGAGTCTG",1000
"TTCCCAGAGTACGATA",83
"TTCCCAGAGTGGACGT",81
"TTCCCAGAGTTATCGC",53
"TTCCCAGAGTTTCCTT",84
"TTCCCAGCAAAGCGGT",60
"TTCCCAGCACTGAAGG",1000
"TTCCCAGGTATCGCAT",23
"TTCCCAGGTCAGAATA",46
"TTCCCAGGTCCGTCAG",2
"TTCCCAGGTGACCAAG",10
"TTCCCAGGTTCCGGCA",34
"TTCCCAGGTTCCGTCT",64
"TTCCCAGGTTGAACTC",31
"TTCCCAGTCATAACCG",13
"TTCCCAGTCCCAAGAT",1000
"TTCCCAGTCCCTAATT",47
"TTCCCAGTCCGTTGCT",76
"TTCCCAGTCCTAAGTG",47
"TTCCCAGTCTATGTGG",59
"TTCCCAGTCTCAACTT",56
"TTCCCAGTCTCGAGTA",22
"TTCCCAGTCTGGCGAC",61
"TTCCCAGTCTTTCCTC",35
"TTCGAAGAGAGAACAG",22
"TTCGAAGAGTAACCCT",35
"TTCGAAGAGTACATGA",32
"TTCGAAGAGTACGCCC",55
"TTCGAAGAGTCTTGCA",55
"TTCGAAGCAAATACAG",11
"TTCGAAGCAAGTCTAC",25
"TTCGAAGCACGGCTAC",56
"TTCGAAGCACGGTGTC",70
"TTCGAAGCACTCGACG",74
"TTCGAAGCACTCTGTC",43
"TTCGAAGCACTTAACG",72
"TTCGAAGCAGCTCGCA",46
"TTCGAAGCAGTCAGCC",45
"TTCGAAGCATAAAGGT",46
"TTCGAAGCATATGAGA",8
"TTCGAAGCATCCAACA",80
"TTCGAAGCATGAACCT",46
"TTCGAAGGTAAGCACG",33
"TTCGAAGGTCTAGAGG",82
"TTCGAAGGTCTTGCGG",82
"TTCGAAGGTGGTTTCA",47
"TTCGAAGGTGTCCTCT",72
"TTCGAAGGTTATCGGT",82
"TTCGAAGGTTCGCTAA",32
"TTCGAAGTCAAAGTAG",8
"TTCGAAGTCAATACCG",60
"TTCGAAGTCAGTTTGG",55
"TTCGAAGTCCACGTGG",59
"TTCGAAGTCCAGTATG",59
"TTCGAAGTCCTGCCAT",59
"TTCGAAGTCGTAGGTT",70
"TTCGAAGTCGTGGGAA",69
"TTCGAAGTCTCAAACG",1000
"TTCGAAGTCTGAAAGA",34
"TTCGAAGTCTGATTCT",15
"TTCGAAGTCTGGCGTG",33
"TTCGAAGTCTTCTGGC",20
"TTCGGTCAGAAGGACA",58
"TTCGGTCAGACTTTCG",19
"TTCGGTCAGATGTGTA",51
"TTCGGTCAGCTAAACA",74
"TTCGGTCAGGAATGGA",82
"TTCGGTCAGGACAGCT",11
"TTCGGTCAGGAGTTGC",77
"TTCGGTCAGGATGTAT",1000
"TTCGGTCAGGGTGTTG",80
"TTCGGTCAGTACGTAA",25
"TTCGGTCCAACTGCTA",91
"TTCGGTCCACAAGTAA",70
"TTCGGTCCACAGCCCA",10
"TTCGGTCCAGCTATTG",84
"TTCGGTCCAGCTGCAC",59
"TTCGGTCCAGGCTCAC",43
"TTCGGTCCAGGTGGAT",94
"TTCGGTCCAGTAACGG",71
"TTCGGTCCATGAGCGA",46
"TTCGGTCCATGCTGGC",11
"TTCGGTCCATTTGCCC",1000
"TTCGGTCGTAAACACA",22
"TTCGGTCGTACAGCAG",34
"TTCGGTCGTAGGCATG",1000
"TTCGGTCGTCTCTTAT",94
"TTCGGTCGTGATAAGT",22
"TTCGGTCGTGCAACTT",58
"TTCGGTCGTTACCGAT",70
"TTCGGTCGTTCGAATC",11
"TTCGGTCGTTGGGACA",8
"TTCGGTCGTTTGGGCC",82
"TTCGGTCTCAACCAAC",46
"TTCGGTCTCACTGGGC",62
"TTCGGTCTCCTAGTGA",85
"TTCGGTCTCCTCAATT",23
"TTCGGTCTCGGTCTAA",37
"TTCGGTCTCTCTGAGA",10
"TTCGGTCTCTTGCAAG",72
"TTCTACAAGACAGGCT",67
"TTCTACAAGATGCCTT",94
"TTCTACAAGCGTAGTG",82
"TTCTACAAGCTAACAA",26
"TTCTACAAGGACCACA",19
"TTCTACAAGTGGGATC",77
"TTCTACACAATGTTGC",10
"TTCTACACACCTCGGA",61
"TTCTACACACCTCGTT",47
"TTCTACACATGTAGTC",23
"TTCTACAGTAAAGTCA",11
"TTCTACAGTAAGCACG",1000
"TTCTACAGTACATCCA",11
"TTCTACAGTCAACTGT",94
"TTCTACAGTCGGCATC",1000
"TTCTACAGTGATGATA",71
"TTCTACAGTGGACGAT",55
"TTCTACAGTGGTCTCG",36
"TTCTACAGTGTTTGTG",71
"TTCTACAGTTCAGGCC",89
"TTCTACATCAAAGTAG",50
"TTCTACATCACATGCA",46
"TTCTACATCCAAGTAC",96
"TTCTACATCCCTTGCA",1000
"TTCTACATCCGTACAA",56
"TTCTACATCCGTTGCT",1000
"TTCTACATCGAGAGCA",59
"TTCTACATCGATGAGG",37
"TTCTACATCGGTCCGA",9
"TTCTACATCGTTGACA",47
"TTCTACATCTGTTTGT",70
"TTCTCAAAGAATCTCC",93
"TTCTCAAAGAGTCTGG",10
"TTCTCAAAGCACCGTC",8
"TTCTCAAAGCGTAGTG",10
"TTCTCAAAGCTGATAA",2
"TTCTCAAAGCTTTGGT",56
"TTCTCAAAGGGTATCG",32
"TTCTCAAAGTTACCCA",34
"TTCTCAACAAGTAGTA",10
"TTCTCAACAAGTTCTG",1000
"TTCTCAACAATCCGAT",43
"TTCTCAACACCCATGG",94
"TTCTCAACACCGCTAG",8
"TTCTCAACACGGTAGA",76
"TTCTCAACAGGCGATA",9
"TTCTCAACAGGCTGAA",23
"TTCTCAACATAGTAAG",22
"TTCTCAACATCAGTAC",91
"TTCTCAAGTAAACGCG",68
"TTCTCAAGTCACAAGG",7
"TTCTCAAGTGTCTGAT",46
"TTCTCAAGTTGTTTGG",94
"TTCTCAATCATACGGT",35
"TTCTCAATCATCGCTC",94
"TTCTCAATCGACAGCC",13
"TTCTCAATCGTTGCCT",94
"TTCTCAATCTTACCGC",64
"TTCTCCTAGCCATCGC",33
"TTCTCCTAGCGAGAAA",32
"TTCTCCTAGCGTTTAC",83
"TTCTCCTAGCTCCTCT",86
"TTCTCCTAGGCATGTG",61
"TTCTCCTAGTAGCGGT",18
"TTCTCCTAGTCGTTTG",22
"TTCTCCTAGTGTTTGC",10
"TTCTCCTCAAGCCCAC",91
"TTCTCCTCAATCTACG",78
"TTCTCCTCAATGGATA",96
"TTCTCCTCAATTGCTG",59
"TTCTCCTCACATTCGA",46
"TTCTCCTCACCAGGCT",95
"TTCTCCTCACCCAGTG",35
"TTCTCCTCACCGATAT",68
"TTCTCCTCACGGCGTT",82
"TTCTCCTCAGACAGGT",1000
"TTCTCCTCATAAAGGT",91
"TTCTCCTCATAGAAAC",82
"TTCTCCTCATGGGACA",37
"TTCTCCTGTACAGTTC",27
"TTCTCCTGTCACTTCC",1000
"TTCTCCTGTCCTCCAT",1000
"TTCTCCTGTCTCGTTC",23
"TTCTCCTGTGCTGTAT",2
"TTCTCCTGTGGTCTCG",31
"TTCTCCTGTGGTTTCA",11
"TTCTCCTGTTAGGGTG",1000
"TTCTCCTTCACAGTAC",74
"TTCTCCTTCAGATAAG",49
"TTCTCCTTCAGTTTGG",86
"TTCTCCTTCATGTAGC",85
"TTCTCCTTCCCAAGTA",46
"TTCTCCTTCGACCAGC",37
"TTCTCCTTCGGAGCAA",1000
"TTCTCCTTCTAACTTC",26
"TTCTCCTTCTCGCTTG",8
"TTCTCCTTCTGGCGAC",11
"TTCTCCTTCTTGAGAC",25
"TTCTTAGAGAAGATTC",72
"TTCTTAGAGACAGGCT",22
"TTCTTAGAGGAGTTTA",23
"TTCTTAGAGGCCATAG",14
"TTCTTAGAGGCGCTCT",1000
"TTCTTAGAGGCTCATT",70
"TTCTTAGAGGTCGGAT",79
"TTCTTAGAGTAAGTAC",38
"TTCTTAGAGTGACTCT",27
"TTCTTAGAGTTATCGC",58
"TTCTTAGCAAGCCGTC",94
"TTCTTAGCAATAGCGG",94
"TTCTTAGCACACCGAC",59
"TTCTTAGCACCGAAAG",82
"TTCTTAGCAGATGGGT",11
"TTCTTAGCAGTATGCT",20
"TTCTTAGCATCTGGTA",47
"TTCTTAGCATGCCTTC",1000
"TTCTTAGGTAAAGTCA",1000
"TTCTTAGGTATAGGGC",70
"TTCTTAGGTATATGAG",7
"TTCTTAGGTATATGGA",58
"TTCTTAGGTGTTGGGA",95
"TTCTTAGGTTTGTGTG",31
"TTCTTAGTCAACACAC",95
"TTCTTAGTCAATACCG",58
"TTCTTAGTCACAAACC",77
"TTCTTAGTCACTCTTA",59
"TTCTTAGTCAGAAATG",82
"TTCTTAGTCAGCCTAA",69
"TTCTTAGTCATACGGT",67
"TTCTTAGTCATGCAAC",84
"TTCTTAGTCCACGTGG",1000
"TTCTTAGTCCTGCAGG",34
"TTCTTAGTCGGAAACG",82
"TTCTTAGTCGTCTGAA",34
"TTCTTAGTCTACCTGC",92
"TTCTTAGTCTCCAACC",71
"TTGAACGAGAAGAAGC",57
"TTGAACGAGAGGTAGA",80
"TTGAACGAGGGTGTGT",63
"TTGAACGAGGTGGGTT",66
"TTGAACGAGTAAGTAC",19
"TTGAACGAGTGGACGT",57
"TTGAACGCAACACCTA",94
"TTGAACGCAATGTAAG",13
"TTGAACGCACGGCTAC",65
"TTGAACGCACGGTTTA",61
"TTGAACGCAGCGTCCA",22
"TTGAACGCAGGAATCG",22
"TTGAACGCATCTCCCA",64
"TTGAACGCATGCTAGT",80
"TTGAACGCATGTTGAC",80
"TTGAACGCATTAGGCT",1000
"TTGAACGCATTGGTAC",67
"TTGAACGGTAAACGCG",70
"TTGAACGGTACAGTTC",90
"TTGAACGGTAGTACCT",7
"TTGAACGGTCACACGC",5
"TTGAACGGTCCAAGTT",81
"TTGAACGGTCCGTCAG",59
"TTGAACGGTCTAGTCA",33
"TTGAACGGTCTGCCAG",47
"TTGAACGGTGTGCCTG",1000
"TTGAACGGTTAGTGGG",94
"TTGAACGTCAAACAAG",81
"TTGAACGTCAATCTCT",1000
"TTGAACGTCACATACG",72
"TTGAACGTCAGATAAG",43
"TTGAACGTCAGTTTGG",44
"TTGAACGTCCACGTTC",65
"TTGAACGTCCCTGACT",35
"TTGAACGTCCTGTAGA",81
"TTGAACGTCGAATGGG",4
"TTGAACGTCTACTATC",11
"TTGAACGTCTAGCACA",47
"TTGAACGTCTGGAGCC",71
"TTGACTTAGATAGCAT",82
"TTGACTTAGATCCCGC",22
"TTGACTTAGCGGATCA",20
"TTGACTTAGGATGGTC",23
"TTGACTTCAAGAGTCG",82
"TTGACTTCAAGCGCTC",34
"TTGACTTCACAGACAG",86
"TTGACTTCACCTGGTG",70
"TTGACTTCAGATCCAT",59
"TTGACTTCAGCTCCGA",22
"TTGACTTCAGGTCCAC",64
"TTGACTTCATCTCCCA",57
"TTGACTTGTAAGGATT",1000
"TTGACTTGTAAGGGCT",1000
"TTGACTTGTACATGTC",43
"TTGACTTGTACCGTAT",26
"TTGACTTGTCATGCCG",61
"TTGACTTGTCTAAAGA",35
"TTGACTTGTCTTCGTC",71
"TTGACTTGTGAACCTT",55
"TTGACTTGTTCCCTTG",23
"TTGACTTTCACAGTAC",76
"TTGACTTTCAGTTCGA",74
"TTGACTTTCAGTTTGG",71
"TTGACTTTCATGTCCC",36
"TTGACTTTCCAGAAGG",25
"TTGACTTTCCCTTGCA",2
"TTGACTTTCGAGGTAG",85
"TTGACTTTCGCACTCT",35
"TTGACTTTCTGACCTC",1000
"TTGACTTTCTGGCGAC",1000
"TTGACTTTCTTCAACT",84
"TTGACTTTCTTGGGTA",53
"TTGCCGTAGAGTCTGG",57
"TTGCCGTAGCGTTGCC",46
"TTGCCGTAGGTGCAAC",11
"TTGCCGTAGTCTTGCA",25
"TTGCCGTAGTGTACGG",82
"TTGCCGTCAAGCGATG",49
"TTGCCGTCACATTCGA",59
"TTGCCGTCACCCAGTG",59
"TTGCCGTCACTCTGTC",44
"TTGCCGTCAGGAATCG",22
"TTGCCGTCAGGACGTA",25
"TTGCCGTCAGTAACGG",59
"TTGCCGTCATTCTCAT",95
"TTGCCGTGTAAACGCG",72
"TTGCCGTGTCTAAACC",91
"TTGCCGTGTGCAGTAG",59
"TTGCCGTGTTCAGTAC",69
"TTGCCGTGTTGGAGGT",72
"TTGCCGTGTTTGTTGG",24
"TTGCCGTTCACCATAG",62
"TTGCCGTTCCAGGGCT",55
"TTGCCGTTCGGCATCG",58
"TTGCCGTTCGGCTACG",59
"TTGCCGTTCGTGACAT",37
"TTGCCGTTCTACCAGA",61
"TTGCCGTTCTATCGCC",59
"TTGCCGTTCTCTAAGG",90
"TTGCCGTTCTGCGGCA",60
"TTGCGTCAGATCCGAG",43
"TTGCGTCAGCAGCGTA",84
"TTGCGTCAGGTGATTA",11
"TTGCGTCAGTTATCGC",68
"TTGCGTCCAAGTAATG",58
"TTGCGTCCACAACGTT",47
"TTGCGTCCACACTGCG",22
"TTGCGTCCACCCAGTG",23
"TTGCGTCCACGGTAAG",74
"TTGCGTCCAGGGTATG",74
"TTGCGTCGTAGCCTCG",68
"TTGCGTCGTCAAACTC",9
"TTGCGTCGTCCTGCTT",11
"TTGCGTCGTGGAAAGA",70
"TTGCGTCTCATGGTCA",56
"TTGCGTCTCCACGTGG",81
"TTGCGTCTCCCGACTT",56
"TTGCGTCTCGAGAACG",84
"TTGCGTCTCGCTAGCG",80
"TTGCGTCTCTCCAACC",19
"TTGCGTCTCTGGTATG",1
"TTGGAACAGAATCTCC",21
"TTGGAACAGAATTCCC",72
"TTGGAACAGCAATCTC",11
"TTGGAACAGGAATCGC",94
"TTGGAACAGGACATTA",43
"TTGGAACAGGATTCGG",49
"TTGGAACCAAAGGAAG",20
"TTGGAACCAAGCCCAC",11
"TTGGAACCAAGCTGGA",56
"TTGGAACCACCACGTG",91
"TTGGAACCACCGAATT",79
"TTGGAACCACGGATAG",46
"TTGGAACCAGATCTGT",34
"TTGGAACCAGATTGCT",84
"TTGGAACCAGCTCCGA",20
"TTGGAACCATCGACGC",20
"TTGGAACCATTCACTT",58
"TTGGAACGTAAGTGTA",44
"TTGGAACGTATAAACG",23
"TTGGAACGTCCAGTAT",83
"TTGGAACGTCTGCAAT",58
"TTGGAACGTGTCCTCT",94
"TTGGAACGTTAAGATG",1000
"TTGGAACGTTCGCGAC",58
"TTGGAACGTTGAGGTG",31
"TTGGAACGTTTAGGAA",21
"TTGGAACGTTTGTTGG",10
"TTGGAACTCAACACCA",22
"TTGGAACTCATCACCC",83
"TTGGAACTCATGCTCC",82
"TTGGAACTCCCTCAGT",77
"TTGGAACTCCGTTGTC",10
"TTGGAACTCTCAAACG",62
"TTGGCAAAGCCCAGCT",22
"TTGGCAAAGGAATCGC",70
"TTGGCAAAGTACGTAA",1000
"TTGGCAAAGTCTTGCA",96
"TTGGCAAAGTGACTCT",92
"TTGGCAAAGTGGTAAT",22
"TTGGCAAAGTTAAGTG",47
"TTGGCAACAATCGGTT",84
"TTGGCAACAATGCCAT",2
"TTGGCAACACTGAAGG",59
"TTGGCAACAGGATCGA",46
"TTGGCAACATACTACG",11
"TTGGCAAGTAAGGATT",72
"TTGGCAAGTACCAGTT",81
"TTGGCAAGTCGTTGTA",59
"TTGGCAAGTGATAAGT",49
"TTGGCAAGTTCCACGG",70
"TTGGCAATCACTCTTA",35
"TTGGCAATCCAGAGGA",47
"TTGGCAATCCTCAACC",43
"TTGGCAATCGCCTGTT",14
"TTGTAGGAGAACAATC",23
"TTGTAGGAGAGAGCTC",85
"TTGTAGGAGATGCGAC",57
"TTGTAGGAGCACCGTC",50
"TTGTAGGAGCGATGAC",82
"TTGTAGGAGCGGATCA",58
"TTGTAGGAGCGTAGTG",32
"TTGTAGGAGCTGCCCA",80
"TTGTAGGAGGTCGGAT",56
"TTGTAGGAGTACGACG",25
"TTGTAGGCAAGTCATC",37
"TTGTAGGCACAGGTTT",37
"TTGTAGGCACCTTGTC",47
"TTGTAGGCACTAAGTC",44
"TTGTAGGCAGGTGGAT",34
"TTGTAGGCAGTGGAGT",1000
"TTGTAGGCATGGTCAT",93
"TTGTAGGCATTGGCGC",92
"TTGTAGGGTAAAGGAG",80
"TTGTAGGGTCGAACAG",17
"TTGTAGGGTCGGCTCA",81
"TTGTAGGGTGGTAACG",77
"TTGTAGGGTTACAGAA",34
"TTGTAGGGTTACGACT",34
"TTGTAGGTCAAAGTAG",2
"TTGTAGGTCAACGGGA",23
"TTGTAGGTCACATGCA",35
"TTGTAGGTCATACGGT",82
"TTGTAGGTCGCAAGCC",50
"TTGTAGGTCGGCGGTT",46
"TTGTAGGTCGTTGACA",83
"TTGTAGGTCTCATTCA",55
"TTGTAGGTCTCGGACG",95
"TTGTAGGTCTTTAGGG",67
"TTGTAGGTCTTTCCTC",13
"TTTACTGAGAACTCGG",43
"TTTACTGAGACCGGAT",35
"TTTACTGAGAGGACGG",68
"TTTACTGAGAGTAATC",96
"TTTACTGAGATATGGT",1000
"TTTACTGAGATGTGTA",46
"TTTACTGAGCCACTAT",11
"TTTACTGAGCTCCCAG",44
"TTTACTGAGGCAGTCA",5
"TTTACTGAGGGTGTGT",49
"TTTACTGCAAACTGCT",35
"TTTACTGCACCCTATC",55
"TTTACTGCACGAAACG",11
"TTTACTGCACGCTTTC",94
"TTTACTGCACGGTAAG",70
"TTTACTGCAGATGGGT",1000
"TTTACTGCATCGGAAG",71
"TTTACTGCATGTTGAC",84
"TTTACTGGTCCATCCT",8
"TTTACTGGTCGAGTTT",34
"TTTACTGGTGTAACGG",81
"TTTACTGGTGTCGCTG",11
"TTTACTGGTGTTTGGT",1000
"TTTACTGGTTATGCGT",78
"TTTACTGTCACGATGT",69
"TTTACTGTCAGAGCTT",8
"TTTACTGTCCAAGTAC",96
"TTTACTGTCGTTTATC",86
"TTTACTGTCTGCGACG",70
"TTTATGCAGAAACCAT",58
"TTTATGCAGCGATTCT",80
"TTTATGCAGCTAAGAT",71
"TTTATGCAGGAATGGA",60
"TTTATGCAGGACATTA",47
"TTTATGCAGGACCACA",4
"TTTATGCAGGATGGTC",67
"TTTATGCAGTCCAGGA",58
"TTTATGCCAACTGGCC",85
"TTTATGCCACACAGAG",71
"TTTATGCCACGTAAGG",34
"TTTATGCCACTCGACG",58
"TTTATGCCATGGGACA",37
"TTTATGCCATTATCTC",23
"TTTATGCGTAACGCGA",1000
"TTTATGCGTAATCGTC",46
"TTTATGCGTACCGGCT",80
"TTTATGCGTAGCCTCG",70
"TTTATGCGTAGCGTAG",59
"TTTATGCGTAGTAGTA",22
"TTTATGCGTATTACCG",91
"TTTATGCGTCTGCCAG",1000
"TTTATGCGTGGCGAAT",44
"TTTATGCTCACAGGCC",59
"TTTATGCTCAGCTGGC",32
"TTTATGCTCCGGGTGT",77
"TTTATGCTCCTATTCA",38
"TTTATGCTCCTTGACC",64
"TTTATGCTCGATGAGG",57
"TTTATGCTCTCTAGGA",1000
"TTTCCTCAGACTGGGT",23
"TTTCCTCAGATATGCA",74
"TTTCCTCAGCGATTCT",58
"TTTCCTCAGCTAAACA",37
"TTTCCTCAGGTAAACT",19
"TTTCCTCAGTAACCCT",70
"TTTCCTCAGTGATCGG",32
"TTTCCTCAGTGGTAAT",37
"TTTCCTCCAAGCCGTC",43
"TTTCCTCCAATAAGCA",22
"TTTCCTCCAATGACCT",74
"TTTCCTCCACATGGGA",1000
"TTTCCTCCACGAGAGT",77
"TTTCCTCCACTATCTT",11
"TTTCCTCCATCACGTA",74
"TTTCCTCCATGCAATC",64
"TTTCCTCCATGCATGT",1000
"TTTCCTCCATGCGCAC",72
"TTTCCTCGTACGACCC",59
"TTTCCTCGTACTTCTT",56
"TTTCCTCGTAGCACGA",18
"TTTCCTCGTCATGCAT",72
"TTTCCTCGTCCAGTGC",43
"TTTCCTCGTCGATTGT",1000
"TTTCCTCGTCGCTTTC",43
"TTTCCTCGTTACGGAG",13
"TTTCCTCGTTATGTGC",75
"TTTCCTCGTTCGTTGA",25
"TTTCCTCTCAGATAAG",11
"TTTCCTCTCCCATTTA",32
"TTTCCTCTCGGTTCGG",59
"TTTCCTCTCGTACGGC",95
"TTTCCTCTCTGGTGTA",1000
"TTTCCTCTCTGTCTAT",11
"TTTCCTCTCTTAACCT",61
"TTTGCGCAGAGACTTA",21
"TTTGCGCAGATCACGG",73
"TTTGCGCAGGAGTTTA",59
"TTTGCGCAGGCTCATT",33
"TTTGCGCAGTCCAGGA",19
"TTTGCGCAGTGTTGAA",31
"TTTGCGCAGTTGTCGT",32
"TTTGCGCCAAAGTGCG",10
"TTTGCGCCAACACCTA",1
"TTTGCGCCAAGCCCAC",34
"TTTGCGCCACACCGAC",58
"TTTGCGCCAGTGAGTG",1000
"TTTGCGCCAGTTCCCT",94
"TTTGCGCCATCACAAC",71
"TTTGCGCGTAAATGTG",21
"TTTGCGCGTAACGTTC",1000
"TTTGCGCGTACAGTTC",58
"TTTGCGCGTATGCTTG",7
"TTTGCGCGTCATACTG",70
"TTTGCGCGTCTGATCA",1000
"TTTGCGCGTGCACCAC",1000
"TTTGCGCGTGGTCTCG",52
"TTTGCGCGTGTGAATA",84
"TTTGCGCTCAACCATG",37
"TTTGCGCTCAATACCG",1000
"TTTGCGCTCACATAGC",35
"TTTGCGCTCAGTCAGT",46
"TTTGCGCTCATGTGGT",4
"TTTGCGCTCCTTCAAT",96
"TTTGCGCTCTTGACGA",34
"TTTGCGCTCTTGCAAG",70
"TTTGCGCTCTTGCCGT",34
"TTTGGTTAGAAACCAT",1000
"TTTGGTTAGAAAGTGG",11
"TTTGGTTAGACAGGCT",49
"TTTGGTTAGACCGGAT",14
"TTTGGTTAGATAGTCA",23
"TTTGGTTAGCACGCCT",53
"TTTGGTTAGCATGGCA",69
"TTTGGTTAGGTGCTAG",94
"TTTGGTTAGTGATCGG",1000
"TTTGGTTCAACACGCC",82
"TTTGGTTCAATGGAGC",23
"TTTGGTTCACAACTGT",72
"TTTGGTTCACAGACTT",10
"TTTGGTTCACGACGAA",83
"TTTGGTTCACGCCAGT",94
"TTTGGTTCACGGTAGA",90
"TTTGGTTCACTGTCGG",11
"TTTGGTTCAGACGTAG",47
"TTTGGTTCAGCCTTTC",13
"TTTGGTTCAGGTCTCG",94
"TTTGGTTCAGTCAGAG",76
"TTTGGTTCATCAGTAC",1000
"TTTGGTTCATTACCTT",84
"TTTGGTTCATTGGGCC",59
"TTTGGTTGTCACTGGC",1000
"TTTGGTTGTCCATCCT",56
"TTTGGTTGTCCTAGCG",58
"TTTGGTTGTCGCTTCT",70
"TTTGGTTGTCTCTCGT",65
"TTTGGTTGTGCCTGCA",80
"TTTGGTTGTGTCAATC",23
"TTTGGTTGTGTGCGTC",84
"TTTGGTTGTTAAGAAC",53
"TTTGGTTGTTTGCATG",46
"TTTGGTTTCACCACCT",22
"TTTGGTTTCACCGTAA",90
"TTTGGTTTCACTGGGC",58
"TTTGGTTTCGCAAACT",1000
"TTTGGTTTCGTTTAGG",11
"TTTGGTTTCTCTTATG",64
"TTTGGTTTCTGGCGTG",21
"TTTGGTTTCTTTAGGG",70
"TTTGTCAAGAATTGTG",55
"TTTGTCAAGCCAGAAC",84
"TTTGTCAAGGCGCTCT",71
"TTTGTCAAGGTGGGTT",11
"TTTGTCAAGTCATGCT",70
"TTTGTCAAGTGAACGC",1000
"TTTGTCAAGTTGAGTA",56
"TTTGTCACAAGCCTAT",70
"TTTGTCACACATAACC",58
"TTTGTCACACGGTTTA",22
"TTTGTCACAGACTCGC",58
"TTTGTCACAGCTCGAC",23
"TTTGTCACAGGAATGC",47
"TTTGTCACAGTCTTCC",23
"TTTGTCAGTCTAGCGC",64
"TTTGTCAGTCTCAACA",11
"TTTGTCAGTTCAGCGC",94
"TTTGTCAGTTGGGACA",84
"TTTGTCATCAGTTTGG",64
"TTTGTCATCATACGGT",69
"TTTGTCATCCCAAGTA",36
"TTTGTCATCCCTTGTG",1000
"TTTGTCATCTACCTGC",1000
"TTTGTCATCTCGCTTG",84
"TTTGTCATCTGCTTGC",11
"TTTGTCATCTTGAGGT",37
